/**
 * generated by fontconvert.py
 * name: bokerlam_14_regular
 * size: 14
 * mode: 2-bit  compressed: true
 * Command used: fontconvert.py bokerlam_14_regular 14 ../builtinFonts/source/Bokerlam/Bokerlam-Regular.ttf --2bit --compress --pnum --force-autohint
 */
#pragma once
#include "EpdFontData.h"

static const uint8_t bokerlam_14_regularBitmaps[16226] = {
    0xAD, 0x59, 0xBF, 0x6F, 0x25, 0x57, 0x15, 0x3E, 0x33, 0x43, 0x3C, 0x11, 0x43, 0x32, 0x2E, 0x52,
    0x04, 0x39, 0xD9, 0x49, 0x0B, 0xF2, 0x66, 0x9A, 0x14, 0x89, 0x64, 0xBF, 0x3B, 0x0B, 0x05, 0x45,
    0x8A, 0x6C, 0x93, 0x2A, 0x42, 0x4B, 0x4D, 0x63, 0x0A, 0x17, 0x11, 0xB2, 0xDF, 0x0C, 0x4A, 0x89,
    0x04, 0x2B, 0xF1, 0x07, 0x24, 0x45, 0x0A, 0x04, 0x42, 0xA4, 0xD8, 0xC2, 0x48, 0xCF, 0x9E, 0x11,
    0x94, 0x14, 0x19, 0x10, 0x12, 0x05, 0x05, 0x83, 0x64, 0x04, 0xA2, 0x20, 0x93, 0xCD, 0x48, 0x3B,
    0x5E, 0xCF, 0x7B, 0x97, 0xEF, 0x3B, 0x77, 0x9E, 0xFD, 0xEC, 0xD8, 0xBB, 0x5E, 0xE0, 0x79, 0xEE,
    0x99, 0xF7, 0x66, 0xEE, 0x8F, 0x73, 0xCF, 0x8F, 0xEF, 0x9C, 0x73, 0xFD, 0xDC, 0x74, 0x3E, 0x1F,
    0xDC, 0x67, 0x36, 0xDB, 0xDB, 0xDB, 0x5B, 0x17, 0xD9, 0xB7, 0x76, 0x7F, 0x2F, 0x19, 0xCC, 0xEA,
    0xDF, 0xC7, 0xDF, 0x90, 0x58, 0x76, 0x05, 0xE4, 0x13, 0x91, 0x17, 0xA5, 0x15, 0x79, 0xD5, 0x91,
    0x46, 0x64, 0xD3, 0xAB, 0xE5, 0x9B, 0x47, 0xBF, 0x7C, 0x5C, 0x18, 0x6B, 0x6D, 0x25, 0x6F, 0x06,
    0x95, 0xC8, 0x6E, 0x50, 0x88, 0x7C, 0xA2, 0x24, 0xCC, 0x44, 0xDA, 0x48, 0x04, 0x2F, 0xAD, 0x23,
    0x5E, 0xFD, 0xA2, 0x88, 0x5F, 0x29, 0x79, 0x55, 0x24, 0xA8, 0x36, 0x41, 0x8A, 0x2D, 0x91, 0x30,
    0x03, 0xD1, 0x4F, 0x34, 0xB6, 0x98, 0x2D, 0x13, 0xCF, 0xCE, 0x25, 0xFA, 0x2C, 0xCF, 0x92, 0x38,
    0xAE, 0x5E, 0x8F, 0xC3, 0x6A, 0xF2, 0x62, 0x98, 0xA5, 0x18, 0x9F, 0xFC, 0x04, 0xDD, 0x16, 0x82,
    0xF7, 0x35, 0x7E, 0x0C, 0x60, 0x2D, 0x17, 0x79, 0x21, 0x2E, 0xDE, 0x78, 0x21, 0xAA, 0x0E, 0xD0,
    0x66, 0xF8, 0x3E, 0x7D, 0x35, 0x15, 0xB3, 0x98, 0x4B, 0x68, 0xC1, 0xEB, 0x6D, 0xCC, 0xF7, 0x0A,
    0xDA, 0xE6, 0x4A, 0x7B, 0xC9, 0x2D, 0xF9, 0x32, 0xD8, 0x99, 0x8B, 0x80, 0x83, 0xC4, 0x16, 0x72,
    0x20, 0x62, 0xE2, 0x8A, 0x7B, 0xDC, 0x0F, 0x1B, 0x1F, 0xB3, 0xCF, 0x82, 0x36, 0xC4, 0xC6, 0x86,
    0xA0, 0x25, 0x4F, 0xB8, 0xDD, 0x72, 0xB7, 0x2D, 0xBD, 0x35, 0x0F, 0x92, 0x63, 0x39, 0x0C, 0xEB,
    0x06, 0x8C, 0xE6, 0xF1, 0xEF, 0x7E, 0xDB, 0xE5, 0x92, 0xDA, 0xEF, 0x7C, 0xD0, 0x24, 0x45, 0xD4,
    0xC7, 0x51, 0x8D, 0x99, 0xE4, 0x76, 0x54, 0xF1, 0xB6, 0x15, 0xEB, 0xAD, 0xD5, 0x9B, 0xD7, 0xE0,
    0x61, 0x01, 0x09, 0x84, 0x4D, 0x92, 0x49, 0x94, 0x05, 0x18, 0x27, 0x09, 0xB6, 0x83, 0xAD, 0x6C,
    0x8B, 0xA4, 0x8D, 0xB2, 0x75, 0xFE, 0x89, 0xE6, 0xA4, 0xC6, 0x66, 0x5C, 0x34, 0xC5, 0x34, 0x5E,
    0xC7, 0xC9, 0xFC, 0x96, 0x14, 0x9C, 0x15, 0xA4, 0x89, 0xF0, 0x09, 0x86, 0x8B, 0xD7, 0xEF, 0x92,
    0x0E, 0x1C, 0x14, 0xCE, 0x7D, 0xCC, 0x9A, 0x94, 0xA4, 0x93, 0xA4, 0x40, 0xA7, 0x19, 0xF8, 0x22,
    0xEF, 0x1D, 0xA9, 0xCC, 0x95, 0x9A, 0x0F, 0x45, 0xE6, 0xBA, 0x4C, 0x2E, 0x1E, 0x04, 0x6B, 0x9A,
    0x35, 0xDB, 0x49, 0x64, 0xED, 0x9F, 0xA1, 0xD9, 0xF2, 0x44, 0xF2, 0x6C, 0x6F, 0xB4, 0x96, 0x8F,
    0xC5, 0x27, 0xAB, 0x64, 0xB3, 0xC7, 0x72, 0x02, 0xE1, 0x60, 0x79, 0x3C, 0x48, 0x45, 0x26, 0x90,
    0x1A, 0xE6, 0xE7, 0x84, 0x97, 0xAF, 0x43, 0x91, 0x29, 0xA6, 0xD5, 0x2B, 0x29, 0x04, 0x7C, 0x87,
    0xAD, 0xF8, 0x3D, 0x57, 0x15, 0x93, 0xA9, 0xCE, 0xE5, 0x0D, 0xED, 0x86, 0x5F, 0x78, 0x1B, 0xB8,
    0xB7, 0xC3, 0xEA, 0xB0, 0x4C, 0x47, 0xEA, 0xE0, 0x58, 0x57, 0xE5, 0x95, 0x9D, 0xAF, 0xBD, 0xC7,
    0xFE, 0x5E, 0x27, 0x41, 0x23, 0x51, 0x35, 0xF2, 0xB8, 0xEB, 0x04, 0x78, 0x4B, 0xBE, 0x96, 0x88,
    0x79, 0x45, 0xD2, 0x7F, 0x42, 0xC8, 0xAD, 0xFF, 0xB8, 0x4D, 0x7F, 0xBE, 0xFE, 0xFA, 0xA6, 0x3C,
    0xFF, 0xBA, 0x9A, 0xC6, 0xD6, 0xE5, 0xCB, 0xEA, 0xE7, 0xD2, 0xC3, 0xB0, 0x0E, 0xDB, 0xA0, 0x0D,
    0x9A, 0x10, 0x6A, 0x8D, 0xB3, 0x89, 0xBC, 0xC9, 0x89, 0x61, 0xF9, 0xB8, 0xE8, 0x3A, 0x2A, 0x15,
    0x2E, 0x49, 0x3E, 0x68, 0x47, 0x34, 0x22, 0x1F, 0x9A, 0x0C, 0x60, 0x45, 0x34, 0x21, 0xB0, 0xAA,
    0x76, 0x8D, 0x35, 0x39, 0xA1, 0x76, 0xEB, 0xA0, 0x26, 0x74, 0x0B, 0xD8, 0x0D, 0x5D, 0xA2, 0xC2,
    0x75, 0xBB, 0x3C, 0x93, 0xA4, 0x90, 0xB5, 0xB5, 0x59, 0x74, 0x9C, 0x56, 0x49, 0x11, 0x36, 0x06,
    0xF2, 0x99, 0x60, 0xAB, 0x58, 0xB4, 0xA7, 0xB8, 0x87, 0xAB, 0x1B, 0xDE, 0xB1, 0x8F, 0xDF, 0xB2,
    0x7F, 0x9A, 0xC1, 0xE6, 0x9A, 0x9D, 0x22, 0xB4, 0xD0, 0x6F, 0xD9, 0x8C, 0x62, 0xF1, 0xAD, 0xE4,
    0x16, 0x96, 0xB5, 0x14, 0xF2, 0x8D, 0xAE, 0x2C, 0xB1, 0x73, 0x03, 0x8B, 0xC7, 0x2C, 0x11, 0x6E,
    0xA6, 0x28, 0xE5, 0x48, 0xD2, 0x62, 0x80, 0x5A, 0xD8, 0xF6, 0xA8, 0x18, 0xAA, 0x8B, 0x7A, 0xA1,
    0xFE, 0xA8, 0x46, 0x28, 0x54, 0x22, 0x48, 0x22, 0xCD, 0x54, 0xCB, 0x7E, 0x37, 0xFE, 0xC4, 0xDB,
    0xD2, 0xDA, 0x3A, 0x47, 0x33, 0x84, 0x91, 0x9D, 0x4E, 0xC8, 0x61, 0x5A, 0xE7, 0x99, 0x81, 0xBE,
    0x37, 0xA9, 0x6A, 0x9D, 0x8F, 0x03, 0xE1, 0x25, 0x01, 0xE6, 0x2A, 0x31, 0x98, 0xBB, 0xB8, 0x9B,
    0x53, 0x56, 0x7C, 0xBF, 0xD2, 0xD8, 0xAF, 0x14, 0x79, 0x0F, 0x46, 0x0D, 0xCF, 0x4F, 0xD4, 0x73,
    0x9E, 0xC3, 0x33, 0x83, 0x77, 0x25, 0x1A, 0xD6, 0x08, 0x3E, 0xAB, 0x24, 0xFA, 0x14, 0x26, 0xF2,
    0x4E, 0x25, 0x13, 0x8C, 0x99, 0xC5, 0x15, 0x1D, 0x2A, 0x68, 0xE8, 0x9C, 0x71, 0x95, 0x64, 0x71,
    0x35, 0xC1, 0x5C, 0xE0, 0x67, 0x60, 0xBB, 0x38, 0xFF, 0x79, 0x0B, 0xC0, 0xAF, 0xB6, 0xDA, 0x29,
    0x99, 0x1A, 0xA4, 0xA2, 0x43, 0x2A, 0xDC, 0xDE, 0x87, 0x6C, 0x7A, 0x59, 0xFB, 0xF5, 0x82, 0x3B,
    0xA4, 0x2C, 0x8A, 0x95, 0xB1, 0xA3, 0x7C, 0x20, 0x4C, 0x0F, 0x0C, 0x62, 0xCF, 0x39, 0x90, 0x2C,
    0x3D, 0x21, 0xAF, 0x25, 0x8C, 0x1A, 0x8C, 0xE7, 0x27, 0xB0, 0xD4, 0x4C, 0x42, 0x38, 0x41, 0xDC,
    0xB8, 0xD1, 0xE8, 0x8D, 0x7E, 0xC7, 0x90, 0xD7, 0x02, 0x6E, 0x53, 0x8E, 0xF2, 0x0E, 0x9B, 0x01,
    0xF6, 0x83, 0xD6, 0x1E, 0xE2, 0x3E, 0x45, 0x33, 0xD0, 0x74, 0xD2, 0xA4, 0x59, 0x08, 0xDD, 0x50,
    0x47, 0xA5, 0x1A, 0xA9, 0xAD, 0x3A, 0xC8, 0xB3, 0xC1, 0x2C, 0x19, 0xBD, 0x94, 0x3A, 0xF1, 0x47,
    0xD3, 0x8B, 0x96, 0x22, 0x16, 0xF5, 0xA3, 0xE5, 0x6B, 0x38, 0xB8, 0xEA, 0x89, 0xAA, 0x0B, 0x96,
    0x56, 0x8A, 0xBD, 0x11, 0x16, 0x25, 0x3F, 0x96, 0x00, 0x7C, 0xC4, 0xD0, 0x53, 0x9A, 0x25, 0x95,
    0xA1, 0xBC, 0xD8, 0x32, 0x60, 0x4C, 0x6D, 0x24, 0x3A, 0x81, 0x2B, 0x62, 0x1B, 0x1E, 0x64, 0x10,
    0xFD, 0xD1, 0x62, 0x6A, 0x53, 0xED, 0x63, 0x27, 0xE4, 0x73, 0x6C, 0xCD, 0x11, 0x16, 0x36, 0xF7,
    0xF3, 0x22, 0xC1, 0x3C, 0xDA, 0x77, 0xB4, 0xA7, 0x14, 0xF6, 0x34, 0x95, 0xB4, 0x9A, 0x61, 0xF6,
    0x4B, 0xFB, 0x6B, 0x73, 0x5A, 0x72, 0x13, 0x36, 0x80, 0xA6, 0xDA, 0x2B, 0xED, 0x8A, 0xCE, 0x73,
    0x87, 0x78, 0x51, 0x87, 0x79, 0x6A, 0xC9, 0x17, 0x0E, 0x46, 0x9D, 0x67, 0xEA, 0x87, 0x5F, 0xE1,
    0xBB, 0x6D, 0xDC, 0x52, 0x41, 0xAB, 0x1F, 0xAF, 0x08, 0x5B, 0xFA, 0x76, 0x58, 0x13, 0x96, 0x53,
    0x78, 0x27, 0xC2, 0xA1, 0x3C, 0x8F, 0x76, 0xE4, 0xB0, 0x17, 0x13, 0x86, 0xC4, 0x46, 0x8C, 0x53,
    0x75, 0xD2, 0x55, 0x7B, 0xA7, 0x2B, 0x49, 0x7A, 0xC6, 0x21, 0x75, 0xA6, 0xF1, 0x33, 0xA2, 0xC7,
    0xC5, 0x9F, 0xC4, 0x73, 0x43, 0x33, 0x80, 0x40, 0x7D, 0x4E, 0x42, 0xEE, 0x02, 0x7E, 0xC9, 0x31,
    0xDB, 0x0E, 0xF0, 0x10, 0xDF, 0xF3, 0x46, 0x6F, 0xA6, 0x59, 0x99, 0xED, 0xFB, 0x99, 0x86, 0xB0,
    0x04, 0x76, 0x68, 0xBE, 0x35, 0x07, 0x24, 0xE4, 0xF2, 0x3E, 0x94, 0xB8, 0x8B, 0xB6, 0xAE, 0x26,
    0x61, 0x1C, 0x9F, 0xDC, 0x7C, 0xD8, 0x39, 0x4B, 0xD9, 0x77, 0xCA, 0x5B, 0xC2, 0xCB, 0xD9, 0x3E,
    0x3B, 0xE7, 0x3F, 0x6C, 0xFC, 0x2E, 0xB2, 0x01, 0x73, 0x12, 0x42, 0x0B, 0x43, 0x4B, 0x72, 0x42,
    0x06, 0x68, 0xAC, 0xB0, 0x3A, 0xA2, 0x2F, 0x43, 0x42, 0xA3, 0x2B, 0xC4, 0xD5, 0x1A, 0x7C, 0x12,
    0x9A, 0x46, 0x0C, 0x4A, 0x0A, 0x23, 0xF3, 0x14, 0x7E, 0x32, 0x75, 0xD1, 0x6C, 0x26, 0xEB, 0xBC,
    0xA9, 0x9B, 0xF0, 0xB6, 0x61, 0xF5, 0xB6, 0xB8, 0x07, 0x94, 0x1C, 0x18, 0xA2, 0x52, 0x8D, 0x9E,
    0x70, 0xA9, 0xC1, 0xEF, 0xD3, 0xBF, 0x0D, 0x72, 0xE8, 0xD9, 0x47, 0xB6, 0x85, 0x8A, 0xF3, 0x02,
    0xCB, 0x1A, 0xC7, 0x1B, 0xDD, 0x58, 0x9C, 0xAD, 0xE3, 0x13, 0x40, 0xDA, 0x3E, 0x58, 0xB2, 0x7F,
    0x92, 0x1D, 0x72, 0x66, 0x69, 0xCA, 0x50, 0x2C, 0xBC, 0xEA, 0xFC, 0xE3, 0xEB, 0x90, 0x58, 0x95,
    0x99, 0xE8, 0xB8, 0x89, 0x6E, 0xF6, 0x2D, 0xDD, 0xDA, 0x03, 0x6E, 0x40, 0xDA, 0x19, 0xC7, 0x35,
    0x14, 0x48, 0x50, 0x19, 0xA5, 0xB4, 0xF2, 0x28, 0x4B, 0x14, 0x8D, 0x69, 0x3C, 0x09, 0x61, 0x07,
    0x60, 0xC1, 0x3C, 0x61, 0x4B, 0x0D, 0xFD, 0x40, 0x3D, 0x03, 0x86, 0xD4, 0xAB, 0xF8, 0x06, 0xB5,
    0xFC, 0x43, 0x46, 0x2C, 0x20, 0x4B, 0x4C, 0xF0, 0x81, 0x6F, 0x81, 0x75, 0x38, 0x3F, 0x7E, 0x0C,
    0xA1, 0x86, 0xB8, 0x85, 0xC6, 0xD1, 0x33, 0x32, 0x21, 0xD1, 0x88, 0xD4, 0xD3, 0x04, 0x1A, 0x12,
    0xF6, 0xA3, 0xA9, 0x0C, 0x54, 0x12, 0xBD, 0xF7, 0x22, 0xE1, 0x33, 0x58, 0xF2, 0xE0, 0x95, 0xD4,
    0x48, 0xCF, 0xF0, 0x0B, 0x5D, 0xAE, 0x41, 0x45, 0xB9, 0x1D, 0xFC, 0xB9, 0x37, 0x40, 0x19, 0x9B,
    0xC9, 0x08, 0x04, 0xF4, 0xD3, 0xD9, 0xD8, 0x86, 0x2B, 0xDA, 0xE1, 0x08, 0xBD, 0xB0, 0xB9, 0xAF,
    0x24, 0xB5, 0xDC, 0x0E, 0xE7, 0x1E, 0xE4, 0x6E, 0xA9, 0x9E, 0xFB, 0xE0, 0xFB, 0x3E, 0x99, 0x27,
    0xCB, 0x6B, 0x96, 0x6B, 0x27, 0x2D, 0x77, 0xD9, 0xBB, 0x60, 0xAD, 0xE1, 0x7A, 0xE0, 0x32, 0x4F,
    0x22, 0x13, 0x92, 0xD9, 0x72, 0x84, 0xCF, 0x09, 0x00, 0xE8, 0x60, 0x3E, 0xF3, 0xB9, 0x0C, 0x40,
    0xBC, 0xE0, 0x1A, 0x36, 0xF3, 0xD4, 0xBA, 0xF0, 0x96, 0xC4, 0x77, 0xDC, 0x5D, 0x49, 0x54, 0x40,
    0x4E, 0x4A, 0xD7, 0x75, 0x59, 0x12, 0x8A, 0x2A, 0xAC, 0x68, 0xB7, 0x15, 0x34, 0x61, 0x8B, 0x18,
    0x9A, 0xC0, 0x97, 0x0E, 0xDA, 0xDB, 0x45, 0x5B, 0x3F, 0x83, 0xAC, 0xCB, 0x0D, 0xB0, 0xA1, 0x90,
    0x7D, 0xDD, 0xFB, 0xD6, 0x39, 0x51, 0xCC, 0x85, 0xFC, 0xF2, 0x31, 0xDC, 0x09, 0xBD, 0xBD, 0x05,
    0x10, 0x8E, 0xF9, 0x4A, 0x41, 0x7B, 0x51, 0x98, 0x54, 0xF9, 0xAB, 0x90, 0x55, 0x03, 0x17, 0xB9,
    0xFB, 0xC5, 0x47, 0xDC, 0x08, 0x30, 0x0E, 0x20, 0x76, 0x48, 0xB7, 0xC8, 0x49, 0x0C, 0x33, 0x17,
    0xD8, 0x77, 0x5C, 0x01, 0x4B, 0xEE, 0x55, 0xA2, 0x59, 0x33, 0x1D, 0x10, 0x8B, 0x05, 0x96, 0xCB,
    0x22, 0xF3, 0x0A, 0x9C, 0xBD, 0xDD, 0x84, 0x5A, 0x8A, 0x6A, 0xA4, 0x37, 0x1F, 0xA5, 0x34, 0xD2,
    0xB5, 0x74, 0x5D, 0x78, 0x74, 0x9D, 0xDA, 0xE2, 0x8A, 0x94, 0xED, 0x69, 0xD7, 0x06, 0x23, 0x76,
    0x8D, 0x1C, 0xDB, 0xA5, 0xE0, 0x4F, 0x12, 0xE9, 0xB5, 0x0D, 0x6E, 0x11, 0x36, 0xEA, 0xC3, 0x86,
    0x89, 0xA6, 0x75, 0xF8, 0x18, 0x81, 0xC3, 0x0A, 0xF2, 0xC8, 0x81, 0xC9, 0x48, 0xD7, 0x00, 0xCC,
    0xED, 0x0F, 0x88, 0x20, 0x18, 0x63, 0x44, 0x03, 0x81, 0x04, 0x9F, 0x13, 0xCB, 0x1E, 0x11, 0x43,
    0xE9, 0xBD, 0x8E, 0x9C, 0x72, 0xCA, 0x87, 0xCA, 0x8B, 0x25, 0x31, 0x1C, 0x11, 0xB7, 0x20, 0xC0,
    0x13, 0xAC, 0x67, 0x0B, 0x10, 0x33, 0xC7, 0xCC, 0xF1, 0x02, 0x9B, 0xF7, 0x86, 0x80, 0x28, 0xED,
    0xCF, 0x9F, 0x66, 0x6D, 0xCF, 0x4C, 0xBC, 0x42, 0xE6, 0xEF, 0xBE, 0xC7, 0xE4, 0xC0, 0xD9, 0x67,
    0x46, 0xAF, 0x77, 0xC0, 0x41, 0x57, 0x63, 0xDC, 0x20, 0xC6, 0x9F, 0x56, 0x7A, 0x7B, 0x54, 0xCB,
    0x0F, 0xF1, 0xF0, 0x8B, 0x46, 0x3E, 0x6F, 0xC5, 0x7B, 0xD8, 0x0A, 0xF6, 0xE6, 0x37, 0x9D, 0xD7,
    0xF0, 0xD6, 0x07, 0x55, 0x0F, 0x39, 0xCD, 0xF4, 0x56, 0x6F, 0x87, 0x19, 0x94, 0x56, 0x4F, 0x62,
    0xAA, 0xB2, 0x4E, 0x63, 0x18, 0x5F, 0x50, 0xC5, 0xDF, 0x75, 0xB7, 0x99, 0xDE, 0x80, 0x46, 0xBC,
    0x05, 0x9D, 0xBB, 0xB5, 0x7A, 0x03, 0x8C, 0x1D, 0x68, 0x5E, 0x42, 0x9C, 0x61, 0x5E, 0x6A, 0xC9,
    0x8E, 0x67, 0xD9, 0x1B, 0xDC, 0x30, 0x0E, 0x19, 0x1A, 0x83, 0xD2, 0x8A, 0xF4, 0x11, 0x33, 0x85,
    0xE0, 0x61, 0x47, 0xDA, 0x0E, 0x4A, 0xA7, 0x4A, 0x53, 0xA5, 0x8C, 0xF6, 0xD0, 0x8B, 0x66, 0xA2,
    0x2E, 0xBF, 0x94, 0x41, 0xE9, 0xBE, 0xD2, 0x54, 0x69, 0x5C, 0x92, 0x86, 0x56, 0xB3, 0x79, 0xB5,
    0x70, 0xB1, 0xEA, 0x5A, 0x66, 0x09, 0xE1, 0x6B, 0x04, 0xC6, 0x1C, 0x40, 0xE4, 0x2F, 0xBC, 0xB2,
    0x02, 0xBE, 0xC5, 0x2D, 0x00, 0x2E, 0xE8, 0x99, 0x18, 0x0D, 0x04, 0xED, 0x43, 0x7A, 0xD7, 0x94,
    0x62, 0x9D, 0x90, 0x98, 0x33, 0xA2, 0x3F, 0x27, 0x74, 0xC0, 0xFD, 0x23, 0x6E, 0x8B, 0x23, 0xFA,
    0x74, 0x54, 0x78, 0x5C, 0x07, 0x98, 0x2F, 0x73, 0x60, 0x02, 0xC0, 0x43, 0x46, 0x75, 0x42, 0x38,
    0xAD, 0x51, 0x25, 0xC1, 0x9C, 0xFC, 0x9E, 0xEC, 0x5E, 0x6C, 0x1E, 0x9E, 0xF1, 0x2F, 0x25, 0x3E,
    0x64, 0x01, 0xDC, 0xF2, 0x49, 0xF8, 0x40, 0x83, 0x77, 0xCC, 0x2B, 0xF7, 0xB0, 0x21, 0xB0, 0x4F,
    0x53, 0xE6, 0xE2, 0xDC, 0x80, 0xA6, 0x76, 0x1A, 0x05, 0x10, 0x44, 0x1D, 0x16, 0x2B, 0xC3, 0x4A,
    0xCD, 0x0A, 0x9D, 0x8C, 0xF4, 0x50, 0xE1, 0x44, 0xB7, 0xA2, 0x63, 0x7B, 0x51, 0xEB, 0xD5, 0x09,
    0x91, 0x7D, 0x2C, 0xEE, 0x30, 0x87, 0xD4, 0xFD, 0xE8, 0x86, 0xB8, 0x70, 0xA6, 0x81, 0x4F, 0x83,
    0x9D, 0xCF, 0x48, 0x41, 0x5E, 0xF8, 0x2C, 0x54, 0x2A, 0x5F, 0x67, 0x82, 0x76, 0x29, 0x48, 0x1D,
    0x5D, 0x0C, 0x52, 0x4A, 0xA6, 0x23, 0xE6, 0x0F, 0x1B, 0x9D, 0xD6, 0x33, 0x20, 0xF3, 0x51, 0xA2,
    0x32, 0x30, 0xDC, 0x0C, 0x0C, 0xB1, 0x83, 0x22, 0x87, 0xA7, 0xB3, 0x94, 0x3A, 0x16, 0x32, 0x96,
    0xB8, 0x87, 0x76, 0x35, 0x55, 0xE0, 0xEA, 0x27, 0x5C, 0xAC, 0x88, 0xEB, 0xB4, 0x40, 0xB1, 0x81,
    0x2C, 0xC1, 0x73, 0xF9, 0x09, 0xB3, 0x1E, 0xCC, 0x10, 0xF7, 0xF4, 0xD3, 0xC2, 0xA5, 0xEF, 0xB1,
    0x56, 0xEF, 0x7C, 0x73, 0x96, 0x4E, 0xEF, 0x6A, 0xE9, 0x90, 0x66, 0xF9, 0x9D, 0x12, 0x68, 0x80,
    0xD4, 0x19, 0xDB, 0x44, 0x6C, 0xB6, 0x6D, 0x4A, 0xB2, 0x8D, 0x25, 0xDB, 0x4D, 0x90, 0xE6, 0xFF,
    0xE9, 0xAB, 0xEA, 0xFB, 0x94, 0x97, 0x7A, 0x83, 0x46, 0xF8, 0xC5, 0x33, 0xA3, 0xE9, 0xD3, 0xA9,
    0xA6, 0x53, 0x4C, 0xA5, 0xE7, 0x2E, 0x89, 0xF8, 0x3B, 0x33, 0xC8, 0x54, 0x73, 0x44, 0x9F, 0x19,
    0x18, 0x31, 0x01, 0xD5, 0xDD, 0xCA, 0xEA, 0x94, 0x69, 0x27, 0x2E, 0xB0, 0x8E, 0x09, 0xC8, 0xBE,
    0x26, 0xDF, 0x46, 0xB3, 0xF5, 0x74, 0x2C, 0x21, 0xB4, 0xA6, 0x2C, 0x34, 0xA3, 0xA9, 0x68, 0x6B,
    0x61, 0xCD, 0xCA, 0x12, 0x70, 0xA1, 0x67, 0x01, 0xBD, 0xE6, 0x7C, 0x9A, 0x13, 0x3D, 0x56, 0x5A,
    0x6A, 0xAE, 0x64, 0x34, 0x6F, 0x32, 0x6A, 0x31, 0xCC, 0x9C, 0x09, 0x08, 0x00, 0x22, 0x84, 0x26,
    0x88, 0xBF, 0x46, 0x05, 0x33, 0x63, 0x8C, 0xAA, 0xC0, 0x6C, 0x5C, 0x45, 0x15, 0x03, 0x45, 0x11,
    0x55, 0x44, 0x8C, 0x22, 0x04, 0xA4, 0xB9, 0xDB, 0xA7, 0x58, 0x3C, 0xAC, 0xC2, 0x9F, 0x66, 0xBC,
    0xC5, 0x6F, 0x83, 0x85, 0xA0, 0x8E, 0x43, 0x82, 0x42, 0x9D, 0x04, 0x60, 0x25, 0x68, 0x6E, 0x07,
    0x35, 0x4B, 0xCF, 0x2D, 0x32, 0xE3, 0xB5, 0x5B, 0xCA, 0x4D, 0x7F, 0xE0, 0x11, 0xB7, 0x67, 0x9D,
    0x3C, 0xC2, 0x9A, 0xD3, 0x56, 0x4E, 0x6B, 0xCD, 0x76, 0x29, 0x0E, 0x24, 0x29, 0xB9, 0x2B, 0x91,
    0x8C, 0x46, 0x00, 0xA8, 0xC3, 0x1F, 0x78, 0x8D, 0x32, 0x71, 0x1B, 0x4F, 0x2A, 0xDD, 0x72, 0xC3,
    0xCD, 0x06, 0x2E, 0xB9, 0x9B, 0xEB, 0xD6, 0xEC, 0xEA, 0xD6, 0x94, 0x6A, 0x8D, 0xEB, 0x3D, 0xA2,
    0x7F, 0x04, 0x7F, 0x18, 0x54, 0x44, 0x74, 0xAF, 0x44, 0x8D, 0x72, 0x5B, 0x13, 0xCE, 0x81, 0xF9,
    0xAD, 0xD7, 0x2A, 0x4A, 0xB5, 0x4C, 0x3A, 0xA1, 0x08, 0xEC, 0x10, 0xAC, 0xE0, 0x3B, 0x03, 0x47,
    0xCF, 0x57, 0x10, 0x3B, 0xDC, 0x91, 0xAB, 0xCF, 0xB5, 0x3A, 0x37, 0x9A, 0x01, 0xA4, 0x19, 0x2B,
    0xF4, 0xB8, 0x3A, 0x50, 0xB1, 0x93, 0x87, 0xE0, 0xA1, 0xAE, 0x78, 0x5A, 0x8D, 0x65, 0x9C, 0x2C,
    0x81, 0xEE, 0x26, 0x54, 0xBD, 0xD9, 0x1B, 0x33, 0xD1, 0x0E, 0xAD, 0x47, 0x2E, 0xDA, 0xBD, 0xA6,
    0x09, 0x38, 0x59, 0xA5, 0x17, 0x1D, 0x8D, 0xA5, 0x34, 0x43, 0x64, 0xE3, 0xDC, 0xE6, 0xFA, 0xC7,
    0x2F, 0xE3, 0xF1, 0x0C, 0x9E, 0xD3, 0x97, 0x0A, 0x00, 0x90, 0x50, 0x63, 0x9B, 0x41, 0x9E, 0xF5,
    0x8F, 0xA3, 0x0E, 0xC6, 0xA3, 0x88, 0x6D, 0x71, 0x47, 0x13, 0x14, 0x02, 0x8F, 0x2A, 0x58, 0xF0,
    0xD2, 0x32, 0xB5, 0xC6, 0xE8, 0xC6, 0x54, 0x68, 0x6B, 0x3C, 0xE2, 0x18, 0x8F, 0xF0, 0xB4, 0x22,
    0xD6, 0xAA, 0xB1, 0x71, 0x47, 0x22, 0x72, 0x71, 0x36, 0xDB, 0xDA, 0x36, 0x78, 0xE6, 0x3F, 0x8E,
    0x92, 0xAF, 0x8A, 0x9E, 0x25, 0xA9, 0xBA, 0x59, 0x9A, 0xFD, 0x06, 0xB3, 0xB7, 0xF0, 0xE3, 0xF6,
    0x00, 0x0B, 0xEE, 0x81, 0xBB, 0x6D, 0x70, 0x99, 0x80, 0x89, 0x18, 0xEB, 0x44, 0xC5, 0x04, 0xAC,
    0x6C, 0x29, 0x2B, 0x5A, 0x93, 0x0D, 0x6C, 0xEB, 0xA8, 0xA5, 0x50, 0x4A, 0x03, 0x85, 0x80, 0xDD,
    0xED, 0xF2, 0xA4, 0xAD, 0xB4, 0xEF, 0x20, 0x20, 0x85, 0x8A, 0x07, 0x96, 0xF0, 0x9B, 0x3B, 0xB3,
    0xC4, 0x62, 0x86, 0xA9, 0xBB, 0xA1, 0xDB, 0x2C, 0xBF, 0x91, 0x24, 0x7C, 0x0B, 0xFF, 0xB1, 0x28,
    0x0B, 0x23, 0xCB, 0xEC, 0xDD, 0xF0, 0x24, 0xC3, 0xB8, 0x62, 0x46, 0x6B, 0xA8, 0x44, 0x2D, 0xE4,
    0x7A, 0x02, 0xD7, 0x0C, 0xFE, 0xA1, 0x09, 0xDD, 0x9D, 0x85, 0x8B, 0x1F, 0x0C, 0xA3, 0x19, 0x23,
    0x00, 0xB3, 0x96, 0xB8, 0x3A, 0x23, 0xC5, 0x92, 0x24, 0x7C, 0x9B, 0x6A, 0xD0, 0x95, 0xE0, 0x64,
    0xAD, 0x27, 0xFA, 0x62, 0xA9, 0x1D, 0x16, 0x95, 0x3B, 0x9D, 0x2B, 0xCF, 0x1B, 0x96, 0xE7, 0xF1,
    0x59, 0xB5, 0x70, 0x55, 0xA5, 0x70, 0xB4, 0xC4, 0xE8, 0xE3, 0x88, 0x31, 0x32, 0xE3, 0x79, 0x9F,
    0x4B, 0xCB, 0x24, 0x7A, 0x12, 0xD3, 0x3B, 0xA7, 0x8C, 0xEA, 0xD0, 0x43, 0xDC, 0x61, 0x73, 0x29,
    0x39, 0x9A, 0x88, 0xCB, 0x37, 0x5A, 0x87, 0x7B, 0x57, 0x11, 0x16, 0xF1, 0x90, 0x27, 0x24, 0x6B,
    0xEA, 0x1D, 0x8C, 0xB5, 0x8F, 0xE7, 0x30, 0xFB, 0x1F, 0xB9, 0x33, 0x29, 0x9E, 0x58, 0x24, 0xA8,
    0xFE, 0x27, 0xD8, 0x39, 0x4F, 0x91, 0x08, 0x44, 0x76, 0x3C, 0xBD, 0xB8, 0x9A, 0xE5, 0xB5, 0xEA,
    0x9C, 0xE5, 0x0D, 0x20, 0x4C, 0x89, 0x54, 0x02, 0xD9, 0x43, 0xD0, 0xBC, 0xA0, 0x86, 0x17, 0x9D,
    0x1F, 0xD8, 0xA0, 0x0C, 0xA9, 0x91, 0x8B, 0xD5, 0xD7, 0x1C, 0xE6, 0xDC, 0xB0, 0x15, 0xB2, 0x8E,
    0xCA, 0xF1, 0x01, 0x00, 0x60, 0x81, 0x88, 0x9D, 0xF7, 0xEE, 0x6C, 0x49, 0x76, 0x9A, 0xBB, 0xBE,
    0x5D, 0xB4, 0x71, 0x93, 0xB4, 0xD4, 0xD9, 0x44, 0xB1, 0xE9, 0xEC, 0xA4, 0xE3, 0x42, 0x3B, 0xD4,
    0x2C, 0x36, 0x42, 0xA2, 0x91, 0xB7, 0xB1, 0x3D, 0x45, 0x82, 0xFB, 0xB3, 0xB3, 0x6C, 0x78, 0x1D,
    0x48, 0xF2, 0xA6, 0xB0, 0xB2, 0x46, 0xA5, 0xFD, 0x2F, 0xA8, 0x8F, 0x9E, 0xFB, 0xEE, 0xB2, 0xDC,
    0x25, 0x9C, 0x47, 0x4F, 0x89, 0x69, 0x4C, 0x9F, 0x17, 0xCC, 0x48, 0x6C, 0x0D, 0x44, 0x59, 0xD0,
    0x64, 0xBF, 0x5C, 0x68, 0x3E, 0x85, 0x20, 0xAE, 0xA7, 0x0D, 0xAC, 0x3F, 0x6F, 0xE1, 0x1D, 0x63,
    0xBA, 0xFF, 0x60, 0xE5, 0x14, 0x61, 0xD0, 0x03, 0x84, 0x1B, 0x5C, 0x01, 0xEB, 0xE4, 0x82, 0x68,
    0x60, 0x1C, 0x26, 0xAC, 0x7C, 0x4A, 0x02, 0x2D, 0x33, 0x09, 0xF3, 0x2C, 0xD7, 0x84, 0x49, 0x92,
    0xAF, 0xF5, 0x2A, 0x82, 0xC5, 0x4B, 0xA2, 0xE1, 0xD4, 0xF9, 0x56, 0x78, 0xBD, 0xAD, 0x12, 0xCF,
    0xDB, 0x12, 0xFE, 0xF1, 0xC5, 0xF1, 0x1E, 0x99, 0xDA, 0xE3, 0x06, 0xA8, 0x0B, 0x82, 0x7E, 0x0B,
    0x39, 0xB9, 0xCA, 0xE1, 0x0B, 0x3D, 0xEB, 0x9A, 0xAB, 0x37, 0x92, 0xA4, 0xAB, 0xE5, 0x03, 0x4A,
    0x26, 0x9B, 0x25, 0x2C, 0xD0, 0x6F, 0xC1, 0xCD, 0xCD, 0x4D, 0xFE, 0xFA, 0x74, 0x88, 0xFA, 0xB0,
    0x29, 0x9B, 0xA8, 0x97, 0x04, 0xBE, 0x8D, 0xF2, 0x06, 0xDE, 0x6D, 0x8F, 0xF3, 0x02, 0xFE, 0x9D,
    0xA3, 0xA4, 0x64, 0x35, 0xE2, 0x9C, 0xFA, 0x7F, 0xB9, 0xB1, 0x50, 0xCA, 0x92, 0x1A, 0x79, 0xB5,
    0xAD, 0x4C, 0x1B, 0xD6, 0x40, 0x92, 0xF8, 0x2F, 0x96, 0x68, 0x70, 0x67, 0x4E, 0x24, 0x99, 0x8A,
    0x76, 0x7C, 0x26, 0x82, 0x39, 0xCB, 0x22, 0x1E, 0x18, 0x8F, 0x76, 0x14, 0x57, 0xB2, 0xB8, 0xD9,
    0xE1, 0xB1, 0x5E, 0x0B, 0xA8, 0xE9, 0x10, 0xD0, 0x7B, 0x1E, 0x2F, 0xAF, 0x1E, 0x35, 0xF3, 0xE4,
    0xFD, 0x88, 0x47, 0xCD, 0x59, 0xD0, 0xA4, 0x4D, 0x02, 0xB7, 0xA4, 0x4B, 0x1F, 0x3B, 0x65, 0x07,
    0xCA, 0xD4, 0x97, 0xE0, 0x2D, 0xB9, 0x0A, 0xDE, 0xAA, 0x0B, 0xF0, 0xA6, 0xFD, 0xA6, 0x84, 0xB7,
    0xC1, 0xC1, 0x5B, 0x70, 0xCA, 0x9C, 0xF6, 0x3A, 0x5D, 0x33, 0x37, 0x77, 0xC5, 0x3B, 0x5C, 0x52,
    0xCF, 0x38, 0x30, 0x59, 0xB3, 0x31, 0x22, 0xE9, 0xCD, 0xE1, 0x09, 0xC0, 0x47, 0xFF, 0x14, 0x3A,
    0x28, 0x90, 0xE3, 0x83, 0x27, 0x82, 0x37, 0x13, 0xDB, 0x71, 0x51, 0xC0, 0x66, 0x2E, 0xC9, 0x43,
    0xD8, 0xFD, 0x29, 0x94, 0xBD, 0x58, 0xE3, 0x56, 0x6F, 0x54, 0x09, 0x6B, 0x51, 0x31, 0xE7, 0x11,
    0xD7, 0x71, 0x64, 0xE7, 0x69, 0x71, 0x68, 0xE4, 0x65, 0xA3, 0x49, 0x5A, 0xC2, 0x83, 0x20, 0xD4,
    0xC6, 0xBD, 0x1E, 0x41, 0x02, 0xF9, 0xCC, 0xFB, 0x32, 0xCD, 0xEF, 0x0C, 0xB9, 0xED, 0x36, 0xE0,
    0x5C, 0x77, 0x99, 0x21, 0x06, 0xCB, 0x6B, 0xC7, 0x76, 0x96, 0xF1, 0x54, 0x9E, 0x74, 0x9D, 0xDC,
    0xE5, 0xFF, 0xCD, 0xF2, 0x22, 0xA4, 0x58, 0x60, 0xDF, 0xE5, 0x7F, 0x61, 0x20, 0xAC, 0xA6, 0xC5,
    0x5B, 0xBC, 0x67, 0x19, 0x4B, 0x3F, 0xAC, 0x24, 0xED, 0x93, 0x7A, 0xA3, 0x90, 0x0E, 0x71, 0x6F,
    0x48, 0x1B, 0x94, 0x1B, 0xAD, 0xF4, 0x48, 0x78, 0x7B, 0xE9, 0xBD, 0x4E, 0x06, 0xB0, 0xB8, 0x8F,
    0x44, 0x61, 0x82, 0xE0, 0x9B, 0x02, 0x96, 0x13, 0xE4, 0x05, 0xF1, 0x3D, 0x80, 0x19, 0x20, 0x34,
    0x1C, 0xCE, 0x8E, 0x02, 0x34, 0x8D, 0x88, 0x6A, 0x70, 0xB4, 0x89, 0x98, 0x8E, 0x19, 0xB6, 0x60,
    0x0D, 0x78, 0x78, 0xE4, 0x6E, 0xCC, 0x3C, 0x3D, 0xC0, 0x25, 0x41, 0xB8, 0xF3, 0xFF, 0x5A, 0x00,
    0x87, 0xFB, 0xE0, 0xF7, 0x55, 0xC2, 0xE2, 0xE6, 0x83, 0x3A, 0xE5, 0x3F, 0xB6, 0xBE, 0xCD, 0xBC,
    0x70, 0x3F, 0xF6, 0x61, 0xA5, 0x62, 0x6E, 0x49, 0x87, 0xB9, 0x93, 0x5F, 0xC9, 0x89, 0x3B, 0xD0,
    0xE1, 0xD9, 0x66, 0xA8, 0x65, 0x15, 0x53, 0x25, 0x93, 0x8D, 0xA8, 0xDA, 0x20, 0x74, 0xC5, 0x5C,
    0x04, 0x39, 0xDE, 0x1E, 0xE1, 0x85, 0xB9, 0x26, 0xB3, 0x84, 0xE4, 0xC7, 0xC8, 0x2D, 0xA2, 0x7F,
    0x8B, 0x3B, 0x2F, 0x75, 0xFF, 0x4E, 0x0B, 0x99, 0xB2, 0xC7, 0xF7, 0xF0, 0x62, 0x12, 0xB9, 0x7F,
    0x0E, 0x92, 0x6B, 0x1E, 0x52, 0x83, 0xBD, 0x44, 0x13, 0xD9, 0x75, 0xFE, 0x67, 0x11, 0x73, 0x41,
    0xF3, 0xA1, 0xA6, 0x8F, 0xC4, 0xCB, 0x9A, 0xE9, 0x3B, 0x03, 0xD2, 0x64, 0x3C, 0x68, 0x67, 0x1A,
    0x95, 0x64, 0x9A, 0x27, 0xF1, 0x3F, 0xA0, 0x78, 0xB7, 0xA7, 0x7E, 0xD2, 0x69, 0xE2, 0x4E, 0x41,
    0x78, 0x0F, 0x35, 0x53, 0x71, 0xD9, 0x64, 0xBE, 0x92, 0x4D, 0x3A, 0x20, 0xDD, 0x56, 0xFA, 0xBE,
    0x02, 0xB2, 0x26, 0xC0, 0xE4, 0x07, 0x35, 0x13, 0x3B, 0xC6, 0x7A, 0xA2, 0xE1, 0xDD, 0xD5, 0xFA,
    0xD0, 0xF2, 0x88, 0xC7, 0x16, 0x6F, 0x61, 0xF4, 0x6B, 0x7A, 0xE8, 0xDF, 0x8D, 0x67, 0x2E, 0xE7,
    0xD9, 0xA3, 0xB7, 0xF2, 0xFF, 0x19, 0x04, 0x8C, 0x8C, 0xA9, 0x36, 0xB2, 0xC6, 0x22, 0xB7, 0xAE,
    0x92, 0x54, 0xAC, 0x66, 0x71, 0x5E, 0x9D, 0x5F, 0x88, 0xAC, 0x61, 0x4D, 0xAD, 0xF1, 0x6A, 0xF9,
    0x16, 0x99, 0x50, 0xA9, 0xF5, 0x5C, 0xA4, 0x4F, 0xDC, 0x2B, 0xF4, 0x89, 0xAA, 0x0B, 0x03, 0xB1,
    0x36, 0x0F, 0x1A, 0xF2, 0xAC, 0xBD, 0xF6, 0xF3, 0x11, 0xAB, 0x21, 0xDB, 0x04, 0x9D, 0xD7, 0xEB,
    0xF9, 0x29, 0x6C, 0xC8, 0xEF, 0x5C, 0xE2, 0x07, 0xEE, 0xE7, 0xD8, 0xC9, 0xFC, 0xFC, 0x37, 0xFA,
    0xB0, 0xD7, 0x80, 0x02, 0xBE, 0xCB, 0x9B, 0x69, 0x16, 0xD5, 0x7E, 0x66, 0xFA, 0xA0, 0x3A, 0xC8,
    0xDF, 0x2E, 0x5A, 0x24, 0x63, 0xDF, 0x43, 0x87, 0xFF, 0x00, 0xCD, 0x5A, 0x3B, 0x8F, 0xDC, 0xD6,
    0x15, 0x3E, 0x1C, 0xCA, 0x4B, 0xDB, 0x84, 0x45, 0x15, 0x42, 0x6C, 0x78, 0x61, 0xD1, 0x45, 0x8A,
    0x20, 0xB0, 0x45, 0x17, 0x2A, 0x54, 0xCC, 0x0C, 0x29, 0xE7, 0x07, 0x48, 0x85, 0x8D, 0x14, 0x69,
    0x5C, 0xB8, 0x4A, 0x8A, 0x4D, 0xB1, 0x09, 0x04, 0x64, 0x67, 0x87, 0x8E, 0x81, 0xB4, 0xD9, 0x7F,
    0x60, 0x17, 0x29, 0x12, 0x37, 0x56, 0xB1, 0x85, 0x80, 0xCC, 0x2E, 0x99, 0xA8, 0x70, 0x91, 0xC2,
    0x34, 0x0C, 0x23, 0x45, 0x8A, 0x10, 0xCE, 0x1A, 0x41, 0x90, 0x42, 0xD7, 0x16, 0x03, 0x53, 0x10,
    0x67, 0x6E, 0xBE, 0xEF, 0xDC, 0x79, 0xEC, 0x4B, 0x96, 0xAD, 0xC8, 0x56, 0xA8, 0xB9, 0xE7, 0x2E,
    0x5F, 0xF7, 0x9E, 0xFB, 0xDD, 0xF3, 0xA6, 0x46, 0x76, 0xB6, 0x25, 0x72, 0xA6, 0xDF, 0x1F, 0x0C,
    0x86, 0x7A, 0xA4, 0xE3, 0xF1, 0xFE, 0x7E, 0x2B, 0x3C, 0x7A, 0xD5, 0xBC, 0x95, 0xAB, 0xB6, 0xFE,
    0x2F, 0xF1, 0xAC, 0x2D, 0x83, 0x2F, 0xFF, 0x5E, 0x47, 0x6F, 0xDF, 0xAA, 0x13, 0xFF, 0xCF, 0xE5,
    0xD0, 0x2F, 0x65, 0xE0, 0xE7, 0xB2, 0x35, 0x6F, 0x23, 0xB4, 0x21, 0x5A, 0x8A, 0x96, 0xBC, 0x9D,
    0x4B, 0xF4, 0xE5, 0x6F, 0x8C, 0x6F, 0x6D, 0x25, 0xE3, 0x59, 0x26, 0x41, 0x2E, 0x12, 0x64, 0x47,
    0x5B, 0x88, 0xF6, 0x04, 0x27, 0xDC, 0xD8, 0x11, 0xDF, 0xB6, 0x12, 0x56, 0x13, 0x89, 0x64, 0x20,
    0x17, 0xA5, 0x0F, 0x7A, 0x0E, 0x4D, 0x64, 0xCB, 0xB5, 0xC4, 0xDA, 0x0C, 0x4D, 0x84, 0x1C, 0x36,
    0x68, 0x46, 0xC4, 0x43, 0xF3, 0x6B, 0x91, 0x67, 0x3F, 0x79, 0xFD, 0xB5, 0xB1, 0xB5, 0x6D, 0xFA,
    0xBE, 0x6D, 0x9E, 0x13, 0x2F, 0xE3, 0x88, 0x97, 0x44, 0x9E, 0x19, 0xAC, 0xB7, 0xA3, 0xC8, 0x5A,
    0xE3, 0x9B, 0xA8, 0xF4, 0x4B, 0xBF, 0x0A, 0xCA, 0x5E, 0x1D, 0xE4, 0x68, 0x65, 0xAF, 0xF2, 0x79,
    0xC5, 0x84, 0x25, 0xEF, 0x0F, 0x92, 0x66, 0x84, 0xE7, 0x5F, 0xE0, 0x7B, 0x3F, 0xFC, 0x83, 0xFC,
    0xF4, 0xDD, 0xF1, 0x4C, 0x0A, 0x13, 0x1A, 0x89, 0x32, 0xDF, 0x48, 0x2C, 0x5E, 0x0B, 0x7E, 0x64,
    0x4F, 0x6E, 0x8A, 0xA4, 0x98, 0xD7, 0xDB, 0x78, 0xF5, 0x33, 0xE9, 0xD9, 0x0F, 0x66, 0x22, 0x3F,
    0xBE, 0xFD, 0x1A, 0xD0, 0xC1, 0x1F, 0x62, 0xED, 0x54, 0xA4, 0xB0, 0x1D, 0xFE, 0x9C, 0xC8, 0x09,
    0x12, 0x02, 0x04, 0x49, 0xAD, 0x11, 0xB3, 0x3A, 0x14, 0xE9, 0xC3, 0xE7, 0x1B, 0x55, 0xCF, 0xB6,
    0xE1, 0x47, 0x5D, 0x2C, 0x5B, 0xA9, 0x5C, 0x1A, 0x63, 0xCC, 0x5C, 0xEE, 0x18, 0xF9, 0x7C, 0x2A,
    0x26, 0xCD, 0x77, 0x43, 0x33, 0xF2, 0xBA, 0x34, 0x1B, 0x44, 0xF5, 0x05, 0x7F, 0x1A, 0x49, 0x71,
    0x55, 0xA2, 0x0F, 0x01, 0xDA, 0x39, 0x99, 0x36, 0xD2, 0x75, 0xD2, 0xCE, 0x02, 0x93, 0xDA, 0x3C,
    0xBC, 0x2B, 0xA3, 0xA0, 0xB2, 0x91, 0xC1, 0x0F, 0x7F, 0x80, 0xCD, 0x03, 0xE1, 0xCC, 0x00, 0xCE,
    0x9B, 0x65, 0x1B, 0x95, 0x04, 0xB5, 0xF4, 0x1A, 0x2C, 0x8C, 0xA0, 0x5E, 0x94, 0xA2, 0x4A, 0xA4,
    0xEF, 0xDB, 0x3A, 0x92, 0xCD, 0x28, 0x07, 0x36, 0x37, 0x2E, 0x48, 0xED, 0x97, 0xE6, 0x25, 0xE0,
    0x5A, 0x9A, 0xFE, 0x09, 0x7A, 0x91, 0x74, 0x37, 0xCE, 0xCF, 0x05, 0xF9, 0x56, 0x68, 0x4D, 0x24,
    0x43, 0xCF, 0x56, 0x17, 0x25, 0xD6, 0xD1, 0x42, 0x1D, 0xB9, 0xA7, 0xB3, 0xC8, 0x98, 0x33, 0xCA,
    0x1A, 0x67, 0x07, 0x8E, 0xC3, 0x4E, 0x76, 0xFB, 0xF2, 0xF3, 0xBE, 0x78, 0x23, 0x49, 0xA6, 0xD2,
    0x0E, 0xA4, 0x19, 0xC8, 0xBE, 0xDD, 0x49, 0xAE, 0xE6, 0x8A, 0x02, 0x80, 0x2B, 0xB1, 0xBF, 0x72,
    0x29, 0xC8, 0x3C, 0x13, 0x43, 0x0C, 0xF6, 0x24, 0x79, 0xB5, 0x91, 0x7D, 0x0C, 0xD9, 0x45, 0xA5,
    0xF6, 0x3C, 0xA7, 0x78, 0xF0, 0xBE, 0x5C, 0x0E, 0xF4, 0x3D, 0x8B, 0x49, 0xAC, 0x4E, 0x14, 0x1D,
    0x6B, 0x4F, 0xBB, 0xDB, 0x18, 0xB4, 0x94, 0x8D, 0x46, 0xFC, 0x83, 0x8D, 0x2C, 0x12, 0xBF, 0xEA,
    0x17, 0xB5, 0xD9, 0xEC, 0x5F, 0xDF, 0xBC, 0xD1, 0xEF, 0xF7, 0xCD, 0xA0, 0xE9, 0x9B, 0xB4, 0xEA,
    0x1B, 0xFD, 0x77, 0xBD, 0xBF, 0x5B, 0x5C, 0xD8, 0xEC, 0xBF, 0x2E, 0xE6, 0x02, 0x24, 0x3F, 0xAC,
    0xB0, 0xA4, 0xC2, 0xE9, 0x82, 0x72, 0x57, 0x51, 0xF2, 0x5B, 0x08, 0xA1, 0x8C, 0xE2, 0xBC, 0x09,
    0x4A, 0xE3, 0xF3, 0x87, 0x3F, 0xF6, 0xE2, 0x2C, 0x9D, 0x49, 0x08, 0x81, 0xEC, 0x1F, 0xFF, 0x59,
    0x3D, 0x8E, 0x5F, 0x5F, 0x1C, 0xEE, 0x6E, 0x30, 0xC5, 0xDE, 0x64, 0x7B, 0x51, 0xD9, 0x06, 0xE5,
    0x66, 0x58, 0x72, 0x5F, 0x52, 0x4A, 0x0C, 0xC4, 0x0E, 0xEB, 0x1E, 0xF2, 0xB1, 0x0A, 0xD8, 0xAC,
    0xB7, 0xE0, 0x41, 0xDA, 0x38, 0xBB, 0x86, 0x07, 0x2E, 0x4A, 0xAF, 0x95, 0x78, 0x2A, 0x67, 0x12,
    0xE1, 0xF3, 0x71, 0xE6, 0x15, 0x02, 0xDD, 0x29, 0x76, 0x30, 0xAA, 0x57, 0x41, 0xA6, 0xEB, 0x38,
    0x1F, 0xCA, 0xE5, 0xC5, 0x44, 0x13, 0xC1, 0xB8, 0x1D, 0x87, 0xFB, 0x5A, 0x24, 0x9E, 0x13, 0x30,
    0x56, 0x8A, 0x95, 0x71, 0x25, 0xF6, 0x93, 0x2F, 0x9B, 0xEC, 0x9E, 0xFD, 0xD4, 0x96, 0x4D, 0x91,
    0xED, 0xAB, 0xEE, 0xA9, 0x12, 0x3A, 0xD2, 0x1D, 0x25, 0x3B, 0x73, 0xC0, 0xEA, 0x50, 0xF5, 0xB5,
    0x8F, 0xE5, 0xF5, 0x71, 0x4A, 0x34, 0x8E, 0xB6, 0xF1, 0xFC, 0x5E, 0x8C, 0x16, 0xA0, 0x49, 0xF4,
    0xA0, 0x86, 0x15, 0x45, 0x2F, 0xBA, 0xED, 0x7D, 0xC6, 0x2D, 0x6D, 0x64, 0xED, 0x48, 0x36, 0x05,
    0xE8, 0xA4, 0x8D, 0x1A, 0x85, 0xD3, 0x7E, 0x6B, 0xB3, 0x2C, 0xB5, 0xE5, 0xDA, 0x4C, 0xE2, 0xF7,
    0xCB, 0x2D, 0xBF, 0xBA, 0xD9, 0x33, 0x8D, 0x37, 0xFF, 0x4D, 0x7A, 0xF5, 0x76, 0x50, 0xC6, 0x56,
    0xBC, 0xDF, 0x71, 0xB8, 0xE7, 0xDF, 0xCB, 0xB1, 0x19, 0xBB, 0xA1, 0xC0, 0xA8, 0x55, 0x12, 0xBF,
    0xD5, 0x42, 0x59, 0xB6, 0x01, 0x76, 0x92, 0x53, 0x0A, 0xD9, 0xF3, 0x9C, 0xD7, 0x79, 0x7F, 0x33,
    0xC8, 0xE4, 0xF0, 0xE1, 0xE5, 0xCE, 0x50, 0xC1, 0x26, 0x4A, 0x0C, 0x2C, 0x28, 0xA2, 0x69, 0xE7,
    0xF8, 0x25, 0x36, 0x17, 0xE6, 0x7D, 0x7F, 0xDE, 0x6F, 0xCE, 0x7B, 0xE3, 0x7A, 0xAF, 0x92, 0x77,
    0xD9, 0xFB, 0x65, 0xCF, 0xB0, 0x0F, 0x24, 0xD0, 0xFE, 0xAC, 0x44, 0xB0, 0x38, 0x53, 0x79, 0x49,
    0x06, 0x06, 0xF2, 0x57, 0x5E, 0x96, 0x9B, 0x06, 0x9C, 0x66, 0x37, 0x3C, 0xB5, 0x20, 0x5E, 0xED,
    0x57, 0xEC, 0xFD, 0x32, 0xCA, 0xD9, 0x07, 0x39, 0x0C, 0x5A, 0xCE, 0x59, 0x5D, 0x7F, 0xD1, 0x59,
    0x4A, 0x9D, 0x95, 0xFD, 0xCD, 0x79, 0x7F, 0x43, 0x8E, 0x1F, 0x1E, 0xC9, 0x79, 0xC7, 0xFF, 0x1A,
    0xF8, 0x0A, 0x0F, 0xF1, 0xFF, 0x3D, 0xF4, 0x2F, 0x1F, 0xE3, 0x7F, 0xF7, 0x28, 0xFF, 0xBD, 0x32,
    0xAE, 0x95, 0xFF, 0x9C, 0x36, 0xB0, 0x93, 0xB0, 0x67, 0xF6, 0x95, 0x7F, 0xBF, 0x4A, 0xD9, 0xF7,
    0xFD, 0x72, 0x88, 0xCD, 0x2E, 0xB1, 0xEC, 0x91, 0xFC, 0xF0, 0xBD, 0xDC, 0x38, 0x81, 0xC1, 0xB2,
    0xFD, 0x46, 0xF9, 0x97, 0xA8, 0x12, 0xF5, 0x08, 0x69, 0xE6, 0x94, 0x78, 0xCA, 0x81, 0x5F, 0x76,
    0xB7, 0x01, 0x6C, 0x40, 0x03, 0x81, 0xFD, 0xF4, 0xD5, 0x96, 0x99, 0x39, 0xD7, 0xD7, 0x8E, 0x2F,
    0xA3, 0x97, 0xC9, 0x3A, 0xDE, 0x0C, 0x4A, 0x48, 0x58, 0x46, 0xFD, 0x68, 0x21, 0xCC, 0xC0, 0xFE,
    0x8D, 0x28, 0x57, 0xD6, 0xA1, 0x34, 0xD7, 0x85, 0xC6, 0x9C, 0x8C, 0xC7, 0x2D, 0x19, 0x90, 0xB3,
    0x05, 0xE7, 0x7F, 0x43, 0xA2, 0x3C, 0xCC, 0x54, 0xF3, 0xCE, 0xD2, 0x68, 0x25, 0xF9, 0x4B, 0xC0,
    0xDE, 0xB3, 0x50, 0xA5, 0x81, 0xC1, 0xA2, 0x6E, 0x00, 0xF9, 0x62, 0xC7, 0xAB, 0x15, 0x78, 0xBA,
    0x0F, 0xA3, 0x70, 0x67, 0x86, 0xDC, 0xC6, 0xE4, 0xEA, 0x65, 0x82, 0xBE, 0xC4, 0x7A, 0x57, 0x3B,
    0xE5, 0xD4, 0xE8, 0x34, 0xAB, 0x63, 0x04, 0xC5, 0xD6, 0xDF, 0xE8, 0xD0, 0xC5, 0xB3, 0xBA, 0x6A,
    0xA8, 0xB3, 0xCD, 0x62, 0x4B, 0xAB, 0x52, 0x64, 0x54, 0x31, 0xA3, 0x72, 0x7C, 0x53, 0x9F, 0x4D,
    0xF2, 0x9D, 0x08, 0xEE, 0x0C, 0x7E, 0x64, 0x3C, 0x37, 0x9C, 0x30, 0x6A, 0x4A, 0x55, 0x17, 0x3D,
    0xAB, 0x22, 0x99, 0xE8, 0x25, 0x6F, 0xE7, 0x38, 0x34, 0xA1, 0xD2, 0x44, 0xDF, 0x84, 0x72, 0xE3,
    0xF8, 0x95, 0x3E, 0x79, 0xA7, 0x26, 0xFD, 0x94, 0x8C, 0xF6, 0x3E, 0x72, 0x9B, 0xD1, 0xAA, 0x28,
    0x4D, 0x74, 0x23, 0x46, 0x4A, 0x61, 0x8B, 0x20, 0x4C, 0x89, 0x73, 0x26, 0x99, 0x1A, 0xF8, 0x92,
    0x9C, 0xC1, 0xB8, 0x80, 0x45, 0x7A, 0x1A, 0x43, 0xAB, 0xE5, 0xEB, 0x1F, 0x40, 0x1F, 0x3E, 0x13,
    0x1B, 0xEA, 0x75, 0x92, 0xD4, 0xCE, 0x41, 0xCA, 0x19, 0x9D, 0x7E, 0xA0, 0xBC, 0xE9, 0xDE, 0x86,
    0x6A, 0x31, 0x52, 0xE5, 0xF3, 0xFB, 0x27, 0xE4, 0xD1, 0x99, 0xF8, 0xA8, 0x5C, 0xAD, 0x28, 0x55,
    0x3E, 0x7F, 0xA9, 0x5B, 0x6F, 0x54, 0x2A, 0xEA, 0x56, 0x83, 0x95, 0x89, 0xF2, 0x3C, 0xD2, 0x97,
    0x52, 0xBE, 0x94, 0x25, 0xCA, 0x33, 0xFD, 0x52, 0xA2, 0x7C, 0xA6, 0x4A, 0xB7, 0xC8, 0x27, 0x45,
    0xC8, 0x90, 0xE7, 0x9E, 0xFE, 0xC0, 0x27, 0x21, 0xEC, 0xE8, 0xBE, 0x20, 0x72, 0x54, 0x36, 0xF5,
    0x5C, 0xCA, 0x43, 0xAC, 0xB3, 0x8F, 0x9D, 0xC9, 0x23, 0xB7, 0x7E, 0x9D, 0xEA, 0x2C, 0x4F, 0x9F,
    0xE0, 0x36, 0x7B, 0x30, 0xB6, 0x95, 0xC3, 0xB6, 0x3B, 0x84, 0xED, 0x40, 0x69, 0xAA, 0x82, 0x3E,
    0xC7, 0x36, 0x3F, 0x84, 0x6D, 0x45, 0x3E, 0x11, 0xE1, 0xF4, 0xEA, 0x05, 0xB6, 0x0D, 0xB1, 0x85,
    0x58, 0x00, 0x17, 0x80, 0x48, 0x6C, 0xED, 0x92, 0x87, 0xEE, 0x29, 0x8E, 0x6F, 0xAF, 0x92, 0x7E,
    0xC0, 0xCB, 0xDE, 0x5B, 0x9D, 0x9C, 0x7A, 0xDC, 0x0F, 0xDB, 0x5F, 0xDC, 0x0F, 0xDB, 0xC1, 0x12,
    0xDB, 0xF0, 0xFE, 0xD8, 0xD6, 0x14, 0xD3, 0xE3, 0xD8, 0xAA, 0x51, 0x08, 0x0E, 0x63, 0x1B, 0x54,
    0x2A, 0x51, 0xC6, 0x2E, 0xA9, 0xBB, 0x72, 0xCA, 0xE1, 0x24, 0x56, 0x0D, 0xC2, 0x5C, 0xE2, 0xFF,
    0xA8, 0x3C, 0xDF, 0x21, 0xCF, 0xDE, 0x3F, 0xD4, 0xF0, 0xFD, 0xC9, 0x99, 0xBF, 0x46, 0x79, 0xEB,
    0x94, 0x37, 0xF2, 0x1C, 0xAB, 0xC4, 0x0E, 0x14, 0x5B, 0x27, 0xB1, 0x85, 0x62, 0xDB, 0x28, 0x74,
    0x2A, 0xB1, 0xFE, 0x02, 0x55, 0x50, 0x88, 0xB1, 0xA7, 0xB7, 0x7A, 0x2A, 0xB1, 0x3E, 0x25, 0x36,
    0x76, 0xC8, 0x28, 0x1A, 0xBB, 0x1A, 0xCA, 0x99, 0xFE, 0x8A, 0xB6, 0xD7, 0x95, 0x2B, 0xB3, 0x92,
    0x93, 0x6F, 0x53, 0x6E, 0x6B, 0x6E, 0xFA, 0xA9, 0xD8, 0x1E, 0x95, 0x5B, 0x18, 0x20, 0x86, 0x9A,
    0x6B, 0xAE, 0xF3, 0x6E, 0x97, 0x0C, 0xE3, 0xFD, 0x0F, 0x4B, 0xDA, 0x9F, 0xE0, 0xB7, 0xDA, 0x45,
    0x8E, 0xB7, 0x8B, 0xAE, 0xEB, 0xBB, 0x6E, 0x57, 0x3B, 0xCF, 0xA8, 0x01, 0xF3, 0x2B, 0xED, 0x82,
    0x52, 0x2F, 0x46, 0xCA, 0x03, 0x2D, 0x5C, 0xA9, 0x88, 0xEA, 0xC5, 0x09, 0xBB, 0x4D, 0x87, 0xE6,
    0x6E, 0x4F, 0xA3, 0x95, 0x06, 0x90, 0x46, 0x9F, 0xBC, 0x6E, 0x10, 0xE0, 0x01, 0x6A, 0x53, 0x4C,
    0x7B, 0x60, 0xA2, 0x76, 0xE1, 0x38, 0x59, 0x15, 0xBF, 0x5B, 0xDA, 0x28, 0x07, 0xED, 0x61, 0x07,
    0x0A, 0xB3, 0x6E, 0x61, 0xFA, 0xB8, 0x53, 0x1D, 0xB5, 0x09, 0x1E, 0xE5, 0x44, 0x70, 0xB1, 0x22,
    0x96, 0x4E, 0xC6, 0x3A, 0x4F, 0x23, 0x5F, 0x4D, 0x72, 0x8E, 0x57, 0x92, 0x97, 0x12, 0x2E, 0x84,
    0x22, 0x40, 0x2F, 0xE7, 0xC2, 0x72, 0xE5, 0x28, 0x6E, 0x16, 0xD2, 0xF5, 0xA6, 0x3C, 0x1E, 0x86,
    0x94, 0x9F, 0x31, 0xD1, 0xE0, 0xA6, 0xF9, 0x77, 0xE8, 0x51, 0xCA, 0x09, 0x43, 0x86, 0x1F, 0xDC,
    0x8F, 0xA1, 0xF0, 0xDB, 0x64, 0x48, 0xF5, 0x51, 0x55, 0x53, 0xC9, 0x29, 0xEA, 0xF9, 0x50, 0xBC,
    0xB4, 0x0F, 0xC1, 0xCB, 0x79, 0xA6, 0x5C, 0x92, 0x56, 0xEA, 0xAA, 0x8B, 0x85, 0x5D, 0xA6, 0x62,
    0x54, 0x89, 0xE5, 0xC3, 0xDF, 0xF4, 0xB7, 0x6E, 0xAB, 0x94, 0x28, 0x67, 0x54, 0x7C, 0xE8, 0xA7,
    0x2D, 0xFD, 0xBB, 0x0C, 0x1A, 0x1E, 0xC9, 0xB0, 0x47, 0x52, 0x2F, 0x59, 0x8D, 0x99, 0x3E, 0xD4,
    0x98, 0x88, 0x96, 0x52, 0x85, 0xE1, 0x60, 0x0E, 0x38, 0x2E, 0x7A, 0x85, 0x33, 0xA8, 0x0E, 0xCB,
    0xA9, 0xD2, 0xB1, 0xD2, 0x84, 0xBB, 0x20, 0xB1, 0x4E, 0x14, 0x39, 0x8A, 0xE4, 0xD6, 0x2C, 0xE8,
    0xA1, 0xEB, 0xB1, 0x3E, 0x99, 0xE8, 0x5B, 0xC3, 0xD5, 0x74, 0x0C, 0xB4, 0x3A, 0x24, 0xA1, 0x70,
    0x29, 0x76, 0xC6, 0x94, 0xD5, 0xD2, 0x33, 0x3F, 0xA9, 0xD6, 0x8C, 0xDA, 0x11, 0xD3, 0x80, 0x85,
    0xD3, 0xA5, 0xAC, 0x7A, 0x47, 0x24, 0x62, 0x0D, 0xAA, 0x0E, 0xC7, 0x35, 0x83, 0xB3, 0xF7, 0x8A,
    0x12, 0x46, 0x29, 0x32, 0xE0, 0xC5, 0x6F, 0xB1, 0x7B, 0x5E, 0x47, 0xF9, 0xD9, 0xA3, 0xC2, 0x6D,
    0x73, 0x9F, 0x87, 0x24, 0xE9, 0x92, 0xE8, 0xE9, 0x70, 0x8F, 0x61, 0xD1, 0x3E, 0x85, 0x80, 0x6F,
    0xB4, 0x49, 0x09, 0x6B, 0x07, 0xA3, 0x16, 0x55, 0x3E, 0xC6, 0xCB, 0x9C, 0x08, 0xAD, 0x2B, 0x47,
    0x72, 0x4E, 0xE6, 0x01, 0x60, 0x44, 0x32, 0xAE, 0x99, 0xDA, 0x9E, 0x0C, 0x78, 0xBE, 0x3B, 0x86,
    0x9E, 0xD3, 0x94, 0x87, 0x16, 0x9D, 0x16, 0x32, 0xF8, 0x98, 0x81, 0x65, 0xD6, 0xD2, 0xA5, 0x5F,
    0x7E, 0x4C, 0x08, 0xA9, 0x03, 0xDA, 0xA1, 0xEF, 0x02, 0x2F, 0x7D, 0xFA, 0xA8, 0xE7, 0xA2, 0xF2,
    0x84, 0x77, 0xFD, 0xCE, 0x18, 0x8A, 0xAF, 0x40, 0xB4, 0xD2, 0x5B, 0xDD, 0x9C, 0xE8, 0xE9, 0xE3,
    0xE2, 0x85, 0xA1, 0xE6, 0x93, 0x03, 0x19, 0xC4, 0x59, 0x13, 0x7C, 0x5C, 0x7B, 0x50, 0xCC, 0x6D,
    0x46, 0xE2, 0xFE, 0xBF, 0xCB, 0xF0, 0xD7, 0x26, 0x91, 0x49, 0x9F, 0x89, 0xCE, 0x19, 0xD8, 0x9A,
    0xBB, 0xB0, 0x45, 0xF0, 0x79, 0xB7, 0x2A, 0xC4, 0xE1, 0x1B, 0x36, 0x43, 0xCE, 0xED, 0x4F, 0xB5,
    0x7A, 0x32, 0xA3, 0xB3, 0x0B, 0x2C, 0x95, 0x22, 0x1E, 0xD3, 0x63, 0x8F, 0x62, 0x78, 0x6F, 0xAF,
    0x89, 0x40, 0x83, 0x2A, 0x2A, 0x53, 0xEC, 0x3E, 0xE9, 0x08, 0x4F, 0xA4, 0x0C, 0x2A, 0xF2, 0x14,
    0xD6, 0x20, 0xCE, 0x92, 0x77, 0x32, 0x28, 0x1D, 0x12, 0x77, 0x28, 0x5D, 0xA4, 0xBA, 0x16, 0xAA,
    0xD2, 0xC5, 0x76, 0x07, 0x76, 0x68, 0x4B, 0x2B, 0x26, 0xAF, 0x68, 0xC5, 0x64, 0x71, 0xBC, 0x28,
    0xCB, 0x22, 0x12, 0x93, 0x81, 0x65, 0x28, 0xB1, 0xE6, 0x2A, 0x13, 0xE7, 0x8F, 0x42, 0x88, 0x31,
    0x11, 0x02, 0x30, 0x6B, 0x9C, 0x69, 0xA4, 0xD0, 0x3D, 0x52, 0xDA, 0xB2, 0xEA, 0x80, 0xF0, 0x13,
    0x36, 0x87, 0x53, 0x14, 0x9F, 0x15, 0xA5, 0x06, 0x29, 0x2A, 0xF6, 0x07, 0xAB, 0x0C, 0x12, 0x81,
    0xD7, 0x92, 0x5D, 0x8D, 0xA2, 0x24, 0x52, 0x9E, 0x9F, 0x92, 0xFF, 0x2B, 0x6E, 0x3D, 0x46, 0x2B,
    0xF0, 0xFF, 0x34, 0x21, 0x8E, 0xBA, 0x2B, 0x27, 0x8E, 0xC7, 0x8E, 0xEA, 0xF9, 0x95, 0x10, 0x68,
    0xB8, 0xE2, 0xE2, 0x95, 0x79, 0x38, 0xFC, 0xE6, 0x31, 0x6E, 0x11, 0x57, 0xF9, 0x1A, 0x0C, 0xFA,
    0xED, 0x3C, 0xB6, 0x45, 0x9C, 0xC8, 0x14, 0x6D, 0xAA, 0x25, 0xBF, 0x54, 0x93, 0x8C, 0x24, 0xD3,
    0xB4, 0xA3, 0xBC, 0xA9, 0xA1, 0xB7, 0x86, 0xCF, 0x5F, 0x70, 0x8F, 0xBC, 0x7B, 0x6A, 0x23, 0x0A,
    0x97, 0xC4, 0xC8, 0xD7, 0xA5, 0xCE, 0x19, 0xB8, 0x68, 0x15, 0xC3, 0x24, 0xB3, 0xEC, 0x98, 0xF3,
    0xDF, 0x59, 0x38, 0x7F, 0x46, 0xA8, 0x1D, 0xC3, 0xF9, 0xCE, 0xF9, 0xA9, 0x43, 0xA5, 0x27, 0x9E,
    0xAA, 0x5F, 0xA2, 0x33, 0x5B, 0xD3, 0x70, 0x01, 0x8C, 0x59, 0x8E, 0xB5, 0x1C, 0x2A, 0xE4, 0x48,
    0x3A, 0x07, 0xA6, 0xDB, 0x61, 0x60, 0x8A, 0x41, 0xD3, 0x2B, 0xEA, 0x04, 0xB7, 0x19, 0xBE, 0xA7,
    0x0C, 0x8C, 0x87, 0x5C, 0xF8, 0x08, 0xA4, 0xC7, 0x44, 0x2F, 0xA4, 0x21, 0x80, 0x48, 0xFA, 0x26,
    0x5D, 0x92, 0x84, 0x11, 0x7F, 0xC4, 0xBB, 0xC0, 0x0A, 0x0F, 0x17, 0x4C, 0xFA, 0x93, 0x5C, 0x33,
    0x7F, 0xDF, 0x40, 0x77, 0xFD, 0x2F, 0x10, 0xF9, 0x06, 0x5F, 0x34, 0x49, 0x36, 0xFE, 0x1C, 0x26,
    0xA9, 0xA8, 0x37, 0x16, 0x4A, 0xE9, 0x13, 0x1B, 0x46, 0xDC, 0x12, 0x70, 0x17, 0x3C, 0xE5, 0x6D,
    0xBC, 0x4A, 0x55, 0x96, 0x89, 0xCB, 0x54, 0xAB, 0x60, 0x57, 0x61, 0x2D, 0x02, 0x95, 0x1E, 0xCB,
    0x6C, 0x78, 0xCC, 0xC5, 0xA6, 0x5C, 0x7B, 0xCA, 0x54, 0x31, 0xA5, 0xCF, 0x5E, 0xFC, 0x45, 0x12,
    0xF3, 0x2E, 0xD4, 0xC5, 0x4A, 0xD8, 0x86, 0x96, 0x7E, 0x38, 0x65, 0xF9, 0xD2, 0x29, 0xBD, 0xCC,
    0x0B, 0xD4, 0x0A, 0xFA, 0xFE, 0x02, 0x13, 0xDF, 0x2C, 0xB8, 0xFA, 0x16, 0x27, 0xFF, 0xFD, 0x22,
    0x65, 0xF7, 0x29, 0x98, 0xE1, 0x87, 0xAC, 0x70, 0xFD, 0x08, 0xCA, 0x32, 0xA0, 0x17, 0x3E, 0xBF,
    0x0C, 0xE3, 0x1F, 0xF5, 0xBC, 0xC9, 0x15, 0x8C, 0x6C, 0x3F, 0xC6, 0x6C, 0xFF, 0xA1, 0x74, 0xBD,
    0x9B, 0x9E, 0xD4, 0xCE, 0xA4, 0x81, 0xA9, 0xB6, 0xB3, 0x3E, 0x02, 0xA2, 0x18, 0x52, 0x54, 0x31,
    0x7B, 0xA3, 0x14, 0x69, 0xC9, 0x69, 0xE8, 0x04, 0x03, 0x64, 0x8F, 0x64, 0x7F, 0x79, 0xAA, 0x01,
    0x53, 0x9A, 0xE3, 0xE1, 0xB8, 0xC6, 0x6B, 0xA1, 0xED, 0x60, 0xAE, 0x8A, 0xAA, 0x28, 0xBD, 0x06,
    0x32, 0xE8, 0x77, 0x60, 0x40, 0x89, 0x9E, 0x9E, 0x0A, 0xEC, 0x74, 0xB9, 0xC0, 0xF2, 0xE8, 0x02,
    0xB3, 0xA3, 0x64, 0xB5, 0xC0, 0xEA, 0x94, 0x05, 0x6A, 0x16, 0xA4, 0xF9, 0xE5, 0xCD, 0xC9, 0x22,
    0xAF, 0x54, 0xA2, 0xB9, 0xA5, 0xA6, 0x96, 0x49, 0x75, 0x72, 0xA9, 0xD3, 0x75, 0x2C, 0xB5, 0xE6,
    0x52, 0xCB, 0x85, 0x3A, 0xA5, 0xCB, 0x65, 0x29, 0x29, 0x0E, 0xAD, 0x92, 0xA4, 0xE4, 0x52, 0x9B,
    0xA3, 0x4B, 0x2D, 0x72, 0x18, 0x92, 0xC8, 0x36, 0x10, 0xF0, 0xF1, 0x95, 0x99, 0x19, 0x67, 0x7B,
    0x32, 0x2E, 0xE3, 0x7C, 0x82, 0x01, 0xA3, 0xF2, 0x0C, 0x59, 0xA6, 0x46, 0xFF, 0x8C, 0x05, 0x74,
    0x06, 0xE2, 0xA1, 0x2D, 0x5E, 0xC3, 0xB9, 0xE6, 0xA9, 0x13, 0x15, 0x42, 0x85, 0x5A, 0x47, 0x07,
    0x28, 0xAF, 0xDA, 0xE6, 0x89, 0x2C, 0xB5, 0xB7, 0x10, 0xA5, 0x86, 0x77, 0x65, 0xE3, 0xAE, 0x26,
    0x77, 0x1E, 0x64, 0x87, 0xC6, 0x4D, 0xD5, 0x84, 0x5A, 0x02, 0x8C, 0xB4, 0xBE, 0xB8, 0x2C, 0xAC,
    0xD7, 0x70, 0xA4, 0x53, 0x5C, 0x2E, 0xB0, 0x59, 0x49, 0xB6, 0x05, 0x3B, 0xC0, 0xC4, 0xD2, 0x6A,
    0xE5, 0xDE, 0x6A, 0xA5, 0x64, 0xD1, 0xF6, 0xE7, 0x85, 0x80, 0xE4, 0x60, 0xAD, 0x64, 0x6D, 0x59,
    0xE0, 0xA0, 0xDD, 0xC1, 0x20, 0x6B, 0xEA, 0x26, 0xF1, 0x8D, 0xCB, 0xBC, 0xCF, 0xCA, 0xA3, 0x9B,
    0xE3, 0x69, 0xF0, 0xCC, 0xD2, 0x26, 0xF7, 0x69, 0xD2, 0x21, 0xF0, 0x1C, 0x32, 0x3F, 0x9E, 0x7F,
    0x65, 0xFA, 0xDF, 0xC7, 0x47, 0x72, 0xA5, 0x19, 0x83, 0x5D, 0x65, 0x59, 0x45, 0x15, 0xD8, 0x36,
    0x7E, 0x6B, 0x3A, 0x90, 0xED, 0x2D, 0x49, 0x27, 0x2C, 0x02, 0xF0, 0x58, 0x66, 0x06, 0x7B, 0x0A,
    0x66, 0x52, 0xAF, 0x87, 0x16, 0xC1, 0xCD, 0x81, 0xA7, 0x55, 0x53, 0x2C, 0x3B, 0x34, 0xF4, 0x26,
    0x74, 0x15, 0x2F, 0x2C, 0x8A, 0xA1, 0xAD, 0x04, 0x9D, 0x22, 0xF3, 0xA0, 0x1F, 0xE4, 0x39, 0xD4,
    0xDC, 0x58, 0x2B, 0xB2, 0x86, 0x36, 0x0E, 0x9B, 0x35, 0x94, 0x65, 0x08, 0xFB, 0x4D, 0x87, 0x42,
    0x90, 0x87, 0x60, 0x0F, 0xBF, 0x65, 0xB4, 0xF7, 0x30, 0xCC, 0xF0, 0x73, 0x8C, 0x86, 0x7E, 0x49,
    0xED, 0x8A, 0x06, 0x7B, 0x70, 0xC7, 0xF5, 0x16, 0xA4, 0x2B, 0x71, 0x69, 0xC9, 0xF8, 0xAF, 0xA5,
    0x6F, 0xEF, 0xD5, 0x51, 0x95, 0xC0, 0xB6, 0x07, 0xCD, 0x08, 0xB3, 0x4C, 0xE0, 0xF3, 0x38, 0xCC,
    0xBC, 0xB5, 0xAE, 0x79, 0xCD, 0x3E, 0xBC, 0x43, 0x9A, 0x05, 0x75, 0x52, 0x27, 0x40, 0x1F, 0xA1,
    0x49, 0x71, 0xE0, 0xA4, 0xD4, 0x28, 0x6F, 0xCE, 0xC2, 0x8D, 0xE7, 0xB5, 0x9B, 0xDE, 0x21, 0x29,
    0xDD, 0x68, 0x99, 0x7E, 0x65, 0x51, 0xBD, 0x51, 0xA5, 0x00, 0x19, 0xBE, 0xA5, 0x99, 0xCF, 0x71,
    0x6C, 0x9E, 0xC5, 0x1C, 0x3E, 0xE6, 0x88, 0x57, 0x73, 0xE8, 0xD1, 0x77, 0x45, 0xE7, 0x85, 0x94,
    0xD2, 0x27, 0x47, 0xF2, 0xE8, 0xE6, 0x58, 0x3B, 0x2A, 0xA5, 0xD2, 0x40, 0x4A, 0x6B, 0x4A, 0xE9,
    0x99, 0x47, 0x33, 0x7E, 0xF7, 0x94, 0x56, 0x16, 0x59, 0x57, 0xEC, 0x1D, 0xAF, 0x2A, 0x2E, 0xC6,
    0x3E, 0xC0, 0xD8, 0x59, 0x68, 0xB6, 0x31, 0xF6, 0xDE, 0x29, 0x63, 0x03, 0xDE, 0xA6, 0xE0, 0xD8,
    0x39, 0xC6, 0x3E, 0x58, 0x8D, 0x1D, 0x54, 0x88, 0x97, 0x4D, 0x5A, 0xB2, 0xF1, 0xEF, 0x53, 0xC7,
    0x7D, 0x18, 0x9E, 0x4F, 0x54, 0xD9, 0xE7, 0x5F, 0xE4, 0xEE, 0x53, 0x83, 0x5F, 0x9F, 0x05, 0x7C,
    0xE4, 0x76, 0xE6, 0x37, 0xEB, 0x08, 0x97, 0xD4, 0x66, 0x66, 0xC1, 0x94, 0x31, 0xFB, 0x3E, 0x0C,
    0xDE, 0x56, 0x2A, 0xA9, 0x07, 0x21, 0x4B, 0x03, 0xC4, 0xF6, 0x29, 0xCB, 0x8B, 0x50, 0xCD, 0x91,
    0x24, 0x86, 0xB5, 0xB0, 0x0A, 0x61, 0x56, 0xDC, 0x42, 0x01, 0xB7, 0x59, 0x25, 0xBB, 0x94, 0xDC,
    0x3D, 0xF2, 0x55, 0x25, 0x5C, 0x56, 0x04, 0x35, 0x16, 0x76, 0x5F, 0x34, 0x26, 0x4B, 0x8F, 0xBE,
    0xAC, 0x1C, 0x22, 0x0A, 0x01, 0x12, 0xB0, 0xDE, 0x90, 0x90, 0xF4, 0x1B, 0x92, 0x06, 0x4B, 0xF1,
    0x66, 0x3F, 0xE1, 0x92, 0xEC, 0x3B, 0xA5, 0x24, 0x6D, 0xBC, 0xF0, 0x1C, 0x2A, 0xCA, 0x2C, 0x20,
    0x3A, 0x16, 0x68, 0xB4, 0xDD, 0x9A, 0x77, 0x1F, 0xD9, 0xE4, 0xE6, 0x94, 0xC9, 0xBF, 0x32, 0xE9,
    0x7B, 0xB4, 0xB3, 0xE9, 0x97, 0x23, 0x2E, 0xAB, 0x57, 0xBB, 0xB1, 0xC5, 0x7D, 0x4C, 0xD2, 0xA5,
    0xEA, 0x07, 0x87, 0x57, 0x16, 0x13, 0xE3, 0xCA, 0xB5, 0x40, 0xB3, 0x4B, 0x90, 0x32, 0xE0, 0x27,
    0x7E, 0x04, 0x8E, 0x31, 0x23, 0xF1, 0x21, 0xF7, 0xA4, 0xCF, 0x17, 0xE6, 0xDF, 0xF9, 0x25, 0xA6,
    0x69, 0x88, 0x18, 0xE9, 0x84, 0xB7, 0x98, 0xD9, 0xFF, 0x85, 0xEE, 0xEB, 0xB6, 0xCC, 0xEB, 0x0D,
    0x2E, 0x30, 0xD5, 0x6D, 0x6C, 0x16, 0x15, 0x89, 0x60, 0x81, 0xF0, 0xFA, 0x6C, 0xE1, 0xDA, 0x9F,
    0x20, 0x13, 0xEB, 0xBC, 0xC9, 0x88, 0x56, 0x9E, 0x35, 0xCB, 0xA8, 0xED, 0x38, 0x29, 0x60, 0x79,
    0xFF, 0x69, 0x29, 0xF4, 0x57, 0x66, 0x0C, 0xE0, 0x75, 0xA9, 0x89, 0x7E, 0x91, 0x5A, 0x04, 0xA7,
    0x73, 0x92, 0x2F, 0x48, 0x9C, 0x2D, 0x20, 0x81, 0xD6, 0xDD, 0x45, 0xDC, 0xEC, 0xB3, 0xE4, 0xEA,
    0xDF, 0x43, 0xDC, 0xEC, 0xDF, 0x6F, 0x22, 0x16, 0xB8, 0x10, 0xC5, 0x68, 0x49, 0xE7, 0x01, 0x89,
    0xB9, 0x77, 0x8D, 0x13, 0xD5, 0x4C, 0xA4, 0x4B, 0xF7, 0xBF, 0x06, 0x5A, 0x62, 0x35, 0x21, 0xA8,
    0x23, 0x62, 0x35, 0x24, 0x56, 0x09, 0xB1, 0x8A, 0xAE, 0xD0, 0xAA, 0xBD, 0xCD, 0x32, 0x33, 0xB1,
    0xF2, 0xFF, 0x86, 0x65, 0xF7, 0x88, 0x95, 0xCC, 0x96, 0x30, 0x5D, 0x5F, 0x4A, 0x5D, 0x2D, 0xF3,
    0x40, 0x80, 0xEA, 0xFE, 0xFC, 0x51, 0xAC, 0xFE, 0x0B, 0xCD, 0x57, 0x3D, 0x8F, 0xDC, 0x54, 0x14,
    0xBD, 0xB6, 0xA3, 0x18, 0xE4, 0xC2, 0x29, 0x22, 0x51, 0xAC, 0x14, 0xFF, 0x81, 0xAC, 0x4C, 0x89,
    0x44, 0x76, 0x9F, 0xC3, 0x1F, 0x20, 0x4D, 0x94, 0x82, 0x22, 0x3F, 0x61, 0xD2, 0xD0, 0x65, 0xD6,
    0xEE, 0x28, 0x68, 0x16, 0xF1, 0x03, 0xA0, 0xA6, 0x42, 0x54, 0x29, 0x76, 0x63, 0x77, 0xB4, 0x46,
    0x14, 0xB4, 0x46, 0x5A, 0x1A, 0x2A, 0x27, 0x58, 0xC2, 0x21, 0x1E, 0x5F, 0xCE, 0xB9, 0x9E, 0x99,
    0x9D, 0x4D, 0x66, 0x92, 0x0D, 0x24, 0x82, 0x91, 0xDF, 0x99, 0x99, 0xF7, 0xFC, 0x3E, 0xEE, 0xB9,
    0x9F, 0x4F, 0x02, 0x55, 0x11, 0x09, 0x75, 0x94, 0x57, 0x7C, 0xC2, 0x8C, 0x98, 0x54, 0x44, 0x67,
    0xF8, 0x71, 0x43, 0xFC, 0xA1, 0x25, 0x3E, 0xE9, 0x00, 0x5E, 0xDD, 0x03, 0x83, 0xEA, 0x84, 0xAF,
    0x17, 0x73, 0x60, 0x94, 0x1D, 0x02, 0x63, 0x49, 0x81, 0x37, 0x24, 0xC1, 0x12, 0x4E, 0xB5, 0x10,
    0xC9, 0x55, 0xB1, 0xC4, 0x23, 0x09, 0x6B, 0x91, 0x56, 0x82, 0x56, 0xBC, 0x56, 0x7C, 0xFC, 0x68,
    0xC4, 0xEB, 0x24, 0xC4, 0xD0, 0x20, 0x31, 0x86, 0x16, 0x92, 0x60, 0x08, 0x87, 0xE3, 0x24, 0x4F,
    0x35, 0x7B, 0xE9, 0x54, 0xD1, 0x02, 0x50, 0xEA, 0xA7, 0xE2, 0x8F, 0xA1, 0x4A, 0xD8, 0x8A, 0x72,
    0x62, 0x2E, 0x71, 0x25, 0x4E, 0x92, 0x02, 0x90, 0x1A, 0x64, 0xEB, 0x5F, 0x84, 0x84, 0xA3, 0x71,
    0x83, 0x97, 0xA3, 0x3E, 0x52, 0xF1, 0x55, 0x21, 0xD1, 0xAC, 0x73, 0x14, 0xC8, 0x33, 0x11, 0x42,
    0x62, 0x97, 0xF0, 0xBF, 0x0E, 0xDC, 0x68, 0xD6, 0xEC, 0xA0, 0xA5, 0x20, 0xC6, 0x46, 0x48, 0x5A,
    0x1B, 0x39, 0xF6, 0xE6, 0xE7, 0x46, 0xCB, 0xF7, 0xA4, 0x45, 0x5A, 0xD2, 0xE2, 0xD7, 0x27, 0xB6,
    0xF2, 0x81, 0x4D, 0x72, 0x46, 0x4E, 0x6A, 0xE4, 0x90, 0x96, 0xD4, 0x08, 0x71, 0x86, 0x0F, 0x8D,
    0x96, 0x47, 0xA4, 0x45, 0x3A, 0xD2, 0x02, 0x72, 0xBC, 0x9E, 0xE4, 0x80, 0x16, 0x88, 0x08, 0x5A,
    0xE2, 0xCE, 0x68, 0xB9, 0x22, 0xD7, 0x44, 0x6E, 0xC9, 0x03, 0xCC, 0xFC, 0x04, 0xFD, 0x09, 0x67,
    0xFB, 0x17, 0xB5, 0x18, 0x3D, 0x33, 0x82, 0xEE, 0xBF, 0x35, 0x82, 0xA8, 0x56, 0x5D, 0xB6, 0xF9,
    0x45, 0x2E, 0xAE, 0xEA, 0x19, 0x34, 0x3B, 0xF8, 0x0B, 0x6F, 0x88, 0x1A, 0xB9, 0x89, 0xD5, 0x85,
    0x72, 0xD2, 0x04, 0x4E, 0x96, 0x6D, 0xD8, 0xD2, 0x4E, 0xD1, 0x8E, 0x48, 0x5C, 0x26, 0x57, 0x92,
    0x5A, 0xF6, 0xC3, 0x85, 0x77, 0x0A, 0x65, 0x0F, 0xB2, 0xA7, 0xC7, 0x93, 0xCD, 0x54, 0x53, 0x4B,
    0x36, 0xF4, 0x5F, 0x36, 0x30, 0x58, 0x58, 0xC9, 0x4F, 0x23, 0xF6, 0xD8, 0xB7, 0x93, 0xEC, 0x5A,
    0xFF, 0xF1, 0xB4, 0xB6, 0xA4, 0x67, 0x91, 0x44, 0x34, 0xA2, 0xF2, 0x19, 0xE6, 0xE2, 0xAC, 0x02,
    0xC3, 0xA7, 0x4D, 0x0D, 0x5E, 0x39, 0x71, 0xDB, 0xDB, 0x84, 0x85, 0x61, 0x6E, 0x08, 0x5E, 0x80,
    0x90, 0x04, 0x18, 0x4F, 0x58, 0xC5, 0xDA, 0xAE, 0x70, 0xA3, 0x3F, 0xB1, 0x37, 0x53, 0x9B, 0x75,
    0x68, 0x68, 0x4F, 0xD0, 0x11, 0x67, 0x35, 0x39, 0x84, 0x66, 0xB0, 0xFF, 0x31, 0x8F, 0x4F, 0x65,
    0x9A, 0x2E, 0x4D, 0xCB, 0xE6, 0x80, 0x93, 0x17, 0x06, 0xAB, 0xBE, 0xD9, 0xF3, 0x96, 0x73, 0xB0,
    0x49, 0x07, 0x27, 0x48, 0x33, 0xF4, 0x1D, 0x72, 0xE0, 0x84, 0x30, 0xEC, 0x82, 0x53, 0x42, 0xCE,
    0x95, 0xD3, 0x7A, 0x86, 0xB9, 0x3A, 0x2E, 0x60, 0x29, 0x5F, 0x29, 0xDD, 0x1B, 0x72, 0xC5, 0x93,
    0x31, 0xBF, 0xF4, 0x31, 0x22, 0x3C, 0x63, 0x63, 0x80, 0x5D, 0x02, 0xFC, 0x89, 0xBB, 0xAD, 0x40,
    0xDD, 0x4C, 0xB0, 0xF3, 0x95, 0x15, 0x90, 0x9A, 0xB0, 0x82, 0x1C, 0x5A, 0x81, 0x72, 0x2D, 0x28,
    0x64, 0x68, 0x82, 0xCA, 0x0B, 0xBA, 0x84, 0xAF, 0x17, 0x25, 0x44, 0x4C, 0xB3, 0x87, 0x60, 0xF4,
    0x04, 0x0C, 0x73, 0x12, 0xDB, 0x76, 0x5D, 0x5E, 0xAD, 0x56, 0xBA, 0x5C, 0x1A, 0x86, 0x05, 0x25,
    0x83, 0x24, 0x7B, 0xA5, 0x7C, 0xE1, 0x3B, 0x94, 0xEF, 0xD5, 0xF6, 0xFA, 0x4E, 0x65, 0x14, 0xBF,
    0xFC, 0x6B, 0x0A, 0x24, 0xDE, 0x98, 0x25, 0x15, 0x4C, 0xC0, 0x2F, 0x2C, 0x2E, 0x31, 0xCA, 0x98,
    0x13, 0x9A, 0xA7, 0x99, 0x9B, 0x5C, 0x14, 0xE2, 0xBB, 0x6F, 0x29, 0x6F, 0x4B, 0xF3, 0xAD, 0x4E,
    0x69, 0xE1, 0x39, 0xC1, 0x15, 0xB4, 0xF2, 0x06, 0x10, 0x2E, 0xE4, 0x7E, 0x25, 0x3C, 0x26, 0x5C,
    0xF2, 0x4C, 0x76, 0xCA, 0x38, 0x6B, 0xEE, 0xF8, 0x3A, 0xB6, 0x71, 0x93, 0xB4, 0xB4, 0x57, 0x9A,
    0x2B, 0xAD, 0x75, 0xD8, 0xD2, 0x68, 0xA7, 0x4E, 0xA2, 0x36, 0xAD, 0xF3, 0x36, 0xD6, 0xE7, 0xAD,
    0xA7, 0x5F, 0xB7, 0x4B, 0x5F, 0x68, 0xAE, 0x21, 0xFE, 0x7D, 0x84, 0x6D, 0x8F, 0xC0, 0x93, 0xFB,
    0x7D, 0x84, 0xD1, 0xC2, 0x87, 0xEE, 0xDA, 0x0E, 0xCE, 0xCF, 0xF4, 0xE7, 0xEA, 0x89, 0x56, 0x0F,
    0xDC, 0xF9, 0xB6, 0xB9, 0x16, 0xF9, 0xC8, 0xB9, 0x6F, 0xFA, 0xA4, 0x9A, 0x95, 0x9A, 0x45, 0xF5,
    0x1D, 0xD7, 0xB5, 0x07, 0x79, 0x7B, 0x73, 0x8A, 0xE2, 0x13, 0x97, 0xBD, 0x44, 0x30, 0x92, 0xE1,
    0xDC, 0x91, 0x77, 0x3D, 0x88, 0xAA, 0x91, 0x16, 0x4E, 0xDB, 0x5C, 0x2F, 0xA4, 0x08, 0xA7, 0x75,
    0xAA, 0x85, 0x5C, 0x62, 0x85, 0x17, 0x9E, 0x3D, 0xAD, 0x31, 0x17, 0x42, 0x27, 0xDA, 0x6E, 0x9E,
    0x27, 0x1C, 0xC4, 0xBB, 0xF4, 0x79, 0x90, 0x46, 0x83, 0x81, 0x8F, 0xD7, 0x6D, 0x12, 0x55, 0xE5,
    0x63, 0xF6, 0x8F, 0x88, 0x2A, 0x30, 0xF7, 0x4D, 0xCF, 0xB0, 0xD7, 0x3A, 0xCD, 0xB4, 0xDD, 0x53,
    0xF9, 0xA0, 0x0D, 0x1B, 0xAC, 0x83, 0x30, 0x1A, 0xB4, 0x88, 0xF4, 0xC1, 0x13, 0x04, 0xDA, 0xE0,
    0xCF, 0x86, 0x7E, 0x09, 0xCA, 0x83, 0xE7, 0xFC, 0xF5, 0x94, 0x7D, 0xED, 0x48, 0x70, 0x7C, 0x2F,
    0xE6, 0x0C, 0xEC, 0x97, 0x8E, 0x42, 0x35, 0x21, 0x2F, 0x05, 0x0C, 0x1B, 0xFE, 0xE2, 0x35, 0x2E,
    0x89, 0xDC, 0x89, 0xB4, 0xD0, 0xAE, 0xC0, 0xFE, 0xBE, 0xD6, 0x89, 0x17, 0x77, 0xEF, 0xD5, 0xC1,
    0xCA, 0x89, 0xAB, 0x1B, 0x96, 0xDD, 0xDC, 0xCE, 0x67, 0xEE, 0x44, 0xED, 0x99, 0x6F, 0x19, 0xED,
    0x24, 0xED, 0x60, 0xD8, 0x92, 0x03, 0xB5, 0xCF, 0x11, 0x4E, 0xB5, 0x0D, 0x47, 0xE6, 0x93, 0x40,
    0x99, 0x64, 0x29, 0xB2, 0x33, 0xE9, 0x81, 0x7F, 0xB4, 0x44, 0x78, 0x84, 0x33, 0x9F, 0x70, 0xE6,
    0x15, 0xCE, 0xA8, 0x22, 0x46, 0x35, 0x91, 0x7D, 0x41, 0xEB, 0xF5, 0xCE, 0x02, 0xBC, 0xA1, 0x33,
    0x4C, 0x4A, 0x62, 0xAC, 0xA6, 0x25, 0xA5, 0x39, 0xA3, 0x28, 0xC8, 0xB1, 0xCB, 0x54, 0x02, 0x98,
    0xCB, 0x0B, 0xEB, 0x0D, 0xBF, 0x7A, 0xC8, 0x20, 0xF8, 0xAB, 0x95, 0x67, 0x93, 0x55, 0x95, 0x99,
    0xEC, 0xD5, 0x65, 0xAD, 0xBF, 0x68, 0xBF, 0xA7, 0xB7, 0x17, 0x41, 0x2F, 0x47, 0x5C, 0xF7, 0x32,
    0x2D, 0x55, 0x71, 0xB9, 0x5A, 0x6A, 0x5F, 0xA5, 0xF7, 0xF9, 0x44, 0x24, 0x56, 0x91, 0x14, 0xCB,
    0xE7, 0xC8, 0xFC, 0xD7, 0x59, 0x8F, 0xF4, 0xF4, 0x83, 0x6E, 0x7B, 0xE5, 0x74, 0x95, 0xFE, 0x92,
    0x23, 0x29, 0xFA, 0xA3, 0x57, 0x56, 0x28, 0x18, 0x62, 0x33, 0x10, 0x88, 0x09, 0x1B, 0xE3, 0x82,
    0xA7, 0x8C, 0x54, 0x47, 0x54, 0xD2, 0x21, 0xC1, 0xAD, 0xC1, 0xFE, 0x1E, 0x32, 0x98, 0xCD, 0x19,
    0x2B, 0x07, 0xCE, 0xE8, 0xD3, 0x8A, 0x46, 0x03, 0x3A, 0xEA, 0x00, 0xEB, 0x65, 0x53, 0xFC, 0x66,
    0x05, 0x31, 0xA5, 0x9C, 0x17, 0x6A, 0xDB, 0x59, 0xCF, 0xFE, 0x2C, 0x6E, 0x66, 0x35, 0xC3, 0xD0,
    0x1C, 0x79, 0xFA, 0x04, 0x8B, 0x60, 0x0A, 0xDB, 0xB0, 0x6C, 0x3D, 0xFD, 0xE7, 0x31, 0x4A, 0x30,
    0x97, 0x05, 0x4D, 0xDA, 0x24, 0x08, 0xC7, 0x58, 0xA7, 0x3C, 0xE3, 0xE1, 0x2D, 0x1C, 0xE6, 0xF6,
    0xE5, 0x8F, 0x99, 0xBB, 0x7B, 0xAF, 0x8A, 0x4C, 0x99, 0x95, 0xD5, 0x4E, 0x41, 0x35, 0x99, 0x03,
    0x0B, 0x1B, 0x37, 0x05, 0x5D, 0x37, 0x71, 0xB4, 0xFA, 0x42, 0x32, 0xB0, 0xAF, 0x61, 0xB3, 0x73,
    0x8A, 0xD1, 0x1B, 0xF3, 0xA6, 0x55, 0x6A, 0x5B, 0x53, 0xEA, 0xA8, 0xC3, 0x97, 0x5F, 0xFB, 0x7A,
    0xEC, 0xE4, 0x83, 0x7A, 0xB9, 0xFB, 0xFA, 0x2C, 0x67, 0x5E, 0x79, 0x1C, 0xE8, 0x88, 0xC8, 0x11,
    0xD7, 0xE5, 0xE3, 0xDB, 0xA0, 0x25, 0x81, 0x56, 0xE7, 0x34, 0x46, 0x77, 0xC2, 0x92, 0x00, 0xE4,
    0xD1, 0xC8, 0xD7, 0xD8, 0x8A, 0xAC, 0xB1, 0x63, 0xDE, 0x61, 0x01, 0xE4, 0xB2, 0x18, 0x2E, 0x96,
    0x36, 0x79, 0x79, 0xBC, 0x17, 0xE9, 0x22, 0x55, 0xB0, 0x89, 0x1D, 0xCF, 0x56, 0xCC, 0x2D, 0xDE,
    0x37, 0x23, 0xBA, 0x4F, 0xFC, 0x91, 0x1E, 0xE9, 0x15, 0xFD, 0x36, 0xF5, 0x4E, 0x25, 0x2A, 0x4B,
    0x9C, 0xF1, 0xE2, 0x4E, 0x6F, 0x05, 0x7B, 0x46, 0x44, 0xBF, 0x63, 0xB1, 0xC6, 0x2D, 0xCA, 0xDF,
    0xCA, 0xCA, 0x72, 0x1F, 0x8D, 0xDD, 0xCE, 0x8A, 0xA8, 0x4E, 0x67, 0xC4, 0x18, 0x22, 0xBB, 0xC8,
    0x66, 0x6C, 0x5F, 0x55, 0xEE, 0xAC, 0xAA, 0x60, 0x30, 0xE6, 0x44, 0xEE, 0x8D, 0x41, 0xC5, 0x1B,
    0x3F, 0xB3, 0xAB, 0xC9, 0xAC, 0x82, 0xCB, 0xA3, 0x70, 0x15, 0xAB, 0xDE, 0xED, 0xAE, 0xB2, 0xEB,
    0xF3, 0x1F, 0x93, 0x92, 0xD2, 0x17, 0xDD, 0x46, 0x5A, 0x79, 0xDB, 0x54, 0x7C, 0x03, 0x2A, 0x7A,
    0x52, 0x11, 0x9A, 0xD3, 0xC7, 0x16, 0xAC, 0xF7, 0xAD, 0x00, 0xB9, 0x15, 0x9F, 0xE3, 0xE1, 0x0D,
    0xBB, 0x4B, 0x5A, 0xFC, 0x0D, 0xBB, 0xFF, 0x09, 0x39, 0xDE, 0xC2, 0x0C, 0x1B, 0xF5, 0x4C, 0xF4,
    0x25, 0x86, 0xE2, 0x60, 0x0D, 0x5F, 0x54, 0x2C, 0x9F, 0xB3, 0x55, 0xF2, 0x79, 0x17, 0xB6, 0x13,
    0xD6, 0x8C, 0x78, 0x71, 0xAB, 0x6B, 0x9C, 0x7A, 0x5E, 0xB6, 0x20, 0xA4, 0xC5, 0x05, 0x5D, 0x3A,
    0x30, 0x69, 0x82, 0x9A, 0xF2, 0x45, 0x15, 0xBD, 0x37, 0x66, 0x59, 0x66, 0xD5, 0x5E, 0x52, 0x1C,
    0xD8, 0xA5, 0xF4, 0x11, 0xD7, 0x69, 0xEC, 0x46, 0xF1, 0xD4, 0x8A, 0x13, 0x33, 0x50, 0x29, 0xCD,
    0x40, 0xA7, 0x0A, 0xEA, 0x32, 0x98, 0x67, 0x76, 0x0F, 0xAE, 0xEC, 0x54, 0x3C, 0xDF, 0xD4, 0xC2,
    0xFA, 0xC2, 0xC9, 0xC0, 0xE5, 0xC0, 0xB6, 0x0F, 0xA2, 0xAF, 0x1B, 0xE5, 0xBC, 0xC2, 0xA7, 0xCB,
    0x4B, 0xE0, 0x82, 0x31, 0x5A, 0xD6, 0xDD, 0xAB, 0xBB, 0xE1, 0xE9, 0x79, 0x77, 0x34, 0x75, 0xBF,
    0x87, 0xEE, 0x39, 0x22, 0xDB, 0x80, 0xCB, 0xF0, 0x14, 0x58, 0x76, 0x95, 0x9B, 0x1C, 0x82, 0xB3,
    0xB1, 0xE2, 0x3D, 0x80, 0x3A, 0x3E, 0xB4, 0x4B, 0x24, 0x6C, 0xCA, 0x5F, 0x9E, 0x2D, 0x2E, 0xD6,
    0xB1, 0x97, 0x55, 0x10, 0xAF, 0x5C, 0x88, 0x02, 0xB8, 0x74, 0x87, 0x35, 0x2F, 0xDA, 0x76, 0xD9,
    0xE6, 0x6D, 0x39, 0xD5, 0x5A, 0x8E, 0xB0, 0x7B, 0xEF, 0x15, 0xB8, 0x69, 0xDB, 0xF4, 0xE0, 0x5F,
    0x34, 0x56, 0x7D, 0x25, 0x96, 0xFE, 0x1B, 0xAD, 0x54, 0xBB, 0x6E, 0xD4, 0x40, 0x14, 0x3D, 0xB6,
    0x21, 0x2E, 0x5C, 0x4C, 0x03, 0x55, 0x0A, 0x37, 0xD4, 0x71, 0x4B, 0x11, 0x76, 0x26, 0x7C, 0x03,
    0xE2, 0x27, 0x28, 0xB6, 0xA1, 0x4C, 0x62, 0xFF, 0x01, 0xFC, 0x01, 0x3F, 0x91, 0x72, 0x37, 0xB6,
    0xC4, 0x07, 0xE0, 0x86, 0xDE, 0x45, 0x7A, 0xA6, 0x70, 0xE1, 0x48, 0xB6, 0x2F, 0xE7, 0xCE, 0xEC,
    0x26, 0x51, 0x24, 0x24, 0x90, 0xF0, 0xEE, 0x3D, 0xD7, 0xF6, 0xCC, 0x9C, 0x39, 0xF7, 0x31, 0x06,
    0x00, 0xD3, 0x40, 0xB1, 0x3B, 0xE0, 0x89, 0xDC, 0x19, 0x87, 0x5A, 0xE4, 0x1A, 0xC9, 0x9A, 0xB4,
    0x13, 0x72, 0x0F, 0xE3, 0x75, 0x24, 0x1B, 0x51, 0x01, 0xC9, 0x8C, 0x0D, 0x67, 0x2E, 0xB8, 0x22,
    0x5E, 0x63, 0x47, 0xDC, 0x60, 0x26, 0xDA, 0x27, 0xB8, 0x39, 0xE0, 0x9E, 0xB8, 0xC7, 0x2D, 0x71,
    0xE6, 0x08, 0x92, 0x09, 0x15, 0x79, 0x1E, 0x08, 0xC9, 0xEF, 0x00, 0x11, 0x9D, 0x7C, 0x2A, 0x5F,
    0x55, 0x01, 0x5E, 0x05, 0x92, 0x68, 0x1B, 0x6C, 0xA7, 0xCB, 0x4C, 0x64, 0x34, 0xC3, 0xB6, 0xB7,
    0x28, 0xFC, 0x15, 0x45, 0xEC, 0x48, 0xC3, 0x05, 0x6A, 0xF3, 0xC1, 0x78, 0x9F, 0x8C, 0xB7, 0x48,
    0xBD, 0x75, 0xD9, 0x50, 0x0D, 0x65, 0x57, 0xC8, 0x0A, 0xB4, 0x77, 0x81, 0x10, 0x63, 0xC0, 0x39,
    0xE0, 0xA4, 0x90, 0x8E, 0xDC, 0x1F, 0xD2, 0x17, 0xC4, 0x55, 0xE5, 0x70, 0xF0, 0x7F, 0xE2, 0x84,
    0x94, 0xFF, 0xF1, 0xF8, 0xD8, 0x36, 0x0C, 0x1A, 0x95, 0x88, 0x6E, 0x2D, 0x4F, 0x45, 0xCD, 0x47,
    0x49, 0xB9, 0x67, 0x96, 0xEB, 0x86, 0xB2, 0x44, 0x97, 0xD8, 0x7F, 0x86, 0x16, 0xE9, 0x92, 0x8B,
    0xE6, 0xF2, 0x5B, 0x83, 0x6A, 0x2A, 0x87, 0x33, 0xA4, 0x7D, 0xCB, 0x11, 0x4B, 0x6F, 0x9F, 0xA4,
    0x34, 0xDA, 0xE9, 0x60, 0x61, 0xBD, 0x66, 0xD4, 0x86, 0x39, 0x7F, 0x61, 0x53, 0xE6, 0xAB, 0x39,
    0xF3, 0xC5, 0xA4, 0x21, 0x05, 0x1B, 0xA8, 0xBB, 0x8F, 0x9D, 0x63, 0x1B, 0x36, 0x0B, 0x1F, 0x19,
    0x4B, 0xE2, 0x18, 0x24, 0x35, 0xC8, 0x84, 0x7D, 0xB2, 0x60, 0x08, 0x3B, 0x56, 0x2C, 0x73, 0xD9,
    0xC4, 0xB9, 0xA6, 0x13, 0x11, 0xB5, 0x66, 0x86, 0x71, 0x33, 0x4A, 0x76, 0xC8, 0x06, 0xF5, 0x05,
    0xEF, 0xC4, 0x73, 0xAD, 0xD3, 0xA4, 0xE4, 0xB2, 0x84, 0x7E, 0x94, 0x58, 0xB6, 0x3F, 0x5F, 0x86,
    0x44, 0x14, 0x71, 0x12, 0x5D, 0xF2, 0xAB, 0x4B, 0xE9, 0xB2, 0x1F, 0xC1, 0xE5, 0x5F, 0xBA, 0x44,
    0x05, 0xC6, 0xDE, 0x3E, 0x8B, 0xEE, 0x3C, 0xBA, 0x9B, 0xE0, 0x12, 0x6F, 0xB4, 0x2C, 0x59, 0x6F,
    0xB4, 0x61, 0xF2, 0x2E, 0xBC, 0xE4, 0x2B, 0x75, 0x65, 0x74, 0xEF, 0xE2, 0xD1, 0xD8, 0xA9, 0xFB,
    0xCC, 0xB2, 0xD1, 0xDD, 0xA4, 0xA1, 0x7D, 0x47, 0x46, 0x6F, 0x7E, 0x7E, 0xF4, 0xD5, 0x82, 0x56,
    0xC4, 0xB7, 0x4B, 0x4A, 0x11, 0x03, 0x32, 0xA5, 0x3A, 0x06, 0xF0, 0xFC, 0x4A, 0xDA, 0xA6, 0x24,
    0x87, 0x8C, 0x9C, 0x54, 0x5F, 0xAC, 0xBE, 0x76, 0x7B, 0xD4, 0x5D, 0xD9, 0xEC, 0x60, 0x9D, 0xE9,
    0x5E, 0x30, 0x59, 0x21, 0x9D, 0x9F, 0xB8, 0xF5, 0x56, 0x53, 0x54, 0x48, 0xFB, 0x41, 0xD3, 0x6B,
    0x83, 0x04, 0x1B, 0x7A, 0x46, 0x93, 0xC9, 0xE3, 0xC4, 0x79, 0xED, 0x7B, 0x19, 0x5F, 0x3A, 0x2B,
    0xDF, 0x45, 0x5C, 0x71, 0x8F, 0xED, 0x3D, 0xF9, 0x07, 0xA6, 0x7E, 0xE1, 0x8A, 0x96, 0xCA, 0xAB,
    0xE6, 0x9C, 0x7C, 0x6F, 0x69, 0x6F, 0xC2, 0x31, 0x2F, 0x5D, 0x6C, 0x00, 0x1E, 0xC8, 0x74, 0xD6,
    0x08, 0x5D, 0x2A, 0x6D, 0x97, 0x4D, 0x46, 0x93, 0x35, 0x3C, 0x96, 0x55, 0xAD, 0xE0, 0xBB, 0x92,
    0x7B, 0xD4, 0xAC, 0xE7, 0x42, 0xDE, 0x91, 0xDF, 0x04, 0x6D, 0x2D, 0x2E, 0xDF, 0x0E, 0x0C, 0x8F,
    0xE5, 0xEA, 0x57, 0xAA, 0x66, 0x23, 0xF1, 0x57, 0x1E, 0xCE, 0x2B, 0x70, 0x19, 0x5B, 0x5A, 0xA9,
    0xCA, 0x05, 0xE9, 0xCA, 0x26, 0x1C, 0x1F, 0x4B, 0x7F, 0xB0, 0xE6, 0x41, 0x47, 0x46, 0x1D, 0x95,
    0xE7, 0xE9, 0x6F, 0x50, 0x73, 0xD9, 0x6B, 0x2A, 0xFC, 0x0D, 0x25, 0x8B, 0xB1, 0x0D, 0xC3, 0x20,
    0x14, 0x44, 0x0F, 0xBB, 0x70, 0x41, 0x01, 0x1B, 0x30, 0x82, 0xDB, 0x14, 0x28, 0x58, 0x99, 0x24,
    0x63, 0xA4, 0x41, 0xD0, 0x65, 0x8D, 0x8C, 0xE1, 0x22, 0x92, 0x19, 0x81, 0x2E, 0xAD, 0x37, 0xC8,
    0x8F, 0x44, 0x41, 0x11, 0xF4, 0x83, 0x95, 0xA7, 0x2B, 0x4E, 0x4F, 0x77, 0x1A, 0x37, 0x34, 0x6C,
    0x98, 0xD3, 0xB4, 0x83, 0xD0, 0x11, 0x79, 0x24, 0xB9, 0x9B, 0x78, 0xC6, 0x09, 0x7F, 0xBE, 0x18,
    0x18, 0xE3, 0x3B, 0xAA, 0x7B, 0x9E, 0x07, 0xB2, 0x78, 0x74, 0xE7, 0x2E, 0x0B, 0xBF, 0xD2, 0x87,
    0xD3, 0xD5, 0x1D, 0x93, 0x8D, 0x33, 0x73, 0xD2, 0x58, 0x48, 0xA4, 0x26, 0x53, 0x60, 0xC8, 0x0A,
    0xCF, 0xEC, 0xFD, 0x94, 0x59, 0x51, 0x4F, 0x2F, 0x80, 0x29, 0xA1, 0xD5, 0x40, 0x4E, 0x7B, 0x51,
    0x55, 0x94, 0x10, 0x30, 0xD9, 0x95, 0xF5, 0x49, 0x96, 0x6C, 0x5D, 0x43, 0x31, 0xF9, 0xF8, 0xFC,
    0x00, 0xCD, 0x5B, 0x31, 0x8F, 0xDC, 0xC6, 0x15, 0x1E, 0x92, 0xA7, 0xA3, 0x7D, 0x8C, 0xC5, 0x2B,
    0x54, 0x38, 0x50, 0x62, 0xBA, 0x70, 0x91, 0x18, 0x8E, 0xD8, 0xB8, 0x08, 0x90, 0xBB, 0x25, 0x95,
    0x20, 0x70, 0x91, 0xC2, 0xD7, 0xA7, 0xB0, 0xCB, 0xC4, 0x08, 0x70, 0x29, 0x9C, 0xC0, 0x81, 0x6F,
    0x77, 0x69, 0x1B, 0x88, 0x8B, 0x14, 0xD6, 0x3F, 0x48, 0x93, 0x1F, 0xA0, 0xC2, 0x08, 0x04, 0xE4,
    0x4E, 0x4B, 0xD9, 0x85, 0xDB, 0x75, 0x5C, 0xB8, 0x0C, 0x6D, 0x5F, 0x90, 0x32, 0x6B, 0x9B, 0x88,
    0x29, 0x88, 0xBB, 0xCC, 0xFB, 0xBE, 0xE1, 0x90, 0xDC, 0xBD, 0x95, 0x6E, 0xEF, 0xB4, 0x92, 0xEE,
    0xA0, 0x7D, 0xB8, 0xDB, 0x5D, 0xCE, 0xBC, 0xF9, 0xE6, 0xCD, 0x7B, 0xDF, 0x7B, 0xF3, 0xA4, 0x94,
    0xA7, 0xF0, 0x13, 0x26, 0x90, 0x51, 0x0A, 0x39, 0x1A, 0x43, 0xDE, 0xCB, 0x44, 0x58, 0xDF, 0x4E,
    0x44, 0x3A, 0x5F, 0xE6, 0x90, 0x77, 0x0A, 0x91, 0x5E, 0x5A, 0x8A, 0xF4, 0xE3, 0x23, 0x91, 0x81,
    0x1A, 0x88, 0xEC, 0xA9, 0x48, 0xE4, 0xAE, 0x0A, 0x63, 0x79, 0xB4, 0xAA, 0x64, 0x88, 0x0A, 0xD2,
    0x9A, 0x28, 0x2F, 0x53, 0xCE, 0x84, 0xFF, 0xC6, 0x90, 0x9E, 0xBC, 0x59, 0x28, 0x5F, 0x64, 0xA9,
    0xA2, 0xB1, 0xB2, 0x2B, 0xB5, 0xEC, 0x27, 0x88, 0x5B, 0x4D, 0xB4, 0xE4, 0x3B, 0x61, 0xBE, 0xA1,
    0xAC, 0x6A, 0xB6, 0xA3, 0xDC, 0xBB, 0x57, 0x4B, 0xE5, 0x8F, 0xED, 0x12, 0x3A, 0x97, 0x98, 0xBB,
    0x14, 0x15, 0x44, 0x0C, 0x20, 0xFA, 0x10, 0xB7, 0x9B, 0x3F, 0xF9, 0x69, 0x94, 0xC8, 0x97, 0x83,
    0x3C, 0x28, 0x95, 0x57, 0x95, 0xA3, 0x58, 0xD6, 0x37, 0x4A, 0x17, 0x67, 0x75, 0xB1, 0x66, 0x7F,
    0x62, 0x04, 0xFF, 0x54, 0x43, 0x48, 0xBB, 0xC2, 0xB2, 0x9D, 0x2F, 0xB0, 0x6C, 0x9B, 0x8B, 0x57,
    0xF6, 0x84, 0x6A, 0x11, 0xB2, 0x97, 0xF8, 0xF8, 0x53, 0x9D, 0xA1, 0x34, 0xA0, 0x11, 0x97, 0x31,
    0xE4, 0x77, 0xEE, 0x71, 0xBA, 0x6F, 0x39, 0xDA, 0x67, 0x04, 0xF4, 0x0E, 0x27, 0x49, 0x0A, 0x42,
    0x49, 0x40, 0xA1, 0xB9, 0xBA, 0x86, 0x95, 0xA8, 0x1D, 0x02, 0x3A, 0xAC, 0xAA, 0xB8, 0x86, 0x52,
    0x11, 0x3B, 0x3B, 0x83, 0x5A, 0x1A, 0x4A, 0x37, 0x85, 0x12, 0x7E, 0x02, 0x40, 0x83, 0x2E, 0xA0,
    0xEE, 0x14, 0x9A, 0xE1, 0xC9, 0x9E, 0xBC, 0xAF, 0x76, 0x04, 0x6D, 0xB5, 0x41, 0x00, 0xB1, 0x55,
    0x4E, 0xC6, 0x45, 0x40, 0x9B, 0xD8, 0xA8, 0xDB, 0x02, 0x5B, 0x08, 0x42, 0x7E, 0x0A, 0x60, 0xE3,
    0xFB, 0x00, 0x3B, 0x58, 0x06, 0x6C, 0x26, 0x8F, 0xB9, 0x55, 0x39, 0x14, 0x60, 0xB3, 0x61, 0x07,
    0xD8, 0x97, 0x29, 0x0F, 0x29, 0x73, 0xC2, 0x86, 0xD9, 0xB7, 0xDE, 0x03, 0x24, 0x21, 0x11, 0xEC,
    0x63, 0xE5, 0x56, 0x8E, 0x35, 0x3B, 0xE3, 0xAD, 0xCE, 0x66, 0x10, 0xB5, 0x40, 0x9B, 0x00, 0x77,
    0xE2, 0x67, 0x78, 0x54, 0xFD, 0x9D, 0x4F, 0x7D, 0x8D, 0xC1, 0xAC, 0x8C, 0xBB, 0x92, 0x1E, 0x52,
    0x02, 0x3B, 0x2F, 0x8E, 0x88, 0x63, 0x28, 0xF2, 0x39, 0x6E, 0x4E, 0x44, 0xEC, 0xB4, 0xBC, 0xA5,
    0xDC, 0x0C, 0x6A, 0x08, 0x76, 0x62, 0x98, 0x76, 0x4E, 0x28, 0x0A, 0xA0, 0xA9, 0x60, 0x4D, 0x4A,
    0xCD, 0x54, 0x20, 0x1F, 0xD1, 0x24, 0x2D, 0x08, 0x27, 0xA1, 0xB1, 0x73, 0x83, 0xB8, 0x33, 0xF2,
    0xF3, 0x53, 0x79, 0xFD, 0x66, 0x5B, 0x69, 0xCB, 0x75, 0xFF, 0x2B, 0x1F, 0x06, 0xEF, 0x4D, 0x70,
    0x00, 0x44, 0x5C, 0x51, 0xDB, 0x66, 0xFF, 0xB1, 0x05, 0xA3, 0xEA, 0x55, 0x65, 0xCF, 0xDC, 0x4A,
    0xB9, 0x13, 0x55, 0x61, 0x82, 0x21, 0x0C, 0x3F, 0x82, 0x5E, 0x11, 0x0C, 0x37, 0x02, 0xC8, 0xE6,
    0x37, 0x88, 0x00, 0x9F, 0xFA, 0x99, 0x7C, 0xD9, 0x2B, 0xBC, 0x4A, 0xA6, 0xA8, 0xC4, 0xF8, 0xF7,
    0xF3, 0x28, 0x6B, 0x50, 0xF9, 0x01, 0x65, 0x4F, 0x1F, 0x12, 0x3D, 0x13, 0x74, 0xDC, 0x7A, 0x17,
    0x32, 0x68, 0x01, 0x55, 0x39, 0x94, 0xB5, 0x4F, 0x02, 0xEA, 0x13, 0xD0, 0x90, 0x80, 0xEA, 0x71,
    0xFF, 0xC8, 0xA7, 0x26, 0x1A, 0x50, 0x1A, 0xF8, 0x58, 0x03, 0xDA, 0xE3, 0x43, 0x2D, 0xA0, 0x01,
    0x6C, 0x4D, 0x85, 0x06, 0x50, 0x19, 0xE2, 0x2D, 0x22, 0xD8, 0x01, 0xD4, 0xEE, 0x00, 0x2A, 0x07,
    0x5F, 0x03, 0xAA, 0x2A, 0x83, 0xA7, 0x17, 0x1B, 0x0D, 0x78, 0xB6, 0xF4, 0x11, 0xBA, 0x09, 0x40,
    0x9F, 0x7F, 0x52, 0x80, 0xDA, 0x05, 0x47, 0x9F, 0x11, 0x1B, 0x1F, 0xF2, 0xD2, 0x65, 0x7E, 0x70,
    0x20, 0xAF, 0xCD, 0x64, 0x42, 0x58, 0xF7, 0x5A, 0x58, 0xC3, 0x15, 0x60, 0xE5, 0xB2, 0xFE, 0xA0,
    0x61, 0xE5, 0xF0, 0x35, 0xAC, 0x07, 0x27, 0x60, 0xC5, 0xA1, 0xF4, 0x4F, 0xC0, 0x7A, 0x00, 0x40,
    0x1B, 0x58, 0xAD, 0x9C, 0x40, 0x95, 0x84, 0xF5, 0xB0, 0x0B, 0x6B, 0x73, 0x7C, 0x47, 0x32, 0x80,
    0x53, 0xC9, 0x07, 0xCE, 0xC7, 0xF2, 0xBE, 0xFD, 0x8B, 0xCC, 0xD8, 0xC5, 0xAE, 0xBC, 0xAE, 0x88,
    0xC5, 0x5A, 0x33, 0x62, 0x2B, 0x6F, 0x05, 0xAF, 0xC8, 0x28, 0x7D, 0x19, 0x56, 0x90, 0x35, 0xCF,
    0x7B, 0x77, 0x37, 0x80, 0xED, 0x6B, 0xEB, 0xC5, 0xD6, 0x2A, 0xE0, 0x10, 0x9D, 0x0A, 0xCE, 0xD1,
    0xF9, 0x0B, 0x11, 0xB0, 0xF3, 0x16, 0x37, 0x1D, 0x6C, 0x06, 0x40, 0xC9, 0x9A, 0x68, 0x83, 0xFB,
    0xE1, 0xA2, 0xFF, 0x0C, 0x3B, 0x61, 0xE0, 0x6D, 0xED, 0x3F, 0x19, 0x90, 0xBE, 0xC4, 0x53, 0xF6,
    0x1D, 0x06, 0xA4, 0xB4, 0x20, 0x9E, 0x87, 0x8D, 0xFF, 0x0C, 0x78, 0x3C, 0x7E, 0x42, 0xFF, 0x19,
    0xD1, 0x7F, 0x8A, 0x17, 0x4D, 0x80, 0xA7, 0x4F, 0x2F, 0x2A, 0xA6, 0x67, 0x67, 0x6D, 0x40, 0x72,
    0x75, 0x40, 0x1A, 0xC3, 0x7F, 0x86, 0x99, 0x40, 0x60, 0xF4, 0xBB, 0x2E, 0xCF, 0x8C, 0xFE, 0x29,
    0x8F, 0x7C, 0x8D, 0x9D, 0xB9, 0x31, 0x6C, 0x2C, 0xE6, 0x43, 0x4C, 0x85, 0xAF, 0x85, 0xFB, 0xF2,
    0x95, 0x23, 0x19, 0xCF, 0x9A, 0x58, 0xE3, 0x6E, 0x20, 0x59, 0x70, 0xA7, 0xE3, 0x73, 0xB9, 0xD3,
    0x93, 0x71, 0xAA, 0x8E, 0x8A, 0x04, 0x78, 0x56, 0xF0, 0x00, 0x1D, 0xD1, 0x41, 0x05, 0x3C, 0x60,
    0x1B, 0x27, 0xE0, 0x3B, 0x5F, 0x3C, 0x1F, 0x76, 0xE3, 0x79, 0xF2, 0xC0, 0x78, 0x9E, 0xB7, 0xF1,
    0x5C, 0x4D, 0xCF, 0x1E, 0xCF, 0x79, 0xBA, 0x79, 0x02, 0x5D, 0x2A, 0x80, 0x87, 0x23, 0xB8, 0xDA,
    0x03, 0xD9, 0x15, 0x95, 0xDB, 0xC9, 0x09, 0x3C, 0x1F, 0x5F, 0xDC, 0xAF, 0x7F, 0x7E, 0xDF, 0x86,
    0x2E, 0x8B, 0x27, 0xDA, 0xB9, 0x43, 0xE1, 0x42, 0xE6, 0x04, 0xBE, 0xA2, 0x67, 0x08, 0xB3, 0xC5,
    0x61, 0x75, 0x8C, 0xAD, 0x3D, 0x03, 0x3F, 0xED, 0x71, 0x84, 0x3F, 0x69, 0xB7, 0x47, 0xCF, 0x30,
    0x59, 0xEE, 0x19, 0xBC, 0xF8, 0xBE, 0x9E, 0x41, 0x7B, 0xD8, 0x09, 0x2C, 0xD9, 0xD6, 0x9E, 0xA1,
    0xE0, 0x9B, 0xC6, 0xE1, 0xFA, 0xB5, 0xC3, 0xE5, 0xCF, 0x33, 0x9C, 0x9B, 0xA8, 0x43, 0x50, 0x51,
    0xCE, 0x1E, 0xCB, 0xF0, 0x13, 0x0B, 0xBB, 0x06, 0xFF, 0x35, 0xC4, 0x03, 0x5E, 0xA1, 0xD6, 0x6E,
    0xC3, 0xAE, 0xC6, 0x3C, 0x6B, 0x31, 0xBF, 0xDC, 0x09, 0x5D, 0x7E, 0xD2, 0x02, 0x9A, 0xBE, 0x72,
    0x3A, 0xA0, 0xA7, 0xB8, 0xDA, 0xFC, 0x41, 0xAE, 0x36, 0x0E, 0xD5, 0xF9, 0x01, 0xB5, 0x0C, 0xA0,
    0x8E, 0x32, 0x84, 0xC0, 0xC3, 0xFC, 0x0E, 0x27, 0xFE, 0x90, 0x96, 0xBC, 0x2E, 0x40, 0x8F, 0xE6,
    0x8D, 0x78, 0x78, 0xAA, 0x53, 0xE0, 0x6F, 0x43, 0x6A, 0xF2, 0x26, 0xE5, 0xF3, 0x94, 0x6E, 0xDA,
    0x38, 0x02, 0xE7, 0xCF, 0x1E, 0x79, 0xDF, 0xB5, 0x16, 0xDC, 0xFD, 0xF1, 0x83, 0x9C, 0xC5, 0xDB,
    0xE3, 0xC6, 0xD7, 0x2A, 0xED, 0x6B, 0x3F, 0xD5, 0xBE, 0xB6, 0x6C, 0x7D, 0x6D, 0x3C, 0x20, 0xA0,
    0x11, 0x79, 0x11, 0x1C, 0xB5, 0xE6, 0x58, 0xC3, 0x9A, 0x69, 0x01, 0x3B, 0xBA, 0x09, 0xDB, 0x30,
    0x2D, 0x71, 0x13, 0xD0, 0xC9, 0x30, 0xAD, 0x10, 0xB0, 0xC6, 0x6A, 0x73, 0x9E, 0xAB, 0x3E, 0x4B,
    0x9B, 0x18, 0x18, 0x72, 0xB0, 0x3D, 0xA6, 0xC1, 0xCA, 0x07, 0x33, 0x37, 0x5D, 0x0E, 0xEB, 0xD5,
    0x62, 0x03, 0xCE, 0xE9, 0x25, 0x18, 0x8F, 0xE0, 0x93, 0x3A, 0x25, 0xC8, 0x5A, 0x09, 0x13, 0x2B,
    0xC1, 0xD8, 0x6A, 0x6C, 0x77, 0x9B, 0xDF, 0x28, 0x42, 0x88, 0x20, 0xC1, 0x97, 0xB3, 0x7D, 0x09,
    0xAD, 0xD5, 0x4C, 0xB8, 0xFA, 0xFE, 0x71, 0x43, 0x5D, 0x4F, 0x06, 0x2F, 0x8B, 0x0A, 0x79, 0xF4,
    0xB2, 0xFE, 0xF8, 0x77, 0xF8, 0xBD, 0x22, 0x67, 0xAA, 0x92, 0x45, 0x3B, 0x25, 0xCD, 0x99, 0x03,
    0xF4, 0x1F, 0x2D, 0xA0, 0xD6, 0xD7, 0xF4, 0xBE, 0xE3, 0x49, 0x13, 0xBC, 0xBC, 0x54, 0x03, 0xBA,
    0xD3, 0x04, 0xAF, 0x88, 0x67, 0x56, 0xA0, 0x24, 0xE7, 0x01, 0x38, 0x74, 0xB4, 0x36, 0xA3, 0x95,
    0xC3, 0x14, 0x40, 0xFF, 0x22, 0x67, 0x41, 0x20, 0x16, 0xE0, 0x9C, 0x02, 0xDE, 0xD7, 0x29, 0x8D,
    0x51, 0xBC, 0x8B, 0x0D, 0xF9, 0x4A, 0xE6, 0x7E, 0x19, 0xDB, 0xB1, 0xAD, 0x03, 0xA9, 0x31, 0xD1,
    0xBB, 0x9E, 0x31, 0xD1, 0xAB, 0xF7, 0x33, 0xD1, 0x29, 0xFC, 0x6C, 0x06, 0x13, 0x4D, 0x61, 0x7F,
    0x8D, 0x9D, 0x0E, 0x97, 0x08, 0xFD, 0x69, 0x6A, 0xFC, 0x6C, 0x37, 0x0D, 0x88, 0x2D, 0xAE, 0x52,
    0x3B, 0xCB, 0xE7, 0x56, 0x70, 0x96, 0xC4, 0x49, 0xF3, 0x58, 0x9D, 0x1E, 0xF4, 0x78, 0xAA, 0x0F,
    0x34, 0xF9, 0xE2, 0x3E, 0x4C, 0xFA, 0x4C, 0x23, 0x74, 0xC2, 0x10, 0xE9, 0xF8, 0x07, 0x67, 0x99,
    0xC0, 0x74, 0x02, 0xBA, 0x07, 0x7D, 0xB6, 0x45, 0x66, 0x60, 0x4C, 0x0E, 0x8F, 0xB4, 0xAD, 0xC9,
    0x94, 0x3E, 0xEA, 0x25, 0x33, 0x81, 0xA9, 0xF2, 0xF3, 0xF6, 0x6C, 0x2F, 0x89, 0x09, 0x3A, 0x1E,
    0xD4, 0xB2, 0x0E, 0x0B, 0xDB, 0xC8, 0xCD, 0x24, 0x2A, 0x44, 0xD7, 0x27, 0x30, 0x5C, 0x99, 0x6D,
    0x73, 0x36, 0xBF, 0xFB, 0x77, 0x95, 0x61, 0x53, 0xAF, 0x08, 0x9B, 0xCA, 0xC1, 0xA6, 0xB2, 0xB3,
    0xB0, 0xA9, 0xA9, 0xBB, 0x94, 0xA9, 0x1A, 0xCB, 0xE4, 0x49, 0x2C, 0x8D, 0xC0, 0x9F, 0x8E, 0xC4,
    0xE6, 0xD8, 0x82, 0x80, 0xD3, 0x82, 0xB0, 0x6B, 0x5F, 0x7F, 0x5F, 0x51, 0x61, 0x1F, 0x2A, 0x64,
    0xB5, 0x0F, 0xFA, 0x1E, 0x62, 0xAC, 0x9B, 0xDA, 0x08, 0xFD, 0x6E, 0x55, 0x9D, 0x34, 0x74, 0x1D,
    0xC5, 0x69, 0xE2, 0x14, 0xF8, 0x73, 0x94, 0xC1, 0x02, 0x64, 0xA1, 0x23, 0x31, 0xE5, 0x30, 0x3E,
    0x90, 0xDF, 0x0E, 0x65, 0xED, 0xC8, 0x2A, 0x31, 0x0E, 0x5E, 0x65, 0x3D, 0xC5, 0x51, 0x1D, 0x97,
    0xC2, 0x6C, 0x33, 0xF1, 0x30, 0xFC, 0xE8, 0xEE, 0xC9, 0xE1, 0x31, 0x30, 0x5E, 0x9C, 0x0A, 0xC9,
    0x38, 0x73, 0x71, 0xA6, 0xE2, 0x3A, 0x13, 0xE7, 0xB9, 0xA4, 0x81, 0x33, 0x39, 0x32, 0x2C, 0xE8,
    0x6C, 0xA0, 0xAC, 0x86, 0xC7, 0x72, 0x50, 0x24, 0x14, 0x59, 0xF2, 0x24, 0x54, 0xA2, 0x46, 0xB1,
    0x8C, 0x02, 0xF3, 0xBA, 0x16, 0x6B, 0x95, 0x8C, 0x46, 0x44, 0x66, 0xDA, 0x41, 0xC6, 0x27, 0x32,
    0x8B, 0xA8, 0xE0, 0x75, 0xBB, 0x2E, 0x1E, 0x84, 0xC7, 0x9B, 0xA9, 0x87, 0x25, 0x34, 0xC8, 0x38,
    0xF9, 0x0B, 0x62, 0x90, 0x53, 0x89, 0x6F, 0xFE, 0xAB, 0xF2, 0x4D, 0x57, 0x87, 0xA0, 0xEE, 0xCF,
    0xDC, 0xC2, 0xFD, 0xD3, 0x17, 0x9E, 0x43, 0x4C, 0x4E, 0x5F, 0xB8, 0xB5, 0xB0, 0xF0, 0x58, 0x15,
    0xCF, 0xC8, 0x64, 0x81, 0x72, 0x3E, 0x11, 0x7B, 0x7D, 0xA7, 0x9C, 0xD7, 0x62, 0xC5, 0xC5, 0x4E,
    0x1F, 0xB8, 0x58, 0xF9, 0x69, 0xF2, 0x44, 0x64, 0x3F, 0x4C, 0x6A, 0x5E, 0x04, 0x85, 0x40, 0xFC,
    0xB3, 0xBE, 0x9B, 0x20, 0xCC, 0x15, 0xF0, 0x9D, 0x3F, 0x5A, 0xB2, 0x76, 0x77, 0xC5, 0x4D, 0x2F,
    0xCF, 0xB3, 0xE9, 0x9A, 0xBB, 0xBE, 0xA9, 0xB9, 0x21, 0x98, 0x21, 0xF4, 0x93, 0xD0, 0xBF, 0xF9,
    0x8E, 0x66, 0x25, 0xB7, 0x65, 0xEA, 0x7C, 0x28, 0x34, 0xC1, 0x17, 0x66, 0x6E, 0xAD, 0xD1, 0x00,
    0x6A, 0x4A, 0x9A, 0x9B, 0x1C, 0x55, 0x32, 0x1D, 0xC1, 0x64, 0x6B, 0x0E, 0x93, 0xF1, 0x13, 0xC2,
    0x64, 0x5B, 0xD3, 0x4B, 0xAB, 0xA8, 0x6B, 0x3E, 0x9A, 0x73, 0xA9, 0xCD, 0x77, 0x17, 0x31, 0x89,
    0xD7, 0x8D, 0x09, 0xE8, 0x86, 0x0A, 0x31, 0xEF, 0xCE, 0x4E, 0x9D, 0xF3, 0x72, 0x57, 0x5E, 0x74,
    0x04, 0x94, 0xD1, 0xA7, 0xB1, 0xB2, 0xFF, 0x97, 0xD7, 0x91, 0x76, 0x4B, 0x3D, 0xDB, 0x02, 0x93,
    0x5A, 0xCC, 0x6B, 0xB0, 0x10, 0x63, 0xE2, 0x0F, 0x0F, 0xCC, 0x0D, 0x24, 0xEB, 0x19, 0x80, 0x19,
    0xBB, 0xBA, 0x76, 0xA7, 0x6A, 0xDE, 0x12, 0x49, 0xA8, 0xD8, 0x11, 0x97, 0xF7, 0x2C, 0xA2, 0xD7,
    0x2D, 0x1A, 0x8D, 0xF5, 0xF3, 0x94, 0xE1, 0x70, 0x20, 0xD3, 0xE7, 0x91, 0xEC, 0xDD, 0xBA, 0xC1,
    0x71, 0xB3, 0xE7, 0x65, 0x17, 0xCA, 0x9B, 0xC2, 0xBD, 0x11, 0x52, 0x2F, 0x79, 0x0D, 0xF5, 0x1B,
    0x01, 0xA4, 0x7B, 0xB0, 0x5B, 0x64, 0x81, 0x97, 0x59, 0xDA, 0x3A, 0x87, 0x03, 0x29, 0x6B, 0x2F,
    0x72, 0x9E, 0x43, 0x24, 0x41, 0x60, 0x53, 0x3C, 0xFA, 0xAF, 0x94, 0xF3, 0xBE, 0x38, 0x91, 0xEB,
    0xB5, 0x13, 0x81, 0x8A, 0x91, 0xA8, 0x34, 0x1D, 0xC9, 0xD9, 0x0F, 0x12, 0x37, 0x75, 0x93, 0xB3,
    0x3A, 0x96, 0x53, 0x0C, 0x66, 0x97, 0xAA, 0xCB, 0xA8, 0x36, 0x52, 0x62, 0xEF, 0xA3, 0x1C, 0xD4,
    0xE1, 0x00, 0xBE, 0x7A, 0xFB, 0x3C, 0xE1, 0x63, 0x9D, 0x31, 0xB5, 0xCF, 0xB1, 0x1A, 0xD1, 0xAF,
    0xDF, 0x26, 0xAF, 0x91, 0xFD, 0x1B, 0xC8, 0xF8, 0xF9, 0x91, 0x10, 0xA0, 0x50, 0x39, 0xC9, 0xE5,
    0x0E, 0x26, 0x8F, 0x26, 0xE6, 0xBA, 0x53, 0xC9, 0x97, 0x12, 0xE1, 0xE6, 0x2F, 0x89, 0x02, 0x21,
    0x33, 0xA4, 0xB4, 0x2E, 0x1C, 0x0F, 0xAB, 0x74, 0x38, 0x8B, 0xEB, 0x62, 0xC0, 0x59, 0xFE, 0xC9,
    0x80, 0xF2, 0xAC, 0x04, 0x73, 0xAB, 0xCA, 0x25, 0x6A, 0x22, 0xAD, 0xB8, 0x9E, 0x83, 0x5F, 0xF5,
    0x58, 0x4A, 0x67, 0xBC, 0xB4, 0x4A, 0xF2, 0x9B, 0x15, 0xFE, 0x39, 0x55, 0xEC, 0x72, 0xC0, 0x87,
    0x52, 0xA6, 0x43, 0xAF, 0x1C, 0x4E, 0x0D, 0x62, 0xF5, 0x96, 0x99, 0xE5, 0xC3, 0x0E, 0x31, 0x2C,
    0xE4, 0x30, 0x29, 0x7B, 0x05, 0xC5, 0x84, 0xC6, 0x79, 0x9D, 0xFD, 0x9D, 0x1B, 0x79, 0x13, 0xD4,
    0x74, 0x58, 0xCD, 0x84, 0x24, 0x5A, 0xA3, 0x54, 0xBC, 0x97, 0x2F, 0x76, 0x2E, 0x2C, 0x3E, 0xC2,
    0xCA, 0xB1, 0xE5, 0x47, 0xF0, 0x9F, 0x03, 0xEC, 0x58, 0x0F, 0x22, 0x6A, 0x04, 0xFF, 0xEC, 0x61,
    0x1B, 0xFB, 0xB0, 0xEF, 0x12, 0x4F, 0x14, 0x21, 0xF2, 0x00, 0xA1, 0xA9, 0xFE, 0xD8, 0x91, 0xF1,
    0x62, 0x6D, 0x8A, 0x57, 0xAB, 0x1B, 0x6A, 0x15, 0xEB, 0xDA, 0x2F, 0x60, 0xED, 0xB1, 0x9F, 0x0D,
    0x85, 0x4E, 0x7B, 0x42, 0xAF, 0x9D, 0xFC, 0x50, 0xC6, 0x94, 0x11, 0xF0, 0x2A, 0xEB, 0x57, 0x01,
    0xC5, 0x6F, 0xCB, 0x79, 0x8C, 0x62, 0x27, 0x0B, 0xB3, 0x40, 0x4E, 0x94, 0x38, 0xB3, 0xD1, 0xF1,
    0x83, 0x19, 0x1B, 0x52, 0x3C, 0x41, 0x41, 0x16, 0xEB, 0xBF, 0x2F, 0xC6, 0xEB, 0x91, 0xAE, 0x30,
    0x81, 0xBE, 0xDD, 0x84, 0x32, 0x53, 0xE2, 0x7D, 0x7C, 0xA0, 0x5C, 0x95, 0x1D, 0x18, 0x0A, 0xF5,
    0x28, 0x24, 0x7F, 0x99, 0xC8, 0x77, 0xB7, 0xFB, 0x9A, 0x48, 0x23, 0x83, 0xF0, 0x4C, 0xB1, 0xBA,
    0x83, 0xCC, 0x71, 0x38, 0x8E, 0xE2, 0xF3, 0x23, 0x83, 0x9C, 0x4B, 0x5F, 0xBB, 0xB8, 0xE6, 0x2E,
    0xE1, 0x8D, 0xEF, 0xD5, 0xFE, 0xC7, 0xF9, 0x0F, 0xB0, 0x41, 0x29, 0xF3, 0x39, 0xB2, 0x89, 0xC7,
    0x8A, 0x83, 0xC6, 0x5E, 0xAC, 0x5C, 0xF2, 0xA3, 0x86, 0xC4, 0x38, 0x0B, 0x24, 0x66, 0x20, 0x27,
    0x33, 0x68, 0x20, 0x69, 0xAD, 0x65, 0xFF, 0xA1, 0xAC, 0x25, 0x6B, 0x0A, 0x6A, 0x4C, 0x41, 0x11,
    0xB4, 0xDF, 0x78, 0xE6, 0x42, 0x60, 0x52, 0x93, 0x18, 0x65, 0x48, 0xCC, 0xB5, 0xA5, 0x24, 0xC6,
    0xED, 0x12, 0xBB, 0x35, 0x61, 0xC2, 0x8A, 0xC1, 0x08, 0x73, 0xDF, 0x64, 0xF1, 0xC3, 0x58, 0xCC,
    0x6F, 0x7D, 0x1C, 0xA4, 0x5F, 0x0A, 0x30, 0x9F, 0xCB, 0xFE, 0xF8, 0x48, 0x3C, 0xBF, 0xAF, 0x5E,
    0x7F, 0xFC, 0xC6, 0x52, 0x93, 0x98, 0x50, 0xB4, 0xDE, 0x35, 0x24, 0xE6, 0xB0, 0x21, 0x31, 0xC8,
    0xDA, 0x49, 0x62, 0x7A, 0x35, 0x38, 0xEB, 0x34, 0x98, 0x05, 0x12, 0xF3, 0x54, 0x4B, 0x62, 0xA0,
    0xBA, 0x8D, 0xCB, 0x55, 0x0F, 0xF7, 0xA9, 0x97, 0xEB, 0x82, 0xED, 0x63, 0xC6, 0xC5, 0x90, 0x98,
    0x4F, 0x3A, 0x24, 0x66, 0x6B, 0xAC, 0x19, 0xE9, 0x91, 0xAC, 0x2A, 0x0F, 0x64, 0x23, 0xDD, 0xD6,
    0x4D, 0x36, 0x8E, 0xE5, 0xA1, 0x0C, 0xA6, 0x6F, 0x48, 0x8C, 0x03, 0x12, 0xE3, 0x83, 0xC4, 0x84,
    0x73, 0x24, 0xE6, 0x42, 0x85, 0x99, 0xA5, 0x24, 0x26, 0x6A, 0x49, 0xCC, 0xA3, 0x0C, 0x43, 0x26,
    0xC8, 0xE4, 0x75, 0x04, 0x6F, 0x4A, 0xC7, 0x33, 0x7E, 0x78, 0xA3, 0x2E, 0x45, 0xFB, 0xA6, 0x62,
    0xBF, 0x59, 0x1D, 0x8B, 0x97, 0x1E, 0x56, 0xD5, 0x40, 0x59, 0xB2, 0xD2, 0x02, 0x97, 0x62, 0x58,
    0x77, 0x8A, 0x2B, 0x8F, 0x90, 0xEC, 0xA4, 0xC7, 0xEC, 0xB5, 0xCF, 0x6A, 0xE5, 0x21, 0x6F, 0x4C,
    0x88, 0x5D, 0x47, 0xF6, 0x6A, 0x79, 0x44, 0xDA, 0x45, 0x14, 0x15, 0x61, 0x54, 0xC4, 0xD1, 0x0C,
    0x48, 0x24, 0x35, 0x94, 0x5D, 0xAF, 0xBC, 0xA3, 0xB3, 0x63, 0x99, 0x89, 0x15, 0x2B, 0x2F, 0xBD,
    0x22, 0x99, 0x4B, 0x54, 0xB3, 0xB7, 0x9E, 0xA0, 0x75, 0x20, 0x68, 0xE5, 0x0F, 0xE9, 0x72, 0xBC,
    0xA4, 0x53, 0xDF, 0x9A, 0x36, 0x77, 0x89, 0xB8, 0xF9, 0xBC, 0x50, 0x88, 0xC4, 0x3A, 0x58, 0xE0,
    0xAA, 0xC8, 0x82, 0x9A, 0x43, 0x14, 0xFC, 0x04, 0x11, 0x2B, 0x5D, 0x1F, 0x22, 0xD6, 0x08, 0x33,
    0xB9, 0x2C, 0xEA, 0xFA, 0x2C, 0x67, 0x78, 0x3A, 0x36, 0xB9, 0x84, 0x67, 0x10, 0xEB, 0x8C, 0x1B,
    0xB8, 0x5C, 0xB9, 0x28, 0xB8, 0x2C, 0x25, 0x32, 0x48, 0xFE, 0x93, 0x0D, 0xD1, 0x3E, 0x12, 0x27,
    0x3C, 0x8F, 0xCD, 0xC3, 0x11, 0x19, 0xD6, 0x9E, 0x74, 0xF1, 0x49, 0xF9, 0x01, 0xB4, 0xD8, 0x74,
    0x26, 0x96, 0x9A, 0xB3, 0x13, 0x7D, 0xAD, 0x23, 0xA8, 0x04, 0x1D, 0x54, 0xF2, 0xC7, 0x8B, 0x4A,
    0xF9, 0xB4, 0x78, 0x92, 0x57, 0x4D, 0x5D, 0xEA, 0xC7, 0xB5, 0x85, 0x74, 0x91, 0x98, 0xD0, 0xF3,
    0x0A, 0x12, 0x03, 0x51, 0xE8, 0x68, 0x09, 0x12, 0x82, 0x69, 0x8E, 0xE4, 0x33, 0x4A, 0x04, 0x89,
    0xE3, 0x79, 0x24, 0x2E, 0xA9, 0x8B, 0xE4, 0x2B, 0xEE, 0xE3, 0x7B, 0xEB, 0x3B, 0xC0, 0xAA, 0xF3,
    0x8E, 0x98, 0xAD, 0x41, 0x62, 0xBF, 0xD8, 0xD5, 0x67, 0x65, 0xFD, 0xBE, 0x56, 0x97, 0xD4, 0x71,
    0x66, 0x66, 0x75, 0xA9, 0x7D, 0x9D, 0xB2, 0x80, 0x0F, 0x40, 0x1B, 0xC1, 0x94, 0x53, 0x8C, 0xFE,
    0x8D, 0xA2, 0x57, 0xC8, 0x8B, 0x12, 0xBB, 0x3A, 0x56, 0x67, 0xB8, 0x7C, 0x96, 0xC7, 0xC3, 0x58,
    0x60, 0x1D, 0x61, 0xDC, 0xE8, 0xCC, 0xA2, 0x92, 0xCD, 0xFE, 0x75, 0x85, 0xBD, 0xF8, 0xAB, 0xE4,
    0xC5, 0x45, 0x30, 0x5E, 0xA1, 0x4E, 0x2F, 0x13, 0x53, 0x8E, 0x78, 0x61, 0x50, 0xB0, 0xA3, 0xE0,
    0x66, 0xD4, 0x76, 0x48, 0xB9, 0x2C, 0xF6, 0x6B, 0x9A, 0xD0, 0xD0, 0xA7, 0x27, 0x0E, 0x28, 0x2C,
    0xCE, 0xC5, 0x7D, 0x4A, 0x9B, 0xC1, 0x59, 0xBC, 0x0B, 0x61, 0xEF, 0xDB, 0xAD, 0x13, 0x69, 0xDC,
    0xDA, 0x80, 0xFD, 0x40, 0x38, 0x65, 0xC1, 0x1B, 0x21, 0x3D, 0x74, 0xD1, 0x06, 0x6F, 0x7D, 0x37,
    0x24, 0xB9, 0x65, 0x8E, 0xE0, 0xAD, 0x6B, 0x2B, 0xFA, 0x73, 0x3B, 0xE7, 0x05, 0xF8, 0xD8, 0x7B,
    0xD4, 0x78, 0xE9, 0x3F, 0x47, 0x49, 0xB8, 0x88, 0x97, 0xEE, 0x1C, 0x4B, 0xCD, 0x6D, 0x16, 0xEF,
    0x67, 0xB9, 0xC9, 0xB7, 0xA0, 0xED, 0xEB, 0x5A, 0x59, 0xF6, 0x3C, 0x4C, 0x04, 0xAA, 0x61, 0xE2,
    0x63, 0xCD, 0xE7, 0x82, 0x4A, 0x1C, 0x14, 0xEE, 0x8A, 0x60, 0x83, 0x09, 0x6C, 0x30, 0x43, 0x01,
    0xB3, 0xB9, 0x96, 0xB6, 0xBB, 0xF1, 0x5C, 0xA8, 0x5F, 0xCE, 0x38, 0x7A, 0x91, 0xA0, 0xBA, 0xD4,
    0xB4, 0x02, 0x10, 0x24, 0x3F, 0x6B, 0xFA, 0xB1, 0x0E, 0xA0, 0xED, 0x53, 0x8F, 0x14, 0x2A, 0x73,
    0x16, 0xA7, 0x9D, 0xB3, 0xD8, 0x6B, 0xCF, 0xA2, 0x24, 0x18, 0x7B, 0x2C, 0x06, 0x14, 0xDC, 0xD1,
    0xB2, 0x03, 0x58, 0xF6, 0xC4, 0x00, 0x63, 0x35, 0xA5, 0x3D, 0x8B, 0xBE, 0xAE, 0x29, 0xC0, 0xCA,
    0xF6, 0x63, 0xB2, 0xDB, 0x1C, 0x67, 0x71, 0x9D, 0xA8, 0x59, 0x35, 0x6A, 0xFF, 0x12, 0xD4, 0xEE,
    0xFA, 0xCD, 0x65, 0xE4, 0xF4, 0x69, 0x96, 0x48, 0x5F, 0x83, 0xFC, 0x84, 0xED, 0x7D, 0x49, 0xA1,
    0xC9, 0xF5, 0x85, 0x32, 0x30, 0x3F, 0x41, 0x21, 0x19, 0x17, 0xEE, 0x3B, 0x68, 0x90, 0x78, 0x21,
    0x48, 0xF3, 0x46, 0xC5, 0x42, 0xF6, 0xD7, 0x03, 0x40, 0xA3, 0x78, 0x1D, 0x00, 0xD1, 0xAC, 0x6A,
    0x80, 0xF6, 0x5A, 0x08, 0xE6, 0x0C, 0xE7, 0x09, 0x3A, 0xA5, 0xD5, 0x5B, 0xB2, 0xEA, 0x24, 0xE9,
    0x91, 0x1E, 0xBD, 0xD3, 0x23, 0xA5, 0xAD, 0x09, 0x27, 0xA3, 0xAA, 0xAB, 0x31, 0xD4, 0xED, 0x8E,
    0xBA, 0xEF, 0x47, 0x2D, 0x94, 0xCD, 0x25, 0xFC, 0x3A, 0x53, 0x90, 0x24, 0xA7, 0xA8, 0x5B, 0xD3,
    0x84, 0x39, 0x79, 0x6C, 0x4A, 0x43, 0xB5, 0x4D, 0xF7, 0x53, 0x84, 0xF1, 0x2E, 0x19, 0xDB, 0x2D,
    0x1E, 0x1A, 0xDE, 0x29, 0x7E, 0xC3, 0x32, 0x94, 0x6E, 0xCD, 0xD6, 0x8E, 0x52, 0x87, 0xE3, 0x55,
    0x24, 0x72, 0x10, 0x39, 0x91, 0xA9, 0x51, 0x87, 0x9D, 0xCD, 0x4E, 0xAE, 0x6B, 0xD7, 0x75, 0x13,
    0x8B, 0xC6, 0xD4, 0x36, 0x6A, 0x4A, 0x1C, 0xDB, 0x43, 0x1B, 0x4C, 0xE1, 0x82, 0x25, 0x5A, 0xBC,
    0x75, 0xEA, 0x23, 0x09, 0xEB, 0x41, 0xCD, 0x10, 0xBE, 0x30, 0x80, 0x92, 0x7E, 0xB2, 0x83, 0xCA,
    0xCF, 0xAD, 0xBA, 0x4F, 0xC4, 0xFE, 0x42, 0x86, 0xB6, 0xBE, 0x19, 0x9B, 0x2E, 0x72, 0xCE, 0x4C,
    0x25, 0xAE, 0x99, 0xDA, 0x19, 0x8B, 0x78, 0xAC, 0xA7, 0xA1, 0x32, 0xB2, 0x89, 0xA2, 0x80, 0x0F,
    0xCF, 0x66, 0xED, 0x69, 0x74, 0xBC, 0x9C, 0x14, 0x92, 0xBD, 0x7B, 0x75, 0xC7, 0xB8, 0xAA, 0x9B,
    0x61, 0x44, 0xD1, 0x03, 0x8E, 0x07, 0xD5, 0x83, 0xEB, 0x6C, 0x83, 0xFB, 0x18, 0x73, 0xB9, 0x9F,
    0xB3, 0x6E, 0x49, 0xDC, 0xAD, 0x59, 0xE7, 0x70, 0xAF, 0x20, 0x99, 0xA5, 0xD5, 0xCF, 0xAE, 0x4E,
    0x51, 0xF7, 0x94, 0xF5, 0x37, 0xB1, 0x36, 0x0F, 0x35, 0x06, 0x77, 0xAC, 0xB7, 0x90, 0x57, 0x50,
    0x07, 0x50, 0xB7, 0x07, 0x6D, 0x43, 0x2C, 0x37, 0x88, 0x0F, 0x01, 0x52, 0x8E, 0x9B, 0x2B, 0x54,
    0x2D, 0x3F, 0x43, 0x5B, 0x00, 0xBA, 0x5D, 0xAC, 0x7B, 0x89, 0x19, 0xF1, 0x76, 0x73, 0xCD, 0x73,
    0x60, 0x8C, 0xDA, 0xC9, 0xFA, 0x08, 0x35, 0x95, 0xDA, 0xAA, 0xE4, 0x3B, 0x01, 0x9A, 0xD7, 0x2E,
    0x75, 0x15, 0x1C, 0x66, 0x6D, 0xAB, 0x7F, 0x76, 0x9F, 0x56, 0x7F, 0xDD, 0xA3, 0xBA, 0x71, 0x61,
    0x2C, 0xAF, 0xD6, 0x5C, 0xFF, 0x27, 0x05, 0x2E, 0xF2, 0xD3, 0xB2, 0xE9, 0x2C, 0xC2, 0xB5, 0x8A,
    0xE9, 0x55, 0xD3, 0x58, 0xD4, 0xFF, 0x55, 0xA1, 0xD3, 0x77, 0x33, 0xC1, 0xA9, 0xF3, 0x74, 0xB3,
    0xB1, 0x69, 0xDD, 0x46, 0xD1, 0xB1, 0xCF, 0x4C, 0xB7, 0x47, 0x3B, 0x09, 0x75, 0x11, 0x54, 0xAF,
    0x82, 0xED, 0x5F, 0x6E, 0xAA, 0xE7, 0x62, 0x73, 0xD8, 0x57, 0x1C, 0xFF, 0xBB, 0xD4, 0x94, 0xA3,
    0x94, 0x1A, 0x76, 0xDA, 0xD4, 0x77, 0x3A, 0x01, 0x61, 0xD2, 0x34, 0xF9, 0x6C, 0xD1, 0x34, 0x02,
    0x9A, 0xC9, 0x25, 0xED, 0x30, 0xED, 0xFC, 0x0A, 0x1B, 0xBD, 0xF1, 0x80, 0xFF, 0x01, 0x5B, 0xCD,
    0x4E, 0x76, 0x37, 0x5C, 0x00, 0xCC, 0x9D, 0x09, 0x5B, 0x30, 0x44, 0x4D, 0xFF, 0x35, 0xD1, 0x72,
    0xCB, 0x5D, 0x54, 0x72, 0x4F, 0x58, 0x1E, 0x43, 0x8B, 0x37, 0xF6, 0xD8, 0xB8, 0x55, 0x40, 0xAF,
    0x43, 0x40, 0xD9, 0x07, 0x92, 0x3D, 0x60, 0xC2, 0x4A, 0x9D, 0x1F, 0xE3, 0xD6, 0x21, 0xC5, 0x9D,
    0xFD, 0x47, 0x68, 0xDF, 0xFE, 0x4C, 0xC6, 0xB7, 0xBF, 0x4B, 0x54, 0xDD, 0xDC, 0xDD, 0xD6, 0xCE,
    0x9A, 0x33, 0xCE, 0xD2, 0x34, 0xE3, 0x3E, 0x38, 0xD3, 0x16, 0xBE, 0x11, 0x00, 0x5B, 0x1A, 0xF2,
    0xFF, 0x01, 0xB5, 0x54, 0x21, 0x77, 0x1C, 0x37, 0x10, 0xFE, 0x76, 0xF5, 0x5C, 0x81, 0x7D, 0xB1,
    0x0C, 0xFA, 0xF2, 0x4C, 0x9C, 0x35, 0x30, 0x6C, 0xBC, 0x24, 0xC0, 0xE0, 0xAE, 0xAB, 0xB8, 0x20,
    0xA0, 0xA4, 0xA0, 0xFD, 0x07, 0x41, 0x25, 0x0D, 0x38, 0x60, 0x70, 0xEB, 0xD3, 0x7B, 0x86, 0xF9,
    0x1B, 0xFD, 0x01, 0x01, 0x07, 0x0A, 0xCE, 0xB6, 0xDC, 0xC0, 0x80, 0xEE, 0x4F, 0x10, 0xE8, 0x0F,
    0x10, 0x58, 0xB0, 0x40, 0x67, 0xF5, 0x93, 0xF6, 0x9C, 0xC6, 0x6D, 0xDA, 0xA2, 0xEA, 0x66, 0xE6,
    0x66, 0x47, 0x33, 0x1A, 0x69, 0xF4, 0x8D, 0x00, 0x20, 0xC6, 0x68, 0x13, 0x63, 0xD2, 0x43, 0x62,
    0xEC, 0x46, 0x9C, 0x86, 0x7D, 0xF8, 0xFF, 0x27, 0x7B, 0x50, 0xFF, 0x17, 0x7D, 0x66, 0x47, 0xF9,
    0x5B, 0x6A, 0x85, 0x39, 0x96, 0xD8, 0x20, 0xF0, 0x77, 0x4F, 0xBD, 0x41, 0x6B, 0x6A, 0xAB, 0x8C,
    0xD2, 0x35, 0x4E, 0x31, 0xC3, 0x9B, 0xCF, 0x58, 0xE6, 0xF4, 0x4C, 0xFE, 0x1B, 0x46, 0xCE, 0xA1,
    0x20, 0xB5, 0xD4, 0x0B, 0x05, 0x3F, 0x17, 0xFD, 0x52, 0xDA, 0x4D, 0xB5, 0x4B, 0x7A, 0xAF, 0x1C,
    0x2D, 0x4D, 0xE9, 0xDB, 0xAB, 0xB1, 0xBE, 0x0B, 0xCA, 0x8C, 0x4A, 0x0F, 0x75, 0xE1, 0x4F, 0x4B,
    0x37, 0x13, 0xF6, 0x8D, 0xC4, 0xBF, 0x4C, 0x61, 0x85, 0x89, 0xDB, 0x3F, 0xF9, 0xE7, 0xF6, 0xA9,
    0xC9, 0xE5, 0xBA, 0xBD, 0xB5, 0x9F, 0xDA, 0xFF, 0x93, 0x2F, 0x77, 0xDC, 0x91, 0xE7, 0xE4, 0x19,
    0xF0, 0x7A, 0xF6, 0x54, 0xE7, 0xB5, 0x6E, 0xA2, 0xFD, 0x6E, 0x56, 0xE8, 0x6C, 0xEF, 0x1E, 0xFB,
    0x25, 0x7B, 0x9A, 0x4F, 0x7E, 0xAF, 0x67, 0x5F, 0xE8, 0x14, 0xF7, 0xC8, 0x8F, 0xDC, 0x98, 0x5B,
    0x17, 0x7D, 0xF4, 0xB7, 0xAE, 0x31, 0x07, 0xC0, 0x96, 0xA5, 0xED, 0x11, 0xB7, 0x2C, 0x70, 0x1F,
    0x69, 0xA7, 0xDC, 0x26, 0x0B, 0xED, 0x9C, 0xED, 0x62, 0xEC, 0xBA, 0x62, 0x88, 0x22, 0x90, 0xA8,
    0x74, 0x90, 0x3D, 0x8D, 0x50, 0x9E, 0xFE, 0x59, 0x4E, 0x96, 0xE4, 0x97, 0x6E, 0xE9, 0x30, 0xDF,
    0x55, 0xB9, 0xCD, 0x3B, 0xE6, 0xA8, 0xA3, 0xC1, 0x2F, 0x59, 0x6B, 0x95, 0x85, 0xCF, 0x5A, 0x27,
    0x5D, 0xD9, 0x67, 0x6D, 0x23, 0xBC, 0x9C, 0xA0, 0x15, 0x84, 0x57, 0x78, 0xD0, 0x9E, 0x7D, 0xD4,
    0x66, 0x0F, 0x9A, 0x5B, 0xD7, 0xBF, 0xA3, 0x76, 0xB8, 0x96, 0xBD, 0x4B, 0xFB, 0xDB, 0x62, 0xA5,
    0xDE, 0xFF, 0x3A, 0xAC, 0xCA, 0x61, 0x85, 0x26, 0xBE, 0xBA, 0x72, 0xF5, 0x95, 0x6B, 0x74, 0x35,
    0xAA, 0xAA, 0x57, 0x1F, 0x7A, 0x65, 0x80, 0xE7, 0x95, 0x55, 0x1F, 0x2C, 0x93, 0x62, 0xA6, 0xAC,
    0xFA, 0x2D, 0x6B, 0x7E, 0xD2, 0x0C, 0x0A, 0xC7, 0xD9, 0xB7, 0xB6, 0x36, 0x10, 0x56, 0xBA, 0xFA,
    0x95, 0x6B, 0x80, 0x4A, 0x8B, 0x61, 0x25, 0x06, 0x56, 0xA8, 0x46, 0x11, 0x43, 0x91, 0xA0, 0xC7,
    0xD2, 0x35, 0x0E, 0x3F, 0xB9, 0x87, 0x83, 0xA5, 0x61, 0x4A, 0xCF, 0x6D, 0xF7, 0xCA, 0xD6, 0xBA,
    0xE1, 0x29, 0x5F, 0x64, 0xDB, 0x21, 0x71, 0x21, 0x7C, 0x2B, 0xFB, 0x6B, 0xE2, 0xA8, 0x3E, 0x1F,
    0x1A, 0xE1, 0x66, 0xD2, 0xBE, 0x90, 0x53, 0xC4, 0x49, 0xA9, 0x4B, 0x3F, 0x97, 0xBD, 0xF0, 0x5D,
    0xD5, 0xCB, 0x9E, 0x40, 0x53, 0x77, 0x63, 0xA3, 0xEB, 0x73, 0xDF, 0xA2, 0x11, 0xFD, 0x06, 0x33,
    0x69, 0x06, 0xD0, 0xDB, 0x4D, 0x29, 0x4E, 0x32, 0x56, 0x2F, 0x89, 0x84, 0x5A, 0x57, 0x56, 0xF4,
    0x60, 0xB9, 0x4E, 0x0A, 0x13, 0xA4, 0x0D, 0xB2, 0xBF, 0x64, 0x9E, 0xD2, 0xD7, 0x7A, 0xAC, 0xEC,
    0x52, 0xF4, 0xCF, 0xD1, 0x3F, 0x49, 0x11, 0xA5, 0x39, 0x04, 0x2D, 0x73, 0xD0, 0xA3, 0x05, 0x7D,
    0xD8, 0x03, 0xE5, 0xA0, 0x4C, 0xF6, 0xCB, 0x9E, 0xC2, 0x9E, 0x16, 0xBE, 0xB0, 0xFB, 0x78, 0x37,
    0x25, 0x59, 0x14, 0xBE, 0xEA, 0x1B, 0x7D, 0xC3, 0x4C, 0x37, 0x60, 0xED, 0x6C, 0xE1, 0x71, 0xB1,
    0xE6, 0x91, 0x6B, 0xC3, 0x0B, 0x1A, 0x11, 0xCA, 0x91, 0xA5, 0x31, 0x73, 0x2C, 0x70, 0x4C, 0xF7,
    0xE3, 0x33, 0x0A, 0xBF, 0x8F, 0xB5, 0xB0, 0xC2, 0x04, 0xC5, 0x12, 0xAE, 0x79, 0x3B, 0x17, 0x69,
    0xB5, 0xA3, 0x92, 0xB5, 0x95, 0xDF, 0xB2, 0x84, 0x2F, 0xB7, 0x95, 0x56, 0x76, 0xAD, 0x6C, 0xF5,
    0x32, 0x54, 0x1A, 0xE2, 0x2D, 0x63, 0xF6, 0x45, 0xBA, 0x83, 0x74, 0xB4, 0x77, 0x38, 0x43, 0x69,
    0xD7, 0x47, 0xEC, 0x3E, 0xB6, 0xF1, 0x11, 0xD6, 0xA5, 0xCD, 0x8B, 0xE6, 0xE5, 0xF7, 0xB0, 0x77,
    0x89, 0xCB, 0x2D, 0xB6, 0x24, 0x9E, 0xFE, 0xEF, 0xB4, 0xC1, 0x86, 0xB4, 0xC4, 0x72, 0xA2, 0x83,
    0x04, 0xCF, 0x0C, 0xA7, 0x84, 0x47, 0x82, 0x91, 0x00, 0xEC, 0x1E, 0x3F, 0x65, 0x09, 0xE5, 0xC8,
    0x30, 0xC6, 0x3A, 0xE5, 0x01, 0x58, 0x4A, 0x24, 0xC4, 0x25, 0xAC, 0x3D, 0x9B, 0xDA, 0x8A, 0x47,
    0xC8, 0x53, 0x05, 0xA7, 0xD2, 0x4E, 0xB9, 0x6D, 0xEC, 0xD3, 0xF4, 0x15, 0xF9, 0x6C, 0x37, 0xE5,
    0x76, 0x53, 0x66, 0x8A, 0x3C, 0xDD, 0x45, 0x7E, 0x99, 0xD2, 0xFD, 0xA8, 0x13, 0xC9, 0xE8, 0x64,
    0x1C, 0x08, 0xF7, 0x50, 0xC7, 0x7B, 0xB4, 0xE7, 0xDB, 0x56, 0x47, 0x3E, 0x35, 0xAB, 0x6B, 0xB6,
    0xDB, 0x05, 0xDA, 0x0D, 0x8B, 0xBA, 0x40, 0xBB, 0x80, 0xB2, 0x07, 0x68, 0x0F, 0x90, 0xC0, 0xC8,
    0x36, 0x27, 0xFE, 0x58, 0x7B, 0xB4, 0x1A, 0x45, 0xC8, 0x9A, 0x1C, 0x20, 0xC6, 0xD4, 0xA2, 0xA8,
    0xFB, 0xDC, 0xB4, 0x5F, 0x33, 0x03, 0x0D, 0xE9, 0x15, 0x1C, 0x32, 0xF1, 0x92, 0x0A, 0x8F, 0xBF,
    0x8C, 0x62, 0x48, 0x04, 0x11, 0x12, 0x3D, 0xFC, 0xED, 0x8C, 0xF8, 0x81, 0x1B, 0x15, 0xD1, 0x15,
    0x41, 0xC5, 0xB1, 0x1C, 0xB9, 0x35, 0x31, 0x76, 0xB8, 0x11, 0xC3, 0x12, 0xAD, 0x18, 0xB8, 0x29,
    0xC1, 0xFA, 0x13, 0x50, 0x98, 0xC4, 0x0D, 0x45, 0x11, 0x28, 0xE4, 0x40, 0x51, 0x1B, 0x26, 0xEB,
    0x52, 0xC6, 0x31, 0x55, 0x82, 0xCB, 0xF9, 0x94, 0x5D, 0x3F, 0x4A, 0x8D, 0x91, 0xE9, 0xCA, 0x90,
    0xD3, 0xE6, 0xA4, 0x7B, 0x28, 0xBE, 0x27, 0x7A, 0x55, 0x34, 0x5B, 0xB4, 0xD1, 0xF1, 0x42, 0xAB,
    0x81, 0x33, 0xE5, 0x18, 0x18, 0x1C, 0x02, 0x2B, 0xCD, 0xFB, 0x34, 0x49, 0x20, 0x0B, 0x4E, 0xF0,
    0xE8, 0x7E, 0xC3, 0x82, 0xB0, 0x17, 0x18, 0xB9, 0x4C, 0xCB, 0x2E, 0x21, 0x5C, 0x12, 0x3D, 0x2F,
    0x50, 0xDA, 0x4F, 0x4E, 0x9B, 0x5F, 0x9C, 0xE9, 0xF1, 0x49, 0x22, 0x7F, 0x4E, 0xCF, 0xCE, 0x3D,
    0x24, 0xAF, 0x60, 0xA8, 0x31, 0x2F, 0xF9, 0x42, 0x9C, 0xA4, 0xDE, 0xC5, 0xC7, 0x0E, 0x3C, 0xCE,
    0x2D, 0xB8, 0xC9, 0x3D, 0x18, 0x52, 0x13, 0xDE, 0x0D, 0xA9, 0x0B, 0xBF, 0xF1, 0xA9, 0x0D, 0xF9,
    0xE8, 0xB3, 0x0F, 0x2B, 0x9B, 0x1A, 0x51, 0xE5, 0x4E, 0x7C, 0xB2, 0x0B, 0xFD, 0x03, 0xB5, 0x51,
    0x31, 0x4E, 0x03, 0x31, 0x10, 0x9C, 0x3B, 0x23, 0xAE, 0x70, 0xE1, 0x07, 0x50, 0xF8, 0x05, 0xE4,
    0x3E, 0x10, 0xB0, 0x25, 0x3E, 0xC0, 0x4B, 0xA0, 0x49, 0x19, 0x25, 0xF7, 0x04, 0x9E, 0x93, 0xE2,
    0x92, 0x5B, 0x89, 0x0F, 0x98, 0x1F, 0x9C, 0x14, 0x1E, 0xE0, 0xC2, 0x12, 0x46, 0xC2, 0xB7, 0xEC,
    0x11, 0x1A, 0x24, 0x0A, 0x24, 0x40, 0x9A, 0xC2, 0xDE, 0x1D, 0xED, 0xCC, 0xCE, 0xD6, 0xEC, 0x0D,
    0x8F, 0xAE, 0x4E, 0x6B, 0xE4, 0x1D, 0xFA, 0x8C, 0x75, 0x9A, 0x21, 0x8F, 0x5D, 0x8F, 0xB4, 0x51,
    0xB1, 0x65, 0x6A, 0x26, 0x00, 0x1E, 0x3A, 0xC0, 0x06, 0xB8, 0x80, 0x97, 0x50, 0x1F, 0x43, 0xF3,
    0x18, 0xCC, 0x4D, 0xB8, 0x54, 0xC1, 0xF1, 0xE4, 0xB8, 0x40, 0x85, 0x13, 0x34, 0x93, 0x11, 0x00,
    0x33, 0x9E, 0x61, 0xD8, 0xC3, 0xD2, 0x67, 0x57, 0x13, 0xB6, 0xDD, 0x76, 0x82, 0x1B, 0x21, 0xC5,
    0x8A, 0x47, 0x9D, 0xD0, 0x7A, 0xB8, 0x82, 0x81, 0x29, 0xEB, 0x31, 0xA9, 0x98, 0xAB, 0xF8, 0x56,
    0xC7, 0x4D, 0x33, 0xCE, 0xBA, 0x05, 0xCC, 0x24, 0x18, 0x8D, 0x0F, 0x0B, 0x60, 0x09, 0x24, 0x54,
    0x71, 0x9E, 0xD4, 0x10, 0x74, 0x07, 0xE3, 0x71, 0x12, 0x12, 0x66, 0xCB, 0xDD, 0xC6, 0xD0, 0xBA,
    0xA1, 0x2B, 0xDD, 0xD9, 0x3B, 0xE8, 0x03, 0x96, 0xA6, 0xDB, 0xA9, 0x90, 0x55, 0x28, 0x9A, 0xB6,
    0xEC, 0xF5, 0x2B, 0x74, 0x86, 0x63, 0xDF, 0x1B, 0x4A, 0x0D, 0x49, 0x7D, 0x3F, 0x9B, 0x27, 0x31,
    0x0C, 0xD3, 0xC1, 0xA1, 0x2A, 0xB8, 0x4F, 0x62, 0x10, 0xD6, 0x12, 0x0F, 0xD1, 0x3E, 0x25, 0xE3,
    0xBF, 0xC0, 0x76, 0x79, 0x38, 0x72, 0xFD, 0xC3, 0xC4, 0x56, 0xB0, 0x22, 0x97, 0x66, 0xCF, 0xDF,
    0xE2, 0x7C, 0xF2, 0xEE, 0x63, 0x47, 0xB1, 0xB4, 0x37, 0x94, 0x1B, 0x5A, 0x49, 0x3E, 0xB2, 0x52,
    0x0B, 0xF4, 0x50, 0x11, 0x86, 0x70, 0x0D, 0x49, 0x20, 0x48, 0x38, 0x17, 0x59, 0x22, 0x42, 0xB6,
    0xFE, 0x56, 0x08, 0x0B, 0xD4, 0x19, 0xB6, 0xE0, 0x4C, 0x98, 0xF2, 0xB5, 0xBE, 0x1A, 0xC0, 0x42,
    0x78, 0xF8, 0x9F, 0x33, 0x15, 0x2F, 0x23, 0x45, 0xEA, 0xAF, 0xCF, 0xE4, 0x7F, 0x79, 0xA6, 0x77,
    0x35, 0x90, 0xB1, 0x4E, 0xC3, 0x30, 0x10, 0x86, 0x7F, 0xBB, 0x94, 0x08, 0x45, 0xC2, 0x5D, 0x4A,
    0x11, 0x1D, 0xCA, 0x4C, 0x25, 0x78, 0x01, 0x50, 0xFC, 0x06, 0x30, 0x34, 0x4B, 0x18, 0x78, 0x04,
    0x16, 0x46, 0x10, 0x79, 0x84, 0x3C, 0x02, 0x73, 0x18, 0xBA, 0x30, 0x46, 0x8A, 0x1F, 0xA1, 0x0B,
    0x7B, 0x86, 0x82, 0x84, 0x58, 0x32, 0xA4, 0x52, 0x53, 0xB5, 0x1C, 0x67, 0xC7, 0xB5, 0xF4, 0x5B,
    0xDF, 0x9D, 0xCF, 0xBF, 0xEE, 0xEE, 0x2C, 0xCF, 0xDF, 0x22, 0xA2, 0xE6, 0xB0, 0x4D, 0x1A, 0xD1,
    0xE0, 0x83, 0xF5, 0xC4, 0x3A, 0x67, 0xC1, 0x69, 0xF3, 0x6E, 0x04, 0x91, 0x11, 0x6D, 0xAC, 0xF7,
    0xB9, 0x88, 0x2A, 0x4C, 0x37, 0x19, 0xF6, 0x71, 0x48, 0x99, 0xCB, 0x01, 0x8F, 0x19, 0x24, 0xAD,
    0x11, 0x9A, 0x02, 0x0A, 0x37, 0xB8, 0xC4, 0x35, 0xDF, 0x03, 0x16, 0x0E, 0x5E, 0x86, 0x7A, 0x42,
    0x94, 0xF6, 0x77, 0x31, 0x50, 0x58, 0x0F, 0xC2, 0xC5, 0x5F, 0x0E, 0xD4, 0xEC, 0xC1, 0xEA, 0xF1,
    0xF7, 0xD1, 0x67, 0x3C, 0x7B, 0x25, 0x5A, 0x47, 0x73, 0x6A, 0x4E, 0x21, 0xF4, 0xC9, 0xBC, 0x85,
    0x3B, 0x5C, 0xBC, 0x70, 0x20, 0xEB, 0xA0, 0xF1, 0x80, 0xED, 0x1E, 0x0A, 0xE9, 0xE1, 0x39, 0xD4,
    0x1E, 0x94, 0x87, 0xED, 0x43, 0x8E, 0x52, 0xCB, 0x5A, 0xAC, 0x88, 0x82, 0xDF, 0x4A, 0xD6, 0x61,
    0xA5, 0xB4, 0xC2, 0x42, 0x72, 0x27, 0x16, 0x52, 0x49, 0x4B, 0x30, 0x18, 0x5B, 0xCC, 0x10, 0xEC,
    0x3C, 0xA0, 0x34, 0x1E, 0x82, 0xAA, 0x83, 0x23, 0x51, 0x77, 0x70, 0x2C, 0xAB, 0x31, 0xA5, 0x50,
    0xDF, 0xB7, 0xF7, 0x26, 0x22, 0x83, 0x80, 0x14, 0x69, 0xD7, 0xCB, 0x00, 0x77, 0x7C, 0x4F, 0x7F,
    0x78, 0x1A, 0xE2, 0x94, 0x5A, 0x4E, 0x34, 0x22, 0x5E, 0x04, 0xB7, 0xAA, 0xEC, 0xA2, 0xFA, 0xCE,
    0x1C, 0xA3, 0x55, 0xA2, 0xED, 0x48, 0x29, 0x7B, 0x73, 0x38, 0xFE, 0x4A, 0x80, 0x92, 0xD7, 0xD1,
    0x85, 0x3D, 0x5B, 0x22, 0xED, 0x94, 0xC2, 0x4D, 0xC8, 0xED, 0x6B, 0x5C, 0xB9, 0x67, 0xDE, 0x2C,
    0x30, 0x04, 0xFE, 0x01, 0x8D, 0x53, 0x3B, 0x4E, 0xC3, 0x40, 0x10, 0x7D, 0x8E, 0x83, 0x2C, 0x11,
    0xA1, 0xA5, 0xA0, 0x04, 0xB9, 0xA5, 0x80, 0xA4, 0xA1, 0xA0, 0x58, 0x13, 0xDF, 0x00, 0x1F, 0x86,
    0xD2, 0x26, 0x39, 0x14, 0x45, 0x8A, 0x48, 0xF1, 0x0D, 0xF0, 0x0D, 0xC8, 0x0D, 0xD8, 0x08, 0x17,
    0x14, 0x41, 0xCB, 0x9B, 0x71, 0x6C, 0x27, 0x22, 0x12, 0x19, 0x65, 0x46, 0xDE, 0xF9, 0xBD, 0xF9,
    0x05, 0x97, 0x20, 0xBD, 0x91, 0x07, 0x8E, 0x62, 0x54, 0x52, 0x8C, 0x45, 0x35, 0xF3, 0xDE, 0x97,
    0x2A, 0x26, 0x68, 0x0D, 0xEA, 0xA2, 0xCE, 0xD0, 0x30, 0x52, 0x81, 0xC0, 0xA7, 0x91, 0xAF, 0x62,
    0x5B, 0xE7, 0x36, 0x79, 0xB0, 0xD7, 0xB0, 0xF8, 0xFF, 0xD7, 0x51, 0x28, 0x69, 0x03, 0x4D, 0x9B,
    0x8B, 0x88, 0xB1, 0x12, 0x48, 0x15, 0xFA, 0xDC, 0x19, 0x14, 0x59, 0x9D, 0x85, 0xAE, 0x70, 0x0A,
    0x0A, 0x8B, 0x49, 0x6C, 0x61, 0x0A, 0x17, 0x32, 0x97, 0x6F, 0x71, 0x33, 0xA4, 0x80, 0x0B, 0x2B,
    0x84, 0x55, 0x50, 0xC3, 0xA4, 0xEC, 0x20, 0x01, 0x0C, 0xBC, 0x40, 0xAA, 0x48, 0x04, 0x97, 0x86,
    0x1C, 0xE1, 0x5A, 0x4A, 0x73, 0x1D, 0xEE, 0x23, 0x98, 0x87, 0xD9, 0xCC, 0xAB, 0x4B, 0xEC, 0xF2,
    0xC5, 0xDE, 0x1D, 0xC5, 0xA5, 0xBE, 0xB0, 0xF9, 0x01, 0xEE, 0x19, 0x83, 0x27, 0x73, 0x60, 0xB5,
    0xC6, 0xE0, 0x73, 0x81, 0xD1, 0xFB, 0x13, 0x62, 0x63, 0xD2, 0xA1, 0x09, 0x04, 0xFA, 0x80, 0x2F,
    0x4C, 0x04, 0xF3, 0x1C, 0x23, 0xFC, 0x60, 0xDF, 0x9E, 0xF0, 0xD3, 0x52, 0xF5, 0x53, 0x56, 0x36,
    0xD5, 0xA9, 0x9C, 0xE3, 0x4F, 0xD0, 0x3E, 0x5B, 0x72, 0x6D, 0xD8, 0x9E, 0x61, 0x13, 0x46, 0xE2,
    0x94, 0xC5, 0xCA, 0xAE, 0xC1, 0xA6, 0x9B, 0x91, 0x72, 0x83, 0xB7, 0x68, 0xA6, 0x72, 0x94, 0x03,
    0x49, 0x95, 0xC2, 0x46, 0x25, 0xBF, 0x1D, 0x75, 0x79, 0x97, 0x0B, 0x32, 0x32, 0xD4, 0x4D, 0x42,
    0xFA, 0x20, 0xD0, 0xF1, 0x34, 0xE9, 0x32, 0x32, 0xDD, 0x69, 0xD2, 0x70, 0x7A, 0x5A, 0x4E, 0x75,
    0x4B, 0xFE, 0x96, 0x28, 0xC3, 0x31, 0x84, 0x6B, 0x7E, 0xB8, 0xBD, 0x33, 0x90, 0xC9, 0x02, 0x0B,
    0x59, 0xB4, 0x98, 0x46, 0x7A, 0x76, 0x22, 0x16, 0xAD, 0x1E, 0xFA, 0x54, 0x83, 0xBA, 0x60, 0xD9,
    0x22, 0xF6, 0x14, 0xB3, 0x92, 0x59, 0xC5, 0x73, 0xAA, 0x11, 0xB9, 0x1F, 0x8C, 0x9D, 0x4F, 0xAD,
    0xFB, 0x2A, 0xE1, 0x64, 0x89, 0x27, 0x70, 0x4F, 0x51, 0x77, 0xF2, 0xEC, 0x9C, 0xC7, 0xB8, 0xD5,
    0xB3, 0x54, 0xCB, 0x5C, 0x2C, 0x73, 0x7D, 0xAA, 0x61, 0x77, 0xBE, 0xEA, 0x1C, 0xB5, 0xF1, 0x59,
    0x76, 0x12, 0xE2, 0xD0, 0x6D, 0x20, 0x15, 0xC6, 0xAC, 0x54, 0x2A, 0x0E, 0x36, 0xFD, 0xBE, 0x7B,
    0xBA, 0x41, 0x25, 0xFF, 0xB3, 0x5A, 0x80, 0xEE, 0x79, 0x7E, 0xDE, 0xA7, 0x86, 0xA2, 0x92, 0x2D,
    0x39, 0x19, 0xA9, 0xD3, 0xA7, 0x1A, 0x38, 0xD5, 0x44, 0xB6, 0x53, 0xEF, 0xC2, 0x84, 0x7E, 0x01,
    0xBD, 0x58, 0xBD, 0x93, 0xDB, 0x44, 0x14, 0x7F, 0x92, 0xC2, 0x89, 0x41, 0x33, 0x6C, 0x0A, 0x98,
    0x01, 0x32, 0x44, 0x0D, 0x25, 0x89, 0x28, 0x61, 0xC6, 0xB6, 0xC4, 0x50, 0x50, 0x50, 0x90, 0x22,
    0xA9, 0x28, 0xD2, 0x32, 0xD7, 0xA4, 0x49, 0x41, 0x61, 0x9F, 0x35, 0x43, 0x91, 0x82, 0xC6, 0x1D,
    0x1D, 0x15, 0xD5, 0xD1, 0xA4, 0xB8, 0x22, 0x85, 0x2F, 0x16, 0x15, 0x05, 0x05, 0xE2, 0x2F, 0x88,
    0x8A, 0x0C, 0x74, 0xA0, 0x42, 0x0C, 0x4E, 0x90, 0xBD, 0xFC, 0x7E, 0x6F, 0x25, 0x9D, 0xEF, 0xF2,
    0x41, 0x80, 0x80, 0xEE, 0xF4, 0xCE, 0xDE, 0x7D, 0xDF, 0x5F, 0xFB, 0xF6, 0xAE, 0x8A, 0xC8, 0xD5,
    0x03, 0x80, 0x75, 0x2A, 0xE2, 0xD5, 0x49, 0x26, 0x41, 0x1D, 0xE7, 0x12, 0x96, 0xA6, 0x90, 0xA8,
    0x08, 0x4B, 0x31, 0x79, 0x60, 0xAD, 0x15, 0xDF, 0xDA, 0xAD, 0x78, 0x6B, 0x19, 0x8B, 0xB4, 0xB2,
    0x14, 0x39, 0x96, 0x46, 0x24, 0xF5, 0x6A, 0x91, 0xC4, 0xAF, 0x44, 0xE2, 0xCF, 0x0B, 0x11, 0xF3,
    0x1D, 0x40, 0x74, 0x2F, 0x13, 0x09, 0x2C, 0x38, 0x06, 0x5B, 0x00, 0xAF, 0x05, 0x20, 0xAE, 0x7B,
    0x2E, 0xDC, 0x17, 0x0F, 0x8C, 0x82, 0x32, 0xC9, 0x3D, 0x81, 0x08, 0x08, 0x02, 0x22, 0x18, 0x04,
    0xE0, 0xE4, 0xD7, 0x12, 0xFD, 0x54, 0xCB, 0xCA, 0xD6, 0x7E, 0x13, 0xD5, 0x51, 0x01, 0x4D, 0xB0,
    0x37, 0xC1, 0x3B, 0x06, 0xC5, 0x54, 0xC2, 0x62, 0x29, 0x51, 0xBE, 0x14, 0x03, 0x05, 0x2E, 0xCB,
    0x4C, 0xA6, 0x92, 0xBE, 0xDF, 0x48, 0x6C, 0x0B, 0x09, 0xB7, 0x8E, 0xFD, 0xCA, 0xDA, 0x1C, 0x2F,
    0x75, 0x79, 0xE2, 0x9B, 0x62, 0x3F, 0x7D, 0x0A, 0xCE, 0x79, 0xBC, 0xB0, 0x98, 0x6F, 0xA6, 0x4C,
    0xAF, 0x88, 0xB7, 0xDA, 0xC2, 0xD2, 0xD8, 0xDA, 0x9F, 0x4B, 0x99, 0x2F, 0x22, 0x9B, 0xD1, 0x2A,
    0x4B, 0x9D, 0x7D, 0x9B, 0x45, 0x25, 0x6C, 0x2E, 0x40, 0x9B, 0x7C, 0x54, 0xC4, 0x99, 0x1C, 0x07,
    0x65, 0x2C, 0x5E, 0x13, 0x54, 0x09, 0x6C, 0x23, 0x8C, 0x73, 0xC2, 0x03, 0x58, 0x10, 0xC3, 0x7F,
    0x70, 0xEC, 0x87, 0x15, 0x24, 0x98, 0x7B, 0x39, 0x76, 0xA8, 0x77, 0x2A, 0x01, 0xB8, 0x6D, 0x24,
    0xB4, 0xD9, 0x05, 0x58, 0x73, 0xC3, 0xDA, 0x52, 0xC6, 0xBE, 0x7D, 0x20, 0xF2, 0x4A, 0xE7, 0xB4,
    0x73, 0x04, 0x8C, 0x91, 0xD0, 0xAD, 0x1E, 0xD5, 0xF2, 0x7F, 0xCD, 0xE1, 0xB3, 0xEF, 0xE9, 0xEF,
    0x5B, 0xF0, 0xA0, 0xF9, 0x80, 0x31, 0x80, 0xFF, 0x64, 0xE2, 0xC1, 0xD7, 0x23, 0xC4, 0x48, 0xEE,
    0x30, 0x4C, 0x0D, 0xE8, 0xA0, 0x7A, 0x4A, 0x1F, 0x27, 0x59, 0x58, 0x40, 0x66, 0x54, 0x50, 0x7C,
    0x26, 0x51, 0x89, 0x60, 0x87, 0x35, 0x5C, 0x61, 0x1D, 0xC0, 0x6B, 0x4B, 0x82, 0xEA, 0x2E, 0xD8,
    0x16, 0x73, 0x75, 0x16, 0x40, 0x86, 0x7C, 0x48, 0xE8, 0x9C, 0x09, 0x68, 0xE0, 0xF4, 0xB0, 0x92,
    0x35, 0x6D, 0x6F, 0x60, 0x26, 0x45, 0xB6, 0x01, 0x34, 0x58, 0x82, 0xB7, 0x1C, 0x44, 0xD0, 0x2A,
    0x35, 0x50, 0x32, 0xB9, 0x0E, 0x60, 0x8E, 0x01, 0x22, 0x26, 0x40, 0xB8, 0x16, 0x17, 0x62, 0xF1,
    0xB2, 0x3E, 0x15, 0xF6, 0xAC, 0x6D, 0x05, 0x82, 0x5B, 0xCF, 0x5E, 0xC1, 0x26, 0x53, 0xC4, 0x80,
    0x11, 0x34, 0x24, 0x3D, 0xD1, 0x52, 0x19, 0x00, 0xB4, 0x6A, 0x1D, 0x18, 0xD6, 0x14, 0xC5, 0x10,
    0x39, 0x22, 0x99, 0x32, 0x10, 0xBB, 0xE0, 0x0E, 0x39, 0x7B, 0x2B, 0xDB, 0xF6, 0xA2, 0xA8, 0x16,
    0x51, 0x77, 0x45, 0x8E, 0x49, 0x31, 0xA5, 0xC8, 0x3B, 0x14, 0xD9, 0x80, 0x9F, 0x3A, 0xCA, 0xEF,
    0xBC, 0xB5, 0x2B, 0x12, 0xDE, 0x4A, 0x25, 0xA6, 0xC8, 0x84, 0x4E, 0x99, 0x80, 0x63, 0x35, 0x82,
    0xC8, 0xF5, 0x92, 0x22, 0xD7, 0xBD, 0xC8, 0x40, 0x41, 0x45, 0x65, 0x8A, 0xDE, 0xD4, 0x0B, 0x2A,
    0x0D, 0x20, 0x7C, 0x40, 0xDB, 0xB8, 0x9E, 0x0E, 0xB6, 0x69, 0x4C, 0xE7, 0xF4, 0xBD, 0x82, 0xC9,
    0x60, 0x9B, 0xFA, 0x20, 0x6A, 0x34, 0xDA, 0x64, 0xAA, 0xEC, 0x87, 0x07, 0x5A, 0xE5, 0x04, 0x6B,
    0xF5, 0xA2, 0xFA, 0x82, 0x7C, 0xA3, 0x6A, 0x70, 0x32, 0x77, 0x44, 0x29, 0xDA, 0x13, 0x3B, 0x86,
    0x35, 0xEE, 0x32, 0x4D, 0x1C, 0xB2, 0x92, 0x91, 0x01, 0x58, 0x29, 0xD3, 0xD4, 0x6E, 0xBB, 0x20,
    0xA9, 0x2D, 0x0C, 0xF1, 0xAE, 0xC8, 0x29, 0x45, 0x8E, 0x48, 0x31, 0x21, 0x6D, 0x42, 0x2E, 0x86,
    0x22, 0xE1, 0xE0, 0x16, 0x79, 0x73, 0x4A, 0x24, 0x88, 0x21, 0xB2, 0xA6, 0xC8, 0x86, 0x22, 0x97,
    0x14, 0x39, 0xA5, 0xC8, 0x31, 0x45, 0x26, 0x83, 0x48, 0xAB, 0x16, 0xD3, 0x8C, 0xB0, 0xF3, 0x1D,
    0xD6, 0x34, 0x0A, 0x5A, 0xDA, 0x73, 0x35, 0x90, 0x9A, 0xF8, 0x4D, 0x6F, 0x82, 0xB4, 0x31, 0x65,
    0xC4, 0xBB, 0xB6, 0x9D, 0x98, 0x95, 0xB0, 0xC8, 0x95, 0xFD, 0x7D, 0xD9, 0x79, 0x56, 0x9A, 0xE0,
    0x74, 0xB7, 0xCD, 0x89, 0xD7, 0xCA, 0xFF, 0x0F, 0x43, 0x54, 0xCE, 0x06, 0x71, 0xCF, 0x63, 0x5B,
    0xEE, 0x1F, 0x66, 0x6F, 0x1C, 0x2E, 0x54, 0x35, 0x1A, 0x92, 0x27, 0x04, 0xA6, 0x62, 0xEF, 0x6D,
    0xE0, 0x0A, 0xBF, 0x65, 0x2E, 0x59, 0xF1, 0x10, 0x02, 0x7A, 0x28, 0x66, 0xAA, 0x87, 0xEA, 0x07,
    0x75, 0xC1, 0x66, 0x48, 0xA3, 0xB6, 0xF7, 0x4D, 0xC8, 0xA0, 0x99, 0xA2, 0x4F, 0xA5, 0x63, 0x97,
    0x0F, 0x5E, 0xC1, 0x6E, 0xC5, 0x36, 0x15, 0x14, 0xA8, 0x9C, 0x48, 0xBD, 0xA3, 0x20, 0x7F, 0xE3,
    0xF0, 0xF0, 0x50, 0xAC, 0x3E, 0xC2, 0x2C, 0x67, 0x8F, 0x47, 0x65, 0xB0, 0x83, 0x30, 0x74, 0xC2,
    0xFE, 0xCE, 0x84, 0x66, 0x60, 0x50, 0x09, 0x8A, 0xC2, 0x54, 0x1D, 0xED, 0xA0, 0xE0, 0x65, 0x17,
    0xD8, 0x45, 0xB9, 0xBC, 0x83, 0x72, 0xBE, 0xFB, 0x3B, 0xEA, 0xB8, 0x73, 0x9F, 0x78, 0xC4, 0x27,
    0x6B, 0x8A, 0x20, 0x1F, 0x45, 0x9A, 0x9E, 0x41, 0x62, 0xF5, 0xF6, 0x48, 0x3C, 0x70, 0xF4, 0x34,
    0xE9, 0x91, 0x50, 0x90, 0xF2, 0x82, 0xFE, 0x8A, 0x71, 0xEF, 0x39, 0x23, 0xD9, 0xC4, 0x44, 0x45,
    0x7C, 0x6F, 0x9E, 0x79, 0x96, 0xA7, 0x54, 0x89, 0x36, 0xBD, 0x96, 0xE4, 0x87, 0x24, 0xBF, 0x64,
    0x20, 0xD1, 0x9C, 0xE0, 0x46, 0x4C, 0x3D, 0xB9, 0x63, 0xF2, 0x3A, 0x28, 0xDC, 0xEF, 0x32, 0xCA,
    0xB1, 0x82, 0xF5, 0x19, 0xBC, 0x6E, 0xE5, 0xB3, 0xEE, 0x04, 0xE8, 0x6A, 0x81, 0x36, 0xBA, 0x2C,
    0x55, 0x07, 0x53, 0x3B, 0x55, 0x53, 0xD5, 0x50, 0xA7, 0xA8, 0x62, 0xE8, 0xBC, 0xD7, 0x32, 0xE4,
    0xA8, 0x65, 0x93, 0xB4, 0x35, 0x94, 0xE6, 0x81, 0x80, 0xAC, 0x25, 0x7D, 0x4B, 0xA3, 0x67, 0x34,
    0x6A, 0x42, 0xFA, 0x94, 0xF4, 0x09, 0xE9, 0xCD, 0x8C, 0xA0, 0x7D, 0xB4, 0x67, 0x6A, 0x05, 0xAA,
    0x12, 0x5C, 0xBE, 0xEF, 0x57, 0xC9, 0x36, 0x2A, 0x67, 0xE6, 0x2B, 0x39, 0xC2, 0xC9, 0x41, 0xEE,
    0x7C, 0x1B, 0x7C, 0x3E, 0xB8, 0x1E, 0x67, 0x49, 0x1B, 0x56, 0x7B, 0x0B, 0x6F, 0x11, 0x56, 0x88,
    0x7A, 0xB2, 0x89, 0xAC, 0xCC, 0xE2, 0x4B, 0x26, 0x3F, 0x0A, 0x68, 0x9F, 0x57, 0xD1, 0x48, 0x9A,
    0x69, 0xC6, 0x30, 0xB4, 0x35, 0x30, 0xB5, 0x72, 0x99, 0xD4, 0xD5, 0xD4, 0xF3, 0x06, 0x5B, 0x24,
    0xD7, 0x42, 0x6B, 0x4E, 0xC1, 0x49, 0x21, 0x96, 0xD2, 0x9B, 0xE7, 0xFA, 0xB7, 0xEB, 0x79, 0x2E,
    0x67, 0x5D, 0x9B, 0x72, 0x95, 0xAE, 0xED, 0xC9, 0x35, 0xCE, 0x6E, 0x53, 0x73, 0xDE, 0x29, 0xAD,
    0x95, 0xE0, 0x62, 0xE1, 0xDA, 0xAA, 0xDC, 0x95, 0x61, 0xE8, 0x08, 0x1E, 0x32, 0xB1, 0x0D, 0xE5,
    0x66, 0x89, 0x42, 0x59, 0x3F, 0xED, 0x61, 0xDC, 0x4C, 0xFE, 0x5F, 0xFC, 0x76, 0x26, 0x6B, 0x83,
    0xA2, 0xF6, 0xBE, 0x8E, 0x47, 0xF7, 0x68, 0xC0, 0x0F, 0xD8, 0x34, 0xB7, 0x58, 0x36, 0xCC, 0x0D,
    0x9D, 0xA5, 0xC6, 0x4C, 0xF2, 0x29, 0xB3, 0xBC, 0x3B, 0xC2, 0xC7, 0x4C, 0x7B, 0x8E, 0x41, 0xC8,
    0x35, 0x14, 0x82, 0xC9, 0x22, 0xCE, 0x66, 0x60, 0x1B, 0x16, 0x31, 0x13, 0x33, 0x65, 0x8A, 0x8C,
    0xBB, 0xE6, 0xA7, 0x65, 0x81, 0x41, 0x8E, 0x6B, 0xDC, 0x2D, 0x15, 0x8F, 0x87, 0x7E, 0x0E, 0x09,
    0x26, 0xE3, 0x20, 0xE0, 0xF8, 0x09, 0xCF, 0x3F, 0x48, 0x58, 0xB2, 0x2E, 0x1B, 0x8E, 0x0E, 0x90,
    0x1B, 0x33, 0x4F, 0xCD, 0x07, 0xD0, 0x25, 0xFA, 0xA2, 0xE8, 0xF4, 0x0B, 0x7E, 0xED, 0x75, 0x76,
    0xBE, 0xA7, 0x1D, 0xC9, 0x96, 0x4B, 0x08, 0xA8, 0x69, 0xC2, 0x96, 0x67, 0xF1, 0x8C, 0x1C, 0x13,
    0x0A, 0x8F, 0xC9, 0xD6, 0x64, 0x0A, 0x96, 0x3C, 0x77, 0xFF, 0x21, 0xF8, 0x54, 0xE4, 0xA5, 0xEC,
    0x15, 0xD6, 0xF6, 0xBF, 0xE1, 0xA2, 0x40, 0x75, 0x41, 0x79, 0xC5, 0x99, 0x2A, 0x09, 0x75, 0x0F,
    0xC4, 0x54, 0xBE, 0x1E, 0xD9, 0x35, 0x0F, 0x05, 0x58, 0xE9, 0x69, 0x81, 0xF1, 0xD0, 0x4D, 0x61,
    0x5B, 0x3B, 0x81, 0x3B, 0x5F, 0x74, 0x8D, 0xED, 0x79, 0xBE, 0x95, 0xBE, 0xAF, 0xA1, 0x07, 0x4C,
    0x90, 0xB6, 0x68, 0x35, 0xEC, 0x35, 0x78, 0x2E, 0xF5, 0xE3, 0x9D, 0x03, 0x33, 0x79, 0xE6, 0x27,
    0x42, 0xDE, 0x7F, 0x9D, 0xA2, 0xAF, 0xB7, 0x0A, 0x60, 0x9B, 0x2B, 0x1C, 0xDD, 0x38, 0x3A, 0xB5,
    0xE1, 0x35, 0xCF, 0xCE, 0xF6, 0x51, 0x85, 0xE2, 0x2C, 0x2D, 0xD2, 0xE2, 0xE2, 0x19, 0xBC, 0x7E,
    0x15, 0xD2, 0xFC, 0x12, 0x82, 0x4C, 0xAD, 0x80, 0xB3, 0x65, 0xF9, 0x37, 0x4C, 0x78, 0x3C, 0x2D,
    0xE6, 0xE3, 0x10, 0xE7, 0x62, 0x13, 0xCB, 0xC8, 0xC7, 0x21, 0xFF, 0x96, 0x5C, 0xD8, 0xE9, 0x20,
    0xE2, 0x6F, 0x24, 0x40, 0x7D, 0x57, 0x31, 0xE7, 0xE5, 0x0D, 0x76, 0x93, 0xEA, 0x2C, 0xE7, 0x7E,
    0x06, 0xB0, 0x4F, 0xDE, 0xE0, 0x98, 0x66, 0x5A, 0xAF, 0x4C, 0xED, 0x97, 0xE5, 0x34, 0xB2, 0xC5,
    0x3B, 0xDE, 0x5D, 0xE6, 0x42, 0x16, 0x6F, 0xBC, 0x6A, 0x77, 0x4D, 0x9F, 0xF7, 0x32, 0xF9, 0x24,
    0x53, 0xB2, 0xBD, 0xD3, 0x83, 0xC5, 0xDE, 0x0A, 0x5F, 0x75, 0x43, 0x51, 0xBA, 0x55, 0x9C, 0x7B,
    0xB7, 0xC5, 0xAB, 0xBA, 0xC3, 0xF5, 0xA2, 0x1E, 0x80, 0x47, 0xDD, 0x59, 0x1B, 0x89, 0xBC, 0xAC,
    0xB3, 0xFD, 0x33, 0xE8, 0xF8, 0x17, 0x1B, 0x61, 0xA6, 0x13, 0x52, 0x88, 0xEA, 0x9C, 0xE3, 0x36,
    0xB2, 0x71, 0xC3, 0x42, 0xCA, 0x22, 0x66, 0xC1, 0xAE, 0x8A, 0x2E, 0xCB, 0x56, 0xB9, 0x6B, 0xB3,
    0xDE, 0x2E, 0xA7, 0xEE, 0x32, 0x24, 0xF2, 0xA6, 0x74, 0x34, 0x3D, 0xEA, 0x09, 0x4D, 0x81, 0x71,
    0x1A, 0xF7, 0x95, 0x46, 0x2F, 0x1F, 0xF8, 0xA3, 0xC3, 0xF7, 0xB9, 0xD3, 0x1A, 0x0D, 0x7C, 0xF8,
    0x5C, 0x54, 0xC3, 0xF5, 0x20, 0x05, 0xFA, 0x2A, 0x07, 0x1D, 0x3E, 0x26, 0xFC, 0xC8, 0x8B, 0xD3,
    0x9A, 0x7C, 0x03, 0xE8, 0x66, 0xD6, 0xD4, 0x98, 0xBB, 0xF8, 0x42, 0xCC, 0xB2, 0xA3, 0xE2, 0x89,
    0x7A, 0xD4, 0xFB, 0xD0, 0x75, 0x35, 0xAF, 0xA2, 0x79, 0xBC, 0x55, 0x02, 0x79, 0x8E, 0x2F, 0xAB,
    0x72, 0xCF, 0x7D, 0x61, 0xDC, 0xE7, 0x19, 0xCA, 0x19, 0xB4, 0xE8, 0x46, 0x91, 0x32, 0x5D, 0xE5,
    0xF0, 0x47, 0xF7, 0xB1, 0x20, 0xD5, 0x4C, 0x27, 0x08, 0xC7, 0x0E, 0x03, 0xE0, 0x82, 0x40, 0xAF,
    0xA8, 0x2B, 0x3D, 0xCB, 0xCF, 0x4C, 0xCF, 0x3B, 0x23, 0x74, 0xFF, 0xD5, 0x1F, 0x86, 0x4B, 0x53,
    0xBD, 0x7A, 0xED, 0xDA, 0xAA, 0x50, 0x06, 0x73, 0x5E, 0xD8, 0xF0, 0xBC, 0xDE, 0xF5, 0xDE, 0x61,
    0x04, 0x70, 0x93, 0x0A, 0x2E, 0x00, 0x0D, 0x1A, 0xA5, 0x6D, 0xCC, 0x03, 0xB6, 0xDE, 0x1C, 0x0D,
    0x3C, 0xE5, 0x08, 0x71, 0xCC, 0x79, 0x99, 0x77, 0x59, 0xF0, 0x8F, 0x09, 0x26, 0xA4, 0x19, 0x73,
    0x60, 0x9B, 0xF2, 0xA4, 0xBB, 0xC3, 0x11, 0x16, 0xF4, 0xE6, 0xE1, 0x6F, 0xD7, 0xAE, 0x28, 0x03,
    0xDE, 0x02, 0x1A, 0x37, 0x1E, 0xBB, 0x0B, 0xCD, 0x30, 0x7D, 0xEC, 0x3C, 0x7A, 0xF3, 0x88, 0x86,
    0xE1, 0xC4, 0x9C, 0x36, 0x75, 0x46, 0x53, 0x97, 0x34, 0xB5, 0xA1, 0x1D, 0x35, 0x1A, 0x82, 0xC7,
    0xE1, 0x1C, 0x9A, 0xB5, 0x1C, 0x6E, 0x5A, 0xB2, 0x5F, 0x83, 0x3D, 0x4C, 0xC5, 0x51, 0x81, 0x3B,
    0x2F, 0x4D, 0xBD, 0xB1, 0x63, 0xEA, 0xE2, 0xC4, 0x32, 0x37, 0xB1, 0xE9, 0x70, 0xE2, 0x9F, 0x94,
    0x3A, 0xEE, 0xAF, 0x4D, 0xA0, 0xF6, 0x12, 0x45, 0x87, 0xD6, 0x79, 0x3F, 0x87, 0xEE, 0xF8, 0xB3,
    0x1D, 0xD6, 0x74, 0x57, 0xF1, 0x94, 0x42, 0x69, 0x95, 0xCB, 0x63, 0x92, 0xBE, 0x51, 0xD0, 0x47,
    0xF0, 0xBE, 0xDE, 0x9D, 0x9E, 0x7C, 0x3D, 0x78, 0x42, 0x04, 0x75, 0x68, 0xB8, 0x51, 0x28, 0xED,
    0xFC, 0xCC, 0xF5, 0xE0, 0xF4, 0x85, 0x4C, 0x64, 0x7F, 0xA1, 0x83, 0x39, 0x7D, 0x77, 0xF7, 0x63,
    0x34, 0x9F, 0xA0, 0x32, 0xEA, 0x1F, 0x83, 0xFE, 0x08, 0xDF, 0xE0, 0x67, 0x84, 0x37, 0xCC, 0xDF,
    0x05, 0x0C, 0x8A, 0x9B, 0x80, 0x7E, 0x71, 0xC4, 0xEB, 0x50, 0xA9, 0x17, 0x8D, 0x0E, 0xBA, 0x15,
    0xB7, 0x3B, 0x52, 0xCC, 0xB7, 0x95, 0xCA, 0x28, 0x07, 0x72, 0x1B, 0xC3, 0x8F, 0x86, 0xED, 0xF9,
    0xE0, 0xE3, 0xEB, 0x2C, 0x41, 0x77, 0xEB, 0x79, 0x55, 0xFB, 0xC8, 0xBE, 0xC6, 0xD9, 0xB2, 0x92,
    0xB7, 0x2C, 0x45, 0x04, 0x0B, 0x41, 0x63, 0x78, 0xA7, 0xDA, 0xA5, 0x2F, 0xEA, 0x58, 0x6D, 0xE4,
    0x26, 0x6D, 0xCB, 0x6F, 0x6B, 0x12, 0xD4, 0x0A, 0xB5, 0xCF, 0x74, 0xD0, 0xAD, 0xB8, 0x5D, 0x87,
    0xE9, 0xA8, 0x1C, 0x07, 0xC7, 0x0D, 0x9C, 0x19, 0xCE, 0x8D, 0x5E, 0x07, 0x9D, 0x44, 0xD9, 0xBF,
    0x72, 0x46, 0x87, 0xCD, 0x8E, 0x0E, 0x25, 0x47, 0xAD, 0xCB, 0x48, 0xCA, 0x5F, 0x64, 0x34, 0x93,
    0x18, 0x3A, 0xC4, 0xD9, 0x34, 0xCC, 0x6E, 0x87, 0xDF, 0xD6, 0x41, 0x5E, 0x7B, 0xBF, 0x17, 0xD4,
    0x64, 0x2E, 0x03, 0xF4, 0xFE, 0xC0, 0xCA, 0xED, 0xF0, 0x47, 0xEC, 0xDE, 0x34, 0xC4, 0x1C, 0x8D,
    0x49, 0xE5, 0x38, 0x38, 0x6E, 0xC8, 0x42, 0xAF, 0xEE, 0xA4, 0x0C, 0x3A, 0x3C, 0xDD, 0x0F, 0xD4,
    0x41, 0x54, 0x07, 0x51, 0x1D, 0x60, 0x0A, 0x74, 0xC0, 0x26, 0x74, 0x40, 0x42, 0x53, 0x7A, 0xAC,
    0x3A, 0x8C, 0x14, 0xD6, 0xF4, 0x03, 0xC4, 0xA8, 0x0E, 0xA2, 0x3A, 0x88, 0xEA, 0x00, 0x2E, 0xFC,
    0x0F, 0xC4, 0x94, 0x3A, 0x3C, 0xEA, 0x87, 0xE1, 0x1F, 0x17, 0x7E, 0xFD, 0xFC, 0xC1, 0xFE, 0x37,
    0x0F, 0x0F, 0xF9, 0x9F, 0x2B, 0x5B, 0x28, 0xB8, 0xA4, 0x97, 0x8F, 0x19, 0x0F, 0xC6, 0x23, 0x80,
    0xB4, 0xC0, 0x70, 0xCF, 0x63, 0x56, 0xFF, 0x24, 0x19, 0x12, 0x25, 0xCE, 0xFE, 0x04, 0x35, 0x8E,
    0xB1, 0x0D, 0x02, 0x31, 0x0C, 0x45, 0x3F, 0x49, 0x41, 0x91, 0x22, 0x6C, 0x70, 0x23, 0xA4, 0xA1,
    0xA0, 0x41, 0xDC, 0x6E, 0x8C, 0x41, 0xC1, 0x22, 0x48, 0x09, 0x4C, 0x70, 0x6C, 0x92, 0xE2, 0x44,
    0x95, 0xDC, 0xE7, 0x9B, 0x08, 0x4B, 0xF6, 0x93, 0xFC, 0x6C, 0xD9, 0xC0, 0x3F, 0x8E, 0x03, 0xFD,
    0x57, 0x3D, 0x67, 0x43, 0xE4, 0x62, 0x38, 0xB9, 0xD5, 0x50, 0x71, 0x36, 0x55, 0x11, 0x25, 0xE3,
    0xA7, 0xEF, 0x25, 0x2F, 0xE4, 0x55, 0x92, 0xE4, 0xAB, 0x6B, 0x8B, 0x7C, 0x73, 0x8E, 0xC2, 0x93,
    0x8B, 0x54, 0x77, 0x5C, 0x33, 0xB7, 0xD9, 0xB3, 0x25, 0x36, 0x4C, 0xAC, 0x81, 0x6D, 0x47, 0x16,
    0xC7, 0xA6, 0x29, 0x20, 0xF7, 0x49, 0x7D, 0xA4, 0x4D, 0x0A, 0x08, 0x5A, 0x2C, 0x80, 0xE3, 0x8D,
    0x76, 0x2F, 0xFB, 0x66, 0x48, 0xBA, 0xA8, 0x08, 0xF7, 0x62, 0x70, 0x1C, 0x7F, 0x3E, 0x06, 0x0E,
    0xCA, 0x2F,
};

static const EpdGlyph bokerlam_14_regularGlyphs[] = {
    { 0, 0, 0, 0, 0, 0, 0 }, // U+0000
    { 0, 0, 0, 0, 0, 0, 0 }, // U+001D
    { 0, 0, 116, 0, 0, 0, 0 }, // U+0020
    { 4, 23, 125, 2, 23, 23, 0 }, // !
    { 8, 9, 168, 2, 22, 18, 23 }, // "
    { 17, 21, 291, 1, 21, 90, 41 }, // #
    { 13, 29, 243, 1, 23, 95, 131 }, // $
    { 25, 23, 451, 2, 22, 144, 226 }, // %
    { 22, 23, 374, 2, 23, 127, 370 }, // &
    { 3, 9, 89, 2, 22, 7, 497 }, // '
    { 9, 30, 169, 1, 24, 68, 504 }, // (
    { 9, 30, 169, 1, 24, 68, 572 }, // )
    { 10, 10, 172, 0, 22, 25, 640 }, // *
    { 12, 13, 291, 3, 17, 39, 665 }, // +
    { 6, 9, 125, 0, 3, 14, 704 }, // ,
    { 9, 3, 174, 1, 10, 7, 718 }, // -
    { 4, 4, 125, 2, 4, 4, 725 }, // .
    { 13, 23, 226, 1, 22, 75, 729 }, // /
    { 15, 21, 291, 1, 21, 79, 804 }, // 0
    { 12, 22, 216, 1, 22, 66, 883 }, // 1
    { 14, 21, 280, 2, 21, 74, 949 }, // 2
    { 13, 21, 257, 1, 21, 69, 1023 }, // 3
    { 15, 22, 265, 1, 22, 83, 1092 }, // 4
    { 14, 21, 254, 1, 21, 74, 1175 }, // 5
    { 14, 21, 275, 2, 21, 74, 1249 }, // 6
    { 13, 21, 263, 2, 21, 69, 1323 }, // 7
    { 14, 21, 259, 1, 21, 74, 1392 }, // 8
    { 14, 21, 264, 2, 21, 74, 1466 }, // 9
    { 4, 15, 125, 2, 15, 15, 1540 }, // :
    { 6, 21, 125, 0, 15, 32, 1555 }, // ;
    { 13, 14, 291, 3, 17, 46, 1587 }, // <
    { 12, 8, 291, 3, 15, 24, 1633 }, // =
    { 13, 14, 291, 2, 17, 46, 1657 }, // >
    { 13, 23, 237, 1, 23, 75, 1703 }, // ?
    { 25, 27, 443, 1, 21, 169, 1778 }, // @
    { 22, 21, 331, -1, 21, 116, 1947 }, // A
    { 17, 21, 275, -1, 21, 90, 2063 }, // B
    { 16, 21, 288, 1, 21, 84, 2153 }, // C
    { 20, 21, 325, -2, 21, 105, 2237 }, // D
    { 18, 21, 268, -2, 21, 95, 2342 }, // E
    { 15, 21, 241, -1, 21, 79, 2437 }, // F
    { 18, 21, 323, 1, 21, 95, 2516 }, // G
    { 23, 21, 326, -1, 21, 121, 2611 }, // H
    { 10, 21, 174, 0, 21, 53, 2732 }, // I
    { 14, 21, 214, 0, 21, 74, 2785 }, // J
    { 20, 21, 312, -1, 21, 105, 2859 }, // K
    { 18, 21, 270, -2, 21, 95, 2964 }, // L
    { 26, 21, 383, -1, 21, 137, 3059 }, // M
    { 23, 22, 332, -1, 21, 127, 3196 }, // N
    { 20, 21, 361, 1, 21, 105, 3323 }, // O
    { 15, 21, 253, -1, 21, 79, 3428 }, // P
    { 21, 27, 357, 1, 21, 142, 3507 }, // Q
    { 20, 22, 284, -2, 21, 110, 3649 }, // R
    { 13, 21, 246, 1, 21, 69, 3759 }, // S
    { 19, 21, 299, 0, 21, 100, 3828 }, // T
    { 22, 21, 313, -1, 21, 116, 3928 }, // U
    { 22, 21, 320, -1, 21, 116, 4044 }, // V
    { 27, 21, 397, -1, 21, 142, 4160 }, // W
    { 23, 21, 318, -1, 21, 121, 4302 }, // X
    { 22, 21, 304, -1, 21, 116, 4423 }, // Y
    { 16, 22, 272, 1, 21, 88, 4539 }, // Z
    { 6, 29, 141, 2, 23, 44, 4627 }, // [
    { 13, 23, 226, 1, 22, 75, 4671 }, // <backslash>
    { 6, 29, 141, 1, 23, 44, 4746 }, // ]
    { 14, 14, 291, 2, 20, 49, 4790 }, // ^
    { 15, 3, 233, 0, 0, 12, 4839 }, // _
    { 6, 8, 309, 7, 25, 12, 4851 }, // `
    { 20, 16, 278, -1, 16, 80, 4863 }, // a
    { 17, 24, 264, -1, 24, 102, 4943 }, // b
    { 13, 16, 225, 1, 16, 52, 5045 }, // c
    { 19, 23, 261, 1, 23, 110, 5097 }, // d
    { 13, 16, 233, 1, 16, 52, 5207 }, // e
    { 16, 31, 211, -1, 23, 124, 5259 }, // f
    { 14, 24, 259, 1, 16, 84, 5383 }, // g
    { 20, 24, 272, -2, 24, 120, 5467 }, // h
    { 11, 23, 127, -2, 23, 64, 5587 }, // i
    { 9, 31, 115, -3, 23, 70, 5651 }, // j
    { 17, 23, 245, -1, 23, 98, 5721 }, // k
    { 7, 23, 131, 1, 23, 41, 5819 }, // l
    { 28, 16, 418, -1, 16, 112, 5860 }, // m
    { 19, 16, 265, -1, 16, 76, 5972 }, // n
    { 15, 16, 270, 1, 16, 60, 6048 }, // o
    { 17, 24, 265, -1, 17, 102, 6108 }, // p
    { 17, 23, 259, 1, 16, 98, 6210 }, // q
    { 13, 17, 192, -1, 17, 56, 6308 }, // r
    { 12, 16, 200, 0, 16, 48, 6364 }, // s
    { 11, 20, 175, 0, 20, 55, 6412 }, // t
    { 20, 16, 274, -1, 16, 80, 6467 }, // u
    { 15, 16, 247, 0, 16, 60, 6547 }, // v
    { 27, 16, 385, -2, 16, 108, 6607 }, // w
    { 19, 17, 263, -1, 17, 81, 6715 }, // x
    { 21, 24, 280, -2, 16, 126, 6796 }, // y
    { 13, 16, 226, 1, 16, 52, 6922 }, // z
    { 9, 30, 178, 2, 25, 68, 6974 }, // {
    { 3, 27, 124, 3, 23, 21, 7042 }, // |
    { 8, 30, 178, 1, 25, 60, 7063 }, // }
    { 13, 5, 291, 3, 13, 17, 7123 }, // ~
    { 0, 0, 100, 0, 0, 0, 0 }, // U+00A0
    { 4, 23, 125, 2, 16, 23, 0 }, // U+00A1
    { 14, 29, 258, 1, 23, 102, 23 }, // U+00A2
    { 16, 20, 246, 0, 19, 80, 125 }, // U+00A3
    { 16, 15, 291, 1, 15, 60, 205 }, // U+00A4
    { 19, 19, 302, 0, 19, 91, 265 }, // U+00A5
    { 3, 27, 124, 3, 23, 21, 356 }, // U+00A6
    { 12, 24, 236, 1, 21, 72, 377 }, // U+00A7
    { 10, 4, 309, 5, 23, 10, 449 }, // U+00A8
    { 21, 22, 365, 1, 22, 116, 459 }, // U+00A9
    { 10, 14, 201, 1, 21, 35, 575 }, // U+00AA
    { 13, 11, 245, 1, 13, 36, 610 }, // U+00AB
    { 13, 8, 291, 3, 15, 26, 646 }, // U+00AC
    { 9, 3, 174, 1, 10, 7, 672 }, // U+00AD
    { 15, 16, 272, 1, 23, 60, 679 }, // U+00AE
    { 10, 3, 309, 5, 22, 8, 739 }, // U+00AF
    { 10, 10, 246, 3, 21, 25, 747 }, // U+00B0
    { 12, 18, 291, 3, 18, 54, 772 }, // U+00B1
    { 10, 13, 209, 2, 24, 33, 826 }, // U+00B2
    { 9, 13, 209, 2, 24, 30, 859 }, // U+00B3
    { 6, 8, 309, 6, 25, 12, 889 }, // U+00B4
    { 17, 24, 304, 2, 17, 102, 901 }, // U+00B5
    { 14, 26, 250, 1, 21, 91, 1003 }, // U+00B6
    { 4, 4, 125, 2, 10, 4, 1094 }, // U+00B7
    { 9, 13, 209, 2, 24, 30, 1098 }, // U+00B9
    { 10, 14, 201, 1, 21, 35, 1128 }, // U+00BA
    { 13, 11, 245, 1, 13, 36, 1163 }, // U+00BB
    { 29, 25, 502, 2, 23, 182, 1199 }, // U+00BC
    { 29, 24, 502, 2, 22, 174, 1381 }, // U+00BD
    { 28, 25, 502, 2, 23, 175, 1555 }, // U+00BE
    { 10, 23, 220, 2, 16, 58, 1730 }, // U+00BF
    { 21, 29, 331, 0, 29, 153, 1788 }, // U+00C0
    { 22, 29, 331, -1, 29, 160, 1941 }, // U+00C1
    { 21, 29, 331, 0, 29, 153, 2101 }, // U+00C2
    { 22, 29, 331, -1, 29, 160, 2254 }, // U+00C3
    { 21, 28, 331, 0, 28, 147, 2414 }, // U+00C4
    { 22, 30, 331, -1, 30, 165, 2561 }, // U+00C5
    { 27, 21, 432, 0, 21, 142, 2726 }, // U+00C6
    { 18, 29, 268, -2, 29, 131, 2868 }, // U+00C8
    { 18, 29, 268, -2, 29, 131, 2999 }, // U+00C9
    { 18, 29, 268, -2, 29, 131, 3130 }, // U+00CA
    { 18, 28, 268, -2, 28, 126, 3261 }, // U+00CB
    { 10, 29, 174, 0, 29, 73, 3387 }, // U+00CC
    { 10, 29, 174, 0, 29, 73, 3460 }, // U+00CD
    { 10, 28, 174, 1, 28, 70, 3533 }, // U+00CF
    { 21, 21, 328, -1, 21, 111, 3603 }, // U+00D0
    { 20, 29, 361, 1, 29, 145, 3714 }, // U+00D2
    { 20, 29, 361, 1, 29, 145, 3859 }, // U+00D3
    { 20, 29, 361, 1, 29, 145, 4004 }, // U+00D4
    { 20, 29, 361, 1, 29, 145, 4149 }, // U+00D5
    { 20, 28, 361, 1, 28, 140, 4294 }, // U+00D6
    { 12, 13, 291, 3, 17, 39, 4434 }, // U+00D7
    { 22, 22, 361, 0, 21, 121, 4473 }, // U+00D8
    { 22, 29, 313, -1, 29, 160, 4594 }, // U+00D9
    { 22, 29, 313, -1, 29, 160, 4754 }, // U+00DA
    { 22, 28, 313, -1, 28, 154, 4914 }, // U+00DC
    { 22, 29, 304, -1, 29, 160, 5068 }, // U+00DD
    { 17, 21, 289, 0, 21, 90, 5228 }, // U+00DE
    { 17, 23, 301, 0, 23, 98, 5318 }, // U+00DF
    { 20, 25, 278, -1, 25, 125, 5416 }, // U+00E0
    { 20, 25, 278, -1, 25, 125, 5541 }, // U+00E1
    { 20, 24, 278, -1, 24, 120, 5666 }, // U+00E2
    { 19, 23, 278, 0, 23, 110, 5786 }, // U+00E3
    { 20, 22, 278, 0, 22, 110, 5896 }, // U+00E4
    { 19, 25, 278, 0, 25, 119, 6006 }, // U+00E5
    { 21, 16, 378, 1, 16, 84, 6125 }, // U+00E6
    { 13, 25, 233, 1, 25, 82, 6209 }, // U+00E8
    { 13, 25, 233, 1, 25, 82, 6291 }, // U+00E9
    { 13, 24, 233, 1, 24, 78, 6373 }, // U+00EA
    { 12, 22, 233, 1, 22, 66, 6451 }, // U+00EB
    { 11, 25, 128, -1, 25, 69, 6517 }, // U+00EC
    { 11, 25, 128, -1, 25, 69, 6586 }, // U+00ED
    { 11, 22, 128, -1, 22, 61, 6655 }, // U+00EF
    { 15, 25, 276, 1, 25, 94, 6716 }, // U+00F0
    { 15, 25, 270, 1, 25, 94, 6810 }, // U+00F2
    { 15, 25, 270, 1, 25, 94, 6904 }, // U+00F3
    { 15, 24, 270, 1, 24, 90, 6998 }, // U+00F4
    { 15, 23, 270, 1, 23, 87, 7088 }, // U+00F5
    { 15, 22, 270, 1, 22, 83, 7175 }, // U+00F6
    { 12, 14, 291, 3, 17, 42, 7258 }, // U+00F7
    { 17, 18, 270, 0, 17, 77, 7300 }, // U+00F8
    { 20, 25, 274, -1, 25, 125, 7377 }, // U+00F9
    { 20, 25, 274, -1, 25, 125, 7502 }, // U+00FA
    { 20, 22, 274, -1, 22, 110, 7627 }, // U+00FC
    { 20, 32, 280, 0, 24, 160, 7737 }, // U+00FD
    { 17, 30, 287, 0, 23, 128, 7897 }, // U+00FE
    { 20, 30, 280, 0, 22, 150, 8025 }, // U+00FF
    { 22, 27, 331, -1, 27, 149, 0 }, // U+0100
    { 20, 21, 278, -1, 21, 105, 149 }, // U+0101
    { 22, 29, 331, -1, 29, 160, 254 }, // U+0102
    { 20, 23, 278, -1, 23, 115, 414 }, // U+0103
    { 16, 28, 288, 1, 28, 112, 529 }, // U+010A
    { 13, 22, 225, 1, 22, 72, 641 }, // U+010B
    { 21, 21, 328, -1, 21, 111, 713 }, // U+0110
    { 19, 23, 268, 1, 23, 110, 824 }, // U+0111
    { 18, 27, 268, -2, 27, 122, 934 }, // U+0112
    { 13, 21, 233, 1, 21, 69, 1056 }, // U+0113
    { 18, 28, 268, -2, 28, 126, 1125 }, // U+0116
    { 13, 22, 233, 1, 22, 72, 1251 }, // U+0117
    { 18, 28, 323, 1, 28, 126, 1323 }, // U+0120
    { 14, 30, 259, 1, 22, 105, 1449 }, // U+0121
    { 9, 29, 174, 1, 29, 66, 1554 }, // U+0128
    { 11, 23, 128, -1, 23, 64, 1620 }, // U+0129
    { 10, 27, 174, 0, 27, 68, 1684 }, // U+012A
    { 11, 21, 128, -1, 21, 58, 1752 }, // U+012B
    { 10, 28, 174, 1, 28, 70, 1810 }, // U+0130
    { 11, 16, 128, -1, 16, 44, 1880 }, // U+0131
    { 18, 16, 283, 1, 16, 72, 1924 }, // U+0138
    { 18, 21, 270, -2, 21, 95, 1996 }, // U+013F
    { 12, 23, 214, 1, 23, 69, 2091 }, // U+0140
    { 23, 27, 379, 1, 21, 156, 2160 }, // U+014A
    { 16, 24, 298, 1, 16, 96, 2316 }, // U+014B
    { 20, 27, 361, 1, 27, 135, 2412 }, // U+014C
    { 15, 21, 270, 1, 21, 79, 2547 }, // U+014D
    { 26, 21, 449, 1, 21, 137, 2626 }, // U+0152
    { 24, 16, 423, 1, 16, 96, 2763 }, // U+0153
    { 22, 29, 313, -1, 29, 160, 2859 }, // U+0168
    { 20, 23, 274, -1, 23, 115, 3019 }, // U+0169
    { 22, 27, 313, -1, 27, 149, 3134 }, // U+016A
    { 20, 21, 274, -1, 21, 105, 3283 }, // U+016B
    { 22, 30, 313, -1, 30, 165, 3388 }, // U+016E
    { 20, 25, 274, -1, 25, 125, 3553 }, // U+016F
    { 22, 28, 304, -1, 28, 154, 3678 }, // U+0178
    { 16, 29, 272, 1, 28, 116, 3832 }, // U+017B
    { 14, 23, 226, 0, 23, 81, 3948 }, // U+017C
    { 14, 23, 188, 1, 23, 81, 4029 }, // U+017F
    { 21, 24, 353, 1, 24, 126, 0 }, // U+01A0
    { 16, 20, 273, 1, 20, 80, 126 }, // U+01A1
    { 23, 25, 330, -1, 25, 144, 206 }, // U+01AF
    { 20, 20, 274, -1, 20, 100, 350 }, // U+01B0
    { 15, 31, 277, 1, 23, 117, 450 }, // U+01C9
    { 13, 16, 239, 1, 16, 52, 567 }, // U+01DD
    { 27, 27, 432, 0, 27, 183, 619 }, // U+01E2
    { 21, 21, 378, 1, 21, 111, 802 }, // U+01E3
    { 14, 25, 269, 1, 21, 88, 913 }, // U+021C
    { 13, 24, 215, 0, 16, 78, 1001 }, // U+021D
    { 6, 8, 0, -4, 25, 12, 0 }, // U+0300
    { 6, 8, 0, -2, 25, 12, 12 }, // U+0301
    { 10, 7, 0, -5, 25, 18, 24 }, // U+0302
    { 9, 5, 0, -4, 23, 12, 42 }, // U+0303
    { 10, 3, 0, -5, 22, 8, 54 }, // U+0304
    { 9, 5, 0, -4, 23, 12, 62 }, // U+0306
    { 4, 4, 0, -2, 23, 4, 74 }, // U+0307
    { 10, 4, 0, -5, 23, 10, 78 }, // U+0308
    { 8, 10, 0, -4, 27, 20, 88 }, // U+0309
    { 8, 8, 0, -4, 25, 16, 108 }, // U+030A
    { 4, 4, 0, -2, -2, 4, 124 }, // U+0323
    { 21, 28, 331, 0, 21, 147, 0 }, // U+1EA0
    { 19, 23, 278, 0, 16, 110, 147 }, // U+1EA1
    { 21, 30, 331, 0, 30, 158, 257 }, // U+1EA2
    { 19, 26, 278, 0, 26, 124, 415 }, // U+1EA3
    { 22, 32, 331, -1, 32, 176, 539 }, // U+1EA4
    { 20, 29, 278, -1, 29, 145, 715 }, // U+1EA5
    { 22, 32, 331, -1, 32, 176, 860 }, // U+1EA6
    { 20, 29, 278, -1, 29, 145, 1036 }, // U+1EA7
    { 22, 33, 331, -1, 33, 182, 1181 }, // U+1EA8
    { 20, 30, 278, -1, 30, 150, 1363 }, // U+1EA9
    { 21, 32, 331, 0, 32, 168, 1513 }, // U+1EAA
    { 19, 29, 278, 0, 29, 138, 1681 }, // U+1EAB
    { 21, 36, 331, 0, 29, 189, 1819 }, // U+1EAC
    { 19, 31, 278, 0, 24, 148, 2008 }, // U+1EAD
    { 22, 32, 331, -1, 32, 176, 2156 }, // U+1EAE
    { 19, 29, 278, 0, 29, 138, 2332 }, // U+1EAF
    { 22, 32, 331, -1, 32, 176, 2470 }, // U+1EB0
    { 19, 29, 278, 0, 29, 138, 2646 }, // U+1EB1
    { 22, 33, 331, -1, 33, 182, 2784 }, // U+1EB2
    { 19, 29, 278, 0, 29, 138, 2966 }, // U+1EB3
    { 21, 32, 331, 0, 32, 168, 3104 }, // U+1EB4
    { 19, 28, 278, 0, 28, 133, 3272 }, // U+1EB5
    { 22, 35, 331, -1, 28, 193, 3405 }, // U+1EB6
    { 20, 30, 278, -1, 23, 150, 3598 }, // U+1EB7
    { 18, 28, 268, -2, 21, 126, 3748 }, // U+1EB8
    { 13, 23, 233, 1, 16, 75, 3874 }, // U+1EB9
    { 18, 30, 268, -2, 30, 135, 3949 }, // U+1EBA
    { 13, 26, 233, 1, 26, 85, 4084 }, // U+1EBB
    { 18, 29, 268, -2, 29, 131, 4169 }, // U+1EBC
    { 13, 23, 233, 1, 23, 75, 4300 }, // U+1EBD
    { 18, 32, 268, -2, 32, 144, 4375 }, // U+1EBE
    { 15, 29, 233, 1, 29, 109, 4519 }, // U+1EBF
    { 18, 32, 268, -2, 32, 144, 4628 }, // U+1EC0
    { 13, 29, 233, 1, 29, 95, 4772 }, // U+1EC1
    { 19, 33, 268, -2, 33, 157, 4867 }, // U+1EC2
    { 16, 30, 233, 1, 30, 120, 5024 }, // U+1EC3
    { 18, 32, 268, -2, 32, 144, 5144 }, // U+1EC4
    { 13, 29, 233, 1, 29, 95, 5288 }, // U+1EC5
    { 18, 36, 268, -2, 29, 162, 5383 }, // U+1EC6
    { 13, 31, 233, 1, 24, 101, 5545 }, // U+1EC7
    { 10, 30, 174, 1, 30, 75, 5646 }, // U+1EC8
    { 11, 26, 128, -2, 26, 72, 5721 }, // U+1EC9
    { 10, 28, 174, 1, 21, 70, 5793 }, // U+1ECA
    { 11, 30, 127, -1, 23, 83, 5863 }, // U+1ECB
    { 20, 28, 361, 1, 21, 140, 5946 }, // U+1ECC
    { 15, 23, 270, 1, 16, 87, 6086 }, // U+1ECD
    { 20, 30, 361, 1, 30, 150, 6173 }, // U+1ECE
    { 15, 26, 270, 1, 26, 98, 6323 }, // U+1ECF
    { 20, 32, 361, 1, 32, 160, 6421 }, // U+1ED0
    { 15, 29, 270, 1, 29, 109, 6581 }, // U+1ED1
    { 20, 32, 361, 1, 32, 160, 6690 }, // U+1ED2
    { 15, 29, 270, 1, 29, 109, 6850 }, // U+1ED3
    { 20, 33, 361, 1, 33, 165, 6959 }, // U+1ED4
    { 16, 30, 270, 1, 30, 120, 7124 }, // U+1ED5
    { 20, 32, 361, 1, 32, 160, 7244 }, // U+1ED6
    { 15, 29, 270, 1, 29, 109, 7404 }, // U+1ED7
    { 20, 36, 361, 1, 29, 180, 7513 }, // U+1ED8
    { 15, 31, 270, 1, 24, 117, 7693 }, // U+1ED9
    { 21, 29, 353, 1, 29, 153, 7810 }, // U+1EDA
    { 16, 25, 273, 1, 25, 100, 7963 }, // U+1EDB
    { 21, 29, 353, 1, 29, 153, 8063 }, // U+1EDC
    { 16, 25, 273, 1, 25, 100, 8216 }, // U+1EDD
    { 21, 30, 353, 1, 30, 158, 8316 }, // U+1EDE
    { 16, 26, 273, 1, 26, 104, 8474 }, // U+1EDF
    { 21, 29, 353, 1, 29, 153, 8578 }, // U+1EE0
    { 16, 23, 273, 1, 23, 92, 8731 }, // U+1EE1
    { 21, 31, 353, 1, 24, 163, 8823 }, // U+1EE2
    { 16, 26, 273, 1, 19, 104, 8986 }, // U+1EE3
    { 22, 28, 313, -1, 21, 154, 9090 }, // U+1EE4
    { 20, 23, 274, -1, 16, 115, 9244 }, // U+1EE5
    { 22, 30, 313, -1, 30, 165, 9359 }, // U+1EE6
    { 20, 26, 274, -1, 26, 130, 9524 }, // U+1EE7
    { 23, 29, 330, -1, 29, 167, 9654 }, // U+1EE8
    { 20, 25, 274, -1, 25, 125, 9821 }, // U+1EE9
    { 23, 29, 330, -1, 29, 167, 9946 }, // U+1EEA
    { 20, 25, 274, -1, 25, 125, 10113 }, // U+1EEB
    { 23, 30, 330, -1, 30, 173, 10238 }, // U+1EEC
    { 20, 26, 274, -1, 26, 130, 10411 }, // U+1EED
    { 23, 29, 330, -1, 29, 167, 10541 }, // U+1EEE
    { 20, 23, 274, -1, 23, 115, 10708 }, // U+1EEF
    { 23, 32, 330, -1, 25, 184, 10823 }, // U+1EF0
    { 20, 27, 274, -1, 20, 135, 11007 }, // U+1EF1
    { 22, 29, 304, -1, 29, 160, 11142 }, // U+1EF2
    { 20, 32, 280, -1, 24, 160, 11302 }, // U+1EF3
    { 21, 28, 304, -1, 21, 147, 11462 }, // U+1EF4
    { 20, 24, 280, -1, 16, 120, 11609 }, // U+1EF5
    { 22, 31, 304, -1, 31, 171, 11729 }, // U+1EF6
    { 21, 34, 280, -1, 26, 179, 11900 }, // U+1EF7
    { 22, 28, 304, -1, 28, 154, 12079 }, // U+1EF8
    { 20, 31, 280, -1, 23, 155, 12233 }, // U+1EF9
    { 13, 3, 291, 2, 12, 10, 0 }, // U+2012
    { 15, 3, 233, 0, 10, 12, 10 }, // U+2013
    { 29, 3, 467, 0, 10, 22, 22 }, // U+2014
    { 29, 3, 467, 0, 10, 22, 44 }, // U+2015
    { 9, 30, 233, 3, 23, 68, 66 }, // U+2016
    { 15, 6, 233, 0, -1, 23, 134 }, // U+2017
    { 5, 9, 110, 1, 22, 12, 157 }, // U+2018
    { 5, 9, 110, 1, 22, 12, 169 }, // U+2019
    { 5, 9, 110, 1, 4, 12, 181 }, // U+201A
    { 5, 9, 110, 1, 22, 12, 193 }, // U+201B
    { 11, 9, 203, 1, 22, 25, 205 }, // U+201C
    { 11, 9, 203, 1, 22, 25, 230 }, // U+201D
    { 11, 9, 203, 1, 4, 25, 255 }, // U+201E
    { 13, 19, 233, 1, 21, 62, 280 }, // U+2020
    { 13, 23, 233, 1, 21, 75, 342 }, // U+2021
    { 6, 6, 139, 1, 11, 9, 417 }, // U+2022
    { 10, 11, 291, 4, 16, 28, 426 }, // U+2023
    { 4, 4, 126, 2, 4, 4, 454 }, // U+2024
    { 11, 4, 233, 2, 4, 11, 458 }, // U+2025
    { 24, 4, 467, 3, 4, 24, 469 }, // U+2026
    { 4, 4, 126, 2, 10, 4, 493 }, // U+2027
    { 37, 23, 641, 2, 22, 213, 497 }, // U+2030
    { 6, 10, 120, 1, 21, 15, 710 }, // U+2032
    { 12, 10, 212, 0, 21, 30, 725 }, // U+2033
    { 18, 10, 302, 0, 21, 45, 755 }, // U+2034
    { 6, 10, 120, 1, 21, 15, 800 }, // U+2035
    { 12, 10, 222, 1, 21, 30, 815 }, // U+2036
    { 18, 10, 324, 1, 21, 45, 845 }, // U+2037
    { 7, 11, 149, 1, 13, 20, 890 }, // U+2039
    { 7, 11, 149, 1, 13, 20, 910 }, // U+203A
    { 19, 20, 291, 0, 20, 95, 930 }, // U+203B
    { 12, 23, 253, 2, 23, 69, 1025 }, // U+203C
    { 15, 3, 233, 0, 25, 12, 1094 }, // U+203E
    { 6, 3, 139, 1, 10, 5, 1106 }, // U+2043
    { 15, 24, 84, -5, 22, 90, 1111 }, // U+2044
    { 26, 23, 415, 1, 23, 150, 1201 }, // U+2047
    { 20, 23, 347, 1, 23, 115, 1351 }, // U+2048
    { 20, 23, 350, 2, 23, 115, 1466 }, // U+2049
    { 17, 6, 464, 6, 12, 26, 1581 }, // U+2053
    { 23, 10, 393, 0, 21, 58, 1607 }, // U+2057
    { 11, 13, 209, 1, 24, 36, 0 }, // U+2070
    { 12, 14, 209, 0, 25, 42, 36 }, // U+2074
    { 10, 13, 209, 2, 24, 33, 78 }, // U+2075
    { 10, 13, 209, 2, 24, 33, 111 }, // U+2076
    { 9, 13, 209, 3, 24, 30, 144 }, // U+2077
    { 10, 13, 209, 2, 24, 33, 174 }, // U+2078
    { 10, 13, 209, 2, 24, 33, 207 }, // U+2079
    { 12, 10, 264, 2, 21, 30, 240 }, // U+207F
    { 11, 13, 209, 1, 9, 36, 270 }, // U+2080
    { 9, 13, 209, 2, 9, 30, 306 }, // U+2081
    { 10, 13, 209, 2, 9, 33, 336 }, // U+2082
    { 9, 13, 209, 2, 9, 30, 369 }, // U+2083
    { 12, 14, 209, 0, 10, 42, 399 }, // U+2084
    { 10, 13, 209, 2, 9, 33, 441 }, // U+2085
    { 10, 13, 209, 2, 9, 33, 474 }, // U+2086
    { 9, 13, 209, 3, 9, 30, 507 }, // U+2087
    { 10, 13, 209, 2, 9, 33, 537 }, // U+2088
    { 10, 13, 209, 2, 9, 33, 570 }, // U+2089
    { 15, 19, 246, 0, 19, 72, 0 }, // U+20A3
    { 16, 20, 246, 0, 19, 80, 72 }, // U+20A4
    { 34, 20, 572, 1, 19, 170, 152 }, // U+20A7
    { 17, 20, 274, 0, 19, 85, 322 }, // U+20AC
    { 17, 12, 467, 6, 16, 51, 0 }, // U+2190
    { 12, 20, 467, 9, 20, 60, 51 }, // U+2191
    { 17, 12, 467, 6, 16, 51, 111 }, // U+2192
    { 12, 20, 467, 9, 20, 60, 162 }, // U+2193
    { 18, 12, 467, 6, 16, 54, 222 }, // U+2194
    { 12, 19, 467, 9, 20, 57, 276 }, // U+2195
    { 13, 19, 467, 8, 20, 62, 333 }, // U+21A8
    { 13, 19, 467, 8, 20, 62, 395 }, // U+21B2
    { 13, 19, 467, 8, 20, 62, 457 }, // U+21B3
    { 16, 14, 467, 7, 17, 56, 519 }, // U+21B5
    { 17, 14, 467, 6, 17, 60, 575 }, // U+21D0
    { 14, 18, 467, 8, 19, 63, 635 }, // U+21D1
    { 17, 14, 467, 6, 17, 60, 698 }, // U+21D2
    { 14, 18, 467, 8, 19, 63, 758 }, // U+21D3
    { 19, 14, 467, 5, 17, 67, 821 }, // U+21D4
    { 20, 22, 467, 5, 21, 110, 0 }, // U+2200
    { 14, 23, 291, 2, 23, 81, 110 }, // U+2202
    { 13, 21, 467, 8, 21, 69, 191 }, // U+2203
    { 23, 22, 467, 3, 21, 127, 260 }, // U+2205
    { 19, 21, 307, 0, 21, 100, 387 }, // U+2206
    { 18, 21, 467, 6, 20, 95, 487 }, // U+2207
    { 20, 21, 467, 5, 21, 105, 582 }, // U+2208
    { 20, 26, 467, 5, 23, 130, 687 }, // U+2209
    { 19, 16, 467, 5, 18, 76, 817 }, // U+220A
    { 19, 21, 467, 5, 21, 100, 893 }, // U+220B
    { 19, 26, 467, 5, 23, 124, 993 }, // U+220C
    { 19, 16, 467, 5, 18, 76, 1117 }, // U+220D
    { 22, 26, 373, 1, 21, 143, 1193 }, // U+220F
    { 18, 26, 284, 0, 21, 117, 1336 }, // U+2211
    { 12, 2, 291, 3, 11, 6, 1453 }, // U+2212
    { 13, 23, 226, 1, 21, 75, 1459 }, // U+2215
    { 13, 23, 243, 2, 21, 75, 1534 }, // U+2216
    { 14, 14, 291, 2, 17, 49, 1609 }, // U+2217
    { 10, 9, 291, 4, 14, 23, 1658 }, // U+2218
    { 5, 4, 289, 7, 10, 5, 1681 }, // U+2219
    { 18, 28, 291, 0, 24, 126, 1686 }, // U+221A
    { 14, 11, 291, 2, 15, 39, 1812 }, // U+221D
    { 17, 9, 291, 0, 14, 39, 1851 }, // U+221E
    { 18, 21, 467, 6, 21, 95, 1890 }, // U+221F
    { 21, 21, 467, 4, 21, 111, 1985 }, // U+2220
    { 3, 30, 233, 6, 23, 23, 2096 }, // U+2223
    { 9, 30, 233, 3, 23, 68, 2119 }, // U+2225
    { 19, 21, 467, 5, 21, 100, 2187 }, // U+2227
    { 19, 21, 467, 5, 21, 100, 2287 }, // U+2228
    { 17, 21, 467, 6, 21, 90, 2387 }, // U+2229
    { 17, 22, 467, 6, 21, 94, 2477 }, // U+222A
    { 16, 30, 291, 1, 23, 120, 2571 }, // U+222B
    { 20, 17, 467, 5, 16, 85, 2691 }, // U+2234
    { 20, 16, 467, 5, 16, 80, 2776 }, // U+2235
    { 5, 15, 146, 2, 17, 19, 2856 }, // U+2236
    { 19, 16, 467, 5, 16, 76, 2875 }, // U+2237
    { 17, 6, 467, 6, 11, 26, 2951 }, // U+223C
    { 17, 15, 467, 6, 18, 64, 2977 }, // U+2245
    { 14, 10, 291, 2, 15, 35, 3041 }, // U+2248
    { 17, 10, 467, 6, 13, 43, 3076 }, // U+224D
    { 12, 13, 291, 3, 16, 39, 3119 }, // U+2260
    { 17, 12, 467, 6, 15, 51, 3158 }, // U+2261
    { 14, 18, 291, 2, 18, 63, 3209 }, // U+2264
    { 14, 18, 291, 2, 18, 63, 3272 }, // U+2265
    { 23, 14, 467, 3, 17, 81, 3335 }, // U+226A
    { 23, 14, 467, 3, 17, 81, 3416 }, // U+226B
    { 19, 16, 467, 5, 18, 76, 3497 }, // U+2283
    { 19, 26, 467, 5, 23, 124, 3573 }, // U+2284
    { 19, 26, 467, 5, 23, 124, 3697 }, // U+2285
    { 19, 21, 467, 5, 21, 100, 3821 }, // U+2286
    { 19, 21, 467, 5, 21, 100, 3921 }, // U+2287
    { 22, 22, 467, 4, 21, 121, 4021 }, // U+2295
    { 22, 22, 467, 4, 21, 121, 4142 }, // U+2296
    { 21, 22, 467, 4, 21, 116, 4263 }, // U+2297
    { 21, 22, 467, 4, 21, 116, 4379 }, // U+2298
    { 17, 21, 467, 6, 21, 90, 4495 }, // U+22A5
    { 5, 4, 291, 7, 10, 5, 4585 }, // U+22C5
    { 26, 4, 467, 2, 10, 26, 4590 }, // U+22EF
    { 28, 28, 467, 1, 25, 196, 0 }, // U+FFFD
};

static const EpdUnicodeInterval bokerlam_14_regularIntervals[] = {
    { 0x0, 0x0, 0x0 },
    { 0x1D, 0x1D, 0x1 },
    { 0x20, 0x7E, 0x2 },
    { 0xA0, 0xB7, 0x61 },
    { 0xB9, 0xC6, 0x79 },
    { 0xC8, 0xCD, 0x87 },
    { 0xCF, 0xD0, 0x8D },
    { 0xD2, 0xDA, 0x8F },
    { 0xDC, 0xE6, 0x98 },
    { 0xE8, 0xED, 0xA3 },
    { 0xEF, 0xF0, 0xA9 },
    { 0xF2, 0xFA, 0xAB },
    { 0xFC, 0xFF, 0xB4 },
    { 0x100, 0x103, 0xB8 },
    { 0x10A, 0x10B, 0xBC },
    { 0x110, 0x113, 0xBE },
    { 0x116, 0x117, 0xC2 },
    { 0x120, 0x121, 0xC4 },
    { 0x128, 0x12B, 0xC6 },
    { 0x130, 0x131, 0xCA },
    { 0x138, 0x138, 0xCC },
    { 0x13F, 0x140, 0xCD },
    { 0x14A, 0x14D, 0xCF },
    { 0x152, 0x153, 0xD3 },
    { 0x168, 0x16B, 0xD5 },
    { 0x16E, 0x16F, 0xD9 },
    { 0x178, 0x178, 0xDB },
    { 0x17B, 0x17C, 0xDC },
    { 0x17F, 0x17F, 0xDE },
    { 0x1A0, 0x1A1, 0xDF },
    { 0x1AF, 0x1B0, 0xE1 },
    { 0x1C9, 0x1C9, 0xE3 },
    { 0x1DD, 0x1DD, 0xE4 },
    { 0x1E2, 0x1E3, 0xE5 },
    { 0x21C, 0x21D, 0xE7 },
    { 0x300, 0x304, 0xE9 },
    { 0x306, 0x30A, 0xEE },
    { 0x323, 0x323, 0xF3 },
    { 0x1EA0, 0x1EF9, 0xF4 },
    { 0x2012, 0x201E, 0x14E },
    { 0x2020, 0x2027, 0x15B },
    { 0x2030, 0x2030, 0x163 },
    { 0x2032, 0x2037, 0x164 },
    { 0x2039, 0x203C, 0x16A },
    { 0x203E, 0x203E, 0x16E },
    { 0x2043, 0x2044, 0x16F },
    { 0x2047, 0x2049, 0x171 },
    { 0x2053, 0x2053, 0x174 },
    { 0x2057, 0x2057, 0x175 },
    { 0x2070, 0x2070, 0x176 },
    { 0x2074, 0x2079, 0x177 },
    { 0x207F, 0x2089, 0x17D },
    { 0x20A3, 0x20A4, 0x188 },
    { 0x20A7, 0x20A7, 0x18A },
    { 0x20AC, 0x20AC, 0x18B },
    { 0x2190, 0x2195, 0x18C },
    { 0x21A8, 0x21A8, 0x192 },
    { 0x21B2, 0x21B3, 0x193 },
    { 0x21B5, 0x21B5, 0x195 },
    { 0x21D0, 0x21D4, 0x196 },
    { 0x2200, 0x2200, 0x19B },
    { 0x2202, 0x2203, 0x19C },
    { 0x2205, 0x220D, 0x19E },
    { 0x220F, 0x220F, 0x1A7 },
    { 0x2211, 0x2212, 0x1A8 },
    { 0x2215, 0x221A, 0x1AA },
    { 0x221D, 0x2220, 0x1B0 },
    { 0x2223, 0x2223, 0x1B4 },
    { 0x2225, 0x2225, 0x1B5 },
    { 0x2227, 0x222B, 0x1B6 },
    { 0x2234, 0x2237, 0x1BB },
    { 0x223C, 0x223C, 0x1BF },
    { 0x2245, 0x2245, 0x1C0 },
    { 0x2248, 0x2248, 0x1C1 },
    { 0x224D, 0x224D, 0x1C2 },
    { 0x2260, 0x2261, 0x1C3 },
    { 0x2264, 0x2265, 0x1C5 },
    { 0x226A, 0x226B, 0x1C7 },
    { 0x2283, 0x2287, 0x1C9 },
    { 0x2295, 0x2298, 0x1CE },
    { 0x22A5, 0x22A5, 0x1D2 },
    { 0x22C5, 0x22C5, 0x1D3 },
    { 0x22EF, 0x22EF, 0x1D4 },
    { 0xFFFD, 0xFFFD, 0x1D5 },
};

static const EpdFontGroup bokerlam_14_regularGroups[] = {
    { 0, 3434, 7918, 97, 0 },
    { 3434, 3167, 8857, 87, 97 },
    { 6601, 1502, 4439, 39, 184 },
    { 8103, 563, 1173, 10, 223 },
    { 8666, 135, 148, 11, 233 },
    { 8801, 3345, 13257, 90, 244 },
    { 12146, 940, 1834, 40, 334 },
    { 13086, 306, 699, 18, 374 },
    { 13392, 292, 436, 4, 392 },
    { 13684, 412, 995, 15, 396 },
    { 14096, 1998, 5050, 58, 411 },
    { 16094, 132, 196, 1, 469 },
};

static const EpdKernClassEntry bokerlam_14_regularKernLeftClasses[] = {
    { 0x0041, 1 }, // A
    { 0x0042, 2 }, // B
    { 0x0043, 3 }, // C
    { 0x0044, 4 }, // D
    { 0x0045, 5 }, // E
    { 0x0046, 6 }, // F
    { 0x0047, 7 }, // G
    { 0x0048, 8 }, // H
    { 0x0049, 9 }, // I
    { 0x004A, 10 }, // J
    { 0x004B, 11 }, // K
    { 0x004C, 12 }, // L
    { 0x004D, 13 }, // M
    { 0x004E, 14 }, // N
    { 0x004F, 15 }, // O
    { 0x0050, 16 }, // P
    { 0x0051, 17 }, // Q
    { 0x0052, 18 }, // R
    { 0x0053, 19 }, // S
    { 0x0054, 20 }, // T
    { 0x0055, 21 }, // U
    { 0x0056, 22 }, // V
    { 0x0057, 23 }, // W
    { 0x0058, 24 }, // X
    { 0x0059, 25 }, // Y
    { 0x005A, 26 }, // Z
    { 0x0061, 27 }, // a
    { 0x0062, 28 }, // b
    { 0x0063, 29 }, // c
    { 0x0064, 30 }, // d
    { 0x0065, 31 }, // e
    { 0x0067, 32 }, // g
    { 0x0068, 33 }, // h
    { 0x0069, 34 }, // i
    { 0x006A, 35 }, // j
    { 0x006B, 36 }, // k
    { 0x006C, 37 }, // l
    { 0x006D, 38 }, // m
    { 0x006E, 39 }, // n
    { 0x006F, 40 }, // o
    { 0x0070, 41 }, // p
    { 0x0071, 42 }, // q
    { 0x0072, 43 }, // r
    { 0x0073, 44 }, // s
    { 0x0074, 45 }, // t
    { 0x0075, 46 }, // u
    { 0x0076, 47 }, // v
    { 0x0077, 48 }, // w
    { 0x0078, 49 }, // x
    { 0x0079, 50 }, // y
    { 0x007A, 51 }, // z
    { 0x00AA, 52 }, // U+00AA
    { 0x00BA, 53 }, // U+00BA
    { 0x00C0, 1 }, // U+00C0
    { 0x00C1, 1 }, // U+00C1
    { 0x00C2, 54 }, // U+00C2
    { 0x00C3, 1 }, // U+00C3
    { 0x00C4, 1 }, // U+00C4
    { 0x00C5, 1 }, // U+00C5
    { 0x00C6, 55 }, // U+00C6
    { 0x00C8, 5 }, // U+00C8
    { 0x00C9, 5 }, // U+00C9
    { 0x00CA, 5 }, // U+00CA
    { 0x00CB, 5 }, // U+00CB
    { 0x00CC, 9 }, // U+00CC
    { 0x00CD, 9 }, // U+00CD
    { 0x00CF, 56 }, // U+00CF
    { 0x00D0, 57 }, // U+00D0
    { 0x00D2, 15 }, // U+00D2
    { 0x00D3, 15 }, // U+00D3
    { 0x00D4, 15 }, // U+00D4
    { 0x00D5, 15 }, // U+00D5
    { 0x00D6, 15 }, // U+00D6
    { 0x00D8, 58 }, // U+00D8
    { 0x00D9, 21 }, // U+00D9
    { 0x00DA, 21 }, // U+00DA
    { 0x00DC, 21 }, // U+00DC
    { 0x00DD, 25 }, // U+00DD
    { 0x00DE, 59 }, // U+00DE
    { 0x00DF, 60 }, // U+00DF
    { 0x00E0, 27 }, // U+00E0
    { 0x00E1, 27 }, // U+00E1
    { 0x00E2, 27 }, // U+00E2
    { 0x00E3, 27 }, // U+00E3
    { 0x00E4, 27 }, // U+00E4
    { 0x00E5, 27 }, // U+00E5
    { 0x00E6, 61 }, // U+00E6
    { 0x00E8, 31 }, // U+00E8
    { 0x00E9, 62 }, // U+00E9
    { 0x00EA, 63 }, // U+00EA
    { 0x00EB, 64 }, // U+00EB
    { 0x00EC, 65 }, // U+00EC
    { 0x00ED, 66 }, // U+00ED
    { 0x00EF, 67 }, // U+00EF
    { 0x00F0, 68 }, // U+00F0
    { 0x00F2, 40 }, // U+00F2
    { 0x00F3, 40 }, // U+00F3
    { 0x00F4, 69 }, // U+00F4
    { 0x00F5, 69 }, // U+00F5
    { 0x00F6, 69 }, // U+00F6
    { 0x00F8, 48 }, // U+00F8
    { 0x00F9, 46 }, // U+00F9
    { 0x00FA, 46 }, // U+00FA
    { 0x00FC, 70 }, // U+00FC
    { 0x00FD, 50 }, // U+00FD
    { 0x00FE, 71 }, // U+00FE
    { 0x00FF, 72 }, // U+00FF
    { 0x0100, 1 }, // U+0100
    { 0x0101, 27 }, // U+0101
    { 0x0102, 1 }, // U+0102
    { 0x0103, 27 }, // U+0103
    { 0x010A, 3 }, // U+010A
    { 0x010B, 73 }, // U+010B
    { 0x0110, 57 }, // U+0110
    { 0x0111, 74 }, // U+0111
    { 0x0112, 5 }, // U+0112
    { 0x0113, 63 }, // U+0113
    { 0x0116, 5 }, // U+0116
    { 0x0117, 31 }, // U+0117
    { 0x0120, 7 }, // U+0120
    { 0x0121, 32 }, // U+0121
    { 0x0128, 75 }, // U+0128
    { 0x012A, 76 }, // U+012A
    { 0x012B, 74 }, // U+012B
    { 0x0130, 9 }, // U+0130
    { 0x0131, 77 }, // U+0131
    { 0x0138, 78 }, // U+0138
    { 0x013F, 79 }, // U+013F
    { 0x0140, 80 }, // U+0140
    { 0x014A, 81 }, // U+014A
    { 0x014B, 82 }, // U+014B
    { 0x014C, 15 }, // U+014C
    { 0x014D, 69 }, // U+014D
    { 0x0152, 55 }, // U+0152
    { 0x0153, 61 }, // U+0153
    { 0x0168, 21 }, // U+0168
    { 0x0169, 70 }, // U+0169
    { 0x016A, 21 }, // U+016A
    { 0x016B, 70 }, // U+016B
    { 0x016E, 21 }, // U+016E
    { 0x016F, 46 }, // U+016F
    { 0x0178, 25 }, // U+0178
    { 0x017B, 26 }, // U+017B
    { 0x017C, 83 }, // U+017C
    { 0x017F, 84 }, // U+017F
    { 0x01A0, 85 }, // U+01A0
    { 0x01A1, 86 }, // U+01A1
    { 0x01AF, 87 }, // U+01AF
    { 0x01B0, 88 }, // U+01B0
    { 0x01C9, 34 }, // U+01C9
    { 0x01DD, 71 }, // U+01DD
    { 0x01E2, 55 }, // U+01E2
    { 0x01E3, 61 }, // U+01E3
    { 0x021C, 89 }, // U+021C
    { 0x021D, 90 }, // U+021D
    { 0x1EA0, 1 }, // U+1EA0
    { 0x1EA1, 27 }, // U+1EA1
    { 0x1EA2, 1 }, // U+1EA2
    { 0x1EA3, 27 }, // U+1EA3
    { 0x1EA4, 54 }, // U+1EA4
    { 0x1EA5, 91 }, // U+1EA5
    { 0x1EA6, 54 }, // U+1EA6
    { 0x1EA7, 91 }, // U+1EA7
    { 0x1EA8, 1 }, // U+1EA8
    { 0x1EA9, 91 }, // U+1EA9
    { 0x1EAA, 54 }, // U+1EAA
    { 0x1EAB, 91 }, // U+1EAB
    { 0x1EAC, 54 }, // U+1EAC
    { 0x1EAD, 27 }, // U+1EAD
    { 0x1EAE, 1 }, // U+1EAE
    { 0x1EAF, 27 }, // U+1EAF
    { 0x1EB0, 1 }, // U+1EB0
    { 0x1EB1, 27 }, // U+1EB1
    { 0x1EB2, 1 }, // U+1EB2
    { 0x1EB3, 27 }, // U+1EB3
    { 0x1EB4, 1 }, // U+1EB4
    { 0x1EB5, 27 }, // U+1EB5
    { 0x1EB6, 1 }, // U+1EB6
    { 0x1EB7, 27 }, // U+1EB7
    { 0x1EB8, 92 }, // U+1EB8
    { 0x1EB9, 31 }, // U+1EB9
    { 0x1EBA, 5 }, // U+1EBA
    { 0x1EBB, 62 }, // U+1EBB
    { 0x1EBC, 5 }, // U+1EBC
    { 0x1EBD, 63 }, // U+1EBD
    { 0x1EBE, 93 }, // U+1EBE
    { 0x1EBF, 94 }, // U+1EBF
    { 0x1EC0, 5 }, // U+1EC0
    { 0x1EC1, 63 }, // U+1EC1
    { 0x1EC2, 95 }, // U+1EC2
    { 0x1EC3, 96 }, // U+1EC3
    { 0x1EC4, 5 }, // U+1EC4
    { 0x1EC5, 63 }, // U+1EC5
    { 0x1EC6, 92 }, // U+1EC6
    { 0x1EC7, 63 }, // U+1EC7
    { 0x1EC8, 9 }, // U+1EC8
    { 0x1EC9, 66 }, // U+1EC9
    { 0x1ECA, 97 }, // U+1ECA
    { 0x1ECB, 34 }, // U+1ECB
    { 0x1ECC, 15 }, // U+1ECC
    { 0x1ECD, 40 }, // U+1ECD
    { 0x1ECE, 15 }, // U+1ECE
    { 0x1ECF, 40 }, // U+1ECF
    { 0x1ED0, 15 }, // U+1ED0
    { 0x1ED1, 69 }, // U+1ED1
    { 0x1ED2, 15 }, // U+1ED2
    { 0x1ED3, 69 }, // U+1ED3
    { 0x1ED4, 15 }, // U+1ED4
    { 0x1ED5, 69 }, // U+1ED5
    { 0x1ED6, 15 }, // U+1ED6
    { 0x1ED7, 69 }, // U+1ED7
    { 0x1ED8, 15 }, // U+1ED8
    { 0x1ED9, 69 }, // U+1ED9
    { 0x1EDA, 85 }, // U+1EDA
    { 0x1EDB, 86 }, // U+1EDB
    { 0x1EDC, 85 }, // U+1EDC
    { 0x1EDD, 86 }, // U+1EDD
    { 0x1EDE, 85 }, // U+1EDE
    { 0x1EDF, 86 }, // U+1EDF
    { 0x1EE0, 85 }, // U+1EE0
    { 0x1EE1, 86 }, // U+1EE1
    { 0x1EE2, 85 }, // U+1EE2
    { 0x1EE3, 86 }, // U+1EE3
    { 0x1EE4, 21 }, // U+1EE4
    { 0x1EE5, 46 }, // U+1EE5
    { 0x1EE6, 21 }, // U+1EE6
    { 0x1EE7, 46 }, // U+1EE7
    { 0x1EE8, 87 }, // U+1EE8
    { 0x1EE9, 88 }, // U+1EE9
    { 0x1EEA, 87 }, // U+1EEA
    { 0x1EEB, 88 }, // U+1EEB
    { 0x1EEC, 87 }, // U+1EEC
    { 0x1EED, 88 }, // U+1EED
    { 0x1EEE, 87 }, // U+1EEE
    { 0x1EEF, 88 }, // U+1EEF
    { 0x1EF0, 87 }, // U+1EF0
    { 0x1EF1, 88 }, // U+1EF1
    { 0x1EF2, 25 }, // U+1EF2
    { 0x1EF3, 50 }, // U+1EF3
    { 0x1EF4, 25 }, // U+1EF4
    { 0x1EF5, 50 }, // U+1EF5
    { 0x1EF6, 25 }, // U+1EF6
    { 0x1EF7, 50 }, // U+1EF7
    { 0x1EF8, 25 }, // U+1EF8
    { 0x1EF9, 72 }, // U+1EF9
    { 0x207F, 98 }, // U+207F
};

static const EpdKernClassEntry bokerlam_14_regularKernRightClasses[] = {
    { 0x0041, 1 }, // A
    { 0x0042, 2 }, // B
    { 0x0043, 3 }, // C
    { 0x0044, 4 }, // D
    { 0x0045, 5 }, // E
    { 0x0046, 6 }, // F
    { 0x0047, 3 }, // G
    { 0x0048, 7 }, // H
    { 0x0049, 8 }, // I
    { 0x004A, 9 }, // J
    { 0x004B, 10 }, // K
    { 0x004C, 11 }, // L
    { 0x004D, 12 }, // M
    { 0x004E, 13 }, // N
    { 0x004F, 14 }, // O
    { 0x0050, 10 }, // P
    { 0x0051, 15 }, // Q
    { 0x0052, 16 }, // R
    { 0x0053, 17 }, // S
    { 0x0054, 18 }, // T
    { 0x0055, 19 }, // U
    { 0x0056, 20 }, // V
    { 0x0057, 21 }, // W
    { 0x0058, 22 }, // X
    { 0x0059, 23 }, // Y
    { 0x005A, 24 }, // Z
    { 0x0061, 25 }, // a
    { 0x0062, 26 }, // b
    { 0x0063, 27 }, // c
    { 0x0064, 28 }, // d
    { 0x0065, 29 }, // e
    { 0x0066, 30 }, // f
    { 0x0067, 31 }, // g
    { 0x0068, 32 }, // h
    { 0x0069, 33 }, // i
    { 0x006A, 34 }, // j
    { 0x006B, 35 }, // k
    { 0x006C, 36 }, // l
    { 0x006D, 37 }, // m
    { 0x006E, 38 }, // n
    { 0x006F, 39 }, // o
    { 0x0070, 40 }, // p
    { 0x0071, 31 }, // q
    { 0x0072, 41 }, // r
    { 0x0073, 42 }, // s
    { 0x0074, 43 }, // t
    { 0x0075, 44 }, // u
    { 0x0076, 45 }, // v
    { 0x0077, 46 }, // w
    { 0x0078, 47 }, // x
    { 0x0079, 48 }, // y
    { 0x007A, 49 }, // z
    { 0x00AA, 50 }, // U+00AA
    { 0x00BA, 51 }, // U+00BA
    { 0x00C0, 1 }, // U+00C0
    { 0x00C1, 1 }, // U+00C1
    { 0x00C2, 52 }, // U+00C2
    { 0x00C3, 1 }, // U+00C3
    { 0x00C4, 1 }, // U+00C4
    { 0x00C5, 1 }, // U+00C5
    { 0x00C6, 53 }, // U+00C6
    { 0x00C8, 5 }, // U+00C8
    { 0x00C9, 5 }, // U+00C9
    { 0x00CA, 5 }, // U+00CA
    { 0x00CB, 5 }, // U+00CB
    { 0x00CC, 8 }, // U+00CC
    { 0x00CD, 8 }, // U+00CD
    { 0x00CF, 54 }, // U+00CF
    { 0x00D0, 55 }, // U+00D0
    { 0x00D2, 14 }, // U+00D2
    { 0x00D3, 14 }, // U+00D3
    { 0x00D4, 14 }, // U+00D4
    { 0x00D5, 14 }, // U+00D5
    { 0x00D6, 14 }, // U+00D6
    { 0x00D8, 56 }, // U+00D8
    { 0x00D9, 19 }, // U+00D9
    { 0x00DA, 19 }, // U+00DA
    { 0x00DC, 19 }, // U+00DC
    { 0x00DD, 23 }, // U+00DD
    { 0x00DE, 8 }, // U+00DE
    { 0x00DF, 57 }, // U+00DF
    { 0x00E0, 25 }, // U+00E0
    { 0x00E1, 25 }, // U+00E1
    { 0x00E2, 58 }, // U+00E2
    { 0x00E3, 58 }, // U+00E3
    { 0x00E4, 59 }, // U+00E4
    { 0x00E5, 60 }, // U+00E5
    { 0x00E6, 61 }, // U+00E6
    { 0x00E8, 62 }, // U+00E8
    { 0x00E9, 29 }, // U+00E9
    { 0x00EA, 63 }, // U+00EA
    { 0x00EB, 64 }, // U+00EB
    { 0x00EC, 65 }, // U+00EC
    { 0x00ED, 66 }, // U+00ED
    { 0x00EF, 67 }, // U+00EF
    { 0x00F0, 68 }, // U+00F0
    { 0x00F2, 69 }, // U+00F2
    { 0x00F3, 39 }, // U+00F3
    { 0x00F4, 70 }, // U+00F4
    { 0x00F5, 71 }, // U+00F5
    { 0x00F6, 71 }, // U+00F6
    { 0x00F8, 72 }, // U+00F8
    { 0x00F9, 44 }, // U+00F9
    { 0x00FA, 44 }, // U+00FA
    { 0x00FC, 44 }, // U+00FC
    { 0x00FD, 48 }, // U+00FD
    { 0x00FE, 73 }, // U+00FE
    { 0x00FF, 48 }, // U+00FF
    { 0x0100, 1 }, // U+0100
    { 0x0101, 59 }, // U+0101
    { 0x0102, 1 }, // U+0102
    { 0x0103, 58 }, // U+0103
    { 0x010A, 3 }, // U+010A
    { 0x010B, 27 }, // U+010B
    { 0x0110, 55 }, // U+0110
    { 0x0111, 74 }, // U+0111
    { 0x0112, 5 }, // U+0112
    { 0x0113, 63 }, // U+0113
    { 0x0116, 5 }, // U+0116
    { 0x0117, 29 }, // U+0117
    { 0x0120, 3 }, // U+0120
    { 0x0121, 31 }, // U+0121
    { 0x0128, 75 }, // U+0128
    { 0x0129, 67 }, // U+0129
    { 0x012A, 76 }, // U+012A
    { 0x012B, 67 }, // U+012B
    { 0x0130, 8 }, // U+0130
    { 0x0131, 77 }, // U+0131
    { 0x0138, 78 }, // U+0138
    { 0x013F, 11 }, // U+013F
    { 0x0140, 36 }, // U+0140
    { 0x014A, 8 }, // U+014A
    { 0x014B, 78 }, // U+014B
    { 0x014C, 14 }, // U+014C
    { 0x014D, 70 }, // U+014D
    { 0x0152, 79 }, // U+0152
    { 0x0153, 31 }, // U+0153
    { 0x0168, 19 }, // U+0168
    { 0x0169, 44 }, // U+0169
    { 0x016A, 19 }, // U+016A
    { 0x016B, 44 }, // U+016B
    { 0x016E, 19 }, // U+016E
    { 0x016F, 44 }, // U+016F
    { 0x0178, 23 }, // U+0178
    { 0x017B, 24 }, // U+017B
    { 0x017C, 49 }, // U+017C
    { 0x017F, 80 }, // U+017F
    { 0x01A0, 81 }, // U+01A0
    { 0x01A1, 82 }, // U+01A1
    { 0x01AF, 83 }, // U+01AF
    { 0x01B0, 84 }, // U+01B0
    { 0x01C9, 36 }, // U+01C9
    { 0x01DD, 85 }, // U+01DD
    { 0x01E2, 53 }, // U+01E2
    { 0x01E3, 61 }, // U+01E3
    { 0x021C, 86 }, // U+021C
    { 0x021D, 87 }, // U+021D
    { 0x1EA0, 1 }, // U+1EA0
    { 0x1EA1, 25 }, // U+1EA1
    { 0x1EA2, 1 }, // U+1EA2
    { 0x1EA3, 25 }, // U+1EA3
    { 0x1EA4, 52 }, // U+1EA4
    { 0x1EA5, 58 }, // U+1EA5
    { 0x1EA6, 52 }, // U+1EA6
    { 0x1EA7, 58 }, // U+1EA7
    { 0x1EA8, 52 }, // U+1EA8
    { 0x1EA9, 58 }, // U+1EA9
    { 0x1EAA, 52 }, // U+1EAA
    { 0x1EAB, 58 }, // U+1EAB
    { 0x1EAC, 52 }, // U+1EAC
    { 0x1EAD, 58 }, // U+1EAD
    { 0x1EAE, 1 }, // U+1EAE
    { 0x1EAF, 58 }, // U+1EAF
    { 0x1EB0, 1 }, // U+1EB0
    { 0x1EB1, 58 }, // U+1EB1
    { 0x1EB2, 1 }, // U+1EB2
    { 0x1EB3, 58 }, // U+1EB3
    { 0x1EB4, 52 }, // U+1EB4
    { 0x1EB5, 58 }, // U+1EB5
    { 0x1EB6, 1 }, // U+1EB6
    { 0x1EB7, 58 }, // U+1EB7
    { 0x1EB8, 5 }, // U+1EB8
    { 0x1EB9, 29 }, // U+1EB9
    { 0x1EBA, 5 }, // U+1EBA
    { 0x1EBB, 29 }, // U+1EBB
    { 0x1EBC, 5 }, // U+1EBC
    { 0x1EBD, 64 }, // U+1EBD
    { 0x1EBE, 5 }, // U+1EBE
    { 0x1EBF, 63 }, // U+1EBF
    { 0x1EC0, 5 }, // U+1EC0
    { 0x1EC1, 63 }, // U+1EC1
    { 0x1EC2, 5 }, // U+1EC2
    { 0x1EC3, 63 }, // U+1EC3
    { 0x1EC4, 5 }, // U+1EC4
    { 0x1EC5, 63 }, // U+1EC5
    { 0x1EC6, 5 }, // U+1EC6
    { 0x1EC7, 63 }, // U+1EC7
    { 0x1EC8, 8 }, // U+1EC8
    { 0x1EC9, 88 }, // U+1EC9
    { 0x1ECA, 89 }, // U+1ECA
    { 0x1ECB, 33 }, // U+1ECB
    { 0x1ECC, 14 }, // U+1ECC
    { 0x1ECD, 39 }, // U+1ECD
    { 0x1ECE, 14 }, // U+1ECE
    { 0x1ECF, 39 }, // U+1ECF
    { 0x1ED0, 14 }, // U+1ED0
    { 0x1ED1, 70 }, // U+1ED1
    { 0x1ED2, 14 }, // U+1ED2
    { 0x1ED3, 70 }, // U+1ED3
    { 0x1ED4, 14 }, // U+1ED4
    { 0x1ED5, 70 }, // U+1ED5
    { 0x1ED6, 14 }, // U+1ED6
    { 0x1ED7, 70 }, // U+1ED7
    { 0x1ED8, 14 }, // U+1ED8
    { 0x1ED9, 70 }, // U+1ED9
    { 0x1EDA, 81 }, // U+1EDA
    { 0x1EDB, 82 }, // U+1EDB
    { 0x1EDC, 81 }, // U+1EDC
    { 0x1EDD, 90 }, // U+1EDD
    { 0x1EDE, 81 }, // U+1EDE
    { 0x1EDF, 82 }, // U+1EDF
    { 0x1EE0, 81 }, // U+1EE0
    { 0x1EE1, 91 }, // U+1EE1
    { 0x1EE2, 81 }, // U+1EE2
    { 0x1EE3, 82 }, // U+1EE3
    { 0x1EE4, 19 }, // U+1EE4
    { 0x1EE5, 44 }, // U+1EE5
    { 0x1EE6, 19 }, // U+1EE6
    { 0x1EE7, 44 }, // U+1EE7
    { 0x1EE8, 83 }, // U+1EE8
    { 0x1EE9, 84 }, // U+1EE9
    { 0x1EEA, 83 }, // U+1EEA
    { 0x1EEB, 84 }, // U+1EEB
    { 0x1EEC, 83 }, // U+1EEC
    { 0x1EED, 84 }, // U+1EED
    { 0x1EEE, 83 }, // U+1EEE
    { 0x1EEF, 92 }, // U+1EEF
    { 0x1EF0, 83 }, // U+1EF0
    { 0x1EF1, 84 }, // U+1EF1
    { 0x1EF2, 23 }, // U+1EF2
    { 0x1EF3, 48 }, // U+1EF3
    { 0x1EF4, 23 }, // U+1EF4
    { 0x1EF5, 48 }, // U+1EF5
    { 0x1EF6, 23 }, // U+1EF6
    { 0x1EF7, 48 }, // U+1EF7
    { 0x1EF8, 23 }, // U+1EF8
    { 0x1EF9, 48 }, // U+1EF9
    { 0x207F, 93 }, // U+207F
};

static const int8_t bokerlam_14_regularKernMatrix[] = {
      -9,    0,  -38,  -10,  -10,  -13,    0,  -14,  -13,  -10,    0,   -9,  -12,  -46,  -41,    0,  -22,  -43,  -42,  -83,  -57,    0,  -84,  -13,  -24,  -34,  -25,  -24,  -29,  -57,  -33,    0,  -10,  -36,    0,  -42,    0,  -10,  -30,  -22,  -13,  -15,  -47,  -42,  -72,  -49,    0,  -70,   -9,  -62,  -71,   -9,    0,  -14,  -21,   -9,    0,  -24,  -24,  -24,  -28,  -29,  -29,  -29,  -10,  -10,  -10,  -33,  -30,  -30,  -30,    0,  -44,  -29,  -15,  -14,  -10,   -9,  -46,    0,  -38,  -33,  -40,  -34,  -31,  -81,  -56,  -10,  -14,  -33,  -33,  -34, -101,
     -35,  -20,   -9,  -16,  -19,  -18,   -9,  -35,  -30,  -15,  -18,  -12,  -17,  -16,  -14,  -12,  -19,  -36,  -16,  -47,  -24,  -42,  -56,  -29,    0,  -16,    0,    0,    0,  -31,  -12,  -14,  -18,  -25,  -10,  -25,    0,  -11,    0,  -12,  -16,  -15,  -17,  -19,  -25,  -20,  -31,  -32,  -23,  -21,  -30,  -35,  -36,  -34,  -12,  -13,  -30,    0,    0,    0,  -17,    0,    0,    0,  -16,  -18,  -15,  -12,    0,    0,    0,  -11,  -32,    0,  -35,  -35,  -19,  -23,  -17,  -32,    0,  -11,  -14,  -12,  -11,  -48,  -33,  -15,  -35,  -11,  -11,  -12,  -69,
     -21,  -16,  -29,  -14,  -17,  -16,    0,  -19,   -9,  -14,  -14,  -12,  -16,  -37,  -33,  -10,    0,    0,  -19,  -23,  -22,  -20,  -24,  -14,  -10,  -16,  -13,  -11,  -16,  -51,  -21,   -9,  -16,  -27,  -12,  -26,  -15,  -16,  -17,  -18,  -23,    0,  -35,  -28,  -54,  -42,  -22,  -67,  -10,  -35,  -29,  -21,    0,  -18,  -27,  -18,  -22,  -10,    0,  -10,  -14,  -16,  -16,  -14,  -17,  -20,    0,  -20,  -17,  -17,  -17,  -13,  -16,  -17,  -19,  -19,  -21,  -23,  -38,  -24,  -30,  -21,  -14,  -20,  -15,  -37,  -32,  -15,  -19,  -21,  -21,  -18,  -49,
     -50,  -17,    0,  -13,  -16,  -14,    0,  -36,  -61,  -10,  -15,  -13,  -12,    0,    0,   -9,  -25,  -37,    0,  -43,  -14,  -54,  -54,  -42,    0,  -11,    0,    0,    0,  -18,  -11,  -10,  -17,  -10,    0,  -21,    0,  -11,    0,  -11,  -14,  -11,    0,  -16,  -11,    0,  -20,  -16,  -12,  -12,  -21,  -50,  -61,  -35,    0,    0,  -32,    0,    0,    0,  -22,    0,    0,    0,  -17,  -17,  -12,  -11,    0,    0,    0,    0,  -30,    0,  -37,  -36,  -17,  -13,   -9,  -34,    0,    0,    0,    0,  -14,  -45,  -11,  -17,  -36,    0,    0,    0,  -39,
     -13,   -9,  -26,    0,  -11,  -11,    0,  -10,    0,  -10,  -10,  -10,  -12,  -35,  -30,    0,    0,    0,  -14,  -15,  -14,  -12,  -15,  -11,   -9,  -15,  -14,  -11,  -18,  -48,  -21,    0,  -10,  -18,    0,  -23,  -10,  -12,  -19,  -12,  -17,    0,  -28,  -24,  -58,  -39,  -10,  -63,    0,  -29,  -25,  -13,    0,    0,  -19,  -13,    0,   -9,    0,   -9,  -14,  -18,  -16,  -13,    0,  -13,    0,  -21,  -19,  -19,  -19,  -10,  -11,  -18,   -9,  -10,  -14,   -9,  -37,    0,  -29,  -25,  -10,  -17,  -15,  -31,  -35,  -11,  -10,  -25,  -23,  -13,  -41,
     -87,  -13,  -27,  -12,  -15,  -10,    0,    0,  -79,    0,  -11,  -31,  -10,  -32,  -32,    0,  -30,    0,    0,    0,    0,  -16,    0,    0,  -27,  -10,  -26,  -26,  -28,  -61,  -35,  -10,  -33,  -34,    0,  -20,  -36,  -38,  -30,  -37,  -43,  -33,  -40,  -41,  -60,  -37,  -76,  -58,  -45,  -23,  -15,  -87, -103,    0,  -17,  -32,  -48,  -27,  -19,  -28,  -45,  -27,  -30,  -28,  -16,  -39,   18,  -36,  -28,  -32,  -32,  -35,    0,  -32,    0,    0,  -49,  -63,  -34,  -49,  -26,  -32,    0,  -34, -111,  -22,  -28,  -20,    0,  -31,  -34,  -27,  -33,
     -27,  -13,    0,   -9,  -13,  -12,    0,  -26,  -22,  -10,  -12,  -10,  -12,   -9,    0,    0,  -20,  -14,    0,  -28,  -16,  -27,  -28,  -20,    0,    0,    0,    0,    0,  -42,    0,    0,  -17,  -21,    0,  -18,  -11,  -13,    0,    0,  -19,  -11,  -27,  -20,  -44,  -17,  -28,  -45,  -21,  -11,  -25,  -27,  -16,  -24,    0,    0,  -21,    0,    0,    0,  -19,    0,    0,    0,  -14,  -17,    0,    0,    0,    0,    0,    0,  -14,    0,  -26,  -26,  -20,  -21,  -10,  -23,    0,    0,    0,    0,  -15,  -38,  -20,  -15,  -26,    0,    0,    0,  -48,
       0,    0,    0,    0,    0,    0,    0,    0,    0,    0,    0,    0,    0,   -9,    0,    0,    0,  -10,   16,    0,    0,    0,    0,    0,    0,   14,    0,    0,    0,  -22,    0,    0,    0,    0,    0,    0,    0,    0,    0,    0,    0,    0,    0,  -14,  -14,    0,    0,  -21,   10,  -15,  -15,    0,   13,    0,    0,   10,    0,    0,    0,    0,  -14,    0,    0,    0,    0,    0,   14,    0,    0,    0,    0,   13,    0,    0,    0,    0,    0,    0,  -10,    0,    0,    0,   24,    0,  -10,  -27,  -19,    0,    0,    0,    0,    0,  -34,
       0,    0,  -30,    0,    0,    0,    0,    0,    0,    0,    0,  -12,    0,  -35,  -35,    0,  -16,    0,    0,    0,  -13,    0,    0,  -11,  -20,  -13,  -27,  -21,  -29,  -43,  -32,    0,  -12,  -24,    0,  -17,    0,   -9,  -31,  -20,  -13,    0,  -30,  -20,  -42,  -25,    0,  -49,    0,  -16,  -31,    0,   10,    0,  -13,    0,    0,  -18,  -16,  -14,  -20,  -25,  -25,  -20,    0,    0,   10,  -26,  -28,  -27,  -26,    0,    0,  -31,    0,    0,    0,    0,  -36,    0,  -29,  -34,    0,  -12,  -15,  -32,  -44,    0,    0,  -30,  -29,    0,  -34,
     -56,  -10,  -19,  -10,  -12,  -12,    0,    0,  -51,  -14,  -15,  -13,  -14,  -25,  -23,    0,  -28,    0,    0,    0,  -10,  -14,    0,  -19,  -18,  -16,  -18,  -18,  -21,  -35,  -27,  -13,  -10,  -16,  -14,  -23,  -18,  -24,  -22,  -23,  -24,  -26,  -22,  -30,  -28,  -20,  -36,  -35,  -28,  -17,  -25,  -56,  -53,    0,  -20,  -22,  -34,  -16,  -14,  -15,  -35,  -20,  -19,  -15,  -11,  -23,   16,  -25,  -21,  -21,  -20,  -25,    0,  -24,    0,    0,  -25,  -32,  -26,  -35,  -19,  -26,    0,  -22,  -27,  -32,  -33,  -20,    0,  -24,  -22,  -18,  -27,
       0,    0,  -34,    0,    0,    0,    0,  -12,    0,    0,    0,    0,    0,  -44,  -41,    0,    0,  -16,  -22,  -27,  -28,    0,  -28,    0,  -14,  -18,  -18,  -14,  -21,  -48,  -24,    0,    0,  -25,    0,  -23,    0,    0,  -22,  -11,    0,    0,  -35,  -30,  -73,  -49,    0,  -72,    0,  -39,  -35,    0,   15,  -11,  -16,    0,    0,  -14,  -10,  -14,  -11,  -21,  -21,  -21,    0,    0,    0,  -24,  -22,  -22,  -22,    0,  -25,  -21,  -12,  -12,    0,    0,  -46,    0,  -35,  -27,  -20,  -20,  -16,  -38,  -38,    0,  -12,  -27,  -27,  -20,  -52,
     -17,  -20,  -39,  -19,  -20,  -20,  -12,  -17,    0,  -18,  -18,  -17,  -20,  -47,  -42,  -13,    0,  -56,  -38, -101,  -59,  -15, -103,  -12,  -17,  -24,  -20,  -18,  -23,  -58,  -28,  -15,  -18,  -34,  -15,  -34,  -14,  -16,  -24,  -19,  -22,    0,  -42,  -34,  -91,  -55,  -14,  -93,  -10, -128, -128,  -17,    0,  -16,  -31,  -17,    0,  -17,  -17,  -17,  -18,  -23,  -23,  -23,  -18,  -18,  -18,  -27,  -24,  -24,  -24,  -13,  -42,  -24,  -17,  -16,  -18,  -11,  -49,  -10,  -40,  -28,  -36,  -26,  -21, -124,  -39,  -18,  -17,  -28,  -28,  -26, -128,
       0,    0,    0,    0,    0,    0,   14,  -13,  -10,    0,    0,    0,    0,   -9,    0,    0,    0,  -25,    0,  -24,  -14,    0,  -25,    0,    0,    0,    0,    0,    0,  -24,    0,    0,    0,    0,   11,  -13,   16,   15,    0,    0,    0,    0,    0,  -12,  -19,   -9,    0,  -24,    0,  -18,  -21,    0,    0,  -12,    0,    0,    0,    0,    0,    0,  -13,    0,    0,    0,    0,    0,    0,    0,    0,    0,    0,    9,    0,    0,  -13,  -13,    0,    0,  -10,    0,    0,    0,    0,    0,    0,  -31,  -19,    0,  -13,    0,    0,    0,  -42,
     -24,    0,    0,    0,    0,   15,   21,  -10,  -17,   21,   10,    0,   20,    0,    0,   19,  -10,    0,   14,    0,    0,  -10,    0,  -11,    0,   17,    0,    0,    0,  -22,    0,    0,    0,   17,   22,  -12,    0,    0,    0,    0,  -10,    0,    0,  -13,  -13,    0,  -13,  -20,  -10,  -14,  -15,  -24,    0,    0,    0,    0,  -16,    0,    0,    0,  -16,    0,    0,    0,    0,    0,   17,    0,    0,    0,    0,    0,    0,    0,  -10,  -10,   -9,  -11,   -9,  -19,    0,    0,   18,    0,    0,  -26,  -18,    0,  -10,    0,    0,    0,  -26,
     -48,  -14,    0,  -10,  -13,  -11,    0,  -34,  -59,    0,  -12,  -10,    0,    0,    0,    0,  -21,  -32,    0,  -39,  -11,  -49,  -50,  -39,    0,    0,    0,    0,    0,  -15,    0,    0,  -14,    0,    0,  -17,    0,    0,    0,    0,  -12,    0,    0,  -13,    0,    0,  -17,  -13,    0,    0,  -18,  -48,  -59,  -33,    0,    0,  -28,    0,    0,    0,  -19,    0,    0,    0,  -14,  -14,  -10,    0,    0,    0,    0,    0,  -26,    0,  -34,  -34,  -14,  -10,    0,  -30,    0,    0,    0,    0,  -11,  -41,    0,  -14,  -34,    0,    0,    0,  -37,
     -85,  -19,  -12,  -14,  -16,  -13,    0,  -30,  -97,  -13,  -15,  -25,  -14,  -18,  -17,   -9,  -18,  -11,    0,  -27,   -9,  -46,  -30,  -29,  -24,  -15,  -23,  -23,  -25,  -13,  -33,  -14,  -13,    0,  -13,  -23,    0,   -9,  -28,  -10,  -12,  -17,    0,  -15,    0,    0,  -12,    0,  -13,  -14,  -10,  -85, -108,  -29,  -17,  -18,  -36,  -22,  -24,  -23,  -30,  -25,  -24,  -23,  -12,  -13,    0,  -30,  -28,  -27,  -25,  -33,  -34,  -29,  -30,  -30,  -13,    0,  -19,  -38,  -12,  -30,    0,    0,  -21,  -26,  -16,  -11,  -30,  -30,  -27,    0,  -44,
     -42,  -10,    0,    0,   -9,    0,    0,  -29,  -52,    0,    0,    0,    0,    0,    0,    0,  -18,  -30,    0,  -36,    0,  -44,  -48,  -33,    0,    0,    0,    0,    0,   42,    0,    0,    0,   39,    0,  -12,    0,    0,    0,   11,    0,    0,    0,  -11,    0,    0,  -13,    0,    0,    0,  -15,  -42,  -53,  -28,    0,    0,  -22,    0,    0,    0,  -16,    0,    0,    0,    0,    0,    0,    0,    0,    0,    0,    0,    0,    0,  -29,  -29,    0,    0,    0,  -24,    0,    0,    0,    0,    0,  -22,    0,    0,  -16,    0,    0,    0,  -35,
       0,    0,  -38,    0,    0,    0,    0,    0,    0,    0,    0,    0,    0,  -44,  -39,    9,    0,  -46,  -28,  -60,  -40,    0,  -65,    0,  -22,  -19,  -25,  -22,  -27,  -40,  -32,    0,    0,  -22,    0,  -28,    0,    0,  -28,    0,    0,    0,  -27,  -31,  -37,  -33,    0,  -44,    0,  -49,  -46,    0,   19,    0,    0,    0,    0,  -22,  -22,  -22,  -15,  -27,  -27,  -27,    0,    0,    0,  -32,  -28,  -28,  -28,    0,  -29,  -29,    0,    0,    0,    0,  -45,    0,  -38,  -31,  -27,  -23,  -20,  -56,  -47,    0,    0,  -31,  -31,  -23,  -80,
     -31,  -13,    0,  -10,  -14,  -14,    0,  -21,  -27,  -11,  -14,  -13,  -13,  -15,  -13,    0,  -18,    0,  -10,  -21,  -18,  -28,  -21,  -17,    0,  -11,    0,    0,    0,  -45,  -10,  -11,  -16,  -24,    0,  -21,   -9,  -12,    0,  -12,  -16,  -18,  -28,  -18,  -35,  -24,  -36,  -51,  -23,  -21,  -24,  -31,  -32,  -20,  -12,  -12,  -27,    0,    0,    0,  -15,    0,    0,    0,  -16,  -18,    0,  -10,    0,    0,    0,   -9,   -9,    0,  -21,  -21,  -19,  -30,  -17,  -29,    0,   -9,    0,  -11,    0,  -33,  -36,  -14,  -21,   -9,   -9,   -9,  -46,
     -58,    0,  -40,    0,  -12,  -10,    0,    0,  -55,  -10,  -13,  -30,  -12,  -47,  -46,    0,  -24,    0,    0,    0,    0,  -13,    0,    0,  -48,  -10,  -50,  -49,  -49,  -57,  -75,    0,  -24,  -24,    0,  -17,  -26,  -21,  -51,  -28,  -27,  -37,  -33,  -48,  -25,  -25,  -47,  -59,  -24,  -18,  -14,  -42,  -82,    0,  -19,  -43,  -44,  -33,  -23,  -47,  -89,  -49,  -33,  -38,  -13,  -15,   21,  -63,  -26,  -33,  -35,  -79,    0,  -48,    0,    0,  -25,  -81,  -47,  -45,  -41,  -32,    0,  -23,  -87,  -18,  -88,  -14,    0,  -28,  -35,  -10,  -28,
     -39,    0,    0,   14,   12,   13,   26,    0,  -40,   16,   20,    0,   15,    0,    0,   26,   -9,    0,   22,    0,    0,    0,    0,  -11,    0,   14,    0,    0,    0,  -17,    0,   16,    0,    0,   17,    0,    0,    0,    0,    0,    0,    0,    0,   -9,    0,    0,  -14,  -13,  -10,    0,    0,  -38,  -45,    0,    0,    0,  -22,    0,    0,    0,  -15,    0,    0,    0,    0,    0,   20,    0,    0,    0,    0,    0,    0,    0,    0,    0,    0,    0,    0,  -24,    0,    0,   21,    0,    0,  -24,  -11,   11,    0,    0,    0,    0,  -23,
     -80,    0,  -37,    0,    0,    0,    0,    0,  -72,    0,  -10,  -28,  -10,  -44,  -42,    0,  -36,    0,    0,    0,    0,    0,    0,  -17,  -53,  -10,  -53,  -53,  -55,  -48,  -63,    0,  -27,  -24,    0,  -16,  -37,  -41,  -57,  -41,  -43,  -52,  -32,  -45,  -34,  -32,  -45,  -42,  -48,  -21,  -26,  -80,  -79,    0,  -16,  -42,  -53,  -48,  -25,  -34,  -61,  -47,  -44,  -30,    0,  -35,   21,  -56,  -52,  -50,  -37,  -59,    0,  -58,    0,    0,  -43,  -41,  -45,  -53,  -37,  -60,    0,  -39,  -56,  -30,  -54,  -17,    0,  -55,  -38,  -30,  -27,
     -65,  -11,  -16,    0,  -11,    0,    0,  -17,  -65,    0,  -10,  -21,  -10,  -21,  -21,    0,  -26,   -2,    0,  -10,    0,  -21,  -10,  -25,  -20,    0,  -20,  -19,  -22,  -28,  -29,    0,  -20,  -20,    0,  -11,  -18,  -21,  -25,  -21,  -24,  -23,   -9,  -25,  -16,  -13,  -27,  -23,  -21,  -21,  -17,  -63,  -61,  -15,  -17,  -18,  -35,  -17,  -14,  -17,  -37,  -20,  -20,  -19,  -15,  -21,   11,  -25,  -22,  -21,  -21,  -27,  -11,  -25,  -17,  -17,  -25,  -20,  -22,  -38,  -15,  -27,    0,  -16,  -30,  -33,  -26,  -17,  -17,  -24,  -23,  -13,  -35,
       0,    0,  -41,    0,    0,    0,    0,    0,    0,    0,    0,    0,    0,  -48,  -45,    0,  -15,    0,    0,    0,    0,    0,    0,    0,  -29,    0,  -33,  -30,  -36,  -44,  -40,    0,    0,  -17,    0,    0,    0,    0,  -37,  -16,    0,    0,  -38,  -42,  -65,  -44,    0,  -57,    0,  -22,  -31,    0,   14,    0,    0,    0,    0,  -28,  -19,  -26,  -25,  -34,  -33,  -27,    0,    0,   21,  -37,  -36,  -35,  -31,    0,    0,  -37,    0,    0,    0,    0,  -49,    0,  -42,  -42,    0,  -30,  -31,  -28,  -58,    0,    0,  -39,  -33,  -23,  -24,
     -75,    0,  -55,    0,    0,    0,    0,    0,  -74,    0,   -9,  -31,   -9,  -59,  -60,    0,  -43,    0,    0,    0,    0,    0,    0,  -16,  -76,  -11,  -75,  -75,  -75,  -51,  -84,    0,  -23,  -27,    0,  -17,  -52,  -56,  -79,  -57,  -58,  -69,  -43,  -60,  -50,  -49,  -61,  -59,  -63,  -22,  -29,  -75,  -74,    0,  -15,  -57,  -54,  -55,  -24,  -46,  -80,  -51,  -49,  -35,    0,  -44,   21,  -64,  -56,  -56,  -46,  -77,    0,  -80,    0,    0,  -58,  -56,  -61,  -54,  -55,  -81,    0,  -56,  -73,  -29,  -74,  -26,    0,  -56,  -47,  -39,  -26,
     -11,    0,  -22,    0,    0,    0,    0,    0,    0,    0,    0,   -9,    0,  -30,  -27,    0,    0,    0,  -10,    0,  -11,    0,    0,    0,  -11,  -11,  -14,  -12,  -17,  -40,  -21,    0,    0,  -16,    0,  -20,    0,    0,  -19,  -14,  -13,    0,  -26,  -28,  -42,  -35,    0,  -48,    0,  -24,  -26,  -11,    0,    0,  -17,  -11,    0,  -11,  -11,  -11,  -12,  -17,  -15,  -16,    0,    0,    0,  -21,  -19,  -18,  -16,    0,    0,  -18,    0,    0,  -10,    0,  -31,    0,  -23,  -22,    0,  -19,  -15,  -30,  -28,    0,    0,  -22,  -19,  -14,  -35,
       0,    0,    0,    0,    0,    0,    0,    0,    0,    0,    0,    0,    0,    0,    0,    0,    0,    0,    0,    0,    0,    0,    0,    0,    0,    0,    0,    0,    0,    0,    0,    0,    0,    0,    0,    0,    0,    0,    0,    0,    0,    0,    0,    0,    0,    0,    0,    0,    0,  -16,  -28,    0,    0,    0,    0,    0,    0,    0,    0,    0,    0,    0,    0,    0,    0,    0,    0,    0,    0,    0,    0,    0,    0,    0,    0,    0,    0,    0,    0,    0,    0,    0,    0,    0,    0,    0,    0,    0,    0,    0,    0,    0,  -53,
       0,    0,    0,    0,    0,    0,    0,    0,    0,    0,    0,    0,    0,    0,    0,    0,    0,    0,    0,    0,    0,    0,    0,    0,    0,    0,    0,    0,    0,    0,    0,    0,    0,    0,    0,    0,    0,    0,    0,    0,    0,    0,    0,    0,    0,    0,    0,    0,    0,    0,  -16,    0,    0,    0,    0,    0,    0,    0,    0,    0,    0,    0,    0,    0,    0,    0,    0,    0,    0,    0,    0,    0,    0,    0,    0,    0,    0,    0,    0,    0,    0,    0,    0,    0,    0,    0,    0,    0,    0,    0,    0,    0,  -35,
       0,    0,    0,    0,    0,    0,    0,    0,    0,    0,    0,    0,    0,    0,    0,    0,    0,    0,    0,    0,    0,    0,    0,    0,    0,    0,    0,    0,    0,    0,    0,    0,    0,    0,    0,    0,    0,    0,    0,    0,    0,    0,    0,    0,    0,    0,    0,    0,    0,  -15,  -20,    0,    0,    0,    0,    0,    0,    0,    0,    0,    0,    0,    0,    0,    0,    0,    0,    0,    0,    0,    0,    0,    0,    0,    0,    0,    0,    0,    0,    0,    0,    0,    0,    0,    0,    0,    0,    0,    0,    0,    0,    0,  -49,
       0,    0,    0,    0,    0,    0,    0,    0,    0,    0,    0,    0,    0,    0,    0,    0,    0,    0,    0,    0,    0,    0,    0,    0,    0,    0,    0,    0,    0,    0,    0,    0,    0,    0,    0,    0,    0,    0,    0,    0,    0,    0,    0,    0,    0,    0,    0,    0,    0,    0,  -14,    0,    0,    0,    0,    0,    0,    0,    0,    0,    0,    0,    0,    0,    0,    0,    0,    0,    0,    0,    0,    0,    0,    0,    0,    0,    0,    0,    0,    0,    0,    0,    0,    0,    0,    0,    0,    0,    0,    0,    0,    0,  -36,
       0,    0,    0,    0,    0,    0,    0,    0,    0,    0,    0,    0,    0,    0,    0,    0,    0,    0,    0,    0,    0,    0,    0,    0,    0,    0,    0,    0,    0,    0,    0,    0,    0,    0,    0,    0,    0,    0,    0,    0,    0,    0,    0,    0,    0,    0,    0,    0,    0,  -12,  -20,    0,    0,    0,    0,    0,    0,    0,    0,    0,    0,    0,    0,    0,    0,    0,    0,    0,    0,    0,    0,    0,    0,    0,    0,    0,    0,    0,    0,    0,    0,    0,    0,    0,    0,    0,    0,    0,    0,    0,    0,    0,  -36,
       0,    0,    0,    0,    0,    0,    0,    0,    0,    0,    0,    0,    0,    0,    0,    0,    0,    0,    0,    0,    0,    0,    0,    0,    0,    0,    0,    0,    0,    0,    0,    0,    0,    0,    0,    0,    0,    0,    0,    0,    0,    0,    0,    0,    0,    0,    0,    0,    0,    0,   -9,    0,    0,    0,    0,    0,    0,    0,    0,    0,    0,    0,    0,    0,    0,    0,    0,    0,    0,    0,    0,    0,    0,    0,    0,    0,    0,    0,    0,    0,    0,    0,    0,    0,    0,    0,    0,    0,    0,    0,    0,    0,  -35,
       0,    0,    0,    0,    0,    0,    0,    0,    0,    0,    0,    0,    0,    0,    0,    0,    0,    0,    0,    0,    0,    0,    0,    0,    0,    0,    0,    0,    0,    0,    0,    0,    0,    0,    0,    0,    0,    0,    0,    0,    0,    0,    0,    0,    0,    0,    0,    0,    0,  -21,  -30,    0,    0,    0,    0,    0,    0,    0,    0,    0,    0,    0,    0,    0,    0,    0,    0,    0,    0,    0,    0,    0,    0,    0,    0,    0,    0,    0,    0,    0,    0,    0,    0,    0,    0,    0,    0,    0,    0,    0,    0,    0,  -50,
       0,    0,    0,    0,    0,    0,    0,    0,    0,    0,    0,    0,    0,    0,    0,    0,    0,    0,    0,    0,    0,    0,    0,    0,    0,    0,    0,    0,    0,    0,    0,    0,    0,    0,    0,    0,    0,    0,    0,    0,    0,    0,    0,    0,    0,    0,    0,    0,    0,  -20,  -30,    0,    0,    0,    0,    0,    0,    0,    0,    0,    0,    0,    0,    0,    0,    0,    0,    0,    0,    0,    0,    0,    0,    0,    0,    0,    0,    0,    0,    0,    0,    0,    0,    0,    0,    0,    0,    0,    0,    0,    0,    0,  -47,
       0,    0,    0,    0,    0,    0,    0,    0,    0,    0,    0,    0,    0,    0,    0,    0,    0,    0,    0,    0,    0,    0,    0,    0,    0,    0,    0,    0,    0,    0,    0,    0,    0,    0,    0,    0,    0,    0,    0,    0,    0,    0,    0,    0,    0,    0,    0,    0,    0,    0,  -16,    0,    0,    0,    0,    0,    0,    0,    0,    0,    0,    0,    0,    0,    0,    0,    0,    0,    0,    0,    0,    0,    0,    0,    0,    0,    0,    0,    0,    0,    0,    0,    0,    0,    0,    0,    0,    0,    0,    0,    0,    0,  -33,
       0,    0,    0,    0,    0,    0,    0,    0,    0,    0,    0,    0,    0,    0,    0,    0,    0,    0,    0,    0,    0,    0,    0,    0,    0,    0,    0,    0,    0,    0,    0,    0,    0,    0,    0,    0,    0,    0,    0,    0,    0,    0,    0,    0,    0,    0,    0,    0,    0,  -20,  -22,    0,    0,    0,    0,    0,    0,    0,    0,    0,    0,    0,    0,    0,    0,    0,    0,    0,    0,    0,    0,    0,    0,    0,    0,    0,    0,    0,    0,    0,    0,    0,    0,    0,    0,    0,    0,    0,    0,    0,    0,    0,  -42,
       0,    0,    0,    0,    0,    0,    0,    0,    0,    0,    0,    0,    0,    0,    0,    0,    0,    0,    0,    0,    0,    0,    0,    0,    0,    0,    0,    0,    0,    0,    0,    0,    0,    0,    0,    0,    0,    0,    0,    0,    0,    0,    0,    0,    0,    0,    0,    0,    0,  -18,  -25,    0,    0,    0,    0,    0,    0,    0,    0,    0,    0,    0,    0,    0,    0,    0,    0,    0,    0,    0,    0,    0,    0,    0,    0,    0,    0,    0,    0,    0,    0,    0,    0,    0,    0,    0,    0,    0,    0,    0,    0,    0,  -48,
       0,    0,    0,    0,    0,    0,    0,    0,    0,    0,    0,    0,    0,    0,    0,    0,    0,    0,    0,    0,    0,    0,    0,    0,    0,    0,    0,    0,    0,    0,    0,    0,    0,    0,    0,    0,    0,    0,    0,    0,    0,    0,    0,    0,    0,    0,    0,    0,    0,  -19,  -27,    0,    0,    0,    0,    0,    0,    0,    0,    0,    0,    0,    0,    0,    0,    0,    0,    0,    0,    0,    0,    0,    0,    0,    0,    0,    0,    0,    0,    0,    0,    0,    0,    0,    0,    0,    0,    0,    0,    0,    0,    0,  -49,
       0,    0,    0,    0,    0,    0,    0,    0,    0,    0,    0,    0,    0,    0,    0,    0,    0,    0,    0,    0,    0,    0,    0,    0,    0,    0,    0,    0,    0,    0,    0,    0,    0,    0,    0,    0,    0,    0,    0,    0,    0,    0,    0,    0,    0,    0,    0,    0,    0,  -18,  -26,    0,    0,    0,    0,    0,    0,    0,    0,    0,    0,    0,    0,    0,    0,    0,    0,    0,    0,    0,    0,    0,    0,    0,    0,    0,    0,    0,    0,    0,    0,    0,    0,    0,    0,    0,    0,    0,    0,    0,    0,    0,  -47,
       0,    0,    0,    0,    0,    0,    0,    0,    0,    0,    0,    0,    0,    0,    0,    0,    0,    0,    0,    0,    0,    0,    0,    0,    0,    0,    0,    0,    0,    0,    0,    0,    0,    0,    0,    0,    0,    0,    0,    0,    0,    0,    0,    0,    0,    0,    0,    0,    0,  -14,  -23,    0,    0,    0,    0,    0,    0,    0,    0,    0,    0,    0,    0,    0,    0,    0,    0,    0,    0,    0,    0,    0,    0,    0,    0,    0,    0,    0,    0,    0,    0,    0,    0,    0,    0,    0,    0,    0,    0,    0,    0,    0,  -41,
       0,    0,    0,    0,    0,    0,    0,    0,    0,    0,    0,    0,    0,    0,    0,    0,    0,    0,    0,    0,    0,    0,    0,    0,    0,    0,    0,    0,    0,    0,    0,    0,    0,    0,    0,    0,    0,    0,    0,    0,    0,    0,    0,    0,    0,    0,    0,    0,    0,  -12,  -20,    0,    0,    0,    0,    0,    0,    0,    0,    0,    0,    0,    0,    0,    0,    0,    0,    0,    0,    0,    0,    0,    0,    0,    0,    0,    0,    0,    0,    0,    0,    0,    0,    0,    0,    0,    0,    0,    0,    0,    0,    0,  -38,
       0,    0,    0,    0,    0,    0,    0,    0,    0,    0,    0,    0,    0,    0,    0,    0,    0,    0,    0,    0,    0,    0,    0,    0,    0,    0,    0,    0,    0,    0,    0,    0,    0,    0,    0,    0,    0,    0,    0,    0,    0,    0,    0,    0,    0,    0,    0,    0,    0,    0,  -13,    0,    0,    0,    0,    0,    0,    0,    0,    0,    0,    0,    0,    0,    0,    0,    0,    0,    0,    0,    0,    0,    0,    0,    0,    0,    0,    0,    0,    0,    0,    0,    0,    0,    0,    0,    0,    0,    0,    0,    0,    0,  -38,
       0,    0,    0,    0,    0,    0,    0,    0,    0,    0,    0,    0,    0,    0,    0,    0,    0,    0,    0,    0,    0,    0,    0,    0,    0,    0,    0,    0,    0,    0,    0,    0,    0,    0,    0,    0,    0,    0,    0,    0,    0,    0,    0,    0,    0,    0,    0,    0,    0,    0,    0,    0,    0,    0,    0,    0,    0,    0,    0,    0,    0,    0,    0,    0,    0,    0,    0,    0,    0,    0,    0,    0,    0,    0,    0,    0,    0,    0,    0,    0,    0,    0,    0,    0,    0,    0,    0,    0,    0,    0,    0,    0,  -34,
       0,    0,    0,    0,    0,    0,    0,    0,    0,    0,    0,    0,    0,    0,    0,    0,    0,    0,    0,    0,    0,    0,    0,    0,    0,    0,    0,    0,    0,    0,    0,    0,    0,    0,    0,    0,    0,    0,    0,    0,    0,    0,    0,    0,    0,    0,    0,    0,    0,  -13,  -19,    0,    0,    0,    0,    0,    0,    0,    0,    0,    0,    0,    0,    0,    0,    0,    0,    0,    0,    0,    0,    0,    0,    0,    0,    0,    0,    0,    0,    0,    0,    0,    0,    0,    0,    0,    0,    0,    0,    0,    0,    0,  -55,
       0,    0,    0,    0,    0,    0,    0,    0,    0,    0,    0,    0,    0,    0,    0,    0,    0,    0,    0,    0,    0,    0,    0,    0,    0,    0,    0,    0,    0,    0,    0,    0,    0,    0,    0,    0,    0,    0,    0,    0,    0,    0,    0,    0,    0,    0,    0,    0,    0,    0,    0,    0,    0,    0,    0,    0,    0,    0,    0,    0,    0,    0,    0,    0,    0,    0,    0,    0,    0,    0,    0,    0,    0,    0,    0,    0,    0,    0,    0,    0,    0,    0,    0,    0,    0,    0,    0,    0,    0,    0,    0,    0,  -48,
       0,    0,    0,    0,    0,    0,    0,    0,    0,    0,    0,    0,    0,    0,    0,    0,    0,    0,    0,    0,    0,    0,    0,    0,    0,    0,    0,    0,    0,    0,    0,    0,    0,    0,    0,    0,    0,    0,    0,    0,    0,    0,    0,    0,    0,    0,    0,    0,    0,  -14,  -20,    0,    0,    0,    0,    0,    0,    0,    0,    0,    0,    0,    0,    0,    0,    0,    0,    0,    0,    0,    0,    0,    0,    0,    0,    0,    0,    0,    0,    0,    0,    0,    0,    0,    0,    0,    0,    0,    0,    0,    0,    0,  -48,
       0,    0,    0,    0,    0,    0,    0,    0,    0,    0,    0,    0,    0,    0,    0,    0,    0,    0,    0,    0,    0,    0,    0,    0,    0,    0,    0,    0,    0,    0,    0,    0,    0,    0,    0,    0,    0,    0,    0,    0,    0,    0,    0,    0,    0,    0,    0,    0,    0,    0,    0,    0,    0,    0,    0,    0,    0,    0,    0,    0,    0,    0,    0,    0,    0,    0,    0,    0,    0,    0,    0,    0,    0,    0,    0,    0,    0,    0,    0,    0,    0,    0,    0,    0,    0,    0,    0,    0,    0,    0,    0,    0,  -33,
       0,    0,    0,    0,    0,    0,    0,    0,    0,    0,    0,    0,    0,    0,    0,    0,    0,    0,    0,    0,    0,    0,    0,    0,    0,    0,    0,    0,    0,    0,    0,    0,    0,    0,    0,    0,    0,    0,    0,    0,    0,    0,    0,    0,    0,    0,    0,    0,    0,    0,    0,    0,    0,    0,    0,    0,    0,    0,    0,    0,    0,    0,    0,    0,    0,    0,    0,    0,    0,    0,    0,    0,    0,    0,    0,    0,    0,    0,    0,    0,    0,    0,    0,    0,    0,    0,    0,    0,    0,    0,    0,    0,  -37,
       0,    0,    0,    0,    0,    0,    0,    0,    0,    0,    0,    0,    0,    0,    0,    0,    0,    0,    0,    0,    0,    0,    0,    0,    0,    0,    0,    0,    0,    0,    0,    0,    0,    0,    0,    0,    0,    0,    0,    0,    0,    0,    0,    0,    0,    0,    0,    0,    0,  -16,    0,    0,    0,    0,    0,    0,    0,    0,    0,    0,    0,    0,    0,    0,    0,    0,    0,    0,    0,    0,    0,    0,    0,    0,    0,    0,    0,    0,    0,    0,    0,    0,    0,    0,    0,    0,    0,    0,    0,    0,    0,    0,  -52,
       0,    0,    0,    0,    0,    0,    0,    0,    0,    0,    0,    0,    0,    0,    0,    0,    0,    0,    0,    0,    0,    0,    0,    0,    0,    0,    0,    0,    0,    0,    0,    0,    0,    0,    0,    0,    0,    0,    0,    0,    0,    0,    0,    0,    0,    0,    0,    0,    0,  -12,    0,    0,    0,    0,    0,    0,    0,    0,    0,    0,    0,    0,    0,    0,    0,    0,    0,    0,    0,    0,    0,    0,    0,    0,    0,    0,    0,    0,    0,    0,    0,    0,    0,    0,    0,    0,    0,    0,    0,    0,    0,    0,  -44,
       0,    0,    0,    0,    0,    0,    0,    0,    0,    0,    0,    0,    0,    0,    0,    0,    0,    0,    0,    0,    0,    0,    0,    0,    0,    0,    0,    0,    0,    0,    0,    0,    0,    0,    0,    0,    0,    0,    0,    0,    0,    0,    0,    0,    0,    0,    0,    0,    0,  -13,  -10,    0,    0,    0,    0,    0,    0,    0,    0,    0,    0,    0,    0,    0,    0,    0,    0,    0,    0,    0,    0,    0,    0,    0,    0,    0,    0,    0,    0,    0,    0,    0,    0,    0,    0,    0,    0,    0,    0,    0,    0,    0,  -48,
     -79,  -32,  -15,  -28,  -32,  -30,  -21,  -46, -107,  -28,  -32,  -27,  -29,  -21,  -20,  -22,  -35,  -37,  -23,  -44,  -24,  -60,  -46,  -52,  -16,  -26,  -14,  -15,  -17,  -25,  -24,  -27,  -30,  -28,  -21,  -36,  -21,  -20,  -19,  -23,  -28,  -21,  -13,  -30,  -24,  -14,  -35,  -28,  -25,  -23,  -28,  -79, -100,  -44,  -16,  -22,  -48,  -16,  -16,  -16,  -34,  -17,  -17,  -17,  -27,  -32,  -21,  -25,  -19,  -19,  -19,  -24,  -37,  -20,  -46,  -45,  -32,  -24,  -22,  -49,  -14,  -21,  -21,  -22,  -27,  -53,  -19,  -28,  -46,  -21,  -21,  -22,  -45,
     -77,  -21,  -11,  -17,  -20,  -17,    0,  -24,  -91,  -14,  -19,  -21,  -16,  -17,  -16,  -13,  -20,    0,  -11,  -23,  -11,  -38,  -25,  -25,  -21,  -14,  -20,  -20,  -23,  -20,  -29,  -14,  -10,  -11,  -12,  -23,    0,  -10,  -25,  -10,  -12,  -23,    0,  -18,    0,    0,  -16,  -14,  -21,  -16,  -12,  -77,  -91,  -23,  -22,  -18,  -39,  -21,  -15,  -21,  -39,  -23,  -21,  -20,  -12,  -10,    0,  -29,  -25,  -22,  -22,  -29,  -21,  -26,  -25,  -24,  -12,  -12,  -18,  -42,  -11,  -27,    0,    0,  -27,  -26,  -25,    0,  -24,  -27,  -24,    0,  -43,
      -9,    0,  -38,  -10,  -10,  -13,    0,  -14,  -13,  -10,    0,   -9,  -12,  -46,  -41,    0,  -22,  -42,  -40,  -67,  -56,    0,  -84,  -13,  -24,  -33,  -25,  -24,  -29,  -57,  -33,    0,  -10,  -36,    0,  -42,    0,  -10,  -30,  -22,  -13,  -15,  -47,  -42,  -72,  -49,    0,  -70,   -9,  -62,  -71,   -9,    0,  -14,  -21,   -9,    0,  -24,  -24,  -24,  -28,  -29,  -29,  -29,  -10,  -10,  -10,  -33,  -30,  -30,  -30,    0,  -43,  -29,  -15,  -14,  -10,   -9,  -46,    0,  -38,  -33,  -39,  -34,  -31,  -81,  -56,  -10,  -14,  -33,  -33,  -34, -101,
     -14,    0,    0,    0,    0,    0,    0,    0,    0,    0,    0,    0,    0,  -15,  -11,    0,    0,    0,    0,  -15,  -13,  -11,  -14,    0,    0,    0,    0,    0,    0,  -32,   -9,    0,    0,  -13,    0,  -17,    0,    0,    0,    0,  -11,    0,  -16,  -12,  -28,  -19,  -13,  -35,    0,  -23,  -21,  -14,    0,    0,  -15,    0,    0,    0,    0,    0,    0,    0,    0,    0,    0,  -11,    9,  -10,    0,    0,    0,    0,    0,    0,    0,    0,  -12,   -9,  -20,   -9,    0,    0,    0,    0,    0,  -25,  -29,    0,    0,    0,    0,    0,  -41,
       0,    0,  -31,    0,    0,    0,    0,    0,    0,    0,    0,  -13,    0,  -36,  -35,    0,  -17,    0,    0,    0,  -13,    0,    0,  -12,  -21,  -11,  -28,  -21,  -30,  -44,  -33,    0,  -10,  -23,    0,  -15,    0,  -10,  -32,  -21,  -14,    0,  -32,  -21,  -43,  -26,    0,  -49,    0,  -16,  -32,    0,    9,   13,  -13,    0,    0,  -19,  -14,  -11,  -21,  -19,  -23,  -19,    0,    0,    9,  -23,  -21,  -28,  -25,    0,    0,  -32,    0,    0,    0,    0,  -37,    0,  -30,  -35,    0,  -13,  -16,  -33,  -45,    0,    0,  -28,  -28,    0,  -35,
     -38,    0,   11,    0,    0,    0,    0,  -24,  -48,    0,    0,    0,    0,    0,    0,    0,  -12,  -15,    0,  -31,    0,  -42,  -42,  -29,   10,    0,   10,   11,    0,    0,    0,    0,    0,    0,    0,    0,    0,    0,    0,    0,    0,    0,   10,    0,    0,    0,    0,    0,    0,    0,    0,  -38,  -49,  -23,    0,    0,  -18,   10,   10,   10,    0,    0,    0,    0,    0,    0,    0,    0,    0,    0,    0,    0,  -17,    0,  -24,  -24,    0,    0,    0,  -21,   11,    0,    0,    0,    0,  -33,    0,    0,  -24,    0,    0,    0,  -27,
     -44,   10,    0,   11,    0,    0,   14,    0,  -55,    0,    0,    0,    0,    0,    0,   12,  -14,    0,   12,    0,    0,  -10,    0,  -11,    0,    0,    0,    0,    0,  -14,    0,   14,    0,    0,   12,    0,    0,    0,    0,    0,    0,    0,    0,  -10,    0,    0,  -15,  -11,    0,    0,  -10,  -43,  -56,    0,    0,    0,  -19,    0,    0,    0,  -17,    0,    0,    0,    0,    0,   21,    0,    0,    0,    0,    0,    0,    0,    0,    0,    0,    0,    0,  -22,    0,    0,   17,    0,   -9,  -23,    0,    0,    0,    0,    0,    0,  -25,
     -60,  -22,    0,  -18,  -21,  -19,  -10,  -45,  -97,  -16,  -20,  -17,  -17,    0,    0,  -14,  -31,  -61,  -12,  -52,  -16,  -74,  -69,  -63,    0,  -16,    0,    0,    0,  -17,  -12,  -17,  -21,  -18,  -13,  -26,  -11,  -12,    0,  -12,  -17,    0,    0,  -16,  -13,    0,  -21,  -18,  -15,  -14,  -24,  -60,  -79,  -44,    0,   -9,  -35,    0,    0,    0,  -24,    0,    0,    0,  -21,  -21,  -21,  -12,    0,    0,    0,  -12,  -35,    0,  -45,  -45,  -21,  -10,   -9,  -38,    0,   -9,   -9,    0,  -16,  -53,    0,  -21,  -45,   -9,   -9,    0,  -39,
       0,    0,    0,    0,    0,    0,    0,    0,    0,    0,    0,    0,    0,    0,    0,    0,    0,    0,    0,    0,    0,    0,    0,    0,    0,    0,    0,    0,    0,    0,    0,    0,    0,    0,    0,    0,    0,    0,    0,    0,    0,    0,    0,    0,    0,    0,    0,    0,    0,  -27,  -35,    0,    0,    0,    0,    0,    0,    0,    0,    0,    0,    0,    0,    0,    0,    0,    0,    0,    0,    0,    0,    0,    0,    0,    0,    0,    0,    0,    0,    0,    0,    0,    0,    0,    0,    0,    0,    0,    0,    0,    0,    0,  -59,
       0,    0,    0,    0,    0,    0,    0,    0,    0,    0,    0,    0,    0,    0,    0,    0,    0,    0,    0,    0,    0,    0,    0,    0,    0,    0,    0,    0,    0,    0,    0,    0,    0,    0,    0,    0,    0,    0,    0,    0,    0,    0,    0,    0,    0,    0,    0,    0,    0,  -16,  -23,    0,    0,    0,    0,    0,    0,    0,    0,    0,    0,    0,    0,    0,    0,    0,    0,    0,    0,    0,    0,    0,    0,    0,    0,    0,    0,    0,    0,    0,    0,    0,    0,    0,    0,    0,    0,    0,    0,    0,    0,    0,  -39,
       0,    0,    0,    0,    0,    0,    0,    0,    0,    0,    0,    0,    0,    0,    0,    0,    0,    0,    0,    0,    0,    0,    0,    0,    0,    0,    0,    0,    0,    0,    0,    0,    0,    0,    0,    0,    0,    0,    0,    0,    0,    0,    0,    0,    0,    0,    0,    0,    0,  -12,  -17,    0,    0,    0,    0,    0,    0,    0,    0,    0,    0,    0,    0,    0,    0,    0,    0,    0,    0,    0,    0,    0,    0,    0,    0,    0,    0,    0,    0,    0,    0,    0,    0,    0,    0,    0,    0,    0,    0,    0,    0,    0,  -35,
       0,    0,    0,    0,    0,    0,    0,    0,    0,    0,    0,    0,    0,    0,    0,    0,    0,    0,    0,    0,    0,    0,    0,    0,    0,    0,    0,    0,    0,    0,    0,    0,    0,    0,    0,    0,    0,    0,    0,    0,    0,    0,    0,    0,    0,    0,    0,    0,    0,  -11,  -15,    0,    0,    0,    0,    0,    0,    0,    0,    0,    0,    0,    0,    0,    0,    0,    0,    0,    0,    0,    0,    0,    0,    0,    0,    0,    0,    0,    0,    0,    0,    0,    0,    0,    0,    0,    0,    0,    0,    0,    0,    0,  -31,
       0,    0,    0,    0,    0,    0,    0,    0,    0,    0,    0,    0,    0,    0,    0,    0,    0,    0,    0,    0,    0,    0,    0,    0,    0,    0,    0,    0,    0,    0,    0,    0,    0,    0,    0,    0,    0,    0,    0,    0,    0,    0,    0,    0,    0,    0,    0,    0,    0,  -11,  -17,    0,    0,    0,    0,    0,    0,    0,    0,    0,    0,    0,    0,    0,    0,    0,    0,    0,    0,    0,    0,    0,    0,    0,    0,    0,    0,    0,    0,    0,    0,    0,    0,    0,    0,    0,    0,    0,    0,    0,    0,    0,  -29,
       0,    0,    0,    0,    0,    0,    0,    0,    0,    0,    0,    0,    0,    0,    0,    0,    0,    0,    0,    0,    0,    0,    0,    0,    0,    0,    0,    0,    0,    0,    0,    0,    0,    0,    0,    0,    0,    0,    0,    0,    0,    0,    0,    0,    0,    0,    0,    0,    0,  -23,  -25,    0,    0,    0,    0,    0,    0,    0,    0,    0,    0,    0,    0,    0,    0,    0,    0,    0,    0,    0,    0,    0,    0,    0,    0,    0,    0,    0,    0,    0,    0,    0,    0,    0,    0,    0,    0,    0,    0,    0,    0,    0,  -42,
       0,    0,    0,    0,    0,    0,    0,    0,    0,    0,    0,    0,    0,    0,    0,    0,    0,    0,    0,    0,    0,    0,    0,    0,    0,    0,    0,    0,    0,    0,    0,    0,    0,    0,    0,    0,    0,    0,    0,    0,    0,    0,    0,    0,    0,    0,    0,    0,    0,  -14,  -21,    0,    0,    0,    0,    0,    0,    0,    0,    0,    0,    0,    0,    0,    0,    0,    0,    0,    0,    0,    0,    0,    0,    0,    0,    0,    0,    0,    0,    0,    0,    0,    0,    0,    0,    0,    0,    0,    0,    0,    0,    0,  -21,
       0,    0,    0,    0,    0,    0,    0,    0,    0,    0,    0,    0,    0,    0,    0,    0,    0,    0,    0,    0,    0,    0,    0,    0,    0,    0,    0,    0,    0,    0,    0,    0,    0,    0,    0,    0,    0,    0,    0,    0,    0,    0,    0,    0,    0,    0,    0,    0,    0,   17,   10,    0,    0,    0,    0,    0,    0,    0,    0,    0,    0,    0,    0,    0,    0,    0,    0,    0,    0,    0,    0,    0,    0,    0,    0,    0,    0,    0,    0,    0,    0,    0,    0,    0,    0,    0,    0,    0,    0,    0,    0,    0,   10,
       0,    0,    0,    0,    0,    0,    0,    0,    0,    0,    0,    0,    0,    0,    0,    0,    0,    0,    0,    0,    0,    0,    0,    0,    0,    0,    0,    0,    0,    0,    0,    0,    0,    0,    0,    0,    0,    0,    0,    0,    0,    0,    0,    0,    0,    0,    0,    0,    0,  -14,  -19,    0,    0,    0,    0,    0,    0,    0,    0,    0,    0,    0,    0,    0,    0,    0,    0,    0,    0,    0,    0,    0,    0,    0,    0,    0,    0,    0,    0,    0,    0,    0,    0,    0,    0,    0,    0,    0,    0,    0,    0,    0,  -42,
       0,    0,    0,    0,    0,    0,    0,    0,    0,    0,    0,    0,    0,    0,    0,    0,    0,    0,    0,    0,    0,    0,    0,    0,    0,    0,    0,    0,    0,    0,    0,    0,    0,    0,    0,    0,    0,    0,    0,    0,    0,    0,    0,    0,    0,    0,    0,    0,    0,  -14,  -21,    0,    0,    0,    0,    0,    0,    0,    0,    0,    0,    0,    0,    0,    0,    0,    0,    0,    0,    0,    0,    0,    0,    0,    0,    0,    0,    0,    0,    0,    0,    0,    0,    0,    0,    0,    0,    0,    0,    0,    0,    0,  -39,
       0,    0,    0,    0,    0,    0,    0,    0,    0,    0,    0,    0,    0,    0,    0,    0,    0,    0,    0,    0,    0,    0,    0,    0,    0,    0,    0,    0,    0,    0,    0,    0,    0,    0,    0,    0,    0,    0,    0,    0,    0,    0,    0,    0,    0,    0,    0,    0,    0,  -12,  -18,    0,    0,    0,    0,    0,    0,    0,    0,    0,    0,    0,    0,    0,    0,    0,    0,    0,    0,    0,    0,    0,    0,    0,    0,    0,    0,    0,    0,    0,    0,    0,    0,    0,    0,    0,    0,    0,    0,    0,    0,    0,  -44,
       0,    0,    0,    0,    0,    0,    0,    0,    0,    0,    0,    0,    0,    0,    0,    0,    0,    0,    0,    0,    0,    0,    0,    0,    0,    0,    0,    0,    0,    0,    0,    0,    0,    0,    0,    0,    0,    0,    0,    0,    0,    0,    0,    0,    0,    0,    0,    0,    0,  -13,  -21,    0,    0,    0,    0,    0,    0,    0,    0,    0,    0,    0,    0,    0,    0,    0,    0,    0,    0,    0,    0,    0,    0,    0,    0,    0,    0,    0,    0,    0,    0,    0,    0,    0,    0,    0,    0,    0,    0,    0,    0,    0,  -40,
       0,    0,    0,    0,    0,    0,    0,    0,    0,    0,    0,    0,    0,    0,    0,    0,    0,    0,    0,    0,    0,    0,    0,    0,    0,    0,    0,    0,    0,    0,    0,    0,    0,    0,    0,    0,    0,    0,    0,    0,    0,    0,    0,    0,    0,    0,    0,    0,    0,  -12,    0,    0,    0,    0,    0,    0,    0,    0,    0,    0,    0,    0,    0,    0,    0,    0,    0,    0,    0,    0,    0,    0,    0,    0,    0,    0,    0,    0,    0,    0,    0,    0,    0,    0,    0,    0,    0,    0,    0,    0,    0,    0,  -43,
       0,    0,    0,    0,    0,    0,    0,    0,    0,    0,    0,    0,    0,    0,    0,    0,    0,    0,    0,    0,    0,    0,    0,    0,    0,    0,    0,    0,    0,    0,    0,    0,    0,    0,    0,    0,    0,    0,    0,    0,    0,    0,    0,    0,    0,    0,    0,    0,    0,  -15,  -20,    0,    0,    0,    0,    0,    0,    0,    0,    0,    0,    0,    0,    0,    0,    0,    0,    0,    0,    0,    0,    0,    0,    0,    0,    0,    0,    0,    0,    0,    0,    0,    0,    0,    0,    0,    0,    0,    0,    0,    0,    0,  -46,
       0,    0,    0,    0,    0,    0,    0,    0,    0,    0,    0,    0,    0,    0,    0,    0,    0,    0,    0,    0,    0,    0,    0,    0,    0,    0,    0,    0,    0,    0,    0,    0,    0,    0,    0,    0,    0,    0,    0,    0,    0,    0,    0,    0,    0,    0,    0,    0,    0,   14,    0,    0,    0,    0,    0,    0,    0,    0,    0,    0,    0,    0,    0,    0,    0,    0,    0,    0,    0,    0,    0,    0,    0,    0,    0,    0,    0,    0,    0,    0,    0,    0,    0,    0,    0,    0,    0,    0,    0,    0,    0,    0,    0,
       0,    0,  -29,    0,    0,    0,    0,    0,    0,    0,    0,  -11,    0,  -35,  -34,    0,  -15,    0,    0,    0,  -12,    0,    0,  -11,  -20,    0,  -26,  -20,  -28,  -43,  -31,    0,  -11,  -21,    0,  -14,    0,    0,  -31,  -20,  -13,    0,  -30,  -19,  -42,  -24,    0,  -48,    0,  -15,  -31,    0,   11,    0,  -12,    0,    0,  -17,  -14,  -14,  -20,  -18,  -21,  -18,    0,    0,   12,  -24,  -23,  -27,  -26,    0,    0,  -30,    0,    0,    0,    0,  -35,    0,  -28,  -34,    0,  -11,  -15,  -31,  -44,    0,    0,  -27,  -28,    0,  -33,
       0,    0,  -30,    0,    0,    0,    0,    0,    0,    0,    0,  -12,    0,  -35,  -35,    0,  -16,    0,    0,    0,  -13,    0,    0,  -11,  -20,    0,  -27,  -21,  -29,  -43,  -32,    0,  -11,  -22,    0,  -15,    0,   -9,  -31,  -20,  -13,    0,  -31,  -20,  -42,  -25,    0,  -49,    0,  -16,  -31,    0,   10,    0,  -13,    0,    0,  -18,  -14,  -13,  -20,  -19,  -22,  -19,    0,    0,   11,  -24,  -24,  -27,  -26,    0,    0,  -31,    0,    0,    0,    0,  -36,    0,  -29,  -34,    0,  -12,  -15,  -32,  -44,    0,    0,  -27,  -28,    0,  -34,
       0,    0,    0,    0,    0,    0,    0,    0,    0,    0,    0,    0,    0,    0,    0,    0,    0,    0,    0,    0,    0,    0,    0,    0,    0,    0,    0,    0,    0,    0,    0,    0,    0,    0,    0,    0,    0,    0,    0,    0,    0,    0,    0,    0,    0,    0,    0,    0,    0,  -24,  -34,    0,    0,    0,    0,    0,    0,    0,    0,    0,    0,    0,    0,    0,    0,    0,    0,    0,    0,    0,    0,    0,    0,    0,    0,    0,    0,    0,    0,    0,    0,    0,    0,    0,    0,    0,    0,    0,    0,    0,    0,    0,  -60,
       0,    0,    0,    0,    0,    0,    0,    0,    0,    0,    0,    0,    0,    0,    0,    0,    0,    0,    0,    0,    0,    0,    0,    0,    0,    0,    0,    0,    0,    0,    0,    0,    0,    0,    0,    0,    0,    0,    0,    0,    0,    0,    0,    0,    0,    0,    0,    0,    0,  -11,   -9,    0,    0,    0,    0,    0,    0,    0,    0,    0,    0,    0,    0,    0,    0,    0,    0,    0,    0,    0,    0,    0,    0,    0,    0,    0,    0,    0,    0,    0,    0,    0,    0,    0,    0,    0,    0,    0,    0,    0,    0,    0,  -50,
     -17,  -12,    0,    0,  -11,    0,    0,  -19,    0,    0,   -9,    0,    0,    0,    0,    0,    0,  -92,   -9,  -47,   -9,  -15,  -63,  -11,    0,  -11,    0,    0,    0,    0,  -12,    0,    0,    0,    0,  -20,    0,    0,    0,    0,    0,    0,    9,  -12,    0,    0,    0,  -10,    0,  -13,  -18,  -17,    0,  -18,    0,    0,    0,    0,    0,    0,    0,    0,    0,    0,    0,    0,    0,  -12,    0,    0,    0,    0,  -28,    0,  -20,  -19,    0,    0,    0,  -11,    0,  -10,    0,    0,    0,  -56,    0,    0,  -19,  -10,  -10,    0,  -32,
       0,    0,    0,    0,    0,    0,    0,    0,    0,    0,    0,    0,    0,    0,    0,    0,    0,    0,    0,    0,    0,    0,    0,    0,    0,    0,    0,    0,    0,    0,    0,    0,    0,    0,    0,    0,    0,    0,    0,    0,    0,    0,    0,    0,    0,    0,    0,    0,    0,    0,  -15,    0,    0,    0,    0,    0,    0,    0,    0,    0,    0,    0,    0,    0,    0,    0,    0,    0,    0,    0,    0,    0,    0,    0,    0,    0,    0,    0,    0,    0,    0,    0,    0,    0,    0,    0,    0,    0,    0,    0,    0,    0,  -19,
     -42,    0,  -21,    0,    0,    0,    0,    0,  -40,    0,    0,    0,    0,  -28,  -27,    0,  -28,    0,    0,    0,    0,    0,    0,  -15,  -21,   -9,  -21,  -21,  -24,  -23,  -27,    0,  -17,  -19,    0,  -15,  -22,  -25,  -25,  -19,  -29,  -24,  -28,  -33,  -33,  -24,  -30,  -37,  -28,    0,  -22,  -42,  -28,    0,  -12,  -20,  -38,  -18,  -15,  -14,  -35,  -21,  -20,  -22,    0,  -18,   23,  -27,  -22,  -21,  -18,  -28,    0,  -27,    0,    0,  -27,  -29,  -29,  -39,  -21,  -29,    0,  -25,  -26,  -20,  -35,  -10,    0,  -26,  -22,  -18,  -26,
       0,    0,    0,    0,    0,    0,    0,    0,    0,    0,    0,    0,    0,    0,    0,    0,    0,    0,    0,    0,    0,    0,    0,    0,    0,    0,    0,    0,    0,    0,    0,    0,    0,    0,    0,    0,    0,    0,    0,    0,    0,    0,    0,    0,    0,    0,    0,    0,    0,  -27,  -36,    0,    0,    0,    0,    0,    0,    0,    0,    0,    0,    0,    0,    0,    0,    0,    0,    0,    0,    0,    0,    0,    0,    0,    0,    0,    0,    0,    0,    0,    0,    0,    0,    0,    0,    0,    0,    0,    0,    0,    0,    0,  -56,
       0,    0,    0,    0,    0,    0,    0,    0,    0,    0,    0,    0,    0,    0,    0,    0,    0,    0,    0,    0,    0,    0,    0,    0,    0,    0,    0,    0,    0,    0,    0,    0,    0,    0,    0,    0,    0,    0,    0,    0,    0,    0,    0,    0,    0,    0,    0,    0,    0,  -13,  -10,    0,    0,    0,    0,    0,    0,    0,    0,    0,    0,    0,    0,    0,    0,    0,    0,    0,    0,    0,    0,    0,    0,    0,    0,    0,    0,    0,    0,    0,    0,    0,    0,    0,    0,    0,    0,    0,    0,    0,    0,    0,  -47,
       0,    0,    0,    0,    0,    0,    0,    0,    0,    0,    0,    0,    0,    0,    0,    0,    0,    0,    0,    0,    0,    0,    0,    0,    0,    0,    0,    0,    0,    0,    0,    0,    0,    0,    0,    0,    0,    0,    0,    0,    0,    0,    0,    0,    0,    0,    0,    0,    0,   15,    0,    0,    0,    0,    0,    0,    0,    0,    0,    0,    0,    0,    0,    0,    0,    0,    0,    0,    0,    0,    0,    0,    0,    0,    0,    0,    0,    0,    0,    0,    0,    0,    0,    0,    0,    0,    0,    0,    0,    0,    0,    0,   11,
     -47,    0,    0,   14,    0,   11,   21,    0,  -52,   16,   12,    0,   14,    0,    0,   18,  -13,    1,   20,   13,   16,    0,   13,    0,    0,   21,    0,    0,    0,  -14,    0,   21,    0,    0,   20,    0,    0,    0,    0,    0,   -9,    0,    0,  -11,    0,    0,  -16,  -13,    0,    0,    0,  -41,  -59,   13,    0,    0,  -19,    0,    0,    0,  -19,    0,    0,    0,   24,    0,   34,    0,    0,    0,    0,    0,   24,    0,   11,   10,  -11,   -9,    0,  -21,    0,    0,   21,    0,  -11,  -21,    0,   22,    0,    0,    0,    0,  -21,
       0,    0,    0,    0,    0,    0,    0,    0,    0,    0,    0,    0,    0,    0,    0,    0,    0,    0,    0,    0,    0,    0,    0,    0,    0,    0,    0,    0,    0,    0,    0,    0,    0,    0,    0,    0,    0,    0,    0,    0,    0,    0,    0,    0,    0,    0,    0,    0,    0,    0,   13,    0,    0,    0,    0,    0,    0,    0,    0,    0,    0,    0,    0,    0,    0,    0,    0,    0,    0,    0,    0,    0,    0,    0,    0,    0,    0,    0,    0,    0,    0,    0,    0,    0,    0,    0,    0,    0,    0,    0,    0,    0,  -14,
     -57,    0,  -14,    0,    0,    0,   11,    0,  -53,    0,    0,    0,    0,  -21,  -19,    0,  -24,    0,    0,   14,    0,    0,   14,    0,  -18,   28,  -17,  -17,  -20,  -32,  -27,   28,    0,    0,   26,   15,  -13,  -18,  -21,  -21,  -19,  -26,  -18,  -27,  -24,  -19,  -30,  -30,  -28,    0,  -13,  -50,  -65,   22,    0,  -18,  -18,  -14,    0,    0,  -32,  -13,  -14,   -9,   32,  -11,   37,  -18,  -14,  -17,  -14,  -26,   30,  -23,   17,   17,  -19,  -24,  -21,  -15,  -14,  -24,   15,  -19,  -25,  -25,  -27,   28,    0,  -16,  -16,    0,  -20,
       0,    0,    0,    0,    0,    0,    0,    0,    0,    0,    0,    0,    0,    0,    0,    0,    0,    0,    0,    0,    0,    0,    0,    0,    0,    0,    0,    0,    0,    0,    0,    0,    0,    0,    0,    0,    0,    0,    0,    0,    0,    0,    0,    0,    0,    0,    0,    0,    0,    0,    0,    0,    0,    0,    0,    0,    0,    0,    0,    0,    0,    0,    0,    0,    0,    0,    0,    0,    0,    0,    0,    0,    0,    0,    0,    0,    0,    0,    0,    0,    0,    0,    0,    0,    0,    0,    0,    0,    0,    0,    0,    0,  -16,
     -32,  -16,  -11,  -13,  -16,  -14,    0,  -28,  -26,  -12,  -15,    0,  -13,  -17,  -15,    0,  -18,  -28,  -14,  -43,  -15,  -31,  -45,  -24,    0,  -15,    0,    0,    0,  -20,  -13,  -11,  -15,  -18,    0,  -23,    0,    0,    0,  -10,  -16,  -14,    0,  -17,  -25,  -14,  -24,  -27,  -17,  -21,  -23,  -32,  -25,  -27,  -13,  -12,  -21,    0,    0,    0,  -15,    0,    0,    0,  -14,  -16,  -10,  -14,    0,    0,    0,  -11,  -28,  -10,  -28,  -28,  -17,  -17,  -19,  -24,  -10,   -9,  -12,   -9,  -12,  -42,  -29,  -13,  -28,   -9,   -9,   -9,  -62,
       0,    0,    0,    0,    0,    0,    0,    0,    0,    0,    0,    0,    0,    0,    0,    0,    0,    0,    0,    0,    0,    0,    0,    0,    0,    0,    0,    0,    0,    0,    0,    0,    0,    0,    0,    0,    0,    0,    0,    0,    0,    0,    0,    0,    0,    0,    0,    0,    0,  -17,  -25,    0,    0,    0,    0,    0,    0,    0,    0,    0,    0,    0,    0,    0,    0,    0,    0,    0,    0,    0,    0,    0,    0,    0,    0,    0,    0,    0,    0,    0,    0,    0,    0,    0,    0,    0,    0,    0,    0,    0,    0,    0,  -40,
       0,    0,    0,    0,    0,    0,    0,    0,    0,    0,    0,    0,    0,    0,    0,    0,    0,    0,    0,    0,    0,    0,    0,    0,    0,    0,    0,    0,    0,    0,    0,    0,    0,    0,    0,    0,    0,    0,    0,    0,    0,    0,    0,    0,    0,    0,    0,    0,    0,  -15,  -26,    0,    0,    0,    0,    0,    0,    0,    0,    0,    0,    0,    0,    0,    0,    0,    0,    0,    0,    0,    0,    0,    0,    0,    0,    0,    0,    0,    0,    0,    0,    0,    0,    0,    0,    0,    0,    0,    0,    0,    0,    0,  -51,
     -13,   -9,  -26,    0,  -11,  -11,    0,  -10,    0,  -10,  -10,  -10,  -12,  -35,  -30,    0,    0,    0,  -14,  -15,  -14,  -12,  -15,  -11,   -9,  -15,  -14,  -11,  -18,  -28,  -21,    0,  -10,  -17,    0,  -23,  -10,  -12,  -19,  -12,  -17,    0,  -28,  -24,  -58,  -39,  -10,  -51,    0,  -29,  -25,  -13,    0,    0,  -19,  -13,    0,   -9,    0,   -9,  -14,  -18,  -16,  -13,    0,  -13,    0,  -21,  -19,  -19,  -19,  -10,  -11,  -18,   -9,  -10,  -14,   -9,  -37,    0,  -29,  -25,  -10,  -17,  -15,  -31,  -33,  -11,  -10,  -25,  -23,  -13,  -41,
     -13,   -9,  -29,    0,  -11,  -11,    0,  -10,    0,  -10,  -10,  -10,  -12,  -35,  -30,    0,    0,    0,  -13,  -15,  -14,  -12,  -14,  -11,   -9,  -14,  -14,  -11,  -18,  -48,  -21,    0,  -10,  -17,    0,  -22,  -10,  -12,  -19,  -11,  -17,    0,  -28,  -24,  -58,  -39,  -10,  -63,    0,  -29,  -25,  -13,    0,    0,  -19,  -13,    0,   -9,    0,   -9,  -14,  -18,  -16,  -13,    0,  -13,    0,  -21,  -19,  -19,  -19,  -10,  -10,  -18,    0,    0,  -14,    0,  -37,    0,  -29,  -25,   -9,  -17,  -15,  -31,  -35,    0,  -10,  -25,  -23,  -13,  -41,
       0,    0,    0,    0,    0,    0,    0,    0,    0,    0,    0,    0,    0,    0,    0,    0,    0,    0,    0,    0,    0,    0,    0,    0,    0,    0,    0,    0,    0,    0,    0,    0,    0,    0,    0,    0,    0,    0,    0,    0,    0,    0,    0,    0,    0,    0,    0,    0,    0,  -11,  -14,    0,    0,    0,    0,    0,    0,    0,    0,    0,    0,    0,    0,    0,    0,    0,    0,    0,    0,    0,    0,    0,    0,    0,    0,    0,    0,    0,    0,    0,    0,    0,    0,    0,    0,    0,    0,    0,    0,    0,    0,    0,  -30,
     -13,   -9,  -29,    0,  -11,  -11,    0,  -10,    0,  -10,  -10,  -10,  -12,  -35,  -30,    0,    0,    0,  -13,  -14,  -14,  -12,  -14,  -11,   -9,  -14,  -14,  -11,  -18,  -48,  -21,    0,  -10,  -17,    0,  -22,  -10,  -12,  -19,  -11,  -17,    0,  -28,  -24,  -58,  -39,  -10,  -63,    0,  -29,  -25,  -13,    0,    0,  -19,  -13,    0,   -9,    0,   -9,  -14,  -18,  -16,  -13,    0,  -13,    0,  -21,  -19,  -19,  -19,  -10,  -10,  -18,    0,    0,  -14,    0,  -37,    0,  -29,  -25,   -9,  -17,  -15,  -31,  -35,    0,  -10,  -25,  -23,  -13,  -41,
       0,    0,    0,    0,    0,    0,    0,    0,    0,    0,    0,    0,    0,    0,    0,    0,    0,    0,    0,    0,    0,    0,    0,    0,    0,    0,    0,    0,    0,    0,    0,    0,    0,    0,    0,    0,    0,    0,    0,    0,    0,    0,    0,    0,    0,    0,    0,    0,    0,    0,  -13,    0,    0,    0,    0,    0,    0,    0,    0,    0,    0,    0,    0,    0,    0,    0,    0,    0,    0,    0,    0,    0,    0,    0,    0,    0,    0,    0,    0,    0,    0,    0,    0,    0,    0,    0,    0,    0,    0,    0,    0,    0,  -29,
       0,    0,  -30,    0,    0,    0,    0,    0,    0,    0,    0,  -12,    0,  -35,  -35,    0,  -16,    0,    0,    0,  -13,    0,    0,  -11,  -20,  -13,  -27,  -21,  -29,    0,  -24,    0,  -12,    0,    0,  -17,    0,   -9,  -31,  -17,  -13,    0,  -30,  -20,  -42,  -25,    0,  -35,    0,  -16,  -31,    0,   10,    0,  -13,    0,    0,  -18,  -16,  -14,  -20,  -25,  -25,  -20,    0,    0,   10,  -26,  -28,  -27,  -26,    0,    0,  -31,    0,    0,    0,    0,  -36,    0,  -29,  -34,    0,  -12,  -15,  -31,  -34,    0,    0,  -30,  -29,    0,  -34,
    -100,  -48,  -29,  -44,  -48,  -43,  -35,  -56, -123,  -42,  -45,  -42,  -43,  -35,  -34,  -41,  -53,  -42,  -37,  -51,  -39,  -69,  -55,  -60,  -35,  -39,  -33,  -33,  -35,  -46,  -43,  -41,  -41,  -39,  -35,  -50,  -33,  -35,  -38,  -35,  -41,  -32,  -25,  -41,  -37,  -29,  -48,  -43,  -41,  -41,  -45, -100, -127,  -55,  -24,  -35,  -62,  -35,  -35,  -35,  -45,  -35,  -35,  -35,  -42,  -41,  -34,  -43,  -38,  -38,  -38,  -43,  -53,  -39,  -56,  -56,  -42,  -39,  -36,  -64,  -28,  -40,  -36,  -33,  -40,  -61,  -28,  -41,  -56,  -40,  -40,  -33,  -56,
};

static const EpdFontData bokerlam_14_regular = {
    bokerlam_14_regularBitmaps,
    bokerlam_14_regularGlyphs,
    bokerlam_14_regularIntervals,
    84,
    46,
    29,
    -8,
    true,
    bokerlam_14_regularGroups,
    12,
    nullptr,
    bokerlam_14_regularKernLeftClasses,
    bokerlam_14_regularKernRightClasses,
    bokerlam_14_regularKernMatrix,
    246,
    248,
    98,
    93,
    nullptr,
    0,
};
