/**
 * generated by fontconvert.py
 * name: kicomictaxy_18_regular
 * size: 18
 * mode: 2-bit  compressed: true
 * Command used: fontconvert.py kicomictaxy_18_regular 18 ../builtinFonts/source/KiComicTaxy/KiComicTaxy-Regular.ttf --2bit --compress --pnum --force-autohint
 */
#pragma once
#include "EpdFontData.h"

static const uint8_t kicomictaxy_18_regularBitmaps[43688] = {
    0xB5, 0x5A, 0x3F, 0x90, 0xDE, 0xC6, 0x75, 0x5F, 0x00, 0xD2, 0x61, 0x86, 0x48, 0x0C, 0x15, 0xB6,
    0x66, 0xC2, 0x9B, 0x08, 0x6D, 0xA2, 0x24, 0x44, 0xEB, 0xC2, 0xE4, 0xC2, 0x72, 0xE1, 0x52, 0x2C,
    0x5C, 0x25, 0x45, 0x6A, 0xDB, 0xC5, 0x35, 0x2A, 0x58, 0x50, 0x5C, 0x4C, 0x5C, 0xBA, 0xC8, 0x35,
    0xAE, 0xA3, 0x42, 0x9A, 0x91, 0x8F, 0x93, 0xB9, 0x46, 0x85, 0x0A, 0xF2, 0x16, 0x63, 0x17, 0x29,
    0x52, 0x18, 0xE3, 0x26, 0x45, 0x0A, 0xC1, 0x19, 0x66, 0x12, 0x53, 0x05, 0xE1, 0x0C, 0x46, 0xC1,
    0x51, 0xC0, 0x6E, 0x7E, 0xBF, 0xB7, 0x8B, 0xEF, 0xBB, 0x3B, 0x92, 0x16, 0x45, 0x3B, 0xE4, 0x87,
    0x87, 0xEF, 0x3E, 0x00, 0xFB, 0xE7, 0xED, 0x7B, 0xBF, 0xF7, 0x7B, 0x6F, 0xA1, 0x1A, 0xA5, 0x3A,
    0x95, 0xF4, 0x2A, 0xED, 0x55, 0x26, 0x9F, 0xA4, 0x53, 0xD7, 0x06, 0x55, 0x2E, 0x5F, 0xF1, 0xA9,
    0xE4, 0x83, 0x2F, 0x07, 0x3F, 0x50, 0xE1, 0xDF, 0xC1, 0x87, 0x4A, 0x7B, 0x55, 0xAD, 0x2A, 0x9F,
    0xD4, 0x9F, 0xA8, 0xEE, 0x46, 0x3A, 0xE8, 0x6C, 0xC4, 0xC7, 0x7C, 0x7F, 0xB2, 0x3F, 0x9D, 0xFD,
    0xAF, 0x96, 0xDD, 0x07, 0xBF, 0x28, 0x95, 0x34, 0xFC, 0x28, 0x55, 0xA2, 0xD7, 0x31, 0x9C, 0x0B,
    0x9E, 0xAB, 0x4E, 0x95, 0x03, 0xCE, 0xBA, 0x53, 0x55, 0xCF, 0x73, 0xAB, 0xEA, 0x0E, 0x67, 0xD3,
    0xF0, 0xEB, 0xB5, 0x13, 0x7F, 0x72, 0x62, 0x1F, 0x37, 0xDA, 0xCB, 0xBF, 0x6E, 0x3B, 0x57, 0xE1,
    0xDC, 0xA8, 0x74, 0x51, 0x0A, 0x1F, 0x95, 0xCD, 0xF2, 0x95, 0x6D, 0xE3, 0xAB, 0x62, 0xDB, 0xD9,
    0xC4, 0x6E, 0x06, 0x95, 0x4B, 0x77, 0xDD, 0xA5, 0xEE, 0x8C, 0x3C, 0xBE, 0xAA, 0xD0, 0x8C, 0xDF,
    0x9D, 0x7F, 0x24, 0xDD, 0x7D, 0xAC, 0xD4, 0x2A, 0x23, 0x50, 0x09, 0xDA, 0xB4, 0x78, 0x8C, 0x6D,
    0xBB, 0xD0, 0x4D, 0xB2, 0x86, 0x6E, 0x78, 0x89, 0x6D, 0x87, 0x6E, 0xA1, 0xC8, 0x51, 0xD4, 0x52,
    0x51, 0xE8, 0xE6, 0xB2, 0xC0, 0xA3, 0xB9, 0xF7, 0xA3, 0xAA, 0xBD, 0x9F, 0xD9, 0xD7, 0x9C, 0x7A,
    0xD3, 0xDC, 0xCE, 0x67, 0x5C, 0x2D, 0x46, 0x88, 0x72, 0xA0, 0xE8, 0x29, 0x26, 0x88, 0xDC, 0xDB,
    0x56, 0xA5, 0xDE, 0x3B, 0x19, 0x68, 0xAF, 0x5E, 0xB7, 0x1E, 0x73, 0xD1, 0xFF, 0x84, 0x9E, 0xF4,
    0x3B, 0x2B, 0x1B, 0xF5, 0x14, 0x66, 0x27, 0x2C, 0x85, 0xBB, 0xA7, 0xF4, 0xF7, 0x56, 0xD3, 0xE9,
    0xA3, 0xC5, 0x38, 0xEB, 0x47, 0xEA, 0xAA, 0x2F, 0xA4, 0x95, 0x53, 0x3F, 0x3C, 0x67, 0x54, 0x3B,
    0x51, 0x63, 0x82, 0xAB, 0x4A, 0x06, 0x55, 0xF9, 0x16, 0x33, 0x33, 0xBE, 0xCF, 0x07, 0xB5, 0x16,
    0x03, 0x94, 0xB6, 0x64, 0x63, 0xD5, 0x52, 0xE2, 0xC6, 0xB3, 0x7C, 0x34, 0x1C, 0x51, 0xFF, 0x10,
    0x8F, 0xF8, 0x16, 0xA3, 0x39, 0x98, 0x53, 0x2A, 0x3B, 0xAC, 0xA8, 0xCA, 0xD9, 0x09, 0x35, 0x4D,
    0x35, 0xB4, 0xA2, 0x07, 0x51, 0xC9, 0x3D, 0x91, 0xAB, 0xC2, 0xA4, 0x92, 0x25, 0xC7, 0x54, 0xB2,
    0xA9, 0xF4, 0x0B, 0x1E, 0xAA, 0xDB, 0x33, 0x55, 0xF4, 0x1A, 0xB7, 0x95, 0x1D, 0x65, 0xDD, 0x50,
    0xE2, 0xDC, 0xAE, 0xEA, 0x0C, 0x83, 0x59, 0xB0, 0xB4, 0x39, 0xD4, 0xF6, 0x9E, 0x4A, 0xF0, 0xAC,
    0x3A, 0x08, 0x6D, 0x4A, 0x8F, 0x9E, 0xAB, 0x90, 0x7A, 0x59, 0x93, 0x85, 0x2B, 0x94, 0x4F, 0x46,
    0xD6, 0x43, 0xBE, 0x8F, 0xF2, 0xFB, 0x17, 0xB2, 0x32, 0x54, 0x1D, 0xEE, 0x1C, 0xE4, 0x3B, 0x67,
    0x5B, 0xF1, 0xA2, 0xB2, 0x5E, 0x7E, 0xFE, 0xFB, 0xF6, 0xAF, 0x55, 0xB1, 0x94, 0xFD, 0x4D, 0x55,
    0x0D, 0xF9, 0xF8, 0x3E, 0xCC, 0x30, 0x9B, 0x1F, 0x2A, 0x83, 0x55, 0xE6, 0x10, 0x94, 0x5D, 0x68,
    0x09, 0xE8, 0x12, 0xB2, 0x9E, 0x68, 0x02, 0xD5, 0x48, 0x83, 0xD0, 0x93, 0x32, 0x7D, 0x8A, 0x01,
    0x6A, 0x67, 0x71, 0x67, 0xE9, 0x3D, 0xBA, 0xCF, 0x68, 0xA0, 0x8D, 0x3A, 0x3A, 0x57, 0x55, 0x23,
    0x9A, 0x80, 0x5F, 0xDC, 0x90, 0x09, 0x99, 0xC6, 0xB6, 0xBE, 0x0B, 0xFF, 0x61, 0x56, 0x30, 0x15,
    0x38, 0x0D, 0x5A, 0x32, 0xBD, 0xF2, 0x0D, 0x54, 0x0F, 0xB3, 0x82, 0x75, 0xC2, 0x30, 0x61, 0x9E,
    0xB0, 0x7E, 0x18, 0x3E, 0x34, 0x67, 0xC4, 0xF4, 0x9C, 0x7C, 0xD6, 0xCB, 0x1F, 0xFC, 0x72, 0x26,
    0x57, 0x65, 0xF5, 0xA3, 0xCF, 0xC0, 0xA3, 0x4A, 0x34, 0x0C, 0x47, 0xC0, 0x65, 0x8F, 0x56, 0xD0,
    0xE2, 0x84, 0xBE, 0xBE, 0x13, 0x9C, 0xA9, 0x63, 0x87, 0xC5, 0xBC, 0x99, 0x72, 0x78, 0x12, 0x8F,
    0x55, 0xE1, 0xC9, 0x81, 0x23, 0x80, 0x39, 0x67, 0xE2, 0x38, 0x57, 0x3F, 0x72, 0x09, 0x9F, 0x30,
    0x4A, 0xDC, 0x5F, 0xC9, 0x28, 0xD1, 0xAE, 0x57, 0x19, 0xE6, 0x3F, 0x2B, 0x3D, 0x28, 0xD3, 0xAA,
    0x9B, 0x98, 0x76, 0xC2, 0x15, 0xA0, 0x0B, 0x36, 0xEA, 0x5B, 0x25, 0x3A, 0xFE, 0xEC, 0xB4, 0x87,
    0x7E, 0x7A, 0x59, 0x2C, 0x03, 0x43, 0x81, 0x0B, 0x64, 0x0E, 0x0B, 0x0B, 0x6D, 0x97, 0xCD, 0x9F,
    0xAA, 0xD7, 0xA8, 0x2A, 0x71, 0x1E, 0x71, 0xD8, 0xE7, 0x08, 0x1A, 0x72, 0x4B, 0x8F, 0xED, 0x45,
    0x5C, 0xBB, 0xEF, 0x4E, 0x9A, 0x17, 0xDE, 0xAC, 0x52, 0xB1, 0xC5, 0x83, 0xA6, 0xEA, 0xF5, 0xA0,
    0xC7, 0x7A, 0x28, 0xFA, 0xBC, 0xCB, 0xDB, 0xA2, 0x29, 0xD5, 0x37, 0xB0, 0x1E, 0xD6, 0x3B, 0xB4,
    0x61, 0xFD, 0x79, 0xDD, 0x58, 0x2E, 0x47, 0x2B, 0xC6, 0xF9, 0x9E, 0x12, 0x14, 0xA1, 0x4B, 0xB3,
    0x0D, 0x22, 0x46, 0x31, 0x04, 0x53, 0xAE, 0xDB, 0xE0, 0x24, 0x46, 0x4C, 0x38, 0xDC, 0x32, 0x87,
    0x5B, 0x08, 0x24, 0xD0, 0xC3, 0x33, 0x97, 0x63, 0x0B, 0xD0, 0x52, 0xB8, 0xDC, 0x86, 0xCB, 0x67,
    0xA1, 0x13, 0xF5, 0xA9, 0x4C, 0xF8, 0x87, 0x78, 0xA8, 0xA2, 0x6D, 0x62, 0x44, 0xF4, 0x75, 0xDF,
    0xE6, 0xAE, 0xB1, 0x7D, 0x49, 0xBB, 0xA8, 0x00, 0x5A, 0x13, 0x16, 0x2C, 0x23, 0x40, 0xA4, 0x8B,
    0x61, 0xBB, 0xB4, 0xEB, 0x95, 0x96, 0xBB, 0xAE, 0xCF, 0x11, 0x2E, 0x0A, 0xB9, 0x4F, 0x84, 0x3C,
    0x86, 0x06, 0x5A, 0x34, 0x45, 0xE3, 0x60, 0xA3, 0xD5, 0x80, 0x85, 0xB2, 0x5D, 0xEE, 0x3F, 0xF7,
    0x6D, 0x12, 0xE1, 0x85, 0x73, 0xF1, 0x18, 0xE1, 0x0D, 0xC5, 0xA5, 0x04, 0xA0, 0x7B, 0xBA, 0x06,
    0xA0, 0xF0, 0x81, 0xD9, 0x4C, 0xD0, 0x3E, 0x63, 0x88, 0x0B, 0x27, 0x7A, 0xF1, 0x13, 0x7E, 0xBF,
    0xEE, 0x3F, 0xF0, 0x7E, 0xC1, 0xC7, 0x60, 0x62, 0xD5, 0xB9, 0x42, 0x1F, 0x1D, 0x00, 0x68, 0xAC,
    0xBD, 0x9D, 0x6D, 0x9F, 0x2F, 0x1E, 0x6E, 0xF5, 0x40, 0xEE, 0xDD, 0xE9, 0x0A, 0x47, 0x01, 0x25,
    0xD4, 0xA3, 0x98, 0x6C, 0x0E, 0x07, 0xAD, 0xF1, 0x13, 0xBC, 0x95, 0xBE, 0x8A, 0xD1, 0xD2, 0xAE,
    0x68, 0xBB, 0x82, 0xC2, 0x74, 0x59, 0xCE, 0xD4, 0xFD, 0xED, 0xC9, 0x31, 0x34, 0xC6, 0x95, 0xF4,
    0x86, 0x30, 0x7E, 0x34, 0x13, 0x5F, 0x5B, 0x44, 0x85, 0x11, 0x0E, 0x89, 0x49, 0xE7, 0xCB, 0x9F,
    0x05, 0xA0, 0x8E, 0x07, 0x8D, 0x1E, 0xB6, 0x7F, 0xE0, 0x89, 0x6E, 0xAD, 0xB2, 0x8E, 0x08, 0xD6,
    0x07, 0x7B, 0xC4, 0xEF, 0x32, 0x8E, 0xFD, 0xFD, 0x77, 0x30, 0xC3, 0x15, 0xCF, 0xF8, 0xA6, 0x98,
    0xCD, 0x53, 0x8E, 0xDF, 0x43, 0x69, 0xE8, 0xDD, 0x3E, 0x52, 0x2A, 0x02, 0x3F, 0x6F, 0x2C, 0x29,
    0x6A, 0x0A, 0xB3, 0x2D, 0x45, 0x8A, 0x07, 0xB1, 0xFA, 0x2B, 0xAD, 0x83, 0x98, 0xD1, 0x49, 0x20,
    0x11, 0x97, 0x65, 0x8B, 0x4A, 0xC2, 0xE5, 0x4A, 0xD3, 0x59, 0x95, 0x7E, 0x7C, 0xE2, 0x8F, 0xAD,
    0x17, 0x95, 0x89, 0xD2, 0xBC, 0x60, 0xD5, 0xAA, 0xBE, 0x52, 0xDC, 0x55, 0x32, 0x6D, 0x3E, 0x41,
    0xEF, 0x70, 0x6C, 0xEA, 0xC3, 0x08, 0xE8, 0x3B, 0xDC, 0x35, 0x07, 0x50, 0xA1, 0x31, 0x98, 0x32,
    0xFA, 0x58, 0x20, 0x4E, 0x9D, 0xC2, 0x1F, 0x5E, 0xB0, 0x41, 0x22, 0x48, 0x7B, 0x47, 0x85, 0x60,
    0x5B, 0xED, 0x44, 0xBD, 0x13, 0xBA, 0x7D, 0x03, 0x13, 0x6E, 0x1E, 0x60, 0x15, 0xF1, 0x4C, 0x01,
    0xF8, 0x7E, 0x0A, 0x63, 0x81, 0x2A, 0x80, 0x14, 0x8C, 0xBC, 0x41, 0x19, 0x18, 0x4A, 0xD4, 0x5C,
    0x4E, 0xB5, 0x54, 0x74, 0x3E, 0xD3, 0xC5, 0xB5, 0xCA, 0xE4, 0xF7, 0x18, 0x86, 0x63, 0x07, 0xFA,
    0xA7, 0x4E, 0x3C, 0x7A, 0xE0, 0xE8, 0x61, 0x8D, 0xC0, 0x4F, 0xE5, 0xDB, 0xD4, 0x73, 0x61, 0xAD,
    0x80, 0x6D, 0x23, 0xC2, 0xED, 0x84, 0xC0, 0x1C, 0x90, 0xC6, 0xC2, 0x0E, 0xD0, 0x53, 0x3D, 0x16,
    0x0B, 0x01, 0x77, 0xA4, 0xD7, 0xA0, 0x45, 0xC0, 0xAD, 0x28, 0x62, 0xF6, 0x9B, 0x26, 0xA7, 0xB7,
    0x11, 0xC4, 0xC7, 0xC0, 0x29, 0xC2, 0x40, 0x42, 0xCC, 0x8E, 0xBC, 0x20, 0x8E, 0x26, 0x4E, 0x52,
    0x05, 0xD3, 0x12, 0xBB, 0x92, 0x95, 0xCD, 0x96, 0x0D, 0x49, 0x8A, 0xC8, 0x53, 0xB6, 0x91, 0xB7,
    0x5B, 0xBC, 0xDC, 0x3F, 0xB0, 0x6E, 0x4F, 0x29, 0x41, 0x9D, 0x8A, 0x66, 0xCD, 0x88, 0x2D, 0xD1,
    0xBE, 0x84, 0x29, 0x2A, 0xDD, 0xA3, 0x41, 0xDD, 0xE2, 0x4E, 0xC3, 0xC5, 0xDB, 0x0B, 0xDD, 0xC2,
    0x1C, 0xEA, 0xB1, 0x9A, 0x39, 0x19, 0xDA, 0x3B, 0x74, 0x9A, 0xF1, 0x5B, 0xB9, 0x60, 0x82, 0xBA,
    0x87, 0xDA, 0x31, 0x69, 0xC3, 0xE9, 0xD7, 0x2D, 0x03, 0x0F, 0x4D, 0x49, 0x44, 0xDD, 0x51, 0x2F,
    0x9D, 0xE5, 0x55, 0xFD, 0x08, 0xAA, 0xAB, 0xB9, 0xBE, 0xD2, 0xA5, 0x3A, 0x72, 0x18, 0xE0, 0xA1,
    0x8B, 0xC3, 0x28, 0x68, 0x51, 0x08, 0x6C, 0xEC, 0x8D, 0xED, 0x71, 0x41, 0xCF, 0x38, 0x93, 0xCD,
    0x34, 0xAB, 0x4E, 0x5A, 0xF6, 0xFC, 0x93, 0xED, 0x75, 0x8C, 0x6A, 0x2D, 0x7C, 0xC8, 0x37, 0x25,
    0xF9, 0x55, 0x46, 0x0B, 0x53, 0x47, 0x8F, 0x76, 0x93, 0x15, 0xED, 0xD0, 0x63, 0x55, 0x4D, 0x25,
    0x5A, 0x28, 0xA6, 0xC0, 0x1D, 0x09, 0x02, 0x25, 0xE6, 0xD1, 0x07, 0x15, 0xA8, 0xF2, 0x98, 0x37,
    0x5C, 0x44, 0xD8, 0x2B, 0xFF, 0xF6, 0xD7, 0x8A, 0xBE, 0x1E, 0xF5, 0xA8, 0x87, 0x40, 0x18, 0x2E,
    0xFF, 0x7B, 0x11, 0x88, 0xD3, 0xEA, 0x30, 0x1A, 0x4C, 0x0B, 0x9C, 0x54, 0x8F, 0x09, 0xBD, 0x53,
    0xE9, 0x45, 0xAC, 0x7B, 0xA2, 0x43, 0xA6, 0xD0, 0xA5, 0xED, 0x19, 0xB1, 0x61, 0xB7, 0x88, 0xAF,
    0xEA, 0x2E, 0xFD, 0x25, 0x92, 0x3C, 0x7F, 0xFD, 0xE4, 0xE4, 0xE3, 0xAD, 0x0B, 0x98, 0xCA, 0x87,
    0xDB, 0xEF, 0xBC, 0xE7, 0xAD, 0xC0, 0x40, 0x7B, 0x86, 0xCE, 0x8C, 0x71, 0xB4, 0x65, 0xAC, 0x2F,
    0x09, 0xD1, 0xEC, 0x0F, 0x2D, 0x82, 0x1C, 0x79, 0x82, 0x94, 0x1D, 0x10, 0xBB, 0xD5, 0x9D, 0xDD,
    0x8C, 0xA0, 0xF8, 0x54, 0x96, 0x8F, 0x8B, 0x51, 0xAF, 0x05, 0x9C, 0x72, 0xC4, 0x43, 0x9A, 0xB7,
    0xE9, 0x1E, 0xC1, 0x11, 0x42, 0x77, 0x15, 0x45, 0xDA, 0x30, 0x56, 0x72, 0x31, 0x48, 0x41, 0x36,
    0x4A, 0xE2, 0x89, 0x87, 0x5C, 0xC3, 0x82, 0x6B, 0x58, 0x8E, 0x3B, 0x1B, 0xBD, 0x2C, 0x02, 0xB7,
    0xD8, 0xFD, 0x2B, 0x9B, 0x67, 0xEF, 0xAB, 0x82, 0xF6, 0xFC, 0xB9, 0x0A, 0x4C, 0x47, 0xC8, 0x4F,
    0xEE, 0x05, 0xF1, 0x61, 0x2C, 0x8F, 0xC5, 0x6F, 0x2C, 0xB8, 0x01, 0x7A, 0x4B, 0x08, 0xFE, 0x50,
    0xA3, 0xF8, 0x2A, 0xF0, 0x1F, 0x6B, 0x8B, 0x00, 0x8E, 0xE5, 0x1F, 0xB9, 0xB8, 0xBA, 0xAB, 0xA1,
    0x5B, 0x84, 0xFB, 0x5E, 0x03, 0x5D, 0xC9, 0x9D, 0x61, 0x72, 0xE7, 0x74, 0x0D, 0xC3, 0xD9, 0xE3,
    0x6C, 0xB1, 0x10, 0x77, 0xC9, 0xB8, 0x02, 0xB8, 0x8D, 0x2E, 0x9B, 0xA1, 0xF0, 0x62, 0x5C, 0xB3,
    0x09, 0xB6, 0x02, 0x10, 0xCC, 0x66, 0x66, 0x10, 0xBD, 0x4B, 0x3D, 0x50, 0xD7, 0xC0, 0xDE, 0x44,
    0xD7, 0x2D, 0xBC, 0xD9, 0x33, 0xF4, 0x19, 0xF4, 0xC8, 0x38, 0x48, 0xEF, 0x4A, 0x4E, 0x9A, 0x30,
    0x15, 0x15, 0xE7, 0xAF, 0x02, 0x3A, 0x0B, 0xC5, 0x74, 0x71, 0xC2, 0x1C, 0xFB, 0x35, 0xCE, 0x94,
    0xF1, 0xA5, 0xA3, 0xD5, 0x3D, 0xB5, 0x3C, 0xA7, 0xD2, 0xAC, 0x4C, 0x30, 0x4C, 0x3C, 0xB1, 0x2E,
    0xA8, 0xEA, 0xDB, 0x1B, 0x6E, 0x4A, 0x1B, 0x85, 0x28, 0x9C, 0x42, 0xD3, 0x8F, 0x0D, 0x3D, 0x7A,
    0xAD, 0x41, 0xCA, 0x16, 0x84, 0xFA, 0x6C, 0x82, 0xAB, 0xE7, 0x63, 0x49, 0x4E, 0x54, 0x92, 0x1B,
    0xC1, 0xFD, 0x75, 0x03, 0x2E, 0x70, 0xA6, 0x8E, 0x06, 0x45, 0x56, 0x4D, 0x35, 0x8E, 0x85, 0x77,
    0xDF, 0x9B, 0x8A, 0x73, 0x95, 0x4E, 0xB8, 0x9E, 0xCE, 0x78, 0x26, 0x59, 0xD8, 0xCE, 0x22, 0x34,
    0x80, 0x81, 0xDE, 0x4A, 0x54, 0xA0, 0xB3, 0x68, 0x92, 0x8B, 0x6F, 0x5C, 0xA7, 0x6F, 0xE8, 0xC8,
    0xE8, 0x3B, 0x65, 0x1E, 0x33, 0x12, 0x35, 0x70, 0x7E, 0xDD, 0x10, 0x1F, 0x1A, 0x02, 0x42, 0x14,
    0xFC, 0x33, 0xA1, 0x00, 0x60, 0xE9, 0x9F, 0xA1, 0x5B, 0x4D, 0x68, 0xD0, 0x9C, 0x1C, 0xFE, 0xE4,
    0x13, 0x34, 0x2B, 0x6A, 0x6A, 0xCB, 0x1C, 0xF2, 0xF1, 0x52, 0x22, 0x61, 0x90, 0x48, 0x1C, 0xC0,
    0x8B, 0x3F, 0x0F, 0xD1, 0x61, 0x0E, 0xCF, 0x96, 0xEE, 0x58, 0x48, 0x3A, 0x75, 0x60, 0x30, 0x84,
    0x94, 0x78, 0x51, 0xF8, 0x53, 0x60, 0xFA, 0x8C, 0xB5, 0x03, 0x15, 0x9D, 0xB9, 0xA4, 0x6F, 0x04,
    0xD0, 0x9E, 0xB7, 0x25, 0xA8, 0xFB, 0xCD, 0xAA, 0xCC, 0x0E, 0xFA, 0xFC, 0x86, 0x7F, 0x57, 0xE3,
    0x52, 0x60, 0xD6, 0xCC, 0x04, 0xE8, 0x44, 0xF0, 0xEA, 0xC4, 0x0F, 0x40, 0x41, 0x70, 0x1B, 0x86,
    0x2B, 0x25, 0x86, 0x78, 0x88, 0x2F, 0xB7, 0xD8, 0x94, 0xAC, 0x12, 0x51, 0x4A, 0x39, 0x5E, 0x5C,
    0x0B, 0x0C, 0x12, 0x51, 0x66, 0x54, 0xC2, 0x27, 0x57, 0xD2, 0x58, 0x06, 0x4F, 0xC1, 0xAA, 0x9E,
    0x01, 0x95, 0x51, 0x35, 0x9B, 0xB6, 0x20, 0x9B, 0x2C, 0xEB, 0xF3, 0xD9, 0x90, 0x5C, 0xCD, 0x28,
    0x0A, 0xDE, 0x5C, 0x8F, 0x02, 0x06, 0xB4, 0x92, 0x56, 0x5C, 0xC0, 0x10, 0x14, 0x53, 0x1A, 0x47,
    0x82, 0xC4, 0xEA, 0x98, 0x38, 0xE7, 0x28, 0x3C, 0x2D, 0xC9, 0x95, 0x88, 0x6A, 0x3F, 0x10, 0xD0,
    0x7F, 0xB1, 0xE8, 0xDE, 0x3C, 0xED, 0x99, 0x81, 0x4A, 0x8A, 0x35, 0x60, 0x55, 0x3F, 0xBA, 0x10,
    0x41, 0x5F, 0x28, 0x24, 0x31, 0x2A, 0xBF, 0x38, 0xB9, 0xDF, 0xB1, 0xB7, 0x81, 0x86, 0x34, 0xA4,
    0x91, 0xDA, 0x1E, 0x2B, 0x19, 0x9A, 0xE4, 0xB4, 0xDE, 0xDD, 0xF7, 0x8C, 0x81, 0xAF, 0x3F, 0x3F,
    0xFE, 0xBF, 0xF9, 0xF3, 0xDB, 0x92, 0x42, 0x52, 0x2C, 0xF1, 0xDB, 0xB1, 0xBA, 0xFD, 0x32, 0xB4,
    0xE1, 0xF7, 0xF0, 0x89, 0x1D, 0x86, 0x05, 0xBB, 0x60, 0xE4, 0x80, 0xAC, 0x67, 0xE6, 0xEC, 0xA6,
    0x97, 0x45, 0xE7, 0x9A, 0xA5, 0x72, 0xBB, 0x44, 0xD2, 0x10, 0x1E, 0x83, 0x46, 0xA2, 0xD7, 0xEA,
    0x2D, 0xE9, 0xBB, 0xEE, 0x07, 0xC3, 0x08, 0x34, 0x9E, 0x31, 0xA4, 0xF5, 0x0E, 0x92, 0xE8, 0x90,
    0xB8, 0x25, 0x92, 0x31, 0xCA, 0x99, 0xE6, 0x92, 0x49, 0x52, 0x55, 0x48, 0x52, 0x05, 0x53, 0x33,
    0x1D, 0x7D, 0x9A, 0xF1, 0x47, 0x05, 0x20, 0x0D, 0x21, 0x31, 0x44, 0x79, 0x19, 0xE6, 0x0D, 0x19,
    0xB1, 0x0E, 0xB2, 0xF9, 0xFA, 0x32, 0x39, 0x85, 0x72, 0xB1, 0xEE, 0xD0, 0x73, 0xD0, 0x36, 0xF4,
    0x6E, 0x21, 0x1F, 0x91, 0x13, 0x1D, 0x47, 0xD2, 0xF1, 0x0A, 0xF2, 0xAE, 0xE0, 0xAE, 0xF1, 0xEE,
    0x83, 0x48, 0x43, 0x96, 0xB7, 0x99, 0xB5, 0x03, 0x58, 0xE4, 0xD0, 0x7F, 0xF8, 0xF1, 0x57, 0xFE,
    0x84, 0x06, 0x3C, 0xF2, 0x90, 0xB2, 0x40, 0x45, 0xA7, 0xD2, 0x91, 0x03, 0x7A, 0x85, 0xBC, 0xE8,
    0xE3, 0xC8, 0x46, 0x5E, 0x41, 0xCC, 0x97, 0x85, 0x64, 0x52, 0xE0, 0x0E, 0x4C, 0xA7, 0xEA, 0x16,
    0xA2, 0xEC, 0x32, 0xA6, 0x7F, 0x19, 0x98, 0xCA, 0x5A, 0xF4, 0x42, 0xED, 0x89, 0x23, 0x18, 0xDA,
    0x01, 0x54, 0x7B, 0x87, 0x19, 0xDC, 0xCA, 0xD5, 0x5C, 0x09, 0x1B, 0x2B, 0xD9, 0xC1, 0x4A, 0x22,
    0xB8, 0xD2, 0x6E, 0x56, 0x66, 0xA4, 0x2B, 0x09, 0xE2, 0x4A, 0x4C, 0x59, 0x89, 0x29, 0x2B, 0x33,
    0x7A, 0xE7, 0x63, 0xDC, 0x53, 0xC2, 0x7C, 0x69, 0x72, 0xF1, 0x4F, 0xB9, 0x40, 0x76, 0xE1, 0x25,
    0x35, 0x60, 0x26, 0xE0, 0x25, 0x1E, 0x33, 0x22, 0x83, 0xC9, 0x20, 0xAA, 0x22, 0x6A, 0x36, 0x4C,
    0x59, 0xC8, 0x5E, 0x7C, 0x7B, 0x93, 0xEA, 0xBF, 0xB3, 0x67, 0xFC, 0xFF, 0x2F, 0x87, 0xFB, 0xF1,
    0x9E, 0x45, 0x98, 0xDF, 0xC6, 0x5C, 0x17, 0x34, 0x39, 0x6F, 0x85, 0x00, 0xC2, 0xC3, 0x49, 0x1C,
    0x31, 0x3D, 0xE2, 0x27, 0xE2, 0x3D, 0x22, 0x1F, 0x87, 0x5A, 0xB1, 0x8A, 0x34, 0x4A, 0x66, 0xE3,
    0x46, 0xA5, 0x1F, 0xAA, 0xE4, 0xE9, 0xA8, 0xEE, 0xDD, 0x53, 0xC9, 0x17, 0x93, 0x7A, 0x78, 0x4F,
    0xA5, 0xFF, 0x33, 0xA9, 0xE5, 0x96, 0xCA, 0x7E, 0x37, 0xAB, 0x59, 0xAB, 0xEC, 0x37, 0x4B, 0x32,
    0x69, 0x40, 0xE8, 0x92, 0x8E, 0x38, 0xF5, 0x52, 0x7B, 0x29, 0xFA, 0x35, 0x03, 0xB4, 0x97, 0xDD,
    0x19, 0xF8, 0x52, 0x5B, 0x76, 0xA6, 0xEC, 0xE2, 0xA9, 0xEA, 0xAA, 0x56, 0x57, 0x6D, 0x85, 0xBF,
    0xF5, 0x11, 0x6E, 0xD0, 0x4D, 0x6D, 0xA5, 0x94, 0x04, 0x4E, 0x81, 0x68, 0xCD, 0x1C, 0x85, 0xC1,
    0x1A, 0x61, 0x94, 0xD5, 0x1B, 0xC9, 0xEE, 0x41, 0xC8, 0x98, 0x3F, 0x7F, 0x87, 0xCE, 0x9A, 0x0E,
    0x6F, 0x49, 0xFA, 0x4D, 0xD7, 0x45, 0xCA, 0xD8, 0x8B, 0x1C, 0x49, 0xF6, 0xA4, 0xCE, 0xE2, 0xB4,
    0x4C, 0x5B, 0xCB, 0x72, 0x68, 0x92, 0x16, 0xAF, 0xDF, 0xC5, 0x4D, 0x56, 0x7F, 0x7F, 0xA4, 0x7C,
    0x87, 0x33, 0x13, 0x17, 0x80, 0x64, 0xE8, 0x41, 0xBF, 0x3D, 0x25, 0x3C, 0xDA, 0x48, 0x68, 0x63,
    0x7C, 0x75, 0x22, 0x4D, 0x4B, 0x59, 0xF7, 0x94, 0xC5, 0x44, 0x99, 0x2D, 0x12, 0x7D, 0xBD, 0x15,
    0x0B, 0xF7, 0x5A, 0x52, 0x62, 0x86, 0x99, 0xDC, 0x33, 0x83, 0x49, 0xDD, 0x8D, 0x08, 0x4E, 0x87,
    0xF4, 0xCC, 0x50, 0x10, 0x23, 0x76, 0x02, 0x21, 0xFC, 0x7D, 0x92, 0x3D, 0xA8, 0x76, 0x06, 0x67,
    0x41, 0x43, 0x92, 0x7D, 0x88, 0x75, 0x29, 0x57, 0x09, 0x33, 0x0D, 0x55, 0x44, 0x81, 0x24, 0x63,
    0x24, 0x1F, 0x92, 0xD8, 0x65, 0xDD, 0x5E, 0xBA, 0x80, 0x80, 0x81, 0xC4, 0x87, 0x52, 0x92, 0x97,
    0x8C, 0xC5, 0x4A, 0xF4, 0x63, 0xD4, 0xAB, 0x07, 0xDA, 0x9F, 0xED, 0xA0, 0xC6, 0x9C, 0x74, 0xF8,
    0x69, 0x88, 0x63, 0x34, 0xD7, 0x5A, 0x5C, 0x20, 0xB1, 0xD4, 0xD3, 0x11, 0x06, 0x58, 0x6E, 0xEE,
    0x08, 0x2F, 0xBD, 0xEF, 0x87, 0x1F, 0x0A, 0x5B, 0x5C, 0x69, 0x0A, 0x31, 0xF3, 0x4B, 0x96, 0xED,
    0x5B, 0xC6, 0xDF, 0x0A, 0x5E, 0x85, 0xAE, 0xFD, 0x29, 0xDA, 0x11, 0x9E, 0x4D, 0x2C, 0x57, 0x9E,
    0x20, 0x2C, 0x29, 0xC5, 0xD7, 0x12, 0x9F, 0x08, 0x82, 0x0B, 0x4C, 0x92, 0xEA, 0xF5, 0x81, 0x08,
    0x05, 0x5F, 0x3A, 0xF5, 0xD4, 0xDE, 0xB1, 0x64, 0xD8, 0x12, 0x11, 0xC9, 0x6E, 0xD9, 0x3F, 0x2B,
    0xAE, 0xA4, 0x1F, 0x9D, 0x20, 0xBB, 0x04, 0x78, 0x27, 0xB5, 0x0A, 0xC0, 0xB1, 0x68, 0xCB, 0x84,
    0x90, 0x1E, 0xE0, 0x36, 0xA2, 0xE8, 0xFE, 0x74, 0x16, 0xAE, 0x05, 0xED, 0xE2, 0x0B, 0xC0, 0x01,
    0xB4, 0xAE, 0x91, 0x0C, 0xB7, 0xEA, 0xB2, 0x95, 0x04, 0x10, 0x1C, 0xF8, 0xDD, 0x89, 0x4A, 0xB0,
    0x92, 0xB1, 0xB5, 0x3A, 0xE0, 0x86, 0x38, 0x78, 0x58, 0x4B, 0xA5, 0x4E, 0xCF, 0xEB, 0xC0, 0xF6,
    0x0A, 0x69, 0x98, 0x19, 0xA7, 0x0A, 0x6D, 0xCA, 0xBF, 0xD7, 0xC8, 0xF5, 0x38, 0x8F, 0x49, 0x05,
    0x3D, 0xB9, 0x53, 0xCC, 0x0F, 0xE3, 0x65, 0x3F, 0x85, 0x28, 0xD5, 0x73, 0x80, 0x92, 0x43, 0x9A,
    0x0B, 0x99, 0xA3, 0x8B, 0xA5, 0x52, 0x82, 0x06, 0x78, 0x0F, 0x16, 0x4F, 0x02, 0x26, 0x88, 0x1C,
    0x9B, 0x5A, 0xE9, 0x96, 0x6B, 0x2A, 0xAC, 0xC3, 0x10, 0xAE, 0xCA, 0x7D, 0x53, 0x56, 0x58, 0xC7,
    0xB0, 0x71, 0x88, 0x6C, 0xBA, 0x13, 0x52, 0x3C, 0xEA, 0xF7, 0x42, 0x25, 0x17, 0x09, 0x5E, 0xC6,
    0xE5, 0xDA, 0xE7, 0xB8, 0x81, 0x20, 0x0C, 0x1B, 0x7B, 0x2A, 0x02, 0xAB, 0x46, 0x74, 0x49, 0x84,
    0x9D, 0x1E, 0x4A, 0x58, 0x0D, 0xC4, 0x30, 0xBF, 0x44, 0x99, 0xE2, 0x6C, 0xED, 0x03, 0xFE, 0xC6,
    0xC0, 0xB8, 0xE2, 0xF6, 0x7A, 0x36, 0x98, 0x2B, 0xEB, 0x0F, 0x1B, 0x85, 0x3A, 0x72, 0x6D, 0x28,
    0x5E, 0xF7, 0x02, 0x42, 0xA3, 0x15, 0xF9, 0x3A, 0xCB, 0xE4, 0xED, 0xA6, 0xB0, 0x8B, 0x52, 0xFF,
    0x5E, 0x59, 0xC7, 0x64, 0x4C, 0x64, 0xBB, 0xAF, 0xDB, 0x56, 0xDD, 0xAB, 0xCB, 0xA2, 0x51, 0x82,
    0xC3, 0x95, 0x7A, 0xF8, 0x8A, 0x21, 0xFA, 0x8A, 0x14, 0xDB, 0x33, 0x17, 0xA4, 0x95, 0x52, 0x9A,
    0x13, 0xAD, 0x49, 0x32, 0x2D, 0x6C, 0x99, 0x9E, 0x05, 0x6F, 0x87, 0x6B, 0xD5, 0xB2, 0xB5, 0xC0,
    0x4A, 0xDA, 0xC0, 0x5C, 0xCA, 0x0A, 0xD7, 0x65, 0xA4, 0x32, 0x52, 0x35, 0x3E, 0xA0, 0x73, 0x30,
    0x5C, 0xFF, 0xCD, 0xBA, 0x21, 0x81, 0xBF, 0x50, 0x30, 0x13, 0x3A, 0x0D, 0xBA, 0x3C, 0x48, 0x49,
    0x55, 0x0A, 0xB2, 0x4C, 0x02, 0xDA, 0x92, 0x84, 0x5D, 0x88, 0x8A, 0x70, 0x96, 0x6C, 0x46, 0xAF,
    0xE9, 0x92, 0xB1, 0xFC, 0x45, 0xD0, 0x5F, 0x49, 0x87, 0x1C, 0x57, 0xDE, 0xD2, 0xAB, 0xF4, 0x11,
    0x2B, 0x7F, 0xCC, 0x47, 0xEA, 0x5D, 0xBE, 0x21, 0xE5, 0xA2, 0x62, 0x57, 0x5E, 0x60, 0xCD, 0x93,
    0xB5, 0x40, 0x0C, 0xEC, 0xC6, 0x1A, 0xAA, 0xE7, 0x42, 0x7B, 0x18, 0xEF, 0x30, 0x94, 0x6A, 0x22,
    0x08, 0x37, 0x2C, 0x3E, 0xA7, 0x0B, 0x2B, 0xC2, 0x33, 0xFA, 0xC4, 0x98, 0x90, 0x69, 0x67, 0x4C,
    0x3B, 0x60, 0xCB, 0xC5, 0x88, 0xFE, 0x1C, 0xB3, 0xAC, 0x62, 0x4C, 0x57, 0x66, 0x59, 0xF9, 0x48,
    0xE2, 0x0B, 0xDF, 0x1B, 0xB3, 0xD9, 0x61, 0x49, 0xB3, 0x29, 0x9F, 0xCE, 0x98, 0x4F, 0xCC, 0x25,
    0xD0, 0x1F, 0xAD, 0x2E, 0xC8, 0x10, 0xA8, 0xBE, 0xA5, 0xEA, 0x44, 0xB1, 0xAB, 0xEE, 0xF4, 0x77,
    0x31, 0xA4, 0x33, 0xC4, 0x8D, 0x7F, 0x00, 0xFA, 0xDC, 0xB3, 0xAA, 0xFA, 0xE5, 0x24, 0x5B, 0x16,
    0xD5, 0xBF, 0x60, 0x24, 0xC8, 0xAA, 0xCB, 0x7F, 0x1F, 0xC8, 0x04, 0x55, 0xF9, 0xA4, 0x93, 0x22,
    0x78, 0x41, 0x9F, 0xAD, 0x46, 0x29, 0xD6, 0x71, 0xB4, 0x99, 0x0F, 0xD6, 0x2E, 0xDC, 0x30, 0xC7,
    0xDC, 0xE7, 0x7D, 0x76, 0x2A, 0x55, 0xD9, 0x51, 0x52, 0x8A, 0x72, 0x94, 0xF2, 0xBB, 0x06, 0xE7,
    0xED, 0xA4, 0x70, 0x60, 0x47, 0x49, 0x7E, 0xD1, 0x22, 0xC1, 0xBB, 0x10, 0xE2, 0xC0, 0x5F, 0x24,
    0xD9, 0xB0, 0x9D, 0xF0, 0xCD, 0xFA, 0x3F, 0xC4, 0x3F, 0xCA, 0x2F, 0x05, 0xE3, 0x24, 0x3B, 0x26,
    0x3C, 0xF4, 0xBB, 0x4C, 0x90, 0x3F, 0xCA, 0x5F, 0x65, 0xB8, 0x56, 0xFF, 0xAF, 0xDC, 0x69, 0x7F,
    0xE1, 0x02, 0x8E, 0x70, 0x05, 0xE0, 0x68, 0x0C, 0x6C, 0x30, 0x08, 0xC2, 0x8C, 0x96, 0xDD, 0x2E,
    0xA6, 0xBD, 0x80, 0x84, 0x5C, 0x90, 0xB1, 0x29, 0x05, 0x27, 0xBB, 0x2A, 0x14, 0x8D, 0xC4, 0x07,
    0xCA, 0xAD, 0x1E, 0x41, 0x5B, 0xBE, 0xE9, 0xB6, 0xF8, 0xE1, 0xC1, 0x69, 0x12, 0x12, 0x98, 0x6C,
    0x61, 0xB1, 0x7D, 0x02, 0x88, 0x62, 0x62, 0x0B, 0x90, 0x94, 0xA5, 0x29, 0xE0, 0xB8, 0x14, 0xEF,
    0x5B, 0xB2, 0xD9, 0x41, 0xA2, 0x15, 0xD1, 0x43, 0x60, 0xD8, 0x4E, 0x5B, 0x7D, 0xEC, 0x42, 0x31,
    0xAC, 0x8B, 0x55, 0x00, 0x49, 0xA9, 0xD2, 0xCB, 0x65, 0x34, 0x56, 0x3E, 0x43, 0x9D, 0xE0, 0x16,
    0xBF, 0xFC, 0xA7, 0xFA, 0xB1, 0x0B, 0x9C, 0xB5, 0x0B, 0x19, 0x74, 0x2D, 0x3B, 0x56, 0xEA, 0xCD,
    0x8F, 0x24, 0x59, 0x0B, 0xF5, 0x18, 0xEE, 0xB1, 0x60, 0xDE, 0xA2, 0xB4, 0xF0, 0xB3, 0xC0, 0xD0,
    0x37, 0x75, 0x48, 0x90, 0xD1, 0x53, 0xF6, 0xC4, 0x05, 0xAD, 0xFD, 0x33, 0x8D, 0xF1, 0x4B, 0x76,
    0x29, 0xFB, 0x6E, 0x61, 0x2C, 0x01, 0x89, 0x92, 0x67, 0x58, 0xBE, 0x84, 0xD4, 0x78, 0x8B, 0x69,
    0xBE, 0x75, 0x5B, 0x31, 0x6A, 0x21, 0x81, 0x0B, 0xE3, 0x11, 0x10, 0x42, 0x1A, 0xA3, 0x84, 0x4F,
    0x37, 0xFE, 0xE7, 0x57, 0xF7, 0x2B, 0xFE, 0x28, 0x1F, 0x7F, 0xD2, 0x08, 0xEC, 0xF5, 0xC8, 0x5E,
    0xDF, 0x88, 0x61, 0xCF, 0x45, 0xFD, 0x71, 0x64, 0x9C, 0x06, 0x67, 0xCB, 0xDA, 0x3B, 0xC7, 0x2E,
    0xBC, 0x76, 0x8D, 0x73, 0x12, 0x86, 0xD1, 0x06, 0xB5, 0x13, 0xA3, 0x8B, 0x0B, 0x37, 0xA6, 0xDB,
    0x8D, 0x3E, 0xC2, 0x26, 0x6F, 0xAC, 0xE3, 0x8D, 0xD2, 0xE2, 0x14, 0x5D, 0x16, 0x09, 0x1F, 0xA6,
    0xD9, 0x6B, 0xDF, 0x5F, 0x3B, 0xED, 0x65, 0xDB, 0xE4, 0x8F, 0xFC, 0x79, 0xFB, 0xB4, 0xDF, 0xE6,
    0xD8, 0x86, 0x2E, 0xC5, 0x1E, 0x04, 0x39, 0x4A, 0xA9, 0xDE, 0x10, 0xB8, 0x35, 0x6B, 0x40, 0xEF,
    0x33, 0x9F, 0x5C, 0x48, 0xC5, 0x67, 0x40, 0x47, 0x3A, 0x91, 0xDA, 0x8D, 0xA0, 0xEC, 0xF8, 0x63,
    0x21, 0x13, 0x5D, 0x88, 0xE5, 0xF7, 0x08, 0xEE, 0xDC, 0x81, 0xC2, 0xF9, 0xDE, 0xB6, 0x37, 0xA7,
    0x76, 0x95, 0xD2, 0xE5, 0xCF, 0x31, 0x5F, 0xAC, 0x5F, 0xAF, 0xC7, 0x72, 0xCE, 0x17, 0xD8, 0xCD,
    0x3D, 0xA9, 0x90, 0xB4, 0x84, 0xA2, 0x85, 0x81, 0x0B, 0x20, 0xE3, 0x9F, 0xA0, 0xA9, 0x29, 0x91,
    0x9A, 0x24, 0xF8, 0x1C, 0x6B, 0x13, 0x96, 0xCA, 0x3D, 0x0B, 0x84, 0x46, 0x2D, 0x61, 0x7D, 0x44,
    0xC8, 0x26, 0x81, 0x17, 0xFA, 0xC0, 0xAD, 0x21, 0xD3, 0x15, 0xAC, 0x26, 0xC6, 0x0D, 0xDB, 0x3E,
    0xF7, 0x0E, 0x8B, 0x74, 0x34, 0x14, 0xAD, 0x70, 0xCF, 0x87, 0xBB, 0xFC, 0xF3, 0x65, 0x48, 0x4E,
    0xC1, 0x1C, 0xC2, 0x22, 0x78, 0xC7, 0xE4, 0x97, 0xD5, 0xEC, 0x81, 0x1E, 0xDE, 0xC4, 0x1A, 0xC1,
    0xAE, 0x3E, 0x5A, 0xF6, 0xCF, 0x0A, 0xB9, 0xAA, 0x29, 0x7C, 0x23, 0x6E, 0x8F, 0x5C, 0x7F, 0x09,
    0x44, 0x4E, 0x48, 0x48, 0x28, 0x96, 0xB1, 0xF2, 0x66, 0xFC, 0x84, 0x58, 0xBD, 0x66, 0xEE, 0x60,
    0x05, 0x62, 0xFC, 0x45, 0x15, 0xF7, 0x1F, 0x68, 0x40, 0x36, 0x5A, 0xDC, 0x2E, 0x1D, 0x88, 0x36,
    0x83, 0xB9, 0x7E, 0x53, 0x0F, 0x80, 0x05, 0x7F, 0xBA, 0x22, 0x71, 0x5E, 0xA4, 0xF6, 0x7A, 0x28,
    0x54, 0xAC, 0x68, 0xBF, 0xB2, 0x2E, 0x70, 0x49, 0x14, 0x0E, 0xC2, 0xFA, 0x27, 0x1D, 0x2B, 0xAF,
    0x5D, 0x49, 0x6E, 0x08, 0x30, 0xF0, 0x9D, 0x66, 0x2D, 0x8E, 0x51, 0xA1, 0xB3, 0xBB, 0xAA, 0xED,
    0x7A, 0x59, 0xB8, 0xDD, 0x55, 0x60, 0x94, 0xEE, 0x59, 0x17, 0xED, 0x2B, 0x34, 0x20, 0x95, 0x06,
    0xFC, 0xE1, 0xFF, 0x6B, 0x54, 0x87, 0x2E, 0xEB, 0xB7, 0xF5, 0x9D, 0xB9, 0xBE, 0x2B, 0x4B, 0x40,
    0x9E, 0xC1, 0x86, 0xE5, 0x75, 0xB2, 0xB8, 0x26, 0x27, 0x05, 0x3C, 0xC2, 0xFA, 0xE6, 0x50, 0xF6,
    0x6A, 0x5C, 0xAC, 0xDB, 0x48, 0xF1, 0x50, 0xB0, 0x96, 0x5F, 0x1A, 0xCC, 0x19, 0x89, 0xC9, 0x00,
    0x48, 0xAD, 0xC9, 0x76, 0x0B, 0x22, 0x40, 0x22, 0x14, 0xE5, 0x50, 0xAA, 0x70, 0x47, 0x83, 0x6C,
    0xBD, 0x96, 0xCC, 0x81, 0xDD, 0x71, 0xD8, 0xC6, 0x69, 0x43, 0x11, 0xC9, 0xA8, 0xDD, 0x71, 0x1D,
    0x0B, 0xB0, 0xE5, 0xCB, 0xC6, 0x3F, 0xFE, 0x60, 0x9F, 0xEF, 0xB6, 0xD1, 0x0D, 0xA3, 0x2B, 0x56,
    0xF1, 0x28, 0xB7, 0xA3, 0x0F, 0x38, 0xBA, 0xF9, 0xB1, 0xB8, 0xE8, 0x78, 0xA1, 0x2E, 0x7A, 0xE8,
    0xAE, 0x71, 0xE0, 0x4F, 0x38, 0x49, 0x16, 0xB3, 0x31, 0xC9, 0x9A, 0x9B, 0x1F, 0x54, 0xA4, 0xEC,
    0x87, 0x86, 0x4D, 0x73, 0xBB, 0xF1, 0xC4, 0x56, 0x04, 0x77, 0x45, 0xBA, 0x4D, 0xD8, 0xCE, 0x62,
    0x4A, 0x9D, 0xE9, 0x11, 0xF1, 0xB4, 0xB3, 0x9F, 0x71, 0x1B, 0xF3, 0x1F, 0xFB, 0xCC, 0x3B, 0x74,
    0x7E, 0xF4, 0xE8, 0x79, 0x95, 0xA1, 0x90, 0x73, 0x30, 0x2B, 0x40, 0xAE, 0x00, 0xE6, 0x46, 0xAE,
    0xB8, 0xC4, 0x12, 0x06, 0x89, 0xC6, 0xA7, 0x3B, 0x73, 0x7E, 0xE9, 0xF2, 0x0C, 0x77, 0xBE, 0x57,
    0x16, 0x48, 0x57, 0x83, 0xA6, 0x9C, 0xFF, 0x37, 0x58, 0xED, 0x0A, 0x80, 0xE6, 0x2F, 0x4C, 0x80,
    0x56, 0x86, 0xC1, 0x95, 0x66, 0xB8, 0x86, 0xFD, 0x39, 0x17, 0x9D, 0xD1, 0xED, 0x84, 0xDD, 0x09,
    0x21, 0xC7, 0x86, 0x53, 0x35, 0x61, 0x0F, 0xE1, 0x7D, 0xD6, 0x93, 0x91, 0xEC, 0x23, 0x82, 0x91,
    0xC9, 0x4C, 0x7B, 0xFD, 0x85, 0x3D, 0x6A, 0xC6, 0xCC, 0x49, 0x1D, 0x3E, 0xB3, 0x21, 0x9C, 0x6E,
    0x9F, 0x64, 0x96, 0x4F, 0xD8, 0x01, 0x64, 0x4A, 0x26, 0x9B, 0xDA, 0xA4, 0x00, 0x0C, 0xFA, 0x12,
    0xF8, 0xE7, 0xE7, 0xD4, 0xFF, 0xEF, 0xBE, 0x4A, 0xF2, 0x1D, 0x8F, 0xB3, 0x08, 0xE9, 0x17, 0xCC,
    0x48, 0xE8, 0xAC, 0x56, 0xFB, 0x72, 0x89, 0x69, 0xFE, 0x92, 0xAC, 0xFF, 0x4B, 0x96, 0xD4, 0x00,
    0x5C, 0x2C, 0xF8, 0x21, 0xFF, 0x79, 0xEE, 0xBB, 0x19, 0x5F, 0x25, 0x3E, 0x61, 0xC1, 0x95, 0x04,
    0xB3, 0x60, 0xE9, 0x15, 0x36, 0xA4, 0xC9, 0x28, 0xF5, 0x3B, 0xB4, 0x92, 0x77, 0xF9, 0x46, 0x06,
    0xD3, 0x65, 0x2D, 0x2F, 0x68, 0x30, 0x7D, 0xD3, 0xE7, 0xFC, 0x6D, 0x10, 0x6B, 0x12, 0xE3, 0xA2,
    0xC1, 0x35, 0x08, 0xCE, 0xC8, 0xDE, 0x27, 0x16, 0x75, 0xC9, 0x58, 0x61, 0x1E, 0xDC, 0x8B, 0xE9,
    0x6E, 0x51, 0xFD, 0x6F, 0xC9, 0xD0, 0xC9, 0xF4, 0xFE, 0xC0, 0x8F, 0xBC, 0x05, 0x50, 0x3D, 0x6E,
    0x4B, 0x22, 0x6D, 0x9F, 0x08, 0x81, 0xBA, 0x9B, 0xD8, 0x06, 0xAE, 0xB8, 0x96, 0xFE, 0xD7, 0x2C,
    0xC1, 0xC9, 0xFB, 0x33, 0x6A, 0xF5, 0x4F, 0xBC, 0x63, 0xB4, 0x06, 0x85, 0x33, 0x8D, 0x9F, 0x65,
    0x87, 0xCA, 0x8F, 0x58, 0xD7, 0xBA, 0xF5, 0x1D, 0x4F, 0x60, 0x5F, 0x88, 0x8C, 0xDC, 0x18, 0x92,
    0x93, 0xA3, 0x75, 0x10, 0x47, 0xD3, 0x70, 0x4A, 0xA4, 0xB2, 0x7F, 0xF1, 0x34, 0xCA, 0xA9, 0x18,
    0x1D, 0xC9, 0x43, 0x31, 0x9E, 0xC9, 0xFE, 0xCC, 0x68, 0xC3, 0x09, 0xD3, 0x7C, 0xA0, 0xD2, 0xA1,
    0x56, 0xF5, 0x23, 0x2A, 0x0E, 0x59, 0xF2, 0xBB, 0x2C, 0x5A, 0x99, 0xDF, 0xF8, 0x46, 0x93, 0x30,
    0x81, 0x64, 0xD6, 0x9D, 0x1E, 0x29, 0xF8, 0x66, 0x01, 0x26, 0x52, 0x49, 0x6D, 0xFB, 0x8A, 0xE8,
    0x2F, 0x8B, 0x61, 0x13, 0x52, 0xF9, 0xCE, 0xC7, 0x8A, 0xD5, 0x0C, 0xD9, 0xFB, 0xB2, 0x9E, 0xF0,
    0x39, 0x96, 0xDE, 0xCE, 0x15, 0xC8, 0x19, 0xB7, 0x0D, 0xE1, 0xF1, 0xCE, 0x06, 0x27, 0x64, 0x69,
    0xDE, 0x6C, 0x07, 0xDF, 0xA4, 0xC0, 0xEF, 0xB8, 0x0E, 0x92, 0xDD, 0x17, 0x73, 0xED, 0xEC, 0x58,
    0xC8, 0xDB, 0x0A, 0xDC, 0x8A, 0x8E, 0xFE, 0x70, 0x8B, 0x49, 0xA2, 0xA9, 0x68, 0xDB, 0x46, 0xCC,
    0xE9, 0x73, 0x47, 0x3A, 0x2E, 0x9B, 0x3B, 0xA6, 0x11, 0xC2, 0xB7, 0xD5, 0xE3, 0x45, 0x6C, 0x53,
    0x88, 0xA2, 0xEE, 0xC2, 0x2D, 0x7C, 0x5F, 0x42, 0xF6, 0xF5, 0xB4, 0x3B, 0x95, 0x4A, 0xC1, 0x44,
    0x81, 0xDC, 0xE2, 0xEF, 0xCE, 0xBF, 0xA6, 0x59, 0xBE, 0xB5, 0x87, 0xB9, 0x59, 0x03, 0x75, 0x2D,
    0x21, 0xBE, 0x9C, 0x0E, 0x7D, 0x8D, 0xE6, 0xD1, 0x8F, 0x35, 0x81, 0xAE, 0x72, 0x7A, 0x72, 0xC4,
    0xE9, 0x5A, 0x01, 0x73, 0x98, 0x9F, 0x6D, 0x32, 0x30, 0xD9, 0xCA, 0x23, 0x36, 0xDB, 0xD2, 0x3B,
    0x93, 0xF9, 0x19, 0xE9, 0x41, 0x6F, 0xAE, 0xB8, 0xD5, 0x8B, 0x0E, 0x12, 0x52, 0xF5, 0x29, 0xA0,
    0x69, 0xA9, 0x7C, 0x8F, 0xA0, 0x8C, 0x34, 0xF4, 0xC9, 0x68, 0xE7, 0x7C, 0x34, 0xC8, 0x40, 0x4C,
    0x87, 0xA3, 0x49, 0x9A, 0x97, 0x6D, 0x8C, 0xC7, 0xCD, 0xC0, 0xEB, 0x61, 0x79, 0x92, 0xA2, 0x2F,
    0x99, 0xFF, 0xD9, 0x7B, 0xDC, 0xF9, 0x29, 0xE3, 0x6B, 0x16, 0xAC, 0x57, 0x94, 0xC8, 0xA2, 0xB9,
    0xCB, 0x2F, 0x95, 0x04, 0x29, 0xBB, 0xE4, 0xB2, 0x6B, 0xFF, 0x1A, 0xB3, 0x18, 0xA6, 0x6F, 0x88,
    0xE8, 0x54, 0x2A, 0x5F, 0x36, 0x51, 0xF6, 0x3C, 0x64, 0xA2, 0xD5, 0xF3, 0x63, 0x87, 0x79, 0xB2,
    0x8F, 0x3B, 0x6F, 0x9E, 0x3E, 0xFD, 0x20, 0x70, 0xC2, 0x61, 0x7F, 0xE4, 0xE3, 0xFE, 0xC8, 0xB6,
    0x23, 0xD2, 0x40, 0xE1, 0x8C, 0x91, 0x37, 0x0A, 0xC9, 0x9C, 0x88, 0x67, 0x93, 0x93, 0x22, 0x52,
    0x38, 0xD6, 0x17, 0x1C, 0xDB, 0xF5, 0x33, 0x79, 0x49, 0x83, 0x07, 0xC6, 0xDD, 0x14, 0x8B, 0x7E,
    0xEA, 0x39, 0x76, 0x87, 0x7C, 0xE1, 0x2C, 0xF1, 0xC7, 0x37, 0xEF, 0x72, 0x63, 0x4F, 0x68, 0x8B,
    0x04, 0x23, 0x2E, 0x27, 0xED, 0xCC, 0xD2, 0xC3, 0x91, 0x99, 0xF5, 0xF4, 0xC3, 0x21, 0xA3, 0xC3,
    0x15, 0xF2, 0x3A, 0x15, 0xDF, 0x7A, 0x43, 0x52, 0x92, 0x2C, 0xA4, 0x2A, 0x34, 0xF6, 0xF0, 0x7E,
    0x93, 0xBC, 0x96, 0xA0, 0x39, 0x44, 0x31, 0xE5, 0x72, 0x97, 0x7D, 0x64, 0x5D, 0x2C, 0xFA, 0x63,
    0xD4, 0x39, 0x4C, 0xDF, 0x41, 0x01, 0x2C, 0x7E, 0xD5, 0x43, 0x36, 0x83, 0x08, 0x8C, 0x2C, 0x81,
    0x99, 0x91, 0x85, 0x43, 0x8B, 0xC6, 0x11, 0x36, 0x26, 0x78, 0xDA, 0x77, 0xCF, 0x67, 0x38, 0xE2,
    0x4F, 0x7E, 0xC7, 0xDC, 0xF1, 0x27, 0xC3, 0x52, 0xB7, 0xF5, 0xBF, 0xF6, 0x8B, 0x6E, 0xAA, 0x5F,
    0x75, 0xAB, 0x51, 0xD5, 0x67, 0xED, 0x43, 0x8B, 0x35, 0x6A, 0xCE, 0xF8, 0x3A, 0x14, 0x2B, 0x1C,
    0xDC, 0x01, 0x95, 0xB0, 0x82, 0xBE, 0xA1, 0x32, 0xF6, 0x8B, 0x98, 0x82, 0x8E, 0x6F, 0x73, 0x6F,
    0x83, 0xCA, 0xAB, 0x3B, 0xE6, 0x8E, 0xA1, 0xE6, 0xCF, 0x4D, 0x9A, 0x91, 0x15, 0xDE, 0x6A, 0x2E,
    0x25, 0x7A, 0x48, 0x3E, 0xE3, 0x25, 0x9F, 0x31, 0x52, 0x0F, 0xAA, 0x25, 0x70, 0x06, 0x9F, 0xE4,
    0x76, 0x73, 0x7C, 0xFD, 0xAB, 0x98, 0x99, 0x00, 0xD4, 0x52, 0xAD, 0x03, 0x59, 0x1A, 0x48, 0xEE,
    0x0A, 0x6E, 0x6A, 0x31, 0xFA, 0x58, 0x12, 0x17, 0x72, 0x15, 0x44, 0xBD, 0x6F, 0x5F, 0xD9, 0x3C,
    0x45, 0xEC, 0x7B, 0x40, 0xD7, 0xF7, 0xF1, 0x70, 0x17, 0x8E, 0xF5, 0xCA, 0xB1, 0xFD, 0xCE, 0xFB,
    0x6C, 0x93, 0xAE, 0xE0, 0x04, 0x2B, 0x7C, 0x07, 0x81, 0xD9, 0x3F, 0xCC, 0xFD, 0xF2, 0x50, 0x59,
    0xBE, 0x14, 0x27, 0xA1, 0x7D, 0xD9, 0xBF, 0xD9, 0xC2, 0x0C, 0xAC, 0x1E, 0x0F, 0x40, 0xC1, 0x4A,
    0x21, 0x73, 0x24, 0x9E, 0xC7, 0x52, 0xBE, 0x69, 0x77, 0x79, 0x5C, 0xFB, 0xF6, 0xC9, 0x47, 0xF6,
    0xD2, 0x2B, 0x0A, 0xFB, 0xB7, 0x13, 0xCC, 0xEE, 0xF7, 0x5D, 0x7D, 0x69, 0xF7, 0x4A, 0x83, 0x6C,
    0xC4, 0x97, 0xE3, 0x8F, 0x4E, 0x42, 0xC9, 0xD1, 0x6E, 0xED, 0x75, 0x67, 0xC7, 0xEA, 0xA8, 0x91,
    0x5C, 0xB2, 0x92, 0x6D, 0x43, 0xE8, 0xF5, 0xB7, 0xE1, 0x91, 0xF8, 0xCE, 0xCD, 0xCB, 0x1C, 0xAC,
    0x52, 0x50, 0xD3, 0xA2, 0xBF, 0x2E, 0x9C, 0x99, 0x3C, 0xE7, 0x17, 0xCC, 0x9E, 0x2E, 0xC0, 0x01,
    0x6F, 0x2E, 0xB1, 0xA5, 0x52, 0xC9, 0x96, 0x4A, 0xD9, 0xFF, 0x66, 0x4C, 0xA4, 0xE3, 0x4A, 0x6E,
    0x7B, 0x77, 0x7D, 0x89, 0x7F, 0x77, 0xC9, 0xB7, 0x05, 0xAE, 0x3C, 0xD9, 0x61, 0x1B, 0x53, 0xBB,
    0x8D, 0xF1, 0xBD, 0xCC, 0x31, 0x87, 0x4D, 0xCE, 0x8C, 0x0F, 0xCB, 0x3E, 0x67, 0x2B, 0x1B, 0xBF,
    0x7C, 0x69, 0x41, 0xA0, 0x64, 0xF3, 0xF4, 0xE8, 0xDD, 0x45, 0x3C, 0xE4, 0x6D, 0xAE, 0x5E, 0xFA,
    0x63, 0xBF, 0x1C, 0x38, 0x3D, 0x87, 0x66, 0x48, 0x5E, 0x84, 0xEC, 0xEB, 0x13, 0x28, 0x73, 0x32,
    0xD5, 0xAF, 0xA7, 0x25, 0xF7, 0xE3, 0x94, 0xCA, 0xFB, 0x43, 0xCD, 0xFF, 0x01, 0xD5, 0x5B, 0x3D,
    0x90, 0xDD, 0xC6, 0x7D, 0x5F, 0x00, 0xE6, 0x21, 0x23, 0x8C, 0x03, 0x66, 0x86, 0xCE, 0x64, 0x72,
    0x63, 0xC3, 0x45, 0x0A, 0x47, 0xB6, 0x83, 0x14, 0x29, 0x5C, 0xD8, 0x5E, 0x58, 0x9E, 0xB1, 0x0A,
    0x15, 0x62, 0xC1, 0x26, 0x95, 0xBA, 0x14, 0x6C, 0x4E, 0x45, 0x0A, 0x66, 0xC6, 0x24, 0x20, 0xA9,
    0x54, 0x73, 0x45, 0x52, 0xDB, 0x05, 0x93, 0x51, 0x8E, 0xC5, 0xA9, 0x50, 0xC1, 0xE2, 0xEE, 0x16,
    0x94, 0x0B, 0x97, 0x82, 0x0B, 0x8F, 0x8B, 0x14, 0x86, 0x33, 0xCC, 0x64, 0xC6, 0x2A, 0x88, 0x48,
    0x70, 0x06, 0x24, 0xB1, 0xD8, 0xFC, 0x7E, 0xFF, 0x05, 0xDE, 0xC7, 0xDD, 0x23, 0x63, 0x8D, 0x49,
    0x8E, 0xF9, 0xDE, 0xE1, 0xFF, 0xF6, 0x01, 0x78, 0xD8, 0xFF, 0xF7, 0xD7, 0xEE, 0xE9, 0xC2, 0xD5,
    0x7C, 0x97, 0xCA, 0xBF, 0xF6, 0x54, 0xC6, 0x77, 0x81, 0x77, 0x25, 0xEF, 0x9A, 0xEF, 0x5C, 0xDE,
    0x7A, 0x7E, 0x97, 0x75, 0x59, 0x9C, 0xE1, 0xDE, 0x02, 0x47, 0xD4, 0x11, 0xF4, 0x5B, 0x20, 0x71,
    0x6F, 0x14, 0xAA, 0x74, 0xAE, 0x08, 0x1D, 0x40, 0xEC, 0x3E, 0x73, 0x2A, 0xFD, 0xEF, 0x4E, 0xAB,
    0xFC, 0xE7, 0xDD, 0x97, 0x95, 0x7E, 0x1D, 0xBF, 0x30, 0x31, 0xC0, 0xB4, 0x02, 0x76, 0x1B, 0xE0,
    0x5C, 0x58, 0xE0, 0x96, 0xA4, 0x2E, 0x5F, 0xEF, 0xB2, 0x5A, 0xFF, 0xBC, 0xD3, 0x45, 0xE6, 0x3A,
    0xA7, 0x62, 0xE7, 0x46, 0x15, 0x38, 0x87, 0x7B, 0xB2, 0x09, 0xB3, 0xA7, 0x8D, 0xDA, 0x02, 0x35,
    0x40, 0x20, 0x64, 0x24, 0xAE, 0x02, 0x34, 0x6E, 0x00, 0x4A, 0x40, 0x02, 0x27, 0xAC, 0x2A, 0x2B,
    0x95, 0xB5, 0x2A, 0xAB, 0x95, 0xAE, 0x79, 0x6B, 0x59, 0xF0, 0x5E, 0x23, 0xB7, 0x4F, 0x1B, 0xD0,
    0xAE, 0xA1, 0xC1, 0x4F, 0x5B, 0x05, 0x80, 0x19, 0x4B, 0x19, 0x2B, 0xCF, 0x27, 0x5D, 0x08, 0xE4,
    0x1C, 0x2A, 0xF7, 0x90, 0x73, 0xF3, 0xE1, 0x33, 0xBC, 0x2C, 0x67, 0x4E, 0xE4, 0xCE, 0x51, 0x95,
    0x0F, 0x09, 0x9D, 0x6B, 0xE2, 0x21, 0x92, 0xC7, 0xC5, 0x3D, 0x68, 0xA9, 0xA3, 0x4A, 0xE5, 0x0F,
    0xD5, 0xD7, 0x96, 0x67, 0x7D, 0x94, 0x37, 0x2A, 0x19, 0xD3, 0xDF, 0xDD, 0x2E, 0xC7, 0x98, 0xB3,
    0x09, 0xFB, 0x00, 0x7A, 0x15, 0xD9, 0xA4, 0x53, 0x71, 0x07, 0xEE, 0x0A, 0x88, 0x7A, 0x02, 0x9B,
    0x76, 0xE4, 0x48, 0xA3, 0x52, 0xE2, 0xA7, 0x7F, 0x0D, 0xDE, 0x98, 0x1F, 0xFC, 0x9B, 0x23, 0x19,
    0x65, 0x7D, 0x63, 0x46, 0x26, 0x50, 0xD7, 0x8F, 0xAA, 0xE0, 0xE8, 0x36, 0xEE, 0x8B, 0xDC, 0x50,
    0x4E, 0x45, 0x60, 0x9A, 0x04, 0x5C, 0xD1, 0xF8, 0xBD, 0x52, 0x37, 0xC1, 0x4D, 0x62, 0xA6, 0x4C,
    0x11, 0x40, 0x72, 0xBA, 0x8E, 0x40, 0x62, 0xD6, 0x26, 0xF8, 0x65, 0xD2, 0xA5, 0x15, 0xAE, 0x0E,
    0x39, 0x6E, 0x73, 0xA3, 0xC6, 0x3D, 0xCA, 0x9D, 0x10, 0xD3, 0xB2, 0x17, 0x7C, 0x3B, 0xCF, 0x1F,
    0x9C, 0x2F, 0x89, 0xE1, 0x2C, 0x82, 0x27, 0xC2, 0xB7, 0xFE, 0x4B, 0xA4, 0xE2, 0xF0, 0xE4, 0x8C,
    0xF0, 0xEE, 0xB8, 0xF9, 0xBA, 0x8B, 0x8B, 0x37, 0xB6, 0x4F, 0x84, 0xE4, 0x76, 0xEE, 0x40, 0x0C,
    0xB8, 0x50, 0x87, 0xAE, 0x28, 0xBB, 0x68, 0x04, 0x56, 0xD4, 0xB0, 0xC3, 0x08, 0x14, 0xA8, 0x50,
    0x64, 0xE4, 0xC0, 0xE0, 0x90, 0x08, 0x80, 0x15, 0x85, 0x4A, 0x3F, 0x83, 0xC8, 0xD3, 0x26, 0x87,
    0xC6, 0x81, 0x7D, 0x35, 0x38, 0xA4, 0x9B, 0x78, 0x54, 0x69, 0x17, 0xB9, 0x43, 0xB0, 0xD0, 0x39,
    0x68, 0xDF, 0xBE, 0x08, 0xF2, 0x80, 0x1A, 0x12, 0xB8, 0xFA, 0xBB, 0x24, 0xF8, 0x16, 0xE9, 0x85,
    0x68, 0xE3, 0x0E, 0x5A, 0x91, 0x74, 0x54, 0x90, 0x36, 0xEB, 0x55, 0xD9, 0x00, 0x63, 0x57, 0x41,
    0xE3, 0x80, 0xC6, 0xBE, 0x3B, 0x84, 0x34, 0xF5, 0x6C, 0x2F, 0xB4, 0x18, 0xD1, 0x85, 0xEB, 0x87,
    0x22, 0x7E, 0xE7, 0xF1, 0xF0, 0xBA, 0xE9, 0x84, 0x2F, 0x66, 0x82, 0xEE, 0xE3, 0x1C, 0xE6, 0x31,
    0x55, 0x6C, 0x03, 0x53, 0xE4, 0x40, 0x28, 0x03, 0x56, 0x6D, 0x5E, 0x1B, 0xD7, 0x60, 0x9E, 0xD7,
    0xDC, 0xA3, 0x22, 0xEE, 0x4C, 0x6C, 0x69, 0x39, 0x13, 0x10, 0xE4, 0x47, 0xDA, 0xF2, 0xC3, 0xE2,
    0xE3, 0x6D, 0x7E, 0xF4, 0xD1, 0x18, 0x77, 0x53, 0xEC, 0xCC, 0x98, 0x74, 0x13, 0xB5, 0x21, 0x6D,
    0x0D, 0x38, 0x4F, 0x3B, 0x2C, 0x92, 0x87, 0xD0, 0x6A, 0x60, 0x4B, 0x31, 0x66, 0xE4, 0x81, 0x55,
    0x29, 0x0C, 0xA3, 0x1C, 0xA0, 0xF5, 0xD3, 0x31, 0xC9, 0xA4, 0x0A, 0x17, 0x82, 0x12, 0x25, 0x38,
    0x53, 0x6D, 0x06, 0x8A, 0x42, 0x69, 0x5C, 0x2A, 0x41, 0xD1, 0x04, 0x5B, 0x80, 0xEE, 0x54, 0xD0,
    0xD0, 0xEA, 0x14, 0x5C, 0x2B, 0x13, 0x57, 0x83, 0xA0, 0x3A, 0x75, 0x9F, 0xD4, 0xA1, 0x4D, 0x2A,
    0x15, 0xD5, 0x71, 0x05, 0xAE, 0x8A, 0xE9, 0x94, 0xB5, 0x72, 0x98, 0x0D, 0x48, 0x91, 0xAD, 0x79,
    0xA7, 0x0C, 0x78, 0xA1, 0xDC, 0x3B, 0x78, 0x70, 0xD9, 0x9A, 0x56, 0x25, 0x43, 0x3A, 0xA8, 0xC0,
    0x52, 0x38, 0x65, 0x61, 0x0A, 0x45, 0xE7, 0xA1, 0xE2, 0x2A, 0xA9, 0xA0, 0x26, 0x13, 0xB1, 0x31,
    0x62, 0x8F, 0x50, 0xC0, 0x8B, 0xC7, 0x5F, 0x1B, 0x37, 0xC9, 0x1D, 0x30, 0x97, 0xC0, 0x33, 0xD6,
    0x90, 0xF5, 0xC4, 0x16, 0x7A, 0x4E, 0x84, 0x21, 0xDE, 0x00, 0x97, 0x33, 0x0B, 0x0A, 0x7F, 0xF4,
    0xEF, 0x21, 0xE4, 0x3C, 0x94, 0xAE, 0x2F, 0xEB, 0xAC, 0x75, 0xCE, 0xE6, 0x8D, 0xAE, 0x71, 0x4B,
    0xDA, 0xEA, 0x1F, 0x80, 0x1E, 0x48, 0x34, 0x04, 0x49, 0xE0, 0x6F, 0x38, 0xEC, 0x4F, 0x60, 0x2C,
    0x4C, 0x6F, 0xF4, 0x1F, 0x2D, 0x18, 0x1B, 0xE1, 0x31, 0xF8, 0x88, 0x1D, 0x2D, 0x6B, 0x4A, 0x3E,
    0xA7, 0x72, 0x4D, 0x49, 0xEB, 0x2A, 0xF0, 0x37, 0x6D, 0xCA, 0x2E, 0x6F, 0xCA, 0x37, 0x9B, 0xAC,
    0x2B, 0xE1, 0x7F, 0xAA, 0xF8, 0x17, 0x9E, 0xBF, 0xF0, 0x22, 0xC9, 0x93, 0xF8, 0x4B, 0x95, 0x54,
    0xC7, 0x74, 0x4B, 0x74, 0x15, 0x7C, 0xD9, 0xC0, 0x15, 0xA9, 0xEB, 0xB4, 0x1B, 0x4D, 0x60, 0xE1,
    0x04, 0x46, 0xA5, 0xFD, 0x1F, 0xBE, 0xE2, 0x24, 0x5C, 0x5A, 0x88, 0xDB, 0xC3, 0x66, 0x71, 0xA3,
    0xF1, 0x45, 0xC0, 0x47, 0x55, 0x9C, 0xA3, 0xE1, 0xA8, 0xF9, 0xCB, 0xE3, 0x47, 0x47, 0xC5, 0xAE,
    0xFB, 0x3C, 0xA0, 0xF5, 0xAE, 0x5F, 0xAF, 0x1E, 0x1D, 0xDD, 0x16, 0xE7, 0xE5, 0x01, 0x1E, 0x60,
    0xC1, 0x3B, 0x7A, 0x52, 0x4C, 0xEE, 0x22, 0x60, 0x34, 0x7D, 0x04, 0x67, 0x01, 0x49, 0x25, 0x40,
    0xAE, 0x0F, 0x5D, 0x93, 0x42, 0x27, 0xA0, 0xF5, 0x10, 0xA7, 0xBA, 0xE2, 0x49, 0xD0, 0x6E, 0x80,
    0x8E, 0x69, 0x68, 0x1B, 0xD8, 0x94, 0xC0, 0xE9, 0x0C, 0x2A, 0x1E, 0x54, 0x8E, 0x9B, 0xDB, 0x08,
    0xE8, 0xC3, 0xEE, 0xF0, 0x15, 0x76, 0x09, 0x46, 0x47, 0xE3, 0x3F, 0x1D, 0x0C, 0xD0, 0x7F, 0xE3,
    0xAA, 0x4B, 0xD7, 0x94, 0xBA, 0x54, 0xD0, 0x47, 0x98, 0x16, 0x26, 0x06, 0x2B, 0x48, 0x41, 0x75,
    0x4B, 0x27, 0xF7, 0x6D, 0xE2, 0x5A, 0xAB, 0x84, 0xFA, 0x44, 0x17, 0x99, 0x35, 0x74, 0xC7, 0xFC,
    0xAB, 0xF8, 0x67, 0xC4, 0xC3, 0x3A, 0xF1, 0xCB, 0x13, 0xFF, 0x02, 0x4B, 0x5F, 0x1C, 0x8C, 0xF4,
    0x52, 0x98, 0x04, 0x03, 0xA0, 0x10, 0x7A, 0x08, 0x5C, 0x04, 0x23, 0xD8, 0xCD, 0x0A, 0xC2, 0xC3,
    0x47, 0xEE, 0x18, 0xCA, 0xE2, 0x55, 0x26, 0xA5, 0xF3, 0x50, 0xE9, 0x83, 0xE9, 0xAD, 0x9A, 0xB3,
    0x5D, 0x5A, 0x9C, 0x76, 0x29, 0x0E, 0x7C, 0xD3, 0xF9, 0x8B, 0x79, 0xA8, 0x2B, 0x0B, 0xF3, 0xF6,
    0x5A, 0xA8, 0xDF, 0x9E, 0xFB, 0xBC, 0xA7, 0x88, 0x3F, 0x17, 0x7B, 0xF9, 0xD9, 0x00, 0x46, 0x1C,
    0x7F, 0x0C, 0x95, 0x6A, 0xB3, 0x8F, 0xC7, 0x68, 0x52, 0xD9, 0xBD, 0x31, 0xED, 0x09, 0x41, 0x04,
    0x20, 0x88, 0x00, 0x04, 0xFA, 0xB8, 0x8A, 0x27, 0xE7, 0x1F, 0x0F, 0x78, 0x72, 0xFE, 0xAE, 0xC0,
    0xF7, 0x7A, 0xD0, 0xA1, 0xDF, 0xEB, 0x31, 0xD6, 0x3F, 0x44, 0x24, 0x63, 0x18, 0x34, 0x15, 0x21,
    0xD8, 0x52, 0x26, 0x2D, 0xC2, 0x99, 0x49, 0x5A, 0xE2, 0x9C, 0x36, 0x81, 0x40, 0xFA, 0x3E, 0x7A,
    0xF0, 0xEB, 0x02, 0x95, 0x65, 0x98, 0x81, 0xDA, 0x00, 0x86, 0x23, 0x83, 0x4A, 0xC8, 0x99, 0xC0,
    0x74, 0xD2, 0x10, 0x71, 0x0E, 0xBA, 0x0E, 0x32, 0xF7, 0x7F, 0x48, 0x49, 0x22, 0x30, 0x6A, 0x7A,
    0x95, 0x17, 0x34, 0x50, 0x57, 0xDD, 0xA2, 0x97, 0xEA, 0xF4, 0x08, 0x86, 0x8E, 0x21, 0x5C, 0x89,
    0xAE, 0x40, 0xEB, 0x0D, 0xB2, 0x32, 0x83, 0xAD, 0x80, 0xA8, 0x51, 0xFD, 0x83, 0xB0, 0x78, 0xE7,
    0xDF, 0x9D, 0x09, 0x11, 0x64, 0x64, 0x3C, 0x45, 0x14, 0x8D, 0x21, 0xF6, 0x0C, 0x76, 0xA9, 0x25,
    0x0F, 0xC8, 0x6A, 0x38, 0x02, 0x1C, 0x59, 0x8D, 0x33, 0x55, 0x59, 0xB9, 0x02, 0xBE, 0x03, 0xFC,
    0x82, 0xB0, 0xCC, 0xA1, 0xFA, 0x48, 0x31, 0xAA, 0x53, 0x7E, 0x65, 0x01, 0xB2, 0x33, 0x58, 0x28,
    0xA4, 0x06, 0xBF, 0x1C, 0x4C, 0x0C, 0x40, 0x25, 0x9D, 0x87, 0x6E, 0x4C, 0xA3, 0xDC, 0xBB, 0xAE,
    0x8A, 0x46, 0x84, 0x26, 0x38, 0x95, 0x96, 0x8F, 0x86, 0x3F, 0xA1, 0x68, 0xBE, 0xAB, 0xEE, 0x2E,
    0x32, 0xA1, 0xCC, 0x2E, 0xD3, 0xF1, 0xD7, 0xB3, 0xBC, 0x62, 0x98, 0x4E, 0x3C, 0xCE, 0x91, 0x5F,
    0x42, 0x54, 0x56, 0x30, 0x5A, 0xCD, 0xEE, 0x44, 0x06, 0x37, 0x71, 0xFC, 0x19, 0x07, 0xB4, 0x4F,
    0xE2, 0x11, 0x74, 0xF3, 0x40, 0xAC, 0x85, 0x83, 0xB8, 0x9E, 0x07, 0x88, 0x78, 0x69, 0xC1, 0x41,
    0xC6, 0x58, 0xC8, 0xC1, 0xF7, 0x21, 0x7E, 0x19, 0x9C, 0x30, 0x56, 0x70, 0x40, 0xD3, 0x87, 0xF7,
    0xBE, 0x0F, 0x8B, 0x4D, 0x1F, 0xC0, 0xDB, 0x8C, 0x09, 0x44, 0xF5, 0x13, 0x9C, 0xE9, 0x99, 0x53,
    0x88, 0xAC, 0x72, 0x3C, 0x4C, 0x06, 0xB7, 0x40, 0x6A, 0xE6, 0x91, 0x85, 0xE3, 0xA7, 0x9B, 0x26,
    0xE3, 0xE8, 0xD1, 0xF8, 0x6B, 0x9F, 0x97, 0x34, 0x73, 0xC2, 0x90, 0x55, 0xF3, 0x40, 0x2F, 0x29,
    0xC4, 0xE9, 0x32, 0x90, 0xB0, 0x9B, 0x80, 0xB2, 0xB7, 0x37, 0xAC, 0x5B, 0xF2, 0x9C, 0xCB, 0xF3,
    0x05, 0xE1, 0x46, 0x5A, 0xCC, 0xDC, 0xC8, 0xD5, 0xCC, 0x8D, 0x5B, 0x0B, 0x13, 0xC6, 0x79, 0xC0,
    0x20, 0x2F, 0xDC, 0x88, 0x16, 0x26, 0x90, 0x85, 0x9E, 0xF6, 0x85, 0x09, 0x64, 0xA1, 0x0C, 0x34,
    0x7C, 0xB9, 0x0C, 0x6E, 0xC2, 0x77, 0x08, 0x5B, 0x46, 0xA8, 0x66, 0x83, 0x41, 0xD0, 0x47, 0x43,
    0xD6, 0xD1, 0x16, 0xBB, 0xA8, 0x4B, 0x60, 0xF1, 0xF7, 0x93, 0x3A, 0x44, 0x3C, 0x03, 0x37, 0x48,
    0x06, 0x1C, 0xA8, 0xEB, 0xC5, 0xA7, 0x37, 0x5E, 0x00, 0x81, 0x64, 0x63, 0xA3, 0xF8, 0x4F, 0x88,
    0x0F, 0x73, 0xEB, 0x76, 0x76, 0x57, 0x74, 0x9E, 0x0A, 0xF9, 0x46, 0x20, 0xF6, 0x87, 0x5F, 0x47,
    0xD3, 0x9D, 0x5E, 0x98, 0x10, 0x49, 0xC8, 0x3A, 0x5D, 0x06, 0x42, 0x02, 0x2C, 0x5A, 0xC4, 0x27,
    0xAF, 0x66, 0xD3, 0xD9, 0xE1, 0x31, 0x7B, 0xB7, 0xF9, 0xCC, 0x9A, 0xC1, 0xB8, 0xF0, 0x42, 0xD5,
    0x0C, 0x1A, 0xA2, 0x1B, 0x0C, 0xCB, 0x39, 0xCE, 0x7E, 0x09, 0x3E, 0x8C, 0x42, 0xF5, 0x99, 0xAA,
    0x30, 0x16, 0x3E, 0x44, 0x74, 0x43, 0x1D, 0x74, 0x82, 0x1A, 0xE6, 0x6B, 0xBC, 0x6E, 0x44, 0xF4,
    0x79, 0xC2, 0x16, 0xD3, 0x8B, 0x6E, 0x54, 0xF4, 0x30, 0x39, 0x75, 0x83, 0x36, 0x21, 0xBA, 0x41,
    0xC4, 0x99, 0x93, 0xD6, 0x57, 0xE2, 0x11, 0xDC, 0x85, 0x6E, 0x20, 0x12, 0x2C, 0xBA, 0xD1, 0x61,
    0xEE, 0xFC, 0x2D, 0xE8, 0x06, 0x12, 0x69, 0xEA, 0xC6, 0x2B, 0xB7, 0x41, 0xD8, 0xAC, 0x1B, 0xA7,
    0xE7, 0x75, 0xC3, 0xAB, 0x04, 0x74, 0x23, 0x6E, 0x67, 0xDD, 0x10, 0x91, 0xF0, 0x12, 0x31, 0x97,
    0x41, 0xB9, 0xA8, 0xC4, 0xB8, 0x0C, 0x86, 0x45, 0x37, 0x3E, 0x9C, 0x19, 0x41, 0xBA, 0xD2, 0x71,
    0x7D, 0xC4, 0x9D, 0xDA, 0x7E, 0x5D, 0x9E, 0x6D, 0x81, 0x66, 0x75, 0xE2, 0x35, 0x06, 0xE6, 0x4F,
    0x7B, 0xD5, 0xB0, 0x6B, 0x66, 0xAA, 0xAE, 0xF0, 0x13, 0x2C, 0x07, 0x15, 0xB1, 0x9C, 0x73, 0xD4,
    0xAC, 0x8F, 0xE9, 0x0B, 0x8B, 0x80, 0x61, 0xAF, 0x74, 0x33, 0xD7, 0xE5, 0xF5, 0xA7, 0xAB, 0x6C,
    0x38, 0xE7, 0x9C, 0xA9, 0xC8, 0xDA, 0x55, 0xAB, 0xB4, 0xB8, 0xD8, 0x42, 0xE3, 0x3B, 0x4B, 0x96,
    0x1D, 0xF9, 0x00, 0xCF, 0xDB, 0x24, 0x2F, 0xA0, 0x43, 0x2B, 0xE9, 0xE1, 0x2C, 0xC8, 0x0E, 0x46,
    0x3C, 0x30, 0x22, 0xA3, 0x62, 0x32, 0x33, 0x6D, 0x00, 0xB2, 0x1A, 0xDE, 0x51, 0x17, 0x49, 0xAB,
    0xCE, 0xD4, 0x41, 0xAB, 0x90, 0x54, 0x74, 0x4C, 0x97, 0xBB, 0xC4, 0x4D, 0x3F, 0xEC, 0x11, 0xAD,
    0xC2, 0x1E, 0xD7, 0xC3, 0x21, 0xA3, 0x6C, 0x24, 0xFD, 0x26, 0xEE, 0x96, 0x05, 0x8B, 0xE1, 0x7C,
    0xA5, 0xB8, 0x87, 0x7F, 0x5C, 0x10, 0x16, 0x5B, 0xA2, 0xB4, 0x99, 0x7D, 0x21, 0x85, 0x99, 0x71,
    0x8E, 0x87, 0x55, 0x2D, 0xF1, 0x47, 0x87, 0xF3, 0xD5, 0xD9, 0x40, 0xA1, 0x6D, 0xE4, 0x33, 0x73,
    0x6A, 0xFD, 0x3E, 0xAB, 0xAA, 0x50, 0xEC, 0xE4, 0xAE, 0x97, 0xF1, 0x17, 0x43, 0x9C, 0xB3, 0x06,
    0x03, 0x24, 0x1C, 0x75, 0xCC, 0xD7, 0xDA, 0x8C, 0x35, 0x12, 0x40, 0x56, 0x11, 0x71, 0x98, 0xB4,
    0x20, 0x1E, 0x5C, 0x40, 0x3C, 0xA2, 0xDB, 0x83, 0x37, 0xA8, 0x7C, 0x58, 0x0A, 0xD6, 0x88, 0x8B,
    0xE3, 0xF1, 0x88, 0x7F, 0x04, 0xF0, 0x35, 0x7A, 0x55, 0x16, 0x50, 0xF7, 0x88, 0xE9, 0x67, 0x1D,
    0xAD, 0x19, 0x5F, 0x3B, 0x9A, 0xE8, 0x87, 0x79, 0xA1, 0x76, 0xBF, 0x6E, 0x3C, 0x0D, 0xF1, 0x9B,
    0x46, 0x38, 0x85, 0x14, 0xAA, 0x17, 0xC4, 0x61, 0x96, 0x49, 0x23, 0xC5, 0x1D, 0x48, 0xC8, 0x15,
    0xAA, 0xA9, 0xEF, 0x33, 0x1F, 0x38, 0x09, 0x88, 0xB8, 0xE0, 0x4C, 0x93, 0x74, 0x0F, 0xDF, 0x20,
    0xE2, 0xB1, 0x47, 0x9C, 0xA2, 0x1A, 0xF5, 0x1C, 0x4E, 0x03, 0x7B, 0xBA, 0x20, 0x6E, 0x36, 0x11,
    0xA7, 0x89, 0x47, 0x0E, 0xDC, 0xF6, 0x60, 0x22, 0x32, 0xE3, 0x9C, 0x31, 0x5C, 0x7C, 0x3D, 0x95,
    0xD9, 0xB7, 0x76, 0x31, 0x3B, 0x9F, 0x99, 0x9D, 0x5F, 0x64, 0xF6, 0x8C, 0xF3, 0xA3, 0xD7, 0x37,
    0x98, 0x9D, 0x0B, 0xB3, 0xD5, 0xC2, 0xEC, 0xDD, 0x38, 0xCB, 0x2B, 0x5C, 0x29, 0x48, 0xFE, 0x06,
    0x98, 0xAD, 0xE9, 0xF6, 0xD7, 0x20, 0x7F, 0x9F, 0xEE, 0x91, 0xDA, 0xEE, 0x4B, 0xA9, 0xDF, 0x97,
    0x84, 0x72, 0x9B, 0x04, 0xBD, 0x49, 0x42, 0x56, 0x65, 0x4F, 0xD0, 0x17, 0x4F, 0x42, 0xBC, 0xD2,
    0x97, 0xFF, 0x9F, 0xED, 0x92, 0x87, 0x1D, 0x5D, 0xF5, 0x94, 0x3C, 0x16, 0xDF, 0x28, 0xE4, 0x48,
    0x4E, 0xA7, 0x7C, 0x39, 0xE0, 0x47, 0xCE, 0xFD, 0xB3, 0x3A, 0x90, 0x76, 0x84, 0x5B, 0xA4, 0x92,
    0x3E, 0x5C, 0x46, 0xF9, 0x6F, 0x96, 0x51, 0x79, 0x6F, 0x19, 0xB9, 0x60, 0x1E, 0x45, 0x36, 0x9C,
    0x47, 0xC9, 0xB0, 0x8C, 0xB2, 0x0E, 0xA3, 0xAF, 0x7C, 0xC0, 0x19, 0x7E, 0x79, 0x67, 0xF2, 0xE5,
    0xCA, 0x9C, 0xD2, 0xFB, 0x1A, 0x8F, 0xB9, 0xBD, 0x14, 0x9C, 0xCE, 0x3D, 0xFA, 0x17, 0xCE, 0xF5,
    0xE8, 0x9A, 0x34, 0x3E, 0x14, 0x75, 0x6E, 0x1E, 0x95, 0xD5, 0x32, 0x72, 0x73, 0x5B, 0x44, 0xB8,
    0xEC, 0x47, 0x74, 0xBA, 0x7E, 0x94, 0x76, 0xCB, 0x28, 0x67, 0xD9, 0x27, 0xEE, 0x9C, 0x05, 0x9D,
    0xC7, 0x85, 0xF2, 0x0D, 0xDC, 0xD1, 0xD1, 0x5D, 0x1F, 0xB3, 0xFC, 0xBC, 0x72, 0x61, 0x35, 0xDA,
    0x73, 0xEE, 0x3E, 0x9F, 0x38, 0xC9, 0xD9, 0x9A, 0xF8, 0x21, 0x6A, 0xB9, 0x63, 0x04, 0x2A, 0x12,
    0x54, 0x36, 0x70, 0xF6, 0x70, 0xD5, 0x97, 0x99, 0x6D, 0x79, 0xAF, 0xC6, 0x29, 0x89, 0xA8, 0x9F,
    0xC8, 0xA7, 0xC2, 0x66, 0x46, 0x74, 0xCE, 0x86, 0xED, 0x36, 0x98, 0xE6, 0x64, 0x39, 0x6E, 0x21,
    0x70, 0x24, 0x91, 0x48, 0xEA, 0xDB, 0x14, 0xA2, 0xAD, 0x62, 0x41, 0x43, 0x0C, 0x79, 0xFF, 0x9C,
    0x0A, 0xB1, 0x5C, 0x52, 0x39, 0xA9, 0x08, 0x56, 0x0F, 0x12, 0xA2, 0x92, 0x7E, 0x99, 0xFE, 0xD2,
    0x72, 0x6F, 0x58, 0xAD, 0x3A, 0x49, 0xEB, 0xA0, 0x61, 0xDA, 0xA5, 0xAC, 0x51, 0x5F, 0xDF, 0xCC,
    0x7B, 0x2E, 0x19, 0x77, 0x48, 0x1D, 0x98, 0x44, 0x11, 0x60, 0x1A, 0x66, 0x4A, 0xC1, 0x81, 0x6B,
    0xE7, 0x9B, 0x41, 0xE7, 0x7B, 0x43, 0x7F, 0x7E, 0xDC, 0xB0, 0x30, 0xEF, 0xA8, 0x35, 0xAD, 0x76,
    0xD3, 0xBF, 0xFA, 0xB0, 0xF4, 0x74, 0x20, 0x21, 0x38, 0xFD, 0xDF, 0xA3, 0x3B, 0x35, 0x67, 0x6B,
    0x57, 0x6D, 0x99, 0x6A, 0x41, 0xE7, 0x1B, 0x8B, 0x2F, 0x4E, 0xC6, 0xA5, 0x2B, 0xC2, 0x12, 0x50,
    0x1D, 0xAA, 0x3F, 0x46, 0x9C, 0x2F, 0xAD, 0x9A, 0x54, 0x82, 0x29, 0x8D, 0x25, 0x1A, 0x99, 0x85,
    0xA2, 0x1C, 0xC0, 0xEF, 0xF0, 0xCB, 0x60, 0x2B, 0xE8, 0x3D, 0x09, 0xF1, 0x2B, 0xCF, 0x07, 0xF1,
    0x66, 0x46, 0xBC, 0x49, 0xA5, 0x47, 0xB6, 0x46, 0x5C, 0x50, 0xD3, 0x1D, 0x90, 0xF6, 0xA0, 0x45,
    0xFE, 0x28, 0xE7, 0xB6, 0x5F, 0x17, 0xD1, 0x3D, 0x7E, 0x9E, 0xE8, 0xD6, 0x17, 0xD0, 0xED, 0xD6,
    0xBA, 0xD1, 0x2E, 0x69, 0x37, 0x0F, 0xCC, 0x92, 0x0F, 0xB3, 0xFE, 0xFF, 0xC5, 0x0A, 0xDD, 0xD2,
    0x4D, 0x3F, 0x65, 0xAB, 0x88, 0xC7, 0xAB, 0x48, 0x99, 0x25, 0xCF, 0xE3, 0xA1, 0xFF, 0xF0, 0xE3,
    0x9B, 0xEE, 0xA8, 0x22, 0x42, 0x3C, 0x4A, 0x69, 0x9E, 0xCC, 0xDA, 0x4A, 0x65, 0xA5, 0xAE, 0xA2,
    0xD0, 0x17, 0x4D, 0xDD, 0x50, 0xD4, 0x17, 0x89, 0x8F, 0x46, 0x90, 0x58, 0x3A, 0x69, 0xAE, 0x72,
    0x95, 0xF6, 0x75, 0xCF, 0xB6, 0x0B, 0x71, 0xEE, 0x03, 0x2D, 0x4D, 0x08, 0xE7, 0x5E, 0x39, 0x86,
    0xA7, 0x61, 0xB1, 0x94, 0x3E, 0x9B, 0xE3, 0x15, 0xF7, 0xDB, 0x9F, 0xE2, 0xB9, 0x23, 0x8F, 0x8C,
    0x0D, 0xCC, 0xC9, 0x87, 0x0F, 0x69, 0x62, 0x8B, 0xC7, 0x8F, 0x1E, 0x3B, 0x69, 0xC4, 0x95, 0xE2,
    0xAB, 0x63, 0xF8, 0x50, 0xF8, 0x69, 0x38, 0x25, 0xC0, 0x6C, 0x20, 0x44, 0x6C, 0xA4, 0xE7, 0x76,
    0x45, 0xE4, 0x5B, 0xA7, 0x4C, 0xBC, 0x9B, 0x6F, 0x4E, 0x1F, 0x28, 0x16, 0x42, 0x0E, 0xAE, 0x8B,
    0x30, 0xEA, 0x0D, 0x10, 0x97, 0x86, 0xED, 0x16, 0xF4, 0x8D, 0xCC, 0x54, 0x60, 0xDE, 0x10, 0x9A,
    0x9A, 0x3D, 0x0D, 0x3C, 0xCD, 0xFD, 0x16, 0x91, 0x2E, 0x92, 0x56, 0x57, 0xE8, 0xFB, 0x5E, 0x7B,
    0x6C, 0x88, 0xCD, 0xF9, 0x93, 0x4F, 0xA0, 0x94, 0xF9, 0x4F, 0x31, 0x60, 0xA2, 0xE8, 0x73, 0xA8,
    0xA7, 0x24, 0x51, 0x3E, 0x98, 0x06, 0xB4, 0x71, 0x98, 0x3B, 0x22, 0x02, 0xC3, 0x6E, 0xC7, 0x78,
    0xA4, 0x19, 0x0F, 0x26, 0x6D, 0x05, 0x8A, 0xA6, 0x6A, 0xC4, 0x2D, 0xC0, 0x37, 0x71, 0x93, 0xF1,
    0xAD, 0x7A, 0xFD, 0x1A, 0x2B, 0x04, 0x76, 0x09, 0x09, 0x21, 0x4A, 0xE4, 0x8B, 0x88, 0xF1, 0x80,
    0xC8, 0x98, 0x01, 0xA3, 0x51, 0x32, 0xC8, 0x49, 0x60, 0x59, 0x11, 0xE6, 0x0D, 0x61, 0xD2, 0x13,
    0x62, 0x42, 0xAA, 0x80, 0x33, 0xA2, 0x08, 0x4E, 0x4B, 0xB3, 0x8C, 0x31, 0x27, 0x76, 0x94, 0x78,
    0x38, 0xFD, 0x0D, 0x11, 0xFC, 0xF1, 0x82, 0x69, 0x2C, 0x44, 0xA4, 0xD2, 0xC8, 0x4A, 0x25, 0x1A,
    0xC6, 0xCE, 0x47, 0x51, 0x51, 0xE1, 0xC4, 0x77, 0xB8, 0xAE, 0x9E, 0xA3, 0x8F, 0xBD, 0x59, 0x32,
    0x6B, 0x52, 0x73, 0xC7, 0x47, 0xBB, 0x3B, 0x08, 0x83, 0xE0, 0x4E, 0x36, 0x30, 0x49, 0x96, 0x6E,
    0x25, 0x62, 0x90, 0x84, 0xBE, 0x29, 0xE3, 0x43, 0x8C, 0x74, 0xEC, 0x4B, 0x69, 0x07, 0x95, 0x52,
    0x57, 0x95, 0x12, 0x04, 0xCD, 0xB4, 0x86, 0x93, 0x8F, 0x5C, 0x56, 0x7C, 0xBC, 0xB4, 0x58, 0xE8,
    0x2C, 0x91, 0xC3, 0x18, 0x09, 0xA3, 0x0C, 0x9F, 0x79, 0xCB, 0x62, 0xC7, 0xD4, 0xA8, 0x76, 0x62,
    0xCA, 0xEE, 0x91, 0x0F, 0x88, 0xD4, 0xA3, 0x5C, 0x92, 0x13, 0x36, 0x5B, 0xD7, 0xAF, 0xD0, 0x2F,
    0x10, 0x08, 0x2D, 0xA6, 0x16, 0x5D, 0x23, 0xC1, 0x74, 0x52, 0x1B, 0xF1, 0xF0, 0x65, 0xA2, 0xCB,
    0x67, 0x36, 0x93, 0x97, 0x14, 0x27, 0x4D, 0x1F, 0x48, 0x6A, 0xF1, 0x3E, 0x2F, 0xB8, 0xD0, 0xD7,
    0x90, 0x77, 0xD5, 0xC5, 0x9A, 0xE4, 0x65, 0xA0, 0x6E, 0xCB, 0xE2, 0x3E, 0xFB, 0x22, 0x16, 0xF7,
    0x32, 0x50, 0x27, 0x25, 0x8C, 0x94, 0x34, 0x0B, 0x94, 0xCA, 0xE6, 0x29, 0xA5, 0xCD, 0xCB, 0x62,
    0x6B, 0xDF, 0x82, 0x70, 0x34, 0xCA, 0xC2, 0xAC, 0x4E, 0xDA, 0xB8, 0xCB, 0xAB, 0x60, 0x44, 0x45,
    0x5A, 0x0E, 0x4C, 0xED, 0xFD, 0x51, 0xB2, 0xB3, 0x75, 0xA6, 0x78, 0x8D, 0xF7, 0xE0, 0xDE, 0xE1,
    0x5B, 0xAB, 0x1E, 0x4A, 0x82, 0x8C, 0xFA, 0xEB, 0x5C, 0x67, 0x74, 0x95, 0x34, 0x7E, 0x1D, 0x24,
    0xAF, 0xEF, 0x4B, 0x76, 0x0D, 0x6B, 0x45, 0x35, 0x44, 0xAD, 0x0E, 0x9D, 0x78, 0xFF, 0xC8, 0xD5,
    0xF4, 0x49, 0xA8, 0xB1, 0x18, 0x58, 0xF4, 0x5B, 0x5C, 0x24, 0x01, 0xED, 0xAD, 0xB4, 0x00, 0x7C,
    0x5A, 0xC5, 0x85, 0x9E, 0x02, 0x31, 0x30, 0xC6, 0x07, 0x72, 0x61, 0x7E, 0xC4, 0x5C, 0xC8, 0xD3,
    0x2C, 0x95, 0x78, 0x0B, 0xD7, 0x9C, 0xDA, 0xFC, 0x9E, 0x65, 0xFC, 0xC8, 0x7F, 0xD5, 0x33, 0xBD,
    0x48, 0x25, 0x65, 0xA8, 0x52, 0x7A, 0x87, 0xD2, 0x27, 0xF7, 0x93, 0xD8, 0x17, 0x57, 0x5D, 0x40,
    0xF0, 0x01, 0x30, 0x92, 0xB5, 0x01, 0x75, 0x92, 0x48, 0x0E, 0xFE, 0xB7, 0x7E, 0x69, 0x67, 0xFB,
    0x15, 0x15, 0x6B, 0x9F, 0x29, 0xF9, 0xE9, 0xEC, 0x6E, 0x94, 0xF1, 0xCE, 0xB4, 0xDB, 0xE5, 0x4C,
    0x6F, 0x88, 0xDE, 0x9F, 0xCA, 0x2A, 0xA7, 0xFD, 0x43, 0xA1, 0xA4, 0xFD, 0xE5, 0x06, 0x34, 0xEA,
    0x4C, 0x68, 0x31, 0x52, 0x12, 0x94, 0x92, 0x8F, 0x80, 0x3B, 0xE0, 0xA8, 0xF6, 0xDD, 0x35, 0xB2,
    0x44, 0xB1, 0xAD, 0xDE, 0x72, 0xA9, 0xC5, 0x48, 0x41, 0x23, 0x5C, 0x90, 0x82, 0x67, 0xCF, 0x6D,
    0x76, 0xFD, 0x3E, 0x5C, 0xFA, 0x77, 0x73, 0xCB, 0xC9, 0x07, 0x89, 0x48, 0x82, 0x65, 0x50, 0xA8,
    0x97, 0x8E, 0x2E, 0xB6, 0x53, 0xD9, 0xB5, 0xF3, 0xBD, 0x3B, 0x81, 0x5C, 0x4D, 0x9B, 0xCF, 0xEF,
    0x6C, 0x8E, 0xBC, 0x14, 0x92, 0x0A, 0x9A, 0x45, 0x0D, 0xF5, 0x56, 0x7F, 0x6D, 0xAF, 0x38, 0x4F,
    0xCE, 0xF7, 0xA6, 0xC5, 0x39, 0xB8, 0x12, 0xC5, 0x88, 0x65, 0x3D, 0x3D, 0x72, 0x9D, 0xBB, 0x47,
    0xD9, 0x98, 0x72, 0x05, 0x38, 0x6B, 0x60, 0x43, 0x39, 0x97, 0xA8, 0x64, 0xC5, 0x88, 0x0B, 0x2D,
    0xAD, 0xB8, 0x22, 0xBB, 0x54, 0xFF, 0xA6, 0x57, 0xDE, 0xC8, 0x7D, 0x1A, 0xE1, 0xCB, 0x1D, 0x02,
    0xB6, 0x8B, 0x24, 0x1F, 0x97, 0x76, 0x87, 0x78, 0x29, 0xB9, 0x4D, 0x9A, 0xD1, 0xCC, 0x7B, 0xA4,
    0xCA, 0x7E, 0xF5, 0xE8, 0x36, 0x69, 0x60, 0x8A, 0x4C, 0x4F, 0xB7, 0x59, 0x06, 0xFF, 0xFD, 0x55,
    0xFA, 0x1B, 0x64, 0x8A, 0xB2, 0x17, 0xC0, 0x32, 0xA7, 0xB7, 0x2C, 0x59, 0x2D, 0xF9, 0x64, 0xC9,
    0x32, 0x3B, 0x73, 0xAF, 0x5C, 0x7D, 0x9D, 0xFC, 0xF2, 0x95, 0x25, 0xC5, 0x96, 0xBD, 0x3F, 0x61,
    0x92, 0x14, 0xED, 0xDB, 0x55, 0x76, 0xCC, 0xD9, 0xB4, 0x5F, 0x50, 0x17, 0x5B, 0x4D, 0x24, 0x25,
    0x35, 0x6C, 0x5D, 0xFB, 0x16, 0x78, 0xDA, 0xD3, 0x3D, 0x67, 0xA4, 0x9D, 0x92, 0xF0, 0x6B, 0x65,
    0xF8, 0x3B, 0x13, 0x38, 0x49, 0xA3, 0xD6, 0x72, 0x59, 0x0C, 0x90, 0xDC, 0xB6, 0xD2, 0x8D, 0x15,
    0xD9, 0x29, 0x41, 0x12, 0xC7, 0x24, 0x90, 0x62, 0xB2, 0xE2, 0x05, 0xAC, 0xD2, 0x72, 0x3F, 0xDB,
    0x3B, 0x74, 0xAB, 0x35, 0xEF, 0x13, 0xE2, 0x68, 0x52, 0x56, 0xCA, 0x75, 0xDF, 0xB6, 0xB0, 0x97,
    0x04, 0xA6, 0x2C, 0xD4, 0x6D, 0x56, 0xC5, 0xED, 0x9E, 0xCD, 0xEE, 0x1F, 0xD4, 0xDA, 0x72, 0x29,
    0xB9, 0xB4, 0x81, 0xB9, 0xEF, 0x0D, 0xD2, 0x77, 0x26, 0xA7, 0xA5, 0x3D, 0xA9, 0xA4, 0x43, 0xC3,
    0xA4, 0xD3, 0xDB, 0xA8, 0x94, 0xFF, 0xE1, 0xA0, 0x2E, 0x64, 0x04, 0xB2, 0x65, 0xC3, 0xB8, 0xD1,
    0x13, 0x9B, 0xB8, 0x07, 0x90, 0x75, 0x4F, 0x9D, 0xE3, 0x8A, 0x43, 0xC9, 0xF5, 0x07, 0xC3, 0x67,
    0x9F, 0x79, 0x6E, 0x2A, 0x01, 0xD6, 0x03, 0x59, 0x29, 0x94, 0x45, 0x43, 0x88, 0x18, 0xC8, 0xD4,
    0x78, 0x96, 0x9E, 0x10, 0x12, 0x58, 0xD4, 0x35, 0xB1, 0x9B, 0xE0, 0x68, 0x0F, 0xDA, 0x84, 0x05,
    0xF0, 0xD5, 0x05, 0x8F, 0xB2, 0x9B, 0xFD, 0x85, 0xB8, 0x44, 0x69, 0x56, 0x7B, 0x65, 0x20, 0xBA,
    0x5F, 0xDD, 0x61, 0x6D, 0x2F, 0x02, 0x3F, 0x69, 0x44, 0xFB, 0x15, 0x2D, 0x69, 0xB7, 0x91, 0x77,
    0xE6, 0xCD, 0x0E, 0xF9, 0x55, 0x24, 0xCB, 0xAC, 0xA3, 0x0A, 0xDB, 0x1D, 0x89, 0xD4, 0x8B, 0x40,
    0xED, 0x16, 0xED, 0xD3, 0xD5, 0x23, 0x37, 0x66, 0x60, 0xA2, 0xC7, 0x8F, 0x80, 0x50, 0x07, 0xDD,
    0x0C, 0xDA, 0xAC, 0xD9, 0x9D, 0x28, 0xBC, 0x00, 0xAC, 0xA4, 0x96, 0x12, 0x4F, 0x29, 0x20, 0xEE,
    0xE2, 0xEE, 0xF9, 0xE0, 0x62, 0x56, 0xB8, 0x68, 0x4C, 0xEF, 0x71, 0x61, 0xF6, 0xD3, 0x44, 0xB2,
    0x56, 0x7B, 0x70, 0x3F, 0xAE, 0xB8, 0x5A, 0xA6, 0x64, 0x49, 0x44, 0x59, 0x38, 0x93, 0x80, 0xBD,
    0xFF, 0x70, 0x05, 0x02, 0xF6, 0x3D, 0x65, 0x79, 0xC0, 0xE7, 0x3B, 0x59, 0xFF, 0xC2, 0x78, 0xB5,
    0xE0, 0xA7, 0xAE, 0x17, 0xFC, 0xC3, 0xD3, 0x61, 0xB2, 0x56, 0x7A, 0x88, 0x7A, 0xDE, 0xA4, 0x65,
    0x1C, 0x57, 0xE9, 0x8B, 0xD2, 0x15, 0x07, 0x0D, 0x30, 0xCB, 0x47, 0x36, 0xD2, 0x1B, 0x36, 0x89,
    0x50, 0xCA, 0xC1, 0xCD, 0xB6, 0x81, 0xA3, 0xA7, 0xD5, 0x75, 0x36, 0x71, 0x3E, 0x7D, 0xCF, 0x89,
    0x57, 0xD0, 0x3F, 0x81, 0xED, 0xF0, 0x93, 0x29, 0x18, 0xCF, 0xD3, 0x94, 0xE8, 0x9C, 0x06, 0xEF,
    0x6D, 0x69, 0x4B, 0x7F, 0x05, 0x40, 0x83, 0x3B, 0xCD, 0x7B, 0xAE, 0x65, 0xC4, 0x36, 0x75, 0xC7,
    0x0E, 0xA9, 0xDB, 0x18, 0xF9, 0x46, 0x2A, 0x37, 0xE5, 0x3C, 0xF8, 0x84, 0x99, 0xCC, 0xBE, 0x4D,
    0xDE, 0xA1, 0x13, 0x91, 0x1D, 0x16, 0xAE, 0x47, 0xFE, 0x65, 0xA3, 0x69, 0xCF, 0x22, 0xC2, 0x7C,
    0x83, 0x59, 0x24, 0x1F, 0xC6, 0xEA, 0xD1, 0xCC, 0x0D, 0x49, 0x3B, 0x1F, 0xD3, 0xEC, 0xD4, 0x31,
    0xDF, 0x15, 0x20, 0x6A, 0x73, 0x77, 0x4C, 0x97, 0x24, 0x6B, 0x95, 0x6A, 0xFF, 0xE1, 0x46, 0x36,
    0xC4, 0x75, 0x57, 0xF2, 0x99, 0xD9, 0x68, 0x3E, 0x3F, 0x6D, 0xF2, 0x09, 0x04, 0xB3, 0x85, 0xEF,
    0x2C, 0xAD, 0xCE, 0x60, 0xED, 0xB7, 0x24, 0x51, 0x92, 0x5E, 0x59, 0x2A, 0x9D, 0x81, 0x71, 0x71,
    0x70, 0xBB, 0x9D, 0x17, 0x17, 0x87, 0xD9, 0xA7, 0x00, 0x89, 0x94, 0xB0, 0x21, 0xD2, 0x25, 0x53,
    0x3F, 0x54, 0xC7, 0xEA, 0x00, 0xF2, 0x8B, 0xE9, 0x5A, 0xCB, 0x69, 0xAE, 0x23, 0xA4, 0xA3, 0x2D,
    0x71, 0x92, 0x03, 0xEE, 0x96, 0x89, 0xB8, 0x1F, 0x20, 0xEF, 0x72, 0xA4, 0xD4, 0xED, 0xB2, 0xF7,
    0xC8, 0x32, 0xE7, 0x66, 0x74, 0x0A, 0xAE, 0x2E, 0x45, 0xB1, 0x67, 0x70, 0x27, 0x1B, 0x98, 0x96,
    0x65, 0xA0, 0x61, 0x69, 0x67, 0x25, 0x4F, 0xD6, 0xFF, 0xE7, 0x8B, 0xDF, 0x8D, 0x85, 0x77, 0x11,
    0xB1, 0x4A, 0x65, 0xCD, 0xF5, 0x57, 0x6C, 0x1E, 0xBC, 0x23, 0x3A, 0x5A, 0x72, 0xCD, 0xF1, 0x4B,
    0x3B, 0x50, 0x3B, 0xF4, 0xA8, 0x51, 0x11, 0xF1, 0xED, 0x53, 0x57, 0x80, 0x16, 0x5D, 0x70, 0xA2,
    0x42, 0xD7, 0x78, 0x60, 0x59, 0x65, 0x08, 0x56, 0x21, 0x55, 0x25, 0x97, 0xD8, 0xC9, 0xAE, 0x8B,
    0xA8, 0x5A, 0x3F, 0x6F, 0x00, 0x63, 0xF6, 0x01, 0xD4, 0x90, 0x8B, 0x00, 0xB5, 0x4F, 0x2F, 0xA0,
    0xF6, 0x45, 0xDD, 0x84, 0xB0, 0x69, 0x9A, 0xD9, 0xD4, 0xAD, 0xD8, 0xC4, 0x3C, 0xFC, 0x16, 0x97,
    0xB4, 0x4E, 0xC8, 0xA6, 0xD1, 0xAC, 0xD8, 0x64, 0x17, 0x36, 0x59, 0x61, 0x13, 0x13, 0x36, 0x58,
    0x0F, 0xD9, 0x74, 0x7C, 0x01, 0x97, 0xB8, 0x90, 0x2D, 0x88, 0xB0, 0x2C, 0xA2, 0x44, 0xA5, 0x24,
    0xCB, 0xB8, 0x37, 0x71, 0xDD, 0xCD, 0x44, 0x18, 0x80, 0x52, 0x42, 0xE3, 0x70, 0xCF, 0x7E, 0x2F,
    0xBD, 0xA6, 0x9D, 0x7F, 0xB2, 0x07, 0x86, 0x1B, 0x34, 0x6C, 0x11, 0x90, 0x3B, 0x40, 0xF5, 0x90,
    0x21, 0x0E, 0xF6, 0x86, 0xF0, 0x46, 0xE7, 0x54, 0x20, 0xB0, 0xE1, 0x1B, 0x52, 0xA5, 0xCD, 0x90,
    0xF6, 0xC5, 0x9F, 0xAF, 0x56, 0xCF, 0xDF, 0xB1, 0x05, 0x6E, 0xBB, 0x07, 0xDB, 0x79, 0x8B, 0xA2,
    0xBD, 0xE0, 0xF1, 0x7C, 0xBE, 0x2F, 0x94, 0x9E, 0x76, 0x0C, 0x3E, 0x25, 0x90, 0xBA, 0xCA, 0x2A,
    0x99, 0x8C, 0xB3, 0x91, 0x1C, 0xBC, 0xFE, 0x84, 0x89, 0xD9, 0x4D, 0x30, 0xE9, 0xE3, 0x81, 0x22,
    0x6A, 0x56, 0x5A, 0x46, 0x5B, 0xFE, 0x35, 0x04, 0x70, 0xC6, 0x09, 0xDF, 0xF6, 0x76, 0x69, 0xE6,
    0xFD, 0x99, 0x09, 0xF7, 0xCD, 0x18, 0xF7, 0x1F, 0xF4, 0xD0, 0x8F, 0x3B, 0x60, 0x63, 0xB8, 0xD6,
    0x96, 0xF5, 0xBC, 0x34, 0x94, 0x34, 0xE5, 0x33, 0x4E, 0x68, 0x67, 0x10, 0x78, 0x30, 0x11, 0x70,
    0x95, 0x67, 0x30, 0xD2, 0xFB, 0xAB, 0x58, 0xA7, 0x35, 0xDC, 0xFB, 0x36, 0x88, 0x67, 0x85, 0x86,
    0x06, 0xB2, 0xD5, 0x6B, 0x7F, 0xE2, 0xFA, 0x57, 0xC0, 0xDD, 0x46, 0x11, 0xD7, 0x5B, 0xDE, 0xE3,
    0x92, 0xFF, 0xA7, 0xAD, 0x4A, 0x7F, 0xE6, 0xB8, 0xDD, 0xAD, 0xDC, 0xDD, 0x19, 0xC8, 0x55, 0x7E,
    0x5F, 0xE9, 0xD7, 0xA0, 0x0B, 0xFA, 0x4D, 0x6E, 0xC0, 0x2B, 0x7F, 0xE3, 0x0A, 0xCD, 0x4C, 0x56,
    0x8F, 0xF0, 0x48, 0x54, 0x8A, 0x1A, 0xB3, 0x65, 0xB5, 0xA6, 0x3A, 0x00, 0xD3, 0xF4, 0x1C, 0x68,
    0xB6, 0x41, 0xBB, 0x00, 0xA9, 0x30, 0xE3, 0x2E, 0x53, 0xCC, 0x0F, 0xBE, 0x3D, 0x2F, 0x1C, 0x49,
    0xF2, 0xD0, 0x78, 0xF7, 0x25, 0x9B, 0xD7, 0xC6, 0xB9, 0x51, 0x43, 0x16, 0x6D, 0xD8, 0xE1, 0x3E,
    0x3B, 0x7B, 0xAE, 0x8E, 0x64, 0xA1, 0xD1, 0x0C, 0x19, 0xB2, 0x6C, 0x98, 0x9D, 0x05, 0x09, 0x93,
    0xF1, 0xD1, 0x8A, 0x6B, 0xD0, 0xE5, 0x72, 0xE0, 0xFB, 0x99, 0x61, 0x8C, 0x2B, 0xC2, 0x51, 0x37,
    0xC9, 0x90, 0x4F, 0x86, 0xAB, 0x94, 0x4D, 0x48, 0x93, 0xA4, 0xC4, 0x55, 0x70, 0x4D, 0x76, 0x22,
    0x72, 0x63, 0x91, 0xB4, 0x99, 0x61, 0x23, 0x21, 0xAE, 0xF1, 0x14, 0x4B, 0xCE, 0xF8, 0x5C, 0x9D,
    0xFA, 0xAC, 0xE7, 0x67, 0x12, 0xC5, 0x1C, 0x8A, 0x29, 0x14, 0x33, 0xA8, 0xB3, 0xBC, 0x0B, 0xC7,
    0x64, 0x88, 0x00, 0xC3, 0xFA, 0x5C, 0xB5, 0xFB, 0xAC, 0xE7, 0x66, 0x96, 0x84, 0x24, 0x89, 0x39,
    0x12, 0x53, 0x24, 0x66, 0x48, 0x3B, 0x13, 0xA4, 0x67, 0x3D, 0x2F, 0x72, 0x01, 0xB6, 0x70, 0xF8,
    0x0E, 0xC6, 0x60, 0x7C, 0xEE, 0xF3, 0xA5, 0xB3, 0x5E, 0x89, 0x6E, 0x6D, 0x2F, 0xC3, 0x2C, 0x2B,
    0x08, 0xCE, 0xB9, 0x6D, 0x3C, 0x76, 0xFF, 0x06, 0xAC, 0xFA, 0xB2, 0x6C, 0xF4, 0xCD, 0xE7, 0xF5,
    0x4D, 0xD4, 0x53, 0x65, 0x3F, 0x97, 0x96, 0xF8, 0x09, 0x0C, 0x0F, 0x37, 0xC3, 0xE9, 0xE6, 0x55,
    0xF8, 0x3B, 0x56, 0xA0, 0x49, 0x03, 0xEB, 0x29, 0x72, 0x56, 0x2E, 0xC5, 0x09, 0xE1, 0xBB, 0xAC,
    0x53, 0xF4, 0x27, 0x35, 0xB2, 0xA2, 0xDC, 0x31, 0x3A, 0x43, 0xEF, 0x22, 0x71, 0x6F, 0x7C, 0xC8,
    0xC4, 0x42, 0x55, 0x4B, 0xD1, 0x75, 0x22, 0x95, 0xE9, 0xDF, 0xED, 0xB9, 0xF5, 0x9A, 0x47, 0xE7,
    0x9D, 0x4E, 0x64, 0x7D, 0x14, 0x95, 0x8D, 0x4A, 0xEC, 0xCB, 0xB2, 0x24, 0x5C, 0x2D, 0xCD, 0xAE,
    0x6D, 0xF9, 0xC7, 0x4A, 0xF5, 0x93, 0xB8, 0x09, 0x7F, 0xD8, 0x27, 0x1C, 0xCB, 0x75, 0xE6, 0x6B,
    0x46, 0x8E, 0x70, 0x2C, 0x8B, 0x64, 0xD4, 0x8F, 0x64, 0xC5, 0x61, 0x42, 0xB5, 0x7A, 0x16, 0xB8,
    0xC3, 0xEF, 0xE1, 0x91, 0xD7, 0x96, 0x42, 0x29, 0x91, 0xB4, 0x70, 0x5C, 0x95, 0x26, 0xF5, 0x52,
    0x45, 0xC9, 0x5E, 0xE7, 0x8B, 0x2A, 0x44, 0x5C, 0xB8, 0x41, 0x72, 0xDC, 0x00, 0xF6, 0xA9, 0x60,
    0x7D, 0x9F, 0xE4, 0x91, 0xC6, 0x03, 0x2E, 0x12, 0x03, 0x35, 0x45, 0xDC, 0xC8, 0xA8, 0x89, 0xB5,
    0x34, 0x6E, 0x10, 0xF4, 0x4E, 0x79, 0xAB, 0x03, 0x5B, 0x42, 0x00, 0xE6, 0x7A, 0x67, 0x3B, 0xFD,
    0xDA, 0x33, 0xC7, 0xE5, 0xF1, 0x0E, 0x5C, 0xE6, 0xF8, 0xE2, 0x56, 0x1B, 0x5F, 0x18, 0x6D, 0xF3,
    0x61, 0x5E, 0x2A, 0x16, 0xD1, 0xC9, 0xF2, 0xB1, 0xEF, 0x95, 0x5C, 0x74, 0xC0, 0x37, 0xB9, 0xDF,
    0xC9, 0x48, 0xF9, 0xBB, 0x02, 0xD3, 0x36, 0xB0, 0x3B, 0xC0, 0xFA, 0xAA, 0xFC, 0xC2, 0x14, 0x88,
    0x50, 0x65, 0x93, 0x40, 0xE5, 0x26, 0xC7, 0xBA, 0xD9, 0x9D, 0xA2, 0x6C, 0x1E, 0x4F, 0xE9, 0x6B,
    0x4F, 0x57, 0x1B, 0x49, 0x57, 0x79, 0xA2, 0x64, 0x8C, 0xD2, 0xEC, 0x40, 0x18, 0xDE, 0xE3, 0x96,
    0xE1, 0x54, 0x76, 0xA4, 0xCA, 0x46, 0x2F, 0x2A, 0xE2, 0x9E, 0xFC, 0xA8, 0xF4, 0xFF, 0x6F, 0x20,
    0xF0, 0x2B, 0xF6, 0xFC, 0xFF, 0x21, 0x3C, 0x19, 0x4A, 0x2F, 0xC5, 0x66, 0x4C, 0x84, 0xAC, 0xF1,
    0xED, 0x50, 0xE4, 0x2C, 0xF0, 0xB8, 0x64, 0x07, 0xF3, 0x0A, 0xA9, 0xE7, 0x73, 0x81, 0x70, 0x43,
    0xD2, 0x62, 0xBC, 0x00, 0xFD, 0x55, 0x7F, 0x67, 0x25, 0xF9, 0x7C, 0xE1, 0xDB, 0x17, 0x20, 0x9B,
    0xF8, 0xBB, 0xC9, 0xF4, 0x7E, 0x1B, 0x3E, 0xCE, 0x98, 0x87, 0xBF, 0x1F, 0x6E, 0xFB, 0xCE, 0x97,
    0x43, 0xFC, 0x72, 0xFD, 0x88, 0x9B, 0x29, 0xA0, 0x4C, 0x36, 0x80, 0x83, 0x0A, 0xD9, 0x6B, 0xB6,
    0xC1, 0xCE, 0x1E, 0x33, 0x65, 0x44, 0x11, 0xB9, 0xF9, 0x98, 0x36, 0x0E, 0x7B, 0xEE, 0x58, 0xCE,
    0xF3, 0x3E, 0x4A, 0x05, 0xF1, 0xD9, 0x42, 0x89, 0x2D, 0x45, 0x22, 0x12, 0x31, 0x87, 0xA7, 0xEB,
    0x5D, 0x6C, 0xB2, 0xE3, 0x73, 0xF4, 0xB2, 0xC8, 0x3B, 0x4A, 0x22, 0x95, 0x1A, 0x6E, 0x12, 0x31,
    0xFC, 0x1F, 0xD5, 0x5C, 0x3D, 0x8C, 0xE5, 0xD6, 0x75, 0xBE, 0x24, 0xB5, 0x43, 0x67, 0x09, 0x98,
    0x5B, 0xAC, 0x04, 0x45, 0x93, 0x2C, 0x5D, 0xB8, 0x10, 0x64, 0x49, 0x6C, 0x55, 0x44, 0x22, 0x23,
    0x03, 0x49, 0xE1, 0x42, 0x5B, 0x44, 0x08, 0x10, 0x17, 0x4E, 0xE1, 0x4A, 0x0E, 0x30, 0x29, 0x54,
    0xA8, 0x58, 0x2D, 0xE9, 0x2A, 0x85, 0x0B, 0x4D, 0xE1, 0xD4, 0xDE, 0xC2, 0x02, 0xE4, 0x11, 0x82,
    0x69, 0x54, 0xA8, 0xD8, 0x1D, 0x32, 0x48, 0xE1, 0xD2, 0x4C, 0x8C, 0x20, 0x4D, 0x12, 0xD1, 0xC0,
    0x3A, 0x41, 0x56, 0xC5, 0x32, 0xC0, 0x43, 0xCC, 0x5D, 0x91, 0xF7, 0xE6, 0xFB, 0xCE, 0x21, 0xDF,
    0x7B, 0x33, 0xF3, 0x66, 0xBC, 0xA3, 0x9D, 0x95, 0x66, 0x67, 0x87, 0xE7, 0xEE, 0x3C, 0xFE, 0xDD,
    0xFB, 0xDD, 0x73, 0xCF, 0xFF, 0x7D, 0xC6, 0x54, 0xCE, 0x19, 0xE3, 0x40, 0x3C, 0xE7, 0xAC, 0x31,
    0x7B, 0x7B, 0x1F, 0x99, 0xCD, 0x3F, 0xAF, 0x91, 0x8C, 0x38, 0x02, 0x5C, 0x66, 0x22, 0xDC, 0x65,
    0x12, 0x92, 0xAC, 0x02, 0x29, 0xB2, 0x1C, 0x27, 0xD3, 0xDC, 0x78, 0x43, 0x5A, 0x9A, 0x60, 0x91,
    0xD4, 0x26, 0xEC, 0xE2, 0xDA, 0xC4, 0x0D, 0x48, 0x52, 0xC7, 0x8D, 0xC9, 0xF2, 0xA8, 0x35, 0x07,
    0x66, 0xA7, 0x35, 0xB6, 0x72, 0x5D, 0x88, 0x37, 0x76, 0x91, 0xB3, 0xDF, 0x5D, 0x44, 0x0F, 0x8C,
    0xBF, 0xC0, 0x79, 0xBF, 0xC7, 0x3D, 0xDE, 0xC0, 0xE7, 0x0C, 0x05, 0xDF, 0x74, 0x00, 0x52, 0xF1,
    0x7D, 0xC5, 0xC0, 0xB7, 0xBC, 0x0B, 0xF2, 0x4D, 0xDC, 0xD6, 0xE1, 0xD5, 0x20, 0xB1, 0x73, 0xED,
    0xE6, 0x7E, 0x46, 0xAE, 0xC4, 0x8D, 0x6E, 0x30, 0x81, 0x03, 0x89, 0xDC, 0xFD, 0xC1, 0x24, 0x0B,
    0x6F, 0x30, 0x59, 0x03, 0x52, 0xE4, 0x20, 0x15, 0xDE, 0x83, 0xAE, 0x80, 0xE0, 0xF1, 0x42, 0x46,
    0x25, 0x18, 0x98, 0x35, 0x18, 0x53, 0x65, 0xAA, 0x1C, 0x6D, 0x51, 0xE3, 0x59, 0x99, 0x75, 0xAE,
    0x4E, 0xD0, 0xDD, 0x26, 0x74, 0x36, 0x69, 0x30, 0x80, 0x08, 0xCF, 0xBF, 0x6A, 0x9E, 0xC1, 0xAB,
    0x7A, 0x93, 0x19, 0x3E, 0x81, 0xD4, 0x79, 0x84, 0xA5, 0x70, 0xA3, 0xE0, 0xB2, 0x00, 0xF5, 0x6D,
    0x7E, 0x0A, 0x92, 0x02, 0xA5, 0x62, 0xA9, 0x60, 0x2A, 0x9A, 0x0A, 0xA7, 0xE2, 0x29, 0x80, 0x2A,
    0xA2, 0x0A, 0xA9, 0x62, 0xAA, 0xA0, 0x2A, 0xAA, 0x0A, 0xAB, 0xE2, 0x2A, 0xC0, 0x1A, 0x41, 0xD6,
    0x08, 0xB4, 0x46, 0xB0, 0x35, 0x02, 0xAE, 0x11, 0x74, 0x8D, 0xC0, 0x6B, 0x04, 0x5F, 0x23, 0x00,
    0x4B, 0x37, 0x0A, 0x23, 0x10, 0x1B, 0xC1, 0x78, 0xEA, 0x64, 0x8E, 0x31, 0x06, 0xAD, 0xB9, 0x83,
    0x77, 0xE2, 0x6C, 0x30, 0x84, 0x83, 0xF1, 0x9D, 0xEB, 0x09, 0x2D, 0x5E, 0x15, 0xD9, 0xAF, 0x09,
    0x78, 0x13, 0xE9, 0xCB, 0x0A, 0xC5, 0xD6, 0xD5, 0xA4, 0x9E, 0x36, 0xBE, 0xB2, 0x44, 0xF0, 0x79,
    0xC7, 0x26, 0xFC, 0x25, 0x27, 0xC1, 0xC4, 0xFF, 0xD4, 0x0B, 0xB8, 0x6F, 0x72, 0x88, 0x26, 0xF5,
    0x04, 0xF6, 0x37, 0x8C, 0xF4, 0xFF, 0x8E, 0x11, 0xB0, 0x07, 0x79, 0x9A, 0x87, 0xD9, 0xAC, 0x09,
    0xB4, 0x49, 0xD9, 0x74, 0x06, 0xEF, 0x24, 0xAF, 0x01, 0x4D, 0x72, 0x1B, 0x9B, 0xE4, 0xDE, 0xDE,
    0xC7, 0x3D, 0x31, 0x07, 0x1E, 0xC4, 0xCB, 0xF8, 0x23, 0xB1, 0x37, 0x9C, 0x7A, 0x3E, 0xD7, 0x71,
    0x68, 0x18, 0x45, 0x1E, 0x8E, 0xEC, 0xD4, 0xDD, 0x0C, 0x37, 0xA5, 0x6E, 0xE4, 0xB4, 0x64, 0xC2,
    0x18, 0xC6, 0xDC, 0x94, 0x7E, 0xFB, 0x0B, 0x45, 0x4C, 0x59, 0x98, 0xF3, 0xC8, 0xA6, 0xD3, 0xC6,
    0x49, 0x1B, 0x68, 0x63, 0xAA, 0xD2, 0xA4, 0x0F, 0x38, 0x36, 0xA0, 0x8B, 0x6E, 0x60, 0x21, 0x35,
    0x49, 0x8B, 0x0E, 0xE3, 0xEA, 0xCC, 0x44, 0x9D, 0x79, 0x81, 0x13, 0x64, 0x56, 0xE4, 0x05, 0xDC,
    0xB7, 0xC5, 0xDE, 0xA6, 0x0F, 0xBF, 0xDF, 0xE1, 0x3A, 0x7C, 0x66, 0x79, 0x62, 0x34, 0xF2, 0x3F,
    0xDC, 0x56, 0x95, 0xC5, 0x08, 0x46, 0xB5, 0x6E, 0x91, 0xB8, 0xCE, 0x75, 0x5B, 0x36, 0x17, 0x66,
    0xBB, 0x33, 0xF7, 0x2B, 0x58, 0x3D, 0x4F, 0x96, 0xBB, 0x30, 0x73, 0xC5, 0xBF, 0x2F, 0x2D, 0x19,
    0x3A, 0x14, 0x30, 0x89, 0x9A, 0x03, 0x89, 0x84, 0xE9, 0x39, 0x8A, 0x6F, 0x1C, 0x66, 0x89, 0x50,
    0xD7, 0x44, 0xCD, 0xEE, 0x93, 0x29, 0xF7, 0x7B, 0x93, 0xF6, 0x3E, 0xF0, 0x6E, 0xB0, 0x76, 0x70,
    0xE7, 0x95, 0x80, 0x77, 0x86, 0xFD, 0x3C, 0xFA, 0x94, 0xCF, 0xE0, 0x2C, 0xE8, 0xFC, 0xCA, 0xEC,
    0xC8, 0xAA, 0xB0, 0xCB, 0x15, 0xB3, 0x22, 0xF2, 0x19, 0x2E, 0x09, 0xDB, 0x0C, 0x18, 0x75, 0x59,
    0xEB, 0xB9, 0x36, 0xC6, 0x1A, 0x28, 0xB1, 0x04, 0x46, 0xCA, 0x34, 0xA0, 0xBB, 0xAD, 0xA8, 0xFF,
    0x85, 0xAE, 0xB4, 0x18, 0x7F, 0x65, 0xBD, 0x0C, 0xC6, 0x03, 0x9C, 0x7C, 0x79, 0x88, 0xC1, 0x05,
    0xE5, 0x11, 0x46, 0xC6, 0xC2, 0x2D, 0xDC, 0x02, 0x02, 0x71, 0x0C, 0xEC, 0xD6, 0x18, 0x2F, 0xCC,
    0x8B, 0x80, 0x5C, 0xFA, 0x45, 0xA4, 0xAA, 0xE9, 0xDD, 0xE3, 0x74, 0xD8, 0xA9, 0x93, 0x60, 0xDD,
    0xAB, 0xE8, 0xC4, 0x98, 0xBA, 0xFD, 0x11, 0x7C, 0x33, 0x78, 0x9C, 0xAD, 0xED, 0x07, 0xE4, 0xCF,
    0x7C, 0x46, 0x34, 0x96, 0x85, 0xC6, 0xAB, 0x1D, 0x1E, 0xE7, 0x0F, 0x71, 0x0B, 0xB8, 0x09, 0x78,
    0x6E, 0xF2, 0x0B, 0x08, 0xDC, 0x7B, 0x9C, 0x60, 0xB2, 0x40, 0x2D, 0x6C, 0x99, 0xFE, 0x1B, 0xD6,
    0xF0, 0x8F, 0x2D, 0x1E, 0x50, 0x98, 0x4F, 0x45, 0x02, 0x1E, 0x05, 0xAD, 0xC3, 0xA0, 0x87, 0x60,
    0xDC, 0x1A, 0xD0, 0xAB, 0x1F, 0x92, 0x23, 0xCE, 0x08, 0x5A, 0xBF, 0x02, 0x2D, 0x58, 0xE2, 0xB5,
    0x22, 0x41, 0x77, 0x82, 0x72, 0xBA, 0x20, 0x78, 0x0D, 0xC4, 0x6A, 0x75, 0x88, 0x34, 0x30, 0x4F,
    0x96, 0xB9, 0xC2, 0x1C, 0x53, 0x11, 0xD7, 0x18, 0x6B, 0xD8, 0x41, 0x1C, 0x04, 0x23, 0xA5, 0x97,
    0xC3, 0xE5, 0x26, 0xE3, 0xFD, 0x31, 0x87, 0x1C, 0xB4, 0x9B, 0xC0, 0x6A, 0x36, 0x80, 0xB5, 0x20,
    0x58, 0xE6, 0x71, 0xC1, 0xCA, 0x1F, 0x01, 0x2C, 0xAF, 0x31, 0x37, 0x7C, 0xA8, 0x16, 0x6F, 0x80,
    0xC4, 0x3D, 0x80, 0x24, 0xCC, 0x7E, 0x06, 0x4B, 0x01, 0x6F, 0x67, 0xEF, 0x7C, 0x02, 0x77, 0x7D,
    0x1D, 0xB4, 0x12, 0x1D, 0x06, 0x73, 0xFC, 0xE5, 0x18, 0xF4, 0xE6, 0x06, 0x56, 0x0D, 0xF5, 0x99,
    0xC1, 0x1B, 0x44, 0xF7, 0x9E, 0x08, 0x5A, 0x69, 0x5E, 0xDC, 0xC8, 0x5C, 0x7F, 0x6B, 0xA0, 0x4B,
    0x06, 0xDE, 0x5F, 0xF1, 0xC2, 0xEC, 0xD7, 0xC3, 0x24, 0x77, 0x03, 0xD1, 0x24, 0x44, 0xCF, 0xFC,
    0xE1, 0x3A, 0x64, 0x6F, 0xF0, 0x13, 0x47, 0xB6, 0xE4, 0x23, 0x8C, 0xE5, 0x50, 0x46, 0x2A, 0xBC,
    0x91, 0xC2, 0x64, 0x24, 0xCC, 0x23, 0x14, 0x3E, 0xDF, 0x5E, 0x94, 0x23, 0x21, 0x1B, 0x09, 0xDE,
    0x48, 0x7D, 0x32, 0x72, 0x3C, 0x1C, 0xF1, 0x20, 0xFD, 0x3B, 0x4E, 0xE4, 0x6C, 0x40, 0x12, 0xF1,
    0xE2, 0xB4, 0x03, 0x0A, 0x55, 0xE3, 0x1E, 0x02, 0x34, 0x47, 0xA3, 0xAC, 0x70, 0x10, 0xC1, 0x7E,
    0xA5, 0xE6, 0x44, 0x54, 0xC6, 0xA2, 0xCF, 0x6A, 0xDA, 0x00, 0xC7, 0x9B, 0x52, 0x9A, 0xC4, 0xAC,
    0x37, 0x7F, 0xAC, 0xCD, 0x1F, 0x69, 0xF3, 0x0C, 0xE1, 0x4C, 0x64, 0x98, 0xEE, 0x3E, 0x35, 0x1D,
    0xDE, 0x41, 0xA3, 0xC2, 0xED, 0xB3, 0x49, 0x3A, 0xD1, 0xA9, 0x98, 0x6D, 0x4E, 0x78, 0xA1, 0x38,
    0x57, 0xDA, 0x58, 0x6D, 0xC6, 0x4D, 0x8D, 0x3D, 0x74, 0x65, 0x81, 0xDB, 0xB9, 0xF8, 0x21, 0x0E,
    0x1A, 0x1A, 0x36, 0xFB, 0x9C, 0x75, 0xB5, 0x4C, 0x68, 0x67, 0xFE, 0x37, 0xB9, 0x6A, 0xDB, 0x06,
    0xE4, 0x2B, 0x19, 0x95, 0xEA, 0x98, 0x80, 0xA6, 0xA8, 0x09, 0xBE, 0xE0, 0xC5, 0xC1, 0x82, 0x66,
    0x5F, 0xB0, 0x08, 0x81, 0x05, 0x18, 0xA4, 0x6A, 0x49, 0x93, 0x9E, 0x14, 0x92, 0x1C, 0x14, 0x8C,
    0x4A, 0x9A, 0xD5, 0xA4, 0x71, 0xF3, 0x1D, 0xFB, 0x11, 0xB4, 0x21, 0xED, 0xD8, 0x50, 0x68, 0xB0,
    0xA8, 0x30, 0x47, 0xC1, 0x82, 0x67, 0xD7, 0x69, 0xD4, 0xC9, 0xF5, 0x42, 0xD3, 0x86, 0xB4, 0xAA,
    0xC1, 0x52, 0x3E, 0x9E, 0xE6, 0xEE, 0x01, 0x6B, 0xA2, 0xC1, 0x3F, 0x65, 0x9A, 0xB7, 0x64, 0xC6,
    0x89, 0xB9, 0xD1, 0x71, 0xE9, 0x18, 0x95, 0x8F, 0xAD, 0x1A, 0x3B, 0x6B, 0x27, 0x96, 0x44, 0xF0,
    0x25, 0xBA, 0x82, 0xAD, 0x20, 0x9B, 0x12, 0x57, 0x41, 0x55, 0x30, 0x15, 0x9C, 0x04, 0xB3, 0xF1,
    0x30, 0xB1, 0xCB, 0xB3, 0x82, 0xA1, 0x20, 0x28, 0xF8, 0x09, 0x7A, 0xC0, 0x0E, 0xC6, 0x8D, 0x20,
    0x77, 0x79, 0x6F, 0xAF, 0x04, 0xB2, 0x98, 0xAC, 0x74, 0x22, 0x1B, 0xAD, 0x4D, 0xEF, 0x52, 0xE5,
    0x76, 0x69, 0xBE, 0x58, 0x12, 0x17, 0x83, 0xAB, 0x6C, 0x7C, 0x17, 0x1A, 0x51, 0x8C, 0x8E, 0x93,
    0x49, 0xFD, 0xDC, 0x7E, 0x43, 0xE3, 0xAB, 0xCB, 0x40, 0xDA, 0xCC, 0xD9, 0x0F, 0x37, 0x8C, 0xF3,
    0x18, 0x11, 0x2E, 0x8C, 0xFF, 0x6F, 0xEF, 0xE3, 0x9A, 0x6F, 0x93, 0x3E, 0xB7, 0xC4, 0xB2, 0x0C,
    0xC8, 0xC2, 0x33, 0xE9, 0x4E, 0x35, 0xDC, 0x7B, 0x5E, 0x32, 0x52, 0x2C, 0x39, 0xD8, 0x8F, 0xE0,
    0x28, 0xA0, 0x56, 0x40, 0x36, 0x86, 0xD4, 0x3A, 0x3B, 0xB0, 0x1F, 0x43, 0xF0, 0xC7, 0x58, 0xD8,
    0x49, 0x96, 0x38, 0x59, 0xEC, 0xCD, 0x52, 0xF2, 0x80, 0x5D, 0x20, 0x74, 0xB0, 0x88, 0x52, 0xF7,
    0xB1, 0x6B, 0x69, 0xBF, 0x95, 0x9E, 0x48, 0x9E, 0x6D, 0x37, 0xAB, 0xF9, 0xC8, 0x44, 0x00, 0x2C,
    0xA7, 0x67, 0xD2, 0xA4, 0xD4, 0x6C, 0xB4, 0x05, 0xE4, 0x39, 0x3B, 0xB7, 0x2E, 0x28, 0x7E, 0xDA,
    0x99, 0x2B, 0xB0, 0xC9, 0xBD, 0x85, 0xB9, 0x49, 0x7B, 0x1E, 0x66, 0xB4, 0xF5, 0x85, 0x11, 0x69,
    0x8A, 0x72, 0xFD, 0x84, 0x1B, 0xFC, 0x8D, 0xAF, 0x04, 0x53, 0xE9, 0x75, 0xD6, 0x1D, 0x22, 0xF2,
    0xD9, 0xA3, 0xB3, 0xE3, 0xD5, 0xAF, 0x18, 0xCE, 0x33, 0x19, 0x17, 0x13, 0x88, 0x8B, 0x75, 0x10,
    0xBB, 0x23, 0x20, 0x42, 0x5A, 0xDD, 0x21, 0x88, 0xC3, 0x0A, 0xC4, 0xF1, 0x30, 0x88, 0xE6, 0x34,
    0x10, 0x0B, 0xA2, 0x31, 0xD1, 0xEF, 0x08, 0xA5, 0x60, 0xCD, 0x84, 0xA6, 0x6B, 0xF4, 0xDA, 0xA4,
    0x65, 0x4F, 0xA4, 0x2A, 0x63, 0x97, 0xB4, 0x39, 0xF5, 0xFA, 0x80, 0xFA, 0xCB, 0x84, 0x35, 0x69,
    0x24, 0x34, 0xAE, 0x55, 0xA0, 0x6F, 0xB1, 0x0F, 0x25, 0xC1, 0x76, 0xB9, 0xF6, 0x6A, 0xE9, 0xAE,
    0x64, 0x66, 0xB2, 0x74, 0x66, 0xFB, 0xC6, 0xB3, 0xD3, 0x9B, 0xC5, 0x4C, 0x12, 0xBA, 0xDD, 0x53,
    0xBE, 0xE7, 0x46, 0x41, 0xEF, 0xE3, 0x36, 0xA4, 0x2B, 0x6B, 0x71, 0x6B, 0x75, 0x13, 0xC7, 0x01,
    0xAF, 0xD3, 0x1F, 0x3B, 0xEB, 0x6B, 0x3B, 0xE9, 0x71, 0x9A, 0x18, 0xD4, 0x1D, 0x70, 0x7A, 0x5E,
    0x00, 0x48, 0xD6, 0x27, 0x83, 0x6F, 0x13, 0xD0, 0x78, 0xD2, 0xF6, 0x77, 0x66, 0x0D, 0x8F, 0x2B,
    0x89, 0xF6, 0xB6, 0x5A, 0x59, 0x2F, 0x1A, 0x48, 0xC5, 0x9B, 0x74, 0x43, 0x20, 0x63, 0x73, 0x13,
    0xFF, 0xAF, 0xA5, 0x46, 0xA1, 0x11, 0x23, 0x6E, 0xA1, 0xD8, 0x2F, 0x97, 0x2F, 0xE0, 0xD2, 0xF6,
    0x4B, 0x58, 0x5D, 0x61, 0x0B, 0xEE, 0x0B, 0x18, 0x07, 0xF1, 0x86, 0x84, 0xDC, 0x46, 0x17, 0x7D,
    0xCD, 0x80, 0xEB, 0xCE, 0x2C, 0x2E, 0x83, 0xF3, 0x11, 0x97, 0xD7, 0x57, 0xF3, 0x1C, 0x38, 0x75,
    0x4F, 0x65, 0xB5, 0xFF, 0x84, 0x3D, 0xAA, 0xC4, 0x4E, 0x1B, 0x60, 0x80, 0x52, 0x36, 0x1D, 0xFD,
    0x49, 0xAD, 0xF8, 0x87, 0xE4, 0x44, 0x09, 0xD9, 0xC0, 0xC8, 0xA4, 0x23, 0x54, 0x88, 0xB7, 0x2B,
    0xDA, 0xCA, 0xD7, 0x18, 0x88, 0x38, 0xE8, 0x51, 0xB7, 0x72, 0x85, 0x53, 0x11, 0x1E, 0x59, 0x39,
    0xB1, 0xDB, 0x0B, 0xAE, 0x2D, 0xE4, 0x41, 0x07, 0x1C, 0x6B, 0x43, 0x25, 0xCD, 0xE0, 0x81, 0x67,
    0x25, 0x84, 0xE0, 0x2B, 0xED, 0x39, 0x20, 0xE8, 0x73, 0x2B, 0x8F, 0xAA, 0xC4, 0x6A, 0x2D, 0x6A,
    0x46, 0x06, 0x32, 0x4B, 0xA6, 0x8C, 0x45, 0x50, 0x06, 0x1A, 0x36, 0xDA, 0x79, 0xB0, 0xD6, 0xCF,
    0x2B, 0xE6, 0x79, 0x89, 0xE5, 0xBC, 0xCF, 0x45, 0x21, 0xF1, 0x01, 0xB9, 0x54, 0x85, 0xEA, 0x46,
    0xA9, 0x7A, 0x64, 0x8C, 0xFE, 0x45, 0x1F, 0xE3, 0x55, 0x73, 0xC9, 0x98, 0xDB, 0x64, 0x41, 0x4B,
    0x66, 0xAC, 0xF2, 0x4A, 0x24, 0x0E, 0x2D, 0x33, 0x09, 0x54, 0xEC, 0x1E, 0x1B, 0xD7, 0xB6, 0xBD,
    0x4C, 0x18, 0xEE, 0x8B, 0x3D, 0x94, 0xD3, 0x82, 0x31, 0xB4, 0x60, 0xC4, 0x2E, 0xE4, 0x12, 0xCD,
    0x28, 0xCF, 0x26, 0x62, 0x39, 0x0C, 0x21, 0x34, 0xA5, 0xEB, 0x99, 0x54, 0x75, 0x05, 0x56, 0xAA,
    0x8B, 0x26, 0x82, 0xE1, 0x63, 0xAB, 0xCF, 0x1A, 0xF4, 0xEE, 0x83, 0x06, 0x7A, 0x16, 0xE3, 0xDF,
    0xB9, 0xBB, 0x69, 0x65, 0x09, 0x24, 0x30, 0x7B, 0x18, 0x54, 0x08, 0x2C, 0x5E, 0x19, 0x3A, 0x8D,
    0x26, 0x61, 0x38, 0x95, 0x5D, 0x89, 0x1D, 0x65, 0xC4, 0x75, 0x6A, 0x06, 0xF3, 0xFB, 0x26, 0xE9,
    0x42, 0x33, 0xE2, 0x30, 0x8F, 0x64, 0x45, 0xBC, 0x93, 0x86, 0xB4, 0x3D, 0xFE, 0x01, 0xA7, 0xA6,
    0x12, 0x7B, 0xDA, 0xE8, 0xD4, 0xC0, 0xC9, 0x62, 0x2F, 0x0B, 0x1A, 0xEC, 0x05, 0xDF, 0x99, 0x31,
    0x2C, 0x95, 0xA9, 0x0E, 0x19, 0xE7, 0x49, 0x22, 0x29, 0x38, 0x49, 0xAE, 0xAC, 0x72, 0xDF, 0x95,
    0xF3, 0xD4, 0xDC, 0xA7, 0x48, 0x4A, 0x60, 0xAC, 0x8E, 0x60, 0x8E, 0x9D, 0x76, 0x25, 0xB3, 0xD2,
    0x25, 0xC9, 0x66, 0xB7, 0xC8, 0x87, 0x69, 0x6D, 0xAB, 0x91, 0x2F, 0x17, 0xC9, 0x03, 0x98, 0xAA,
    0x07, 0xC7, 0x57, 0x42, 0x7B, 0x61, 0x57, 0xBB, 0x2C, 0xF3, 0xC9, 0x7F, 0x9D, 0xA2, 0x88, 0x59,
    0xBE, 0xD2, 0x6B, 0x37, 0xD7, 0xB4, 0x9B, 0xA8, 0xBB, 0x28, 0x9F, 0xCF, 0xDD, 0x99, 0xCF, 0xF8,
    0x22, 0x92, 0x17, 0xF3, 0x60, 0xC4, 0x5B, 0xF6, 0xE4, 0x81, 0x07, 0xC7, 0xA7, 0x6B, 0xCB, 0xFE,
    0x59, 0x2E, 0xBE, 0x00, 0x85, 0x7D, 0x1D, 0xBA, 0xCF, 0xE1, 0x10, 0xF4, 0xE8, 0x2B, 0x9C, 0xFE,
    0x94, 0x0E, 0x41, 0x52, 0x63, 0xE4, 0x20, 0x39, 0x4D, 0x7E, 0x21, 0x0C, 0xA5, 0xF1, 0x7F, 0x24,
    0x69, 0x4B, 0x37, 0xA0, 0xC5, 0x75, 0xD0, 0x34, 0x5D, 0xE0, 0xBA, 0xC4, 0x55, 0x5F, 0x74, 0x00,
    0xF8, 0x97, 0xF4, 0x05, 0xC2, 0x0E, 0x28, 0xAF, 0xC2, 0x7F, 0xD1, 0x92, 0xAC, 0xDC, 0xF6, 0xAA,
    0xF6, 0xB1, 0x92, 0xE0, 0xDC, 0x40, 0xF0, 0xFB, 0xB4, 0xBF, 0xCD, 0x0E, 0x26, 0xEA, 0xA5, 0xBD,
    0x9F, 0x9B, 0xAD, 0xBD, 0x3D, 0x08, 0x81, 0x81, 0x50, 0xE5, 0x19, 0x70, 0x8A, 0xE8, 0xEC, 0x8C,
    0x66, 0xE9, 0xD5, 0xAD, 0xB7, 0x93, 0xB2, 0xAE, 0xE7, 0xF6, 0x6D, 0xFB, 0xF6, 0xDB, 0x6F, 0xEF,
    0xFC, 0x6B, 0x7E, 0xD2, 0xF5, 0x7A, 0xC3, 0x86, 0xF6, 0xA4, 0xEB, 0xCF, 0xD8, 0x6E, 0x51, 0x64,
    0x15, 0xFF, 0x03, 0x11, 0xCD, 0x40, 0x33, 0x4D, 0x14, 0x1D, 0x87, 0x27, 0xB1, 0x89, 0x54, 0xE6,
    0xA2, 0x10, 0xAA, 0x9F, 0x48, 0xC4, 0x7B, 0xA2, 0x99, 0x74, 0x44, 0xE9, 0xFA, 0xE7, 0xA0, 0x7F,
    0x45, 0x86, 0x0D, 0x69, 0x33, 0x14, 0x29, 0x15, 0x65, 0x51, 0xD1, 0xAB, 0x2A, 0x1E, 0x30, 0x58,
    0x58, 0x34, 0xAA, 0x59, 0xC9, 0xAE, 0x4B, 0x9A, 0x9C, 0x9D, 0x56, 0xBB, 0x26, 0xBD, 0x9B, 0xB8,
    0x01, 0x93, 0x81, 0xDE, 0x63, 0x5E, 0xBC, 0xEE, 0x9B, 0x26, 0x1C, 0x12, 0x8C, 0x23, 0xC5, 0x18,
    0xAC, 0x89, 0xBF, 0x07, 0x6D, 0x3E, 0x05, 0x88, 0xD7, 0x7F, 0x0A, 0x67, 0x6F, 0x01, 0xC4, 0x81,
    0xC7, 0x4B, 0xB4, 0x46, 0x19, 0x7E, 0xE5, 0x91, 0x3D, 0xFE, 0xF1, 0x1D, 0xB7, 0xC7, 0x50, 0x03,
    0x3D, 0xE7, 0x0E, 0x8A, 0xA1, 0x49, 0xCA, 0x6B, 0x59, 0x97, 0x55, 0x7D, 0x66, 0xED, 0x41, 0x9F,
    0x0D, 0xEF, 0x86, 0x87, 0xBB, 0xF3, 0x09, 0xE3, 0xDF, 0xD1, 0x40, 0xB3, 0x19, 0xD4, 0x3B, 0xE1,
    0x97, 0x6B, 0x45, 0xA2, 0xFB, 0xC6, 0x5D, 0x31, 0x00, 0xB5, 0x1A, 0xC8, 0xC9, 0x6A, 0xE6, 0x4A,
    0xDA, 0xE9, 0x9D, 0xBD, 0x5F, 0x1C, 0x1B, 0x25, 0x0C, 0xAB, 0x8F, 0x68, 0x57, 0xF1, 0xB8, 0xBC,
    0x4F, 0xC3, 0x86, 0x51, 0xF8, 0x46, 0x65, 0xC5, 0x63, 0x1E, 0x97, 0xDD, 0xBD, 0x5B, 0x78, 0xEE,
    0xC0, 0x03, 0xEF, 0x59, 0xA0, 0x1F, 0xB9, 0xD3, 0xE3, 0xB8, 0xA3, 0xD2, 0x6A, 0x6C, 0x38, 0x66,
    0x9C, 0x00, 0xC7, 0xF6, 0x42, 0x97, 0xFC, 0xA9, 0x47, 0xAF, 0xB2, 0x81, 0x56, 0x91, 0x2F, 0x8A,
    0x95, 0x46, 0x38, 0x8E, 0x4A, 0x03, 0xFC, 0xCF, 0xC0, 0xFE, 0x84, 0x81, 0x9A, 0x17, 0xF8, 0x47,
    0x1C, 0xA8, 0x7D, 0x37, 0x29, 0xDF, 0xAF, 0x12, 0x03, 0xBE, 0xEF, 0x92, 0xF1, 0xF2, 0x14, 0x2F,
    0xC8, 0xF2, 0xB8, 0xC9, 0x9A, 0x82, 0x49, 0x17, 0x46, 0xEB, 0xD0, 0xEF, 0xBB, 0xE7, 0x8C, 0x49,
    0xBE, 0x86, 0xC9, 0x2E, 0xA5, 0x4F, 0xE1, 0xFA, 0x17, 0x5C, 0x3E, 0xB1, 0xC9, 0x97, 0xFD, 0xDD,
    0x72, 0x18, 0xD2, 0x40, 0x19, 0x70, 0x93, 0x19, 0x0C, 0xB8, 0x29, 0x18, 0x68, 0xCC, 0x1C, 0x21,
    0x25, 0x26, 0xA3, 0x80, 0x23, 0x75, 0xAA, 0xFE, 0x1E, 0xD7, 0xAB, 0x5B, 0x15, 0x65, 0x05, 0x7E,
    0x29, 0x2B, 0x8A, 0x47, 0xFA, 0xF5, 0xDC, 0x4F, 0x33, 0x37, 0x32, 0xD9, 0x17, 0xDD, 0xE5, 0xFA,
    0x19, 0x85, 0xE5, 0x47, 0x51, 0x74, 0x50, 0x8E, 0x70, 0x7F, 0x8E, 0x44, 0x82, 0x37, 0x19, 0x28,
    0x5F, 0xE5, 0x82, 0xC6, 0xD4, 0x61, 0xE6, 0x30, 0x71, 0x98, 0x37, 0x4C, 0x5B, 0x70, 0xD2, 0x6F,
    0xCF, 0xC9, 0xC2, 0x5C, 0xF9, 0xA3, 0xCC, 0x14, 0xD1, 0xDB, 0xC5, 0xFD, 0xB7, 0x18, 0x82, 0x9C,
    0xFB, 0xBA, 0xEA, 0xF3, 0xBD, 0x5B, 0x2F, 0xED, 0x3F, 0xBC, 0x25, 0x7D, 0xA6, 0x02, 0x9A, 0xDB,
    0xEC, 0x3C, 0xDB, 0xF6, 0x84, 0xB6, 0xD1, 0x36, 0x92, 0xF6, 0x3D, 0xBA, 0xAF, 0x68, 0x0F, 0xA6,
    0x36, 0xA3, 0xAD, 0x0B, 0x0C, 0x2A, 0x06, 0x44, 0xA9, 0x7A, 0x16, 0x29, 0x9D, 0x51, 0xF7, 0x3B,
    0x72, 0x35, 0xC6, 0xF2, 0xCF, 0x53, 0x36, 0x4E, 0x58, 0xD8, 0x5B, 0xC0, 0x26, 0x80, 0x40, 0x73,
    0x4A, 0xE4, 0xCF, 0xA3, 0xD2, 0xA0, 0x33, 0xAF, 0x13, 0xC0, 0x82, 0x10, 0x16, 0x04, 0xB1, 0xE0,
    0xAD, 0x05, 0x31, 0xDB, 0x4C, 0xFC, 0xC3, 0xC4, 0xEB, 0x95, 0x64, 0xB9, 0x26, 0x61, 0xC7, 0x2B,
    0xD0, 0xFA, 0xAE, 0x4B, 0x41, 0x16, 0x54, 0x25, 0xCD, 0x51, 0x47, 0x71, 0x69, 0x14, 0xC3, 0x9F,
    0xBD, 0x9C, 0x43, 0xF3, 0xA4, 0x16, 0x4A, 0x88, 0x52, 0x03, 0x6C, 0xCD, 0xCE, 0x63, 0x6D, 0xBE,
    0xC7, 0x15, 0xC9, 0x20, 0x27, 0x03, 0xD0, 0x8C, 0x42, 0xA7, 0xFC, 0xB3, 0xA0, 0x0B, 0xCF, 0xF8,
    0x01, 0xED, 0x92, 0x91, 0x51, 0xFC, 0x91, 0xE6, 0xC0, 0x48, 0xA7, 0x7A, 0xC4, 0x5A, 0x30, 0x56,
    0xD2, 0x4F, 0x64, 0x48, 0x59, 0xFE, 0x12, 0x8E, 0xD3, 0x3F, 0xE5, 0x44, 0x45, 0x75, 0x9D, 0x72,
    0x95, 0xD2, 0xF5, 0x74, 0xCC, 0x9B, 0x39, 0x58, 0x8C, 0x4C, 0xCB, 0xB6, 0x20, 0x89, 0xCD, 0x69,
    0x98, 0xD7, 0x62, 0x46, 0xBE, 0x8E, 0xFE, 0xCD, 0x18, 0xF9, 0xDD, 0x9C, 0x34, 0x60, 0x72, 0x54,
    0xD7, 0x99, 0xB7, 0xB4, 0x94, 0x38, 0x6F, 0x8C, 0xA3, 0x26, 0x4B, 0x83, 0xEB, 0x0C, 0xE4, 0x13,
    0x10, 0x9F, 0xB8, 0x45, 0x24, 0xE8, 0x1B, 0x3C, 0x0F, 0x98, 0x45, 0x6F, 0xD2, 0xD5, 0x78, 0x8B,
    0xE1, 0xAF, 0x82, 0x91, 0x60, 0xEA, 0xED, 0x4C, 0xA2, 0x61, 0x0C, 0xAA, 0x67, 0x2D, 0xCF, 0x96,
    0xE2, 0xAB, 0xD0, 0x6B, 0xC9, 0x61, 0x70, 0x41, 0xC0, 0x71, 0x0A, 0x00, 0x0C, 0x97, 0x70, 0xCE,
    0xA5, 0x5C, 0xBF, 0x81, 0x21, 0xCC, 0x1E, 0x9E, 0xC6, 0x79, 0xDB, 0xD9, 0x80, 0x52, 0xA3, 0xAA,
    0x9D, 0xE7, 0x84, 0xEC, 0x0D, 0x36, 0x30, 0x5B, 0x80, 0x17, 0x7E, 0x8D, 0xD0, 0x1D, 0x20, 0x2F,
    0x66, 0x53, 0x2A, 0xC6, 0x09, 0x8D, 0x8D, 0x51, 0x9C, 0xE2, 0x51, 0xEC, 0x30, 0x49, 0xC6, 0x00,
    0x75, 0xB1, 0x38, 0x35, 0x5B, 0xC2, 0x19, 0xC0, 0x64, 0xF0, 0xA9, 0xA3, 0xF8, 0xF6, 0xA3, 0xD4,
    0x00, 0x8C, 0xB4, 0x31, 0x38, 0x7B, 0x2D, 0x69, 0xC2, 0x64, 0xFB, 0xF5, 0xD0, 0xE5, 0x29, 0xA6,
    0x88, 0x31, 0x86, 0x85, 0x5A, 0x73, 0x92, 0xEE, 0x91, 0x77, 0xE1, 0x6A, 0x26, 0x4A, 0xD8, 0xD9,
    0xF5, 0x3C, 0xDC, 0x7B, 0x6B, 0x59, 0x90, 0x27, 0x71, 0xD8, 0x1F, 0xB9, 0x71, 0x32, 0x02, 0x1D,
    0xEC, 0x2F, 0xCC, 0x70, 0x49, 0x70, 0x2A, 0x78, 0x12, 0x4D, 0x01, 0x4D, 0xBA, 0xBB, 0xCA, 0xDA,
    0x5C, 0x13, 0xB3, 0x39, 0xCB, 0x1F, 0xFB, 0xB7, 0xE4, 0x80, 0x93, 0x7B, 0x65, 0xCC, 0x4A, 0x80,
    0x46, 0x12, 0xCE, 0x4F, 0x7E, 0x9C, 0xDF, 0x77, 0xF6, 0xD0, 0x38, 0xE5, 0xE7, 0xF6, 0x14, 0xEC,
    0x72, 0x93, 0xCD, 0x78, 0x53, 0xAF, 0x26, 0x97, 0x07, 0xCD, 0x79, 0x0F, 0xF8, 0xBF, 0x38, 0x60,
    0xC0, 0xEA, 0xCF, 0xD1, 0x5F, 0x08, 0x92, 0x40, 0xB5, 0x8C, 0x54, 0x4F, 0xE0, 0xAD, 0x41, 0xA7,
    0x2C, 0x4B, 0xF7, 0x7E, 0x29, 0x38, 0xDE, 0x23, 0x91, 0x50, 0x1E, 0x23, 0x79, 0x4C, 0x46, 0x25,
    0xBC, 0xE1, 0x55, 0x92, 0x97, 0x49, 0xBE, 0x71, 0x34, 0x65, 0x77, 0x3E, 0x84, 0xAC, 0x21, 0xB2,
    0x56, 0x89, 0xA0, 0x76, 0xCD, 0xF8, 0x65, 0xC6, 0x08, 0x53, 0xBE, 0x3C, 0xDA, 0x2C, 0x0F, 0xEB,
    0xE9, 0xC8, 0x71, 0x3C, 0x9E, 0xA6, 0x2B, 0x75, 0x35, 0x80, 0x3B, 0x20, 0x16, 0x1B, 0xD8, 0xD0,
    0x4C, 0x6A, 0xE6, 0x33, 0xFF, 0x89, 0xDF, 0x76, 0xC6, 0x67, 0x0E, 0xE8, 0xA3, 0x5B, 0x1D, 0x5A,
    0x91, 0xF4, 0xFB, 0xDF, 0x5D, 0x53, 0x26, 0x6A, 0x35, 0x04, 0xA7, 0x8A, 0xC9, 0x19, 0xFA, 0xC8,
    0xAC, 0xD9, 0xD1, 0x85, 0x1F, 0xB7, 0x2B, 0x8F, 0xF7, 0x64, 0xFA, 0x22, 0xE9, 0xBF, 0x48, 0xDC,
    0x4F, 0x42, 0x97, 0xB1, 0x4C, 0x7E, 0xD2, 0x8B, 0x87, 0x29, 0xEA, 0x40, 0x68, 0xF6, 0x01, 0xE9,
    0xF3, 0x47, 0x9F, 0xF0, 0x9A, 0xD0, 0x1B, 0x42, 0x87, 0x15, 0x85, 0x4A, 0xDF, 0x61, 0x5A, 0x2B,
    0x10, 0x4D, 0xC8, 0xB0, 0x81, 0xEB, 0xBC, 0xFD, 0x5C, 0xB2, 0xAD, 0x29, 0x0E, 0xAF, 0x38, 0x0D,
    0x92, 0x37, 0xC1, 0x91, 0x6F, 0x41, 0x80, 0xC2, 0xFB, 0xCF, 0x28, 0x5C, 0x5B, 0x06, 0x11, 0x04,
    0xE5, 0x08, 0x07, 0x3F, 0x7E, 0x1F, 0xD7, 0x7D, 0xEB, 0x34, 0x58, 0xA1, 0xAB, 0xE0, 0x9D, 0x31,
    0x47, 0xB5, 0x92, 0x54, 0x7E, 0x6D, 0x66, 0x8D, 0x67, 0xA8, 0x72, 0x60, 0x26, 0x11, 0xBB, 0xF8,
    0xEE, 0x92, 0x9F, 0xD7, 0x7E, 0xAE, 0x89, 0x0E, 0x26, 0xE2, 0xFE, 0xC0, 0x88, 0x02, 0x28, 0x33,
    0x89, 0x23, 0x8B, 0x39, 0x8C, 0x95, 0x38, 0xA9, 0x9D, 0xAA, 0x2A, 0xD0, 0x37, 0xD0, 0xB7, 0x18,
    0x97, 0xC8, 0xFE, 0x9C, 0x76, 0x66, 0xC6, 0xCA, 0x9F, 0x4A, 0x82, 0x1F, 0xA0, 0xE8, 0x4E, 0x01,
    0x5D, 0xD0, 0x90, 0x42, 0x44, 0x83, 0x62, 0x4D, 0xB1, 0xDA, 0xCA, 0x0A, 0x2D, 0x4A, 0xD2, 0xB4,
    0x21, 0x8D, 0x16, 0x85, 0x54, 0xFA, 0x48, 0x2D, 0x96, 0xAB, 0x64, 0x30, 0x8E, 0x34, 0x71, 0x04,
    0x2C, 0x74, 0x99, 0x14, 0x79, 0xBD, 0xCA, 0x0E, 0xDE, 0x98, 0xAB, 0x63, 0x44, 0xB0, 0x73, 0x8E,
    0x7C, 0x9D, 0x7B, 0x8E, 0x71, 0x98, 0x3F, 0x17, 0x7D, 0xF6, 0xF2, 0xF1, 0xF8, 0x14, 0x3C, 0x42,
    0x6A, 0xB3, 0x11, 0x40, 0x03, 0xA2, 0xAC, 0xF8, 0x0D, 0x3D, 0x72, 0x30, 0x18, 0xF0, 0x4E, 0xEB,
    0xAC, 0x23, 0x69, 0xD6, 0x02, 0x05, 0xF1, 0x11, 0xD2, 0x1C, 0x26, 0xED, 0x4C, 0x22, 0xAC, 0x37,
    0x28, 0x31, 0xA8, 0x5C, 0xBF, 0x5D, 0x21, 0x18, 0xAC, 0x21, 0xE8, 0x5F, 0x2C, 0x04, 0xBF, 0x74,
    0x98, 0xE6, 0xAC, 0x08, 0x26, 0x67, 0x41, 0x30, 0x22, 0x82, 0x87, 0x4B, 0x28, 0x1E, 0xCD, 0x50,
    0x20, 0x8F, 0xBF, 0x22, 0xC1, 0x7B, 0x29, 0x69, 0x90, 0x60, 0x91, 0x13, 0x39, 0x90, 0x49, 0xF0,
    0x21, 0xD6, 0x08, 0xA6, 0xBA, 0x06, 0x7F, 0xFD, 0xD4, 0x71, 0xFC, 0x65, 0x2A, 0xBD, 0x24, 0xA7,
    0xAF, 0x55, 0xC3, 0x90, 0x0D, 0xBB, 0x82, 0xEE, 0x9E, 0xC4, 0xCF, 0xD9, 0x49, 0xF6, 0x57, 0x8B,
    0xC2, 0x2E, 0xE5, 0x5F, 0x31, 0xB3, 0xFB, 0x53, 0x5D, 0x9D, 0x46, 0x2D, 0x44, 0x7A, 0x32, 0x1E,
    0xB9, 0xFE, 0x57, 0xAC, 0x8D, 0x46, 0x23, 0x69, 0xF3, 0xAB, 0x09, 0x1B, 0xD5, 0x11, 0xD4, 0x6A,
    0x1B, 0x37, 0x95, 0xCB, 0x83, 0x3A, 0xFE, 0x35, 0x24, 0x78, 0x90, 0xC7, 0x9F, 0xF5, 0x9C, 0x02,
    0x08, 0x79, 0x4E, 0x1E, 0x66, 0x8D, 0xB6, 0x1D, 0x63, 0x1F, 0x9D, 0xBC, 0x83, 0xB3, 0x8F, 0x13,
    0xD2, 0x34, 0x92, 0xAA, 0x39, 0xDE, 0x2C, 0x36, 0x35, 0xFD, 0x7A, 0x43, 0xAB, 0x51, 0xD2, 0x3F,
    0x92, 0x90, 0x33, 0x3D, 0xC3, 0x57, 0x54, 0x20, 0x2C, 0x6A, 0x62, 0x88, 0x6B, 0x8B, 0x42, 0xE5,
    0x07, 0xAD, 0xDA, 0xEB, 0x14, 0xED, 0xAE, 0x9F, 0xDA, 0x51, 0x5B, 0x5A, 0x99, 0xD2, 0x02, 0x39,
    0x69, 0x81, 0xBD, 0xB4, 0xE8, 0xA6, 0xB4, 0x78, 0x91, 0xB4, 0x9E, 0xAA, 0x06, 0x5A, 0xAB, 0xDA,
    0xD2, 0xEF, 0x17, 0xAB, 0xB3, 0xD6, 0x36, 0xEE, 0xB4, 0x95, 0x7C, 0x94, 0xF8, 0xB6, 0xDA, 0x1A,
    0x3B, 0xB5, 0xC2, 0x6C, 0x34, 0x2C, 0x7E, 0xA5, 0x6D, 0x7C, 0x5F, 0xDB, 0x60, 0xCA, 0x37, 0x52,
    0x55, 0xC1, 0x29, 0x17, 0x41, 0x58, 0x88, 0x45, 0xDE, 0x68, 0xAD, 0x44, 0x32, 0x65, 0x85, 0x0F,
    0xB7, 0x41, 0xA9, 0xC1, 0xDF, 0xA8, 0xAD, 0xA6, 0x0A, 0x48, 0x3B, 0x65, 0xB8, 0x74, 0x69, 0xCC,
    0xA5, 0x90, 0xE6, 0x1D, 0xC6, 0xF1, 0x6F, 0x33, 0x64, 0x92, 0x0E, 0x89, 0x44, 0x94, 0x58, 0x8B,
    0x51, 0x58, 0xC6, 0xC0, 0x3D, 0xC7, 0x20, 0xB8, 0x14, 0x91, 0xE6, 0x1A, 0xF2, 0x7E, 0x1C, 0xEA,
    0x59, 0x9A, 0x62, 0xB4, 0xBE, 0xB1, 0x80, 0x58, 0xBE, 0x79, 0x4C, 0x02, 0x15, 0x2B, 0xF9, 0xA4,
    0x35, 0xA5, 0x91, 0x74, 0x56, 0xB8, 0x3E, 0x10, 0xAD, 0xED, 0x3D, 0xD0, 0xB4, 0xA8, 0x00, 0x42,
    0x2A, 0xA9, 0x4C, 0xE3, 0x9D, 0x5C, 0x62, 0x2D, 0x1E, 0x29, 0x03, 0x42, 0xBE, 0x94, 0x97, 0xC4,
    0x12, 0x33, 0xCD, 0xDC, 0xC7, 0xF4, 0xC4, 0x5B, 0x70, 0xAE, 0x44, 0x13, 0x58, 0x89, 0x3B, 0xF9,
    0x74, 0xC6, 0x8A, 0x0C, 0xAA, 0x34, 0x71, 0x22, 0x20, 0x16, 0xD2, 0xAF, 0x42, 0x80, 0xD4, 0x9C,
    0x89, 0x52, 0xAB, 0x86, 0x9A, 0x84, 0xAA, 0x07, 0x2B, 0x62, 0x87, 0x7D, 0x0F, 0x17, 0x95, 0x08,
    0x31, 0xC6, 0xF7, 0xD3, 0x96, 0x5E, 0x1F, 0x5C, 0x66, 0x46, 0xF7, 0x61, 0xFC, 0x3C, 0xD4, 0x3A,
    0x17, 0x3A, 0x89, 0x52, 0x62, 0x62, 0xBC, 0xAA, 0x97, 0xA1, 0x30, 0x76, 0x39, 0x68, 0x31, 0xF0,
    0xB1, 0xB4, 0x11, 0x53, 0x92, 0x2C, 0x7B, 0xE9, 0x62, 0x57, 0xF5, 0x49, 0x17, 0x0C, 0x59, 0xED,
    0x8D, 0x10, 0x1E, 0xB6, 0xD2, 0x9E, 0xB0, 0xA2, 0xBB, 0x98, 0x0F, 0xFC, 0x7D, 0x80, 0xCF, 0x71,
    0xDE, 0x1F, 0xB2, 0x26, 0xEA, 0x53, 0x5B, 0x31, 0xB6, 0x0D, 0x93, 0x97, 0x96, 0xC9, 0xE2, 0x70,
    0x86, 0x4E, 0xFD, 0x72, 0xEF, 0xAC, 0x19, 0xBA, 0x8B, 0x8E, 0xE7, 0x5A, 0x86, 0x6E, 0xA0, 0xE6,
    0xE0, 0x72, 0x34, 0xEE, 0x4F, 0xC9, 0xC7, 0xEC, 0x73, 0xCA, 0x81, 0xFA, 0x1B, 0x33, 0x74, 0x92,
    0x6D, 0xAF, 0xB5, 0xA0, 0x86, 0x68, 0x1B, 0xC2, 0x6D, 0x88, 0x37, 0x15, 0xA6, 0xA5, 0x33, 0x5A,
    0x51, 0xF3, 0x48, 0x8D, 0x77, 0xB1, 0x46, 0x08, 0x3B, 0xCF, 0xF2, 0x3A, 0xBA, 0xD5, 0x40, 0xDE,
    0x10, 0x7A, 0xCA, 0x19, 0x29, 0x0A, 0xCC, 0xCD, 0x8C, 0xFE, 0xB7, 0xA5, 0xA2, 0xF7, 0x36, 0xF5,
    0xAD, 0x3F, 0x72, 0x7D, 0xC5, 0x03, 0xDD, 0xCE, 0xAC, 0xE3, 0x79, 0x57, 0xC2, 0x70, 0xF3, 0x7B,
    0xA3, 0xD5, 0x7C, 0xED, 0x53, 0x09, 0xBC, 0x69, 0x2E, 0xD3, 0xB3, 0x8A, 0xB9, 0x69, 0x01, 0x6F,
    0x17, 0x2D, 0x02, 0xE9, 0x8F, 0x2B, 0x7F, 0x8C, 0xDE, 0xBD, 0xC1, 0xA0, 0xC6, 0x6B, 0x7E, 0xF3,
    0x35, 0xA1, 0x6F, 0x56, 0x25, 0x68, 0x12, 0xB6, 0x6A, 0x04, 0xD5, 0x54, 0xAA, 0x3B, 0xB8, 0x5D,
    0x23, 0x73, 0xF7, 0x74, 0x2B, 0x84, 0x03, 0xD6, 0x5E, 0x29, 0x08, 0xAB, 0xC5, 0x44, 0x94, 0x9D,
    0xD6, 0xC4, 0x2F, 0x33, 0xA5, 0xC3, 0x9C, 0xA5, 0x12, 0xC4, 0x75, 0xCB, 0x41, 0x3B, 0xD7, 0x73,
    0xA6, 0xCB, 0x6C, 0x88, 0xA2, 0xEF, 0xBD, 0x23, 0xF1, 0x11, 0x79, 0xAD, 0xAB, 0x75, 0x16, 0x58,
    0x1C, 0xA0, 0x33, 0xC1, 0x9A, 0x07, 0xF9, 0x9F, 0xBB, 0x7E, 0xA8, 0x48, 0x76, 0x5C, 0x96, 0x83,
    0xD8, 0xE5, 0xE6, 0x06, 0x37, 0x57, 0x9C, 0x8A, 0x19, 0x17, 0xCB, 0xFF, 0x64, 0x96, 0xE4, 0x7F,
    0x32, 0x53, 0xEA, 0x20, 0x59, 0xCC, 0x56, 0xA1, 0xF2, 0xFE, 0x61, 0x35, 0x66, 0xF7, 0xF6, 0xF6,
    0x74, 0xD6, 0x52, 0xA9, 0xD8, 0x01, 0x2D, 0x63, 0xF9, 0x1F, 0x67, 0xCF, 0x93, 0xC5, 0x11, 0x59,
    0x56, 0xD9, 0xB3, 0x3F, 0x2C, 0xC8, 0xC8, 0x99, 0xDF, 0x42, 0x27, 0xE1, 0x34, 0xEF, 0x5B, 0x22,
    0x93, 0x2C, 0x58, 0xD5, 0x25, 0x3C, 0x81, 0xB9, 0x8F, 0x39, 0xB5, 0x55, 0x6B, 0x2A, 0xCE, 0xAE,
    0xEC, 0x30, 0x20, 0x23, 0xFF, 0xA3, 0x93, 0xDD, 0x07, 0xD9, 0xCF, 0x00, 0xEE, 0x38, 0x05, 0x91,
    0xA4, 0x2D, 0x65, 0x0C, 0x62, 0x6E, 0x55, 0xEA, 0xA1, 0x7C, 0xBB, 0xC8, 0x3D, 0xE6, 0x13, 0xEF,
    0x64, 0x4D, 0x88, 0xBB, 0xC2, 0x31, 0xB1, 0xD5, 0x17, 0x60, 0xAE, 0x01, 0x13, 0xF7, 0x1B, 0xCE,
    0x89, 0xAF, 0xC5, 0x32, 0x25, 0x4D, 0x8D, 0x2D, 0xB7, 0x8C, 0x9D, 0x7B, 0xF5, 0xEC, 0xFE, 0x89,
    0x21, 0xC7, 0x27, 0x47, 0x8B, 0x63, 0x4E, 0x4E, 0xA6, 0xC5, 0xA5, 0x0B, 0xDD, 0x8C, 0x63, 0xEC,
    0xBE, 0x74, 0xA8, 0x60, 0x6C, 0x2F, 0x62, 0xCE, 0x13, 0x13, 0x49, 0x2E, 0x66, 0xA7, 0x8A, 0x65,
    0x36, 0x77, 0x22, 0x4E, 0x43, 0x74, 0x40, 0x99, 0xDD, 0xE1, 0x03, 0x5A, 0x63, 0xF9, 0xA8, 0x91,
    0xBE, 0xC7, 0xE8, 0x4B, 0x9D, 0x6A, 0xC1, 0xE0, 0x60, 0xBC, 0x7A, 0x54, 0x25, 0x75, 0xAA, 0xED,
    0x5C, 0x75, 0x1A, 0x2C, 0x18, 0x53, 0xC1, 0x6C, 0x3C, 0x9B, 0xCB, 0x70, 0x7D, 0x71, 0x69, 0x73,
    0xAD, 0x99, 0x5F, 0x28, 0x02, 0x9C, 0xA7, 0x77, 0x0F, 0x2F, 0x84, 0x4F, 0xBD, 0xAA, 0x84, 0x2E,
    0x6E, 0xB8, 0xC9, 0xA1, 0x72, 0xF7, 0xBB, 0xAA, 0x87, 0x1D, 0xD8, 0xE0, 0xA8, 0x71, 0xE4, 0x9E,
    0xF0, 0xD0, 0xA3, 0x1E, 0xAF, 0x3F, 0x39, 0x18, 0xC6, 0x15, 0x0C, 0xDD, 0x11, 0x18, 0xEA, 0xCD,
    0x30, 0x3C, 0x6A, 0x4C, 0x33, 0xCE, 0xCF, 0x1D, 0x83, 0xA5, 0x8B, 0xDC, 0xEA, 0xCB, 0x65, 0xE5,
    0x0E, 0x9A, 0x47, 0xA1, 0x41, 0x29, 0xA9, 0xA0, 0x5C, 0x18, 0xEB, 0x1A, 0x3F, 0xA8, 0x60, 0x3C,
    0xD2, 0x7C, 0xAC, 0xBE, 0xD7, 0x4D, 0xAE, 0x45, 0x4C, 0x21, 0xA2, 0xF9, 0xF6, 0x1F, 0x5E, 0x40,
    0x26, 0x7B, 0x19, 0x0E, 0xD4, 0x4D, 0x28, 0xBB, 0xAC, 0x3C, 0x80, 0xB0, 0x1D, 0x4C, 0xF8, 0xBB,
    0x85, 0x6E, 0xDE, 0xA9, 0xEA, 0xD9, 0xC8, 0x7A, 0x62, 0x0C, 0xB6, 0x96, 0xCB, 0xD2, 0x5C, 0xB9,
    0xF8, 0xC1, 0xB2, 0x28, 0x25, 0xCA, 0x72, 0x44, 0xD0, 0xB3, 0x76, 0x40, 0x76, 0x9D, 0xA5, 0xB4,
    0x77, 0x9C, 0xAD, 0xFA, 0x80, 0xE6, 0x86, 0x24, 0x44, 0x65, 0x4D, 0x6B, 0xA4, 0x7E, 0xE9, 0x0A,
    0x46, 0xBA, 0x65, 0x06, 0xAB, 0xDF, 0x13, 0x61, 0xB5, 0xAD, 0xE5, 0xAE, 0xB2, 0x87, 0x2D, 0x3C,
    0xB4, 0x9B, 0x60, 0x12, 0xB7, 0xD5, 0x6D, 0x7E, 0xC6, 0x6A, 0x86, 0x51, 0x24, 0x47, 0x81, 0x49,
    0xE9, 0x44, 0xE4, 0x69, 0xC1, 0xFC, 0x8E, 0x15, 0x5B, 0xF2, 0xBA, 0xBA, 0x2C, 0xB2, 0x12, 0x3B,
    0xD9, 0xF0, 0x44, 0x99, 0xCA, 0x8F, 0xE8, 0x62, 0xC5, 0x47, 0xF3, 0x15, 0x0C, 0x18, 0xCB, 0x24,
    0x0D, 0x81, 0xFB, 0xFB, 0x77, 0x39, 0xB2, 0x58, 0xBD, 0x14, 0x71, 0x8A, 0x62, 0x74, 0x2F, 0x64,
    0xEF, 0xB8, 0x33, 0x49, 0x94, 0x21, 0x55, 0xB1, 0x37, 0x3E, 0x43, 0xEF, 0x81, 0xAE, 0xE6, 0xC3,
    0x8A, 0x09, 0xC2, 0x85, 0xEC, 0x37, 0x92, 0xF2, 0x8E, 0xEB, 0x33, 0xF7, 0x8B, 0x2E, 0x91, 0x1A,
    0xB0, 0xEC, 0x57, 0x14, 0xDD, 0xF4, 0x5E, 0x06, 0x3A, 0xE2, 0x57, 0x8E, 0x54, 0x80, 0x9D, 0x17,
    0x70, 0xFD, 0x63, 0x01, 0xE7, 0x75, 0x5A, 0x9F, 0xC1, 0x05, 0x91, 0x71, 0x30, 0x6F, 0x2D, 0x7C,
    0x1B, 0x0C, 0x58, 0x51, 0x23, 0x56, 0xD7, 0xD5, 0x43, 0x3D, 0xF6, 0x15, 0x34, 0xEF, 0xDC, 0x40,
    0xBB, 0x20, 0xBC, 0xB3, 0xFC, 0x11, 0x7D, 0xAC, 0xBE, 0xC9, 0x5A, 0x65, 0x4F, 0x39, 0xE9, 0x68,
    0x71, 0x85, 0x65, 0xA7, 0x12, 0x07, 0x97, 0x48, 0x30, 0x77, 0x04, 0x10, 0x7F, 0xC3, 0x61, 0x0A,
    0x00, 0x04, 0xE3, 0x01, 0x81, 0x78, 0xA0, 0x95, 0x3F, 0x05, 0x00, 0xF3, 0x2A, 0x0A, 0x26, 0xB1,
    0x86, 0x9E, 0x91, 0x6D, 0x8B, 0x9E, 0x43, 0x2F, 0x46, 0xA6, 0x97, 0x65, 0x8B, 0x66, 0xB1, 0xB6,
    0x51, 0x30, 0x1A, 0xA6, 0x98, 0x87, 0xC4, 0x1B, 0x75, 0x24, 0xE2, 0xF6, 0xB6, 0xA2, 0x0C, 0x61,
    0x43, 0xC6, 0xAC, 0xE9, 0xC7, 0xAA, 0x16, 0x23, 0xBF, 0xFA, 0xBB, 0x9E, 0x06, 0x5B, 0x3B, 0x95,
    0x3A, 0xCA, 0x4B, 0x0E, 0x8B, 0xB3, 0x0B, 0x02, 0x71, 0x50, 0x7A, 0x5D, 0xD8, 0x70, 0x1F, 0x57,
    0x5C, 0xCB, 0x6E, 0x4D, 0x56, 0x6F, 0x66, 0x13, 0x6A, 0x61, 0xF7, 0x44, 0x97, 0xA6, 0x14, 0xE7,
    0x36, 0x92, 0xA7, 0xE8, 0xA4, 0xA6, 0xB6, 0xBB, 0xB4, 0xE7, 0x24, 0xFA, 0x5C, 0x1C, 0x2D, 0x7C,
    0x99, 0x1C, 0xD7, 0x93, 0x68, 0x6A, 0xE6, 0x3D, 0x7D, 0xA0, 0xC2, 0x37, 0x49, 0xB9, 0xF2, 0xD1,
    0xBF, 0x1C, 0x8D, 0x8E, 0x79, 0x66, 0x1A, 0x93, 0x89, 0x87, 0x95, 0xDF, 0xAC, 0xE6, 0xA3, 0x24,
    0xCD, 0xD4, 0x2E, 0x9A, 0x52, 0x5D, 0x97, 0xE6, 0x07, 0x24, 0xF5, 0xEA, 0x88, 0x57, 0x47, 0x71,
    0x7F, 0x95, 0x92, 0x7E, 0x8E, 0x69, 0x68, 0x4E, 0x35, 0x83, 0x70, 0xF3, 0x41, 0xE4, 0xE7, 0x23,
    0x98, 0x8F, 0x0D, 0x65, 0x09, 0x22, 0xD7, 0x26, 0x83, 0x5B, 0xCA, 0x1B, 0xC6, 0x89, 0x03, 0xB2,
    0x55, 0x8A, 0x47, 0x82, 0x34, 0xCA, 0xA6, 0xDC, 0x81, 0xFA, 0x29, 0x7B, 0xC0, 0xCF, 0xA2, 0x2E,
    0x16, 0x09, 0x23, 0xF5, 0x71, 0x6A, 0x7B, 0x4B, 0x6C, 0x6E, 0x1A, 0xA7, 0xB7, 0x7B, 0x34, 0xE5,
    0x7F, 0xF1, 0x67, 0x8B, 0x96, 0x05, 0x4B, 0xAD, 0x79, 0x24, 0xB9, 0x89, 0x7E, 0x80, 0xE6, 0x3F,
    0x71, 0xFC, 0x07, 0x8E, 0x7F, 0x9F, 0xD0, 0xD7, 0x5A, 0x92, 0xF3, 0x9E, 0x01, 0x45, 0xC4, 0xAD,
    0x51, 0xA6, 0x7B, 0x83, 0x89, 0x4A, 0xE6, 0xB6, 0x5B, 0x08, 0x65, 0x42, 0x38, 0x68, 0xCC, 0xE1,
    0xB0, 0xCC, 0x51, 0x7A, 0xA8, 0xD0, 0xEB, 0xD4, 0x2B, 0x4F, 0xA2, 0x5E, 0xF5, 0xDB, 0xE5, 0x73,
    0x0A, 0xA1, 0x97, 0x26, 0xE8, 0xB3, 0xC3, 0x96, 0xC5, 0x16, 0x56, 0x64, 0xA6, 0x15, 0x45, 0xED,
    0x49, 0xD6, 0x07, 0x1F, 0x23, 0x8F, 0xDA, 0x74, 0x3E, 0xAB, 0x9F, 0x97, 0xDC, 0x35, 0xA3, 0x5A,
    0x21, 0x73, 0xBB, 0x35, 0x37, 0x89, 0x27, 0x1D, 0xA3, 0xE2, 0xE9, 0x70, 0xDB, 0x4C, 0x9E, 0x89,
    0xF9, 0x13, 0x1A, 0x00, 0xE6, 0xE5, 0xA8, 0x39, 0x39, 0xE0, 0x41, 0x0B, 0x2B, 0x91, 0x62, 0xC5,
    0x2C, 0x1F, 0x1F, 0x97, 0x4E, 0xDB, 0xC3, 0x57, 0xB4, 0x92, 0x1A, 0x47, 0xAB, 0x99, 0x6E, 0x76,
    0x5D, 0xEB, 0x19, 0x7C, 0xD9, 0x4C, 0x87, 0x39, 0xC5, 0xDA, 0x65, 0xBC, 0x71, 0x41, 0xD7, 0x32,
    0xB2, 0xB9, 0x38, 0x12, 0xE2, 0xD2, 0xEA, 0xCE, 0xF8, 0x2D, 0x4D, 0x62, 0x95, 0xD7, 0x4C, 0xD6,
    0x65, 0xA6, 0xEA, 0x33, 0xC8, 0xD6, 0x03, 0xC3, 0xBD, 0x5E, 0x9F, 0x44, 0xC7, 0x4A, 0xDE, 0xDE,
    0x07, 0x53, 0x58, 0xF1, 0xF2, 0x57, 0xC7, 0xB8, 0xE1, 0x98, 0xCF, 0x71, 0x67, 0x79, 0x25, 0x07,
    0xE4, 0x64, 0x1E, 0x0D, 0xD9, 0x43, 0xA9, 0x73, 0xB2, 0xB1, 0x1B, 0x0F, 0x3C, 0xB7, 0xFB, 0x3A,
    0xD3, 0x72, 0x3F, 0x17, 0xF1, 0xDF, 0x8B, 0xD6, 0x58, 0x4C, 0xBA, 0xE3, 0x29, 0x46, 0xB2, 0xD2,
    0x74, 0xAB, 0x46, 0x19, 0x0F, 0xFF, 0xDC, 0x38, 0x82, 0xDE, 0xF8, 0xB8, 0xE8, 0x4D, 0x56, 0x12,
    0x37, 0x89, 0x62, 0x25, 0x4B, 0xD2, 0xBB, 0xA7, 0xBC, 0xD4, 0xA2, 0x5F, 0x3A, 0xE1, 0x94, 0x21,
    0x0F, 0x9E, 0x52, 0x24, 0xA7, 0x0A, 0x3D, 0x8F, 0x6C, 0xC7, 0x8A, 0x06, 0xA9, 0xD8, 0x2C, 0x0B,
    0xA9, 0xB9, 0xC9, 0xB5, 0xE6, 0xC6, 0xAB, 0x76, 0x37, 0x81, 0x6C, 0x88, 0xDE, 0x1A, 0x19, 0x4F,
    0x25, 0xAB, 0xEB, 0xE4, 0x8B, 0x10, 0x2A, 0x25, 0xDC, 0x7D, 0x2B, 0xD5, 0x2D, 0x74, 0xAD, 0x88,
    0x3A, 0xDF, 0x78, 0x60, 0x26, 0xDC, 0xC5, 0x03, 0xD5, 0x6D, 0xE3, 0xE6, 0xA6, 0x48, 0xFB, 0x41,
    0x12, 0x4D, 0xEB, 0xF4, 0x40, 0xE4, 0xBF, 0x5E, 0x13, 0xF7, 0x4F, 0x1D, 0xFC, 0x8C, 0x1A, 0x45,
    0x10, 0x8E, 0xC9, 0x07, 0xAD, 0xC9, 0xA0, 0x27, 0xD6, 0x8F, 0xF4, 0x27, 0x8D, 0x24, 0xC2, 0xFD,
    0x71, 0x0D, 0x77, 0xAF, 0xB3, 0x78, 0xF8, 0x7C, 0x8C, 0x27, 0x1C, 0xF3, 0xF9, 0x03, 0x1C, 0xD5,
    0x74, 0x14, 0x79, 0xD2, 0x17, 0xCA, 0xDC, 0xB0, 0x51, 0x7B, 0x56, 0xDE, 0xDC, 0x90, 0x04, 0xDC,
    0xB7, 0x24, 0xC8, 0x4C, 0xAD, 0xDE, 0xD3, 0xE5, 0x4E, 0x3B, 0xE6, 0x8A, 0xAA, 0x06, 0x3E, 0x6D,
    0x60, 0x99, 0xD9, 0x0F, 0x17, 0x54, 0x5A, 0x41, 0xEE, 0x97, 0x4F, 0x25, 0x73, 0x9B, 0x5B, 0x01,
    0xBF, 0xFD, 0x23, 0x62, 0xAE, 0x49, 0xF2, 0x4E, 0xCB, 0x78, 0x67, 0x7D, 0x40, 0x53, 0x02, 0x63,
    0x7B, 0xC5, 0x74, 0x5F, 0x07, 0x87, 0x17, 0xCB, 0x32, 0xEE, 0x9E, 0xAD, 0x79, 0x8E, 0x45, 0x09,
    0x3B, 0xED, 0xB9, 0x95, 0x8B, 0x3F, 0x72, 0x6B, 0x27, 0xAF, 0x68, 0x6E, 0xDD, 0xE4, 0x20, 0x71,
    0xE7, 0x03, 0x9D, 0x96, 0x62, 0xFE, 0x6C, 0xA1, 0x21, 0xCD, 0xC4, 0xDD, 0x93, 0x44, 0xC4, 0xF4,
    0x35, 0x21, 0x93, 0x53, 0x21, 0xC1, 0xEF, 0xA9, 0xE0, 0x73, 0xD6, 0xD4, 0xE9, 0x64, 0x09, 0x67,
    0xB3, 0x25, 0x38, 0xB7, 0x53, 0x26, 0x4C, 0x33, 0xC2, 0x7C, 0xA2, 0x32, 0x97, 0xFF, 0x40, 0xF6,
    0x0E, 0x40, 0xE6, 0xE4, 0xF4, 0xA1, 0x18, 0xCC, 0x2D, 0x46, 0x8D, 0xE9, 0x8E, 0x66, 0x62, 0x86,
    0xE9, 0x7B, 0x5C, 0x1E, 0xAB, 0xB1, 0xFA, 0xB0, 0x4A, 0x02, 0xC5, 0xDC, 0x96, 0xE0, 0xD4, 0xE2,
    0x29, 0x1E, 0x4A, 0xA1, 0x61, 0xCA, 0x65, 0xE7, 0x76, 0x35, 0x6A, 0x3B, 0x27, 0xC1, 0xE3, 0x7C,
    0x7D, 0x28, 0xD3, 0x48, 0x74, 0xA3, 0x07, 0x6E, 0x95, 0x93, 0xE1, 0xAA, 0xD2, 0x43, 0xBE, 0xDF,
    0x22, 0x1E, 0xE2, 0x61, 0x22, 0x7D, 0xDC, 0x4F, 0xDF, 0x79, 0x71, 0x6C, 0x15, 0xBD, 0xA2, 0x5F,
    0x4C, 0x90, 0xEB, 0xB7, 0x63, 0x78, 0x23, 0x78, 0x3B, 0xE0, 0x37, 0x49, 0x84, 0x0B, 0x18, 0x07,
    0x11, 0xE3, 0xEB, 0x71, 0x03, 0x41, 0x91, 0x52, 0x3C, 0x63, 0x5A, 0x74, 0x2F, 0x75, 0xE7, 0x18,
    0x08, 0x96, 0xF4, 0xDA, 0x30, 0x07, 0x0C, 0xE2, 0x55, 0x42, 0x7E, 0xB5, 0xB1, 0x28, 0x9F, 0x1C,
    0x5D, 0x71, 0x3B, 0x24, 0xF7, 0x20, 0x46, 0xBA, 0x54, 0x66, 0x30, 0x87, 0x6E, 0x5E, 0x5D, 0x77,
    0xD3, 0xEA, 0xD5, 0x8E, 0x47, 0xD6, 0xE4, 0x69, 0x88, 0x48, 0x63, 0x44, 0x66, 0xEB, 0x58, 0x29,
    0xEF, 0x6F, 0xCD, 0x8F, 0x6C, 0xBE, 0xB6, 0x47, 0xA2, 0x4C, 0x75, 0xD3, 0xE4, 0x73, 0x1F, 0xAA,
    0xEC, 0x4E, 0xDB, 0xE9, 0xBB, 0x5C, 0xE6, 0xF8, 0xB8, 0x7E, 0x2C, 0xFD, 0xBC, 0x4A, 0xE7, 0x41,
    0xE3, 0xFE, 0xC1, 0x7D, 0xAB, 0x01, 0xF0, 0x7F, 0xE0, 0xBB, 0xBE, 0x18, 0xE7, 0x10, 0xBD, 0xEE,
    0xBF, 0x51, 0xB7, 0xD4, 0x3B, 0xB6, 0x8D, 0x66, 0xFD, 0x92, 0x22, 0x7F, 0xF6, 0x3A, 0x86, 0xB9,
    0xEF, 0xE0, 0xA4, 0x6B, 0x7F, 0xC4, 0xAA, 0xC6, 0x8B, 0x2F, 0x31, 0x86, 0x93, 0x2C, 0xE6, 0x1C,
    0x25, 0xE5, 0x82, 0xC4, 0x02, 0xF4, 0xCB, 0x5B, 0x16, 0x33, 0x4C, 0xD7, 0x36, 0x15, 0x2A, 0x3B,
    0xF9, 0x26, 0x02, 0x1D, 0x5B, 0xF9, 0xD2, 0xDE, 0x87, 0xD5, 0xDC, 0x0F, 0xE9, 0x86, 0xB8, 0xD7,
    0xCB, 0x04, 0x82, 0x7E, 0xBE, 0x74, 0xC0, 0xD5, 0x33, 0x9A, 0x23, 0xA8, 0x71, 0xF7, 0xCE, 0x1E,
    0xD9, 0xCB, 0x95, 0xD5, 0xFC, 0xBC, 0xFA, 0x60, 0xD7, 0xEC, 0xE4, 0x33, 0x3B, 0xE9, 0x32, 0x58,
    0xA7, 0xD9, 0x29, 0xC9, 0xBD, 0x63, 0xB8, 0xD7, 0x33, 0xEE, 0xBF, 0xF8, 0xEE, 0xB0, 0xFA, 0x4E,
    0x9D, 0x35, 0xF4, 0x54, 0x87, 0x08, 0xFA, 0xCF, 0xC6, 0xFA, 0x6D, 0x04, 0x4C, 0x08, 0x7D, 0xA1,
    0x6C, 0xEB, 0x3E, 0x97, 0x30, 0x89, 0x5B, 0xBA, 0xA2, 0xEB, 0xD0, 0xBA, 0x23, 0xF7, 0xCF, 0x0F,
    0x57, 0x1E, 0xA9, 0x89, 0xAF, 0xFB, 0xDC, 0x4D, 0x45, 0x70, 0x4C, 0xDC, 0x9F, 0x79, 0xA7, 0xF1,
    0x97, 0x01, 0xBA, 0x3F, 0x0E, 0xB4, 0x94, 0x8F, 0x2D, 0x4E, 0x02, 0x3A, 0x67, 0xC1, 0x28, 0x56,
    0x72, 0xC6, 0x9B, 0x35, 0x99, 0x2A, 0xC3, 0x29, 0x3E, 0x6B, 0x97, 0xF2, 0x27, 0x3C, 0x6D, 0x57,
    0xDD, 0x93, 0x64, 0xF6, 0xE6, 0x5C, 0x98, 0x3D, 0xA2, 0xCE, 0x82, 0x83, 0xDE, 0xD1, 0x3F, 0xA7,
    0xA6, 0xA3, 0x0C, 0xB7, 0xD5, 0x1C, 0xE8, 0x91, 0xEC, 0x5A, 0xD4, 0x7D, 0x4D, 0x7C, 0x9E, 0x68,
    0x12, 0x3D, 0xD7, 0xF2, 0xC0, 0x98, 0xDF, 0x40, 0x90, 0x95, 0xE1, 0xC4, 0xE7, 0xD5, 0x72, 0x17,
    0xD9, 0xF8, 0x44, 0x89, 0xE7, 0x7E, 0x6A, 0xB4, 0x9A, 0x5C, 0xF6, 0x81, 0xFE, 0x3F, 0xED, 0x5C,
    0x3D, 0xB0, 0xDD, 0xC6, 0x75, 0x5E, 0x00, 0x22, 0xE1, 0x10, 0x63, 0x43, 0x45, 0xE2, 0x71, 0x4C,
    0x45, 0x50, 0xE1, 0xC2, 0xC9, 0x68, 0x84, 0x14, 0x2A, 0x54, 0x98, 0x02, 0x2C, 0x17, 0x2A, 0x52,
    0x58, 0x85, 0x9C, 0x26, 0x85, 0x9A, 0x54, 0x51, 0xF1, 0x5C, 0xA4, 0x50, 0x21, 0x0A, 0xB0, 0x5C,
    0xA4, 0x48, 0xE1, 0x57, 0x38, 0x69, 0xAD, 0x42, 0x99, 0x61, 0x1E, 0x8B, 0xA7, 0x42, 0x85, 0x0B,
    0xF2, 0x01, 0x8A, 0x8B, 0x94, 0xC2, 0x64, 0x26, 0xE3, 0x22, 0x85, 0xA1, 0x19, 0xCE, 0x38, 0x51,
    0x0A, 0x62, 0x1C, 0x28, 0xBA, 0xA4, 0x00, 0x6C, 0xCE, 0xF7, 0x9D, 0x5D, 0xDC, 0x7B, 0xDF, 0x7B,
    0xA2, 0x24, 0x4A, 0x74, 0x44, 0x27, 0x57, 0xC4, 0xD9, 0x7D, 0xF7, 0xE2, 0x67, 0xF7, 0xEC, 0xD9,
    0x73, 0xBE, 0xF3, 0x03, 0x19, 0xB3, 0xFD, 0xA4, 0x35, 0x9B, 0xBC, 0x67, 0x53, 0x48, 0x93, 0xDB,
    0x43, 0xF9, 0x2B, 0xB4, 0x76, 0x4E, 0x7B, 0x93, 0x5A, 0x6B, 0x8F, 0x3B, 0x53, 0xD9, 0x63, 0x6B,
    0x5B, 0x63, 0x3B, 0xF9, 0xD5, 0x44, 0xD6, 0x98, 0x78, 0xC2, 0x3F, 0x13, 0x4D, 0x26, 0x1D, 0x8C,
    0x09, 0x26, 0x93, 0xE1, 0x06, 0xB3, 0xC9, 0x5B, 0x36, 0x45, 0xCD, 0xA6, 0x32, 0x6C, 0x1A, 0x6D,
    0x16, 0x34, 0x13, 0x1B, 0xB9, 0x60, 0x96, 0x26, 0xD4, 0x26, 0xDA, 0xF0, 0xCB, 0x78, 0x34, 0x16,
    0x23, 0x1A, 0x78, 0x81, 0x8C, 0xA1, 0x90, 0x9B, 0x55, 0x2D, 0x7A, 0x81, 0x2D, 0x4D, 0x3A, 0x9B,
    0x04, 0x4F, 0xB6, 0x77, 0xAD, 0x3C, 0x39, 0x90, 0x81, 0x0D, 0x38, 0xCD, 0x5A, 0x3C, 0x2B, 0x68,
    0x6E, 0xB9, 0x09, 0x3D, 0x6A, 0xF4, 0x69, 0xF8, 0xD2, 0xB2, 0xAF, 0x54, 0x9E, 0x90, 0x2C, 0xF8,
    0xBE, 0xB1, 0xFF, 0x32, 0xC9, 0x1C, 0xAC, 0x1D, 0x65, 0x76, 0x8D, 0xDC, 0x24, 0x1B, 0x22, 0x99,
    0x5B, 0xD1, 0xE2, 0x21, 0x55, 0x89, 0xD3, 0x1B, 0xFE, 0x5B, 0x48, 0xE5, 0x8A, 0x6A, 0x9F, 0xCA,
    0xF7, 0x27, 0xEB, 0x4F, 0xA5, 0xCC, 0xC1, 0x14, 0x5D, 0xB2, 0x91, 0xA1, 0x2C, 0x8D, 0x8C, 0x28,
    0xB1, 0xC2, 0x25, 0xB0, 0xAF, 0xC4, 0xE8, 0x46, 0xCF, 0xE7, 0xB8, 0x53, 0x76, 0x0F, 0x6C, 0x12,
    0x6D, 0xE2, 0xBD, 0x26, 0xEB, 0x9F, 0x01, 0xB5, 0xDD, 0x4D, 0xAC, 0x84, 0xAD, 0x31, 0x07, 0x61,
    0x24, 0x9B, 0xF2, 0x3E, 0x1B, 0xE5, 0x44, 0xB5, 0xD7, 0xE8, 0xD4, 0x30, 0x87, 0x13, 0xE3, 0x67,
    0xE9, 0xA6, 0x16, 0x4C, 0xBC, 0x94, 0x73, 0xAA, 0x4D, 0x24, 0xA3, 0xCF, 0x3A, 0x0E, 0x36, 0x1D,
    0xB9, 0xC2, 0xF1, 0x52, 0x36, 0x2D, 0x67, 0x47, 0xA6, 0x56, 0x58, 0x09, 0x63, 0x2E, 0xDA, 0x43,
    0x37, 0xCB, 0x0B, 0x2A, 0x45, 0xA5, 0xD1, 0xA1, 0x83, 0xB6, 0x3C, 0xB1, 0xBD, 0x2A, 0xEB, 0x60,
    0xEB, 0x45, 0xD6, 0x64, 0x31, 0xA0, 0x23, 0xE8, 0x8C, 0xE7, 0xE2, 0x99, 0xF7, 0xA6, 0xCB, 0x0E,
    0x3D, 0x21, 0x6D, 0x1C, 0xC5, 0x40, 0xAB, 0x32, 0xC1, 0x70, 0x29, 0x15, 0x85, 0x95, 0xDB, 0xCB,
    0xB2, 0xCE, 0x27, 0x58, 0xFD, 0xC3, 0x2B, 0x66, 0xEF, 0xF3, 0xA4, 0x89, 0xB0, 0x0A, 0x49, 0x2D,
    0x7C, 0x49, 0xD1, 0xCB, 0x64, 0xD9, 0x6B, 0x8E, 0x53, 0x7A, 0x69, 0x47, 0x39, 0x95, 0x5E, 0xFC,
    0xC1, 0xE4, 0x7A, 0xA1, 0x1D, 0x5D, 0xCF, 0x34, 0xBD, 0xEF, 0xE9, 0x94, 0xD0, 0xD3, 0xE9, 0x66,
    0xAD, 0x7F, 0x80, 0xEF, 0x25, 0x4B, 0xD6, 0x42, 0x40, 0x17, 0x11, 0xB6, 0xDB, 0x2D, 0x64, 0xCD,
    0x82, 0xB0, 0xB7, 0xA4, 0xB2, 0x97, 0x5A, 0x73, 0x74, 0xF4, 0xF7, 0x53, 0x36, 0x18, 0x8B, 0x2B,
    0xA2, 0xB1, 0x68, 0xF5, 0xAE, 0x69, 0x5F, 0xB9, 0xBB, 0x14, 0x6D, 0xE3, 0x7A, 0x0D, 0x96, 0x08,
    0x3D, 0x61, 0xD7, 0xAC, 0x3D, 0x59, 0x18, 0xD7, 0x93, 0x2D, 0x3A, 0xAF, 0xA3, 0x72, 0xE7, 0xA9,
    0x00, 0xCB, 0x4E, 0x8C, 0x66, 0xEE, 0x9F, 0x4A, 0x96, 0x50, 0xA6, 0x51, 0x0C, 0x81, 0xED, 0x4D,
    0xFE, 0xDE, 0xD1, 0xB5, 0x4C, 0x46, 0x20, 0x8F, 0xBE, 0x6D, 0x97, 0x18, 0xBB, 0x08, 0xAB, 0x69,
    0x65, 0xB8, 0xBF, 0x1C, 0x38, 0x52, 0x73, 0x79, 0x0E, 0xDB, 0xF0, 0x6E, 0x19, 0xDC, 0x7C, 0xC5,
    0xE8, 0x3E, 0xEB, 0xB8, 0x49, 0x71, 0xEA, 0x5E, 0xC7, 0x1C, 0x35, 0xEF, 0x53, 0x48, 0xF9, 0xD8,
    0x07, 0xDE, 0xA9, 0x3F, 0xBE, 0x53, 0xBA, 0x4E, 0xCE, 0x4E, 0x30, 0x98, 0x9C, 0x02, 0x1D, 0x6E,
    0x5C, 0x47, 0xB4, 0x0E, 0x77, 0xC2, 0x9F, 0xFF, 0xB4, 0x31, 0xCF, 0x42, 0x10, 0xED, 0x52, 0x60,
    0x97, 0x61, 0xBA, 0x19, 0xE4, 0xC6, 0xDA, 0xF7, 0x85, 0x17, 0xC2, 0xA4, 0x0A, 0x6A, 0xE4, 0xA0,
    0x73, 0xCB, 0x59, 0xBE, 0xC2, 0x95, 0x98, 0x57, 0x9A, 0x95, 0xF3, 0x56, 0xBD, 0x9C, 0xA1, 0x29,
    0x7F, 0xCD, 0xDA, 0x2F, 0x92, 0xA6, 0x4A, 0x3B, 0xA5, 0xCB, 0xCB, 0x76, 0x49, 0x7A, 0x0C, 0x5B,
    0x69, 0x3C, 0x54, 0xFF, 0xE1, 0xF5, 0x47, 0xA4, 0x74, 0xDC, 0xA7, 0xE1, 0x21, 0xB7, 0xAF, 0x6D,
    0x48, 0xA1, 0x9A, 0x62, 0xD5, 0x98, 0x07, 0x77, 0xCC, 0x53, 0xAA, 0x21, 0x64, 0xBF, 0x06, 0x63,
    0x51, 0x46, 0x93, 0x1E, 0xE8, 0xEB, 0x1E, 0xDE, 0x39, 0xE4, 0xBB, 0x60, 0xFA, 0xCC, 0x47, 0x6D,
    0x26, 0x11, 0xC3, 0x39, 0xBB, 0xDB, 0xCE, 0xA9, 0xED, 0xE7, 0xD8, 0x76, 0x8B, 0x28, 0xD9, 0x13,
    0xD5, 0x41, 0x3C, 0x2A, 0x77, 0x34, 0xE6, 0x8F, 0x45, 0x7C, 0xED, 0x47, 0xB3, 0x2C, 0xC5, 0x24,
    0x7A, 0x65, 0x10, 0xA5, 0x52, 0x3F, 0x6E, 0xB8, 0x98, 0x95, 0xA8, 0x6A, 0x6C, 0x52, 0xD9, 0xEC,
    0x32, 0xE5, 0xA9, 0xEA, 0xB6, 0xDD, 0x81, 0xBB, 0xE2, 0x4F, 0x8E, 0xEF, 0xBE, 0x51, 0x6C, 0x54,
    0x97, 0x09, 0x2F, 0x8A, 0x79, 0xDB, 0xB5, 0xAA, 0xFF, 0xD1, 0xAD, 0xEA, 0xB5, 0xFB, 0xFD, 0x8E,
    0x4F, 0x47, 0xF7, 0xCF, 0x86, 0xB5, 0xFB, 0xBD, 0x69, 0xED, 0x96, 0xCB, 0xB6, 0x2B, 0x26, 0xA1,
    0x72, 0xDD, 0xBC, 0x5B, 0xBB, 0xC2, 0x55, 0xDF, 0x15, 0x23, 0x88, 0x6E, 0x0F, 0x3E, 0x2D, 0xDB,
    0x6E, 0x55, 0xAF, 0xDD, 0xBC, 0xAB, 0x68, 0x01, 0xA4, 0x9B, 0x8C, 0xD2, 0x4D, 0xD8, 0x8D, 0xA6,
    0xEA, 0x55, 0x93, 0xB4, 0x64, 0xB1, 0x6D, 0x4E, 0x7C, 0xB7, 0xB0, 0xA2, 0x9D, 0xB4, 0x9B, 0xD9,
    0xBC, 0x15, 0x03, 0x2D, 0x23, 0x90, 0x55, 0x4B, 0x47, 0x11, 0x6F, 0x2C, 0x57, 0x88, 0x6D, 0x6B,
    0xB8, 0x7A, 0xE6, 0xD5, 0xC0, 0xCE, 0xAB, 0x7E, 0xBB, 0xBC, 0x63, 0x6D, 0x94, 0x77, 0xE9, 0xA0,
    0x8C, 0x4B, 0x07, 0xE5, 0x5A, 0xDC, 0x39, 0x96, 0x19, 0xCF, 0x2F, 0xCF, 0x2C, 0xCF, 0x29, 0x65,
    0x53, 0xD4, 0x15, 0x2F, 0x81, 0x47, 0xF1, 0xA0, 0x0C, 0x92, 0x96, 0xDC, 0x91, 0x96, 0xAC, 0x41,
    0x0B, 0xBE, 0xA0, 0x05, 0x53, 0xD0, 0x8A, 0x69, 0x63, 0x0B, 0x76, 0xA0, 0x05, 0x2F, 0xD8, 0x0A,
    0x23, 0xD8, 0x0A, 0x17, 0xD8, 0xCA, 0x60, 0xD8, 0xCA, 0xFC, 0xD9, 0xCA, 0xE4, 0x23, 0xCA, 0x5C,
    0x65, 0xA3, 0x8D, 0x4E, 0x3B, 0x9C, 0x74, 0xCE, 0x22, 0x43, 0x9C, 0xB0, 0x99, 0x74, 0xB6, 0xC6,
    0x4F, 0xD6, 0xB7, 0x27, 0xAE, 0xAD, 0x4E, 0xB5, 0x54, 0xE5, 0xE6, 0x9A, 0x62, 0x8E, 0xD0, 0xFE,
    0xE7, 0xAC, 0xAD, 0xDA, 0x2B, 0xD3, 0x58, 0xB5, 0xB8, 0x17, 0xAD, 0xA2, 0x9F, 0xAB, 0x66, 0x07,
    0x28, 0xF8, 0xE6, 0xAA, 0xB9, 0xD7, 0x27, 0x37, 0x07, 0xBD, 0xB9, 0x62, 0x8A, 0xE7, 0x20, 0xAE,
    0x22, 0x51, 0xB2, 0x22, 0xD2, 0x54, 0xEF, 0xB1, 0xB1, 0x10, 0x1B, 0x53, 0x88, 0xD6, 0x11, 0x19,
    0x28, 0x44, 0x1D, 0xA1, 0x11, 0xEC, 0xD4, 0x56, 0xB0, 0x8A, 0x19, 0x9A, 0xF2, 0x54, 0x93, 0x9E,
    0xDF, 0x14, 0x25, 0x9A, 0xCE, 0x37, 0x35, 0x9A, 0x3E, 0x47, 0x93, 0xF4, 0x79, 0x9B, 0xC9, 0x1E,
    0xEF, 0x9C, 0xD1, 0x71, 0x4D, 0xEA, 0x9A, 0x6E, 0xB7, 0xC9, 0xD0, 0x5C, 0x2A, 0x09, 0xCE, 0xF2,
    0x85, 0x36, 0x27, 0x57, 0x80, 0x92, 0x38, 0xF1, 0x39, 0x16, 0xD1, 0x09, 0x3A, 0x93, 0x51, 0x69,
    0x08, 0xEF, 0xC3, 0x39, 0x20, 0x54, 0x78, 0x1E, 0x22, 0x55, 0xDC, 0x86, 0xED, 0x4B, 0xC9, 0xAC,
    0x48, 0xB9, 0x73, 0xE3, 0x0C, 0x43, 0x9E, 0xD9, 0xAE, 0x4B, 0x44, 0xAE, 0x27, 0x3C, 0x33, 0x23,
    0x2D, 0xB8, 0x1E, 0x15, 0x81, 0xC1, 0x2C, 0x62, 0x2C, 0xE6, 0x3B, 0xAF, 0xF1, 0x2C, 0x8C, 0x3A,
    0x1E, 0x30, 0xE8, 0xB4, 0x03, 0xCD, 0x5A, 0x0C, 0x59, 0xB6, 0x57, 0x8F, 0xB5, 0x15, 0x16, 0x9B,
    0x05, 0x8B, 0x45, 0x3B, 0x25, 0x77, 0x5C, 0xBE, 0x37, 0x9A, 0xE4, 0x8E, 0x09, 0x47, 0xCC, 0x4C,
    0xD4, 0xBB, 0x5C, 0x2E, 0x40, 0x00, 0xB7, 0xE5, 0x1E, 0x94, 0xC7, 0xAB, 0x72, 0x51, 0xB4, 0x33,
    0x51, 0xBF, 0xFD, 0xB5, 0xD0, 0xAF, 0x99, 0xC4, 0x84, 0x82, 0x66, 0x5B, 0xB9, 0x6F, 0xD2, 0xCB,
    0x55, 0x22, 0x68, 0x38, 0x1D, 0x67, 0x57, 0x38, 0x2D, 0x87, 0x40, 0x24, 0xFD, 0xD9, 0x75, 0x4E,
    0x30, 0xEB, 0xC6, 0x12, 0x31, 0x4E, 0xF2, 0xD7, 0x6D, 0x81, 0xBA, 0x23, 0x9E, 0xD9, 0x09, 0xA9,
    0x44, 0xC9, 0x29, 0x16, 0x39, 0x71, 0x90, 0x96, 0x64, 0x56, 0xB2, 0x60, 0x63, 0xD1, 0x18, 0x37,
    0x40, 0x95, 0x55, 0x2B, 0xF7, 0x2A, 0x16, 0x81, 0x01, 0x19, 0x6C, 0x6A, 0x6C, 0x17, 0x59, 0x96,
    0x83, 0x3E, 0xA9, 0x1F, 0x31, 0xA6, 0x14, 0x69, 0x83, 0x2E, 0xA9, 0x65, 0x68, 0x59, 0x2F, 0xFC,
    0x4F, 0x66, 0xD8, 0x2F, 0xA2, 0x8F, 0xAA, 0xDF, 0xC3, 0x18, 0xEB, 0x47, 0x78, 0xF2, 0x3E, 0xF1,
    0x79, 0x4B, 0x12, 0x5E, 0xC7, 0x8A, 0x86, 0xB8, 0x82, 0x24, 0x7A, 0x00, 0x24, 0x6C, 0xEE, 0x5E,
    0xE3, 0x23, 0x95, 0xC8, 0x08, 0x66, 0xF3, 0xB6, 0x08, 0x0D, 0x98, 0x0F, 0x76, 0x17, 0x3F, 0x96,
    0x85, 0xF9, 0x75, 0x2F, 0x3F, 0xB4, 0x84, 0xEC, 0x6E, 0x1B, 0xAE, 0x9F, 0xA0, 0x27, 0xCA, 0x07,
    0x9A, 0x24, 0x34, 0x86, 0xC2, 0x8A, 0x3E, 0xE9, 0xD8, 0xD0, 0x90, 0x13, 0xEA, 0x85, 0xB0, 0xEE,
    0xD8, 0xBB, 0x38, 0x1A, 0x80, 0xCE, 0xD2, 0x3C, 0x42, 0xCD, 0x5A, 0xE1, 0x64, 0x88, 0x6C, 0xB0,
    0xE0, 0x01, 0xA6, 0xF9, 0x59, 0x47, 0x21, 0xAF, 0x89, 0xC6, 0x8C, 0xBA, 0x1C, 0xE7, 0x7E, 0x2E,
    0x03, 0xBC, 0x86, 0x0E, 0x37, 0xC2, 0xC9, 0x29, 0xEC, 0x75, 0xA0, 0xA3, 0xDE, 0x64, 0x1B, 0x08,
    0x7B, 0x34, 0xC1, 0xD1, 0x31, 0x33, 0x91, 0xFB, 0x42, 0x37, 0xA7, 0xE1, 0x46, 0xAA, 0x08, 0x1C,
    0x2B, 0x6A, 0x9C, 0x8A, 0x13, 0x6D, 0x96, 0x2D, 0x5D, 0xB8, 0x13, 0xB0, 0x8A, 0xF2, 0x64, 0x7C,
    0x13, 0x4D, 0x96, 0x3E, 0x4E, 0x43, 0x2F, 0x00, 0x68, 0x2F, 0xEF, 0x21, 0x75, 0x4D, 0x2B, 0x8E,
    0x4D, 0x6C, 0xCB, 0x48, 0xFC, 0x9A, 0x99, 0x90, 0x64, 0xE4, 0xEE, 0x04, 0xE0, 0x6B, 0x36, 0xDC,
    0x95, 0xAF, 0x46, 0x43, 0x30, 0x05, 0x93, 0x18, 0xF8, 0x45, 0xC4, 0xBE, 0x38, 0xAE, 0xB9, 0xAB,
    0x62, 0x45, 0x38, 0xFB, 0x93, 0x81, 0x72, 0x26, 0xCE, 0x1C, 0xC4, 0xE4, 0x6F, 0xC4, 0xB3, 0x99,
    0xC4, 0xAF, 0x99, 0x45, 0xA0, 0x96, 0x46, 0x47, 0xD6, 0x00, 0x13, 0xFA, 0x03, 0x9E, 0x0C, 0xFC,
    0x18, 0x78, 0x31, 0xF0, 0x61, 0xE0, 0xC1, 0xC0, 0x7F, 0xA1, 0xF7, 0x82, 0x05, 0x8A, 0x8D, 0x79,
    0x05, 0x3A, 0x05, 0xCC, 0x4F, 0x46, 0x20, 0x89, 0x68, 0xE6, 0xE4, 0x15, 0xFF, 0xD3, 0x78, 0x10,
    0x5C, 0xCA, 0x38, 0x0F, 0xF7, 0x87, 0x02, 0xE8, 0x94, 0x19, 0xBA, 0x32, 0xE5, 0xFC, 0x79, 0xA9,
    0xDB, 0xD0, 0x5B, 0xDA, 0x38, 0xDF, 0xA5, 0xF1, 0x7E, 0xA6, 0xAA, 0x81, 0x70, 0xA2, 0xDF, 0x22,
    0xB8, 0x8F, 0x6E, 0x8B, 0x7A, 0x2D, 0x09, 0x9D, 0x16, 0xA0, 0x5C, 0xDA, 0x98, 0x99, 0x8A, 0x1F,
    0xE2, 0xF1, 0x96, 0xD8, 0xD0, 0x60, 0xC3, 0xCD, 0x0A, 0x46, 0x16, 0xC0, 0x51, 0xF9, 0xBB, 0x2D,
    0x36, 0x7D, 0xE9, 0x35, 0xDD, 0x59, 0xA9, 0x79, 0xD5, 0x98, 0x51, 0x9D, 0x91, 0x2D, 0x99, 0xEF,
    0x49, 0xB6, 0xE7, 0x51, 0x4D, 0x34, 0x4A, 0xC2, 0x49, 0x5D, 0x17, 0x7A, 0x2E, 0x74, 0x5C, 0xE8,
    0xB7, 0xA8, 0xDB, 0x12, 0x1E, 0x1D, 0xBD, 0xC9, 0x2D, 0xBE, 0xA1, 0x47, 0x39, 0x78, 0xBA, 0xFB,
    0x89, 0x06, 0x40, 0xBE, 0x74, 0x4A, 0xA7, 0x7D, 0xAA, 0xDF, 0x9F, 0xF9, 0x3C, 0x04, 0x0B, 0xD2,
    0x40, 0xAC, 0xAC, 0x92, 0xF9, 0xFC, 0xED, 0x7A, 0x13, 0x3C, 0x14, 0x6F, 0xA5, 0x0E, 0x2D, 0x34,
    0xCC, 0xBC, 0x22, 0x80, 0x07, 0xBC, 0x48, 0x1F, 0x9D, 0xB3, 0x48, 0xEB, 0xE7, 0xE7, 0x5C, 0x0E,
    0x75, 0x1A, 0x49, 0x2D, 0xD4, 0x44, 0x70, 0x87, 0x3F, 0x96, 0x9F, 0x65, 0xA9, 0x1E, 0x82, 0x45,
    0x72, 0x9F, 0x2B, 0x1E, 0x2A, 0x85, 0xD4, 0x6B, 0xF4, 0x58, 0x46, 0xEF, 0xF6, 0x5F, 0xF5, 0x91,
    0x98, 0x2F, 0xD5, 0x72, 0x95, 0xE6, 0x05, 0xB2, 0x7C, 0x24, 0x24, 0xC6, 0x5C, 0x2C, 0xD0, 0xAE,
    0x40, 0x22, 0xAA, 0xB1, 0x69, 0x55, 0x63, 0xBF, 0x4B, 0xCB, 0x75, 0x28, 0x16, 0x52, 0x00, 0x41,
    0x25, 0xA8, 0x1F, 0xE6, 0xB3, 0xF9, 0x5B, 0x28, 0x39, 0x58, 0x97, 0x18, 0x67, 0x06, 0xF3, 0x97,
    0x7C, 0x77, 0xC5, 0x44, 0xE8, 0x29, 0x4D, 0x4C, 0xEA, 0xD0, 0x3C, 0xA5, 0xF0, 0x72, 0xFF, 0x3B,
    0xB9, 0xBB, 0x9E, 0x58, 0xF5, 0xC9, 0xBC, 0xFA, 0x22, 0x15, 0x2C, 0x6E, 0x36, 0x68, 0xA4, 0xD4,
    0x83, 0xEF, 0xDF, 0xFF, 0x92, 0x2D, 0x97, 0x60, 0x15, 0xC1, 0x4F, 0xB5, 0x7C, 0x3D, 0x2C, 0x02,
    0x9D, 0x7A, 0xD5, 0x87, 0xCE, 0xBB, 0x54, 0x5F, 0xBF, 0xB1, 0xDB, 0x8F, 0xFC, 0x70, 0x22, 0xC7,
    0x4D, 0xF9, 0x71, 0x92, 0xDB, 0x8B, 0xDF, 0x17, 0x0D, 0xF9, 0xAD, 0x83, 0x2E, 0x81, 0xF6, 0x67,
    0x30, 0xF7, 0xE8, 0xE8, 0x1A, 0xA2, 0x4F, 0x13, 0xB8, 0xB4, 0x01, 0x19, 0x77, 0xE7, 0x34, 0xC9,
    0x94, 0x22, 0x1B, 0x4D, 0x3B, 0xC4, 0x4C, 0xC1, 0x39, 0x76, 0xEF, 0x2D, 0xE3, 0x60, 0x12, 0x61,
    0x5C, 0x4A, 0x9F, 0x00, 0xA4, 0x82, 0x18, 0x2C, 0x57, 0xB1, 0x4A, 0xCF, 0x1A, 0xF5, 0x07, 0xE2,
    0x21, 0x87, 0x1F, 0x02, 0xD2, 0x66, 0x02, 0x80, 0xCA, 0x94, 0x91, 0xC2, 0x5A, 0xF8, 0x7C, 0xD0,
    0x06, 0xE2, 0x88, 0x08, 0x82, 0x27, 0xDC, 0xBE, 0xFB, 0x7C, 0x27, 0x5E, 0x48, 0xD4, 0x8B, 0xC7,
    0x12, 0x89, 0x37, 0x26, 0x82, 0x26, 0x57, 0x87, 0x03, 0x96, 0x7C, 0x83, 0x25, 0x98, 0x26, 0x4F,
    0x6E, 0xBC, 0x0D, 0xD7, 0x28, 0xC6, 0xE0, 0x13, 0x47, 0xCE, 0x8C, 0x31, 0x1A, 0x45, 0x23, 0x51,
    0x62, 0x49, 0xE2, 0x21, 0x1E, 0xCE, 0xB7, 0x7D, 0x9F, 0xD7, 0x17, 0x69, 0x56, 0x5F, 0xA4, 0x10,
    0xF7, 0x43, 0x7D, 0x11, 0x60, 0xDE, 0x4E, 0xEE, 0x27, 0xEA, 0xF0, 0xE0, 0x16, 0x36, 0x9B, 0x33,
    0xBF, 0x88, 0xD1, 0x9E, 0xB2, 0xC1, 0x93, 0x77, 0xFF, 0xB6, 0xC4, 0x9C, 0x07, 0xAA, 0x9F, 0xF1,
    0xD2, 0x4B, 0x3F, 0x90, 0x6E, 0x20, 0xBD, 0x40, 0x3A, 0x81, 0xAF, 0xD1, 0x59, 0x13, 0x22, 0x4B,
    0x0E, 0xC6, 0x09, 0x9A, 0x8C, 0xC5, 0x93, 0x05, 0xC7, 0x5B, 0xF1, 0x93, 0x81, 0x6F, 0x11, 0xD4,
    0x84, 0xEF, 0x07, 0x8E, 0x03, 0x8E, 0x02, 0xCB, 0xDE, 0x7D, 0x7E, 0x04, 0xC7, 0x47, 0x70, 0x7C,
    0x23, 0x1C, 0x0F, 0x11, 0x18, 0x08, 0xA6, 0xCA, 0x3B, 0x71, 0x74, 0xEC, 0x1B, 0x2E, 0x2E, 0x38,
    0xFE, 0x78, 0xAC, 0xFE, 0xA2, 0x10, 0x99, 0xE0, 0x59, 0xB7, 0x8E, 0x7A, 0x21, 0x9D, 0xF6, 0x48,
    0xF4, 0x31, 0x5C, 0x7F, 0x90, 0x6C, 0xA7, 0x0B, 0x78, 0x2B, 0xA9, 0x35, 0x5B, 0xE1, 0xA2, 0x13,
    0xDB, 0x38, 0x05, 0x9E, 0xE8, 0x10, 0xBE, 0x00, 0xC2, 0x37, 0xEE, 0x15, 0x8F, 0xB8, 0x78, 0xF4,
    0x82, 0x9E, 0xF7, 0x11, 0x5D, 0x19, 0xA3, 0xDE, 0x0C, 0x5D, 0x7D, 0x6C, 0x55, 0xD7, 0xB3, 0xF6,
    0xA7, 0xE6, 0x80, 0x2A, 0xD3, 0x3F, 0xC1, 0xA4, 0x77, 0x7C, 0x2F, 0x7F, 0xCF, 0xF7, 0xAA, 0x77,
    0x7C, 0xCF, 0x7A, 0xB7, 0x29, 0x9A, 0x43, 0xD7, 0x4B, 0x36, 0xBE, 0x97, 0x0D, 0xD2, 0xFB, 0x83,
    0x6B, 0x78, 0xC2, 0xBF, 0x5E, 0x5F, 0x34, 0x27, 0xE0, 0xB6, 0xB7, 0xE6, 0x08, 0x74, 0x9F, 0xC3,
    0x79, 0xB7, 0x77, 0xFF, 0x0E, 0xCF, 0xBA, 0xFB, 0xA2, 0x46, 0x26, 0xA1, 0x0B, 0x5D, 0xAF, 0xAA,
    0x7D, 0xCF, 0xFA, 0xB8, 0x25, 0xEC, 0x94, 0xF6, 0x98, 0x63, 0x1A, 0x7D, 0xE2, 0x44, 0x7B, 0x48,
    0x55, 0xA9, 0x1E, 0x84, 0x13, 0xA5, 0x63, 0xA9, 0xC8, 0xBF, 0xA3, 0xA3, 0x9F, 0x23, 0xBC, 0xCB,
    0x41, 0x38, 0xD1, 0xAD, 0xD6, 0xDE, 0x45, 0x6B, 0x6F, 0x51, 0x12, 0x57, 0x9E, 0xF8, 0xB6, 0xBC,
    0x17, 0x5F, 0xFF, 0xAA, 0xC4, 0x3F, 0xC4, 0x49, 0x18, 0x2A, 0x91, 0xFB, 0xE1, 0x0A, 0x4C, 0x4E,
    0xB4, 0x59, 0x2B, 0x36, 0xB4, 0xB2, 0xE5, 0x41, 0x27, 0xC8, 0x27, 0x17, 0xD1, 0xE8, 0x8A, 0x8E,
    0xE1, 0x9E, 0x4E, 0x26, 0x55, 0xF4, 0xA2, 0x97, 0x1B, 0x0C, 0x32, 0x5B, 0x18, 0x60, 0x7B, 0xC7,
    0x32, 0x6A, 0x5F, 0xFC, 0x8C, 0x9A, 0x5A, 0x1E, 0x3C, 0xBA, 0xC0, 0x5B, 0xA9, 0x81, 0x37, 0xBA,
    0xAD, 0x25, 0x27, 0xF5, 0x2D, 0x21, 0xF0, 0x0D, 0x6F, 0x8A, 0x0F, 0x26, 0x0E, 0x5B, 0x3C, 0x23,
    0x67, 0x80, 0xBC, 0x57, 0xA4, 0x4C, 0x15, 0xF7, 0xD4, 0xDE, 0x7E, 0x17, 0x71, 0xDC, 0xCB, 0x73,
    0xF2, 0x23, 0x6A, 0xCB, 0xCB, 0xF6, 0x8E, 0x4A, 0x0E, 0xAC, 0x48, 0xAE, 0x8D, 0xFC, 0x20, 0xF2,
    0x15, 0x2E, 0x0C, 0x38, 0xC2, 0x4B, 0x13, 0x47, 0x39, 0x05, 0xF7, 0x3A, 0xE6, 0xE9, 0xA2, 0xD6,
    0x65, 0x6A, 0x7C, 0xD4, 0xCC, 0x79, 0xEB, 0xCB, 0x5E, 0x88, 0x6D, 0xDB, 0x14, 0x76, 0xD2, 0x01,
    0xB3, 0xB9, 0x70, 0xAC, 0x79, 0xBA, 0x78, 0x6D, 0x64, 0x3F, 0x8B, 0xCC, 0xB5, 0x32, 0x76, 0x34,
    0x62, 0xAF, 0x2E, 0xFC, 0xC5, 0x07, 0x65, 0x32, 0xF3, 0xB7, 0x48, 0x98, 0x7F, 0x79, 0x20, 0xC2,
    0x87, 0x02, 0xCC, 0x74, 0x80, 0xE6, 0xC0, 0xBE, 0x89, 0x9B, 0x1F, 0x6C, 0x5E, 0x1E, 0x55, 0x4E,
    0x26, 0xFD, 0x0D, 0xDE, 0x58, 0x9B, 0x8C, 0x3F, 0xF4, 0x39, 0x1E, 0x3C, 0xD0, 0x99, 0x93, 0x79,
    0xDB, 0x2C, 0x3E, 0x9F, 0xC5, 0x53, 0xC4, 0x81, 0x1D, 0x75, 0x81, 0x7B, 0x6D, 0xB0, 0xAB, 0x8A,
    0x97, 0x6F, 0xED, 0x84, 0x09, 0xE7, 0xBD, 0x00, 0x9F, 0x8C, 0xE5, 0xDF, 0x35, 0x12, 0x86, 0x53,
    0x1D, 0xCF, 0x66, 0x5A, 0xDA, 0x70, 0xE0, 0xA8, 0x95, 0xDB, 0xAD, 0x6B, 0x10, 0x1E, 0x12, 0x7E,
    0x42, 0x4F, 0x88, 0x43, 0x2D, 0xCA, 0xED, 0xF2, 0xAC, 0x77, 0xE9, 0x57, 0xFE, 0xFB, 0x4F, 0xD8,
    0x22, 0x3C, 0x0B, 0x87, 0x1D, 0xD2, 0x4C, 0x69, 0x6D, 0x7E, 0xD2, 0x7F, 0xCA, 0x88, 0x44, 0xBE,
    0x94, 0x5C, 0xC9, 0xD5, 0xE9, 0xCB, 0x37, 0x01, 0x50, 0x02, 0x61, 0x0F, 0xA5, 0x35, 0xD4, 0x30,
    0xDB, 0x66, 0x9B, 0x4A, 0xD4, 0x40, 0x5F, 0xDE, 0xEE, 0x24, 0xDE, 0x8C, 0xF9, 0xA6, 0xED, 0x2B,
    0xA8, 0x95, 0xE1, 0x04, 0x8A, 0xA4, 0x5B, 0xB8, 0xEB, 0xC5, 0xBE, 0x2F, 0x54, 0x51, 0x9A, 0x7C,
    0x0D, 0x99, 0x7B, 0x8D, 0x46, 0xE6, 0x47, 0xB9, 0x94, 0x88, 0xE7, 0xB6, 0x01, 0x02, 0x21, 0xA2,
    0x7F, 0xA9, 0x46, 0x26, 0x2A, 0xA2, 0x5E, 0x93, 0x06, 0x8C, 0xE2, 0x5C, 0x01, 0xA4, 0x84, 0xC5,
    0xC5, 0x96, 0x6C, 0xC0, 0x98, 0xE2, 0x57, 0x88, 0xE1, 0xD1, 0x6F, 0x5E, 0x3E, 0x66, 0x6E, 0x97,
    0x97, 0x4B, 0xD8, 0x9A, 0xB7, 0x99, 0x41, 0x2A, 0x21, 0xD2, 0x10, 0x72, 0x0B, 0x89, 0x2F, 0xC0,
    0xD1, 0xA2, 0xC4, 0x76, 0x51, 0x02, 0x39, 0xAB, 0x49, 0xB0, 0x35, 0x5A, 0x4F, 0x9A, 0xB6, 0xA9,
    0x65, 0x68, 0x95, 0xC0, 0x84, 0x56, 0x86, 0xF7, 0xAB, 0x4E, 0x46, 0xF7, 0x13, 0xE8, 0x51, 0x9A,
    0x2F, 0x32, 0xE1, 0x14, 0xD1, 0x50, 0x0D, 0x82, 0x29, 0xB6, 0x8C, 0x96, 0x63, 0x06, 0xAD, 0x26,
    0x37, 0x1D, 0x46, 0x6A, 0x2E, 0x01, 0x1C, 0x65, 0x2D, 0x4C, 0xF0, 0x90, 0x02, 0xB5, 0x80, 0x7D,
    0x54, 0xA1, 0x84, 0x09, 0x0C, 0xFB, 0x04, 0xF5, 0x1E, 0x88, 0x14, 0x98, 0x31, 0x6B, 0x0E, 0x2E,
    0x45, 0x2F, 0x47, 0x0E, 0xAE, 0x42, 0x9E, 0x0A, 0x3B, 0x1B, 0xDB, 0x6D, 0x8E, 0x37, 0x2E, 0x62,
    0x34, 0xE7, 0x90, 0xA9, 0x46, 0xAE, 0x5F, 0xAC, 0x37, 0x53, 0x04, 0x32, 0x84, 0x01, 0xFA, 0x27,
    0x7F, 0x40, 0x5A, 0xD5, 0x62, 0xCF, 0xDB, 0x74, 0x83, 0x00, 0xFC, 0x02, 0x31, 0x15, 0x61, 0xB1,
    0x88, 0xFF, 0x59, 0x93, 0x2D, 0x25, 0x12, 0xEF, 0xE0, 0x81, 0xAD, 0xAF, 0x00, 0xC5, 0x32, 0xFB,
    0xF8, 0x2A, 0x52, 0x5E, 0x15, 0x10, 0x6D, 0xFE, 0x23, 0xB9, 0x2C, 0xFD, 0x35, 0xB4, 0x24, 0x15,
    0x1B, 0xE5, 0xE4, 0x0F, 0xF7, 0xA3, 0x6F, 0xC3, 0x7D, 0xC4, 0xFC, 0x92, 0x52, 0x48, 0x0E, 0xF6,
    0x34, 0x75, 0x34, 0x8A, 0xAF, 0x17, 0x8D, 0x82, 0x00, 0xA3, 0x51, 0x86, 0x1A, 0x8D, 0xF2, 0xA4,
    0xE8, 0x43, 0x4B, 0xE9, 0x28, 0x41, 0x44, 0x95, 0xDB, 0x9F, 0xC9, 0x77, 0x0B, 0x18, 0xB9, 0x49,
    0x70, 0x0A, 0xC0, 0xD9, 0x28, 0x3C, 0x91, 0x1B, 0x58, 0xDC, 0x4A, 0x4C, 0xE0, 0x20, 0xE6, 0x53,
    0x48, 0x32, 0x45, 0xBD, 0x09, 0x46, 0x28, 0x81, 0x43, 0x0D, 0x67, 0xCE, 0xCE, 0x56, 0x61, 0x01,
    0x0E, 0x83, 0x66, 0x60, 0x02, 0x33, 0xDB, 0x18, 0x8D, 0x3B, 0x31, 0x8A, 0x1D, 0x88, 0xCC, 0xD4,
    0xDC, 0xC2, 0x54, 0x5D, 0x55, 0x59, 0xA9, 0xC4, 0x9F, 0xA8, 0xF8, 0x2F, 0xDA, 0xCC, 0x66, 0xCD,
    0x9F, 0x6D, 0x9B, 0x65, 0xF7, 0x94, 0xBA, 0xD1, 0x44, 0x75, 0xC5, 0xBB, 0xE8, 0x96, 0x59, 0x20,
    0xFA, 0xF0, 0x88, 0x00, 0xB5, 0x65, 0x73, 0x25, 0xAA, 0x0B, 0x22, 0x19, 0x0B, 0x58, 0xDA, 0xA8,
    0x81, 0xCB, 0x9C, 0x49, 0x3E, 0x76, 0xCE, 0x70, 0xB5, 0x05, 0x47, 0x6B, 0x3C, 0x2E, 0x72, 0xCD,
    0xEC, 0xCC, 0xB9, 0xFE, 0xE8, 0x1A, 0x3A, 0x2E, 0x09, 0xE6, 0xEC, 0x30, 0x85, 0x15, 0x9F, 0x40,
    0x9E, 0x20, 0x92, 0x5A, 0x74, 0x9A, 0x1E, 0xC1, 0x56, 0x3C, 0x41, 0xB0, 0x90, 0x86, 0x70, 0x4B,
    0xB8, 0x53, 0xC1, 0xEF, 0x81, 0xC9, 0x29, 0xB1, 0x32, 0x69, 0xC7, 0xBC, 0x82, 0x30, 0xA9, 0x29,
    0x13, 0x70, 0x30, 0x20, 0x4E, 0xBE, 0x4C, 0x35, 0x73, 0x73, 0x8D, 0x05, 0x0F, 0xBE, 0xCA, 0x80,
    0x20, 0x38, 0xA4, 0xF0, 0x55, 0x1E, 0x16, 0x05, 0x40, 0xDA, 0x46, 0xD1, 0x8D, 0x8F, 0x39, 0x99,
    0xF8, 0x14, 0xDE, 0x3E, 0xEF, 0xF3, 0x7F, 0x71, 0xE1, 0x1C, 0x8F, 0xE7, 0x1D, 0xB8, 0x76, 0x16,
    0x2F, 0x7E, 0x69, 0xD6, 0x36, 0xE8, 0xCC, 0xE3, 0xD8, 0x7A, 0x0D, 0xBC, 0xFF, 0x69, 0xD7, 0xFB,
    0x67, 0x88, 0x53, 0xED, 0xC8, 0x5F, 0xEE, 0x0E, 0x1E, 0xA8, 0x71, 0x04, 0x99, 0x40, 0x36, 0x82,
    0xB7, 0xD3, 0x3E, 0xAB, 0x81, 0x62, 0xB0, 0x76, 0xA9, 0x7A, 0x75, 0xB4, 0x39, 0x79, 0xEB, 0x20,
    0x43, 0xC8, 0xF0, 0x36, 0x98, 0x1B, 0x91, 0xD1, 0x17, 0x35, 0xC1, 0xD4, 0x7B, 0xED, 0x19, 0x9F,
    0xD6, 0x3B, 0xDF, 0xC2, 0x1D, 0xAE, 0xE2, 0x57, 0xB1, 0x69, 0x55, 0x57, 0x88, 0x25, 0xA8, 0x73,
    0xC0, 0x56, 0x15, 0xBA, 0x03, 0xB1, 0x7F, 0x51, 0x2D, 0xDA, 0x2A, 0x86, 0xAE, 0x20, 0xE6, 0x47,
    0x3E, 0x59, 0x66, 0x05, 0x61, 0xC9, 0x27, 0x1F, 0x72, 0xDE, 0x8F, 0x38, 0x7F, 0xF3, 0xE8, 0xE8,
    0x1F, 0x69, 0xC4, 0xCB, 0x82, 0x04, 0x62, 0xF1, 0x2C, 0x16, 0xF4, 0x0A, 0x86, 0xFB, 0xA4, 0x33,
    0x04, 0xAB, 0x6B, 0x32, 0xFA, 0x7C, 0x0F, 0xBF, 0x2F, 0x54, 0x82, 0x3B, 0xD8, 0xCC, 0xD1, 0xB3,
    0x52, 0x81, 0x50, 0xB3, 0x56, 0xB4, 0x9C, 0x22, 0x95, 0xF9, 0x06, 0x4E, 0xB9, 0x0A, 0xC1, 0xAB,
    0xEA, 0x64, 0x83, 0x1D, 0xC0, 0x82, 0xA9, 0x5A, 0xAB, 0x91, 0x1E, 0x31, 0x41, 0xF9, 0xAC, 0xF8,
    0x35, 0x79, 0x09, 0xB7, 0xA6, 0x12, 0x36, 0x4C, 0x9A, 0xD1, 0x81, 0xE9, 0x01, 0xCA, 0xBB, 0xB4,
    0x03, 0x3C, 0x0F, 0x04, 0xA0, 0x59, 0x3D, 0xB8, 0x5D, 0xD2, 0x2F, 0xE8, 0xF0, 0xF5, 0x2A, 0x02,
    0x2C, 0xB1, 0x4C, 0x88, 0x4E, 0xE2, 0xF1, 0xAF, 0x39, 0x49, 0xAD, 0x4F, 0x15, 0xAE, 0x7C, 0x41,
    0x9D, 0x64, 0xC9, 0xDE, 0xF1, 0xE5, 0x2F, 0xBF, 0xF0, 0xD5, 0x2F, 0xBF, 0x58, 0x8B, 0x5F, 0x76,
    0x6A, 0x5F, 0xD6, 0xD2, 0x97, 0xB5, 0xF2, 0x65, 0x2D, 0x7C, 0xF1, 0x75, 0x2F, 0x6B, 0xD9, 0x4B,
    0xEC, 0xAB, 0x5E, 0xD6, 0xA2, 0x97, 0xB5, 0xE6, 0xC5, 0x97, 0xBC, 0xAC, 0x15, 0x2F, 0x6B, 0xC1,
    0xCB, 0x5A, 0xEF, 0xE2, 0xCB, 0x5D, 0x7E, 0xE3, 0xAB, 0x5D, 0xFE, 0xCB, 0x17, 0xBB, 0xFC, 0x13,
    0x6A, 0x5D, 0xB6, 0x56, 0xB2, 0xDD, 0xE2, 0x29, 0x06, 0x5E, 0x42, 0x4D, 0x94, 0x52, 0x1B, 0x5E,
    0x7C, 0xE8, 0xC0, 0x9A, 0x7C, 0x5E, 0xF4, 0xAE, 0x78, 0x3A, 0xFB, 0xFD, 0xC3, 0x2A, 0x00, 0xE8,
    0x91, 0xC8, 0x15, 0xDE, 0xD1, 0x1B, 0x78, 0x48, 0x10, 0x9B, 0xFB, 0x3C, 0xB6, 0x5B, 0x6B, 0xA6,
    0xC5, 0x59, 0x1B, 0xCD, 0x8B, 0xEA, 0x8E, 0xE2, 0x0F, 0xC1, 0xFE, 0x84, 0xB4, 0x2A, 0x42, 0x6B,
    0x22, 0xB4, 0x22, 0x42, 0xEB, 0x21, 0xB4, 0x1A, 0x42, 0x6B, 0x21, 0xB4, 0x12, 0x42, 0xEB, 0x20,
    0xB4, 0x52, 0xA4, 0x78, 0x1E, 0x9E, 0x4B, 0xF1, 0x1C, 0x14, 0xA8, 0xD6, 0x3F, 0x30, 0x1F, 0x5F,
    0x15, 0xA5, 0x6C, 0xD5, 0x4A, 0x6B, 0x41, 0xB4, 0xEE, 0x41, 0xAB, 0x1E, 0xB4, 0xE6, 0x41, 0x2B,
    0x1E, 0xB4, 0xE4, 0x43, 0xAB, 0x1D, 0xB4, 0xD6, 0xC1, 0xD5, 0x78, 0xB0, 0xCE, 0x41, 0xAB, 0x1C,
    0xB4, 0xC6, 0xC1, 0x55, 0x38, 0x98, 0xDE, 0x4B, 0x4B, 0x3C, 0xFB, 0x30, 0x8B, 0x8A, 0x20, 0xD5,
    0x6A, 0xD1, 0xAD, 0x6A, 0x75, 0xF4, 0xF1, 0xCF, 0x6D, 0x4D, 0x42, 0x7E, 0x0B, 0x15, 0x09, 0xB3,
    0xD6, 0x23, 0xA0, 0x1A, 0xA1, 0x44, 0x2D, 0x42, 0x2D, 0x48, 0x36, 0x6F, 0xE1, 0x98, 0xB6, 0x72,
    0x79, 0xD6, 0xB2, 0x06, 0xC1, 0x95, 0x17, 0xEC, 0x92, 0x6E, 0x9F, 0xF4, 0x9E, 0x24, 0xA8, 0xD2,
    0x88, 0x07, 0xB1, 0x00, 0xE1, 0x6E, 0x28, 0xE5, 0x8D, 0xDD, 0xE2, 0xC5, 0x42, 0x93, 0x80, 0x1A,
    0xDD, 0x4A, 0xD5, 0xA7, 0x76, 0x45, 0xA5, 0x5F, 0xD9, 0x47, 0xA1, 0xFA, 0x5B, 0xA2, 0x67, 0x66,
    0x7F, 0xC3, 0xEB, 0x8A, 0x40, 0x1D, 0x7A, 0xB5, 0xC6, 0x85, 0xE1, 0x5F, 0xF9, 0xEB, 0xEA, 0xF9,
    0xEB, 0x99, 0x91, 0x9A, 0xED, 0x48, 0xA3, 0x39, 0xF1, 0xBF, 0xE9, 0x83, 0xFE, 0x59, 0xEB, 0xF3,
    0x7E, 0xAC, 0x17, 0x3C, 0xA7, 0x97, 0x6B, 0x50, 0xFB, 0xC4, 0x17, 0x9C, 0x42, 0x83, 0xCB, 0xFD,
    0xC1, 0x6B, 0xB1, 0x98, 0x50, 0x36, 0xD1, 0x40, 0x29, 0x13, 0xFD, 0x8F, 0x7C, 0x6E, 0xBA, 0xF5,
    0x49, 0x91, 0x7A, 0x3D, 0x3A, 0xBA, 0xBE, 0xE1, 0x8E, 0x8C, 0x58, 0x6E, 0xE8, 0xAA, 0x14, 0x7D,
    0xFD, 0xA1, 0x48, 0x3F, 0x17, 0xA7, 0x2A, 0xE3, 0x3B, 0x2C, 0x3B, 0xAD, 0x50, 0x54, 0x67, 0x67,
    0x88, 0x67, 0xB1, 0x06, 0xCC, 0x72, 0x9F, 0x17, 0x61, 0x6A, 0x81, 0x81, 0x87, 0x37, 0xB7, 0xF8,
    0x80, 0xD7, 0xE3, 0xD7, 0x59, 0x84, 0x2C, 0x40, 0xF5, 0x43, 0xB8, 0x92, 0x00, 0xE6, 0x4E, 0x6B,
    0x24, 0x28, 0xEC, 0xD9, 0xF8, 0x5B, 0x2B, 0x47, 0x58, 0x43, 0x80, 0xFB, 0x9F, 0xB0, 0x3E, 0x5D,
    0xDE, 0x88, 0x5D, 0xBD, 0x16, 0x21, 0xAC, 0xC0, 0xC1, 0x17, 0xE0, 0x9A, 0xDF, 0xFB, 0xFF, 0xF8,
    0xD4, 0xFD, 0xC7, 0xA7, 0xB6, 0x9F, 0xC2, 0xF1, 0x58, 0x39, 0x23, 0xE3, 0x6D, 0xF7, 0x38, 0x9E,
    0xB9, 0x49, 0x16, 0x6E, 0x4B, 0x36, 0xB5, 0x4F, 0xE1, 0xEC, 0xD6, 0x41, 0xFF, 0x2F, 0xC6, 0xB3,
    0x36, 0x9F, 0x2B, 0x9E, 0xB5, 0x6F, 0x8E, 0x19, 0xB6, 0x32, 0xDE, 0xAC, 0x86, 0x76, 0x27, 0x29,
    0xE4, 0x8A, 0x70, 0xCF, 0x60, 0xF0, 0x5B, 0xE6, 0x09, 0x16, 0xAF, 0xD6, 0x1B, 0x18, 0x66, 0xFB,
    0x9B, 0xC1, 0x14, 0xB7, 0x64, 0xBA, 0x2D, 0x8C, 0x72, 0x62, 0xB5, 0x9C, 0xC4, 0x6A, 0x85, 0x89,
    0x86, 0x76, 0x52, 0xAB, 0xB5, 0x47, 0x2F, 0xB1, 0xA2, 0x6A, 0x4E, 0x19, 0xD8, 0x1F, 0x13, 0x58,
    0x8B, 0xB4, 0xA3, 0x0A, 0x2C, 0x4A, 0xD4, 0xAB, 0x89, 0x3E, 0x40, 0x23, 0xEA, 0x57, 0x9A, 0x9A,
    0xF5, 0xD1, 0x45, 0x5D, 0xB1, 0x20, 0xEB, 0x9D, 0x99, 0xF9, 0x83, 0x5F, 0x8E, 0x2C, 0x64, 0x62,
    0x24, 0xAE, 0xA6, 0x2E, 0x14, 0xF4, 0xB7, 0x50, 0x85, 0xC4, 0x32, 0x74, 0x11, 0x9A, 0x54, 0x98,
    0x75, 0x80, 0x9A, 0x44, 0x3A, 0x4D, 0x37, 0x88, 0xEE, 0xCD, 0x9F, 0x8A, 0x43, 0xB5, 0xB7, 0xFB,
    0x7E, 0xB0, 0xD5, 0x97, 0xBA, 0xEA, 0x9A, 0x00, 0x23, 0x67, 0xB5, 0x1E, 0x59, 0x7F, 0x74, 0xF2,
    0xDE, 0x9F, 0xBF, 0xE2, 0xA1, 0xED, 0xBF, 0x06, 0xD0, 0xBF, 0xE4, 0x4E, 0xF0, 0x04, 0x24, 0x55,
    0xA3, 0x4B, 0x45, 0xC9, 0x8C, 0x33, 0x96, 0x51, 0x55, 0x62, 0x22, 0xEA, 0xF0, 0x03, 0x64, 0xAC,
    0x92, 0x6E, 0x46, 0xAD, 0x23, 0xCA, 0xF8, 0xCB, 0x1B, 0xA0, 0xAF, 0x23, 0xCA, 0x51, 0xBC, 0xDB,
    0x8A, 0x3A, 0xC9, 0x2D, 0x8B, 0xFD, 0xE1, 0xD4, 0xE3, 0x72, 0xDC, 0x84, 0xDE, 0x17, 0x31, 0xB7,
    0xB9, 0xC1, 0x4C, 0xD6, 0xD3, 0xDB, 0x7A, 0x70, 0xA4, 0x1F, 0x9F, 0xD0, 0x58, 0x51, 0x34, 0x8B,
    0x0B, 0x28, 0x22, 0x24, 0x2B, 0x50, 0xF5, 0x39, 0x12, 0x1E, 0x62, 0xDF, 0x02, 0xBE, 0x1C, 0xF0,
    0x18, 0x82, 0x30, 0x9F, 0x36, 0x81, 0x40, 0x2B, 0x0A, 0xFD, 0xC8, 0x12, 0x32, 0x56, 0x90, 0xB1,
    0x80, 0x8C, 0xF5, 0x63, 0x2C, 0x1F, 0x63, 0xF5, 0x18, 0x8B, 0xC7, 0x90, 0x40, 0x60, 0xE9, 0x18,
    0x2B, 0xC7, 0x58, 0x38, 0xC6, 0xBA, 0xB1, 0xCC, 0x7B, 0x14, 0xDB, 0x04, 0x42, 0x33, 0xFB, 0x52,
    0xB0, 0x42, 0x0B, 0xC6, 0x14, 0x62, 0xC8, 0x44, 0xAE, 0xC2, 0xC3, 0x6A, 0x20, 0x28, 0xAC, 0x81,
    0xA4, 0x5B, 0x9A, 0x00, 0xAD, 0x46, 0x83, 0x38, 0x46, 0x66, 0x20, 0x88, 0x0E, 0x7E, 0xDB, 0x45,
    0x63, 0x58, 0xD7, 0x43, 0xF0, 0x65, 0x83, 0x4D, 0x8C, 0xAB, 0xF0, 0xB6, 0xC3, 0x08, 0xBB, 0x75,
    0x78, 0xCA, 0xE2, 0x7E, 0x0A, 0x9E, 0xC2, 0xDC, 0x2C, 0xE4, 0x69, 0x86, 0x54, 0x65, 0xEA, 0x79,
    0xDA, 0x93, 0xA7, 0x28, 0x57, 0xAD, 0x85, 0xA7, 0x95, 0x79, 0xA9, 0x37, 0xF6, 0x5C, 0x9E, 0x06,
    0xE0, 0xA9, 0xD9, 0xF2, 0xF4, 0x84, 0x95, 0x75, 0xB3, 0x8F, 0xA2, 0xE5, 0xCA, 0x53, 0x00, 0xB4,
    0x40, 0xC3, 0x44, 0x70, 0x76, 0x3A, 0x71, 0x02, 0x52, 0x18, 0x63, 0xE1, 0x76, 0xF7, 0x39, 0xD3,
    0x2E, 0xC1, 0xFD, 0x30, 0xF1, 0x2B, 0xE0, 0xD4, 0x53, 0xB0, 0xD6, 0x45, 0x4B, 0x15, 0x25, 0x72,
    0x99, 0x4C, 0xC9, 0xCC, 0xA4, 0xAA, 0xC0, 0x37, 0xF8, 0xED, 0x51, 0x1D, 0xEE, 0x20, 0xE3, 0xE0,
    0x42, 0x63, 0x0F, 0x53, 0xF5, 0x64, 0xE4, 0x93, 0xDA, 0xBB, 0xCD, 0x02, 0xCB, 0xF7, 0xE2, 0x79,
    0x48, 0x76, 0x87, 0xB4, 0x5F, 0x3F, 0xEE, 0xF0, 0xF0, 0x01, 0x1B, 0xA5, 0x2F, 0xEC, 0xF2, 0x0F,
    0x6A, 0x4D, 0xEF, 0x4D, 0x58, 0xCC, 0x99, 0xFE, 0xF7, 0xD1, 0x75, 0xE6, 0x8B, 0x7A, 0xB0, 0xBD,
    0x0F, 0x35, 0xCE, 0xC2, 0xC8, 0xE5, 0x0F, 0x01, 0x76, 0x20, 0x98, 0xAF, 0x4F, 0x2E, 0x7A, 0x92,
    0xF6, 0x0D, 0x04, 0x93, 0xF9, 0x35, 0x5C, 0xFD, 0x0A, 0x60, 0xFD, 0xA3, 0xE7, 0x32, 0x76, 0x03,
    0xC6, 0xE2, 0x9D, 0x1A, 0x81, 0xD8, 0x19, 0x42, 0x04, 0xC2, 0x01, 0x54, 0x9D, 0xC6, 0xA8, 0x61,
    0x3E, 0x10, 0xC6, 0xC6, 0x02, 0x69, 0x66, 0xD4, 0x88, 0x11, 0x7A, 0xD3, 0x6A, 0x13, 0x83, 0xA1,
    0x53, 0x0A, 0x63, 0xE5, 0x31, 0x3D, 0x78, 0x66, 0xAF, 0xDB, 0x1E, 0x2A, 0xB6, 0xD6, 0x8C, 0xA1,
    0xC6, 0x27, 0xA0, 0xC4, 0x63, 0x5C, 0xC3, 0x40, 0xBC, 0x40, 0xD0, 0x56, 0x1C, 0x71, 0x19, 0xD1,
    0xB7, 0x4D, 0x78, 0x7A, 0xA1, 0x3F, 0x1B, 0x4F, 0xB7, 0x7C, 0xF9, 0xA2, 0x79, 0x4A, 0x15, 0x5D,
    0x71, 0xAE, 0xA2, 0x9E, 0xC3, 0x51, 0xF4, 0x74, 0x04, 0x9D, 0x17, 0x95, 0xE6, 0xE9, 0x8F, 0x93,
    0xCE, 0x8D, 0x96, 0x0E, 0x26, 0xC2, 0x03, 0xE8, 0xC3, 0xAA, 0x84, 0xC5, 0x2C, 0x8B, 0x3A, 0x44,
    0x1D, 0xB0, 0x98, 0xD0, 0x26, 0x3C, 0x87, 0x89, 0xBD, 0xCB, 0x41, 0xAC, 0x4C, 0xCC, 0xCE, 0x65,
    0xE2, 0x13, 0xC8, 0xF1, 0xDF, 0x40, 0x2D, 0x8D, 0x85, 0x1C, 0x37, 0x5D, 0x25, 0xEC, 0x1E, 0x65,
    0x0F, 0xC5, 0x73, 0xC4, 0xFA, 0x74, 0x18, 0x1D, 0xF9, 0x6F, 0xE7, 0x23, 0xEC, 0xB8, 0x46, 0x5D,
    0xAC, 0xE4, 0xD2, 0x31, 0xEE, 0x95, 0xF0, 0xA5, 0x97, 0x7B, 0xCB, 0xE7, 0xFD, 0x93, 0x4B, 0xF6,
    0xFD, 0x37, 0xF0, 0xB4, 0x49, 0x49, 0xE6, 0xE2, 0x86, 0x7F, 0x64, 0xC4, 0x29, 0x42, 0x2D, 0xB1,
    0xE8, 0xCC, 0x42, 0xEC, 0x22, 0xDE, 0xAE, 0xA1, 0xF5, 0x04, 0xBE, 0x7D, 0x2B, 0xAA, 0xCF, 0xB8,
    0x65, 0x80, 0xE7, 0x28, 0x60, 0x95, 0x23, 0x68, 0xCE, 0xBE, 0x80, 0x70, 0xF6, 0x40, 0xCE, 0xA6,
    0x56, 0x77, 0x11, 0xE1, 0xBF, 0x8C, 0xEE, 0xAF, 0x41, 0x79, 0x70, 0x70, 0x82, 0x4C, 0xD4, 0x86,
    0x78, 0xBC, 0xF9, 0xAE, 0xE5, 0xDB, 0x1F, 0x83, 0x8C, 0xE8, 0x34, 0x24, 0x02, 0xB7, 0xC0, 0x27,
    0x1C, 0x97, 0x8E, 0x6F, 0xCF, 0x94, 0x8D, 0xDD, 0x23, 0xBB, 0xCF, 0x43, 0xC6, 0x04, 0xB6, 0x80,
    0x21, 0x38, 0xC0, 0x13, 0xB1, 0x7C, 0xA2, 0xAB, 0x65, 0x44, 0x33, 0x7C, 0xA4, 0xE2, 0xD0, 0x7C,
    0x75, 0x6B, 0xA0, 0x3B, 0xA0, 0x47, 0xC1, 0x47, 0x05, 0x69, 0xFC, 0x31, 0xFF, 0x22, 0xFD, 0x37,
    0x8A, 0x5F, 0x52, 0x46, 0x90, 0xD9, 0x1E, 0xF9, 0x81, 0x1A, 0x26, 0x2A, 0x1A, 0xA0, 0x05, 0xA2,
    0x09, 0x21, 0x9E, 0xD0, 0x7E, 0x97, 0xA2, 0xC9, 0x4A, 0xFF, 0x0C, 0xC1, 0x7A, 0xC1, 0x07, 0xF4,
    0x88, 0xBE, 0xED, 0x5C, 0xE6, 0x87, 0xA7, 0xF6, 0x95, 0x78, 0x57, 0xC6, 0x9D, 0xD5, 0x13, 0xE3,
    0xC0, 0xD0, 0x6E, 0x00, 0x5D, 0x21, 0x74, 0xDB, 0x8D, 0xB8, 0x37, 0x4F, 0x06, 0xFD, 0x03, 0xAD,
    0x7F, 0x45, 0x9D, 0x8E, 0x57, 0x0A, 0x01, 0xE3, 0xC7, 0xD1, 0x86, 0x98, 0xBF, 0x83, 0xA7, 0x1A,
    0x96, 0x5A, 0xAE, 0xF3, 0xD0, 0xD5, 0x14, 0x53, 0xD5, 0x61, 0x52, 0xF2, 0x43, 0x28, 0x13, 0xC2,
    0x74, 0xC4, 0xCD, 0x7B, 0xFA, 0x41, 0xF2, 0xD2, 0x69, 0x33, 0xBC, 0x7E, 0x55, 0x8A, 0xAF, 0xD2,
    0x74, 0x90, 0xF6, 0x11, 0xF5, 0x2E, 0x0B, 0x3C, 0x65, 0x86, 0xF2, 0x13, 0x13, 0xEF, 0xC4, 0x33,
    0xD2, 0x85, 0x91, 0x92, 0xD9, 0x25, 0xEB, 0x8B, 0xEB, 0x32, 0x8B, 0xA2, 0xCC, 0x00, 0x4B, 0x43,
    0xA6, 0x11, 0x1A, 0x44, 0x2D, 0x0A, 0x86, 0x33, 0x3A, 0xA2, 0xF4, 0x1D, 0x82, 0xE0, 0x20, 0x5D,
    0x16, 0x06, 0xC6, 0x0A, 0xAC, 0x5D, 0x81, 0xF1, 0x16, 0xCF, 0x5B, 0x86, 0xAC, 0xF0, 0x5E, 0x8E,
    0xA8, 0xD2, 0x42, 0x78, 0xB4, 0xDE, 0x2A, 0x67, 0xB0, 0x03, 0xAF, 0xA0, 0x84, 0x33, 0x51, 0x26,
    0xF4, 0xD2, 0x77, 0xF8, 0xE6, 0xA0, 0xB8, 0x21, 0xB3, 0xEC, 0x3E, 0x1B, 0xAB, 0x46, 0x83, 0xAD,
    0x45, 0x4C, 0x37, 0x1A, 0x04, 0x34, 0x0D, 0x7B, 0x2A, 0x58, 0xF0, 0xC4, 0x41, 0x5F, 0xC4, 0x76,
    0x2C, 0x0E, 0xEC, 0x94, 0xDB, 0x8F, 0xA6, 0x7C, 0x11, 0x54, 0x25, 0xC0, 0x25, 0x1B, 0xE4, 0xE8,
    0xCC, 0x0B, 0x9F, 0x45, 0x91, 0xA4, 0x25, 0x41, 0xFE, 0x1E, 0xD0, 0x9B, 0xEF, 0x05, 0xF4, 0x8A,
    0x3B, 0x46, 0xCD, 0x97, 0xD6, 0xF1, 0x2C, 0x48, 0x76, 0x10, 0xEE, 0xCF, 0xA8, 0x6F, 0x9C, 0xE1,
    0xF2, 0x40, 0x20, 0x60, 0xC3, 0x2B, 0x86, 0xEC, 0x76, 0x88, 0xD5, 0x94, 0xA3, 0xC8, 0x06, 0x5F,
    0xB1, 0x85, 0x61, 0x34, 0x0B, 0x6E, 0x35, 0x67, 0x2C, 0x91, 0xB6, 0x78, 0xDF, 0xAE, 0x82, 0x2F,
    0x90, 0x6E, 0x6F, 0xD5, 0x00, 0x75, 0xE4, 0x3D, 0xCC, 0x8C, 0xE6, 0x31, 0x50, 0x63, 0x37, 0x20,
    0x01, 0x11, 0xB3, 0x3E, 0xCC, 0x96, 0x79, 0x59, 0xB5, 0xDF, 0x11, 0x75, 0xFA, 0x34, 0x0C, 0xE9,
    0x6E, 0xD1, 0x6C, 0xD0, 0xD4, 0xA2, 0x1A, 0xBB, 0x59, 0x00, 0x65, 0x63, 0x6F, 0x0F, 0xCD, 0x26,
    0x1E, 0xAA, 0x4E, 0x8E, 0x56, 0x8E, 0x32, 0x28, 0xAB, 0x9D, 0xD7, 0xC3, 0x3E, 0xE9, 0x40, 0xB9,
    0x60, 0x68, 0x10, 0x78, 0x4D, 0xBA, 0x08, 0xBE, 0xDC, 0x88, 0x0C, 0xAC, 0xD8, 0x49, 0x6B, 0x9C,
    0xCF, 0x21, 0xFE, 0x6B, 0xCE, 0xA4, 0x3E, 0x5D, 0xF3, 0xB7, 0xF8, 0x56, 0xC8, 0xC3, 0x56, 0x76,
    0x1B, 0xD6, 0x8F, 0x09, 0x1F, 0x5F, 0xA3, 0x1A, 0x84, 0xD3, 0x19, 0x01, 0x74, 0x4F, 0x02, 0xCC,
    0x5F, 0x0B, 0x07, 0xB1, 0xA1, 0x6F, 0x9F, 0xAE, 0xF9, 0x5B, 0xA8, 0x26, 0xF4, 0x98, 0x3F, 0xE6,
    0xF0, 0xBF, 0x03, 0x46, 0x37, 0x3C, 0xF0, 0xEE, 0x55, 0x32, 0xA1, 0x2A, 0xBD, 0x20, 0x24, 0x9B,
    0x4F, 0xB4, 0xC0, 0xEF, 0xAC, 0x2A, 0x1C, 0x3F, 0x51, 0x15, 0x3E, 0x04, 0x7C, 0x45, 0x18, 0x3C,
    0x73, 0x60, 0xE1, 0xA6, 0x6C, 0x2D, 0x31, 0xC3, 0xE2, 0x8C, 0x7C, 0x75, 0x77, 0x16, 0x82, 0xC0,
    0x46, 0xBB, 0xC3, 0xAB, 0xE5, 0x73, 0xF3, 0x12, 0xA1, 0x79, 0x96, 0xA8, 0xE5, 0xE0, 0xA4, 0x5D,
    0x9A, 0x4D, 0x04, 0xEE, 0x32, 0xA4, 0xCB, 0x50, 0x87, 0xC2, 0xAB, 0x35, 0x85, 0x96, 0xB8, 0x17,
    0x6F, 0x6F, 0x69, 0x48, 0x43, 0x0C, 0x8C, 0xA6, 0xF9, 0x26, 0x1F, 0x26, 0xDE, 0xC9, 0x55, 0xD1,
    0x78, 0x34, 0xA8, 0x11, 0x5D, 0x90, 0x2C, 0x98, 0xE5, 0xF4, 0x7C, 0x53, 0x89, 0x26, 0x18, 0x58,
    0xE9, 0xA2, 0xE9, 0xDA, 0x83, 0x65, 0x1F, 0x81, 0x5D, 0xDD, 0x16, 0x9B, 0x6E, 0xB3, 0x5C, 0xF8,
    0xF3, 0x35, 0x9F, 0x23, 0x65, 0xE8, 0xF7, 0xA2, 0xAC, 0x7E, 0x25, 0x36, 0x43, 0x34, 0x4C, 0xBC,
    0xFC, 0xE0, 0xAD, 0x54, 0x5F, 0x10, 0x57, 0x0C, 0x76, 0x0B, 0x4A, 0xEA, 0x16, 0x82, 0x2D, 0x65,
    0xD0, 0x08, 0x6B, 0x2F, 0xF0, 0x6D, 0x78, 0xBE, 0xB9, 0xF3, 0xA8, 0x30, 0xE3, 0xA6, 0x89, 0x27,
    0x41, 0xF6, 0x9B, 0xC6, 0x72, 0x20, 0xF5, 0x6A, 0xE0, 0x81, 0x4C, 0x31, 0xC9, 0xD8, 0xBF, 0xF0,
    0x33, 0xF0, 0xB5, 0x49, 0x02, 0xB0, 0xA7, 0x18, 0xA1, 0x12, 0x2B, 0xA2, 0x61, 0x22, 0x16, 0x90,
    0x0E, 0x17, 0x8E, 0xEC, 0xD1, 0x51, 0xED, 0x13, 0xB8, 0xBB, 0xB4, 0xB8, 0x27, 0xCD, 0xFD, 0x3B,
    0xC2, 0x46, 0x91, 0x23, 0xDF, 0x20, 0x5E, 0xC3, 0x9A, 0xF7, 0x47, 0x93, 0x33, 0xC5, 0x63, 0x21,
    0x03, 0xD3, 0xF1, 0x66, 0xFB, 0x4A, 0x80, 0x86, 0x28, 0x35, 0xC2, 0xED, 0xC2, 0x86, 0x44, 0x2D,
    0x54, 0xEE, 0xB8, 0xC1, 0x9E, 0xC6, 0xDF, 0x1E, 0xD5, 0x6D, 0x3B, 0x22, 0x11, 0x8B, 0xE3, 0xEB,
    0xC7, 0x77, 0xDF, 0xD0, 0xA4, 0x5E, 0xAF, 0x79, 0x4B, 0x1E, 0x5A, 0xA5, 0xB4, 0x77, 0xEC, 0xBE,
    0x36, 0x15, 0xF9, 0xD7, 0xA6, 0xF0, 0xFF, 0x4B, 0x70, 0x71, 0x64, 0x2C, 0x63, 0xEC, 0xBE, 0xC7,
    0xC0, 0x30, 0xAC, 0xD0, 0x71, 0x1C, 0x63, 0x41, 0xF2, 0x95, 0x89, 0x2C, 0x85, 0xF4, 0x9D, 0x78,
    0x1A, 0x05, 0xB3, 0xF6, 0x90, 0x8C, 0x67, 0x21, 0x19, 0x57, 0x40, 0xBE, 0xE1, 0x98, 0x5A, 0x79,
    0xD9, 0xE3, 0x24, 0x39, 0xEB, 0x9C, 0xB9, 0x25, 0xC8, 0x98, 0x58, 0xA0, 0xD0, 0x8E, 0x4D, 0x1D,
    0x2C, 0x25, 0x83, 0x99, 0xD9, 0x39, 0xAE, 0x9C, 0xBE, 0xEC, 0x5E, 0x3B, 0xC1, 0xE3, 0xFF, 0xB1,
    0x81, 0x85, 0xF8, 0x62, 0xB2, 0xCC, 0xCB, 0x16, 0xFF, 0xE7, 0x09, 0x80, 0x03, 0xE6, 0xBD, 0xEF,
    0x18, 0x0F, 0xC8, 0x1A, 0xDB, 0x6B, 0x9D, 0x42, 0x06, 0x15, 0x54, 0x74, 0x02, 0x6F, 0x0B, 0xD4,
    0xDF, 0xE4, 0xB0, 0x50, 0x17, 0x4B, 0xCA, 0x2B, 0x07, 0xC4, 0x0C, 0x39, 0x33, 0x14, 0x7C, 0x58,
    0xC5, 0xD7, 0x9F, 0x37, 0x02, 0x82, 0x3E, 0x84, 0xFD, 0x82, 0xC5, 0x7B, 0x41, 0xA7, 0x50, 0xEC,
    0x4B, 0xFD, 0x3A, 0xAD, 0x70, 0xCD, 0x36, 0x23, 0xA5, 0x7E, 0x91, 0xB9, 0x5D, 0x87, 0x9D, 0x08,
    0x79, 0xCC, 0x85, 0xD2, 0x45, 0x29, 0xB5, 0xDE, 0x0B, 0xF6, 0x66, 0xE2, 0xB2, 0x37, 0xDF, 0x1F,
    0x18, 0xDA, 0xA6, 0xBB, 0x69, 0xCD, 0x9A, 0x08, 0xDC, 0x4F, 0xB7, 0x53, 0x51, 0xCB, 0xB5, 0x5B,
    0x05, 0x77, 0x3F, 0xCA, 0x31, 0x38, 0xB6, 0xE5, 0x2C, 0x5E, 0xB4, 0xCC, 0x08, 0x1F, 0xD0, 0xA5,
    0x29, 0xA1, 0x2E, 0xC4, 0xAA, 0x1F, 0x3A, 0x03, 0x7F, 0x1F, 0xF4, 0x55, 0xB3, 0x53, 0x69, 0x94,
    0xA1, 0xD2, 0xE8, 0x35, 0x6C, 0x76, 0x14, 0xD8, 0x7F, 0x38, 0xF8, 0x94, 0x0C, 0x03, 0xCF, 0xFB,
    0x95, 0x46, 0xD4, 0x15, 0xD1, 0x67, 0x2B, 0x37, 0xBA, 0x88, 0x1A, 0xA1, 0xCA, 0x76, 0xD1, 0x07,
    0x22, 0x7D, 0xD1, 0x47, 0xF6, 0xA5, 0x21, 0x12, 0x25, 0x33, 0xCA, 0x33, 0x22, 0x21, 0x35, 0x88,
    0x2F, 0x27, 0x12, 0xB9, 0xF6, 0x44, 0xBC, 0xA1, 0x8D, 0x27, 0xE1, 0xE4, 0x49, 0x80, 0x92, 0xBB,
    0x60, 0x01, 0xB1, 0xD8, 0x04, 0x16, 0xD2, 0x7F, 0xF5, 0x7F, 0x00, 0x75, 0x52, 0x31, 0x6E, 0x15,
    0x31, 0x10, 0x7D, 0xBB, 0x46, 0xB1, 0xD0, 0x46, 0x71, 0x03, 0x65, 0xD8, 0x96, 0x0A, 0x73, 0x01,
    0x64, 0x4B, 0x5C, 0x80, 0x1B, 0xD0, 0x70, 0x00, 0x8A, 0x14, 0x14, 0xE4, 0xDB, 0x88, 0x0B, 0xE4,
    0x08, 0x1C, 0x21, 0xE5, 0x2F, 0xFE, 0xC7, 0xE6, 0x06, 0xEE, 0x28, 0x68, 0xF6, 0x08, 0x2E, 0x2C,
    0xB1, 0x48, 0xF6, 0x0E, 0xE3, 0x9F, 0x90, 0x06, 0x18, 0xEF, 0x14, 0xB3, 0xF3, 0xE6, 0xCD, 0xCC,
    0xB3, 0x2F, 0xE1, 0x40, 0x31, 0x24, 0x93, 0xD5, 0x2A, 0xEB, 0xB0, 0x61, 0x07, 0xE0, 0xA9, 0x45,
    0x88, 0x03, 0x45, 0x41, 0x56, 0x35, 0x98, 0xC2, 0x11, 0x36, 0xE0, 0x8A, 0x53, 0x1F, 0x30, 0x10,
    0x04, 0x45, 0x45, 0x59, 0x7F, 0xAF, 0xE1, 0xD3, 0xB6, 0xC1, 0xED, 0xF1, 0xE8, 0xCC, 0x3E, 0x36,
    0xC9, 0xB8, 0x62, 0xA8, 0xB9, 0x1A, 0xB6, 0x55, 0xD7, 0x2B, 0x99, 0x1D, 0xDD, 0x59, 0xE3, 0x3A,
    0x7C, 0xC4, 0x0C, 0xE6, 0xB2, 0x64, 0x03, 0x38, 0x01, 0x4D, 0x15, 0x23, 0xDD, 0xC0, 0x70, 0xFB,
    0x7E, 0x1C, 0xE7, 0x38, 0x1B, 0xFF, 0x44, 0xAE, 0x17, 0xE1, 0x0D, 0x14, 0x37, 0xA0, 0x44, 0x94,
    0x37, 0x91, 0x0F, 0x22, 0x63, 0xCE, 0x08, 0x1E, 0x05, 0x58, 0x00, 0xDF, 0x21, 0xB2, 0x31, 0x97,
    0xDF, 0xCD, 0xA9, 0xCA, 0xA5, 0x8A, 0x7C, 0xFA, 0x96, 0xF0, 0x36, 0x1A, 0xB2, 0xD3, 0xAF, 0x13,
    0xC9, 0xE8, 0xCF, 0x21, 0x16, 0x8D, 0x29, 0x1B, 0xAB, 0x96, 0x00, 0xFD, 0x8D, 0x07, 0x11, 0x2B,
    0x0E, 0x72, 0x41, 0x91, 0x4C, 0x32, 0x00, 0xB7, 0x78, 0x86, 0xCA, 0xCB, 0xBB, 0xA1, 0xC2, 0x7C,
    0x2E, 0x50, 0x3F, 0x16, 0x48, 0x8A, 0x7D, 0x5B, 0xE0, 0xEB, 0x89, 0x06, 0xCF, 0x11, 0x71, 0x10,
    0x0B, 0x36, 0xC9, 0x33, 0xBC, 0x66, 0x1C, 0xF3, 0xA8, 0x14, 0x20, 0xB2, 0xB6, 0x43, 0x9E, 0x6C,
    0x27, 0x1A, 0x82, 0x57, 0xD4, 0x65, 0x38, 0x0E, 0x94, 0x61, 0x12, 0x2E, 0xB9, 0x50, 0x24, 0x15,
    0xB5, 0x35, 0xCC, 0xD3, 0x58, 0x47, 0xB2, 0x2E, 0x6A, 0xCF, 0x7F, 0xF2, 0x54, 0x44, 0x3F, 0x59,
    0x2E, 0x3D, 0xFF, 0x0A, 0xDA, 0x86, 0x48, 0x8C, 0x68, 0x8C, 0x34, 0x1C, 0xA9, 0x38, 0xA6, 0x77,
    0xD7, 0xC7, 0xE3, 0x61, 0x2D, 0x39, 0x61, 0xF6, 0x2A, 0xA9, 0xCE, 0xE4, 0x1D, 0xF6, 0xAC, 0xCC,
    0xFF, 0x95, 0x9B, 0x8A, 0x69, 0x7B, 0x9D, 0x15, 0xDF, 0xE9, 0x0B, 0x57, 0xE7, 0x85, 0x7B, 0xC7,
    0xF9, 0x54, 0x3B, 0x7B, 0xC3, 0xB5, 0x80, 0xCE, 0xA6, 0x0E, 0x0D, 0x75, 0xAC, 0x2C, 0x8A, 0x7F,
    0xD2, 0x65, 0x4C, 0xDA, 0xDE, 0xCF, 0x77, 0x63, 0xDA, 0xB4, 0xB6, 0x7B, 0x83, 0x06, 0xF7, 0x19,
    0x29, 0xCB, 0x9F, 0xAB, 0x8A, 0x8D, 0x5B, 0x5D, 0xE3, 0x82, 0xF1, 0xEF, 0x71, 0x56, 0xA1, 0xC8,
    0xEE, 0x1C, 0x55, 0x4D, 0x65, 0x24, 0x3B, 0xC7, 0x73, 0x57, 0x66, 0x6A, 0x86, 0xAF, 0x7C, 0xD5,
    0xED, 0xA5, 0x2C, 0x0F, 0x0F, 0xE0, 0x9F, 0xAA, 0xDC, 0xD9, 0x2D, 0x7B, 0xE5, 0x3B, 0x62, 0x17,
    0xEC, 0x2C, 0x2D, 0x6B, 0xCA, 0xCE, 0x6A, 0x5E, 0x3C, 0x80, 0xFE, 0xDA, 0xF0, 0xC8, 0x93, 0x9E,
    0x66, 0xFD, 0x12, 0xB2, 0xF6, 0xBF, 0x01, 0xED, 0x7D, 0x3D, 0x90, 0xE5, 0xD6, 0x95, 0xDE, 0xC5,
    0x03, 0xA7, 0x9F, 0x8A, 0xF0, 0x1A, 0x0C, 0x48, 0xD5, 0x96, 0x7A, 0x2D, 0x38, 0x50, 0x20, 0x9B,
    0xDA, 0xC5, 0x06, 0x0C, 0x18, 0xCC, 0x10, 0xA0, 0x64, 0x7B, 0x03, 0x25, 0xE3, 0x2A, 0x36, 0xD7,
    0x25, 0x06, 0x4A, 0x1C, 0xD8, 0xEB, 0xA0, 0x19, 0x30, 0x60, 0x30, 0x33, 0x80, 0xEC, 0x72, 0xB4,
    0x81, 0x3A, 0x10, 0x37, 0xB0, 0x03, 0x33, 0x50, 0xB0, 0x1E, 0x06, 0xA3, 0x40, 0x01, 0x83, 0xE9,
    0x06, 0xB4, 0x89, 0x83, 0x0D, 0x16, 0xB2, 0xB5, 0xE5, 0xC0, 0x81, 0x9E, 0xCA, 0x43, 0x7B, 0x45,
    0x05, 0x82, 0xB4, 0xE0, 0xEA, 0xF5, 0x08, 0xC0, 0xF5, 0xF9, 0xBE, 0x73, 0x2F, 0x1E, 0x5E, 0xF7,
    0xEB, 0x9E, 0x19, 0x72, 0x38, 0xFC, 0x59, 0x37, 0xF9, 0xCE, 0xC1, 0xBC, 0x1F, 0xE0, 0xE2, 0xDC,
    0x7B, 0xCF, 0xFF, 0x39, 0x30, 0x81, 0x91, 0xBF, 0xB0, 0x01, 0x58, 0x03, 0x58, 0x01, 0x81, 0xAD,
    0x05, 0xA6, 0x2D, 0x0E, 0x7F, 0x60, 0xE6, 0x7F, 0xCF, 0x1D, 0x98, 0xE5, 0x2F, 0xAD, 0x5D, 0xC7,
    0x56, 0xFE, 0x14, 0x8C, 0xD7, 0xBF, 0xD8, 0xC7, 0xF8, 0xFD, 0xE5, 0x20, 0xF9, 0xEB, 0x77, 0xEC,
    0x2A, 0x95, 0x1F, 0xB4, 0x99, 0x80, 0x55, 0x66, 0xFF, 0xEB, 0x75, 0x13, 0xE3, 0x32, 0xC9, 0xA5,
    0x80, 0x5F, 0x89, 0xFF, 0xEE, 0xF6, 0x3B, 0x35, 0xAE, 0xB6, 0x5A, 0x02, 0x2C, 0x04, 0x94, 0xF2,
    0x89, 0x7C, 0x96, 0xB5, 0x59, 0xEB, 0xC0, 0x2A, 0x5B, 0xE9, 0x7B, 0x0F, 0x1A, 0xEE, 0x95, 0xE3,
    0x8F, 0x71, 0xB8, 0x8D, 0x1B, 0x6E, 0x83, 0xAB, 0xB5, 0x18, 0x6E, 0xCB, 0xE1, 0xE2, 0xDA, 0xB6,
    0x33, 0xDB, 0xA8, 0x37, 0x59, 0x1E, 0x4E, 0x68, 0x0D, 0xD4, 0x9A, 0x4E, 0xD1, 0xEB, 0x82, 0x82,
    0x5C, 0xCE, 0x96, 0xE5, 0xBC, 0x95, 0x33, 0xE8, 0x3F, 0x8F, 0xFC, 0x4C, 0xEE, 0x4D, 0x11, 0xA6,
    0x2D, 0x2B, 0x97, 0x98, 0x38, 0xF9, 0x4A, 0xD1, 0x12, 0xC5, 0x1D, 0x11, 0x26, 0x56, 0xD0, 0xA2,
    0x27, 0x0A, 0x14, 0x99, 0x61, 0x37, 0x0A, 0xAA, 0x7B, 0x06, 0x23, 0x92, 0x33, 0xCA, 0x37, 0x0B,
    0x41, 0xF8, 0x9D, 0x5F, 0x1E, 0xC6, 0x2C, 0x5B, 0xA2, 0x78, 0x45, 0x94, 0x92, 0xDC, 0x81, 0xE5,
    0xA8, 0x0E, 0x07, 0xBE, 0x65, 0xF9, 0x8D, 0x88, 0x03, 0x34, 0xD7, 0xF1, 0x4B, 0xBC, 0x91, 0x00,
    0x58, 0x21, 0x4F, 0x38, 0xE2, 0x2C, 0x47, 0xE6, 0xEC, 0x9F, 0x5C, 0xCA, 0xF6, 0x04, 0x5F, 0x02,
    0x90, 0xA1, 0x2C, 0xD6, 0x1E, 0x04, 0x00, 0x42, 0x19, 0x0F, 0xDE, 0x36, 0xBC, 0xD4, 0x63, 0x01,
    0x7B, 0xF6, 0xFB, 0xA4, 0x20, 0x47, 0x80, 0x37, 0xAF, 0xBC, 0xC2, 0x5B, 0x02, 0x65, 0x13, 0x19,
    0x49, 0x6E, 0xAA, 0xF7, 0x5E, 0xB3, 0x79, 0x20, 0xC3, 0x2E, 0xF2, 0xA5, 0x50, 0x34, 0xCD, 0x71,
    0xF3, 0x49, 0x8E, 0x09, 0x4F, 0x72, 0x50, 0x2D, 0x36, 0x99, 0xFC, 0xE4, 0x29, 0x53, 0xF0, 0x46,
    0x4E, 0x08, 0x47, 0x42, 0x4E, 0xF3, 0x06, 0xB6, 0xEE, 0xBA, 0xEE, 0x53, 0x85, 0x95, 0xDE, 0xBE,
    0x9C, 0x27, 0x30, 0x99, 0x9C, 0x33, 0xAC, 0x93, 0x15, 0x56, 0x52, 0x2C, 0x03, 0x48, 0x9B, 0x50,
    0x2E, 0x2D, 0xB3, 0x6A, 0x39, 0x92, 0x94, 0xA3, 0x0A, 0x2A, 0xD2, 0xF6, 0xCA, 0x75, 0x0E, 0xF3,
    0xC8, 0xC4, 0x38, 0xBD, 0x0C, 0x7E, 0x1D, 0xD8, 0x9F, 0x7C, 0xF1, 0xED, 0x10, 0x57, 0x88, 0x5A,
    0x3F, 0x47, 0xBA, 0x22, 0x79, 0x84, 0xF7, 0xA2, 0x81, 0x9B, 0xDC, 0xDE, 0xE3, 0x78, 0x4A, 0xB3,
    0xCF, 0x41, 0x99, 0x02, 0x73, 0xBC, 0x1C, 0xA6, 0x41, 0x71, 0x4C, 0xBC, 0x9D, 0xEA, 0x2E, 0xDE,
    0x93, 0x37, 0xC3, 0x41, 0xBE, 0x9E, 0xAE, 0x8B, 0xF1, 0x8E, 0x6D, 0xB1, 0x31, 0x64, 0xB1, 0x59,
    0xF9, 0xC1, 0xE1, 0x58, 0xCA, 0x36, 0x7B, 0x05, 0x67, 0x5B, 0x63, 0xDE, 0x2A, 0xCC, 0x5D, 0xFA,
    0xD6, 0x75, 0x21, 0x93, 0x2E, 0xA9, 0xC7, 0xF0, 0x7A, 0xDE, 0xDE, 0xC6, 0x06, 0x6A, 0xF1, 0x92,
    0xFB, 0x6C, 0x32, 0xA1, 0xB7, 0xAD, 0xDD, 0x7F, 0xA5, 0x2D, 0x33, 0xD2, 0x7F, 0xF3, 0x77, 0xE5,
    0xE0, 0x00, 0x33, 0x3A, 0x62, 0x5F, 0x60, 0xA8, 0x26, 0x7A, 0xEF, 0x15, 0x13, 0x35, 0x4A, 0x8C,
    0xC7, 0xF0, 0x7A, 0xDA, 0xBE, 0xFF, 0xB6, 0x9C, 0xBB, 0xC7, 0x2B, 0x01, 0xF1, 0x13, 0x90, 0x82,
    0xBB, 0x90, 0xE0, 0xE9, 0x77, 0xC6, 0x3F, 0x37, 0xDC, 0x68, 0x1F, 0x06, 0xAC, 0xB7, 0x81, 0xAC,
    0x1C, 0xB3, 0x90, 0x4B, 0x98, 0x45, 0x6B, 0xD2, 0x52, 0x40, 0x5C, 0xCB, 0x86, 0x8A, 0xDA, 0x70,
    0x25, 0x53, 0x22, 0x37, 0x25, 0x4B, 0xA0, 0xC6, 0xDA, 0x15, 0x52, 0xED, 0x0D, 0xDC, 0x7F, 0x96,
    0xEF, 0x70, 0x28, 0x32, 0x65, 0x46, 0x86, 0xAB, 0x6C, 0x42, 0xDE, 0xD2, 0xE5, 0x70, 0xE9, 0xC1,
    0x4B, 0xFE, 0xE0, 0xD6, 0xB9, 0x83, 0x13, 0x7F, 0x70, 0x2C, 0x6B, 0x6E, 0x3C, 0xE2, 0x06, 0x8A,
    0xB9, 0x0A, 0x84, 0x63, 0xC4, 0x7A, 0x35, 0x39, 0x68, 0x82, 0xAA, 0xC1, 0xBD, 0xC8, 0x97, 0x65,
    0xD7, 0xCB, 0x06, 0x96, 0x03, 0x59, 0x90, 0xC2, 0xE2, 0xE4, 0x40, 0xA0, 0x0C, 0x5F, 0x0F, 0xA2,
    0x95, 0x3B, 0x10, 0x28, 0xFF, 0x0B, 0x6B, 0x11, 0x7E, 0xC2, 0x2F, 0xBF, 0x0E, 0xEE, 0xD5, 0x98,
    0x74, 0x85, 0x95, 0x27, 0x27, 0x94, 0x79, 0x16, 0xDA, 0x54, 0x20, 0xAE, 0xAC, 0xD7, 0x88, 0x37,
    0x24, 0x3B, 0x46, 0xAE, 0x29, 0x5B, 0xA1, 0x90, 0xCF, 0x2A, 0xDC, 0x61, 0x21, 0x80, 0x5B, 0x6D,
    0x5F, 0x46, 0xF2, 0x3C, 0x37, 0xC9, 0xE0, 0xA8, 0xFA, 0xD8, 0x0E, 0xC8, 0xBA, 0xED, 0xCF, 0xFD,
    0x81, 0x70, 0x34, 0x7B, 0xFB, 0xF6, 0x3B, 0xB2, 0x29, 0x3A, 0xF7, 0x9D, 0x65, 0xEF, 0xBF, 0x3C,
    0xFA, 0x83, 0xCA, 0x1F, 0x14, 0xE7, 0x0E, 0xAA, 0xB3, 0x5F, 0x0E, 0xFD, 0xCF, 0xD3, 0x75, 0x24,
    0xBB, 0x74, 0x1F, 0xD2, 0x47, 0x6F, 0x50, 0x18, 0x80, 0xDE, 0xA0, 0x30, 0x2C, 0x27, 0x40, 0xCE,
    0x61, 0x27, 0x4A, 0x26, 0xEC, 0x64, 0x8A, 0x17, 0x2A, 0xE6, 0x0D, 0x2F, 0x55, 0xBC, 0x20, 0x39,
    0x8F, 0x5F, 0x85, 0x00, 0x98, 0x64, 0x0A, 0x31, 0x57, 0xD3, 0x91, 0x29, 0x56, 0xFA, 0x3D, 0x32,
    0x12, 0xC1, 0x4B, 0x87, 0x71, 0xA1, 0x47, 0xC5, 0x10, 0x33, 0xFB, 0xC2, 0x3A, 0x32, 0x3B, 0x1A,
    0xB0, 0xA0, 0xC2, 0x0E, 0x81, 0xB2, 0x22, 0x53, 0x72, 0x1C, 0x91, 0x5B, 0x96, 0x44, 0x0B, 0xAE,
    0x63, 0x13, 0x9D, 0xF2, 0xBD, 0x7F, 0x98, 0x9B, 0x5D, 0x7F, 0xC1, 0x75, 0xAE, 0x84, 0x68, 0xCD,
    0x75, 0x90, 0xF5, 0xE6, 0x8A, 0xAC, 0x9D, 0xAA, 0xE7, 0xDC, 0x8D, 0xCF, 0x1A, 0x95, 0x25, 0x40,
    0x1C, 0xF7, 0xA0, 0x6B, 0x79, 0x30, 0x49, 0x49, 0x94, 0xE9, 0x2C, 0x9F, 0x28, 0xE2, 0x54, 0x8F,
    0xAF, 0x76, 0x3A, 0xE3, 0x0E, 0xE9, 0x42, 0x08, 0x46, 0xFD, 0x4A, 0xA5, 0x28, 0xD3, 0x9F, 0xA7,
    0x7A, 0xB2, 0x58, 0x4F, 0x1D, 0xE9, 0x85, 0xC8, 0x8A, 0xE5, 0xB2, 0x56, 0x17, 0x10, 0x6E, 0x42,
    0x90, 0x90, 0x71, 0xCF, 0xBE, 0x2D, 0xF3, 0x2B, 0x37, 0x2F, 0xC3, 0x1D, 0x39, 0xEA, 0xA0, 0x92,
    0x0F, 0x17, 0xEE, 0x4E, 0xBC, 0x12, 0x13, 0x77, 0x8A, 0x23, 0x15, 0x14, 0x72, 0x22, 0xF7, 0x41,
    0xBA, 0x72, 0xB7, 0xFC, 0xB6, 0xB9, 0xF8, 0x8F, 0xC4, 0x70, 0x8B, 0x46, 0x36, 0x8A, 0xF9, 0x92,
    0xB0, 0x08, 0x4A, 0xF7, 0xC1, 0x69, 0x2B, 0x83, 0x13, 0xE0, 0xC0, 0x95, 0x62, 0x5E, 0x41, 0xF0,
    0xD2, 0xE1, 0xE4, 0x97, 0x8A, 0x0B, 0xFD, 0x7E, 0x30, 0x28, 0x5E, 0x76, 0x8A, 0x93, 0x46, 0x71,
    0x41, 0x61, 0x38, 0x04, 0x83, 0x9E, 0x57, 0xA4, 0x24, 0x71, 0xD2, 0x28, 0x96, 0x39, 0x07, 0x1E,
    0x07, 0xBD, 0x2E, 0xE8, 0x49, 0xBC, 0x72, 0xB8, 0x54, 0x3C, 0xCE, 0xC6, 0x25, 0x78, 0x4F, 0x44,
    0x9B, 0x29, 0x7E, 0xAE, 0x54, 0xDA, 0xDC, 0x47, 0x0E, 0xA5, 0xE2, 0x8A, 0x63, 0x8A, 0x25, 0xF5,
    0x12, 0xDC, 0x84, 0xEC, 0x1B, 0x08, 0xCF, 0xC0, 0xBE, 0x4C, 0x65, 0xA4, 0x20, 0x57, 0xD2, 0x73,
    0xEC, 0xFC, 0xC3, 0x74, 0x16, 0xB6, 0x23, 0x23, 0xB1, 0xED, 0xBE, 0x30, 0x0B, 0xD1, 0x62, 0x16,
    0x6E, 0x33, 0x5A, 0x55, 0x77, 0x2A, 0x5D, 0xE3, 0x72, 0x5E, 0xE1, 0x54, 0x98, 0x62, 0x4C, 0x4C,
    0x0C, 0x36, 0x2C, 0x14, 0xEA, 0xB8, 0x64, 0xE4, 0xB2, 0x58, 0x32, 0x81, 0x5B, 0x32, 0x96, 0x3C,
    0xDB, 0x14, 0xDF, 0xE0, 0x4A, 0xCE, 0xFE, 0x1B, 0xE7, 0x29, 0xFE, 0x29, 0xA7, 0x2D, 0xD2, 0x45,
    0x4C, 0x0D, 0x5B, 0x46, 0xEF, 0xE6, 0x54, 0x95, 0xAB, 0x40, 0x67, 0x9A, 0x9A, 0x92, 0x79, 0x51,
    0xE7, 0xBF, 0xAA, 0xF8, 0xFD, 0x4A, 0xBF, 0x58, 0x28, 0x07, 0xE7, 0x3A, 0xE3, 0xD4, 0x16, 0xD0,
    0x96, 0xB8, 0xD6, 0x31, 0xB1, 0x78, 0xE9, 0x6A, 0xFB, 0x34, 0xA1, 0x3D, 0xF2, 0xA5, 0x23, 0x4A,
    0x22, 0x55, 0xEE, 0xB8, 0x8B, 0x74, 0x0B, 0x81, 0x68, 0x66, 0x52, 0xC5, 0x3C, 0x25, 0xCE, 0xA0,
    0xBB, 0x8A, 0xDE, 0x54, 0xF4, 0xA2, 0xA2, 0x67, 0xFC, 0x27, 0x3C, 0x11, 0x15, 0xCA, 0xD8, 0x52,
    0xF4, 0x81, 0xE8, 0x50, 0x5B, 0x2A, 0x2A, 0xB3, 0x32, 0x4F, 0x8B, 0x5E, 0xD6, 0x48, 0xD8, 0x26,
    0x98, 0x42, 0x21, 0x2B, 0x0D, 0x84, 0xB4, 0x94, 0xAD, 0x9F, 0x61, 0x4E, 0x4F, 0x82, 0x3B, 0x6D,
    0x00, 0xAD, 0x22, 0x52, 0x70, 0x1A, 0x76, 0x51, 0x27, 0x0B, 0x4B, 0xBE, 0xB4, 0x58, 0xCB, 0xAF,
    0x83, 0x1E, 0xE7, 0xE9, 0x71, 0xC6, 0x11, 0xD3, 0x5C, 0x61, 0xA8, 0x19, 0x86, 0x96, 0xBD, 0x01,
    0x46, 0x44, 0x75, 0x55, 0x35, 0x57, 0xA3, 0x5A, 0xAB, 0x2A, 0xAB, 0xB8, 0x25, 0x85, 0x1D, 0xE1,
    0x0F, 0xFC, 0x4D, 0x9E, 0x87, 0x94, 0x25, 0xE0, 0xDF, 0x2B, 0x42, 0x9E, 0x61, 0xDF, 0x2A, 0xBF,
    0xE0, 0x94, 0x0A, 0x83, 0x19, 0xB8, 0x4F, 0x75, 0xF7, 0x4C, 0x50, 0xDF, 0xD1, 0x4F, 0xF9, 0x7D,
    0x51, 0xED, 0x9C, 0x60, 0xA4, 0x58, 0x12, 0xF8, 0x37, 0x72, 0xE6, 0x03, 0xA8, 0x50, 0x2A, 0x1C,
    0x2D, 0x44, 0xA5, 0x5C, 0xA7, 0x28, 0x0B, 0xC8, 0x83, 0x25, 0x84, 0x44, 0x00, 0x00, 0x36, 0xE6,
    0xC0, 0xF4, 0x1E, 0xD6, 0xF7, 0xFB, 0x22, 0xC7, 0xA9, 0x19, 0x67, 0x38, 0x61, 0x96, 0x7F, 0x1B,
    0x5F, 0x91, 0x6D, 0x22, 0xDF, 0x4B, 0x6B, 0x08, 0x82, 0x15, 0xA5, 0x80, 0x80, 0xA8, 0xF5, 0xFF,
    0x2C, 0xE4, 0x83, 0x3D, 0x51, 0xC9, 0x7E, 0xA1, 0xCA, 0x10, 0x98, 0x1C, 0x8C, 0x35, 0x68, 0x0B,
    0x3B, 0x34, 0x7C, 0x80, 0xA0, 0x57, 0x72, 0x79, 0xF0, 0xB1, 0x6B, 0xF8, 0x99, 0xCA, 0x6D, 0x87,
    0xA0, 0x1D, 0x9D, 0x6E, 0xF4, 0x1E, 0x87, 0xAE, 0x29, 0xBA, 0xA9, 0xE8, 0x86, 0xA2, 0xBB, 0x5B,
    0xA8, 0x57, 0xB4, 0x56, 0x44, 0x25, 0xC6, 0x04, 0x54, 0x6D, 0xA0, 0xAA, 0x01, 0x85, 0x0E, 0x51,
    0xCD, 0x31, 0xCB, 0x46, 0xF5, 0xC7, 0x5A, 0x51, 0x49, 0x94, 0x52, 0xCF, 0x01, 0x2B, 0x01, 0x3A,
    0x21, 0x02, 0x07, 0x12, 0x04, 0xD1, 0x2F, 0x5A, 0x96, 0xAA, 0x19, 0xAD, 0x47, 0x64, 0x02, 0x0E,
    0xAD, 0x28, 0xAD, 0x92, 0xD5, 0x2D, 0x72, 0x99, 0xE6, 0xA6, 0xA2, 0xAB, 0x2A, 0x42, 0x88, 0xA2,
    0x9A, 0x5B, 0x26, 0x2C, 0x3F, 0x4D, 0xA6, 0x7B, 0xE0, 0xE4, 0xF7, 0x75, 0xC8, 0xC9, 0x14, 0xEA,
    0xB9, 0xD0, 0x70, 0x94, 0x23, 0x11, 0xA3, 0xD0, 0x23, 0x65, 0x11, 0x95, 0xB0, 0x48, 0xAE, 0xC8,
    0x12, 0x97, 0x15, 0x05, 0xD9, 0x2D, 0x7B, 0x55, 0x56, 0xDE, 0x5A, 0x59, 0xA4, 0xAA, 0x32, 0x86,
    0xCB, 0x54, 0xD5, 0x84, 0x63, 0x39, 0x52, 0xA6, 0x29, 0xA6, 0x40, 0x9E, 0xF2, 0xFC, 0x69, 0x99,
    0xE5, 0x2F, 0x39, 0x71, 0x9A, 0xE5, 0xCA, 0x47, 0x96, 0xEF, 0x15, 0x7F, 0xA6, 0x7C, 0x34, 0xB4,
    0x4E, 0xAC, 0x73, 0xCF, 0x28, 0xB3, 0x49, 0xE4, 0x7B, 0xCA, 0x99, 0x32, 0xF9, 0x6D, 0xE1, 0x8C,
    0xB3, 0x2C, 0xCF, 0x6A, 0xB5, 0x8B, 0xB2, 0x3C, 0x69, 0x94, 0xE5, 0xCB, 0xD5, 0x30, 0x82, 0x25,
    0xD4, 0xAB, 0xE5, 0x5A, 0x6D, 0x2B, 0x19, 0x15, 0xB9, 0x03, 0x47, 0x6A, 0x55, 0xA4, 0xCA, 0xE8,
    0x05, 0x2E, 0xE4, 0x8E, 0xE4, 0x28, 0x6B, 0x21, 0xC8, 0x21, 0x81, 0x13, 0x68, 0x77, 0x30, 0x1A,
    0x44, 0xCE, 0xE6, 0xC2, 0xD1, 0x41, 0x03, 0x08, 0x9B, 0xE0, 0x00, 0x8A, 0x91, 0x8C, 0x0B, 0x04,
    0x33, 0xE9, 0xF8, 0xAA, 0x2D, 0x41, 0x82, 0x5A, 0x6E, 0x28, 0x69, 0x52, 0xCC, 0x06, 0xC1, 0xD3,
    0x8E, 0xB6, 0x10, 0x43, 0x5E, 0x6F, 0x91, 0x9F, 0x74, 0x00, 0x03, 0x6F, 0xA8, 0xC4, 0x79, 0x1A,
    0x6F, 0x75, 0xD3, 0x18, 0xA4, 0xF2, 0x15, 0x76, 0xBF, 0x0B, 0x70, 0x03, 0x64, 0x1C, 0xF1, 0x81,
    0xC5, 0x99, 0xAB, 0x95, 0x8C, 0x92, 0xFA, 0x5E, 0x44, 0xA2, 0x1C, 0x3A, 0x9D, 0xFA, 0xF3, 0xA9,
    0x3C, 0xDC, 0xC5, 0xD6, 0x33, 0xCE, 0x3E, 0xA1, 0x10, 0xE2, 0xAC, 0x0A, 0xB7, 0x2D, 0x6A, 0xA7,
    0xF0, 0xEA, 0x5A, 0x71, 0xEB, 0xE3, 0x62, 0xE5, 0x2A, 0xFE, 0x5C, 0xD1, 0xA7, 0x77, 0xF4, 0x79,
    0x72, 0x8A, 0xF4, 0xF0, 0x71, 0x29, 0xD2, 0xE9, 0x4E, 0x06, 0x9F, 0x39, 0x83, 0x65, 0x17, 0x7A,
    0x49, 0xD1, 0xAD, 0x2D, 0x74, 0xA2, 0xE8, 0xD8, 0xDF, 0x27, 0x51, 0x3F, 0x47, 0x81, 0x22, 0x21,
    0x07, 0x90, 0x6C, 0x31, 0xA2, 0x96, 0x48, 0x58, 0x16, 0x90, 0xDA, 0xB5, 0x58, 0x0A, 0x82, 0x5E,
    0x57, 0xAB, 0x09, 0x46, 0xAD, 0x20, 0xD0, 0x21, 0xB9, 0x9F, 0x8B, 0xD5, 0x23, 0xDC, 0xA8, 0x11,
    0x73, 0x76, 0x89, 0xE1, 0x06, 0xAA, 0xE0, 0x2C, 0xE5, 0x1E, 0x5B, 0x6E, 0x74, 0xEC, 0x5C, 0xA1,
    0x0A, 0xF8, 0x8C, 0x58, 0x43, 0x71, 0xCF, 0x1B, 0x4F, 0x60, 0x3B, 0xB6, 0xE0, 0x97, 0x66, 0x14,
    0xDE, 0x73, 0x6C, 0x82, 0xFB, 0xAD, 0xB9, 0x75, 0xCB, 0x04, 0x7F, 0xD7, 0x99, 0xE3, 0x5B, 0x66,
    0xF1, 0xEB, 0xCE, 0xF4, 0x2F, 0x99, 0xF0, 0x57, 0x6B, 0xB3, 0xCE, 0x4C, 0xF8, 0xB3, 0x3E, 0xE8,
    0xE4, 0x4E, 0x57, 0xFD, 0xA2, 0x15, 0xD4, 0xF4, 0x61, 0x0B, 0xCE, 0x39, 0x84, 0x2B, 0xB0, 0xCD,
    0x93, 0xA8, 0x11, 0x8D, 0xA8, 0x2E, 0xE2, 0xDA, 0xA1, 0xA4, 0x4E, 0xCA, 0x2C, 0x29, 0x13, 0xF9,
    0x77, 0x76, 0x98, 0x83, 0x7B, 0xA6, 0x95, 0xDC, 0x87, 0xB0, 0xBF, 0x51, 0x64, 0x7C, 0x61, 0x62,
    0x99, 0x97, 0xB6, 0xC0, 0xDC, 0x2C, 0x05, 0x85, 0xB0, 0xEC, 0x45, 0x02, 0xC1, 0xAE, 0xA3, 0xCC,
    0x59, 0xAC, 0x9E, 0xA5, 0x37, 0x8C, 0x6A, 0x12, 0xD7, 0x5B, 0x96, 0x7F, 0x58, 0x18, 0xDC, 0xB1,
    0xF9, 0x70, 0x45, 0x6C, 0xDF, 0x9C, 0xE2, 0x0F, 0x70, 0xAC, 0x72, 0xB8, 0xAF, 0xB2, 0x1C, 0x2B,
    0x58, 0x19, 0xF6, 0xA3, 0xC3, 0x1B, 0xD8, 0x05, 0x58, 0xEA, 0x07, 0x64, 0xF2, 0xD0, 0x8F, 0x96,
    0xDE, 0xC3, 0x26, 0x3B, 0xA7, 0x3A, 0x0D, 0xAA, 0x2E, 0x90, 0x65, 0xB6, 0xEC, 0xB1, 0xF4, 0x16,
    0x03, 0xD7, 0xE1, 0xC8, 0x45, 0x39, 0x92, 0x5D, 0x54, 0x14, 0x0A, 0x05, 0xAD, 0xE6, 0x82, 0xA2,
    0xA2, 0xA8, 0x36, 0xDA, 0xBA, 0xC2, 0x51, 0x17, 0xF8, 0x40, 0x6E, 0x43, 0x4D, 0xB5, 0xC7, 0x77,
    0x96, 0x1D, 0x7C, 0x7D, 0x71, 0x8B, 0x33, 0xA4, 0x0D, 0xBC, 0xEC, 0x55, 0x2D, 0xE2, 0x6F, 0x69,
    0x65, 0x19, 0xDC, 0x87, 0x86, 0xA9, 0xA2, 0x29, 0x75, 0x6C, 0x5C, 0x55, 0x37, 0xF9, 0x1B, 0x1C,
    0xDA, 0x57, 0xA5, 0x9A, 0x94, 0x2D, 0xCC, 0xA7, 0x09, 0x81, 0xA9, 0x04, 0xF6, 0xFB, 0xD8, 0x8D,
    0x29, 0x86, 0x0B, 0x37, 0xF2, 0x60, 0xAE, 0x1C, 0x40, 0x05, 0x93, 0x5B, 0xA2, 0x2B, 0x0E, 0x7E,
    0x8C, 0x5A, 0x8C, 0xFD, 0xAA, 0x7D, 0x66, 0x80, 0x81, 0x3B, 0xA8, 0xC7, 0x63, 0xA3, 0x09, 0xF2,
    0x28, 0x84, 0x26, 0xC8, 0x4F, 0x0B, 0xD9, 0x27, 0x77, 0xD4, 0x01, 0x0A, 0xCA, 0x08, 0x35, 0xE0,
    0xF2, 0x51, 0xBE, 0xF2, 0x48, 0xE0, 0x87, 0x6A, 0x73, 0xBC, 0x42, 0x3B, 0xA1, 0xC4, 0xB9, 0x56,
    0xD8, 0x77, 0x22, 0x6C, 0x47, 0x68, 0xC2, 0xAD, 0x5C, 0x5C, 0xF8, 0xF4, 0x0F, 0x29, 0xBA, 0x43,
    0xFC, 0x22, 0xEA, 0xBC, 0xD3, 0x94, 0x5E, 0x6E, 0xF2, 0x27, 0xCC, 0x9C, 0x32, 0xAC, 0x71, 0x02,
    0x67, 0x34, 0x4E, 0x30, 0xBE, 0x5C, 0xBE, 0xB2, 0x5C, 0xC9, 0x2F, 0xD2, 0x36, 0x5B, 0x05, 0x76,
    0x15, 0x8F, 0x95, 0xF7, 0x97, 0x52, 0xD1, 0xDF, 0x97, 0x83, 0xE7, 0xCC, 0xE4, 0x4E, 0x6A, 0x54,
    0xB7, 0xAB, 0x08, 0xAF, 0xDC, 0xB6, 0xB7, 0x6F, 0x97, 0xCE, 0xFB, 0xBA, 0x05, 0xB3, 0x4B, 0x61,
    0xAA, 0xD0, 0xE9, 0x3E, 0xD4, 0x67, 0x14, 0xD6, 0x1F, 0x1E, 0x46, 0xF9, 0xCC, 0x50, 0xEE, 0x26,
    0x43, 0x79, 0xCC, 0x11, 0x13, 0x50, 0xAF, 0x15, 0xD9, 0x53, 0xA5, 0x71, 0x81, 0xCC, 0xE9, 0xB4,
    0x35, 0x7F, 0x1E, 0xAF, 0x38, 0x9A, 0x68, 0x32, 0x94, 0x8F, 0xE7, 0x86, 0xF2, 0xA2, 0xDB, 0x32,
    0x94, 0x29, 0x82, 0x13, 0x35, 0x94, 0x63, 0x15, 0x43, 0x4B, 0x95, 0xC3, 0xA1, 0xDA, 0x49, 0xEA,
    0x7D, 0x83, 0x66, 0x0D, 0xFE, 0xB8, 0xA4, 0x61, 0xFD, 0xA6, 0x8E, 0xD2, 0x56, 0xFC, 0xBE, 0x75,
    0x06, 0x95, 0x8A, 0x6D, 0x25, 0x81, 0x5B, 0x32, 0x8E, 0xEC, 0xCE, 0x43, 0xBA, 0x39, 0x59, 0xEF,
    0x15, 0xC0, 0x5C, 0x9D, 0x8B, 0xC2, 0xD1, 0xC6, 0x97, 0x7B, 0x31, 0xBF, 0x62, 0x5D, 0x0E, 0x59,
    0x0D, 0x47, 0x5C, 0x53, 0x50, 0x5B, 0x68, 0x2B, 0xE5, 0xF7, 0x23, 0xDD, 0x74, 0xDD, 0xA0, 0x68,
    0x9C, 0x23, 0xFD, 0x8A, 0x30, 0x47, 0xD8, 0x50, 0x62, 0x0E, 0x35, 0xD0, 0x51, 0xEB, 0x78, 0x2D,
    0x08, 0xBB, 0xFB, 0xCF, 0xFA, 0xD7, 0x7A, 0xDD, 0xCD, 0x2B, 0x6E, 0x89, 0xD3, 0xD9, 0x58, 0xFC,
    0x90, 0x86, 0x5C, 0x39, 0xD2, 0x4C, 0x62, 0x5E, 0xA7, 0x57, 0x8C, 0x5F, 0x58, 0xB6, 0x74, 0x1F,
    0x24, 0x82, 0x4A, 0x88, 0x83, 0x00, 0x11, 0x15, 0x4B, 0xDD, 0x12, 0x66, 0x70, 0x4C, 0xA9, 0x8D,
    0x43, 0x0D, 0xB7, 0xA8, 0x4A, 0x53, 0xD4, 0xA4, 0x64, 0xF2, 0xB7, 0x83, 0xDE, 0xEE, 0x5A, 0x15,
    0x60, 0x0D, 0xE4, 0x58, 0x17, 0xC1, 0xA9, 0xF5, 0x4D, 0x75, 0x58, 0xE8, 0xD5, 0xB3, 0xFF, 0xCB,
    0x31, 0x55, 0x7F, 0x61, 0xE9, 0x7B, 0xA2, 0xD8, 0xC5, 0x56, 0x91, 0x4B, 0x26, 0x1D, 0xC3, 0x83,
    0x05, 0xE5, 0x11, 0x19, 0xA5, 0xA5, 0x97, 0x4A, 0x54, 0x5D, 0x84, 0x2D, 0xE4, 0xAC, 0x09, 0x9D,
    0x85, 0x75, 0x8C, 0xDB, 0x89, 0xCB, 0x99, 0xD6, 0xF4, 0x19, 0xF1, 0x5B, 0xBC, 0x63, 0xC1, 0xC8,
    0xE6, 0x7C, 0xD7, 0xCD, 0xCF, 0x6C, 0xE5, 0xF8, 0x49, 0x3B, 0xE3, 0xB3, 0x50, 0x0B, 0xC3, 0xBC,
    0xAB, 0xE8, 0x0D, 0x0B, 0xE3, 0x69, 0x90, 0x5D, 0x2E, 0xF0, 0xDF, 0xE1, 0xDC, 0x47, 0xD8, 0x32,
    0x85, 0x79, 0x28, 0x08, 0xEE, 0xCF, 0xAB, 0x15, 0x74, 0x76, 0x14, 0x8C, 0xA1, 0x55, 0xBA, 0x88,
    0x34, 0x3E, 0x05, 0x19, 0xF1, 0xF3, 0xEA, 0x1C, 0xB3, 0xB8, 0x14, 0x06, 0xB0, 0x88, 0x65, 0x91,
    0x0D, 0x5C, 0x63, 0x72, 0x83, 0x62, 0x15, 0x8E, 0xC2, 0x0C, 0x6B, 0xD9, 0xE8, 0x62, 0x43, 0xC8,
    0x51, 0x29, 0x13, 0xB3, 0x57, 0x35, 0xC1, 0x9D, 0xCE, 0xC7, 0x06, 0xB1, 0xB3, 0x3F, 0x27, 0x47,
    0x7B, 0xCE, 0x77, 0x7F, 0xAA, 0x2A, 0x22, 0x03, 0x26, 0xC5, 0xEC, 0xE8, 0xEF, 0x27, 0x35, 0xEE,
    0xE7, 0x13, 0x35, 0x9A, 0x89, 0x1A, 0x8D, 0x37, 0x78, 0xD2, 0xCD, 0xD1, 0x14, 0x62, 0x4F, 0xA6,
    0xA3, 0x78, 0xD7, 0x91, 0xDF, 0xF5, 0x26, 0x9A, 0x8E, 0x96, 0x79, 0x61, 0x5D, 0xBC, 0x8A, 0xEA,
    0x4D, 0xA1, 0x1C, 0xEE, 0xD6, 0x2E, 0x6F, 0x8B, 0x43, 0x5F, 0xF5, 0x41, 0xA7, 0xDD, 0x48, 0x86,
    0x4D, 0x44, 0xAE, 0x16, 0x2B, 0x2B, 0x67, 0xC0, 0xC8, 0xB8, 0xF8, 0x93, 0x8B, 0x3E, 0xB9, 0x48,
    0xD3, 0x0E, 0xB4, 0xF5, 0x15, 0x0D, 0xBD, 0x06, 0x7E, 0x88, 0xAA, 0x16, 0xAE, 0x29, 0x24, 0x9C,
    0x55, 0x8C, 0x4D, 0x47, 0xB3, 0x8F, 0x66, 0x3B, 0x22, 0x4D, 0x42, 0x41, 0x67, 0xF8, 0xF9, 0x50,
    0xFA, 0x47, 0x39, 0xB0, 0xB7, 0x8F, 0xDC, 0x01, 0x28, 0xE4, 0x0E, 0x3A, 0xF7, 0x9D, 0xA4, 0xF7,
    0x61, 0xFA, 0xD1, 0xFF, 0xAA, 0xDA, 0xC4, 0xEF, 0x2F, 0x3E, 0x38, 0xFB, 0xE5, 0xE9, 0xE7, 0x7A,
    0x42, 0xE6, 0x29, 0x04, 0xF6, 0xBE, 0x4E, 0x8B, 0xDA, 0xB5, 0x72, 0x4F, 0x89, 0x33, 0x0C, 0x35,
    0xB2, 0xA6, 0x61, 0x35, 0x73, 0xB1, 0x2B, 0xF3, 0x42, 0x17, 0xE7, 0xED, 0xEF, 0xAB, 0xA6, 0xD3,
    0xCC, 0x5C, 0x9C, 0xE3, 0x87, 0x72, 0x71, 0x8E, 0x6E, 0x3E, 0xB6, 0x5C, 0x9C, 0xC1, 0xC1, 0xE4,
    0xF1, 0x8F, 0xB8, 0xBA, 0xE2, 0xF1, 0x55, 0x4B, 0x7F, 0x9C, 0xDC, 0x1D, 0x0C, 0x28, 0xCB, 0x55,
    0x29, 0xA2, 0x09, 0x2B, 0xAE, 0x86, 0x52, 0xA3, 0x61, 0x25, 0x0D, 0xA3, 0x24, 0x2A, 0xF3, 0x5A,
    0x07, 0x49, 0x0B, 0xFA, 0x87, 0x5A, 0xB3, 0xB0, 0x2E, 0x26, 0xE5, 0x3E, 0xD5, 0xEF, 0x37, 0x9B,
    0x5D, 0x90, 0xD5, 0x5F, 0x06, 0x23, 0xCD, 0x33, 0xF0, 0x54, 0x39, 0x37, 0xE4, 0x63, 0xD1, 0xE1,
    0xFF, 0x94, 0x23, 0x91, 0x93, 0x41, 0x47, 0x3C, 0x9C, 0xC2, 0x10, 0x34, 0x38, 0x48, 0xD3, 0x02,
    0xB2, 0x16, 0x74, 0xD5, 0xEF, 0x3C, 0x0F, 0x57, 0xCC, 0xE9, 0x6B, 0xCE, 0x35, 0x20, 0x67, 0x42,
    0xB4, 0x8D, 0x13, 0x05, 0x61, 0xAB, 0x6A, 0x32, 0xCE, 0xEE, 0xEC, 0xD0, 0x05, 0x65, 0x15, 0x07,
    0x44, 0x4A, 0x72, 0x2B, 0x56, 0x34, 0xA0, 0x6B, 0xAF, 0x92, 0xAB, 0x7F, 0x28, 0x37, 0xE3, 0xED,
    0xCA, 0x1D, 0xE9, 0xF6, 0xD8, 0x3E, 0x1A, 0x34, 0xF4, 0xA7, 0x47, 0xCE, 0xA3, 0xE4, 0x8E, 0x8A,
    0xE9, 0x7C, 0x27, 0xEA, 0x90, 0xF0, 0x32, 0x32, 0x56, 0xDB, 0x17, 0x33, 0xD2, 0x69, 0xA8, 0x44,
    0xC7, 0x17, 0xB7, 0xDE, 0x4C, 0x4F, 0xD5, 0xE5, 0x60, 0x57, 0xC8, 0x0D, 0x49, 0x2C, 0xFD, 0x7C,
    0x83, 0xDE, 0xF9, 0xD2, 0xEA, 0x9D, 0xCB, 0xF7, 0x0F, 0x35, 0xA0, 0xB7, 0xB7, 0xD1, 0xC0, 0x72,
    0xD2, 0xBC, 0x63, 0xA2, 0x42, 0xA2, 0xD1, 0x16, 0x20, 0xA7, 0x52, 0xCA, 0xA8, 0x12, 0xCD, 0x70,
    0x99, 0xA3, 0x72, 0xFE, 0x15, 0xF7, 0x03, 0x59, 0x29, 0x40, 0x0B, 0x17, 0xBD, 0x2C, 0x14, 0xA5,
    0x2E, 0x96, 0x59, 0x2B, 0xB9, 0xE8, 0x58, 0x91, 0x79, 0x03, 0x0A, 0xF5, 0x7A, 0xA2, 0x3E, 0x31,
    0xAF, 0x43, 0xCF, 0x52, 0x34, 0xDE, 0x87, 0x22, 0x68, 0x09, 0xF9, 0x7B, 0x0A, 0x77, 0x03, 0x36,
    0x48, 0x7A, 0x84, 0xB3, 0xA9, 0xCF, 0x4E, 0x8E, 0xEE, 0x21, 0x0E, 0xDF, 0x63, 0xD9, 0xC8, 0x92,
    0x1B, 0xFF, 0x85, 0x68, 0x8D, 0x2D, 0x75, 0x3F, 0xE4, 0xD0, 0x80, 0x54, 0x54, 0x0C, 0x47, 0xE7,
    0xEB, 0xEE, 0x95, 0x8A, 0x04, 0x23, 0xE8, 0x54, 0x61, 0xEE, 0x44, 0x8B, 0xB5, 0xF2, 0x8B, 0xC8,
    0x96, 0xD9, 0x28, 0xE3, 0x04, 0x2F, 0x6B, 0x96, 0x16, 0xE6, 0xE6, 0xE1, 0x6A, 0xC3, 0x41, 0xCD,
    0xDB, 0xC6, 0x7C, 0xEB, 0x0E, 0x63, 0xE0, 0x2B, 0xBD, 0xAD, 0xF1, 0x9F, 0x57, 0x8C, 0xF5, 0xBA,
    0xA4, 0x8F, 0xDA, 0x6B, 0xFE, 0x3A, 0xAD, 0x0C, 0xE0, 0xC3, 0x30, 0x3B, 0xC9, 0x5C, 0x14, 0x59,
    0x34, 0x64, 0xC4, 0xD3, 0xC5, 0xD6, 0x6D, 0xE0, 0x37, 0x6C, 0xB1, 0x6D, 0x00, 0x96, 0x1D, 0xB5,
    0x79, 0x82, 0xCA, 0x83, 0xB6, 0xA0, 0x87, 0x5F, 0xF6, 0xD4, 0x4A, 0x76, 0x4B, 0x52, 0x8B, 0xED,
    0x5F, 0x95, 0x21, 0x57, 0x2C, 0xF9, 0xE2, 0x3E, 0x94, 0x4F, 0x0C, 0x05, 0xF9, 0x16, 0x42, 0x75,
    0xE8, 0x82, 0x03, 0x22, 0x66, 0x5C, 0x2E, 0xF4, 0x0D, 0x0D, 0x18, 0xD3, 0xA0, 0x5B, 0x3A, 0xA5,
    0xBE, 0x61, 0x74, 0xF9, 0x0D, 0xA0, 0x2F, 0x17, 0x13, 0x1C, 0x0A, 0xBA, 0xB0, 0xDD, 0x51, 0xD2,
    0x2C, 0xC6, 0xA0, 0xAA, 0x53, 0x9C, 0xD4, 0x9F, 0xDE, 0xE2, 0x85, 0x0D, 0x4E, 0x27, 0x13, 0xCE,
    0x25, 0xDF, 0x73, 0xAF, 0xDF, 0xF1, 0xFA, 0xDB, 0x65, 0xAF, 0x85, 0x68, 0x3D, 0xA9, 0x86, 0x25,
    0xB8, 0x30, 0x6C, 0xB3, 0xD0, 0x14, 0x89, 0xE5, 0x4F, 0xB8, 0x8C, 0x6B, 0x6C, 0xAC, 0xE5, 0x39,
    0x18, 0x95, 0x1B, 0x18, 0xE7, 0x1B, 0x98, 0xA8, 0x63, 0x87, 0x50, 0xFD, 0x47, 0x37, 0x09, 0xE9,
    0x13, 0x52, 0x97, 0x50, 0x7A, 0x6A, 0xF6, 0x3F, 0x30, 0x33, 0x07, 0x3E, 0xBC, 0xAE, 0x72, 0x87,
    0xC7, 0x13, 0x5C, 0xAE, 0x6E, 0x30, 0xFF, 0x4E, 0x21, 0xFC, 0x27, 0x61, 0xFD, 0x02, 0xF8, 0x44,
    0xED, 0x57, 0xD6, 0x6A, 0x5A, 0x59, 0xA3, 0x89, 0x87, 0x3D, 0x0B, 0x7E, 0x95, 0x81, 0xC2, 0xC2,
    0x6F, 0xB0, 0x4B, 0x64, 0xE1, 0x88, 0xB1, 0x1C, 0x09, 0x3B, 0x1C, 0xD4, 0x79, 0xD0, 0x38, 0x53,
    0x88, 0xB2, 0x1B, 0xD7, 0x2B, 0x65, 0x0E, 0x43, 0x31, 0x44, 0x65, 0x4D, 0x26, 0xA2, 0xD7, 0xAE,
    0x22, 0x3A, 0xE1, 0x39, 0x0F, 0xE0, 0xE8, 0x57, 0x68, 0x71, 0x3C, 0x2B, 0x33, 0x2C, 0x6A, 0x8F,
    0xF0, 0x9B, 0x64, 0x4D, 0xA5, 0xC7, 0x24, 0x72, 0x31, 0x79, 0xCB, 0x3C, 0x05, 0xA1, 0x91, 0xFE,
    0x18, 0xB6, 0x65, 0x06, 0x46, 0x47, 0x7F, 0x3A, 0x62, 0x0D, 0xCB, 0x26, 0xCB, 0xD5, 0x25, 0x9F,
    0xBD, 0x4C, 0x87, 0x7C, 0x97, 0x7D, 0x63, 0x65, 0x26, 0x56, 0x8F, 0x71, 0xD3, 0x9E, 0x08, 0xE5,
    0xFD, 0x8E, 0xC6, 0x4B, 0xF6, 0x72, 0x4F, 0xD1, 0xAD, 0x6E, 0x18, 0xC4, 0x90, 0x0A, 0xB2, 0x19,
    0xF5, 0xB1, 0x43, 0x26, 0x09, 0x47, 0x13, 0x46, 0x52, 0x1C, 0x2D, 0x85, 0x7F, 0xB7, 0x91, 0x1D,
    0x16, 0xF2, 0x66, 0x09, 0xB7, 0x76, 0x51, 0x9A, 0xE7, 0xAE, 0x63, 0xDA, 0xF2, 0x04, 0x19, 0x40,
    0xEF, 0x55, 0xAD, 0x68, 0x0B, 0xDD, 0x1F, 0x52, 0x8A, 0xF3, 0xD5, 0x6A, 0xCE, 0x40, 0x9A, 0x33,
    0x17, 0x26, 0xA3, 0x99, 0xDD, 0xA9, 0x29, 0x1F, 0xF4, 0x2F, 0xC8, 0x4B, 0x68, 0xB8, 0xB6, 0x79,
    0xD4, 0x55, 0x54, 0xC8, 0x45, 0xA1, 0x83, 0x17, 0x09, 0x51, 0xBF, 0x91, 0x50, 0xEE, 0x36, 0xD7,
    0x05, 0xA9, 0xBC, 0x50, 0x65, 0x53, 0x48, 0x18, 0x13, 0x66, 0x05, 0x20, 0x1C, 0xAE, 0x83, 0xDC,
    0x92, 0x40, 0xDC, 0x08, 0xFE, 0x0D, 0x48, 0x36, 0xAA, 0x72, 0x9A, 0xB1, 0x32, 0xA3, 0x4E, 0x7F,
    0x9E, 0x6D, 0x21, 0xAA, 0x43, 0x75, 0x2F, 0x45, 0x3E, 0xE0, 0xA0, 0xD7, 0x32, 0x41, 0x0E, 0xB3,
    0x2E, 0xAE, 0x11, 0xD3, 0x88, 0x1B, 0x28, 0xF8, 0xF1, 0x8A, 0x1C, 0x1E, 0x01, 0x48, 0xDC, 0x26,
    0x08, 0x98, 0x8E, 0xDB, 0x4E, 0xE7, 0x0C, 0x67, 0x18, 0x09, 0x9F, 0xDC, 0x68, 0x97, 0x6A, 0xF9,
    0x3C, 0x2B, 0x57, 0xEF, 0x30, 0x1B, 0x18, 0xBF, 0x70, 0xF4, 0x32, 0xA1, 0x44, 0xCE, 0x7E, 0x4C,
    0x17, 0xF5, 0xE4, 0xEB, 0x1D, 0x18, 0xC9, 0x1E, 0x18, 0xA0, 0x19, 0x97, 0x0D, 0x17, 0x43, 0x3D,
    0xD9, 0xDF, 0x83, 0x7A, 0x52, 0xE9, 0x5E, 0x19, 0xDC, 0xB6, 0xAC, 0x26, 0xEF, 0xEF, 0x80, 0xA5,
    0x2D, 0x57, 0x8F, 0x20, 0x3D, 0xBB, 0x10, 0xD7, 0xEA, 0x84, 0xDB, 0x04, 0xD4, 0xCA, 0x03, 0xCD,
    0x80, 0x5B, 0x36, 0xFB, 0xAD, 0xDF, 0xAA, 0xE7, 0xE1, 0x8E, 0x6D, 0x7B, 0xC1, 0x86, 0xBD, 0x06,
    0xF8, 0xCC, 0x5D, 0xC0, 0x8A, 0x5B, 0x55, 0xE4, 0x7C, 0x3A, 0xE6, 0xB6, 0x16, 0xD2, 0xD7, 0xB7,
    0xB0, 0xDB, 0xEA, 0xCC, 0x42, 0x9F, 0x68, 0x33, 0x8B, 0x3C, 0xA3, 0x15, 0x9C, 0xF6, 0x32, 0x1F,
    0x21, 0xC8, 0x25, 0x2B, 0xE9, 0x37, 0x2B, 0x73, 0x53, 0xD0, 0xDF, 0xB6, 0xE6, 0x54, 0xD0, 0xAF,
    0xBB, 0xE0, 0x57, 0x30, 0xFF, 0xFB, 0xF0, 0x67, 0x40, 0x43, 0xF8, 0x23, 0xA0, 0x5B, 0xD1, 0x77,
    0x80, 0xB2, 0xF8, 0x65, 0xA0, 0xF4, 0x90, 0x1E, 0x82, 0x78, 0x20, 0x8A, 0x7A, 0xA2, 0x65, 0x47,
    0x14, 0xB6, 0x44, 0xC1, 0x0A, 0x0E, 0x06, 0x91, 0x89, 0xCB, 0x51, 0x74, 0xF1, 0x1A, 0xB4, 0xAE,
    0x64, 0x83, 0x56, 0x18, 0x84, 0x5B, 0xA7, 0xB2, 0x15, 0x22, 0x9B, 0x2F, 0xEC, 0x6C, 0xE6, 0x2F,
    0x81, 0x4A, 0x33, 0x85, 0xE3, 0xC1, 0x41, 0xF1, 0x80, 0xEF, 0x07, 0x5C, 0x53, 0xDB, 0xEB, 0xF4,
    0x15, 0xF0, 0x20, 0xF9, 0x84, 0x01, 0xBC, 0x2E, 0x3E, 0xDD, 0xEF, 0xD3, 0xD5, 0x62, 0x90, 0xE9,
    0x1A, 0x61, 0x8B, 0x56, 0xEA, 0xEB, 0x2C, 0x86, 0xD9, 0x4B, 0xFE, 0x7D, 0x02, 0x4D, 0xA4, 0xC8,
    0x17, 0x7D, 0xD6, 0x44, 0xEB, 0x64, 0xAC, 0x10, 0x5F, 0x07, 0xB3, 0x15, 0x99, 0xD3, 0xA9, 0xCD,
    0xC5, 0xDC, 0x3C, 0xBB, 0x0E, 0xC6, 0x3C, 0x28, 0xCA, 0x87, 0xBA, 0x97, 0x47, 0x84, 0x0B, 0x11,
    0x79, 0x58, 0xC5, 0xDD, 0x74, 0x2F, 0xCF, 0x1A, 0x61, 0xA8, 0x19, 0x18, 0x65, 0x91, 0x69, 0x5C,
    0x5A, 0x96, 0xDD, 0xF8, 0x75, 0x91, 0x07, 0x1D, 0xF4, 0x62, 0x44, 0xEB, 0xE4, 0xB6, 0x10, 0xFA,
    0xD3, 0xE8, 0xB6, 0x00, 0xC8, 0xFD, 0x2D, 0xC0, 0xF7, 0xE4, 0x2B, 0x25, 0x74, 0x3E, 0x31, 0x13,
    0xE4, 0x04, 0x77, 0x98, 0xF9, 0xD7, 0xB9, 0x18, 0xF9, 0x6B, 0xA7, 0x66, 0xD2, 0xA7, 0x1E, 0x0E,
    0x18, 0x3A, 0xCB, 0xBD, 0x6F, 0x12, 0xFC, 0xBE, 0xB2, 0xBD, 0xD0, 0x6A, 0x10, 0x65, 0xEF, 0x58,
    0x64, 0xE3, 0xB3, 0xB0, 0xBC, 0xC0, 0x1E, 0xE1, 0x7B, 0xAC, 0x1C, 0x4B, 0xF7, 0x52, 0x0D, 0xC7,
    0xF0, 0xCE, 0x08, 0x0D, 0xBF, 0x92, 0xAD, 0x82, 0x21, 0xB1, 0x77, 0x64, 0x7D, 0xD8, 0x3E, 0xC0,
    0x60, 0xF6, 0x4F, 0xCD, 0x24, 0x79, 0x14, 0xAC, 0xC3, 0x2E, 0x6C, 0xBB, 0x09, 0xB4, 0x02, 0x56,
    0xAF, 0x87, 0xDD, 0xA2, 0xF4, 0xE1, 0xC1, 0x87, 0x03, 0x11, 0xB3, 0x65, 0x54, 0x4B, 0x46, 0xEA,
    0x96, 0x48, 0x89, 0xB6, 0xB0, 0x8D, 0x40, 0xA4, 0x97, 0x16, 0x39, 0xF6, 0xF7, 0x2D, 0x7A, 0x2D,
    0x06, 0x0E, 0x91, 0x19, 0x35, 0x0B, 0x75, 0x68, 0xD0, 0x4D, 0x08, 0xF7, 0x5D, 0xCA, 0x5C, 0xED,
    0xB8, 0x81, 0x52, 0x1E, 0xAD, 0xE0, 0x29, 0x14, 0xF9, 0xC0, 0x2B, 0x40, 0xB6, 0x2C, 0xD6, 0x8C,
    0xD8, 0xF6, 0xF4, 0xA5, 0x54, 0xD4, 0xBE, 0x99, 0x7E, 0xE6, 0x34, 0x77, 0xE7, 0xA4, 0xCC, 0x37,
    0xEE, 0xCF, 0x63, 0xBA, 0x65, 0xF0, 0xF5, 0x37, 0xA8, 0x07, 0xD9, 0x4A, 0xD9, 0x0E, 0xE5, 0x11,
    0xCF, 0x92, 0x1D, 0x4D, 0x79, 0x62, 0x80, 0x7A, 0x52, 0xE7, 0x06, 0x0B, 0x5E, 0x6B, 0xE7, 0xD9,
    0xCD, 0x97, 0x21, 0x9E, 0x1D, 0x2A, 0xEB, 0x3D, 0xE3, 0xCD, 0x58, 0x99, 0xAD, 0xDF, 0x22, 0x2D,
    0x71, 0xBD, 0x6C, 0x11, 0xD7, 0x6D, 0x96, 0xED, 0x12, 0x1C, 0x6D, 0xD9, 0xC2, 0x26, 0x20, 0x73,
    0xD1, 0x58, 0x52, 0x21, 0x62, 0x6F, 0xD9, 0x32, 0xB0, 0x71, 0x1E, 0x19, 0xFD, 0x4C, 0xA6, 0x18,
    0xDF, 0x44, 0xAE, 0x71, 0x8B, 0xB8, 0xB6, 0xF0, 0x32, 0x61, 0x0A, 0x49, 0xBB, 0x6C, 0x11, 0x57,
    0x1A, 0xFF, 0xA8, 0x3D, 0xAC, 0x29, 0x60, 0x47, 0x4D, 0xEC, 0x3C, 0x7A, 0xC8, 0x51, 0x3B, 0x94,
    0x9C, 0xE6, 0x66, 0x12, 0x2F, 0xA1, 0x22, 0x21, 0xC7, 0x15, 0x4E, 0x56, 0x5A, 0xC3, 0xB9, 0x58,
    0xD4, 0xCC, 0x37, 0x16, 0x19, 0xD0, 0xC2, 0xA5, 0x28, 0xDA, 0x00, 0x3C, 0x8A, 0x03, 0x6D, 0x25,
    0x4B, 0x43, 0xA2, 0xD0, 0xEC, 0x03, 0x7A, 0xBB, 0x52, 0x7A, 0x0A, 0x11, 0x1C, 0x94, 0xB3, 0x52,
    0xB9, 0x59, 0xC3, 0x1B, 0x9B, 0x32, 0xBA, 0x41, 0x2F, 0xE0, 0x92, 0xF1, 0x7D, 0xA1, 0x8B, 0x68,
    0xD8, 0x15, 0x92, 0x5C, 0x72, 0x7C, 0xA1, 0x28, 0x5F, 0x9C, 0x26, 0x90, 0x82, 0x2D, 0xE6, 0x36,
    0x4D, 0x6C, 0xBF, 0x07, 0xC9, 0x4C, 0x96, 0xA0, 0x71, 0x85, 0xC7, 0x07, 0x03, 0xFB, 0xD6, 0xB7,
    0xEC, 0xF7, 0x18, 0x1C, 0xB4, 0xEA, 0xEA, 0x50, 0xF3, 0x74, 0x96, 0xB5, 0xCD, 0x4C, 0x0A, 0xC3,
    0x44, 0x0A, 0x11, 0x11, 0xF8, 0x63, 0x48, 0xCB, 0x7C, 0x0D, 0x41, 0x0B, 0xFC, 0x5F, 0x0A, 0x3C,
    0x1C, 0xCC, 0xE1, 0xDA, 0x45, 0xFB, 0x76, 0x40, 0x8A, 0x93, 0x05, 0xB5, 0xC0, 0x40, 0x8D, 0x35,
    0xFB, 0x7F, 0xEE, 0xB4, 0x0C, 0x2C, 0xB7, 0x58, 0x38, 0xBF, 0x68, 0x37, 0x13, 0x72, 0x1E, 0xEE,
    0x9F, 0xEA, 0x04, 0xD5, 0xC6, 0x09, 0xA1, 0x95, 0x1D, 0x63, 0xBB, 0xCE, 0x6C, 0x63, 0x87, 0xD8,
    0x76, 0x7B, 0xA3, 0x58, 0xAD, 0x0B, 0x15, 0xF3, 0x8D, 0x33, 0xC6, 0x9E, 0x04, 0x16, 0xDA, 0x7D,
    0xFB, 0xBD, 0x6F, 0xD9, 0xEB, 0x4A, 0x3D, 0xDB, 0x65, 0x13, 0xE6, 0xF8, 0xFA, 0x4F, 0xC9, 0xF8,
    0x8E, 0xDC, 0xF8, 0x06, 0x37, 0x3E, 0x97, 0x5A, 0xE6, 0x33, 0xCD, 0xBC, 0x87, 0xF6, 0x1C, 0x76,
    0x69, 0x66, 0x3E, 0xCF, 0xCC, 0xBC, 0x50, 0x58, 0x97, 0x33, 0xD5, 0xD1, 0x2E, 0x65, 0xDE, 0xC0,
    0x40, 0xA7, 0xD4, 0x06, 0xBE, 0x49, 0xF8, 0x95, 0x29, 0x91, 0xAB, 0x33, 0xCE, 0xB0, 0x31, 0xE3,
    0xCB, 0x1A, 0xF2, 0x8F, 0x69, 0xC3, 0x47, 0xAD, 0xB7, 0xDA, 0x3D, 0x8C, 0x56, 0xCE, 0x9E, 0x0E,
    0x46, 0x17, 0xAF, 0x1E, 0xB9, 0x3E, 0x8E, 0x98, 0xAA, 0x15, 0xD1, 0x46, 0xE9, 0x04, 0x8F, 0xB4,
    0xAF, 0x20, 0xED, 0x5D, 0x1C, 0xF5, 0xC1, 0x98, 0x29, 0x57, 0xEA, 0x34, 0xA2, 0xF7, 0xC7, 0xBE,
    0x55, 0xD5, 0xCE, 0xD5, 0xB3, 0x52, 0xCC, 0x5C, 0x2D, 0x0E, 0x65, 0x1B, 0x47, 0xEE, 0xF3, 0x04,
    0x7A, 0x22, 0x06, 0x56, 0x17, 0x3F, 0xE1, 0xD0, 0x16, 0x6A, 0x33, 0xBD, 0x1D, 0x12, 0x23, 0x0C,
    0xAD, 0x39, 0xD6, 0xF9, 0x65, 0x89, 0x57, 0x3E, 0x2D, 0x59, 0xD4, 0x8F, 0x83, 0xAA, 0x56, 0xDD,
    0x6E, 0x6E, 0xE6, 0xA9, 0xAD, 0xB7, 0xE2, 0xF5, 0x48, 0x05, 0x6F, 0xEB, 0x1D, 0x4D, 0x95, 0x0D,
    0xB9, 0x1A, 0xB9, 0xE9, 0x7B, 0xC5, 0x1A, 0x06, 0x56, 0x6F, 0x5E, 0x70, 0x99, 0x83, 0x76, 0x72,
    0x64, 0x7B, 0x39, 0x4A, 0x53, 0x3C, 0x71, 0x3E, 0x8D, 0x49, 0x28, 0x14, 0xE6, 0xF7, 0x20, 0x18,
    0x6E, 0xB2, 0x92, 0xA5, 0x8C, 0x3A, 0x35, 0x25, 0x13, 0xF5, 0x32, 0xDC, 0x33, 0x93, 0xD0, 0xCD,
    0x28, 0xC5, 0x90, 0x8C, 0x8C, 0x62, 0x9D, 0x0E, 0xB7, 0x16, 0x0D, 0xDF, 0xEE, 0x8D, 0x33, 0x44,
    0x9D, 0x7E, 0x6A, 0x9D, 0xA6, 0x4B, 0x7F, 0x54, 0xE5, 0xF0, 0x48, 0xC7, 0xC3, 0x78, 0xA0, 0x3E,
    0x2B, 0x2E, 0xB8, 0x19, 0xF6, 0x9F, 0x2B, 0xF6, 0xBF, 0xC3, 0xE6, 0x10, 0x1E, 0x48, 0xB6, 0x24,
    0x6C, 0x92, 0x1E, 0x80, 0xB4, 0x5B, 0x22, 0x11, 0xA3, 0x8D, 0x55, 0x95, 0xE8, 0xC8, 0x01, 0x30,
    0x2E, 0xBA, 0x48, 0xF6, 0x2C, 0x63, 0xA9, 0xA8, 0x1C, 0x3A, 0xA2, 0x3B, 0x81, 0x91, 0x01, 0x06,
    0x09, 0x3C, 0xC0, 0x3F, 0x17, 0x1C, 0x9F, 0xFD, 0x5E, 0xE5, 0xB2, 0x58, 0x96, 0x00, 0x51, 0x53,
    0xC0, 0xD0, 0xC0, 0xC0, 0x61, 0x6D, 0x55, 0xC6, 0x9D, 0x60, 0xB9, 0x0E, 0xAA, 0xA3, 0x44, 0x44,
    0x77, 0x5F, 0x88, 0x49, 0xD5, 0x6B, 0x6E, 0xE5, 0x38, 0x55, 0xF3, 0xA8, 0xDB, 0xA4, 0xF1, 0x75,
    0x60, 0x8C, 0xEA, 0x50, 0x6F, 0x9F, 0xF6, 0xCA, 0xCC, 0xA1, 0xF5, 0x04, 0xAC, 0x54, 0x51, 0x55,
    0xC4, 0x24, 0xEC, 0xE3, 0x5E, 0x81, 0x88, 0xD8, 0xF6, 0x7C, 0x06, 0xF8, 0x8E, 0xB1, 0x9C, 0x62,
    0x2C, 0x48, 0xF7, 0xCC, 0xCA, 0xC0, 0x8D, 0xE5, 0x18, 0x63, 0xE9, 0xF7, 0x31, 0x16, 0x3B, 0x8D,
    0x05, 0x64, 0xB6, 0xA5, 0x5B, 0xBD, 0x65, 0x61, 0x36, 0x63, 0xB9, 0x73, 0x6E, 0x2C, 0x1A, 0xBB,
    0xDD, 0xD7, 0x65, 0x48, 0xF8, 0x45, 0x7B, 0x36, 0xC4, 0xA2, 0xF9, 0xF3, 0x2E, 0x8B, 0x7E, 0x57,
    0x78, 0xE6, 0xDF, 0x02, 0xC6, 0x74, 0x85, 0x39, 0x7F, 0x20, 0x98, 0x40, 0xD1, 0x21, 0xEC, 0x29,
    0xEA, 0x9C, 0xE5, 0x02, 0x41, 0x22, 0x1C, 0x57, 0x5A, 0x41, 0x1D, 0xB0, 0xE0, 0x6A, 0x9A, 0x60,
    0x72, 0x01, 0x4C, 0x6B, 0x99, 0x5A, 0x59, 0x6F, 0x98, 0xD6, 0xB4, 0xCC, 0x1C, 0x47, 0xF0, 0x9A,
    0x52, 0x31, 0xAB, 0x3D, 0xEA, 0x37, 0x95, 0x5D, 0xEA, 0xE2, 0x64, 0xD6, 0x98, 0x06, 0x60, 0x97,
    0xEB, 0xC9, 0x7F, 0xDF, 0xA9, 0xA0, 0x47, 0x59, 0x99, 0x10, 0x0B, 0x56, 0x26, 0xD2, 0x50, 0xE0,
    0x38, 0x85, 0xA7, 0xE9, 0xA9, 0xB9, 0x85, 0xFA, 0x78, 0xDD, 0x34, 0x9C, 0xD2, 0x14, 0x0E, 0xAB,
    0x3B, 0x03, 0xD4, 0x29, 0x51, 0x19, 0x91, 0x73, 0xF1, 0x92, 0xDC, 0xC9, 0x8B, 0xB7, 0x9C, 0xD6,
    0x37, 0x2A, 0xDB, 0x35, 0xA0, 0x9F, 0xD7, 0x89, 0x2B, 0xD5, 0x89, 0xA1, 0xDA, 0x07, 0x89, 0x7D,
    0x9F, 0xE3, 0xE1, 0xA2, 0xC0, 0xF4, 0x05, 0xCC, 0x45, 0xE8, 0x11, 0xD9, 0x0E, 0xED, 0x5B, 0x6F,
    0x20, 0x62, 0x8A, 0x9B, 0x07, 0xB3, 0x8E, 0x99, 0x44, 0x77, 0x0F, 0x3B, 0x87, 0x76, 0x97, 0xE6,
    0x5F, 0xC0, 0xED, 0x1A, 0x0C, 0x4F, 0x21, 0xD9, 0x4A, 0x04, 0x7B, 0x71, 0xBF, 0x42, 0xE5, 0x4F,
    0x17, 0x63, 0xE1, 0x54, 0xA7, 0xC8, 0xDD, 0x0E, 0x59, 0xB7, 0x11, 0xCC, 0x13, 0xC6, 0xAE, 0x33,
    0xFB, 0xB3, 0x63, 0xA4, 0xB4, 0x43, 0xB6, 0x78, 0x38, 0xFB, 0x7F, 0x31, 0xFD, 0xBF, 0x46, 0xBA,
    0x30, 0xFE, 0x07, 0xB7, 0xB9, 0x0E, 0x2B, 0x14, 0xBC, 0xA8, 0x81, 0x95, 0xEE, 0x2B, 0x9C, 0x0A,
    0x37, 0x63, 0x5B, 0x2B, 0xBD, 0x65, 0x06, 0x3A, 0xC7, 0x8B, 0x99, 0xD9, 0xF7, 0x5E, 0x90, 0xCB,
    0x5E, 0x6B, 0x55, 0x90, 0xA1, 0xEA, 0x31, 0xD1, 0x1D, 0xEA, 0x08, 0x5E, 0xD5, 0x91, 0x06, 0x2D,
    0x11, 0x69, 0x67, 0xB4, 0x7D, 0x7D, 0xE6, 0x6A, 0xCF, 0xBA, 0x5D, 0x3F, 0x3C, 0xE2, 0x6B, 0x74,
    0xAF, 0x13, 0x3F, 0x23, 0xB3, 0x57, 0x66, 0xB6, 0xCB, 0xBC, 0x8A, 0xFC, 0x9F, 0x08, 0xAF, 0xB0,
    0xBF, 0x1D, 0x8D, 0xF2, 0x3A, 0xA1, 0x0D, 0xB3, 0x49, 0xA8, 0x60, 0x07, 0x4E, 0xE1, 0x5D, 0x36,
    0x74, 0xD6, 0x87, 0x35, 0xA3, 0x3F, 0x3B, 0xD1, 0x72, 0x42, 0x08, 0xD8, 0x44, 0x25, 0x19, 0x6A,
    0x94, 0xC7, 0xF7, 0xF6, 0x85, 0x73, 0xE4, 0x71, 0x03, 0x07, 0x17, 0x54, 0x86, 0x4A, 0x16, 0xA6,
    0xA0, 0x42, 0x33, 0x7D, 0x8B, 0x67, 0x98, 0xD4, 0x7B, 0x52, 0x21, 0x9B, 0x37, 0x18, 0xE0, 0x0C,
    0x58, 0xED, 0xAF, 0x6D, 0x8D, 0x30, 0xC0, 0xEA, 0x16, 0x96, 0x03, 0x62, 0x85, 0x6D, 0xAA, 0xD2,
    0xAF, 0xF5, 0x02, 0x70, 0x92, 0x81, 0x5E, 0xEE, 0x3D, 0x08, 0x8F, 0xCF, 0xE5, 0x2E, 0xE7, 0x63,
    0xF0, 0x15, 0x44, 0x25, 0x2C, 0xF3, 0xD1, 0xF9, 0x72, 0x9C, 0x37, 0xD4, 0x4B, 0x4A, 0x2F, 0x27,
    0x67, 0xFF, 0x16, 0x69, 0x89, 0x62, 0x44, 0x0A, 0x4C, 0x61, 0x4E, 0x94, 0x99, 0xA8, 0xC7, 0x3B,
    0x7A, 0x74, 0xAE, 0xB4, 0x2B, 0x38, 0xFC, 0x2D, 0x4C, 0xC5, 0x92, 0xBA, 0x4F, 0x4A, 0x7E, 0x44,
    0xE5, 0xA7, 0x38, 0x85, 0x5F, 0x57, 0x86, 0xF8, 0xF0, 0x3C, 0x68, 0x17, 0x24, 0x57, 0xBA, 0x97,
    0xD0, 0xBC, 0xCD, 0xB0, 0xF9, 0x30, 0x8A, 0xE7, 0xC8, 0x9A, 0x98, 0xA8, 0xA0, 0x59, 0x08, 0x21,
    0x89, 0x1A, 0x93, 0x41, 0x65, 0xDD, 0xF4, 0xA1, 0xD3, 0xD3, 0xDF, 0xDC, 0x91, 0x8C, 0xF9, 0xC9,
    0xF9, 0xA6, 0x5C, 0x2D, 0x82, 0xF2, 0x51, 0x2D, 0xE9, 0x58, 0xD8, 0x59, 0x5E, 0x45, 0xA1, 0xD6,
    0xAA, 0xEA, 0xF7, 0xBC, 0x97, 0x60, 0xBD, 0x2B, 0x9D, 0xF4, 0x13, 0xF3, 0x43, 0x5E, 0x61, 0x39,
    0x58, 0x52, 0x82, 0x28, 0x49, 0x1D, 0x32, 0x79, 0x94, 0x1E, 0xB3, 0x16, 0x83, 0x0E, 0x95, 0x40,
    0x2E, 0x4C, 0xB3, 0xED, 0x87, 0x14, 0x93, 0x64, 0xB5, 0xB4, 0xDD, 0x92, 0xD1, 0x2A, 0x57, 0x5B,
    0xEC, 0x32, 0x14, 0xBC, 0xD5, 0x85, 0x37, 0x4B, 0xB0, 0x9C, 0xB4, 0xD6, 0x28, 0x2B, 0xEC, 0xFE,
    0x78, 0xC5, 0x64, 0xF8, 0x16, 0xD6, 0x7F, 0xD8, 0xC1, 0xEE, 0x5F, 0xAC, 0x29, 0x98, 0x7A, 0x1A,
    0x5F, 0xC7, 0xFD, 0xA6, 0xDA, 0x25, 0x6B, 0x8D, 0xD7, 0x3F, 0x5C, 0xBC, 0x57, 0xA3, 0xCB, 0x9A,
    0xE4, 0x54, 0x4C, 0x19, 0x18, 0x2F, 0x92, 0xB4, 0x05, 0xAC, 0x4B, 0xEA, 0x71, 0xEA, 0x88, 0xF2,
    0x91, 0x3D, 0x1A, 0x97, 0x3D, 0x8D, 0xCB, 0xF5, 0xC7, 0x6C, 0x5C, 0xAA, 0xF9, 0xD1, 0x67, 0xAE,
    0xCE, 0x45, 0x45, 0x6A, 0xB4, 0xDA, 0x40, 0xAE, 0x3A, 0x07, 0xC3, 0x7A, 0x03, 0x0D, 0xEE, 0x28,
    0x51, 0x83, 0x34, 0x21, 0xAB, 0x33, 0xF0, 0x8B, 0x9D, 0x2D, 0xFC, 0x7E, 0xEE, 0xA0, 0x78, 0xEB,
    0xE0, 0xBA, 0xE6, 0x03, 0xB6, 0x1E, 0xDD, 0xD4, 0x84, 0xF8, 0x1B, 0x98, 0x60, 0x87, 0x56, 0xA2,
    0xCD, 0x65, 0x79, 0x50, 0x5E, 0x58, 0x3E, 0xAE, 0xD5, 0x9B, 0x99, 0x1A, 0x48, 0x99, 0xC6, 0xE2,
    0xE5, 0x07, 0x90, 0xFE, 0x88, 0xAA, 0xAD, 0x88, 0xA2, 0x76, 0x2A, 0xF3, 0xDB, 0x20, 0xF7, 0x66,
    0xAC, 0x5F, 0xC9, 0x6A, 0xF5, 0x1B, 0xD2, 0x07, 0x82, 0x71, 0x27, 0x53, 0xF2, 0x22, 0xE2, 0xF2,
    0x58, 0x5B, 0x4C, 0x51, 0x82, 0xE2, 0x67, 0xF6, 0xAA, 0x0B, 0x2A, 0x0C, 0xAC, 0x8A, 0x6F, 0x01,
    0xEB, 0xB8, 0x89, 0x4D, 0x07, 0xD0, 0x02, 0x3C, 0x13, 0x37, 0x4F, 0x6D, 0x7D, 0x99, 0xB5, 0x24,
    0x4C, 0xDA, 0xBB, 0xB7, 0xA4, 0xE5, 0x37, 0x2A, 0x2F, 0x27, 0x27, 0xF7, 0x60, 0x24, 0x0F, 0x17,
    0xBB, 0xE1, 0xDB, 0x6B, 0xF2, 0xEF, 0x50, 0x33, 0xAD, 0xAE, 0x1C, 0x68, 0xEA, 0x0B, 0xED, 0xB4,
    0xD8, 0xB1, 0xC0, 0xD3, 0xD7, 0x90, 0x72, 0x6B, 0x59, 0x32, 0x0F, 0x85, 0x27, 0xEA, 0x39, 0x6B,
    0x0B, 0x0D, 0x1F, 0x22, 0x20, 0xA7, 0x69, 0x7F, 0x6A, 0x54, 0x94, 0x85, 0x86, 0x7E, 0x4F, 0x14,
    0xE9, 0x22, 0xAB, 0x5D, 0xDE, 0x88, 0x43, 0xE3, 0xD6, 0x67, 0xFA, 0xAF, 0xB2, 0x52, 0xE2, 0x17,
    0xAE, 0x44, 0xA1, 0xA4, 0x50, 0x84, 0x63, 0x8F, 0xBE, 0x1D, 0xCA, 0x66, 0xB8, 0xCE, 0x12, 0xB8,
    0xD4, 0x9A, 0x00, 0xC6, 0x63, 0xA5, 0x12, 0x2F, 0xD1, 0xE1, 0xBA, 0x92, 0x6F, 0xA7, 0xE0, 0x76,
    0x86, 0xBA, 0xE8, 0x72, 0x7C, 0xCD, 0x22, 0x60, 0x52, 0xD1, 0x33, 0xB9, 0x42, 0x0D, 0x49, 0x7B,
    0x02, 0x07, 0xD5, 0x89, 0x0B, 0xE6, 0x2D, 0x3B, 0xDA, 0xE8, 0x04, 0x83, 0xCB, 0xF9, 0x47, 0x8E,
    0x1A, 0xF2, 0x76, 0x91, 0xAA, 0x97, 0x35, 0x32, 0xD0, 0x64, 0x2D, 0xC6, 0x48, 0x84, 0xF3, 0xD1,
    0xF6, 0x31, 0xC9, 0x98, 0x7B, 0x3F, 0x19, 0x17, 0x71, 0xB2, 0xE6, 0xDB, 0x45, 0xCF, 0x0F, 0x84,
    0x77, 0x43, 0x75, 0x18, 0xFE, 0x75, 0xE0, 0x52, 0xFF, 0xAC, 0x3A, 0x2E, 0xC4, 0x9E, 0x41, 0xF4,
    0x05, 0xA7, 0xAD, 0xA9, 0xAA, 0x42, 0x31, 0x14, 0x09, 0x81, 0xAD, 0x4A, 0x53, 0x80, 0xBB, 0xA1,
    0x50, 0xFF, 0xD9, 0xB1, 0x3A, 0x12, 0x7B, 0xD5, 0x3D, 0xE9, 0x3B, 0xEA, 0x55, 0x79, 0x52, 0xE6,
    0x6C, 0x46, 0x45, 0x85, 0x6E, 0x94, 0xEC, 0x9B, 0xBA, 0xEB, 0xBF, 0xAB, 0x4E, 0xBF, 0x9F, 0xE6,
    0xC6, 0x17, 0x7C, 0x61, 0x61, 0xA9, 0x7B, 0x4B, 0x6D, 0xF0, 0x70, 0x9E, 0xD7, 0x87, 0x5B, 0xC8,
    0xA1, 0xA3, 0xA5, 0x2D, 0xB5, 0xB9, 0x16, 0x71, 0x74, 0xE1, 0x5C, 0xA2, 0x59, 0x7C, 0xD0, 0x40,
    0x63, 0x53, 0x2F, 0x4D, 0x03, 0xEF, 0x40, 0xCC, 0xF0, 0x13, 0x5C, 0x91, 0x15, 0x13, 0x29, 0xB5,
    0x74, 0x24, 0x2B, 0x6F, 0x72, 0x12, 0xEF, 0x72, 0xFD, 0x81, 0x25, 0x45, 0x3F, 0x63, 0x2D, 0xC5,
    0xAF, 0x09, 0x7F, 0xD3, 0x6C, 0x32, 0xE7, 0x14, 0x56, 0x33, 0x35, 0xFB, 0xB1, 0xD6, 0x19, 0x94,
    0xBE, 0x7E, 0xE1, 0x33, 0x5E, 0x67, 0x50, 0xBB, 0xFB, 0x71, 0x49, 0x42, 0x85, 0x5B, 0x6A, 0x95,
    0xBB, 0xDB, 0x71, 0xDB, 0x2D, 0xE3, 0x15, 0xEA, 0xD0, 0x99, 0x7A, 0xA1, 0xCB, 0x41, 0x42, 0x39,
    0x93, 0x06, 0xD0, 0x5C, 0x04, 0xCD, 0x85, 0xD0, 0x5C, 0x0C, 0xCD, 0x05, 0xD1, 0xBC, 0x9B, 0xF3,
    0x5C, 0x18, 0xCD, 0x4B, 0x30, 0x6B, 0x5C, 0x78, 0xCB, 0x49, 0xDC, 0x59, 0x2F, 0x0C, 0x4B, 0x14,
    0x2A, 0x8A, 0x15, 0x41, 0xEC, 0x3A, 0xB9, 0xEB, 0x04, 0xAF, 0x93, 0xBC, 0x4E, 0xF4, 0x3A, 0xD9,
    0xEB, 0x84, 0xAF, 0x93, 0xBE, 0x4E, 0xFC, 0xBA, 0x53, 0x53, 0x00, 0xBF, 0x67, 0x28, 0x81, 0x6D,
    0xAE, 0x83, 0xC8, 0xE7, 0x14, 0x18, 0x76, 0x14, 0x85, 0x6A, 0xCA, 0xAB, 0x17, 0x14, 0x72, 0xEF,
    0x3E, 0x25, 0x07, 0xF0, 0xF9, 0x0B, 0x52, 0x72, 0x94, 0xBD, 0x29, 0x3C, 0x18, 0x0F, 0x3E, 0xC6,
    0xAA, 0xC3, 0x9D, 0x29, 0x39, 0xB0, 0x18, 0xF6, 0x29, 0x5B, 0x00, 0xFE, 0xE9, 0x45, 0x5E, 0xA2,
    0x4C, 0xBD, 0x1C, 0x6E, 0x9D, 0x5E, 0xEA, 0x4D, 0x5A, 0xBB, 0x84, 0xA8, 0x31, 0x2F, 0x26, 0x47,
    0x52, 0xD8, 0x6D, 0x01, 0xAA, 0xCA, 0x71, 0xBB, 0x18, 0x0F, 0x98, 0x39, 0x40, 0x0B, 0xF2, 0x1E,
    0xF8, 0x3E, 0xFD, 0x43, 0x23, 0x53, 0xCF, 0x56, 0xCF, 0xCB, 0xA7, 0x6B, 0xAD, 0x96, 0x1C, 0xC0,
    0xE6, 0x79, 0x1F, 0x83, 0x2B, 0xC4, 0x2F, 0x1C, 0x58, 0xE6, 0xF2, 0xCF, 0x48, 0x78, 0xF8, 0x10,
    0xFE, 0xAA, 0x97, 0x2D, 0xF1, 0x5B, 0xFC, 0x02, 0xB6, 0x19, 0x46, 0xA0, 0xE0, 0xFE, 0x37, 0x41,
    0x89, 0x10, 0x97, 0x0C, 0x2E, 0xAE, 0x58, 0x5C, 0xD8, 0xEF, 0x51, 0xDA, 0x62, 0xBA, 0x74, 0x15,
    0xCA, 0x54, 0x2C, 0xEE, 0x46, 0xC8, 0x68, 0xE8, 0xB1, 0x27, 0x8A, 0xDE, 0x32, 0x8B, 0xEC, 0x74,
    0x09, 0x4F, 0x59, 0x89, 0x2D, 0x3C, 0x1A, 0xCD, 0x9F, 0x70, 0xB4, 0x56, 0x37, 0xE7, 0x39, 0x88,
    0xE8, 0xC9, 0xC0, 0xC2, 0xD6, 0xC1, 0xAC, 0xE9, 0x5A, 0xBA, 0xAB, 0x29, 0x3C, 0x32, 0x2B, 0x63,
    0x0E, 0xF3, 0x7C, 0xDE, 0x75, 0x64, 0xAC, 0x4E, 0xB5, 0x1E, 0xF5, 0x2E, 0xE1, 0xB5, 0x0B, 0x93,
    0xB5, 0x58, 0x2B, 0xC9, 0xB4, 0x7D, 0xBF, 0xC2, 0xA6, 0x82, 0xDB, 0x77, 0x27, 0xE7, 0x8F, 0x26,
    0xD5, 0x6F, 0xCA, 0x39, 0x9F, 0xE7, 0x02, 0x78, 0x7C, 0x05, 0x9B, 0x8F, 0xD8, 0xB0, 0x85, 0x0E,
    0x88, 0xC4, 0xA5, 0xC0, 0xD3, 0xAE, 0x9C, 0xB9, 0x21, 0xC6, 0x47, 0xB6, 0x5A, 0x77, 0xB8, 0x21,
    0x0A, 0x9F, 0x06, 0x3C, 0xF8, 0xCA, 0xD5, 0x59, 0x22, 0xCF, 0x06, 0xBC, 0x0B, 0xF0, 0xC6, 0xAE,
    0x31, 0x73, 0x16, 0x66, 0x0D, 0x60, 0x1E, 0xFA, 0x56, 0xBF, 0x37, 0xBF, 0x55, 0xE8, 0x04, 0x50,
    0xB3, 0x84, 0xDE, 0xA3, 0x0C, 0xE0, 0x58, 0x5E, 0x37, 0xE5, 0x75, 0xCD, 0xBD, 0xAE, 0xB2, 0x74,
    0x5D, 0x1D, 0x1B, 0x54, 0x8C, 0x77, 0xBD, 0x96, 0xA2, 0xF9, 0x15, 0xEE, 0x3B, 0xBC, 0x23, 0x07,
    0xA7, 0xF2, 0x65, 0x73, 0x1E, 0xBE, 0x4B, 0xF8, 0xCC, 0xAE, 0x45, 0x33, 0xD2, 0x36, 0x98, 0x33,
    0x12, 0xD1, 0x9C, 0xC8, 0x18, 0x20, 0x18, 0x07, 0xC6, 0xEB, 0x06, 0xFA, 0x56, 0x98, 0x66, 0x44,
    0xB1, 0x44, 0xC8, 0x1D, 0x7B, 0x06, 0x42, 0x58, 0x84, 0x2D, 0xB6, 0x85, 0x28, 0x28, 0x10, 0x18,
    0xB3, 0xAC, 0x3B, 0x57, 0xDE, 0x59, 0x4E, 0xCC, 0x92, 0x22, 0x3F, 0xA8, 0x3A, 0x26, 0x32, 0x33,
    0xB9, 0xEB, 0xD4, 0x75, 0xAB, 0xA0, 0x3E, 0xBB, 0xCF, 0x6D, 0x3A, 0x20, 0xF7, 0x74, 0x40, 0x1D,
    0xC3, 0x80, 0xC2, 0xAA, 0x0D, 0x75, 0xC7, 0x3B, 0x6F, 0x1B, 0x5F, 0x53, 0x82, 0x1C, 0x2A, 0xE8,
    0x7F, 0xCC, 0x66, 0x73, 0xF5, 0x28, 0xC1, 0x2C, 0x47, 0x0B, 0x8E, 0x88, 0x01, 0x5A, 0x17, 0x8C,
    0xA6, 0x4D, 0x45, 0x09, 0x4D, 0x8F, 0xC5, 0xDA, 0xCB, 0x27, 0x0E, 0x13, 0x92, 0x18, 0xD2, 0x44,
    0x7D, 0x9B, 0x22, 0x53, 0x3E, 0x67, 0xB5, 0xAE, 0xFD, 0xA5, 0xB5, 0xAE, 0xF6, 0x01, 0xB5, 0xAE,
    0xC6, 0xD5, 0xBA, 0x06, 0x76, 0x4A, 0x12, 0xCE, 0xEA, 0xF3, 0x69, 0xC5, 0xE9, 0x94, 0xEC, 0x96,
    0x4C, 0x47, 0x71, 0xBE, 0xE3, 0x68, 0xE3, 0x0E, 0xFB, 0x74, 0x26, 0x31, 0x45, 0x67, 0x93, 0x98,
    0xAA, 0x7A, 0xFB, 0x5E, 0x7D, 0x02, 0xB5, 0xBF, 0x4F, 0x7F, 0x6F, 0x1E, 0x47, 0xD3, 0xFD, 0x69,
    0x92, 0x6B, 0xA5, 0xD1, 0x21, 0xD1, 0xFA, 0xC7, 0xB7, 0x6C, 0xCD, 0x74, 0x65, 0x59, 0x0A, 0x51,
    0x2B, 0x9A, 0xA6, 0x18, 0xD4, 0xB0, 0xD1, 0x96, 0xCE, 0xD2, 0xA4, 0xCE, 0x99, 0xBA, 0xA4, 0xD0,
    0x08, 0x93, 0x8E, 0x68, 0x12, 0x44, 0x75, 0x7D, 0x61, 0x6D, 0xF0, 0x17, 0x00, 0xFE, 0x80, 0x49,
    0x7F, 0xF8, 0x40, 0xD4, 0xD4, 0x64, 0x85, 0xDC, 0x08, 0x15, 0xA6, 0x4B, 0xCA, 0xE0, 0x43, 0xEA,
    0x1B, 0x1C, 0x6F, 0xEC, 0x8B, 0xBC, 0x9F, 0xC1, 0x84, 0x21, 0x4D, 0xC6, 0x64, 0xD4, 0xFE, 0x10,
    0x59, 0x79, 0xEE, 0x3A, 0xA3, 0x0F, 0x09, 0xB6, 0xE3, 0x5B, 0xD5, 0x4A, 0x94, 0xE1, 0xF6, 0x75,
    0x5E, 0xCC, 0x95, 0x46, 0xF2, 0x87, 0xC5, 0x2C, 0x57, 0x2B, 0xD9, 0x91, 0xAB, 0x15, 0xA3, 0x24,
    0xAA, 0xD1, 0x5C, 0xAD, 0x95, 0x6A, 0x40, 0xEE, 0xB5, 0x17, 0xD5, 0xEC, 0xA7, 0x01, 0xF5, 0x7F,
    0xD1, 0x4D, 0x2E, 0xD7, 0x59, 0xD9, 0x6A, 0xAA, 0x65, 0xAB, 0xC5, 0x8E, 0xB2, 0xD5, 0xD0, 0xD5,
    0x96, 0xBA, 0x4A, 0xD3, 0x5A, 0x9D, 0x3C, 0xEA, 0xC9, 0x2B, 0x66, 0x65, 0xAB, 0x43, 0xE0, 0x4A,
    0x87, 0xDA, 0x59, 0x21, 0xD1, 0xF8, 0xAA, 0xEB, 0x07, 0x64, 0x15, 0x15, 0xFA, 0xBB, 0x4C, 0xCF,
    0x42, 0x8F, 0xC3, 0xA0, 0x8D, 0x5B, 0x06, 0xFA, 0x8D, 0xA9, 0x46, 0x1A, 0x65, 0x88, 0x5A, 0xB6,
    0x5A, 0x35, 0xD4, 0x8A, 0xB3, 0x8E, 0x4A, 0x71, 0x3C, 0x70, 0xD4, 0xA1, 0xEA, 0x71, 0xCE, 0xD5,
    0xE5, 0xB7, 0x85, 0xDB, 0x09, 0x0E, 0xB9, 0x68, 0xB9, 0x5B, 0x1C, 0xF1, 0x7C, 0x89, 0xCC, 0x3C,
    0x60, 0x4B, 0x7A, 0xC0, 0xE2, 0x0B, 0x3C, 0x60, 0xEB, 0xC9, 0xC8, 0x1A, 0x58, 0x43, 0xE5, 0x3D,
    0x60, 0x8C, 0xC2, 0x38, 0x0F, 0x18, 0xBF, 0x13, 0xF4, 0xD3, 0x5D, 0x0E, 0x4E, 0x83, 0x95, 0xE5,
    0x14, 0x8C, 0xE0, 0x06, 0xF0, 0x80, 0x0D, 0xF4, 0x80, 0xD9, 0x59, 0x2F, 0x21, 0x65, 0x45, 0x3A,
    0xC8, 0x64, 0x36, 0x44, 0x85, 0x4B, 0xEF, 0xAA, 0xA3, 0x56, 0x61, 0x39, 0x47, 0xA2, 0x5F, 0x63,
    0x8E, 0x22, 0x55, 0x39, 0x63, 0x0E, 0x96, 0x42, 0x7C, 0xD0, 0x48, 0xBC, 0x0A, 0x20, 0xD1, 0xB2,
    0x75, 0xD8, 0xB1, 0x8E, 0x3B, 0xA6, 0x55, 0x38, 0xC4, 0x3A, 0x71, 0x31, 0x2F, 0xE8, 0x62, 0xF9,
    0x2E, 0xAB, 0x79, 0x88, 0x53, 0xFD, 0x8C, 0x3C, 0x79, 0x88, 0x23, 0xFD, 0x5D, 0xE8, 0x4E, 0xE6,
    0x04, 0xBC, 0x2B, 0x26, 0x2E, 0x54, 0xF9, 0xCC, 0x54, 0xFF, 0x8F, 0xB5, 0xC2, 0x23, 0x42, 0x9A,
    0xF2, 0xDB, 0x98, 0x39, 0x1D, 0x6E, 0xAD, 0x99, 0xFF, 0x5C, 0x08, 0x57, 0x34, 0x5E, 0x58, 0x02,
    0xDA, 0x5A, 0x68, 0x1D, 0x52, 0xD2, 0x2D, 0x3B, 0xBF, 0x9A, 0x86, 0xAB, 0x18, 0xD3, 0x70, 0x15,
    0x6C, 0x66, 0xB8, 0x0A, 0x26, 0x33, 0x5C, 0xEB, 0xA7, 0x15, 0x34, 0xDE, 0xE2, 0x30, 0xAE, 0xD2,
    0xB7, 0x78, 0x95, 0x94, 0xBD, 0x9A, 0x9E, 0x8B, 0x16, 0xCB, 0x58, 0xF7, 0x90, 0x76, 0xC5, 0x6B,
    0xA1, 0x3A, 0xBF, 0x75, 0xE6, 0xA3, 0x08, 0x14, 0xD4, 0xED, 0xC4, 0x2D, 0x4F, 0x97, 0x76, 0xBA,
    0xCA, 0x75, 0xD4, 0x03, 0x45, 0x34, 0xF6, 0xC3, 0xC1, 0xF8, 0x0A, 0x88, 0x25, 0xDC, 0x3E, 0x62,
    0xBA, 0x48, 0x1F, 0xBB, 0xEA, 0x6A, 0x5D, 0xB4, 0x2F, 0x29, 0xBA, 0xAB, 0x68, 0xBD, 0xA3, 0x38,
    0xDB, 0x8B, 0xCA, 0x62, 0xBB, 0x38, 0xBB, 0xDE, 0x2A, 0xCE, 0xD6, 0x55, 0xEE, 0x3C, 0xA6, 0x81,
    0xCB, 0x4B, 0x52, 0x63, 0x09, 0xB2, 0x8F, 0xC5, 0xD9, 0xAD, 0x6E, 0xCA, 0x41, 0x95, 0x12, 0xAB,
    0xA6, 0x81, 0xDA, 0x06, 0x6A, 0x1C, 0x98, 0x2F, 0x5D, 0x52, 0x3D, 0x80, 0x75, 0xDD, 0xA3, 0x58,
    0xC1, 0xF6, 0x4B, 0xAB, 0xB6, 0x18, 0xC7, 0xF1, 0x63, 0x5F, 0x69, 0x3E, 0xD0, 0x99, 0xA0, 0xF7,
    0x30, 0x04, 0xF4, 0xEC, 0x86, 0xAB, 0x69, 0x45, 0xEB, 0xD6, 0x1D, 0xC8, 0xDF, 0xFC, 0x8A, 0x1E,
    0xCD, 0x66, 0x4F, 0x4C, 0x74, 0x17, 0xC3, 0x6C, 0x09, 0xF9, 0xDC, 0x73, 0x0F, 0xAD, 0x8D, 0xF3,
    0xBD, 0x99, 0x57, 0xB4, 0x0A, 0x64, 0x31, 0x6A, 0x78, 0x2E, 0xA6, 0x2A, 0x08, 0x21, 0x26, 0xEB,
    0x13, 0x62, 0xEE, 0x3F, 0xD2, 0xFB, 0x86, 0x00, 0xC7, 0x0D, 0xED, 0x9E, 0x42, 0x8C, 0xEB, 0x7D,
    0x15, 0xE2, 0x52, 0x8B, 0x1B, 0xBD, 0xB8, 0xCE, 0x95, 0xCD, 0xAB, 0xFC, 0x01, 0x3E, 0x71, 0xB6,
    0xE8, 0x60, 0xE6, 0x0E, 0x01, 0x91, 0x27, 0x6E, 0x57, 0xB9, 0x1A, 0x83, 0x5C, 0x35, 0x20, 0x51,
    0x00, 0xDC, 0xF9, 0xD4, 0xCD, 0x01, 0x7F, 0xAE, 0xDB, 0x7D, 0xD6, 0x61, 0xCA, 0x17, 0x8C, 0xCB,
    0x75, 0xEA, 0x4A, 0xD8, 0x2D, 0xF0, 0x6F, 0x58, 0x9A, 0x17, 0x33, 0xEB, 0xB9, 0x54, 0x2F, 0xE3,
    0xE1, 0x4A, 0xD7, 0x12, 0xEE, 0x26, 0x42, 0x4F, 0xBD, 0x3A, 0xED, 0x2A, 0xB9, 0xC1, 0xA2, 0x3B,
    0x96, 0xC1, 0x8F, 0xCF, 0xDC, 0x0D, 0x3B, 0x61, 0x96, 0x37, 0x90, 0x24, 0x66, 0xDE, 0x0C, 0x3B,
    0xD9, 0x71, 0x2F, 0x84, 0x9D, 0x7A, 0x6C, 0xB1, 0xB6, 0xD5, 0x73, 0x1F, 0x72, 0xB7, 0x85, 0x74,
    0x23, 0xC8, 0xA7, 0xE0, 0xD0, 0x9D, 0xD6, 0xC1, 0x63, 0x80, 0x93, 0x6A, 0x57, 0xB1, 0x71, 0x17,
    0x42, 0xC1, 0xB6, 0xE1, 0xB2, 0x15, 0x5B, 0xFD, 0xAC, 0x5B, 0x03, 0x61, 0xB9, 0xC5, 0x59, 0xB7,
    0xC6, 0x47, 0xC1, 0xD6, 0x75, 0xC1, 0x9B, 0xF0, 0xED, 0xDB, 0xB7, 0xAB, 0xFA, 0xB1, 0x9D, 0x5F,
    0xDD, 0x1A, 0xA8, 0x98, 0xDA, 0xE5, 0xD6, 0xF0, 0x4A, 0x4D, 0x56, 0x6E, 0xE3, 0xD4, 0x89, 0x75,
    0x9F, 0xF6, 0x94, 0x9C, 0x51, 0x64, 0x22, 0x8D, 0x03, 0x58, 0x75, 0x59, 0x8F, 0xC6, 0x65, 0x7A,
    0x5E, 0xD4, 0xAA, 0x73, 0x07, 0xD2, 0x54, 0x4F, 0x8F, 0x34, 0xE5, 0xF3, 0x21, 0x7E, 0x47, 0x07,
    0xE8, 0xBD, 0x99, 0x5F, 0x22, 0xF2, 0x7E, 0x09, 0xE7, 0xA1, 0x71, 0xFD, 0x15, 0xB7, 0x91, 0x56,
    0x1C, 0x9B, 0x2F, 0x2B, 0xFA, 0x1D, 0xEF, 0xAB, 0x42, 0xBF, 0xBA, 0xB5, 0x1E, 0xA8, 0xB7, 0x0A,
    0x0A, 0x94, 0xD2, 0x2D, 0x6A, 0xCE, 0x1E, 0x2C, 0xA7, 0x83, 0xDA, 0x1F, 0x94, 0x13, 0xB1, 0x2F,
    0x3B, 0xF0, 0x13, 0x3B, 0x3B, 0x70, 0x53, 0xFC, 0x50, 0x3F, 0x7F, 0x94, 0x03, 0xEF, 0xC3, 0x9A,
    0x9A, 0x65, 0x4C, 0xDD, 0x3F, 0xDC, 0x7C, 0xF5, 0x9C, 0x2F, 0xDB, 0x3F, 0x2D, 0xF3, 0x55, 0xD1,
    0x3C, 0x14, 0xA2, 0x5E, 0x86, 0xBA, 0xC7, 0x31, 0x5F, 0x8D, 0xCE, 0x57, 0xAF, 0x83, 0xE8, 0x5D,
    0x97, 0x80, 0xD6, 0xF8, 0x7E, 0x01, 0x2B, 0x46, 0x03, 0x5D, 0xE4, 0xD4, 0xB8, 0xCD, 0xF8, 0x78,
    0x8F, 0xEE, 0xB3, 0x57, 0xE0, 0xA0, 0x26, 0x46, 0x3E, 0x1D, 0xAD, 0xF4, 0x68, 0xCD, 0x30, 0x8E,
    0xFE, 0x62, 0x39, 0xF8, 0xA3, 0xC0, 0x4E, 0x67, 0xA9, 0x72, 0x7F, 0xA4, 0x0E, 0x25, 0x1E, 0xD5,
    0xFE, 0x28, 0x9D, 0x8E, 0x92, 0x9D, 0x47, 0x10, 0x2F, 0x28, 0x47, 0x17, 0x0D, 0x9C, 0xF6, 0x2C,
    0xFA, 0xB2, 0x15, 0x4C, 0x7D, 0x6D, 0xA7, 0x6E, 0x86, 0x66, 0xD6, 0x19, 0xF4, 0x64, 0x3A, 0xF2,
    0x6E, 0x0D, 0xDF, 0xD3, 0x76, 0x0A, 0xD1, 0x31, 0x66, 0x5A, 0xFB, 0x66, 0x7B, 0x93, 0xDB, 0x10,
    0x81, 0xA5, 0xCC, 0x53, 0x52, 0x13, 0x97, 0xD9, 0x7C, 0x2C, 0x77, 0x31, 0x9A, 0xC1, 0xAB, 0x40,
    0x0F, 0x38, 0xF8, 0xBA, 0xD3, 0x00, 0xB3, 0x43, 0xEB, 0x0A, 0x49, 0x19, 0x80, 0xC1, 0xC1, 0x5A,
    0xC5, 0x1B, 0x08, 0x51, 0xF9, 0x7C, 0x68, 0x25, 0x05, 0x33, 0x91, 0xDD, 0x41, 0xD2, 0x6C, 0xCA,
    0x36, 0xFD, 0x81, 0x26, 0x3A, 0xA3, 0x37, 0x10, 0x73, 0x9D, 0x61, 0x98, 0x68, 0x68, 0x6F, 0xAA,
    0xC4, 0x4C, 0xCE, 0x1D, 0x78, 0x86, 0xB4, 0xA1, 0x8E, 0xBF, 0xD7, 0xD0, 0xD3, 0xE6, 0xD0, 0x69,
    0xD5, 0xB1, 0x2F, 0x01, 0x55, 0x17, 0x3B, 0xFB, 0x27, 0xF8, 0xF8, 0xDA, 0x52, 0xD3, 0x4F, 0xD3,
    0x15, 0xBB, 0x17, 0x22, 0x8A, 0xD0, 0xC1, 0xA5, 0x9E, 0xFE, 0x7B, 0xFA, 0xE2, 0x6E, 0x69, 0x5C,
    0x46, 0xD6, 0x67, 0x99, 0x96, 0xC1, 0x9A, 0x96, 0x12, 0x7A, 0xF6, 0xD5, 0x85, 0x36, 0xC6, 0x3A,
    0x51, 0xC4, 0xB4, 0xD7, 0xB8, 0x19, 0x76, 0xA0, 0x9A, 0x9F, 0x21, 0x88, 0x22, 0x33, 0x9E, 0xD6,
    0x15, 0xE6, 0x0B, 0xD6, 0x96, 0x5C, 0x23, 0xD3, 0x25, 0x73, 0x02, 0xDA, 0x54, 0x86, 0x41, 0x9B,
    0xEC, 0x1B, 0x6B, 0x68, 0xDC, 0xC9, 0xFF, 0x5A, 0x41, 0xCE, 0x45, 0x2C, 0xE1, 0x1C, 0xDF, 0xB1,
    0x47, 0x4F, 0xD3, 0x64, 0xD2, 0x5E, 0xB5, 0x0B, 0xAC, 0xCD, 0x83, 0x4D, 0x4F, 0xC5, 0x2A, 0x3F,
    0xC9, 0x45, 0x61, 0x8A, 0x90, 0xBD, 0xDB, 0xA4, 0xFF, 0x41, 0x0C, 0xD5, 0xB2, 0xA0, 0x66, 0x71,
    0x0C, 0x97, 0x80, 0x41, 0xDD, 0xD6, 0x89, 0x41, 0xB6, 0xD4, 0x10, 0x6C, 0xC3, 0x4A, 0x3E, 0x47,
    0xEB, 0xBF, 0x91, 0xAA, 0x92, 0x7C, 0x0B, 0x9F, 0xE4, 0x99, 0x8C, 0x33, 0xAB, 0xD3, 0xBF, 0x5C,
    0xC9, 0x78, 0x62, 0x94, 0xFF, 0x8D, 0x7F, 0x6C, 0x0F, 0x8E, 0x8C, 0x72, 0xA8, 0xFD, 0xF1, 0x9B,
    0xA3, 0x0F, 0x43, 0x4D, 0xED, 0x85, 0x07, 0xC6, 0xA0, 0x54, 0x7B, 0x3A, 0x66, 0x04, 0xEA, 0x98,
    0x7A, 0xE0, 0x4D, 0x4E, 0xD6, 0x35, 0x2E, 0x9E, 0x17, 0xB7, 0x12, 0x77, 0xE6, 0xED, 0x85, 0x77,
    0xF8, 0x63, 0x66, 0x29, 0xAD, 0xD5, 0x8C, 0x83, 0xAB, 0x48, 0xD2, 0x82, 0x47, 0xE6, 0x72, 0xA1,
    0xF5, 0x94, 0xD9, 0x13, 0xF9, 0x62, 0xDF, 0xD1, 0xBE, 0x70, 0xAC, 0x76, 0xA0, 0xF6, 0xB7, 0xCF,
    0x69, 0xA5, 0x1A, 0xE5, 0x5C, 0xEF, 0x84, 0x4F, 0xD1, 0xB0, 0x4C, 0xB5, 0x32, 0x85, 0xE2, 0x21,
    0x5A, 0x7B, 0x97, 0x66, 0x8A, 0x42, 0x3F, 0xD1, 0xD1, 0xC6, 0xD7, 0xC6, 0x58, 0x8E, 0xC4, 0x60,
    0xB1, 0x32, 0xE6, 0x63, 0x19, 0xF1, 0x33, 0x27, 0x3B, 0x92, 0x42, 0xEC, 0x3C, 0x45, 0x07, 0xC6,
    0x9F, 0xCC, 0x37, 0x26, 0x09, 0x69, 0xEF, 0x4C, 0xE0, 0xA2, 0x6A, 0x7A, 0x55, 0x5F, 0xF0, 0x67,
    0xFC, 0x16, 0x7C, 0x63, 0x45, 0x8E, 0x31, 0xAF, 0xA6, 0x52, 0xC8, 0x66, 0xA7, 0x0E, 0x6A, 0xC3,
    0x53, 0xB6, 0x3B, 0x5D, 0xA1, 0x85, 0xF6, 0xA2, 0xF4, 0x1B, 0xF0, 0x63, 0x83, 0x41, 0xF5, 0x73,
    0xEF, 0xCA, 0xF6, 0x75, 0x86, 0x8E, 0xDC, 0xBA, 0xCD, 0x14, 0xA6, 0x73, 0x1B, 0x69, 0xDB, 0x3A,
    0x7A, 0x12, 0x49, 0xFA, 0x2E, 0xBD, 0x38, 0xDC, 0x80, 0x15, 0x5B, 0xF5, 0x00, 0x70, 0x83, 0xD7,
    0x74, 0xF2, 0x3E, 0xCB, 0xA6, 0x3D, 0x9C, 0x1E, 0xC4, 0xB2, 0x46, 0xB9, 0x8F, 0x45, 0x2F, 0x46,
    0x6D, 0xB8, 0x8E, 0xD1, 0x73, 0x58, 0xD6, 0x27, 0x43, 0x2C, 0x49, 0x0D, 0x9D, 0x5C, 0x76, 0x1E,
    0x54, 0xD5, 0x4C, 0x36, 0xA6, 0x98, 0xEF, 0xA3, 0xF3, 0x33, 0x2C, 0x34, 0x3A, 0x31, 0x35, 0x4F,
    0x99, 0xFC, 0x62, 0x4A, 0x08, 0x86, 0xC8, 0xAC, 0xEF, 0xA4, 0xC0, 0x1C, 0x33, 0xF2, 0x5E, 0xE6,
    0xF5, 0x93, 0x9D, 0x5E, 0xA3, 0x04, 0x13, 0xC9, 0xD6, 0x15, 0xC8, 0x30, 0xD0, 0x9A, 0x82, 0x12,
    0x8C, 0x29, 0x63, 0x22, 0xEF, 0x89, 0xCF, 0x30, 0xA8, 0x5C, 0x2F, 0xF3, 0x05, 0xC5, 0x86, 0x66,
    0x30, 0x68, 0x86, 0x01, 0x8C, 0x9E, 0xA8, 0xDD, 0xE8, 0xAB, 0x9A, 0x61, 0x10, 0xF4, 0x6A, 0xF7,
    0xD0, 0xEC, 0x29, 0xFA, 0x4D, 0x7E, 0x49, 0x3A, 0xF7, 0x33, 0x36, 0x0F, 0x86, 0xE9, 0x07, 0xDC,
    0x3F, 0xD8, 0x03, 0x91, 0x16, 0xD8, 0x20, 0x97, 0xA5, 0xB4, 0x4C, 0xDB, 0xCC, 0x11, 0x27, 0x15,
    0xC5, 0x7B, 0x31, 0xB8, 0xE0, 0xB6, 0xF2, 0xDD, 0x4A, 0xE3, 0x40, 0x42, 0xB4, 0x5B, 0x5A, 0x43,
    0xAC, 0xAE, 0x34, 0x5A, 0xB6, 0xCB, 0x8E, 0x53, 0xB2, 0xE8, 0x35, 0xDE, 0x39, 0xB8, 0xFE, 0x9F,
    0xBA, 0x58, 0x32, 0xCD, 0x49, 0x4F, 0xFA, 0x59, 0x57, 0x5E, 0x87, 0x9E, 0x7B, 0xED, 0x83, 0x83,
    0x47, 0xCB, 0xFF, 0x3F, 0x64, 0xDC, 0x7F, 0x39, 0x55, 0xCB, 0x33, 0xAA, 0x52, 0xC7, 0x58, 0x79,
    0x65, 0x6C, 0x57, 0x09, 0x9B, 0x9E, 0xC2, 0xAE, 0x3B, 0xA1, 0x6C, 0xEC, 0xC1, 0x6A, 0x91, 0x9D,
    0xA6, 0x4E, 0x13, 0x61, 0xC7, 0x48, 0x57, 0x34, 0x51, 0xED, 0xAD, 0x9A, 0x14, 0xBD, 0xE9, 0xE0,
    0x4B, 0x9B, 0x1A, 0x10, 0x2E, 0x5B, 0x86, 0x75, 0x5B, 0x5C, 0x60, 0x71, 0x5F, 0x3D, 0x27, 0xEA,
    0x4F, 0x6B, 0xA6, 0x5D, 0x92, 0xB9, 0x32, 0xDC, 0x87, 0xDD, 0x5B, 0x31, 0xEF, 0x96, 0x86, 0x0B,
    0x94, 0xEC, 0x84, 0x4D, 0x0C, 0xF3, 0xC4, 0x76, 0x70, 0xFF, 0xB2, 0xC0, 0x98, 0xA1, 0x5C, 0x30,
    0x36, 0x58, 0xE1, 0xA1, 0xB6, 0x24, 0x13, 0x45, 0x43, 0x1D, 0x60, 0x1A, 0xB5, 0xCF, 0x1A, 0x0D,
    0xC9, 0xFF, 0x7A, 0xAD, 0x9E, 0x50, 0x57, 0xFE, 0x31, 0x6F, 0x60, 0x3F, 0x75, 0x41, 0xE1, 0x34,
    0x44, 0xBF, 0xE4, 0x57, 0x92, 0xBF, 0x54, 0xCA, 0x87, 0xE3, 0xC6, 0xEF, 0x23, 0x17, 0x83, 0xDB,
    0x00, 0xFE, 0x59, 0xF6, 0x0B, 0xD0, 0x3C, 0xBC, 0x92, 0x0E, 0x9F, 0x82, 0xFD, 0x57, 0x16, 0xF6,
    0x3A, 0x02, 0x15, 0x29, 0xF5, 0xB2, 0x41, 0x4B, 0x6F, 0xB7, 0x3A, 0x88, 0xEC, 0x6E, 0x1D, 0xB2,
    0xB3, 0x83, 0xC8, 0x0B, 0xCC, 0x38, 0x43, 0x29, 0x40, 0x6A, 0xCB, 0xE5, 0xC8, 0x33, 0x58, 0x4E,
    0x48, 0x51, 0x72, 0x12, 0x18, 0x84, 0xD4, 0x7A, 0xD2, 0xF0, 0x74, 0xBD, 0x21, 0xB9, 0x0B, 0x34,
    0x6B, 0xD8, 0x59, 0x43, 0xD6, 0x6C, 0x6C, 0xD4, 0xD0, 0x4D, 0x57, 0x92, 0xFB, 0x32, 0x0B, 0x81,
    0x1E, 0x2B, 0x24, 0x20, 0x23, 0x48, 0x56, 0x57, 0xB6, 0xA9, 0x90, 0xCE, 0xD0, 0x6C, 0xAA, 0xDD,
    0x75, 0x45, 0xCE, 0xA1, 0x56, 0x24, 0x2F, 0xB5, 0xA5, 0x2D, 0x43, 0x6B, 0x4D, 0x62, 0x47, 0x87,
    0x19, 0x2B, 0x69, 0x9E, 0xB6, 0xAB, 0x9B, 0x61, 0x17, 0x21, 0x2B, 0xE3, 0xAE, 0xC3, 0x37, 0x68,
    0x4B, 0x2A, 0x46, 0x52, 0xD8, 0x8B, 0x82, 0x99, 0xDC, 0x4A, 0x96, 0xF5, 0x09, 0xE2, 0x7D, 0x76,
    0x7C, 0xB9, 0xE7, 0xBB, 0x7A, 0x07, 0x0E, 0xFB, 0x66, 0xC1, 0x67, 0xB0, 0xD7, 0x96, 0x8E, 0x1D,
    0xBE, 0xE9, 0xF0, 0x0D, 0x87, 0xAF, 0x3A, 0xFC, 0xB5, 0x02, 0xAE, 0x17, 0x46, 0xC9, 0x04, 0x75,
    0xC7, 0xF1, 0xEA, 0x86, 0xFC, 0xF6, 0x2E, 0x7A, 0x74, 0x0E, 0xE6, 0xCD, 0x2D, 0xF4, 0x42, 0xDC,
    0xBC, 0xE0, 0x82, 0x7B, 0x8F, 0x01, 0x25, 0xF7, 0x0F, 0xFE, 0xC4, 0x1E, 0x2D, 0x34, 0xD3, 0x30,
    0x9C, 0x95, 0x42, 0x04, 0x0F, 0xDF, 0x6C, 0xF7, 0x05, 0xD6, 0xC9, 0x8E, 0x9F, 0xB2, 0xC6, 0x35,
    0xF7, 0x18, 0xEF, 0xD9, 0x04, 0xB7, 0xFD, 0xA4, 0xD8, 0xD9, 0xC4, 0x1C, 0xCF, 0x26, 0xE5, 0xC6,
    0x05, 0x55, 0x3C, 0xE5, 0x13, 0xA9, 0xE2, 0x69, 0xA6, 0x2A, 0x2B, 0x27, 0x3A, 0x34, 0x86, 0x13,
    0x71, 0x0B, 0x2D, 0xEB, 0xB3, 0x69, 0x60, 0x0B, 0x19, 0x58, 0xEB, 0x9B, 0x05, 0xF5, 0x72, 0x92,
    0x2B, 0x0F, 0x4B, 0xF3, 0x10, 0x5A, 0xF5, 0x1A, 0x70, 0xD1, 0x03, 0x9A, 0x91, 0xB0, 0xFA, 0x9F,
    0x10, 0xCE, 0xF4, 0xDF, 0xC3, 0xA0, 0xA9, 0x78, 0xA5, 0xE2, 0x12, 0xB8, 0x83, 0xE6, 0x7B, 0x8E,
    0xE6, 0xAE, 0x59, 0x90, 0xB5, 0xDF, 0x21, 0x0D, 0x5F, 0x86, 0xDB, 0x63, 0x40, 0x4B, 0xE4, 0x07,
    0xD1, 0xF0, 0x2A, 0x68, 0x32, 0x5E, 0x85, 0xF7, 0xAA, 0x20, 0xF5, 0x22, 0xA5, 0x1E, 0xDF, 0xDF,
    0x01, 0x3D, 0x0D, 0x3F, 0x98, 0x2A, 0xA1, 0xBC, 0x8B, 0x65, 0x13, 0x94, 0x76, 0xAD, 0x48, 0xCC,
    0x76, 0x0B, 0xE9, 0x87, 0x41, 0xDF, 0xA2, 0x76, 0xEB, 0x02, 0x61, 0x6E, 0x8F, 0x8F, 0xB9, 0x77,
    0xCE, 0x67, 0x2E, 0x65, 0xA6, 0xFE, 0xD0, 0xDB, 0x0F, 0xDE, 0x82, 0xF4, 0x3E, 0xBC, 0x88, 0xDA,
    0x42, 0x68, 0x8D, 0x98, 0xCB, 0xBB, 0xD3, 0x2E, 0x7B, 0xA8, 0xC8, 0xEF, 0x73, 0x70, 0xCF, 0xC3,
    0x6B, 0x02, 0x5F, 0xE4, 0xA0, 0x21, 0xDD, 0xAF, 0x0B, 0xE8, 0x03, 0xA6, 0x21, 0x0C, 0x86, 0xF5,
    0xBF, 0x8C, 0x6F, 0x5A, 0xE7, 0xD3, 0x74, 0x9D, 0x24, 0x06, 0x07, 0xAA, 0x6D, 0x80, 0xCA, 0x43,
    0x91, 0x16, 0x00, 0x35, 0xF3, 0x0B, 0x6E, 0x3A, 0x2F, 0x94, 0x36, 0x40, 0x34, 0x87, 0x76, 0x6D,
    0x26, 0x2B, 0x3E, 0x19, 0x5F, 0xC5, 0x92, 0xCD, 0xB4, 0x7D, 0x8E, 0xA5, 0x96, 0x86, 0x9D, 0x1C,
    0xF6, 0x5F, 0x66, 0xEB, 0xFE, 0xFE, 0x25, 0x0D, 0x14, 0x1C, 0xAB, 0x7B, 0x7D, 0xD0, 0xFE, 0x9F,
    0x56, 0xFD, 0xF1, 0x76, 0xDE, 0x33, 0xAB, 0x7F, 0xBA, 0x7A, 0xFF, 0xF6, 0xED, 0xDB, 0x7F, 0xEE,
    0x2D, 0x4F, 0x87, 0xCE, 0xB4, 0xF0, 0x69, 0xA7, 0x22, 0x83, 0x8D, 0x01, 0xEA, 0xBA, 0xA4, 0x53,
    0x90, 0xFD, 0x1B, 0xCC, 0xFA, 0xFB, 0x95, 0x7B, 0x1E, 0x4B, 0xAB, 0x5D, 0x3D, 0x4A, 0x2E, 0x82,
    0x7B, 0xCE, 0xFE, 0xC0, 0x47, 0x2B, 0xEF, 0xBE, 0x0E, 0xC7, 0xD7, 0xAC, 0xF9, 0x82, 0x58, 0x2B,
    0x55, 0x7E, 0x23, 0x41, 0xB9, 0x6E, 0x9F, 0xC2, 0x86, 0xEE, 0x33, 0x26, 0xE4, 0x55, 0x07, 0x07,
    0x87, 0x35, 0x5B, 0xED, 0x31, 0xAE, 0x65, 0xCB, 0xED, 0x15, 0x9F, 0xCF, 0x14, 0xF7, 0x7A, 0xE3,
    0x19, 0x88, 0x47, 0xB3, 0x57, 0x92, 0x40, 0xB0, 0x74, 0xB5, 0xD2, 0x51, 0x85, 0xAC, 0x5E, 0x9E,
    0x59, 0x79, 0x3A, 0x32, 0x7E, 0xFB, 0x55, 0xEA, 0x39, 0x0D, 0x55, 0xCB, 0x4A, 0x6F, 0x0E, 0x8E,
    0x8B, 0x7E, 0x4F, 0x33, 0xF0, 0xFF, 0x80, 0x84, 0x1C, 0x6E, 0x5D, 0x4A, 0xC8, 0xFB, 0xB7, 0x6F,
    0xBF, 0xE3, 0x09, 0x99, 0xB8, 0xDE, 0xE9, 0xDB, 0x84, 0x4C, 0x1C, 0x05, 0x57, 0x5B, 0x84, 0x74,
    0x0F, 0xEA, 0x19, 0xCD, 0xD4, 0xD2, 0xED, 0x5F, 0xC1, 0x12, 0x20, 0x05, 0xAB, 0x29, 0x3F, 0x13,
    0x53, 0xBC, 0x74, 0x3D, 0xE8, 0x0E, 0xFB, 0x1D, 0x5D, 0xCD, 0x82, 0x9D, 0x3A, 0x89, 0x43, 0x3F,
    0x74, 0xCD, 0xCD, 0xCC, 0x85, 0x13, 0xF0, 0x14, 0x27, 0xE0, 0x2A, 0x1E, 0xD2, 0x54, 0xDE, 0x9D,
    0x26, 0x20, 0xAD, 0x87, 0x6C, 0xCA, 0x99, 0xD4, 0xA6, 0x5B, 0xF5, 0x15, 0x99, 0x92, 0x83, 0x7C,
    0xBB, 0xD5, 0xE1, 0x6C, 0x02, 0x9C, 0x76, 0x3E, 0xE6, 0x7B, 0x25, 0x53, 0x8D, 0x58, 0x0E, 0x30,
    0x72, 0xFA, 0x57, 0x9B, 0xF1, 0xCD, 0xE1, 0xDD, 0x19, 0x7C, 0xD3, 0x37, 0x8E, 0x7F, 0xD2, 0x0F,
    0xA9, 0x61, 0xB0, 0xCB, 0x87, 0xFF, 0x8F, 0xCD, 0x72, 0xE5, 0x55, 0x87, 0xA8, 0xF5, 0xCA, 0x84,
    0x9B, 0x30, 0x53, 0x34, 0x85, 0x73, 0xB2, 0x24, 0xDE, 0xEF, 0xAA, 0x49, 0x7E, 0x17, 0xFC, 0x5D,
    0x9F, 0x4A, 0x4C, 0x7A, 0xFE, 0x62, 0x89, 0x68, 0x15, 0xF3, 0x86, 0x93, 0x9E, 0x59, 0x7F, 0xA2,
    0xD9, 0x65, 0xA2, 0xB8, 0x27, 0x4C, 0x41, 0x3B, 0x79, 0xD6, 0x65, 0x12, 0x18, 0x97, 0xB0, 0xC0,
    0x3C, 0x61, 0xE3, 0x1E, 0x12, 0xB2, 0xD2, 0xB2, 0xD7, 0x2C, 0x8F, 0xA6, 0x9C, 0x02, 0xDF, 0x37,
    0xD2, 0x07, 0x2A, 0x22, 0xD1, 0x2F, 0xD5, 0x08, 0x09, 0x3F, 0x28, 0xDE, 0xEA, 0xA7, 0x9C, 0x82,
    0x7E, 0xCA, 0x29, 0x18, 0xDC, 0x7E, 0xF6, 0x99, 0x04, 0x70, 0xF5, 0xE8, 0x14, 0x16, 0xB9, 0xCB,
    0x24, 0x40, 0x2A, 0xAD, 0x66, 0x12, 0x2C, 0x06, 0xDF, 0x35, 0x9B, 0x1D, 0xE8, 0xB9, 0xE1, 0xE3,
    0xCE, 0x67, 0x12, 0xA4, 0x1C, 0x29, 0x7B, 0x83, 0x71, 0xF4, 0xC8, 0xA1, 0xD0, 0x3E, 0x58, 0x28,
    0xA3, 0x41, 0x12, 0xCC, 0x7B, 0x88, 0x99, 0xA6, 0xEA, 0x80, 0x0D, 0x6D, 0x29, 0xFA, 0x2B, 0xA9,
    0x06, 0x6D, 0xF6, 0xA6, 0x73, 0xAD, 0x1F, 0xBB, 0x08, 0xFB, 0x89, 0x5B, 0x42, 0x45, 0xAE, 0x99,
    0x99, 0x2E, 0xB5, 0xDA, 0x2C, 0xDC, 0xD6, 0xDD, 0xFE, 0x9B, 0xE7, 0x10, 0xF4, 0x2E, 0x87, 0xA0,
    0x77, 0x39, 0x04, 0xCD, 0x45, 0x39, 0x04, 0x37, 0x1E, 0x90, 0x43, 0x50, 0x9F, 0xC9, 0x21, 0x68,
    0xCF, 0xE4, 0x10, 0x0C, 0x67, 0x73, 0x08, 0x4A, 0x97, 0x43, 0xD0, 0x6C, 0x35, 0x42, 0xE9, 0x5D,
    0x0E, 0x41, 0xEF, 0x43, 0x53, 0xAF, 0x30, 0x6A, 0x3C, 0xC2, 0xD5, 0x9E, 0xD8, 0x2F, 0xD2, 0x85,
    0x43, 0xE6, 0xFF, 0xB4, 0x76, 0x4F, 0xDD, 0x14, 0x99, 0xD6, 0x9B, 0x50, 0xD9, 0xB8, 0x09, 0x83,
    0x69, 0x11, 0x44, 0x75, 0xFF, 0x61, 0x92, 0x77, 0x92, 0x87, 0x4C, 0xDE, 0x79, 0x7B, 0x57, 0xF2,
    0xCE, 0xAC, 0x5C, 0x7F, 0x9E, 0xBC, 0xD3, 0x4F, 0x25, 0xF8, 0x15, 0x59, 0x79, 0xEA, 0xF8, 0xCA,
    0xB3, 0x88, 0x63, 0xC3, 0x9F, 0x1E, 0x0D, 0xA9, 0x58, 0x7A, 0x78, 0xDA, 0x4A, 0xF6, 0xCF, 0x34,
    0xCA, 0xC7, 0xF2, 0x0D, 0x0E, 0x7C, 0x80, 0xE6, 0x34, 0xC4, 0xE5, 0x3C, 0x2F, 0xD0, 0xFE, 0x27,
    0x46, 0x19, 0x92, 0xCE, 0x77, 0x8F, 0xD5, 0x8E, 0xB2, 0x9A, 0xC1, 0x13, 0x88, 0x49, 0xBE, 0xC9,
    0xE0, 0x19, 0x2E, 0xC8, 0xE0, 0x89, 0xDA, 0x5D, 0x19, 0x3C, 0xDA, 0x4D, 0x7A, 0xF5, 0xD9, 0xE8,
    0x26, 0x3D, 0x1E, 0x39, 0x87, 0x8F, 0x76, 0x93, 0x6E, 0xE7, 0x52, 0xC2, 0x25, 0x9D, 0x64, 0x5B,
    0x11, 0x9D, 0xE3, 0x2D, 0xAE, 0xDE, 0x7A, 0xC6, 0x42, 0xFB, 0xA7, 0x71, 0xD5, 0x57, 0x1F, 0x6F,
    0xCF, 0x95, 0x23, 0xF6, 0x5C, 0x69, 0xD9, 0x73, 0x65, 0x75, 0x76, 0xC9, 0xA8, 0x0B, 0xE4, 0xA5,
    0x99, 0x0E, 0xFF, 0x43, 0x97, 0x90, 0x78, 0xB6, 0x01, 0xFB, 0x67, 0x32, 0x82, 0x98, 0xD4, 0x8C,
    0x29, 0xB1, 0x40, 0xCA, 0xF6, 0x9B, 0xBC, 0x20, 0x9F, 0x01, 0xE5, 0xC3, 0x18, 0xBE, 0x00, 0x70,
    0xD8, 0x72, 0xD2, 0x07, 0x85, 0xCE, 0x57, 0xE5, 0x74, 0xE1, 0xF4, 0x74, 0x5E, 0x49, 0xF4, 0xB1,
    0x77, 0x8A, 0x11, 0x5E, 0xC8, 0x48, 0x4B, 0x36, 0xC5, 0x5B, 0xCE, 0xBB, 0xA9, 0x87, 0xCD, 0x70,
    0x63, 0xAD, 0x63, 0x60, 0x64, 0x5A, 0x2B, 0xBC, 0xD6, 0xE7, 0xD3, 0xDB, 0x3F, 0xA3, 0x71, 0xE0,
    0x8F, 0x96, 0xDE, 0xBE, 0x38, 0x9F, 0xDE, 0xFE, 0xA9, 0x8B, 0x03, 0x3F, 0x4A, 0x7E, 0xBA, 0x65,
    0x61, 0x22, 0xCA, 0xEA, 0x20, 0x6F, 0xD5, 0x73, 0xE0, 0x0C, 0xD5, 0x47, 0x41, 0xF4, 0x20, 0x38,
    0x17, 0x82, 0xF7, 0x21, 0x38, 0x27, 0x82, 0xF3, 0x22, 0x38, 0x37, 0xC2, 0xC6, 0x8F, 0xE0, 0x37,
    0xCA, 0x43, 0x23, 0x6D, 0x84, 0xEB, 0x13, 0x89, 0x7D, 0x16, 0xD1, 0x96, 0xB3, 0xC7, 0x85, 0x0D,
    0x6F, 0x6D, 0x79, 0x7A, 0xAE, 0x6D, 0xF9, 0x79, 0xBE, 0xA6, 0x89, 0x54, 0x95, 0xF3, 0x2E, 0xA0,
    0x41, 0x48, 0xFA, 0xA4, 0x1A, 0x84, 0xF8, 0x78, 0xAC, 0x66, 0xC1, 0xE9, 0x5C, 0x04, 0x33, 0xE8,
    0x78, 0x3A, 0x92, 0x33, 0xAC, 0x56, 0x4A, 0x6B, 0xF6, 0x46, 0x80, 0x7F, 0x1D, 0x5A, 0x67, 0x20,
    0xC4, 0xA8, 0xB0, 0x07, 0x1B, 0x61, 0xD4, 0x0A, 0xF5, 0x22, 0xF1, 0x9D, 0x5A, 0x1F, 0x5C, 0x15,
    0xFF, 0x97, 0x46, 0x5E, 0x38, 0xF8, 0xEE, 0xCA, 0x24, 0xB0, 0x4D, 0x92, 0x6F, 0xCA, 0x86, 0xE7,
    0xC1, 0x1F, 0x75, 0xE6, 0x1A, 0x0F, 0xBE, 0xB1, 0x36, 0x37, 0xD8, 0xFA, 0x5B, 0x6E, 0x8B, 0x8F,
    0x94, 0x49, 0x45, 0x98, 0x75, 0x3C, 0x40, 0x5A, 0x0E, 0x54, 0x91, 0xCC, 0x54, 0xA1, 0x3B, 0xC8,
    0xC2, 0xC6, 0x1D, 0x7C, 0xB3, 0xD6, 0xEE, 0x79, 0xE9, 0x77, 0x4B, 0x3D, 0x88, 0x7F, 0x4A, 0xB1,
    0x71, 0x0B, 0xA9, 0x36, 0x21, 0x5B, 0xEA, 0x45, 0xA3, 0x3B, 0x08, 0xD5, 0x09, 0x7D, 0xCC, 0x6A,
    0xEB, 0x0E, 0x07, 0x01, 0x89, 0xBC, 0x18, 0x8F, 0xCC, 0xDB, 0x70, 0x5D, 0x66, 0xCE, 0xA4, 0x6F,
    0x78, 0x10, 0x6C, 0x9A, 0xD7, 0x6E, 0x22, 0xA1, 0x3E, 0xEE, 0xE9, 0x33, 0x31, 0x36, 0x01, 0xD0,
    0x6B, 0xE6, 0x4C, 0x2B, 0x10, 0x33, 0x95, 0xE5, 0xFC, 0xC0, 0x7C, 0xA2, 0xAD, 0xC0, 0x8E, 0xB4,
    0x15, 0x58, 0xAF, 0xAD, 0xC0, 0x9C, 0xFA, 0xDD, 0x6D, 0xB5, 0x24, 0x6A, 0xE6, 0xB7, 0xE9, 0xF2,
    0x03, 0xBF, 0xEC, 0xD7, 0x26, 0x1B, 0x6E, 0x77, 0x7B, 0x63, 0xEE, 0x0A, 0x91, 0x3F, 0xDA, 0xFF,
    0x01, 0x7A, 0xC0, 0x30, 0x7F, 0x47, 0xD6, 0xDA, 0x4B, 0x46, 0x3B, 0x18, 0xC1, 0x43, 0x20, 0x1A,
    0x76, 0x38, 0x2E, 0xEC, 0x94, 0x43, 0xB6, 0x7F, 0xFE, 0xD1, 0x6B, 0xCF, 0x6C, 0x08, 0xAC, 0x5E,
    0x70, 0xB5, 0x51, 0xB5, 0x94, 0x2B, 0xD5, 0x24, 0x26, 0xEE, 0xCB, 0x13, 0xCA, 0x93, 0x1E, 0x0A,
    0xE3, 0xA2, 0x03, 0x14, 0x9A, 0xC1, 0x0D, 0xC4, 0x4A, 0xA5, 0x98, 0xDD, 0x3B, 0xD3, 0x5C, 0x9F,
    0x9B, 0x04, 0xDB, 0xF7, 0xF8, 0x8A, 0x68, 0x92, 0x7C, 0x8E, 0x17, 0xAD, 0x91, 0x56, 0xCE, 0x78,
    0x8A, 0xC7, 0x4B, 0xDE, 0xE3, 0xB3, 0x25, 0x6B, 0x3E, 0x22, 0xAE, 0xD4, 0xA8, 0xB1, 0xF6, 0xBE,
    0x00, 0x2B, 0x3E, 0xE1, 0x16, 0x67, 0xAC, 0xCA, 0x3D, 0xAA, 0xE2, 0x87, 0xA4, 0x5A, 0x54, 0x07,
    0xF8, 0xD1, 0x02, 0x75, 0x5B, 0xB2, 0xD2, 0x62, 0xD4, 0x12, 0xA9, 0x6A, 0x72, 0x38, 0xEE, 0xEA,
    0x36, 0xF1, 0xB1, 0x75, 0xFE, 0xB4, 0x72, 0x83, 0x87, 0xF7, 0xE0, 0x61, 0x97, 0x3D, 0x25, 0xE7,
    0x0F, 0xAD, 0x03, 0x63, 0x38, 0xEA, 0x7B, 0x66, 0x27, 0x81, 0xEF, 0x4E, 0xC1, 0xB5, 0x1D, 0x0F,
    0x46, 0x23, 0x65, 0x41, 0x58, 0xD2, 0x95, 0x64, 0x8D, 0x1A, 0x3C, 0x75, 0x13, 0x44, 0x25, 0x4D,
    0x49, 0x52, 0x50, 0x74, 0xF3, 0x60, 0x34, 0x21, 0xE7, 0xB2, 0x23, 0x35, 0x49, 0x4C, 0xD2, 0x92,
    0xA4, 0x24, 0x25, 0xA1, 0x42, 0x72, 0xC6, 0xD9, 0x05, 0x2A, 0x23, 0x15, 0x1F, 0xA1, 0x5B, 0xC7,
    0x63, 0xA3, 0x9F, 0x90, 0x6C, 0x46, 0xBF, 0x70, 0x46, 0x3F, 0xF9, 0xFB, 0x97, 0x77, 0x5C, 0xC3,
    0x97, 0xA5, 0x93, 0x89, 0xB3, 0x07, 0xA5, 0xC2, 0x29, 0xF2, 0x0E, 0x8F, 0x16, 0xE8, 0x19, 0x70,
    0x45, 0xBF, 0xE6, 0xC9, 0x1B, 0x7F, 0xE0, 0x8F, 0xB2, 0x1F, 0xFB, 0xA3, 0xEA, 0x3B, 0x5E, 0x84,
    0x5B, 0xEF, 0x25, 0x09, 0x7B, 0x5F, 0x75, 0x18, 0x77, 0xFE, 0x28, 0x5D, 0x2D, 0xFA, 0x2B, 0xEF,
    0xD0, 0x8E, 0xF8, 0x85, 0x0F, 0x27, 0x4C, 0x81, 0x05, 0xF5, 0xCA, 0xA3, 0x5A, 0x4A, 0x68, 0xFC,
    0xCE, 0xF8, 0x16, 0xF9, 0x53, 0xE7, 0x77, 0x76, 0x56, 0xFB, 0xA3, 0xCA, 0x3D, 0x38, 0x93, 0x89,
    0x33, 0x7A, 0xE4, 0xD2, 0xEB, 0x9C, 0xAF, 0x47, 0x8F, 0xE2, 0xD6, 0x1F, 0x21, 0xA0, 0xA3, 0x89,
    0x2D, 0x30, 0x15, 0x75, 0x2C, 0x85, 0xB3, 0x42, 0x7B, 0xE5, 0x73, 0x9B, 0xCE, 0x48, 0xA9, 0x37,
    0xE3, 0x4D, 0x70, 0x1B, 0x8D, 0xA7, 0x83, 0xEA, 0x1E, 0x75, 0xB4, 0x14, 0x5D, 0x9D, 0xB4, 0x3A,
    0x02, 0xD1, 0xBA, 0xD0, 0xDE, 0xB7, 0xF6, 0x7D, 0xB1, 0x82, 0xD1, 0x32, 0x0F, 0x0F, 0xA3, 0x6A,
    0xD9, 0x07, 0xB7, 0x41, 0xD7, 0xBC, 0xD6, 0x14, 0x35, 0xC2, 0xC0, 0x42, 0x7F, 0xC8, 0xCC, 0xAC,
    0x16, 0xE5, 0x1E, 0x3E, 0xC6, 0x3F, 0x75, 0xAA, 0x27, 0xCC, 0x25, 0x62, 0x5A, 0xB6, 0x26, 0x5B,
    0xAB, 0x3A, 0x01, 0xCB, 0xFC, 0xD9, 0xA2, 0x66, 0x4E, 0xC2, 0x71, 0xD6, 0x21, 0xA5, 0x64, 0x39,
    0xC4, 0xF6, 0x8E, 0x95, 0x4B, 0xF5, 0x4B, 0x3B, 0x3D, 0x29, 0xFB, 0x97, 0x7F, 0xC5, 0xE7, 0x14,
    0x0F, 0xD1, 0x77, 0xA0, 0x17, 0xA6, 0x08, 0x5C, 0x6B, 0xCF, 0x1B, 0x36, 0xF4, 0x59, 0xA5, 0xAD,
    0x2A, 0x5C, 0x41, 0xB5, 0x5D, 0xA4, 0xBE, 0xEB, 0x71, 0x67, 0xAF, 0x3C, 0xF4, 0xA3, 0xBF, 0xF9,
    0x84, 0x63, 0x36, 0xB9, 0x6A, 0x1F, 0xF9, 0xD1, 0xDF, 0xEC, 0x16, 0xD3, 0xE1, 0x0E, 0xBA, 0x85,
    0xAC, 0xAC, 0x23, 0x19, 0xF0, 0x5A, 0x3B, 0x1D, 0x45, 0x2D, 0x02, 0xA9, 0xEB, 0x65, 0xAF, 0x81,
    0xF9, 0x4D, 0xA9, 0xED, 0xF9, 0xF6, 0x35, 0x03, 0xD7, 0x87, 0x89, 0x87, 0x2B, 0x36, 0x47, 0xFD,
    0x2C, 0x6A, 0x0B, 0x2A, 0x34, 0x85, 0x1B, 0x3F, 0x7A, 0x2B, 0x1D, 0xE7, 0xF4, 0xA5, 0xCF, 0x57,
    0x3D, 0x9A, 0xF0, 0xF8, 0xAE, 0xE8, 0xF0, 0x5D, 0x83, 0x2F, 0x8A, 0xA4, 0x7D, 0x97, 0xDC, 0xF1,
    0x1F, 0x6F, 0x6A, 0x5A, 0xCB, 0x8D, 0x09, 0xA9, 0xA6, 0xD9, 0x76, 0x58, 0xBC, 0xDA, 0x3C, 0xC7,
    0xA4, 0xD9, 0xD4, 0x41, 0xC7, 0xB5, 0xEA, 0xC9, 0x74, 0x72, 0x94, 0xCC, 0x9E, 0x72, 0x8D, 0x40,
    0x0A, 0xBA, 0xDB, 0xE5, 0x8A, 0xB2, 0x52, 0x93, 0x53, 0x2C, 0x82, 0xC8, 0xBB, 0xF6, 0x86, 0x49,
    0x78, 0xB0, 0xE1, 0x2B, 0x8A, 0x65, 0x6C, 0x53, 0xBD, 0x55, 0xB5, 0x48, 0xEF, 0x39, 0xD2, 0x05,
    0xBD, 0xD5, 0x55, 0xA4, 0xB2, 0x9B, 0x3F, 0xE4, 0x07, 0xC8, 0xEB, 0x18, 0x1C, 0x52, 0x38, 0xC7,
    0x1A, 0xD9, 0x20, 0xE9, 0xBD, 0xC3, 0x26, 0x62, 0xFD, 0xD4, 0x3D, 0x2A, 0x1D, 0x2C, 0xD7, 0xA5,
    0x31, 0xA0, 0xB0, 0x64, 0xF5, 0xFB, 0x99, 0x67, 0x48, 0x6F, 0x4D, 0xCA, 0xA7, 0x9F, 0x56, 0x71,
    0x23, 0x9B, 0xB1, 0xD5, 0xFF, 0x92, 0x7A, 0xD3, 0x98, 0x5F, 0xF7, 0xC2, 0xC7, 0x40, 0xC7, 0x39,
    0xC5, 0x94, 0x8E, 0x67, 0x8E, 0x4A, 0xEB, 0x8D, 0xD8, 0x0B, 0x28, 0xBB, 0x4D, 0xE6, 0xDC, 0xF7,
    0x66, 0x8C, 0xD8, 0x9A, 0x13, 0xE6, 0x62, 0x3C, 0x92, 0x79, 0x64, 0x1D, 0xEB, 0xA4, 0x84, 0xB6,
    0x55, 0xC7, 0x3A, 0xA9, 0x42, 0x33, 0xDD, 0x19, 0x50, 0xA6, 0xDA, 0x1B, 0xA2, 0xB2, 0x9C, 0x9E,
    0xCC, 0x00, 0x6D, 0xB0, 0x54, 0x0F, 0x82, 0xF8, 0x50, 0x7D, 0xEF, 0x16, 0x1C, 0x6B, 0x2E, 0x63,
    0xB5, 0x70, 0x8A, 0x3C, 0x1A, 0x62, 0x39, 0xFF, 0xE5, 0x7B, 0xD5, 0xAB, 0xDD, 0x24, 0x1A, 0x3A,
    0x97, 0xF4, 0xE6, 0xD9, 0x62, 0x5A, 0x17, 0xCE, 0xE8, 0x81, 0x8B, 0xAE, 0x72, 0xB6, 0x50, 0xA1,
    0x73, 0x1C, 0x20, 0x8F, 0x3C, 0x75, 0x75, 0x52, 0x85, 0x7B, 0xC0, 0x3A, 0xBA, 0x71, 0x45, 0x2E,
    0xAD, 0xA5, 0xD0, 0x7E, 0x3A, 0x59, 0xC3, 0x06, 0x11, 0x5A, 0x26, 0x5E, 0x18, 0xAD, 0x93, 0x22,
    0x53, 0x96, 0x3D, 0x1A, 0x0D, 0xB4, 0x42, 0x64, 0x35, 0x65, 0xAE, 0x42, 0xCC, 0x9A, 0xE2, 0x88,
    0x45, 0xA3, 0x41, 0x65, 0x74, 0x66, 0xB5, 0x19, 0x86, 0xB6, 0xC3, 0xF0, 0xF8, 0xDC, 0x2C, 0xEF,
    0xA0, 0xE7, 0x15, 0x19, 0x0E, 0xB2, 0xB4, 0x8B, 0x32, 0x46, 0x14, 0x38, 0x80, 0x6C, 0x0C, 0x2A,
    0x79, 0xAB, 0x7E, 0x0A, 0xA9, 0x03, 0x51, 0x87, 0x04, 0x42, 0xD5, 0xA7, 0x44, 0x1D, 0x65, 0x16,
    0xC7, 0x42, 0x30, 0xFD, 0x2D, 0xEB, 0x98, 0x75, 0xEF, 0xE6, 0x6E, 0x5C, 0xAF, 0x5D, 0xEA, 0x49,
    0xEB, 0x84, 0xE5, 0x5A, 0xB3, 0x54, 0x7E, 0xA4, 0x05, 0xFC, 0x71, 0xCD, 0xA7, 0x5A, 0xE1, 0xF7,
    0x39, 0xDB, 0x7B, 0xD4, 0x69, 0xAD, 0xED, 0x3D, 0xA1, 0x9B, 0x15, 0x79, 0x5C, 0x8B, 0x76, 0x08,
    0x77, 0x6A, 0xB3, 0xC0, 0x03, 0xDD, 0xD0, 0x4D, 0xAE, 0x2A, 0xF1, 0x60, 0x7B, 0x36, 0x09, 0x7B,
    0x58, 0xDD, 0x66, 0xFB, 0xD9, 0x88, 0xC9, 0xE6, 0xD9, 0x88, 0xE5, 0xE5, 0xCF, 0x46, 0x0C, 0x1E,
    0xFE, 0xD9, 0x88, 0xAC, 0x7F, 0xBA, 0xBA, 0x79, 0x36, 0x22, 0xCE, 0x2C, 0x4B, 0xFD, 0xDC, 0xB3,
    0x11, 0x1F, 0xB4, 0xD7, 0x42, 0x5F, 0xF8, 0xF4, 0xD7, 0xD5, 0xEA, 0x86, 0xAC, 0x8A, 0x3F, 0x3C,
    0x57, 0xF8, 0x84, 0xE4, 0xCE, 0xB3, 0x85, 0x4F, 0x8B, 0xFE, 0xC5, 0x0B, 0x9A, 0x54, 0xE3, 0x8E,
    0x3B, 0x2E, 0x49, 0x80, 0x35, 0x1E, 0x20, 0xBA, 0x42, 0x5C, 0xAB, 0x4E, 0x18, 0x44, 0x70, 0x4F,
    0xAB, 0x6A, 0x67, 0x05, 0x5F, 0xDA, 0x8A, 0x26, 0x74, 0x4C, 0x8B, 0x31, 0xDC, 0xDA, 0xA7, 0xFF,
    0xC5, 0x9B, 0x64, 0xB0, 0x59, 0xC2, 0xD8, 0x57, 0x70, 0x86, 0x9B, 0xF8, 0xB4, 0x68, 0xD0, 0x7F,
    0x4A, 0xE4, 0xB0, 0x76, 0xE4, 0x5B, 0x4E, 0xB7, 0xCD, 0x28, 0x32, 0x40, 0xA9, 0x4F, 0xBA, 0x07,
    0x69, 0x5F, 0xC2, 0xEF, 0xAF, 0x42, 0x63, 0xFC, 0xEA, 0xF4, 0xE0, 0x01, 0x75, 0xAB, 0xF2, 0xBC,
    0x9B, 0x2A, 0xB4, 0x4C, 0x53, 0x67, 0xE5, 0xDF, 0x5F, 0xAC, 0xD6, 0x53, 0x36, 0xE9, 0xF9, 0x46,
    0x7E, 0x73, 0x50, 0x98, 0xDF, 0x05, 0x87, 0xBA, 0xC9, 0x7D, 0x56, 0x2A, 0x5F, 0x58, 0x69, 0x0F,
    0x90, 0x60, 0x7A, 0x48, 0x79, 0xE9, 0xEC, 0xF7, 0xD2, 0xAD, 0x4D, 0xAE, 0xFB, 0x3F, 0xB9, 0x7D,
    0xFB, 0x01, 0x3D, 0x15, 0x3E, 0x97, 0xCF, 0xB6, 0xD4, 0x4C, 0xBF, 0xA5, 0x8B, 0xB1, 0xEF, 0x8C,
    0x71, 0x7C, 0xC2, 0xED, 0x86, 0x26, 0x61, 0xE0, 0x05, 0xC5, 0x84, 0x9D, 0xB8, 0xB8, 0x5C, 0x58,
    0x7C, 0x6E, 0x9F, 0xBA, 0x49, 0x7B, 0x49, 0x6D, 0x25, 0x07, 0x77, 0x9A, 0x4C, 0x9B, 0xF9, 0xEB,
    0xD8, 0x08, 0xBE, 0x7B, 0x22, 0x8D, 0xE0, 0xB5, 0x85, 0x76, 0xC7, 0xF9, 0x23, 0x6B, 0x26, 0xAB,
    0xF6, 0x90, 0x1C, 0x7B, 0xB7, 0x39, 0x6A, 0x3E, 0x2B, 0x0F, 0x58, 0x04, 0x7D, 0x70, 0x3B, 0xF8,
    0x2F, 0xE8, 0x83, 0xED, 0x5B, 0xF9, 0x18, 0x5A, 0xA0, 0xFF, 0xFF, 0x66, 0x44, 0x8F, 0xD2, 0x8C,
    0x08, 0x4E, 0x31, 0xE3, 0xF7, 0xC5, 0x84, 0xD6, 0xDA, 0x92, 0xB4, 0x0D, 0x2F, 0xDE, 0x26, 0x9F,
    0x03, 0x22, 0x0F, 0xDC, 0xCC, 0x5E, 0x3D, 0x3A, 0xB7, 0x36, 0xCD, 0x93, 0x9C, 0x07, 0xFA, 0xCF,
    0x64, 0x14, 0xB6, 0xF6, 0x70, 0x24, 0xA3, 0xEB, 0x2F, 0x34, 0x9D, 0xB8, 0x79, 0x77, 0x3C, 0x97,
    0x09, 0x34, 0x47, 0xCB, 0x30, 0xFA, 0x2A, 0xAB, 0x3C, 0x66, 0x62, 0x74, 0x64, 0xFC, 0x53, 0xC6,
    0x5C, 0x26, 0xB6, 0xF6, 0x4D, 0x6B, 0x1D, 0x54, 0xCF, 0xDE, 0xFC, 0xE9, 0x4C, 0x9B, 0x4F, 0xE7,
    0x99, 0xDB, 0xF5, 0x53, 0x9C, 0x8D, 0xDF, 0x9F, 0x26, 0xD1, 0xC2, 0x80, 0xD2, 0xE7, 0x32, 0x1D,
    0xEE, 0x7A, 0x2E, 0xD3, 0xC3, 0x98, 0x4E, 0x9B, 0x67, 0x8E, 0x44, 0xFD, 0xEB, 0xAA, 0xD4, 0xCF,
    0xEB, 0x18, 0x2A, 0x9A, 0x2C, 0xE9, 0xD4, 0x55, 0x11, 0xAB, 0xE5, 0xF8, 0x45, 0xA1, 0x4C, 0x6F,
    0x16, 0xA2, 0xCE, 0xED, 0xA3, 0x8E, 0x1D, 0xD9, 0x46, 0x2E, 0x97, 0xCE, 0xA9, 0x27, 0x53, 0xD1,
    0xB2, 0x36, 0x35, 0xF6, 0x2E, 0x99, 0x8B, 0xFE, 0x3E, 0xCA, 0x83, 0x38, 0x99, 0x20, 0xFC, 0x89,
    0x3E, 0x88, 0x93, 0xDD, 0x52, 0x49, 0x47, 0xC2, 0xFA, 0x12, 0x19, 0xBF, 0xEB, 0x71, 0x02, 0x85,
    0x7F, 0x9C, 0xC0, 0x70, 0xF9, 0xE3, 0x04, 0xEA, 0x27, 0xFE, 0x38, 0x01, 0xA7, 0xB1, 0x38, 0x45,
    0xC6, 0x23, 0x55, 0x67, 0x1E, 0x68, 0xFA, 0x16, 0x0C, 0xF2, 0xF5, 0xD8, 0x23, 0x99, 0x5D, 0x47,
    0xEC, 0x78, 0x9A, 0xFB, 0xCA, 0x74, 0x3C, 0x11, 0xBE, 0x9F, 0x5C, 0x81, 0x89, 0x86, 0xFE, 0x51,
    0x87, 0xD1, 0xB0, 0x99, 0x24, 0xCB, 0x1B, 0x7A, 0x86, 0x32, 0x02, 0xF7, 0xD8, 0x6D, 0xAB, 0xE3,
    0x46, 0x9D, 0x21, 0x28, 0xFF, 0x23, 0xF5, 0x0C, 0xFE, 0x0F, 0xDD, 0x24, 0xBF, 0x69, 0x66, 0x19,
    0xEF, 0x0B, 0x17, 0xD7, 0xB3, 0x5B, 0x61, 0xAD, 0xBB, 0xB3, 0xB8, 0xDE, 0x3F, 0x5A, 0xBA, 0xEE,
    0x89, 0xAE, 0x5B, 0x99, 0xD9, 0x54, 0x6C, 0x4F, 0x09, 0x67, 0x34, 0x4D, 0xD5, 0x20, 0x55, 0x78,
    0xA9, 0x51, 0x5A, 0xC1, 0x93, 0xDC, 0xEA, 0xFC, 0xEE, 0x6B, 0x51, 0xC7, 0x94, 0x25, 0x7C, 0x3C,
    0x9B, 0xD9, 0xF5, 0xD9, 0x99, 0xC5, 0x0D, 0xC7, 0x9C, 0x5F, 0x9D, 0xD9, 0xD0, 0xCD, 0xEC, 0x2D,
    0x5A, 0xFC, 0xE7, 0x66, 0xD6, 0xB5, 0x8D, 0xFC, 0x30, 0x33, 0xDB, 0xCF, 0x67, 0xD6, 0x37, 0x36,
    0xFE, 0x7D, 0x2D, 0xD5, 0xB1, 0x8C, 0xE7, 0x8A, 0x82, 0xC0, 0x1C, 0xC9, 0x9E, 0x16, 0x4C, 0xB1,
    0x82, 0xF9, 0x16, 0x90, 0xC5, 0x80, 0x6E, 0xCC, 0x36, 0xCE, 0x5D, 0xA0, 0xE3, 0x71, 0xEE, 0xDD,
    0x56, 0xF7, 0xEE, 0x9A, 0xC3, 0x5F, 0x38, 0x6D, 0x6B, 0xD4, 0xBD, 0x5B, 0xA9, 0x08, 0xCC, 0xFE,
    0xF4, 0xD1, 0xF6, 0xAE, 0x4B, 0x49, 0x7B, 0xC3, 0xED, 0x5D, 0x7B, 0xF1, 0xDE, 0x75, 0x91, 0x85,
    0x38, 0x7F, 0x77, 0xF2, 0x50, 0x65, 0x7F, 0xC1, 0xDB, 0xD7, 0x5E, 0x11, 0x11, 0xB3, 0x56, 0xB8,
    0x1E, 0x57, 0x28, 0x0A, 0x0E, 0xCA, 0x7F, 0xB0, 0x7B, 0xB1, 0xCB, 0xFC, 0xA3, 0xA8, 0x27, 0x9A,
    0x17, 0xF5, 0xE8, 0xFC, 0x9F, 0xF8, 0x07, 0x85, 0x54, 0xEC, 0x90, 0x5A, 0xE4, 0x3A, 0xFF, 0x5A,
    0xD4, 0xC3, 0xF9, 0x6F, 0x74, 0xFE, 0x93, 0xD9, 0xFC, 0xBF, 0xC4, 0x5B, 0x9A, 0xCF, 0x7F, 0xB7,
    0x99, 0xFF, 0xCB, 0x77, 0x76, 0xFF, 0xE0, 0xF9, 0xD7, 0x15, 0x37, 0x5F, 0xDD, 0xD9, 0x8A, 0xE5,
    0x1E, 0x75, 0x5C, 0xEF, 0x64, 0xCF, 0x6D, 0x86, 0xEC, 0xE8, 0x55, 0xF6, 0x69, 0x7D, 0xCC, 0xAB,
    0x7B, 0x1E, 0xE4, 0xDC, 0xF7, 0xB9, 0xAB, 0xB7, 0xF4, 0xEC, 0x8E, 0x6A, 0x3B, 0x0B, 0x69, 0x3F,
    0xB1, 0x67, 0x5E, 0x6C, 0x1A, 0x8B, 0xF9, 0x6E, 0x5B, 0x9A, 0xCB, 0xB5, 0xF6, 0xC0, 0x10, 0x5C,
    0xDC, 0x75, 0xED, 0x71, 0x35, 0x16, 0xB3, 0x53, 0xD2, 0xC6, 0x38, 0xAD, 0x9C, 0xE3, 0xA9, 0xA8,
    0xE0, 0xAA, 0x03, 0x8F, 0xA7, 0xE7, 0xF9, 0xF7, 0x36, 0x3D, 0xCF, 0xA9, 0x52, 0x9C, 0xB8, 0x9C,
    0x83, 0x6B, 0xEE, 0x85, 0xAB, 0xFD, 0xDE, 0x5C, 0xE1, 0x75, 0x7A, 0xF0, 0xFC, 0x40, 0x55, 0xE2,
    0x07, 0x28, 0xC5, 0x6E, 0x2B, 0x0E, 0x66, 0xF3, 0x78, 0xCF, 0xE4, 0xEF, 0xC3, 0x83, 0x4C, 0xFD,
    0x59, 0xCE, 0xFB, 0x1E, 0x2E, 0xDD, 0x04, 0x33, 0x9B, 0x9B, 0x8F, 0xEA, 0xFC, 0xD4, 0x3E, 0x99,
    0xE3, 0x93, 0xEE, 0x51, 0x97, 0xFB, 0xE2, 0xD7, 0xF0, 0x3C, 0xF8, 0x02, 0x93, 0x44, 0xB4, 0xB6,
    0x00, 0xAA, 0xC8, 0x3D, 0xD7, 0x74, 0x98, 0xE0, 0x4B, 0x2E, 0x09, 0x3F, 0x41, 0x0A, 0x78, 0xBC,
    0x0D, 0x22, 0xD7, 0x2C, 0xDE, 0x75, 0x2D, 0xF7, 0x8C, 0xED, 0x22, 0x10, 0x40, 0x9F, 0x4F, 0xB5,
    0x31, 0x03, 0x15, 0xB0, 0xE5, 0xD6, 0x30, 0x9E, 0x42, 0x8E, 0x33, 0x05, 0x23, 0xA3, 0xE2, 0xB0,
    0xFE, 0xE0, 0x4D, 0x4C, 0xD9, 0xBD, 0x21, 0x47, 0x0D, 0x73, 0x75, 0x8F, 0xAE, 0xD3, 0x94, 0x2C,
    0x0D, 0x31, 0x08, 0x88, 0x88, 0x90, 0x4F, 0x91, 0x85, 0xB9, 0xC2, 0xF5, 0x63, 0xB5, 0x6F, 0x4B,
    0x56, 0xAB, 0x92, 0xF5, 0xBF, 0x35, 0xCF, 0x55, 0xBD, 0x6D, 0x53, 0x3D, 0xA1, 0x8B, 0x0E, 0x97,
    0xB3, 0x37, 0x63, 0x35, 0x59, 0xD2, 0xEF, 0xAA, 0xFA, 0x18, 0xBA, 0x1E, 0x53, 0x56, 0xD5, 0x11,
    0x9B, 0x6B, 0x2E, 0x45, 0x3D, 0x3D, 0xB7, 0x58, 0x84, 0x6F, 0xEC, 0x52, 0xA1, 0x7A, 0xD6, 0x13,
    0x2E, 0x10, 0xC2, 0x59, 0xD3, 0x44, 0x05, 0xAA, 0xB6, 0x72, 0x04, 0xB7, 0xD3, 0x3A, 0x5D, 0x76,
    0x93, 0x26, 0x2C, 0xEC, 0xF7, 0xAA, 0x09, 0xB4, 0xBE, 0xD4, 0x31, 0xB1, 0x5D, 0x82, 0x32, 0x3D,
    0xB9, 0xED, 0x66, 0x81, 0x6E, 0xF2, 0xD0, 0x35, 0xB5, 0x4F, 0x37, 0xEB, 0x67, 0xB5, 0x72, 0x56,
    0x6B, 0x66, 0xB5, 0x5A, 0x56, 0x05, 0xAB, 0x96, 0x8F, 0x6B, 0x3E, 0xBE, 0x76, 0xE8, 0x1E, 0xE8,
    0x75, 0x69, 0xA1, 0xF7, 0x33, 0x18, 0x2C, 0x83, 0x86, 0x31, 0x5D, 0xC0, 0xDE, 0x5A, 0x70, 0x77,
    0xA2, 0x5E, 0xDC, 0xD2, 0xD3, 0xBD, 0x15, 0x16, 0x3B, 0x57, 0x53, 0x3B, 0x4B, 0x11, 0xDE, 0x9B,
    0xCB, 0x62, 0x66, 0x77, 0xBB, 0x5E, 0xF7, 0x48, 0x38, 0xDC, 0x93, 0xED, 0x87, 0x5C, 0x16, 0x91,
    0xC4, 0x18, 0x71, 0xE2, 0xD2, 0x63, 0xB5, 0xCB, 0x6E, 0xA8, 0x0F, 0xBD, 0xE5, 0x83, 0x3E, 0x58,
    0xF9, 0xA9, 0xE7, 0xF8, 0xEF, 0x1C, 0x6B, 0xF2, 0x1B, 0xD5, 0x83, 0x39, 0x1B, 0xCF, 0xFD, 0xB1,
    0x7D, 0xEB, 0x15, 0x5D, 0x85, 0xFD, 0x84, 0x7C, 0x49, 0x47, 0xF2, 0x57, 0xAA, 0x41, 0x2C, 0x75,
    0x8A, 0xE8, 0x4C, 0xDF, 0x4C, 0x51, 0xA1, 0x53, 0x04, 0x62, 0x64, 0x3A, 0x45, 0x15, 0xA7, 0x08,
    0xA3, 0x5A, 0xDA, 0x23, 0x7D, 0xB8, 0x7D, 0x5F, 0x31, 0x78, 0xDD, 0x4F, 0xA4, 0x4E, 0x90, 0xD2,
    0xE1, 0x48, 0x0D, 0x0D, 0x47, 0x0B, 0x96, 0x11, 0x2D, 0xC1, 0x49, 0xD9, 0x06, 0xBD, 0x67, 0x6C,
    0x7E, 0xDC, 0xB4, 0x3E, 0xD7, 0x51, 0xB9, 0xB1, 0x9D, 0x30, 0x63, 0xB9, 0xE3, 0x63, 0x10, 0x56,
    0x19, 0xFD, 0x8B, 0x09, 0x33, 0x60, 0xC4, 0x14, 0x40, 0x58, 0x19, 0x85, 0xF3, 0x4D, 0x8A, 0xE4,
    0xA7, 0x95, 0xA8, 0x58, 0xFF, 0x0F, 0xE5, 0x5C, 0x3D, 0xB3, 0xDC, 0xD6, 0x79, 0x3E, 0x00, 0x44,
    0xEE, 0x38, 0x98, 0x11, 0x6E, 0xC1, 0xF1, 0x38, 0xA1, 0xAD, 0x4D, 0x91, 0xCA, 0x91, 0x0C, 0x17,
    0x29, 0x54, 0x88, 0x02, 0x64, 0x17, 0x2E, 0xDC, 0xB0, 0x70, 0x9F, 0x2A, 0x85, 0x27, 0x33, 0x61,
    0xA3, 0x82, 0x05, 0x45, 0xAC, 0x47, 0x65, 0x0A, 0xDF, 0x7F, 0x90, 0x14, 0x4A, 0x61, 0xA9, 0xA0,
    0x0A, 0x16, 0x2C, 0x78, 0x2F, 0x90, 0xA8, 0x74, 0x11, 0x8C, 0x53, 0xB8, 0x70, 0x21, 0x4C, 0x46,
    0xA9, 0x54, 0x08, 0x89, 0x31, 0x19, 0x90, 0x02, 0x70, 0xF2, 0x3E, 0xCF, 0x7B, 0x0E, 0xB0, 0xBB,
    0xF7, 0x8B, 0x1F, 0x12, 0x79, 0xCD, 0x2C, 0x77, 0x0F, 0x86, 0xBB, 0xF8, 0x38, 0xE7, 0x7D, 0xDE,
    0xE7, 0xFD, 0x3A, 0xE7, 0x5C, 0x63, 0xCC, 0x6D, 0x23, 0xAF, 0x51, 0x3E, 0xD1, 0x24, 0x4D, 0x6C,
    0xA5, 0x59, 0xA3, 0xC9, 0x4A, 0x69, 0x3E, 0x28, 0x72, 0x63, 0x06, 0x69, 0xC2, 0x2E, 0xDB, 0x98,
    0xA8, 0xCD, 0x2A, 0x13, 0xD7, 0xD2, 0x24, 0x55, 0x5A, 0x99, 0x34, 0x5F, 0xD7, 0xE6, 0x5D, 0xB3,
    0x6E, 0xCC, 0xC3, 0xE0, 0x56, 0x13, 0x4C, 0xD6, 0xB6, 0xB1, 0x95, 0x26, 0xB1, 0x8F, 0x7F, 0xD6,
    0xC5, 0x8F, 0xCC, 0xAA, 0x4B, 0x2A, 0x13, 0xF5, 0xA9, 0x5C, 0x38, 0x64, 0xC6, 0x84, 0x43, 0x61,
    0x4C, 0x30, 0x1E, 0xC9, 0x6D, 0xED, 0x20, 0x4D, 0x89, 0x26, 0xBB, 0x2F, 0xCD, 0x1B, 0x66, 0xFF,
    0x95, 0xA1, 0xB1, 0xD5, 0x4E, 0x93, 0xB1, 0x7B, 0x1B, 0xB9, 0x50, 0x2E, 0x8F, 0xAC, 0x34, 0xB1,
    0xFD, 0x6A, 0x30, 0xEB, 0x2E, 0x18, 0x4C, 0x56, 0x4B, 0x53, 0xE4, 0xD2, 0x94, 0x46, 0x9A, 0x63,
    0x34, 0x32, 0x26, 0x36, 0xA3, 0x36, 0x32, 0xBA, 0xC9, 0xC8, 0xC0, 0x4A, 0xF9, 0x27, 0xC7, 0xA2,
    0x92, 0x7B, 0x65, 0xD2, 0xE7, 0x6A, 0x2D, 0x7D, 0xAE, 0x57, 0x76, 0x92, 0xC1, 0x94, 0x4D, 0xBC,
    0xD9, 0xEF, 0x4A, 0xD4, 0x4A, 0x93, 0x0C, 0x3B, 0x0D, 0xBF, 0xD3, 0x57, 0x68, 0x45, 0x42, 0x89,
    0x6D, 0x44, 0x6A, 0x5F, 0x76, 0xD2, 0xBC, 0x27, 0xCD, 0x55, 0xFE, 0x9E, 0xD6, 0xD2, 0xDC, 0xC0,
    0x39, 0x7F, 0x83, 0xE6, 0x60, 0xBE, 0xE4, 0xED, 0xF3, 0x24, 0x5E, 0x64, 0x72, 0xBF, 0x31, 0xCD,
    0x65, 0x04, 0x10, 0x5C, 0xB7, 0xAE, 0xCC, 0xAA, 0x15, 0x39, 0x26, 0xB5, 0x34, 0xEB, 0x2A, 0xA9,
    0x4D, 0x96, 0xC7, 0x8D, 0x8C, 0xF0, 0x56, 0x63, 0xA6, 0xD2, 0xB6, 0x2B, 0x4B, 0xB1, 0x4F, 0x3F,
    0x85, 0xC4, 0xC3, 0x4E, 0x7E, 0x0F, 0x7B, 0xB9, 0x26, 0x18, 0x32, 0x22, 0x87, 0x27, 0x1D, 0x43,
    0xD8, 0x78, 0x5E, 0x41, 0x89, 0xBF, 0x2F, 0xCD, 0xEB, 0xAE, 0x2B, 0x37, 0xF1, 0x6C, 0xF4, 0xA2,
    0xB4, 0xD2, 0x5B, 0xB9, 0x93, 0x00, 0xB4, 0x92, 0xCE, 0xF7, 0x68, 0x80, 0xAC, 0x7C, 0x29, 0x12,
    0x09, 0x64, 0x50, 0x26, 0xC0, 0x78, 0xCC, 0xAE, 0x7C, 0xBE, 0x19, 0x3C, 0xF2, 0xB3, 0xF0, 0xB8,
    0xE5, 0xF1, 0x08, 0x0E, 0xF5, 0x71, 0x2D, 0xFB, 0x0C, 0xC9, 0xE2, 0xFE, 0xF2, 0x5B, 0x64, 0x03,
    0x8C, 0x2C, 0xB1, 0x9F, 0x51, 0xE4, 0xFF, 0xDE, 0xE6, 0x18, 0xE7, 0x4F, 0x7B, 0x15, 0x31, 0xC6,
    0x6B, 0xEE, 0x6F, 0x89, 0xDE, 0xEC, 0x82, 0xA0, 0x30, 0x38, 0x20, 0x1C, 0x14, 0x0E, 0x0C, 0x07,
    0x87, 0x03, 0x44, 0x4E, 0xE4, 0x81, 0xA0, 0xC8, 0xF9, 0x5D, 0x0A, 0x8D, 0x5C, 0xB5, 0x6B, 0x1C,
    0x08, 0x8D, 0x51, 0x70, 0xE4, 0xB2, 0x3C, 0x81, 0xD8, 0x0A, 0x00, 0x64, 0x08, 0x91, 0x9C, 0x08,
    0x90, 0x70, 0x7F, 0x81, 0x49, 0x0E, 0x8F, 0xE4, 0x06, 0x72, 0x59, 0x25, 0x50, 0xC9, 0x65, 0x1B,
    0x61, 0x06, 0x2E, 0xC3, 0x90, 0x0C, 0x00, 0x93, 0xCE, 0x10, 0x32, 0xC3, 0xFE, 0x17, 0x7A, 0xC8,
    0x30, 0x90, 0x3D, 0xAA, 0x24, 0x54, 0xC3, 0x0C, 0xCF, 0x31, 0x65, 0x45, 0x65, 0x84, 0xA2, 0xAD,
    0x30, 0xFA, 0x29, 0xAE, 0x21, 0x9D, 0x5F, 0x71, 0x58, 0x38, 0x23, 0xFD, 0x2D, 0xBE, 0x2E, 0x7E,
    0x32, 0xF1, 0x09, 0x18, 0xDB, 0x03, 0x73, 0xCD, 0x9C, 0xF6, 0x22, 0xA8, 0x44, 0x55, 0x61, 0x55,
    0x5C, 0x15, 0x58, 0x45, 0x56, 0xA1, 0x55, 0x6C, 0x15, 0x5C, 0x45, 0x57, 0x91, 0x75, 0x6F, 0x02,
    0xAC, 0x08, 0x2B, 0xC4, 0xA6, 0xA8, 0x71, 0x6B, 0x82, 0x2C, 0x88, 0x09, 0xCA, 0x46, 0x61, 0x36,
    0xB7, 0xBE, 0xF0, 0xBC, 0xBB, 0xC9, 0x06, 0x02, 0x91, 0xBB, 0x46, 0x18, 0x8E, 0x34, 0xA0, 0x7F,
    0x62, 0xAB, 0xB4, 0x21, 0xC2, 0x61, 0xF7, 0x2D, 0x21, 0x9C, 0xEE, 0x20, 0xBC, 0xFE, 0xE6, 0x10,
    0xAE, 0x28, 0x21, 0x12, 0x72, 0x1F, 0xE1, 0x71, 0x07, 0xE1, 0x85, 0x9A, 0xEF, 0xD0, 0x00, 0x1A,
    0xC7, 0x3F, 0x91, 0x3A, 0x1E, 0x2F, 0x0F, 0xC8, 0xA3, 0x1E, 0xB7, 0x7E, 0x60, 0xE2, 0x89, 0xE3,
    0x90, 0x7B, 0x16, 0x5F, 0x81, 0xBA, 0x71, 0x27, 0x56, 0x56, 0xE4, 0x26, 0xA6, 0xE7, 0x81, 0x9C,
    0x66, 0x5E, 0x0A, 0x4D, 0xB7, 0x4C, 0x22, 0x3A, 0xA7, 0xEA, 0x49, 0x63, 0x6F, 0x8A, 0x7F, 0x1B,
    0xD4, 0xB0, 0xE3, 0x70, 0xF3, 0x35, 0x19, 0x06, 0x1E, 0x06, 0x48, 0x05, 0xE0, 0x77, 0x49, 0xE1,
    0xEA, 0xB6, 0x52, 0xF8, 0xC7, 0x38, 0x3D, 0xBA, 0x18, 0xE0, 0x4F, 0xF5, 0x69, 0x3C, 0xD1, 0xAC,
    0x06, 0xA5, 0x84, 0x1E, 0x32, 0x3D, 0x14, 0x47, 0xAA, 0x02, 0x3C, 0x04, 0xC3, 0x5D, 0x6A, 0x42,
    0x47, 0xE7, 0xB2, 0x6A, 0x79, 0x48, 0x6A, 0x3D, 0x54, 0x04, 0x3F, 0xCD, 0x09, 0x7E, 0x06, 0x52,
    0x1A, 0x73, 0x14, 0xDC, 0x12, 0xD4, 0x03, 0x01, 0xB8, 0x82, 0x08, 0xAD, 0xAA, 0xE1, 0xA3, 0x9F,
    0xD7, 0x04, 0x78, 0xD5, 0x10, 0x60, 0x1C, 0x60, 0xA8, 0x5B, 0x02, 0x88, 0x43, 0xA1, 0x7D, 0x3A,
    0xE2, 0x00, 0xD9, 0x7F, 0x77, 0x78, 0xA8, 0x14, 0x7E, 0x7B, 0x6B, 0x08, 0x3F, 0x3C, 0xA4, 0xBC,
    0x46, 0x62, 0x44, 0x4F, 0x32, 0xE1, 0x29, 0xEB, 0x16, 0xF6, 0x85, 0x4E, 0x16, 0x6A, 0xB2, 0x99,
    0x15, 0x38, 0x26, 0xD7, 0x13, 0x33, 0xB7, 0xF4, 0xDE, 0x01, 0x15, 0x25, 0xA2, 0x97, 0x4C, 0xAC,
    0x1A, 0x42, 0x48, 0xA5, 0xE4, 0x45, 0x23, 0xF5, 0xE8, 0x3E, 0x85, 0xFC, 0xE4, 0x64, 0xEF, 0xA9,
    0xB2, 0x0D, 0xC9, 0x5E, 0x91, 0xEC, 0x9B, 0x85, 0xF2, 0x96, 0x03, 0xB2, 0x54, 0xDF, 0xB9, 0x9D,
    0x48, 0xF3, 0x92, 0xA6, 0xC8, 0xE2, 0xDA, 0xD5, 0x1E, 0xD9, 0xA3, 0x7D, 0xB2, 0x3F, 0x8C, 0x36,
    0xDA, 0xFD, 0x55, 0xA5, 0x7A, 0xF3, 0x8F, 0x95, 0x0E, 0x84, 0x7D, 0xEA, 0xA3, 0xFF, 0x80, 0x44,
    0xA2, 0x29, 0xAC, 0x8E, 0xE7, 0x8E, 0x4A, 0xCF, 0x3E, 0xAF, 0x15, 0xE2, 0x0F, 0x3B, 0x1E, 0x6D,
    0xA0, 0x58, 0x0F, 0xD0, 0xFB, 0x1D, 0x3F, 0xBB, 0x6B, 0x07, 0x9C, 0x21, 0xF0, 0x96, 0xC0, 0x9B,
    0x02, 0x6F, 0x0B, 0xBC, 0x31, 0xF0, 0xD6, 0xC0, 0x99, 0x03, 0x6F, 0x0F, 0xBC, 0x41, 0x50, 0x67,
    0xBC, 0x98, 0x04, 0x6F, 0x13, 0x04, 0x7C, 0xC5, 0xE6, 0x58, 0xAD, 0x82, 0x33, 0x0B, 0xDE, 0x2E,
    0x78, 0xC3, 0xE0, 0x2D, 0x83, 0xA1, 0x9F, 0x36, 0xB3, 0x6D, 0xF0, 0xC6, 0x81, 0xD6, 0x61, 0x34,
    0xB3, 0x79, 0xF0, 0xF6, 0xC1, 0x1B, 0x88, 0xC5, 0x42, 0x24, 0x95, 0x48, 0x31, 0x43, 0x67, 0xCA,
    0x41, 0x6E, 0x62, 0xAD, 0xE8, 0xCA, 0x90, 0x89, 0xC0, 0x86, 0x44, 0x06, 0x74, 0xDB, 0xB1, 0x42,
    0x5E, 0x7F, 0x65, 0xD4, 0xE0, 0x88, 0x58, 0x37, 0xCE, 0x17, 0xAC, 0x3F, 0x97, 0x2E, 0x64, 0x3F,
    0x83, 0x8D, 0x86, 0xEA, 0xF4, 0x78, 0xC2, 0xCD, 0xE7, 0xB7, 0x18, 0xC3, 0x6C, 0x31, 0xA8, 0x72,
    0xC7, 0x8B, 0xC5, 0xA0, 0x1A, 0x6C, 0x60, 0x31, 0x2A, 0x58, 0x8C, 0xCA, 0x14, 0x4D, 0x9C, 0x3B,
    0x6B, 0xCF, 0xE1, 0xD3, 0xD2, 0x27, 0x50, 0xE0, 0x0C, 0x4E, 0xED, 0x28, 0x1A, 0xD0, 0xAD, 0x07,
    0x27, 0xBA, 0x75, 0x7E, 0xEC, 0x34, 0x47, 0xAB, 0xC1, 0x1C, 0xAD, 0xAE, 0x1A, 0x1F, 0xAD, 0xAE,
    0x37, 0x12, 0x36, 0x64, 0x88, 0x69, 0x8E, 0x19, 0xAD, 0x2E, 0xB1, 0xD3, 0xA3, 0x9F, 0x6F, 0x45,
    0xAB, 0xEB, 0x6F, 0x30, 0x5A, 0x0D, 0x1A, 0x6F, 0x98, 0x12, 0xF6, 0x11, 0x3F, 0x94, 0x69, 0x2B,
    0xF7, 0x5E, 0xC1, 0x8A, 0xCB, 0xC8, 0xC3, 0xFA, 0xC4, 0x08, 0x2F, 0x5D, 0x90, 0xFB, 0x17, 0x6C,
    0xC9, 0x8E, 0x80, 0xDC, 0x51, 0xD3, 0x4C, 0x1F, 0x68, 0xD6, 0x24, 0xC9, 0x6B, 0x68, 0xEE, 0xD0,
    0x69, 0x1D, 0xAB, 0x1A, 0x53, 0x66, 0xA9, 0xED, 0x16, 0x77, 0x70, 0x92, 0x92, 0xE3, 0x42, 0x47,
    0x25, 0xA3, 0x52, 0x51, 0x89, 0xA8, 0x34, 0x24, 0x09, 0x95, 0x82, 0x4A, 0x40, 0xA5, 0x9F, 0x92,
    0x4F, 0xA9, 0xC7, 0x70, 0xD8, 0xD1, 0x8E, 0xA4, 0x53, 0xCA, 0x29, 0xE1, 0x18, 0x13, 0x3B, 0xB2,
    0x29, 0xD5, 0x94, 0x68, 0x4A, 0x33, 0x25, 0x99, 0x52, 0x4C, 0x09, 0x36, 0xD3, 0xEB, 0x17, 0xE8,
    0xF8, 0x38, 0xC3, 0xD7, 0x79, 0x1F, 0xCC, 0xBE, 0xF5, 0xDE, 0xCE, 0x1C, 0x48, 0x04, 0x15, 0xB4,
    0x62, 0xD8, 0xE5, 0xF6, 0x03, 0x42, 0x67, 0x58, 0x45, 0x0C, 0x3A, 0x03, 0xCD, 0xAE, 0x3E, 0x32,
    0x4F, 0x84, 0x6D, 0x3F, 0x63, 0xBB, 0xF1, 0xD8, 0xB2, 0x99, 0xD0, 0xD3, 0x69, 0x9B, 0x52, 0x1E,
    0xDB, 0x0D, 0xB0, 0xAD, 0x3D, 0xB6, 0xC9, 0x96, 0x27, 0xA6, 0x6D, 0x0D, 0xD4, 0x40, 0xF8, 0x08,
    0x3E, 0x46, 0xEF, 0xA3, 0x61, 0x46, 0x11, 0x0A, 0x7C, 0xCD, 0x7C, 0x0F, 0x0E, 0x49, 0xD2, 0x93,
    0x12, 0x01, 0x34, 0x9D, 0x34, 0x5D, 0x47, 0xF0, 0x77, 0x4F, 0x41, 0xB8, 0x17, 0x95, 0xAC, 0xE8,
    0x80, 0xE8, 0xA1, 0x2B, 0x17, 0x08, 0x6D, 0x8F, 0x8A, 0x8A, 0xB4, 0xEB, 0xDE, 0x00, 0x8A, 0x18,
    0x5A, 0x61, 0x18, 0x40, 0x09, 0x08, 0x4A, 0xF1, 0xED, 0x82, 0x92, 0x5F, 0x00, 0x8A, 0x9C, 0x20,
    0xF7, 0x16, 0x25, 0x4A, 0x3E, 0x44, 0xC0, 0x18, 0x11, 0x1A, 0x0C, 0x07, 0x61, 0xC9, 0xC1, 0x1D,
    0xE1, 0x50, 0x77, 0xED, 0x4D, 0x98, 0xE4, 0x07, 0xE8, 0x4C, 0x0B, 0xFA, 0xC8, 0xAF, 0xE1, 0xA3,
    0xA7, 0x80, 0x02, 0x72, 0x0C, 0x98, 0x70, 0x23, 0x80, 0x58, 0x35, 0x6B, 0xD8, 0x3E, 0x81, 0x22,
    0xDD, 0x00, 0x0A, 0x50, 0x16, 0x50, 0xD0, 0xF6, 0xB9, 0x4C, 0x5D, 0xA1, 0x88, 0x3A, 0x86, 0xAA,
    0x72, 0xE1, 0x09, 0x28, 0x86, 0x19, 0x8A, 0x6D, 0xDB, 0xF7, 0x4B, 0xBA, 0x36, 0xB8, 0x12, 0x28,
    0x4E, 0xF6, 0xB5, 0x74, 0x28, 0xAB, 0xA4, 0x1B, 0x6B, 0x7A, 0x1A, 0x12, 0x67, 0xDD, 0x31, 0xA0,
    0xF2, 0xB1, 0xEC, 0x1C, 0xF5, 0xDC, 0x17, 0x43, 0x21, 0x22, 0x94, 0xCB, 0x26, 0x84, 0xF9, 0xA5,
    0xED, 0x31, 0x52, 0x19, 0xEE, 0xD5, 0xC7, 0x4F, 0x81, 0x0C, 0x02, 0x13, 0xC6, 0x25, 0xE5, 0x6C,
    0x0F, 0x19, 0x94, 0x58, 0x07, 0xCA, 0xD3, 0xD0, 0xC5, 0xC4, 0x1B, 0x60, 0xB1, 0xAE, 0x19, 0x39,
    0xFD, 0x77, 0x6B, 0x1C, 0x7F, 0xCD, 0x3B, 0x05, 0x28, 0xFF, 0x66, 0x32, 0x9B, 0xCB, 0x77, 0xD0,
    0x77, 0x53, 0xA8, 0xC7, 0x46, 0xC7, 0x45, 0x08, 0x87, 0xA7, 0x86, 0x55, 0x4F, 0x64, 0xE2, 0x28,
    0x9D, 0x49, 0x4D, 0xDC, 0x9A, 0x26, 0x2E, 0x39, 0x61, 0xE2, 0xE2, 0xD9, 0xC4, 0x15, 0xE6, 0x6F,
    0xCF, 0x35, 0x71, 0x01, 0x4D, 0x9C, 0xD9, 0x36, 0x71, 0x13, 0x4D, 0x5C, 0xC1, 0x6E, 0x64, 0xBB,
    0x26, 0x6E, 0x2F, 0x7E, 0x98, 0xAC, 0x80, 0xDF, 0x23, 0x7E, 0xE8, 0xE1, 0xAB, 0xDE, 0x5F, 0xE2,
    0x07, 0x8D, 0xB4, 0x1F, 0xE0, 0x21, 0x60, 0x53, 0x74, 0x39, 0xD8, 0x74, 0xC0, 0xDC, 0xB5, 0x83,
    0x9B, 0x0D, 0xDC, 0x58, 0x83, 0xC9, 0x07, 0xB2, 0xDE, 0xF1, 0x4C, 0xF9, 0x33, 0x63, 0x73, 0x97,
    0xEE, 0x87, 0x64, 0x08, 0xFA, 0x0C, 0xD8, 0x30, 0x24, 0x27, 0xA5, 0x44, 0x76, 0x68, 0x49, 0x2A,
    0x65, 0x95, 0x5A, 0x38, 0xF2, 0x8A, 0x89, 0x42, 0x6B, 0x12, 0x8F, 0x8D, 0x18, 0x21, 0xC6, 0x15,
    0x48, 0x12, 0xC2, 0xC1, 0xA5, 0xF9, 0x8B, 0xFB, 0xB1, 0x2E, 0xEA, 0x53, 0x6C, 0x4E, 0x0F, 0x2F,
    0xE6, 0x10, 0x43, 0x23, 0x8B, 0x9D, 0x36, 0x9B, 0xCF, 0xC8, 0x45, 0x22, 0x51, 0x2D, 0x69, 0xC7,
    0xAA, 0x95, 0xBB, 0x45, 0x83, 0x98, 0xBD, 0xD0, 0x42, 0x47, 0x4B, 0x00, 0x15, 0x4F, 0xE6, 0x32,
    0xC7, 0x19, 0xC1, 0x95, 0xD2, 0x1E, 0x02, 0xE4, 0x09, 0x8D, 0x4D, 0xEC, 0xE3, 0x72, 0x4A, 0xBE,
    0x10, 0x37, 0xC5, 0xE0, 0xFA, 0xEC, 0xA6, 0xFA, 0xEE, 0xBD, 0x1A, 0x8F, 0x6C, 0x33, 0x69, 0x9A,
    0xCC, 0x4E, 0xFF, 0x42, 0x0E, 0x5C, 0xD0, 0xD0, 0x35, 0x26, 0xFF, 0xFB, 0xF1, 0x27, 0xD4, 0xAB,
    0x06, 0x6C, 0x6A, 0x44, 0x56, 0xF6, 0x44, 0x77, 0xF5, 0xCC, 0xAC, 0xDD, 0x69, 0x92, 0x6A, 0x16,
    0x5D, 0x07, 0xD1, 0x8D, 0xF2, 0xBF, 0x7B, 0x16, 0x4E, 0xA9, 0x14, 0x23, 0x28, 0x58, 0x66, 0xF9,
    0x6A, 0x92, 0x83, 0x58, 0xCD, 0x23, 0xD8, 0xC8, 0xA1, 0x40, 0x19, 0x04, 0x20, 0x30, 0xCF, 0x83,
    0x07, 0xA0, 0x95, 0xCC, 0x4B, 0x8C, 0x3D, 0x6B, 0x4C, 0xDA, 0xA6, 0xF6, 0x13, 0xDB, 0x40, 0x71,
    0x36, 0x01, 0xEE, 0x67, 0xAE, 0x9F, 0xD2, 0x95, 0x0B, 0xEA, 0x90, 0x30, 0x55, 0x01, 0xB3, 0xB8,
    0x69, 0xC2, 0x0F, 0xE2, 0x0E, 0x83, 0xCD, 0x91, 0x8F, 0xD6, 0x88, 0xC4, 0xEB, 0x73, 0xA8, 0x66,
    0xCE, 0x96, 0xF8, 0x2F, 0x5E, 0x86, 0xC4, 0x83, 0xAD, 0x3A, 0x64, 0x05, 0xFB, 0x22, 0x64, 0x1A,
    0x51, 0xEC, 0xEB, 0x99, 0x54, 0xB1, 0x92, 0x8A, 0x28, 0x92, 0x75, 0xC8, 0x10, 0xF7, 0x0A, 0x4E,
    0xAD, 0x43, 0xF6, 0xDB, 0x78, 0x74, 0x0B, 0x1E, 0x11, 0xF0, 0xB8, 0x25, 0xAA, 0x0C, 0x3C, 0xC6,
    0x05, 0x8F, 0x69, 0x17, 0x8F, 0xFC, 0x5C, 0x3C, 0x82, 0xF6, 0x75, 0x84, 0x83, 0x6B, 0x3C, 0x2D,
    0x45, 0xB4, 0x24, 0x17, 0x25, 0x89, 0xFC, 0x1A, 0x87, 0xDD, 0xA9, 0x9C, 0xBD, 0x2C, 0x4A, 0x7D,
    0x17, 0x55, 0x02, 0x5B, 0xC1, 0x1E, 0x34, 0x42, 0xF6, 0xAF, 0x1F, 0x8B, 0x98, 0x1A, 0x94, 0x7A,
    0xEB, 0xB4, 0x36, 0x67, 0x14, 0x05, 0x0E, 0x55, 0x9C, 0xB8, 0x81, 0xFC, 0xEF, 0x13, 0x9B, 0x4B,
    0x08, 0x9C, 0xE6, 0x12, 0x02, 0x4B, 0x23, 0x42, 0x11, 0x71, 0xA6, 0x62, 0xC0, 0x42, 0x15, 0x67,
    0xBE, 0x2D, 0xCE, 0xC6, 0x15, 0xAE, 0x66, 0x71, 0xAE, 0xCF, 0x56, 0xEF, 0x8F, 0x7C, 0x3A, 0x71,
    0x8D, 0xB5, 0xCC, 0x82, 0x48, 0x5B, 0x04, 0x12, 0x91, 0x6D, 0xE5, 0xEB, 0xF8, 0x8F, 0xFD, 0x01,
    0x1C, 0x33, 0xFD, 0x57, 0x0E, 0xAB, 0xF9, 0x96, 0xF9, 0xD1, 0x29, 0x42, 0x66, 0x81, 0x61, 0x62,
    0x6B, 0x0D, 0xE5, 0x6C, 0xA8, 0xCB, 0x2A, 0xD0, 0xB3, 0x5B, 0xCD, 0xE4, 0x21, 0x6F, 0x43, 0x81,
    0x1B, 0x4A, 0xDC, 0x50, 0xE4, 0x2A, 0xD5, 0x27, 0x6A, 0xDD, 0x7D, 0x20, 0x7B, 0xF6, 0xA1, 0xA1,
    0x83, 0x6E, 0xCC, 0xBE, 0x4D, 0xD1, 0x7A, 0x6D, 0xCA, 0xC4, 0xA9, 0xA8, 0x7C, 0xE1, 0xE6, 0x80,
    0x0C, 0x9D, 0xA2, 0x66, 0xAF, 0x5E, 0xFB, 0x7B, 0xD6, 0x6B, 0x7F, 0xA5, 0xF5, 0xDA, 0x82, 0xF5,
    0xDA, 0xD7, 0xCE, 0x46, 0x4B, 0x03, 0x29, 0xE2, 0xA5, 0x80, 0x21, 0x69, 0x91, 0x54, 0x38, 0x43,
    0x0C, 0x6E, 0xB2, 0x0D, 0x4A, 0xC3, 0x22, 0x5F, 0xD4, 0x6B, 0x81, 0x9A, 0xB2, 0x40, 0x71, 0x53,
    0xE0, 0x14, 0x39, 0x85, 0xCE, 0x10, 0x3B, 0x43, 0xF0, 0x0C, 0xD1, 0xA3, 0x5B, 0xDB, 0x18, 0xC5,
    0x6F, 0x01, 0x70, 0xCD, 0xB8, 0x3C, 0x83, 0x37, 0x6C, 0x52, 0x20, 0xD8, 0xC5, 0xBD, 0x9C, 0x34,
    0x8A, 0x2F, 0x8E, 0x3A, 0x6B, 0xFE, 0x1C, 0xF5, 0x35, 0x38, 0xCC, 0x0D, 0x44, 0x74, 0xE5, 0x02,
    0xD4, 0x3E, 0x19, 0x5D, 0x52, 0x79, 0x01, 0x6A, 0x7A, 0xCE, 0x7F, 0xFD, 0xBD, 0xF4, 0x6A, 0x17,
    0xB5, 0xDF, 0xDC, 0xF4, 0x58, 0x3C, 0x1D, 0x6A, 0x35, 0xFB, 0xD0, 0xEE, 0xA3, 0x76, 0x7B, 0xB7,
    0x06, 0x5B, 0xF8, 0xD4, 0x23, 0x5F, 0x9D, 0xAC, 0xC1, 0xDE, 0x9B, 0x6B, 0xB0, 0xD1, 0xF9, 0x35,
    0xD8, 0x73, 0x4D, 0x54, 0xFA, 0x9C, 0x26, 0x6A, 0x79, 0x15, 0x8D, 0x56, 0xD2, 0x18, 0xE4, 0x24,
    0x2C, 0x2D, 0x8A, 0x42, 0x20, 0x90, 0x11, 0x29, 0x22, 0xE2, 0xBC, 0x16, 0x90, 0x4F, 0x85, 0x89,
    0xE8, 0x94, 0x2A, 0x9D, 0x2E, 0x68, 0x51, 0x54, 0x8C, 0xFF, 0x38, 0xBC, 0xCE, 0x78, 0x98, 0x6A,
    0x91, 0x6D, 0x18, 0x63, 0xFC, 0xE8, 0x14, 0xE5, 0x53, 0x14, 0x1D, 0x8C, 0x0E, 0x47, 0x47, 0x3F,
    0xC7, 0x3F, 0x07, 0xD9, 0x19, 0x87, 0x6A, 0xF7, 0x00, 0x1A, 0x3A, 0x44, 0x1D, 0xA4, 0x8E, 0x89,
    0x0E, 0xB0, 0xA7, 0x38, 0xF8, 0x7B, 0x0A, 0xB8, 0x1B, 0xE3, 0x38, 0xE9, 0xE0, 0x3D, 0xC1, 0xCA,
    0xA2, 0xD3, 0x9A, 0xA3, 0xD6, 0x60, 0xA1, 0xAD, 0x3D, 0xA0, 0x8E, 0x19, 0xEA, 0x85, 0x9B, 0x4C,
    0x89, 0x0A, 0x01, 0x72, 0x62, 0x45, 0x7D, 0xA9, 0x56, 0x5F, 0x0F, 0xAE, 0xF8, 0xE2, 0x9A, 0x56,
    0xD7, 0x1C, 0x75, 0xD7, 0x9F, 0x93, 0xBA, 0x1F, 0x52, 0xB2, 0xD4, 0xA0, 0x07, 0xFB, 0x66, 0x6B,
    0xAF, 0xFA, 0xAA, 0xD4, 0x9D, 0x94, 0xBA, 0xE8, 0x01, 0xA9, 0xDB, 0x90, 0xBA, 0x15, 0xA9, 0x9B,
    0x83, 0xBA, 0x25, 0xA9, 0x6B, 0x53, 0xF4, 0x86, 0x41, 0xB8, 0xE8, 0x47, 0xBE, 0x50, 0x37, 0x27,
    0x75, 0x2B, 0x52, 0xB7, 0x53, 0xEA, 0x7E, 0x79, 0x0E, 0x75, 0xD5, 0x0E, 0xFD, 0x2B, 0x8D, 0x52,
    0xF9, 0x9F, 0x3C, 0x50, 0x40, 0xC9, 0xA6, 0x2B, 0x11, 0xD9, 0x36, 0xEF, 0x23, 0x29, 0x29, 0x39,
    0xE8, 0xE0, 0xB1, 0x86, 0xCB, 0x6D, 0x99, 0xAB, 0x0A, 0xD1, 0xDB, 0x90, 0xD6, 0x9A, 0x9D, 0x3F,
    0xA9, 0x4E, 0x5C, 0xBB, 0x40, 0x27, 0xF6, 0x34, 0xE4, 0xDB, 0xD1, 0x89, 0xCA, 0x38, 0xC6, 0xEF,
    0xEB, 0xC4, 0xC9, 0xAC, 0xC8, 0x55, 0x55, 0xF7, 0xB3, 0xA2, 0x43, 0x1F, 0x59, 0x25, 0x13, 0xF3,
    0x8D, 0xCD, 0xB6, 0x0D, 0x40, 0x92, 0xC4, 0xE2, 0xC3, 0x19, 0x36, 0x60, 0x27, 0x6C, 0x6C, 0xD4,
    0x06, 0x48, 0x63, 0x24, 0x6C, 0xBC, 0x6B, 0x8A, 0xDE, 0x3C, 0x5C, 0x09, 0xE3, 0x87, 0x92, 0x36,
    0xA0, 0xDE, 0x0E, 0x1B, 0xC7, 0x25, 0x6C, 0xAC, 0x69, 0x03, 0xEE, 0x9D, 0x62, 0x03, 0xAE, 0xCC,
    0x63, 0x66, 0xB8, 0xCA, 0x98, 0xB0, 0x87, 0x57, 0x68, 0x8B, 0x8D, 0xA6, 0x2E, 0xC1, 0x0E, 0x64,
    0x2F, 0x29, 0x4C, 0xA9, 0x89, 0xC0, 0x33, 0xC4, 0xDE, 0xB4, 0xCB, 0x81, 0xF5, 0x33, 0x1E, 0xAC,
    0x5A, 0xA5, 0xBF, 0x26, 0x3B, 0x98, 0x4E, 0x96, 0xC8, 0x57, 0xAF, 0x3D, 0x51, 0x4C, 0x03, 0x9A,
    0x09, 0xCB, 0xA4, 0x01, 0xC9, 0x8A, 0x8D, 0xC4, 0x34, 0x42, 0xB1, 0x56, 0x19, 0x46, 0x82, 0xD1,
    0x72, 0x2A, 0xD3, 0xC0, 0x2E, 0x92, 0x8B, 0xDC, 0x22, 0xB5, 0x9E, 0x27, 0x64, 0x97, 0x30, 0x00,
    0xF1, 0x3A, 0xC2, 0x75, 0xB9, 0xA5, 0x09, 0x0E, 0xEF, 0x6A, 0x39, 0x2B, 0x96, 0x6E, 0xC6, 0x66,
    0xF6, 0x96, 0x85, 0x9D, 0xFE, 0x59, 0x9E, 0x32, 0xE0, 0xF3, 0x43, 0xA8, 0x0E, 0x8C, 0x37, 0x3E,
    0xD9, 0xF3, 0x7F, 0xFE, 0xDA, 0x7E, 0xBC, 0x01, 0x08, 0xF8, 0x14, 0x54, 0x35, 0x13, 0x7C, 0x24,
    0x6C, 0xDB, 0x14, 0xF2, 0xDD, 0x3F, 0x75, 0x53, 0xD4, 0xDD, 0x91, 0xEE, 0x4A, 0x47, 0x85, 0xF4,
    0x22, 0x82, 0x66, 0xD1, 0xE7, 0x40, 0x42, 0x9C, 0x0E, 0x11, 0x46, 0xDA, 0x99, 0xEB, 0x1D, 0x94,
    0xFD, 0xF4, 0x77, 0x8F, 0xCA, 0x68, 0x88, 0xBA, 0x81, 0x0C, 0x56, 0xE4, 0x2A, 0x39, 0xD2, 0xE1,
    0x0B, 0x1E, 0xD1, 0x6E, 0x0E, 0x0D, 0x8D, 0xF1, 0x9F, 0x8C, 0x09, 0x05, 0xB8, 0x3A, 0x68, 0x66,
    0xE1, 0x07, 0xD7, 0x9E, 0x37, 0xB8, 0x50, 0xDF, 0x3D, 0xEA, 0x2D, 0x78, 0xA3, 0x90, 0x75, 0x60,
    0x44, 0xAF, 0xE4, 0xAD, 0x5E, 0x77, 0x7E, 0x9A, 0x3C, 0x44, 0xDF, 0x05, 0x0D, 0xEF, 0xA1, 0x37,
    0xF2, 0x09, 0xE7, 0x12, 0x33, 0x51, 0xC1, 0x16, 0xA6, 0x7B, 0xDD, 0x63, 0xFA, 0x83, 0x19, 0xBB,
    0x50, 0x9C, 0x41, 0xE2, 0xC4, 0xC2, 0x6D, 0x49, 0x2B, 0x5B, 0xD0, 0x6B, 0x17, 0x05, 0xB5, 0x81,
    0xC5, 0x89, 0x72, 0x5A, 0xDA, 0x89, 0x76, 0x79, 0x1C, 0x39, 0x93, 0xC2, 0x69, 0x9E, 0x01, 0xD4,
    0x58, 0x75, 0x25, 0x03, 0xCE, 0x25, 0x34, 0x2B, 0x2B, 0xC9, 0x55, 0x56, 0x36, 0x8F, 0xEC, 0x63,
    0xE8, 0xAB, 0xA5, 0x7A, 0xA7, 0x74, 0x78, 0x41, 0xD9, 0x9F, 0x9E, 0x07, 0xA8, 0xC9, 0xCC, 0xDA,
    0xFD, 0x96, 0xDF, 0x5F, 0x9F, 0x98, 0xAE, 0x45, 0xAC, 0x23, 0x96, 0xFD, 0xBA, 0x8D, 0x86, 0xAC,
    0x0A, 0x46, 0x71, 0x5C, 0x53, 0xA9, 0xBD, 0x43, 0x1D, 0xB7, 0xF0, 0x1F, 0xCC, 0x79, 0x63, 0xC2,
    0xBB, 0xC8, 0xC3, 0x21, 0xAB, 0xE3, 0x3E, 0x9D, 0x4A, 0x14, 0x21, 0xEB, 0x10, 0x14, 0x4B, 0xBB,
    0x93, 0x0F, 0xC6, 0xA3, 0xFC, 0xC7, 0x99, 0x70, 0x4E, 0xC0, 0x4D, 0x5A, 0xAB, 0xE1, 0x4C, 0xFC,
    0x1F, 0x68, 0x19, 0xC8, 0xA9, 0xEF, 0xAC, 0x28, 0x7C, 0xBA, 0x6B, 0x0D, 0xDD, 0xDC, 0x04, 0xF1,
    0xD6, 0x84, 0xE0, 0x9F, 0x06, 0x06, 0x88, 0x62, 0x45, 0x26, 0x28, 0xB0, 0xD9, 0xAF, 0x3A, 0xC9,
    0x0C, 0x3A, 0xF3, 0x10, 0x43, 0x44, 0xEC, 0x89, 0xB9, 0x60, 0xC8, 0xAA, 0xD9, 0x5D, 0x8A, 0xF3,
    0x6D, 0x60, 0x11, 0x1E, 0x2E, 0x49, 0x4B, 0x47, 0xB9, 0x0A, 0x8B, 0xE1, 0xFE, 0x57, 0xF6, 0x27,
    0x3A, 0xA7, 0xF5, 0x19, 0x7A, 0x91, 0xE9, 0x9A, 0x9B, 0xD2, 0x97, 0xE2, 0xCF, 0x9E, 0xB0, 0xA7,
    0xF4, 0x9D, 0xF8, 0x9D, 0xFC, 0x1D, 0x00, 0x8A, 0x80, 0x51, 0x08, 0x74, 0xCA, 0x65, 0xD4, 0x07,
    0x4F, 0x3A, 0x85, 0x51, 0x6A, 0xE1, 0x5F, 0x02, 0x65, 0xE2, 0x60, 0x14, 0x08, 0x9D, 0xCE, 0x28,
    0x35, 0x00, 0x73, 0x87, 0x49, 0xEB, 0x7A, 0xAC, 0x53, 0xB9, 0x0A, 0x23, 0xEE, 0xA9, 0x78, 0x18,
    0x05, 0xC4, 0x28, 0x22, 0x46, 0x21, 0x31, 0x8A, 0x89, 0x71, 0xA0, 0x38, 0x54, 0x1C, 0x2C, 0x27,
    0xB8, 0xC1, 0x7C, 0x20, 0x9C, 0x96, 0x25, 0x07, 0xE8, 0x66, 0xC0, 0x7E, 0x25, 0x0D, 0xE6, 0x20,
    0x32, 0xA4, 0xAC, 0xAA, 0x18, 0xE1, 0x84, 0xAF, 0x57, 0x03, 0x32, 0x96, 0xA4, 0x05, 0x84, 0x71,
    0x65, 0x4E, 0xAF, 0x49, 0x5E, 0xD7, 0x31, 0xE0, 0x91, 0x11, 0x03, 0x13, 0xC0, 0x08, 0xC8, 0x21,
    0x56, 0x40, 0x89, 0x10, 0x90, 0x53, 0xEC, 0x7C, 0x4F, 0x7E, 0xF1, 0x48, 0xB1, 0xDB, 0xEA, 0xC2,
    0x12, 0xF7, 0x53, 0xCE, 0x75, 0x45, 0x02, 0xAF, 0x0C, 0x46, 0x00, 0x66, 0x78, 0x5B, 0x13, 0x00,
    0xCE, 0xA4, 0x74, 0x5B, 0xFA, 0x26, 0x08, 0x33, 0x0F, 0x08, 0x47, 0xCE, 0xD6, 0x89, 0x38, 0x0A,
    0xC6, 0x5D, 0x15, 0x66, 0xBE, 0xB2, 0x5F, 0xB7, 0x98, 0x93, 0xB0, 0x3A, 0xEF, 0x37, 0x28, 0xC2,
    0x07, 0xAF, 0x1E, 0xC2, 0xF7, 0xFD, 0xD4, 0x45, 0xB8, 0xBB, 0xF0, 0x26, 0x8F, 0x5B, 0xCC, 0xD6,
    0x36, 0xDB, 0xF9, 0x1E, 0xC4, 0x33, 0xAC, 0xE1, 0x10, 0xE0, 0x3F, 0x6A, 0xD3, 0x9F, 0x8E, 0x28,
    0x00, 0x8D, 0xB4, 0x1E, 0x2C, 0x4F, 0x21, 0x9A, 0x04, 0x93, 0x58, 0x96, 0x6E, 0x48, 0xA5, 0x82,
    0xB7, 0x34, 0x44, 0x91, 0x20, 0x12, 0x43, 0x42, 0x48, 0x04, 0x09, 0xA0, 0xE2, 0xB7, 0x6F, 0x31,
    0x7F, 0xE9, 0x82, 0x1C, 0xBA, 0x3C, 0xAD, 0x7F, 0x9B, 0xEC, 0x4B, 0x5D, 0x73, 0x93, 0xF3, 0x90,
    0x72, 0xDA, 0xA2, 0x33, 0xD0, 0x07, 0x19, 0x26, 0x46, 0x26, 0x42, 0xB9, 0xC1, 0x21, 0x71, 0xE9,
    0x8D, 0xE0, 0xFC, 0x97, 0xE6, 0xFF, 0x01, 0xCE, 0xFA, 0xFA, 0x38, 0xA7, 0xBC, 0xF4, 0x04, 0x16,
    0x98, 0xBE, 0xE6, 0x64, 0x1A, 0xAA, 0x4F, 0xE2, 0xBC, 0xCB, 0x85, 0xE7, 0x09, 0xAF, 0xD3, 0x65,
    0x20, 0xEF, 0xCC, 0xAB, 0xB3, 0x38, 0xB9, 0xEF, 0x6D, 0x80, 0xCE, 0x1C, 0xF0, 0x31, 0x25, 0xD6,
    0xE3, 0x85, 0x03, 0x2E, 0x8A, 0xC8, 0xDE, 0xB0, 0x32, 0xFD, 0xA5, 0xE3, 0xFC, 0x9D, 0x0B, 0x96,
    0xDE, 0xFC, 0xCE, 0x2D, 0xBD, 0xA9, 0xEF, 0x3E, 0xC7, 0xD2, 0x1B, 0x55, 0x13, 0xAF, 0x27, 0x5E,
    0x51, 0xBC, 0xA6, 0x38, 0x55, 0xF1, 0xBA, 0xE2, 0x95, 0xC5, 0x6B, 0x8B, 0x57, 0x17, 0xAF, 0x2F,
    0x5E, 0x61, 0xBC, 0xC6, 0x78, 0x95, 0xF1, 0x3A, 0xE3, 0x95, 0xC6, 0x6B, 0x8D, 0x57, 0x1B, 0xAF,
    0x37, 0x5E, 0x71, 0xBC, 0xE6, 0x78, 0xD5, 0xF1, 0xBA, 0xE3, 0x95, 0x67, 0xD6, 0x1E, 0xAF, 0x3E,
    0x5E, 0x7F, 0x66, 0x05, 0x3A, 0x2D, 0x49, 0xEC, 0x9F, 0x2A, 0x49, 0x4C, 0x7C, 0xA1, 0xE8, 0xB4,
    0x24, 0xF1, 0xC5, 0x18, 0x8E, 0x6E, 0xCB, 0x8F, 0x69, 0xEA, 0x5B, 0x32, 0xA2, 0xE2, 0x52, 0x87,
    0x31, 0x52, 0x53, 0xD1, 0x1B, 0x73, 0xCA, 0xFA, 0x94, 0x57, 0x2E, 0x92, 0x05, 0x95, 0x57, 0x83,
    0xD2, 0x18, 0x24, 0x3E, 0xCA, 0xDA, 0xB0, 0x8F, 0xFB, 0xA8, 0x0D, 0x87, 0x70, 0xB3, 0x27, 0x80,
    0x97, 0x14, 0xF5, 0xBA, 0x69, 0x8F, 0xF9, 0xBB, 0xD2, 0xD1, 0x55, 0xAF, 0xFB, 0x82, 0x87, 0x2B,
    0xA8, 0xC8, 0x98, 0xA5, 0xC4, 0xCC, 0x95, 0xC1, 0xA9, 0x3D, 0x4C, 0x59, 0xD3, 0x1C, 0x25, 0x0A,
    0x01, 0x5C, 0xA2, 0x80, 0x85, 0xBD, 0x07, 0x69, 0x89, 0x4A, 0xA4, 0x96, 0xF7, 0x58, 0xA9, 0xA9,
    0x16, 0xD4, 0x19, 0xCD, 0x0C, 0xCA, 0xBD, 0x51, 0xA9, 0x37, 0x2A, 0xF3, 0x46, 0x25, 0xDE, 0xA8,
    0xBC, 0x1B, 0x95, 0x6E, 0x6A, 0x95, 0x75, 0x7E, 0x10, 0x79, 0xDE, 0xA8, 0x1A, 0x3F, 0x29, 0xD5,
    0xAC, 0x32, 0xAD, 0xD4, 0x1E, 0x01, 0xC0, 0xA2, 0xD2, 0xBC, 0x37, 0x07, 0xDB, 0x30, 0xEB, 0xBA,
    0x12, 0x0C, 0x07, 0xD8, 0x21, 0x5D, 0x26, 0x97, 0xAA, 0xFD, 0x09, 0x4A, 0x1D, 0x11, 0x97, 0xE1,
    0x98, 0xD5, 0xB8, 0xAC, 0xEC, 0xCC, 0x88, 0x6F, 0xD9, 0xD0, 0x76, 0x71, 0x5D, 0x24, 0x7F, 0x94,
    0x87, 0x89, 0xF1, 0x11, 0x9B, 0x36, 0x2E, 0xEB, 0x21, 0x35, 0x54, 0x43, 0x5F, 0x62, 0xBA, 0x92,
    0xD2, 0xFE, 0x8E, 0x53, 0x9D, 0xA2, 0x2D, 0x82, 0x9C, 0x3C, 0x4E, 0xB0, 0x83, 0xF2, 0x56, 0xE8,
    0x4E, 0x91, 0xFB, 0x95, 0xCA, 0xDF, 0xB0, 0xA1, 0xC5, 0xEB, 0x4D, 0x97, 0x11, 0xE6, 0x66, 0x59,
    0xAF, 0x4D, 0xD3, 0x47, 0xF2, 0xE9, 0x8F, 0xB7, 0xF4, 0xC7, 0xE0, 0x15, 0x83, 0xF0, 0x07, 0x5B,
    0x23, 0x57, 0x9D, 0xD5, 0x1C, 0xD9, 0xB1, 0xAF, 0x5F, 0x7C, 0xA8, 0x80, 0x76, 0x30, 0x2F, 0x56,
    0xB8, 0x74, 0x10, 0x6A, 0xD6, 0x89, 0x48, 0x89, 0xBD, 0xFF, 0x5C, 0x07, 0xA1, 0xC5, 0x9C, 0xEF,
    0xC4, 0x0E, 0x2B, 0x45, 0xEE, 0x81, 0x5F, 0x33, 0x41, 0x24, 0xF3, 0x57, 0x87, 0x8C, 0x46, 0xEB,
    0x43, 0x14, 0x03, 0x0D, 0xB9, 0x7A, 0xF1, 0x3F, 0x00, 0x44, 0x4B, 0xAF, 0x77, 0x87, 0x6B, 0x5B,
    0x75, 0x7D, 0x16, 0xB7, 0x67, 0xC0, 0x89, 0x1C, 0x70, 0x39, 0x16, 0x4B, 0x97, 0x97, 0x06, 0xD5,
    0xBD, 0xE2, 0xF7, 0xFF, 0x2C, 0xC5, 0x6F, 0xE9, 0xAB, 0xC6, 0xD0, 0x9F, 0xA6, 0x7B, 0x7E, 0xD9,
    0x59, 0xDE, 0x5D, 0x38, 0xD7, 0xE7, 0xC0, 0x39, 0x5D, 0x66, 0x38, 0x53, 0xD6, 0x48, 0x6C, 0xF5,
    0x10, 0x27, 0xB4, 0x3C, 0xED, 0x31, 0x12, 0x83, 0x16, 0x22, 0x33, 0xCD, 0xBA, 0x3E, 0x58, 0x16,
    0xC9, 0x5C, 0x36, 0x32, 0x9A, 0x57, 0xCF, 0xD1, 0x9D, 0xBD, 0xE6, 0xC7, 0x2D, 0xF4, 0xD9, 0x3B,
    0xCC, 0xEB, 0x7E, 0x2E, 0x37, 0x4C, 0x17, 0x44, 0x5F, 0x6B, 0x5F, 0xCE, 0x5F, 0x63, 0xBB, 0x84,
    0xB8, 0x89, 0xF1, 0x79, 0x5B, 0xB7, 0x9A, 0x77, 0x69, 0x4B, 0x2E, 0xB3, 0x9A, 0xDC, 0x62, 0xFA,
    0xC2, 0xB8, 0x35, 0xC0, 0x88, 0x8E, 0x37, 0x5C, 0x96, 0x55, 0x63, 0x57, 0x99, 0x44, 0xBD, 0x6B,
    0xE4, 0xF7, 0x28, 0xF0, 0x63, 0x7E, 0x00, 0x29, 0x3E, 0x93, 0x80, 0xAB, 0xF6, 0x8C, 0x25, 0x12,
    0xC3, 0x12, 0x7F, 0x6D, 0xB7, 0xFC, 0xFE, 0x8E, 0x98, 0xBD, 0x89, 0x41, 0xAC, 0x7E, 0xC6, 0x33,
    0x3E, 0xFE, 0xF7, 0x63, 0xF7, 0x29, 0xB1, 0xEA, 0x3C, 0xBF, 0x3E, 0x48, 0x26, 0x3A, 0x64, 0x9C,
    0x8F, 0x19, 0x8F, 0x03, 0x7B, 0x78, 0xE3, 0x09, 0x83, 0x44, 0x0D, 0x88, 0x56, 0x4C, 0x5A, 0x92,
    0xAF, 0x59, 0xA2, 0xAB, 0xD0, 0x86, 0xEF, 0xF5, 0xCB, 0xEA, 0x83, 0x37, 0xB6, 0x22, 0x92, 0x65,
    0x92, 0xE4, 0x4F, 0x04, 0x83, 0x00, 0xF9, 0x0B, 0x43, 0xFE, 0x4D, 0x64, 0xCB, 0x3A, 0x1A, 0x92,
    0x3A, 0x68, 0x31, 0x1B, 0x25, 0x74, 0xC3, 0xF2, 0xBF, 0xA8, 0x66, 0x10, 0x68, 0xC2, 0x45, 0x5C,
    0xCF, 0x82, 0x45, 0x39, 0x63, 0x11, 0x0F, 0xD9, 0xE3, 0x13, 0x58, 0x7C, 0xCF, 0xED, 0x5E, 0xD1,
    0x39, 0x9E, 0xD1, 0x47, 0x73, 0x2B, 0x79, 0x78, 0x79, 0x48, 0x31, 0x7F, 0xE4, 0xB6, 0x2A, 0x62,
    0x31, 0xE7, 0xF6, 0x61, 0xDD, 0xBC, 0xAD, 0xB5, 0x6B, 0x4A, 0xDA, 0x6E, 0x46, 0x8D, 0x1A, 0x54,
    0x76, 0xCF, 0x78, 0x98, 0xF7, 0x88, 0x6C, 0x1D, 0x5C, 0x36, 0x7C, 0x6C, 0x9C, 0xE0, 0xFD, 0x56,
    0x12, 0x15, 0xBD, 0x93, 0x3D, 0x85, 0x8F, 0x2D, 0xAB, 0x94, 0xBE, 0x13, 0xBF, 0x04, 0x3A, 0x90,
    0xBF, 0x5B, 0x48, 0xE2, 0x17, 0xF2, 0x0B, 0x04, 0x87, 0x3B, 0x1B, 0xBC, 0xB6, 0x0A, 0xF1, 0x1A,
    0x96, 0x93, 0xF8, 0xC4, 0x49, 0x7F, 0x14, 0x0B, 0x2B, 0xE9, 0x48, 0x58, 0xBB, 0xD0, 0x4F, 0x43,
    0x23, 0xAD, 0xCD, 0x17, 0xD5, 0x07, 0x44, 0x50, 0xA4, 0x2D, 0x29, 0x24, 0xDA, 0x0E, 0x2D, 0x33,
    0x76, 0xDD, 0x49, 0x78, 0x5E, 0x3B, 0x6D, 0xB5, 0xBA, 0xF3, 0xB0, 0x74, 0x6D, 0xC8, 0x7D, 0x89,
    0x31, 0x06, 0x46, 0x53, 0x9B, 0xB9, 0x0C, 0x15, 0xEB, 0x98, 0x77, 0x58, 0xE4, 0xB4, 0x23, 0x56,
    0xE2, 0xC4, 0x6A, 0xB3, 0xE2, 0xD1, 0x0D, 0x6D, 0x43, 0x20, 0x25, 0x4A, 0x05, 0x90, 0x57, 0xDB,
    0x57, 0x13, 0x48, 0xDD, 0x64, 0xA8, 0x25, 0xAD, 0xAC, 0xDE, 0x32, 0xC8, 0x14, 0x46, 0x3C, 0x6C,
    0x6D, 0x94, 0xB2, 0x9C, 0x89, 0xCC, 0xF2, 0x4B, 0x08, 0xA4, 0x7F, 0xFD, 0x43, 0xAE, 0xD0, 0xB5,
    0x9A, 0x50, 0x0D, 0xBA, 0x53, 0x8E, 0x87, 0x55, 0x35, 0xF8, 0x5D, 0x82, 0x80, 0x35, 0x51, 0x58,
    0xDF, 0x50, 0x7E, 0x7E, 0xFF, 0x15, 0xE5, 0xE7, 0x6F, 0x96, 0x52, 0x70, 0x46, 0x6F, 0x50, 0xB0,
    0x10, 0xAC, 0xEB, 0xD6, 0xDF, 0x0A, 0xB5, 0x64, 0xD9, 0x2D, 0x70, 0xDE, 0x26, 0xC4, 0x9F, 0x92,
    0xAB, 0x07, 0x97, 0x0C, 0x62, 0x2D, 0x54, 0xBA, 0x3A, 0x65, 0x68, 0x7F, 0x5B, 0x2D, 0x55, 0x4A,
    0xEC, 0x0F, 0x14, 0x50, 0xC3, 0xEA, 0xC8, 0xF9, 0xB6, 0x57, 0x93, 0xAB, 0xEB, 0xCD, 0x1B, 0xE4,
    0x27, 0x42, 0xBE, 0xB2, 0x47, 0x3B, 0x4D, 0x78, 0x42, 0xC7, 0x6D, 0x19, 0xF7, 0xE3, 0xEE, 0x2A,
    0xD5, 0x5F, 0xF7, 0x8A, 0x6E, 0xB7, 0x99, 0x82, 0x57, 0x59, 0x44, 0x9D, 0x04, 0xAF, 0x77, 0xE0,
    0x4D, 0x2F, 0x8E, 0x9F, 0xAB, 0x7A, 0x6B, 0xE9, 0xE3, 0x2B, 0xED, 0x15, 0x9F, 0x25, 0x7A, 0xBF,
    0xB2, 0x55, 0x1E, 0x79, 0x71, 0xBC, 0xBB, 0xCE, 0x3D, 0x3B, 0x4F, 0x64, 0x5A, 0x2F, 0x8C, 0xDE,
    0xF5, 0xF5, 0x67, 0xF3, 0x79, 0xB4, 0x2B, 0xAC, 0x77, 0x87, 0x24, 0xE9, 0xFA, 0xC4, 0x5F, 0x8D,
    0x40, 0xAC, 0x79, 0x63, 0x62, 0x09, 0x18, 0x6B, 0x6B, 0x10, 0xBA, 0x8D, 0x12, 0x01, 0x4A, 0x30,
    0x87, 0x75, 0x17, 0xE2, 0x8E, 0x13, 0x54, 0xBB, 0xD7, 0x75, 0xC0, 0xB4, 0xCC, 0x42, 0x2E, 0x9C,
    0x94, 0x49, 0x1B, 0x74, 0x15, 0x55, 0xE2, 0x48, 0x77, 0x64, 0x76, 0xBE, 0xD4, 0xC0, 0x15, 0xA1,
    0xBA, 0xE2, 0x89, 0x33, 0x30, 0xB9, 0xCB, 0x82, 0x96, 0x0D, 0x7C, 0x3C, 0x8D, 0x85, 0x37, 0x56,
    0x25, 0xDE, 0xF5, 0x99, 0x53, 0xCF, 0x64, 0x8E, 0xB1, 0x3B, 0x27, 0x3E, 0x81, 0x0F, 0x67, 0x3E,
    0x5B, 0x0D, 0x0C, 0xF6, 0x56, 0x76, 0x0B, 0x28, 0x0F, 0x91, 0x08, 0x59, 0xF7, 0x99, 0xB6, 0x3E,
    0xE3, 0xDE, 0xC7, 0x7F, 0x8F, 0xF3, 0xCA, 0x3C, 0x1C, 0x8B, 0x3A, 0x1E, 0xB3, 0xC9, 0x8E, 0x6B,
    0x6B, 0x8F, 0xC4, 0x47, 0x1D, 0x99, 0x92, 0xFA, 0xEE, 0xF6, 0x87, 0x07, 0x83, 0x9B, 0x04, 0x41,
    0x62, 0xD5, 0x5E, 0xBD, 0x67, 0x9B, 0x84, 0xDB, 0x5E, 0x26, 0xEE, 0x30, 0x82, 0xC8, 0xDE, 0x5A,
    0x44, 0x96, 0x9D, 0x2E, 0x32, 0x09, 0x86, 0xA7, 0x2D, 0x91, 0x15, 0x18, 0x86, 0xDD, 0x15, 0x59,
    0xEF, 0xA9, 0xB8, 0x27, 0xB2, 0xE2, 0xA4, 0xC8, 0x74, 0xCF, 0xE3, 0x2C, 0xB2, 0x53, 0xD7, 0x2F,
    0x9E, 0xBB, 0xC0, 0xE9, 0x03, 0x86, 0xC8, 0xE5, 0xEE, 0x26, 0xF1, 0xD1, 0x4F, 0xD1, 0x6C, 0xB7,
    0x67, 0xBD, 0xB7, 0xCF, 0xD1, 0x6B, 0x21, 0x48, 0xFE, 0x1D, 0x09, 0xEC, 0x59, 0x9C, 0x90, 0x1D,
    0x40, 0x9C, 0x74, 0xFA, 0x10, 0xA6, 0x8A, 0xD4, 0x25, 0x67, 0xDA, 0x06, 0xD8, 0xCC, 0x8B, 0xA9,
    0x04, 0xEC, 0xDE, 0xE9, 0xD1, 0xA6, 0xAD, 0xAD, 0x20, 0xE0, 0x02, 0x55, 0x82, 0xCA, 0x2D, 0xE4,
    0xDF, 0xDD, 0xC8, 0x55, 0xF2, 0x2F, 0x8B, 0xE0, 0x0F, 0x39, 0x20, 0x8D, 0x8A, 0x6B, 0xCC, 0xE2,
    0xBD, 0x37, 0xF8, 0x60, 0x91, 0x7B, 0x5E, 0xBF, 0xBF, 0xBD, 0x99, 0xE2, 0xB2, 0xA8, 0xB4, 0xDF,
    0x4B, 0xA1, 0x39, 0x52, 0x15, 0x4A, 0x8E, 0x14, 0x0E, 0x49, 0x13, 0x74, 0xDC, 0xA9, 0xE4, 0x72,
    0x24, 0xAC, 0x33, 0x87, 0x2D, 0xCB, 0x5F, 0xBA, 0x5A, 0xAB, 0x77, 0xA7, 0x6F, 0xA7, 0x67, 0xA7,
    0x5F, 0x8F, 0x3E, 0x13, 0x22, 0xC2, 0xA7, 0x9F, 0xF6, 0x9A, 0x05, 0x5D, 0xC2, 0x76, 0x5B, 0x19,
    0x79, 0x38, 0x8A, 0x44, 0x23, 0x2C, 0xB1, 0x88, 0x5B, 0x24, 0x91, 0xAD, 0xE4, 0x93, 0xEB, 0x1A,
    0xF3, 0xDB, 0x10, 0xB4, 0x9C, 0x50, 0x6C, 0xAC, 0x17, 0xB4, 0x9D, 0x05, 0x6D, 0x77, 0x05, 0x4D,
    0x7F, 0x49, 0xFB, 0x3B, 0x0B, 0x9A, 0x33, 0x60, 0x71, 0x3F, 0x0B, 0xBA, 0xF6, 0x3F, 0xDE, 0xF0,
    0x3E, 0x19, 0x1E, 0x19, 0xFE, 0x18, 0xDE, 0xB8, 0xCF, 0x06, 0xF3, 0xFE, 0xEA, 0x44, 0xF5, 0x43,
    0x04, 0xFB, 0x6E, 0x09, 0x77, 0xE1, 0x3E, 0xD3, 0xD6, 0x67, 0xDC, 0xFB, 0xF8, 0xEF, 0xAD, 0x6A,
    0x91, 0x2D, 0xEA, 0x95, 0xC5, 0x96, 0x2A, 0x11, 0x6C, 0xB1, 0xB2, 0x63, 0x26, 0x29, 0x49, 0xE6,
    0xFE, 0x18, 0x80, 0x73, 0x5F, 0x70, 0x07, 0x11, 0xFF, 0x56, 0x83, 0x08, 0xB6, 0x15, 0xC1, 0x62,
    0x49, 0x65, 0x0E, 0xC1, 0xFE, 0x1F, 0xBD, 0x57, 0x31, 0x8F, 0xDD, 0x44, 0x10, 0xFE, 0xEC, 0x8D,
    0xE2, 0x10, 0x9F, 0x58, 0x0A, 0x82, 0x90, 0x08, 0x71, 0x8A, 0x14, 0x51, 0x94, 0x8B, 0x9F, 0x44,
    0x22, 0xA5, 0x78, 0x17, 0x2F, 0x35, 0x4D, 0x8A, 0x44, 0x14, 0x20, 0xD1, 0x40, 0x43, 0x43, 0x0A,
    0x8A, 0x14, 0x97, 0xB3, 0x25, 0x24, 0x6A, 0x28, 0x10, 0x2D, 0x05, 0x0D, 0x41, 0x42, 0x14, 0x57,
    0xA4, 0x48, 0xE2, 0x05, 0x7A, 0xB4, 0xE2, 0x17, 0xB8, 0x48, 0xCF, 0x16, 0x16, 0x72, 0x14, 0xBF,
    0xB7, 0x7C, 0xB3, 0x7E, 0xEF, 0x5D, 0x12, 0x25, 0x40, 0x50, 0x12, 0xFB, 0xC6, 0x33, 0xCF, 0x3B,
    0xB3, 0xDE, 0x9D, 0x9D, 0xF9, 0x66, 0x6E, 0x36, 0xFB, 0xA7, 0x0B, 0x38, 0xF5, 0xCA, 0xF6, 0x76,
    0x7E, 0x4B, 0x75, 0x99, 0x2F, 0xC6, 0xF9, 0xEF, 0xB0, 0xFF, 0xE3, 0x3E, 0x0A, 0x20, 0x6B, 0x80,
    0xA4, 0xA3, 0xB0, 0x4B, 0x2A, 0x50, 0x85, 0xD0, 0x5C, 0xB8, 0xFA, 0x91, 0x99, 0x61, 0x8E, 0x19,
    0x3C, 0x66, 0xCA, 0x62, 0xA6, 0x41, 0xF9, 0xC5, 0x12, 0x4E, 0x03, 0xFB, 0x48, 0x1D, 0x72, 0x83,
    0x6D, 0xA0, 0x0D, 0x61, 0xE7, 0xEA, 0xFB, 0x1A, 0x4A, 0x59, 0x05, 0xAF, 0x30, 0x57, 0xC0, 0xF3,
    0xF9, 0x6B, 0xC3, 0x32, 0x84, 0xD0, 0x86, 0xFB, 0x1B, 0x81, 0xCF, 0x60, 0x0F, 0x1E, 0x6F, 0xDC,
    0xFC, 0xC6, 0x90, 0x77, 0x24, 0x5F, 0x87, 0xE0, 0xCE, 0xDC, 0x9C, 0xAE, 0xEF, 0xC2, 0xEA, 0x1A,
    0x37, 0x42, 0xBD, 0x12, 0xBA, 0xFF, 0xA2, 0xB3, 0xC0, 0xE2, 0x25, 0xFF, 0x89, 0x5B, 0xB1, 0x59,
    0xCD, 0x88, 0xCD, 0x75, 0xF0, 0x2E, 0x3E, 0x74, 0x53, 0xB9, 0xCA, 0xF3, 0xEE, 0x2A, 0x5B, 0x99,
    0xC2, 0x68, 0x93, 0x37, 0xCA, 0x24, 0x7D, 0x36, 0xEA, 0x78, 0x67, 0x63, 0x32, 0x62, 0x44, 0x9F,
    0xF8, 0xC4, 0x25, 0xCD, 0xD3, 0xDE, 0x3F, 0x79, 0x96, 0xC2, 0x94, 0xA8, 0x5C, 0x6D, 0x2B, 0xDF,
    0xBA, 0x48, 0x5D, 0x6B, 0x2B, 0xDB, 0x36, 0x95, 0xA9, 0x51, 0x9A, 0x0A, 0x9A, 0xE3, 0xDA, 0x14,
    0x50, 0x26, 0x47, 0xD2, 0x33, 0x9A, 0x47, 0xDD, 0xEB, 0xB1, 0x18, 0xF4, 0x58, 0x0E, 0xC2, 0xB3,
    0x31, 0x1F, 0x92, 0x31, 0x1D, 0x30, 0x26, 0x3D, 0xFA, 0xD4, 0x27, 0x5E, 0xB9, 0xC4, 0x29, 0x9B,
    0x34, 0xE9, 0x33, 0xEB, 0x1F, 0xAC, 0xA5, 0x7E, 0x68, 0x2D, 0xF5, 0x63, 0x6B, 0xD1, 0x71, 0x2D,
    0xC0, 0x65, 0xF1, 0x94, 0x38, 0x2D, 0xF9, 0xD7, 0xC7, 0x99, 0x1F, 0x97, 0xD3, 0xD1, 0x8F, 0x9B,
    0x23, 0xEF, 0xA0, 0x7A, 0x8E, 0xBE, 0xC0, 0x87, 0xC7, 0x6A, 0x91, 0x19, 0x7F, 0xE6, 0xFD, 0xC4,
    0x33, 0x3F, 0x91, 0x9A, 0x28, 0x7C, 0xFB, 0xD7, 0x14, 0x7D, 0x0F, 0x1E, 0x84, 0x8F, 0x95, 0x3F,
    0x16, 0xDF, 0x47, 0x9D, 0xFE, 0x21, 0x9A, 0x74, 0x65, 0x5C, 0xF4, 0xE2, 0x45, 0xBB, 0xF5, 0x1C,
    0x9B, 0x39, 0x1F, 0xFA, 0x4E, 0xD1, 0xD7, 0x8B, 0x49, 0xB1, 0x5E, 0x14, 0xFD, 0x49, 0x60, 0xC9,
    0xA0, 0x72, 0x08, 0x0B, 0x86, 0x96, 0x0B, 0x61, 0x1A, 0x63, 0x7A, 0xF9, 0x10, 0x4C, 0xE8, 0x11,
    0x0C, 0x6E, 0xC5, 0xC0, 0x2B, 0x4D, 0x6B, 0x99, 0x66, 0xCD, 0x1E, 0xA5, 0xDC, 0xB5, 0xB6, 0xF4,
    0x81, 0xA7, 0x11, 0x9A, 0xAA, 0xDB, 0x43, 0xD1, 0x94, 0x06, 0xB9, 0x43, 0xDA, 0xB7, 0x16, 0xA5,
    0x47, 0x3E, 0x06, 0x8B, 0xCA, 0x43, 0x8F, 0xA1, 0x41, 0xD5, 0x41, 0x0F, 0x7B, 0x04, 0xA8, 0x06,
    0x59, 0x77, 0x30, 0x0B, 0x0E, 0x1B, 0x08, 0x68, 0x00, 0xE2, 0x92, 0x39, 0x49, 0xE3, 0xA2, 0x0A,
    0x76, 0x96, 0x7C, 0x40, 0x04, 0x3B, 0x41, 0x64, 0xB9, 0x8E, 0x19, 0xD1, 0x6D, 0x46, 0x94, 0x7B,
    0x39, 0x08, 0xA6, 0x1C, 0x43, 0x08, 0x3B, 0x74, 0xC7, 0x98, 0xDF, 0xB8, 0x92, 0x15, 0x2F, 0x00,
    0xC1, 0x70, 0x4D, 0x82, 0x4E, 0x05, 0xE8, 0x77, 0xEC, 0x7C, 0xE6, 0x7F, 0x9E, 0xCD, 0x9B, 0xD9,
    0x11, 0x59, 0xC2, 0xF3, 0xFD, 0x3B, 0xCD, 0xFD, 0x9C, 0x20, 0xF2, 0x67, 0x5F, 0x58, 0x16, 0x08,
    0x9E, 0xFF, 0xEE, 0xBC, 0x0A, 0xCB, 0x57, 0x2F, 0x5C, 0xBD, 0xB1, 0xCD, 0xC2, 0xB0, 0x3F, 0x53,
    0xBF, 0xBA, 0x99, 0xCE, 0xCD, 0x6C, 0xBE, 0xFD, 0x12, 0x5C, 0xFB, 0x26, 0x7D, 0xCB, 0xF2, 0xF0,
    0x47, 0x87, 0xFC, 0xBD, 0x06, 0xDB, 0xE7, 0xF8, 0xB3, 0x0E, 0xE3, 0xC5, 0x9D, 0xAB, 0x1F, 0x6A,
    0x8D, 0x2D, 0xF5, 0x9B, 0xDD, 0x82, 0xF7, 0x5B, 0x98, 0x9F, 0xDD, 0xA2, 0xF6, 0x0B, 0xA5, 0xF4,
    0xFE, 0x0A, 0x44, 0x8B, 0x60, 0x32, 0x2B, 0x42, 0x1D, 0xAC, 0x8E, 0xC2, 0x22, 0xEF, 0x18, 0x9F,
    0x82, 0x1A, 0xCA, 0x57, 0x58, 0x09, 0x97, 0xA2, 0x70, 0x37, 0xEF, 0xEE, 0x60, 0x52, 0x76, 0x13,
    0x10, 0x97, 0xE1, 0xDD, 0x3E, 0x0A, 0x87, 0x87, 0x29, 0x95, 0x25, 0x93, 0xBB, 0x95, 0x30, 0xCD,
    0x27, 0x42, 0xB3, 0x12, 0xCA, 0x35, 0x76, 0x57, 0x6B, 0xE1, 0xCE, 0x5A, 0x18, 0x93, 0x1F, 0x80,
    0x4F, 0x0D, 0xE1, 0x50, 0x07, 0xAB, 0x82, 0x67, 0xD2, 0x56, 0xC1, 0x6B, 0x02, 0x7E, 0xD6, 0xD5,
    0x6A, 0x28, 0x7F, 0x59, 0x72, 0xBE, 0x3B, 0x18, 0x2B, 0xDA, 0x16, 0xCD, 0x38, 0x09, 0x25, 0xA2,
    0xB0, 0x87, 0x4B, 0xB8, 0x9B, 0x0E, 0x55, 0xB3, 0xE0, 0x7C, 0xB4, 0x2A, 0x82, 0x20, 0x7A, 0x11,
    0x6C, 0xCE, 0x79, 0x3E, 0x47, 0xBA, 0x44, 0xD2, 0x36, 0x30, 0x44, 0xD2, 0x51, 0x8D, 0x59, 0xAF,
    0x7D, 0xE1, 0x88, 0xEE, 0xD4, 0x1D, 0x18, 0x85, 0x7C, 0x2F, 0x23, 0x9E, 0x63, 0xBD, 0x1A, 0xF3,
    0x5E, 0xC6, 0x45, 0x23, 0xEA, 0xD8, 0x9A, 0x88, 0x7A, 0x97, 0x9A, 0x23, 0x86, 0xC4, 0x53, 0x9B,
    0x59, 0x6A, 0x12, 0xF0, 0xF6, 0x19, 0xFD, 0xA5, 0x06, 0x3A, 0xCB, 0xA9, 0x5E, 0x77, 0x95, 0xCB,
    0x7D, 0x49, 0x7D, 0x4A, 0x4D, 0x6B, 0x0A, 0x5B, 0x23, 0xA0, 0x6A, 0x96, 0xE9, 0x88, 0x9A, 0xFE,
    0xEB, 0x71, 0x3B, 0xED, 0xE9, 0x97, 0x41, 0x75, 0x74, 0xCA, 0xB5, 0xC4, 0x66, 0xC0, 0x21, 0xF6,
    0x2A, 0x4B, 0x6A, 0xF1, 0x0B, 0xB6, 0xA0, 0xB5, 0xF2, 0xC9, 0x80, 0xDB, 0x38, 0x7F, 0x28, 0x8E,
    0xC8, 0x98, 0x8C, 0xCA, 0x38, 0xB1, 0xDD, 0x8A, 0x8E, 0x68, 0x89, 0x9E, 0x68, 0x46, 0x5D, 0x6A,
    0x4F, 0xFA, 0x62, 0x71, 0x89, 0xF7, 0x12, 0x2D, 0xEA, 0x69, 0x4E, 0x23, 0xF3, 0x56, 0xB4, 0x2C,
    0x5D, 0x41, 0x5B, 0xDD, 0xE9, 0x2E, 0xF7, 0x19, 0x6F, 0xDA, 0x0F, 0x69, 0x4F, 0x7B, 0x6E, 0x89,
    0x33, 0xDC, 0xA0, 0xE9, 0x79, 0x66, 0xFD, 0x29, 0x40, 0x4E, 0x49, 0xC9, 0xE1, 0xE9, 0x41, 0x8E,
    0x68, 0x4F, 0x4E, 0x85, 0xA1, 0xA0, 0x3C, 0x57, 0xAE, 0x2D, 0x2D, 0x2A, 0x43, 0x5F, 0x80, 0xBD,
    0x94, 0x76, 0xA8, 0x2C, 0xBF, 0xA3, 0x46, 0x68, 0x0F, 0x22, 0x1D, 0xC1, 0xAD, 0x66, 0x54, 0x0F,
    0x48, 0x58, 0xAF, 0x6B, 0x83, 0xC2, 0xB2, 0x25, 0xDB, 0x07, 0x56, 0xBF, 0x9C, 0xC0, 0x6D, 0x42,
    0x78, 0xAD, 0x09, 0x86, 0x44, 0xD8, 0x66, 0x32, 0xE4, 0x1C, 0x75, 0x04, 0xBC, 0x93, 0x12, 0x01,
    0xAF, 0x47, 0x74, 0xDD, 0x3D, 0x87, 0xD4, 0xC0, 0xB3, 0x82, 0x59, 0xE5, 0x94, 0xD3, 0x8E, 0x40,
    0xE4, 0xB3, 0x66, 0x27, 0xEA, 0xED, 0x0B, 0x34, 0xA6, 0x5C, 0x62, 0x66, 0x73, 0xE9, 0xF8, 0xFC,
    0x09, 0x31, 0xB9, 0xBE, 0x2B, 0x0D, 0xE0, 0x39, 0x6A, 0x69, 0x97, 0x5B, 0x5A, 0x44, 0x4A, 0xCD,
    0x4E, 0xCF, 0x99, 0xD0, 0xEF, 0xC8, 0xB6, 0x1C, 0x31, 0x80, 0x5D, 0x19, 0xD7, 0x0E, 0xA6, 0x1D,
    0x43, 0xF5, 0x56, 0x6A, 0x76, 0x39, 0x95, 0xB6, 0x05, 0x27, 0xD3, 0x2E, 0x13, 0xDE, 0xA4, 0x9D,
    0xF4, 0x8F, 0xB8, 0x75, 0x4D, 0x9E, 0x67, 0x57, 0x91, 0x69, 0xE8, 0x5E, 0xB6, 0x99, 0x5B, 0x48,
    0x1C, 0xDE, 0x16, 0x9C, 0xDE, 0x16, 0x7C, 0xDC, 0x99, 0x1E, 0x89, 0xC5, 0x71, 0x1C, 0xED, 0xF0,
    0x13, 0x11, 0x1E, 0x4C, 0xA1, 0x67, 0x7E, 0x14, 0x63, 0xB2, 0x7A, 0xC4, 0x9F, 0x87, 0xAF, 0xE0,
    0x13, 0x73, 0xD0, 0xE3, 0x1C, 0xFE, 0x9E, 0x39, 0x51, 0x05, 0xE6, 0x43, 0xB1, 0x48, 0x82, 0xA3,
    0x17, 0x6B, 0xF3, 0x58, 0xF3, 0xD3, 0xC6, 0x32, 0xC5, 0x57, 0xA9, 0x9C, 0x5F, 0x4C, 0xE6, 0x98,
    0x78, 0x85, 0x59, 0xE7, 0xD9, 0x6D, 0x79, 0xC8, 0x91, 0xA6, 0x7E, 0x7D, 0xC2, 0xB9, 0x5D, 0xA7,
    0x65, 0x4C, 0xC9, 0x4B, 0x8F, 0xA8, 0xC5, 0x4C, 0xCE, 0xDD, 0x7A, 0xA2, 0xA8, 0xB1, 0xB7, 0xE9,
    0x23, 0xFA, 0x47, 0x34, 0x22, 0x54, 0xC4, 0xAF, 0xDC, 0x5D, 0x6B, 0x20, 0x02, 0xC1, 0x6B, 0x78,
    0xE4, 0x2A, 0x97, 0x06, 0x9F, 0x91, 0x52, 0x36, 0x15, 0x4A, 0x1A, 0x0B, 0xCD, 0xA5, 0x17, 0xD2,
    0xCF, 0x95, 0x8B, 0x7C, 0x59, 0x91, 0x58, 0x25, 0xD3, 0x50, 0x93, 0xA4, 0x4C, 0x8A, 0x46, 0x30,
    0x0C, 0x15, 0x22, 0x0D, 0x18, 0xFF, 0x8C, 0xB7, 0x20, 0x31, 0xC7, 0x48, 0xAA, 0xFE, 0x14, 0x81,
    0x27, 0x5B, 0x7F, 0x49, 0x92, 0xCF, 0xB7, 0x66, 0x22, 0x9A, 0x46, 0x42, 0xB1, 0x9C, 0x08, 0xD2,
    0x2E, 0x0A, 0x45, 0x3C, 0x09, 0x52, 0xF9, 0xB9, 0x04, 0x21, 0x89, 0xBE, 0x48, 0x28, 0xB9, 0xC5,
    0x52, 0x76, 0xC2, 0x60, 0x8C, 0xF4, 0x04, 0x41, 0x5C, 0x59, 0x18, 0x3C, 0xE9, 0xD2, 0x66, 0xA2,
    0x69, 0x9E, 0xA7, 0x98, 0xAF, 0xE8, 0x61, 0x5F, 0x1C, 0x89, 0x9E, 0x60, 0xEC, 0x88, 0x1F, 0x18,
    0x51, 0xE2, 0x05, 0x32, 0xF1, 0x01, 0xA3, 0x4A, 0x3C, 0x60, 0xCE, 0x4A, 0xAA, 0xD4, 0xCD, 0x71,
    0x61, 0x95, 0x0D, 0xA6, 0x88, 0x2C, 0xEE, 0xBC, 0x09, 0x36, 0xEE, 0x5B, 0x18, 0x0D, 0x84, 0x71,
    0xBF, 0xC2, 0x82, 0x44, 0x52, 0xDC, 0x2F, 0x99, 0xEC, 0x94, 0x4C, 0xF6, 0x49, 0x26, 0xAB, 0x93,
    0x66, 0x64, 0xC3, 0x92, 0x83, 0x5F, 0xB2, 0xBB, 0x30, 0xC1, 0xF5, 0xB1, 0x47, 0xF6, 0xB6, 0xDA,
    0x19, 0x81, 0xB9, 0x92, 0x69, 0xBB, 0xC9, 0xCE, 0xC5, 0xFD, 0xD4, 0x1B, 0x97, 0x34, 0x5C, 0xC5,
    0x3D, 0xC9, 0x85, 0x32, 0x2C, 0x25, 0x43, 0xE4, 0x3F, 0x90, 0xD4, 0xA9, 0xE0, 0xDA, 0x8E, 0x49,
    0x1C, 0xD8, 0x08, 0xA5, 0x36, 0x23, 0x80, 0xF7, 0x44, 0xBE, 0x05, 0xB2, 0x41, 0xF7, 0x6A, 0x41,
    0xF0, 0xD0, 0x63, 0x3A, 0x31, 0xA2, 0x0F, 0x5F, 0x4A, 0xF0, 0xE4, 0x7D, 0x64, 0xA5, 0x17, 0x96,
    0x84, 0xAE, 0x20, 0xD3, 0x31, 0x37, 0x18, 0x01, 0x46, 0x58, 0x7B, 0x4F, 0x52, 0x8D, 0xE0, 0x23,
    0x8C, 0xF6, 0xC2, 0x08, 0x27, 0x28, 0x26, 0xA6, 0x37, 0x4C, 0x22, 0x35, 0xB9, 0xFC, 0xF8, 0x81,
    0xF5, 0x31, 0xA9, 0xD2, 0x38, 0xDF, 0x64, 0xB7, 0x88, 0x4C, 0x00, 0x6A, 0x5D, 0xC1, 0x58, 0x2E,
    0xBE, 0x62, 0x87, 0x92, 0xB3, 0x13, 0x64, 0x57, 0xFF, 0x75, 0x70, 0x35, 0xCF, 0xE4, 0x2D, 0x9E,
    0x13, 0x9B, 0x89, 0x76, 0x5D, 0xDD, 0xA6, 0x3A, 0x40, 0x68, 0xE8, 0x95, 0xA0, 0x8E, 0x49, 0xC7,
    0xCC, 0x6B, 0x57, 0x5A, 0xD6, 0x10, 0x5F, 0xB2, 0x76, 0xB0, 0x8E, 0x38, 0xA9, 0x1F, 0x9A, 0x75,
    0xA1, 0x36, 0x81, 0x20, 0x58, 0x35, 0x81, 0xF0, 0xC8, 0x77, 0xC9, 0x82, 0x5F, 0xAC, 0xB0, 0x48,
    0xA5, 0x68, 0xB2, 0x0A, 0x29, 0xCF, 0x5C, 0x1A, 0x62, 0x49, 0x69, 0xA4, 0xC6, 0x28, 0xC3, 0xFA,
    0xF0, 0x37, 0xED, 0x52, 0x31, 0xAE, 0xD5, 0x30, 0x10, 0x9C, 0xC4, 0xA0, 0x5F, 0xA4, 0xC8, 0x2F,
    0x3E, 0x05, 0x55, 0x8E, 0x90, 0x23, 0xD8, 0x47, 0xA0, 0xE0, 0x5F, 0x81, 0xF6, 0xB5, 0xD0, 0x60,
    0x1F, 0x81, 0x1B, 0xD0, 0xD0, 0xD1, 0x52, 0x21, 0x24, 0xFB, 0x08, 0x69, 0xE8, 0x53, 0xF0, 0x6A,
    0x5C, 0x44, 0x28, 0x20, 0xC7, 0xCB, 0x6C, 0x12, 0x7E, 0x45, 0x41, 0x41, 0x41, 0x41, 0xE4, 0x51,
    0x64, 0xEF, 0xAE, 0x77, 0x66, 0xBC, 0x88, 0x33, 0x8C, 0x14, 0xF4, 0x22, 0xB0, 0xC9, 0x07, 0xEB,
    0xC6, 0x14, 0x31, 0x4C, 0x15, 0xBD, 0x62, 0x3E, 0xB1, 0xEF, 0x05, 0x03, 0x63, 0x63, 0xB2, 0x9A,
    0x75, 0x15, 0xD6, 0x14, 0xB4, 0x92, 0x81, 0x27, 0xE0, 0xF7, 0x09, 0x68, 0x2B, 0x70, 0x43, 0xF4,
    0xC4, 0x48, 0xBC, 0x26, 0xD6, 0x0A, 0x93, 0x59, 0x9D, 0x2A, 0xAC, 0xAB, 0x88, 0x22, 0xB3, 0x88,
    0x2C, 0xFC, 0x2F, 0x00, 0xE3, 0x0F, 0xD8, 0x88, 0x3B, 0x58, 0x91, 0x40, 0x24, 0x2B, 0xDF, 0x61,
    0x79, 0xF2, 0x0B, 0xFE, 0xB2, 0xC2, 0x93, 0xA3, 0xD7, 0x58, 0x18, 0x27, 0x36, 0x99, 0x4F, 0x4C,
    0x4F, 0xC9, 0xC9, 0x5F, 0x63, 0xD0, 0xF8, 0x20, 0x2B, 0x70, 0xEF, 0x80, 0x8E, 0x29, 0x96, 0xDC,
    0x24, 0xC1, 0x28, 0x25, 0x76, 0xD3, 0x2A, 0xFB, 0x75, 0xE1, 0x1D, 0xE4, 0x71, 0x8D, 0x4E, 0xF5,
    0x1C, 0xCC, 0xFA, 0x44, 0x35, 0x29, 0x86, 0x31, 0xD8, 0x2B, 0x15, 0xCA, 0x86, 0x1B, 0xA5, 0x77,
    0x0F, 0xE5, 0x1B, 0xC8, 0x37, 0x5D, 0x44, 0xDC, 0xCE, 0xD3, 0x14, 0x6A, 0x5C, 0x8E, 0xD6, 0x63,
    0xE2, 0x85, 0x3C, 0x8E, 0x87, 0x84, 0x96, 0x21, 0xB3, 0x1E, 0xE1, 0x2E, 0x9F, 0xEC, 0x98, 0xD2,
    0x30, 0xDC, 0xC4, 0x2F, 0x87, 0xC7, 0xBC, 0x8F, 0x2E, 0xEF, 0x3E, 0xEA, 0xDF, 0x7E, 0x13, 0x74,
    0xE4, 0xDC, 0xB2, 0xE7, 0xF0, 0x43, 0x9C, 0x4F, 0x56, 0xB9, 0xEC, 0xDE, 0x93, 0xDF, 0x14, 0x3F,
    0x47, 0x7A, 0x21, 0xAE, 0x3B, 0x75, 0x35, 0xF1, 0xCD, 0xEE, 0xBB, 0x55, 0x2F, 0x82, 0x77, 0xBC,
    0x27, 0xD4, 0x53, 0xC7, 0xA1, 0xC1, 0x6B, 0x7E, 0x18, 0x58, 0xD3, 0x7C, 0xF4, 0xEC, 0xAC, 0x7C,
    0x59, 0x3B, 0xCE, 0x68, 0xE8, 0x85, 0x3E, 0x11, 0x9E, 0x01, 0xB7, 0x77, 0xA8, 0xAA, 0x6C, 0x92,
    0xB7, 0x73, 0x35, 0x79, 0x33, 0xB9, 0x3C, 0xAC, 0x76, 0xD1, 0xD5, 0xE8, 0xBA, 0x65, 0xEE, 0xDF,
    0x9A, 0x90, 0x97, 0x6A, 0xD0, 0x50, 0x10, 0x0B, 0x78, 0xFC, 0xA2, 0xE8, 0xF6, 0xB7, 0xEB, 0x7D,
    0x7D, 0x27, 0x52, 0xA2, 0xAC, 0x8D, 0xB8, 0x41, 0xB2, 0x95, 0x22, 0x66, 0x2B, 0xA8, 0x1F, 0x68,
    0x72, 0xBB, 0xA1, 0x2B, 0xF0, 0x4B, 0x2B, 0x73, 0x2F, 0xCE, 0xF2, 0x31, 0x13, 0x04, 0x8F, 0x64,
    0xFF, 0xAC, 0xAC, 0x1D, 0xC7, 0x46, 0xA7, 0x27, 0xA3, 0x5B, 0xF4, 0x31, 0x28, 0x7D, 0xD4, 0x64,
    0x23, 0xB9, 0xE5, 0x93, 0x72, 0x6B, 0xF6, 0x1E, 0xA6, 0xBC, 0xBA, 0xAC, 0x22, 0x39, 0x4A, 0x78,
    0xFC, 0xFC, 0xFF, 0xF4, 0xFE, 0x33, 0xD3, 0x1B, 0xFF, 0x68, 0x7A, 0x7F, 0x02, 0x5D, 0x90, 0xCD,
    0x0D, 0x83, 0x30, 0x0C, 0x85, 0x5F, 0x84, 0x04, 0x87, 0x1C, 0xE8, 0x06, 0x19, 0x81, 0x11, 0x92,
    0x11, 0xBA, 0x51, 0x32, 0x44, 0xC7, 0xA9, 0x44, 0x46, 0x60, 0x04, 0x0E, 0x1D, 0x80, 0x03, 0x07,
    0x90, 0x0A, 0xAE, 0xED, 0x54, 0x80, 0xB8, 0x7C, 0x42, 0xB1, 0x79, 0x3F, 0xF6, 0x44, 0x34, 0x7B,
    0x41, 0x2D, 0x40, 0x04, 0x6E, 0x78, 0x0A, 0x70, 0x05, 0x51, 0x3E, 0x10, 0x6E, 0x53, 0x96, 0xFA,
    0xE3, 0x36, 0x30, 0xFD, 0x0B, 0x70, 0xE7, 0x14, 0x96, 0x12, 0xB3, 0xA7, 0x05, 0xA8, 0x48, 0x9E,
    0xEC, 0x86, 0x98, 0xE0, 0x46, 0xB8, 0x0C, 0x9F, 0xD1, 0xB2, 0x7E, 0x80, 0xE1, 0x15, 0xD9, 0xC6,
    0x7E, 0xE1, 0x76, 0xB2, 0xE7, 0x5F, 0x47, 0x30, 0x68, 0x92, 0x38, 0xFC, 0x5D, 0x2C, 0xE1, 0x83,
    0x52, 0x3C, 0xD0, 0x15, 0x66, 0xA1, 0x3B, 0xF8, 0xD0, 0x97, 0xB7, 0x6E, 0x7E, 0x11, 0x57, 0x21,
    0xD1, 0xD0, 0x2C, 0x95, 0xCA, 0x35, 0x73, 0xC3, 0x1D, 0xAB, 0x84, 0x6E, 0x55, 0xA3, 0x55, 0x33,
    0xAB, 0x81, 0xD0, 0x50, 0xB2, 0x23, 0xAA, 0x2F, 0xEC, 0x80, 0x76, 0x82, 0xCD, 0xA2, 0xC9, 0x64,
    0x47, 0xCE, 0xEC, 0x35, 0x83, 0x26, 0x6F, 0x59, 0x2C, 0x49, 0x73, 0xBE, 0xD5, 0x35, 0x39, 0x9F,
    0x61, 0x57, 0x6E, 0x47, 0xAF, 0xD2, 0x34, 0x96, 0xE4, 0x25, 0xE7, 0xA4, 0x12, 0x7B, 0x30, 0x83,
    0x5E, 0x29, 0x6B, 0x63, 0x5E, 0xA8, 0xE9, 0x83, 0x1F, 0xA5, 0x54, 0xBD, 0x8E, 0xD3, 0x40, 0x10,
    0x9E, 0x64, 0x4F, 0xD9, 0x3B, 0x2D, 0xB0, 0x34, 0x48, 0x14, 0x27, 0x99, 0x1A, 0x81, 0xCC, 0x0B,
    0x90, 0x75, 0x47, 0x49, 0xE5, 0xAB, 0x79, 0x03, 0x78, 0x01, 0x62, 0x77, 0xB4, 0x3C, 0xC2, 0x95,
    0x60, 0x0A, 0x1A, 0x4A, 0x94, 0x2C, 0xA4, 0x48, 0x41, 0x61, 0x77, 0x94, 0x44, 0xBA, 0xE2, 0x24,
    0x1A, 0x2C, 0xE1, 0xC2, 0x12, 0x36, 0x66, 0x7E, 0x9C, 0xD8, 0x77, 0x12, 0x82, 0x83, 0x4D, 0xE6,
    0x53, 0xE2, 0xDD, 0x9D, 0xF9, 0x66, 0xE6, 0x1B, 0xC3, 0x21, 0xD0, 0x72, 0x8C, 0x2D, 0x81, 0xAA,
    0x08, 0x6D, 0x31, 0x3C, 0xEE, 0x68, 0x15, 0x82, 0x49, 0x7C, 0x92, 0x65, 0x69, 0x90, 0xD2, 0x73,
    0xBD, 0x25, 0x9C, 0xD4, 0x7C, 0x68, 0xC5, 0x78, 0x9F, 0xF1, 0x80, 0x71, 0x1A, 0x89, 0x1B, 0x87,
    0x0E, 0xBB, 0x16, 0xD4, 0x8F, 0x6F, 0xA9, 0xDD, 0x7C, 0xDA, 0x3A, 0xFD, 0xB1, 0x7E, 0xA8, 0xFD,
    0xBB, 0x03, 0xED, 0x6F, 0x82, 0xF6, 0xB0, 0x37, 0x73, 0x45, 0x03, 0x38, 0xE2, 0x38, 0x61, 0x34,
    0x10, 0x16, 0xF2, 0xD0, 0xF4, 0x49, 0x31, 0x67, 0x2F, 0xCC, 0xB3, 0xEC, 0x75, 0xFC, 0x94, 0x79,
    0x2F, 0x06, 0xDA, 0x92, 0x42, 0xC0, 0xDE, 0x2C, 0xEC, 0xD6, 0x2C, 0xBD, 0x1A, 0x13, 0x7D, 0xD1,
    0x8E, 0xB5, 0x7F, 0xB6, 0xD0, 0x1F, 0xEA, 0xF0, 0xC5, 0xA6, 0x34, 0xE7, 0xB9, 0x9F, 0x74, 0x1D,
    0x40, 0x82, 0x9C, 0x82, 0x52, 0xCE, 0xC8, 0xD2, 0x00, 0xF8, 0xDB, 0x7A, 0x55, 0x72, 0xA1, 0x1B,
    0xFE, 0x3A, 0xA0, 0xBF, 0xD6, 0x5B, 0xDC, 0x52, 0xA5, 0x23, 0xE6, 0x8D, 0xA0, 0x3C, 0x91, 0x5D,
    0x39, 0x09, 0x09, 0x5F, 0x09, 0xD8, 0x03, 0x7A, 0x2B, 0x60, 0xB4, 0x28, 0x0E, 0xC5, 0xC3, 0xB8,
    0x18, 0x3F, 0xD2, 0xDF, 0xF3, 0x22, 0x58, 0xAF, 0x2B, 0xA7, 0x7C, 0x73, 0x4D, 0xF9, 0x07, 0xA0,
    0xC8, 0xDD, 0xEF, 0xED, 0x50, 0xF9, 0x3B, 0x74, 0x96, 0xEE, 0xE8, 0xB3, 0xBC, 0x20, 0x1F, 0x90,
    0xB4, 0x17, 0x73, 0xD0, 0x58, 0xA7, 0x60, 0xBB, 0x8B, 0x01, 0xFA, 0xFC, 0x8B, 0xA7, 0x9C, 0x13,
    0xCC, 0xFD, 0x1E, 0xD6, 0xE0, 0x72, 0x5D, 0xC8, 0xA8, 0xEB, 0xD8, 0xFD, 0xCA, 0x3D, 0x5A, 0x57,
    0xF6, 0x73, 0x5E, 0xA0, 0x2A, 0x22, 0x52, 0x07, 0xAB, 0x04, 0x7B, 0x98, 0xBD, 0xF9, 0xFA, 0x0A,
    0xB3, 0x6D, 0xC9, 0xFA, 0x4C, 0x9A, 0x3F, 0xDA, 0x0D, 0x34, 0x17, 0x35, 0xA8, 0xDF, 0x06, 0x05,
    0xD0, 0x98, 0x02, 0xEA, 0x30, 0x85, 0x7A, 0xD5, 0x75, 0x75, 0x82, 0x46, 0x02, 0x31, 0x48, 0x73,
    0x4A, 0x2D, 0x5F, 0xF6, 0x8A, 0x39, 0x1A, 0x4A, 0xE5, 0xFE, 0xCA, 0x4E, 0xC1, 0xA1, 0x66, 0x1C,
    0x3A, 0x98, 0x43, 0x98, 0xCE, 0xD1, 0xE3, 0x1C, 0x3D, 0x62, 0x6F, 0x5A, 0xC7, 0x5C, 0xA7, 0x98,
    0x00, 0x46, 0x66, 0xE7, 0xCB, 0x5E, 0x5F, 0xA7, 0xFB, 0x18, 0xB7, 0x46, 0x63, 0x86, 0x38, 0x63,
    0xC4, 0x31, 0x92, 0x2E, 0x3A, 0x98, 0x70, 0x47, 0x35, 0x4B, 0x81, 0xA6, 0x2B, 0x04, 0xEE, 0x7A,
    0x8F, 0xE3, 0x79, 0x9B, 0xCA, 0xBC, 0x2D, 0x45, 0xFB, 0xBC, 0x61, 0xE0, 0xF2, 0xD2, 0x8C, 0x72,
    0x2D, 0xE1, 0xDF, 0x7C, 0x4B, 0xF1, 0x24, 0x58, 0x46, 0x97, 0xE1, 0x7A, 0xD9, 0x8C, 0xE7, 0x65,
    0xB4, 0x2B, 0x27, 0xE5, 0x56, 0x4F, 0xDB, 0xA6, 0x83, 0xE7, 0x7E, 0x3D, 0x21, 0x3E, 0x74, 0xD9,
    0x74, 0x44, 0xE6, 0x31, 0xF6, 0xB8, 0x33, 0x25, 0x86, 0x31, 0x0D, 0xD8, 0x0E, 0x1F, 0x3A, 0x67,
    0x72, 0x7F, 0xDD, 0x99, 0x0D, 0x3A, 0xA1, 0x49, 0xF9, 0x47, 0xB8, 0x3B, 0x4B, 0x87, 0xA0, 0xC7,
    0x8C, 0xF3, 0x51, 0x86, 0x58, 0x18, 0xA2, 0x5B, 0x33, 0xFE, 0x04, 0x4A, 0xEC, 0xAD, 0x6C, 0xF0,
    0x48, 0x18, 0x79, 0x77, 0x45, 0x1D, 0x8B, 0x4A, 0x4E, 0xEE, 0xCB, 0x29, 0x15, 0x14, 0x6F, 0xB7,
    0xF7, 0x31, 0x38, 0xE0, 0x7F, 0x30, 0xE6, 0x94, 0x39, 0x79, 0x2E, 0x03, 0x17, 0x84, 0x4B, 0x23,
    0x45, 0xE2, 0x72, 0x71, 0xE1, 0x58, 0x22, 0x13, 0xFC, 0xD0, 0x74, 0xF0, 0xCC, 0x7A, 0x12, 0xC1,
    0x82, 0x7A, 0x32, 0x69, 0xE3, 0x78, 0x05, 0x9A, 0xDF, 0x61, 0x01, 0x61, 0xC9, 0x34, 0xEB, 0xE7,
    0x84, 0xEF, 0xC3, 0x38, 0x8E, 0x4F, 0xAA, 0x51, 0xB7, 0x22, 0x6A, 0x23, 0xEE, 0xB9, 0x88, 0xA4,
    0x68, 0x3D, 0x49, 0x5E, 0xA5, 0x6A, 0x57, 0xB9, 0x5F, 0xC5, 0x59, 0xBD, 0x72, 0xDC, 0xD6, 0x15,
    0xBE, 0x00, 0x24, 0x61, 0xC6, 0x28, 0xC0, 0x22, 0x6A, 0xAC, 0x02, 0x29, 0x52, 0xB8, 0xC8, 0x08,
    0x29, 0x53, 0x2C, 0x09, 0x64, 0xFC, 0x00, 0x51, 0x21, 0xBA, 0x55, 0xED, 0xA4, 0x50, 0x93, 0x72,
    0x45, 0xE0, 0x11, 0xD8, 0xA4, 0x49, 0x9D, 0x22, 0x61, 0xA3, 0x26, 0x05, 0x0B, 0x92, 0xC0, 0x58,
    0x2F, 0x80, 0xC2, 0x93, 0x26, 0x85, 0x91, 0x19, 0xD9, 0x29, 0x52, 0x08, 0x05, 0x32, 0x82, 0x24,
    0x2C, 0x6E, 0xCE, 0xF7, 0x9D, 0xBB, 0xBB, 0x58, 0x72, 0xA9, 0x51, 0xAC, 0x71, 0x04, 0x5B, 0xE7,
    0x6A, 0x81, 0x73, 0xCF, 0x3D, 0xFF, 0x3F, 0x57, 0x59, 0x69, 0x8C, 0x49, 0xCB, 0xAC, 0x96, 0x25,
    0xCB, 0x93, 0x56, 0x96, 0xCA, 0xC4, 0x9D, 0x2C, 0x2B, 0x13, 0xF5, 0xC6, 0x78, 0xA3, 0x09, 0x06,
    0x63, 0xFC, 0xC1, 0x04, 0xA3, 0x31, 0x41, 0x67, 0xBC, 0x95, 0x31, 0x91, 0x7C, 0xB7, 0x67, 0x67,
    0xCF, 0x1B, 0x41, 0xB6, 0xD6, 0xCA, 0xDE, 0x42, 0x16, 0xA1, 0x24, 0x64, 0x32, 0xD9, 0x9A, 0x34,
    0xE6, 0x44, 0x96, 0xB8, 0x15, 0x22, 0xC4, 0x96, 0xAD, 0x26, 0xEC, 0x7D, 0xA1, 0x27, 0x64, 0x02,
    0x50, 0xF7, 0xC7, 0x10, 0x67, 0x99, 0x29, 0xC2, 0xC9, 0xA6, 0x8A, 0xB9, 0x14, 0x4F, 0x72, 0x2C,
    0x59, 0x05, 0x68, 0xD2, 0x89, 0x4B, 0x3C, 0xEA, 0x32, 0x70, 0xD1, 0x6D, 0xC6, 0x53, 0x58, 0x09,
    0x0B, 0x89, 0x15, 0x84, 0xE2, 0x4F, 0xD6, 0x98, 0x3F, 0x98, 0x02, 0xE2, 0x24, 0xB5, 0x1E, 0xAE,
    0x8C, 0x9A, 0x10, 0x80, 0x87, 0x06, 0xBD, 0xEC, 0x78, 0xDD, 0x9B, 0xC8, 0xDA, 0xDE, 0x64, 0xDF,
    0x16, 0xBD, 0x99, 0x44, 0x48, 0xC8, 0xD6, 0x09, 0x52, 0xD0, 0xC5, 0x8D, 0x20, 0x0B, 0x27, 0x61,
    0x9B, 0x96, 0x26, 0x6A, 0xB2, 0xD2, 0xC4, 0x75, 0x96, 0x2B, 0x48, 0x73, 0x01, 0x99, 0xE8, 0x48,
    0x44, 0x93, 0x0F, 0xA3, 0x49, 0x6B, 0xA1, 0x99, 0x74, 0x22, 0xAB, 0x90, 0xCB, 0x8D, 0x6F, 0xC1,
    0xDF, 0x7D, 0xE1, 0x3F, 0x13, 0x5D, 0xE4, 0x00, 0x75, 0x66, 0xDF, 0x56, 0xE0, 0x25, 0xFD, 0x10,
    0x90, 0x60, 0xC7, 0x16, 0x7C, 0xE8, 0x36, 0x82, 0x02, 0x07, 0xC1, 0x06, 0x04, 0xD4, 0xA1, 0x31,
    0x07, 0xC6, 0xDC, 0xBB, 0x3A, 0x35, 0xE7, 0x30, 0xD2, 0xE4, 0x8F, 0x60, 0xD3, 0xFE, 0xA3, 0x33,
    0xE9, 0x1B, 0xF3, 0x54, 0xC8, 0x0B, 0x63, 0xBE, 0x35, 0x1E, 0x54, 0x6C, 0x69, 0xE2, 0xC0, 0xD6,
    0x50, 0x57, 0xFC, 0xAA, 0x86, 0xEA, 0xB2, 0xDF, 0xB6, 0x50, 0xE3, 0x2A, 0xEA, 0xE4, 0x08, 0x7F,
    0x08, 0x3B, 0x91, 0x39, 0x6A, 0x83, 0x0E, 0x9A, 0x28, 0x83, 0x5E, 0x96, 0x2B, 0x83, 0x05, 0xFE,
    0x21, 0x0B, 0xD5, 0x27, 0xFE, 0x23, 0xBA, 0x13, 0xCC, 0x0C, 0x9A, 0x4F, 0xEB, 0x11, 0x56, 0x48,
    0x5E, 0x88, 0xD5, 0xE3, 0x26, 0x7E, 0xD5, 0x80, 0xD1, 0x08, 0xCC, 0x15, 0x79, 0x20, 0xC7, 0x7A,
    0x16, 0x0C, 0x98, 0x08, 0x8C, 0xBD, 0xF4, 0x2A, 0x61, 0xEC, 0x3B, 0xCA, 0x5D, 0xF8, 0xD6, 0x8A,
    0xDB, 0x2C, 0xCD, 0xE7, 0x53, 0x4E, 0x21, 0xDC, 0x43, 0xA9, 0xA2, 0x06, 0x30, 0xE9, 0xE8, 0x25,
    0x84, 0x05, 0xDD, 0xE2, 0x8A, 0x3E, 0x32, 0xC0, 0xDD, 0xFC, 0x7E, 0xA2, 0xBD, 0x0B, 0x98, 0xBE,
    0x11, 0x46, 0x61, 0x3F, 0x11, 0x25, 0x2E, 0x21, 0x50, 0x9A, 0x53, 0x3A, 0xBA, 0xF8, 0x09, 0x5D,
    0x83, 0x0E, 0x0E, 0x31, 0x46, 0xD9, 0x0A, 0xF7, 0x86, 0xAB, 0x88, 0x5F, 0xB4, 0x8C, 0x04, 0xF8,
    0x36, 0xC4, 0x12, 0xD7, 0x06, 0xA9, 0xB4, 0xA6, 0x7F, 0xB7, 0xD5, 0xDB, 0xB3, 0x33, 0xDB, 0x59,
    0x3C, 0x0E, 0x42, 0xF1, 0xB6, 0x47, 0x38, 0xD8, 0xB1, 0x90, 0xAF, 0xCF, 0x47, 0x1C, 0x1A, 0xF4,
    0x69, 0x03, 0x0F, 0xC4, 0xA1, 0x71, 0x8B, 0x43, 0xE3, 0x3A, 0xEC, 0x11, 0x71, 0x08, 0xA7, 0x2C,
    0xF7, 0xE1, 0xBA, 0xB4, 0xC2, 0x25, 0xEC, 0x80, 0x40, 0x29, 0x72, 0x4F, 0x44, 0xCA, 0x4A, 0xB0,
    0x91, 0xD6, 0xE0, 0x30, 0x69, 0x20, 0x76, 0x0C, 0xCF, 0x14, 0xBD, 0x26, 0xE2, 0xE2, 0xC1, 0x90,
    0x31, 0x86, 0x8E, 0x10, 0x03, 0xAB, 0x4B, 0x06, 0x12, 0x35, 0x50, 0xF5, 0x5B, 0xCD, 0x64, 0x8C,
    0x14, 0xA0, 0x1B, 0x73, 0x87, 0x2A, 0xFC, 0x3D, 0x34, 0x1B, 0x5A, 0x40, 0xF8, 0xE7, 0xCA, 0xB3,
    0xDF, 0x42, 0x49, 0x2B, 0x86, 0x17, 0xF7, 0xA4, 0xD4, 0x6F, 0xC6, 0x3D, 0x05, 0xF7, 0x68, 0x28,
    0x6A, 0x24, 0x52, 0xD2, 0x91, 0x70, 0xA5, 0xD0, 0xBD, 0x9F, 0x61, 0x16, 0x1A, 0xC1, 0xF5, 0x96,
    0x5A, 0x4C, 0x9E, 0x42, 0xA2, 0x7A, 0xF6, 0x25, 0x3F, 0xDB, 0x2D, 0x27, 0xCA, 0x95, 0x3C, 0x9F,
    0x73, 0x7F, 0xB6, 0x81, 0x7B, 0xB8, 0x95, 0x50, 0x0D, 0x69, 0xA0, 0x18, 0xFE, 0x06, 0xEF, 0x17,
    0x33, 0x31, 0x4C, 0xC1, 0xAD, 0xC0, 0x0A, 0xAA, 0x05, 0xB7, 0xD9, 0x2D, 0xDC, 0x8E, 0xE0, 0x56,
    0xC8, 0x08, 0xA6, 0x64, 0x03, 0xB8, 0x62, 0x07, 0x6E, 0x91, 0x55, 0x52, 0x55, 0x73, 0x0F, 0x35,
    0x87, 0x13, 0xF4, 0xE6, 0x69, 0x2C, 0x15, 0x73, 0x6E, 0x2B, 0x42, 0x2A, 0xDB, 0x23, 0x64, 0x56,
    0x73, 0xCF, 0x3D, 0xE2, 0x10, 0xDF, 0xE7, 0x89, 0x31, 0xA5, 0x4E, 0xDB, 0xAD, 0x4E, 0xE6, 0x5A,
    0x25, 0x57, 0xFD, 0x0E, 0xBC, 0x4D, 0x93, 0xB4, 0x4E, 0x8C, 0x88, 0x30, 0x4A, 0xD9, 0x71, 0xC5,
    0x13, 0x45, 0x3D, 0x6F, 0x9C, 0x56, 0xDB, 0xB5, 0x72, 0xA9, 0x73, 0x5B, 0x2A, 0xA5, 0xC6, 0x6C,
    0x4D, 0xCC, 0x44, 0x4E, 0xBF, 0x31, 0x33, 0xD3, 0xBA, 0x33, 0x85, 0xBD, 0x8C, 0x9C, 0x5C, 0x5B,
    0xCC, 0x96, 0xF5, 0x35, 0xA6, 0x9D, 0x6F, 0xF7, 0xC7, 0x39, 0x69, 0x77, 0x90, 0x1E, 0x0B, 0x26,
    0x1C, 0x4B, 0x5B, 0x06, 0xC1, 0xAE, 0xF9, 0xB3, 0x52, 0xD0, 0x3D, 0xE6, 0xD2, 0x38, 0xCF, 0xD8,
    0x23, 0x4A, 0x52, 0x52, 0x14, 0xB1, 0x4C, 0xD6, 0x30, 0x09, 0xE0, 0x04, 0xE4, 0x9C, 0x6D, 0x4D,
    0x82, 0x19, 0x26, 0xB5, 0x49, 0xA5, 0x44, 0x6F, 0x15, 0x25, 0xCD, 0x29, 0x4A, 0x42, 0x77, 0x01,
    0x51, 0xAB, 0x99, 0x65, 0x62, 0x79, 0xA1, 0x28, 0x52, 0x10, 0xB8, 0xF4, 0x14, 0xC5, 0x1B, 0x54,
    0x14, 0xBB, 0x4F, 0x14, 0xA7, 0x07, 0xF5, 0x5B, 0x78, 0x9F, 0x51, 0xA2, 0xEB, 0x07, 0x28, 0xA7,
    0xBA, 0x4C, 0xBA, 0x58, 0xFD, 0x58, 0xA8, 0x96, 0x22, 0x95, 0xDF, 0x5F, 0xED, 0xA8, 0x55, 0x52,
    0x8F, 0xB2, 0xAB, 0x4B, 0xEE, 0x96, 0x5B, 0xED, 0x10, 0xAC, 0xE6, 0xC4, 0x24, 0x9B, 0xBA, 0x83,
    0x66, 0xC7, 0x0A, 0x13, 0x9F, 0x9D, 0x1D, 0xE3, 0x71, 0xAA, 0xB0, 0x65, 0xA1, 0x6B, 0x9D, 0xBA,
    0xDF, 0x86, 0xE9, 0xB2, 0x31, 0xFB, 0xD7, 0x5A, 0x33, 0xC3, 0xC7, 0xAC, 0x50, 0x0F, 0xE8, 0x7D,
    0xE8, 0x9A, 0xBD, 0x6F, 0x6D, 0xDF, 0xBF, 0xA2, 0x9A, 0x81, 0x6F, 0xAC, 0x09, 0x54, 0xD4, 0x6C,
    0xE3, 0xF4, 0xEC, 0xEC, 0xAF, 0xC7, 0x8F, 0x54, 0x0D, 0xE3, 0xCE, 0x32, 0xAC, 0xDB, 0x8D, 0xC0,
    0x19, 0xC2, 0x19, 0x4B, 0x53, 0xEA, 0xBA, 0x09, 0x09, 0x76, 0x8D, 0x55, 0x28, 0x8E, 0x86, 0xF9,
    0xA6, 0x51, 0x99, 0xE6, 0x74, 0x62, 0xDD, 0x91, 0x69, 0xB2, 0x60, 0x57, 0x80, 0x0A, 0x38, 0x23,
    0xE6, 0xB6, 0x69, 0xA4, 0xBB, 0xB0, 0x37, 0x6A, 0x71, 0x7F, 0x9A, 0x1B, 0x37, 0x55, 0x1A, 0xB4,
    0xDD, 0x64, 0x9C, 0x05, 0x2B, 0x5D, 0x7E, 0x66, 0x8E, 0xBF, 0x3A, 0x3B, 0x33, 0x66, 0x6D, 0xE4,
    0x32, 0x5B, 0x9B, 0x37, 0x5F, 0xCB, 0xFE, 0x6B, 0x8D, 0x0E, 0x04, 0x0A, 0x32, 0x20, 0xF2, 0x1F,
    0x6A, 0x1D, 0xAC, 0xC3, 0x3A, 0x97, 0xAB, 0x83, 0x5D, 0x29, 0x1A, 0x52, 0xE5, 0x1A, 0x25, 0x71,
    0x86, 0x2C, 0xCC, 0x26, 0xD4, 0x40, 0x01, 0x25, 0x2A, 0x76, 0x9F, 0x61, 0xB7, 0xCC, 0xED, 0x46,
    0x40, 0xFF, 0xC2, 0x1D, 0x78, 0xE9, 0xDC, 0x96, 0x35, 0xD4, 0xF9, 0x02, 0x48, 0x62, 0x6F, 0xD0,
    0xBB, 0x54, 0xBA, 0x72, 0x1B, 0x33, 0xB3, 0x75, 0x80, 0xC8, 0x21, 0xF8, 0x6B, 0x84, 0x35, 0x15,
    0x9C, 0xB6, 0x83, 0x30, 0xB8, 0x54, 0x72, 0xE1, 0x8E, 0x95, 0xD7, 0xF5, 0xE6, 0xCF, 0x41, 0x50,
    0xDF, 0x79, 0x16, 0xD4, 0xCB, 0xEA, 0xC5, 0x8B, 0x55, 0xF4, 0xEE, 0x55, 0x6B, 0xAA, 0x49, 0x15,
    0x29, 0x1A, 0xC4, 0x6F, 0xBC, 0xC7, 0x77, 0xE0, 0x6D, 0xF6, 0x85, 0xF2, 0xE7, 0x6B, 0xC9, 0x5F,
    0x4D, 0x6A, 0xFB, 0xE2, 0x37, 0xE3, 0x85, 0x39, 0x1A, 0x4C, 0x36, 0x98, 0x54, 0x7A, 0x3F, 0xF9,
    0x7B, 0xE1, 0x8F, 0xF2, 0x3E, 0xB2, 0x8D, 0x79, 0x2C, 0x19, 0xA5, 0xAA, 0xAD, 0xFC, 0x57, 0x6C,
    0x4B, 0x81, 0x4B, 0x89, 0x01, 0xAD, 0x1A, 0x68, 0x09, 0xA4, 0x69, 0x23, 0x7A, 0x49, 0xAC, 0x8D,
    0x4C, 0xBD, 0xCD, 0x19, 0x59, 0xBE, 0x4D, 0x23, 0x4A, 0x67, 0xB5, 0x4D, 0x8F, 0xA2, 0x1F, 0xC9,
    0x3A, 0x22, 0xA3, 0xF0, 0x2B, 0xE6, 0x90, 0xBC, 0x00, 0xA3, 0x14, 0x24, 0x96, 0xE5, 0x8C, 0x88,
    0x5A, 0x2D, 0x98, 0x50, 0x71, 0x29, 0xE2, 0xB5, 0xCD, 0xD8, 0x02, 0x9F, 0x30, 0x9F, 0x5D, 0x92,
    0x0D, 0x10, 0xF3, 0x07, 0x40, 0x6F, 0x22, 0x4F, 0xB6, 0x73, 0xF9, 0x02, 0xA7, 0xCE, 0xCA, 0x14,
    0x1B, 0x4B, 0xD7, 0x3C, 0xDC, 0x75, 0x12, 0xFD, 0xDC, 0x54, 0xA5, 0xDF, 0x07, 0x22, 0x74, 0x1F,
    0xFF, 0xB0, 0x4A, 0x4A, 0x69, 0x89, 0x9F, 0x99, 0x23, 0x38, 0xEE, 0x21, 0x64, 0x3B, 0x04, 0x4F,
    0x47, 0x28, 0xF7, 0xA9, 0x49, 0x9F, 0x99, 0xE4, 0xFB, 0x31, 0x2D, 0x23, 0xDB, 0xC5, 0x9D, 0x67,
    0x4B, 0x9F, 0x07, 0x1C, 0x78, 0x55, 0x2E, 0xBD, 0x4E, 0x64, 0xDB, 0x58, 0xBA, 0xDC, 0x7F, 0xF5,
    0xD9, 0x73, 0x61, 0xF1, 0xD9, 0x10, 0x74, 0x87, 0x12, 0x3B, 0x5E, 0xBF, 0x84, 0x5B, 0x08, 0x94,
    0x91, 0xA0, 0x97, 0xFD, 0xAD, 0xD7, 0xE9, 0xD7, 0xF4, 0xEF, 0x5D, 0xF5, 0xA4, 0x89, 0x61, 0x87,
    0x52, 0x42, 0xC1, 0x05, 0xD6, 0xBC, 0x55, 0xF8, 0xE4, 0xD0, 0xBA, 0x32, 0xBC, 0x81, 0x33, 0x47,
    0x30, 0x1A, 0xCA, 0xEA, 0x03, 0x1C, 0xAA, 0xD8, 0x42, 0xEE, 0x84, 0xF9, 0x4E, 0x0E, 0xD7, 0x44,
    0x90, 0xEC, 0x4B, 0x04, 0xAE, 0xAE, 0x0F, 0xF3, 0x32, 0xEB, 0x30, 0x2A, 0x62, 0x78, 0xD3, 0x9E,
    0x42, 0xAC, 0x7D, 0x98, 0x58, 0x6F, 0x4F, 0xD6, 0x99, 0x17, 0x80, 0x5A, 0xEB, 0x41, 0x9D, 0x7D,
    0xC8, 0x73, 0x5F, 0x06, 0xB9, 0xFF, 0xE7, 0xFF, 0x8F, 0xBD, 0x47, 0x6E, 0xAA, 0x73, 0xAA, 0xD1,
    0x3C, 0x98, 0x51, 0x17, 0x27, 0x94, 0x77, 0xBC, 0xD4, 0x62, 0xCD, 0xAE, 0x2C, 0xA3, 0xDB, 0x23,
    0xB6, 0xC2, 0x36, 0x66, 0xB2, 0x40, 0x98, 0xC4, 0xDA, 0xEA, 0xB1, 0xBB, 0xCE, 0xD8, 0x34, 0x14,
    0x4C, 0x3E, 0x97, 0x0C, 0xB4, 0x11, 0x09, 0x88, 0xED, 0x37, 0xCD, 0x95, 0xB1, 0x3B, 0x14, 0x2F,
    0x66, 0x7E, 0x54, 0x22, 0x08, 0xD9, 0x10, 0x63, 0x10, 0x06, 0x1E, 0x46, 0x53, 0xC5, 0xF8, 0xBC,
    0x22, 0xD4, 0x37, 0xFA, 0x55, 0x31, 0x75, 0x97, 0x52, 0x00, 0xB5, 0xA4, 0x54, 0xCA, 0x7A, 0x8A,
    0x9E, 0xE8, 0x4E, 0x57, 0x4E, 0x94, 0x2B, 0xE5, 0x50, 0xB9, 0x55, 0xCE, 0x55, 0x0A, 0x95, 0x48,
    0xA5, 0x53, 0x49, 0x55, 0x6A, 0x37, 0x01, 0xA9, 0x36, 0x54, 0x33, 0xAA, 0x25, 0x6A, 0xEC, 0x1E,
    0xDB, 0xEE, 0x0A, 0x15, 0x3E, 0xC0, 0xB0, 0x82, 0x72, 0x94, 0x8C, 0xF0, 0x0B, 0xF1, 0x17, 0xCD,
    0xF8, 0x9A, 0x57, 0xAF, 0x98, 0x8E, 0xD8, 0x72, 0xD5, 0x0A, 0x47, 0x76, 0x33, 0x3F, 0x1D, 0xFC,
    0x8B, 0xC0, 0xCF, 0x4A, 0x85, 0x3F, 0xF5, 0x59, 0x73, 0xB9, 0x54, 0x52, 0x95, 0x5A, 0x35, 0xA0,
    0xDA, 0x50, 0xCD, 0xA8, 0x96, 0x54, 0x63, 0x4E, 0x7B, 0xF2, 0xEB, 0x14, 0xDD, 0xAC, 0x68, 0x38,
    0xF9, 0x37, 0x87, 0x37, 0x9A, 0xEC, 0x57, 0x5A, 0xB3, 0xB4, 0x0F, 0x5E, 0x7D, 0x22, 0x30, 0xBA,
    0x69, 0x64, 0xC1, 0xC9, 0x26, 0x24, 0xE7, 0xE8, 0xA2, 0x90, 0x35, 0x3C, 0x6D, 0xB3, 0x35, 0x03,
    0x6B, 0x73, 0xE3, 0xE0, 0x30, 0xBB, 0x4F, 0xF9, 0xD1, 0x4F, 0x84, 0xA4, 0x72, 0x8E, 0xF6, 0x28,
    0xB0, 0x0E, 0xB6, 0x80, 0x9C, 0x9F, 0x5C, 0x6B, 0xCF, 0x3B, 0x9E, 0x8B, 0x1B, 0x38, 0x3A, 0x63,
    0x0D, 0x1F, 0x77, 0xBE, 0xDF, 0xDE, 0x2E, 0xD7, 0xBA, 0x2C, 0x3F, 0xDC, 0xB3, 0x6F, 0xFB, 0x0D,
    0xDC, 0x49, 0x40, 0xA1, 0xC9, 0x19, 0x01, 0xE3, 0x11, 0xDC, 0xC5, 0x23, 0xB8, 0xD3, 0x92, 0xFD,
    0x31, 0xBA, 0x79, 0x0F, 0xE5, 0xDF, 0xE5, 0xC6, 0xA7, 0x43, 0x45, 0x79, 0xF2, 0xCE, 0x9E, 0x66,
    0x12, 0xFA, 0x4F, 0xA5, 0x72, 0x2C, 0x64, 0xC2, 0xEB, 0xD7, 0x75, 0x97, 0x38, 0x01, 0x70, 0xCA,
    0xF8, 0x9D, 0x54, 0x40, 0xC1, 0x49, 0x05, 0xE7, 0x97, 0x73, 0x9C, 0x1B, 0xCF, 0xFD, 0x6D, 0x93,
    0x5F, 0x2A, 0xBC, 0x8D, 0xC3, 0x39, 0x8E, 0xEE, 0x12, 0x6F, 0xBE, 0x13, 0xD8, 0xF2, 0x30, 0x7E,
    0xD5, 0x3C, 0x4B, 0xBF, 0x1C, 0x2E, 0x8E, 0x8C, 0x1D, 0xBE, 0x60, 0xFB, 0x7B, 0x37, 0x7F, 0xEF,
    0x37, 0x3C, 0x88, 0x93, 0x07, 0x76, 0x3A, 0xAB, 0x2C, 0xFA, 0xD1, 0xE9, 0x6E, 0x65, 0xA7, 0xFC,
    0xDA, 0x89, 0xF2, 0xEE, 0x6D, 0xCE, 0xAF, 0xF6, 0xAD, 0xE0, 0x71, 0xC7, 0x0E, 0xC2, 0xB0, 0x2E,
    0x5F, 0xB8, 0x27, 0x41, 0x05, 0x4B, 0xD1, 0xE6, 0x72, 0xD0, 0xE2, 0xDF, 0x74, 0xF0, 0xE1, 0xF4,
    0xCA, 0xE6, 0x0A, 0x0D, 0x60, 0x84, 0x0F, 0xA8, 0x61, 0x26, 0x21, 0x4A, 0xB5, 0x8E, 0x48, 0xF5,
    0xC0, 0xDE, 0xCD, 0xDA, 0x13, 0x01, 0xC4, 0x7C, 0x7C, 0x8D, 0x2B, 0xBE, 0xDB, 0xA2, 0xEC, 0x53,
    0xD5, 0x0D, 0x02, 0x5E, 0xB7, 0x2E, 0xC5, 0x49, 0xEF, 0xBA, 0x27, 0x0F, 0x9A, 0x66, 0x7F, 0x92,
    0x0E, 0xF8, 0xC5, 0x48, 0xC0, 0x7D, 0x0D, 0xA2, 0xD1, 0x14, 0x40, 0x8B, 0x56, 0xAC, 0xC1, 0xF9,
    0x7A, 0x3E, 0x4E, 0x36, 0x57, 0x94, 0xDE, 0xE9, 0xFA, 0xA8, 0x83, 0x03, 0x0A, 0x53, 0xBA, 0x4B,
    0x44, 0xF9, 0x9B, 0xF7, 0x78, 0xC7, 0xDF, 0x29, 0xB8, 0x4E, 0x05, 0xB4, 0x2D, 0xA7, 0x13, 0x8E,
    0x18, 0x3E, 0x7F, 0x73, 0xB4, 0xE4, 0x24, 0x81, 0xF1, 0x25, 0x44, 0xC5, 0x4F, 0xB0, 0xA5, 0x22,
    0x43, 0xB9, 0x1B, 0x25, 0xD8, 0x89, 0x7A, 0x33, 0x11, 0x0F, 0x98, 0xF1, 0x74, 0xA6, 0xE0, 0xCD,
    0xAE, 0xB9, 0xFB, 0x48, 0xBF, 0x7C, 0x21, 0x54, 0x5C, 0x4F, 0x8B, 0x2B, 0xD6, 0x14, 0xD7, 0x21,
    0xB8, 0x40, 0x6C, 0x4C, 0xB1, 0x72, 0x3F, 0x4B, 0xFD, 0x39, 0x6C, 0x7E, 0x82, 0x35, 0x9E, 0x2A,
    0xAF, 0x19, 0x93, 0xEB, 0xF7, 0x6B, 0xBC, 0xCD, 0x0B, 0x00, 0xBE, 0x10, 0x10, 0xF1, 0xC5, 0xCA,
    0xCD, 0x48, 0x4B, 0x97, 0x60, 0xEE, 0x38, 0x26, 0x82, 0x5C, 0xAF, 0xA7, 0xD8, 0x45, 0x11, 0x1B,
    0xC2, 0xC8, 0x96, 0x6A, 0xFE, 0x22, 0xBC, 0xF9, 0x42, 0xB5, 0x0D, 0xD3, 0xE0, 0xCA, 0xD8, 0xBD,
    0x5F, 0xE3, 0xCD, 0x7E, 0x82, 0x8D, 0xC2, 0xB1, 0x55, 0x39, 0xBE, 0x0F, 0x65, 0x63, 0xA9, 0xEA,
    0xF1, 0x9C, 0x27, 0x88, 0x5B, 0xEB, 0xB4, 0xB8, 0x19, 0xCB, 0x3D, 0x9A, 0xD8, 0x8D, 0x6F, 0xDA,
    0xA0, 0x69, 0x13, 0xE6, 0xEE, 0x59, 0x56, 0xB3, 0xDB, 0x92, 0x69, 0xFB, 0x46, 0xBF, 0x2A, 0xA6,
    0xEE, 0xA2, 0x43, 0x08, 0x35, 0xA5, 0xBC, 0x39, 0xC5, 0x05, 0xD2, 0x11, 0xE1, 0xC9, 0xEC, 0xE2,
    0x44, 0x0F, 0xD1, 0x03, 0xBB, 0xBD, 0x57, 0x50, 0xB9, 0x34, 0x0E, 0xC2, 0x97, 0x64, 0x1D, 0x69,
    0x15, 0x71, 0xF9, 0x81, 0x8B, 0x6C, 0xC4, 0xC8, 0x09, 0x59, 0xB9, 0x24, 0x1C, 0x01, 0x41, 0x66,
    0x62, 0xFF, 0x51, 0xE9, 0x80, 0x81, 0x8B, 0x5D, 0xD9, 0x85, 0x8B, 0xB1, 0x54, 0xEF, 0x1F, 0xA7,
    0x27, 0xF5, 0xBE, 0x2B, 0x28, 0x57, 0x05, 0xE7, 0x3C, 0xF9, 0x1B, 0x9E, 0xD6, 0x70, 0xFD, 0x24,
    0xF9, 0xF5, 0x06, 0xFA, 0x64, 0x77, 0xE0, 0xD9, 0xA7, 0xE1, 0xF0, 0x9F, 0x96, 0x77, 0x3F, 0x89,
    0xF6, 0x45, 0x03, 0x5B, 0xA9, 0x11, 0x89, 0x1C, 0x3A, 0xCC, 0xB8, 0xFB, 0x9A, 0x40, 0x2B, 0xC4,
    0xBF, 0x7C, 0x15, 0x81, 0x04, 0x53, 0x78, 0x08, 0x71, 0xD5, 0x0F, 0x0D, 0x47, 0xED, 0x7E, 0x0D,
    0xCF, 0x79, 0xBA, 0xBA, 0x31, 0x84, 0xCD, 0x4B, 0xD5, 0x3E, 0x3D, 0x6F, 0xEC, 0xEF, 0xAE, 0xFA,
    0xF2, 0xEB, 0x17, 0xA8, 0x37, 0xE1, 0xFF, 0x7A, 0xD5, 0x77, 0x4B, 0x0A, 0xDF, 0x99, 0x3D, 0x6E,
    0x68, 0x4F, 0xDB, 0xFE, 0x19, 0x75, 0x1D, 0x42, 0xD4, 0xEB, 0xFC, 0x9B, 0x5E, 0x3A, 0xF3, 0x4C,
    0x37, 0xC5, 0x8E, 0xDB, 0x5D, 0xA9, 0xFA, 0x67, 0xBD, 0xDF, 0x3F, 0x6F, 0xE6, 0xCC, 0xDD, 0x0B,
    0x4E, 0xE4, 0x5A, 0x7E, 0x7A, 0xCA, 0x7B, 0xBE, 0x50, 0x6F, 0xC3, 0xD2, 0x76, 0xF1, 0x80, 0xAE,
    0xB7, 0x10, 0xAD, 0x8B, 0xB5, 0x16, 0xD2, 0x9A, 0x85, 0x8D, 0x2C, 0x51, 0x1D, 0x97, 0xB2, 0x48,
    0x33, 0x2D, 0xCD, 0x8D, 0xF1, 0xFA, 0x23, 0x2C, 0x66, 0x58, 0x70, 0x59, 0x2E, 0xB9, 0x2C, 0x74,
    0x39, 0xD4, 0x2B, 0x90, 0x95, 0x5B, 0x96, 0x4C, 0x1E, 0x87, 0x0E, 0xC5, 0x6D, 0xD0, 0xED, 0xE7,
    0x29, 0x97, 0x3E, 0xCE, 0x51, 0x6B, 0xBB, 0x08, 0x07, 0x85, 0x8D, 0x38, 0xC6, 0x02, 0x31, 0x82,
    0x02, 0x2C, 0x56, 0xC9, 0x9A, 0x05, 0x7C, 0x2C, 0xB2, 0x57, 0x0C, 0xEC, 0x4A, 0x55, 0xEF, 0x7D,
    0x3D, 0x17, 0x33, 0x45, 0x82, 0xA7, 0x0C, 0xB8, 0xD6, 0x78, 0x69, 0x9E, 0xB6, 0x34, 0xAB, 0x3F,
    0xAA, 0xBF, 0x17, 0xDA, 0xF8, 0xC4, 0x25, 0xFD, 0x3D, 0x6C, 0x1E, 0x6A, 0x1F, 0xB6, 0xE0, 0xDE,
    0x6E, 0xA9, 0xD5, 0xEE, 0x9C, 0xCB, 0x85, 0x4E, 0x85, 0x4B, 0x3B, 0xBB, 0xB4, 0xB6, 0xA3, 0xFA,
    0xDB, 0x52, 0x97, 0x0B, 0xC5, 0x3C, 0x77, 0xFB, 0x0E, 0xC9, 0x4E, 0x97, 0x6A, 0x74, 0xC5, 0x25,
    0xAF, 0x30, 0xF9, 0xCF, 0x23, 0x49, 0xC9, 0x2B, 0xE9, 0x82, 0x63, 0x25, 0xEC, 0x97, 0xFE, 0xC7,
    0x43, 0x71, 0xF2, 0x5D, 0x61, 0x7B, 0x60, 0x4F, 0x3F, 0x4C, 0x06, 0xA5, 0xC2, 0x52, 0x61, 0xCB,
    0x44, 0x74, 0x12, 0xBC, 0x6E, 0x1E, 0xCA, 0x54, 0x13, 0x7F, 0xD3, 0x2D, 0x24, 0x2F, 0x64, 0x22,
    0x83, 0xC4, 0xD7, 0x68, 0xFA, 0x73, 0x53, 0x88, 0xC0, 0xE7, 0xBD, 0x49, 0xBE, 0xAB, 0xCD, 0xB2,
    0xE3, 0x9D, 0xD7, 0x42, 0xAF, 0x65, 0x65, 0x41, 0xF2, 0x5D, 0xB8, 0x6F, 0x0E, 0xD3, 0xED, 0x73,
    0x54, 0x94, 0x66, 0x1B, 0xE3, 0x84, 0x77, 0xB5, 0x3B, 0xCF, 0x9D, 0x4E, 0x5E, 0x50, 0x53, 0xBE,
    0xF7, 0x9E, 0xFE, 0x18, 0x19, 0x3A, 0xC6, 0x18, 0xEC, 0x20, 0xB5, 0x19, 0x76, 0x08, 0x5F, 0xD3,
    0x0E, 0xC9, 0x37, 0xB4, 0x43, 0x41, 0x3B, 0x08, 0x37, 0xFD, 0xDF, 0x58, 0x85, 0x45, 0x06, 0x5C,
    0xCA, 0x2C, 0x79, 0xB9, 0x42, 0x19, 0x46, 0x95, 0xA1, 0x53, 0x19, 0x84, 0x0E, 0x64, 0xA0, 0x1D,
    0xD8, 0x5B, 0x50, 0x06, 0xA3, 0x32, 0x48, 0x6D, 0x86, 0x0C, 0x26, 0x54, 0x19, 0xE2, 0x92, 0x65,
    0x7A, 0x26, 0xC3, 0x9B, 0x7D, 0x32, 0xB8, 0x7B, 0x9F, 0x4F, 0x08, 0x8F, 0x8F, 0x8B, 0x3F, 0x1E,
    0xE7, 0x3A, 0xFA, 0xCF, 0xE1, 0xB6, 0x45, 0x96, 0xF9, 0x53, 0x5C, 0x2B, 0x6A, 0xA5, 0xCF, 0x90,
    0xF0, 0x4F, 0xD1, 0xD2, 0x66, 0x5C, 0x5B, 0xAE, 0xF8, 0x37, 0xA9, 0x08, 0xFF, 0x62, 0xFA, 0x5F,
    0x4D, 0x90, 0xB1, 0x0D, 0x03, 0x21, 0x0C, 0x45, 0x4D, 0x90, 0x92, 0x92, 0x11, 0x32, 0x02, 0x4D,
    0x8A, 0x74, 0x9C, 0x94, 0xC5, 0x98, 0xEC, 0x72, 0x23, 0x30, 0x02, 0x45, 0xA4, 0xB4, 0x29, 0x28,
    0x28, 0x0E, 0x7E, 0x6C, 0x73, 0x48, 0x47, 0xC3, 0x97, 0xFD, 0xF0, 0xC7, 0x9F, 0xE8, 0x74, 0x9E,
    0x53, 0xF4, 0xE3, 0xB6, 0x88, 0x43, 0x38, 0xE4, 0x21, 0x02, 0xEA, 0x10, 0xC5, 0x0C, 0xC8, 0x6E,
    0xE4, 0x15, 0x72, 0x1B, 0xDD, 0x14, 0x0A, 0x1B, 0x19, 0x85, 0xF0, 0xED, 0xB4, 0xEA, 0x14, 0x20,
    0x85, 0x28, 0x53, 0x80, 0x5F, 0xC8, 0x32, 0x05, 0x28, 0x9E, 0x21, 0xBE, 0x51, 0x7D, 0x57, 0x84,
    0x2B, 0x88, 0x82, 0x20, 0x79, 0x64, 0x41, 0x3E, 0x62, 0xC7, 0xA2, 0x11, 0xBD, 0x51, 0xB8, 0x55,
    0xE8, 0xC2, 0x5D, 0x2B, 0xC2, 0x03, 0x0B, 0x3F, 0xAF, 0x57, 0x6D, 0x33, 0x77, 0x97, 0x2A, 0x5B,
    0xEC, 0x2C, 0x92, 0x98, 0xEE, 0x4E, 0x90, 0xE1, 0xD1, 0xC6, 0xDF, 0x15, 0x11, 0xE8, 0x25, 0x08,
    0x43, 0xDD, 0x28, 0xC2, 0x1B, 0x9B, 0x76, 0x2C, 0x68, 0xCB, 0x5C, 0x39, 0xCD, 0x10, 0x96, 0x23,
    0x8E, 0x36, 0xF3, 0x79, 0x9C, 0x53, 0xA3, 0x3F,
};

static const EpdGlyph kicomictaxy_18_regularGlyphs[] = {
    { 0, 0, 0, 0, 0, 0, 0 }, // U+0000
    { 0, 0, 0, 0, 0, 0, 0 }, // U+001D
    { 0, 0, 168, 0, 0, 0, 0 }, // U+0020
    { 10, 29, 198, 2, 29, 73, 0 }, // !
    { 12, 11, 217, 1, 27, 33, 73 }, // "
    { 29, 29, 494, 1, 29, 211, 106 }, // #
    { 20, 37, 361, 1, 31, 185, 317 }, // $
    { 24, 27, 403, 1, 27, 162, 502 }, // %
    { 21, 30, 347, 1, 29, 158, 664 }, // &
    { 6, 11, 125, 1, 27, 17, 822 }, // '
    { 11, 37, 191, 2, 30, 102, 839 }, // (
    { 11, 37, 197, -1, 30, 102, 941 }, // )
    { 14, 13, 227, 0, 28, 46, 1043 }, // *
    { 18, 16, 295, 0, 21, 72, 1089 }, // +
    { 7, 13, 161, 2, 6, 23, 1161 }, // ,
    { 12, 3, 204, 1, 12, 9, 1184 }, // -
    { 5, 5, 161, 2, 5, 7, 1193 }, // .
    { 15, 29, 246, 1, 27, 109, 1200 }, // /
    { 20, 29, 370, 1, 29, 145, 1309 }, // 0
    { 11, 27, 252, -1, 27, 75, 1454 }, // 1
    { 16, 27, 322, 1, 27, 108, 1529 }, // 2
    { 16, 27, 302, 0, 27, 108, 1637 }, // 3
    { 19, 27, 359, 1, 27, 129, 1745 }, // 4
    { 17, 27, 304, 0, 27, 115, 1874 }, // 5
    { 17, 27, 340, 1, 27, 115, 1989 }, // 6
    { 19, 27, 315, -1, 27, 129, 2104 }, // 7
    { 17, 27, 348, 1, 27, 115, 2233 }, // 8
    { 17, 27, 338, 1, 27, 115, 2348 }, // 9
    { 5, 19, 161, 2, 19, 24, 2463 }, // :
    { 7, 26, 161, 2, 19, 46, 2487 }, // ;
    { 12, 17, 232, 1, 21, 51, 2533 }, // <
    { 16, 10, 271, 1, 18, 40, 2584 }, // =
    { 12, 17, 238, 1, 22, 51, 2624 }, // >
    { 18, 30, 350, 1, 30, 135, 2675 }, // ?
    { 30, 33, 529, 2, 26, 248, 2810 }, // @
    { 20, 27, 325, 1, 27, 135, 3058 }, // A
    { 18, 27, 317, 1, 27, 122, 3193 }, // B
    { 19, 27, 370, 1, 27, 129, 3315 }, // C
    { 20, 27, 364, 2, 27, 135, 3444 }, // D
    { 20, 27, 340, 0, 27, 135, 3579 }, // E
    { 17, 27, 314, 2, 27, 115, 3714 }, // F
    { 22, 27, 380, 1, 27, 149, 3829 }, // G
    { 21, 27, 387, 2, 27, 142, 3978 }, // H
    { 15, 27, 283, 2, 27, 102, 4120 }, // I
    { 20, 28, 290, -1, 27, 140, 4222 }, // J
    { 17, 27, 313, 2, 27, 115, 4362 }, // K
    { 16, 28, 296, 2, 27, 112, 4477 }, // L
    { 27, 28, 429, 0, 28, 189, 4589 }, // M
    { 24, 27, 437, 1, 27, 162, 4778 }, // N
    { 24, 27, 422, 1, 27, 162, 4940 }, // O
    { 19, 27, 317, 1, 27, 129, 5102 }, // P
    { 25, 31, 421, 1, 27, 194, 5231 }, // Q
    { 19, 27, 319, 1, 27, 129, 5425 }, // R
    { 20, 27, 338, 1, 27, 135, 5554 }, // S
    { 22, 27, 358, 0, 27, 149, 5689 }, // T
    { 21, 27, 389, 2, 27, 142, 5838 }, // U
    { 20, 27, 322, 1, 27, 135, 5980 }, // V
    { 32, 27, 531, 1, 27, 216, 6115 }, // W
    { 27, 29, 403, -1, 28, 196, 6331 }, // X
    { 20, 27, 325, 1, 27, 135, 6527 }, // Y
    { 21, 27, 374, 1, 27, 142, 6662 }, // Z
    { 10, 36, 226, 3, 30, 90, 6804 }, // [
    { 15, 30, 299, 2, 28, 113, 6894 }, // <backslash>
    { 10, 36, 226, 2, 30, 90, 7007 }, // ]
    { 18, 17, 374, 3, 24, 77, 7097 }, // ^
    { 19, 3, 300, 0, -1, 15, 7174 }, // _
    { 8, 10, 398, 9, 32, 20, 7189 }, // `
    { 18, 20, 305, 1, 20, 90, 7209 }, // a
    { 18, 30, 334, 2, 30, 135, 7299 }, // b
    { 16, 20, 283, 1, 20, 80, 7434 }, // c
    { 18, 30, 322, 1, 30, 135, 7514 }, // d
    { 18, 20, 324, 2, 20, 90, 7649 }, // e
    { 15, 31, 257, 1, 30, 117, 7739 }, // f
    { 18, 31, 308, 1, 21, 140, 7856 }, // g
    { 17, 30, 318, 2, 30, 128, 7996 }, // h
    { 11, 27, 176, 0, 27, 75, 8124 }, // i
    { 13, 38, 144, -5, 28, 124, 8199 }, // j
    { 17, 30, 293, 1, 30, 128, 8323 }, // k
    { 10, 31, 170, 1, 30, 78, 8451 }, // l
    { 27, 20, 466, 2, 20, 135, 8529 }, // m
    { 19, 20, 319, 1, 20, 95, 8664 }, // n
    { 16, 20, 301, 1, 20, 80, 8759 }, // o
    { 17, 31, 301, 1, 21, 132, 8839 }, // p
    { 16, 32, 295, 1, 21, 128, 8971 }, // q
    { 14, 20, 271, 2, 20, 70, 9099 }, // r
    { 16, 20, 272, 0, 20, 80, 9169 }, // s
    { 15, 27, 249, 1, 27, 102, 9249 }, // t
    { 16, 20, 293, 2, 20, 80, 9351 }, // u
    { 17, 20, 292, 1, 20, 85, 9431 }, // v
    { 23, 20, 383, 1, 20, 115, 9516 }, // w
    { 22, 22, 346, 0, 21, 121, 9631 }, // x
    { 16, 31, 298, 2, 21, 124, 9752 }, // y
    { 17, 20, 292, 1, 20, 85, 9876 }, // z
    { 13, 37, 220, 1, 31, 121, 9961 }, // {
    { 4, 38, 217, 5, 31, 38, 10082 }, // |
    { 13, 37, 212, 0, 31, 121, 10120 }, // }
    { 15, 7, 304, 2, 16, 27, 10241 }, // ~
    { 0, 0, 167, 0, 0, 0, 0 }, // U+00A0
    { 5, 29, 161, 2, 20, 37, 0 }, // U+00A1
    { 18, 31, 327, 2, 28, 140, 37 }, // U+00A2
    { 23, 29, 390, 1, 29, 167, 177 }, // U+00A3
    { 19, 19, 330, 1, 20, 91, 344 }, // U+00A4
    { 23, 25, 388, 1, 25, 144, 435 }, // U+00A5
    { 3, 32, 242, 6, 28, 24, 579 }, // U+00A6
    { 18, 30, 335, 1, 29, 135, 603 }, // U+00A7
    { 13, 4, 398, 6, 28, 13, 738 }, // U+00A8
    { 27, 26, 459, 1, 31, 176, 751 }, // U+00A9
    { 14, 12, 272, 2, 26, 42, 927 }, // U+00AA
    { 17, 14, 314, 2, 17, 60, 969 }, // U+00AB
    { 16, 9, 374, 3, 18, 36, 1029 }, // U+00AC
    { 12, 3, 204, 1, 12, 9, 1065 }, // U+00AD
    { 27, 27, 477, 2, 31, 183, 1074 }, // U+00AE
    { 12, 3, 398, 6, 27, 9, 1257 }, // U+00AF
    { 12, 12, 230, 1, 26, 36, 1266 }, // U+00B0
    { 18, 22, 271, 1, 22, 99, 1302 }, // U+00B1
    { 12, 17, 258, 2, 31, 51, 1401 }, // U+00B2
    { 11, 18, 252, 2, 31, 50, 1452 }, // U+00B3
    { 11, 9, 398, 7, 31, 25, 1502 }, // U+00B4
    { 21, 27, 312, 1, 20, 142, 1527 }, // U+00B5
    { 23, 34, 416, 1, 31, 196, 1669 }, // U+00B6
    { 5, 5, 161, 2, 13, 7, 1865 }, // U+00B7
    { 8, 9, 398, 8, -1, 18, 1872 }, // U+00B8
    { 11, 17, 252, 2, 31, 47, 1890 }, // U+00B9
    { 13, 12, 238, 1, 26, 39, 1937 }, // U+00BA
    { 18, 14, 315, 2, 17, 63, 1976 }, // U+00BB
    { 36, 30, 646, 2, 28, 270, 2039 }, // U+00BC
    { 35, 30, 646, 2, 28, 263, 2309 }, // U+00BD
    { 36, 30, 646, 2, 28, 270, 2572 }, // U+00BE
    { 13, 29, 283, 2, 20, 95, 2842 }, // U+00BF
    { 20, 37, 325, 1, 37, 185, 2937 }, // U+00C0
    { 20, 36, 325, 1, 36, 180, 3122 }, // U+00C1
    { 20, 37, 325, 1, 37, 185, 3302 }, // U+00C2
    { 20, 37, 325, 1, 37, 185, 3487 }, // U+00C3
    { 20, 36, 325, 1, 36, 180, 3672 }, // U+00C4
    { 20, 39, 325, 1, 39, 195, 3852 }, // U+00C5
    { 37, 30, 578, -1, 28, 278, 4047 }, // U+00C6
    { 19, 37, 370, 1, 27, 176, 4325 }, // U+00C7
    { 20, 37, 340, 0, 37, 185, 4501 }, // U+00C8
    { 20, 36, 340, 0, 36, 180, 4686 }, // U+00C9
    { 20, 37, 340, 0, 37, 185, 4866 }, // U+00CA
    { 20, 35, 340, 0, 35, 175, 5051 }, // U+00CB
    { 15, 37, 283, 2, 37, 139, 5226 }, // U+00CC
    { 15, 36, 283, 2, 36, 135, 5365 }, // U+00CD
    { 16, 36, 283, 1, 36, 144, 5500 }, // U+00CF
    { 23, 27, 382, 1, 27, 156, 5644 }, // U+00D0
    { 24, 37, 437, 1, 37, 222, 5800 }, // U+00D1
    { 24, 37, 422, 1, 37, 222, 6022 }, // U+00D2
    { 24, 36, 422, 1, 36, 216, 6244 }, // U+00D3
    { 24, 37, 422, 1, 37, 222, 6460 }, // U+00D4
    { 24, 37, 422, 1, 37, 222, 6682 }, // U+00D5
    { 24, 36, 422, 1, 36, 216, 6904 }, // U+00D6
    { 15, 16, 374, 4, 21, 60, 7120 }, // U+00D7
    { 27, 28, 464, 1, 27, 189, 7180 }, // U+00D8
    { 21, 37, 389, 2, 37, 195, 7369 }, // U+00D9
    { 21, 36, 389, 2, 36, 189, 7564 }, // U+00DA
    { 21, 35, 389, 2, 35, 184, 7753 }, // U+00DC
    { 20, 36, 325, 1, 36, 180, 7937 }, // U+00DD
    { 20, 27, 371, 1, 27, 135, 8117 }, // U+00DE
    { 23, 30, 387, 0, 30, 173, 8252 }, // U+00DF
    { 18, 32, 305, 1, 32, 144, 8425 }, // U+00E0
    { 18, 32, 305, 1, 32, 144, 8569 }, // U+00E1
    { 18, 31, 305, 1, 31, 140, 8713 }, // U+00E2
    { 18, 30, 305, 1, 30, 135, 8853 }, // U+00E3
    { 18, 28, 305, 1, 28, 126, 8988 }, // U+00E4
    { 18, 32, 305, 1, 32, 144, 9114 }, // U+00E5
    { 32, 21, 533, 1, 21, 168, 9258 }, // U+00E6
    { 16, 30, 283, 1, 20, 120, 9426 }, // U+00E7
    { 18, 32, 324, 2, 32, 144, 9546 }, // U+00E8
    { 18, 32, 324, 2, 32, 144, 9690 }, // U+00E9
    { 18, 31, 324, 2, 31, 140, 9834 }, // U+00EA
    { 18, 28, 324, 2, 28, 126, 9974 }, // U+00EB
    { 11, 32, 171, 0, 32, 88, 10100 }, // U+00EC
    { 11, 32, 171, 0, 32, 88, 10188 }, // U+00ED
    { 13, 28, 171, 0, 28, 91, 10276 }, // U+00EF
    { 19, 31, 355, 2, 31, 148, 10367 }, // U+00F0
    { 19, 30, 319, 1, 30, 143, 10515 }, // U+00F1
    { 16, 32, 301, 1, 32, 128, 10658 }, // U+00F2
    { 16, 32, 301, 1, 32, 128, 10786 }, // U+00F3
    { 16, 31, 301, 1, 31, 124, 10914 }, // U+00F4
    { 16, 30, 301, 1, 30, 120, 11038 }, // U+00F5
    { 16, 28, 301, 1, 28, 112, 11158 }, // U+00F6
    { 15, 17, 374, 4, 21, 64, 11270 }, // U+00F7
    { 21, 22, 347, 1, 21, 116, 11334 }, // U+00F8
    { 16, 32, 293, 2, 32, 128, 11450 }, // U+00F9
    { 17, 32, 293, 2, 32, 136, 11578 }, // U+00FA
    { 17, 28, 293, 2, 28, 119, 11714 }, // U+00FC
    { 17, 43, 298, 2, 33, 183, 11833 }, // U+00FD
    { 22, 39, 369, 0, 30, 215, 12016 }, // U+00FE
    { 16, 39, 298, 2, 29, 156, 12231 }, // U+00FF
    { 20, 35, 325, 1, 35, 175, 0 }, // U+0100
    { 18, 27, 305, 1, 27, 122, 175 }, // U+0101
    { 21, 37, 325, 1, 37, 195, 297 }, // U+0102
    { 18, 31, 305, 1, 31, 140, 492 }, // U+0103
    { 28, 35, 442, 0, 27, 245, 632 }, // U+0104
    { 19, 28, 327, 2, 20, 133, 877 }, // U+0105
    { 19, 36, 370, 1, 36, 171, 1010 }, // U+0106
    { 16, 32, 283, 1, 32, 128, 1181 }, // U+0107
    { 19, 37, 370, 1, 37, 176, 1309 }, // U+0108
    { 16, 31, 283, 1, 31, 124, 1485 }, // U+0109
    { 19, 36, 370, 1, 36, 171, 1609 }, // U+010A
    { 16, 29, 283, 1, 29, 116, 1780 }, // U+010B
    { 20, 37, 370, 1, 37, 185, 1896 }, // U+010C
    { 16, 31, 283, 1, 31, 124, 2081 }, // U+010D
    { 20, 37, 364, 2, 37, 185, 2205 }, // U+010E
    { 25, 30, 396, 1, 30, 188, 2390 }, // U+010F
    { 23, 27, 382, 1, 27, 156, 2578 }, // U+0110
    { 20, 30, 327, 1, 30, 150, 2734 }, // U+0111
    { 20, 35, 340, 0, 35, 175, 2884 }, // U+0112
    { 18, 27, 324, 2, 27, 122, 3059 }, // U+0113
    { 20, 37, 340, 0, 37, 185, 3181 }, // U+0114
    { 18, 31, 324, 2, 31, 140, 3366 }, // U+0115
    { 20, 36, 340, 0, 36, 180, 3506 }, // U+0116
    { 18, 29, 324, 2, 29, 131, 3686 }, // U+0117
    { 21, 35, 376, 1, 27, 184, 3817 }, // U+0118
    { 16, 28, 309, 2, 20, 112, 4001 }, // U+0119
    { 20, 37, 340, 0, 37, 185, 4113 }, // U+011A
    { 18, 31, 324, 2, 31, 140, 4298 }, // U+011B
    { 22, 37, 380, 1, 37, 204, 4438 }, // U+011C
    { 22, 38, 380, 1, 38, 209, 4642 }, // U+011E
    { 18, 41, 308, 1, 31, 185, 4851 }, // U+011F
    { 22, 36, 380, 1, 36, 198, 5036 }, // U+0120
    { 17, 39, 308, 1, 29, 166, 5234 }, // U+0121
    { 22, 36, 380, 1, 27, 198, 5400 }, // U+0122
    { 18, 43, 308, 1, 33, 194, 5598 }, // U+0123
    { 29, 27, 498, 1, 27, 196, 5792 }, // U+0126
    { 24, 30, 395, 0, 30, 180, 5988 }, // U+0127
    { 15, 37, 283, 2, 37, 139, 6168 }, // U+0128
    { 12, 30, 171, -1, 30, 90, 6307 }, // U+0129
    { 16, 35, 283, 1, 35, 140, 6397 }, // U+012A
    { 13, 27, 171, 0, 27, 88, 6537 }, // U+012B
    { 16, 38, 283, 1, 38, 152, 6625 }, // U+012C
    { 14, 31, 171, 0, 31, 109, 6777 }, // U+012D
    { 12, 35, 223, 1, 27, 105, 6886 }, // U+012E
    { 12, 38, 195, 0, 30, 114, 6991 }, // U+012F
    { 15, 36, 283, 2, 36, 135, 7105 }, // U+0130
    { 11, 20, 171, 0, 20, 55, 7240 }, // U+0131
    { 31, 28, 436, 2, 27, 217, 7295 }, // U+0132
    { 18, 37, 306, 0, 27, 167, 7512 }, // U+0133
    { 17, 36, 313, 2, 27, 153, 7679 }, // U+0136
    { 17, 39, 293, 1, 30, 166, 7832 }, // U+0137
    { 23, 20, 364, 0, 20, 115, 7998 }, // U+0138
    { 16, 37, 296, 2, 36, 148, 8113 }, // U+0139
    { 10, 40, 170, 1, 39, 100, 8261 }, // U+013A
    { 16, 37, 296, 2, 27, 148, 8361 }, // U+013B
    { 10, 40, 170, 1, 30, 100, 8509 }, // U+013C
    { 18, 31, 296, 2, 30, 140, 8609 }, // U+013D
    { 14, 31, 217, 1, 30, 109, 8749 }, // U+013E
    { 16, 31, 275, 1, 30, 124, 8858 }, // U+0140
    { 23, 27, 368, -1, 27, 156, 8982 }, // U+0141
    { 14, 30, 191, -1, 30, 105, 9138 }, // U+0142
    { 24, 36, 437, 1, 36, 216, 9243 }, // U+0143
    { 19, 32, 319, 1, 32, 152, 9459 }, // U+0144
    { 24, 37, 437, 1, 27, 222, 9611 }, // U+0145
    { 19, 30, 319, 1, 20, 143, 9833 }, // U+0146
    { 24, 37, 437, 1, 37, 222, 9976 }, // U+0147
    { 19, 31, 319, 1, 31, 148, 10198 }, // U+0148
    { 28, 28, 538, 1, 28, 196, 10346 }, // U+0149
    { 29, 35, 487, 1, 27, 254, 10542 }, // U+014A
    { 21, 29, 383, 1, 20, 153, 10796 }, // U+014B
    { 24, 35, 422, 1, 35, 210, 10949 }, // U+014C
    { 16, 27, 301, 1, 27, 108, 11159 }, // U+014D
    { 24, 38, 422, 1, 38, 228, 11267 }, // U+014E
    { 17, 31, 301, 1, 31, 132, 11495 }, // U+014F
    { 24, 37, 422, 1, 37, 222, 11627 }, // U+0150
    { 17, 32, 301, 1, 32, 136, 11849 }, // U+0151
    { 38, 29, 631, 1, 29, 276, 11985 }, // U+0152
    { 32, 20, 532, 1, 20, 160, 12261 }, // U+0153
    { 19, 36, 319, 1, 36, 171, 12421 }, // U+0154
    { 14, 32, 271, 2, 32, 112, 12592 }, // U+0155
    { 19, 36, 319, 1, 27, 171, 12704 }, // U+0156
    { 14, 30, 271, 2, 20, 105, 12875 }, // U+0157
    { 19, 37, 319, 1, 37, 176, 12980 }, // U+0158
    { 14, 31, 271, 2, 31, 109, 13156 }, // U+0159
    { 20, 36, 338, 1, 36, 180, 13265 }, // U+015A
    { 16, 32, 272, 0, 32, 128, 13445 }, // U+015B
    { 20, 37, 338, 1, 37, 185, 13573 }, // U+015C
    { 16, 31, 272, 0, 31, 124, 13758 }, // U+015D
    { 20, 37, 338, 1, 27, 185, 13882 }, // U+015E
    { 16, 30, 272, 0, 20, 120, 14067 }, // U+015F
    { 20, 37, 338, 1, 37, 185, 14187 }, // U+0160
    { 16, 31, 272, 0, 31, 124, 14372 }, // U+0161
    { 22, 37, 358, 0, 27, 204, 14496 }, // U+0162
    { 15, 37, 249, 1, 27, 139, 14700 }, // U+0163
    { 22, 37, 358, 0, 37, 204, 14839 }, // U+0164
    { 15, 31, 247, 1, 31, 117, 15043 }, // U+0165
    { 22, 27, 406, 1, 27, 149, 15160 }, // U+0166
    { 15, 26, 242, 0, 26, 98, 15309 }, // U+0167
    { 21, 37, 389, 2, 37, 195, 15407 }, // U+0168
    { 16, 30, 293, 2, 30, 120, 15602 }, // U+0169
    { 21, 35, 389, 2, 35, 184, 15722 }, // U+016A
    { 16, 27, 293, 2, 27, 108, 15906 }, // U+016B
    { 21, 37, 389, 2, 37, 195, 16014 }, // U+016C
    { 18, 31, 293, 2, 31, 140, 16209 }, // U+016D
    { 21, 38, 389, 2, 38, 200, 16349 }, // U+016E
    { 16, 32, 293, 2, 32, 128, 16549 }, // U+016F
    { 23, 37, 389, 2, 37, 213, 16677 }, // U+0170
    { 18, 32, 293, 2, 32, 144, 16890 }, // U+0171
    { 29, 35, 461, 0, 27, 254, 17034 }, // U+0172
    { 25, 28, 391, 0, 20, 175, 17288 }, // U+0173
    { 20, 35, 325, 1, 35, 175, 17463 }, // U+0178
    { 21, 36, 374, 1, 36, 189, 17638 }, // U+0179
    { 17, 32, 292, 1, 32, 136, 17827 }, // U+017A
    { 21, 36, 374, 1, 36, 189, 17963 }, // U+017B
    { 17, 29, 292, 1, 29, 124, 18152 }, // U+017C
    { 21, 38, 374, 1, 38, 200, 18276 }, // U+017D
    { 17, 31, 292, 1, 31, 132, 18476 }, // U+017E
    { 17, 30, 241, 1, 30, 128, 18608 }, // U+017F
    { 26, 31, 411, 1, 31, 202, 0 }, // U+01A0
    { 21, 25, 317, 1, 25, 132, 202 }, // U+01A1
    { 26, 33, 413, 2, 33, 215, 334 }, // U+01AF
    { 22, 26, 337, 2, 25, 143, 549 }, // U+01B0
    { 40, 31, 669, 1, 31, 310, 692 }, // U+01C6
    { 34, 28, 549, 2, 27, 238, 1002 }, // U+01C7
    { 23, 38, 410, 2, 28, 219, 1240 }, // U+01C8
    { 16, 40, 306, 1, 30, 160, 1459 }, // U+01C9
    { 43, 28, 699, 1, 27, 301, 1619 }, // U+01CA
    { 32, 38, 551, 1, 28, 304, 1920 }, // U+01CB
    { 26, 38, 460, 1, 28, 247, 2224 }, // U+01CC
    { 21, 37, 325, 1, 37, 195, 2471 }, // U+01CD
    { 18, 31, 305, 1, 31, 140, 2666 }, // U+01CE
    { 17, 38, 283, 0, 38, 162, 2806 }, // U+01CF
    { 13, 31, 171, 0, 31, 101, 2968 }, // U+01D0
    { 24, 38, 422, 1, 38, 228, 3069 }, // U+01D1
    { 16, 31, 301, 1, 31, 124, 3297 }, // U+01D2
    { 21, 37, 389, 2, 37, 195, 3421 }, // U+01D3
    { 17, 31, 293, 2, 31, 132, 3616 }, // U+01D4
    { 21, 41, 389, 2, 41, 216, 3748 }, // U+01D5
    { 17, 35, 293, 2, 35, 149, 3964 }, // U+01D6
    { 21, 41, 389, 2, 41, 216, 4113 }, // U+01D7
    { 17, 37, 293, 2, 37, 158, 4329 }, // U+01D8
    { 21, 41, 389, 2, 41, 216, 4487 }, // U+01D9
    { 17, 37, 293, 2, 37, 158, 4703 }, // U+01DA
    { 21, 41, 389, 2, 41, 216, 4861 }, // U+01DB
    { 17, 37, 293, 2, 37, 158, 5077 }, // U+01DC
    { 16, 20, 308, 2, 20, 80, 5235 }, // U+01DD
    { 19, 41, 325, 1, 41, 195, 5315 }, // U+01DE
    { 18, 34, 305, 1, 34, 153, 5510 }, // U+01DF
    { 20, 40, 325, 1, 40, 200, 5663 }, // U+01E0
    { 18, 35, 305, 1, 35, 158, 5863 }, // U+01E1
    { 37, 36, 578, -1, 34, 333, 6021 }, // U+01E2
    { 32, 27, 533, 1, 27, 216, 6354 }, // U+01E3
    { 25, 27, 434, 2, 27, 169, 6570 }, // U+01E4
    { 25, 30, 348, -1, 20, 188, 6739 }, // U+01E5
    { 22, 37, 380, 1, 37, 204, 6927 }, // U+01E6
    { 18, 41, 308, 1, 31, 185, 7131 }, // U+01E7
    { 19, 37, 313, 2, 37, 176, 7316 }, // U+01E8
    { 19, 40, 293, -1, 40, 190, 7492 }, // U+01E9
    { 25, 35, 463, 2, 27, 219, 7682 }, // U+01EA
    { 19, 28, 347, 2, 20, 133, 7901 }, // U+01EB
    { 25, 43, 463, 2, 35, 269, 8034 }, // U+01EC
    { 19, 35, 347, 2, 27, 167, 8303 }, // U+01ED
    { 19, 37, 342, 1, 37, 176, 8470 }, // U+01EE
    { 17, 39, 298, 0, 30, 166, 8646 }, // U+01EF
    { 14, 40, 166, -2, 31, 140, 8812 }, // U+01F0
    { 36, 30, 607, 1, 30, 270, 8952 }, // U+01F3
    { 22, 36, 380, 1, 36, 198, 9222 }, // U+01F4
    { 18, 42, 308, 1, 32, 189, 9420 }, // U+01F5
    { 24, 37, 437, 1, 37, 222, 9609 }, // U+01F8
    { 19, 32, 319, 1, 32, 152, 9831 }, // U+01F9
    { 28, 41, 442, 0, 41, 287, 9983 }, // U+01FA
    { 18, 39, 305, 1, 39, 176, 10270 }, // U+01FB
    { 37, 38, 578, -1, 36, 352, 10446 }, // U+01FC
    { 32, 33, 533, 1, 33, 264, 10798 }, // U+01FD
    { 27, 37, 464, 1, 36, 250, 11062 }, // U+01FE
    { 21, 33, 347, 1, 32, 174, 11312 }, // U+01FF
    { 20, 37, 325, 1, 37, 185, 11486 }, // U+0200
    { 18, 32, 305, 1, 32, 144, 11671 }, // U+0201
    { 20, 36, 325, 1, 36, 180, 11815 }, // U+0202
    { 18, 29, 305, 1, 29, 131, 11995 }, // U+0203
    { 20, 37, 340, 0, 37, 185, 12126 }, // U+0204
    { 18, 32, 324, 2, 32, 144, 12311 }, // U+0205
    { 20, 36, 340, 0, 36, 180, 12455 }, // U+0206
    { 18, 29, 324, 2, 29, 131, 12635 }, // U+0207
    { 20, 37, 283, -3, 37, 185, 12766 }, // U+0208
    { 13, 32, 171, -2, 32, 104, 12951 }, // U+0209
    { 16, 37, 283, 1, 37, 148, 13055 }, // U+020A
    { 12, 29, 171, 0, 29, 87, 13203 }, // U+020B
    { 24, 37, 422, 1, 37, 222, 13290 }, // U+020C
    { 16, 32, 301, 1, 32, 128, 13512 }, // U+020D
    { 24, 36, 422, 1, 36, 216, 13640 }, // U+020E
    { 16, 29, 301, 1, 29, 116, 13856 }, // U+020F
    { 20, 37, 319, 1, 37, 185, 13972 }, // U+0210
    { 15, 32, 271, 1, 32, 120, 14157 }, // U+0211
    { 19, 36, 319, 1, 36, 171, 14277 }, // U+0212
    { 14, 29, 271, 2, 29, 102, 14448 }, // U+0213
    { 21, 37, 389, 2, 37, 195, 14550 }, // U+0214
    { 16, 32, 293, 2, 32, 128, 14745 }, // U+0215
    { 21, 36, 389, 2, 36, 189, 14873 }, // U+0216
    { 16, 29, 293, 2, 29, 116, 15062 }, // U+0217
    { 20, 37, 338, 1, 27, 185, 15178 }, // U+0218
    { 15, 29, 272, 1, 20, 109, 15363 }, // U+0219
    { 22, 37, 358, 0, 27, 204, 15472 }, // U+021A
    { 15, 36, 249, 1, 27, 135, 15676 }, // U+021B
    { 18, 32, 346, 2, 27, 144, 15811 }, // U+021C
    { 17, 30, 276, 0, 20, 128, 15955 }, // U+021D
    { 21, 37, 387, 2, 37, 195, 16083 }, // U+021E
    { 20, 40, 318, -1, 40, 200, 16278 }, // U+021F
    { 8, 10, 0, -5, 32, 20, 0 }, // U+0300
    { 10, 9, 0, -3, 31, 23, 20 }, // U+0301
    { 12, 8, 0, -5, 31, 24, 43 }, // U+0302
    { 12, 7, 0, -6, 30, 21, 67 }, // U+0303
    { 12, 3, 0, -6, 27, 9, 88 }, // U+0304
    { 13, 7, 0, -5, 30, 23, 97 }, // U+0306
    { 5, 5, 0, -2, 29, 7, 120 }, // U+0307
    { 13, 4, 0, -6, 28, 13, 127 }, // U+0308
    { 11, 13, 0, -5, 34, 36, 140 }, // U+0309
    { 10, 10, 0, -5, 32, 25, 176 }, // U+030A
    { 13, 10, 0, -5, 32, 33, 201 }, // U+030B
    { 13, 8, 0, -6, 30, 26, 234 }, // U+030C
    { 13, 10, 0, -8, 32, 33, 260 }, // U+030F
    { 12, 7, 0, -6, 29, 21, 293 }, // U+0311
    { 6, 10, 0, -3, 32, 15, 314 }, // U+0312
    { 7, 10, 0, -2, 32, 18, 329 }, // U+0313
    { 6, 10, 0, -3, 32, 15, 347 }, // U+0314
    { 4, 10, 0, -1, 33, 10, 362 }, // U+0315
    { 6, 8, 0, -3, 24, 12, 372 }, // U+031B
    { 5, 5, 0, -2, -3, 7, 384 }, // U+0323
    { 13, 4, 0, -6, -4, 13, 391 }, // U+0324
    { 8, 8, 0, -4, -2, 16, 404 }, // U+0325
    { 6, 8, 0, -3, -2, 12, 420 }, // U+0326
    { 8, 9, 0, -4, -1, 18, 432 }, // U+0327
    { 8, 9, 0, -4, 1, 18, 450 }, // U+0328
    { 4, 8, 162, 3, -2, 8, 468 }, // U+0329
    { 12, 7, 0, -6, -3, 21, 476 }, // U+032D
    { 12, 7, 0, -6, -2, 21, 497 }, // U+032E
    { 12, 6, 0, -6, -3, 18, 518 }, // U+0330
    { 12, 3, 0, -6, -4, 9, 536 }, // U+0331
    { 12, 7, 0, -6, 29, 21, 545 }, // U+0342
    { 13, 15, 0, -6, 39, 49, 566 }, // U+0344
    { 6, 7, 0, -2, -2, 11, 615 }, // U+0345
    { 20, 37, 340, 0, 37, 185, 0 }, // U+0400
    { 20, 35, 340, 0, 35, 175, 185 }, // U+0401
    { 28, 35, 486, 1, 27, 245, 360 }, // U+0402
    { 19, 36, 346, 1, 36, 171, 605 }, // U+0403
    { 22, 28, 397, 2, 28, 154, 776 }, // U+0404
    { 20, 28, 338, 1, 28, 140, 930 }, // U+0405
    { 15, 28, 283, 2, 28, 105, 1070 }, // U+0406
    { 16, 36, 226, 1, 36, 144, 1175 }, // U+0407
    { 20, 28, 290, -1, 27, 140, 1319 }, // U+0408
    { 35, 27, 581, 1, 27, 237, 1459 }, // U+0409
    { 36, 27, 611, 1, 27, 243, 1696 }, // U+040A
    { 30, 27, 517, 1, 27, 203, 1939 }, // U+040B
    { 26, 36, 422, 1, 36, 234, 2142 }, // U+040C
    { 29, 37, 498, 1, 37, 269, 2376 }, // U+040D
    { 27, 37, 430, 1, 37, 250, 2645 }, // U+040E
    { 28, 36, 476, 1, 27, 252, 2895 }, // U+040F
    { 20, 28, 325, 1, 28, 140, 3147 }, // U+0410
    { 21, 27, 377, 1, 27, 142, 3287 }, // U+0411
    { 18, 28, 317, 1, 28, 126, 3429 }, // U+0412
    { 20, 27, 346, 1, 27, 135, 3555 }, // U+0413
    { 26, 35, 445, 1, 27, 228, 3690 }, // U+0414
    { 20, 28, 340, 0, 28, 140, 3918 }, // U+0415
    { 37, 28, 602, 0, 28, 259, 4058 }, // U+0416
    { 19, 28, 341, 1, 28, 133, 4317 }, // U+0417
    { 29, 27, 498, 1, 27, 196, 4450 }, // U+0418
    { 29, 36, 498, 1, 36, 261, 4646 }, // U+0419
    { 26, 28, 422, 1, 28, 182, 4907 }, // U+041A
    { 26, 27, 440, 1, 27, 176, 5089 }, // U+041B
    { 27, 28, 429, 0, 28, 189, 5265 }, // U+041C
    { 21, 28, 387, 2, 28, 147, 5454 }, // U+041D
    { 24, 28, 422, 1, 28, 168, 5601 }, // U+041E
    { 28, 27, 480, 1, 27, 189, 5769 }, // U+041F
    { 19, 28, 317, 1, 28, 133, 5958 }, // U+0420
    { 19, 28, 370, 1, 28, 133, 6091 }, // U+0421
    { 22, 28, 358, 0, 28, 154, 6224 }, // U+0422
    { 27, 27, 430, 1, 27, 183, 6378 }, // U+0423
    { 27, 28, 473, 1, 28, 189, 6561 }, // U+0424
    { 27, 29, 403, -1, 28, 196, 6750 }, // U+0425
    { 28, 35, 479, 1, 27, 245, 6946 }, // U+0426
    { 24, 27, 422, 1, 27, 162, 7191 }, // U+0427
    { 38, 27, 634, 1, 27, 257, 7353 }, // U+0428
    { 38, 35, 637, 1, 27, 333, 7610 }, // U+0429
    { 27, 27, 460, 1, 27, 183, 7943 }, // U+042A
    { 33, 27, 559, 1, 27, 223, 8126 }, // U+042B
    { 21, 27, 377, 1, 27, 142, 8349 }, // U+042C
    { 22, 28, 399, 1, 28, 154, 8491 }, // U+042D
    { 37, 28, 629, 1, 28, 259, 8645 }, // U+042E
    { 25, 27, 398, -1, 27, 169, 8904 }, // U+042F
    { 18, 21, 305, 1, 21, 95, 9073 }, // U+0430
    { 19, 31, 344, 2, 31, 148, 9168 }, // U+0431
    { 18, 20, 322, 0, 20, 90, 9316 }, // U+0432
    { 16, 20, 293, 0, 20, 80, 9406 }, // U+0433
    { 22, 27, 380, 1, 20, 149, 9486 }, // U+0434
    { 18, 21, 324, 2, 21, 95, 9635 }, // U+0435
    { 30, 21, 472, 0, 21, 158, 9730 }, // U+0436
    { 15, 21, 281, 1, 21, 79, 9888 }, // U+0437
    { 24, 20, 412, 0, 20, 120, 9967 }, // U+0438
    { 24, 29, 412, 0, 29, 174, 10087 }, // U+0439
    { 22, 21, 347, 0, 21, 116, 10261 }, // U+043A
    { 22, 20, 368, 1, 20, 110, 10377 }, // U+043B
    { 26, 20, 461, 1, 20, 130, 10487 }, // U+043C
    { 24, 20, 412, 0, 20, 120, 10617 }, // U+043D
    { 16, 21, 301, 1, 21, 84, 10737 }, // U+043E
    { 24, 20, 407, 0, 20, 120, 10821 }, // U+043F
    { 17, 32, 301, 1, 21, 136, 10941 }, // U+0440
    { 16, 21, 283, 1, 21, 84, 11077 }, // U+0441
    { 18, 20, 335, 1, 20, 90, 11161 }, // U+0442
    { 23, 29, 359, 1, 20, 167, 11251 }, // U+0443
    { 25, 39, 442, 2, 30, 244, 11418 }, // U+0444
    { 22, 22, 346, 0, 21, 121, 11662 }, // U+0445
    { 24, 27, 410, 0, 20, 162, 11783 }, // U+0446
    { 22, 20, 362, 1, 20, 110, 11945 }, // U+0447
    { 31, 20, 524, 0, 20, 155, 12055 }, // U+0448
    { 32, 27, 529, 0, 20, 216, 12210 }, // U+0449
    { 22, 20, 385, 1, 20, 110, 12426 }, // U+044A
    { 29, 20, 478, 0, 20, 145, 12536 }, // U+044B
    { 18, 20, 317, 0, 20, 90, 12681 }, // U+044C
    { 17, 21, 304, 1, 21, 90, 12771 }, // U+044D
    { 29, 21, 500, 0, 21, 153, 12861 }, // U+044E
    { 20, 20, 343, 1, 20, 100, 13014 }, // U+044F
    { 18, 32, 324, 2, 32, 144, 13114 }, // U+0450
    { 18, 28, 324, 2, 28, 126, 13258 }, // U+0451
    { 21, 39, 376, 0, 30, 205, 13384 }, // U+0452
    { 16, 32, 293, 0, 32, 128, 13589 }, // U+0453
    { 16, 21, 307, 2, 21, 84, 13717 }, // U+0454
    { 16, 20, 272, 0, 20, 80, 13801 }, // U+0455
    { 11, 28, 176, 0, 28, 77, 13881 }, // U+0456
    { 13, 28, 171, 0, 28, 91, 13958 }, // U+0457
    { 13, 38, 144, -5, 28, 124, 14049 }, // U+0458
    { 28, 20, 479, 1, 20, 140, 14173 }, // U+0459
    { 30, 20, 510, 0, 20, 150, 14313 }, // U+045A
    { 24, 30, 395, 0, 30, 180, 14463 }, // U+045B
    { 22, 32, 347, 0, 32, 176, 14643 }, // U+045C
    { 24, 32, 412, 0, 32, 192, 14819 }, // U+045D
    { 23, 38, 359, 0, 29, 219, 15011 }, // U+045E
    { 24, 28, 404, 0, 20, 168, 15230 }, // U+045F
    { 26, 30, 437, 0, 30, 195, 15398 }, // U+0462
    { 20, 28, 365, 1, 28, 140, 15593 }, // U+0463
    { 25, 28, 463, 2, 28, 175, 15733 }, // U+0472
    { 19, 21, 347, 2, 21, 100, 15908 }, // U+0473
    { 27, 28, 441, 0, 28, 189, 16008 }, // U+0474
    { 22, 21, 349, 0, 21, 116, 16197 }, // U+0475
    { 29, 44, 501, 1, 36, 319, 16313 }, // U+048A
    { 25, 36, 418, 0, 29, 225, 16632 }, // U+048B
    { 21, 27, 377, 1, 27, 142, 16857 }, // U+048C
    { 19, 28, 310, 0, 28, 133, 16999 }, // U+048D
    { 20, 28, 355, 1, 28, 140, 17132 }, // U+048E
    { 22, 30, 371, 0, 21, 165, 17272 }, // U+048F
    { 19, 32, 337, 1, 32, 152, 17437 }, // U+0490
    { 16, 25, 280, 0, 25, 100, 17589 }, // U+0491
    { 20, 27, 346, 1, 27, 135, 17689 }, // U+0492
    { 16, 20, 293, 1, 20, 80, 17824 }, // U+0493
    { 23, 35, 399, 1, 27, 202, 17904 }, // U+0494
    { 20, 29, 354, 0, 20, 145, 18106 }, // U+0495
    { 38, 36, 603, 0, 28, 342, 18251 }, // U+0496
    { 29, 28, 474, 0, 21, 203, 18593 }, // U+0497
    { 19, 35, 341, 1, 28, 167, 18796 }, // U+0498
    { 15, 28, 281, 1, 21, 105, 18963 }, // U+0499
    { 26, 36, 422, 1, 28, 234, 19068 }, // U+049A
    { 21, 28, 349, 0, 21, 147, 19302 }, // U+049B
    { 27, 28, 448, 1, 28, 189, 19449 }, // U+049C
    { 22, 21, 365, 0, 21, 116, 19638 }, // U+049D
    { 25, 28, 425, 1, 28, 175, 19754 }, // U+049E
    { 22, 28, 347, 0, 28, 154, 19929 }, // U+049F
    { 31, 28, 502, 1, 28, 217, 20083 }, // U+04A0
    { 24, 21, 401, 1, 21, 126, 20300 }, // U+04A1
    { 29, 35, 501, 1, 27, 254, 20426 }, // U+04A2
    { 25, 27, 418, 0, 20, 169, 20680 }, // U+04A3
    { 34, 27, 581, 1, 27, 230, 20849 }, // U+04A4
    { 27, 20, 470, 0, 20, 135, 21079 }, // U+04A5
    { 37, 35, 635, 1, 27, 324, 21214 }, // U+04A6
    { 34, 29, 574, 0, 20, 247, 21538 }, // U+04A7
    { 28, 28, 491, 2, 28, 196, 21785 }, // U+04A8
    { 22, 21, 382, 2, 21, 116, 21981 }, // U+04A9
    { 21, 35, 383, 2, 28, 184, 22097 }, // U+04AA
    { 16, 28, 302, 2, 21, 112, 22281 }, // U+04AB
    { 22, 35, 406, 1, 27, 193, 22393 }, // U+04AC
    { 18, 27, 335, 1, 20, 122, 22586 }, // U+04AD
    { 20, 28, 325, 1, 28, 140, 22708 }, // U+04AE
    { 23, 29, 356, 0, 20, 167, 22848 }, // U+04AF
    { 25, 27, 406, 1, 27, 169, 23015 }, // U+04B0
    { 23, 29, 356, 1, 20, 167, 23184 }, // U+04B1
    { 28, 35, 433, -1, 27, 245, 23351 }, // U+04B2
    { 22, 27, 353, 0, 20, 149, 23596 }, // U+04B3
    { 32, 35, 547, 1, 27, 280, 23745 }, // U+04B4
    { 28, 27, 473, 1, 20, 189, 24025 }, // U+04B5
    { 24, 35, 425, 1, 27, 210, 24214 }, // U+04B6
    { 22, 27, 368, 1, 20, 149, 24424 }, // U+04B7
    { 24, 27, 422, 1, 27, 162, 24573 }, // U+04B8
    { 22, 20, 362, 1, 20, 110, 24735 }, // U+04B9
    { 25, 27, 430, 1, 27, 169, 24845 }, // U+04BA
    { 17, 30, 318, 2, 30, 128, 25014 }, // U+04BB
    { 28, 28, 485, 1, 28, 196, 25142 }, // U+04BC
    { 21, 21, 375, 1, 21, 111, 25338 }, // U+04BD
    { 28, 37, 485, 1, 28, 259, 25449 }, // U+04BE
    { 21, 28, 375, 1, 21, 147, 25708 }, // U+04BF
    { 15, 28, 283, 2, 28, 105, 25855 }, // U+04C0
    { 38, 37, 602, 0, 37, 352, 25960 }, // U+04C1
    { 30, 29, 472, 0, 29, 218, 26312 }, // U+04C2
    { 24, 36, 414, 1, 28, 216, 26530 }, // U+04C3
    { 20, 30, 350, 0, 21, 150, 26746 }, // U+04C4
    { 26, 35, 443, 1, 27, 228, 26896 }, // U+04C5
    { 22, 27, 373, 1, 20, 149, 27124 }, // U+04C6
    { 29, 35, 487, 1, 27, 254, 27273 }, // U+04C7
    { 24, 29, 412, 0, 20, 174, 27527 }, // U+04C8
    { 29, 35, 501, 1, 27, 254, 27701 }, // U+04C9
    { 25, 27, 417, 0, 20, 169, 27955 }, // U+04CA
    { 25, 35, 422, 1, 27, 219, 28124 }, // U+04CB
    { 22, 27, 362, 1, 20, 149, 28343 }, // U+04CC
    { 34, 35, 536, 0, 27, 298, 28492 }, // U+04CD
    { 27, 27, 466, 1, 20, 183, 28790 }, // U+04CE
    { 12, 29, 191, 0, 29, 87, 28973 }, // U+04CF
    { 21, 36, 325, 1, 36, 189, 29060 }, // U+04D0
    { 18, 29, 305, 1, 29, 131, 29249 }, // U+04D1
    { 20, 36, 325, 1, 36, 180, 29380 }, // U+04D2
    { 18, 28, 305, 1, 28, 126, 29560 }, // U+04D3
    { 37, 30, 578, -1, 28, 278, 29686 }, // U+04D4
    { 32, 20, 533, 1, 20, 160, 29964 }, // U+04D5
    { 20, 36, 340, 0, 36, 180, 30124 }, // U+04D6
    { 18, 29, 324, 2, 29, 131, 30304 }, // U+04D7
    { 22, 28, 407, 2, 28, 154, 30435 }, // U+04D8
    { 16, 21, 308, 2, 21, 84, 30589 }, // U+04D9
    { 22, 36, 407, 2, 36, 198, 30673 }, // U+04DA
    { 16, 28, 308, 2, 28, 112, 30871 }, // U+04DB
    { 37, 36, 602, 0, 36, 333, 30983 }, // U+04DC
    { 31, 28, 472, -1, 28, 217, 31316 }, // U+04DD
    { 19, 36, 341, 1, 36, 171, 31533 }, // U+04DE
    { 15, 28, 281, 1, 28, 105, 31704 }, // U+04DF
    { 19, 27, 342, 1, 27, 129, 31809 }, // U+04E0
    { 17, 29, 298, 0, 20, 124, 31938 }, // U+04E1
    { 29, 34, 498, 1, 34, 247, 32062 }, // U+04E2
    { 24, 27, 412, 0, 27, 162, 32309 }, // U+04E3
    { 29, 35, 498, 1, 35, 254, 32471 }, // U+04E4
    { 24, 28, 412, 0, 28, 168, 32725 }, // U+04E5
    { 24, 36, 422, 1, 36, 216, 32893 }, // U+04E6
    { 16, 28, 301, 1, 28, 112, 33109 }, // U+04E7
    { 25, 28, 463, 2, 28, 175, 33221 }, // U+04E8
    { 19, 21, 347, 2, 21, 100, 33396 }, // U+04E9
    { 25, 36, 463, 2, 36, 225, 33496 }, // U+04EA
    { 19, 28, 347, 2, 28, 133, 33721 }, // U+04EB
    { 22, 36, 399, 1, 36, 198, 33854 }, // U+04EC
    { 16, 28, 304, 1, 28, 112, 34052 }, // U+04ED
    { 27, 35, 430, 1, 35, 237, 34164 }, // U+04EE
    { 23, 36, 359, 1, 27, 207, 34401 }, // U+04EF
    { 27, 36, 430, 0, 36, 243, 34608 }, // U+04F0
    { 23, 37, 359, 1, 28, 213, 34851 }, // U+04F1
    { 27, 38, 430, 1, 38, 257, 35064 }, // U+04F2
    { 23, 41, 359, 1, 32, 236, 35321 }, // U+04F3
    { 24, 35, 422, 1, 35, 210, 35557 }, // U+04F4
    { 22, 28, 362, 1, 28, 154, 35767 }, // U+04F5
    { 20, 35, 346, 1, 27, 175, 35921 }, // U+04F6
    { 16, 27, 293, 0, 20, 108, 36096 }, // U+04F7
    { 33, 35, 559, 1, 35, 289, 36204 }, // U+04F8
    { 29, 28, 478, 0, 28, 203, 36493 }, // U+04F9
    { 20, 35, 346, 1, 27, 175, 36696 }, // U+04FA
    { 17, 27, 298, 1, 20, 115, 36871 }, // U+04FB
    { 27, 35, 421, -1, 27, 237, 36986 }, // U+04FC
    { 22, 29, 347, 0, 20, 160, 37223 }, // U+04FD
    { 27, 27, 433, 0, 27, 183, 37383 }, // U+04FE
    { 22, 20, 351, 0, 20, 110, 37566 }, // U+04FF
    { 20, 35, 325, 1, 27, 175, 0 }, // U+1EA0
    { 18, 28, 305, 1, 20, 126, 175 }, // U+1EA1
    { 20, 38, 325, 1, 38, 190, 301 }, // U+1EA2
    { 18, 34, 305, 1, 34, 153, 491 }, // U+1EA3
    { 27, 39, 325, 1, 39, 264, 644 }, // U+1EA4
    { 23, 36, 305, 1, 36, 207, 908 }, // U+1EA5
    { 27, 38, 325, 1, 38, 257, 1115 }, // U+1EA6
    { 19, 36, 305, 1, 36, 171, 1372 }, // U+1EA7
    { 28, 43, 325, 1, 43, 301, 1543 }, // U+1EA8
    { 22, 43, 305, 1, 43, 237, 1844 }, // U+1EA9
    { 29, 40, 325, 1, 40, 290, 2081 }, // U+1EAA
    { 17, 39, 305, 1, 39, 166, 2371 }, // U+1EAB
    { 20, 45, 325, 1, 37, 225, 2537 }, // U+1EAC
    { 18, 39, 305, 1, 31, 176, 2762 }, // U+1EAD
    { 21, 41, 325, 1, 41, 216, 2938 }, // U+1EAE
    { 18, 38, 305, 1, 38, 171, 3154 }, // U+1EAF
    { 20, 42, 325, 1, 42, 210, 3325 }, // U+1EB0
    { 18, 39, 305, 1, 39, 176, 3535 }, // U+1EB1
    { 20, 40, 325, 1, 40, 200, 3711 }, // U+1EB2
    { 18, 42, 305, 1, 42, 189, 3911 }, // U+1EB3
    { 22, 41, 325, 1, 41, 226, 4100 }, // U+1EB4
    { 18, 38, 305, 1, 38, 171, 4326 }, // U+1EB5
    { 21, 45, 325, 1, 37, 237, 4497 }, // U+1EB6
    { 18, 39, 305, 1, 31, 176, 4734 }, // U+1EB7
    { 20, 35, 340, 0, 27, 175, 4910 }, // U+1EB8
    { 18, 28, 324, 2, 20, 126, 5085 }, // U+1EB9
    { 20, 38, 340, 0, 38, 190, 5211 }, // U+1EBA
    { 18, 34, 324, 2, 34, 153, 5401 }, // U+1EBB
    { 20, 37, 340, 0, 37, 185, 5554 }, // U+1EBC
    { 18, 30, 324, 2, 30, 135, 5739 }, // U+1EBD
    { 24, 39, 340, 0, 39, 234, 5874 }, // U+1EBE
    { 23, 36, 324, 2, 36, 207, 6108 }, // U+1EBF
    { 24, 37, 340, 0, 37, 222, 6315 }, // U+1EC0
    { 19, 36, 324, 2, 36, 171, 6537 }, // U+1EC1
    { 26, 43, 340, 0, 43, 280, 6708 }, // U+1EC2
    { 22, 42, 324, 2, 42, 231, 6988 }, // U+1EC3
    { 26, 40, 340, 0, 40, 260, 7219 }, // U+1EC4
    { 18, 39, 324, 2, 39, 176, 7479 }, // U+1EC5
    { 20, 45, 340, 0, 37, 225, 7655 }, // U+1EC6
    { 18, 39, 324, 2, 31, 176, 7880 }, // U+1EC7
    { 15, 38, 283, 2, 38, 143, 8056 }, // U+1EC8
    { 12, 34, 171, 0, 34, 102, 8199 }, // U+1EC9
    { 15, 35, 283, 2, 27, 132, 8301 }, // U+1ECA
    { 11, 35, 176, 0, 27, 97, 8433 }, // U+1ECB
    { 24, 35, 422, 1, 27, 210, 8530 }, // U+1ECC
    { 16, 28, 301, 1, 20, 112, 8740 }, // U+1ECD
    { 24, 38, 422, 1, 38, 228, 8852 }, // U+1ECE
    { 16, 34, 301, 1, 34, 136, 9080 }, // U+1ECF
    { 27, 39, 422, 1, 39, 264, 9216 }, // U+1ED0
    { 21, 36, 301, 1, 36, 189, 9480 }, // U+1ED1
    { 27, 38, 422, 1, 38, 257, 9669 }, // U+1ED2
    { 19, 36, 301, 1, 36, 171, 9926 }, // U+1ED3
    { 28, 44, 422, 1, 44, 308, 10097 }, // U+1ED4
    { 21, 43, 301, 1, 43, 226, 10405 }, // U+1ED5
    { 29, 40, 422, 1, 40, 290, 10631 }, // U+1ED6
    { 17, 39, 301, 1, 39, 166, 10921 }, // U+1ED7
    { 24, 45, 422, 1, 37, 270, 11087 }, // U+1ED8
    { 16, 39, 301, 1, 31, 156, 11357 }, // U+1ED9
    { 26, 36, 411, 1, 36, 234, 11513 }, // U+1EDA
    { 21, 32, 317, 1, 32, 168, 11747 }, // U+1EDB
    { 26, 37, 411, 1, 37, 241, 11915 }, // U+1EDC
    { 21, 32, 317, 1, 32, 168, 12156 }, // U+1EDD
    { 26, 38, 411, 1, 38, 247, 12324 }, // U+1EDE
    { 21, 34, 317, 1, 34, 179, 12571 }, // U+1EDF
    { 26, 37, 411, 1, 37, 241, 12750 }, // U+1EE0
    { 21, 30, 317, 1, 30, 158, 12991 }, // U+1EE1
    { 26, 39, 411, 1, 31, 254, 13149 }, // U+1EE2
    { 21, 33, 317, 1, 25, 174, 13403 }, // U+1EE3
    { 21, 35, 389, 2, 27, 184, 13577 }, // U+1EE4
    { 16, 28, 293, 2, 20, 112, 13761 }, // U+1EE5
    { 21, 38, 389, 2, 38, 200, 13873 }, // U+1EE6
    { 16, 34, 293, 2, 34, 136, 14073 }, // U+1EE7
    { 26, 36, 413, 2, 36, 234, 14209 }, // U+1EE8
    { 22, 33, 337, 2, 32, 182, 14443 }, // U+1EE9
    { 26, 37, 413, 2, 37, 241, 14625 }, // U+1EEA
    { 22, 33, 337, 2, 32, 182, 14866 }, // U+1EEB
    { 26, 39, 413, 2, 39, 254, 15048 }, // U+1EEC
    { 22, 35, 337, 2, 34, 193, 15302 }, // U+1EED
    { 26, 37, 413, 2, 37, 241, 15495 }, // U+1EEE
    { 22, 31, 337, 2, 30, 171, 15736 }, // U+1EEF
    { 26, 41, 413, 2, 33, 267, 15907 }, // U+1EF0
    { 22, 33, 337, 2, 25, 182, 16174 }, // U+1EF1
    { 20, 37, 325, 1, 37, 185, 16356 }, // U+1EF2
    { 16, 43, 298, 2, 33, 172, 16541 }, // U+1EF3
    { 20, 35, 325, 1, 27, 175, 16713 }, // U+1EF4
    { 21, 31, 298, 2, 21, 163, 16888 }, // U+1EF5
    { 20, 38, 325, 1, 38, 190, 17051 }, // U+1EF6
    { 16, 44, 298, 2, 34, 176, 17241 }, // U+1EF7
    { 20, 37, 325, 1, 37, 185, 17417 }, // U+1EF8
    { 16, 40, 298, 2, 30, 160, 17602 }, // U+1EF9
    { 0, 0, 300, 0, 0, 0, 0 }, // U+2000
    { 0, 0, 600, 0, 0, 0, 0 }, // U+2001
    { 0, 0, 300, 0, 0, 0, 0 }, // U+2002
    { 0, 0, 600, 0, 0, 0, 0 }, // U+2003
    { 0, 0, 200, 0, 0, 0, 0 }, // U+2004
    { 0, 0, 150, 0, 0, 0, 0 }, // U+2005
    { 0, 0, 100, 0, 0, 0, 0 }, // U+2006
    { 0, 0, 374, 0, 0, 0, 0 }, // U+2007
    { 0, 0, 161, 0, 0, 0, 0 }, // U+2008
    { 0, 0, 120, 0, 0, 0, 0 }, // U+2009
    { 0, 0, 30, 0, 0, 0, 0 }, // U+200A
    { 0, 0, 0, 0, 0, 0, 0 }, // U+200B
    { 2, 30, 0, -1, 22, 15, 0 }, // U+200C
    { 8, 34, 0, -4, 26, 68, 15 }, // U+200D
    { 13, 35, 0, -7, 27, 114, 83 }, // U+200E
    { 12, 35, 0, -6, 27, 105, 197 }, // U+200F
    { 12, 3, 204, 1, 12, 9, 302 }, // U+2010
    { 12, 3, 204, 1, 12, 9, 311 }, // U+2011
    { 17, 3, 374, 3, 15, 13, 320 }, // U+2012
    { 14, 4, 265, 1, 14, 14, 333 }, // U+2013
    { 35, 4, 554, 0, 13, 35, 347 }, // U+2014
    { 35, 4, 554, 0, 13, 35, 382 }, // U+2015
    { 12, 38, 300, 4, 30, 114, 417 }, // U+2016
    { 19, 8, 300, 0, -1, 38, 531 }, // U+2017
    { 7, 11, 158, 2, 28, 20, 569 }, // U+2018
    { 8, 12, 149, 0, 28, 24, 589 }, // U+2019
    { 8, 12, 149, 0, 5, 24, 613 }, // U+201A
    { 7, 11, 158, 2, 28, 20, 637 }, // U+201B
    { 14, 11, 260, 2, 28, 39, 657 }, // U+201C
    { 16, 12, 261, 0, 28, 48, 696 }, // U+201D
    { 16, 12, 261, 0, 5, 48, 744 }, // U+201E
    { 14, 11, 262, 2, 28, 39, 792 }, // U+201F
    { 19, 34, 332, 1, 32, 162, 831 }, // U+2020
    { 16, 29, 300, 1, 27, 116, 993 }, // U+2021
    { 8, 7, 179, 2, 13, 14, 1109 }, // U+2022
    { 12, 14, 374, 5, 20, 42, 1123 }, // U+2023
    { 5, 5, 161, 2, 5, 7, 1165 }, // U+2024
    { 14, 5, 300, 2, 5, 18, 1172 }, // U+2025
    { 31, 5, 600, 4, 5, 39, 1190 }, // U+2026
    { 5, 5, 161, 2, 13, 7, 1229 }, // U+2027
    { 0, 0, 0, 0, 0, 0, 1236 }, // U+2028
    { 0, 0, 0, 0, 0, 0, 1236 }, // U+2029
    { 13, 35, 0, -7, 27, 114, 1236 }, // U+202A
    { 12, 35, 0, -6, 27, 105, 1350 }, // U+202B
    { 11, 34, 0, -5, 26, 94, 1455 }, // U+202C
    { 16, 35, 0, -8, 27, 140, 1549 }, // U+202D
    { 15, 35, 0, -8, 27, 132, 1689 }, // U+202E
    { 0, 0, 64, 0, 0, 0, 1821 }, // U+202F
    { 36, 27, 596, 1, 27, 243, 1821 }, // U+2030
    { 7, 12, 155, 1, 27, 21, 2064 }, // U+2032
    { 15, 12, 273, 1, 27, 45, 2085 }, // U+2033
    { 22, 12, 389, 1, 27, 66, 2130 }, // U+2034
    { 7, 12, 155, 1, 27, 21, 2196 }, // U+2035
    { 15, 12, 286, 1, 27, 45, 2217 }, // U+2036
    { 23, 12, 416, 1, 27, 69, 2262 }, // U+2037
    { 17, 8, 299, 1, 0, 34, 2331 }, // U+2038
    { 10, 14, 209, 2, 17, 35, 2365 }, // U+2039
    { 10, 14, 209, 2, 17, 35, 2400 }, // U+203A
    { 24, 26, 374, 0, 25, 156, 2435 }, // U+203B
    { 20, 29, 325, 2, 29, 145, 2591 }, // U+203C
    { 19, 3, 300, 0, 32, 15, 2736 }, // U+203E
    { 8, 3, 179, 1, 11, 6, 2751 }, // U+2043
    { 17, 30, 170, -7, 27, 128, 2757 }, // U+2044
    { 34, 30, 533, 1, 30, 255, 2885 }, // U+2047
    { 28, 30, 446, 1, 30, 210, 3140 }, // U+2048
    { 28, 30, 449, 2, 30, 210, 3350 }, // U+2049
    { 21, 7, 596, 8, 15, 37, 3560 }, // U+2053
    { 29, 12, 506, 1, 27, 87, 3597 }, // U+2057
    { 0, 0, 133, 0, 0, 0, 3684 }, // U+205F
    { 0, 0, 0, 0, 0, 0, 3684 }, // U+2060
    { 0, 0, 0, 0, 0, 0, 3684 }, // U+2061
    { 0, 0, 0, 0, 0, 0, 3684 }, // U+2062
    { 0, 0, 0, 0, 0, 0, 3684 }, // U+2063
    { 0, 0, 0, 0, 0, 0, 3684 }, // U+2064
    { 14, 18, 271, 2, 31, 63, 0 }, // U+2070
    { 15, 18, 252, 1, 31, 68, 63 }, // U+2074
    { 14, 18, 252, 1, 31, 63, 131 }, // U+2075
    { 13, 18, 252, 1, 31, 59, 194 }, // U+2076
    { 13, 18, 252, 1, 31, 59, 253 }, // U+2077
    { 14, 18, 259, 1, 31, 63, 312 }, // U+2078
    { 13, 18, 252, 1, 31, 59, 375 }, // U+2079
    { 11, 14, 257, 3, 27, 39, 434 }, // U+207F
    { 14, 18, 271, 2, 12, 63, 473 }, // U+2080
    { 11, 17, 252, 2, 12, 47, 536 }, // U+2081
    { 12, 17, 258, 2, 12, 51, 583 }, // U+2082
    { 11, 18, 252, 2, 12, 50, 634 }, // U+2083
    { 15, 18, 252, 1, 12, 68, 684 }, // U+2084
    { 14, 18, 252, 1, 12, 63, 752 }, // U+2085
    { 13, 18, 252, 1, 12, 59, 815 }, // U+2086
    { 13, 18, 252, 1, 12, 59, 874 }, // U+2087
    { 14, 18, 259, 1, 12, 63, 933 }, // U+2088
    { 13, 18, 252, 1, 12, 59, 996 }, // U+2089
    { 19, 24, 316, 0, 24, 114, 0 }, // U+20A3
    { 23, 29, 390, 1, 29, 167, 114 }, // U+20A4
    { 22, 25, 353, -1, 25, 138, 281 }, // U+20AC
    { 22, 15, 600, 8, 20, 83, 0 }, // U+2190
    { 15, 24, 600, 11, 25, 90, 83 }, // U+2191
    { 22, 15, 600, 8, 20, 83, 173 }, // U+2192
    { 15, 24, 600, 11, 25, 90, 256 }, // U+2193
    { 23, 16, 600, 7, 21, 92, 346 }, // U+2194
    { 16, 26, 600, 11, 26, 104, 438 }, // U+2195
    { 16, 24, 600, 11, 25, 96, 542 }, // U+21A8
    { 16, 25, 600, 11, 25, 100, 638 }, // U+21B2
    { 16, 25, 600, 11, 25, 100, 738 }, // U+21B3
    { 21, 18, 600, 8, 22, 95, 838 }, // U+21B5
    { 22, 18, 600, 8, 22, 99, 933 }, // U+21D0
    { 18, 22, 600, 10, 24, 99, 1032 }, // U+21D1
    { 22, 18, 600, 8, 22, 99, 1131 }, // U+21D2
    { 18, 22, 600, 10, 24, 99, 1230 }, // U+21D3
    { 23, 17, 600, 7, 21, 98, 1329 }, // U+21D4
    { 25, 27, 600, 6, 26, 169, 0 }, // U+2200
    { 19, 30, 374, 2, 29, 143, 169 }, // U+2202
    { 17, 26, 600, 10, 26, 111, 312 }, // U+2203
    { 28, 30, 600, 5, 28, 210, 423 }, // U+2205
    { 23, 27, 395, 1, 27, 156, 633 }, // U+2206
    { 23, 27, 600, 7, 26, 156, 789 }, // U+2207
    { 24, 26, 600, 7, 26, 156, 945 }, // U+2208
    { 24, 33, 600, 7, 29, 198, 1101 }, // U+2209
    { 24, 20, 600, 7, 23, 120, 1299 }, // U+220A
    { 25, 26, 600, 6, 26, 163, 1419 }, // U+220B
    { 25, 33, 600, 6, 29, 207, 1582 }, // U+220C
    { 25, 20, 600, 6, 23, 125, 1789 }, // U+220D
    { 29, 33, 505, 1, 27, 240, 1914 }, // U+220F
    { 25, 32, 448, 1, 27, 200, 2154 }, // U+2211
    { 17, 5, 271, 0, 15, 22, 2354 }, // U+2212
    { 16, 29, 246, 0, 27, 116, 2376 }, // U+2215
    { 16, 29, 313, 4, 27, 116, 2492 }, // U+2216
    { 16, 18, 374, 4, 22, 72, 2608 }, // U+2217
    { 12, 13, 374, 3, 19, 39, 2680 }, // U+2218
    { 6, 5, 371, 9, 13, 8, 2719 }, // U+2219
    { 24, 36, 374, 0, 31, 216, 2727 }, // U+221A
    { 19, 14, 374, 2, 19, 67, 2943 }, // U+221D
    { 23, 13, 374, 0, 18, 75, 3010 }, // U+221E
    { 24, 26, 600, 7, 26, 156, 3085 }, // U+221F
    { 26, 27, 600, 6, 27, 176, 3241 }, // U+2220
    { 4, 38, 300, 7, 29, 38, 3417 }, // U+2223
    { 11, 38, 300, 4, 29, 105, 3455 }, // U+2225
    { 24, 26, 600, 7, 26, 156, 3560 }, // U+2227
    { 24, 26, 600, 7, 26, 156, 3716 }, // U+2228
    { 21, 27, 600, 8, 27, 142, 3872 }, // U+2229
    { 21, 27, 600, 8, 26, 142, 4014 }, // U+222A
    { 20, 38, 374, 2, 29, 190, 4156 }, // U+222B
    { 24, 21, 600, 7, 20, 126, 4346 }, // U+2234
    { 24, 20, 600, 7, 20, 120, 4472 }, // U+2235
    { 6, 19, 187, 3, 22, 29, 4592 }, // U+2236
    { 24, 20, 600, 7, 20, 120, 4621 }, // U+2237
    { 21, 6, 600, 8, 14, 32, 4741 }, // U+223C
    { 21, 19, 600, 8, 22, 100, 4773 }, // U+2245
    { 16, 14, 304, 1, 19, 56, 4873 }, // U+2248
    { 20, 13, 600, 9, 17, 65, 4929 }, // U+224D
    { 17, 19, 306, 1, 23, 81, 4994 }, // U+2260
    { 20, 16, 600, 9, 19, 80, 5075 }, // U+2261
    { 17, 23, 271, 0, 22, 98, 5155 }, // U+2264
    { 17, 24, 271, 0, 23, 102, 5253 }, // U+2265
    { 30, 17, 600, 4, 21, 128, 5355 }, // U+226A
    { 30, 17, 600, 4, 21, 128, 5483 }, // U+226B
    { 24, 20, 600, 7, 23, 120, 5611 }, // U+2283
    { 24, 33, 600, 7, 29, 198, 5731 }, // U+2284
    { 24, 33, 600, 7, 29, 198, 5929 }, // U+2285
    { 24, 26, 600, 7, 26, 156, 6127 }, // U+2286
    { 24, 26, 600, 7, 26, 156, 6283 }, // U+2287
    { 28, 28, 600, 5, 27, 196, 6439 }, // U+2295
    { 28, 28, 600, 5, 27, 196, 6635 }, // U+2296
    { 27, 28, 600, 5, 27, 189, 6831 }, // U+2297
    { 27, 28, 600, 5, 27, 189, 7020 }, // U+2298
    { 22, 26, 600, 8, 26, 143, 7209 }, // U+22A5
    { 6, 5, 374, 9, 12, 8, 7352 }, // U+22C5
    { 31, 5, 600, 3, 12, 39, 7360 }, // U+22EF
    { 36, 36, 600, 1, 31, 324, 0 }, // U+FFFD
};

static const EpdUnicodeInterval kicomictaxy_18_regularIntervals[] = {
    { 0x0, 0x0, 0x0 },
    { 0x1D, 0x1D, 0x1 },
    { 0x20, 0x7E, 0x2 },
    { 0xA0, 0xCD, 0x61 },
    { 0xCF, 0xDA, 0x8F },
    { 0xDC, 0xED, 0x9B },
    { 0xEF, 0xFA, 0xAD },
    { 0xFC, 0xFF, 0xB9 },
    { 0x100, 0x11C, 0xBD },
    { 0x11E, 0x123, 0xDA },
    { 0x126, 0x133, 0xE0 },
    { 0x136, 0x13E, 0xEE },
    { 0x140, 0x173, 0xF7 },
    { 0x178, 0x17F, 0x12B },
    { 0x1A0, 0x1A1, 0x133 },
    { 0x1AF, 0x1B0, 0x135 },
    { 0x1C6, 0x1F0, 0x137 },
    { 0x1F3, 0x1F5, 0x162 },
    { 0x1F8, 0x21F, 0x165 },
    { 0x300, 0x304, 0x18D },
    { 0x306, 0x30C, 0x192 },
    { 0x30F, 0x30F, 0x199 },
    { 0x311, 0x315, 0x19A },
    { 0x31B, 0x31B, 0x19F },
    { 0x323, 0x329, 0x1A0 },
    { 0x32D, 0x32E, 0x1A7 },
    { 0x330, 0x331, 0x1A9 },
    { 0x342, 0x342, 0x1AB },
    { 0x344, 0x345, 0x1AC },
    { 0x400, 0x45F, 0x1AE },
    { 0x462, 0x463, 0x20E },
    { 0x472, 0x475, 0x210 },
    { 0x48A, 0x4FF, 0x214 },
    { 0x1EA0, 0x1EF9, 0x28A },
    { 0x2000, 0x2030, 0x2E4 },
    { 0x2032, 0x203C, 0x315 },
    { 0x203E, 0x203E, 0x320 },
    { 0x2043, 0x2044, 0x321 },
    { 0x2047, 0x2049, 0x323 },
    { 0x2053, 0x2053, 0x326 },
    { 0x2057, 0x2057, 0x327 },
    { 0x205F, 0x2064, 0x328 },
    { 0x2070, 0x2070, 0x32E },
    { 0x2074, 0x2079, 0x32F },
    { 0x207F, 0x2089, 0x335 },
    { 0x20A3, 0x20A4, 0x340 },
    { 0x20AC, 0x20AC, 0x342 },
    { 0x2190, 0x2195, 0x343 },
    { 0x21A8, 0x21A8, 0x349 },
    { 0x21B2, 0x21B3, 0x34A },
    { 0x21B5, 0x21B5, 0x34C },
    { 0x21D0, 0x21D4, 0x34D },
    { 0x2200, 0x2200, 0x352 },
    { 0x2202, 0x2203, 0x353 },
    { 0x2205, 0x220D, 0x355 },
    { 0x220F, 0x220F, 0x35E },
    { 0x2211, 0x2212, 0x35F },
    { 0x2215, 0x221A, 0x361 },
    { 0x221D, 0x2220, 0x367 },
    { 0x2223, 0x2223, 0x36B },
    { 0x2225, 0x2225, 0x36C },
    { 0x2227, 0x222B, 0x36D },
    { 0x2234, 0x2237, 0x372 },
    { 0x223C, 0x223C, 0x376 },
    { 0x2245, 0x2245, 0x377 },
    { 0x2248, 0x2248, 0x378 },
    { 0x224D, 0x224D, 0x379 },
    { 0x2260, 0x2261, 0x37A },
    { 0x2264, 0x2265, 0x37C },
    { 0x226A, 0x226B, 0x37E },
    { 0x2283, 0x2287, 0x380 },
    { 0x2295, 0x2298, 0x385 },
    { 0x22A5, 0x22A5, 0x389 },
    { 0x22C5, 0x22C5, 0x38A },
    { 0x22EF, 0x22EF, 0x38B },
    { 0xFFFD, 0xFFFD, 0x38C },
};

static const EpdFontGroup kicomictaxy_18_regularGroups[] = {
    { 0, 4845, 11090, 97, 0 },
    { 4845, 4645, 13063, 92, 97 },
    { 9490, 5724, 19975, 118, 189 },
    { 15214, 5645, 17655, 90, 307 },
    { 20859, 444, 709, 33, 397 },
    { 21303, 12047, 39896, 220, 430 },
    { 33350, 4720, 18903, 90, 650 },
    { 38070, 1548, 3898, 74, 740 },
    { 39618, 427, 1206, 18, 814 },
    { 40045, 204, 444, 3, 832 },
    { 40249, 608, 1514, 15, 835 },
    { 40857, 2663, 7758, 58, 850 },
    { 43520, 168, 324, 1, 908 },
};

static const EpdKernClassEntry kicomictaxy_18_regularKernLeftClasses[] = {
    { 0x0022, 1 }, // "
    { 0x0027, 1 }, // '
    { 0x0028, 2 }, // (
    { 0x002A, 3 }, // *
    { 0x002B, 4 }, // +
    { 0x002C, 5 }, // ,
    { 0x002D, 6 }, // -
    { 0x002E, 5 }, // .
    { 0x002F, 7 }, // /
    { 0x0030, 8 }, // 0
    { 0x0031, 9 }, // 1
    { 0x0032, 10 }, // 2
    { 0x0033, 11 }, // 3
    { 0x0034, 12 }, // 4
    { 0x0035, 8 }, // 5
    { 0x0036, 10 }, // 6
    { 0x0037, 13 }, // 7
    { 0x0038, 14 }, // 8
    { 0x0039, 15 }, // 9
    { 0x003A, 16 }, // :
    { 0x003B, 16 }, // ;
    { 0x003C, 4 }, // <
    { 0x003D, 4 }, // =
    { 0x003E, 4 }, // >
    { 0x0040, 17 }, // @
    { 0x0041, 18 }, // A
    { 0x0042, 19 }, // B
    { 0x0043, 20 }, // C
    { 0x0044, 21 }, // D
    { 0x0045, 22 }, // E
    { 0x0046, 23 }, // F
    { 0x0047, 24 }, // G
    { 0x0048, 25 }, // H
    { 0x0049, 25 }, // I
    { 0x004A, 26 }, // J
    { 0x004B, 27 }, // K
    { 0x004C, 28 }, // L
    { 0x004D, 29 }, // M
    { 0x004E, 30 }, // N
    { 0x004F, 21 }, // O
    { 0x0050, 31 }, // P
    { 0x0051, 32 }, // Q
    { 0x0052, 33 }, // R
    { 0x0053, 34 }, // S
    { 0x0054, 35 }, // T
    { 0x0055, 36 }, // U
    { 0x0056, 37 }, // V
    { 0x0057, 37 }, // W
    { 0x0058, 38 }, // X
    { 0x0059, 39 }, // Y
    { 0x005A, 40 }, // Z
    { 0x005B, 41 }, // [
    { 0x005C, 42 }, // <backslash>
    { 0x0061, 43 }, // a
    { 0x0062, 44 }, // b
    { 0x0063, 45 }, // c
    { 0x0064, 46 }, // d
    { 0x0065, 47 }, // e
    { 0x0066, 48 }, // f
    { 0x0067, 49 }, // g
    { 0x0068, 50 }, // h
    { 0x0069, 51 }, // i
    { 0x006A, 52 }, // j
    { 0x006B, 53 }, // k
    { 0x006C, 54 }, // l
    { 0x006D, 50 }, // m
    { 0x006E, 50 }, // n
    { 0x006F, 44 }, // o
    { 0x0070, 44 }, // p
    { 0x0071, 55 }, // q
    { 0x0072, 56 }, // r
    { 0x0073, 57 }, // s
    { 0x0074, 58 }, // t
    { 0x0075, 59 }, // u
    { 0x0076, 60 }, // v
    { 0x0077, 60 }, // w
    { 0x0078, 61 }, // x
    { 0x0079, 60 }, // y
    { 0x007A, 62 }, // z
    { 0x007B, 63 }, // {
    { 0x007E, 4 }, // ~
    { 0x00A1, 64 }, // U+00A1
    { 0x00AB, 65 }, // U+00AB
    { 0x00AD, 6 }, // U+00AD
    { 0x00BB, 66 }, // U+00BB
    { 0x00BF, 67 }, // U+00BF
    { 0x00C0, 18 }, // U+00C0
    { 0x00C1, 18 }, // U+00C1
    { 0x00C2, 18 }, // U+00C2
    { 0x00C3, 18 }, // U+00C3
    { 0x00C4, 18 }, // U+00C4
    { 0x00C5, 18 }, // U+00C5
    { 0x00C6, 22 }, // U+00C6
    { 0x00C7, 20 }, // U+00C7
    { 0x00C8, 22 }, // U+00C8
    { 0x00C9, 22 }, // U+00C9
    { 0x00CA, 22 }, // U+00CA
    { 0x00CB, 22 }, // U+00CB
    { 0x00CC, 25 }, // U+00CC
    { 0x00CD, 25 }, // U+00CD
    { 0x00CF, 25 }, // U+00CF
    { 0x00D0, 21 }, // U+00D0
    { 0x00D1, 30 }, // U+00D1
    { 0x00D2, 21 }, // U+00D2
    { 0x00D3, 21 }, // U+00D3
    { 0x00D4, 21 }, // U+00D4
    { 0x00D5, 21 }, // U+00D5
    { 0x00D6, 21 }, // U+00D6
    { 0x00D7, 4 }, // U+00D7
    { 0x00D8, 68 }, // U+00D8
    { 0x00D9, 36 }, // U+00D9
    { 0x00DA, 36 }, // U+00DA
    { 0x00DC, 36 }, // U+00DC
    { 0x00DD, 39 }, // U+00DD
    { 0x00DE, 69 }, // U+00DE
    { 0x00DF, 70 }, // U+00DF
    { 0x00E0, 43 }, // U+00E0
    { 0x00E1, 43 }, // U+00E1
    { 0x00E2, 43 }, // U+00E2
    { 0x00E3, 43 }, // U+00E3
    { 0x00E4, 43 }, // U+00E4
    { 0x00E5, 43 }, // U+00E5
    { 0x00E6, 47 }, // U+00E6
    { 0x00E7, 45 }, // U+00E7
    { 0x00E8, 47 }, // U+00E8
    { 0x00E9, 47 }, // U+00E9
    { 0x00EA, 47 }, // U+00EA
    { 0x00EB, 47 }, // U+00EB
    { 0x00EC, 51 }, // U+00EC
    { 0x00ED, 51 }, // U+00ED
    { 0x00EF, 71 }, // U+00EF
    { 0x00F0, 72 }, // U+00F0
    { 0x00F1, 50 }, // U+00F1
    { 0x00F2, 44 }, // U+00F2
    { 0x00F3, 44 }, // U+00F3
    { 0x00F4, 44 }, // U+00F4
    { 0x00F5, 44 }, // U+00F5
    { 0x00F6, 44 }, // U+00F6
    { 0x00F7, 4 }, // U+00F7
    { 0x00F8, 73 }, // U+00F8
    { 0x00F9, 59 }, // U+00F9
    { 0x00FA, 59 }, // U+00FA
    { 0x00FC, 59 }, // U+00FC
    { 0x00FD, 60 }, // U+00FD
    { 0x00FE, 44 }, // U+00FE
    { 0x00FF, 60 }, // U+00FF
    { 0x0100, 18 }, // U+0100
    { 0x0101, 43 }, // U+0101
    { 0x0102, 18 }, // U+0102
    { 0x0103, 43 }, // U+0103
    { 0x0104, 74 }, // U+0104
    { 0x0105, 75 }, // U+0105
    { 0x0106, 20 }, // U+0106
    { 0x0107, 45 }, // U+0107
    { 0x0108, 20 }, // U+0108
    { 0x0109, 45 }, // U+0109
    { 0x010A, 20 }, // U+010A
    { 0x010B, 45 }, // U+010B
    { 0x010C, 20 }, // U+010C
    { 0x010D, 45 }, // U+010D
    { 0x010E, 21 }, // U+010E
    { 0x010F, 76 }, // U+010F
    { 0x0110, 21 }, // U+0110
    { 0x0111, 46 }, // U+0111
    { 0x0112, 22 }, // U+0112
    { 0x0113, 47 }, // U+0113
    { 0x0114, 22 }, // U+0114
    { 0x0115, 47 }, // U+0115
    { 0x0116, 22 }, // U+0116
    { 0x0117, 47 }, // U+0117
    { 0x0118, 77 }, // U+0118
    { 0x0119, 78 }, // U+0119
    { 0x011A, 22 }, // U+011A
    { 0x011B, 47 }, // U+011B
    { 0x011C, 24 }, // U+011C
    { 0x011E, 24 }, // U+011E
    { 0x011F, 49 }, // U+011F
    { 0x0120, 24 }, // U+0120
    { 0x0121, 49 }, // U+0121
    { 0x0122, 24 }, // U+0122
    { 0x0123, 49 }, // U+0123
    { 0x0126, 25 }, // U+0126
    { 0x0127, 50 }, // U+0127
    { 0x0128, 25 }, // U+0128
    { 0x0129, 71 }, // U+0129
    { 0x012A, 25 }, // U+012A
    { 0x012B, 71 }, // U+012B
    { 0x012C, 25 }, // U+012C
    { 0x012D, 71 }, // U+012D
    { 0x012E, 79 }, // U+012E
    { 0x012F, 80 }, // U+012F
    { 0x0130, 25 }, // U+0130
    { 0x0131, 51 }, // U+0131
    { 0x0132, 26 }, // U+0132
    { 0x0133, 52 }, // U+0133
    { 0x0136, 27 }, // U+0136
    { 0x0137, 53 }, // U+0137
    { 0x0138, 53 }, // U+0138
    { 0x0139, 28 }, // U+0139
    { 0x013A, 54 }, // U+013A
    { 0x013B, 28 }, // U+013B
    { 0x013C, 54 }, // U+013C
    { 0x013E, 76 }, // U+013E
    { 0x0141, 28 }, // U+0141
    { 0x0142, 81 }, // U+0142
    { 0x0143, 30 }, // U+0143
    { 0x0144, 50 }, // U+0144
    { 0x0145, 30 }, // U+0145
    { 0x0146, 50 }, // U+0146
    { 0x0147, 30 }, // U+0147
    { 0x0148, 50 }, // U+0148
    { 0x0149, 50 }, // U+0149
    { 0x014A, 30 }, // U+014A
    { 0x014B, 50 }, // U+014B
    { 0x014C, 21 }, // U+014C
    { 0x014D, 44 }, // U+014D
    { 0x014E, 21 }, // U+014E
    { 0x014F, 44 }, // U+014F
    { 0x0150, 21 }, // U+0150
    { 0x0151, 44 }, // U+0151
    { 0x0152, 22 }, // U+0152
    { 0x0153, 47 }, // U+0153
    { 0x0154, 33 }, // U+0154
    { 0x0155, 56 }, // U+0155
    { 0x0156, 33 }, // U+0156
    { 0x0157, 56 }, // U+0157
    { 0x0158, 33 }, // U+0158
    { 0x0159, 56 }, // U+0159
    { 0x015A, 34 }, // U+015A
    { 0x015B, 57 }, // U+015B
    { 0x015C, 34 }, // U+015C
    { 0x015D, 57 }, // U+015D
    { 0x015E, 34 }, // U+015E
    { 0x015F, 57 }, // U+015F
    { 0x0160, 34 }, // U+0160
    { 0x0161, 57 }, // U+0161
    { 0x0162, 35 }, // U+0162
    { 0x0163, 82 }, // U+0163
    { 0x0164, 35 }, // U+0164
    { 0x0166, 35 }, // U+0166
    { 0x0167, 58 }, // U+0167
    { 0x0168, 36 }, // U+0168
    { 0x0169, 59 }, // U+0169
    { 0x016A, 36 }, // U+016A
    { 0x016B, 59 }, // U+016B
    { 0x016C, 36 }, // U+016C
    { 0x016D, 59 }, // U+016D
    { 0x016E, 36 }, // U+016E
    { 0x016F, 59 }, // U+016F
    { 0x0170, 36 }, // U+0170
    { 0x0171, 59 }, // U+0171
    { 0x0172, 36 }, // U+0172
    { 0x0173, 83 }, // U+0173
    { 0x0178, 39 }, // U+0178
    { 0x0179, 40 }, // U+0179
    { 0x017A, 62 }, // U+017A
    { 0x017B, 40 }, // U+017B
    { 0x017C, 62 }, // U+017C
    { 0x017D, 40 }, // U+017D
    { 0x017E, 62 }, // U+017E
    { 0x01A0, 84 }, // U+01A0
    { 0x01A1, 85 }, // U+01A1
    { 0x01AF, 86 }, // U+01AF
    { 0x01B0, 87 }, // U+01B0
    { 0x01C6, 62 }, // U+01C6
    { 0x01C7, 26 }, // U+01C7
    { 0x01C8, 52 }, // U+01C8
    { 0x01C9, 52 }, // U+01C9
    { 0x01CA, 26 }, // U+01CA
    { 0x01CB, 52 }, // U+01CB
    { 0x01CC, 52 }, // U+01CC
    { 0x01CD, 18 }, // U+01CD
    { 0x01CE, 43 }, // U+01CE
    { 0x01CF, 25 }, // U+01CF
    { 0x01D0, 71 }, // U+01D0
    { 0x01D1, 21 }, // U+01D1
    { 0x01D2, 44 }, // U+01D2
    { 0x01D3, 36 }, // U+01D3
    { 0x01D4, 59 }, // U+01D4
    { 0x01D5, 36 }, // U+01D5
    { 0x01D6, 59 }, // U+01D6
    { 0x01D7, 36 }, // U+01D7
    { 0x01D8, 59 }, // U+01D8
    { 0x01D9, 36 }, // U+01D9
    { 0x01DA, 59 }, // U+01DA
    { 0x01DB, 36 }, // U+01DB
    { 0x01DC, 59 }, // U+01DC
    { 0x01DD, 44 }, // U+01DD
    { 0x01DE, 18 }, // U+01DE
    { 0x01DF, 43 }, // U+01DF
    { 0x01E0, 18 }, // U+01E0
    { 0x01E1, 43 }, // U+01E1
    { 0x01E2, 22 }, // U+01E2
    { 0x01E3, 47 }, // U+01E3
    { 0x01E4, 24 }, // U+01E4
    { 0x01E5, 88 }, // U+01E5
    { 0x01E6, 24 }, // U+01E6
    { 0x01E7, 49 }, // U+01E7
    { 0x01E8, 27 }, // U+01E8
    { 0x01E9, 53 }, // U+01E9
    { 0x01EA, 21 }, // U+01EA
    { 0x01EB, 44 }, // U+01EB
    { 0x01EC, 21 }, // U+01EC
    { 0x01ED, 44 }, // U+01ED
    { 0x01EF, 89 }, // U+01EF
    { 0x01F0, 90 }, // U+01F0
    { 0x01F3, 62 }, // U+01F3
    { 0x01F4, 24 }, // U+01F4
    { 0x01F5, 49 }, // U+01F5
    { 0x01F8, 30 }, // U+01F8
    { 0x01F9, 50 }, // U+01F9
    { 0x01FA, 18 }, // U+01FA
    { 0x01FB, 43 }, // U+01FB
    { 0x01FC, 22 }, // U+01FC
    { 0x01FD, 47 }, // U+01FD
    { 0x01FE, 91 }, // U+01FE
    { 0x01FF, 44 }, // U+01FF
    { 0x0200, 18 }, // U+0200
    { 0x0201, 43 }, // U+0201
    { 0x0202, 18 }, // U+0202
    { 0x0203, 43 }, // U+0203
    { 0x0204, 22 }, // U+0204
    { 0x0205, 47 }, // U+0205
    { 0x0206, 22 }, // U+0206
    { 0x0207, 47 }, // U+0207
    { 0x0208, 25 }, // U+0208
    { 0x0209, 71 }, // U+0209
    { 0x020A, 25 }, // U+020A
    { 0x020B, 71 }, // U+020B
    { 0x020C, 21 }, // U+020C
    { 0x020D, 44 }, // U+020D
    { 0x020E, 21 }, // U+020E
    { 0x020F, 44 }, // U+020F
    { 0x0210, 33 }, // U+0210
    { 0x0211, 56 }, // U+0211
    { 0x0212, 33 }, // U+0212
    { 0x0213, 56 }, // U+0213
    { 0x0214, 36 }, // U+0214
    { 0x0215, 59 }, // U+0215
    { 0x0216, 36 }, // U+0216
    { 0x0217, 59 }, // U+0217
    { 0x0218, 34 }, // U+0218
    { 0x0219, 57 }, // U+0219
    { 0x021A, 35 }, // U+021A
    { 0x021B, 58 }, // U+021B
    { 0x021C, 19 }, // U+021C
    { 0x021D, 92 }, // U+021D
    { 0x021E, 25 }, // U+021E
    { 0x021F, 50 }, // U+021F
    { 0x0400, 93 }, // U+0400
    { 0x0401, 93 }, // U+0401
    { 0x0402, 94 }, // U+0402
    { 0x0404, 95 }, // U+0404
    { 0x0405, 96 }, // U+0405
    { 0x0406, 97 }, // U+0406
    { 0x0407, 97 }, // U+0407
    { 0x0408, 98 }, // U+0408
    { 0x0409, 99 }, // U+0409
    { 0x040A, 99 }, // U+040A
    { 0x040B, 100 }, // U+040B
    { 0x040C, 101 }, // U+040C
    { 0x040D, 97 }, // U+040D
    { 0x040E, 102 }, // U+040E
    { 0x040F, 97 }, // U+040F
    { 0x0410, 103 }, // U+0410
    { 0x0411, 104 }, // U+0411
    { 0x0412, 105 }, // U+0412
    { 0x0413, 106 }, // U+0413
    { 0x0414, 107 }, // U+0414
    { 0x0415, 93 }, // U+0415
    { 0x0416, 101 }, // U+0416
    { 0x0417, 105 }, // U+0417
    { 0x0418, 97 }, // U+0418
    { 0x0419, 97 }, // U+0419
    { 0x041A, 101 }, // U+041A
    { 0x041B, 97 }, // U+041B
    { 0x041C, 108 }, // U+041C
    { 0x041D, 97 }, // U+041D
    { 0x041E, 109 }, // U+041E
    { 0x041F, 97 }, // U+041F
    { 0x0420, 110 }, // U+0420
    { 0x0421, 111 }, // U+0421
    { 0x0422, 106 }, // U+0422
    { 0x0423, 102 }, // U+0423
    { 0x0424, 112 }, // U+0424
    { 0x0425, 113 }, // U+0425
    { 0x0426, 107 }, // U+0426
    { 0x0427, 97 }, // U+0427
    { 0x0428, 97 }, // U+0428
    { 0x0429, 107 }, // U+0429
    { 0x042A, 99 }, // U+042A
    { 0x042B, 97 }, // U+042B
    { 0x042C, 99 }, // U+042C
    { 0x042D, 109 }, // U+042D
    { 0x042E, 109 }, // U+042E
    { 0x042F, 97 }, // U+042F
    { 0x0430, 114 }, // U+0430
    { 0x0431, 115 }, // U+0431
    { 0x0432, 116 }, // U+0432
    { 0x0433, 117 }, // U+0433
    { 0x0434, 118 }, // U+0434
    { 0x0435, 119 }, // U+0435
    { 0x0436, 120 }, // U+0436
    { 0x0437, 121 }, // U+0437
    { 0x0438, 122 }, // U+0438
    { 0x0439, 122 }, // U+0439
    { 0x043A, 120 }, // U+043A
    { 0x043B, 122 }, // U+043B
    { 0x043C, 122 }, // U+043C
    { 0x043D, 122 }, // U+043D
    { 0x043E, 115 }, // U+043E
    { 0x043F, 122 }, // U+043F
    { 0x0440, 115 }, // U+0440
    { 0x0441, 123 }, // U+0441
    { 0x0442, 117 }, // U+0442
    { 0x0443, 124 }, // U+0443
    { 0x0444, 115 }, // U+0444
    { 0x0445, 125 }, // U+0445
    { 0x0446, 118 }, // U+0446
    { 0x0447, 122 }, // U+0447
    { 0x0448, 122 }, // U+0448
    { 0x0449, 118 }, // U+0449
    { 0x044A, 126 }, // U+044A
    { 0x044B, 122 }, // U+044B
    { 0x044C, 126 }, // U+044C
    { 0x044D, 115 }, // U+044D
    { 0x044E, 115 }, // U+044E
    { 0x044F, 122 }, // U+044F
    { 0x0450, 119 }, // U+0450
    { 0x0451, 119 }, // U+0451
    { 0x0452, 127 }, // U+0452
    { 0x0453, 117 }, // U+0453
    { 0x0454, 128 }, // U+0454
    { 0x0455, 129 }, // U+0455
    { 0x0456, 130 }, // U+0456
    { 0x0457, 131 }, // U+0457
    { 0x0458, 132 }, // U+0458
    { 0x0459, 126 }, // U+0459
    { 0x045A, 126 }, // U+045A
    { 0x045B, 133 }, // U+045B
    { 0x045C, 120 }, // U+045C
    { 0x045D, 122 }, // U+045D
    { 0x045E, 124 }, // U+045E
    { 0x045F, 122 }, // U+045F
    { 0x0462, 134 }, // U+0462
    { 0x0463, 135 }, // U+0463
    { 0x0472, 109 }, // U+0472
    { 0x0473, 115 }, // U+0473
    { 0x0474, 136 }, // U+0474
    { 0x0475, 137 }, // U+0475
    { 0x048A, 107 }, // U+048A
    { 0x048B, 118 }, // U+048B
    { 0x048C, 99 }, // U+048C
    { 0x048D, 126 }, // U+048D
    { 0x048E, 110 }, // U+048E
    { 0x048F, 115 }, // U+048F
    { 0x0490, 138 }, // U+0490
    { 0x0491, 139 }, // U+0491
    { 0x0492, 140 }, // U+0492
    { 0x0493, 117 }, // U+0493
    { 0x0496, 141 }, // U+0496
    { 0x0497, 142 }, // U+0497
    { 0x0498, 105 }, // U+0498
    { 0x0499, 121 }, // U+0499
    { 0x049A, 141 }, // U+049A
    { 0x049B, 142 }, // U+049B
    { 0x049C, 101 }, // U+049C
    { 0x049D, 120 }, // U+049D
    { 0x049E, 101 }, // U+049E
    { 0x049F, 120 }, // U+049F
    { 0x04A0, 101 }, // U+04A0
    { 0x04A1, 120 }, // U+04A1
    { 0x04A2, 107 }, // U+04A2
    { 0x04A3, 118 }, // U+04A3
    { 0x04A8, 143 }, // U+04A8
    { 0x04A9, 144 }, // U+04A9
    { 0x04AA, 111 }, // U+04AA
    { 0x04AB, 123 }, // U+04AB
    { 0x04AC, 106 }, // U+04AC
    { 0x04AD, 117 }, // U+04AD
    { 0x04AE, 145 }, // U+04AE
    { 0x04AF, 124 }, // U+04AF
    { 0x04B0, 145 }, // U+04B0
    { 0x04B1, 124 }, // U+04B1
    { 0x04B2, 146 }, // U+04B2
    { 0x04B3, 147 }, // U+04B3
    { 0x04B4, 107 }, // U+04B4
    { 0x04B5, 118 }, // U+04B5
    { 0x04B6, 107 }, // U+04B6
    { 0x04B7, 118 }, // U+04B7
    { 0x04B8, 97 }, // U+04B8
    { 0x04B9, 122 }, // U+04B9
    { 0x04BA, 148 }, // U+04BA
    { 0x04BB, 133 }, // U+04BB
    { 0x04BC, 149 }, // U+04BC
    { 0x04BD, 119 }, // U+04BD
    { 0x04BE, 149 }, // U+04BE
    { 0x04BF, 119 }, // U+04BF
    { 0x04C0, 97 }, // U+04C0
    { 0x04C1, 101 }, // U+04C1
    { 0x04C2, 120 }, // U+04C2
    { 0x04C3, 150 }, // U+04C3
    { 0x04C4, 151 }, // U+04C4
    { 0x04C5, 107 }, // U+04C5
    { 0x04C6, 118 }, // U+04C6
    { 0x04C7, 98 }, // U+04C7
    { 0x04C8, 152 }, // U+04C8
    { 0x04C9, 107 }, // U+04C9
    { 0x04CA, 118 }, // U+04CA
    { 0x04CB, 97 }, // U+04CB
    { 0x04CC, 122 }, // U+04CC
    { 0x04CD, 107 }, // U+04CD
    { 0x04CE, 118 }, // U+04CE
    { 0x04CF, 153 }, // U+04CF
    { 0x04D0, 103 }, // U+04D0
    { 0x04D1, 114 }, // U+04D1
    { 0x04D2, 103 }, // U+04D2
    { 0x04D3, 114 }, // U+04D3
    { 0x04D4, 93 }, // U+04D4
    { 0x04D5, 119 }, // U+04D5
    { 0x04D6, 93 }, // U+04D6
    { 0x04D7, 119 }, // U+04D7
    { 0x04D8, 109 }, // U+04D8
    { 0x04D9, 115 }, // U+04D9
    { 0x04DA, 109 }, // U+04DA
    { 0x04DB, 115 }, // U+04DB
    { 0x04DC, 101 }, // U+04DC
    { 0x04DD, 120 }, // U+04DD
    { 0x04DE, 105 }, // U+04DE
    { 0x04DF, 121 }, // U+04DF
    { 0x04E0, 154 }, // U+04E0
    { 0x04E1, 155 }, // U+04E1
    { 0x04E2, 97 }, // U+04E2
    { 0x04E3, 122 }, // U+04E3
    { 0x04E4, 97 }, // U+04E4
    { 0x04E5, 122 }, // U+04E5
    { 0x04E6, 109 }, // U+04E6
    { 0x04E7, 115 }, // U+04E7
    { 0x04E8, 109 }, // U+04E8
    { 0x04E9, 115 }, // U+04E9
    { 0x04EA, 109 }, // U+04EA
    { 0x04EB, 115 }, // U+04EB
    { 0x04EC, 109 }, // U+04EC
    { 0x04ED, 115 }, // U+04ED
    { 0x04EE, 102 }, // U+04EE
    { 0x04EF, 124 }, // U+04EF
    { 0x04F0, 102 }, // U+04F0
    { 0x04F1, 124 }, // U+04F1
    { 0x04F2, 102 }, // U+04F2
    { 0x04F3, 124 }, // U+04F3
    { 0x04F4, 97 }, // U+04F4
    { 0x04F5, 122 }, // U+04F5
    { 0x04F6, 106 }, // U+04F6
    { 0x04F7, 117 }, // U+04F7
    { 0x04F8, 97 }, // U+04F8
    { 0x04F9, 122 }, // U+04F9
    { 0x04FA, 140 }, // U+04FA
    { 0x04FB, 117 }, // U+04FB
    { 0x04FC, 156 }, // U+04FC
    { 0x04FD, 125 }, // U+04FD
    { 0x04FE, 113 }, // U+04FE
    { 0x04FF, 125 }, // U+04FF
    { 0x1EA0, 18 }, // U+1EA0
    { 0x1EA1, 43 }, // U+1EA1
    { 0x1EA2, 18 }, // U+1EA2
    { 0x1EA3, 43 }, // U+1EA3
    { 0x1EA4, 18 }, // U+1EA4
    { 0x1EA5, 43 }, // U+1EA5
    { 0x1EA6, 18 }, // U+1EA6
    { 0x1EA7, 43 }, // U+1EA7
    { 0x1EA8, 18 }, // U+1EA8
    { 0x1EA9, 43 }, // U+1EA9
    { 0x1EAA, 18 }, // U+1EAA
    { 0x1EAB, 43 }, // U+1EAB
    { 0x1EAC, 18 }, // U+1EAC
    { 0x1EAD, 43 }, // U+1EAD
    { 0x1EAE, 18 }, // U+1EAE
    { 0x1EAF, 43 }, // U+1EAF
    { 0x1EB0, 18 }, // U+1EB0
    { 0x1EB1, 43 }, // U+1EB1
    { 0x1EB2, 18 }, // U+1EB2
    { 0x1EB3, 43 }, // U+1EB3
    { 0x1EB4, 18 }, // U+1EB4
    { 0x1EB5, 43 }, // U+1EB5
    { 0x1EB6, 18 }, // U+1EB6
    { 0x1EB7, 43 }, // U+1EB7
    { 0x1EB8, 22 }, // U+1EB8
    { 0x1EB9, 47 }, // U+1EB9
    { 0x1EBA, 22 }, // U+1EBA
    { 0x1EBB, 47 }, // U+1EBB
    { 0x1EBC, 22 }, // U+1EBC
    { 0x1EBD, 47 }, // U+1EBD
    { 0x1EBE, 22 }, // U+1EBE
    { 0x1EBF, 47 }, // U+1EBF
    { 0x1EC0, 22 }, // U+1EC0
    { 0x1EC1, 47 }, // U+1EC1
    { 0x1EC2, 22 }, // U+1EC2
    { 0x1EC3, 47 }, // U+1EC3
    { 0x1EC4, 22 }, // U+1EC4
    { 0x1EC5, 47 }, // U+1EC5
    { 0x1EC6, 22 }, // U+1EC6
    { 0x1EC7, 47 }, // U+1EC7
    { 0x1EC8, 25 }, // U+1EC8
    { 0x1EC9, 71 }, // U+1EC9
    { 0x1ECA, 25 }, // U+1ECA
    { 0x1ECB, 51 }, // U+1ECB
    { 0x1ECC, 21 }, // U+1ECC
    { 0x1ECD, 44 }, // U+1ECD
    { 0x1ECE, 21 }, // U+1ECE
    { 0x1ECF, 44 }, // U+1ECF
    { 0x1ED0, 21 }, // U+1ED0
    { 0x1ED1, 44 }, // U+1ED1
    { 0x1ED2, 21 }, // U+1ED2
    { 0x1ED3, 44 }, // U+1ED3
    { 0x1ED4, 21 }, // U+1ED4
    { 0x1ED5, 44 }, // U+1ED5
    { 0x1ED6, 21 }, // U+1ED6
    { 0x1ED7, 44 }, // U+1ED7
    { 0x1ED8, 21 }, // U+1ED8
    { 0x1ED9, 44 }, // U+1ED9
    { 0x1EDA, 84 }, // U+1EDA
    { 0x1EDB, 85 }, // U+1EDB
    { 0x1EDC, 84 }, // U+1EDC
    { 0x1EDD, 85 }, // U+1EDD
    { 0x1EDE, 84 }, // U+1EDE
    { 0x1EDF, 85 }, // U+1EDF
    { 0x1EE0, 84 }, // U+1EE0
    { 0x1EE1, 85 }, // U+1EE1
    { 0x1EE2, 84 }, // U+1EE2
    { 0x1EE3, 85 }, // U+1EE3
    { 0x1EE4, 36 }, // U+1EE4
    { 0x1EE5, 59 }, // U+1EE5
    { 0x1EE6, 36 }, // U+1EE6
    { 0x1EE7, 59 }, // U+1EE7
    { 0x1EE8, 86 }, // U+1EE8
    { 0x1EE9, 87 }, // U+1EE9
    { 0x1EEA, 86 }, // U+1EEA
    { 0x1EEB, 87 }, // U+1EEB
    { 0x1EEC, 86 }, // U+1EEC
    { 0x1EED, 87 }, // U+1EED
    { 0x1EEE, 86 }, // U+1EEE
    { 0x1EEF, 87 }, // U+1EEF
    { 0x1EF0, 86 }, // U+1EF0
    { 0x1EF1, 87 }, // U+1EF1
    { 0x1EF2, 39 }, // U+1EF2
    { 0x1EF3, 60 }, // U+1EF3
    { 0x1EF4, 39 }, // U+1EF4
    { 0x1EF5, 60 }, // U+1EF5
    { 0x1EF6, 39 }, // U+1EF6
    { 0x1EF7, 60 }, // U+1EF7
    { 0x1EF8, 39 }, // U+1EF8
    { 0x1EF9, 60 }, // U+1EF9
    { 0x2010, 6 }, // U+2010
    { 0x2011, 6 }, // U+2011
    { 0x2013, 6 }, // U+2013
    { 0x2014, 6 }, // U+2014
    { 0x2015, 6 }, // U+2015
    { 0x2018, 157 }, // U+2018
    { 0x2019, 158 }, // U+2019
    { 0x201A, 5 }, // U+201A
    { 0x201B, 157 }, // U+201B
    { 0x201C, 157 }, // U+201C
    { 0x201D, 158 }, // U+201D
    { 0x201E, 5 }, // U+201E
    { 0x201F, 157 }, // U+201F
    { 0x2025, 5 }, // U+2025
    { 0x2026, 5 }, // U+2026
    { 0x2039, 65 }, // U+2039
    { 0x203A, 66 }, // U+203A
    { 0x2212, 4 }, // U+2212
    { 0x2217, 4 }, // U+2217
    { 0x2248, 4 }, // U+2248
    { 0x2260, 4 }, // U+2260
};

static const EpdKernClassEntry kicomictaxy_18_regularKernRightClasses[] = {
    { 0x0021, 1 }, // !
    { 0x0022, 2 }, // "
    { 0x0027, 2 }, // '
    { 0x0029, 3 }, // )
    { 0x002A, 4 }, // *
    { 0x002B, 5 }, // +
    { 0x002C, 6 }, // ,
    { 0x002D, 7 }, // -
    { 0x002E, 8 }, // .
    { 0x002F, 9 }, // /
    { 0x0030, 10 }, // 0
    { 0x0031, 11 }, // 1
    { 0x0032, 12 }, // 2
    { 0x0033, 13 }, // 3
    { 0x0034, 14 }, // 4
    { 0x0035, 15 }, // 5
    { 0x0036, 16 }, // 6
    { 0x0037, 17 }, // 7
    { 0x0038, 18 }, // 8
    { 0x003A, 19 }, // :
    { 0x003B, 20 }, // ;
    { 0x003C, 5 }, // <
    { 0x003D, 5 }, // =
    { 0x003E, 5 }, // >
    { 0x003F, 21 }, // ?
    { 0x0041, 22 }, // A
    { 0x0042, 23 }, // B
    { 0x0043, 24 }, // C
    { 0x0044, 23 }, // D
    { 0x0045, 23 }, // E
    { 0x0046, 23 }, // F
    { 0x0047, 24 }, // G
    { 0x0048, 23 }, // H
    { 0x0049, 23 }, // I
    { 0x004A, 25 }, // J
    { 0x004B, 23 }, // K
    { 0x004C, 23 }, // L
    { 0x004D, 26 }, // M
    { 0x004E, 23 }, // N
    { 0x004F, 24 }, // O
    { 0x0050, 23 }, // P
    { 0x0051, 24 }, // Q
    { 0x0052, 23 }, // R
    { 0x0053, 27 }, // S
    { 0x0054, 28 }, // T
    { 0x0055, 29 }, // U
    { 0x0056, 30 }, // V
    { 0x0057, 30 }, // W
    { 0x0058, 31 }, // X
    { 0x0059, 32 }, // Y
    { 0x005A, 33 }, // Z
    { 0x005C, 34 }, // <backslash>
    { 0x005D, 35 }, // ]
    { 0x0061, 36 }, // a
    { 0x0062, 37 }, // b
    { 0x0063, 38 }, // c
    { 0x0064, 38 }, // d
    { 0x0065, 38 }, // e
    { 0x0066, 39 }, // f
    { 0x0067, 40 }, // g
    { 0x0068, 41 }, // h
    { 0x0069, 42 }, // i
    { 0x006A, 43 }, // j
    { 0x006B, 41 }, // k
    { 0x006C, 41 }, // l
    { 0x006D, 44 }, // m
    { 0x006E, 44 }, // n
    { 0x006F, 38 }, // o
    { 0x0070, 45 }, // p
    { 0x0071, 38 }, // q
    { 0x0072, 44 }, // r
    { 0x0073, 46 }, // s
    { 0x0074, 47 }, // t
    { 0x0075, 48 }, // u
    { 0x0076, 49 }, // v
    { 0x0077, 49 }, // w
    { 0x0078, 50 }, // x
    { 0x0079, 51 }, // y
    { 0x007A, 52 }, // z
    { 0x007D, 53 }, // }
    { 0x007E, 5 }, // ~
    { 0x00AB, 54 }, // U+00AB
    { 0x00AD, 7 }, // U+00AD
    { 0x00B0, 55 }, // U+00B0
    { 0x00BB, 56 }, // U+00BB
    { 0x00BF, 57 }, // U+00BF
    { 0x00C0, 22 }, // U+00C0
    { 0x00C1, 22 }, // U+00C1
    { 0x00C2, 22 }, // U+00C2
    { 0x00C3, 22 }, // U+00C3
    { 0x00C4, 22 }, // U+00C4
    { 0x00C5, 22 }, // U+00C5
    { 0x00C6, 58 }, // U+00C6
    { 0x00C7, 24 }, // U+00C7
    { 0x00C8, 23 }, // U+00C8
    { 0x00C9, 23 }, // U+00C9
    { 0x00CA, 23 }, // U+00CA
    { 0x00CB, 23 }, // U+00CB
    { 0x00CC, 23 }, // U+00CC
    { 0x00CD, 23 }, // U+00CD
    { 0x00CF, 23 }, // U+00CF
    { 0x00D0, 23 }, // U+00D0
    { 0x00D1, 23 }, // U+00D1
    { 0x00D2, 24 }, // U+00D2
    { 0x00D3, 24 }, // U+00D3
    { 0x00D4, 24 }, // U+00D4
    { 0x00D5, 24 }, // U+00D5
    { 0x00D6, 24 }, // U+00D6
    { 0x00D7, 5 }, // U+00D7
    { 0x00D8, 59 }, // U+00D8
    { 0x00D9, 29 }, // U+00D9
    { 0x00DA, 29 }, // U+00DA
    { 0x00DC, 29 }, // U+00DC
    { 0x00DD, 32 }, // U+00DD
    { 0x00DE, 23 }, // U+00DE
    { 0x00DF, 60 }, // U+00DF
    { 0x00E0, 36 }, // U+00E0
    { 0x00E1, 36 }, // U+00E1
    { 0x00E2, 36 }, // U+00E2
    { 0x00E3, 61 }, // U+00E3
    { 0x00E4, 62 }, // U+00E4
    { 0x00E5, 36 }, // U+00E5
    { 0x00E6, 36 }, // U+00E6
    { 0x00E7, 38 }, // U+00E7
    { 0x00E8, 38 }, // U+00E8
    { 0x00E9, 38 }, // U+00E9
    { 0x00EA, 38 }, // U+00EA
    { 0x00EB, 63 }, // U+00EB
    { 0x00EC, 64 }, // U+00EC
    { 0x00ED, 42 }, // U+00ED
    { 0x00EF, 65 }, // U+00EF
    { 0x00F0, 38 }, // U+00F0
    { 0x00F1, 44 }, // U+00F1
    { 0x00F2, 38 }, // U+00F2
    { 0x00F3, 38 }, // U+00F3
    { 0x00F4, 38 }, // U+00F4
    { 0x00F5, 38 }, // U+00F5
    { 0x00F6, 38 }, // U+00F6
    { 0x00F7, 5 }, // U+00F7
    { 0x00F8, 66 }, // U+00F8
    { 0x00F9, 48 }, // U+00F9
    { 0x00FA, 48 }, // U+00FA
    { 0x00FC, 48 }, // U+00FC
    { 0x00FD, 51 }, // U+00FD
    { 0x00FE, 67 }, // U+00FE
    { 0x00FF, 51 }, // U+00FF
    { 0x0100, 22 }, // U+0100
    { 0x0101, 68 }, // U+0101
    { 0x0102, 22 }, // U+0102
    { 0x0103, 69 }, // U+0103
    { 0x0104, 22 }, // U+0104
    { 0x0105, 36 }, // U+0105
    { 0x0106, 24 }, // U+0106
    { 0x0107, 38 }, // U+0107
    { 0x0108, 24 }, // U+0108
    { 0x0109, 38 }, // U+0109
    { 0x010A, 24 }, // U+010A
    { 0x010B, 38 }, // U+010B
    { 0x010C, 24 }, // U+010C
    { 0x010D, 38 }, // U+010D
    { 0x010E, 23 }, // U+010E
    { 0x010F, 38 }, // U+010F
    { 0x0110, 23 }, // U+0110
    { 0x0111, 38 }, // U+0111
    { 0x0112, 23 }, // U+0112
    { 0x0113, 70 }, // U+0113
    { 0x0114, 23 }, // U+0114
    { 0x0115, 70 }, // U+0115
    { 0x0116, 23 }, // U+0116
    { 0x0117, 38 }, // U+0117
    { 0x0118, 23 }, // U+0118
    { 0x0119, 38 }, // U+0119
    { 0x011A, 23 }, // U+011A
    { 0x011B, 38 }, // U+011B
    { 0x011C, 24 }, // U+011C
    { 0x011E, 24 }, // U+011E
    { 0x011F, 40 }, // U+011F
    { 0x0120, 24 }, // U+0120
    { 0x0121, 40 }, // U+0121
    { 0x0122, 24 }, // U+0122
    { 0x0123, 40 }, // U+0123
    { 0x0126, 23 }, // U+0126
    { 0x0127, 71 }, // U+0127
    { 0x0128, 23 }, // U+0128
    { 0x0129, 65 }, // U+0129
    { 0x012A, 23 }, // U+012A
    { 0x012B, 65 }, // U+012B
    { 0x012C, 23 }, // U+012C
    { 0x012D, 65 }, // U+012D
    { 0x012E, 23 }, // U+012E
    { 0x012F, 42 }, // U+012F
    { 0x0130, 23 }, // U+0130
    { 0x0131, 42 }, // U+0131
    { 0x0132, 23 }, // U+0132
    { 0x0133, 42 }, // U+0133
    { 0x0136, 23 }, // U+0136
    { 0x0137, 41 }, // U+0137
    { 0x0138, 44 }, // U+0138
    { 0x0139, 23 }, // U+0139
    { 0x013A, 41 }, // U+013A
    { 0x013B, 23 }, // U+013B
    { 0x013C, 41 }, // U+013C
    { 0x013D, 23 }, // U+013D
    { 0x013E, 41 }, // U+013E
    { 0x0140, 41 }, // U+0140
    { 0x0141, 23 }, // U+0141
    { 0x0142, 72 }, // U+0142
    { 0x0143, 23 }, // U+0143
    { 0x0144, 44 }, // U+0144
    { 0x0145, 23 }, // U+0145
    { 0x0146, 44 }, // U+0146
    { 0x0147, 23 }, // U+0147
    { 0x0148, 44 }, // U+0148
    { 0x0149, 44 }, // U+0149
    { 0x014A, 23 }, // U+014A
    { 0x014B, 44 }, // U+014B
    { 0x014C, 24 }, // U+014C
    { 0x014D, 38 }, // U+014D
    { 0x014E, 24 }, // U+014E
    { 0x014F, 38 }, // U+014F
    { 0x0150, 24 }, // U+0150
    { 0x0151, 38 }, // U+0151
    { 0x0152, 24 }, // U+0152
    { 0x0153, 38 }, // U+0153
    { 0x0154, 23 }, // U+0154
    { 0x0155, 44 }, // U+0155
    { 0x0156, 23 }, // U+0156
    { 0x0157, 44 }, // U+0157
    { 0x0158, 23 }, // U+0158
    { 0x0159, 73 }, // U+0159
    { 0x015A, 27 }, // U+015A
    { 0x015B, 46 }, // U+015B
    { 0x015C, 27 }, // U+015C
    { 0x015D, 46 }, // U+015D
    { 0x015E, 27 }, // U+015E
    { 0x015F, 46 }, // U+015F
    { 0x0160, 27 }, // U+0160
    { 0x0161, 74 }, // U+0161
    { 0x0162, 28 }, // U+0162
    { 0x0163, 47 }, // U+0163
    { 0x0164, 28 }, // U+0164
    { 0x0165, 47 }, // U+0165
    { 0x0166, 28 }, // U+0166
    { 0x0167, 47 }, // U+0167
    { 0x0168, 29 }, // U+0168
    { 0x0169, 48 }, // U+0169
    { 0x016A, 29 }, // U+016A
    { 0x016B, 48 }, // U+016B
    { 0x016C, 29 }, // U+016C
    { 0x016D, 48 }, // U+016D
    { 0x016E, 29 }, // U+016E
    { 0x016F, 48 }, // U+016F
    { 0x0170, 29 }, // U+0170
    { 0x0171, 48 }, // U+0171
    { 0x0172, 29 }, // U+0172
    { 0x0173, 48 }, // U+0173
    { 0x0178, 32 }, // U+0178
    { 0x0179, 33 }, // U+0179
    { 0x017A, 52 }, // U+017A
    { 0x017B, 33 }, // U+017B
    { 0x017C, 52 }, // U+017C
    { 0x017D, 33 }, // U+017D
    { 0x017E, 75 }, // U+017E
    { 0x017F, 60 }, // U+017F
    { 0x01A0, 24 }, // U+01A0
    { 0x01A1, 38 }, // U+01A1
    { 0x01AF, 29 }, // U+01AF
    { 0x01B0, 48 }, // U+01B0
    { 0x01C6, 38 }, // U+01C6
    { 0x01C7, 23 }, // U+01C7
    { 0x01C8, 23 }, // U+01C8
    { 0x01C9, 41 }, // U+01C9
    { 0x01CA, 23 }, // U+01CA
    { 0x01CB, 23 }, // U+01CB
    { 0x01CC, 44 }, // U+01CC
    { 0x01CD, 22 }, // U+01CD
    { 0x01CE, 36 }, // U+01CE
    { 0x01CF, 23 }, // U+01CF
    { 0x01D0, 65 }, // U+01D0
    { 0x01D1, 24 }, // U+01D1
    { 0x01D2, 38 }, // U+01D2
    { 0x01D3, 29 }, // U+01D3
    { 0x01D4, 48 }, // U+01D4
    { 0x01D5, 29 }, // U+01D5
    { 0x01D6, 48 }, // U+01D6
    { 0x01D7, 29 }, // U+01D7
    { 0x01D8, 48 }, // U+01D8
    { 0x01D9, 29 }, // U+01D9
    { 0x01DA, 48 }, // U+01DA
    { 0x01DB, 29 }, // U+01DB
    { 0x01DC, 48 }, // U+01DC
    { 0x01DD, 76 }, // U+01DD
    { 0x01DE, 22 }, // U+01DE
    { 0x01DF, 36 }, // U+01DF
    { 0x01E0, 22 }, // U+01E0
    { 0x01E1, 36 }, // U+01E1
    { 0x01E2, 58 }, // U+01E2
    { 0x01E3, 36 }, // U+01E3
    { 0x01E4, 24 }, // U+01E4
    { 0x01E5, 77 }, // U+01E5
    { 0x01E6, 24 }, // U+01E6
    { 0x01E7, 40 }, // U+01E7
    { 0x01E8, 23 }, // U+01E8
    { 0x01E9, 41 }, // U+01E9
    { 0x01EA, 24 }, // U+01EA
    { 0x01EB, 38 }, // U+01EB
    { 0x01EC, 24 }, // U+01EC
    { 0x01ED, 38 }, // U+01ED
    { 0x01EE, 78 }, // U+01EE
    { 0x01EF, 79 }, // U+01EF
    { 0x01F3, 38 }, // U+01F3
    { 0x01F4, 24 }, // U+01F4
    { 0x01F5, 40 }, // U+01F5
    { 0x01F8, 23 }, // U+01F8
    { 0x01F9, 44 }, // U+01F9
    { 0x01FA, 22 }, // U+01FA
    { 0x01FB, 36 }, // U+01FB
    { 0x01FC, 58 }, // U+01FC
    { 0x01FD, 36 }, // U+01FD
    { 0x01FE, 80 }, // U+01FE
    { 0x01FF, 38 }, // U+01FF
    { 0x0200, 22 }, // U+0200
    { 0x0201, 36 }, // U+0201
    { 0x0202, 22 }, // U+0202
    { 0x0203, 36 }, // U+0203
    { 0x0204, 23 }, // U+0204
    { 0x0205, 38 }, // U+0205
    { 0x0206, 23 }, // U+0206
    { 0x0207, 38 }, // U+0207
    { 0x0208, 23 }, // U+0208
    { 0x0209, 65 }, // U+0209
    { 0x020A, 23 }, // U+020A
    { 0x020B, 65 }, // U+020B
    { 0x020C, 24 }, // U+020C
    { 0x020D, 38 }, // U+020D
    { 0x020E, 24 }, // U+020E
    { 0x020F, 38 }, // U+020F
    { 0x0210, 23 }, // U+0210
    { 0x0211, 44 }, // U+0211
    { 0x0212, 23 }, // U+0212
    { 0x0213, 44 }, // U+0213
    { 0x0214, 29 }, // U+0214
    { 0x0215, 48 }, // U+0215
    { 0x0216, 29 }, // U+0216
    { 0x0217, 48 }, // U+0217
    { 0x0218, 27 }, // U+0218
    { 0x0219, 46 }, // U+0219
    { 0x021A, 28 }, // U+021A
    { 0x021B, 47 }, // U+021B
    { 0x021C, 81 }, // U+021C
    { 0x021D, 82 }, // U+021D
    { 0x021E, 23 }, // U+021E
    { 0x021F, 41 }, // U+021F
    { 0x0400, 83 }, // U+0400
    { 0x0401, 83 }, // U+0401
    { 0x0402, 84 }, // U+0402
    { 0x0403, 83 }, // U+0403
    { 0x0404, 85 }, // U+0404
    { 0x0405, 86 }, // U+0405
    { 0x0406, 83 }, // U+0406
    { 0x0407, 83 }, // U+0407
    { 0x0408, 87 }, // U+0408
    { 0x0409, 88 }, // U+0409
    { 0x040A, 83 }, // U+040A
    { 0x040B, 84 }, // U+040B
    { 0x040C, 83 }, // U+040C
    { 0x040D, 83 }, // U+040D
    { 0x040E, 89 }, // U+040E
    { 0x040F, 83 }, // U+040F
    { 0x0410, 90 }, // U+0410
    { 0x0411, 83 }, // U+0411
    { 0x0412, 83 }, // U+0412
    { 0x0413, 83 }, // U+0413
    { 0x0414, 91 }, // U+0414
    { 0x0415, 83 }, // U+0415
    { 0x0416, 92 }, // U+0416
    { 0x0417, 93 }, // U+0417
    { 0x0418, 83 }, // U+0418
    { 0x0419, 83 }, // U+0419
    { 0x041A, 83 }, // U+041A
    { 0x041B, 88 }, // U+041B
    { 0x041C, 94 }, // U+041C
    { 0x041D, 83 }, // U+041D
    { 0x041E, 85 }, // U+041E
    { 0x041F, 83 }, // U+041F
    { 0x0420, 83 }, // U+0420
    { 0x0421, 85 }, // U+0421
    { 0x0422, 84 }, // U+0422
    { 0x0423, 89 }, // U+0423
    { 0x0424, 95 }, // U+0424
    { 0x0425, 96 }, // U+0425
    { 0x0426, 83 }, // U+0426
    { 0x0427, 97 }, // U+0427
    { 0x0428, 83 }, // U+0428
    { 0x0429, 83 }, // U+0429
    { 0x042A, 84 }, // U+042A
    { 0x042B, 83 }, // U+042B
    { 0x042C, 83 }, // U+042C
    { 0x042D, 98 }, // U+042D
    { 0x042E, 83 }, // U+042E
    { 0x042F, 99 }, // U+042F
    { 0x0430, 100 }, // U+0430
    { 0x0431, 101 }, // U+0431
    { 0x0432, 102 }, // U+0432
    { 0x0433, 102 }, // U+0433
    { 0x0434, 103 }, // U+0434
    { 0x0435, 104 }, // U+0435
    { 0x0436, 105 }, // U+0436
    { 0x0437, 106 }, // U+0437
    { 0x0438, 102 }, // U+0438
    { 0x0439, 102 }, // U+0439
    { 0x043A, 102 }, // U+043A
    { 0x043B, 107 }, // U+043B
    { 0x043C, 102 }, // U+043C
    { 0x043D, 102 }, // U+043D
    { 0x043E, 104 }, // U+043E
    { 0x043F, 102 }, // U+043F
    { 0x0440, 108 }, // U+0440
    { 0x0441, 104 }, // U+0441
    { 0x0442, 109 }, // U+0442
    { 0x0443, 110 }, // U+0443
    { 0x0444, 104 }, // U+0444
    { 0x0445, 111 }, // U+0445
    { 0x0446, 102 }, // U+0446
    { 0x0447, 112 }, // U+0447
    { 0x0448, 102 }, // U+0448
    { 0x0449, 102 }, // U+0449
    { 0x044A, 109 }, // U+044A
    { 0x044B, 102 }, // U+044B
    { 0x044C, 102 }, // U+044C
    { 0x044D, 106 }, // U+044D
    { 0x044E, 102 }, // U+044E
    { 0x044F, 113 }, // U+044F
    { 0x0450, 104 }, // U+0450
    { 0x0451, 104 }, // U+0451
    { 0x0452, 114 }, // U+0452
    { 0x0453, 102 }, // U+0453
    { 0x0454, 104 }, // U+0454
    { 0x0455, 115 }, // U+0455
    { 0x0456, 116 }, // U+0456
    { 0x0457, 117 }, // U+0457
    { 0x0458, 118 }, // U+0458
    { 0x0459, 107 }, // U+0459
    { 0x045A, 102 }, // U+045A
    { 0x045B, 114 }, // U+045B
    { 0x045C, 102 }, // U+045C
    { 0x045D, 102 }, // U+045D
    { 0x045E, 119 }, // U+045E
    { 0x045F, 102 }, // U+045F
    { 0x0462, 84 }, // U+0462
    { 0x0463, 109 }, // U+0463
    { 0x0472, 85 }, // U+0472
    { 0x0473, 104 }, // U+0473
    { 0x0474, 120 }, // U+0474
    { 0x0475, 110 }, // U+0475
    { 0x048A, 83 }, // U+048A
    { 0x048B, 102 }, // U+048B
    { 0x048C, 121 }, // U+048C
    { 0x048D, 122 }, // U+048D
    { 0x048E, 83 }, // U+048E
    { 0x048F, 108 }, // U+048F
    { 0x0490, 83 }, // U+0490
    { 0x0491, 102 }, // U+0491
    { 0x0492, 83 }, // U+0492
    { 0x0493, 102 }, // U+0493
    { 0x0494, 83 }, // U+0494
    { 0x0495, 102 }, // U+0495
    { 0x0496, 92 }, // U+0496
    { 0x0497, 105 }, // U+0497
    { 0x0498, 93 }, // U+0498
    { 0x0499, 106 }, // U+0499
    { 0x049A, 83 }, // U+049A
    { 0x049B, 102 }, // U+049B
    { 0x049C, 83 }, // U+049C
    { 0x049D, 102 }, // U+049D
    { 0x04A0, 84 }, // U+04A0
    { 0x04A1, 109 }, // U+04A1
    { 0x04A2, 83 }, // U+04A2
    { 0x04A3, 102 }, // U+04A3
    { 0x04A4, 83 }, // U+04A4
    { 0x04A5, 102 }, // U+04A5
    { 0x04A6, 83 }, // U+04A6
    { 0x04A7, 102 }, // U+04A7
    { 0x04A8, 85 }, // U+04A8
    { 0x04A9, 104 }, // U+04A9
    { 0x04AA, 85 }, // U+04AA
    { 0x04AB, 104 }, // U+04AB
    { 0x04AC, 84 }, // U+04AC
    { 0x04AD, 109 }, // U+04AD
    { 0x04AE, 123 }, // U+04AE
    { 0x04AF, 110 }, // U+04AF
    { 0x04B0, 123 }, // U+04B0
    { 0x04B1, 110 }, // U+04B1
    { 0x04B2, 96 }, // U+04B2
    { 0x04B3, 111 }, // U+04B3
    { 0x04B5, 109 }, // U+04B5
    { 0x04B6, 97 }, // U+04B6
    { 0x04B7, 112 }, // U+04B7
    { 0x04B8, 97 }, // U+04B8
    { 0x04B9, 112 }, // U+04B9
    { 0x04BA, 83 }, // U+04BA
    { 0x04BB, 114 }, // U+04BB
    { 0x04BC, 124 }, // U+04BC
    { 0x04BD, 125 }, // U+04BD
    { 0x04BE, 124 }, // U+04BE
    { 0x04BF, 125 }, // U+04BF
    { 0x04C0, 83 }, // U+04C0
    { 0x04C1, 92 }, // U+04C1
    { 0x04C2, 105 }, // U+04C2
    { 0x04C3, 83 }, // U+04C3
    { 0x04C4, 102 }, // U+04C4
    { 0x04C5, 88 }, // U+04C5
    { 0x04C6, 107 }, // U+04C6
    { 0x04C7, 83 }, // U+04C7
    { 0x04C8, 102 }, // U+04C8
    { 0x04C9, 83 }, // U+04C9
    { 0x04CA, 102 }, // U+04CA
    { 0x04CB, 97 }, // U+04CB
    { 0x04CC, 112 }, // U+04CC
    { 0x04CE, 102 }, // U+04CE
    { 0x04CF, 114 }, // U+04CF
    { 0x04D0, 90 }, // U+04D0
    { 0x04D1, 100 }, // U+04D1
    { 0x04D2, 90 }, // U+04D2
    { 0x04D3, 100 }, // U+04D3
    { 0x04D4, 126 }, // U+04D4
    { 0x04D5, 100 }, // U+04D5
    { 0x04D6, 83 }, // U+04D6
    { 0x04D7, 104 }, // U+04D7
    { 0x04D8, 127 }, // U+04D8
    { 0x04D9, 128 }, // U+04D9
    { 0x04DB, 128 }, // U+04DB
    { 0x04DC, 92 }, // U+04DC
    { 0x04DD, 105 }, // U+04DD
    { 0x04DE, 93 }, // U+04DE
    { 0x04DF, 106 }, // U+04DF
    { 0x04E0, 129 }, // U+04E0
    { 0x04E1, 130 }, // U+04E1
    { 0x04E2, 83 }, // U+04E2
    { 0x04E3, 102 }, // U+04E3
    { 0x04E4, 83 }, // U+04E4
    { 0x04E5, 102 }, // U+04E5
    { 0x04E6, 85 }, // U+04E6
    { 0x04E7, 104 }, // U+04E7
    { 0x04E8, 85 }, // U+04E8
    { 0x04E9, 104 }, // U+04E9
    { 0x04EA, 85 }, // U+04EA
    { 0x04EB, 104 }, // U+04EB
    { 0x04ED, 106 }, // U+04ED
    { 0x04EE, 89 }, // U+04EE
    { 0x04EF, 119 }, // U+04EF
    { 0x04F0, 89 }, // U+04F0
    { 0x04F1, 119 }, // U+04F1
    { 0x04F2, 89 }, // U+04F2
    { 0x04F3, 119 }, // U+04F3
    { 0x04F5, 112 }, // U+04F5
    { 0x04F6, 83 }, // U+04F6
    { 0x04F7, 102 }, // U+04F7
    { 0x04F8, 83 }, // U+04F8
    { 0x04F9, 102 }, // U+04F9
    { 0x04FA, 83 }, // U+04FA
    { 0x04FB, 102 }, // U+04FB
    { 0x04FC, 96 }, // U+04FC
    { 0x04FD, 111 }, // U+04FD
    { 0x04FE, 96 }, // U+04FE
    { 0x04FF, 111 }, // U+04FF
    { 0x1EA0, 22 }, // U+1EA0
    { 0x1EA1, 36 }, // U+1EA1
    { 0x1EA2, 22 }, // U+1EA2
    { 0x1EA3, 36 }, // U+1EA3
    { 0x1EA4, 22 }, // U+1EA4
    { 0x1EA5, 36 }, // U+1EA5
    { 0x1EA6, 22 }, // U+1EA6
    { 0x1EA7, 36 }, // U+1EA7
    { 0x1EA8, 22 }, // U+1EA8
    { 0x1EA9, 36 }, // U+1EA9
    { 0x1EAA, 22 }, // U+1EAA
    { 0x1EAB, 36 }, // U+1EAB
    { 0x1EAC, 22 }, // U+1EAC
    { 0x1EAD, 36 }, // U+1EAD
    { 0x1EAE, 22 }, // U+1EAE
    { 0x1EAF, 36 }, // U+1EAF
    { 0x1EB0, 22 }, // U+1EB0
    { 0x1EB1, 36 }, // U+1EB1
    { 0x1EB2, 22 }, // U+1EB2
    { 0x1EB3, 36 }, // U+1EB3
    { 0x1EB4, 22 }, // U+1EB4
    { 0x1EB5, 36 }, // U+1EB5
    { 0x1EB6, 22 }, // U+1EB6
    { 0x1EB7, 36 }, // U+1EB7
    { 0x1EB8, 23 }, // U+1EB8
    { 0x1EB9, 38 }, // U+1EB9
    { 0x1EBA, 23 }, // U+1EBA
    { 0x1EBB, 38 }, // U+1EBB
    { 0x1EBC, 23 }, // U+1EBC
    { 0x1EBD, 38 }, // U+1EBD
    { 0x1EBE, 23 }, // U+1EBE
    { 0x1EBF, 38 }, // U+1EBF
    { 0x1EC0, 23 }, // U+1EC0
    { 0x1EC1, 38 }, // U+1EC1
    { 0x1EC2, 23 }, // U+1EC2
    { 0x1EC3, 38 }, // U+1EC3
    { 0x1EC4, 23 }, // U+1EC4
    { 0x1EC5, 38 }, // U+1EC5
    { 0x1EC6, 23 }, // U+1EC6
    { 0x1EC7, 38 }, // U+1EC7
    { 0x1EC8, 23 }, // U+1EC8
    { 0x1EC9, 65 }, // U+1EC9
    { 0x1ECA, 23 }, // U+1ECA
    { 0x1ECB, 42 }, // U+1ECB
    { 0x1ECC, 24 }, // U+1ECC
    { 0x1ECD, 38 }, // U+1ECD
    { 0x1ECE, 24 }, // U+1ECE
    { 0x1ECF, 38 }, // U+1ECF
    { 0x1ED0, 24 }, // U+1ED0
    { 0x1ED1, 38 }, // U+1ED1
    { 0x1ED2, 24 }, // U+1ED2
    { 0x1ED3, 38 }, // U+1ED3
    { 0x1ED4, 24 }, // U+1ED4
    { 0x1ED5, 38 }, // U+1ED5
    { 0x1ED6, 24 }, // U+1ED6
    { 0x1ED7, 38 }, // U+1ED7
    { 0x1ED8, 24 }, // U+1ED8
    { 0x1ED9, 38 }, // U+1ED9
    { 0x1EDA, 24 }, // U+1EDA
    { 0x1EDB, 38 }, // U+1EDB
    { 0x1EDC, 24 }, // U+1EDC
    { 0x1EDD, 38 }, // U+1EDD
    { 0x1EDE, 24 }, // U+1EDE
    { 0x1EDF, 38 }, // U+1EDF
    { 0x1EE0, 24 }, // U+1EE0
    { 0x1EE1, 38 }, // U+1EE1
    { 0x1EE2, 24 }, // U+1EE2
    { 0x1EE3, 38 }, // U+1EE3
    { 0x1EE4, 29 }, // U+1EE4
    { 0x1EE5, 48 }, // U+1EE5
    { 0x1EE6, 29 }, // U+1EE6
    { 0x1EE7, 48 }, // U+1EE7
    { 0x1EE8, 29 }, // U+1EE8
    { 0x1EE9, 48 }, // U+1EE9
    { 0x1EEA, 29 }, // U+1EEA
    { 0x1EEB, 48 }, // U+1EEB
    { 0x1EEC, 29 }, // U+1EEC
    { 0x1EED, 48 }, // U+1EED
    { 0x1EEE, 29 }, // U+1EEE
    { 0x1EEF, 48 }, // U+1EEF
    { 0x1EF0, 29 }, // U+1EF0
    { 0x1EF1, 48 }, // U+1EF1
    { 0x1EF2, 32 }, // U+1EF2
    { 0x1EF3, 51 }, // U+1EF3
    { 0x1EF4, 32 }, // U+1EF4
    { 0x1EF5, 49 }, // U+1EF5
    { 0x1EF6, 32 }, // U+1EF6
    { 0x1EF7, 51 }, // U+1EF7
    { 0x1EF8, 32 }, // U+1EF8
    { 0x1EF9, 51 }, // U+1EF9
    { 0x2010, 7 }, // U+2010
    { 0x2011, 7 }, // U+2011
    { 0x2013, 7 }, // U+2013
    { 0x2014, 7 }, // U+2014
    { 0x2015, 7 }, // U+2015
    { 0x2018, 131 }, // U+2018
    { 0x2019, 132 }, // U+2019
    { 0x201A, 8 }, // U+201A
    { 0x201B, 131 }, // U+201B
    { 0x201C, 131 }, // U+201C
    { 0x201D, 132 }, // U+201D
    { 0x201E, 8 }, // U+201E
    { 0x201F, 131 }, // U+201F
    { 0x2025, 8 }, // U+2025
    { 0x2026, 8 }, // U+2026
    { 0x2039, 54 }, // U+2039
    { 0x203A, 56 }, // U+203A
    { 0x203C, 1 }, // U+203C
    { 0x2047, 21 }, // U+2047
    { 0x2048, 21 }, // U+2048
    { 0x2049, 1 }, // U+2049
    { 0x2212, 5 }, // U+2212
    { 0x2217, 5 }, // U+2217
    { 0x2248, 5 }, // U+2248
    { 0x2260, 5 }, // U+2260
};

static const int8_t kicomictaxy_18_regularKernMatrix[] = {
       0,    0,    0,    0,    0,    0,    0,    0,    0,    0,    0,    0,    0,  -30,    0,    0,    0,    0,    0,    0,    0,  -30,    0,    0,    0,    0,    0,    0,    0,    0,    0,    0,    0,    0,    0,    0,    0,    0,    0,  -24,    0,    0,    0,    0,    0,    0,   24,    0,    0,    0,    0,    0,    0,    0,    0,    0,    0,    0,    0,    0,    0,    0,    0,    0,    0,    0,    0,    0,    0,    0,    0,    0,    0,    0,    0,    0,  -24,    0,    0,    0,    0,    0,    0,    0,    0,    0,    0,    0,    0,  -30,    0,    0,    0,    0,    0,    0,    0,    0,    0,    0,    0,    0,    0,    0,    0,    0,    0,    0,    0,    0,    0,    0,    0,    0,    0,    0,    0,    0,    0,    0,    0,    0,    0,    0,    0,    0,    0,    0,    0,    0,    0,    0,
       0,    0,    0,    0,    0,    0,    0,    0,    0,    0,    0,    0,    0,    0,    0,    0,    0,    0,    0,    0,    0,    0,    0,  -18,   30,    0,    0,    0,    0,    0,    0,    0,    0,    0,    0,  -12,    0,  -12,    0,    0,    0,    0,   31,    0,    0,    0,    0,    0,   12,    0,   12,    0,    0,    0,    0,    0,    0,    0,  -18,    0,  -12,  -12,  -12,    0,   12,  -12,    0,  -12,  -12,  -12,    0,    0,    0,    0,    0,    0,    0,    0,    0,  -18,    0,    0,    0,    0,  -18,    0,   30,    0,    0,    0,    0,    0,    0,    0,    0,    0,    0,    0,    0,  -12,    0,    0,    0,  -12,    0,    0,    0,    0,    0,   12,    0,    0,    0,    0,    0,    0,   12,   31,   12,    0,    0,    0,    0,    0,    0,    0,    0,    0,    0,    0,    0,    0,
       0,    0,    0,    0,    0,    0,    0,    0,    0,    0,    0,    0,    0,    0,    0,    0,    0,    0,    0,    0,    0,  -49,    0,    0,    0,    0,    0,    0,    0,   24,   24,    0,    0,    0,    0,    0,    0,  -12,    0,  -18,    0,    0,    0,    0,    0,    0,    0,    0,    0,    0,    0,    0,    0,    0,    0,    0,    0,  -81,    0,    0,    0,    0,  -12,    0,    0,  -12,    0,    0,    0,  -12,    0,    0,    0,    0,    0,    0,  -18,    0,    0,    0,    0,    0,    0,    0,    0,    0,    0,  -48,    0,  -49,    0,    0,    0,    0,    0,   24,    0,    0,    0,    0,    0,    0,    0,  -12,    0,    0,    0,    0,    0,    0,    0,    0,    0,    0,    0,    0,    0,    0,    0,   24,    0,    0,    0,    0,    0,  -81,    0,    0,    0,    0,    0,    0,
       0,    0,    0,    0,    0,    0,    0,    0,    0,    0,  -18,  -12,  -18,  -18,    0,    0,  -12,    0,    0,    0,    0,    0,    0,    0,    0,    0,    0,    0,    0,    0,    0,    0,    0,    0,    0,    0,    0,    0,    0,    0,    0,    0,    0,    0,    0,    0,    0,    0,    0,    0,    0,    0,    0,    0,    0,    0,    0,    0,    0,    0,    0,    0,    0,    0,    0,    0,    0,    0,    0,    0,    0,    0,    0,    0,    0,    0,    0,    0,    0,    0,    0,    0,    0,    0,    0,    0,    0,    0,    0,    0,    0,    0,    0,    0,    0,    0,    0,    0,    0,    0,    0,    0,    0,    0,    0,    0,    0,    0,    0,    0,    0,    0,    0,    0,    0,    0,    0,    0,    0,    0,    0,    0,    0,    0,    0,    0,    0,    0,    0,    0,    0,    0,
       0,    0,    0,    0,    0,    0,    0,    0,    0,  -12,    0,    0,    0,  -12,    0,  -12,  -24,    0,    0,    0,    0,   18,    0,  -24,   18,    0,    0,  -42,  -24,  -54,    0,  -48,    0,    0,    0,    0,   -9,   -9,    0,    0,    0,    0,    0,   -6,   -9,    0,  -17,  -23,  -36,    0,  -36,    0,    0,    0,    0,    0,    0,    0,  -24,    0,    0,    0,   -9,    0,    0,   -9,    0,    0,    0,   -9,    0,    0,   -6,    0,    0,    0,    0,    0,    0,  -24,    0,    0,    0,  -42,  -24,    0,   18,    0,  -42,   18,   12,    0,    0,    0,  -18,    0,  -60,    0,    0,    0,    0,    0,    0,   -9,    0,    0,    0,   -9,  -30,  -24,   12,  -36,    0,    0,    0,    0,    0,    0,  -24,  -54,    0,    0,  -48,  -42,  -24,    0,    0,    0,    0,    0,  -48,  -24,
       0,    0,    0,    0,    0,    0,    0,    0,    0,    0,    0,    0,    0,    0,    0,    0,    0,    0,    0,    0,    0,  -18,    0,    0,  -12,    0,    0,  -24,    0,  -30,    0,  -30,    0,    0,    0,    0,    0,    0,    0,    0,    0,    0,    0,    0,    0,    0,    0,    0,   -9,    0,   -9,    0,    0,    0,    0,    0,    0,  -18,    0,    0,    0,    0,    0,    0,    0,    0,    0,    0,    0,    0,    0,    0,    0,    0,    0,    0,    0,    0,    0,    0,  -18,    0,    0,  -24,    0,    0,  -12,    0,    0,  -18,  -12,    0,    0,    0,   12,    0,  -12,    0,    0,    0,    0,    0,    0,    0,    0,    0,    0,    0,    0,   -9,    0,    0,    0,    0,    0,    0,    0,    0,   -9,  -30,    0,    0,  -30,    0,    0,  -18,    0,    0,    0,    0,    0,    0,
       0,    0,    0,    0,    0,    0,    0,    0,    0,  -24,    0,    0,    0,  -54,  -15,  -30,    0,  -18,    0,    0,    0,  -60,    0,  -24,    0,    0,  -18,    0,    0,    0,    0,    0,  -12,    0,    0,  -60,    0,  -54,  -24,  -48,    0,    0,    0,  -30,  -30,  -54,    0,  -18,  -12,  -24,  -12,  -24,    0,    0,    0,    0,    0,  -84,  -24,    0,  -60,  -60,  -54,    0,   24,  -54,    0,  -60,  -60,  -54,    0,    0,  -30,  -54,  -24,    0,  -48,    0,  -18,  -24,    0,  -42,    0,    0,  -24,  -18,    0,  -42,    0,  -60,  -42,    0,    0,    0,  -24,    0,    0,    0,    0,  -60,    0,  -12,  -63,  -54,  -30,  -30,  -39,  -30,  -18,  -12,  -24,    0,  -54,    0,  -54,    0,   24,    0,  -12,    0,    0,    0,    0,    0,  -12,  -84,    0,    0,    0,  -18,    0,    0,
       0,    0,    0,    0,    0,  -12,    0,  -12,    0,    0,    0,    0,    0,    0,    0,    0,    0,    0,    0,    0,    0,    0,    0,    0,    0,    0,    0,    0,    0,    0,    0,    0,    0,    0,    0,    0,    0,    0,    0,    0,    0,    0,    0,    0,    0,    0,    0,    0,    0,    0,    0,    0,    0,    0,  -12,    0,    0,    0,    0,    0,    0,    0,    0,    0,    0,    0,    0,    0,    0,    0,    0,    0,    0,    0,    0,    0,    0,    0,    0,    0,    0,    0,    0,    0,    0,    0,    0,    0,    0,    0,    0,    0,    0,    0,    0,    0,    0,    0,    0,    0,    0,    0,    0,    0,    0,    0,    0,    0,    0,    0,    0,    0,    0,    0,    0,    0,    0,    0,    0,    0,    0,    0,    0,    0,    0,    0,    0,    0,    0,    0,    0,    0,
       0,    0,    0,    0,    0,    0,    0,    0,    0,    0,    0,    0,    0,  -18,    0,    0,  -12,    0,    0,    0,    0,    0,    0,    0,    0,    0,    0,    0,    0,    0,    0,    0,    0,    0,    0,    0,    0,    0,    0,    0,    0,    0,    0,    0,    0,    0,    0,    0,    0,    0,    0,    0,    0,    0,  -36,    0,    0,    0,    0,    0,    0,    0,    0,    0,    0,    0,    0,    0,    0,    0,    0,    0,    0,    0,    0,    0,    0,    0,    0,    0,    0,    0,    0,    0,    0,    0,    0,    0,    0,    0,    0,    0,    0,    0,    0,    0,    0,    0,    0,    0,    0,    0,    0,    0,    0,    0,    0,    0,    0,    0,    0,    0,    0,    0,    0,    0,    0,    0,    0,    0,    0,    0,    0,    0,    0,    0,    0,    0,    0,    0,  -18,    0,
       0,    0,    0,    0,    0,    0,    0,    0,    0,    0,    0,    0,    0,    0,    0,    0,    0,    0,    0,    0,    0,    0,    0,    0,    0,    0,    0,    0,    0,    0,    0,    0,    0,    0,    0,    0,    0,    0,    0,    0,    0,    0,    0,    0,    0,    0,    0,    0,    0,    0,    0,    0,    0,    0,  -12,    0,    0,    0,    0,    0,    0,    0,    0,    0,    0,    0,    0,    0,    0,    0,    0,    0,    0,    0,    0,    0,    0,    0,    0,    0,    0,    0,    0,    0,    0,    0,    0,    0,    0,    0,    0,    0,    0,    0,    0,    0,    0,    0,    0,    0,    0,    0,    0,    0,    0,    0,    0,    0,    0,    0,    0,    0,    0,    0,    0,    0,    0,    0,    0,    0,    0,    0,    0,    0,    0,    0,    0,    0,    0,    0,    0,    0,
       0,    0,    0,    0,    0,  -12,    0,  -12,    0,    0,    0,    0,    0,    0,    0,    0,    0,    0,    0,    0,    0,    0,    0,    0,    0,    0,    0,    0,    0,    0,    0,    0,    0,    0,    0,    0,    0,    0,    0,    0,    0,    0,    0,    0,    0,    0,    0,    0,    0,    0,    0,    0,    0,    0,  -24,    0,    0,    0,    0,    0,    0,    0,    0,    0,    0,    0,    0,    0,    0,    0,    0,    0,    0,    0,    0,    0,    0,    0,    0,    0,    0,    0,    0,    0,    0,    0,    0,    0,    0,    0,    0,    0,    0,    0,    0,    0,    0,    0,    0,    0,    0,    0,    0,    0,    0,    0,    0,    0,    0,    0,    0,    0,    0,    0,    0,    0,    0,    0,    0,    0,    0,    0,    0,    0,    0,    0,    0,    0,    0,    0,    0,    0,
       0,    0,    0,    0,    0,    0,    0,    0,    0,    0,    0,    0,    0,    0,    0,    0,  -12,    0,    0,    0,    0,    0,    0,    0,    0,    0,    0,    0,    0,    0,    0,    0,    0,  -18,    0,    0,    0,    0,    0,    0,    0,    0,    0,    0,    0,    0,    0,    0,    0,    0,    0,    0,    0,    0,  -36,    0,    0,    0,    0,    0,    0,    0,    0,    0,    0,    0,    0,    0,    0,    0,    0,    0,    0,    0,    0,    0,    0,    0,    0,    0,    0,    0,    0,    0,    0,    0,    0,    0,    0,    0,    0,    0,    0,    0,    0,    0,    0,    0,    0,    0,    0,    0,    0,    0,    0,    0,    0,    0,    0,    0,    0,    0,    0,    0,    0,    0,    0,    0,    0,    0,    0,    0,    0,    0,    0,    0,    0,    0,    0,    0,  -12,    0,
       0,    0,    0,    0,  -18,  -42,    0,  -42,  -54,    0,   18,    0,    0,  -30,    0,  -12,    0,  -12,  -12,  -12,    0,    0,    0,    0,    0,    0,    0,    0,    0,    0,    0,    0,    0,    0,    0,    0,    0,    0,    0,    0,    0,    0,    0,    0,    0,    0,    0,    0,    0,    0,    0,    0,    0,    0,    0,    0,    0,    0,    0,    0,    0,    0,    0,    0,    0,    0,    0,    0,    0,    0,    0,    0,    0,    0,    0,    0,    0,    0,    0,    0,    0,    0,    0,    0,    0,    0,    0,    0,    0,    0,    0,    0,    0,    0,    0,    0,    0,    0,    0,    0,    0,    0,    0,    0,    0,    0,    0,    0,    0,    0,    0,    0,    0,    0,    0,    0,    0,    0,    0,    0,    0,    0,    0,    0,    0,    0,    0,    0,    0,    0,    0,    0,
       0,    0,    0,    0,    0,    0,    0,    0,    0,    0,    0,    0,    0,  -12,    0,    0,    0,    0,    0,    0,    0,    0,    0,    0,    0,    0,    0,    0,    0,    0,    0,    0,    0,    0,    0,    0,    0,    0,    0,    0,    0,    0,    0,    0,    0,    0,    0,    0,    0,    0,    0,    0,    0,    0,  -18,    0,    0,    0,    0,    0,    0,    0,    0,    0,    0,    0,    0,    0,    0,    0,    0,    0,    0,    0,    0,    0,    0,    0,    0,    0,    0,    0,    0,    0,    0,    0,    0,    0,    0,    0,    0,    0,    0,    0,    0,    0,    0,    0,    0,    0,    0,    0,    0,    0,    0,    0,    0,    0,    0,    0,    0,    0,    0,    0,    0,    0,    0,    0,    0,    0,    0,    0,    0,    0,    0,    0,    0,    0,    0,    0,    0,    0,
       0,    0,    0,    0,    0,  -24,    0,  -24,  -24,    0,    0,   -6,    0,  -12,  -12,    0,   -6,    0,    0,    0,    0,    0,    0,    0,    0,    0,    0,    0,    0,    0,    0,    0,    0,    0,    0,    0,    0,    0,    0,    0,    0,    0,    0,    0,    0,    0,    0,    0,    0,    0,    0,    0,    0,    0,  -24,    0,    0,    0,    0,    0,    0,    0,    0,    0,    0,    0,    0,    0,    0,    0,    0,    0,    0,    0,    0,    0,    0,    0,    0,    0,    0,    0,    0,    0,    0,    0,    0,    0,    0,    0,    0,    0,    0,    0,    0,    0,    0,    0,    0,    0,    0,    0,    0,    0,    0,    0,    0,    0,    0,    0,    0,    0,    0,    0,    0,    0,    0,    0,    0,    0,    0,    0,    0,    0,    0,    0,    0,    0,    0,    0,    0,    0,
       0,    0,    0,    0,    0,    0,    0,    0,    0,    0,    0,    0,    0,    0,    0,    0,    0,    0,    0,    0,    0,    0,    0,    0,    0,    0,    0,    0,    0,   -9,    0,   -9,    0,    0,    0,    0,    0,    0,    0,    0,    0,    0,    0,    0,    0,    0,    0,    0,    0,    0,    0,    0,    0,    0,    0,    0,    0,    0,    0,    0,    0,    0,    0,    0,    0,    0,    0,    0,    0,    0,    0,    0,    0,    0,    0,    0,    0,    0,    0,    0,    0,    0,    0,    0,    0,    0,    0,    0,    0,    0,    0,    0,    0,    0,    0,    0,    0,    0,    0,    0,    0,    0,    0,    0,    0,    0,    0,    0,    0,    0,    0,    0,    0,    0,    0,    0,    0,    0,    0,   -9,    0,    0,   -9,    0,    0,    0,    0,    0,    0,    0,    0,    0,
       0,    0,    0,    0,    0,    0,    0,    0,    0,    0,    0,    0,    0,    0,    0,    0,    0,    0,    0,    0,    0,    0,    0,    0,    0,    0,    0,    0,    0,    0,    0,  -12,    0,    0,    0,    0,    0,    0,    0,    0,    0,    0,    0,    0,    0,    0,    0,    0,    0,    0,    0,    0,    0,    0,    0,    0,    0,    0,    0,    0,    0,    0,    0,    0,    0,    0,    0,    0,    0,    0,    0,    0,    0,    0,    0,    0,    0,    0,    0,    0,  -12,    0,    0,    0,    0,    0,    0,    0,    0,    0,    0,    0,    0,    0,    0,    0,    0,    0,    0,    0,    0,    0,    0,    0,    0,    0,    0,    0,    0,    0,    0,    0,    0,    0,    0,    0,    0,    0,    0,    0,    0,    0,  -12,    0,    0,    0,    0,    0,    0,    0,    0,    0,
       0,  -30,    0,  -49,    0,    0,  -18,    0,   12,    0,    0,    0,    0,    0,    0,    0,    0,    0,    0,    0,  -33,   15,    0,  -11,    0,   12,    0,  -60,  -36,  -66,   12,  -63,    6,  -60,    0,    0,   -9,    0,    0,    0,    0,    0,    0,    0,    0,    0,   -9,  -12,  -39,   12,  -39,    0,    0,  -18,    0,    0,    0,   18,   -2,    0,    0,    0,    0,    0,    0,    0,    0,    0,    0,    0,    0,    0,    0,    0,    0,    0,    0,    0,    0,   -2,    0,    0,    0,    0,    0,    0,    0,    0,    0,    0,    0,    0,    0,    0,    0,    0,    0,    0,    0,    0,    0,    0,    0,    0,    0,    0,    0,    0,    0,    0,    0,    0,    0,    0,    0,    0,    0,    0,    0,    0,    0,    0,    0,    0,    0,    0,    0,    0,    0,    0,  -54,  -42,
       0,    0,    0,    0,    0,   -9,    0,   -9,    0,    0,    0,    0,    0,    0,    0,    0,    0,    0,    0,    0,    0,   -6,    0,    0,    0,    0,    0,   -9,    0,  -15,   -9,  -12,    0,  -24,    0,    0,    0,   15,    0,    0,    0,    0,   12,    0,    0,    0,    0,    0,    0,    0,    0,    0,    0,    0,    0,    0,    0,  -15,    0,    0,    0,    0,   15,    0,    0,   15,    0,    0,    0,   15,    0,    0,    0,    0,    0,    0,    0,    0,    0,    0,  -12,    0,    0,    0,    0,    0,    0,    0,    0,    0,    0,    0,    0,    0,    0,    0,    0,    0,    0,    0,    0,    0,    0,    0,    0,    0,    0,    0,    0,    0,    0,    0,    0,    0,    0,    0,    0,    0,    0,    0,    0,    0,    0,    0,    0,    0,    0,    0,    0,    0,    0,    0,
       0,    0,    0,    0,    0,    0,  -12,    0,    0,    0,    0,    0,    0,    0,    0,    0,    0,    0,    0,    0,    0,    0,    0,  -14,    0,    0,    0,    0,    0,    0,    0,    0,    0,    0,    0,   -9,    0,   -9,    0,   -9,    0,    0,    0,    0,    0,  -12,    0,   -6,   -8,    0,   -8,    0,    0,    0,    0,    0,    0,    0,  -14,    0,   -9,   -9,   -9,    0,    0,   -9,    0,   -9,   -9,   -9,    0,    0,    0,  -12,    0,    0,   -9,    0,    0,  -14,    0,    0,    0,    0,    0,    0,    0,    0,    0,    0,    0,    0,    0,    0,    0,    0,    0,    0,    0,    0,    0,    0,    0,    0,    0,    0,    0,    0,    0,    0,    0,    0,    0,    0,    0,    0,    0,    0,    0,    0,    0,    0,    0,    0,    0,    0,    0,    0,    0,    0,    0,    0,
       0,    0,  -18,    0,    0,  -24,    0,  -24,  -24,    0,    0,    0,    0,    0,    0,    0,    0,    0,    0,    0,    0,  -18,   -9,    0,  -12,   -6,    0,    0,   -9,  -12,  -18,  -24,   -6,  -18,    0,    0,    0,    0,    0,   -6,    0,    0,    0,    0,    0,    0,   18,    0,    0,    0,    0,    0,    0,    0,    0,    0,    0,  -42,    0,  -12,    0,    0,    0,    0,    0,    0,    0,    0,    0,    0,    0,    0,    0,    0,    0,    0,   -6,   -6,    0,    0,    0,    0,    0,    0,    0,    0,    0,    0,    0,    0,    0,    0,    0,    0,    0,    0,    0,    0,    0,    0,    0,    0,    0,    0,    0,    0,    0,    0,    0,    0,    0,    0,    0,    0,    0,    0,    0,    0,    0,    0,    0,    0,    0,    0,    0,    0,    0,    0,    0,    0,    0,    0,
       0,    0,    0,    0,    0,    0,    0,    0,    0,    0,    0,    0,    0,    0,    0,    0,    0,    0,    0,    0,    0,    0,    0,    0,    0,    0,    0,    0,    0,    0,    0,    0,    0,    0,    0,    0,    0,    0,    0,    0,    0,    0,    0,    0,    0,    0,    0,    0,    0,    0,    0,    0,    0,    0,    0,    0,    0,    0,    0,    0,    0,    0,    0,    0,    0,    0,    0,    0,    0,    0,    0,    0,    0,    0,    0,    0,    0,    0,    0,    0,    0,    0,    0,    0,    0,    0,    0,    0,    0,    0,    0,    0,    0,    0,    0,    0,    0,    0,    0,    0,    0,    0,    0,    0,    0,    0,    0,    0,    0,    0,    0,    0,    0,    0,    0,    0,    0,    0,    0,    0,    0,    0,    0,    0,    0,    0,    0,    0,    0,    0,    0,    6,
       0,    0,    0,   24,    0,  -54,    0,  -54,  -51,    0,    0,    0,    0,    0,    0,    0,    0,    0,    0,    0,    0,  -54,    0,    0,    0,  -12,    0,    0,    0,    0,    0,    0,    0,    0,    0,  -18,    6,  -12,    0,  -24,    6,    0,    0,    0,    0,  -18,    0,    0,    0,    0,    0,  -12,    0,    0,    0,    0,    0,  -69,    0,    0,  -18,  -18,  -12,    0,   24,  -12,    6,  -18,  -18,  -12,    6,    6,    0,  -18,  -12,    0,  -24,    0,    0,    0,    0,    0,    0,    0,    0,    0,    0,    0,    0,    0,    0,    0,    0,    0,    0,    0,    0,    0,    0,    0,    0,    0,    0,    0,    0,    0,    0,    0,    0,    0,    0,    0,    0,    0,    0,    0,    0,    0,    0,    0,    0,    0,    0,    0,    0,    0,    0,    0,    0,    0,   12,   12,
       0,    0,    0,    0,    0,    0,    0,    0,    0,    0,    0,    0,    0,    0,    0,    0,    0,    0,    0,    0,    0,    0,    0,    0,    0,    0,    0,  -12,    0,  -12,    0,  -12,    0,    0,    0,    0,    0,    0,    0,   -6,    0,    0,    0,    0,    0,    0,    0,    0,    0,    0,    0,    0,    0,    0,    0,    0,    0,  -12,    0,    0,    0,    0,    0,    0,    0,    0,    0,    0,    0,    0,    0,    0,    0,    0,    0,    0,   -6,    0,    0,    0,    0,    0,    0,    0,    0,    0,    0,    0,    0,    0,    0,    0,    0,    0,    0,    0,    0,    0,    0,    0,    0,    0,    0,    0,    0,    0,    0,    0,    0,    0,    0,    0,    0,    0,    0,    0,    0,    0,    0,    0,    0,    0,    0,    0,    0,    0,    0,    0,    0,    0,    0,    0,
       0,    0,    0,    0,    0,    0,    0,    0,    0,    0,    0,    0,    0,    0,    0,    0,    0,    0,    0,    0,    0,    0,    0,   -9,    0,    0,    0,    0,    0,    0,    0,    0,    0,    0,    0,    0,    0,   -9,    0,    0,    0,    0,    0,    0,    0,    0,    0,   -7,  -18,    0,  -18,    0,    0,  -12,    0,    0,    0,    0,   -9,    0,    0,    0,   -9,    0,   12,   -9,    0,    0,    0,   -9,    0,    0,    0,    0,    0,    0,    0,    0,    0,   -9,    0,    0,    0,    0,    0,    0,    0,    0,    0,    0,    0,    0,    0,    0,    0,    0,    0,    0,    0,    0,    0,    0,    0,    0,    0,    0,    0,    0,    0,    0,    0,    0,    0,    0,    0,    0,    0,    0,    0,    0,    0,    0,    0,    0,    0,    0,    0,    0,    0,    0,    0,    0,
       0,    0,    0,    0,    0,  -30,  -12,  -30,  -23,    0,    0,    0,    0,    0,    0,    0,    0,    0,  -17,  -17,    0,  -24,    0,   -6,    0,    0,    0,    0,    0,    0,    0,    0,    0,    0,    0,  -18,    0,  -12,    0,  -12,    0,    0,    0,    0,    0,  -16,    0,   -6,   -9,  -12,   -9,   -9,    0,    0,    0,    0,    0,  -30,   -6,    0,  -18,  -18,  -12,    0,   18,  -12,    0,  -18,  -18,  -12,    0,    0,    0,  -16,   -9,    0,  -12,    0,    0,   -6,    0,    0,    0,    0,    0,    0,    0,    0,    0,    0,    0,    0,    0,    0,    0,    0,    0,    0,    0,    0,    0,    0,    0,    0,    0,    0,    0,    0,    0,    0,    0,    0,    0,    0,    0,    0,    0,    0,    0,    0,    0,    0,    0,    0,    0,    0,    0,    0,    0,    0,    0,    0,
       0,    0,    0,    0,    0,    0,  -18,    0,    0,    0,    0,    0,    0,    0,    0,    0,    0,    0,    0,    0,    0,   15,    0,  -24,    0,   12,    0,    0,    0,    0,    6,    0,    0,    0,    0,   -8,    0,  -14,    0,    0,    0,    0,    0,    0,   -6,   -7,  -18,  -21,  -36,    0,  -36,    0,    0,    0,    0,    0,    0,    6,  -24,    0,   -8,   -8,  -14,    0,   18,  -14,    0,   -8,   -8,  -14,    0,    0,    0,   -7,    0,    0,    0,    0,    0,  -24,    0,  -12,    0,    0,    0,    0,    0,    0,    0,    0,    0,    0,    0,    0,    0,    0,    0,    0,    0,    0,    0,    0,    0,    0,    0,    0,    0,    0,    0,    0,    0,    0,    0,    0,    0,    0,    0,    0,    0,    0,    0,    0,    0,    0,    0,    0,    0,    0,    0,    0,    0,    0,
       0,    0,    0,  -24,    0,    0,    0,    0,    0,    0,    0,    0,    0,    0,    0,    0,    0,    0,    0,    0,    0,   24,    0,    0,    0,    0,    0,  -30,  -15,  -48,    6,  -48,    0,  -66,    0,    0,    0,    0,    0,    0,    0,    0,    0,    0,    0,    0,    0,    0,  -18,    0,  -18,    0,    0,    0,    0,    0,    0,    0,    0,    0,    0,    0,    0,    0,    0,    0,    0,    0,    0,    0,    0,    0,    0,    0,    0,    0,    0,    0,    0,    0,    0,    0,    0,    0,    0,    0,    0,    0,    0,    0,    0,    0,    0,    0,    0,    0,    0,    0,    0,    0,    0,    0,    0,    0,    0,    0,    0,    0,    0,    0,    0,    0,    0,    0,    0,    0,    0,    0,    0,    0,    0,    0,    0,    0,    0,    0,    0,    0,    0,    0,  -24,  -12,
       0,    0,    0,    0,    0,    0,    0,    0,    0,    0,    0,    0,    0,    0,    0,    0,    0,    0,    0,    0,    0,   12,    0,   -6,    0,    0,    0,  -15,   -9,   -9,   18,  -12,    0,    0,    0,    0,    0,    0,    0,    0,    0,    0,    0,    0,    0,    0,    0,   -6,   -9,    0,   -9,    0,    0,    0,    0,    0,    0,   12,   -6,    0,    0,    0,    0,    0,   24,    0,    0,    0,    0,    0,    0,    0,    0,    0,    0,    0,    0,    0,    0,   -6,    0,    0,    0,    0,    0,    0,    0,    0,    0,    0,    0,    0,    0,    0,    0,    0,    0,    0,    0,    0,    0,    0,    0,    0,    0,    0,    0,    0,    0,    0,    0,    0,    0,    0,    0,    0,    0,    0,    0,    0,    0,    0,    0,    0,    0,    0,    0,    0,    0,    0,  -12,    0,
       0,    0,    0,    0,    0,  -27,  -12,  -27,    0,    0,    0,    0,    0,    0,    0,    0,    0,    0,    0,    0,    0,  -22,    0,   -9,    0,    0,    0,    0,    0,    0,    0,    0,    0,    0,    0,  -13,    0,   -9,    0,  -18,    0,    0,    0,    0,    0,  -15,    0,    0,   -9,   -6,   -9,   -6,    0,    0,    0,    0,    0,  -24,   -9,    0,  -13,  -13,   -9,    0,   24,   -9,    0,  -13,  -13,   -9,    0,    0,    0,  -15,   -6,    0,  -18,    0,    0,   -9,    0,  -18,    0,    0,    0,    0,    0,    0,    0,    0,    0,    0,    0,    0,    0,    0,    0,    0,    0,    0,    0,    0,    0,    0,    0,    0,    0,    0,    0,    0,    0,    0,    0,    0,    0,    0,    0,    0,    0,    0,    0,    0,    0,    0,    0,    0,    0,    0,    0,    0,    0,    0,
       0,   12,    0,   22,    0,  -60,    0,  -60,  -59,    0,    0,    0,    0,    0,    0,    0,    0,    0,    0,    0,    0,  -60,   -9,    0,    0,   -9,    0,   18,    0,    0,   -6,    0,    0,    0,    0,   -9,    0,   -9,    0,  -17,    0,    0,   18,    0,    0,  -11,   12,   15,   18,    0,   18,    0,    0,    0,    0,    0,    0,  -81,    0,    0,   -9,   -9,   -9,    0,   12,   -9,    0,   -9,   -9,   -9,    0,    0,    0,  -11,    0,    0,  -17,    0,    0,    0,    0,    0,    0,    0,    0,    0,    0,    0,    0,    0,    0,    0,    0,    0,    0,    0,    0,    0,    0,    0,    0,    0,    0,    0,    0,    0,    0,    0,    0,    0,    0,    0,    0,    0,    0,    0,    0,    0,    0,    0,    0,    0,    0,    0,    0,    0,    0,    0,    0,    0,   12,   17,
       0,    0,   12,    0,    0,   -6,    0,  -24,  -24,    0,    0,    0,    0,    0,    0,    0,    0,    0,    0,   18,    0,  -18,   -9,    0,   45,   -6,    0,    0,   -9,  -12,  -18,  -24,   -6,  -18,   30,    0,    0,    0,    0,    6,    0,    0,   54,    0,    0,    0,   18,    0,    0,    0,   33,    0,   42,    0,    0,    0,    0,  -42,    0,  -12,    0,    0,    0,    0,    0,    0,    0,    0,    0,    0,    0,    0,    0,    0,    0,    0,   27,   -6,   12,    0,    0,    0,    0,    0,    0,    0,    0,    0,    0,    0,    0,    0,    0,    0,    0,    0,    0,    0,    0,    0,    0,    0,    0,    0,    0,    0,    0,    0,    0,    0,    0,    0,    0,    0,    0,    0,    0,    0,    0,    0,    0,    0,    0,    0,    0,    0,    0,    0,    0,    0,    0,    0,
       0,    0,    0,  -18,    0,    0,  -18,    0,    0,    0,    0,    0,    0,    0,    0,    0,    0,    0,    0,    0,  -18,   24,    0,  -18,    0,   18,    0,  -30,  -21,  -39,   18,  -42,    0,    0,    0,    0,    0,    0,    0,    0,    0,    0,    0,    0,    0,    0,   -6,  -12,  -18,   12,  -18,    0,    0,    0,    0,    0,    0,   18,  -12,    0,    0,    0,    0,    0,    0,    0,    0,    0,    0,    0,    0,    0,    0,    0,    0,    0,    0,    0,    0,  -18,  -12,    0,    0,    0,    0,    0,    0,    0,    0,    0,    0,    0,    0,    0,    0,    0,    0,    0,    0,    0,    0,    0,    0,    0,    0,    0,    0,    0,    0,    0,    0,    0,    0,    0,    0,    0,    0,    0,    0,    0,    0,    0,    0,    0,    0,    0,    0,    0,    0,    0,  -36,  -24,
       0,    0,    0,    0,    0,  -11,    0,  -11,  -12,    0,    0,    0,    0,    0,    0,    0,    0,    0,    0,    0,    0,  -12,    0,    0,    0,    0,    0,    0,    0,   -6,   -6,   -6,    0,    0,    0,    0,    0,    0,    0,  -18,    0,    0,    0,    0,    0,    0,    0,    0,  -12,   -6,  -12,    0,    0,    0,    0,    0,    0,  -18,    0,    0,    0,    0,    0,    0,    0,    0,    0,    0,    0,    0,    0,    0,    0,    0,    0,    0,  -18,    0,    0,    0,    0,  -12,    0,    0,    0,    0,    0,    0,    0,    0,    0,    0,    0,    0,    0,    0,    0,    0,    0,    0,    0,    0,    0,    0,    0,    0,    0,    0,    0,    0,    0,    0,    0,    0,    0,    0,    0,    0,    0,    0,    0,    0,    0,    0,    0,    0,    0,    0,    0,    0,    0,    0,
       0,    0,    0,    0,    0,  -54,  -24,  -54,  -75,    0,    0,    0,    0,    0,    0,    0,    0,    0,  -24,  -24,    0,  -66,    0,  -18,    0,  -15,   -9,    0,    0,    0,    0,    0,   -6,    0,    0,  -33,    0,  -36,    0,  -38,    0,    0,    0,    0,    0,  -42,    0,    0,    0,    0,    0,  -12,    0,  -30,    0,  -12,    0,  -60,  -18,    0,  -33,  -33,  -36,    0,   24,  -36,    0,  -33,  -33,  -36,    0,    0,    0,  -42,  -12,  -12,  -38,    0,    0,  -18,    0,  -12,    0,    0,    0,    0,    0,    0,    0,    0,    0,    0,    0,    0,    0,    0,    0,    0,    0,    0,    0,    0,    0,    0,    0,    0,    0,    0,    0,    0,    0,    0,    0,    0,    0,    0,    0,    0,    0,    0,    0,    0,    0,    0,    0,    0,    0,    0,    0,    0,   12,   12,
       0,    0,    0,    0,    0,  -24,    0,  -24,  -35,    0,    0,    0,    0,    0,    0,    0,    0,    0,    0,    0,    0,  -42,    0,   -9,    0,   -9,   -9,    0,    0,    0,    0,    0,   -6,    0,    0,  -12,    0,   -9,    0,  -24,    0,    0,    0,    0,    0,  -15,    0,    0,    0,  -12,    0,  -12,    0,    0,    0,  -12,    0,  -42,   -9,  -18,  -12,  -12,   -9,    0,   24,   -9,    0,  -12,  -12,   -9,    0,    0,    0,  -15,  -12,    0,  -24,    0,    0,   -9,    0,    0,    0,    0,    0,    0,    0,    0,    0,    0,    0,    0,    0,    0,    0,    0,    0,    0,    0,    0,    0,    0,    0,    0,    0,    0,    0,    0,    0,    0,    0,    0,    0,    0,    0,    0,    0,    0,    0,    0,    0,    0,    0,    0,    0,    0,    0,    0,    0,    0,    0,    0,
       0,    0,    0,   24,    0,  -60,  -30,  -60,  -81,    0,    0,    0,    0,    0,    0,    0,    0,    0,  -12,  -12,    0,  -69,    0,  -24,    0,   -9,  -15,    0,    0,   18,    0,   12,    0,    0,    0,  -38,   15,  -43,  -12,  -54,   15,    0,    0,  -15,  -12,  -38,    0,  -12,  -12,  -18,  -12,  -19,    0,  -24,    0,  -18,    0,  -84,  -24,    0,  -62,  -56,  -43,    0,   36,  -43,   15,  -62,  -38,  -43,   15,   15,  -15,  -38,  -19,    0,  -54,    0,    0,  -24,    0,  -24,    0,    0,    0,    0,    0,    0,    0,    0,    0,    0,    0,    0,    0,    0,    0,    0,    0,    0,    0,    0,    0,    0,    0,    0,    0,    0,    0,    0,    0,    0,    0,    0,    0,    0,    0,    0,    0,    0,    0,    0,    0,    0,    0,    0,    0,    0,    0,    0,    0,   12,
       0,    0,    0,   18,    0,    0,    0,    0,    0,    0,    0,    0,    0,    0,    0,    0,    0,    0,    0,    0,    0,   12,    0,  -18,    0,   15,    0,    0,    0,    0,   18,    0,    0,    0,    0,    0,   12,    0,    0,    0,   12,    0,    0,    0,    0,    0,    0,  -18,  -27,   12,  -27,    0,    0,    0,    0,    0,    0,   18,   -6,    0,    0,    0,    0,    0,   30,    0,   12,    0,    0,    0,   12,   12,    0,    0,    0,    0,    0,    0,    0,   -6,    0,    0,    0,    0,    0,    0,    0,    0,    0,    0,    0,    0,    0,    0,    0,    0,    0,    0,    0,    0,    0,    0,    0,    0,    0,    0,    0,    0,    0,    0,    0,    0,    0,    0,    0,    0,    0,    0,    0,    0,    0,    0,    0,    0,    0,    0,    0,    0,    0,    0,    0,    0,
       0,    0,    0,    0,    0,  -48,  -30,  -48,  -63,    0,    0,    0,    0,    0,    0,    0,    0,    0,  -18,  -18,    0,  -62,    0,  -30,    0,   -9,  -16,    0,    0,   15,    0,   15,    0,    0,    0,  -40,   12,  -48,  -12,  -39,   12,    0,    0,  -18,  -12,  -48,    0,  -18,  -18,  -21,  -18,  -18,    0,  -30,    0,  -24,    0,  -66,  -30,    0,  -40,  -58,  -48,    0,   42,  -48,   12,  -58,  -58,  -48,   12,   12,  -18,  -48,  -18,  -24,  -39,    0,  -12,  -30,    0,  -24,    0,    0,    0,    0,    0,    0,    0,    0,    0,    0,    0,    0,    0,    0,    0,    0,    0,    0,    0,    0,    0,    0,    0,    0,    0,    0,    0,    0,    0,    0,    0,    0,    0,    0,    0,    0,    0,    0,    0,    0,    0,    0,    0,    0,    0,    0,    0,    0,    0,   12,
       0,    0,    0,    0,    0,    0,    0,    0,    0,    0,    0,    0,    0,    0,    0,    0,    0,    0,    0,    0,    0,    0,    0,   -6,    0,    0,    0,    0,    0,    0,    0,    0,    0,    0,    0,    0,    0,    0,    0,    0,    0,    0,    0,    0,    0,    0,    0,    0,   -6,    0,   -6,    0,    0,    0,    0,    0,    0,    0,   -6,    0,    0,    0,    0,    0,   12,    0,    0,    0,    0,    0,    0,    0,    0,    0,    0,    0,    0,    0,    0,   -6,    0,    0,    0,    0,    0,    0,    0,    0,    0,    0,    0,    0,    0,    0,    0,    0,    0,    0,    0,    0,    0,    0,    0,    0,    0,    0,    0,    0,    0,    0,    0,    0,    0,    0,    0,    0,    0,    0,    0,    0,    0,    0,    0,    0,    0,    0,    0,    0,    0,    0,    0,    0,
       0,    0,    0,    0,    0,    0,    0,    0,    0,    0,    0,    0,    0,    0,    0,    0,    0,    0,    0,    0,    0,    0,    0,    0,   24,    0,    0,    0,    0,    0,    0,    0,    0,    0,    0,    0,    0,    0,    0,    0,    0,    0,   25,    0,    0,    0,    0,    0,    0,    0,   31,    0,    0,    0,    0,    0,    0,    0,    0,    0,    0,    0,    0,    0,   12,    0,    0,    0,    0,    0,    0,    0,    0,    0,    0,    0,    0,    0,    0,    0,    0,    0,    0,    0,    0,    0,   24,    0,    0,    0,    0,    0,    0,    0,    0,    0,    0,    0,    0,    0,    0,    0,    0,    0,    0,    0,    0,    0,    0,   31,    0,    0,    0,    0,    0,    0,   12,   25,   31,    0,    0,    0,    0,    0,    0,    0,    0,    0,    0,    0,    0,    0,
       0,    0,    0,    0,    0,    0,    0,    0,    0,    0,    0,    0,    0,  -18,    0,    0,  -36,    0,    0,    0,    0,    0,    0,  -18,    0,    0,    0,  -48,  -30,  -60,    0,  -48,    0,    0,    0,    0,    0,  -12,    0,   12,    0,    0,    0,    0,    0,    0,  -12,  -18,  -18,    0,  -18,    0,    0,    0,    0,    0,    0,    0,  -18,    0,    0,    0,  -12,    0,    0,  -12,    0,    0,    0,  -12,    0,    0,    0,    0,    0,    0,   12,    0,    0,  -18,    0,    0,    0,  -48,  -18,    0,    0,    0,  -24,    0,    0,    0,    0,    0,    0,    0,  -60,    0,    0,    0,    0,    0,    0,  -12,    0,    0,    0,    0,  -18,  -18,    0,  -18,    0,    0,    0,    0,    0,    0,  -18,  -60,    0,    0,  -48,  -39,    0,    0,    0,    0,    0,    0,    0,    0,
       0,    0,    0,  -24,    0,    0,    0,    0,    0,    0,    0,    0,    0,    0,    0,    0,    0,    0,    0,    0,  -15,    0,    0,    0,    0,    0,    0,    0,    0,    0,    0,    0,    0,  -60,    0,    0,   -6,    0,    0,    0,    0,    0,    0,    0,    0,    0,    0,   -6,  -21,    0,  -21,    0,    0,    0,    0,    0,    0,    0,    0,    0,    0,    0,    0,    0,    0,    0,   -8,    0,    0,    0,    0,    0,    0,    0,    0,    0,    0,    0,  -12,    0,    0,    0,    0,    0,    0,    0,    0,    0,    0,    0,    0,    0,    0,    0,    0,    0,    0,    0,    0,    0,    0,    0,    0,    0,    0,    0,    0,    0,    0,    0,    0,    0,    0,    0,    0,    0,    0,    0,    0,    0,    0,    0,    0,    0,    0,    0,    0,    0,    0,    0,  -24,  -18,
       0,    0,  -12,  -12,    0,   -9,    0,   -9,  -24,    0,    0,    0,    0,    0,    0,    0,    0,    0,    0,    0,   -9,    0,    0,    0,    0,    0,    0,    0,    0,    0,    0,    0,    0,  -36,    0,    0,   -7,    0,    0,    0,   -7,    0,    0,    0,    0,    0,    6,    0,   -6,   -9,   -6,    0,    0,    0,    0,    0,    0,    0,    0,    0,    0,    0,    0,    0,    0,    0,   -7,    0,    0,    0,   -7,   23,    0,    0,    0,    0,    0,    0,    0,    0,    0,    0,    0,    0,    0,    0,    0,    0,    0,    0,    0,    0,    0,    0,    0,    0,    0,    0,    0,    0,    0,    0,    0,    0,    0,    0,    0,    0,    0,    0,    0,    0,    0,    0,    0,    0,    0,    0,    0,    0,    0,    0,    0,    0,    0,    0,    0,    0,    0,    0,  -30,  -12,
       0,    0,    0,    0,    0,    0,    0,    0,    0,    0,    0,    0,    0,    0,    0,    0,    0,    0,    0,    0,    0,    0,    0,    0,    0,    0,    0,    0,    0,    0,    0,    0,    0,  -36,    0,   -6,   -6,    0,    0,   -9,   -6,    0,    0,    0,    0,    0,    0,    0,    0,    0,    0,    0,    0,    0,    0,    0,    0,    0,    0,    0,   -6,   -6,    0,    0,    0,    0,   -6,   -6,   -6,    0,   -6,   -6,    0,    0,    0,    0,   -9,    0,    0,    0,    0,    0,    0,    0,    0,    0,    0,    0,    0,    0,    0,    0,    0,    0,    0,    0,    0,    0,    0,    0,    0,    0,    0,    0,    0,    0,    0,    0,    0,    0,    0,    0,    0,    0,    0,    0,    0,    0,    0,    0,    0,    0,    0,    0,    0,    0,    0,    0,    0,    0,    0,   12,
       0,    0,    0,    0,    0,    0,    0,    0,    0,    0,    0,    0,    0,    0,    0,    0,    0,    0,    0,    0,    0,    0,    0,    0,    0,    0,    0,    0,    0,    0,    0,    0,    0,    0,    0,    0,    0,    0,    0,    0,    0,    0,    0,    0,    0,    0,    0,    0,  -18,    6,  -18,    0,    0,    0,    0,    0,    0,    0,    0,    0,    0,    0,    0,    0,    0,    0,    0,    0,    0,    0,    0,    0,    0,    0,    0,    0,    0,    0,    0,    0,    0,    0,    0,    0,    0,    0,    0,    0,    0,    0,    0,    0,    0,    0,    0,    0,    0,    0,    0,    0,    0,    0,    0,    0,    0,    0,    0,    0,    0,    0,    0,    0,    0,    0,    0,    0,    0,    0,    0,    0,    0,    0,    0,    0,    0,    0,    0,    0,    0,    0,  -12,    0,
       0,    0,    0,    0,    0,    0,    0,    0,    0,    0,    0,    0,    0,    0,    0,    0,    0,    0,    0,    0,  -15,    0,    0,    0,    0,    0,    0,    0,    0,    0,    0,    0,    0,  -24,    0,   -6,    0,    0,    0,    0,    0,    0,    0,    0,    0,    0,    0,    0,   -6,    0,   -6,    0,    0,    0,    0,    0,    0,    0,    0,    0,   -6,   -6,    0,    0,    0,    0,    0,   -6,   -6,    0,    0,   18,    0,    0,    0,    0,    0,    0,    0,    0,    0,    0,    0,    0,    0,    0,    0,    0,    0,    0,    0,    0,    0,    0,    0,    0,    0,    0,    0,    0,    0,    0,    0,    0,    0,    0,    0,    0,    0,    0,    0,    0,    0,    0,    0,    0,    0,    0,    0,    0,    0,    0,    0,    0,    0,    0,    0,    0,    0,    0,  -12,    0,
      36,   61,   60,   60,    0,  -12,    0,  -12,  -18,    0,    0,    0,    0,    0,    0,    0,    0,    0,    0,    0,   32,    0,    0,    0,    0,    0,    0,    0,    0,    0,    0,    0,    0,   49,   50,   -8,    0,   -9,    0,   -6,    0,   12,   18,    0,    0,  -10,    0,    0,   12,    0,   12,    0,   60,    0,    0,    0,    0,    0,    0,    0,    4,   22,    6,   72,   78,   -9,    0,    8,    2,   -3,   57,    0,   24,    8,   18,    0,   -6,    0,    0,    0,    0,    0,    0,    0,    0,    0,    0,    0,    0,    0,    0,    0,    0,    0,    0,    0,    0,    0,    0,    0,    0,    0,    0,    0,    0,    0,    0,    0,    0,    0,    0,    0,    0,    0,    0,    0,    0,    0,    0,    0,    0,    0,    0,    0,    0,    0,    0,    0,    0,    0,   48,   57,
       0,   18,    0,   12,    0,    0,    0,    0,    0,    0,    0,    0,    0,    0,    0,    0,    0,    0,    0,    0,    0,    0,    0,    0,    0,    0,    0,    0,    0,    0,    0,    0,    0,  -18,    0,   -9,    0,   -6,    0,    0,    0,    0,   15,    0,    8,    0,   15,    0,    6,    0,    6,    0,    0,    0,    0,    0,    0,    0,    0,    0,   -9,   -9,   -6,    0,    0,   -6,    0,   -9,   -9,   -6,    0,    0,    0,    0,    0,    0,   30,    0,    0,    0,    0,    0,    0,    0,    0,    0,    0,    0,    0,    0,    0,    0,    0,    0,    0,    0,    0,    0,    0,    0,    0,    0,    0,    0,    0,    0,    0,    0,    0,    0,    0,    0,    0,    0,    0,    0,    0,    0,    0,    0,    0,    0,    0,    0,    0,    0,    0,    0,    0,    0,    9,   24,
       0,    0,    0,  -12,    0,    0,    0,    0,    0,    0,    0,    0,    0,    0,    0,    0,    0,    0,    0,    0,  -10,    0,    0,    0,    0,    0,    0,    0,    0,    0,    0,    0,    0,  -54,    0,    0,    0,    0,    0,    0,    0,    0,    0,    0,    0,    0,   -6,   -6,  -33,    0,  -33,    0,    0,    0,    0,    0,    0,    0,    0,    0,    0,    0,    0,    0,    0,    0,    0,    0,    0,    0,    0,    0,    0,    0,    0,    0,    0,    0,    0,    0,    0,    0,    0,    0,    0,    0,    0,    0,    0,    0,    0,    0,    0,    0,    0,    0,    0,    0,    0,    0,    0,    0,    0,    0,    0,    0,    0,    0,    0,    0,    0,    0,    0,    0,    0,    0,    0,    0,    0,    0,    0,    0,    0,    0,    0,    0,    0,    0,    0,    0,  -30,  -18,
       0,    0,    0,    0,    0,    0,    0,    0,    0,    0,    0,    0,    0,    0,    0,    0,    0,    0,    0,    0,    0,    0,    0,    0,    0,    0,    0,    0,    0,    0,    0,    0,    0,    0,    0,    0,    0,    0,    0,    0,    0,    0,    0,    0,    0,    0,    0,    0,  -21,    0,  -21,    0,    0,    0,    0,    0,    0,    0,    0,    0,    0,    0,    0,    0,    0,    0,    0,    0,    0,    0,    0,    0,    0,    0,    0,    0,    0,    0,    0,    0,    0,    0,    0,    0,    0,    0,    0,    0,    0,    0,    0,    0,    0,    0,    0,    0,    0,    0,    0,    0,    0,    0,    0,    0,    0,    0,    0,    0,    0,    0,    0,    0,    0,    0,    0,    0,    0,    0,    0,    0,    0,    0,    0,    0,    0,    0,    0,    0,    0,    0,  -18,    0,
       0,    0,    0,    0,    0,  -12,    0,  -12,    0,    0,    0,    0,    0,    0,    0,    0,    0,    0,    0,    0,    0,    0,    0,    0,    0,    0,    0,    0,    0,    0,    0,    0,    0,    0,    0,    0,    0,    0,    0,  -12,    0,    0,    0,    0,    0,    0,    0,    0,    0,    0,    0,    0,    0,    0,    0,    0,    0,    0,    0,    0,    0,    0,    0,    0,    0,    0,    0,    0,    0,    0,    0,    0,    0,    0,    0,    0,  -12,    0,    0,    0,    0,    0,    0,    0,    0,    0,    0,    0,    0,    0,    0,    0,    0,    0,    0,    0,    0,    0,    0,    0,    0,    0,    0,    0,    0,    0,    0,    0,    0,    0,    0,    0,    0,    0,    0,    0,    0,    0,    0,    0,    0,    0,    0,    0,    0,    0,    0,    0,    0,    0,    0,    0,
       0,    0,    0,    0,    0,    0,    0,    0,    0,    0,    0,    0,    0,    0,    0,    0,    0,    0,    0,    0,   -9,    0,    0,    0,    0,    0,    0,    0,    0,    0,    0,    0,    0,  -12,    0,   -9,  -12,  -12,    0,    0,    0,    0,    6,    0,    0,   -9,    0,    0,    0,    6,    0,    0,    0,    0,    0,    0,    0,    0,    0,    0,   -9,   -9,  -12,    0,    0,   -6,    0,   -9,   -9,  -12,    0,    0,    0,   -9,    0,    0,    0,    0,    0,    0,    0,    0,    0,    0,    0,    0,    0,    0,    0,    0,    0,    0,    0,    0,    0,    0,    0,    0,    0,    0,    0,    0,    0,    0,    0,    0,    0,    0,    0,    0,    0,    0,    0,    0,    0,    0,    0,    0,    0,    0,    0,    0,    0,    0,    0,    0,    0,    0,    0,    0,    0,    0,
       0,    0,    0,    0,    0,    0,    0,    0,    0,    0,    0,    0,    0,    0,    0,    0,    0,    0,    0,    0,  -12,    0,    0,    0,    0,    0,    0,    0,    0,    0,    0,    0,    0,    0,    0,    0,    0,    0,    0,    0,    0,    0,    0,    0,    0,    0,    0,    0,  -12,    0,  -12,    0,    0,    0,    0,    0,    0,    0,    0,    0,    0,    0,    0,    0,    0,    0,    0,    0,    0,    0,    0,    0,    0,    0,    0,    0,    0,    0,    0,    0,    0,    0,    0,    0,    0,    0,    0,    0,    0,    0,    0,    0,    0,    0,    0,    0,    0,    0,    0,    0,    0,    0,    0,    0,    0,    0,    0,    0,    0,    0,    0,    0,    0,    0,    0,    0,    0,    0,    0,    0,    0,    0,    0,    0,    0,    0,    0,    0,    0,    0,  -18,  -12,
       0,    0,    0,    0,    0,    0,    0,    0,    0,    0,    0,    0,    0,    0,    0,    0,    0,    0,    0,    0,   -9,    0,    0,    0,    0,    0,    0,    0,    0,    0,    0,    0,    0,  -30,    0,    0,    0,    0,    0,    0,    0,    0,   40,    0,    6,    0,    0,    0,  -12,    0,   18,    0,    0,    0,    0,    0,    0,    0,    0,    0,    0,    0,    0,    0,    0,    0,    0,    0,    0,    0,    0,    0,    0,    0,    0,    0,    0,    0,    0,    0,    0,    0,    0,    0,    0,    0,    0,    0,    0,    0,    0,    0,    0,    0,    0,    0,    0,    0,    0,    0,    0,    0,    0,    0,    0,    0,    0,    0,    0,    0,    0,    0,    0,    0,    0,    0,    0,    0,    0,    0,    0,    0,    0,    0,    0,    0,    0,    0,    0,    0,  -18,    0,
       0,    0,    0,   12,    0,  -36,  -12,  -36,  -36,    0,    0,    0,    0,    0,    0,    0,    0,    0,    0,    0,  -12,    0,    0,    0,    0,    0,    0,    0,    0,    0,    0,    0,    0,    0,    0,  -15,   -9,  -12,    0,  -19,   -9,    0,    0,    0,    0,  -14,    9,    0,    0,    0,    0,    0,    0,    0,    0,    0,    0,    0,    0,    0,  -15,  -15,  -12,    0,    0,  -12,   -9,  -15,  -15,  -12,   -9,   -9,    0,  -14,    0,    0,  -19,    0,    0,    0,    0,    0,    0,    0,    0,    0,    0,    0,    0,    0,    0,    0,    0,    0,    0,    0,    0,    0,    0,    0,    0,    0,    0,    0,    0,    0,    0,    0,    0,    0,    0,    0,    0,    0,    0,    0,    0,    0,    0,    0,    0,    0,    0,    0,    0,    0,    0,    0,    0,    0,   18,   18,
       0,    0,    0,    0,    0,   -9,    0,   -9,  -18,    0,    0,    0,    0,    0,    0,    0,    0,    0,    0,    0,  -15,    0,    0,    0,    0,    0,    0,    0,    0,    0,    0,    0,    0,  -30,    0,   -9,    0,    0,    0,   -9,    0,    0,    0,    0,    0,    0,    0,    0,   -6,   -6,   -6,    0,    0,    0,    0,    0,    0,    0,    0,    0,   -9,   -9,    0,    0,    0,    0,    0,   -9,   -9,    0,    0,    0,    0,    0,    0,    0,   -9,    0,    0,    0,    0,    0,    0,    0,    0,    0,    0,    0,    0,    0,    0,    0,    0,    0,    0,    0,    0,    0,    0,    0,    0,    0,    0,    0,    0,    0,    0,    0,    0,    0,    0,    0,    0,    0,    0,    0,    0,    0,    0,    0,    0,    0,    0,    0,    0,    0,    0,    0,    0,    0,  -12,    0,
       0,    0,    0,    0,    0,    0,    0,    0,    0,    0,    0,    0,    0,    0,    0,    0,    0,    0,    0,    0,    0,    0,    0,    0,    0,    0,    0,    0,    0,    0,    0,    0,    0,  -30,    0,    0,    0,    0,    0,    0,    0,    0,    0,    0,    0,    0,    0,    0,   -6,    0,   -6,    0,    0,    0,    0,    0,    0,    0,    0,    0,    0,    0,    0,    0,    0,    0,    0,    0,    0,    0,    0,    0,    0,    0,    0,    0,    0,    0,    0,    0,    0,    0,    0,    0,    0,    0,    0,    0,    0,    0,    0,    0,    0,    0,    0,    0,    0,    0,    0,    0,    0,    0,    0,    0,    0,    0,    0,    0,    0,    0,    0,    0,    0,    0,    0,    0,    0,    0,    0,    0,    0,    0,    0,    0,    0,    0,    0,    0,    0,    0,    9,   12,
       0,    0,    0,    0,    0,    0,    0,    0,    0,    0,    0,    0,    0,    0,    0,    0,    0,    0,    0,    0,  -15,    0,    0,    0,    0,    0,    0,    0,    0,    0,    0,    0,    0,  -36,    0,    0,    0,    0,    0,    0,    0,    0,    0,    0,    0,    0,    0,    0,  -12,   12,  -12,    0,    0,    0,    0,    0,    0,    0,    0,    0,    0,    0,    0,    0,    0,    0,    0,    0,    0,    0,    0,    0,    0,    0,    0,    0,    0,    0,    0,    0,    0,    0,    0,    0,    0,    0,    0,    0,    0,    0,    0,    0,    0,    0,    0,    0,    0,    0,    0,    0,    0,    0,    0,    0,    0,    0,    0,    0,    0,    0,    0,    0,    0,    0,    0,    0,    0,    0,    0,    0,    0,    0,    0,    0,    0,    0,    0,    0,    0,    0,  -12,  -12,
       0,    0,    0,   30,    0,  -48,   -9,  -48,  -33,    0,    0,    0,    0,    0,    0,    0,    0,    0,    0,    0,    0,    0,    0,    0,    0,    0,    0,    0,    0,    0,    0,    0,    0,    0,    0,   -7,  -16,  -12,   15,  -27,  -16,    6,   14,    6,   12,  -20,   18,   24,    9,    9,    9,    0,    0,    0,    0,    0,    0,    0,    0,    0,   -7,   -7,  -12,    6,    0,  -12,  -16,   -7,   -7,  -12,  -16,  -16,    6,  -20,    0,    0,  -27,    0,    0,    0,    0,    0,    0,    0,    0,    0,    0,    0,    0,    0,    0,    0,    0,    0,    0,    0,    0,    0,    0,    0,    0,    0,    0,    0,    0,    0,    0,    0,    0,    0,    0,    0,    0,    0,    0,    0,    0,    0,    0,    0,    0,    0,    0,    0,    0,    0,    0,    0,    0,    0,   24,   30,
       0,    0,    0,   12,    0,    0,    0,    0,    0,    0,    0,    0,    0,    0,    0,    0,    0,    0,    0,    0,    0,    0,    0,    0,    0,    0,    0,    0,    0,    0,    0,    0,    0,    0,    0,    0,    0,   -9,    0,    0,    0,    0,    0,    0,   18,    0,   12,    0,    9,    6,    9,    0,    0,    0,    0,    0,    0,    0,    0,    0,    0,    0,   -9,    0,    0,   -9,    0,    0,    0,   -9,    0,    0,    0,    0,    0,    0,    0,    0,    0,    0,    0,    0,    0,    0,    0,    0,    0,    0,    0,    0,    0,    0,    0,    0,    0,    0,    0,    0,    0,    0,    0,    0,    0,    0,    0,    0,    0,    0,    0,    0,    0,    0,    0,    0,    0,    0,    0,    0,    0,    0,    0,    0,    0,    0,    0,    0,    0,    0,    0,    0,   24,   30,
       0,    0,    0,    0,    0,    0,    0,    0,    0,    0,    0,    0,    0,    0,    0,    0,    0,    0,    0,    0,    0,    0,    0,    0,    0,    0,    0,    0,    0,    0,    0,    0,    0,  -30,    0,    0,    0,    0,    0,   -6,    0,    0,    0,    0,    0,    0,    0,    0,    0,    0,    0,    0,    0,    0,    0,    0,    0,    0,    0,    0,    0,    0,    0,    0,    0,    0,    0,    0,    0,    0,    0,    0,    0,    0,    0,    0,   -6,    0,    0,    0,    0,    0,    0,    0,    0,    0,    0,    0,    0,    0,    0,    0,    0,    0,    0,    0,    0,    0,    0,    0,    0,    0,    0,    0,    0,    0,    0,    0,    0,    0,    0,    0,    0,    0,    0,    0,    0,    0,    0,    0,    0,    0,    0,    0,    0,    0,    0,    0,    0,    0,    0,    0,
       0,    0,    0,    0,    0,    0,    0,    0,    0,    0,    0,    0,    0,    0,    0,    0,    0,    0,    0,    0,    0,    0,    0,    0,   36,    0,    0,    0,    0,    0,    0,    0,    0,    0,    0,    0,    0,    0,    0,    0,    0,    0,   31,    0,    0,    0,    0,    0,   33,    0,   33,    0,    0,    0,    0,    0,    0,    0,    0,    0,    0,    0,    0,    0,   12,    0,    0,    0,    0,    0,    0,    0,    0,    0,    0,    0,    0,    0,    0,    0,    0,    0,    0,    0,    0,    0,   36,    0,    0,    0,    0,    0,    0,    0,    0,    0,    0,    0,    0,    0,    0,    0,    0,    0,    0,    0,    0,    0,    0,   33,    0,    0,    0,    0,    0,    0,   12,   31,   33,    0,    0,    0,    0,    0,    0,    0,    0,    0,    0,    0,    0,    0,
       0,    0,    0,    0,    0,    0,    0,    0,    0,    0,    0,    0,    0,    0,    0,    0,    0,    0,    0,    0,    0,    0,    0,    0,   24,    0,    0,    0,    0,  -18,    0,  -24,    0,    0,    0,    0,    0,    0,    0,    0,    0,    0,   24,    0,    0,    0,    0,    0,    0,    0,    0,    0,    0,    0,    0,    0,    0,    0,    0,    0,    0,    0,    0,    0,    0,    0,    0,    0,    0,    0,    0,    0,    0,    0,    0,    0,    0,    0,    0,    0,    0,    0,    0,    0,    0,    0,   24,    0,    0,    0,    0,    0,    0,    0,    0,    0,    0,    0,    0,    0,    0,    0,    0,    0,    0,    0,    0,    0,    0,    0,    0,    0,    0,    0,    0,    0,    0,   24,    0,  -18,    0,    0,  -12,    0,    0,    0,    0,    0,    0,    0,    0,    0,
       0,    0,    0,    0,    0,    0,    0,    0,    0,    0,    0,    0,    0,    0,    0,    0,    0,    0,    0,    0,    0,    0,    0,    0,    0,    0,    0,  -12,  -12,  -18,    0,  -24,    0,    0,    0,    0,    0,    0,    0,    0,    0,    0,    0,    0,    0,    0,    0,    0,    0,    0,    0,    0,    0,    0,    0,    0,    0,    0,    0,    0,    0,    0,    0,    0,    0,    0,    0,    0,    0,    0,    0,    0,    0,    0,    0,    0,    0,    0,    0,    0,    0,    0,    0,  -12,    0,    0,    0,    0,   -6,    0,    0,    0,    0,    0,    0,    0,  -12,    0,    0,    0,    0,    0,    0,    0,    0,    0,    0,    0,    0,    0,    0,    0,    0,    0,    0,    0,    0,    0,    0,  -18,    0,    0,  -24,    0,    0,    0,    0,    0,    0,    0,    0,    0,
       0,    0,    0,    0,    0,  -12,    0,  -12,    0,    0,    0,    0,    0,    0,    0,    0,    0,    0,    0,    0,    0,  -18,  -12,    0,    0,    0,    0,  -18,    0,  -24,    0,  -30,    0,    0,    0,    0,    0,    0,    0,    0,    0,    0,    0,    0,    0,    0,    0,    0,    0,    0,    0,    0,    0,    0,    0,    0,    0,  -30,    0,    0,    0,    0,    0,    0,    0,    0,    0,    0,    0,    0,    0,    0,    0,    0,    0,    0,    0,    0,    0,    0,    0,    0,  -12,  -18,    0,    0,    0,    0,  -12,  -18,  -12,  -18,    0,    0,    0,    0,  -18,    0,    0,    0,    0,    0,    0,    0,  -18,    0,    0,    0,    0,    0,    0,    0,    0,    0,    0,    0,    0,    0,    0,  -24,    0,    0,  -30,    0,    0,  -30,    0,    0,    0,    0,    0,    0,
       0,    0,    0,    0,    0,    0,    0,    0,    0,    0,    0,    0,    0,    0,    0,    0,    0,    0,    0,    0,    0,    0,  -12,  -15,   18,    0,    0,  -24,  -18,  -45,    0,  -32,    0,    0,    0,  -18,  -18,  -18,  -12,    0,  -18,    0,    0,  -12,    0,  -24,  -12,  -12,  -18,  -18,  -18,  -18,    0,    0,    0,    0,    0,    0,  -15,  -18,  -18,  -18,  -18,    0,    0,  -18,  -18,  -18,  -18,  -18,  -18,  -18,  -12,  -24,  -18,    0,    0,    0,    0,  -15,    0,    0,  -12,  -24,  -15,    0,   18,    0,    0,    0,    0,    0,    0,    0,    0,    0,    0,    0,    0,  -18,    0,    0,    0,  -18,    0,    0,    0,    0,    0,  -18,  -18,    0,    0,  -18,  -24,    0,    0,    0,  -18,  -36,    0,    0,  -18,    0,    0,    0,    0,    0,    0,    0,    0,    0,
       0,    0,  -18,    0,    0,  -24,    0,  -24,  -24,    0,    0,    0,    0,    0,    0,    0,    0,    0,    0,    0,    0,  -18,   -9,    0,  -12,   -6,    0,    0,   -9,   -6,  -12,  -18,   -6,  -18,    0,    0,    0,    0,    0,   -6,    0,    0,    0,    0,    0,    0,   18,    0,    0,    0,    0,    0,    0,    0,    0,    0,    0,  -42,    0,  -12,    0,    0,    0,    0,    0,    0,    0,    0,    0,    0,    0,    0,    0,    0,    0,    0,   -6,   -6,    0,    0,    0,    0,    0,    0,    0,    0,    0,    0,    0,    0,    0,    0,    0,    0,    0,    0,    0,    0,    0,    0,    0,    0,    0,    0,    0,    0,    0,    0,    0,    0,    0,    0,    0,    0,    0,    0,    0,    0,    0,    0,    0,    0,    0,    0,    0,    0,    0,    0,    0,    0,    0,    0,
       0,    0,  -18,    0,    0,  -47,    0,  -47,  -60,    0,    0,    0,    0,    0,    0,    0,    0,    0,    0,    0,  -12,  -60,  -27,    0,  -24,  -27,  -12,  -18,  -21,  -39,  -42,  -45,    0,  -48,  -18,   -8,  -12,    0,    0,  -12,  -12,    0,    0,    0,    0,   -8,    0,    0,    0,   -6,    0,    0,    0,    0,    0,    0,    0,  -66,    0,    0,   -8,   -8,    0,    0,    0,    0,  -12,   -8,   -8,    0,  -12,  -12,    0,   -8,    0,    0,  -12,  -24,    0,    0,    0,    0,    0,    0,    0,    0,    0,    0,    0,    0,    0,    0,    0,    0,    0,    0,    0,    0,    0,    0,    0,    0,    0,    0,    0,    0,    0,    0,    0,    0,    0,    0,    0,    0,    0,    0,    0,    0,    0,    0,    0,    0,    0,    0,    0,    0,    0,    0,    0,    0,    0,    0,
       0,    0,    0,  -12,    0,   -9,    0,   -9,  -12,    0,    0,    0,    0,    0,    0,    0,    0,    0,    0,    0,  -18,    0,    0,    0,    0,    0,    0,    0,    0,    0,    0,    0,    0,  -30,    0,    0,    0,    0,    0,    0,    0,    0,    0,   -9,   -9,    0,    0,  -12,  -24,    0,  -24,    0,    0,    0,    0,    0,    0,    0,    0,    0,    0,    0,    0,    0,    0,    0,    0,    0,    0,    0,    0,    0,   -9,    0,    0,    0,    0,    0,    0,    0,    0,    0,    0,    0,    0,    0,    0,    0,    0,    0,    0,    0,    0,    0,    0,    0,    0,    0,    0,    0,    0,    0,    0,    0,    0,    0,    0,    0,    0,    0,    0,    0,    0,    0,    0,    0,    0,    0,    0,    0,    0,    0,    0,    0,    0,    0,    0,    0,    0,    0,  -24,  -18,
       0,    0,   12,   12,    0,    0,    0,    0,    0,    0,    0,    0,    0,    0,    0,    0,    0,    0,    0,    0,    0,    0,    0,    0,    0,    0,    0,    0,    0,    0,    0,    0,    0,   12,   12,    0,   30,    0,    0,    0,   30,    0,    0,    0,    0,    0,    0,    0,    0,    0,    0,    0,   12,    0,    0,    0,    0,    0,    0,    0,    0,    0,    0,    0,   30,    0,   30,    0,    0,    0,   30,   30,    0,    0,    0,    0,    0,    0,    0,    0,    0,    0,    0,    0,    0,    0,    0,    0,    0,    0,    0,    0,    0,    0,    0,    0,    0,    0,    0,    0,    0,    0,    0,    0,    0,    0,    0,    0,    0,    0,    0,    0,    0,    0,    0,    0,    0,    0,    0,    0,    0,    0,    0,    0,    0,    0,    0,    0,    0,    0,    0,   12,
       0,    0,  -12,  -12,    0,   -9,    0,   -9,  -60,    0,    0,    0,    0,    0,    0,    0,    0,    0,    0,    0,   -9,    0,    0,    0,    0,    0,    0,    0,    0,    0,    0,    0,    0,  -54,    0,    0,   -7,    0,    0,    0,   -7,    0,    0,    0,    0,    0,    6,    0,   -6,   -9,   -6,    0,    0,    0,    0,    0,    0,    0,    0,    0,    0,    0,    0,    0,    0,    0,   -7,    0,    0,    0,   -7,   23,    0,    0,    0,    0,    0,    0,    0,    0,    0,    0,    0,    0,    0,    0,    0,    0,    0,    0,    0,    0,    0,    0,    0,    0,    0,    0,    0,    0,    0,    0,    0,    0,    0,    0,    0,    0,    0,    0,    0,    0,    0,    0,    0,    0,    0,    0,    0,    0,    0,    0,    0,    0,    0,    0,    0,    0,    0,    0,  -48,  -12,
       0,    0,  -12,  -12,    0,   -9,    0,   -9,  -24,    0,    0,    0,    0,    0,    0,    0,    0,    0,    0,    0,   -9,    0,    0,    0,    0,    0,    0,    0,    0,    0,    0,    0,    0,  -36,    0,    0,   -7,    0,    0,    0,   -7,    0,    0,    0,    0,    0,    6,    0,    0,   -9,    0,    0,    0,    0,    0,    0,    0,    0,    0,    0,    0,    0,    0,    0,    0,    0,   -7,    0,    0,    0,   -7,   23,    0,    0,    0,    0,    0,    0,    0,    0,    0,    0,    0,    0,    0,    0,    0,    0,    0,    0,    0,    0,    0,    0,    0,    0,    0,    0,    0,    0,    0,    0,    0,    0,    0,    0,    0,    0,    0,    0,    0,    0,    0,    0,    0,    0,    0,    0,    0,    0,    0,    0,    0,    0,    0,    0,    0,    0,    0,    0,  -30,  -12,
       0,  -30,    0,  -49,    0,    0,  -18,    0,   12,    0,    0,    0,    0,    0,    0,    0,    0,    0,    0,    0,  -33,   15,    0,  -11,   12,   12,    0,  -60,  -36,  -66,   12,  -63,    6,  -60,    0,    0,   -9,    0,    0,    0,    0,    0,   24,    0,    0,    0,   -9,  -12,  -39,   12,  -39,    0,    0,  -18,    0,    0,    0,   18,   -2,    0,    0,    0,    0,    0,    0,    0,    0,    0,    0,    0,    0,    0,    0,    0,    0,    0,    0,    0,    0,   -2,    0,    0,    0,    0,    0,    0,    0,    0,    0,    0,    0,    0,    0,    0,    0,    0,    0,    0,    0,    0,    0,    0,    0,    0,    0,    0,    0,    0,    0,    0,    0,    0,    0,    0,    0,    0,    0,    0,    0,    0,    0,    0,    0,    0,    0,    0,    0,    0,    0,    0,  -54,  -42,
       0,    0,    0,  -24,    0,    0,    0,    0,    0,    0,    0,    0,    0,    0,    0,    0,    0,    0,    0,    0,  -15,    0,    0,    0,    0,    0,    0,    0,    0,    0,    0,    0,    0,  -60,    0,    0,   -6,    0,    0,    0,    0,    0,   54,    0,    0,    0,    0,   -6,  -21,    0,  -21,    0,    0,    0,    0,    0,    0,    0,    0,    0,    0,    0,    0,    0,    0,    0,   -8,    0,    0,    0,    0,    0,    0,    0,    0,    0,    0,    0,  -12,    0,    0,    0,    0,    0,    0,    0,    0,    0,    0,    0,    0,    0,    0,    0,    0,    0,    0,    0,    0,    0,    0,    0,    0,    0,    0,    0,    0,    0,    0,    0,    0,    0,    0,    0,    0,    0,    0,    0,    0,    0,    0,    0,    0,    0,    0,    0,    0,    0,    0,    0,  -24,  -18,
      18,    0,   54,   42,    0,    0,    0,    0,    0,    0,    0,    0,    0,    0,    0,    0,    0,    0,    0,    0,   30,    0,    0,    0,    0,    0,    0,    0,    0,    0,    0,    0,    0,   36,   36,    0,   63,    0,   24,    0,   63,   24,   36,    0,    0,    0,   24,   18,   18,    0,   18,    0,   48,    0,    0,    0,    0,    0,    0,    0,    0,   24,    0,   24,    0,    0,   63,    0,    0,    0,   63,   63,   30,   30,   21,    0,    0,    0,    0,    0,    0,    0,    0,    0,    0,    0,    0,    0,    0,    0,    0,    0,    0,    0,    0,    0,    0,    0,    0,    0,    0,    0,    0,    0,    0,    0,    0,    0,    0,    0,    0,    0,    0,    0,    0,    0,    0,    0,    0,    0,    0,    0,    0,    0,    0,    0,    0,    0,    0,    0,   36,   48,
       0,    0,    0,    0,    0,    0,    0,    0,    0,    0,    0,    0,    0,    0,    0,    0,    0,    0,    0,    0,    0,    0,    0,    0,    0,    0,    0,    0,    0,    0,    0,    0,    0,    0,    0,    0,    0,    0,    0,    0,    0,    0,   18,    0,    0,    0,    0,    0,    0,    0,    0,    0,    0,    0,    0,    0,    0,    0,    0,    0,    0,    0,    0,    0,    0,    0,    0,    0,    0,    0,    0,    0,    0,    0,    0,    0,    0,    0,    0,    0,    0,    0,    0,    0,    0,    0,    0,    0,    0,    0,    0,    0,    0,    0,    0,    0,    0,    0,    0,    0,    0,    0,    0,    0,    0,    0,    0,    0,    0,    0,    0,    0,    0,    0,    0,    0,    0,    0,    0,    0,    0,    0,    0,    0,    0,    0,    0,    0,    0,    0,    0,    6,
       0,    0,    0,    0,    0,    0,    0,    0,    0,    0,    0,    0,    0,    0,    0,    0,    0,    0,    0,    0,  -15,    0,    0,    0,    0,    0,    0,    0,    0,    0,    0,    0,    0,  -24,    0,   -6,    0,    0,    0,    0,    0,    0,   18,    0,    0,    0,    0,    0,   -6,    0,   -6,    0,    0,    0,    0,    0,    0,    0,    0,    0,   -6,   -6,    0,    0,    0,    0,    0,   -6,   -6,    0,    0,   18,    0,    0,    0,    0,    0,    0,    0,    0,    0,    0,    0,    0,    0,    0,    0,    0,    0,    0,    0,    0,    0,    0,    0,    0,    0,    0,    0,    0,    0,    0,    0,    0,    0,    0,    0,    0,    0,    0,    0,    0,    0,    0,    0,    0,    0,    0,    0,    0,    0,    0,    0,    0,    0,    0,    0,    0,    0,    0,  -12,    0,
       0,    0,    0,    0,    0,    0,    0,    0,    0,    0,    0,    0,    0,    0,    0,    0,    0,    0,    0,    0,    0,    0,    0,   -9,    0,    0,    0,    0,    0,    0,    0,    0,    0,    0,    0,    0,    0,   -9,    0,    0,    0,    0,   18,    0,    0,    0,    0,   -7,  -18,    0,  -18,    0,    0,  -12,    0,    0,    0,    0,   -9,    0,    0,    0,   -9,    0,   12,   -9,    0,    0,    0,   -9,    0,    0,    0,    0,    0,    0,    0,    0,    0,   -9,    0,    0,    0,    0,    0,    0,    0,    0,    0,    0,    0,    0,    0,    0,    0,    0,    0,    0,    0,    0,    0,    0,    0,    0,    0,    0,    0,    0,    0,    0,    0,    0,    0,    0,    0,    0,    0,    0,    0,    0,    0,    0,    0,    0,    0,    0,    0,    0,    0,    0,    0,    0,
       0,    0,    0,    0,    0,    0,    0,    0,    0,    0,    0,    0,    0,    0,    0,    0,    0,    0,    0,    0,    0,    0,    0,    0,    0,    0,    0,    0,    0,    0,    0,    0,    0,    0,    0,    0,    0,    0,    0,    0,    0,    0,   42,    0,    0,    0,    0,    0,  -21,    0,  -21,    0,    0,    0,    0,    0,    0,    0,    0,    0,    0,    0,    0,    0,    0,    0,    0,    0,    0,    0,    0,    0,    0,    0,    0,    0,    0,    0,    0,    0,    0,    0,    0,    0,    0,    0,    0,    0,    0,    0,    0,    0,    0,    0,    0,    0,    0,    0,    0,    0,    0,    0,    0,    0,    0,    0,    0,    0,    0,    0,    0,    0,    0,    0,    0,    0,    0,    0,    0,    0,    0,    0,    0,    0,    0,    0,    0,    0,    0,    0,  -18,    0,
       0,    0,    0,    0,    0,    0,    0,    0,    0,    0,    0,    0,    0,    0,    0,    0,    0,    0,    0,    0,  -12,    0,    0,    0,    0,    0,    0,    0,    0,    0,    0,    0,    0,    0,    0,    0,    0,    0,   24,    0,    0,   24,   30,   24,   30,    0,   24,   24,   18,   18,   18,    0,    0,    0,    0,    0,    0,    0,    0,    0,    0,    0,    0,   24,    0,    0,    0,    0,    0,    0,    0,    0,   24,    0,    0,    0,    0,    0,    0,    0,    0,    0,    0,    0,    0,    0,    0,    0,    0,    0,    0,    0,    0,    0,    0,    0,    0,    0,    0,    0,    0,    0,    0,    0,    0,    0,    0,    0,    0,    0,    0,    0,    0,    0,    0,    0,    0,    0,    0,    0,    0,    0,    0,    0,    0,    0,    0,    0,    0,    0,  -18,  -12,
       0,    0,    0,    0,    0,    0,    0,    0,    0,    0,    0,    0,    0,    0,    0,    0,    0,    0,    0,    0,    0,    0,    0,    0,    0,    0,    0,    0,    0,    0,    0,    0,    0,  -30,    0,    0,    0,    0,    0,    0,    0,    0,   12,    0,    0,    0,    0,    0,   -6,    0,   -6,    0,    0,    0,    0,    0,    0,    0,    0,    0,    0,    0,    0,    0,    0,    0,    0,    0,    0,    0,    0,    0,    0,    0,    0,    0,    0,    0,    0,    0,    0,    0,    0,    0,    0,    0,    0,    0,    0,    0,    0,    0,    0,    0,    0,    0,    0,    0,    0,    0,    0,    0,    0,    0,    0,    0,    0,    0,    0,    0,    0,    0,    0,    0,    0,    0,    0,    0,    0,    0,    0,    0,    0,    0,    0,    0,    0,    0,    0,    0,    9,   12,
       0,    0,    0,    0,    0,    0,    0,    0,    0,    0,    0,    0,    0,    0,    0,    0,    0,    0,    0,    0,  -15,    0,    0,    0,    0,    0,    0,    0,    0,    0,    0,    0,    0,  -36,    0,    0,    0,    0,    0,    0,    0,    0,   42,    0,    0,    0,    0,    0,  -12,   12,  -12,    0,    0,    0,    0,    0,    0,    0,    0,    0,    0,    0,    0,    0,    0,    0,    0,    0,    0,    0,    0,    0,    0,    0,    0,    0,    0,    0,    0,    0,    0,    0,    0,    0,    0,    0,    0,    0,    0,    0,    0,    0,    0,    0,    0,    0,    0,    0,    0,    0,    0,    0,    0,    0,    0,    0,    0,    0,    0,    0,    0,    0,    0,    0,    0,    0,    0,    0,    0,    0,    0,    0,    0,    0,    0,    0,    0,    0,    0,    0,  -12,  -12,
       0,    0,   24,    0,    0,  -24,    0,  -24,  -24,    0,    0,    0,    0,    0,    0,    0,    0,    0,    0,    0,    0,  -16,    9,    0,    0,    0,    0,   12,   18,   24,    6,   24,    6,   18,   12,    0,   36,    0,    0,   -6,   36,    0,    0,    0,    0,    0,   18,    0,    0,    0,    0,    0,   18,    0,    0,    0,    0,  -42,    0,    0,    0,    0,    0,    0,    0,    0,   36,    0,    0,    0,   36,   36,    0,    0,    0,    0,   -6,    0,    0,    0,    0,    0,    0,    0,    0,    0,    0,    0,    0,    0,    0,    0,    0,    0,    0,    0,    0,    0,    0,    0,    0,    0,    0,    0,    0,    0,    0,    0,    0,    0,    0,    0,    0,    0,    0,    0,    0,    0,    0,    0,    0,    0,    0,    0,    0,    0,    0,    0,    0,    0,    0,   18,
       0,   18,    0,   24,    0,   -9,    0,   -9,  -24,    0,    0,    0,    0,    0,    0,    0,    0,    0,    0,    0,    0,    0,    0,    0,    0,    0,    0,    0,    0,    0,    0,    0,    0,    0,    0,    0,   18,    0,   12,    0,   18,    0,    0,   12,   18,    0,   18,   12,   24,   12,   24,    0,    0,    0,    0,    0,    0,    0,    0,    0,    0,    0,    0,    0,    0,    0,   18,    0,    0,    0,   18,   18,   12,    0,    0,    0,    0,    0,    0,    0,    0,    0,    0,    0,    0,    0,    0,    0,    0,    0,    0,    0,    0,    0,    0,    0,    0,    0,    0,    0,    0,    0,    0,    0,    0,    0,    0,    0,    0,    0,    0,    0,    0,    0,    0,    0,    0,    0,    0,    0,    0,    0,    0,    0,    0,    0,    0,    0,    0,    0,   36,   24,
       0,    0,   30,   18,    0,  -24,    0,  -24,  -35,    0,    0,    0,    0,    0,    0,    0,    0,    0,    0,    0,    0,  -39,    6,   -9,    0,    0,   -9,    0,   18,   24,    0,   24,    0,   21,   12,  -12,   30,   -9,    0,  -24,   30,    0,    0,    0,    0,  -15,    0,    0,    0,  -12,    0,  -12,   24,    0,    0,  -12,    0,  -42,   -9,    0,  -12,  -12,   -9,    0,   48,   -9,   30,  -12,  -12,   -9,   30,   30,    0,  -15,  -12,    0,  -24,    0,    0,   -9,    0,    0,    0,    0,    0,    0,    0,    0,    0,    0,    0,    0,    0,    0,    0,    0,    0,    0,    0,    0,    0,    0,    0,    0,    0,    0,    0,    0,    0,    0,    0,    0,    0,    0,    0,    0,    0,    0,    0,    0,    0,    0,    0,    0,    0,    0,    0,    0,    0,    0,    0,   18,
       0,    0,    0,   24,    0,    0,    0,    0,    0,    0,    0,    0,    0,    0,    0,    0,    0,    0,    0,    0,    0,    0,    0,    0,    0,    0,    0,    0,    0,    0,    0,    0,    0,    0,    0,    0,    0,    0,    0,    0,    0,    0,    0,    0,    0,    0,   12,    0,   12,   12,   12,    0,    0,    0,    0,    0,    0,    0,    0,    0,    0,    0,    0,    0,    0,    0,    0,    0,    0,    0,    0,    0,    0,    0,    0,    0,    0,    0,    0,    0,    0,    0,    0,    0,    0,    0,    0,    0,    0,    0,    0,    0,    0,    0,    0,    0,    0,    0,    0,    0,    0,    0,    0,    0,    0,    0,    0,    0,    0,    0,    0,    0,    0,    0,    0,    0,    0,    0,    0,    0,    0,    0,    0,    0,    0,    0,    0,    0,    0,    0,   12,   18,
       0,   18,    0,   12,    0,    0,    0,    0,    0,    0,    0,    0,    0,    0,    0,    0,    0,    0,    0,    0,    0,    0,    0,    0,    0,    0,    0,    0,    0,    0,    0,    0,    0,  -18,    0,   -9,    0,   -6,    0,   42,    0,    0,   15,    0,    8,    0,   15,    0,    6,    0,    6,    0,    0,    0,    0,    0,    0,    0,    0,    0,   -9,   -9,   -6,    0,    0,   -6,    0,   -9,   -9,   -6,    0,    0,    0,    0,    0,    0,   30,    0,    0,    0,    0,    0,    0,    0,    0,    0,    0,    0,    0,    0,    0,    0,    0,    0,    0,    0,    0,    0,    0,    0,    0,    0,    0,    0,    0,    0,    0,    0,    0,    0,    0,    0,    0,    0,    0,    0,    0,    0,    0,    0,    0,    0,    0,    0,    0,    0,    0,    0,    0,    0,    9,   24,
       0,    0,    0,    0,    0,    0,    0,    0,    0,    0,    0,    0,    0,    0,    0,    0,    0,    0,    0,    0,    0,    0,    0,    0,    0,    0,    0,    0,    0,    0,    0,    0,    0,    0,    0,    0,    0,   -9,    0,    0,    0,    0,    0,    0,    0,    0,    0,    0,    0,    0,    0,    0,    0,    0,    0,    0,    0,    0,    0,    0,    0,    0,   -9,    0,    0,   -9,    0,    0,    0,   -9,    0,    0,    0,    0,    0,    0,    0,    0,    0,    0,    0,    0,    0,    0,    0,    0,    0,    0,    0,    0,    0,    0,    0,    0,    0,    0,    0,    0,    0,    0,    0,    0,    0,    0,    0,    0,    0,    0,    0,    0,    0,    0,    0,    0,    0,    0,    0,    0,    0,    0,    0,    0,    0,    0,    0,    0,    0,    0,    0,    0,    0,    0,
       0,    0,    0,    0,    0,  -12,    0,  -12,    0,    0,    0,    0,    0,    0,    0,    0,    0,    0,    0,    0,    0,    0,    0,    0,    0,    0,    0,    0,    0,    0,    0,    0,    0,    0,    0,    0,   24,    0,    0,  -12,   24,    0,    0,    0,    0,    0,    0,    0,    0,    0,    0,    0,    0,    0,    0,    0,    0,    0,    0,    0,    0,    0,    0,    0,    0,    0,   24,    0,    0,    0,   24,   24,    0,    0,    0,    0,  -12,    0,    0,    0,    0,    0,    0,    0,    0,    0,    0,    0,    0,    0,    0,    0,    0,    0,    0,    0,    0,    0,    0,    0,    0,    0,    0,    0,    0,    0,    0,    0,    0,    0,    0,    0,    0,    0,    0,    0,    0,    0,    0,    0,    0,    0,    0,    0,    0,    0,    0,    0,    0,    0,   24,   24,
       0,    0,  -18,    0,    0,  -24,    0,  -24,  -24,    0,    0,    0,    0,    0,    0,    0,    0,    0,    0,    0,    0,  -18,   -9,    0,  -12,   -6,    0,    0,   -9,  -12,  -12,  -24,   -6,  -18,    0,    0,    0,    0,    0,   -6,    0,    0,    0,    0,    0,    0,   18,    0,    0,    0,    0,    0,    0,    0,    0,    0,    0,  -42,    0,  -12,    0,    0,    0,    0,    0,    0,    0,    0,    0,    0,    0,    0,    0,    0,    0,    0,   -6,   -6,    0,    0,    0,    0,    0,    0,    0,    0,    0,    0,    0,    0,    0,    0,    0,    0,    0,    0,    0,    0,    0,    0,    0,    0,    0,    0,    0,    0,    0,    0,    0,    0,    0,    0,    0,    0,    0,    0,    0,    0,    0,    0,    0,    0,    0,    0,    0,    0,    0,    0,    0,    0,    0,    0,
       0,    0,    0,    0,    0,    0,    0,    0,    0,    0,    0,    0,    0,    0,    0,    0,    0,    0,    0,    0,    0,    0,    0,    0,    0,    0,    0,    0,    0,    0,    0,    0,    0,  -30,    0,    0,    0,   12,    0,    0,    0,    0,    0,    0,    0,    0,    0,    0,    0,    0,    0,    0,    0,    0,    0,    0,    0,    0,    0,    0,    0,    0,   12,    0,    0,   12,    0,    0,    0,   12,    0,    0,    0,    0,    0,    0,    0,    0,    0,    0,    0,    0,    0,    0,    0,    0,    0,    0,    0,    0,    0,    0,    0,    0,    0,    0,    0,    0,    0,    0,    0,    0,    0,    0,    0,    0,    0,    0,    0,    0,    0,    0,    0,    0,    0,    0,    0,    0,    0,    0,    0,    0,    0,    0,    0,    0,    0,    0,    0,    0,    0,    0,
       0,    0,    0,    0,    0,    0,    0,    0,    0,    0,    0,    0,    0,    0,    0,    0,    0,    0,    0,    0,    0,    0,    0,    0,    0,    0,    0,    0,    0,    0,    0,    0,    0,    0,    0,    0,    0,    0,    0,    0,    0,    0,    0,    0,    0,    0,    0,    0,    0,    0,    0,    0,    0,    0,    0,    0,    0,    0,    0,    0,    0,    0,    0,    0,    0,    0,    0,    0,    0,    0,    0,    0,    0,    0,    0,    0,    0,    0,    0,    0,    0,    0,    0,    0,    0,    0,    0,    0,    0,    0,    0,    0,    0,    0,   -6,    0,    0,    0,    0,    0,    0,    0,    0,    0,    0,    0,    0,    0,    0,    0,    0,    0,    0,    0,    0,    0,    0,    0,    0,    0,    0,    0,    0,  -18,    0,    0,    0,    0,    0,    0,    0,    6,
       0,    0,    0,  -24,    0,    0,    0,    0,    0,    0,    0,    0,    0,    0,    0,    0,    0,    0,    0,    0,    0,    0,    0,    0,    0,    0,    0,    0,    0,    0,    0,    0,    0,  -36,    0,    0,    0,    0,    0,    0,    0,    0,    0,    0,    0,    0,    0,    0,    0,    0,    0,    0,    0,    0,    0,    0,    0,    0,    0,    0,    0,    0,    0,    0,    0,    0,    0,    0,    0,    0,    0,    0,    0,    0,    0,    0,    0,    0,    0,    0,    0,    0,    0,  -24,    0,    0,    0,    0,  -30,    0,    0,    0,    0,    0,    0,    0,  -36,    0,    0,    0,    0,    0,    0,    0,    0,    0,    0,    0,    0,  -18,    0,  -18,    0,    0,    0,    0,    0,    0,  -18,  -42,    0,    0,  -36,  -18,    0,    0,    0,    0,    0,    0,  -18,  -12,
       0,    0,    0,    0,    0,    0,    0,    0,    0,    0,    0,    0,    0,    0,    0,    0,    0,    0,    0,    0,    0,    0,    0,    0,    0,    0,    0,    0,    0,    0,    0,    0,    0,    0,    0,    0,    0,    0,    0,    0,    0,    0,    0,    0,    0,    0,    0,    0,    0,    0,    0,    0,    0,    0,    0,    0,    0,    0,    0,    0,    0,    0,    0,    0,    0,    0,    0,    0,    0,    0,    0,    0,    0,    0,    0,    0,    0,    0,    0,    0,    0,    0,    0,    0,    0,    0,    0,    0,    0,    0,    0,    0,    0,    0,  -15,    0,  -12,    0,    0,    0,    0,    0,    0,    0,    0,    0,    0,    0,    0,    0,    0,    0,    0,    0,    0,    0,    0,    0,    0,    0,    0,    0,    0,  -18,    0,    0,    0,    0,    0,    0,    0,    0,
       0,    0,    0,    0,    0,  -11,    0,  -11,  -12,    0,    0,    0,    0,    0,    0,    0,    0,    0,    0,    0,    0,    0,    0,    0,    0,    0,    0,    0,    0,    0,    0,    0,    0,    0,    0,    0,    0,    0,    0,    0,    0,    0,    0,    0,    0,    0,    0,    0,    0,    0,    0,    0,    0,    0,    0,    0,    0,    0,    0,    0,    0,    0,    0,    0,    0,    0,    0,    0,    0,    0,    0,    0,    0,    0,    0,    0,    0,    0,    0,    0,    0,    0,    0,    0,    0,    0,    0,    0,    0,  -12,    0,  -12,    0,    0,    0,   -6,    0,    0,  -12,    0,    0,    0,  -24,    0,  -18,    0,    0,    0,    0,  -12,   -6,    0,  -12,    0,    0,    0,    0,    0,  -12,   -6,    0,    0,    0,    0,    0,  -18,    0,    0,    0,    0,    0,    0,
       0,    0,    0,    0,    0,    0,    0,    0,    0,    0,    0,    0,    0,    0,    0,    0,    0,    0,    0,    0,    0,    0,    0,    0,    0,    0,    0,    0,    0,    0,    0,    0,    0,    0,    0,    0,    0,    0,    0,    0,    0,    0,    0,    0,    0,    0,    0,    0,    0,    0,    0,    0,    0,  -12,    0,    0,    0,    0,    0,    0,    0,    0,    0,    0,    0,    0,    0,    0,    0,    0,    0,    0,    0,    0,    0,    0,    0,    0,    0,    0,    0,    0,    0,    0,   -9,    0,    0,    0,    0,    0,    0,    0,    0,    0,  -24,    0,    0,    0,    0,    0,    0,    0,    0,   -9,    0,    0,    0,    0,  -18,  -12,    0,  -18,    0,    0,    0,    0,   12,    0,  -12,    0,    0,    0,    0,  -30,  -36,    0,    0,    0,    0,    0,    0,    0,
       0,    0,    0,    0,    0,  -30,  -12,  -30,  -23,    0,    0,    0,    0,    0,    0,    0,    0,    0,  -17,  -17,    0,    0,    0,    0,    0,    0,    0,    0,    0,    0,    0,    0,    0,    0,    0,    0,    0,    0,    0,    0,    0,    0,    0,    0,    0,    0,    0,    0,    0,    0,    0,    0,    0,    0,    0,    0,    0,    0,    0,    0,    0,    0,    0,    0,    0,    0,    0,    0,    0,    0,    0,    0,    0,    0,    0,    0,    0,    0,    0,    0,    0,    0,    0,    0,   -6,    0,    0,  -24,    0,  -24,  -18,    0,    0,    0,  -18,    0,    0,    0,  -12,  -12,    0,  -12,  -12,  -12,   -9,  -12,  -12,    0,    0,   -9,  -12,    0,  -24,    0,  -16,    0,   18,    0,   -9,    0,    0,    0,    0,  -24,  -24,  -30,    0,    0,    0,    0,    0,    0,
       0,    0,    0,  -30,    0,    0,   12,    0,    0,    0,    0,    0,    0,    0,    0,    0,    0,    0,    0,    0,    0,    0,    0,    0,    0,    0,    0,    0,    0,    0,    0,    0,    0,  -39,    0,    0,    0,    0,    0,    0,    0,    0,    0,    0,    0,    0,    0,    0,    0,    0,    0,    0,    0,    0,    0,    0,    0,    0,    0,    0,    0,    0,    0,    0,    0,    0,    0,    0,    0,    0,    0,    0,    0,    0,    0,    0,    0,    0,    0,    0,    0,    0,   -6,  -36,    0,    0,  -18,    0,  -44,    0,  -18,  -18,    0,    0,    0,   -6,  -48,    0,  -12,   12,   12,   -6,  -12,   12,  -15,    0,    0,    0,  -12,  -21,    0,  -12,  -12,    0,    0,    0,    0,    0,  -21,  -42,    0,    0,  -54,  -12,    0,    0,    0,    0,    0,    0,  -24,  -12,
       0,    0,    0,  -48,    0,    0,    0,    0,    0,    0,    0,    0,    0,    0,    0,    0,    0,    0,    0,    0,    0,    0,    0,    0,    0,    0,    0,    0,    0,    0,    0,    0,    0,  -72,    0,    0,    0,    0,    0,    0,    0,    0,    0,    0,    0,    0,    0,    0,    0,    0,    0,    0,    0,    0,    0,    0,    0,    0,    0,    0,    0,    0,    0,    0,    0,    0,    0,    0,    0,    0,    0,    0,    0,    0,    0,    0,    0,    0,    0,    0,    0,    0,    0,  -36,  -12,    0,    0,    0,  -42,    0,    0,    0,    0,    0,  -12,    0,  -66,    0,    0,    0,  -12,    0,    0,   -6,    0,    0,    0,    0,  -24,  -42,    0,  -42,    0,    0,    0,    0,    0,    0,  -42,  -54,    0,    0,  -39,  -42,  -27,    0,    0,    0,    0,    0,  -18,  -30,
       0,    0,    0,    0,    0,    0,    0,    0,    0,    0,    0,    0,    0,    0,    0,    0,    0,    0,    0,    0,    0,    0,    0,    0,    0,    0,    0,    0,    0,    0,    0,    0,    0,    0,    0,    0,    0,    0,    0,    0,    0,    0,    0,    0,    0,    0,    0,    0,    0,    0,    0,    0,    0,  -18,    0,    0,    0,    0,    0,    0,    0,    0,    0,    0,    0,    0,    0,    0,    0,    0,    0,    0,    0,    0,    0,    0,    0,    0,    0,    0,    0,    0,    0,  -24,  -24,    0,    0,    0,  -18,    9,    0,    0,   -6,    0,  -42,    0,  -18,    0,    0,    0,  -18,    0,    0,  -18,    0,    0,    0,    0,  -42,  -30,    0,  -48,    0,    0,    0,    0,    0,    0,  -30,  -18,    0,    0,  -15,  -45,  -54,    0,  -12,  -12,    0,  -12,  -24,    0,
       0,    0,    0,    0,    0,  -75,  -30,  -75,  -69,    0,    0,    0,    0,    0,    0,    0,    0,    0,    0,    0,    0,    0,    0,    0,    0,    0,    0,    0,    0,    0,    0,    0,    0,    0,    0,    0,    0,    0,    0,    0,    0,    0,    0,    0,    0,    0,    0,    0,    0,    0,    0,    0,    0,  -48,    0,  -30,    0,    0,    0,    0,    0,    0,    0,    0,    0,    0,    0,    0,    0,    0,    0,    0,    0,    0,    0,    0,    0,    0,    0,    0,    0,    0,    0,    0,  -48,  -16,    0,  -60,   12,  -96,  -66,  -12,  -12,  -18,  -42,    0,    0,  -12,  -51,  -60,   -6,  -48,  -78,  -66,  -36,  -54,  -60,  -18,  -30,  -24,  -24,  -30,  -90,    0,  -54,    0,   42,    0,  -24,   15,    0,    0,   24,  -18,  -66, -102,  -12,  -36,    0,  -18,    0,   12,
       0,  -30,    0,  -49,    0,    0,  -18,    0,   12,    0,    0,    0,    0,    0,    0,    0,    0,    0,    0,    0,  -33,    0,    0,    0,    0,    0,    0,    0,    0,    0,    0,    0,    0,  -60,    0,    0,    0,    0,    0,    0,    0,    0,    0,    0,    0,    0,    0,    0,    0,    0,    0,    0,    0,  -18,    0,    0,    0,    0,    0,    0,    0,    0,    0,    0,    0,    0,    0,    0,    0,    0,    0,    0,    0,    0,    0,    0,    0,    0,    0,    0,    0,    0,    0,  -60,  -11,    0,    0,   12,  -42,   15,   12,    9,    0,   12,  -30,   12,  -78,    0,    6,    0,   -6,    0,    9,    0,    0,    0,   18,    0,  -36,  -19,   12,  -42,    0,    0,    0,    0,    0,    0,  -19,  -66,    0,    0,  -54,  -54,  -30,   18,    0,    0,    0,    0,  -54,  -42,
       0,    0,    0,    0,    0,    0,    0,    0,    0,    0,    0,    0,    0,    0,    0,    0,    0,    0,    0,    0,    0,    0,    0,    0,    0,    0,    0,    0,    0,    0,    0,    0,    0,    0,    0,    0,    0,    0,    0,    0,    0,    0,    0,    0,    0,    0,    0,    0,    0,    0,    0,    0,    0,    0,    0,    0,    0,    0,    0,    0,    0,    0,    0,    0,    0,    0,    0,    0,    0,    0,    0,    0,    0,    0,    0,    0,    0,    0,    0,    0,    0,    0,    0,  -18,    0,    0,    0,    0,   -6,  -12,    0,  -18,    0,    0,    0,    0,  -12,    0,  -12,    0,    0,    0,  -12,    0,  -12,    0,    0,    0,    0,    0,    0,    0,  -12,    0,    0,    0,    0,    0,    0,    0,    0,    0,    0,  -21,    0,    0,    0,    0,    0,    0,    0,    0,
       0,    0,    0,    0,    0,   -9,    0,   -9,    0,    0,    0,    0,    0,    0,    0,    0,    0,    0,    0,    0,    0,    0,    0,    0,    0,    0,    0,    0,    0,    0,    0,    0,    0,  -24,    0,    0,    0,    0,    0,    0,    0,    0,    0,    0,    0,    0,    0,    0,    0,    0,    0,    0,    0,    0,    0,    0,    0,    0,    0,    0,    0,    0,    0,    0,    0,    0,    0,    0,    0,    0,    0,    0,    0,    0,    0,    0,    0,    0,    0,    0,    0,    0,    0,   -9,    0,    0,    0,    0,  -15,   -6,   -9,   -6,    0,    0,    0,   -9,  -15,    0,    0,    0,   12,    0,   -9,   15,    0,    0,    0,    0,    0,    0,    0,    0,  -12,    0,    0,    0,    0,   12,    0,  -15,    0,    0,  -12,    0,    0,  -15,    0,    0,    0,    0,    0,    0,
       0,    0,    0,    0,    0,  -54,  -24,  -54,  -75,    0,    0,    0,    0,    0,    0,    0,    0,    0,  -24,  -24,    0,    0,    0,    0,    0,    0,    0,    0,    0,    0,    0,    0,    0,    0,    0,    0,    0,    0,    0,    0,    0,    0,    0,    0,    0,    0,    0,    0,    0,    0,    0,    0,    0,  -30,    0,  -12,    0,    0,    0,    0,    0,    0,    0,    0,    0,    0,    0,    0,    0,    0,    0,    0,    0,    0,    0,    0,    0,    0,    0,    0,    0,    0,    0,    0,  -18,   -9,    0,  -48,    0,  -66,  -48,  -12,    0,  -15,  -18,    0,    0,    0,  -39,  -33,    0,    0,  -48,  -36,    0,  -12,  -54,    0,    0,    0,    0,    0,  -66,    0,  -42,    0,   24,    0,    0,    0,    0,    0,    0,  -12,  -60,  -60,    0,  -12,    0,    0,   12,   12,
       0,    0,    0,    0,    0,    0,    0,    0,    0,    0,    0,    0,    0,    0,    0,    0,    0,    0,    0,    0,    0,    0,    0,    0,    0,    0,    0,    0,    0,    0,    0,    0,    0,    0,    0,    0,    0,    0,    0,    0,    0,    0,    0,    0,    0,    0,    0,    0,    0,    0,    0,    0,    0,    0,    0,    0,    0,    0,    0,    0,    0,    0,    0,    0,    0,    0,    0,    0,    0,    0,    0,    0,    0,    0,    0,    0,    0,    0,    0,    0,    0,    0,    0,    0,   -9,    0,   24,    0,    0,   12,    0,    0,    0,    0,  -24,    0,    0,    0,    0,    0,    0,    0,    0,   -9,    0,    0,    0,    0,  -18,   12,    0,  -18,    0,    0,    0,    0,    0,   24,   12,    0,    0,    0,    0,  -30,  -36,    0,    0,    0,    0,    0,    0,    0,
       0,    0,    0,    0,    0,    0,    0,    0,    0,    0,    0,    0,    0,    0,    0,    0,    0,    0,    0,    0,    0,    0,    0,    0,    0,    0,    0,    0,    0,    0,    0,    0,    0,    0,    0,    0,    0,    0,    0,    0,    0,    0,    0,    0,    0,    0,    0,    0,    0,    0,    0,    0,    0,    0,    0,    0,    0,    0,    0,    0,    0,    0,    0,    0,    0,    0,    0,    0,    0,    0,    0,    0,    0,    0,    0,    0,    0,    0,    0,    0,    0,    0,    0,  -15,   -6,    0,    0,   12,    0,   12,    0,    0,    0,    0,  -18,   18,   -6,    0,    6,    0,    0,    0,    0,    0,    0,    0,    0,    0,    0,   -9,    0,  -18,    0,    0,    0,    0,   24,    0,   -9,   -9,    0,    0,  -12,  -12,  -18,   12,    0,    0,    0,    0,  -12,    0,
       0,    0,  -18,    0,    0,  -24,    0,  -24,  -24,    0,    0,    0,    0,    0,    0,    0,    0,    0,    0,    0,    0,    0,    0,    0,    0,    0,    0,    0,    0,    0,    0,    0,    0,  -18,    0,    0,    0,    0,    0,    0,    0,    0,    0,    0,    0,    0,    0,    0,    0,    0,    0,    0,    0,    0,    0,    0,    0,    0,    0,    0,    0,    0,    0,    0,    0,    0,    0,    0,    0,    0,    0,    0,    0,    0,    0,    0,    0,    0,    0,    0,    0,    0,   -9,    0,    0,    0,  -12,   -6,  -12,  -18,  -24,  -24,    0,   -6,    0,  -18,  -18,    0,  -18,    0,    0,    0,  -24,    0,    0,    0,  -24,    0,    0,    0,    0,    0,  -24,    0,    0,    0,    0,    0,    0,  -12,    0,    0,  -24,    0,    0,  -42,    0,    0,   -6,    0,    0,    0,
       0,   12,    0,   22,    0,  -60,    0,  -60,  -59,    0,    0,    0,    0,    0,    0,    0,    0,    0,    0,    0,    0,    0,    0,    0,    0,    0,    0,    0,    0,    0,    0,    0,    0,    0,    0,    0,    0,    0,    0,    0,    0,    0,    0,    0,    0,    0,    0,    0,    0,    0,    0,    0,    0,    0,    0,    0,    0,    0,    0,    0,    0,    0,    0,    0,    0,    0,    0,    0,    0,    0,    0,    0,    0,    0,    0,    0,    0,    0,    0,    0,    0,    0,   -9,   18,    0,    0,    0,  -48,    0,  -60,  -48,  -18,    0,   -9,    0,   -6,    0,    0,  -15,   -9,    0,    0,  -33,   -9,    0,    0,  -27,    0,    0,   18,    0,    0,  -30,    0,  -11,    0,   12,   18,   18,    0,    0,    0,    0,    0,    0,  -81,    0,    0,    0,    0,   12,   17,
       0,    0,    0,    0,    0,    0,  -12,    0,    0,    0,    0,    0,    0,    0,    0,    0,    0,    0,    0,    0,    0,    0,    0,    0,    0,    0,    0,    0,    0,    0,    0,    0,    0,    0,    0,    0,    0,    0,    0,    0,    0,    0,    0,    0,    0,    0,    0,    0,    0,    0,    0,    0,    0,    0,    0,    0,    0,    0,    0,    0,    0,    0,    0,    0,    0,    0,    0,    0,    0,    0,    0,    0,    0,    0,    0,    0,    0,    0,    0,    0,    0,    0,    0,    0,  -14,    0,    0,    0,    0,    0,    0,    0,    0,    0,    0,    0,    0,    0,   12,   -9,    0,    0,    0,   -9,    0,    0,    0,    0,    0,   -8,    0,    0,    0,    0,  -12,    0,    0,    0,   -8,    0,    0,    0,    0,    0,    0,    0,    0,    0,    0,    0,    0,    0,
       0,    0,    0,    0,    0,  -30,   12,  -30,  -36,    0,    0,    0,    0,    0,    0,    0,    0,    0,    0,    0,    0,    0,    0,    0,    0,    0,    0,    0,    0,    0,    0,    0,    0,    0,    0,    0,    0,    0,    0,    0,    0,    0,    0,    0,    0,    0,    0,    0,    0,    0,    0,    0,    0,    0,    0,    0,    0,    0,    0,    0,    0,    0,    0,    0,    0,    0,    0,    0,    0,    0,    0,    0,    0,    0,    0,    0,    0,    0,    0,    0,    0,    0,  -18,   -6,    0,    0,    0,  -24,  -24,  -39,  -48,  -42,    0,  -18,    0,  -30,  -12,  -12,  -24,    0,    0,    0,  -24,    0,    0,    0,  -18,    0,    0,    0,    0,    0,  -14,    0,    0,    0,    0,    0,    0,  -18,    0,    0,  -18,    0,    0,  -42,    0,    0,    0,    0,    0,    0,
       0,    0,    0,   18,    0,    0,    0,    0,    0,    0,    0,    0,    0,    0,    0,    0,    0,    0,    0,    0,    0,    0,    0,    0,    0,    0,    0,    0,    0,    0,    0,    0,    0,    0,    0,    0,    0,    0,    0,    0,    0,    0,    0,    0,    0,    0,    0,    0,    0,    0,    0,    0,    0,    0,    0,    0,    0,    0,    0,    0,    0,    0,    0,    0,    0,    0,    0,    0,    0,    0,    0,    0,    0,    0,    0,    0,    0,    0,    0,    0,    0,    0,    0,    0,  -18,    0,    0,   12,    0,   12,   12,    0,    0,   15,  -30,   18,    0,    0,    0,    0,    0,    0,   18,    0,    0,    0,   18,    0,  -36,  -27,   12,  -36,    0,   12,    0,    0,   30,    0,  -27,    0,    0,    0,    0,  -42,  -36,   18,   -6,    0,    0,    0,    0,    0,
       0,    0,    0,  -24,    0,    0,    0,    0,    0,    0,    0,    0,    0,    0,    0,    0,    0,    0,    0,    0,  -15,    0,    0,    0,    0,    0,    0,    0,    0,    0,    0,    0,    0,  -60,    0,    0,    0,    0,    0,    0,    0,    0,    0,    0,    0,    0,    0,    0,    0,    0,    0,    0,    0,    0,    0,    0,    0,    0,    0,    0,    0,    0,    0,    0,    0,    0,    0,    0,    0,    0,    0,    0,    0,    0,    0,    0,    0,    0,    0,    0,    0,    0,    0,    0,    0,    0,    0,    0,    0,    0,    0,    0,    0,    0,    0,    0,    0,    0,    0,    0,    0,    0,    0,    0,    0,    0,   12,    0,  -18,  -18,    0,  -24,    0,    0,    0,    0,    0,    0,  -18,    0,    0,    0,    0,    0,  -18,    0,    0,    0,    0,  -12,  -24,  -18,
       0,    0,  -12,  -12,    0,   -9,    0,   -9,  -24,    0,    0,    0,    0,    0,    0,    0,    0,    0,    0,    0,   -9,    0,    0,    0,    0,    0,    0,    0,    0,    0,    0,    0,    0,  -36,    0,    0,    0,    0,    0,    0,    0,    0,    0,    0,    0,    0,    0,    0,    0,    0,    0,    0,    0,    0,    0,    0,    0,    0,    0,    0,    0,    0,    0,    0,    0,    0,    0,    0,    0,    0,    0,    0,    0,    0,    0,    0,    0,    0,    0,    0,    0,    0,    0,    0,    0,    0,    0,    0,    0,    0,    0,    0,    0,    0,    0,    0,    0,    0,    0,    0,    0,   -6,  -12,    0,   -6,   -6,  -12,    0,    0,   -6,   -9,    0,  -15,    0,    0,    0,    0,    0,   -6,    0,    0,    0,    0,    0,    0,    0,    0,    0,    0,    0,  -30,  -12,
       0,    0,    0,    0,    0,    0,    0,    0,    0,    0,    0,    0,    0,    0,    0,    0,    0,    0,    0,    0,    0,    0,    0,    0,    0,    0,    0,    0,    0,    0,    0,    0,    0,    0,    0,    0,    0,    0,    0,    0,    0,    0,    0,    0,    0,    0,    0,    0,    0,    0,    0,    0,    0,    0,    0,    0,    0,    0,    0,    0,    0,    0,    0,    0,    0,    0,    0,    0,    0,    0,    0,    0,    0,    0,    0,    0,    0,    0,    0,    0,    0,    0,    0,    0,    0,    0,    0,    0,    0,    0,    0,    0,    0,    0,    0,    0,    0,    0,    0,    0,    0,   -6,   -9,    0,  -12,    0,    0,    0,   -6,  -12,   -9,    0,  -12,    0,    0,    0,    0,    0,  -12,    0,    0,    0,    0,    0,   -6,    0,    0,    0,    0,    0,    0,    0,
       0,    0,    0,    0,    0,  -42,    0,  -42,  -42,    0,    0,    0,    0,    0,    0,    0,    0,    0,    0,    0,    0,    0,    0,    0,    0,    0,    0,    0,    0,    0,    0,    0,    0,    0,    0,    0,    0,    0,    0,    0,    0,    0,    0,    0,    0,    0,    0,    0,    0,    0,    0,    0,    0,    0,    0,    0,    0,    0,    0,    0,    0,    0,    0,    0,    0,    0,    0,    0,    0,    0,    0,    0,    0,    0,    0,    0,    0,    0,    0,    0,    0,    0,    0,    0,    0,    0,    0,    0,    0,    0,    0,    0,    0,    0,    0,    0,    0,    0,    0,   -6,    6,    0,  -30,   -8,    0,    0,  -30,   12,    0,    0,    0,    0,  -24,   -6,   -6,    0,    0,    0,    0,    0,    0,    0,    0,    0,    0,    0,    0,    0,    0,    0,    0,   12,
       0,    0,    0,    0,    0,    6,    0,    6,    0,    0,    0,    0,    0,    0,    0,    0,    0,    0,    0,    0,    0,    0,    0,    0,    0,    0,    0,    0,    0,    0,    0,    0,    0,  -24,    0,    0,    0,    0,    0,    0,    0,    0,    0,    0,    0,    0,    0,    0,    0,    0,    0,    0,    0,    0,    0,    0,    0,    0,    0,    0,    0,    0,    0,    0,    0,    0,    0,    0,    0,    0,    0,    0,    0,    0,    0,    0,    0,    0,    0,    0,    0,    0,    0,    0,    0,    0,    0,    0,    0,    0,    0,    0,    0,    0,    0,    0,    0,    0,    0,    0,    0,    0,    0,   -6,    0,    0,    0,    0,    0,   12,    0,    0,    0,    0,    0,    0,    0,   18,   30,    0,    0,    0,    0,    0,  -18,    0,    0,    0,    0,    0,    0,    0,
       0,    0,    0,    0,    0,    0,    0,    0,    0,    0,    0,    0,    0,    0,    0,    0,    0,    0,    0,    0,  -15,    0,    0,    0,    0,    0,    0,    0,    0,    0,    0,    0,    0,  -24,    0,    0,    0,    0,    0,    0,    0,    0,    0,    0,    0,    0,    0,    0,    0,    0,    0,    0,    0,    0,    0,    0,    0,    0,    0,    0,    0,    0,    0,    0,    0,    0,    0,    0,    0,    0,    0,    0,    0,    0,    0,    0,    0,    0,    0,    0,    0,    0,    0,    0,    0,    0,    0,    0,    0,    0,    0,    0,    0,    0,    0,    0,    0,    0,    0,   -6,    0,    0,    0,    0,   -6,    0,    0,    0,    0,    0,    0,    0,  -12,    0,    0,    0,    0,    0,    0,    0,    0,    0,    0,    0,    0,    0,    0,    0,    0,    0,  -12,    0,
       0,    0,    0,    0,    0,    0,    0,    0,    0,    0,    0,    0,    0,    0,    0,    0,    0,    0,    0,    0,    0,    0,    0,    0,    0,    0,    0,    0,    0,    0,    0,    0,    0,  -30,    0,    0,    0,    0,    0,    0,    0,    0,    0,    0,    0,    0,    0,    0,    0,    0,    0,    0,    0,  -18,    0,    0,    0,    0,    0,    0,    0,    0,    0,    0,    0,    0,    0,    0,    0,    0,    0,    0,    0,    0,    0,    0,    0,    0,    0,    0,    0,    0,    0,    0,    0,    0,    0,    0,    0,    0,    0,    0,    0,    0,    0,    0,    0,    0,    0,  -13,   -6,    0,    0,  -18,    0,   -6,    0,    0,    0,   -6,    0,    0,    0,    0,    0,    0,    0,    0,   -6,    0,    0,    0,    0,    0,  -36,    0,    0,    0,    0,    0,    0,    0,
       0,    0,    0,    0,    0,  -12,    0,  -12,    0,    0,    0,    0,    0,    0,    0,    0,    0,    0,    0,    0,    0,    0,    0,    0,    0,    0,    0,    0,    0,    0,    0,    0,    0,  -30,    0,    0,    0,    0,    0,    0,    0,    0,    0,    0,    0,    0,    0,    0,    0,    0,    0,    0,    0,    0,    0,    0,    0,    0,    0,    0,    0,    0,    0,    0,    0,    0,    0,    0,    0,    0,    0,    0,    0,    0,    0,    0,    0,    0,    0,    0,    0,    0,    0,    0,    0,    0,    0,    0,    0,    0,    0,    0,    0,    0,    0,    0,    0,    0,    0,    0,    0,    0,    0,    0,   -7,    0,    0,    0,    0,    0,    0,    0,   -9,    0,    0,    0,    0,    0,    0,    0,    0,    0,    0,    0,    0,    0,    0,    0,    0,    0,  -12,    0,
       0,    0,    0,    0,    0,    0,    0,    0,    0,    0,    0,    0,    0,    0,    0,    0,    0,    0,    0,    0,    0,    0,    0,    0,    0,    0,    0,    0,    0,    0,    0,    0,    0,    0,    0,    0,    0,    0,    0,    0,    0,    0,    0,    0,    0,    0,    0,    0,    0,    0,    0,    0,    0,    0,    0,    0,    0,    0,    0,    0,    0,    0,    0,    0,    0,    0,    0,    0,    0,    0,    0,    0,    0,    0,    0,    0,    0,    0,    0,    0,    0,    0,    0,    0,    0,    0,    0,    0,    0,    0,    0,    0,    0,    0,    0,    0,    0,    0,    0,   -6,    0,    0,    0,   -6,    0,    0,    0,    0,    0,   -6,    0,    0,   -6,    0,    0,    0,    0,    0,   -6,    0,    0,    0,    0,    0,  -18,    0,    0,    0,    0,    0,    0,    0,
       0,    0,    0,    0,    0,    0,    0,    0,    0,    0,    0,    0,    0,    0,    0,    0,    0,    0,    0,    0,    0,    0,    0,    0,    0,    0,    0,    0,    0,    0,    0,    0,    0,  -36,    0,    0,    0,    0,    0,    0,    0,    0,    0,    0,    0,    0,    0,    0,    0,    0,    0,    0,    0,    0,    0,    0,    0,    0,    0,    0,    0,    0,    0,    0,    0,    0,    0,    0,    0,    0,    0,    0,    0,    0,    0,    0,    0,    0,    0,    0,    0,    0,    0,    0,    0,    0,    0,    0,    0,    0,    0,    0,    0,    0,    0,    0,    0,    0,    0,   -6,    0,    0,    0,    0,    0,    0,    0,    0,    0,    0,    0,    0,  -12,    0,    0,    0,    0,    0,    0,    0,    0,    0,    0,    0,    0,    0,    0,    0,    0,    0,    0,   12,
       0,    0,    0,   30,    0,  -48,   -9,  -48,  -33,    0,    0,    0,    0,    0,    0,    0,    0,    0,    0,    0,    0,    0,    0,    0,    0,    0,    0,    0,    0,    0,    0,    0,    0,    0,    0,    0,    0,    0,    0,    0,    0,    0,    0,    0,    0,    0,    0,    0,    0,    0,    0,    0,    0,    0,    0,    0,    0,    0,    0,    0,    0,    0,    0,    0,    0,    0,    0,    0,    0,    0,    0,    0,    0,    0,    0,    0,    0,    0,    0,    0,    0,    0,    0,    0,    0,    0,    0,    0,    0,    0,    0,    0,    0,    0,    0,    0,    0,    0,    0,  -11,    0,    0,  -30,  -12,    0,    0,  -36,   18,    0,   18,    9,   24,  -34,   -6,  -12,   12,    0,   24,   18,    0,    0,    0,    0,    0,    0,    0,    0,    0,    0,    0,   24,   30,
       0,    0,    0,   12,    0,    6,    0,    6,    0,    0,    0,    0,    0,    0,    0,    0,    0,    0,    0,    0,    0,    0,    0,    0,    0,    0,    0,    0,    0,    0,    0,    0,    0,    0,    0,    0,    0,    0,    0,    0,    0,    0,    0,    0,    0,    0,    0,    0,    0,    0,    0,    0,    0,    0,    0,    0,    0,    0,    0,    0,    0,    0,    0,    0,    0,    0,    0,    0,    0,    0,    0,    0,    0,    0,    0,    0,    0,    0,    0,    0,    0,    0,    0,    0,    0,    0,    0,    0,    0,    0,    0,    0,    0,    0,    0,    0,    0,    0,    0,   -6,    0,    0,    0,   -9,    0,    0,    0,   18,    0,    9,    6,    0,    0,    0,    0,    0,    0,    0,    9,    0,    0,    0,    0,    0,  -12,    0,    0,    0,    0,    0,   24,   30,
       0,    0,    0,  -36,    0,    0,    0,    0,    0,    0,    0,    0,    0,    0,    0,    0,    0,    0,    0,    0,    0,    0,    0,    0,    0,    0,    0,    0,    0,    0,    0,    0,    0,  -72,    0,    0,    0,    0,    0,    0,    0,    0,    0,    0,    0,    0,    0,    0,    0,    0,    0,    0,    0,    0,    0,    0,    0,    0,    0,    0,    0,    0,    0,    0,    0,    0,    0,    0,    0,    0,    0,    0,    0,    0,    0,    0,    0,    0,    0,    0,    0,    0,    0,    0,    0,    0,    0,    0,    0,    0,    0,    0,    0,    0,    0,    0,    0,    0,    0,    0,    0,   -6,   -6,    0,   -6,    0,    0,  -12,  -24,  -45,  -12,  -30,  -12,    0,    0,    0,    0,    0,  -45,    0,    0,    0,    0,    0,  -12,    0,    0,    0,    0,   -6,  -18,  -18,
       0,    0,    0,  -12,    0,    0,    0,    0,    0,    0,    0,    0,    0,    0,    0,    0,    0,    0,    0,    0,  -10,    0,    0,    0,    0,    0,    0,    0,    0,    0,    0,    0,    0,  -54,    0,    0,    0,    0,    0,    0,    0,    0,    0,    0,    0,    0,    0,    0,    0,    0,    0,    0,    0,    0,    0,    0,    0,    0,    0,    0,    0,    0,    0,    0,    0,    0,    0,    0,    0,    0,    0,    0,    0,    0,    0,    0,    0,    0,    0,    0,    0,    0,    0,    0,    0,    0,    0,    0,    0,    0,    0,    0,    0,    0,    0,    0,    0,    0,    0,    0,    0,    0,    0,    0,    0,    0,    0,    0,  -18,  -27,    0,  -30,  -18,    0,    0,    0,    0,    0,  -27,    0,    0,    0,    0,    0,  -18,    0,    0,    0,    0,    0,  -30,  -18,
       0,    0,    0,    0,    0,    0,    0,    0,    0,    0,    0,    0,    0,    0,    0,    0,    0,    0,    0,    0,    0,    0,    0,    0,    0,    0,    0,    0,    0,    0,    0,    0,    0,    0,    0,    0,    0,    0,    0,    0,    0,    0,    0,    0,    0,    0,    0,    0,    0,    0,    0,    0,    0,    0,    0,    0,    0,    0,    0,    0,    0,    0,    0,    0,    0,    0,    0,    0,    0,    0,    0,    0,    0,    0,    0,    0,    0,    0,    0,    0,    0,    0,    0,    0,    0,    0,    0,    0,    0,    0,    0,    0,    0,    0,    0,    0,    0,    0,    0,    0,    0,    0,    0,    0,    0,    0,    0,    0,    0,    0,    0,    0,    0,    0,    0,    0,    0,    0,    0,    0,    0,    0,    0,    0,    0,    0,    0,    0,    0,    0,    0,   12,
       0,    0,    0,    0,    0,   -9,    0,   -9,  -18,    0,    0,    0,    0,    0,    0,    0,    0,    0,    0,    0,  -15,    0,    0,    0,    0,    0,    0,    0,    0,    0,    0,    0,    0,  -30,    0,    0,    0,    0,    0,    0,    0,    0,    0,    0,    0,    0,    0,    0,    0,    0,    0,    0,    0,    0,    0,    0,    0,    0,    0,    0,    0,    0,    0,    0,    0,    0,    0,    0,    0,    0,    0,    0,    0,    0,    0,    0,    0,    0,    0,    0,    0,    0,    0,    0,    0,    0,    0,    0,    0,    0,    0,    0,    0,    0,    0,    0,    0,    0,    0,   -9,    0,   -6,   -9,    0,   -6,    0,    0,    0,    0,   -6,   -6,    0,  -12,    0,    0,    0,    0,    0,   -6,    0,    0,    0,    0,    0,    0,    0,    0,    0,    0,    0,  -12,    0,
       0,    0,    0,    0,    0,    0,    0,    0,    0,    0,    0,    0,    0,    0,    0,    0,    0,    0,    0,    0,    0,    0,    0,    0,    0,    0,    0,    0,    0,    0,    0,    0,    0,    0,    0,    0,    0,    0,    0,    0,    0,    0,    0,    0,    0,    0,    0,    0,    0,    0,    0,    0,    0,    0,    0,    0,    0,    0,    0,    0,    0,    0,    0,    0,    0,    0,    0,    0,    0,    0,    0,    0,    0,    0,    0,    0,    0,    0,    0,    0,    0,    0,    0,    0,    0,    0,    0,    0,    0,    0,    0,    0,    0,    0,    0,    0,    0,    0,    0,    0,    0,    0,    0,    0,    0,    0,    0,    0,  -15,  -15,    0,  -18,    0,    0,    0,    0,    0,    0,  -15,    0,    0,    0,    0,    0,  -18,    0,    0,    0,    0,    0,  -18,    0,
       0,    0,   12,   12,    0,    0,    0,    0,    0,    0,    0,    0,    0,    0,    0,    0,    0,    0,    0,    0,    0,    0,    0,    0,    0,    0,    0,    0,    0,    0,    0,    0,    0,   12,   12,    0,    0,    0,    0,    0,    0,    0,    0,    0,    0,    0,    0,    0,    0,    0,    0,    0,   12,    0,    0,    0,    0,    0,    0,    0,    0,    0,    0,    0,    0,    0,    0,    0,    0,    0,    0,    0,    0,    0,    0,    0,    0,    0,    0,    0,    0,    0,    0,    0,    0,    0,    0,    0,    0,    0,    0,    0,    0,    0,    0,    0,    0,    0,    0,    0,    0,    0,    0,    0,    0,    0,    0,    0,    0,    0,    0,    0,    0,   30,    0,    0,   30,    0,    0,    0,    0,    0,    0,    0,    0,    0,    0,    0,    0,    0,    0,   12,
       0,    0,    0,    0,    0,  -12,    0,  -12,    0,    0,    0,    0,    0,    0,    0,    0,    0,    0,    0,    0,    0,    0,    0,    0,    0,    0,    0,    0,    0,    0,    0,    0,    0,    0,    0,    0,    0,    0,    0,    0,    0,    0,    0,    0,    0,    0,    0,    0,    0,    0,    0,    0,    0,    0,    0,    0,    0,    0,    0,    0,    0,    0,    0,    0,    0,    0,    0,    0,    0,    0,    0,    0,    0,    0,    0,    0,    0,    0,    0,    0,    0,    0,    0,    0,    0,    0,    0,    0,    0,    0,    0,    0,    0,    0,    0,    0,    0,    0,    0,    0,    0,    0,    0,    0,    0,    0,    0,    0,    0,    0,    0,    0,    0,    0,    0,    0,    0,    0,    0,    0,    0,    0,    0,    0,    0,    0,    0,    0,    0,    0,    0,    0,
       0,    0,    0,  -12,    0,    0,    0,    0,    0,    0,    0,    0,    0,    0,    0,    0,    0,    0,    0,    0,  -10,    0,    0,    0,    0,    0,    0,    0,    0,    0,    0,    0,    0,  -54,    0,    0,    0,    0,    0,    0,    0,    0,    0,    0,    0,    0,    0,    0,    0,    0,    0,    0,    0,    0,    0,    0,    0,    0,    0,    0,    0,    0,    0,    0,    0,    0,    0,    0,    0,    0,    0,    0,    0,    0,    0,    0,    0,    0,    0,    0,    0,    0,    0,    0,    0,    0,    0,    0,    0,    0,    0,    0,    0,    0,    0,    0,    0,    0,    0,    0,    0,    0,    0,    0,    0,    0,    0,    0,  -18,  -27,    0,  -30,    0,    0,    0,    0,    0,    0,  -27,    0,    0,    0,    0,    0,  -18,    0,    0,    0,    0,    0,  -30,  -18,
       0,    0,    0,    0,    0,    0,   12,    0,    0,    0,    0,    0,    0,    0,    0,    0,    0,    0,    0,    0,    0,    0,    0,    0,    0,    0,    0,    0,    0,    0,    0,    0,    0,  -24,    0,    0,    0,    0,    0,    0,    0,    0,    0,    0,    0,    0,    0,    0,    0,    0,    0,    0,    0,    0,    0,    0,    0,    0,    0,    0,    0,    0,    0,    0,    0,    0,    0,    0,    0,    0,    0,    0,    0,    0,    0,    0,    0,    0,    0,    0,    0,    0,    0,  -30,    0,    0,    0,    0,  -30,    0,    0,  -12,    0,    0,    0,    0,  -24,    0,    0,    0,    0,    0,    0,    0,    0,    0,    0,    0,    0,    0,    0,    0,    0,    0,    0,    0,    0,    0,    0,  -24,    0,    0,  -36,  -18,    0,    0,    0,    0,    0,    0,    0,    0,
       0,    0,    0,    0,    0,  -12,    0,  -12,    0,    0,    0,    0,    0,    0,    0,    0,    0,    0,    0,    0,    0,    0,    0,    0,    0,    0,    0,    0,    0,    0,    0,    0,    0,    0,    0,    0,    0,    0,    0,    0,    0,    0,    0,    0,    0,    0,    0,    0,    0,    0,    0,    0,    0,    0,    0,    0,    0,    0,    0,    0,    0,    0,    0,    0,    0,    0,    0,    0,    0,    0,    0,    0,    0,    0,    0,    0,    0,    0,    0,    0,    0,    0,    0,    0,    0,    0,    0,    0,    0,    0,    0,    0,    0,    0,    0,    0,    0,    0,    0,    0,    0,    0,    0,    0,    0,    0,    0,    0,  -18,  -18,    0,  -24,  -12,    0,    0,    0,    0,    0,  -18,    0,    0,    0,    0,    0,    0,    0,    0,    0,    0,    0,  -12,    0,
       0,    0,    0,    0,    0,  -42,  -30,  -42,    0,    0,    0,    0,    0,    0,    0,    0,    0,    0,    0,    0,    0,    0,    0,    0,    0,    0,    0,    0,    0,    0,    0,    0,    0,    0,    0,    0,    0,    0,    0,    0,    0,    0,    0,    0,    0,    0,    0,    0,    0,    0,    0,    0,    0,  -18,    0,  -18,    0,    0,    0,    0,    0,    0,    0,    0,    0,    0,    0,    0,    0,    0,    0,    0,    0,    0,    0,    0,    0,    0,    0,    0,    0,    0,    0,    0,  -12,    0,    0,  -48,   12,  -78,  -57,  -12,   -6,    0,  -24,    0,    0,    0,  -30,  -33,    0,  -24,  -60,  -48,  -30,  -42,  -54,    0,  -18,   -6,  -12,  -12,  -66,    0,  -42,    0,    0,    0,   -6,    0,    0,    0,   24,  -30,  -54,  -96,    0,  -30,    0,  -24,   12,   12,
       0,    0,    0,    0,    0,  -42,    0,  -42,  -18,    0,    0,    0,    0,    0,    0,    0,    0,    0,    0,    0,    0,    0,    0,    0,    0,    0,    0,    0,    0,    0,    0,    0,    0,    0,    0,    0,    0,    0,    0,    0,    0,    0,    0,    0,    0,    0,    0,    0,    0,    0,    0,    0,    0,    0,    0,    0,    0,    0,    0,    0,    0,    0,    0,    0,    0,    0,    0,    0,    0,    0,    0,    0,    0,    0,    0,    0,    0,    0,    0,    0,    0,    0,    0,    0,    0,    0,    0,    0,    0,    0,    0,    0,    0,    0,    0,    0,    0,    0,    0,    0,    0,    0,  -24,    0,    0,    0,  -24,   24,    0,   24,    0,   18,  -18,    0,    0,    0,    0,   24,   24,    0,    0,    0,    0,    0,    0,    0,    0,    0,    0,    0,   18,   21,
       0,    0,    0,   12,    0,  -42,  -18,  -42,  -69,    0,    0,    0,    0,    0,    0,    0,    0,    0,    0,    0,    0,    0,    0,    0,    0,    0,    0,    0,    0,    0,    0,    0,    0,    6,    0,    0,    0,    0,    0,    0,    0,    0,    0,    0,    0,    0,    0,    0,    0,    0,    0,    0,    0,    0,    0,    0,    0,    0,    0,    0,    0,    0,    0,    0,    0,    0,    0,    0,    0,    0,    0,    0,    0,    0,    0,    0,    0,    0,    0,    0,    0,    0,    0,    0,  -24,  -24,    0,  -36,    0,  -66,  -54,  -12,    0,    0,  -30,    0,    0,    0,  -30,  -48,    0,  -36,  -54,  -42,  -30,  -36,  -45,  -30,  -30,  -18,  -24,  -36,  -54,    0,  -48,    0,    0,    0,  -18,    0,    0,    0,    0,  -54,  -66,  -78,    0,  -30,    0,  -24,   12,    0,
       0,    0,    0,   18,    0,  -36,    0,  -36,    0,    0,    0,    0,    0,    0,    0,    0,    0,    0,    0,    0,    0,    0,    0,    0,    0,    0,    0,    0,    0,    0,    0,    0,    0,    0,    0,    0,    0,    0,    0,    0,    0,    0,    0,    0,    0,    0,    0,    0,    0,    0,    0,    0,    0,    0,    0,    0,    0,    0,    0,    0,    0,    0,    0,    0,    0,    0,    0,    0,    0,    0,    0,    0,    0,    0,    0,    0,    0,    0,    0,    0,    0,    0,    0,    0,    0,    0,    0,    0,    0,    0,    0,    0,    0,    0,    0,    0,    0,    0,    0,    0,    0,    0,  -30,  -12,    0,    0,  -30,    0,    0,    0,    0,    0,  -30,    0,  -12,    0,    0,    0,    0,    0,    0,    0,    0,    0,    0,    0,    0,    0,    0,    0,    0,   18,
       0,    0,    0,   24,    0,  -36,    0,  -36,  -51,    0,    0,    0,    0,    0,    0,    0,    0,    0,    0,    0,    0,    0,    0,    0,    0,    0,    0,    0,    0,    0,    0,    0,    0,    0,    0,    0,    0,    0,    0,    0,    0,    0,    0,    0,    0,    0,    0,    0,    0,    0,    0,    0,    0,    0,    0,    0,    0,    0,    0,    0,    0,    0,    0,    0,    0,    0,    0,    0,    0,    0,    0,    0,    0,    0,    0,    0,    0,    0,    0,    0,    0,    0,    0,    0,    0,    0,    0,  -42,    0,  -42,  -48,    0,    0,  -12,    0,    0,    0,    0,  -15,  -18,    0,    0,  -36,  -12,    0,    0,  -30,    0,    0,    0,    0,    0,  -36,    6,  -18,    0,   24,    0,    0,    0,    0,    0,    0,  -12,  -12,  -69,    0,    0,    0,    0,   12,   12,
       0,    0,    0,    0,    0,    0,    0,    0,    0,    0,    0,    0,    0,    0,    0,    0,    0,    0,    0,    0,    0,    0,    0,    0,    0,    0,    0,    0,    0,    0,    0,    0,    0,    0,    0,    0,    0,    0,    0,    0,    0,    0,    0,    0,    0,    0,    0,    0,    0,    0,    0,    0,    0,  -18,    0,    0,    0,    0,    0,    0,    0,    0,    0,    0,    0,    0,    0,    0,    0,    0,    0,    0,    0,    0,    0,    0,    0,    0,    0,    0,    0,    0,    0,  -24,  -24,    0,   30,    0,  -18,   12,    0,    0,   -6,    0,  -42,   18,  -18,    0,    0,    0,  -12,    0,    0,  -18,    0,    0,    0,    0,  -42,   12,    0,  -48,    0,    0,    0,    0,    0,   24,   12,  -18,    0,    0,  -18,  -45,  -54,   18,   -9,  -12,    0,    0,  -12,    0,
       0,    0,    0,    0,    0,    0,    0,    0,    0,    0,    0,    0,    0,    0,    0,    0,    0,    0,    0,    0,    0,    0,    0,    0,    0,    0,    0,    0,    0,    0,    0,    0,    0,    0,    0,    0,    0,    0,    0,    0,    0,    0,    0,    0,    0,    0,    0,    0,    0,    0,    0,    0,    0,  -18,    0,    0,    0,    0,    0,    0,    0,    0,    0,    0,    0,    0,    0,    0,    0,    0,    0,    0,    0,    0,    0,    0,    0,    0,    0,    0,    0,    0,    0,    0,    0,    0,    0,    0,    0,    0,    0,    0,    0,    0,    0,    0,    0,    0,    0,    0,   -6,    0,    0,  -12,    0,    0,    0,    0,    0,   18,    0,    0,    0,    0,    0,    0,    0,   30,   18,    0,    0,    0,    0,    0,  -36,    0,    0,    0,    0,    0,    0,    0,
       0,    0,    0,    0,    0,    0,    0,    0,    0,    0,    0,    0,    0,    0,    0,    0,    0,    0,    0,    0,    0,    0,    0,    0,    0,    0,    0,    0,    0,    0,    0,    0,    0,    0,    0,    0,    0,    0,    0,    0,    0,    0,    0,    0,    0,    0,    0,    0,    0,    0,    0,    0,    0,    0,    0,    0,    0,    0,    0,    0,    0,    0,    0,    0,    0,    0,    0,    0,    0,    0,    0,    0,    0,    0,    0,    0,    0,    0,    0,    0,    0,    0,    0,  -24,    0,    0,    0,    0,  -24,    0,    0,    0,    0,    0,    0,    0,  -30,    0,    0,    0,    0,    0,    0,    0,    0,    0,    0,    0,    0,    0,    0,    0,    0,    0,    0,    0,    0,    0,    0,  -39,    0,    0,  -36,  -24,    0,    0,    0,    0,    0,    0,  -12,    0,
       0,    0,    0,    0,    0,    0,    0,    0,    0,    0,    0,    0,    0,    0,    0,    0,    0,    0,    0,    0,    0,    0,    0,    0,    0,    0,    0,    0,    0,    0,    0,    0,    0,  -60,    0,    0,    0,    0,    0,    0,    0,    0,    0,    0,    0,    0,    0,    0,    0,    0,    0,    0,    0,    0,    0,    0,    0,    0,    0,    0,    0,    0,    0,    0,    0,    0,    0,    0,    0,    0,    0,    0,    0,    0,    0,    0,    0,    0,    0,    0,    0,    0,    0,    0,    0,    0,    0,    0,    0,    0,    0,    0,    0,    0,    0,    0,    0,    0,    0,    0,    0,    0,    0,    0,    0,    0,    0,    0,  -12,  -18,    0,  -18,    0,    0,    0,    0,    0,    0,  -18,    0,    0,    0,    0,    0,    0,    0,    0,    0,    0,    0,  -24,    0,
       0,    0,    0,    0,    0,  -48,  -30,  -48,  -63,    0,    0,    0,    0,    0,    0,    0,    0,    0,  -18,  -18,    0,    0,    0,    0,    0,    0,    0,    0,    0,    0,    0,    0,    0,    0,    0,    0,    0,    0,    0,    0,    0,    0,    0,    0,    0,    0,    0,    0,    0,    0,    0,    0,    0,  -30,    0,  -24,    0,    0,    0,    0,    0,    0,    0,    0,    0,    0,    0,    0,    0,    0,    0,    0,    0,    0,    0,    0,    0,    0,    0,    0,    0,    0,    0,    0,  -30,  -16,    0,  -42,   18,  -51,  -30,  -15,    0,   -9,  -18,    0,    0,    0,  -36,  -36,    0,  -18,  -42,  -32,  -30,  -30,  -42,  -12,  -30,  -18,  -21,  -18,  -60,   12,  -33,    0,   42,    0,  -18,   18,    0,    0,   15,  -30,  -42,  -60,    0,  -24,    0,  -12,    0,   12,
       0,    0,    0,   18,    0,    6,    0,    0,    0,    0,    0,    0,    0,    0,    0,    0,    0,    0,    0,    6,    0,    0,    0,    0,    0,    0,    0,    0,    0,    0,    0,    0,    0,    0,    0,    0,    0,    0,    0,    0,    0,    0,    0,    0,    0,    0,    0,    0,    0,    0,    0,    0,    0,    0,    0,    0,    0,    0,    0,    0,    0,    0,    0,    0,    0,    0,    0,    0,    0,    0,    0,    0,    0,    0,    0,    0,    0,    0,    0,    0,    0,    0,    0,    0,  -18,    0,   36,   12,    0,   12,   12,   12,    0,   15,  -30,   18,    0,    0,   24,    0,    0,    0,   18,    0,   24,    0,   18,    0,  -36,    0,   12,  -36,   12,   12,    0,   12,   30,   36,    0,    0,    0,   12,    0,  -42,  -36,   18,   -6,    0,    0,    0,    0,    0,
       0,    0,    0,   12,    0,    6,    0,    6,    0,    0,    0,    0,    0,    0,    0,    0,    0,    0,    0,    0,    0,    0,    0,    0,    0,    0,    0,    0,    0,    0,    0,    0,    0,    0,    0,    0,    0,    0,    0,    0,    0,    0,    0,    0,    0,    0,    0,    0,    0,    0,    0,    0,    0,    0,    0,    0,    0,    0,    0,    0,    0,    0,    0,    0,    0,    0,    0,    0,    0,    0,    0,    0,    0,    0,    0,    0,    0,    0,    0,    0,    0,    0,    0,    0,    0,    0,    0,    0,    0,    0,    0,    0,    0,    0,    0,    0,    0,    0,    0,   -6,    0,    0,    0,   -9,    0,    0,    0,   18,    0,    9,    6,    0,    0,    0,    0,    0,    0,   42,    9,    0,    0,    0,    0,    0,  -12,    0,    0,    0,    0,    0,   24,   30,
       0,    0,    0,    0,    0,    0,    0,    0,    0,    0,    0,    0,    0,    0,    0,    0,    0,    0,    0,    0,    0,    0,    0,    0,    0,    0,    0,    0,    0,    0,    0,    0,    0,  -75,    0,    0,    0,    0,    0,    0,    0,    0,    0,    0,    0,    0,    0,    0,    0,    0,    0,    0,    0,    0,    0,    0,    0,    0,    0,    0,    0,    0,    0,    0,    0,    0,    0,    0,    0,    0,    0,    0,    0,    0,    0,    0,    0,    0,    0,    0,    0,    0,    0,  -54,  -12,    0,    0,    0,  -48,    0,    0,    0,    0,    0,  -18,    0,  -66,    0,    0,    0,    0,    0,    0,    0,    0,    0,    0,    0,  -30,  -30,    0,  -30,    0,    0,    0,    0,    0,    0,  -30,  -60,    0,    0,  -60,  -30,  -24,    0,    0,    0,    0,    0,    0,    0,
       0,    0,    0,    0,    0,    0,    0,    0,    0,    0,    0,    0,    0,    0,    0,    0,    0,    0,    0,    0,    0,    0,    0,    0,    0,    0,    0,    0,    0,    0,    0,    0,    0,    0,    0,    0,    0,    0,    0,    0,    0,    0,    0,    0,    0,    0,    0,    0,    0,    0,    0,    0,    0,    0,    0,    0,    0,    0,    0,    0,    0,    0,    0,    0,    0,    0,    0,    0,    0,    0,    0,    0,    0,    0,    0,    0,    0,    0,    0,    0,    0,    0,    0,    0,    0,    0,    0,    0,    0,    0,  -12,  -18,    0,    0,    0,    0,    0,    0,  -18,    0,    0,    0,    0,    0,    0,    0,    0,    0,    0,    0,    0,    0,    0,    0,    0,    0,    0,    0,    0,    0,    0,    0,    0,    0,    0,    0,    0,    0,    0,    0,    0,    0,
       0,    0,    0,    0,    0,    0,    0,    0,    0,    0,    0,    0,    0,    0,    0,    0,    0,    0,    0,    0,    0,    0,    0,    0,    0,    0,    0,    0,    0,    0,    0,    0,    0,    0,    0,    0,    0,    0,    0,    0,    0,    0,    0,    0,    0,    0,    0,    0,    0,    0,    0,    0,    0,    0,    0,    0,    0,    0,    0,    0,    0,    0,    0,    0,    0,    0,    0,    0,    0,    0,    0,    0,    0,    0,    0,    0,    0,    0,    0,    0,    0,    0,    0,    0,    0,    0,    0,    0,    0,    0,    0,  -12,    0,    0,    0,    0,    0,    0,    0,    0,    0,    0,    0,    0,    0,    0,    0,    0,    0,    0,    0,    0,    0,    0,    0,    0,    0,    0,    0,    0,    0,    0,    0,  -18,    0,    0,    0,    0,    0,    0,    0,    0,
       0,    0,    0,    0,    0,    0,    0,    0,    0,    0,    0,    0,    0,    0,    0,    0,    0,    0,    0,    0,    0,    0,    0,    0,    0,    0,    0,    0,    0,    0,    0,    0,    0,    0,    0,    0,    0,    0,    0,    0,    0,    0,    0,    0,    0,    0,    0,    0,    0,    0,    0,    0,    0,    0,    0,    0,    0,    0,    0,    0,    0,    0,    0,    0,    0,    0,    0,    0,    0,    0,    0,    0,    0,    0,    0,    0,    0,    0,    0,    0,    0,    0,    0,    0,    0,    0,    0,    0,    0,    0,    0,    0,    0,    0,    0,    0,    0,    0,    0,    0,    0,    0,    0,    0,    0,    0,    0,    0,  -12,    0,    0,    0,    0,    0,    0,    0,    0,    0,    0,    0,    0,    0,    0,    0,  -18,    0,    0,    0,    0,    0,    0,    0,
       0,    0,    0,    0,    0,  -42,    0,  -42,    0,    0,    0,    0,    0,    0,    0,    0,    0,    0,    0,    0,    0,    0,    0,    0,    0,    0,    0,    0,    0,    0,    0,    0,    0,    0,    0,    0,    0,    0,    0,    0,    0,    0,    0,    0,    0,    0,    0,    0,    0,    0,    0,    0,    0,    0,    0,    0,    0,    0,    0,    0,    0,    0,    0,    0,    0,    0,    0,    0,    0,    0,    0,    0,    0,    0,    0,    0,    0,    0,    0,    0,    0,    0,    0,    0,    0,    0,    0,    0,    0,    0,    0,    0,    0,    0,    0,    0,    0,    0,    0,  -18,    0,    0,  -30,  -12,   -6,   -6,  -24,    0,    0,    0,    0,    0,  -30,  -18,  -12,    0,    0,    0,    0,    0,    0,    0,    0,    0,  -18,    0,    0,    0,    0,    0,    0,    0,
       0,    0,    0,    0,    0,    0,    0,    0,    0,    0,    0,    0,    0,    0,    0,    0,    0,    0,    0,    0,  -12,    0,    0,    0,    0,    0,    0,    0,    0,    0,    0,    0,    0,    0,    0,    0,    0,    0,    0,    0,    0,    0,    0,    0,    0,    0,    0,    0,    0,    0,    0,    0,    0,    0,    0,    0,    0,    0,    0,    0,    0,    0,    0,    0,    0,    0,    0,    0,    0,    0,    0,    0,    0,    0,    0,    0,    0,    0,    0,    0,    0,    0,    0,    0,    0,    0,    0,    0,    0,    0,    0,    0,    0,    0,    0,    0,    0,    0,    0,    0,    0,    0,    0,    0,    0,    0,    0,    0,    0,   -9,    0,    0,    0,    0,    0,    0,    0,    0,   -9,    0,    0,    0,    0,    0,  -18,    0,    0,    0,    0,    0,  -18,  -12,
       0,    0,    0,    0,    0,    0,    0,    0,    0,    0,    0,    0,    0,    0,    0,    0,    0,    0,    0,    0,    0,    0,    0,    0,    0,    0,    0,    0,    0,    0,    0,    0,    0,    0,    0,    0,    0,    0,    0,    0,    0,    0,    0,    0,    0,    0,    0,    0,    0,    0,    0,    0,    0,    0,    0,    0,    0,    0,    0,    0,    0,    0,    0,    0,    0,    0,    0,    0,    0,    0,    0,    0,    0,    0,    0,    0,    0,    0,    0,    0,    0,    0,    0,    0,    0,    0,    0,    0,    0,    0,    0,  -12,    0,    0,    0,    0,    0,    0,   -6,    0,    0,    0,    0,    0,    0,    0,    0,    0,    0,    0,    0,    0,  -12,    0,    0,    0,    0,    0,    0,    0,    0,    0,    0,    0,    0,    0,    0,    0,    0,    0,    0,    0,
       0,    0,    0,    0,    0,    0,    0,    0,    0,    0,    0,    0,    0,    0,    0,    0,    0,    0,    0,    0,    0,    0,    0,    0,    0,    0,    0,    0,    0,    0,    0,    0,    0,    0,    0,    0,    0,    0,    0,    0,    0,    0,    0,    0,    0,    0,    0,    0,    0,    0,    0,    0,    0,    0,    0,    0,    0,    0,    0,    0,    0,    0,    0,    0,    0,    0,    0,    0,    0,    0,    0,    0,    0,    0,    0,    0,    0,    0,    0,    0,    0,    0,    0,    0,    0,    0,    0,    0,    0,    0,    0,    0,    0,    0,    0,    0,    0,    0,    0,    0,    0,    0,    0,   -9,    0,    0,    0,    0,    0,    0,    0,    0,    0,    0,    0,    0,    0,    0,    0,    0,    0,    0,    0,    0,  -12,    0,    0,    0,    0,    0,    0,    0,
       0,    0,    0,   18,    0,    0,    0,    0,    0,    0,    0,    0,    0,    0,    0,    0,    0,    0,    0,    0,    0,    0,    0,    0,    0,    0,    0,    0,    0,    0,    0,    0,    0,    0,    0,    0,    0,    0,    0,    0,    0,    0,    0,    0,    0,    0,    0,    0,    0,    0,    0,    0,    0,    0,    0,    0,    0,    0,    0,    0,    0,    0,    0,    0,    0,    0,    0,    0,    0,    0,    0,    0,    0,    0,    0,    0,    0,    0,    0,    0,    0,    0,    0,    0,  -42,    0,    0,    6,    0,    6,   12,    0,    0,   15,  -66,   18,    0,    0,    0,  -24,  -18,    0,   18,  -12,    0,  -12,   18,    0,  -36,  -48,   12,  -36,    0,   12,  -12,    0,   30,    0,  -48,    0,    0,    0,    0,  -42,  -96,   18,   -6,  -12,    0,    0,    0,    0,
       0,    0,    0,    0,    0,  -48,    0,  -48,    0,    0,    0,    0,    0,  -30,    0,    0,    0,    0,    0,    0,    0,  -42,    0,    0,    0,    0,    0,   24,    0,   12,    0,   12,    0,    0,    0,    0,   12,  -18,    0,  -18,   12,    0,    6,    0,    0,  -18,    0,    0,    6,    0,    6,    0,    0,    0,    0,    0,  -66,  -72,    0,    0,    0,    0,  -18,    0,   30,  -18,   12,    0,    0,  -18,   12,   12,    0,  -18,    0,    0,  -18,    0,    0,    0,    0,    0,    0,   24,    0,    0,    0,  -33,   12,  -42,  -39,    0,    0,    0,    0,    0,    0,    0,  -18,    0,    0,    0,  -18,  -18,    0,    0,  -24,    0,    0,    6,    0,    0,  -30,   12,  -18,    0,   30,    6,    6,   12,   12,    0,   12,    0,    0,  -72,    0,    0,    0,    0,    0,    0,
       0,    0,    0,    0,    0,  -48,    0,  -48,    0,    0,    0,    0,    0,  -42,  -18,  -24,    0,    0,    0,    0,    0,  -60,    0,  -24,    0,    0,  -12,    0,    0,   12,    0,   12,    0,    0,    0,  -24,    6,  -30,    0,  -51,    6,    0,    0,    0,    0,  -48,    6,    0,    0,    0,    0,  -12,    0,    0,    0,    0,    0,  -99,  -24,    0,  -24,  -24,  -30,    0,   12,  -30,    6,  -24,  -24,  -30,    6,    6,    0,  -48,  -12,    0,  -51,    0,    0,  -24,    0,    0,    0,    0,  -24,  -12,    0,  -45,    0,  -60,  -45,  -12,    0,    0,    0,    0,    0,    0,  -24,  -24,    0,    0,  -42,  -30,    0,    0,  -42,    0,    0,    0,    0,    0,  -48,    6,  -48,    0,   12,    0,    0,   12,    0,    0,   12,    0,  -30,  -99,    0,    0,    0,    0,    0,    0,
};

static const EpdFontData kicomictaxy_18_regular = {
    kicomictaxy_18_regularBitmaps,
    kicomictaxy_18_regularGlyphs,
    kicomictaxy_18_regularIntervals,
    76,
    48,
    37,
    -11,
    true,
    kicomictaxy_18_regularGroups,
    13,
    nullptr,
    kicomictaxy_18_regularKernLeftClasses,
    kicomictaxy_18_regularKernRightClasses,
    kicomictaxy_18_regularKernMatrix,
    673,
    681,
    158,
    132,
    nullptr,
    0,
};
