/**
 * generated by fontconvert.py
 * name: notoserif_18_italic
 * size: 18
 * mode: 2-bit  compressed: true
 * Command used: fontconvert.py notoserif_18_italic 18 ../builtinFonts/source/NotoSerif/NotoSerif-Italic.ttf --2bit --compress --pnum --force-autohint
 */
#pragma once
#include "EpdFontData.h"

static const uint8_t notoserif_18_italicBitmaps[51760] = {
    0xAD, 0x5B, 0x3F, 0xAC, 0xE4, 0xC6, 0x7D, 0x1E, 0x92, 0xD6, 0x11, 0x0A, 0x0D, 0x50, 0x85, 0x9B,
    0xE0, 0x82, 0x63, 0xE3, 0xC2, 0x40, 0xA4, 0x63, 0x8A, 0x14, 0x57, 0xBC, 0xF7, 0x48, 0x47, 0x40,
    0x52, 0xA4, 0x51, 0x97, 0x22, 0x4D, 0x8A, 0xF4, 0x97, 0x42, 0xC5, 0x15, 0x77, 0x47, 0x5A, 0x2E,
    0x5C, 0xA4, 0xC8, 0xF5, 0x29, 0xE4, 0x3E, 0x45, 0x5C, 0xA8, 0x38, 0x18, 0xA7, 0x5B, 0x46, 0x2A,
    0x5C, 0xB8, 0x10, 0x53, 0x18, 0x2A, 0x52, 0x84, 0x48, 0x0C, 0x38, 0x01, 0x02, 0x88, 0x8E, 0x69,
    0x8B, 0x27, 0xEF, 0x72, 0xF2, 0x7D, 0xDF, 0x6F, 0xC8, 0xDD, 0x7D, 0xF7, 0x47, 0x67, 0x23, 0xF7,
    0xDE, 0xCE, 0xEC, 0xDB, 0x1D, 0xCE, 0xFC, 0xFE, 0xFF, 0x9D, 0x73, 0xE5, 0xE0, 0xCA, 0xDE, 0x55,
    0x9D, 0x7E, 0x5B, 0xD7, 0xD4, 0xAE, 0x71, 0x6E, 0xE7, 0xDC, 0xE2, 0xDC, 0xC1, 0xB9, 0xBD, 0x73,
    0xB3, 0x8B, 0x26, 0x17, 0x8F, 0xFC, 0x4D, 0x06, 0x97, 0xF4, 0x2E, 0xE9, 0x5C, 0xDA, 0xB9, 0xC8,
    0x85, 0x7F, 0x25, 0x9E, 0xE8, 0xDC, 0x0E, 0xBF, 0xAD, 0xBB, 0x72, 0xAE, 0xE8, 0x9B, 0xB6, 0xE8,
    0x1A, 0x57, 0xF2, 0x55, 0x3F, 0x75, 0xA5, 0x7B, 0xE2, 0x2A, 0xBC, 0x2E, 0xB1, 0xD1, 0x85, 0x1B,
    0xF5, 0x72, 0x2E, 0x77, 0xB7, 0xF9, 0x28, 0xFE, 0x72, 0xF8, 0xE6, 0x3E, 0xC6, 0x0B, 0xF7, 0x18,
    0xE3, 0x7D, 0x37, 0x61, 0x7C, 0x1C, 0x71, 0xCD, 0x18, 0xE3, 0x38, 0x8F, 0x7F, 0x9D, 0x8D, 0xEE,
    0xAF, 0x7E, 0xF6, 0xD7, 0x3F, 0x73, 0x38, 0x3E, 0x6B, 0x1D, 0x20, 0xC8, 0x6B, 0x6C, 0xD3, 0x16,
    0xDB, 0x66, 0x05, 0x36, 0x72, 0x78, 0xB7, 0x6D, 0x59, 0xE1, 0xA1, 0x39, 0x8C, 0x6E, 0xDA, 0xB6,
    0x74, 0xD1, 0x08, 0x24, 0x5C, 0x3C, 0x00, 0x0F, 0xA0, 0x93, 0x76, 0x27, 0x5B, 0x72, 0xB3, 0xBA,
    0x30, 0xBC, 0x2E, 0xB6, 0xE1, 0x0E, 0x41, 0xF5, 0xBD, 0x8B, 0xBD, 0xDF, 0xBB, 0x6C, 0xFA, 0xE5,
    0x02, 0x24, 0xC7, 0x9D, 0x2B, 0xDB, 0xA1, 0x71, 0xD5, 0x77, 0xFB, 0x4B, 0x57, 0xFD, 0x59, 0xF7,
    0x96, 0xAB, 0xBE, 0x8F, 0x9D, 0xAA, 0x4F, 0x31, 0x94, 0x5F, 0x62, 0xB7, 0xDC, 0x03, 0xBE, 0x04,
    0x4F, 0x81, 0x9A, 0x33, 0xC1, 0xF3, 0x1A, 0xF0, 0xF5, 0x3B, 0xD5, 0x10, 0xB9, 0xB7, 0xF3, 0xB1,
    0x70, 0x17, 0xD9, 0x58, 0xB9, 0x3B, 0x1C, 0xEE, 0xE5, 0x43, 0xD5, 0x7E, 0x94, 0xF7, 0x65, 0x3F,
    0x56, 0x5D, 0x3E, 0xFF, 0xD2, 0x13, 0x73, 0x3C, 0x76, 0xD7, 0x63, 0xAB, 0x98, 0x9B, 0x10, 0xDA,
    0x30, 0xE0, 0x23, 0x17, 0xD7, 0xDC, 0x0E, 0x2B, 0x52, 0x7C, 0xB9, 0xF3, 0x24, 0x85, 0x4B, 0xE6,
    0xB2, 0x05, 0x4D, 0x5D, 0x36, 0xE4, 0x9D, 0x7B, 0x80, 0x8F, 0xBA, 0xBC, 0x07, 0xD5, 0x01, 0x68,
    0xDE, 0x83, 0x7B, 0x60, 0x43, 0x2E, 0x74, 0x2B, 0x7E, 0x83, 0x4D, 0x1E, 0x62, 0xAE, 0x1C, 0xE7,
    0xA2, 0x7D, 0x82, 0xF9, 0x63, 0x57, 0xD5, 0x53, 0x76, 0xC0, 0xA3, 0x4D, 0x32, 0x56, 0xFF, 0xDC,
    0x3E, 0x74, 0x87, 0xAC, 0xDB, 0x67, 0x5D, 0xF5, 0xEE, 0x5C, 0xBC, 0x3B, 0xA6, 0x43, 0xE1, 0xFB,
    0xAB, 0x74, 0x48, 0xC6, 0x78, 0x71, 0x4F, 0xF2, 0x2E, 0xC1, 0x8E, 0xD1, 0x94, 0x77, 0x29, 0xE6,
    0x64, 0x28, 0x6B, 0xCE, 0x79, 0x57, 0xD6, 0xD9, 0x40, 0xC6, 0xF2, 0x2C, 0x07, 0x79, 0xE0, 0x59,
    0x14, 0xA3, 0xCA, 0x15, 0x1D, 0x45, 0xA8, 0xC2, 0x19, 0x84, 0xB9, 0xAC, 0x1F, 0x72, 0xB9, 0x2B,
    0xFE, 0x65, 0xEF, 0x04, 0xB3, 0xC7, 0xE3, 0x80, 0x39, 0x22, 0xD9, 0xDC, 0x0D, 0x3F, 0x90, 0xF0,
    0x3B, 0x7F, 0x20, 0xAA, 0x4B, 0x44, 0xDA, 0x25, 0x33, 0xE5, 0xD3, 0xA5, 0x93, 0xA6, 0x6C, 0x04,
    0x5A, 0x9A, 0xB0, 0x9F, 0xC3, 0xD9, 0x57, 0x5C, 0x32, 0x11, 0x5D, 0x17, 0xCF, 0x29, 0x49, 0xE4,
    0xF6, 0x7F, 0xEB, 0x76, 0x60, 0x18, 0x68, 0x0E, 0xBE, 0x35, 0x60, 0x85, 0xAF, 0x93, 0x25, 0x1F,
    0xA3, 0xD9, 0xE5, 0x53, 0xBA, 0x07, 0x30, 0x65, 0x1F, 0x2F, 0x90, 0x69, 0xEC, 0xE7, 0x41, 0x59,
    0x8A, 0xFE, 0x4F, 0x5B, 0xCA, 0x7E, 0xF9, 0x85, 0x54, 0x20, 0x5F, 0x34, 0xA5, 0x80, 0x10, 0x3A,
    0x11, 0x03, 0x08, 0xAC, 0x4C, 0x00, 0x20, 0x14, 0x86, 0x9C, 0xCC, 0xE7, 0x68, 0x29, 0x27, 0x8A,
    0xC5, 0x94, 0xE3, 0xCF, 0xBB, 0x4B, 0x9D, 0xFA, 0xAE, 0xEC, 0xCB, 0xAE, 0x6C, 0xAB, 0xBA, 0x02,
    0x44, 0x97, 0x90, 0x9F, 0x3B, 0xAB, 0x9E, 0xFC, 0x88, 0x8C, 0x71, 0x3C, 0x25, 0x3A, 0x08, 0x0D,
    0x51, 0x88, 0xB8, 0xE0, 0x0C, 0xAA, 0x5B, 0xBC, 0x17, 0x92, 0x90, 0x30, 0x7C, 0x45, 0x62, 0x0E,
    0xD4, 0x26, 0x40, 0x43, 0x96, 0x75, 0xB6, 0x94, 0x2F, 0xEC, 0x60, 0x2F, 0x77, 0x7C, 0x55, 0xEB,
    0xAB, 0x76, 0xA2, 0x0B, 0x89, 0x9E, 0xE1, 0x59, 0x32, 0x89, 0x4A, 0x2C, 0xF2, 0xBC, 0x19, 0xE4,
    0x26, 0xA1, 0x12, 0x90, 0x50, 0x0F, 0xC2, 0x53, 0x45, 0x78, 0x82, 0x00, 0xF1, 0x54, 0xC2, 0x09,
    0xCA, 0x6E, 0xAF, 0x7C, 0x3C, 0x42, 0xF4, 0x22, 0xA8, 0x76, 0xD8, 0xD4, 0x5F, 0x43, 0x62, 0xB4,
    0x65, 0xFC, 0xDA, 0xDB, 0xC7, 0xB9, 0x61, 0xEF, 0x3E, 0x5A, 0x29, 0xE2, 0x6A, 0x67, 0xD0, 0xDD,
    0xE0, 0x90, 0xB7, 0x14, 0xD5, 0x01, 0xCF, 0xA5, 0xF3, 0x00, 0x85, 0x7E, 0xF8, 0xB9, 0xA7, 0x58,
    0x78, 0x70, 0xEE, 0x19, 0x1E, 0xFC, 0x2D, 0x36, 0xBF, 0x7A, 0xF7, 0xC3, 0xDE, 0xBD, 0x95, 0xFE,
    0x80, 0xAB, 0xBF, 0xC7, 0xA1, 0xFE, 0x13, 0xD9, 0x1F, 0xA0, 0xC3, 0x81, 0xCA, 0xFD, 0x1A, 0xC3,
    0x0E, 0x16, 0xA1, 0xD5, 0xF0, 0x1A, 0x8B, 0xE3, 0x29, 0x3D, 0xA4, 0x4B, 0xB2, 0x00, 0x37, 0x72,
    0x73, 0xCA, 0xFA, 0x2B, 0x07, 0x5D, 0xF7, 0x33, 0x7E, 0x1B, 0x3F, 0x65, 0x5D, 0x39, 0x54, 0x43,
    0xD5, 0x93, 0x82, 0x4E, 0x26, 0x86, 0xC4, 0x35, 0x3D, 0xA5, 0x4D, 0x71, 0xB9, 0x4C, 0xA4, 0x93,
    0x4D, 0x92, 0x7D, 0xC3, 0xBF, 0xE9, 0x6C, 0x6D, 0x7A, 0xBE, 0xF6, 0xF6, 0xB6, 0xF6, 0xC9, 0xF9,
    0xDA, 0x7E, 0x5D, 0x4B, 0xD5, 0x75, 0xC5, 0xB6, 0x56, 0x26, 0xEA, 0xF1, 0xBA, 0x36, 0xBE, 0xB6,
    0xB6, 0x5E, 0xD7, 0x5E, 0x6D, 0xC7, 0xC3, 0xAA, 0x4C, 0x34, 0x4D, 0x10, 0x64, 0x18, 0x1C, 0x58,
    0x7D, 0x32, 0xEB, 0x63, 0x28, 0x4F, 0xB4, 0x07, 0xEB, 0xA0, 0x43, 0xC9, 0x1E, 0xFA, 0x94, 0xEC,
    0xC1, 0x2F, 0x0C, 0xB0, 0xF7, 0x7B, 0xA8, 0x6E, 0xB2, 0xC7, 0xCA, 0x64, 0xAE, 0x34, 0x40, 0x0B,
    0x26, 0xAA, 0xF1, 0x08, 0x76, 0x66, 0x1C, 0x72, 0x58, 0x42, 0x6C, 0x86, 0x81, 0xA6, 0x1F, 0x12,
    0xD8, 0x38, 0xD3, 0xF4, 0x87, 0x14, 0x80, 0x3D, 0x3E, 0x8D, 0x27, 0xAC, 0xCC, 0x64, 0x43, 0x01,
    0xD2, 0xDD, 0xD9, 0x05, 0xD6, 0x67, 0x54, 0xAE, 0xD9, 0xC5, 0x5F, 0x4E, 0x50, 0xBE, 0x31, 0xF2,
    0x10, 0xB3, 0x8F, 0x5E, 0x26, 0xFC, 0x4D, 0x10, 0x7E, 0xEA, 0x4B, 0x10, 0x37, 0xAA, 0x92, 0x44,
    0x6E, 0x7D, 0xCD, 0x41, 0xB5, 0xB0, 0x45, 0x29, 0xE3, 0x0F, 0x2E, 0xD1, 0x90, 0x96, 0x32, 0xA4,
    0xD0, 0x54, 0x7C, 0x37, 0x25, 0x07, 0x6E, 0x1A, 0x99, 0x42, 0x7B, 0xE9, 0x80, 0x17, 0x85, 0x30,
    0xBE, 0x61, 0x7B, 0xCB, 0xFB, 0xD9, 0xDE, 0x41, 0x8B, 0xA4, 0x4F, 0x41, 0xDC, 0xA4, 0x39, 0xF4,
    0x8B, 0xCE, 0x0C, 0xF0, 0xFA, 0xB1, 0x58, 0x26, 0x16, 0x48, 0x9F, 0xB4, 0xE7, 0x5B, 0x74, 0xA1,
    0x70, 0x7A, 0xE9, 0xE0, 0xA2, 0xC1, 0x15, 0x35, 0xF7, 0xA9, 0xE4, 0xCF, 0x6C, 0x34, 0x49, 0x74,
    0xEE, 0xA6, 0x7F, 0x24, 0x08, 0xB1, 0x38, 0x9F, 0x61, 0x62, 0xA1, 0x0B, 0x84, 0x04, 0x04, 0x80,
    0x7A, 0x61, 0x7B, 0x8C, 0x99, 0xE1, 0x2E, 0xCC, 0x57, 0xD8, 0x32, 0x01, 0x41, 0xD2, 0x38, 0x2F,
    0x61, 0x91, 0xCD, 0xC4, 0x24, 0x13, 0x58, 0xCA, 0x8E, 0xE6, 0xE3, 0x71, 0xA5, 0x8D, 0xE9, 0xFA,
    0xFE, 0x0F, 0xCC, 0x94, 0x6A, 0x0D, 0xC8, 0x60, 0xA1, 0x00, 0x76, 0x2B, 0x69, 0xE5, 0xA9, 0x7E,
    0x58, 0x18, 0xED, 0x16, 0x61, 0xE7, 0x22, 0x9D, 0x9B, 0xE8, 0x80, 0x5C, 0x63, 0x25, 0x18, 0x7E,
    0xCC, 0x31, 0xFE, 0x15, 0x99, 0x9A, 0x7D, 0xCA, 0x9D, 0x8B, 0xBF, 0xE0, 0x89, 0x0F, 0x68, 0x04,
    0xDC, 0x9C, 0xCB, 0x41, 0xC8, 0x76, 0xB4, 0x32, 0x09, 0x62, 0xEA, 0x13, 0x8E, 0x74, 0x08, 0x2D,
    0x29, 0x08, 0x51, 0x01, 0x65, 0xC0, 0x5C, 0xD2, 0xC4, 0xB7, 0x0D, 0xC7, 0x7A, 0x45, 0xD4, 0x58,
    0x11, 0xED, 0x4F, 0x18, 0x62, 0xA8, 0x73, 0xCC, 0x8D, 0xA7, 0x9E, 0xFE, 0x03, 0xD4, 0x93, 0xE3,
    0x5C, 0x5C, 0xCA, 0x21, 0xAB, 0xDD, 0x3B, 0x54, 0xAA, 0xB7, 0xDD, 0x2D, 0xE7, 0xBE, 0x85, 0xF7,
    0xA7, 0x0E, 0xDD, 0xCC, 0xD0, 0x57, 0xC4, 0x8C, 0x34, 0x8F, 0x7E, 0x9E, 0x8A, 0xED, 0x3B, 0x92,
    0x8D, 0x02, 0x47, 0x52, 0x98, 0x08, 0xBA, 0x62, 0x58, 0xDF, 0xE9, 0xB3, 0xAA, 0xBB, 0xA0, 0xE0,
    0x7C, 0x4C, 0x66, 0xEC, 0x28, 0x81, 0x4D, 0x0B, 0x42, 0x96, 0xE4, 0xE2, 0x0D, 0x2F, 0xC1, 0xBE,
    0x09, 0xD8, 0x23, 0x42, 0x94, 0x4D, 0xE9, 0x0C, 0x3C, 0x01, 0xF4, 0x0E, 0x96, 0x04, 0x78, 0x44,
    0x8F, 0x28, 0xA1, 0xF4, 0x57, 0x26, 0xE2, 0x61, 0xDB, 0x4F, 0xF0, 0x6C, 0xF5, 0x05, 0x10, 0xA9,
    0xE6, 0xF8, 0xC0, 0x70, 0xCA, 0x93, 0xD1, 0xDC, 0x1E, 0x34, 0xD1, 0xF0, 0xF4, 0x6C, 0x70, 0x4F,
    0xF9, 0x6D, 0x43, 0xFA, 0x54, 0x24, 0x49, 0xD9, 0x42, 0x6D, 0xF3, 0xBE, 0x18, 0x4C, 0xAD, 0x5D,
    0x63, 0x24, 0xF1, 0x73, 0x81, 0x61, 0x02, 0x68, 0x7E, 0xB8, 0xA4, 0x48, 0xDE, 0xA1, 0x6E, 0xBE,
    0x4F, 0x16, 0xFC, 0x9D, 0x51, 0x55, 0x44, 0x4D, 0xC8, 0x32, 0xF1, 0x4A, 0x42, 0x4B, 0xFF, 0x21,
    0xA7, 0x22, 0xEA, 0xFF, 0xEE, 0x2B, 0x44, 0xA3, 0x6D, 0x85, 0xA3, 0x5F, 0x24, 0x58, 0x23, 0x14,
    0x0F, 0xA0, 0x82, 0xB6, 0x8B, 0x85, 0x98, 0xC4, 0x8B, 0x1B, 0x34, 0x14, 0xF3, 0xA7, 0xFC, 0x13,
    0x5E, 0xBA, 0x06, 0x99, 0xAA, 0x1E, 0x12, 0x91, 0xCF, 0x57, 0x34, 0x52, 0x74, 0x07, 0x24, 0x6A,
    0xF3, 0x8F, 0xE0, 0xEC, 0x1C, 0xF9, 0x0E, 0x54, 0x83, 0xC1, 0x85, 0xF3, 0x35, 0xE3, 0x43, 0xFF,
    0xBC, 0x0D, 0xC1, 0x16, 0xE1, 0xDB, 0xB2, 0xCB, 0xA7, 0x68, 0x0B, 0xA2, 0x24, 0xBE, 0xBB, 0x49,
    0xF2, 0x0C, 0x11, 0xA3, 0xD1, 0xF3, 0x70, 0x72, 0x80, 0x26, 0x19, 0xC1, 0xA0, 0x64, 0x02, 0xE0,
    0xC9, 0x94, 0x6B, 0x18, 0x6C, 0x48, 0xB7, 0x21, 0x1F, 0x19, 0x64, 0x8C, 0xC9, 0x21, 0xF6, 0xB0,
    0x4F, 0xFE, 0xC3, 0xC1, 0xDD, 0xFC, 0xAF, 0x20, 0x07, 0x9B, 0xE2, 0xAD, 0xA4, 0xC0, 0x8E, 0xDF,
    0xA6, 0x0D, 0xBA, 0x47, 0x52, 0x48, 0xC2, 0x85, 0x66, 0x45, 0x28, 0x32, 0x69, 0x24, 0xA2, 0x1E,
    0x5F, 0x47, 0xFC, 0x65, 0xBC, 0xF5, 0xB5, 0xFF, 0x2C, 0xB8, 0xF6, 0x6B, 0x70, 0x4D, 0x23, 0x92,
    0x4F, 0xAE, 0xC0, 0xEF, 0x18, 0xEC, 0xD1, 0xCB, 0xFF, 0x45, 0xEF, 0xC1, 0x93, 0x3A, 0xC4, 0x73,
    0xF8, 0x85, 0x54, 0xD1, 0x38, 0xDD, 0xA7, 0xD8, 0xC3, 0xAD, 0x41, 0xDD, 0xEE, 0x9C, 0xAD, 0x8D,
    0xDB, 0xC0, 0xD6, 0x58, 0x61, 0xEA, 0x14, 0x0C, 0x48, 0x3E, 0x07, 0x95, 0xC8, 0x28, 0x2C, 0x8D,
    0x82, 0x59, 0xD2, 0xB2, 0x94, 0xAB, 0xF1, 0x9B, 0x85, 0x49, 0xA5, 0xA7, 0xFA, 0x3E, 0x3D, 0x6C,
    0x6A, 0x24, 0xA7, 0xE6, 0xEA, 0x13, 0x7F, 0xFB, 0xCA, 0x7F, 0xD7, 0xD6, 0xFD, 0x90, 0xC3, 0x53,
    0x19, 0x99, 0xE1, 0xB8, 0x6F, 0xBF, 0xEA, 0xBD, 0x1D, 0xC1, 0x08, 0x38, 0xC4, 0x8C, 0xE4, 0x84,
    0x16, 0x71, 0x39, 0x8D, 0x17, 0x6C, 0x58, 0xF8, 0x8E, 0xF8, 0xD8, 0xFA, 0xC7, 0x5B, 0xD8, 0x01,
    0xA9, 0xA0, 0x78, 0x0C, 0xF9, 0x94, 0xC1, 0xAB, 0xC5, 0xFB, 0xAA, 0x8E, 0x0E, 0x30, 0x80, 0x4B,
    0x71, 0xEE, 0x57, 0x66, 0xB3, 0x9E, 0xE0, 0x75, 0x30, 0xC9, 0xE2, 0xF3, 0x68, 0x2F, 0x3A, 0x66,
    0x65, 0x14, 0xF5, 0x11, 0x0B, 0x72, 0x85, 0x07, 0x57, 0xA3, 0x41, 0x52, 0x18, 0x36, 0x37, 0xFD,
    0xCF, 0x65, 0x77, 0x03, 0x7A, 0xCD, 0xCF, 0x05, 0x54, 0x1C, 0x8E, 0x92, 0x81, 0x2E, 0x83, 0xDA,
    0x40, 0xC5, 0x9E, 0xBA, 0x6C, 0xF9, 0x46, 0xD2, 0x43, 0xB3, 0x76, 0x1E, 0x81, 0x2A, 0x42, 0xEE,
    0x03, 0x4C, 0xDE, 0x98, 0x0D, 0x19, 0xA3, 0x57, 0x04, 0xDD, 0x45, 0x1F, 0x63, 0x2E, 0xDA, 0xAA,
    0x63, 0xCC, 0x5B, 0xD6, 0x4D, 0x0D, 0x1F, 0x35, 0x57, 0x10, 0x36, 0x9B, 0x3D, 0x4D, 0xCC, 0xF4,
    0x10, 0xC0, 0x22, 0x96, 0x9B, 0x1E, 0x40, 0xD7, 0x01, 0xD7, 0xF8, 0x31, 0x66, 0xA6, 0x02, 0x9A,
    0xBB, 0xA4, 0xE7, 0x5C, 0x76, 0x69, 0xF7, 0x10, 0xCF, 0x55, 0x7D, 0x8E, 0x80, 0xBF, 0xFA, 0xDE,
    0xAF, 0xC6, 0x86, 0xC1, 0xBA, 0xEF, 0x3C, 0x83, 0x76, 0x00, 0x08, 0x59, 0x2F, 0x03, 0xE7, 0xCC,
    0xA7, 0x05, 0xF3, 0xB5, 0x9A, 0x61, 0x46, 0x94, 0x22, 0x32, 0x16, 0x95, 0xCF, 0xDC, 0x0D, 0x85,
    0xEC, 0x40, 0xB3, 0x3F, 0x41, 0x7B, 0x35, 0x0B, 0xC1, 0x96, 0x1A, 0x75, 0xC8, 0x13, 0x9B, 0x7E,
    0xAB, 0x29, 0xF9, 0x85, 0xA6, 0x54, 0x1E, 0xC4, 0xE5, 0xEF, 0xCA, 0x94, 0x96, 0xB2, 0x97, 0xEE,
    0xD2, 0x2C, 0xFE, 0x63, 0x99, 0xFF, 0x68, 0xD4, 0x94, 0x0C, 0x24, 0x9D, 0xCB, 0x3A, 0x4D, 0x88,
    0x74, 0x16, 0x23, 0x22, 0xC5, 0x92, 0x0E, 0x84, 0x8A, 0xA9, 0x89, 0x6C, 0xDA, 0x59, 0x54, 0x44,
    0x9B, 0xD1, 0x49, 0x56, 0x18, 0x19, 0x81, 0xDC, 0x95, 0x29, 0xF2, 0x43, 0xB7, 0x46, 0x04, 0x6E,
    0x37, 0x54, 0x9E, 0xE6, 0x7C, 0xA9, 0x60, 0x7C, 0x2A, 0x78, 0x53, 0x18, 0x52, 0x1A, 0x90, 0xCC,
    0xCB, 0xD3, 0xE0, 0xD9, 0x9B, 0x52, 0x86, 0x56, 0xF2, 0x8F, 0x0D, 0xF5, 0x90, 0xD1, 0xC0, 0x9B,
    0x7E, 0x2C, 0x7A, 0x47, 0xB0, 0x2C, 0xF4, 0xA5, 0xF6, 0x01, 0x01, 0x68, 0x23, 0xA7, 0xBB, 0xBD,
    0xA2, 0xAF, 0x83, 0x89, 0xC3, 0x62, 0x76, 0x93, 0xBA, 0x03, 0x29, 0x08, 0x91, 0x76, 0x36, 0xCB,
    0x3D, 0xF0, 0x01, 0x38, 0x08, 0x26, 0x20, 0x30, 0x25, 0xFC, 0x0B, 0xA0, 0xF2, 0x3B, 0x00, 0x0E,
    0x33, 0xC0, 0xC3, 0x8B, 0x51, 0x47, 0x56, 0x3D, 0x24, 0x1D, 0xEE, 0xA7, 0x46, 0xC6, 0x28, 0x9B,
    0xB7, 0x33, 0xA0, 0x83, 0xF9, 0x0D, 0xFE, 0x71, 0xD7, 0x17, 0x7B, 0xBA, 0x6F, 0xFC, 0xE2, 0x10,
    0x40, 0x85, 0xED, 0x28, 0x63, 0xF0, 0x56, 0x83, 0x70, 0x0F, 0xBE, 0x3D, 0x15, 0xB1, 0xF3, 0xE9,
    0x18, 0x3B, 0x14, 0xE3, 0x31, 0x9A, 0xA8, 0xC4, 0x49, 0x59, 0xBF, 0x97, 0x8E, 0x32, 0x90, 0x81,
    0xD9, 0xDC, 0xE1, 0x9B, 0x92, 0x95, 0xFB, 0xB4, 0x2A, 0x37, 0x26, 0x46, 0x63, 0x14, 0x8F, 0x98,
    0x81, 0xFD, 0x29, 0x79, 0x67, 0xD1, 0x55, 0x8E, 0x18, 0x1C, 0x6A, 0x3A, 0xC3, 0x70, 0xB0, 0x64,
    0x6C, 0x14, 0x35, 0x49, 0x84, 0x45, 0x10, 0x46, 0x46, 0xD4, 0x10, 0xFD, 0x25, 0xE7, 0x93, 0x51,
    0x9A, 0x51, 0x0E, 0x56, 0x2A, 0x8D, 0x99, 0xB5, 0x03, 0x1C, 0x75, 0x20, 0xB1, 0x02, 0xCC, 0xD1,
    0x72, 0x94, 0x5E, 0x11, 0x49, 0xA3, 0x1A, 0x08, 0xF9, 0x08, 0xF2, 0x52, 0x33, 0x29, 0x2C, 0xB3,
    0xC8, 0xDB, 0x0C, 0x24, 0x6F, 0xFA, 0x3C, 0x79, 0x73, 0x85, 0x2B, 0x02, 0x9E, 0x7A, 0x0D, 0x1B,
    0xC3, 0x0C, 0x0C, 0xC0, 0x17, 0x66, 0x2A, 0x73, 0x93, 0x8D, 0xC2, 0x9C, 0xC4, 0x9B, 0x5B, 0x44,
    0x23, 0x91, 0x5D, 0xA3, 0x99, 0x10, 0xCE, 0x6C, 0x93, 0x09, 0x45, 0x6A, 0x22, 0x92, 0x99, 0x8A,
    0xE4, 0xE7, 0x93, 0x69, 0x51, 0x61, 0x3A, 0x55, 0x9A, 0x5A, 0x12, 0xF8, 0x1F, 0x4A, 0x36, 0x22,
    0xCB, 0xB4, 0x28, 0xF0, 0x80, 0x81, 0xC5, 0x1A, 0x0B, 0x24, 0xEF, 0x1A, 0x98, 0xBB, 0x10, 0x5D,
    0x5D, 0x03, 0xBE, 0x79, 0x35, 0xF0, 0x7F, 0xF8, 0x1C, 0xF0, 0x87, 0x17, 0x01, 0x6F, 0x91, 0xFD,
    0x0A, 0xBC, 0x4D, 0xE7, 0xC0, 0x17, 0x2F, 0x03, 0x7E, 0x8D, 0x1B, 0x2C, 0xCA, 0x5F, 0x7D, 0x0D,
    0xC4, 0xA4, 0x0B, 0xEE, 0xE1, 0x64, 0xA2, 0x60, 0x33, 0x60, 0xE6, 0x11, 0x8B, 0x1C, 0x43, 0x0A,
    0x1C, 0x12, 0x6A, 0x5E, 0x67, 0xBA, 0xD1, 0x49, 0x50, 0x81, 0x11, 0x51, 0xFD, 0x8E, 0x33, 0xF9,
    0x5E, 0xC1, 0x4C, 0x0D, 0x4C, 0x13, 0xF1, 0x15, 0x30, 0x13, 0xEF, 0x20, 0xBB, 0x7C, 0x1A, 0x9C,
    0xE8, 0x98, 0xF1, 0xD8, 0xA4, 0x84, 0xA2, 0xB3, 0x48, 0xB9, 0x13, 0x0F, 0x38, 0x01, 0x8D, 0xD2,
    0xF2, 0x94, 0xC2, 0xFC, 0x04, 0xF7, 0x64, 0x86, 0x74, 0x30, 0x34, 0xFC, 0xA3, 0x68, 0xA7, 0xFA,
    0x91, 0xC0, 0x0C, 0xA1, 0x34, 0x28, 0xDF, 0xF2, 0x05, 0x3B, 0xEB, 0xDB, 0x42, 0xCC, 0xD8, 0x0D,
    0xF6, 0xB2, 0x2C, 0xA7, 0x75, 0xC7, 0x3C, 0x5F, 0x31, 0xBF, 0xE2, 0x7E, 0x7F, 0x1A, 0x6B, 0x2C,
    0x81, 0x13, 0xE2, 0x46, 0x1C, 0xFC, 0xD5, 0x96, 0x0C, 0x6D, 0x19, 0x91, 0x95, 0xD0, 0xE6, 0xE0,
    0x7B, 0xFC, 0x1A, 0xA6, 0x59, 0xA8, 0x16, 0xF2, 0xFA, 0x2D, 0xB1, 0x17, 0x6F, 0xB6, 0x70, 0xD7,
    0x62, 0xD3, 0x2E, 0xF0, 0xA8, 0x0A, 0x99, 0xD8, 0x56, 0x87, 0x38, 0x01, 0xB0, 0xB6, 0x57, 0xCC,
    0x94, 0x5A, 0x7A, 0x00, 0xB6, 0xAB, 0x78, 0x03, 0xF7, 0xA5, 0x97, 0xA1, 0x2C, 0x74, 0x4F, 0xD0,
    0x3C, 0xA2, 0x77, 0x44, 0x6B, 0x43, 0xC7, 0xF0, 0x31, 0x14, 0xE6, 0x35, 0x65, 0xD9, 0xC0, 0x3E,
    0x82, 0x7B, 0x04, 0xF3, 0x08, 0xDE, 0x11, 0xAC, 0x0D, 0x9C, 0x00, 0x06, 0xA9, 0x30, 0x48, 0x6A,
    0x14, 0xC2, 0x4D, 0x47, 0x81, 0x2C, 0x9F, 0x33, 0x62, 0x02, 0x31, 0xC8, 0xA2, 0xE5, 0x5D, 0xFE,
    0x98, 0x7D, 0x45, 0x87, 0xEB, 0xE9, 0x48, 0x18, 0xE7, 0x93, 0xFC, 0x6A, 0x3C, 0x4A, 0x97, 0xA9,
    0xAC, 0x1D, 0x65, 0xA2, 0x7F, 0x76, 0xE0, 0xD7, 0x1F, 0x95, 0x9C, 0xA4, 0x7B, 0x92, 0xD4, 0x9D,
    0x85, 0x3D, 0x41, 0x92, 0x41, 0xD9, 0xCA, 0xF7, 0xA2, 0x70, 0x45, 0x85, 0x01, 0x91, 0x2D, 0x68,
    0x6B, 0xED, 0xE8, 0xA6, 0xB6, 0x1C, 0x75, 0x17, 0xE2, 0x4E, 0x1F, 0xF2, 0xD4, 0xC5, 0xBC, 0x3A,
    0xCE, 0xA8, 0x02, 0x42, 0xB3, 0xCD, 0xE9, 0x60, 0xA7, 0x5A, 0x00, 0x93, 0xCC, 0x8D, 0x00, 0x4D,
    0x7F, 0x63, 0x8E, 0x3D, 0xF3, 0x5F, 0x18, 0x5A, 0x87, 0xD5, 0x4D, 0x64, 0xB3, 0xA1, 0x66, 0x70,
    0x62, 0x5E, 0x0C, 0x49, 0x53, 0x3C, 0xA0, 0x29, 0x70, 0x81, 0xE8, 0xAE, 0x33, 0x70, 0xAA, 0x10,
    0x4E, 0x56, 0xA3, 0xB1, 0x09, 0xBE, 0x49, 0x9C, 0xCA, 0x64, 0xA2, 0x60, 0xE0, 0x77, 0x6D, 0x10,
    0x9B, 0x20, 0x37, 0x26, 0x38, 0x5F, 0xC3, 0x96, 0xE5, 0x68, 0x9A, 0xE2, 0xD7, 0x61, 0xCB, 0x29,
    0x73, 0x36, 0xB6, 0x98, 0x86, 0x2B, 0x39, 0x45, 0x7C, 0x67, 0xA6, 0x94, 0xF9, 0x77, 0x67, 0x86,
    0xD4, 0xEC, 0x68, 0x30, 0xA3, 0xB9, 0x74, 0xAA, 0x80, 0x7F, 0x2D, 0xA4, 0x66, 0x95, 0x3C, 0x2D,
    0x0F, 0xDD, 0x89, 0xFE, 0x7C, 0xC7, 0x8F, 0xDC, 0x43, 0xBC, 0x8B, 0x45, 0x35, 0xE6, 0xCB, 0xE9,
    0x67, 0x3C, 0xF3, 0xD7, 0x0C, 0xFE, 0x3E, 0xE4, 0xB9, 0x23, 0x00, 0x2F, 0x8A, 0x8E, 0xD1, 0x0A,
    0xDE, 0x5D, 0x12, 0x8A, 0x78, 0xC4, 0x69, 0x4F, 0x28, 0x1A, 0xF1, 0x80, 0x77, 0x2C, 0xB9, 0x00,
    0x10, 0x84, 0x78, 0xAC, 0xB6, 0xB8, 0xA4, 0x6B, 0xEA, 0xB4, 0xDB, 0xA9, 0xD2, 0xD3, 0xD4, 0x79,
    0xEB, 0x15, 0x71, 0x57, 0x6D, 0x29, 0x42, 0xE4, 0x75, 0xD5, 0x5E, 0x2A, 0xC5, 0xCB, 0x81, 0xCB,
    0x13, 0xE5, 0x68, 0x05, 0x40, 0xB7, 0xD0, 0x09, 0xEF, 0x3E, 0x1D, 0x44, 0x92, 0xDB, 0xAE, 0xF8,
    0xBC, 0xD3, 0xBB, 0x4B, 0x97, 0x7F, 0xD1, 0x8A, 0x40, 0x17, 0xC0, 0xC9, 0x88, 0x74, 0x9F, 0x69,
    0xBE, 0x48, 0xF4, 0xC4, 0xE5, 0x7B, 0x91, 0x09, 0xA4, 0x65, 0x3E, 0x44, 0x0B, 0xEB, 0xC7, 0x74,
    0x48, 0xAC, 0x84, 0x31, 0xA4, 0x5D, 0x2A, 0x1E, 0xB1, 0x10, 0x9A, 0xD2, 0x44, 0x17, 0x90, 0x93,
    0xCC, 0x4C, 0xF3, 0xB8, 0xE6, 0x4A, 0x63, 0x28, 0x85, 0x51, 0x66, 0x55, 0xBB, 0x22, 0x99, 0x54,
    0xEB, 0xFA, 0xCD, 0x12, 0x52, 0x73, 0xA2, 0x7C, 0x5F, 0x31, 0x1E, 0x48, 0xFB, 0x58, 0xD5, 0x14,
    0x08, 0x9E, 0xAA, 0xBA, 0x03, 0x04, 0x66, 0x52, 0x75, 0x0B, 0x96, 0x56, 0x65, 0xAE, 0x2E, 0x1F,
    0x55, 0x1B, 0x4B, 0xBB, 0x6C, 0x56, 0xC5, 0x2E, 0x6B, 0x93, 0xBD, 0x8A, 0x5F, 0x79, 0x1D, 0x2F,
    0x2A, 0xC2, 0xE5, 0x30, 0xFC, 0xAA, 0x84, 0xC1, 0x8B, 0xF9, 0xBF, 0x0C, 0x6F, 0x9A, 0xCF, 0x5A,
    0xAB, 0x9E, 0x55, 0xFF, 0x5E, 0x5B, 0xB5, 0xAD, 0xF4, 0xA1, 0x38, 0x90, 0xFB, 0x50, 0x27, 0xCB,
    0x96, 0x50, 0xD0, 0x91, 0x1C, 0x2B, 0x82, 0x13, 0x3B, 0xC1, 0x4A, 0x11, 0x73, 0x47, 0x33, 0x62,
    0xCE, 0x24, 0xDA, 0x3D, 0x93, 0xF8, 0xC8, 0xB2, 0xC0, 0xE0, 0x67, 0x66, 0x7A, 0x29, 0x8A, 0x79,
    0x08, 0xCF, 0xCC, 0x76, 0xD2, 0x20, 0x21, 0xCA, 0x54, 0x9C, 0x6A, 0x7A, 0x52, 0x0C, 0xA9, 0x4D,
    0xD2, 0xA2, 0x72, 0xB0, 0x44, 0x60, 0x50, 0xB8, 0x85, 0x3C, 0x75, 0xD0, 0x54, 0x59, 0xB6, 0x69,
    0x34, 0xB4, 0xC9, 0xD7, 0x36, 0x69, 0x67, 0xC4, 0x2A, 0x9C, 0xB0, 0x21, 0x3D, 0x11, 0x43, 0x1C,
    0xB3, 0xE2, 0x64, 0x61, 0xD3, 0x09, 0x14, 0x79, 0x8E, 0x5A, 0xD9, 0x52, 0xE9, 0xE5, 0x4F, 0x63,
    0x2B, 0x55, 0x40, 0xBF, 0x9E, 0x99, 0x17, 0x95, 0x5E, 0x37, 0xAD, 0x72, 0x25, 0xA4, 0x13, 0xC2,
    0xB1, 0x16, 0xAC, 0xBB, 0xCD, 0xF3, 0x84, 0xAA, 0xDB, 0x59, 0x70, 0xCB, 0x25, 0x49, 0x88, 0x71,
    0x67, 0x85, 0x8E, 0x89, 0x32, 0x54, 0x28, 0x5B, 0xC4, 0x74, 0x2D, 0x38, 0x68, 0x1C, 0xF4, 0xE8,
    0xF9, 0xC8, 0xE5, 0xF5, 0x63, 0x00, 0x53, 0xFA, 0xEB, 0x31, 0xC0, 0x46, 0x79, 0xD9, 0x92, 0x47,
    0x37, 0x67, 0xB1, 0x69, 0xA3, 0xFC, 0xE6, 0xB5, 0x68, 0x4A, 0x68, 0x82, 0x74, 0xA6, 0xAC, 0x43,
    0x39, 0x04, 0x06, 0xC8, 0x6E, 0x15, 0x67, 0x94, 0x2F, 0x87, 0x40, 0xF9, 0x90, 0xE7, 0x8B, 0x01,
    0x81, 0xF2, 0xBB, 0xF6, 0x35, 0x18, 0x50, 0x58, 0x70, 0x19, 0x32, 0x47, 0xAA, 0x97, 0x97, 0x69,
    0x52, 0xE6, 0xDA, 0x7C, 0x25, 0x39, 0x31, 0xE5, 0x10, 0x87, 0x4E, 0x91, 0x3F, 0x9B, 0x02, 0x7D,
    0x42, 0x7C, 0x92, 0x85, 0xB8, 0xCB, 0x2A, 0x7C, 0xEE, 0xEE, 0xB5, 0xE8, 0x79, 0xB4, 0xE8, 0x59,
    0x47, 0x04, 0xC6, 0x1D, 0x93, 0x13, 0x77, 0x9A, 0x9C, 0xEC, 0x4E, 0xF9, 0xE7, 0x96, 0xD3, 0xC8,
    0x99, 0xFE, 0x05, 0xF0, 0x92, 0x71, 0xC7, 0x18, 0x6E, 0x10, 0x0C, 0xC1, 0xED, 0x6A, 0x82, 0xDC,
    0x4E, 0x47, 0x6B, 0x5F, 0x76, 0x9A, 0x90, 0x46, 0x2F, 0xE2, 0x5F, 0x74, 0x9A, 0x19, 0xD5, 0x24,
    0x3E, 0xF9, 0x87, 0x14, 0x87, 0xFC, 0x2B, 0x0F, 0xE2, 0xDF, 0x8D, 0xFD, 0x5A, 0xF3, 0x8C, 0x74,
    0x4E, 0x36, 0x33, 0x55, 0x87, 0x5C, 0x30, 0x0C, 0x6D, 0x43, 0x2B, 0xB2, 0x54, 0x37, 0xF2, 0x5B,
    0xAB, 0x30, 0x98, 0xE5, 0x0F, 0x19, 0x86, 0xB9, 0x1D, 0xAB, 0x48, 0x9A, 0x4F, 0xDA, 0x99, 0xE7,
    0xF1, 0x27, 0x41, 0x63, 0x33, 0x1C, 0xB3, 0x17, 0xA8, 0xD8, 0xDB, 0xE2, 0xCE, 0x03, 0x39, 0x82,
    0xA7, 0x72, 0x04, 0x96, 0x59, 0x34, 0xAC, 0x18, 0x61, 0x4B, 0x82, 0x90, 0x7A, 0x05, 0x0A, 0xEA,
    0xBC, 0x29, 0x34, 0x3E, 0xE4, 0x36, 0xF6, 0x10, 0xE8, 0x7D, 0xA1, 0xCA, 0xCE, 0x6D, 0x3E, 0x74,
    0xEF, 0x82, 0xD2, 0xFC, 0xF8, 0x3B, 0x04, 0xFA, 0x6F, 0x56, 0x5E, 0xBD, 0x8E, 0x53, 0x7F, 0x75,
    0x14, 0x31, 0x9F, 0xD5, 0x67, 0xAF, 0xB9, 0xAB, 0x6A, 0xDA, 0xC4, 0xBD, 0x90, 0x1E, 0x57, 0xA4,
    0xA8, 0xDF, 0x73, 0xAA, 0x3C, 0xEB, 0x63, 0x12, 0x7E, 0x6F, 0xA6, 0x6B, 0x51, 0x53, 0x40, 0x67,
    0x8C, 0x3A, 0x24, 0x1A, 0x75, 0x0A, 0x5B, 0xB9, 0xB3, 0x4A, 0x17, 0x3C, 0x07, 0x06, 0x53, 0x5C,
    0xEF, 0x74, 0x52, 0xDA, 0x59, 0xA2, 0x64, 0x61, 0x43, 0x2E, 0x96, 0x30, 0x13, 0x20, 0x62, 0xB9,
    0x61, 0x56, 0xD8, 0x74, 0xDB, 0x30, 0xBC, 0x34, 0x14, 0x2F, 0x6C, 0xBA, 0x6F, 0x93, 0xC5, 0xC0,
    0x91, 0xC9, 0x3F, 0x2B, 0xE4, 0xF9, 0xEC, 0xEE, 0xD6, 0x5B, 0xDE, 0x0B, 0x90, 0x1F, 0x49, 0x8F,
    0x67, 0xDA, 0x51, 0x46, 0xA5, 0x3B, 0xDF, 0x67, 0x96, 0xD7, 0xC9, 0x82, 0x18, 0x9C, 0x6C, 0x36,
    0xB3, 0x47, 0x20, 0x1B, 0x46, 0x58, 0x88, 0xC3, 0x95, 0x59, 0xE3, 0xFB, 0x46, 0xBC, 0x59, 0x7A,
    0x25, 0x2F, 0xB0, 0x58, 0xDF, 0x63, 0x51, 0x86, 0x0F, 0x12, 0xE4, 0x16, 0xEE, 0x94, 0x46, 0x7E,
    0xB5, 0x3E, 0x1A, 0x0B, 0x6E, 0x9A, 0xEF, 0x1A, 0x31, 0xDF, 0xB5, 0x7C, 0xF6, 0x07, 0xC6, 0xAD,
    0x7F, 0x10, 0xA3, 0xAA, 0x0F, 0x4D, 0xF3, 0xAC, 0x38, 0x57, 0x58, 0x74, 0x55, 0x9C, 0xA5, 0x5D,
    0x56, 0x06, 0x69, 0x3C, 0xCB, 0x87, 0x50, 0xC0, 0x3D, 0xD1, 0xC8, 0xF4, 0x2E, 0xDB, 0x4C, 0x3E,
    0x01, 0x66, 0x19, 0xE8, 0xA1, 0x40, 0x67, 0x88, 0xF3, 0x44, 0xEF, 0x58, 0x99, 0x9D, 0x84, 0x07,
    0x90, 0x8E, 0xC4, 0x95, 0xE8, 0xCB, 0x89, 0x90, 0x03, 0xA9, 0xE4, 0xF3, 0x89, 0xC0, 0x03, 0xAF,
    0xF4, 0xD3, 0x99, 0xF0, 0xE3, 0x5D, 0xFE, 0xFD, 0x99, 0x28, 0x00, 0xC9, 0x02, 0x3C, 0xBB, 0x14,
    0x82, 0x57, 0xD8, 0xE9, 0x89, 0xDE, 0xDD, 0xC7, 0xBB, 0x49, 0xD8, 0xCE, 0xC9, 0x5E, 0x01, 0x9D,
    0x67, 0x75, 0x44, 0x84, 0xF0, 0xF1, 0x10, 0xEF, 0x8D, 0x16, 0x49, 0x17, 0xEF, 0x8D, 0x1C, 0x59,
    0x1B, 0xED, 0x8D, 0x22, 0xF0, 0x8C, 0x07, 0xF9, 0xDE, 0xDD, 0x6D, 0xBC, 0x33, 0xF2, 0x80, 0x89,
    0x07, 0xEB, 0x27, 0xC0, 0xF5, 0x2E, 0x42, 0x9A, 0x4E, 0xDB, 0xD4, 0x8B, 0xD5, 0x2C, 0xBF, 0x89,
    0xB7, 0xAF, 0x57, 0x11, 0xF7, 0x6B, 0x00, 0x5A, 0x37, 0xCC, 0xBD, 0xD4, 0xB1, 0xB3, 0x00, 0x54,
    0xE5, 0x43, 0x3C, 0xA6, 0xDA, 0x0F, 0x93, 0xED, 0xDA, 0xD4, 0x50, 0xDD, 0x13, 0xD8, 0xDD, 0xC9,
    0xC4, 0x5E, 0x6D, 0x30, 0xE0, 0xAF, 0xC6, 0x16, 0xCC, 0xC1, 0x95, 0xD9, 0x76, 0x73, 0x50, 0x06,
    0xC1, 0x89, 0x4D, 0xB4, 0x72, 0xE0, 0xF1, 0xF3, 0xC8, 0x5B, 0x12, 0x97, 0xFE, 0xC4, 0xBC, 0x71,
    0x11, 0x52, 0xBC, 0x07, 0xB1, 0xD9, 0xD7, 0xC9, 0x00, 0xB4, 0x08, 0x4E, 0xDD, 0x33, 0x59, 0xDC,
    0xAB, 0x50, 0xC8, 0x08, 0x7C, 0x62, 0xE5, 0xB0, 0x51, 0x62, 0xDF, 0x67, 0x0C, 0x64, 0xA0, 0x5C,
    0xB9, 0x8A, 0xC5, 0xFE, 0x10, 0x31, 0xFD, 0xF3, 0xFB, 0x18, 0x1F, 0x27, 0x5E, 0x70, 0xAB, 0x35,
    0x32, 0x08, 0xF3, 0xDC, 0x08, 0x50, 0x9A, 0x75, 0xBA, 0x6F, 0x60, 0x4E, 0xE6, 0xE0, 0x2D, 0x43,
    0x11, 0x07, 0xD8, 0xED, 0x97, 0x42, 0x5F, 0x58, 0xF6, 0x69, 0x98, 0x7F, 0x35, 0x9C, 0x98, 0xAA,
    0x40, 0xC7, 0x57, 0x16, 0x08, 0xE6, 0xD3, 0xE4, 0x35, 0x3D, 0x4F, 0x5E, 0x57, 0x77, 0x3E, 0xD8,
    0xD4, 0xBB, 0x63, 0x79, 0x22, 0xB7, 0x48, 0xB5, 0xB0, 0x04, 0xB9, 0xB4, 0x0A, 0xEA, 0xA5, 0x21,
    0x7E, 0x61, 0x1E, 0xE8, 0xDB, 0x2B, 0x47, 0x2D, 0x6C, 0x0F, 0x35, 0x56, 0xAD, 0x38, 0xFA, 0xA8,
    0xF3, 0x15, 0xF3, 0xEF, 0xBE, 0xE2, 0x91, 0x56, 0xC4, 0xBD, 0x56, 0x24, 0x56, 0xCB, 0x82, 0xC1,
    0xE1, 0x0A, 0x84, 0xBE, 0xCD, 0x79, 0x79, 0x22, 0xF1, 0xAC, 0xD0, 0xAA, 0x5A, 0x25, 0x5C, 0xB3,
    0xD3, 0x2E, 0x74, 0xFF, 0x82, 0xF6, 0x60, 0xE8, 0x89, 0x5F, 0x6B, 0x0F, 0x32, 0x5A, 0x8B, 0xAF,
    0xB5, 0x07, 0xD3, 0xB5, 0xB1, 0x7D, 0xAD, 0xA1, 0x5D, 0x9E, 0xB6, 0xD9, 0x75, 0xB1, 0x82, 0xC1,
    0x6D, 0xEB, 0x3E, 0xC2, 0xCF, 0xE3, 0xF0, 0x73, 0x0F, 0x5C, 0xB6, 0x9F, 0x8B, 0xB3, 0x9F, 0xCB,
    0xF0, 0xF3, 0x0E, 0x0C, 0xA3, 0xFD, 0xDC, 0x82, 0xA5, 0x5C, 0x7F, 0xF2, 0x23, 0x3E, 0x66, 0xE1,
    0x02, 0x34, 0xBF, 0x13, 0x44, 0xE7, 0xBD, 0x4F, 0x77, 0xB8, 0xD6, 0xFF, 0x9C, 0xAD, 0x0D, 0x73,
    0x9D, 0x56, 0xDA, 0x8A, 0xC8, 0x74, 0x1B, 0x3E, 0xCE, 0xBD, 0x1F, 0xFA, 0xAF, 0x26, 0x68, 0x62,
    0x58, 0xFA, 0x19, 0x25, 0xE6, 0xEF, 0x19, 0xC4, 0x33, 0x74, 0xBE, 0x4D, 0xF9, 0xBD, 0x88, 0x64,
    0xB9, 0x78, 0x81, 0x06, 0x08, 0xC3, 0xC0, 0x5C, 0x52, 0x91, 0x4A, 0x79, 0x09, 0xE4, 0x1C, 0xB0,
    0x56, 0x05, 0x55, 0x8B, 0x36, 0x79, 0x64, 0xEB, 0x6E, 0x6A, 0x34, 0x20, 0x38, 0xCA, 0xFB, 0x64,
    0x8C, 0x26, 0x50, 0xCB, 0xDD, 0x9D, 0xDF, 0x56, 0x30, 0xC1, 0x62, 0xE6, 0x40, 0x83, 0x8A, 0xBC,
    0x65, 0x22, 0x06, 0xEA, 0x32, 0x13, 0xD4, 0x54, 0x21, 0xAB, 0x15, 0xE5, 0x0A, 0x99, 0x0B, 0x96,
    0x53, 0x54, 0x8E, 0x2B, 0xBB, 0x35, 0x1A, 0xB0, 0x5F, 0xF5, 0x41, 0x2D, 0xB4, 0x40, 0x90, 0xAA,
    0x0E, 0x6E, 0xAA, 0x30, 0xEF, 0x8F, 0x78, 0x6F, 0x63, 0xF8, 0x68, 0xF7, 0xE7, 0x90, 0xF6, 0xBE,
    0xF1, 0xD4, 0x51, 0x6C, 0x95, 0x5A, 0xB2, 0xDF, 0xAF, 0xDD, 0x89, 0x6B, 0x65, 0x82, 0xAA, 0x5E,
    0xDB, 0x54, 0x3B, 0xEA, 0xF4, 0xC2, 0x5B, 0x1D, 0x87, 0x7B, 0xE5, 0x10, 0x1D, 0x7A, 0xA4, 0x16,
    0xBE, 0xCD, 0xA6, 0xD8, 0x03, 0x3A, 0x48, 0x20, 0x06, 0xD6, 0x13, 0x01, 0x69, 0xC6, 0x6E, 0x51,
    0x36, 0xAA, 0x58, 0x4B, 0xA8, 0x07, 0x82, 0xDB, 0x0B, 0xDA, 0x92, 0xAD, 0x53, 0xB5, 0x94, 0xAB,
    0x9A, 0xD5, 0x55, 0xE2, 0xD9, 0x30, 0x88, 0xDC, 0x51, 0xA0, 0x87, 0x46, 0xB5, 0x70, 0xF6, 0xBE,
    0x53, 0xAF, 0x5B, 0x24, 0xBC, 0x37, 0xC5, 0xF6, 0xE0, 0x01, 0xC8, 0x82, 0x7B, 0x79, 0x8B, 0x9D,
    0xBF, 0x11, 0x9A, 0x01, 0x5B, 0x87, 0xE9, 0xD8, 0x66, 0xBA, 0x36, 0x54, 0x5B, 0xAB, 0x12, 0x1C,
    0x7E, 0x1F, 0xBA, 0xC4, 0x4B, 0x5A, 0x0A, 0x0A, 0xCA, 0x67, 0xC1, 0x24, 0xAB, 0x45, 0x62, 0xA1,
    0xB3, 0x3F, 0x09, 0x43, 0x4E, 0x9A, 0xC8, 0xD6, 0x5B, 0xD5, 0x78, 0xF7, 0xD7, 0x7B, 0x17, 0xA2,
    0x9F, 0x57, 0xF0, 0x69, 0x7C, 0x25, 0x9F, 0xBA, 0xDF, 0x93, 0x4F, 0x76, 0x27, 0x41, 0x89, 0x63,
    0xD9, 0x33, 0x64, 0xC4, 0x7A, 0x35, 0x0B, 0x75, 0xEB, 0x87, 0x71, 0x5A, 0x9D, 0xB3, 0x44, 0x5D,
    0xF6, 0x29, 0x3F, 0x6D, 0x58, 0x99, 0x07, 0x46, 0x0D, 0xDB, 0x0B, 0x2F, 0x27, 0xCB, 0x20, 0xB2,
    0xDC, 0xB8, 0x46, 0x16, 0xBB, 0x8F, 0x65, 0x87, 0x51, 0x43, 0x76, 0xE6, 0x5C, 0x54, 0xFE, 0xA8,
    0xEA, 0xCB, 0x23, 0x81, 0xCE, 0x2D, 0xF2, 0x1F, 0x5B, 0xE4, 0x12, 0x02, 0x98, 0xF8, 0xCC, 0x22,
    0x27, 0xD3, 0x69, 0x5F, 0x24, 0x4C, 0xD9, 0x79, 0xD0, 0x10, 0xFA, 0x1F, 0xDD, 0x69, 0xC6, 0x53,
    0x9E, 0x65, 0x3C, 0x95, 0x65, 0x3C, 0xA1, 0x6D, 0xFA, 0x22, 0x18, 0x02, 0xB7, 0xAC, 0x15, 0xFE,
    0x4A, 0x18, 0xD6, 0x3C, 0xAB, 0x3B, 0xC9, 0xA5, 0xAA, 0xC3, 0x99, 0xFF, 0xDC, 0x6E, 0x90, 0x58,
    0x93, 0x2C, 0xF2, 0xBF, 0x50, 0x1B, 0xC7, 0x7B, 0xD5, 0x7D, 0xBF, 0xBB, 0xBC, 0xA9, 0x83, 0x76,
    0xB6, 0x75, 0x63, 0x5B, 0x73, 0x82, 0xE7, 0x6B, 0xEC, 0x84, 0x9D, 0xE1, 0xA5, 0x2A, 0x43, 0x2F,
    0xA0, 0xF2, 0x41, 0x60, 0xA4, 0x93, 0x78, 0x6A, 0x97, 0x3D, 0xC2, 0xC5, 0x84, 0x70, 0x51, 0xC2,
    0x85, 0xEB, 0x75, 0x55, 0x98, 0xFE, 0xBB, 0xB6, 0x78, 0x50, 0x2B, 0x33, 0xCB, 0x62, 0x9E, 0xFE,
    0x13, 0x8D, 0x45, 0x3A, 0xC8, 0x52, 0xC2, 0x6B, 0x71, 0xEB, 0xCA, 0xD0, 0x7E, 0x68, 0x13, 0xEF,
    0x63, 0x4D, 0xA2, 0x18, 0xA9, 0x8C, 0x6C, 0x8D, 0xDE, 0x25, 0x64, 0x9A, 0xA1, 0x30, 0xAC, 0xDE,
    0x71, 0x18, 0xD7, 0x7B, 0x10, 0xFD, 0x31, 0x7C, 0x33, 0xCA, 0x94, 0x27, 0x81, 0x7A, 0x55, 0x33,
    0x4B, 0x6C, 0x74, 0x13, 0xAD, 0xB9, 0xCD, 0x90, 0xF8, 0xE9, 0xFB, 0xA4, 0xED, 0xD2, 0x2B, 0x81,
    0x63, 0x8B, 0x9D, 0x4D, 0x80, 0x29, 0x94, 0x40, 0x62, 0xA9, 0x04, 0xD5, 0x96, 0x2D, 0x63, 0xEE,
    0x9D, 0xAA, 0x9D, 0xC0, 0xEB, 0x14, 0x5D, 0xA8, 0x0E, 0xE3, 0x43, 0xB6, 0x6A, 0xA4, 0x1B, 0xD4,
    0x93, 0x5A, 0x7A, 0xA2, 0x06, 0x43, 0xF5, 0x49, 0xCD, 0x3F, 0x91, 0x47, 0x9A, 0xA3, 0x2C, 0x25,
    0xBE, 0x80, 0x00, 0xD2, 0x7F, 0x75, 0x64, 0x50, 0x73, 0x60, 0x5A, 0x93, 0xAA, 0xA5, 0xC1, 0xAB,
    0x39, 0x13, 0x4F, 0xC9, 0xA4, 0x81, 0xD8, 0x1C, 0xC7, 0x15, 0x27, 0x36, 0xB2, 0x92, 0xCA, 0xB1,
    0xB4, 0xF6, 0x41, 0x5D, 0xF9, 0x3A, 0xD4, 0x0A, 0xB7, 0xCC, 0x49, 0x1D, 0x50, 0x05, 0x41, 0x57,
    0xCF, 0x77, 0x5F, 0x9B, 0xC3, 0x9A, 0x41, 0xA5, 0x5B, 0xC9, 0x55, 0xBC, 0x34, 0x86, 0x8E, 0x5B,
    0xF1, 0x75, 0x58, 0x09, 0x69, 0x51, 0x5D, 0xB7, 0x59, 0xD5, 0x73, 0x83, 0xDA, 0x6C, 0x32, 0xBC,
    0xAC, 0x82, 0x1B, 0xED, 0xCF, 0xAB, 0xBA, 0xD3, 0xF9, 0x4D, 0x88, 0x50, 0x16, 0x74, 0xD5, 0xB2,
    0x0A, 0xE9, 0xEF, 0xC1, 0x42, 0xD6, 0x40, 0x1B, 0xC7, 0x0A, 0x68, 0xA3, 0x7C, 0xF9, 0xA9, 0x9E,
    0x38, 0x88, 0x0A, 0x0A, 0x9A, 0x23, 0x85, 0xC9, 0x08, 0x87, 0x99, 0xB7, 0xCF, 0x94, 0xC2, 0xE4,
    0xD7, 0xBA, 0x5E, 0xF8, 0x25, 0xED, 0x64, 0xEA, 0xEF, 0x52, 0x90, 0xE6, 0x62, 0x58, 0x53, 0x5D,
    0xA6, 0x7D, 0x3C, 0x90, 0x20, 0x17, 0x34, 0xD5, 0xA1, 0xA4, 0x49, 0x33, 0xAF, 0x7B, 0x2B, 0x15,
    0xFB, 0xA4, 0x8C, 0xC9, 0x72, 0x86, 0x8C, 0x5D, 0xE8, 0x01, 0x55, 0x67, 0xF7, 0x68, 0x81, 0x79,
    0xA4, 0x56, 0x95, 0x71, 0x31, 0xB0, 0x70, 0xE3, 0xE2, 0x39, 0x0B, 0xAB, 0x95, 0x85, 0xA5, 0x58,
    0x88, 0x71, 0xD7, 0xB2, 0xC2, 0xE0, 0x53, 0x3F, 0xC2, 0x41, 0xC5, 0xFE, 0x56, 0x36, 0xDD, 0x01,
    0xE7, 0x17, 0x48, 0x67, 0x8F, 0x1D, 0x20, 0x9F, 0x5F, 0xC1, 0x3A, 0x52, 0x42, 0x17, 0x27, 0x2B,
    0x09, 0x0E, 0xE6, 0xAC, 0x72, 0x00, 0xA8, 0xA2, 0x33, 0xD3, 0x5D, 0x76, 0x26, 0xA9, 0x6A, 0x18,
    0x4B, 0x2C, 0x29, 0xAD, 0x14, 0x46, 0x93, 0xD7, 0x86, 0x5F, 0xEA, 0xBE, 0x82, 0xC9, 0xAC, 0x97,
    0xD4, 0xB2, 0xA7, 0x5A, 0x84, 0x59, 0x8B, 0x78, 0xE1, 0xA4, 0xE5, 0xEC, 0xDF, 0xA8, 0x6A, 0xDD,
    0xE0, 0x58, 0x2A, 0x6B, 0x12, 0x0D, 0x82, 0xD3, 0xA0, 0x74, 0x82, 0xD1, 0x09, 0xC2, 0x97, 0xEA,
    0x4F, 0xF2, 0xFF, 0xAB, 0x3F, 0x8A, 0xDE, 0xD7, 0xFB, 0x1D, 0x3D, 0xE1, 0x67, 0xA9, 0x53, 0x1E,
    0x3B, 0xE1, 0x15, 0xA4, 0x64, 0xCF, 0xDB, 0x31, 0xFB, 0x92, 0x29, 0x25, 0x6B, 0x32, 0x1C, 0xD2,
    0x19, 0x7A, 0x91, 0x4E, 0x18, 0xB2, 0x91, 0x75, 0x72, 0x0E, 0x45, 0x2F, 0x3F, 0x56, 0xC9, 0x35,
    0xF7, 0x4C, 0xC0, 0x26, 0xA0, 0xA2, 0x32, 0xA7, 0x2A, 0x2E, 0x31, 0x98, 0xC0, 0xBF, 0x47, 0xDA,
    0x9A, 0xE2, 0x3F, 0x7B, 0xE6, 0x00, 0xFF, 0x26, 0x28, 0xFF, 0x27, 0x74, 0x7F, 0x2A, 0xB5, 0x82,
    0xE8, 0x13, 0xB7, 0x7B, 0xD5, 0x9B, 0x73, 0xAC, 0xE5, 0x1C, 0xAD, 0x2A, 0x22, 0xDB, 0xBE, 0x28,
    0x5F, 0x3F, 0xA8, 0x48, 0xA7, 0x0E, 0x31, 0xC6, 0x5C, 0xC6, 0x85, 0x40, 0xEA, 0xE6, 0xAB, 0x5D,
    0x62, 0x49, 0x7F, 0xE3, 0xDB, 0xD5, 0xA7, 0x64, 0xA7, 0xAA, 0xD0, 0x3F, 0xA7, 0x0A, 0x96, 0xD5,
    0xFA, 0xE3, 0xC8, 0xA0, 0xE3, 0xC2, 0x5C, 0xBB, 0x3C, 0x7B, 0xC3, 0x3A, 0x2F, 0xFD, 0xBA, 0x78,
    0x20, 0xAF, 0x2E, 0x61, 0x94, 0x4F, 0xE7, 0xE5, 0xD6, 0x4E, 0x1E, 0x5D, 0x60, 0xCB, 0x9F, 0xCB,
    0x9D, 0xCB, 0x9B, 0xCB, 0x99, 0x43, 0x78, 0x9E, 0xD2, 0x95, 0x1F, 0xE8, 0xC9, 0x01, 0xAF, 0xFF,
    0x57, 0x08, 0xF7, 0x12, 0x5F, 0xB3, 0x1B, 0xE3, 0xB9, 0xDD, 0x18, 0xD7, 0x7E, 0x5B, 0x6E, 0x15,
    0xFD, 0xBA, 0x5A, 0x28, 0xD5, 0x07, 0xFC, 0x19, 0x1F, 0xEE, 0xF0, 0x9A, 0xE0, 0x8F, 0xCA, 0xD6,
    0x1D, 0xBA, 0x5B, 0x16, 0xAB, 0xA8, 0x86, 0xA4, 0x14, 0x2E, 0x79, 0x81, 0xC5, 0xB8, 0x6E, 0x8A,
    0xBA, 0x97, 0x98, 0xA2, 0x2A, 0x54, 0xCC, 0x78, 0x27, 0x59, 0x4D, 0xA0, 0xDA, 0xEB, 0x36, 0x72,
    0x1D, 0x23, 0xAB, 0xE6, 0x70, 0xCB, 0x0C, 0x92, 0xB5, 0x0D, 0xAC, 0x27, 0x64, 0x45, 0xAF, 0x76,
    0xBD, 0x9E, 0xA0, 0x82, 0x28, 0x8E, 0x7F, 0x93, 0x2B, 0x2F, 0xC9, 0x9F, 0x2B, 0xDE, 0x9E, 0xAD,
    0x88, 0x60, 0xC9, 0x2B, 0x57, 0x12, 0xBA, 0x68, 0xA7, 0xF6, 0x94, 0x9A, 0xA6, 0x25, 0xCD, 0x4E,
    0x4A, 0x8D, 0xF5, 0x8D, 0x5F, 0x8E, 0x5A, 0xFF, 0x9C, 0xED, 0x2E, 0x37, 0xC5, 0x97, 0xD6, 0x57,
    0x02, 0xBA, 0xEA, 0xDE, 0x2B, 0xFC, 0x80, 0xC7, 0x77, 0x90, 0x8A, 0x99, 0x45, 0x86, 0x89, 0x55,
    0x91, 0x31, 0x61, 0x91, 0x81, 0xEA, 0x32, 0x52, 0x5B, 0x06, 0x6C, 0x95, 0xF7, 0x19, 0x75, 0x58,
    0x8A, 0x4B, 0x4D, 0xE9, 0xA8, 0x22, 0x2D, 0x13, 0xA9, 0x5A, 0x9A, 0xBC, 0x46, 0xA2, 0xE4, 0x5A,
    0xCA, 0x4B, 0x57, 0xDF, 0xC4, 0x50, 0xFF, 0x29, 0x00, 0xFB, 0xDE, 0xE0, 0xDF, 0x28, 0x7D, 0xBB,
    0x3B, 0x64, 0xCF, 0xC0, 0xC2, 0x6A, 0x66, 0x4B, 0x01, 0x7C, 0x9C, 0x69, 0x38, 0xF6, 0x74, 0x6C,
    0x7B, 0xB3, 0x58, 0xFA, 0x1F, 0x00, 0x0B, 0xAB, 0x2C, 0x0B, 0x33, 0x80, 0x1D, 0xEB, 0x48, 0x3B,
    0xB5, 0x44, 0x98, 0xBD, 0x35, 0x2E, 0x25, 0xE8, 0xAC, 0x0A, 0xB5, 0xEF, 0x70, 0xB8, 0x20, 0xFD,
    0xE9, 0x8F, 0x3F, 0x61, 0x7A, 0xF6, 0x53, 0x66, 0x12, 0x5F, 0x90, 0x3B, 0xFB, 0x95, 0xFF, 0x6F,
    0xD0, 0xBC, 0x8B, 0x18, 0x45, 0x0D, 0x7D, 0xE5, 0x5D, 0xEE, 0x8E, 0x9D, 0xF9, 0xC9, 0xEC, 0x13,
    0x44, 0x33, 0xE7, 0x8C, 0x5C, 0x36, 0xE3, 0x7C, 0x85, 0xB9, 0x05, 0x93, 0x7E, 0xCC, 0x62, 0x08,
    0xE6, 0xFF, 0xC5, 0x12, 0x18, 0xED, 0xF8, 0x3F, 0xF6, 0xC8, 0xB2, 0xE2, 0x39, 0xF9, 0x64, 0x8F,
    0xBC, 0x2B, 0x9E, 0xD3, 0x0F, 0xF6, 0xBC, 0xD6, 0x34, 0xE7, 0x80, 0x18, 0xAA, 0x33, 0xDF, 0x8A,
    0x58, 0x00, 0x89, 0xE7, 0x8B, 0x68, 0x0F, 0x00, 0xE3, 0xF9, 0x5E, 0xB4, 0xCF, 0x69, 0xEC, 0xC7,
    0x68, 0x0F, 0x30, 0xE3, 0x67, 0x43, 0xB4, 0x47, 0x5A, 0x12, 0xFF, 0x16, 0xB1, 0x7E, 0x68, 0x3D,
    0xD9, 0x6D, 0x04, 0x1A, 0x29, 0x93, 0x39, 0x7F, 0x7A, 0x41, 0x79, 0x37, 0xB0, 0x7E, 0x03, 0x59,
    0x60, 0x4B, 0x8D, 0x97, 0xF8, 0x58, 0xB2, 0x90, 0x0F, 0x61, 0x44, 0x13, 0x59, 0xD9, 0xC2, 0x2B,
    0x92, 0x6A, 0xEE, 0x1F, 0x2F, 0xB7, 0x9C, 0x5E, 0x81, 0xB0, 0x4F, 0x24, 0x22, 0x76, 0x4D, 0x32,
    0xFD, 0x44, 0x34, 0x69, 0x75, 0x5F, 0x49, 0xC7, 0x1D, 0x68, 0x13, 0x12, 0x75, 0x98, 0x19, 0xDD,
    0xEE, 0x59, 0x82, 0x2D, 0xF7, 0x56, 0x1D, 0x60, 0xE2, 0xEE, 0x43, 0x3F, 0x7B, 0x50, 0x4D, 0x33,
    0x5C, 0x60, 0xE0, 0x55, 0x91, 0x41, 0x75, 0x42, 0x5E, 0x3B, 0xE2, 0x6D, 0x2F, 0x2B, 0x43, 0xCB,
    0xB9, 0xED, 0x55, 0x9C, 0x80, 0x05, 0x2B, 0xCC, 0x0B, 0x5F, 0x59, 0x38, 0x79, 0x61, 0x55, 0xF5,
    0xC7, 0xE6, 0x2F, 0xAD, 0x10, 0xF6, 0x81, 0x75, 0x40, 0x7F, 0x62, 0x6E, 0xF5, 0x33, 0xA1, 0x2D,
    0xD6, 0x05, 0xE6, 0x6D, 0xC5, 0x86, 0x24, 0x44, 0xB8, 0x16, 0x56, 0xE6, 0xF5, 0x69, 0x28, 0xB7,
    0x3F, 0x8D, 0x3F, 0x0D, 0xFB, 0xD8, 0x7A, 0x7E, 0x56, 0xC9, 0x29, 0xC3, 0x85, 0x94, 0x32, 0xFC,
    0xB7, 0x8C, 0x09, 0xDA, 0x04, 0xF2, 0xDC, 0x23, 0xCA, 0x3F, 0xA2, 0xCE, 0xBF, 0x27, 0x75, 0x4F,
    0x37, 0x69, 0x29, 0xFB, 0xD3, 0x0B, 0x76, 0xB2, 0x00, 0x0A, 0x69, 0x44, 0x53, 0x3C, 0x44, 0x7B,
    0x14, 0xD3, 0x25, 0x27, 0x9D, 0x50, 0xCF, 0xF9, 0x7F, 0x02, 0x78, 0xD9, 0xB1, 0xAE, 0xEC, 0xFA,
    0x8F, 0x6E, 0x92, 0xC8, 0x04, 0xFA, 0x75, 0x17, 0xD5, 0xFE, 0x8F, 0x4D, 0xE5, 0x97, 0x77, 0x96,
    0xB7, 0x6C, 0xB1, 0x09, 0x32, 0xE1, 0x94, 0xBE, 0xA9, 0x05, 0x99, 0x6E, 0x89, 0xB3, 0x05, 0x37,
    0x2F, 0x8D, 0x70, 0xE6, 0xE7, 0x8D, 0xD6, 0xC9, 0x30, 0x6F, 0xA5, 0x6B, 0x96, 0xDB, 0x1F, 0xBF,
    0xD6, 0x3F, 0xFD, 0xFF, 0x83, 0xF0, 0x54, 0xF1, 0x82, 0x4D, 0x5F, 0x84, 0xC1, 0x49, 0xBE, 0xBB,
    0xF5, 0xC6, 0xF5, 0xCE, 0xEE, 0xEE, 0x1D, 0x29, 0xD5, 0x1F, 0xAF, 0x31, 0x9E, 0x01, 0xFF, 0x02,
    0xFA, 0xE4, 0xFD, 0xF3, 0x47, 0xEC, 0xD6, 0xFB, 0x83, 0x6A, 0x7C, 0xAA, 0x10, 0x05, 0xBE, 0xA4,
    0x5D, 0xE1, 0xA1, 0xC6, 0x97, 0x79, 0x97, 0xD5, 0xF7, 0x93, 0x31, 0x77, 0x8F, 0xDD, 0xBE, 0x84,
    0x31, 0xA9, 0x58, 0xB9, 0x04, 0x3F, 0xFF, 0x0F, 0xDD, 0x5B, 0xBF, 0x8F, 0xDD, 0x56, 0x76, 0xBE,
    0xE4, 0x93, 0xC4, 0x68, 0xB9, 0x31, 0xDD, 0x04, 0xD9, 0x40, 0x96, 0xD8, 0xA4, 0x48, 0x61, 0x0F,
    0x9B, 0x14, 0x5B, 0xCC, 0x0C, 0x99, 0x18, 0x88, 0x8B, 0x2D, 0xA2, 0x62, 0xFF, 0x80, 0x2D, 0x5C,
    0xA5, 0x51, 0xE3, 0xC2, 0x01, 0x46, 0x26, 0xD7, 0x5B, 0xB8, 0xB4, 0x9A, 0xF4, 0x5B, 0xA4, 0x49,
    0x9A, 0x35, 0x10, 0x01, 0x19, 0x20, 0xD2, 0x90, 0x6B, 0x15, 0x5B, 0xA4, 0x30, 0x17, 0x29, 0xB6,
    0x58, 0x04, 0x21, 0x60, 0x01, 0x0B, 0xEC, 0x16, 0x22, 0x02, 0x22, 0xA1, 0xED, 0xF7, 0xDE, 0xCD,
    0xF7, 0x7D, 0xE7, 0x72, 0xE6, 0x8D, 0xA5, 0x91, 0x15, 0x24, 0x2B, 0x59, 0x7A, 0x7A, 0xBA, 0xF7,
    0xBD, 0x79, 0xE4, 0xBD, 0xE7, 0x7C, 0xE7, 0xDC, 0xF3, 0xEB, 0x5E, 0xBA, 0xB4, 0x77, 0xC5, 0xE8,
    0xCA, 0x91, 0x6D, 0xD6, 0x39, 0x7B, 0x5D, 0x72, 0xEE, 0xBA, 0x73, 0x6F, 0x39, 0xB7, 0xAF, 0xF7,
    0x91, 0x73, 0x33, 0xDF, 0xD1, 0xE4, 0xE2, 0xC9, 0xAD, 0x46, 0xBE, 0x93, 0xD1, 0xA5, 0x83, 0xCB,
    0xF0, 0xC6, 0x00, 0xBD, 0x2B, 0x3B, 0xBE, 0xEB, 0xCE, 0xFD, 0x4D, 0x85, 0xFB, 0x57, 0x1C, 0x28,
    0x69, 0xD0, 0xA4, 0x68, 0x22, 0xBF, 0x76, 0x2E, 0xFF, 0xD8, 0x3B, 0xF7, 0xC1, 0x8D, 0xBA, 0x89,
    0xD6, 0xD7, 0xCB, 0x6E, 0x35, 0xBE, 0x55, 0x54, 0xD9, 0xB0, 0xFF, 0x27, 0x2E, 0xEF, 0x31, 0x41,
    0xD9, 0xBD, 0x8F, 0xA6, 0xB9, 0xEB, 0x5C, 0x5D, 0x7D, 0xE2, 0x5C, 0x5B, 0x8D, 0xCE, 0x79, 0xC7,
    0x26, 0x1A, 0xD0, 0xC4, 0x3D, 0xFE, 0x16, 0x63, 0xCC, 0xF6, 0xED, 0xEE, 0x75, 0x57, 0x3E, 0x68,
    0x3E, 0x71, 0xC5, 0x57, 0x1F, 0x61, 0x6A, 0xEF, 0x1B, 0x17, 0x7B, 0xD0, 0xE6, 0x0A, 0x92, 0xFD,
    0x1A, 0x9B, 0xEB, 0x6C, 0xDE, 0x32, 0x3E, 0xDA, 0x2F, 0xD0, 0xE0, 0xAA, 0x8E, 0xA3, 0x17, 0x18,
    0x6A, 0xE3, 0xB2, 0xD1, 0xC5, 0x33, 0xA9, 0x5F, 0x81, 0x93, 0x9E, 0x9C, 0x44, 0x8E, 0x5F, 0xDD,
    0xF9, 0x76, 0x65, 0xED, 0xE4, 0x48, 0xBE, 0x4D, 0xE3, 0x3D, 0x58, 0x8B, 0xD7, 0xFC, 0x7B, 0xB4,
    0xDB, 0x72, 0x7A, 0xE2, 0x72, 0x7A, 0x17, 0x20, 0xE5, 0xB4, 0x04, 0xC2, 0x1D, 0xFC, 0x10, 0x60,
    0x62, 0x84, 0x3B, 0x7B, 0x2E, 0xC5, 0x08, 0x6B, 0x57, 0xFE, 0x5D, 0xEB, 0x07, 0xF7, 0xBA, 0xBB,
    0xB2, 0x0D, 0x58, 0xBF, 0x81, 0x29, 0x5D, 0x99, 0x6E, 0x8A, 0x06, 0x84, 0x6E, 0xDD, 0x6A, 0x4E,
    0x66, 0x12, 0x76, 0x8F, 0xD0, 0xED, 0xBB, 0xCC, 0xB9, 0x3D, 0x36, 0x37, 0x4E, 0x9B, 0x3D, 0xFB,
    0x21, 0xE9, 0xDD, 0xDA, 0x2E, 0xD6, 0x6D, 0x18, 0x20, 0x6F, 0x34, 0x94, 0x5E, 0xB9, 0x9F, 0x52,
    0x3F, 0x16, 0x7E, 0x44, 0xBB, 0xDA, 0x12, 0xCC, 0x78, 0xE3, 0x70, 0x83, 0xC3, 0xE7, 0x49, 0x5F,
    0x01, 0x46, 0xEB, 0x92, 0x8E, 0x88, 0x63, 0x50, 0xC0, 0x73, 0xC0, 0xB6, 0x3B, 0xE6, 0xCD, 0x1D,
    0xD9, 0xC8, 0x1E, 0x90, 0x8D, 0xEC, 0xD7, 0x92, 0xE2, 0x23, 0xC3, 0xD1, 0x73, 0x64, 0xB6, 0x2E,
    0x11, 0xBF, 0x29, 0x2F, 0x2C, 0xC9, 0x56, 0x68, 0xA9, 0x0D, 0x1A, 0x81, 0x6D, 0xA1, 0xB6, 0x54,
    0xDB, 0xF6, 0x76, 0x25, 0x40, 0xA9, 0x35, 0xC0, 0xF1, 0xF9, 0x57, 0x00, 0xE3, 0xF1, 0x3F, 0x27,
    0xC0, 0x1E, 0xB7, 0x40, 0xF3, 0xE6, 0x64, 0x4D, 0xAE, 0xB7, 0x54, 0xD3, 0x13, 0x97, 0x35, 0xEE,
    0xBE, 0xCB, 0x1B, 0xF7, 0xAE, 0x4D, 0xA6, 0x79, 0x33, 0x8A, 0x22, 0xE5, 0x1C, 0x05, 0x30, 0x76,
    0xC7, 0x2D, 0x78, 0x1E, 0x73, 0x5F, 0xC5, 0x63, 0xEC, 0xFB, 0x98, 0x5A, 0x0E, 0xD1, 0x67, 0x63,
    0xBC, 0xA5, 0xA0, 0x3C, 0x94, 0xD0, 0xB5, 0xF3, 0x6A, 0xC0, 0xC5, 0x6F, 0x77, 0x98, 0xE7, 0x11,
    0xEE, 0x6B, 0x29, 0x95, 0x8C, 0x8C, 0x10, 0x2F, 0xC1, 0x05, 0xAD, 0xA5, 0x8C, 0x0E, 0xF0, 0x0F,
    0x0B, 0xE1, 0xD0, 0x41, 0x32, 0x65, 0x85, 0x95, 0x50, 0xF4, 0xA9, 0x34, 0xB0, 0x72, 0x51, 0xFB,
    0x90, 0x0A, 0x78, 0xAF, 0xAE, 0xB6, 0xF5, 0x5F, 0x6C, 0x0E, 0x1D, 0xA8, 0xBE, 0xE6, 0x1F, 0x72,
    0x0C, 0xD3, 0x99, 0xFC, 0xA1, 0xCB, 0x01, 0xD7, 0x09, 0x74, 0x65, 0x63, 0x8A, 0x52, 0x54, 0x49,
    0x1F, 0xFB, 0x21, 0xED, 0xB2, 0x2A, 0xF7, 0x9B, 0x78, 0x2C, 0xA0, 0xF2, 0xAD, 0x9B, 0x0E, 0xA0,
    0x51, 0xB8, 0xFD, 0x08, 0x84, 0xFD, 0x99, 0xDB, 0x3F, 0x96, 0x36, 0x1D, 0x4C, 0xC9, 0x40, 0x85,
    0x9E, 0x52, 0x76, 0x7B, 0xA3, 0x94, 0x6B, 0x6F, 0x5A, 0x3A, 0xFD, 0xD1, 0x2E, 0x39, 0x08, 0x37,
    0x1C, 0x41, 0x6B, 0x23, 0xB7, 0xCF, 0xC1, 0x52, 0x77, 0xCC, 0xA1, 0x3F, 0x70, 0x53, 0x56, 0x15,
    0x7E, 0x1D, 0x8F, 0x49, 0x17, 0xFB, 0x3B, 0x69, 0x17, 0x88, 0x20, 0x49, 0x58, 0x12, 0x0B, 0x81,
    0x81, 0xDC, 0x40, 0x7C, 0xF1, 0x65, 0x13, 0xCD, 0x75, 0x93, 0xF4, 0x45, 0x95, 0x37, 0xA5, 0xE3,
    0xBF, 0x1A, 0x50, 0x9C, 0x40, 0x8B, 0x4E, 0x30, 0xF4, 0xC9, 0x6A, 0xED, 0xDA, 0xD7, 0x80, 0xC5,
    0xDC, 0xF6, 0x79, 0x0F, 0x58, 0xA2, 0xE6, 0x0A, 0xA4, 0xD5, 0xED, 0x61, 0x38, 0x40, 0xE4, 0xEE,
    0xC7, 0x5C, 0x68, 0x10, 0x4B, 0x3A, 0x96, 0x0D, 0x54, 0x01, 0x32, 0x6F, 0xFF, 0x72, 0xC3, 0x25,
    0x4C, 0x65, 0x69, 0x38, 0x6B, 0xD7, 0x72, 0xAD, 0x94, 0x58, 0x36, 0x03, 0x16, 0x4B, 0x34, 0xA6,
    0x10, 0xE4, 0x5D, 0x98, 0x8E, 0x96, 0x0B, 0x4E, 0x4D, 0x30, 0x20, 0xDF, 0xD8, 0x94, 0x7E, 0xC6,
    0x9B, 0x5A, 0xF2, 0x0C, 0xC8, 0xFF, 0x0A, 0x03, 0x03, 0xF9, 0x77, 0xBC, 0x9F, 0x89, 0x7C, 0x89,
    0x9F, 0xA6, 0x03, 0x71, 0x77, 0x7C, 0x24, 0x36, 0xF7, 0x8F, 0xD5, 0x1D, 0x4C, 0x68, 0x3E, 0x00,
    0xF2, 0xB8, 0x64, 0x0D, 0xE4, 0xA1, 0xBE, 0x03, 0xB0, 0x46, 0xD7, 0xA9, 0x03, 0x6F, 0xEC, 0x60,
    0x2F, 0x0E, 0x70, 0x03, 0x40, 0x3F, 0xE0, 0xED, 0x6B, 0x20, 0x8F, 0xEE, 0x84, 0xC8, 0xD7, 0x55,
    0x59, 0x4D, 0x98, 0x68, 0x2C, 0xFE, 0x73, 0xE4, 0x52, 0x73, 0xCF, 0x84, 0x3C, 0x56, 0x09, 0xD9,
    0xF1, 0x7E, 0x8A, 0xDA, 0x06, 0xEB, 0x37, 0x6F, 0xD6, 0x87, 0xEE, 0xF0, 0xC0, 0x15, 0x47, 0x7C,
    0xE7, 0xF8, 0x80, 0xAF, 0xF8, 0x63, 0xAA, 0x0B, 0xB4, 0x92, 0x9F, 0xDE, 0xEC, 0xE0, 0xF9, 0xCD,
    0x17, 0x5B, 0x73, 0xFE, 0xB5, 0x33, 0xC0, 0x95, 0xBF, 0xE7, 0xD7, 0x6A, 0xB5, 0xCE, 0xB1, 0x7C,
    0xB2, 0x1E, 0x92, 0xEB, 0x5D, 0xC3, 0xC5, 0x47, 0xDF, 0x01, 0xBE, 0x00, 0x98, 0x9C, 0x05, 0x35,
    0x32, 0xC7, 0xD7, 0xFB, 0x34, 0x8A, 0xAB, 0x2A, 0xEB, 0x12, 0x57, 0xFF, 0xE3, 0xCF, 0x1C, 0x4D,
    0x95, 0xBB, 0xF2, 0x0F, 0x5C, 0xD1, 0x5D, 0xB4, 0x49, 0xC7, 0x78, 0x02, 0x7C, 0x23, 0x4D, 0x2E,
    0x4D, 0x09, 0x0C, 0xC6, 0x35, 0x58, 0xEC, 0x92, 0xCB, 0xB8, 0xAD, 0xCC, 0x80, 0xE4, 0xDD, 0x1B,
    0xF8, 0x0F, 0xA6, 0x3B, 0x48, 0xA8, 0x2A, 0x7E, 0xB7, 0x71, 0x57, 0xFC, 0x1D, 0x59, 0xB0, 0x35,
    0x4D, 0x35, 0xA6, 0x85, 0xEE, 0xDD, 0x35, 0xBB, 0x0D, 0x6F, 0xC4, 0x96, 0x3A, 0x07, 0xBF, 0xC2,
    0xAF, 0xB0, 0x0D, 0xF4, 0x4F, 0x1D, 0x3F, 0x48, 0x0D, 0xB1, 0x76, 0xD9, 0xD6, 0x15, 0xBF, 0xD6,
    0x8E, 0x5F, 0xA1, 0x85, 0xB5, 0x56, 0x7A, 0x2B, 0x91, 0x78, 0xD9, 0xF5, 0x6D, 0x68, 0xA1, 0xE5,
    0xD0, 0x8F, 0xD5, 0xEC, 0x60, 0x34, 0x32, 0x78, 0x0C, 0xEF, 0x0A, 0xB6, 0xD5, 0x3F, 0xCD, 0xAF,
    0x27, 0x8F, 0xFC, 0xA7, 0x30, 0xB0, 0xBF, 0xD8, 0xBA, 0x93, 0x2A, 0x6B, 0x64, 0xF6, 0xD4, 0x16,
    0x32, 0xFC, 0x65, 0x73, 0x66, 0xFC, 0xCA, 0x69, 0xA7, 0x1D, 0xCF, 0x0C, 0x64, 0x44, 0x4C, 0x3B,
    0xFA, 0x85, 0x6D, 0x03, 0x3B, 0x80, 0xE5, 0x5B, 0xA0, 0x85, 0x33, 0x7D, 0x86, 0xD6, 0xAE, 0xCC,
    0xD5, 0xA6, 0x6A, 0x63, 0xB5, 0xEE, 0x8F, 0x6E, 0xB3, 0x75, 0x07, 0xBF, 0xC7, 0x96, 0x1A, 0x72,
    0x9F, 0xBE, 0x31, 0xDF, 0xAC, 0xB0, 0x18, 0xD4, 0xC2, 0xCE, 0x74, 0xBE, 0xF3, 0x0D, 0xA4, 0xF1,
    0xA7, 0xCE, 0xBD, 0x27, 0x28, 0x21, 0x43, 0x0A, 0x40, 0xEF, 0xB2, 0xA9, 0xB7, 0xAE, 0x86, 0x7A,
    0x47, 0x9F, 0x40, 0x3C, 0x97, 0xFD, 0x98, 0x7D, 0xA6, 0xD8, 0x21, 0x97, 0x6C, 0x8A, 0x86, 0x92,
    0x28, 0x25, 0x89, 0x56, 0xC2, 0xD8, 0xB8, 0x3F, 0xF6, 0x37, 0x5B, 0x2F, 0xCC, 0x0A, 0x84, 0x1E,
    0x73, 0x5D, 0x25, 0x43, 0xDE, 0x65, 0xF8, 0x57, 0x56, 0x39, 0xAC, 0x46, 0xDE, 0xD5, 0x90, 0x64,
    0xCD, 0x81, 0x71, 0x57, 0x89, 0x1B, 0xF2, 0x8F, 0xE0, 0x25, 0x68, 0x34, 0x6E, 0xC6, 0x15, 0x2D,
    0x09, 0x88, 0x3D, 0x82, 0x15, 0xC2, 0xF2, 0x9D, 0x29, 0x95, 0x75, 0x30, 0x39, 0xD9, 0x00, 0xD9,
    0x64, 0x23, 0x44, 0x93, 0x0F, 0xA0, 0xB0, 0xFC, 0x31, 0x28, 0xDD, 0xAE, 0xE8, 0x60, 0x60, 0x54,
    0x93, 0x1E, 0x5A, 0x9B, 0x55, 0xFB, 0x0C, 0x21, 0x24, 0xA9, 0x9B, 0xA0, 0x98, 0x7E, 0x1F, 0x5F,
    0x28, 0xE4, 0x62, 0x54, 0xAC, 0xF1, 0x1D, 0xFA, 0x97, 0xDB, 0xF8, 0xD3, 0xC7, 0xBD, 0xD4, 0x9D,
    0x9C, 0xF0, 0x12, 0xF2, 0xA2, 0x95, 0x4E, 0xBE, 0xA9, 0x01, 0x60, 0x4C, 0xA1, 0x09, 0xB8, 0x3B,
    0x0A, 0xBD, 0x58, 0xAA, 0xE9, 0x82, 0x6E, 0x9A, 0x0F, 0x86, 0x76, 0xD1, 0xAB, 0x55, 0xD0, 0x2F,
    0x70, 0x71, 0x48, 0x15, 0x89, 0xB6, 0xB0, 0xA1, 0xFF, 0x02, 0xFF, 0xE4, 0xA7, 0x29, 0xFE, 0x35,
    0xF1, 0x5E, 0x0D, 0xE9, 0x5F, 0xF7, 0x32, 0x21, 0x37, 0xE4, 0xEB, 0xF2, 0xEA, 0x7D, 0x85, 0x6B,
    0x87, 0xD1, 0x20, 0x65, 0xBA, 0xB7, 0xFA, 0x6D, 0xFB, 0x5B, 0xD0, 0x3A, 0xA5, 0x72, 0xD0, 0x94,
    0x51, 0xA9, 0xCB, 0x85, 0x29, 0x6C, 0xB2, 0xF5, 0x10, 0x8F, 0xA3, 0xFB, 0x25, 0x18, 0x7E, 0xDC,
    0x59, 0xE3, 0x3F, 0xC2, 0xBA, 0xB4, 0xE0, 0xA7, 0x30, 0x2E, 0x6F, 0x43, 0xAD, 0x06, 0x32, 0x47,
    0x1E, 0xC5, 0x7E, 0x2F, 0xD6, 0x02, 0x67, 0x58, 0x44, 0x85, 0xF1, 0x77, 0x74, 0xC6, 0x56, 0x69,
    0x11, 0x50, 0xED, 0x92, 0x9F, 0xB7, 0x03, 0x78, 0xCB, 0x7E, 0xF0, 0xE5, 0x1A, 0xAC, 0x1D, 0xE6,
    0xDD, 0x09, 0x38, 0xBB, 0x57, 0x54, 0x35, 0x18, 0x9B, 0x60, 0x18, 0x5B, 0xFF, 0xDF, 0xC3, 0x65,
    0x1A, 0x41, 0xD2, 0xB7, 0x96, 0xA9, 0xA0, 0x90, 0x0E, 0x8D, 0xF0, 0x7B, 0xC2, 0x1A, 0x3E, 0x36,
    0xFC, 0x81, 0x9F, 0x70, 0x61, 0xD2, 0x5F, 0x22, 0x1F, 0x05, 0x9C, 0xA3, 0xDC, 0xF0, 0x7B, 0x8C,
    0x80, 0xBC, 0x1F, 0x23, 0x44, 0xA3, 0xE8, 0xDC, 0x35, 0xBA, 0xEC, 0x1F, 0x82, 0x3F, 0xE8, 0x24,
    0xFE, 0x06, 0x1B, 0xD5, 0x5B, 0x88, 0x47, 0x47, 0xDD, 0xD0, 0xCB, 0x0C, 0xA2, 0xB9, 0x02, 0x27,
    0x07, 0x21, 0x40, 0x51, 0xF0, 0x76, 0x62, 0xB2, 0x2B, 0x07, 0xC6, 0x17, 0x20, 0x7F, 0x36, 0xD9,
    0x45, 0xDE, 0x64, 0x07, 0x15, 0xBB, 0x1D, 0xFA, 0x19, 0xD7, 0x7E, 0xDF, 0x95, 0x1F, 0x8E, 0x08,
    0x0F, 0x60, 0xED, 0xDF, 0xE9, 0xD2, 0xB5, 0x03, 0x4F, 0x59, 0xB3, 0x87, 0xC8, 0xCE, 0xCF, 0x85,
    0xFB, 0xDB, 0x99, 0x11, 0xCB, 0x51, 0xF4, 0xB9, 0x06, 0x9E, 0x92, 0x9F, 0x4C, 0x0A, 0x0B, 0x6F,
    0x08, 0x97, 0xA4, 0x7B, 0x5F, 0xD1, 0x65, 0x56, 0x7D, 0xF9, 0xB3, 0x2F, 0x31, 0x43, 0x49, 0xBB,
    0xDF, 0x19, 0xBF, 0x94, 0xE1, 0x64, 0x86, 0x81, 0x10, 0xB0, 0x27, 0x36, 0x34, 0x20, 0x00, 0x27,
    0x51, 0x70, 0xB5, 0xBC, 0x68, 0x5C, 0xA9, 0x2C, 0xFA, 0x3F, 0x2E, 0x01, 0xE7, 0xD9, 0x2B, 0x0B,
    0xFF, 0x29, 0xF4, 0x3D, 0x05, 0x30, 0x0E, 0x74, 0xBA, 0xBA, 0x57, 0x54, 0x93, 0x99, 0xA5, 0x75,
    0x75, 0xA3, 0xB5, 0x46, 0x75, 0xA8, 0x18, 0x16, 0xC2, 0xF0, 0xCD, 0x1E, 0xA6, 0x0E, 0x0B, 0x6D,
    0x2A, 0x87, 0x62, 0x60, 0x74, 0xAD, 0xD0, 0xC6, 0xD1, 0x0A, 0xBA, 0xD3, 0x70, 0xC8, 0x14, 0xE9,
    0xD4, 0xD0, 0x2D, 0x59, 0xC3, 0x2A, 0x24, 0x0F, 0x8D, 0x7B, 0xFC, 0x65, 0x51, 0x21, 0xD6, 0x9B,
    0x3B, 0x33, 0x81, 0xAE, 0xB5, 0xEE, 0x2B, 0x8B, 0xB4, 0x7F, 0x63, 0xC1, 0xF7, 0x03, 0xAD, 0x8E,
    0xEC, 0x6D, 0xC1, 0x57, 0xAC, 0xD4, 0x1D, 0xD8, 0xF4, 0xC7, 0x8A, 0xBD, 0xA3, 0x51, 0xDD, 0x6A,
    0x88, 0x36, 0x52, 0x6F, 0x75, 0x08, 0x1F, 0xB6, 0x96, 0x04, 0x50, 0xB7, 0x6B, 0x0B, 0x51, 0xBD,
    0x3A, 0x28, 0x02, 0xB9, 0xA4, 0x31, 0x80, 0xD1, 0x4F, 0x8D, 0x6F, 0xC6, 0xE6, 0x30, 0x02, 0xA5,
    0x59, 0xE8, 0x0F, 0xD4, 0x45, 0xBC, 0xA7, 0x1D, 0x4A, 0x98, 0x9C, 0xC2, 0x6F, 0x4B, 0x4F, 0x7F,
    0xBF, 0x31, 0xEA, 0x8D, 0xD0, 0xC2, 0x98, 0x28, 0x8D, 0x6B, 0xFB, 0xC9, 0xC2, 0x7E, 0x5B, 0xF2,
    0xCE, 0x5D, 0x76, 0xAF, 0x1A, 0xEF, 0x41, 0xF0, 0x99, 0x71, 0x5B, 0x98, 0xFC, 0xDB, 0xD2, 0xF2,
    0x1E, 0x2D, 0x92, 0xA4, 0x17, 0xF3, 0x97, 0x9F, 0x28, 0xF8, 0x97, 0x9A, 0xF7, 0xB6, 0xB9, 0xCA,
    0x09, 0xFD, 0xC4, 0x64, 0x32, 0x4B, 0xE4, 0x8A, 0xAE, 0x72, 0x11, 0x5D, 0xF4, 0x7A, 0x99, 0xB9,
    0x8D, 0x26, 0x99, 0xBE, 0xD5, 0x5A, 0xCA, 0x1E, 0xBA, 0x68, 0x4C, 0x2E, 0xE6, 0xF6, 0x55, 0x10,
    0x71, 0xA0, 0xDA, 0x8C, 0x6B, 0x34, 0xC9, 0xDA, 0xC7, 0x7D, 0x26, 0xAA, 0xAD, 0x0B, 0xDF, 0xC2,
    0x6F, 0xAE, 0xB5, 0xF5, 0x50, 0x8C, 0xCF, 0xCA, 0xED, 0x4F, 0x9E, 0xC0, 0xED, 0xBD, 0x17, 0xC4,
    0x2D, 0x13, 0x78, 0x63, 0x35, 0x3F, 0xFD, 0xE4, 0xFE, 0x79, 0xCD, 0x7A, 0x08, 0xE9, 0xF9, 0x7C,
    0xED, 0x2C, 0x36, 0x59, 0x3D, 0x98, 0xC3, 0xA7, 0xEC, 0x1D, 0x74, 0xE2, 0x67, 0x8F, 0xF1, 0xB9,
    0xD0, 0x3A, 0xCA, 0x96, 0xB0, 0x61, 0x5A, 0x3E, 0xAD, 0x86, 0x00, 0x24, 0xC8, 0xCA, 0x83, 0xC6,
    0xE4, 0x21, 0xFD, 0x67, 0xE6, 0x5C, 0x7A, 0x0B, 0x35, 0x66, 0x7E, 0x52, 0x8E, 0x31, 0xCA, 0xFB,
    0x98, 0xE5, 0x6C, 0x83, 0x1B, 0x31, 0x66, 0xAD, 0x4C, 0x10, 0x3E, 0xDD, 0x5B, 0x5C, 0x0E, 0x22,
    0x80, 0x68, 0x13, 0xE6, 0x52, 0x0D, 0xE6, 0x3B, 0x72, 0x8F, 0xC4, 0x33, 0x93, 0x9F, 0xE3, 0xA7,
    0x3D, 0x79, 0xBA, 0x64, 0xE6, 0x94, 0x04, 0x01, 0x99, 0x55, 0x44, 0xB7, 0x3C, 0x25, 0xC6, 0x2E,
    0xA0, 0xD0, 0x27, 0xB1, 0x7B, 0x6B, 0x5B, 0x69, 0x4E, 0xA2, 0xDA, 0xE7, 0x08, 0x24, 0x36, 0x7C,
    0xB3, 0x3A, 0xB4, 0x21, 0x94, 0xB8, 0x11, 0x74, 0x45, 0x83, 0xC0, 0xE4, 0x2F, 0xA4, 0x55, 0x88,
    0x65, 0xD3, 0x99, 0x4F, 0xC8, 0xD5, 0x16, 0x62, 0xBE, 0xEC, 0x77, 0x02, 0xFE, 0x0B, 0x5A, 0x73,
    0x21, 0x06, 0x16, 0x47, 0xF8, 0xAE, 0xE8, 0x3E, 0x02, 0xB5, 0xCD, 0x95, 0x89, 0x55, 0x0B, 0xDF,
    0x33, 0x19, 0x64, 0xD5, 0xCA, 0xBD, 0xB9, 0xE3, 0x6D, 0xEC, 0xBE, 0xDD, 0xCA, 0x94, 0x32, 0x7E,
    0x27, 0xB0, 0x0B, 0xE5, 0xC9, 0xC5, 0x6C, 0x90, 0x05, 0xE4, 0xDA, 0x00, 0x65, 0x73, 0xCE, 0x45,
    0x9B, 0x6C, 0xA2, 0xF1, 0x34, 0xE4, 0xFB, 0xFA, 0x62, 0xF6, 0x4A, 0xF2, 0x52, 0xEB, 0x60, 0x01,
    0x35, 0x3F, 0x44, 0x95, 0x5B, 0x46, 0x96, 0xD9, 0xC8, 0xB9, 0xCD, 0x73, 0xF5, 0x34, 0x22, 0x08,
    0xB2, 0xB1, 0xE2, 0xD8, 0xE2, 0x34, 0x96, 0x4E, 0x39, 0x1F, 0x23, 0xB4, 0xCD, 0x52, 0x31, 0x3A,
    0x75, 0xA9, 0x4B, 0x67, 0xDA, 0x13, 0x54, 0x27, 0xE8, 0x0D, 0x11, 0xFB, 0xA9, 0x38, 0x60, 0x0D,
    0x10, 0x2A, 0x4F, 0xEA, 0x41, 0x03, 0x34, 0x86, 0x42, 0xC1, 0x55, 0xB7, 0x8C, 0x4C, 0x26, 0x51,
    0xBE, 0x7A, 0x82, 0xA7, 0xAE, 0xFF, 0x57, 0x9E, 0xFA, 0x25, 0xE7, 0x3D, 0xDA, 0x86, 0x19, 0x03,
    0x33, 0xA6, 0x37, 0x1F, 0x6B, 0xBC, 0xFB, 0x32, 0xE3, 0xD1, 0x24, 0xC1, 0x23, 0x9B, 0xF9, 0xD1,
    0xAB, 0xC5, 0xFB, 0xD7, 0x7C, 0xD7, 0xAC, 0x2E, 0xFE, 0x46, 0xDF, 0xF5, 0x52, 0x33, 0xBD, 0x53,
    0x9E, 0x54, 0x34, 0x5E, 0x34, 0x21, 0xD9, 0x0B, 0x8B, 0xFC, 0xE6, 0xD7, 0x38, 0x6D, 0x68, 0xF3,
    0xC9, 0x25, 0x67, 0x97, 0xED, 0xD5, 0xEA, 0x68, 0x4F, 0x4D, 0xC6, 0x76, 0xE1, 0x4C, 0x23, 0x9B,
    0x6B, 0x52, 0x33, 0x2F, 0xD5, 0x5E, 0x71, 0x23, 0x26, 0xC4, 0x82, 0xAC, 0x98, 0x19, 0xA0, 0x6E,
    0x31, 0x70, 0xE5, 0xD9, 0xC0, 0xA4, 0x51, 0x13, 0x12, 0x89, 0x36, 0x38, 0x1B, 0x2D, 0x4C, 0x5D,
    0xB4, 0x5D, 0x2A, 0xE7, 0x2A, 0x26, 0xA8, 0x56, 0xFE, 0x07, 0xEE, 0xDB, 0x48, 0xB3, 0x8C, 0xBE,
    0x2A, 0xC2, 0x25, 0x27, 0x39, 0x29, 0x69, 0x4A, 0x98, 0x91, 0x31, 0xEE, 0xBD, 0xEC, 0xA2, 0xE6,
    0xDB, 0x47, 0x73, 0xCC, 0x4A, 0x6A, 0x32, 0xE1, 0x1E, 0x35, 0xAB, 0x21, 0x6D, 0x2E, 0x5A, 0x00,
    0xDF, 0x06, 0x72, 0xB9, 0x7F, 0x51, 0x39, 0xAD, 0xC3, 0x59, 0x54, 0x24, 0xDE, 0x88, 0xA9, 0xB5,
    0x3B, 0xA1, 0x11, 0x5B, 0x9B, 0xC2, 0x9B, 0x7B, 0xDF, 0x4A, 0x2C, 0x24, 0x0B, 0xB4, 0x90, 0x26,
    0x74, 0xAB, 0xDD, 0x6E, 0xC5, 0xBC, 0xDA, 0xBA, 0x06, 0x57, 0x92, 0xC4, 0x74, 0xB6, 0x54, 0x79,
    0x52, 0x97, 0xA9, 0x58, 0x48, 0xFF, 0x4D, 0x52, 0xCB, 0xDE, 0x12, 0x62, 0xED, 0x61, 0x39, 0xAF,
    0xDA, 0x60, 0xBC, 0xB5, 0x38, 0x6B, 0x16, 0xD1, 0xF5, 0xC0, 0x75, 0x98, 0xE0, 0xA7, 0x5B, 0x46,
    0x66, 0x6B, 0x44, 0xAB, 0x88, 0x57, 0x7D, 0xCF, 0x5C, 0x8B, 0x1F, 0xF6, 0xF5, 0xE1, 0x46, 0x12,
    0x2A, 0x2B, 0xDF, 0xA3, 0x51, 0xF9, 0x06, 0x1B, 0xC4, 0x9D, 0x07, 0x6D, 0xAB, 0xB0, 0x8C, 0xB7,
    0x0D, 0xD1, 0xA4, 0x50, 0xAB, 0xC7, 0xB0, 0xAD, 0x55, 0xCF, 0x96, 0xC6, 0x2B, 0xFA, 0x54, 0xE1,
    0xE2, 0xBF, 0xB6, 0xDA, 0x97, 0x43, 0x6C, 0xE6, 0xB5, 0x3B, 0x07, 0x97, 0x0E, 0xD2, 0x8E, 0x25,
    0xFB, 0xDA, 0x8A, 0x1A, 0xF1, 0x00, 0xAE, 0x54, 0x7C, 0xE8, 0xC1, 0xA5, 0x0C, 0x63, 0x97, 0x8D,
    0x91, 0x95, 0x21, 0xD2, 0x59, 0x55, 0xDE, 0xB4, 0x01, 0x46, 0xDA, 0x38, 0xA9, 0xE2, 0xAD, 0xF2,
    0xF7, 0x0C, 0x6C, 0x5A, 0xFD, 0x0A, 0x38, 0xFC, 0x20, 0x7C, 0xA8, 0x3F, 0x6B, 0xAC, 0x90, 0x50,
    0xFE, 0x47, 0xA5, 0x78, 0x0E, 0x21, 0x07, 0x27, 0xDF, 0x27, 0xFD, 0x0A, 0x09, 0x31, 0xD4, 0x36,
    0xC4, 0x6B, 0xDC, 0x6D, 0x92, 0xB2, 0x28, 0x66, 0xAA, 0x81, 0x84, 0xB6, 0xC9, 0xB8, 0xE9, 0xE5,
    0x42, 0x15, 0xC1, 0x62, 0xA1, 0xC5, 0x02, 0x5A, 0x54, 0xB3, 0xF8, 0x67, 0x0E, 0x11, 0xC6, 0xBE,
    0xE0, 0x15, 0x69, 0x53, 0x8F, 0x7A, 0x4B, 0x16, 0xFC, 0x9D, 0xD4, 0x04, 0x4F, 0xFF, 0x47, 0xC9,
    0xB2, 0xA2, 0x67, 0x75, 0x13, 0xEA, 0x1A, 0xA2, 0x61, 0xC5, 0xD3, 0xBD, 0x94, 0x36, 0x1F, 0x12,
    0xEB, 0x14, 0xC3, 0x15, 0x83, 0xB4, 0xB6, 0x18, 0x14, 0xC5, 0x95, 0xBD, 0xC2, 0xB8, 0xB2, 0x57,
    0x1C, 0x57, 0x76, 0x26, 0x02, 0xEB, 0x7C, 0x65, 0x9D, 0x46, 0x86, 0x62, 0xB0, 0xC3, 0x80, 0xB4,
    0x66, 0xD4, 0xA7, 0x41, 0x5A, 0x4F, 0x25, 0xAB, 0x15, 0x92, 0x2A, 0x66, 0xF4, 0x55, 0xAE, 0x7D,
    0x49, 0x15, 0x78, 0xC2, 0x26, 0xE5, 0x8E, 0x17, 0x08, 0x18, 0x58, 0x98, 0x16, 0xAD, 0x97, 0xD0,
    0xF6, 0x6C, 0xE3, 0xF0, 0x15, 0xE4, 0xDD, 0x7C, 0x56, 0x50, 0x15, 0x30, 0x61, 0x41, 0x9A, 0x8A,
    0xE6, 0xD1, 0x9C, 0x98, 0xEF, 0x8A, 0x86, 0x57, 0x93, 0xF7, 0xBA, 0xBA, 0xAC, 0xAF, 0x03, 0xF7,
    0xA8, 0x93, 0x77, 0xE6, 0x37, 0xB5, 0xD8, 0x42, 0x4D, 0xA1, 0xE8, 0x5F, 0x4D, 0xA6, 0x67, 0x95,
    0x55, 0xA3, 0x8D, 0xFC, 0x44, 0xBC, 0xB6, 0x3D, 0xE3, 0x79, 0x35, 0x7C, 0x43, 0x49, 0xE1, 0x25,
    0x66, 0xFA, 0x12, 0xC3, 0x18, 0x1A, 0x48, 0xDB, 0xE3, 0x4B, 0x7B, 0xE4, 0xD6, 0xB1, 0xB6, 0x67,
    0xEF, 0x53, 0xCF, 0x0B, 0x6E, 0xFB, 0xA5, 0xA7, 0xAE, 0x33, 0x97, 0x89, 0x44, 0xD4, 0x19, 0xAD,
    0x59, 0x5C, 0x1F, 0x91, 0xDA, 0xE5, 0x1D, 0xAC, 0x64, 0xC9, 0x4A, 0xFA, 0x1B, 0xCE, 0xFD, 0xE1,
    0x0E, 0x28, 0xA1, 0xBC, 0x4A, 0xE3, 0x00, 0x7C, 0xF6, 0x0C, 0x9F, 0xF5, 0x2E, 0x3E, 0x2B, 0xC3,
    0x87, 0x4E, 0x0A, 0xE4, 0x67, 0x86, 0xCF, 0x81, 0xE1, 0x73, 0x2C, 0x7C, 0xA2, 0x51, 0xF8, 0xAC,
    0x3A, 0xE1, 0x93, 0x55, 0xC2, 0x67, 0xCF, 0xF0, 0x39, 0x32, 0x7C, 0x46, 0xE1, 0x13, 0xF7, 0xC2,
    0x27, 0x69, 0x84, 0x4F, 0x66, 0xF8, 0x1C, 0x18, 0x3E, 0xC7, 0xC2, 0xE7, 0xE7, 0xA3, 0xF0, 0xF9,
    0xB7, 0x4E, 0xF8, 0x3C, 0x92, 0x97, 0xE6, 0xC2, 0x3E, 0xC3, 0x27, 0x32, 0x7C, 0x42, 0x89, 0x3B,
    0xF9, 0x54, 0xF8, 0x64, 0x0B, 0x3B, 0x21, 0x34, 0xB6, 0xBA, 0xC8, 0x62, 0x00, 0x55, 0xC0, 0x58,
    0x0E, 0x73, 0xE0, 0x9A, 0x8B, 0x0C, 0x61, 0x09, 0x8F, 0x59, 0xF8, 0x35, 0xBB, 0xD2, 0xCF, 0x11,
    0xCB, 0xFD, 0x5B, 0x8B, 0x57, 0x42, 0xC1, 0x20, 0x54, 0x0B, 0x46, 0x05, 0x07, 0xDA, 0x0A, 0x50,
    0xCD, 0x81, 0xB3, 0xC1, 0xF1, 0x11, 0x7B, 0xEE, 0x9A, 0x4D, 0x42, 0x95, 0x94, 0xC0, 0xF8, 0x28,
    0x38, 0x68, 0x24, 0x6A, 0x60, 0x4C, 0xDF, 0x94, 0x59, 0x08, 0x93, 0x85, 0x22, 0xBC, 0x75, 0x7B,
    0x16, 0xCD, 0x1C, 0x58, 0x3C, 0xB3, 0x6F, 0xDD, 0x91, 0x75, 0x93, 0x05, 0xF0, 0xE6, 0xBF, 0x99,
    0x7D, 0x64, 0xB3, 0xBB, 0x55, 0x29, 0x29, 0x90, 0xE5, 0x2B, 0xB8, 0x71, 0x69, 0xD6, 0xA0, 0xD9,
    0x29, 0xA7, 0x07, 0x0C, 0xD2, 0x90, 0x17, 0x54, 0x4F, 0xF7, 0x7F, 0x2F, 0x3B, 0xEF, 0x4B, 0x8A,
    0x3E, 0xED, 0xD4, 0xD3, 0xE2, 0xF9, 0xBE, 0x9D, 0x9B, 0x91, 0xE0, 0x6F, 0x5C, 0x28, 0xF8, 0x97,
    0x9C, 0xF7, 0x8C, 0x9B, 0xA3, 0x1C, 0x5C, 0xA1, 0x70, 0xD1, 0xB5, 0xB6, 0xA0, 0x0F, 0x9F, 0x6E,
    0x0D, 0x5F, 0x7A, 0x65, 0xF7, 0xBB, 0x09, 0x72, 0x88, 0xF6, 0x42, 0x41, 0xAA, 0x3C, 0x17, 0xF3,
    0xDD, 0x7C, 0x02, 0xEF, 0x9B, 0x08, 0xE6, 0xA3, 0xF4, 0x6B, 0x98, 0x91, 0x86, 0xB5, 0x8D, 0x54,
    0x3B, 0xF1, 0x5A, 0x2C, 0xDE, 0x76, 0x64, 0xBD, 0xD9, 0x8B, 0x3A, 0x6C, 0x44, 0x76, 0x0A, 0x7A,
    0x61, 0xEE, 0x2C, 0x19, 0x51, 0x4A, 0x9C, 0x8D, 0xB9, 0xF4, 0x6B, 0xD2, 0xAA, 0x4A, 0x66, 0xAB,
    0x72, 0x7E, 0xA9, 0x05, 0x17, 0xFB, 0x6E, 0xB7, 0x6E, 0xF6, 0xB4, 0x14, 0xDF, 0xD6, 0x69, 0x12,
    0xBA, 0xE9, 0x9C, 0x3A, 0xCF, 0x21, 0xA1, 0x1A, 0xAC, 0xEB, 0xDD, 0xE9, 0xC1, 0xB3, 0xDC, 0xFC,
    0x83, 0x0E, 0x40, 0x85, 0x92, 0x54, 0xAD, 0x33, 0x2A, 0xAD, 0xAA, 0x9C, 0x5B, 0xFD, 0xB2, 0xE5,
    0x40, 0x98, 0x95, 0xEC, 0xAD, 0x43, 0x56, 0x43, 0x93, 0x3E, 0xAB, 0x9D, 0xD8, 0x26, 0x6A, 0x21,
    0xC0, 0x44, 0x99, 0x4C, 0x26, 0xB7, 0x64, 0x09, 0x0C, 0x8C, 0x6E, 0xDE, 0x33, 0x6B, 0x2A, 0x94,
    0x9B, 0x94, 0x4A, 0x4D, 0xAC, 0xF4, 0x67, 0x13, 0xAA, 0xC4, 0xAA, 0xBC, 0x0B, 0x73, 0x2B, 0xC9,
    0xF0, 0xCB, 0xF1, 0xB3, 0x6B, 0x26, 0xA7, 0x28, 0x94, 0x45, 0x93, 0x8D, 0x15, 0x92, 0x30, 0x76,
    0x19, 0xE2, 0x54, 0x95, 0x20, 0x79, 0x60, 0x22, 0x64, 0x86, 0xEA, 0xBD, 0xF5, 0xE5, 0x16, 0x09,
    0x11, 0x7F, 0xDE, 0xC4, 0xE2, 0x26, 0x5A, 0xA7, 0x93, 0x21, 0x67, 0x27, 0x1C, 0x56, 0x6B, 0x15,
    0x26, 0xC0, 0x88, 0xF5, 0xC9, 0x64, 0x05, 0x8F, 0x74, 0xB4, 0x22, 0x68, 0x3A, 0x66, 0x56, 0x54,
    0x1D, 0x56, 0xA2, 0x0E, 0xD3, 0xB6, 0x21, 0x81, 0xCC, 0x27, 0xCB, 0x21, 0x85, 0xBE, 0x55, 0x64,
    0xC9, 0x54, 0xA5, 0x7A, 0x5E, 0xF9, 0x76, 0xA7, 0x6C, 0xA2, 0x4E, 0x7B, 0xF5, 0x6D, 0x3A, 0xA8,
    0x8A, 0xED, 0x93, 0x59, 0x9E, 0x65, 0x1B, 0x1B, 0xEA, 0x1B, 0x77, 0xEB, 0x8B, 0x1D, 0xFF, 0x12,
    0x04, 0xBA, 0x88, 0x72, 0x11, 0xE2, 0xE2, 0x8D, 0x96, 0x94, 0x64, 0xB1, 0xCF, 0x65, 0x00, 0xA9,
    0x7C, 0xB8, 0x38, 0xE1, 0xF5, 0x8E, 0x92, 0xD8, 0x2E, 0xA8, 0x9D, 0xF9, 0xB0, 0xB2, 0x62, 0xF4,
    0x58, 0x1C, 0x77, 0x8B, 0x81, 0x5E, 0x22, 0x6C, 0xF3, 0x81, 0xEE, 0x90, 0x9B, 0xAB, 0x1C, 0x20,
    0x19, 0x17, 0x69, 0x4A, 0x8E, 0x96, 0x8F, 0xE6, 0xC3, 0xCE, 0x69, 0x95, 0x4E, 0xA7, 0x55, 0x1A,
    0x9D, 0x53, 0xB1, 0x77, 0xA5, 0x4C, 0xB4, 0x22, 0xF6, 0x75, 0xC5, 0xC5, 0x50, 0x36, 0x09, 0xE5,
    0xD1, 0xBD, 0xD1, 0x32, 0xC8, 0xB9, 0xDB, 0xFE, 0x15, 0x54, 0xAE, 0xAF, 0x3D, 0x57, 0x48, 0x80,
    0x77, 0x3A, 0xAB, 0x37, 0x5B, 0x25, 0x59, 0x8A, 0x1D, 0x5B, 0x09, 0xB9, 0xF9, 0x76, 0x51, 0x6B,
    0xE0, 0x5A, 0x76, 0x60, 0x09, 0xE6, 0x09, 0xC1, 0x45, 0xF8, 0xC4, 0xF8, 0xA1, 0x79, 0x0C, 0xDC,
    0x17, 0x4A, 0x6D, 0xE4, 0xEF, 0xBC, 0xA9, 0x15, 0x8E, 0x19, 0xAF, 0xDB, 0xCA, 0x7A, 0xFC, 0xF5,
    0x42, 0x29, 0x5C, 0xC9, 0xF6, 0x61, 0xA1, 0xF5, 0x4B, 0xBB, 0x1A, 0xB2, 0xA7, 0x95, 0x23, 0x5E,
    0xAC, 0xF4, 0x15, 0x15, 0xC3, 0x74, 0xC9, 0x1F, 0x88, 0xCE, 0x51, 0x21, 0xEF, 0x6E, 0x6B, 0x7F,
    0xB7, 0x6B, 0xD2, 0xF9, 0xDB, 0x45, 0x7F, 0xFB, 0xD0, 0xDD, 0x9A, 0x54, 0xC5, 0x52, 0x3D, 0xA7,
    0x1C, 0xF2, 0x47, 0x3D, 0x86, 0xF0, 0xBC, 0xB9, 0x6C, 0x90, 0xFA, 0xC2, 0xF6, 0x20, 0xA2, 0x96,
    0x4D, 0x2F, 0x1B, 0x58, 0x6F, 0xD0, 0xD3, 0x56, 0xA2, 0x85, 0xE7, 0x4C, 0x7A, 0x5A, 0xF0, 0xB5,
    0x51, 0x52, 0x8F, 0x32, 0xBB, 0xDE, 0x0A, 0x51, 0x25, 0x9D, 0x85, 0x51, 0x25, 0x33, 0xDC, 0x86,
    0x5E, 0x3A, 0x87, 0xDF, 0x43, 0x1F, 0xB7, 0x9D, 0x7B, 0x1D, 0x37, 0x27, 0x90, 0xF4, 0x7B, 0xE0,
    0xF1, 0xAD, 0x74, 0xBE, 0xC2, 0x64, 0x60, 0x32, 0x4B, 0x88, 0xBB, 0x8A, 0x2F, 0x0C, 0x25, 0x81,
    0x54, 0x61, 0x4A, 0xB8, 0x8D, 0x16, 0x77, 0x80, 0xB6, 0x9C, 0x67, 0x90, 0xB2, 0x06, 0x24, 0x5D,
    0x32, 0x8F, 0x66, 0x85, 0xDA, 0xD3, 0x02, 0x9E, 0xCD, 0x7D, 0xBE, 0x91, 0x7F, 0xD1, 0xAF, 0x9A,
    0x31, 0x65, 0xB2, 0x67, 0x73, 0x69, 0xA2, 0xF4, 0x74, 0x73, 0x58, 0x46, 0xC8, 0x2C, 0xF0, 0x7A,
    0xA9, 0xFA, 0x26, 0x82, 0x6A, 0x58, 0x96, 0xBB, 0xF9, 0x5B, 0x7F, 0x6A, 0xA6, 0xB2, 0xB3, 0x42,
    0xF6, 0xF9, 0x64, 0x91, 0x10, 0x0B, 0xDF, 0x82, 0xE0, 0xB6, 0xE4, 0x9B, 0xA0, 0x09, 0x53, 0x03,
    0xD4, 0xD0, 0x14, 0x94, 0xC4, 0x91, 0x9C, 0xD6, 0x01, 0xC1, 0x0B, 0xA8, 0x1F, 0x44, 0xFD, 0x95,
    0x73, 0xD4, 0x07, 0xC7, 0x2E, 0x67, 0x55, 0x2F, 0x94, 0x2B, 0xA4, 0xF8, 0x5A, 0x6C, 0xFA, 0xDC,
    0x08, 0xDA, 0xA9, 0x43, 0x13, 0xB2, 0x4D, 0x19, 0xD6, 0x73, 0x5A, 0xC5, 0xDD, 0x8B, 0x20, 0x48,
    0xE6, 0x45, 0xF5, 0x65, 0x19, 0x97, 0x8B, 0x6D, 0xCB, 0x73, 0x22, 0xC8, 0xF2, 0x73, 0x06, 0x01,
    0x6B, 0x1D, 0x1B, 0xBB, 0xBA, 0xA4, 0x5A, 0x1B, 0x26, 0x19, 0xB6, 0xEE, 0x18, 0x48, 0x4D, 0x7A,
    0x72, 0x61, 0x0C, 0x4F, 0x2E, 0xE4, 0x3A, 0x80, 0x78, 0xBA, 0xF8, 0x4B, 0xAD, 0x79, 0xC6, 0x3A,
    0x1F, 0x56, 0xA5, 0xAF, 0xA8, 0xB9, 0x4C, 0x65, 0xE9, 0x99, 0x18, 0x71, 0x16, 0x16, 0xFE, 0xBA,
    0x3B, 0x67, 0xDC, 0xD5, 0x1B, 0x4B, 0x62, 0x28, 0x1E, 0x46, 0x15, 0x3C, 0x15, 0xC9, 0xFF, 0xCB,
    0x91, 0x56, 0x85, 0xD8, 0xBD, 0x45, 0x16, 0x0C, 0x89, 0x8A, 0xCE, 0x18, 0xD1, 0xFF, 0xCA, 0xE2,
    0x33, 0xFE, 0xC7, 0x84, 0xE0, 0xBC, 0xB2, 0xC5, 0x02, 0x26, 0xFD, 0xB0, 0xFA, 0x6A, 0xCC, 0x7E,
    0x39, 0x1F, 0xBA, 0xA3, 0x77, 0x97, 0x9D, 0x91, 0xDC, 0x57, 0xF0, 0x8B, 0x24, 0x48, 0xE7, 0x23,
    0xF1, 0x8E, 0x2C, 0x50, 0x14, 0x67, 0xC9, 0x2E, 0x67, 0xA7, 0xCC, 0xF1, 0x14, 0xEC, 0x1D, 0x58,
    0x2A, 0x2E, 0xF2, 0xEA, 0x76, 0xD9, 0xF9, 0xB2, 0xF1, 0x85, 0xBB, 0xBD, 0x2B, 0xA0, 0xFF, 0xE3,
    0xB0, 0xDC, 0x50, 0xBC, 0xC4, 0x8B, 0x8F, 0x31, 0xC6, 0x47, 0xA3, 0xC6, 0x0B, 0xEA, 0x5A, 0x6F,
    0x99, 0xDB, 0x81, 0xCD, 0x55, 0x73, 0x76, 0x48, 0x9F, 0xC8, 0xB4, 0xBF, 0x19, 0x69, 0x29, 0x27,
    0x16, 0x1B, 0x66, 0xAC, 0xFB, 0x6C, 0x66, 0x80, 0xBB, 0x56, 0x88, 0x9B, 0x2D, 0x27, 0xF7, 0x66,
    0x06, 0x7F, 0x33, 0xB3, 0x8B, 0x49, 0x0D, 0x94, 0x20, 0x1D, 0x79, 0xE6, 0x61, 0xE0, 0x1E, 0x5D,
    0x4F, 0x71, 0xB1, 0x78, 0x53, 0x57, 0x45, 0x1F, 0xF1, 0x70, 0x2E, 0x3C, 0xC2, 0x4A, 0x91, 0xB7,
    0x42, 0x3E, 0xC4, 0x91, 0x37, 0xA4, 0x78, 0x20, 0xE4, 0xB5, 0xA8, 0x7D, 0x52, 0x85, 0xAD, 0xF0,
    0x15, 0x37, 0xFD, 0x3C, 0xCB, 0xF5, 0xB1, 0xBF, 0x41, 0xE8, 0xB7, 0xEF, 0xE9, 0x30, 0x66, 0xCF,
    0x16, 0x09, 0xC7, 0xA4, 0xAA, 0xFF, 0xC4, 0xCA, 0x65, 0xBA, 0x38, 0x11, 0x5A, 0xCA, 0x81, 0xC8,
    0xA8, 0x64, 0xE3, 0xB4, 0x00, 0x28, 0x56, 0x46, 0xCC, 0x3A, 0x6D, 0xCC, 0xD3, 0xA5, 0x52, 0xA8,
    0x7C, 0x39, 0x6D, 0x5C, 0x9A, 0x21, 0xFF, 0xB4, 0xE2, 0x57, 0x5F, 0x95, 0xC1, 0x7B, 0x6D, 0x4F,
    0x2B, 0xC0, 0x0A, 0x8E, 0xCD, 0xE8, 0xC9, 0xDE, 0xFD, 0xF4, 0x1C, 0x9D, 0xAC, 0xFF, 0xA7, 0xF2,
    0x06, 0x3D, 0xEC, 0xB2, 0xE7, 0x13, 0x0C, 0x4C, 0x07, 0x88, 0xD6, 0x6C, 0x68, 0x0D, 0x0C, 0xB4,
    0x01, 0xD9, 0xBA, 0xEC, 0xAC, 0x49, 0x66, 0x60, 0xB4, 0x03, 0xD9, 0x78, 0x0E, 0x32, 0x58, 0xFD,
    0x1E, 0x26, 0x17, 0x90, 0xF1, 0x2C, 0x33, 0x57, 0xD0, 0xAD, 0x60, 0xF4, 0xA6, 0x25, 0x08, 0x96,
    0x19, 0x5E, 0x2F, 0xC7, 0xC1, 0x93, 0xEA, 0xC5, 0x10, 0xA4, 0x90, 0x50, 0x87, 0xCF, 0xE4, 0xF4,
    0x37, 0x58, 0x80, 0x2B, 0x6E, 0x6E, 0xA5, 0x55, 0xD4, 0xBD, 0x08, 0x82, 0x10, 0xF5, 0xBD, 0xC5,
    0x89, 0x66, 0x77, 0xFD, 0x49, 0x2A, 0xF5, 0xBC, 0xC8, 0x08, 0x1B, 0x7C, 0x3C, 0xEE, 0xCE, 0xC6,
    0x22, 0xBD, 0x27, 0xBD, 0x9E, 0x17, 0x41, 0x76, 0xBA, 0x75, 0x5A, 0x9A, 0xA7, 0x56, 0x78, 0xCF,
    0x3D, 0xDD, 0xF1, 0xF8, 0x4B, 0xF7, 0x3E, 0x3E, 0x94, 0x95, 0x3F, 0x59, 0xFD, 0xCC, 0xB7, 0x7B,
    0xAA, 0x2A, 0xF2, 0xE8, 0x0F, 0xC9, 0xA0, 0x2F, 0x59, 0x73, 0x1D, 0xA5, 0x1B, 0xC6, 0x11, 0x7B,
    0x3A, 0xB3, 0x7F, 0xE4, 0x99, 0x26, 0x8F, 0x1E, 0xF6, 0x74, 0xD5, 0x93, 0xEF, 0xB4, 0x61, 0x9B,
    0x47, 0x8C, 0xD6, 0xF6, 0x71, 0x59, 0x3E, 0x10, 0x8A, 0xFC, 0x73, 0x96, 0x45, 0xF3, 0xDF, 0x35,
    0x8C, 0x0C, 0xBD, 0x22, 0xC3, 0x35, 0x17, 0x2C, 0x86, 0xE5, 0x1E, 0xFC, 0x86, 0xE6, 0x4D, 0x47,
    0x8B, 0x5D, 0x7E, 0x6D, 0x5B, 0x2D, 0x55, 0xB9, 0x77, 0x77, 0x92, 0x46, 0xCB, 0x24, 0x15, 0xDC,
    0x1C, 0x2E, 0x47, 0x6F, 0x5D, 0xBC, 0xBB, 0x5C, 0x5A, 0x3E, 0x3E, 0xE0, 0x99, 0xC5, 0xF3, 0xF9,
    0xA5, 0x11, 0x37, 0xA4, 0x6C, 0xB2, 0x91, 0x26, 0x64, 0xD0, 0xF3, 0x0A, 0x7C, 0x5C, 0xA1, 0xE3,
    0xE1, 0xE4, 0x8E, 0xE6, 0xA3, 0xD3, 0xB3, 0x0A, 0xB9, 0x2C, 0x5B, 0x27, 0x87, 0xC9, 0xBA, 0x6B,
    0x15, 0x7B, 0x06, 0xB4, 0x5B, 0x84, 0x23, 0xDF, 0x45, 0x53, 0xFD, 0xF9, 0xD6, 0x95, 0x3F, 0x1E,
    0xFC, 0xE5, 0x02, 0x60, 0x6E, 0xD2, 0x2F, 0xEC, 0x10, 0x92, 0x22, 0x51, 0xF9, 0xC9, 0xCD, 0xB2,
    0xA5, 0x26, 0xD5, 0xB8, 0xEA, 0x5E, 0x0C, 0x41, 0xAA, 0x95, 0xE4, 0x8B, 0x2B, 0x88, 0xE6, 0x92,
    0xE7, 0x45, 0xD3, 0x06, 0xF4, 0xEC, 0xEE, 0x9B, 0x3F, 0x3F, 0x82, 0x9E, 0x71, 0xE1, 0x3C, 0x4F,
    0x91, 0xB9, 0x65, 0x8F, 0xF8, 0x7C, 0x31, 0x38, 0x9C, 0xAA, 0x34, 0x7A, 0xBE, 0xFF, 0x18, 0x85,
    0xAC, 0x5A, 0x21, 0x39, 0xE6, 0xD3, 0x17, 0xDC, 0xCD, 0x28, 0x07, 0xEE, 0x50, 0x2F, 0xBB, 0xDA,
    0x99, 0x1E, 0xCD, 0xA4, 0x12, 0x73, 0x18, 0xC8, 0x20, 0xB5, 0xDD, 0x0C, 0x3A, 0x18, 0x28, 0x3D,
    0x03, 0x35, 0xAE, 0x00, 0x9B, 0xF4, 0xD0, 0x22, 0xEF, 0x7D, 0xF3, 0x45, 0xC7, 0x16, 0x82, 0xAB,
    0x3E, 0x50, 0x7E, 0x28, 0xFA, 0x8A, 0x07, 0xC2, 0x28, 0xFF, 0x4C, 0x4A, 0x9D, 0x3D, 0x32, 0x47,
    0x61, 0x85, 0x10, 0xAB, 0x2F, 0x84, 0x23, 0x69, 0xCB, 0xD9, 0xAA, 0xB0, 0x7F, 0x19, 0x6A, 0x7B,
    0xE7, 0xCA, 0x7E, 0xB6, 0xD1, 0x15, 0xEB, 0xD4, 0x4E, 0x69, 0x05, 0xA7, 0x22, 0x6C, 0xA3, 0xD7,
    0x9B, 0x80, 0xFC, 0xE9, 0x41, 0x3B, 0xAB, 0x07, 0x18, 0x20, 0xAB, 0x9D, 0xC7, 0x2B, 0x6D, 0xAC,
    0x74, 0x20, 0x7C, 0xD9, 0x2F, 0x65, 0x07, 0xFE, 0xF5, 0x43, 0xA0, 0x97, 0xFF, 0xBB, 0x6A, 0x81,
    0x77, 0x99, 0xB9, 0x15, 0xA3, 0xA2, 0xB8, 0xD3, 0x07, 0x7D, 0xAA, 0x90, 0xD1, 0xB5, 0xCB, 0xE3,
    0x25, 0x5E, 0x4B, 0x64, 0x4B, 0xFA, 0x22, 0x05, 0x3C, 0x56, 0x73, 0xE3, 0xB3, 0x97, 0x2A, 0xAF,
    0xAD, 0xF8, 0x80, 0x1F, 0xA7, 0xA2, 0x35, 0xDC, 0xA8, 0xE4, 0xA8, 0x5C, 0x3F, 0xFB, 0x95, 0xCE,
    0x0D, 0x3E, 0xF6, 0x94, 0xA3, 0x95, 0xB7, 0xC2, 0x43, 0x3F, 0x56, 0xE4, 0xEB, 0xCE, 0x18, 0x0A,
    0x07, 0xC9, 0xF5, 0x94, 0xA0, 0x5D, 0x67, 0x27, 0x77, 0x2A, 0x75, 0x7B, 0x4B, 0x01, 0xF4, 0xA2,
    0xD7, 0xEF, 0x49, 0xDA, 0xD5, 0x93, 0xA4, 0xFD, 0x8B, 0x8B, 0xA5, 0x9D, 0xFC, 0xBF, 0x49, 0xFB,
    0x7F, 0x00, 0xED, 0x5C, 0x3D, 0xCF, 0xDC, 0x56, 0x76, 0xBE, 0x24, 0x65, 0x11, 0x5E, 0x2E, 0x4C,
    0x17, 0x2E, 0x8C, 0xF5, 0xAE, 0xE9, 0xC2, 0x85, 0xB1, 0xB0, 0xC5, 0xC6, 0x85, 0x0A, 0x49, 0xA4,
    0x63, 0x20, 0x2E, 0xB6, 0xB0, 0x7F, 0x42, 0x8A, 0x34, 0x49, 0x11, 0x35, 0x0E, 0xA0, 0xC2, 0xD6,
    0x70, 0xE5, 0x22, 0x45, 0x8A, 0xE8, 0x27, 0xB8, 0x70, 0x97, 0xC6, 0x85, 0x0B, 0x21, 0x90, 0x34,
    0xCC, 0xBA, 0x4C, 0xB1, 0x93, 0xA4, 0x48, 0x19, 0x22, 0x31, 0xB0, 0x48, 0xB5, 0x93, 0x0D, 0xD7,
    0xA6, 0xBD, 0x1C, 0xDE, 0x9C, 0xF3, 0x3C, 0x87, 0x1F, 0x33, 0xEF, 0xBC, 0xAF, 0x65, 0x47, 0xD6,
    0xC7, 0xBB, 0x19, 0x68, 0x78, 0x47, 0xEF, 0x70, 0xC8, 0x7B, 0x9E, 0x73, 0xEE, 0xF9, 0xBE, 0x74,
    0xCE, 0x45, 0xDE, 0x6F, 0x1D, 0x86, 0xC6, 0x9D, 0xF6, 0x4A, 0x37, 0x18, 0x32, 0x9E, 0x51, 0x6C,
    0x31, 0xAC, 0x39, 0xFC, 0x01, 0x43, 0xF4, 0x1B, 0x0C, 0xF1, 0xE7, 0x2D, 0xCE, 0x7F, 0xBB, 0xD3,
    0x21, 0x8F, 0x30, 0x5C, 0x8D, 0x7A, 0x1D, 0xEE, 0x84, 0x3A, 0x04, 0x5B, 0x0C, 0x51, 0x13, 0xEC,
    0x64, 0x48, 0x6A, 0x0C, 0x69, 0xE9, 0x06, 0x3D, 0xDF, 0x39, 0x2F, 0xC3, 0xCA, 0x7B, 0x1D, 0x3C,
    0x86, 0x40, 0xAE, 0xBB, 0x96, 0xF3, 0x65, 0x06, 0xAB, 0x52, 0xCE, 0x97, 0xA1, 0xD2, 0xF3, 0x5D,
    0x51, 0xB9, 0x42, 0x27, 0x53, 0xBB, 0x9B, 0x18, 0x02, 0xFD, 0xCD, 0xBA, 0x29, 0x7C, 0xEB, 0x72,
    0x3F, 0x14, 0x42, 0x54, 0xE1, 0x77, 0x2E, 0x04, 0x75, 0x46, 0xE3, 0xC9, 0xD7, 0xF5, 0xEE, 0x75,
    0x99, 0xB4, 0xF7, 0x9D, 0x12, 0x97, 0x75, 0x7A, 0x8F, 0x58, 0x28, 0x18, 0x5C, 0xBC, 0x75, 0x32,
    0xEB, 0x64, 0xEB, 0xE4, 0xBF, 0x69, 0xE3, 0xD2, 0xAD, 0x1E, 0x85, 0x7E, 0x41, 0x22, 0xAF, 0x5D,
    0x56, 0xEB, 0x7D, 0xE5, 0x83, 0x4E, 0xA2, 0xD2, 0x19, 0xE9, 0xBF, 0xD2, 0xAD, 0x4B, 0x3D, 0x7A,
    0xBD, 0x4C, 0xE4, 0x75, 0x8A, 0xF1, 0x5A, 0xA7, 0xF6, 0x53, 0x39, 0xE6, 0xCD, 0x67, 0xEB, 0x3F,
    0x75, 0xA9, 0xDF, 0xAC, 0xBC, 0x0B, 0x07, 0x83, 0x32, 0xAC, 0x9D, 0xCE, 0x2B, 0x68, 0x02, 0xFC,
    0xB7, 0x4B, 0x80, 0xB3, 0xF7, 0x15, 0x60, 0x1E, 0x30, 0xC5, 0xE4, 0x8B, 0xF3, 0xC5, 0x10, 0x90,
    0x1C, 0x6C, 0xE3, 0x06, 0x57, 0xAC, 0x71, 0x79, 0xD0, 0xD2, 0xB9, 0x27, 0x91, 0x45, 0x4F, 0x31,
    0xD4, 0x90, 0x1E, 0x88, 0x92, 0xBB, 0x87, 0x63, 0x84, 0x09, 0x2A, 0x70, 0xF8, 0xAA, 0xD9, 0x1B,
    0xF8, 0x5D, 0x64, 0x0B, 0x65, 0xBD, 0x79, 0x3C, 0xC8, 0x0F, 0x8A, 0x7C, 0xA1, 0x53, 0x0A, 0xDB,
    0x79, 0x76, 0x59, 0x0D, 0x48, 0xB9, 0x2C, 0xAA, 0xF9, 0x73, 0x06, 0xDE, 0xA4, 0x90, 0xA2, 0xD0,
    0x97, 0xA4, 0x00, 0x84, 0xC7, 0x40, 0x3F, 0xC5, 0xAF, 0x73, 0xFC, 0xFA, 0x1A, 0xBE, 0xC5, 0x9F,
    0x83, 0x13, 0x9A, 0xEE, 0xFA, 0x50, 0xEA, 0x75, 0x04, 0x3F, 0xA1, 0x3C, 0xED, 0xF5, 0x22, 0xF2,
    0x4F, 0x08, 0x13, 0x86, 0x09, 0x31, 0xF2, 0x83, 0xB5, 0x5E, 0x1D, 0x38, 0x8F, 0x77, 0x00, 0x63,
    0x53, 0xF2, 0x1C, 0xA0, 0x65, 0x38, 0xE6, 0xB8, 0x78, 0x81, 0x99, 0x15, 0xF5, 0x59, 0xC7, 0x7C,
    0x33, 0x0A, 0xD6, 0x05, 0x5C, 0xE1, 0xA7, 0x8A, 0xAA, 0xFB, 0x40, 0xEE, 0x52, 0x29, 0xCE, 0xB9,
    0xF7, 0x1B, 0x25, 0xEB, 0xEB, 0x99, 0x3F, 0x10, 0xC2, 0x42, 0x67, 0xA2, 0x53, 0x08, 0xF5, 0x7E,
    0x71, 0x75, 0xB0, 0x5A, 0xC0, 0x32, 0xBD, 0xF8, 0xBA, 0x16, 0xE1, 0x29, 0xEA, 0x70, 0x27, 0xF0,
    0x89, 0x30, 0xA6, 0xB5, 0x30, 0xEC, 0x39, 0x4E, 0x15, 0x77, 0xC6, 0x24, 0x70, 0x58, 0x55, 0x27,
    0x0F, 0x80, 0x19, 0xDF, 0x0A, 0xC8, 0x6F, 0xBA, 0xA4, 0x93, 0xBB, 0x85, 0x58, 0xAF, 0x39, 0x27,
    0xE4, 0x88, 0x05, 0x50, 0x4F, 0xA1, 0xB1, 0xF2, 0xBF, 0xD5, 0xD3, 0xEF, 0x45, 0x72, 0x87, 0xB0,
    0x71, 0x9F, 0x1E, 0x5F, 0xCD, 0x06, 0xB4, 0x4A, 0xF6, 0x26, 0x5B, 0x02, 0xBD, 0x03, 0xD0, 0xBD,
    0x02, 0x2D, 0xFA, 0xF0, 0x07, 0x02, 0x9A, 0x57, 0xF8, 0xF1, 0x0C, 0xF4, 0xC5, 0x43, 0xA0, 0x43,
    0x5D, 0x8C, 0xB1, 0xDE, 0x3E, 0x53, 0xD2, 0x56, 0xA9, 0x4C, 0xAA, 0x93, 0x15, 0x18, 0x55, 0xEE,
    0xE3, 0x23, 0x40, 0x97, 0x72, 0xF1, 0x95, 0x02, 0x9D, 0xCF, 0x40, 0x57, 0x02, 0xF4, 0x85, 0xEF,
    0x07, 0xF4, 0xFB, 0xC7, 0x80, 0xFE, 0x70, 0x86, 0x7B, 0xEF, 0x78, 0xCF, 0x9D, 0xF1, 0x7A, 0xE2,
    0x81, 0x0E, 0xF4, 0x3E, 0xD0, 0x8E, 0xF3, 0x21, 0x68, 0x8F, 0xE9, 0xFF, 0x47, 0x05, 0x74, 0x54,
    0xAB, 0xC2, 0x95, 0x65, 0x95, 0x82, 0x98, 0x7E, 0x45, 0x4D, 0xD8, 0x2F, 0x15, 0x3F, 0x51, 0x38,
    0x1D, 0x71, 0x83, 0x9C, 0x98, 0x1B, 0xE8, 0x86, 0xBA, 0xC1, 0x4E, 0xDC, 0x4D, 0x95, 0x18, 0xF2,
    0x06, 0xBD, 0x61, 0x6F, 0xE0, 0x1B, 0xFA, 0x06, 0xFF, 0x78, 0x67, 0x02, 0x7D, 0xE6, 0x90, 0xEF,
    0x59, 0x2C, 0xF2, 0xC1, 0x18, 0x31, 0x72, 0xC2, 0x58, 0x31, 0x69, 0x97, 0xD4, 0xC5, 0xB5, 0x5A,
    0x24, 0xB5, 0x2A, 0xD1, 0x7F, 0xF7, 0xF8, 0x06, 0x77, 0x87, 0x6A, 0xA5, 0xF2, 0x3B, 0x64, 0x0A,
    0xB9, 0x42, 0xB6, 0x80, 0x2F, 0x0E, 0x8C, 0x71, 0xE0, 0x8C, 0x03, 0x6B, 0x8C, 0x92, 0xFC, 0x84,
    0xE8, 0x80, 0x21, 0x47, 0x8E, 0x54, 0xEE, 0x3C, 0x07, 0x5C, 0x22, 0x9B, 0x8C, 0x4F, 0xD3, 0x8A,
    0x88, 0xAB, 0xB0, 0x81, 0x21, 0x4D, 0x2B, 0x48, 0x0D, 0x39, 0x35, 0xF4, 0x4B, 0xDB, 0x6C, 0x78,
    0xFD, 0xA4, 0x3C, 0xE1, 0x3B, 0x79, 0xAF, 0x9C, 0x4A, 0x3C, 0x2C, 0x9B, 0xDC, 0x18, 0xAB, 0x5D,
    0x6D, 0x54, 0x0D, 0x3B, 0xAB, 0xB8, 0xAD, 0x39, 0x75, 0x4F, 0x43, 0x32, 0x80, 0x41, 0x6A, 0xAD,
    0x05, 0x45, 0x35, 0xE1, 0x32, 0x44, 0xFB, 0x43, 0x87, 0x41, 0xD5, 0x76, 0x0C, 0xCB, 0x28, 0xF3,
    0xC6, 0x15, 0x44, 0x6D, 0xEB, 0x40, 0x13, 0xA9, 0x1C, 0x55, 0x93, 0x55, 0xC0, 0x4E, 0xEA, 0xFD,
    0x94, 0x52, 0x01, 0x51, 0xC8, 0x56, 0xBD, 0xA3, 0x46, 0xBE, 0x03, 0xDA, 0x2B, 0x08, 0x48, 0x2C,
    0x5F, 0x5D, 0xE7, 0x34, 0xD7, 0x9C, 0x34, 0xA6, 0x7F, 0xAB, 0x83, 0x76, 0xFA, 0x88, 0x0C, 0x7A,
    0x07, 0x74, 0xAE, 0x81, 0x84, 0x0C, 0x44, 0xE2, 0x75, 0x0C, 0x94, 0x2D, 0x0E, 0xD7, 0x7F, 0xDF,
    0x93, 0x65, 0xBD, 0x1B, 0xCD, 0xB9, 0xD9, 0x73, 0x1A, 0x74, 0xB3, 0xE8, 0x30, 0xE9, 0x8B, 0x09,
    0xC3, 0xA8, 0x9B, 0x55, 0x37, 0xB3, 0x0E, 0xBB, 0x4E, 0x5F, 0x44, 0x99, 0x46, 0xCB, 0x6E, 0xA6,
    0xDD, 0x6C, 0xBB, 0x19, 0x77, 0xB3, 0xEE, 0x66, 0xDE, 0xCD, 0xB3, 0x9A, 0x5C, 0xAB, 0x1F, 0x80,
    0x0F, 0xE2, 0xE7, 0xFB, 0x9A, 0x43, 0xF5, 0xC3, 0xF3, 0xA1, 0x1A, 0x8D, 0xC4, 0xA8, 0x90, 0xD7,
    0xA4, 0xAA, 0xD7, 0x3F, 0x03, 0x67, 0x42, 0xAF, 0x8B, 0xDE, 0x5D, 0xFF, 0xB2, 0x1F, 0x9D, 0xA9,
    0x1C, 0xE8, 0xAF, 0x15, 0xFC, 0x60, 0xD0, 0x49, 0x12, 0xFA, 0x64, 0xE9, 0x4C, 0x6D, 0xF4, 0x9F,
    0xB9, 0x51, 0xFC, 0x37, 0x39, 0x53, 0x74, 0xA3, 0xF4, 0x18, 0xD0, 0x99, 0x52, 0x37, 0xAA, 0xFA,
    0xD1, 0xE4, 0x4C, 0x65, 0x82, 0x76, 0x3C, 0x3B, 0x53, 0x50, 0x1F, 0xE1, 0x14, 0xE4, 0x6D, 0x4F,
    0x0B, 0xF1, 0xD4, 0xE5, 0xAC, 0xC0, 0x0D, 0x25, 0x6C, 0x5D, 0xC1, 0xCF, 0x90, 0xFB, 0x65, 0x5C,
    0xFF, 0x29, 0xE9, 0xCB, 0x48, 0xEC, 0xB3, 0x10, 0x1B, 0x10, 0x47, 0x21, 0x0B, 0xB9, 0xF6, 0xA2,
    0xFD, 0x41, 0xC0, 0xA2, 0xD0, 0xC1, 0xDF, 0xDD, 0x2E, 0x95, 0xDB, 0x38, 0x50, 0x49, 0xD1, 0x91,
    0x33, 0x4F, 0x0D, 0xDC, 0xF8, 0x18, 0x72, 0xA6, 0x9E, 0x9A, 0x50, 0xAB, 0x1E, 0xB0, 0xCC, 0x41,
    0x74, 0x94, 0x92, 0x2C, 0x67, 0x5D, 0xE7, 0x34, 0xD7, 0x3A, 0x94, 0x46, 0x57, 0x7C, 0x2C, 0x82,
    0xBD, 0xDE, 0xCE, 0xFE, 0x50, 0xA9, 0xFE, 0x50, 0x05, 0x8F, 0x4E, 0xD6, 0x6B, 0xA1, 0xD6, 0x63,
    0x5D, 0xA6, 0x6A, 0x02, 0xF3, 0x4D, 0xAC, 0x7F, 0x5D, 0xA9, 0xDF, 0xAC, 0xC8, 0xFA, 0x2F, 0xCE,
    0xB2, 0x1E, 0x0D, 0xAC, 0xC7, 0xC5, 0x7D, 0xEB, 0x71, 0x10, 0xCA, 0xB5, 0x49, 0xFD, 0x40, 0xA1,
    0xDC, 0xD3, 0x0D, 0x7B, 0x2D, 0x27, 0x46, 0x0D, 0xBE, 0xD7, 0xD9, 0xE3, 0xB6, 0xF9, 0x91, 0x78,
    0xF5, 0x41, 0xB8, 0x30, 0x4C, 0x5C, 0x68, 0x84, 0x0B, 0xBA, 0x0A, 0x87, 0xDB, 0xDF, 0x99, 0x0B,
    0xF4, 0x89, 0x47, 0xF7, 0x1F, 0xAB, 0x78, 0x11, 0xDB, 0x9C, 0x9A, 0xE0, 0x78, 0xAA, 0xB9, 0x40,
    0xBA, 0x40, 0x63, 0x3A, 0x1D, 0x8E, 0xD1, 0xFA, 0xA8, 0xD6, 0xC2, 0x12, 0xCD, 0x72, 0x46, 0xB3,
    0x24, 0x9A, 0x6E, 0x44, 0xF3, 0xE5, 0x49, 0x6F, 0x9E, 0x89, 0x26, 0x61, 0x8C, 0x08, 0xE3, 0x18,
    0xBA, 0x1E, 0x83, 0x71, 0x0C, 0xD4, 0xEB, 0x43, 0x34, 0xB7, 0x98, 0x71, 0xB8, 0x87, 0x66, 0x72,
    0x2A, 0x9A, 0x2E, 0xE6, 0x75, 0x6E, 0xBA, 0x49, 0x77, 0xCB, 0xED, 0xB7, 0xCB, 0xC1, 0x66, 0xC1,
    0x08, 0x5F, 0x28, 0xA7, 0x78, 0xAD, 0x9A, 0x47, 0x05, 0x32, 0x90, 0xD0, 0xBB, 0xE5, 0x3A, 0x61,
    0x38, 0x3F, 0xF7, 0xA7, 0x03, 0x7C, 0xB5, 0x42, 0x81, 0x4D, 0x76, 0x0B, 0xDF, 0xCE, 0x25, 0x55,
    0xCE, 0x45, 0x00, 0x8A, 0xC2, 0x3F, 0x60, 0xD2, 0x81, 0x27, 0xB1, 0x54, 0x53, 0xEE, 0x2F, 0xCE,
    0xD9, 0xCA, 0x20, 0xE9, 0xF1, 0xC2, 0xAD, 0x0D, 0x96, 0x6E, 0xED, 0xAA, 0x3C, 0xB2, 0x42, 0xC8,
    0x3D, 0xB2, 0x0F, 0xFC, 0xB3, 0x1C, 0x00, 0x38, 0xE8, 0xC0, 0x42, 0x07, 0x1E, 0x92, 0x89, 0xE4,
    0x22, 0xD9, 0x48, 0x3E, 0x7E, 0x9B, 0x5B, 0xDB, 0xD0, 0xAD, 0xBD, 0x78, 0xD2, 0xAD, 0xB5, 0xE5,
    0xC0, 0x98, 0xDA, 0x1C, 0x0C, 0x8B, 0xAA, 0x19, 0x56, 0x9F, 0x1E, 0x57, 0x63, 0xF6, 0xFE, 0xB6,
    0x83, 0x3F, 0x35, 0x20, 0x00, 0x89, 0xE5, 0xF7, 0xD1, 0x00, 0x5A, 0x55, 0x25, 0xA8, 0x97, 0xB3,
    0x41, 0xF6, 0x40, 0x2F, 0xFF, 0xDA, 0x14, 0x80, 0xF4, 0x4B, 0x85, 0xB9, 0x1F, 0x80, 0x58, 0xE4,
    0x61, 0xF1, 0x84, 0xFC, 0x5A, 0x38, 0x57, 0x2B, 0x14, 0x1C, 0x5C, 0xDE, 0x81, 0x26, 0x39, 0x1B,
    0x43, 0x83, 0x41, 0x78, 0x96, 0x9B, 0xCB, 0xB8, 0x05, 0xCD, 0x7A, 0x4D, 0x01, 0x40, 0x23, 0x1D,
    0x05, 0xDC, 0xDF, 0x0E, 0xD6, 0x0C, 0x40, 0x74, 0x9A, 0xC1, 0xDA, 0xDC, 0x29, 0x8B, 0x56, 0x56,
    0xB8, 0x73, 0x30, 0x60, 0x3A, 0x71, 0x73, 0x17, 0x5F, 0x95, 0x90, 0xDC, 0x17, 0xDC, 0x33, 0x46,
    0xE8, 0x25, 0x8A, 0x98, 0xD2, 0x11, 0xF8, 0xDF, 0xE8, 0x20, 0xFE, 0x16, 0x24, 0xF1, 0xAD, 0xE1,
    0x59, 0xAC, 0xD9, 0x35, 0xB3, 0x5D, 0x2B, 0x2E, 0xD6, 0x15, 0x13, 0x49, 0x2B, 0x0A, 0xD6, 0x9A,
    0xBA, 0x02, 0xB9, 0xB7, 0x0D, 0xD6, 0x77, 0xDA, 0x20, 0x33, 0x16, 0xB7, 0x99, 0xF9, 0x4A, 0xF4,
    0xE9, 0xDA, 0x85, 0x36, 0xC8, 0x78, 0xE7, 0xC2, 0x86, 0xFF, 0xC2, 0x19, 0x39, 0xCF, 0x4C, 0xE8,
    0x55, 0xDD, 0xFF, 0x7B, 0x75, 0xEE, 0x64, 0x5D, 0xAA, 0x54, 0x64, 0x15, 0x54, 0x47, 0x41, 0x0D,
    0x72, 0x93, 0xC3, 0x8A, 0x59, 0x2D, 0x61, 0x81, 0x0A, 0xBD, 0xA0, 0xAB, 0x9E, 0xAE, 0xF1, 0xCB,
    0xB8, 0x27, 0x2F, 0xC8, 0x87, 0x78, 0x10, 0x34, 0x65, 0x6B, 0xAE, 0xD0, 0x82, 0xC2, 0x90, 0x7C,
    0x7D, 0x46, 0xC4, 0xEF, 0x3F, 0x3E, 0x83, 0xFD, 0xEA, 0x3F, 0x6E, 0x90, 0x05, 0x23, 0x75, 0x4F,
    0x16, 0xFB, 0x13, 0xF1, 0x25, 0x74, 0x28, 0x91, 0xAF, 0x8C, 0x37, 0x54, 0x55, 0xCC, 0x61, 0x06,
    0x9E, 0x93, 0xCB, 0xC7, 0x4C, 0xD7, 0xCF, 0xCF, 0x35, 0xFB, 0x2D, 0xDD, 0x63, 0xBA, 0xC0, 0xD8,
    0x34, 0x1A, 0xCA, 0xBB, 0xEE, 0xDB, 0x5E, 0x4F, 0xB5, 0x12, 0x30, 0xB4, 0xF7, 0xF3, 0x1F, 0xA6,
    0x19, 0xE8, 0x50, 0xCF, 0xAF, 0xF3, 0xAD, 0x04, 0x9E, 0x6A, 0x36, 0xEE, 0xBD, 0xEE, 0x73, 0xE0,
    0xD4, 0x2C, 0xC1, 0x17, 0x36, 0x96, 0x70, 0x23, 0x67, 0xA7, 0x73, 0x99, 0xB6, 0x70, 0x9F, 0xF1,
    0x5C, 0x73, 0xB6, 0xCC, 0xBB, 0xE3, 0xB9, 0xCF, 0x94, 0x7F, 0x14, 0xEC, 0x1F, 0x59, 0x29, 0x5F,
    0x0D, 0xF6, 0x21, 0x33, 0x15, 0xE0, 0x56, 0xB9, 0x61, 0xD0, 0x1B, 0x26, 0x51, 0x13, 0x71, 0x82,
    0x17, 0x9D, 0x7B, 0xEF, 0xB4, 0xF8, 0xA6, 0xD2, 0xB7, 0x62, 0x54, 0x65, 0xF4, 0xCA, 0x1B, 0xBE,
    0x99, 0xC3, 0xA9, 0xCC, 0x1B, 0x82, 0x47, 0xB4, 0xB6, 0x37, 0x94, 0x8E, 0x1F, 0xFD, 0xF3, 0xC1,
    0xBC, 0x3A, 0x78, 0x76, 0x9A, 0xCE, 0x84, 0x6F, 0x67, 0x59, 0x18, 0x37, 0xE6, 0x61, 0xE0, 0xDD,
    0x31, 0xA1, 0x13, 0xEB, 0x87, 0xD6, 0x3C, 0x3C, 0x78, 0x79, 0x96, 0x81, 0xA1, 0x7B, 0x07, 0x17,
    0x2F, 0x6B, 0x6C, 0x7D, 0xAB, 0xA7, 0x07, 0x6F, 0x4F, 0x7D, 0xBD, 0x7C, 0xCC, 0xE3, 0x32, 0xA1,
    0x5B, 0x99, 0x03, 0x35, 0x4F, 0xB0, 0xE4, 0x3B, 0x14, 0x8A, 0x42, 0xB8, 0xA5, 0x62, 0x29, 0xF4,
    0x2D, 0x87, 0x1E, 0xEF, 0x39, 0xF3, 0xB7, 0x62, 0x1C, 0x8E, 0x74, 0x21, 0xCA, 0x75, 0xE9, 0x3F,
    0x23, 0xFF, 0x59, 0xAA, 0x2A, 0xBD, 0xE3, 0xDE, 0xD8, 0xC3, 0x29, 0xB2, 0x2C, 0xC9, 0x22, 0xED,
    0xCD, 0xA8, 0x82, 0x48, 0x5B, 0x19, 0xAA, 0x5E, 0xB8, 0x74, 0xE5, 0x5A, 0xE1, 0x4B, 0xF4, 0x17,
    0xAB, 0x4B, 0x1A, 0x83, 0xDD, 0x7F, 0x5F, 0xC3, 0x82, 0x61, 0xA3, 0x47, 0x5F, 0x89, 0x4C, 0x69,
    0xFE, 0xA8, 0x55, 0xC0, 0x12, 0x54, 0x93, 0x34, 0xDD, 0xD3, 0x29, 0xF1, 0xF2, 0x95, 0x5C, 0x3B,
    0x46, 0x26, 0x4A, 0xFE, 0x28, 0x57, 0xE5, 0xA2, 0x93, 0x3F, 0xCA, 0xB5, 0x53, 0x64, 0x7C, 0xB4,
    0x94, 0x56, 0x22, 0x07, 0x84, 0xDC, 0x54, 0xF1, 0xAB, 0x52, 0xFF, 0xEB, 0xCB, 0x82, 0xA1, 0xED,
    0xF7, 0x63, 0x2B, 0xBC, 0x63, 0x82, 0xA5, 0xAF, 0xFE, 0x69, 0x62, 0xEB, 0x69, 0x0C, 0x4A, 0xB1,
    0x80, 0x52, 0x46, 0x14, 0x23, 0x6B, 0x70, 0x7C, 0xCB, 0x18, 0xA4, 0xB8, 0xBC, 0xA1, 0xD3, 0xDD,
    0x7D, 0xAA, 0x49, 0xCF, 0xDD, 0x46, 0x97, 0x3B, 0x0A, 0x6D, 0xCA, 0xA0, 0xAD, 0x31, 0x48, 0x48,
    0x4D, 0x27, 0x06, 0x6D, 0x47, 0x06, 0xD5, 0xDF, 0x8D, 0x41, 0xD9, 0xC4, 0xA0, 0x60, 0x28, 0x5F,
    0x94, 0xC5, 0xDD, 0xDC, 0x70, 0x2F, 0xAB, 0x88, 0xBC, 0xA6, 0xF1, 0xD3, 0x91, 0xA5, 0x09, 0xFE,
    0x2D, 0xF8, 0x36, 0xF3, 0x6B, 0x5E, 0x7E, 0x13, 0x7F, 0xC8, 0x20, 0xF2, 0x04, 0xFC, 0x18, 0x79,
    0x31, 0xF3, 0x60, 0xC6, 0x7E, 0xC6, 0x7C, 0xC6, 0x7A, 0xC2, 0x78, 0xC6, 0x56, 0xFF, 0x7B, 0x43,
    0x26, 0xB1, 0xBD, 0x7C, 0xD1, 0xEF, 0xA9, 0xF0, 0x58, 0xBC, 0xCF, 0xC4, 0x33, 0x47, 0x4A, 0x8E,
    0x95, 0x7C, 0xAF, 0x6C, 0x82, 0x03, 0x93, 0x9C, 0x90, 0xA0, 0xDE, 0xE4, 0xA6, 0xB3, 0x77, 0xCB,
    0xC9, 0xE9, 0x3B, 0xEA, 0x5E, 0x15, 0xAE, 0xB5, 0xBC, 0x77, 0xEC, 0x71, 0x55, 0x5F, 0x3F, 0x99,
    0x58, 0xC8, 0x27, 0xCB, 0xDE, 0x52, 0xDD, 0xEE, 0xB4, 0x04, 0x14, 0x23, 0xC7, 0x2F, 0x24, 0xC9,
    0x3F, 0x11, 0x89, 0x04, 0x59, 0xDA, 0x14, 0x59, 0xDA, 0x6C, 0x51, 0xEC, 0x2E, 0x4A, 0xCB, 0xCF,
    0x16, 0xB7, 0xCA, 0xC2, 0x97, 0xAA, 0x10, 0xA2, 0x2A, 0x10, 0x63, 0x5B, 0x8B, 0xAD, 0x0B, 0xB7,
    0x6A, 0x11, 0x10, 0x5D, 0xA2, 0xA8, 0xF4, 0x52, 0xF3, 0xE4, 0x11, 0x7F, 0xC3, 0xBD, 0x71, 0xD5,
    0xDD, 0x2D, 0x7C, 0x9B, 0xFA, 0x4D, 0x38, 0xB8, 0x87, 0x86, 0xC2, 0x93, 0x41, 0x9D, 0x7B, 0xA9,
    0x34, 0x57, 0x04, 0xD1, 0x34, 0x55, 0x47, 0x3D, 0x1D, 0x50, 0x4F, 0x57, 0x4D, 0x11, 0x20, 0xDA,
    0x92, 0x00, 0x4C, 0x5C, 0x29, 0x59, 0xC7, 0x42, 0xC0, 0x22, 0x9F, 0x26, 0x6B, 0x42, 0x97, 0xC4,
    0xAA, 0x36, 0x52, 0x0B, 0xAC, 0x86, 0x35, 0xE6, 0xBF, 0xD3, 0x55, 0x10, 0xA0, 0x38, 0x31, 0x03,
    0x85, 0x7F, 0xD1, 0xEE, 0x4E, 0x24, 0x97, 0x1E, 0x4A, 0xB9, 0xAA, 0x88, 0xC1, 0x0A, 0xE5, 0xDB,
    0x1D, 0xFE, 0x69, 0x16, 0x7F, 0x60, 0xAE, 0x32, 0x9C, 0x53, 0x79, 0xDD, 0xF8, 0xE9, 0xB4, 0xB4,
    0xE5, 0x93, 0x01, 0xE9, 0x43, 0x10, 0x8C, 0x5B, 0x6A, 0x4F, 0x84, 0x90, 0x8F, 0x58, 0xAD, 0x6E,
    0x5C, 0xB6, 0x23, 0x39, 0x20, 0x5F, 0xCE, 0xC6, 0xF4, 0xD6, 0x36, 0x43, 0x6F, 0x93, 0x1C, 0x38,
    0x4F, 0xA5, 0x4E, 0xA7, 0x6A, 0x05, 0x56, 0xD0, 0xA8, 0x13, 0x56, 0x32, 0x75, 0xCE, 0x4A, 0xE9,
    0xDA, 0x88, 0xF5, 0x46, 0xAF, 0x37, 0x92, 0x07, 0x52, 0x0D, 0x80, 0xE4, 0x9A, 0x80, 0x47, 0xAE,
    0x09, 0x84, 0xF2, 0x9A, 0x20, 0xC9, 0x35, 0xE1, 0x4F, 0xCB, 0x35, 0x63, 0x9B, 0x0E, 0x20, 0x5B,
    0x73, 0x5A, 0x8A, 0x86, 0x4E, 0x4B, 0x01, 0xD1, 0xE9, 0x28, 0x26, 0x96, 0xAE, 0x1A, 0xCB, 0xB1,
    0x66, 0x8F, 0xE6, 0x74, 0xD3, 0xDA, 0x2D, 0xB3, 0x9E, 0x93, 0xAB, 0x97, 0xD1, 0x37, 0x2E, 0x2C,
    0x25, 0x67, 0x49, 0xA1, 0x1C, 0x01, 0xA1, 0x80, 0xE1, 0x91, 0x7D, 0xF3, 0xB8, 0xB3, 0x47, 0x20,
    0x7F, 0xAC, 0xFE, 0x2F, 0xEC, 0x10, 0x2B, 0x2D, 0x1C, 0x91, 0xA3, 0x30, 0x45, 0xFC, 0x75, 0xA1,
    0x42, 0xFB, 0x75, 0x5A, 0x98, 0x37, 0x94, 0x98, 0x62, 0x18, 0xB6, 0x04, 0x47, 0xAD, 0x35, 0xD5,
    0x63, 0xE3, 0xCE, 0xE6, 0x88, 0x49, 0x5B, 0x61, 0xFE, 0x6B, 0x68, 0x7D, 0x96, 0xC6, 0xE0, 0xFB,
    0xC3, 0xB1, 0xBD, 0xF5, 0x27, 0x7A, 0xF4, 0x7A, 0x4C, 0x5A, 0x66, 0x43, 0xD9, 0x62, 0xC4, 0x04,
    0x29, 0x33, 0x7B, 0xE9, 0xA2, 0x83, 0x87, 0x48, 0xF8, 0xB9, 0xAC, 0xBE, 0x36, 0x7F, 0x37, 0x18,
    0xDC, 0xD8, 0x76, 0x21, 0x12, 0x81, 0x0C, 0xE6, 0xBB, 0xFA, 0x8B, 0x5E, 0x3D, 0x5B, 0x79, 0x1F,
    0xAD, 0x5A, 0xB1, 0xE0, 0x93, 0xB0, 0x92, 0x5D, 0xB4, 0x73, 0xAC, 0x98, 0xD7, 0xA7, 0xD4, 0x9B,
    0xCB, 0x19, 0x7E, 0x3F, 0xB3, 0x80, 0xB9, 0x4A, 0xA6, 0x2A, 0xA3, 0xE5, 0x91, 0x49, 0xA8, 0x76,
    0x41, 0xCB, 0x92, 0xA2, 0x66, 0xCE, 0x50, 0xEE, 0xDD, 0xF0, 0xDB, 0x6F, 0xC5, 0xCB, 0xB3, 0x2A,
    0x01, 0x27, 0x66, 0x0D, 0x92, 0x57, 0xDD, 0x22, 0x0D, 0x88, 0x24, 0x60, 0xFA, 0x5B, 0x35, 0xBB,
    0x5A, 0xE1, 0xED, 0x24, 0x1A, 0x0A, 0x2A, 0xF7, 0xCA, 0x01, 0xAF, 0x0D, 0xC7, 0x78, 0x5A, 0xD3,
    0xC0, 0x9F, 0x91, 0xCC, 0x76, 0x5A, 0xDD, 0xCD, 0xA4, 0xEB, 0x36, 0x23, 0x2B, 0xF2, 0x69, 0x61,
    0x17, 0x53, 0x0E, 0x79, 0x35, 0x4D, 0x79, 0x18, 0x6B, 0x97, 0x41, 0xBF, 0xAF, 0x36, 0xA6, 0x0B,
    0x53, 0x59, 0xD4, 0x46, 0x29, 0xEA, 0x5B, 0x45, 0x33, 0x6A, 0x25, 0x15, 0xE1, 0x0C, 0x63, 0x8D,
    0xF5, 0x9C, 0xD8, 0x7A, 0xC6, 0x8F, 0xE4, 0xFC, 0xDC, 0x94, 0xD4, 0x3D, 0x12, 0xCB, 0x44, 0xD7,
    0x40, 0x25, 0x2C, 0x08, 0x15, 0xC6, 0x8E, 0x8E, 0x23, 0x03, 0xC0, 0xA8, 0xCF, 0x2A, 0x32, 0x85,
    0x1E, 0x7D, 0xFC, 0x25, 0xD7, 0x49, 0xE2, 0x7F, 0x4B, 0xA6, 0xEC, 0xC6, 0xC6, 0x15, 0x16, 0x7D,
    0xB2, 0x0D, 0x51, 0x96, 0x71, 0x20, 0x8B, 0x18, 0x24, 0x0B, 0x93, 0x28, 0x5F, 0x22, 0xD4, 0x36,
    0x7D, 0x74, 0x0A, 0xC8, 0xAA, 0x2A, 0x6C, 0x3D, 0x67, 0x74, 0x02, 0xE4, 0xD2, 0x15, 0xD6, 0x73,
    0x70, 0xD2, 0x6B, 0xD3, 0x60, 0xCB, 0x44, 0xD7, 0x82, 0x30, 0x97, 0xD9, 0xEA, 0xBE, 0x66, 0xDF,
    0x5F, 0xB1, 0x71, 0xCC, 0xD7, 0xBE, 0xF7, 0x7D, 0x23, 0x0C, 0x45, 0x73, 0xE5, 0x14, 0xCB, 0x15,
    0x90, 0xBC, 0x8F, 0x5F, 0xEC, 0x54, 0x33, 0x88, 0x29, 0xBB, 0xAB, 0x4C, 0x42, 0x8B, 0x04, 0xC2,
    0xC1, 0xB0, 0x43, 0xAE, 0xFB, 0xF7, 0x10, 0xA1, 0xAF, 0x54, 0x55, 0xC7, 0xFE, 0xBA, 0x46, 0x98,
    0x5D, 0x06, 0xE7, 0x1C, 0xBE, 0xFA, 0x46, 0x65, 0x3A, 0xAD, 0x15, 0xA0, 0x4C, 0xBB, 0x69, 0x0C,
    0x1C, 0xB9, 0xA1, 0xDC, 0x4A, 0x97, 0x7D, 0xAF, 0x3C, 0x88, 0x0F, 0x1A, 0x32, 0x39, 0x43, 0x06,
    0x9F, 0x24, 0xF2, 0x03, 0x1C, 0xB9, 0x36, 0xB9, 0x0E, 0xBC, 0xCE, 0x36, 0xF7, 0x3A, 0x5B, 0xB9,
    0xA2, 0xCE, 0x76, 0x38, 0x6B, 0xB6, 0xD1, 0xC3, 0x9E, 0x6D, 0xB8, 0x9B, 0x17, 0xAE, 0x2D, 0xD3,
    0x6A, 0x9E, 0x2F, 0x15, 0x6C, 0x75, 0xCC, 0x8E, 0x9A, 0x21, 0xA5, 0x25, 0xFD, 0x16, 0x75, 0x31,
    0xCC, 0x77, 0x0A, 0x1F, 0x44, 0x5D, 0x2C, 0x95, 0xC6, 0xA4, 0x2E, 0xB6, 0x56, 0x9A, 0x62, 0x65,
    0x8A, 0xC5, 0x0C, 0xD4, 0xA5, 0x58, 0xCA, 0x60, 0x25, 0x63, 0x2C, 0x64, 0x84, 0x9F, 0xF0, 0x32,
    0x39, 0x93, 0x3E, 0xBA, 0x34, 0x15, 0xC4, 0xA8, 0x5A, 0x10, 0x51, 0xB3, 0x0F, 0x72, 0x7D, 0x86,
    0x93, 0xDE, 0x1F, 0x38, 0xE9, 0x2D, 0x17, 0x73, 0x62, 0xF1, 0x1B, 0xC2, 0xB7, 0x0D, 0x85, 0x30,
    0xAF, 0xE7, 0x08, 0x6D, 0xBA, 0x9C, 0x8E, 0xB7, 0x10, 0x80, 0x9A, 0x8F, 0xF2, 0xE4, 0x23, 0xB7,
    0x7C, 0xFD, 0x7C, 0x51, 0xD7, 0xEB, 0x67, 0x81, 0x60, 0x32, 0x8A, 0x58, 0x06, 0x66, 0x82, 0xF9,
    0x0E, 0x0D, 0x38, 0xB7, 0x3B, 0x0E, 0xDC, 0x04, 0xDE, 0x21, 0x70, 0x8B, 0x60, 0x69, 0xC9, 0x83,
    0xE5, 0xE5, 0x74, 0xD4, 0x44, 0xD5, 0x7A, 0x37, 0x25, 0xE5, 0x46, 0xCB, 0xA9, 0x5D, 0xE0, 0xDA,
    0xCE, 0x93, 0x99, 0x16, 0x79, 0x73, 0x94, 0xD2, 0x5E, 0xB1, 0xFE, 0xA5, 0x3A, 0x34, 0x8D, 0xFA,
    0xAF, 0xAB, 0x2A, 0x46, 0xA7, 0x4C, 0x82, 0x42, 0xD5, 0x73, 0xC0, 0xFA, 0xC2, 0x63, 0xC3, 0x5A,
    0xA4, 0x6F, 0x27, 0x6F, 0x09, 0xD4, 0x6F, 0xC9, 0xF9, 0x6F, 0xCB, 0xD2, 0x7C, 0x47, 0x34, 0x56,
    0x22, 0x53, 0xBB, 0xF0, 0xC4, 0x4A, 0x60, 0xBC, 0x99, 0x23, 0xFE, 0x6C, 0x6B, 0xBD, 0x4F, 0xDA,
    0x8A, 0xB3, 0x79, 0x88, 0xA8, 0x7C, 0x8F, 0x75, 0x99, 0xD4, 0xF1, 0x36, 0x6B, 0x92, 0x6D, 0x2E,
    0x1A, 0x30, 0xDF, 0x88, 0x1E, 0xAC, 0x1E, 0x09, 0x2A, 0x41, 0x3D, 0x29, 0xE6, 0xFE, 0x3E, 0xCC,
    0x54, 0x03, 0x37, 0xAB, 0x9C, 0xBC, 0x95, 0x15, 0x43, 0x24, 0x78, 0x00, 0xEF, 0xEA, 0x97, 0x17,
    0xBE, 0xDF, 0xBA, 0xD4, 0xC8, 0x41, 0xDF, 0x89, 0x09, 0xC1, 0x9E, 0x20, 0x2C, 0x84, 0x60, 0x8F,
    0xE4, 0x5F, 0x20, 0x4E, 0x72, 0xEB, 0x16, 0x35, 0x2C, 0x4D, 0x8C, 0x16, 0x82, 0xDE, 0x5F, 0x1F,
    0x49, 0x3B, 0x44, 0x8B, 0xB4, 0x43, 0x38, 0xA6, 0x1D, 0x96, 0x2E, 0xF9, 0xF4, 0x07, 0xAB, 0x53,
    0x4F, 0xBD, 0xF1, 0x5C, 0x7D, 0xCB, 0x74, 0xAF, 0x16, 0x1E, 0x4F, 0x0B, 0xC0, 0x6A, 0x16, 0x8B,
    0x33, 0xE4, 0x33, 0x06, 0xEB, 0x3D, 0x64, 0x03, 0xEA, 0x16, 0xAE, 0x3B, 0x9D, 0xBA, 0x4B, 0xA3,
    0xC3, 0x7B, 0x55, 0x3F, 0x7C, 0x39, 0x98, 0x73, 0xB0, 0xF5, 0x34, 0xA1, 0xC1, 0x56, 0xC8, 0xB9,
    0x83, 0x80, 0x53, 0x7C, 0x1B, 0x86, 0x81, 0xE2, 0x93, 0xC0, 0x93, 0xDB, 0x88, 0x58, 0xC2, 0x63,
    0xA8, 0xD3, 0x2D, 0x12, 0xE2, 0x71, 0x9D, 0x74, 0x8C, 0x12, 0xAB, 0x08, 0xDE, 0xB1, 0x4B, 0xCB,
    0x70, 0x40, 0x26, 0x3D, 0x95, 0xB8, 0x15, 0xA5, 0x7E, 0x99, 0xB9, 0xFF, 0x85, 0x7D, 0x58, 0xFD,
    0xBA, 0x62, 0xB6, 0xBC, 0xF8, 0x77, 0x25, 0xF9, 0xAA, 0x1A, 0x69, 0x73, 0x4F, 0x52, 0x6F, 0x46,
    0x9C, 0x39, 0x66, 0xB1, 0xCD, 0x70, 0x95, 0x74, 0x75, 0xA0, 0x2D, 0x75, 0x25, 0x7C, 0x86, 0x03,
    0xB8, 0x56, 0x39, 0xB0, 0x28, 0xC5, 0x5A, 0x85, 0xDB, 0xD9, 0x73, 0x29, 0xE6, 0xCA, 0x54, 0x70,
    0xD0, 0x1D, 0x2B, 0x12, 0xA9, 0x1D, 0x03, 0x5E, 0x25, 0x26, 0xF4, 0x2F, 0xAB, 0x0C, 0x0D, 0x67,
    0xE5, 0x47, 0xA3, 0x87, 0x9D, 0x1F, 0xFD, 0x23, 0x64, 0xD0, 0x89, 0x57, 0xF0, 0xC9, 0xA1, 0x88,
    0x4F, 0x19, 0x85, 0xA9, 0xA6, 0x96, 0x8E, 0x27, 0xFF, 0xEC, 0x40, 0xE8, 0x1F, 0x33, 0x07, 0x97,
    0x2F, 0x6E, 0x05, 0x31, 0x3F, 0x19, 0x7F, 0x01, 0xB7, 0xDC, 0x8D, 0x3D, 0x37, 0xDB, 0xBD, 0x3F,
    0xE6, 0xF4, 0xAF, 0x06, 0x76, 0x81, 0xFC, 0x1D, 0x0B, 0x1F, 0x11, 0x4E, 0x31, 0x68, 0x18, 0xCD,
    0xED, 0xB8, 0xFC, 0xC3, 0x4F, 0xFE, 0x7F, 0x8D, 0x8F, 0x22, 0x34, 0x76, 0xCD, 0xE4, 0x27, 0xBA,
    0x66, 0x36, 0x47, 0xBA, 0x66, 0x1E, 0xAF, 0x84, 0x58, 0x2B, 0x56, 0xDA, 0x2F, 0x07, 0xEB, 0xA6,
    0x1F, 0x57, 0xC4, 0x1D, 0x0E, 0x5B, 0xDF, 0x09, 0xBB, 0xE3, 0x7F, 0xF4, 0x5D, 0xE1, 0xCB, 0x9B,
    0x2E, 0x6D, 0xB7, 0x45, 0xF5, 0x9E, 0x4B, 0xFE, 0xA7, 0x52, 0x03, 0x93, 0x7C, 0x03, 0x3B, 0x93,
    0x32, 0x7B, 0x23, 0xA1, 0xE4, 0x58, 0x0C, 0xAD, 0x60, 0xF8, 0x95, 0xE6, 0xBC, 0x86, 0xE1, 0x66,
    0x36, 0xC4, 0xD2, 0x21, 0xE3, 0xB0, 0xA2, 0x21, 0x59, 0x13, 0xCB, 0x81, 0x1E, 0xD7, 0x6E, 0x39,
    0x68, 0x52, 0x70, 0xF7, 0x22, 0x3E, 0xFA, 0x0E, 0x86, 0xAA, 0xB8, 0x7D, 0xAA, 0x74, 0x55, 0xFF,
    0x67, 0xE9, 0x8A, 0x16, 0xD2, 0xD5, 0x3C, 0x80, 0x74, 0xED, 0xCE, 0x90, 0xAE, 0x7F, 0x3A, 0x94,
    0xAE, 0xEC, 0xA4, 0x74, 0xF9, 0x43, 0xE9, 0x0A, 0xCF, 0x50, 0x50, 0x77, 0xC6, 0x0F, 0xD3, 0x76,
    0x8F, 0x31, 0xBF, 0x13, 0x8E, 0x1F, 0xE2, 0xC9, 0x0A, 0x4F, 0x16, 0x7B, 0x4C, 0x8E, 0x8C, 0x97,
    0x61, 0xAD, 0x14, 0xE2, 0x07, 0xE9, 0x0B, 0xBD, 0x16, 0xE0, 0x20, 0x7B, 0x10, 0x3D, 0x95, 0x3C,
    0x08, 0x1E, 0xE4, 0x0E, 0x62, 0x07, 0xA9, 0x83, 0xD0, 0x41, 0xE6, 0x20, 0x72, 0x90, 0x38, 0x08,
    0x9C, 0xCA, 0x5B, 0x99, 0x29, 0x97, 0xF3, 0x9A, 0x9D, 0x5F, 0x9E, 0xFC, 0x2D, 0x4E, 0x24, 0x43,
    0xF6, 0xD3, 0xA7, 0xF0, 0x81, 0xD4, 0xC3, 0x62, 0x1E, 0xE4, 0x0B, 0xF7, 0x40, 0x1D, 0xD7, 0x2E,
    0x58, 0x7F, 0xCD, 0xC2, 0x2E, 0xDC, 0x2C, 0x7F, 0x3B, 0x61, 0xAD, 0x4D, 0xBD, 0x31, 0xF5, 0x3B,
    0x35, 0x23, 0xC1, 0x60, 0x42, 0x9D, 0x95, 0xA2, 0x86, 0x97, 0x96, 0x33, 0xAD, 0x91, 0x35, 0x31,
    0x07, 0x24, 0x3D, 0xF2, 0x86, 0x7B, 0x60, 0x1A, 0x74, 0x4C, 0x14, 0x1B, 0xE4, 0x15, 0x8A, 0x4D,
    0xC1, 0x3D, 0x31, 0xD4, 0x55, 0x1C, 0x64, 0xD9, 0x60, 0x60, 0xAA, 0x74, 0xC0, 0x20, 0x17, 0xD4,
    0x00, 0x84, 0xED, 0xE7, 0x9A, 0xD6, 0x52, 0x9A, 0x44, 0x8C, 0x74, 0x2A, 0xA8, 0x00, 0x97, 0xD8,
    0x2C, 0x90, 0x7B, 0xDB, 0x66, 0xD7, 0xB9, 0x91, 0xAE, 0xA3, 0xC4, 0xA9, 0xB8, 0x26, 0xEA, 0xE3,
    0xC9, 0x3C, 0x36, 0x72, 0xA7, 0x54, 0x37, 0x3D, 0xC6, 0xAD, 0xA6, 0xC0, 0x3B, 0xF5, 0xB4, 0x7B,
    0xB9, 0x43, 0xD4, 0xE7, 0xEA, 0x79, 0x6B, 0xFB, 0x41, 0x8F, 0x04, 0xEB, 0x4A, 0xB3, 0xAB, 0x9A,
    0xF1, 0xDD, 0x6A, 0x9A, 0x48, 0x0F, 0xD9, 0x06, 0xDB, 0x0C, 0x0A, 0x6C, 0xF9, 0xD9, 0xC8, 0xEA,
    0x4A, 0x5B, 0x4D, 0xC3, 0x63, 0x12, 0xD7, 0x99, 0x1A, 0xBD, 0xED, 0x5E, 0xA5, 0xEC, 0x7C, 0xC6,
    0x2D, 0x96, 0x98, 0xCB, 0xCA, 0x5B, 0x26, 0xE2, 0xDB, 0xFA, 0xA5, 0x9E, 0x66, 0xF4, 0xC5, 0xCF,
    0xFA, 0xD4, 0x3A, 0xC4, 0xF0, 0xF7, 0x95, 0xBA, 0xE8, 0xC9, 0x91, 0x0D, 0xB4, 0x8F, 0x8E, 0x19,
    0xCE, 0x23, 0x03, 0x13, 0xF5, 0x08, 0x96, 0x92, 0x2D, 0x74, 0x58, 0x56, 0xA1, 0xFB, 0xE3, 0x1A,
    0xDB, 0x3E, 0xDA, 0xA8, 0x3E, 0x8F, 0xCC, 0x10, 0xC4, 0xF4, 0x47, 0x00, 0xCA, 0xE5, 0x95, 0x6A,
    0x8A, 0x9B, 0xDA, 0xE2, 0x11, 0xB4, 0x1A, 0x4A, 0x44, 0x75, 0x76, 0x8C, 0x29, 0xE4, 0x0A, 0xD9,
    0x02, 0xBE, 0x20, 0x1C, 0x65, 0xA5, 0x08, 0x3B, 0x56, 0xE4, 0x96, 0xE0, 0x8D, 0x03, 0x73, 0xD0,
    0x80, 0xDA, 0x5B, 0x31, 0x02, 0xFC, 0x41, 0x7D, 0x64, 0x8B, 0xAC, 0x2A, 0x8E, 0x4C, 0xDE, 0x73,
    0xAF, 0x88, 0xEE, 0xA8, 0x55, 0x2E, 0x91, 0x4D, 0xC6, 0xA7, 0x91, 0x51, 0xC1, 0xDA, 0xCA, 0xFF,
    0xD9, 0x58, 0xFE, 0xF7, 0xB7, 0x43, 0xD4, 0xAD, 0x6C, 0x53, 0xCD, 0x5D, 0xBB, 0xBD, 0x38, 0x56,
    0x6C, 0x7B, 0x95, 0xF5, 0x25, 0xB0, 0xC3, 0x7B, 0x54, 0xE0, 0xE3, 0x71, 0xE3, 0x1E, 0x74, 0x9F,
    0x82, 0xCF, 0xF2, 0x51, 0x3B, 0x66, 0x9A, 0xB7, 0xB8, 0x76, 0x8B, 0x9E, 0x21, 0x2D, 0x2A, 0x23,
    0xCF, 0xC9, 0x84, 0xF3, 0x66, 0xB1, 0x49, 0x6F, 0x6A, 0x70, 0x86, 0x43, 0x51, 0xD4, 0xA6, 0xE2,
    0xB1, 0x15, 0x67, 0xEF, 0x83, 0x42, 0xA4, 0xF7, 0xAD, 0xAC, 0x56, 0x93, 0x96, 0x6C, 0xA5, 0x10,
    0x73, 0x65, 0x3B, 0x7F, 0x0A, 0x65, 0x8D, 0xCE, 0x64, 0x00, 0x73, 0x48, 0x5F, 0x38, 0xD2, 0xA7,
    0x80, 0x6B, 0x10, 0xAB, 0x90, 0xAB, 0x21, 0x12, 0xD0, 0xFF, 0xB5, 0x97, 0xE9, 0x0A, 0xEC, 0xBE,
    0x89, 0x3B, 0x05, 0xDE, 0xD7, 0x51, 0xA7, 0xD0, 0xCB, 0x55, 0xB0, 0x2E, 0xBC, 0x10, 0xA7, 0xF0,
    0xEB, 0x56, 0x25, 0x32, 0x00, 0x52, 0x13, 0xF5, 0x09, 0x04, 0x25, 0x56, 0xF2, 0x94, 0x0D, 0xFE,
    0x9B, 0x45, 0xA1, 0xAA, 0x62, 0xCB, 0x95, 0x32, 0xA3, 0xA5, 0xA3, 0x50, 0x58, 0x05, 0x49, 0x2C,
    0x77, 0x20, 0x1C, 0x0A, 0x64, 0x5A, 0xB1, 0x32, 0xA5, 0xF3, 0xE5, 0x4A, 0xE7, 0xB7, 0x29, 0x74,
    0x7E, 0xC2, 0x98, 0x8B, 0xD6, 0xF8, 0x33, 0xEE, 0x03, 0xDC, 0xEE, 0xF5, 0x3D, 0x2F, 0xBD, 0x19,
    0x6B, 0x9D, 0x0A, 0x4B, 0x77, 0xC6, 0xBE, 0xB6, 0x2D, 0xF7, 0x53, 0x81, 0xF6, 0x12, 0x8B, 0x85,
    0x45, 0x23, 0x45, 0xD8, 0x9A, 0x7A, 0x74, 0x21, 0x0D, 0xF8, 0x43, 0xC0, 0x12, 0x64, 0x48, 0xF8,
    0xE6, 0x2D, 0x55, 0x10, 0x9D, 0x0E, 0x3B, 0xC1, 0xC7, 0x56, 0x6D, 0x2E, 0xCF, 0x74, 0x6B, 0xF5,
    0x42, 0x0C, 0xB2, 0xFE, 0xDA, 0x39, 0xDF, 0x9E, 0x23, 0x4F, 0xAB, 0xDB, 0x8E, 0x61, 0x0A, 0xAB,
    0x80, 0x9B, 0xC2, 0x78, 0xF3, 0x52, 0xB3, 0x20, 0x9A, 0x61, 0x5F, 0x6D, 0x74, 0xA3, 0xBB, 0x36,
    0xB2, 0x8B, 0x30, 0xBA, 0x8B, 0xFD, 0x98, 0x8F, 0x80, 0x71, 0x65, 0x7D, 0xA1, 0x1E, 0xB3, 0xB6,
    0x9F, 0x2D, 0x69, 0x2C, 0x06, 0x5D, 0xA9, 0xBB, 0xD4, 0x57, 0xE1, 0xEE, 0xB2, 0x00, 0xDC, 0x7F,
    0x9A, 0x57, 0x6E, 0x57, 0xBF, 0xCC, 0xAE, 0x56, 0xDC, 0x0C, 0x37, 0x8E, 0x8E, 0x94, 0x2C, 0x0E,
    0x6B, 0x21, 0xF5, 0x29, 0xB5, 0x90, 0xE2, 0x3C, 0xA0, 0x79, 0xAC, 0x54, 0x61, 0x95, 0x0A, 0x2B,
    0x54, 0x5C, 0xDA, 0x2B, 0x53, 0x7C, 0xB6, 0x2C, 0x52, 0xF8, 0x4E, 0x6C, 0x89, 0x6F, 0xC5, 0x9B,
    0x49, 0xDA, 0x66, 0x70, 0xD1, 0xEF, 0xEA, 0xFB, 0x2E, 0xFA, 0x4A, 0xF4, 0x01, 0x42, 0x06, 0x00,
    0x01, 0x63, 0x93, 0xCE, 0xB5, 0xE3, 0xCD, 0x59, 0x60, 0x1E, 0x29, 0x2C, 0x1D, 0x44, 0xAB, 0x08,
    0xBF, 0x50, 0x93, 0x47, 0xFA, 0x05, 0x9B, 0x19, 0xB3, 0xA9, 0x23, 0xF0, 0xF9, 0x29, 0x4A, 0x85,
    0x73, 0xCA, 0xC8, 0x44, 0x4E, 0xDF, 0x2D, 0x76, 0x32, 0x38, 0xDB, 0xFC, 0x65, 0x5D, 0x25, 0x7F,
    0x79, 0xCE, 0x96, 0x47, 0xA3, 0x4E, 0xF3, 0x1D, 0x2D, 0x85, 0x5D, 0xD3, 0x3E, 0x68, 0xC4, 0x77,
    0x88, 0x76, 0x92, 0xED, 0x63, 0x59, 0x1E, 0x53, 0x2E, 0xCD, 0x2F, 0xCA, 0x9A, 0xED, 0x9C, 0x3F,
    0xA3, 0x90, 0x5D, 0x39, 0x64, 0xC2, 0x4B, 0xAA, 0xE7, 0x02, 0x34, 0x6B, 0x25, 0x9D, 0x36, 0x6F,
    0x6A, 0x6C, 0x55, 0x8D, 0x9B, 0x1B, 0x4B, 0x15, 0xCA, 0xD5, 0xA2, 0x56, 0xBE, 0x5A, 0xEC, 0x9B,
    0xC8, 0x99, 0x72, 0x1A, 0xE8, 0x7D, 0x6E, 0xE6, 0x1A, 0x32, 0xA3, 0x91, 0xD0, 0xB6, 0x74, 0x34,
    0xD6, 0x39, 0x7C, 0x01, 0x16, 0xE9, 0x0A, 0x8C, 0xF9, 0x3D, 0x18, 0xAD, 0xFB, 0xA0, 0x71, 0x3D,
    0xF6, 0xB8, 0x0A, 0x59, 0x79, 0xAB, 0x53, 0xB0, 0x3D, 0xB1, 0xD7, 0x6D, 0x0F, 0x0C, 0xFD, 0x87,
    0x7A, 0x14, 0xDB, 0x7E, 0xDA, 0x60, 0xB5, 0xA7, 0x71, 0x43, 0x65, 0x75, 0x8E, 0x76, 0xA1, 0xB7,
    0xBC, 0x9E, 0x55, 0x94, 0x61, 0xC7, 0x43, 0xAE, 0xB2, 0xF2, 0x33, 0x4B, 0xAA, 0xB2, 0x36, 0x4D,
    0xE9, 0xA8, 0xC6, 0xCD, 0xC9, 0x99, 0x59, 0xD0, 0x0B, 0x7A, 0xE6, 0x1B, 0x6A, 0x7A, 0xAF, 0xB9,
    0x40, 0x7E, 0xAD, 0x2B, 0x20, 0xD7, 0x78, 0x2D, 0x55, 0xE7, 0x20, 0x58, 0xB7, 0x8B, 0xCE, 0x5D,
    0x64, 0x5E, 0x03, 0x34, 0xDE, 0x45, 0x5B, 0x34, 0xAC, 0x56, 0x1F, 0x22, 0x1A, 0x4B, 0x8F, 0x3A,
    0x54, 0x23, 0xD0, 0xBB, 0x53, 0x80, 0xCE, 0x4B, 0x25, 0xEF, 0x85, 0x87, 0x00, 0x34, 0x4D, 0xFF,
    0xEB, 0x00, 0xFA, 0xC3, 0x13, 0x40, 0xAF, 0x4E, 0x05, 0x9A, 0xEE, 0x5A, 0x67, 0x57, 0x0F, 0xBA,
    0x9B, 0x1A, 0xF4, 0xC9, 0x9A, 0x7F, 0x6E, 0x59, 0xD6, 0x9A, 0x80, 0xD6, 0x76, 0x93, 0x72, 0x06,
    0x3A, 0xD7, 0xC3, 0xCB, 0xB4, 0x17, 0x0F, 0x00, 0xF4, 0xB3, 0x7A, 0xE6, 0xD5, 0x23, 0x40, 0x27,
    0x0B, 0xA0, 0x9F, 0x78, 0xC8, 0xE8, 0x3E, 0x33, 0xF5, 0x7A, 0x71, 0xB7, 0x68, 0xAE, 0x5E, 0xCD,
    0x85, 0xAD, 0x80, 0xBD, 0x9A, 0xAD, 0xB3, 0x46, 0x9D, 0x47, 0x08, 0xE0, 0x73, 0xD3, 0x26, 0x0D,
    0x90, 0x08, 0x6D, 0x10, 0x4E, 0xED, 0x08, 0xC8, 0xEC, 0x2B, 0x0E, 0xE9, 0x6E, 0xB4, 0x38, 0x9A,
    0xCB, 0xB8, 0x8A, 0x33, 0xF2, 0x77, 0x37, 0xD3, 0x86, 0x27, 0x26, 0xAA, 0xE2, 0xFE, 0xE9, 0x14,
    0x6B, 0x89, 0xCC, 0xC4, 0x94, 0x76, 0x9A, 0xBE, 0xF8, 0xB0, 0x18, 0x3B, 0x23, 0x20, 0xE5, 0x69,
    0xE3, 0x1E, 0x83, 0x58, 0x63, 0xE3, 0xDE, 0x2E, 0xE5, 0x71, 0x13, 0xB7, 0x41, 0x9F, 0x29, 0x15,
    0x77, 0x2F, 0x29, 0x15, 0x37, 0xAE, 0xE8, 0xAC, 0xEE, 0xBC, 0xA6, 0x91, 0xC6, 0x9F, 0x8F, 0x65,
    0xC8, 0x07, 0xE9, 0x65, 0x39, 0xBB, 0x79, 0xA6, 0x3B, 0xAB, 0xCE, 0x98, 0xEB, 0xF1, 0x47, 0x7E,
    0x60, 0x81, 0xAA, 0x1E, 0xE5, 0xC6, 0xFA, 0x0A, 0xA8, 0xEB, 0xB8, 0xCD, 0x92, 0x0F, 0x00, 0x8A,
    0xE6, 0x56, 0x22, 0x3E, 0xE7, 0x67, 0x94, 0x9F, 0x57, 0x98, 0x36, 0xD2, 0x18, 0x58, 0xCD, 0xE2,
    0xF5, 0x06, 0xE9, 0x08, 0xF4, 0x04, 0xE5, 0x07, 0xF5, 0xD7, 0x23, 0xF5, 0xB6, 0xF0, 0xA0, 0x0A,
    0x89, 0xF7, 0xD6, 0xC6, 0xE1, 0xAF, 0x5C, 0x00, 0xD6, 0x6C, 0x98, 0x57, 0xDE, 0x59, 0xC1, 0x48,
    0xCD, 0x61, 0x6A, 0x55, 0x29, 0x7D, 0xEC, 0x81, 0x3A, 0x08, 0x5F, 0x70, 0x23, 0x43, 0x80, 0xA9,
    0x20, 0x9F, 0x8E, 0x9E, 0x06, 0x77, 0x1F, 0xD3, 0x44, 0x00, 0x60, 0xCF, 0x0E, 0xF9, 0xC9, 0x7E,
    0xE3, 0xC1, 0x03, 0x72, 0x66, 0xE3, 0xFE, 0xEC, 0x21, 0x73, 0xC6, 0x78, 0x72, 0x82, 0x33, 0xE8,
    0xA0, 0xCA, 0xD0, 0x4D, 0x95, 0x8D, 0xCD, 0xB9, 0xF7, 0x69, 0x01, 0x25, 0x7E, 0x0F, 0xA2, 0x8D,
    0x4B, 0x45, 0x33, 0x67, 0x17, 0xA1, 0x69, 0x2E, 0x0E, 0xD8, 0xF3, 0x28, 0x7E, 0xCA, 0xB0, 0x5F,
    0xCD, 0x3D, 0x56, 0xC8, 0xDB, 0xCC, 0xFD, 0xDF, 0xCB, 0xBA, 0x65, 0x61, 0x2E, 0x45, 0x51, 0xBF,
    0x27, 0x77, 0x6C, 0x5C, 0x3C, 0x9C, 0x8E, 0xCA, 0x1B, 0x0B, 0x54, 0x5E, 0xD0, 0x2B, 0x3E, 0x7F,
    0x36, 0x2A, 0x29, 0x9A, 0xD4, 0x53, 0x73, 0xF6, 0x1E, 0x2A, 0x2A, 0xE1, 0x86, 0xAA, 0x58, 0x99,
    0x9D, 0x57, 0xE8, 0x15, 0x95, 0xFB, 0xD4, 0x28, 0xB7, 0x9E, 0xD2, 0x12, 0xBD, 0x42, 0x23, 0x3B,
    0x9F, 0x0F, 0x92, 0x1C, 0xA0, 0x83, 0x77, 0x6D, 0xE3, 0xF6, 0x05, 0x51, 0x27, 0xDD, 0xD8, 0x7F,
    0xBA, 0x43, 0x82, 0x2B, 0xF5, 0xA5, 0x6E, 0x08, 0x7C, 0x3D, 0x6B, 0x74, 0x42, 0x97, 0x63, 0x4C,
    0xE2, 0x95, 0x71, 0x5F, 0xCD, 0x89, 0x97, 0x72, 0x45, 0x1C, 0x13, 0x1D, 0x0A, 0x2F, 0x3A, 0xB2,
    0x86, 0x26, 0xF1, 0x4C, 0xCF, 0x0E, 0x48, 0xBA, 0x02, 0x03, 0x86, 0xD0, 0x01, 0x43, 0xFD, 0x10,
    0x19, 0x79, 0x0D, 0x2E, 0x51, 0x36, 0xDD, 0xD0, 0xBB, 0xAD, 0xF9, 0x44, 0x90, 0x9A, 0x4F, 0xD0,
    0x60, 0xFF, 0x56, 0x0A, 0x9D, 0xAB, 0x5E, 0x07, 0x12, 0xE5, 0x44, 0x3E, 0xE3, 0x70, 0x89, 0x1C,
    0xB8, 0x4A, 0x16, 0x5C, 0xE1, 0xF0, 0x01, 0x07, 0x6E, 0x1C, 0x0A, 0x58, 0x3B, 0x51, 0xF5, 0x98,
    0x76, 0xEE, 0x7A, 0x39, 0x6D, 0xEC, 0x96, 0x29, 0xDF, 0xA6, 0x5E, 0xAC, 0x6E, 0x30, 0x69, 0x70,
    0xF9, 0xA2, 0x3F, 0xEC, 0xD4, 0x59, 0xEF, 0x64, 0x96, 0x02, 0x63, 0xD4, 0x8A, 0x79, 0x88, 0x35,
    0x9B, 0xCB, 0x94, 0xEE, 0x16, 0x7D, 0x8D, 0x68, 0x6B, 0x4C, 0xB4, 0x5D, 0x3F, 0x55, 0x15, 0xA0,
    0x29, 0xDD, 0x5A, 0x8B, 0x07, 0x95, 0xA6, 0x74, 0xCB, 0x65, 0x4A, 0x37, 0xF4, 0xFA, 0xE8, 0x93,
    0x41, 0xF4, 0xC2, 0x8F, 0xE5, 0x50, 0xBE, 0x29, 0x3E, 0xF3, 0x2F, 0x1B, 0xFF, 0x4C, 0xEE, 0xAB,
    0xF5, 0x2E, 0xF9, 0x1A, 0x4A, 0x88, 0xBB, 0x29, 0x34, 0x99, 0x70, 0x2E, 0x61, 0x3E, 0xAD, 0x05,
    0xFF, 0x11, 0x22, 0xFC, 0x2C, 0x73, 0x18, 0x29, 0x1D, 0x6B, 0xDB, 0x9D, 0x1E, 0x73, 0x96, 0x63,
    0x66, 0x6D, 0x6C, 0x0F, 0x3D, 0x67, 0xE8, 0x73, 0x4B, 0xC0, 0x46, 0x14, 0x08, 0xF7, 0x99, 0x9D,
    0xF2, 0xDC, 0x8C, 0x47, 0xC8, 0x0C, 0x33, 0xBC, 0x01, 0x8B, 0x2B, 0x51, 0x73, 0x8D, 0x56, 0x2D,
    0x5D, 0x0E, 0xFC, 0xA3, 0x9D, 0x32, 0xEE, 0x27, 0x3C, 0x6F, 0xAC, 0x61, 0x5B, 0x2F, 0x22, 0x92,
    0x36, 0x57, 0x5D, 0x9F, 0xEA, 0x74, 0x52, 0xFB, 0x84, 0xBF, 0xD1, 0x6D, 0xCC, 0x9A, 0xC7, 0xC4,
    0xA9, 0xA2, 0x66, 0xFF, 0xF4, 0xDB, 0x70, 0x12, 0x77, 0xB0, 0x55, 0xD1, 0x36, 0xE3, 0x2E, 0x86,
    0x6B, 0xCC, 0xEC, 0xB4, 0xE7, 0x93, 0x37, 0xE9, 0x16, 0x3B, 0x55, 0x37, 0x78, 0xC2, 0xD4, 0x5B,
    0x3D, 0xFA, 0xC3, 0xE1, 0x77, 0x69, 0xBE, 0x28, 0xAE, 0xDE, 0x38, 0xB2, 0x7C, 0x1C, 0xB8, 0xE2,
    0xC0, 0x16, 0x07, 0xBE, 0x8C, 0xF9, 0xF5, 0xFD, 0x56, 0xF8, 0x0C, 0xA5, 0xE7, 0x9C, 0xA5, 0x67,
    0x3E, 0xC3, 0x12, 0xA5, 0xE7, 0x55, 0xC9, 0x62, 0x20, 0x39, 0x44, 0x16, 0x91, 0x47, 0x64, 0x12,
    0xB9, 0x44, 0x36, 0x39, 0xF0, 0xC9, 0x91, 0x51, 0x4F, 0x37, 0xD4, 0xC1, 0x9D, 0x65, 0x2F, 0x14,
    0x7B, 0x68, 0xA7, 0x8D, 0xAF, 0x6E, 0x11, 0x74, 0x8E, 0x9B, 0x1B, 0x72, 0x7B, 0x76, 0xCA, 0xF0,
    0xA8, 0x97, 0xC3, 0xBD, 0x69, 0x33, 0x4F, 0x3D, 0xCE, 0x34, 0x9F, 0x0E, 0xD9, 0x66, 0x0C, 0x1B,
    0xC2, 0xBD, 0xA7, 0x1E, 0x20, 0x04, 0x9C, 0x13, 0x83, 0xA3, 0x9F, 0x91, 0xFF, 0xDD, 0x68, 0x0F,
    0xEF, 0x8F, 0xF5, 0xE7, 0xA0, 0xB5, 0x6D, 0xC8, 0x2E, 0x28, 0xD5, 0x13, 0x3F, 0xFA, 0x5A, 0x29,
    0xAD, 0x42, 0x95, 0xEF, 0xD7, 0x1E, 0x22, 0x26, 0x9F, 0x92, 0xA9, 0x74, 0xA5, 0x8C, 0xD5, 0xA8,
    0xE7, 0x26, 0x4B, 0x15, 0x5B, 0x95, 0x00, 0xEC, 0x4E, 0x69, 0x95, 0x1D, 0x68, 0x08, 0x68, 0x95,
    0x23, 0xF2, 0x29, 0xF8, 0xAA, 0x55, 0xAE, 0x8B, 0xE3, 0x17, 0xFD, 0x5B, 0x8B, 0x67, 0xD4, 0xEC,
    0x5C, 0xFC, 0x79, 0xA7, 0xDC, 0xD6, 0xA2, 0xDB, 0x47, 0x9A, 0x5C, 0x52, 0x39, 0xCA, 0x04, 0xCD,
    0xAB, 0x70, 0x35, 0xAF, 0x45, 0x68, 0xAA, 0x96, 0x4F, 0x1F, 0xC8, 0xA7, 0x16, 0xBE, 0x6E, 0x17,
    0xA1, 0xC5, 0xDA, 0x79, 0x7D, 0xDE, 0x2C, 0x0A, 0xFC, 0x3E, 0x6C, 0xC2, 0x1E, 0xC1, 0x89, 0x8F,
    0xEA, 0xB0, 0x4F, 0xD1, 0x7F, 0x9F, 0x54, 0x41, 0x0F, 0xA3, 0xBB, 0x4E, 0xE5, 0xEA, 0x68, 0x2C,
    0x58, 0x5F, 0x92, 0x4F, 0xE8, 0xEA, 0x5E, 0x89, 0xD8, 0xEC, 0xD8, 0xF2, 0x27, 0xA2, 0x30, 0x6C,
    0xC7, 0x14, 0x94, 0x3D, 0x8D, 0xA2, 0x19, 0x13, 0xAD, 0xF6, 0xE0, 0x34, 0x13, 0x84, 0x09, 0x53,
    0x6B, 0xAF, 0xB3, 0xA0, 0xDA, 0xC5, 0x36, 0x66, 0x1F, 0x51, 0x6B, 0x7E, 0x68, 0xFB, 0xC0, 0x1B,
    0x77, 0xF9, 0x88, 0x92, 0xC2, 0x46, 0xA2, 0xAC, 0xD4, 0xAA, 0x8D, 0xF6, 0x61, 0xE8, 0x13, 0xDC,
    0x5A, 0xCD, 0x9C, 0x76, 0xFA, 0x8C, 0xE0, 0x54, 0x47, 0x09, 0xA8, 0x13, 0x1D, 0xAF, 0xC9, 0x58,
    0x49, 0xC8, 0xFC, 0x0F, 0x0A, 0x91, 0x8C, 0xBF, 0x93, 0x53, 0x5C, 0xD8, 0x85, 0xFF, 0xA1, 0x69,
    0xB5, 0xB0, 0x8B, 0x7E, 0xD5, 0x8B, 0xF8, 0x87, 0x5D, 0x7C, 0xAB, 0x97, 0xA8, 0x3C, 0xEC, 0x52,
    0xF1, 0xC7, 0x05, 0xE7, 0xEE, 0xE5, 0x40, 0x61, 0x09, 0xBB, 0x2B, 0x41, 0x1F, 0x57, 0x32, 0xDE,
    0x08, 0x7A, 0xD5, 0xF0, 0xDD, 0x36, 0xE8, 0x45, 0x87, 0x84, 0x5F, 0x37, 0x41, 0x7F, 0x43, 0x13,
    0xCB, 0xB5, 0xDB, 0xD9, 0x96, 0x00, 0x3E, 0xB7, 0x92, 0xCF, 0xC9, 0x09, 0x87, 0x99, 0x50, 0xCB,
    0x09, 0x32, 0xCF, 0x60, 0x90, 0x58, 0x72, 0x21, 0xF9, 0x4F, 0xC6, 0xBB, 0x6F, 0xB5, 0x7C, 0xA8,
    0xC3, 0x07, 0xCC, 0xAF, 0xBF, 0x78, 0x52, 0x27, 0xEF, 0x02, 0xDD, 0x83, 0xEF, 0x7B, 0x71, 0x06,
    0x2A, 0x15, 0x4B, 0x21, 0x58, 0xEF, 0xA1, 0xFD, 0x4E, 0x9E, 0xB9, 0x70, 0xCF, 0x56, 0x10, 0xB9,
    0xCD, 0x07, 0xC4, 0xBC, 0x65, 0xFD, 0x93, 0x3B, 0xB6, 0x12, 0x6E, 0x5E, 0xCB, 0x18, 0xC0, 0x5C,
    0x61, 0x49, 0x92, 0xC1, 0xF3, 0x37, 0xCD, 0x92, 0x0D, 0x0F, 0xF0, 0xB4, 0xA5, 0x6E, 0xF9, 0x04,
    0x81, 0x78, 0xFF, 0x09, 0x02, 0x9D, 0xA5, 0xD1, 0x1B, 0x0E, 0x9B, 0xBD, 0x3C, 0xB0, 0x49, 0x86,
    0xED, 0x6C, 0x48, 0xFF, 0xA5, 0xA5, 0xAA, 0xB8, 0xCB, 0x54, 0xCF, 0xEB, 0x87, 0x54, 0xEB, 0x94,
    0x64, 0xB1, 0x46, 0xDE, 0x9E, 0x64, 0xD0, 0x20, 0xF3, 0x62, 0x8F, 0xE7, 0xD3, 0x26, 0xDC, 0x06,
    0xC1, 0x98, 0x2A, 0x20, 0xDD, 0x83, 0xC7, 0xDA, 0x6C, 0xCA, 0xFD, 0x5D, 0x8A, 0x88, 0xCC, 0x3E,
    0x23, 0x2D, 0xD7, 0x48, 0xD9, 0x15, 0x46, 0xC2, 0x77, 0xB8, 0x67, 0x82, 0xA1, 0xDB, 0x2D, 0xEE,
    0x06, 0xFA, 0x9C, 0x2D, 0x63, 0xBF, 0x2E, 0xD9, 0x03, 0xB6, 0xEC, 0x14, 0x1A, 0x9F, 0x0C, 0x66,
    0x8F, 0x1A, 0x20, 0x25, 0x69, 0x79, 0xB2, 0xEC, 0x66, 0x7D, 0x46, 0x0C, 0x39, 0xA9, 0x4C, 0x0A,
    0x3A, 0xA9, 0xF9, 0xF8, 0xD0, 0x83, 0x9C, 0xC4, 0x16, 0xD5, 0xC0, 0x20, 0x74, 0xA0, 0x2D, 0xFE,
    0x96, 0x47, 0x76, 0x3C, 0xFD, 0xEC, 0xDF, 0x2C, 0x97, 0x00, 0x2F, 0x1E, 0x76, 0x7B, 0x8F, 0xF3,
    0x28, 0x4F, 0x6B, 0xA3, 0xB5, 0xA7, 0x4B, 0xA5, 0x6C, 0x0A, 0xCE, 0xF8, 0x8C, 0x0B, 0x21, 0x35,
    0x61, 0xA7, 0x93, 0x6A, 0xCD, 0x2B, 0xDC, 0x7B, 0xFC, 0xEA, 0xA8, 0x66, 0x22, 0x7B, 0x94, 0x9E,
    0x79, 0xA1, 0x9C, 0xDB, 0xCA, 0x08, 0xDC, 0x3B, 0xA3, 0xFB, 0xEE, 0x67, 0xDC, 0xC6, 0x19, 0x12,
    0xE0, 0xEB, 0x19, 0x6A, 0x77, 0x3B, 0x08, 0x85, 0x9E, 0xA1, 0xC6, 0xE9, 0xF0, 0x49, 0x61, 0x73,
    0xA9, 0x40, 0xE3, 0x7E, 0xB4, 0x1B, 0x42, 0xDD, 0x5E, 0x3C, 0x68, 0x90, 0x13, 0x41, 0x29, 0x34,
    0x1D, 0x71, 0x55, 0xBD, 0x46, 0x54, 0xD5, 0x3F, 0xD5, 0xFB, 0xBC, 0xC7, 0x67, 0x0D, 0xF7, 0xD3,
    0x95, 0xC6, 0x36, 0x22, 0x6E, 0x00, 0xEB, 0xDD, 0xDE, 0x53, 0x9F, 0x6B, 0xA7, 0x65, 0xA2, 0x50,
    0x77, 0xC0, 0x44, 0x35, 0xD6, 0x84, 0xFC, 0x28, 0xAF, 0xB4, 0xDC, 0x5D, 0x16, 0x7C, 0x6A, 0x38,
    0xEB, 0x66, 0xF3, 0x43, 0x3E, 0xF6, 0x1E, 0xF9, 0x91, 0x56, 0x67, 0x0B, 0xE2, 0x53, 0xCE, 0x0C,
    0x3E, 0x0C, 0xBB, 0x1B, 0x01, 0xC5, 0xA7, 0xF0, 0x64, 0x77, 0xD2, 0x23, 0x64, 0xC6, 0x65, 0x3C,
    0xE1, 0x4E, 0x34, 0x00, 0xB3, 0xCC, 0x7F, 0xB3, 0x5D, 0xB4, 0xA0, 0xC6, 0x7B, 0xB4, 0x07, 0x9F,
    0x9C, 0x33, 0x66, 0x88, 0x93, 0xD1, 0x38, 0xEE, 0x77, 0x17, 0x05, 0xCA, 0xC7, 0xD2, 0x9D, 0x9E,
    0x09, 0x25, 0x53, 0xC8, 0x15, 0xB2, 0x85, 0x7C, 0x21, 0x63, 0x8C, 0x33, 0xE3, 0xD3, 0xA9, 0x17,
    0x0F, 0x14, 0x5E, 0xCD, 0xBB, 0x49, 0x97, 0x3B, 0x2A, 0x19, 0x99, 0x81, 0x45, 0xE0, 0x11, 0xDC,
    0xA9, 0xDA, 0xCC, 0x08, 0xD8, 0x84, 0x1E, 0x91, 0xD2, 0x8D, 0x8C, 0xA2, 0x2B, 0x06, 0x1F, 0x98,
    0xBB, 0x3D, 0xD6, 0xCC, 0x2B, 0x16, 0x54, 0xE7, 0xD7, 0xE8, 0xED, 0x3E, 0xBF, 0x68, 0x42, 0x1C,
    0x4E, 0xD7, 0xA4, 0xE1, 0x9E, 0x26, 0x3D, 0x78, 0xE2, 0xFE, 0x83, 0x3F, 0xB6, 0xB0, 0x5A, 0x0E,
    0xD6, 0x71, 0xBB, 0xDA, 0x6B, 0x84, 0xB4, 0x39, 0xF0, 0xE6, 0x41, 0x7F, 0x86, 0x36, 0xDF, 0xBB,
    0xAB, 0xDD, 0xC7, 0x2A, 0x23, 0xC3, 0x52, 0x51, 0xFC, 0x2F, 0xED, 0x5C, 0x3D, 0xAF, 0xE4, 0x56,
    0x72, 0xBD, 0x24, 0x2D, 0x11, 0x12, 0x0D, 0x50, 0x81, 0x83, 0xC5, 0xCA, 0x12, 0x13, 0x07, 0x0B,
    0x63, 0x35, 0x4C, 0x1C, 0x28, 0x98, 0x37, 0xA4, 0x6C, 0xC0, 0x1B, 0x6C, 0xEA, 0xC8, 0x89, 0x37,
    0x70, 0xE2, 0xE8, 0x25, 0x0A, 0x14, 0xCC, 0x0C, 0xA9, 0x4D, 0x1C, 0x38, 0x99, 0x9F, 0x30, 0x81,
    0x23, 0x3B, 0xD9, 0x40, 0x80, 0xC7, 0xF0, 0xCC, 0x90, 0xAB, 0x0D, 0x1D, 0x98, 0x86, 0x7F, 0x80,
    0x1B, 0x5E, 0x01, 0xB2, 0x23, 0x71, 0x81, 0xD6, 0x6E, 0x6B, 0xD5, 0xDD, 0x74, 0xD5, 0x39, 0x75,
    0x2F, 0x6F, 0xBF, 0x0F, 0x8D, 0x04, 0x5B, 0x9A, 0xD1, 0xD3, 0x3E, 0xCC, 0x34, 0xD9, 0xEF, 0xF1,
    0xE3, 0xDE, 0xAA, 0xBA, 0xF5, 0x71, 0xEA, 0x90, 0xCE, 0xE9, 0x4F, 0x36, 0x63, 0xE3, 0x8A, 0x9D,
    0x73, 0xC9, 0xF0, 0x19, 0xB6, 0xD5, 0xB2, 0x6C, 0xB2, 0xAD, 0x73, 0xCB, 0x83, 0x62, 0x9F, 0xCE,
    0x2E, 0xDB, 0xBB, 0xE4, 0x98, 0x4D, 0xAE, 0x94, 0x43, 0x87, 0xBF, 0x6A, 0x5D, 0x33, 0x3A, 0xD7,
    0xC8, 0x61, 0x43, 0xEB, 0x74, 0x3F, 0x39, 0xCA, 0xE9, 0xF5, 0xA4, 0x87, 0xC9, 0xA9, 0x1B, 0x97,
    0xDB, 0xB6, 0xDC, 0xEA, 0xEF, 0x37, 0x38, 0x4D, 0xB7, 0x95, 0x6E, 0x9B, 0x49, 0x77, 0xB1, 0x95,
    0x7F, 0x38, 0x5F, 0x2F, 0xE7, 0x3A, 0xDB, 0x2E, 0xAD, 0x6D, 0xF1, 0x27, 0x97, 0x1E, 0xB9, 0xD5,
    0x6B, 0xCB, 0x2D, 0x5C, 0x21, 0xD7, 0x2C, 0x37, 0xB8, 0xBC, 0x2B, 0x66, 0x9C, 0x86, 0xE1, 0x2D,
    0x0E, 0xE7, 0x56, 0x3B, 0xDD, 0xD6, 0xCB, 0xA2, 0x97, 0x70, 0xE9, 0xB2, 0x73, 0xFE, 0xE7, 0x0F,
    0xB8, 0xC1, 0x71, 0x76, 0x38, 0xBF, 0x75, 0x3B, 0xD7, 0xC9, 0xB5, 0x96, 0xA5, 0xBD, 0xA7, 0xA3,
    0xAA, 0x27, 0x9D, 0xB7, 0x2B, 0x7F, 0x33, 0xB9, 0x74, 0xEF, 0x72, 0xB9, 0x7D, 0xBE, 0x75, 0x99,
    0x5C, 0xA7, 0x84, 0x1C, 0xF4, 0xC6, 0x36, 0x16, 0xDD, 0xC8, 0xD0, 0x6C, 0x93, 0xCB, 0x21, 0x5D,
    0xAF, 0x07, 0xEB, 0x06, 0x43, 0xEB, 0x31, 0x73, 0xD9, 0x54, 0x32, 0xF0, 0xA6, 0xA7, 0xD8, 0x46,
    0xBD, 0x9B, 0x9C, 0x9E, 0x1C, 0x64, 0x53, 0x6E, 0x75, 0x3E, 0x2E, 0xB3, 0xF1, 0x9E, 0x7F, 0x16,
    0x86, 0xEB, 0xAA, 0x9E, 0xDB, 0x66, 0x6C, 0x96, 0xC5, 0xD5, 0xFB, 0x66, 0xD2, 0x6D, 0xB3, 0xAF,
    0xC6, 0x44, 0x0E, 0x4E, 0xF6, 0x65, 0x8F, 0xD1, 0x3F, 0xAA, 0x9C, 0x53, 0xF1, 0x6F, 0xEF, 0x3A,
    0x5C, 0x71, 0x79, 0xA0, 0xC3, 0x76, 0xC9, 0x96, 0x22, 0x4B, 0x45, 0x4C, 0x3A, 0xF8, 0x74, 0xC2,
    0x3C, 0x5C, 0x66, 0x22, 0xCC, 0x46, 0x8A, 0x2F, 0x1F, 0x31, 0x31, 0x57, 0xF4, 0x14, 0x6B, 0x29,
    0x1A, 0xD5, 0xD1, 0x96, 0x3A, 0xC6, 0x91, 0x5B, 0x1D, 0x76, 0x65, 0xDB, 0x5B, 0x0E, 0x33, 0x71,
    0x67, 0x2A, 0x38, 0x39, 0xF6, 0xB6, 0x6D, 0xEF, 0xDA, 0x76, 0xCB, 0xBF, 0x27, 0x33, 0x8F, 0xCF,
    0x55, 0xC3, 0xE5, 0xCE, 0x9D, 0xB7, 0x9C, 0xE5, 0xC1, 0x51, 0x3D, 0x0F, 0xC2, 0x34, 0x5F, 0xB2,
    0x59, 0x72, 0xB6, 0xDD, 0x68, 0x73, 0x1E, 0x0E, 0x32, 0xEC, 0xAA, 0x5F, 0xF6, 0x2E, 0xDB, 0x56,
    0x6A, 0x50, 0xF9, 0x7C, 0xA6, 0x13, 0x29, 0x7E, 0x05, 0x65, 0x94, 0x4B, 0x2F, 0x7F, 0xC0, 0x88,
    0xF3, 0xD9, 0x95, 0x13, 0x26, 0x53, 0x8D, 0x98, 0x03, 0x86, 0x3D, 0x71, 0xD4, 0x23, 0x2E, 0x2C,
    0x1B, 0x1D, 0x9B, 0xFC, 0x61, 0xE0, 0xAD, 0x54, 0x70, 0x4D, 0x9B, 0x42, 0xFB, 0xAD, 0xAA, 0x58,
    0x74, 0xF2, 0xFB, 0xD8, 0xB4, 0x7F, 0xA2, 0x9B, 0xE6, 0xFD, 0xCD, 0xF2, 0x92, 0x8E, 0xB3, 0x97,
    0x71, 0xB8, 0xE2, 0x33, 0x5A, 0x6C, 0xF8, 0xF9, 0xC0, 0xBD, 0xB5, 0x7E, 0x39, 0x53, 0x51, 0xFB,
    0x9F, 0xBA, 0x88, 0x0E, 0xAC, 0x96, 0x7E, 0xFD, 0x52, 0x2E, 0xD1, 0x05, 0xB0, 0x40, 0xFC, 0x4F,
    0xFA, 0xF7, 0xEE, 0x0B, 0x7E, 0xCA, 0x65, 0x39, 0xEA, 0x2A, 0x5B, 0x64, 0xAB, 0x46, 0xAA, 0x16,
    0xAD, 0x5F, 0x0E, 0x6A, 0x58, 0xF9, 0xE2, 0x60, 0xBB, 0x7B, 0x58, 0x99, 0x08, 0xEF, 0xB1, 0x0C,
    0x61, 0x86, 0x26, 0xC4, 0x4C, 0x3F, 0xA0, 0x3C, 0x07, 0x68, 0x78, 0xC6, 0xCA, 0xD2, 0x99, 0x8B,
    0xA1, 0x3E, 0x74, 0x99, 0x4E, 0xF3, 0x68, 0x23, 0xC1, 0xCA, 0x3F, 0xD0, 0x60, 0x70, 0xBE, 0x5A,
    0x10, 0xBE, 0xD8, 0xEA, 0xE2, 0x17, 0x3D, 0xDF, 0x7F, 0xC1, 0xF9, 0x6A, 0x58, 0xFA, 0x45, 0xCF,
    0x87, 0x75, 0xE9, 0xD5, 0xF4, 0x7C, 0x98, 0x96, 0xFE, 0x16, 0xFA, 0x84, 0x7D, 0x6D, 0x79, 0x3E,
    0xBE, 0xE8, 0x4A, 0x3A, 0x62, 0x72, 0xBA, 0x90, 0x67, 0x9E, 0xCF, 0x45, 0x32, 0xF1, 0x7C, 0x28,
    0x51, 0x4E, 0xA6, 0x3D, 0xA8, 0x2A, 0xE5, 0x64, 0xF9, 0x97, 0xF6, 0xAA, 0x3E, 0xF1, 0x09, 0x99,
    0x0C, 0x37, 0xEF, 0x75, 0xA2, 0x72, 0xB2, 0x9E, 0x2F, 0x86, 0x2B, 0xDE, 0xA8, 0xDB, 0xE0, 0xFC,
    0x4A, 0x17, 0x78, 0x2E, 0xC7, 0xEB, 0xF9, 0x9D, 0x3B, 0xA7, 0xD8, 0x16, 0xC8, 0x70, 0x80, 0x40,
    0x93, 0x65, 0xF1, 0xD6, 0x88, 0x9F, 0xB7, 0x60, 0xF9, 0x5E, 0xE6, 0xEA, 0x09, 0x4C, 0xF0, 0xAE,
    0xF8, 0x70, 0xEB, 0xBC, 0xE0, 0xC5, 0x84, 0xD5, 0xA0, 0x29, 0x78, 0xF1, 0x2E, 0xAD, 0xF3, 0x82,
    0xE7, 0x22, 0x34, 0xC1, 0xDB, 0x0F, 0x05, 0xEF, 0x82, 0xA7, 0x11, 0xC1, 0x77, 0xCB, 0x32, 0x07,
    0xC1, 0xCB, 0x48, 0x36, 0x41, 0xF0, 0x3B, 0x7A, 0x3B, 0x8A, 0x77, 0x86, 0x85, 0x52, 0xD6, 0xC9,
    0x98, 0x1E, 0xC2, 0x17, 0xD7, 0xE6, 0xBB, 0x48, 0xF0, 0xB8, 0xBC, 0x17, 0x3C, 0xBC, 0xA6, 0x17,
    0xFC, 0xD0, 0xAE, 0x82, 0x4F, 0x28, 0xEB, 0x39, 0xB8, 0xB0, 0x55, 0xF0, 0x73, 0x24, 0x78, 0xDD,
    0x04, 0xC1, 0x73, 0x3D, 0x7A, 0xC1, 0xBB, 0x84, 0xEB, 0x46, 0x04, 0x2F, 0x83, 0xC9, 0x5B, 0x67,
    0x82, 0x97, 0xC1, 0xA8, 0x83, 0xA0, 0xE0, 0xE5, 0xE2, 0x95, 0xF3, 0x82, 0x97, 0xEB, 0xDD, 0x77,
    0x5E, 0xF0, 0x03, 0x44, 0x4D, 0xC1, 0xBB, 0x20, 0x77, 0x5D, 0xC3, 0x25, 0x1C, 0x10, 0x56, 0x4A,
    0x3E, 0xD6, 0x14, 0x54, 0x2B, 0x11, 0x69, 0xEF, 0x05, 0x98, 0x2C, 0xB3, 0xDF, 0x75, 0x90, 0x3D,
    0x05, 0xDD, 0x51, 0x59, 0xAB, 0x02, 0x93, 0xB0, 0x7B, 0xFE, 0xDB, 0xBD, 0x2E, 0x10, 0x15, 0xCA,
    0xB2, 0x60, 0x57, 0x0D, 0x62, 0x23, 0x43, 0xBD, 0x87, 0x00, 0x22, 0x0B, 0x7E, 0x2B, 0x4B, 0x43,
    0xD4, 0x26, 0x57, 0x2A, 0x66, 0xCA, 0x5A, 0xA4, 0x22, 0xC3, 0x6F, 0x61, 0x55, 0x5B, 0xCA, 0x8D,
    0x1E, 0xDF, 0x04, 0xA5, 0x5A, 0x85, 0x98, 0x46, 0x48, 0xA8, 0xA6, 0x5C, 0x2C, 0x76, 0xA5, 0x47,
    0x4A, 0x47, 0xFE, 0x61, 0x39, 0xA9, 0x45, 0xD0, 0xF5, 0xEB, 0x38, 0xE5, 0xB8, 0x1A, 0x46, 0xD3,
    0x6A, 0xD0, 0x91, 0x3F, 0x88, 0xB0, 0xDA, 0x6C, 0x50, 0x8B, 0xC8, 0x54, 0xCE, 0xAF, 0x0E, 0x7A,
    0xF7, 0x4C, 0xA3, 0xC3, 0x1F, 0x0E, 0xAA, 0xAE, 0x42, 0x4E, 0xD8, 0x7C, 0x30, 0xFC, 0x48, 0x6E,
    0x59, 0xAB, 0x94, 0xA6, 0xEE, 0xA8, 0x0B, 0x1E, 0xA1, 0xB0, 0xDA, 0x70, 0x57, 0xAD, 0xB3, 0x87,
    0x23, 0xD0, 0x50, 0x8D, 0x3D, 0x19, 0xC4, 0xB0, 0x81, 0x55, 0xF6, 0xB8, 0x8D, 0x8F, 0x6E, 0xAD,
    0x97, 0xD9, 0x10, 0xE4, 0x04, 0x57, 0xA4, 0xA6, 0x46, 0xA3, 0x55, 0x93, 0xA0, 0x8D, 0x20, 0x52,
    0x40, 0x92, 0x6A, 0x54, 0x38, 0x82, 0xD1, 0x82, 0x7B, 0x33, 0x8F, 0xA0, 0x2D, 0xE5, 0x5B, 0x6F,
    0x48, 0xAB, 0x15, 0x95, 0x61, 0xED, 0x72, 0xAF, 0xA1, 0x47, 0x36, 0xFF, 0x4E, 0x03, 0xD3, 0x3D,
    0x3D, 0x62, 0xC6, 0xD0, 0x1A, 0xEC, 0x99, 0x5B, 0x96, 0x60, 0x65, 0x43, 0x96, 0x30, 0x75, 0xA4,
    0x61, 0x15, 0xA3, 0x0E, 0x59, 0x45, 0x57, 0x8F, 0x3A, 0x20, 0x35, 0xA9, 0xA5, 0xD7, 0xBD, 0x41,
    0xF7, 0xDA, 0x2C, 0xB8, 0xD2, 0x2C, 0xC4, 0xFA, 0x3C, 0x78, 0xE4, 0x22, 0xAC, 0xBF, 0x32, 0x2C,
    0xCB, 0x6A, 0xF4, 0x7B, 0x8D, 0xF7, 0xCF, 0x3E, 0x1D, 0x90, 0xF5, 0xBD, 0x0B, 0x7B, 0x6B, 0x8C,
    0x72, 0xC1, 0xC5, 0xAB, 0x9D, 0x40, 0xDE, 0xA2, 0x68, 0x0A, 0x5E, 0xEF, 0x4F, 0xB9, 0xCF, 0x5E,
    0xEC, 0xAB, 0x7D, 0x9A, 0xD0, 0xBD, 0x2E, 0x32, 0x5D, 0xEF, 0x47, 0x73, 0x23, 0x94, 0xB8, 0xAC,
    0x13, 0x0A, 0x5C, 0x44, 0x42, 0x79, 0xD7, 0xA3, 0x89, 0x5B, 0x46, 0xC7, 0x29, 0x35, 0xAD, 0xCD,
    0xA8, 0xF1, 0x13, 0xEA, 0xBC, 0x80, 0x83, 0x8B, 0x39, 0xFA, 0x19, 0x1E, 0x28, 0xE7, 0xD7, 0x92,
    0xBD, 0x89, 0x39, 0xA1, 0x6B, 0x48, 0x66, 0xBD, 0x3C, 0x84, 0xAC, 0x57, 0x85, 0x8C, 0x35, 0xC3,
    0x83, 0x88, 0x25, 0x86, 0x52, 0xC2, 0x72, 0x79, 0x0A, 0x58, 0x76, 0x28, 0xDF, 0x20, 0xB7, 0x72,
    0xBA, 0x28, 0xBF, 0xDA, 0xEF, 0x34, 0x7E, 0xB6, 0x9D, 0x9F, 0xED, 0xD1, 0xC7, 0x36, 0xD3, 0x4E,
    0x6A, 0xCB, 0x58, 0x6C, 0xB8, 0x55, 0xE3, 0x1D, 0x65, 0x31, 0xEA, 0xA7, 0xDC, 0x74, 0x40, 0x38,
    0x6E, 0x5A, 0xFB, 0x7C, 0xE2, 0xAF, 0x32, 0x44, 0x17, 0x3A, 0x38, 0xD1, 0x8B, 0x4C, 0x84, 0x9F,
    0x92, 0x56, 0x6A, 0x66, 0x36, 0x23, 0x1F, 0x98, 0x2D, 0x0F, 0x60, 0x1A, 0x50, 0xE0, 0xB3, 0x44,
    0x2E, 0xC0, 0x54, 0x40, 0x33, 0x81, 0x1E, 0x89, 0x40, 0xAB, 0x5F, 0xE5, 0x53, 0xBE, 0x76, 0x90,
    0xC4, 0x80, 0x1B, 0x1E, 0xF1, 0x79, 0xC0, 0x02, 0x55, 0x09, 0xFD, 0xF4, 0x4F, 0x55, 0x72, 0x8B,
    0x7E, 0x16, 0x5B, 0x2A, 0x20, 0x83, 0xF4, 0xF3, 0x79, 0xB5, 0x28, 0x4A, 0x85, 0x92, 0x68, 0xC2,
    0x5A, 0x73, 0x03, 0xA6, 0x3B, 0x3C, 0xA0, 0x7B, 0x1B, 0xD5, 0x03, 0x95, 0x9A, 0xDA, 0x55, 0xA2,
    0xEF, 0x62, 0x39, 0x62, 0xDF, 0x0D, 0x33, 0xB3, 0x40, 0xBD, 0x68, 0x27, 0xFB, 0xB5, 0xB9, 0x6E,
    0xC9, 0x43, 0x35, 0xBD, 0xC2, 0xBE, 0x5E, 0xE8, 0xCC, 0x2E, 0xFD, 0xEB, 0x23, 0xD2, 0x2C, 0x98,
    0xD4, 0xBC, 0x20, 0xD5, 0x52, 0xD9, 0x24, 0xB3, 0x78, 0x96, 0x47, 0xBC, 0x71, 0x3A, 0x8B, 0xCB,
    0xDE, 0x51, 0x5A, 0xE9, 0x46, 0x6C, 0xCA, 0x9C, 0x7E, 0x36, 0x55, 0xEA, 0xE0, 0x18, 0x40, 0xC6,
    0x72, 0x96, 0xB4, 0x0C, 0x1A, 0xC9, 0xC7, 0x62, 0x97, 0x32, 0x8F, 0x95, 0xCC, 0x2F, 0xDB, 0xCB,
    0x72, 0xC3, 0x4C, 0xCB, 0x36, 0x3D, 0x8A, 0x53, 0x82, 0xB5, 0x95, 0x62, 0x12, 0xE2, 0x9C, 0x31,
    0x5F, 0xF1, 0xEB, 0xCB, 0x8F, 0x47, 0x9A, 0x9A, 0xEC, 0x77, 0xFF, 0x66, 0xEE, 0x4D, 0x87, 0xFB,
    0x9F, 0x2D, 0xA5, 0x71, 0xA6, 0x52, 0xB3, 0x45, 0x7E, 0x9B, 0xF9, 0x0E, 0x0C, 0x44, 0x86, 0x5B,
    0x58, 0x0E, 0xAF, 0xE9, 0x89, 0x06, 0x7E, 0x9D, 0x96, 0x8E, 0x29, 0x3B, 0x70, 0x5A, 0x9D, 0x58,
    0x87, 0xCA, 0x5E, 0x83, 0xD6, 0xA0, 0x6B, 0x64, 0x1F, 0x2D, 0x9C, 0x90, 0xB3, 0x9F, 0x5A, 0xD6,
    0x89, 0xCF, 0xF7, 0x1E, 0xEA, 0xE2, 0xF2, 0x8F, 0x03, 0x70, 0x48, 0x2E, 0x71, 0xC5, 0xE8, 0x92,
    0xC3, 0x47, 0x27, 0x09, 0xD7, 0x9D, 0x93, 0xFB, 0x9A, 0x16, 0xD5, 0x8B, 0x9B, 0x12, 0x31, 0x1A,
    0xD3, 0xE1, 0x3D, 0xBD, 0xEA, 0x16, 0x2A, 0x74, 0xAB, 0x06, 0xF5, 0xE7, 0x5F, 0xA8, 0x40, 0xFD,
    0xF9, 0x14, 0xFA, 0x5B, 0xF6, 0x41, 0x7D, 0xEA, 0x63, 0x92, 0x79, 0x50, 0xED, 0x69, 0x94, 0x11,
    0x85, 0xA9, 0xF2, 0xE0, 0x71, 0xA5, 0xFA, 0x10, 0xDD, 0xA9, 0xA5, 0x65, 0x63, 0xA5, 0xEA, 0x82,
    0xCF, 0xA5, 0xE6, 0x90, 0xEC, 0x8E, 0xB9, 0x2A, 0x0E, 0x09, 0x2F, 0xF5, 0xA6, 0xBB, 0xA6, 0xB6,
    0x8A, 0xF9, 0xBA, 0x6A, 0xAD, 0x66, 0xCA, 0x3E, 0xFC, 0xD8, 0x12, 0x60, 0xEA, 0x4C, 0xD7, 0xA9,
    0xA9, 0x4C, 0x77, 0xCF, 0x34, 0xF0, 0x72, 0xB9, 0x99, 0xC2, 0x86, 0x55, 0x5F, 0xC7, 0x55, 0x5D,
    0x07, 0x6A, 0x4B, 0xFE, 0xAB, 0x92, 0x4C, 0x59, 0xD0, 0x17, 0x75, 0x95, 0xAE, 0xB2, 0x5F, 0x7D,
    0xB0, 0x2D, 0x1A, 0xB7, 0xAE, 0x9C, 0x0B, 0x6E, 0x78, 0x75, 0x28, 0x91, 0x27, 0x89, 0xF5, 0xDE,
    0xAD, 0x97, 0xED, 0xD6, 0x43, 0x21, 0xF3, 0x53, 0xAB, 0xB8, 0xBC, 0xF3, 0xE4, 0x8B, 0x32, 0xEA,
    0x7A, 0x69, 0xD5, 0xE7, 0x68, 0x6A, 0x90, 0xCB, 0x5C, 0x44, 0x1B, 0xE9, 0xF2, 0xA6, 0x44, 0x39,
    0xAD, 0x56, 0x8F, 0xEF, 0xCA, 0x0C, 0x74, 0xB8, 0xC7, 0x89, 0xCE, 0xC5, 0x2D, 0xBD, 0x4C, 0x44,
    0xB2, 0x7A, 0xCD, 0x6B, 0xE0, 0x68, 0x44, 0x0C, 0xF4, 0x32, 0x62, 0x72, 0x2C, 0x3A, 0xB4, 0x1E,
    0x81, 0xAF, 0x51, 0x4F, 0x04, 0x77, 0x23, 0x57, 0xA8, 0xB0, 0x23, 0x07, 0xD0, 0xE9, 0xC8, 0x01,
    0xAC, 0xFC, 0x78, 0x80, 0xFA, 0x6D, 0xA8, 0xE6, 0xE8, 0xCC, 0x37, 0x1D, 0x9C, 0x1D, 0x79, 0x60,
    0x2E, 0xF1, 0xE1, 0x3B, 0x7B, 0x38, 0x26, 0x7A, 0x22, 0xF5, 0xFC, 0xBB, 0x20, 0xDC, 0x20, 0xDA,
    0x20, 0xD8, 0x10, 0xE7, 0x82, 0x7C, 0x83, 0x97, 0x0E, 0x41, 0xCE, 0x4B, 0x67, 0xF0, 0x72, 0x1D,
    0x7C, 0x84, 0xB3, 0x2C, 0x2C, 0xA4, 0x60, 0xD9, 0xCC, 0x95, 0x95, 0x7E, 0x6E, 0x37, 0x5A, 0xEC,
    0xAA, 0x83, 0x5D, 0xF4, 0x8F, 0xAF, 0xA9, 0x55, 0x4C, 0x4D, 0x3E, 0x05, 0x6E, 0x6C, 0x54, 0x83,
    0x6D, 0x3F, 0xE7, 0x36, 0xFB, 0x98, 0xDB, 0xFC, 0x17, 0xBC, 0x7C, 0xF9, 0x67, 0x9C, 0x58, 0x6D,
    0x13, 0x3C, 0xB3, 0xC5, 0xFC, 0x88, 0x86, 0xC5, 0xC8, 0x25, 0xA7, 0x6D, 0xB8, 0xE0, 0x99, 0x11,
    0x20, 0xE3, 0x87, 0x33, 0xA8, 0x6D, 0x6A, 0x1D, 0x33, 0x23, 0xA4, 0xF9, 0x38, 0x8D, 0xC6, 0x94,
    0x4D, 0x74, 0x32, 0xC5, 0xC8, 0xF8, 0xAC, 0x79, 0xBE, 0xCA, 0xA4, 0xB1, 0xFC, 0xE4, 0x3E, 0xB7,
    0x48, 0x01, 0x24, 0x90, 0x37, 0x92, 0x39, 0xD6, 0xB2, 0xCA, 0x1B, 0x31, 0x8D, 0x06, 0x99, 0x6A,
    0xD9, 0xAA, 0x74, 0xF2, 0x49, 0x65, 0x93, 0xFE, 0x0A, 0x43, 0x59, 0x30, 0x70, 0xE6, 0xA3, 0x5D,
    0x7B, 0x41, 0x0A, 0xE7, 0xBB, 0x1F, 0x22, 0xF7, 0x54, 0x18, 0x65, 0x53, 0xED, 0x2C, 0xE3, 0x94,
    0xB1, 0xE6, 0xB3, 0xD9, 0x0C, 0x0D, 0x89, 0xD9, 0x65, 0x85, 0xD5, 0x5C, 0x63, 0xF5, 0x36, 0x58,
    0xB8, 0xCC, 0x24, 0x99, 0x44, 0x76, 0xAC, 0x6A, 0x10, 0x1C, 0x25, 0x6B, 0xD4, 0x10, 0xD9, 0xE7,
    0x1A, 0xB7, 0x34, 0x57, 0x44, 0x9A, 0xF8, 0xE7, 0xC8, 0x10, 0x17, 0x26, 0x87, 0x72, 0xF7, 0x37,
    0x59, 0xCA, 0xB7, 0xEA, 0xC6, 0xF2, 0x7F, 0xD7, 0xD1, 0x66, 0x10, 0x7B, 0x4A, 0x84, 0x01, 0x25,
    0x8B, 0xFB, 0x9B, 0xCB, 0x45, 0x66, 0xEF, 0x2C, 0xA1, 0x61, 0x36, 0x63, 0xA9, 0x0C, 0x27, 0x37,
    0x44, 0xF6, 0x73, 0x5C, 0x3D, 0x2F, 0x13, 0x17, 0x53, 0xCE, 0x7E, 0x5D, 0xFE, 0xF4, 0xBF, 0x16,
    0x28, 0xE3, 0x70, 0xB9, 0xF1, 0x79, 0xA2, 0x5F, 0xF1, 0x4D, 0x14, 0x40, 0xED, 0x56, 0xAD, 0x4F,
    0x61, 0xC5, 0xBB, 0x1C, 0xF0, 0x89, 0x2B, 0xCF, 0xE2, 0x8C, 0x1E, 0x8B, 0x00, 0x1B, 0x95, 0x94,
    0xFA, 0x65, 0xF9, 0xED, 0xCB, 0x0F, 0x57, 0x07, 0x71, 0xA0, 0x5D, 0x6B, 0xFE, 0x8D, 0xE2, 0x68,
    0xCB, 0xFF, 0xBA, 0x40, 0x74, 0x20, 0x80, 0x36, 0x26, 0xDE, 0xBC, 0x62, 0x0E, 0x4F, 0x23, 0xE8,
    0x99, 0xBD, 0x74, 0xF6, 0xBF, 0xF9, 0xA9, 0xB8, 0x46, 0x91, 0x51, 0x41, 0xCB, 0x2C, 0xA0, 0x7A,
    0x31, 0xA1, 0x1A, 0xC3, 0xE2, 0xB2, 0x48, 0xA8, 0x7D, 0xBF, 0x28, 0xBA, 0xFE, 0x3A, 0x47, 0xA3,
    0x60, 0x9A, 0x23, 0x96, 0xE6, 0x08, 0xA5, 0x11, 0xAA, 0x3A, 0x52, 0x2C, 0x43, 0xEB, 0x01, 0x21,
    0xC2, 0x68, 0x86, 0xA2, 0x19, 0x88, 0x66, 0x18, 0x9A, 0x41, 0x68, 0x86, 0xA0, 0x19, 0x80, 0x66,
    0xF8, 0x99, 0xC1, 0x67, 0x86, 0x9E, 0x19, 0x78, 0x66, 0xD8, 0x99, 0x41, 0x67, 0x86, 0x9C, 0x19,
    0x70, 0x66, 0xB8, 0x99, 0xC1, 0x66, 0x1E, 0x35, 0x33, 0xD0, 0xCC, 0x30, 0x33, 0x0F, 0x99, 0xD1,
    0x27, 0xD0, 0x23, 0x64, 0xB0, 0x7A, 0x2B, 0xC5, 0xAE, 0xB1, 0x7A, 0x8D, 0x7D, 0x00, 0xD1, 0x88,
    0xA1, 0x01, 0x42, 0x43, 0xB6, 0x21, 0xD6, 0x40, 0x00, 0x8D, 0xC5, 0x27, 0xE1, 0x33, 0xA2, 0x67,
    0x04, 0xCF, 0x88, 0x9D, 0x11, 0x3A, 0x23, 0x72, 0xC6, 0xEA, 0x89, 0xB8, 0x19, 0x61, 0xB3, 0x06,
    0xD0, 0x0D, 0x41, 0x33, 0x62, 0x66, 0x06, 0x99, 0x79, 0xC4, 0xEC, 0x6D, 0x06, 0xDE, 0xDA, 0xB1,
    0xBC, 0xFD, 0x5B, 0xE6, 0x6A, 0xB4, 0xF9, 0x8C, 0x96, 0x9B, 0x1D, 0xAE, 0xD1, 0x13, 0xF0, 0xB5,
    0x65, 0x0F, 0x78, 0x6D, 0xD9, 0x01, 0x5D, 0x3B, 0xD2, 0xDC, 0x1F, 0x1B, 0xB6, 0x46, 0x83, 0x67,
    0xF2, 0x94, 0xB0, 0x86, 0x4E, 0x67, 0x56, 0x4B, 0x1B, 0x0F, 0xAB, 0x19, 0xAA, 0x66, 0xA0, 0x9A,
    0x61, 0x6A, 0x06, 0xA9, 0x19, 0xA2, 0x66, 0x80, 0x9A, 0xE1, 0x69, 0x06, 0xA7, 0x19, 0x9A, 0x66,
    0x60, 0x9A, 0x61, 0x69, 0x06, 0xA5, 0x19, 0x92, 0x66, 0x40, 0x9A, 0xE1, 0x68, 0x1E, 0x46, 0xF3,
    0x28, 0x9A, 0xAD, 0xF8, 0x5E, 0x1D, 0x59, 0xF6, 0xCB, 0x1D, 0x74, 0xB8, 0x81, 0xBE, 0x60, 0x99,
    0xFF, 0x70, 0x3A, 0x59, 0x00, 0x6B, 0x0E, 0xB8, 0x1A, 0x61, 0x35, 0x9F, 0x45, 0x53, 0x41, 0xA7,
    0xB9, 0xF4, 0x49, 0x16, 0x3D, 0x1A, 0x9C, 0x46, 0x34, 0x8D, 0x60, 0x5A, 0x63, 0xC9, 0x7B, 0xBA,
    0x78, 0x24, 0x8D, 0x40, 0x1A, 0x71, 0x34, 0xC2, 0x68, 0x44, 0xD1, 0x3C, 0x88, 0x26, 0x8E, 0x71,
    0xA2, 0xA5, 0x8C, 0xD7, 0xAD, 0x9B, 0x82, 0x61, 0xA8, 0x9A, 0xE0, 0x18, 0x6C, 0x53, 0xF6, 0xF5,
    0x8D, 0x54, 0x5F, 0xA2, 0x50, 0x45, 0xBA, 0x2C, 0xF3, 0xC5, 0x69, 0xA5, 0x73, 0xA1, 0x99, 0xB8,
    0xAA, 0x63, 0x2B, 0x03, 0xC8, 0x36, 0x45, 0x7F, 0x41, 0x8B, 0x50, 0x22, 0x74, 0x08, 0x15, 0x42,
    0x83, 0x50, 0x20, 0xF4, 0x07, 0xF5, 0x41, 0x7B, 0x50, 0x1E, 0x74, 0x07, 0xD5, 0x41, 0x73, 0x50,
    0x1C, 0xF4, 0x06, 0xB5, 0x41, 0x6B, 0x50, 0x1A, 0x74, 0x06, 0x95, 0x05, 0xD8, 0xF3, 0x55, 0xDA,
    0x59, 0x3D, 0xC5, 0xC5, 0x9E, 0x65, 0x08, 0x74, 0x85, 0x4C, 0x1F, 0x0C, 0xCB, 0xCD, 0xA7, 0x0A,
    0xE0, 0xD3, 0x06, 0xAE, 0xC8, 0x36, 0xA6, 0xD3, 0x9B, 0xB7, 0xFA, 0xAC, 0x28, 0x9A, 0xBC, 0x64,
    0x9E, 0x78, 0xB8, 0x20, 0xF3, 0xF6, 0x0D, 0xCD, 0x15, 0x73, 0xA5, 0x2B, 0x4A, 0xFD, 0xDE, 0xA6,
    0x7C, 0x3E, 0x8A, 0x4C, 0x5A, 0xF7, 0x13, 0xD4, 0x87, 0x19, 0xB4, 0xBA, 0xAF, 0x31, 0x8C, 0xFB,
    0x2C, 0xA8, 0x9A, 0xDD, 0x49, 0xE6, 0xF6, 0x1D, 0x54, 0xE4, 0x46, 0x8B, 0xE9, 0xC7, 0xB9, 0xDC,
    0xA9, 0x51, 0xC9, 0x54, 0x3A, 0x62, 0xCD, 0x32, 0xD6, 0x34, 0xC3, 0x56, 0xA4, 0x8C, 0xE2, 0xF9,
    0xAE, 0xC8, 0xF4, 0x61, 0x5C, 0xF2, 0x26, 0x96, 0xCE, 0xDF, 0xB7, 0xEA, 0xC6, 0x7C, 0x28, 0x87,
    0x96, 0xB4, 0xDF, 0x39, 0x45, 0x32, 0x37, 0x5D, 0x82, 0xAB, 0x2A, 0x47, 0xEF, 0xA0, 0x92, 0x4D,
    0x50, 0x64, 0xAE, 0x80, 0x87, 0xBA, 0x56, 0xFD, 0x80, 0x5E, 0x9F, 0x83, 0x22, 0x8B, 0x05, 0x78,
    0x87, 0xB8, 0x7F, 0xBD, 0x55, 0xD6, 0x13, 0x67, 0x47, 0x66, 0x85, 0x90, 0x07, 0x35, 0xF9, 0x8F,
    0x64, 0x10, 0x3D, 0x48, 0x8E, 0xD6, 0x27, 0xCB, 0x83, 0xA1, 0x2D, 0x24, 0x84, 0xEB, 0x62, 0xD5,
    0x0C, 0x4F, 0x94, 0xD0, 0xF4, 0x99, 0x66, 0x50, 0x32, 0x2E, 0x0C, 0xA4, 0x99, 0x06, 0x85, 0x2B,
    0x76, 0x3E, 0x93, 0x46, 0x51, 0xC4, 0x14, 0x2E, 0x6A, 0x88, 0xAE, 0xE0, 0x26, 0xBA, 0x74, 0xD9,
    0x1E, 0x9E, 0x4C, 0xC4, 0x32, 0x7B, 0x11, 0x5D, 0xDB, 0x93, 0x9A, 0x62, 0x67, 0x61, 0x55, 0x9E,
    0x15, 0x79, 0xAC, 0xF1, 0xAC, 0xC4, 0xB3, 0x0A, 0xCF, 0x0A, 0x3C, 0xAB, 0xEF, 0xAC, 0xBC, 0x63,
    0x75, 0x67, 0xC5, 0x9D, 0xD5, 0x76, 0x56, 0xDA, 0x59, 0x65, 0x67, 0x85, 0x9D, 0xD5, 0x75, 0x2C,
    0xEB, 0xAC, 0xAA, 0xB3, 0xA2, 0xCE, 0x6A, 0x3A, 0x2B, 0xE9, 0xAC, 0xA2, 0x63, 0x41, 0x67, 0xF5,
    0x9C, 0x95, 0x73, 0xA1, 0x9A, 0xA3, 0x1C, 0xF8, 0x79, 0xF9, 0x67, 0xA7, 0xAE, 0x31, 0xDD, 0x03,
    0x74, 0xC1, 0x67, 0xB2, 0xCD, 0xA6, 0x17, 0xAA, 0xBC, 0x0B, 0x05, 0xD1, 0x95, 0x53, 0xA0, 0x67,
    0xF7, 0x00, 0x98, 0x81, 0x02, 0xD9, 0xC6, 0xDD, 0x44, 0x4D, 0x0E, 0x5F, 0xA8, 0x49, 0x4E, 0x3A,
    0xAE, 0x44, 0x2F, 0x8B, 0xE1, 0x79, 0x6B, 0x32, 0x1E, 0xFD, 0x55, 0x0B, 0xF3, 0xCA, 0x66, 0xB0,
    0x9D, 0x52, 0x85, 0x3D, 0xF7, 0x4F, 0x7B, 0x97, 0xE2, 0xE4, 0xE4, 0x97, 0x7B, 0x36, 0xE0, 0x5D,
    0xF6, 0x8B, 0x9D, 0xED, 0x95, 0x3F, 0xDA, 0xAA, 0xA3, 0x56, 0xAC, 0x56, 0xC5, 0x80, 0x1B, 0xDF,
    0x0D, 0xA0, 0xE8, 0xD6, 0xEF, 0x65, 0x1B, 0x3F, 0xA6, 0x62, 0xAC, 0x3C, 0x8A, 0x13, 0x60, 0xB9,
    0x33, 0xEB, 0xA2, 0x39, 0xED, 0x52, 0xB2, 0x9A, 0x4D, 0x67, 0x5F, 0xF8, 0xE6, 0xAC, 0x5F, 0x6D,
    0x74, 0x21, 0x82, 0xD8, 0xDE, 0x63, 0x8F, 0xD8, 0x26, 0x5B, 0x8F, 0xD7, 0x8A, 0x22, 0xD4, 0x52,
    0x5E, 0x05, 0x24, 0x83, 0x2E, 0x26, 0xDC, 0xBF, 0xEE, 0xDD, 0x42, 0x18, 0xD3, 0x16, 0xE7, 0x19,
    0x6A, 0xD3, 0x6A, 0xAB, 0xE1, 0x4D, 0x34, 0x9F, 0x73, 0xBA, 0xA2, 0x7C, 0xEC, 0xED, 0xA2, 0x85,
    0x70, 0xAD, 0x09, 0xAC, 0xF0, 0xEE, 0x39, 0x3B, 0xB8, 0x8A, 0xE3, 0xBA, 0x66, 0x53, 0x7D, 0xA2,
    0xEE, 0x71, 0x51, 0x25, 0x35, 0x7D, 0x7A, 0xD0, 0xC1, 0x34, 0xA3, 0x3A, 0x60, 0x99, 0x5C, 0x2F,
    0xF5, 0xB6, 0xB6, 0x3E, 0x5A, 0xE8, 0x5C, 0x86, 0x50, 0x6B, 0x5F, 0x34, 0xDF, 0x53, 0xE3, 0xDD,
    0x8C, 0x5A, 0x54, 0x8B, 0x5C, 0xD5, 0xFD, 0xF2, 0x91, 0xEF, 0xF5, 0xC1, 0x84, 0x07, 0xDB, 0xC2,
    0xE5, 0x6A, 0x10, 0xE0, 0x36, 0x1D, 0x46, 0xF7, 0x9A, 0x9C, 0x9C, 0x8B, 0x5C, 0xDF, 0x15, 0x5B,
    0x7A, 0xAB, 0xD8, 0xBD, 0x2C, 0x96, 0xB5, 0x6C, 0x53, 0x76, 0x03, 0x7A, 0x57, 0xB3, 0x86, 0x3D,
    0x47, 0xFC, 0x2A, 0xB4, 0x47, 0x2D, 0xBF, 0x9E, 0x72, 0xA5, 0x38, 0x68, 0xDC, 0x1D, 0x81, 0x4C,
    0x6A, 0x4F, 0x76, 0x62, 0x9F, 0x44, 0xA4, 0xFD, 0x03, 0xDF, 0xB2, 0xB2, 0x24, 0x20, 0xB7, 0xA2,
    0x7D, 0x1B, 0x83, 0xDE, 0x46, 0x5A, 0xF0, 0x79, 0xFB, 0x84, 0x9A, 0x59, 0x6B, 0x6E, 0x6E, 0x5C,
    0xCD, 0x9E, 0x73, 0x39, 0xFB, 0x3E, 0x5D, 0x83, 0x08, 0xA3, 0x27, 0xA0, 0xB1, 0xC8, 0x48, 0x5B,
    0x32, 0xEE, 0x7A, 0xAC, 0x7E, 0x79, 0x90, 0x0C, 0x44, 0x0B, 0x8E, 0x80, 0x38, 0x8E, 0x1E, 0x08,
    0xB8, 0x65, 0x9D, 0xB4, 0x56, 0x3F, 0x3E, 0xD6, 0x8D, 0xD8, 0x28, 0xBA, 0xC3, 0xEF, 0x1C, 0x5F,
    0x41, 0x9A, 0x32, 0x10, 0xBA, 0xEC, 0x08, 0x5C, 0xEA, 0xA6, 0xD8, 0x60, 0x23, 0xB7, 0x1E, 0xE8,
    0x8C, 0xE0, 0x33, 0x26, 0xA4, 0x34, 0x25, 0x08, 0x48, 0x9A, 0x6A, 0xB1, 0xAB, 0x49, 0xE4, 0x8A,
    0xD8, 0x8B, 0xC5, 0x26, 0x4B, 0x60, 0x1A, 0xDB, 0xFC, 0x4F, 0x6B, 0x2B, 0xA3, 0xA5, 0x1C, 0x55,
    0x0A, 0x4F, 0xFF, 0x52, 0x8D, 0xA5, 0x98, 0x48, 0x4D, 0x68, 0x91, 0x2D, 0x35, 0x84, 0x64, 0xEE,
    0x73, 0xD3, 0x11, 0x29, 0x12, 0xC1, 0xEA, 0x02, 0x11, 0x99, 0x69, 0x9B, 0xC0, 0xB4, 0x60, 0x3A,
    0xD1, 0xFB, 0x4F, 0xA0, 0xB4, 0x24, 0x73, 0x81, 0x5B, 0xEF, 0x59, 0x05, 0x75, 0xB4, 0xE8, 0x66,
    0x7B, 0x39, 0x79, 0xBE, 0xE0, 0x6A, 0x5E, 0x04, 0xDD, 0x6A, 0xDA, 0xA5, 0x27, 0xA8, 0x0F, 0xFB,
    0x2A, 0xBA, 0xBD, 0x0D, 0xF6, 0x8F, 0x7C, 0x10, 0x5B, 0xF9, 0x57, 0x06, 0x84, 0x13, 0x6C, 0x25,
    0xF9, 0x8B, 0xE7, 0x67, 0x05, 0xD5, 0x55, 0x56, 0x50, 0x9F, 0x5A, 0xC1, 0x3F, 0xAA, 0x15, 0xE4,
    0x64, 0xA6, 0x55, 0xBD, 0x59, 0x01, 0x36, 0xF7, 0xB9, 0xE9, 0x58, 0xCB, 0x3E, 0xC3, 0x0A, 0xC4,
    0x93, 0xDE, 0xC6, 0xF6, 0xAE, 0x15, 0xBE, 0x4D, 0x61, 0x63, 0x18, 0xFA, 0x13, 0x96, 0x4F, 0xE1,
    0xFB, 0x9E, 0x0F, 0xAF, 0xF6, 0xE2, 0x7D, 0xB3, 0x4C, 0xC0, 0x5B, 0x1B, 0xF8, 0x00, 0xC9, 0x05,
    0x0F, 0x84, 0x12, 0x81, 0x94, 0x2A, 0xBC, 0xD2, 0x12, 0x77, 0x7D, 0xC2, 0x64, 0x36, 0xB5, 0x26,
    0x2F, 0x92, 0x59, 0xF1, 0xA3, 0x8D, 0x21, 0xAF, 0x3B, 0x6E, 0xF3, 0x0D, 0xED, 0x85, 0x9C, 0xB1,
    0x6C, 0xC7, 0x4E, 0x57, 0xFE, 0x6B, 0x62, 0x75, 0xC5, 0xF2, 0x09, 0x51, 0xD8, 0x03, 0x6D, 0xA8,
    0x9C, 0x3D, 0xE1, 0x86, 0x16, 0x26, 0x5B, 0x02, 0xE9, 0x0C, 0xB5, 0x6A, 0x18, 0x8B, 0x25, 0xA1,
    0x00, 0xFC, 0xBB, 0x96, 0x4C, 0x3D, 0x05, 0x2C, 0x67, 0xE6, 0x94, 0xD5, 0x9E, 0xF8, 0x6C, 0x21,
    0xFB, 0xEA, 0x87, 0x13, 0xCE, 0x1F, 0x35, 0x94, 0x7B, 0x84, 0xE1, 0xDC, 0x41, 0xF4, 0xA8, 0x71,
    0xC5, 0x6A, 0x7F, 0xB1, 0x17, 0x07, 0xD3, 0x99, 0xC3, 0xA7, 0xD9, 0x33, 0xD3, 0x11, 0x4C, 0xD2,
    0x1A, 0x18, 0x75, 0x84, 0x10, 0x37, 0xAD, 0x4A, 0xAD, 0x73, 0x2A, 0xB3, 0x0E, 0x12, 0x7B, 0x8A,
    0x33, 0x0E, 0x70, 0x04, 0x7B, 0x8D, 0x35, 0x89, 0xB2, 0x15, 0x45, 0x20, 0x7A, 0x89, 0x74, 0xA7,
    0x52, 0xCA, 0x3E, 0x45, 0xE7, 0xFD, 0x37, 0x68, 0xDA, 0x2F, 0xE7, 0xAA, 0xD5, 0x9D, 0xDA, 0x52,
    0x09, 0x4C, 0xB5, 0x9C, 0x34, 0xE2, 0x97, 0x23, 0x88, 0x7D, 0x20, 0xDA, 0x50, 0x08, 0xEA, 0xBE,
    0x27, 0x34, 0x8B, 0xF7, 0x2A, 0x6B, 0x2C, 0xC1, 0x6F, 0x35, 0x9C, 0x5B, 0x73, 0x29, 0xEF, 0x63,
    0xC6, 0xA7, 0x75, 0x8F, 0x8C, 0xB2, 0x56, 0x9C, 0xE4, 0x8E, 0x99, 0xE7, 0xDD, 0x4C, 0x01, 0xDD,
    0x05, 0xB8, 0x0B, 0x6C, 0x57, 0xA1, 0x5D, 0x20, 0xBB, 0x00, 0x76, 0x81, 0xEB, 0x02, 0xD6, 0x05,
    0xAA, 0x0B, 0x50, 0x17, 0x98, 0x2E, 0x20, 0x5D, 0x20, 0xBA, 0x00, 0x74, 0x81, 0xE7, 0x02, 0xCE,
    0x05, 0x9A, 0x0B, 0x30, 0x17, 0x58, 0x2E, 0xA1, 0x5C, 0x20, 0xB9, 0x30, 0xE0, 0xA7, 0x2A, 0xEC,
    0x9D, 0xEF, 0x73, 0x61, 0xB0, 0xFC, 0xD8, 0x07, 0xF4, 0xBD, 0xA3, 0xC1, 0x73, 0x75, 0xE7, 0xCB,
    0xB2, 0x79, 0x46, 0xE2, 0xF4, 0x1D, 0xD6, 0x1D, 0x84, 0x94, 0x5D, 0x25, 0xA2, 0x17, 0x53, 0xA9,
    0xEE, 0x3D, 0x04, 0x91, 0x3B, 0x38, 0xB8, 0xFA, 0xBB, 0x8D, 0x31, 0xC5, 0x54, 0xCD, 0x17, 0x1B,
    0xFD, 0x11, 0x54, 0xB5, 0x28, 0x8C, 0xAA, 0x2C, 0xBD, 0x19, 0x69, 0xE8, 0xA8, 0x95, 0xC4, 0x1D,
    0xE7, 0xDE, 0xD0, 0x94, 0xD5, 0x7D, 0xCF, 0x42, 0x45, 0xED, 0x53, 0x52, 0x5F, 0x0D, 0x10, 0x89,
    0xBB, 0xC7, 0x90, 0xF5, 0xDF, 0x0C, 0x30, 0x6C, 0x46, 0xCD, 0xAB, 0x17, 0x67, 0xDF, 0x80, 0x74,
    0x9D, 0xF0, 0x59, 0x50, 0xA7, 0xF8, 0xEB, 0x80, 0x51, 0x89, 0x07, 0x14, 0x0B, 0xE9, 0x40, 0x60,
    0xAC, 0x81, 0x9A, 0xE4, 0x0C, 0x1F, 0x3E, 0x7A, 0xCC, 0x20, 0xC9, 0xDE, 0xC5, 0xAC, 0x9B, 0x8A,
    0xB4, 0x37, 0xE7, 0x41, 0xA6, 0xB8, 0x99, 0x65, 0x4A, 0x5C, 0x78, 0x09, 0xF9, 0x2C, 0x90, 0x4E,
    0xCB, 0x60, 0xEF, 0x82, 0x96, 0x31, 0xEB, 0xBC, 0x38, 0x23, 0xE0, 0x3A, 0x36, 0x81, 0x28, 0x26,
    0x46, 0xBF, 0x76, 0xD6, 0x0B, 0xE0, 0xC0, 0x39, 0x3B, 0x66, 0x0D, 0x65, 0xC4, 0x67, 0xA1, 0xE5,
    0x18, 0xCF, 0x65, 0x7B, 0x52, 0x3A, 0xBD, 0x81, 0x23, 0xEF, 0x23, 0x7B, 0x18, 0xFC, 0x1A, 0x41,
    0x22, 0x8D, 0x60, 0x4A, 0x0E, 0x23, 0x97, 0x97, 0x22, 0x2C, 0x71, 0x00, 0xD0, 0x9B, 0xD5, 0x24,
    0x1F, 0xC2, 0x92, 0x5F, 0xBD, 0x18, 0x0D, 0x99, 0x3F, 0xB1, 0x21, 0x9D, 0x47, 0x1D, 0xC4, 0x6C,
    0xFB, 0x45, 0xB4, 0x1B, 0x8B, 0x12, 0xD3, 0x75, 0x51, 0x62, 0x65, 0x22, 0x5D, 0xC5, 0x24, 0x0A,
    0x90, 0xD9, 0x49, 0xE3, 0x32, 0xBA, 0x55, 0xCC, 0xED, 0x21, 0x18, 0x43, 0xA6, 0xD6, 0xE6, 0x77,
    0x7C, 0xDC, 0xAF, 0x9F, 0x8F, 0xEB, 0x59, 0xB7, 0xCC, 0x5B, 0xA2, 0xAA, 0xD8, 0x38, 0xB7, 0xBE,
    0xE5, 0x1A, 0xB8, 0x3C, 0x31, 0xE3, 0x36, 0x26, 0xDC, 0xC6, 0x7C, 0xDB, 0x88, 0x6E, 0x1B, 0xB3,
    0x6D, 0x63, 0xB2, 0x6D, 0xCC, 0xB5, 0x8D, 0xA9, 0xB6, 0x31, 0xD3, 0x36, 0x26, 0xDA, 0xC6, 0x3C,
    0xDB, 0x98, 0x66, 0x1B, 0xB3, 0x6C, 0x63, 0x92, 0x6D, 0xCC, 0xB1, 0x8D, 0x29, 0xB6, 0x31, 0xC3,
    0x36, 0x26, 0xD8, 0xC6, 0xFC, 0xDA, 0x88, 0x5E, 0x1B, 0xB3, 0x6B, 0x63, 0x72, 0xED, 0x05, 0x6E,
    0x6D, 0x19, 0x98, 0xE7, 0x11, 0x07, 0x7D, 0x69, 0x2F, 0x73, 0x6C, 0x86, 0x2B, 0x78, 0x55, 0x87,
    0x4B, 0xFC, 0xAA, 0x40, 0xA9, 0x5D, 0x19, 0xB5, 0x2B, 0xA1, 0x76, 0xE5, 0xD3, 0x06, 0x3A, 0xED,
    0xCA, 0xA6, 0x5D, 0xC9, 0xB4, 0x2B, 0x97, 0x76, 0xA5, 0xD2, 0xAE, 0x4C, 0xDA, 0x95, 0x48, 0xBB,
    0xF2, 0x68, 0x57, 0x1A, 0xED, 0xCA, 0xA2, 0x5D, 0x49, 0xB4, 0x2B, 0x87, 0x76, 0xA5, 0xD0, 0xAE,
    0x0C, 0xDA, 0x95, 0x40, 0xBB, 0xF2, 0x67, 0x63, 0xFA, 0xEC, 0x5A, 0x47, 0x4D, 0x31, 0x5F, 0x73,
    0x6F, 0xF0, 0x70, 0x0C, 0xA1, 0xDF, 0xBC, 0x7A, 0xCE, 0xF0, 0x1A, 0x53, 0xAF, 0x25, 0x0D, 0x4C,
    0xBA, 0x3D, 0xFB, 0xED, 0x35, 0xF7, 0x1D, 0xA8, 0xE7, 0xB4, 0x0E, 0x23, 0xF3, 0x05, 0xA5, 0x98,
    0x01, 0x07, 0xE0, 0xBF, 0x0C, 0x2B, 0xB7, 0xC3, 0x60, 0x2E, 0x95, 0xA7, 0xE1, 0x5C, 0xC3, 0x4A,
    0xA6, 0x5A, 0xD6, 0xDD, 0x63, 0x58, 0x44, 0x20, 0x2C, 0x1F, 0x02, 0xFF, 0xD5, 0xE8, 0x71, 0xC1,
    0x87, 0x33, 0xB6, 0x2F, 0x7B, 0xB4, 0xC0, 0xB1, 0xBB, 0xC3, 0x28, 0x72, 0xBA, 0x11, 0xE5, 0x13,
    0x16, 0xF3, 0xAA, 0xEA, 0x39, 0xD6, 0x3A, 0x34, 0x6F, 0x54, 0xEA, 0x6A, 0xC2, 0xA0, 0x40, 0x67,
    0x41, 0x68, 0x26, 0xAB, 0x65, 0xE4, 0xD3, 0x2D, 0xD1, 0x2E, 0x78, 0x2E, 0x89, 0xA7, 0xCD, 0x37,
    0x20, 0x4F, 0x5B, 0xA2, 0x9B, 0xF9, 0x1E, 0x41, 0x85, 0x84, 0x16, 0x94, 0x1B, 0xB6, 0xE6, 0x81,
    0xAE, 0xF9, 0xB8, 0xBE, 0xEC, 0x13, 0x95, 0x48, 0xA2, 0x23, 0x3D, 0x22, 0x40, 0x75, 0x10, 0x56,
    0xFE, 0xE9, 0x4E, 0x6D, 0xDE, 0xE5, 0x9F, 0xD3, 0xE2, 0x8B, 0x85, 0x96, 0xAC, 0x29, 0x8D, 0x5E,
    0x4F, 0xED, 0x11, 0xEC, 0xF9, 0x39, 0xB0, 0xE8, 0xF1, 0xBF, 0x1E, 0x5D, 0x4C, 0xA7, 0xF7, 0xA3,
    0x0D, 0xF2, 0x06, 0x11, 0xD4, 0x44, 0x6B, 0x84, 0x75, 0x4F, 0x57, 0x57, 0x29, 0x21, 0x6D, 0x9F,
    0x48, 0x40, 0x6A, 0x2C, 0x08, 0x3E, 0xE1, 0x02, 0xA3, 0x75, 0xED, 0x98, 0xD9, 0x89, 0x34, 0x9F,
    0x70, 0xA9, 0xE5, 0x96, 0xF1, 0xFC, 0x33, 0x6D, 0xDD, 0x16, 0x82, 0x47, 0x3A, 0x3D, 0xCE, 0xD9,
    0x8C, 0xA7, 0x94, 0xB9, 0xEE, 0x64, 0xBD, 0x84, 0x66, 0x4A, 0x67, 0x0F, 0x30, 0x0C, 0xEB, 0x03,
    0x24, 0xDF, 0x0F, 0xFE, 0x76, 0xBA, 0xC8, 0xC8, 0x5B, 0x79, 0x90, 0x21, 0x96, 0xDD, 0xF5, 0x3B,
    0x6F, 0x3E, 0x1B, 0xF0, 0x25, 0xFD, 0x34, 0x90, 0x4F, 0x03, 0xF5, 0x34, 0x70, 0x87, 0x23, 0xDA,
    0xE9, 0xE0, 0x49, 0xA7, 0x46, 0x19, 0x0E, 0x7C, 0xE1, 0x40, 0x16, 0x0E, 0x4C, 0x61, 0x4F, 0x13,
    0x0E, 0x1C, 0xE1, 0x40, 0x33, 0x0D, 0xEC, 0xE0, 0x40, 0x31, 0x0D, 0x04, 0xD3, 0x40, 0x0A, 0x0E,
    0x8C, 0xE0, 0x40, 0x2D, 0x0D, 0xC4, 0xD2, 0x40, 0x04, 0x0E, 0xA4, 0xD2, 0x40, 0x29, 0x0D, 0x84,
    0xD2, 0x40, 0xFE, 0x0D, 0xCC, 0xDF, 0x40, 0xFB, 0x0D, 0xD2, 0xA6, 0x0E, 0xE8, 0x95, 0x08, 0x6F,
    0x24, 0x94, 0xE8, 0xBB, 0x57, 0xB1, 0x39, 0x49, 0xE5, 0x24, 0x8F, 0x93, 0x24, 0x4E, 0x32, 0x38,
    0x49, 0xDF, 0x24, 0x77, 0x93, 0xC4, 0x4D, 0x02, 0xFB, 0xA4, 0x6C, 0x92, 0xAF, 0x49, 0xB2, 0x26,
    0x99, 0x9A, 0x74, 0xAC, 0xE4, 0x68, 0x96, 0xE3, 0x15, 0xCC, 0xF1, 0xE6, 0xC3, 0x16, 0xA4, 0xCC,
    0xB6, 0xB1, 0x34, 0x6B, 0xF5, 0xEB, 0xDE, 0x93, 0xF7, 0x6B, 0x95, 0x81, 0xC7, 0xEF, 0xA2, 0x07,
    0xC2, 0xC8, 0x34, 0xA6, 0xD9, 0x24, 0xDB, 0x9A, 0xC0, 0x62, 0x69, 0x9B, 0x16, 0x09, 0x34, 0xBE,
    0xB9, 0xDF, 0x3E, 0x8D, 0xBB, 0xF2, 0x96, 0x7A, 0x5E, 0xD5, 0x97, 0x29, 0x4E, 0xFA, 0x32, 0x77,
    0x98, 0x3E, 0x3F, 0xA6, 0xCB, 0xD9, 0xB2, 0x21, 0x33, 0xC3, 0x17, 0xE5, 0xD6, 0x90, 0x01, 0xE5,
    0x54, 0x9D, 0xE5, 0xA5, 0x86, 0x4C, 0xCA, 0x42, 0x58, 0xD5, 0x2B, 0x86, 0x5F, 0x92, 0x1D, 0x57,
    0x7F, 0x89, 0x4E, 0x8C, 0x7F, 0xA0, 0xE4, 0xB0, 0x9A, 0x7B, 0x19, 0xD5, 0x5B, 0xEF, 0x45, 0x65,
    0x9A, 0x35, 0x6A, 0x55, 0x44, 0xF7, 0x60, 0x47, 0xEF, 0xE9, 0x83, 0x89, 0xF6, 0xC9, 0xDF, 0xF0,
    0xAF, 0xF9, 0xE1, 0xC5, 0xEB, 0xD6, 0x44, 0xB5, 0x67, 0x11, 0x16, 0x75, 0x58, 0xF0, 0xEB, 0x53,
    0x10, 0xA6, 0xFB, 0xD5, 0x64, 0x43, 0x23, 0xFE, 0x77, 0x5D, 0x9D, 0x67, 0x76, 0x75, 0xAC, 0xC4,
    0x5E, 0xA9, 0xE4, 0x9E, 0xD1, 0x6C, 0x28, 0x48, 0xE0, 0x7F, 0x6F, 0xBE, 0xDD, 0xDD, 0x1E, 0xEF,
    0x2E, 0x2C, 0xE6, 0x0C, 0x31, 0x97, 0xC3, 0x5A, 0x95, 0xE5, 0x05, 0x9B, 0x31, 0x46, 0x91, 0xFE,
    0x5A, 0x02, 0xF3, 0x2D, 0xDA, 0xCB, 0x3E, 0xC6, 0xB3, 0x32, 0xE2, 0x59, 0x39, 0x33, 0xEA, 0x92,
    0xB5, 0xFA, 0x19, 0xF1, 0xAC, 0x47, 0xC0, 0xB3, 0x92, 0x19, 0x78, 0x56, 0x36, 0x02, 0xCF, 0x2A,
    0x5B, 0xE0, 0x59, 0xB7, 0x88, 0x67, 0xDD, 0x25, 0x9E, 0x35, 0x03, 0xCF, 0x4A, 0x27, 0x60, 0x3A,
    0x5A, 0xD3, 0xC9, 0xA6, 0x24, 0x9E, 0x75, 0x46, 0x3C, 0xEB, 0x11, 0xB0, 0x8F, 0x9F, 0x63, 0xDD,
    0xD5, 0xFF, 0x31, 0x02, 0xCF, 0xFA, 0x04, 0x75, 0x98, 0xBA, 0xF9, 0x15, 0xCF, 0x4A, 0x88, 0x67,
    0xA5, 0x00, 0x31, 0x5C, 0xFE, 0x21, 0x34, 0x5C, 0xAE, 0xF3, 0x39, 0xAC, 0xF9, 0x27, 0x1D, 0x06,
    0x73, 0xBE, 0x47, 0x10, 0xC5, 0x14, 0x2F, 0x9C, 0x1C, 0x8C, 0x9C, 0x12, 0xD7, 0xDA, 0x83, 0x02,
    0xBA, 0x43, 0xFA, 0x82, 0x07, 0x45, 0xC4, 0x57, 0x28, 0xEA, 0x74, 0xD4, 0xDB, 0xDE, 0x5E, 0xD4,
    0xD0, 0xB6, 0x8B, 0x8C, 0x29, 0xDD, 0x28, 0xA4, 0x95, 0x8F, 0xFA, 0x59, 0x26, 0xBA, 0x8E, 0x6F,
    0xCB, 0x61, 0xD5, 0x46, 0xDD, 0x62, 0xF5, 0x5F, 0x1B, 0xE5, 0xA2, 0x7E, 0x3C, 0xAA, 0xCF, 0x00,
    0x53, 0x55, 0x52, 0x16, 0x59, 0x18, 0x72, 0x59, 0x7D, 0x32, 0xEA, 0xA0, 0xBE, 0x2C, 0xC7, 0xEA,
    0x28, 0x5F, 0x3F, 0xDA, 0x63, 0xCE, 0xCE, 0xFD, 0x75, 0x28, 0x96, 0x18, 0xDD, 0x07, 0x7B, 0x3E,
    0xAB, 0x27, 0xBC, 0x3D, 0x76, 0x04, 0xE8, 0x88, 0xBE, 0x6C, 0xF3, 0xF1, 0x06, 0xB6, 0xDD, 0x8F,
    0x50, 0x57, 0x87, 0x7B, 0xD6, 0x23, 0x6E, 0x39, 0x35, 0xF0, 0x1C, 0xC8, 0xB8, 0x1E, 0x65, 0xE3,
    0x0B, 0xE6, 0xB6, 0x2D, 0x90, 0x34, 0x56, 0x68, 0x00, 0x58, 0xF5, 0x8C, 0x97, 0x11, 0x46, 0x96,
    0xB6, 0xEE, 0xC1, 0x8D, 0x62, 0x46, 0xC4, 0x51, 0x76, 0xC0, 0x84, 0xB7, 0xE0, 0xB5, 0x4C, 0xEA,
    0x33, 0x93, 0xFE, 0xD2, 0x6C, 0x9F, 0xAB, 0x8A, 0xD2, 0xBD, 0x3D, 0xC0, 0xC8, 0xC4, 0xA1, 0x79,
    0x87, 0x81, 0x70, 0x7C, 0xCA, 0x8A, 0xB0, 0x66, 0x18, 0xBD, 0xB6, 0x16, 0x47, 0xEC, 0xEC, 0x01,
    0x15, 0xE9, 0x7C, 0x07, 0x3E, 0xE4, 0xA4, 0xA8, 0x34, 0x33, 0xC9, 0x92, 0xBE, 0xB5, 0x62, 0x92,
    0xF2, 0xCA, 0x49, 0x8D, 0xB6, 0x3E, 0x9F, 0x98, 0x9D, 0x6E, 0x58, 0x26, 0xE6, 0x04, 0x53, 0x2C,
    0x91, 0x2F, 0x4F, 0x37, 0x9B, 0x38, 0xF8, 0xD7, 0x63, 0x70, 0xE5, 0x0F, 0x49, 0x52, 0xDB, 0xF8,
    0xA7, 0x58, 0x2D, 0xA3, 0xE2, 0xD3, 0x95, 0xF6, 0x6C, 0xA5, 0x3D, 0x59, 0x69, 0x53, 0xC7, 0xC4,
    0x31, 0xED, 0x52, 0x27, 0x8D, 0x29, 0x5F, 0x9C, 0xF0, 0x39, 0x9F, 0x66, 0xD6, 0x42, 0x4F, 0xAE,
    0x37, 0xB0, 0x86, 0x43, 0xF5, 0xD6, 0xF4, 0x0C, 0x60, 0x1B, 0x71, 0x70, 0x35, 0x43, 0x57, 0xB7,
    0xE1, 0xD3, 0xC0, 0xDD, 0xF1, 0x81, 0x55, 0xAF, 0xEB, 0xC7, 0xCA, 0x2B, 0x13, 0xD9, 0xBF, 0xEB,
    0x10, 0x9C, 0x18, 0x99, 0x2C, 0x2C, 0xE5, 0xFE, 0x0D, 0x0D, 0xBD, 0x0B, 0xD6, 0xE3, 0x48, 0x82,
    0xA2, 0xFD, 0x28, 0xE4, 0xF7, 0xF0, 0x26, 0x69, 0xC1, 0xF2, 0xF8, 0x86, 0xEB, 0xAF, 0x57, 0xE6,
    0x9B, 0x04, 0xB0, 0x51, 0x66, 0x2B, 0x8E, 0xE1, 0x2B, 0x6B, 0x61, 0x09, 0x5A, 0x98, 0x99, 0x3A,
    0x74, 0x96, 0x37, 0x7C, 0x05, 0x2D, 0x20, 0xBA, 0x20, 0xB6, 0xD4, 0xFD, 0xDE, 0xE2, 0x0A, 0xA3,
    0xCA, 0x15, 0x31, 0x05, 0xD0, 0x01, 0x9F, 0xDC, 0x01, 0x68, 0xE1, 0xF3, 0x13, 0x4B, 0x29, 0x16,
    0x0F, 0x4D, 0x40, 0xD4, 0x48, 0xD1, 0xE9, 0x8C, 0xF6, 0x3E, 0xC5, 0x82, 0x43, 0x87, 0x78, 0x21,
    0x55, 0xC8, 0x14, 0x5E, 0x2F, 0x60, 0x95, 0xC6, 0x41, 0x5C, 0x2F, 0xDC, 0x5A, 0x2D, 0x3C, 0x04,
    0x1E, 0x96, 0x8E, 0xB6, 0x79, 0x7F, 0x8F, 0x75, 0x9B, 0x6F, 0xEA, 0x36, 0xD9, 0x4A, 0xF5, 0x74,
    0x37, 0xAA, 0x7E, 0xBE, 0x96, 0x07, 0x74, 0x52, 0x74, 0x97, 0x16, 0x3C, 0x41, 0x2A, 0xC7, 0xEF,
    0xA4, 0x4E, 0x4C, 0x34, 0x7F, 0x49, 0x47, 0x37, 0xBF, 0x98, 0x72, 0x52, 0x74, 0x24, 0x51, 0x72,
    0xE9, 0xA2, 0xBD, 0xFC, 0x4A, 0x16, 0x46, 0xE1, 0x7E, 0x0F, 0x6F, 0x57, 0xF8, 0x3A, 0x9F, 0x63,
    0x1A, 0xEC, 0x81, 0xF2, 0xF7, 0x0F, 0x51, 0x9E, 0x92, 0xCF, 0xC8, 0xA8, 0x93, 0x2D, 0xC9, 0xAF,
    0x77, 0xD3, 0x9B, 0xDC, 0x43, 0xC5, 0x92, 0xEA, 0xF0, 0xDE, 0x9E, 0x5E, 0xBB, 0x0C, 0x9A, 0xB3,
    0xC8, 0x92, 0xEA, 0x2F, 0x2D, 0xA9, 0x6F, 0xAA, 0x27, 0xEA, 0xDC, 0xCB, 0xD6, 0xDC, 0x5D, 0x0C,
    0x53, 0x82, 0xAB, 0xD9, 0x41, 0x19, 0xE9, 0x26, 0x7D, 0x56, 0x7E, 0xF2, 0xAD, 0x6E, 0x68, 0x7F,
    0x59, 0x87, 0xFB, 0x8D, 0x29, 0xC3, 0xF2, 0xF9, 0x8E, 0xEB, 0x04, 0x26, 0xA2, 0xEB, 0xA4, 0xF9,
    0x72, 0xF9, 0xBC, 0xF5, 0xAC, 0xD8, 0x7D, 0x46, 0xA7, 0x0A, 0xAD, 0xBA, 0x36, 0xB1, 0x57, 0x58,
    0x2C, 0x74, 0x32, 0x86, 0x15, 0xAB, 0x42, 0x8E, 0x7C, 0xB7, 0xC9, 0x21, 0x20, 0x9B, 0x47, 0x96,
    0x6F, 0x54, 0x22, 0x98, 0xF3, 0x3B, 0xB4, 0xEF, 0x7D, 0xF4, 0xA3, 0x9A, 0xA5, 0x8E, 0xA1, 0xEB,
    0xE1, 0x33, 0x27, 0x1B, 0xB8, 0x24, 0x63, 0xF1, 0xD4, 0x28, 0x86, 0x94, 0x0E, 0xCE, 0xB7, 0x91,
    0x24, 0xF6, 0x26, 0x8D, 0x85, 0x63, 0x90, 0x90, 0xAC, 0xAE, 0xA8, 0x9B, 0x34, 0xD5, 0x74, 0x35,
    0x3A, 0x46, 0xEE, 0x65, 0xED, 0xD3, 0xE0, 0x35, 0x13, 0x95, 0xBE, 0x51, 0x4A, 0x59, 0x04, 0xF7,
    0xD5, 0xDB, 0x54, 0xAD, 0xBA, 0xA0, 0xF1, 0x2C, 0x7E, 0x26, 0xE0, 0xA8, 0x1A, 0x3F, 0x94, 0x8B,
    0xD4, 0xD0, 0x6F, 0xCB, 0x29, 0xFB, 0x9F, 0xD5, 0xBD, 0x3B, 0x8C, 0x6F, 0xB2, 0xAD, 0x84, 0x9B,
    0xE1, 0xC6, 0xD9, 0xEA, 0x34, 0xB7, 0xBE, 0xA3, 0x5A, 0x04, 0x7F, 0x89, 0xA4, 0x1A, 0x98, 0x1E,
    0xDA, 0xAB, 0x75, 0xF0, 0x97, 0xC0, 0x4E, 0x0C, 0xF1, 0x77, 0xAF, 0xD3, 0x4A, 0x3A, 0x6B, 0x59,
    0x23, 0x46, 0xDB, 0xC3, 0x16, 0x79, 0x8F, 0x02, 0xE3, 0x65, 0xCD, 0x42, 0x6E, 0x90, 0x16, 0xC4,
    0x0E, 0x7B, 0xE3, 0x6D, 0x94, 0xBA, 0x46, 0xEA, 0xF6, 0xB1, 0xD6, 0x9C, 0x6F, 0x39, 0xF7, 0x47,
    0xEE, 0x7B, 0xCF, 0x45, 0x0B, 0xB0, 0x0B, 0x3D, 0x1D, 0x87, 0xD0, 0x36, 0xD4, 0x3A, 0xE6, 0xE8,
    0x29, 0xCB, 0xE2, 0xC4, 0x42, 0x6E, 0xDA, 0x83, 0x24, 0xF9, 0x16, 0xAF, 0x64, 0xD1, 0x1B, 0x1D,
    0x75, 0xDA, 0x4D, 0x82, 0x5C, 0xEC, 0x1E, 0x10, 0x73, 0xF7, 0x7C, 0x1E, 0xC5, 0xB3, 0x2E, 0x21,
    0x21, 0xC2, 0x8C, 0xCD, 0xAC, 0x62, 0xAC, 0xF8, 0xBC, 0x6E, 0xA1, 0x9B, 0x57, 0x64, 0x6D, 0xDC,
    0xAC, 0xE7, 0xB2, 0xE0, 0x0D, 0x86, 0xA3, 0x35, 0x0B, 0xF9, 0x30, 0x5D, 0x2B, 0x23, 0x79, 0xE9,
    0x04, 0x53, 0xFD, 0x06, 0xB5, 0xF0, 0xBA, 0x0E, 0x2C, 0xC1, 0x28, 0x8B, 0x9D, 0x76, 0x46, 0xB5,
    0x11, 0xD7, 0xFB, 0x2A, 0x18, 0xD4, 0xCD, 0x0E, 0xAF, 0x1B, 0x64, 0xFB, 0x88, 0x80, 0x2A, 0x61,
    0xBE, 0x9A, 0x50, 0x01, 0xDF, 0xB5, 0x44, 0x72, 0xE6, 0x60, 0xC0, 0xAF, 0x5B, 0x9F, 0xD1, 0x27,
    0x0F, 0xAA, 0x9A, 0xAD, 0x4B, 0xFC, 0x43, 0xC4, 0xD7, 0x7B, 0xC8, 0x40, 0x9F, 0x62, 0x1D, 0x93,
    0xE7, 0xD0, 0xB1, 0x81, 0xBE, 0xD5, 0x21, 0xE4, 0x04, 0x02, 0xCF, 0x97, 0xFE, 0x4A, 0x18, 0x83,
    0x6D, 0x94, 0xDA, 0x60, 0xDF, 0x15, 0x94, 0xFF, 0x99, 0xF5, 0xB5, 0xB4, 0x25, 0x87, 0x1C, 0xB5,
    0x5D, 0xB4, 0x0B, 0x23, 0x62, 0xD8, 0xC9, 0xD1, 0xF2, 0xF1, 0x06, 0xB3, 0x60, 0x62, 0xB2, 0x18,
    0x70, 0x43, 0x4F, 0xD8, 0x7B, 0x34, 0xA4, 0xDA, 0xD2, 0xD5, 0xE0, 0xC8, 0x33, 0x45, 0x30, 0xEF,
    0x28, 0xCF, 0xAB, 0x69, 0x65, 0xCD, 0xD4, 0x93, 0x66, 0x04, 0xAA, 0xB6, 0x64, 0xD8, 0x9E, 0x12,
    0x7F, 0xC2, 0x5B, 0x3A, 0x76, 0x1E, 0x26, 0x87, 0x63, 0xCF, 0xAC, 0xC9, 0x2B, 0xD2, 0x2D, 0xF9,
    0x39, 0xE5, 0xDB, 0x64, 0x5F, 0xE9, 0xAC, 0x1F, 0xDF, 0xD2, 0x59, 0xBF, 0x77, 0x5B, 0xAD, 0xEE,
    0xD1, 0x0F, 0x54, 0xEA, 0x3F, 0xF1, 0x0D, 0xF3, 0x6B, 0xDF, 0x26, 0x10, 0xBD, 0xB8, 0xE0, 0xF2,
    0xEB, 0x0B, 0xAE, 0x7B, 0x71, 0xC1, 0xA5, 0xD7, 0x17, 0x80, 0xDF, 0x5D, 0xE1, 0xC1, 0xE5, 0xEA,
    0xF2, 0x73, 0xCB, 0xAF, 0xF6, 0x2B, 0x3C, 0xDD, 0x44, 0xFD, 0xBD, 0x6D, 0x04, 0x53, 0x9B, 0xA5,
    0x7E, 0x80, 0x65, 0x86, 0x4E, 0x8B, 0x3A, 0x54, 0x51, 0xB4, 0xB2, 0xF3, 0xC0, 0x5F, 0x0C, 0x99,
    0xBC, 0xCF, 0xE2, 0x6D, 0xF8, 0x47, 0xB6, 0x40, 0x75, 0xC8, 0xBE, 0x99, 0x1C, 0x17, 0x06, 0xEA,
    0x99, 0xB0, 0xDD, 0xBF, 0x44, 0x92, 0x57, 0xB7, 0xA6, 0xF1, 0xFA, 0x37, 0x6D, 0x9D, 0x95, 0x5C,
    0x97, 0x78, 0x69, 0xE1, 0xDB, 0xCC, 0x3D, 0x97, 0xCF, 0x08, 0x3A, 0x29, 0xE7, 0xA2, 0xAD, 0xC1,
    0xF8, 0x29, 0x41, 0xD5, 0x90, 0xD5, 0xC3, 0x57, 0x9B, 0x94, 0x78, 0xAF, 0x89, 0x2C, 0x31, 0xD2,
    0x15, 0x62, 0xFE, 0x15, 0xE4, 0x4C, 0x4E, 0x83, 0x96, 0xC4, 0xB2, 0x20, 0x5A, 0xA4, 0x72, 0x8A,
    0x2E, 0x7D, 0x44, 0x1A, 0x97, 0x31, 0x1E, 0x86, 0x68, 0x05, 0x90, 0xB1, 0xC3, 0x4F, 0xB2, 0x85,
    0x0D, 0x92, 0x73, 0x3E, 0x6A, 0x19, 0x05, 0x8C, 0x86, 0x0F, 0xE6, 0x31, 0x5E, 0xCD, 0xE8, 0x86,
    0xAD, 0x2F, 0xF3, 0x5E, 0x47, 0x00, 0xEE, 0x3E, 0x8A, 0xC1, 0xD8, 0x9A, 0xAE, 0x61, 0x62, 0x56,
    0x57, 0x69, 0x00, 0x16, 0xFB, 0x55, 0xDA, 0xAE, 0xC8, 0xEC, 0x4D, 0x42, 0xEA, 0x7C, 0xE9, 0xD1,
    0xCE, 0x2B, 0x54, 0x6F, 0x5F, 0x1C, 0x8C, 0x76, 0x98, 0x7F, 0x76, 0xD4, 0x27, 0x97, 0x11, 0xFB,
    0x60, 0x47, 0x0C, 0x8F, 0x9B, 0x93, 0x68, 0xB9, 0x96, 0x77, 0x28, 0xEA, 0x8E, 0x9E, 0x1C, 0xA8,
    0xD2, 0xCE, 0xF1, 0x18, 0x9F, 0x5C, 0xE9, 0x1C, 0x14, 0x9C, 0x7E, 0x55, 0x37, 0x9E, 0xCD, 0xB7,
    0x2E, 0x4A, 0x6B, 0xCF, 0x67, 0xF2, 0x9D, 0x1C, 0xE1, 0xB5, 0x1C, 0xEB, 0xAA, 0x37, 0x96, 0x85,
    0xBB, 0xEA, 0xFD, 0x1C, 0x51, 0x0D, 0x1B, 0xEA, 0x58, 0xD2, 0x15, 0x02, 0x59, 0x21, 0x50, 0x15,
    0x7C, 0x09, 0x08, 0xEB, 0x19, 0x4E, 0x48, 0x0A, 0xC7, 0xA8, 0xC6, 0x0D, 0x75, 0x6E, 0xBA, 0x8F,
    0xC9, 0x09, 0x81, 0x5C, 0x96, 0xF9, 0x8E, 0x0C, 0x5A, 0x33, 0xBE, 0xF6, 0x0D, 0xF5, 0x6F, 0xA8,
    0x81, 0x43, 0x1D, 0x1C, 0x6A, 0xE1, 0x50, 0x0F, 0x07, 0xA1, 0x85, 0xBA, 0xB8, 0x39, 0x1D, 0x60,
    0xBB, 0xD6, 0xC8, 0xA1, 0x4E, 0x0E, 0xB5, 0xB2, 0x7F, 0xBC, 0xE7, 0x03, 0x80, 0xEF, 0x67, 0x20,
    0xDC, 0xD7, 0xD4, 0x0D, 0x89, 0x6B, 0xC7, 0x88, 0x4C, 0xF3, 0x7F, 0xE0, 0x94, 0xAB, 0x31, 0x74,
    0x85, 0x9E, 0xD1, 0xDD, 0xD2, 0xA5, 0xFF, 0xF4, 0x8B, 0xBA, 0xC7, 0xE9, 0xFF, 0x6B, 0xF7, 0xF8,
    0x7F, 0x01, 0x7D, 0x56, 0x31, 0x6F, 0x24, 0xB7, 0x15, 0xFE, 0x66, 0x46, 0x39, 0xDE, 0x65, 0xA0,
    0xA5, 0x0A, 0x15, 0x87, 0xDC, 0x49, 0x93, 0x42, 0x85, 0x0B, 0xAD, 0xA6, 0xB9, 0x62, 0x8B, 0x59,
    0xCD, 0x18, 0x2E, 0x0E, 0xAE, 0xAC, 0x9F, 0xA0, 0x5F, 0x60, 0x5F, 0x80, 0x2D, 0x36, 0xC0, 0xEA,
    0x86, 0x41, 0x8A, 0x54, 0x01, 0x16, 0x48, 0xED, 0x20, 0x3F, 0x41, 0x01, 0x54, 0xC8, 0x80, 0x7C,
    0xCB, 0x43, 0x0A, 0xB7, 0x34, 0xE2, 0xDE, 0x03, 0xC3, 0xE9, 0x19, 0x60, 0x00, 0xCF, 0x25, 0xB3,
    0xCB, 0x7C, 0xE4, 0xEC, 0x2A, 0x3A, 0xC3, 0xF6, 0x2E, 0x87, 0xE4, 0x72, 0x1E, 0xDF, 0x7B, 0x7C,
    0xEF, 0x7B, 0x1F, 0xB7, 0x56, 0xB9, 0x96, 0x26, 0xB1, 0x68, 0xB1, 0x80, 0x43, 0xDC, 0x43, 0x58,
    0x48, 0x8D, 0x73, 0xE0, 0x06, 0x40, 0xA9, 0xE1, 0x4C, 0xE2, 0x6C, 0xFA, 0x5D, 0x9B, 0x57, 0xFD,
    0x2D, 0xC6, 0xF1, 0x1A, 0x97, 0x99, 0xFB, 0xDA, 0x16, 0xB9, 0x33, 0xAF, 0x52, 0xA7, 0x2E, 0xA2,
    0x0D, 0x4A, 0xB7, 0x59, 0xB9, 0x75, 0xE9, 0x9C, 0x9F, 0xE1, 0x12, 0x4F, 0x67, 0x28, 0xAE, 0xA2,
    0xB6, 0x74, 0x36, 0x73, 0x5A, 0xAC, 0x91, 0xA3, 0x56, 0xB5, 0xAE, 0x55, 0xCE, 0xD9, 0x55, 0xA9,
    0x36, 0x6C, 0x39, 0xEE, 0x9E, 0x75, 0xA8, 0x1D, 0x6E, 0xF2, 0x0A, 0x59, 0x85, 0x12, 0xE9, 0x1A,
    0x72, 0x09, 0x09, 0x1C, 0x03, 0xF1, 0x06, 0xDC, 0x79, 0x9E, 0x34, 0x45, 0x64, 0xD9, 0x38, 0xE1,
    0x4F, 0x2E, 0xA2, 0x7C, 0xBB, 0x81, 0x4B, 0xBA, 0xB8, 0x97, 0x8D, 0x68, 0x72, 0x25, 0xD5, 0x15,
    0xA6, 0xB0, 0xFC, 0x2E, 0x16, 0xB1, 0x2D, 0xA5, 0xC9, 0x5C, 0x25, 0xD7, 0x10, 0x1D, 0xE4, 0xF1,
    0xB8, 0x28, 0x16, 0x32, 0x31, 0xC7, 0x89, 0x1E, 0x0B, 0x5D, 0x08, 0x55, 0xA4, 0xD5, 0x42, 0xA2,
    0xFC, 0xC3, 0x1A, 0x99, 0x76, 0x48, 0x9B, 0xB2, 0x8A, 0x5B, 0x9E, 0xB3, 0x4F, 0x1A, 0x9C, 0x51,
    0xC1, 0x1D, 0xA2, 0xB5, 0x6F, 0x17, 0xDD, 0xE1, 0x35, 0xE6, 0x8B, 0xC8, 0x96, 0xAE, 0xC9, 0x9D,
    0xA2, 0xF7, 0x78, 0x53, 0x09, 0x47, 0x07, 0xDA, 0xB2, 0xBA, 0x9B, 0xA3, 0xE0, 0xF1, 0xB0, 0x87,
    0x3B, 0x61, 0x32, 0x14, 0x0C, 0xD9, 0x0A, 0x2B, 0xBD, 0x32, 0xB5, 0xC9, 0x94, 0x68, 0x64, 0x2F,
    0xFB, 0xB4, 0x8F, 0x7A, 0x2A, 0x6B, 0xA3, 0x26, 0xD3, 0x5F, 0xE2, 0x02, 0xA9, 0x29, 0x6D, 0xDD,
    0x38, 0xB3, 0x41, 0xC7, 0x80, 0xCE, 0x69, 0x2B, 0xD5, 0xD1, 0xCF, 0xC8, 0xAE, 0xAA, 0x52, 0x49,
    0x2D, 0x9A, 0xC8, 0x52, 0x70, 0xA5, 0xB0, 0x41, 0xD2, 0xD1, 0x53, 0x1F, 0x9F, 0x82, 0xB9, 0x78,
    0x8A, 0x53, 0x14, 0x65, 0x5F, 0x7B, 0x45, 0xD7, 0xB8, 0x7C, 0xC2, 0x48, 0x8D, 0x51, 0xF6, 0x65,
    0x3F, 0xA1, 0xF8, 0x25, 0x83, 0xA9, 0x57, 0x4E, 0x41, 0x28, 0xA4, 0x95, 0x8F, 0xE3, 0x10, 0xCA,
    0x23, 0x50, 0x48, 0x18, 0x69, 0x65, 0x9B, 0xB4, 0x3E, 0x54, 0x42, 0x9F, 0xE3, 0x00, 0x42, 0x97,
    0xFA, 0x2E, 0x44, 0xAE, 0xC3, 0x6B, 0x2F, 0x37, 0x0F, 0xF9, 0xB6, 0xBE, 0x95, 0xAE, 0x2A, 0x1D,
    0xF2, 0xD0, 0xC7, 0x06, 0x89, 0x0E, 0x4D, 0x01, 0xCB, 0xA8, 0x89, 0x4D, 0xBD, 0x59, 0x6D, 0x12,
    0x25, 0xAA, 0x47, 0x94, 0xD3, 0xB4, 0xF9, 0x7F, 0x6B, 0x19, 0x78, 0xBA, 0x83, 0x2B, 0xAC, 0x7A,
    0xAC, 0x5A, 0xE4, 0x86, 0x86, 0x8B, 0x10, 0xA3, 0x39, 0x0F, 0xB9, 0xEA, 0xEA, 0x36, 0x6B, 0xA4,
    0x2A, 0x75, 0x69, 0x4A, 0x9D, 0x55, 0x03, 0x12, 0xEA, 0x6A, 0x73, 0xC6, 0x58, 0xAE, 0xBD, 0xCD,
    0x2B, 0xA1, 0x6F, 0x12, 0xC3, 0xC6, 0x09, 0x7F, 0x72, 0x31, 0xB5, 0x92, 0x92, 0x67, 0xD4, 0xF1,
    0xCA, 0x9F, 0xDE, 0x07, 0xE1, 0x35, 0x50, 0x6B, 0x48, 0xE3, 0xC3, 0x92, 0x1A, 0xA6, 0xD2, 0x3B,
    0xDB, 0x01, 0x5F, 0xF2, 0x8C, 0xC8, 0x15, 0x71, 0x84, 0x1A, 0x4C, 0x0A, 0x6A, 0x62, 0x8A, 0x69,
    0xDE, 0xE0, 0x78, 0x3C, 0x2D, 0x16, 0xB7, 0xB9, 0x73, 0x3D, 0x01, 0xDA, 0x9D, 0x23, 0x6A, 0x79,
    0x54, 0x3B, 0xE3, 0x73, 0x09, 0x5C, 0x5C, 0x1E, 0xC6, 0xB8, 0x2E, 0x04, 0x2C, 0xB1, 0xB1, 0xFA,
    0x96, 0x7E, 0xBC, 0x6C, 0x19, 0x87, 0xE9, 0x34, 0x6E, 0xF3, 0x4F, 0x8C, 0x74, 0x8A, 0x0A, 0x44,
    0x1F, 0xCA, 0x60, 0xD5, 0xC4, 0xDB, 0x32, 0x20, 0x0A, 0xC6, 0xBF, 0xC5, 0xE3, 0x09, 0x8A, 0x29,
    0xBA, 0xDC, 0x59, 0xE9, 0x8C, 0xC7, 0xE6, 0x0E, 0x26, 0xE7, 0x3B, 0x98, 0xB0, 0x32, 0x3E, 0x48,
    0x5D, 0x73, 0x7B, 0x24, 0x9D, 0x2D, 0x12, 0x67, 0x4E, 0x98, 0x60, 0xD6, 0x09, 0x3D, 0xA9, 0x9D,
    0x73, 0x9C, 0xB2, 0x60, 0x24, 0x3B, 0xA2, 0xD6, 0x31, 0x8E, 0xEF, 0x7F, 0xE8, 0xAC, 0x53, 0x41,
    0x6E, 0xAB, 0x66, 0x7E, 0xFC, 0x40, 0x0D, 0xDF, 0x5A, 0xBE, 0x6C, 0xBC, 0x14, 0xB5, 0xD4, 0xC3,
    0x30, 0x7C, 0x22, 0xAA, 0x92, 0x0D, 0x3C, 0x80, 0xD2, 0x2E, 0x0C, 0xFE, 0x04, 0xB5, 0x01, 0xAE,
    0xF8, 0xF6, 0x60, 0x27, 0x15, 0xFA, 0x24, 0x98, 0x4D, 0x95, 0xEF, 0xB3, 0xB0, 0x32, 0x0D, 0xFD,
    0x5D, 0xE8, 0x5B, 0xDF, 0xC5, 0x8D, 0xEF, 0x45, 0x10, 0x94, 0x95, 0xEF, 0xF3, 0x07, 0x82, 0x5D,
    0xD0, 0x65, 0x83, 0x2E, 0x13, 0x74, 0x3D, 0x10, 0x3C, 0x0F, 0x22, 0x8B, 0x07, 0xBA, 0x1E, 0x08,
    0xCA, 0x5F, 0x32, 0x9A, 0xFC, 0xA2, 0xD1, 0x0F, 0x1E, 0xC4, 0x49, 0x54, 0xA9, 0x89, 0x3D, 0x8E,
    0x6D, 0xDC, 0xE4, 0x84, 0xF6, 0x29, 0x61, 0x42, 0x9C, 0x4C, 0xF8, 0xDC, 0xF8, 0x64, 0x33, 0x34,
    0x96, 0x91, 0xB6, 0x1E, 0x00, 0xFE, 0xF1, 0xEF, 0x26, 0xC0, 0x8C, 0x00, 0xB8, 0xF1, 0xEB, 0x8C,
    0x9B, 0x4D, 0x9B, 0x37, 0xC8, 0xFF, 0xEB, 0x30, 0xCF, 0x45, 0x75, 0x7D, 0x24, 0xAA, 0x8B, 0xC7,
    0x31, 0xF6, 0xF6, 0x8E, 0xA7, 0xB2, 0x4B, 0x9B, 0xDC, 0x16, 0xB7, 0x07, 0x07, 0x38, 0x4C, 0x3A,
    0xB2, 0x4B, 0x95, 0x21, 0xF3, 0x15, 0x6A, 0x12, 0x93, 0x9A, 0x5A, 0x7D, 0x11, 0xD2, 0x67, 0x7D,
    0xD7, 0xFC, 0x44, 0xFA, 0x74, 0xC8, 0x21, 0x93, 0xA5, 0xEF, 0x8B, 0xBA, 0x56, 0x9E, 0x63, 0x3B,
    0x88, 0xC6, 0x1F, 0x8B, 0xBE, 0x0C, 0x74, 0xFA, 0xD6, 0x4E, 0x48, 0xA7, 0xD7, 0x81, 0x4E, 0xC9,
    0x4F, 0xDC, 0x91, 0xEB, 0x54, 0x0B, 0x25, 0x7D, 0x59, 0xF2, 0x73, 0x01, 0x4F, 0xCC, 0x48, 0x7A,
    0x64, 0x1F, 0xB5, 0x77, 0xE5, 0x3F, 0xFE, 0xBD, 0x2E, 0xBF, 0x7A, 0xBB, 0xCE, 0x53, 0x45, 0x7A,
    0xA0, 0xAD, 0xAA, 0x26, 0xE2, 0x1D, 0x56, 0x86, 0xF4, 0xE1, 0xDC, 0x86, 0xCF, 0x9A, 0x94, 0x71,
    0x37, 0xDE, 0x86, 0xE2, 0x10, 0x38, 0xF1, 0x10, 0x33, 0xF9, 0xCF, 0xE0, 0xAC, 0xF2, 0xF8, 0x81,
    0x67, 0xCA, 0x44, 0x4F, 0x77, 0x4C, 0x79, 0xCB, 0x82, 0xB0, 0x8E, 0x71, 0xF5, 0x45, 0x9F, 0x6C,
    0xB7, 0x59, 0x88, 0xFF, 0x98, 0xC1, 0xE1, 0x92, 0x0E, 0x93, 0x20, 0x2F, 0x7E, 0x4F, 0x86, 0xBC,
    0xDE, 0x81, 0x8A, 0xF9, 0x25, 0xCB, 0x84, 0x87, 0xB8, 0x61, 0x55, 0x9C, 0xB0, 0x38, 0x6E, 0x0A,
    0xE9, 0x9A, 0x93, 0xC8, 0x85, 0x3C, 0x86, 0x8C, 0x97, 0xD5, 0xF0, 0x9C, 0x71, 0xCB, 0x9B, 0xEA,
    0x69, 0x4A, 0x60, 0x1F, 0x0B, 0x67, 0x9F, 0x7A, 0xB0, 0xEE, 0xF2, 0xFA, 0x0E, 0x97, 0xB9, 0x7B,
    0xDB, 0xCC, 0x72, 0xA7, 0x2F, 0x7D, 0x79, 0x55, 0x95, 0xC0, 0xDF, 0x58, 0x5E, 0xB5, 0x2F, 0xE4,
    0x76, 0x3F, 0xD6, 0x7B, 0xF1, 0x20, 0x19, 0x9B, 0xD4, 0x96, 0x7D, 0xCA, 0x20, 0x93, 0x2D, 0x54,
    0x56, 0xD5, 0x6D, 0xE2, 0x74, 0xB6, 0xDE, 0x0E, 0x43, 0x00, 0xC7, 0xF7, 0xC3, 0xA8, 0xB8, 0xC6,
    0xF8, 0x30, 0x0C, 0x87, 0x88, 0x07, 0x5E, 0xDB, 0x0E, 0xDB, 0x0F, 0x19, 0x13, 0x2F, 0x30, 0x0F,
    0xC3, 0xFD, 0x3E, 0x42, 0x06, 0xCF, 0xEF, 0x87, 0xF7, 0x74, 0x6E, 0x37, 0xEC, 0x86, 0x1F, 0xE9,
    0x1C, 0xF9, 0xE0, 0xCC, 0x82, 0xBD, 0xA3, 0x79, 0xA0, 0xB0, 0x1F, 0x6D, 0x7F, 0xDF, 0x5D, 0xC3,
    0x8A, 0x2A, 0x8D, 0xE8, 0x45, 0x5F, 0x9A, 0x0E, 0x86, 0x15, 0x23, 0x9B, 0xF3, 0x40, 0xA3, 0x53,
    0xE4, 0x95, 0xA8, 0x22, 0x52, 0x92, 0xBF, 0x98, 0xDA, 0x29, 0x6E, 0x6F, 0xB8, 0xDA, 0x7B, 0x60,
    0xB0, 0x45, 0xA1, 0x6C, 0x9E, 0xEF, 0x23, 0x2F, 0x21, 0x7B, 0xF0, 0x3E, 0x4F, 0x7B, 0xE4, 0xB5,
    0x5F, 0x09, 0xD1, 0xF4, 0x05, 0xF4, 0x8C, 0xF4, 0xD6, 0xF8, 0xC6, 0x89, 0x67, 0x49, 0xE1, 0xDD,
    0x65, 0x1A, 0xB2, 0x77, 0x88, 0x9D, 0x6F, 0x9C, 0xF0, 0x27, 0x17, 0x97, 0xF8, 0x35, 0x78, 0x1D,
    0x57, 0xE5, 0xF7, 0xB9, 0xA2, 0x27, 0xDA, 0x7B, 0x53, 0x7E, 0xFF, 0x85, 0x5D, 0xC3, 0xB6, 0xCB,
    0xB8, 0x59, 0xA4, 0xFC, 0x87, 0x10, 0x13, 0xD1, 0x51, 0x23, 0x88, 0xB9, 0x69, 0xB8, 0xE0, 0x57,
    0x44, 0x7A, 0x28, 0xF8, 0xBD, 0x39, 0x4E, 0x67, 0xC8, 0x7F, 0xA7, 0x63, 0xD7, 0xAC, 0x3A, 0xBC,
    0xF8, 0x56, 0xC5, 0xFF, 0x54, 0xF1, 0xD7, 0x81, 0x1C, 0x2C, 0x0B, 0x8D, 0x18, 0x2C, 0xB2, 0x3F,
    0x9A, 0xB9, 0x8C, 0x1A, 0xFF, 0xF8, 0xB9, 0x5F, 0x4B, 0xDB, 0x0D, 0x9E, 0x84, 0x2B, 0xA3, 0x5C,
    0xD7, 0x3D, 0x07, 0xDE, 0x69, 0x93, 0x6D, 0x89, 0x9F, 0x86, 0xF1, 0x78, 0x4B, 0x05, 0xB7, 0x03,
    0x3D, 0xF0, 0x06, 0x80, 0x5B, 0xE2, 0x91, 0xC7, 0x95, 0x87, 0x77, 0x88, 0xC0, 0x67, 0xEE, 0x1D,
    0x42, 0x94, 0x03, 0xB9, 0x1D, 0x87, 0x51, 0x6E, 0x09, 0x6E, 0x11, 0x70, 0xE9, 0xFF, 0xDF, 0x60,
    0xB5, 0xC4, 0xAF, 0x3C, 0xD6, 0x52, 0xEE, 0xEB, 0xB6, 0xFB, 0xAA, 0xA1, 0x18, 0x06, 0x76, 0x0E,
    0xB7, 0xC5, 0x7D, 0x8F, 0xCF, 0x36, 0xDE, 0xB2, 0x4D, 0x58, 0x5D, 0x1E, 0x70, 0x52, 0x3D, 0xA2,
    0x9D, 0x4C, 0xD1, 0x8E, 0xF0, 0x4B, 0x24, 0x13, 0x3C, 0x0B, 0x1C, 0xF0, 0x1B, 0xB7, 0x59, 0x7A,
    0x4C, 0xFA, 0x6D, 0xDC, 0x92, 0xFF, 0x8B, 0xAA, 0x2D, 0xA2, 0x77, 0x03, 0xBF, 0x0D, 0x84, 0x96,
    0x61, 0xF0, 0x4B, 0xA8, 0xC3, 0xA1, 0x6A, 0x86, 0xC2, 0x18, 0x7A, 0x13, 0x2C, 0xDA, 0xD0, 0x77,
    0xC1, 0x93, 0x81, 0x33, 0xC3, 0x09, 0xE2, 0x5D, 0x9D, 0xAD, 0x55, 0xFA, 0xB2, 0x22, 0x53, 0x15,
    0x29, 0x66, 0x12, 0xB3, 0x11, 0x66, 0x63, 0x4C, 0x3E, 0x47, 0xFE, 0x89, 0x8A, 0xBB, 0xD1, 0x51,
    0x71, 0x34, 0x9B, 0xAF, 0x96, 0x96, 0xC8, 0x9B, 0x9F, 0x64, 0xCD, 0x88, 0x18, 0x04, 0xD3, 0x79,
    0xCA, 0xEF, 0x84, 0xD9, 0x7D, 0xC5, 0xF5, 0xBF, 0xF3, 0x2E, 0x20, 0xF5, 0x48, 0x86, 0x36, 0x51,
    0x93, 0x44, 0xCF, 0x12, 0x35, 0x13, 0x15, 0x55, 0x15, 0xA7, 0xFE, 0xEE, 0x78, 0x9D, 0xE8, 0x51,
    0xA2, 0xF6, 0x93, 0xEA, 0xB9, 0xC0, 0x69, 0x8A, 0xC9, 0x08, 0x2F, 0xCE, 0x30, 0xF9, 0x2B, 0xC8,
    0x38, 0xFC, 0xEB, 0x35, 0x2A, 0x9E, 0xCC, 0xA9, 0xC3, 0x7F, 0xE7, 0x87, 0x59, 0xE3, 0x13, 0x11,
    0x11, 0xA9, 0x3A, 0x62, 0x12, 0x5F, 0xAA, 0x9F, 0xF4, 0x8A, 0x37, 0xB3, 0xA8, 0x3C, 0x0A, 0xD3,
    0x12, 0xA3, 0x3F, 0x55, 0xB4, 0x7B, 0x74, 0xAF, 0x79, 0xE4, 0x25, 0xAF, 0x53, 0x55, 0xE6, 0x2F,
    0x4D, 0xFA, 0x97, 0x6F, 0xAC, 0xFC, 0xC8, 0x58, 0x5A, 0x6F, 0x8E, 0xC4, 0x87, 0xE6, 0x34, 0x8D,
    0x75, 0x21, 0x63, 0x3D, 0x19, 0x45, 0xED, 0xEB, 0x4F, 0x47, 0x1F, 0x4B, 0x56, 0xD9, 0xEE, 0x14,
    0x11, 0x12, 0xB2, 0x5F, 0xD9, 0xEC, 0xE3, 0xF9, 0x76, 0x6D, 0xC2, 0x12, 0xB9, 0xF3, 0xAA, 0xD5,
    0x7E, 0xAC, 0x46, 0x09, 0x64, 0x8C, 0xF4, 0x31, 0xC4, 0x09, 0xC4, 0x12, 0x31, 0xCD, 0xEB, 0x36,
    0xFA, 0x4E, 0xE3, 0x87, 0x80, 0x8F, 0x05, 0xE2, 0x3F, 0x23, 0xE5, 0x81, 0x85, 0xFE, 0x1F, 0xED,
    0x7D, 0x3B, 0xB0, 0xE5, 0xD6, 0x95, 0x1D, 0x2E, 0xD0, 0x6C, 0xCC, 0x08, 0x23, 0x81, 0x81, 0x6A,
    0x4A, 0x56, 0x8F, 0x1A, 0x0A, 0x54, 0xE5, 0xA9, 0x1A, 0xB2, 0x91, 0x28, 0x60, 0xF0, 0xBA, 0x01,
    0x91, 0x55, 0x56, 0x30, 0x81, 0x18, 0x7B, 0x02, 0x39, 0x70, 0x60, 0x97, 0x83, 0x76, 0xC0, 0xA0,
    0x83, 0xD7, 0x0D, 0x90, 0x0A, 0x14, 0x28, 0x50, 0x27, 0x0E, 0x5D, 0xA3, 0x60, 0x32, 0x07, 0x52,
    0xC0, 0xA0, 0x6D, 0x37, 0x1B, 0x90, 0x14, 0x28, 0x98, 0x40, 0x57, 0xB2, 0xAB, 0x26, 0x50, 0x20,
    0x8C, 0xC4, 0xF2, 0xCC, 0xD4, 0x78, 0x8A, 0xA0, 0x75, 0x3D, 0xBA, 0x2D, 0xE2, 0x02, 0x3E, 0x6B,
    0xAD, 0x7D, 0x00, 0xDC, 0xF7, 0x5E, 0x7F, 0xF8, 0x11, 0x45, 0x8A, 0xEE, 0x22, 0x01, 0xBC, 0xDF,
    0xC5, 0x39, 0xFB, 0xEC, 0xB3, 0xBF, 0x6B, 0xEF, 0x13, 0x04, 0xC1, 0x14, 0xF0, 0x5F, 0x51, 0xF2,
    0x96, 0xB7, 0xBC, 0x25, 0x5B, 0xDE, 0xA2, 0x4E, 0x3F, 0xEC, 0x75, 0xFB, 0x62, 0x70, 0xF6, 0x5F,
    0x3A, 0xB9, 0x7F, 0x6D, 0xF0, 0x29, 0xDC, 0xEA, 0x20, 0xA8, 0xDA, 0x20, 0x77, 0x9F, 0x53, 0xD5,
    0x41, 0xEA, 0x7E, 0x58, 0x95, 0xBC, 0x35, 0x01, 0x6F, 0xEE, 0x3D, 0x57, 0xDD, 0x6D, 0xE4, 0xDF,
    0x6D, 0x74, 0x0B, 0x0F, 0xBA, 0x0D, 0x7A, 0x9B, 0xDD, 0xA6, 0x09, 0x3F, 0x8D, 0xA7, 0x09, 0x3F,
    0x4D, 0xF4, 0xEE, 0xF4, 0xF8, 0xA6, 0x71, 0x65, 0xDB, 0xF5, 0x98, 0x8B, 0x96, 0x03, 0x2D, 0xEA,
    0x60, 0xD3, 0x71, 0x0C, 0x91, 0xFB, 0x71, 0x53, 0x06, 0x49, 0xCB, 0x97, 0xBB, 0xDF, 0xBA, 0xA9,
    0x61, 0x36, 0xB8, 0x71, 0xBA, 0xFB, 0xCD, 0x8E, 0xAF, 0xE7, 0x9B, 0xED, 0xB6, 0xD9, 0xF1, 0x9B,
    0x8F, 0xF9, 0xF7, 0x71, 0x9E, 0x74, 0x82, 0xDB, 0xA8, 0x29, 0x1C, 0x82, 0xB4, 0x76, 0x9F, 0x3D,
    0x04, 0x19, 0x5E, 0x71, 0x1A, 0x5C, 0xC3, 0x2B, 0x4E, 0x83, 0x13, 0xBC, 0xE2, 0x56, 0xF0, 0xA7,
    0xF8, 0xE3, 0x7F, 0x6B, 0xAF, 0x58, 0xDD, 0x6A, 0xDE, 0xAA, 0x7F, 0x35, 0x82, 0x82, 0xEE, 0x53,
    0xF7, 0x98, 0xA6, 0xFB, 0x87, 0xDB, 0xCB, 0x97, 0x1D, 0x5D, 0x36, 0x6E, 0x06, 0xD5, 0x96, 0xD3,
    0xCC, 0x3B, 0x4E, 0x33, 0xEB, 0x39, 0x4D, 0xF7, 0x92, 0x68, 0xCF, 0x5B, 0xBC, 0xE3, 0x37, 0x31,
    0xCD, 0xAC, 0xE3, 0xFC, 0xDC, 0xBB, 0x52, 0xCD, 0xC3, 0x7D, 0x03, 0x23, 0xAF, 0xF8, 0x37, 0xB9,
    0x23, 0xF4, 0xD4, 0x07, 0x85, 0xBB, 0x8D, 0xE5, 0x9A, 0x18, 0xB9, 0xA8, 0x50, 0xE9, 0x9B, 0x46,
    0x51, 0xAD, 0x5B, 0xAC, 0x81, 0x3E, 0xF3, 0x88, 0x85, 0x2B, 0xB5, 0x70, 0x01, 0x17, 0xAE, 0xD2,
    0x8C, 0x72, 0x7D, 0xD4, 0x35, 0x2D, 0xDC, 0xF3, 0x5A, 0xB8, 0xE7, 0xCF, 0x2E, 0xDC, 0xE6, 0xC2,
    0x85, 0xDB, 0xEB, 0xA5, 0x7A, 0xF7, 0xBB, 0x5B, 0xB8, 0x15, 0x39, 0x75, 0x6B, 0x38, 0x9D, 0xCD,
    0xC4, 0xAF, 0x2A, 0x0E, 0x12, 0x24, 0xD6, 0xE8, 0x37, 0xCD, 0x43, 0xFC, 0x39, 0x58, 0x2F, 0x1C,
    0x83, 0xA2, 0x0F, 0xD2, 0x1D, 0xDE, 0xE0, 0x3E, 0xC8, 0xBD, 0xD5, 0xFD, 0x65, 0xDC, 0x61, 0x9C,
    0x1B, 0x1B, 0x58, 0xB2, 0x5B, 0x46, 0x90, 0x73, 0x00, 0x05, 0xDF, 0x5F, 0x90, 0xC3, 0xDC, 0x67,
    0x0F, 0xFE, 0xAD, 0xCD, 0xFA, 0x5A, 0x2E, 0xCF, 0xFA, 0x69, 0xD5, 0xFA, 0xBF, 0xFD, 0x62, 0x90,
    0xF7, 0xC1, 0xC6, 0xBD, 0xF6, 0x10, 0x5C, 0xE9, 0xC0, 0xB0, 0x6E, 0x20, 0x6E, 0x74, 0xA0, 0x4D,
    0x32, 0xF1, 0x0D, 0x57, 0xA6, 0xBB, 0x64, 0x86, 0x01, 0x64, 0x09, 0x27, 0xCE, 0xDC, 0x5D, 0x33,
    0xD2, 0xD9, 0xCD, 0xF4, 0x06, 0xAF, 0xCF, 0xFA, 0x59, 0x8B, 0x04, 0x1A, 0x5C, 0xB6, 0xD7, 0x02,
    0x69, 0x2F, 0x70, 0xA4, 0xE4, 0x2C, 0x37, 0x5F, 0x92, 0x57, 0x24, 0xD1, 0x0F, 0x0A, 0xFD, 0x45,
    0x8F, 0x25, 0x76, 0x13, 0xBC, 0xC1, 0x6B, 0xC5, 0xB7, 0xB9, 0x45, 0x74, 0x64, 0x76, 0x1F, 0x0C,
    0x46, 0xDA, 0x6D, 0x26, 0xEE, 0x28, 0x7C, 0xCE, 0x4D, 0xB2, 0x4F, 0x8A, 0x31, 0x67, 0xDC, 0xB5,
    0x4D, 0xE7, 0xA9, 0x4F, 0x1E, 0x6A, 0x82, 0xC0, 0x44, 0x21, 0x2F, 0xA3, 0x5F, 0x6E, 0x2E, 0x36,
    0x29, 0xCA, 0x85, 0xE6, 0x32, 0x93, 0xB4, 0x5C, 0x69, 0x92, 0x97, 0xCB, 0xCB, 0xC5, 0xE5, 0xD2,
    0x72, 0x56, 0xFA, 0xE0, 0xDA, 0x28, 0xCA, 0x05, 0xAD, 0x40, 0xF7, 0x66, 0x92, 0x88, 0x89, 0xB7,
    0xEE, 0x43, 0xB1, 0x1F, 0x70, 0xE1, 0x97, 0x8F, 0x10, 0x34, 0x1F, 0x85, 0xE1, 0x6A, 0x1C, 0x36,
    0x10, 0x8D, 0xC4, 0xD6, 0x4E, 0xDB, 0x8F, 0x83, 0x31, 0x3D, 0xA2, 0xEB, 0xB8, 0x6C, 0x17, 0xED,
    0x16, 0xF1, 0xA4, 0xF6, 0x8A, 0xB6, 0x8A, 0xF8, 0x53, 0xFB, 0x45, 0x5C, 0xAA, 0x6D, 0xA2, 0x5D,
    0xA2, 0x4D, 0x52, 0xAC, 0xAF, 0xF5, 0xC5, 0x2F, 0x7C, 0xEC, 0xAB, 0x92, 0xD5, 0x07, 0x93, 0x91,
    0x0B, 0xFE, 0x7A, 0xF5, 0xA6, 0xE8, 0x9B, 0x43, 0x10, 0xEC, 0xC5, 0xB9, 0xEE, 0x9F, 0xBE, 0x7B,
    0xDF, 0xEF, 0x6C, 0xF7, 0x14, 0x6B, 0x73, 0x07, 0x7B, 0xBF, 0xB1, 0x83, 0x9D, 0xDF, 0xD4, 0xD8,
    0x08, 0x7A, 0x0A, 0x7B, 0xBF, 0xC3, 0x9D, 0xBA, 0xB4, 0x4D, 0xEE, 0xA4, 0xB0, 0xED, 0x73, 0x27,
    0x8D, 0x8A, 0xE9, 0x21, 0x07, 0x53, 0x63, 0xF3, 0xE1, 0xE7, 0x69, 0xE9, 0xA6, 0x93, 0x81, 0x00,
    0x19, 0xA6, 0xC4, 0xF7, 0xE5, 0x98, 0x16, 0x05, 0xCD, 0x0D, 0x4E, 0x0D, 0xB3, 0xBB, 0xCD, 0xE9,
    0x4D, 0x1C, 0xCA, 0xC6, 0x9E, 0xF6, 0x9C, 0xEC, 0xC4, 0xD7, 0x62, 0xC2, 0x60, 0x71, 0x8A, 0x4A,
    0xFC, 0x42, 0xBA, 0xC5, 0xC4, 0x23, 0xAC, 0x5C, 0x0B, 0x3A, 0xBB, 0xF1, 0x57, 0x13, 0xC9, 0xE0,
    0x76, 0x4B, 0x75, 0x00, 0xA5, 0x37, 0xEE, 0x27, 0x85, 0xFB, 0x90, 0x86, 0x0A, 0xC7, 0x89, 0x51,
    0x68, 0x84, 0xBB, 0xB6, 0xC8, 0x05, 0x65, 0x0D, 0x16, 0xBA, 0xE0, 0xBE, 0xC6, 0x62, 0x9B, 0x34,
    0x02, 0xFD, 0x27, 0x2F, 0x73, 0x4D, 0x12, 0x36, 0xB3, 0x30, 0x9C, 0x66, 0x79, 0xB8, 0x3C, 0x8D,
    0x7E, 0x15, 0xF0, 0xDB, 0x5A, 0x74, 0xFC, 0xB6, 0x28, 0x09, 0xF1, 0x31, 0x4D, 0xBF, 0x29, 0xFD,
    0xD3, 0xB4, 0xD3, 0xEF, 0x64, 0x5D, 0x7C, 0x10, 0x73, 0xB8, 0xA1, 0x69, 0xE8, 0xA0, 0x24, 0x94,
    0x6B, 0x4F, 0x56, 0x70, 0xFF, 0x81, 0xDA, 0x6E, 0x38, 0xEE, 0x09, 0xD4, 0x76, 0xC3, 0x71, 0x4F,
    0xA0, 0x76, 0x53, 0xDA, 0x2F, 0x50, 0x7F, 0xD4, 0x7E, 0xC8, 0xEE, 0xDB, 0x60, 0xED, 0x31, 0xD8,
    0xE8, 0x0B, 0xA7, 0x98, 0xE2, 0x81, 0xD3, 0x72, 0xB7, 0x7C, 0x07, 0x4E, 0xDF, 0x78, 0x1D, 0x79,
    0x08, 0xC5, 0x07, 0x1F, 0x98, 0x9A, 0xFC, 0xD7, 0x63, 0x7D, 0x5E, 0x4D, 0x96, 0x97, 0x27, 0xD1,
    0xD0, 0x09, 0x5A, 0xA8, 0x49, 0xF7, 0x37, 0xA0, 0x8C, 0xBB, 0x45, 0x76, 0xDB, 0xF3, 0x13, 0x40,
    0x10, 0x37, 0x3D, 0xD0, 0x00, 0x66, 0x45, 0x2F, 0xB3, 0xA2, 0xE7, 0xAC, 0xA0, 0x26, 0x47, 0xAA,
    0x49, 0x37, 0x2D, 0x28, 0x85, 0x70, 0xDA, 0x17, 0xBA, 0xAD, 0x76, 0xC7, 0xCC, 0xCB, 0xB1, 0xF1,
    0x6F, 0xDA, 0x9A, 0xB9, 0x17, 0x78, 0x1E, 0xD7, 0xBF, 0x97, 0x1F, 0x25, 0x7F, 0x2A, 0x13, 0x41,
    0x8D, 0x49, 0xA1, 0x74, 0xA7, 0x49, 0x66, 0xAD, 0x58, 0xE1, 0x86, 0x31, 0xC2, 0x5E, 0x2F, 0x95,
    0xC5, 0x38, 0x39, 0x92, 0x89, 0x05, 0x6E, 0x18, 0x03, 0xEC, 0xB5, 0xFC, 0xFA, 0xB1, 0x93, 0x7A,
    0xB5, 0x31, 0x41, 0x2D, 0xE9, 0x3E, 0xB5, 0xDA, 0xAE, 0x52, 0x06, 0x49, 0x9F, 0x9A, 0xF6, 0x4A,
    0x24, 0x7F, 0xBA, 0xE8, 0x20, 0xD9, 0x10, 0x4E, 0x26, 0x1D, 0x68, 0xBF, 0xB9, 0x61, 0x54, 0x26,
    0xBE, 0xA8, 0x13, 0xDC, 0x32, 0x67, 0xBD, 0x84, 0x58, 0x3A, 0x48, 0x8E, 0xC5, 0x93, 0x44, 0x59,
    0xE8, 0x34, 0x54, 0x03, 0x91, 0x76, 0xB3, 0x5B, 0x93, 0xC5, 0x73, 0xB2, 0xFB, 0xF7, 0xC0, 0x3F,
    0x14, 0xF3, 0xF4, 0x6B, 0x7B, 0x30, 0x8B, 0xC2, 0xFD, 0x76, 0xFD, 0x48, 0x8B, 0xB0, 0x9D, 0x85,
    0xB5, 0xA4, 0x25, 0xC4, 0x64, 0xD1, 0x1B, 0x27, 0x14, 0x46, 0x2C, 0x3D, 0x34, 0x5E, 0xC5, 0x62,
    0x17, 0x73, 0x22, 0x60, 0x74, 0x2F, 0xC8, 0x8B, 0xC9, 0x86, 0x35, 0x8C, 0xDA, 0x31, 0xD1, 0xDF,
    0x1E, 0x34, 0xE2, 0xF4, 0x35, 0x13, 0xEC, 0x77, 0x38, 0xFC, 0xD8, 0x19, 0xAA, 0x7C, 0x48, 0x9C,
    0xFE, 0xE0, 0x4E, 0x73, 0xF4, 0x2B, 0xB9, 0xD1, 0xD2, 0xFE, 0x0D, 0x93, 0xF8, 0xBF, 0x30, 0x31,
    0x95, 0xFD, 0x5C, 0xFB, 0x86, 0xFA, 0x34, 0xA3, 0x32, 0x19, 0x4C, 0xD8, 0x82, 0x74, 0x14, 0x56,
    0x95, 0x1F, 0x29, 0x94, 0x00, 0x86, 0xCD, 0xAD, 0x8F, 0xC9, 0x80, 0x82, 0x94, 0x08, 0x20, 0x61,
    0x25, 0xD1, 0x70, 0xC9, 0x99, 0x1A, 0x94, 0x51, 0x71, 0xCD, 0x81, 0x67, 0x5C, 0xF8, 0xFF, 0x74,
    0x5F, 0xA6, 0x8B, 0xEC, 0x01, 0xB3, 0xD9, 0xCE, 0xFF, 0x6B, 0x1C, 0x97, 0x92, 0xA9, 0x76, 0xEE,
    0x56, 0x26, 0x10, 0x5D, 0x3B, 0x2E, 0x4A, 0xB2, 0x95, 0xA9, 0xA8, 0x8D, 0x91, 0xC9, 0xF6, 0xBA,
    0x2E, 0x12, 0xDD, 0xD3, 0x4D, 0x2B, 0x1C, 0x71, 0xE8, 0x75, 0x2C, 0x1D, 0x96, 0xCA, 0x26, 0xBC,
    0x46, 0x2E, 0xE9, 0x4E, 0xC4, 0x3C, 0xAF, 0xF3, 0xF6, 0xB6, 0x58, 0xEA, 0xD7, 0xAD, 0x38, 0xCE,
    0x18, 0x6F, 0x6D, 0x89, 0x6F, 0xF6, 0x5E, 0xA2, 0x9B, 0xE8, 0xE6, 0x87, 0x99, 0x0D, 0xA6, 0x6D,
    0x3C, 0xAC, 0x8D, 0x4E, 0x2E, 0x77, 0x0E, 0x4B, 0x12, 0xCB, 0x9D, 0x73, 0x4F, 0x63, 0xB9, 0x29,
    0xDB, 0x41, 0x44, 0x5A, 0x51, 0x58, 0xEE, 0xC9, 0x6B, 0xAB, 0x59, 0x55, 0x8F, 0xB6, 0xCA, 0xE4,
    0x3B, 0xCC, 0x8D, 0x02, 0x14, 0x5F, 0x99, 0x0F, 0x62, 0x42, 0x13, 0x5F, 0x51, 0xFB, 0xE0, 0x2B,
    0xAE, 0x29, 0x2E, 0x5C, 0x53, 0x08, 0x47, 0xAE, 0x29, 0xBE, 0xE2, 0x9A, 0xE2, 0x2B, 0x2E, 0x65,
    0xEA, 0x97, 0x12, 0x5F, 0x71, 0x29, 0xF1, 0x55, 0xE1, 0xF5, 0x3C, 0x85, 0x12, 0x1E, 0xA8, 0x46,
    0xF1, 0x55, 0x13, 0xAC, 0x47, 0x3A, 0xD9, 0xFF, 0xD4, 0x86, 0xD3, 0xFF, 0x0C, 0xE4, 0x34, 0x78,
    0x1B, 0xC0, 0x78, 0x3F, 0xF2, 0x3B, 0x66, 0xDE, 0x43, 0x91, 0xF7, 0x97, 0xA2, 0xDE, 0x3F, 0x74,
    0xFE, 0x61, 0xDE, 0x39, 0x0B, 0x27, 0xA4, 0xDB, 0x35, 0x31, 0x65, 0xCC, 0x05, 0x0D, 0xFF, 0x74,
    0xF3, 0x8E, 0x94, 0xC3, 0xDF, 0xF0, 0x16, 0xFF, 0x48, 0x52, 0xE0, 0x25, 0xDE, 0x72, 0x29, 0x93,
    0x13, 0xDD, 0xF6, 0xF2, 0xD5, 0x7A, 0x19, 0x3C, 0x5B, 0xDE, 0x92, 0x96, 0x54, 0x4D, 0x4B, 0xDE,
    0x0A, 0x11, 0xBB, 0x32, 0x99, 0xCB, 0x5B, 0x28, 0x11, 0xBA, 0xF2, 0x91, 0x60, 0x30, 0x6A, 0xD5,
    0x6E, 0x88, 0x24, 0x6F, 0x90, 0x44, 0x54, 0xC4, 0xCD, 0xB6, 0x70, 0xBE, 0x47, 0x3E, 0x1D, 0x0A,
    0xBA, 0x20, 0x07, 0xA9, 0x83, 0x80, 0xFE, 0xC3, 0x28, 0x8B, 0xE2, 0x81, 0xFE, 0xE8, 0xBA, 0xA8,
    0x78, 0xA2, 0xD5, 0x3E, 0x11, 0x19, 0xFF, 0xF4, 0x09, 0xFE, 0xC3, 0x34, 0xDE, 0x95, 0x0C, 0x3C,
    0x68, 0x33, 0x83, 0xC0, 0x6E, 0x49, 0x61, 0x6A, 0x4B, 0x61, 0x63, 0x5D, 0x53, 0xAD, 0xB1, 0xAD,
    0xF0, 0xDA, 0x53, 0x9A, 0x6F, 0x20, 0xA4, 0xD4, 0xA1, 0x1B, 0xC3, 0x66, 0xE2, 0x62, 0x26, 0x07,
    0xAD, 0x62, 0xC7, 0x35, 0x7C, 0x68, 0x4C, 0xFB, 0x1B, 0x29, 0x36, 0x38, 0x8A, 0x6D, 0x0E, 0x4D,
    0x53, 0x63, 0x31, 0xAB, 0x32, 0x1C, 0x69, 0x7C, 0xD0, 0xEA, 0xB0, 0xEB, 0x88, 0xB1, 0xBB, 0xFD,
    0xE1, 0xC6, 0xEC, 0x28, 0xED, 0x86, 0x4C, 0x63, 0x15, 0x62, 0x2B, 0xE2, 0xE7, 0xC5, 0x24, 0x81,
    0x63, 0xC5, 0x8A, 0xEE, 0x87, 0x46, 0xEA, 0xBE, 0x74, 0x63, 0x75, 0x6C, 0xEB, 0x86, 0xEA, 0xAE,
    0x6E, 0xA4, 0xEE, 0x0A, 0xFF, 0x64, 0x67, 0xC3, 0x95, 0x7B, 0xE7, 0x28, 0xE5, 0xFE, 0x6A, 0x0A,
    0x2E, 0x4F, 0x1C, 0xE3, 0x1E, 0x43, 0x84, 0xA4, 0xF8, 0x78, 0xBB, 0x67, 0x64, 0x31, 0xCA, 0xBD,
    0xEF, 0x4E, 0x66, 0x52, 0xC5, 0xA6, 0x2E, 0xB1, 0x0D, 0x28, 0x73, 0xA1, 0x49, 0xC4, 0xF7, 0x49,
    0x6D, 0xAF, 0x48, 0x4B, 0xFF, 0xE0, 0xDF, 0x96, 0x7B, 0x33, 0xF7, 0x86, 0xB7, 0x74, 0xAF, 0x7B,
    0x75, 0x7E, 0xEA, 0x1F, 0xF6, 0x7E, 0xEE, 0x3B, 0x6F, 0xFB, 0xF6, 0xDE, 0xFC, 0xED, 0x6C, 0xEA,
    0x71, 0x6B, 0x93, 0x77, 0xB2, 0x54, 0x76, 0xAC, 0x7B, 0x95, 0xAC, 0xEE, 0xDC, 0x53, 0xE2, 0xB6,
    0x27, 0xC2, 0x60, 0x64, 0xD8, 0x78, 0x49, 0x12, 0x79, 0x49, 0x92, 0x9A, 0x00, 0x89, 0x65, 0xA6,
    0x59, 0x04, 0x81, 0x0F, 0x14, 0x61, 0xD3, 0x6C, 0x5F, 0x7B, 0xE3, 0xA2, 0x08, 0xA4, 0x0B, 0x30,
    0xFE, 0xDC, 0x8F, 0xFF, 0x3A, 0x1F, 0x4E, 0xB4, 0x39, 0x78, 0xFD, 0x12, 0x1F, 0xBE, 0xF4, 0x71,
    0x0F, 0x22, 0x45, 0xD3, 0xC1, 0xBD, 0xAB, 0x4F, 0x9D, 0x88, 0x98, 0x1F, 0x3B, 0x3A, 0xCC, 0xCE,
    0x04, 0x89, 0x46, 0xC5, 0xD2, 0xB0, 0x79, 0x7A, 0x51, 0x15, 0x3B, 0xA5, 0x35, 0xFF, 0xA1, 0x33,
    0x5B, 0x83, 0x1B, 0xE6, 0xBE, 0xAD, 0x70, 0xDE, 0x86, 0x1A, 0xDF, 0x35, 0x37, 0x98, 0x44, 0xA3,
    0x4A, 0xDD, 0x80, 0x44, 0x4A, 0xC7, 0x38, 0x55, 0x6D, 0x46, 0x5B, 0xBC, 0xAD, 0x5E, 0x34, 0x89,
    0xEB, 0x14, 0xD1, 0x64, 0x8F, 0x85, 0x8C, 0x69, 0x72, 0x64, 0x3D, 0x7A, 0x72, 0x8C, 0x9B, 0x83,
    0xD1, 0x29, 0x19, 0xC2, 0x61, 0x23, 0x2E, 0xCA, 0x7B, 0xF7, 0x63, 0x45, 0xC2, 0xAA, 0xD6, 0x31,
    0x0B, 0xD9, 0xDC, 0x49, 0x10, 0xED, 0x5A, 0xFC, 0x15, 0x36, 0x0E, 0x6D, 0xB2, 0x74, 0x6F, 0xDB,
    0x9C, 0x56, 0x4D, 0xDA, 0x8B, 0xB1, 0x27, 0x1A, 0x15, 0x31, 0x74, 0xD5, 0xC4, 0x1F, 0x44, 0xEE,
    0xD3, 0x2A, 0x0A, 0xCA, 0x7A, 0xE3, 0x06, 0xD4, 0xDC, 0x95, 0xD7, 0x98, 0xF7, 0xDE, 0x05, 0x4F,
    0x68, 0x09, 0x17, 0x1D, 0x28, 0xE3, 0x84, 0xC9, 0xC4, 0x95, 0x75, 0x0F, 0x77, 0x78, 0xBD, 0xE4,
    0x63, 0x0F, 0x1A, 0xD4, 0xB4, 0x2C, 0xA8, 0xEC, 0x3A, 0xDA, 0x13, 0x93, 0xE6, 0xA1, 0xC0, 0x84,
    0xD6, 0x52, 0xFC, 0x6D, 0x9E, 0xDF, 0xC1, 0xAE, 0xCF, 0xF0, 0x3B, 0x39, 0xAF, 0x8E, 0xCE, 0x6E,
    0x94, 0x45, 0x89, 0x61, 0x43, 0x64, 0x76, 0xCE, 0xF0, 0xC7, 0x3E, 0x4E, 0xC4, 0x1F, 0x37, 0x67,
    0x0F, 0xE8, 0x93, 0x66, 0xC5, 0x2D, 0xFF, 0xC2, 0x2E, 0x78, 0xCE, 0xBB, 0x0A, 0xB7, 0xC4, 0x29,
    0xFB, 0x58, 0x5B, 0x24, 0x36, 0x3B, 0xDD, 0x7D, 0xD4, 0x3E, 0x78, 0x62, 0x6C, 0xF4, 0x93, 0x46,
    0xC3, 0xDF, 0x5B, 0x2F, 0x29, 0x97, 0xF7, 0x2B, 0x73, 0xF0, 0xEF, 0xE9, 0x2C, 0xEA, 0x93, 0xEF,
    0x9B, 0xB0, 0xDD, 0xDB, 0x96, 0xDB, 0x49, 0xD3, 0x6C, 0x14, 0xD8, 0x85, 0x2E, 0xA2, 0x9E, 0x71,
    0xD3, 0x20, 0xE9, 0x23, 0x19, 0x2E, 0xD0, 0x48, 0x24, 0xBC, 0xD3, 0x7D, 0x99, 0x85, 0x41, 0x64,
    0xAC, 0x7A, 0x5B, 0xD5, 0xEE, 0x37, 0x4C, 0x13, 0xDE, 0x36, 0x45, 0x78, 0xDF, 0xF4, 0xE0, 0x5E,
    0x12, 0x01, 0xE2, 0x71, 0x14, 0x9F, 0xCA, 0xDE, 0x53, 0xAC, 0x19, 0x21, 0x0F, 0x0C, 0xAB, 0xB2,
    0x08, 0x04, 0xC3, 0x1D, 0x30, 0x72, 0xF6, 0xA0, 0x60, 0x0F, 0xBD, 0xCB, 0xBB, 0x5B, 0xAF, 0x7D,
    0xA0, 0x6B, 0x46, 0xD3, 0xB6, 0x80, 0xB8, 0x6C, 0xF0, 0x54, 0x1D, 0x8C, 0x1B, 0x14, 0x7B, 0xBC,
    0x03, 0xEA, 0xBC, 0x83, 0x99, 0xFC, 0x57, 0xD8, 0xE7, 0x3F, 0xC3, 0x1C, 0x1E, 0xC2, 0xEA, 0xF9,
    0x31, 0x9E, 0x76, 0x70, 0x5A, 0xBE, 0x86, 0xF9, 0xF4, 0xEE, 0x8D, 0x37, 0x30, 0xA3, 0x0D, 0x9E,
    0x4E, 0x31, 0xA7, 0xB0, 0xC3, 0x62, 0x63, 0x36, 0xD1, 0xB6, 0x29, 0xC3, 0x9E, 0x4F, 0x6D, 0xE5,
    0xBC, 0x16, 0xCC, 0x2C, 0x6E, 0x8B, 0x3A, 0x69, 0x31, 0xB7, 0xA4, 0x2D, 0xDA, 0x8C, 0xB3, 0x4B,
    0xEB, 0xA2, 0xBD, 0xC1, 0xF9, 0xA5, 0x65, 0xDE, 0x9E, 0x72, 0x86, 0xA9, 0xA3, 0xCF, 0x8E, 0x5A,
    0x2E, 0x0B, 0xB2, 0x9F, 0xF6, 0x9C, 0xE5, 0xB5, 0x20, 0xFB, 0xE5, 0x96, 0x64, 0xBF, 0x1E, 0xA4,
    0xFF, 0xD8, 0xF2, 0xE9, 0x04, 0x81, 0x53, 0x2E, 0xC1, 0x69, 0x90, 0x8E, 0x5A, 0x84, 0xFB, 0x4E,
    0xD0, 0x73, 0x19, 0x36, 0xBC, 0x21, 0xBE, 0xEA, 0x98, 0x34, 0xEE, 0x23, 0x84, 0xA0, 0x9A, 0xA9,
    0x8D, 0xB6, 0x11, 0xF9, 0xE9, 0x68, 0xC3, 0x66, 0x54, 0x69, 0xD8, 0xB0, 0x73, 0xBC, 0x71, 0x8E,
    0x39, 0xCE, 0x71, 0xC7, 0x66, 0xED, 0x2A, 0x1C, 0x3B, 0x35, 0x3E, 0x0E, 0x39, 0xC7, 0x22, 0xE7,
    0x78, 0xA4, 0x62, 0x92, 0x3E, 0xDE, 0x16, 0x5B, 0xC4, 0x87, 0x03, 0x4C, 0x66, 0x5F, 0xC6, 0xC7,
    0x28, 0xE7, 0x38, 0xE5, 0x1C, 0xAB, 0x9C, 0xE3, 0x95, 0x73, 0xCC, 0x72, 0x8E, 0x5B, 0xCE, 0xB1,
    0xCB, 0x39, 0x7E, 0xE9, 0x63, 0x98, 0x73, 0x1C, 0xD3, 0x62, 0x99, 0x07, 0x1F, 0xCF, 0x0C, 0x15,
    0xEA, 0xAB, 0xB8, 0xB1, 0x9C, 0xF1, 0x8B, 0xFD, 0x94, 0x32, 0x5A, 0xC6, 0x50, 0xCC, 0x41, 0x1F,
    0x21, 0x2B, 0x18, 0xBB, 0x75, 0xE0, 0x07, 0x27, 0x7B, 0x4A, 0x2B, 0x0E, 0xAE, 0xA9, 0xB5, 0x85,
    0x6A, 0x06, 0xD5, 0xDD, 0xAD, 0xA5, 0xD2, 0xAA, 0x96, 0x9B, 0x53, 0xB1, 0x90, 0x6C, 0xA1, 0x6E,
    0x6E, 0x67, 0xE2, 0x23, 0x65, 0x41, 0x3B, 0xC1, 0xCA, 0xC1, 0xCA, 0x20, 0x06, 0x63, 0xD2, 0x76,
    0xD7, 0xAE, 0x50, 0xCC, 0x0B, 0x2A, 0xD5, 0xFD, 0x0D, 0x37, 0x7A, 0xA3, 0x64, 0xD5, 0x65, 0xF9,
    0xD4, 0xA9, 0x37, 0xBF, 0x3E, 0xA5, 0x08, 0x9A, 0x69, 0x42, 0xBF, 0xC3, 0x2F, 0xF0, 0x3D, 0x47,
    0x5B, 0xA6, 0xCD, 0xBB, 0xF2, 0x3D, 0x77, 0x66, 0x3C, 0x27, 0xDE, 0xF7, 0x4C, 0xCF, 0x2F, 0xD3,
    0xBB, 0xF7, 0x3D, 0x6B, 0xE3, 0xA3, 0xCA, 0xFB, 0x9E, 0x8D, 0x8D, 0x14, 0x6B, 0x45, 0x0D, 0x50,
    0xF9, 0x65, 0xC2, 0x7A, 0xC9, 0xF7, 0x4C, 0xE5, 0xC1, 0x60, 0xC2, 0xF4, 0xB0, 0xDB, 0x9B, 0xFB,
    0xC0, 0x3B, 0x2F, 0x70, 0x79, 0x46, 0x4D, 0xD4, 0x58, 0xD2, 0x18, 0x72, 0x0A, 0x7C, 0xA0, 0xD4,
    0xDD, 0x6C, 0xB2, 0xA1, 0xA6, 0x1A, 0x6B, 0xA2, 0x58, 0x41, 0xA7, 0x39, 0x9C, 0xD8, 0x80, 0x19,
    0x60, 0x92, 0xFC, 0xEE, 0x62, 0x18, 0x7E, 0xB4, 0xD2, 0x36, 0xED, 0x62, 0xF3, 0xBC, 0x87, 0xB4,
    0x4D, 0xF0, 0xE8, 0xB4, 0x8D, 0x42, 0x9D, 0x8A, 0x74, 0xA6, 0xAD, 0x5B, 0xE9, 0x21, 0xC3, 0xC8,
    0x4E, 0xAF, 0x31, 0xDA, 0x79, 0x1D, 0xD7, 0x5B, 0x27, 0x20, 0xC6, 0x2B, 0x17, 0x06, 0xE7, 0xD7,
    0x61, 0xF9, 0xA7, 0x0E, 0xCE, 0x9F, 0xCF, 0x06, 0xAC, 0xF2, 0x00, 0xF9, 0x4E, 0x4B, 0xB1, 0xA5,
    0x59, 0xBB, 0xFD, 0xB8, 0x07, 0x8B, 0xA0, 0x60, 0xFA, 0xA3, 0x7B, 0x34, 0x1E, 0x05, 0x50, 0x3E,
    0xAF, 0xCC, 0x43, 0x68, 0xEE, 0x4F, 0xBE, 0x8F, 0x7B, 0x90, 0x60, 0xAA, 0x13, 0x98, 0xE7, 0x8E,
    0xC9, 0x99, 0x45, 0x73, 0x32, 0xC3, 0xDD, 0x9B, 0xD2, 0xD1, 0xC8, 0xAD, 0x42, 0x55, 0xC3, 0x84,
    0x85, 0x62, 0x57, 0xEC, 0xBB, 0x68, 0xAB, 0x56, 0x41, 0x00, 0xDD, 0xAB, 0xD6, 0xB1, 0x01, 0xFD,
    0x6C, 0x77, 0xA7, 0x85, 0xAD, 0xFB, 0x84, 0x65, 0x1B, 0xC9, 0x88, 0xB8, 0xBB, 0xCF, 0xCF, 0x3A,
    0xB7, 0x3E, 0x8E, 0x9E, 0xC9, 0xDE, 0xAD, 0x10, 0xD2, 0xB6, 0xD3, 0x8B, 0x43, 0x3C, 0x59, 0xE0,
    0x84, 0xDA, 0xBC, 0x99, 0xFE, 0x61, 0xED, 0x43, 0x9B, 0x4B, 0x8B, 0xF1, 0x7A, 0xF3, 0xA4, 0x34,
    0xC1, 0x54, 0xC2, 0x0C, 0x72, 0x77, 0xF7, 0xB7, 0x32, 0x83, 0xC8, 0xCD, 0xCE, 0xE8, 0x60, 0xC8,
    0xC7, 0xED, 0xB7, 0xAC, 0xD4, 0xDF, 0xDF, 0x96, 0x79, 0x19, 0x98, 0xD9, 0x2E, 0x7B, 0x27, 0x1C,
    0xE5, 0x3F, 0x6E, 0x26, 0x73, 0x75, 0x26, 0xF3, 0x73, 0x2A, 0xEF, 0xD9, 0x18, 0x45, 0x2D, 0x64,
    0x64, 0x31, 0x23, 0x37, 0x10, 0x73, 0xEE, 0x7F, 0x24, 0x7A, 0x66, 0x46, 0xD7, 0xDB, 0xA1, 0xD8,
    0x6F, 0x27, 0x66, 0x8C, 0x3B, 0x31, 0x68, 0x5A, 0x9B, 0xB0, 0x34, 0x16, 0x1E, 0xB4, 0xD1, 0x20,
    0x14, 0x0A, 0x18, 0x02, 0xD3, 0x36, 0xC1, 0x8C, 0xA4, 0x16, 0xCB, 0x4F, 0x4A, 0xB0, 0x6F, 0x38,
    0x0A, 0xF6, 0xD1, 0x4D, 0xF4, 0x21, 0x3C, 0x6F, 0xF2, 0xCF, 0xB0, 0x88, 0x4D, 0xFF, 0xE8, 0x87,
    0x6E, 0xE5, 0x0B, 0x20, 0x9B, 0xD4, 0x20, 0x7A, 0x36, 0x42, 0xA2, 0x43, 0x3C, 0x46, 0x92, 0xCF,
    0x98, 0xF8, 0xC8, 0x69, 0x93, 0x16, 0x7B, 0x7E, 0x23, 0xB6, 0x3D, 0x3D, 0x83, 0x04, 0xD6, 0x58,
    0x01, 0x46, 0x95, 0xB0, 0xA5, 0xB0, 0x4C, 0x6E, 0x9A, 0xEE, 0x83, 0x20, 0xB8, 0xFD, 0x9E, 0x69,
    0x74, 0x73, 0xF2, 0x4C, 0x32, 0xC8, 0x67, 0x3F, 0xEC, 0xF6, 0xB8, 0xF8, 0x90, 0x6E, 0xE9, 0x60,
    0xAC, 0xDC, 0xEB, 0xD6, 0x71, 0xDD, 0xBF, 0xEF, 0xC4, 0x0F, 0x28, 0xE2, 0x56, 0xFE, 0x35, 0x00,
    0x11, 0x48, 0xA5, 0x0E, 0xB6, 0x14, 0x65, 0x82, 0x92, 0x52, 0xFC, 0x04, 0x44, 0x29, 0x3A, 0x91,
    0xAA, 0xE1, 0x82, 0x70, 0x15, 0x15, 0x30, 0xE0, 0x26, 0x18, 0x03, 0x93, 0xF8, 0xE4, 0x83, 0x42,
    0xE9, 0x2C, 0x22, 0x25, 0xF8, 0x97, 0x1C, 0x55, 0xC3, 0xE4, 0x35, 0x3F, 0xB0, 0xD1, 0x62, 0x46,
    0x32, 0x79, 0x19, 0x7F, 0xD9, 0xF9, 0x0F, 0xC1, 0x07, 0xE2, 0x2F, 0x0B, 0xC5, 0x0B, 0x69, 0xF3,
    0x96, 0x81, 0x1F, 0x4A, 0x23, 0xCE, 0x88, 0x94, 0x1A, 0xC4, 0x07, 0x46, 0x16, 0x2C, 0xCA, 0x99,
    0x12, 0xA4, 0xB6, 0xD4, 0x50, 0x14, 0x26, 0x65, 0x60, 0x8E, 0x44, 0xC1, 0xA8, 0xBA, 0x79, 0x3E,
    0x99, 0xCD, 0x67, 0x0A, 0x2C, 0x9C, 0x67, 0x9C, 0xE2, 0x94, 0xC5, 0xCB, 0xC6, 0x2B, 0xD3, 0xEF,
    0x1F, 0xA1, 0xA6, 0xF7, 0x4D, 0xA8, 0xDD, 0x42, 0x28, 0x44, 0x40, 0x96, 0x47, 0xFF, 0xAF, 0xEA,
    0xCE, 0x86, 0xC2, 0xD7, 0x89, 0x39, 0xC6, 0xB1, 0x97, 0xC7, 0xFA, 0xC2, 0xC7, 0xA3, 0xB4, 0x4A,
    0x42, 0xBB, 0x28, 0xA5, 0x62, 0x4F, 0x5B, 0xA4, 0x95, 0x33, 0x2A, 0x9F, 0x6B, 0xA4, 0xC1, 0x75,
    0x5E, 0x4F, 0x1E, 0x99, 0x3F, 0x9F, 0x0C, 0xB3, 0x31, 0xD2, 0x53, 0x90, 0x0F, 0x25, 0xBC, 0x4E,
    0x42, 0xB7, 0xCE, 0x2D, 0xBC, 0x76, 0xA6, 0xB2, 0xCC, 0x09, 0xAF, 0xD8, 0x96, 0xD4, 0x47, 0xF0,
    0x2C, 0xE8, 0xDD, 0xE5, 0x0C, 0xAA, 0xB8, 0x57, 0x35, 0x50, 0x4A, 0x4E, 0x81, 0xFC, 0x31, 0xD5,
    0x47, 0x31, 0x47, 0x76, 0x5B, 0x8C, 0xD3, 0xD0, 0x0C, 0x4B, 0x5C, 0x40, 0x81, 0x81, 0xCA, 0x8B,
    0x2A, 0x93, 0x55, 0x3E, 0x34, 0xA0, 0x41, 0x4F, 0xF3, 0xC0, 0x47, 0x3F, 0x78, 0x6D, 0x65, 0xDA,
    0x8D, 0x83, 0xDF, 0xE0, 0x21, 0xE2, 0xE9, 0x5C, 0x34, 0x86, 0xD4, 0xF9, 0x2B, 0xD1, 0x7E, 0x33,
    0x95, 0xA1, 0x42, 0x04, 0x4E, 0x7D, 0x28, 0x46, 0x80, 0xD8, 0x3A, 0x17, 0x8C, 0x41, 0x6B, 0x45,
    0x09, 0x10, 0x97, 0x4B, 0xCC, 0xEB, 0x48, 0x77, 0x8A, 0x13, 0x60, 0x5E, 0x7C, 0x62, 0xC4, 0x9D,
    0xB2, 0x17, 0x1E, 0x7D, 0xAF, 0x50, 0x41, 0xED, 0x68, 0xEC, 0x63, 0x05, 0xD4, 0xC2, 0x60, 0xCB,
    0x0D, 0xF5, 0x2B, 0x6C, 0xFF, 0x2B, 0x07, 0x0B, 0x17, 0xB8, 0x2D, 0x62, 0xF1, 0x02, 0x67, 0xC4,
    0x2E, 0x01, 0x83, 0x33, 0x70, 0x8A, 0xEA, 0xC9, 0xE8, 0x86, 0x8D, 0xB9, 0x2E, 0xC8, 0x1A, 0x28,
    0x69, 0xC0, 0xD9, 0x69, 0x66, 0x96, 0x31, 0xB0, 0x48, 0x7C, 0xE7, 0xAF, 0xAB, 0xD5, 0x91, 0xC9,
    0x99, 0xF5, 0x1A, 0xB9, 0x6C, 0x04, 0xE6, 0x0B, 0xF0, 0x2A, 0x37, 0x5A, 0x65, 0x0B, 0x7C, 0xB2,
    0x80, 0xB1, 0xBA, 0x98, 0x06, 0x40, 0xD1, 0x85, 0x8A, 0xD5, 0xB9, 0x5D, 0xD7, 0x90, 0x04, 0x77,
    0x28, 0x90, 0x2F, 0xCD, 0xB8, 0x8D, 0x7E, 0xB1, 0x0A, 0x96, 0x2B, 0x59, 0x7E, 0xE3, 0x19, 0x5F,
    0xBF, 0x93, 0xE9, 0x7A, 0xDE, 0xAC, 0xAD, 0x9F, 0xE1, 0x8C, 0x73, 0x6E, 0xFA, 0x42, 0x11, 0xBB,
    0xD2, 0x86, 0x0C, 0x03, 0xA7, 0x0F, 0x19, 0x17, 0xA2, 0xA2, 0x6F, 0x16, 0x24, 0x4F, 0x8E, 0x47,
    0xD0, 0x31, 0xB6, 0x1F, 0x39, 0x9B, 0xA8, 0xA3, 0x9D, 0xE6, 0xA6, 0xE7, 0x48, 0xD3, 0x94, 0x1E,
    0x5E, 0x81, 0xF7, 0x34, 0x1E, 0x56, 0xE0, 0xDE, 0x84, 0x31, 0x08, 0x68, 0x86, 0x9F, 0xA4, 0x8C,
    0x28, 0x98, 0x4B, 0xE6, 0xA8, 0x3D, 0x49, 0x4A, 0x58, 0x9C, 0x14, 0xF2, 0xC2, 0xFC, 0x83, 0xDE,
    0xA7, 0x6B, 0x32, 0xE8, 0x25, 0xB2, 0x13, 0xA8, 0xAE, 0xA7, 0x1C, 0xE1, 0x8E, 0x78, 0xD0, 0xDC,
    0x52, 0x3D, 0x55, 0x08, 0x79, 0xC4, 0x72, 0x1C, 0xDD, 0x5A, 0xF0, 0x7B, 0x14, 0x76, 0xF8, 0x0B,
    0x0A, 0xB8, 0xD6, 0x7B, 0xC7, 0x45, 0x4D, 0x74, 0xC4, 0x8E, 0xCC, 0x30, 0x4A, 0xAB, 0x37, 0x9C,
    0x43, 0x23, 0x57, 0x36, 0x27, 0x34, 0x02, 0xFE, 0x51, 0x6C, 0x89, 0x1D, 0x7C, 0xF9, 0x50, 0x42,
    0xE0, 0x8A, 0xEC, 0x7A, 0x10, 0x1C, 0x88, 0x83, 0x64, 0x2C, 0xE9, 0x3D, 0xE4, 0xFD, 0x6C, 0x10,
    0x14, 0xE6, 0x1E, 0x57, 0x16, 0x66, 0x6B, 0xFC, 0x3D, 0x58, 0xFC, 0x26, 0x5C, 0xCC, 0x5D, 0x14,
    0xD3, 0x55, 0xAD, 0xD4, 0x65, 0xBE, 0xB3, 0xA4, 0x82, 0x19, 0x08, 0x91, 0xE1, 0x66, 0x92, 0xBD,
    0xAC, 0xC2, 0x4C, 0xBB, 0xC7, 0xCD, 0x5C, 0x2B, 0x3D, 0xD5, 0xDC, 0x2F, 0xA1, 0x28, 0x1D, 0xB8,
    0x81, 0xD3, 0x1C, 0x4E, 0xF7, 0xE6, 0xC0, 0xDB, 0xB0, 0x1A, 0x0D, 0x0B, 0x8E, 0x1F, 0x46, 0x9F,
    0x5B, 0x6C, 0xCD, 0x19, 0x78, 0x16, 0x9E, 0x6C, 0x76, 0xAF, 0x60, 0xDD, 0x91, 0x15, 0x73, 0x84,
    0x76, 0x56, 0x30, 0x12, 0x7E, 0x8E, 0xA2, 0xCE, 0x85, 0xC2, 0x9B, 0xB2, 0xD6, 0x51, 0x29, 0x93,
    0x0D, 0x0C, 0xEB, 0xB7, 0x06, 0x18, 0xA4, 0xC4, 0x24, 0x35, 0x33, 0x4E, 0x6B, 0x82, 0xB9, 0x3B,
    0xD1, 0x05, 0x0F, 0x3E, 0x7D, 0x70, 0xF3, 0x7F, 0xC1, 0xBD, 0xA6, 0xED, 0xC7, 0x4B, 0xD9, 0xD4,
    0x36, 0x87, 0xD8, 0xBC, 0xEC, 0x20, 0x24, 0x2B, 0x7E, 0xDD, 0x5D, 0x2F, 0x37, 0x0A, 0x1C, 0x4C,
    0x9C, 0x27, 0x1C, 0x0C, 0x02, 0x55, 0x8A, 0xDD, 0xE2, 0xE4, 0xEC, 0x2D, 0xE7, 0xC2, 0xDC, 0x4E,
    0x05, 0x37, 0xF9, 0x9B, 0x14, 0x6C, 0x37, 0x5B, 0xE0, 0x19, 0xEF, 0x40, 0x58, 0x66, 0x03, 0xC4,
    0x67, 0x4E, 0xD9, 0x59, 0x50, 0x6A, 0x16, 0x74, 0x57, 0x84, 0xF2, 0xD0, 0xB5, 0x62, 0x8E, 0xA6,
    0x22, 0xD2, 0xC3, 0x5D, 0x93, 0xDE, 0x54, 0x0B, 0xF2, 0x64, 0xB2, 0xEB, 0x19, 0x14, 0x98, 0x18,
    0xD9, 0x1C, 0x68, 0x73, 0x73, 0x55, 0x0D, 0x7E, 0xB3, 0xE7, 0xA6, 0x00, 0x98, 0xC8, 0x7D, 0xDC,
    0xC1, 0xFD, 0x26, 0xBC, 0xDA, 0x0E, 0xEF, 0xDE, 0xE2, 0x43, 0xDA, 0xAC, 0x25, 0x83, 0x5F, 0xD9,
    0x83, 0xAC, 0x25, 0x66, 0x74, 0x57, 0x71, 0x8C, 0x06, 0xDE, 0x0C, 0xDD, 0x01, 0xF8, 0x06, 0x60,
    0x89, 0x86, 0x5B, 0xC6, 0xBD, 0xD2, 0x31, 0xA5, 0xE3, 0xDD, 0xBD, 0x19, 0x41, 0x37, 0x1F, 0x52,
    0xC1, 0xDC, 0x05, 0x39, 0xDC, 0xDB, 0x76, 0x10, 0x05, 0xED, 0x0A, 0x78, 0x36, 0xF9, 0x34, 0x8C,
    0xB8, 0xBD, 0xC7, 0x2F, 0xC3, 0x1E, 0x03, 0x9A, 0x67, 0x14, 0xFF, 0xAD, 0x25, 0xBB, 0x77, 0xF9,
    0x9F, 0xC5, 0x6C, 0xBF, 0xE7, 0xD6, 0x19, 0x19, 0x32, 0x10, 0x6E, 0x83, 0xB9, 0x28, 0xC4, 0x91,
    0x82, 0xAD, 0x2F, 0xC9, 0x99, 0x15, 0xD3, 0x78, 0xF3, 0x77, 0xB1, 0x91, 0x2D, 0x9C, 0xE4, 0xEC,
    0xC7, 0xE6, 0x97, 0xB4, 0x3A, 0x9C, 0xE6, 0x2A, 0xF3, 0xC1, 0xF1, 0x46, 0x32, 0x50, 0x5B, 0x51,
    0x3D, 0x67, 0xA0, 0x31, 0xD1, 0x34, 0x6E, 0x6E, 0xD1, 0xBE, 0x82, 0xAC, 0x44, 0x2A, 0xA7, 0x47,
    0x32, 0xA9, 0xA3, 0xF9, 0x41, 0xF3, 0x81, 0x4C, 0xE3, 0xE4, 0xCD, 0x03, 0x24, 0x7E, 0xC1, 0x5E,
    0x08, 0xC0, 0x28, 0x15, 0xB5, 0x17, 0x13, 0x92, 0xCE, 0xD8, 0xA2, 0xEE, 0xCF, 0xC1, 0x3C, 0x11,
    0x12, 0x24, 0x31, 0x56, 0x8B, 0x98, 0x43, 0xA3, 0x33, 0x96, 0xB5, 0xBE, 0xD9, 0x83, 0xCE, 0x8E,
    0xA0, 0xD3, 0x5F, 0xF9, 0xF9, 0xCE, 0x17, 0x6F, 0x89, 0x3F, 0x8B, 0xA5, 0x7D, 0xC5, 0x89, 0xC9,
    0x90, 0x02, 0xA5, 0x35, 0x3A, 0x67, 0xCC, 0xB1, 0xE4, 0xF0, 0x72, 0xDD, 0x20, 0x36, 0xD3, 0x21,
    0xDC, 0xBA, 0x17, 0x6C, 0x93, 0xEE, 0x41, 0x54, 0xE6, 0xAD, 0x53, 0xED, 0x35, 0x24, 0xEF, 0xD6,
    0xF1, 0x3B, 0xF2, 0x67, 0xE9, 0x36, 0xAF, 0x1F, 0x28, 0x4E, 0x51, 0xD4, 0x16, 0x00, 0x2E, 0xBE,
    0xA2, 0x87, 0x6D, 0x15, 0xEE, 0x7D, 0xB0, 0x68, 0xEF, 0xF3, 0x43, 0xDA, 0xA8, 0xED, 0x41, 0x3B,
    0x36, 0xAF, 0x0F, 0xC2, 0x04, 0xB9, 0xBF, 0xB1, 0x87, 0x0D, 0x68, 0x17, 0x3C, 0x1F, 0x3C, 0x08,
    0xB9, 0xAB, 0x6F, 0x07, 0x43, 0xB4, 0x77, 0x3A, 0xA6, 0x7D, 0x23, 0xDC, 0x45, 0xBB, 0xE8, 0x10,
    0xB7, 0x4D, 0xEC, 0x98, 0x6B, 0x43, 0x74, 0x58, 0xED, 0xFE, 0xA6, 0x19, 0xE1, 0xC3, 0x25, 0xCE,
    0xCE, 0xDB, 0x19, 0x93, 0x20, 0x70, 0x13, 0x1E, 0x9C, 0xD4, 0x8C, 0xDC, 0x4F, 0x11, 0xFF, 0x75,
    0x0A, 0xE6, 0x2E, 0xB3, 0xB8, 0x52, 0xDB, 0x83, 0x21, 0x91, 0xD2, 0x89, 0x82, 0xBB, 0xF6, 0xC0,
    0xA4, 0xD9, 0x2F, 0xC2, 0xE5, 0x39, 0x5C, 0x6E, 0xE3, 0x7B, 0x0F, 0xB4, 0x3B, 0x32, 0x24, 0xE1,
    0xDD, 0x2F, 0x5F, 0x66, 0xEA, 0x68, 0x02, 0xDC, 0xD7, 0x5D, 0xDD, 0x87, 0x39, 0x6E, 0x94, 0x2B,
    0x11, 0x11, 0x15, 0x17, 0xED, 0xF0, 0x4D, 0x77, 0x0D, 0x65, 0xAD, 0xEC, 0xCD, 0x99, 0x40, 0x8A,
    0x0A, 0x02, 0x03, 0xDF, 0x4C, 0xA9, 0x2A, 0x73, 0x46, 0xA2, 0x05, 0x25, 0x53, 0xDC, 0x0D, 0xFE,
    0x5D, 0x0B, 0x75, 0xEA, 0x44, 0x73, 0x01, 0xA6, 0xF8, 0x34, 0xD2, 0x98, 0xDD, 0xAD, 0xE2, 0x2B,
    0x6E, 0xB0, 0x4E, 0x83, 0xE3, 0x5D, 0xC9, 0x82, 0x0B, 0xFF, 0x5E, 0xF0, 0x65, 0xE2, 0x1E, 0x7A,
    0x84, 0xE9, 0x80, 0xDE, 0x0C, 0xE5, 0x05, 0x37, 0x17, 0xE6, 0x47, 0x7E, 0xB7, 0x63, 0xCE, 0xA7,
    0xB2, 0x80, 0x0B, 0xEB, 0x06, 0x50, 0xBB, 0xA5, 0x49, 0x69, 0x1F, 0xC3, 0xDC, 0x3C, 0x30, 0xA3,
    0x7E, 0x40, 0xA8, 0x64, 0x33, 0x40, 0x98, 0x85, 0x43, 0x42, 0x5B, 0x3A, 0x93, 0x84, 0x9F, 0x9D,
    0xFB, 0x98, 0xF1, 0xEB, 0xA4, 0x87, 0xEC, 0x4E, 0x3B, 0x48, 0x74, 0x4A, 0x5F, 0xF7, 0x76, 0xEC,
    0xC8, 0x8C, 0x2A, 0xCC, 0x49, 0x8E, 0x49, 0x7A, 0xB7, 0x86, 0xEE, 0x2E, 0xF6, 0x58, 0xF6, 0xC4,
    0x50, 0x6F, 0x3D, 0xED, 0x1F, 0x48, 0x87, 0x16, 0x7F, 0x17, 0x53, 0x3B, 0x24, 0x25, 0xCC, 0xDF,
    0x94, 0x39, 0x92, 0x94, 0x7A, 0xE1, 0xEA, 0xCA, 0x56, 0x3D, 0x61, 0x45, 0xC2, 0x2D, 0x32, 0xCF,
    0xEB, 0xE4, 0x9E, 0x9E, 0xAE, 0x63, 0x47, 0xCF, 0x71, 0x0B, 0x66, 0x49, 0xB0, 0x5B, 0x83, 0xAC,
    0xDC, 0xD0, 0x9A, 0x77, 0xD7, 0x0A, 0x0E, 0xE5, 0x1F, 0x54, 0xB0, 0x3E, 0x06, 0x84, 0x64, 0x60,
    0x63, 0x80, 0x67, 0x20, 0x9C, 0x70, 0x4F, 0xF7, 0xF2, 0x6B, 0x11, 0x5E, 0xA1, 0xBF, 0xDF, 0xEB,
    0x6B, 0x66, 0x05, 0x0E, 0x42, 0x9F, 0xB8, 0x7B, 0xF4, 0x63, 0x37, 0xBA, 0x2F, 0x3C, 0x08, 0x92,
    0x6F, 0xBB, 0xBF, 0x7F, 0xEE, 0x41, 0x90, 0x61, 0x84, 0x27, 0x55, 0x70, 0x1D, 0x63, 0xBC, 0x55,
    0x05, 0xF7, 0x30, 0xCA, 0xD7, 0x8B, 0xA0, 0xC7, 0x38, 0xFB, 0xE2, 0xA5, 0xAD, 0x1B, 0xE9, 0xA6,
    0x2B, 0xBE, 0xD9, 0x56, 0xD0, 0x06, 0xF9, 0xB7, 0x31, 0xDA, 0xA4, 0xCD, 0xFE, 0x89, 0x1E, 0x41,
    0xE9, 0xF4, 0x00, 0xE1, 0x15, 0x6E, 0xE2, 0x23, 0x46, 0x88, 0x28, 0xCE, 0x65, 0x37, 0x46, 0xB7,
    0x02, 0xD5, 0xE8, 0x46, 0xE9, 0x8C, 0xF9, 0xFC, 0x4D, 0xB7, 0x46, 0x6E, 0x21, 0x72, 0x72, 0x88,
    0xA3, 0xA3, 0x71, 0xC8, 0x80, 0xD5, 0x81, 0xBC, 0x1B, 0x8C, 0x4F, 0x62, 0x3A, 0x20, 0xC6, 0x21,
    0x94, 0x1D, 0x93, 0x42, 0x7A, 0xE4, 0x93, 0xAC, 0x3D, 0xE6, 0x93, 0xAD, 0xE9, 0x91, 0xA2, 0x24,
    0x04, 0x9B, 0xD9, 0x16, 0xC8, 0x3A, 0xB7, 0x40, 0xAF, 0x72, 0x8D, 0xA6, 0xD2, 0xAF, 0xD1, 0x4A,
    0x95, 0x38, 0x99, 0xEB, 0xD8, 0x06, 0x16, 0x72, 0xB4, 0xA7, 0xB5, 0x4F, 0x59, 0x9A, 0x7B, 0x59,
    0x3A, 0x40, 0x96, 0x0E, 0xEE, 0x63, 0xA2, 0x01, 0xC1, 0xCB, 0x3D, 0xE6, 0x4A, 0x81, 0xDA, 0x53,
    0xA0, 0x12, 0x8D, 0x59, 0x40, 0x01, 0x53, 0x25, 0xD1, 0xBE, 0x5E, 0x44, 0x9C, 0x9B, 0xA6, 0x93,
    0xEB, 0xF9, 0x14, 0xD3, 0x36, 0xBC, 0xFA, 0xE7, 0x60, 0xC5, 0x2F, 0xD3, 0x3F, 0x65, 0xDA, 0x6E,
    0xAA, 0x31, 0xCD, 0x09, 0x9C, 0x0F, 0x90, 0xE6, 0xEC, 0x70, 0x70, 0x3B, 0x44, 0x02, 0x97, 0x30,
    0xFC, 0xF5, 0x98, 0x69, 0x16, 0x9C, 0x66, 0xB1, 0x9A, 0x66, 0xEE, 0xA7, 0x19, 0x4E, 0xBD, 0x93,
    0x54, 0xEE, 0x0A, 0xDB, 0x22, 0xFB, 0x65, 0x8B, 0x51, 0xFF, 0x8C, 0x1A, 0xF7, 0x7F, 0xF3, 0x83,
    0x98, 0x1A, 0xCE, 0xBA, 0xC0, 0x87, 0xD4, 0xFC, 0x7F, 0x44, 0x68, 0x54, 0xB2, 0xF4, 0x03, 0x33,
    0x83, 0x65, 0x28, 0x8D, 0x58, 0x20, 0xB7, 0x22, 0x9B, 0xC1, 0xA2, 0x18, 0xF2, 0x10, 0x41, 0xAC,
    0x11, 0xDB, 0x53, 0xE6, 0x43, 0xFC, 0xCF, 0x90, 0x8D, 0x32, 0x90, 0x92, 0x6E, 0x09, 0x2D, 0xCB,
    0xFB, 0xCB, 0xDA, 0x55, 0x4C, 0x75, 0xEB, 0xC5, 0x85, 0xBF, 0xCE, 0x4B, 0x83, 0xBD, 0x55, 0x21,
    0x66, 0x97, 0x43, 0xFB, 0x64, 0xD0, 0x3E, 0x59, 0x99, 0xC2, 0x0C, 0x97, 0x3F, 0xD2, 0x1E, 0xE3,
    0xC3, 0xCB, 0xE0, 0x91, 0xDA, 0x87, 0x2F, 0xFB, 0xF2, 0x59, 0xED, 0xC3, 0xA5, 0x41, 0x2E, 0x04,
    0x8B, 0xE3, 0x2C, 0x23, 0x2E, 0xCF, 0x75, 0x30, 0x83, 0x5B, 0xA0, 0xCE, 0xBD, 0xC8, 0x2D, 0xD1,
    0x6F, 0xB0, 0x6F, 0xDD, 0x22, 0x49, 0x3D, 0x61, 0x0B, 0xA5, 0x5B, 0x2C, 0x14, 0xF0, 0x0B, 0x5A,
    0x2A, 0x0E, 0x8E, 0xEB, 0x12, 0xED, 0xB4, 0x32, 0xE2, 0xCB, 0xA2, 0xD4, 0x92, 0x55, 0xF8, 0xA1,
    0xBB, 0x37, 0xB6, 0x6C, 0x93, 0x2D, 0xD9, 0x38, 0xDF, 0xF9, 0x4B, 0xEE, 0x5E, 0x90, 0xD8, 0xD3,
    0x33, 0x05, 0xC9, 0xDD, 0x8C, 0x95, 0x7C, 0xFD, 0x2E, 0x82, 0x13, 0x59, 0xE2, 0x8A, 0xA5, 0xD9,
    0xC2, 0x44, 0x80, 0xC9, 0x45, 0x97, 0x27, 0x21, 0x67, 0x24, 0x74, 0xDF, 0x53, 0x9A, 0x56, 0x69,
    0xCD, 0x18, 0x27, 0x55, 0x8F, 0x84, 0xDD, 0x09, 0xBD, 0xAA, 0x7B, 0x24, 0x0A, 0x7D, 0xCF, 0x90,
    0x8E, 0xDD, 0x37, 0x18, 0x3F, 0xFB, 0xEB, 0x9A, 0x09, 0x62, 0x2E, 0x0E, 0x6D, 0xAC, 0x74, 0x05,
    0x23, 0x17, 0x48, 0x5F, 0xCE, 0xB9, 0x00, 0x2E, 0xB7, 0x97, 0x78, 0x12, 0x0D, 0x9D, 0x8A, 0x09,
    0xDA, 0x86, 0x9A, 0x40, 0x51, 0xE0, 0x25, 0x08, 0x1C, 0x0B, 0x0B, 0x59, 0xA8, 0x84, 0xE1, 0xC0,
    0x8F, 0x0C, 0xF7, 0x8C, 0x7C, 0x3A, 0xE5, 0x5A, 0x2F, 0x10, 0xDD, 0xE4, 0x28, 0xFB, 0x40, 0x1E,
    0xD9, 0x4C, 0xDF, 0xFD, 0xD1, 0x5E, 0x4A, 0x1C, 0x96, 0x45, 0x5D, 0x75, 0x05, 0xA0, 0x6E, 0x45,
    0x49, 0x8B, 0xAF, 0x92, 0xEF, 0xDA, 0xC8, 0x49, 0xC5, 0x8D, 0x5B, 0x38, 0xED, 0x6D, 0x07, 0xCA,
    0xA8, 0xE9, 0xAB, 0x9A, 0xFC, 0xD9, 0x94, 0x34, 0x12, 0x1B, 0x1A, 0xA7, 0xCE, 0xFE, 0x89, 0xC0,
    0xF5, 0x0D, 0x5E, 0x5E, 0xD5, 0x0D, 0x66, 0x3A, 0x39, 0x46, 0x49, 0x91, 0x93, 0x80, 0xED, 0x01,
    0x00, 0xC5, 0xB6, 0xEA, 0x9C, 0x06, 0x4E, 0x15, 0x6A, 0x0B, 0xC7, 0xFC, 0xE7, 0xFB, 0x55, 0x06,
    0xC4, 0xCA, 0xC6, 0xAA, 0x20, 0x98, 0xF9, 0xEC, 0x0B, 0x2A, 0xC7, 0xB9, 0x21, 0x87, 0xB5, 0x12,
    0x28, 0xB0, 0xB0, 0xDC, 0xB5, 0x85, 0xBE, 0x0B, 0xDA, 0x39, 0xCE, 0xA2, 0x2E, 0x98, 0xEB, 0x3A,
    0x80, 0x8C, 0x8C, 0x2F, 0x8E, 0xA4, 0xC8, 0x44, 0x2A, 0x57, 0x5F, 0xE7, 0xAF, 0xBE, 0x41, 0x42,
    0xEE, 0x57, 0xAE, 0xA6, 0xDC, 0x48, 0x6A, 0x63, 0x59, 0x68, 0xFF, 0x4C, 0x73, 0xB0, 0x63, 0x4E,
    0xA3, 0x65, 0x08, 0xA7, 0x04, 0xB7, 0xDF, 0x21, 0x8E, 0x87, 0x86, 0xB7, 0x7B, 0x55, 0x76, 0x60,
    0xF6, 0x65, 0xF8, 0xD0, 0xD5, 0xF1, 0x8B, 0x25, 0xD5, 0x31, 0x60, 0x76, 0xE9, 0xDF, 0x91, 0x5E,
    0x89, 0xA1, 0x7A, 0x66, 0x26, 0xBA, 0x32, 0x78, 0x43, 0xD3, 0x2D, 0x36, 0xF1, 0x57, 0x0F, 0x97,
    0xF4, 0x42, 0x84, 0x9C, 0x26, 0xE4, 0x61, 0x33, 0xC8, 0xC3, 0x4C, 0x3B, 0x0E, 0x89, 0x5B, 0x8C,
    0xFB, 0x8B, 0xE3, 0x49, 0xCC, 0x1E, 0x35, 0xA3, 0x34, 0x81, 0xD3, 0x1C, 0x11, 0x4A, 0xD7, 0x90,
    0x32, 0xC1, 0x61, 0x36, 0xB2, 0x7C, 0xF4, 0xD9, 0x1B, 0x5E, 0x7F, 0x00, 0x9A, 0xD3, 0x82, 0xDF,
    0x16, 0x93, 0xE8, 0x20, 0xF2, 0xC4, 0xBD, 0x08, 0x94, 0xF4, 0x22, 0x51, 0xD2, 0x8B, 0x48, 0x8E,
    0x41, 0x06, 0x51, 0x44, 0x84, 0xCA, 0x5A, 0x91, 0xCA, 0xEF, 0xFF, 0xBC, 0x8D, 0x1F, 0xBD, 0xFF,
    0x0B, 0x98, 0xCB, 0x22, 0xDB, 0x24, 0xC2, 0x85, 0xD8, 0xFF, 0xCE, 0x0B, 0x84, 0x33, 0xD6, 0xC6,
    0x55, 0xF0, 0x19, 0xE7, 0xCC, 0xB4, 0x7F, 0x44, 0x4F, 0x2D, 0xEB, 0x5E, 0x29, 0x5E, 0xED, 0xC6,
    0x4B, 0xE9, 0xB4, 0xCD, 0xA7, 0xDA, 0xD9, 0xC4, 0x4E, 0x39, 0x3D, 0x74, 0x72, 0xE0, 0x23, 0x3A,
    0xCE, 0x3F, 0xB4, 0x71, 0x8E, 0x36, 0xCE, 0xFF, 0x6C, 0xDB, 0xFF, 0x4F, 0xEC, 0x7E, 0x12, 0xAC,
    0xB3, 0x48, 0x12, 0x1B, 0xB0, 0x1E, 0xB7, 0x06, 0xB4, 0x29, 0xD7, 0x29, 0x16, 0x20, 0x24, 0xF8,
    0xEF, 0xD3, 0xDC, 0xFC, 0x30, 0x10, 0xDC, 0x2A, 0xDD, 0x40, 0x2A, 0x83, 0xE6, 0xD1, 0x2B, 0x48,
    0x5E, 0x3C, 0x4B, 0xB9, 0x21, 0xA0, 0x09, 0x5D, 0xB2, 0x11, 0x99, 0x54, 0x67, 0xEE, 0x90, 0x26,
    0x4E, 0x9A, 0x4C, 0xB0, 0xB3, 0xAA, 0x9A, 0xB3, 0xC4, 0x14, 0x71, 0xE1, 0x97, 0x4C, 0x26, 0x39,
    0x31, 0x0E, 0x2C, 0xED, 0x86, 0xEE, 0x5E, 0x6E, 0xA8, 0x9B, 0xD8, 0xF1, 0xEB, 0xC8, 0x1B, 0x73,
    0x28, 0x05, 0xCD, 0x2D, 0x98, 0x78, 0x8C, 0x73, 0xB4, 0x16, 0x04, 0x8D, 0x2C, 0x0D, 0xCB, 0x24,
    0x8F, 0x13, 0xC9, 0x23, 0x44, 0x36, 0xEB, 0xAD, 0x20, 0x48, 0xDC, 0x5F, 0x8E, 0x4C, 0x5D, 0x95,
    0x23, 0x28, 0x5C, 0xBD, 0x7A, 0x20, 0xA1, 0x5F, 0x1D, 0x78, 0x7B, 0x6D, 0x60, 0x1A, 0xEB, 0x1B,
    0xFC, 0xAA, 0x79, 0x89, 0xE6, 0xCC, 0xC4, 0x70, 0x63, 0x34, 0x44, 0xC3, 0x67, 0xDD, 0x70, 0x7A,
    0x80, 0x8D, 0x10, 0xE1, 0xA9, 0x6A, 0xAA, 0x42, 0x5E, 0xC2, 0x47, 0x31, 0xB2, 0xBC, 0x42, 0x04,
    0xC7, 0x18, 0xA2, 0x88, 0xC1, 0xFC, 0xCC, 0xAF, 0xFA, 0x0D, 0x51, 0xB4, 0x78, 0x2D, 0x2F, 0x7E,
    0x7F, 0x30, 0xB5, 0x1F, 0x1D, 0x30, 0x77, 0x18, 0xB3, 0x82, 0xA7, 0xD5, 0xCA, 0x37, 0x3A, 0x2F,
    0x66, 0x84, 0x17, 0x53, 0x95, 0x11, 0xDD, 0xF1, 0x5A, 0x1A, 0xFA, 0xE8, 0x92, 0x31, 0x06, 0x25,
    0x54, 0xCE, 0xBA, 0x34, 0xEB, 0x12, 0xE4, 0xC9, 0x09, 0xC6, 0x75, 0x1B, 0x3C, 0xF8, 0x40, 0x85,
    0x69, 0x28, 0x48, 0x81, 0x6B, 0x7B, 0x19, 0xC6, 0x00, 0xEC, 0x3D, 0xA7, 0x75, 0x73, 0xEE, 0x50,
    0x58, 0xCE, 0x59, 0x47, 0xFB, 0xB0, 0x80, 0x74, 0x3E, 0x04, 0xE4, 0x65, 0xB8, 0xB3, 0x4E, 0x2A,
    0x0E, 0x94, 0x4C, 0xCE, 0x34, 0x47, 0x68, 0x2A, 0xDA, 0x33, 0x42, 0x45, 0xE7, 0x3C, 0x3C, 0x10,
    0xCB, 0x11, 0x3A, 0xF7, 0x0D, 0xD8, 0x96, 0x81, 0xF6, 0xB9, 0xFB, 0x85, 0x8E, 0xF1, 0xEB, 0x74,
    0xCB, 0xA0, 0x9F, 0x22, 0x24, 0xCE, 0x67, 0xE4, 0xC4, 0x73, 0x98, 0xDF, 0x0D, 0x97, 0x2E, 0x44,
    0x88, 0x8D, 0xAB, 0x5E, 0x61, 0xEE, 0x0C, 0xFA, 0x21, 0x0F, 0x19, 0x53, 0xC7, 0x38, 0xE1, 0xAA,
    0x58, 0x5F, 0xE3, 0xC3, 0x51, 0xF4, 0x7C, 0x11, 0xE2, 0x14, 0x62, 0x98, 0x31, 0x35, 0xD6, 0x76,
    0xEE, 0x40, 0xFA, 0x50, 0xEE, 0x25, 0x09, 0xB9, 0xA1, 0x72, 0xE3, 0x48, 0x81, 0x51, 0x42, 0xA4,
    0x6D, 0x9B, 0x12, 0xA3, 0x8C, 0x2B, 0x35, 0x3F, 0x52, 0x8E, 0x5D, 0xF9, 0x67, 0x6E, 0xD5, 0xDD,
    0x6E, 0xE9, 0xB8, 0xAA, 0x4A, 0xAF, 0x8E, 0xB3, 0x32, 0x61, 0x4A, 0x95, 0x6A, 0x40, 0x42, 0xF0,
    0xB8, 0x40, 0xE5, 0xC3, 0x72, 0xC9, 0xA3, 0x2E, 0x81, 0x51, 0x4D, 0x93, 0x13, 0x19, 0x82, 0x2E,
    0x7D, 0x44, 0x05, 0xC8, 0x87, 0x34, 0xA0, 0x10, 0x04, 0x8E, 0x18, 0x53, 0x15, 0x2C, 0xB3, 0x33,
    0x1B, 0x81, 0x40, 0xC6, 0x94, 0xC1, 0xC9, 0x19, 0x69, 0xE1, 0x5C, 0x7B, 0x67, 0x6D, 0x57, 0xC8,
    0xF2, 0x37, 0xD7, 0xC0, 0x5E, 0xAF, 0x38, 0x61, 0x77, 0xD8, 0x3A, 0x96, 0x74, 0xEE, 0x3B, 0x8A,
    0x23, 0x63, 0x40, 0x8A, 0x98, 0x65, 0x4E, 0x7B, 0x69, 0x94, 0xFE, 0x48, 0xA3, 0xCC, 0xDB, 0x86,
    0x72, 0xA3, 0x64, 0x1D, 0x27, 0x8D, 0xB7, 0xA2, 0x26, 0xAF, 0xC2, 0xA1, 0xB1, 0xDD, 0x78, 0x66,
    0x23, 0x2E, 0x25, 0x87, 0x1E, 0xB8, 0xC3, 0xD2, 0x4E, 0x93, 0x6B, 0x34, 0x73, 0xE7, 0x88, 0x3E,
    0x43, 0x15, 0xF1, 0xD6, 0x8B, 0xBB, 0xCF, 0x06, 0xC7, 0xC9, 0x8D, 0x0F, 0x29, 0xF6, 0xB4, 0x76,
    0x81, 0xCE, 0xD8, 0xD9, 0x9F, 0x59, 0xD5, 0x4C, 0xCA, 0xCE, 0x86, 0x03, 0xC1, 0x08, 0xE5, 0xE3,
    0xEC, 0xEC, 0xCF, 0x5E, 0xCC, 0x52, 0xD8, 0xFF, 0x6E, 0x42, 0x9B, 0x83, 0xDB, 0xC6, 0x6E, 0x33,
    0xBA, 0xCF, 0xBF, 0xE1, 0xFE, 0x7F, 0x21, 0xEE, 0x05, 0x5D, 0x0D, 0x89, 0x34, 0xDC, 0x4B, 0x44,
    0x50, 0x2F, 0x14, 0xC4, 0xDC, 0x7C, 0xC9, 0x11, 0xF5, 0x9E, 0x93, 0x48, 0xCE, 0x3A, 0xE9, 0x9D,
    0x2D, 0xD0, 0x81, 0xA3, 0x72, 0x37, 0x84, 0x90, 0x31, 0x33, 0xC5, 0xF4, 0xF9, 0x5F, 0x56, 0x9F,
    0x09, 0x3D, 0x28, 0x10, 0x80, 0xFA, 0xB7, 0x03, 0x2D, 0x1E, 0xFA, 0x2A, 0x6E, 0x85, 0x50, 0x1F,
    0xA8, 0x94, 0x01, 0x13, 0xF4, 0x8C, 0xA4, 0x32, 0x8F, 0x83, 0xBA, 0x3A, 0x67, 0xB2, 0xB4, 0x4E,
    0xCB, 0x85, 0xBD, 0xD3, 0x36, 0x7B, 0xA0, 0x0F, 0xA6, 0x32, 0xD9, 0x01, 0xB8, 0x78, 0xFB, 0xC2,
    0xE8, 0x06, 0xFE, 0xA7, 0x6C, 0xB6, 0x6C, 0xF7, 0x66, 0x58, 0xD2, 0xDB, 0x91, 0x95, 0xF6, 0xC5,
    0xFD, 0x92, 0xC5, 0x4E, 0x0D, 0xD3, 0x95, 0xB5, 0x0B, 0xAC, 0xCB, 0xBD, 0xD4, 0x2D, 0x48, 0x8B,
    0x60, 0xB1, 0x55, 0xA6, 0x31, 0x65, 0xEE, 0x65, 0xC3, 0xF9, 0xC8, 0x0A, 0x12, 0xFF, 0xDC, 0x10,
    0xD9, 0xEA, 0x53, 0xD3, 0xD5, 0xA7, 0x12, 0x1E, 0x56, 0x4A, 0xA0, 0x54, 0x2B, 0x34, 0xD4, 0x6A,
    0x80, 0x47, 0x83, 0x3C, 0x3B, 0xC0, 0x56, 0x62, 0x08, 0x1F, 0x31, 0x12, 0x48, 0x18, 0x14, 0x77,
    0x83, 0x39, 0xA2, 0xC1, 0x98, 0x86, 0xF0, 0x22, 0xAD, 0x5C, 0xB9, 0xB8, 0x96, 0x33, 0x97, 0x94,
    0x79, 0xEB, 0x61, 0xDB, 0xEB, 0xFB, 0x55, 0x33, 0x97, 0x4F, 0x1C, 0x03, 0xBC, 0xC9, 0x7B, 0xC3,
    0x30, 0xE3, 0x2D, 0x6C, 0xA4, 0x0E, 0x71, 0x8E, 0x91, 0xC6, 0x6D, 0xEF, 0x46, 0x08, 0x1F, 0x98,
    0xC6, 0xCB, 0x1E, 0xD1, 0x0E, 0xDE, 0x19, 0xEF, 0x70, 0xDF, 0xCF, 0x20, 0x84, 0x69, 0xF1, 0xD3,
    0x3E, 0xA9, 0x58, 0xC9, 0x5D, 0xB5, 0x88, 0x7B, 0x80, 0x23, 0x72, 0x46, 0xD4, 0x3B, 0x30, 0x10,
    0x66, 0x97, 0x0B, 0xC0, 0xB6, 0x31, 0x84, 0xE0, 0xA8, 0xCD, 0x79, 0x90, 0xBB, 0x71, 0x50, 0xA6,
    0x95, 0x8E, 0x2B, 0xFD, 0xD7, 0x4E, 0xD0, 0xA8, 0xAD, 0x81, 0xF5, 0xC6, 0x52, 0xE5, 0x99, 0x3D,
    0x04, 0x59, 0x1B, 0x0F, 0xB4, 0x31, 0x37, 0x07, 0x08, 0x06, 0xB7, 0xFB, 0x21, 0x1A, 0xDC, 0x2D,
    0xB3, 0x1B, 0x64, 0xC4, 0xE6, 0x40, 0xD7, 0x99, 0x61, 0x82, 0xAC, 0x4B, 0x76, 0xEE, 0x07, 0xC0,
    0xAD, 0x92, 0xFA, 0x0F, 0xB5, 0x5A, 0x26, 0xBF, 0x2C, 0xEC, 0xBE, 0x72, 0x85, 0x53, 0x66, 0x59,
    0x24, 0xC4, 0x7C, 0x89, 0xB8, 0x9C, 0x26, 0x46, 0x83, 0x29, 0xC8, 0x24, 0xC9, 0x24, 0xCA, 0x24,
    0xCB, 0x96, 0xA8, 0x41, 0x1F, 0x50, 0x9C, 0x59, 0x82, 0xD2, 0xA2, 0x06, 0xBD, 0x59, 0xED, 0x8F,
    0x0F, 0x8E, 0x3C, 0x26, 0x6A, 0x00, 0x84, 0xCE, 0xAA, 0x5C, 0x9D, 0xA2, 0x47, 0xD1, 0x55, 0xA1,
    0xA3, 0x65, 0xA3, 0x7D, 0xF6, 0x0C, 0x6F, 0xFE, 0x8E, 0x83, 0x6E, 0xE1, 0xB0, 0x02, 0x3E, 0xC8,
    0x39, 0xCB, 0xCB, 0x25, 0xCD, 0x6C, 0xB0, 0xA5, 0xFA, 0xA3, 0x14, 0xA6, 0x44, 0xC7, 0x86, 0x0D,
    0x51, 0xC0, 0x31, 0x97, 0xFC, 0x2A, 0x49, 0x7E, 0x9F, 0xE3, 0x22, 0x6A, 0xF8, 0xC2, 0x62, 0xC2,
    0x8F, 0x63, 0x38, 0xE0, 0x77, 0x47, 0xE7, 0xCB, 0xEA, 0x05, 0x10, 0x2C, 0x63, 0xAE, 0x16, 0x68,
    0x9B, 0xA1, 0xC8, 0xE5, 0x5C, 0x9B, 0xBC, 0x9A, 0x5D, 0x17, 0x2B, 0x35, 0xBF, 0x43, 0x3D, 0x8E,
    0x2A, 0xB1, 0xBA, 0x82, 0x01, 0x03, 0xFA, 0xBF, 0xDC, 0x18, 0xD4, 0x8C, 0x61, 0xB2, 0xD2, 0x54,
    0xC8, 0x51, 0x0A, 0x8B, 0x95, 0xDA, 0x78, 0xA8, 0xAD, 0x3D, 0x83, 0x63, 0xC6, 0x54, 0x7D, 0x1A,
    0x02, 0x8B, 0x08, 0xDD, 0xF6, 0x0F, 0xF7, 0x03, 0x9B, 0xD8, 0x9E, 0x0F, 0x0D, 0xCB, 0x61, 0x52,
    0xE7, 0x0D, 0xB4, 0xE0, 0x5A, 0x67, 0xA8, 0xBC, 0xC5, 0xAA, 0x98, 0xA4, 0x4F, 0xBE, 0xBE, 0x4D,
    0xB9, 0x1A, 0x59, 0x46, 0x2C, 0x5F, 0xD2, 0x9F, 0x64, 0xDB, 0x53, 0x3E, 0xBC, 0x9E, 0x6D, 0x99,
    0x34, 0x7A, 0xBB, 0x4F, 0x7F, 0x4A, 0xDE, 0xF9, 0x55, 0x9B, 0xFE, 0x0C, 0x8B, 0x91, 0xBC, 0x53,
    0xA6, 0x6F, 0x59, 0x20, 0x42, 0x4B, 0x0A, 0x77, 0x7A, 0x67, 0xF0, 0x36, 0xC9, 0x22, 0xD8, 0x05,
    0xB5, 0xF4, 0xBD, 0xDB, 0x53, 0x43, 0xD3, 0xD3, 0x50, 0x86, 0x39, 0xE7, 0xE6, 0x89, 0xE8, 0x9E,
    0xDB, 0x6B, 0x01, 0x83, 0x7C, 0x05, 0x92, 0x6E, 0xC8, 0x87, 0xF3, 0xF6, 0x06, 0x2C, 0xFD, 0x36,
    0x18, 0x74, 0x63, 0x5C, 0x66, 0x1B, 0xA2, 0x31, 0x45, 0xB6, 0x85, 0x0F, 0xE1, 0xB8, 0x33, 0xC1,
    0x9F, 0xBC, 0xD3, 0xA1, 0xE4, 0x2B, 0xFC, 0x59, 0x07, 0x00, 0xDA, 0x57, 0xBF, 0xD9, 0xB9, 0xF9,
    0x16, 0x5F, 0x8B, 0xDF, 0x46, 0xA6, 0xFD, 0x34, 0xFE, 0xF5, 0x96, 0x00, 0x40, 0xE2, 0x00, 0xFB,
    0x48, 0xA8, 0x1D, 0x8A, 0xED, 0xBC, 0x64, 0x60, 0x84, 0x06, 0x4B, 0x90, 0x59, 0xB2, 0x61, 0xBB,
    0x42, 0x83, 0x5A, 0xB6, 0x87, 0xD9, 0x30, 0x40, 0xDB, 0x1D, 0x4B, 0xED, 0x83, 0xE7, 0x1C, 0x4B,
    0xBD, 0x1E, 0xBC, 0xE0, 0x06, 0xFD, 0x1F, 0xCF, 0x60, 0x2F, 0xA9, 0xB9, 0x62, 0x46, 0x07, 0xA0,
    0x49, 0x88, 0x0F, 0xC8, 0x3D, 0x74, 0x20, 0xF3, 0xC0, 0x0E, 0x64, 0x0F, 0x8E, 0xCB, 0xF7, 0xD0,
    0x69, 0xA3, 0x04, 0x1F, 0x37, 0x4B, 0x11, 0xDF, 0x7F, 0x58, 0x15, 0xF1, 0x29, 0xC2, 0x6B, 0x21,
    0x5E, 0x1F, 0xE3, 0x75, 0xE2, 0x5A, 0xBA, 0x47, 0xC5, 0x19, 0x14, 0xD8, 0x26, 0xB1, 0x2D, 0xD0,
    0x6B, 0x91, 0x5E, 0xB2, 0x3A, 0x94, 0xCE, 0x0E, 0x93, 0xE9, 0x29, 0xB6, 0xA9, 0x74, 0x9C, 0xCF,
    0x09, 0xA5, 0x93, 0x43, 0xF7, 0x90, 0x93, 0x80, 0x15, 0x84, 0x26, 0x82, 0xEC, 0x76, 0x7E, 0x08,
    0x79, 0x8E, 0x4A, 0x07, 0xB1, 0x30, 0x29, 0x9D, 0x2D, 0x8A, 0xAB, 0x60, 0x72, 0x91, 0x68, 0x09,
    0x34, 0x2E, 0x08, 0xB7, 0x51, 0x2E, 0xBF, 0xC1, 0xEC, 0x58, 0x2D, 0x59, 0xB1, 0x14, 0xAF, 0x12,
    0x34, 0x79, 0x92, 0xCE, 0x69, 0x48, 0xA7, 0x1B, 0x94, 0xF7, 0x3E, 0xED, 0x33, 0xCE, 0xAD, 0x1F,
    0x0E, 0x1E, 0x8A, 0x18, 0x0E, 0x1E, 0x10, 0x1C, 0x0E, 0x06, 0xBF, 0xB5, 0x7E, 0x06, 0xDD, 0xFC,
    0xB4, 0x55, 0x68, 0xCF, 0xA2, 0xB9, 0x49, 0x6F, 0xB5, 0x57, 0x64, 0x69, 0x7B, 0xEA, 0xAC, 0x92,
    0xCD, 0x91, 0x7C, 0x7E, 0x6A, 0xFD, 0x4F, 0xF3, 0x76, 0x6E, 0xD1, 0x64, 0x05, 0x1D, 0x94, 0xF8,
    0x68, 0x1D, 0x20, 0x54, 0x3E, 0xD0, 0x1F, 0x42, 0xBD, 0xE7, 0x94, 0xFF, 0x4B, 0x5D, 0x13, 0xB0,
    0x02, 0x1B, 0x7A, 0x66, 0x44, 0x54, 0x5F, 0x21, 0x5B, 0xB9, 0x8F, 0x70, 0x26, 0x68, 0xCE, 0x8A,
    0x8F, 0x3D, 0x72, 0x0D, 0x87, 0x08, 0x0E, 0x67, 0xDC, 0xBB, 0x57, 0x23, 0x87, 0xEC, 0x2E, 0x9C,
    0xD5, 0x0E, 0x09, 0x95, 0x92, 0x33, 0x9B, 0x64, 0xD7, 0x8F, 0x7E, 0x4E, 0xA3, 0xBF, 0xC5, 0xAA,
    0xBF, 0xA5, 0x0B, 0xC1, 0x02, 0x14, 0xDE, 0x54, 0x8D, 0x9B, 0x2A, 0x4C, 0x90, 0xB1, 0x28, 0xB7,
    0xE4, 0x2C, 0xA2, 0x1A, 0x5B, 0xA8, 0xCE, 0xA8, 0x74, 0x51, 0x48, 0xB3, 0x44, 0x3E, 0xCC, 0x6A,
    0x35, 0x6A, 0x36, 0xBA, 0xE9, 0x67, 0xE1, 0xCF, 0x65, 0x5C, 0xFD, 0x58, 0xEA, 0xF6, 0xCF, 0x65,
    0x3C, 0x48, 0x08, 0x9F, 0x28, 0x68, 0x7A, 0x8F, 0x39, 0xCD, 0x8D, 0x60, 0x3D, 0x91, 0xB8, 0x2C,
    0x9E, 0xC1, 0xE3, 0x0C, 0x5A, 0xA4, 0x3F, 0xC1, 0xED, 0x34, 0xFB, 0x3E, 0x6D, 0xC9, 0xBC, 0x85,
    0xA1, 0xDA, 0x17, 0x35, 0x72, 0xFC, 0x5B, 0xDE, 0x92, 0xB6, 0x28, 0x91, 0xC2, 0x70, 0x24, 0x6C,
    0x50, 0xB0, 0xC3, 0xB4, 0xF8, 0xA9, 0x70, 0x21, 0x88, 0x50, 0x56, 0x8E, 0xBF, 0x1C, 0x49, 0x1C,
    0x5B, 0x4D, 0x2F, 0x0E, 0xE9, 0x34, 0x54, 0xBA, 0xCD, 0xB1, 0x7B, 0x21, 0xAE, 0x29, 0xF2, 0xC3,
    0x9F, 0x31, 0x84, 0xF7, 0x2D, 0xEE, 0x58, 0x8E, 0xF0, 0x2A, 0xA3, 0xA0, 0x27, 0xBC, 0xBE, 0x2E,
    0xEE, 0x87, 0x8D, 0x6F, 0xF9, 0x81, 0x6F, 0xFD, 0x2D, 0x40, 0x06, 0xC9, 0xD6, 0x5D, 0x9F, 0x4F,
    0x5B, 0x37, 0xC0, 0x5B, 0x29, 0xC6, 0xE7, 0x9C, 0xF7, 0xC6, 0x19, 0x81, 0x79, 0xDD, 0xA0, 0x62,
    0xA4, 0x6C, 0xCA, 0xB4, 0x2D, 0xDC, 0xE6, 0x69, 0xFA, 0xC2, 0x59, 0x50, 0x53, 0x7F, 0x07, 0x5B,
    0x4C, 0x02, 0xA1, 0x08, 0xBC, 0x50, 0x10, 0x08, 0x75, 0xAB, 0xC2, 0x4C, 0x09, 0x87, 0x68, 0xF2,
    0x08, 0xD5, 0x84, 0x2C, 0x4A, 0x51, 0xC1, 0x31, 0xE3, 0x57, 0xAE, 0xF1, 0x69, 0x24, 0x6D, 0x5A,
    0x0B, 0xAB, 0xEC, 0x60, 0xFF, 0x41, 0x29, 0x84, 0x3D, 0x0C, 0x33, 0xDA, 0xC8, 0x2D, 0x4D, 0x43,
    0x20, 0x54, 0x58, 0x01, 0x11, 0xCD, 0xA8, 0xB6, 0x78, 0x7E, 0xC2, 0x92, 0x9C, 0x16, 0x5F, 0x35,
    0xC4, 0xEA, 0xAE, 0x78, 0x49, 0x12, 0x3C, 0xEC, 0x2A, 0x2C, 0x08, 0x30, 0x9C, 0x6D, 0x13, 0xA9,
    0xD6, 0x2A, 0xAD, 0xC7, 0x50, 0x48, 0xCE, 0x2C, 0x38, 0x58, 0xEF, 0x8B, 0xEB, 0x9B, 0xC1, 0xD0,
    0x7A, 0xF7, 0xC2, 0x01, 0xFB, 0xA0, 0x2A, 0x59, 0xDF, 0x4D, 0xAC, 0x4A, 0x84, 0xB5, 0x9D, 0xE0,
    0x1D, 0x39, 0x0D, 0xB0, 0x0B, 0x01, 0x35, 0x3E, 0x34, 0xA3, 0xB3, 0x91, 0xA6, 0xDE, 0xF1, 0xF6,
    0x74, 0x48, 0xF0, 0x04, 0xDE, 0x8E, 0x7B, 0x16, 0x76, 0xA5, 0x34, 0x09, 0x19, 0x36, 0x06, 0x26,
    0x9C, 0x99, 0xB4, 0xE0, 0x7B, 0x03, 0x52, 0x69, 0x9B, 0x4E, 0x09, 0x9B, 0x96, 0xA9, 0x9B, 0xA4,
    0x64, 0x96, 0x39, 0x75, 0xCB, 0xAE, 0x39, 0xF9, 0x9B, 0xFB, 0xA0, 0x7E, 0x40, 0x3C, 0x30, 0xFC,
    0xC9, 0x00, 0x1F, 0x3E, 0x7E, 0xCD, 0x71, 0x8D, 0x33, 0xC1, 0xA2, 0x5D, 0xD6, 0xA6, 0xED, 0xB5,
    0x08, 0xA1, 0x95, 0xD6, 0xAD, 0x28, 0x02, 0x2D, 0xFB, 0xB8, 0x4F, 0xBB, 0xE2, 0xB5, 0x7D, 0xD2,
    0x65, 0x7D, 0xF1, 0x75, 0x27, 0xA2, 0xA6, 0x43, 0x91, 0x0F, 0x69, 0xCB, 0x4E, 0x48, 0xDA, 0x2A,
    0xA2, 0xD3, 0xC1, 0xEE, 0xDE, 0xFB, 0x90, 0x0D, 0x2E, 0x2B, 0xA2, 0xB1, 0x72, 0xD9, 0x02, 0x6C,
    0xA7, 0x70, 0x9B, 0xC2, 0xDD, 0xDB, 0xD8, 0xEA, 0xBE, 0x32, 0x2B, 0xB7, 0x3F, 0x31, 0x31, 0xD4,
    0x5B, 0x2F, 0x05, 0x26, 0xD2, 0x13, 0xF3, 0x4A, 0xB2, 0xBE, 0x12, 0x08, 0xA9, 0x6D, 0x42, 0x15,
    0xAE, 0x8C, 0x1B, 0xC1, 0x8E, 0x0E, 0x42, 0x1E, 0x8B, 0xCC, 0x31, 0x22, 0x40, 0x30, 0xB7, 0x7B,
    0xDD, 0xB3, 0x8E, 0x04, 0x56, 0xE6, 0x06, 0x24, 0xAF, 0x29, 0xB4, 0x80, 0xE0, 0xD9, 0xA3, 0xC0,
    0x05, 0x9D, 0x51, 0xDA, 0x62, 0x57, 0x74, 0x70, 0x65, 0x93, 0x9D, 0x30, 0xB7, 0xBD, 0xAA, 0x9E,
    0x3B, 0x81, 0x39, 0xE5, 0x71, 0x55, 0x1C, 0xF2, 0x46, 0x72, 0x81, 0x26, 0xB2, 0xB3, 0x6D, 0x59,
    0x58, 0x3A, 0xDC, 0x11, 0xBC, 0x7B, 0xB0, 0x32, 0x09, 0xA0, 0x39, 0xA7, 0xEF, 0xFE, 0x23, 0x12,
    0xB4, 0xFB, 0xEC, 0xFB, 0x6C, 0x10, 0x96, 0xD7, 0xE8, 0x1A, 0xB6, 0x2D, 0x4A, 0x42, 0xA3, 0x0A,
    0xA6, 0x7E, 0x9C, 0x1D, 0xCE, 0x8C, 0x10, 0x6E, 0x11, 0xB4, 0x6B, 0x51, 0x27, 0x7B, 0x22, 0xED,
    0xAA, 0xFE, 0xCA, 0x74, 0x37, 0xDB, 0x35, 0x65, 0x3E, 0x01, 0x64, 0x95, 0xAA, 0x82, 0x89, 0xEA,
    0xCF, 0x6D, 0x86, 0xCC, 0x8A, 0x8C, 0xDC, 0x6E, 0xC8, 0x8C, 0x43, 0xAD, 0x8D, 0x8C, 0x15, 0xFE,
    0x63, 0x1F, 0xE6, 0x4B, 0x1B, 0x9B, 0xFB, 0xB6, 0x23, 0x0E, 0x82, 0x33, 0xAB, 0xAA, 0x24, 0xF6,
    0x7B, 0xA2, 0x28, 0x33, 0x6F, 0x29, 0xA1, 0x3C, 0xCB, 0x0C, 0xBD, 0xF4, 0x27, 0xBD, 0xD7, 0xA9,
    0x2A, 0x1A, 0xB0, 0x7D, 0x31, 0x06, 0xF3, 0xC6, 0x98, 0x5A, 0xED, 0x8C, 0xEA, 0xFB, 0x03, 0x8D,
    0x78, 0xD0, 0x8C, 0xD1, 0x3C, 0xEE, 0x8D, 0x43, 0xB4, 0x8F, 0xD5, 0x05, 0x2D, 0xDA, 0x47, 0x3B,
    0x62, 0x9D, 0x09, 0x1E, 0x23, 0x2E, 0x11, 0xDB, 0xA3, 0x63, 0x2A, 0x56, 0xA9, 0x48, 0x7B, 0x84,
    0x0C, 0x95, 0xAC, 0xA5, 0xC2, 0x62, 0x96, 0xC6, 0x91, 0x89, 0xC1, 0x69, 0x14, 0xEB, 0x4F, 0xB5,
    0x33, 0xE5, 0x2A, 0x84, 0x6E, 0xB1, 0x49, 0x76, 0x00, 0xE4, 0x4F, 0x5B, 0xEC, 0x12, 0x14, 0x64,
    0x02, 0xB6, 0x38, 0x95, 0x28, 0xED, 0x3B, 0xE4, 0x6C, 0x1C, 0x03, 0x64, 0x36, 0xD6, 0x2E, 0xDC,
    0x2B, 0x5E, 0x9B, 0x40, 0x03, 0x38, 0xD2, 0x38, 0x13, 0x8D, 0xC1, 0x82, 0x37, 0xE8, 0x2B, 0x1F,
    0x64, 0x93, 0x06, 0x95, 0x5A, 0x0C, 0x05, 0x45, 0xE3, 0xE7, 0xFA, 0xA6, 0xDD, 0x47, 0x6A, 0xB9,
    0xAF, 0xF6, 0x4D, 0x09, 0x75, 0xE0, 0xF6, 0x23, 0xF6, 0x8C, 0xDB, 0x11, 0xDC, 0x34, 0xDC, 0x25,
    0x69, 0x9B, 0x6F, 0xD3, 0x16, 0xDB, 0x06, 0xD0, 0x24, 0x7C, 0x67, 0x02, 0xAE, 0xC5, 0x6D, 0x9C,
    0xC9, 0x49, 0x4F, 0xE7, 0x2B, 0x7E, 0x7D, 0x88, 0x27, 0x67, 0xFC, 0x14, 0x6E, 0xD2, 0x4E, 0x35,
    0x21, 0xCF, 0x5F, 0xD3, 0x43, 0xEA, 0xD8, 0x1D, 0x6C, 0x4F, 0xFB, 0xFA, 0x4E, 0x3F, 0x47, 0x90,
    0xA8, 0xD2, 0x55, 0x68, 0xE3, 0x4C, 0xA5, 0x6A, 0xCB, 0x1A, 0x89, 0xE3, 0x46, 0x04, 0x09, 0x5B,
    0x10, 0x6C, 0xEA, 0x0B, 0xCA, 0x4C, 0xCC, 0x9D, 0x2B, 0x7D, 0xF6, 0x45, 0xBB, 0x48, 0x70, 0x58,
    0x6B, 0x47, 0xA6, 0x68, 0xB3, 0xA9, 0xDF, 0x75, 0x8D, 0xCD, 0xF9, 0x22, 0xE5, 0x71, 0x46, 0x91,
    0xFF, 0x31, 0x18, 0xED, 0x26, 0x6C, 0xA1, 0x98, 0x58, 0xCD, 0xEC, 0xE1, 0x59, 0xB8, 0xA3, 0xBB,
    0xDE, 0xEC, 0x60, 0x0E, 0x4E, 0x34, 0x73, 0x18, 0xC5, 0xF8, 0x07, 0x2B, 0xFA, 0xAE, 0x59, 0x4E,
    0xF9, 0xC0, 0x89, 0x2C, 0x20, 0xA7, 0xB3, 0xAF, 0x41, 0x6A, 0xB3, 0x42, 0x59, 0x92, 0x63, 0x4B,
    0xA7, 0x5A, 0xB1, 0xF7, 0x02, 0x7C, 0x77, 0x75, 0xD5, 0xED, 0x8B, 0xB3, 0xBB, 0x09, 0x70, 0xFC,
    0x43, 0x2C, 0xCE, 0x3E, 0xF0, 0x5A, 0xA0, 0xF0, 0x55, 0x02, 0x4B, 0xBC, 0x50, 0xAE, 0x08, 0x74,
    0x16, 0xA0, 0x95, 0x7F, 0xEC, 0x7E, 0xF9, 0x32, 0x0B, 0xB5, 0x1F, 0x96, 0x47, 0xE1, 0x32, 0x70,
    0x85, 0xDB, 0x80, 0x13, 0xAB, 0xCA, 0x11, 0x8C, 0xBB, 0xA6, 0xD6, 0x2F, 0xC5, 0xB8, 0x01, 0x57,
    0x0D, 0xD5, 0x81, 0xF7, 0x3D, 0x3A, 0x29, 0x75, 0xCE, 0x9A, 0x42, 0xBE, 0xD0, 0x99, 0x6A, 0x4C,
    0x2E, 0xB6, 0x8A, 0x34, 0xB9, 0xB1, 0x32, 0x6A, 0xC1, 0xD0, 0x76, 0x02, 0x7B, 0x38, 0x66, 0x01,
    0x54, 0x63, 0xA1, 0xA7, 0xC9, 0xC0, 0xAA, 0x64, 0x3E, 0x9A, 0x1F, 0x8C, 0x58, 0x6F, 0x06, 0x65,
    0xE3, 0x51, 0x95, 0x52, 0x2B, 0x3E, 0x49, 0xB1, 0xEE, 0xB6, 0x09, 0x48, 0x31, 0xC6, 0xBB, 0x9B,
    0x52, 0xA3, 0x5A, 0xB7, 0xCF, 0x4F, 0x88, 0xA5, 0x2E, 0x79, 0xD3, 0x19, 0x5A, 0x9D, 0xB5, 0xC1,
    0xBA, 0x7E, 0xCB, 0x5B, 0x18, 0x66, 0x3C, 0x33, 0x60, 0x12, 0xF8, 0x90, 0x5E, 0xB0, 0x78, 0xC5,
    0xE1, 0x76, 0x69, 0x5F, 0xA2, 0xAB, 0x09, 0xE1, 0x7A, 0x01, 0x60, 0xCB, 0xF3, 0x4F, 0x09, 0xDA,
    0xCC, 0xC2, 0x5D, 0xE1, 0x7C, 0xCA, 0x74, 0xF8, 0x97, 0x43, 0x70, 0x23, 0x86, 0x4A, 0xBB, 0x1E,
    0x40, 0xC5, 0x9D, 0x06, 0x77, 0xDC, 0xC8, 0xEF, 0x07, 0x37, 0xDC, 0xFE, 0x71, 0x3F, 0x77, 0x53,
    0xDF, 0x07, 0xD7, 0x9C, 0x11, 0xB8, 0x0B, 0x9E, 0xE7, 0xF5, 0xB9, 0xB4, 0x73, 0x2B, 0x7F, 0xE2,
    0xF6, 0x70, 0x1F, 0xBC, 0x90, 0xE1, 0xFA, 0x8A, 0x33, 0x79, 0xBB, 0xC0, 0xB9, 0xFD, 0xC9, 0x76,
    0x83, 0xB8, 0x7D, 0x1B, 0xB5, 0x59, 0x97, 0xB6, 0xA9, 0x9B, 0x7B, 0xE6, 0xDC, 0xE1, 0x78, 0xBC,
    0xF9, 0x33, 0x01, 0x6B, 0x4B, 0x58, 0x74, 0x6F, 0x2E, 0x1D, 0x8B, 0xAA, 0x25, 0x05, 0x6B, 0x8E,
    0xFF, 0xE1, 0x71, 0xBD, 0xD1, 0xAC, 0x30, 0x0D, 0xB2, 0x91, 0x29, 0xD7, 0xD2, 0xCA, 0xE2, 0xA8,
    0x14, 0xBA, 0xC0, 0x90, 0x22, 0x96, 0x03, 0x80, 0x32, 0xA2, 0xE8, 0x13, 0x86, 0x3A, 0xEB, 0xB8,
    0x9F, 0xF2, 0x2E, 0x05, 0xB4, 0xC1, 0xDD, 0xB0, 0xFD, 0x9B, 0x0E, 0x1D, 0xF7, 0x1C, 0x8F, 0xA2,
    0xA9, 0xD8, 0xC3, 0x6A, 0xAB, 0xD0, 0xAB, 0x41, 0xA3, 0x5B, 0xAB, 0x90, 0x34, 0x78, 0x34, 0xEB,
    0x61, 0x47, 0xE1, 0xF5, 0x07, 0xF2, 0x62, 0x2A, 0xF7, 0x2B, 0x57, 0xCD, 0x70, 0x45, 0x78, 0x64,
    0xA8, 0x6E, 0x59, 0xDC, 0x8C, 0x96, 0x67, 0xF1, 0xED, 0xAD, 0xAA, 0x39, 0x5A, 0xDB, 0xB2, 0x51,
    0x18, 0x81, 0xA1, 0x31, 0x04, 0x28, 0x13, 0x0F, 0x11, 0x64, 0x6D, 0x34, 0xE4, 0x3F, 0xBB, 0xEB,
    0x9C, 0x82, 0xE9, 0x10, 0x0F, 0x4E, 0x59, 0x4C, 0xFB, 0xAA, 0x8E, 0xFF, 0x71, 0x47, 0x6E, 0xF2,
    0x97, 0x6C, 0xCB, 0xA2, 0x29, 0xE2, 0x3B, 0xF2, 0x2D, 0x2B, 0xA1, 0x8E, 0x00, 0x2B, 0x48, 0x05,
    0x21, 0x5B, 0x0E, 0x3D, 0x32, 0xF5, 0xD8, 0x89, 0xCE, 0xF4, 0x02, 0xA1, 0x92, 0xEE, 0x65, 0x2B,
    0x3D, 0x63, 0x1C, 0x46, 0xA4, 0xBD, 0x2D, 0x3A, 0x0F, 0xD4, 0x13, 0x48, 0x67, 0xC3, 0xA3, 0x57,
    0x25, 0x03, 0xA3, 0x05, 0x8A, 0x00, 0x21, 0x99, 0x58, 0x7A, 0xBC, 0x33, 0x16, 0xEC, 0xBA, 0x6E,
    0xEA, 0x9C, 0x54, 0x2A, 0xAD, 0xAD, 0xC6, 0x0E, 0xC5, 0x4B, 0x12, 0x1B, 0xDF, 0x92, 0xDC, 0xF8,
    0xB6, 0xA2, 0x61, 0xDF, 0x15, 0xE7, 0xBE, 0x21, 0xFE, 0xB6, 0xA2, 0xA7, 0xDD, 0x51, 0x6B, 0x0B,
    0xFD, 0x19, 0x35, 0x2B, 0xEA, 0x99, 0xF3, 0x83, 0x2A, 0xA2, 0x21, 0xC9, 0x87, 0xCF, 0x01, 0x63,
    0xD4, 0x13, 0x5A, 0xB4, 0xC5, 0x98, 0xA0, 0x0D, 0x47, 0x32, 0x73, 0x63, 0xEA, 0x90, 0xED, 0x6C,
    0x38, 0x1E, 0x0D, 0xA7, 0xF8, 0x0A, 0x43, 0xE9, 0xDF, 0x60, 0x00, 0xFC, 0x9B, 0x0C, 0x8D, 0x70,
    0x28, 0xF9, 0x8F, 0xF9, 0xEA, 0x7F, 0x5A, 0x2A, 0x68, 0xD2, 0x55, 0xF9, 0xE2, 0x33, 0x56, 0x35,
    0xC6, 0x9D, 0x17, 0x0E, 0xDA, 0x98, 0x1E, 0x74, 0xB8, 0xB1, 0xD6, 0x24, 0xB7, 0x15, 0x8E, 0xCA,
    0x1E, 0xD3, 0x27, 0xEA, 0x63, 0x4B, 0xFF, 0xA0, 0xA0, 0xB3, 0x41, 0x94, 0x29, 0xC2, 0x79, 0x88,
    0xCB, 0xEE, 0x38, 0x82, 0xFB, 0x74, 0xE6, 0xAF, 0x05, 0xC7, 0x8D, 0x66, 0x3F, 0x12, 0xEB, 0xE5,
    0x8B, 0xA3, 0xAD, 0x3F, 0xA2, 0xC5, 0xDC, 0x1C, 0x05, 0x3D, 0x94, 0xC5, 0x09, 0x3B, 0xEF, 0x11,
    0xE7, 0xDB, 0xB9, 0x09, 0x94, 0xDB, 0x4B, 0xBE, 0x95, 0x1A, 0x2B, 0xDF, 0x1C, 0x59, 0x62, 0x41,
    0xF1, 0xA7, 0x0C, 0x11, 0x16, 0xFE, 0xDE, 0xE4, 0xBE, 0x91, 0xED, 0x05, 0x0A, 0x64, 0xC8, 0x4B,
    0x4D, 0x44, 0x60, 0x66, 0xEE, 0x59, 0x1B, 0x00, 0x3C, 0x72, 0xB8, 0x63, 0x60, 0x18, 0x30, 0x94,
    0x10, 0x89, 0x4D, 0x8A, 0x0B, 0x67, 0xFF, 0x43, 0x83, 0xA2, 0x6E, 0xB1, 0x8E, 0x28, 0x59, 0x50,
    0x1D, 0xDD, 0x26, 0x14, 0x2B, 0x08, 0xE9, 0xB5, 0x29, 0x6B, 0xB0, 0x61, 0x05, 0x3A, 0x66, 0x22,
    0xA8, 0x1F, 0xF1, 0xB2, 0x1B, 0x7C, 0x04, 0x46, 0xBF, 0x3B, 0x55, 0xA3, 0x24, 0x67, 0x10, 0xF4,
    0x8C, 0xA7, 0xB1, 0xF6, 0xF6, 0x6D, 0x9A, 0x0B, 0x34, 0x35, 0x7E, 0xB5, 0xB5, 0x72, 0x17, 0xD6,
    0x7D, 0x6E, 0x54, 0x15, 0x1E, 0x2A, 0xF3, 0x0C, 0x32, 0x70, 0x7A, 0x97, 0x45, 0x9C, 0x61, 0xC9,
    0x41, 0x2C, 0x75, 0x3D, 0xAB, 0x26, 0x9E, 0xAB, 0x2C, 0x61, 0xB1, 0xAC, 0xEF, 0xF2, 0x57, 0xF1,
    0xB2, 0xF0, 0x37, 0xB7, 0x73, 0x24, 0x73, 0x5C, 0x12, 0x1B, 0xBE, 0xC2, 0xF1, 0xCD, 0x78, 0x02,
    0x56, 0x20, 0x99, 0xC6, 0xD8, 0x29, 0xD7, 0x03, 0x72, 0x53, 0x75, 0x53, 0x47, 0x48, 0xAD, 0x53,
    0x74, 0xA1, 0xBF, 0x0B, 0x13, 0xBE, 0x77, 0xA8, 0x54, 0x9D, 0xB2, 0xBB, 0x4D, 0x0B, 0xC8, 0x31,
    0xE0, 0x7D, 0x76, 0xD6, 0x75, 0x13, 0x1D, 0x98, 0x08, 0x76, 0x52, 0x75, 0x5F, 0xE8, 0x61, 0xD3,
    0xF3, 0x21, 0xEE, 0xA3, 0x0E, 0x72, 0xB0, 0x8B, 0x76, 0x51, 0x4B, 0x59, 0x18, 0xED, 0xD1, 0x5D,
    0x86, 0x9A, 0x3B, 0x55, 0x58, 0x64, 0x33, 0xDC, 0xA0, 0xBD, 0xE9, 0x6C, 0xC1, 0x53, 0x95, 0x8C,
    0x06, 0x87, 0x1D, 0x30, 0x10, 0x03, 0xCB, 0x2F, 0x55, 0x34, 0x03, 0x61, 0x2D, 0x37, 0xD4, 0xFD,
    0xAF, 0xDA, 0x6C, 0x3F, 0x93, 0x37, 0x82, 0x63, 0xBC, 0xC3, 0xD2, 0x22, 0x6C, 0xAE, 0x77, 0x2A,
    0x7C, 0x58, 0xD7, 0xF7, 0x15, 0xF3, 0xDC, 0x65, 0xED, 0x2E, 0x56, 0xA0, 0xDA, 0xD0, 0x9A, 0x39,
    0x19, 0xFC, 0x9D, 0x8A, 0x3F, 0x13, 0xC2, 0xB9, 0x79, 0x6B, 0xA4, 0x19, 0xC8, 0xA8, 0x39, 0xD8,
    0x0A, 0x31, 0x44, 0x75, 0xD2, 0x82, 0xB1, 0x16, 0xEF, 0x69, 0x09, 0x31, 0xDD, 0x8F, 0x5B, 0x2C,
    0xFC, 0x78, 0x2A, 0x2C, 0x79, 0x2A, 0x23, 0x3E, 0xD3, 0x8D, 0xEC, 0xE7, 0x34, 0x06, 0x4D, 0xCC,
    0x3D, 0x6F, 0xE9, 0x8E, 0xEA, 0x8B, 0x90, 0x2A, 0xB0, 0x93, 0xB2, 0x80, 0x5E, 0xC3, 0xC9, 0x97,
    0x2E, 0xE9, 0x34, 0xD3, 0x9A, 0x81, 0x4E, 0x4B, 0xD4, 0xE2, 0x38, 0x3A, 0x24, 0x5B, 0x44, 0x33,
    0xA6, 0xE6, 0x9D, 0x49, 0x3B, 0x4A, 0x18, 0x9F, 0x71, 0x5D, 0x0A, 0x96, 0xD7, 0x2B, 0x22, 0xA9,
    0x89, 0x47, 0x83, 0xD8, 0x87, 0x7A, 0xD7, 0xE6, 0xFF, 0xE3, 0xED, 0xD1, 0x2A, 0x36, 0xE8, 0x29,
    0xD7, 0xEA, 0x53, 0xA0, 0xEE, 0x5F, 0x19, 0x8B, 0x40, 0xC5, 0xD9, 0x6A, 0x8B, 0xA0, 0x2B, 0x3B,
    0x98, 0xD4, 0x0A, 0x6A, 0x55, 0xEC, 0x83, 0xA9, 0x1E, 0x98, 0x6E, 0x89, 0x14, 0xB4, 0x8A, 0xB0,
    0x8C, 0x8C, 0xF7, 0xBD, 0x4D, 0x48, 0xA7, 0xB2, 0x2E, 0x15, 0xCD, 0x5F, 0x45, 0x82, 0xE7, 0xB6,
    0x6E, 0xB9, 0x09, 0x84, 0x8D, 0x19, 0xC7, 0xCE, 0x20, 0xCA, 0x24, 0x18, 0x62, 0xB7, 0xDE, 0x67,
    0xF6, 0xC1, 0x5C, 0x2E, 0x3A, 0x3F, 0x2C, 0x99, 0x3B, 0xFF, 0x3B, 0xA1, 0xE7, 0xF9, 0xDC, 0xAF,
    0xFD, 0xB3, 0x67, 0xD3, 0x27, 0xA3, 0xDB, 0x6A, 0x82, 0x55, 0xB7, 0x39, 0x4B, 0x30, 0xBA, 0xAC,
    0x6D, 0xEA, 0x86, 0x28, 0x82, 0xF6, 0x0D, 0x41, 0x07, 0x93, 0xF2, 0xC4, 0x83, 0x51, 0x02, 0x15,
    0x3F, 0xE8, 0xC1, 0x18, 0x88, 0x90, 0x0A, 0x3D, 0x64, 0x56, 0xCA, 0xDF, 0x99, 0x15, 0x98, 0x77,
    0x66, 0x06, 0xE6, 0xDB, 0xCA, 0x0A, 0xFA, 0xB7, 0x95, 0x8F, 0x40, 0x59, 0x09, 0x69, 0xE5, 0x1F,
    0x9A, 0xD6, 0x57, 0x93, 0x96, 0x73, 0x59, 0xA9, 0x95, 0x84, 0xFB, 0x07, 0x6B, 0xEF, 0x40, 0xCA,
    0x35, 0xEC, 0x5B, 0x95, 0xED, 0x2C, 0xA8, 0xE8, 0x96, 0xB8, 0xD8, 0x85, 0x93, 0xFB, 0x8F, 0xA5,
    0xD1, 0xBF, 0x62, 0xC8, 0x35, 0x66, 0x39, 0xFB, 0x5E, 0x76, 0x4C, 0x62, 0xCD, 0x75, 0xF2, 0xEF,
    0x18, 0xDB, 0xD7, 0x24, 0x71, 0xCE, 0x24, 0x50, 0x29, 0x83, 0xCE, 0xC8, 0x6B, 0x53, 0xB4, 0x7D,
    0x60, 0xEA, 0xC3, 0x6A, 0x6E, 0xB3, 0xF2, 0x42, 0x4A, 0x52, 0x68, 0xD5, 0x48, 0x88, 0xE7, 0x53,
    0x8F, 0x8C, 0xC4, 0x14, 0xEE, 0x0E, 0x88, 0xDB, 0x6D, 0x76, 0x74, 0x38, 0x37, 0xDB, 0xD7, 0xC3,
    0xBD, 0xD0, 0x88, 0x03, 0xD5, 0x56, 0x38, 0x64, 0x52, 0xD8, 0x85, 0xDD, 0x38, 0x9C, 0x81, 0xDB,
    0x94, 0x45, 0x14, 0xBC, 0x49, 0x8A, 0x55, 0x72, 0xAA, 0x2A, 0x19, 0xDE, 0xBA, 0x01, 0x0D, 0x8D,
    0xEE, 0xB7, 0x79, 0x0D, 0xF8, 0x0C, 0xC4, 0x31, 0x3A, 0x4F, 0x39, 0x5F, 0x48, 0x7D, 0x56, 0x3A,
    0x61, 0x9C, 0x22, 0x5F, 0x90, 0x10, 0xFA, 0x64, 0xEA, 0x66, 0xFB, 0xBC, 0x0C, 0xED, 0x4D, 0xFB,
    0xB9, 0xB0, 0x7E, 0x6C, 0x93, 0xA1, 0x4F, 0x60, 0x32, 0x82, 0x01, 0x93, 0x51, 0xCA, 0x88, 0x2D,
    0x5F, 0xA2, 0xFA, 0x15, 0x77, 0xFB, 0x62, 0x78, 0xAE, 0x29, 0xFF, 0x47, 0x31, 0x6D, 0x61, 0x05,
    0x85, 0xA9, 0x2A, 0x01, 0xEA, 0x94, 0x6D, 0x0D, 0xD0, 0xD9, 0x80, 0x29, 0x5B, 0x47, 0x5E, 0x94,
    0x9E, 0x02, 0x44, 0x2F, 0x7F, 0x35, 0xF2, 0xC4, 0x38, 0x63, 0xA1, 0x64, 0x8F, 0x68, 0x8B, 0xF1,
    0xA8, 0xAB, 0x4C, 0x16, 0x6D, 0x7E, 0x6B, 0x14, 0x36, 0x48, 0x90, 0x19, 0x16, 0x77, 0xC7, 0xDD,
    0xF1, 0xD4, 0x3D, 0xA8, 0xA9, 0x90, 0xD4, 0x02, 0x40, 0x9D, 0x92, 0xA9, 0xED, 0x62, 0x98, 0x07,
    0x14, 0x24, 0x8D, 0xC4, 0x11, 0x41, 0x86, 0x29, 0x00, 0x66, 0x97, 0xF4, 0xB1, 0xF9, 0x82, 0x1C,
    0xF1, 0xDD, 0xA5, 0xCE, 0x5E, 0xE6, 0x6A, 0x7D, 0xBD, 0x3C, 0xD9, 0x6D, 0xB8, 0x35, 0x24, 0x0A,
    0x83, 0xB3, 0x20, 0x9B, 0x33, 0x48, 0x9B, 0xB8, 0x3F, 0xEA, 0xF0, 0xED, 0x77, 0x49, 0xEB, 0x7F,
    0x84, 0xBC, 0x61, 0xED, 0xD8, 0xDD, 0xA9, 0x31, 0x0C, 0xF7, 0x81, 0xCF, 0x47, 0x32, 0xB2, 0xC0,
    0x6E, 0xEB, 0xE9, 0x5B, 0xB0, 0xB3, 0x7F, 0x30, 0x3A, 0xCF, 0x3E, 0x38, 0xC9, 0x50, 0xE1, 0x59,
    0x74, 0xB0, 0xB2, 0x21, 0xA3, 0x36, 0x0A, 0x2B, 0xEE, 0xA9, 0x6C, 0x51, 0x07, 0x07, 0x84, 0xCD,
    0x9D, 0x98, 0x65, 0x09, 0xDF, 0x93, 0x2C, 0x92, 0x56, 0xBF, 0xBB, 0xBC, 0x7B, 0xC3, 0x5C, 0x0E,
    0xB4, 0x1D, 0xE2, 0x7C, 0x55, 0x60, 0x0D, 0x00, 0x37, 0x0F, 0xCA, 0x8D, 0xD3, 0x6C, 0xCD, 0x21,
    0xEA, 0x47, 0x58, 0x77, 0x6E, 0xD1, 0x1F, 0x04, 0xB7, 0xDC, 0xCF, 0x9C, 0x5B, 0x5D, 0x66, 0x35,
    0x7C, 0xDE, 0xA8, 0x4D, 0xEA, 0xEB, 0x4E, 0x8A, 0x85, 0x0F, 0xF1, 0xBA, 0x87, 0xC1, 0x2D, 0xB7,
    0x3E, 0xDF, 0x0B, 0xAE, 0x68, 0x5E, 0x57, 0x56, 0xED, 0x05, 0xA6, 0xC3, 0x0A, 0x08, 0x32, 0x2D,
    0x09, 0xE1, 0xED, 0x62, 0x7C, 0x45, 0x75, 0xF4, 0x78, 0x41, 0xE2, 0xC6, 0x33, 0xC7, 0x79, 0x12,
    0xDF, 0x5F, 0x87, 0x60, 0xA5, 0xDD, 0xDC, 0xB0, 0xE3, 0x9A, 0x1C, 0x83, 0xEB, 0xF0, 0x27, 0x4E,
    0x84, 0xDF, 0x7C, 0xC5, 0x1A, 0xA4, 0x7D, 0xD0, 0xFF, 0x36, 0x0F, 0x96, 0x71, 0xA5, 0x93, 0xB7,
    0xB7, 0xA7, 0x2E, 0x9F, 0xE6, 0x36, 0x7F, 0xBB, 0xEB, 0x5E, 0x9D, 0xBA, 0x71, 0x9D, 0x78, 0x38,
    0xE9, 0xFC, 0xF0, 0x81, 0x0F, 0xE8, 0xB7, 0x43, 0x9F, 0xF7, 0xB3, 0x8E, 0xD1, 0xEA, 0x6F, 0xD7,
    0x7D, 0xF3, 0x57, 0x55, 0xF3, 0xEB, 0x62, 0xFA, 0x23, 0x3C, 0x54, 0xEE, 0x9F, 0xBF, 0xB3, 0xD8,
    0x9D, 0x60, 0xD5, 0x6A, 0x65, 0xA2, 0x57, 0xA4, 0xED, 0x6C, 0x8F, 0xAA, 0x2D, 0x9D, 0x41, 0x28,
    0x0E, 0x33, 0xF2, 0x7D, 0x33, 0xAD, 0x24, 0xC5, 0xB4, 0x7A, 0xE9, 0x0B, 0x1A, 0x58, 0xF9, 0x41,
    0x90, 0x7F, 0xD6, 0xE5, 0x5F, 0x5A, 0x7A, 0xD6, 0x13, 0xA1, 0xE2, 0x2D, 0xE3, 0x02, 0x8A, 0xD5,
    0x3F, 0xBB, 0x87, 0x9B, 0xAD, 0xEF, 0x39, 0xB4, 0x5D, 0xF5, 0xAA, 0x2E, 0x3F, 0x68, 0xB6, 0xF8,
    0xF4, 0x22, 0x5F, 0xCC, 0xD4, 0x97, 0xDC, 0x51, 0xFD, 0xBA, 0x20, 0xF9, 0x6A, 0x20, 0x29, 0xD3,
    0x86, 0x94, 0xC9, 0xA4, 0x42, 0x13, 0xEB, 0x00, 0xC7, 0x5E, 0xF5, 0x5E, 0x5A, 0x39, 0x35, 0x34,
    0x77, 0x17, 0xC1, 0x1A, 0x7D, 0xEF, 0xAC, 0x7D, 0x78, 0xEC, 0x48, 0xA9, 0x5F, 0x9E, 0xFD, 0x5B,
    0x03, 0xD2, 0x4E, 0x8F, 0x98, 0xD7, 0x13, 0x51, 0xD1, 0x3A, 0xA7, 0x49, 0xAF, 0xFA, 0x02, 0x8B,
    0x53, 0xF3, 0xC2, 0xAC, 0xE4, 0xC2, 0x77, 0xD8, 0xF3, 0x63, 0x7F, 0x7C, 0x7F, 0xC3, 0xDA, 0xB7,
    0x4B, 0x2B, 0x95, 0x7C, 0x43, 0x24, 0xB1, 0xEA, 0xD6, 0x5D, 0x03, 0x2B, 0xEB, 0x1A, 0xA8, 0x76,
    0x69, 0xE5, 0xBA, 0xBF, 0xE1, 0x68, 0xFD, 0x0D, 0x99, 0xE9, 0x9A, 0x2C, 0xA3, 0xB0, 0xB7, 0xFE,
    0x86, 0xB1, 0xEF, 0x6F, 0x98, 0xBD, 0x68, 0x02, 0xFE, 0x0D, 0xEB, 0x6F, 0x18, 0xF6, 0xD6, 0xBB,
    0x20, 0x25, 0xFA, 0xC7, 0xD1, 0xFB, 0x86, 0x9C, 0xC8, 0xF4, 0x6D, 0x3B, 0x9B, 0x20, 0xFB, 0x3B,
    0xEB, 0xB2, 0x07, 0x19, 0xAD, 0xFE, 0x86, 0x73, 0x5B, 0xC3, 0x7E, 0xA5, 0x82, 0xCE, 0x34, 0x60,
    0x54, 0xFE, 0x9B, 0xA8, 0xC3, 0xCD, 0xD2, 0xDF, 0x90, 0xFD, 0x4D, 0x07, 0x81, 0x54, 0x83, 0x55,
    0xAD, 0x82, 0x97, 0xE3, 0x86, 0xCF, 0x5B, 0x5B, 0xA1, 0x2B, 0xD7, 0x2E, 0xEE, 0xCE, 0xF9, 0x78,
    0x46, 0xDE, 0x4B, 0x60, 0xC6, 0xAB, 0xF8, 0xFE, 0x09, 0xD6, 0x1C, 0x58, 0x16, 0xE0, 0x6B, 0xD9,
    0x7C, 0xA2, 0xE9, 0xCE, 0x05, 0x7F, 0x10, 0x47, 0x6E, 0x18, 0xD6, 0x03, 0x1A, 0x86, 0xE1, 0x63,
    0x62, 0xFA, 0x01, 0xEA, 0x52, 0x99, 0xB3, 0x87, 0xA9, 0xE6, 0x2B, 0x98, 0x2A, 0x11, 0xAA, 0x39,
    0x1C, 0x84, 0xA2, 0x0E, 0x19, 0x3B, 0x40, 0xEE, 0xE8, 0xD3, 0xEE, 0x52, 0x9E, 0x20, 0x9B, 0xDB,
    0x4F, 0x97, 0x8A, 0x69, 0x3B, 0x8D, 0x40, 0x78, 0x1D, 0x92, 0x3D, 0xE9, 0x14, 0x48, 0x62, 0xF5,
    0x5E, 0xBE, 0x30, 0xD8, 0x4B, 0x01, 0x94, 0xCF, 0xDB, 0xFF, 0xDF, 0x07, 0x8F, 0x6E, 0x80, 0x25,
    0xF5, 0xAD, 0xDE, 0xA6, 0x06, 0x85, 0x5E, 0xF5, 0x6F, 0x78, 0x6C, 0x1B, 0xAC, 0xF8, 0xB7, 0x05,
    0xC5, 0xB0, 0x41, 0xF9, 0xE4, 0xEF, 0x52, 0x86, 0x5B, 0x81, 0x7F, 0x79, 0xA1, 0x45, 0x71, 0x11,
    0x76, 0x57, 0x66, 0x05, 0x46, 0x26, 0x60, 0x31, 0xAB, 0x08, 0x0C, 0x0D, 0x9C, 0x03, 0x52, 0x6E,
    0x17, 0x61, 0xEA, 0x81, 0xB3, 0x8F, 0xF7, 0x80, 0x32, 0x4D, 0x1E, 0xB9, 0xEA, 0x9B, 0xB6, 0x25,
    0xBE, 0x69, 0x9B, 0xCE, 0xBB, 0xB0, 0xC3, 0x2E, 0x9E, 0xDC, 0xB4, 0xCD, 0xF9, 0x27, 0x8C, 0xCA,
    0x0C, 0xC9, 0x8B, 0xEC, 0x74, 0x11, 0xFD, 0x70, 0x50, 0xC3, 0x8B, 0x9D, 0x7A, 0x65, 0x6F, 0xD7,
    0x4D, 0xDB, 0xBE, 0x2B, 0xCB, 0x0D, 0x52, 0x05, 0x20, 0x6D, 0x62, 0x49, 0xD9, 0x71, 0xFC, 0xE2,
    0xA6, 0x6D, 0xE5, 0x93, 0x9A, 0xB6, 0x3D, 0x5D, 0xA1, 0x60, 0x6F, 0xCD, 0xB7, 0x97, 0x42, 0xC1,
    0xDA, 0x9C, 0x8E, 0x73, 0x85, 0x82, 0x98, 0xCA, 0x21, 0x46, 0xA1, 0xE0, 0x21, 0xFE, 0x11, 0x0A,
    0x05, 0xC3, 0xB7, 0x58, 0x28, 0x38, 0xA9, 0x50, 0xD0, 0xB7, 0x2B, 0x8E, 0xFF, 0x79, 0xFA, 0x4B,
    0xB5, 0xFF, 0x6B, 0x21, 0xA5, 0x9C, 0x9B, 0xFC, 0x6E, 0x0A, 0x05, 0x31, 0x70, 0x4D, 0x2D, 0xAE,
    0xD7, 0x6D, 0x62, 0xAC, 0x88, 0x24, 0x9F, 0x4B, 0xB4, 0x52, 0x25, 0x28, 0x93, 0xC9, 0x7C, 0xFE,
    0x0B, 0x7A, 0xD9, 0x59, 0x1A, 0xE1, 0xE9, 0x1B, 0x28, 0x3D, 0xB6, 0xCF, 0xB6, 0xF7, 0xBE, 0x9F,
    0xDC, 0x4F, 0xEF, 0x89, 0x4B, 0xE3, 0xA7, 0x95, 0xCE, 0x10, 0xB6, 0x0A, 0x16, 0x39, 0xEA, 0x16,
    0x09, 0x76, 0x99, 0x47, 0x7B, 0x38, 0x6F, 0x35, 0x9F, 0x65, 0xEF, 0xC5, 0x6A, 0x9E, 0xB3, 0x62,
    0x6A, 0x54, 0x36, 0x17, 0x79, 0x2C, 0x3B, 0xA8, 0x08, 0xE6, 0xE6, 0x8B, 0xD6, 0x02, 0x3B, 0xF0,
    0x05, 0xA1, 0xB8, 0xE5, 0x1A, 0xF5, 0x55, 0x51, 0xEE, 0xAA, 0x28, 0xF7, 0xB9, 0xA7, 0xA1, 0x9C,
    0xEA, 0x2D, 0x6C, 0xFF, 0x3F, 0x9E, 0x72, 0xF9, 0xFB, 0xA2, 0x1C, 0x3B, 0xBF, 0xAB, 0xFD, 0x7B,
    0x25, 0x69, 0x89, 0xA3, 0x69, 0x78, 0x29, 0x23, 0xE4, 0x3F, 0xC2, 0x72, 0x05, 0x62, 0x1F, 0xFD,
    0x1F, 0xB2, 0x53, 0xE0, 0x8A, 0x7C, 0xFB, 0x27, 0x92, 0xEF, 0x02, 0x2A, 0x15, 0xC1, 0xDC, 0x69,
    0xDF, 0xC8, 0xB3, 0xF4, 0x71, 0x7F, 0x12, 0x7F, 0x29, 0xE8, 0xE4, 0xDB, 0xE4, 0xF7, 0xBE, 0x4D,
    0x3E, 0x73, 0x46, 0x9D, 0xEF, 0x43, 0x49, 0x48, 0xAC, 0xA2, 0xD1, 0x99, 0x4E, 0x51, 0xC9, 0xE7,
    0x33, 0x55, 0x14, 0x34, 0xF3, 0xED, 0x9F, 0x94, 0x2B, 0x67, 0xEF, 0x08, 0x34, 0x24, 0xDB, 0x93,
    0x4A, 0x8E, 0x6D, 0x31, 0xD9, 0x63, 0xE2, 0x83, 0x51, 0x9F, 0xD5, 0x27, 0xF4, 0xFA, 0x1B, 0x35,
    0x85, 0x8A, 0x06, 0x45, 0x89, 0x15, 0x21, 0x0E, 0xEC, 0x2C, 0x39, 0xA5, 0xE2, 0x2E, 0x26, 0x32,
    0xE8, 0x5B, 0x38, 0x2B, 0xD6, 0x11, 0x79, 0xB3, 0xA2, 0x6F, 0x30, 0x3D, 0x40, 0x64, 0xCE, 0x89,
    0xCC, 0xCD, 0x10, 0xB2, 0xE8, 0xBB, 0x2A, 0x99, 0x38, 0x65, 0x6C, 0xCE, 0xD7, 0x62, 0xA4, 0x50,
    0x72, 0xE9, 0x96, 0xC9, 0x51, 0xC0, 0xF4, 0xDB, 0xB4, 0x5D, 0x9F, 0xDC, 0x24, 0xC9, 0x9E, 0x30,
    0xB6, 0xC7, 0x5A, 0x47, 0xF4, 0x3D, 0x2E, 0x58, 0xF5, 0x33, 0xB1, 0x82, 0xE0, 0x4D, 0x69, 0x20,
    0x22, 0xFE, 0xD8, 0xBE, 0xBF, 0x45, 0xD9, 0x50, 0x82, 0x92, 0x71, 0x67, 0xBE, 0x67, 0xE8, 0x0F,
    0xE0, 0xE8, 0xF7, 0x2A, 0x03, 0x0E, 0x77, 0xDC, 0x40, 0xC3, 0xE0, 0x1E, 0xD6, 0x71, 0x4F, 0x59,
    0x02, 0x35, 0x6D, 0xCD, 0xDD, 0xAE, 0x63, 0x60, 0xE2, 0xB9, 0xAB, 0x80, 0x60, 0xD4, 0x66, 0x17,
    0x14, 0x65, 0xEA, 0xF7, 0x65, 0xC5, 0x35, 0x65, 0xF4, 0xAA, 0x21, 0xA6, 0x96, 0xE6, 0xF5, 0x18,
    0x76, 0x4B, 0x8F, 0x9A, 0xAD, 0x8F, 0x24, 0xFA, 0x26, 0xE5, 0xF1, 0x61, 0x33, 0x58, 0xAF, 0x39,
    0x40, 0x51, 0xAC, 0xCB, 0x62, 0xBE, 0x55, 0xBE, 0x37, 0x58, 0x00, 0x29, 0x6A, 0xE4, 0xB8, 0x13,
    0x8B, 0x6F, 0x46, 0x55, 0xAC, 0x06, 0x1E, 0x39, 0x48, 0x62, 0xA8, 0x27, 0x95, 0x6F, 0x1A, 0x92,
    0x6E, 0xB5, 0x71, 0xF2, 0xCE, 0x1F, 0x9D, 0xC0, 0x7E, 0x33, 0x5B, 0x86, 0x37, 0xB3, 0x29, 0xF8,
    0x14, 0x71, 0x6C, 0xDF, 0x41, 0xDA, 0xC5, 0x91, 0xCA, 0xDC, 0xDC, 0xB9, 0x3C, 0x75, 0x36, 0xF8,
    0x16, 0xB3, 0x24, 0x59, 0xBC, 0x8D, 0xA8, 0x7D, 0xD2, 0xE3, 0xE2, 0x75, 0xAC, 0x7C, 0x81, 0x8D,
    0x9C, 0x6E, 0xE4, 0x19, 0x58, 0x41, 0x82, 0xA9, 0x21, 0x26, 0xD7, 0xC3, 0xA6, 0xD9, 0xEC, 0xD3,
    0x2E, 0x6C, 0x63, 0x60, 0x3F, 0xBA, 0xA4, 0xDF, 0x38, 0x76, 0x4B, 0xBA, 0x14, 0xB9, 0x60, 0x14,
    0xE2, 0x77, 0x79, 0x89, 0x8F, 0x44, 0x8C, 0xAE, 0xB0, 0x5D, 0x92, 0xB6, 0x0F, 0xEC, 0x29, 0x6B,
    0x0F, 0x26, 0x84, 0x09, 0xA3, 0xB1, 0xF0, 0xDA, 0xF2, 0x64, 0xB2, 0xB9, 0x2F, 0x4C, 0x4A, 0x27,
    0x7D, 0x65, 0x4F, 0xE9, 0xF6, 0x01, 0x9F, 0x2E, 0xB9, 0xC5, 0x7D, 0xC3, 0x3A, 0x08, 0x17, 0x42,
    0x64, 0x39, 0xE1, 0x79, 0x08, 0x80, 0x78, 0xFB, 0x52, 0x30, 0x85, 0x7B, 0x20, 0xDF, 0x02, 0x0C,
    0x76, 0x1B, 0xEE, 0xE9, 0xF7, 0x5D, 0x39, 0xE0, 0xBC, 0xBD, 0x64, 0x5C, 0x28, 0x35, 0x3F, 0x2D,
    0x4D, 0x00, 0xA3, 0xED, 0x79, 0xD2, 0x2C, 0xBE, 0xD9, 0x62, 0xDD, 0x37, 0x33, 0xE1, 0x67, 0x67,
    0x30, 0x57, 0x97, 0x12, 0x6C, 0xFE, 0x90, 0x7B, 0x3F, 0x65, 0xB7, 0x2B, 0x35, 0x19, 0x33, 0xC5,
    0xCB, 0xDE, 0x6B, 0x99, 0x97, 0x8F, 0xF9, 0x2A, 0x22, 0x44, 0x26, 0x11, 0x7C, 0x03, 0x1F, 0x14,
    0xD1, 0x1E, 0xD2, 0xD5, 0x47, 0xDD, 0x93, 0x55, 0xCF, 0x78, 0x71, 0x9D, 0xFB, 0xFD, 0x4B, 0xBC,
    0x5E, 0x67, 0x08, 0xAA, 0xE2, 0x4F, 0x2B, 0x06, 0x8D, 0x9C, 0x7D, 0x95, 0xB1, 0x5E, 0xB9, 0x51,
    0xA7, 0xB5, 0x12, 0x07, 0x68, 0xBD, 0xB9, 0x58, 0xBF, 0xA7, 0x2B, 0xB7, 0xA4, 0x58, 0xAE, 0xCF,
    0x72, 0x85, 0xD8, 0x51, 0x3A, 0xB8, 0xB2, 0x0D, 0xBC, 0x17, 0x8D, 0xCE, 0x4D, 0x8E, 0x83, 0x59,
    0x8A, 0x5D, 0x60, 0xA3, 0x17, 0xED, 0xA6, 0x5B, 0x95, 0xF0, 0x83, 0x1C, 0x97, 0x69, 0x4A, 0xD6,
    0x76, 0x51, 0x52, 0x44, 0x92, 0xF1, 0x00, 0xC5, 0x32, 0xC2, 0xEF, 0xB1, 0x42, 0x41, 0x16, 0x78,
    0x34, 0xAD, 0xDA, 0xA4, 0xB4, 0xCE, 0x0C, 0x7C, 0xE8, 0x81, 0x0A, 0xB4, 0x65, 0x19, 0x3B, 0xE6,
    0xD9, 0x88, 0xCC, 0x85, 0xFE, 0x45, 0xEF, 0x51, 0x97, 0x93, 0x35, 0xD2, 0x42, 0xD9, 0x3F, 0xA5,
    0x45, 0x6E, 0xEE, 0x4C, 0x43, 0x4F, 0xA0, 0x76, 0x0C, 0xC9, 0xFC, 0x41, 0xB4, 0xBD, 0xCC, 0x41,
    0x69, 0xCB, 0x4F, 0x86, 0x1C, 0x1F, 0x2D, 0xA4, 0x73, 0xD0, 0x4E, 0x77, 0xE3, 0xE8, 0x75, 0xB7,
    0xA2, 0xE5, 0xBD, 0x02, 0xD2, 0xAB, 0xEE, 0xE5, 0xBD, 0xA1, 0xD8, 0x2C, 0xA2, 0x67, 0x87, 0x52,
    0x74, 0xD6, 0xE0, 0x7F, 0x1B, 0x1E, 0xD6, 0x10, 0x58, 0x0F, 0x7B, 0x05, 0xFE, 0xC0, 0x0A, 0xAA,
    0x2A, 0xAB, 0xB1, 0xF4, 0x9E, 0x4B, 0xD1, 0xC9, 0x71, 0xC1, 0x07, 0x56, 0x2C, 0x7F, 0xDB, 0xAA,
    0x03, 0x8D, 0x0F, 0x9D, 0x34, 0x67, 0xB0, 0x1F, 0x3E, 0xA2, 0xE0, 0xCB, 0x6A, 0xD3, 0xE0, 0xE2,
    0xFB, 0x67, 0x8E, 0xEA, 0x38, 0xD0, 0x6C, 0x15, 0x40, 0x38, 0x04, 0x27, 0xB1, 0x7C, 0x8E, 0x00,
    0x2F, 0x01, 0xAE, 0x72, 0xEA, 0x3C, 0xEC, 0x43, 0xC0, 0xF2, 0x99, 0x88, 0x28, 0x49, 0xD0, 0x27,
    0x1A, 0xAE, 0x72, 0xF2, 0xF7, 0xE6, 0x8C, 0x5E, 0x6C, 0x08, 0x30, 0x36, 0x99, 0xEE, 0xA5, 0xAF,
    0x84, 0xF3, 0x92, 0xB6, 0xE2, 0x39, 0x99, 0x9C, 0xAC, 0xD5, 0x71, 0xB8, 0xFF, 0x1E, 0xF2, 0xD8,
    0x2F, 0xED, 0x85, 0xE7, 0x57, 0x75, 0xC3, 0xBA, 0xDE, 0x5B, 0xDC, 0xAE, 0x68, 0xE9, 0xA8, 0xA6,
    0x40, 0x40, 0x3C, 0x7A, 0x94, 0x38, 0x1A, 0x8E, 0xB9, 0x35, 0x25, 0x0E, 0x9B, 0x10, 0x38, 0xE1,
    0xDF, 0xEE, 0x44, 0xC2, 0x76, 0xEC, 0x03, 0x26, 0x90, 0x25, 0x9B, 0xA7, 0x54, 0xFB, 0x73, 0x4C,
    0x49, 0x9A, 0xCD, 0xE1, 0x6A, 0xA6, 0xB5, 0xBC, 0x76, 0xA2, 0xFB, 0x75, 0xBD, 0x6D, 0xAF, 0xD6,
    0xAB, 0x91, 0xD5, 0x3D, 0xF9, 0x6E, 0x60, 0x49, 0xFF, 0xDF, 0x55, 0x1E, 0xD1, 0xEF, 0x26, 0xAD,
    0x69, 0xCF, 0x1D, 0x9D, 0xFD, 0xA4, 0xE7, 0x9A, 0x65, 0x3F, 0x55, 0xBE, 0x25, 0xFF, 0xC1, 0xD6,
    0x47, 0x41, 0xA9, 0x3A, 0xAD, 0xBB, 0xA3, 0x3F, 0xDC, 0x8C, 0xE7, 0x6C, 0xEC, 0xB5, 0xA6, 0xD1,
    0xB8, 0xEE, 0x48, 0x3F, 0xB0, 0x23, 0x3D, 0xD6, 0x22, 0xEB, 0x80, 0xEE, 0x6C, 0x90, 0xCE, 0x03,
    0x90, 0xD0, 0xA9, 0xEE, 0xED, 0x3D, 0x66, 0xC3, 0xFF, 0x63, 0x70, 0xF8, 0xDC, 0x75, 0xAC, 0xC5,
    0xC9, 0x3D, 0x0E, 0x98, 0x98, 0xF2, 0xAA, 0xF5, 0xC9, 0x8A, 0xC8, 0x5B, 0x59, 0xC4, 0xA9, 0xFE,
    0x1A, 0xB1, 0x88, 0xB7, 0x7F, 0x81, 0xBC, 0xD2, 0x2F, 0x7E, 0x02, 0xE6, 0xFF, 0x69, 0xAB, 0x73,
    0x2A, 0x9B, 0xDA, 0xB7, 0xFE, 0xA8, 0xD9, 0xA0, 0x00, 0xBD, 0x0A, 0x31, 0x3C, 0x1E, 0x66, 0xF9,
    0xD8, 0x9D, 0x82, 0x76, 0x2A, 0x23, 0x59, 0xBF, 0x9A, 0xC6, 0xA7, 0xDA, 0x29, 0xD1, 0xFB, 0xDC,
    0x29, 0xF9, 0x7B, 0xD8, 0x29, 0x7B, 0xBF, 0x53, 0xE4, 0xE0, 0xAB, 0xEB, 0xF6, 0xBA, 0x26, 0xAB,
    0x3F, 0x53, 0x93, 0x95, 0x58, 0xCB, 0xFC, 0xA9, 0x5F, 0x7C, 0x0F, 0x5F, 0x99, 0x45, 0xF3, 0x97,
    0x0B, 0x84, 0x02, 0x93, 0xE0, 0x41, 0x90, 0xBF, 0x08, 0xF8, 0xD6, 0x7D, 0xE7, 0x79, 0x1D, 0x36,
    0xDC, 0x17, 0x70, 0xA3, 0x91, 0x4B, 0xC6, 0x24, 0x4F, 0xF9, 0x96, 0xC3, 0x3C, 0xD1, 0xB8, 0xAF,
    0x98, 0x9F, 0xD5, 0x8E, 0x60, 0x9F, 0x5B, 0xEE, 0x88, 0xD4, 0xF6, 0x05, 0x26, 0xA7, 0x23, 0x0C,
    0x80, 0x76, 0x67, 0xC6, 0xA6, 0x20, 0x22, 0xDD, 0xA9, 0x6F, 0x36, 0xBB, 0x44, 0xAE, 0x75, 0x22,
    0xE4, 0xB3, 0x4D, 0x4B, 0xB6, 0x8C, 0x6B, 0xD9, 0x40, 0x68, 0x9F, 0xD4, 0x9F, 0x73, 0x63, 0x8B,
    0x3A, 0x4A, 0xAD, 0x52, 0x71, 0xC1, 0xC6, 0x36, 0xF7, 0xA4, 0xD8, 0x1E, 0xB6, 0xAF, 0xAD, 0x89,
    0x49, 0x2D, 0x03, 0x7C, 0x0D, 0x5A, 0xBA, 0x68, 0x69, 0x6E, 0xAC, 0xBC, 0xC1, 0x2E, 0xB3, 0xD2,
    0x9F, 0xC8, 0xAA, 0x64, 0xB4, 0x06, 0x1E, 0xBA, 0xAF, 0x26, 0x6D, 0x3A, 0xB4, 0xB0, 0x0C, 0xFC,
    0x91, 0x85, 0xFE, 0xC0, 0x42, 0x05, 0xED, 0xB6, 0x5A, 0x8B, 0x9C, 0x75, 0x11, 0x2D, 0x6B, 0x89,
    0xB0, 0x16, 0x89, 0x7B, 0xA6, 0x42, 0xD0, 0x86, 0x0D, 0x28, 0x6E, 0x20, 0x6F, 0xB6, 0xD7, 0x20,
    0x73, 0xA7, 0xEE, 0x04, 0xC5, 0xA8, 0x2F, 0x6D, 0x5F, 0x70, 0xA4, 0x3D, 0x0D, 0xD9, 0xCF, 0xA2,
    0x5F, 0xE4, 0xAC, 0x1B, 0xB0, 0x32, 0x72, 0xD7, 0x94, 0xB2, 0xBD, 0x27, 0x0E, 0x1A, 0xCD, 0xE2,
    0xAF, 0x95, 0xB5, 0x16, 0xF4, 0x4F, 0x8D, 0xDB, 0x95, 0x1E, 0x55, 0xFD, 0x18, 0x4C, 0x3A, 0xF5,
    0x36, 0xA5, 0xE7, 0x04, 0x01, 0xD4, 0x6A, 0x69, 0x15, 0x08, 0x4D, 0x86, 0x39, 0xE2, 0x55, 0x7B,
    0x4C, 0x6D, 0xA9, 0x88, 0x57, 0xE3, 0xFB, 0x1F, 0x7B, 0x5E, 0x7B, 0xD4, 0x01, 0x01, 0x56, 0x15,
    0xBA, 0x3A, 0x17, 0xE0, 0xB0, 0xCA, 0x62, 0x44, 0x4F, 0x3A, 0x20, 0xA0, 0x5F, 0x65, 0x36, 0xCE,
    0x9C, 0x0B, 0x60, 0x3D, 0x1C, 0x69, 0xA8, 0xE7, 0x4F, 0x3A, 0x20, 0xA0, 0x5C, 0x75, 0xC6, 0xC1,
    0xFF, 0x21, 0x59, 0xBF, 0xF6, 0x07, 0x04, 0x8C, 0xAA, 0x91, 0x68, 0x66, 0x10, 0x46, 0xE2, 0x2D,
    0x91, 0xCD, 0x70, 0x0E, 0xBF, 0x71, 0xEF, 0xDC, 0xC3, 0xEB, 0x4B, 0x63, 0xB0, 0xB3, 0xD6, 0x90,
    0x29, 0x91, 0xA2, 0x66, 0xC9, 0x05, 0x1B, 0x6E, 0x12, 0xCE, 0x0C, 0x32, 0x29, 0xE4, 0x71, 0x60,
    0x88, 0x60, 0x58, 0xF5, 0x12, 0x9A, 0xAB, 0x74, 0xF7, 0x66, 0xBF, 0xC5, 0x24, 0x07, 0x22, 0x03,
    0xC2, 0xB7, 0x2A, 0x3C, 0xC4, 0xBA, 0x5D, 0x38, 0x06, 0xAD, 0xA5, 0x2B, 0xB3, 0x4E, 0x32, 0xF5,
    0x65, 0x74, 0xCF, 0x9C, 0xBA, 0xA2, 0xF4, 0x50, 0x92, 0xCD, 0x76, 0x89, 0xD8, 0xAE, 0xE1, 0x8C,
    0x69, 0xB9, 0x58, 0x2C, 0xAA, 0xBD, 0x1F, 0xBC, 0x85, 0x64, 0xEB, 0xAE, 0xC6, 0xD7, 0x04, 0x53,
    0x1B, 0x6A, 0xB2, 0xA9, 0x0B, 0xBF, 0xF4, 0xC4, 0x44, 0x8B, 0xB4, 0x57, 0xE7, 0xC5, 0xBF, 0x3A,
    0xAF, 0xFE, 0xA5, 0xD5, 0xF2, 0x2F, 0xEB, 0xBF, 0x30, 0xC0, 0xC2, 0x01, 0x0B, 0x0B, 0x2C, 0x3C,
    0xB0, 0x30, 0xC1, 0xC2, 0x05, 0x0B, 0x1B, 0x2C, 0x7C, 0x20, 0x46, 0xD8, 0x06, 0x6B, 0x4E, 0x58,
    0x58, 0x61, 0xE1, 0x85, 0x85, 0x19, 0x16, 0x6E, 0x98, 0xD9, 0x61, 0xE1, 0x87, 0xE5, 0xC4, 0x08,
    0xE3, 0x88, 0xC1, 0xAF, 0x20, 0x42, 0x86, 0x81, 0x8E, 0x0B, 0xC5, 0x3C, 0x4F, 0xB5, 0x88, 0x27,
    0x01, 0x23, 0x56, 0x27, 0x01, 0xCB, 0xF8, 0x5E, 0xD8, 0xA8, 0xA9, 0x35, 0x7B, 0x37, 0xCC, 0xBD,
    0xAD, 0xCD, 0x08, 0xB7, 0x5B, 0xDC, 0xFB, 0xFE, 0xDE, 0x86, 0x02, 0xE7, 0x4D, 0x2E, 0x4A, 0xAA,
    0x33, 0x52, 0xB4, 0xA2, 0xB6, 0xA4, 0xB6, 0xA6, 0xD8, 0x97, 0x70, 0xDB, 0x0A, 0xB3, 0x6C, 0xD3,
    0x19, 0x69, 0xAE, 0x23, 0xB9, 0xFE, 0xDE, 0x47, 0x71, 0xA6, 0x33, 0x88, 0x2C, 0xE8, 0xAF, 0xC1,
    0xDB, 0xD9, 0xAB, 0x63, 0x5A, 0xF7, 0x7E, 0xD9, 0x15, 0xB5, 0x61, 0x55, 0x40, 0xEF, 0x97, 0xC5,
    0x8E, 0x69, 0xF5, 0x07, 0x83, 0xE9, 0x49, 0x66, 0xB4, 0x5A, 0x11, 0x59, 0x55, 0x77, 0xDE, 0x5E,
    0x39, 0xE8, 0xB7, 0xD5, 0x73, 0xD5, 0x4E, 0xF1, 0xF6, 0xC7, 0xB4, 0x96, 0x56, 0x91, 0x69, 0xE7,
    0x33, 0xB3, 0xA9, 0x69, 0x60, 0x2D, 0x69, 0x09, 0xE8, 0x95, 0xEB, 0x36, 0xFA, 0xD3, 0x30, 0x36,
    0x87, 0xC0, 0x02, 0x9B, 0x1B, 0x9D, 0x18, 0x2E, 0x5F, 0xDD, 0xFD, 0x2D, 0x16, 0x27, 0x61, 0xA1,
    0x42, 0xC5, 0x63, 0x5A, 0x11, 0x02, 0x70, 0x8B, 0x43, 0x09, 0x5D, 0xCC, 0x3E, 0x45, 0x31, 0xFB,
    0x5D, 0x16, 0xC8, 0xF2, 0x35, 0x31, 0xC8, 0x0F, 0x79, 0xA8, 0x48, 0xEB, 0xE3, 0x54, 0x70, 0x1F,
    0xAC, 0xCF, 0xD2, 0xDE, 0xD7, 0x6F, 0xD9, 0x91, 0x61, 0x6A, 0x88, 0x71, 0xD7, 0x4E, 0xC1, 0x81,
    0xE7, 0xA1, 0xB2, 0x10, 0xC6, 0x98, 0x0A, 0xA1, 0x09, 0xF5, 0xB6, 0x83, 0x85, 0x56, 0x0F, 0x4B,
    0x93, 0xC3, 0x29, 0x98, 0x9B, 0x9C, 0x93, 0x5C, 0x07, 0x05, 0x4D, 0x36, 0xE3, 0xC8, 0x28, 0x02,
    0xBB, 0x65, 0xB0, 0xBC, 0xF3, 0xF2, 0xC8, 0x02, 0x4F, 0x74, 0xDB, 0x50, 0x8B, 0x33, 0x36, 0xC9,
    0x88, 0x7B, 0x85, 0x56, 0x19, 0xDD, 0x16, 0x2B, 0x64, 0x40, 0x19, 0x31, 0xF8, 0x0A, 0x66, 0xE0,
    0xBD, 0x14, 0xA6, 0x81, 0xA5, 0x9E, 0xF3, 0xBC, 0x7D, 0x56, 0xAB, 0x5A, 0x7B, 0x56, 0x57, 0x2D,
    0x1C, 0x56, 0xD8, 0xEA, 0x57, 0xB6, 0xBA, 0x68, 0x08, 0x12, 0xCC, 0x29, 0xED, 0x19, 0xFA, 0x67,
    0x0D, 0x11, 0x32, 0x7D, 0x77, 0x2A, 0x9F, 0x99, 0x13, 0xE7, 0x58, 0x90, 0x9B, 0x77, 0xE9, 0x93,
    0x63, 0x5B, 0x4C, 0x25, 0xBA, 0xBE, 0xA1, 0x55, 0x54, 0xCB, 0xD2, 0x8C, 0xA6, 0x2C, 0xEA, 0x78,
    0x60, 0xE0, 0x3D, 0xDD, 0xA1, 0x4A, 0xAE, 0x4D, 0x7B, 0xF6, 0x3A, 0xCD, 0x70, 0xC3, 0x99, 0x05,
    0x38, 0x90, 0xB8, 0x2E, 0xA0, 0x82, 0xDC, 0xEF, 0xA2, 0x8C, 0x04, 0x50, 0x60, 0xBB, 0xA5, 0x3B,
    0x1E, 0x4B, 0x40, 0xAC, 0x20, 0xBE, 0x89, 0xD0, 0xFC, 0x36, 0xD9, 0x13, 0x1D, 0x4E, 0x38, 0x16,
    0x94, 0x2F, 0x22, 0x18, 0x43, 0xC8, 0x15, 0x9A, 0x4A, 0x0A, 0x07, 0x37, 0xF8, 0xED, 0x1F, 0x60,
    0xEC, 0x6F, 0xC9, 0x18, 0x55, 0x22, 0xE1, 0xE6, 0x41, 0x4B, 0x39, 0xE3, 0x05, 0x1A, 0x63, 0xEC,
    0xBC, 0x23, 0x18, 0x6C, 0x60, 0x6B, 0xBA, 0x07, 0x00, 0x09, 0x39, 0x87, 0x1A, 0xAD, 0x9C, 0x0B,
    0x60, 0xA7, 0xEA, 0xA2, 0x44, 0xFB, 0xBA, 0x0A, 0x05, 0xF5, 0xA8, 0x00, 0xAB, 0x2B, 0x22, 0xA7,
    0x1A, 0x96, 0x81, 0x55, 0x21, 0x01, 0x78, 0x2F, 0x61, 0x78, 0xC5, 0xB7, 0x91, 0x7E, 0xC8, 0x27,
    0x14, 0x1D, 0xA4, 0x8C, 0xB3, 0x4C, 0xE3, 0x65, 0x24, 0xEB, 0x9B, 0x71, 0x71, 0x2E, 0xCF, 0x81,
    0x1E, 0x86, 0x8B, 0x40, 0x0F, 0x77, 0x65, 0x42, 0x58, 0x38, 0x70, 0x7F, 0x0E, 0xF4, 0xB0, 0x76,
    0x6E, 0x1F, 0x0F, 0x7A, 0xD8, 0x2E, 0xF0, 0x08, 0x40, 0x25, 0xFE, 0x88, 0x20, 0xCF, 0x13, 0x74,
    0x15, 0x82, 0x38, 0x9A, 0xFB, 0x30, 0xC2, 0x1D, 0x51, 0x9B, 0xE7, 0x62, 0xE5, 0x16, 0xC9, 0x2F,
    0x4F, 0x56, 0x57, 0xC6, 0x41, 0x13, 0xDA, 0x33, 0x86, 0x38, 0x3A, 0x0F, 0x77, 0xD8, 0x3C, 0x19,
    0xEE, 0x50, 0x3C, 0x16, 0xEE, 0xE0, 0x7E, 0x19, 0xBD, 0xE8, 0x36, 0xBE, 0x47, 0x46, 0x73, 0x38,
    0x72, 0x5E, 0xE9, 0xE0, 0x84, 0xF3, 0x25, 0x9E, 0x9D, 0xD7, 0x07, 0x5E, 0xEE, 0x1D, 0xCE, 0x1D,
    0x5D, 0x72, 0xFF, 0xDA, 0x72, 0x68, 0xC9, 0xBD, 0x2F, 0x41, 0xE6, 0xFC, 0x9B, 0xB5, 0x5A, 0x78,
    0xD2, 0x89, 0xE2, 0xEF, 0xE3, 0x08, 0xF3, 0xE3, 0xA3, 0x4B, 0xDA, 0x40, 0x96, 0xDE, 0xFC, 0x46,
    0xA5, 0xA2, 0xE7, 0xB2, 0x81, 0xF9, 0xFA, 0x99, 0xF9, 0xFA, 0x3E, 0xBB, 0xF0, 0xB5, 0xEF, 0xB5,
    0x0B, 0x5F, 0xFA, 0x54, 0x5D, 0xF8, 0xAA, 0xA9, 0x50, 0xA5, 0xD7, 0x5B, 0x26, 0x5D, 0xAE, 0xDA,
    0xDD, 0xC2, 0x7E, 0x33, 0x0A, 0xE1, 0xF4, 0x18, 0xF9, 0x17, 0xEE, 0x82, 0x75, 0x5A, 0x20, 0xB2,
    0x94, 0x35, 0xB6, 0x3B, 0xCF, 0xDE, 0x6E, 0x0B, 0x14, 0x21, 0x4D, 0xC0, 0xB5, 0x82, 0xA8, 0xD0,
    0x6E, 0x89, 0x8E, 0x42, 0x02, 0x6B, 0x82, 0xDD, 0xC4, 0x37, 0xA7, 0xA2, 0xE4, 0x4E, 0x01, 0x42,
    0xD9, 0x80, 0x89, 0x4C, 0xDC, 0x4C, 0x0B, 0x72, 0xA2, 0x35, 0x92, 0xB7, 0xFA, 0x9B, 0x4E, 0x42,
    0xAD, 0x7D, 0x3F, 0xA9, 0x0C, 0x0B, 0x06, 0x2B, 0x1C, 0x95, 0xCA, 0xF1, 0x4D, 0x2D, 0xA7, 0xD5,
    0xE3, 0x08, 0xC6, 0x9D, 0xDB, 0x6B, 0x68, 0xCA, 0xB1, 0x63, 0x57, 0x15, 0x28, 0xFC, 0x1D, 0x76,
    0x1B, 0xEA, 0x11, 0xA2, 0x1E, 0xC6, 0x1C, 0x0E, 0x58, 0x89, 0xE1, 0x18, 0xA5, 0xC0, 0xCF, 0x66,
    0x25, 0x23, 0xB5, 0xB4, 0x1F, 0xDC, 0x65, 0x6F, 0x1D, 0xF2, 0x0A, 0x6C, 0xB9, 0x02, 0x8E, 0x60,
    0x71, 0xC7, 0xA0, 0xE0, 0xDA, 0xC9, 0x8F, 0x4C, 0x46, 0xCC, 0xE9, 0x3C, 0x79, 0x1C, 0x3A, 0x60,
    0x9C, 0x41, 0xA3, 0x0B, 0x48, 0xBA, 0x39, 0x26, 0x69, 0xF3, 0x58, 0x92, 0xA6, 0x22, 0x69, 0x2E,
    0x92, 0x9E, 0xAE, 0x49, 0x6A, 0xD6, 0xE4, 0x05, 0x24, 0x4D, 0x54, 0x88, 0x93, 0x5A, 0x38, 0xFC,
    0x98, 0xA4, 0xF1, 0x07, 0x4E, 0xD2, 0x41, 0x24, 0x4D, 0xD8, 0xE2, 0x90, 0x1C, 0x7B, 0x44, 0x52,
    0x08, 0x8B, 0x02, 0x26, 0x6E, 0x81, 0xDD, 0x56, 0xDC, 0x38, 0x47, 0xD2, 0x0A, 0xC2, 0x50, 0x35,
    0x88, 0x4F, 0x26, 0xE9, 0x7B, 0x3A, 0xDB, 0x66, 0xB7, 0xF6, 0xF1, 0xC3, 0x83, 0x84, 0xEC, 0x66,
    0x32, 0xE8, 0x82, 0x3F, 0x48, 0x71, 0x3E, 0xDB, 0xC6, 0xA3, 0x38, 0xBA, 0xA3, 0xEF, 0x6F, 0x7C,
    0x94, 0xDC, 0x9F, 0x6D, 0xF3, 0xD2, 0xD1, 0xD9, 0x36, 0x81, 0x45, 0xC6, 0xA3, 0x0B, 0xCE, 0xB6,
    0xD9, 0x06, 0xE7, 0xCE, 0xB6, 0xA9, 0x78, 0xB6, 0xCD, 0xD6, 0xCE, 0xB6, 0xB1, 0x50, 0xFC, 0x13,
    0x83, 0x64, 0xE5, 0x13, 0x83, 0x64, 0x20, 0x47, 0xD1, 0x03, 0x10, 0x2E, 0xBA, 0xD0, 0x96, 0x8F,
    0xD8, 0xDB, 0x84, 0x6E, 0xC6, 0x81, 0x9F, 0x31, 0xD1, 0x45, 0xAD, 0xEE, 0x2F, 0x01, 0xF6, 0x35,
    0x3E, 0x4F, 0xDF, 0x61, 0x07, 0xC4, 0xF0, 0x57, 0x74, 0x01, 0x7F, 0xC0, 0x02, 0xCB, 0x57, 0x75,
    0x96, 0xF3, 0x44, 0x30, 0xB9, 0x9B, 0x64, 0xC8, 0xB3, 0x49, 0x1D, 0x79, 0x8A, 0x03, 0xBC, 0x11,
    0x25, 0xEF, 0x8F, 0xC2, 0x63, 0xB7, 0x96, 0xF0, 0x98, 0x52, 0x17, 0xC2, 0x23, 0x98, 0x36, 0xAB,
    0xCD, 0xB7, 0xA3, 0xEE, 0xF8, 0xAA, 0xA3, 0x42, 0x6A, 0x0F, 0x28, 0x4F, 0x84, 0x11, 0xE0, 0xF8,
    0x0E, 0x45, 0x45, 0x18, 0xDC, 0x35, 0x40, 0x0A, 0x40, 0x98, 0x13, 0x3A, 0x38, 0xEE, 0xBD, 0x7F,
    0xEA, 0xD8, 0xE3, 0x5F, 0x2C, 0xC7, 0x52, 0xF8, 0x5E, 0xFA, 0x4B, 0x4E, 0xC7, 0x63, 0x3B, 0x66,
    0x13, 0x50, 0x36, 0xE0, 0x60, 0xDF, 0x8D, 0x86, 0x55, 0x32, 0xCD, 0xB0, 0x1D, 0xAB, 0xEA, 0x3D,
    0xC3, 0x76, 0xD8, 0x4E, 0x61, 0x93, 0xE4, 0xDE, 0x28, 0xE4, 0xCF, 0xA4, 0x30, 0x6C, 0x47, 0xBB,
    0xEA, 0x47, 0x35, 0x4B, 0x87, 0xDC, 0x43, 0x3A, 0xF0, 0xDD, 0x3F, 0xD3, 0xF9, 0x70, 0x6C, 0xFB,
    0x6E, 0x67, 0xD5, 0x0A, 0x0C, 0x7C, 0x2E, 0xE8, 0x7E, 0xE3, 0x1C, 0xB6, 0x63, 0x7E, 0x38, 0x39,
    0xF7, 0xF0, 0x82, 0xFA, 0x90, 0x3A, 0x23, 0x09, 0x06, 0x71, 0x5B, 0x95, 0x05, 0x32, 0x11, 0x0D,
    0xCE, 0xE5, 0x4E, 0xEA, 0x29, 0xB8, 0x15, 0xED, 0xE2, 0x72, 0x0C, 0x5E, 0x8F, 0xFB, 0xB8, 0x94,
    0x5F, 0xB0, 0x91, 0x0B, 0x11, 0x0E, 0x82, 0xFC, 0x0C, 0x81, 0xF5, 0x62, 0xF1, 0x66, 0x78, 0xDE,
    0x7A, 0xEF, 0x81, 0xAE, 0x43, 0x49, 0x4E, 0xA8, 0x74, 0x30, 0x46, 0x15, 0x6C, 0x7E, 0xCE, 0xE2,
    0xE2, 0xE4, 0x6B, 0x00, 0xD9, 0xD4, 0x77, 0xD2, 0x0E, 0x7E, 0xD8, 0x3E, 0x65, 0x7B, 0xA3, 0x0E,
    0xD1, 0xD8, 0x78, 0x0C, 0xC2, 0xDF, 0x6C, 0xD7, 0xB0, 0x72, 0x4B, 0x35, 0xD8, 0xCD, 0xE7, 0xA9,
    0xCA, 0x35, 0x88, 0xC8, 0xD0, 0xF7, 0x83, 0x07, 0xE1, 0x37, 0x94, 0x99, 0x7B, 0x9E, 0x52, 0x34,
    0xED, 0x22, 0x1D, 0x6E, 0x1C, 0xB2, 0x4A, 0xDA, 0x9F, 0x86, 0x77, 0x7C, 0x36, 0x51, 0xBC, 0x9B,
    0x1D, 0xB7, 0x47, 0x1D, 0xCB, 0x6D, 0x8E, 0x10, 0x4C, 0x39, 0x54, 0x9A, 0x8C, 0xCE, 0x9B, 0x60,
    0xE2, 0x6B, 0xE4, 0xA1, 0x4B, 0x63, 0x79, 0xAC, 0x88, 0x9E, 0xFA, 0xEC, 0x6A, 0x35, 0x42, 0x4D,
    0x66, 0xA9, 0xD9, 0xAD, 0xAB, 0x19, 0xAD, 0xD8, 0x31, 0x3D, 0x9A, 0x7A, 0x72, 0x84, 0x06, 0x48,
    0xCE, 0xE0, 0x79, 0x82, 0x8A, 0x41, 0x88, 0xEA, 0xB0, 0x74, 0x9C, 0x26, 0x4E, 0xC1, 0x3C, 0xD8,
    0x88, 0x04, 0x88, 0x74, 0x14, 0x0C, 0x3D, 0x15, 0x05, 0x21, 0x12, 0xAB, 0xB3, 0xDD, 0xF0, 0xDC,
    0xE3, 0xE9, 0xAD, 0x0E, 0xF6, 0x25, 0x44, 0x61, 0xF5, 0xE6, 0x11, 0x4E, 0xE1, 0xFC, 0xF5, 0x7F,
    0x11, 0x0C, 0xA6, 0x60, 0xF5, 0x3B, 0xED, 0x92, 0x2B, 0x8B, 0x57, 0x35, 0x95, 0xD9, 0x6A, 0xB1,
    0xDE, 0x58, 0x08, 0x23, 0x61, 0x88, 0x58, 0xE0, 0x7B, 0x3D, 0x59, 0x6A, 0x08, 0xB7, 0x6C, 0x0D,
    0x15, 0xB5, 0x5C, 0x44, 0x76, 0x35, 0x88, 0xF7, 0x31, 0xD2, 0xA5, 0xF1, 0x90, 0xD4, 0x6C, 0xDC,
    0x9C, 0xE2, 0xFC, 0x46, 0xE7, 0x4E, 0x7C, 0xF7, 0xE8, 0x64, 0xA9, 0x37, 0x29, 0x60, 0x9F, 0xD7,
    0xAE, 0xB9, 0x2E, 0xB1, 0x7B, 0x22, 0x46, 0x3A, 0xD5, 0x22, 0xDE, 0xD3, 0x20, 0x5F, 0x7F, 0xD2,
    0xC9, 0x52, 0x4F, 0x6A, 0xE5, 0xFA, 0x2C, 0x5A, 0xB9, 0xBE, 0x8E, 0xF2, 0xE9, 0x1D, 0x2E, 0x3D,
    0x5A, 0x55, 0xFE, 0x9F, 0xA3, 0x56, 0xAE, 0xD1, 0x16, 0x93, 0xFB, 0x3E, 0x2F, 0x98, 0x1F, 0x4E,
    0xC3, 0xBD, 0xFC, 0xE2, 0xB9, 0x56, 0xAE, 0xD6, 0x1C, 0xC2, 0xB7, 0x8B, 0xF1, 0x4C, 0x52, 0x1D,
    0x23, 0x06, 0x9E, 0x08, 0xF4, 0x08, 0x87, 0x2B, 0x93, 0xF5, 0x03, 0x63, 0xFD, 0xDD, 0x5D, 0x3B,
    0x75, 0xC6, 0x4E, 0xAC, 0x58, 0xB3, 0x7C, 0xA7, 0x23, 0x72, 0xB6, 0xCB, 0x4D, 0x7D, 0x33, 0x2D,
    0x14, 0xDD, 0x48, 0x4C, 0x4D, 0x7A, 0xB9, 0xDA, 0xE7, 0x39, 0xCB, 0xC4, 0x4E, 0xA0, 0xAD, 0x78,
    0xE0, 0xA3, 0xDF, 0x84, 0x8F, 0x6F, 0x15, 0x76, 0x0C, 0x86, 0xA9, 0x17, 0xCF, 0xB7, 0x60, 0xFB,
    0x99, 0x4A, 0x59, 0x8F, 0x6B, 0x6C, 0x30, 0xCE, 0xDE, 0x33, 0x87, 0xF7, 0xDB, 0x60, 0x3C, 0x6D,
    0x97, 0x86, 0x61, 0xAB, 0x56, 0x61, 0xA5, 0x5A, 0x85, 0x15, 0xDE, 0xE5, 0x93, 0xCF, 0x37, 0x1F,
    0x56, 0xE3, 0x56, 0x81, 0x01, 0xD6, 0x50, 0x91, 0x3E, 0x1A, 0x0D, 0x60, 0xA4, 0xBC, 0xB3, 0x20,
    0x14, 0xA8, 0x52, 0x7E, 0xAA, 0x54, 0xEB, 0x8E, 0xE2, 0x2B, 0x8A, 0x2F, 0x54, 0x2C, 0x71, 0x76,
    0x1E, 0x33, 0x14, 0x37, 0x9A, 0x45, 0x7E, 0x6B, 0x1F, 0xFC, 0x05, 0xAA, 0xB3, 0x2D, 0x20, 0x06,
    0x67, 0xF3, 0xAF, 0x56, 0x96, 0xD4, 0x7C, 0xCF, 0xCE, 0xDC, 0xCF, 0xFE, 0xDC, 0xF7, 0x95, 0x65,
    0xA9, 0xAF, 0x95, 0xAD, 0x67, 0x34, 0x33, 0xCC, 0x09, 0xAD, 0x2C, 0xA3, 0x63, 0x45, 0xC1, 0xBE,
    0x46, 0x38, 0x40, 0xBA, 0x97, 0xD2, 0x4B, 0xA9, 0x2C, 0x84, 0xD9, 0xD8, 0x10, 0x04, 0xDD, 0xA6,
    0x13, 0x34, 0x78, 0xED, 0x8A, 0x97, 0x50, 0xC7, 0x5B, 0xF0, 0xC0, 0x86, 0x02, 0x72, 0x21, 0x28,
    0x7E, 0xDE, 0x67, 0x6C, 0xCA, 0x00, 0xEE, 0x61, 0x6F, 0x51, 0x53, 0xF5, 0xEB, 0x6B, 0xBA, 0x06,
    0xE7, 0xEF, 0x82, 0x2F, 0x50, 0x14, 0xDE, 0x67, 0xEC, 0x8D, 0xF8, 0x12, 0x6B, 0xFA, 0xF5, 0xFB,
    0x45, 0xD5, 0xC8, 0x47, 0x98, 0xE6, 0x44, 0xA5, 0x29, 0xE7, 0x3B, 0x67, 0xFC, 0x27, 0x7F, 0x7F,
    0xE5, 0x4C, 0x74, 0xD9, 0x37, 0x43, 0xFD, 0x1D, 0xAD, 0x4A, 0xA1, 0x23, 0x98, 0xFA, 0x05, 0x14,
    0x61, 0x61, 0x83, 0x72, 0xD1, 0x30, 0x6B, 0xCF, 0xF6, 0x0F, 0x3D, 0x72, 0x36, 0x58, 0xF2, 0x07,
    0x4B, 0xDE, 0x60, 0xC9, 0x17, 0xCC, 0x79, 0x02, 0xE9, 0xC3, 0xF9, 0xF0, 0x60, 0x69, 0xC2, 0x78,
    0x77, 0x54, 0xE5, 0x30, 0xE7, 0x00, 0x96, 0xC3, 0x81, 0x2F, 0xEA, 0x82, 0x3F, 0x1F, 0x02, 0xEC,
    0x0F, 0xFF, 0x3D, 0x83, 0xE7, 0x65, 0x77, 0x6D, 0x53, 0x37, 0xB3, 0x52, 0x2C, 0xDA, 0x19, 0x49,
    0x5C, 0x2C, 0xB0, 0x90, 0x64, 0x7A, 0x3A, 0x24, 0xB5, 0x5B, 0x5E, 0xC8, 0xFB, 0x94, 0xAA, 0xD1,
    0x1E, 0x3B, 0x9D, 0x0A, 0x35, 0xA8, 0x53, 0x44, 0x42, 0x9B, 0x21, 0x32, 0xB8, 0x29, 0x22, 0x5C,
    0xAD, 0xAC, 0x55, 0x48, 0x1C, 0xF3, 0x9C, 0xDD, 0xAC, 0xEE, 0x1B, 0x13, 0xE4, 0xAD, 0xD5, 0x7F,
    0xE1, 0x48, 0x37, 0xC3, 0xB9, 0xA3, 0xA7, 0xA4, 0x41, 0xFA, 0x50, 0xB4, 0x79, 0xDF, 0x03, 0xE2,
    0xAD, 0x72, 0x59, 0x56, 0x9A, 0x77, 0x2E, 0x66, 0xB4, 0x8D, 0x93, 0x80, 0xA3, 0xD7, 0x4F, 0xE3,
    0xE6, 0x60, 0x66, 0x47, 0x32, 0xD8, 0x51, 0x57, 0x2C, 0xDF, 0x19, 0xAC, 0xB1, 0x45, 0xD5, 0xEA,
    0x6C, 0x22, 0xD6, 0xCB, 0xC4, 0x7B, 0x43, 0x74, 0xF3, 0x78, 0x69, 0xF5, 0x9E, 0xDD, 0x9B, 0x15,
    0x40, 0xE3, 0x3D, 0xED, 0xB5, 0x0F, 0x26, 0x8A, 0x4D, 0x6C, 0x05, 0x9C, 0x22, 0x8A, 0x83, 0x8F,
    0x90, 0x41, 0x67, 0x6F, 0xDA, 0x1A, 0xC6, 0x42, 0x73, 0x57, 0x27, 0x9F, 0xE5, 0xFD, 0x31, 0xD1,
    0x4E, 0x83, 0x3F, 0xF2, 0x59, 0x16, 0x6B, 0x6F, 0x33, 0xFA, 0x53, 0x25, 0xE7, 0x42, 0xD0, 0xFC,
    0xF0, 0x04, 0xCA, 0x7F, 0xAC, 0x4F, 0xD0, 0x59, 0xE7, 0x97, 0x33, 0xCB, 0x2F, 0x57, 0x67, 0x90,
    0x18, 0xDD, 0xA7, 0x84, 0xC4, 0x50, 0x39, 0x92, 0x31, 0xEC, 0xA8, 0x9C, 0xA6, 0xDB, 0x38, 0xA7,
    0x66, 0x4B, 0xEE, 0x2C, 0xA7, 0x69, 0x31, 0x7C, 0xE5, 0x7A, 0xA2, 0xC3, 0xCD, 0xBB, 0x2B, 0xC4,
    0xA1, 0x93, 0xAD, 0xFF, 0x45, 0x46, 0x64, 0x2F, 0xA3, 0x12, 0x16, 0xD1, 0x41, 0x1B, 0x6B, 0x63,
    0x27, 0x22, 0xFA, 0xE3, 0x10, 0x67, 0xA7, 0xC2, 0x23, 0xDB, 0x7D, 0x02, 0xA5, 0x2A, 0xE7, 0x14,
    0x0A, 0x8B, 0xAA, 0x1A, 0xC8, 0x14, 0x1D, 0xA3, 0xC8, 0xED, 0x66, 0xD9, 0x34, 0xE3, 0x33, 0x6D,
    0xE6, 0x4B, 0xB6, 0x95, 0xEF, 0xD8, 0x46, 0xB6, 0xC3, 0x1A, 0xE7, 0x33, 0xC9, 0x9A, 0x56, 0xC1,
    0xE6, 0xDC, 0xA4, 0xA5, 0xF0, 0x2C, 0x17, 0x21, 0x31, 0x46, 0x66, 0x9C, 0x0D, 0x89, 0xB1, 0x59,
    0x21, 0x31, 0x52, 0xA6, 0x29, 0x6E, 0x90, 0x5F, 0x21, 0xE2, 0x64, 0x3B, 0x01, 0x31, 0xD6, 0x2E,
    0x67, 0xE4, 0xA9, 0xA1, 0xA2, 0xBA, 0x9D, 0xB2, 0xD5, 0x6F, 0x10, 0xE9, 0xE8, 0x0E, 0x96, 0xCC,
    0xCD, 0x57, 0x6B, 0x14, 0xE4, 0x73, 0x23, 0x16, 0xEE, 0xDB, 0x22, 0xA5, 0x86, 0x46, 0xDB, 0x84,
    0x21, 0xB1, 0x7D, 0x89, 0x9D, 0xD1, 0x65, 0xE0, 0x88, 0x9B, 0xE3, 0x0C, 0xBF, 0xC2, 0x36, 0x0C,
    0x61, 0x48, 0x7E, 0x87, 0x06, 0xAE, 0x0C, 0x85, 0xD4, 0x3E, 0x29, 0x33, 0x39, 0xFA, 0xBC, 0x09,
    0xDD, 0x13, 0x4B, 0x65, 0x9D, 0x98, 0x71, 0x73, 0xCB, 0xEC, 0xE6, 0x9D, 0xDD, 0x7B, 0xAB, 0x3F,
    0xE9, 0x24, 0xE2, 0xDC, 0x7C, 0x1B, 0xF3, 0x76, 0x26, 0x33, 0xF6, 0xD5, 0x8A, 0xC6, 0x50, 0xE7,
    0x99, 0xD1, 0xFE, 0x79, 0xB3, 0xE6, 0x4E, 0xCC, 0x2E, 0xBD, 0x67, 0xDE, 0x45, 0x6F, 0x27, 0x7D,
    0x2B, 0x9E, 0xF1, 0xA5, 0x44, 0xB6, 0xDC, 0xFD, 0x5C, 0xDE, 0x58, 0x33, 0xD9, 0xA1, 0xB8, 0x83,
    0xC2, 0xD8, 0x79, 0xB7, 0xB8, 0x1C, 0x33, 0xA4, 0xCB, 0x1F, 0x4C, 0x99, 0x9D, 0x71, 0x27, 0xEF,
    0x1F, 0xE7, 0x4F, 0xA3, 0xE3, 0x20, 0x60, 0x46, 0x58, 0x27, 0xF5, 0xC9, 0x86, 0x07, 0x2E, 0xAA,
    0xC3, 0x58, 0x5C, 0x9F, 0x3D, 0x14, 0xE8, 0xF9, 0xD5, 0xA1, 0x40, 0xB7, 0x68, 0xE5, 0xBD, 0xCE,
    0x40, 0x0D, 0xFB, 0xDF, 0x6E, 0x3A, 0x66, 0xB2, 0xB6, 0x34, 0xFA, 0xD9, 0xA2, 0x24, 0x41, 0x73,
    0xDC, 0x2F, 0x66, 0x98, 0xEE, 0x3D, 0x1E, 0x22, 0x05, 0x98, 0xC3, 0xF8, 0x39, 0x9C, 0x15, 0xEC,
    0x1C, 0x86, 0xDA, 0xA3, 0xB1, 0xD6, 0xF1, 0x81, 0x68, 0xA5, 0xC2, 0xD6, 0x09, 0x51, 0x55, 0x96,
    0xFC, 0xBB, 0x77, 0x91, 0x02, 0x9F, 0xDB, 0x41, 0x4F, 0x4F, 0x48, 0x81, 0x0F, 0x2B, 0x15, 0xB7,
    0x64, 0xBE, 0x8F, 0x53, 0xE0, 0xBD, 0x45, 0x98, 0x8F, 0xCF, 0x5C, 0x9F, 0x53, 0xE0, 0x3E, 0x1E,
    0x90, 0xF9, 0x90, 0xD6, 0x9C, 0x02, 0x2F, 0x1E, 0x93, 0x02, 0xAF, 0xCF, 0xA4, 0xC0, 0x15, 0xC6,
    0x98, 0x0E, 0x16, 0xC6, 0x20, 0xB1, 0x82, 0xE3, 0x4D, 0x3B, 0xF7, 0x78, 0xB0, 0x80, 0xF7, 0x73,
    0x5E, 0xF5, 0xBF, 0xE1, 0x53, 0x0E, 0xF0, 0xBD, 0x6A, 0x01, 0xAE, 0xAC, 0x36, 0x3F, 0xF7, 0xBA,
    0x27, 0xE4, 0x09, 0xF5, 0xE7, 0x53, 0xE0, 0x8D, 0x4F, 0x81, 0xD3, 0xEF, 0x54, 0xEE, 0x74, 0x73,
    0xEC, 0x77, 0xE2, 0x4A, 0x5A, 0x58, 0x0A, 0x9C, 0xAC, 0x9A, 0xF8, 0xE4, 0x37, 0x41, 0xB1, 0x4C,
    0x81, 0xD3, 0x42, 0x57, 0x55, 0xEF, 0x5C, 0xED, 0x5B, 0xCC, 0x16, 0xBA, 0x77, 0x0C, 0xCE, 0x74,
    0xC7, 0xF9, 0x02, 0xF9, 0xF2, 0x36, 0x77, 0xC1, 0x03, 0x92, 0xB8, 0x29, 0x59, 0x45, 0xCF, 0x94,
    0x91, 0xB5, 0x79, 0xF8, 0x64, 0x40, 0x1F, 0xD8, 0x88, 0x7E, 0x58, 0x01, 0xEC, 0xE7, 0x70, 0xFE,
    0x52, 0x4F, 0x35, 0x77, 0x60, 0xE8, 0xCF, 0x56, 0xE1, 0xCD, 0x70, 0xCE, 0xB9, 0xCE, 0x0E, 0xF4,
    0xFE, 0xED, 0x2E, 0xF7, 0x05, 0x88, 0x87, 0xBB, 0x4C, 0x8E, 0x77, 0xC5, 0x1C, 0xEF, 0x97, 0x54,
    0x4A, 0x57, 0x12, 0xE9, 0x74, 0x01, 0x71, 0xAC, 0x05, 0xFA, 0xE5, 0xFA, 0xE3, 0x11, 0xFE, 0xD9,
    0x1D, 0x87, 0x7F, 0xAC, 0x61, 0x76, 0x1B, 0xF8, 0xAE, 0xC4, 0x3E, 0xF8, 0x93, 0x1F, 0x85, 0xF0,
    0x2C, 0x6E, 0x77, 0xEB, 0xC8, 0x8F, 0xF8, 0xDE, 0x1C, 0xF7, 0x61, 0xD8, 0x87, 0x51, 0x1F, 0x06,
    0x7D, 0xB8, 0x18, 0x0C, 0xF9, 0x30, 0xE2, 0xC3, 0x80, 0x0F, 0xE3, 0x3D, 0x54, 0x9A, 0x8C, 0xF6,
    0x30, 0xD8, 0x13, 0x4E, 0xE8, 0xFD, 0x5D, 0x75, 0xAB, 0xE4, 0xC4, 0x71, 0x86, 0x82, 0x30, 0x22,
    0xDF, 0x82, 0x14, 0x36, 0x9F, 0xC5, 0x71, 0xF6, 0x1E, 0x1A, 0x43, 0xC9, 0xCB, 0x80, 0x1D, 0xD5,
    0x08, 0x2F, 0xAA, 0x2A, 0x05, 0x50, 0x31, 0xE3, 0x4E, 0xA0, 0xE9, 0xDD, 0xB0, 0x87, 0xE1, 0xE0,
    0xC3, 0x75, 0x14, 0x2B, 0x77, 0x20, 0x3E, 0xDF, 0xC2, 0xD3, 0x7F, 0x1B, 0x7C, 0x63, 0xD0, 0xFF,
    0x0B, 0xE0, 0xC0, 0x5F, 0xE2, 0x03, 0x7B, 0xD8, 0x50, 0xEC, 0x65, 0x89, 0x27, 0x1E, 0xDA, 0x16,
    0x76, 0x8E, 0xEA, 0xF7, 0xD9, 0x80, 0x07, 0xE7, 0x3E, 0xA2, 0x41, 0xAC, 0x93, 0xFA, 0x38, 0xA1,
    0x10, 0x1B, 0x23, 0x6A, 0xAB, 0x32, 0x6E, 0xD9, 0xA4, 0xC7, 0x3D, 0xA5, 0x35, 0x5D, 0xCA, 0x1A,
    0xA1, 0x5F, 0xC2, 0x2C, 0xCA, 0xA2, 0xBE, 0xCE, 0xFC, 0x79, 0x8A, 0x7E, 0xD4, 0x54, 0x67, 0x08,
    0x0A, 0xAB, 0xF5, 0xA9, 0x7B, 0xFA, 0xA1, 0x70, 0x79, 0xD7, 0x82, 0xEC, 0x6F, 0x54, 0xF4, 0x7E,
    0x3D, 0x48, 0x7F, 0x5E, 0x72, 0xD9, 0x4E, 0x00, 0x1F, 0xE4, 0x1E, 0x3E, 0x45, 0x85, 0x3F, 0x9F,
    0xEE, 0xC3, 0x0B, 0x48, 0xD5, 0x75, 0x3D, 0x61, 0xA5, 0x97, 0x23, 0x52, 0x1F, 0x77, 0x8A, 0x0D,
    0x4D, 0x5D, 0xDC, 0xC6, 0x3E, 0x36, 0x7F, 0x8C, 0x9B, 0x9E, 0x9D, 0x8F, 0xEC, 0x82, 0x3A, 0xC8,
    0xD9, 0xB5, 0x99, 0x3B, 0xAD, 0x2C, 0xF5, 0x78, 0x76, 0xA4, 0x14, 0x9B, 0x4E, 0x8E, 0xF6, 0x40,
    0x39, 0x8D, 0x0B, 0xE3, 0x53, 0xF0, 0x8C, 0x19, 0x49, 0x27, 0x2C, 0x9D, 0xC6, 0xA0, 0x7B, 0x78,
    0x87, 0x41, 0xE8, 0x26, 0x08, 0x7F, 0x8D, 0x87, 0xE7, 0x9B, 0x20, 0xFE, 0x6B, 0x76, 0x31, 0xAD,
    0xAC, 0x09, 0xEB, 0xAD, 0x2A, 0xC8, 0x29, 0x8E, 0x5E, 0x2F, 0xCA, 0x53, 0x86, 0x65, 0xFA, 0xA2,
    0x66, 0xEF, 0xD0, 0x4D, 0x57, 0xBC, 0xC6, 0xC6, 0xE5, 0xD1, 0x36, 0xFF, 0x91, 0x7A, 0xF4, 0xB4,
    0xF9, 0x8F, 0x4B, 0x1E, 0xC4, 0x5D, 0x66, 0x6F, 0x81, 0x51, 0x9C, 0x8A, 0xCE, 0x78, 0xCA, 0xAF,
    0xD3, 0xD2, 0x29, 0x4F, 0x3F, 0x65, 0x4E, 0x3E, 0x28, 0x7E, 0x50, 0x36, 0xF4, 0x87, 0xF2, 0x09,
    0xDD, 0x62, 0x93, 0x52, 0xF5, 0x92, 0xE6, 0xFE, 0x9C, 0x8D, 0x46, 0x3F, 0x46, 0x2E, 0x6D, 0x97,
    0xDA, 0x52, 0xFD, 0xFB, 0xFC, 0x47, 0xCF, 0x09, 0x8D, 0xEB, 0x0D, 0xA3, 0xA1, 0x2D, 0x2B, 0xB6,
    0xB2, 0x2E, 0x97, 0xD6, 0x31, 0xF4, 0xD3, 0xDD, 0xC7, 0xD5, 0xA1, 0x6E, 0xD7, 0x95, 0x41, 0x56,
    0xAF, 0xD0, 0xE8, 0xF6, 0x8E, 0xAC, 0x9A, 0xBF, 0x93, 0xFB, 0xFE, 0x43, 0xA5, 0xD9, 0x5E, 0xE2,
    0x87, 0xE6, 0x12, 0x2A, 0xD7, 0xCD, 0x08, 0xD4, 0xF1, 0x4F, 0xE2, 0x64, 0xE6, 0x29, 0xB1, 0x05,
    0x78, 0x63, 0x4E, 0x8D, 0xC2, 0xC4, 0xBA, 0x1D, 0x4C, 0x2A, 0x75, 0x99, 0xB4, 0x75, 0x1B, 0x51,
    0x1A, 0x68, 0xCC, 0x56, 0x6D, 0x35, 0xE5, 0x18, 0x14, 0x81, 0x3F, 0x21, 0x1A, 0x98, 0x42, 0xF5,
    0x59, 0xCE, 0x27, 0xD4, 0x98, 0x1C, 0xB0, 0x9B, 0x0B, 0x1F, 0xF8, 0x70, 0x1E, 0x09, 0x0C, 0x3C,
    0x16, 0x94, 0x28, 0x79, 0xAB, 0x56, 0xBA, 0xE1, 0xB4, 0x7D, 0xC4, 0x84, 0x6F, 0xEE, 0x9F, 0xF3,
    0x0D, 0x71, 0xB2, 0x8E, 0xD8, 0xC9, 0x52, 0x27, 0xBD, 0xCF, 0x51, 0x3C, 0xF5, 0xCC, 0x90, 0x6D,
    0x9F, 0x75, 0x02, 0xC9, 0x30, 0x60, 0x37, 0x1B, 0x05, 0x04, 0xC6, 0x56, 0x6C, 0x10, 0xA2, 0x83,
    0x90, 0xA9, 0x9F, 0x42, 0x42, 0xAF, 0x63, 0x9E, 0x77, 0xF3, 0x27, 0x68, 0xC2, 0xBA, 0x7D, 0xA5,
    0x09, 0x01, 0x26, 0xAF, 0xD8, 0x9A, 0x5E, 0xDD, 0x6F, 0x36, 0xBB, 0x58, 0x70, 0x4B, 0xEB, 0x15,
    0x94, 0x4A, 0x88, 0xC5, 0xDB, 0x27, 0x05, 0x03, 0x3E, 0xBE, 0x0B, 0xC5, 0xB3, 0x6F, 0x74, 0xEE,
    0x8D, 0x5D, 0x1F, 0x7D, 0xFC, 0xCD, 0x47, 0x61, 0x89, 0x04, 0x88, 0xF3, 0x81, 0x36, 0x5F, 0xFF,
    0xF2, 0xAB, 0xC1, 0xC0, 0x2B, 0xE1, 0x2F, 0x07, 0xB3, 0xFA, 0xE3, 0x1F, 0xEE, 0xED, 0x29, 0x45,
    0xB3, 0x62, 0x52, 0xFF, 0x1A, 0xF6, 0xF4, 0x77, 0x68, 0x26, 0xCC, 0x3D, 0x34, 0x76, 0xFE, 0x29,
    0xF2, 0x0D, 0x84, 0x70, 0xAC, 0xA7, 0xEF, 0x2B, 0x39, 0x27, 0x4C, 0xAF, 0x83, 0xEA, 0xBD, 0xA4,
    0x51, 0x21, 0xEF, 0x28, 0xEC, 0x7D, 0x94, 0x3D, 0x6E, 0x7D, 0x70, 0x2F, 0x9D, 0xBC, 0x81, 0x95,
    0xCF, 0x4F, 0xA7, 0xB3, 0x87, 0xBC, 0xF3, 0xA6, 0x40, 0xA4, 0x54, 0xD9, 0xA7, 0xE8, 0x90, 0x30,
    0x5B, 0x46, 0x81, 0x8F, 0xA7, 0x6B, 0x14, 0xF8, 0xC8, 0x11, 0x5E, 0xA7, 0x87, 0x9E, 0xF1, 0xB0,
    0x80, 0x9C, 0x3A, 0x19, 0xD3, 0x75, 0x0B, 0x17, 0x7B, 0x2B, 0xB2, 0x79, 0x33, 0xB8, 0xA9, 0x23,
    0x89, 0x08, 0x82, 0x2A, 0xB6, 0x38, 0xEC, 0xDA, 0x51, 0xB3, 0x8C, 0x58, 0x16, 0x7D, 0x50, 0x17,
    0xA8, 0x78, 0x2F, 0x3F, 0x57, 0x90, 0x52, 0x9E, 0x07, 0x46, 0x44, 0x33, 0x30, 0x7B, 0x38, 0xAC,
    0x9C, 0xEB, 0x52, 0xA9, 0xE4, 0x46, 0x47, 0xE3, 0xB8, 0xFB, 0xDD, 0xC0, 0xD6, 0x88, 0x6C, 0xD5,
    0xD8, 0x7D, 0x32, 0x58, 0x8F, 0xDD, 0xC3, 0x46, 0xA6, 0x41, 0xEC, 0xE8, 0xF5, 0x8A, 0x5B, 0xF1,
    0x2F, 0x24, 0x38, 0x06, 0x27, 0x46, 0x5C, 0x9F, 0x28, 0x1F, 0xB4, 0x1A, 0x5D, 0x38, 0xC7, 0x19,
    0x02, 0xDF, 0xA1, 0x9E, 0x0A, 0xD5, 0x6D, 0x8B, 0xB9, 0xF4, 0x58, 0xC2, 0x62, 0x33, 0x75, 0x8F,
    0xAB, 0xC6, 0x57, 0x6F, 0x77, 0x65, 0x69, 0x9A, 0x5A, 0xC7, 0xBD, 0xD4, 0xAA, 0x34, 0x2C, 0x69,
    0xFE, 0x35, 0x52, 0x98, 0x93, 0xC2, 0x90, 0x4F, 0x01, 0xFF, 0x98, 0xBB, 0xF7, 0x1E, 0xCE, 0xD7,
    0x63, 0x1E, 0x97, 0x65, 0x9E, 0xAB, 0xC7, 0xFC, 0x0E, 0x49, 0xB0, 0xD1, 0x86, 0x8B, 0x74, 0x80,
    0xBB, 0xE3, 0x00, 0x76, 0xA2, 0x6E, 0x9D, 0x05, 0x38, 0xA9, 0xB2, 0x7E, 0xC9, 0xC6, 0x66, 0x08,
    0x18, 0x33, 0xF0, 0x58, 0x21, 0xE4, 0x48, 0x8B, 0xE7, 0xE2, 0x30, 0x23, 0x56, 0x93, 0x4B, 0x99,
    0xB7, 0x8D, 0x8E, 0xEB, 0xE6, 0x0A, 0x32, 0x44, 0x67, 0x07, 0x9D, 0x71, 0xE1, 0xB8, 0x6A, 0x58,
    0x32, 0xBC, 0xA3, 0xB2, 0xC5, 0x7A, 0x64, 0xA7, 0x99, 0x2F, 0x07, 0x5C, 0x97, 0x90, 0x16, 0x87,
    0xC2, 0x6B, 0x37, 0x09, 0xCE, 0xE7, 0xF6, 0xC9, 0x38, 0xD0, 0xE2, 0x2E, 0xF0, 0x1E, 0xB7, 0x18,
    0x5E, 0x7F, 0x79, 0x0E, 0xFB, 0xEE, 0x16, 0x5C, 0xC7, 0x51, 0x35, 0xFB, 0x7C, 0xFD, 0x3C, 0x18,
    0x31, 0x51, 0x3D, 0xFA, 0x43, 0xF4, 0xD5, 0x84, 0x59, 0xC6, 0x92, 0x86, 0xBC, 0x83, 0xDB, 0xA8,
    0x8E, 0x5B, 0xEA, 0xB2, 0xC5, 0xCE, 0x5A, 0xA1, 0x2A, 0xA1, 0x07, 0x03, 0x88, 0xAA, 0x2D, 0x7F,
    0xDE, 0x61, 0xEF, 0x5B, 0xDC, 0xBF, 0x19, 0x55, 0x69, 0x09, 0xED, 0x8D, 0xAE, 0xB9, 0x40, 0x0A,
    0x46, 0x80, 0x2F, 0x6D, 0xD6, 0xA7, 0x9B, 0xAE, 0x90, 0x67, 0x2D, 0xCA, 0xB4, 0x78, 0x46, 0x5B,
    0xED, 0x54, 0x30, 0x8F, 0x3E, 0xE7, 0x89, 0xF4, 0xA3, 0x0E, 0x2F, 0x63, 0x1B, 0x5D, 0x92, 0x4F,
    0xAD, 0x03, 0x70, 0x12, 0x38, 0x4D, 0xCF, 0xD0, 0xFA, 0x56, 0xD4, 0x37, 0x02, 0x3B, 0x20, 0x5C,
    0x64, 0xB7, 0xEF, 0x3C, 0x52, 0x00, 0x7E, 0xD4, 0x49, 0x17, 0x6F, 0xB3, 0x52, 0x5D, 0xEC, 0x78,
    0x89, 0xDB, 0xEC, 0xE2, 0x88, 0xF6, 0x87, 0x47, 0x62, 0x18, 0xC4, 0x73, 0xEB, 0x0F, 0xE7, 0x8A,
    0xEC, 0x2F, 0x78, 0xBC, 0x1F, 0xF6, 0xEF, 0xB6, 0x43, 0xC9, 0xFF, 0x0F, 0xC1, 0x3F, 0x7D, 0x08,
    0xDE, 0x93, 0x17, 0xA7, 0x0B, 0x1E, 0x3F, 0x38, 0xBB, 0xE3, 0x69, 0x29, 0xFF, 0xB1, 0x8E, 0xBC,
    0xBB, 0x5F, 0x27, 0xD4, 0x8B, 0xFA, 0x60, 0xE2, 0xE2, 0xDC, 0xDE, 0xEC, 0x1E, 0xB7, 0xD1, 0x75,
    0x56, 0x24, 0xE1, 0x76, 0x1D, 0xD8, 0xA9, 0xA9, 0x03, 0x45, 0x39, 0xDC, 0xC3, 0x1D, 0x5E, 0x2F,
    0x5D, 0xD4, 0x25, 0x7C, 0x98, 0xD3, 0x88, 0xDA, 0x8F, 0x66, 0x0E, 0xAB, 0x07, 0xA1, 0xA5, 0xDB,
    0xD6, 0x72, 0xE1, 0x60, 0xD7, 0x67, 0xF8, 0x1D, 0x75, 0xB9, 0x2D, 0x28, 0x23, 0x10, 0x74, 0xDE,
    0x59, 0x21, 0x5D, 0xBE, 0x5B, 0x8E, 0xFC, 0x10, 0x66, 0xDD, 0xD9, 0x0E, 0xB9, 0x9D, 0xC6, 0xCD,
    0x4B, 0x5A, 0x5F, 0xBB, 0x78, 0x22, 0x3C, 0x5E, 0x8F, 0x35, 0x93, 0x28, 0x6A, 0xC0, 0x79, 0x74,
    0xD8, 0x0D, 0x55, 0xB9, 0xB9, 0xBB, 0x80, 0xE1, 0xE8, 0xF1, 0xC6, 0xAC, 0x02, 0x2B, 0xB1, 0x1A,
    0xB5, 0x0F, 0x9D, 0xD8, 0xE1, 0xB1, 0xBA, 0x3C, 0x87, 0x0B, 0x03, 0xAE, 0x3C, 0x4F, 0xA1, 0xAA,
    0x55, 0x8E, 0x5A, 0x07, 0x97, 0xE7, 0xA8, 0xD6, 0xCE, 0xCE, 0x28, 0x60, 0xF5, 0x16, 0x0C, 0xD1,
    0x1B, 0x8C, 0xC3, 0xED, 0xD1, 0x29, 0x41, 0x86, 0x74, 0xBE, 0x04, 0x8E, 0xE5, 0xC8, 0x29, 0xA8,
    0x74, 0x5B, 0x76, 0xC0, 0xDF, 0xD3, 0x41, 0x90, 0xDC, 0xC8, 0x57, 0xED, 0xDC, 0x44, 0xA6, 0xCD,
    0x78, 0x74, 0x4D, 0x84, 0x2F, 0x55, 0x6F, 0x46, 0xC9, 0xC6, 0x1A, 0xA2, 0xD7, 0xD1, 0x3A, 0x27,
    0xA3, 0x3A, 0x03, 0x25, 0x96, 0xAA, 0xBF, 0xE9, 0x3B, 0x0C, 0x4C, 0xFC, 0xD6, 0xD4, 0x72, 0x9C,
    0x44, 0xC2, 0xDD, 0x66, 0x24, 0x7D, 0x07, 0xA4, 0xAB, 0x46, 0x28, 0x81, 0xA9, 0x01, 0x49, 0x8E,
    0x9F, 0xFD, 0x76, 0x40, 0x7B, 0xC5, 0x3A, 0x7C, 0x5A, 0x27, 0x06, 0x85, 0x49, 0xD3, 0x55, 0x02,
    0x41, 0x8C, 0x1C, 0xED, 0x96, 0xE7, 0xB9, 0x43, 0xFD, 0x17, 0xF8, 0x9B, 0xB7, 0xA9, 0x9F, 0x1B,
    0x5F, 0xD6, 0x07, 0xF4, 0x2D, 0x74, 0xBB, 0xE5, 0x90, 0xE7, 0xBC, 0xBC, 0x2F, 0xC5, 0x0C, 0xD6,
    0x41, 0x83, 0x47, 0x1A, 0x4B, 0xAD, 0x6F, 0x5D, 0xA4, 0x1E, 0x46, 0xC4, 0x58, 0xD1, 0x25, 0xB1,
    0x4E, 0xDF, 0xEB, 0xCE, 0x40, 0x81, 0x31, 0xF0, 0xDC, 0xBA, 0x68, 0xB2, 0xD6, 0x45, 0x81, 0x1D,
    0x12, 0xCB, 0xA5, 0x1F, 0xAC, 0x75, 0x51, 0xE4, 0x5B, 0x17, 0xA5, 0xAF, 0x99, 0xAF, 0x7C, 0xC7,
    0xE0, 0x6D, 0x1B, 0xF5, 0xFE, 0x4D, 0x9C, 0x03, 0x65, 0x38, 0xB7, 0x5C, 0xC1, 0x91, 0xB4, 0x7F,
    0xC3, 0x3C, 0xE9, 0x5F, 0x98, 0x0C, 0xCB, 0x7E, 0xDE, 0x1A, 0xBC, 0x6D, 0x32, 0x8F, 0xA9, 0x98,
    0x7B, 0x18, 0x75, 0x66, 0x68, 0xCD, 0x4D, 0x96, 0x1A, 0x4B, 0x45, 0x91, 0xC4, 0x4B, 0xEB, 0xA2,
    0x51, 0xE5, 0xD5, 0x95, 0x37, 0xE2, 0xB6, 0x58, 0xCC, 0xF6, 0x0C, 0x29, 0x3E, 0x84, 0xCE, 0x42,
    0x7B, 0x96, 0x2F, 0xD0, 0x17, 0x30, 0x75, 0x81, 0xA3, 0x59, 0x2D, 0xA2, 0x67, 0x0F, 0x61, 0x97,
    0xB4, 0x4F, 0x29, 0x5F, 0x3F, 0x81, 0x8B, 0x47, 0xC2, 0x91, 0x56, 0xBC, 0x44, 0x8F, 0x20, 0xD6,
    0x87, 0xB9, 0x96, 0x7B, 0xEA, 0xC3, 0x8D, 0xD4, 0x50, 0x38, 0x68, 0xCB, 0xEE, 0xA3, 0xEE, 0x09,
    0x8B, 0x77, 0xA6, 0xD3, 0x3E, 0x8E, 0xE7, 0x20, 0x44, 0x4D, 0x55, 0x4F, 0x1E, 0x1D, 0x65, 0xF5,
    0xBB, 0xB9, 0xDC, 0xF1, 0xA5, 0xD3, 0xBE, 0x6E, 0xA9, 0x35, 0xDC, 0xD7, 0xD1, 0xAF, 0xD4, 0x21,
    0xC5, 0x56, 0x55, 0xD4, 0xDB, 0x42, 0x48, 0xD0, 0x75, 0xC3, 0x7D, 0x75, 0xDA, 0x0F, 0xD4, 0x69,
    0x3F, 0x54, 0xA7, 0xFD, 0x48, 0x9D, 0xF6, 0x75, 0x38, 0x06, 0x3B, 0x4B, 0xCD, 0x9D, 0xF6, 0x37,
    0xEA, 0xB4, 0x7F, 0xE5, 0x7C, 0xA7, 0xFD, 0xA7, 0x5C, 0x85, 0xA7, 0xEE, 0xC8, 0x0F, 0x08, 0x28,
    0xDA, 0x0F, 0xE3, 0x12, 0xEF, 0x2B, 0x9C, 0xCC, 0x41, 0x1C, 0xD9, 0xD3, 0x76, 0xE4, 0xFF, 0x60,
    0xA9, 0xA9, 0xB3, 0xBA, 0x32, 0x1D, 0xD4, 0xF5, 0x21, 0x50, 0xF3, 0x5D, 0x51, 0x09, 0x4E, 0x3D,
    0x2E, 0xEF, 0x89, 0x4A, 0x1F, 0x05, 0x5E, 0xFD, 0xB0, 0xA9, 0xFB, 0x5B, 0xE1, 0xD5, 0xF7, 0xB5,
    0x0A, 0xEF, 0xC9, 0xB0, 0x8C, 0x69, 0xEF, 0x16, 0x3C, 0x7B, 0xDD, 0x49, 0x71, 0x69, 0x7F, 0x05,
    0xEB, 0xDC, 0xB8, 0x2E, 0xCD, 0x05, 0xB0, 0xFD, 0xAA, 0x54, 0x6C, 0xBE, 0xD2, 0xC2, 0xDA, 0x78,
    0xC7, 0x63, 0xDD, 0x37, 0xD7, 0x70, 0xF6, 0xAB, 0x12, 0xB2, 0xAA, 0x7E, 0x26, 0xB0, 0x73, 0x10,
    0x36, 0xB2, 0x95, 0x64, 0x58, 0xF6, 0xBE, 0xC7, 0x4A, 0x7F, 0xCE, 0x83, 0x7C, 0x7A, 0xC3, 0xB2,
    0xFE, 0x50, 0x0E, 0x52, 0xB7, 0xB0, 0x3A, 0xE6, 0x3D, 0x3C, 0x9E, 0xB1, 0x31, 0x18, 0xB6, 0xDD,
    0x86, 0x8F, 0x52, 0xA2, 0x92, 0x34, 0xB5, 0xB4, 0x9E, 0xA1, 0xD2, 0x6B, 0x06, 0xFC, 0x33, 0xD9,
    0x90, 0xD7, 0xA5, 0x33, 0xEF, 0xE9, 0xA6, 0xE6, 0x14, 0xC4, 0x09, 0xB0, 0xA3, 0x13, 0xFB, 0xAF,
    0xAB, 0x82, 0xE1, 0x9A, 0x48, 0x7B, 0x22, 0x6A, 0xB3, 0x0E, 0x3C, 0x7D, 0x5B, 0x0D, 0x66, 0x7E,
    0x2D, 0xD8, 0x8D, 0xEF, 0x24, 0xB0, 0xCE, 0xF4, 0x59, 0x96, 0xC6, 0x10, 0x4E, 0xD6, 0x26, 0x47,
    0xDD, 0x49, 0xAB, 0x69, 0x0D, 0x4E, 0xCF, 0xB7, 0x2B, 0x0B, 0x60, 0x0D, 0xE6, 0x3D, 0xFF, 0x0F,
    0x89, 0xCF, 0x8C, 0x0D, 0x9E, 0xB8, 0xC8, 0xE8, 0x94, 0x23, 0x9C, 0x80, 0xC1, 0x05, 0x90, 0x05,
    0xC2, 0xE1, 0x0D, 0xDB, 0xC0, 0x4E, 0x46, 0xA2, 0xC6, 0x6F, 0x75, 0xEE, 0x6F, 0x4D, 0x8B, 0x20,
    0x93, 0x85, 0x70, 0x43, 0x1E, 0xCB, 0x89, 0x3C, 0x80, 0x7B, 0x4A, 0xEA, 0xCA, 0xCF, 0x7A, 0x4D,
    0xD5, 0x88, 0x3F, 0x54, 0x3D, 0xDB, 0x8F, 0x85, 0xD9, 0x7E, 0x6B, 0x85, 0x74, 0xF6, 0x89, 0x4A,
    0xCB, 0x3E, 0xC5, 0xED, 0x05, 0xF0, 0xFB, 0x61, 0xFD, 0x1B, 0x8A, 0xA2, 0xA9, 0x25, 0x73, 0xA1,
    0x7D, 0x9C, 0xFB, 0xA3, 0x5E, 0x73, 0x3B, 0x94, 0xE3, 0x2B, 0x87, 0xD5, 0xED, 0x46, 0xB0, 0xFF,
    0xFD, 0x5E, 0x69, 0x9B, 0x75, 0x51, 0x0B, 0x3C, 0xAA, 0x54, 0xF1, 0xB5, 0xA5, 0xE1, 0xE6, 0x27,
    0x66, 0xF9, 0x83, 0xE6, 0x25, 0xB9, 0x98, 0x89, 0x9A, 0xF6, 0xE9, 0x08, 0x2B, 0x35, 0xC0, 0xCA,
    0xF5, 0x31, 0xB7, 0xC2, 0xEE, 0xF7, 0x94, 0x0B, 0x82, 0xE2, 0xFB, 0x6A, 0x12, 0x47, 0xC3, 0xDB,
    0xCE, 0xCF, 0x89, 0x3B, 0xFE, 0x91, 0x9D, 0x9B, 0x73, 0x3D, 0xE8, 0x3F, 0x39, 0xCC, 0x40, 0xCD,
    0x13, 0x48, 0xE7, 0xCE, 0xB7, 0xC4, 0x07, 0xE0, 0x1E, 0xF5, 0xEF, 0x3D, 0x57, 0x8A, 0x08, 0xE8,
    0xB1, 0xC2, 0x7B, 0x64, 0xEA, 0x32, 0x98, 0x6F, 0x19, 0x75, 0x00, 0x4E, 0x70, 0x62, 0xF1, 0x5C,
    0xE8, 0x93, 0x0F, 0xBE, 0x52, 0xA4, 0xB3, 0x84, 0xCF, 0xF4, 0xC4, 0xCA, 0x8A, 0x27, 0x55, 0x8A,
    0xC8, 0x82, 0x89, 0x77, 0x2C, 0x48, 0x00, 0x4A, 0xF1, 0x11, 0xF9, 0xB7, 0x27, 0x55, 0x94, 0xE0,
    0xA4, 0x1C, 0x04, 0x60, 0x11, 0xDA, 0xAC, 0xA9, 0x43, 0x13, 0x68, 0xF6, 0x55, 0x45, 0x89, 0xB5,
    0xCA, 0xBC, 0xA0, 0xCB, 0xFC, 0xB9, 0x8A, 0x92, 0xB9, 0xB5, 0x63, 0xF9, 0xC1, 0x34, 0xC0, 0xFC,
    0xF0, 0x5A, 0x87, 0xC6, 0xE3, 0x7A, 0x29, 0xFC, 0xD9, 0x34, 0xA7, 0x47, 0x90, 0x82, 0x17, 0x2E,
    0xC2, 0xCB, 0x04, 0xBE, 0xC0, 0xF5, 0x11, 0xAD, 0x1D, 0xD5, 0x3F, 0x73, 0x53, 0xAE, 0x5A, 0x3B,
    0x1E, 0x3C, 0x6F, 0x5F, 0xD8, 0x7E, 0xD4, 0x97, 0xB2, 0xAF, 0x91, 0x04, 0x6C, 0xC3, 0x3F, 0xB5,
    0x47, 0x88, 0x18, 0xC2, 0x02, 0xB8, 0x5F, 0x72, 0x5F, 0x1E, 0xA0, 0xE2, 0xC2, 0xFD, 0x52, 0xCE,
    0x83, 0xE0, 0xD3, 0x8D, 0x19, 0xB7, 0xDE, 0x9C, 0x7B, 0xCA, 0xCA, 0xDB, 0xEF, 0x26, 0x72, 0x9E,
    0x5A, 0xFC, 0x4B, 0x91, 0x86, 0x60, 0x09, 0x35, 0x28, 0xD6, 0x50, 0xCD, 0xE1, 0x7F, 0x65, 0x03,
    0x7C, 0xB4, 0x61, 0xA9, 0x89, 0xD4, 0x0F, 0xC6, 0x39, 0x7A, 0x78, 0xF0, 0x9B, 0x40, 0x40, 0x50,
    0x7A, 0xF6, 0x38, 0x18, 0x71, 0x63, 0xC7, 0x09, 0x1F, 0xAC, 0x32, 0x12, 0xED, 0xFD, 0x42, 0xAB,
    0x88, 0x2C, 0xB6, 0xD6, 0xEE, 0xDA, 0x99, 0xAE, 0x91, 0x61, 0x93, 0xD3, 0xDE, 0x17, 0x45, 0xEA,
    0xD4, 0x21, 0x3E, 0xED, 0x3C, 0x0C, 0x52, 0x9D, 0xD5, 0x04, 0xC3, 0x22, 0xD3, 0xB0, 0x43, 0xAF,
    0xA2, 0x0F, 0x35, 0xFB, 0x3B, 0x68, 0xF0, 0xFE, 0x3C, 0xBA, 0xD2, 0x0E, 0xA1, 0x73, 0xB7, 0x2B,
    0x07, 0x8B, 0x40, 0x4C, 0x38, 0x25, 0x9D, 0x21, 0x88, 0xE9, 0xA1, 0xC5, 0x20, 0xDE, 0x63, 0xDE,
    0xBF, 0xE0, 0x19, 0x2F, 0x5D, 0xC1, 0x63, 0x5F, 0x69, 0xC7, 0xBB, 0x29, 0xE9, 0x00, 0xBD, 0x76,
    0xA3, 0xBE, 0x4B, 0x9C, 0x2A, 0xB3, 0x23, 0xBC, 0xB1, 0x98, 0xB8, 0x8C, 0xA6, 0x11, 0x3B, 0x8A,
    0x39, 0x74, 0x9C, 0x8F, 0x18, 0x8E, 0x3A, 0x16, 0x71, 0x42, 0x31, 0xC7, 0x36, 0xA8, 0x5E, 0x3D,
    0xB0, 0x1A, 0xE9, 0xD5, 0x81, 0xB7, 0xD7, 0x06, 0xCC, 0xBC, 0xFA, 0x06, 0xBF, 0x6A, 0x5E, 0xE2,
    0xE1, 0x97, 0x13, 0xCF, 0xB0, 0x8A, 0x86, 0x68, 0xF8, 0xAC, 0x73, 0x02, 0xFA, 0x8D, 0xFB, 0x20,
    0x48, 0xD0, 0xAA, 0xFE, 0x58, 0xF7, 0xAE, 0x9D, 0x31, 0x4F, 0x57, 0x8F, 0x00, 0x8A, 0xDA, 0xB3,
    0x2F, 0xCB, 0x30, 0xB2, 0xF4, 0x8A, 0x25, 0x5C, 0xA4, 0x5B, 0x7F, 0x8B, 0x3D, 0x6F, 0xB5, 0x67,
    0xEF, 0xDA, 0xC6, 0x3D, 0xB7, 0x67, 0xDD, 0xE5, 0x52, 0x6E, 0xC1, 0x30, 0x41, 0xAB, 0x04, 0xC2,
    0xFA, 0x38, 0x56, 0x92, 0xB7, 0x8F, 0xAA, 0x24, 0x6F, 0x03, 0x1F, 0x95, 0x3C, 0xC2, 0xAA, 0x59,
    0xFB, 0xE9, 0x19, 0x18, 0x6E, 0x0A, 0xFF, 0x92, 0xA9, 0xEA, 0xDC, 0xE4, 0xAF, 0x95, 0x6E, 0x8B,
    0x30, 0xBF, 0x93, 0x0A, 0xF2, 0x91, 0x15, 0xE4, 0x87, 0x15, 0x5E, 0xF2, 0x5C, 0x9B, 0xC5, 0x57,
    0x75, 0x5C, 0x17, 0x77, 0xBD, 0x02, 0xEC, 0x38, 0x12, 0xE3, 0xFD, 0xAC, 0x62, 0x77, 0xF1, 0x2A,
    0x1A, 0x31, 0x84, 0x0C, 0x4A, 0xED, 0xDC, 0xE0, 0xCC, 0x1F, 0x6F, 0x7A, 0x6E, 0x15, 0xFF, 0xE6,
    0x78, 0x15, 0xAF, 0x9F, 0x5B, 0xC5, 0xE9, 0xA9, 0x57, 0xB1, 0xB4, 0x55, 0x2C, 0xCF, 0xAD, 0x82,
    0x3A, 0xAF, 0x6B, 0x15, 0x80, 0xEA, 0xD3, 0xA0, 0x47, 0x1D, 0x9B, 0x48, 0xBD, 0x59, 0xF8, 0x33,
    0x58, 0x79, 0x1D, 0xE7, 0xC4, 0x0C, 0x87, 0xBB, 0xE1, 0x2A, 0x44, 0x3F, 0xBD, 0x60, 0x15, 0x82,
    0xD5, 0x2A, 0x0C, 0x56, 0xC7, 0xFF, 0xFF, 0x00, 0xE5, 0x9C, 0x3F, 0x8F, 0xDC, 0xD6, 0x11, 0xC0,
    0x87, 0xA4, 0xEF, 0x18, 0x8B, 0x89, 0xA9, 0x42, 0x85, 0x01, 0x45, 0xA6, 0x0A, 0x35, 0x01, 0x24,
    0xB3, 0x49, 0xA1, 0x42, 0x12, 0x69, 0x07, 0x88, 0x5B, 0x7D, 0x03, 0xA7, 0x48, 0x91, 0xEE, 0x1A,
    0x17, 0x2E, 0x64, 0x2D, 0xAD, 0x2F, 0x90, 0xFB, 0x08, 0x2A, 0x52, 0xB8, 0xB3, 0x0B, 0x17, 0x2A,
    0x22, 0x91, 0x80, 0x8B, 0x94, 0x61, 0x3E, 0x41, 0x58, 0x08, 0x48, 0xE9, 0x0D, 0x40, 0x20, 0x54,
    0xC2, 0xDD, 0x97, 0xF9, 0xCB, 0x7D, 0xBC, 0xDB, 0xB3, 0xE1, 0x20, 0x38, 0xED, 0xDE, 0x2E, 0xCE,
    0x7C, 0xDA, 0xDB, 0x3D, 0x72, 0xDE, 0xFC, 0x66, 0x86, 0x33, 0xEF, 0x0D, 0x0D, 0x00, 0x90, 0xB6,
    0x40, 0xAF, 0xAC, 0xE3, 0xA1, 0x58, 0xF2, 0x50, 0xCB, 0xF0, 0x1F, 0x1E, 0xA2, 0x7F, 0xF0, 0x10,
    0x7F, 0xD7, 0xD3, 0x90, 0xFE, 0x66, 0xA0, 0x21, 0x8F, 0x78, 0x78, 0x18, 0x8D, 0x34, 0xBC, 0x08,
    0x69, 0x08, 0x96, 0x3C, 0x44, 0x5D, 0xB0, 0xC2, 0x21, 0x69, 0x78, 0x48, 0x4B, 0x58, 0xD3, 0xF7,
    0x01, 0x1C, 0x0E, 0x0B, 0xE7, 0x68, 0x70, 0x3C, 0x04, 0x78, 0xDE, 0x1A, 0xBF, 0x8F, 0x12, 0x2C,
    0x4A, 0xFC, 0x3E, 0x0E, 0x15, 0x7D, 0x1F, 0x8A, 0x0A, 0x0A, 0x12, 0xA6, 0x81, 0xA7, 0x3C, 0x04,
    0xF4, 0x37, 0x75, 0x57, 0xB8, 0x1E, 0x72, 0xB7, 0x2E, 0xDC, 0x12, 0x0A, 0xB7, 0x82, 0xB3, 0xAF,
    0x17, 0x7C, 0x0C, 0xE5, 0x83, 0x68, 0xED, 0xBF, 0x03, 0x16, 0x16, 0x4E, 0x86, 0xBB, 0x38, 0x0F,
    0xE7, 0x06, 0x9A, 0x6F, 0x36, 0xD0, 0x65, 0x63, 0x9C, 0xD4, 0x1A, 0xE2, 0x25, 0xE0, 0x44, 0x92,
    0x25, 0xE0, 0xDB, 0xB4, 0x83, 0x74, 0x49, 0x47, 0x54, 0x09, 0x2A, 0x27, 0x6F, 0x20, 0x6B, 0x48,
    0x14, 0xFC, 0x07, 0xC9, 0x55, 0x91, 0x90, 0xF4, 0x53, 0x42, 0x5D, 0xD2, 0xD1, 0xD1, 0x69, 0x22,
    0x47, 0x52, 0xC7, 0x35, 0x49, 0xFB, 0x4B, 0x3C, 0xE6, 0xDD, 0xB7, 0xF5, 0x6F, 0x21, 0x75, 0xED,
    0xC2, 0x41, 0xB8, 0x36, 0xED, 0xB2, 0x56, 0x36, 0xDA, 0xCE, 0xBD, 0x63, 0x5A, 0xE9, 0x17, 0x8E,
    0x45, 0xF0, 0xCC, 0xF1, 0x17, 0xEF, 0x25, 0x8C, 0xE7, 0x9D, 0xA8, 0xF5, 0xFE, 0x3A, 0xA8, 0xF9,
    0xCB, 0x42, 0x00, 0xA2, 0xC6, 0x1F, 0x82, 0x99, 0x4A, 0xF6, 0x18, 0xAE, 0xE8, 0x41, 0xD4, 0x70,
    0x2F, 0x6E, 0x37, 0x4A, 0x60, 0x1D, 0x88, 0x0A, 0x44, 0x4C, 0x99, 0xB9, 0xCE, 0xDF, 0x7B, 0xED,
    0x00, 0xED, 0xAF, 0x64, 0x88, 0x7A, 0x85, 0xCF, 0x13, 0x88, 0xC7, 0x0F, 0x05, 0xCE, 0x78, 0x47,
    0xB0, 0x2C, 0xD4, 0x46, 0xB3, 0x92, 0x3F, 0x6E, 0x63, 0x9E, 0xCA, 0x11, 0x40, 0x05, 0xDB, 0x5E,
    0x0A, 0x75, 0xBA, 0x8C, 0x62, 0x35, 0xAE, 0x0A, 0xD6, 0xC8, 0x1A, 0x5A, 0x63, 0x6B, 0x70, 0x8D,
    0xAE, 0xE2, 0x35, 0xBE, 0x06, 0xD8, 0x08, 0x1B, 0x62, 0x63, 0x6C, 0x90, 0x95, 0xB2, 0x61, 0x36,
    0xCE, 0x06, 0xDA, 0x48, 0x1B, 0x6A, 0x65, 0x0D, 0x0A, 0x1B, 0x94, 0x36, 0xCC, 0x7C, 0xF9, 0x0F,
    0xEC, 0xB1, 0x83, 0x28, 0x01, 0x4F, 0x39, 0x66, 0x74, 0xFD, 0xD5, 0x8D, 0x49, 0x47, 0x23, 0x79,
    0x49, 0xD4, 0x11, 0xEA, 0x63, 0x80, 0xC7, 0x3B, 0xC5, 0x3B, 0x78, 0xEE, 0x47, 0x1A, 0xF8, 0x42,
    0x19, 0xC5, 0xAC, 0xD4, 0xE3, 0x74, 0xF4, 0x51, 0x0B, 0x69, 0x05, 0xBD, 0x9D, 0xF3, 0xFE, 0x7A,
    0xAE, 0xE8, 0x41, 0xE6, 0xFB, 0x48, 0xE6, 0xC2, 0xD2, 0x84, 0xE9, 0x0A, 0xF6, 0x82, 0x24, 0x5B,
    0xB9, 0x22, 0x71, 0xEA, 0x6B, 0x1F, 0xEB, 0x07, 0xA1, 0xBE, 0xBF, 0xD9, 0x88, 0x27, 0x3F, 0x9C,
    0x7B, 0xF2, 0x2B, 0xF9, 0x74, 0xCC, 0x4B, 0x71, 0x25, 0x89, 0xD7, 0xD7, 0xCA, 0xE0, 0xB0, 0x3C,
    0xB9, 0xE0, 0xE9, 0x3A, 0x9E, 0xD5, 0x47, 0x2C, 0x7B, 0xD0, 0x99, 0xD6, 0x22, 0xD6, 0x99, 0x7A,
    0x35, 0x5D, 0x0F, 0x56, 0x19, 0xDB, 0x02, 0x39, 0xC3, 0x71, 0x09, 0xA7, 0x3B, 0x66, 0x0B, 0x79,
    0xFB, 0x0B, 0x46, 0x42, 0x62, 0x00, 0xB4, 0x8E, 0x10, 0x84, 0x4D, 0xD6, 0x7A, 0x22, 0x2A, 0x06,
    0xF3, 0x71, 0x31, 0x82, 0x55, 0xEE, 0x99, 0xC0, 0x76, 0x0B, 0xD8, 0xE3, 0xBB, 0x73, 0xD6, 0xBE,
    0x47, 0xA7, 0x1C, 0x6E, 0xE1, 0xB1, 0xAB, 0x51, 0x9E, 0xA0, 0xD9, 0xDC, 0xF5, 0x40, 0x24, 0x53,
    0x7F, 0x67, 0xC6, 0x2F, 0x29, 0xE2, 0xED, 0x2C, 0x63, 0xF5, 0x1F, 0x11, 0x18, 0x72, 0xC9, 0xC0,
    0xEA, 0x82, 0x0D, 0x77, 0xE0, 0xCC, 0xEC, 0x8A, 0xC6, 0xEA, 0x9F, 0x9E, 0x42, 0x8B, 0xB0, 0x89,
    0x04, 0x12, 0x0E, 0x1F, 0xAF, 0xC8, 0x7D, 0xC3, 0x9E, 0xF4, 0x13, 0x57, 0x41, 0xBB, 0x7B, 0x49,
    0x58, 0xC4, 0xFF, 0x4A, 0x44, 0xF5, 0xDE, 0x31, 0x9A, 0xBE, 0x11, 0x0B, 0xAB, 0xB4, 0xF1, 0x6E,
    0x5A, 0x32, 0xDF, 0xA0, 0x3A, 0x7D, 0xCC, 0xE1, 0x2B, 0xE0, 0xAF, 0xF4, 0x9C, 0x88, 0xA2, 0xEE,
    0xD9, 0x0A, 0x0A, 0x51, 0x50, 0xF2, 0x1A, 0xAE, 0x96, 0x4D, 0x48, 0xBA, 0x2A, 0xC9, 0xAA, 0xE4,
    0xA4, 0x4F, 0xE8, 0x70, 0xFA, 0xF8, 0x36, 0xA9, 0x80, 0x35, 0x51, 0x73, 0x70, 0x2F, 0x58, 0x0F,
    0xC9, 0x9B, 0xAD, 0x37, 0xB7, 0xB7, 0x8E, 0xBE, 0x50, 0x12, 0xE2, 0xB1, 0x92, 0x54, 0x43, 0xD8,
    0x09, 0xD6, 0xC7, 0x5B, 0xB0, 0xD6, 0x33, 0xAC, 0xC7, 0xCF, 0xAF, 0x16, 0xD6, 0xAC, 0xDA, 0x54,
    0x90, 0x6A, 0xFA, 0x2C, 0xE9, 0xE9, 0x6D, 0x0F, 0xEB, 0xD7, 0xBB, 0x8F, 0xD5, 0xA2, 0x93, 0x93,
    0x7A, 0x37, 0x2D, 0x05, 0x8C, 0x08, 0xF7, 0x92, 0x8F, 0x1F, 0xB5, 0xD7, 0xE9, 0xA3, 0x16, 0x0E,
    0xC8, 0x69, 0xD7, 0xA2, 0x14, 0x9A, 0x63, 0x20, 0xB6, 0x9E, 0x94, 0x53, 0x48, 0xEF, 0x1E, 0x7F,
    0x46, 0x11, 0x4D, 0x5D, 0xB7, 0xDD, 0x79, 0xC6, 0x92, 0x5E, 0x58, 0xD2, 0xD5, 0xD5, 0x5B, 0x92,
    0xAE, 0x12, 0x0E, 0x2E, 0x30, 0xA7, 0x5D, 0x42, 0x1F, 0xAF, 0x48, 0x37, 0xDF, 0x2C, 0xE8, 0xD2,
    0x6D, 0xB2, 0x49, 0xBA, 0x3A, 0xD8, 0x2B, 0xC6, 0x61, 0xC3, 0xDE, 0x89, 0x00, 0xF9, 0xED, 0x90,
    0x1C, 0x82, 0x93, 0xCE, 0x5F, 0x7E, 0x46, 0x05, 0xD1, 0xCA, 0x7F, 0x17, 0xF4, 0x1B, 0x1D, 0x05,
    0xCB, 0xB8, 0x63, 0x11, 0x1A, 0x96, 0x87, 0x27, 0x3F, 0xEC, 0xA6, 0xDF, 0x4E, 0x2F, 0x49, 0x1B,
    0x0A, 0x8E, 0x43, 0x0B, 0xEF, 0x98, 0x0B, 0x42, 0x52, 0x67, 0x05, 0x89, 0x0C, 0x50, 0xE3, 0x55,
    0x4B, 0xD6, 0x25, 0x2D, 0xF8, 0xE0, 0x45, 0x29, 0x98, 0xE3, 0x35, 0xE8, 0x1D, 0x5E, 0xF6, 0x5D,
    0x8B, 0x6E, 0x20, 0x75, 0x2C, 0x84, 0xE3, 0x4C, 0x71, 0x3A, 0x38, 0x47, 0x5F, 0xC2, 0xC9, 0x33,
    0x4B, 0xCD, 0xE8, 0xE6, 0x83, 0x05, 0x17, 0x49, 0xF3, 0x25, 0x21, 0x20, 0x19, 0x9F, 0x33, 0x41,
    0x32, 0x44, 0x9C, 0x2E, 0xD1, 0x45, 0x19, 0x62, 0x29, 0x71, 0xF1, 0x5B, 0x27, 0x22, 0x66, 0x4D,
    0x43, 0x79, 0x4E, 0xE5, 0x7F, 0x16, 0xC9, 0x34, 0x57, 0x76, 0xFE, 0x3B, 0xFD, 0x0C, 0x4E, 0x7A,
    0x96, 0x8B, 0x6A, 0x49, 0x3C, 0x71, 0x8D, 0xD7, 0xC2, 0x19, 0x14, 0x0D, 0x1A, 0x64, 0x51, 0xA1,
    0xA0, 0x75, 0x99, 0x76, 0x78, 0xA9, 0xBC, 0x8D, 0xE9, 0xB7, 0x0B, 0xB2, 0x15, 0xBC, 0xCE, 0xC2,
    0xBD, 0xD6, 0x65, 0x88, 0xCD, 0x81, 0xEB, 0x6A, 0x56, 0x6A, 0x46, 0xDE, 0x9E, 0x0C, 0xC7, 0x4B,
    0xBC, 0x24, 0xD9, 0x45, 0xFE, 0xE6, 0x9C, 0x65, 0xB1, 0x41, 0xC9, 0x61, 0x9C, 0x2C, 0x0A, 0x05,
    0x11, 0xD9, 0x72, 0x59, 0x5F, 0x7E, 0x28, 0xF9, 0xC0, 0x75, 0xCD, 0x8E, 0x52, 0x5D, 0x5F, 0x2E,
    0xBD, 0xB2, 0x56, 0x3F, 0x8A, 0xAB, 0x73, 0xEB, 0xCB, 0xFB, 0x8D, 0xF1, 0xE6, 0x60, 0xEE, 0xF4,
    0x2D, 0x2F, 0xD7, 0xB0, 0xC9, 0x92, 0x7D, 0x1E, 0xAF, 0xEC, 0x22, 0xA9, 0x97, 0x59, 0x4C, 0x2E,
    0x76, 0x69, 0x30, 0xEB, 0xEA, 0x1A, 0x2B, 0xA4, 0xBF, 0x47, 0x9A, 0xF8, 0x98, 0x9C, 0x1A, 0x95,
    0xB8, 0x68, 0xB7, 0xBB, 0xFE, 0x7E, 0xD3, 0x08, 0x5D, 0xF5, 0x39, 0x64, 0x0E, 0x03, 0xE5, 0xFD,
    0x63, 0x77, 0xBE, 0xC4, 0xBE, 0x54, 0x0F, 0xFA, 0x95, 0x8E, 0x1A, 0xB0, 0x23, 0x9E, 0x67, 0xB8,
    0x96, 0x3A, 0x22, 0x76, 0x3F, 0x93, 0xF9, 0xFE, 0x5D, 0xA4, 0x7C, 0x2A, 0xEE, 0x11, 0x48, 0xFE,
    0x0C, 0x41, 0x09, 0xBF, 0xBB, 0x98, 0xCD, 0x04, 0xC7, 0xE8, 0x18, 0x1E, 0xE3, 0x63, 0x80, 0x8C,
    0x90, 0x22, 0x32, 0x46, 0x06, 0xC9, 0xF0, 0x6C, 0x46, 0xE1, 0x64, 0xA0, 0x8C, 0x94, 0x31, 0xDA,
    0x8C, 0x1A, 0xA6, 0x2D, 0x93, 0x52, 0x5C, 0xC6, 0xCB, 0x80, 0x19, 0x31, 0x45, 0x66, 0xCC, 0x0C,
    0xDA, 0x3C, 0x14, 0xFE, 0x69, 0xB3, 0xC3, 0x41, 0xE1, 0x23, 0x19, 0xA8, 0x7E, 0xCE, 0x46, 0x2A,
    0x2A, 0x16, 0x4F, 0x79, 0x05, 0x25, 0x9B, 0x16, 0x50, 0x8E, 0xE0, 0xDC, 0x3A, 0x18, 0xA1, 0x15,
    0xB6, 0x02, 0x97, 0xE9, 0x02, 0xE3, 0x05, 0xE6, 0x0B, 0x0C, 0x18, 0x98, 0xB0, 0x20, 0x16, 0xC6,
    0x02, 0x59, 0x28, 0xEB, 0x7A, 0xAD, 0x7F, 0x94, 0x35, 0xC8, 0xC2, 0xB6, 0xDB, 0x3E, 0x03, 0x81,
    0xAD, 0xB4, 0x0D, 0xF7, 0xEF, 0xE7, 0xAB, 0xF5, 0x1A, 0x22, 0x9F, 0xB1, 0x32, 0x83, 0x4F, 0x9C,
    0x8F, 0x5A, 0x48, 0x2B, 0xE8, 0x6D, 0x9C, 0xF7, 0xD9, 0x01, 0x83, 0xD3, 0xE9, 0x16, 0xC1, 0xB5,
    0xFE, 0x07, 0x09, 0x46, 0x9B, 0xA3, 0x6C, 0x54, 0x88, 0xCC, 0x90, 0x11, 0x9E, 0x25, 0x78, 0x99,
    0x9E, 0xA9, 0x53, 0xD4, 0x94, 0xEF, 0xFA, 0xB7, 0xF2, 0xDB, 0x6F, 0x84, 0x19, 0xEF, 0xC1, 0xAC,
    0xDF, 0xF3, 0x7C, 0x34, 0xFB, 0x5E, 0xCC, 0x41, 0x36, 0x0C, 0x7B, 0xAE, 0xFC, 0xC3, 0xEA, 0x6A,
    0x71, 0x03, 0x71, 0x56, 0x12, 0x8D, 0x4F, 0xF0, 0x71, 0xAB, 0x79, 0x23, 0x9D, 0x92, 0x02, 0xCE,
    0x70, 0x7F, 0xE3, 0x8D, 0xAF, 0xD8, 0x1B, 0x73, 0xF6, 0xC6, 0x04, 0x3F, 0xBC, 0xB6, 0x6B, 0xDE,
    0x08, 0x49, 0x17, 0x97, 0x5C, 0xE2, 0x70, 0x30, 0xFC, 0x6C, 0xC1, 0x1A, 0xEE, 0x92, 0xDE, 0x93,
    0x50, 0xB5, 0x1E, 0x3B, 0x65, 0x27, 0x89, 0xA6, 0x24, 0x2E, 0x83, 0x31, 0x7E, 0x7E, 0xB5, 0x18,
    0xE7, 0xD5, 0x2D, 0x94, 0xAB, 0x7F, 0x00, 0xC1, 0xDF, 0xB0, 0xA2, 0x88, 0xAA, 0xDC, 0x72, 0x00,
    0x4A, 0xEE, 0x41, 0xBC, 0xF4, 0x25, 0x0A, 0x3B, 0xE6, 0x8A, 0xF6, 0xDA, 0x5B, 0xF3, 0x52, 0x4D,
    0x7D, 0xA3, 0x19, 0x9E, 0xFC, 0x8F, 0x3C, 0xF3, 0x97, 0x5C, 0xA4, 0x5F, 0xD1, 0x08, 0xFA, 0x3F,
    0xD4, 0x05, 0xBC, 0x37, 0xCC, 0xBB, 0x46, 0x5C, 0xEF, 0xAE, 0x0A, 0x2A, 0x45, 0x31, 0xCD, 0x48,
    0xCA, 0xB0, 0x79, 0x6B, 0xD9, 0xCF, 0x8F, 0xD4, 0x0F, 0xC9, 0xCA, 0x16, 0x16, 0x1E, 0x90, 0xCF,
    0x5D, 0x67, 0xC7, 0xA3, 0xD4, 0x28, 0xA8, 0xCD, 0x1E, 0x93, 0xCA, 0x16, 0x9F, 0x02, 0x0F, 0x6C,
    0x45, 0xE9, 0x5D, 0xC5, 0x5B, 0x86, 0x26, 0x52, 0x29, 0x38, 0x75, 0x3B, 0x72, 0x6D, 0x20, 0x79,
    0x81, 0x4F, 0x0A, 0xF3, 0xD1, 0xCA, 0x10, 0x39, 0xF1, 0xD2, 0x98, 0x31, 0x31, 0xAE, 0x39, 0x19,
    0x1A, 0x23, 0xE3, 0x79, 0x15, 0x9B, 0x13, 0x4B, 0x56, 0x49, 0xC9, 0xCA, 0x8A, 0x0E, 0x74, 0xAA,
    0x13, 0xD4, 0xD3, 0x18, 0xB6, 0x2F, 0xF9, 0x86, 0x3F, 0x42, 0xBE, 0x84, 0x47, 0x25, 0x3C, 0x00,
    0xF8, 0xDC, 0x76, 0x7D, 0x57, 0x50, 0x8F, 0x84, 0x05, 0xAF, 0x89, 0x19, 0x0D, 0xFE, 0x60, 0xDD,
    0x9C, 0x70, 0xAD, 0x8C, 0x85, 0x32, 0x5E, 0x2A, 0xF3, 0xAA, 0xE4, 0x82, 0x8B, 0x63, 0xFC, 0x29,
    0x9E, 0x95, 0x85, 0x2B, 0x29, 0x48, 0xED, 0xC8, 0x34, 0x37, 0xB1, 0xB2, 0xB7, 0xB3, 0xC7, 0xD3,
    0x21, 0x94, 0x74, 0x76, 0x09, 0xF1, 0x80, 0x06, 0x40, 0xDB, 0x22, 0x9B, 0x7D, 0x10, 0xB4, 0xB2,
    0x36, 0x41, 0x73, 0x58, 0x34, 0x3A, 0x41, 0x9A, 0x23, 0x0B, 0xBF, 0xA6, 0x74, 0x18, 0xC5, 0x0E,
    0x46, 0x12, 0x99, 0xD4, 0xC3, 0x1A, 0x8A, 0xF9, 0x27, 0x1A, 0xEE, 0x60, 0x95, 0x02, 0xB5, 0x3A,
    0x41, 0xCE, 0x13, 0xAF, 0x1B, 0x3A, 0xE6, 0x52, 0x4F, 0xBE, 0x91, 0x5E, 0x1E, 0xDE, 0x34, 0x70,
    0xA7, 0xC9, 0xC8, 0x52, 0x91, 0x37, 0xD0, 0x34, 0xF1, 0xEF, 0x68, 0x52, 0xF8, 0x1F, 0x9D, 0xA1,
    0x68, 0xD8, 0x4B, 0xF2, 0x96, 0xE5, 0xCE, 0xBA, 0x58, 0x06, 0xDE, 0xB2, 0xC9, 0x3B, 0x56, 0x4B,
    0xDE, 0x65, 0x34, 0x14, 0x2D, 0xB7, 0x4E, 0x15, 0x6D, 0xC1, 0x8B, 0x5D, 0x0D, 0x6B, 0x66, 0x21,
    0x83, 0x2B, 0x65, 0xE0, 0x33, 0x87, 0x6B, 0x1E, 0xF0, 0x84, 0x14, 0x38, 0x13, 0x5E, 0x01, 0x21,
    0xB5, 0x92, 0xA2, 0x71, 0xAA, 0x24, 0x0A, 0xAF, 0xF1, 0x94, 0xBC, 0xAC, 0x92, 0xCB, 0x2D, 0x29,
    0x74, 0xDB, 0xD6, 0x58, 0x34, 0x51, 0x54, 0x77, 0x9E, 0x0D, 0xE6, 0xD5, 0x8B, 0x81, 0xF3, 0xFC,
    0x92, 0xE4, 0x6B, 0xF1, 0x9B, 0x29, 0x2D, 0x32, 0xC5, 0x3D, 0xEB, 0x29, 0xA5, 0x65, 0x18, 0xBC,
    0x72, 0x34, 0xE2, 0x47, 0xD1, 0x48, 0x37, 0x55, 0x3A, 0xC4, 0x03, 0xAA, 0x2A, 0xEE, 0x17, 0x74,
    0x77, 0xA5, 0x15, 0x25, 0x3A, 0x64, 0x2D, 0x21, 0xA0, 0xD9, 0xD4, 0x28, 0x36, 0xAA, 0x3E, 0xED,
    0x89, 0x15, 0x0B, 0x77, 0x32, 0xF7, 0xD6, 0x7C, 0x5A, 0x5F, 0x91, 0x43, 0x35, 0x2D, 0xB4, 0xE0,
    0x2C, 0x4A, 0xF1, 0x3F, 0x8E, 0x6D, 0xEF, 0x49, 0x2D, 0xF3, 0x4E, 0xB4, 0xF4, 0x36, 0xC6, 0xE0,
    0xA4, 0x91, 0x02, 0xC7, 0xDB, 0x1F, 0xB1, 0x3E, 0x87, 0xD0, 0xBF, 0x8B, 0xEC, 0x35, 0x46, 0x9E,
    0x5E, 0x4A, 0xBF, 0xFA, 0x80, 0x52, 0xC5, 0x77, 0x78, 0xEE, 0xB4, 0xE6, 0xC8, 0x9D, 0x64, 0xEC,
    0x7C, 0xDC, 0x41, 0x76, 0xA6, 0x8D, 0xEC, 0x52, 0x61, 0xEA, 0x5D, 0x8C, 0x54, 0x14, 0x7C, 0xC5,
    0xF7, 0xCA, 0x78, 0x95, 0x89, 0xCA, 0x6F, 0xB0, 0x30, 0x27, 0x1C, 0x54, 0x07, 0x4E, 0x68, 0xA3,
    0x36, 0xE8, 0x2E, 0x58, 0x09, 0xD8, 0x7B, 0x87, 0xFB, 0x0A, 0x66, 0xBB, 0x90, 0xD2, 0x30, 0x27,
    0x4D, 0x36, 0xD2, 0x3E, 0xC4, 0x0D, 0x54, 0x91, 0x96, 0x94, 0xE7, 0xB6, 0xE4, 0x09, 0x9A, 0x50,
    0x13, 0x6C, 0xCC, 0x0D, 0x18, 0x9C, 0x84, 0x2B, 0x60, 0x74, 0xC0, 0xEC, 0x80, 0xE1, 0x71, 0x7E,
    0xCB, 0x47, 0x0C, 0x8B, 0xCC, 0x0F, 0x18, 0x20, 0x2F, 0xF0, 0xF2, 0x11, 0x23, 0x30, 0x33, 0x64,
    0xB5, 0x81, 0x50, 0x14, 0x8C, 0xCA, 0xD1, 0x40, 0x8E, 0xB3, 0x48, 0x91, 0x07, 0x3C, 0x99, 0xE4,
    0x13, 0x86, 0x1B, 0x7C, 0x2A, 0xB1, 0xE2, 0x10, 0x48, 0x4A, 0x43, 0x9C, 0x2C, 0xBA, 0x4F, 0xAD,
    0x70, 0xD2, 0x08, 0xC7, 0x10, 0x89, 0x61, 0x24, 0x25, 0xE5, 0x9C, 0xE0, 0x65, 0xFA, 0x5C, 0x5E,
    0xF9, 0xDB, 0x07, 0xA5, 0x2E, 0x93, 0x2C, 0x37, 0xDD, 0x9A, 0xA1, 0x34, 0x6B, 0x26, 0xEB, 0xF7,
    0x85, 0x83, 0x48, 0xC8, 0x7B, 0xA9, 0xC1, 0x10, 0x4B, 0xC4, 0xD8, 0x82, 0x6F, 0xCF, 0x3D, 0x50,
    0x8A, 0x36, 0xB9, 0x69, 0x48, 0xEB, 0x9B, 0x34, 0x76, 0x50, 0x03, 0x97, 0x34, 0xBD, 0xA9, 0x37,
    0x72, 0xAF, 0xD3, 0xE8, 0x35, 0xF7, 0x9C, 0x2F, 0x29, 0xDF, 0xAE, 0x37, 0x42, 0xF6, 0x5A, 0x16,
    0xD6, 0x24, 0x33, 0xEA, 0x4E, 0x7C, 0x56, 0xE2, 0x9B, 0x18, 0x65, 0x35, 0x49, 0x95, 0xC4, 0x5F,
    0xF2, 0x98, 0x97, 0x9C, 0xD9, 0x86, 0x4B, 0x5E, 0x07, 0x8B, 0x2B, 0xB8, 0x62, 0x8C, 0x33, 0x6A,
    0x6B, 0xE3, 0xFD, 0xD5, 0x0E, 0x53, 0x37, 0x6F, 0x6F, 0x95, 0x6F, 0x85, 0xE2, 0xA5, 0xAF, 0xB8,
    0x8D, 0xAD, 0x14, 0xB4, 0x67, 0xC9, 0x5E, 0x9E, 0x97, 0xEA, 0x86, 0x7F, 0x62, 0x8D, 0xF1, 0x5B,
    0x5C, 0xF0, 0x0A, 0xDF, 0x0B, 0x7F, 0x5A, 0xF2, 0xC9, 0x72, 0xA7, 0x52, 0xA3, 0x19, 0xBD, 0x25,
    0xDE, 0x65, 0x92, 0x32, 0x68, 0xDE, 0x5A, 0x5E, 0xF3, 0x63, 0x49, 0xEA, 0xB4, 0x3C, 0x5D, 0xA8,
    0x8C, 0xB5, 0xA2, 0x1B, 0xFD, 0x06, 0x2E, 0xE9, 0x44, 0x3D, 0xF3, 0xD2, 0x4C, 0x96, 0x2A, 0x19,
    0x26, 0x4D, 0x23, 0xA1, 0xA6, 0xE4, 0x81, 0x58, 0x87, 0x4B, 0x81, 0x8D, 0x5E, 0xCC, 0xB4, 0x3F,
    0x55, 0xDC, 0x03, 0x28, 0x6F, 0x50, 0xE0, 0xA0, 0xC4, 0x41, 0x91, 0x83, 0x32, 0x07, 0x85, 0x0E,
    0x4A, 0x1D, 0x14, 0x3B, 0x28, 0x77, 0x50, 0xF0, 0xA0, 0xE4, 0x75, 0x04, 0x63, 0x6F, 0xF0, 0x8D,
    0xBE, 0xE1, 0x37, 0xFE, 0x93, 0x01, 0x98, 0x05, 0x98, 0x09, 0x78, 0x36, 0x20, 0xED, 0x6A, 0xD3,
    0xF2, 0x67, 0xE9, 0xA5, 0x19, 0x9A, 0xAE, 0xC7, 0xA5, 0x76, 0xBE, 0xA8, 0x71, 0xC8, 0xD6, 0xF5,
    0x40, 0x8A, 0x24, 0xCA, 0x5F, 0x48, 0xE8, 0x7D, 0xC1, 0xB1, 0xF7, 0x5F, 0x2D, 0x07, 0xDF, 0x35,
    0x68, 0xF4, 0xD5, 0xF0, 0xAB, 0xF1, 0xD7, 0x54, 0x21, 0x11, 0x58, 0x43, 0xB0, 0xC6, 0x60, 0x0D,
    0xC2, 0x1A, 0x85, 0x35, 0x0C, 0x6B, 0x1C, 0xA6, 0xFF, 0x16, 0x60, 0x91, 0x58, 0x43, 0xB1, 0xC5,
    0xE2, 0x8D, 0x2D, 0x18, 0x61, 0x0B, 0x37, 0xDA, 0x79, 0x27, 0x49, 0xAF, 0x67, 0xC7, 0x54, 0x95,
    0x1F, 0x20, 0xEA, 0xF5, 0xCC, 0xFE, 0x35, 0x39, 0xD1, 0xB6, 0x44, 0xF3, 0x82, 0xE7, 0x7B, 0x82,
    0x5A, 0x4B, 0x4F, 0xAB, 0x3D, 0xAD, 0xF8, 0x9C, 0xAA, 0xCF, 0x69, 0x42, 0x27, 0x0D, 0x78, 0x05,
    0xA8, 0x99, 0x34, 0xE8, 0x23, 0x4F, 0x54, 0x83, 0x1E, 0x02, 0x7A, 0x9D, 0x7E, 0x2A, 0xBF, 0xE6,
    0x22, 0xD5, 0xCA, 0x54, 0xEB, 0xC5, 0x3C, 0xF7, 0xDC, 0xD7, 0x75, 0x19, 0xD6, 0xB3, 0x3B, 0x81,
    0xDA, 0xC3, 0x62, 0x66, 0x0F, 0xC3, 0xDB, 0xB7, 0x87, 0x45, 0x79, 0x24, 0x13, 0xEE, 0x64, 0x93,
    0xE6, 0x13, 0x69, 0xEE, 0x4A, 0x81, 0x5B, 0xEA, 0xE1, 0x5D, 0xC8, 0xDB, 0x03, 0x74, 0xF9, 0xC0,
    0x9D, 0xDE, 0x95, 0x05, 0x52, 0x92, 0xE8, 0x56, 0xE8, 0xAA, 0x1B, 0x7E, 0x28, 0xD8, 0x75, 0xA8,
    0x87, 0x72, 0x0B, 0x3E, 0xF3, 0xCA, 0xCF, 0x3C, 0x26, 0x54, 0xDB, 0xA8, 0x19, 0xCA, 0xA3, 0xCD,
    0x57, 0x6F, 0x6C, 0x49, 0xDA, 0xB6, 0xE3, 0xEC, 0x77, 0x02, 0xE7, 0x66, 0x33, 0xA6, 0xD2, 0xE7,
    0x5F, 0xE4, 0xC6, 0x3D, 0x1B, 0xE4, 0xB3, 0xC2, 0x39, 0x54, 0xD5, 0x48, 0x43, 0xE1, 0x86, 0xC0,
    0x09, 0x49, 0x27, 0x77, 0x71, 0x62, 0xDA, 0xCB, 0x4A, 0x37, 0x57, 0x7B, 0xD4, 0x3C, 0x47, 0x22,
    0x93, 0x39, 0x0C, 0x1C, 0xE5, 0x49, 0x64, 0x34, 0x0A, 0xAE, 0xD9, 0x1A, 0x96, 0x1C, 0x93, 0x79,
    0x92, 0x3C, 0xA9, 0x18, 0x11, 0xA6, 0x7B, 0x34, 0x81, 0x54, 0x16, 0xBE, 0x53, 0xE1, 0x98, 0xC9,
    0xF0, 0xA1, 0xAC, 0x81, 0x3F, 0x94, 0x55, 0xF0, 0x07, 0x32, 0x3C, 0x91, 0xA1, 0x97, 0x5D, 0x9B,
    0xA5, 0xA8, 0x87, 0xCE, 0x30, 0x00, 0xAD, 0xB7, 0x44, 0xDA, 0x1C, 0x91, 0xBB, 0xD3, 0xF3, 0xB3,
    0x95, 0x3E, 0xA8, 0xE9, 0xA1, 0x9F, 0xA5, 0xFF, 0x4E, 0x6E, 0xC0, 0xF5, 0x0A, 0x05, 0xC7, 0x2A,
    0x32, 0xEA, 0xD1, 0x3E, 0xE3, 0x25, 0x4E, 0x22, 0x59, 0x72, 0xF1, 0x1A, 0x51, 0x4E, 0x8F, 0x89,
    0x4C, 0xDA, 0xE2, 0x1C, 0xB2, 0x06, 0x45, 0xCF, 0x9B, 0x14, 0xAD, 0xB3, 0xA1, 0xB6, 0xBA, 0x0A,
    0x0F, 0x8B, 0x32, 0x6F, 0x64, 0x23, 0x15, 0x15, 0x55, 0x86, 0x8E, 0xBA, 0xF2, 0xD6, 0x88, 0xE3,
    0xE7, 0x78, 0x28, 0x7F, 0x8D, 0xF5, 0xC1, 0x97, 0x9D, 0x3B, 0xCA, 0x5D, 0x55, 0xAF, 0x92, 0x37,
    0xFA, 0x38, 0xB0, 0xCF, 0x80, 0x09, 0x14, 0xD3, 0xC1, 0xB8, 0x48, 0xC6, 0xA4, 0x6D, 0x85, 0x9D,
    0x34, 0xBB, 0x97, 0xDA, 0xF3, 0xFE, 0x94, 0x8F, 0xD7, 0x24, 0x47, 0xCC, 0x64, 0xBA, 0xF2, 0xD0,
    0x29, 0xDC, 0x9B, 0x99, 0xE5, 0x15, 0xC0, 0xB8, 0xD9, 0x91, 0xBA, 0xBF, 0xD9, 0x91, 0xE2, 0x67,
    0x52, 0xD6, 0x76, 0xE7, 0xE4, 0xCD, 0xA8, 0xC4, 0xC7, 0x7D, 0xA9, 0x30, 0x2D, 0x4A, 0xAC, 0x67,
    0x8F, 0x8B, 0x81, 0xF5, 0xEE, 0x66, 0xE5, 0x45, 0x29, 0xAF, 0xF6, 0xEC, 0x73, 0x7D, 0x49, 0x90,
    0x46, 0x2C, 0x37, 0x89, 0xD2, 0x98, 0x35, 0x8C, 0x89, 0x9E, 0xA2, 0x24, 0x4E, 0x2F, 0x32, 0x05,
    0xF5, 0x44, 0x48, 0xA1, 0x66, 0x18, 0x55, 0x2F, 0x71, 0x8F, 0x32, 0x2A, 0x86, 0xD5, 0x82, 0xD1,
    0x32, 0x5C, 0xC6, 0xCB, 0x80, 0x19, 0x31, 0x43, 0x66, 0xCC, 0x0C, 0x9A, 0x51, 0x33, 0x6C, 0xC6,
    0xCD, 0xC0, 0x19, 0x39, 0x43, 0x67, 0xEC, 0x0C, 0xDE, 0x44, 0xCF, 0xF3, 0x42, 0xEB, 0xE4, 0xAD,
    0xCE, 0x2E, 0x82, 0x4F, 0x5E, 0xF9, 0xEE, 0x54, 0xF5, 0x2C, 0x6C, 0x73, 0x96, 0x01, 0xE6, 0x0D,
    0x23, 0xCC, 0x4A, 0x86, 0xF8, 0x88, 0x26, 0x99, 0xFC, 0x93, 0xF7, 0xA6, 0x52, 0xB4, 0x07, 0x42,
    0xD9, 0x73, 0x89, 0x41, 0x2D, 0xC3, 0x8C, 0x93, 0xE7, 0xC7, 0x53, 0x6A, 0x65, 0x46, 0xBC, 0xD1,
    0x05, 0x8C, 0x95, 0xE7, 0x5A, 0x8B, 0x20, 0x8E, 0xEB, 0x2C, 0xDE, 0xB5, 0x65, 0xBC, 0x20, 0x80,
    0x41, 0x10, 0x83, 0x40, 0xA6, 0x39, 0x20, 0x66, 0xEE, 0xB0, 0x16, 0xD0, 0xD6, 0x76, 0x65, 0x84,
    0xAD, 0x80, 0x55, 0x7F, 0xDC, 0xDC, 0x37, 0x92, 0xF2, 0x10, 0x51, 0x5B, 0xB7, 0x9A, 0x36, 0xB3,
    0x2D, 0x66, 0xE6, 0xAF, 0x6D, 0xA6, 0x41, 0xB5, 0x1F, 0xA8, 0x2D, 0xFE, 0x5A, 0x00, 0xB6, 0x08,
    0x3C, 0x85, 0x60, 0xCB, 0x01, 0x8E, 0xC7, 0xF9, 0x33, 0xBE, 0x1A, 0x86, 0x2D, 0x0E, 0xC3, 0xFB,
    0x87, 0xE1, 0xE5, 0x89, 0x3E, 0x19, 0x2C, 0xCD, 0x9D, 0xF7, 0xE5, 0x96, 0x7A, 0x5D, 0x4B, 0x5B,
    0x51, 0x80, 0x56, 0x40, 0x49, 0x6B, 0x2E, 0x72, 0x24, 0x51, 0x5B, 0x03, 0xC3, 0xDC, 0x1E, 0xB2,
    0x4A, 0xEC, 0x01, 0xD8, 0x1E, 0x1E, 0x8A, 0x3D, 0xF4, 0xBE, 0x3D, 0x74, 0x97, 0x6A, 0x0F, 0xE1,
    0x0A, 0xEE, 0x68, 0xC7, 0x0B, 0x3D, 0x86, 0x01, 0x77, 0xB3, 0x8E, 0x83, 0xC1, 0xFD, 0x58, 0x52,
    0xAC, 0xDB, 0xF0, 0xEA, 0x10, 0x5D, 0x9E, 0xFB, 0x7A, 0x41, 0x3A, 0x7B, 0x81, 0x7B, 0x7B, 0x8F,
    0xC0, 0x8F, 0xF6, 0x67, 0x9C, 0xBC, 0xDA, 0xE2, 0xE4, 0x33, 0xA8, 0xAF, 0x2F, 0xD7, 0xC9, 0x0F,
    0xE5, 0x16, 0x3C, 0x7F, 0x85, 0x7A, 0x1B, 0x8B, 0x87, 0x4D, 0x65, 0xB7, 0x79, 0x84, 0xD6, 0x7F,
    0x70, 0x96, 0xB7, 0x5F, 0x2F, 0xC4, 0xB9, 0x6B, 0x3E, 0xBA, 0xAD, 0xBC, 0x99, 0xD7, 0x35, 0xBA,
    0x3C, 0x69, 0x19, 0x99, 0xBD, 0x6D, 0xFC, 0x7C, 0xCD, 0xEA, 0x5D, 0x55, 0xCA, 0x93, 0x29, 0x8C,
    0x9F, 0x79, 0x15, 0x6E, 0x15, 0x60, 0x7D, 0x55, 0xB8, 0x31, 0x74, 0xAE, 0xA2, 0x86, 0x38, 0xD4,
    0x23, 0xC5, 0x38, 0x3A, 0x8F, 0x13, 0x01, 0x9C, 0xA4, 0x04, 0x98, 0x20, 0x3E, 0x91, 0xCB, 0xF5,
    0xB2, 0xFB, 0x20, 0x7D, 0x3F, 0x9C, 0xFD, 0xA4, 0xCB, 0x4C, 0x74, 0xFF, 0x40, 0x90, 0xC8, 0xA3,
    0xCB, 0xFF, 0x96, 0xA0, 0x23, 0xB1, 0xC5, 0x56, 0x02, 0x7F, 0xA8, 0x19, 0x6E, 0xF0, 0x89, 0xC6,
    0xBD, 0xBF, 0xEC, 0x9E, 0x0F, 0xDA, 0xA2, 0xD5, 0xC9, 0x60, 0xBD, 0xE1, 0xAD, 0xDF, 0x1C, 0xA7,
    0xB3, 0x0E, 0xE6, 0xB3, 0xBE, 0x75, 0xDE, 0x76, 0x50, 0x24, 0x74, 0x99, 0x08, 0x07, 0xD2, 0x69,
    0xD1, 0xC1, 0xA2, 0x03, 0x7D, 0xDE, 0x88, 0x06, 0x9A, 0x3C, 0xDA, 0x11, 0x6F, 0xEB, 0x0F, 0x9C,
    0xDF, 0xA1, 0x84, 0x74, 0x1B, 0x40, 0x79, 0xB9, 0x8D, 0x6C, 0x25, 0x5D, 0xD8, 0x6B, 0xB9, 0x7F,
    0x3A, 0xC9, 0x8A, 0xEB, 0xF2, 0x85, 0x2C, 0x7D, 0xB3, 0x14, 0xC5, 0x33, 0x96, 0x29, 0xFF, 0x8B,
    0xB4, 0x93, 0xFE, 0x55, 0x5A, 0x5C, 0xBE, 0x17, 0x71, 0x47, 0x7F, 0x86, 0x2A, 0xB5, 0x3D, 0xDD,
    0x52, 0xFA, 0xCF, 0x05, 0x8F, 0xFE, 0x02, 0xB4, 0x4C, 0x56, 0x96, 0x2C, 0x0B, 0xA9, 0xFA, 0xF3,
    0x75, 0x79, 0x15, 0x30, 0x6E, 0x59, 0xB6, 0x58, 0xCC, 0x9C, 0x55, 0xDF, 0xE5, 0xDB, 0xF9, 0xB5,
    0xFF, 0x1F, 0x7E, 0xF2, 0x18, 0xEA, 0x62, 0xCE, 0xEF, 0xBB, 0x8B, 0xF9, 0x25, 0x3F, 0xC8, 0x8F,
    0x67, 0x3A, 0xF2, 0xBE, 0x60, 0xB4, 0xE4, 0x16, 0x45, 0x54, 0xF6, 0x8A, 0xF9, 0xA1, 0x81, 0xE6,
    0x33, 0x7E, 0xD3, 0xEA, 0x4C, 0xE4, 0xE4, 0xA9, 0xC0, 0x2F, 0xE5, 0xC1, 0x7E, 0xF5, 0x5F, 0x6D,
    0x6B, 0xD4, 0x6D, 0xE1, 0x57, 0xF2, 0x27, 0xBD, 0xDF, 0x06, 0xE0, 0xFF, 0xDF, 0x69, 0xF6, 0xDE,
    0x18, 0x64, 0x9E, 0x81, 0x6C, 0x86, 0x73, 0x27, 0xE4, 0xD4, 0x9F, 0x61, 0x7B, 0x2F, 0x37, 0x7B,
    0x3F, 0xA2, 0x3F, 0xB8, 0xA8, 0x36, 0xBD, 0x72, 0x8E, 0x4E, 0xE2, 0xF2, 0x16, 0xF7, 0xC2, 0x71,
    0x13, 0x58, 0xC7, 0xCF, 0x86, 0x05, 0x55, 0x72, 0xC1, 0x1A, 0xE0, 0xDE, 0x1B, 0x43, 0xF6, 0x86,
    0xBB, 0xFC, 0x6A, 0xEE, 0x57, 0x0D, 0xDA, 0x9B, 0x17, 0x3C, 0x27, 0x7C, 0xF5, 0x48, 0xFF, 0x17,
    0xBD, 0x59, 0xBF, 0x8F, 0xE7, 0x46, 0x15, 0x7F, 0xB6, 0xEF, 0x30, 0x92, 0xA5, 0xF3, 0x15, 0x29,
    0x80, 0x43, 0xE7, 0x86, 0x86, 0x28, 0x39, 0x37, 0x29, 0x40, 0x6C, 0xBE, 0xE3, 0x70, 0x45, 0xCA,
    0x9C, 0x90, 0x02, 0x52, 0x28, 0x92, 0x82, 0x02, 0x89, 0x62, 0x29, 0xAE, 0x48, 0xB1, 0xB7, 0x36,
    0xF0, 0x0F, 0xA4, 0xA3, 0xA5, 0x43, 0x20, 0xA1, 0xA4, 0x38, 0xA1, 0x2B, 0x76, 0xCF, 0x73, 0x20,
    0xD1, 0xD0, 0x38, 0x4A, 0x07, 0x42, 0xB1, 0x44, 0xA4, 0x14, 0x57, 0x9C, 0x01, 0x0B, 0x9C, 0x8B,
    0xED, 0xE1, 0xF3, 0x79, 0xE3, 0xEF, 0x8F, 0xDD, 0xDB, 0xDD, 0x50, 0xEC, 0xE1, 0xF3, 0xBC, 0xEF,
    0xAC, 0xFD, 0xE6, 0xCD, 0x9B, 0xF7, 0xFB, 0xF9, 0xEE, 0x74, 0x17, 0x5D, 0xD7, 0xA5, 0xD8, 0x8B,
    0x6C, 0x9A, 0x4A, 0x34, 0x4A, 0xD0, 0x13, 0xA6, 0x4E, 0xF6, 0xFE, 0x65, 0xAF, 0x77, 0x85, 0x74,
    0x72, 0x09, 0x37, 0xAE, 0x56, 0xE4, 0x5D, 0x91, 0x9B, 0x52, 0xBB, 0xCA, 0xB9, 0xA2, 0xBB, 0x29,
    0xDD, 0xBB, 0xD2, 0xB5, 0x97, 0x43, 0xDE, 0xEF, 0x10, 0x5A, 0x49, 0x0A, 0x79, 0x59, 0xB8, 0x45,
    0xED, 0xEC, 0x4B, 0x91, 0x4D, 0x6E, 0xDB, 0xF0, 0x8F, 0x56, 0xA2, 0xCB, 0xB9, 0x8D, 0x1B, 0x70,
    0x97, 0xAE, 0xDF, 0x99, 0x38, 0x37, 0x96, 0x00, 0x03, 0x67, 0x4E, 0x4A, 0x85, 0x3A, 0x77, 0xEB,
    0x57, 0x7A, 0x0D, 0x67, 0x3D, 0x3B, 0x08, 0xDB, 0xFF, 0xF3, 0x9D, 0x61, 0xDB, 0x26, 0x07, 0xB0,
    0x72, 0xF2, 0x22, 0x53, 0x85, 0x02, 0x09, 0xE4, 0x30, 0xEC, 0x93, 0x2A, 0x93, 0x5C, 0x4C, 0x65,
    0x5A, 0xD3, 0xE5, 0x5D, 0xD2, 0x24, 0x6D, 0xD6, 0x67, 0x63, 0x3A, 0x86, 0x83, 0xF4, 0xD2, 0x85,
    0x4D, 0x56, 0x4D, 0x52, 0x48, 0xD8, 0xC7, 0x53, 0x3C, 0x47, 0xB3, 0xCC, 0xF2, 0xAA, 0xEC, 0x49,
    0x9F, 0x34, 0x2B, 0xB9, 0x2E, 0x71, 0x97, 0xF5, 0xA6, 0x37, 0x9D, 0xA9, 0xF6, 0xF0, 0xF0, 0x65,
    0x49, 0x8B, 0xA8, 0x93, 0x77, 0x40, 0xF7, 0x8A, 0x1C, 0xCA, 0x11, 0xD6, 0xB4, 0x49, 0x95, 0x4A,
    0x86, 0x25, 0x39, 0x86, 0xA9, 0x4A, 0x31, 0x6D, 0xDD, 0x98, 0xAE, 0x6C, 0xF3, 0xCE, 0xB4, 0x09,
    0x68, 0x27, 0x6D, 0x6A, 0x41, 0xA3, 0xCB, 0x46, 0xD3, 0xA7, 0x63, 0xD6, 0x87, 0x43, 0xDC, 0x49,
    0x1F, 0x76, 0xD8, 0xB9, 0x0D, 0x9B, 0xD8, 0x66, 0xD5, 0xBE, 0x4C, 0xC1, 0x00, 0x0E, 0x94, 0x87,
    0x36, 0x9E, 0xD2, 0x31, 0x9E, 0xD3, 0x31, 0x9A, 0x93, 0x51, 0xE6, 0x60, 0x04, 0xD9, 0x23, 0x6C,
    0x7D, 0x5F, 0xFA, 0x00, 0xBC, 0xDF, 0xB0, 0x2B, 0xB9, 0x07, 0xBE, 0xC8, 0x19, 0xA8, 0x93, 0xB3,
    0xBE, 0xEC, 0x4C, 0x87, 0x3D, 0xAB, 0x1A, 0x68, 0x0F, 0x74, 0xBC, 0x0C, 0x98, 0x16, 0xB9, 0x44,
    0xC0, 0x01, 0xB7, 0x15, 0x64, 0x02, 0xB9, 0x3C, 0xC4, 0x38, 0xC6, 0x18, 0x97, 0xD1, 0x8B, 0x37,
    0xB6, 0x4E, 0xBE, 0xF6, 0x5A, 0xF3, 0x16, 0x24, 0x39, 0x9B, 0xC7, 0x8F, 0xA7, 0xEB, 0x91, 0xBD,
    0x22, 0x58, 0x26, 0x29, 0x46, 0x0E, 0x43, 0x37, 0xF8, 0x35, 0x90, 0xB1, 0x01, 0x19, 0x23, 0x7E,
    0x1C, 0x62, 0xDC, 0xC3, 0x38, 0xC2, 0x78, 0x70, 0x82, 0x94, 0xFA, 0x46, 0xD0, 0xA8, 0x01, 0xD3,
    0xD2, 0x24, 0xC2, 0xB2, 0xA8, 0xC0, 0xDF, 0xAA, 0x9B, 0x80, 0x1B, 0x43, 0xF0, 0x00, 0x5C, 0x13,
    0x72, 0x41, 0xD4, 0x8A, 0x47, 0xFD, 0x66, 0x64, 0x7F, 0x4C, 0xED, 0x8D, 0x52, 0x3F, 0x7E, 0x7F,
    0x90, 0x3B, 0x69, 0xF1, 0x82, 0x48, 0x56, 0x89, 0xDF, 0x5B, 0x4A, 0xBB, 0xEC, 0x4E, 0xB7, 0x10,
    0x79, 0x89, 0xE0, 0x1B, 0x04, 0xAF, 0x10, 0xDC, 0x25, 0x20, 0xE1, 0x68, 0xDC, 0x00, 0x6E, 0x01,
    0x7D, 0xC9, 0xEA, 0x7B, 0x1F, 0xFE, 0x8E, 0x96, 0x3C, 0x8A, 0xF9, 0xF5, 0x5F, 0xF0, 0x26, 0x26,
    0xB9, 0x84, 0x20, 0x05, 0x67, 0x92, 0x11, 0xE4, 0x04, 0x86, 0xE0, 0x45, 0x8C, 0x78, 0x92, 0xDC,
    0xD9, 0xD2, 0x35, 0xB5, 0xEB, 0xDC, 0xFA, 0xC6, 0xBC, 0xA4, 0xC9, 0xD9, 0x78, 0x86, 0x02, 0x04,
    0x9A, 0x59, 0xA4, 0x33, 0x61, 0xB8, 0x06, 0x63, 0xE2, 0x2E, 0x18, 0x3D, 0x46, 0x21, 0xA6, 0xF7,
    0x14, 0x5F, 0x59, 0x0C, 0x33, 0x97, 0xDA, 0x3A, 0xEB, 0xAA, 0x15, 0x66, 0x32, 0xD4, 0x36, 0x9A,
    0x1D, 0x47, 0x15, 0x4D, 0x2B, 0x09, 0x06, 0x1C, 0xF4, 0x18, 0x02, 0x31, 0x4D, 0xE0, 0x24, 0x19,
    0xCB, 0x26, 0x74, 0x92, 0x8E, 0xC6, 0xF2, 0x67, 0x00, 0x73, 0x23, 0x4E, 0x92, 0x55, 0xC6, 0xD6,
    0xF8, 0x67, 0x10, 0x15, 0x2C, 0x0C, 0xFF, 0xB2, 0xE2, 0xCD, 0xE6, 0x76, 0x8C, 0x67, 0x97, 0x16,
    0x63, 0x36, 0x37, 0xA4, 0x76, 0xE6, 0x7D, 0x39, 0x4C, 0xDF, 0x11, 0x4F, 0xED, 0xA7, 0x22, 0x9B,
    0xFB, 0x79, 0xD0, 0x17, 0xD9, 0xDE, 0x97, 0x4B, 0x5F, 0x32, 0x18, 0x6E, 0xDC, 0x78, 0x2B, 0xA9,
    0x1D, 0xCC, 0xB2, 0xD2, 0x69, 0x34, 0xE4, 0x15, 0x6D, 0x85, 0x17, 0xE3, 0x88, 0xFA, 0x1C, 0xAD,
    0xD6, 0xC2, 0x39, 0x87, 0xC5, 0xA8, 0xAA, 0xB4, 0x09, 0x7D, 0xCE, 0x80, 0x73, 0xA4, 0x88, 0x28,
    0x9B, 0xB9, 0x5D, 0xC8, 0xC0, 0x5D, 0x53, 0x6B, 0x64, 0x3D, 0xCF, 0xAA, 0xA3, 0x65, 0x7E, 0x0C,
    0xF3, 0xEC, 0x13, 0x58, 0xEF, 0x7E, 0x0B, 0xD2, 0x65, 0xD4, 0x99, 0xF7, 0xAB, 0xF0, 0xE9, 0x08,
    0x9C, 0x29, 0xB1, 0x63, 0x62, 0x19, 0x03, 0xCD, 0xED, 0x21, 0xBB, 0xDD, 0xC5, 0x2D, 0x6C, 0x4F,
    0x32, 0xD7, 0xAC, 0xE2, 0x16, 0x68, 0xF0, 0x96, 0x70, 0x96, 0xA3, 0xD4, 0x46, 0xDD, 0xA1, 0x7A,
    0x4E, 0xD0, 0xA7, 0x36, 0xEE, 0x8E, 0x75, 0x1E, 0xB5, 0x79, 0x11, 0x77, 0xA3, 0x9A, 0x7E, 0x6A,
    0xF3, 0x22, 0x69, 0x47, 0x75, 0xDB, 0x9C, 0x3C, 0x7D, 0x38, 0xE8, 0x7C, 0xC5, 0xF9, 0xA3, 0x41,
    0x63, 0x12, 0xDF, 0x66, 0x98, 0x4F, 0x1A, 0x0F, 0x8C, 0x98, 0xD7, 0x06, 0x86, 0x09, 0xC8, 0x23,
    0x2F, 0x0E, 0x65, 0xA4, 0x17, 0xE3, 0xE8, 0xD9, 0xA3, 0x51, 0x8E, 0xD3, 0x96, 0x64, 0x24, 0x71,
    0xC0, 0x73, 0x95, 0xC6, 0xA0, 0x00, 0x8E, 0x96, 0x50, 0x16, 0xBB, 0x32, 0x3C, 0x29, 0xC6, 0x53,
    0x92, 0x3C, 0x25, 0xCC, 0x53, 0xF2, 0x3C, 0x25, 0xD2, 0x53, 0x52, 0x3D, 0x25, 0xD8, 0x53, 0xB2,
    0x3D, 0x25, 0xDE, 0x53, 0x12, 0x06, 0xA7, 0xBB, 0x42, 0x4E, 0x1F, 0xB7, 0x27, 0xE4, 0x1C, 0xF6,
    0xBB, 0xA2, 0x3E, 0x42, 0x40, 0xD8, 0x4A, 0xFB, 0xB5, 0x41, 0xC6, 0x1D, 0x81, 0x7F, 0xB7, 0x63,
    0x00, 0xDF, 0xC8, 0xFC, 0xB6, 0xFE, 0xB9, 0x11, 0xFB, 0xEB, 0x2D, 0xC5, 0xB7, 0x91, 0x7C, 0xD2,
    0xF0, 0xCF, 0x8D, 0xF0, 0x53, 0xCB, 0xF0, 0xBB, 0x91, 0x3F, 0x29, 0xEE, 0xA8, 0x80, 0x14, 0x77,
    0xB4, 0x90, 0x50, 0x30, 0x5B, 0x45, 0x20, 0xE3, 0xD8, 0x1D, 0x5D, 0x44, 0x5D, 0xB9, 0xAB, 0x8E,
    0x10, 0xF1, 0x75, 0x57, 0x23, 0x65, 0x83, 0x30, 0x1C, 0x21, 0xDD, 0x51, 0xDA, 0x69, 0x91, 0x69,
    0x5A, 0x8A, 0xC6, 0xB4, 0x8B, 0x86, 0xB4, 0x45, 0x62, 0xB5, 0x49, 0x0B, 0x49, 0x43, 0x78, 0x69,
    0xB1, 0x42, 0x0A, 0x3D, 0xC0, 0x7B, 0xA6, 0xAF, 0x4E, 0x71, 0x72, 0x4B, 0x2C, 0x53, 0x11, 0xCF,
    0x08, 0x31, 0x1F, 0xAA, 0xA0, 0x47, 0xC5, 0x1E, 0x88, 0x1F, 0x74, 0x5C, 0x11, 0xB6, 0x5C, 0x83,
    0x30, 0x63, 0x6C, 0x6E, 0x33, 0x9B, 0x42, 0x98, 0x71, 0x13, 0x35, 0x61, 0x1B, 0xB4, 0xC6, 0x3A,
    0xC9, 0x6D, 0x2D, 0xA4, 0xC0, 0xB5, 0x49, 0x03, 0x09, 0x35, 0x48, 0xE1, 0x18, 0x21, 0x12, 0x77,
    0xD0, 0x46, 0x08, 0xA8, 0x2E, 0x1A, 0x81, 0x14, 0x8C, 0xC4, 0x1A, 0x89, 0x36, 0x11, 0xEF, 0x1E,
    0x11, 0x5F, 0x25, 0xE6, 0x8A, 0xA8, 0x37, 0x89, 0x7B, 0x8D, 0x39, 0x67, 0x05, 0xD3, 0x42, 0xA0,
    0x2C, 0x82, 0xFF, 0xD8, 0xE8, 0xA3, 0x26, 0x7E, 0xD4, 0xA5, 0x55, 0x9F, 0xCA, 0xD1, 0x2D, 0xD9,
    0xDB, 0x93, 0x5B, 0x12, 0x54, 0x02, 0x53, 0xC9, 0xA8, 0x78, 0x88, 0x39, 0xE9, 0xB0, 0xBF, 0xD4,
    0x05, 0x6F, 0xA4, 0x30, 0x08, 0x0F, 0x89, 0x15, 0xE9, 0x0E, 0x9C, 0x23, 0xA1, 0xD3, 0xF1, 0x91,
    0x3C, 0x0F, 0x34, 0xA9, 0xC1, 0x71, 0x28, 0xDB, 0x8E, 0x6B, 0xB2, 0x96, 0xD8, 0x0F, 0x91, 0x13,
    0x24, 0x6A, 0x98, 0xA2, 0x34, 0xDF, 0xA9, 0x81, 0x7E, 0x5D, 0xC2, 0x49, 0x02, 0x30, 0x19, 0x4D,
    0x02, 0x43, 0xB1, 0xF8, 0x2B, 0xA3, 0xCA, 0x06, 0x64, 0x78, 0xAA, 0x99, 0x03, 0x4A, 0xC1, 0x13,
    0x92, 0xC3, 0xCD, 0x29, 0x93, 0xBF, 0x8C, 0x9A, 0x7A, 0xC5, 0xF0, 0xD5, 0x4A, 0xD2, 0x8F, 0x6D,
    0xDC, 0xD6, 0x45, 0x84, 0xE4, 0xD2, 0xD7, 0x15, 0x5E, 0xE1, 0xA7, 0x88, 0xF9, 0x17, 0x54, 0xF1,
    0xB1, 0x65, 0x4A, 0x2E, 0x89, 0x09, 0x82, 0xBA, 0x6E, 0xA1, 0xB2, 0xD0, 0xF4, 0x3B, 0x2C, 0xFB,
    0x2D, 0xBB, 0x2F, 0xBC, 0x2C, 0x9C, 0x7D, 0xD9, 0xF3, 0xB9, 0x70, 0x8D, 0x3A, 0x02, 0x27, 0xCB,
    0x1B, 0x00, 0x63, 0x79, 0x3A, 0x9B, 0x23, 0x5B, 0x56, 0x90, 0x4D, 0x59, 0xA0, 0xB4, 0x28, 0x79,
    0xDC, 0x9A, 0xF1, 0x62, 0x26, 0xE9, 0x89, 0x60, 0x64, 0x68, 0x18, 0x50, 0x60, 0xA0, 0x84, 0x1F,
    0x69, 0x91, 0x03, 0x01, 0xCA, 0xF9, 0x16, 0xC2, 0x8B, 0x1A, 0x02, 0x0B, 0xD5, 0xC7, 0x16, 0x12,
    0x0A, 0x24, 0x28, 0x76, 0xEA, 0xBF, 0xBC, 0x80, 0x89, 0x96, 0xD6, 0xB4, 0x48, 0xB7, 0x04, 0xD0,
    0x31, 0x4E, 0xCC, 0xC8, 0xB4, 0x3F, 0x4B, 0xE4, 0x5C, 0x9B, 0xF6, 0xC9, 0x80, 0xC4, 0x3A, 0x9A,
    0x22, 0x98, 0x20, 0xFA, 0x39, 0xCB, 0x9A, 0x59, 0xF2, 0x47, 0x48, 0xDE, 0x3F, 0x1F, 0x19, 0xEF,
    0xE0, 0x24, 0x9D, 0x1C, 0x92, 0xB1, 0x19, 0xCA, 0x86, 0x14, 0xE6, 0xE5, 0x1C, 0x4B, 0x99, 0x13,
    0xB0, 0x60, 0xD9, 0xD9, 0x91, 0xD5, 0x52, 0x8E, 0xE7, 0x86, 0xA3, 0xF5, 0x25, 0x8B, 0x59, 0x17,
    0xCA, 0xFD, 0xB7, 0x14, 0x27, 0x2E, 0xB4, 0x5E, 0x41, 0xCF, 0xA0, 0x25, 0x07, 0x14, 0xAF, 0x65,
    0x4F, 0x02, 0xE0, 0xDE, 0x93, 0x2F, 0xC1, 0x65, 0x84, 0x05, 0x2D, 0x77, 0x90, 0x7D, 0xF7, 0x99,
    0xE2, 0xDE, 0x70, 0x33, 0x71, 0x63, 0x3C, 0x27, 0x07, 0xE5, 0x27, 0x12, 0xEC, 0x37, 0xBE, 0xAA,
    0x81, 0x54, 0x3C, 0x1D, 0xD6, 0xAA, 0x1A, 0xC2, 0x68, 0x4D, 0xB2, 0x94, 0x59, 0xB9, 0x2C, 0xD5,
    0x89, 0x16, 0x68, 0xB2, 0xAD, 0xB4, 0x18, 0x1E, 0x13, 0xBB, 0xAE, 0x7B, 0xCE, 0x45, 0x23, 0xD0,
    0x98, 0x9A, 0xF2, 0x45, 0xBE, 0x22, 0x5A, 0x46, 0x34, 0xC6, 0xBD, 0x1E, 0x06, 0x1E, 0x76, 0xE0,
    0x5E, 0xB5, 0x00, 0x6A, 0x03, 0xA9, 0x1D, 0x90, 0xDA, 0x8A, 0xD4, 0x32, 0x52, 0xF3, 0x01, 0xF2,
    0xFA, 0x36, 0x66, 0x7A, 0xE6, 0x8A, 0x95, 0x9F, 0xC4, 0xCD, 0xC1, 0x12, 0x79, 0xFB, 0x65, 0x12,
    0x4E, 0x77, 0x6F, 0x78, 0x91, 0xE6, 0xBF, 0x77, 0x3E, 0xBA, 0xC6, 0x4B, 0x69, 0x9F, 0xBB, 0x69,
    0x79, 0x33, 0xB9, 0x65, 0xF2, 0xB3, 0xBF, 0xAA, 0xA0, 0xE4, 0x4A, 0xF4, 0x87, 0x79, 0x09, 0xF0,
    0xF6, 0x78, 0x51, 0x86, 0x7D, 0x69, 0x1D, 0xD4, 0xFD, 0xEF, 0x27, 0xF0, 0xC9, 0x6B, 0xC5, 0x52,
    0xF3, 0xE2, 0x61, 0x4A, 0x55, 0xC2, 0x6B, 0xE1, 0x9A, 0x08, 0x75, 0x63, 0x0A, 0x8E, 0xBB, 0xF6,
    0x6A, 0xE0, 0xAE, 0xC9, 0x9D, 0x70, 0xFA, 0xF0, 0xA1, 0xE4, 0x7F, 0xBB, 0xD1, 0x4A, 0xFE, 0xC4,
    0x49, 0x38, 0xBB, 0xEE, 0xEA, 0xBE, 0xFB, 0x8D, 0x7C, 0xDF, 0x3D, 0x7D, 0xAF, 0x86, 0x6A, 0x12,
    0xB6, 0x14, 0xF5, 0x47, 0x75, 0x91, 0x4C, 0xDF, 0xE9, 0xE5, 0x6E, 0xFC, 0x46, 0x17, 0x17, 0x77,
    0x99, 0x66, 0x6E, 0x83, 0x74, 0x0F, 0x7B, 0x49, 0x0B, 0xB0, 0xD5, 0x43, 0x1A, 0x79, 0x71, 0x1D,
    0x05, 0x6E, 0xE0, 0x45, 0xBC, 0x93, 0x4A, 0xA8, 0xE4, 0x39, 0x73, 0x53, 0xEE, 0x46, 0xA3, 0x77,
    0xE9, 0xD4, 0x3F, 0xD4, 0x16, 0xBC, 0x66, 0x18, 0x3C, 0xD6, 0x6A, 0xF1, 0xCE, 0xE3, 0xD7, 0xAB,
    0xEE, 0x16, 0xB9, 0xFA, 0x44, 0x76, 0xEF, 0x34, 0x8A, 0x4F, 0x52, 0xDE, 0x2E, 0xBC, 0xC4, 0x7D,
    0x26, 0xEA, 0x9F, 0xD9, 0x42, 0x51, 0x56, 0x5B, 0x94, 0xA0, 0xDB, 0xA2, 0x78, 0xB9, 0xE5, 0x3B,
    0x5C, 0xC0, 0x69, 0xE8, 0x38, 0x13, 0x5D, 0x5B, 0x62, 0x50, 0x43, 0x8C, 0x62, 0xA8, 0x12, 0xA6,
    0x63, 0xB6, 0x09, 0x8C, 0x09, 0xB9, 0xDD, 0xB6, 0x09, 0x65, 0xE1, 0x3B, 0x0E, 0x04, 0x4A, 0xF5,
    0x1D, 0xD4, 0xC4, 0x01, 0x48, 0x30, 0x60, 0x84, 0xCC, 0x54, 0x83, 0x1F, 0x24, 0xC5, 0x20, 0x93,
    0xEC, 0x92, 0x6A, 0x3C, 0xA9, 0x7C, 0xDD, 0x71, 0x54, 0x9A, 0x48, 0x58, 0xF0, 0xB2, 0x15, 0xDE,
    0xF2, 0x22, 0xF1, 0xE8, 0xCB, 0xFC, 0x5D, 0x6A, 0x27, 0x18, 0x6B, 0xB7, 0xD4, 0xCC, 0x96, 0x5A,
    0x0D, 0x1D, 0x82, 0x1F, 0x30, 0xB5, 0x30, 0x87, 0x11, 0x4C, 0x0B, 0x63, 0x17, 0x90, 0x53, 0x52,
    0x64, 0x04, 0x61, 0x61, 0xCD, 0x0B, 0xE2, 0x09, 0x5C, 0xB7, 0xD5, 0xA0, 0x82, 0xA7, 0xB3, 0x30,
    0xB2, 0xA0, 0x7C, 0x77, 0x05, 0xC3, 0x0B, 0xA8, 0x19, 0xCB, 0x18, 0x03, 0x8F, 0xCD, 0x1A, 0x06,
    0x1A, 0x38, 0x56, 0xDA, 0x40, 0xBF, 0x33, 0x22, 0x17, 0xE9, 0x71, 0x5F, 0x9D, 0x70, 0x73, 0x65,
    0x94, 0x3B, 0x4B, 0x59, 0xF9, 0x6D, 0x95, 0x45, 0xB2, 0xCE, 0xA3, 0x86, 0xE4, 0x35, 0x5F, 0x7A,
    0xB2, 0x70, 0x61, 0x5C, 0x39, 0xD3, 0xAE, 0x2B, 0x95, 0x65, 0x92, 0xAD, 0xD5, 0x79, 0x8B, 0x76,
    0xD1, 0x2E, 0xDD, 0x92, 0x06, 0xC8, 0x17, 0xE4, 0xAC, 0x8B, 0xD1, 0x4B, 0xAD, 0x80, 0x21, 0x4C,
    0x09, 0x33, 0x8E, 0x45, 0x3A, 0xC1, 0xF2, 0x48, 0x79, 0x04, 0x47, 0x81, 0x5A, 0x1A, 0x8F, 0x5C,
    0x57, 0x7A, 0xE0, 0xBA, 0xE0, 0x71, 0xC1, 0x24, 0x0F, 0xCB, 0x1F, 0x1C, 0x15, 0x4C, 0xF1, 0xA0,
    0x98, 0xF0, 0x98, 0x9A, 0x3A, 0x82, 0x49, 0x4F, 0x07, 0x79, 0x68, 0x77, 0x36, 0x68, 0xFC, 0x42,
    0x11, 0xD0, 0xE9, 0xE1, 0x22, 0xBF, 0x69, 0xEC, 0x0F, 0x46, 0xF3, 0x9C, 0xBD, 0x95, 0x76, 0xDE,
    0xD8, 0x3B, 0x35, 0x68, 0x1E, 0x28, 0xF5, 0xC7, 0xC9, 0xFC, 0x61, 0xAE, 0x9C, 0x75, 0x8C, 0x63,
    0x3D, 0x04, 0x14, 0xC0, 0x23, 0x84, 0x4E, 0x0F, 0xC0, 0x13, 0x91, 0x7D, 0x95, 0x30, 0x1C, 0x9B,
    0x21, 0x35, 0x47, 0x73, 0xE5, 0x18, 0xAC, 0x6D, 0x32, 0x50, 0xB6, 0x48, 0x4A, 0x0D, 0xF7, 0xD5,
    0x94, 0xE4, 0x68, 0xBF, 0x39, 0x13, 0x12, 0x6C, 0x18, 0x7B, 0xD7, 0xDE, 0x8E, 0xF9, 0x5C, 0x63,
    0xCD, 0xCC, 0x0C, 0xE5, 0x55, 0xA6, 0x99, 0xB1, 0xF7, 0x3E, 0x08, 0xD5, 0x20, 0x28, 0xEB, 0xE6,
    0xF4, 0xC6, 0xAC, 0xF7, 0xBF, 0x65, 0xE1, 0xFD, 0xEA, 0xC1, 0xE2, 0xC2, 0xF7, 0x97, 0x5E, 0xB7,
    0x5F, 0xFC, 0x55, 0x73, 0xAC, 0xC8, 0x12, 0xBD, 0x4F, 0x5E, 0x48, 0x59, 0x71, 0xEB, 0x1B, 0xDF,
    0x94, 0xF8, 0x30, 0xBD, 0x4C, 0x7F, 0x51, 0x4A, 0x74, 0xDE, 0x81, 0x55, 0x79, 0xDF, 0x16, 0xB9,
    0x5A, 0x31, 0xD7, 0x58, 0x05, 0xCC, 0x23, 0x68, 0x1B, 0xE7, 0xB7, 0x37, 0x0D, 0xAE, 0xEF, 0x72,
    0x37, 0x6E, 0xBD, 0xDA, 0xB8, 0xB6, 0x86, 0x90, 0x83, 0x4D, 0x18, 0x18, 0xD6, 0xD1, 0x22, 0xE8,
    0xD7, 0x56, 0xB4, 0xD3, 0xA1, 0x37, 0xB2, 0x14, 0xD8, 0x1A, 0x44, 0x7C, 0x1A, 0x39, 0xD5, 0x43,
    0x2F, 0x91, 0xA7, 0xE6, 0xA7, 0x19, 0xA4, 0x31, 0xA4, 0x40, 0x10, 0xC8, 0xE8, 0xAD, 0x80, 0x6E,
    0x17, 0x16, 0xE7, 0xC0, 0x1D, 0x9C, 0x59, 0xE1, 0xA8, 0x90, 0x9D, 0x52, 0xF6, 0x26, 0x4D, 0x5C,
    0x8F, 0xF1, 0x1C, 0x60, 0xA0, 0x90, 0xE5, 0x26, 0x73, 0x7E, 0x36, 0xAF, 0x61, 0xC8, 0xEC, 0x9B,
    0x02, 0x7C, 0x66, 0x1C, 0x1B, 0x70, 0x00, 0x9C, 0xEF, 0x22, 0x60, 0xD6, 0xA0, 0xD2, 0x65, 0x4A,
    0x80, 0x12, 0xA9, 0x28, 0x90, 0x8E, 0xF2, 0x18, 0x02, 0x3D, 0x98, 0x4A, 0x46, 0x0F, 0xFA, 0x2C,
    0x98, 0x14, 0x45, 0x91, 0x75, 0x59, 0xAD, 0xDF, 0xB3, 0xE4, 0x47, 0xBE, 0xC7, 0x90, 0xA8, 0x60,
    0x92, 0x6D, 0x08, 0xFA, 0xFB, 0xA8, 0x7F, 0xA6, 0x0F, 0xF6, 0x21, 0xFE, 0xCF, 0x81, 0xF2, 0x43,
    0x14, 0x0D, 0x86, 0x59, 0xC5, 0xFC, 0xFB, 0x49, 0x25, 0xAB, 0xE8, 0xCF, 0x50, 0xA5, 0x66, 0xC9,
    0xC4, 0x12, 0xDB, 0xBE, 0xB0, 0xCD, 0x8C, 0x30, 0xE0, 0x68, 0x8E, 0x5C, 0x34, 0x07, 0xC3, 0x59,
    0x81, 0x21, 0xB8, 0x93, 0xF6, 0xF9, 0x60, 0x06, 0x83, 0xEE, 0x64, 0x0F, 0xA5, 0x6F, 0x0A, 0xED,
    0xAB, 0x4D, 0x04, 0xB5, 0x3A, 0x11, 0xAB, 0x15, 0xD4, 0xFA, 0xB0, 0x78, 0x2D, 0x37, 0x1B, 0x7A,
    0x59, 0xD8, 0xA9, 0x71, 0x1D, 0x1D, 0x6D, 0x13, 0xCC, 0xA5, 0x5D, 0x0F, 0x94, 0xA6, 0xA7, 0xAF,
    0x7B, 0xF5, 0x7E, 0xDF, 0x60, 0x26, 0x0F, 0xE4, 0x67, 0x58, 0xF3, 0xA6, 0x2E, 0xA5, 0x75, 0xCC,
    0x57, 0xF4, 0xFB, 0x0F, 0x0D, 0xB8, 0xFE, 0x05, 0x8E, 0x9D, 0xFD, 0xBD, 0x7A, 0x20, 0xC1, 0xE7,
    0x6F, 0xB3, 0x23, 0x72, 0x63, 0xE0, 0x1C, 0x6A, 0x2A, 0xF7, 0x04, 0xEB, 0x3E, 0xBB, 0x06, 0x4F,
    0x2D, 0x6E, 0xD2, 0xAF, 0x56, 0x24, 0xFB, 0xAA, 0x58, 0xFF, 0xB5, 0x4C, 0xAE, 0x6E, 0x18, 0x18,
    0x18, 0x76, 0x06, 0x46, 0x22, 0x7E, 0xD8, 0x79, 0xC4, 0x98, 0xF4, 0x8F, 0xF6, 0xAB, 0x12, 0xCC,
    0x7F, 0x9A, 0xB5, 0x7A, 0x93, 0xB7, 0xEA, 0xA7, 0x6F, 0x8A, 0xB2, 0x51, 0xBF, 0x8E, 0x20, 0xFE,
    0x4E, 0xF2, 0x06, 0x7B, 0x57, 0xC6, 0xBD, 0x4C, 0x3E, 0x58, 0x72, 0xF2, 0x0D, 0xF5, 0x9D, 0x5B,
    0x59, 0xBB, 0x97, 0x75, 0x07, 0x59, 0x7B, 0x3F, 0x41, 0x15, 0xA2, 0x25, 0x2D, 0xC3, 0x42, 0x5C,
    0xD1, 0x9B, 0x52, 0x0D, 0xDE, 0x70, 0xD0, 0x3D, 0x3D, 0x74, 0xCF, 0xF7, 0x21, 0xEB, 0x2D, 0x46,
    0x8C, 0xA4, 0xE2, 0xFB, 0x2C, 0x6E, 0x6E, 0xA5, 0xDD, 0x5E, 0xDA, 0x1D, 0xA4, 0xDD, 0xFD, 0xB8,
    0x41, 0xAF, 0x11, 0xD9, 0xD4, 0x15, 0x91, 0xCD, 0xD1, 0xFE, 0xD8, 0x3D, 0x7E, 0xF4, 0xDC, 0x93,
    0x63, 0x36, 0x55, 0xF9, 0x0C, 0x1A, 0xF1, 0x70, 0x6E, 0x39, 0x19, 0x7E, 0x51, 0x39, 0xB9, 0x89,
    0x05, 0xD1, 0xA3, 0x6E, 0x0F, 0x05, 0x6B, 0x37, 0x63, 0xCD, 0x3F, 0x41, 0xF0, 0xE8, 0x53, 0xE6,
    0xEB, 0x27, 0xB0, 0xC7, 0x1F, 0x4C, 0x3F, 0xB1, 0xFC, 0xE0, 0x6A, 0x0F, 0x7F, 0x89, 0x19, 0x44,
    0xC1, 0xA8, 0xF2, 0x69, 0xE3, 0xF1, 0x74, 0x85, 0xAE, 0xF5, 0x11, 0x25, 0xF0, 0xA5, 0x9B, 0xFF,
    0xAE, 0xD7, 0x2C, 0x59, 0xC6, 0xCF, 0xB2, 0xEA, 0xD9, 0x08, 0xB8, 0x7C, 0xF7, 0xDB, 0x82, 0xBC,
    0x38, 0xD3, 0x3A, 0xCE, 0xA6, 0xE7, 0x5B, 0xC9, 0x5A, 0x7C, 0x33, 0x39, 0x8B, 0x6F, 0x27, 0x47,
    0xDF, 0x50, 0xC2, 0xEC, 0xB5, 0xA5, 0x44, 0x8C, 0xD3, 0xA6, 0x12, 0x56, 0xA2, 0x6D, 0x25, 0x14,
    0xA1, 0x8D, 0x25, 0xB4, 0xA1, 0xAD, 0x65, 0xBA, 0x2D, 0xA8, 0x6A, 0x75, 0x1D, 0x5F, 0x97, 0xFA,
    0xB9, 0x39, 0x93, 0x1B, 0x32, 0x69, 0x14, 0xA3, 0xAE, 0x08, 0x9D, 0x55, 0x58, 0xF9, 0xE7, 0x67,
    0x5D, 0x17, 0xD1, 0xE7, 0xAA, 0xBC, 0xE0, 0xE9, 0x6B, 0xBB, 0x0B, 0xFD, 0xF3, 0xF3, 0xF6, 0x5F,
    0xE4, 0xB5, 0xD0, 0xF1, 0xF3, 0xF3, 0xB1, 0xCF, 0xA7, 0xCF, 0x37, 0x7C, 0x72, 0x8E, 0xE0, 0x4F,
    0x51, 0xDA, 0xE2, 0x1E, 0xEA, 0x13, 0x5F, 0xCC, 0xEF, 0xC2, 0xC3, 0x2F, 0xA4, 0x52, 0x2A, 0x16,
    0xB1, 0x5D, 0xA1, 0xB0, 0xF2, 0x73, 0xF3, 0x3F, 0xAD, 0xDE, 0xBD, 0x2E, 0xE2, 0x21, 0x2B, 0x52,
    0xF0, 0x6B, 0xA0, 0x5E, 0x94, 0x69, 0x80, 0xA5, 0xF5, 0x73, 0xFF, 0x7C, 0x29, 0xA9, 0xCE, 0x81,
    0xFA, 0x5F, 0x20, 0xD6, 0xC3, 0xF3, 0x70, 0x2E, 0xA6, 0x9F, 0xA3, 0x2D, 0x2D, 0x1B, 0x74, 0xC2,
    0x3B, 0x36, 0x7F, 0xD6, 0xB3, 0x93, 0xCF, 0x4B, 0x95, 0x85, 0xAB, 0x8C, 0x4A, 0x69, 0x3B, 0x97,
    0x0B, 0xFF, 0x7E, 0xF6, 0x6B, 0xE5, 0xF3, 0xF9, 0xFE, 0xBA, 0xBD, 0x2F, 0x97, 0xFE, 0x8B, 0xBF,
    0x45, 0xDE, 0x45, 0x5D, 0x53, 0xA4, 0x8E, 0x5F, 0xE6, 0x59, 0xA6, 0x5F, 0xEE, 0x77, 0x6F, 0x5C,
    0xBF, 0xE2, 0x04, 0x71, 0x14, 0xF4, 0xB1, 0x0B, 0xF6, 0xC2, 0x8E, 0x2F, 0x3E, 0xAD, 0x2E, 0x8B,
    0x3E, 0xA2, 0x1E, 0x28, 0xDF, 0x4C, 0xF8, 0x7F, 0x93, 0x59, 0x5A, 0xC4, 0xD3, 0x65, 0xF2, 0x5F,
    0xEA, 0xFD, 0xFC, 0xF4, 0xFB, 0x5F, 0x85, 0x56, 0xBF, 0x8F, 0xDC, 0x44, 0x14, 0xFE, 0x3C, 0x46,
    0x31, 0xD1, 0x48, 0x98, 0x82, 0x06, 0x4E, 0x62, 0x28, 0x28, 0xC3, 0xB9, 0xA1, 0x08, 0xD2, 0xDE,
    0x7A, 0x52, 0xA5, 0x84, 0x1A, 0x0A, 0x52, 0x50, 0xD1, 0x84, 0x82, 0x22, 0xC5, 0xDE, 0x79, 0xD2,
    0x40, 0x9B, 0x3F, 0xE2, 0x0A, 0x38, 0x0A, 0xAE, 0x48, 0xB1, 0xA0, 0xCD, 0x7A, 0x48, 0x8B, 0x22,
    0x39, 0x0D, 0xB4, 0x8E, 0x04, 0xA2, 0xCC, 0x20, 0x39, 0x8A, 0x2F, 0xF1, 0xDA, 0x7C, 0xCF, 0xDE,
    0x55, 0x2E, 0xBF, 0x84, 0xED, 0xE7, 0xB5, 0xC7, 0xF6, 0x9B, 0xF7, 0xBE, 0xF7, 0x7D, 0x6F, 0x16,
    0xEA, 0x18, 0xC8, 0x06, 0x87, 0x4D, 0x5A, 0xC5, 0x21, 0x09, 0x49, 0x1D, 0x87, 0xD4, 0xC7, 0x8D,
    0xA1, 0x65, 0x2E, 0x09, 0xB9, 0x98, 0xD5, 0xB4, 0xB4, 0xA6, 0xF9, 0xDC, 0x1A, 0x97, 0xDB, 0x1C,
    0xC6, 0xDF, 0x81, 0x7E, 0xDA, 0x20, 0xE2, 0xA7, 0x11, 0xBF, 0x89, 0x2A, 0x70, 0x2B, 0x7C, 0xEA,
    0xB8, 0xDB, 0x14, 0x06, 0xFB, 0x38, 0xC0, 0x8C, 0xFB, 0xC1, 0xB5, 0xCC, 0x01, 0xA9, 0x07, 0x72,
    0x1A, 0x5F, 0x8F, 0x1F, 0x3A, 0xA4, 0xB9, 0xC5, 0x2C, 0x07, 0x42, 0x01, 0xE5, 0xD7, 0xD0, 0x76,
    0x83, 0xEC, 0xA4, 0x3F, 0xCE, 0x87, 0xA1, 0x85, 0xEA, 0x80, 0xB8, 0xA5, 0x35, 0xC0, 0xCF, 0xBD,
    0xC5, 0x30, 0x58, 0x8C, 0xCE, 0x87, 0xC0, 0xEB, 0x1A, 0x15, 0xAA, 0xC8, 0xC3, 0x29, 0x7A, 0x8B,
    0xE9, 0x39, 0x29, 0x5B, 0xE8, 0x27, 0x03, 0x5F, 0xC8, 0x79, 0x97, 0x71, 0xD4, 0xF8, 0x4B, 0xB4,
    0x03, 0x64, 0x2E, 0x47, 0x81, 0xEC, 0x69, 0x87, 0x0B, 0xC3, 0x2D, 0xE0, 0x02, 0x33, 0xCD, 0x07,
    0x44, 0x1B, 0xE3, 0x98, 0xA3, 0x4D, 0xAB, 0x8B, 0x7C, 0x8B, 0x43, 0x9F, 0xDF, 0xE2, 0x70, 0x8B,
    0xE2, 0xE6, 0x06, 0x25, 0xD6, 0xDC, 0xA7, 0xF3, 0x1A, 0x3D, 0x8E, 0xD0, 0x21, 0x57, 0x2D, 0xCC,
    0xC3, 0x1A, 0xAA, 0x9F, 0xC2, 0xC8, 0x86, 0xC1, 0x31, 0x4E, 0x7B, 0x19, 0x29, 0xBE, 0x61, 0x8E,
    0xC0, 0x92, 0x16, 0x18, 0x0C, 0x21, 0xD0, 0x92, 0x2A, 0x6F, 0xB7, 0xC3, 0xD1, 0x6E, 0x58, 0xA2,
    0xE2, 0xD0, 0xBB, 0xE2, 0xE0, 0xC2, 0x8F, 0x92, 0x8B, 0x47, 0xAF, 0x83, 0x6A, 0xE3, 0x10, 0x37,
    0xB4, 0x36, 0xAE, 0xD5, 0x26, 0x75, 0x18, 0x7E, 0x61, 0x40, 0x1D, 0x14, 0xF3, 0x31, 0xBE, 0x20,
    0xD2, 0x99, 0xCF, 0x89, 0x9D, 0xE0, 0x9D, 0xF3, 0x2E, 0x7D, 0xB2, 0x81, 0x22, 0x04, 0x78, 0x8F,
    0xF9, 0x0C, 0x1B, 0x42, 0x54, 0x20, 0xAD, 0x33, 0x67, 0xFC, 0xB4, 0x67, 0xA3, 0x65, 0x3E, 0xAD,
    0x0A, 0xA7, 0x9F, 0x0E, 0x36, 0xEA, 0x0B, 0x4E, 0xB8, 0xA6, 0x75, 0x98, 0x31, 0x8F, 0xC3, 0x24,
    0x20, 0x2F, 0x3D, 0xF4, 0x86, 0x43, 0x97, 0x5E, 0xB6, 0x81, 0x79, 0x9D, 0xAC, 0x4F, 0xEC, 0xEB,
    0x9E, 0x49, 0xF8, 0x27, 0x27, 0x27, 0x76, 0x77, 0x7D, 0x7E, 0x3B, 0x3F, 0xCE, 0xBC, 0x4D, 0x4D,
    0x1C, 0x59, 0x4A, 0xCE, 0x98, 0x56, 0x52, 0x16, 0x56, 0x9C, 0xC1, 0x94, 0x63, 0x38, 0x9B, 0x73,
    0x07, 0x6F, 0x39, 0x4E, 0x2E, 0x18, 0x07, 0x5D, 0x41, 0x11, 0xB2, 0x6B, 0xA3, 0xC3, 0x8F, 0x88,
    0xB5, 0x95, 0xA1, 0x38, 0x08, 0x17, 0x18, 0x7E, 0xD4, 0x49, 0x22, 0xD3, 0x11, 0x8D, 0x07, 0x07,
    0xF9, 0x48, 0xE6, 0xA8, 0xA5, 0x98, 0x9C, 0x63, 0x83, 0xA4, 0x61, 0xE5, 0x71, 0x19, 0xF8, 0xFA,
    0xE6, 0x31, 0xCC, 0xEF, 0x1B, 0xA4, 0x3F, 0xCC, 0xF9, 0x7C, 0x9F, 0x38, 0x1E, 0xC0, 0xD8, 0x19,
    0x32, 0x2C, 0x30, 0xC7, 0x8A, 0x45, 0x5A, 0x92, 0x9F, 0x0D, 0xEF, 0x1A, 0x5E, 0xF5, 0xBE, 0x61,
    0xBD, 0xB1, 0x77, 0x06, 0xDC, 0xC9, 0x9C, 0xA2, 0x0A, 0x92, 0x4A, 0xD7, 0xA9, 0xD7, 0xC1, 0x38,
    0xBD, 0xD5, 0x80, 0x0E, 0x82, 0x37, 0xAD, 0x2A, 0xE9, 0xAD, 0x94, 0x1A, 0x31, 0xC6, 0x9C, 0xDE,
    0x72, 0xDB, 0x21, 0xFD, 0x63, 0xC7, 0x92, 0x15, 0x92, 0x36, 0x2A, 0x1B, 0xFD, 0x38, 0x44, 0x57,
    0x03, 0xF4, 0x18, 0x1E, 0x51, 0xA0, 0x08, 0x18, 0xA4, 0x60, 0xE1, 0x24, 0xD4, 0x5C, 0x32, 0x8F,
    0x06, 0x9B, 0x0F, 0x1D, 0xF6, 0x7A, 0x22, 0xF1, 0x65, 0x15, 0x75, 0x49, 0x88, 0x48, 0x08, 0x9C,
    0x32, 0x27, 0xC9, 0x4B, 0x3E, 0x13, 0x64, 0xE4, 0x65, 0x88, 0x28, 0x58, 0xFC, 0x94, 0x53, 0x1C,
    0xC2, 0x45, 0x41, 0x79, 0x5D, 0x25, 0x8E, 0x84, 0xA4, 0x0B, 0x0A, 0x20, 0xEB, 0x85, 0xDC, 0x14,
    0xAE, 0xA6, 0x20, 0x39, 0xE9, 0x67, 0x9C, 0x75, 0xA4, 0x38, 0x21, 0xCE, 0x79, 0x19, 0x49, 0xD5,
    0x0B, 0xBB, 0x13, 0x0A, 0x81, 0x70, 0x0B, 0xC6, 0x71, 0xC8, 0x28, 0xF2, 0xEF, 0x5A, 0x24, 0xD4,
    0xE6, 0x24, 0xA0, 0xC2, 0x49, 0x58, 0x88, 0xE9, 0x33, 0x65, 0x6D, 0x66, 0xB4, 0xDB, 0x6B, 0xA8,
    0x8A, 0xD8, 0xBA, 0x0E, 0xEF, 0x13, 0xF7, 0xF9, 0x4F, 0xFD, 0x71, 0x31, 0x0C, 0x63, 0x61, 0xA4,
    0x3E, 0x63, 0xA8, 0x46, 0xDA, 0xC1, 0x80, 0x51, 0xA4, 0xC3, 0x50, 0x45, 0x95, 0xF2, 0xCA, 0x47,
    0x5E, 0x44, 0x1A, 0x73, 0xD6, 0x84, 0xDE, 0xD3, 0xB2, 0xC1, 0x5B, 0x57, 0x7A, 0x11, 0xEB, 0x36,
    0x8E, 0xDC, 0xCD, 0x78, 0xBD, 0x62, 0x7E, 0x22, 0x39, 0x89, 0x43, 0x8B, 0x58, 0x35, 0xCB, 0xB0,
    0xCE, 0xAC, 0x6A, 0x52, 0x36, 0xA0, 0x73, 0x62, 0x95, 0xAF, 0xCA, 0x1A, 0xC5, 0xFD, 0x8E, 0x54,
    0xEA, 0xB7, 0x62, 0x9D, 0x04, 0x7B, 0xC4, 0xDA, 0xE7, 0x11, 0xC5, 0xFA, 0xFD, 0x33, 0xB1, 0xE6,
    0x5B, 0x6C, 0xBE, 0x65, 0x3B, 0x3A, 0x65, 0xB1, 0x2D, 0x4B, 0x0D, 0x45, 0x2C, 0x62, 0x3F, 0xE1,
    0x28, 0xAA, 0x9C, 0xBD, 0x20, 0x56, 0x37, 0x0D, 0x8B, 0x86, 0x61, 0x18, 0x6B, 0x2F, 0x98, 0x4A,
    0x63, 0x4C, 0xA6, 0x06, 0xD9, 0xB2, 0x41, 0x8A, 0xB0, 0x06, 0xFA, 0x2A, 0x3B, 0xE8, 0xC7, 0x03,
    0x91, 0x2C, 0x2D, 0x51, 0x74, 0x6B, 0x5E, 0xAD, 0x47, 0x4A, 0x50, 0xB2, 0xF7, 0xB7, 0x8D, 0x87,
    0xF1, 0xC6, 0x8F, 0x48, 0x0F, 0x3F, 0x1F, 0x5B, 0x12, 0xDB, 0xE7, 0xB9, 0xBD, 0x80, 0xF9, 0x6D,
    0x20, 0xF6, 0xD2, 0xC0, 0x58, 0x1F, 0x62, 0xFB, 0x21, 0x49, 0x2D, 0x14, 0xE8, 0x58, 0xFA, 0xB2,
    0xB4, 0x30, 0x2D, 0xA6, 0xA6, 0xF2, 0x0A, 0x63, 0x6E, 0xFE, 0x75, 0xCF, 0xB6, 0xF9, 0xFB, 0xF3,
    0xBF, 0x2F, 0x6E, 0xCF, 0xC6, 0xDF, 0x90, 0xA9, 0x49, 0x1A, 0xD6, 0xA4, 0xDF, 0xE9, 0xB6, 0xDE,
    0x31, 0x76, 0xA2, 0xAB, 0xDD, 0x92, 0x76, 0xBA, 0xE0, 0x20, 0x1F, 0xA5, 0xA3, 0x3C, 0x89, 0xBA,
    0x08, 0x8E, 0xDB, 0xDB, 0xA0, 0x9C, 0x46, 0x35, 0x8F, 0xCF, 0xE8, 0x65, 0x52, 0xEF, 0x73, 0x47,
    0x90, 0x71, 0x3D, 0x4A, 0xC2, 0x8C, 0x62, 0x18, 0x3B, 0xC5, 0x34, 0xF9, 0x72, 0x0A, 0xE7, 0xFA,
    0x3F, 0x50, 0xCD, 0x11, 0x1B, 0xE7, 0x9C, 0xB5, 0x38, 0xA0, 0xC0, 0x66, 0xF4, 0xBB, 0xA0, 0xB0,
    0x96, 0x54, 0x41, 0x83, 0x36, 0xA2, 0xD1, 0xCF, 0xEA, 0x62, 0xC0, 0xE1, 0x57, 0x8F, 0x9C, 0xA9,
    0xC8, 0xF1, 0xEB, 0x95, 0x7A, 0x40, 0xBE, 0xB4, 0x19, 0x9A, 0x03, 0x15, 0x16, 0xC6, 0x97, 0x1B,
    0x91, 0x4C, 0x3B, 0x76, 0x8C, 0x05, 0x5C, 0x7E, 0xD5, 0x27, 0x2C, 0x67, 0x51, 0xC7, 0x7F, 0xAF,
    0x52, 0x37, 0xCF, 0x90, 0x71, 0x8D, 0x58, 0x20, 0x5B, 0x21, 0x6B, 0x31, 0x6F, 0xB1, 0x68, 0xB1,
    0x5C, 0x44, 0x61, 0xFE, 0x85, 0x67, 0x7F, 0x54, 0x1D, 0xCB, 0xB0, 0x4A, 0x2A, 0xCC, 0x09, 0x65,
    0xC6, 0xFE, 0x97, 0xDE, 0x86, 0x34, 0x23, 0x24, 0xC2, 0x1C, 0x32, 0xE8, 0x13, 0xD2, 0xE5, 0x94,
    0x6D, 0xA9, 0x5A, 0x91, 0x31, 0x47, 0xA2, 0x21, 0xC7, 0xC5, 0x50, 0x5F, 0x0D, 0x6F, 0xCA, 0x8C,
    0xAB, 0xED, 0x51, 0x76, 0xFA, 0xAF, 0x36, 0x47, 0x58, 0xA8, 0x7A, 0x91, 0xF8, 0x23, 0x23, 0x22,
    0x31, 0x5B, 0xBD, 0x08, 0x0F, 0x47, 0x2E, 0xD2, 0x6B, 0x7C, 0x97, 0x02, 0xBC, 0x37, 0x87, 0x3E,
    0x95, 0x3E, 0x45, 0x73, 0xEC, 0x59, 0x4C, 0xDC, 0x30, 0xF0, 0xFD, 0x97, 0x7A, 0xD5, 0x99, 0x6B,
    0x58, 0x82, 0x57, 0xFA, 0xF1, 0x43, 0x9D, 0x70, 0x95, 0xD6, 0xEE, 0x06, 0xD2, 0x2B, 0x6C, 0x39,
    0x9A, 0xD1, 0x92, 0xC9, 0x46, 0xFA, 0xC3, 0xA7, 0x16, 0x07, 0x5C, 0x8A, 0x66, 0x7C, 0x71, 0x41,
    0xF0, 0x96, 0xD1, 0x19, 0xBD, 0x91, 0x80, 0xA4, 0xB5, 0x0A, 0xAA, 0x8E, 0xAB, 0xD8, 0x27, 0x5E,
    0xCB, 0xFA, 0x6D, 0xCD, 0x73, 0x2B, 0xB8, 0x71, 0xC5, 0xDD, 0x96, 0xF5, 0x31, 0xF7, 0x8E, 0x2E,
    0x33, 0xDD, 0xD3, 0xEC, 0xD6, 0x82, 0x51, 0x66, 0x96, 0x67, 0x12, 0x7A, 0x39, 0x96, 0xA8, 0x1D,
    0x63, 0x6D, 0x24, 0x5A, 0x2A, 0x89, 0xF1, 0xF2, 0xCC, 0x88, 0x19, 0xD8, 0x62, 0x3C, 0x2F, 0x11,
    0xD4, 0xBF, 0x68, 0x38, 0xDA, 0x83, 0xDE, 0xE8, 0xEB, 0xF9, 0x6C, 0xCD, 0xFF, 0x64, 0x9B, 0x74,
    0x99, 0x8B, 0xCE, 0xFE, 0xAC, 0xF0, 0x2B, 0x97, 0x88, 0x8E, 0x6E, 0xDA, 0x28, 0x44, 0x12, 0x77,
    0xE0, 0xFA, 0x29, 0xB1, 0x57, 0x89, 0x8F, 0xF9, 0xFF, 0x23, 0xF1, 0x19, 0xF4, 0x83, 0x96, 0xAD,
    0xA6, 0x1A, 0x55, 0x20, 0x52, 0xDE, 0xDF, 0x35, 0x1C, 0xA2, 0x84, 0xB2, 0x8A, 0xEF, 0x37, 0xDA,
    0xDE, 0x48, 0xED, 0x07, 0x04, 0x43, 0xFE, 0x69, 0x50, 0x64, 0xC2, 0xE3, 0xFA, 0xE3, 0xA8, 0xBE,
    0xA1, 0xAA, 0xF9, 0x9E, 0xD4, 0x5F, 0x98, 0x5C, 0x83, 0xF5, 0xE7, 0x5F, 0x06, 0xBE, 0xC6, 0xA6,
    0xC0, 0x76, 0x91, 0x8E, 0xEE, 0x32, 0x90, 0x8F, 0xD2, 0x1E, 0x66, 0xE3, 0x31, 0x7F, 0x47, 0x16,
    0xBB, 0xFF, 0x00, 0x95, 0x59, 0x3D, 0x8F, 0xDD, 0xC6, 0x15, 0x1D, 0x92, 0xD2, 0xD2, 0x31, 0x13,
    0x53, 0x45, 0xD2, 0x44, 0x96, 0xA8, 0xC2, 0x85, 0x0B, 0x49, 0x6C, 0x54, 0xA8, 0x78, 0xEB, 0xA1,
    0xA1, 0x42, 0x85, 0x0B, 0xA9, 0x51, 0x15, 0x04, 0xEE, 0xD3, 0xD8, 0x01, 0x14, 0x40, 0x85, 0xB4,
    0xA4, 0xEC, 0x42, 0x85, 0x8B, 0x6C, 0x91, 0x20, 0x65, 0x7E, 0x82, 0x15, 0x60, 0x11, 0x18, 0x81,
    0xBC, 0xA4, 0xB4, 0x85, 0x0A, 0x17, 0x66, 0xAC, 0xC2, 0x40, 0x10, 0xC4, 0xB4, 0x2D, 0xC0, 0x85,
    0x01, 0x8B, 0x71, 0x18, 0x88, 0x8A, 0x1F, 0x39, 0x39, 0xE7, 0xDE, 0x79, 0x1F, 0xFE, 0x48, 0x91,
    0xD5, 0x6A, 0xEE, 0xE8, 0x3D, 0x72, 0xE6, 0x7E, 0x9C, 0x7B, 0xEE, 0x9D, 0x91, 0x31, 0xF5, 0x68,
    0x8C, 0x49, 0x9C, 0xC3, 0x68, 0xDB, 0xB2, 0x32, 0x66, 0x36, 0x79, 0x61, 0xA2, 0xD1, 0x9C, 0xC2,
    0xC7, 0x3D, 0x3E, 0x35, 0x69, 0xCB, 0x31, 0x6F, 0x38, 0xDA, 0xCA, 0x3A, 0x37, 0xD8, 0xA2, 0x74,
    0xAE, 0xB7, 0x26, 0xEE, 0xC3, 0xBE, 0xC4, 0x18, 0x60, 0x9E, 0x74, 0xA6, 0xB3, 0x05, 0x9E, 0xDD,
    0xB7, 0x4D, 0x8A, 0x67, 0xB3, 0x81, 0x63, 0xEC, 0x9C, 0x5B, 0x1A, 0xF3, 0x86, 0x8C, 0xC6, 0x16,
    0x66, 0x33, 0x72, 0x30, 0xA5, 0x09, 0xF1, 0xAF, 0x43, 0x13, 0x63, 0x9C, 0x4C, 0x82, 0x4F, 0x96,
    0x26, 0x35, 0xE6, 0xE4, 0x74, 0xED, 0x10, 0x8F, 0x38, 0x37, 0xE1, 0x93, 0xE8, 0xA8, 0xE2, 0xF8,
    0x36, 0xC7, 0xF8, 0x72, 0x21, 0xEA, 0x52, 0xA5, 0x92, 0x6B, 0x46, 0x2E, 0x85, 0xEA, 0xD9, 0x57,
    0x3F, 0x29, 0x0B, 0x53, 0xFE, 0xF2, 0x14, 0xD6, 0x9E, 0x5E, 0x3C, 0x6B, 0x4D, 0xB4, 0x3C, 0xBB,
    0x78, 0x09, 0x9A, 0x5D, 0xBC, 0x08, 0xFD, 0xBB, 0x8B, 0x17, 0xF0, 0x48, 0x7B, 0xFD, 0x3A, 0x96,
    0x6C, 0xEE, 0xDE, 0xA5, 0x15, 0x77, 0x7B, 0x8E, 0x5D, 0x87, 0x55, 0x8A, 0x0E, 0x8B, 0x95, 0xC1,
    0x5F, 0xA1, 0x6D, 0x19, 0x3E, 0xE0, 0x18, 0x1D, 0xC9, 0xC8, 0x0D, 0xCB, 0x4B, 0x97, 0xB0, 0xA1,
    0xBD, 0x7C, 0x99, 0x1E, 0xF8, 0x20, 0x09, 0x2A, 0x93, 0x3E, 0x49, 0x93, 0x0A, 0xDB, 0xBE, 0x80,
    0x0D, 0x8D, 0x2A, 0x98, 0xBB, 0x7D, 0x8C, 0x67, 0xCF, 0xD2, 0xA0, 0xC5, 0x82, 0x23, 0xB7, 0x35,
    0xE6, 0xC2, 0x75, 0x8E, 0x67, 0xCE, 0x88, 0xA5, 0x41, 0xFD, 0x4C, 0x1E, 0x85, 0xEA, 0x81, 0x2B,
    0xF2, 0xDE, 0x24, 0x83, 0x49, 0x07, 0x93, 0xB7, 0x26, 0x1E, 0xA0, 0x84, 0x89, 0x3B, 0x78, 0xDE,
    0x04, 0xD0, 0x9C, 0x4F, 0xE3, 0x33, 0x7A, 0xBE, 0x77, 0x5D, 0x6D, 0xB2, 0xCE, 0x3D, 0x72, 0x4D,
    0xDE, 0x64, 0x7F, 0xCB, 0x1A, 0xF8, 0xF6, 0xEF, 0x69, 0x61, 0xAB, 0x74, 0xF8, 0x11, 0x5E, 0x4A,
    0x7B, 0xEA, 0x9F, 0x51, 0x7F, 0x93, 0x51, 0x67, 0x89, 0x52, 0x09, 0xCB, 0x64, 0xA4, 0xE6, 0x05,
    0xFD, 0x6C, 0x9B, 0xD2, 0x9C, 0x80, 0x07, 0x0E, 0xCD, 0x9B, 0x58, 0x73, 0x0A, 0x7A, 0x13, 0xCD,
    0xD3, 0x49, 0xBC, 0x56, 0x3B, 0x87, 0x87, 0x76, 0xDC, 0x63, 0x6E, 0x86, 0x50, 0xC1, 0x95, 0xCF,
    0xAB, 0xC0, 0x3B, 0x08, 0x0B, 0x9D, 0x64, 0x76, 0x35, 0x66, 0xBB, 0x12, 0x2E, 0xB3, 0x50, 0xF1,
    0x32, 0x44, 0x2D, 0x86, 0x51, 0x6D, 0xFE, 0x4C, 0x6A, 0xA6, 0xA8, 0x6F, 0x42, 0x15, 0xD1, 0xA8,
    0x42, 0xC3, 0xEF, 0x45, 0x2C, 0xA8, 0xF2, 0xE0, 0x42, 0x74, 0xC4, 0x5E, 0xFD, 0x0A, 0x38, 0x94,
    0x37, 0x32, 0x01, 0x9B, 0xC7, 0x9C, 0x98, 0xB3, 0xC6, 0x4D, 0xE0, 0x14, 0x88, 0xA2, 0xE4, 0x4A,
    0xAC, 0xDC, 0x0B, 0x1B, 0xE8, 0x80, 0x0A, 0xEE, 0x85, 0x3E, 0x70, 0x4F, 0x38, 0x72, 0xBB, 0x08,
    0xBF, 0x8D, 0xDF, 0xF7, 0xFB, 0x63, 0xD4, 0xCB, 0xB2, 0x7C, 0x35, 0xC4, 0x88, 0xCD, 0xC2, 0x71,
    0x63, 0x8A, 0x8C, 0xB1, 0xF8, 0x04, 0x23, 0x6D, 0x0D, 0x87, 0xF5, 0x5B, 0x26, 0x96, 0xDC, 0x48,
    0x45, 0xB3, 0xDD, 0xAB, 0xE6, 0x18, 0xD7, 0xD9, 0x3F, 0x4F, 0x3B, 0x60, 0x8F, 0xFD, 0x7D, 0xED,
    0x3A, 0x38, 0x7E, 0xC7, 0x7B, 0x88, 0x4A, 0xC8, 0x4F, 0xAC, 0x06, 0x11, 0xE9, 0xF2, 0x73, 0xCE,
    0xCB, 0x05, 0x01, 0x52, 0xD4, 0xD5, 0x9F, 0x67, 0x18, 0x16, 0xBB, 0x1E, 0x2A, 0x85, 0xEE, 0x74,
    0xF2, 0x74, 0x44, 0x88, 0xE7, 0x0B, 0x91, 0x6B, 0xE1, 0xAC, 0xB9, 0x8D, 0x5C, 0x01, 0xE9, 0xAA,
    0x68, 0x86, 0xF3, 0x02, 0x67, 0x62, 0xA4, 0x4C, 0x1B, 0x4E, 0x26, 0x1E, 0xE1, 0x37, 0xC0, 0x07,
    0x8E, 0xCD, 0x1B, 0x78, 0x1E, 0x0F, 0xD9, 0x26, 0x1A, 0x98, 0xBF, 0xB6, 0x82, 0xA9, 0x70, 0xAA,
    0x2D, 0xE4, 0x4B, 0x04, 0x50, 0xBE, 0x44, 0x04, 0xF1, 0x25, 0x92, 0xDE, 0x19, 0x24, 0x2B, 0xA0,
    0x30, 0xE3, 0xA1, 0x40, 0x24, 0x56, 0x70, 0x0C, 0xAD, 0xAD, 0x12, 0x48, 0x77, 0x1C, 0xA9, 0x8D,
    0x70, 0x97, 0xB3, 0x35, 0xE7, 0x20, 0xB3, 0x4E, 0x81, 0xC0, 0x9F, 0xC1, 0x07, 0xA0, 0xFB, 0xB6,
    0x8D, 0x48, 0xCB, 0x88, 0x4E, 0xCB, 0x5C, 0x21, 0xD2, 0xC0, 0xBD, 0x44, 0xAA, 0xA9, 0x1B, 0xF5,
    0x17, 0x12, 0x41, 0xEC, 0x87, 0x8B, 0x4E, 0x53, 0x7E, 0xD3, 0x9B, 0xF3, 0x5C, 0xE7, 0x8B, 0x41,
    0xA0, 0x16, 0x3E, 0x1A, 0x65, 0x8B, 0xE8, 0xC1, 0x92, 0x32, 0x22, 0x2C, 0xDD, 0xE0, 0x25, 0x7C,
    0x9F, 0x54, 0xCE, 0xF4, 0xE2, 0xFB, 0x92, 0x52, 0xD0, 0xCB, 0x25, 0xBD, 0xC4, 0x9A, 0xF9, 0x83,
    0x56, 0x7C, 0x9B, 0x3E, 0x6A, 0xC4, 0xB7, 0xE9, 0xE7, 0x2A, 0x93, 0xA7, 0x94, 0x37, 0x11, 0x4E,
    0x86, 0xE1, 0x3D, 0x2C, 0x49, 0x75, 0x0E, 0x10, 0x7C, 0xAA, 0xD1, 0x23, 0x84, 0x0C, 0xD1, 0xA8,
    0xC0, 0xAE, 0xB1, 0xD6, 0xFB, 0x22, 0x1B, 0x73, 0x4B, 0xED, 0x92, 0x6C, 0x91, 0x3C, 0x51, 0x22,
    0x6B, 0xCA, 0x4E, 0x51, 0x9A, 0x0A, 0x24, 0xCA, 0x22, 0x16, 0xF8, 0xD4, 0x3E, 0x95, 0xDD, 0x77,
    0xE4, 0x0C, 0x19, 0xC1, 0xCE, 0x09, 0x32, 0x91, 0x4C, 0x49, 0x86, 0xCC, 0xF0, 0xCB, 0xB4, 0xDF,
    0x93, 0x94, 0x29, 0x3F, 0x02, 0xAD, 0xC4, 0xC3, 0x8E, 0x2B, 0x29, 0x91, 0x12, 0xC4, 0x60, 0xE2,
    0xE6, 0x22, 0x18, 0xC9, 0x09, 0x8A, 0x40, 0xE6, 0x0D, 0x82, 0x2B, 0x3E, 0x25, 0x16, 0x99, 0x2B,
    0xC4, 0xB3, 0xA5, 0xEC, 0x54, 0x26, 0x9D, 0x26, 0x4F, 0xC2, 0x54, 0x2F, 0xE4, 0xDF, 0x92, 0x3E,
    0x49, 0x7F, 0xA2, 0xA4, 0xF6, 0x91, 0x1B, 0x4A, 0x89, 0x4D, 0xBD, 0x4F, 0xBB, 0x9E, 0x69, 0xE4,
    0x9E, 0x57, 0x07, 0xAA, 0x6D, 0xD9, 0xB8, 0x9A, 0xA9, 0xF6, 0x5C, 0x30, 0xF4, 0x78, 0x2E, 0x8B,
    0xC0, 0xCF, 0x6A, 0x83, 0x59, 0x42, 0x7F, 0x3A, 0xCE, 0x6A, 0x04, 0x8A, 0xB3, 0x29, 0x9C, 0x00,
    0x4E, 0xB1, 0x18, 0xAA, 0x4D, 0xB4, 0x39, 0x1E, 0xA1, 0xC4, 0x92, 0x56, 0x67, 0x3D, 0xB0, 0x77,
    0x80, 0xAF, 0x02, 0xA7, 0x9E, 0x8B, 0x98, 0xFC, 0xC9, 0xA8, 0xE9, 0xD6, 0x68, 0x58, 0xE2, 0x01,
    0x76, 0x05, 0x5C, 0x2E, 0xE9, 0x09, 0x3A, 0x3B, 0xD3, 0x03, 0x7C, 0x9C, 0xD1, 0x4B, 0xBB, 0x94,
    0xE8, 0x2B, 0x5B, 0x78, 0x41, 0x9C, 0x0E, 0xA7, 0xE4, 0x54, 0xF4, 0x0C, 0x93, 0x00, 0x2A, 0x4F,
    0x40, 0x67, 0x42, 0xA4, 0x43, 0xE5, 0x91, 0xB3, 0xB2, 0x42, 0x74, 0xE1, 0xE9, 0x86, 0x7E, 0x70,
    0x4D, 0x5D, 0x94, 0x05, 0x28, 0xA4, 0xB0, 0x4B, 0x0B, 0x57, 0xD3, 0x27, 0xC9, 0xB8, 0x03, 0x36,
    0xCF, 0xE8, 0x95, 0xA5, 0x00, 0x38, 0x47, 0xCE, 0x87, 0x3A, 0x0D, 0xB1, 0x25, 0xBD, 0x00, 0xCE,
    0x86, 0x75, 0x26, 0xC1, 0x34, 0x13, 0x93, 0x4D, 0xCA, 0x4F, 0x25, 0xC6, 0x26, 0x03, 0x0F, 0xEE,
    0x2A, 0x39, 0x5A, 0x4C, 0xEF, 0xE9, 0xF4, 0xD6, 0xA4, 0x89, 0x82, 0x28, 0xFC, 0x7B, 0x32, 0x61,
    0xAF, 0xDE, 0xEB, 0xE1, 0x19, 0xA9, 0x64, 0x45, 0xD4, 0xC2, 0x7F, 0x84, 0x65, 0x59, 0xC5, 0xCD,
    0x2C, 0x09, 0x52, 0x3B, 0xFF, 0x53, 0x6D, 0xA6, 0x64, 0xF4, 0x66, 0x17, 0xDB, 0xDC, 0xD3, 0x98,
    0xDC, 0xC4, 0xDA, 0x83, 0x4E, 0x47, 0x53, 0xCB, 0xB2, 0xC6, 0xDE, 0xEF, 0x4D, 0x1D, 0x69, 0xCD,
    0x7E, 0x00, 0x8B, 0x65, 0x59, 0x93, 0xA3, 0xA6, 0x95, 0x57, 0x04, 0xB0, 0xF9, 0x07, 0x95, 0x29,
    0x5F, 0x97, 0xB8, 0x65, 0x9F, 0xE0, 0xF9, 0x5B, 0x3A, 0xFD, 0x0A, 0xD3, 0x7B, 0x3A, 0x85, 0x35,
    0x56, 0xD3, 0x3A, 0x85, 0x57, 0xAD, 0x27, 0x6A, 0x82, 0xAB, 0x5D, 0x73, 0xB6, 0x95, 0x65, 0xA1,
    0x53, 0x07, 0x0E, 0x71, 0x64, 0xC6, 0x14, 0x36, 0x98, 0xBA, 0x12, 0x91, 0x37, 0x22, 0x10, 0x20,
    0x8A, 0xA4, 0xDF, 0x16, 0x31, 0x45, 0xB8, 0xFC, 0xBF, 0x05, 0x3B, 0x11, 0x11, 0x99, 0x17, 0x8D,
    0x08, 0xAB, 0xA2, 0x2C, 0x28, 0x10, 0xDD, 0x39, 0x14, 0xF2, 0x15, 0xB1, 0xAF, 0xD5, 0xC7, 0x97,
    0x98, 0xD6, 0x23, 0x79, 0x53, 0x5B, 0x22, 0xAD, 0x75, 0x4A, 0xEF, 0xEB, 0x12, 0xC3, 0xFA, 0xC6,
    0x1E, 0xA4, 0xD6, 0xBA, 0x40, 0x8C, 0x27, 0x63, 0x4C, 0x91, 0xB7, 0xC1, 0x24, 0x41, 0x92, 0xFA,
    0xE6, 0xA4, 0xCC, 0x81, 0x79, 0x59, 0xE6, 0x00, 0x0C, 0x0A, 0x14, 0x6E, 0xD6, 0x6E, 0x38, 0x8B,
    0xF5, 0x0D, 0x82, 0x6E, 0x83, 0xBF, 0xE8, 0x32, 0x00, 0x98, 0xD9, 0x8A, 0xBF, 0x56, 0x45, 0xD9,
    0x88, 0x78, 0xD2, 0xF0, 0x91, 0xF0, 0x5D, 0x8A, 0x3E, 0x96, 0x44, 0x1E, 0xCF, 0xE5, 0xF7, 0x99,
    0x02, 0x43, 0xC6, 0xA4, 0xAA, 0xAB, 0xC4, 0xA7, 0xE1, 0xE6, 0xE7, 0x67, 0xD7, 0xAE, 0x5D, 0xBB,
    0xCA, 0x26, 0x88, 0xAC, 0x28, 0x42, 0xC3, 0x94, 0x4B, 0x89, 0x92, 0x0C, 0xCE, 0xBA, 0x4C, 0x1A,
    0x84, 0x44, 0xAA, 0x21, 0x8B, 0xE0, 0x68, 0xA2, 0xCA, 0x57, 0x3D, 0xAD, 0xBB, 0xC2, 0xC8, 0xEA,
    0x92, 0x54, 0xF0, 0x95, 0xAA, 0x2B, 0xB4, 0xB4, 0x8B, 0x53, 0x72, 0x59, 0xD9, 0x32, 0xD0, 0x46,
    0xAC, 0xFF, 0x81, 0xD1, 0x17, 0xFF, 0x79, 0xF3, 0x16, 0xAB, 0x0A, 0x5E, 0xC8, 0xBB, 0xB8, 0x91,
    0xB2, 0x4E, 0xC7, 0xD6, 0x83, 0x6E, 0x73, 0x1B, 0x5B, 0x20, 0xC3, 0xDE, 0xA2, 0x67, 0x6B, 0x64,
    0x67, 0x27, 0x4F, 0xB3, 0x9F, 0xC2, 0xDF, 0xA5, 0x52, 0x67, 0x27, 0x0B, 0x31, 0xBD, 0xB0, 0xEA,
    0x9E, 0x6C, 0x14, 0xF0, 0xF5, 0x70, 0x22, 0x99, 0xC1, 0xDB, 0x79, 0x21, 0x62, 0xD2, 0xAE, 0x81,
    0x8D, 0x58, 0xAA, 0x02, 0x8E, 0x97, 0xDD, 0xD2, 0x9E, 0xDD, 0x2C, 0x84, 0x5A, 0xD7, 0xE5, 0x9D,
    0xD8, 0x4B, 0x97, 0x10, 0x9E, 0x83, 0xD8, 0x9D, 0x48, 0x5B, 0x5A, 0x45, 0x12, 0xD5, 0x42, 0x2A,
    0x40, 0x5D, 0xB0, 0x02, 0x32, 0xD7, 0xE1, 0xC3, 0x1A, 0x0B, 0xDA, 0x25, 0xC4, 0x92, 0xE9, 0x2E,
    0x3B, 0x74, 0x32, 0xB6, 0x19, 0xFF, 0x34, 0x19, 0x96, 0x4A, 0x9A, 0x73, 0x58, 0x29, 0x6E, 0x16,
    0x2C, 0xB3, 0xD5, 0xCB, 0x58, 0x67, 0xA7, 0x50, 0xBE, 0xC5, 0x28, 0xD9, 0x27, 0x4D, 0x85, 0x91,
    0xBA, 0x71, 0x52, 0xC3, 0xC3, 0x6D, 0xD3, 0xCF, 0x97, 0xC7, 0x8C, 0x39, 0x1E, 0x3D, 0x3B, 0x14,
    0x08, 0x4A, 0x1F, 0x3E, 0x17, 0x6C, 0x65, 0x44, 0x45, 0x89, 0xE7, 0x2B, 0xDB, 0x61, 0xF2, 0x2D,
    0xF8, 0x66, 0x0C, 0x7C, 0x1F, 0x4C, 0x7B, 0xCB, 0x55, 0x27, 0xB4, 0xF5, 0xF3, 0xE2, 0x7A, 0x76,
    0xB0, 0x9A, 0x84, 0xDD, 0x6A, 0x96, 0xF8, 0x42, 0x1D, 0xBC, 0xBB, 0x22, 0xFE, 0xFC, 0x77, 0x87,
    0xBA, 0x11, 0xF8, 0x73, 0x19, 0xFA, 0xBA, 0x8E, 0x5E, 0xE8, 0x9E, 0xAF, 0xEC, 0xBD, 0x6F, 0xDA,
    0x89, 0xA0, 0xBC, 0x58, 0x31, 0x41, 0xAA, 0xEB, 0x80, 0xCC, 0xFD, 0x0C, 0x7D, 0x86, 0x1E, 0x19,
    0xA8, 0x70, 0xD2, 0xAD, 0x5A, 0xB8, 0xD5, 0xAC, 0x58, 0xCF, 0xCC, 0x6A, 0x56, 0xAE, 0x67, 0x87,
    0x2B, 0x60, 0x12, 0x4B, 0x7E, 0x95, 0x89, 0xB3, 0x7C, 0x90, 0xB3, 0x01, 0x16, 0x27, 0x6A, 0x58,
    0x10, 0xED, 0xDB, 0x43, 0x5E, 0x49, 0xAB, 0x66, 0x2F, 0xF3, 0xC4, 0xC1, 0x62, 0x08, 0x77, 0xE3,
    0x0F, 0x3A, 0x89, 0x60, 0x4A, 0xAB, 0xB8, 0x3D, 0x87, 0x8C, 0x8B, 0xC6, 0x0C, 0x94, 0x7A, 0x01,
    0x49, 0x99, 0xF6, 0x8C, 0xD5, 0x85, 0x74, 0xAF, 0x28, 0x9B, 0xBC, 0x4D, 0x8B, 0xDD, 0xF3, 0xA8,
    0xA9, 0x20, 0xBA, 0x3D, 0x14, 0xE0, 0x80, 0x38, 0xCC, 0x1F, 0x7B, 0xD7, 0xEC, 0xAD, 0xFD, 0xF6,
    0xFE, 0x7A, 0xB6, 0xFC, 0xFE, 0x2C, 0x5C, 0x27, 0x65, 0x34, 0xAC, 0x67, 0xFD, 0xFA, 0xDB, 0x7D,
    0x5F, 0x1B, 0xF7, 0xC9, 0x33, 0xE4, 0x84, 0xF6, 0x1E, 0x0B, 0x06, 0x8A, 0x43, 0x5E, 0x9C, 0xF7,
    0x83, 0xD5, 0x19, 0x1A, 0xC0, 0xBC, 0x62, 0xF7, 0x07, 0x10, 0xC1, 0xC4, 0x1B, 0x7C, 0x58, 0x78,
    0x83, 0x8D, 0xCE, 0xD7, 0x70, 0x43, 0xFC, 0x4D, 0xC5, 0x55, 0xB8, 0x2C, 0xCC, 0x3F, 0xC6, 0x1C,
    0x3B, 0xCB, 0x86, 0x6D, 0x37, 0x64, 0x1D, 0x8B, 0x1C, 0xEA, 0xD9, 0x3B, 0xAF, 0x77, 0xD1, 0x87,
    0xFF, 0x00, 0x81, 0x5C, 0x5E, 0x26, 0x43, 0x1A, 0x8D, 0xD1, 0x78, 0x2A, 0xE8, 0xA3, 0xE5, 0xC2,
    0xB4, 0xDA, 0xC8, 0x4E, 0xDE, 0xAB, 0x27, 0xE8, 0xE4, 0x1E, 0x36, 0xE2, 0x18, 0xF0, 0xBE, 0x41,
    0x4B, 0xC1, 0x0A, 0x1D, 0x0A, 0x87, 0x74, 0x8A, 0xC0, 0x44, 0x39, 0x6F, 0xC7, 0x73, 0x8A, 0x6D,
    0x25, 0x4B, 0xF2, 0x26, 0xF0, 0xE7, 0x02, 0xEC, 0x4B, 0xBE, 0x01, 0x88, 0x45, 0x8C, 0x42, 0x17,
    0x4C, 0x36, 0x15, 0xDA, 0xA1, 0x05, 0xBE, 0x51, 0x03, 0x41, 0x50, 0xE5, 0x50, 0x12, 0x88, 0x2C,
    0x59, 0xF6, 0xCA, 0xBB, 0x85, 0x88, 0xC7, 0xEB, 0xC3, 0xCE, 0xFA, 0x40, 0xB0, 0x7D, 0x2E, 0xF0,
    0xC8, 0x5F, 0x9D, 0x04, 0x56, 0x07, 0x82, 0xC6, 0xAC, 0xD1, 0x4F, 0x66, 0xAA, 0x36, 0x42, 0x5B,
    0xB8, 0x8D, 0x08, 0x6A, 0x61, 0xFF, 0xEC, 0x33, 0x31, 0x69, 0x8E, 0x1E, 0xE0, 0xA9, 0x78, 0x88,
    0x1A, 0xE9, 0x46, 0xA3, 0x06, 0x0C, 0xCC, 0xA4, 0x05, 0x28, 0x9D, 0x49, 0x8A, 0x97, 0x48, 0xE6,
    0xA9, 0xD1, 0x66, 0x4C, 0x58, 0x5F, 0x5A, 0x53, 0x68, 0x74, 0x8A, 0x6B, 0xF4, 0x86, 0x47, 0x3C,
    0xF0, 0xC8, 0x42, 0x4A, 0x81, 0x08, 0xA8, 0x02, 0x27, 0xE0, 0x5C, 0x66, 0xFE, 0x02, 0x05, 0x20,
    0xEE, 0x66, 0x03, 0x3F, 0x64, 0x8F, 0x02, 0xD1, 0x91, 0xEC, 0x9B, 0x00, 0x5C, 0x81, 0x17, 0xC2,
    0x16, 0xFA, 0xA7, 0x7D, 0xC4, 0xA7, 0x13, 0xE8, 0x80, 0xA4, 0x88, 0xA6, 0xA8, 0x92, 0x83, 0xE4,
    0x1F, 0x5E, 0xAD, 0x95, 0x6B, 0x67, 0x51, 0x7A, 0x2E, 0xB6, 0xCE, 0x07, 0xA7, 0x55, 0x3C, 0xB7,
    0x42, 0x96, 0xCF, 0x0B, 0xE9, 0xC2, 0xC5, 0x03, 0xDE, 0xE0, 0xDA, 0xCB, 0xA7, 0x2A, 0xA3, 0x2F,
    0x54, 0xC6, 0x47, 0xBE, 0x96, 0x5F, 0x52, 0xBC, 0xE6, 0xFE, 0x54, 0xB6, 0x2B, 0x1D, 0x9D, 0xF5,
    0x71, 0x2A, 0x57, 0x8D, 0x75, 0xD4, 0x29, 0xA7, 0x27, 0x8D, 0xCA, 0xB4, 0x50, 0x5E, 0xCF, 0x85,
    0xD9, 0x35, 0xAC, 0x3C, 0x97, 0xF8, 0xDE, 0x04, 0x28, 0x92, 0x6A, 0xC1, 0x8E, 0x83, 0x96, 0x24,
    0x8D, 0x62, 0x81, 0x2D, 0x0C, 0x7B, 0x4F, 0xEB, 0xE3, 0xB5, 0xA7, 0x52, 0x30, 0xC4, 0x64, 0x43,
    0x46, 0xB0, 0xB5, 0xB2, 0xD8, 0xD2, 0xCA, 0x29, 0x7A, 0x47, 0x02, 0xC5, 0x96, 0x97, 0x07, 0x64,
    0xD0, 0x27, 0xD4, 0xB3, 0x72, 0x6A, 0x83, 0xF3, 0x90, 0x56, 0x04, 0xC4, 0x55, 0x0F, 0x8B, 0xDC,
    0x97, 0x2D, 0x61, 0xFE, 0x31, 0xD5, 0xA3, 0x01, 0x5E, 0x13, 0x9C, 0x12, 0x16, 0x21, 0xFD, 0x28,
    0xA6, 0xB5, 0xD6, 0xEB, 0xCB, 0x57, 0xA4, 0x88, 0x6B, 0x8F, 0xE9, 0x71, 0xB6, 0x19, 0x4F, 0x08,
    0x00, 0x0F, 0xD8, 0xF9, 0xA3, 0x91, 0x02, 0x66, 0xDF, 0xD0, 0x03, 0xB2, 0x14, 0x18, 0xF5, 0x74,
    0x20, 0xDB, 0x86, 0x32, 0xBE, 0xC1, 0x10, 0xA5, 0xE2, 0xB1, 0xFA, 0xE3, 0x3F, 0xA2, 0xF8, 0x4F,
    0xF1, 0x25, 0x1E, 0x39, 0x13, 0x40, 0x08, 0xA7, 0x74, 0xE4, 0x5C, 0x5D, 0xA4, 0x01, 0xCF, 0x67,
    0x08, 0x1F, 0xEA, 0x0B, 0x52, 0x1C, 0xBD, 0x30, 0x00, 0x84, 0xCA, 0xB3, 0x90, 0x1D, 0x2F, 0x0A,
    0xA4, 0x6E, 0x08, 0xA2, 0x0E, 0xA4, 0xB7, 0xD2, 0xF6, 0x5D, 0x47, 0x69, 0xB1, 0xB8, 0x21, 0x9A,
    0xD7, 0x46, 0xFA, 0xEF, 0x86, 0x76, 0x73, 0xCC, 0x3A, 0x1E, 0x20, 0x91, 0xE9, 0xC5, 0x8F, 0xE5,
    0x0C, 0x71, 0x13, 0x96, 0xFF, 0x76, 0x67, 0xF0, 0xB7, 0x0B, 0xB0, 0xFD, 0xD9, 0xE6, 0x50, 0xA9,
    0xA7, 0xB4, 0x9F, 0x6A, 0x46, 0x49, 0x4B, 0xD2, 0x4A, 0x2B, 0xD2, 0x10, 0x44, 0xA8, 0x5F, 0x5C,
    0xB4, 0x62, 0x5A, 0xD9, 0x02, 0xD1, 0xCA, 0xB7, 0x3C, 0x86, 0xA8, 0xD6, 0xC2, 0x18, 0x87, 0x42,
    0x1E, 0xB3, 0x8C, 0x0C, 0xCE, 0x92, 0x7C, 0x12, 0x2E, 0xD9, 0xFB, 0x44, 0x23, 0x39, 0x30, 0x1A,
    0xA4, 0x01, 0xEA, 0xC9, 0x82, 0x71, 0xCF, 0xF6, 0x22, 0xE9, 0x65, 0xAB, 0x8E, 0x5B, 0x61, 0x43,
    0x6C, 0x95, 0x6E, 0x6F, 0xD8, 0x30, 0xAB, 0x6D, 0xC5, 0x52, 0x8C, 0x73, 0x25, 0x9C, 0x6B, 0xA1,
    0x34, 0xE9, 0xF2, 0xA4, 0x34, 0x19, 0x92, 0x04, 0xF1, 0x14, 0x48, 0x87, 0x4F, 0x5F, 0xE0, 0x37,
    0x67, 0xA2, 0x9A, 0xAC, 0x20, 0xC6, 0x8E, 0x29, 0xC2, 0xD6, 0xA5, 0x50, 0x8B, 0xA3, 0xDE, 0x98,
    0xCC, 0x5B, 0x1D, 0x5F, 0x2D, 0xBC, 0x97, 0x49, 0x37, 0x10, 0x7A, 0xB2, 0xD0, 0x70, 0x0F, 0x1E,
    0x06, 0xC9, 0xC3, 0x77, 0xEE, 0x8C, 0xC6, 0x3E, 0x79, 0x72, 0x34, 0x9A, 0xDF, 0x7C, 0xFD, 0xAF,
    0x8F, 0x07, 0xF3, 0xA7, 0xCF, 0x1E, 0x7D, 0xD0, 0x9B, 0x5F, 0x7F, 0x74, 0xF4, 0x21, 0x12, 0xF7,
    0xE8, 0x88, 0x2A, 0x7C, 0xF9, 0xC9, 0x24, 0x54, 0x05, 0x05, 0xE3, 0x77, 0xAE, 0xF0, 0xC5, 0x2B,
    0x4C, 0xCC, 0x34, 0x7D, 0xC1, 0xB7, 0x8E, 0x4E, 0x71, 0x58, 0x6D, 0x97, 0xDE, 0x4C, 0xAE, 0x51,
    0xC4, 0x9F, 0xB0, 0xAE, 0x04, 0xFC, 0x17, 0x70, 0xE7, 0x2E, 0xC2, 0xED, 0x30, 0x1E, 0xC0, 0x9D,
    0x0B, 0xC3, 0x23, 0xD1, 0x62, 0x75, 0xCF, 0xA0, 0x37, 0x26, 0x9A, 0x9A, 0x7E, 0x1C, 0x36, 0x77,
    0x14, 0xC9, 0x56, 0xCF, 0xA6, 0xE9, 0xAF, 0xC4, 0xA8, 0x17, 0x25, 0xDB, 0x8D, 0x81, 0xD8, 0xA9,
    0xD7, 0x22, 0x3A, 0x32, 0x53, 0xE7, 0x48, 0x5B, 0xA3, 0xBA, 0x59, 0x41, 0x5E, 0x16, 0x04, 0xF1,
    0x1E, 0xBF, 0xF6, 0x8B, 0x67, 0x57, 0x99, 0x40, 0xBD, 0xCC, 0xFC, 0x17, 0xB2, 0x11, 0xD7, 0x63,
    0xBA, 0xFE, 0x8A, 0x57, 0x84, 0xC2, 0x48, 0x75, 0xB5, 0xDA, 0x46, 0x12, 0x50, 0x17, 0x1A, 0x95,
    0x2F, 0xB5, 0x32, 0xF9, 0xEE, 0x4F, 0x1F, 0x14, 0xE2, 0xD5, 0x7E, 0x67, 0x75, 0xA8, 0x63, 0x6D,
    0xE1, 0xFB, 0x7A, 0xBC, 0x50, 0xBD, 0xF3, 0x6A, 0xEB, 0x56, 0xF0, 0x55, 0x39, 0x1A, 0x49, 0xAF,
    0x56, 0x4F, 0x42, 0xF2, 0xFC, 0x36, 0x17, 0x26, 0xFA, 0xCF, 0x92, 0xCD, 0xE4, 0xED, 0x25, 0x5B,
    0xAB, 0x50, 0x2B, 0xC7, 0x6C, 0x7E, 0x2E, 0x7D, 0x65, 0xD9, 0x44, 0xA8, 0xFA, 0x65, 0x13, 0x42,
    0x7D, 0xF8, 0x07, 0xDD, 0x44, 0xDC, 0x72, 0x12, 0x4B, 0x57, 0x82, 0xD7, 0xE0, 0xA8, 0x44, 0x50,
    0x04, 0x08, 0x01, 0x48, 0x7B, 0x74, 0x14, 0x32, 0xDD, 0xCA, 0x59, 0xD7, 0xCA, 0xD9, 0x57, 0xC9,
    0xC1, 0xCA, 0x86, 0xF7, 0xB8, 0x93, 0xE9, 0xE5, 0x32, 0x63, 0x8C, 0xBE, 0x94, 0x4E, 0x90, 0x05,
    0x4F, 0xC3, 0xCA, 0x0B, 0x1C, 0xE0, 0x30, 0x41, 0xBB, 0x5C, 0x91, 0xA4, 0x13, 0x1D, 0x0B, 0x73,
    0xFA, 0xCC, 0x19, 0xF0, 0xDE, 0xA9, 0xA1, 0xCF, 0xD8, 0x88, 0x8F, 0x38, 0x59, 0xD9, 0xF2, 0x10,
    0x0E, 0xBA, 0x75, 0x1E, 0x20, 0x0D, 0xC6, 0xE7, 0x50, 0xEC, 0x13, 0xB1, 0xFC, 0x15, 0x69, 0xC8,
    0xAE, 0x1F, 0x6C, 0x35, 0x67, 0xEF, 0x99, 0xA0, 0x91, 0x6B, 0x09, 0x49, 0x46, 0xBA, 0x26, 0x97,
    0x22, 0x99, 0xBA, 0x69, 0x53, 0xEC, 0xBE, 0x5D, 0xDC, 0x56, 0x97, 0x2E, 0xCA, 0x48, 0xFE, 0xEA,
    0x65, 0x47, 0x91, 0x58, 0x0A, 0x25, 0x86, 0xF3, 0xE5, 0x3B, 0x3C, 0x79, 0x0D, 0x49, 0xC1, 0xB3,
    0x69, 0x9B, 0xD2, 0x78, 0x5B, 0xA5, 0x7A, 0xF9, 0xF3, 0x02, 0x1D, 0x32, 0x81, 0xA0, 0xB2, 0x06,
    0x20, 0x3C, 0xC7, 0xEB, 0x23, 0x5E, 0xBA, 0x64, 0xBC, 0x35, 0x5A, 0xE0, 0xBB, 0x98, 0xF4, 0x84,
    0xA6, 0xA9, 0x37, 0xD7, 0xF9, 0x12, 0x69, 0x4A, 0xAE, 0x78, 0x41, 0xD9, 0x45, 0x46, 0xA2, 0xE2,
    0x85, 0x23, 0x74, 0xA8, 0x49, 0x52, 0xAD, 0xDC, 0x16, 0x85, 0x5C, 0xD0, 0x16, 0x11, 0x17, 0x2C,
    0x8D, 0x08, 0xB2, 0xE4, 0xAC, 0xD7, 0x0A, 0xD2, 0xE9, 0xF3, 0xA4, 0x6E, 0x0B, 0x16, 0x17, 0x2B,
    0x0D, 0x49, 0x29, 0xA0, 0xA9, 0x65, 0x9C, 0xE5, 0x57, 0x6E, 0x0A, 0x02, 0xB9, 0x25, 0xC0, 0x2F,
    0x50, 0x0A, 0x96, 0x61, 0x2B, 0x37, 0x00, 0x0D, 0xA1, 0x20, 0x19, 0x78, 0x9E, 0xAB, 0x1F, 0x48,
    0x0B, 0xBD, 0x40, 0x4C, 0xC5, 0xF6, 0xF5, 0x95, 0xF5, 0x06, 0x5E, 0xA5, 0x59, 0x43, 0x4A, 0xFB,
    0xE5, 0x75, 0xD7, 0xFC, 0xA2, 0xDC, 0xD8, 0x9E, 0xBD, 0x20, 0xE3, 0x9B, 0x72, 0x87, 0x7B, 0x57,
    0xDE, 0x98, 0x15, 0xBA, 0x24, 0xAC, 0xFE, 0x09, 0xB6, 0x73, 0xFF, 0x04, 0x3F, 0x44, 0xCB, 0x4F,
    0x1F, 0xF2, 0x84, 0xF7, 0xD1, 0x11, 0xF0, 0xF5, 0xE9, 0xD1, 0x6D, 0xEC, 0x75, 0xFF, 0x88, 0x05,
    0xEF, 0xAD, 0x87, 0x7C, 0xE7, 0xD2, 0x1D, 0xC2, 0x37, 0x7A, 0x8D, 0xE9, 0x10, 0x1E, 0x5F, 0x1F,
    0x8C, 0xFE, 0xD7, 0x58, 0xFB, 0xDB, 0x94, 0x8D, 0xB6, 0x9A, 0xDC, 0xDA, 0x17, 0xF9, 0x13, 0x16,
    0x33, 0xCE, 0x0A, 0x2F, 0x6F, 0xC6, 0x6A, 0x73, 0xE3, 0xBC, 0xB8, 0x21, 0x3A, 0xCB, 0x8D, 0xF3,
    0x8D, 0x03, 0xE1, 0x9F, 0x81, 0x7C, 0x2A, 0xFD, 0x84, 0x0B, 0xF4, 0x6A, 0x86, 0xA9, 0xEB, 0x64,
    0xA5, 0x99, 0x45, 0x07, 0x2B, 0xC3, 0xAB, 0xF0, 0x30, 0x3E, 0xD1, 0x62, 0x8B, 0xF0, 0xB3, 0xE4,
    0x8E, 0x0C, 0x45, 0x3C, 0xC4, 0x72, 0xED, 0x44, 0xD3, 0x53, 0x09, 0x5D, 0xDA, 0x9D, 0x1C, 0x59,
    0x7D, 0x50, 0xE1, 0x78, 0x12, 0x76, 0xE2, 0x61, 0xA7, 0x2D, 0xA1, 0x68, 0xEE, 0xC4, 0x0A, 0x09,
    0x26, 0xC9, 0x40, 0x6F, 0xBC, 0x1C, 0x29, 0x02, 0xFF, 0x2C, 0x3B, 0xFE, 0x37, 0x00, 0x10, 0xED,
    0xB4, 0xEB, 0x8B, 0xEE, 0xD0, 0xE0, 0xF8, 0x35, 0xA1, 0xB7, 0x2B, 0x82, 0x5C, 0xBA, 0xEA, 0xBF,
    0xB3, 0xFF, 0xFF, 0xC3, 0xFE, 0xFF, 0x8F, 0xFA, 0xFF, 0x5F, 0x00, 0xD5, 0x95, 0xCF, 0x8D, 0xD4,
    0x30, 0x14, 0xC6, 0x9F, 0x27, 0x48, 0x23, 0x14, 0x89, 0xE1, 0xC8, 0x2D, 0x57, 0xA4, 0xD5, 0x2A,
    0x15, 0x80, 0x4D, 0x25, 0x34, 0x80, 0xB4, 0x25, 0x24, 0x25, 0x6C, 0x11, 0xB4, 0x01, 0x1E, 0x3A,
    0x48, 0x09, 0x29, 0x21, 0x87, 0x1C, 0x82, 0x34, 0xB6, 0x79, 0x7F, 0x9D, 0x99, 0xD9, 0x45, 0x9C,
    0xC9, 0xE5, 0xBD, 0xC9, 0x58, 0xF6, 0x97, 0x9F, 0xFD, 0x7D, 0x06, 0x00, 0x18, 0x56, 0x17, 0x67,
    0xAC, 0x4D, 0xC9, 0x6D, 0xB9, 0x60, 0x73, 0x9A, 0x7F, 0xF6, 0xBF, 0x12, 0x36, 0xFD, 0xF9, 0xD3,
    0x00, 0xF4, 0xC6, 0x87, 0xF7, 0x19, 0xBE, 0xD3, 0x58, 0x70, 0xF4, 0x1B, 0xA0, 0xC0, 0x41, 0x9A,
    0x0C, 0xCD, 0x46, 0xF5, 0xA9, 0xE0, 0x43, 0x1D, 0xD5, 0xB2, 0x62, 0x83, 0x03, 0x8E, 0x0B, 0xFD,
    0x85, 0x03, 0x5A, 0x69, 0x56, 0x9C, 0x9B, 0x1A, 0x7C, 0x7F, 0x9A, 0xB4, 0xE9, 0xCE, 0xD4, 0xB4,
    0xD6, 0xE0, 0x80, 0x5E, 0x9A, 0x09, 0xFC, 0x48, 0x0D, 0xBE, 0xF7, 0x01, 0x58, 0x0E, 0xAE, 0xAF,
    0x4D, 0xE4, 0x06, 0x07, 0x68, 0x13, 0x50, 0x08, 0xB0, 0x40, 0x48, 0xDC, 0xC4, 0xBF, 0x2A, 0xC5,
    0x01, 0xD2, 0xE0, 0x80, 0x86, 0x84, 0xFE, 0x43, 0x69, 0x37, 0xDD, 0xE8, 0x42, 0x39, 0x03, 0xCB,
    0x19, 0x82, 0xE3, 0x35, 0x7D, 0x02, 0xFE, 0x70, 0xF0, 0x33, 0x94, 0x67, 0xD0, 0xA7, 0x2F, 0x24,
    0xFE, 0x20, 0x28, 0xDA, 0xF5, 0xB4, 0xB1, 0xEE, 0x76, 0x63, 0xB1, 0xC7, 0x49, 0xA4, 0x8A, 0x50,
    0x55, 0x47, 0xCF, 0x03, 0xB2, 0x5B, 0x84, 0xE1, 0xC2, 0xBA, 0x48, 0x05, 0xAA, 0xE2, 0xB2, 0x32,
    0x34, 0x45, 0x86, 0x85, 0xF4, 0xA0, 0x5C, 0xA2, 0x84, 0xFF, 0x73, 0x99, 0x58, 0x5B, 0x27, 0xA0,
    0x14, 0x13, 0x96, 0x2C, 0xAC, 0xB2, 0x90, 0x4A, 0xB2, 0x91, 0x69, 0xA7, 0x54, 0xA4, 0x64, 0x70,
    0xF9, 0x2D, 0x03, 0x2C, 0x89, 0xDF, 0xF8, 0x67, 0x83, 0xA7, 0xE8, 0x84, 0x97, 0xD2, 0x52, 0x44,
    0xBA, 0x71, 0x4A, 0xC5, 0x0B, 0x7E, 0x3F, 0x43, 0x25, 0x91, 0xBF, 0x82, 0xA0, 0xE0, 0x6F, 0x6C,
    0xD7, 0x36, 0xCB, 0x26, 0x36, 0x49, 0xB6, 0x4E, 0x36, 0x6A, 0xD0, 0xA5, 0xA2, 0xAE, 0x95, 0x65,
    0xB1, 0x87, 0x92, 0xB8, 0x96, 0x92, 0x78, 0x55, 0x1C, 0xC4, 0x5B, 0xA4, 0x50, 0x8C, 0x4A, 0x3D,
    0x49, 0xCA, 0x85, 0x06, 0x71, 0x55, 0x32, 0x7C, 0x9C, 0x02, 0x54, 0x36, 0xF5, 0x0C, 0x61, 0x2D,
    0xB0, 0xE3, 0x31, 0x3E, 0x06, 0xA8, 0x9E, 0x23, 0x45, 0x64, 0x8C, 0x14, 0x92, 0x51, 0x32, 0x4C,
    0xC6, 0xC9, 0x40, 0x19, 0x29, 0x43, 0x65, 0xAC, 0x14, 0x96, 0xD1, 0xBA, 0xC6, 0x85, 0x7E, 0x84,
    0xC8, 0x52, 0xD8, 0x90, 0x65, 0x52, 0x47, 0x4E, 0x7E, 0x31, 0x4B, 0x76, 0xB3, 0x79, 0xF2, 0x5D,
    0xB8, 0x36, 0xE5, 0x7E, 0xD6, 0xF7, 0xC3, 0xCE, 0xBE, 0xE4, 0x59, 0xA4, 0x29, 0x67, 0x63, 0x48,
    0x78, 0xE4, 0xC0, 0x13, 0x20, 0x39, 0xF1, 0x84, 0x48, 0xCC, 0x39, 0x04, 0x63, 0x1A, 0x2B, 0xCD,
    0xA8, 0x3C, 0xE5, 0x40, 0x89, 0x41, 0x93, 0x39, 0xD4, 0x25, 0xB3, 0x28, 0x6B, 0xE0, 0xE1, 0xDC,
    0x31, 0xD9, 0x66, 0x33, 0x97, 0x72, 0xC7, 0x36, 0x65, 0x46, 0xB1, 0xDA, 0x90, 0xC5, 0x1F, 0x57,
    0x13, 0xDF, 0x6C, 0x1F, 0xD5, 0xAA, 0x07, 0xF4, 0x90, 0x0E, 0x8A, 0x61, 0x37, 0xEB, 0xEE, 0xD6,
    0xDD, 0xAE, 0x7B, 0xA0, 0xEC, 0x86, 0xDD, 0x1D, 0x5B, 0x2D, 0xBB, 0x7B, 0xF6, 0xD6, 0xB4, 0xC4,
    0x7E, 0xF8, 0xFD, 0xAD, 0xB2, 0xB7, 0x34, 0x9C, 0xFA, 0xCD, 0xD8, 0xB7, 0xAB, 0xB1, 0x67, 0xA9,
    0xCC, 0x9E, 0x55, 0x94, 0x7A, 0x34, 0xB3, 0x1D, 0x4E, 0xC9, 0xC4, 0x93, 0xB1, 0x5F, 0xBB, 0xD7,
    0xD8, 0x9F, 0x2B, 0xFB, 0xD1, 0xD8, 0xFB, 0xCA, 0x7E, 0x78, 0x85, 0x7D, 0xA9, 0xEC, 0xF3, 0x4B,
    0xF6, 0xEE, 0xFF, 0x65, 0xDF, 0xCB, 0xDF, 0x98, 0x13, 0xB3, 0xE4, 0x04, 0xEB, 0xC1, 0x19, 0xE4,
    0x74, 0xE3, 0xA7, 0x68, 0x4E, 0xB8, 0xBB, 0x9C, 0xE8, 0x78, 0x5C, 0x76, 0x7C, 0xFF, 0xB8, 0xE4,
    0x38, 0x73, 0x35, 0x3B, 0x6B, 0xA5, 0x2D, 0x99, 0x44, 0xEE, 0x7D, 0x4E, 0x48, 0x3E, 0x58, 0x15,
    0x13, 0xB0, 0x05, 0xF4, 0x03, 0x2C, 0x27, 0xF2, 0x4D, 0x4E, 0x8C, 0x9A, 0x13, 0x35, 0xBE, 0x4C,
    0x96, 0xE5, 0x04, 0xE4, 0x43, 0xE0, 0x9C, 0x88, 0x78, 0x15, 0xD0, 0xCB, 0x6E, 0xBB, 0xCA, 0x89,
    0xBB, 0xBC, 0xA8, 0x39, 0xB1, 0xDC, 0xE5, 0xC4, 0x28, 0xA4, 0xF2, 0xCB, 0x9C, 0x78, 0x92, 0x77,
    0xAD, 0xF2, 0xF2, 0xF3, 0x61, 0x93, 0x0C, 0x10, 0x4E, 0xB8, 0xF0, 0x0F, 0xB9, 0xE4, 0x44, 0xE8,
    0x45, 0x85, 0x25, 0x68, 0x2F, 0x44, 0x39, 0x03, 0x9D, 0xEF, 0xBE, 0x14, 0xAE, 0x31, 0x94, 0x40,
    0xBC, 0x2F, 0x74, 0x3B, 0x2D, 0x80, 0x53, 0xF5, 0x84, 0x06, 0xEB, 0x07, 0x42, 0xC2, 0xB2, 0x11,
    0x09, 0x6F, 0x21, 0x5D, 0x88, 0x14, 0x28, 0xA4, 0x91, 0x02, 0x8C, 0xEF, 0x21, 0xFC, 0x46, 0xE6,
    0x17, 0x17, 0xCD, 0xD9, 0x55, 0x36, 0x1E, 0x3F, 0x14, 0xF9, 0xBD, 0xA1, 0x19, 0xB0, 0x3E, 0x92,
    0x08, 0x9C, 0xE3, 0x33, 0xB8, 0x8D, 0xAA, 0x87, 0x66, 0xA1, 0xDA, 0x4F, 0x98, 0x69, 0xF1, 0xCB,
    0x78, 0x2A, 0x25, 0x80, 0x2F, 0xA3, 0x8B, 0xA8, 0x05, 0x2F, 0xCB, 0x3F, 0x4D, 0x90, 0x31, 0x0E,
    0x83, 0x30, 0x0C, 0x45, 0x1D, 0x18, 0x32, 0x74, 0xE0, 0x08, 0xB9, 0x42, 0x87, 0xEE, 0xB0, 0x75,
    0xEC, 0x91, 0x72, 0x34, 0x72, 0x04, 0x8E, 0xD0, 0xAD, 0x2B, 0x03, 0x63, 0xC2, 0xEF, 0xB7, 0x4D,
    0x24, 0x2C, 0xA1, 0x3C, 0x59, 0x8F, 0x2F, 0xDB, 0x22, 0xB7, 0x7A, 0x75, 0x68, 0xD7, 0x3B, 0x62,
    0x71, 0x98, 0xB0, 0x39, 0x64, 0x1C, 0xF6, 0x06, 0xC0, 0xA5, 0x08, 0xB8, 0x94, 0xBE, 0x92, 0x4D,
    0xCA, 0x6C, 0xAA, 0x14, 0x9A, 0x34, 0x4B, 0x8A, 0x35, 0x40, 0x56, 0x4A, 0xE9, 0x1C, 0x60, 0x52,
    0xC6, 0x0F, 0x32, 0x1F, 0x9A, 0x02, 0x76, 0x9A, 0xA5, 0x9C, 0xB2, 0x62, 0x49, 0x84, 0x2A, 0xC0,
    0x36, 0x13, 0x8E, 0x91, 0x9F, 0xC2, 0xC6, 0xF6, 0x3E, 0xA9, 0xBB, 0x02, 0x85, 0x5D, 0xE8, 0x0F,
    0x42, 0x0F, 0x0F, 0xF5, 0x85, 0xD2, 0x87, 0x8A, 0x0E, 0xAA, 0x55, 0x74, 0x74, 0xCB, 0x66, 0xE1,
    0x8C, 0xAA, 0x50, 0xE2, 0x1C, 0xBB, 0x6D, 0x43, 0x28, 0xB6, 0x5F, 0x1D, 0xE0, 0x7B, 0xE1, 0x5D,
    0x1D, 0x66, 0x57, 0x34, 0xA9, 0xF4, 0x23, 0xF4, 0xB3, 0xD4, 0x0E, 0xCF, 0xFB, 0xD5, 0xE4, 0x0F,
};

static const EpdGlyph notoserif_18_italicGlyphs[] = {
    { 0, 0, 0, 0, 0, 0, 0 }, // U+0000
    { 0, 0, 156, 0, 0, 0, 0 }, // U+000D
    { 0, 0, 156, 0, 0, 0, 0 }, // U+0020
    { 10, 27, 200, 2, 27, 68, 0 }, // !
    { 13, 9, 245, 4, 27, 30, 68 }, // "
    { 21, 27, 335, 0, 27, 142, 98 }, // #
    { 20, 33, 335, 0, 29, 165, 240 }, // $
    { 30, 27, 538, 2, 27, 203, 405 }, // %
    { 28, 27, 445, 1, 27, 189, 608 }, // &
    { 6, 9, 132, 4, 27, 14, 797 }, // '
    { 15, 35, 208, 1, 30, 132, 811 }, // (
    { 14, 35, 208, -2, 29, 123, 943 }, // )
    { 17, 16, 300, 4, 30, 68, 1066 }, // *
    { 17, 17, 335, 2, 23, 73, 1134 }, // +
    { 8, 11, 150, -2, 5, 22, 1207 }, // ,
    { 11, 3, 186, 0, 12, 9, 1229 }, // -
    { 6, 5, 150, 0, 5, 8, 1238 }, // .
    { 19, 34, 173, -4, 29, 162, 1246 }, // /
    { 19, 27, 335, 1, 27, 129, 1408 }, // 0
    { 16, 27, 275, -1, 27, 108, 1537 }, // 1
    { 21, 27, 335, -1, 27, 142, 1645 }, // 2
    { 21, 27, 335, -1, 27, 142, 1787 }, // 3
    { 21, 27, 335, -1, 27, 142, 1929 }, // 4
    { 20, 27, 335, 0, 27, 135, 2071 }, // 5
    { 19, 27, 335, 2, 27, 129, 2206 }, // 6
    { 19, 27, 335, 3, 27, 129, 2335 }, // 7
    { 20, 27, 335, 0, 27, 135, 2464 }, // 8
    { 19, 27, 335, 1, 27, 129, 2599 }, // 9
    { 9, 21, 172, 1, 21, 48, 2728 }, // :
    { 11, 27, 172, -1, 21, 75, 2776 }, // ;
    { 17, 20, 335, 2, 24, 85, 2851 }, // <
    { 17, 10, 335, 2, 19, 43, 2936 }, // =
    { 17, 20, 335, 2, 24, 85, 2979 }, // >
    { 16, 27, 300, 4, 27, 108, 3064 }, // ?
    { 31, 32, 553, 2, 27, 248, 3172 }, // @
    { 28, 27, 423, -3, 27, 189, 3420 }, // A
    { 25, 27, 392, -1, 27, 169, 3609 }, // B
    { 24, 27, 376, 1, 27, 162, 3778 }, // C
    { 28, 27, 435, -1, 27, 189, 3940 }, // D
    { 25, 27, 374, -1, 27, 169, 4129 }, // E
    { 25, 27, 354, -1, 27, 169, 4298 }, // F
    { 26, 27, 428, 1, 27, 176, 4467 }, // G
    { 33, 27, 476, -1, 27, 223, 4643 }, // H
    { 17, 27, 220, -1, 27, 115, 4866 }, // I
    { 22, 36, 214, -6, 27, 198, 4981 }, // J
    { 30, 27, 420, -1, 27, 203, 5179 }, // K
    { 23, 27, 374, -1, 27, 156, 5382 }, // L
    { 39, 27, 563, -1, 27, 264, 5538 }, // M
    { 33, 27, 458, -1, 27, 223, 5802 }, // N
    { 26, 27, 445, 1, 27, 176, 6025 }, // O
    { 25, 27, 372, -1, 27, 169, 6201 }, // P
    { 26, 37, 445, 1, 27, 241, 6370 }, // Q
    { 25, 27, 398, -1, 27, 169, 6611 }, // R
    { 21, 27, 326, 0, 27, 142, 6780 }, // S
    { 24, 27, 368, 2, 27, 162, 6922 }, // T
    { 27, 27, 438, 3, 27, 183, 7084 }, // U
    { 26, 27, 405, 3, 27, 176, 7267 }, // V
    { 40, 27, 627, 3, 27, 270, 7443 }, // W
    { 30, 27, 396, -2, 27, 203, 7713 }, // X
    { 25, 27, 375, 2, 27, 169, 7916 }, // Y
    { 25, 27, 363, -1, 27, 169, 8085 }, // Z
    { 16, 35, 216, 0, 29, 140, 8254 }, // [
    { 5, 34, 173, 4, 29, 43, 8394 }, // <backslash>
    { 16, 35, 216, -2, 29, 140, 8437 }, // ]
    { 19, 17, 335, 1, 27, 81, 8577 }, // ^
    { 19, 2, 275, -4, -3, 10, 8658 }, // _
    { 7, 6, 167, 5, 29, 11, 8668 }, // `
    { 21, 21, 347, 1, 21, 111, 8679 }, // a
    { 19, 29, 337, 1, 29, 138, 8790 }, // b
    { 18, 21, 292, 1, 21, 95, 8928 }, // c
    { 21, 29, 347, 1, 29, 153, 9023 }, // d
    { 17, 21, 296, 1, 21, 90, 9176 }, // e
    { 25, 38, 191, -6, 29, 238, 9266 }, // f
    { 25, 32, 334, -2, 23, 200, 9504 }, // g
    { 21, 29, 359, 1, 29, 153, 9704 }, // h
    { 9, 29, 182, 2, 29, 66, 9857 }, // i
    { 17, 38, 175, -6, 29, 162, 9923 }, // j
    { 22, 29, 341, 1, 29, 160, 10085 }, // k
    { 10, 29, 182, 2, 29, 73, 10245 }, // l
    { 32, 21, 538, 1, 21, 168, 10318 }, // m
    { 21, 21, 359, 1, 21, 111, 10486 }, // n
    { 19, 21, 344, 1, 21, 100, 10597 }, // o
    { 22, 30, 346, -1, 21, 165, 10697 }, // p
    { 20, 30, 336, 1, 21, 150, 10862 }, // q
    { 17, 21, 281, 1, 21, 90, 11012 }, // r
    { 17, 21, 278, 0, 21, 90, 11102 }, // s
    { 12, 26, 221, 2, 26, 78, 11192 }, // t
    { 20, 21, 359, 2, 21, 105, 11270 }, // u
    { 19, 22, 323, 0, 21, 105, 11375 }, // v
    { 29, 22, 491, 1, 21, 160, 11480 }, // w
    { 22, 21, 328, -1, 21, 116, 11640 }, // x
    { 26, 30, 317, -7, 21, 195, 11756 }, // y
    { 19, 21, 307, -1, 21, 100, 11951 }, // z
    { 17, 35, 257, 2, 29, 149, 12051 }, // {
    { 3, 38, 335, 9, 29, 29, 12200 }, // |
    { 17, 35, 257, -2, 29, 149, 12229 }, // }
    { 17, 7, 335, 2, 17, 30, 12378 }, // ~
    { 0, 0, 156, 0, 0, 0, 0 }, // U+00A0
    { 11, 28, 200, 0, 21, 77, 0 }, // U+00A1
    { 17, 27, 335, 3, 27, 115, 77 }, // U+00A2
    { 22, 27, 335, -1, 27, 149, 192 }, // U+00A3
    { 17, 18, 335, 2, 23, 77, 341 }, // U+00A4
    { 23, 27, 335, 2, 27, 156, 418 }, // U+00A5
    { 3, 38, 335, 9, 29, 29, 574 }, // U+00A6
    { 20, 34, 326, 0, 29, 170, 603 }, // U+00A7
    { 12, 4, 346, 7, 28, 12, 773 }, // U+00A8
    { 28, 28, 507, 2, 28, 196, 785 }, // U+00A9
    { 14, 12, 236, 2, 26, 42, 981 }, // U+00AA
    { 17, 15, 308, 2, 18, 64, 1023 }, // U+00AB
    { 17, 10, 335, 2, 15, 43, 1087 }, // U+00AC
    { 11, 3, 186, 0, 12, 9, 1130 }, // U+00AD
    { 28, 28, 507, 2, 28, 196, 1139 }, // U+00AE
    { 19, 2, 275, 3, 31, 10, 1335 }, // U+00AF
    { 12, 12, 240, 4, 28, 36, 1345 }, // U+00B0
    { 17, 22, 335, 2, 22, 94, 1381 }, // U+00B1
    { 14, 17, 240, 2, 31, 60, 1475 }, // U+00B2
    { 15, 17, 240, 2, 31, 64, 1535 }, // U+00B3
    { 9, 6, 158, 4, 29, 14, 1599 }, // U+00B4
    { 23, 30, 362, -1, 21, 173, 1613 }, // U+00B5
    { 21, 34, 370, 1, 29, 179, 1786 }, // U+00B6
    { 5, 5, 172, 3, 16, 7, 1965 }, // U+00B7
    { 10, 10, 200, 1, 1, 25, 1972 }, // U+00B8
    { 11, 17, 240, 3, 31, 47, 1997 }, // U+00B9
    { 14, 12, 238, 2, 26, 42, 2044 }, // U+00BA
    { 17, 15, 308, 0, 18, 64, 2086 }, // U+00BB
    { 29, 29, 523, 3, 28, 211, 2150 }, // U+00BC
    { 28, 28, 523, 3, 28, 196, 2361 }, // U+00BD
    { 30, 29, 523, 2, 28, 218, 2557 }, // U+00BE
    { 15, 28, 300, 0, 21, 105, 2775 }, // U+00BF
    { 28, 36, 423, -3, 36, 252, 2880 }, // U+00C0
    { 28, 36, 423, -3, 36, 252, 3132 }, // U+00C1
    { 28, 36, 423, -3, 36, 252, 3384 }, // U+00C2
    { 28, 34, 423, -3, 34, 238, 3636 }, // U+00C3
    { 28, 35, 423, -3, 35, 245, 3874 }, // U+00C4
    { 28, 34, 423, -3, 34, 238, 4119 }, // U+00C5
    { 40, 27, 571, -3, 27, 270, 4357 }, // U+00C6
    { 24, 36, 376, 1, 27, 216, 4627 }, // U+00C7
    { 25, 36, 374, -1, 36, 225, 4843 }, // U+00C8
    { 25, 36, 374, -1, 36, 225, 5068 }, // U+00C9
    { 25, 36, 374, -1, 36, 225, 5293 }, // U+00CA
    { 25, 35, 374, -1, 35, 219, 5518 }, // U+00CB
    { 17, 36, 220, -1, 36, 153, 5737 }, // U+00CC
    { 18, 36, 220, -1, 36, 162, 5890 }, // U+00CD
    { 18, 36, 220, -1, 36, 162, 6052 }, // U+00CE
    { 18, 35, 220, -1, 35, 158, 6214 }, // U+00CF
    { 28, 27, 435, -1, 27, 189, 6372 }, // U+00D0
    { 33, 34, 458, -1, 34, 281, 6561 }, // U+00D1
    { 26, 36, 445, 1, 36, 234, 6842 }, // U+00D2
    { 26, 36, 445, 1, 36, 234, 7076 }, // U+00D3
    { 26, 36, 445, 1, 36, 234, 7310 }, // U+00D4
    { 26, 35, 445, 1, 35, 228, 7544 }, // U+00D5
    { 26, 35, 445, 1, 35, 228, 7772 }, // U+00D6
    { 17, 17, 335, 2, 22, 73, 8000 }, // U+00D7
    { 26, 30, 445, 1, 29, 195, 8073 }, // U+00D8
    { 27, 36, 438, 3, 36, 243, 8268 }, // U+00D9
    { 27, 36, 438, 3, 36, 243, 8511 }, // U+00DA
    { 27, 36, 438, 3, 36, 243, 8754 }, // U+00DB
    { 27, 35, 438, 3, 35, 237, 8997 }, // U+00DC
    { 25, 36, 375, 2, 36, 225, 9234 }, // U+00DD
    { 24, 27, 362, -1, 27, 162, 9459 }, // U+00DE
    { 29, 38, 376, -6, 29, 276, 9621 }, // U+00DF
    { 21, 29, 347, 1, 29, 153, 9897 }, // U+00E0
    { 21, 29, 347, 1, 29, 153, 10050 }, // U+00E1
    { 21, 29, 347, 1, 29, 153, 10203 }, // U+00E2
    { 21, 27, 347, 1, 27, 142, 10356 }, // U+00E3
    { 21, 29, 347, 1, 29, 153, 10498 }, // U+00E4
    { 21, 32, 347, 1, 32, 168, 10651 }, // U+00E5
    { 29, 21, 488, 1, 21, 153, 10819 }, // U+00E6
    { 18, 30, 292, 1, 21, 135, 10972 }, // U+00E7
    { 17, 29, 296, 1, 29, 124, 11107 }, // U+00E8
    { 19, 29, 296, 1, 29, 138, 11231 }, // U+00E9
    { 18, 29, 296, 1, 29, 131, 11369 }, // U+00EA
    { 18, 29, 296, 1, 29, 131, 11500 }, // U+00EB
    { 9, 29, 182, 2, 29, 66, 11631 }, // U+00EC
    { 13, 29, 182, 2, 29, 95, 11697 }, // U+00ED
    { 12, 29, 182, 1, 29, 87, 11792 }, // U+00EE
    { 12, 29, 182, 1, 29, 87, 11879 }, // U+00EF
    { 19, 30, 344, 1, 30, 143, 11966 }, // U+00F0
    { 21, 27, 359, 1, 27, 142, 12109 }, // U+00F1
    { 19, 29, 344, 1, 29, 138, 12251 }, // U+00F2
    { 19, 29, 344, 1, 29, 138, 12389 }, // U+00F3
    { 19, 29, 344, 1, 29, 138, 12527 }, // U+00F4
    { 20, 27, 344, 1, 27, 135, 12665 }, // U+00F5
    { 19, 29, 344, 1, 29, 138, 12800 }, // U+00F6
    { 17, 19, 335, 2, 23, 81, 12938 }, // U+00F7
    { 22, 25, 344, 0, 23, 138, 13019 }, // U+00F8
    { 20, 29, 359, 2, 29, 145, 13157 }, // U+00F9
    { 20, 29, 359, 2, 29, 145, 13302 }, // U+00FA
    { 20, 29, 359, 2, 29, 145, 13447 }, // U+00FB
    { 20, 29, 359, 2, 29, 145, 13592 }, // U+00FC
    { 26, 38, 317, -7, 29, 247, 13737 }, // U+00FD
    { 21, 38, 337, -1, 29, 200, 13984 }, // U+00FE
    { 26, 38, 317, -7, 29, 247, 14184 }, // U+00FF
    { 28, 32, 423, -3, 32, 224, 0 }, // U+0100
    { 21, 26, 347, 1, 26, 137, 224 }, // U+0101
    { 28, 35, 423, -3, 35, 245, 361 }, // U+0102
    { 21, 29, 347, 1, 29, 153, 606 }, // U+0103
    { 28, 36, 423, -3, 27, 252, 759 }, // U+0104
    { 21, 30, 347, 1, 21, 158, 1011 }, // U+0105
    { 24, 36, 376, 1, 36, 216, 1169 }, // U+0106
    { 19, 29, 292, 1, 29, 138, 1385 }, // U+0107
    { 24, 36, 376, 1, 36, 216, 1523 }, // U+0108
    { 18, 29, 292, 1, 29, 131, 1739 }, // U+0109
    { 24, 36, 376, 1, 36, 216, 1870 }, // U+010A
    { 18, 29, 292, 1, 29, 131, 2086 }, // U+010B
    { 27, 36, 376, 1, 36, 243, 2217 }, // U+010C
    { 22, 29, 292, 1, 29, 160, 2460 }, // U+010D
    { 28, 36, 435, -1, 36, 252, 2620 }, // U+010E
    { 27, 29, 347, 1, 29, 196, 2872 }, // U+010F
    { 28, 27, 435, -1, 27, 189, 3068 }, // U+0110
    { 24, 29, 347, 1, 29, 174, 3257 }, // U+0111
    { 25, 32, 374, -1, 32, 200, 3431 }, // U+0112
    { 18, 26, 296, 1, 26, 117, 3631 }, // U+0113
    { 25, 35, 374, -1, 35, 219, 3748 }, // U+0114
    { 18, 29, 296, 1, 29, 131, 3967 }, // U+0115
    { 25, 35, 374, -1, 35, 219, 4098 }, // U+0116
    { 17, 29, 296, 1, 29, 124, 4317 }, // U+0117
    { 25, 36, 374, -1, 27, 225, 4441 }, // U+0118
    { 17, 29, 296, 1, 21, 124, 4666 }, // U+0119
    { 25, 36, 374, -1, 36, 225, 4790 }, // U+011A
    { 22, 29, 296, 1, 29, 160, 5015 }, // U+011B
    { 26, 36, 428, 1, 36, 234, 5175 }, // U+011C
    { 25, 38, 334, -2, 29, 238, 5409 }, // U+011D
    { 26, 35, 428, 1, 35, 228, 5647 }, // U+011E
    { 25, 38, 334, -2, 29, 238, 5875 }, // U+011F
    { 26, 36, 428, 1, 36, 234, 6113 }, // U+0120
    { 25, 38, 334, -2, 29, 238, 6347 }, // U+0121
    { 26, 35, 428, 1, 27, 228, 6585 }, // U+0122
    { 25, 38, 334, -2, 29, 238, 6813 }, // U+0123
    { 33, 36, 476, -1, 36, 297, 7051 }, // U+0124
    { 21, 38, 359, 1, 38, 200, 7348 }, // U+0125
    { 33, 27, 476, -1, 27, 223, 7548 }, // U+0126
    { 21, 29, 359, 1, 29, 153, 7771 }, // U+0127
    { 20, 34, 220, -1, 34, 170, 7924 }, // U+0128
    { 15, 27, 182, 0, 27, 102, 8094 }, // U+0129
    { 18, 32, 220, -1, 32, 144, 8196 }, // U+012A
    { 12, 26, 182, 2, 26, 78, 8340 }, // U+012B
    { 18, 35, 220, -1, 35, 158, 8418 }, // U+012C
    { 12, 29, 182, 2, 29, 87, 8576 }, // U+012D
    { 17, 36, 220, -1, 27, 153, 8663 }, // U+012E
    { 11, 38, 182, 0, 29, 105, 8816 }, // U+012F
    { 17, 36, 220, -1, 36, 153, 8921 }, // U+0130
    { 9, 21, 182, 2, 21, 48, 9074 }, // U+0131
    { 31, 36, 434, -1, 27, 279, 9122 }, // U+0132
    { 21, 38, 357, 2, 29, 200, 9401 }, // U+0133
    { 23, 45, 214, -6, 36, 259, 9601 }, // U+0134
    { 19, 38, 175, -6, 29, 181, 9860 }, // U+0135
    { 30, 36, 420, -1, 27, 270, 10041 }, // U+0136
    { 22, 37, 341, 1, 29, 204, 10311 }, // U+0137
    { 22, 21, 341, 1, 21, 116, 10515 }, // U+0138
    { 23, 36, 374, -1, 36, 207, 10631 }, // U+0139
    { 15, 38, 182, 2, 38, 143, 10838 }, // U+013A
    { 23, 36, 374, -1, 27, 207, 10981 }, // U+013B
    { 13, 37, 182, -1, 29, 121, 11188 }, // U+013C
    { 24, 27, 374, -1, 27, 162, 11309 }, // U+013D
    { 16, 29, 182, 2, 29, 116, 11471 }, // U+013E
    { 23, 27, 374, -1, 27, 156, 11587 }, // U+013F
    { 14, 29, 236, 2, 29, 102, 11743 }, // U+0140
    { 23, 27, 374, -1, 27, 156, 11845 }, // U+0141
    { 13, 29, 194, 0, 29, 95, 12001 }, // U+0142
    { 33, 36, 458, -1, 36, 297, 12096 }, // U+0143
    { 21, 29, 359, 1, 29, 153, 12393 }, // U+0144
    { 33, 36, 458, -1, 27, 297, 12546 }, // U+0145
    { 21, 29, 359, 1, 21, 153, 12843 }, // U+0146
    { 33, 36, 458, -1, 36, 297, 12996 }, // U+0147
    { 22, 29, 359, 1, 29, 160, 13293 }, // U+0148
    { 28, 27, 463, 1, 27, 189, 13453 }, // U+0149
    { 33, 36, 458, -1, 27, 297, 13642 }, // U+014A
    { 19, 30, 337, 1, 21, 143, 13939 }, // U+014B
    { 26, 32, 445, 1, 32, 208, 14082 }, // U+014C
    { 19, 26, 344, 1, 26, 124, 14290 }, // U+014D
    { 26, 36, 445, 1, 36, 234, 14414 }, // U+014E
    { 19, 29, 344, 1, 29, 138, 14648 }, // U+014F
    { 27, 36, 445, 1, 36, 243, 14786 }, // U+0150
    { 22, 29, 344, 1, 29, 160, 15029 }, // U+0151
    { 36, 27, 577, 1, 27, 243, 15189 }, // U+0152
    { 31, 21, 518, 1, 21, 163, 15432 }, // U+0153
    { 25, 36, 398, -1, 36, 225, 15595 }, // U+0154
    { 17, 29, 281, 1, 29, 124, 15820 }, // U+0155
    { 25, 36, 398, -1, 27, 225, 15944 }, // U+0156
    { 20, 30, 281, -2, 21, 150, 16169 }, // U+0157
    { 26, 36, 398, -1, 36, 234, 16319 }, // U+0158
    { 19, 29, 281, 1, 29, 138, 16553 }, // U+0159
    { 22, 36, 326, 0, 36, 198, 16691 }, // U+015A
    { 19, 29, 278, 0, 29, 138, 16889 }, // U+015B
    { 21, 36, 326, 0, 36, 189, 17027 }, // U+015C
    { 17, 29, 278, 0, 29, 124, 17216 }, // U+015D
    { 21, 36, 326, 0, 27, 189, 17340 }, // U+015E
    { 17, 30, 278, 0, 21, 128, 17529 }, // U+015F
    { 24, 36, 326, 0, 36, 216, 17657 }, // U+0160
    { 19, 29, 278, 0, 29, 138, 17873 }, // U+0161
    { 24, 36, 368, 2, 27, 216, 18011 }, // U+0162
    { 14, 35, 221, 0, 26, 123, 18227 }, // U+0163
    { 24, 36, 368, 2, 36, 216, 18350 }, // U+0164
    { 16, 29, 221, 2, 29, 116, 18566 }, // U+0165
    { 24, 27, 368, 2, 27, 162, 18682 }, // U+0166
    { 13, 26, 221, 1, 26, 85, 18844 }, // U+0167
    { 27, 35, 438, 3, 35, 237, 18929 }, // U+0168
    { 20, 27, 359, 2, 27, 135, 19166 }, // U+0169
    { 27, 32, 438, 3, 32, 216, 19301 }, // U+016A
    { 20, 26, 359, 2, 26, 130, 19517 }, // U+016B
    { 27, 36, 438, 3, 36, 243, 19647 }, // U+016C
    { 20, 29, 359, 2, 29, 145, 19890 }, // U+016D
    { 27, 38, 438, 3, 38, 257, 20035 }, // U+016E
    { 20, 32, 359, 2, 32, 160, 20292 }, // U+016F
    { 27, 36, 438, 3, 36, 243, 20452 }, // U+0170
    { 22, 29, 359, 2, 29, 160, 20695 }, // U+0171
    { 27, 36, 438, 3, 27, 243, 20855 }, // U+0172
    { 20, 30, 359, 2, 21, 150, 21098 }, // U+0173
    { 40, 36, 627, 3, 36, 360, 21248 }, // U+0174
    { 29, 30, 491, 1, 29, 218, 21608 }, // U+0175
    { 25, 36, 375, 2, 36, 225, 21826 }, // U+0176
    { 26, 38, 317, -7, 29, 247, 22051 }, // U+0177
    { 25, 35, 375, 2, 35, 219, 22298 }, // U+0178
    { 25, 36, 363, -1, 36, 225, 22517 }, // U+0179
    { 19, 29, 307, -1, 29, 138, 22742 }, // U+017A
    { 25, 36, 363, -1, 36, 225, 22880 }, // U+017B
    { 19, 29, 307, -1, 29, 138, 23105 }, // U+017C
    { 25, 36, 363, -1, 36, 225, 23243 }, // U+017D
    { 22, 29, 307, -1, 29, 160, 23468 }, // U+017E
    { 25, 38, 180, -6, 29, 238, 23628 }, // U+017F
    { 31, 29, 467, 1, 29, 225, 0 }, // U+01A0
    { 25, 25, 364, 1, 25, 157, 225 }, // U+01A1
    { 30, 29, 467, 3, 29, 218, 382 }, // U+01AF
    { 25, 25, 392, 2, 25, 157, 600 }, // U+01B0
    { 52, 36, 798, -1, 36, 468, 757 }, // U+01C4
    { 49, 29, 742, -1, 29, 356, 1225 }, // U+01C5
    { 42, 29, 654, 1, 29, 305, 1581 }, // U+01C6
    { 40, 36, 588, -1, 27, 360, 1886 }, // U+01C7
    { 36, 38, 548, -1, 29, 342, 2246 }, // U+01C8
    { 21, 38, 357, 2, 29, 200, 2588 }, // U+01C9
    { 46, 36, 672, -1, 27, 414, 2788 }, // U+01CA
    { 41, 38, 632, -1, 29, 390, 3202 }, // U+01CB
    { 33, 38, 534, 1, 29, 314, 3592 }, // U+01CC
    { 30, 36, 423, -3, 36, 270, 3906 }, // U+01CD
    { 22, 29, 347, 1, 29, 160, 4176 }, // U+01CE
    { 21, 36, 220, -1, 36, 189, 4336 }, // U+01CF
    { 16, 29, 182, 2, 29, 116, 4525 }, // U+01D0
    { 26, 36, 445, 1, 36, 234, 4641 }, // U+01D1
    { 22, 29, 344, 1, 29, 160, 4875 }, // U+01D2
    { 27, 36, 438, 3, 36, 243, 5035 }, // U+01D3
    { 21, 29, 359, 2, 29, 153, 5278 }, // U+01D4
    { 27, 39, 438, 3, 39, 264, 5431 }, // U+01D5
    { 20, 32, 359, 2, 32, 160, 5695 }, // U+01D6
    { 27, 41, 438, 3, 41, 277, 5855 }, // U+01D7
    { 20, 34, 359, 2, 34, 170, 6132 }, // U+01D8
    { 27, 41, 438, 3, 41, 277, 6302 }, // U+01D9
    { 20, 34, 359, 2, 34, 170, 6579 }, // U+01DA
    { 27, 41, 438, 3, 41, 277, 6749 }, // U+01DB
    { 20, 34, 359, 2, 34, 170, 7026 }, // U+01DC
    { 17, 21, 296, 0, 21, 90, 7196 }, // U+01DD
    { 28, 38, 423, -3, 38, 266, 7286 }, // U+01DE
    { 21, 32, 347, 1, 32, 168, 7552 }, // U+01DF
    { 28, 38, 423, -3, 38, 266, 7720 }, // U+01E0
    { 21, 32, 347, 1, 32, 168, 7986 }, // U+01E1
    { 40, 32, 571, -3, 32, 320, 8154 }, // U+01E2
    { 29, 26, 488, 1, 26, 189, 8474 }, // U+01E3
    { 26, 27, 428, 1, 27, 176, 8663 }, // U+01E4
    { 25, 32, 334, -2, 23, 200, 8839 }, // U+01E5
    { 27, 36, 428, 1, 36, 243, 9039 }, // U+01E6
    { 25, 38, 334, -2, 29, 238, 9282 }, // U+01E7
    { 30, 36, 420, -1, 36, 270, 9520 }, // U+01E8
    { 23, 37, 341, 1, 37, 213, 9790 }, // U+01E9
    { 26, 36, 445, 1, 27, 234, 10003 }, // U+01EA
    { 19, 30, 344, 1, 21, 143, 10237 }, // U+01EB
    { 26, 42, 445, 1, 33, 273, 10380 }, // U+01EC
    { 19, 35, 344, 1, 26, 167, 10653 }, // U+01ED
    { 24, 36, 362, 0, 36, 216, 10820 }, // U+01EE
    { 24, 38, 328, -2, 29, 228, 11036 }, // U+01EF
    { 23, 38, 175, -6, 29, 219, 11264 }, // U+01F0
    { 52, 27, 798, -1, 27, 351, 11483 }, // U+01F1
    { 46, 27, 742, -1, 27, 311, 11834 }, // U+01F2
    { 39, 29, 654, 1, 29, 283, 12145 }, // U+01F3
    { 26, 36, 428, 1, 36, 234, 12428 }, // U+01F4
    { 25, 38, 334, -2, 29, 238, 12662 }, // U+01F5
    { 41, 27, 623, -1, 27, 277, 12900 }, // U+01F6
    { 30, 36, 443, -3, 27, 270, 13177 }, // U+01F7
    { 33, 37, 458, -1, 37, 306, 13447 }, // U+01F8
    { 21, 29, 359, 1, 29, 153, 13753 }, // U+01F9
    { 28, 37, 423, -3, 37, 259, 13906 }, // U+01FA
    { 21, 38, 347, 1, 38, 200, 14165 }, // U+01FB
    { 40, 36, 571, -3, 36, 360, 14365 }, // U+01FC
    { 29, 29, 488, 1, 29, 211, 14725 }, // U+01FD
    { 26, 37, 445, 1, 36, 241, 14936 }, // U+01FE
    { 22, 31, 344, 0, 29, 171, 15177 }, // U+01FF
    { 28, 36, 423, -3, 36, 252, 15348 }, // U+0200
    { 21, 29, 347, 1, 29, 153, 15600 }, // U+0201
    { 28, 35, 423, -3, 35, 245, 15753 }, // U+0202
    { 21, 29, 347, 1, 29, 153, 15998 }, // U+0203
    { 25, 36, 374, -1, 36, 225, 16151 }, // U+0204
    { 17, 29, 296, 1, 29, 124, 16376 }, // U+0205
    { 25, 35, 374, -1, 35, 219, 16500 }, // U+0206
    { 18, 29, 296, 1, 29, 131, 16719 }, // U+0207
    { 18, 36, 220, -1, 36, 162, 16850 }, // U+0208
    { 14, 29, 182, -2, 29, 102, 17012 }, // U+0209
    { 18, 36, 220, -1, 36, 162, 17114 }, // U+020A
    { 13, 29, 182, 2, 29, 95, 17276 }, // U+020B
    { 26, 37, 445, 1, 37, 241, 17371 }, // U+020C
    { 19, 29, 344, 1, 29, 138, 17612 }, // U+020D
    { 26, 36, 445, 1, 36, 234, 17750 }, // U+020E
    { 19, 29, 344, 1, 29, 138, 17984 }, // U+020F
    { 25, 36, 398, -1, 36, 225, 18122 }, // U+0210
    { 17, 29, 281, 1, 29, 124, 18347 }, // U+0211
    { 25, 35, 398, -1, 35, 219, 18471 }, // U+0212
    { 17, 29, 281, 1, 29, 124, 18690 }, // U+0213
    { 27, 37, 438, 3, 37, 250, 18814 }, // U+0214
    { 20, 29, 359, 2, 29, 145, 19064 }, // U+0215
    { 27, 35, 438, 3, 35, 237, 19209 }, // U+0216
    { 20, 29, 359, 2, 29, 145, 19446 }, // U+0217
    { 21, 35, 326, 0, 27, 184, 19591 }, // U+0218
    { 17, 29, 278, 0, 21, 124, 19775 }, // U+0219
    { 24, 36, 368, 2, 27, 216, 19899 }, // U+021A
    { 14, 34, 221, 0, 26, 119, 20115 }, // U+021B
    { 23, 34, 362, -1, 27, 196, 20234 }, // U+021C
    { 20, 31, 282, -3, 21, 155, 20430 }, // U+021D
    { 33, 36, 476, -1, 36, 297, 20585 }, // U+021E
    { 24, 37, 359, 1, 37, 222, 20882 }, // U+021F
    { 7, 6, 0, -14, 29, 11, 0 }, // U+0300
    { 9, 6, 0, -9, 29, 14, 11 }, // U+0301
    { 12, 6, 0, -3, 29, 18, 25 }, // U+0302
    { 15, 5, 0, -16, 28, 19, 43 }, // U+0303
    { 12, 2, 0, -3, 25, 6, 62 }, // U+0304
    { 13, 2, 0, -2, 31, 7, 68 }, // U+0305
    { 12, 6, 0, -2, 29, 18, 75 }, // U+0306
    { 5, 5, 0, 1, 29, 7, 93 }, // U+0307
    { 12, 4, 0, -3, 28, 12, 100 }, // U+0308
    { 9, 9, 0, -13, 32, 21, 112 }, // U+0309
    { 10, 8, 0, -2, 31, 20, 133 }, // U+030A
    { 16, 6, 0, -3, 29, 24, 153 }, // U+030B
    { 12, 6, 0, 1, 29, 18, 177 }, // U+030C
    { 4, 6, 0, 1, 29, 6, 195 }, // U+030D
    { 10, 6, 0, -2, 29, 15, 201 }, // U+030E
    { 15, 6, 0, -16, 29, 23, 216 }, // U+030F
    { 11, 9, 0, -2, 32, 25, 239 }, // U+0310
    { 12, 6, 0, -3, 29, 18, 264 }, // U+0311
    { 8, 11, 0, -1, 28, 22, 282 }, // U+0312
    { 8, 11, 0, -2, 27, 22, 304 }, // U+0313
    { 6, 11, 0, 0, 27, 17, 326 }, // U+0314
    { 8, 11, 0, -2, 27, 22, 343 }, // U+0315
    { 7, 6, 0, -6, -3, 11, 365 }, // U+0316
    { 9, 6, 0, -8, -3, 14, 376 }, // U+0317
    { 8, 8, 0, -6, -1, 16, 390 }, // U+0318
    { 8, 8, 0, -7, -1, 16, 406 }, // U+0319
    { 10, 9, 187, 4, 29, 23, 422 }, // U+031A
    { 7, 9, 0, -2, 30, 16, 445 }, // U+031B
    { 6, 8, 0, -5, -1, 12, 461 }, // U+031C
    { 9, 6, 0, -8, -2, 14, 473 }, // U+031D
    { 9, 6, 0, -7, -2, 14, 487 }, // U+031E
    { 8, 8, 0, -7, -1, 16, 501 }, // U+031F
    { 10, 2, 0, -8, -4, 5, 517 }, // U+0320
    { 9, 9, 0, -8, 1, 21, 522 }, // U+0321
    { 7, 9, 0, -3, 1, 16, 543 }, // U+0322
    { 6, 5, 0, -17, -2, 8, 559 }, // U+0323
    { 12, 4, 0, -9, -3, 12, 567 }, // U+0324
    { 10, 8, 0, -8, -2, 20, 579 }, // U+0325
    { 6, 6, 0, -7, -2, 9, 599 }, // U+0326
    { 10, 10, 0, -7, 1, 25, 608 }, // U+0327
    { 9, 9, 0, -7, 0, 21, 633 }, // U+0328
    { 4, 6, 0, -5, -2, 6, 654 }, // U+0329
    { 15, 6, 0, -11, -3, 23, 660 }, // U+032A
    { 13, 5, 0, -9, -2, 17, 683 }, // U+032B
    { 12, 6, 0, -6, -2, 18, 700 }, // U+032C
    { 12, 6, 0, -10, -2, 18, 718 }, // U+032D
    { 12, 6, 0, -9, -2, 18, 736 }, // U+032E
    { 12, 6, 0, -9, -2, 18, 754 }, // U+032F
    { 16, 5, 0, -11, -2, 20, 772 }, // U+0330
    { 12, 2, 0, -9, -3, 6, 792 }, // U+0331
    { 17, 2, 0, -19, -3, 9, 798 }, // U+0332
    { 18, 7, 0, -20, -2, 32, 807 }, // U+0333
    { 16, 5, 0, -8, 13, 20, 839 }, // U+0334
    { 14, 2, 0, -7, 12, 7, 859 }, // U+0335
    { 25, 2, 0, -12, 12, 13, 866 }, // U+0336
    { 14, 10, 0, -7, 16, 35, 879 }, // U+0337
    { 22, 34, 0, -10, 30, 187, 914 }, // U+0338
    { 7, 8, 0, -7, -1, 14, 1101 }, // U+0339
    { 15, 6, 0, -11, -3, 23, 1115 }, // U+033A
    { 16, 7, 0, -11, -2, 28, 1138 }, // U+033B
    { 13, 5, 0, -10, -2, 17, 1166 }, // U+033C
    { 8, 7, 0, -1, 29, 14, 1183 }, // U+033D
    { 7, 12, 0, 0, 34, 21, 1197 }, // U+033E
    { 18, 7, 0, -5, 36, 32, 1218 }, // U+033F
    { 7, 6, 0, -1, 29, 11, 1250 }, // U+0340
    { 9, 6, 0, -1, 29, 14, 1261 }, // U+0341
    { 15, 5, 0, -4, 28, 19, 1275 }, // U+0342
    { 6, 8, 0, 1, 31, 12, 1294 }, // U+0343
    { 16, 8, 0, -5, 30, 32, 1306 }, // U+0344
    { 6, 6, 0, -1, -3, 9, 1338 }, // U+0345
    { 16, 6, 0, -5, 29, 24, 1347 }, // U+0346
    { 18, 7, 0, -12, -1, 32, 1371 }, // U+0347
    { 10, 6, 0, -8, -2, 15, 1403 }, // U+0348
    { 7, 6, 0, -6, -3, 11, 1418 }, // U+0349
    { 15, 9, 0, -4, 30, 34, 1429 }, // U+034A
    { 15, 13, 0, -4, 35, 49, 1463 }, // U+034B
    { 16, 10, 0, -4, 33, 40, 1512 }, // U+034C
    { 12, 8, 0, -9, -1, 24, 1552 }, // U+034D
    { 8, 9, 0, -7, 0, 18, 1576 }, // U+034E
    { 28, 27, 0, -14, 27, 189, 1594 }, // U+034F
    { 7, 8, 0, -1, 30, 14, 1783 }, // U+0350
    { 6, 8, 0, 0, 31, 12, 1797 }, // U+0351
    { 11, 9, 0, -2, 32, 25, 1809 }, // U+0352
    { 9, 9, 0, -7, -1, 21, 1834 }, // U+0353
    { 9, 8, 0, -7, -1, 18, 1855 }, // U+0354
    { 9, 8, 0, -7, -1, 18, 1873 }, // U+0355
    { 15, 8, 0, -10, -1, 30, 1891 }, // U+0356
    { 6, 8, 0, 0, 31, 12, 1921 }, // U+0357
    { 5, 5, 0, 6, 29, 7, 1933 }, // U+0358
    { 10, 10, 0, -5, 0, 25, 1940 }, // U+0359
    { 14, 8, 0, -10, -1, 28, 1965 }, // U+035A
    { 8, 8, 0, -1, 31, 16, 1993 }, // U+035B
    { 29, 7, 0, -17, -1, 51, 2009 }, // U+035C
    { 30, 7, 0, -11, 30, 53, 2060 }, // U+035D
    { 24, 2, 0, -9, 25, 12, 2113 }, // U+035E
    { 24, 2, 0, -15, -3, 12, 2125 }, // U+035F
    { 31, 5, 0, -12, 28, 39, 2137 }, // U+0360
    { 30, 7, 0, -12, 32, 53, 2176 }, // U+0361
    { 23, 8, 0, -15, -1, 46, 2229 }, // U+0362
    { 10, 9, 0, -1, 33, 23, 2275 }, // U+0363
    { 8, 9, 0, 0, 33, 18, 2298 }, // U+0364
    { 5, 12, 0, 2, 36, 15, 2316 }, // U+0365
    { 9, 9, 0, -1, 33, 21, 2331 }, // U+0366
    { 10, 9, 0, -1, 33, 23, 2352 }, // U+0367
    { 8, 9, 0, 0, 33, 18, 2375 }, // U+0368
    { 10, 12, 0, -1, 36, 30, 2393 }, // U+0369
    { 10, 12, 0, -1, 36, 30, 2423 }, // U+036A
    { 15, 8, 0, -4, 32, 30, 2453 }, // U+036B
    { 8, 8, 0, 0, 32, 16, 2483 }, // U+036C
    { 6, 11, 0, 1, 35, 17, 2499 }, // U+036D
    { 9, 9, 0, -1, 32, 21, 2516 }, // U+036E
    { 11, 8, 0, -2, 32, 22, 2537 }, // U+036F
    { 25, 36, 377, -1, 36, 225, 0 }, // U+0400
    { 25, 35, 377, -1, 35, 219, 225 }, // U+0401
    { 26, 27, 481, 2, 27, 176, 444 }, // U+0402
    { 25, 36, 338, -1, 36, 225, 620 }, // U+0403
    { 23, 27, 368, 2, 27, 156, 845 }, // U+0404
    { 21, 27, 330, 0, 27, 142, 1001 }, // U+0405
    { 17, 27, 223, -1, 27, 115, 1143 }, // U+0406
    { 18, 35, 223, -1, 35, 158, 1258 }, // U+0407
    { 21, 36, 217, -5, 27, 189, 1416 }, // U+0408
    { 37, 27, 578, -2, 27, 250, 1605 }, // U+0409
    { 38, 27, 611, -1, 27, 257, 1855 }, // U+040A
    { 27, 27, 511, 2, 27, 183, 2112 }, // U+040B
    { 29, 36, 422, -1, 36, 261, 2295 }, // U+040C
    { 34, 36, 484, -1, 36, 306, 2556 }, // U+040D
    { 25, 36, 390, 3, 36, 225, 2862 }, // U+040E
    { 33, 35, 472, -1, 27, 289, 3087 }, // U+040F
    { 28, 27, 423, -3, 27, 189, 3376 }, // U+0410
    { 25, 27, 378, -1, 27, 169, 3565 }, // U+0411
    { 24, 27, 393, -1, 27, 162, 3734 }, // U+0412
    { 25, 27, 338, -1, 27, 169, 3896 }, // U+0413
    { 34, 35, 445, -4, 27, 298, 4065 }, // U+0414
    { 25, 27, 377, -1, 27, 169, 4363 }, // U+0415
    { 43, 27, 588, -3, 27, 291, 4532 }, // U+0416
    { 21, 27, 357, 0, 27, 142, 4823 }, // U+0417
    { 34, 27, 484, -1, 27, 230, 4965 }, // U+0418
    { 34, 36, 484, -1, 36, 306, 5195 }, // U+0419
    { 29, 27, 422, -1, 27, 196, 5501 }, // U+041A
    { 32, 27, 439, -2, 27, 216, 5697 }, // U+041B
    { 39, 27, 573, -1, 27, 264, 5913 }, // U+041C
    { 33, 27, 478, -1, 27, 223, 6177 }, // U+041D
    { 25, 27, 444, 2, 27, 169, 6400 }, // U+041E
    { 33, 27, 472, -1, 27, 223, 6569 }, // U+041F
    { 25, 27, 366, -1, 27, 169, 6792 }, // U+0420
    { 23, 27, 368, 2, 27, 156, 6961 }, // U+0421
    { 24, 27, 374, 2, 27, 162, 7117 }, // U+0422
    { 25, 27, 390, 3, 27, 169, 7279 }, // U+0423
    { 29, 29, 515, 2, 28, 211, 7448 }, // U+0424
    { 30, 27, 398, -2, 27, 203, 7659 }, // U+0425
    { 33, 35, 472, -1, 27, 289, 7862 }, // U+0426
    { 28, 27, 454, 3, 27, 189, 8151 }, // U+0427
    { 44, 27, 644, -1, 27, 297, 8340 }, // U+0428
    { 44, 35, 644, -1, 27, 385, 8637 }, // U+0429
    { 23, 27, 431, 2, 27, 156, 9022 }, // U+042A
    { 38, 27, 549, -1, 27, 257, 9178 }, // U+042B
    { 23, 27, 372, -1, 27, 156, 9435 }, // U+042C
    { 23, 27, 376, 0, 27, 156, 9591 }, // U+042D
    { 39, 27, 612, -1, 27, 264, 9747 }, // U+042E
    { 30, 27, 389, -3, 27, 203, 10011 }, // U+042F
    { 20, 21, 342, 1, 21, 105, 10214 }, // U+0430
    { 22, 30, 348, 1, 30, 165, 10319 }, // U+0431
    { 18, 21, 318, 1, 21, 95, 10484 }, // U+0432
    { 17, 21, 271, 0, 21, 90, 10579 }, // U+0433
    { 20, 30, 345, 1, 30, 150, 10669 }, // U+0434
    { 17, 21, 296, 1, 21, 90, 10819 }, // U+0435
    { 36, 21, 552, -1, 21, 189, 10909 }, // U+0436
    { 17, 21, 288, 0, 21, 90, 11098 }, // U+0437
    { 21, 21, 356, 1, 21, 111, 11188 }, // U+0438
    { 21, 30, 356, 1, 30, 158, 11299 }, // U+0439
    { 21, 21, 348, 1, 21, 111, 11457 }, // U+043A
    { 24, 21, 354, -2, 21, 126, 11568 }, // U+043B
    { 32, 21, 492, -2, 21, 168, 11694 }, // U+043C
    { 21, 21, 358, 1, 21, 111, 11862 }, // U+043D
    { 20, 21, 345, 1, 21, 105, 11973 }, // U+043E
    { 21, 21, 359, 1, 21, 111, 12078 }, // U+043F
    { 22, 30, 342, -1, 21, 165, 12189 }, // U+0440
    { 18, 21, 293, 1, 21, 95, 12354 }, // U+0441
    { 32, 21, 537, 1, 21, 168, 12449 }, // U+0442
    { 22, 30, 326, -2, 21, 165, 12617 }, // U+0443
    { 27, 39, 458, 1, 30, 264, 12782 }, // U+0444
    { 23, 21, 319, -2, 21, 121, 13046 }, // U+0445
    { 21, 30, 356, 1, 21, 158, 13167 }, // U+0446
    { 20, 21, 337, 1, 21, 105, 13325 }, // U+0447
    { 32, 21, 533, 1, 21, 168, 13430 }, // U+0448
    { 32, 30, 534, 1, 21, 240, 13598 }, // U+0449
    { 17, 21, 312, 1, 21, 90, 13838 }, // U+044A
    { 27, 21, 459, 1, 21, 142, 13928 }, // U+044B
    { 17, 21, 315, 1, 21, 90, 14070 }, // U+044C
    { 18, 21, 300, 0, 21, 95, 14160 }, // U+044D
    { 28, 21, 480, 1, 21, 147, 14255 }, // U+044E
    { 22, 21, 342, -1, 21, 116, 14402 }, // U+044F
    { 17, 30, 296, 1, 30, 128, 14518 }, // U+0450
    { 18, 29, 296, 1, 29, 131, 14646 }, // U+0451
    { 19, 39, 336, 1, 30, 186, 14777 }, // U+0452
    { 18, 30, 271, 0, 30, 135, 14963 }, // U+0453
    { 18, 21, 293, 1, 21, 95, 15098 }, // U+0454
    { 16, 21, 271, 0, 21, 84, 15193 }, // U+0455
    { 10, 30, 177, 1, 30, 75, 15277 }, // U+0456
    { 13, 30, 177, 1, 30, 98, 15352 }, // U+0457
    { 16, 39, 169, -5, 30, 156, 15450 }, // U+0458
    { 31, 21, 486, -2, 21, 163, 15606 }, // U+0459
    { 28, 21, 489, 1, 21, 147, 15769 }, // U+045A
    { 21, 30, 359, 1, 30, 158, 15916 }, // U+045B
    { 21, 30, 348, 1, 30, 158, 16074 }, // U+045C
    { 21, 30, 356, 1, 30, 158, 16232 }, // U+045D
    { 22, 39, 326, -2, 30, 215, 16390 }, // U+045E
    { 21, 30, 356, 1, 21, 158, 16605 }, // U+045F
    { 34, 27, 577, 2, 27, 230, 16763 }, // U+0460
    { 28, 21, 479, 1, 21, 147, 16993 }, // U+0461
    { 23, 27, 368, -1, 27, 156, 17140 }, // U+0462
    { 28, 21, 482, 1, 21, 147, 17296 }, // U+0463
    { 37, 27, 547, -1, 27, 250, 17443 }, // U+0464
    { 28, 21, 460, 1, 21, 147, 17693 }, // U+0465
    { 28, 27, 415, -3, 27, 189, 17840 }, // U+0466
    { 22, 21, 346, -2, 21, 116, 18029 }, // U+0467
    { 39, 27, 622, -1, 27, 264, 18145 }, // U+0468
    { 28, 21, 481, 1, 21, 147, 18409 }, // U+0469
    { 32, 27, 472, -3, 27, 216, 18556 }, // U+046A
    { 27, 21, 421, -2, 21, 142, 18772 }, // U+046B
    { 43, 27, 680, -1, 27, 291, 18914 }, // U+046C
    { 32, 21, 545, 1, 21, 168, 19205 }, // U+046D
    { 23, 41, 362, -1, 32, 236, 19373 }, // U+046E
    { 20, 33, 286, -2, 25, 165, 19609 }, // U+046F
    { 32, 27, 497, 4, 27, 216, 19774 }, // U+0470
    { 24, 39, 425, 2, 30, 234, 19990 }, // U+0471
    { 26, 27, 445, 1, 27, 176, 20224 }, // U+0472
    { 19, 21, 344, 1, 21, 100, 20400 }, // U+0473
    { 27, 27, 416, 3, 27, 183, 20500 }, // U+0474
    { 24, 22, 352, 0, 21, 132, 20683 }, // U+0475
    { 27, 36, 416, 3, 36, 243, 20815 }, // U+0476
    { 24, 30, 352, 0, 29, 180, 21058 }, // U+0477
    { 43, 36, 710, 1, 27, 387, 21238 }, // U+0478
    { 36, 30, 600, 1, 21, 270, 21625 }, // U+0479
    { 28, 32, 469, 1, 30, 224, 21895 }, // U+047A
    { 22, 25, 380, 1, 23, 138, 22119 }, // U+047B
    { 34, 40, 589, 2, 40, 340, 22257 }, // U+047C
    { 27, 34, 473, 1, 34, 230, 22597 }, // U+047D
    { 34, 34, 577, 2, 34, 289, 22827 }, // U+047E
    { 28, 27, 479, 1, 27, 189, 23116 }, // U+047F
    { 24, 36, 376, 1, 27, 216, 23305 }, // U+0480
    { 18, 30, 292, 1, 21, 135, 23521 }, // U+0481
    { 20, 26, 365, 1, 25, 130, 23656 }, // U+0482
    { 15, 6, 0, -5, 28, 23, 23786 }, // U+0483
    { 14, 4, 0, -4, 28, 14, 23809 }, // U+0484
    { 5, 7, 0, 1, 30, 9, 23823 }, // U+0485
    { 6, 7, 0, 0, 30, 11, 23832 }, // U+0486
    { 15, 4, 0, -3, 33, 15, 23843 }, // U+0487
    { 48, 43, 0, -24, 32, 516, 23858 }, // U+0488
    { 46, 46, 0, -23, 34, 529, 24374 }, // U+0489
    { 34, 45, 482, -1, 37, 383, 24903 }, // U+048A
    { 20, 39, 359, 2, 31, 195, 25286 }, // U+048B
    { 23, 29, 368, -1, 29, 167, 25481 }, // U+048C
    { 18, 25, 317, 1, 25, 113, 25648 }, // U+048D
    { 25, 27, 372, -1, 27, 169, 25761 }, // U+048E
    { 22, 30, 346, -1, 21, 165, 25930 }, // U+048F
    { 25, 33, 326, -1, 33, 207, 26095 }, // U+0490
    { 17, 25, 267, 1, 25, 107, 26302 }, // U+0491
    { 25, 27, 337, -1, 27, 169, 26409 }, // U+0492
    { 18, 21, 275, 0, 21, 95, 26578 }, // U+0493
    { 25, 36, 395, -1, 27, 225, 26673 }, // U+0494
    { 18, 30, 311, 0, 21, 135, 26898 }, // U+0495
    { 42, 36, 616, -3, 27, 378, 27033 }, // U+0496
    { 38, 30, 606, 0, 21, 285, 27411 }, // U+0497
    { 22, 35, 362, 0, 27, 193, 27696 }, // U+0498
    { 17, 29, 286, 0, 21, 124, 27889 }, // U+0499
    { 29, 36, 445, -1, 27, 261, 28013 }, // U+049A
    { 22, 30, 363, 1, 21, 165, 28274 }, // U+049B
    { 30, 27, 438, -1, 27, 203, 28439 }, // U+049C
    { 23, 21, 381, 1, 21, 121, 28642 }, // U+049D
    { 29, 27, 420, -1, 27, 196, 28763 }, // U+049E
    { 22, 30, 363, 1, 30, 165, 28959 }, // U+049F
    { 30, 27, 471, 2, 27, 203, 29124 }, // U+04A0
    { 26, 21, 425, 1, 21, 137, 29327 }, // U+04A1
    { 33, 36, 476, -1, 27, 297, 29464 }, // U+04A2
    { 22, 30, 377, 1, 21, 165, 29761 }, // U+04A3
    { 37, 27, 527, -1, 27, 250, 29926 }, // U+04A4
    { 28, 21, 452, 1, 21, 147, 30176 }, // U+04A5
    { 38, 36, 632, -1, 27, 342, 30323 }, // U+04A6
    { 30, 30, 515, 1, 21, 225, 30665 }, // U+04A7
    { 25, 28, 439, 1, 27, 175, 30890 }, // U+04A8
    { 21, 22, 367, 1, 21, 116, 31065 }, // U+04A9
    { 24, 35, 376, 1, 27, 210, 31181 }, // U+04AA
    { 18, 29, 292, 1, 21, 131, 31391 }, // U+04AB
    { 24, 35, 368, 2, 27, 210, 31522 }, // U+04AC
    { 32, 30, 538, 1, 21, 240, 31732 }, // U+04AD
    { 25, 27, 375, 2, 27, 169, 31972 }, // U+04AE
    { 19, 30, 330, 1, 21, 143, 32141 }, // U+04AF
    { 25, 27, 375, 2, 27, 169, 32284 }, // U+04B0
    { 19, 30, 330, 1, 21, 143, 32453 }, // U+04B1
    { 30, 36, 396, -2, 27, 270, 32596 }, // U+04B2
    { 23, 30, 328, -1, 21, 173, 32866 }, // U+04B3
    { 34, 35, 535, 2, 27, 298, 33039 }, // U+04B4
    { 26, 30, 442, 1, 21, 195, 33337 }, // U+04B5
    { 27, 36, 454, 3, 27, 243, 33532 }, // U+04B6
    { 22, 30, 365, 1, 21, 165, 33775 }, // U+04B7
    { 28, 27, 454, 3, 27, 189, 33940 }, // U+04B8
    { 20, 21, 337, 1, 21, 105, 34129 }, // U+04B9
    { 27, 27, 454, -1, 27, 183, 34234 }, // U+04BA
    { 21, 30, 359, 1, 30, 158, 34417 }, // U+04BB
    { 29, 27, 479, 1, 27, 196, 34575 }, // U+04BC
    { 22, 21, 360, 0, 21, 116, 34771 }, // U+04BD
    { 29, 35, 479, 1, 27, 254, 34887 }, // U+04BE
    { 22, 29, 360, 0, 21, 160, 35141 }, // U+04BF
    { 17, 27, 220, -1, 27, 115, 35301 }, // U+04C0
    { 43, 36, 588, -3, 36, 387, 35416 }, // U+04C1
    { 36, 30, 552, -1, 30, 270, 35803 }, // U+04C2
    { 29, 36, 416, -1, 27, 261, 36073 }, // U+04C3
    { 22, 30, 367, 1, 21, 165, 36334 }, // U+04C4
    { 31, 35, 421, -2, 27, 272, 36499 }, // U+04C5
    { 24, 29, 385, 0, 21, 174, 36771 }, // U+04C6
    { 33, 36, 473, -1, 27, 297, 36945 }, // U+04C7
    { 21, 30, 370, 1, 21, 158, 37242 }, // U+04C8
    { 33, 35, 476, -1, 27, 289, 37400 }, // U+04C9
    { 22, 29, 377, 1, 21, 160, 37689 }, // U+04CA
    { 27, 35, 454, 3, 27, 237, 37849 }, // U+04CB
    { 20, 29, 365, 1, 21, 145, 38086 }, // U+04CC
    { 39, 35, 563, -1, 27, 342, 38231 }, // U+04CD
    { 33, 29, 540, 0, 21, 240, 38573 }, // U+04CE
    { 17, 27, 220, -1, 27, 115, 38813 }, // U+04CF
    { 28, 36, 423, -3, 36, 252, 38928 }, // U+04D0
    { 21, 30, 347, 1, 30, 158, 39180 }, // U+04D1
    { 28, 35, 423, -3, 35, 245, 39338 }, // U+04D2
    { 21, 29, 347, 1, 29, 153, 39583 }, // U+04D3
    { 40, 27, 571, -3, 27, 270, 39736 }, // U+04D4
    { 29, 21, 488, 1, 21, 153, 40006 }, // U+04D5
    { 25, 36, 374, -1, 36, 225, 40159 }, // U+04D6
    { 17, 30, 296, 1, 30, 128, 40384 }, // U+04D7
    { 23, 27, 401, 1, 27, 156, 40512 }, // U+04D8
    { 17, 21, 296, 0, 21, 90, 40668 }, // U+04D9
    { 23, 35, 401, 1, 35, 202, 40758 }, // U+04DA
    { 17, 29, 296, 0, 29, 124, 40960 }, // U+04DB
    { 43, 35, 588, -3, 35, 377, 41084 }, // U+04DC
    { 36, 29, 552, -1, 29, 261, 41461 }, // U+04DD
    { 21, 35, 357, 0, 35, 184, 41722 }, // U+04DE
    { 17, 29, 288, 0, 29, 124, 41906 }, // U+04DF
    { 23, 27, 362, 0, 27, 156, 42030 }, // U+04E0
    { 22, 30, 328, -2, 21, 165, 42186 }, // U+04E1
    { 34, 32, 484, -1, 32, 272, 42351 }, // U+04E2
    { 20, 26, 359, 2, 26, 130, 42623 }, // U+04E3
    { 34, 35, 484, -1, 35, 298, 42753 }, // U+04E4
    { 20, 29, 359, 2, 29, 145, 43051 }, // U+04E5
    { 26, 35, 445, 1, 35, 228, 43196 }, // U+04E6
    { 19, 29, 344, 1, 29, 138, 43424 }, // U+04E7
    { 26, 27, 445, 1, 27, 176, 43562 }, // U+04E8
    { 19, 21, 344, 1, 21, 100, 43738 }, // U+04E9
    { 26, 35, 445, 1, 35, 228, 43838 }, // U+04EA
    { 19, 29, 344, 1, 29, 138, 44066 }, // U+04EB
    { 23, 35, 376, 0, 35, 202, 44204 }, // U+04EC
    { 18, 29, 300, 0, 29, 131, 44406 }, // U+04ED
    { 25, 33, 390, 3, 33, 207, 44537 }, // U+04EE
    { 26, 35, 317, -7, 26, 228, 44744 }, // U+04EF
    { 25, 35, 390, 3, 35, 219, 44972 }, // U+04F0
    { 26, 38, 317, -7, 29, 247, 45191 }, // U+04F1
    { 25, 36, 390, 3, 36, 225, 45438 }, // U+04F2
    { 28, 39, 317, -7, 30, 273, 45663 }, // U+04F3
    { 28, 35, 454, 3, 35, 245, 45936 }, // U+04F4
    { 20, 29, 337, 1, 29, 145, 46181 }, // U+04F5
    { 25, 36, 337, -1, 27, 225, 46326 }, // U+04F6
    { 18, 30, 275, 0, 21, 135, 46551 }, // U+04F7
    { 38, 35, 549, -1, 35, 333, 46686 }, // U+04F8
    { 27, 29, 459, 1, 29, 196, 47019 }, // U+04F9
    { 25, 35, 337, -1, 27, 219, 47215 }, // U+04FA
    { 18, 29, 275, 0, 21, 131, 47434 }, // U+04FB
    { 30, 35, 396, -2, 27, 263, 47565 }, // U+04FC
    { 23, 29, 328, -1, 21, 167, 47828 }, // U+04FD
    { 30, 27, 396, -2, 27, 203, 47995 }, // U+04FE
    { 22, 21, 328, -1, 21, 116, 48198 }, // U+04FF
    { 28, 34, 423, -3, 27, 238, 0 }, // U+1EA0
    { 21, 27, 347, 1, 21, 142, 238 }, // U+1EA1
    { 28, 38, 423, -3, 38, 266, 380 }, // U+1EA2
    { 21, 32, 347, 1, 32, 168, 646 }, // U+1EA3
    { 32, 38, 423, -3, 38, 304, 814 }, // U+1EA4
    { 24, 32, 347, 1, 32, 192, 1118 }, // U+1EA5
    { 28, 38, 423, -3, 38, 266, 1310 }, // U+1EA6
    { 21, 32, 347, 1, 32, 168, 1576 }, // U+1EA7
    { 30, 40, 423, -3, 40, 300, 1744 }, // U+1EA8
    { 22, 34, 347, 1, 34, 187, 2044 }, // U+1EA9
    { 28, 40, 423, -3, 40, 280, 2231 }, // U+1EAA
    { 21, 34, 347, 1, 34, 179, 2511 }, // U+1EAB
    { 28, 43, 423, -3, 36, 301, 2690 }, // U+1EAC
    { 21, 35, 347, 1, 29, 184, 2991 }, // U+1EAD
    { 28, 39, 423, -3, 39, 273, 3175 }, // U+1EAE
    { 21, 33, 347, 1, 33, 174, 3448 }, // U+1EAF
    { 28, 39, 423, -3, 39, 273, 3622 }, // U+1EB0
    { 21, 33, 347, 1, 33, 174, 3895 }, // U+1EB1
    { 28, 40, 423, -3, 40, 280, 4069 }, // U+1EB2
    { 21, 34, 347, 1, 34, 179, 4349 }, // U+1EB3
    { 28, 40, 423, -3, 40, 280, 4528 }, // U+1EB4
    { 21, 34, 347, 1, 34, 179, 4808 }, // U+1EB5
    { 28, 42, 423, -3, 35, 294, 4987 }, // U+1EB6
    { 21, 36, 347, 1, 29, 189, 5281 }, // U+1EB7
    { 25, 34, 374, -1, 27, 213, 5470 }, // U+1EB8
    { 17, 28, 296, 1, 21, 119, 5683 }, // U+1EB9
    { 25, 38, 374, -1, 38, 238, 5802 }, // U+1EBA
    { 17, 32, 296, 1, 32, 136, 6040 }, // U+1EBB
    { 25, 34, 374, -1, 34, 213, 6176 }, // U+1EBC
    { 19, 27, 296, 1, 27, 129, 6389 }, // U+1EBD
    { 29, 38, 374, -1, 38, 276, 6518 }, // U+1EBE
    { 24, 32, 296, 1, 32, 192, 6794 }, // U+1EBF
    { 25, 38, 374, -1, 38, 238, 6986 }, // U+1EC0
    { 18, 32, 296, 1, 32, 144, 7224 }, // U+1EC1
    { 27, 40, 374, -1, 40, 270, 7368 }, // U+1EC2
    { 22, 34, 296, 1, 34, 187, 7638 }, // U+1EC3
    { 25, 40, 374, -1, 40, 250, 7825 }, // U+1EC4
    { 20, 34, 296, 1, 34, 170, 8075 }, // U+1EC5
    { 25, 43, 374, -1, 36, 269, 8245 }, // U+1EC6
    { 18, 36, 296, 1, 29, 162, 8514 }, // U+1EC7
    { 17, 38, 220, -1, 38, 162, 8676 }, // U+1EC8
    { 12, 32, 182, 2, 32, 96, 8838 }, // U+1EC9
    { 17, 34, 220, -1, 27, 145, 8934 }, // U+1ECA
    { 11, 36, 182, 0, 29, 99, 9079 }, // U+1ECB
    { 26, 34, 445, 1, 27, 221, 9178 }, // U+1ECC
    { 19, 28, 344, 1, 21, 133, 9399 }, // U+1ECD
    { 26, 38, 445, 1, 38, 247, 9532 }, // U+1ECE
    { 19, 32, 344, 1, 32, 152, 9779 }, // U+1ECF
    { 28, 38, 445, 1, 38, 266, 9931 }, // U+1ED0
    { 24, 32, 344, 1, 32, 192, 10197 }, // U+1ED1
    { 26, 38, 445, 1, 38, 247, 10389 }, // U+1ED2
    { 19, 32, 344, 1, 32, 152, 10636 }, // U+1ED3
    { 26, 40, 445, 1, 40, 260, 10788 }, // U+1ED4
    { 22, 34, 344, 1, 34, 187, 11048 }, // U+1ED5
    { 26, 40, 445, 1, 40, 260, 11235 }, // U+1ED6
    { 20, 34, 344, 1, 34, 170, 11495 }, // U+1ED7
    { 26, 43, 445, 1, 36, 280, 11665 }, // U+1ED8
    { 19, 36, 344, 1, 29, 171, 11945 }, // U+1ED9
    { 31, 36, 467, 1, 36, 279, 12116 }, // U+1EDA
    { 25, 29, 364, 1, 29, 182, 12395 }, // U+1EDB
    { 31, 36, 467, 1, 36, 279, 12577 }, // U+1EDC
    { 25, 29, 364, 1, 29, 182, 12856 }, // U+1EDD
    { 31, 38, 467, 1, 38, 295, 13038 }, // U+1EDE
    { 25, 32, 364, 1, 32, 200, 13333 }, // U+1EDF
    { 31, 35, 467, 1, 35, 272, 13533 }, // U+1EE0
    { 25, 27, 364, 1, 27, 169, 13805 }, // U+1EE1
    { 31, 36, 467, 1, 29, 279, 13974 }, // U+1EE2
    { 25, 32, 364, 1, 25, 200, 14253 }, // U+1EE3
    { 27, 34, 438, 3, 27, 230, 14453 }, // U+1EE4
    { 20, 28, 359, 2, 21, 140, 14683 }, // U+1EE5
    { 27, 38, 438, 3, 38, 257, 14823 }, // U+1EE6
    { 20, 32, 359, 2, 32, 160, 15080 }, // U+1EE7
    { 30, 36, 467, 3, 36, 270, 15240 }, // U+1EE8
    { 25, 29, 392, 2, 29, 182, 15510 }, // U+1EE9
    { 30, 36, 467, 3, 36, 270, 15692 }, // U+1EEA
    { 25, 29, 392, 2, 29, 182, 15962 }, // U+1EEB
    { 30, 38, 467, 3, 38, 285, 16144 }, // U+1EEC
    { 25, 32, 392, 2, 32, 200, 16429 }, // U+1EED
    { 30, 35, 467, 3, 35, 263, 16629 }, // U+1EEE
    { 25, 27, 392, 2, 27, 169, 16892 }, // U+1EEF
    { 30, 36, 467, 3, 29, 270, 17061 }, // U+1EF0
    { 25, 32, 392, 2, 25, 200, 17331 }, // U+1EF1
    { 25, 36, 375, 2, 36, 225, 17531 }, // U+1EF2
    { 26, 38, 317, -7, 29, 247, 17756 }, // U+1EF3
    { 25, 34, 375, 2, 27, 213, 18003 }, // U+1EF4
    { 26, 30, 317, -7, 21, 195, 18216 }, // U+1EF5
    { 25, 38, 375, 2, 38, 238, 18411 }, // U+1EF6
    { 26, 41, 317, -7, 32, 267, 18649 }, // U+1EF7
    { 25, 34, 375, 2, 34, 213, 18916 }, // U+1EF8
    { 26, 36, 317, -7, 27, 234, 19129 }, // U+1EF9
    { 0, 0, 300, 0, 0, 0, 0 }, // U+2000
    { 0, 0, 600, 0, 0, 0, 0 }, // U+2001
    { 0, 0, 300, 0, 0, 0, 0 }, // U+2002
    { 0, 0, 600, 0, 0, 0, 0 }, // U+2003
    { 0, 0, 200, 0, 0, 0, 0 }, // U+2004
    { 0, 0, 150, 0, 0, 0, 0 }, // U+2005
    { 0, 0, 100, 0, 0, 0, 0 }, // U+2006
    { 0, 0, 335, 0, 0, 0, 0 }, // U+2007
    { 0, 0, 150, 0, 0, 0, 0 }, // U+2008
    { 0, 0, 100, 0, 0, 0, 0 }, // U+2009
    { 0, 0, 60, 0, 0, 0, 0 }, // U+200A
    { 0, 0, 0, 0, 0, 0, 0 }, // U+200B
    { 2, 30, 0, -1, 25, 15, 0 }, // U+200C
    { 10, 32, 0, -5, 27, 80, 15 }, // U+200D
    { 9, 33, 0, -1, 28, 75, 95 }, // U+200E
    { 9, 33, 0, -8, 28, 75, 170 }, // U+200F
    { 11, 3, 186, 0, 12, 9, 245 }, // U+2010
    { 11, 3, 186, 0, 12, 9, 254 }, // U+2011
    { 19, 2, 335, 1, 15, 10, 263 }, // U+2012
    { 21, 2, 300, -1, 11, 11, 273 }, // U+2013
    { 39, 2, 600, -1, 11, 20, 284 }, // U+2014
    { 39, 2, 600, -1, 11, 20, 304 }, // U+2015
    { 10, 38, 335, 6, 29, 95, 324 }, // U+2016
    { 18, 7, 247, -4, -1, 32, 419 }, // U+2017
    { 8, 11, 150, 3, 28, 22, 451 }, // U+2018
    { 7, 11, 150, 3, 27, 20, 473 }, // U+2019
    { 8, 11, 150, -2, 5, 22, 493 }, // U+201A
    { 7, 11, 150, 4, 27, 20, 515 }, // U+201B
    { 16, 11, 270, 3, 28, 44, 535 }, // U+201C
    { 15, 11, 270, 3, 27, 42, 579 }, // U+201D
    { 16, 11, 270, -2, 5, 44, 621 }, // U+201E
    { 14, 11, 270, 4, 27, 39, 665 }, // U+201F
    { 16, 34, 269, 2, 29, 136, 704 }, // U+2020
    { 20, 34, 269, -1, 29, 170, 840 }, // U+2021
    { 11, 11, 217, 2, 19, 31, 1010 }, // U+2022
    { 13, 13, 300, 5, 20, 43, 1041 }, // U+2023
    { 5, 5, 172, 3, 16, 7, 1084 }, // U+2024
    { 16, 5, 322, 3, 16, 20, 1091 }, // U+2025
    { 27, 5, 515, 1, 5, 34, 1111 }, // U+2026
    { 6, 5, 150, 2, 13, 8, 1145 }, // U+2027
    { 0, 0, 360, 0, 0, 0, 1153 }, // U+2028
    { 0, 0, 360, 0, 0, 0, 1153 }, // U+2029
    { 9, 29, 0, -1, 24, 66, 1153 }, // U+202A
    { 9, 29, 0, -8, 24, 66, 1219 }, // U+202B
    { 10, 32, 0, -5, 26, 80, 1285 }, // U+202C
    { 10, 32, 0, -5, 26, 80, 1365 }, // U+202D
    { 10, 32, 0, -5, 26, 80, 1445 }, // U+202E
    { 0, 0, 100, 0, 0, 0, 1525 }, // U+202F
    { 45, 27, 770, 2, 27, 304, 1525 }, // U+2030
    { 60, 27, 1003, 2, 27, 405, 1829 }, // U+2031
    { 8, 9, 132, 3, 27, 18, 2234 }, // U+2032
    { 15, 9, 245, 3, 27, 34, 2252 }, // U+2033
    { 22, 9, 358, 3, 27, 50, 2286 }, // U+2034
    { 6, 9, 132, 4, 27, 14, 2336 }, // U+2035
    { 13, 9, 245, 4, 27, 30, 2350 }, // U+2036
    { 20, 9, 358, 4, 27, 45, 2380 }, // U+2037
    { 12, 11, 240, -1, 2, 33, 2425 }, // U+2038
    { 10, 15, 200, 2, 18, 38, 2458 }, // U+2039
    { 11, 15, 200, 0, 18, 42, 2496 }, // U+203A
    { 27, 27, 491, 2, 27, 183, 2538 }, // U+203B
    { 19, 27, 336, 2, 27, 129, 2721 }, // U+203C
    { 16, 27, 300, 4, 27, 108, 2850 }, // U+203D
    { 19, 2, 275, 3, 31, 10, 2958 }, // U+203E
    { 29, 7, 0, -28, -1, 51, 2968 }, // U+203F
    { 29, 7, 0, -22, 32, 51, 3019 }, // U+2040
    { 17, 27, 270, -2, 27, 115, 3070 }, // U+2041
    { 35, 31, 600, 1, 30, 272, 3185 }, // U+2042
    { 12, 6, 217, 1, 17, 18, 3457 }, // U+2043
    { 22, 27, 37, -10, 27, 149, 3475 }, // U+2044
    { 16, 35, 216, 0, 29, 140, 3624 }, // U+2045
    { 16, 35, 216, -2, 29, 140, 3764 }, // U+2046
    { 34, 27, 586, 4, 27, 230, 3904 }, // U+2047
    { 25, 27, 472, 4, 27, 169, 4134 }, // U+2048
    { 29, 27, 468, 2, 27, 196, 4303 }, // U+2049
    { 18, 29, 335, 1, 22, 131, 4499 }, // U+204A
    { 21, 34, 370, 3, 29, 179, 4630 }, // U+204B
    { 20, 14, 358, 2, 21, 70, 4809 }, // U+204C
    { 20, 14, 358, 2, 21, 70, 4879 }, // U+204D
    { 17, 16, 300, 1, 22, 68, 4949 }, // U+204E
    { 8, 27, 172, 1, 21, 54, 5017 }, // U+204F
    { 24, 27, 438, 3, 27, 162, 5071 }, // U+2050
    { 20, 32, 300, 1, 30, 160, 5233 }, // U+2051
    { 12, 27, 197, 1, 27, 81, 5393 }, // U+2052
    { 18, 7, 335, 2, 17, 32, 5474 }, // U+2053
    { 29, 7, 0, -7, -1, 51, 5506 }, // U+2054
    { 18, 17, 324, 2, 22, 77, 5557 }, // U+2055
    { 18, 21, 368, 1, 21, 95, 5634 }, // U+2056
    { 29, 9, 470, 3, 27, 66, 5729 }, // U+2057
    { 21, 21, 425, 2, 21, 111, 5795 }, // U+2058
    { 22, 21, 425, 1, 21, 116, 5906 }, // U+2059
    { 6, 27, 172, 3, 27, 41, 6022 }, // U+205A
    { 21, 27, 425, 3, 27, 142, 6063 }, // U+205B
    { 22, 21, 418, 1, 21, 116, 6205 }, // U+205C
    { 6, 27, 172, 3, 27, 41, 6321 }, // U+205D
    { 5, 27, 172, 3, 27, 34, 6362 }, // U+205E
    { 0, 0, 133, 0, 0, 0, 6396 }, // U+205F
    { 0, 0, 360, 0, 0, 0, 6396 }, // U+2060
    { 0, 0, 360, 0, 0, 0, 6396 }, // U+2061
    { 0, 0, 360, 0, 0, 0, 6396 }, // U+2062
    { 0, 0, 360, 0, 0, 0, 6396 }, // U+2063
    { 0, 0, 360, 0, 0, 0, 6396 }, // U+2064
    { 0, 0, 360, 0, 0, 0, 6396 }, // U+2066
    { 0, 0, 360, 0, 0, 0, 6396 }, // U+2067
    { 0, 0, 360, 0, 0, 0, 6396 }, // U+2068
    { 0, 0, 360, 0, 0, 0, 6396 }, // U+2069
    { 10, 32, 0, -5, 26, 80, 6396 }, // U+206A
    { 10, 32, 0, -5, 26, 80, 6476 }, // U+206B
    { 10, 32, 0, -5, 27, 80, 6556 }, // U+206C
    { 10, 32, 0, -5, 27, 80, 6636 }, // U+206D
    { 10, 32, 0, -5, 27, 80, 6716 }, // U+206E
    { 10, 32, 0, -5, 26, 80, 6796 }, // U+206F
    { 15, 17, 240, 2, 31, 64, 0 }, // U+2070
    { 7, 17, 119, 3, 28, 30, 64 }, // U+2071
    { 15, 16, 240, 1, 31, 60, 94 }, // U+2074
    { 15, 17, 240, 2, 31, 64, 154 }, // U+2075
    { 13, 17, 240, 3, 31, 56, 218 }, // U+2076
    { 13, 17, 240, 4, 31, 56, 274 }, // U+2077
    { 15, 17, 240, 2, 31, 64, 330 }, // U+2078
    { 13, 17, 240, 3, 31, 56, 394 }, // U+2079
    { 13, 12, 236, 3, 28, 39, 450 }, // U+207A
    { 13, 2, 236, 3, 23, 7, 489 }, // U+207B
    { 13, 8, 235, 3, 26, 26, 496 }, // U+207C
    { 11, 23, 149, 4, 34, 64, 522 }, // U+207D
    { 12, 23, 150, -2, 34, 69, 586 }, // U+207E
    { 14, 13, 233, 3, 24, 46, 655 }, // U+207F
    { 14, 17, 240, -1, 13, 60, 701 }, // U+2080
    { 12, 17, 240, -1, 13, 51, 761 }, // U+2081
    { 15, 17, 240, -2, 13, 64, 812 }, // U+2082
    { 14, 17, 240, -1, 13, 60, 876 }, // U+2083
    { 15, 17, 240, -2, 13, 64, 936 }, // U+2084
    { 14, 17, 240, -1, 13, 60, 1000 }, // U+2085
    { 13, 17, 240, 0, 13, 56, 1060 }, // U+2086
    { 13, 17, 240, 1, 13, 56, 1116 }, // U+2087
    { 14, 17, 240, -1, 13, 60, 1172 }, // U+2088
    { 13, 17, 240, 0, 13, 56, 1232 }, // U+2089
    { 14, 13, 236, -1, 10, 46, 1288 }, // U+208A
    { 14, 3, 236, -1, 5, 11, 1334 }, // U+208B
    { 14, 8, 236, -1, 7, 28, 1345 }, // U+208C
    { 12, 24, 150, 0, 16, 72, 1373 }, // U+208D
    { 11, 24, 150, -5, 16, 66, 1445 }, // U+208E
    { 14, 13, 226, -1, 9, 46, 1511 }, // U+2090
    { 11, 13, 192, -1, 9, 36, 1557 }, // U+2091
    { 12, 13, 224, -1, 9, 39, 1593 }, // U+2092
    { 15, 13, 213, -3, 9, 49, 1632 }, // U+2093
    { 12, 13, 192, -2, 9, 39, 1681 }, // U+2094
    { 14, 18, 233, -1, 14, 63, 1720 }, // U+2095
    { 14, 18, 222, -1, 14, 63, 1783 }, // U+2096
    { 7, 18, 119, -1, 14, 32, 1846 }, // U+2097
    { 21, 13, 349, -1, 9, 69, 1878 }, // U+2098
    { 14, 13, 233, -1, 9, 46, 1947 }, // U+2099
    { 15, 18, 225, -3, 9, 68, 1993 }, // U+209A
    { 11, 13, 181, -2, 9, 36, 2061 }, // U+209B
    { 9, 16, 143, -1, 12, 36, 2097 }, // U+209C
    { 23, 27, 383, 1, 27, 156, 0 }, // U+20A0
    { 21, 33, 335, 1, 29, 174, 156 }, // U+20A1
    { 23, 27, 362, 1, 27, 156, 330 }, // U+20A2
    { 25, 27, 335, -2, 27, 169, 486 }, // U+20A3
    { 22, 27, 335, -1, 27, 149, 655 }, // U+20A4
    { 32, 30, 538, 1, 26, 240, 804 }, // U+20A5
    { 29, 27, 415, -1, 27, 196, 1044 }, // U+20A6
    { 32, 27, 491, -2, 27, 216, 1240 }, // U+20A7
    { 40, 27, 613, -2, 27, 270, 1456 }, // U+20A8
    { 41, 27, 627, 2, 27, 277, 1726 }, // U+20A9
    { 26, 23, 535, 4, 23, 150, 2003 }, // U+20AA
    { 25, 34, 347, 0, 29, 213, 2153 }, // U+20AB
    { 23, 27, 335, 0, 27, 156, 2366 }, // U+20AC
    { 28, 27, 390, -1, 27, 189, 2522 }, // U+20AD
    { 22, 27, 335, 2, 27, 149, 2711 }, // U+20AE
    { 38, 40, 600, -2, 32, 380, 2860 }, // U+20AF
    { 20, 36, 335, -2, 27, 180, 3240 }, // U+20B0
    { 27, 27, 372, -2, 27, 183, 3420 }, // U+20B1
    { 26, 32, 428, 1, 29, 208, 3603 }, // U+20B2
    { 31, 27, 423, -3, 27, 210, 3811 }, // U+20B3
    { 23, 27, 330, -1, 27, 156, 4021 }, // U+20B4
    { 24, 32, 376, 1, 29, 192, 4177 }, // U+20B5
    { 22, 27, 330, 1, 27, 149, 4369 }, // U+20B6
    { 21, 30, 335, 0, 27, 158, 4518 }, // U+20B7
    { 22, 27, 335, 2, 27, 149, 4676 }, // U+20B8
    { 20, 27, 335, 2, 27, 135, 4825 }, // U+20B9
    { 22, 27, 335, -2, 27, 149, 4960 }, // U+20BA
    { 21, 27, 392, 3, 27, 142, 5109 }, // U+20BB
    { 26, 26, 472, 1, 26, 169, 5251 }, // U+20BC
    { 24, 27, 354, -1, 27, 162, 5420 }, // U+20BD
    { 23, 31, 335, 0, 31, 179, 5582 }, // U+20BE
    { 22, 35, 335, -2, 31, 193, 5761 }, // U+20BF
    { 11, 3, 186, 0, 12, 9, 0 }, // U+2212
    { 36, 38, 370, -6, 29, 342, 0 }, // U+FB00
    { 28, 38, 356, -6, 29, 266, 342 }, // U+FB01
    { 29, 38, 356, -6, 29, 276, 608 }, // U+FB02
    { 39, 38, 535, -6, 29, 371, 884 }, // U+FB03
    { 40, 38, 534, -6, 29, 380, 1255 }, // U+FB04
    { 31, 38, 395, -6, 29, 295, 1635 }, // U+FB05
    { 32, 29, 499, 0, 29, 232, 1930 }, // U+FB06
    { 35, 36, 600, 1, 29, 315, 0 }, // U+FFFD
};

static const EpdUnicodeInterval notoserif_18_italicIntervals[] = {
    { 0x0, 0x0, 0x0 },
    { 0xD, 0xD, 0x1 },
    { 0x20, 0x7E, 0x2 },
    { 0xA0, 0xFF, 0x61 },
    { 0x100, 0x17F, 0xC1 },
    { 0x1A0, 0x1A1, 0x141 },
    { 0x1AF, 0x1B0, 0x143 },
    { 0x1C4, 0x21F, 0x145 },
    { 0x300, 0x36F, 0x1A1 },
    { 0x400, 0x4FF, 0x211 },
    { 0x1EA0, 0x1EF9, 0x311 },
    { 0x2000, 0x2064, 0x36B },
    { 0x2066, 0x206F, 0x3D0 },
    { 0x2070, 0x2071, 0x3DA },
    { 0x2074, 0x208E, 0x3DC },
    { 0x2090, 0x209C, 0x3F7 },
    { 0x20A0, 0x20BF, 0x404 },
    { 0x2212, 0x2212, 0x424 },
    { 0xFB00, 0xFB06, 0x425 },
    { 0xFFFD, 0xFFFD, 0x42C },
};

static const EpdFontGroup notoserif_18_italicGroups[] = {
    { 0, 5576, 13442, 97, 0 },
    { 5576, 4554, 15478, 96, 97 },
    { 10130, 6072, 25613, 128, 193 },
    { 16202, 6024, 22400, 96, 321 },
    { 22226, 1613, 2819, 112, 417 },
    { 23839, 16409, 51340, 256, 529 },
    { 40248, 3400, 20727, 90, 785 },
    { 43648, 2806, 7537, 111, 875 },
    { 46454, 1325, 2377, 42, 986 },
    { 47779, 3069, 6290, 32, 1028 },
    { 50848, 11, 9, 1, 1060 },
    { 50859, 737, 2208, 7, 1061 },
    { 51596, 164, 324, 1, 1068 },
};

static const EpdKernClassEntry notoserif_18_italicKernLeftClasses[] = {
    { 0x0022, 1 }, // "
    { 0x0026, 2 }, // &
    { 0x0027, 1 }, // '
    { 0x0028, 3 }, // (
    { 0x002A, 4 }, // *
    { 0x002C, 5 }, // ,
    { 0x002D, 6 }, // -
    { 0x002E, 5 }, // .
    { 0x0041, 7 }, // A
    { 0x0042, 8 }, // B
    { 0x0043, 9 }, // C
    { 0x0044, 10 }, // D
    { 0x0045, 11 }, // E
    { 0x0046, 12 }, // F
    { 0x0047, 13 }, // G
    { 0x004A, 14 }, // J
    { 0x004B, 15 }, // K
    { 0x004C, 16 }, // L
    { 0x004E, 17 }, // N
    { 0x004F, 10 }, // O
    { 0x0050, 18 }, // P
    { 0x0051, 10 }, // Q
    { 0x0052, 19 }, // R
    { 0x0053, 20 }, // S
    { 0x0054, 21 }, // T
    { 0x0055, 22 }, // U
    { 0x0056, 23 }, // V
    { 0x0057, 24 }, // W
    { 0x0058, 25 }, // X
    { 0x0059, 26 }, // Y
    { 0x005B, 3 }, // [
    { 0x005F, 27 }, // _
    { 0x0061, 28 }, // a
    { 0x0062, 29 }, // b
    { 0x0063, 30 }, // c
    { 0x0065, 30 }, // e
    { 0x0066, 31 }, // f
    { 0x0068, 28 }, // h
    { 0x006B, 32 }, // k
    { 0x006D, 28 }, // m
    { 0x006E, 28 }, // n
    { 0x006F, 29 }, // o
    { 0x0070, 29 }, // p
    { 0x0071, 33 }, // q
    { 0x0072, 34 }, // r
    { 0x0073, 35 }, // s
    { 0x0076, 36 }, // v
    { 0x0077, 37 }, // w
    { 0x0079, 38 }, // y
    { 0x007A, 39 }, // z
    { 0x007B, 3 }, // {
    { 0x00A1, 40 }, // U+00A1
    { 0x00AB, 41 }, // U+00AB
    { 0x00BF, 42 }, // U+00BF
    { 0x00C0, 43 }, // U+00C0
    { 0x00C1, 43 }, // U+00C1
    { 0x00C2, 43 }, // U+00C2
    { 0x00C3, 43 }, // U+00C3
    { 0x00C4, 43 }, // U+00C4
    { 0x00C5, 43 }, // U+00C5
    { 0x00C6, 11 }, // U+00C6
    { 0x00C7, 9 }, // U+00C7
    { 0x00C8, 11 }, // U+00C8
    { 0x00C9, 11 }, // U+00C9
    { 0x00CA, 11 }, // U+00CA
    { 0x00CB, 11 }, // U+00CB
    { 0x00D0, 10 }, // U+00D0
    { 0x00D1, 17 }, // U+00D1
    { 0x00D2, 10 }, // U+00D2
    { 0x00D3, 10 }, // U+00D3
    { 0x00D4, 10 }, // U+00D4
    { 0x00D5, 10 }, // U+00D5
    { 0x00D6, 10 }, // U+00D6
    { 0x00D8, 10 }, // U+00D8
    { 0x00D9, 22 }, // U+00D9
    { 0x00DA, 22 }, // U+00DA
    { 0x00DB, 22 }, // U+00DB
    { 0x00DC, 22 }, // U+00DC
    { 0x00DD, 26 }, // U+00DD
    { 0x00DE, 10 }, // U+00DE
    { 0x00DF, 35 }, // U+00DF
    { 0x00E0, 28 }, // U+00E0
    { 0x00E1, 28 }, // U+00E1
    { 0x00E2, 28 }, // U+00E2
    { 0x00E3, 28 }, // U+00E3
    { 0x00E4, 28 }, // U+00E4
    { 0x00E5, 28 }, // U+00E5
    { 0x00E6, 30 }, // U+00E6
    { 0x00E7, 30 }, // U+00E7
    { 0x00E8, 30 }, // U+00E8
    { 0x00E9, 30 }, // U+00E9
    { 0x00EA, 30 }, // U+00EA
    { 0x00EB, 30 }, // U+00EB
    { 0x00F0, 29 }, // U+00F0
    { 0x00F1, 28 }, // U+00F1
    { 0x00F2, 29 }, // U+00F2
    { 0x00F3, 29 }, // U+00F3
    { 0x00F4, 29 }, // U+00F4
    { 0x00F5, 29 }, // U+00F5
    { 0x00F6, 29 }, // U+00F6
    { 0x00F8, 29 }, // U+00F8
    { 0x00F9, 28 }, // U+00F9
    { 0x00FA, 28 }, // U+00FA
    { 0x00FB, 28 }, // U+00FB
    { 0x00FC, 28 }, // U+00FC
    { 0x00FD, 38 }, // U+00FD
    { 0x00FE, 29 }, // U+00FE
    { 0x00FF, 38 }, // U+00FF
    { 0x0100, 7 }, // U+0100
    { 0x0101, 28 }, // U+0101
    { 0x0102, 43 }, // U+0102
    { 0x0103, 28 }, // U+0103
    { 0x0104, 43 }, // U+0104
    { 0x0105, 28 }, // U+0105
    { 0x0106, 9 }, // U+0106
    { 0x0107, 30 }, // U+0107
    { 0x0108, 9 }, // U+0108
    { 0x0109, 30 }, // U+0109
    { 0x010A, 9 }, // U+010A
    { 0x010B, 30 }, // U+010B
    { 0x010C, 9 }, // U+010C
    { 0x010D, 30 }, // U+010D
    { 0x010E, 10 }, // U+010E
    { 0x010F, 44 }, // U+010F
    { 0x0110, 10 }, // U+0110
    { 0x0112, 11 }, // U+0112
    { 0x0113, 30 }, // U+0113
    { 0x0114, 11 }, // U+0114
    { 0x0115, 30 }, // U+0115
    { 0x0116, 11 }, // U+0116
    { 0x0117, 30 }, // U+0117
    { 0x0118, 11 }, // U+0118
    { 0x0119, 30 }, // U+0119
    { 0x011A, 11 }, // U+011A
    { 0x011B, 30 }, // U+011B
    { 0x011C, 13 }, // U+011C
    { 0x011E, 13 }, // U+011E
    { 0x0120, 13 }, // U+0120
    { 0x0122, 13 }, // U+0122
    { 0x0125, 28 }, // U+0125
    { 0x0127, 28 }, // U+0127
    { 0x0132, 14 }, // U+0132
    { 0x0134, 14 }, // U+0134
    { 0x0136, 15 }, // U+0136
    { 0x0137, 32 }, // U+0137
    { 0x0138, 32 }, // U+0138
    { 0x0139, 16 }, // U+0139
    { 0x013B, 16 }, // U+013B
    { 0x013D, 45 }, // U+013D
    { 0x013E, 44 }, // U+013E
    { 0x0141, 16 }, // U+0141
    { 0x0143, 17 }, // U+0143
    { 0x0144, 28 }, // U+0144
    { 0x0145, 17 }, // U+0145
    { 0x0146, 28 }, // U+0146
    { 0x0147, 17 }, // U+0147
    { 0x0148, 28 }, // U+0148
    { 0x0149, 28 }, // U+0149
    { 0x014A, 14 }, // U+014A
    { 0x014B, 28 }, // U+014B
    { 0x014C, 10 }, // U+014C
    { 0x014D, 29 }, // U+014D
    { 0x014E, 10 }, // U+014E
    { 0x014F, 29 }, // U+014F
    { 0x0150, 10 }, // U+0150
    { 0x0151, 29 }, // U+0151
    { 0x0152, 11 }, // U+0152
    { 0x0153, 30 }, // U+0153
    { 0x0154, 19 }, // U+0154
    { 0x0155, 34 }, // U+0155
    { 0x0156, 19 }, // U+0156
    { 0x0157, 34 }, // U+0157
    { 0x0158, 19 }, // U+0158
    { 0x0159, 34 }, // U+0159
    { 0x015A, 20 }, // U+015A
    { 0x015B, 35 }, // U+015B
    { 0x015C, 20 }, // U+015C
    { 0x015D, 35 }, // U+015D
    { 0x015E, 20 }, // U+015E
    { 0x015F, 35 }, // U+015F
    { 0x0160, 20 }, // U+0160
    { 0x0161, 35 }, // U+0161
    { 0x0162, 21 }, // U+0162
    { 0x0164, 21 }, // U+0164
    { 0x0166, 21 }, // U+0166
    { 0x0168, 22 }, // U+0168
    { 0x0169, 28 }, // U+0169
    { 0x016A, 22 }, // U+016A
    { 0x016B, 28 }, // U+016B
    { 0x016C, 22 }, // U+016C
    { 0x016D, 28 }, // U+016D
    { 0x016E, 22 }, // U+016E
    { 0x016F, 28 }, // U+016F
    { 0x0170, 22 }, // U+0170
    { 0x0171, 28 }, // U+0171
    { 0x0172, 22 }, // U+0172
    { 0x0173, 28 }, // U+0173
    { 0x0174, 24 }, // U+0174
    { 0x0175, 37 }, // U+0175
    { 0x0176, 26 }, // U+0176
    { 0x0177, 38 }, // U+0177
    { 0x0178, 26 }, // U+0178
    { 0x017A, 39 }, // U+017A
    { 0x017C, 39 }, // U+017C
    { 0x017E, 39 }, // U+017E
    { 0x01A0, 46 }, // U+01A0
    { 0x01A1, 47 }, // U+01A1
    { 0x01AF, 48 }, // U+01AF
    { 0x01B0, 49 }, // U+01B0
    { 0x01FA, 7 }, // U+01FA
    { 0x01FB, 28 }, // U+01FB
    { 0x01FC, 11 }, // U+01FC
    { 0x01FD, 30 }, // U+01FD
    { 0x01FE, 10 }, // U+01FE
    { 0x01FF, 29 }, // U+01FF
    { 0x0218, 20 }, // U+0218
    { 0x0219, 35 }, // U+0219
    { 0x021A, 21 }, // U+021A
    { 0x0400, 50 }, // U+0400
    { 0x0401, 50 }, // U+0401
    { 0x0402, 51 }, // U+0402
    { 0x0403, 52 }, // U+0403
    { 0x0404, 53 }, // U+0404
    { 0x0405, 54 }, // U+0405
    { 0x0406, 55 }, // U+0406
    { 0x0407, 55 }, // U+0407
    { 0x0408, 56 }, // U+0408
    { 0x0409, 57 }, // U+0409
    { 0x040A, 57 }, // U+040A
    { 0x040B, 58 }, // U+040B
    { 0x040C, 59 }, // U+040C
    { 0x040D, 55 }, // U+040D
    { 0x040E, 60 }, // U+040E
    { 0x040F, 55 }, // U+040F
    { 0x0410, 61 }, // U+0410
    { 0x0411, 62 }, // U+0411
    { 0x0412, 63 }, // U+0412
    { 0x0413, 52 }, // U+0413
    { 0x0414, 64 }, // U+0414
    { 0x0415, 50 }, // U+0415
    { 0x0416, 59 }, // U+0416
    { 0x0417, 63 }, // U+0417
    { 0x0418, 55 }, // U+0418
    { 0x0419, 55 }, // U+0419
    { 0x041A, 59 }, // U+041A
    { 0x041B, 55 }, // U+041B
    { 0x041C, 55 }, // U+041C
    { 0x041D, 55 }, // U+041D
    { 0x041E, 65 }, // U+041E
    { 0x041F, 55 }, // U+041F
    { 0x0420, 66 }, // U+0420
    { 0x0421, 53 }, // U+0421
    { 0x0422, 52 }, // U+0422
    { 0x0423, 60 }, // U+0423
    { 0x0424, 67 }, // U+0424
    { 0x0425, 68 }, // U+0425
    { 0x0426, 64 }, // U+0426
    { 0x0427, 55 }, // U+0427
    { 0x0428, 55 }, // U+0428
    { 0x0429, 64 }, // U+0429
    { 0x042A, 57 }, // U+042A
    { 0x042B, 55 }, // U+042B
    { 0x042C, 57 }, // U+042C
    { 0x042D, 65 }, // U+042D
    { 0x042E, 65 }, // U+042E
    { 0x042F, 55 }, // U+042F
    { 0x0430, 69 }, // U+0430
    { 0x0431, 70 }, // U+0431
    { 0x0432, 71 }, // U+0432
    { 0x0433, 72 }, // U+0433
    { 0x0434, 73 }, // U+0434
    { 0x0435, 74 }, // U+0435
    { 0x0436, 75 }, // U+0436
    { 0x0437, 71 }, // U+0437
    { 0x0438, 69 }, // U+0438
    { 0x0439, 69 }, // U+0439
    { 0x043A, 76 }, // U+043A
    { 0x043B, 69 }, // U+043B
    { 0x043C, 69 }, // U+043C
    { 0x043D, 69 }, // U+043D
    { 0x043E, 77 }, // U+043E
    { 0x043F, 78 }, // U+043F
    { 0x0440, 77 }, // U+0440
    { 0x0441, 79 }, // U+0441
    { 0x0442, 78 }, // U+0442
    { 0x0443, 80 }, // U+0443
    { 0x0444, 77 }, // U+0444
    { 0x0445, 76 }, // U+0445
    { 0x0446, 81 }, // U+0446
    { 0x0447, 69 }, // U+0447
    { 0x0448, 69 }, // U+0448
    { 0x0449, 81 }, // U+0449
    { 0x044A, 82 }, // U+044A
    { 0x044B, 69 }, // U+044B
    { 0x044C, 82 }, // U+044C
    { 0x044D, 77 }, // U+044D
    { 0x044E, 77 }, // U+044E
    { 0x044F, 69 }, // U+044F
    { 0x0450, 74 }, // U+0450
    { 0x0451, 74 }, // U+0451
    { 0x0452, 83 }, // U+0452
    { 0x0453, 72 }, // U+0453
    { 0x0454, 79 }, // U+0454
    { 0x0455, 84 }, // U+0455
    { 0x0456, 69 }, // U+0456
    { 0x0457, 85 }, // U+0457
    { 0x0458, 86 }, // U+0458
    { 0x0459, 82 }, // U+0459
    { 0x045A, 82 }, // U+045A
    { 0x045B, 78 }, // U+045B
    { 0x045C, 76 }, // U+045C
    { 0x045D, 69 }, // U+045D
    { 0x045E, 80 }, // U+045E
    { 0x045F, 69 }, // U+045F
    { 0x0460, 65 }, // U+0460
    { 0x0461, 87 }, // U+0461
    { 0x0462, 57 }, // U+0462
    { 0x0464, 53 }, // U+0464
    { 0x0465, 72 }, // U+0465
    { 0x0466, 61 }, // U+0466
    { 0x0468, 61 }, // U+0468
    { 0x046A, 88 }, // U+046A
    { 0x046C, 88 }, // U+046C
    { 0x046E, 63 }, // U+046E
    { 0x046F, 72 }, // U+046F
    { 0x0470, 89 }, // U+0470
    { 0x0471, 90 }, // U+0471
    { 0x0472, 65 }, // U+0472
    { 0x0473, 71 }, // U+0473
    { 0x0474, 60 }, // U+0474
    { 0x0475, 90 }, // U+0475
    { 0x0476, 60 }, // U+0476
    { 0x0477, 90 }, // U+0477
    { 0x0478, 91 }, // U+0478
    { 0x0479, 80 }, // U+0479
    { 0x047A, 65 }, // U+047A
    { 0x047B, 71 }, // U+047B
    { 0x047C, 65 }, // U+047C
    { 0x047D, 71 }, // U+047D
    { 0x047E, 65 }, // U+047E
    { 0x047F, 87 }, // U+047F
    { 0x0480, 53 }, // U+0480
    { 0x0481, 72 }, // U+0481
    { 0x048A, 64 }, // U+048A
    { 0x048B, 81 }, // U+048B
    { 0x048C, 57 }, // U+048C
    { 0x048E, 66 }, // U+048E
    { 0x048F, 71 }, // U+048F
    { 0x0490, 92 }, // U+0490
    { 0x0491, 93 }, // U+0491
    { 0x0492, 92 }, // U+0492
    { 0x0493, 93 }, // U+0493
    { 0x0494, 58 }, // U+0494
    { 0x0496, 59 }, // U+0496
    { 0x0497, 79 }, // U+0497
    { 0x0498, 63 }, // U+0498
    { 0x0499, 72 }, // U+0499
    { 0x049A, 59 }, // U+049A
    { 0x049B, 79 }, // U+049B
    { 0x049C, 59 }, // U+049C
    { 0x049D, 79 }, // U+049D
    { 0x049E, 59 }, // U+049E
    { 0x049F, 79 }, // U+049F
    { 0x04A0, 59 }, // U+04A0
    { 0x04A1, 79 }, // U+04A1
    { 0x04A2, 64 }, // U+04A2
    { 0x04A3, 81 }, // U+04A3
    { 0x04A4, 92 }, // U+04A4
    { 0x04A6, 58 }, // U+04A6
    { 0x04AA, 53 }, // U+04AA
    { 0x04AB, 72 }, // U+04AB
    { 0x04AC, 92 }, // U+04AC
    { 0x04AD, 81 }, // U+04AD
    { 0x04AE, 89 }, // U+04AE
    { 0x04AF, 90 }, // U+04AF
    { 0x04B0, 89 }, // U+04B0
    { 0x04B1, 90 }, // U+04B1
    { 0x04B2, 68 }, // U+04B2
    { 0x04B3, 76 }, // U+04B3
    { 0x04B4, 64 }, // U+04B4
    { 0x04B5, 81 }, // U+04B5
    { 0x04B6, 64 }, // U+04B6
    { 0x04B7, 81 }, // U+04B7
    { 0x04B8, 55 }, // U+04B8
    { 0x04B9, 69 }, // U+04B9
    { 0x04BA, 58 }, // U+04BA
    { 0x04BB, 82 }, // U+04BB
    { 0x04BC, 94 }, // U+04BC
    { 0x04BD, 74 }, // U+04BD
    { 0x04BE, 94 }, // U+04BE
    { 0x04BF, 74 }, // U+04BF
    { 0x04C1, 59 }, // U+04C1
    { 0x04C2, 79 }, // U+04C2
    { 0x04C3, 58 }, // U+04C3
    { 0x04C5, 64 }, // U+04C5
    { 0x04C6, 81 }, // U+04C6
    { 0x04C7, 56 }, // U+04C7
    { 0x04C9, 64 }, // U+04C9
    { 0x04CA, 81 }, // U+04CA
    { 0x04CC, 81 }, // U+04CC
    { 0x04CD, 64 }, // U+04CD
    { 0x04CE, 81 }, // U+04CE
    { 0x04D0, 61 }, // U+04D0
    { 0x04D1, 81 }, // U+04D1
    { 0x04D2, 61 }, // U+04D2
    { 0x04D3, 81 }, // U+04D3
    { 0x04D4, 50 }, // U+04D4
    { 0x04D5, 74 }, // U+04D5
    { 0x04D6, 50 }, // U+04D6
    { 0x04D7, 74 }, // U+04D7
    { 0x04D8, 65 }, // U+04D8
    { 0x04D9, 71 }, // U+04D9
    { 0x04DA, 65 }, // U+04DA
    { 0x04DB, 71 }, // U+04DB
    { 0x04DC, 59 }, // U+04DC
    { 0x04DD, 79 }, // U+04DD
    { 0x04DE, 63 }, // U+04DE
    { 0x04DF, 71 }, // U+04DF
    { 0x04E0, 63 }, // U+04E0
    { 0x04E1, 95 }, // U+04E1
    { 0x04E2, 55 }, // U+04E2
    { 0x04E3, 81 }, // U+04E3
    { 0x04E4, 55 }, // U+04E4
    { 0x04E5, 81 }, // U+04E5
    { 0x04E6, 65 }, // U+04E6
    { 0x04E7, 71 }, // U+04E7
    { 0x04E8, 65 }, // U+04E8
    { 0x04E9, 71 }, // U+04E9
    { 0x04EA, 65 }, // U+04EA
    { 0x04EB, 71 }, // U+04EB
    { 0x04EC, 65 }, // U+04EC
    { 0x04ED, 77 }, // U+04ED
    { 0x04EE, 60 }, // U+04EE
    { 0x04EF, 80 }, // U+04EF
    { 0x04F0, 60 }, // U+04F0
    { 0x04F1, 80 }, // U+04F1
    { 0x04F2, 60 }, // U+04F2
    { 0x04F3, 80 }, // U+04F3
    { 0x04F4, 55 }, // U+04F4
    { 0x04F5, 69 }, // U+04F5
    { 0x04F6, 92 }, // U+04F6
    { 0x04F7, 93 }, // U+04F7
    { 0x04F8, 55 }, // U+04F8
    { 0x04F9, 69 }, // U+04F9
    { 0x04FA, 92 }, // U+04FA
    { 0x04FB, 93 }, // U+04FB
    { 0x04FC, 68 }, // U+04FC
    { 0x04FD, 76 }, // U+04FD
    { 0x04FE, 68 }, // U+04FE
    { 0x04FF, 96 }, // U+04FF
    { 0x1EA0, 43 }, // U+1EA0
    { 0x1EA1, 28 }, // U+1EA1
    { 0x1EA2, 43 }, // U+1EA2
    { 0x1EA3, 28 }, // U+1EA3
    { 0x1EA4, 43 }, // U+1EA4
    { 0x1EA5, 28 }, // U+1EA5
    { 0x1EA6, 43 }, // U+1EA6
    { 0x1EA7, 28 }, // U+1EA7
    { 0x1EA8, 43 }, // U+1EA8
    { 0x1EA9, 28 }, // U+1EA9
    { 0x1EAA, 43 }, // U+1EAA
    { 0x1EAB, 28 }, // U+1EAB
    { 0x1EAC, 43 }, // U+1EAC
    { 0x1EAD, 28 }, // U+1EAD
    { 0x1EAE, 43 }, // U+1EAE
    { 0x1EAF, 28 }, // U+1EAF
    { 0x1EB0, 43 }, // U+1EB0
    { 0x1EB1, 28 }, // U+1EB1
    { 0x1EB2, 43 }, // U+1EB2
    { 0x1EB3, 28 }, // U+1EB3
    { 0x1EB4, 43 }, // U+1EB4
    { 0x1EB5, 28 }, // U+1EB5
    { 0x1EB6, 43 }, // U+1EB6
    { 0x1EB7, 28 }, // U+1EB7
    { 0x1EB8, 11 }, // U+1EB8
    { 0x1EB9, 30 }, // U+1EB9
    { 0x1EBA, 11 }, // U+1EBA
    { 0x1EBB, 30 }, // U+1EBB
    { 0x1EBC, 11 }, // U+1EBC
    { 0x1EBD, 30 }, // U+1EBD
    { 0x1EBE, 11 }, // U+1EBE
    { 0x1EBF, 30 }, // U+1EBF
    { 0x1EC0, 11 }, // U+1EC0
    { 0x1EC1, 30 }, // U+1EC1
    { 0x1EC2, 11 }, // U+1EC2
    { 0x1EC3, 30 }, // U+1EC3
    { 0x1EC4, 11 }, // U+1EC4
    { 0x1EC5, 30 }, // U+1EC5
    { 0x1EC6, 11 }, // U+1EC6
    { 0x1EC7, 30 }, // U+1EC7
    { 0x1ECC, 10 }, // U+1ECC
    { 0x1ECD, 29 }, // U+1ECD
    { 0x1ECE, 10 }, // U+1ECE
    { 0x1ECF, 29 }, // U+1ECF
    { 0x1ED0, 10 }, // U+1ED0
    { 0x1ED1, 29 }, // U+1ED1
    { 0x1ED2, 10 }, // U+1ED2
    { 0x1ED3, 29 }, // U+1ED3
    { 0x1ED4, 10 }, // U+1ED4
    { 0x1ED5, 29 }, // U+1ED5
    { 0x1ED6, 10 }, // U+1ED6
    { 0x1ED7, 29 }, // U+1ED7
    { 0x1ED8, 10 }, // U+1ED8
    { 0x1ED9, 97 }, // U+1ED9
    { 0x1EDA, 46 }, // U+1EDA
    { 0x1EDB, 47 }, // U+1EDB
    { 0x1EDC, 46 }, // U+1EDC
    { 0x1EDD, 47 }, // U+1EDD
    { 0x1EDE, 46 }, // U+1EDE
    { 0x1EDF, 47 }, // U+1EDF
    { 0x1EE0, 46 }, // U+1EE0
    { 0x1EE1, 47 }, // U+1EE1
    { 0x1EE2, 46 }, // U+1EE2
    { 0x1EE3, 47 }, // U+1EE3
    { 0x1EE4, 22 }, // U+1EE4
    { 0x1EE5, 28 }, // U+1EE5
    { 0x1EE6, 22 }, // U+1EE6
    { 0x1EE7, 28 }, // U+1EE7
    { 0x1EE8, 48 }, // U+1EE8
    { 0x1EE9, 49 }, // U+1EE9
    { 0x1EEA, 48 }, // U+1EEA
    { 0x1EEB, 49 }, // U+1EEB
    { 0x1EEC, 48 }, // U+1EEC
    { 0x1EED, 49 }, // U+1EED
    { 0x1EEE, 48 }, // U+1EEE
    { 0x1EEF, 49 }, // U+1EEF
    { 0x1EF0, 48 }, // U+1EF0
    { 0x1EF1, 49 }, // U+1EF1
    { 0x1EF2, 26 }, // U+1EF2
    { 0x1EF3, 38 }, // U+1EF3
    { 0x1EF4, 26 }, // U+1EF4
    { 0x1EF5, 38 }, // U+1EF5
    { 0x1EF6, 26 }, // U+1EF6
    { 0x1EF7, 38 }, // U+1EF7
    { 0x1EF8, 26 }, // U+1EF8
    { 0x1EF9, 38 }, // U+1EF9
    { 0x2013, 6 }, // U+2013
    { 0x2014, 6 }, // U+2014
    { 0x2015, 6 }, // U+2015
    { 0x2018, 98 }, // U+2018
    { 0x2019, 99 }, // U+2019
    { 0x201A, 5 }, // U+201A
    { 0x201C, 98 }, // U+201C
    { 0x201D, 99 }, // U+201D
    { 0x201E, 5 }, // U+201E
    { 0x2039, 41 }, // U+2039
    { 0x207D, 100 }, // U+207D
    { 0x208D, 101 }, // U+208D
    { 0x2090, 102 }, // U+2090
    { 0x2092, 103 }, // U+2092
    { 0xFB00, 31 }, // U+FB00
};

static const EpdKernClassEntry notoserif_18_italicKernRightClasses[] = {
    { 0x0022, 1 }, // "
    { 0x0026, 2 }, // &
    { 0x0027, 1 }, // '
    { 0x0029, 3 }, // )
    { 0x002A, 4 }, // *
    { 0x002C, 5 }, // ,
    { 0x002D, 6 }, // -
    { 0x002E, 7 }, // .
    { 0x003A, 8 }, // :
    { 0x003B, 8 }, // ;
    { 0x003F, 9 }, // ?
    { 0x0041, 10 }, // A
    { 0x0042, 11 }, // B
    { 0x0043, 12 }, // C
    { 0x0044, 11 }, // D
    { 0x0045, 11 }, // E
    { 0x0046, 11 }, // F
    { 0x0047, 12 }, // G
    { 0x0048, 11 }, // H
    { 0x0049, 11 }, // I
    { 0x004A, 11 }, // J
    { 0x004B, 11 }, // K
    { 0x004C, 11 }, // L
    { 0x004D, 11 }, // M
    { 0x004E, 11 }, // N
    { 0x004F, 12 }, // O
    { 0x0050, 11 }, // P
    { 0x0051, 12 }, // Q
    { 0x0052, 11 }, // R
    { 0x0053, 13 }, // S
    { 0x0054, 14 }, // T
    { 0x0055, 15 }, // U
    { 0x0056, 16 }, // V
    { 0x0057, 17 }, // W
    { 0x0058, 18 }, // X
    { 0x0059, 19 }, // Y
    { 0x005A, 20 }, // Z
    { 0x005C, 21 }, // <backslash>
    { 0x005D, 3 }, // ]
    { 0x005F, 22 }, // _
    { 0x0061, 23 }, // a
    { 0x0062, 24 }, // b
    { 0x0063, 25 }, // c
    { 0x0064, 25 }, // d
    { 0x0065, 25 }, // e
    { 0x0067, 26 }, // g
    { 0x0068, 24 }, // h
    { 0x0069, 27 }, // i
    { 0x006B, 24 }, // k
    { 0x006C, 28 }, // l
    { 0x006D, 29 }, // m
    { 0x006E, 29 }, // n
    { 0x006F, 25 }, // o
    { 0x0070, 29 }, // p
    { 0x0071, 25 }, // q
    { 0x0072, 29 }, // r
    { 0x0073, 30 }, // s
    { 0x0074, 31 }, // t
    { 0x0075, 32 }, // u
    { 0x0076, 33 }, // v
    { 0x0077, 34 }, // w
    { 0x0078, 35 }, // x
    { 0x0079, 36 }, // y
    { 0x007A, 37 }, // z
    { 0x007D, 3 }, // }
    { 0x00A9, 38 }, // U+00A9
    { 0x00AE, 38 }, // U+00AE
    { 0x00BB, 39 }, // U+00BB
    { 0x00C0, 10 }, // U+00C0
    { 0x00C1, 10 }, // U+00C1
    { 0x00C2, 10 }, // U+00C2
    { 0x00C3, 10 }, // U+00C3
    { 0x00C4, 10 }, // U+00C4
    { 0x00C5, 10 }, // U+00C5
    { 0x00C6, 40 }, // U+00C6
    { 0x00C7, 12 }, // U+00C7
    { 0x00C8, 11 }, // U+00C8
    { 0x00C9, 11 }, // U+00C9
    { 0x00CA, 11 }, // U+00CA
    { 0x00CB, 11 }, // U+00CB
    { 0x00CC, 11 }, // U+00CC
    { 0x00CD, 11 }, // U+00CD
    { 0x00CE, 11 }, // U+00CE
    { 0x00CF, 11 }, // U+00CF
    { 0x00D0, 11 }, // U+00D0
    { 0x00D1, 11 }, // U+00D1
    { 0x00D2, 12 }, // U+00D2
    { 0x00D3, 12 }, // U+00D3
    { 0x00D4, 12 }, // U+00D4
    { 0x00D5, 12 }, // U+00D5
    { 0x00D6, 12 }, // U+00D6
    { 0x00D8, 12 }, // U+00D8
    { 0x00D9, 15 }, // U+00D9
    { 0x00DA, 15 }, // U+00DA
    { 0x00DB, 15 }, // U+00DB
    { 0x00DC, 15 }, // U+00DC
    { 0x00DD, 19 }, // U+00DD
    { 0x00DE, 11 }, // U+00DE
    { 0x00E0, 23 }, // U+00E0
    { 0x00E1, 23 }, // U+00E1
    { 0x00E2, 23 }, // U+00E2
    { 0x00E3, 23 }, // U+00E3
    { 0x00E4, 23 }, // U+00E4
    { 0x00E5, 23 }, // U+00E5
    { 0x00E6, 23 }, // U+00E6
    { 0x00E7, 25 }, // U+00E7
    { 0x00E8, 25 }, // U+00E8
    { 0x00E9, 25 }, // U+00E9
    { 0x00EA, 25 }, // U+00EA
    { 0x00EB, 25 }, // U+00EB
    { 0x00EC, 27 }, // U+00EC
    { 0x00ED, 27 }, // U+00ED
    { 0x00EE, 27 }, // U+00EE
    { 0x00EF, 27 }, // U+00EF
    { 0x00F0, 25 }, // U+00F0
    { 0x00F1, 29 }, // U+00F1
    { 0x00F2, 25 }, // U+00F2
    { 0x00F3, 25 }, // U+00F3
    { 0x00F4, 25 }, // U+00F4
    { 0x00F5, 25 }, // U+00F5
    { 0x00F6, 25 }, // U+00F6
    { 0x00F8, 25 }, // U+00F8
    { 0x00F9, 32 }, // U+00F9
    { 0x00FA, 32 }, // U+00FA
    { 0x00FB, 32 }, // U+00FB
    { 0x00FC, 32 }, // U+00FC
    { 0x00FD, 36 }, // U+00FD
    { 0x00FE, 24 }, // U+00FE
    { 0x00FF, 36 }, // U+00FF
    { 0x0100, 10 }, // U+0100
    { 0x0101, 23 }, // U+0101
    { 0x0102, 10 }, // U+0102
    { 0x0103, 23 }, // U+0103
    { 0x0104, 10 }, // U+0104
    { 0x0105, 23 }, // U+0105
    { 0x0106, 12 }, // U+0106
    { 0x0107, 25 }, // U+0107
    { 0x0108, 12 }, // U+0108
    { 0x0109, 25 }, // U+0109
    { 0x010A, 12 }, // U+010A
    { 0x010B, 25 }, // U+010B
    { 0x010C, 12 }, // U+010C
    { 0x010D, 25 }, // U+010D
    { 0x010E, 11 }, // U+010E
    { 0x010F, 25 }, // U+010F
    { 0x0110, 11 }, // U+0110
    { 0x0111, 25 }, // U+0111
    { 0x0112, 11 }, // U+0112
    { 0x0113, 25 }, // U+0113
    { 0x0114, 11 }, // U+0114
    { 0x0115, 25 }, // U+0115
    { 0x0116, 11 }, // U+0116
    { 0x0117, 25 }, // U+0117
    { 0x0118, 11 }, // U+0118
    { 0x0119, 25 }, // U+0119
    { 0x011A, 11 }, // U+011A
    { 0x011B, 25 }, // U+011B
    { 0x011C, 12 }, // U+011C
    { 0x011D, 25 }, // U+011D
    { 0x011E, 12 }, // U+011E
    { 0x011F, 25 }, // U+011F
    { 0x0120, 12 }, // U+0120
    { 0x0121, 25 }, // U+0121
    { 0x0122, 12 }, // U+0122
    { 0x0123, 25 }, // U+0123
    { 0x0124, 11 }, // U+0124
    { 0x0125, 24 }, // U+0125
    { 0x0126, 11 }, // U+0126
    { 0x0127, 24 }, // U+0127
    { 0x0128, 11 }, // U+0128
    { 0x0129, 27 }, // U+0129
    { 0x012A, 11 }, // U+012A
    { 0x012B, 27 }, // U+012B
    { 0x012C, 11 }, // U+012C
    { 0x012D, 27 }, // U+012D
    { 0x012E, 11 }, // U+012E
    { 0x012F, 27 }, // U+012F
    { 0x0130, 11 }, // U+0130
    { 0x0132, 11 }, // U+0132
    { 0x0133, 27 }, // U+0133
    { 0x0134, 11 }, // U+0134
    { 0x0136, 11 }, // U+0136
    { 0x0137, 24 }, // U+0137
    { 0x0138, 29 }, // U+0138
    { 0x0139, 11 }, // U+0139
    { 0x013A, 28 }, // U+013A
    { 0x013B, 11 }, // U+013B
    { 0x013C, 28 }, // U+013C
    { 0x013D, 11 }, // U+013D
    { 0x013E, 28 }, // U+013E
    { 0x013F, 11 }, // U+013F
    { 0x0140, 28 }, // U+0140
    { 0x0141, 11 }, // U+0141
    { 0x0142, 28 }, // U+0142
    { 0x0143, 11 }, // U+0143
    { 0x0144, 29 }, // U+0144
    { 0x0145, 11 }, // U+0145
    { 0x0146, 29 }, // U+0146
    { 0x0147, 11 }, // U+0147
    { 0x0148, 29 }, // U+0148
    { 0x0149, 41 }, // U+0149
    { 0x014A, 11 }, // U+014A
    { 0x014B, 29 }, // U+014B
    { 0x014C, 12 }, // U+014C
    { 0x014D, 25 }, // U+014D
    { 0x014E, 12 }, // U+014E
    { 0x014F, 25 }, // U+014F
    { 0x0150, 12 }, // U+0150
    { 0x0151, 25 }, // U+0151
    { 0x0152, 12 }, // U+0152
    { 0x0153, 25 }, // U+0153
    { 0x0154, 11 }, // U+0154
    { 0x0155, 29 }, // U+0155
    { 0x0156, 11 }, // U+0156
    { 0x0157, 29 }, // U+0157
    { 0x0158, 11 }, // U+0158
    { 0x0159, 29 }, // U+0159
    { 0x015A, 13 }, // U+015A
    { 0x015B, 30 }, // U+015B
    { 0x015C, 13 }, // U+015C
    { 0x015D, 30 }, // U+015D
    { 0x015E, 13 }, // U+015E
    { 0x015F, 30 }, // U+015F
    { 0x0160, 13 }, // U+0160
    { 0x0161, 30 }, // U+0161
    { 0x0163, 31 }, // U+0163
    { 0x0165, 31 }, // U+0165
    { 0x0167, 31 }, // U+0167
    { 0x0168, 15 }, // U+0168
    { 0x0169, 32 }, // U+0169
    { 0x016A, 15 }, // U+016A
    { 0x016B, 32 }, // U+016B
    { 0x016C, 15 }, // U+016C
    { 0x016D, 32 }, // U+016D
    { 0x016E, 15 }, // U+016E
    { 0x016F, 32 }, // U+016F
    { 0x0170, 15 }, // U+0170
    { 0x0171, 32 }, // U+0171
    { 0x0172, 15 }, // U+0172
    { 0x0173, 32 }, // U+0173
    { 0x0174, 17 }, // U+0174
    { 0x0175, 34 }, // U+0175
    { 0x0176, 19 }, // U+0176
    { 0x0177, 36 }, // U+0177
    { 0x0178, 19 }, // U+0178
    { 0x0179, 20 }, // U+0179
    { 0x017A, 37 }, // U+017A
    { 0x017B, 20 }, // U+017B
    { 0x017C, 37 }, // U+017C
    { 0x017D, 20 }, // U+017D
    { 0x017E, 37 }, // U+017E
    { 0x01A0, 12 }, // U+01A0
    { 0x01A1, 25 }, // U+01A1
    { 0x01AF, 15 }, // U+01AF
    { 0x01B0, 32 }, // U+01B0
    { 0x01FA, 10 }, // U+01FA
    { 0x01FB, 23 }, // U+01FB
    { 0x01FC, 40 }, // U+01FC
    { 0x01FD, 23 }, // U+01FD
    { 0x01FE, 12 }, // U+01FE
    { 0x01FF, 25 }, // U+01FF
    { 0x0218, 13 }, // U+0218
    { 0x0219, 30 }, // U+0219
    { 0x021B, 31 }, // U+021B
    { 0x021E, 11 }, // U+021E
    { 0x0400, 42 }, // U+0400
    { 0x0401, 42 }, // U+0401
    { 0x0402, 43 }, // U+0402
    { 0x0403, 42 }, // U+0403
    { 0x0404, 44 }, // U+0404
    { 0x0405, 45 }, // U+0405
    { 0x0406, 42 }, // U+0406
    { 0x0407, 42 }, // U+0407
    { 0x0408, 46 }, // U+0408
    { 0x0409, 47 }, // U+0409
    { 0x040A, 42 }, // U+040A
    { 0x040B, 43 }, // U+040B
    { 0x040C, 42 }, // U+040C
    { 0x040D, 42 }, // U+040D
    { 0x040E, 48 }, // U+040E
    { 0x040F, 42 }, // U+040F
    { 0x0410, 49 }, // U+0410
    { 0x0411, 42 }, // U+0411
    { 0x0412, 42 }, // U+0412
    { 0x0413, 42 }, // U+0413
    { 0x0414, 50 }, // U+0414
    { 0x0415, 42 }, // U+0415
    { 0x0416, 51 }, // U+0416
    { 0x0417, 52 }, // U+0417
    { 0x0418, 42 }, // U+0418
    { 0x0419, 42 }, // U+0419
    { 0x041A, 42 }, // U+041A
    { 0x041B, 47 }, // U+041B
    { 0x041C, 42 }, // U+041C
    { 0x041D, 42 }, // U+041D
    { 0x041E, 44 }, // U+041E
    { 0x041F, 42 }, // U+041F
    { 0x0420, 42 }, // U+0420
    { 0x0421, 44 }, // U+0421
    { 0x0422, 43 }, // U+0422
    { 0x0423, 48 }, // U+0423
    { 0x0424, 53 }, // U+0424
    { 0x0425, 54 }, // U+0425
    { 0x0426, 42 }, // U+0426
    { 0x0427, 55 }, // U+0427
    { 0x0428, 42 }, // U+0428
    { 0x0429, 42 }, // U+0429
    { 0x042A, 43 }, // U+042A
    { 0x042B, 42 }, // U+042B
    { 0x042C, 42 }, // U+042C
    { 0x042D, 52 }, // U+042D
    { 0x042E, 42 }, // U+042E
    { 0x042F, 56 }, // U+042F
    { 0x0430, 57 }, // U+0430
    { 0x0431, 58 }, // U+0431
    { 0x0432, 57 }, // U+0432
    { 0x0433, 59 }, // U+0433
    { 0x0434, 60 }, // U+0434
    { 0x0435, 57 }, // U+0435
    { 0x0436, 61 }, // U+0436
    { 0x0437, 62 }, // U+0437
    { 0x0438, 63 }, // U+0438
    { 0x0439, 63 }, // U+0439
    { 0x043A, 64 }, // U+043A
    { 0x043B, 65 }, // U+043B
    { 0x043C, 65 }, // U+043C
    { 0x043D, 64 }, // U+043D
    { 0x043E, 57 }, // U+043E
    { 0x043F, 64 }, // U+043F
    { 0x0440, 66 }, // U+0440
    { 0x0441, 57 }, // U+0441
    { 0x0442, 64 }, // U+0442
    { 0x0443, 67 }, // U+0443
    { 0x0444, 57 }, // U+0444
    { 0x0445, 68 }, // U+0445
    { 0x0446, 63 }, // U+0446
    { 0x0447, 69 }, // U+0447
    { 0x0448, 63 }, // U+0448
    { 0x0449, 63 }, // U+0449
    { 0x044A, 70 }, // U+044A
    { 0x044B, 63 }, // U+044B
    { 0x044C, 63 }, // U+044C
    { 0x044D, 61 }, // U+044D
    { 0x044E, 64 }, // U+044E
    { 0x044F, 71 }, // U+044F
    { 0x0450, 57 }, // U+0450
    { 0x0451, 57 }, // U+0451
    { 0x0452, 72 }, // U+0452
    { 0x0453, 59 }, // U+0453
    { 0x0454, 57 }, // U+0454
    { 0x0455, 73 }, // U+0455
    { 0x0456, 74 }, // U+0456
    { 0x0457, 75 }, // U+0457
    { 0x0458, 76 }, // U+0458
    { 0x0459, 65 }, // U+0459
    { 0x045A, 64 }, // U+045A
    { 0x045B, 72 }, // U+045B
    { 0x045C, 64 }, // U+045C
    { 0x045D, 63 }, // U+045D
    { 0x045E, 67 }, // U+045E
    { 0x045F, 63 }, // U+045F
    { 0x0460, 77 }, // U+0460
    { 0x0461, 78 }, // U+0461
    { 0x0466, 49 }, // U+0466
    { 0x046A, 79 }, // U+046A
    { 0x046E, 52 }, // U+046E
    { 0x0470, 80 }, // U+0470
    { 0x0471, 63 }, // U+0471
    { 0x0472, 77 }, // U+0472
    { 0x0473, 81 }, // U+0473
    { 0x0474, 80 }, // U+0474
    { 0x0475, 82 }, // U+0475
    { 0x0476, 80 }, // U+0476
    { 0x0477, 82 }, // U+0477
    { 0x0478, 77 }, // U+0478
    { 0x0479, 81 }, // U+0479
    { 0x047A, 77 }, // U+047A
    { 0x047B, 81 }, // U+047B
    { 0x047C, 77 }, // U+047C
    { 0x047D, 81 }, // U+047D
    { 0x047E, 77 }, // U+047E
    { 0x047F, 78 }, // U+047F
    { 0x0480, 77 }, // U+0480
    { 0x0481, 81 }, // U+0481
    { 0x048B, 63 }, // U+048B
    { 0x048F, 66 }, // U+048F
    { 0x0496, 51 }, // U+0496
    { 0x0497, 61 }, // U+0497
    { 0x0498, 52 }, // U+0498
    { 0x0499, 61 }, // U+0499
    { 0x049F, 72 }, // U+049F
    { 0x04A0, 83 }, // U+04A0
    { 0x04A1, 70 }, // U+04A1
    { 0x04A8, 77 }, // U+04A8
    { 0x04A9, 81 }, // U+04A9
    { 0x04AA, 77 }, // U+04AA
    { 0x04AB, 81 }, // U+04AB
    { 0x04AC, 83 }, // U+04AC
    { 0x04AE, 80 }, // U+04AE
    { 0x04AF, 82 }, // U+04AF
    { 0x04B0, 80 }, // U+04B0
    { 0x04B1, 82 }, // U+04B1
    { 0x04B2, 54 }, // U+04B2
    { 0x04B3, 68 }, // U+04B3
    { 0x04B4, 83 }, // U+04B4
    { 0x04B5, 70 }, // U+04B5
    { 0x04B6, 55 }, // U+04B6
    { 0x04B7, 69 }, // U+04B7
    { 0x04B8, 55 }, // U+04B8
    { 0x04B9, 69 }, // U+04B9
    { 0x04C1, 51 }, // U+04C1
    { 0x04C2, 61 }, // U+04C2
    { 0x04C5, 50 }, // U+04C5
    { 0x04C6, 65 }, // U+04C6
    { 0x04CB, 55 }, // U+04CB
    { 0x04CC, 69 }, // U+04CC
    { 0x04CE, 84 }, // U+04CE
    { 0x04D0, 49 }, // U+04D0
    { 0x04D1, 81 }, // U+04D1
    { 0x04D2, 49 }, // U+04D2
    { 0x04D3, 81 }, // U+04D3
    { 0x04D4, 85 }, // U+04D4
    { 0x04D5, 81 }, // U+04D5
    { 0x04D7, 81 }, // U+04D7
    { 0x04D9, 81 }, // U+04D9
    { 0x04DB, 81 }, // U+04DB
    { 0x04DC, 51 }, // U+04DC
    { 0x04DD, 61 }, // U+04DD
    { 0x04DE, 52 }, // U+04DE
    { 0x04DF, 61 }, // U+04DF
    { 0x04E0, 52 }, // U+04E0
    { 0x04E2, 42 }, // U+04E2
    { 0x04E3, 63 }, // U+04E3
    { 0x04E4, 42 }, // U+04E4
    { 0x04E5, 63 }, // U+04E5
    { 0x04E6, 77 }, // U+04E6
    { 0x04E7, 81 }, // U+04E7
    { 0x04E8, 77 }, // U+04E8
    { 0x04E9, 81 }, // U+04E9
    { 0x04EA, 77 }, // U+04EA
    { 0x04EB, 81 }, // U+04EB
    { 0x04EC, 52 }, // U+04EC
    { 0x04ED, 61 }, // U+04ED
    { 0x04EE, 48 }, // U+04EE
    { 0x04EF, 67 }, // U+04EF
    { 0x04F0, 48 }, // U+04F0
    { 0x04F1, 67 }, // U+04F1
    { 0x04F2, 48 }, // U+04F2
    { 0x04F3, 67 }, // U+04F3
    { 0x04F4, 55 }, // U+04F4
    { 0x04F5, 69 }, // U+04F5
    { 0x04F8, 42 }, // U+04F8
    { 0x04F9, 63 }, // U+04F9
    { 0x04FC, 54 }, // U+04FC
    { 0x04FD, 68 }, // U+04FD
    { 0x04FE, 54 }, // U+04FE
    { 0x1EA0, 10 }, // U+1EA0
    { 0x1EA1, 23 }, // U+1EA1
    { 0x1EA2, 10 }, // U+1EA2
    { 0x1EA3, 23 }, // U+1EA3
    { 0x1EA4, 10 }, // U+1EA4
    { 0x1EA5, 23 }, // U+1EA5
    { 0x1EA6, 10 }, // U+1EA6
    { 0x1EA7, 23 }, // U+1EA7
    { 0x1EA8, 10 }, // U+1EA8
    { 0x1EA9, 23 }, // U+1EA9
    { 0x1EAA, 10 }, // U+1EAA
    { 0x1EAB, 23 }, // U+1EAB
    { 0x1EAC, 10 }, // U+1EAC
    { 0x1EAD, 23 }, // U+1EAD
    { 0x1EAE, 10 }, // U+1EAE
    { 0x1EAF, 23 }, // U+1EAF
    { 0x1EB0, 10 }, // U+1EB0
    { 0x1EB1, 23 }, // U+1EB1
    { 0x1EB2, 10 }, // U+1EB2
    { 0x1EB3, 23 }, // U+1EB3
    { 0x1EB4, 10 }, // U+1EB4
    { 0x1EB5, 23 }, // U+1EB5
    { 0x1EB6, 10 }, // U+1EB6
    { 0x1EB7, 23 }, // U+1EB7
    { 0x1EB8, 11 }, // U+1EB8
    { 0x1EB9, 25 }, // U+1EB9
    { 0x1EBA, 11 }, // U+1EBA
    { 0x1EBB, 25 }, // U+1EBB
    { 0x1EBC, 11 }, // U+1EBC
    { 0x1EBD, 25 }, // U+1EBD
    { 0x1EBE, 11 }, // U+1EBE
    { 0x1EBF, 25 }, // U+1EBF
    { 0x1EC0, 11 }, // U+1EC0
    { 0x1EC1, 25 }, // U+1EC1
    { 0x1EC2, 11 }, // U+1EC2
    { 0x1EC3, 25 }, // U+1EC3
    { 0x1EC4, 11 }, // U+1EC4
    { 0x1EC5, 25 }, // U+1EC5
    { 0x1EC6, 11 }, // U+1EC6
    { 0x1EC7, 25 }, // U+1EC7
    { 0x1EC9, 86 }, // U+1EC9
    { 0x1ECB, 86 }, // U+1ECB
    { 0x1ECC, 12 }, // U+1ECC
    { 0x1ECD, 25 }, // U+1ECD
    { 0x1ECE, 12 }, // U+1ECE
    { 0x1ECF, 25 }, // U+1ECF
    { 0x1ED0, 12 }, // U+1ED0
    { 0x1ED1, 25 }, // U+1ED1
    { 0x1ED2, 12 }, // U+1ED2
    { 0x1ED3, 25 }, // U+1ED3
    { 0x1ED4, 12 }, // U+1ED4
    { 0x1ED5, 25 }, // U+1ED5
    { 0x1ED6, 12 }, // U+1ED6
    { 0x1ED7, 25 }, // U+1ED7
    { 0x1ED8, 12 }, // U+1ED8
    { 0x1ED9, 25 }, // U+1ED9
    { 0x1EDA, 12 }, // U+1EDA
    { 0x1EDB, 25 }, // U+1EDB
    { 0x1EDC, 12 }, // U+1EDC
    { 0x1EDD, 25 }, // U+1EDD
    { 0x1EDE, 12 }, // U+1EDE
    { 0x1EDF, 25 }, // U+1EDF
    { 0x1EE0, 12 }, // U+1EE0
    { 0x1EE1, 25 }, // U+1EE1
    { 0x1EE2, 12 }, // U+1EE2
    { 0x1EE3, 25 }, // U+1EE3
    { 0x1EE4, 15 }, // U+1EE4
    { 0x1EE5, 32 }, // U+1EE5
    { 0x1EE6, 15 }, // U+1EE6
    { 0x1EE7, 32 }, // U+1EE7
    { 0x1EE8, 15 }, // U+1EE8
    { 0x1EE9, 32 }, // U+1EE9
    { 0x1EEA, 15 }, // U+1EEA
    { 0x1EEB, 32 }, // U+1EEB
    { 0x1EEC, 15 }, // U+1EEC
    { 0x1EED, 32 }, // U+1EED
    { 0x1EEE, 15 }, // U+1EEE
    { 0x1EEF, 32 }, // U+1EEF
    { 0x1EF0, 15 }, // U+1EF0
    { 0x1EF1, 32 }, // U+1EF1
    { 0x1EF2, 19 }, // U+1EF2
    { 0x1EF3, 36 }, // U+1EF3
    { 0x1EF4, 19 }, // U+1EF4
    { 0x1EF5, 36 }, // U+1EF5
    { 0x1EF6, 19 }, // U+1EF6
    { 0x1EF7, 36 }, // U+1EF7
    { 0x1EF8, 19 }, // U+1EF8
    { 0x1EF9, 36 }, // U+1EF9
    { 0x2013, 6 }, // U+2013
    { 0x2014, 6 }, // U+2014
    { 0x2015, 6 }, // U+2015
    { 0x2018, 87 }, // U+2018
    { 0x2019, 4 }, // U+2019
    { 0x201A, 88 }, // U+201A
    { 0x201C, 87 }, // U+201C
    { 0x201D, 4 }, // U+201D
    { 0x201E, 88 }, // U+201E
    { 0x2026, 88 }, // U+2026
    { 0x203A, 39 }, // U+203A
    { 0x207E, 89 }, // U+207E
    { 0x208E, 90 }, // U+208E
};

static const int8_t notoserif_18_italicKernMatrix[] = {
       0,    0,    0,    0,    0,    0,    0,    0,    0,  -48,    0,    0,    0,    0,    0,    0,    0,    0,    0,    0,    0,    0,    0,    0,    0,  -24,   12,    0,    0,    0,    0,    0,    0,    0,    0,    0,    0,    0,    0,  -72,    0,    0,    0,    0,    0,    0,    0,    0,  -48,  -48,    0,    0,    0,    0,    0,    0,    0,    0,    0,    0,    0,    0,    0,    0,  -36,    0,    0,    0,    0,    0,    0,    0,    0,    0,    0,    0,    0,    0,    0,    0,    0,    0,    0,    0,  -72,    0,    0,    0,    0,    0,
       0,    0,    0,    0,    0,    0,    0,    0,    0,    0,    0,    0,    0,  -24,   -6,  -30,  -24,    0,  -27,    0,    0,    0,    0,    0,    0,    0,    0,    0,    0,    0,    0,    0,    0,    0,    0,    0,    0,    0,    0,    0,    0,    0,    0,    0,    0,    0,    0,    0,    0,    0,    0,    0,    0,    0,    0,    0,    0,    0,    0,    0,    0,    0,    0,    0,    0,    0,    0,    0,    0,    0,    0,    0,    0,    0,    0,    0,    0,    0,    0,    0,    0,    0,    0,    0,    0,    0,    0,    0,    0,    0,
       0,    0,    0,    0,    0,    0,    0,    0,    0,    0,    0,    0,    0,    0,    0,    0,    0,    0,    0,    0,    0,    0,    0,    0,    0,    0,    0,    0,    0,    0,    0,    0,    0,    0,    0,    0,    0,    0,    0,    0,    0,    0,    0,  -12,    0,   18,  -12,   12,    0,    6,    0,    0,  -12,    0,    0,    0,    0,    0,    0,    0,    0,    0,    0,    0,  -12,    0,    0,    0,   -6,    0,    0,    0,    0,    0,   18,   24,    0,    0,    0,    0,    0,    0,    0,    0,    0,    0,    0,    0,    0,    0,
       0,  -12,    0,    0,  -72,    0,  -72,    0,    0,  -30,    0,    0,    0,    0,    0,    0,    0,    0,    0,    0,    0,    0,    0,    0,    0,    0,    0,    0,    0,    0,    0,    0,    0,    0,    0,    0,    0,    0,    0,  -48,    0,    0,    0,    0,    0,    0,    0,  -12,  -30,  -42,    0,    0,    0,    0,    0,    0,    0,    0,    0,    0,    0,    0,    0,    0,  -30,    0,    0,    0,    0,    0,    0,    0,    0,    0,    0,    0,    0,    0,    0,    0,  -30,    0,    0,    0,  -48,    0,    0,  -72,    0,    0,
       0,    0,    0,    0,    0,    0,    0,    0,    0,    0,    0,  -12,    0,  -42,   -6,  -54,  -48,    0,  -42,    0,    0,    0,    0,    0,    0,    0,    0,    0,    0,    0,    0,    0,  -30,  -12,    0,  -12,    0,    0,    0,    0,    0,    0,  -36,  -12,    0,    0,    6,  -12,    0,   12,    0,    0,  -18,    0,  -78,    0,    0,    0,    0,    0,    0,    0,    0,    0,    0,    0,  -12,    0,  -42,  -42,    0,    0,    0,    0,    0,    0,  -12,    0,    0,    0,    0,    0,  -42,    0,    0,    0,    0,    0,    0,    0,
       0,    0,    0,    0,    0,    0,    0,    0,    0,    0,    0,    0,    0,    0,    0,    0,    0,    0,    0,    0,    0,    0,    0,    0,    0,    0,    0,    0,    0,    0,    0,    0,    0,    0,    0,    0,    0,    0,    0,    0,    0,    0,  -24,    0,    0,    0,    0,  -12,   -6,   -6,    0,    0,    0,   -6,  -24,    0,    0,    0,    0,    0,    0,    0,    0,    0,    0,    0,    0,  -12,    0,    0,    0,    0,    0,    0,    0,    0,    0,    0,    0,    0,    0,    0,    0,    0,    0,    0,    0,    0,    0,    0,
     -48,  -12,    0,  -42,    0,    0,    0,    0,    0,    0,    0,  -12,    0,  -36,  -12,  -48,  -42,    0,  -42,    0,    0,    0,    0,    0,  -12,  -12,    0,    0,    0,    0,    0,  -12,  -36,  -18,    0,  -30,    0,  -30,    0,    0,  -30,    0,    0,    0,    0,    0,    0,    0,    0,    0,    0,    0,    0,    0,    0,    0,    0,    0,    0,    0,    0,    0,    0,    0,    0,    0,    0,    0,    0,    0,    0,    0,    0,    0,    0,    0,    0,    0,    0,    0,    0,    0,    0,    0,    0,    0,  -54,    0,    0,    0,
       0,    0,    0,  -12,    0,    0,    0,    0,    0,  -12,    0,    0,    0,  -12,    0,  -24,  -18,  -12,  -24,  -12,    0,    0,    0,    0,    0,    0,    0,    0,    0,    0,    0,    0,    0,   -6,    0,  -12,    0,    0,    0,  -18,    0,    0,    0,    0,    0,    0,    0,    0,    0,    0,    0,    0,    0,    0,    0,    0,    0,    0,    0,    0,    0,    0,    0,    0,    0,    0,    0,    0,    0,    0,    0,    0,    0,    0,    0,    0,    0,    0,    0,    0,    0,    0,    0,    0,    0,    0,    0,    0,    0,    0,
       0,  -12,    0,    0,    0,    0,    0,    0,    0,    0,    0,    0,    0,    0,    0,    0,    0,    0,    0,    0,    0,    0,    0,    0,    0,    0,    0,    0,    0,    0,    0,    0,    0,    0,    0,    0,    0,    0,    0,    0,    0,    0,    0,    0,    0,    0,    0,    0,    0,    0,    0,    0,    0,    0,    0,    0,    0,    0,    0,    0,    0,    0,    0,    0,    0,    0,    0,    0,    0,    0,    0,    0,    0,    0,    0,    0,    0,    0,    0,    0,    0,    0,    0,    0,    0,    0,    0,    0,    0,    0,
     -18,    0,    0,    0,  -12,    0,  -24,    0,    0,  -12,    0,    0,    0,  -12,    0,  -12,  -12,  -12,  -18,    0,    0,    0,    0,    0,    0,    0,    0,    0,    0,    0,    0,    0,    0,    0,    0,    0,    0,    0,    0,  -30,    0,    0,    0,    0,    0,    0,    0,    0,    0,    0,    0,    0,    0,    0,    0,    0,    0,    0,    0,    0,    0,    0,    0,    0,    0,    0,    0,    0,    0,    0,    0,    0,    0,    0,    0,    0,    0,    0,    0,    0,    0,    0,    0,    0,    0,    0,    0,  -12,    0,    0,
       0,    0,    0,    0,    0,    0,    0,    0,    0,    0,    0,    0,    0,    0,    0,  -12,  -12,    0,  -12,    0,    0,    0,    0,    0,    0,    0,    0,    0,    0,    0,    0,    0,    0,    0,    0,    0,    0,    0,    0,    0,    0,    0,    0,    0,    0,    0,    0,    0,    0,    0,    0,    0,    0,    0,    0,    0,    0,    0,    0,    0,    0,    0,    0,    0,    0,    0,    0,    0,    0,    0,    0,    0,    0,    0,    0,    0,    0,    0,    0,    0,    0,    0,    0,    0,    0,    0,    0,    0,    0,    0,
       0,  -24,    0,    0,  -48,    0,  -48,    0,    0,  -42,    0,    0,    0,    0,    0,    0,    0,    0,    0,    0,    0,    0,  -24,    0,  -24,  -24,    0,    0,    0,    0,    0,    0,    0,    0,    0,    0,    0,    0,    0,  -66,    0,    0,    0,    0,    0,    0,    0,    0,    0,    0,    0,    0,    0,    0,    0,    0,    0,    0,    0,    0,    0,    0,    0,    0,    0,    0,    0,    0,    0,    0,    0,    0,    0,    0,    0,    0,    0,    0,    0,    0,    0,    0,    0,    0,    0,    0,    0,  -48,    0,    0,
       0,    0,    0,    0,    0,    0,    0,    0,    0,    0,    0,    0,    0,  -12,    0,  -12,  -12,    0,  -12,    0,    0,    0,    0,    0,    0,    0,    0,    0,    0,    0,    0,    0,    0,    0,    0,    0,    0,    0,    0,  -12,    0,    0,    0,    0,    0,    0,    0,    0,    0,    0,    0,    0,    0,    0,    0,    0,    0,    0,    0,    0,    0,    0,    0,    0,    0,    0,    0,    0,    0,    0,    0,    0,    0,    0,    0,    0,    0,    0,    0,    0,    0,    0,    0,    0,    0,    0,    0,    0,    0,    0,
       0,    0,    0,    0,  -12,    0,  -12,    0,    0,  -12,    0,    0,    0,    0,    0,    0,    0,    0,    0,    0,    0,    0,    0,    0,    0,    0,    0,    0,    0,    0,    0,    0,    0,    0,    0,    0,    0,    0,    0,    0,    0,    0,    0,    0,    0,    0,    0,    0,    0,    0,    0,    0,    0,    0,    0,    0,    0,    0,    0,    0,    0,    0,    0,    0,    0,    0,    0,    0,    0,    0,    0,    0,    0,    0,    0,    0,    0,    0,    0,    0,    0,    0,    0,    0,    0,    0,    0,  -12,    0,    0,
       0,  -12,    0,    0,    0,    0,    0,    0,    0,    0,    0,  -12,    0,    0,    0,    0,    0,    0,    0,    0,    0,    0,    0,    0,  -12,  -12,    0,    0,    0,    0,    0,  -12,    0,  -18,    0,  -18,    0,    0,    0,    0,    0,    0,    0,    0,    0,    0,    0,    0,    0,    0,    0,    0,    0,    0,    0,    0,    0,    0,    0,    0,    0,    0,    0,    0,    0,    0,    0,    0,    0,    0,    0,    0,    0,    0,    0,    0,    0,    0,    0,    0,    0,    0,    0,    0,    0,    0,    0,    0,    0,    0,
     -36,    0,    0,  -48,    0,    0,    0,    0,    0,    0,    0,    0,    0,  -42,  -12,  -48,  -30,    0,  -36,    0,    0,    0,    0,    0,    0,    0,    0,    0,    0,    0,    0,    0,  -18,    0,    0,    0,    0,    0,    0,    0,    0,    0,    0,    0,    0,    0,    0,    0,    0,    0,    0,    0,    0,    0,    0,    0,    0,    0,    0,    0,    0,    0,    0,    0,    0,    0,    0,    0,    0,    0,    0,    0,    0,    0,    0,    0,    0,    0,    0,    0,    0,    0,    0,    0,    0,    0,  -54,    0,    0,    0,
       0,  -12,    0,    0,  -12,    0,  -12,    0,    0,    0,    0,    0,    0,    0,    0,    0,    0,    0,    0,    0,    0,    0,    0,    0,    0,    0,    0,    0,    0,    0,    0,    0,    0,    0,    0,    0,    0,    0,    0,    0,    0,    0,    0,    0,    0,    0,    0,    0,    0,    0,    0,    0,    0,    0,    0,    0,    0,    0,    0,    0,    0,    0,    0,    0,    0,    0,    0,    0,    0,    0,    0,    0,    0,    0,    0,    0,    0,    0,    0,    0,    0,    0,    0,    0,    0,    0,    0,  -12,    0,    0,
       0,  -12,    0,    0,  -72,    0,  -72,    0,    0,  -30,    0,    0,    0,    0,    0,    0,    0,    0,    0,    0,    0,    0,    0,    0,    0,    0,    0,    0,    0,    0,    0,    0,    0,    0,    0,    0,    0,    0,    0,  -48,    0,    0,    0,    0,    0,    0,    0,    0,    0,    0,    0,    0,    0,    0,    0,    0,    0,    0,    0,    0,    0,    0,    0,    0,    0,    0,    0,    0,    0,    0,    0,    0,    0,    0,    0,    0,    0,    0,    0,    0,    0,    0,    0,    0,    0,    0,    0,  -72,    0,    0,
       0,  -12,    0,  -12,    0,    0,    0,    0,    0,    0,    0,  -12,    0,  -12,   -6,  -18,  -18,    0,  -18,    0,    0,    0,    0,    0,    0,    0,    0,    0,    0,    0,    0,    0,    0,  -12,    0,  -12,    0,    0,    0,    0,    0,    0,    0,    0,    0,    0,    0,    0,    0,    0,    0,    0,    0,    0,    0,    0,    0,    0,    0,    0,    0,    0,    0,    0,    0,    0,    0,    0,    0,    0,    0,    0,    0,    0,    0,    0,    0,    0,    0,    0,    0,    0,    0,    0,    0,    0,    0,    0,    0,    0,
       0,    0,    0,    0,    0,    0,    0,    0,    0,  -12,    0,    0,    0,  -12,    0,  -12,  -12,  -12,  -12,    0,    0,    0,    0,    0,    0,    0,    0,    0,    0,    0,    0,    0,    0,   -6,    0,  -12,    0,    0,    0,  -12,    0,    0,    0,    0,    0,    0,    0,    0,    0,    0,    0,    0,    0,    0,    0,    0,    0,    0,    0,    0,    0,    0,    0,    0,    0,    0,    0,    0,    0,    0,    0,    0,    0,    0,    0,    0,    0,    0,    0,    0,    0,    0,    0,    0,    0,    0,    0,    0,    0,    0,
       0,  -12,    0,    0,  -54,    0,  -54,    0,    0,  -36,    0,  -12,    0,    0,    0,    0,    0,    0,    0,    0,    0,    0,  -18,    0,  -18,  -18,    0,    0,    0,    0,    0,    0,    0,    0,    0,    0,    0,    0,    0,  -48,   30,    0,    0,    0,    0,    0,    0,    0,    0,    0,    0,    0,    0,    0,    0,    0,    0,    0,    0,    0,    0,    0,    0,    0,    0,    0,    0,    0,    0,    0,    0,    0,    0,    0,    0,    0,    0,    0,    0,    0,    0,    0,    0,    0,    0,    0,    0,  -54,    0,    0,
       0,  -12,    0,    0,  -12,    0,  -12,    0,    0,  -12,    0,    0,    0,    0,    0,    0,    0,    0,    0,    0,    0,    0,    0,    0,    0,    0,    0,    0,    0,    0,    0,    0,    0,    0,    0,    0,    0,    0,    0,  -12,    0,    0,    0,    0,    0,    0,    0,    0,    0,    0,    0,    0,    0,    0,    0,    0,    0,    0,    0,    0,    0,    0,    0,    0,    0,    0,    0,    0,    0,    0,    0,    0,    0,    0,    0,    0,    0,    0,    0,    0,    0,    0,    0,    0,    0,    0,    0,  -12,    0,    0,
       0,  -18,    0,    0,  -66,    0,  -66,    0,    0,  -48,    0,  -12,    0,    0,    0,    0,    0,    0,    0,    0,    0,    0,  -36,    0,  -36,  -36,    0,    0,    0,  -24,    0,    0,    0,    0,    0,    0,    0,    0,    0,  -78,    0,    0,    0,    0,    0,    0,    0,    0,    0,    0,    0,    0,    0,    0,    0,    0,    0,    0,    0,    0,    0,    0,    0,    0,    0,    0,    0,    0,    0,    0,    0,    0,    0,    0,    0,    0,    0,    0,    0,    0,    0,    0,    0,    0,    0,    0,    0,  -66,    0,    0,
       0,  -18,    0,    0,  -54,    0,  -54,    0,    0,  -36,    0,  -12,    0,    0,    0,    0,    0,    0,    0,    0,    0,    0,  -30,    0,  -36,  -36,    0,    0,    0,  -18,    0,    0,    0,    0,  -12,    0,    0,    0,    0,  -78,    0,    0,    0,    0,    0,    0,    0,    0,    0,    0,    0,    0,    0,    0,    0,    0,    0,    0,    0,    0,    0,    0,    0,    0,    0,    0,    0,    0,    0,    0,    0,    0,    0,    0,    0,    0,    0,    0,    0,    0,    0,    0,    0,    0,    0,    0,    0,  -54,    0,    0,
       0,    0,    0,    0,    0,    0,    0,    0,    0,    0,    0,  -12,   -6,    0,    0,    0,    0,    0,    0,    0,    0,    0,    0,    0,   -6,   -6,    0,    0,    0,    0,    0,    0,    0,  -18,    0,  -30,    0,  -24,    0,    0,    0,    0,    0,    0,    0,    0,    0,    0,    0,    0,    0,    0,    0,    0,    0,    0,    0,    0,    0,    0,    0,    0,    0,    0,    0,    0,    0,    0,    0,    0,    0,    0,    0,    0,    0,    0,    0,    0,    0,    0,    0,    0,    0,    0,    0,    0,    0,    0,    0,    0,
       0,  -18,    0,    0,  -48,    0,  -48,    0,    0,  -42,    0,  -18,  -12,    0,    0,    0,    0,    0,    0,    0,    0,    0,  -36,    0,  -42,  -42,    0,    0,    0,  -36,    0,    0,    0,    0,   -6,    0,   -6,    0,    0,  -54,    0,    0,    0,    0,    0,    0,    0,    0,    0,    0,    0,    0,    0,    0,    0,    0,    0,    0,    0,    0,    0,    0,    0,    0,    0,    0,    0,    0,    0,    0,    0,    0,    0,    0,    0,    0,    0,    0,    0,    0,    0,    0,    0,    0,    0,    0,    0,  -48,    0,    0,
       0,    0,    0,    0,    0,    0,    0,    0,    0,    0,    0,    0,    0,    0,    0,    0,    0,    0,    0,    0,    0,    0,    0,    0,    0,    0,    0,    0,    0,    0,    0,    0,    0,    0,    0,    0,    0,    0,    0,    0,    0,    0,  -24,  -12,    0,   36,    0,  -18,    0,   30,    0,    0,  -24,    0,  -66,    0,  -12,  -12,    0,  -12,    0,    0,    0,    0,    0,    0,   24,    0,  -48,  -12,    0,    0,    0,    0,    0,   36,    0,    0,    0,    0,    0,    0,    0,    0,    0,    0,    0,    0,    0,    0,
     -24,    0,    0,    0,    0,    0,    0,    0,    0,    0,    0,    0,    0,  -12,    0,  -30,  -24,    0,  -30,    0,    0,    0,    0,    0,    0,    0,    0,    0,    0,    0,    0,    0,    0,    0,    0,  -12,    0,    0,    0,    0,    0,    0,    0,    0,    0,    0,    0,    0,    0,    0,    0,    0,    0,    0,    0,    0,    0,    0,    0,    0,    0,    0,    0,    0,    0,    0,    0,    0,    0,    0,    0,    0,    0,    0,    0,    0,    0,    0,    0,    0,    0,    0,    0,    0,    0,    0,  -24,    0,    0,    0,
       0,    0,    0,    0,    0,    0,    0,    0,    0,    0,    0,    0,    0,  -18,    0,  -36,  -36,    0,  -42,    0,    0,    0,    0,    0,    0,    0,    0,    0,    0,    0,    0,    0,    0,    0,    0,  -12,    0,    0,    0,    0,    0,    0,    0,    0,    0,    0,    0,    0,    0,    0,    0,    0,    0,    0,    0,    0,    0,    0,    0,    0,    0,    0,    0,    0,    0,    0,    0,    0,    0,    0,    0,    0,    0,    0,    0,    0,    0,    0,    0,    0,    0,    0,    0,    0,    0,    0,    0,    0,    0,    0,
       0,    0,    0,    0,    0,    0,    0,    0,    0,    0,    0,    0,    0,    0,    0,  -30,  -30,    0,  -42,    0,    0,    0,    0,    0,    0,    0,    0,    0,    0,    0,    0,    0,    0,    0,    0,    0,    0,    0,    0,    0,    0,    0,    0,    0,    0,    0,    0,    0,    0,    0,    0,    0,    0,    0,    0,    0,    0,    0,    0,    0,    0,    0,    0,    0,    0,    0,    0,    0,    0,    0,    0,    0,    0,    0,    0,    0,    0,    0,    0,    0,    0,    0,    0,    0,    0,    0,    0,    0,    0,    0,
      48,    0,   54,   48,    0,    0,    0,    0,    0,    0,    0,    0,    0,    0,    0,    0,    0,    0,    0,    0,   60,    0,    0,    0,    0,    0,    0,    0,    0,    0,    0,    0,    0,    0,    0,    0,    0,    0,    0,    0,    0,    0,    0,    0,    0,    0,    0,    0,    0,    0,    0,    0,    0,    0,    0,    0,    0,    0,    0,    0,    0,    0,    0,    0,    0,    0,    0,    0,    0,    0,    0,    0,    0,    0,    0,    0,    0,    0,    0,    0,    0,    0,    0,    0,    0,    0,   36,    0,    0,    0,
       0,    0,    0,    0,    0,    0,    0,    0,    0,    0,    0,    0,    0,    0,    0,    0,    0,    0,    0,    0,    0,    0,    0,    0,  -12,  -12,    0,    0,    0,    0,    0,    0,    0,    0,    0,    0,    0,    0,    0,    0,    0,    0,    0,    0,    0,    0,    0,    0,    0,    0,    0,    0,    0,    0,    0,    0,    0,    0,    0,    0,    0,    0,    0,    0,    0,    0,    0,    0,    0,    0,    0,    0,    0,    0,    0,    0,    0,    0,    0,    0,    0,    0,    0,    0,    0,    0,    0,    0,    0,    0,
       0,    0,    0,    0,    0,    0,    0,    0,    0,    0,    0,    0,    0,    0,    0,    0,  -24,    0,  -12,    0,    0,    0,    0,    0,    0,    0,    0,    0,    0,    0,    0,    0,    0,    0,    0,    0,    0,    0,    0,    0,    0,    0,    0,    0,    0,    0,    0,    0,    0,    0,    0,    0,    0,    0,    0,    0,    0,    0,    0,    0,    0,    0,    0,    0,    0,    0,    0,    0,    0,    0,    0,    0,    0,    0,    0,    0,    0,    0,    0,    0,    0,    0,    0,    0,    0,    0,    0,    0,    0,    0,
       0,    0,    0,   18, -102,    0, -102,    0,    0,    0,    0,    0,    0,    0,    0,  -18,  -24,  -30,  -18,    0,    0,    0,  -12,    0,  -12,  -12,    0,    0,    0,    0,    0,    0,    0,    0,    0,    0,    0,    0,    0,    0,    0,    0,    0,    0,    0,    0,    0,    0,    0,    0,    0,    0,    0,    0,    0,    0,    0,    0,    0,    0,    0,    0,    0,    0,    0,    0,    0,    0,    0,    0,    0,    0,    0,    0,    0,    0,    0,    0,    0,    0,    0,    0,    0,    0,    0,    0,    0, -102,    0,    0,
     -12,    0,    0,    0,    0,    0,    0,    0,    0,    0,    0,    0,    0,    0,    0,  -18,  -18,    0,  -30,    0,    0,    0,    0,    0,    0,    0,    0,    0,    0,    0,    0,    0,    0,    0,    0,    0,    0,    0,    0,    0,    0,    0,    0,    0,    0,    0,    0,    0,    0,    0,    0,    0,    0,    0,    0,    0,    0,    0,    0,    0,    0,    0,    0,    0,    0,    0,    0,    0,    0,    0,    0,    0,    0,    0,    0,    0,    0,    0,    0,    0,    0,    0,    0,    0,    0,    0,    0,    0,    0,    0,
       0,    0,    0,    0,  -30,    0,  -42,    0,    0,    0,    0,    0,    0,    0,    0,  -18,  -12,    0,  -18,    0,    0,    0,    0,    0,    0,    0,    0,    0,    0,    0,    0,    0,    0,    0,    0,    0,    0,    0,    0,    0,    0,    0,    0,    0,    0,    0,    0,    0,    0,    0,    0,    0,    0,    0,    0,    0,    0,    0,    0,    0,    0,    0,    0,    0,    0,    0,    0,    0,    0,    0,    0,    0,    0,    0,    0,    0,    0,    0,    0,    0,    0,    0,    0,    0,    0,    0,    0,  -42,    0,    0,
       0,    0,    0,    0,  -42,    0,  -42,    0,    0,    0,    0,    0,    0,    0,    0,  -12,  -12,    0,  -18,    0,    0,    0,    0,    0,    0,    0,    0,    0,    0,    0,    0,    0,    0,    0,    0,    0,    0,    0,    0,    0,    0,    0,    0,    0,    0,    0,    0,    0,    0,    0,    0,    0,    0,    0,    0,    0,    0,    0,    0,    0,    0,    0,    0,    0,    0,    0,    0,    0,    0,    0,    0,    0,    0,    0,    0,    0,    0,    0,    0,    0,    0,    0,    0,    0,    0,    0,    0,  -42,    0,    0,
       0,    0,    0,    0,  -54,    0,  -54,    0,    0,    0,    0,    0,    0,    0,    0,    0,  -12,    0,    0,    0,    0,    0,    0,    0,    0,    0,    0,    0,    0,    0,    0,    0,    0,    0,    0,    0,    0,    0,    0,    0,    0,    0,    0,    0,    0,    0,    0,    0,    0,    0,    0,    0,    0,    0,    0,    0,    0,    0,    0,    0,    0,    0,    0,    0,    0,    0,    0,    0,    0,    0,    0,    0,    0,    0,    0,    0,    0,    0,    0,    0,    0,    0,    0,    0,    0,    0,    0,  -54,    0,    0,
       0,    0,    0,  -12,    0,    0,    0,    0,    0,    0,    0,    0,    0,    0,    0,  -24,  -18,    0,  -18,    0,    0,    0,    0,    0,    0,    0,    0,    0,    0,    0,    0,    0,    0,    0,    0,    0,    0,    0,    0,    0,    0,    0,    0,    0,    0,    0,    0,    0,    0,    0,    0,    0,    0,    0,    0,    0,    0,    0,    0,    0,    0,    0,    0,    0,    0,    0,    0,    0,    0,    0,    0,    0,    0,    0,    0,    0,    0,    0,    0,    0,    0,    0,    0,    0,    0,    0,  -12,    0,    0,    0,
       0,    0,    0,    0,    0,    0,    0,    0,    0,    0,    0,    0,    0,  -12,   -6,  -30,    0,    0,  -36,    0,    0,    0,    0,    0,    0,    0,    0,    0,    0,    0,    0,    0,    0,    0,    0,    0,    0,    0,    0,    0,    0,    0,    0,    0,    0,    0,    0,    0,    0,    0,    0,    0,    0,    0,    0,    0,    0,    0,    0,    0,    0,    0,    0,    0,    0,    0,    0,    0,    0,    0,    0,    0,    0,    0,    0,    0,    0,    0,    0,    0,    0,    0,    0,    0,    0,    0,    0,    0,    0,    0,
       0,    0,    0,    0,    0,    0,    0,    0,    0,    0,    0,    0,    0,    0,    0,    0,    0,    0,    0,    0,    0,    0,    0,    0,    0,    0,    0,    0,    0,    0,    0,    0,    0,    0,    0,    0,    0,    0,    0,    0,    0,    0,  -30,    0,    0,    0,    0,  -24,  -12,    0,    0,    0,   -6,    0,  -24,    0,    0,    0,    0,    0,    0,    0,    0,    0,    0,    0,    0,    0,    0,    0,    0,    0,    0,    0,    0,    0,    0,    0,    0,    0,    0,    0,    0,    0,    0,    0,    0,    0,    0,    0,
       0,    0,    0,    0,    0,    0,    0,    0,    0,    0,    0,    0,    0,  -18,   -6,  -30,  -30,    0,  -30,    0,    0,    0,    0,    0,    0,    0,    0,    0,    0,    0,    0,    0,    0,    0,    0,    0,    0,    0,    0,    0,    0,    0,    0,    0,    0,    0,    0,    0,    0,    0,    0,    0,    0,    0,    0,    0,    0,    0,    0,    0,    0,    0,    0,    0,    0,    0,    0,    0,    0,    0,    0,    0,    0,    0,    0,    0,    0,    0,    0,    0,    0,    0,    0,    0,    0,    0,    0,    0,    0,    0,
     -48,  -12,    0,  -42,    0,    0,    0,    0,    0,    0,    0,  -12,    0,  -36,  -12,  -48,  -42,    0,  -42,    0,    0,    0,    0,    0,  -12,  -12,    0,    0,    0,    0,    0,  -12,  -30,  -18,    0,  -30,    0,  -30,    0,    0,  -30,    0,    0,    0,    0,    0,    0,    0,    0,    0,    0,    0,    0,    0,    0,    0,    0,    0,    0,    0,    0,    0,    0,    0,    0,    0,    0,    0,    0,    0,    0,    0,    0,    0,    0,    0,    0,    0,    0,    0,    0,    0,    0,    0,    0,    0,  -54,    0,    0,    0,
      18,    0,   42,   24,    0,    0,    0,    0,   18,    0,   30,    0,    0,   42,   42,   54,   42,   42,   60,   48,    0,    0,    0,   54,    0,    0,    0,   54,    0,    0,    0,    0,    0,    0,    0,    0,    0,    0,    0,    0,    0,    0,    0,    0,    0,    0,    0,    0,    0,    0,    0,    0,    0,    0,    0,    0,    0,    0,    0,    0,    0,    0,    0,    0,    0,    0,    0,    0,    0,    0,    0,    0,    0,    0,    0,    0,    0,    0,    0,    0,    0,    0,    0,    0,    0,    0,   18,    0,    0,    0,
       0,    0,    0,  -18,    0,    0,    0,    0,    0,    0,    0,    0,    0,  -18,    0,  -30,    0,    0,    0,    0,    0,    0,    0,    0,    0,    0,    0,    0,    0,    0,    0,    0,    0,    0,    0,    0,    0,    0,    0,    0,    0,    0,    0,    0,    0,    0,    0,    0,    0,    0,    0,    0,    0,    0,    0,    0,    0,    0,    0,    0,    0,    0,    0,    0,    0,    0,    0,    0,    0,    0,    0,    0,    0,    0,    0,    0,    0,    0,    0,    0,    0,    0,    0,    0,    0,    0,    0,    0,    0,    0,
       0,    0,    0,    0,  -18,    0,  -18,    0,    0,  -24,    0,    0,    0,   12,    0,   12,   12,    0,   12,    0,    0,    0,  -12,    0,  -12,  -12,    0,    0,    0,  -12,  -12,    0,    0,  -12,  -12,  -12,    0,    0,    0,    0,    0,    0,    0,    0,    0,    0,    0,    0,    0,    0,    0,    0,    0,    0,    0,    0,    0,    0,    0,    0,    0,    0,    0,    0,    0,    0,    0,    0,    0,    0,    0,    0,    0,    0,    0,    0,    0,    0,    0,    0,    0,    0,    0,    0,    0,    0,    0,  -18,    0,    0,
       0,    0,    0,   12,   -6,    0,   -6,    0,    0,    0,    0,    0,    0,    0,    0,    0,    0,    0,    0,    0,    0,    0,    0,    0,    0,    0,    6,    0,   12,    0,   18,   12,    0,   18,    0,   18,    0,    0,    0,    0,    0,    0,    0,    0,    0,    0,    0,    0,    0,    0,    0,    0,    0,    0,    0,    0,    0,    0,    0,    0,    0,    0,    0,    0,    0,    0,    0,    0,    0,    0,    0,    0,    0,    0,    0,    0,    0,    0,    0,    0,    0,    0,    0,    0,    0,    6,    0,   -6,    0,    0,
       0,    0,    0,    0,  -18,    0,  -18,    0,    0,  -36,    0,  -12,    0,    0,    6,   18,    0,    0,   18,    0,    0,    0,  -30,    6,  -36,  -36,    0,    0,  -18,  -36,  -12,  -18,    0,  -12,    0,  -12,  -18,    0,    0,    0,    0,    0,    0,    0,    0,    0,    0,    0,    0,    0,    0,    0,    0,    0,    0,    0,    0,    0,    0,    0,    0,    0,    0,    0,    0,    0,    0,    0,    0,    0,    0,    0,    0,    0,    0,    0,    0,    0,    0,    0,    0,    0,    0,    0,    0,    0,    0,  -18,    0,    0,
       0,    0,    0,   12,    0,    0,    0,    0,    0,    0,    0,    0,    0,    0,    0,    0,    0,    0,    0,    0,    0,    0,    0,    0,    0,    0,    6,    0,   12,    0,    0,    0,    0,    0,    0,    0,    0,    0,    0,    0,    0,    0,    0,    0,    0,    0,    0,    0,    0,    0,    0,    0,    0,    0,    0,    0,    0,    0,    0,    0,    0,    0,    0,    0,    0,    0,    0,    0,    0,    0,    0,    0,    0,    0,    0,    0,    0,    0,    0,    0,    0,    0,    0,    0,    0,    6,    0,    0,    0,    0,
       0,    0,    0,    0,    0,    0,    0,    0,    0,    0,    0,    0,    0,    0,    0,    0,    0,    0,    0,    0,    0,    0,    0,    0,    0,    0,    0,    0,    0,    0,    0,    0,    0,    0,    0,    0,    0,    0,    0,    0,    0,    0,  -12,    0,    0,    0,    0,  -12,    0,    0,    0,    0,   -9,    0,    0,    0,    0,    0,    0,    0,    0,    0,    0,    0,  -12,    0,    0,    0,    0,  -12,  -12,    0,    0,    0,    0,    0,    0,    0,    0,    0,    0,    0,    0,  -12,    0,    0,    0,    0,    0,    0,
    -102,    0,  -12,  -48,    0,    0,    0,   -6,    0,    0,    0,    0,    0,    0,    0,    0,    0,    0,    0,    0,    0,   -6,    0,    0,    0,    0,    0,    0,    0,    0,    0,    0,    0,    0,    0,    0,    0,    0,    0,    0,    0,    0,  -48,    0,    0,   -9,    0, -128,   -6,   -6,   -6,    0,  -12,  -12,  -36,   -6,    0,    0,    0,    0,    0,    0,    0,    0,   -9,    0,   -6,   -6,  -18,    0,    0,    0,    0,    0,    0,    0,    0,    0,    0,    0,    0,    0,  -42,    0,    0,    0,  -90,    0,    0,    0,
       0,    0,    0,   18,  -36,  -24,  -36,  -18,    0,    0,    0,    0,    0,    0,    0,    0,    0,    0,    0,    0,    0,  -24,    0,    0,    0,    0,    0,    0,    0,    0,    0,    0,    0,    0,    0,    0,    0,    0,  -30,    0,    0,    0,    0,  -12,   -6,    0,  -18,    0,  -36,  -24,    0,    0,  -15,    0,    0,   -9,  -18,    0,   -6,  -18,    0,    0,   12,    0,  -36,    0,   24,    0,    6,    0,  -18,    0,   -9,   12,   12,    0,    0,    0,    0,    0,    0,    0,    0,    0,    0,    0,    0,  -36,    0,    0,
       0,    0,    0,    0,    0,    0,    0,    0,    0,    0,    0,    0,    0,    0,    0,    0,    0,    0,    0,    0,    0,    0,    0,    0,    0,    0,    0,    0,    0,    0,    0,    0,    0,    0,    0,    0,    0,    0,    0,    0,    0,    0,    0,    0,    0,    0,    0,   -6,    0,    0,    0,    0,   -6,    0,    0,    0,    0,    0,    0,    0,    0,    0,    0,    0,   -6,    0,    0,   -6,    0,    0,    0,    0,    0,    0,    0,    0,    0,    0,    0,    0,    0,    0,    0,    0,    0,    0,    0,    0,    0,    0,
       0,    0,    0,    0,    0,    0,    0,    0,    0,    0,    0,    0,    0,    0,    0,    0,    0,    0,    0,    0,    0,    0,    0,    0,    0,    0,    0,    0,    0,    0,    0,    0,    0,    0,    0,    0,    0,    0,    0,    0,    0,    0,   -6,    0,    0,    0,    0,   -6,   -6,   -6,    0,    0,  -15,   -6,  -18,    0,    0,    0,    0,    0,    0,    0,    0,    0,    0,    0,    0,    0,    0,    0,    0,    0,    0,    0,    0,    0,    0,    0,  -12,    0,    0,    0,  -12,    0,    0,    0,    0,    0,    0,    0,
       0,    0,    0,    0,    0,    0,    0,    0,    0,    0,    0,    0,    0,    0,    0,    0,    0,    0,    0,    0,    0,    0,    0,    0,    0,    0,    0,    0,    0,    0,    0,    0,    0,    0,    0,    0,    0,    0,    0,    0,    0,    0,    0,    0,    0,    0,    0,    0,    0,    0,    0,    0,   -6,    0,    0,    0,    0,    0,    0,    0,    0,    0,    0,    0,  -12,    0,    0,    0,    0,    0,    0,    0,    0,    0,    0,    0,    0,    0,    0,    0,    0,    0,    0,    0,    0,    0,    0,    0,    0,    0,
       0,    0,    0,    0,    0,    0,    0,    0,    0,    0,    0,    0,    0,    0,    0,    0,    0,    0,    0,    0,    0,    0,    0,    0,    0,    0,    0,    0,    0,    0,    0,    0,    0,    0,    0,    0,    0,    0,    0,    0,    0,    0,    0,    0,    0,    0,  -12,    0,  -12,   -9,    0,    0,  -12,    0,    0,    0,    0,    0,    0,    0,    0,    0,   18,    0,  -12,    0,    0,    0,    0,    0,    0,    0,    0,   18,   18,    0,    0,    0,    0,    0,    0,    0,    0,    0,    0,    0,    0,    0,    0,    0,
     -60,    0,  -12,  -30,    0,    0,    0,   -6,    0,    0,    0,    0,    0,    0,    0,    0,    0,    0,    0,    0,    0,   -6,    0,    0,    0,    0,    0,    0,    0,    0,    0,    0,    0,    0,    0,    0,    0,    0,    0,    0,    0,    0,  -48,    0,    0,   -9,    0,  -72,   -6,   -6,   -6,    0,  -12,  -12,  -36,   -6,    0,    0,    0,    0,    0,    0,    0,    0,   -9,    0,   -6,   -6,  -18,    0,    0,    0,    0,    0,    0,    0,    0,    0,    0,    0,    0,    0,  -24,    0,    0,    0,  -54,    0,    0,    0,
     -72,    0,  -24,  -42,    0,  -12,    0,  -12,    0,    0,    0,    0,    0,    0,    0,    0,    0,    0,    0,    0,    0,    0,    0,    0,    0,    0,    0,    0,    0,    0,    0,    0,    0,    0,    0,    0,    0,    0,  -30,    0,    0,    0,  -54,  -36,  -24,  -18,    0,  -84,    0,    0,    0,  -24,  -48,    0,  -78,    0,  -12,    0,   -6,  -12,    0,   -6,  -12,    0,  -12,    0,  -24,    0,  -30,    0,    0,    0,    0,  -12,  -12,  -12,   -6,  -12,    0,  -30,    0,  -18,  -42,    0,    0,    0,  -60,    0,    0,    0,
       0,    0,    0,    0,    0,  -12,    0,    0,    0,    0,    0,    0,    0,    0,    0,    0,    0,    0,    0,    0,    0,    0,    0,    0,    0,    0,    0,    0,    0,    0,    0,    0,    0,    0,    0,    0,    0,    0,  -18,    0,    0,    0,    0,  -18,   -6,    0,    6,    0,    0,   12,    0,   -6,  -30,    0,  -12,    0,  -12,   -6,    0,  -12,    0,    0,   -6,    0,    0,    0,   -6,    0,  -18,  -18,    0,    0,    0,   -6,   -3,    0,   -6,    0,    0,    0,  -12,    0,    0,  -18,    0,    0,  -12,    0,    0,    0,
       0,    0,    6,   24,  -66,  -12,  -66,  -12,    0,    0,    0,    0,    0,    0,    0,    0,    0,    0,    0,    0,   12,  -48,    0,    0,    0,    0,    0,    0,    0,    0,    0,    0,    0,    0,    0,    0,    0,    0,  -24,    0,    0,    0,    0,  -30,   -6,    0,  -36,    0,  -78,  -48,    0,    0,  -36,    0,    0,  -24,  -30,    0,  -18,  -48,  -24,   -6,   -6,  -12,  -72,    0,    0,   -6,    0,    0,  -12,    0,  -18,   -6,   18,    0,    0,    0,    0,    0,  -24,    0,    0,    0,    0,    0,    0,  -66,    0,    0,
     -48,    0,    0,  -42,    0,   -6,    0,    0,    0,    0,    0,    0,    0,    0,    0,    0,    0,    0,    0,    0,    0,    0,    0,    0,    0,    0,    0,    0,    0,    0,    0,    0,    0,    0,    0,    0,    0,    0,  -12,    0,    0,    0,  -36,  -18,   -6,    0,    0,  -48,    0,    0,    0,   -6,  -30,    0,  -72,    0,  -18,  -12,    0,  -18,    0,    0,  -12,    0,   -6,    0,  -36,    0,  -42,  -24,    0,    0,   -6,  -12,  -12,    0,  -12,    0,    0,    0,    0,    0,  -36,  -24,    0,    0,  -54,    0,    0,    0,
       0,    0,    0,   -6,    0,    0,    0,  -12,    0,    0,    0,    0,    0,    0,    0,    0,    0,    0,    0,    0,    0,   -6,    0,    0,    0,    0,    0,    0,    0,    0,    0,    0,    0,    0,    0,    0,    0,    0,    0,    0,    0,    0,  -15,    0,   -6,  -18,    0,  -18,   -6,  -12,   -6,    0,  -12,   -6,  -24,   -6,    0,    0,    0,    0,    0,    0,    0,    0,  -12,   -6,   -9,  -15,  -12,   -6,  -12,    0,    0,    0,    0,    0,    0,    0,    0,    0,    0,    0,    0,    0,    0,    0,  -12,    0,    0,    0,
       0,    0,    0,   -6,    0,    0,    0,  -12,    0,    0,    0,    0,    0,    0,    0,    0,    0,    0,    0,    0,    0,   -6,    0,    0,    0,    0,    0,    0,    0,    0,    0,    0,    0,    0,    0,    0,    0,    0,    0,    0,    0,    0,  -21,    0,   -6,    0,    0,  -30,   -6,   -9,   -9,    0,   -6,   -6,  -30,    0,    0,    0,    0,    0,    0,    0,    0,    0,  -12,    0,    0,   -6,    0,  -12,   -6,    0,    0,    0,    0,    0,    0,    0,  -12,    0,    0,    0,  -12,  -12,  -18,    0,  -12,    0,    0,    0,
       0,    0,    6,    0,    0,    0,    0,    0,    0,    0,    0,    0,    0,    0,    0,    0,    0,    0,    0,    0,    0,   18,    0,    0,    0,    0,    0,    0,    0,    0,    0,    0,    0,    0,    0,    0,    0,    0,    0,    0,    0,    0,    0,   -6,    0,   12,    0,    0,    0,    0,    0,    0,  -12,    0,    0,    0,   -9,    0,   -6,   -9,    0,   -6,   -6,    0,  -12,    0,    0,    0,    0,   -6,   -6,    0,    0,   -6,    0,    6,    0,    0,    0,    0,    0,    0,    0,    0,    0,    0,    0,    0,    0,    0,
       0,    0,  -12,    0,  -12,    0,  -12,  -12,    0,    0,    0,    0,    0,    0,    0,    0,    0,    0,    0,    0,    0,  -12,    0,    0,    0,    0,    0,    0,    0,    0,    0,    0,    0,    0,    0,    0,    0,    0,    0,    0,    0,    0,  -12,    0,    0,   -9,   -9,  -45,  -12,  -21,  -12,    0,    0,  -12,   -6,   -6,    0,    0,    0,    0,    0,    0,    0,    0,  -24,    0,    0,   -6,    0,    0,    0,    0,    0,    0,    0,    0,    0,    0,  -12,    0,    0,    0,  -12,    0,    0,    0,    0,  -12,    0,    0,
       0,    0,  -12,    0,  -72,    0,  -72,  -12,    0,    0,    0,    0,    0,    0,    0,    0,    0,    0,    0,    0,    0,  -24,    0,    0,    0,    0,    0,    0,    0,    0,    0,    0,    0,    0,    0,    0,    0,    0,   -6,    0,    0,    0,    0,    0,    0,    0,  -30,  -12,  -30,  -42,  -24,   -9,    0,  -24,  -15,   -6,    0,    0,    0,    0,    0,    0,    0,    0,  -30,    0,   18,   -6,    0,    0,   -6,    0,    0,    0,    0,    0,    0,    0,    0,    0,    0,    0,    0,    0,    0,    0,    0,  -72,    0,    0,
       0,    0,  -12,   -6,  -18,    0,  -18,  -18,    0,    0,    0,    0,    0,    0,    0,    0,    0,    0,    0,    0,    0,  -24,    0,    0,    0,    0,    0,    0,    0,    0,    0,    0,    0,    0,    0,    0,    0,    0,   -6,    0,    0,   -6,  -24,    0,  -12,  -12,  -18,  -54,  -18,  -30,  -24,  -12,    0,  -24,  -18,  -18,    0,    0,    0,    0,    0,    0,    0,    0,  -24,    0,    0,  -12,    0,    0,   -3,    0,    0,    0,    0,    0,    0,    0,  -12,    0,    0,    0,    0,    0,    0,    0,  -18,  -18,    0,    0,
       0,    0,    0,    0,    0,  -12,    0,    0,    0,    0,    0,    0,    0,    0,    0,    0,    0,    0,    0,    0,    0,    0,    0,    0,    0,    0,    0,    0,    0,    0,    0,    0,    0,    0,    0,    0,    0,    0,  -12,    0,    0,    0,    0,  -12,   -6,    0,    0,    0,    0,    0,    0,    0,  -24,    0,  -12,    0,   -9,    0,   -6,   -9,    0,    0,   -3,    0,   -6,    0,   -6,    0,   -9,  -24,    0,    0,    0,   -3,   12,    0,  -12,    0,    0,    0,    0,    0,    0,  -18,    0,    0,    0,    0,    0,    0,
       0,    0,    0,    0,   18,    0,   18,    0,    0,    0,    0,    0,    0,    0,    0,    0,    0,    0,    0,    0,    0,    0,    0,    0,    0,    0,    0,    0,    0,    0,    0,    0,    0,    0,    0,    0,    0,    0,    0,    0,    0,   12,  -12,    0,    0,    0,   30,  -24,   27,   24,   36,    0,    0,   24,  -30,   30,    0,    0,    0,    0,    6,    0,    0,    0,   18,    0,    0,    9,   -6,   -9,    0,    0,    0,    0,    0,    0,    0,    0,    0,    0,    0,    0,    0,    0,    0,    0,    0,   18,    0,    0,
       0,    0,    0,    0,  -12,    0,  -12,    0,    0,    0,    0,    0,    0,    0,    0,    0,    0,    0,    0,    0,    0,  -12,    0,    0,    0,    0,    0,    0,    0,    0,    0,    0,    0,    0,    0,    0,    0,    0,    0,    0,    0,    0,  -24,    0,    0,    0,    0,  -60,  -12,    0,   -6,    0,    0,   -9,  -21,    0,    0,    0,    0,    0,   -6,   -6,    0,    0,  -12,    0,   -9,  -21,   -9,   -3,   -6,    0,    0,    0,    0,   -6,    0,    0,    0,    0,    0,    0,    0,    0,    0,    0,    0,  -12,    0,    0,
       0,    0,    0,   -6,   -6,    0,   -6,    0,    0,    0,    0,    0,    0,    0,    0,    0,    0,    0,    0,    0,    0,    0,    0,    0,    0,    0,    0,    0,    0,    0,    0,    0,    0,    0,    0,    0,    0,    0,    0,    0,    0,    0,  -18,    0,    0,    0,    0,  -42,    0,    0,    0,    0,    0,    0,  -30,    0,    0,    0,    0,    0,    0,    0,   -9,    0,   -9,    0,   -6,   -9,   -9,    0,    0,    0,    0,   -9,   -9,    0,    0,    0,    0,    0,    0,    0,  -12,    0,    0,    0,    0,   -6,    0,    0,
       0,    0,    0,   12,  -12,    0,  -12,    0,    0,    0,    0,    0,    0,    0,    0,    0,    0,    0,    0,    0,    0,    0,    0,    0,    0,    0,    0,    0,    0,    0,    0,    0,    0,    0,    0,    0,    0,    0,    0,    0,    0,    0,   -6,    0,    0,    0,    0,  -30,    0,    0,    0,    0,    0,    0,  -12,    0,    0,    0,    0,    0,    0,    0,    0,    0,  -18,    0,    0,   -6,    0,    0,   -6,    0,    0,    0,    0,    0,    0,    0,    0,    0,    0,    0,  -12,    0,    0,    0,    0,  -12,    0,    0,
       0,    0,    0,    0,  -12,    0,  -12,    0,    0,    0,    0,    0,    0,    0,    0,    0,    0,    0,    0,    0,    0,  -12,    0,    0,    0,    0,    0,    0,    0,    0,    0,    0,    0,    0,    0,    0,    0,    0,    0,    0,    0,    0,    0,    0,    0,    0,    0,  -30,  -12,    0,   -6,    0,    0,   -6,   -9,    0,    0,    0,    0,    0,    0,    0,    0,    0,  -18,    0,    0,   -9,    0,    0,   -9,    0,    0,    0,    0,    0,    0,    0,    0,    0,    0,    0,    0,    0,    0,    0,    0,  -12,    0,    0,
       0,    0,    0,    0,    0,    0,    0,    0,    0,    0,    0,    0,    0,    0,    0,    0,    0,    0,    0,    0,    0,    0,    0,    0,    0,    0,    0,    0,    0,    0,    0,    0,    0,    0,    0,    0,    0,    0,    0,    0,    0,    0,   -6,    0,    0,    0,    0,  -24,    0,    0,    0,    0,    0,    0,  -12,    0,    0,    0,    0,    0,    0,    0,    0,    0,   -6,    0,    0,   -6,    0,    0,    0,    0,    0,    0,    0,    0,    0,    0,    0,    0,    0,    0,    0,    0,    0,    0,    0,    0,    0,    0,
       0,    0,    0,    0,    0,    0,    0,    0,    0,    0,    0,    0,    0,    0,    0,    0,    0,    0,    0,    0,    0,    0,    0,    0,    0,    0,    0,    0,    0,    0,    0,    0,    0,    0,    0,    0,    0,    0,    0,    0,    0,    0,   -6,    0,    0,    0,    0,  -24,    0,    0,    0,    0,    0,    0,   -9,    3,   -6,    0,    0,   -6,    0,    0,    0,    0,   -6,    0,    6,   -3,    0,    0,    0,    0,    0,    0,    0,    0,    0,    0,    0,    0,  -12,    0,    0,    0,    0,    0,    0,    0,    0,    0,
       0,    0,    0,    0,    0,  -18,    0,    0,    0,    0,    0,    0,    0,    0,    0,    0,    0,    0,    0,    0,    0,    0,    0,    0,    0,    0,    0,    0,    0,    0,    0,    0,    0,    0,    0,    0,    0,    0,    0,    0,    0,    0,   -9,   -6,    0,    0,    6,  -30,    0,    6,    0,   -6,   -6,    0,  -30,    0,  -12,   -3,   -6,  -12,    0,    0,    0,    0,    0,    0,    0,    0,    0,    0,    0,    0,    0,    0,    0,    0,    0,    0,    0,    0,    0,    0,    0,    0,    0,    0,    0,    0,    0,    0,
       0,    0,    0,    0,  -12,    0,  -12,    0,    0,    0,    0,    0,    0,    0,    0,    0,    0,    0,    0,    0,    0,  -12,    0,    0,    0,    0,    0,    0,    0,    0,    0,    0,    0,    0,    0,    0,    0,    0,    0,    0,    0,    0,  -24,    0,    0,    0,    0,  -42,  -12,    0,   -6,    0,    0,   -9,  -21,    0,    0,    0,    0,    0,   -6,   -6,    0,    0,  -12,    0,   -9,  -21,   -9,   -3,   -6,    0,    0,    0,    0,   -6,    0,    0,    0,    0,    0,    0,    0,    0,    0,    0,    0,  -12,    0,    0,
       0,    0,    0,   18,   12,    0,   12,    0,    0,    0,    0,    0,    0,    0,    0,    0,    0,    0,    0,    0,    0,    0,    0,    0,    0,    0,    0,    0,    0,    0,    0,    0,    0,    0,    0,    0,    0,    0,    0,    0,    0,   15,  -24,    0,    0,    0,   30,  -18,   27,   27,   36,    0,    0,   27,  -36,   30,    0,    0,    0,    0,    6,    0,    0,    0,   18,    0,   -6,    9,  -12,    0,    0,    0,    0,    0,    0,    0,    0,    0,    0,    0,    0,    0,    0,    0,    0,    0,  -18,   12,    0,    0,
       0,    0,    0,    0,    0,    0,    0,    0,    0,    0,    0,    0,    0,    0,    0,    0,    0,    0,    0,    0,    0,    0,    0,    0,    0,    0,    0,    0,    0,    0,    0,    0,    0,    0,    0,    0,    0,    0,    0,    0,    0,    0,   -6,    0,    0,    0,    0,  -24,    0,    0,    0,    0,    0,    0,   -9,    3,   -6,    0,    0,   -6,    0,    0,    0,    0,   -6,    0,    0,   -3,    0,    0,    0,    0,    0,    0,    0,    0,    0,    0,    0,    0,  -12,    0,    0,    0,    0,    0,    0,    0,    0,    0,
       0,    0,   -6,    0,  -12,    0,  -12,    0,    0,    0,    0,    0,    0,    0,    0,    0,    0,    0,    0,    0,    0,  -12,    0,    0,    0,    0,    0,    0,    0,    0,    0,    0,    0,    0,    0,    0,    0,    0,    0,    0,    0,    0,   -6,    0,    0,    0,   -9,  -18,  -12,  -12,   -6,  -12,    0,   -6,  -18,    0,    0,    0,   -6,    0,  -12,   -6,    0,    0,  -42,    0,    0,  -21,    0,    0,   -6,    0,    0,    0,    0,    0,    0,    0,    0,    0,    0,    0,    0,    0,    0,    0,    0,  -12,    0,    0,
       0,    0,   24,  -12,   12,    0,   12,    0,    0,    0,    0,    0,    0,    0,    0,    0,    0,    0,    0,    0,    0,   48,    0,    0,    0,    0,    0,    0,    0,    0,    0,    0,    0,    0,    0,    0,    0,    0,    9,    0,    0,   18,  -12,    0,    0,   18,   33,   -9,   33,   33,   42,    0,   -6,   36,  -30,   39,    0,    0,    0,    0,   12,    0,    0,    0,   24,    0,    0,   15,   -6,   -9,    9,    0,    6,    0,    0,   18,    0,    0,    0,    0,    0,    0,    0,    0,    0,    0,  -12,   12,    0,    0,
     -42,    0,    0,  -36,    0,    0,    0,    0,    0,    0,    0,    0,    0,    0,    0,    0,    0,    0,    0,    0,    0,    0,    0,    0,    0,    0,    0,    0,    0,    0,    0,    0,    0,    0,    0,    0,    0,    0,    0,    0,    0,    0,  -42,    0,    0,    0,    6,  -42,    0,    0,    0,    0,   -6,    0,  -66,    0,    0,    0,    0,    0,    0,    0,   -6,    0,    0,    0,  -21,    0,  -27,  -30,   -6,    0,    0,   -6,   -6,    0,    0,    0,    0,    0,    0,    0,    0,    0,    0,    0,  -36,    0,    0,    0,
       0,    0,    0,    0,    0,    0,    0,    0,    0,    0,    0,    0,    0,    0,    0,    0,    0,    0,    0,    0,    0,    0,    0,    0,    0,    0,    0,    0,    0,    0,    0,    0,    0,    0,    0,    0,    0,    0,    0,    0,    0,    0,  -12,    0,    0,    0,    0,  -60,    0,    0,    0,    0,    0,    0,  -33,    0,    0,    0,    0,    0,    0,    0,    0,    0,  -18,    0,    0,    0,   -6,    0,    0,    0,    0,    0,    0,    0,    0,    0,    0,    0,    0,    0,    0,    0,    0,    0,  -12,    0,    0,    0,
       0,    0,    0,    0,  -12,    0,  -12,    0,    0,    0,    0,    0,    0,    0,    0,    0,    0,    0,    0,    0,    0,    0,    0,    0,    0,    0,    0,    0,    0,    0,    0,    0,    0,    0,    0,    0,    0,    0,    0,    0,    0,    0,  -12,    0,    0,    0,    0,  -30,    0,    0,    0,    0,    0,    0,  -30,    0,    0,    0,    0,    0,    0,    0,    0,    0,    0,    0,    0,   -9,    0,    0,    0,    0,    0,    0,    0,    0,    0,    0,    0,    0,    0,    0,    0,    0,    0,    0,    0,  -12,    0,    0,
       0,    0,    0,    0,   18,    0,   18,    0,    0,    0,    0,    0,    0,    0,    0,    0,    0,    0,    0,    0,    0,    0,    0,    0,    0,    0,    0,    0,    0,    0,    0,    0,    0,    0,    0,    0,    0,    0,    0,    0,    0,   12,  -15,    0,    0,    0,   30,  -15,   27,   24,   36,    0,    0,   24,  -31,   30,    0,    0,    0,    0,    6,    0,    0,    0,   18,    0,    0,    9,   -6,   -9,    0,    6,    0,    0,    0,    0,    0,    0,    0,    0,    0,    0,    0,    0,    0,    0,    0,   18,    0,    0,
       0,    0,    0,    0,    0,    0,    0,    0,    0,    0,    0,    0,    0,    0,    0,    0,    0,    0,    0,    0,    0,    0,    0,    0,    0,    0,    0,    0,    0,    0,    0,    0,    0,    0,    0,    0,    0,    0,    0,    0,    0,    0,    0,    0,    0,    0,    0,    0,    0,    0,    0,    0,    0,    0,  -12,    0,    0,    0,    0,    0,    0,    0,    0,    0,  -30,    0,    0,    0,    0,    0,  -12,    0,    0,    0,    0,    0,    0,    0,    0,    0,    0,    0,    0,    0,    0,    0,    0,    0,    0,    0,
       0,    0,    0,    0,    0,    0,    0,    0,    0,    0,    0,    0,    0,    0,    0,    0,    0,    0,    0,    0,    0,    0,    0,    0,    0,    0,    0,    0,    0,    0,    0,    0,    0,    0,    0,    0,    0,    0,    0,    0,    0,    0,    0,    0,    0,    0,    0,    0,    0,    0,    0,    0,    0,    0,    0,    0,    0,    0,    0,    0,    0,    0,    0,    0,  -24,    0,    0,    0,    0,    0,    0,    0,    0,    0,    0,    0,    0,    0,    0,    0,    0,    0,    0,    0,    0,    0,    0,    0,    0,    0,
       0,    0,    0,    0,    0,    0,    0,    0,    0,    0,    0,    0,    0,    0,    0,    0,    0,    0,    0,    0,    0,    0,    0,    0,    0,    0,    0,    0,    0,    0,    0,    0,    0,    0,    0,    0,    0,    0,    0,    0,    0,    0,    0,    0,    0,    0,    0,    0,    0,    0,    0,    0,    0,    0,  -12,    0,    0,    0,    0,    0,    0,    0,    0,    0,    0,    0,    0,    0,    0,  -18,    0,    0,    0,    0,    0,    0,    0,    0,    0,    0,    0,    0,    0,  -18,    0,    0,    0,    0,    0,    0,
       0,    0,    0,    0,    0,    0,    0,    0,    0,    0,    0,    0,    0,    0,    0,    0,    0,    0,    0,    0,    0,    0,    0,    0,    0,    0,    0,    0,    0,    0,    0,    0,    0,    0,    0,    0,    0,    0,    0,    0,    0,    0,    0,    0,    0,    0,    0,    0,    0,  -36,    0,    0,    0,    0,    0,    0,    0,    0,    0,    0,    0,    0,    0,    0,  -42,    0,    0,    0,    0,    0,    0,    0,    0,    0,    0,    0,    0,    0,    0,    0,    0,    0,    0,    0,    0,    0,    0,    0,    0,    0,
       0,    0,    0,    0,    0,    0,    0,    0,    0,    0,    0,    0,    0,    0,    0,    0,    0,    0,    0,    0,    0,    0,    0,    0,    0,    0,    0,    0,    0,    0,    0,    0,    0,    0,    0,    0,    0,    0,    0,    0,    0,    0,    0,    0,    0,    0,    0,    0,    0,    0,    0,    0,    0,    0,    0,    0,    0,    0,    0,    0,    0,    0,    0,    0,  -42,    0,    0,    0,    0,    0,    0,    0,    0,    0,    0,    0,    0,    0,    0,    0,    0,    0,    0,    0,    0,    0,    0,    0,    0,    0,
       0,    0,    0,    0,  -54,    0,  -54,    0,    0,    0,    0,    0,    0,    0,    0,    0,    0,    0,    0,    0,    0,    0,    0,    0,    0,    0,    0,    0,    0,    0,    0,    0,    0,    0,    0,    0,    0,    0,    0,    0,    0,    0,    0,    0,    0,    0,    0,    0,    0,    0,    0,    0,    0,    0,    0,    0,    0,    0,    0,    0,    0,    0,    0,    0,    0,    0,    0,    0,    0,    0,    0,    0,    0,    0,    0,    0,    0,    0,    0,    0,    0,    0,    0,    0,    0,    0,    0,  -54,    0,    0,
       0,    0,    0,    0,  -42,    0,  -42,    0,    0,    0,    0,    0,    0,    0,    0,    0,    0,    0,    0,    0,    0,    0,    0,    0,    0,    0,    0,    0,    0,    0,    0,    0,    0,    0,    0,    0,    0,    0,    0,    0,    0,    0,    0,  -12,    0,    0,    0,    0,  -36,  -36,    0,    0,    0,    0,    0,    0,    0,    0,    0,    0,    0,    0,    0,    0,  -36,    0,    0,    0,    0,    0,    0,    0,    0,    0,    0,    0,  -12,    0,    0,    0,  -12,    0,    0,    0,    0,    0,    0,  -42,    0,    0,
       0,    0,    0,   18,  -42,    0,  -42,    0,    0,    0,    0,    0,    0,    0,    0,    0,    0,    0,    0,    0,    0,    0,    0,    0,    0,    0,    0,    0,    0,    0,    0,    0,    0,    0,    0,    0,    0,    0,    0,    0,    0,    0,    0,    0,    0,    0,    0,    0,  -36,  -24,    0,    0,    0,    0,    0,    0,    0,    0,    0,    0,    0,    0,    0,    0,  -36,    0,    0,    0,    0,    0,    0,    0,    0,    0,    0,    0,    0,    0,    0,    0,  -24,    0,    0,    0,    0,    0,    0,  -42,    0,    0,
       0,    0,    0,    0,    0,    0,    0,    0,    0,    0,    0,    0,    0,    0,    0,    0,    0,    0,    0,    0,    0,    0,    0,    0,    0,    0,    0,    0,    0,    0,    0,    0,    0,    0,    0,    0,    0,    0,    0,    0,    0,    0,    0,    0,    0,    0,    0,  -12,    0,  -30,    0,    0,    0,    0,    0,    0,    0,    0,    0,    0,    0,    0,    0,    0,  -24,    0,    0,    0,    0,    0,    0,    0,    0,    0,    0,    0,    0,    0,  -12,    0,    0,    0,    0,    0,    0,    0,    0,    0,    0,    0,
       0,    0,    0,  -12,    0,    0,    0,    0,    0,    0,    0,    0,    0,    0,    0,    0,    0,    0,    0,    0,    0,    0,    0,    0,    0,    0,    0,    0,    0,    0,    0,    0,    0,    0,    0,    0,    0,    0,    0,    0,    0,    0,    0,    0,    0,    0,    0,    0,    0,    0,    0,    0,    0,    0,    0,    0,    0,    0,    0,    0,    0,    0,    0,    0,    0,    0,    0,    0,    0,    0,    0,    0,    0,    0,    0,    0,    0,    0,    0,    0,    0,    0,    0,    0,    0,    0,  -12,    0,    0,    0,
       0,    0,    0,    0,    0,    0,    0,    0,    0,    0,    0,    0,    0,    0,    0,    0,    0,    0,    0,    0,    0,    0,    0,    0,    0,    0,    0,    0,    0,    0,    0,    0,    0,    0,    0,    0,    0,    0,    0,    0,    0,    0,    0,    0,    0,    0,    0,    0,    0,    0,    0,    0,    0,    0,    0,    0,    0,    0,    0,    0,    0,    0,    0,    0,    0,    0,    0,    0,    0,    0,    0,    0,    0,    0,    0,    0,    0,    0,    0,    0,  -12,    0,    0,    0,    0,    0,    0,    0,    0,    0,
       0,    0,    0,    0,    0,    0,    0,    0,    0,    0,    0,    0,    0,    0,    0,    0,    0,    0,    0,    0,    0,    0,    0,    0,    0,    0,    0,    0,    0,    0,    0,    0,    0,    0,    0,  -12,    0,    0,    0,    0,    0,    0,    0,    0,    0,    0,    0,    0,    0,    0,    0,    0,    0,    0,    0,    0,    0,    0,    0,    0,    0,    0,    0,    0,    0,    0,    0,    0,    0,    0,    0,    0,    0,    0,    0,    0,    0,    0,    0,    0,    0,    0,    0,    0,    0,    0,    0,    0,    0,    0,
       0,    0,    0,    0,    0,    0,    0,    0,    0,  -42,    0,    0,    0,    0,    0,    0,    0,    0,    0,    0,    0,    0,    0,    0,    0,    0,    6,    0,    0,    0,    0,    0,    0,    0,    0,   12,    0,    0,    0,  -84,    0,    0,    0,    0,    0,    0,  -18,    0,  -42,  -36,    0,    0,    0,    0,    0,    0,    0,    0,    0,    0,    0,    0,   12,    0,  -18,    0,   42,    0,   24,    0,    0,   18,    0,   30,   30,   18,    0,    0,    0,    0,  -24,    0,    0,    0,  -84,    0,    0,    0,    0,    0,
       0,    0,    0,    0,    0,    0,    0,    0,    0,  -54,    0,    0,    0,    0,    0,    0,    0,    0,    0,    0,    0,    0,   -6,    0,   -6,   -6,    0,    0,    0,  -30,    0,    0,    0,    0,    0,    0,    0,    0,    0,  -84,    0,    0,    0,    0,    0,    0,  -24,   12,  -42,  -36,    0,    0,    0,    0,    0,    0,   -6,    0,    0,   -6,    0,    0,   24,   24,  -12,   24,   30,    0,   36,   30,    0,   30,    0,   24,   24,   12,    0,    0,    0,    0,    0,    0,    0,    0,  -84,    0,    0,    0,    0,    0,
       0,    0,    0,    0,    0,    0,    0,    0,    0,    0,    0,    0,    0,    0,    0,    0,    0,    0,    0,    0,    0,    0,    0,    0,    0,    0,    0,    0,    0,    0,    0,    0,    0,    0,    0,    0,    0,    0,    0,    0,    0,    0,    0,    0,    0,    0,    0,    0,    0,    0,    0,    0,    0,    0,    0,    0,    0,    0,    0,    0,    0,    0,    0,    0,    0,    0,    0,    0,    0,    0,    0,    0,    0,    0,    0,    0,    0,    0,    0,    0,    0,    0,    0,    0,    0,    0,    0,    0,   39,    0,
       0,    0,    0,    0,    0,    0,    0,    0,    0,    0,    0,    0,    0,    0,    0,    0,    0,    0,    0,    0,    0,    0,    0,    0,    0,    0,    0,    0,    0,    0,    0,    0,    0,    0,    0,    0,    0,    0,    0,    0,    0,    0,    0,    0,    0,    0,    0,    0,    0,    0,    0,    0,    0,    0,    0,    0,    0,    0,    0,    0,    0,    0,    0,    0,    0,    0,    0,    0,    0,    0,    0,    0,    0,    0,    0,    0,    0,    0,    0,    0,    0,    0,    0,    0,    0,    0,    0,    0,    0,   42,
     -18,    0,    0,    0,    0,    0,    0,    0,    0,    0,    0,    0,    0,    0,    0,    0,    0,    0,    0,    0,    0,    0,    0,    0,    0,    0,    0,    0,    0,    0,    0,    0,    0,    0,    0,   -9,    0,    0,    0,    0,    0,    0,    0,    0,    0,    0,    0,    0,    0,    0,    0,    0,    0,    0,    0,    0,    0,    0,    0,    0,    0,    0,    0,    0,    0,    0,    0,    0,    0,    0,    0,    0,    0,    0,    0,    0,    0,    0,    0,    0,    0,    0,    0,    0,    0,    0,    0,    0,    0,    0,
       0,    0,    0,    0,    0,    0,    0,    0,    0,    0,    0,    0,    0,    0,    0,    0,    0,    0,    0,    0,    0,    0,    0,    0,    0,    0,    0,    0,    0,    0,    0,    0,    0,    0,    0,   -9,    0,    0,    0,    0,    0,    0,    0,    0,    0,    0,    0,    0,    0,    0,    0,    0,    0,    0,    0,    0,    0,    0,    0,    0,    0,    0,    0,    0,    0,    0,    0,    0,    0,    0,    0,    0,    0,    0,    0,    0,    0,    0,    0,    0,    0,    0,    0,    0,    0,    0,    0,    0,    0,    0,
};

static const EpdLigaturePair notoserif_18_italicLigaturePairs[] = {
    { 0x00660066, 0xFB00 }, // f f -> U+FB00
    { 0x00660069, 0xFB01 }, // f i -> U+FB01
    { 0x0066006C, 0xFB02 }, // f l -> U+FB02
    { 0xFB000069, 0xFB03 }, // U+FB00 i -> U+FB03
    { 0xFB00006C, 0xFB04 }, // U+FB00 l -> U+FB04
};

static const EpdFontData notoserif_18_italic = {
    notoserif_18_italicBitmaps,
    notoserif_18_italicGlyphs,
    notoserif_18_italicIntervals,
    20,
    51,
    41,
    -11,
    true,
    notoserif_18_italicGroups,
    13,
    nullptr,
    notoserif_18_italicKernLeftClasses,
    notoserif_18_italicKernRightClasses,
    notoserif_18_italicKernMatrix,
    551,
    557,
    103,
    90,
    notoserif_18_italicLigaturePairs,
    5,
};
