/**
 * generated by fontconvert.py
 * name: notoserif_16_bold
 * size: 16
 * mode: 2-bit  compressed: true
 * Command used: fontconvert.py notoserif_16_bold 16 ../builtinFonts/source/NotoSerif/NotoSerif-Bold.ttf --2bit --compress --pnum --force-autohint
 */
#pragma once
#include "EpdFontData.h"

static const uint8_t notoserif_16_boldBitmaps[38577] = {
    0xB5, 0x5A, 0x3D, 0x93, 0xDD, 0xD6, 0x79, 0x3E, 0x00, 0x24, 0x61, 0x32, 0xD0, 0x04, 0x29, 0x92,
    0x99, 0x4C, 0x38, 0x31, 0x5A, 0xA7, 0xB0, 0xF0, 0x07, 0x96, 0x7B, 0x10, 0x37, 0x29, 0xE9, 0x2E,
    0x45, 0x8A, 0x34, 0xE9, 0xD9, 0xA6, 0x58, 0x0B, 0xF0, 0xA8, 0x48, 0x91, 0x86, 0x33, 0xF9, 0x03,
    0xF9, 0x05, 0x99, 0x14, 0x2E, 0x38, 0x93, 0xA5, 0x01, 0x91, 0x85, 0x0B, 0x17, 0x82, 0x47, 0xE3,
    0x34, 0x2A, 0x88, 0x78, 0xE8, 0x26, 0x0D, 0x21, 0x0B, 0x0E, 0x41, 0x09, 0xC0, 0xC9, 0xF3, 0x3C,
    0x2F, 0xEE, 0xDD, 0x4B, 0xEE, 0x52, 0x5A, 0xD2, 0xF6, 0xF2, 0xE2, 0x3D, 0xBB, 0x17, 0xE7, 0xF3,
    0xFD, 0x78, 0xDE, 0x8F, 0x43, 0x3F, 0xF9, 0x91, 0xFF, 0xCA, 0xB1, 0x1C, 0xCA, 0xA1, 0x18, 0x8A,
    0x3E, 0xEF, 0xF3, 0xCE, 0xFE, 0x65, 0x5D, 0xD6, 0x38, 0xFC, 0xE4, 0xBD, 0xF5, 0xC9, 0xFB, 0xF6,
    0x97, 0xA1, 0x69, 0xBB, 0x50, 0xD5, 0x78, 0x7C, 0x17, 0x9C, 0x6F, 0x5A, 0x3D, 0x65, 0xF5, 0xB1,
    0x2B, 0xDD, 0x5D, 0x57, 0xE0, 0x71, 0x59, 0x77, 0x81, 0x31, 0xCD, 0x25, 0x48, 0x35, 0x3B, 0x7C,
    0x37, 0x81, 0x44, 0xA3, 0x73, 0x1F, 0xC5, 0xA3, 0xF3, 0x21, 0x84, 0x4E, 0xE4, 0x2F, 0x1E, 0xFD,
    0xFD, 0x6F, 0x2A, 0x77, 0x91, 0x76, 0xCE, 0x3D, 0x24, 0x99, 0xB9, 0xD8, 0x94, 0x37, 0x2E, 0x1A,
    0xF3, 0xCA, 0xA1, 0x47, 0x30, 0x92, 0xF4, 0xE7, 0x0E, 0x04, 0x13, 0xA7, 0xDD, 0x61, 0xF6, 0x4C,
    0xB3, 0x37, 0x0F, 0xF7, 0x25, 0x5C, 0xD2, 0xD9, 0x93, 0xFE, 0xCA, 0x45, 0x21, 0x0C, 0xD9, 0x8B,
    0xA7, 0x73, 0xF1, 0xF9, 0x93, 0xC5, 0x3F, 0x79, 0x8C, 0xE7, 0xD3, 0xC9, 0x7F, 0xDE, 0x39, 0xFF,
    0x4D, 0xE7, 0x8A, 0xD0, 0xB9, 0x3C, 0xCC, 0x2E, 0x0E, 0xA1, 0x71, 0x75, 0x18, 0x5D, 0x1A, 0x16,
    0x97, 0x3C, 0xDF, 0xFE, 0x24, 0x79, 0x12, 0xCE, 0x93, 0x4F, 0x43, 0x9D, 0x74, 0x7C, 0x36, 0xFF,
    0xC9, 0xE3, 0xA5, 0x78, 0xF1, 0x74, 0x4C, 0xD9, 0xEF, 0x4E, 0x7F, 0x35, 0x3F, 0x9F, 0xA8, 0xC1,
    0xF8, 0x06, 0xFB, 0xC0, 0x74, 0x23, 0xD6, 0x77, 0xFE, 0xC9, 0x82, 0xC3, 0xBB, 0xFA, 0x6F, 0x57,
    0x9E, 0xBE, 0x75, 0x9B, 0xC3, 0xE6, 0xB0, 0x79, 0x9E, 0x1B, 0x4D, 0x32, 0xAA, 0x49, 0x7B, 0x35,
    0xF9, 0x63, 0x70, 0xD0, 0x6D, 0x45, 0x1E, 0x46, 0x0C, 0x38, 0xF7, 0xDC, 0xE4, 0x72, 0x81, 0x5F,
    0x31, 0xD9, 0x8C, 0x17, 0x71, 0xF8, 0xC9, 0xC8, 0xB1, 0x2E, 0x19, 0xD4, 0xA4, 0x9D, 0x9A, 0xBC,
    0x51, 0x53, 0x68, 0x5E, 0x77, 0xAE, 0x55, 0xDC, 0x85, 0xD6, 0x74, 0xB3, 0x76, 0x00, 0x06, 0x63,
    0x4E, 0x0C, 0xD3, 0xEE, 0x3E, 0x08, 0x0F, 0x28, 0xB9, 0x12, 0xE7, 0xC3, 0x4F, 0xFD, 0x78, 0x63,
    0xA3, 0xB1, 0xD7, 0x1A, 0x4E, 0x81, 0x6D, 0x3F, 0x26, 0x1F, 0x9D, 0xFF, 0xA2, 0x67, 0x53, 0x6C,
    0x10, 0x14, 0xC6, 0xA9, 0x21, 0x17, 0x7C, 0xEF, 0x8A, 0x39, 0x0C, 0xBE, 0x72, 0xF5, 0xE8, 0xE7,
    0x1A, 0xFD, 0xFB, 0x7C, 0xC3, 0xA4, 0xA1, 0x4B, 0xB8, 0x04, 0xF8, 0x0A, 0xB6, 0xBA, 0xD0, 0xBB,
    0x1A, 0xB3, 0xB5, 0x03, 0x58, 0xC3, 0x9E, 0x18, 0xDD, 0xBB, 0x72, 0x8D, 0x57, 0xBC, 0xCC, 0x20,
    0x97, 0x1A, 0xFD, 0xEE, 0x6F, 0xD8, 0x67, 0xD7, 0xF6, 0x6D, 0x57, 0x77, 0xBE, 0xF3, 0x8D, 0x6F,
    0xCA, 0xAA, 0xC4, 0xC1, 0xF4, 0xF3, 0xCF, 0x2E, 0x9D, 0x5C, 0xD9, 0xBB, 0x50, 0xC5, 0x9B, 0xCB,
    0x16, 0x97, 0xE3, 0x2F, 0xCC, 0x32, 0xBA, 0x7A, 0xC0, 0x8A, 0x9C, 0x9F, 0x2B, 0x9D, 0x7E, 0x7A,
    0x7E, 0x8F, 0xB7, 0xE8, 0x83, 0x9E, 0xE8, 0x8F, 0x51, 0xC9, 0xCA, 0xD3, 0x39, 0xEC, 0x39, 0x83,
    0x08, 0x1E, 0xDA, 0xD4, 0x83, 0x23, 0xCB, 0x3C, 0x14, 0x00, 0x62, 0x5F, 0xC0, 0x24, 0xF4, 0xA9,
    0x38, 0x45, 0xDB, 0xED, 0xE3, 0xDF, 0xF4, 0xD9, 0xD7, 0xEE, 0xB8, 0x2B, 0xA8, 0xA3, 0xED, 0xAA,
    0xE7, 0x0A, 0x98, 0xBD, 0x22, 0xB7, 0xA0, 0x15, 0x79, 0xE7, 0xBE, 0x9F, 0x37, 0xBD, 0xCF, 0xFF,
    0x6E, 0x6C, 0xBF, 0xB8, 0x3F, 0xDD, 0x09, 0x10, 0x40, 0x3D, 0x39, 0xB6, 0xFC, 0x9B, 0xDF, 0xE3,
    0xFD, 0x03, 0xF6, 0xB3, 0xFE, 0xEE, 0xC6, 0x07, 0x0A, 0xBF, 0xF0, 0x79, 0xD3, 0xFB, 0xA2, 0xF3,
    0x03, 0x4D, 0x31, 0x1B, 0x93, 0x31, 0xE9, 0xB3, 0xEE, 0x63, 0xF7, 0x4F, 0x94, 0x61, 0xE8, 0xEC,
    0xE3, 0x2B, 0x34, 0x1D, 0x5B, 0x58, 0x0C, 0xB5, 0x15, 0x86, 0x05, 0xB3, 0x82, 0x92, 0x72, 0x2C,
    0x2C, 0xD0, 0x51, 0x45, 0xCF, 0xA8, 0x3A, 0x54, 0xD2, 0x99, 0x47, 0x80, 0xE2, 0xC4, 0xD2, 0x1B,
    0x8C, 0x60, 0x77, 0x70, 0x48, 0x23, 0xD0, 0xBD, 0xA4, 0xAA, 0x71, 0xC4, 0xB1, 0xBB, 0x2B, 0x5F,
    0x3A, 0x9A, 0x0F, 0xFA, 0x2D, 0xC5, 0xE8, 0x8A, 0x31, 0x87, 0xF6, 0x8D, 0xE0, 0xB9, 0x1F, 0xD2,
    0x15, 0x9C, 0x4A, 0x36, 0xF0, 0x2A, 0x81, 0x6A, 0xBD, 0x42, 0xAA, 0x1B, 0x88, 0xBD, 0x55, 0x67,
    0x0D, 0xD3, 0x04, 0x9A, 0x4A, 0x93, 0x6A, 0x7A, 0xD9, 0xA9, 0x96, 0x74, 0x78, 0x09, 0x4D, 0xC2,
    0x51, 0x57, 0x68, 0xD2, 0xEA, 0xC2, 0x67, 0x78, 0xF2, 0x15, 0x3C, 0xC7, 0x77, 0xEF, 0xFA, 0x14,
    0x54, 0xC5, 0x10, 0xF8, 0x44, 0xED, 0x4B, 0xE8, 0x6C, 0xE8, 0xEB, 0xDE, 0x4F, 0xA1, 0x29, 0x96,
    0x50, 0xE5, 0x4B, 0x40, 0xA7, 0xDA, 0xE5, 0x4B, 0x84, 0x07, 0x9D, 0x71, 0x7A, 0x28, 0x83, 0xAB,
    0x69, 0xC7, 0x80, 0x00, 0x28, 0x53, 0x4A, 0x74, 0xC3, 0x9F, 0x75, 0xE5, 0xA2, 0xD5, 0xBD, 0x0F,
    0x43, 0xCF, 0x21, 0xDE, 0xD2, 0xE3, 0x9B, 0xF0, 0xDA, 0x0F, 0xE7, 0xD7, 0x02, 0x38, 0xAC, 0x9F,
    0x1C, 0x97, 0x70, 0x5C, 0xC3, 0x71, 0x11, 0xC7, 0x55, 0x9C, 0x2D, 0xE3, 0x8A, 0x89, 0x66, 0x38,
    0x38, 0xAD, 0x12, 0xD1, 0xAA, 0x22, 0x71, 0xC1, 0xB5, 0x7C, 0xC1, 0x6D, 0xC3, 0x20, 0x09, 0x79,
    0x46, 0xAA, 0x0B, 0xFE, 0xB6, 0xF0, 0x3B, 0x58, 0xCC, 0xEA, 0xDA, 0xA6, 0x9C, 0x09, 0xB2, 0x3D,
    0x20, 0xE0, 0xA5, 0x2C, 0x7A, 0x3A, 0x8C, 0x0D, 0x13, 0x07, 0x80, 0xA4, 0x50, 0x4C, 0x97, 0xF3,
    0xC5, 0x5F, 0x93, 0x9C, 0x91, 0xFC, 0x94, 0x64, 0x04, 0x49, 0xC0, 0x01, 0xE8, 0x01, 0x48, 0xCE,
    0xB1, 0xDF, 0x23, 0x39, 0x23, 0x79, 0x48, 0xC2, 0xB3, 0x8C, 0x22, 0xFB, 0xCC, 0x57, 0xA4, 0xC5,
    0xEE, 0x3D, 0x35, 0x83, 0x24, 0xA3, 0x0E, 0x5F, 0x91, 0x5C, 0x04, 0x68, 0x4F, 0x3D, 0x3C, 0x93,
    0x32, 0x1B, 0x91, 0xDD, 0x17, 0x47, 0xE6, 0xBC, 0xEF, 0xEA, 0xF9, 0xC6, 0x53, 0x1E, 0x09, 0x46,
    0x83, 0xFC, 0xD8, 0xA5, 0x9B, 0x71, 0x0D, 0x00, 0x32, 0x71, 0x6C, 0xE7, 0xC4, 0x62, 0x2C, 0x07,
    0x5E, 0xB5, 0x60, 0x5B, 0xB2, 0x82, 0x1B, 0xD9, 0x0C, 0x2C, 0x28, 0xC6, 0x18, 0x00, 0x3D, 0xC6,
    0x93, 0xB1, 0x95, 0x02, 0xA4, 0x41, 0x83, 0x21, 0xFF, 0xBD, 0xC9, 0xD1, 0x8C, 0x00, 0x2F, 0xCA,
    0xA3, 0xCF, 0x36, 0x90, 0xF4, 0x54, 0x71, 0xA9, 0x9F, 0x15, 0xF4, 0x13, 0xAE, 0x6E, 0x04, 0x29,
    0x47, 0xAC, 0x9B, 0x4F, 0x50, 0xD2, 0x74, 0x81, 0x92, 0x46, 0xDC, 0xB3, 0x2B, 0x37, 0xD9, 0xED,
    0xE1, 0x67, 0xC3, 0xB3, 0x02, 0x60, 0x16, 0xF0, 0x72, 0x1E, 0x5D, 0x36, 0xFE, 0xC8, 0xE5, 0x83,
    0x29, 0x0A, 0xD0, 0xC7, 0xD5, 0x8D, 0xC0, 0x89, 0x60, 0x14, 0xE3, 0x98, 0x80, 0x13, 0xEC, 0xD2,
    0x11, 0x95, 0x5C, 0x31, 0x08, 0xB4, 0x5C, 0xDD, 0x49, 0xF8, 0xEC, 0x46, 0x35, 0x23, 0x9C, 0x01,
    0x36, 0x2B, 0x9A, 0x03, 0x54, 0x6C, 0x05, 0x7A, 0x15, 0x73, 0xB4, 0x49, 0x1C, 0xA7, 0x64, 0xC1,
    0x9C, 0xC5, 0x16, 0x93, 0xE5, 0xBF, 0x38, 0xD8, 0x8E, 0x37, 0x76, 0x10, 0x16, 0x81, 0xCC, 0xE5,
    0x98, 0xC3, 0xDA, 0x70, 0xA4, 0x26, 0x74, 0x11, 0x71, 0xC2, 0x9D, 0x90, 0xA6, 0x1E, 0x00, 0x6F,
    0xE5, 0x9C, 0xD2, 0xC2, 0xA8, 0x26, 0x5C, 0xD2, 0xDD, 0x9F, 0x9D, 0x1C, 0x00, 0x96, 0x2C, 0x89,
    0x92, 0x38, 0x75, 0x3D, 0x64, 0x64, 0x16, 0xFA, 0x85, 0xD7, 0x4C, 0x9D, 0x7C, 0xAA, 0xE1, 0x35,
    0x2B, 0x3F, 0xC3, 0x01, 0xE4, 0xE1, 0x9B, 0x50, 0x45, 0xED, 0xBF, 0x9D, 0xC8, 0x91, 0x64, 0x33,
    0x6B, 0xFE, 0x90, 0x48, 0x7D, 0x4E, 0x2C, 0xF5, 0x90, 0x90, 0x2B, 0xE1, 0x0E, 0xA0, 0x26, 0xE4,
    0x4A, 0x20, 0x1B, 0xAE, 0x80, 0xEC, 0xB5, 0x9F, 0xAB, 0x37, 0x57, 0x61, 0xC9, 0xAB, 0x3D, 0xDE,
    0x07, 0x3A, 0xF3, 0xFB, 0x02, 0x18, 0x19, 0x0F, 0x49, 0x57, 0x56, 0x97, 0x57, 0x2F, 0xBF, 0x8F,
    0x05, 0x70, 0x24, 0xF8, 0x8A, 0x08, 0x0A, 0x55, 0x50, 0x86, 0x40, 0x3B, 0x7C, 0xD3, 0x76, 0x26,
    0x17, 0xEA, 0x48, 0xBA, 0xED, 0x7A, 0x42, 0xD4, 0x91, 0xAE, 0xD0, 0x91, 0xC8, 0x93, 0xBC, 0x77,
    0x44, 0xE8, 0x1B, 0x7E, 0x4E, 0xDF, 0x71, 0x53, 0xC7, 0xD1, 0xB3, 0x99, 0xB3, 0x40, 0x84, 0xEB,
    0xCA, 0xCA, 0x39, 0x27, 0x16, 0xE1, 0x62, 0x58, 0x94, 0x92, 0x2E, 0x27, 0x39, 0x25, 0xFA, 0x15,
    0x47, 0x93, 0xFF, 0x20, 0xC8, 0x96, 0x9B, 0x76, 0xA8, 0x87, 0xD0, 0x95, 0x42, 0xA6, 0xA2, 0x11,
    0x1A, 0xED, 0x0F, 0x2D, 0xAF, 0x35, 0x97, 0xAF, 0x3F, 0x29, 0x72, 0x27, 0xE0, 0x76, 0x7F, 0xF5,
    0x0A, 0xD3, 0xE4, 0xA3, 0x8F, 0x8F, 0xD8, 0x1A, 0xB7, 0x14, 0x30, 0xB1, 0x8A, 0x98, 0xB0, 0x55,
    0x1F, 0x70, 0x07, 0x38, 0x7D, 0x09, 0x9F, 0x48, 0x19, 0x0D, 0x50, 0xA5, 0xFA, 0x37, 0x9F, 0x8E,
    0xE9, 0x98, 0x4E, 0x75, 0x37, 0xE7, 0x7D, 0xD1, 0x95, 0xDD, 0x45, 0xD9, 0xF8, 0xCA, 0x37, 0x67,
    0x9E, 0x1A, 0xD7, 0x9C, 0x7D, 0x0C, 0x3D, 0xAC, 0xAB, 0xB3, 0x47, 0x31, 0x41, 0xEC, 0x6C, 0x81,
    0x36, 0xB7, 0xD6, 0x04, 0x77, 0xC1, 0x66, 0x73, 0x0F, 0xD1, 0xA0, 0xD3, 0xB8, 0xC4, 0x6B, 0xBC,
    0xC5, 0x03, 0xDE, 0x64, 0x3E, 0xEB, 0x1E, 0x21, 0x50, 0x28, 0xA0, 0x2C, 0x2E, 0x1B, 0xE2, 0x67,
    0x6E, 0x97, 0x32, 0xFD, 0x22, 0x4D, 0x78, 0x24, 0x9F, 0x65, 0x1D, 0x30, 0x74, 0xD7, 0x3E, 0x73,
    0xFF, 0x40, 0x6E, 0x81, 0xB1, 0xEC, 0x76, 0x3F, 0xFC, 0xBB, 0x3A, 0x99, 0x00, 0xF2, 0xCD, 0x46,
    0x06, 0x3B, 0xA6, 0x7A, 0xB8, 0xBB, 0xC2, 0x4B, 0x77, 0x19, 0x34, 0xDF, 0x24, 0x5B, 0x8F, 0x46,
    0x19, 0x7F, 0x32, 0x10, 0xC3, 0x01, 0x72, 0x64, 0x35, 0x7C, 0x9D, 0x20, 0x37, 0x6F, 0x0C, 0x79,
    0xAB, 0x6C, 0xD3, 0x24, 0x21, 0xEC, 0x4D, 0x45, 0xB7, 0x47, 0xDE, 0x3A, 0x8B, 0x71, 0x22, 0x8B,
    0x71, 0x18, 0xD1, 0x21, 0xB8, 0x49, 0xD9, 0x4C, 0x12, 0x65, 0xBB, 0xD2, 0x07, 0xE7, 0xE6, 0x84,
    0xAD, 0x09, 0xCF, 0x60, 0x77, 0x90, 0x1D, 0xE0, 0xA4, 0x15, 0x74, 0xCC, 0x20, 0xC5, 0x02, 0x92,
    0x1F, 0x89, 0xFE, 0x2C, 0xA7, 0x04, 0xEE, 0x01, 0xF6, 0x03, 0xE5, 0x4F, 0x38, 0x82, 0x46, 0x34,
    0x1D, 0xBA, 0xA4, 0x1B, 0x48, 0x12, 0x5E, 0x21, 0x29, 0x09, 0x70, 0x00, 0xFD, 0x66, 0x22, 0x4E,
    0x8F, 0xE7, 0xA5, 0xE4, 0xC9, 0x88, 0x2F, 0x0C, 0x51, 0x78, 0x50, 0xD3, 0x8C, 0x73, 0x62, 0x54,
    0xBA, 0x40, 0xD7, 0x13, 0x9E, 0x3E, 0x02, 0x90, 0x1D, 0xA1, 0x4F, 0xA4, 0xBB, 0x4E, 0xF4, 0x56,
    0xFD, 0xC4, 0x2F, 0x71, 0x8B, 0xE6, 0xF1, 0x21, 0x4D, 0xE1, 0x22, 0x82, 0xD9, 0x4B, 0x25, 0xA9,
    0x72, 0x2F, 0x9D, 0xAD, 0xCB, 0x63, 0xF6, 0x84, 0xEB, 0x7A, 0x71, 0xDA, 0x1D, 0x69, 0xAC, 0x73,
    0x28, 0x3E, 0x74, 0xE6, 0xE5, 0xC1, 0x32, 0x52, 0x7F, 0x0B, 0x6A, 0x3D, 0xDB, 0xE1, 0x38, 0x43,
    0x24, 0x6A, 0x1F, 0x38, 0x07, 0xAE, 0x65, 0xBE, 0xA8, 0x23, 0x9D, 0x0D, 0x7F, 0x67, 0x6E, 0x64,
    0xE6, 0xF2, 0x64, 0x75, 0x44, 0xE2, 0x44, 0xA6, 0xE4, 0x35, 0x08, 0x32, 0xC2, 0xDC, 0xC2, 0xC8,
    0x4D, 0x6F, 0x77, 0xF2, 0x03, 0x92, 0x73, 0x11, 0x3A, 0xA4, 0xAD, 0xDD, 0x11, 0xDE, 0xC8, 0x71,
    0xC9, 0xF8, 0x6A, 0xB5, 0x87, 0x47, 0xE2, 0xDE, 0xB4, 0x6E, 0x73, 0x90, 0xB3, 0xFB, 0xF6, 0xC5,
    0xCD, 0x9B, 0x49, 0x1F, 0x4D, 0x29, 0xA3, 0x96, 0x71, 0x3D, 0x64, 0xCC, 0x48, 0xA8, 0xBF, 0x13,
    0x88, 0xA6, 0xB1, 0xE2, 0x08, 0xE0, 0x06, 0xE4, 0xEC, 0x56, 0x93, 0x98, 0x49, 0xD0, 0x84, 0x69,
    0xB2, 0x36, 0xE9, 0x5E, 0x51, 0x0F, 0xA4, 0xEA, 0x49, 0xD1, 0x27, 0x0B, 0x1D, 0xFA, 0xC3, 0xD1,
    0x61, 0xAC, 0x14, 0x52, 0x6C, 0x36, 0x61, 0x52, 0x27, 0xC1, 0xFE, 0x67, 0xDC, 0x4E, 0x49, 0x15,
    0xC5, 0x1E, 0xB6, 0x07, 0xD8, 0xCE, 0x62, 0x6A, 0xAE, 0x86, 0xDB, 0x6C, 0x67, 0x67, 0x02, 0x7C,
    0xAB, 0x46, 0xDE, 0xF7, 0xD8, 0xBC, 0xF5, 0x70, 0x35, 0xFB, 0xEA, 0xAF, 0x6E, 0xC9, 0x7C, 0x71,
    0x76, 0xA2, 0x37, 0xB7, 0xFF, 0x64, 0x87, 0xE1, 0x98, 0x68, 0xE4, 0x63, 0xB1, 0xCD, 0xF8, 0xC7,
    0x7B, 0x00, 0xE1, 0x14, 0x0A, 0x3C, 0x27, 0xA1, 0xC4, 0xB5, 0x0F, 0x24, 0xF0, 0x5C, 0xDE, 0x04,
    0x34, 0x0D, 0x4D, 0x24, 0x0F, 0xEB, 0x24, 0x8E, 0x58, 0xAC, 0xCE, 0x06, 0x09, 0xAB, 0x21, 0xFD,
    0x19, 0xF5, 0x85, 0x7E, 0x2D, 0x09, 0x0C, 0x24, 0x92, 0x50, 0xEB, 0x77, 0xAA, 0x89, 0x54, 0x1C,
    0xF4, 0x5F, 0x42, 0x23, 0xF4, 0xE8, 0xD9, 0xDF, 0xB8, 0x6D, 0x22, 0xF3, 0x2B, 0x69, 0x61, 0xB6,
    0x15, 0xBA, 0x94, 0x8A, 0x39, 0x31, 0x64, 0x15, 0x0B, 0x28, 0xF4, 0xA3, 0xFE, 0x49, 0x1D, 0x6F,
    0xA1, 0xB6, 0xDF, 0x4D, 0xFE, 0x94, 0xE4, 0x7B, 0x24, 0x1F, 0xDD, 0x6C, 0x5B, 0x64, 0x0A, 0x23,
    0x4D, 0x26, 0xCF, 0x61, 0xCC, 0x02, 0x1D, 0x35, 0x0F, 0xBF, 0xEC, 0x0F, 0x36, 0xFD, 0x1C, 0xED,
    0x8B, 0xCD, 0xA5, 0x4F, 0xD1, 0x7E, 0x85, 0xBD, 0x7F, 0xA6, 0xB6, 0xCA, 0xEF, 0xA1, 0xFD, 0x32,
    0x34, 0x25, 0x35, 0x78, 0x0C, 0xDD, 0xB9, 0xDA, 0xB6, 0xBF, 0xAB, 0xB6, 0x1E, 0x2E, 0xD5, 0xFA,
    0x71, 0x56, 0x5B, 0xFE, 0x6E, 0x54, 0x5B, 0x6C, 0xD6, 0xE6, 0x61, 0x50, 0x0B, 0x1D, 0x50, 0x9B,
    0xEE, 0x6D, 0x22, 0x2B, 0x43, 0x40, 0x21, 0xCB, 0x80, 0xEB, 0xDE, 0x18, 0xF7, 0xC1, 0x45, 0xAC,
    0x89, 0x22, 0xE2, 0xEA, 0xD2, 0xDA, 0x43, 0x32, 0xE6, 0x64, 0x16, 0xCA, 0x40, 0x13, 0x72, 0x7B,
    0xB4, 0x7D, 0xB3, 0xD9, 0xD4, 0xBC, 0x08, 0x15, 0x9B, 0xDF, 0x42, 0x43, 0xF9, 0x1A, 0xB1, 0x13,
    0x1B, 0x00, 0x3F, 0x9B, 0x72, 0x51, 0x93, 0x07, 0x35, 0x49, 0xF8, 0x84, 0x4D, 0x14, 0x3E, 0xD7,
    0x44, 0xED, 0x57, 0x6A, 0xFC, 0x37, 0x6A, 0x72, 0x9B, 0x3D, 0x3B, 0x2C, 0xA2, 0x86, 0x02, 0x56,
    0x78, 0x31, 0x72, 0x1F, 0x8C, 0x76, 0xD8, 0x50, 0x35, 0x2C, 0x2B, 0xA8, 0x89, 0xD8, 0x71, 0x78,
    0x80, 0x5C, 0x01, 0x51, 0x32, 0x40, 0x44, 0x81, 0x10, 0xED, 0x1F, 0x6A, 0x28, 0x85, 0xEC, 0xA9,
    0x92, 0xF5, 0x40, 0x04, 0xF1, 0xA3, 0x42, 0x86, 0x9B, 0xA8, 0xDE, 0x5A, 0x1F, 0xEB, 0x6F, 0x63,
    0x6D, 0x1E, 0x05, 0xC8, 0x95, 0xCD, 0x6F, 0x6B, 0xD9, 0xBA, 0xB6, 0x07, 0x79, 0x48, 0x0A, 0xBB,
    0xC9, 0xA0, 0x6A, 0x8A, 0xB0, 0xA7, 0xEB, 0x1E, 0xF2, 0xC4, 0x57, 0xCE, 0x7B, 0x10, 0x2E, 0x4B,
    0x00, 0xC3, 0x13, 0x4E, 0xF0, 0x76, 0xF0, 0x79, 0x72, 0xF8, 0x48, 0x1B, 0x4A, 0xB5, 0x39, 0xDB,
    0x68, 0x79, 0x72, 0xF8, 0xFA, 0xF4, 0xF0, 0xB7, 0x64, 0x41, 0x3D, 0x6A, 0xD4, 0x7E, 0x78, 0x85,
    0x72, 0x8C, 0x2B, 0x62, 0x83, 0x14, 0x22, 0xF4, 0xFF, 0xB6, 0xA3, 0xF2, 0x1C, 0x06, 0x29, 0xAD,
    0x95, 0x5B, 0x8C, 0x2A, 0x96, 0x29, 0x44, 0x73, 0x45, 0x32, 0xC9, 0x8E, 0xD9, 0x8A, 0x6E, 0xEE,
    0x6C, 0xBB, 0xA3, 0x25, 0xB7, 0x06, 0x1C, 0x6A, 0x77, 0xB4, 0xF9, 0x7A, 0xE5, 0x6E, 0x4F, 0x3F,
    0xF6, 0x8D, 0x21, 0xB7, 0xA1, 0x78, 0x3D, 0x99, 0xDB, 0x39, 0x82, 0x41, 0xBA, 0x83, 0x41, 0x77,
    0x02, 0x06, 0x42, 0x7D, 0xAF, 0xFE, 0xA5, 0x8D, 0x85, 0xF0, 0x18, 0xBF, 0x20, 0xBC, 0x58, 0xE2,
    0x30, 0x33, 0xAE, 0x05, 0xCB, 0xEE, 0xC0, 0x03, 0x45, 0xF4, 0xB9, 0xD9, 0x8C, 0x70, 0xA9, 0xE8,
    0xA3, 0xC0, 0xB4, 0x46, 0xE4, 0x91, 0xB2, 0x17, 0xCB, 0x06, 0x4B, 0x9E, 0x32, 0xB7, 0x94, 0xF3,
    0x90, 0x83, 0x60, 0xEB, 0x0A, 0xAC, 0xF9, 0x8A, 0x90, 0x26, 0x3E, 0x31, 0x2B, 0xAA, 0x45, 0x2A,
    0x04, 0x94, 0x35, 0x63, 0x4F, 0xAF, 0xE0, 0x85, 0xB6, 0x1F, 0x31, 0x44, 0x6D, 0x75, 0x6E, 0xA3,
    0x3F, 0xA3, 0x5E, 0x0D, 0x97, 0x8C, 0x0A, 0x4E, 0x68, 0x3C, 0xFC, 0x19, 0xE1, 0xB3, 0xBA, 0xE6,
    0xE5, 0xDE, 0x9D, 0xF2, 0x20, 0x31, 0xD1, 0xC7, 0x72, 0x5A, 0xA3, 0xD8, 0x81, 0x7C, 0x15, 0x29,
    0x8D, 0xBB, 0x64, 0x76, 0xE8, 0x72, 0xC5, 0x38, 0x7F, 0x48, 0x8A, 0x39, 0x1B, 0x85, 0xF4, 0x2A,
    0x50, 0xB1, 0x9E, 0x30, 0x33, 0x1A, 0x2E, 0x14, 0xA9, 0x8B, 0x27, 0x10, 0x46, 0x42, 0xEF, 0x40,
    0x9A, 0xA3, 0x67, 0xA9, 0x51, 0x05, 0x8C, 0x02, 0xBF, 0x33, 0x5C, 0x62, 0xE1, 0x06, 0x3B, 0xBC,
    0x90, 0x6F, 0xB9, 0x14, 0x12, 0x4C, 0x14, 0x0D, 0xEB, 0xB0, 0xE5, 0x1C, 0x83, 0xC2, 0xAA, 0x7A,
    0xA6, 0xDA, 0xAC, 0xBD, 0xA6, 0x21, 0x13, 0xB2, 0x23, 0x45, 0xC7, 0xA9, 0xFF, 0x91, 0x91, 0x46,
    0xF8, 0x0F, 0xF1, 0xC1, 0x8A, 0x83, 0xCB, 0x89, 0xB2, 0x4E, 0x52, 0x56, 0x45, 0x19, 0xCC, 0x6B,
    0xA9, 0x16, 0x5C, 0x57, 0x79, 0x8F, 0x67, 0x64, 0xC3, 0xFD, 0x40, 0x1B, 0xCA, 0x81, 0xEE, 0x0C,
    0x09, 0x8E, 0x9D, 0x88, 0xA9, 0xAB, 0x0E, 0x85, 0x5F, 0x8A, 0x2A, 0x62, 0x02, 0x3A, 0x33, 0x4F,
    0x09, 0x7D, 0xCC, 0x81, 0x16, 0xEE, 0xAD, 0xDC, 0x36, 0x32, 0xC8, 0x2F, 0x36, 0x46, 0xFE, 0x7E,
    0xCC, 0x7E, 0x1E, 0xB8, 0x79, 0x3F, 0xE5, 0x9F, 0x04, 0xD5, 0x92, 0x97, 0xE2, 0x87, 0xA1, 0x63,
    0xF5, 0x62, 0x29, 0x5D, 0xF8, 0x94, 0xA7, 0x58, 0xCF, 0x5D, 0xF8, 0x35, 0x7E, 0xC9, 0xB6, 0xBB,
    0xAE, 0xFE, 0x6A, 0xE0, 0x29, 0x2E, 0x9D, 0x7F, 0xC1, 0xA2, 0x2D, 0x17, 0xA0, 0xEC, 0x62, 0xB0,
    0x8D, 0x9B, 0xC2, 0xA1, 0x88, 0x97, 0x34, 0x3F, 0xD5, 0x7E, 0xF7, 0x10, 0x49, 0x50, 0xC1, 0xA4,
    0x9B, 0x29, 0x18, 0xE4, 0x8C, 0xFD, 0x18, 0x65, 0xB1, 0x04, 0x1A, 0x8D, 0xBE, 0x48, 0x50, 0x70,
    0x7A, 0x6C, 0xA9, 0x58, 0x59, 0x05, 0x13, 0x2E, 0x63, 0xDC, 0xBF, 0xB2, 0x1C, 0x1C, 0x9E, 0xCB,
    0x9E, 0xB7, 0x13, 0x4B, 0xB6, 0xDF, 0x6D, 0x7E, 0x6E, 0x20, 0xFA, 0x92, 0x39, 0x6D, 0xDA, 0xB3,
    0x0C, 0x93, 0x37, 0xEC, 0xE4, 0x95, 0xB9, 0x5C, 0xD2, 0xE3, 0xCB, 0x9B, 0x77, 0x2C, 0x29, 0x84,
    0xA9, 0x0D, 0x0D, 0x96, 0x36, 0xAA, 0x40, 0x66, 0x31, 0x5A, 0xB0, 0x70, 0xD4, 0xD3, 0x6A, 0xCB,
    0x2A, 0x26, 0xA0, 0x4B, 0xB8, 0xAC, 0x36, 0x8F, 0xCC, 0x4A, 0x4D, 0xAC, 0x80, 0xCE, 0xE1, 0x4A,
    0xA0, 0x26, 0xCA, 0xFB, 0xD7, 0x84, 0x28, 0xF1, 0x59, 0x90, 0x78, 0x03, 0x9D, 0x8E, 0x3D, 0x65,
    0x7F, 0x46, 0xB9, 0x99, 0xC5, 0x48, 0x03, 0x2C, 0xF1, 0x64, 0xDF, 0x39, 0x37, 0x7D, 0x97, 0x66,
    0xFC, 0x37, 0x86, 0x59, 0x3A, 0xBA, 0xAA, 0x37, 0x61, 0xDC, 0x01, 0x8C, 0xFB, 0xDD, 0x5F, 0xAE,
    0xAF, 0xBF, 0xFC, 0x4B, 0xBE, 0x3C, 0xE3, 0xCB, 0x33, 0xBE, 0xBC, 0xC0, 0xCB, 0x68, 0x09, 0x7B,
    0x02, 0x4D, 0x32, 0xF0, 0x33, 0xDD, 0x54, 0xF2, 0x7D, 0x87, 0x8F, 0x84, 0x68, 0x73, 0x3A, 0xA5,
    0xD7, 0x0F, 0x55, 0xD3, 0x3C, 0x53, 0x71, 0xF3, 0x23, 0x95, 0xA1, 0x72, 0xDE, 0x25, 0xB0, 0x58,
    0x0A, 0xF6, 0x25, 0x1D, 0x8B, 0xA1, 0xF1, 0xC0, 0xDA, 0xA8, 0x1B, 0x6F, 0x3B, 0xC0, 0x1C, 0x7F,
    0xFC, 0x07, 0xD8, 0xEE, 0xFE, 0x89, 0x0F, 0x65, 0x5D, 0x0A, 0x25, 0xEE, 0x94, 0xBE, 0x1E, 0xF2,
    0xE3, 0x5C, 0xC5, 0xD8, 0x0B, 0x66, 0xBB, 0x30, 0x19, 0x77, 0xC1, 0x42, 0xDA, 0xAC, 0xCB, 0x93,
    0x0C, 0x7B, 0x19, 0x54, 0xCB, 0x8D, 0x69, 0x72, 0xD8, 0x3C, 0x60, 0xE4, 0x92, 0x16, 0x76, 0x97,
    0x9B, 0xF7, 0x87, 0x4A, 0x85, 0x7E, 0x00, 0x0B, 0x05, 0x73, 0x44, 0xDE, 0x5B, 0xB8, 0xA2, 0x51,
    0xCD, 0x27, 0x25, 0x97, 0xF2, 0x19, 0x0A, 0x9F, 0x33, 0x26, 0x4A, 0x47, 0x4B, 0x92, 0x77, 0x12,
    0xC9, 0xE0, 0x49, 0x6A, 0x46, 0x50, 0x2D, 0xC3, 0xA5, 0xD0, 0x93, 0x74, 0x22, 0x70, 0x63, 0x08,
    0x00, 0xF0, 0xF6, 0x77, 0x00, 0xFB, 0x32, 0xFC, 0x1C, 0x19, 0x23, 0x52, 0xD8, 0x5E, 0xFE, 0x37,
    0x98, 0x53, 0x7E, 0xA3, 0xCB, 0xCE, 0x36, 0x00, 0x49, 0xCD, 0x60, 0x60, 0xF2, 0x70, 0xF7, 0x1D,
    0x1D, 0x7F, 0x93, 0x21, 0xC2, 0xAA, 0x38, 0x47, 0x95, 0x86, 0xEB, 0xB9, 0x30, 0x89, 0x5E, 0xA8,
    0x8B, 0x3A, 0x63, 0x58, 0x86, 0x09, 0xA6, 0xB0, 0x7A, 0x48, 0x7C, 0xC1, 0xA4, 0x3C, 0x16, 0xC3,
    0x33, 0xA0, 0xC6, 0xE2, 0x41, 0x59, 0xC1, 0x6A, 0xFB, 0x0C, 0xCE, 0x3B, 0x7A, 0xA5, 0x2C, 0xA2,
    0xA7, 0xB7, 0xBC, 0x09, 0x9C, 0x79, 0x8F, 0xA5, 0xCF, 0x7C, 0x8D, 0x16, 0x8E, 0xB5, 0x72, 0x98,
    0x37, 0x5F, 0xC0, 0xAB, 0xA0, 0x9B, 0xB2, 0x67, 0x5E, 0x27, 0x0C, 0x0C, 0xFC, 0x56, 0x32, 0xA2,
    0x60, 0x38, 0x91, 0x30, 0xB9, 0x8A, 0x79, 0xE3, 0xC1, 0x8A, 0x5B, 0x7F, 0xAD, 0xEC, 0xB6, 0x13,
    0xBE, 0x50, 0x17, 0x75, 0xD6, 0x30, 0x4E, 0x80, 0x38, 0x74, 0xAD, 0x43, 0xD4, 0x0E, 0x40, 0x93,
    0xFB, 0x9B, 0x9C, 0x29, 0x64, 0xB3, 0x40, 0x66, 0xE5, 0x88, 0xC8, 0xCA, 0x0F, 0xE9, 0xA1, 0xE0,
    0x4E, 0xE7, 0x71, 0x75, 0x69, 0x76, 0xB2, 0x25, 0x95, 0x3B, 0xF7, 0x5C, 0xFE, 0x43, 0x7A, 0xF0,
    0x1F, 0x00, 0x7B, 0x22, 0x06, 0x26, 0xF4, 0x26, 0xE5, 0x26, 0x67, 0x3C, 0xC0, 0x2B, 0x43, 0x7A,
    0x4F, 0xD6, 0x38, 0xFC, 0x90, 0xD1, 0xD6, 0x8F, 0x92, 0x60, 0x52, 0x09, 0x96, 0x4B, 0x75, 0x87,
    0xBF, 0x6F, 0xFF, 0x54, 0xCC, 0xA3, 0xDC, 0xBE, 0x23, 0x95, 0x6C, 0x06, 0x77, 0xFF, 0x25, 0x2B,
    0x1B, 0xE1, 0xEB, 0x29, 0x5F, 0x8B, 0xE9, 0x3F, 0x4B, 0x16, 0x52, 0x3D, 0x4B, 0xAA, 0x4A, 0xFB,
    0x77, 0x92, 0x32, 0x03, 0x65, 0x99, 0x75, 0x51, 0xF0, 0xA2, 0x4C, 0x00, 0x9B, 0x34, 0xD5, 0xEF,
    0x74, 0x1D, 0x69, 0xF0, 0xF4, 0x8C, 0x9A, 0xBA, 0x51, 0x21, 0x59, 0x6B, 0xC4, 0x1E, 0x19, 0x3C,
    0x74, 0xCC, 0x09, 0x77, 0x82, 0xD0, 0xA1, 0x02, 0x6A, 0x52, 0x0D, 0x71, 0xD4, 0x38, 0x28, 0x96,
    0x30, 0x50, 0x76, 0x07, 0x45, 0xDC, 0xD1, 0xFF, 0x26, 0x9A, 0x72, 0xD5, 0x50, 0x06, 0xE6, 0x59,
    0x0C, 0x5F, 0xA0, 0xC5, 0x5E, 0x58, 0x5D, 0x72, 0x5F, 0x55, 0x21, 0x6A, 0x01, 0xD6, 0x5B, 0x51,
    0x04, 0x55, 0x00, 0xFF, 0x96, 0xC0, 0xDE, 0x19, 0x8D, 0x96, 0xAB, 0xE8, 0x2D, 0x5A, 0x8E, 0xC5,
    0x44, 0x7E, 0xF2, 0x9B, 0x22, 0xBC, 0xEB, 0x01, 0x1F, 0xDC, 0x9B, 0x50, 0x73, 0xA1, 0xAB, 0x3A,
    0x42, 0xC8, 0xA1, 0x7A, 0x0A, 0x45, 0x2C, 0x7E, 0x0F, 0x64, 0x8A, 0x98, 0x12, 0xB2, 0x38, 0x86,
    0xA0, 0xB5, 0x6D, 0xCC, 0x8A, 0x77, 0x9A, 0x7F, 0x07, 0x0F, 0x2D, 0x59, 0x33, 0xBA, 0xFB, 0xDA,
    0xDA, 0xD9, 0x8D, 0x05, 0xBF, 0x97, 0x33, 0xC8, 0x65, 0x4D, 0xA5, 0x68, 0xAD, 0x6F, 0x82, 0xB2,
    0xD7, 0xA7, 0xAB, 0x85, 0xAA, 0x36, 0x8F, 0xF2, 0x5C, 0xAB, 0x33, 0xB5, 0xF4, 0xE2, 0x8D, 0x5F,
    0x2D, 0xE5, 0xE7, 0xC1, 0x23, 0xD2, 0x9D, 0x5D, 0xC9, 0x3B, 0x7D, 0x4E, 0x79, 0x18, 0x36, 0x9E,
    0x15, 0xD9, 0xC9, 0xE6, 0xC3, 0x93, 0x60, 0x97, 0x44, 0xCF, 0x03, 0x61, 0xA6, 0x0B, 0xC0, 0x17,
    0x30, 0xA3, 0x41, 0x40, 0x26, 0x9B, 0x80, 0xE7, 0xB5, 0x76, 0x74, 0xEF, 0xDE, 0xA6, 0x56, 0xC1,
    0xEF, 0x78, 0xA8, 0xD9, 0xD1, 0x4B, 0x8D, 0x3E, 0x54, 0xC0, 0x90, 0xBD, 0xAD, 0x37, 0xAA, 0x62,
    0x2D, 0x55, 0xCC, 0xFE, 0x28, 0xAA, 0x38, 0xE7, 0xA1, 0x37, 0x2A, 0x98, 0x4B, 0xEC, 0xA2, 0x81,
    0xD7, 0x2B, 0xB2, 0x49, 0x40, 0x52, 0x45, 0x70, 0x6A, 0xE4, 0x8D, 0x6F, 0xC6, 0x2F, 0x67, 0xF8,
    0xD5, 0xA8, 0x73, 0x39, 0x2A, 0x3F, 0x51, 0xFA, 0x43, 0x03, 0x26, 0xCA, 0xB4, 0x0B, 0xAF, 0xA7,
    0x80, 0x66, 0x38, 0xE7, 0xD0, 0x22, 0x38, 0xEC, 0x98, 0xF0, 0x55, 0xC5, 0xFC, 0x6D, 0x59, 0xDF,
    0xAB, 0x44, 0x9D, 0x35, 0x6C, 0x60, 0xB4, 0x58, 0x93, 0x85, 0x77, 0xD6, 0x1B, 0x9D, 0x89, 0xA2,
    0xBB, 0xDC, 0xF2, 0xBF, 0x65, 0x27, 0x80, 0x41, 0xBF, 0x11, 0x50, 0x37, 0x42, 0xEB, 0xF0, 0xFB,
    0x62, 0xB3, 0xC1, 0x7C, 0xD4, 0xF6, 0x6F, 0xF0, 0x04, 0x0A, 0xC3, 0xB1, 0x1B, 0x05, 0xC9, 0xBA,
    0x23, 0xDA, 0x02, 0x79, 0x40, 0xBF, 0x04, 0x08, 0x6E, 0xA9, 0x50, 0xBF, 0x66, 0x1E, 0xDB, 0x51,
    0x03, 0xAB, 0xF9, 0xD6, 0x05, 0x94, 0x9B, 0xCE, 0x16, 0xC1, 0x36, 0x99, 0x5A, 0xD6, 0x40, 0x41,
    0xF0, 0x13, 0x4F, 0x5E, 0x85, 0xE6, 0x3D, 0x5D, 0xCB, 0xC3, 0xA3, 0x02, 0x02, 0x37, 0xC2, 0x25,
    0x42, 0x47, 0xFC, 0x11, 0xB5, 0xE3, 0x19, 0x42, 0xF8, 0x05, 0x0E, 0x1E, 0xDA, 0x3D, 0xB4, 0x48,
    0xBB, 0x10, 0xDE, 0x21, 0x3D, 0x7E, 0xA6, 0xF8, 0xA0, 0xE6, 0x4D, 0x48, 0x16, 0xF6, 0x20, 0xE1,
    0x96, 0x06, 0x14, 0x87, 0x9F, 0xD0, 0x00, 0xCB, 0xAF, 0x5B, 0x64, 0xE8, 0x88, 0x01, 0x44, 0x31,
    0x49, 0xF9, 0xF6, 0x5A, 0x79, 0xA0, 0xA6, 0xD7, 0x4D, 0x49, 0x2D, 0xEA, 0x6A, 0x9D, 0xF4, 0xF9,
    0x46, 0xF4, 0xFE, 0x05, 0xCE, 0x70, 0x67, 0x4D, 0x77, 0x4B, 0x11, 0x29, 0x60, 0xC2, 0x13, 0xCC,
    0x36, 0x19, 0x08, 0x97, 0xF4, 0x88, 0x88, 0x7F, 0xA0, 0xDD, 0x0D, 0xED, 0x8A, 0x5E, 0x90, 0xFF,
    0x43, 0x63, 0x38, 0xA7, 0x17, 0x3C, 0xE3, 0x45, 0xCB, 0x25, 0xE3, 0x65, 0x86, 0xF2, 0x2B, 0x73,
    0x07, 0xEA, 0x68, 0x1A, 0xFA, 0xDD, 0xAB, 0x13, 0x28, 0xEB, 0x30, 0x27, 0x7D, 0xC1, 0xFF, 0xB2,
    0x30, 0x67, 0x03, 0xDA, 0x0C, 0xF6, 0x35, 0xC6, 0x96, 0x17, 0x4F, 0x4E, 0x69, 0x3D, 0x5C, 0xA9,
    0x55, 0x4D, 0x16, 0x86, 0x89, 0xD0, 0xFC, 0x25, 0x56, 0xEA, 0xFF, 0x5F, 0x5B, 0xA2, 0x18, 0xE2,
    0xFF, 0x02, 0x23, 0x71, 0xFF, 0x3F, 0x5F, 0x06, 0xBA, 0x2D, 0xFF, 0xDB, 0x21, 0xDC, 0x03, 0x1E,
    0x97, 0x5F, 0xF5, 0xED, 0x67, 0xC4, 0xE4, 0x17, 0x5D, 0xFD, 0xD4, 0xE4, 0xA8, 0xE8, 0xD8, 0x58,
    0x25, 0xE1, 0xAA, 0x12, 0xC0, 0xBA, 0x04, 0xA3, 0xF1, 0x64, 0x51, 0xC0, 0xC7, 0x4A, 0x6D, 0xD8,
    0x29, 0x76, 0xCA, 0x57, 0x38, 0x18, 0xEF, 0x13, 0x07, 0x5E, 0xF6, 0x94, 0xF3, 0x8F, 0x75, 0x1B,
    0xA2, 0x11, 0x0A, 0x72, 0xA5, 0x7C, 0xCA, 0x78, 0x9C, 0xFE, 0x9B, 0x0B, 0xDE, 0xDE, 0x63, 0x5E,
    0x72, 0x9E, 0xD8, 0xB5, 0x06, 0x6B, 0x20, 0x13, 0xA1, 0x34, 0x9B, 0x99, 0x20, 0xB4, 0xE1, 0x5E,
    0xA0, 0x3B, 0xBA, 0x27, 0x7F, 0x3F, 0xB0, 0x04, 0x07, 0x02, 0xAE, 0xE6, 0x23, 0xB8, 0x9A, 0xD1,
    0x8B, 0x66, 0x04, 0xAC, 0x1C, 0xF9, 0x47, 0x55, 0x70, 0xF1, 0x73, 0xDE, 0x99, 0xDD, 0xE5, 0x06,
    0x2E, 0xC8, 0x55, 0x5E, 0xAA, 0x4D, 0xCC, 0x18, 0xBE, 0x16, 0x43, 0x99, 0xEF, 0x1C, 0xC3, 0xA4,
    0xD8, 0x72, 0x2E, 0x67, 0xD7, 0x9E, 0x76, 0x2F, 0x16, 0xEB, 0xB0, 0xD3, 0x9E, 0x4B, 0x46, 0x6D,
    0xB7, 0x5F, 0xDF, 0xF8, 0x67, 0x96, 0x73, 0x6F, 0x7A, 0xA0, 0x02, 0x77, 0x25, 0xB2, 0x30, 0xFC,
    0x79, 0x64, 0xE5, 0x0A, 0xBB, 0xBA, 0xDF, 0x0B, 0xB2, 0x2A, 0x63, 0xC9, 0x35, 0xE4, 0xF8, 0x3A,
    0x87, 0x48, 0x4A, 0x40, 0xF2, 0xF1, 0xFA, 0x1D, 0x2A, 0xDD, 0x29, 0x07, 0xE4, 0x8D, 0x37, 0xE5,
    0x7B, 0x2D, 0xDA, 0x7B, 0xF5, 0xE1, 0x12, 0x0C, 0x0B, 0x74, 0xA5, 0xA0, 0x9B, 0xCF, 0xCA, 0x18,
    0xF9, 0xAD, 0x4F, 0xAF, 0x7B, 0x20, 0xAD, 0x83, 0xF5, 0xC6, 0xEF, 0xFA, 0x61, 0x16, 0xD8, 0xCA,
    0xAB, 0x35, 0xDF, 0xB9, 0x21, 0x3D, 0x8C, 0xDE, 0xFC, 0x6C, 0x0C, 0x65, 0x4C, 0xE5, 0x6F, 0x77,
    0x18, 0xCE, 0xCF, 0x75, 0x58, 0x6A, 0xCA, 0x90, 0xC9, 0x7A, 0xC4, 0x59, 0x17, 0x65, 0x77, 0xFE,
    0xD3, 0x74, 0x7A, 0x04, 0xB7, 0xB3, 0x8C, 0x48, 0xD1, 0xFF, 0x1F, 0xD5, 0x5A, 0x3D, 0x94, 0xDD,
    0x46, 0x15, 0xBE, 0x92, 0xC2, 0x0A, 0xAC, 0x1C, 0x26, 0x05, 0xA6, 0x88, 0x39, 0x88, 0x82, 0xC2,
    0xE4, 0x24, 0x56, 0x93, 0x72, 0x77, 0x25, 0x48, 0x91, 0x82, 0x82, 0x9C, 0x03, 0x3E, 0xB4, 0x29,
    0x52, 0x70, 0xD2, 0x38, 0x25, 0xC5, 0x6E, 0xA4, 0x03, 0x05, 0xED, 0xD2, 0x84, 0xD6, 0x45, 0x9A,
    0xD0, 0x38, 0x05, 0x85, 0x0B, 0x7B, 0x25, 0x27, 0x45, 0x0A, 0x0A, 0x74, 0x4E, 0x0A, 0xCA, 0x08,
    0xE2, 0x3E, 0x93, 0x58, 0xC4, 0x72, 0x22, 0xBD, 0xE1, 0xFB, 0xEE, 0xE8, 0xBD, 0x7D, 0xCF, 0xFB,
    0x1C, 0xEC, 0x04, 0xFF, 0xE4, 0xED, 0xEA, 0xDE, 0xF7, 0x46, 0xA3, 0x99, 0x7B, 0xEF, 0xDC, 0xB9,
    0x7F, 0x23, 0xD3, 0xE6, 0x96, 0x7F, 0xA6, 0x15, 0x7C, 0x92, 0x2A, 0x69, 0x92, 0xC6, 0xF0, 0xAF,
    0x35, 0x6D, 0xDA, 0xA6, 0x5D, 0xDA, 0x65, 0x36, 0xB3, 0xBE, 0x4F, 0xDE, 0x8B, 0x58, 0xD1, 0xEB,
    0x92, 0x3B, 0x8A, 0x9C, 0x1B, 0xCC, 0x74, 0x7B, 0xCA, 0xFB, 0x5B, 0x53, 0x69, 0x3F, 0x1B, 0xEB,
    0xF6, 0xB3, 0xDE, 0xB5, 0x56, 0x5C, 0x73, 0xD7, 0x85, 0xB6, 0xBA, 0xB3, 0x52, 0x5A, 0xFB, 0x54,
    0xDE, 0xDB, 0xE7, 0xCD, 0xE2, 0xD3, 0x11, 0xCF, 0x5A, 0x8C, 0x51, 0xAD, 0xC6, 0xE3, 0x75, 0xCE,
    0x1D, 0x49, 0xE0, 0xDC, 0x28, 0xD1, 0x94, 0x38, 0x49, 0xFA, 0xC8, 0x89, 0xB1, 0xC1, 0x82, 0xE0,
    0x6D, 0x00, 0x74, 0x8A, 0x07, 0x80, 0x68, 0x04, 0x70, 0xCE, 0x35, 0x1E, 0x48, 0x8D, 0x51, 0xA4,
    0xC4, 0x17, 0xC9, 0x4F, 0x40, 0x01, 0xF0, 0x26, 0x39, 0x02, 0xC9, 0x55, 0xE4, 0xEE, 0x84, 0x4D,
    0xCA, 0xDE, 0xB9, 0x82, 0xB7, 0x9C, 0x2B, 0x5E, 0x94, 0x64, 0x92, 0xD5, 0xE7, 0x27, 0x22, 0xCD,
    0xF5, 0xF2, 0x63, 0x8B, 0xFB, 0xE0, 0xBB, 0x2C, 0x52, 0x31, 0xD5, 0x9E, 0xC4, 0xCD, 0xAE, 0x44,
    0x7A, 0xF1, 0x7B, 0x86, 0xB6, 0x14, 0xF7, 0xD8, 0x87, 0x7D, 0xF1, 0x4C, 0x95, 0x3B, 0xEB, 0x46,
    0x05, 0x89, 0xAB, 0x12, 0x1B, 0xB9, 0x22, 0x6A, 0x42, 0x57, 0xC4, 0x15, 0x38, 0x37, 0x20, 0xAD,
    0x49, 0x41, 0x4B, 0xB7, 0x27, 0x92, 0xDA, 0x6B, 0x22, 0xA6, 0x07, 0x35, 0xF1, 0x17, 0xE0, 0x24,
    0x72, 0x1D, 0x2E, 0xD0, 0x12, 0x79, 0x1E, 0x78, 0x11, 0x6C, 0x6B, 0x93, 0x10, 0x9D, 0x05, 0xB3,
    0x7A, 0x60, 0xD7, 0x3F, 0x33, 0xF9, 0x1B, 0x6D, 0x41, 0x3D, 0x88, 0x01, 0x87, 0x79, 0x5B, 0x36,
    0x75, 0x91, 0xB6, 0x90, 0x22, 0xAF, 0xCA, 0x15, 0x4F, 0x49, 0x8D, 0x55, 0xCE, 0xC1, 0x77, 0xEA,
    0x5A, 0x79, 0xD3, 0x4D, 0x32, 0x66, 0xAE, 0x1A, 0x03, 0x67, 0x27, 0x49, 0x87, 0xBA, 0x8A, 0xC6,
    0xB2, 0x0F, 0xC6, 0xD4, 0x15, 0x63, 0xEC, 0xFA, 0x41, 0x6A, 0xAC, 0x51, 0xA2, 0x12, 0xC6, 0x53,
    0x69, 0x77, 0x41, 0x62, 0x7B, 0x2C, 0x91, 0x75, 0x12, 0x75, 0x60, 0xB1, 0xAD, 0xBB, 0xB4, 0xC9,
    0x40, 0xD0, 0x8E, 0xBB, 0xA9, 0x44, 0x1C, 0x06, 0xBD, 0x8B, 0x46, 0xFC, 0xE3, 0xCB, 0x52, 0xAE,
    0x41, 0xBD, 0xE0, 0x4A, 0x40, 0xF6, 0x6C, 0xAA, 0x8F, 0x42, 0x30, 0x11, 0xE1, 0x6B, 0xDA, 0x08,
    0x14, 0x6D, 0x11, 0x59, 0x49, 0xA5, 0x74, 0xCD, 0x20, 0xFB, 0xC1, 0x94, 0x74, 0x07, 0x72, 0x10,
    0xD9, 0xA8, 0xDD, 0x93, 0xAB, 0x71, 0x17, 0x14, 0x17, 0xA4, 0x4F, 0x30, 0x79, 0x2A, 0xD6, 0x00,
    0x99, 0xBB, 0x50, 0xBF, 0x44, 0xA4, 0x8D, 0x0F, 0x88, 0x5C, 0xE0, 0xE3, 0xF2, 0xEA, 0x9E, 0xEC,
    0x87, 0x53, 0xD8, 0x1E, 0xA0, 0xB9, 0x76, 0x4D, 0x8F, 0x89, 0xCE, 0x4D, 0x68, 0x8F, 0x06, 0x9D,
    0x16, 0x44, 0xEC, 0x2C, 0x4E, 0x48, 0x12, 0x4F, 0x20, 0x55, 0x1F, 0x22, 0xC9, 0xFF, 0xD9, 0x4B,
    0xFE, 0x73, 0xE8, 0x57, 0x30, 0xE2, 0xF7, 0x28, 0xE5, 0x9F, 0x47, 0x59, 0xE0, 0xFB, 0x84, 0x6B,
    0x01, 0xBD, 0x2B, 0xAF, 0x2C, 0x24, 0xED, 0xCB, 0x0A, 0x13, 0x75, 0x01, 0xA8, 0x8B, 0x6D, 0x56,
    0x99, 0xB6, 0x96, 0xFC, 0xC6, 0x42, 0xDC, 0xCB, 0xA3, 0xB8, 0x64, 0x50, 0xCC, 0xDF, 0x6C, 0xE7,
    0x7D, 0xF6, 0x63, 0x7F, 0xF1, 0x5A, 0x6B, 0x79, 0xC9, 0x86, 0xDE, 0x9F, 0x5C, 0x58, 0x77, 0xFF,
    0x7F, 0x5F, 0xF2, 0xC3, 0x57, 0xC8, 0xCF, 0x60, 0x19, 0x7B, 0xD9, 0xC3, 0xBA, 0x35, 0x90, 0x9F,
    0x8C, 0x11, 0xD4, 0xED, 0x2A, 0x90, 0x85, 0xFC, 0x88, 0x20, 0x31, 0x19, 0x93, 0x96, 0x08, 0x4A,
    0xA1, 0x68, 0x14, 0x6D, 0x3C, 0xA4, 0xFC, 0xA0, 0x02, 0x94, 0x9F, 0x8C, 0xA6, 0xBA, 0xC0, 0xC7,
    0x13, 0x88, 0x7F, 0x3F, 0xC0, 0x73, 0x07, 0x1C, 0xFA, 0xC6, 0xD4, 0xEB, 0x44, 0xB1, 0x5D, 0x4E,
    0x7B, 0x4F, 0xF9, 0xB9, 0xF9, 0xC3, 0x6D, 0xBA, 0x28, 0x32, 0xD7, 0x96, 0x91, 0x1D, 0x83, 0x61,
    0x94, 0x91, 0xFF, 0xC1, 0x50, 0x42, 0x18, 0xAE, 0xE5, 0xB3, 0xD8, 0x18, 0xDB, 0x2E, 0x3C, 0x3B,
    0xF2, 0xBA, 0xD7, 0xFD, 0xF5, 0xCF, 0xB2, 0xEF, 0xCE, 0x3B, 0xD8, 0x13, 0xCD, 0x71, 0xDA, 0x5D,
    0x33, 0x76, 0x17, 0x26, 0xC2, 0x74, 0xA4, 0x31, 0x17, 0xB9, 0x26, 0x21, 0x7E, 0x55, 0xCF, 0xEF,
    0xC9, 0xAE, 0x76, 0xE5, 0x7F, 0xE2, 0x8A, 0xF2, 0x13, 0x3B, 0xC5, 0xC3, 0x18, 0x8D, 0x3F, 0x80,
    0x3A, 0x24, 0x36, 0xAC, 0x8B, 0x18, 0x46, 0x28, 0xE9, 0x61, 0x54, 0x9E, 0x89, 0x46, 0x1B, 0x8D,
    0x43, 0xD2, 0xD7, 0x50, 0xEC, 0x05, 0x36, 0x5D, 0x15, 0x63, 0x11, 0x7B, 0xDA, 0x93, 0xEB, 0xDC,
    0x87, 0xB0, 0x46, 0x5F, 0x07, 0xC4, 0x00, 0x2D, 0x41, 0x67, 0x00, 0x20, 0x02, 0xD0, 0xFE, 0x85,
    0x6B, 0xBE, 0x84, 0x22, 0x0C, 0x7D, 0x5D, 0x65, 0x83, 0x4A, 0x91, 0x76, 0x4D, 0x68, 0xD7, 0x44,
    0x8D, 0x92, 0xA3, 0x4C, 0x55, 0x4D, 0x4A, 0xEA, 0x4D, 0x46, 0x0B, 0x17, 0x92, 0x5F, 0xEC, 0x6B,
    0x37, 0xC0, 0xDE, 0xEC, 0x83, 0x6D, 0xBB, 0x8B, 0xAD, 0x73, 0x1A, 0xE4, 0x2B, 0x90, 0x12, 0xC4,
    0x04, 0x72, 0x96, 0x40, 0xBE, 0x11, 0x80, 0x11, 0x0B, 0x2D, 0xEC, 0x2A, 0xDC, 0xC0, 0xA8, 0x20,
    0x2F, 0xA0, 0xAA, 0xF8, 0xCB, 0x61, 0xF3, 0xE2, 0x36, 0x9E, 0xA4, 0x84, 0xE0, 0xEB, 0x7A, 0x2A,
    0xBD, 0xAA, 0x63, 0x66, 0x98, 0x18, 0x39, 0x70, 0xF2, 0x8C, 0xE3, 0xCF, 0xD3, 0xFF, 0x3F, 0x74,
    0xAF, 0x80, 0xCE, 0xB3, 0x17, 0x5F, 0x41, 0xF7, 0x1D, 0x77, 0x94, 0xBD, 0x35, 0x94, 0x32, 0x4D,
    0x72, 0x8C, 0x91, 0xFC, 0xFF, 0xB1, 0x1C, 0xA3, 0x25, 0xFB, 0xCB, 0x10, 0xBA, 0xA3, 0xBD, 0xC0,
    0x4A, 0x56, 0x40, 0x39, 0x9A, 0x37, 0xB1, 0x70, 0x39, 0x6C, 0x55, 0xDA, 0x85, 0x0E, 0xEB, 0x83,
    0x3D, 0x47, 0xCC, 0xDF, 0x6C, 0xE7, 0x7D, 0xF6, 0x63, 0xFF, 0xE5, 0x26, 0x82, 0x60, 0x93, 0x56,
    0x12, 0x20, 0x18, 0x8D, 0x43, 0xA0, 0xAC, 0x90, 0x17, 0x81, 0x72, 0x2F, 0xF4, 0xEB, 0x8A, 0x82,
    0x41, 0x51, 0x64, 0x15, 0xD1, 0x9E, 0x08, 0x67, 0x53, 0x94, 0x56, 0x67, 0x2A, 0xA0, 0x5C, 0xB2,
    0x06, 0xE8, 0x4D, 0xE8, 0x44, 0x00, 0xDB, 0x29, 0xF4, 0x27, 0x9F, 0xF6, 0xE1, 0x3F, 0x9A, 0xB3,
    0x17, 0x7F, 0x6D, 0xE3, 0x5F, 0x71, 0x9F, 0xB4, 0xDF, 0x57, 0xBB, 0xD4, 0x3C, 0x4F, 0x94, 0x16,
    0x6F, 0x10, 0xE5, 0xA2, 0xDB, 0xE2, 0xD0, 0x23, 0x4F, 0x05, 0xA9, 0x03, 0x8A, 0xE8, 0x06, 0x30,
    0x77, 0x21, 0xC1, 0xC5, 0xDF, 0xC8, 0xEF, 0x44, 0x9E, 0xF5, 0xFE, 0x0D, 0x94, 0x65, 0x23, 0x1F,
    0x91, 0x83, 0xD1, 0x2B, 0x06, 0x3A, 0xF5, 0x1B, 0x04, 0xB6, 0x1B, 0x04, 0x16, 0x8A, 0x72, 0x78,
    0x21, 0xA0, 0x43, 0x88, 0x15, 0x68, 0xAC, 0x93, 0x31, 0x98, 0x82, 0xFE, 0x38, 0x82, 0x8B, 0xBA,
    0x65, 0xF7, 0xA3, 0xF1, 0xEC, 0xC5, 0xDF, 0xB6, 0x6A, 0x08, 0xF1, 0x18, 0xB6, 0x34, 0x1F, 0xA3,
    0xFD, 0xCC, 0x55, 0x22, 0xB2, 0xC7, 0x6D, 0x33, 0x6F, 0x1D, 0x3A, 0x4E, 0x53, 0x3D, 0xCD, 0xAF,
    0x87, 0xF2, 0x23, 0x89, 0x5A, 0xE1, 0xCE, 0x4C, 0x1A, 0x45, 0x4B, 0x83, 0x59, 0x09, 0xC4, 0xC2,
    0xB9, 0xB0, 0xE7, 0x30, 0x17, 0xBD, 0xEE, 0x48, 0x2B, 0x09, 0xAA, 0x81, 0xAE, 0x7B, 0x87, 0xCD,
    0xEE, 0xA9, 0x0D, 0xE9, 0xF9, 0xE0, 0x1D, 0x2D, 0x51, 0x97, 0xB4, 0x7A, 0x4F, 0x89, 0x87, 0x01,
    0x2A, 0x9E, 0x93, 0x77, 0x65, 0x84, 0xF2, 0xC8, 0x10, 0x0F, 0xD7, 0x03, 0x07, 0xBB, 0xDD, 0x8D,
    0x51, 0x29, 0xD9, 0xE2, 0x17, 0xFD, 0xF7, 0xB9, 0x48, 0x91, 0xDD, 0x25, 0x4A, 0xBA, 0x77, 0x89,
    0xCC, 0x8D, 0x96, 0x28, 0xFB, 0x53, 0x45, 0x94, 0x1B, 0x35, 0xA8, 0xC7, 0x67, 0xFE, 0x5A, 0x5F,
    0x56, 0x51, 0xA1, 0x31, 0x1C, 0x14, 0x61, 0x36, 0x83, 0x7B, 0x90, 0xEE, 0x77, 0xA0, 0x64, 0x64,
    0xD8, 0x8C, 0x27, 0x57, 0x6C, 0x4F, 0xEC, 0x49, 0x00, 0x1D, 0xA4, 0x89, 0x56, 0xFA, 0x70, 0x95,
    0xB0, 0x77, 0xD8, 0x84, 0x29, 0x87, 0xC3, 0xCF, 0x1A, 0xB7, 0xE0, 0x1E, 0xC4, 0xBB, 0xE5, 0x04,
    0x61, 0x4E, 0x02, 0x35, 0x37, 0x53, 0xD6, 0x67, 0x70, 0x95, 0x30, 0x84, 0x97, 0x60, 0x05, 0x61,
    0x8B, 0xF8, 0x89, 0xDC, 0x6C, 0xA2, 0x2A, 0x45, 0x99, 0xC6, 0x55, 0xAB, 0xC9, 0x5E, 0x95, 0xD3,
    0x9F, 0xC4, 0x4B, 0xD4, 0x2C, 0x14, 0xA5, 0xFE, 0xF9, 0x5C, 0x6D, 0x80, 0xEC, 0xF9, 0x61, 0xAE,
    0x79, 0x97, 0xD0, 0xD3, 0x13, 0x43, 0x77, 0x72, 0x6A, 0x67, 0xD4, 0x91, 0x34, 0x2C, 0x4D, 0x46,
    0xC5, 0x40, 0xD4, 0xC6, 0x61, 0x4C, 0xA5, 0x28, 0x2D, 0x92, 0x85, 0x0E, 0xA2, 0xF6, 0x98, 0xA8,
    0xD0, 0x85, 0xE5, 0x68, 0xA3, 0xF2, 0x41, 0x75, 0x07, 0x4B, 0x91, 0x67, 0x56, 0x79, 0xEE, 0xE1,
    0xDB, 0xC0, 0xEB, 0x84, 0x35, 0x6E, 0x8C, 0xF7, 0x43, 0xC6, 0xFB, 0xA2, 0x67, 0xDF, 0xF6, 0x34,
    0x79, 0x26, 0x6A, 0xA5, 0x25, 0xF0, 0xE4, 0x46, 0xDE, 0xD7, 0x87, 0xC5, 0xB7, 0x91, 0xB1, 0x1D,
    0xCF, 0x97, 0x99, 0x66, 0xCA, 0x14, 0x1D, 0xD3, 0xCB, 0x41, 0x85, 0x74, 0xA3, 0x85, 0x47, 0xDB,
    0x96, 0xEC, 0x89, 0x67, 0xAC, 0x2E, 0xCE, 0xAB, 0x2A, 0x76, 0xDC, 0xD0, 0xD0, 0x50, 0xDA, 0x36,
    0xF3, 0x9E, 0x7A, 0x94, 0x33, 0x45, 0x56, 0x7D, 0xFB, 0x38, 0x0A, 0x7A, 0x35, 0x78, 0xD1, 0xA8,
    0x79, 0xC0, 0x8C, 0xE6, 0xC6, 0xED, 0x1F, 0xB3, 0xC1, 0x51, 0xB6, 0xC1, 0xD1, 0xA1, 0xE7, 0x68,
    0x58, 0xE7, 0x28, 0xB4, 0xE5, 0x1A, 0x47, 0xB1, 0xE7, 0xC8, 0x34, 0xE9, 0x1A, 0x47, 0xD9, 0x06,
    0x47, 0xE5, 0x36, 0x8E, 0xFA, 0xFB, 0x5F, 0xA3, 0x78, 0x9A, 0x65, 0xAD, 0x24, 0xED, 0x27, 0x4A,
    0xCB, 0x6E, 0xB4, 0x8E, 0x7E, 0x9C, 0xE8, 0x3D, 0xE3, 0x89, 0x9F, 0x51, 0xE6, 0x1F, 0xC8, 0x3D,
    0xF1, 0x87, 0x1E, 0x5D, 0x53, 0x1E, 0x64, 0x28, 0xBD, 0x5C, 0xFC, 0xAA, 0xD8, 0x4C, 0xF3, 0xA5,
    0x4E, 0x89, 0x5F, 0x2E, 0x4E, 0xA3, 0x3C, 0xA4, 0x45, 0xB4, 0xB6, 0x2A, 0x44, 0x95, 0xF8, 0x38,
    0xC7, 0xB3, 0xD2, 0xEA, 0xE2, 0x40, 0x22, 0xDC, 0xDF, 0x18, 0x8D, 0x1C, 0xE5, 0x9E, 0x95, 0xF2,
    0x34, 0x2B, 0x0C, 0x4B, 0xE8, 0x17, 0x92, 0x19, 0xCB, 0x6D, 0x27, 0x21, 0xC3, 0xE8, 0x5B, 0xDE,
    0xE1, 0x45, 0x1F, 0x3A, 0xF5, 0x2D, 0xC9, 0xFB, 0x1E, 0x9B, 0x97, 0x66, 0x56, 0x66, 0x63, 0xB9,
    0x37, 0xE3, 0xD1, 0xE3, 0xA0, 0x8F, 0x94, 0xA0, 0xA8, 0xF3, 0x38, 0x6E, 0x7C, 0xBB, 0xA9, 0x3C,
    0xCE, 0xFC, 0x02, 0x2C, 0x17, 0x02, 0x23, 0xFA, 0xF6, 0x41, 0xF1, 0x19, 0x06, 0xFB, 0xC0, 0x69,
    0xDC, 0x29, 0xCE, 0x52, 0xA6, 0x31, 0x58, 0x02, 0xE7, 0x96, 0x41, 0xAA, 0xC7, 0x12, 0xD6, 0x0B,
    0x1D, 0xAC, 0x0B, 0xDC, 0x51, 0x39, 0x60, 0x3D, 0xCC, 0x68, 0x06, 0x89, 0xC7, 0x8C, 0xFC, 0x42,
    0xBF, 0x83, 0x42, 0x55, 0x42, 0x45, 0xEB, 0x5A, 0x59, 0x4B, 0xC9, 0xD6, 0x80, 0xDE, 0xD5, 0x7E,
    0xBA, 0x23, 0x54, 0xF2, 0x18, 0x45, 0x9E, 0xE6, 0xFA, 0x1E, 0x04, 0x08, 0xFE, 0x06, 0x12, 0xDA,
    0x41, 0x4D, 0xEE, 0x50, 0xF0, 0xCA, 0x00, 0x7B, 0x9E, 0x3B, 0x09, 0xFA, 0x28, 0x2A, 0xFA, 0xAC,
    0x88, 0x3B, 0x54, 0xD5, 0xE9, 0xF5, 0x6A, 0x39, 0x2A, 0x45, 0xEE, 0x73, 0x5E, 0xF8, 0x47, 0xEE,
    0xDF, 0xBB, 0xE2, 0x60, 0x37, 0xD4, 0x04, 0x88, 0xB6, 0xA2, 0x01, 0xEC, 0x06, 0x04, 0xA2, 0xA0,
    0x57, 0xA9, 0x9C, 0x02, 0x60, 0x7C, 0x06, 0xDB, 0xEE, 0xCE, 0xE0, 0x05, 0x82, 0x7D, 0x05, 0x18,
    0x59, 0x16, 0x9C, 0x63, 0xC1, 0xD9, 0x20, 0x31, 0x75, 0x74, 0x7E, 0x43, 0x68, 0x88, 0x5A, 0xCD,
    0x61, 0x6B, 0x70, 0xF4, 0xB8, 0x49, 0x0B, 0xDE, 0x51, 0x73, 0x57, 0x50, 0x23, 0x19, 0x78, 0xFD,
    0x12, 0xF4, 0x31, 0x77, 0x93, 0x23, 0x39, 0xFF, 0x98, 0x49, 0x4B, 0x8B, 0x43, 0xD6, 0x26, 0xDC,
    0x0C, 0xF4, 0xE7, 0xA9, 0x9C, 0xE6, 0x51, 0x53, 0xF5, 0x1C, 0x56, 0x8C, 0x76, 0x2E, 0xA6, 0x02,
    0xBA, 0x39, 0xD3, 0xD8, 0x39, 0x71, 0x0F, 0xB9, 0x2F, 0x99, 0x34, 0x21, 0xF5, 0x72, 0x59, 0x93,
    0xF8, 0x06, 0x17, 0xC7, 0x59, 0x8E, 0xA9, 0x6A, 0x94, 0x4E, 0x73, 0x80, 0x55, 0x09, 0x22, 0xEA,
    0x0D, 0x0D, 0x9A, 0xB7, 0xA9, 0x56, 0x20, 0x48, 0xFB, 0x37, 0xBD, 0x12, 0x5F, 0x30, 0xF2, 0x41,
    0xF8, 0xEB, 0x50, 0x11, 0x2D, 0xC1, 0x20, 0xCA, 0xFD, 0xD7, 0x04, 0xC3, 0x9E, 0x57, 0xE7, 0xD7,
    0x18, 0x7F, 0x98, 0x7C, 0x1F, 0x06, 0x93, 0xC3, 0x9A, 0x45, 0xEE, 0x30, 0x98, 0x36, 0xD6, 0xDE,
    0xB9, 0x44, 0x73, 0xC6, 0x07, 0xFD, 0x4F, 0x68, 0x88, 0xF9, 0xC1, 0xBA, 0x22, 0x0C, 0xBD, 0xE4,
    0x18, 0x90, 0x86, 0xAE, 0x41, 0x12, 0x2B, 0x64, 0x81, 0xB5, 0x28, 0x46, 0xB0, 0x80, 0x39, 0x2B,
    0x72, 0x5C, 0x71, 0xC0, 0x94, 0xF9, 0x0B, 0xB7, 0xB1, 0x42, 0x52, 0xB6, 0x84, 0xEB, 0xED, 0x27,
    0x3D, 0xE1, 0x4B, 0x56, 0x23, 0x94, 0x3A, 0x9A, 0xFE, 0x23, 0x4C, 0xC6, 0x5C, 0xD9, 0xA4, 0xEE,
    0xB0, 0xA3, 0x91, 0xBD, 0xA3, 0xA6, 0x4A, 0x03, 0x90, 0x70, 0x15, 0x80, 0x68, 0x78, 0x70, 0xEF,
    0x00, 0x84, 0x6B, 0x32, 0x57, 0x3E, 0x70, 0xB1, 0x14, 0xC3, 0x9C, 0xDC, 0xA9, 0xDF, 0x61, 0x82,
    0xA4, 0x68, 0xA1, 0xE8, 0xB6, 0x66, 0x11, 0xD1, 0x67, 0x98, 0x9A, 0xB7, 0x5D, 0xA7, 0xA8, 0xEC,
    0x15, 0x65, 0xA3, 0x22, 0xE3, 0x14, 0x45, 0xEE, 0x8F, 0x44, 0x81, 0xFB, 0x50, 0x07, 0xAA, 0x6F,
    0x29, 0xCA, 0xBF, 0xB4, 0xCB, 0xCC, 0x20, 0xA2, 0x67, 0x98, 0x27, 0xF1, 0x3E, 0x8E, 0x25, 0xAF,
    0x5E, 0x9D, 0x37, 0x69, 0xC9, 0x3C, 0x32, 0xDE, 0xF9, 0xAD, 0x82, 0x8A, 0xC8, 0xC7, 0x14, 0xB5,
    0xFA, 0xE1, 0xD4, 0x47, 0xC3, 0x47, 0x77, 0x71, 0xB4, 0xA3, 0x72, 0x80, 0x50, 0x5A, 0x48, 0xE1,
    0x08, 0xC2, 0x4B, 0x26, 0x3E, 0x97, 0x0E, 0xD8, 0x68, 0x45, 0xAE, 0x6A, 0xA5, 0x8A, 0xDF, 0x32,
    0xB7, 0x28, 0x3B, 0x2D, 0xCC, 0x59, 0x35, 0x5A, 0xDB, 0xA0, 0xDE, 0xF5, 0x7D, 0x7C, 0x7F, 0xFF,
    0xAC, 0x1F, 0xC7, 0xE8, 0x98, 0x7E, 0x7C, 0x3F, 0x97, 0x9F, 0x77, 0xA6, 0x61, 0xF6, 0x5D, 0x91,
    0x86, 0x0D, 0x3E, 0xE8, 0xD0, 0xE8, 0x49, 0x72, 0x5D, 0x86, 0xF3, 0xF2, 0xE4, 0x52, 0x5E, 0xFB,
    0x52, 0x82, 0x7A, 0x40, 0x8D, 0x2B, 0x4C, 0x57, 0xAB, 0x95, 0x4A, 0x41, 0xFA, 0xCF, 0xD6, 0x2D,
    0xD5, 0x13, 0x46, 0x79, 0x3C, 0x04, 0x97, 0x19, 0x5A, 0xBC, 0xE4, 0x2B, 0xB7, 0x68, 0xBF, 0x96,
    0xD2, 0xAD, 0xBF, 0x16, 0x4E, 0x5B, 0x83, 0xD5, 0x27, 0x88, 0xF2, 0x96, 0xB5, 0x04, 0x63, 0x59,
    0x46, 0xF7, 0xD0, 0xB7, 0xFC, 0x0F, 0x9A, 0x5B, 0x90, 0x8A, 0x20, 0x8B, 0x34, 0x4F, 0x4A, 0xB3,
    0xC6, 0xC3, 0xF9, 0xA0, 0x34, 0xF7, 0x4A, 0xB3, 0x55, 0xDA, 0xBE, 0x12, 0xFA, 0x3E, 0xBE, 0xBF,
    0x7F, 0xD6, 0x8F, 0x63, 0x74, 0x4C, 0x3F, 0xBE, 0x9F, 0xEB, 0x2E, 0x0D, 0x97, 0x17, 0x24, 0x68,
    0xF3, 0x22, 0xB6, 0xA6, 0x4D, 0x9B, 0xA8, 0x2F, 0xE1, 0xE5, 0xE6, 0xD4, 0x9D, 0xF9, 0x37, 0x06,
    0x0C, 0xC7, 0x49, 0x92, 0x2E, 0x2F, 0x58, 0xAF, 0xDD, 0xC7, 0x4E, 0xFF, 0xAE, 0x88, 0x2A, 0xCF,
    0x9E, 0x3E, 0x7D, 0x40, 0x53, 0x75, 0xE7, 0x6F, 0x3A, 0xAA, 0xC5, 0x54, 0xD5, 0xA5, 0x91, 0x3B,
    0x05, 0xB9, 0x03, 0xA4, 0x95, 0xEA, 0x0A, 0x20, 0xDC, 0x46, 0x7C, 0x77, 0xA8, 0x2B, 0x30, 0x72,
    0x05, 0x42, 0x4B, 0x79, 0x33, 0x5D, 0x80, 0xC1, 0x6A, 0x08, 0xD3, 0x82, 0x30, 0xD7, 0x15, 0x38,
    0x54, 0xC8, 0x42, 0x59, 0xFD, 0x6F, 0x0B, 0x6E, 0xCA, 0x8F, 0x3B, 0x72, 0xA3, 0x26, 0x13, 0x03,
    0xDE, 0xCD, 0x8D, 0x23, 0x37, 0xC1, 0xE7, 0xE4, 0xC6, 0x47, 0xFE, 0x10, 0x66, 0xA1, 0x06, 0x54,
    0x7F, 0x95, 0xED, 0xC9, 0xAE, 0x0D, 0x35, 0x6C, 0x94, 0x9F, 0x9E, 0x0A, 0x1E, 0x22, 0x75, 0x02,
    0x11, 0xDD, 0x48, 0x0B, 0xB6, 0xB9, 0xDF, 0x8D, 0x06, 0xCE, 0xFF, 0x4F, 0x88, 0x31, 0x2B, 0xBA,
    0x14, 0xA8, 0x84, 0xD3, 0x42, 0x6B, 0x39, 0x84, 0xD3, 0xB2, 0x1A, 0x3C, 0x57, 0xAB, 0xE7, 0x3A,
    0x81, 0x27, 0x5A, 0xD9, 0xF0, 0xE1, 0x6B, 0xA2, 0xCD, 0x3B, 0xC5, 0x93, 0x4B, 0xB9, 0xCF, 0x82,
    0xCD, 0x9C, 0x5C, 0x50, 0x41, 0x16, 0xAC, 0x8F, 0x45, 0x74, 0x2E, 0x12, 0x56, 0xF2, 0xDA, 0x93,
    0x4A, 0xB9, 0xCF, 0x84, 0x7D, 0x5A, 0xEC, 0xE1, 0x3D, 0x72, 0x63, 0xA4, 0x67, 0x4A, 0xF3, 0xA8,
    0x34, 0x57, 0x4A, 0xB3, 0x3C, 0x2E, 0x3D, 0x79, 0xEE, 0xF2, 0xCA, 0xC8, 0x07, 0x2A, 0xED, 0xC8,
    0x7B, 0x27, 0xB5, 0xFA, 0xDF, 0x3B, 0x4D, 0xB9, 0xD1, 0x32, 0x3E, 0x20, 0x8F, 0xAF, 0xCA, 0x96,
    0xA5, 0xFB, 0x8C, 0xD1, 0x87, 0x64, 0xEA, 0xE3, 0xB0, 0x97, 0x61, 0x40, 0xAE, 0xD2, 0x57, 0xB3,
    0xBC, 0x9A, 0x8E, 0xAC, 0xE8, 0x99, 0x29, 0xA6, 0x0D, 0x73, 0xA6, 0xE0, 0x6E, 0xBA, 0xA4, 0x23,
    0xE9, 0x2C, 0xB5, 0xAE, 0xB5, 0x77, 0xEB, 0x5E, 0x61, 0xB7, 0xC0, 0x7E, 0xD5, 0xD3, 0x57, 0x19,
    0x15, 0x3A, 0x1F, 0xAD, 0x38, 0x5F, 0x02, 0x5D, 0x85, 0xE2, 0x37, 0x35, 0x14, 0x47, 0x8A, 0x1A,
    0x20, 0x26, 0x71, 0x78, 0x16, 0x20, 0x65, 0x46, 0x6B, 0xB6, 0x80, 0x94, 0x51, 0x7D, 0x6E, 0xD9,
    0xB9, 0x5D, 0x86, 0xF1, 0x37, 0xD7, 0xE2, 0x76, 0x3D, 0x77, 0x3B, 0x99, 0x88, 0x22, 0xF3, 0x89,
    0x6F, 0x47, 0x26, 0x33, 0xDA, 0xF0, 0x06, 0xDA, 0xCA, 0xB3, 0xC6, 0xC5, 0x46, 0x34, 0x58, 0x3B,
    0x18, 0x31, 0xC0, 0x68, 0x71, 0x11, 0x3F, 0x19, 0xCB, 0x44, 0x4E, 0xB5, 0x62, 0x09, 0x35, 0xCD,
    0x34, 0x58, 0xA0, 0xC8, 0xC5, 0x8E, 0x41, 0x56, 0xE0, 0x74, 0x84, 0x5C, 0x83, 0xCF, 0x58, 0x69,
    0x47, 0xFC, 0x13, 0xB9, 0x33, 0x92, 0x02, 0xA6, 0x30, 0x3B, 0x80, 0x85, 0x41, 0xBB, 0x69, 0xD2,
    0xE6, 0x8A, 0x4B, 0xBE, 0x70, 0x05, 0x68, 0xAA, 0x87, 0x39, 0xEB, 0xD6, 0x95, 0xD3, 0x53, 0xD7,
    0xC4, 0x17, 0x1F, 0x36, 0x96, 0x8D, 0x95, 0xD1, 0x98, 0x64, 0x9B, 0x01, 0x16, 0xDD, 0x58, 0x44,
    0x50, 0xB1, 0xF5, 0x95, 0x88, 0x19, 0xE8, 0x91, 0x6F, 0x4A, 0x50, 0x0E, 0xF8, 0x59, 0xB3, 0x5C,
    0xE1, 0x5A, 0x0D, 0x3D, 0x15, 0x20, 0xFC, 0x54, 0x3F, 0x50, 0xFE, 0x07, 0x84, 0x66, 0xEE, 0x03,
    0x64, 0xD4, 0x8B, 0x48, 0x7D, 0x5C, 0xBF, 0x4A, 0xCE, 0xB9, 0xB8, 0xA3, 0x7A, 0xAF, 0x7B, 0x4C,
    0x3E, 0x6E, 0x4E, 0xFE, 0xCC, 0x8A, 0x82, 0xD7, 0xAF, 0x8C, 0x5C, 0x55, 0x58, 0xEA, 0x7B, 0x4D,
    0xEE, 0xB6, 0x4D, 0xAE, 0x96, 0x22, 0xD5, 0x6A, 0x50, 0x89, 0xC9, 0x47, 0x98, 0x89, 0xD0, 0x86,
    0xF6, 0xD1, 0x70, 0x5E, 0x16, 0x07, 0x78, 0xD6, 0x8E, 0x54, 0x9A, 0x41, 0x62, 0x86, 0xD5, 0x3B,
    0x77, 0x05, 0xD5, 0x0F, 0x6D, 0x72, 0xB5, 0x2B, 0x6A, 0x62, 0x14, 0x6C, 0x35, 0x33, 0x0F, 0x71,
    0xCD, 0x65, 0x19, 0xC3, 0x6A, 0xD9, 0x6C, 0x8F, 0x45, 0x33, 0xAD, 0x95, 0xE9, 0x37, 0x6D, 0x8B,
    0xA7, 0x87, 0x46, 0xCB, 0x6D, 0xD2, 0xF2, 0x3E, 0x69, 0x81, 0xDB, 0x0E, 0xEA, 0x3B, 0x01, 0x87,
    0x75, 0xEE, 0x23, 0xA6, 0xF7, 0x7D, 0xEE, 0x6E, 0xB8, 0x2A, 0x43, 0xEA, 0x81, 0xDE, 0x49, 0x87,
    0xD0, 0xA1, 0x54, 0xEB, 0xA3, 0x96, 0xC4, 0x30, 0x10, 0x08, 0xD4, 0x57, 0xD8, 0xD4, 0x23, 0x9D,
    0x4B, 0xFC, 0x6C, 0xB4, 0x5E, 0x5A, 0x83, 0xC6, 0x8C, 0x0B, 0x45, 0x2C, 0xC0, 0x36, 0x75, 0x9B,
    0xB9, 0x2A, 0x6C, 0x4B, 0x7B, 0xEC, 0xF4, 0xA8, 0x1D, 0x53, 0xB8, 0x62, 0xC7, 0x55, 0x7A, 0xE0,
    0x0E, 0xBE, 0xF8, 0x12, 0x85, 0x19, 0xB3, 0x31, 0x07, 0x2C, 0xBB, 0x64, 0xC4, 0xBC, 0x88, 0x39,
    0x82, 0xD3, 0x09, 0x68, 0xEB, 0xB7, 0x09, 0x92, 0x9A, 0xA7, 0xB0, 0x67, 0x76, 0xCD, 0x14, 0xCC,
    0x2F, 0x60, 0x40, 0x36, 0x14, 0x1E, 0x5F, 0xAB, 0xD0, 0x43, 0xDD, 0x7C, 0xBE, 0x8E, 0xBD, 0xD1,
    0x2B, 0x7D, 0x01, 0x8D, 0xB6, 0x66, 0x59, 0xDE, 0xA2, 0x41, 0xD1, 0x03, 0xB5, 0x0D, 0x11, 0xAB,
    0xFD, 0xE3, 0x2E, 0x43, 0x2C, 0x93, 0x59, 0xC4, 0x96, 0x79, 0x07, 0xB3, 0x54, 0xB7, 0xAB, 0x63,
    0xD0, 0x65, 0xCD, 0x6D, 0xBD, 0x78, 0xD6, 0x2E, 0x6D, 0x3F, 0x24, 0xF4, 0x34, 0xD3, 0xCB, 0x17,
    0x10, 0x70, 0x05, 0xB4, 0x69, 0xF4, 0x11, 0x99, 0xBA, 0x08, 0xDD, 0xE2, 0x5A, 0x06, 0xE3, 0xD2,
    0x6A, 0x18, 0x91, 0x74, 0x8F, 0x68, 0x72, 0x5F, 0xE1, 0x22, 0xFF, 0x75, 0x59, 0x81, 0x67, 0x6C,
    0xF1, 0xA8, 0x0B, 0xFB, 0x47, 0x32, 0xF9, 0xFD, 0xED, 0xB2, 0x87, 0x34, 0x39, 0x9C, 0x28, 0x9A,
    0xB9, 0x8F, 0x90, 0x6C, 0xA5, 0xD5, 0xB2, 0x24, 0xD2, 0xA8, 0x87, 0x68, 0x82, 0x65, 0xE6, 0x7F,
    0xAF, 0xFF, 0x80, 0xDD, 0x3A, 0xE8, 0x2A, 0xDF, 0x56, 0xE1, 0x06, 0xE8, 0xA5, 0xE6, 0x79, 0x69,
    0xD4, 0x9D, 0x24, 0xFB, 0xBC, 0xA3, 0x27, 0xC4, 0x5F, 0x5D, 0xDA, 0x88, 0xD9, 0xAD, 0xF2, 0xA7,
    0xF7, 0x24, 0x3A, 0x00, 0x89, 0xF1, 0xE7, 0x08, 0xCC, 0x9B, 0xB2, 0xD8, 0x97, 0x64, 0xF5, 0x9A,
    0x04, 0x73, 0x79, 0xE3, 0x7C, 0xFA, 0x4E, 0x35, 0xD7, 0x4D, 0x77, 0x3F, 0x17, 0xFB, 0x3A, 0x7D,
    0x5D, 0x46, 0x2B, 0xD9, 0x5B, 0x6B, 0x33, 0x5F, 0x93, 0x73, 0x2D, 0x14, 0x5C, 0x96, 0x37, 0xC0,
    0xC7, 0xCB, 0x9C, 0x89, 0x82, 0x4F, 0xFC, 0xB9, 0x01, 0xE8, 0x9E, 0x58, 0x3A, 0x3D, 0x4A, 0x86,
    0x39, 0xE8, 0xA9, 0xBF, 0x24, 0xB3, 0x8E, 0x01, 0x03, 0x62, 0x0A, 0xC6, 0x05, 0x4D, 0xD9, 0x61,
    0x38, 0x6C, 0x5B, 0xD7, 0x38, 0x05, 0xCD, 0x26, 0x60, 0x1B, 0xEF, 0x56, 0xEC, 0x57, 0xF0, 0x09,
    0xC8, 0x3A, 0x51, 0x97, 0x60, 0xBD, 0xD5, 0xE3, 0x1B, 0x54, 0xF4, 0x92, 0xEE, 0xE5, 0x46, 0x13,
    0x1B, 0xC0, 0x41, 0xD5, 0xF9, 0x72, 0xB8, 0xB9, 0x7F, 0xA5, 0x5C, 0xC4, 0xE8, 0x5F, 0xBA, 0x0C,
    0xCA, 0x94, 0xB8, 0x5A, 0xA3, 0x82, 0x36, 0xA7, 0x7F, 0x6F, 0x32, 0x8E, 0x58, 0xA4, 0x0A, 0x0D,
    0xA1, 0x3C, 0x10, 0x04, 0x33, 0xB0, 0x68, 0xB5, 0x1B, 0x8C, 0x6B, 0x3D, 0xD4, 0xD3, 0x87, 0x50,
    0xB3, 0x02, 0x7D, 0x67, 0x4B, 0x83, 0xBD, 0xF0, 0x74, 0xCC, 0xA0, 0x7C, 0x98, 0x49, 0x2D, 0x27,
    0xA3, 0x93, 0x0E, 0xCF, 0xD4, 0x2D, 0xC2, 0xC4, 0xAD, 0xD2, 0x58, 0x13, 0x09, 0xBA, 0x68, 0xE7,
    0xCC, 0x8B, 0xC4, 0xA8, 0x66, 0xDB, 0xA5, 0x41, 0xD1, 0xE3, 0x1C, 0x0D, 0xEE, 0x18, 0xB6, 0xE8,
    0x2A, 0x47, 0xDD, 0x23, 0x9A, 0xDC, 0x1B, 0x14, 0xF2, 0x5F, 0xAE, 0x0C, 0xCA, 0x96, 0x98, 0xE1,
    0xE1, 0x4C, 0x5E, 0x17, 0xBB, 0xFE, 0x3C, 0x30, 0xE1, 0x3E, 0x37, 0x7F, 0xC0, 0x8D, 0x33, 0xBE,
    0x74, 0xFF, 0xF0, 0x27, 0xBF, 0xDF, 0x98, 0xE1, 0xE1, 0x70, 0xCE, 0xEA, 0x05, 0xC3, 0xD3, 0xBC,
    0xF1, 0xDF, 0x65, 0xFB, 0xAB, 0x44, 0x1B, 0x8D, 0xA7, 0x9F, 0xC9, 0x48, 0xE2, 0x81, 0x8F, 0xB8,
    0x74, 0xA3, 0xCD, 0x24, 0xC6, 0x24, 0x91, 0x46, 0xAA, 0xDD, 0x27, 0x4D, 0xBF, 0x27, 0xB0, 0x00,
    0xEF, 0x75, 0x00, 0x1F, 0xF0, 0x05, 0x99, 0x8F, 0x0A, 0x90, 0xB8, 0x20, 0x89, 0x23, 0x49, 0xEC,
    0x97, 0x24, 0xC6, 0xCA, 0xED, 0x15, 0x90, 0x98, 0x7A, 0x42, 0x54, 0x0F, 0xF5, 0x48, 0x65, 0x79,
    0x1C, 0xBB, 0x58, 0x11, 0xB3, 0xFE, 0xA9, 0x11, 0xB2, 0x8F, 0x33, 0x84, 0x45, 0xC9, 0x1E, 0x7C,
    0x5B, 0x2E, 0xA1, 0xDF, 0xD8, 0x55, 0x46, 0x79, 0x35, 0x25, 0x4B, 0x2D, 0xEE, 0x93, 0x05, 0x27,
    0xF8, 0x3B, 0x88, 0x39, 0x37, 0xC5, 0x24, 0xC9, 0x97, 0x20, 0x7C, 0xC9, 0xD3, 0x68, 0xED, 0x21,
    0xF3, 0x07, 0x8F, 0xF2, 0x38, 0xA9, 0x52, 0x37, 0xA6, 0xE5, 0x79, 0x49, 0x6E, 0x6B, 0x2C, 0xDE,
    0xB0, 0x32, 0xB8, 0x7F, 0xB7, 0xB0, 0x1E, 0x29, 0x55, 0xFE, 0x50, 0x47, 0xCF, 0x77, 0x66, 0xB8,
    0xE5, 0x98, 0xC7, 0x53, 0x15, 0x2A, 0x55, 0xE1, 0x23, 0x91, 0x95, 0x7A, 0x1D, 0x35, 0x3E, 0x1A,
    0xC2, 0xD5, 0xA7, 0x92, 0x34, 0x04, 0x11, 0x3C, 0x10, 0x02, 0x48, 0xF9, 0xCA, 0x2D, 0x4C, 0x74,
    0x82, 0x18, 0x17, 0xFE, 0x95, 0xB3, 0x20, 0xC1, 0x2E, 0x52, 0x06, 0x0F, 0xFB, 0x7C, 0xF3, 0x63,
    0x8F, 0xE1, 0xD8, 0x01, 0x4D, 0xE8, 0xC0, 0xA3, 0x23, 0xC6, 0xB6, 0x7C, 0x9F, 0x35, 0xE1, 0x3C,
    0x31, 0x35, 0x25, 0xF2, 0x6F, 0xAC, 0xEA, 0x0B, 0x6C, 0x2B, 0x15, 0xA6, 0x99, 0xF5, 0xF9, 0x59,
    0xAF, 0x6F, 0x03, 0x31, 0x9F, 0x6D, 0xE6, 0xD3, 0xF8, 0xFC, 0xA6, 0x0A, 0x64, 0x09, 0xB4, 0xF8,
    0x12, 0x6F, 0x3D, 0xC9, 0x62, 0xCD, 0xD2, 0x95, 0xEA, 0x63, 0x6B, 0x64, 0xA3, 0x0D, 0x33, 0xEC,
    0x42, 0x13, 0xE9, 0x7B, 0xA6, 0xD9, 0x9B, 0x40, 0x3B, 0xEB, 0x63, 0x5D, 0x6D, 0xE7, 0xA1, 0x74,
    0xD0, 0xD3, 0xB3, 0xC5, 0x9E, 0x96, 0x4A, 0xFC, 0x0B, 0x4F, 0xDE, 0x3E, 0xDC, 0xCF, 0x19, 0x5E,
    0x57, 0x2E, 0x14, 0xAC, 0x49, 0xD2, 0x9D, 0x48, 0xB2, 0x52, 0x49, 0x5E, 0x60, 0x3C, 0x4E, 0x49,
    0x5A, 0x95, 0xE4, 0x55, 0x0C, 0x35, 0x68, 0x96, 0x40, 0x49, 0x2E, 0x36, 0x24, 0x19, 0x3C, 0xA8,
    0x24, 0xFF, 0x0B, 0xD5, 0x5C, 0x3D, 0x93, 0xDE, 0xC6, 0x91, 0x1E, 0x00, 0x2A, 0xA2, 0x2C, 0xA8,
    0x0E, 0x0C, 0x1C, 0xE8, 0x44, 0x95, 0x90, 0x38, 0x90, 0xEF, 0xCA, 0xC6, 0x1F, 0x20, 0x09, 0xD8,
    0x0E, 0x1C, 0x5C, 0x60, 0x07, 0xBE, 0x2A, 0x87, 0x0E, 0x14, 0x5C, 0x39, 0xE1, 0x1F, 0xA0, 0x04,
    0xD8, 0x0A, 0x14, 0x7A, 0x7F, 0x82, 0x03, 0x06, 0xB6, 0x92, 0x73, 0x70, 0x55, 0x67, 0x97, 0x97,
    0x04, 0xCE, 0x0E, 0x1C, 0x38, 0x10, 0xCE, 0x0E, 0x1D, 0x18, 0x76, 0x31, 0x17, 0x2C, 0xE1, 0x2C,
    0x50, 0x02, 0x30, 0xD7, 0xCF, 0xD3, 0x83, 0xF7, 0xC5, 0xFB, 0xC1, 0xE5, 0x2E, 0xB9, 0xE4, 0xD2,
    0x5B, 0xEF, 0xDB, 0xB3, 0x8B, 0x8F, 0x99, 0xE9, 0x67, 0x7A, 0x7A, 0xBA, 0x7B, 0x7A, 0xD6, 0x04,
    0xD6, 0xD6, 0xC6, 0x18, 0x57, 0x1C, 0xFF, 0x89, 0x46, 0x16, 0xF1, 0xC4, 0x22, 0xB1, 0x2C, 0x32,
    0x2D, 0x6E, 0xDA, 0x12, 0xC5, 0x2F, 0xF5, 0xF5, 0xBE, 0x6A, 0x84, 0x7A, 0x5D, 0xD6, 0xA2, 0xCE,
    0x26, 0xEB, 0x50, 0xD4, 0x69, 0x8F, 0x4A, 0xCA, 0x04, 0xD5, 0xC4, 0x26, 0x46, 0xF1, 0x96, 0x89,
    0x66, 0x56, 0x62, 0xAD, 0x2B, 0x72, 0x63, 0xFE, 0xCB, 0xF8, 0xA8, 0xAD, 0x33, 0x9E, 0xD4, 0xE6,
    0xC9, 0xBB, 0xB6, 0x31, 0x81, 0xD4, 0x54, 0x75, 0x26, 0x94, 0x7A, 0xAB, 0xDE, 0x24, 0xF2, 0x97,
    0x9D, 0x8C, 0x74, 0x36, 0x96, 0xAF, 0x2B, 0xD8, 0x0F, 0x32, 0xB0, 0xCF, 0xC5, 0x9D, 0x39, 0x37,
    0xA1, 0xB5, 0xAD, 0x89, 0x87, 0x6C, 0x30, 0x71, 0x27, 0x4D, 0x87, 0x1D, 0xDB, 0x5F, 0x88, 0x67,
    0xED, 0x28, 0x1C, 0x09, 0x29, 0x06, 0xF9, 0xB3, 0x6A, 0x85, 0xD8, 0x06, 0xA4, 0x26, 0x91, 0x3E,
    0x57, 0x4D, 0x26, 0x77, 0xFF, 0xCF, 0xCE, 0x26, 0xB5, 0xBF, 0xB3, 0x4D, 0x38, 0x07, 0xD2, 0x2D,
    0xEF, 0xC4, 0x9C, 0xA0, 0xD5, 0xCE, 0x07, 0x8B, 0xFE, 0x18, 0x82, 0x61, 0xE3, 0x9A, 0x2F, 0xC0,
    0x8C, 0x70, 0x3C, 0x9C, 0x81, 0xE5, 0xBC, 0x8B, 0x65, 0x7E, 0x06, 0x96, 0x04, 0xB1, 0x5D, 0xB0,
    0x44, 0xA5, 0x51, 0xAD, 0xFD, 0xCF, 0x39, 0x24, 0xC9, 0x31, 0x2C, 0x4F, 0x15, 0x4B, 0x41, 0x7E,
    0x85, 0xA5, 0x14, 0x85, 0x60, 0x29, 0x7D, 0xCD, 0x04, 0x4B, 0xF9, 0xAB, 0xDA, 0xC7, 0x32, 0xAE,
    0xC3, 0xDA, 0x44, 0x5D, 0x52, 0x02, 0x4B, 0x69, 0xDD, 0xA2, 0x81, 0xB4, 0x35, 0xFB, 0xA8, 0x06,
    0x44, 0x75, 0x04, 0xAA, 0xBD, 0xF4, 0x85, 0xD0, 0xFA, 0xDD, 0xB3, 0xA2, 0x7A, 0x26, 0x3A, 0xB7,
    0x14, 0x9D, 0xD3, 0x33, 0xD0, 0x69, 0x54, 0xD2, 0x1C, 0x3A, 0x25, 0x8B, 0x24, 0x7F, 0x3C, 0x3A,
    0xA3, 0xA2, 0x33, 0x6C, 0xD0, 0x81, 0xA4, 0x01, 0x24, 0x41, 0xA7, 0x3F, 0x82, 0x0E, 0x07, 0xB0,
    0xD1, 0x4E, 0x29, 0x16, 0xF7, 0xB5, 0x18, 0x77, 0x0A, 0xFB, 0xEF, 0x2C, 0x0A, 0xE5, 0xE2, 0xC6,
    0x74, 0x08, 0x99, 0x00, 0x10, 0x01, 0x2D, 0xEF, 0x17, 0x3B, 0xD2, 0xE8, 0x03, 0xB2, 0x94, 0xB8,
    0x01, 0x55, 0xDB, 0x6E, 0x21, 0x23, 0x82, 0x29, 0x20, 0xAB, 0x00, 0xD9, 0x47, 0x80, 0x2C, 0x02,
    0x64, 0x69, 0xEE, 0x1A, 0xF6, 0x7B, 0x0A, 0xE4, 0x86, 0xCC, 0xDF, 0xC7, 0xF8, 0xE1, 0x0E, 0x65,
    0x06, 0x2C, 0x4A, 0x03, 0xF2, 0x74, 0x88, 0x31, 0x8D, 0xF1, 0x4C, 0x06, 0x44, 0xBF, 0xBA, 0x33,
    0xB8, 0xBE, 0x54, 0x8F, 0x2E, 0xB4, 0x9E, 0x3D, 0x29, 0x06, 0x79, 0x34, 0x1E, 0xE3, 0xC1, 0x84,
    0x63, 0xDA, 0x49, 0xB5, 0x32, 0xAD, 0xBD, 0xBC, 0x80, 0x34, 0x10, 0x7D, 0x4B, 0x52, 0x1F, 0x12,
    0xDE, 0xE5, 0x73, 0x54, 0x04, 0x1C, 0x1C, 0xA9, 0xC5, 0xBC, 0x86, 0xA6, 0xEF, 0x7A, 0xD2, 0xF7,
    0x01, 0x23, 0xD1, 0x4A, 0x7F, 0x1E, 0x19, 0xCA, 0x24, 0xEA, 0xF2, 0x65, 0x80, 0xE4, 0x86, 0x89,
    0x9B, 0x1D, 0x59, 0x13, 0xDC, 0x04, 0xAA, 0x74, 0xCC, 0x84, 0x16, 0x6D, 0x34, 0x56, 0x4D, 0xD4,
    0xD9, 0xC6, 0x63, 0x4B, 0x3B, 0xDF, 0x46, 0x1B, 0x96, 0xDA, 0x5E, 0x11, 0xF1, 0xBE, 0x19, 0x4F,
    0xDE, 0x88, 0x77, 0x09, 0xBE, 0xE3, 0x5E, 0x1A, 0x0A, 0xBF, 0x60, 0x13, 0x13, 0x86, 0x50, 0xB0,
    0x7B, 0xC7, 0x5C, 0xCB, 0xAF, 0x96, 0xFD, 0x44, 0xEE, 0x64, 0x72, 0x63, 0xAE, 0x4C, 0x30, 0x24,
    0x75, 0xD4, 0x70, 0xF8, 0x2E, 0x99, 0xFD, 0xA4, 0x5E, 0x3A, 0xB2, 0x25, 0xC9, 0xA1, 0xC6, 0xBF,
    0x02, 0xF6, 0x31, 0xDF, 0x20, 0xFF, 0xCB, 0x37, 0xEC, 0x0E, 0x47, 0x7F, 0x5A, 0xB3, 0x1F, 0x5E,
    0x9C, 0xFD, 0x77, 0x45, 0x19, 0x98, 0xB4, 0x2C, 0xA4, 0x85, 0xBF, 0x48, 0x1F, 0x42, 0x3B, 0x38,
    0x61, 0x50, 0x26, 0xD6, 0xEC, 0xE7, 0x60, 0xBF, 0x17, 0xF6, 0xD3, 0x51, 0xBA, 0x1B, 0x82, 0xFD,
    0xA0, 0x4D, 0xBB, 0x85, 0x99, 0x67, 0x60, 0xFF, 0xCD, 0x0D, 0xFB, 0x3D, 0xD8, 0x6F, 0xC8, 0x3E,
    0x46, 0x3B, 0xE8, 0x93, 0xC6, 0xCC, 0x45, 0x6E, 0x32, 0x01, 0x3F, 0x19, 0xCF, 0x12, 0xFE, 0x41,
    0x46, 0xBF, 0x45, 0xCB, 0xE7, 0x60, 0x7F, 0xD8, 0xB0, 0xFF, 0xCF, 0xE6, 0x9A, 0x4C, 0xF4, 0xA4,
    0x4C, 0x4B, 0xC0, 0x0B, 0xAD, 0xE4, 0x53, 0x2F, 0x18, 0x42, 0x60, 0xFE, 0xA5, 0xDC, 0x15, 0x02,
    0x51, 0x91, 0x32, 0x2E, 0x95, 0x45, 0x1F, 0x43, 0x6B, 0x8A, 0x51, 0x54, 0x17, 0x7E, 0x11, 0x2A,
    0x5A, 0x53, 0xA8, 0xB4, 0x08, 0x5A, 0x35, 0xA0, 0x45, 0x07, 0x9A, 0x9D, 0x83, 0xEA, 0x93, 0x55,
    0xBB, 0xA9, 0xC1, 0x23, 0xD5, 0x8F, 0xAC, 0x64, 0x68, 0xAB, 0x47, 0xEB, 0xC2, 0x90, 0x90, 0x41,
    0x75, 0x7F, 0x6D, 0x49, 0x27, 0x2C, 0xF1, 0xBF, 0xC1, 0x35, 0xFB, 0x5B, 0x0E, 0xDC, 0x6F, 0x37,
    0x80, 0x93, 0x56, 0xAD, 0xD0, 0xC8, 0x4E, 0x42, 0x93, 0x31, 0x11, 0x8A, 0x36, 0x6B, 0x19, 0x07,
    0x5F, 0x68, 0xD5, 0xC0, 0xA2, 0xB0, 0x4A, 0x1F, 0xF7, 0xE1, 0x5D, 0x7D, 0x52, 0xDF, 0xD2, 0x1A,
    0x50, 0x5B, 0x87, 0x9A, 0x0B, 0xE9, 0x70, 0xD5, 0x8A, 0xD9, 0x23, 0xC8, 0x08, 0xA8, 0x77, 0xA4,
    0x8B, 0xBD, 0x00, 0x52, 0x27, 0x33, 0x7A, 0x80, 0xF5, 0x04, 0xEF, 0xB7, 0x86, 0x6F, 0x82, 0xCA,
    0x62, 0xC4, 0xF7, 0x41, 0x63, 0x47, 0x33, 0xAC, 0x24, 0x8E, 0xAE, 0xAF, 0x6F, 0x9F, 0x14, 0x65,
    0xBD, 0xA9, 0xA1, 0x68, 0x37, 0xFD, 0x0B, 0x6C, 0x2E, 0x6D, 0xA5, 0x93, 0x18, 0x17, 0x98, 0x3A,
    0x15, 0xC7, 0x88, 0xC8, 0x38, 0xE2, 0x2F, 0x12, 0x18, 0x60, 0xA5, 0x0B, 0x74, 0xB9, 0x73, 0xD7,
    0x3C, 0xA0, 0x43, 0x70, 0xD2, 0x21, 0xB6, 0x35, 0x19, 0x23, 0x8F, 0x64, 0x97, 0x9C, 0xB3, 0x91,
    0x15, 0xC1, 0x35, 0xDE, 0xE5, 0x73, 0x7C, 0x23, 0x05, 0x12, 0x04, 0x42, 0x71, 0xC8, 0x20, 0x44,
    0x99, 0x1D, 0xF7, 0x95, 0x08, 0x46, 0x70, 0x80, 0xF8, 0x0C, 0x10, 0x9A, 0x01, 0x03, 0x0D, 0x62,
    0x48, 0x7A, 0x10, 0x73, 0x40, 0x96, 0x2E, 0x1F, 0xBF, 0xEB, 0xC8, 0xD7, 0x40, 0x6E, 0x93, 0x48,
    0xCD, 0xA2, 0x30, 0xE5, 0x8D, 0x19, 0xAD, 0xCD, 0x4B, 0xC3, 0x9D, 0x23, 0xEB, 0x39, 0x64, 0x96,
    0x95, 0x57, 0x14, 0x6D, 0xDA, 0x45, 0x93, 0x4C, 0xCB, 0x70, 0x56, 0xE1, 0xA5, 0xFC, 0xA1, 0x02,
    0x47, 0xB6, 0x13, 0x19, 0x73, 0xB8, 0x72, 0xD3, 0xF7, 0x4B, 0x18, 0x93, 0xB7, 0xC4, 0x28, 0xF9,
    0xC6, 0x7D, 0xAC, 0xD0, 0x3D, 0x34, 0xA4, 0x4C, 0x99, 0xD7, 0xE5, 0x86, 0xB9, 0x05, 0x43, 0x20,
    0xCD, 0x1F, 0xC8, 0x14, 0x07, 0x10, 0x21, 0xEE, 0x9A, 0xAA, 0xBC, 0x5A, 0x34, 0x82, 0x46, 0xAC,
    0x52, 0xBF, 0x8F, 0x60, 0x2C, 0x83, 0x13, 0xDA, 0xA3, 0x7B, 0xD6, 0xE8, 0x85, 0x70, 0x69, 0xCE,
    0x8D, 0x0B, 0xD6, 0xD2, 0xC2, 0x1C, 0x2A, 0xC5, 0xE2, 0xAA, 0x05, 0x84, 0xCB, 0xCA, 0x8E, 0xB1,
    0xB5, 0xBB, 0xD4, 0x5C, 0x8E, 0xA8, 0xBC, 0x06, 0x48, 0xBE, 0x26, 0x90, 0x78, 0xE3, 0x02, 0x89,
    0xA8, 0x8A, 0xAB, 0x99, 0x10, 0xE7, 0x33, 0x0C, 0x1D, 0xD3, 0x0D, 0x98, 0xEE, 0xC1, 0xF4, 0x78,
    0xC0, 0xF4, 0x31, 0xCE, 0x9B, 0x65, 0xA1, 0x13, 0xA6, 0x5F, 0x81, 0xA6, 0x7B, 0x53, 0x99, 0x0E,
    0x60, 0xBC, 0x8A, 0x6E, 0x04, 0x1E, 0xE8, 0x44, 0xD0, 0x2F, 0x26, 0x73, 0x5C, 0x6F, 0x48, 0x7B,
    0x1D, 0x33, 0xA5, 0x73, 0xB8, 0xBD, 0x23, 0xEB, 0x93, 0x79, 0x0F, 0x3D, 0x4D, 0x3F, 0xE8, 0x31,
    0x8F, 0x1A, 0xF4, 0x48, 0xA6, 0x90, 0xF7, 0xE1, 0x15, 0x0B, 0x0D, 0x4D, 0xB1, 0xA0, 0x47, 0xA7,
    0xB1, 0x3C, 0x73, 0x7D, 0xDE, 0x59, 0xA0, 0x2F, 0x67, 0x1E, 0x1D, 0x17, 0x1A, 0x63, 0xE8, 0xCC,
    0x60, 0xF9, 0xC5, 0x0B, 0x0F, 0xD0, 0xDB, 0x11, 0x63, 0x1A, 0xB7, 0x91, 0x54, 0xF1, 0x46, 0xEE,
    0xED, 0x2D, 0xDB, 0x5E, 0x65, 0x4F, 0x68, 0xBC, 0x4D, 0xA8, 0xFF, 0x86, 0x70, 0x3D, 0xC3, 0xDE,
    0x87, 0xA4, 0xDB, 0x1C, 0x16, 0xCC, 0xA4, 0xB6, 0x88, 0xDA, 0x26, 0x3A, 0x7A, 0xCE, 0xFE, 0xD9,
    0x2E, 0xA3, 0xA4, 0xA2, 0xD3, 0xE5, 0xBA, 0x50, 0x79, 0x26, 0xC2, 0x0A, 0x20, 0x1C, 0xE6, 0xF2,
    0xAE, 0x30, 0x23, 0x7D, 0xC2, 0x62, 0xAD, 0x26, 0xC1, 0x6C, 0xB8, 0x88, 0x3F, 0x04, 0x76, 0x29,
    0x85, 0xCE, 0xAB, 0xE6, 0x13, 0x37, 0xB9, 0x52, 0x80, 0x55, 0x14, 0xA5, 0xF1, 0xC6, 0x18, 0x6E,
    0x3C, 0x25, 0xC1, 0xF9, 0xC0, 0xAD, 0xB9, 0xF3, 0xA8, 0x90, 0x31, 0xB3, 0x9F, 0xF7, 0xF1, 0x94,
    0xF4, 0xBF, 0x48, 0x7B, 0x88, 0x5D, 0x27, 0x15, 0xD2, 0x52, 0x70, 0x24, 0x44, 0x73, 0x72, 0x4D,
    0x6C, 0x50, 0x0A, 0x16, 0xFC, 0x33, 0xF8, 0x51, 0x2D, 0x7D, 0x3C, 0xE3, 0x1C, 0x05, 0xF1, 0xCB,
    0x1E, 0xC2, 0xC9, 0x9F, 0xE1, 0x75, 0x0A, 0xBB, 0x30, 0x1F, 0x0A, 0x59, 0x88, 0x69, 0x37, 0x38,
    0x92, 0x9B, 0x2A, 0x2F, 0xC4, 0x61, 0xA2, 0x6D, 0x27, 0xA0, 0x00, 0x5E, 0x7A, 0xBA, 0xD2, 0x95,
    0x04, 0x46, 0x11, 0x9D, 0x42, 0x75, 0x76, 0xCD, 0x9D, 0x87, 0x47, 0x83, 0x20, 0x1B, 0x78, 0xB1,
    0xDC, 0x37, 0xA1, 0xCD, 0x03, 0xFC, 0x42, 0x78, 0x7F, 0x65, 0x68, 0x20, 0xBE, 0x20, 0x78, 0x83,
    0x5A, 0xA4, 0xD2, 0xEF, 0x04, 0x44, 0x6F, 0xAB, 0xDD, 0x6F, 0x3C, 0x32, 0x47, 0xE0, 0x9D, 0x01,
    0xEF, 0x00, 0x78, 0x27, 0xC5, 0xF3, 0xC5, 0xC1, 0xEB, 0xBC, 0xB8, 0xAC, 0xDB, 0xA7, 0x71, 0x73,
    0x36, 0xBC, 0x57, 0x2E, 0xBD, 0x4F, 0x5A, 0x29, 0x5E, 0x0A, 0xE9, 0xDD, 0xC0, 0x35, 0x3E, 0x06,
    0x2E, 0x4B, 0xB8, 0xEE, 0x3D, 0x19, 0x2E, 0xBD, 0xAE, 0x70, 0x09, 0x95, 0xE7, 0x43, 0x5B, 0x5E,
    0x00, 0xAE, 0x23, 0x3F, 0x8C, 0x2D, 0x38, 0xF7, 0x92, 0x21, 0x06, 0x17, 0x2D, 0xB9, 0x4B, 0xFA,
    0x75, 0x90, 0x77, 0x97, 0x70, 0x89, 0x0F, 0x12, 0x0C, 0x2F, 0x19, 0xBC, 0xE6, 0xDA, 0x3D, 0x8D,
    0x40, 0x4D, 0xEB, 0x08, 0xD4, 0x4C, 0x96, 0x82, 0x9E, 0xCB, 0xA8, 0x5F, 0xCA, 0xCA, 0x75, 0x60,
    0xF9, 0x8E, 0x1A, 0x2D, 0x62, 0x11, 0xC9, 0x22, 0x56, 0x0D, 0x46, 0x1D, 0xA0, 0x0B, 0x15, 0x16,
    0xFC, 0x6C, 0x8A, 0x0B, 0xBF, 0xCE, 0xC2, 0xB5, 0xBE, 0xDB, 0x25, 0xF3, 0x06, 0x47, 0xAC, 0xA0,
    0x2E, 0xB6, 0x0A, 0xBD, 0x25, 0xE8, 0xF0, 0x0D, 0x93, 0x3C, 0xDA, 0x4C, 0xCE, 0xCA, 0x6E, 0x69,
    0x64, 0xCD, 0xB2, 0x60, 0x1E, 0xA5, 0x21, 0xA3, 0x5B, 0xA9, 0xC5, 0x4C, 0xAB, 0x2C, 0x84, 0xA6,
    0xC9, 0xC0, 0xB7, 0x78, 0x0C, 0x98, 0x7B, 0x09, 0xA9, 0x8A, 0xD1, 0x85, 0xA8, 0xB0, 0x10, 0xCB,
    0x4A, 0x8A, 0xAE, 0xD7, 0x4A, 0x85, 0x0D, 0x8C, 0xB5, 0x2B, 0x7C, 0x11, 0xDC, 0x94, 0xDE, 0x17,
    0x67, 0xA9, 0x73, 0xA4, 0xF8, 0xD3, 0xB9, 0x62, 0xF7, 0xDE, 0xA6, 0xB0, 0x3A, 0x71, 0x5C, 0x71,
    0xF4, 0x91, 0x27, 0x16, 0x81, 0xB6, 0xBE, 0xDB, 0x25, 0x7A, 0x5D, 0xC6, 0x1E, 0xC0, 0x46, 0xA7,
    0xD6, 0xD1, 0x5D, 0xF0, 0x22, 0x7A, 0xB6, 0x99, 0x73, 0xDC, 0x00, 0x61, 0xCD, 0x51, 0x2F, 0x0B,
    0x0E, 0x65, 0x76, 0x11, 0x0A, 0x0D, 0xDF, 0x8B, 0xD0, 0x97, 0x19, 0x06, 0xBE, 0xCF, 0x6C, 0xA9,
    0x34, 0xEA, 0xFD, 0x32, 0xB3, 0xDF, 0x16, 0x10, 0x6D, 0x39, 0xA4, 0xD6, 0xFC, 0xF4, 0xDA, 0x76,
    0xC2, 0xC1, 0x17, 0xC5, 0x97, 0xF1, 0x90, 0x83, 0xB0, 0xC2, 0xC5, 0xBF, 0xA8, 0x67, 0xA9, 0x33,
    0x1C, 0x4C, 0x93, 0xD8, 0x1F, 0x37, 0xF8, 0xFD, 0xDD, 0xC4, 0xE6, 0xFF, 0xE1, 0x4F, 0x5B, 0x25,
    0x21, 0xCF, 0xC5, 0x6C, 0x53, 0xA3, 0xD2, 0xD4, 0x57, 0xE7, 0xF9, 0x32, 0x5A, 0x38, 0x98, 0xD8,
    0xC5, 0x64, 0x45, 0x67, 0xAD, 0x7D, 0x50, 0x1D, 0xF7, 0x68, 0x15, 0x59, 0x38, 0xFF, 0x27, 0x82,
    0x80, 0x59, 0xE7, 0x39, 0x63, 0x2C, 0xBB, 0xA5, 0x4E, 0x7C, 0xE2, 0x25, 0x08, 0x72, 0xC6, 0x27,
    0xC4, 0x63, 0x02, 0xFA, 0x28, 0x9F, 0x1F, 0x98, 0xAF, 0x8C, 0xE6, 0xF4, 0x81, 0x3F, 0x64, 0xB6,
    0x4B, 0x6C, 0xE3, 0xCF, 0x97, 0xD9, 0xC3, 0xDE, 0x9C, 0xDE, 0xF7, 0x86, 0xC2, 0xF6, 0x52, 0xF3,
    0xB5, 0x39, 0x5F, 0xF7, 0x33, 0x3A, 0x57, 0x55, 0x39, 0xAB, 0x1A, 0xF9, 0xB9, 0x0C, 0xC4, 0x52,
    0xA8, 0x73, 0x1F, 0x61, 0x42, 0x7E, 0xA6, 0xEF, 0x79, 0x32, 0x46, 0x77, 0x7A, 0xBA, 0x04, 0xEE,
    0xE3, 0x8D, 0xE6, 0x59, 0xF0, 0x34, 0xF7, 0x51, 0xB3, 0x68, 0x28, 0xB1, 0xC7, 0xF1, 0x79, 0xF4,
    0x03, 0xF8, 0x10, 0x62, 0x44, 0x4F, 0xDB, 0xE7, 0xCD, 0x64, 0x2E, 0x57, 0x12, 0x9E, 0xAE, 0xAB,
    0xF2, 0x5A, 0x46, 0xA5, 0xCB, 0x22, 0x42, 0x44, 0x65, 0x78, 0x6A, 0x45, 0xFE, 0x8C, 0x45, 0xE4,
    0xA2, 0x49, 0xD6, 0xAE, 0x8A, 0xAD, 0x39, 0xC6, 0xE9, 0xB4, 0x2D, 0xD4, 0x50, 0xF0, 0xDC, 0x56,
    0x87, 0x2E, 0x7B, 0x6E, 0x76, 0xC1, 0xE0, 0xC0, 0x70, 0xF6, 0x54, 0xCE, 0x5B, 0xC2, 0x6B, 0x6B,
    0xD8, 0x0D, 0x00, 0x30, 0xD0, 0xD7, 0x26, 0x1D, 0xC3, 0xDD, 0x87, 0xCF, 0x4B, 0xF8, 0x9A, 0xE0,
    0x19, 0x03, 0x4E, 0x47, 0x0E, 0xCD, 0x32, 0xFA, 0x62, 0x74, 0x93, 0xAA, 0x0E, 0x5A, 0x14, 0xCA,
    0x55, 0x0C, 0x61, 0x2C, 0x72, 0x59, 0xCF, 0x9D, 0x42, 0x7F, 0xAC, 0x4C, 0xD8, 0xA6, 0x75, 0x5C,
    0x6E, 0x4D, 0xB8, 0x18, 0x31, 0x55, 0x4C, 0xEE, 0x6A, 0x3C, 0xBF, 0xD6, 0x79, 0x9A, 0x2F, 0x1C,
    0x3C, 0xE9, 0x53, 0x08, 0x13, 0x43, 0x04, 0xB3, 0x3A, 0x51, 0xA7, 0xCF, 0x93, 0xD9, 0x1B, 0xFE,
    0x7D, 0x14, 0x21, 0x2E, 0xCC, 0x6D, 0x13, 0x95, 0x07, 0x1A, 0xB1, 0xBA, 0xC4, 0x3E, 0xC0, 0xFE,
    0x63, 0x1C, 0xB7, 0xA4, 0xFB, 0x9A, 0x9D, 0x70, 0x62, 0xC4, 0x94, 0x51, 0xA1, 0x72, 0xDD, 0xB3,
    0x8C, 0xE3, 0xD2, 0xBE, 0xF3, 0x29, 0xA6, 0x51, 0x4B, 0xEB, 0x0F, 0x7B, 0x80, 0xE6, 0x01, 0x70,
    0x95, 0xCB, 0x42, 0x63, 0x62, 0x5C, 0xF0, 0x77, 0x3B, 0x39, 0xFF, 0x5A, 0xE8, 0x07, 0x16, 0x4F,
    0x62, 0x39, 0x84, 0xB7, 0x4B, 0xC1, 0x53, 0xB3, 0x27, 0xE3, 0xCC, 0x4C, 0x34, 0xBE, 0x2B, 0xAB,
    0x01, 0x82, 0xC7, 0xBD, 0xBC, 0xE4, 0x39, 0x95, 0x61, 0x8F, 0x19, 0x8F, 0x01, 0xA5, 0x2D, 0xEC,
    0x9D, 0x2D, 0xB8, 0x04, 0x0D, 0xC4, 0x38, 0x59, 0xD6, 0x55, 0xA5, 0xF1, 0x13, 0x8C, 0x92, 0xC0,
    0x8E, 0x1B, 0x0A, 0xB1, 0x16, 0x5A, 0xF0, 0xEE, 0xC8, 0xBB, 0xE4, 0x25, 0xE6, 0x6A, 0x9C, 0x92,
    0x16, 0xBC, 0x62, 0xC9, 0xDD, 0x9F, 0xC9, 0x5D, 0x68, 0xB5, 0x1E, 0xE2, 0xA0, 0xB1, 0xF0, 0xAA,
    0xE3, 0xEA, 0x3A, 0xA9, 0x59, 0x85, 0xD9, 0xEE, 0xD9, 0xF2, 0x18, 0x17, 0xA9, 0x1A, 0xBF, 0xF9,
    0xD6, 0xF8, 0xA5, 0xC5, 0x6B, 0x18, 0xC0, 0x66, 0xAF, 0x94, 0xC6, 0xEC, 0x5B, 0xE8, 0x70, 0x36,
    0xC3, 0xF1, 0xBE, 0x41, 0x90, 0x02, 0x46, 0x06, 0x02, 0xFB, 0x31, 0xFB, 0x1F, 0xCF, 0xDA, 0x37,
    0x18, 0x5E, 0x3E, 0x65, 0xCC, 0x50, 0x7A, 0xCA, 0x82, 0x7D, 0x4B, 0xD9, 0x37, 0x0C, 0xBA, 0xF9,
    0xB0, 0x74, 0xE1, 0x14, 0x6E, 0x83, 0x62, 0x5B, 0x53, 0x6D, 0xF2, 0xAF, 0xEC, 0xC7, 0x6C, 0x1D,
    0x81, 0xDD, 0x78, 0x76, 0xC0, 0xE4, 0xBC, 0xE4, 0x9F, 0x40, 0xDE, 0x02, 0xF9, 0xFA, 0xD1, 0x10,
    0xD5, 0xB5, 0x9F, 0x23, 0xEA, 0x2F, 0xD3, 0x57, 0x2C, 0xF2, 0x59, 0xA3, 0x54, 0xDB, 0xA5, 0x21,
    0x78, 0xAA, 0xCF, 0x9E, 0x12, 0x7E, 0xE1, 0x2C, 0x1D, 0x38, 0x04, 0x40, 0x1A, 0x2F, 0x7B, 0xDB,
    0x40, 0x5C, 0x7B, 0xA9, 0x5C, 0x6E, 0xF7, 0xAE, 0x26, 0x4C, 0x9D, 0x80, 0xA9, 0x12, 0x71, 0x09,
    0xC6, 0x7D, 0x40, 0x10, 0x0C, 0xC2, 0x7D, 0x00, 0x9F, 0x29, 0xC4, 0x34, 0x8F, 0xCA, 0xA7, 0x63,
    0xFC, 0x95, 0x3D, 0xC6, 0x8F, 0x71, 0x2F, 0x8D, 0x8D, 0x68, 0x30, 0xB6, 0xA1, 0xB4, 0x17, 0xC9,
    0xBA, 0x1B, 0xE7, 0x81, 0xD5, 0xF7, 0x9F, 0xF6, 0x8B, 0x26, 0x62, 0x6C, 0xAD, 0x70, 0xC6, 0x8C,
    0x17, 0x91, 0x53, 0x74, 0x62, 0x7F, 0x61, 0xE1, 0xB5, 0x27, 0xB0, 0xF5, 0xDE, 0x01, 0x5B, 0xAA,
    0x72, 0xE2, 0x73, 0x77, 0x1B, 0x4B, 0x24, 0x9A, 0x5B, 0xBE, 0x5C, 0x32, 0x9F, 0x9D, 0x2D, 0x1F,
    0x2E, 0xC2, 0x1D, 0x10, 0x4E, 0x7E, 0xEA, 0x84, 0xDC, 0xB9, 0x19, 0x05, 0xC8, 0x7F, 0x83, 0x7C,
    0x6B, 0x79, 0xE3, 0xC9, 0x6C, 0x9D, 0x29, 0x83, 0x6F, 0x06, 0xF0, 0x68, 0x1E, 0xAA, 0x02, 0x17,
    0x3F, 0xF0, 0xD7, 0x67, 0xCA, 0xE0, 0xAB, 0xEA, 0x2F, 0x6B, 0xC8, 0xD2, 0x14, 0xEA, 0x46, 0xAA,
    0x7E, 0xF7, 0xD5, 0xD7, 0xF0, 0x0F, 0xF5, 0xA4, 0x32, 0x5D, 0xEB, 0x7E, 0x5F, 0x8D, 0x6C, 0x86,
    0x08, 0xCE, 0xA3, 0x5A, 0x90, 0x76, 0xD4, 0x62, 0x66, 0xF1, 0x99, 0xCD, 0x51, 0x7C, 0x62, 0x6B,
    0x1A, 0x98, 0xB6, 0x65, 0x51, 0xF4, 0x2C, 0xD2, 0x91, 0x45, 0x6C, 0x59, 0x04, 0xF6, 0x7D, 0x14,
    0x9E, 0xFD, 0x23, 0x2B, 0xAA, 0x3E, 0x65, 0x91, 0x7D, 0xC1, 0x22, 0xD6, 0xDA, 0xA3, 0xA5, 0x11,
    0x16, 0x50, 0x9D, 0xD2, 0x32, 0x6C, 0x20, 0xF4, 0x25, 0xD5, 0x42, 0xA3, 0x18, 0x2E, 0x3B, 0x2A,
    0xDF, 0xA4, 0xEE, 0x24, 0xED, 0x56, 0xB3, 0x6F, 0x7F, 0x8A, 0x19, 0x4E, 0x70, 0x41, 0x27, 0x38,
    0x7A, 0x2E, 0x4E, 0xB0, 0x4C, 0xAB, 0x46, 0xE9, 0x3F, 0x02, 0x6C, 0x47, 0x57, 0x76, 0x15, 0x04,
    0x67, 0x88, 0xB9, 0x50, 0x83, 0x2E, 0xEE, 0x26, 0x7E, 0xD1, 0x20, 0x1E, 0xEB, 0x60, 0xB6, 0x8A,
    0x58, 0xE9, 0x86, 0xD5, 0x29, 0x29, 0x85, 0xDA, 0x3B, 0xD1, 0x78, 0xCF, 0xA8, 0xE9, 0x19, 0x85,
    0xC6, 0x31, 0x53, 0x97, 0xEA, 0xA5, 0xAA, 0xDF, 0xFF, 0xD9, 0x3F, 0xA0, 0x8C, 0x67, 0x1C, 0x83,
    0xB8, 0x01, 0xC7, 0xC1, 0xE7, 0x13, 0xCD, 0x7F, 0x72, 0x5C, 0xB5, 0x57, 0x27, 0xE3, 0x89, 0x6A,
    0x8B, 0xAC, 0x5D, 0xBB, 0x2A, 0xA9, 0x93, 0x1C, 0x2D, 0xFC, 0x4F, 0xED, 0x80, 0x08, 0xE5, 0x1F,
    0xED, 0x20, 0x20, 0x27, 0x25, 0x53, 0xBB, 0xEE, 0x8B, 0xB6, 0x92, 0xFE, 0x7C, 0x17, 0xBB, 0x29,
    0x98, 0xBA, 0xBA, 0xB3, 0xFE, 0xD4, 0x05, 0xB6, 0xE4, 0x1B, 0x6E, 0xFC, 0x58, 0xC4, 0x45, 0x65,
    0x1C, 0x67, 0x57, 0xEC, 0x8F, 0x6B, 0x8B, 0x0D, 0xD6, 0xF3, 0x8D, 0x6B, 0xC7, 0x22, 0x1B, 0x58,
    0x24, 0x13, 0x8B, 0x68, 0x67, 0x5C, 0x8D, 0x1B, 0xD7, 0x42, 0xC7, 0x35, 0xB5, 0xEB, 0x71, 0x75,
    0x8D, 0x78, 0x6E, 0x5C, 0x2B, 0x1D, 0xD7, 0x6C, 0x33, 0xA0, 0x28, 0xDC, 0x1C, 0x0B, 0x76, 0x0B,
    0x05, 0x53, 0x53, 0x15, 0x97, 0x38, 0x7C, 0x51, 0x9B, 0x8D, 0x82, 0xE3, 0x0C, 0xB5, 0x73, 0x24,
    0x26, 0xE4, 0x9C, 0xC9, 0x90, 0x20, 0x03, 0x24, 0x44, 0x38, 0x8A, 0xD1, 0xA8, 0x60, 0x77, 0xFB,
    0xE0, 0x6C, 0xC2, 0xBD, 0x06, 0x98, 0xCA, 0x88, 0xA2, 0x38, 0x72, 0x98, 0x81, 0x44, 0xA7, 0xB3,
    0x6A, 0x5C, 0xF2, 0x42, 0x42, 0x03, 0xF5, 0x21, 0x1D, 0x34, 0xB3, 0xD0, 0xC3, 0x9F, 0x6B, 0x9A,
    0x33, 0xA6, 0x19, 0x34, 0x27, 0xE9, 0x60, 0xA4, 0xBF, 0xC1, 0x8C, 0x34, 0x2A, 0x8F, 0x71, 0x7E,
    0x83, 0x74, 0x05, 0x54, 0x0B, 0xF9, 0x2D, 0x5A, 0x54, 0x2F, 0x1D, 0xA8, 0x1F, 0x43, 0x79, 0x57,
    0x9F, 0xD1, 0xE7, 0xF5, 0x5D, 0xAD, 0x27, 0x66, 0x9D, 0x5A, 0xBF, 0xB6, 0xA5, 0xED, 0xBA, 0x3E,
    0x9C, 0x91, 0x74, 0x90, 0x6B, 0x4C, 0x3A, 0x9E, 0xE2, 0xD1, 0x41, 0xD2, 0xFA, 0x36, 0x47, 0x42,
    0x45, 0x29, 0xEF, 0x1F, 0xA6, 0x5B, 0x68, 0xCE, 0x85, 0xD1, 0x9C, 0x8B, 0x92, 0x0F, 0xA7, 0xB4,
    0x5F, 0x26, 0x4D, 0x0B, 0xEC, 0xDC, 0xA6, 0x60, 0x9C, 0x73, 0xD7, 0xAA, 0x39, 0xEF, 0xAE, 0xD5,
    0x4B, 0x03, 0x56, 0xD0, 0x22, 0x27, 0x61, 0xD0, 0x9C, 0x84, 0xFA, 0x71, 0x39, 0x09, 0xCF, 0x0B,
    0x36, 0x63, 0x3F, 0x18, 0x01, 0x15, 0x5D, 0xD8, 0x31, 0x41, 0xA6, 0x69, 0x8B, 0x25, 0x3C, 0x29,
    0xC7, 0x97, 0x5C, 0xC6, 0xE2, 0x4E, 0x80, 0xCA, 0xFE, 0x20, 0x53, 0xA3, 0xF8, 0x96, 0xDC, 0x9A,
    0xE2, 0xD6, 0xF8, 0x5D, 0x92, 0xBF, 0x18, 0xD8, 0xBC, 0x4A, 0x83, 0xE8, 0x99, 0x06, 0xD3, 0x3D,
    0x7B, 0x12, 0xC1, 0x86, 0x0E, 0x35, 0xE2, 0xD6, 0xC5, 0xF4, 0xF2, 0xFD, 0x4E, 0x83, 0x4D, 0xDE,
    0x77, 0x5D, 0xD0, 0xC9, 0x70, 0xCB, 0x4D, 0x67, 0x36, 0x4B, 0x46, 0x06, 0x44, 0x19, 0x6A, 0x8C,
    0xDB, 0x95, 0x4B, 0xB2, 0xD2, 0x72, 0x7F, 0xF5, 0xFC, 0xF2, 0xBE, 0xAB, 0xEF, 0xCB, 0xA9, 0x96,
    0x77, 0xB5, 0x3D, 0x73, 0xAA, 0xED, 0x9B, 0x51, 0xFB, 0xE3, 0x33, 0x65, 0x96, 0xA1, 0x7C, 0xED,
    0xEF, 0x88, 0x4D, 0xF9, 0x54, 0xF7, 0xE5, 0xFF, 0x97, 0x5B, 0xF3, 0x53, 0x6C, 0xB1, 0x3B, 0x0F,
    0x68, 0xB0, 0x41, 0x8F, 0x94, 0xA6, 0x36, 0x98, 0x99, 0xEC, 0xD5, 0xA8, 0x6F, 0xEF, 0x32, 0x1D,
    0x36, 0x29, 0x0E, 0x9B, 0xD2, 0xE5, 0x79, 0x2C, 0xBB, 0xF6, 0x2E, 0xF1, 0xC1, 0xB3, 0x9A, 0xDF,
    0x87, 0x60, 0xF7, 0x6B, 0x06, 0xD8, 0x71, 0x07, 0x5F, 0xDA, 0x71, 0x9B, 0xF8, 0x9F, 0xD0, 0x5B,
    0x97, 0x91, 0x51, 0x03, 0xC1, 0xFB, 0x10, 0x34, 0xD4, 0xC0, 0x85, 0x26, 0xB6, 0x51, 0xFD, 0x3E,
    0xE0, 0x00, 0xDE, 0x33, 0xC7, 0x12, 0xF0, 0x2C, 0xB7, 0x03, 0xA2, 0x25, 0x01, 0x2F, 0x9E, 0xB6,
    0x69, 0x78, 0x7B, 0x86, 0xF8, 0x66, 0x7B, 0x4E, 0x17, 0xD4, 0xA2, 0x67, 0x68, 0xA6, 0xDC, 0x04,
    0x68, 0x42, 0x17, 0xA0, 0xA9, 0x57, 0x01, 0x1A, 0x6E, 0xED, 0x65, 0x7C, 0x3E, 0xD5, 0x77, 0x11,
    0x12, 0x2E, 0x43, 0x98, 0x97, 0xA3, 0x8F, 0x25, 0x75, 0x64, 0xDE, 0x30, 0x8D, 0x00, 0xFA, 0x24,
    0xD0, 0xCE, 0x58, 0x69, 0x4C, 0xB2, 0x63, 0xC9, 0xDB, 0x11, 0xEB, 0xC5, 0x94, 0x49, 0x0D, 0xE2,
    0x5D, 0xE4, 0xA1, 0xFD, 0xAB, 0x2C, 0x77, 0xC8, 0xDA, 0x93, 0x35, 0x65, 0x38, 0xB7, 0x8F, 0x19,
    0xAA, 0xC6, 0x2F, 0xB9, 0x87, 0xB6, 0x21, 0xBB, 0x30, 0x0C, 0x5B, 0x18, 0xA2, 0xF9, 0x2C, 0x30,
    0xA2, 0x69, 0x05, 0x46, 0x77, 0x14, 0x0C, 0x7F, 0x1D, 0xAD, 0x2A, 0x56, 0xD1, 0xAA, 0x18, 0xC1,
    0xDF, 0x32, 0x5A, 0xC3, 0x70, 0x67, 0x78, 0xBC, 0xB1, 0x58, 0x10, 0x8B, 0x6A, 0x95, 0xFD, 0xDD,
    0x3F, 0x57, 0x4C, 0xF6, 0x7F, 0xE6, 0x25, 0xB6, 0x10, 0x2C, 0xB1, 0x05, 0x13, 0xD6, 0x2A, 0x53,
    0x6F, 0x50, 0xBE, 0x20, 0x61, 0xE9, 0xFB, 0x03, 0x6B, 0xE2, 0xA1, 0x0C, 0x4A, 0xF2, 0x6E, 0x6A,
    0xCD, 0x4B, 0x25, 0x72, 0x21, 0xCC, 0x5E, 0x7F, 0x80, 0x79, 0x52, 0x6D, 0x92, 0x6E, 0xE2, 0xF1,
    0xC5, 0x88, 0x9C, 0xB3, 0xE4, 0x35, 0x81, 0xA5, 0x5B, 0xCC, 0x23, 0xBB, 0xF5, 0x62, 0x97, 0x9F,
    0x1B, 0xF6, 0x04, 0x5B, 0xCA, 0x93, 0x2C, 0x61, 0x52, 0x8F, 0x2C, 0x28, 0x16, 0x02, 0x71, 0x5F,
    0xA5, 0x82, 0x73, 0x1B, 0x01, 0x68, 0x75, 0x0F, 0x62, 0x0D, 0xDC, 0xA1, 0x25, 0x18, 0xCD, 0x82,
    0xEF, 0xBC, 0x1C, 0x12, 0x11, 0x98, 0x5E, 0xE5, 0x62, 0x02, 0x79, 0x2A, 0x48, 0x4A, 0x71, 0x40,
    0xC4, 0x7F, 0xAE, 0x4C, 0x86, 0xFC, 0xEB, 0x08, 0xEA, 0xD7, 0xAB, 0x74, 0x0D, 0x6B, 0x79, 0x6A,
    0x21, 0x98, 0x74, 0x87, 0x7D, 0xE5, 0x82, 0x7A, 0xD5, 0x80, 0xE3, 0x16, 0x79, 0x51, 0x17, 0x82,
    0x42, 0x22, 0xDF, 0x38, 0x27, 0x63, 0x5C, 0x4C, 0x5A, 0xE9, 0x86, 0x9A, 0xAD, 0x06, 0xA6, 0xBB,
    0x57, 0x75, 0x77, 0x4D, 0xD2, 0xE1, 0xD0, 0xC6, 0x6C, 0xE2, 0xB6, 0x2A, 0x0B, 0xEC, 0xD5, 0xC9,
    0x72, 0xF3, 0x70, 0xE1, 0x1E, 0x3D, 0xCB, 0x3E, 0x16, 0x4E, 0x1E, 0x88, 0xA9, 0xED, 0x0D, 0xDE,
    0x00, 0xE7, 0xE7, 0xED, 0x23, 0xEC, 0xCB, 0xBA, 0x38, 0xC8, 0x2B, 0x89, 0xE8, 0x43, 0x70, 0xBE,
    0x60, 0x70, 0x11, 0xF6, 0x3D, 0xB0, 0x9F, 0x6E, 0xD9, 0xCF, 0xC1, 0x7E, 0xBD, 0xB0, 0x1F, 0x6F,
    0xD9, 0x77, 0x81, 0xF3, 0xE0, 0xF3, 0x91, 0xBE, 0x4A, 0x9A, 0xC7, 0xE5, 0xD9, 0xEC, 0xBF, 0xF2,
    0x58, 0xF6, 0x6F, 0x3E, 0x8E, 0xFD, 0x15, 0x5B, 0xE1, 0xBC, 0x19, 0xD5, 0x0A, 0xE4, 0x5D, 0xB0,
    0x75, 0xFD, 0xF2, 0xD9, 0xF2, 0x35, 0x25, 0x8F, 0xC9, 0xE7, 0xE5, 0x3A, 0x4D, 0xEE, 0x3A, 0x76,
    0xE4, 0x19, 0xD6, 0x11, 0x17, 0xEB, 0xF2, 0x58, 0x4C, 0x9D, 0x57, 0xF5, 0xAF, 0x83, 0xD3, 0x58,
    0xB2, 0x6A, 0xFA, 0xEA, 0xB9, 0x50, 0xB8, 0x3A, 0xF8, 0xBC, 0x23, 0x22, 0x95, 0x45, 0xDC, 0xBA,
    0xD4, 0xE2, 0x78, 0x13, 0x66, 0xBA, 0xCA, 0x09, 0x90, 0xE1, 0x44, 0x8F, 0x8C, 0x3C, 0x24, 0x80,
    0x1E, 0xEA, 0xCA, 0x3F, 0xBD, 0xAC, 0x09, 0x40, 0xFB, 0xA1, 0x55, 0xFA, 0x00, 0xC6, 0x59, 0x7B,
    0x0A, 0xD3, 0x60, 0x45, 0xFD, 0xF6, 0x3A, 0x8C, 0x81, 0xFC, 0x68, 0x1E, 0xCD, 0xD3, 0x53, 0x35,
    0x28, 0xA4, 0x9B, 0xA5, 0xEE, 0xC8, 0xF3, 0x58, 0x17, 0x7D, 0xDE, 0x66, 0x1B, 0x57, 0x73, 0x1B,
    0xA8, 0xA0, 0x9E, 0xE6, 0xCD, 0xD0, 0xED, 0xE0, 0x51, 0x26, 0xA8, 0xFB, 0x02, 0xAA, 0x2A, 0xB4,
    0x6E, 0xE7, 0xF3, 0x7C, 0xC1, 0xE4, 0xDC, 0xB7, 0x5F, 0x20, 0x48, 0x91, 0x3E, 0x42, 0x0C, 0x26,
    0xA6, 0x1B, 0x8B, 0x16, 0x46, 0xF3, 0xCD, 0x01, 0x8A, 0x5B, 0xEA, 0x7E, 0x9D, 0x47, 0x64, 0x92,
    0x1C, 0x0A, 0x27, 0xC2, 0xF9, 0x09, 0x79, 0xAD, 0xDF, 0xE6, 0x13, 0xFD, 0x70, 0x2F, 0x14, 0x76,
    0x25, 0x18, 0x36, 0x66, 0x39, 0xD1, 0xA1, 0xE8, 0x39, 0x0C, 0xB1, 0x2A, 0xC2, 0x17, 0x8E, 0x1A,
    0x93, 0x89, 0xBE, 0x28, 0x62, 0x2A, 0xF3, 0xC8, 0x05, 0x5B, 0x97, 0xD4, 0xD0, 0x8B, 0x7E, 0x7D,
    0xFB, 0x23, 0x0D, 0xEC, 0x08, 0x68, 0x84, 0x5A, 0x37, 0x8B, 0xEB, 0x09, 0x47, 0xDB, 0x6A, 0xE4,
    0xEF, 0x47, 0x35, 0x72, 0xFF, 0xC3, 0x1A, 0xF9, 0x27, 0x41, 0xFD, 0xB8, 0x7E, 0x07, 0x9B, 0x3C,
    0x9F, 0xEE, 0xE2, 0x3C, 0xFB, 0x94, 0x98, 0x25, 0x59, 0xC1, 0x1A, 0x37, 0x6A, 0xC1, 0xC8, 0xA0,
    0x05, 0x7F, 0x70, 0x30, 0x6F, 0xF5, 0x91, 0xD9, 0xFA, 0x9F, 0xF6, 0xE7, 0x7B, 0x17, 0x63, 0x4C,
    0xB1, 0x6F, 0xE0, 0xB0, 0x5F, 0x81, 0x43, 0x1F, 0xF9, 0xDB, 0x94, 0xAA, 0x53, 0x7A, 0x97, 0x38,
    0x91, 0xF3, 0x63, 0xF4, 0xED, 0x55, 0xB7, 0x9F, 0x75, 0x68, 0x34, 0x04, 0x4E, 0xD4, 0x2C, 0x22,
    0x5B, 0x69, 0x83, 0x38, 0x42, 0xCC, 0xC3, 0x21, 0x97, 0x49, 0xA5, 0xCE, 0x12, 0x42, 0x2E, 0x6E,
    0x0F, 0x36, 0xB3, 0x45, 0xD0, 0x07, 0x24, 0x92, 0x24, 0xB4, 0xB1, 0x55, 0x8D, 0x86, 0x83, 0xDF,
    0x62, 0xFE, 0x7C, 0x9B, 0x09, 0x91, 0x00, 0xE8, 0x34, 0x81, 0x7E, 0xB9, 0xB7, 0xCA, 0x38, 0x71,
    0xD2, 0x89, 0xD4, 0x67, 0xA5, 0x11, 0x36, 0xA8, 0x2F, 0x1C, 0xAC, 0x5A, 0xA8, 0x86, 0xBB, 0xCA,
    0x14, 0xF6, 0x7E, 0x5D, 0xD0, 0x82, 0xF8, 0x78, 0x46, 0x03, 0xBF, 0x97, 0x91, 0xB9, 0x31, 0x85,
    0xB6, 0x5D, 0xE2, 0x02, 0x7B, 0xD1, 0x81, 0x97, 0x0F, 0xBD, 0x25, 0x13, 0x68, 0x34, 0x47, 0x0E,
    0x74, 0x3C, 0x3F, 0xC4, 0xBC, 0x05, 0xB1, 0x8F, 0x88, 0x18, 0x82, 0x68, 0x0C, 0x13, 0x18, 0xBF,
    0x47, 0x90, 0x4A, 0xD3, 0x5B, 0xDD, 0x69, 0xDA, 0x75, 0x82, 0xEB, 0x4B, 0x89, 0x61, 0xC6, 0x18,
    0x76, 0x5A, 0xBE, 0x67, 0xDC, 0x59, 0x10, 0x77, 0x18, 0x64, 0xF7, 0x34, 0xC8, 0x0B, 0x97, 0x40,
    0xFD, 0x49, 0x34, 0x95, 0x9C, 0x73, 0x61, 0x80, 0x09, 0x60, 0xBA, 0x78, 0x4B, 0xF5, 0x8A, 0xDE,
    0x8D, 0xBA, 0x97, 0x5C, 0x4A, 0x3D, 0xAB, 0xAE, 0x34, 0xD3, 0x3B, 0x7F, 0xC4, 0x5C, 0x5D, 0xD3,
    0x6D, 0x7E, 0xD7, 0xEB, 0xFA, 0xCC, 0x0E, 0xE6, 0x01, 0x31, 0x0F, 0x14, 0xF3, 0xEC, 0x39, 0xC8,
    0xF0, 0x4F, 0x88, 0x39, 0x9D, 0xAC, 0xA8, 0xAF, 0x10, 0xCE, 0x6C, 0x69, 0xBC, 0xBD, 0x0F, 0x51,
    0x98, 0xB1, 0x08, 0x89, 0x53, 0x53, 0xBE, 0xE4, 0x7A, 0xC0, 0xFE, 0x9B, 0xF4, 0xD6, 0x9F, 0x19,
    0x26, 0x1B, 0xA0, 0xF3, 0xE3, 0xB6, 0x60, 0xEE, 0xC5, 0x78, 0x75, 0x32, 0x7C, 0x80, 0x4F, 0x7B,
    0x75, 0xF8, 0x04, 0xAB, 0x84, 0x94, 0x74, 0x75, 0x0E, 0xDC, 0xD1, 0x52, 0x4F, 0xAD, 0x33, 0x81,
    0xD8, 0xBE, 0x10, 0xCD, 0xF9, 0x93, 0x8D, 0xE6, 0x74, 0x07, 0x7E, 0x34, 0x0A, 0xA1, 0xC9, 0x14,
    0x1A, 0xF7, 0x77, 0x74, 0xFA, 0x1E, 0x27, 0x06, 0xDD, 0xD8, 0x3B, 0xBA, 0x4D, 0xFB, 0xC3, 0x45,
    0x1C, 0x17, 0x45, 0x11, 0x58, 0xE7, 0xE5, 0xAA, 0x99, 0xC7, 0x3A, 0x9D, 0x9B, 0xF9, 0xF6, 0xEE,
    0x39, 0xE9, 0x75, 0xCA, 0xB3, 0x20, 0x16, 0x68, 0xDC, 0x2D, 0x2B, 0x03, 0x64, 0x15, 0x95, 0xF0,
    0x02, 0xD2, 0x16, 0x79, 0x4F, 0x45, 0xE3, 0xB0, 0x45, 0x78, 0x92, 0xF0, 0xCA, 0x2F, 0x49, 0xEE,
    0xD9, 0x1A, 0x5D, 0x49, 0x61, 0xB9, 0xE1, 0x2C, 0x6A, 0xA6, 0xE7, 0x42, 0x27, 0x73, 0x1B, 0x9B,
    0x02, 0xE1, 0x9F, 0x66, 0xA4, 0xCB, 0x64, 0x5D, 0xF4, 0x3B, 0x0B, 0x77, 0x24, 0xEB, 0xE3, 0xF7,
    0xE1, 0xD9, 0xE3, 0x2C, 0xE6, 0x37, 0x6D, 0x8D, 0x43, 0x42, 0x63, 0x6A, 0xEC, 0xFF, 0xE0, 0xE4,
    0xF0, 0x74, 0xDB, 0xD8, 0xBF, 0xC2, 0xC2, 0x9B, 0x6F, 0x99, 0xE2, 0x53, 0xEE, 0x89, 0x9F, 0x9A,
    0xEC, 0xB3, 0x46, 0x99, 0x49, 0xF5, 0x64, 0x64, 0xAF, 0x7E, 0xBE, 0xC7, 0x14, 0x99, 0x5C, 0x0F,
    0xBE, 0x6A, 0x30, 0x6E, 0x09, 0x39, 0xC2, 0xD1, 0x77, 0x19, 0x9A, 0xA9, 0xC3, 0xA0, 0x70, 0x10,
    0xCC, 0x1A, 0xDD, 0x09, 0x7A, 0x4D, 0x68, 0x8F, 0x4A, 0xBF, 0x3D, 0x84, 0xA1, 0xB0, 0x43, 0xD0,
    0x24, 0xB6, 0x95, 0x32, 0x6A, 0xA5, 0x8C, 0x6C, 0x1E, 0x77, 0xBE, 0x46, 0x39, 0x7A, 0x64, 0x46,
    0x5A, 0xD4, 0xAB, 0xE1, 0xE3, 0x91, 0xFF, 0x8E, 0xA1, 0xCC, 0x46, 0x9F, 0x01, 0xE0, 0x5F, 0xCF,
    0x01, 0x0F, 0xEF, 0xFE, 0xDD, 0x22, 0x72, 0x93, 0xFD, 0xE5, 0x6F, 0x16, 0xF9, 0xEB, 0xD9, 0x27,
    0xAD, 0xFD, 0x8E, 0x74, 0x35, 0xFD, 0xB4, 0xA9, 0x3E, 0x82, 0x54, 0x7D, 0x56, 0x17, 0x7F, 0xD6,
    0x80, 0x05, 0x0E, 0x8B, 0x3B, 0x79, 0x62, 0x14, 0x83, 0x59, 0x70, 0xE2, 0x42, 0xC6, 0xBD, 0xA6,
    0x4F, 0xA9, 0x0A, 0xD7, 0x4C, 0xEF, 0x4C, 0x8F, 0xFE, 0x4F, 0x8C, 0x60, 0x20, 0x9C, 0x12, 0x36,
    0x88, 0xAC, 0x5C, 0xCB, 0xBD, 0x93, 0xC3, 0xCC, 0xF5, 0x51, 0x69, 0x22, 0x93, 0xAC, 0x68, 0x10,
    0xC1, 0x49, 0x71, 0xE6, 0x54, 0x47, 0xC9, 0xDC, 0xE2, 0x56, 0xD3, 0x2F, 0x31, 0x1A, 0xE8, 0x7F,
    0x32, 0x62, 0x2E, 0xC4, 0x13, 0xFA, 0x1C, 0xDA, 0x18, 0x9E, 0xAC, 0xBD, 0xB3, 0x69, 0x8B, 0xA9,
    0x75, 0xCE, 0x05, 0x3C, 0x72, 0x06, 0xC4, 0xD1, 0x7E, 0xF3, 0x24, 0x1D, 0x62, 0x47, 0xE9, 0xCE,
    0x50, 0x8F, 0x27, 0x7F, 0x42, 0x98, 0x03, 0x5E, 0xCF, 0xE0, 0x66, 0xDB, 0xD2, 0xD9, 0x16, 0x1B,
    0x70, 0x42, 0x12, 0x81, 0xB7, 0x8B, 0x66, 0xB1, 0xEF, 0xC5, 0x5F, 0x47, 0xC6, 0x89, 0xF8, 0x7D,
    0xBE, 0xCC, 0x16, 0xE0, 0x2A, 0xA2, 0x54, 0xD5, 0xB7, 0x10, 0x4D, 0xBE, 0x8B, 0x16, 0x07, 0x78,
    0x51, 0x68, 0xE4, 0x73, 0x48, 0x0B, 0x24, 0x3E, 0x54, 0x1B, 0xBC, 0x76, 0xFF, 0x16, 0x41, 0xD3,
    0x15, 0x28, 0x03, 0xD3, 0x72, 0x30, 0x81, 0x69, 0x68, 0xF8, 0x47, 0x19, 0x5E, 0x55, 0xBB, 0x63,
    0x00, 0x19, 0x37, 0x5A, 0xBC, 0x1E, 0x31, 0xF8, 0x60, 0x84, 0xBB, 0xAB, 0x54, 0xAF, 0x98, 0xA3,
    0x47, 0x02, 0x56, 0xC0, 0x56, 0xD8, 0x51, 0x33, 0x19, 0x81, 0x2D, 0x08, 0xEC, 0x7D, 0x02, 0x8B,
    0x7F, 0x02, 0xD0, 0xFB, 0x2B, 0x60, 0xA3, 0x4B, 0x07, 0xD6, 0xF8, 0x1F, 0x9A, 0x9D, 0x34, 0xB0,
    0x7A, 0xE1, 0xF7, 0xA7, 0x3B, 0x81, 0x4D, 0x4C, 0x65, 0x25, 0xE2, 0x31, 0xF5, 0x19, 0x66, 0xCB,
    0x6D, 0xE0, 0x74, 0x0B, 0xDE, 0xFA, 0x57, 0x35, 0xF1, 0x2E, 0x43, 0xE5, 0xC5, 0xE0, 0xCE, 0x90,
    0xF3, 0x7F, 0x77, 0x30, 0xDB, 0x4C, 0x6F, 0x4E, 0xFB, 0x37, 0x5F, 0xC7, 0xCD, 0x9B, 0xB8, 0x79,
    0x13, 0x37, 0xEF, 0xCA, 0x4D, 0x8F, 0x89, 0xC7, 0xA3, 0xCB, 0xC1, 0x47, 0x97, 0x91, 0x35, 0x82,
    0x84, 0xB6, 0x61, 0x93, 0x1C, 0xE0, 0xBA, 0x33, 0xF3, 0x2B, 0x3A, 0xF0, 0x96, 0x30, 0x78, 0x53,
    0xB4, 0xD5, 0x97, 0x3D, 0xB7, 0x75, 0x80, 0xFF, 0x7F, 0x92, 0xB8, 0x2C, 0x4E, 0xEE, 0xD5, 0x30,
    0x57, 0x2F, 0x96, 0xCB, 0xB1, 0x4C, 0xB7, 0x54, 0x44, 0xB5, 0xD8, 0xE4, 0xF1, 0x3E, 0xF9, 0x5C,
    0xEA, 0x21, 0xFB, 0x56, 0xD8, 0xF7, 0x37, 0xEC, 0xC7, 0x60, 0x3F, 0xD9, 0xB0, 0x5F, 0x0D, 0xAA,
    0x52, 0x94, 0x7D, 0x26, 0xEE, 0x24, 0x1B, 0xF6, 0xAB, 0x35, 0xFB, 0x6F, 0x47, 0x7B, 0xEC, 0x8F,
    0xBB, 0xEC, 0x07, 0xFD, 0xEE, 0xFF, 0x40, 0x58, 0xE5, 0xD3, 0x6E, 0xD8, 0x97, 0x36, 0x45, 0xC3,
    0x81, 0xFD, 0xE6, 0x7A, 0xA0, 0x19, 0x7F, 0x64, 0x9F, 0x1B, 0x46, 0x5B, 0xF6, 0xA1, 0x0F, 0xE4,
    0x72, 0x22, 0x97, 0xB3, 0xA2, 0xD7, 0x0D, 0x11, 0xB2, 0xFF, 0x8E, 0x78, 0x71, 0xA2, 0x67, 0xF1,
    0x3F, 0x10, 0xFE, 0x30, 0xBA, 0xF3, 0x97, 0x3E, 0xAD, 0xA5, 0x1D, 0x07, 0xFE, 0x0A, 0x46, 0x3F,
    0x68, 0x3D, 0x51, 0x91, 0x51, 0x6B, 0x0A, 0x31, 0x95, 0x81, 0x60, 0x34, 0x5E, 0xFE, 0xE8, 0x23,
    0xBA, 0x93, 0x61, 0xEF, 0xE9, 0x37, 0xB2, 0x1C, 0xE7, 0xB3, 0x2C, 0x49, 0xF7, 0x9E, 0x35, 0x37,
    0x0D, 0xCB, 0x5A, 0xA4, 0x7B, 0x45, 0xFC, 0xFE, 0x3F, 0xED, 0x5B, 0x3D, 0xB3, 0xDD, 0xC8, 0x71,
    0x1D, 0x00, 0xDA, 0x87, 0x32, 0x11, 0x40, 0xA9, 0xCD, 0x2A, 0x21, 0x95, 0x54, 0x65, 0x23, 0x75,
    0xB0, 0x24, 0x20, 0xEB, 0x37, 0x38, 0xB6, 0x02, 0x05, 0x2E, 0x27, 0x4C, 0x1D, 0x88, 0xC4, 0x75,
    0x29, 0x70, 0xE0, 0x40, 0xFC, 0x09, 0x1B, 0x6C, 0x60, 0x29, 0x59, 0x07, 0x8E, 0x5C, 0x24, 0x01,
    0x8B, 0xC1, 0x06, 0x1B, 0xE8, 0x52, 0x0A, 0x1D, 0x2C, 0x24, 0x33, 0x37, 0xCA, 0x8B, 0x35, 0xF1,
    0x76, 0x01, 0x8C, 0xFB, 0x9C, 0xEE, 0xC1, 0xBD, 0xEF, 0x8B, 0x4B, 0x72, 0xF9, 0xF1, 0xA8, 0xD2,
    0xDD, 0xBD, 0x3D, 0xCD, 0x77, 0x81, 0xC1, 0xCC, 0x99, 0x99, 0x9E, 0xD3, 0xDD, 0x03, 0xE7, 0xE4,
    0x53, 0x74, 0x90, 0xAE, 0x1A, 0xDC, 0x89, 0x3F, 0x45, 0xD1, 0x78, 0xBF, 0x2F, 0x86, 0xD8, 0xDF,
    0x2F, 0xA7, 0x74, 0xC8, 0x16, 0x97, 0xAC, 0x49, 0x5F, 0x4C, 0x2E, 0xF2, 0x59, 0x27, 0xBF, 0x3A,
    0xBF, 0xE2, 0x22, 0xD7, 0x8E, 0xAE, 0xED, 0x9D, 0x6B, 0x7A, 0xD7, 0xEE, 0x79, 0xB7, 0xEF, 0x9E,
    0x53, 0xE8, 0x25, 0x76, 0xA5, 0xDD, 0xC7, 0x5A, 0xF6, 0x2C, 0xE4, 0xB2, 0x1C, 0x4F, 0xA8, 0x1D,
    0x9F, 0xE7, 0x1C, 0x9F, 0x2E, 0xAD, 0x42, 0x5B, 0xA4, 0x40, 0xCB, 0xF4, 0x73, 0x8F, 0xD2, 0xEF,
    0x28, 0x3B, 0x77, 0x67, 0xAD, 0xDB, 0x2E, 0xF1, 0x7E, 0x28, 0xBB, 0x7C, 0xC9, 0x97, 0xA2, 0x2E,
    0x87, 0xC4, 0xDF, 0x72, 0x55, 0x1F, 0x7B, 0x69, 0xDF, 0x3E, 0x92, 0x4B, 0xA4, 0x02, 0xC8, 0xAB,
    0xFE, 0xE7, 0xAF, 0xB8, 0x72, 0xC7, 0xBB, 0x6A, 0x87, 0x1A, 0x9C, 0xCB, 0x97, 0x6C, 0x46, 0x33,
    0xBC, 0xB4, 0xCE, 0x95, 0x6B, 0x6D, 0x8F, 0x8F, 0x26, 0x16, 0xC9, 0xEA, 0xBD, 0x4F, 0xFC, 0x63,
    0xCF, 0xE2, 0xD7, 0x3E, 0x95, 0xBB, 0x8B, 0xAE, 0xE5, 0x8D, 0xDD, 0x2D, 0x2D, 0x1E, 0xB0, 0xF8,
    0xAF, 0x9E, 0xC5, 0x5A, 0xEB, 0x1F, 0xDD, 0xB7, 0x2E, 0x6A, 0x97, 0xEF, 0xA4, 0x5D, 0xF2, 0xBC,
    0x1D, 0x11, 0xA8, 0x80, 0xD2, 0x14, 0x2D, 0x18, 0x49, 0x2F, 0x9D, 0x96, 0x36, 0xB6, 0x5B, 0x73,
    0x8B, 0x9D, 0x8E, 0x6D, 0x6F, 0x43, 0xDC, 0xFA, 0xD8, 0xCF, 0xA5, 0x16, 0xD9, 0x90, 0x79, 0x57,
    0xCD, 0xC9, 0x5E, 0xAA, 0xCE, 0xE7, 0xAC, 0x43, 0xB1, 0x3C, 0xC2, 0x83, 0x72, 0xFF, 0x94, 0x85,
    0x00, 0xF0, 0x42, 0x45, 0x5D, 0xB0, 0xD8, 0x95, 0x44, 0xAC, 0x6B, 0x66, 0x8C, 0x8D, 0x97, 0x79,
    0x82, 0xF1, 0xFB, 0x0C, 0x03, 0x78, 0x73, 0x49, 0x39, 0x8E, 0xFC, 0xC4, 0x3B, 0xF7, 0xD3, 0xA0,
    0x27, 0x63, 0x32, 0x04, 0xDD, 0xAD, 0x36, 0x15, 0xD9, 0x56, 0x5F, 0x6F, 0x7A, 0xB1, 0x6C, 0xAA,
    0x3B, 0xF9, 0xD8, 0x5D, 0xF9, 0x91, 0x67, 0x9E, 0xA2, 0x21, 0xF2, 0xE9, 0x5A, 0x8F, 0x99, 0xA3,
    0x7A, 0xEA, 0x9D, 0xB4, 0x29, 0x99, 0x5C, 0xEA, 0x31, 0x0C, 0xF2, 0x4F, 0x79, 0x68, 0xEE, 0xD1,
    0x01, 0x01, 0x32, 0x91, 0x99, 0x38, 0x13, 0x5F, 0xDF, 0x25, 0x7B, 0xD7, 0x8C, 0xD4, 0xDB, 0xBD,
    0x34, 0x53, 0x06, 0x1F, 0x7A, 0x33, 0xA0, 0x56, 0x1D, 0x03, 0xCC, 0x56, 0x8C, 0x76, 0xD0, 0xA5,
    0x9A, 0x4D, 0xAF, 0xE6, 0x83, 0xDE, 0x4C, 0x07, 0xDD, 0x0F, 0x9B, 0x9E, 0x00, 0x06, 0xAB, 0x13,
    0xD5, 0xE8, 0xB3, 0x7A, 0x56, 0x63, 0x6D, 0x70, 0xD5, 0xE2, 0xA2, 0x9D, 0xE8, 0x98, 0xBC, 0x52,
    0x4D, 0x82, 0x91, 0xE1, 0x4F, 0x83, 0xEA, 0x58, 0x22, 0x52, 0x4D, 0xCA, 0x7E, 0x8D, 0xCE, 0xE6,
    0x1E, 0x3A, 0x2A, 0xD5, 0xA0, 0x90, 0xEF, 0xE4, 0x4C, 0x37, 0x68, 0x26, 0x77, 0x37, 0xA0, 0x74,
    0x4F, 0xE6, 0xB0, 0x22, 0xE5, 0xCA, 0xCF, 0x64, 0x31, 0x12, 0x28, 0xB9, 0xBA, 0x73, 0x8A, 0x13,
    0xE7, 0x98, 0xC2, 0xA4, 0x43, 0x44, 0x94, 0x82, 0x2A, 0x0D, 0x44, 0xC5, 0x3B, 0xC5, 0x68, 0x53,
    0x9B, 0x21, 0xDF, 0xA7, 0xDE, 0x7A, 0x99, 0xD7, 0xF9, 0x12, 0x54, 0x57, 0x4D, 0xA6, 0x7E, 0x80,
    0x3E, 0x6F, 0x90, 0x74, 0x07, 0x44, 0x36, 0x30, 0x53, 0xBF, 0x61, 0x63, 0xF3, 0x0B, 0xD0, 0x54,
    0xD3, 0x86, 0x4C, 0xAB, 0x40, 0x72, 0x55, 0x77, 0x01, 0x17, 0x69, 0x6E, 0x80, 0x45, 0x26, 0x74,
    0x40, 0x45, 0x2A, 0x08, 0xA0, 0x54, 0x07, 0x4C, 0x2A, 0x85, 0xA4, 0xF2, 0x5D, 0x34, 0xBA, 0x07,
    0x9C, 0x66, 0x9D, 0xBB, 0x17, 0x8F, 0x4E, 0x07, 0xB8, 0xFC, 0x45, 0x6F, 0x76, 0x25, 0xDF, 0x2C,
    0x4C, 0xA2, 0x30, 0x6C, 0x48, 0x6E, 0x5A, 0xDB, 0x1B, 0x14, 0x99, 0x5F, 0x4C, 0x2B, 0xE6, 0x42,
    0x34, 0x00, 0x51, 0x89, 0x11, 0xE9, 0x88, 0x43, 0x23, 0x46, 0xA5, 0x23, 0x0C, 0x34, 0x47, 0x44,
    0xC1, 0xD3, 0x30, 0x1D, 0x8C, 0x10, 0x10, 0x57, 0x2D, 0xF3, 0xE1, 0xCF, 0x58, 0x53, 0xAA, 0x55,
    0xD2, 0x3C, 0xBD, 0xA3, 0xED, 0xA3, 0x9A, 0xB5, 0x44, 0xE8, 0x7E, 0x83, 0x67, 0xC8, 0xAD, 0x69,
    0x57, 0x8D, 0xA9, 0xEF, 0xB2, 0xD5, 0x65, 0x5D, 0xB1, 0xDE, 0x69, 0x87, 0x62, 0xF9, 0xDB, 0x3B,
    0x5D, 0xE6, 0xE7, 0xC6, 0xB3, 0xBF, 0x51, 0xDB, 0x57, 0x3E, 0x80, 0xC0, 0x79, 0x31, 0x6C, 0x4A,
    0xC6, 0x7E, 0xB6, 0xB3, 0x75, 0xB3, 0x1A, 0xDE, 0xBA, 0x92, 0x5F, 0x50, 0x8A, 0xA0, 0x54, 0x61,
    0x52, 0xB4, 0xDC, 0x35, 0x30, 0x9F, 0xB9, 0x99, 0x04, 0xC5, 0x85, 0x8D, 0xEB, 0x2A, 0xA5, 0xED,
    0xCF, 0x8D, 0x59, 0x1A, 0xAC, 0x4A, 0x1B, 0x4C, 0x4A, 0x7B, 0x7F, 0xB3, 0x38, 0x75, 0xB8, 0x96,
    0xE8, 0x1C, 0x95, 0x0A, 0x52, 0x55, 0x27, 0x87, 0x15, 0x71, 0x28, 0x0B, 0x8C, 0xC1, 0x51, 0x19,
    0x5B, 0xE9, 0x5E, 0xAD, 0xFC, 0xC0, 0xCA, 0xFC, 0x5C, 0x59, 0x58, 0x59, 0x39, 0xDA, 0x33, 0x81,
    0x44, 0x6D, 0x9C, 0xD7, 0x76, 0xB2, 0x3C, 0xDB, 0xD7, 0x73, 0x65, 0x64, 0x65, 0x62, 0x10, 0x64,
    0xAB, 0x01, 0x30, 0x59, 0x29, 0xE6, 0x4E, 0x16, 0xD3, 0xE8, 0x61, 0xD5, 0x73, 0x88, 0xC4, 0x84,
    0xD8, 0xE8, 0x60, 0x9D, 0x20, 0xFC, 0x1C, 0x44, 0xB9, 0x5D, 0xF2, 0x92, 0x22, 0xD5, 0x67, 0xEC,
    0xF2, 0xD9, 0xFB, 0xD9, 0x84, 0x54, 0x7E, 0x4E, 0x60, 0x05, 0xB8, 0x12, 0x6B, 0xB3, 0x35, 0x03,
    0xEC, 0x92, 0x53, 0x34, 0x52, 0xBE, 0xBF, 0xE1, 0x24, 0xEE, 0x4C, 0xCB, 0xC4, 0x82, 0x65, 0xA3,
    0xAB, 0x56, 0xB9, 0x6A, 0xA0, 0x71, 0xC7, 0x84, 0x9E, 0x37, 0x6D, 0x0D, 0xDA, 0x33, 0xB1, 0x15,
    0xAA, 0xFD, 0xAF, 0xC0, 0xA9, 0xDA, 0xE0, 0xFB, 0xA0, 0x35, 0x63, 0xD0, 0xA4, 0x6B, 0xA6, 0xE5,
    0x3E, 0x68, 0x89, 0xFF, 0xB9, 0x69, 0x91, 0xFF, 0x9D, 0x69, 0xAE, 0xFD, 0x22, 0x68, 0xD5, 0xD7,
    0x41, 0xCB, 0x7D, 0xD0, 0xB2, 0x4D, 0x4B, 0x36, 0xCD, 0xA9, 0x26, 0xED, 0x35, 0x43, 0x87, 0x7E,
    0x94, 0x9B, 0x96, 0xAB, 0xF1, 0xD3, 0xCF, 0x41, 0x2B, 0x2E, 0xD1, 0x60, 0x18, 0xF4, 0xD3, 0x84,
    0x19, 0x1F, 0x6F, 0xDB, 0x6C, 0xE5, 0xB7, 0xCB, 0x9E, 0xBA, 0xF3, 0x73, 0x9C, 0x93, 0x06, 0x38,
    0x76, 0x50, 0x3A, 0x55, 0x32, 0xDF, 0x13, 0xC5, 0xDA, 0x40, 0x74, 0x01, 0x43, 0x51, 0xBE, 0x5E,
    0x09, 0x45, 0x97, 0x7C, 0x01, 0x04, 0xA1, 0x0C, 0xF8, 0x62, 0xB2, 0x0F, 0xED, 0x90, 0x80, 0xE8,
    0x25, 0x43, 0x35, 0x99, 0x92, 0x2F, 0xA6, 0xA4, 0xDE, 0x14, 0x62, 0x47, 0xC8, 0x01, 0x1D, 0x95,
    0xE6, 0x0B, 0x53, 0x4A, 0x6F, 0x4A, 0x1E, 0x94, 0x34, 0x28, 0x71, 0x50, 0x1C, 0x15, 0xC3, 0x4C,
    0xDB, 0x5C, 0x06, 0x25, 0x1F, 0x0E, 0xD6, 0xF9, 0x6A, 0x25, 0xCC, 0x7F, 0x17, 0x07, 0x1B, 0x90,
    0x05, 0x84, 0xAA, 0x29, 0x28, 0xC1, 0x18, 0xE4, 0xFB, 0xB3, 0x96, 0xE4, 0x7C, 0x99, 0xEF, 0xCF,
    0x73, 0x8F, 0x66, 0x4D, 0xD7, 0x5A, 0xDA, 0xDD, 0xF8, 0xD2, 0xF7, 0x29, 0xA6, 0x64, 0x0B, 0x06,
    0x2A, 0x1D, 0xDF, 0x4B, 0xF5, 0xDC, 0x0E, 0x84, 0x1E, 0xA1, 0x04, 0x5B, 0x62, 0x99, 0x6B, 0xE9,
    0xBE, 0x55, 0x29, 0xB6, 0x29, 0x5F, 0xC9, 0xEC, 0xA6, 0x5C, 0x1E, 0xB5, 0x95, 0xCF, 0x6F, 0x7F,
    0x98, 0x2F, 0x36, 0x5B, 0xC2, 0xFE, 0x5E, 0x9A, 0x4D, 0x28, 0xC5, 0x6E, 0xC6, 0xF7, 0xDD, 0x4F,
    0xF0, 0xD3, 0x98, 0x0E, 0x47, 0xDC, 0xCC, 0x66, 0x55, 0xBE, 0x5C, 0x4D, 0xC6, 0x32, 0x9D, 0x9F,
    0xB9, 0xD6, 0x55, 0xF8, 0x63, 0x3A, 0x77, 0x4B, 0x1F, 0xF4, 0x40, 0xC7, 0x62, 0x84, 0x3F, 0xE0,
    0xA2, 0x81, 0xF4, 0x34, 0xE9, 0xD9, 0xB8, 0x64, 0xCF, 0x15, 0x9F, 0x75, 0x6A, 0x07, 0x76, 0x6A,
    0x09, 0x6A, 0x5A, 0xAB, 0x4A, 0x0D, 0x32, 0x0A, 0xA9, 0xED, 0x81, 0x36, 0x5B, 0xB7, 0x49, 0xF0,
    0x72, 0xF0, 0xBD, 0x41, 0x99, 0x15, 0x8A, 0xD1, 0x15, 0x23, 0x0D, 0xBD, 0xE7, 0xEE, 0xDC, 0x59,
    0x91, 0xF4, 0xB1, 0xFC, 0x3A, 0x61, 0x04, 0x9B, 0xA6, 0xB6, 0x3E, 0x1F, 0xD6, 0x19, 0x3F, 0xE2,
    0x55, 0x80, 0x3A, 0x0A, 0x2D, 0x9B, 0x65, 0xF0, 0xF2, 0x51, 0x7E, 0xCE, 0x07, 0x11, 0xF1, 0x10,
    0xAC, 0x53, 0x24, 0x36, 0x0B, 0x7C, 0x7B, 0x16, 0x86, 0x26, 0xFF, 0x6C, 0x7B, 0xAC, 0xDE, 0x3D,
    0x44, 0x47, 0x21, 0x63, 0xDC, 0xEE, 0x85, 0x0F, 0x36, 0x5F, 0x8A, 0xF1, 0x29, 0xFD, 0xA7, 0x7E,
    0x9F, 0xAE, 0x32, 0x15, 0xBE, 0xEF, 0x4E, 0x76, 0x65, 0x5D, 0xED, 0xF2, 0xDF, 0x83, 0x20, 0x61,
    0x5F, 0x97, 0xAE, 0xFF, 0x43, 0x7D, 0xC4, 0x7A, 0x7D, 0x87, 0x2F, 0xE6, 0xBD, 0x33, 0x8A, 0xF0,
    0x6D, 0xBE, 0xA8, 0x27, 0xD4, 0x79, 0x5B, 0xBC, 0x01, 0xA1, 0x44, 0x2E, 0x7D, 0x36, 0xF3, 0xEF,
    0xAE, 0x3D, 0xB0, 0x6D, 0x5A, 0x2C, 0x6F, 0x54, 0x15, 0x93, 0xA3, 0x7A, 0xC1, 0x2F, 0xAE, 0x15,
    0x62, 0x95, 0x1B, 0xB8, 0xB2, 0x3D, 0x65, 0x1D, 0x96, 0x07, 0x0C, 0x4D, 0xFA, 0xE5, 0xCA, 0xB9,
    0x45, 0x6C, 0xE9, 0x47, 0xB9, 0x1F, 0xDE, 0x3F, 0x37, 0x59, 0xD4, 0xB1, 0xA3, 0x97, 0xA7, 0x2E,
    0x9F, 0xFA, 0x7F, 0x74, 0x37, 0x6B, 0x25, 0x8A, 0xEA, 0x26, 0xAA, 0xCF, 0xA8, 0x0E, 0xA4, 0x3A,
    0x95, 0x97, 0x48, 0xFE, 0xAA, 0xD7, 0xE8, 0xF5, 0x7A, 0xAF, 0xD6, 0xA3, 0x0E, 0xA6, 0xD6, 0x6F,
    0xEE, 0xA5, 0x7A, 0x97, 0x6C, 0x83, 0x4C, 0x8B, 0xD1, 0x45, 0x73, 0x26, 0xB7, 0xB5, 0x8D, 0x4C,
    0xAB, 0xD2, 0x5F, 0x39, 0x2D, 0x04, 0xAA, 0x25, 0xAC, 0x41, 0xBA, 0x8C, 0xF4, 0x1E, 0xE9, 0x48,
    0x92, 0xB0, 0x9D, 0x17, 0xF8, 0x81, 0x97, 0xF0, 0x62, 0xBA, 0x97, 0xAC, 0x40, 0x9D, 0x4B, 0xFA,
    0x96, 0xB2, 0xA5, 0x48, 0x73, 0xA2, 0x85, 0x6B, 0xAD, 0xF9, 0x3B, 0x0C, 0x4C, 0xC9, 0x15, 0xA3,
    0xBB, 0x74, 0xFC, 0xAF, 0x17, 0x1C, 0x1D, 0x7A, 0x36, 0x90, 0xD8, 0xFB, 0xCA, 0x3D, 0xFD, 0x42,
    0x25, 0x0C, 0xAF, 0x51, 0xC2, 0xD7, 0xA4, 0xAB, 0x59, 0x9B, 0xA7, 0xD9, 0x4C, 0xF1, 0x12, 0xFC,
    0x4C, 0x75, 0x33, 0xEF, 0xBA, 0x12, 0x8B, 0x68, 0x07, 0x83, 0x90, 0x3D, 0x53, 0x22, 0xDD, 0x9F,
    0x25, 0xCC, 0xC6, 0x2F, 0x7C, 0x24, 0x33, 0x41, 0x65, 0x06, 0xEE, 0x60, 0xFE, 0xE3, 0xCB, 0x4B,
    0x18, 0x50, 0xF5, 0x36, 0xCD, 0xD9, 0xF4, 0xFE, 0x7F, 0x56, 0x3C, 0xE0, 0x33, 0x79, 0x32, 0x3C,
    0xCD, 0xFE, 0x80, 0xD3, 0xB0, 0x49, 0xDD, 0x04, 0xC6, 0x14, 0xFE, 0xD7, 0x9C, 0x0F, 0x41, 0xEA,
    0x5F, 0x2E, 0x71, 0x25, 0x67, 0x22, 0x3C, 0x13, 0xE1, 0x1D, 0x11, 0x76, 0xEF, 0x06, 0xE1, 0x60,
    0x19, 0xE6, 0x4D, 0x5E, 0xFC, 0x14, 0x35, 0xDC, 0xBB, 0xAA, 0xF3, 0x9B, 0xD4, 0xBF, 0xBC, 0x61,
    0xE4, 0xA3, 0x80, 0xFC, 0x6F, 0x88, 0x7C, 0x46, 0xE4, 0x0B, 0xB2, 0x92, 0x8A, 0xA8, 0xB6, 0xF5,
    0x16, 0x33, 0x89, 0xEE, 0xBF, 0xB7, 0xF8, 0xFF, 0xAA, 0xA6, 0x1D, 0x23, 0x7B, 0x26, 0xFE, 0x39,
    0x67, 0x58, 0x59, 0x5F, 0x8F, 0x51, 0xB8, 0x64, 0xFE, 0x0B, 0xF3, 0x42, 0x13, 0x97, 0xB2, 0xDB,
    0xF6, 0x6C, 0x0D, 0xA2, 0x70, 0xC7, 0x7E, 0x1F, 0x47, 0xE1, 0xCF, 0xE5, 0x3F, 0xC4, 0xB3, 0x1E,
    0xC2, 0x8B, 0xA3, 0x9D, 0x89, 0x2F, 0xB7, 0x33, 0xD7, 0x68, 0x14, 0xD2, 0x59, 0x89, 0xA7, 0x52,
    0x2E, 0xCE, 0x96, 0xBC, 0x7B, 0xAF, 0xD7, 0x82, 0x52, 0x15, 0x0D, 0x27, 0xE6, 0xB4, 0xAA, 0xF1,
    0x7C, 0x14, 0x96, 0xBD, 0x8E, 0xA3, 0x10, 0xB5, 0xA7, 0xE8, 0xC2, 0xAE, 0xAA, 0xDB, 0xE1, 0xAF,
    0x85, 0x58, 0x7C, 0x97, 0x04, 0x35, 0x5D, 0x9D, 0x85, 0x9B, 0xB6, 0x0F, 0xC2, 0xC8, 0xF2, 0x6D,
    0x85, 0xA9, 0x35, 0x7D, 0x36, 0x57, 0x43, 0x3E, 0x15, 0x53, 0x25, 0x2E, 0x0C, 0xC2, 0x70, 0xA7,
    0xC7, 0xC3, 0x31, 0xB8, 0xB3, 0xBB, 0xCA, 0x36, 0x72, 0x3A, 0x8C, 0xA1, 0xB8, 0x62, 0x38, 0xCF,
    0x78, 0x76, 0x16, 0xDA, 0x2C, 0xFD, 0xB1, 0xCF, 0xF6, 0x1F, 0xCA, 0x92, 0xBF, 0xE4, 0xD4, 0x8E,
    0x48, 0x6B, 0x5C, 0xDC, 0x33, 0x98, 0x91, 0x28, 0xB5, 0x47, 0xC8, 0x87, 0xF4, 0x98, 0xCE, 0x60,
    0x5E, 0xB3, 0xB6, 0xD2, 0x1D, 0xB3, 0xE4, 0x46, 0x59, 0xF2, 0xA4, 0x2C, 0x79, 0x54, 0x3A, 0xA8,
    0x11, 0xF7, 0xA4, 0x57, 0x96, 0xDC, 0xD3, 0x85, 0x2C, 0x40, 0xE3, 0xCE, 0xB3, 0x64, 0x0B, 0x15,
    0x30, 0x36, 0x75, 0x61, 0x85, 0x69, 0xCF, 0xD8, 0x4B, 0x8A, 0xA3, 0x8E, 0x82, 0x22, 0xA5, 0x64,
    0xCE, 0x13, 0x98, 0x33, 0xF8, 0x72, 0x3A, 0x9C, 0xF1, 0xEB, 0x5F, 0x91, 0x39, 0x3F, 0x17, 0xFE,
    0xF0, 0x49, 0xC7, 0x63, 0x6C, 0xAD, 0x48, 0xC7, 0xE7, 0xC0, 0xBF, 0x9E, 0x85, 0x9F, 0xD3, 0xFB,
    0xAE, 0xC2, 0x3F, 0x29, 0xFC, 0xEA, 0xA4, 0xC4, 0x03, 0x5D, 0x26, 0x73, 0x52, 0xD2, 0x3D, 0x93,
    0x13, 0x79, 0x57, 0x98, 0x93, 0xB2, 0x70, 0x3B, 0xB8, 0x04, 0xFE, 0x07, 0x2E, 0x3A, 0x38, 0x29,
    0xF1, 0xA4, 0xF0, 0x2B, 0x77, 0x06, 0xD7, 0xAB, 0xD4, 0x49, 0x79, 0x49, 0xF8, 0xB5, 0x4B, 0x07,
    0x54, 0x0F, 0x3D, 0x7C, 0x9D, 0xF0, 0x7F, 0x0D, 0xF8, 0x1F, 0x1F, 0xC1, 0x1F, 0x20, 0xBF, 0x14,
    0xFA, 0x23, 0x57, 0x02, 0xA6, 0x0A, 0xDE, 0xB5, 0x96, 0xEE, 0x99, 0xA7, 0x91, 0x88, 0xBE, 0xF0,
    0xC4, 0x21, 0xF9, 0x9D, 0x07, 0x2C, 0x2E, 0x7B, 0xAC, 0x65, 0xFE, 0x63, 0x05, 0xBF, 0xB4, 0xA8,
    0xDA, 0x2D, 0x2B, 0x67, 0x2D, 0xA3, 0x11, 0x4B, 0x74, 0x27, 0xC8, 0x6B, 0x99, 0x5A, 0xB4, 0x2C,
    0xDF, 0x69, 0x59, 0x2A, 0xDC, 0x01, 0x76, 0xA9, 0x51, 0xFF, 0xAE, 0x51, 0xE7, 0x1B, 0x89, 0x85,
    0x14, 0x65, 0xAE, 0xA3, 0x2C, 0x8B, 0x81, 0x6E, 0x7F, 0x8B, 0x78, 0x99, 0xB7, 0xB8, 0x99, 0xB7,
    0x5B, 0x8F, 0x78, 0xD6, 0x65, 0x44, 0x4B, 0x0C, 0x49, 0x04, 0x64, 0xBD, 0xFF, 0x5C, 0x66, 0x66,
    0x31, 0x56, 0xFE, 0x3F, 0xC5, 0xF0, 0x0C, 0xB9, 0x17, 0xC0, 0xB2, 0x5E, 0xDC, 0xDD, 0xA6, 0xA7,
    0x63, 0xCC, 0xAC, 0x00, 0xDC, 0x83, 0x88, 0x35, 0x0F, 0x85, 0x16, 0x84, 0xDB, 0x29, 0xE0, 0xF0,
    0x55, 0x39, 0x67, 0x04, 0xF4, 0x95, 0x05, 0xDC, 0x64, 0x71, 0x12, 0x4A, 0xBF, 0x8B, 0xF7, 0xCD,
    0xF0, 0xC8, 0xF7, 0x45, 0x57, 0x7A, 0x79, 0x84, 0xAF, 0x4F, 0xFC, 0xEE, 0xC4, 0x3F, 0xC5, 0xE3,
    0xFD, 0x7D, 0x76, 0x77, 0xC1, 0xDD, 0xD2, 0x09, 0xBA, 0x31, 0x5C, 0xF9, 0x1E, 0xB1, 0x10, 0x37,
    0x99, 0x77, 0xDF, 0xD0, 0x3A, 0xB7, 0xFB, 0x83, 0x7F, 0xAF, 0x33, 0x88, 0x91, 0xF0, 0xD9, 0xE4,
    0x5E, 0x60, 0xE8, 0x30, 0x17, 0x7D, 0xDD, 0x10, 0x1A, 0x78, 0x33, 0x7E, 0x2E, 0x81, 0xF6, 0xAC,
    0xF6, 0x35, 0x5D, 0x35, 0xD6, 0xFE, 0x94, 0xC0, 0x31, 0x9D, 0x23, 0x9B, 0x00, 0x1D, 0x38, 0xF1,
    0x92, 0xEE, 0xAC, 0x15, 0xAE, 0x5D, 0xC7, 0x7C, 0x29, 0xA6, 0x7F, 0x2B, 0xC7, 0x0C, 0x1D, 0xB7,
    0xC0, 0x77, 0x10, 0xF2, 0x4F, 0xF9, 0x61, 0x15, 0x34, 0x8A, 0xE0, 0xED, 0x60, 0x17, 0x81, 0xF9,
    0xA1, 0x9B, 0xA8, 0x61, 0x94, 0x1C, 0x91, 0xF9, 0x14, 0xCB, 0x05, 0x80, 0x31, 0x90, 0xDE, 0x37,
    0x7B, 0xD9, 0x64, 0x30, 0x34, 0xB3, 0x8A, 0xDA, 0x35, 0x5D, 0xB3, 0x3F, 0xF1, 0x68, 0xC7, 0x64,
    0x7B, 0x51, 0xBE, 0xC7, 0x42, 0x4A, 0x47, 0xD4, 0x14, 0xAD, 0x25, 0xE3, 0xD8, 0x3A, 0x15, 0x68,
    0x53, 0xF3, 0xE9, 0xC2, 0xF8, 0x19, 0x80, 0x2B, 0x70, 0x41, 0x2A, 0x08, 0x0A, 0x01, 0x3C, 0x25,
    0x80, 0xEE, 0x9B, 0x01, 0x3C, 0xC0, 0xB8, 0x87, 0x6C, 0x09, 0x23, 0x01, 0xAC, 0x35, 0x66, 0x5D,
    0x8E, 0x87, 0x0D, 0xEA, 0x2A, 0x00, 0x93, 0x3D, 0x5C, 0x4D, 0x46, 0x20, 0xD4, 0xD5, 0x3C, 0x1F,
    0x81, 0x00, 0xBC, 0xA7, 0x0D, 0xE0, 0xFD, 0x0A, 0xF0, 0x8E, 0x80, 0x17, 0x13, 0x2A, 0x5D, 0x2F,
    0xC2, 0x9B, 0x02, 0x5E, 0x3E, 0xEF, 0x6A, 0x78, 0x9F, 0x02, 0xDE, 0x15, 0x4B, 0x5F, 0xBA, 0x0B,
    0x8C, 0x9B, 0x4E, 0x9C, 0x7F, 0x6F, 0x1B, 0xB3, 0x88, 0x5A, 0x88, 0x7A, 0x23, 0x0B, 0x1D, 0xAD,
    0x1C, 0x65, 0xA4, 0x00, 0xEF, 0x49, 0x8D, 0xF8, 0x4F, 0x3A, 0xC0, 0x4C, 0x45, 0x0B, 0xA3, 0x3F,
    0x0A, 0x6F, 0x49, 0x78, 0x6F, 0x7C, 0x7C, 0xC1, 0x25, 0xCD, 0x05, 0x16, 0xCA, 0xD4, 0xEF, 0x22,
    0x4F, 0x92, 0x42, 0x04, 0x62, 0xAE, 0xC5, 0x8C, 0xD3, 0xAC, 0x64, 0xB2, 0xE7, 0x11, 0x8C, 0x5B,
    0xCC, 0xBC, 0x0E, 0xD9, 0x8F, 0xD7, 0x6C, 0x19, 0xA6, 0x76, 0xC2, 0xC5, 0x98, 0xF8, 0x7F, 0x66,
    0x5A, 0x28, 0x61, 0x0E, 0xCF, 0xF2, 0x70, 0x2D, 0xEB, 0xA9, 0x98, 0x5A, 0x2A, 0xBC, 0x26, 0x2A,
    0xBB, 0x14, 0xF9, 0xA7, 0x51, 0x6E, 0xD2, 0xD5, 0x06, 0x53, 0xFE, 0x7D, 0x77, 0x83, 0xA1, 0xCE,
    0x8A, 0x4C, 0x7D, 0xA6, 0x25, 0x65, 0x5E, 0x54, 0x09, 0xE3, 0x21, 0xEC, 0xA1, 0xCB, 0x5E, 0x65,
    0xEE, 0x0F, 0x91, 0xFD, 0xCB, 0x24, 0x43, 0xA1, 0x26, 0x69, 0xC4, 0xBD, 0x6B, 0xF8, 0x2B, 0x13,
    0x55, 0x09, 0x7B, 0x01, 0x72, 0x97, 0xF8, 0x92, 0x52, 0x73, 0x86, 0x9E, 0xFD, 0xFA, 0x9C, 0xFD,
    0x52, 0xBA, 0x61, 0xE9, 0x2E, 0xE4, 0xEF, 0x3C, 0xE2, 0xDA, 0xB9, 0x30, 0x13, 0x58, 0x7F, 0x84,
    0xC3, 0x45, 0x62, 0xB7, 0xB8, 0x36, 0x31, 0x11, 0xC7, 0xE4, 0x32, 0xAD, 0x36, 0x02, 0x81, 0x04,
    0x62, 0x38, 0x92, 0xEA, 0xD7, 0xA9, 0xA5, 0xE4, 0x86, 0xF8, 0xE6, 0x02, 0x24, 0xE4, 0xCD, 0x6C,
    0xCD, 0xC3, 0xAD, 0x45, 0x14, 0x6B, 0x44, 0xAC, 0x8E, 0x12, 0x1A, 0x3A, 0xE7, 0x37, 0x79, 0x2D,
    0xA3, 0x4D, 0xDF, 0x88, 0xEC, 0x77, 0xCE, 0x21, 0x7B, 0xD8, 0x78, 0xCF, 0xED, 0xBE, 0x6F, 0x30,
    0x26, 0xD5, 0x73, 0x9B, 0x25, 0xB1, 0x0C, 0x0D, 0x56, 0xB1, 0x0B, 0x71, 0x5D, 0xB0, 0xE8, 0x68,
    0x44, 0x2F, 0x1E, 0x25, 0xD2, 0x89, 0xEA, 0x17, 0x4C, 0x24, 0xEF, 0x94, 0x5A, 0xBB, 0xE8, 0x97,
    0xE7, 0x79, 0x41, 0xB7, 0x89, 0x5A, 0x2A, 0x5E, 0x5C, 0xEE, 0xE4, 0xB6, 0x5C, 0xED, 0x54, 0x15,
    0xF0, 0x20, 0x04, 0x39, 0x6C, 0x75, 0xEE, 0x19, 0x55, 0x22, 0x1D, 0xA3, 0x21, 0x26, 0x07, 0xAB,
    0x86, 0x1B, 0x10, 0x15, 0x44, 0x43, 0xB1, 0x13, 0xEC, 0x1B, 0x74, 0x4B, 0xCC, 0xA1, 0x60, 0x4E,
    0xDA, 0xD1, 0xAE, 0x3B, 0xD0, 0x5D, 0x69, 0xD5, 0x42, 0x9E, 0xFB, 0x49, 0x67, 0x6B, 0x3C, 0x5D,
    0xCE, 0xB7, 0x6A, 0x13, 0x2B, 0xBA, 0x3B, 0xA3, 0x55, 0x02, 0xA7, 0x9A, 0x50, 0xFA, 0xF8, 0xF7,
    0x42, 0x10, 0x43, 0x9B, 0x76, 0xCA, 0xEE, 0x8B, 0xFA, 0x41, 0xBB, 0x84, 0x34, 0x02, 0x96, 0xB5,
    0xA5, 0x18, 0x8E, 0xC5, 0x07, 0x9C, 0x52, 0x10, 0x4D, 0x2D, 0x38, 0x37, 0x1D, 0x87, 0x07, 0xE1,
    0x64, 0x90, 0x34, 0xB8, 0x26, 0xD2, 0x6F, 0xE1, 0x8F, 0xFB, 0xC6, 0x25, 0x5F, 0x81, 0x9C, 0x0D,
    0x61, 0xE3, 0x39, 0x1B, 0x96, 0x6D, 0x5F, 0x22, 0x24, 0xFB, 0x8D, 0x21, 0xDB, 0xDE, 0xA9, 0xF9,
    0xD9, 0x21, 0x61, 0xC6, 0x9C, 0xC7, 0x9F, 0x0E, 0x4E, 0x5C, 0x3C, 0x38, 0x61, 0x47, 0x24, 0xD4,
    0x5D, 0xF5, 0xC1, 0x01, 0xB1, 0x23, 0x12, 0xB6, 0x33, 0xFC, 0x71, 0x1F, 0x91, 0xD8, 0x18, 0x71,
    0xD0, 0x92, 0x8B, 0x87, 0x20, 0x9E, 0xAF, 0xBD, 0x87, 0x47, 0x24, 0x42, 0xEB, 0xA3, 0xE3, 0x70,
    0x1F, 0x2D, 0x2E, 0x19, 0xA6, 0xFB, 0x81, 0xBB, 0x8A, 0x56, 0x92, 0x97, 0xDF, 0x3C, 0xC3, 0xCB,
    0x6B, 0xD0, 0xCA, 0xE5, 0x2D, 0xD1, 0x4A, 0x33, 0x8F, 0x4C, 0x93, 0x63, 0x2B, 0x44, 0xB2, 0xD4,
    0x1D, 0x9D, 0xA8, 0xBA, 0x16, 0xB4, 0x92, 0x04, 0xD1, 0xA2, 0xF2, 0x41, 0xC3, 0x3A, 0x6C, 0xA6,
    0xB0, 0x78, 0x14, 0xAC, 0x57, 0xD1, 0xE0, 0x65, 0x55, 0x1A, 0xC7, 0xD9, 0x34, 0x3D, 0x6F, 0x38,
    0x86, 0xEB, 0xAA, 0xE1, 0x55, 0xB5, 0x51, 0x97, 0x66, 0x0D, 0xB2, 0xC0, 0xF1, 0xD9, 0x09, 0xE1,
    0xC0, 0xA2, 0xC7, 0xDE, 0x11, 0xA9, 0x53, 0x01, 0xBE, 0x71, 0x13, 0xB3, 0xA1, 0x9D, 0x4F, 0x64,
    0x24, 0xDB, 0xA5, 0x94, 0x49, 0x91, 0x2D, 0x0F, 0x69, 0x3D, 0x99, 0xC8, 0xE6, 0x51, 0x43, 0xC8,
    0xA6, 0x47, 0x5D, 0x4C, 0x03, 0x2B, 0xEE, 0x67, 0x64, 0xA3, 0xB2, 0x57, 0x0B, 0x62, 0x16, 0x16,
    0x8F, 0xD9, 0x85, 0xF5, 0x6C, 0xB3, 0x40, 0x67, 0x04, 0xDB, 0x18, 0xD1, 0x48, 0x14, 0x4A, 0xA1,
    0x7B, 0xC8, 0xD3, 0xE7, 0x10, 0xDA, 0xD4, 0x48, 0xEF, 0x4E, 0xE3, 0x8B, 0x9B, 0x74, 0xF1, 0xAF,
    0xCE, 0x64, 0x84, 0x1B, 0x9D, 0x3F, 0xBA, 0x02, 0x18, 0xC0, 0xC0, 0xE7, 0xEF, 0x2F, 0x89, 0x51,
    0xEA, 0x69, 0x02, 0x3D, 0x4B, 0x60, 0xE7, 0x31, 0xEC, 0x1C, 0x81, 0x9D, 0x22, 0xB0, 0x63, 0x18,
    0x76, 0x06, 0xC3, 0x0E, 0x60, 0xD8, 0xE9, 0x0B, 0x3B, 0x7A, 0x61, 0xE7, 0x2E, 0xEC, 0xD0, 0x85,
    0x9D, 0x1A, 0xB0, 0xE3, 0x16, 0x76, 0xD6, 0xC2, 0x0E, 0x5A, 0xD8, 0x69, 0x01, 0x3B, 0x62, 0x61,
    0xE7, 0x2B, 0xEC, 0x9C, 0x40, 0x38, 0x25, 0x60, 0x67, 0x04, 0xF4, 0x84, 0x00, 0x82, 0x8C, 0x98,
    0xC0, 0xCB, 0x51, 0x48, 0xB6, 0xEA, 0x6C, 0x59, 0x5C, 0xCC, 0xE4, 0x3B, 0xE6, 0xF1, 0x9D, 0x66,
    0xF1, 0x35, 0x87, 0xAF, 0x19, 0xFC, 0x10, 0x72, 0xAC, 0x5F, 0x21, 0x5C, 0xA9, 0xB9, 0x7A, 0xCD,
    0xD0, 0xAB, 0x94, 0xC7, 0xFD, 0xC5, 0xC7, 0xC7, 0x67, 0x39, 0xD4, 0x39, 0x89, 0x94, 0xA3, 0x24,
    0x67, 0x5A, 0x66, 0xC4, 0xA5, 0xD0, 0x20, 0xD5, 0x6D, 0x2E, 0x45, 0xF7, 0x61, 0x72, 0x5C, 0x14,
    0x9F, 0xD4, 0x07, 0x5F, 0x26, 0x5C, 0xF9, 0x57, 0x3A, 0x94, 0x1F, 0xAA, 0x9D, 0x79, 0xA0, 0x06,
    0x68, 0xE2, 0xA2, 0x89, 0x07, 0x3E, 0x96, 0xC7, 0x7B, 0x11, 0xD5, 0xD2, 0x20, 0x51, 0x47, 0x90,
    0x0A, 0x0D, 0xB0, 0x58, 0xB2, 0xBD, 0x61, 0xF0, 0x05, 0xE4, 0x1B, 0xD5, 0xCC, 0xB4, 0x63, 0xE0,
    0xAD, 0x95, 0xA2, 0x2E, 0xD5, 0xE4, 0x97, 0xC7, 0xB1, 0xD8, 0x3D, 0x9A, 0x3E, 0x54, 0x43, 0x97,
    0x21, 0xAE, 0xC3, 0x54, 0x62, 0x0B, 0xD9, 0x13, 0x76, 0x80, 0xE2, 0x76, 0xB6, 0xB3, 0x1E, 0x84,
    0xD9, 0xA6, 0xFE, 0x7E, 0x86, 0x59, 0x5D, 0xCC, 0xC2, 0x86, 0x0B, 0xE4, 0xE3, 0xB3, 0x57, 0x0D,
    0x6B, 0x3D, 0xDB, 0xC2, 0x5A, 0xE1, 0xAC, 0xCC, 0x0F, 0x3F, 0xB2, 0xDD, 0x6A, 0xB0, 0x83, 0x22,
    0xB6, 0x93, 0x1B, 0x51, 0xCC, 0x6D, 0x14, 0x6E, 0xFC, 0x71, 0x85, 0xBB, 0x8C, 0xBB, 0x58, 0xDC,
    0xA1, 0xEC, 0x8F, 0x92, 0x14, 0xEE, 0x62, 0x92, 0xF1, 0x1D, 0x07, 0xBF, 0x6C, 0xC7, 0xD4, 0xB3,
    0x6B, 0xBA, 0x10, 0xD4, 0x24, 0xD1, 0x17, 0x11, 0x8F, 0x5F, 0x3F, 0xB7, 0x28, 0x7F, 0x06, 0xF3,
    0x75, 0xFA, 0xEF, 0x9C, 0xB4, 0x03, 0x86, 0xF3, 0xCE, 0x8C, 0x7B, 0xE4, 0x61, 0xE2, 0x94, 0x15,
    0xDC, 0x52, 0x85, 0xD3, 0x54, 0xBD, 0xBB, 0x4B, 0x47, 0x6F, 0x86, 0xA3, 0x27, 0x2B, 0x01, 0x07,
    0x9A, 0x7A, 0x48, 0x1C, 0x73, 0x97, 0x46, 0xD5, 0x90, 0x15, 0x1D, 0xBD, 0xBB, 0x94, 0xE8, 0x56,
    0xFB, 0x87, 0x01, 0xCE, 0xC6, 0x7F, 0xE3, 0xD4, 0x7B, 0x45, 0xEE, 0x51, 0x20, 0x6E, 0x55, 0x87,
    0x78, 0xDC, 0x1E, 0x2B, 0x89, 0x74, 0x31, 0xFA, 0x3F, 0x72, 0x6A, 0xDB, 0x7F, 0x69, 0x7D, 0xB8,
    0xE6, 0xE8, 0x28, 0x2C, 0xE7, 0x56, 0xF7, 0xF7, 0xE0, 0xC8, 0xFD, 0x4C, 0x03, 0x06, 0x3C, 0x79,
    0x6E, 0x8E, 0x5C, 0x0A, 0x47, 0x0E, 0x91, 0x81, 0xFD, 0x6D, 0x78, 0x6E, 0xFF, 0x08, 0x21, 0xAD,
    0xF2, 0xBF, 0x16, 0x62, 0xE5, 0x3F, 0xC5, 0xE1, 0xAD, 0xCF, 0x6B, 0xA1, 0xEC, 0x2B, 0x1C, 0xB9,
    0x19, 0x8E, 0xDC, 0x18, 0x1C, 0xB9, 0x94, 0x3E, 0xE1, 0x27, 0xB2, 0x70, 0x0A, 0x35, 0xD0, 0xFF,
    0xC2, 0xD5, 0x54, 0x3D, 0xB6, 0x04, 0xA6, 0xEE, 0x05, 0xA3, 0x1E, 0x08, 0x9B, 0xB3, 0xEE, 0xBD,
    0x3B, 0xC7, 0xD3, 0xA2, 0x27, 0xD5, 0x93, 0x05, 0x33, 0x01, 0x91, 0x98, 0x09, 0xFC, 0xEC, 0x61,
    0xB6, 0x7F, 0x2B, 0xE7, 0x78, 0xA4, 0x63, 0xEA, 0x1C, 0x34, 0x8A, 0x87, 0xFA, 0x07, 0xF1, 0xC4,
    0xAC, 0x6B, 0x32, 0xC4, 0xC3, 0x6B, 0x81, 0xF3, 0x28, 0xE3, 0x90, 0x74, 0x0C, 0x03, 0x04, 0x38,
    0x6B, 0x2E, 0xA0, 0xC2, 0x5D, 0x0A, 0x27, 0x89, 0xB3, 0x26, 0x7C, 0xA2, 0x61, 0xCB, 0x38, 0x9C,
    0x4D, 0xF8, 0x5C, 0x80, 0xD3, 0x65, 0x53, 0xE8, 0x8E, 0x67, 0xAA, 0x02, 0x26, 0xA4, 0x8F, 0x2F,
    0xC4, 0x1A, 0x5E, 0x6B, 0x76, 0x21, 0xC0, 0x59, 0x0C, 0x1E, 0x7C, 0x55, 0x1C, 0xF9, 0x78, 0x2E,
    0xA4, 0xF3, 0x8F, 0x30, 0xF0, 0xC5, 0x8F, 0xA6, 0xB3, 0xF1, 0x45, 0x3F, 0xC1, 0x59, 0x99, 0xE0,
    0x43, 0x4D, 0x60, 0x43, 0x10, 0x8E, 0xE2, 0xEC, 0x01, 0xD5, 0x4D, 0xE0, 0x3C, 0xAB, 0x8A, 0xCB,
    0x7E, 0x35, 0xF1, 0x97, 0x10, 0xB7, 0x29, 0x60, 0x12, 0x57, 0x3C, 0x03, 0x6F, 0x77, 0xF8, 0xB5,
    0xFA, 0x2D, 0x12, 0xA3, 0x43, 0x5B, 0x63, 0x72, 0x09, 0xA4, 0x0B, 0x98, 0x42, 0x15, 0x9F, 0x49,
    0x27, 0xDD, 0xC4, 0xC8, 0x61, 0xD5, 0x26, 0x5E, 0x18, 0x59, 0x86, 0x35, 0x98, 0x4F, 0xB2, 0x1A,
    0x65, 0xF2, 0x33, 0x96, 0xC4, 0xA3, 0x57, 0x41, 0x0C, 0xC1, 0x06, 0x70, 0xD7, 0xD5, 0x14, 0x92,
    0x70, 0x03, 0x8C, 0x62, 0x26, 0x0C, 0x71, 0xD7, 0xC0, 0x52, 0x2F, 0xD8, 0x4B, 0x84, 0x43, 0xC6,
    0x88, 0xC1, 0x14, 0x0C, 0x32, 0x21, 0x7A, 0xF9, 0x10, 0x2B, 0x63, 0x82, 0x6D, 0x7B, 0x97, 0x90,
    0xE8, 0xB4, 0xB7, 0x59, 0x02, 0x06, 0x80, 0xA8, 0xEE, 0xFE, 0xFC, 0x2C, 0x71, 0x61, 0xD1, 0x89,
    0x31, 0x2C, 0xF1, 0x06, 0x91, 0x18, 0xB2, 0x55, 0x89, 0x2C, 0x79, 0xEC, 0xB6, 0x0F, 0x1D, 0xC7,
    0x4A, 0xF6, 0xE1, 0xBC, 0xB6, 0x20, 0xF4, 0x67, 0x00, 0xE7, 0x7B, 0xB2, 0x56, 0x7E, 0xF4, 0x10,
    0x11, 0xA9, 0x51, 0x4F, 0x43, 0x55, 0xBF, 0x15, 0x0B, 0x3E, 0x08, 0x7B, 0x9C, 0x84, 0xB8, 0xCD,
    0xB2, 0x2D, 0x1F, 0x8F, 0x85, 0x55, 0x09, 0xC7, 0x89, 0x7D, 0xF8, 0xB6, 0xDF, 0x8C, 0x4C, 0x96,
    0x75, 0xB6, 0x8F, 0x17, 0x57, 0x3E, 0xF1, 0xB0, 0x33, 0xBB, 0x78, 0x12, 0x8F, 0xEA, 0xE1, 0xD1,
    0x3B, 0x2B, 0x4A, 0x7C, 0x95, 0xB1, 0xA4, 0x2F, 0x51, 0x7F, 0xEA, 0x95, 0x7E, 0x63, 0xAD, 0xC8,
    0x57, 0x46, 0x5B, 0xC6, 0x5A, 0x46, 0x5A, 0xC6, 0x79, 0xE2, 0x9B, 0x09, 0x36, 0xC0, 0x48, 0xF9,
    0x6F, 0x5E, 0xFC, 0x4B, 0xFC, 0x9F, 0xD9, 0xB1, 0x70, 0x7F, 0x82, 0x9A, 0xFB, 0xC6, 0x8F, 0x73,
    0x3C, 0x0F, 0x87, 0x9A, 0x1D, 0xB1, 0x7A, 0x91, 0xAA, 0x6A, 0x56, 0x85, 0x43, 0xDA, 0xC9, 0x0C,
    0x0B, 0x1F, 0xAD, 0xA0, 0x7A, 0xAE, 0xF9, 0x31, 0x2D, 0x7A, 0x07, 0x0B, 0x94, 0xF6, 0xE5, 0xA5,
    0xE4, 0xE8, 0xDA, 0xC4, 0x5B, 0xDB, 0x4F, 0xA5, 0xB1, 0xE5, 0x93, 0x95, 0xEB, 0x19, 0x86, 0x1A,
    0x7E, 0xF1, 0x83, 0x74, 0xFF, 0x76, 0x22, 0xA9, 0xC6, 0xAE, 0xBC, 0xA6, 0x22, 0xBC, 0x02, 0x06,
    0x96, 0xDB, 0x21, 0xAC, 0x9D, 0xD7, 0x69, 0x77, 0x5D, 0xC3, 0xD4, 0x2F, 0xB8, 0x29, 0xBC, 0x11,
    0xD8, 0x64, 0xA9, 0x23, 0x92, 0x3C, 0xE1, 0x24, 0x59, 0xB4, 0x90, 0xEE, 0x35, 0xF4, 0x1F, 0xF4,
    0x10, 0xD0, 0x85, 0xF7, 0xBE, 0x30, 0xD9, 0xE1, 0xB1, 0x31, 0x64, 0x89, 0xDA, 0x2C, 0x42, 0x77,
    0x6E, 0x42, 0xA7, 0x17, 0xDC, 0x67, 0x06, 0x2E, 0x49, 0xBA, 0x2D, 0xF7, 0x94, 0x5A, 0xEE, 0xA9,
    0x3B, 0xCA, 0x3D, 0x31, 0x84, 0xA0, 0xE1, 0xCE, 0x52, 0xEF, 0xC5, 0xC2, 0xD8, 0xA5, 0x7E, 0x8F,
    0xD5, 0xEB, 0x27, 0xAC, 0xE3, 0x72, 0x6A, 0x40, 0x4A, 0xCA, 0x7E, 0xE5, 0x6E, 0x56, 0x63, 0x37,
    0x93, 0x31, 0xB8, 0x97, 0x1E, 0xFB, 0x71, 0x7E, 0x16, 0xB4, 0xFD, 0x52, 0x49, 0x0D, 0x62, 0x58,
    0xEB, 0xD4, 0xFF, 0x01, 0xD1, 0x81, 0x8E, 0x2B, 0x6D, 0x7A, 0xBE, 0x5D, 0x3E, 0x12, 0xA9, 0x0F,
    0xEE, 0x3B, 0xBD, 0x0E, 0x73, 0xDE, 0xF9, 0x32, 0x4B, 0xCA, 0x64, 0x97, 0xC6, 0xCE, 0xCB, 0xFA,
    0x1E, 0x69, 0x71, 0xF1, 0x36, 0x01, 0xEB, 0x5F, 0x02, 0x30, 0x77, 0x73, 0x62, 0x80, 0xB5, 0x06,
    0x75, 0x90, 0xDB, 0xB9, 0xA1, 0xF4, 0xC9, 0xF0, 0x3C, 0xC0, 0x7E, 0xFF, 0xDA, 0x00, 0xF3, 0x3F,
    0x27, 0x2D, 0x7F, 0xC2, 0x04, 0x2C, 0x58, 0xA4, 0x4B, 0x66, 0xBE, 0x32, 0xF9, 0xE8, 0x8A, 0x83,
    0x58, 0xD7, 0xE5, 0xD8, 0x6D, 0x3E, 0x22, 0x50, 0x90, 0xCE, 0x25, 0xD6, 0xC6, 0x9A, 0x91, 0x53,
    0xFC, 0x8D, 0x3A, 0xEF, 0x77, 0xDF, 0xE5, 0xB1, 0x5B, 0xDA, 0x0B, 0x23, 0xC5, 0x74, 0xFF, 0x63,
    0x66, 0x5F, 0x92, 0x11, 0x36, 0x23, 0xFE, 0xC8, 0x7D, 0x74, 0x5D, 0x8F, 0x31, 0x47, 0xB6, 0x74,
    0x34, 0x2A, 0xB1, 0xD0, 0xB3, 0x2C, 0x99, 0x95, 0xCA, 0xDF, 0x11, 0x9E, 0x38, 0x4C, 0x8B, 0x60,
    0x62, 0x04, 0x76, 0x99, 0x4D, 0xC2, 0x11, 0x0B, 0x31, 0x97, 0x88, 0x59, 0x51, 0x3C, 0xD4, 0x13,
    0xB6, 0xCA, 0x24, 0x81, 0x77, 0x8E, 0xCE, 0x24, 0x8C, 0xD2, 0x20, 0x66, 0x25, 0x8D, 0x5B, 0xC3,
    0x50, 0x20, 0x1F, 0x0F, 0x63, 0x5F, 0x22, 0xE4, 0xD5, 0x50, 0x08, 0x9B, 0xDA, 0x21, 0x5C, 0xEB,
    0xAA, 0x09, 0xAE, 0x31, 0x1D, 0xE5, 0xA3, 0xD3, 0xC6, 0x87, 0xF0, 0xC6, 0x10, 0x22, 0x20, 0xE5,
    0x96, 0x81, 0xBD, 0xC5, 0x78, 0x00, 0x5C, 0x69, 0x64, 0xB4, 0x1A, 0x59, 0x89, 0x85, 0x7C, 0xF3,
    0xDA, 0xEF, 0xBE, 0x83, 0x77, 0x01, 0xE4, 0x99, 0xBD, 0x34, 0x69, 0x75, 0x3C, 0x39, 0x57, 0x32,
    0xCF, 0x35, 0x7C, 0x28, 0x5E, 0x07, 0x9C, 0x2F, 0x61, 0x70, 0x7D, 0x2B, 0x4F, 0x16, 0x42, 0xEC,
    0xCC, 0xB3, 0x3F, 0x8A, 0xBC, 0xA1, 0xED, 0xC8, 0xE9, 0x32, 0xA0, 0xA1, 0xCE, 0x0B, 0x8D, 0x94,
    0xCA, 0x47, 0xD8, 0xAF, 0xFA, 0x07, 0xE0, 0x90, 0x47, 0x32, 0xEE, 0xBF, 0x8B, 0x51, 0xAD, 0x2F,
    0x84, 0xD3, 0x5F, 0x5D, 0xD2, 0x97, 0x63, 0x68, 0xBA, 0xB2, 0x5C, 0xC8, 0x25, 0x67, 0xB0, 0x0E,
    0xD1, 0x87, 0xC6, 0x6D, 0x79, 0x69, 0xA7, 0x29, 0xF1, 0xC1, 0x72, 0xA5, 0x2D, 0xCC, 0x8E, 0xB7,
    0x29, 0xFE, 0x42, 0xB4, 0x2D, 0xF6, 0xFF, 0x04, 0x66, 0x56, 0x7E, 0x75, 0xF4, 0x90, 0x0E, 0xAF,
    0x6D, 0x35, 0x8C, 0x1E, 0x8D, 0x3A, 0x4A, 0x05, 0xC6, 0xAB, 0x19, 0x8B, 0x99, 0x2F, 0x27, 0x3A,
    0x86, 0x85, 0x5B, 0x64, 0xE8, 0xCA, 0xFA, 0x60, 0xF1, 0x18, 0xC5, 0xC3, 0x86, 0xCE, 0x38, 0x17,
    0xCF, 0x6E, 0xAC, 0x62, 0x95, 0x9D, 0xFA, 0x8E, 0x0C, 0xA5, 0x5C, 0x4C, 0x58, 0x9A, 0x88, 0x34,
    0xC3, 0x56, 0x5B, 0x56, 0xBD, 0x0A, 0xB5, 0x80, 0xDB, 0xDF, 0xC4, 0x42, 0xE7, 0x5B, 0x83, 0xBF,
    0xD4, 0x48, 0xF1, 0x53, 0x44, 0xA5, 0xEA, 0xF6, 0x89, 0xD8, 0xE4, 0xBA, 0x19, 0x10, 0x8E, 0xC6,
    0xFB, 0x9A, 0x27, 0xDB, 0xFB, 0x21, 0x6D, 0xC7, 0x77, 0xAE, 0x4A, 0x50, 0x0D, 0xB9, 0xDF, 0xF8,
    0x8A, 0x03, 0x9F, 0xA1, 0xE3, 0x88, 0x2F, 0x52, 0x39, 0x68, 0x6B, 0xA5, 0xEF, 0xC4, 0x20, 0xE3,
    0x75, 0x67, 0xE1, 0xA3, 0xB0, 0x53, 0x6D, 0xA7, 0x2F, 0xE3, 0x9A, 0xAF, 0x8E, 0x27, 0xF6, 0x52,
    0x92, 0x9E, 0x6F, 0x0E, 0xC7, 0x26, 0x8B, 0x2B, 0x5F, 0x4A, 0xE2, 0xF1, 0x0A, 0xB2, 0xD8, 0xDC,
    0xEB, 0xEB, 0x9C, 0xED, 0x74, 0x48, 0xAE, 0xBD, 0x78, 0x81, 0x50, 0xD6, 0xA1, 0x78, 0xE9, 0xDB,
    0x59, 0xD8, 0xD3, 0xCF, 0x36, 0xC9, 0xFD, 0x00, 0xE7, 0x6D, 0x5C, 0xB9, 0x23, 0x2D, 0x94, 0x99,
    0xAE, 0xEF, 0xDE, 0x6D, 0xEF, 0xCD, 0x6C, 0x2F, 0xB2, 0xDA, 0x19, 0x1C, 0x95, 0xD9, 0x37, 0x9C,
    0x59, 0x49, 0x49, 0xCD, 0x4A, 0xE2, 0xF9, 0x26, 0xE2, 0xD8, 0xD2, 0xF4, 0x4E, 0xE5, 0xFF, 0x03,
    0x8D, 0x56, 0xBF, 0x6F, 0x1C, 0x45, 0x14, 0xFE, 0xF6, 0x36, 0x64, 0x03, 0x13, 0x79, 0x52, 0xB8,
    0x48, 0x94, 0xC0, 0x36, 0x14, 0x11, 0x8A, 0x35, 0x2E, 0x52, 0xA4, 0x38, 0x7B, 0x96, 0xA4, 0xA4,
    0x49, 0x91, 0x8A, 0x86, 0x14, 0xE9, 0x28, 0xDC, 0xBA, 0x38, 0x7B, 0x57, 0x69, 0x28, 0x90, 0x22,
    0xFE, 0x84, 0x88, 0x40, 0x43, 0x63, 0x4B, 0x50, 0x5C, 0x71, 0xF6, 0x4E, 0x70, 0x41, 0xBB, 0x22,
    0x12, 0xB4, 0x2B, 0x48, 0x17, 0x21, 0x06, 0x69, 0x24, 0x6F, 0xA4, 0xBD, 0x1B, 0xBE, 0xD9, 0xBD,
    0xB3, 0x0F, 0x63, 0x4B, 0xD9, 0x79, 0x33, 0x37, 0xF3, 0xF6, 0xED, 0xFB, 0xFD, 0xDE, 0x9C, 0xB6,
    0x90, 0x2D, 0xE2, 0x19, 0x50, 0x66, 0x90, 0x26, 0xF6, 0x99, 0x98, 0x22, 0x75, 0xD0, 0x05, 0x0E,
    0x80, 0xC8, 0x1B, 0xC4, 0xBE, 0x86, 0x3C, 0x76, 0x50, 0xC5, 0x14, 0x3B, 0x50, 0x10, 0x6E, 0x50,
    0xE8, 0x99, 0x30, 0xA5, 0xF7, 0x45, 0xA3, 0x3C, 0x9E, 0x27, 0x0D, 0xF8, 0x78, 0x6F, 0x09, 0xFD,
    0xAE, 0x7F, 0x1C, 0x46, 0x07, 0x51, 0x93, 0x7B, 0x97, 0xFA, 0xEA, 0xF2, 0x2C, 0xD3, 0x99, 0x37,
    0x61, 0xE8, 0x6C, 0x27, 0x72, 0x3E, 0x6E, 0x09, 0xDC, 0x00, 0xCA, 0xF9, 0xA9, 0xCD, 0xA1, 0x71,
    0x98, 0xB8, 0xC4, 0x24, 0x06, 0x14, 0x9F, 0x4F, 0x1B, 0x65, 0x65, 0xA3, 0xF2, 0x69, 0xEA, 0xE2,
    0x56, 0xD7, 0xC2, 0xE5, 0x45, 0x5A, 0xCD, 0xA0, 0xEF, 0x37, 0x38, 0x88, 0x6B, 0x6C, 0x22, 0xCD,
    0x52, 0x73, 0x88, 0xE4, 0xB8, 0xC1, 0x20, 0x48, 0xA5, 0x9E, 0x6D, 0xFF, 0xE8, 0xD3, 0x91, 0x1F,
    0x4D, 0xA1, 0x6A, 0x0F, 0x61, 0xF3, 0x62, 0xD0, 0x4A, 0x83, 0x9D, 0xD8, 0x46, 0x53, 0x1A, 0x14,
    0x80, 0x1B, 0x2A, 0x38, 0xC1, 0x38, 0x1F, 0x04, 0x05, 0x07, 0x33, 0x10, 0xB8, 0xA1, 0xBE, 0xD4,
    0x9A, 0xAF, 0x68, 0xC9, 0x7E, 0x62, 0x15, 0x86, 0x98, 0xC0, 0x23, 0x68, 0x5E, 0x1A, 0x95, 0xA5,
    0x85, 0xAE, 0xB5, 0xA5, 0x72, 0x36, 0xB6, 0x71, 0x25, 0xCC, 0x2E, 0x9E, 0x90, 0x50, 0x65, 0x65,
    0x67, 0x9B, 0x27, 0xED, 0x90, 0xA7, 0xC4, 0x62, 0x9F, 0x76, 0x9C, 0x4B, 0xFB, 0xC9, 0x73, 0xA8,
    0x06, 0xA2, 0xA5, 0xE2, 0x40, 0x9E, 0x41, 0x18, 0xFC, 0x50, 0x0C, 0x7C, 0xC1, 0x18, 0xC8, 0x06,
    0x69, 0x45, 0xE3, 0x00, 0x0B, 0x5B, 0x72, 0x84, 0xDF, 0xB0, 0x04, 0xDE, 0xE1, 0xB7, 0xF3, 0xAE,
    0x21, 0x30, 0x54, 0x67, 0x20, 0x35, 0xDA, 0x6A, 0x2B, 0x28, 0x4A, 0x54, 0x79, 0xF6, 0x88, 0xD2,
    0x73, 0x67, 0x9B, 0x3C, 0x95, 0x08, 0x83, 0xC1, 0x09, 0x5E, 0xE2, 0xDA, 0x9F, 0x17, 0xB8, 0xF0,
    0x4B, 0x7C, 0xEB, 0x5B, 0xEA, 0xDD, 0x8F, 0x49, 0xDE, 0xE6, 0x4E, 0x55, 0x9D, 0x6C, 0x8E, 0x06,
    0xA5, 0xD3, 0x2E, 0xAD, 0x2F, 0x0A, 0x5F, 0x08, 0x96, 0x4B, 0x17, 0xC1, 0x4A, 0x2B, 0x45, 0x8A,
    0x4D, 0xBA, 0x21, 0x36, 0x49, 0x95, 0x4C, 0x11, 0x02, 0x5B, 0x96, 0xD3, 0xBC, 0x16, 0x95, 0x66,
    0x46, 0xB5, 0x1C, 0xB3, 0x28, 0xF7, 0x62, 0xD6, 0x47, 0xEB, 0x24, 0x5D, 0x1A, 0x28, 0x66, 0x22,
    0x61, 0xFD, 0xEA, 0xD5, 0xBB, 0x6B, 0x77, 0xB4, 0x6F, 0xE4, 0x2B, 0xFB, 0x04, 0x37, 0x76, 0x71,
    0xA8, 0x9E, 0x36, 0xD2, 0xDB, 0xD8, 0x9B, 0xC8, 0x77, 0x7E, 0xF2, 0x95, 0x7C, 0x63, 0xF5, 0xA7,
    0xFC, 0x58, 0xFF, 0x37, 0xC5, 0xCE, 0x46, 0xF0, 0x5D, 0x32, 0xD5, 0x2E, 0x4F, 0xCC, 0x9F, 0xC5,
    0xF9, 0x02, 0x06, 0xE1, 0xBD, 0x09, 0xF3, 0x84, 0xBA, 0xA7, 0xEF, 0x38, 0x44, 0xC4, 0x88, 0x82,
    0xE5, 0x64, 0x40, 0xF3, 0x91, 0xD7, 0x5D, 0x71, 0xD1, 0x38, 0xE8, 0x0C, 0xB8, 0xB2, 0x10, 0x41,
    0xFF, 0x20, 0x84, 0x1E, 0x92, 0xD8, 0x94, 0xE7, 0x10, 0xF5, 0x21, 0xE7, 0x84, 0x93, 0x6E, 0x8D,
    0xF8, 0x01, 0x13, 0xFD, 0x5C, 0xB2, 0xD1, 0x29, 0xD9, 0x60, 0x4E, 0x96, 0x2C, 0x91, 0xA9, 0x25,
    0xB2, 0xA0, 0xEF, 0x6A, 0x27, 0xCF, 0x81, 0x75, 0xCD, 0x68, 0x2B, 0x84, 0xC4, 0xEF, 0x7D, 0x4D,
    0xA7, 0xFB, 0xA5, 0xA7, 0x47, 0xF6, 0xFB, 0x60, 0xC5, 0x9F, 0x56, 0xF9, 0xE6, 0xDE, 0xDA, 0x9D,
    0xF5, 0x5B, 0x57, 0xAF, 0x5D, 0xBA, 0x04, 0x5C, 0xBF, 0xBD, 0x39, 0x91, 0x56, 0xD4, 0xAA, 0xB9,
    0x73, 0x2F, 0x68, 0x73, 0x40, 0x36, 0x8E, 0x9A, 0x6C, 0x76, 0xE9, 0xB4, 0x8B, 0x31, 0x2E, 0x72,
    0x24, 0x03, 0xC5, 0x2E, 0xC3, 0xF0, 0xF4, 0x09, 0xCF, 0xB6, 0xC2, 0x0A, 0x14, 0x8B, 0x6C, 0x3F,
    0xCF, 0xCD, 0xAC, 0x1D, 0xA6, 0x73, 0x62, 0xE3, 0x5A, 0x17, 0x34, 0x20, 0x0D, 0x76, 0xB1, 0x80,
    0xF5, 0x17, 0x99, 0xD7, 0xDA, 0xF8, 0x0D, 0x6D, 0x76, 0x86, 0x44, 0x7E, 0x0C, 0xF4, 0x69, 0xE9,
    0xAB, 0xD2, 0xA9, 0xFA, 0xFF, 0xE9, 0x74, 0x91, 0x46, 0xCB, 0x7D, 0x82, 0xC1, 0x9A, 0xD7, 0x5A,
    0x5F, 0x62, 0x88, 0x0B, 0x88, 0x37, 0x3F, 0x1B, 0xED, 0x1F, 0x98, 0x9C, 0x3A, 0xB9, 0xDC, 0xB3,
    0x1C, 0x9B, 0xCE, 0xE1, 0xB8, 0x86, 0xCE, 0x88, 0xD0, 0x71, 0xBA, 0x19, 0x0C, 0x7A, 0x9B, 0x90,
    0xD6, 0x17, 0xA4, 0x45, 0x73, 0xB3, 0xE9, 0x99, 0x9C, 0xA5, 0xB9, 0x20, 0x95, 0xCE, 0xC3, 0xD3,
    0xD7, 0xB7, 0x04, 0x4A, 0x4F, 0xE1, 0x86, 0x9B, 0xE0, 0x7A, 0x88, 0x4C, 0xD5, 0x5B, 0xB5, 0x34,
    0xFD, 0x98, 0xDB, 0x52, 0x69, 0x4B, 0x03, 0xBB, 0xB5, 0x93, 0x29, 0x17, 0x2B, 0x0D, 0x90, 0xCF,
    0xF1, 0xE3, 0x33, 0x7C, 0x80, 0x95, 0xFD, 0x15, 0xB6, 0xA2, 0x15, 0x84, 0x86, 0x74, 0xB2, 0x59,
    0xC1, 0x9C, 0x92, 0x1E, 0x13, 0x8B, 0xB5, 0xC7, 0x84, 0xB7, 0x72, 0x4E, 0xB9, 0x72, 0xFA, 0xC9,
    0x37, 0x81, 0xDB, 0xFB, 0x36, 0xAC, 0x72, 0x59, 0xD6, 0xB2, 0x0E, 0x86, 0xE9, 0xA6, 0x2A, 0xF6,
    0xCC, 0xFA, 0x2D, 0xAA, 0xD0, 0x80, 0x9A, 0xD0, 0x80, 0xD8, 0xFA, 0x95, 0xAF, 0x77, 0x07, 0xAE,
    0xC1, 0xE4, 0xBB, 0x47, 0xB7, 0x07, 0xFE, 0xB4, 0x01, 0x33, 0xE3, 0x87, 0xA9, 0x13, 0xB5, 0xB4,
    0x1B, 0xA3, 0xD5, 0x55, 0xAC, 0x0F, 0x6C, 0xC9, 0x4B, 0xA6, 0x2C, 0x2E, 0x5B, 0xAC, 0x77, 0xCC,
    0xEA, 0x05, 0xB3, 0xC7, 0xB8, 0xC1, 0x04, 0xD3, 0xEC, 0x36, 0x1A, 0x71, 0x53, 0x66, 0xA9, 0x3B,
    0x36, 0xBB, 0xD1, 0x1F, 0xD5, 0xE3, 0x98, 0x7D, 0xF1, 0x4C, 0x6E, 0x9F, 0x76, 0x2A, 0x5A, 0x79,
    0xEB, 0x45, 0xA6, 0xF6, 0x8A, 0x01, 0x79, 0xED, 0x15, 0xD7, 0xBF, 0x0D, 0x98, 0xF4, 0x17, 0xC6,
    0x73, 0xEA, 0x76, 0x3E, 0xB2, 0x43, 0xC9, 0x95, 0x7B, 0x62, 0x56, 0xF0, 0x21, 0x54, 0xAB, 0x1B,
    0xDC, 0xC5, 0xFE, 0xA8, 0x4B, 0x81, 0x4A, 0x75, 0xF6, 0x15, 0x22, 0x24, 0xD5, 0x21, 0xA2, 0xD9,
    0x43, 0x7C, 0x19, 0x6E, 0x2B, 0x26, 0x0F, 0xAB, 0x3B, 0x2A, 0xFD, 0xEB, 0xBE, 0xC2, 0xDE, 0x8D,
    0x12, 0xCB, 0x17, 0x63, 0x57, 0x5D, 0xCB, 0xC7, 0xC8, 0xBF, 0xE5, 0x79, 0x43, 0x78, 0x3F, 0xCB,
    0x30, 0xE9, 0x6B, 0xB2, 0xD9, 0x0C, 0x9F, 0xFA, 0x9A, 0x32, 0xA2, 0x3D, 0xA2, 0xF1, 0xB9, 0xFF,
    0x9E, 0x44, 0x37, 0xF9, 0xEA, 0xF5, 0xFC, 0x5B, 0x24, 0x14, 0xF5, 0x5E, 0x59, 0xB1, 0x8A, 0xD8,
    0x01, 0xDC, 0x46, 0xC7, 0x35, 0x34, 0x06, 0x64, 0x61, 0xD9, 0x0F, 0x34, 0x6D, 0xB7, 0x74, 0xC7,
    0xEE, 0x85, 0x72, 0xDB, 0x23, 0x0C, 0x55, 0xEB, 0x86, 0x6E, 0x94, 0xEB, 0xB4, 0xDE, 0xDE, 0xB6,
    0x43, 0xDF, 0x5A, 0x6C, 0x5F, 0xE1, 0xA5, 0x8F, 0xFE, 0x3A, 0xD0, 0x27, 0x57, 0x84, 0xCC, 0x74,
    0x95, 0xBA, 0xED, 0xB5, 0xD0, 0xE0, 0x5D, 0xBA, 0xBD, 0x46, 0xF7, 0xA7, 0x46, 0x26, 0x46, 0xC6,
    0x0B, 0xF8, 0xCC, 0x24, 0xC7, 0x8C, 0xD1, 0xF8, 0x27, 0xFB, 0x30, 0x34, 0x83, 0xF1, 0xAA, 0xAA,
    0xA3, 0xB6, 0xEB, 0x64, 0xBC, 0x07, 0x47, 0x18, 0x4F, 0x60, 0x87, 0x73, 0x18, 0xF3, 0xDF, 0xC3,
    0x56, 0x96, 0x07, 0x29, 0x1D, 0xE4, 0x99, 0xFC, 0x7A, 0x89, 0xD3, 0x03, 0xA3, 0x5F, 0x59, 0x9D,
    0x6F, 0x19, 0xF9, 0xD5, 0xAF, 0xB5, 0x8C, 0x5F, 0xDA, 0x93, 0xF9, 0xE0, 0xA5, 0xD5, 0xAF, 0xFE,
    0x69, 0xF5, 0xAE, 0x7C, 0x76, 0xA2, 0x56, 0x1D, 0x43, 0x40, 0x2F, 0xDD, 0x66, 0x22, 0x74, 0xD8,
    0xDF, 0xAD, 0xBC, 0x6F, 0xC4, 0xD3, 0x2C, 0x39, 0x42, 0xFC, 0x1B, 0x82, 0x22, 0x84, 0x27, 0xD0,
    0x7F, 0xD7, 0xE2, 0x28, 0x1B, 0xFC, 0x15, 0x8E, 0xF1, 0x16, 0xF3, 0xDB, 0xE4, 0x5B, 0xF6, 0x5F,
    0xDD, 0x7D, 0x3D, 0xB0, 0xE5, 0xC6, 0x75, 0x66, 0xE3, 0x82, 0x1A, 0xAC, 0x84, 0x2A, 0x83, 0x01,
    0x5D, 0xAB, 0xF2, 0xAC, 0x04, 0x07, 0xAA, 0xB2, 0x6A, 0x4B, 0x24, 0x12, 0x05, 0x0A, 0x66, 0x06,
    0xA0, 0xB8, 0xB5, 0xAC, 0x5A, 0x06, 0xA3, 0x68, 0x6B, 0xB7, 0x36, 0x90, 0x03, 0x45, 0x76, 0xED,
    0x8E, 0x03, 0x07, 0x0C, 0xDE, 0x0C, 0x60, 0x31, 0x50, 0xA0, 0x40, 0xB3, 0x55, 0xCE, 0x36, 0x10,
    0x03, 0x26, 0x56, 0x42, 0x05, 0x0C, 0xA6, 0x6A, 0xDF, 0x10, 0xA0, 0x18, 0x30, 0x70, 0x40, 0xD0,
    0x0A, 0x1C, 0x12, 0x6B, 0xCD, 0x96, 0xED, 0xDA, 0x80, 0xA0, 0x08, 0x99, 0x18, 0x12, 0x17, 0xBD,
    0xE7, 0xFB, 0x4E, 0x37, 0x2E, 0xEE, 0xFB, 0x9F, 0xE1, 0x23, 0x47, 0xF4, 0x9B, 0x79, 0xE7, 0xE0,
    0xDD, 0x1F, 0xA0, 0xFB, 0x74, 0xF7, 0xE9, 0xF3, 0xDF, 0xE6, 0x17, 0x95, 0x31, 0xA6, 0xEC, 0x04,
    0xA4, 0x83, 0x80, 0x70, 0x12, 0x60, 0x6A, 0x80, 0x2B, 0x46, 0x7F, 0xAC, 0xFC, 0x8C, 0x04, 0x91,
    0x2D, 0xA2, 0x31, 0xB4, 0x45, 0x00, 0x60, 0x76, 0xE0, 0x47, 0x00, 0xE6, 0x18, 0xB0, 0xD6, 0x83,
    0x93, 0xDE, 0x75, 0xE0, 0xC6, 0x02, 0xEE, 0xE0, 0xCE, 0x33, 0x1E, 0xA4, 0x20, 0x6D, 0xCB, 0xC2,
    0xE4, 0xBD, 0x6D, 0x14, 0xF0, 0xCF, 0xDD, 0x4F, 0x2D, 0x1F, 0x99, 0x4A, 0x80, 0x8D, 0x6D, 0xAE,
    0x4C, 0x81, 0x7C, 0x82, 0xE0, 0x70, 0x01, 0xDF, 0x06, 0x30, 0xC7, 0x80, 0xB5, 0x15, 0x40, 0x71,
    0xF2, 0xBB, 0x0E, 0xA4, 0x0B, 0xC8, 0xE5, 0xF6, 0xA6, 0xC6, 0x83, 0x6C, 0xBD, 0x80, 0xCE, 0x38,
    0xF4, 0xA6, 0xB1, 0x6D, 0xDC, 0x99, 0x43, 0x41, 0xE1, 0x51, 0xF4, 0x23, 0x41, 0xC1, 0x5D, 0x10,
    0xB0, 0x55, 0x3A, 0xEE, 0xA3, 0xBF, 0xB3, 0x0F, 0x1C, 0x71, 0x1D, 0x92, 0x47, 0xDB, 0x2E, 0x90,
    0x9B, 0xE2, 0x23, 0x75, 0x4F, 0x94, 0x3B, 0x34, 0xEC, 0xA1, 0xBD, 0xF7, 0xEA, 0x4E, 0x5A, 0xDC,
    0xB1, 0xA9, 0xD6, 0x26, 0xB3, 0x21, 0xC2, 0xAD, 0x37, 0x7F, 0x23, 0x20, 0xD9, 0xFA, 0x91, 0xCD,
    0xE5, 0xFE, 0x06, 0x7F, 0x99, 0xBB, 0xAB, 0x81, 0xED, 0x09, 0x30, 0xB0, 0x3D, 0xC8, 0x0F, 0x60,
    0x76, 0xE0, 0xD5, 0x33, 0x87, 0xEE, 0xC2, 0x20, 0xB6, 0x15, 0x9F, 0xE6, 0x80, 0x09, 0x6A, 0x69,
    0x66, 0x66, 0xD1, 0xEA, 0x22, 0x1B, 0xA3, 0xAD, 0x49, 0xA6, 0x64, 0x34, 0xD1, 0x94, 0xF5, 0x26,
    0x1C, 0xA4, 0x5B, 0x9B, 0x8A, 0x13, 0xB2, 0x6E, 0x3D, 0xB9, 0x14, 0x80, 0xE0, 0x02, 0xDA, 0xD5,
    0x6B, 0x75, 0xE7, 0x67, 0x2F, 0xA8, 0x61, 0xB2, 0xD1, 0x98, 0xA7, 0xD0, 0xE5, 0x6B, 0x91, 0xAD,
    0x36, 0x13, 0xC6, 0x79, 0xC0, 0x83, 0x5A, 0x79, 0xE4, 0x43, 0x63, 0xAE, 0x4A, 0x3B, 0xE4, 0xB5,
    0xD1, 0xC4, 0x43, 0x34, 0xCB, 0x84, 0x32, 0xD6, 0x64, 0x32, 0xB8, 0x20, 0xCD, 0x6D, 0x93, 0xB7,
    0xE6, 0x69, 0x52, 0xD8, 0x64, 0x33, 0x68, 0x86, 0xE1, 0x89, 0x65, 0x9E, 0x98, 0x8D, 0x10, 0x48,
    0x1E, 0x62, 0x65, 0x65, 0x5C, 0x61, 0xF3, 0x33, 0x74, 0x27, 0xB4, 0x4D, 0x20, 0x8D, 0x68, 0x32,
    0x50, 0xB6, 0x24, 0x90, 0xD9, 0x5A, 0x95, 0xBC, 0xDF, 0xB0, 0x91, 0x3E, 0xE1, 0x6B, 0xD2, 0xD3,
    0x42, 0xDA, 0x3C, 0xC9, 0x7F, 0x21, 0x82, 0x10, 0xE3, 0x31, 0xFE, 0xCB, 0x17, 0xF5, 0x0E, 0xB7,
    0x83, 0xC1, 0x86, 0x93, 0xFC, 0x97, 0x0B, 0x3F, 0x82, 0x97, 0x73, 0x67, 0x69, 0x6B, 0x83, 0x5F,
    0x53, 0x0A, 0x01, 0x41, 0x83, 0xCF, 0xE5, 0xB7, 0xD7, 0x5F, 0x0C, 0x97, 0x3C, 0x0A, 0x33, 0xA3,
    0x94, 0xA1, 0xAA, 0xEF, 0xBA, 0xA9, 0x68, 0x57, 0x38, 0x6C, 0x03, 0x8E, 0x6F, 0xD8, 0x70, 0x49,
    0x3E, 0x12, 0xC6, 0xC0, 0x45, 0x0D, 0x17, 0x3A, 0x71, 0x53, 0xF6, 0x8A, 0x93, 0x49, 0x71, 0xBC,
    0x35, 0x31, 0x70, 0x64, 0x4D, 0xE2, 0x71, 0xA5, 0x38, 0x75, 0x38, 0x07, 0x7B, 0x88, 0xE6, 0xC0,
    0x1A, 0x7E, 0xBE, 0x9C, 0x0D, 0xBF, 0x5F, 0x4E, 0x86, 0xF7, 0x13, 0x32, 0xFD, 0x5B, 0xDC, 0x5F,
    0xA6, 0x50, 0x8D, 0xF9, 0x24, 0x24, 0xCC, 0x5D, 0xFB, 0xDD, 0x45, 0x04, 0x2E, 0x83, 0x79, 0x89,
    0x6E, 0x6A, 0x57, 0x1E, 0xF3, 0x02, 0x3F, 0xFF, 0xEC, 0x2F, 0xE4, 0x35, 0x7D, 0x4B, 0x5A, 0xA0,
    0x17, 0x32, 0xDB, 0xF5, 0x22, 0xB2, 0xEE, 0x22, 0xDC, 0x5D, 0x14, 0xC7, 0x2E, 0x8E, 0x7E, 0x58,
    0xBE, 0xCE, 0xA6, 0xB6, 0x99, 0xEF, 0x05, 0xD6, 0x17, 0x2F, 0x1E, 0x1A, 0xCF, 0xE5, 0x16, 0xEC,
    0xD8, 0x9D, 0xE7, 0x70, 0xC7, 0xF0, 0xC2, 0xF2, 0x3C, 0x97, 0x3B, 0x8E, 0x95, 0xED, 0x79, 0xBE,
    0xE7, 0x19, 0x9F, 0x70, 0xBE, 0x0D, 0xC9, 0x85, 0xA7, 0xF7, 0x8A, 0xCB, 0x47, 0xC0, 0xA0, 0x75,
    0x39, 0x90, 0xF7, 0xC9, 0x4A, 0x6D, 0x16, 0x6C, 0xCC, 0x1F, 0xBD, 0x86, 0xC7, 0xF0, 0xB3, 0x06,
    0xEB, 0xD6, 0x84, 0xE4, 0x81, 0x09, 0x1E, 0x66, 0xBE, 0xB6, 0x6C, 0x27, 0x5C, 0x04, 0xBA, 0x14,
    0x26, 0x12, 0x04, 0x4B, 0xCA, 0x90, 0xB6, 0x9B, 0x01, 0x30, 0xEA, 0x00, 0xD3, 0x0A, 0x30, 0xE7,
    0x00, 0x4D, 0x80, 0x2F, 0x0C, 0x80, 0x37, 0x47, 0x0E, 0xD0, 0xD6, 0xED, 0x7A, 0x78, 0x45, 0xBE,
    0x1D, 0xDA, 0x17, 0x39, 0xCF, 0xBF, 0x6F, 0xF9, 0x5D, 0xCB, 0xFB, 0xD4, 0x13, 0xEF, 0x30, 0xF3,
    0x6E, 0x1C, 0x85, 0x18, 0x33, 0x4E, 0x1E, 0x27, 0xAC, 0x78, 0x32, 0xD8, 0xFB, 0x26, 0x61, 0x54,
    0xCA, 0xBD, 0x71, 0x27, 0xB7, 0xDD, 0x55, 0x44, 0x99, 0x92, 0x31, 0xEC, 0xF5, 0xD5, 0x3F, 0x35,
    0xFB, 0x1D, 0xB0, 0x8D, 0x43, 0x72, 0x43, 0xE3, 0xA6, 0x48, 0x3E, 0x9C, 0x80, 0xB4, 0x2D, 0xA1,
    0xA2, 0x58, 0x51, 0xA6, 0xEF, 0x1D, 0x10, 0x3D, 0x3F, 0x10, 0xBD, 0xD0, 0x12, 0xDD, 0xAC, 0x88,
    0xEE, 0xE8, 0xD7, 0x27, 0x45, 0xBD, 0xA2, 0xE6, 0xE4, 0x27, 0x08, 0x8A, 0xB5, 0x11, 0xFB, 0x2D,
    0x33, 0x9B, 0x1E, 0x33, 0x25, 0xE9, 0x21, 0x69, 0x24, 0x63, 0x3C, 0x61, 0xAD, 0x58, 0xF0, 0xB3,
    0x5B, 0xF3, 0x7A, 0x7F, 0xDF, 0x1F, 0x92, 0x04, 0x8F, 0x91, 0x5E, 0x35, 0x26, 0x93, 0x56, 0xCB,
    0xDE, 0xC7, 0x11, 0xBF, 0x6D, 0xB0, 0x4F, 0x1E, 0xCA, 0xB0, 0x8F, 0x46, 0xEE, 0x90, 0x4D, 0x9B,
    0x1E, 0x3B, 0x1E, 0xEE, 0x1F, 0xDB, 0xB8, 0xE1, 0x38, 0x08, 0xDD, 0x36, 0xF6, 0xE7, 0x05, 0xEF,
    0x47, 0x42, 0x72, 0xF8, 0x73, 0x8A, 0x39, 0xDC, 0x17, 0xA5, 0x29, 0x80, 0x98, 0xD6, 0xE6, 0xE9,
    0x14, 0x53, 0x26, 0xE7, 0x3C, 0xC9, 0xF9, 0xF1, 0x6C, 0x5A, 0xDE, 0x3C, 0x4E, 0xE1, 0x5A, 0xBB,
    0x2A, 0x93, 0xEB, 0x09, 0xA1, 0x08, 0x68, 0x50, 0xAE, 0x89, 0x96, 0xB9, 0xD5, 0xC4, 0x0D, 0x4C,
    0x5A, 0x3D, 0xAE, 0x27, 0x8B, 0x43, 0x1B, 0x4E, 0x7C, 0x13, 0x28, 0x8A, 0xD9, 0x3D, 0xD9, 0x7F,
    0x89, 0x52, 0xFD, 0x9E, 0xF6, 0xDC, 0xDC, 0xB0, 0x1C, 0x8F, 0xFB, 0xA4, 0x86, 0x19, 0xB8, 0x9A,
    0x82, 0x9E, 0x9B, 0xF2, 0xA6, 0xE7, 0x82, 0x0A, 0x5B, 0xEE, 0xBA, 0x51, 0x83, 0x7D, 0x57, 0x78,
    0x69, 0x8A, 0xDB, 0x24, 0x15, 0x65, 0x8E, 0xCC, 0x40, 0x16, 0xC1, 0x42, 0xC4, 0xDD, 0x20, 0x3F,
    0xC9, 0xDD, 0xEE, 0x73, 0xBE, 0x18, 0x72, 0x51, 0x13, 0xA8, 0x34, 0x83, 0x76, 0xC9, 0x5C, 0x02,
    0x12, 0x7A, 0x62, 0x30, 0x64, 0x89, 0xB8, 0xFD, 0x68, 0x41, 0xC2, 0x95, 0x08, 0xA4, 0xC3, 0x29,
    0xD9, 0xD9, 0x02, 0x36, 0x00, 0xC1, 0xDD, 0xE3, 0xC2, 0xE7, 0xAB, 0x5E, 0xF8, 0x7C, 0x9E, 0x0C,
    0x30, 0x87, 0x40, 0x93, 0x41, 0x5C, 0x4D, 0xA7, 0xE3, 0x80, 0x6F, 0xE0, 0x23, 0xF2, 0xE1, 0x1F,
    0xE2, 0x6B, 0x16, 0xDB, 0x88, 0x80, 0x7F, 0xF2, 0x2C, 0x2A, 0xB2, 0xCF, 0xD7, 0xA4, 0x7B, 0xC6,
    0x05, 0x9C, 0x28, 0xDC, 0xAE, 0xE0, 0xEA, 0xF5, 0x8C, 0x9F, 0xAC, 0x9B, 0x15, 0x53, 0x20, 0xE3,
    0xCE, 0xB8, 0x24, 0xE3, 0xAD, 0x2E, 0xBE, 0x35, 0x2C, 0x8E, 0xBC, 0x12, 0xCF, 0x18, 0x5C, 0x79,
    0xD6, 0xEB, 0x5E, 0xEC, 0x79, 0xF8, 0x04, 0x05, 0x36, 0xDD, 0x96, 0x15, 0x62, 0xEB, 0x6C, 0xDD,
    0x86, 0xBB, 0x86, 0xD1, 0x31, 0x18, 0x57, 0x3B, 0x98, 0x14, 0x2B, 0xA8, 0x22, 0x36, 0xE1, 0x73,
    0x84, 0x37, 0x08, 0xAF, 0x13, 0x1E, 0x12, 0x8E, 0x80, 0x41, 0x0F, 0x18, 0x12, 0xDA, 0xF5, 0x4F,
    0x05, 0x8E, 0x3F, 0xEF, 0x16, 0x32, 0xE7, 0x9F, 0x5F, 0xCE, 0x0A, 0x9F, 0xAC, 0xEE, 0x92, 0x93,
    0x9B, 0x0B, 0x5C, 0x2E, 0x36, 0xE0, 0xB3, 0x85, 0x88, 0x9D, 0xA6, 0x34, 0xD8, 0x7D, 0xC1, 0xAF,
    0x2A, 0xB9, 0x88, 0x65, 0x3D, 0x25, 0x2D, 0x45, 0x0F, 0xAC, 0x51, 0xC8, 0x1E, 0x58, 0x67, 0xD2,
    0x5E, 0xC3, 0xAE, 0xDD, 0x8F, 0xEC, 0x86, 0x3D, 0xCA, 0x23, 0x1B, 0x71, 0x09, 0xE7, 0xEF, 0x58,
    0xED, 0x23, 0x55, 0x20, 0xA3, 0x3A, 0x0D, 0xA6, 0x99, 0xB4, 0x49, 0xDE, 0x52, 0xE9, 0xE3, 0x45,
    0x0B, 0x06, 0x25, 0x42, 0x68, 0x64, 0xB9, 0xE4, 0x32, 0xD9, 0xD5, 0x28, 0x90, 0xE4, 0xB8, 0x33,
    0xB6, 0xD8, 0x1A, 0xCF, 0x82, 0xBC, 0x67, 0x3B, 0x3C, 0x14, 0x73, 0x92, 0x92, 0x10, 0xFE, 0x57,
    0x31, 0xB7, 0x25, 0x21, 0xB1, 0x3C, 0x41, 0x18, 0x3E, 0xD7, 0xC2, 0x64, 0x6E, 0x4D, 0x41, 0x6D,
    0xEF, 0x8A, 0x68, 0x2C, 0x4F, 0xAB, 0xE5, 0x5B, 0x85, 0xC5, 0x38, 0x63, 0x3B, 0x81, 0x04, 0x6C,
    0xDB, 0xAF, 0x50, 0xB0, 0x53, 0x2D, 0x6A, 0x63, 0x1D, 0x07, 0x4A, 0xD1, 0x8E, 0xD4, 0x62, 0x84,
    0x36, 0xE4, 0x28, 0x14, 0x05, 0xC8, 0x3F, 0xC8, 0x3D, 0xF2, 0xE1, 0x1A, 0xC0, 0x84, 0x3F, 0x41,
    0x9D, 0x1E, 0xB3, 0xAE, 0x2D, 0xB9, 0xD4, 0xF1, 0x20, 0x3E, 0xF2, 0x4B, 0xB3, 0xBB, 0x99, 0x1F,
    0x04, 0xE8, 0xA3, 0x2C, 0x4E, 0xB2, 0xC4, 0x21, 0x22, 0x4B, 0x9C, 0xC8, 0x60, 0x43, 0x2A, 0x12,
    0xFB, 0x1B, 0xDD, 0x97, 0xA5, 0x63, 0xBF, 0x77, 0xF2, 0xD1, 0x9A, 0x25, 0x85, 0x22, 0x34, 0xCA,
    0x2D, 0x1A, 0x6E, 0x27, 0x17, 0x80, 0xD1, 0x29, 0x30, 0x26, 0x4C, 0x14, 0x56, 0x80, 0x29, 0x61,
    0x0E, 0x49, 0x39, 0xD0, 0x79, 0x39, 0x13, 0x62, 0x07, 0xEB, 0x84, 0x48, 0xB2, 0xBD, 0x89, 0x0E,
    0x90, 0x93, 0x27, 0x63, 0x41, 0xF6, 0xC4, 0x64, 0xD0, 0x58, 0x59, 0x33, 0xC9, 0xBE, 0xB1, 0x5B,
    0xE2, 0xF0, 0x03, 0xC1, 0x9F, 0x0A, 0x63, 0x7F, 0x57, 0xF0, 0x47, 0xB2, 0xF4, 0x1D, 0x4E, 0x7E,
    0x26, 0xF8, 0xB7, 0xA2, 0x4D, 0x60, 0x23, 0xF9, 0x50, 0x54, 0x4A, 0xE0, 0xDE, 0xB6, 0xD7, 0x89,
    0xEB, 0xEE, 0x80, 0xB8, 0xEC, 0x0F, 0x89, 0xF3, 0x61, 0x20, 0xCE, 0x1E, 0xF6, 0xC4, 0xA9, 0xED,
    0x88, 0x13, 0xD5, 0x05, 0x7A, 0x21, 0x17, 0xB1, 0xD0, 0x8C, 0xD8, 0x6D, 0x50, 0x82, 0x61, 0x0C,
    0x88, 0xFA, 0x60, 0xC6, 0x3E, 0x2F, 0x54, 0x9B, 0x42, 0xEE, 0x26, 0x1E, 0x1F, 0x13, 0x6E, 0xC6,
    0xCF, 0x20, 0x9D, 0x90, 0x1E, 0x0B, 0x7A, 0xBC, 0xBB, 0xC4, 0xDA, 0x88, 0x23, 0x0B, 0xEC, 0x0A,
    0x36, 0x42, 0x50, 0x5C, 0x74, 0x7A, 0x21, 0xD9, 0x68, 0x22, 0xE9, 0xDC, 0x2C, 0x92, 0xA4, 0x09,
    0xB8, 0xEF, 0x0A, 0x07, 0x02, 0x5B, 0xA9, 0x5B, 0xA8, 0x99, 0x65, 0x07, 0x03, 0x41, 0xDE, 0x83,
    0xE5, 0xEC, 0xC1, 0x61, 0x05, 0xDD, 0xEB, 0xFA, 0x49, 0xFD, 0x96, 0xDE, 0x41, 0xEF, 0xA6, 0x77,
    0xD6, 0xA7, 0xE8, 0x13, 0xF5, 0xE9, 0xDA, 0x92, 0x7D, 0xD1, 0xCB, 0xC9, 0x63, 0x4F, 0x56, 0x28,
    0x8C, 0x55, 0x32, 0x3D, 0xBA, 0x7E, 0x55, 0x9E, 0x01, 0xF7, 0xF8, 0x8F, 0xB6, 0xC3, 0x12, 0x1B,
    0xBC, 0xF0, 0x93, 0xEC, 0xC0, 0x76, 0xEF, 0xCF, 0x74, 0x25, 0x15, 0xF9, 0x2D, 0xF1, 0xD5, 0x73,
    0x44, 0x87, 0xE8, 0x3C, 0x5B, 0x4F, 0xBC, 0xB3, 0xF5, 0xF4, 0x42, 0xE7, 0xC0, 0x9C, 0x68, 0xEB,
    0x39, 0x01, 0xA8, 0xAD, 0xA7, 0xBF, 0x98, 0xAD, 0x47, 0x35, 0x56, 0x85, 0xAA, 0xB5, 0xAA, 0x8E,
    0xBA, 0x86, 0xCF, 0x60, 0x55, 0x17, 0x5E, 0x37, 0xBD, 0x54, 0x18, 0x90, 0xD3, 0xE7, 0xDC, 0x11,
    0x08, 0x8F, 0x2A, 0x33, 0x25, 0xD7, 0x58, 0x5E, 0x90, 0x11, 0x1B, 0x48, 0x54, 0xF7, 0x29, 0x06,
    0x63, 0x1B, 0x1C, 0x02, 0x2A, 0x33, 0xE1, 0x31, 0x65, 0x26, 0x51, 0x65, 0xC6, 0x9C, 0xA8, 0xCC,
    0x64, 0xE7, 0x2B, 0x33, 0xF9, 0x4E, 0x99, 0x51, 0x55, 0x79, 0x8D, 0x37, 0x4E, 0x45, 0x57, 0x43,
    0x8A, 0xF9, 0x23, 0x15, 0x7E, 0x03, 0x67, 0x75, 0x88, 0x65, 0x0E, 0x34, 0xC2, 0xF0, 0xB2, 0x31,
    0x20, 0x7F, 0xC9, 0x7B, 0x48, 0x66, 0x56, 0x06, 0x45, 0xF0, 0xC6, 0x56, 0xE0, 0x8F, 0x14, 0x06,
    0xCE, 0xC1, 0xFE, 0xF3, 0xFE, 0xFB, 0xD9, 0xA4, 0xF7, 0xF3, 0xF7, 0xF7, 0xCF, 0xE3, 0xF3, 0x1F,
    0xAC, 0xDA, 0xB3, 0xB4, 0x6F, 0xBF, 0xDD, 0x02, 0x37, 0xB4, 0x56, 0x6C, 0x60, 0x08, 0xEE, 0xA1,
    0x20, 0x63, 0x87, 0xA3, 0x4A, 0x78, 0x9B, 0xEA, 0xDB, 0x08, 0x29, 0x08, 0x8A, 0x61, 0x68, 0x7F,
    0xD2, 0xE2, 0x36, 0xEF, 0x57, 0x0B, 0xFD, 0xCA, 0x69, 0xA7, 0xE3, 0x65, 0x4A, 0x22, 0x8A, 0x28,
    0x9F, 0x50, 0x82, 0xE9, 0x31, 0x88, 0x51, 0x0B, 0xBB, 0x42, 0x52, 0xE1, 0x43, 0x39, 0x75, 0x9A,
    0x43, 0x48, 0xE6, 0xC1, 0x48, 0x79, 0x09, 0x9B, 0x55, 0x5F, 0x4A, 0x77, 0x60, 0x18, 0xAE, 0xB8,
    0x0F, 0xAC, 0x57, 0x5D, 0xFC, 0x59, 0xF9, 0xE8, 0xA5, 0x29, 0x89, 0x3D, 0x15, 0x89, 0xB5, 0x92,
    0x88, 0xEE, 0x2B, 0x4A, 0x14, 0xC5, 0x8A, 0x22, 0x45, 0xE1, 0x1E, 0xBA, 0x3C, 0xED, 0xB7, 0x02,
    0x82, 0x4D, 0xBD, 0x84, 0x58, 0x3F, 0x04, 0xBA, 0x6F, 0x72, 0xDB, 0xCC, 0x14, 0x05, 0xF5, 0x6B,
    0x6A, 0xAE, 0x31, 0x17, 0x40, 0xB5, 0xCE, 0x7A, 0xED, 0x91, 0x6B, 0x20, 0x36, 0x65, 0x4B, 0xD3,
    0xA6, 0xBB, 0x02, 0x83, 0x50, 0xC3, 0x52, 0xA8, 0x76, 0xFF, 0xBA, 0xFB, 0x12, 0x5E, 0xF5, 0xE6,
    0x87, 0x4E, 0xFD, 0x79, 0x58, 0xEC, 0x34, 0xA1, 0x7F, 0xBD, 0xFD, 0xED, 0x96, 0xFE, 0xA2, 0x6F,
    0x3B, 0xCD, 0x6F, 0xCF, 0x20, 0x06, 0xB5, 0x6F, 0xB9, 0x4A, 0x96, 0xAB, 0x78, 0xB9, 0x8A, 0x4E,
    0xB8, 0x0A, 0xAB, 0xB5, 0x95, 0x09, 0x62, 0xA9, 0xC2, 0xF9, 0x05, 0xDC, 0x9F, 0x6A, 0xA1, 0x19,
    0x56, 0xF0, 0x07, 0x84, 0x66, 0x1F, 0x82, 0x3B, 0x79, 0x69, 0xF6, 0x79, 0x55, 0xEF, 0x73, 0x35,
    0x10, 0x70, 0x5D, 0xA4, 0xD3, 0x29, 0x70, 0xDC, 0x7D, 0x86, 0x9F, 0x17, 0xBE, 0x87, 0x8E, 0xCE,
    0x3B, 0x07, 0x87, 0xB3, 0xEB, 0x2B, 0xE6, 0x7E, 0xAA, 0x16, 0x7E, 0x63, 0x9C, 0xD9, 0xF6, 0x62,
    0x58, 0x1A, 0xA8, 0x58, 0xA4, 0x17, 0xBE, 0x0E, 0x95, 0x8D, 0x8F, 0x1D, 0x14, 0xA7, 0x93, 0xE2,
    0xE4, 0x28, 0xDE, 0x9E, 0xFC, 0x7A, 0x3A, 0xBA, 0xEF, 0x43, 0x73, 0x84, 0xF6, 0xD7, 0xC6, 0x3A,
    0x32, 0x85, 0xB6, 0xF7, 0xC1, 0xAA, 0xDD, 0xD6, 0x49, 0x02, 0xE7, 0x19, 0x1B, 0xE4, 0x4B, 0xA1,
    0x4A, 0x25, 0xD2, 0xBC, 0x47, 0x94, 0x4A, 0x0A, 0xB5, 0xD5, 0x14, 0xBA, 0x53, 0xDC, 0x12, 0x35,
    0x31, 0xC2, 0x30, 0x62, 0x8B, 0xAA, 0xF2, 0xCE, 0xE4, 0x5D, 0x2E, 0x02, 0xFC, 0x20, 0xBB, 0x60,
    0x32, 0xC9, 0x36, 0x4F, 0x53, 0x17, 0xF4, 0x6F, 0x07, 0xD0, 0x05, 0x98, 0x33, 0xAC, 0xB3, 0xD7,
    0xEF, 0x81, 0x18, 0x1F, 0x89, 0xB7, 0x57, 0x0B, 0xF9, 0xAE, 0x48, 0xFF, 0xE9, 0x58, 0xC2, 0x0B,
    0x59, 0xB6, 0xA6, 0x6C, 0xF3, 0x91, 0xAA, 0x3C, 0xE4, 0x7B, 0x61, 0xF9, 0xD4, 0x8B, 0xAF, 0xE0,
    0xF9, 0xB8, 0xA8, 0x61, 0xE5, 0xA2, 0xB2, 0x52, 0xE4, 0x9D, 0x33, 0x07, 0x25, 0x7E, 0xC0, 0xA3,
    0xED, 0x32, 0xE6, 0x3A, 0x1A, 0xD0, 0x87, 0xD9, 0x0B, 0xA3, 0xEA, 0x14, 0x3D, 0x80, 0xCD, 0xEA,
    0xC2, 0xEE, 0x5F, 0xB4, 0x3A, 0x59, 0xD4, 0xA0, 0x7F, 0xEC, 0xC3, 0xBB, 0x8B, 0xDA, 0xDF, 0xB0,
    0xF4, 0x8F, 0x58, 0x1E, 0x9A, 0xFA, 0x66, 0xC4, 0x6C, 0x18, 0x19, 0x05, 0x3E, 0x86, 0xC6, 0x97,
    0x68, 0xFC, 0xD2, 0x1D, 0xE8, 0xDD, 0x72, 0x9D, 0xD2, 0xC6, 0x50, 0xC2, 0x7C, 0xA2, 0x6E, 0x83,
    0x0D, 0xD8, 0x0B, 0x15, 0xBE, 0x93, 0xA0, 0xBE, 0x6B, 0x68, 0x49, 0x10, 0x49, 0x18, 0x30, 0x75,
    0x6B, 0x04, 0x30, 0x16, 0x8D, 0x4F, 0x8D, 0x12, 0xC2, 0xED, 0x31, 0xCB, 0xD4, 0x1C, 0x61, 0xA0,
    0x2F, 0x41, 0xA3, 0xE2, 0x7D, 0xF0, 0xDD, 0x18, 0x26, 0x88, 0xAA, 0xA4, 0xFD, 0xA1, 0xE6, 0xBC,
    0xA2, 0x27, 0x2D, 0xC5, 0x0A, 0xC9, 0x3B, 0x11, 0xFD, 0x72, 0x78, 0x73, 0xD2, 0x86, 0x7A, 0x35,
    0xED, 0x8D, 0x09, 0x2D, 0x05, 0x74, 0xBB, 0x89, 0x74, 0x32, 0x26, 0xB0, 0x50, 0x08, 0xA0, 0x52,
    0xE4, 0x40, 0x2A, 0xA0, 0xCF, 0xB7, 0xD2, 0xD1, 0x8F, 0x67, 0xD9, 0x6C, 0xDE, 0x96, 0xFE, 0xCC,
    0xA1, 0x4A, 0x15, 0x60, 0x08, 0x57, 0xA1, 0x5C, 0x60, 0x63, 0xB2, 0x90, 0x50, 0x74, 0x6A, 0x0C,
    0xA2, 0x2B, 0xFD, 0xB5, 0x81, 0x6F, 0xD0, 0x98, 0x1B, 0xF8, 0xE0, 0x41, 0x2C, 0xD3, 0xEC, 0x1E,
    0x1E, 0xF4, 0x09, 0xE6, 0xA2, 0xB0, 0x58, 0xD9, 0x72, 0x3A, 0x11, 0x5F, 0x01, 0x3A, 0x7A, 0x23,
    0x8E, 0x80, 0x1A, 0xA0, 0xC4, 0xBB, 0x32, 0x0A, 0xD2, 0x08, 0x7C, 0x23, 0x96, 0xEF, 0xC2, 0xAF,
    0x38, 0x61, 0xD3, 0xBB, 0xAB, 0xD6, 0x3D, 0xA7, 0x40, 0x3C, 0x6F, 0x7B, 0x3F, 0xBD, 0xB9, 0x16,
    0xF2, 0xE5, 0x4F, 0x4E, 0x84, 0x87, 0xA4, 0x24, 0x07, 0xF7, 0x34, 0x83, 0x66, 0x39, 0xBC, 0xEE,
    0xEC, 0xA5, 0xBC, 0x29, 0x0C, 0x52, 0x73, 0x6C, 0xCD, 0x9B, 0x42, 0xD6, 0x1B, 0xF2, 0xFB, 0x9C,
    0xFB, 0x7D, 0x2A, 0xB2, 0x3A, 0xD9, 0x4F, 0xFB, 0x8D, 0xDD, 0x74, 0xC0, 0x6F, 0x82, 0xD6, 0x11,
    0x98, 0x03, 0xE8, 0xDA, 0xD7, 0x20, 0xE6, 0x1E, 0x01, 0x07, 0x0B, 0xB8, 0x07, 0x30, 0x78, 0x10,
    0xA0, 0xDB, 0x61, 0xAF, 0x2E, 0x22, 0xE1, 0x19, 0x50, 0xAF, 0x77, 0xA6, 0x3C, 0x19, 0xD5, 0x80,
    0x56, 0x2C, 0xBA, 0x5E, 0xD3, 0xDE, 0xCB, 0xB0, 0x74, 0xD0, 0xC4, 0xCA, 0xA3, 0x6F, 0xCD, 0x90,
    0xDB, 0xE4, 0xB1, 0xC9, 0x28, 0x93, 0x36, 0xEB, 0x63, 0x19, 0xE1, 0x0E, 0xC2, 0x27, 0x1C, 0x5A,
    0xF4, 0x6A, 0x39, 0x2E, 0x64, 0xB9, 0x9A, 0x8E, 0x29, 0x0D, 0x42, 0xF8, 0xA7, 0x20, 0x1F, 0x7F,
    0x03, 0xF2, 0xDB, 0x21, 0x6E, 0x05, 0x01, 0x5B, 0x9E, 0x9C, 0xDB, 0x77, 0xB1, 0x69, 0x36, 0x1E,
    0x6F, 0x66, 0x99, 0x84, 0x30, 0x5A, 0x51, 0x65, 0x68, 0x61, 0xC5, 0x96, 0x11, 0x83, 0x1D, 0x4D,
    0x04, 0xD8, 0x3B, 0x60, 0xFB, 0x9D, 0x7D, 0x0F, 0x8D, 0xDD, 0x0C, 0xF6, 0xD7, 0xE4, 0x27, 0xCE,
    0xF2, 0x96, 0x38, 0x7F, 0x56, 0x2A, 0xAF, 0x83, 0xED, 0x89, 0x52, 0xF9, 0x77, 0x78, 0xBE, 0xCC,
    0x8B, 0x96, 0x16, 0x81, 0xC6, 0xBB, 0xEC, 0x6C, 0x9B, 0x43, 0xDA, 0x95, 0xE7, 0xA4, 0x32, 0x54,
    0x6A, 0x4E, 0x11, 0xDD, 0x33, 0xC1, 0x0C, 0xEF, 0xA1, 0x52, 0xE6, 0xD8, 0xEE, 0xAA, 0xBA, 0xB7,
    0x72, 0x93, 0x37, 0x85, 0x2A, 0x7F, 0xB8, 0x73, 0x9A, 0x0A, 0xB7, 0x81, 0x55, 0x01, 0x0F, 0x80,
    0xF8, 0x93, 0x8D, 0x4F, 0x99, 0x74, 0x3A, 0x90, 0x5F, 0x30, 0x3D, 0xCC, 0x08, 0x28, 0xA6, 0x57,
    0x38, 0xEC, 0xFD, 0xF2, 0x5F, 0x86, 0x31, 0x83, 0x93, 0x4F, 0x3E, 0xB6, 0x83, 0x39, 0xA1, 0x05,
    0x0C, 0x09, 0x93, 0x9F, 0x03, 0xDE, 0xE0, 0xBB, 0x23, 0x61, 0x47, 0x58, 0xAD, 0xBF, 0x25, 0x50,
    0xEF, 0xB6, 0xBE, 0xBF, 0x49, 0xCD, 0x75, 0xD0, 0x98, 0x76, 0xCB, 0xBC, 0xAA, 0xE9, 0x3B, 0xDF,
    0x52, 0x60, 0xEF, 0xCC, 0x11, 0x87, 0xCE, 0x17, 0xD7, 0x2A, 0x6B, 0x3F, 0xC2, 0x5E, 0xF4, 0x11,
    0xBC, 0xE3, 0x45, 0x0D, 0xA6, 0x74, 0x1F, 0x9F, 0x05, 0xCB, 0x93, 0x59, 0x18, 0x41, 0xA1, 0x8A,
    0x6C, 0x0A, 0x00, 0xEB, 0x0F, 0xBA, 0x21, 0x7F, 0xE2, 0x5D, 0x3A, 0x44, 0x43, 0x6C, 0x0E, 0xCA,
    0xCB, 0x20, 0xC4, 0x17, 0x35, 0x6E, 0x99, 0xCF, 0x68, 0xF7, 0x4C, 0xAB, 0x06, 0x81, 0xF4, 0x5C,
    0x86, 0x21, 0x39, 0x13, 0xA4, 0x0B, 0xC8, 0x00, 0xEE, 0x08, 0x08, 0xB6, 0x60, 0x0D, 0x13, 0xC0,
    0x28, 0xF2, 0xAB, 0xED, 0x65, 0xF2, 0xE4, 0x55, 0xA2, 0x62, 0x39, 0x95, 0x44, 0xD9, 0xB6, 0xD0,
    0xEE, 0x0E, 0x91, 0x06, 0x34, 0xD8, 0x09, 0x13, 0xFF, 0x60, 0x34, 0xFF, 0x5B, 0xD0, 0xBB, 0x93,
    0xF9, 0x08, 0x68, 0x1B, 0xFC, 0x46, 0xD0, 0x3B, 0x36, 0xFC, 0xB5, 0xA0, 0xB7, 0xED, 0x0B, 0x6F,
    0x0B, 0xFA, 0x95, 0xFD, 0xDB, 0x57, 0x04, 0x35, 0xF6, 0x7D, 0x18, 0x09, 0x9B, 0x7A, 0x26, 0x2A,
    0xB7, 0x44, 0xF9, 0x44, 0x94, 0x82, 0xA7, 0xC4, 0x6D, 0x02, 0xF3, 0x90, 0x3C, 0xA3, 0xCB, 0xE5,
    0x79, 0x93, 0xBC, 0xAB, 0xC4, 0x82, 0xF8, 0xFC, 0x11, 0xF5, 0x96, 0x22, 0x3F, 0x36, 0x3A, 0xC7,
    0xA0, 0xB5, 0x3B, 0x78, 0xD6, 0x27, 0xFD, 0xE8, 0xEC, 0xEE, 0x4F, 0xA3, 0xF0, 0x86, 0x91, 0x18,
    0xE0, 0x84, 0x99, 0x30, 0x87, 0x0A, 0xDC, 0x51, 0xD4, 0xC3, 0x53, 0xB8, 0xE8, 0x8A, 0x9F, 0x7A,
    0x56, 0xDA, 0xF0, 0x6B, 0x22, 0x12, 0xCC, 0x7A, 0x2B, 0xA1, 0x56, 0x61, 0x56, 0x4A, 0x8E, 0xF4,
    0x02, 0x5A, 0x20, 0xE6, 0xD5, 0x70, 0x09, 0x50, 0x7A, 0x41, 0xAB, 0xE8, 0xAE, 0x17, 0x42, 0xBF,
    0xB9, 0xB0, 0xDB, 0x52, 0x58, 0x86, 0xED, 0xB0, 0x91, 0x35, 0x90, 0x94, 0x2A, 0x88, 0x4F, 0x45,
    0x3C, 0x53, 0xC0, 0x38, 0x03, 0xF0, 0x23, 0xFC, 0x30, 0xBF, 0xD6, 0x41, 0x2A, 0xAB, 0xB1, 0x05,
    0x5E, 0x9D, 0x8F, 0x4A, 0x23, 0x2B, 0xB9, 0x04, 0x52, 0x13, 0xF7, 0x0D, 0x35, 0xFD, 0xDF, 0xC2,
    0x06, 0x6E, 0x87, 0x64, 0x4A, 0xB6, 0x59, 0x1F, 0x6D, 0x65, 0x9F, 0x98, 0x44, 0x8C, 0xA2, 0x5D,
    0xEB, 0xA4, 0x5F, 0x70, 0x43, 0x99, 0x85, 0x4F, 0x49, 0x77, 0xBE, 0x21, 0x13, 0xFD, 0x7E, 0x08,
    0x4E, 0x78, 0x6B, 0x2E, 0xA8, 0x80, 0x11, 0x1C, 0x46, 0x36, 0xE8, 0xEF, 0xC9, 0xB3, 0x14, 0xFC,
    0xA5, 0x80, 0x5F, 0x9E, 0xDE, 0x9C, 0xF3, 0x9B, 0x98, 0xD3, 0xDC, 0xA1, 0x10, 0xB6, 0x8E, 0xC9,
    0x79, 0x77, 0x74, 0x5F, 0x90, 0xC6, 0x6C, 0x68, 0x76, 0x0B, 0xC1, 0x6B, 0x47, 0xA8, 0x9E, 0xD2,
    0x15, 0x08, 0xBC, 0xDB, 0x84, 0x42, 0x76, 0x4A, 0x78, 0x9B, 0x66, 0x00, 0x6A, 0xE9, 0xF4, 0x23,
    0x38, 0xE5, 0x8F, 0x66, 0x20, 0xE7, 0x12, 0x57, 0x1D, 0x56, 0x15, 0x80, 0x84, 0xE6, 0xF5, 0x9C,
    0xC6, 0x83, 0xED, 0xF2, 0xD5, 0x80, 0x4E, 0x66, 0xA3, 0x4C, 0x49, 0x43, 0xC9, 0x42, 0xBD, 0xA7,
    0x43, 0xCE, 0x0E, 0x60, 0xD2, 0xD3, 0xD1, 0x55, 0xCE, 0xB3, 0x40, 0x15, 0x91, 0x78, 0x4E, 0xA7,
    0x52, 0x04, 0x04, 0x61, 0x4C, 0x22, 0x86, 0xE4, 0x3D, 0x36, 0x5F, 0xE1, 0xD3, 0xDC, 0x83, 0xEB,
    0x36, 0x9D, 0x68, 0x15, 0x49, 0x27, 0x1A, 0x3F, 0x4E, 0x40, 0x75, 0xC7, 0x8F, 0xB8, 0x2F, 0xB8,
    0xAF, 0xA7, 0x93, 0xDC, 0x0C, 0x2B, 0x8F, 0xB7, 0xF6, 0xD1, 0x11, 0x57, 0xE9, 0xFD, 0x3B, 0xB3,
    0x65, 0x1E, 0x65, 0x5B, 0xB3, 0xF3, 0x34, 0x28, 0xE2, 0xDA, 0x76, 0x50, 0x86, 0x20, 0xE5, 0x76,
    0x04, 0xDB, 0x50, 0xD9, 0xE5, 0xB4, 0x1B, 0x1D, 0x82, 0x66, 0x33, 0x3D, 0xB9, 0xDC, 0x33, 0x37,
    0x1A, 0x4A, 0x43, 0x4A, 0xC5, 0x24, 0x78, 0x7A, 0x13, 0xB7, 0xBD, 0xC3, 0xF1, 0x1D, 0xF1, 0x36,
    0xB6, 0xF3, 0x1E, 0xAE, 0x36, 0xCA, 0x07, 0xAA, 0x77, 0x27, 0xBB, 0x85, 0xE1, 0x99, 0x48, 0x79,
    0x79, 0xCB, 0x4F, 0xE1, 0xEB, 0xAB, 0xE5, 0xBD, 0xB3, 0x60, 0xE8, 0xE0, 0xAB, 0xE1, 0x22, 0x5C,
    0xC1, 0x4D, 0xE3, 0x37, 0x9E, 0x47, 0x6B, 0x15, 0x65, 0x2F, 0x90, 0xC1, 0x8D, 0x81, 0xC0, 0xAB,
    0x73, 0xA9, 0x5E, 0xB8, 0x63, 0x10, 0x2E, 0x34, 0x50, 0xBA, 0x51, 0xC8, 0xA7, 0xB8, 0x0D, 0xC8,
    0xEA, 0x46, 0x57, 0x0F, 0x31, 0x85, 0xE3, 0x52, 0xF5, 0xA6, 0xCF, 0x17, 0xAB, 0x99, 0xC7, 0x76,
    0x4E, 0xBC, 0xEA, 0x7F, 0x4F, 0xDA, 0xD3, 0xFB, 0xF6, 0x38, 0x5D, 0xDC, 0xE1, 0xC0, 0x61, 0xE3,
    0xF1, 0x2F, 0x1D, 0xFE, 0x8B, 0x23, 0xD8, 0x58, 0xE7, 0x59, 0xC1, 0xAC, 0x1C, 0x19, 0x5A, 0xD0,
    0x53, 0xEE, 0x5F, 0x43, 0xE3, 0xA0, 0x15, 0x99, 0x1A, 0x10, 0x11, 0x26, 0xD4, 0x32, 0x92, 0xAD,
    0xAC, 0x34, 0x81, 0xF4, 0x3E, 0xEF, 0x41, 0x7D, 0x1D, 0xDA, 0x47, 0x6D, 0xE9, 0xA6, 0xB1, 0xEA,
    0x6D, 0x54, 0x89, 0x8E, 0x08, 0x0C, 0x4D, 0x75, 0x13, 0xA3, 0x2A, 0xD0, 0x49, 0x08, 0xCA, 0x6F,
    0x4B, 0x85, 0x12, 0x88, 0xAB, 0x3C, 0xB2, 0xDC, 0xCB, 0x48, 0x88, 0x13, 0x10, 0xDE, 0x83, 0x1C,
    0xF8, 0x96, 0x8E, 0xD5, 0x4D, 0x92, 0xE7, 0x81, 0x7B, 0xAC, 0x32, 0xD0, 0xD8, 0xE9, 0xF2, 0x27,
    0x00, 0x2A, 0xF7, 0x16, 0x64, 0xD6, 0x80, 0x35, 0xEA, 0xF6, 0x24, 0xF8, 0x0E, 0xE0, 0x35, 0x79,
    0xF7, 0xF5, 0x45, 0x47, 0x86, 0x62, 0x97, 0xE3, 0x8F, 0x4A, 0xE4, 0x52, 0x8A, 0x97, 0xE9, 0xF8,
    0x87, 0x0C, 0xFE, 0x70, 0xBF, 0x74, 0xEC, 0x42, 0x78, 0xD3, 0xBF, 0xBF, 0x2E, 0xBF, 0x87, 0x22,
    0xD3, 0xC2, 0xDC, 0x8B, 0x70, 0x06, 0x98, 0x5C, 0xAF, 0x50, 0xCD, 0xEF, 0x37, 0x34, 0x55, 0xF4,
    0x99, 0x9D, 0xD1, 0x4A, 0xE9, 0x6E, 0x03, 0x81, 0x49, 0xC4, 0x72, 0x0A, 0x4F, 0xB2, 0x17, 0x59,
    0x51, 0xA1, 0x85, 0xA3, 0x43, 0x9E, 0x82, 0x9D, 0xC1, 0x21, 0xBB, 0x87, 0xF6, 0xDF, 0x73, 0x5F,
    0x88, 0xF4, 0xEB, 0x21, 0x6E, 0xE6, 0x6E, 0x0D, 0xE1, 0x8B, 0xBE, 0x68, 0x11, 0x90, 0x3B, 0xB2,
    0x43, 0x1B, 0xA8, 0x14, 0x56, 0xC9, 0xDE, 0x3B, 0xEF, 0x29, 0x79, 0x04, 0x7C, 0x4D, 0x55, 0x6B,
    0x5A, 0x93, 0xE9, 0xB0, 0xA1, 0xFC, 0x80, 0x81, 0x21, 0x63, 0x86, 0x68, 0xD7, 0xA6, 0x90, 0xF7,
    0xED, 0x08, 0xA2, 0xDF, 0x15, 0xC0, 0x98, 0x2B, 0x75, 0x52, 0xD7, 0x8D, 0xD7, 0x46, 0x36, 0xDC,
    0x71, 0x7E, 0xB4, 0x27, 0xC9, 0x7E, 0x6E, 0x0A, 0x49, 0x30, 0x44, 0xAD, 0x09, 0x27, 0xD1, 0x80,
    0x08, 0xF8, 0xE7, 0xD1, 0x9F, 0xCB, 0x79, 0xF8, 0x68, 0xBE, 0xB9, 0xF7, 0x70, 0xCA, 0x4E, 0xDE,
    0x30, 0x9E, 0x2C, 0x33, 0xCD, 0xAA, 0xF3, 0x82, 0x01, 0x30, 0xBB, 0xD9, 0x17, 0x3D, 0x14, 0x90,
    0x43, 0x3E, 0xA6, 0xC4, 0xD2, 0x42, 0x7F, 0xAF, 0x38, 0xE7, 0x68, 0x5B, 0xBA, 0x10, 0x80, 0x8C,
    0x39, 0x60, 0x64, 0x15, 0x78, 0x7E, 0xAA, 0xA0, 0xF7, 0x9B, 0x3C, 0x5A, 0x4C, 0x0F, 0x40, 0x4A,
    0xF5, 0x0A, 0x86, 0x89, 0x7F, 0x7F, 0x57, 0xDD, 0x45, 0x08, 0xCD, 0x95, 0xA9, 0x1A, 0x0D, 0x8B,
    0x05, 0xDB, 0xF1, 0x89, 0x4B, 0xD1, 0x78, 0x9D, 0x68, 0x25, 0x24, 0x76, 0xA2, 0x55, 0x27, 0xA2,
    0x55, 0xBB, 0xB9, 0xBB, 0x88, 0x53, 0xEE, 0x73, 0x27, 0x88, 0x56, 0xCF, 0xCA, 0x1C, 0x3C, 0xF4,
    0xA2, 0x55, 0x50, 0x8F, 0x30, 0x5B, 0x14, 0x08, 0x0D, 0xAE, 0x4D, 0xDA, 0x58, 0x11, 0x4F, 0x68,
    0xA9, 0x79, 0x88, 0xA8, 0xA8, 0x07, 0x06, 0x2B, 0x28, 0x02, 0x7D, 0x33, 0x8B, 0x40, 0xEE, 0xFE,
    0x3B, 0x32, 0xEB, 0x84, 0xED, 0xF4, 0xB3, 0x68, 0xC0, 0x75, 0x91, 0x2F, 0x6B, 0x2E, 0x80, 0xF5,
    0x50, 0x0D, 0x7A, 0xB8, 0xF6, 0x9D, 0x35, 0xB4, 0x53, 0xA8, 0x35, 0xEB, 0x9C, 0xFF, 0xB1, 0xB3,
    0xD3, 0x4D, 0x79, 0xD8, 0xDB, 0x77, 0x27, 0xFD, 0x9F, 0xFB, 0x50, 0xC2, 0xC7, 0xBB, 0x95, 0xC9,
    0x2A, 0x08, 0x02, 0xFA, 0x3F, 0x73, 0x66, 0xD5, 0x14, 0x2A, 0x4D, 0x0F, 0x83, 0x75, 0xF9, 0x58,
    0xFF, 0x85, 0x94, 0xB4, 0x63, 0x95, 0x5B, 0x04, 0x07, 0xAB, 0xAA, 0xE5, 0x91, 0xE8, 0x52, 0x94,
    0x4B, 0x12, 0x9D, 0xD0, 0xA7, 0x21, 0x98, 0x53, 0x13, 0xDD, 0x2D, 0xE4, 0x0B, 0x88, 0x86, 0x00,
    0x12, 0x19, 0x09, 0x0A, 0xBD, 0x30, 0xB7, 0x3B, 0xE4, 0x14, 0x01, 0x19, 0xC6, 0xC4, 0x51, 0x4C,
    0x27, 0xC4, 0xF1, 0xCA, 0x27, 0xB1, 0x45, 0xCA, 0xF7, 0xA8, 0x91, 0xCD, 0x4E, 0x74, 0x30, 0x0B,
    0x56, 0xF1, 0xC1, 0x38, 0x41, 0xE1, 0x2C, 0xAC, 0x42, 0xA2, 0x62, 0x27, 0x70, 0x50, 0xB2, 0xD3,
    0xF9, 0x4F, 0x1C, 0x2E, 0xB8, 0xD8, 0xFB, 0x5B, 0x29, 0x5C, 0xE2, 0xF3, 0xBA, 0x6D, 0x0F, 0x0E,
    0x57, 0xC6, 0x47, 0xCD, 0xD2, 0xC8, 0x4D, 0x18, 0xF9, 0x38, 0xDA, 0xC6, 0xC3, 0x68, 0xF5, 0xBA,
    0xAC, 0xD5, 0xD9, 0x70, 0xB1, 0x62, 0x05, 0xCB, 0x6A, 0x15, 0xD8, 0x50, 0xDB, 0x2D, 0xE8, 0x1A,
    0x7A, 0x4C, 0x4D, 0x28, 0x77, 0xD1, 0xC2, 0xEA, 0x6E, 0x81, 0xB3, 0xEC, 0x17, 0xDE, 0xB0, 0x9A,
    0x50, 0x60, 0x24, 0xA3, 0x01, 0x23, 0x3D, 0xDC, 0xB7, 0x00, 0x7C, 0x5E, 0x5A, 0xB9, 0xF9, 0xB3,
    0xBB, 0x3B, 0x91, 0x4C, 0xC3, 0x19, 0x37, 0x1A, 0xCD, 0xA8, 0xA2, 0x7E, 0xDC, 0x3C, 0x39, 0x5B,
    0x84, 0xF9, 0x8A, 0xFC, 0x43, 0x40, 0x24, 0x1C, 0xBE, 0xD2, 0xBB, 0xBC, 0x2D, 0xA1, 0xE8, 0xCB,
    0xF8, 0x04, 0xBF, 0x78, 0x6D, 0x2F, 0xA5, 0x45, 0xB6, 0x39, 0x02, 0x19, 0xD9, 0x0D, 0x02, 0x36,
    0x36, 0x1D, 0xEC, 0xB7, 0xC2, 0x80, 0x2B, 0x04, 0xA8, 0x34, 0xA2, 0xD8, 0x94, 0x5D, 0x02, 0xF6,
    0xF8, 0x1C, 0xE4, 0xF6, 0xEB, 0xE8, 0xE9, 0x01, 0x82, 0x38, 0x47, 0x0C, 0x31, 0x5D, 0x9C, 0x8C,
    0x85, 0x26, 0xBF, 0x6F, 0xBC, 0x93, 0x84, 0xC3, 0x40, 0x6D, 0x08, 0x7A, 0x14, 0xA3, 0xCA, 0xA2,
    0xD1, 0x7D, 0x96, 0x42, 0xBE, 0xCA, 0xFB, 0x6F, 0x3E, 0x86, 0xA0, 0xFC, 0x28, 0x73, 0xC6, 0x70,
    0xCE, 0xAC, 0xC4, 0x77, 0x6D, 0xA7, 0x1B, 0x1F, 0xB6, 0xCF, 0x3C, 0x47, 0xF8, 0x8D, 0x05, 0x6E,
    0xA0, 0xDA, 0x37, 0xB2, 0x4C, 0x53, 0x3A, 0x8F, 0x21, 0x13, 0x60, 0x0F, 0xEF, 0x02, 0x5B, 0x3D,
    0xAD, 0x1C, 0x26, 0x6F, 0x10, 0x70, 0x01, 0x1B, 0x4B, 0x83, 0x21, 0x93, 0x27, 0xC9, 0x5E, 0x80,
    0x75, 0x3E, 0xE1, 0x82, 0x92, 0x05, 0x2F, 0x66, 0x5C, 0x27, 0x58, 0x8F, 0xB8, 0x4E, 0x11, 0x7C,
    0x84, 0x5D, 0x2E, 0xA5, 0x23, 0x22, 0x61, 0xD0, 0x9D, 0xCC, 0x2C, 0xD9, 0x05, 0xAF, 0x73, 0xBF,
    0x91, 0xBD, 0xED, 0x80, 0x44, 0xBC, 0x6F, 0x9B, 0x91, 0xBB, 0xE7, 0x68, 0xDF, 0xE2, 0xA6, 0xF4,
    0x0F, 0xBD, 0xFD, 0x35, 0x27, 0xF7, 0x47, 0x5D, 0xFD, 0x8F, 0x74, 0xB0, 0x7F, 0xDA, 0x94, 0x74,
    0x4B, 0x65, 0x70, 0x00, 0x2B, 0xFF, 0x33, 0xF9, 0xAC, 0x82, 0xA8, 0xD3, 0x29, 0xD1, 0x0E, 0x3F,
    0x33, 0x61, 0xDD, 0x8C, 0x47, 0x53, 0xB6, 0x30, 0x06, 0x41, 0xC8, 0x91, 0xD1, 0xFD, 0x13, 0x5B,
    0xA4, 0xEC, 0x8B, 0x8C, 0x31, 0x7B, 0x50, 0xB7, 0xF2, 0x11, 0xC1, 0x22, 0x4F, 0x4D, 0x9C, 0x37,
    0x7D, 0xB8, 0x85, 0x5E, 0x9B, 0x0E, 0x42, 0x92, 0x14, 0x8B, 0x2C, 0x90, 0x7B, 0xE3, 0x7E, 0x1B,
    0x36, 0x39, 0x82, 0xE1, 0xE1, 0x00, 0xC1, 0xED, 0xA2, 0x67, 0x23, 0xE4, 0x6A, 0x7E, 0x2E, 0x47,
    0x7B, 0x37, 0xF6, 0x20, 0xFF, 0x4D, 0x4B, 0xE5, 0x97, 0x59, 0x2B, 0x06, 0x66, 0x47, 0xCE, 0x7F,
    0x35, 0x9D, 0x9B, 0x9A, 0xED, 0x09, 0xB9, 0xE3, 0x29, 0xD4, 0x9D, 0xD6, 0xAC, 0x04, 0x6A, 0xEB,
    0x92, 0x02, 0x00, 0x65, 0x37, 0x14, 0x5D, 0x5D, 0xC4, 0xED, 0xA0, 0x35, 0xAF, 0xCA, 0xBB, 0x77,
    0x57, 0x42, 0xF7, 0x03, 0xB5, 0x83, 0xAA, 0xB8, 0x4D, 0xE2, 0x0B, 0x27, 0x67, 0xAC, 0xC0, 0x0A,
    0x0E, 0xBB, 0xEB, 0xB2, 0x77, 0x9F, 0x49, 0xF1, 0x79, 0x30, 0xF8, 0x99, 0x6C, 0xFE, 0xD5, 0x13,
    0x25, 0x91, 0x93, 0xC0, 0xC9, 0xD2, 0xC9, 0x51, 0x51, 0xF9, 0x13, 0x72, 0x61, 0x0A, 0xC8, 0x60,
    0xAD, 0x08, 0x85, 0xA4, 0xC0, 0xA9, 0x20, 0x1B, 0x63, 0xCA, 0xE4, 0x6E, 0x66, 0x3E, 0x5C, 0x76,
    0x7F, 0xE0, 0x98, 0x91, 0xA3, 0x95, 0x8C, 0x16, 0x0C, 0x7F, 0x45, 0x00, 0xAB, 0x3D, 0xEC, 0x68,
    0x5B, 0xA1, 0xA8, 0x7A, 0x51, 0x0C, 0xFD, 0x52, 0x32, 0x47, 0x0A, 0x75, 0xAF, 0x18, 0xE7, 0xED,
    0x31, 0x4E, 0x8B, 0xF4, 0x99, 0x1B, 0x83, 0xC3, 0xE3, 0xEA, 0xF5, 0x63, 0x38, 0x53, 0x5D, 0xB2,
    0x48, 0x35, 0x5C, 0xB0, 0x70, 0x61, 0x83, 0x88, 0x06, 0x36, 0x1B, 0x97, 0xC5, 0x91, 0xB0, 0x1D,
    0x9D, 0xA9, 0xD9, 0x2E, 0x11, 0xA5, 0x5D, 0x3B, 0x07, 0x6D, 0xF7, 0x5C, 0x80, 0xE3, 0x28, 0x02,
    0x07, 0x4D, 0xE0, 0x30, 0x63, 0x47, 0xF3, 0x9E, 0x8E, 0xBC, 0xB2, 0x8B, 0x19, 0x02, 0xDA, 0xC6,
    0x1D, 0x11, 0xE9, 0xA4, 0x68, 0xB1, 0xE8, 0xA9, 0x49, 0x6F, 0xEF, 0x3D, 0x0A, 0x38, 0xD4, 0x2C,
    0x28, 0x47, 0xC9, 0x08, 0x7E, 0x07, 0xB7, 0xDE, 0x06, 0x93, 0x7B, 0x90, 0x7B, 0x2C, 0xE6, 0x9E,
    0xD9, 0xED, 0x3F, 0x32, 0x80, 0x85, 0x22, 0x32, 0xE0, 0x4C, 0x15, 0xF6, 0x1B, 0x39, 0xAD, 0x30,
    0xB7, 0xD5, 0x82, 0x33, 0x69, 0xE8, 0xCA, 0x98, 0x32, 0x46, 0x74, 0xD0, 0x4E, 0x43, 0xAC, 0xD5,
    0x36, 0x19, 0x3F, 0xAD, 0x4C, 0x7A, 0xF3, 0xB7, 0x98, 0xC4, 0x59, 0xF2, 0x21, 0xEE, 0x76, 0x23,
    0x61, 0xE4, 0xD6, 0x41, 0xC2, 0xD0, 0xAD, 0x31, 0x41, 0x4C, 0x7A, 0xD0, 0x27, 0x90, 0x25, 0x37,
    0x82, 0x10, 0xA7, 0xDD, 0x25, 0x3D, 0xD6, 0x3F, 0x10, 0x78, 0x79, 0x42, 0x86, 0xAC, 0xC8, 0x39,
    0x75, 0x54, 0x24, 0xD6, 0x9C, 0x93, 0x0D, 0x6D, 0x1D, 0xE1, 0xDF, 0xE3, 0xF9, 0xF1, 0xDB, 0xDC,
    0xCB, 0x7E, 0xEC, 0x44, 0x8E, 0xC2, 0x07, 0xF3, 0x94, 0x0C, 0x4E, 0x19, 0x2D, 0x5A, 0xDE, 0x03,
    0x6E, 0x3A, 0xEC, 0x50, 0x61, 0x63, 0xA5, 0xD9, 0x71, 0x03, 0x25, 0x46, 0x64, 0x3C, 0xC8, 0x47,
    0xF2, 0xAE, 0xFC, 0x2A, 0x54, 0x4D, 0xD4, 0x38, 0xB5, 0x2E, 0x75, 0x09, 0x42, 0x2E, 0xE6, 0x24,
    0xD4, 0xBB, 0x7B, 0x67, 0xE9, 0x6D, 0xB5, 0x24, 0x14, 0x78, 0x4A, 0xEB, 0xAE, 0x06, 0xB0, 0x69,
    0x5C, 0x6D, 0xFA, 0xBA, 0xD7, 0xAB, 0xB0, 0xCB, 0x07, 0xBD, 0x8A, 0xDA, 0x7C, 0xD2, 0xAB, 0xB8,
    0x49, 0xB7, 0x4B, 0xA6, 0xD0, 0xBC, 0x5C, 0x59, 0x7D, 0x37, 0xCF, 0xDF, 0x66, 0xD0, 0x65, 0x21,
    0xE4, 0xFF, 0x95, 0x4B, 0xC0, 0x3A, 0xCC, 0xDF, 0x72, 0x57, 0x53, 0xDE, 0x68, 0x18, 0x66, 0x30,
    0xE4, 0x8D, 0x06, 0x6C, 0x6C, 0x7A, 0x11, 0x3F, 0x35, 0xE2, 0x54, 0xAE, 0x34, 0x76, 0x3D, 0xEA,
    0xF2, 0x46, 0xB7, 0xBD, 0x04, 0x57, 0x96, 0x2E, 0x5F, 0x7C, 0x97, 0xBD, 0x5C, 0xAE, 0x68, 0x1B,
    0xC2, 0x26, 0xC8, 0x30, 0x2D, 0xCC, 0x81, 0x7C, 0xD2, 0x29, 0x51, 0xCF, 0x8A, 0x1F, 0xAA, 0xCC,
    0xBD, 0xE9, 0x29, 0x24, 0x49, 0x77, 0x6A, 0x2E, 0xE2, 0xA8, 0xC9, 0x5B, 0x27, 0x34, 0xF5, 0x0E,
    0x73, 0x0B, 0xB9, 0x91, 0xBF, 0xCB, 0x39, 0x79, 0xE0, 0xF0, 0xBD, 0xFC, 0x1D, 0x9A, 0x49, 0x7B,
    0xE9, 0x14, 0xA4, 0x82, 0x5E, 0xBA, 0x24, 0x12, 0x5B, 0x04, 0xDC, 0x5A, 0x9B, 0x4F, 0xF9, 0xBB,
    0x90, 0x34, 0x14, 0xAB, 0x32, 0xDF, 0x9B, 0x05, 0x53, 0xE0, 0x67, 0x30, 0x50, 0xA5, 0x36, 0x43,
    0xA6, 0x94, 0xA8, 0xE2, 0x71, 0x5F, 0xAD, 0x69, 0xAA, 0xF6, 0xC5, 0xB3, 0x5A, 0x2A, 0x42, 0x7B,
    0xB3, 0x71, 0x72, 0x03, 0x85, 0xDC, 0x2B, 0xD6, 0xBE, 0xE6, 0xE3, 0xCB, 0xE9, 0xC7, 0xFE, 0xF9,
    0x16, 0xC3, 0x96, 0xCC, 0xC9, 0x84, 0x99, 0x01, 0x8B, 0x60, 0xC2, 0xB4, 0x37, 0x66, 0x36, 0xEA,
    0xD2, 0x9B, 0x30, 0xD9, 0x92, 0x09, 0xF9, 0x47, 0xE0, 0xBE, 0x1B, 0xF0, 0x12, 0xC1, 0x01, 0x97,
    0x35, 0x94, 0xEF, 0x4A, 0x18, 0x91, 0xE0, 0xBA, 0x2D, 0x11, 0x92, 0xD9, 0xE4, 0x30, 0xE5, 0x62,
    0x23, 0x9E, 0x18, 0x60, 0x3A, 0x19, 0x8F, 0x90, 0x63, 0xA0, 0x9D, 0x48, 0x18, 0x6D, 0x5D, 0xE5,
    0x3A, 0x91, 0x35, 0x18, 0xEC, 0x63, 0x2E, 0xA6, 0x5B, 0xF6, 0x77, 0x46, 0x7D, 0xAF, 0xB0, 0xAF,
    0x7E, 0x6C, 0x5F, 0x97, 0x57, 0xEB, 0xB7, 0xED, 0x4D, 0x98, 0x16, 0x5E, 0xB1, 0x2F, 0x82, 0x7F,
    0xBD, 0x20, 0xFF, 0xA4, 0xE5, 0x88, 0xBF, 0x95, 0x35, 0x0B, 0x6D, 0xB9, 0xA2, 0xFD, 0x1A, 0x9E,
    0x2A, 0x44, 0xAE, 0x8B, 0xBA, 0x23, 0x28, 0x9E, 0xD4, 0x8C, 0xEB, 0x58, 0xED, 0x72, 0x89, 0xF9,
    0x8B, 0xCD, 0x4D, 0x23, 0x7E, 0x19, 0x18, 0x95, 0xBB, 0x99, 0xC9, 0xC0, 0x60, 0x22, 0xC4, 0x7A,
    0x8D, 0x6E, 0x0E, 0xD7, 0x7D, 0xD4, 0xFB, 0xC9, 0x3E, 0xA6, 0x7E, 0x66, 0xA7, 0xDB, 0xBC, 0x5A,
    0x92, 0x0E, 0x96, 0xD5, 0x10, 0xBA, 0x70, 0x76, 0xFD, 0x79, 0xB0, 0xBB, 0x9C, 0xF5, 0x03, 0xE9,
    0x94, 0x7F, 0x68, 0xF5, 0xC1, 0x79, 0x9F, 0xF7, 0xA5, 0x4E, 0x61, 0xB8, 0x05, 0xD4, 0xED, 0xCE,
    0x20, 0xD0, 0xCC, 0x87, 0xBF, 0x08, 0xF5, 0x5D, 0xDC, 0x74, 0x81, 0x81, 0x70, 0xAE, 0xEA, 0xBC,
    0x8F, 0x7C, 0x0E, 0x87, 0xEC, 0xAE, 0x98, 0x4C, 0x88, 0xF1, 0xCA, 0x11, 0xA8, 0x0F, 0xA6, 0x3A,
    0x40, 0x40, 0xC3, 0x54, 0xDE, 0xD2, 0x34, 0x20, 0x7A, 0x36, 0x99, 0xA9, 0x06, 0x1D, 0xBB, 0x8B,
    0x84, 0x37, 0x32, 0x94, 0x1D, 0xB1, 0x83, 0x71, 0xA6, 0xCA, 0x16, 0x9B, 0x74, 0x46, 0x7D, 0xDB,
    0x39, 0xE7, 0xB6, 0x2C, 0xFD, 0xD9, 0x2B, 0x99, 0x93, 0x57, 0x0D, 0x28, 0x89, 0x5B, 0x8D, 0xDC,
    0xC7, 0x56, 0x04, 0xC7, 0x21, 0x65, 0xA5, 0xDE, 0xBE, 0xA7, 0xD6, 0x39, 0xB8, 0x0E, 0x69, 0xDA,
    0x69, 0x6C, 0x5B, 0xE3, 0x82, 0x43, 0xD3, 0xC5, 0x22, 0x02, 0x07, 0x70, 0x17, 0x58, 0x9B, 0xCE,
    0x89, 0x9D, 0x30, 0xC6, 0x99, 0xB4, 0x56, 0x26, 0x54, 0x30, 0x6E, 0xE4, 0xFE, 0x77, 0xC0, 0x40,
    0x99, 0xCA, 0x83, 0xED, 0x29, 0xA0, 0xA5, 0xC0, 0xD6, 0x70, 0x8A, 0xD3, 0x6B, 0x8C, 0x04, 0x46,
    0x28, 0x58, 0x79, 0xA7, 0x3E, 0x4E, 0x4D, 0xBF, 0xD3, 0x89, 0xE4, 0xF2, 0xCD, 0xC0, 0x88, 0x29,
    0xD3, 0x94, 0x76, 0xF4, 0xAC, 0xEA, 0x78, 0xD8, 0xFE, 0x5A, 0x4F, 0x67, 0x6A, 0xC1, 0x0F, 0x45,
    0x48, 0xAB, 0x65, 0x88, 0x68, 0x7F, 0xCB, 0x7A, 0x9F, 0x73, 0x2C, 0xA0, 0xAE, 0x60, 0xCB, 0xE9,
    0x40, 0x35, 0xA1, 0xEF, 0x03, 0x1A, 0x35, 0x36, 0x45, 0x52, 0xA5, 0x6D, 0x08, 0x86, 0x36, 0x8F,
    0xB4, 0xCE, 0xCB, 0xDB, 0x55, 0xFE, 0x7F, 0xA0, 0x7A, 0x95, 0x7D, 0x2E, 0x7B, 0x62, 0xAA, 0x9E,
    0x4F, 0xDA, 0xAB, 0x91, 0xEE, 0x11, 0xC0, 0x59, 0xCC, 0xBF, 0x53, 0x6F, 0xB2, 0xDA, 0xEA, 0xB5,
    0x30, 0x97, 0xFF, 0x46, 0xBD, 0xAD, 0xC8, 0xE7, 0xBB, 0xC6, 0x3A, 0x29, 0x57, 0x18, 0xF2, 0xF0,
    0x66, 0xC0, 0xA8, 0xA8, 0x6D, 0x3C, 0x17, 0xD0, 0x44, 0x9E, 0xAE, 0x61, 0x68, 0x7B, 0xCB, 0xCE,
    0xA5, 0xE2, 0x2D, 0xD4, 0x08, 0x91, 0xA5, 0x34, 0xF4, 0x84, 0x22, 0xE6, 0xE3, 0x61, 0x84, 0x34,
    0x0E, 0x60, 0x27, 0x42, 0x58, 0xE8, 0x71, 0xB2, 0x8A, 0x73, 0x24, 0x19, 0x0B, 0x9D, 0xF2, 0x01,
    0x3C, 0x30, 0x76, 0x71, 0x8D, 0xE6, 0xCF, 0x5D, 0x5C, 0xA3, 0xD3, 0x55, 0x4E, 0xC7, 0xE5, 0x68,
    0x56, 0xB1, 0x6D, 0x0B, 0x76, 0xA6, 0xD2, 0x73, 0x61, 0x3D, 0x99, 0xFE, 0x3A, 0x61, 0x29, 0xE2,
    0xA1, 0xC0, 0x2A, 0x14, 0x98, 0x36, 0x80, 0x31, 0x61, 0x44, 0x18, 0x9E, 0x09, 0xA3, 0x4A, 0xF8,
    0x55, 0x8F, 0xBC, 0x1D, 0xF9, 0x2E, 0x5C, 0xD0, 0xBD, 0x28, 0x11, 0xE5, 0xC3, 0x7F, 0x21, 0x57,
    0xC7, 0xA0, 0x33, 0xBE, 0xF7, 0xE2, 0xAD, 0x72, 0x70, 0xB3, 0x8E, 0xE2, 0x46, 0x4C, 0x14, 0xD6,
    0xE2, 0xAC, 0x9B, 0x86, 0x8F, 0xE2, 0x86, 0x41, 0xC5, 0x47, 0x71, 0x6B, 0x9C, 0xF6, 0x7B, 0xAF,
    0x01, 0x62, 0x94, 0x01, 0x3F, 0x11, 0x91, 0x47, 0xA4, 0x59, 0x81, 0x6D, 0x60, 0x4B, 0x1F, 0xC5,
    0xDD, 0x9E, 0x12, 0xC5, 0x3D, 0x31, 0x8A, 0x7B, 0xD6, 0x28, 0xEE, 0xF6, 0xD6, 0x12, 0xC5, 0xAD,
    0x2D, 0x81, 0xE0, 0x42, 0x8B, 0x4D, 0x32, 0x89, 0xDC, 0x91, 0xF5, 0x34, 0x65, 0x06, 0xB0, 0x93,
    0xD2, 0x62, 0x08, 0xF0, 0x41, 0xE5, 0x13, 0xD1, 0xDA, 0xFB, 0x00, 0xFE, 0x0D, 0x5A, 0x2B, 0x10,
    0xCE, 0x5A, 0x65, 0x8C, 0xB1, 0xC7, 0x0D, 0x76, 0x06, 0x3D, 0x70, 0xCC, 0x80, 0xBB, 0x24, 0x14,
    0x6F, 0x18, 0x98, 0xE8, 0x08, 0x2B, 0x4C, 0xF6, 0x62, 0x85, 0x60, 0xC8, 0x1B, 0xC6, 0x25, 0x3D,
    0x71, 0x81, 0x8D, 0x2A, 0x90, 0x0C, 0x5C, 0x55, 0x81, 0xAE, 0x35, 0x26, 0xEC, 0x65, 0x23, 0x3C,
    0x64, 0x10, 0x58, 0x19, 0xE7, 0x38, 0x51, 0x9D, 0x8D, 0xB7, 0xDC, 0xBB, 0x44, 0x35, 0x35, 0x8B,
    0xB3, 0x4C, 0x1E, 0xFD, 0x3F, 0x74, 0xA3, 0xBA, 0xAF, 0x48, 0x4D, 0x45, 0xF5, 0xB8, 0x9E, 0x5A,
    0x2A, 0x76, 0xA9, 0x79, 0x13, 0xD9, 0x47, 0xC6, 0x6D, 0xD5, 0x22, 0xF2, 0x4A, 0x3F, 0xDA, 0x04,
    0x62, 0x78, 0x2B, 0xB4, 0x8A, 0x3A, 0x64, 0xA3, 0xC9, 0x26, 0x23, 0x3C, 0x31, 0x01, 0x37, 0xAF,
    0x32, 0xF2, 0x8A, 0x1B, 0x0C, 0xD8, 0xA6, 0xD7, 0xBF, 0x3B, 0xE0, 0xFD, 0xEE, 0x31, 0xF6, 0x01,
    0x77, 0x4F, 0x1E, 0x32, 0x7A, 0x63, 0xEE, 0x16, 0x77, 0x12, 0xF3, 0x8F, 0x9C, 0x92, 0x19, 0xA8,
    0x71, 0xF5, 0x6D, 0xB6, 0x2A, 0x7F, 0x4F, 0xB5, 0xA4, 0x9E, 0x2A, 0xE0, 0x66, 0x64, 0xBC, 0xB2,
    0x39, 0x8C, 0xBA, 0xA3, 0x16, 0xCF, 0x2F, 0x0B, 0x11, 0xE3, 0x01, 0x66, 0xE3, 0x70, 0xA2, 0x4B,
    0x72, 0x8E, 0xF9, 0xE8, 0xEF, 0x6B, 0x6A, 0xE4, 0xFD, 0x63, 0xE6, 0x87, 0x2F, 0x8E, 0xDC, 0x57,
    0x1C, 0xC3, 0xD1, 0x3C, 0x4C, 0x97, 0x7B, 0xB4, 0x61, 0x88, 0x9A, 0x4A, 0xEA, 0x93, 0x1A, 0x6D,
    0xD4, 0x78, 0x13, 0x6D, 0xF5, 0x92, 0xDB, 0xA7, 0xF1, 0x5D, 0xDD, 0x80, 0x5F, 0x0A, 0x0B, 0x2F,
    0x61, 0xA4, 0xFC, 0x19, 0x2E, 0x5B, 0x48, 0xCE, 0xC2, 0x42, 0x7B, 0x06, 0xCB, 0xA0, 0x9D, 0xCC,
    0xC5, 0xD5, 0x4B, 0xF9, 0xC6, 0x3D, 0x67, 0x1A, 0x15, 0x72, 0x0D, 0xEE, 0x32, 0x9D, 0x18, 0x0B,
    0xE4, 0xE4, 0x9F, 0xCE, 0x5D, 0x46, 0x73, 0xC8, 0x2A, 0x16, 0x34, 0xFA, 0xC9, 0xD0, 0xF0, 0x11,
    0xD5, 0xC6, 0xBE, 0x54, 0xE9, 0x83, 0x65, 0x11, 0xFD, 0x6C, 0x69, 0x4E, 0xFD, 0xFE, 0xD2, 0x48,
    0x14, 0x0F, 0x40, 0xED, 0x88, 0x51, 0x03, 0xDB, 0x5D, 0x87, 0xA8, 0x44, 0x68, 0x37, 0x99, 0x25,
    0xA7, 0x9D, 0x8F, 0xFB, 0x85, 0xF4, 0xF1, 0x6E, 0x7A, 0xAD, 0xCC, 0xC6, 0xBB, 0x20, 0x52, 0x67,
    0x8A, 0xE0, 0xCF, 0xBC, 0xFB, 0xD6, 0xB4, 0x04, 0x8F, 0xDA, 0xE5, 0x5E, 0xA1, 0x26, 0x72, 0x09,
    0xF3, 0x28, 0x11, 0x05, 0x0E, 0x77, 0x2B, 0x2F, 0xC0, 0x03, 0x60, 0x49, 0x1D, 0x10, 0xB7, 0x85,
    0xC0, 0xBB, 0x0E, 0xFC, 0xE1, 0xC7, 0xC2, 0x7F, 0x5A, 0xC4, 0xBF, 0xBF, 0x25, 0x92, 0x9E, 0x63,
    0x2A, 0x4D, 0x52, 0x29, 0x13, 0x69, 0x53, 0xA6, 0xBE, 0xB7, 0x22, 0xB6, 0xE8, 0x45, 0x26, 0xCC,
    0x9B, 0x6F, 0xA5, 0xE3, 0x81, 0x5E, 0x24, 0xD3, 0xA8, 0xE1, 0xF6, 0xD1, 0x76, 0x60, 0xFC, 0x3D,
    0x63, 0x43, 0xC8, 0x74, 0xE0, 0x8D, 0x21, 0xE3, 0xC1, 0x46, 0xAE, 0xCC, 0x47, 0xF3, 0x80, 0xB1,
    0x5F, 0xFA, 0x9E, 0x95, 0xCB, 0xE4, 0x73, 0x38, 0xD8, 0xFA, 0x7E, 0xF8, 0xCE, 0xC5, 0x83, 0xFF,
    0x6C, 0xE7, 0x4D, 0xB9, 0xEE, 0xDB, 0x9A, 0x61, 0xE9, 0x88, 0x97, 0x2A, 0x61, 0xE1, 0x65, 0x2B,
    0x75, 0x6D, 0x7E, 0xF0, 0x29, 0x98, 0x6B, 0x2C, 0x8C, 0x3A, 0x61, 0x22, 0x1F, 0x34, 0xBA, 0x74,
    0xC4, 0x12, 0x49, 0x26, 0xDC, 0x2B, 0xDE, 0x62, 0x80, 0xE3, 0xD9, 0xE9, 0x99, 0x67, 0x42, 0xFD,
    0xA4, 0x7E, 0x4B, 0xEF, 0xA0, 0x77, 0xD3, 0x3B, 0x47, 0x16, 0x4F, 0x11, 0xA9, 0xE6, 0x53, 0x44,
    0x94, 0x5B, 0x57, 0x95, 0xE3, 0xEE, 0x92, 0xFE, 0x49, 0xD9, 0x82, 0xF5, 0x31, 0x38, 0x91, 0xD5,
    0xE2, 0x89, 0xB8, 0xC0, 0xED, 0xBF, 0x30, 0x0E, 0x92, 0xD2, 0x0F, 0xF3, 0x82, 0x98, 0xF8, 0xB3,
    0x02, 0xC3, 0x02, 0xF4, 0x35, 0x7E, 0x04, 0x16, 0x69, 0x8D, 0x36, 0xC1, 0x0D, 0xAA, 0x88, 0x22,
    0x68, 0x0D, 0x02, 0xB3, 0x8E, 0x80, 0x2B, 0xC4, 0x91, 0xF9, 0x39, 0x65, 0x5D, 0x6A, 0xDF, 0x46,
    0xC3, 0xC2, 0x90, 0x22, 0x7D, 0x6B, 0xEB, 0xC2, 0xEA, 0xFF, 0xE7, 0xF6, 0x08, 0xB5, 0x37, 0xCB,
    0x9C, 0xBA, 0x67, 0x8E, 0xB8, 0x43, 0xA3, 0xFD, 0x54, 0x78, 0x73, 0x55, 0x7A, 0x48, 0xE5, 0xDA,
    0xDA, 0x91, 0xF5, 0x48, 0xA2, 0x6D, 0x34, 0x45, 0x5B, 0x46, 0x71, 0x6E, 0xB6, 0xB1, 0xBC, 0x86,
    0x05, 0xB2, 0x8D, 0x5C, 0x20, 0xCD, 0xB8, 0x71, 0x1D, 0x2D, 0xCC, 0xD3, 0xC2, 0x3A, 0x6A, 0x75,
    0x22, 0x31, 0xB2, 0x46, 0x47, 0xD7, 0x5F, 0xF4, 0x8F, 0x74, 0xA1, 0xBA, 0xB2, 0xDC, 0xA7, 0xEE,
    0x5D, 0x51, 0x07, 0x8C, 0x0F, 0x57, 0xAE, 0xAC, 0xF2, 0x00, 0x2E, 0x73, 0x58, 0x43, 0x43, 0xBA,
    0x2A, 0x62, 0xE4, 0xEF, 0x15, 0x29, 0x83, 0x73, 0x10, 0x95, 0xCE, 0x78, 0x59, 0x28, 0x36, 0x4C,
    0x9D, 0x92, 0xEE, 0x30, 0xA4, 0x21, 0x7A, 0xE8, 0xE6, 0x97, 0x5D, 0xB2, 0x52, 0x38, 0xE3, 0x0E,
    0x63, 0xC5, 0x6F, 0x7C, 0xEB, 0x56, 0xB5, 0x37, 0x69, 0x6B, 0x87, 0x33, 0x87, 0xAF, 0x39, 0x7C,
    0x6C, 0xD3, 0x50, 0x5F, 0xD9, 0x68, 0xAE, 0xAA, 0x22, 0x6C, 0xD4, 0x63, 0x96, 0xFD, 0xD5, 0x2C,
    0x44, 0xCB, 0xFA, 0xE4, 0xC7, 0x88, 0x1B, 0xCA, 0xBB, 0xA4, 0x80, 0x22, 0x56, 0x77, 0x5F, 0x35,
    0xDF, 0xA6, 0x5B, 0x50, 0x13, 0x4E, 0x2E, 0x8A, 0x49, 0x90, 0x0D, 0xA3, 0x8D, 0xAF, 0x19, 0x0D,
    0x64, 0xBA, 0x43, 0x39, 0x66, 0x72, 0x94, 0xB0, 0xF6, 0xFF, 0x51, 0x4A, 0xBA, 0x35, 0x1B, 0x27,
    0x27, 0x2D, 0x3E, 0xF0, 0xDA, 0xBA, 0x2E, 0x7F, 0x37, 0x09, 0x94, 0x0F, 0x3D, 0x6D, 0xCC, 0x7A,
    0xD8, 0x83, 0xD9, 0xE5, 0x05, 0xC1, 0x76, 0x02, 0x9B, 0xA7, 0x10, 0xA7, 0x83, 0xCD, 0xB3, 0xA6,
    0xF1, 0xB3, 0x1C, 0x20, 0x59, 0xE7, 0x23, 0xFE, 0xCB, 0xCE, 0x99, 0x79, 0x9B, 0x67, 0xBA, 0xC5,
    0x7F, 0x67, 0xF3, 0x9C, 0x71, 0x11, 0xD3, 0xAF, 0xA3, 0xC6, 0x4F, 0x28, 0x8D, 0x85, 0x6A, 0x40,
    0x45, 0xCA, 0xB6, 0x27, 0xDC, 0x66, 0xA4, 0x33, 0xA9, 0xEE, 0x34, 0x30, 0x7E, 0x36, 0x34, 0x7E,
    0xB6, 0xB7, 0x6D, 0x7B, 0xC8, 0xF1, 0x16, 0x4D, 0x94, 0xDB, 0xE9, 0x87, 0x43, 0xF9, 0x21, 0x77,
    0xB5, 0xDF, 0xF6, 0xF9, 0x47, 0xB4, 0x82, 0x7E, 0xDA, 0xE5, 0x9F, 0x36, 0x1C, 0xBF, 0x46, 0x0D,
    0x8C, 0xC2, 0x31, 0x9C, 0x01, 0xD1, 0x7A, 0xCB, 0xE0, 0xEC, 0x0C, 0xF2, 0xF1, 0xE4, 0x18, 0x8C,
    0xA7, 0x81, 0x27, 0xC1, 0x77, 0x13, 0x8D, 0xD4, 0xF8, 0xE3, 0xAF, 0x98, 0xEA, 0xF8, 0x18, 0xC6,
    0x23, 0x8C, 0xA4, 0x39, 0x8C, 0xA5, 0x19, 0x3A, 0xFF, 0x27, 0xD2, 0xE6, 0xC1, 0x19, 0x4B, 0x47,
    0x67, 0x2C, 0x65, 0xCF, 0xD5, 0x48, 0x5A, 0xA9, 0x3A, 0x27, 0x38, 0x15, 0xC1, 0x1C, 0xA6, 0x5E,
    0xF9, 0x94, 0x08, 0x95, 0x60, 0x24, 0xC2, 0x33, 0x6F, 0x60, 0xBF, 0x0B, 0xD9, 0xC3, 0x50, 0xD4,
    0xA7, 0xF6, 0x1E, 0x66, 0x47, 0x96, 0x77, 0x6A, 0x2C, 0xCD, 0x7E, 0xAB, 0xC6, 0xD2, 0x94, 0x9D,
    0x82, 0x9E, 0xE7, 0x8C, 0xA5, 0xEC, 0x49, 0x5D, 0xB0, 0xFD, 0x4B, 0x4A, 0x9B, 0x81, 0x23, 0x24,
    0x74, 0xE5, 0x8B, 0x62, 0xA4, 0xB4, 0x45, 0x4C, 0x69, 0x2B, 0x34, 0xA5, 0xAD, 0xBB, 0x60, 0x4A,
    0x5B, 0xB7, 0xA7, 0x53, 0x91, 0x56, 0x74, 0xED, 0x6C, 0xEC, 0xFF, 0xFD, 0xAF, 0xE0, 0xB0, 0x5B,
    0xFC, 0xBD, 0x5D, 0x05, 0x3A, 0x1F, 0x03, 0xE9, 0xEC, 0xAC, 0xB7, 0x04, 0xC2, 0x28, 0xB0, 0x15,
    0x25, 0x63, 0x3E, 0x21, 0xAC, 0xA8, 0xEC, 0x92, 0xB1, 0x16, 0x9D, 0xF4, 0x9C, 0xA0, 0x30, 0x3E,
    0x3D, 0xDD, 0x6E, 0xC0, 0x2E, 0x31, 0x34, 0x67, 0xBB, 0x4A, 0xD5, 0xBA, 0xF7, 0x8C, 0xF1, 0x71,
    0xD1, 0xA2, 0x15, 0xFC, 0x01, 0x24, 0xAF, 0xEC, 0x1F, 0x68, 0x99, 0x58, 0x52, 0xFA, 0xB8, 0x1D,
    0x33, 0xA9, 0xEA, 0x30, 0x6D, 0x9F, 0x11, 0xC6, 0xD4, 0xE4, 0xDF, 0x47, 0xE8, 0xEA, 0x3F, 0xB6,
    0x5E, 0x52, 0x29, 0xF1, 0xB1, 0x1C, 0xBD, 0xB8, 0x0F, 0x77, 0xC5, 0x08, 0x83, 0x42, 0x1F, 0x38,
    0x46, 0xBE, 0x59, 0xB9, 0x6D, 0xE4, 0x61, 0x39, 0xEB, 0x70, 0xCD, 0x93, 0x3E, 0xF9, 0xEA, 0x20,
    0x8C, 0x64, 0x66, 0xB2, 0x81, 0x1D, 0x93, 0x6A, 0x2E, 0xA2, 0xE6, 0x60, 0x3B, 0xBC, 0x91, 0x05,
    0xB7, 0x85, 0x4B, 0xA4, 0xE6, 0x9B, 0xD2, 0x9E, 0xC2, 0x60, 0x53, 0xCC, 0x45, 0xC6, 0x3F, 0xBC,
    0x62, 0xFB, 0xC9, 0x5C, 0xE5, 0xBC, 0x4B, 0x47, 0xB3, 0x13, 0x88, 0x96, 0xCB, 0x3E, 0x5E, 0x56,
    0x5F, 0x17, 0x56, 0xE6, 0xF4, 0x9F, 0xAB, 0xE3, 0x02, 0xF5, 0xEB, 0x84, 0xFA, 0xF5, 0x1E, 0x9C,
    0x5B, 0xBF, 0xDE, 0x85, 0x8D, 0xB9, 0xD4, 0x1F, 0x57, 0xCF, 0x83, 0x0B, 0xC2, 0x2E, 0xCD, 0x1F,
    0x5C, 0x5E, 0xCB, 0x10, 0x57, 0x9D, 0x23, 0x57, 0xB7, 0xA9, 0x2E, 0xE3, 0x71, 0xC3, 0x02, 0xD5,
    0x9D, 0xC1, 0x87, 0xBE, 0xC1, 0x6E, 0x12, 0x5E, 0xA4, 0x9B, 0xF1, 0x83, 0x9D, 0x5C, 0xB5, 0x93,
    0xA6, 0x86, 0x13, 0x49, 0x1D, 0x2C, 0x3C, 0x3C, 0x5C, 0xA2, 0x1E, 0x76, 0xF1, 0x0F, 0x3B, 0x0F,
    0x9E, 0x13, 0xDB, 0xFE, 0x60, 0x91, 0xDA, 0x84, 0xA3, 0x65, 0x05, 0x63, 0x85, 0xF4, 0x43, 0x10,
    0xD6, 0x42, 0xDE, 0x0C, 0x73, 0x70, 0x33, 0xF8, 0x3A, 0x3A, 0xF4, 0x9B, 0x07, 0xA4, 0x22, 0xFB,
    0x56, 0x38, 0xAE, 0xFB, 0x48, 0x3F, 0x77, 0x17, 0xEC, 0xC5, 0x6A, 0x11, 0xFF, 0xDC, 0x4E, 0x6E,
    0x87, 0x2B, 0xEE, 0xEA, 0xD6, 0x64, 0xBE, 0xEE, 0x3E, 0xF8, 0x5F, 0x1E, 0x7B, 0x04, 0x9E, 0x5E,
    0xD6, 0xD8, 0x01, 0x4B, 0x41, 0x18, 0x57, 0xC1, 0x4D, 0x17, 0x5F, 0xB9, 0x88, 0x65, 0x90, 0x58,
    0x61, 0x08, 0xEE, 0x68, 0xCC, 0xFC, 0x96, 0x41, 0x51, 0x89, 0x68, 0xC9, 0xED, 0x0B, 0x9B, 0x23,
    0xC2, 0x6E, 0xB2, 0x10, 0x3F, 0x5D, 0x1E, 0xF5, 0xAC, 0xC3, 0x5A, 0xBE, 0x40, 0x6B, 0xF4, 0x98,
    0x70, 0xA0, 0xF5, 0x93, 0xA1, 0x28, 0x64, 0xDB, 0x9A, 0x19, 0xFA, 0xCF, 0x5F, 0x9E, 0xAA, 0x43,
    0x2E, 0xAF, 0xBD, 0x5B, 0xCF, 0xAA, 0x78, 0x8F, 0x1E, 0x6E, 0x0A, 0xE5, 0xC5, 0x5A, 0xF6, 0xAF,
    0xCD, 0xEF, 0x67, 0x54, 0xFB, 0x6E, 0x95, 0x68, 0x5F, 0xB4, 0x2B, 0xAA, 0x37, 0xE7, 0x95, 0x6E,
    0x51, 0x6C, 0x53, 0x71, 0x52, 0xB6, 0xD5, 0xCE, 0x5B, 0x76, 0x6E, 0x56, 0x96, 0xA6, 0x99, 0x30,
    0x99, 0x68, 0x49, 0x33, 0x39, 0x29, 0x21, 0xCB, 0x15, 0xCF, 0x89, 0xD4, 0x19, 0xAF, 0x89, 0x7A,
    0xFF, 0xF4, 0x45, 0xBA, 0xEA, 0x7C, 0x56, 0x7B, 0x74, 0x4A, 0xFE, 0xD8, 0x76, 0xDD, 0xDC, 0xFF,
    0x00, 0xF0, 0xDF, 0x91, 0x3F, 0x76, 0x13, 0xD9, 0x33, 0x2F, 0x69, 0x56, 0x3B, 0x36, 0x4B, 0x4E,
    0xDA, 0x03, 0xBA, 0xDE, 0x00, 0xBE, 0x7A, 0x4E, 0x56, 0x7B, 0x3D, 0x5D, 0xDD, 0x9A, 0x7A, 0x5B,
    0xC3, 0x18, 0xD1, 0x21, 0xEE, 0xA9, 0x41, 0xD0, 0x86, 0x26, 0xC8, 0xD1, 0xC9, 0xB6, 0x02, 0xDB,
    0x05, 0xF8, 0xD7, 0x22, 0x80, 0x97, 0x7E, 0x2E, 0xE0, 0x15, 0x2B, 0x5F, 0x7B, 0x0F, 0xFE, 0xB3,
    0x1A, 0xAB, 0xE7, 0x2A, 0xE5, 0xB3, 0x94, 0x11, 0x36, 0x30, 0xF8, 0x86, 0xC5, 0x8E, 0x38, 0x89,
    0xB6, 0x60, 0x89, 0xFC, 0x96, 0x99, 0x58, 0xF9, 0xA0, 0x57, 0x4E, 0x03, 0xCE, 0xE7, 0xAC, 0x59,
    0x3C, 0xEC, 0x2C, 0x46, 0x60, 0xC2, 0xCF, 0x0D, 0x1C, 0x4D, 0xF4, 0x57, 0xC3, 0x5E, 0xAF, 0x4A,
    0x4C, 0xD8, 0xBB, 0x98, 0x4F, 0x4A, 0x50, 0xD1, 0x23, 0xFE, 0xAE, 0xE3, 0xB0, 0xCE, 0xAF, 0xE0,
    0xF3, 0xDA, 0x67, 0x9B, 0xEB, 0xA7, 0xF4, 0xC7, 0xC7, 0x91, 0x25, 0xBB, 0x38, 0x32, 0xFF, 0xCB,
    0x38, 0x32, 0x57, 0x7D, 0xE4, 0x62, 0xED, 0x37, 0x3E, 0x08, 0x48, 0x7A, 0xC0, 0xA7, 0x29, 0xBC,
    0x47, 0xF8, 0x32, 0xE1, 0xB7, 0xCC, 0x49, 0x49, 0xA6, 0xFB, 0xA9, 0xA6, 0x4C, 0x32, 0x55, 0x06,
    0x1B, 0xCF, 0xBB, 0xBA, 0x51, 0x1A, 0x2D, 0xA5, 0x11, 0x8F, 0x86, 0xAB, 0xC0, 0x30, 0x39, 0x8C,
    0x51, 0xA0, 0x95, 0x2E, 0x98, 0x05, 0xEE, 0x7C, 0x9E, 0xB2, 0x37, 0xDE, 0xA6, 0x9D, 0x60, 0xA6,
    0x9D, 0x48, 0x6E, 0xC5, 0xDA, 0x26, 0xC7, 0x0B, 0x5C, 0xCC, 0x0A, 0x84, 0x12, 0x77, 0xE8, 0x8A,
    0x5B, 0xC0, 0x53, 0x7B, 0x8B, 0xB7, 0x3E, 0x12, 0x92, 0xBA, 0x8B, 0x07, 0x04, 0x83, 0x80, 0x4F,
    0x0C, 0x1C, 0x4E, 0x68, 0xE2, 0x80, 0x0F, 0x5A, 0x17, 0xF0, 0x2C, 0x36, 0xB2, 0x37, 0x21, 0x04,
    0xBB, 0x80, 0x08, 0x96, 0xF0, 0x9B, 0xD1, 0x84, 0x0E, 0xB1, 0x44, 0x8C, 0x34, 0x6B, 0x72, 0x47,
    0xD1, 0x2E, 0x67, 0x71, 0x2C, 0xD9, 0x0B, 0xAE, 0x25, 0xB0, 0x98, 0xC5, 0x6F, 0x75, 0x4F, 0x45,
    0x08, 0x0E, 0x49, 0x64, 0x47, 0x47, 0x3D, 0x30, 0x8D, 0x23, 0x81, 0x61, 0x84, 0xDA, 0xE1, 0x1B,
    0x72, 0xF1, 0x06, 0x75, 0x45, 0xB9, 0x20, 0x01, 0xBE, 0x19, 0x5A, 0xC7, 0x40, 0x5F, 0xB1, 0x9A,
    0x2A, 0x9C, 0x59, 0xB7, 0x4B, 0xB8, 0xF8, 0x5B, 0xA1, 0xEE, 0x2B, 0x36, 0xD6, 0x54, 0xD0, 0xD0,
    0x32, 0x26, 0x14, 0xCC, 0x83, 0x66, 0x15, 0x1A, 0xF8, 0x55, 0x6A, 0x0E, 0xAD, 0x2B, 0xC3, 0x0A,
    0xE5, 0x8F, 0x35, 0xAB, 0x68, 0x02, 0x76, 0x75, 0xBC, 0x62, 0x06, 0x9B, 0xB0, 0xA9, 0x95, 0x4E,
    0x87, 0xC0, 0x4E, 0x5A, 0x5F, 0xD1, 0x78, 0x91, 0xC1, 0x44, 0xFE, 0x62, 0x89, 0xEA, 0xDB, 0xC5,
    0x4C, 0x1D, 0x98, 0x23, 0x5A, 0xEE, 0x09, 0x17, 0x42, 0x9F, 0xD8, 0x22, 0xAC, 0x3F, 0x9F, 0x80,
    0xEB, 0xE9, 0xFA, 0x73, 0x22, 0x0E, 0x07, 0xC3, 0xBD, 0x7F, 0x83, 0x04, 0xA4, 0xB0, 0xFD, 0x63,
    0x11, 0x00, 0xCA, 0x1E, 0x2C, 0x62, 0xD3, 0x96, 0x7D, 0x4A, 0x21, 0xB5, 0xEC, 0x35, 0x99, 0xB1,
    0xEC, 0x27, 0xA7, 0x87, 0x79, 0x67, 0x3B, 0x43, 0x2D, 0xA7, 0x92, 0xA5, 0x0F, 0x60, 0xFD, 0xC8,
    0xE1, 0x0A, 0x12, 0x16, 0x07, 0x57, 0x1F, 0x2A, 0x5F, 0x26, 0xD0, 0xE7, 0x19, 0xEA, 0x09, 0xDE,
    0x54, 0xCB, 0x02, 0x6C, 0xCB, 0x2D, 0x9F, 0x6B, 0x6B, 0xB6, 0x23, 0xB6, 0x47, 0xCC, 0x68, 0x5E,
    0xC6, 0x48, 0xCE, 0xC1, 0x4B, 0x06, 0xEF, 0x64, 0xC8, 0x47, 0xF3, 0x6E, 0x63, 0xE1, 0x0C, 0x16,
    0x80, 0x8C, 0xC1, 0xB4, 0x31, 0x4B, 0x5C, 0xD3, 0xBE, 0xA7, 0x8A, 0x16, 0x83, 0x7A, 0xED, 0xA9,
    0xD2, 0x42, 0x21, 0x5F, 0x41, 0x0F, 0xEE, 0xB0, 0xCC, 0x0B, 0xBD, 0x07, 0x58, 0x0F, 0x60, 0x0A,
    0x2D, 0x86, 0xAD, 0xD2, 0xDA, 0x52, 0xB4, 0x1C, 0xA9, 0x11, 0xE7, 0x70, 0x69, 0x74, 0xEE, 0xA5,
    0x2B, 0xEA, 0x56, 0x88, 0x2F, 0x85, 0xC6, 0x87, 0xDC, 0xD3, 0xBC, 0x85, 0x4F, 0x2F, 0x9D, 0x32,
    0x46, 0x68, 0x64, 0xA4, 0x0D, 0x6C, 0x3E, 0x6B, 0xCF, 0x94, 0x06, 0x4D, 0x27, 0x5B, 0xA8, 0x85,
    0xF2, 0xAD, 0xA9, 0xAE, 0xCA, 0x21, 0x67, 0xE9, 0xBA, 0x87, 0x14, 0xCC, 0x0C, 0x6A, 0x51, 0x38,
    0xFF, 0x14, 0xC7, 0x1C, 0x89, 0x05, 0x99, 0x06, 0x9D, 0x67, 0x2D, 0x27, 0x78, 0xCF, 0xBC, 0x5C,
    0x2C, 0xE1, 0xA8, 0xC1, 0x72, 0x4E, 0x18, 0x5C, 0xF2, 0x4D, 0x32, 0x84, 0x6B, 0x84, 0x2F, 0x13,
    0xD2, 0x9F, 0xFA, 0x7D, 0x6A, 0x52, 0x2F, 0x92, 0x22, 0x1A, 0x26, 0xA0, 0xB1, 0x3C, 0x2F, 0xD1,
    0xED, 0xFF, 0x7D, 0x75, 0x93, 0x2A, 0x1F, 0xD4, 0xE4, 0xFA, 0x7C, 0x5D, 0xC6, 0x4E, 0x93, 0x81,
    0xAD, 0x26, 0x2D, 0x37, 0x6E, 0x86, 0x2E, 0xD3, 0xD3, 0xCD, 0xCD, 0x69, 0x35, 0x2B, 0x0F, 0x56,
    0xB3, 0x6F, 0x0D, 0x19, 0x14, 0x3E, 0xAB, 0x6F, 0xB4, 0x90, 0x95, 0xFE, 0x5C, 0x82, 0x09, 0x72,
    0x70, 0x85, 0x4E, 0x7A, 0x8C, 0xCC, 0x86, 0xF1, 0x23, 0x21, 0xE3, 0x13, 0x53, 0x9D, 0x6D, 0x95,
    0xAF, 0xFD, 0x28, 0xAF, 0xC0, 0x98, 0xCB, 0x05, 0x07, 0x29, 0xA9, 0x62, 0xA0, 0x5F, 0x6B, 0xB4,
    0x54, 0x59, 0x82, 0x44, 0x49, 0xC3, 0x20, 0xF0, 0x86, 0x42, 0x16, 0xE5, 0x9D, 0x5A, 0x03, 0x4A,
    0x8E, 0x25, 0x80, 0x1C, 0x4F, 0x03, 0xD1, 0x2D, 0x33, 0x1A, 0x95, 0xC4, 0x2C, 0x78, 0x8A, 0xCA,
    0x29, 0xE0, 0x90, 0xC3, 0x77, 0xB8, 0x54, 0xBB, 0xA7, 0x68, 0x12, 0x61, 0xE0, 0xC5, 0x41, 0xC2,
    0x1D, 0xE1, 0x40, 0x53, 0x8F, 0x0E, 0xAE, 0x2B, 0xBA, 0x47, 0x74, 0xC7, 0x65, 0xD5, 0xB8, 0x94,
    0x0F, 0xDD, 0x3B, 0xEE, 0x68, 0x98, 0xC6, 0x81, 0xC6, 0xD3, 0x1D, 0x68, 0x58, 0xC6, 0x41, 0x36,
    0xE9, 0xCD, 0xD4, 0x63, 0x1D, 0x6B, 0x0C, 0x46, 0xA8, 0xE3, 0x10, 0xB0, 0x6B, 0x95, 0x61, 0x5C,
    0x27, 0x3C, 0xEA, 0x85, 0xA6, 0x5D, 0x33, 0x74, 0xA7, 0x86, 0x5B, 0x40, 0x96, 0x95, 0xF4, 0x3A,
    0x7E, 0x85, 0x85, 0xE1, 0x36, 0xC2, 0x4D, 0xAF, 0x21, 0xC8, 0xCB, 0x5E, 0xBB, 0x07, 0x78, 0x9D,
    0xF4, 0xCC, 0xD5, 0x64, 0x4A, 0xAA, 0xDA, 0xAD, 0xC6, 0x78, 0x22, 0xF9, 0xFC, 0x3A, 0x45, 0xAC,
    0x6B, 0xB4, 0x7B, 0x62, 0x6E, 0xA9, 0x04, 0x9A, 0xD0, 0x14, 0xC7, 0x50, 0x1D, 0x0A, 0x92, 0x35,
    0x83, 0x52, 0xD2, 0x8E, 0x59, 0xEB, 0x03, 0x2B, 0x7A, 0x0D, 0x2C, 0xA9, 0xC8, 0xFC, 0xC0, 0xE2,
    0x2F, 0x20, 0x37, 0x93, 0x6E, 0xCF, 0xB2, 0xE1, 0xDF, 0xDB, 0xCD, 0xB7, 0xE7, 0x8F, 0xCF, 0xB7,
    0xED, 0x7A, 0xBE, 0x35, 0x9A, 0xE5, 0xCA, 0xF9, 0xC6, 0x99, 0x96, 0x8F, 0xBB, 0xEA, 0x07, 0xF4,
    0x75, 0x14, 0x64, 0x1E, 0x28, 0x51, 0xC1, 0xD9, 0xCE, 0x00, 0xA6, 0xAB, 0xDB, 0x33, 0x22, 0x5B,
    0x17, 0xB8, 0x44, 0xB6, 0x6E, 0x18, 0xFC, 0xA1, 0xFE, 0x77, 0x9D, 0x69, 0x2F, 0x7F, 0x75, 0x37,
    0xD3, 0x48, 0x99, 0xB0, 0xDA, 0xCD, 0xB4, 0xB9, 0xD8, 0xCD, 0xB4, 0x64, 0xAB, 0x73, 0xCC, 0x68,
    0x30, 0xA9, 0x8B, 0x70, 0x02, 0x33, 0xEB, 0x97, 0xC8, 0xD6, 0x3E, 0xE5, 0x4C, 0xDB, 0x50, 0x92,
    0x52, 0x32, 0x91, 0x4E, 0xB2, 0x15, 0x80, 0x50, 0x23, 0x29, 0xF5, 0xCB, 0x9E, 0xA4, 0x7A, 0x9A,
    0x15, 0xB6, 0x0C, 0x4B, 0x2F, 0x3E, 0x6B, 0x3C, 0xB5, 0x1C, 0xB9, 0x1C, 0xBD, 0x1C, 0xC1, 0x1C,
    0xC5, 0x1C, 0xC9, 0x1C, 0xCD, 0x1C, 0xD1, 0x1C, 0xD5, 0xB8, 0xC3, 0x6B, 0x9C, 0x44, 0x3E, 0x2E,
    0xB1, 0x60, 0x4A, 0x39, 0x47, 0x3A, 0xE3, 0xCB, 0x7B, 0x90, 0x78, 0x46, 0xA9, 0xC7, 0x64, 0xFD,
    0xBA, 0xAA, 0x59, 0xAF, 0xAF, 0x7D, 0x13, 0x69, 0xCC, 0xAF, 0xB4, 0x28, 0x83, 0x9E, 0x06, 0x05,
    0x90, 0x2C, 0xD2, 0x97, 0x05, 0xDD, 0x53, 0xBB, 0x65, 0x4F, 0xF4, 0x8E, 0xBA, 0x88, 0xD8, 0xA4,
    0x40, 0x9B, 0x24, 0x2F, 0x62, 0x52, 0x07, 0xF6, 0x57, 0xAE, 0x90, 0x9F, 0xD5, 0xF8, 0x7B, 0xF0,
    0x28, 0x44, 0x52, 0xB0, 0x2D, 0x2D, 0x0C, 0x7C, 0x39, 0x13, 0x97, 0x81, 0x74, 0x2E, 0x9D, 0x5C,
    0x3D, 0xEC, 0x34, 0x25, 0xED, 0x6C, 0xB4, 0x0B, 0x97, 0x1B, 0x1E, 0xFB, 0x2E, 0xD1, 0xC9, 0xE5,
    0xF9, 0x16, 0x96, 0xE1, 0xF5, 0xBF, 0x13, 0xCB, 0xDD, 0x1C, 0x2F, 0x7E, 0xB3, 0xD3, 0xC1, 0x64,
    0xD2, 0x65, 0x6A, 0x47, 0xDD, 0x9E, 0x01, 0x35, 0xAC, 0xC3, 0x05, 0x77, 0x9C, 0xF1, 0xC9, 0x84,
    0x55, 0xEE, 0x8E, 0xEA, 0x78, 0xEA, 0xAE, 0xD2, 0xD0, 0xFC, 0xE0, 0x6C, 0x6F, 0xBA, 0xEB, 0x21,
    0x92, 0x88, 0x14, 0x6B, 0x69, 0x9E, 0xB8, 0x53, 0x3A, 0x84, 0xA7, 0x60, 0x96, 0x4D, 0x35, 0x3E,
    0x84, 0xEC, 0x64, 0xAC, 0x99, 0x6F, 0x3B, 0x7C, 0xDE, 0xE7, 0xCF, 0xC6, 0x6E, 0x40, 0xFC, 0x88,
    0xAC, 0xB0, 0xD3, 0x15, 0x9C, 0xBA, 0x20, 0x3A, 0x2F, 0xCB, 0x60, 0x26, 0xDB, 0x60, 0x0F, 0x19,
    0x87, 0xCC, 0x82, 0x1C, 0xDB, 0x73, 0x68, 0xFF, 0xBD, 0x13, 0x90, 0x92, 0xDA, 0xD1, 0x7A, 0x87,
    0xEC, 0x12, 0x3A, 0x6F, 0xAD, 0x0F, 0xBD, 0x2B, 0x5D, 0x3C, 0xA6, 0xCA, 0xCB, 0x97, 0x71, 0x61,
    0xE7, 0xC2, 0x5D, 0x58, 0x5F, 0x36, 0x29, 0xB6, 0xFE, 0x33, 0x2A, 0xBF, 0x33, 0xF9, 0xC1, 0x5D,
    0x50, 0x8D, 0x65, 0x58, 0xF3, 0xE8, 0x2E, 0xA8, 0xCE, 0xEE, 0x5F, 0x6C, 0x5D, 0x15, 0xA6, 0x44,
    0x78, 0xA7, 0x45, 0x78, 0x62, 0x32, 0x2D, 0x17, 0x5E, 0xB8, 0xF2, 0x17, 0x6A, 0xF2, 0x14, 0x29,
    0x30, 0x53, 0x0B, 0x68, 0x6B, 0xD4, 0xFB, 0x9B, 0xF6, 0x6E, 0x23, 0x65, 0x40, 0x9A, 0x72, 0x57,
    0x3B, 0xFA, 0x44, 0x23, 0x9F, 0x4F, 0x6D, 0x16, 0x9C, 0x58, 0xAD, 0x22, 0x76, 0x7E, 0xFE, 0xC3,
    0x0E, 0xDB, 0xB9, 0x52, 0xEC, 0xF3, 0x20, 0x62, 0x97, 0xE7, 0xE0, 0x6A, 0xAD, 0x0F, 0x9A, 0x48,
    0x27, 0x98, 0x59, 0x6C, 0x39, 0xE2, 0xB9, 0x75, 0xCF, 0x2F, 0x35, 0x6D, 0xB1, 0xD9, 0x61, 0xB3,
    0x2E, 0xFE, 0xA4, 0xA6, 0xF3, 0xA0, 0x53, 0x53, 0x33, 0x9C, 0x5F, 0xD4, 0x86, 0x07, 0xCA, 0x87,
    0x70, 0x91, 0x59, 0xE7, 0x8B, 0xD3, 0x0E, 0xD1, 0x1D, 0x1A, 0xD4, 0x54, 0xAA, 0x32, 0x57, 0x76,
    0xBC, 0x0D, 0xAA, 0xA5, 0xC8, 0xB6, 0x10, 0xEB, 0xCA, 0xCC, 0x42, 0x6A, 0xB9, 0x1E, 0xAF, 0x60,
    0x6F, 0x4A, 0x53, 0x44, 0x0C, 0x15, 0x31, 0x48, 0xD4, 0xAA, 0x39, 0x44, 0x56, 0x59, 0xBC, 0x65,
    0x96, 0x55, 0x72, 0x0C, 0x15, 0x7B, 0x48, 0xBE, 0x00, 0xC5, 0x01, 0x4A, 0xD0, 0xCC, 0xA8, 0xAE,
    0xD0, 0x22, 0xB0, 0x64, 0xD8, 0x20, 0x04, 0x0F, 0xC1, 0x7E, 0x1F, 0x60, 0x1A, 0xD0, 0x3D, 0x09,
    0x67, 0xAF, 0x06, 0x83, 0x5A, 0xFB, 0x7C, 0x05, 0x59, 0x53, 0x03, 0x85, 0x20, 0x10, 0x98, 0xAF,
    0x69, 0xC9, 0x54, 0xA6, 0x75, 0xCC, 0xBB, 0x81, 0xCC, 0x55, 0xB3, 0xEB, 0x4A, 0x99, 0x4D, 0xF5,
    0x7B, 0xF6, 0xA7, 0xB2, 0x0D, 0xFC, 0x1A, 0x7B, 0x9A, 0x83, 0x7F, 0x8F, 0xE0, 0x64, 0x85, 0x35,
    0x5F, 0x29, 0x7F, 0xC3, 0x84, 0xBA, 0x0F, 0xED, 0x4F, 0xB6, 0x32, 0xE4, 0xF5, 0xDF, 0x8A, 0x38,
    0xB4, 0xCD, 0x71, 0x3E, 0x01, 0xB4, 0xCA, 0xC2, 0x5C, 0xB5, 0x1F, 0xE8, 0x23, 0x5F, 0xAF, 0xD6,
    0x05, 0xFB, 0xAA, 0xA3, 0x87, 0x33, 0xAC, 0xBD, 0x1B, 0x8F, 0x59, 0xB0, 0x6F, 0x62, 0xC1, 0xBE,
    0x22, 0x10, 0x41, 0x73, 0xAE, 0x07, 0xD5, 0x34, 0x35, 0x06, 0x07, 0x26, 0x5C, 0x0A, 0xC8, 0xCA,
    0xF8, 0x08, 0xA2, 0xDE, 0xDF, 0xEC, 0xCD, 0xC2, 0xEC, 0x1C, 0x1B, 0xD9, 0x84, 0x40, 0xBE, 0x0B,
    0x3A, 0x36, 0xBE, 0x2E, 0x1B, 0xE9, 0x41, 0x62, 0xFF, 0xD7, 0xC8, 0xDD, 0x17, 0x93, 0x3A, 0xF2,
    0x56, 0xE1, 0x95, 0x14, 0xCE, 0x18, 0xAD, 0x76, 0x2F, 0x43, 0x81, 0xD9, 0x41, 0x0D, 0xB2, 0x82,
    0xA2, 0x06, 0x73, 0x34, 0x74, 0xF0, 0x07, 0x9F, 0x77, 0xDD, 0xC0, 0xD2, 0x87, 0x1A, 0x1F, 0xCB,
    0x71, 0x8E, 0x4F, 0x11, 0x71, 0x57, 0x3B, 0x95, 0x37, 0xFF, 0x4C, 0xC9, 0x36, 0x6E, 0x06, 0x61,
    0x12, 0x00, 0x61, 0xF3, 0x6A, 0xB2, 0xDD, 0x54, 0xA7, 0x7B, 0x90, 0x4E, 0x02, 0x88, 0x4E, 0xA6,
    0xB3, 0x59, 0x4F, 0xC0, 0xD0, 0xBA, 0x2C, 0x1C, 0x16, 0xDD, 0x93, 0x4E, 0x02, 0xE4, 0xEF, 0xB1,
    0x3B, 0x96, 0x62, 0x29, 0xDB, 0x5E, 0xC9, 0xE0, 0x22, 0x22, 0x25, 0x63, 0x37, 0xAF, 0x2F, 0x65,
    0xDB, 0x87, 0xBD, 0xB2, 0xED, 0xED, 0xAE, 0xD2, 0xE1, 0x0F, 0x29, 0x84, 0xD4, 0xBB, 0xE0, 0x1B,
    0x0D, 0x86, 0xCB, 0x87, 0xF3, 0x21, 0x35, 0x97, 0xC4, 0x87, 0xFB, 0xF6, 0xAA, 0x37, 0x10, 0x24,
    0x08, 0x37, 0x86, 0xF0, 0x88, 0x6C, 0xC9, 0xB0, 0x61, 0x6A, 0x8D, 0x4C, 0xF2, 0xB8, 0xD2, 0xD4,
    0x1A, 0xC4, 0x60, 0x08, 0x57, 0x7C, 0x0E, 0xD3, 0xF5, 0x3A, 0xD8, 0xC0, 0x01, 0x42, 0x4D, 0xEE,
    0x81, 0x2F, 0x60, 0xFB, 0xDA, 0xFA, 0x74, 0x19, 0x96, 0x0C, 0x3A, 0xF3, 0xF4, 0x18, 0xFD, 0x1C,
    0x0B, 0x14, 0xE6, 0x34, 0x13, 0x9D, 0x44, 0x91, 0x94, 0xDA, 0xC0, 0xF9, 0x14, 0x99, 0x5D, 0xED,
    0xC7, 0x02, 0x83, 0xF1, 0x3A, 0x29, 0xA2, 0xCE, 0xC8, 0x69, 0xE9, 0xB3, 0x86, 0x41, 0x28, 0xBC,
    0x5C, 0x8A, 0x24, 0xE0, 0xB1, 0x0B, 0x45, 0xFA, 0x6B, 0xE0, 0x3F, 0x87, 0x8E, 0x22, 0xF1, 0xB6,
    0x3F, 0x9A, 0x45, 0x04, 0x57, 0x7F, 0x4B, 0x9E, 0x72, 0x36, 0x45, 0x8E, 0x56, 0x6D, 0x84, 0x86,
    0xEF, 0xAB, 0x36, 0x1E, 0xB0, 0x10, 0x03, 0x92, 0x3A, 0xAD, 0x46, 0x39, 0xFF, 0x84, 0xD5, 0xA4,
    0xDF, 0x27, 0x1F, 0x9C, 0x8F, 0x56, 0x6D, 0x4C, 0xE7, 0xE3, 0x55, 0x1B, 0xA1, 0x12, 0x71, 0xAB,
    0x48, 0xAA, 0x5C, 0xAB, 0x36, 0x6E, 0xA1, 0xBD, 0xCA, 0xAE, 0xC3, 0xAA, 0x8D, 0x15, 0x6D, 0x70,
    0xDD, 0xBA, 0x6A, 0xE3, 0x2A, 0xB2, 0x20, 0x5F, 0x19, 0x2D, 0x92, 0x53, 0xE0, 0xB1, 0x92, 0x0A,
    0x0C, 0x81, 0x80, 0x27, 0xA1, 0xEC, 0x6E, 0x90, 0xD3, 0xAD, 0x4B, 0x2A, 0xEC, 0xC2, 0xB1, 0xD4,
    0x77, 0x10, 0xB1, 0x10, 0x45, 0xCA, 0x25, 0x76, 0x7D, 0x57, 0x52, 0x01, 0x21, 0x1B, 0x1D, 0xDC,
    0x6D, 0x34, 0x17, 0xEE, 0x4A, 0x2A, 0x18, 0x1F, 0x47, 0x7B, 0x6A, 0x99, 0x83, 0x7D, 0x16, 0xC0,
    0xAA, 0xE0, 0xB9, 0x1E, 0x54, 0x04, 0xFC, 0xA6, 0xA8, 0x20, 0x42, 0xE4, 0xF6, 0x50, 0x36, 0x03,
    0x68, 0x02, 0xC0, 0x07, 0x50, 0x05, 0x1C, 0x7E, 0x46, 0xF0, 0x33, 0x81, 0x33, 0x94, 0x7E, 0x91,
    0x38, 0x22, 0x76, 0x2C, 0xD7, 0xD7, 0x72, 0x76, 0x63, 0x81, 0x70, 0xBF, 0x7D, 0x33, 0x52, 0x76,
    0x9E, 0x39, 0x49, 0xBB, 0x3B, 0x39, 0x34, 0xE5, 0xC3, 0xA1, 0x90, 0x7E, 0xC8, 0x87, 0x03, 0x79,
    0x9E, 0xA0, 0x6B, 0x82, 0x5E, 0xCD, 0x87, 0x6F, 0x3F, 0xBE, 0x56, 0xB2, 0x20, 0x16, 0xBE, 0xAC,
    0x18, 0xD0, 0x8B, 0x35, 0xED, 0x2D, 0x86, 0xBB, 0x80, 0x9E, 0xC3, 0x3D, 0xEB, 0xDD, 0xB5, 0x33,
    0x90, 0x3F, 0x73, 0x85, 0x30, 0x66, 0x62, 0x0F, 0x8D, 0xCB, 0xED, 0x45, 0x60, 0xE8, 0x20, 0x6A,
    0x54, 0x6F, 0x98, 0x87, 0xED, 0x92, 0xB4, 0xF4, 0x14, 0x97, 0x2B, 0xF6, 0xEE, 0x85, 0x76, 0x9C,
    0x6E, 0x5D, 0x4C, 0xF5, 0x51, 0x57, 0xC2, 0x5A, 0x73, 0x91, 0xFD, 0x22, 0x9B, 0x7D, 0xCE, 0xDD,
    0x69, 0xD0, 0x82, 0x71, 0xC5, 0xD6, 0x05, 0x2B, 0xFC, 0x10, 0x49, 0x11, 0x0F, 0xB4, 0x76, 0xC9,
    0x71, 0xC8, 0x73, 0x2C, 0xB4, 0x88, 0x49, 0xF8, 0xD8, 0x9A, 0xD1, 0x23, 0x95, 0x2C, 0x7D, 0xBE,
    0x20, 0x7A, 0xA1, 0x59, 0xA3, 0x57, 0x1A, 0x96, 0x2C, 0x7D, 0x9B, 0x3C, 0xC5, 0x7E, 0xFC, 0x96,
    0x1E, 0x07, 0xC5, 0x06, 0xA5, 0xB2, 0xCE, 0xF0, 0xB4, 0x3F, 0x6F, 0x55, 0xD4, 0x6F, 0x4E, 0x47,
    0x41, 0x71, 0x7A, 0xC9, 0xD2, 0x8B, 0x64, 0x5D, 0x5E, 0x5B, 0xA0, 0x1A, 0x99, 0x42, 0xBB, 0xAD,
    0x97, 0xF2, 0x24, 0x99, 0x96, 0x27, 0xB9, 0x96, 0xEF, 0xE0, 0xB7, 0x4F, 0x29, 0x4F, 0xB2, 0xB6,
    0xA6, 0x54, 0xA7, 0x38, 0x1C, 0x8E, 0xC3, 0xFF, 0xE4, 0x0A, 0x35, 0x6A, 0x41, 0x49, 0x28, 0x2C,
    0xB0, 0x41, 0xD0, 0xED, 0xB0, 0xE7, 0x70, 0x38, 0x1B, 0xEA, 0x18, 0xA8, 0x92, 0xA2, 0x50, 0xA5,
    0xF1, 0x92, 0x30, 0x3A, 0xA7, 0x0D, 0x2F, 0x52, 0x87, 0xBA, 0xC5, 0x34, 0xA5, 0x9A, 0x6A, 0x54,
    0x47, 0x67, 0x48, 0x43, 0x5B, 0x66, 0x75, 0x6A, 0xC5, 0xCD, 0xF3, 0x20, 0x3C, 0xAF, 0xA8, 0x0A,
    0x38, 0xA6, 0x30, 0x63, 0x4F, 0x29, 0x07, 0x46, 0x8B, 0xF4, 0xBB, 0xA3, 0x69, 0x32, 0x86, 0xF2,
    0x8B, 0xA6, 0x14, 0x90, 0x67, 0x15, 0x7A, 0x7E, 0x15, 0x84, 0x60, 0xFA, 0x82, 0xCA, 0xEE, 0x36,
    0x32, 0xF4, 0xF2, 0x1E, 0xB5, 0x7B, 0x76, 0xE8, 0x4D, 0xA2, 0x41, 0xFB, 0x3A, 0x5C, 0x71, 0xC9,
    0x4C, 0x1A, 0x4A, 0xB4, 0x20, 0x77, 0x54, 0x8B, 0x5D, 0xE7, 0xCC, 0x85, 0x1A, 0xFB, 0x06, 0xE6,
    0x18, 0xB4, 0x8C, 0x3B, 0x46, 0xBE, 0x4C, 0xE6, 0xB3, 0xBB, 0x75, 0x17, 0xBC, 0xC5, 0xA0, 0xC7,
    0x2B, 0x9A, 0x96, 0x01, 0x91, 0x20, 0xB0, 0xCF, 0xDB, 0xE2, 0x1A, 0x94, 0x94, 0x06, 0xA1, 0xA0,
    0x75, 0x87, 0xB2, 0x44, 0x65, 0x3F, 0x13, 0x96, 0xAE, 0xF8, 0x0B, 0xA7, 0xAD, 0xAE, 0xAE, 0x64,
    0x0D, 0xD9, 0x1A, 0x74, 0x92, 0xE6, 0xE2, 0x90, 0x12, 0x74, 0xD2, 0x78, 0x96, 0xE0, 0x22, 0x88,
    0x8F, 0xD0, 0x84, 0x19, 0x7A, 0x75, 0x0B, 0xBD, 0x31, 0x60, 0xE6, 0x83, 0xD2, 0x44, 0x3D, 0xBC,
    0xA7, 0xD0, 0x64, 0x7E, 0x64, 0x9A, 0x84, 0xBE, 0x3C, 0xB5, 0x8B, 0x03, 0xEC, 0x48, 0x93, 0x72,
    0x4B, 0x9A, 0xA4, 0x6A, 0x84, 0xF5, 0x2A, 0x9E, 0x86, 0xA0, 0xF9, 0x10, 0x66, 0xC7, 0x8E, 0xFD,
    0x61, 0x69, 0xC3, 0x5E, 0xA5, 0x99, 0xDE, 0x5C, 0x36, 0xF5, 0xE2, 0x85, 0x7A, 0xCC, 0x6D, 0x4E,
    0x9B, 0x25, 0x0E, 0xD9, 0x1D, 0x7E, 0xD1, 0xEC, 0xE2, 0x18, 0xEF, 0x10, 0x5E, 0x3F, 0xC9, 0x96,
    0xAE, 0xBB, 0x60, 0xF4, 0xB8, 0x67, 0xBA, 0x45, 0xBE, 0xC4, 0x33, 0x43, 0x47, 0x9E, 0xF1, 0x1B,
    0xD2, 0x0D, 0xBD, 0xD8, 0xFA, 0x28, 0x60, 0xE9, 0xED, 0x22, 0xCA, 0xE8, 0xC5, 0x95, 0x5F, 0xDC,
    0x5D, 0x87, 0x35, 0x30, 0x6D, 0xD1, 0xFA, 0x13, 0x4C, 0xAC, 0x9E, 0x60, 0x22, 0xAD, 0xD2, 0x13,
    0x4C, 0x42, 0x7F, 0x82, 0x49, 0xE8, 0x4F, 0x30, 0x09, 0xFD, 0x09, 0x26, 0xA1, 0x3B, 0xC1, 0x04,
    0xDE, 0x32, 0x6E, 0x84, 0x22, 0x80, 0xE8, 0x10, 0xE4, 0x2F, 0x58, 0x65, 0xDC, 0xF9, 0xDB, 0x36,
    0x3E, 0xED, 0x04, 0x93, 0xB7, 0xD5, 0xEB, 0x16, 0xD9, 0x17, 0xE8, 0x07, 0x80, 0x14, 0x68, 0x49,
    0xBA, 0x8C, 0xAA, 0x36, 0xA4, 0x48, 0xDC, 0xB9, 0xE6, 0x71, 0x41, 0x21, 0xB3, 0xCA, 0xC9, 0x82,
    0x10, 0xF4, 0x18, 0xAA, 0xFB, 0x8D, 0x27, 0x98, 0x44, 0x8E, 0x14, 0xA0, 0xE7, 0xC6, 0x9D, 0x60,
    0x62, 0x11, 0x96, 0x23, 0x3B, 0x9A, 0x2F, 0x10, 0x96, 0xB8, 0xC0, 0x09, 0xB5, 0x08, 0xA6, 0x2E,
    0x36, 0x7E, 0x63, 0xC7, 0x13, 0x62, 0x71, 0x4E, 0x2D, 0x15, 0x79, 0xC7, 0x97, 0x8A, 0x2C, 0xB4,
    0x54, 0x64, 0x7C, 0x4A, 0xA9, 0xC8, 0xF0, 0x92, 0x4A, 0x45, 0xF6, 0x5A, 0x2A, 0xF2, 0x14, 0xF3,
    0xFD, 0x2F, 0x69, 0x93, 0x36, 0x6A, 0x92, 0x56, 0x8B, 0xF4, 0x11, 0x77, 0x11, 0x35, 0x98, 0x97,
    0x2A, 0xEF, 0xC7, 0xF8, 0x6C, 0x7E, 0xE5, 0x69, 0x81, 0x2B, 0xBF, 0x72, 0x83, 0xE9, 0x0D, 0xCB,
    0xDE, 0xDA, 0xAF, 0xDC, 0x25, 0x47, 0xFD, 0xCA, 0x8B, 0xBB, 0x08, 0x96, 0xB9, 0x67, 0x19, 0xF5,
    0xF0, 0xF2, 0x53, 0x8B, 0x11, 0x3F, 0xA4, 0x11, 0x3F, 0xAE, 0x9C, 0x67, 0x99, 0x76, 0x3E, 0x98,
    0xBE, 0xFF, 0xB3, 0x3A, 0x36, 0xB4, 0xB0, 0x9F, 0x9A, 0x51, 0x79, 0x56, 0x92, 0xFB, 0xAF, 0x81,
    0xC7, 0x21, 0x5D, 0x29, 0x1E, 0xEE, 0xB8, 0x08, 0x18, 0xD3, 0x55, 0xA3, 0x53, 0x18, 0x4B, 0xB7,
    0xE6, 0x71, 0x0E, 0x9A, 0x65, 0x94, 0x39, 0x4E, 0xF2, 0x60, 0x77, 0x0C, 0xA1, 0x4F, 0x9E, 0xE5,
    0xF1, 0x22, 0xEE, 0xEC, 0x90, 0x47, 0x40, 0xD1, 0x19, 0x48, 0x8F, 0x1A, 0x71, 0x67, 0x8D, 0xB8,
    0xC3, 0x46, 0xDC, 0x69, 0x23, 0x7A, 0xDC, 0x88, 0xD1, 0xF3, 0x46, 0x8C, 0x1E, 0x38, 0x62, 0xF4,
    0xC4, 0x11, 0xA3, 0x47, 0x8E, 0x54, 0x7A, 0xE6, 0x48, 0xB1, 0x16, 0xC4, 0x9C, 0x7C, 0xEC, 0xD6,
    0xF9, 0x6D, 0xB3, 0x72, 0xDC, 0x39, 0x14, 0xBC, 0xB6, 0xDE, 0xC1, 0x8D, 0x56, 0xA5, 0xD4, 0x2A,
    0x95, 0xE7, 0xC0, 0x74, 0x05, 0x59, 0xC6, 0x92, 0x75, 0x2C, 0x0D, 0x0B, 0x59, 0x1A, 0x1D, 0x7D,
    0x96, 0xB2, 0x34, 0x2E, 0x07, 0xAF, 0x8A, 0x5D, 0xE3, 0x92, 0x55, 0xD3, 0x6E, 0xAC, 0x1A, 0x36,
    0xED, 0xFC, 0xDD, 0xD2, 0xAA, 0x47, 0x0B, 0x22, 0xFB, 0x7C, 0xDD, 0x06, 0x2B, 0xEF, 0x41, 0xEE,
    0xBC, 0x73, 0xBD, 0x47, 0xEB, 0xEA, 0xF3, 0x1D, 0x0B, 0x54, 0xC0, 0x08, 0x56, 0xAA, 0x4F, 0xBA,
    0x2E, 0x68, 0x3F, 0x2D, 0x5B, 0xEE, 0x8A, 0xA9, 0x8A, 0xAB, 0x2C, 0x5A, 0x7C, 0x34, 0x42, 0x2C,
    0xBD, 0x3C, 0xEF, 0x41, 0x4C, 0x0F, 0x2E, 0x16, 0x91, 0x87, 0x7B, 0x3B, 0x53, 0xA0, 0x49, 0x92,
    0xC8, 0xAF, 0x13, 0x56, 0xCD, 0x2C, 0x0A, 0x4E, 0xF5, 0x44, 0x4F, 0xD0, 0xAA, 0x47, 0x73, 0x69,
    0xB4, 0xFF, 0xBC, 0x3C, 0x37, 0xAD, 0x43, 0x6B, 0x7F, 0x8C, 0x0F, 0x6D, 0x54, 0x81, 0x20, 0xDD,
    0x8B, 0xDC, 0x73, 0xE8, 0x4D, 0xF3, 0x85, 0x94, 0x33, 0x6D, 0x7D, 0x59, 0x20, 0xDF, 0xB6, 0x68,
    0x55, 0x86, 0x52, 0x1B, 0x96, 0xAD, 0x9A, 0x55, 0x7E, 0x5E, 0xEA, 0xDE, 0xFC, 0x19, 0xD4, 0x3D,
    0x2D, 0x83, 0x90, 0xAF, 0xD6, 0xE8, 0xF5, 0xD3, 0x5C, 0xFC, 0x9F, 0xB3, 0xBA, 0x97, 0x1F, 0x55,
    0xF7, 0x78, 0x86, 0x96, 0x53, 0xF6, 0x34, 0x5E, 0xE7, 0x74, 0xB3, 0x87, 0xE6, 0xD4, 0x79, 0xB7,
    0x8E, 0x3F, 0x82, 0x29, 0xF0, 0x47, 0x2F, 0xF9, 0xDF, 0x0F, 0xE4, 0xF7, 0x63, 0xD9, 0x2F, 0xDE,
    0x9F, 0xF4, 0xE8, 0xA5, 0x9F, 0x3B, 0x2C, 0x2D, 0x0B, 0x3F, 0x14, 0xC6, 0x0A, 0xA5, 0xA0, 0xB7,
    0xCD, 0x73, 0x0E, 0x5F, 0x27, 0x2E, 0xBB, 0x03, 0xE2, 0xBC, 0xBF, 0xE7, 0xF0, 0x40, 0x9C, 0x3E,
    0xEC, 0x89, 0x93, 0xB9, 0x53, 0xCC, 0x12, 0x53, 0x3C, 0x82, 0x89, 0xD8, 0x29, 0x25, 0xBD, 0x53,
    0x36, 0x90, 0x55, 0x8A, 0x59, 0x34, 0x98, 0xD9, 0x70, 0x06, 0x15, 0xDB, 0x90, 0xC1, 0x6D, 0xC5,
    0x61, 0xB8, 0x38, 0x5D, 0xBC, 0x98, 0xBA, 0x71, 0x72, 0xAA, 0xAF, 0xCF, 0xE5, 0xB3, 0x22, 0x93,
    0x76, 0x3F, 0x77, 0x0D, 0x11, 0x7F, 0x95, 0x96, 0x0D, 0x6E, 0x7C, 0xD9, 0xE0, 0x5C, 0x53, 0xC3,
    0x4A, 0x94, 0x0D, 0x1E, 0x58, 0x36, 0xF8, 0x7D, 0x5F, 0x36, 0x78, 0xC3, 0xB2, 0xC1, 0xB3, 0x2B,
    0x1B, 0x1C, 0x69, 0xD9, 0xE0, 0x9F, 0xBD, 0xB0, 0x2A, 0x1B, 0x6C, 0x5D, 0xD9, 0x60, 0xAD, 0x17,
    0xCC, 0xA4, 0xF1, 0xB0, 0xC9, 0xF6, 0xCB, 0x06, 0xB7, 0x25, 0x6A, 0x3D, 0x44, 0x4D, 0xE9, 0x85,
    0x47, 0x67, 0xEA, 0x18, 0xD7, 0x02, 0xB7, 0x6B, 0xB9, 0x2B, 0xF5, 0x98, 0x38, 0xD4, 0x5D, 0x9E,
    0x7C, 0xFB, 0x88, 0xB1, 0xCA, 0x8B, 0x37, 0xCC, 0xA9, 0x19, 0xD9, 0xDE, 0x69, 0x97, 0xB7, 0x75,
    0xC7, 0x3A, 0xD4, 0xEF, 0x8D, 0xFE, 0xB4, 0x4B, 0xDE, 0xBA, 0x27, 0xF3, 0x0F, 0x99, 0x50, 0x2C,
    0xE2, 0xAE, 0x3B, 0xED, 0x92, 0x77, 0x4B, 0xDD, 0x69, 0x97, 0x2C, 0xD1, 0x72, 0xE4, 0xB4, 0xCB,
    0xAD, 0x2A, 0x2D, 0xEE, 0xB4, 0xCB, 0x51, 0x4F, 0xBB, 0x1C, 0x58, 0x6C, 0x04, 0x41, 0x45, 0xB5,
    0x2B, 0x92, 0x71, 0xF4, 0xB4, 0xCB, 0xA0, 0xC0, 0x69, 0x05, 0x8D, 0xF4, 0x2A, 0x69, 0x23, 0x7C,
    0x26, 0xED, 0x9D, 0x02, 0xFF, 0x67, 0x7F, 0xB3, 0xEE, 0x0D, 0x37, 0x17, 0x06, 0x37, 0x67, 0x08,
    0xD3, 0xCA, 0xD0, 0xA0, 0xE4, 0x84, 0x8A, 0xF8, 0xE9, 0x99, 0x15, 0xF1, 0xEB, 0x4E, 0xA6, 0x62,
    0xF9, 0xBB, 0x1A, 0x15, 0xF1, 0xDF, 0xF1, 0x15, 0xF1, 0x5D, 0xDD, 0x41, 0x47, 0x4C, 0x87, 0x4E,
    0x2C, 0x46, 0x78, 0x94, 0xA6, 0x76, 0x9F, 0xA6, 0x64, 0x84, 0xF7, 0x94, 0xA6, 0xC3, 0x49, 0x34,
    0x6D, 0x69, 0xA5, 0x88, 0x9B, 0x8B, 0xD2, 0x74, 0x52, 0x3D, 0x8A, 0xD1, 0x68, 0xEB, 0x13, 0x44,
    0xEB, 0x9E, 0x13, 0x0D, 0x6E, 0xD1, 0x9E, 0x16, 0xE2, 0x23, 0x34, 0x3D, 0xBF, 0xAE, 0x22, 0xC9,
    0x19, 0x53, 0xC1, 0x43, 0xC2, 0x7E, 0x8A, 0x4A, 0x11, 0x71, 0x77, 0x29, 0xE4, 0xF4, 0xC5, 0x44,
    0xCD, 0xD7, 0xBC, 0xAD, 0xF0, 0x63, 0x5B, 0x40, 0x3B, 0x0D, 0x3E, 0x42, 0xE5, 0x15, 0x21, 0xC3,
    0xAF, 0x51, 0x8B, 0x05, 0x55, 0x67, 0x14, 0x27, 0xB2, 0x20, 0xA1, 0xBB, 0x65, 0x6A, 0xFA, 0x30,
    0xD7, 0x1D, 0x3E, 0x74, 0x58, 0x8F, 0x25, 0x61, 0x8D, 0x30, 0xAC, 0xFE, 0x50, 0xE3, 0x98, 0x31,
    0x69, 0xF8, 0x7A, 0xA2, 0xB4, 0xA2, 0xC5, 0xA0, 0x20, 0xFB, 0xD6, 0xD7, 0x35, 0xDE, 0xF4, 0x2B,
    0x46, 0x0D, 0x5E, 0x69, 0xA8, 0x38, 0xD3, 0xA3, 0xFB, 0x4C, 0x9E, 0x30, 0x00, 0x06, 0x4A, 0xD9,
    0xBE, 0x4D, 0x36, 0xA8, 0xB7, 0x81, 0x88, 0xC5, 0x72, 0xD7, 0x0F, 0xEC, 0x0C, 0xEA, 0x20, 0x3E,
    0x33, 0x85, 0xE0, 0x5E, 0xB7, 0x42, 0xA1, 0x99, 0xB2, 0x91, 0x56, 0x75, 0x52, 0x14, 0xF0, 0xDC,
    0xAD, 0x21, 0x55, 0xED, 0x9E, 0xB4, 0xC2, 0x08, 0x69, 0x05, 0x9C, 0xD6, 0xA3, 0x59, 0x91, 0x0C,
    0x6E, 0x55, 0xC3, 0x03, 0xBA, 0xE9, 0xCA, 0xFE, 0x8E, 0xE8, 0x54, 0x72, 0x3D, 0x42, 0xBA, 0xBD,
    0x62, 0xAB, 0x2B, 0xE0, 0x8A, 0xD4, 0x62, 0xA9, 0xC1, 0x52, 0x7B, 0xA5, 0xE6, 0x4A, 0xAD, 0x75,
    0xD1, 0x58, 0xF7, 0x62, 0x84, 0xC3, 0x93, 0x62, 0x84, 0x7F, 0xF0, 0x19, 0x4E, 0xF9, 0xBC, 0xBE,
    0x3B, 0xE5, 0x13, 0x16, 0xAA, 0xD5, 0x29, 0x9F, 0xE4, 0x40, 0xE4, 0x3F, 0xE4, 0x3E, 0xBA, 0x4E,
    0xB8, 0x52, 0xF7, 0xF9, 0xCE, 0xF9, 0x25, 0x3B, 0x8B, 0x73, 0x4B, 0x76, 0xFE, 0x3B, 0x78, 0x28,
    0xAF, 0x9B, 0x64, 0x0E, 0xA6, 0x55, 0x79, 0x01, 0xB5, 0x02, 0x69, 0x00, 0x58, 0xC6, 0xB9, 0x90,
    0x17, 0xF0, 0x32, 0x7C, 0xD7, 0xFB, 0x7E, 0xD2, 0xB5, 0x79, 0x67, 0xA5, 0x09, 0x2D, 0xD0, 0x2E,
    0x4F, 0x76, 0x51, 0x5B, 0x66, 0x0D, 0xE5, 0xE9, 0xA2, 0x2D, 0x89, 0xCC, 0x18, 0x69, 0xD1, 0x2E,
    0xA4, 0x4E, 0x82, 0x6B, 0xA1, 0xE0, 0x75, 0x87, 0x4C, 0x47, 0x0D, 0x9A, 0xDE, 0xBA, 0x14, 0x55,
    0x1E, 0xBD, 0x86, 0x13, 0x88, 0x6E, 0xC8, 0x4A, 0x7C, 0xD9, 0xA4, 0xE3, 0xD3, 0xE4, 0x0F, 0xF1,
    0x52, 0xFE, 0x64, 0xF9, 0x41, 0xAD, 0x5C, 0xF9, 0xAD, 0x65, 0x85, 0x94, 0x5D, 0x0C, 0x77, 0xEE,
    0x28, 0x13, 0xAB, 0x67, 0x25, 0xCC, 0x52, 0xD4, 0x43, 0x3D, 0xE2, 0xDE, 0x32, 0x57, 0x56, 0xE1,
    0x72, 0xE8, 0xFD, 0x5E, 0xBC, 0xA8, 0xEB, 0x7B, 0xAA, 0x7D, 0xAF, 0xD0, 0xF7, 0xEF, 0x3D, 0xA1,
    0xBE, 0x47, 0x6D, 0x5A, 0x24, 0x7D, 0xDE, 0xE0, 0x17, 0xD7, 0xFB, 0xCC, 0x65, 0x47, 0x97, 0xBF,
    0xFC, 0x2C, 0x74, 0x59, 0xD1, 0xC1, 0xFA, 0x44, 0xE2, 0xE5, 0xE2, 0x38, 0x89, 0x56, 0xB6, 0x9C,
    0x4B, 0x3F, 0x8D, 0xD6, 0xD9, 0x72, 0x7E, 0x72, 0x81, 0xD3, 0x68, 0x23, 0x77, 0x1A, 0xED, 0xFC,
    0x58, 0xA7, 0xD1, 0x16, 0xA7, 0x9D, 0x46, 0x0B, 0x9A, 0xDF, 0x76, 0xD2, 0x85, 0xDD, 0xC3, 0xFE,
    0x75, 0x73, 0x0A, 0x3D, 0x7E, 0xBF, 0x8E, 0xFD, 0xD0, 0x81, 0xE3, 0x30, 0x12, 0xEC, 0x8F, 0xE3,
    0x85, 0xCE, 0xDC, 0x35, 0x97, 0x7F, 0xE6, 0xEE, 0x59, 0xF3, 0xF9, 0xB2, 0x0E, 0x2A, 0x01, 0x01,
    0x9B, 0x7D, 0x00, 0xED, 0x49, 0x04, 0x19, 0xEC, 0xEA, 0x89, 0x4A, 0xB9, 0xB9, 0x37, 0x19, 0x84,
    0x5A, 0xEB, 0x82, 0xC5, 0xBD, 0xB7, 0x27, 0x16, 0x26, 0xFA, 0x1A, 0x8D, 0xCB, 0x00, 0x25, 0xE3,
    0xD7, 0x61, 0xA5, 0x2A, 0x1B, 0x56, 0xA1, 0x60, 0x14, 0x2E, 0xBE, 0x86, 0xBE, 0xE9, 0x83, 0xD6,
    0x80, 0x99, 0xC3, 0xE3, 0xDE, 0x73, 0x33, 0x9F, 0x74, 0xC7, 0x29, 0x4F, 0x01, 0x3C, 0xD9, 0x11,
    0x36, 0x5D, 0xAA, 0x55, 0x6D, 0x96, 0x01, 0xF0, 0x7C, 0x3B, 0x60, 0x1A, 0x35, 0x23, 0xE6, 0x45,
    0xC7, 0xAB, 0xCA, 0x8A, 0xD5, 0xAC, 0x93, 0x49, 0x0F, 0x30, 0x0A, 0xEA, 0x4F, 0x16, 0x7D, 0xE5,
    0x28, 0xFA, 0x52, 0x1D, 0x0A, 0xAC, 0x45, 0x4C, 0xF7, 0xE0, 0x93, 0x4A, 0x8C, 0xBB, 0xB0, 0xC4,
    0xFA, 0xA5, 0xA1, 0x6D, 0x5A, 0xDC, 0xA6, 0xE7, 0xDF, 0x2E, 0x50, 0x5F, 0x31, 0xC7, 0x7B, 0xF4,
    0x05, 0xD2, 0x59, 0x19, 0x01, 0x58, 0x82, 0x87, 0x47, 0x59, 0xC3, 0x91, 0xE2, 0x4E, 0x2D, 0xEB,
    0xF7, 0xB2, 0x28, 0xC2, 0x96, 0x47, 0xF4, 0x52, 0x74, 0x87, 0xD5, 0xBE, 0xE6, 0xC9, 0x9A, 0x25,
    0x8B, 0x49, 0xE4, 0x2E, 0xE1, 0x64, 0x05, 0x87, 0x15, 0x74, 0xAF, 0xEB, 0x27, 0xF5, 0x5B, 0x7A,
    0x07, 0xBD, 0x9B, 0xDE, 0x59, 0x9F, 0x12, 0xAC, 0x33, 0x98, 0xD8, 0x92, 0x8B, 0xD5, 0x54, 0x2F,
    0xD4, 0xE6, 0xC0, 0x2A, 0x2A, 0xB9, 0xE6, 0xF5, 0xA0, 0xFE, 0x53, 0x17, 0xF8, 0xFA, 0x4F, 0x1E,
    0xB4, 0x0B, 0xF0, 0xF5, 0x9F, 0x82, 0x33, 0xEA, 0x3F, 0x9D, 0x5F, 0xE9, 0xAA, 0xF6, 0x95, 0xAE,
    0x60, 0xF9, 0xF5, 0x95, 0xAE, 0x14, 0xEE, 0x0E, 0x4E, 0xB8, 0xD8, 0x79, 0xC5, 0xC3, 0x99, 0xE7,
    0x15, 0xEF, 0x55, 0xBA, 0xDA, 0xEB, 0xE9, 0x91, 0x4A, 0x57, 0x04, 0xEE, 0x08, 0xB1, 0xBD, 0x9E,
    0x32, 0x19, 0xA7, 0x3B, 0xAD, 0xA7, 0x8F, 0x3C, 0x35, 0xD0, 0x54, 0x11, 0x41, 0x36, 0x5A, 0x1F,
    0x42, 0xAB, 0x9F, 0xD6, 0xA8, 0x24, 0x02, 0x6A, 0xF4, 0xA4, 0xC6, 0x7A, 0x52, 0xAC, 0xA9, 0xF1,
    0x84, 0xA7, 0xC6, 0xE5, 0x10, 0xEC, 0xCC, 0x5D, 0xFF, 0x31, 0xCE, 0x33, 0x8C, 0x1F, 0xED, 0x3C,
    0xC3, 0xEC, 0xC4, 0xF3, 0x0C, 0x21, 0x39, 0x41, 0x8A, 0xC2, 0xEF, 0x51, 0x29, 0x6A, 0xFF, 0xFC,
    0x88, 0xEC, 0xF8, 0xF9, 0x11, 0xF5, 0xC5, 0xCE, 0x8F, 0x58, 0xC5, 0x23, 0x78, 0x78, 0x94, 0x43,
    0xAF, 0x8E, 0x4A, 0xCE, 0xF6, 0xC2, 0xE5, 0x02, 0x0D, 0x97, 0x93, 0xF1, 0x38, 0xD8, 0x85, 0xCB,
    0x05, 0xAB, 0xA3, 0x92, 0x35, 0x8B, 0xE7, 0xE6, 0x25, 0x1E, 0x95, 0xCC, 0x9D, 0x6D, 0x07, 0xB4,
    0xEE, 0x82, 0xA8, 0xA8, 0x02, 0x32, 0x8B, 0xA3, 0x39, 0x21, 0x5B, 0xA0, 0x54, 0x77, 0x05, 0x4F,
    0x51, 0x43, 0xEF, 0x4F, 0x0C, 0xC9, 0x83, 0xA5, 0xBA, 0x13, 0xC8, 0x3F, 0xCF, 0x82, 0x1C, 0xD7,
    0x30, 0x04, 0xDF, 0xC3, 0x78, 0xBD, 0xB1, 0x94, 0xEA, 0xEE, 0x96, 0x52, 0xDD, 0x8D, 0xCF, 0xE1,
    0xDE, 0xE5, 0xA0, 0xDD, 0xF7, 0x5E, 0x12, 0x98, 0x8B, 0xCC, 0xAD, 0xCE, 0x09, 0x76, 0x9A, 0xF4,
    0x1F, 0x0C, 0x58, 0x5C, 0xE1, 0x94, 0x37, 0x1E, 0xEA, 0x2B, 0xA7, 0x52, 0xB2, 0xE5, 0xA1, 0xD3,
    0x8D, 0xD3, 0x10, 0x73, 0xD2, 0xF0, 0x3E, 0xC3, 0x51, 0x58, 0x41, 0x11, 0x06, 0x2A, 0x77, 0xE8,
    0xF4, 0xEC, 0x0E, 0x9D, 0x6E, 0x7D, 0xE1, 0xD3, 0xC0, 0x85, 0xDF, 0x69, 0xDD, 0x81, 0x79, 0x47,
    0x20, 0x8D, 0x46, 0x56, 0x4A, 0x46, 0x3E, 0xB2, 0x9C, 0xD5, 0x60, 0x8C, 0x9E, 0x29, 0xE1, 0x23,
    0xF4, 0x22, 0xD5, 0xC8, 0xB0, 0x83, 0x71, 0x33, 0x23, 0xD8, 0xDF, 0xD0, 0x4A, 0x3B, 0x80, 0xA6,
    0x03, 0xCA, 0x9F, 0x17, 0xA0, 0xA9, 0x61, 0xB2, 0x42, 0x88, 0x93, 0xA3, 0x63, 0x56, 0x7B, 0xA9,
    0x60, 0x72, 0x01, 0x4D, 0x11, 0xA8, 0x39, 0x3C, 0x0B, 0x0D, 0xEF, 0x1A, 0x08, 0xFB, 0x32, 0x26,
    0xF8, 0x1B, 0xEB, 0x60, 0xC4, 0x60, 0x27, 0x92, 0xB1, 0x06, 0x7A, 0xB9, 0x84, 0x35, 0x6D, 0x7D,
    0x60, 0x00, 0x3D, 0xD0, 0xE5, 0x3E, 0x4D, 0x4D, 0xF9, 0x0E, 0x15, 0x4E, 0x70, 0xE7, 0x60, 0x62,
    0x91, 0xD2, 0x1E, 0x95, 0x01, 0xE2, 0xE6, 0xD0, 0x9C, 0x39, 0x47, 0x9F, 0xF8, 0x71, 0xDE, 0xE1,
    0x36, 0xED, 0x45, 0xF4, 0x97, 0x69, 0x90, 0x74, 0xD2, 0xCF, 0xFC, 0xAF, 0xC0, 0x50, 0xC2, 0x7E,
    0xAF, 0xC9, 0x1D, 0xCC, 0x16, 0x6D, 0xBD, 0x4D, 0x66, 0x13, 0xA3, 0x64, 0x3E, 0x73, 0xCC, 0x63,
    0xBA, 0xCC, 0x8B, 0x80, 0xE5, 0x80, 0x58, 0x01, 0xA8, 0x6E, 0xAE, 0x83, 0x30, 0x88, 0x46, 0xED,
    0x31, 0x27, 0x06, 0x34, 0xFC, 0x13, 0x54, 0x2D, 0xD7, 0xFA, 0x5C, 0x8D, 0x0B, 0x50, 0x71, 0x9A,
    0xC5, 0x52, 0x27, 0x6D, 0xA1, 0x6C, 0x38, 0xF8, 0x96, 0xD7, 0x8D, 0x8B, 0xCD, 0xCC, 0xF5, 0x28,
    0xEF, 0xC7, 0x17, 0xD2, 0x7E, 0x3F, 0x0F, 0x9B, 0x7E, 0x14, 0x21, 0xED, 0x8B, 0x3C, 0x82, 0xCA,
    0x6D, 0x94, 0xC8, 0xD2, 0x8D, 0x7B, 0x56, 0x72, 0x86, 0x4D, 0x8C, 0xBE, 0x7B, 0x82, 0x3F, 0xBD,
    0xD4, 0x12, 0x00, 0x4B, 0x4D, 0x02, 0x4D, 0x17, 0x9D, 0x96, 0x10, 0xC8, 0x83, 0xC5, 0x77, 0x74,
    0x6D, 0x3F, 0xE6, 0x51, 0x7F, 0xE0, 0x96, 0x83, 0x3C, 0x0D, 0xF7, 0x88, 0xFB, 0x35, 0xE7, 0xFD,
    0xC6, 0xAE, 0x0A, 0xB1, 0x26, 0xB9, 0xBA, 0xF8, 0x7D, 0x3E, 0xE8, 0xDA, 0x91, 0xDF, 0x1D, 0x8F,
    0xF4, 0xFC, 0x71, 0x87, 0x8F, 0x71, 0x4A, 0xB3, 0x64, 0x1A, 0x7E, 0x89, 0x8F, 0x5E, 0x5E, 0x26,
    0x9F, 0xCE, 0x44, 0x8F, 0x4E, 0x99, 0x91, 0x2E, 0x2D, 0xF6, 0x49, 0x9E, 0x73, 0xF5, 0x24, 0x2A,
    0x3B, 0x14, 0x3E, 0x2C, 0x61, 0x01, 0x4F, 0x65, 0x7E, 0x97, 0xA2, 0xB1, 0x1F, 0x7A, 0xFE, 0x29,
    0xC5, 0x1F, 0x9E, 0xBB, 0x58, 0xF1, 0x87, 0x6A, 0x79, 0x5F, 0x1F, 0x90, 0xB8, 0x30, 0xDA, 0x5C,
    0x8F, 0xE7, 0x83, 0x60, 0x1A, 0x77, 0x2E, 0x06, 0xDE, 0x23, 0x17, 0x05, 0xEF, 0xC2, 0xE0, 0x11,
    0xDE, 0x72, 0x5B, 0x4F, 0xF3, 0xA3, 0x5F, 0xC4, 0x6E, 0x34, 0x94, 0xFC, 0x27, 0x1A, 0x45, 0xFE,
    0x7E, 0xB1, 0xDB, 0x33, 0x7C, 0x21, 0x01, 0x7F, 0x78, 0xA1, 0x77, 0xC0, 0xF0, 0x23, 0x9F, 0x68,
    0xD8, 0x79, 0xAF, 0x71, 0xE7, 0xE4, 0x25, 0x26, 0xA9, 0xF8, 0xD1, 0x5C, 0xC3, 0xEC, 0x0E, 0x35,
    0x0C, 0x9B, 0x61, 0x94, 0x86, 0x81, 0xF1, 0xF0, 0x1B, 0x32, 0x26, 0x7E, 0x15, 0x1A, 0xEF, 0x83,
    0x4C, 0xF6, 0xD0, 0x53, 0xD9, 0x3A, 0x5A, 0xCF, 0xF9, 0x81, 0x22, 0x74, 0x6C, 0xAA, 0xAD, 0x83,
    0xC8, 0x63, 0xEE, 0x97, 0x58, 0xC2, 0x9E, 0x94, 0xC6, 0x91, 0x25, 0xB2, 0x5F, 0x6B, 0x8A, 0x5D,
    0xB7, 0xF2, 0x4F, 0x6B, 0xB2, 0x1C, 0x1D, 0x2E, 0x3F, 0xC5, 0x4D, 0xD5, 0xFB, 0xC1, 0xEA, 0x97,
    0x42, 0x06, 0x78, 0x78, 0x46, 0x6C, 0x91, 0xA5, 0x7D, 0x89, 0xF5, 0x06, 0x7E, 0xEA, 0xC2, 0x02,
    0x8E, 0x79, 0x83, 0x03, 0x66, 0xC9, 0x84, 0x2E, 0xBA, 0xD5, 0x68, 0xCD, 0xA7, 0x1C, 0x67, 0x86,
    0x6D, 0x15, 0x82, 0xD8, 0x59, 0xCB, 0x23, 0x8B, 0x0A, 0x90, 0xFA, 0x06, 0xC9, 0x07, 0xBF, 0x8B,
    0x0D, 0x18, 0x7C, 0xF4, 0x02, 0xF3, 0x19, 0xDE, 0x6D, 0xF6, 0x77, 0x66, 0x5F, 0x03, 0x9D, 0x8C,
    0x56, 0x85, 0x9B, 0x9A, 0x09, 0x0E, 0xBF, 0x63, 0x78, 0x50, 0x57, 0xF3, 0x24, 0x2A, 0xEC, 0xCA,
    0x19, 0xA9, 0x82, 0xB3, 0x6D, 0x0A, 0x9E, 0xDB, 0xD4, 0xB0, 0xD4, 0x78, 0xEF, 0x53, 0x0E, 0x20,
    0x08, 0x93, 0x3E, 0x85, 0xC0, 0x92, 0x29, 0x04, 0x89, 0x56, 0x29, 0x46, 0xCC, 0x20, 0xA4, 0x1B,
    0x69, 0xCF, 0x6D, 0x0E, 0xBC, 0x4B, 0xC0, 0x9C, 0x1C, 0x74, 0x09, 0x42, 0x8E, 0x4A, 0x37, 0x8F,
    0x50, 0x29, 0x58, 0xA8, 0x84, 0xD3, 0xBC, 0x6F, 0x92, 0x4A, 0x80, 0xFF, 0x1F, 0xDD, 0x5B, 0xBF,
    0x6F, 0xDC, 0xC8, 0x15, 0x1E, 0x92, 0x8E, 0x89, 0x88, 0x09, 0x98, 0xE2, 0x02, 0x04, 0x31, 0x2E,
    0x4C, 0x71, 0x85, 0x0E, 0x38, 0x9B, 0xFF, 0x80, 0xD6, 0xE4, 0xC5, 0x85, 0x8B, 0x14, 0xB9, 0x3F,
    0x21, 0x85, 0x8B, 0x74, 0x6A, 0x2E, 0x80, 0x0B, 0xD9, 0xE4, 0x25, 0xC5, 0x15, 0x29, 0x6E, 0xBB,
    0x14, 0xD7, 0xB8, 0x70, 0x61, 0xA4, 0x49, 0x93, 0x42, 0x85, 0x2C, 0xAE, 0xED, 0x22, 0x85, 0x8B,
    0xF0, 0x0E, 0x01, 0x52, 0xA4, 0x08, 0x03, 0x5C, 0x6F, 0x06, 0xA0, 0x01, 0x3A, 0xC7, 0xE5, 0xE4,
    0x7D, 0xEF, 0x0D, 0xB9, 0xA4, 0x76, 0x57, 0x92, 0x75, 0x5A, 0x4B, 0xCA, 0x62, 0xFD, 0xC6, 0xE2,
    0x8F, 0xF9, 0xF1, 0xBD, 0x37, 0x6F, 0xBE, 0xF7, 0x66, 0x56, 0x29, 0xB7, 0x51, 0xF8, 0xF8, 0xAD,
    0x14, 0x9A, 0x8B, 0x50, 0xC7, 0x28, 0x26, 0x3A, 0x45, 0xB1, 0x97, 0xCD, 0x50, 0xD4, 0x49, 0x8E,
    0xA2, 0x8C, 0x4A, 0x92, 0xB6, 0x14, 0x4E, 0x1E, 0xD4, 0x54, 0xB8, 0x33, 0x1F, 0xD5, 0xF8, 0xA9,
    0x3F, 0xA7, 0x22, 0x88, 0xBD, 0x96, 0x2B, 0xD1, 0xA8, 0x2D, 0xA2, 0x82, 0x6A, 0x3B, 0x50, 0x96,
    0xA6, 0x6A, 0xE8, 0x31, 0x2A, 0x2C, 0x7A, 0x49, 0xE7, 0x54, 0x89, 0x52, 0x49, 0xA9, 0x1C, 0x14,
    0x95, 0x0A, 0x2A, 0xA5, 0xB2, 0xB9, 0xD2, 0x7A, 0xE6, 0xD3, 0x3F, 0x53, 0xA8, 0x23, 0x1F, 0xB7,
    0x94, 0x7E, 0x36, 0x2B, 0x0A, 0xB9, 0xB7, 0xDB, 0xC6, 0xCA, 0xD5, 0xBA, 0x50, 0x7E, 0x1D, 0xD5,
    0xCA, 0x2F, 0xE9, 0xA6, 0x5B, 0x4A, 0xF7, 0x8C, 0xB0, 0xB4, 0x6E, 0x54, 0x00, 0x91, 0xD4, 0xF4,
    0x67, 0x56, 0x90, 0xD0, 0x39, 0xC4, 0x8C, 0x45, 0x40, 0xD7, 0xF2, 0x88, 0xEE, 0xBE, 0xD6, 0x2D,
    0x8D, 0xE2, 0xA5, 0xCE, 0xDD, 0xD6, 0xD3, 0xB9, 0x74, 0xC0, 0x47, 0xC9, 0x63, 0x5F, 0x08, 0x3F,
    0x1F, 0xF4, 0xD0, 0x9B, 0x0F, 0x21, 0xBC, 0x19, 0xF0, 0x10, 0xAE, 0xF9, 0x32, 0x92, 0x80, 0x01,
    0x55, 0x19, 0x4B, 0xAB, 0x92, 0x42, 0x86, 0xA4, 0xA6, 0xC3, 0x71, 0x7A, 0x23, 0xB5, 0x04, 0xA2,
    0x96, 0x68, 0xA4, 0x96, 0x03, 0x3D, 0x50, 0x8B, 0x65, 0xF4, 0x31, 0x52, 0x8B, 0xB7, 0x4A, 0x2D,
    0xD1, 0xF1, 0x6A, 0xC9, 0x0A, 0xD1, 0x47, 0xC9, 0x70, 0x46, 0xA2, 0x96, 0x64, 0x49, 0x2D, 0xB8,
    0xAA, 0x12, 0xD4, 0x77, 0x3F, 0xE1, 0xAE, 0x41, 0x3C, 0x40, 0xD3, 0xB8, 0xE1, 0xA0, 0x67, 0x76,
    0xDA, 0x0D, 0xE6, 0xDC, 0x55, 0xF2, 0x57, 0xA8, 0xC4, 0x11, 0x95, 0x78, 0x85, 0x20, 0x95, 0x72,
    0x4D, 0x13, 0xC1, 0xFE, 0xE7, 0x28, 0x0E, 0x19, 0x7B, 0xBB, 0x66, 0xBB, 0xB0, 0xA7, 0xEA, 0xD7,
    0x6A, 0xE9, 0x73, 0x7A, 0x98, 0xAB, 0xCC, 0xC0, 0x8C, 0xE6, 0x9C, 0xC2, 0xC0, 0x1C, 0x56, 0x23,
    0x98, 0x9B, 0xF5, 0x30, 0xDB, 0xA8, 0x6D, 0x64, 0xFD, 0x03, 0x98, 0x8F, 0xB1, 0x7E, 0x1E, 0x1E,
    0x0D, 0xCE, 0xC3, 0xD0, 0x82, 0xF6, 0x03, 0xAA, 0x32, 0xA4, 0x9A, 0x6A, 0x8F, 0x2A, 0x28, 0xEC,
    0x6A, 0x38, 0x98, 0x8D, 0xC1, 0x6C, 0x09, 0x4A, 0xEA, 0xA1, 0x99, 0x02, 0xBF, 0xE2, 0xBF, 0xAD,
    0x5D, 0x81, 0x2B, 0x63, 0x98, 0xAD, 0x1E, 0xE6, 0x7B, 0x57, 0x0E, 0xE6, 0xA4, 0x9F, 0x9A, 0xEE,
    0x73, 0xD4, 0xF6, 0x47, 0xF4, 0xC5, 0x7F, 0x49, 0x5D, 0x88, 0x80, 0x70, 0xAD, 0x9E, 0x0E, 0x07,
    0x73, 0x43, 0x4F, 0x01, 0x64, 0xAD, 0x9C, 0x96, 0x06, 0xE4, 0x34, 0x8E, 0x56, 0x16, 0x04, 0x75,
    0xB4, 0x13, 0x09, 0x75, 0xCA, 0x45, 0xCF, 0x02, 0x82, 0x4F, 0x85, 0x35, 0x89, 0xA8, 0x82, 0x28,
    0x59, 0xB8, 0x74, 0xAD, 0x22, 0x57, 0x1B, 0xCC, 0x13, 0x9D, 0x7A, 0xFA, 0x3F, 0xBA, 0xB2, 0x74,
    0xAA, 0x59, 0x97, 0x02, 0x8D, 0xF5, 0x0F, 0x71, 0x17, 0x2E, 0x8A, 0xEB, 0x4F, 0x02, 0x00, 0x15,
    0xB4, 0x1F, 0x31, 0x6A, 0x09, 0xC3, 0x35, 0x67, 0xBB, 0x70, 0x4A, 0xBB, 0x3E, 0x17, 0xB4, 0xCB,
    0x11, 0xDA, 0x67, 0xF6, 0x1D, 0xF9, 0xA9, 0x7C, 0x07, 0xBD, 0x86, 0x56, 0x3F, 0x9F, 0xC9, 0x08,
    0xBD, 0xE6, 0x16, 0x7A, 0xB9, 0xDD, 0x5B, 0x36, 0x79, 0xA0, 0xC2, 0xAA, 0x37, 0x61, 0xD9, 0xF3,
    0x85, 0x65, 0x17, 0xB0, 0x6C, 0xC2, 0x30, 0x89, 0xEF, 0xC3, 0x6C, 0x75, 0xC9, 0x7E, 0xEB, 0x6B,
    0xCD, 0x46, 0x9C, 0x86, 0xE9, 0xA0, 0x75, 0x5F, 0x3C, 0x7A, 0x94, 0x31, 0x82, 0x73, 0xF6, 0xF6,
    0x84, 0x7C, 0xA5, 0xD6, 0x7D, 0x2E, 0xBB, 0x57, 0x49, 0xA6, 0xFB, 0xF4, 0x26, 0x0D, 0xD5, 0x79,
    0x96, 0xCD, 0x86, 0x7D, 0x0E, 0xB8, 0x8D, 0x53, 0xF8, 0x97, 0x70, 0x8D, 0x16, 0xB2, 0x33, 0xBA,
    0xF1, 0xEB, 0x8F, 0x87, 0x0B, 0x79, 0x24, 0x88, 0xF5, 0xFE, 0xBB, 0x10, 0xC7, 0xF2, 0x68, 0x3D,
    0xD2, 0x52, 0x04, 0xED, 0xF0, 0xF5, 0x89, 0x00, 0x7E, 0x20, 0x80, 0x57, 0x3C, 0x52, 0xAB, 0x4C,
    0x46, 0x48, 0x47, 0x82, 0x34, 0xAF, 0x96, 0x3D, 0xD2, 0xAC, 0xEF, 0x01, 0xD2, 0xA8, 0x84, 0xA6,
    0x35, 0x23, 0x6D, 0x03, 0xE9, 0xAA, 0x47, 0x9A, 0xC0, 0x00, 0xD2, 0x59, 0xC9, 0x48, 0xEB, 0x93,
    0xD8, 0x8B, 0x90, 0x01, 0x21, 0x0D, 0x47, 0x0B, 0xB9, 0xE7, 0xA1, 0x43, 0x01, 0x77, 0x00, 0x5E,
    0xA9, 0x21, 0xDE, 0xE0, 0x14, 0x4E, 0xB9, 0x51, 0x37, 0x7F, 0x6A, 0x82, 0x13, 0x32, 0xA0, 0xEA,
    0xB6, 0x3C, 0x28, 0xB6, 0x31, 0xFD, 0x8C, 0x79, 0x4B, 0xED, 0xF2, 0x23, 0x99, 0x8C, 0x39, 0x34,
    0x6E, 0xEC, 0xF1, 0x15, 0x9C, 0x1C, 0xB2, 0xCA, 0xC1, 0x20, 0x6C, 0x6A, 0xD7, 0x7E, 0x76, 0x97,
    0xDE, 0x2E, 0xC0, 0x2E, 0x5A, 0xCC, 0x7F, 0xA6, 0x3C, 0xC1, 0x78, 0xEA, 0xFF, 0x79, 0x59, 0x21,
    0xF6, 0x39, 0xD1, 0x9B, 0xC8, 0xD8, 0x8D, 0x00, 0xEF, 0x88, 0xF9, 0x4C, 0x3F, 0xFE, 0x3F, 0x83,
    0x9C, 0x97, 0xD7, 0x90, 0x7B, 0x4A, 0xAF, 0xDB, 0xB3, 0x0B, 0x85, 0xDC, 0x95, 0x96, 0x7E, 0xB8,
    0x27, 0x2D, 0xED, 0x0C, 0xA9, 0x7A, 0xF9, 0x2C, 0x17, 0xE4, 0x19, 0xAC, 0x44, 0xA0, 0xBB, 0x31,
    0x57, 0x27, 0xAE, 0x04, 0xF3, 0x31, 0xF2, 0x5C, 0x3C, 0x38, 0x3D, 0xF2, 0xC1, 0x59, 0x91, 0xCF,
    0x4E, 0x40, 0xDE, 0x47, 0x33, 0xEF, 0xF3, 0x50, 0xF7, 0xCC, 0x30, 0xED, 0xE7, 0x2F, 0x00, 0x3F,
    0x6C, 0xAD, 0x02, 0x27, 0x4A, 0xD0, 0x4C, 0x50, 0x6F, 0x0C, 0xFE, 0x6F, 0x01, 0xFF, 0x0B, 0xC0,
    0x6F, 0xB3, 0xC5, 0x5B, 0xCC, 0xE7, 0xF5, 0xD7, 0x0C, 0xC7, 0x6B, 0x06, 0x87, 0x82, 0x4D, 0xB6,
    0xD5, 0x4F, 0xAE, 0x0D, 0xFA, 0x60, 0x55, 0x32, 0x1D, 0xE6, 0x5E, 0x2A, 0xCA, 0x10, 0xC0, 0xEB,
    0xB7, 0xD4, 0xC2, 0x8E, 0x68, 0x61, 0xFF, 0x18, 0x2D, 0xCC, 0x44, 0x0B, 0xA9, 0x68, 0x21, 0x16,
    0x2D, 0xA8, 0xF5, 0x5A, 0xA8, 0x98, 0x17, 0x21, 0xAC, 0x1B, 0x68, 0xA1, 0x90, 0x55, 0xA2, 0x5C,
    0xBB, 0x4A, 0x64, 0x77, 0x72, 0x2C, 0xCA, 0xE4, 0xEF, 0xBF, 0xA2, 0xBA, 0xAC, 0xF8, 0x1A, 0xF4,
    0xEF, 0xC2, 0xFD, 0x7B, 0x50, 0x29, 0x7C, 0x6F, 0xB6, 0x62, 0x26, 0xAC, 0x58, 0x94, 0xED, 0xB3,
    0x2E, 0xCA, 0xDF, 0x8E, 0x66, 0x82, 0xF5, 0x88, 0x43, 0x52, 0xA7, 0xB2, 0x99, 0x13, 0xCD, 0x5D,
    0x51, 0x8C, 0x36, 0xB6, 0x1F, 0xAF, 0x85, 0xFB, 0xAC, 0x29, 0x85, 0x62, 0x55, 0x4A, 0x41, 0x56,
    0x63, 0x03, 0xF7, 0xCA, 0x94, 0x42, 0x25, 0x46, 0x5F, 0x8E, 0x52, 0x0A, 0x85, 0xF0, 0xCF, 0xF2,
    0x3C, 0x52, 0x0A, 0xFE, 0x8C, 0x34, 0xE0, 0x15, 0x44, 0x8B, 0x1C, 0x34, 0x6F, 0x69, 0xF4, 0x28,
    0x2C, 0x96, 0xD4, 0xE0, 0xB0, 0x1A, 0x1A, 0xCC, 0x88, 0x8A, 0xDE, 0x3F, 0xA2, 0x8B, 0x8D, 0x2C,
    0xCA, 0x04, 0x84, 0xAE, 0x33, 0x08, 0x8A, 0x29, 0x1C, 0xC4, 0x19, 0x16, 0x84, 0x62, 0x51, 0x8D,
    0x83, 0x92, 0x4E, 0xD0, 0x18, 0x8C, 0x58, 0x75, 0xD7, 0x88, 0x9B, 0x10, 0xB7, 0x59, 0x50, 0xCD,
    0xE4, 0x88, 0xE9, 0x8D, 0x16, 0xAD, 0xB5, 0xC3, 0x51, 0xCF, 0x97, 0x5F, 0xE6, 0x6B, 0xBB, 0xAD,
    0xEA, 0xD0, 0x20, 0x65, 0x86, 0xA5, 0x37, 0x57, 0x11, 0x11, 0x6E, 0x1A, 0x20, 0x3D, 0xA3, 0x67,
    0x10, 0xE8, 0x81, 0x08, 0x28, 0x44, 0x04, 0x06, 0x99, 0x15, 0x32, 0xBE, 0x1F, 0x50, 0xD8, 0xA4,
    0x26, 0x64, 0x44, 0x16, 0x48, 0x17, 0x82, 0xA3, 0xB0, 0x8D, 0x87, 0x1A, 0x1B, 0xD9, 0x78, 0xAF,
    0x45, 0xE6, 0xF2, 0xF4, 0x9C, 0x0B, 0x6E, 0xEF, 0xDD, 0xA5, 0x8B, 0x16, 0xB3, 0x27, 0x36, 0xDE,
    0x10, 0xAD, 0x4C, 0x7A, 0xAF, 0xFE, 0x81, 0x79, 0xE1, 0x22, 0x40, 0x0C, 0xFB, 0xFC, 0xC9, 0xA7,
    0x8B, 0xFC, 0xC9, 0xD3, 0xB5, 0xF9, 0x93, 0x4D, 0xC1, 0x19, 0xE4, 0x5B, 0x31, 0xCD, 0x10, 0xE2,
    0x17, 0x78, 0x97, 0xD8, 0xF1, 0x5C, 0x59, 0x53, 0x6F, 0xE8, 0x61, 0x2E, 0x02, 0x9C, 0x2C, 0xDE,
    0xA1, 0x47, 0x8A, 0x03, 0xE5, 0x21, 0xCC, 0xF6, 0x7F, 0x47, 0x91, 0xCA, 0x96, 0x4A, 0xD2, 0xF1,
    0x7C, 0x7B, 0x0B, 0x48, 0xF2, 0xF5, 0x90, 0xDC, 0x5C, 0x61, 0x61, 0x4E, 0x2D, 0x06, 0xE3, 0x68,
    0x3F, 0x26, 0xF7, 0xF5, 0x77, 0x7A, 0xFA, 0x0F, 0xF4, 0xCE, 0x53, 0xAC, 0xAB, 0x53, 0xB5, 0x7D,
    0xC1, 0xE0, 0x2C, 0x52, 0x42, 0x7E, 0x73, 0x1B, 0xBE, 0x90, 0xCC, 0x38, 0x8B, 0x52, 0x8A, 0x93,
    0xE8, 0xBA, 0x9B, 0x5B, 0xD5, 0x3B, 0x81, 0xE9, 0x61, 0x4F, 0x4B, 0xDD, 0x17, 0xE8, 0xF4, 0x17,
    0x78, 0x31, 0xEC, 0x61, 0x7A, 0xA4, 0x7E, 0x72, 0xB1, 0x30, 0x1D, 0xF6, 0x94, 0x92, 0xFB, 0x67,
    0x49, 0xFF, 0x90, 0xD2, 0x79, 0x68, 0xD7, 0x60, 0x48, 0x0F, 0xC6, 0x29, 0x9D, 0x14, 0xBD, 0xAC,
    0xA9, 0x52, 0x02, 0xC7, 0x6B, 0xC8, 0x85, 0xF8, 0xB5, 0xA5, 0x53, 0x9A, 0xA5, 0x7A, 0x46, 0x18,
    0x90, 0xA0, 0x4A, 0x8D, 0x58, 0x78, 0x61, 0x40, 0xCD, 0xC9, 0x12, 0xF2, 0x40, 0x0E, 0x56, 0x28,
    0x2F, 0xA6, 0x30, 0x31, 0x01, 0x27, 0x27, 0x2F, 0xE8, 0x69, 0xA6, 0xE9, 0x11, 0x10, 0xFD, 0x6D,
    0x29, 0x89, 0x5E, 0xFB, 0x4F, 0x44, 0xDA, 0x3D, 0xFD, 0x92, 0xB0, 0xFB, 0x17, 0x92, 0x0F, 0x30,
    0xB5, 0x5A, 0x1D, 0xAE, 0xC3, 0xCA, 0x5E, 0xC0, 0xB4, 0x0F, 0xF1, 0xE9, 0x3A, 0xAC, 0x52, 0x23,
    0x8E, 0xC1, 0xEA, 0x7D, 0x88, 0x5B, 0x3D, 0x56, 0x87, 0x43, 0x93, 0x1A, 0x27, 0x64, 0xFC, 0x26,
    0x84, 0x5D, 0x6D, 0xC3, 0xAE, 0x66, 0xBD, 0x5D, 0xD5, 0x67, 0xB6, 0xAB, 0xD5, 0x1E, 0xE9, 0xFB,
    0x80, 0xEE, 0x67, 0x64, 0x57, 0x1F, 0x3F, 0xED, 0xEC, 0x0A, 0x5A, 0x08, 0xF3, 0x9B, 0xF4, 0x60,
    0xBD, 0x43, 0x68, 0x65, 0xA4, 0xA8, 0x69, 0xD0, 0xAD, 0xB3, 0xE8, 0xB4, 0xF2, 0x5F, 0x51, 0x3D,
    0x11, 0x3C, 0x7A, 0x4D, 0xCB, 0xFF, 0x91, 0xCF, 0x3B, 0x30, 0xB3, 0x87, 0x4B, 0xAE, 0x6A, 0xBA,
    0x8F, 0x0A, 0x88, 0xE0, 0x7D, 0xD6, 0xA7, 0x52, 0x78, 0x3D, 0xE2, 0x78, 0x0C, 0xF3, 0xD2, 0x62,
    0xFC, 0x8A, 0x75, 0xF3, 0xB2, 0xEE, 0xF1, 0xCB, 0xCF, 0xE0, 0xD1, 0x97, 0xDD, 0x97, 0xF5, 0xA4,
    0xC7, 0x0A, 0xEF, 0x44, 0xBF, 0xA4, 0xC7, 0x1B, 0x9B, 0x3D, 0xD7, 0x6F, 0x2E, 0xDC, 0x73, 0x9D,
    0x48, 0x1C, 0x24, 0x0B, 0x85, 0x3F, 0x13, 0xF2, 0xF7, 0x56, 0xE3, 0xE7, 0x2B, 0xD2, 0x1F, 0xE7,
    0xB3, 0x18, 0xDE, 0x5C, 0xCD, 0x2D, 0x78, 0xFD, 0x3D, 0xC2, 0x2D, 0x9C, 0xAA, 0x23, 0x16, 0x3E,
    0x31, 0x36, 0x97, 0x77, 0xAC, 0x68, 0x7D, 0x08, 0x39, 0x72, 0xDD, 0x33, 0x44, 0x42, 0xF3, 0xC7,
    0xE3, 0x1E, 0xBC, 0xED, 0xD7, 0x03, 0x39, 0xD5, 0x42, 0x6E, 0x3D, 0xB0, 0xBF, 0xF4, 0xA3, 0x80,
    0xE6, 0xE1, 0x4C, 0x85, 0x31, 0xD9, 0x0D, 0xA8, 0xED, 0x27, 0xD2, 0x04, 0xBE, 0x3E, 0x72, 0xCB,
    0x27, 0x54, 0xE8, 0xE2, 0xB1, 0x94, 0xC8, 0x26, 0x7F, 0xCF, 0xA7, 0x63, 0xA2, 0xA3, 0xFE, 0x16,
    0xFD, 0x9F, 0xE0, 0xEB, 0xFF, 0xEC, 0xF6, 0x08, 0xCE, 0xD8, 0x49, 0x13, 0xD3, 0x1D, 0xA9, 0xF0,
    0xBA, 0x7E, 0xC3, 0xB1, 0x06, 0x88, 0xBD, 0x9E, 0x92, 0xD2, 0x48, 0xD9, 0x4E, 0x8B, 0x68, 0xD4,
    0xD2, 0x31, 0x7C, 0xB0, 0xB8, 0xE3, 0x2C, 0x87, 0x66, 0x93, 0x02, 0xC1, 0x5B, 0x54, 0xB2, 0xD9,
    0xAF, 0x92, 0x7C, 0x57, 0x9E, 0x91, 0xE7, 0xE5, 0x5D, 0xA9, 0xC7, 0xE7, 0x3A, 0xA5, 0x7E, 0x69,
    0x4B, 0xDA, 0x35, 0x7D, 0x18, 0x25, 0xF0, 0x24, 0x63, 0x37, 0x94, 0x7C, 0xDD, 0xC4, 0x00, 0x25,
    0x05, 0x9A, 0x64, 0x36, 0x92, 0xEB, 0x2F, 0xC8, 0x68, 0xB2, 0x1C, 0xE9, 0xFD, 0x9C, 0x1A, 0xA1,
    0x8E, 0x2C, 0x0B, 0xDC, 0xE0, 0x47, 0xF8, 0xE1, 0x10, 0xAF, 0x71, 0x05, 0x9C, 0xA1, 0x3D, 0x95,
    0x65, 0x72, 0xD0, 0x6A, 0xF3, 0x06, 0x82, 0xF3, 0x15, 0x43, 0x19, 0x0B, 0xA0, 0x2C, 0x25, 0xA1,
    0x21, 0x3B, 0x8F, 0x81, 0x38, 0xA8, 0xC5, 0x80, 0x2E, 0x0F, 0xC2, 0xDE, 0xBC, 0x4B, 0x4A, 0xED,
    0x30, 0x9A, 0xBC, 0x63, 0x8A, 0xA8, 0xD7, 0x7A, 0xD3, 0x6D, 0x92, 0x5A, 0x8F, 0x8E, 0x84, 0x5B,
    0x80, 0xDA, 0x3B, 0x77, 0xA8, 0x7F, 0xAA, 0x7A, 0x46, 0xCE, 0x8B, 0x4C, 0x56, 0x96, 0x80, 0xF7,
    0x0D, 0xC2, 0x8A, 0x92, 0x43, 0x70, 0xDE, 0x1F, 0xF8, 0x50, 0x5D, 0x4F, 0xC7, 0x0B, 0xD0, 0x65,
    0x32, 0xD7, 0x05, 0x49, 0x9C, 0x60, 0x31, 0x02, 0x49, 0x0C, 0x79, 0x31, 0x82, 0x47, 0xB5, 0xAA,
    0x15, 0xB1, 0xEB, 0xF9, 0x83, 0xB9, 0x25, 0x39, 0x02, 0x9E, 0x33, 0x8E, 0xAC, 0xE3, 0x55, 0x06,
    0x45, 0xFE, 0x58, 0x33, 0xC5, 0xBE, 0x1A, 0x60, 0x26, 0x7D, 0xEA, 0x5B, 0xA8, 0xEE, 0x97, 0x23,
    0x2A, 0xA9, 0x96, 0xA8, 0xE4, 0x14, 0x3E, 0x10, 0x8E, 0xEC, 0x17, 0x5A, 0x49, 0x78, 0x5F, 0x53,
    0x4B, 0x44, 0x25, 0xA9, 0xD1, 0x8A, 0xDA, 0xA7, 0x36, 0x97, 0x05, 0x6E, 0xF0, 0x23, 0xFC, 0xB0,
    0xD7, 0xF0, 0x4A, 0x76, 0x47, 0x83, 0x4A, 0x36, 0x3D, 0x95, 0x94, 0xC0, 0xCC, 0x64, 0x26, 0x77,
    0x7A, 0xFB, 0xD4, 0xFF, 0x2E, 0x40, 0xE1, 0x5E, 0x13, 0x80, 0xCE, 0x6B, 0x76, 0x0D, 0x79, 0xC2,
    0x06, 0x1C, 0x5C, 0x5E, 0xFB, 0x3C, 0xCA, 0x38, 0x6F, 0xC1, 0x48, 0xB7, 0x7B, 0x23, 0x5D, 0xBD,
    0x05, 0xB8, 0x99, 0x19, 0xEF, 0xD6, 0x4E, 0x0E, 0xD2, 0x81, 0xCE, 0x4C, 0x02, 0x38, 0xA0, 0x6D,
    0x7B, 0x90, 0xD2, 0x95, 0x1D, 0xC1, 0x76, 0x88, 0xAB, 0x3F, 0x5B, 0x95, 0xEB, 0x7D, 0x87, 0xE8,
    0x06, 0xC7, 0xA3, 0x3B, 0x24, 0xA5, 0xE9, 0x12, 0x29, 0x4D, 0xA2, 0xDE, 0x0F, 0xD8, 0xEB, 0xFC,
    0xC0, 0x79, 0xAF, 0x5F, 0x9C, 0x4F, 0x55, 0x59, 0xD5, 0x43, 0xE9, 0x55, 0x09, 0x27, 0x64, 0x82,
    0x4B, 0xEF, 0x48, 0x4F, 0x5E, 0xF7, 0x05, 0xDA, 0x96, 0x49, 0x6B, 0x8C, 0x3D, 0x3B, 0x64, 0x7D,
    0xED, 0xF2, 0x1D, 0x41, 0x7B, 0x02, 0x69, 0x95, 0x0C, 0xA2, 0x23, 0xD9, 0x57, 0x57, 0xEC, 0xDA,
    0x37, 0x1B, 0x8F, 0x82, 0xFA, 0xF6, 0x8A, 0xED, 0x49, 0x0C, 0x9E, 0x0A, 0x20, 0x11, 0x94, 0x0C,
    0x8B, 0x5B, 0x32, 0x46, 0x4E, 0xC1, 0x4A, 0xF0, 0x18, 0x7F, 0xE2, 0xF4, 0x0C, 0x65, 0xA5, 0x04,
    0x57, 0x25, 0x20, 0x2B, 0xC1, 0x7D, 0x4D, 0x21, 0x8F, 0x98, 0x27, 0xCD, 0x7B, 0xA2, 0x10, 0x25,
    0x1A, 0x51, 0xA2, 0x12, 0xA3, 0xF3, 0x4E, 0x29, 0x46, 0x2B, 0xBD, 0x5A, 0x38, 0x19, 0x6F, 0xB4,
    0xC0, 0x39, 0x65, 0x8B, 0xC7, 0x46, 0xCC, 0x5C, 0x32, 0x0F, 0x32, 0x60, 0xAA, 0x8D, 0xA0, 0x87,
    0x2F, 0xD5, 0x65, 0x34, 0x23, 0xEC, 0xE6, 0x01, 0xC3, 0x78, 0x9B, 0xE1, 0x87, 0xAB, 0x45, 0x0A,
    0x99, 0x71, 0x5E, 0xFF, 0xE5, 0xBB, 0xAC, 0x06, 0x51, 0x9A, 0x62, 0x45, 0x88, 0x23, 0x32, 0xAA,
    0xE8, 0xCC, 0xBC, 0x1A, 0x26, 0x8F, 0x1D, 0x13, 0xF2, 0xC8, 0xB9, 0x81, 0x0E, 0x5D, 0x6B, 0x7A,
    0xF5, 0xE0, 0xE6, 0xE4, 0xBB, 0x24, 0x56, 0xE9, 0x0E, 0x77, 0xDB, 0xE7, 0x19, 0x4D, 0x0E, 0xE4,
    0x02, 0xE1, 0x16, 0xE2, 0x6B, 0x98, 0x6F, 0x47, 0x7D, 0x3B, 0xEE, 0x2B, 0xE4, 0x57, 0x79, 0xE5,
    0x70, 0x07, 0x55, 0xF8, 0xAF, 0xDA, 0xBA, 0x52, 0xB6, 0x2E, 0x27, 0x0A, 0x65, 0xBF, 0x56, 0xB8,
    0xB1, 0x59, 0x81, 0x98, 0x94, 0x58, 0x6F, 0xCC, 0x21, 0xC2, 0xF7, 0x98, 0x20, 0xAF, 0x55, 0x44,
    0x0A, 0x18, 0xA3, 0xCD, 0x28, 0xC2, 0xAD, 0xD9, 0xAA, 0x43, 0x7D, 0xA7, 0x90, 0xED, 0x19, 0x74,
    0xEF, 0x20, 0xE0, 0x79, 0x79, 0xCF, 0x9E, 0xAF, 0x3D, 0x05, 0x71, 0xE9, 0xA1, 0x47, 0x26, 0x5A,
    0x52, 0xD1, 0x92, 0x8B, 0x96, 0x64, 0x34, 0xD9, 0xCF, 0x6E, 0xFA, 0xE1, 0x05, 0xDA, 0xFD, 0x15,
    0xF3, 0xD5, 0xA7, 0x3E, 0xFD, 0xD2, 0x9F, 0x31, 0x94, 0x5D, 0x42, 0x81, 0x35, 0x63, 0x58, 0xC3,
    0x01, 0xAC, 0x13, 0x06, 0xA8, 0xDA, 0x04, 0xAC, 0xDD, 0xBA, 0x29, 0x2E, 0x7C, 0x28, 0xF9, 0xBA,
    0xD6, 0xDA, 0xE1, 0x7C, 0x88, 0x83, 0x8C, 0x4A, 0xAE, 0xC2, 0x1C, 0x2B, 0xAB, 0x3F, 0xE3, 0x1A,
    0xCF, 0x51, 0x52, 0x9D, 0x29, 0xF6, 0x92, 0xB1, 0x31, 0x33, 0x43, 0x28, 0x9A, 0xD4, 0x98, 0x46,
    0x01, 0x27, 0xAB, 0xAC, 0x6C, 0xD0, 0x5D, 0xD9, 0xF7, 0x5A, 0xEE, 0x2E, 0x1F, 0x4B, 0xD2, 0x16,
    0x45, 0x0F, 0x22, 0x3D, 0xAD, 0x42, 0xCE, 0xAE, 0xF8, 0x67, 0x91, 0x71, 0x00, 0x99, 0x86, 0x7C,
    0x00, 0x2A, 0xE1, 0xCD, 0xCC, 0x57, 0x2D, 0x1A, 0xF8, 0x42, 0x17, 0xEA, 0xC6, 0xDC, 0xD3, 0xC5,
    0xA9, 0x98, 0x92, 0x6C, 0x7B, 0x61, 0x4B, 0x16, 0x5B, 0xEE, 0x1C, 0x58, 0xFD, 0x28, 0x5A, 0x44,
    0xDB, 0x92, 0x43, 0xB2, 0xC5, 0xA9, 0xF3, 0xF3, 0x56, 0x3A, 0x48, 0x58, 0x5E, 0x16, 0xE4, 0x2D,
    0xB6, 0x4E, 0x3E, 0x3D, 0xA8, 0x9C, 0xCF, 0x4B, 0x43, 0x3B, 0xE0, 0xA8, 0xF3, 0xC5, 0xF1, 0x28,
    0x09, 0xCF, 0xDE, 0xEB, 0xF5, 0x94, 0x51, 0xC7, 0x1B, 0x23, 0x49, 0x17, 0xD1, 0xC6, 0x74, 0xE1,
    0xEB, 0x62, 0x31, 0xAD, 0x64, 0x7F, 0xDD, 0x78, 0x29, 0x67, 0x3E, 0x5C, 0x11, 0xAF, 0xF7, 0x36,
    0x64, 0x02, 0x2D, 0xA7, 0x65, 0x74, 0x5F, 0x08, 0xC8, 0xCF, 0xB5, 0x0B, 0x14, 0x66, 0x99, 0x00,
    0x33, 0x91, 0xE2, 0x80, 0x8B, 0x7F, 0x16, 0x5C, 0xB4, 0xB1, 0x5C, 0x54, 0xDF, 0xB9, 0x00, 0xE8,
    0x7C, 0x76, 0x02, 0xE1, 0x80, 0xC0, 0x4E, 0xB8, 0x33, 0xA3, 0x13, 0xE0, 0x7B, 0x9B, 0xB7, 0x65,
    0xFF, 0xDE, 0x50, 0x2B, 0x5F, 0x7A, 0x1E, 0x8A, 0xF3, 0xA0, 0x38, 0xDC, 0x93, 0x41, 0x49, 0xB8,
    0x01, 0xBE, 0xAF, 0x6D, 0xDD, 0x84, 0x52, 0x78, 0x25, 0xE3, 0xEE, 0x14, 0x0C, 0xA4, 0x37, 0x63,
    0x32, 0x9D, 0x31, 0xAC, 0xFA, 0x1B, 0x83, 0xEE, 0xE9, 0x0A, 0x68, 0xC0, 0xA8, 0xC0, 0xE8, 0x80,
    0xED, 0x93, 0x23, 0x00, 0x6C, 0xDC, 0xE3, 0x4C, 0x90, 0x8B, 0xC2, 0xD3, 0xC3, 0x4E, 0xAB, 0xA4,
    0x18, 0xD2, 0xEF, 0xEE, 0xE8, 0xEE, 0xF6, 0x15, 0xD4, 0x83, 0x99, 0xEF, 0x61, 0x39, 0x3C, 0x5F,
    0xA3, 0xDA, 0xFE, 0xB4, 0xDA, 0x25, 0xD3, 0x83, 0xF1, 0x3B, 0xC6, 0xF1, 0x18, 0xCF, 0xD3, 0xB9,
    0x1E, 0x93, 0xE9, 0x33, 0x09, 0x6C, 0xF1, 0x3E, 0xC6, 0xFD, 0xC0, 0xFF, 0x5C, 0x21, 0xAD, 0x88,
    0x63, 0x32, 0x9E, 0x49, 0x39, 0xBF, 0x37, 0x76, 0x26, 0x85, 0x9C, 0x16, 0xEC, 0x0E, 0x6F, 0x4E,
    0x14, 0x67, 0xE7, 0xC8, 0x3F, 0x45, 0x79, 0xAF, 0x23, 0x47, 0x74, 0xE4, 0x8C, 0x75, 0x14, 0x6C,
    0x40, 0x47, 0xAF, 0x44, 0x47, 0x7F, 0x13, 0x1D, 0xF9, 0xB2, 0x3B, 0x13, 0x6F, 0x73, 0xE7, 0xAB,
    0x3D, 0xDE, 0xC1, 0xE2, 0x3D, 0x01, 0xA1, 0x5B, 0xC4, 0xB7, 0xC2, 0x23, 0x29, 0x97, 0x2B, 0xA4,
    0x15, 0xB7, 0xB6, 0xF9, 0xF0, 0x89, 0xBE, 0x9B, 0x0B, 0x35, 0x32, 0xE4, 0x18, 0xF7, 0x1E, 0xD3,
    0xDA, 0xB2, 0x65, 0xE6, 0x4A, 0x3E, 0x9C, 0x2B, 0xD1, 0xC5, 0xCD, 0x95, 0x2B, 0xB6, 0x22, 0x9C,
    0xFA, 0x87, 0x61, 0x83, 0xDF, 0x5F, 0x0D, 0xFC, 0x92, 0x25, 0x36, 0x6F, 0x19, 0xAC, 0xC3, 0xC6,
    0xC9, 0x87, 0x58, 0x1F, 0x6E, 0xCA, 0xE6, 0xFB, 0xA3, 0x5D, 0xA7, 0x63, 0xC6, 0xF6, 0x13, 0x59,
    0x48, 0xC4, 0x8D, 0xC9, 0x5E, 0x4E, 0x3E, 0x18, 0xDB, 0xBD, 0xA3, 0x5B, 0xE1, 0x8D, 0xCF, 0xFB,
    0x6A, 0x24, 0x03, 0x6A, 0x29, 0xC9, 0xA1, 0xBB, 0x30, 0xC6, 0x4A, 0x14, 0x72, 0x52, 0x68, 0xC2,
    0xE7, 0x11, 0xF7, 0x91, 0xB3, 0xC0, 0xDE, 0x4A, 0xD0, 0x20, 0x41, 0xEF, 0xCF, 0x71, 0xB2, 0xD5,
    0xC5, 0xB9, 0x17, 0x6A, 0x6B, 0x97, 0x6B, 0x62, 0x97, 0x99, 0x49, 0xB6, 0xA5, 0x5A, 0xCD, 0xED,
    0x8C, 0xAC, 0xFA, 0x27, 0x7D, 0xA6, 0xD5, 0x22, 0x75, 0x7F, 0x74, 0x8D, 0x97, 0x09, 0xAB, 0x1D,
    0x9C, 0x24, 0xEF, 0x3A, 0x5B, 0x60, 0x8B, 0x98, 0x44, 0x40, 0x08, 0x96, 0x38, 0x47, 0x81, 0xBD,
    0x70, 0xD1, 0x00, 0x75, 0x39, 0x0E, 0x60, 0x02, 0xE4, 0xB8, 0xB2, 0xD9, 0x04, 0x8B, 0xE8, 0x1E,
    0xEA, 0xAB, 0xE1, 0xD4, 0xD1, 0xC8, 0x7F, 0x4B, 0xAC, 0xB3, 0x05, 0xBA, 0x3D, 0x03, 0xEA, 0xB3,
    0x2E, 0x51, 0xA1, 0xFB, 0x25, 0x09, 0x43, 0xB0, 0x9B, 0x6E, 0x2B, 0x0C, 0x87, 0x02, 0x2D, 0x6C,
    0xD6, 0x73, 0x44, 0x1D, 0x7D, 0x73, 0xB9, 0xE0, 0x1A, 0x7D, 0xE4, 0xDC, 0xFD, 0xF2, 0xBB, 0xB8,
    0x9E, 0xE8, 0x2A, 0xD2, 0x2C, 0x7C, 0x9D, 0x7A, 0xD8, 0xB7, 0x77, 0x28, 0xB0, 0x89, 0x5D, 0xC4,
    0x44, 0x1E, 0x42, 0x1F, 0x9A, 0x40, 0x49, 0x11, 0xE0, 0x95, 0x10, 0x58, 0x4D, 0x40, 0x97, 0xF6,
    0x30, 0x27, 0xF6, 0x91, 0x08, 0xAC, 0x30, 0xBD, 0x79, 0x5F, 0xAB, 0xE8, 0xB7, 0xC7, 0x61, 0x69,
    0x7C, 0xCC, 0x2A, 0xEA, 0x7F, 0xA4, 0x88, 0x5F, 0xBB, 0xD8, 0xE4, 0x8D, 0x94, 0x57, 0x71, 0x08,
    0x48, 0x95, 0xE9, 0xD4, 0x97, 0x9F, 0x08, 0x75, 0x1F, 0x59, 0x5C, 0xF9, 0x30, 0x9B, 0xFA, 0xCB,
    0x90, 0xD4, 0x73, 0x2C, 0x67, 0x37, 0x8B, 0xD5, 0x47, 0xCE, 0x4D, 0xDB, 0xF1, 0x77, 0x35, 0xD3,
    0x76, 0x03, 0xB8, 0x23, 0xCA, 0x75, 0x10, 0xE2, 0x3B, 0xCF, 0x9A, 0x2E, 0x7D, 0xC4, 0xF9, 0x71,
    0xF9, 0xF5, 0x15, 0x2E, 0x7D, 0xCF, 0x74, 0x7B, 0x04, 0xBD, 0x4B, 0xD0, 0xC7, 0x0C, 0xBD, 0x33,
    0x84, 0x3E, 0x2B, 0x7C, 0xB4, 0x18, 0x18, 0xE8, 0x83, 0x7A, 0x07, 0xD0, 0xDF, 0x5F, 0x03, 0xBD,
    0x1E, 0x43, 0x9F, 0x8C, 0xAC, 0x96, 0xB7, 0x7D, 0xC0, 0x1D, 0xE5, 0x80, 0x8C, 0x40, 0x7F, 0x88,
    0x29, 0x4F, 0x2B, 0x7D, 0xCD, 0x99, 0x09, 0x0C, 0xE3, 0x2E, 0xAA, 0xDB, 0x52, 0x49, 0x7C, 0x59,
    0x3D, 0x41, 0x50, 0x10, 0x2D, 0x4C, 0x8E, 0x3F, 0x6C, 0x78, 0xD1, 0x9E, 0xE0, 0x7F, 0xB5, 0x58,
    0x3D, 0x8C, 0xDD, 0xC6, 0x11, 0x1E, 0x92, 0xF0, 0x11, 0x06, 0x63, 0x6C, 0xAA, 0x20, 0xB0, 0x22,
    0x31, 0x85, 0x8A, 0xC4, 0x88, 0xC2, 0x2B, 0x5C, 0xA4, 0xB8, 0xBB, 0xA5, 0xA0, 0x42, 0x85, 0x1B,
    0xD5, 0x6E, 0xE2, 0xC2, 0x9D, 0x0B, 0xB9, 0x70, 0x91, 0xE2, 0x74, 0x64, 0xA0, 0x22, 0x65, 0x54,
    0xA4, 0xD7, 0x15, 0x0A, 0x10, 0xB8, 0xB1, 0x0B, 0x15, 0x2E, 0xA4, 0x70, 0x75, 0x2A, 0x02, 0xC4,
    0x85, 0x99, 0x34, 0x29, 0x5C, 0x84, 0x88, 0x0D, 0x18, 0x06, 0x52, 0x2C, 0x2C, 0x1A, 0xA0, 0x65,
    0xF2, 0x6D, 0xBE, 0xD9, 0x5D, 0xF2, 0x91, 0xA7, 0xBB, 0xD3, 0xF3, 0x1D, 0xC2, 0x9F, 0x79, 0xFB,
    0x33, 0x3B, 0xB3, 0xFB, 0xED, 0xCC, 0xEC, 0xF0, 0x6D, 0x6F, 0x9F, 0x72, 0x5D, 0xDD, 0xBA, 0x7C,
    0x39, 0x7E, 0x18, 0xD6, 0xB1, 0xBE, 0xF2, 0xDF, 0x37, 0xFF, 0x4E, 0x6A, 0xC3, 0xBB, 0x24, 0x7A,
    0x48, 0x74, 0x8D, 0xA4, 0xA1, 0xED, 0x6B, 0xB4, 0xFD, 0x01, 0x6D, 0xDF, 0xA3, 0x6D, 0x3A, 0xFF,
    0x83, 0x2B, 0xC8, 0xE3, 0xFC, 0x32, 0x15, 0xE6, 0x5A, 0x9C, 0xDC, 0x08, 0xEF, 0x52, 0xB4, 0xE1,
    0x4D, 0xC6, 0xA8, 0x63, 0x0F, 0x4B, 0x33, 0xFE, 0xA2, 0xB1, 0xA2, 0x2C, 0xA1, 0xF1, 0x1A, 0xFB,
    0xF5, 0x54, 0x38, 0xA3, 0x4B, 0x0B, 0xFA, 0x7F, 0x3F, 0x5E, 0x9F, 0x9E, 0x4D, 0x62, 0xAC, 0x7F,
    0x1C, 0xEB, 0x2C, 0xDF, 0xA1, 0x47, 0x64, 0x08, 0xAB, 0x50, 0x95, 0xCA, 0xF2, 0xB4, 0x94, 0x8D,
    0xD4, 0x99, 0x16, 0x3A, 0xD2, 0x51, 0x9D, 0xA8, 0x03, 0x7A, 0x17, 0x8C, 0xAE, 0x55, 0xEA, 0x64,
    0xD1, 0x9A, 0xE5, 0x95, 0xE2, 0x71, 0x06, 0x12, 0x76, 0x50, 0x8B, 0x35, 0x7D, 0xEC, 0x95, 0x1C,
    0x86, 0x2A, 0x69, 0x52, 0x95, 0xD1, 0x63, 0xDA, 0x27, 0x4D, 0x8F, 0x42, 0x4D, 0x26, 0xEA, 0xC9,
    0x3C, 0x35, 0xF6, 0xAD, 0x8E, 0x0C, 0xF8, 0x1F, 0x43, 0xEE, 0x01, 0xC9, 0xC6, 0x94, 0x52, 0x1B,
    0x95, 0xE9, 0x4A, 0x09, 0x2D, 0x55, 0xA4, 0x85, 0x8A, 0x6A, 0x91, 0x27, 0x18, 0x7D, 0x10, 0x74,
    0xF4, 0x6E, 0x78, 0xCF, 0x8A, 0x9C, 0xF3, 0xF2, 0x9B, 0xE8, 0xEC, 0x54, 0x5E, 0x96, 0xCD, 0x3A,
    0x46, 0x7D, 0xAC, 0x9B, 0xE7, 0xC0, 0x73, 0xE1, 0x39, 0xF1, 0xDC, 0x78, 0x8E, 0x96, 0x59, 0x2A,
    0xFF, 0xC2, 0xF4, 0x32, 0xBC, 0x69, 0x8E, 0x97, 0xE8, 0x81, 0x08, 0x0E, 0x47, 0xAC, 0x9E, 0xFF,
    0xF6, 0x6D, 0x0C, 0xCC, 0x1D, 0x5F, 0x51, 0xBB, 0x77, 0x1A, 0xA7, 0xDC, 0x38, 0xEE, 0xF7, 0x63,
    0xED, 0x2B, 0x4E, 0x79, 0x5F, 0x9D, 0xE9, 0xCC, 0x1C, 0xFF, 0x9F, 0x44, 0xF0, 0xCE, 0xC9, 0xBA,
    0x3C, 0xDF, 0x71, 0x79, 0xAC, 0x6F, 0x9A, 0x43, 0x49, 0xF7, 0x52, 0x9A, 0xC6, 0xAF, 0xEE, 0xBF,
    0xA7, 0x2D, 0xBF, 0x95, 0x51, 0x3A, 0x9E, 0x37, 0x4A, 0x4A, 0x56, 0xF0, 0x29, 0x55, 0x99, 0xC6,
    0xF2, 0xF9, 0x07, 0x55, 0x34, 0xA2, 0x0B, 0x7C, 0x1D, 0x6C, 0xA3, 0x24, 0xD3, 0xC1, 0x42, 0x4A,
    0xDB, 0x9B, 0x9B, 0x96, 0x4C, 0x4E, 0x2D, 0x11, 0x4B, 0xCA, 0xED, 0x56, 0x2B, 0x99, 0x4B, 0x6C,
    0xB4, 0x51, 0xA2, 0x1F, 0x5F, 0xAE, 0xCB, 0x3C, 0x6A, 0x2D, 0x8B, 0xE8, 0xAD, 0x29, 0xCD, 0x7F,
    0x7C, 0xDF, 0x4C, 0x80, 0xC9, 0x2F, 0xE2, 0xD1, 0x73, 0xD7, 0xAE, 0x0C, 0xC5, 0x1B, 0x3B, 0xB4,
    0x77, 0xEA, 0xF9, 0xB5, 0xE9, 0x30, 0x8E, 0x46, 0x4B, 0xE5, 0x68, 0x09, 0x00, 0xEC, 0xB9, 0x1F,
    0xEC, 0xDF, 0x6C, 0xEE, 0x85, 0x09, 0x36, 0x0D, 0x90, 0x14, 0x62, 0x97, 0x12, 0x67, 0xBA, 0x29,
    0xDC, 0x58, 0xE4, 0xCE, 0x8A, 0x9F, 0xF6, 0x30, 0x6D, 0x7B, 0x15, 0xD7, 0x07, 0xDA, 0x75, 0xC5,
    0x8A, 0x56, 0x70, 0x4E, 0xE7, 0xF7, 0xB8, 0xDB, 0xA9, 0x18, 0xE9, 0xA9, 0x18, 0xD7, 0x53, 0x51,
    0x3C, 0xF9, 0xD0, 0xDA, 0x0A, 0x86, 0xA5, 0x89, 0x69, 0x42, 0x18, 0x03, 0x84, 0xED, 0x65, 0x4F,
    0xBB, 0x44, 0xAF, 0x58, 0xC5, 0xBE, 0xBC, 0xDE, 0x8B, 0xBA, 0x60, 0xC5, 0x1D, 0x98, 0x32, 0x25,
    0xCB, 0xD0, 0xFC, 0x5E, 0x63, 0xA8, 0x54, 0x6C, 0x67, 0x51, 0x33, 0x15, 0x63, 0x35, 0x15, 0x45,
    0x39, 0x15, 0x53, 0x9A, 0x8A, 0x7B, 0xE4, 0x25, 0x10, 0xFC, 0x12, 0x6A, 0xD2, 0xBA, 0xC8, 0xD9,
    0x0A, 0xA1, 0x46, 0x40, 0x22, 0x05, 0x58, 0x9B, 0xD1, 0x91, 0xE9, 0x59, 0xAC, 0x5D, 0x75, 0xD5,
    0xCC, 0x17, 0xBF, 0x5C, 0xFF, 0x12, 0x82, 0x25, 0x0A, 0x4B, 0x20, 0x96, 0x58, 0x2C, 0xE1, 0x58,
    0x22, 0x32, 0x03, 0xE5, 0xF5, 0x43, 0xDA, 0xFA, 0xCB, 0x88, 0x0B, 0x55, 0x2B, 0xCA, 0x4C, 0xE9,
    0xA1, 0x09, 0x7B, 0x59, 0x56, 0xA2, 0xF1, 0xE8, 0x44, 0x6D, 0xAA, 0x86, 0x58, 0x7B, 0x80, 0x12,
    0x2D, 0xFE, 0xD3, 0x47, 0x9D, 0xC7, 0x48, 0x68, 0xF1, 0xAC, 0x8F, 0x7A, 0x0F, 0xD3, 0x54, 0xB3,
    0x48, 0x4D, 0x35, 0x0B, 0xD6, 0x54, 0xB3, 0x78, 0x4D, 0x35, 0x0B, 0x99, 0x97, 0xE9, 0x51, 0x8B,
    0xDB, 0xF4, 0x1F, 0x20, 0x1E, 0xB8, 0xA8, 0x97, 0x0A, 0xEC, 0x1E, 0x3B, 0x18, 0x3B, 0xFB, 0xFC,
    0x08, 0x5F, 0xD6, 0x71, 0x10, 0x10, 0x83, 0xE8, 0xD3, 0x36, 0xD3, 0x59, 0x8D, 0x6D, 0x80, 0x44,
    0xD4, 0xD1, 0xC2, 0x6D, 0xB6, 0x15, 0xED, 0xB6, 0x07, 0x7D, 0xDC, 0xEB, 0xFB, 0x2D, 0x87, 0xE3,
    0xF1, 0x5C, 0x96, 0xCF, 0x73, 0x5A, 0x5E, 0xC7, 0x8D, 0x18, 0xDD, 0x66, 0x9D, 0xE8, 0x62, 0x4C,
    0x25, 0x18, 0x68, 0xA0, 0x03, 0xD9, 0x72, 0x0B, 0xB7, 0x71, 0x2B, 0xB7, 0x73, 0x8F, 0xED, 0x43,
    0xAF, 0xEB, 0x77, 0x1C, 0x8E, 0xC7, 0x71, 0x39, 0x3E, 0xC7, 0xE9, 0x79, 0x2D, 0x37, 0xEE, 0x5F,
    0xF2, 0x76, 0x62, 0xD3, 0xB1, 0xB0, 0xD0, 0xD4, 0x14, 0x3D, 0xC3, 0x5A, 0xFF, 0xD9, 0x52, 0xAA,
    0x7A, 0x44, 0x99, 0xC7, 0x54, 0x60, 0x26, 0x03, 0x07, 0xBF, 0xFD, 0xA0, 0xC3, 0xF9, 0xD0, 0x00,
    0x10, 0x46, 0xB4, 0x94, 0x4A, 0x34, 0x91, 0xC6, 0x21, 0xB1, 0xBF, 0x8B, 0x5E, 0x81, 0xF3, 0x23,
    0xEA, 0x43, 0x74, 0x84, 0x38, 0x1C, 0x00, 0x29, 0xCE, 0x3E, 0xB6, 0x96, 0x14, 0x5B, 0xBF, 0x43,
    0x52, 0x93, 0xAE, 0x40, 0xA3, 0x0E, 0xF6, 0x09, 0x19, 0xB1, 0x16, 0xB5, 0x2C, 0x03, 0xEC, 0xC0,
    0x00, 0xC3, 0xE2, 0x78, 0x06, 0x46, 0x66, 0x8D, 0x5B, 0xD8, 0x6C, 0x71, 0x7D, 0x35, 0x44, 0xAD,
    0x51, 0x45, 0xCB, 0x01, 0x31, 0x6B, 0x98, 0x72, 0x59, 0x5E, 0x1F, 0xD0, 0x4E, 0x1C, 0x1D, 0xC1,
    0xAF, 0x44, 0xCD, 0x66, 0x88, 0x8D, 0x0B, 0x21, 0x67, 0x45, 0x89, 0x4E, 0x21, 0xD3, 0xC9, 0x77,
    0xBA, 0x9C, 0x5E, 0x58, 0x00, 0x07, 0x76, 0x46, 0x45, 0xAF, 0x6F, 0x8B, 0x78, 0xE3, 0xEE, 0x94,
    0x6F, 0xA8, 0x17, 0x7C, 0xAB, 0xE5, 0x9D, 0xF0, 0x5D, 0x26, 0xE5, 0x68, 0xBF, 0xCC, 0x33, 0x97,
    0xC3, 0xF5, 0xB0, 0x5A, 0xE5, 0xB0, 0x0B, 0x8E, 0xEE, 0x2D, 0x0C, 0xC2, 0x28, 0x18, 0x47, 0x71,
    0x1F, 0x0B, 0x08, 0x52, 0x04, 0x76, 0x12, 0x6B, 0xF2, 0x0D, 0xAC, 0x46, 0x7C, 0x01, 0x5F, 0x14,
    0x88, 0x04, 0x94, 0x00, 0x6D, 0x4A, 0xBE, 0x83, 0x54, 0xEB, 0x20, 0x8E, 0xAC, 0x13, 0x1F, 0xA7,
    0x8E, 0xFD, 0x50, 0x2F, 0x88, 0xA8, 0x97, 0xD9, 0xCF, 0x3E, 0x57, 0xA2, 0xDA, 0x7A, 0xAA, 0x28,
    0x93, 0x06, 0x3F, 0x7F, 0xA5, 0x60, 0x75, 0x8B, 0xDE, 0x03, 0xAC, 0x19, 0x18, 0x30, 0xF9, 0xA0,
    0x32, 0x5F, 0x72, 0xFF, 0xDB, 0xE6, 0xCF, 0xA0, 0x97, 0xD0, 0xF8, 0xA5, 0x17, 0x40, 0x31, 0x38,
    0x5F, 0xA9, 0x2C, 0xFA, 0x80, 0xDF, 0x79, 0x38, 0x7B, 0x36, 0x54, 0x85, 0xB5, 0x9B, 0x90, 0xF0,
    0xA7, 0x30, 0x77, 0xB2, 0xB6, 0xD6, 0x06, 0x13, 0xE8, 0xF4, 0xDD, 0xCA, 0xED, 0xF3, 0x2E, 0xDA,
    0x7E, 0x87, 0x64, 0x53, 0xEF, 0x50, 0xD8, 0x5C, 0xA3, 0x48, 0x09, 0x62, 0xE8, 0x04, 0x4A, 0xBF,
    0x46, 0xCB, 0x0E, 0x7A, 0x3E, 0x21, 0xFA, 0x64, 0xB6, 0x04, 0xE1, 0x56, 0xFB, 0xB3, 0x44, 0x1D,
    0xDA, 0x80, 0x73, 0xF3, 0xAE, 0x8D, 0x1B, 0xC5, 0x57, 0x1F, 0x75, 0xE4, 0xE6, 0xE9, 0xF2, 0x8F,
    0xA2, 0x73, 0x69, 0x88, 0x71, 0xAB, 0x90, 0xFF, 0xBA, 0x6F, 0xA3, 0x8D, 0x4C, 0x8E, 0x2C, 0xFF,
    0x4F, 0x13, 0x75, 0x6B, 0x26, 0x8F, 0x4D, 0x43, 0x68, 0x57, 0x03, 0x1C, 0x57, 0x45, 0x79, 0xEF,
    0x47, 0x71, 0xFD, 0xF3, 0x3D, 0x71, 0xA3, 0x49, 0x6F, 0x1C, 0xB5, 0xC5, 0xE7, 0xB7, 0xB5, 0xFC,
    0xE2, 0xB3, 0xFE, 0xB6, 0x31, 0xCD, 0x25, 0x96, 0x58, 0xB5, 0x56, 0x03, 0x6B, 0xE3, 0x7A, 0xF5,
    0xF9, 0xED, 0x56, 0x3E, 0xFB, 0x77, 0x2F, 0xC5, 0x4D, 0x9D, 0xDE, 0x3D, 0x6A, 0x7F, 0x81, 0xF1,
    0xAF, 0xC5, 0xF5, 0xFB, 0x4E, 0x5E, 0xCD, 0xF2, 0x21, 0xBB, 0xA1, 0x17, 0x73, 0xD9, 0x47, 0x0E,
    0x9B, 0xD0, 0x63, 0x93, 0x78, 0xE8, 0x32, 0x0F, 0xDD, 0xAC, 0x9B, 0xF7, 0xDA, 0xC2, 0xC6, 0x99,
    0x00, 0x9A, 0xEF, 0xE0, 0xED, 0x3D, 0xAA, 0x8D, 0x47, 0xB5, 0x74, 0xA0, 0xEF, 0xD9, 0xAD, 0x6E,
    0xF8, 0x81, 0x81, 0xD5, 0xEC, 0xA6, 0x67, 0x3D, 0x8E, 0xF3, 0x6C, 0x1E, 0x08, 0xD1, 0x9E, 0x93,
    0xC6, 0xB4, 0x3C, 0x7C, 0xC9, 0x18, 0x7E, 0xFC, 0x42, 0x5F, 0xF6, 0x84, 0x33, 0x48, 0xB6, 0x60,
    0xE8, 0x01, 0xC2, 0x3B, 0xFB, 0x47, 0x29, 0x58, 0x61, 0xD5, 0x14, 0x8D, 0xEC, 0x52, 0xCE, 0x64,
    0x32, 0xB8, 0x64, 0x0C, 0x87, 0x29, 0xD3, 0x5E, 0x36, 0x91, 0x41, 0x4A, 0x2A, 0xFA, 0x84, 0x0B,
    0x58, 0x39, 0x47, 0xF5, 0xB1, 0x10, 0x73, 0x41, 0x02, 0x3A, 0x78, 0x17, 0xF1, 0xA9, 0x65, 0x5B,
    0x39, 0x04, 0x53, 0xD1, 0x8C, 0x2C, 0x3E, 0x3B, 0x13, 0x6C, 0x21, 0x72, 0xB4, 0x05, 0x86, 0xDE,
    0x1E, 0x6F, 0xAF, 0xF3, 0x5C, 0x4A, 0x3A, 0xE9, 0xE2, 0x68, 0x62, 0x0D, 0x92, 0x27, 0x6C, 0x3D,
    0xEC, 0xC5, 0xC2, 0xC8, 0xB3, 0x85, 0x3D, 0xC0, 0x64, 0x79, 0x2D, 0x3D, 0x2F, 0xC4, 0x06, 0x28,
    0x0E, 0x53, 0x58, 0x82, 0xE8, 0x32, 0xB4, 0x0A, 0x98, 0x2A, 0x56, 0xC1, 0x11, 0xCD, 0x52, 0xD9,
    0xF2, 0x61, 0x52, 0x68, 0x24, 0xF3, 0x81, 0x51, 0xA0, 0xC9, 0x40, 0x38, 0x1D, 0x65, 0x63, 0xA9,
    0xDD, 0xEE, 0x6C, 0xA4, 0x61, 0x73, 0x7C, 0x62, 0xE0, 0xE7, 0xB8, 0xD1, 0x2F, 0xA8, 0x6D, 0x97,
    0x6D, 0x50, 0x7D, 0x87, 0xC9, 0xA5, 0xC6, 0x20, 0x20, 0x15, 0x5D, 0xDA, 0x49, 0x5D, 0xE9, 0x64,
    0xC8, 0x74, 0x51, 0xC7, 0x26, 0x6B, 0x2E, 0xD5, 0x11, 0x28, 0x03, 0x93, 0x3A, 0xCA, 0x16, 0x37,
    0xF0, 0x1A, 0x30, 0x53, 0xCE, 0x84, 0x11, 0xA2, 0x01, 0x21, 0x02, 0x37, 0x89, 0x96, 0xC1, 0xC2,
    0x93, 0x38, 0x5A, 0x5A, 0xDB, 0x5B, 0x46, 0x21, 0xD8, 0x3C, 0x80, 0x38, 0xF6, 0xB8, 0xF6, 0x07,
    0x44, 0x3F, 0x99, 0xE7, 0x80, 0x15, 0x5E, 0x20, 0xB4, 0x8A, 0xCD, 0xD7, 0x77, 0xBC, 0xD5, 0xF7,
    0xEB, 0xA0, 0x11, 0x7A, 0x13, 0x9F, 0x07, 0x0F, 0xE1, 0xBF, 0x12, 0x32, 0xBF, 0x75, 0x7B, 0xDE,
    0x23, 0xC6, 0xA1, 0x0F, 0x38, 0x54, 0x0D, 0xC4, 0x82, 0x4B, 0x1C, 0xEE, 0xA6, 0x8E, 0x40, 0x1A,
    0x26, 0xFA, 0x04, 0x62, 0x3B, 0x2C, 0x4B, 0x09, 0xB2, 0x42, 0xF4, 0xF9, 0xF6, 0x16, 0x08, 0xEB,
    0x3D, 0x2F, 0x61, 0xD3, 0x53, 0x03, 0xDB, 0x03, 0x3B, 0x0E, 0x93, 0x90, 0x3F, 0x0D, 0x80, 0xBD,
    0x39, 0x44, 0x42, 0xB0, 0x83, 0xA9, 0x81, 0x98, 0x13, 0x88, 0xED, 0x00, 0xCB, 0x2E, 0x31, 0xB3,
    0x0E, 0xFD, 0x57, 0x45, 0x47, 0x1F, 0x81, 0xE6, 0x91, 0x42, 0x17, 0x93, 0x86, 0x89, 0x3E, 0x81,
    0x34, 0x31, 0xB3, 0x30, 0xAC, 0xB9, 0x1D, 0xE6, 0x82, 0x8F, 0x22, 0x04, 0xA5, 0x9A, 0x03, 0x14,
    0x07, 0x2B, 0x1B, 0x26, 0x8B, 0xD6, 0x06, 0x30, 0x1B, 0xBC, 0xD0, 0xCE, 0x41, 0xCB, 0x45, 0x18,
    0x35, 0xFB, 0xD4, 0x58, 0x1A, 0xFE, 0x2B, 0xF8, 0x1C, 0xB2, 0x3D, 0xE5, 0x00, 0xA8, 0x77, 0xB1,
    0x9D, 0xD8, 0x9C, 0x1F, 0xB3, 0xBB, 0xE6, 0x36, 0xD6, 0xE2, 0x64, 0x5D, 0xE5, 0x5B, 0x26, 0x4F,
    0x34, 0xC7, 0x77, 0xFE, 0x44, 0x8A, 0x5A, 0xDE, 0x1A, 0xBB, 0x27, 0x17, 0xBC, 0x9C, 0x1C, 0x27,
    0xD3, 0xC9, 0x77, 0xBA, 0x9C, 0x5E, 0x3F, 0x87, 0x73, 0xAC, 0xD5, 0xA5, 0xB1, 0xE7, 0xC1, 0x68,
    0xDF, 0xA8, 0xCE, 0xA8, 0xD6, 0x3C, 0xD1, 0xF2, 0x46, 0xC3, 0xE6, 0x09, 0xEB, 0x84, 0x61, 0x22,
    0x80, 0x67, 0x76, 0xBA, 0x3B, 0xD6, 0x1E, 0x3B, 0x3E, 0x18, 0x01, 0x13, 0x4C, 0x18, 0xFD, 0xC9,
    0x93, 0x5E, 0xDC, 0x35, 0x29, 0x3C, 0x2D, 0x32, 0xBB, 0x01, 0xFB, 0xBB, 0x94, 0xC8, 0xEB, 0xF7,
    0x33, 0xB5, 0xF7, 0x30, 0x6E, 0x1F, 0xC3, 0x56, 0x7A, 0x7C, 0x7B, 0x4E, 0x5E, 0xED, 0x4F, 0xE1,
    0x02, 0x3B, 0x59, 0x33, 0xB6, 0x74, 0xA9, 0x73, 0x91, 0xA7, 0x70, 0x99, 0x75, 0xA2, 0xAE, 0x5A,
    0xB6, 0x92, 0x67, 0x15, 0x8A, 0x27, 0x24, 0xDE, 0xFA, 0x9B, 0xCA, 0x3E, 0xFD, 0x63, 0x13, 0x7F,
    0x8F, 0x04, 0x0D, 0x89, 0xFB, 0xF3, 0xEA, 0xF9, 0x23, 0x0C, 0xEE, 0x57, 0xD5, 0xF3, 0x9E, 0xEB,
    0xDC, 0x9E, 0xA2, 0x5F, 0xBC, 0xF5, 0x07, 0x15, 0x8A, 0xA3, 0xF1, 0x00, 0x1C, 0xC8, 0x07, 0xCF,
    0x35, 0xB1, 0x6D, 0xF3, 0x88, 0x67, 0x63, 0xDB, 0x8C, 0x2C, 0x8C, 0xE3, 0x64, 0x01, 0x3E, 0x73,
    0xF5, 0xB9, 0xEB, 0x98, 0xBD, 0x4E, 0xF9, 0xAB, 0xCF, 0x60, 0xA7, 0x1C, 0xD6, 0x67, 0xB1, 0x63,
    0x1E, 0x7B, 0x60, 0xD7, 0x49, 0xA3, 0xBE, 0x05, 0x2D, 0x16, 0x53, 0x3B, 0xB0, 0xAD, 0xC8, 0x32,
    0x15, 0x87, 0x4C, 0x57, 0x76, 0xED, 0xCB, 0xEB, 0x2C, 0x69, 0x9B, 0xC9, 0x79, 0xF9, 0x7C, 0x36,
    0x99, 0xD5, 0x69, 0xFE, 0xB5, 0x94, 0xB0, 0xE6, 0xD9, 0x54, 0xEB, 0x5A, 0x77, 0xB1, 0x21, 0x22,
    0x2F, 0x5E, 0x67, 0xE9, 0xBA, 0x43, 0x3A, 0xAE, 0x0D, 0x69, 0xFE, 0x3A, 0x1C, 0x89, 0x6D, 0xB3,
    0xC9, 0xDF, 0x9A, 0x4C, 0x7F, 0xB1, 0xE9, 0x63, 0x1D, 0xA7, 0x0A, 0x38, 0x8E, 0xC8, 0x49, 0x08,
    0xCD, 0xFF, 0x00, 0x19, 0x4B, 0xC5, 0x82, 0x6F, 0x3E, 0x6A, 0x5D, 0x36, 0x66, 0xFD, 0x0F, 0xC5,
    0xBC, 0xFC, 0x92, 0xFF, 0x29, 0x10, 0x84, 0xB7, 0xE3, 0xED, 0xC8, 0xDD, 0xF2, 0x07, 0xFC, 0x3D,
    0x20, 0x0D, 0x65, 0x03, 0x1F, 0xBB, 0x38, 0xC7, 0xE1, 0xF5, 0x17, 0xFA, 0x93, 0x62, 0xFC, 0xAB,
    0x82, 0x4A, 0x96, 0x83, 0x04, 0x00, 0x11, 0x03, 0x92, 0x21, 0x1F, 0x5A, 0x2E, 0x24, 0xB3, 0x64,
    0x69, 0x57, 0x7E, 0x45, 0xBF, 0x11, 0x4C, 0x39, 0xD9, 0xB8, 0xD8, 0x24, 0xE7, 0xFF, 0x03, 0xFD,
    0x10, 0x94, 0xFF, 0x07, 0x85, 0x54, 0x3D, 0x6C, 0x24, 0x35, 0x14, 0xFE, 0x66, 0x7C, 0xCA, 0x20,
    0xAD, 0x84, 0x53, 0x9C, 0x10, 0x52, 0x0A, 0x53, 0x52, 0x44, 0xB8, 0x05, 0x69, 0x15, 0x4F, 0x44,
    0x71, 0xE5, 0xA5, 0x39, 0x51, 0x5C, 0xB1, 0xF4, 0x14, 0x9B, 0x82, 0x22, 0x88, 0x4D, 0x3C, 0x77,
    0x2D, 0x4D, 0xBA, 0x14, 0x57, 0xD0, 0x50, 0x6D, 0xC3, 0x15, 0x14, 0x14, 0xC9, 0xCE, 0xC0, 0x95,
    0x57, 0xC4, 0xA7, 0x13, 0xA4, 0x1D, 0x10, 0xD4, 0x6B, 0x81, 0x4F, 0x4C, 0xC0, 0x1E, 0xF3, 0xBC,
    0x3F, 0x77, 0xC9, 0x11, 0xC0, 0x7E, 0x6F, 0xE4, 0x79, 0x7E, 0xFE, 0xFB, 0xBE, 0xCF, 0xCE, 0xA6,
    0xE0, 0xB1, 0x55, 0x4F, 0x3A, 0x9D, 0xF9, 0x1A, 0x21, 0xA2, 0x8F, 0x88, 0x6B, 0xEB, 0x6B, 0xF4,
    0x14, 0x57, 0x0F, 0xBD, 0x88, 0x36, 0x8F, 0xD5, 0xA0, 0xE1, 0x66, 0x50, 0x01, 0xB5, 0x91, 0x86,
    0x5F, 0xAB, 0xD2, 0xD5, 0x1E, 0x54, 0xB8, 0x85, 0xB2, 0xD0, 0x16, 0x73, 0x9B, 0x9F, 0xDB, 0xE2,
    0xAE, 0xE5, 0xDC, 0x6E, 0x73, 0x7B, 0xC0, 0x6D, 0x8C, 0x71, 0xFA, 0xF5, 0x9F, 0x29, 0x61, 0xFC,
    0x22, 0xCD, 0x7D, 0xEF, 0x1E, 0xCD, 0x29, 0x17, 0x36, 0xC4, 0xE3, 0x21, 0xDE, 0x19, 0x02, 0x3B,
    0xB1, 0x52, 0xB5, 0x45, 0xD1, 0x81, 0xF9, 0xDB, 0xCC, 0x7B, 0xE6, 0x43, 0xE1, 0xEA, 0xD8, 0x6E,
    0xF5, 0x65, 0x56, 0x9B, 0xC1, 0x5F, 0x4E, 0xEC, 0x76, 0x3B, 0xB0, 0x13, 0xE0, 0x14, 0xB4, 0xD1,
    0xAA, 0x67, 0xD6, 0xA3, 0xF3, 0xF0, 0xA7, 0xF0, 0x47, 0xF0, 0x2A, 0x77, 0x62, 0xDE, 0xE6, 0xB1,
    0x8C, 0xD1, 0x2F, 0xCD, 0xE2, 0x9B, 0x36, 0xB3, 0x60, 0x2D, 0x8A, 0x06, 0xBC, 0x82, 0xA4, 0x35,
    0x80, 0x33, 0x64, 0x1E, 0xCC, 0xA1, 0xB0, 0xD8, 0x38, 0xC6, 0x46, 0x34, 0x72, 0xEE, 0xF5, 0xEE,
    0xE2, 0xE0, 0x65, 0xAF, 0x9F, 0x77, 0x22, 0x56, 0x79, 0x6C, 0x05, 0x05, 0xD9, 0x0A, 0x8D, 0x7A,
    0x37, 0xA8, 0x79, 0x57, 0xC4, 0xE3, 0x8D, 0x1E, 0x72, 0x6E, 0xF4, 0x87, 0xB6, 0xCE, 0x5C, 0x84,
    0x5F, 0x9A, 0x7E, 0xE8, 0x65, 0xEF, 0x37, 0xBE, 0xEA, 0x00, 0xB7, 0x99, 0xDB, 0x83, 0xA2, 0xD5,
    0x75, 0x25, 0x2E, 0x81, 0xE1, 0x35, 0x9B, 0xCE, 0xA6, 0x04, 0xC2, 0x6B, 0xC1, 0xB8, 0x28, 0x84,
    0x5C, 0xC2, 0x67, 0x3A, 0xC5, 0xBA, 0x50, 0x3B, 0xC5, 0x6F, 0x61, 0xC2, 0x1C, 0x37, 0xAA, 0xD2,
    0x65, 0x8D, 0x78, 0xAD, 0xD6, 0x50, 0xA5, 0x6C, 0x78, 0x9B, 0x77, 0xD8, 0x06, 0x4A, 0x1C, 0x42,
    0x36, 0x03, 0xCB, 0xBA, 0xDC, 0x67, 0x01, 0xFD, 0xCB, 0xB4, 0x1E, 0x7D, 0xE6, 0x73, 0x5F, 0x58,
    0x9A, 0x05, 0x9F, 0xD2, 0xCC, 0xFA, 0xE7, 0x00, 0xDE, 0xC7, 0x92, 0x3B, 0x5D, 0x71, 0xAB, 0x9A,
    0x9B, 0x5C, 0x7B, 0x65, 0xEB, 0xA0, 0x1C, 0xA5, 0x13, 0x9C, 0xE2, 0xA4, 0x25, 0x68, 0x8F, 0x32,
    0x7F, 0x06, 0x1F, 0x92, 0x85, 0xB5, 0xA5, 0xC8, 0x51, 0xD6, 0x25, 0xE0, 0x1F, 0x25, 0xE0, 0x09,
    0x5A, 0x16, 0x20, 0x03, 0x26, 0x01, 0x9B, 0x01, 0xF8, 0x17, 0x7B, 0x2B, 0xEE, 0xA9, 0x68, 0x69,
    0xF2, 0x41, 0x5F, 0xEA, 0x91, 0x99, 0x15, 0xF6, 0xAC, 0xB0, 0x6F, 0x13, 0x1D, 0x83, 0x16, 0xBC,
    0x49, 0x2C, 0x4D, 0x40, 0xB4, 0x0D, 0x9A, 0xED, 0xF7, 0x30, 0xEC, 0xA7, 0x2B, 0x32, 0xD7, 0xF9,
    0x6D, 0x20, 0xDA, 0x99, 0x7B, 0x97, 0xD9, 0xC4, 0xA0, 0x68, 0x0A, 0x5A, 0xF7, 0xBE, 0x05, 0xE1,
    0x90, 0xF9, 0xC7, 0x99, 0x77, 0xAC, 0x9B, 0x8D, 0x5A, 0xD1, 0x93, 0x18, 0x0D, 0xA4, 0x81, 0x36,
    0x98, 0x1B, 0x76, 0x6E, 0x8A, 0xBB, 0x86, 0x73, 0x33, 0xE4, 0xE6, 0x80, 0x9B, 0x04, 0x2D, 0xF5,
    0x2E, 0x6D, 0xA1, 0xC7, 0x2B, 0x62, 0xDC, 0x5F, 0x8A, 0x51, 0xC5, 0xEA, 0x83, 0xAD, 0xD5, 0xB4,
    0xB7, 0x33, 0xEF, 0x33, 0x1F, 0x98, 0xAB, 0xEF, 0x27, 0x31, 0xD2, 0x4E, 0xB2, 0x68, 0x06, 0x17,
    0x4E, 0xE6, 0x6E, 0x27, 0x6B, 0x0F, 0x93, 0xA4, 0x92, 0x1E, 0xE3, 0x47, 0x36, 0xE4, 0x5D, 0x20,
    0xA0, 0x32, 0x82, 0x25, 0xE9, 0x91, 0x5F, 0xFC, 0xA7, 0x1E, 0x45, 0x09, 0xB5, 0x18, 0xEC, 0xD3,
    0x3A, 0x6C, 0x01, 0xC0, 0x02, 0x73, 0x23, 0x2E, 0x3A, 0x45, 0xCA, 0x42, 0xD0, 0x0F, 0xBC, 0xFA,
    0xC3, 0xF1, 0x58, 0xB1, 0x24, 0xC9, 0xAE, 0x2E, 0x7C, 0xC8, 0x12, 0xF8, 0x33, 0xD2, 0xFB, 0x89,
    0x2D, 0x22, 0x5D, 0x47, 0x14, 0xA4, 0xCA, 0x47, 0xE6, 0x88, 0xAD, 0x56, 0x27, 0x23, 0xCE, 0xF5,
    0x1D, 0x2F, 0x7A, 0x8F, 0xAC, 0x43, 0xEE, 0x36, 0x99, 0xDD, 0x2F, 0xDA, 0xC3, 0xD1, 0x0D, 0xAA,
    0x5C, 0x09, 0x70, 0x72, 0x3D, 0x8E, 0x6B, 0xC2, 0x5C, 0x36, 0x96, 0x65, 0xF5, 0xFB, 0x06, 0x4E,
    0x99, 0xE5, 0x8D, 0x2A, 0x35, 0x66, 0xC4, 0xE8, 0xAB, 0xDA, 0xD3, 0xBF, 0x86, 0xAA, 0xB8, 0xA1,
    0x1B, 0x36, 0xC1, 0xAD, 0xBD, 0x24, 0xCC, 0x6A, 0xD0, 0x32, 0x97, 0x77, 0x74, 0xED, 0xFC, 0xCB,
    0x44, 0x6A, 0x93, 0x30, 0x1D, 0x5B, 0x08, 0xF3, 0xDB, 0x44, 0x6E, 0x2C, 0xD5, 0x97, 0xAD, 0x2C,
    0x12, 0xAD, 0x44, 0x87, 0xBE, 0x63, 0xFB, 0xC2, 0x06, 0xB2, 0x81, 0xD5, 0x9F, 0x74, 0xE2, 0x79,
    0x48, 0xC7, 0x1C, 0xA5, 0x63, 0x9E, 0x31, 0x17, 0xA3, 0x5B, 0xAA, 0x89, 0x78, 0xD6, 0xD8, 0x97,
    0x3F, 0xB6, 0x1B, 0xB1, 0x24, 0x93, 0x27, 0x56, 0x67, 0xDD, 0x55, 0x95, 0x12, 0x50, 0x14, 0xA1,
    0x38, 0xF5, 0xAA, 0xA8, 0xAC, 0x08, 0xE2, 0x98, 0xF9, 0x37, 0xE9, 0x24, 0xEF, 0x23, 0x3D, 0x56,
    0x90, 0x84, 0xF9, 0xE7, 0x24, 0xF5, 0x67, 0x01, 0xAC, 0xD2, 0x10, 0xCF, 0xB4, 0xD1, 0xBF, 0x47,
    0x4B, 0x0A, 0xFA, 0x6C, 0xDC, 0xEC, 0x11, 0x23, 0xC4, 0xCB, 0x72, 0x41, 0x46, 0x66, 0x67, 0x45,
    0xAB, 0x46, 0xCD, 0xA0, 0x5F, 0x8C, 0x15, 0xE4, 0xC5, 0xDA, 0x7F, 0xEB, 0x51, 0x04, 0x5D, 0x15,
    0x4E, 0x36, 0x74, 0x82, 0x1B, 0x5D, 0x5C, 0x8A, 0x56, 0x45, 0xD1, 0xC5, 0x86, 0xB6, 0x4D, 0x2E,
    0xD6, 0xFE, 0x24, 0x42, 0x7C, 0x17, 0xA8, 0xDD, 0x52, 0x9B, 0x84, 0x71, 0x5E, 0x42, 0x50, 0x12,
    0xBD, 0x67, 0xF4, 0xEF, 0x20, 0xBE, 0x0F, 0xD0, 0x2D, 0x29, 0xC9, 0xCB, 0x26, 0x9A, 0xF1, 0x6B,
    0xAF, 0xEF, 0xBA, 0x8E, 0x5D, 0xF4, 0xF5, 0xD3, 0x40, 0xA2, 0x97, 0x97, 0xF1, 0xC2, 0x81, 0xB7,
    0xF4, 0x74, 0x93, 0xC4, 0xD5, 0xEE, 0xFF, 0x7D, 0xA5, 0x53, 0x0F, 0x7A, 0xD4, 0x5E, 0xFD, 0x14,
    0x2B, 0xFD, 0xB4, 0x4B, 0xE3, 0xD3, 0xE8, 0xD4, 0x5B, 0xDE, 0xE4, 0x94, 0x7F, 0x4C, 0xD9, 0x36,
    0x7E, 0xE1, 0xA0, 0x5F, 0xD0, 0xBE, 0x0D, 0x01, 0xD7, 0xA8, 0xE4, 0xE5, 0x15, 0x5F, 0xC6, 0x53,
    0xFF, 0xB9, 0x7B, 0x75, 0xD6, 0x74, 0xF6, 0x5F, 0x08, 0x7F, 0xBA, 0xD1, 0x5B, 0x1D, 0xF4, 0x18,
    0x81, 0xD3, 0x43, 0x85, 0xDA, 0x41, 0x46, 0xD2, 0x7E, 0xF5, 0xB1, 0x68, 0x2C, 0xAF, 0xC2, 0x18,
    0x92, 0xEE, 0x44, 0x93, 0xAE, 0x0A, 0x0D, 0x21, 0xCD, 0x8D, 0x7F, 0x48, 0x8D, 0x7F, 0x1A, 0xFF,
    0x95, 0x46, 0xE1, 0x6F, 0x9D, 0x58, 0x31, 0x8C, 0xDD, 0xC6, 0x11, 0x1D, 0x92, 0xC2, 0x31, 0x06,
    0x03, 0xAF, 0x8A, 0x38, 0x8D, 0x03, 0xB3, 0x35, 0x02, 0xD8, 0xAC, 0x03, 0xFC, 0x88, 0x04, 0x02,
    0xA4, 0x71, 0xA3, 0x2E, 0x65, 0x54, 0xA4, 0x4A, 0x0A, 0x35, 0x41, 0x20, 0x20, 0x52, 0xF8, 0xAB,
    0xA4, 0xBD, 0x26, 0xB5, 0x53, 0x06, 0x4E, 0x21, 0x23, 0x70, 0x93, 0x40, 0x36, 0x57, 0x77, 0x40,
    0x1C, 0xC0, 0x85, 0x68, 0xA9, 0x74, 0x61, 0x02, 0x3A, 0xC0, 0x41, 0x02, 0x44, 0x74, 0x8E, 0x89,
    0x28, 0x88, 0xE4, 0xE4, 0xBD, 0x59, 0x7E, 0xDD, 0xFD, 0x93, 0x0C, 0x0B, 0x26, 0x4E, 0x6F, 0xF6,
    0x73, 0xB9, 0xBB, 0xB3, 0xB3, 0x33, 0x6F, 0x66, 0x25, 0x85, 0x56, 0x22, 0xB1, 0x6A, 0x2F, 0xE2,
    0xE6, 0x7C, 0x14, 0x29, 0xFB, 0x6C, 0x10, 0xA9, 0xBB, 0x83, 0xAD, 0x48, 0xD3, 0x0A, 0x1E, 0xF5,
    0x01, 0x55, 0x75, 0x5C, 0xB1, 0x75, 0x53, 0x3C, 0x36, 0x40, 0x19, 0xEB, 0x0E, 0x38, 0x94, 0x03,
    0x10, 0x33, 0x10, 0x31, 0x9B, 0xEA, 0x56, 0xAE, 0x1B, 0x0A, 0xDF, 0x3C, 0x87, 0x37, 0x0D, 0xEF,
    0x88, 0xDC, 0x5E, 0xDE, 0xC3, 0x3B, 0x7C, 0x09, 0xCC, 0x32, 0x76, 0x3A, 0xC0, 0xAB, 0xAF, 0x62,
    0x96, 0x06, 0x9A, 0xD5, 0x50, 0x2C, 0xD6, 0x3B, 0xF5, 0x94, 0xCD, 0x9B, 0x72, 0xCE, 0x87, 0x1B,
    0xBF, 0x9E, 0xCB, 0xFE, 0x83, 0x5F, 0x4D, 0x75, 0xF7, 0xFE, 0x9F, 0xBB, 0xA6, 0xED, 0x7B, 0xD1,
    0xB6, 0x03, 0xDC, 0xFD, 0xB4, 0x13, 0x3D, 0x3A, 0x6A, 0x45, 0x8F, 0x8F, 0xBD, 0xE8, 0x03, 0x40,
    0xF3, 0xC5, 0xEF, 0xB6, 0x52, 0x3F, 0x7E, 0xA7, 0x92, 0x52, 0x33, 0xF9, 0x56, 0xAE, 0x4E, 0xDE,
    0xCA, 0xF4, 0xDD, 0x68, 0x8E, 0x6D, 0x35, 0xCC, 0xDC, 0xC9, 0x15, 0x5D, 0x44, 0x36, 0x1B, 0xAC,
    0x78, 0xE3, 0x06, 0xE0, 0x97, 0x1F, 0x00, 0xAE, 0x5D, 0x13, 0x2E, 0xBE, 0x54, 0x52, 0x60, 0xF1,
    0x48, 0x0F, 0x8B, 0x29, 0x9D, 0x25, 0x9B, 0xDC, 0x28, 0xC9, 0x58, 0xF4, 0x92, 0x1C, 0x96, 0x9D,
    0xD0, 0x40, 0x62, 0xF6, 0xC9, 0x7A, 0x7D, 0xA0, 0xB7, 0x27, 0xF5, 0xF5, 0x97, 0x80, 0xB2, 0x85,
    0x85, 0x4A, 0x7F, 0x55, 0xDB, 0x12, 0x1A, 0x18, 0x74, 0x80, 0xB2, 0x27, 0x0C, 0x00, 0x37, 0x95,
    0xFE, 0x7B, 0x99, 0x96, 0xFE, 0x26, 0xD4, 0xF8, 0xDB, 0x40, 0x35, 0x5A, 0x39, 0xD0, 0x27, 0x34,
    0x81, 0xFA, 0x86, 0x90, 0xAA, 0x14, 0x3E, 0x51, 0x71, 0x84, 0x8C, 0x90, 0x12, 0x44, 0x9E, 0x03,
    0x1D, 0x77, 0xB0, 0xD7, 0xC1, 0x49, 0x02, 0x5C, 0xE8, 0xC8, 0x78, 0x1E, 0xE8, 0x58, 0x41, 0x5E,
    0xC7, 0xDA, 0x11, 0x8D, 0x91, 0xCC, 0x19, 0x96, 0x1A, 0xB8, 0x68, 0x1F, 0x2F, 0x80, 0xE8, 0x0F,
    0x00, 0x8E, 0x18, 0x38, 0x76, 0xDA, 0x9B, 0x34, 0x52, 0x73, 0x87, 0xBD, 0x77, 0xF6, 0x53, 0x66,
    0xFC, 0x8B, 0xF0, 0x71, 0x95, 0xF4, 0x12, 0x7B, 0xC7, 0x9E, 0x72, 0x07, 0xD5, 0x0F, 0xE4, 0x17,
    0xEC, 0x5F, 0x9F, 0xA4, 0x5B, 0xA5, 0x0F, 0x32, 0x5B, 0xA5, 0x83, 0x37, 0xEA, 0x92, 0x2D, 0x79,
    0x73, 0x02, 0xC9, 0x81, 0x50, 0x47, 0xED, 0x91, 0x14, 0xCE, 0x37, 0x27, 0xBA, 0xC5, 0x5F, 0x3D,
    0xC6, 0x4A, 0xA3, 0x94, 0x43, 0x14, 0x24, 0x7C, 0xE0, 0x9B, 0xC8, 0x9A, 0x12, 0x06, 0xD7, 0x01,
    0xD2, 0xE9, 0x16, 0xC6, 0xD4, 0x4E, 0xF5, 0x3F, 0xD0, 0x57, 0x67, 0xD5, 0x53, 0x93, 0x82, 0x03,
    0x38, 0xD3, 0xCE, 0xE4, 0xBA, 0x8B, 0xB7, 0x0D, 0x4B, 0x18, 0xA0, 0xD4, 0x1E, 0x7F, 0x14, 0x11,
    0xE6, 0x88, 0x30, 0x86, 0x1E, 0x6D, 0xAE, 0xBD, 0x8A, 0x2D, 0xC5, 0x04, 0x8B, 0x53, 0x60, 0xDD,
    0x49, 0xC2, 0xB6, 0xFA, 0x55, 0xC8, 0x94, 0x68, 0xC5, 0x3E, 0xEC, 0xEC, 0xF9, 0x3E, 0xC9, 0x27,
    0x9B, 0x2F, 0x5B, 0x4C, 0x24, 0x61, 0xF6, 0x68, 0x5D, 0xA4, 0x09, 0xA2, 0x9C, 0x24, 0xC6, 0xCA,
    0xF9, 0x44, 0x3D, 0xE0, 0xB2, 0x26, 0x12, 0x9B, 0xEC, 0x24, 0x1C, 0x17, 0x83, 0x3D, 0xD3, 0x08,
    0xAE, 0x2F, 0x66, 0x3D, 0x13, 0x8C, 0x7A, 0x8A, 0xC9, 0x84, 0xDB, 0x09, 0x17, 0x5E, 0xE6, 0x14,
    0xC5, 0x50, 0xDA, 0x80, 0x2F, 0x15, 0x22, 0xD2, 0x7B, 0xAA, 0x70, 0xBC, 0xC5, 0x99, 0x38, 0x14,
    0x5D, 0xFD, 0xEE, 0x65, 0x44, 0x4A, 0x1F, 0x6C, 0xB6, 0x0D, 0x23, 0xAF, 0x7C, 0x6A, 0x7E, 0x98,
    0x51, 0xB1, 0x7F, 0x98, 0x29, 0x03, 0x73, 0x98, 0xAB, 0x46, 0x4D, 0x2F, 0xF2, 0x4C, 0xCD, 0x67,
    0x1A, 0xEE, 0x74, 0xCC, 0xE8, 0x07, 0x6C, 0xD4, 0x6A, 0x7E, 0x3B, 0x45, 0x9A, 0x4E, 0xB6, 0x99,
    0x64, 0x8A, 0x26, 0x3B, 0x62, 0xEC, 0x7C, 0x44, 0xA3, 0xF1, 0xC9, 0x22, 0x57, 0xA9, 0x2F, 0x86,
    0xB6, 0x8C, 0x18, 0x1A, 0x8E, 0x3F, 0x32, 0xE8, 0xD0, 0x68, 0x97, 0x60, 0x17, 0x95, 0xE4, 0x8A,
    0x51, 0x31, 0xFD, 0xBB, 0x59, 0x30, 0x0A, 0x5F, 0x62, 0x0D, 0x0E, 0xEF, 0x13, 0x1F, 0xB1, 0x51,
    0x8E, 0x0E, 0xDE, 0xCE, 0x25, 0x66, 0xD7, 0xC9, 0x92, 0x69, 0xE5, 0xF4, 0x9D, 0x31, 0x9D, 0x94,
    0x03, 0x1F, 0xDA, 0x61, 0x4D, 0x08, 0xF7, 0xEB, 0x4B, 0xC5, 0x46, 0x09, 0xF7, 0xD2, 0x67, 0x0D,
    0xB8, 0x16, 0x19, 0x23, 0xEF, 0x52, 0xAC, 0x84, 0x8D, 0x31, 0xB6, 0x2B, 0xC1, 0xE9, 0xB8, 0x6D,
    0xAC, 0xDB, 0x08, 0xEE, 0x97, 0x57, 0xF0, 0xE4, 0xF8, 0xF1, 0x24, 0x05, 0xAC, 0xD0, 0x26, 0x0F,
    0x31, 0x10, 0xCA, 0x75, 0xC9, 0x83, 0x59, 0xAE, 0x80, 0x6D, 0xFA, 0xF4, 0x68, 0x91, 0x5B, 0xAB,
    0x5B, 0x9C, 0x7F, 0xB0, 0xE1, 0x1C, 0xF6, 0x1C, 0x48, 0xA8, 0x6F, 0x4B, 0x7D, 0xD7, 0x78, 0xFC,
    0x87, 0x52, 0xDE, 0x47, 0x23, 0x5B, 0x36, 0x52, 0x3C, 0xB4, 0xB3, 0xBE, 0x29, 0xF9, 0xE3, 0x96,
    0x8D, 0x51, 0xDC, 0x53, 0x4F, 0x8E, 0xC6, 0xDA, 0x34, 0x75, 0x84, 0x06, 0x95, 0xC2, 0xAA, 0x5D,
    0x38, 0x23, 0xB2, 0x5A, 0x68, 0xD4, 0x5E, 0xC0, 0x06, 0xBB, 0x07, 0x8B, 0x0D, 0x21, 0x0B, 0x20,
    0x28, 0xBC, 0xB2, 0xDB, 0x44, 0xDE, 0x9A, 0x70, 0xFD, 0x99, 0x88, 0xFF, 0x68, 0x22, 0x99, 0x5E,
    0x42, 0x58, 0x66, 0x39, 0x2F, 0xB6, 0x14, 0x31, 0xD6, 0x48, 0x96, 0xF7, 0x6E, 0x2B, 0x2D, 0x4E,
    0x33, 0x9A, 0x38, 0x5C, 0xA3, 0x2D, 0x40, 0x6C, 0x89, 0xC9, 0x68, 0x4E, 0x35, 0xC0, 0x9A, 0xAC,
    0xD4, 0x47, 0x4D, 0xA7, 0x3E, 0x43, 0x0C, 0xFB, 0x62, 0x74, 0x60, 0xA0, 0x3E, 0x01, 0x43, 0x77,
    0x18, 0xD1, 0xB4, 0xB0, 0xB3, 0x1A, 0x78, 0xD9, 0x03, 0xBE, 0xB3, 0x5E, 0xFB, 0xCE, 0x46, 0x14,
    0x53, 0xAE, 0x3D, 0x66, 0xA9, 0xE1, 0x8D, 0x5D, 0xA9, 0x67, 0xF4, 0x45, 0x4A, 0xEA, 0x0D, 0xC2,
    0xEF, 0xA8, 0x41, 0x0C, 0xE5, 0xF4, 0xDD, 0xBA, 0x85, 0xF9, 0xB4, 0x2A, 0xDB, 0xD8, 0x68, 0x7C,
    0x96, 0x37, 0x24, 0x25, 0xEF, 0x65, 0xF3, 0x1E, 0x61, 0x5A, 0x26, 0x74, 0x2B, 0xB1, 0xAE, 0xE0,
    0x9E, 0x7D, 0x97, 0x2E, 0x3B, 0xCA, 0x86, 0x1D, 0x64, 0xCB, 0xFD, 0xB4, 0x08, 0x83, 0xAC, 0xE5,
    0xC2, 0x5B, 0xAC, 0xF6, 0x04, 0x16, 0xD0, 0x63, 0x0C, 0x5A, 0x05, 0x23, 0xBA, 0x1E, 0x6C, 0xF7,
    0xF5, 0xD6, 0x84, 0x2D, 0xE7, 0xE3, 0xC1, 0x44, 0xD6, 0x9A, 0x28, 0xED, 0x98, 0xBD, 0xD1, 0xB0,
    0x1E, 0x73, 0x71, 0x26, 0x1C, 0x84, 0xC2, 0x2A, 0x56, 0x2E, 0x17, 0xFD, 0xD4, 0xF6, 0x05, 0x9B,
    0x84, 0xE1, 0xA5, 0xE9, 0xE9, 0x8B, 0x60, 0x5F, 0x47, 0x6F, 0x21, 0x6B, 0x7A, 0x5B, 0x01, 0x9F,
    0x72, 0x75, 0xD0, 0x24, 0x74, 0xF1, 0xB5, 0xB1, 0x3D, 0x2C, 0x6F, 0xB9, 0x4C, 0xBB, 0x80, 0x1F,
    0x71, 0x58, 0x77, 0x87, 0x9C, 0x7B, 0x0E, 0xE3, 0xEE, 0x32, 0xF0, 0x32, 0x67, 0x3B, 0xB2, 0xF5,
    0x48, 0x4B, 0x9C, 0x88, 0x5E, 0x49, 0x8D, 0x73, 0xF5, 0xD7, 0xF8, 0xFA, 0x33, 0xF4, 0x9E, 0x04,
    0x62, 0x30, 0x8D, 0x0E, 0x4C, 0xCB, 0xDA, 0x70, 0x36, 0xBC, 0xBA, 0xD6, 0x28, 0xAD, 0x04, 0xD7,
    0x16, 0x53, 0x66, 0x87, 0x78, 0xB6, 0xEB, 0xC1, 0xA5, 0x6B, 0xDE, 0x91, 0x7C, 0xA5, 0x74, 0x69,
    0x82, 0x38, 0x68, 0x8C, 0x23, 0xF1, 0xFB, 0xD1, 0x12, 0x0E, 0xFA, 0xC4, 0x0D, 0xA5, 0xD5, 0x3F,
    0x52, 0xF4, 0x79, 0x38, 0xE7, 0xB2, 0x0B, 0x15, 0x0C, 0x5C, 0x3F, 0x0B, 0x0D, 0xD8, 0x21, 0x44,
    0x88, 0xD1, 0x91, 0x69, 0x5E, 0x85, 0x46, 0xBC, 0x52, 0x1E, 0xF1, 0x42, 0x03, 0x43, 0x52, 0x6B,
    0xE0, 0xB0, 0x53, 0xD0, 0xE9, 0x96, 0x5C, 0x9D, 0x81, 0x4E, 0x47, 0xBA, 0x84, 0x9B, 0xCB, 0xFB,
    0xB3, 0x38, 0xB6, 0x11, 0x61, 0x39, 0x76, 0x5C, 0x0C, 0x08, 0x8A, 0x86, 0xE9, 0xA5, 0x47, 0x63,
    0x28, 0x58, 0xF0, 0xA8, 0x5F, 0x86, 0x7A, 0x4E, 0xC1, 0x58, 0xF7, 0xE7, 0x06, 0x89, 0x12, 0x4C,
    0x87, 0x9E, 0x93, 0x03, 0xEA, 0xD1, 0x84, 0xDD, 0xA6, 0xBB, 0xD8, 0xCD, 0x76, 0x89, 0x77, 0xD5,
    0xFE, 0x5C, 0xA3, 0x18, 0xD7, 0x46, 0xB9, 0x7A, 0xB2, 0x7C, 0xFF, 0x50, 0x56, 0x12, 0x08, 0x59,
    0xC6, 0xF5, 0x4C, 0x29, 0x1E, 0x6C, 0x54, 0x5E, 0x80, 0xF6, 0x37, 0xB4, 0xC8, 0x87, 0xB4, 0x0F,
    0xBE, 0xCB, 0xFF, 0x47, 0x0E, 0xA2, 0xED, 0x33, 0x1E, 0x03, 0x79, 0xFE, 0x15, 0xE3, 0x55, 0x86,
    0x69, 0x79, 0x8C, 0x77, 0xCD, 0xBF, 0xD0, 0xCB, 0x98, 0x49, 0x9E, 0x6A, 0x31, 0xA6, 0x0F, 0x17,
    0xE4, 0x98, 0xBB, 0xA8, 0xEC, 0x8A, 0xEA, 0x7D, 0x30, 0xB4, 0x5C, 0xA6, 0x71, 0x2E, 0xB1, 0xBA,
    0x80, 0x73, 0xB0, 0x8E, 0x00, 0x2C, 0x42, 0xAF, 0xFC, 0xD1, 0xC4, 0xD3, 0x1E, 0x38, 0x73, 0x85,
    0x13, 0x7D, 0x62, 0xE7, 0x6A, 0xB5, 0x8B, 0x0F, 0x4E, 0x8F, 0xED, 0x9C, 0x77, 0xB7, 0x90, 0xDB,
    0x43, 0x66, 0xBF, 0xF0, 0xDE, 0x19, 0xD1, 0x20, 0xFD, 0x4A, 0xC8, 0x34, 0x6B, 0x66, 0xF4, 0xF2,
    0x75, 0x68, 0x39, 0xF3, 0x82, 0x57, 0x25, 0x17, 0x31, 0x6A, 0x48, 0x51, 0x79, 0x88, 0xA5, 0x07,
    0x9F, 0xE1, 0x2C, 0x96, 0xE4, 0x88, 0x8B, 0x26, 0x5E, 0xB7, 0x05, 0x12, 0xC9, 0xC2, 0xB4, 0xE4,
    0x59, 0x3D, 0x12, 0x9B, 0x96, 0xA8, 0x01, 0xFD, 0x1E, 0x5A, 0x91, 0x4D, 0xC4, 0x37, 0x9F, 0xA0,
    0xDE, 0xE9, 0x92, 0x63, 0xEC, 0xBD, 0x07, 0xC2, 0x1B, 0x88, 0x98, 0x13, 0x98, 0x2E, 0xC4, 0x48,
    0xBF, 0x00, 0xB2, 0x5E, 0x5D, 0xA8, 0xC3, 0x72, 0x78, 0x41, 0xB7, 0xD8, 0xCA, 0x16, 0x67, 0x47,
    0x5D, 0xD8, 0xC9, 0x97, 0xE6, 0x11, 0xB5, 0x39, 0xC8, 0x5F, 0xCD, 0x15, 0xFF, 0xCB, 0xA8, 0x8E,
    0x7A, 0x6E, 0x2C, 0xE9, 0x1A, 0x62, 0x5B, 0x33, 0x05, 0xFA, 0xB2, 0xDF, 0xCB, 0x3A, 0xC8, 0x4F,
    0x4C, 0xC3, 0x57, 0xE8, 0x42, 0x7B, 0xEF, 0xAD, 0x0C, 0x8D, 0x06, 0xA0, 0x95, 0x7F, 0xD8, 0x03,
    0x89, 0xC1, 0xE7, 0x03, 0xDA, 0xC3, 0x5A, 0x04, 0x1A, 0xA2, 0xEC, 0x3C, 0xA4, 0xE1, 0x67, 0x7E,
    0xDA, 0x6C, 0x41, 0xF6, 0x79, 0x1B, 0x8F, 0xAC, 0x37, 0x2F, 0x87, 0xA2, 0x33, 0xB7, 0xB2, 0x67,
    0x0A, 0xE9, 0x13, 0x07, 0xE8, 0x59, 0x21, 0xD0, 0x03, 0x46, 0x39, 0xEB, 0xC8, 0xA8, 0x6F, 0x60,
    0x51, 0xD4, 0x38, 0x2D, 0xA1, 0xCF, 0x90, 0xCA, 0x86, 0x84, 0x53, 0x21, 0x0A, 0x9B, 0x8E, 0xC5,
    0xF5, 0xD6, 0x8A, 0xEB, 0xB5, 0x62, 0x7B, 0x06, 0x28, 0xEF, 0xCD, 0x5C, 0x5D, 0xA4, 0xEF, 0xD6,
    0x63, 0x3A, 0x3B, 0x78, 0xE2, 0xE8, 0xD2, 0xA9, 0xE8, 0x5D, 0xD2, 0x23, 0xC8, 0xA3, 0x0A, 0xB7,
    0x1A, 0x9E, 0x8F, 0xE3, 0xF1, 0x38, 0x73, 0xB1, 0xE7, 0xC0, 0x7A, 0xED, 0xBB, 0xD2, 0xA0, 0x77,
    0xB4, 0xB1, 0x93, 0x6F, 0x63, 0x3E, 0xB9, 0x19, 0xE9, 0xE7, 0xE9, 0x48, 0x4F, 0xE9, 0xB0, 0xFF,
    0x7D, 0x0D, 0x0E, 0xA8, 0x38, 0x03, 0xFD, 0x05, 0x70, 0xB6, 0xC1, 0xAF, 0xFC, 0xE4, 0xE5, 0x00,
    0x0C, 0x02, 0x1B, 0x5D, 0x82, 0x9B, 0x70, 0x2A, 0x41, 0x7E, 0xA2, 0xD9, 0x23, 0x9A, 0x3D, 0x1B,
    0x51, 0xED, 0xC3, 0xE6, 0x5A, 0x15, 0x9E, 0xA9, 0xCA, 0x23, 0xC8, 0xC0, 0x74, 0x3F, 0x0B, 0x85,
    0x56, 0xB1, 0x58, 0x7E, 0x3B, 0x61, 0x08, 0xC3, 0xC6, 0x11, 0xB3, 0x3E, 0x6C, 0x35, 0xDB, 0xBD,
    0xCE, 0x48, 0x79, 0xBB, 0x4B, 0xBD, 0x8D, 0x2F, 0x6F, 0xE1, 0x3E, 0xF3, 0xF8, 0xF3, 0x9F, 0x96,
    0xFE, 0xF4, 0x9E, 0x2B, 0x2B, 0x40, 0x23, 0xF5, 0x3D, 0xAC, 0xC7, 0xBB, 0x13, 0x53, 0x32, 0xFC,
    0xE8, 0x9E, 0x5B, 0x21, 0xFE, 0xF1, 0x2B, 0xA1, 0xC2, 0xB3, 0x1A, 0xC2, 0xCB, 0xF9, 0xCA, 0x62,
    0x7D, 0x87, 0xFB, 0xA3, 0xF3, 0xB8, 0x4A, 0xA6, 0xBE, 0x67, 0xD0, 0x18, 0x9C, 0xCB, 0x95, 0x2F,
    0x0B, 0xDC, 0x43, 0xB2, 0x6A, 0xD0, 0xD3, 0x0D, 0x02, 0x0F, 0x88, 0x5C, 0x9F, 0x6D, 0x73, 0x24,
    0x47, 0xC0, 0x6B, 0x3F, 0xD1, 0xDF, 0x87, 0x8E, 0x9F, 0xFF, 0x49, 0xFF, 0x19, 0xDE, 0x85, 0x5E,
    0xC6, 0xC7, 0x77, 0xB9, 0xF1, 0x86, 0xBB, 0xAD, 0x19, 0x39, 0x96, 0x04, 0x5D, 0xB8, 0x46, 0x55,
    0x9C, 0xDE, 0xEF, 0x48, 0xC1, 0x72, 0x92, 0x75, 0x17, 0xA1, 0xBB, 0x67, 0x14, 0xF2, 0x32, 0xA0,
    0x12, 0x20, 0x0E, 0xDF, 0x85, 0xD2, 0xE4, 0x2A, 0xE0, 0xE3, 0x2E, 0x5C, 0x09, 0x6C, 0xEC, 0xEB,
    0x4C, 0x73, 0xAA, 0x9F, 0x74, 0xD2, 0x59, 0x76, 0xA7, 0xED, 0x91, 0xFA, 0x8A, 0x8A, 0x37, 0x42,
    0x8F, 0xEA, 0xAA, 0x21, 0x73, 0x65, 0x76, 0x65, 0x31, 0x30, 0x82, 0x6B, 0xF9, 0x0E, 0xE9, 0xB7,
    0xAD, 0xC9, 0x89, 0x73, 0x70, 0xB5, 0xDC, 0x54, 0xE1, 0x09, 0x8E, 0x05, 0x94, 0xEC, 0xB3, 0xDF,
    0xEA, 0x76, 0xC4, 0x39, 0x0E, 0xDC, 0xE5, 0x54, 0xEA, 0x10, 0x7D, 0x94, 0xA1, 0xFC, 0x2B, 0x48,
    0x0C, 0x6E, 0x85, 0xBF, 0x7F, 0x07, 0xF0, 0xEF, 0xCD, 0x1B, 0xD8, 0x12, 0xEA, 0xC5, 0xE4, 0xE9,
    0xA3, 0x51, 0xF2, 0x63, 0x28, 0x53, 0xFB, 0x48, 0x62, 0xD6, 0x8A, 0xD1, 0x83, 0x56, 0x2E, 0x49,
    0xDC, 0xCB, 0x06, 0x17, 0x1B, 0x5E, 0x6D, 0x1A, 0xC6, 0x65, 0x41, 0xD5, 0x0F, 0xB8, 0x87, 0x8D,
    0x1D, 0xE2, 0x73, 0x58, 0xD0, 0xED, 0x63, 0xE3, 0xDD, 0x6C, 0xB9, 0x05, 0x07, 0xCC, 0xC7, 0x0D,
    0xDC, 0xB2, 0xEC, 0x37, 0x2C, 0xA6, 0xBB, 0x0D, 0xFC, 0xAF, 0x69, 0x37, 0xC8, 0x7E, 0x86, 0xA8,
    0xBF, 0x36, 0x56, 0x8A, 0x7D, 0x23, 0xB4, 0x5B, 0x08, 0xE9, 0x2F, 0x43, 0x42, 0xDC, 0x5A, 0xF9,
    0x6E, 0xB7, 0xBB, 0x70, 0x0F, 0x38, 0x0F, 0x60, 0x52, 0x35, 0x82, 0x3D, 0x40, 0x85, 0x49, 0xBB,
    0xD9, 0xD8, 0xBD, 0xCB, 0xF3, 0x0A, 0x5F, 0x73, 0x79, 0x96, 0x53, 0x7F, 0x01, 0x0F, 0x74, 0x0C,
    0x25, 0x15, 0xEA, 0xE7, 0xF9, 0xF4, 0x11, 0x79, 0xE8, 0xF4, 0xE3, 0x05, 0x55, 0xE0, 0xE9, 0x11,
    0x16, 0xDF, 0x9E, 0x7A, 0x6C, 0xB8, 0x22, 0x2A, 0xBE, 0x6F, 0x84, 0xF8, 0x97, 0x70, 0x71, 0xDE,
    0xC3, 0x50, 0x90, 0xD4, 0xC6, 0xD9, 0xA5, 0xCD, 0x9E, 0x5B, 0x19, 0x92, 0x5A, 0x86, 0x8E, 0xA6,
    0x5D, 0xC4, 0x4C, 0x2F, 0x40, 0x79, 0xF3, 0x4D, 0x59, 0xFF, 0x47, 0x83, 0x00, 0x8B, 0x54, 0x54,
    0x68, 0x40, 0x58, 0xE4, 0x64, 0x84, 0xD4, 0x12, 0xC7, 0x0B, 0x20, 0x25, 0x69, 0xC0, 0x7B, 0x1C,
    0x63, 0xDE, 0x71, 0x0B, 0xF8, 0xC9, 0x12, 0x24, 0x9D, 0xBF, 0x62, 0x44, 0x18, 0xB6, 0xF0, 0xBB,
    0x69, 0xBD, 0x1B, 0x70, 0xB5, 0xB3, 0xC5, 0x83, 0x2E, 0xB8, 0x0E, 0xB1, 0x32, 0x71, 0xB3, 0x9B,
    0x8B, 0x3E, 0x9D, 0xCB, 0x2E, 0x99, 0x91, 0xD2, 0x06, 0x96, 0x08, 0xA1, 0x80, 0x3C, 0xF7, 0xAF,
    0xE5, 0x8D, 0x87, 0x97, 0x1D, 0xB9, 0x04, 0x2A, 0x7A, 0xCB, 0x2D, 0xD1, 0xCC, 0xB1, 0x9C, 0x43,
    0xCE, 0x3D, 0xA5, 0xB9, 0xB2, 0x9A, 0x21, 0xFE, 0x0F, 0xFB, 0xFF, 0xFF, 0xFF, 0x9F, 0xFF, 0x40,
    0xBC, 0x6A, 0xD5, 0xAA, 0x15, 0x00, 0xCD, 0x54, 0x41, 0x6A, 0xC3, 0x30, 0x10, 0x5C, 0x47, 0xD0,
    0x1C, 0x02, 0xF5, 0x13, 0xFC, 0x81, 0x82, 0x9F, 0x10, 0x07, 0x3F, 0x4C, 0xEE, 0x0F, 0xF2, 0x23,
    0x07, 0x72, 0xE8, 0xA1, 0x17, 0x3F, 0x21, 0x87, 0x3C, 0x20, 0x87, 0x14, 0x4C, 0xB1, 0x3C, 0x9D,
    0x5D, 0xC9, 0x6E, 0xDA, 0x5C, 0x0A, 0x75, 0xA1, 0x41, 0x68, 0xAC, 0x64, 0xBD, 0x9A, 0x9D, 0x9D,
    0x8D, 0xAC, 0xB1, 0x7F, 0xC0, 0x59, 0xB6, 0xB8, 0x6E, 0x11, 0x04, 0xAF, 0x03, 0x5E, 0x42, 0x86,
    0xFA, 0x0D, 0x75, 0xEF, 0xB0, 0xAB, 0x21, 0xE2, 0xA0, 0x6B, 0x02, 0xD8, 0xA7, 0x49, 0xC0, 0x6F,
    0xD6, 0x77, 0x21, 0xBF, 0x86, 0x4A, 0x73, 0x6E, 0x70, 0xC8, 0xD1, 0xF0, 0xBE, 0x81, 0x17, 0x4D,
    0x20, 0x59, 0x8B, 0xBD, 0x48, 0xC1, 0xA3, 0x48, 0x7B, 0xF2, 0x81, 0x84, 0x9A, 0x3C, 0xC8, 0x0A,
    0xD5, 0xE6, 0x6A, 0x6F, 0x4B, 0xDA, 0x8D, 0x5F, 0xDA, 0xDD, 0x62, 0x4B, 0x99, 0x45, 0x62, 0x46,
    0x28, 0x2D, 0x65, 0x05, 0x63, 0x05, 0x63, 0x05, 0x63, 0x05, 0x63, 0xF5, 0x35, 0x03, 0x23, 0xE6,
    0x7D, 0x41, 0x56, 0xCE, 0x58, 0x6D, 0x8C, 0xD5, 0xD6, 0x28, 0x71, 0x67, 0x67, 0xF6, 0x51, 0x2E,
    0x36, 0xB7, 0x34, 0xC5, 0xD8, 0xDE, 0xB6, 0xA3, 0x68, 0xD6, 0xE0, 0x2A, 0x1F, 0x24, 0xB6, 0x38,
    0x4A, 0x37, 0xAB, 0x77, 0x23, 0xE0, 0xAC, 0xE1, 0xB2, 0x32, 0xFE, 0x54, 0xEA, 0x59, 0xED, 0x6F,
    0x82, 0x27, 0xD9, 0x63, 0x81, 0x98, 0x0A, 0x54, 0xD9, 0x8F, 0x3D, 0xBA, 0x52, 0x95, 0xDF, 0x69,
    0x81, 0x96, 0xAA, 0xB6, 0x3C, 0xF7, 0x57, 0xC4, 0xAA, 0x6E, 0x1F, 0xFE, 0x41, 0x81, 0x17, 0x5B,
    0xE9, 0x81, 0xBE, 0x7A, 0x17, 0xF3, 0xD5, 0x45, 0xC4, 0x9F, 0x8A, 0x51, 0x7D, 0xB5, 0x36, 0x5F,
    0xC5, 0x24, 0xB1, 0xAE, 0xE2, 0xAF, 0xAC, 0x95, 0x7C, 0xB5, 0xC2, 0xF3, 0xE7, 0x2C, 0x95, 0xA3,
    0x8E, 0xE6, 0x59, 0x1D, 0x42, 0xE9, 0x1B, 0x4E, 0x24, 0x2A, 0xDF, 0xD3, 0x37, 0x41, 0x0A, 0x3A,
    0xCC, 0x0D, 0x92, 0x47, 0xD0, 0x53, 0x16, 0xC4, 0xDB, 0x74, 0x38, 0xD6, 0xC4, 0x32, 0x8E, 0x04,
    0xDF, 0xF9, 0x03, 0x43, 0x48, 0x3B, 0xC2, 0xA3, 0xBE, 0xA0, 0x89, 0x14, 0x7A, 0x03, 0x8F, 0x4E,
    0xA1, 0xC0, 0xA8, 0xB0, 0x02, 0x34, 0x92, 0xC7, 0x93, 0x82, 0xB4, 0x17, 0xC2, 0x93, 0x14, 0x0A,
    0xBC, 0x4D, 0x81, 0x71, 0xFA, 0x5B, 0xDB, 0x78, 0x0E, 0x01, 0xDD, 0xA0, 0xE4, 0x47, 0xFD, 0x5B,
    0x93, 0xF6, 0xFC, 0x01, 0x55, 0x8F, 0xB1, 0x11, 0xC3, 0x20, 0x10, 0x04, 0x1F, 0x39, 0x50, 0x48,
    0x09, 0x94, 0x40, 0x09, 0x52, 0x27, 0xEE, 0xC4, 0xB8, 0x33, 0x53, 0x02, 0x25, 0x50, 0x02, 0x81,
    0x02, 0x02, 0xA4, 0xF3, 0xFD, 0x33, 0xD6, 0x8C, 0x21, 0xB8, 0xF9, 0xB9, 0xBB, 0xF9, 0x7D, 0x11,
    0x71, 0x32, 0xDF, 0x9A, 0xA7, 0x86, 0x36, 0x35, 0x0D, 0x13, 0x07, 0x4C, 0x1B, 0xB0, 0x40, 0x00,
    0x2C, 0xF0, 0x92, 0x45, 0x03, 0xAE, 0x2F, 0xEF, 0x4D, 0xED, 0xE6, 0x6B, 0xC8, 0xDA, 0xF6, 0xFC,
    0x6C, 0x5F, 0xCF, 0xE6, 0x87, 0xB6, 0xD1, 0x3C, 0xB4, 0x8D, 0xEA, 0x91, 0xD9, 0x46, 0x8E, 0x68,
    0x1B, 0x75, 0xFF, 0x60, 0x70, 0xEE, 0x0F, 0xE0, 0xA0, 0x7F, 0x44, 0xA0, 0x30, 0xDF, 0x13, 0x2D,
    0x49, 0xAA, 0xA7, 0xAD, 0xA3, 0x65, 0xEB, 0x69, 0x2B, 0x0E, 0xBB, 0x86, 0x57, 0x82, 0x01, 0x86,
    0x32, 0x81, 0xD7, 0x1A, 0x8D, 0xCF, 0x5D, 0xF8, 0xE3, 0xBF, 0xEF, 0xF9, 0xDD, 0x67, 0xF7, 0x7E,
    0x01,
};

static const EpdGlyph notoserif_16_boldGlyphs[] = {
    { 0, 0, 0, 0, 0, 0, 0 }, // U+0000
    { 0, 0, 139, 0, 0, 0, 0 }, // U+000D
    { 0, 0, 139, 0, 0, 0, 0 }, // U+0020
    { 7, 23, 204, 3, 23, 41, 0 }, // !
    { 13, 9, 271, 2, 23, 30, 41 }, // "
    { 17, 23, 301, 1, 23, 98, 71 }, // #
    { 16, 28, 301, 1, 25, 112, 169 }, // $
    { 28, 23, 483, 1, 23, 161, 281 }, // %
    { 25, 23, 427, 1, 23, 144, 442 }, // &
    { 6, 9, 155, 2, 23, 14, 586 }, // '
    { 11, 31, 214, 2, 26, 86, 600 }, // (
    { 11, 31, 214, 1, 26, 86, 686 }, // )
    { 15, 13, 268, 1, 25, 49, 772 }, // *
    { 15, 14, 301, 2, 19, 53, 821 }, // +
    { 7, 11, 157, 1, 5, 20, 874 }, // ,
    { 9, 3, 165, 1, 10, 7, 894 }, // -
    { 6, 5, 157, 2, 5, 8, 901 }, // .
    { 10, 29, 154, 0, 25, 73, 909 }, // /
    { 17, 24, 310, 2, 24, 102, 982 }, // 0
    { 16, 24, 270, 1, 24, 96, 1084 }, // 1
    { 16, 24, 283, 1, 24, 96, 1180 }, // 2
    { 17, 24, 287, 1, 24, 102, 1276 }, // 3
    { 18, 24, 296, 1, 24, 108, 1378 }, // 4
    { 17, 24, 283, 1, 24, 102, 1486 }, // 5
    { 17, 24, 299, 2, 24, 102, 1588 }, // 6
    { 16, 24, 289, 2, 24, 96, 1690 }, // 7
    { 17, 24, 309, 1, 24, 102, 1786 }, // 8
    { 17, 24, 299, 1, 24, 102, 1888 }, // 9
    { 6, 18, 162, 2, 18, 27, 1990 }, // :
    { 7, 23, 162, 1, 18, 41, 2017 }, // ;
    { 15, 18, 301, 2, 21, 68, 2058 }, // <
    { 15, 9, 301, 2, 16, 34, 2126 }, // =
    { 15, 18, 301, 2, 21, 68, 2160 }, // >
    { 15, 23, 293, 1, 23, 87, 2228 }, // ?
    { 28, 27, 491, 2, 23, 189, 2315 }, // @
    { 25, 23, 402, 1, 23, 144, 2504 }, // A
    { 20, 23, 358, 1, 23, 115, 2648 }, // B
    { 19, 23, 357, 2, 23, 110, 2763 }, // C
    { 23, 23, 409, 1, 23, 133, 2873 }, // D
    { 20, 23, 348, 1, 23, 115, 3006 }, // E
    { 19, 23, 331, 1, 23, 110, 3121 }, // F
    { 23, 23, 411, 2, 23, 133, 3231 }, // G
    { 25, 23, 437, 1, 23, 144, 3364 }, // H
    { 12, 23, 214, 1, 23, 69, 3508 }, // I
    { 14, 31, 211, -1, 23, 109, 3577 }, // J
    { 24, 23, 391, 1, 23, 138, 3686 }, // K
    { 20, 23, 349, 1, 23, 115, 3824 }, // L
    { 30, 23, 508, 1, 23, 173, 3939 }, // M
    { 25, 23, 420, 1, 23, 144, 4112 }, // N
    { 23, 23, 420, 2, 23, 133, 4256 }, // O
    { 20, 23, 340, 1, 23, 115, 4389 }, // P
    { 23, 31, 420, 2, 23, 179, 4504 }, // Q
    { 23, 23, 380, 1, 23, 133, 4683 }, // R
    { 17, 23, 309, 1, 23, 98, 4816 }, // S
    { 22, 23, 348, 0, 23, 127, 4914 }, // T
    { 24, 23, 398, 1, 23, 138, 5041 }, // U
    { 23, 23, 372, 0, 23, 133, 5179 }, // V
    { 36, 23, 569, 0, 23, 207, 5312 }, // W
    { 24, 23, 391, 0, 23, 138, 5519 }, // X
    { 23, 23, 370, 0, 23, 133, 5657 }, // Y
    { 19, 23, 356, 1, 23, 110, 5790 }, // Z
    { 10, 31, 221, 3, 25, 78, 5900 }, // [
    { 10, 29, 154, 0, 25, 73, 5978 }, // <backslash>
    { 10, 31, 221, 1, 25, 78, 6051 }, // ]
    { 17, 15, 298, 1, 24, 64, 6129 }, // ^
    { 16, 3, 245, 0, -2, 12, 6193 }, // _
    { 9, 5, 178, 1, 25, 12, 6205 }, // `
    { 18, 18, 320, 1, 18, 81, 6217 }, // a
    { 20, 25, 346, 1, 25, 125, 6298 }, // b
    { 15, 18, 281, 2, 18, 68, 6423 }, // c
    { 20, 25, 346, 2, 25, 125, 6491 }, // d
    { 17, 18, 305, 2, 18, 77, 6616 }, // e
    { 16, 25, 217, 1, 25, 100, 6693 }, // f
    { 19, 27, 299, 1, 19, 129, 6793 }, // g
    { 21, 25, 356, 0, 25, 132, 6922 }, // h
    { 11, 25, 188, 1, 25, 69, 7054 }, // i
    { 10, 33, 184, -1, 25, 83, 7123 }, // j
    { 21, 25, 340, 1, 25, 132, 7206 }, // k
    { 11, 25, 188, 1, 25, 69, 7338 }, // l
    { 32, 18, 526, 1, 18, 144, 7407 }, // m
    { 22, 18, 356, 0, 18, 99, 7551 }, // n
    { 18, 18, 327, 2, 18, 81, 7650 }, // o
    { 20, 26, 344, 1, 18, 130, 7731 }, // p
    { 20, 26, 346, 2, 18, 130, 7861 }, // q
    { 17, 18, 279, 1, 18, 77, 7991 }, // r
    { 14, 18, 256, 1, 18, 63, 8068 }, // s
    { 12, 22, 216, 1, 22, 66, 8131 }, // t
    { 22, 18, 356, 0, 18, 99, 8197 }, // u
    { 20, 18, 323, 1, 18, 90, 8296 }, // v
    { 30, 18, 456, -1, 18, 135, 8386 }, // w
    { 21, 18, 344, 0, 18, 95, 8521 }, // x
    { 20, 26, 309, 0, 18, 130, 8616 }, // y
    { 16, 18, 282, 1, 18, 72, 8746 }, // z
    { 13, 29, 236, 1, 25, 95, 8818 }, // {
    { 3, 33, 301, 8, 25, 25, 8913 }, // |
    { 13, 29, 236, 0, 25, 95, 8938 }, // }
    { 16, 6, 301, 1, 15, 24, 9033 }, // ~
    { 0, 0, 139, 0, 0, 0, 0 }, // U+00A0
    { 7, 23, 204, 3, 18, 41, 0 }, // U+00A1
    { 16, 23, 301, 2, 23, 92, 41 }, // U+00A2
    { 17, 24, 298, 1, 23, 102, 133 }, // U+00A3
    { 15, 15, 301, 2, 20, 57, 235 }, // U+00A4
    { 19, 23, 301, -1, 23, 110, 292 }, // U+00A5
    { 3, 33, 301, 8, 25, 25, 402 }, // U+00A6
    { 15, 30, 290, 2, 25, 113, 427 }, // U+00A7
    { 11, 4, 308, 4, 24, 11, 540 }, // U+00A8
    { 25, 25, 451, 2, 25, 157, 551 }, // U+00A9
    { 13, 12, 224, 1, 25, 39, 708 }, // U+00AA
    { 14, 13, 295, 2, 15, 46, 747 }, // U+00AB
    { 15, 9, 301, 2, 14, 34, 793 }, // U+00AC
    { 9, 3, 165, 1, 10, 7, 827 }, // U+00AD
    { 25, 25, 451, 2, 25, 157, 834 }, // U+00AE
    { 16, 3, 245, 0, 28, 12, 991 }, // U+00AF
    { 11, 11, 213, 1, 24, 31, 1003 }, // U+00B0
    { 15, 19, 301, 2, 19, 72, 1034 }, // U+00B1
    { 11, 15, 213, 1, 28, 42, 1106 }, // U+00B2
    { 11, 15, 213, 1, 28, 42, 1148 }, // U+00B3
    { 9, 5, 178, 1, 25, 12, 1190 }, // U+00B4
    { 19, 26, 355, 3, 18, 124, 1202 }, // U+00B5
    { 19, 29, 334, 1, 25, 138, 1326 }, // U+00B6
    { 6, 5, 157, 2, 14, 8, 1464 }, // U+00B7
    { 8, 8, 178, 1, 0, 16, 1472 }, // U+00B8
    { 10, 16, 213, 1, 28, 40, 1488 }, // U+00B9
    { 12, 12, 233, 1, 25, 36, 1528 }, // U+00BA
    { 15, 13, 295, 2, 15, 49, 1564 }, // U+00BB
    { 28, 25, 448, 0, 24, 175, 1613 }, // U+00BC
    { 27, 24, 448, 0, 24, 162, 1788 }, // U+00BD
    { 26, 26, 448, 1, 25, 169, 1950 }, // U+00BE
    { 16, 24, 293, 2, 18, 96, 2119 }, // U+00BF
    { 25, 31, 402, 1, 31, 194, 2215 }, // U+00C0
    { 25, 31, 402, 1, 31, 194, 2409 }, // U+00C1
    { 25, 31, 402, 1, 31, 194, 2603 }, // U+00C2
    { 25, 30, 402, 1, 30, 188, 2797 }, // U+00C3
    { 25, 30, 402, 1, 30, 188, 2985 }, // U+00C4
    { 25, 29, 402, 1, 29, 182, 3173 }, // U+00C5
    { 32, 23, 530, 0, 23, 184, 3355 }, // U+00C6
    { 19, 31, 357, 2, 23, 148, 3539 }, // U+00C7
    { 20, 31, 348, 1, 31, 155, 3687 }, // U+00C8
    { 20, 31, 348, 1, 31, 155, 3842 }, // U+00C9
    { 20, 31, 348, 1, 31, 155, 3997 }, // U+00CA
    { 20, 30, 348, 1, 30, 150, 4152 }, // U+00CB
    { 13, 31, 214, 0, 31, 101, 4302 }, // U+00CC
    { 13, 31, 214, 1, 31, 101, 4403 }, // U+00CD
    { 14, 31, 214, 0, 31, 109, 4504 }, // U+00CE
    { 12, 30, 214, 1, 30, 90, 4613 }, // U+00CF
    { 24, 23, 409, 0, 23, 138, 4703 }, // U+00D0
    { 25, 30, 420, 1, 30, 188, 4841 }, // U+00D1
    { 23, 31, 420, 2, 31, 179, 5029 }, // U+00D2
    { 23, 31, 420, 2, 31, 179, 5208 }, // U+00D3
    { 23, 31, 420, 2, 31, 179, 5387 }, // U+00D4
    { 23, 31, 420, 2, 31, 179, 5566 }, // U+00D5
    { 23, 30, 420, 2, 30, 173, 5745 }, // U+00D6
    { 15, 14, 301, 2, 19, 53, 5918 }, // U+00D7
    { 23, 26, 420, 2, 25, 150, 5971 }, // U+00D8
    { 24, 31, 398, 1, 31, 186, 6121 }, // U+00D9
    { 24, 31, 398, 1, 31, 186, 6307 }, // U+00DA
    { 24, 31, 398, 1, 31, 186, 6493 }, // U+00DB
    { 24, 30, 398, 1, 30, 180, 6679 }, // U+00DC
    { 23, 31, 370, 0, 31, 179, 6859 }, // U+00DD
    { 20, 23, 340, 1, 23, 115, 7038 }, // U+00DE
    { 22, 25, 376, 1, 25, 138, 7153 }, // U+00DF
    { 18, 25, 320, 1, 25, 113, 7291 }, // U+00E0
    { 18, 25, 320, 1, 25, 113, 7404 }, // U+00E1
    { 18, 25, 320, 1, 25, 113, 7517 }, // U+00E2
    { 18, 25, 320, 1, 25, 113, 7630 }, // U+00E3
    { 18, 25, 320, 1, 25, 113, 7743 }, // U+00E4
    { 18, 28, 320, 1, 28, 126, 7856 }, // U+00E5
    { 27, 18, 467, 1, 18, 122, 7982 }, // U+00E6
    { 15, 26, 281, 2, 18, 98, 8104 }, // U+00E7
    { 17, 25, 305, 2, 25, 107, 8202 }, // U+00E8
    { 17, 25, 305, 2, 25, 107, 8309 }, // U+00E9
    { 17, 25, 305, 2, 25, 107, 8416 }, // U+00EA
    { 17, 25, 305, 2, 25, 107, 8523 }, // U+00EB
    { 12, 25, 188, 0, 25, 75, 8630 }, // U+00EC
    { 12, 25, 188, 1, 25, 75, 8705 }, // U+00ED
    { 14, 25, 188, -1, 25, 88, 8780 }, // U+00EE
    { 12, 25, 188, 0, 25, 75, 8868 }, // U+00EF
    { 18, 26, 327, 2, 26, 117, 8943 }, // U+00F0
    { 22, 25, 356, 0, 25, 138, 9060 }, // U+00F1
    { 18, 25, 327, 2, 25, 113, 9198 }, // U+00F2
    { 18, 25, 327, 2, 25, 113, 9311 }, // U+00F3
    { 18, 25, 327, 2, 25, 113, 9424 }, // U+00F4
    { 18, 25, 327, 2, 25, 113, 9537 }, // U+00F5
    { 18, 25, 327, 2, 25, 113, 9650 }, // U+00F6
    { 15, 17, 301, 2, 20, 64, 9763 }, // U+00F7
    { 18, 20, 327, 2, 19, 90, 9827 }, // U+00F8
    { 22, 25, 356, 0, 25, 138, 9917 }, // U+00F9
    { 22, 25, 356, 0, 25, 138, 10055 }, // U+00FA
    { 22, 25, 356, 0, 25, 138, 10193 }, // U+00FB
    { 22, 25, 356, 0, 25, 138, 10331 }, // U+00FC
    { 20, 33, 309, 0, 25, 165, 10469 }, // U+00FD
    { 20, 33, 344, 1, 25, 165, 10634 }, // U+00FE
    { 20, 33, 309, 0, 25, 165, 10799 }, // U+00FF
    { 25, 28, 402, 1, 28, 175, 0 }, // U+0100
    { 18, 23, 320, 1, 23, 104, 175 }, // U+0101
    { 25, 31, 402, 1, 31, 194, 279 }, // U+0102
    { 18, 25, 320, 1, 25, 113, 473 }, // U+0103
    { 25, 31, 402, 1, 23, 194, 586 }, // U+0104
    { 18, 26, 320, 1, 18, 117, 780 }, // U+0105
    { 19, 31, 357, 2, 31, 148, 897 }, // U+0106
    { 15, 25, 281, 2, 25, 94, 1045 }, // U+0107
    { 19, 31, 357, 2, 31, 148, 1139 }, // U+0108
    { 15, 25, 281, 2, 25, 94, 1287 }, // U+0109
    { 19, 31, 357, 2, 31, 148, 1381 }, // U+010A
    { 15, 25, 281, 2, 25, 94, 1529 }, // U+010B
    { 19, 31, 357, 2, 31, 148, 1623 }, // U+010C
    { 15, 25, 281, 2, 25, 94, 1771 }, // U+010D
    { 23, 31, 409, 1, 31, 179, 1865 }, // U+010E
    { 24, 25, 346, 2, 25, 150, 2044 }, // U+010F
    { 24, 23, 409, 0, 23, 138, 2194 }, // U+0110
    { 20, 25, 346, 2, 25, 125, 2332 }, // U+0111
    { 20, 28, 348, 1, 28, 140, 2457 }, // U+0112
    { 17, 23, 305, 2, 23, 98, 2597 }, // U+0113
    { 20, 31, 348, 1, 31, 155, 2695 }, // U+0114
    { 17, 25, 305, 2, 25, 107, 2850 }, // U+0115
    { 20, 30, 348, 1, 30, 150, 2957 }, // U+0116
    { 17, 25, 305, 2, 25, 107, 3107 }, // U+0117
    { 20, 31, 348, 1, 23, 155, 3214 }, // U+0118
    { 17, 26, 304, 2, 18, 111, 3369 }, // U+0119
    { 20, 31, 348, 1, 31, 155, 3480 }, // U+011A
    { 17, 25, 305, 2, 25, 107, 3635 }, // U+011B
    { 23, 31, 411, 2, 31, 179, 3742 }, // U+011C
    { 19, 33, 299, 1, 25, 157, 3921 }, // U+011D
    { 23, 31, 411, 2, 31, 179, 4078 }, // U+011E
    { 19, 33, 299, 1, 25, 157, 4257 }, // U+011F
    { 23, 31, 411, 2, 31, 179, 4414 }, // U+0120
    { 19, 33, 299, 1, 25, 157, 4593 }, // U+0121
    { 23, 31, 411, 2, 23, 179, 4750 }, // U+0122
    { 19, 33, 299, 1, 25, 157, 4929 }, // U+0123
    { 25, 31, 437, 1, 31, 194, 5086 }, // U+0124
    { 21, 32, 356, 0, 32, 168, 5280 }, // U+0125
    { 26, 23, 437, 1, 23, 150, 5448 }, // U+0126
    { 21, 25, 356, 1, 25, 132, 5598 }, // U+0127
    { 13, 30, 214, 1, 30, 98, 5730 }, // U+0128
    { 14, 25, 188, -1, 25, 88, 5828 }, // U+0129
    { 12, 28, 214, 1, 28, 84, 5916 }, // U+012A
    { 11, 23, 188, 1, 23, 64, 6000 }, // U+012B
    { 12, 31, 214, 1, 31, 93, 6064 }, // U+012C
    { 11, 25, 188, 1, 25, 69, 6157 }, // U+012D
    { 12, 31, 214, 1, 23, 93, 6226 }, // U+012E
    { 11, 33, 188, 1, 25, 91, 6319 }, // U+012F
    { 12, 31, 214, 1, 31, 93, 6410 }, // U+0130
    { 11, 18, 188, 1, 18, 50, 6503 }, // U+0131
    { 25, 31, 426, 1, 23, 194, 6553 }, // U+0132
    { 20, 33, 372, 1, 25, 165, 6747 }, // U+0133
    { 15, 39, 211, -1, 31, 147, 6912 }, // U+0134
    { 13, 33, 184, -2, 25, 108, 7059 }, // U+0135
    { 24, 31, 391, 1, 23, 186, 7167 }, // U+0136
    { 21, 33, 340, 1, 25, 174, 7353 }, // U+0137
    { 21, 18, 340, 1, 18, 95, 7527 }, // U+0138
    { 20, 31, 349, 1, 31, 155, 7622 }, // U+0139
    { 12, 32, 188, 1, 32, 96, 7777 }, // U+013A
    { 20, 31, 349, 1, 23, 155, 7873 }, // U+013B
    { 11, 33, 188, 1, 25, 91, 8028 }, // U+013C
    { 20, 23, 349, 1, 23, 115, 8119 }, // U+013D
    { 16, 25, 188, 1, 25, 100, 8234 }, // U+013E
    { 20, 23, 349, 1, 23, 115, 8334 }, // U+013F
    { 16, 25, 250, 1, 25, 100, 8449 }, // U+0140
    { 20, 23, 349, 1, 23, 115, 8549 }, // U+0141
    { 11, 25, 188, 1, 25, 69, 8664 }, // U+0142
    { 25, 31, 420, 1, 31, 194, 8733 }, // U+0143
    { 22, 25, 356, 0, 25, 138, 8927 }, // U+0144
    { 25, 31, 420, 1, 23, 194, 9065 }, // U+0145
    { 22, 26, 356, 0, 18, 143, 9259 }, // U+0146
    { 25, 31, 420, 1, 31, 194, 9402 }, // U+0147
    { 22, 25, 356, 0, 25, 138, 9596 }, // U+0148
    { 28, 23, 456, 0, 23, 161, 9734 }, // U+0149
    { 25, 31, 420, 1, 23, 194, 9895 }, // U+014A
    { 19, 26, 356, 1, 18, 124, 10089 }, // U+014B
    { 23, 28, 420, 2, 28, 161, 10213 }, // U+014C
    { 18, 23, 327, 2, 23, 104, 10374 }, // U+014D
    { 23, 31, 420, 2, 31, 179, 10478 }, // U+014E
    { 18, 25, 327, 2, 25, 113, 10657 }, // U+014F
    { 23, 31, 420, 2, 31, 179, 10770 }, // U+0150
    { 18, 25, 327, 2, 25, 113, 10949 }, // U+0151
    { 31, 23, 543, 2, 23, 179, 11062 }, // U+0152
    { 29, 18, 499, 2, 18, 131, 11241 }, // U+0153
    { 23, 31, 380, 1, 31, 179, 11372 }, // U+0154
    { 17, 25, 279, 1, 25, 107, 11551 }, // U+0155
    { 23, 31, 380, 1, 23, 179, 11658 }, // U+0156
    { 17, 26, 279, 1, 18, 111, 11837 }, // U+0157
    { 23, 31, 380, 1, 31, 179, 11948 }, // U+0158
    { 17, 25, 279, 1, 25, 107, 12127 }, // U+0159
    { 17, 31, 309, 1, 31, 132, 12234 }, // U+015A
    { 14, 25, 256, 1, 25, 88, 12366 }, // U+015B
    { 17, 31, 309, 1, 31, 132, 12454 }, // U+015C
    { 14, 25, 256, 1, 25, 88, 12586 }, // U+015D
    { 17, 31, 309, 1, 23, 132, 12674 }, // U+015E
    { 14, 26, 256, 1, 18, 91, 12806 }, // U+015F
    { 17, 31, 309, 1, 31, 132, 12897 }, // U+0160
    { 14, 25, 256, 1, 25, 88, 13029 }, // U+0161
    { 22, 31, 348, 0, 23, 171, 13117 }, // U+0162
    { 12, 30, 216, 1, 22, 90, 13288 }, // U+0163
    { 22, 31, 348, 0, 31, 171, 13378 }, // U+0164
    { 15, 25, 216, 1, 25, 94, 13549 }, // U+0165
    { 21, 23, 348, 1, 23, 121, 13643 }, // U+0166
    { 12, 22, 216, 1, 22, 66, 13764 }, // U+0167
    { 24, 31, 398, 1, 31, 186, 13830 }, // U+0168
    { 22, 25, 356, 0, 25, 138, 14016 }, // U+0169
    { 24, 28, 398, 1, 28, 168, 14154 }, // U+016A
    { 22, 23, 356, 0, 23, 127, 14322 }, // U+016B
    { 24, 31, 398, 1, 31, 186, 14449 }, // U+016C
    { 22, 25, 356, 0, 25, 138, 14635 }, // U+016D
    { 24, 34, 398, 1, 34, 204, 14773 }, // U+016E
    { 22, 28, 356, 0, 28, 154, 14977 }, // U+016F
    { 24, 31, 398, 1, 31, 186, 15131 }, // U+0170
    { 22, 25, 356, 0, 25, 138, 15317 }, // U+0171
    { 24, 31, 404, 1, 23, 186, 15455 }, // U+0172
    { 22, 26, 356, 0, 18, 143, 15641 }, // U+0173
    { 36, 31, 569, 0, 31, 279, 15784 }, // U+0174
    { 30, 25, 456, -1, 25, 188, 16063 }, // U+0175
    { 23, 31, 370, 0, 31, 179, 16251 }, // U+0176
    { 20, 33, 309, 0, 25, 165, 16430 }, // U+0177
    { 23, 30, 370, 0, 30, 173, 16595 }, // U+0178
    { 19, 31, 356, 1, 31, 148, 16768 }, // U+0179
    { 16, 25, 282, 1, 25, 100, 16916 }, // U+017A
    { 19, 31, 356, 1, 31, 148, 17016 }, // U+017B
    { 16, 25, 282, 1, 25, 100, 17164 }, // U+017C
    { 19, 31, 356, 1, 31, 148, 17264 }, // U+017D
    { 16, 25, 282, 1, 25, 100, 17412 }, // U+017E
    { 16, 25, 209, 1, 25, 100, 17512 }, // U+017F
    { 27, 25, 450, 2, 25, 169, 0 }, // U+01A0
    { 21, 21, 357, 2, 21, 111, 169 }, // U+01A1
    { 28, 25, 455, 1, 25, 175, 280 }, // U+01AF
    { 26, 21, 415, 0, 21, 137, 455 }, // U+01B0
    { 45, 31, 765, 1, 31, 349, 592 }, // U+01C4
    { 41, 25, 692, 1, 25, 257, 941 }, // U+01C5
    { 37, 25, 628, 2, 25, 232, 1198 }, // U+01C6
    { 34, 31, 545, 1, 23, 264, 1430 }, // U+01C7
    { 30, 33, 533, 1, 25, 248, 1694 }, // U+01C8
    { 20, 33, 372, 1, 25, 165, 1942 }, // U+01C9
    { 38, 31, 617, 1, 23, 295, 2107 }, // U+01CA
    { 34, 33, 605, 1, 25, 281, 2402 }, // U+01CB
    { 31, 33, 540, 0, 25, 256, 2683 }, // U+01CC
    { 25, 31, 402, 1, 31, 194, 2939 }, // U+01CD
    { 18, 25, 320, 1, 25, 113, 3133 }, // U+01CE
    { 14, 31, 214, 0, 31, 109, 3246 }, // U+01CF
    { 13, 25, 188, -1, 25, 82, 3355 }, // U+01D0
    { 23, 31, 420, 2, 31, 179, 3437 }, // U+01D1
    { 18, 25, 327, 2, 25, 113, 3616 }, // U+01D2
    { 24, 31, 398, 1, 31, 186, 3729 }, // U+01D3
    { 22, 25, 356, 0, 25, 138, 3915 }, // U+01D4
    { 24, 34, 398, 1, 34, 204, 4053 }, // U+01D5
    { 22, 29, 356, 0, 29, 160, 4257 }, // U+01D6
    { 24, 35, 398, 1, 35, 210, 4417 }, // U+01D7
    { 22, 30, 356, 0, 30, 165, 4627 }, // U+01D8
    { 24, 35, 398, 1, 35, 210, 4792 }, // U+01D9
    { 22, 30, 356, 0, 30, 165, 5002 }, // U+01DA
    { 24, 35, 398, 1, 35, 210, 5167 }, // U+01DB
    { 22, 30, 356, 0, 30, 165, 5377 }, // U+01DC
    { 16, 18, 305, 1, 18, 72, 5542 }, // U+01DD
    { 25, 34, 402, 1, 34, 213, 5614 }, // U+01DE
    { 18, 29, 320, 1, 29, 131, 5827 }, // U+01DF
    { 25, 34, 402, 1, 34, 213, 5958 }, // U+01E0
    { 18, 29, 320, 1, 29, 131, 6171 }, // U+01E1
    { 32, 28, 530, 0, 28, 224, 6302 }, // U+01E2
    { 27, 23, 467, 1, 23, 156, 6526 }, // U+01E3
    { 23, 23, 411, 2, 23, 133, 6682 }, // U+01E4
    { 19, 27, 299, 1, 19, 129, 6815 }, // U+01E5
    { 23, 31, 411, 2, 31, 179, 6944 }, // U+01E6
    { 19, 33, 299, 1, 25, 157, 7123 }, // U+01E7
    { 24, 31, 391, 1, 31, 186, 7280 }, // U+01E8
    { 21, 32, 340, 1, 32, 168, 7466 }, // U+01E9
    { 23, 31, 420, 2, 23, 179, 7634 }, // U+01EA
    { 18, 26, 327, 2, 18, 117, 7813 }, // U+01EB
    { 23, 36, 420, 2, 28, 207, 7930 }, // U+01EC
    { 18, 31, 327, 2, 23, 140, 8137 }, // U+01ED
    { 19, 31, 329, 1, 31, 148, 8277 }, // U+01EE
    { 18, 33, 298, 0, 25, 149, 8425 }, // U+01EF
    { 13, 33, 184, -2, 25, 108, 8574 }, // U+01F0
    { 45, 23, 765, 1, 23, 259, 8682 }, // U+01F1
    { 41, 23, 692, 1, 23, 236, 8941 }, // U+01F2
    { 37, 25, 628, 2, 25, 232, 9177 }, // U+01F3
    { 23, 31, 411, 2, 31, 179, 9409 }, // U+01F4
    { 19, 33, 299, 1, 25, 157, 9588 }, // U+01F5
    { 37, 23, 610, 1, 23, 213, 9745 }, // U+01F6
    { 22, 31, 389, 1, 23, 171, 9958 }, // U+01F7
    { 25, 31, 420, 1, 31, 194, 10129 }, // U+01F8
    { 22, 25, 356, 0, 25, 138, 10323 }, // U+01F9
    { 25, 32, 402, 1, 32, 200, 10461 }, // U+01FA
    { 18, 32, 320, 1, 32, 144, 10661 }, // U+01FB
    { 32, 31, 530, 0, 31, 248, 10805 }, // U+01FC
    { 27, 25, 467, 1, 25, 169, 11053 }, // U+01FD
    { 23, 32, 420, 2, 31, 184, 11222 }, // U+01FE
    { 18, 26, 327, 2, 25, 117, 11406 }, // U+01FF
    { 25, 30, 402, 1, 30, 188, 11523 }, // U+0200
    { 18, 25, 320, 1, 25, 113, 11711 }, // U+0201
    { 25, 30, 402, 1, 30, 188, 11824 }, // U+0202
    { 18, 25, 320, 1, 25, 113, 12012 }, // U+0203
    { 20, 30, 348, 1, 30, 150, 12125 }, // U+0204
    { 18, 25, 305, 1, 25, 113, 12275 }, // U+0205
    { 20, 30, 348, 1, 30, 150, 12388 }, // U+0206
    { 17, 25, 305, 2, 25, 107, 12538 }, // U+0207
    { 16, 30, 214, -3, 30, 120, 12645 }, // U+0208
    { 15, 25, 188, -3, 25, 94, 12765 }, // U+0209
    { 12, 30, 214, 1, 30, 90, 12859 }, // U+020A
    { 11, 25, 188, 1, 25, 69, 12949 }, // U+020B
    { 23, 31, 420, 2, 31, 179, 13018 }, // U+020C
    { 18, 25, 327, 2, 25, 113, 13197 }, // U+020D
    { 23, 31, 420, 2, 31, 179, 13310 }, // U+020E
    { 18, 25, 327, 2, 25, 113, 13489 }, // U+020F
    { 23, 30, 378, 1, 30, 173, 13602 }, // U+0210
    { 17, 25, 279, 1, 25, 107, 13775 }, // U+0211
    { 23, 30, 378, 1, 30, 173, 13882 }, // U+0212
    { 17, 25, 279, 1, 25, 107, 14055 }, // U+0213
    { 24, 31, 398, 1, 31, 186, 14162 }, // U+0214
    { 22, 25, 356, 0, 25, 138, 14348 }, // U+0215
    { 24, 31, 398, 1, 31, 186, 14486 }, // U+0216
    { 22, 25, 356, 0, 25, 138, 14672 }, // U+0217
    { 17, 31, 309, 1, 23, 132, 14810 }, // U+0218
    { 14, 26, 256, 1, 18, 91, 14942 }, // U+0219
    { 22, 31, 348, 0, 23, 171, 15033 }, // U+021A
    { 12, 29, 216, 1, 21, 87, 15204 }, // U+021B
    { 18, 29, 328, 2, 23, 131, 15291 }, // U+021C
    { 15, 27, 288, 2, 18, 102, 15422 }, // U+021D
    { 25, 31, 437, 1, 31, 194, 15524 }, // U+021E
    { 21, 32, 356, 0, 32, 168, 15718 }, // U+021F
    { 10, 5, 0, -16, 25, 13, 0 }, // U+0300
    { 9, 5, 0, -11, 25, 12, 13 }, // U+0301
    { 13, 5, 0, -16, 25, 17, 25 }, // U+0302
    { 13, 5, 0, -17, 25, 17, 42 }, // U+0303
    { 10, 3, 0, -5, 23, 8, 59 }, // U+0304
    { 16, 3, 0, -8, 28, 12, 67 }, // U+0305
    { 11, 5, 0, -5, 25, 14, 79 }, // U+0306
    { 6, 5, 0, -3, 26, 8, 93 }, // U+0307
    { 11, 4, 0, -5, 24, 11, 101 }, // U+0308
    { 8, 9, 0, -14, 28, 18, 112 }, // U+0309
    { 8, 8, 0, -4, 28, 16, 130 }, // U+030A
    { 14, 5, 0, -7, 25, 18, 146 }, // U+030B
    { 13, 5, 0, -17, 25, 17, 164 }, // U+030C
    { 3, 6, 0, -1, 25, 5, 181 }, // U+030D
    { 8, 6, 0, -4, 25, 12, 186 }, // U+030E
    { 14, 5, 0, -19, 25, 18, 198 }, // U+030F
    { 11, 9, 0, -5, 29, 25, 216 }, // U+0310
    { 11, 5, 0, -5, 25, 14, 241 }, // U+0311
    { 6, 11, 0, -3, 24, 17, 255 }, // U+0312
    { 7, 11, 0, -3, 23, 20, 272 }, // U+0313
    { 6, 11, 0, -3, 23, 17, 292 }, // U+0314
    { 7, 11, 0, -3, 23, 20, 309 }, // U+0315
    { 10, 6, 0, -5, -2, 15, 329 }, // U+0316
    { 10, 6, 0, -5, -2, 15, 344 }, // U+0317
    { 6, 6, 0, -3, -1, 9, 359 }, // U+0318
    { 5, 6, 0, -2, -1, 8, 368 }, // U+0319
    { 9, 9, 197, 1, 25, 21, 376 }, // U+031A
    { 7, 8, 0, -3, 25, 14, 397 }, // U+031B
    { 4, 8, 0, -2, 0, 8, 411 }, // U+031C
    { 6, 5, 0, -3, -2, 8, 419 }, // U+031D
    { 6, 6, 0, -3, 0, 9, 427 }, // U+031E
    { 6, 6, 0, -3, -2, 9, 436 }, // U+031F
    { 7, 3, 0, -3, -2, 6, 445 }, // U+0320
    { 8, 8, 0, -4, 2, 16, 451 }, // U+0321
    { 7, 8, 0, -3, 2, 14, 467 }, // U+0322
    { 6, 5, 0, -13, -2, 8, 481 }, // U+0323
    { 11, 4, 0, -5, -2, 11, 489 }, // U+0324
    { 8, 8, 0, -4, 0, 16, 500 }, // U+0325
    { 6, 5, 0, -3, -2, 8, 516 }, // U+0326
    { 8, 8, 0, -4, 0, 16, 524 }, // U+0327
    { 8, 8, 0, -4, 0, 16, 540 }, // U+0328
    { 3, 6, 0, -1, -1, 5, 556 }, // U+0329
    { 12, 6, 0, -6, -1, 18, 561 }, // U+032A
    { 11, 4, 0, -6, -2, 11, 579 }, // U+032B
    { 12, 6, 0, -6, -1, 18, 590 }, // U+032C
    { 12, 5, 0, -6, -2, 15, 608 }, // U+032D
    { 11, 5, 0, -5, -2, 14, 623 }, // U+032E
    { 11, 5, 0, -5, -2, 14, 637 }, // U+032F
    { 13, 5, 0, -6, -2, 17, 651 }, // U+0330
    { 10, 3, 0, -5, -3, 8, 668 }, // U+0331
    { 14, 3, 0, -7, -3, 11, 676 }, // U+0332
    { 14, 6, 0, -7, -1, 21, 687 }, // U+0333
    { 13, 5, 0, -6, 12, 17, 708 }, // U+0334
    { 13, 3, 0, -6, 11, 10, 725 }, // U+0335
    { 22, 3, 0, -11, 11, 17, 735 }, // U+0336
    { 14, 9, 0, -7, 14, 32, 752 }, // U+0337
    { 14, 29, 0, -7, 26, 102, 784 }, // U+0338
    { 5, 8, 0, -2, 0, 10, 886 }, // U+0339
    { 12, 5, 0, -6, -2, 15, 896 }, // U+033A
    { 12, 6, 0, -6, -2, 18, 911 }, // U+033B
    { 11, 6, 0, -6, -1, 17, 929 }, // U+033C
    { 8, 8, 0, -4, 26, 16, 946 }, // U+033D
    { 5, 10, 0, -2, 29, 13, 962 }, // U+033E
    { 14, 6, 0, -7, 31, 21, 975 }, // U+033F
    { 10, 5, 0, -6, 25, 13, 996 }, // U+0340
    { 10, 5, 0, -4, 25, 13, 1009 }, // U+0341
    { 13, 5, 0, -6, 25, 17, 1022 }, // U+0342
    { 7, 7, 0, -3, 26, 13, 1039 }, // U+0343
    { 13, 7, 0, -6, 26, 23, 1052 }, // U+0344
    { 7, 6, 0, 2, -2, 11, 1075 }, // U+0345
    { 12, 6, 0, -6, 26, 18, 1086 }, // U+0346
    { 14, 6, 0, -7, -1, 21, 1104 }, // U+0347
    { 8, 6, 0, -4, -2, 12, 1125 }, // U+0348
    { 7, 6, 0, -3, -2, 11, 1137 }, // U+0349
    { 13, 9, 0, -6, 27, 30, 1148 }, // U+034A
    { 13, 13, 0, -6, 32, 43, 1178 }, // U+034B
    { 13, 11, 0, -6, 30, 36, 1221 }, // U+034C
    { 10, 6, 0, -5, -1, 15, 1257 }, // U+034D
    { 7, 8, 0, -3, 0, 14, 1272 }, // U+034E
    { 24, 25, 0, -12, 25, 150, 1286 }, // U+034F
    { 6, 7, 0, -3, 26, 11, 1436 }, // U+0350
    { 4, 8, 0, -2, 28, 8, 1447 }, // U+0351
    { 11, 9, 0, -5, 28, 25, 1455 }, // U+0352
    { 8, 7, 0, -4, -1, 14, 1480 }, // U+0353
    { 6, 7, 0, -3, -1, 11, 1494 }, // U+0354
    { 6, 7, 0, -3, -1, 11, 1505 }, // U+0355
    { 14, 7, 0, -7, -1, 25, 1516 }, // U+0356
    { 5, 8, 0, -2, 28, 10, 1541 }, // U+0357
    { 6, 5, 0, 3, 26, 8, 1551 }, // U+0358
    { 10, 7, 0, -5, -1, 18, 1559 }, // U+0359
    { 12, 7, 0, -6, -1, 21, 1577 }, // U+035A
    { 8, 6, 0, -4, 26, 12, 1598 }, // U+035B
    { 26, 6, 0, -13, -1, 39, 1610 }, // U+035C
    { 26, 6, 0, -13, 26, 39, 1649 }, // U+035D
    { 20, 3, 0, -10, 24, 15, 1688 }, // U+035E
    { 20, 3, 0, -10, -2, 15, 1703 }, // U+035F
    { 28, 5, 0, -14, 25, 35, 1718 }, // U+0360
    { 28, 6, 0, -14, 27, 42, 1753 }, // U+0361
    { 20, 6, 0, -10, -1, 30, 1795 }, // U+0362
    { 8, 7, 0, -3, 27, 14, 1825 }, // U+0363
    { 8, 7, 0, -3, 27, 14, 1839 }, // U+0364
    { 6, 11, 0, -3, 31, 17, 1853 }, // U+0365
    { 8, 7, 0, -3, 27, 14, 1870 }, // U+0366
    { 11, 7, 0, -5, 27, 20, 1884 }, // U+0367
    { 7, 7, 0, -3, 27, 13, 1904 }, // U+0368
    { 9, 10, 0, -4, 30, 23, 1917 }, // U+0369
    { 11, 10, 0, -5, 30, 28, 1940 }, // U+036A
    { 15, 7, 0, -7, 27, 27, 1968 }, // U+036B
    { 8, 7, 0, -4, 27, 14, 1995 }, // U+036C
    { 7, 10, 0, -3, 29, 18, 2009 }, // U+036D
    { 10, 8, 0, -5, 28, 20, 2027 }, // U+036E
    { 11, 7, 0, -5, 27, 20, 2047 }, // U+036F
    { 20, 31, 348, 1, 31, 155, 0 }, // U+0400
    { 20, 30, 348, 0, 30, 150, 155 }, // U+0401
    { 27, 24, 439, 0, 24, 162, 305 }, // U+0402
    { 18, 31, 318, 1, 31, 140, 467 }, // U+0403
    { 19, 24, 351, 1, 24, 114, 607 }, // U+0404
    { 17, 24, 310, 1, 24, 102, 721 }, // U+0405
    { 11, 24, 210, 1, 24, 66, 823 }, // U+0406
    { 11, 30, 210, 1, 30, 83, 889 }, // U+0407
    { 13, 32, 211, -1, 24, 104, 972 }, // U+0408
    { 32, 24, 519, 0, 24, 192, 1076 }, // U+0409
    { 33, 24, 551, 1, 24, 198, 1268 }, // U+040A
    { 29, 24, 474, 0, 24, 174, 1466 }, // U+040B
    { 24, 31, 389, 1, 31, 186, 1640 }, // U+040C
    { 25, 31, 439, 1, 31, 194, 1826 }, // U+040D
    { 23, 31, 373, 0, 31, 179, 2020 }, // U+040E
    { 25, 30, 429, 1, 24, 188, 2199 }, // U+040F
    { 25, 24, 399, 0, 24, 150, 2387 }, // U+0410
    { 19, 24, 340, 1, 24, 114, 2537 }, // U+0411
    { 21, 24, 370, 1, 24, 126, 2651 }, // U+0412
    { 18, 24, 318, 1, 24, 108, 2777 }, // U+0413
    { 24, 31, 401, 1, 24, 186, 2885 }, // U+0414
    { 20, 24, 348, 1, 24, 120, 3071 }, // U+0415
    { 35, 24, 552, 0, 24, 210, 3191 }, // U+0416
    { 19, 24, 331, 1, 24, 114, 3401 }, // U+0417
    { 25, 24, 439, 1, 24, 150, 3515 }, // U+0418
    { 25, 31, 439, 1, 31, 194, 3665 }, // U+0419
    { 24, 24, 389, 1, 24, 144, 3859 }, // U+041A
    { 24, 24, 400, 0, 24, 144, 4003 }, // U+041B
    { 30, 24, 517, 1, 24, 180, 4147 }, // U+041C
    { 25, 24, 434, 1, 24, 150, 4327 }, // U+041D
    { 23, 24, 412, 2, 24, 138, 4477 }, // U+041E
    { 25, 24, 429, 1, 24, 150, 4615 }, // U+041F
    { 20, 24, 340, 1, 24, 120, 4765 }, // U+0420
    { 19, 24, 351, 1, 24, 114, 4885 }, // U+0421
    { 22, 24, 358, 0, 24, 132, 4999 }, // U+0422
    { 23, 24, 373, 0, 24, 138, 5131 }, // U+0423
    { 29, 25, 503, 1, 25, 182, 5269 }, // U+0424
    { 24, 24, 390, 0, 24, 144, 5451 }, // U+0425
    { 25, 31, 430, 1, 24, 194, 5595 }, // U+0426
    { 25, 24, 419, 1, 24, 150, 5789 }, // U+0427
    { 37, 24, 608, 1, 24, 222, 5939 }, // U+0428
    { 37, 32, 611, 1, 24, 296, 6161 }, // U+0429
    { 23, 24, 394, 1, 24, 138, 6457 }, // U+042A
    { 31, 24, 525, 1, 24, 186, 6595 }, // U+042B
    { 20, 24, 340, 1, 24, 120, 6781 }, // U+042C
    { 20, 24, 351, 1, 24, 120, 6901 }, // U+042D
    { 34, 24, 575, 1, 24, 204, 7021 }, // U+042E
    { 23, 24, 373, 0, 24, 138, 7225 }, // U+042F
    { 18, 18, 316, 1, 18, 81, 7363 }, // U+0430
    { 18, 26, 323, 1, 26, 117, 7444 }, // U+0431
    { 19, 18, 323, 1, 18, 86, 7561 }, // U+0432
    { 16, 18, 268, 1, 18, 72, 7647 }, // U+0433
    { 20, 25, 333, 1, 18, 125, 7719 }, // U+0434
    { 17, 18, 301, 1, 18, 77, 7844 }, // U+0435
    { 30, 18, 471, 0, 18, 135, 7921 }, // U+0436
    { 15, 18, 270, 1, 18, 68, 8056 }, // U+0437
    { 22, 18, 362, 1, 18, 99, 8124 }, // U+0438
    { 22, 25, 362, 1, 25, 138, 8223 }, // U+0439
    { 20, 18, 331, 1, 18, 90, 8361 }, // U+043A
    { 20, 18, 333, 0, 18, 90, 8451 }, // U+043B
    { 27, 18, 454, 1, 18, 122, 8541 }, // U+043C
    { 21, 18, 359, 1, 18, 95, 8663 }, // U+043D
    { 18, 18, 323, 1, 18, 81, 8758 }, // U+043E
    { 21, 18, 354, 1, 18, 95, 8839 }, // U+043F
    { 20, 26, 344, 1, 18, 130, 8934 }, // U+0440
    { 16, 18, 279, 1, 18, 72, 9064 }, // U+0441
    { 18, 18, 296, 0, 18, 81, 9136 }, // U+0442
    { 21, 26, 323, -1, 18, 137, 9217 }, // U+0443
    { 25, 33, 432, 1, 25, 207, 9354 }, // U+0444
    { 21, 18, 346, 1, 18, 95, 9561 }, // U+0445
    { 21, 25, 357, 1, 18, 132, 9656 }, // U+0446
    { 21, 18, 352, 1, 18, 95, 9788 }, // U+0447
    { 30, 18, 506, 1, 18, 135, 9883 }, // U+0448
    { 30, 25, 508, 1, 18, 188, 10018 }, // U+0449
    { 21, 18, 354, 1, 18, 95, 10206 }, // U+044A
    { 28, 18, 467, 1, 18, 126, 10301 }, // U+044B
    { 18, 18, 304, 1, 18, 81, 10427 }, // U+044C
    { 16, 18, 279, 1, 18, 72, 10508 }, // U+044D
    { 27, 18, 460, 1, 18, 122, 10580 }, // U+044E
    { 20, 18, 325, 0, 18, 90, 10702 }, // U+044F
    { 17, 26, 301, 1, 26, 111, 10792 }, // U+0450
    { 17, 25, 301, 1, 25, 107, 10903 }, // U+0451
    { 19, 33, 336, 1, 25, 157, 11010 }, // U+0452
    { 16, 26, 269, 1, 26, 104, 11167 }, // U+0453
    { 16, 18, 279, 1, 18, 72, 11271 }, // U+0454
    { 14, 18, 256, 1, 18, 63, 11343 }, // U+0455
    { 11, 25, 188, 1, 25, 69, 11406 }, // U+0456
    { 11, 25, 188, 1, 25, 69, 11475 }, // U+0457
    { 10, 33, 177, -1, 25, 83, 11544 }, // U+0458
    { 28, 18, 445, 0, 18, 126, 11627 }, // U+0459
    { 29, 18, 471, 1, 18, 131, 11753 }, // U+045A
    { 21, 25, 352, 1, 25, 132, 11884 }, // U+045B
    { 20, 26, 334, 1, 26, 130, 12016 }, // U+045C
    { 22, 26, 362, 1, 26, 143, 12146 }, // U+045D
    { 20, 34, 323, 0, 26, 170, 12289 }, // U+045E
    { 21, 24, 354, 1, 18, 126, 12459 }, // U+045F
    { 33, 24, 548, -1, 24, 198, 12585 }, // U+0460
    { 29, 18, 479, 0, 18, 131, 12783 }, // U+0461
    { 23, 24, 382, 1, 24, 138, 12914 }, // U+0462
    { 19, 25, 322, 1, 25, 119, 13052 }, // U+0463
    { 32, 24, 550, 1, 24, 192, 13171 }, // U+0464
    { 27, 18, 457, 1, 18, 122, 13363 }, // U+0465
    { 26, 24, 423, 1, 24, 156, 13485 }, // U+0466
    { 22, 18, 356, 0, 18, 99, 13641 }, // U+0467
    { 38, 24, 623, 1, 24, 228, 13740 }, // U+0468
    { 31, 18, 511, 1, 18, 140, 13968 }, // U+0469
    { 32, 24, 491, 0, 24, 192, 14108 }, // U+046A
    { 27, 18, 424, 0, 18, 122, 14300 }, // U+046B
    { 43, 24, 693, 1, 24, 258, 14422 }, // U+046C
    { 36, 18, 584, 1, 18, 162, 14680 }, // U+046D
    { 19, 35, 329, 1, 28, 167, 14842 }, // U+046E
    { 16, 29, 282, 1, 22, 116, 15009 }, // U+046F
    { 32, 24, 521, 0, 24, 192, 15125 }, // U+0470
    { 22, 33, 378, 0, 25, 182, 15317 }, // U+0471
    { 23, 24, 420, 2, 24, 138, 15499 }, // U+0472
    { 18, 18, 331, 2, 18, 81, 15637 }, // U+0473
    { 25, 24, 396, 0, 24, 150, 15718 }, // U+0474
    { 22, 18, 341, 0, 18, 99, 15868 }, // U+0475
    { 25, 31, 396, 0, 31, 194, 15967 }, // U+0476
    { 22, 25, 342, 0, 25, 138, 16161 }, // U+0477
    { 42, 32, 695, 2, 24, 336, 16299 }, // U+0478
    { 36, 26, 600, 2, 18, 234, 16635 }, // U+0479
    { 24, 28, 441, 2, 26, 168, 16869 }, // U+047A
    { 19, 22, 343, 2, 20, 105, 17037 }, // U+047B
    { 34, 35, 599, 2, 35, 298, 17142 }, // U+047C
    { 29, 30, 514, 2, 30, 218, 17440 }, // U+047D
    { 33, 29, 548, -1, 29, 240, 17658 }, // U+047E
    { 29, 24, 479, 0, 24, 174, 17898 }, // U+047F
    { 19, 32, 357, 2, 24, 152, 18072 }, // U+0480
    { 15, 26, 281, 2, 18, 98, 18224 }, // U+0481
    { 18, 22, 325, 1, 21, 99, 18322 }, // U+0482
    { 12, 6, 0, -6, 24, 18, 18421 }, // U+0483
    { 13, 5, 0, -6, 25, 17, 18439 }, // U+0484
    { 4, 6, 0, -2, 26, 6, 18456 }, // U+0485
    { 5, 6, 0, -2, 26, 8, 18462 }, // U+0486
    { 14, 4, 0, -7, 29, 14, 18470 }, // U+0487
    { 41, 37, 0, -20, 27, 380, 18484 }, // U+0488
    { 39, 39, 0, -20, 28, 381, 18864 }, // U+0489
    { 26, 38, 440, 1, 31, 247, 19245 }, // U+048A
    { 22, 32, 362, 1, 25, 176, 19492 }, // U+048B
    { 20, 25, 340, 1, 25, 125, 19668 }, // U+048C
    { 19, 21, 322, 1, 21, 100, 19793 }, // U+048D
    { 20, 24, 340, 1, 24, 120, 19893 }, // U+048E
    { 20, 26, 344, 1, 18, 130, 20013 }, // U+048F
    { 17, 29, 292, 1, 29, 124, 20143 }, // U+0490
    { 14, 22, 244, 1, 22, 77, 20267 }, // U+0491
    { 19, 24, 315, 1, 24, 114, 20344 }, // U+0492
    { 16, 18, 271, 1, 18, 72, 20458 }, // U+0493
    { 22, 32, 383, 1, 24, 176, 20530 }, // U+0494
    { 19, 26, 328, 1, 18, 124, 20706 }, // U+0495
    { 36, 32, 577, 0, 24, 288, 20830 }, // U+0496
    { 32, 25, 511, 0, 18, 200, 21118 }, // U+0497
    { 19, 31, 329, 1, 24, 148, 21318 }, // U+0498
    { 16, 25, 282, 1, 18, 100, 21466 }, // U+0499
    { 24, 32, 403, 1, 24, 192, 21566 }, // U+049A
    { 21, 26, 354, 1, 18, 137, 21758 }, // U+049B
    { 25, 24, 403, 1, 24, 150, 21895 }, // U+049C
    { 22, 18, 358, 1, 18, 99, 22045 }, // U+049D
    { 24, 24, 384, 1, 24, 144, 22144 }, // U+049E
    { 21, 25, 342, 1, 25, 132, 22288 }, // U+049F
    { 28, 24, 443, 1, 24, 168, 22420 }, // U+04A0
    { 26, 18, 410, 0, 18, 117, 22588 }, // U+04A1
    { 25, 32, 437, 1, 24, 200, 22705 }, // U+04A2
    { 22, 26, 368, 1, 18, 143, 22905 }, // U+04A3
    { 30, 24, 495, 1, 24, 180, 23048 }, // U+04A4
    { 26, 18, 436, 1, 18, 117, 23228 }, // U+04A5
    { 36, 32, 601, 1, 24, 288, 23345 }, // U+04A6
    { 30, 26, 498, 1, 18, 195, 23633 }, // U+04A7
    { 26, 25, 452, 2, 24, 163, 23828 }, // U+04A8
    { 22, 19, 381, 2, 18, 105, 23991 }, // U+04A9
    { 19, 31, 357, 2, 24, 148, 24096 }, // U+04AA
    { 15, 25, 281, 2, 18, 94, 24244 }, // U+04AB
    { 21, 32, 348, 1, 24, 168, 24338 }, // U+04AC
    { 17, 26, 302, 1, 18, 111, 24506 }, // U+04AD
    { 23, 24, 370, 0, 24, 138, 24617 }, // U+04AE
    { 20, 26, 323, 0, 18, 130, 24755 }, // U+04AF
    { 23, 24, 370, 0, 24, 138, 24885 }, // U+04B0
    { 20, 26, 323, 0, 18, 130, 25023 }, // U+04B1
    { 24, 32, 402, 0, 24, 192, 25153 }, // U+04B2
    { 21, 26, 344, 1, 18, 137, 25345 }, // U+04B3
    { 32, 31, 529, 0, 24, 248, 25482 }, // U+04B4
    { 28, 26, 463, 1, 18, 182, 25730 }, // U+04B5
    { 24, 32, 416, 1, 24, 192, 25912 }, // U+04B6
    { 22, 26, 363, 1, 18, 143, 26104 }, // U+04B7
    { 25, 24, 417, 1, 24, 150, 26247 }, // U+04B8
    { 21, 18, 352, 1, 18, 95, 26397 }, // U+04B9
    { 24, 24, 416, 1, 24, 144, 26492 }, // U+04BA
    { 21, 25, 356, 0, 25, 132, 26636 }, // U+04BB
    { 27, 24, 456, 1, 24, 162, 26768 }, // U+04BC
    { 22, 18, 376, 1, 18, 99, 26930 }, // U+04BD
    { 27, 30, 456, 1, 24, 203, 27029 }, // U+04BE
    { 22, 25, 375, 1, 18, 138, 27232 }, // U+04BF
    { 12, 24, 214, 1, 24, 72, 27370 }, // U+04C0
    { 35, 31, 552, 0, 31, 272, 27442 }, // U+04C1
    { 30, 25, 471, 0, 25, 188, 27714 }, // U+04C2
    { 23, 32, 388, 1, 24, 184, 27902 }, // U+04C3
    { 21, 26, 352, 1, 18, 137, 28086 }, // U+04C4
    { 25, 31, 400, 0, 24, 194, 28223 }, // U+04C5
    { 21, 25, 333, 0, 18, 132, 28417 }, // U+04C6
    { 25, 32, 437, 1, 24, 200, 28549 }, // U+04C7
    { 22, 26, 368, 1, 18, 143, 28749 }, // U+04C8
    { 26, 31, 437, 1, 24, 202, 28892 }, // U+04C9
    { 22, 25, 359, 1, 18, 138, 29094 }, // U+04CA
    { 24, 32, 416, 1, 24, 192, 29232 }, // U+04CB
    { 22, 26, 363, 1, 18, 143, 29424 }, // U+04CC
    { 31, 31, 517, 1, 24, 241, 29567 }, // U+04CD
    { 28, 25, 454, 1, 18, 175, 29808 }, // U+04CE
    { 12, 24, 214, 1, 24, 72, 29983 }, // U+04CF
    { 25, 31, 402, 1, 31, 194, 30055 }, // U+04D0
    { 18, 26, 320, 1, 26, 117, 30249 }, // U+04D1
    { 25, 30, 402, 1, 30, 188, 30366 }, // U+04D2
    { 18, 25, 320, 1, 25, 113, 30554 }, // U+04D3
    { 32, 24, 530, 0, 24, 192, 30667 }, // U+04D4
    { 27, 18, 467, 1, 18, 122, 30859 }, // U+04D5
    { 20, 31, 348, 1, 31, 155, 30981 }, // U+04D6
    { 17, 26, 305, 2, 26, 111, 31136 }, // U+04D7
    { 21, 24, 388, 2, 24, 126, 31247 }, // U+04D8
    { 16, 18, 305, 1, 18, 72, 31373 }, // U+04D9
    { 21, 30, 388, 2, 30, 158, 31445 }, // U+04DA
    { 16, 25, 305, 1, 25, 100, 31603 }, // U+04DB
    { 35, 30, 552, 0, 30, 263, 31703 }, // U+04DC
    { 30, 25, 471, 0, 25, 188, 31966 }, // U+04DD
    { 19, 30, 334, 1, 30, 143, 32154 }, // U+04DE
    { 15, 25, 270, 1, 25, 94, 32297 }, // U+04DF
    { 19, 24, 329, 1, 24, 114, 32391 }, // U+04E0
    { 18, 26, 298, 0, 18, 117, 32505 }, // U+04E1
    { 25, 28, 439, 1, 28, 175, 32622 }, // U+04E2
    { 22, 23, 362, 1, 23, 127, 32797 }, // U+04E3
    { 25, 30, 439, 1, 30, 188, 32924 }, // U+04E4
    { 22, 25, 362, 1, 25, 138, 33112 }, // U+04E5
    { 23, 30, 420, 2, 30, 173, 33250 }, // U+04E6
    { 18, 25, 327, 2, 25, 113, 33423 }, // U+04E7
    { 23, 24, 420, 2, 24, 138, 33536 }, // U+04E8
    { 18, 18, 327, 2, 18, 81, 33674 }, // U+04E9
    { 23, 30, 420, 2, 30, 173, 33755 }, // U+04EA
    { 18, 25, 327, 2, 25, 113, 33928 }, // U+04EB
    { 20, 30, 351, 1, 30, 150, 34041 }, // U+04EC
    { 16, 25, 279, 1, 25, 100, 34191 }, // U+04ED
    { 23, 29, 373, 0, 29, 167, 34291 }, // U+04EE
    { 20, 30, 309, -1, 22, 150, 34458 }, // U+04EF
    { 23, 30, 373, 0, 30, 173, 34608 }, // U+04F0
    { 20, 32, 309, -1, 24, 160, 34781 }, // U+04F1
    { 23, 31, 373, 0, 31, 179, 34941 }, // U+04F2
    { 20, 33, 309, 0, 25, 165, 35120 }, // U+04F3
    { 25, 30, 417, 1, 30, 188, 35285 }, // U+04F4
    { 21, 25, 352, 1, 25, 132, 35473 }, // U+04F5
    { 18, 32, 315, 1, 24, 144, 35605 }, // U+04F6
    { 16, 26, 271, 1, 18, 104, 35749 }, // U+04F7
    { 31, 30, 525, 1, 30, 233, 35853 }, // U+04F8
    { 28, 25, 467, 1, 25, 175, 36086 }, // U+04F9
    { 19, 31, 315, 1, 24, 148, 36261 }, // U+04FA
    { 16, 25, 271, 1, 18, 100, 36409 }, // U+04FB
    { 25, 31, 391, 0, 24, 194, 36509 }, // U+04FC
    { 22, 25, 344, 0, 18, 138, 36703 }, // U+04FD
    { 24, 24, 390, 0, 24, 144, 36841 }, // U+04FE
    { 21, 18, 344, 0, 18, 95, 36985 }, // U+04FF
    { 25, 30, 402, 1, 23, 188, 0 }, // U+1EA0
    { 18, 24, 320, 1, 18, 108, 188 }, // U+1EA1
    { 25, 34, 402, 1, 34, 213, 296 }, // U+1EA2
    { 18, 27, 320, 1, 27, 122, 509 }, // U+1EA3
    { 25, 32, 402, 1, 32, 200, 631 }, // U+1EA4
    { 18, 27, 320, 1, 27, 122, 831 }, // U+1EA5
    { 25, 32, 402, 1, 32, 200, 953 }, // U+1EA6
    { 19, 27, 320, 0, 27, 129, 1153 }, // U+1EA7
    { 25, 33, 402, 1, 33, 207, 1282 }, // U+1EA8
    { 18, 28, 320, 1, 28, 126, 1489 }, // U+1EA9
    { 25, 35, 402, 1, 35, 219, 1615 }, // U+1EAA
    { 18, 29, 320, 1, 29, 131, 1834 }, // U+1EAB
    { 25, 38, 402, 1, 31, 238, 1965 }, // U+1EAC
    { 18, 31, 320, 1, 25, 140, 2203 }, // U+1EAD
    { 25, 33, 402, 1, 33, 207, 2343 }, // U+1EAE
    { 18, 28, 320, 1, 28, 126, 2550 }, // U+1EAF
    { 25, 33, 402, 1, 33, 207, 2676 }, // U+1EB0
    { 18, 28, 320, 1, 28, 126, 2883 }, // U+1EB1
    { 25, 34, 402, 1, 34, 213, 3009 }, // U+1EB2
    { 18, 29, 320, 1, 29, 131, 3222 }, // U+1EB3
    { 25, 35, 402, 1, 35, 219, 3353 }, // U+1EB4
    { 18, 30, 320, 1, 30, 135, 3572 }, // U+1EB5
    { 25, 38, 402, 1, 31, 238, 3707 }, // U+1EB6
    { 18, 31, 320, 1, 25, 140, 3945 }, // U+1EB7
    { 20, 30, 348, 1, 23, 150, 4085 }, // U+1EB8
    { 17, 24, 305, 2, 18, 102, 4235 }, // U+1EB9
    { 20, 34, 348, 1, 34, 170, 4337 }, // U+1EBA
    { 17, 27, 305, 2, 27, 115, 4507 }, // U+1EBB
    { 20, 30, 348, 1, 30, 150, 4622 }, // U+1EBC
    { 17, 25, 305, 2, 25, 107, 4772 }, // U+1EBD
    { 20, 32, 348, 1, 32, 160, 4879 }, // U+1EBE
    { 18, 27, 305, 2, 27, 122, 5039 }, // U+1EBF
    { 20, 32, 348, 1, 32, 160, 5161 }, // U+1EC0
    { 18, 27, 305, 1, 27, 122, 5321 }, // U+1EC1
    { 20, 33, 348, 1, 33, 165, 5443 }, // U+1EC2
    { 17, 28, 305, 2, 28, 119, 5608 }, // U+1EC3
    { 20, 35, 348, 1, 35, 175, 5727 }, // U+1EC4
    { 17, 29, 305, 2, 29, 124, 5902 }, // U+1EC5
    { 20, 38, 348, 1, 31, 190, 6026 }, // U+1EC6
    { 17, 31, 305, 2, 25, 132, 6216 }, // U+1EC7
    { 12, 34, 214, 1, 34, 102, 6348 }, // U+1EC8
    { 11, 28, 188, 1, 28, 77, 6450 }, // U+1EC9
    { 12, 30, 214, 1, 23, 90, 6527 }, // U+1ECA
    { 11, 32, 188, 1, 25, 88, 6617 }, // U+1ECB
    { 23, 29, 420, 2, 23, 167, 6705 }, // U+1ECC
    { 18, 24, 327, 2, 18, 108, 6872 }, // U+1ECD
    { 23, 33, 420, 2, 33, 190, 6980 }, // U+1ECE
    { 18, 27, 327, 2, 27, 122, 7170 }, // U+1ECF
    { 23, 33, 420, 2, 33, 190, 7292 }, // U+1ED0
    { 18, 27, 327, 2, 27, 122, 7482 }, // U+1ED1
    { 23, 33, 420, 2, 33, 190, 7604 }, // U+1ED2
    { 19, 27, 327, 1, 27, 129, 7794 }, // U+1ED3
    { 23, 34, 420, 2, 34, 196, 7923 }, // U+1ED4
    { 18, 28, 327, 2, 28, 126, 8119 }, // U+1ED5
    { 23, 35, 420, 2, 35, 202, 8245 }, // U+1ED6
    { 18, 29, 327, 2, 29, 131, 8447 }, // U+1ED7
    { 23, 37, 420, 2, 31, 213, 8578 }, // U+1ED8
    { 18, 31, 327, 2, 25, 140, 8791 }, // U+1ED9
    { 27, 31, 450, 2, 31, 210, 8931 }, // U+1EDA
    { 21, 25, 357, 2, 25, 132, 9141 }, // U+1EDB
    { 27, 31, 450, 2, 31, 210, 9273 }, // U+1EDC
    { 21, 25, 357, 2, 25, 132, 9483 }, // U+1EDD
    { 27, 33, 450, 2, 33, 223, 9615 }, // U+1EDE
    { 21, 27, 357, 2, 27, 142, 9838 }, // U+1EDF
    { 27, 31, 450, 2, 31, 210, 9980 }, // U+1EE0
    { 21, 25, 357, 2, 25, 132, 10190 }, // U+1EE1
    { 27, 31, 450, 2, 25, 210, 10322 }, // U+1EE2
    { 21, 27, 357, 2, 21, 142, 10532 }, // U+1EE3
    { 24, 29, 398, 1, 23, 174, 10674 }, // U+1EE4
    { 22, 24, 356, 0, 18, 132, 10848 }, // U+1EE5
    { 24, 33, 398, 1, 33, 198, 10980 }, // U+1EE6
    { 22, 27, 356, 0, 27, 149, 11178 }, // U+1EE7
    { 28, 31, 455, 1, 31, 217, 11327 }, // U+1EE8
    { 26, 25, 415, 0, 25, 163, 11544 }, // U+1EE9
    { 28, 31, 455, 1, 31, 217, 11707 }, // U+1EEA
    { 26, 25, 415, 0, 25, 163, 11924 }, // U+1EEB
    { 28, 33, 455, 1, 33, 231, 12087 }, // U+1EEC
    { 26, 27, 415, 0, 27, 176, 12318 }, // U+1EED
    { 28, 31, 455, 1, 31, 217, 12494 }, // U+1EEE
    { 26, 25, 415, 0, 25, 163, 12711 }, // U+1EEF
    { 28, 31, 455, 1, 25, 217, 12874 }, // U+1EF0
    { 26, 27, 415, 0, 21, 176, 13091 }, // U+1EF1
    { 23, 31, 370, 0, 31, 179, 13267 }, // U+1EF2
    { 20, 33, 309, 0, 25, 165, 13446 }, // U+1EF3
    { 23, 30, 370, 0, 23, 173, 13611 }, // U+1EF4
    { 20, 26, 309, -1, 18, 130, 13784 }, // U+1EF5
    { 23, 34, 370, 0, 34, 196, 13914 }, // U+1EF6
    { 20, 35, 309, -1, 27, 175, 14110 }, // U+1EF7
    { 23, 30, 370, 0, 30, 173, 14285 }, // U+1EF8
    { 20, 33, 309, 0, 25, 165, 14458 }, // U+1EF9
    { 0, 0, 267, 0, 0, 0, 0 }, // U+2000
    { 0, 0, 533, 0, 0, 0, 0 }, // U+2001
    { 0, 0, 267, 0, 0, 0, 0 }, // U+2002
    { 0, 0, 533, 0, 0, 0, 0 }, // U+2003
    { 0, 0, 178, 0, 0, 0, 0 }, // U+2004
    { 0, 0, 133, 0, 0, 0, 0 }, // U+2005
    { 0, 0, 89, 0, 0, 0, 0 }, // U+2006
    { 0, 0, 301, 0, 0, 0, 0 }, // U+2007
    { 0, 0, 157, 0, 0, 0, 0 }, // U+2008
    { 0, 0, 89, 0, 0, 0, 0 }, // U+2009
    { 0, 0, 53, 0, 0, 0, 0 }, // U+200A
    { 0, 0, 0, 0, 0, 0, 0 }, // U+200B
    { 2, 25, 0, -1, 21, 13, 0 }, // U+200C
    { 8, 27, 0, -4, 23, 54, 13 }, // U+200D
    { 9, 28, 0, -1, 23, 63, 67 }, // U+200E
    { 8, 28, 0, -7, 23, 56, 130 }, // U+200F
    { 9, 3, 165, 1, 10, 7, 186 }, // U+2010
    { 9, 3, 165, 1, 10, 7, 193 }, // U+2011
    { 16, 3, 301, 2, 14, 12, 200 }, // U+2012
    { 17, 3, 267, 0, 11, 13, 212 }, // U+2013
    { 34, 3, 533, 0, 11, 26, 225 }, // U+2014
    { 34, 3, 533, 0, 11, 26, 251 }, // U+2015
    { 9, 33, 298, 5, 25, 75, 277 }, // U+2016
    { 14, 6, 219, 0, -1, 21, 352 }, // U+2017
    { 6, 11, 149, 2, 24, 17, 373 }, // U+2018
    { 7, 11, 149, 1, 23, 20, 390 }, // U+2019
    { 7, 11, 157, 1, 5, 20, 410 }, // U+201A
    { 6, 11, 149, 2, 23, 17, 430 }, // U+201B
    { 13, 11, 261, 2, 24, 36, 447 }, // U+201C
    { 14, 11, 261, 1, 23, 39, 483 }, // U+201D
    { 14, 11, 261, 1, 5, 39, 522 }, // U+201E
    { 13, 11, 261, 2, 23, 36, 561 }, // U+201F
    { 14, 29, 255, 1, 25, 102, 597 }, // U+2020
    { 14, 29, 255, 1, 25, 102, 699 }, // U+2021
    { 10, 10, 213, 2, 16, 25, 801 }, // U+2022
    { 11, 11, 267, 3, 17, 31, 826 }, // U+2023
    { 6, 5, 157, 2, 14, 8, 857 }, // U+2024
    { 15, 5, 307, 2, 14, 19, 865 }, // U+2025
    { 26, 5, 487, 2, 5, 33, 884 }, // U+2026
    { 6, 5, 157, 2, 12, 8, 917 }, // U+2027
    { 0, 0, 320, 0, 0, 0, 925 }, // U+2028
    { 0, 0, 320, 0, 0, 0, 925 }, // U+2029
    { 9, 25, 0, -1, 20, 57, 925 }, // U+202A
    { 8, 25, 0, -7, 20, 50, 982 }, // U+202B
    { 8, 27, 0, -4, 23, 54, 1032 }, // U+202C
    { 9, 28, 0, -5, 23, 63, 1086 }, // U+202D
    { 8, 28, 0, -4, 23, 56, 1149 }, // U+202E
    { 0, 0, 89, 0, 0, 0, 1205 }, // U+202F
    { 41, 23, 699, 1, 23, 236, 1205 }, // U+2030
    { 55, 23, 923, 1, 23, 317, 1441 }, // U+2031
    { 8, 8, 134, 0, 23, 16, 1758 }, // U+2032
    { 16, 8, 262, 0, 23, 32, 1774 }, // U+2033
    { 24, 8, 390, 0, 23, 48, 1806 }, // U+2034
    { 8, 8, 134, 0, 23, 16, 1854 }, // U+2035
    { 16, 8, 262, 0, 23, 32, 1870 }, // U+2036
    { 24, 8, 390, 0, 23, 48, 1902 }, // U+2037
    { 13, 10, 235, 1, 2, 33, 1950 }, // U+2038
    { 8, 13, 188, 2, 15, 26, 1983 }, // U+2039
    { 8, 13, 188, 2, 15, 26, 2009 }, // U+203A
    { 24, 23, 437, 2, 23, 138, 2035 }, // U+203B
    { 15, 23, 335, 3, 23, 87, 2173 }, // U+203C
    { 18, 23, 328, 1, 23, 104, 2260 }, // U+203D
    { 16, 3, 245, 0, 28, 12, 2364 }, // U+203E
    { 26, 6, 0, -13, -1, 39, 2376 }, // U+203F
    { 28, 6, 0, -14, 27, 42, 2415 }, // U+2040
    { 15, 23, 240, 0, 23, 87, 2457 }, // U+2041
    { 32, 25, 533, 1, 25, 200, 2544 }, // U+2042
    { 9, 5, 193, 2, 14, 12, 2744 }, // U+2043
    { 16, 23, 33, -7, 23, 92, 2756 }, // U+2044
    { 10, 31, 221, 3, 25, 78, 2848 }, // U+2045
    { 10, 31, 221, 1, 25, 78, 2926 }, // U+2046
    { 33, 23, 568, 1, 23, 190, 3004 }, // U+2047
    { 24, 23, 450, 1, 23, 138, 3194 }, // U+2048
    { 24, 23, 453, 3, 23, 138, 3332 }, // U+2049
    { 16, 25, 325, 1, 19, 100, 3470 }, // U+204A
    { 18, 29, 334, 1, 25, 131, 3570 }, // U+204B
    { 18, 12, 329, 1, 18, 54, 3701 }, // U+204C
    { 18, 12, 329, 1, 18, 54, 3755 }, // U+204D
    { 15, 13, 268, 1, 18, 49, 3809 }, // U+204E
    { 6, 23, 162, 2, 18, 35, 3858 }, // U+204F
    { 24, 23, 411, 1, 23, 138, 3893 }, // U+2050
    { 15, 27, 268, 1, 25, 102, 4031 }, // U+2051
    { 12, 23, 215, 1, 23, 69, 4133 }, // U+2052
    { 16, 6, 298, 1, 15, 24, 4202 }, // U+2053
    { 26, 7, 0, -13, 0, 46, 4226 }, // U+2054
    { 15, 15, 288, 1, 19, 57, 4272 }, // U+2055
    { 17, 18, 336, 2, 18, 77, 4329 }, // U+2056
    { 32, 8, 517, 0, 23, 64, 4406 }, // U+2057
    { 21, 18, 408, 2, 18, 95, 4470 }, // U+2058
    { 21, 18, 408, 2, 18, 95, 4565 }, // U+2059
    { 6, 23, 162, 2, 23, 35, 4660 }, // U+205A
    { 21, 23, 408, 2, 23, 121, 4695 }, // U+205B
    { 18, 18, 372, 3, 18, 81, 4816 }, // U+205C
    { 6, 23, 162, 2, 23, 35, 4897 }, // U+205D
    { 6, 23, 162, 2, 23, 35, 4932 }, // U+205E
    { 0, 0, 118, 0, 0, 0, 4967 }, // U+205F
    { 0, 0, 320, 0, 0, 0, 4967 }, // U+2060
    { 0, 0, 320, 0, 0, 0, 4967 }, // U+2061
    { 0, 0, 320, 0, 0, 0, 4967 }, // U+2062
    { 0, 0, 320, 0, 0, 0, 4967 }, // U+2063
    { 0, 0, 320, 0, 0, 0, 4967 }, // U+2064
    { 0, 0, 0, 0, 0, 0, 4967 }, // U+2066
    { 0, 0, 0, 0, 0, 0, 4967 }, // U+2067
    { 0, 0, 0, 0, 0, 0, 4967 }, // U+2068
    { 0, 0, 0, 0, 0, 0, 4967 }, // U+2069
    { 8, 28, 0, -4, 23, 56, 4967 }, // U+206A
    { 8, 28, 0, -5, 23, 56, 5023 }, // U+206B
    { 9, 27, 0, -4, 23, 61, 5079 }, // U+206C
    { 9, 28, 0, -4, 24, 63, 5140 }, // U+206D
    { 9, 27, 0, -4, 23, 61, 5203 }, // U+206E
    { 8, 28, 0, -4, 23, 56, 5264 }, // U+206F
    { 12, 15, 213, 1, 28, 45, 0 }, // U+2070
    { 8, 15, 122, 0, 25, 30, 45 }, // U+2071
    { 12, 16, 213, 1, 28, 48, 75 }, // U+2074
    { 11, 15, 213, 1, 28, 42, 123 }, // U+2075
    { 11, 15, 213, 1, 28, 42, 165 }, // U+2076
    { 11, 15, 213, 1, 27, 42, 207 }, // U+2077
    { 12, 15, 213, 1, 28, 45, 249 }, // U+2078
    { 11, 15, 213, 1, 28, 42, 294 }, // U+2079
    { 12, 12, 213, 1, 26, 36, 336 }, // U+207A
    { 12, 3, 213, 1, 21, 9, 372 }, // U+207B
    { 12, 7, 213, 1, 23, 21, 381 }, // U+207C
    { 7, 21, 133, 2, 30, 37, 402 }, // U+207D
    { 8, 21, 133, -1, 30, 42, 439 }, // U+207E
    { 15, 11, 231, 0, 21, 42, 481 }, // U+207F
    { 12, 16, 213, 1, 13, 48, 523 }, // U+2080
    { 10, 15, 213, 1, 12, 38, 571 }, // U+2081
    { 11, 16, 213, 1, 13, 44, 609 }, // U+2082
    { 11, 16, 213, 1, 13, 44, 653 }, // U+2083
    { 12, 15, 213, 1, 12, 45, 697 }, // U+2084
    { 11, 15, 213, 1, 12, 42, 742 }, // U+2085
    { 11, 16, 213, 1, 13, 44, 784 }, // U+2086
    { 11, 15, 213, 1, 12, 42, 828 }, // U+2087
    { 12, 16, 213, 1, 13, 48, 870 }, // U+2088
    { 11, 16, 213, 1, 13, 44, 918 }, // U+2089
    { 12, 12, 213, 1, 9, 36, 962 }, // U+208A
    { 12, 3, 213, 1, 5, 9, 998 }, // U+208B
    { 12, 8, 213, 1, 8, 24, 1007 }, // U+208C
    { 7, 21, 133, 2, 14, 37, 1031 }, // U+208D
    { 8, 21, 133, -1, 14, 42, 1068 }, // U+208E
    { 12, 11, 208, 1, 8, 33, 1110 }, // U+2090
    { 11, 11, 198, 1, 8, 31, 1143 }, // U+2091
    { 12, 11, 213, 1, 8, 33, 1174 }, // U+2092
    { 14, 11, 224, 0, 8, 39, 1207 }, // U+2093
    { 11, 11, 198, 1, 8, 31, 1246 }, // U+2094
    { 15, 15, 231, 0, 12, 57, 1277 }, // U+2095
    { 13, 15, 221, 1, 12, 49, 1334 }, // U+2096
    { 8, 15, 122, 1, 12, 30, 1383 }, // U+2097
    { 21, 11, 342, 0, 8, 58, 1413 }, // U+2098
    { 14, 11, 231, 0, 8, 39, 1471 }, // U+2099
    { 13, 16, 223, 1, 8, 52, 1510 }, // U+209A
    { 9, 11, 166, 1, 8, 25, 1562 }, // U+209B
    { 9, 14, 141, 1, 11, 32, 1587 }, // U+209C
    { 23, 23, 411, 1, 23, 133, 0 }, // U+20A0
    { 20, 28, 357, 2, 25, 140, 133 }, // U+20A1
    { 19, 23, 357, 2, 23, 110, 273 }, // U+20A2
    { 17, 23, 301, 1, 23, 98, 383 }, // U+20A3
    { 17, 24, 301, 1, 23, 102, 481 }, // U+20A4
    { 32, 26, 526, 1, 22, 208, 583 }, // U+20A5
    { 26, 23, 420, 1, 23, 150, 791 }, // U+20A6
    { 28, 23, 480, 1, 23, 161, 941 }, // U+20A7
    { 36, 23, 615, 1, 23, 207, 1102 }, // U+20A8
    { 36, 23, 569, 0, 23, 207, 1309 }, // U+20A9
    { 25, 20, 476, 2, 20, 125, 1516 }, // U+20AA
    { 20, 30, 346, 2, 25, 150, 1641 }, // U+20AB
    { 18, 23, 298, 1, 23, 104, 1791 }, // U+20AC
    { 25, 23, 391, 0, 23, 144, 1895 }, // U+20AD
    { 22, 23, 348, 0, 23, 127, 2039 }, // U+20AE
    { 36, 34, 590, 1, 27, 306, 2166 }, // U+20AF
    { 20, 31, 339, -1, 23, 155, 2472 }, // U+20B0
    { 22, 23, 340, 0, 23, 127, 2627 }, // U+20B1
    { 23, 29, 411, 2, 26, 167, 2754 }, // U+20B2
    { 24, 23, 402, 1, 23, 138, 2921 }, // U+20B3
    { 19, 23, 309, 0, 23, 110, 3059 }, // U+20B4
    { 19, 29, 357, 2, 26, 138, 3169 }, // U+20B5
    { 19, 23, 316, 1, 23, 110, 3307 }, // U+20B6
    { 17, 27, 301, 1, 23, 115, 3417 }, // U+20B7
    { 17, 23, 301, 1, 23, 98, 3532 }, // U+20B8
    { 17, 24, 298, 1, 24, 102, 3630 }, // U+20B9
    { 18, 23, 301, 1, 23, 104, 3732 }, // U+20BA
    { 20, 23, 348, 1, 23, 115, 3836 }, // U+20BB
    { 22, 22, 419, 3, 22, 121, 3951 }, // U+20BC
    { 18, 23, 315, 1, 23, 104, 4072 }, // U+20BD
    { 21, 25, 373, 2, 25, 132, 4176 }, // U+20BE
    { 17, 29, 301, 1, 26, 124, 4308 }, // U+20BF
    { 16, 24, 281, 1, 18, 96, 4432 }, // U+20C0
    { 15, 3, 306, 2, 13, 12, 0 }, // U+2212
    { 28, 25, 406, 1, 25, 175, 0 }, // U+FB00
    { 23, 25, 383, 1, 25, 144, 175 }, // U+FB01
    { 23, 25, 383, 1, 25, 144, 319 }, // U+FB02
    { 35, 25, 573, 1, 25, 219, 463 }, // U+FB03
    { 34, 25, 573, 1, 25, 213, 682 }, // U+FB04
    { 24, 25, 402, 1, 25, 150, 895 }, // U+FB05
    { 28, 25, 463, 1, 25, 175, 1045 }, // U+FB06
    { 32, 31, 533, 1, 26, 248, 0 }, // U+FFFD
};

static const EpdUnicodeInterval notoserif_16_boldIntervals[] = {
    { 0x0, 0x0, 0x0 },
    { 0xD, 0xD, 0x1 },
    { 0x20, 0x7E, 0x2 },
    { 0xA0, 0xFF, 0x61 },
    { 0x100, 0x17F, 0xC1 },
    { 0x1A0, 0x1A1, 0x141 },
    { 0x1AF, 0x1B0, 0x143 },
    { 0x1C4, 0x21F, 0x145 },
    { 0x300, 0x36F, 0x1A1 },
    { 0x400, 0x4FF, 0x211 },
    { 0x1EA0, 0x1EF9, 0x311 },
    { 0x2000, 0x2064, 0x36B },
    { 0x2066, 0x206F, 0x3D0 },
    { 0x2070, 0x2071, 0x3DA },
    { 0x2074, 0x208E, 0x3DC },
    { 0x2090, 0x209C, 0x3F7 },
    { 0x20A0, 0x20C0, 0x404 },
    { 0x2212, 0x2212, 0x425 },
    { 0xFB00, 0xFB06, 0x426 },
    { 0xFFFD, 0xFFFD, 0x42D },
};

static const EpdFontGroup notoserif_16_boldGroups[] = {
    { 0, 3899, 9727, 97, 0 },
    { 3899, 3608, 11728, 96, 97 },
    { 7507, 4726, 18764, 128, 193 },
    { 12233, 4487, 16969, 96, 321 },
    { 16720, 1168, 2298, 112, 417 },
    { 17888, 11901, 39397, 256, 529 },
    { 29789, 3121, 15633, 90, 785 },
    { 32910, 2022, 5823, 111, 875 },
    { 34932, 976, 1738, 42, 986 },
    { 35908, 2165, 4800, 33, 1028 },
    { 38073, 13, 12, 1, 1061 },
    { 38086, 350, 1250, 7, 1062 },
    { 38436, 141, 248, 1, 1069 },
};

static const EpdKernClassEntry notoserif_16_boldKernLeftClasses[] = {
    { 0x0022, 1 }, // "
    { 0x0026, 2 }, // &
    { 0x0027, 1 }, // '
    { 0x002A, 3 }, // *
    { 0x002C, 4 }, // ,
    { 0x002E, 4 }, // .
    { 0x0040, 5 }, // @
    { 0x0041, 6 }, // A
    { 0x0042, 7 }, // B
    { 0x0044, 8 }, // D
    { 0x0045, 9 }, // E
    { 0x0046, 10 }, // F
    { 0x0047, 11 }, // G
    { 0x004B, 12 }, // K
    { 0x004C, 13 }, // L
    { 0x004E, 14 }, // N
    { 0x004F, 8 }, // O
    { 0x0050, 3 }, // P
    { 0x0051, 8 }, // Q
    { 0x0052, 15 }, // R
    { 0x0053, 16 }, // S
    { 0x0054, 17 }, // T
    { 0x0055, 18 }, // U
    { 0x0056, 19 }, // V
    { 0x0057, 20 }, // W
    { 0x0058, 21 }, // X
    { 0x0059, 22 }, // Y
    { 0x0061, 23 }, // a
    { 0x0062, 24 }, // b
    { 0x0065, 25 }, // e
    { 0x0066, 26 }, // f
    { 0x0067, 27 }, // g
    { 0x0068, 23 }, // h
    { 0x006B, 28 }, // k
    { 0x006D, 23 }, // m
    { 0x006E, 23 }, // n
    { 0x006F, 24 }, // o
    { 0x0070, 24 }, // p
    { 0x0072, 29 }, // r
    { 0x0073, 30 }, // s
    { 0x0076, 31 }, // v
    { 0x0077, 32 }, // w
    { 0x0079, 33 }, // y
    { 0x00A1, 34 }, // U+00A1
    { 0x00BF, 35 }, // U+00BF
    { 0x00C0, 36 }, // U+00C0
    { 0x00C1, 36 }, // U+00C1
    { 0x00C2, 36 }, // U+00C2
    { 0x00C3, 36 }, // U+00C3
    { 0x00C4, 36 }, // U+00C4
    { 0x00C5, 36 }, // U+00C5
    { 0x00C6, 9 }, // U+00C6
    { 0x00C8, 9 }, // U+00C8
    { 0x00C9, 9 }, // U+00C9
    { 0x00CA, 9 }, // U+00CA
    { 0x00CB, 9 }, // U+00CB
    { 0x00D0, 8 }, // U+00D0
    { 0x00D1, 14 }, // U+00D1
    { 0x00D2, 8 }, // U+00D2
    { 0x00D3, 8 }, // U+00D3
    { 0x00D4, 8 }, // U+00D4
    { 0x00D5, 8 }, // U+00D5
    { 0x00D6, 8 }, // U+00D6
    { 0x00D8, 8 }, // U+00D8
    { 0x00D9, 18 }, // U+00D9
    { 0x00DA, 18 }, // U+00DA
    { 0x00DB, 18 }, // U+00DB
    { 0x00DC, 18 }, // U+00DC
    { 0x00DD, 22 }, // U+00DD
    { 0x00DE, 8 }, // U+00DE
    { 0x00DF, 24 }, // U+00DF
    { 0x00E0, 23 }, // U+00E0
    { 0x00E1, 23 }, // U+00E1
    { 0x00E2, 23 }, // U+00E2
    { 0x00E3, 23 }, // U+00E3
    { 0x00E4, 23 }, // U+00E4
    { 0x00E5, 23 }, // U+00E5
    { 0x00E6, 25 }, // U+00E6
    { 0x00E8, 25 }, // U+00E8
    { 0x00E9, 25 }, // U+00E9
    { 0x00EA, 25 }, // U+00EA
    { 0x00EB, 25 }, // U+00EB
    { 0x00F0, 24 }, // U+00F0
    { 0x00F1, 23 }, // U+00F1
    { 0x00F2, 24 }, // U+00F2
    { 0x00F3, 24 }, // U+00F3
    { 0x00F4, 24 }, // U+00F4
    { 0x00F5, 24 }, // U+00F5
    { 0x00F6, 24 }, // U+00F6
    { 0x00F8, 24 }, // U+00F8
    { 0x00FD, 33 }, // U+00FD
    { 0x00FE, 24 }, // U+00FE
    { 0x00FF, 33 }, // U+00FF
    { 0x0100, 6 }, // U+0100
    { 0x0102, 36 }, // U+0102
    { 0x0104, 36 }, // U+0104
    { 0x010E, 8 }, // U+010E
    { 0x010F, 37 }, // U+010F
    { 0x0110, 8 }, // U+0110
    { 0x0112, 9 }, // U+0112
    { 0x0113, 25 }, // U+0113
    { 0x0114, 9 }, // U+0114
    { 0x0115, 25 }, // U+0115
    { 0x0116, 9 }, // U+0116
    { 0x0117, 25 }, // U+0117
    { 0x0118, 9 }, // U+0118
    { 0x0119, 25 }, // U+0119
    { 0x011A, 9 }, // U+011A
    { 0x011B, 25 }, // U+011B
    { 0x011C, 11 }, // U+011C
    { 0x011E, 11 }, // U+011E
    { 0x0120, 11 }, // U+0120
    { 0x0122, 11 }, // U+0122
    { 0x0125, 23 }, // U+0125
    { 0x0127, 23 }, // U+0127
    { 0x0129, 38 }, // U+0129
    { 0x0136, 12 }, // U+0136
    { 0x0137, 28 }, // U+0137
    { 0x0138, 28 }, // U+0138
    { 0x0139, 13 }, // U+0139
    { 0x013B, 13 }, // U+013B
    { 0x013E, 37 }, // U+013E
    { 0x0141, 13 }, // U+0141
    { 0x0143, 14 }, // U+0143
    { 0x0144, 23 }, // U+0144
    { 0x0145, 14 }, // U+0145
    { 0x0146, 23 }, // U+0146
    { 0x0147, 14 }, // U+0147
    { 0x0148, 23 }, // U+0148
    { 0x0149, 23 }, // U+0149
    { 0x014B, 23 }, // U+014B
    { 0x014C, 8 }, // U+014C
    { 0x014D, 24 }, // U+014D
    { 0x014E, 8 }, // U+014E
    { 0x014F, 24 }, // U+014F
    { 0x0150, 8 }, // U+0150
    { 0x0151, 24 }, // U+0151
    { 0x0152, 9 }, // U+0152
    { 0x0153, 25 }, // U+0153
    { 0x0154, 15 }, // U+0154
    { 0x0155, 29 }, // U+0155
    { 0x0156, 15 }, // U+0156
    { 0x0157, 29 }, // U+0157
    { 0x0158, 15 }, // U+0158
    { 0x0159, 29 }, // U+0159
    { 0x015A, 16 }, // U+015A
    { 0x015B, 30 }, // U+015B
    { 0x015C, 16 }, // U+015C
    { 0x015D, 30 }, // U+015D
    { 0x015E, 16 }, // U+015E
    { 0x015F, 30 }, // U+015F
    { 0x0160, 16 }, // U+0160
    { 0x0161, 30 }, // U+0161
    { 0x0162, 17 }, // U+0162
    { 0x0164, 17 }, // U+0164
    { 0x0165, 39 }, // U+0165
    { 0x0166, 17 }, // U+0166
    { 0x0168, 18 }, // U+0168
    { 0x016A, 18 }, // U+016A
    { 0x016C, 18 }, // U+016C
    { 0x016E, 18 }, // U+016E
    { 0x0170, 18 }, // U+0170
    { 0x0172, 18 }, // U+0172
    { 0x0174, 20 }, // U+0174
    { 0x0175, 32 }, // U+0175
    { 0x0176, 22 }, // U+0176
    { 0x0177, 33 }, // U+0177
    { 0x0178, 22 }, // U+0178
    { 0x01A0, 40 }, // U+01A0
    { 0x01A1, 41 }, // U+01A1
    { 0x01AF, 42 }, // U+01AF
    { 0x01B0, 43 }, // U+01B0
    { 0x01FA, 6 }, // U+01FA
    { 0x01FC, 9 }, // U+01FC
    { 0x01FD, 25 }, // U+01FD
    { 0x01FE, 8 }, // U+01FE
    { 0x01FF, 24 }, // U+01FF
    { 0x0218, 16 }, // U+0218
    { 0x0219, 30 }, // U+0219
    { 0x021A, 17 }, // U+021A
    { 0x0402, 44 }, // U+0402
    { 0x0409, 45 }, // U+0409
    { 0x040A, 45 }, // U+040A
    { 0x040E, 46 }, // U+040E
    { 0x0423, 46 }, // U+0423
    { 0x042A, 45 }, // U+042A
    { 0x042C, 45 }, // U+042C
    { 0x0431, 47 }, // U+0431
    { 0x043E, 48 }, // U+043E
    { 0x0440, 48 }, // U+0440
    { 0x0444, 49 }, // U+0444
    { 0x044D, 49 }, // U+044D
    { 0x044E, 49 }, // U+044E
    { 0x0457, 50 }, // U+0457
    { 0x0460, 51 }, // U+0460
    { 0x0462, 52 }, // U+0462
    { 0x0465, 53 }, // U+0465
    { 0x0466, 54 }, // U+0466
    { 0x0468, 54 }, // U+0468
    { 0x046A, 55 }, // U+046A
    { 0x046C, 55 }, // U+046C
    { 0x046E, 56 }, // U+046E
    { 0x046F, 24 }, // U+046F
    { 0x0472, 51 }, // U+0472
    { 0x0473, 48 }, // U+0473
    { 0x0474, 57 }, // U+0474
    { 0x0476, 57 }, // U+0476
    { 0x0478, 33 }, // U+0478
    { 0x0479, 58 }, // U+0479
    { 0x047A, 51 }, // U+047A
    { 0x047B, 48 }, // U+047B
    { 0x047C, 51 }, // U+047C
    { 0x047D, 24 }, // U+047D
    { 0x047E, 51 }, // U+047E
    { 0x0481, 53 }, // U+0481
    { 0x048C, 52 }, // U+048C
    { 0x048D, 24 }, // U+048D
    { 0x048E, 59 }, // U+048E
    { 0x048F, 48 }, // U+048F
    { 0x0490, 60 }, // U+0490
    { 0x0491, 61 }, // U+0491
    { 0x0493, 61 }, // U+0493
    { 0x0494, 62 }, // U+0494
    { 0x0496, 55 }, // U+0496
    { 0x0497, 63 }, // U+0497
    { 0x0498, 56 }, // U+0498
    { 0x0499, 48 }, // U+0499
    { 0x049A, 55 }, // U+049A
    { 0x049B, 63 }, // U+049B
    { 0x049C, 55 }, // U+049C
    { 0x049D, 63 }, // U+049D
    { 0x049E, 55 }, // U+049E
    { 0x049F, 63 }, // U+049F
    { 0x04A0, 55 }, // U+04A0
    { 0x04A1, 63 }, // U+04A1
    { 0x04A3, 64 }, // U+04A3
    { 0x04A4, 60 }, // U+04A4
    { 0x04A5, 61 }, // U+04A5
    { 0x04A6, 62 }, // U+04A6
    { 0x04A8, 51 }, // U+04A8
    { 0x04AB, 53 }, // U+04AB
    { 0x04AC, 60 }, // U+04AC
    { 0x04AD, 61 }, // U+04AD
    { 0x04B2, 65 }, // U+04B2
    { 0x04B3, 63 }, // U+04B3
    { 0x04B5, 64 }, // U+04B5
    { 0x04B7, 64 }, // U+04B7
    { 0x04BA, 62 }, // U+04BA
    { 0x04BC, 51 }, // U+04BC
    { 0x04BD, 48 }, // U+04BD
    { 0x04BE, 51 }, // U+04BE
    { 0x04BF, 48 }, // U+04BF
    { 0x04C3, 62 }, // U+04C3
    { 0x04C6, 64 }, // U+04C6
    { 0x04D0, 54 }, // U+04D0
    { 0x04D1, 23 }, // U+04D1
    { 0x04D2, 54 }, // U+04D2
    { 0x04D3, 23 }, // U+04D3
    { 0x04D4, 66 }, // U+04D4
    { 0x04D5, 48 }, // U+04D5
    { 0x04D6, 66 }, // U+04D6
    { 0x04D7, 48 }, // U+04D7
    { 0x04D8, 51 }, // U+04D8
    { 0x04D9, 48 }, // U+04D9
    { 0x04DA, 51 }, // U+04DA
    { 0x04DB, 48 }, // U+04DB
    { 0x04E0, 56 }, // U+04E0
    { 0x04E6, 51 }, // U+04E6
    { 0x04E7, 48 }, // U+04E7
    { 0x04E8, 51 }, // U+04E8
    { 0x04E9, 48 }, // U+04E9
    { 0x04EA, 51 }, // U+04EA
    { 0x04EB, 48 }, // U+04EB
    { 0x04ED, 48 }, // U+04ED
    { 0x04EE, 46 }, // U+04EE
    { 0x04EF, 58 }, // U+04EF
    { 0x04F0, 46 }, // U+04F0
    { 0x04F1, 58 }, // U+04F1
    { 0x04F2, 46 }, // U+04F2
    { 0x04F3, 58 }, // U+04F3
    { 0x04F6, 60 }, // U+04F6
    { 0x04F7, 61 }, // U+04F7
    { 0x04FB, 61 }, // U+04FB
    { 0x04FC, 65 }, // U+04FC
    { 0x04FD, 63 }, // U+04FD
    { 0x04FE, 65 }, // U+04FE
    { 0x04FF, 63 }, // U+04FF
    { 0x1EA0, 36 }, // U+1EA0
    { 0x1EA1, 23 }, // U+1EA1
    { 0x1EA2, 36 }, // U+1EA2
    { 0x1EA3, 23 }, // U+1EA3
    { 0x1EA4, 36 }, // U+1EA4
    { 0x1EA5, 23 }, // U+1EA5
    { 0x1EA6, 36 }, // U+1EA6
    { 0x1EA7, 23 }, // U+1EA7
    { 0x1EA8, 36 }, // U+1EA8
    { 0x1EA9, 23 }, // U+1EA9
    { 0x1EAA, 36 }, // U+1EAA
    { 0x1EAB, 23 }, // U+1EAB
    { 0x1EAC, 36 }, // U+1EAC
    { 0x1EAD, 23 }, // U+1EAD
    { 0x1EAE, 36 }, // U+1EAE
    { 0x1EAF, 23 }, // U+1EAF
    { 0x1EB0, 36 }, // U+1EB0
    { 0x1EB1, 23 }, // U+1EB1
    { 0x1EB2, 36 }, // U+1EB2
    { 0x1EB3, 23 }, // U+1EB3
    { 0x1EB4, 36 }, // U+1EB4
    { 0x1EB5, 23 }, // U+1EB5
    { 0x1EB6, 36 }, // U+1EB6
    { 0x1EB7, 23 }, // U+1EB7
    { 0x1EB8, 9 }, // U+1EB8
    { 0x1EB9, 25 }, // U+1EB9
    { 0x1EBA, 9 }, // U+1EBA
    { 0x1EBB, 25 }, // U+1EBB
    { 0x1EBC, 9 }, // U+1EBC
    { 0x1EBD, 25 }, // U+1EBD
    { 0x1EBE, 9 }, // U+1EBE
    { 0x1EBF, 25 }, // U+1EBF
    { 0x1EC0, 9 }, // U+1EC0
    { 0x1EC1, 25 }, // U+1EC1
    { 0x1EC2, 9 }, // U+1EC2
    { 0x1EC3, 25 }, // U+1EC3
    { 0x1EC4, 9 }, // U+1EC4
    { 0x1EC5, 25 }, // U+1EC5
    { 0x1EC6, 9 }, // U+1EC6
    { 0x1EC7, 25 }, // U+1EC7
    { 0x1ECC, 8 }, // U+1ECC
    { 0x1ECD, 24 }, // U+1ECD
    { 0x1ECE, 8 }, // U+1ECE
    { 0x1ECF, 24 }, // U+1ECF
    { 0x1ED0, 8 }, // U+1ED0
    { 0x1ED1, 24 }, // U+1ED1
    { 0x1ED2, 8 }, // U+1ED2
    { 0x1ED3, 24 }, // U+1ED3
    { 0x1ED4, 8 }, // U+1ED4
    { 0x1ED5, 24 }, // U+1ED5
    { 0x1ED6, 8 }, // U+1ED6
    { 0x1ED7, 24 }, // U+1ED7
    { 0x1ED8, 8 }, // U+1ED8
    { 0x1ED9, 24 }, // U+1ED9
    { 0x1EDA, 40 }, // U+1EDA
    { 0x1EDB, 41 }, // U+1EDB
    { 0x1EDC, 40 }, // U+1EDC
    { 0x1EDD, 41 }, // U+1EDD
    { 0x1EDE, 40 }, // U+1EDE
    { 0x1EDF, 41 }, // U+1EDF
    { 0x1EE0, 40 }, // U+1EE0
    { 0x1EE1, 41 }, // U+1EE1
    { 0x1EE2, 40 }, // U+1EE2
    { 0x1EE3, 41 }, // U+1EE3
    { 0x1EE4, 18 }, // U+1EE4
    { 0x1EE6, 18 }, // U+1EE6
    { 0x1EE8, 42 }, // U+1EE8
    { 0x1EE9, 43 }, // U+1EE9
    { 0x1EEA, 42 }, // U+1EEA
    { 0x1EEB, 43 }, // U+1EEB
    { 0x1EEC, 42 }, // U+1EEC
    { 0x1EED, 43 }, // U+1EED
    { 0x1EEE, 42 }, // U+1EEE
    { 0x1EEF, 43 }, // U+1EEF
    { 0x1EF0, 42 }, // U+1EF0
    { 0x1EF1, 43 }, // U+1EF1
    { 0x1EF2, 22 }, // U+1EF2
    { 0x1EF3, 33 }, // U+1EF3
    { 0x1EF4, 22 }, // U+1EF4
    { 0x1EF5, 33 }, // U+1EF5
    { 0x1EF6, 22 }, // U+1EF6
    { 0x1EF7, 33 }, // U+1EF7
    { 0x1EF8, 22 }, // U+1EF8
    { 0x1EF9, 33 }, // U+1EF9
    { 0x2018, 67 }, // U+2018
    { 0x2019, 68 }, // U+2019
    { 0x201A, 4 }, // U+201A
    { 0x201C, 67 }, // U+201C
    { 0x201D, 68 }, // U+201D
    { 0x201E, 4 }, // U+201E
    { 0x2026, 4 }, // U+2026
    { 0x207D, 69 }, // U+207D
    { 0x208D, 70 }, // U+208D
    { 0xFB00, 26 }, // U+FB00
};

static const EpdKernClassEntry notoserif_16_boldKernRightClasses[] = {
    { 0x0021, 1 }, // !
    { 0x0022, 2 }, // "
    { 0x0026, 3 }, // &
    { 0x0027, 2 }, // '
    { 0x0029, 4 }, // )
    { 0x002A, 5 }, // *
    { 0x002C, 6 }, // ,
    { 0x002E, 7 }, // .
    { 0x003A, 8 }, // :
    { 0x003B, 8 }, // ;
    { 0x003F, 9 }, // ?
    { 0x0040, 10 }, // @
    { 0x0041, 11 }, // A
    { 0x0042, 12 }, // B
    { 0x0043, 13 }, // C
    { 0x0044, 12 }, // D
    { 0x0045, 12 }, // E
    { 0x0046, 12 }, // F
    { 0x0047, 13 }, // G
    { 0x0048, 12 }, // H
    { 0x0049, 12 }, // I
    { 0x004A, 14 }, // J
    { 0x004B, 12 }, // K
    { 0x004C, 12 }, // L
    { 0x004D, 12 }, // M
    { 0x004E, 12 }, // N
    { 0x004F, 13 }, // O
    { 0x0050, 12 }, // P
    { 0x0051, 13 }, // Q
    { 0x0052, 12 }, // R
    { 0x0053, 15 }, // S
    { 0x0054, 16 }, // T
    { 0x0055, 17 }, // U
    { 0x0056, 18 }, // V
    { 0x0057, 19 }, // W
    { 0x0058, 20 }, // X
    { 0x0059, 21 }, // Y
    { 0x005A, 22 }, // Z
    { 0x005D, 4 }, // ]
    { 0x0061, 23 }, // a
    { 0x0062, 24 }, // b
    { 0x0063, 25 }, // c
    { 0x0064, 25 }, // d
    { 0x0065, 25 }, // e
    { 0x0067, 26 }, // g
    { 0x0068, 24 }, // h
    { 0x0069, 27 }, // i
    { 0x006B, 24 }, // k
    { 0x006C, 24 }, // l
    { 0x006D, 27 }, // m
    { 0x006E, 27 }, // n
    { 0x006F, 25 }, // o
    { 0x0070, 27 }, // p
    { 0x0071, 25 }, // q
    { 0x0072, 27 }, // r
    { 0x0073, 28 }, // s
    { 0x0074, 29 }, // t
    { 0x0075, 30 }, // u
    { 0x0076, 31 }, // v
    { 0x0077, 32 }, // w
    { 0x0078, 33 }, // x
    { 0x0079, 34 }, // y
    { 0x007A, 35 }, // z
    { 0x007D, 4 }, // }
    { 0x00AB, 36 }, // U+00AB
    { 0x00B7, 37 }, // U+00B7
    { 0x00BB, 36 }, // U+00BB
    { 0x00C0, 11 }, // U+00C0
    { 0x00C1, 11 }, // U+00C1
    { 0x00C2, 11 }, // U+00C2
    { 0x00C3, 11 }, // U+00C3
    { 0x00C4, 11 }, // U+00C4
    { 0x00C5, 11 }, // U+00C5
    { 0x00C6, 38 }, // U+00C6
    { 0x00C7, 13 }, // U+00C7
    { 0x00C8, 12 }, // U+00C8
    { 0x00C9, 12 }, // U+00C9
    { 0x00CA, 12 }, // U+00CA
    { 0x00CB, 12 }, // U+00CB
    { 0x00CC, 12 }, // U+00CC
    { 0x00CD, 12 }, // U+00CD
    { 0x00CE, 12 }, // U+00CE
    { 0x00CF, 12 }, // U+00CF
    { 0x00D0, 12 }, // U+00D0
    { 0x00D1, 12 }, // U+00D1
    { 0x00D2, 13 }, // U+00D2
    { 0x00D3, 13 }, // U+00D3
    { 0x00D4, 13 }, // U+00D4
    { 0x00D5, 13 }, // U+00D5
    { 0x00D6, 13 }, // U+00D6
    { 0x00D8, 13 }, // U+00D8
    { 0x00D9, 17 }, // U+00D9
    { 0x00DA, 17 }, // U+00DA
    { 0x00DB, 17 }, // U+00DB
    { 0x00DC, 17 }, // U+00DC
    { 0x00DD, 21 }, // U+00DD
    { 0x00DE, 12 }, // U+00DE
    { 0x00E0, 23 }, // U+00E0
    { 0x00E1, 23 }, // U+00E1
    { 0x00E2, 23 }, // U+00E2
    { 0x00E3, 23 }, // U+00E3
    { 0x00E4, 23 }, // U+00E4
    { 0x00E5, 23 }, // U+00E5
    { 0x00E6, 23 }, // U+00E6
    { 0x00E7, 25 }, // U+00E7
    { 0x00E8, 25 }, // U+00E8
    { 0x00E9, 25 }, // U+00E9
    { 0x00EA, 25 }, // U+00EA
    { 0x00EB, 25 }, // U+00EB
    { 0x00EC, 39 }, // U+00EC
    { 0x00ED, 27 }, // U+00ED
    { 0x00EE, 39 }, // U+00EE
    { 0x00EF, 39 }, // U+00EF
    { 0x00F0, 25 }, // U+00F0
    { 0x00F1, 27 }, // U+00F1
    { 0x00F2, 25 }, // U+00F2
    { 0x00F3, 25 }, // U+00F3
    { 0x00F4, 25 }, // U+00F4
    { 0x00F5, 25 }, // U+00F5
    { 0x00F6, 25 }, // U+00F6
    { 0x00F8, 25 }, // U+00F8
    { 0x00F9, 30 }, // U+00F9
    { 0x00FA, 30 }, // U+00FA
    { 0x00FB, 30 }, // U+00FB
    { 0x00FC, 30 }, // U+00FC
    { 0x00FD, 34 }, // U+00FD
    { 0x00FE, 24 }, // U+00FE
    { 0x00FF, 34 }, // U+00FF
    { 0x0100, 11 }, // U+0100
    { 0x0101, 23 }, // U+0101
    { 0x0102, 11 }, // U+0102
    { 0x0103, 23 }, // U+0103
    { 0x0104, 11 }, // U+0104
    { 0x0105, 23 }, // U+0105
    { 0x0106, 13 }, // U+0106
    { 0x0107, 25 }, // U+0107
    { 0x0108, 13 }, // U+0108
    { 0x0109, 25 }, // U+0109
    { 0x010A, 13 }, // U+010A
    { 0x010B, 25 }, // U+010B
    { 0x010C, 13 }, // U+010C
    { 0x010D, 25 }, // U+010D
    { 0x010E, 12 }, // U+010E
    { 0x010F, 25 }, // U+010F
    { 0x0110, 12 }, // U+0110
    { 0x0111, 25 }, // U+0111
    { 0x0112, 12 }, // U+0112
    { 0x0113, 25 }, // U+0113
    { 0x0114, 12 }, // U+0114
    { 0x0115, 25 }, // U+0115
    { 0x0116, 12 }, // U+0116
    { 0x0117, 25 }, // U+0117
    { 0x0118, 12 }, // U+0118
    { 0x0119, 25 }, // U+0119
    { 0x011A, 12 }, // U+011A
    { 0x011B, 25 }, // U+011B
    { 0x011C, 13 }, // U+011C
    { 0x011D, 25 }, // U+011D
    { 0x011E, 13 }, // U+011E
    { 0x011F, 25 }, // U+011F
    { 0x0120, 13 }, // U+0120
    { 0x0121, 25 }, // U+0121
    { 0x0122, 13 }, // U+0122
    { 0x0123, 25 }, // U+0123
    { 0x0124, 12 }, // U+0124
    { 0x0125, 24 }, // U+0125
    { 0x0126, 12 }, // U+0126
    { 0x0127, 24 }, // U+0127
    { 0x0128, 12 }, // U+0128
    { 0x0129, 40 }, // U+0129
    { 0x012A, 12 }, // U+012A
    { 0x012B, 39 }, // U+012B
    { 0x012C, 12 }, // U+012C
    { 0x012D, 39 }, // U+012D
    { 0x012E, 12 }, // U+012E
    { 0x012F, 27 }, // U+012F
    { 0x0130, 12 }, // U+0130
    { 0x0132, 12 }, // U+0132
    { 0x0133, 27 }, // U+0133
    { 0x0134, 14 }, // U+0134
    { 0x0136, 12 }, // U+0136
    { 0x0137, 24 }, // U+0137
    { 0x0138, 27 }, // U+0138
    { 0x0139, 12 }, // U+0139
    { 0x013A, 24 }, // U+013A
    { 0x013B, 12 }, // U+013B
    { 0x013C, 24 }, // U+013C
    { 0x013D, 12 }, // U+013D
    { 0x013E, 24 }, // U+013E
    { 0x013F, 12 }, // U+013F
    { 0x0140, 24 }, // U+0140
    { 0x0141, 12 }, // U+0141
    { 0x0142, 24 }, // U+0142
    { 0x0143, 12 }, // U+0143
    { 0x0144, 27 }, // U+0144
    { 0x0145, 12 }, // U+0145
    { 0x0146, 27 }, // U+0146
    { 0x0147, 12 }, // U+0147
    { 0x0148, 27 }, // U+0148
    { 0x014A, 12 }, // U+014A
    { 0x014B, 27 }, // U+014B
    { 0x014C, 13 }, // U+014C
    { 0x014D, 25 }, // U+014D
    { 0x014E, 13 }, // U+014E
    { 0x014F, 25 }, // U+014F
    { 0x0150, 13 }, // U+0150
    { 0x0151, 25 }, // U+0151
    { 0x0152, 13 }, // U+0152
    { 0x0153, 25 }, // U+0153
    { 0x0154, 12 }, // U+0154
    { 0x0155, 27 }, // U+0155
    { 0x0156, 12 }, // U+0156
    { 0x0157, 27 }, // U+0157
    { 0x0158, 12 }, // U+0158
    { 0x015A, 15 }, // U+015A
    { 0x015B, 28 }, // U+015B
    { 0x015C, 15 }, // U+015C
    { 0x015D, 28 }, // U+015D
    { 0x015E, 15 }, // U+015E
    { 0x015F, 28 }, // U+015F
    { 0x0160, 15 }, // U+0160
    { 0x0161, 28 }, // U+0161
    { 0x0162, 16 }, // U+0162
    { 0x0163, 29 }, // U+0163
    { 0x0164, 16 }, // U+0164
    { 0x0165, 29 }, // U+0165
    { 0x0166, 16 }, // U+0166
    { 0x0167, 29 }, // U+0167
    { 0x0168, 17 }, // U+0168
    { 0x0169, 30 }, // U+0169
    { 0x016A, 17 }, // U+016A
    { 0x016B, 30 }, // U+016B
    { 0x016C, 17 }, // U+016C
    { 0x016D, 30 }, // U+016D
    { 0x016E, 17 }, // U+016E
    { 0x016F, 30 }, // U+016F
    { 0x0170, 17 }, // U+0170
    { 0x0171, 30 }, // U+0171
    { 0x0172, 17 }, // U+0172
    { 0x0173, 30 }, // U+0173
    { 0x0174, 19 }, // U+0174
    { 0x0175, 32 }, // U+0175
    { 0x0176, 21 }, // U+0176
    { 0x0177, 34 }, // U+0177
    { 0x0178, 21 }, // U+0178
    { 0x0179, 22 }, // U+0179
    { 0x017A, 35 }, // U+017A
    { 0x017B, 22 }, // U+017B
    { 0x017C, 35 }, // U+017C
    { 0x017D, 22 }, // U+017D
    { 0x017E, 35 }, // U+017E
    { 0x01A0, 13 }, // U+01A0
    { 0x01A1, 25 }, // U+01A1
    { 0x01AF, 17 }, // U+01AF
    { 0x01B0, 30 }, // U+01B0
    { 0x01FA, 11 }, // U+01FA
    { 0x01FB, 23 }, // U+01FB
    { 0x01FC, 38 }, // U+01FC
    { 0x01FD, 23 }, // U+01FD
    { 0x01FE, 13 }, // U+01FE
    { 0x01FF, 25 }, // U+01FF
    { 0x0218, 15 }, // U+0218
    { 0x0219, 28 }, // U+0219
    { 0x021A, 16 }, // U+021A
    { 0x021B, 29 }, // U+021B
    { 0x0402, 41 }, // U+0402
    { 0x040B, 41 }, // U+040B
    { 0x040E, 42 }, // U+040E
    { 0x0416, 41 }, // U+0416
    { 0x0422, 41 }, // U+0422
    { 0x0423, 42 }, // U+0423
    { 0x0425, 41 }, // U+0425
    { 0x0427, 43 }, // U+0427
    { 0x042A, 41 }, // U+042A
    { 0x042F, 44 }, // U+042F
    { 0x0431, 45 }, // U+0431
    { 0x0436, 46 }, // U+0436
    { 0x0443, 47 }, // U+0443
    { 0x0445, 46 }, // U+0445
    { 0x0447, 48 }, // U+0447
    { 0x0451, 49 }, // U+0451
    { 0x0456, 50 }, // U+0456
    { 0x0457, 51 }, // U+0457
    { 0x045E, 47 }, // U+045E
    { 0x0460, 52 }, // U+0460
    { 0x0462, 16 }, // U+0462
    { 0x0466, 53 }, // U+0466
    { 0x046A, 54 }, // U+046A
    { 0x046E, 55 }, // U+046E
    { 0x0472, 52 }, // U+0472
    { 0x0473, 56 }, // U+0473
    { 0x0478, 52 }, // U+0478
    { 0x0479, 56 }, // U+0479
    { 0x047A, 52 }, // U+047A
    { 0x047B, 56 }, // U+047B
    { 0x047C, 52 }, // U+047C
    { 0x047D, 25 }, // U+047D
    { 0x047E, 52 }, // U+047E
    { 0x0480, 52 }, // U+0480
    { 0x0481, 56 }, // U+0481
    { 0x0496, 54 }, // U+0496
    { 0x0498, 55 }, // U+0498
    { 0x0499, 57 }, // U+0499
    { 0x04A0, 58 }, // U+04A0
    { 0x04A1, 59 }, // U+04A1
    { 0x04A8, 52 }, // U+04A8
    { 0x04A9, 56 }, // U+04A9
    { 0x04AA, 52 }, // U+04AA
    { 0x04AB, 56 }, // U+04AB
    { 0x04AC, 58 }, // U+04AC
    { 0x04AD, 59 }, // U+04AD
    { 0x04B2, 54 }, // U+04B2
    { 0x04B4, 58 }, // U+04B4
    { 0x04B5, 59 }, // U+04B5
    { 0x04B6, 60 }, // U+04B6
    { 0x04B7, 61 }, // U+04B7
    { 0x04B8, 43 }, // U+04B8
    { 0x04B9, 48 }, // U+04B9
    { 0x04C1, 41 }, // U+04C1
    { 0x04C2, 46 }, // U+04C2
    { 0x04CB, 60 }, // U+04CB
    { 0x04CC, 61 }, // U+04CC
    { 0x04D0, 53 }, // U+04D0
    { 0x04D2, 53 }, // U+04D2
    { 0x04D4, 38 }, // U+04D4
    { 0x04D5, 62 }, // U+04D5
    { 0x04D7, 56 }, // U+04D7
    { 0x04D8, 52 }, // U+04D8
    { 0x04D9, 62 }, // U+04D9
    { 0x04DA, 52 }, // U+04DA
    { 0x04DC, 41 }, // U+04DC
    { 0x04DD, 46 }, // U+04DD
    { 0x04E0, 55 }, // U+04E0
    { 0x04E1, 35 }, // U+04E1
    { 0x04E6, 52 }, // U+04E6
    { 0x04E7, 56 }, // U+04E7
    { 0x04E8, 52 }, // U+04E8
    { 0x04E9, 56 }, // U+04E9
    { 0x04EA, 52 }, // U+04EA
    { 0x04EB, 56 }, // U+04EB
    { 0x04EE, 42 }, // U+04EE
    { 0x04EF, 63 }, // U+04EF
    { 0x04F0, 42 }, // U+04F0
    { 0x04F1, 63 }, // U+04F1
    { 0x04F2, 42 }, // U+04F2
    { 0x04F3, 63 }, // U+04F3
    { 0x04F4, 43 }, // U+04F4
    { 0x04F5, 48 }, // U+04F5
    { 0x04FC, 54 }, // U+04FC
    { 0x04FE, 54 }, // U+04FE
    { 0x1EA0, 11 }, // U+1EA0
    { 0x1EA1, 23 }, // U+1EA1
    { 0x1EA2, 11 }, // U+1EA2
    { 0x1EA3, 23 }, // U+1EA3
    { 0x1EA4, 11 }, // U+1EA4
    { 0x1EA5, 23 }, // U+1EA5
    { 0x1EA6, 11 }, // U+1EA6
    { 0x1EA7, 23 }, // U+1EA7
    { 0x1EA8, 11 }, // U+1EA8
    { 0x1EA9, 23 }, // U+1EA9
    { 0x1EAA, 11 }, // U+1EAA
    { 0x1EAB, 23 }, // U+1EAB
    { 0x1EAC, 11 }, // U+1EAC
    { 0x1EAD, 23 }, // U+1EAD
    { 0x1EAE, 11 }, // U+1EAE
    { 0x1EAF, 23 }, // U+1EAF
    { 0x1EB0, 11 }, // U+1EB0
    { 0x1EB1, 23 }, // U+1EB1
    { 0x1EB2, 11 }, // U+1EB2
    { 0x1EB3, 23 }, // U+1EB3
    { 0x1EB4, 11 }, // U+1EB4
    { 0x1EB5, 23 }, // U+1EB5
    { 0x1EB6, 11 }, // U+1EB6
    { 0x1EB7, 23 }, // U+1EB7
    { 0x1EB8, 12 }, // U+1EB8
    { 0x1EB9, 25 }, // U+1EB9
    { 0x1EBA, 12 }, // U+1EBA
    { 0x1EBB, 25 }, // U+1EBB
    { 0x1EBC, 12 }, // U+1EBC
    { 0x1EBD, 25 }, // U+1EBD
    { 0x1EBE, 12 }, // U+1EBE
    { 0x1EBF, 25 }, // U+1EBF
    { 0x1EC0, 12 }, // U+1EC0
    { 0x1EC1, 25 }, // U+1EC1
    { 0x1EC2, 12 }, // U+1EC2
    { 0x1EC3, 25 }, // U+1EC3
    { 0x1EC4, 12 }, // U+1EC4
    { 0x1EC5, 25 }, // U+1EC5
    { 0x1EC6, 12 }, // U+1EC6
    { 0x1EC7, 25 }, // U+1EC7
    { 0x1EC9, 27 }, // U+1EC9
    { 0x1ECB, 27 }, // U+1ECB
    { 0x1ECC, 13 }, // U+1ECC
    { 0x1ECD, 25 }, // U+1ECD
    { 0x1ECE, 13 }, // U+1ECE
    { 0x1ECF, 25 }, // U+1ECF
    { 0x1ED0, 13 }, // U+1ED0
    { 0x1ED1, 25 }, // U+1ED1
    { 0x1ED2, 13 }, // U+1ED2
    { 0x1ED3, 25 }, // U+1ED3
    { 0x1ED4, 13 }, // U+1ED4
    { 0x1ED5, 25 }, // U+1ED5
    { 0x1ED6, 13 }, // U+1ED6
    { 0x1ED7, 25 }, // U+1ED7
    { 0x1ED8, 13 }, // U+1ED8
    { 0x1ED9, 25 }, // U+1ED9
    { 0x1EDA, 13 }, // U+1EDA
    { 0x1EDB, 25 }, // U+1EDB
    { 0x1EDC, 13 }, // U+1EDC
    { 0x1EDD, 25 }, // U+1EDD
    { 0x1EDE, 13 }, // U+1EDE
    { 0x1EDF, 25 }, // U+1EDF
    { 0x1EE0, 13 }, // U+1EE0
    { 0x1EE1, 25 }, // U+1EE1
    { 0x1EE2, 13 }, // U+1EE2
    { 0x1EE3, 25 }, // U+1EE3
    { 0x1EE4, 17 }, // U+1EE4
    { 0x1EE5, 30 }, // U+1EE5
    { 0x1EE6, 17 }, // U+1EE6
    { 0x1EE7, 30 }, // U+1EE7
    { 0x1EE8, 17 }, // U+1EE8
    { 0x1EE9, 30 }, // U+1EE9
    { 0x1EEA, 17 }, // U+1EEA
    { 0x1EEB, 30 }, // U+1EEB
    { 0x1EEC, 17 }, // U+1EEC
    { 0x1EED, 30 }, // U+1EED
    { 0x1EEE, 17 }, // U+1EEE
    { 0x1EEF, 30 }, // U+1EEF
    { 0x1EF0, 17 }, // U+1EF0
    { 0x1EF1, 30 }, // U+1EF1
    { 0x1EF2, 21 }, // U+1EF2
    { 0x1EF3, 34 }, // U+1EF3
    { 0x1EF4, 21 }, // U+1EF4
    { 0x1EF5, 34 }, // U+1EF5
    { 0x1EF6, 21 }, // U+1EF6
    { 0x1EF7, 34 }, // U+1EF7
    { 0x1EF8, 21 }, // U+1EF8
    { 0x1EF9, 34 }, // U+1EF9
    { 0x2018, 64 }, // U+2018
    { 0x2019, 5 }, // U+2019
    { 0x201A, 7 }, // U+201A
    { 0x201C, 64 }, // U+201C
    { 0x201D, 5 }, // U+201D
    { 0x201E, 7 }, // U+201E
    { 0x2026, 7 }, // U+2026
    { 0x2039, 36 }, // U+2039
    { 0x203A, 36 }, // U+203A
    { 0x207E, 65 }, // U+207E
    { 0x208E, 66 }, // U+208E
};

static const int8_t notoserif_16_boldKernMatrix[] = {
       0,    0,    0,    0,    0,    0,    0,    0,    0,    0,  -43,    0,    0,    0,    0,    0,    0,    0,    0,    0,    0,    0,    0,    0,  -11,  -32,    0,    0,    0,    0,    0,    0,    0,    0,    0,    0,    0,  -64,    0,    0,    0,    0,    0,    0,    0,    0,    0,    0,    0,    0,    0,    0,  -43,    0,    0,    0,    0,    0,    0,    0,    0,    0,    0,    0,    0,    0,
       0,    0,    0,    0,    0,    0,    0,    0,  -16,    0,    0,    0,    0,    0,    0,  -16,    0,  -21,  -21,    0,  -16,    0,    0,    0,    0,    0,    0,    0,    0,    0,    0,    0,    0,    0,    0,    0,    0,    0,    0,    0,    0,    0,    0,    0,    0,    0,    0,    0,    0,    0,    0,    0,    0,    0,    0,    0,    0,    0,    0,    0,    0,    0,    0,    0,    0,    0,
       0,    0,   -5,    0,    0,  -64,  -64,    0,    0,    0,  -27,    0,    0,    0,    0,    0,    0,    0,    0,    0,    0,    0,    0,    0,    0,    0,    0,    0,    0,    0,    0,    0,    0,    0,    0,    0,    0,  -43,    0,    0,    0,    0,    0,    0,    0,    0,    0,    0,    0,    0,    0,    0,  -27,    0,    0,    0,    0,    0,    0,    0,    0,    0,    0,    0,    0,    0,
       0,    0,    0,    0,    0,    0,    0,    0,  -48,    0,    0,    0,  -11,    0,    0,  -48,  -11,  -59,  -48,    0,  -43,    0,    0,    0,    0,    0,    0,    0,    0,    0,  -37,  -32,    0,  -27,    0,    0,    0,    0,    0,    0,    0,    0,    0,    0,    0,    0,    0,    0,    0,    0,    0,  -11,    0,    0,    0,    0,    0,  -48,  -37,  -43,  -27,    0,  -27,    0,    0,    0,
       0,    0,    0,    0,    0,    0,    0,    0,    0,    0,  -16,    0,    0,    0,    0,    0,    0,    0,    0,    0,   -5,    0,    0,    0,    0,    0,    0,    0,    0,    0,    0,    0,    0,    0,    0,    0,    0,    0,    0,    0,    0,    0,    0,    0,    0,    0,    0,    0,    0,    0,    0,    0,    0,    0,    0,    0,    0,    0,    0,    0,    0,    0,    0,    0,    0,    0,
       0,  -43,    0,    0,  -37,    0,    0,    0,  -32,    0,    0,    0,  -11,    0,    0,  -32,  -11,  -43,  -37,    0,  -37,    0,    0,    0,  -11,  -11,    0,    0,    0,  -11,  -32,  -16,    0,  -27,    0,    0,    0,    0,    0,    0,    0,    0,    0,    0,    0,    0,    0,    0,    0,    0,    0,    0,    0,    0,    0,    0,    0,    0,    0,    0,    0,    0,    0,  -37,    0,    0,
       0,    0,    0,    0,  -11,    0,    0,    0,  -11,    0,  -11,    0,    0,    0,    0,  -11,    0,  -21,  -16,  -11,  -21,  -11,    0,    0,    0,    0,    0,    0,    0,    0,    0,   -5,    0,  -11,    0,    0,    0,  -16,    0,    0,    0,    0,    0,    0,    0,    0,    0,    0,    0,    0,    0,    0,  -11,    0,    0,    0,    0,  -11,    0,    0,    0,    0,    0,    0,    0,    0,
       0,    0,    0,    0,    0,  -11,  -11,    0,  -11,    0,  -11,    0,    0,    0,    0,  -11,    0,  -11,  -11,  -11,  -16,    0,    0,    0,    0,    0,    0,    0,    0,    0,    0,    0,    0,    0,    0,    0,    0,  -27,    0,    0,    0,    0,    0,    0,    0,    0,    0,    0,    0,    0,    0,    0,  -11,  -11,    0,    0,    0,  -11,    0,    0,    0,    0,    0,    0,    0,    0,
       0,    0,    0,    0,    0,    0,    0,    0,    0,    0,    0,    0,    0,    0,    0,    0,    0,  -11,  -11,    0,  -11,    0,    0,    0,    0,    0,    0,    0,    0,    0,    0,    0,    0,    0,    0,    0,    0,    0,    0,    0,    0,    0,    0,    0,    0,    0,    0,    0,    0,    0,    0,    0,    0,    0,    0,    0,    0,    0,    0,    0,    0,    0,    0,    0,    0,    0,
       0,    0,  -11,    0,    0,  -64,  -64,    0,    0,  -21,  -37,    0,    0,    0,    0,    0,    0,    0,    0,    0,    0,    0,  -21,    0,  -21,  -21,    0,    0,    0,    0,    0,    0,    0,    0,    0,    0,    0,  -59,    0,    0,    0,    0,    0,    0,    0,    0,    0,    0,    0,    0,    0,    0,    0,    0,    0,    0,    0,    0,    0,    0,    0,    0,    0,    0,    0,    0,
       0,    0,    0,    0,    0,    0,    0,    0,  -11,    0,    0,    0,    0,    0,    0,  -11,    0,  -11,  -11,    0,  -11,    0,    0,    0,    0,    0,    0,    0,    0,    0,    0,    0,    0,    0,    0,    0,    0,  -11,    0,    0,    0,    0,    0,    0,    0,    0,    0,    0,    0,    0,    0,    0,    0,    0,    0,    0,    0,    0,    0,    0,    0,    0,    0,    0,    0,    0,
       0,    0,    0,    0,    0,    0,    0,    0,    0,    0,    0,    0,  -11,    0,    0,    0,    0,    0,    0,    0,    0,    0,    0,    0,  -11,  -11,    0,    0,    0,  -11,    0,  -16,    0,  -16,    0,    0,    0,    0,    0,    0,    0,    0,    0,    0,    0,    0,    0,    0,    0,    0,    0,    0,    0,    0,    0,    0,    0,    0,    0,    0,    0,    0,    0,    0,    0,    0,
       0,  -32,    0,    0,  -43,    0,    0,    0,  -37,    0,    0,    0,    0,    0,    0,  -37,    0,  -27,  -27,    0,  -32,    0,    0,    0,    0,    0,    0,    0,    0,    0,  -11,   -5,    0,  -16,    0,    0,  -11,    0,    0,    0,    0,    0,    0,    0,    0,    0,    0,    0,    0,    0,    0,    0,    0,    0,    0,    0,    0,    0,    0,    0,    0,    0,    0,  -43,    0,    0,
       0,    0,    0,    0,    0,    0,    0,    0,    0,    0,    0,    0,    0,    0,    0,    0,    0,    0,    0,    0,    0,    0,    0,    0,    0,    0,    0,    0,    0,    0,    0,    0,    0,    0,    0,   -5,    0,    0,    0,    0,    0,    0,    0,    0,    0,    0,    0,    0,    0,    0,    0,    0,    0,    0,    0,    0,    0,    0,    0,    0,    0,    0,    0,    0,    0,    0,
       0,    0,    0,    0,  -11,    0,    0,    0,  -11,    0,    0,    0,  -11,    0,    0,  -11,   -5,  -16,  -16,    0,  -16,    0,    0,    0,    0,    0,    0,    0,    0,    0,   -5,   -5,    0,  -11,    0,    0,    0,    0,    0,    0,    0,    0,    0,    0,    0,    0,    0,    0,    0,    0,    0,    0,    0,    0,    0,    0,    0,    0,    0,    0,    0,    0,    0,    0,    0,    0,
       0,    0,    0,    0,    0,    0,    0,    0,  -11,    0,  -11,    0,    0,    0,    0,  -11,    0,  -11,  -11,  -11,  -11,    0,    0,    0,    0,    0,    0,    0,    0,    0,    0,   -5,    0,  -11,    0,    0,    0,  -11,    0,    0,    0,    0,    0,    0,    0,    0,    0,    0,    0,    0,    0,    0,  -11,    0,    0,    0,    0,  -11,    0,    0,    0,    0,    0,    0,    0,    0,
       0,    0,   -5,    0,    0,  -48,  -48,    0,    0,  -16,  -32,    0,  -11,    0,    0,    0,    0,    0,    0,    0,    0,    0,  -16,    0,  -20,  -20,    0,   -3,    0,    0,    0,    0,    0,    0,    0,    0,    0,  -43,    0,    0,    0,    0,    0,    0,    0,    0,    0,    0,    0,    0,    0,    0,    0,    0,    0,    0,    0,    0,    0,    0,    0,    0,    0,    0,    0,    0,
       0,    0,    0,    0,    0,  -11,  -11,    0,    0,   -5,  -11,    0,    0,    0,    0,    0,    0,    0,    0,    0,    0,    0,    0,    0,    0,    0,    0,    0,    0,    0,    0,    0,    0,    0,    0,    0,    0,  -21,    0,    0,    0,    0,    0,    0,    0,    0,    0,    0,    0,    0,    0,    0,    0,    0,    0,    0,    0,    0,    0,    0,    0,    0,    0,    0,    0,    0,
       0,    0,  -16,    0,    0,  -59,  -59,    0,    0,  -27,  -43,    0,  -11,    0,    0,    0,    0,    0,    0,    0,    0,    0,  -32,    0,  -32,  -32,    0,  -21,    0,    0,    0,    0,    0,    0,    0,    0,    0,  -69,    0,    0,    0,    0,    0,    0,    0,    0,    0,    0,    0,    0,    0,    0,  -43,    0,    0,    0,    0,    0,    0,    0,    0,    0,    0,    0,    0,    0,
       0,    0,    0,    0,    0,  -48,  -48,    0,    0,  -27,  -37,    0,  -11,    0,    0,    0,    0,    0,    0,    0,    0,    0,  -34,    0,  -32,  -32,    0,  -27,    0,    0,    0,    0,    0,    0,  -16,    0,    0,  -69,    0,    0,    0,    0,    0,    0,    0,    0,    0,    0,    0,    0,    0,    0,    0,    0,    0,    0,    0,    0,    0,    0,    0,    0,    0,    0,    0,    0,
       0,    0,    0,    0,    0,    0,    0,    0,    0,    0,    0,    0,  -11,    0,   -5,    0,    0,    0,    0,    0,    0,    0,    0,    0,    0,    0,    0,    0,    0,    0,    0,  -16,    0,  -27,    0,    0,    0,    0,    0,    0,    0,    0,    0,    0,    0,    0,    0,    0,    0,    0,    0,    0,    0,    0,    0,    0,    0,    0,    0,    0,    0,    0,    0,    0,    0,    0,
       0,    0,   -5,    0,    0,  -43,  -43,    0,    0,  -21,  -37,    0,  -16,    0,  -11,    0,    0,    0,    0,    0,    0,    0,  -32,    0,  -37,  -37,    0,  -32,    0,    0,    0,    0,    0,    0,  -11,    0,    0,  -48,    0,    0,    0,    0,    0,    0,    0,    0,    0,    0,    0,    0,    0,    0,  -37,    0,    0,    0,    0,    0,    0,    0,    0,    0,    0,    0,    0,    0,
       0,  -21,    0,    0,    0,    0,    0,    0,    0,    0,    0,    0,    0,    0,    0,    0,    0,    0,    0,    0,    0,    0,    0,    0,    0,    0,    0,    0,    0,    0,    0,    0,    0,  -11,    0,    0,    0,    0,    0,    0,    0,    0,    0,    0,    0,    0,    0,    0,    0,    0,    0,    0,    0,    0,    0,    0,    0,    0,    0,  -16,  -11,    0,  -11,    0,    0,    0,
       0,    0,    0,    0,    0,    0,    0,    0,    0,    0,    0,    0,    0,    0,    0,    0,    0,  -32,  -32,    0,  -37,    0,    0,    0,    0,    0,    0,    0,    0,    0,    0,    0,    0,  -11,    0,    0,    0,    0,    0,    0,    0,    0,    0,    0,    0,    0,    0,    0,    0,    0,    0,    0,    0,    0,    0,    0,    0,    0,    0,  -16,    0,    0,  -11,    0,    0,    0,
       0,    0,    0,    0,    0,    0,    0,    0,    0,    0,    0,    0,    0,    0,    0,    0,    0,  -32,  -32,    0,  -32,    0,    0,    0,    0,    0,    0,    0,    0,    0,    0,    0,    0,    0,    0,    0,    0,    0,    0,    0,    0,    0,    0,    0,    0,    0,    0,    0,    0,    0,    0,    0,    0,    0,    0,    0,    0,    0,    0,    0,    0,    0,    0,    0,    0,    0,
       0,   43,    0,   48,   43,    0,    0,    0,    0,    0,    0,    0,    0,    0,    0,    0,    0,    0,    0,    0,    0,    0,    0,    0,    0,    0,    0,    0,    0,    0,    0,    0,    0,    0,    0,    0,    0,    0,   21,   21,    0,    0,    0,    0,    0,    0,    0,    0,    0,    0,    0,    0,    0,    0,    0,    0,    0,    0,    0,    0,    0,    0,    0,    0,    0,    0,
       0,    0,    0,    0,    0,    0,    0,    0,    0,    0,    0,    0,    0,    0,    0,    0,    0,    0,  -11,    0,    0,    0,    0,    0,    0,    0,    0,    0,    0,    0,    0,    0,    0,    0,    0,    0,    0,    0,    0,    0,    0,    0,    0,    0,    0,    0,    0,    0,    0,    0,    0,    0,    0,    0,    0,    0,    0,    0,    0,    0,    0,    0,    0,    0,    0,    0,
       0,    0,    0,    0,    0,    0,    0,    0,    0,    0,    0,    0,    0,    0,    0,    0,    0,    0,    0,    0,    0,    0,    0,    0,  -11,  -11,    0,    0,    0,    0,    0,    0,    0,    0,    0,    0,    0,    0,    0,    0,    0,    0,    0,    0,    0,    0,    0,    0,    0,    0,    0,    0,    0,    0,    0,    0,    0,    0,    0,    0,    0,    0,    0,    0,    0,    0,
       0,    0,    0,    0,   16,  -76,  -76,    0,    0,    0,    0,    0,    0,    0,    0,    0,    0,    0,    0,    0,    0,    0,  -11,    0,    0,    0,    0,    0,    0,    0,    0,    0,    0,    0,    0,    0,    0,    0,    0,    0,    0,    0,    0,    0,    0,    0,    0,    0,    0,    0,    0,    0,    0,    0,    0,    0,    0,    0,    0,    0,    0,    0,    0,    0,    0,    0,
       0,    0,    0,    0,    0,    0,    0,    0,    0,    0,    0,    0,    0,    0,    0,    0,    0,    0,    0,    0,  -32,    0,    0,    0,    0,    0,    0,    0,    0,    0,    0,    0,    0,    0,    0,    0,    0,    0,    0,    0,    0,    0,    0,    0,    0,    0,    0,    0,    0,    0,    0,    0,    0,    0,    0,    0,    0,    0,    0,  -11,    0,    0,    0,    0,    0,    0,
       0,    0,    0,    0,    0,  -27,  -37,    0,    0,    0,  -32,    0,    0,    0,    0,    0,    0,    0,    0,    0,    0,    0,    0,    0,    0,    0,    0,    0,    0,    0,    0,    0,    0,    0,    0,    0,    0,    0,    0,    0,    0,    0,    0,    0,    0,    0,    0,    0,    0,    0,    0,    0,    0,    0,    0,    0,    0,    0,    0,    0,    0,    0,    0,    0,    0,    0,
       0,    0,    0,    0,    0,  -37,  -37,    0,    0,    0,  -16,    0,    0,    0,    0,    0,    0,    0,    0,    0,    0,    0,    0,    0,    0,    0,    0,    0,    0,    0,    0,    0,    0,    0,    0,    0,    0,    0,    0,    0,    0,    0,    0,    0,    0,    0,    0,    0,    0,    0,    0,    0,    0,    0,    0,    0,    0,    0,    0,    0,    0,    0,    0,    0,    0,    0,
       0,    0,    0,    0,    0,  -48,  -48,    0,    0,    0,  -27,    0,    0,    0,    0,    0,    0,    0,    0,    0,    0,    0,    0,    0,    0,    0,    0,    0,    0,    0,    0,    0,    0,    0,    0,    0,    0,    0,    0,    0,    0,    0,    0,    0,    0,    0,    0,    0,    0,    0,    0,    0,    0,    0,    0,    0,    0,    0,    0,    0,    0,    0,    0,    0,    0,    0,
       0,    0,    0,    0,    0,    0,    0,    0,    0,    0,    0,    0,    0,    0,    0,    0,    0,  -16,  -11,    0,  -16,    0,    0,    0,    0,    0,    0,    0,    0,    0,    0,    0,    0,    0,    0,    0,    0,    0,    0,    0,    0,    0,    0,    0,    0,    0,    0,    0,    0,    0,    0,    0,    0,    0,    0,    0,    0,    0,    0,    0,    0,    0,    0,    0,    0,    0,
       0,    0,    0,    0,    0,    0,    0,    0,  -11,    0,    0,    0,    0,    0,    0,  -11,    0,  -27,  -27,    0,  -27,    0,    0,    0,    0,    0,    0,    0,    0,    0,    0,    0,    0,    0,    0,    0,    0,    0,    0,    0,    0,    0,    0,    0,    0,    0,    0,    0,    0,    0,    0,    0,    0,    0,    0,    0,    0,    0,    0,    0,    0,    0,    0,    0,    0,    0,
       0,  -43,    0,    0,  -37,    0,    0,    0,  -32,    0,    0,    0,  -11,    0,    0,  -32,  -11,  -43,  -37,    0,  -37,    0,    0,    0,  -11,  -11,    0,    0,    0,  -11,  -27,  -16,    0,  -27,    0,    0,    0,    0,    0,    0,    0,    0,    0,    0,    0,    0,    0,    0,    0,    0,    0,    0,    0,    0,    0,    0,    0,    0,    0,    0,    0,    0,    0,  -37,    0,    0,
      33,   42,    0,   67,   21,    0,    0,    0,   69,    0,    0,   27,    0,   32,    0,   27,   37,   43,   37,   37,   53,   21,    0,   48,    0,    0,    0,    0,    0,    0,    0,    0,    0,    0,    0,    0,    0,    0,    0,    0,    0,    0,    0,    0,    0,    0,    0,    0,    0,    0,    0,    0,    0,    0,    0,    0,    0,    0,    0,    0,    0,    0,    0,   14,    0,    0,
       0,    0,    0,    0,    0,    0,    0,    0,    0,    0,    0,    0,    0,    0,    0,    0,    0,    0,    0,    0,    0,    0,    0,    0,    0,    0,    0,    0,    0,    0,    0,    0,    0,    0,    0,    0,    0,    0,    0,   32,    0,    0,    0,    0,    0,    0,    0,    0,    0,    0,    0,    0,    0,    0,    0,    0,    0,    0,    0,    0,    0,    0,    0,    0,    0,    0,
      12,   23,    0,   45,    0,    0,    0,    0,   20,    0,    0,    0,    0,    0,    0,    0,    0,    0,    0,    0,    0,    0,    0,   22,    0,    0,    0,    0,    0,    0,    0,    0,    0,    0,    0,    0,    0,    0,    0,    0,    0,    0,    0,    0,    0,    0,    0,    0,    0,    0,    0,    0,    0,    0,    0,    0,    0,    0,    0,    0,    0,    0,    0,    3,    0,    0,
       0,    0,    0,    0,    0,  -11,  -11,   -5,   11,    0,  -21,    0,    0,    0,    0,   11,    0,   11,   11,    0,   11,    0,  -11,    0,  -11,  -11,   -5,  -11,   -5,    0,  -11,  -11,  -11,  -11,    0,    0,    0,    0,    0,    0,    0,    0,    0,    0,    0,    0,    0,    0,    0,    0,    0,    0,    0,    0,    0,    0,    0,    0,    0,    0,    0,    0,    0,    0,    0,    0,
       0,    0,    0,    0,   11,  -11,  -11,    0,    0,    0,    0,    0,    0,    0,    0,    0,    0,    0,    0,    0,    0,    0,    0,    0,    0,    0,   11,    0,   16,   11,   16,   16,    0,   16,    0,    0,    0,    0,    0,    0,    0,    0,    0,    0,    0,    0,    0,    0,    0,    0,    0,    0,    0,    0,    0,    0,    0,    0,    0,    0,    0,    0,    0,    0,    0,    0,
       0,    0,    0,    0,    0,  -11,  -11,   -5,    0,    0,  -32,    0,  -11,    0,    0,    0,    0,    0,    0,    0,    0,    0,  -27,    0,  -27,  -27,  -16,  -32,   -5,  -16,  -11,  -11,    0,  -11,  -16,    0,    0,    0,    0,    0,    0,    0,    0,    0,    0,    0,    0,    0,    0,    0,    0,    0,    0,    0,    0,    0,    0,    0,    0,    0,    0,    0,    0,    0,    0,    0,
       0,    0,    0,    0,   11,   -5,   -5,    0,    0,    0,    0,    0,    0,    0,    0,    0,    0,    0,    0,    0,    0,    0,    0,    0,    0,    0,   11,    0,   16,    0,   16,    0,    0,    0,    0,    0,    0,    0,    0,    0,    0,    0,    0,    0,    0,    0,    0,    0,    0,    0,    0,    0,    0,    0,    0,    0,    0,    0,    0,    0,    0,    0,    0,    0,    0,    0,
       0,  -30,    0,    0,    0,    0,    0,    0,   -2,    0,    0,    0,    0,    0,    0,   -2,    0,    0,    0,    0,    0,    0,    0,    0,    0,    0,    0,    0,    0,    0,    0,    0,    0,    0,    0,    0,    0,    0,    0,    0,    0,  -28,  -21,    0,    0,   -5,  -21,  -16,    0,    0,    0,    0,    0,    0,    0,    0,    0,  -16,    0,    0,    0,    0,    0,  -11,    0,    0,
       0,    0,    0,    0,    0,    0,    0,    0,    0,    0,    0,    0,    0,    0,    0,    0,    0,    0,    0,    0,    0,    0,    0,    0,    0,    0,    0,    0,    0,    0,    0,    0,    0,    0,    0,    0,    0,    0,    0,    0,    0,    0,    0,    0,    0,    0,    0,    0,    0,    0,    0,    0,    0,    0,    0,    0,    0,  -16,    0,    0,    0,    0,    0,    0,    0,    0,
       0,    0,    0,    0,    0,    0,    0,    0,    0,    0,    0,    0,    0,    0,    0,    0,    0,    0,    0,    0,    0,    0,    0,    0,    0,    0,    0,    0,    0,    0,    0,    0,    0,    0,    0,    0,    0,    0,    0,    0,    0,    0,    0,    0,    0,    0,    0,    0,  -29,  -10,    1,    0,    0,    0,    0,    0,    0,    0,    0,    0,    0,    0,    0,    0,    0,    0,
       0,    0,    0,    0,    0,    0,    0,    0,   -9,    0,    0,    0,    0,    0,    0,   -9,    0,    0,    0,    0,    0,    0,    0,    0,    0,    0,    0,    0,    0,    0,    0,    0,    0,    0,    0,    0,    0,    0,    0,    0,  -11,   -5,    0,    0,    0,    0,    0,    0,    0,    0,    0,    0,    0,    0,    0,    0,    0,  -16,    0,  -16,   -5,    0,    0,    0,    0,    0,
       0,    0,    0,    0,    0,    0,    0,    0,    0,    0,    0,    0,    0,    0,    0,    0,    0,    0,    0,    0,    0,    0,    0,    0,    0,    0,    0,    0,    0,    0,    0,    0,    0,    0,    0,    0,    0,    0,    0,    0,    0,    0,    0,    0,    0,    0,    0,    0,    0,    0,    0,    0,    0,    0,    0,    0,    0,  -16,    0,  -16,   -5,    0,    0,    0,    0,    0,
       0,    0,    0,    0,    0,    0,    0,    0,    0,    0,    0,    0,    0,    0,    0,    0,    0,    0,    0,    0,    0,    0,    0,    0,    0,    0,    0,    0,    0,    0,    0,    0,    0,    0,    0,    0,    0,    0,    0,    0,    0,    0,  -16,    0,    0,    0,    0,    0,    0,    0,    0,    0,    0,    0,    0,    0,    0,  -16,    0,  -16,   -5,    0,    0,    0,    0,    0,
       0,    0,    0,    0,    0,    0,    0,    0,    0,    0,    0,    0,    0,    0,    0,    0,    0,    0,    0,    0,    0,    0,    0,    0,    0,    0,    0,    0,    0,    0,    0,    0,    0,    0,    0,    0,    0,    0,    0,    0,    0,    0,   -5,    0,    0,    0,    0,    0,    0,    0,    0,    0,    0,    0,    0,    0,    0,    0,    0,    0,    0,    0,    0,   -2,    0,    0,
       0,    0,    0,    0,    0,  -11,  -11,    0,    0,    0,    0,    0,    0,    0,    0,    0,    0,    0,    0,    0,    0,    0,    0,    0,    0,    0,    0,    0,    0,    0,    0,    0,    0,    0,    0,    0,    0,  -27,    0,    0,    0,    0,    0,    0,    0,    0,    0,    0,    0,    0,    0,    0,  -11,  -11,    0,    0,    0,  -11,    0,  -11,    0,    0,    0,    0,    0,    0,
       0,  -16,    0,    0,  -27,    0,    0,    0,    0,    0,    0,    0,    0,    0,    0,    0,    0,    0,    0,    0,    0,    0,    0,    0,    0,    0,    0,    0,    0,    0,    0,    0,    0,    0,    0,    0,    0,    0,    0,    0,    0,    0,    0,    0,    0,    0,    0,    0,    0,    0,    0,    0,    0,    0,    0,    0,    0,  -16,    0,  -16,  -11,    0,    0,  -16,    0,    0,
       0,    0,    0,    0,    0,    0,    0,    0,    0,    0,    0,    0,    0,    0,    0,    0,    0,    0,    0,    0,    0,    0,    0,    0,    0,    0,    0,    0,    0,    0,    0,    0,    0,    0,    0,    0,    0,    0,    0,    0,    0,    0,    0,    0,    0,    0,    0,    0,    0,    0,    0,    0,    0,    0,    0,    0,    0,    0,    0,  -16,    0,    0,    0,    0,    0,    0,
       0,  -43,    0,    0,  -37,    0,    0,    0,  -32,    0,    0,    0,  -11,    0,    0,  -32,    0,  -43,    0,    0,  -37,    0,    0,    0,  -11,  -11,    0,    0,    0,  -11,    0,  -16,    0,  -27,    0,    0,    0,    0,    0,    0,    0,    0,    0,    0,    0,    0,    0,    0,    0,    0,    0,  -11,    0,    0,    0,    0,    0,  -32,  -21,  -48,  -21,    0,    0,  -37,    0,    0,
       0,    0,    0,    0,    0,    0,    0,    0,    0,    0,    0,    0,  -11,    0,    0,    0,    0,    0,    0,    0,    0,    0,    0,    0,  -11,  -11,    0,    0,    0,  -11,    0,  -16,    0,  -16,    0,    0,    0,    0,    0,    0,    0,    0,    0,    0,  -11,    0,    0,    0,    0,    0,    0,  -11,    0,    0,  -11,  -11,    0,    0,  -16,  -11,  -11,    0,  -11,    0,    0,    0,
       0,    0,    0,    0,    0,  -11,  -11,    0,    0,    0,    0,    0,    0,    0,    0,    0,    0,    0,    0,    0,    0,    0,    0,    0,    0,    0,    0,    0,    0,    0,    0,   -5,    0,  -11,    0,    0,    0,  -16,    0,    0,    0,    0,    0,    0,    0,    0,    0,    0,    0,    0,    0,    0,  -11,  -11,    0,    0,    0,    0,  -11,  -21,    0,    0,    0,    0,    0,    0,
       0,    0,    0,    0,    0,  -53,  -53,    0,    0,    0,    0,    0,  -11,    0,    0,    0,    0,    0,    0,    0,    0,    0,  -32,    0,  -32,  -32,    0,  -21,    0,    0,    0,    0,    0,    0,    0,    0,    0,  -69,    0,    0,    0,    0,    0,    0,    0,    0,    0,    0,    0,    0,    0,  -11,  -53,    0,  -11,  -21,  -16,    0,    0,    0,    0,  -21,    0,    0,    0,    0,
       0,    0,    0,    0,    0,  -48,  -48,    0,    0,    0,    0,    0,    0,    0,    0,    0,    0,    0,    0,    0,    0,    0,    0,    0,    0,    0,    0,    0,    0,    0,    0,    0,    0,    0,    0,    0,    0,    0,    0,    0,    0,    0,    0,    0,    0,    0,    0,    0,    0,    0,    0,    0,    0,    0,    0,    0,    0,    0,    0,    0,    0,    0,    0,    0,    0,    0,
       0,    0,    0,    0,    0,  -64,  -64,    0,    0,    0,    0,    0,    0,    0,    0,    0,    0,    0,    0,    0,    0,    0,    0,    0,    0,    0,    0,    0,    0,    0,    0,    0,    0,    0,    0,    0,    0,  -43,    0,    0,    0,    0,    0,    0,    0,    0,    0,    0,    0,    0,    0,    0,  -27,    0,    0,    0,    0,    0,    0,    0,    0,    0,    0,    0,    0,    0,
       0,    0,    0,    0,    0,  -48,  -48,    0,    0,    0,    0,    0,  -11,    0,    0,    0,    0,    0,    0,    0,    0,    0,  -16,    0,  -16,  -16,    0,   -5,    0,    0,    0,    0,    0,    0,    0,    0,    0,  -43,    0,    0,    0,    0,    0,  -11,    0,    0,    0,    0,    0,    0,    0,  -11,  -32,    0,    0,  -16,  -16,    0,    0,    0,    0,  -16,    0,    0,    0,    0,
       0,    0,    0,    0,   16,  -37,  -37,    0,    0,    0,    0,    0,    0,    0,    0,    0,    0,    0,    0,    0,    0,    0,    0,    0,    0,    0,    0,    0,    0,    0,    0,    0,    0,    0,    0,    0,    0,    0,    0,    0,    0,    0,    0,    0,    0,    0,    0,    0,    0,    0,    0,    0,  -16,    0,    0,    0,    0,    0,    0,    0,    0,    0,    0,    0,    0,    0,
       0,  -32,    0,    0,  -37,    0,    0,    0,  -37,    0,    0,    0,    0,    0,    0,  -37,    0,    0,    0,    0,    0,    0,    0,    0,    0,    0,    0,    0,    0,    0,    0,    0,    0,    0,    0,    0,    0,    0,    0,    0,    0,    0,    0,    0,    0,    0,    0,    0,    0,    0,    0,    0,    0,    0,    0,    0,    0,  -37,    0,  -37,    0,    0,  -16,    0,    0,    0,
       0,    0,    0,    0,    0,    0,    0,    0,    0,    0,    0,    0,    0,    0,    0,    0,    0,    0,    0,    0,    0,    0,    0,    0,  -11,  -11,    0,    0,    0,    0,    0,    0,    0,    0,    0,    0,    0,    0,    0,    0,    0,    0,    0,    0,    0,    0,    0,    0,    0,    0,    0,    0,    0,    0,    0,  -11,    0,    0,    0,    0,    0,  -11,    0,    0,    0,    0,
       0,    0,    0,   11,    0,    0,    0,    0,    0,    0,    0,    0,    0,    0,    0,    0,    0,    0,    0,    0,    0,    0,    0,    0,    0,    0,    0,    0,    0,    0,    0,    0,    0,    0,    0,    0,    0,    0,    0,    0,    0,    0,    0,    0,    0,    0,    0,    0,    0,    0,    0,    0,    0,    0,    0,    0,    0,    0,    0,    0,    0,    0,    0,    0,    0,    0,
       0,    0,    0,    0,    0,    0,    0,    0,    0,    0,    0,    0,  -11,    0,    0,    0,    0,    0,    0,    0,    0,    0,    0,    0,  -11,  -11,    0,    0,    0,  -11,    0,  -16,    0,  -27,    0,    0,    0,    0,    0,    0,    0,    0,    0,    0,    0,    0,    0,    0,    0,    0,    0,  -11,    0,    0,  -11,    0,    0,    0,  -21,  -11,    0,    0,  -16,    0,    0,    0,
       0,    0,    0,    0,    0,    0,    0,    0,    0,    0,    0,    0,    0,    0,    0,    0,    0,    0,    0,    0,    0,    0,    0,    0,    0,    0,    0,    0,    0,    0,    0,    0,    0,    0,    0,    0,    0,    0,    0,    0,    0,    0,    0,    0,    0,    0,    0,    0,    0,    0,    0,    0,    0,    0,    0,    0,    0,    0,  -11,    0,    0,    0,    0,    0,    0,    0,
       0,    0,    0,    0,    0,    0,    0,    0,    0,    0,  -37,    0,    0,    0,    0,    0,    0,    0,    0,    0,    0,    0,    0,    0,    0,    0,    0,    0,    0,    0,    0,    0,    0,    0,    0,    0,    0,  -75,    0,    0,    0,    0,    0,    0,    0,    0,    0,    0,    0,    0,    0,    0,  -37,    0,    0,    0,    0,    0,    0,    0,    0,    0,    0,    0,    0,    0,
       0,    0,    0,    0,    0,    0,    0,    0,    0,    0,  -53,    0,  -11,    0,    0,    0,    0,    0,    0,    0,    0,    0,  -16,    0,  -21,  -21,    0,  -27,    0,    0,    0,    0,    0,    0,    0,    0,    0,    0,    0,    5,    0,    0,    0,    0,    0,    0,    0,    0,    0,    0,    0,    0,    0,    0,    0,    0,    0,    0,    0,    0,    0,    0,    0,    0,    0,    0,
       0,    0,    0,    0,    0,    0,    0,    0,    0,    0,    0,    0,    0,    0,    0,    0,    0,    0,    0,    0,    0,    0,    0,    0,    0,    0,    0,    0,    0,    0,    0,    0,    0,    0,    0,    0,    0,    0,    0,    0,    0,    0,    0,    0,    0,    0,    0,    0,    0,    0,    0,    0,    0,    0,    0,    0,    0,    0,    0,    0,    0,    0,    0,    0,   42,    0,
       0,    0,    0,    0,    0,    0,    0,    0,    0,    0,    0,    0,    0,    0,    0,    0,    0,    0,    0,    0,    0,    0,    0,    0,    0,    0,    0,    0,    0,    0,    0,    0,    0,    0,    0,    0,    0,    0,    0,    0,    0,    0,    0,    0,    0,    0,    0,    0,    0,    0,    0,    0,    0,    0,    0,    0,    0,    0,    0,    0,    0,    0,    0,    0,    0,   42,
};

static const EpdLigaturePair notoserif_16_boldLigaturePairs[] = {
    { 0x00660066, 0xFB00 }, // f f -> U+FB00
    { 0x00660069, 0xFB01 }, // f i -> U+FB01
    { 0x0066006C, 0xFB02 }, // f l -> U+FB02
    { 0xFB000069, 0xFB03 }, // U+FB00 i -> U+FB03
    { 0xFB00006C, 0xFB04 }, // U+FB00 l -> U+FB04
};

static const EpdFontData notoserif_16_bold = {
    notoserif_16_boldBitmaps,
    notoserif_16_boldGlyphs,
    notoserif_16_boldIntervals,
    20,
    45,
    36,
    -10,
    true,
    notoserif_16_boldGroups,
    13,
    nullptr,
    notoserif_16_boldKernLeftClasses,
    notoserif_16_boldKernRightClasses,
    notoserif_16_boldKernMatrix,
    381,
    449,
    70,
    66,
    notoserif_16_boldLigaturePairs,
    5,
};
