/**
 * generated by fontconvert.py
 * name: notosans_14_italic
 * size: 14
 * mode: 2-bit  compressed: true
 * Command used: fontconvert.py notosans_14_italic 14 ../builtinFonts/source/NotoSans/NotoSans-Italic.ttf --2bit --compress --pnum --force-autohint
 */
#pragma once
#include "EpdFontData.h"

static const uint8_t notosans_14_italicBitmaps[33298] = {
    0xAD, 0x59, 0x3D, 0x8F, 0xDC, 0xD6, 0x15, 0xBD, 0x24, 0x93, 0x65, 0x00, 0x02, 0x79, 0x42, 0x80,
    0x04, 0x01, 0x16, 0x36, 0x5D, 0xB8, 0x48, 0x61, 0x2F, 0xEB, 0x00, 0xC3, 0x0F, 0x45, 0x85, 0x8B,
    0x14, 0x69, 0xAC, 0x2A, 0x85, 0xDB, 0x74, 0x9B, 0x52, 0x06, 0x38, 0x33, 0x94, 0x55, 0xB8, 0x50,
    0xA1, 0x4D, 0xFE, 0x80, 0x9B, 0xFC, 0x00, 0x17, 0x2A, 0xD6, 0xC0, 0xAC, 0x86, 0xB1, 0x0A, 0x15,
    0x2E, 0x4C, 0xC5, 0x30, 0xDC, 0x45, 0x14, 0xAC, 0xCE, 0x85, 0x28, 0x9B, 0x8E, 0xA8, 0x2C, 0x67,
    0x98, 0x73, 0xEE, 0xE3, 0xEC, 0xCE, 0xAC, 0x56, 0x82, 0x8B, 0x2C, 0x86, 0xD4, 0x0C, 0x3F, 0xEE,
    0xBB, 0x9F, 0xE7, 0x9E, 0xFB, 0x24, 0xA9, 0xC8, 0x4C, 0xE4, 0x44, 0x64, 0x21, 0xD2, 0x8B, 0x74,
    0xE2, 0xB4, 0xE2, 0x34, 0xE2, 0x36, 0xE2, 0xD5, 0xE2, 0x55, 0xE2, 0x95, 0xE2, 0x97, 0x12, 0x14,
    0xB2, 0x97, 0x89, 0xFD, 0x8B, 0x44, 0xE6, 0xFA, 0x89, 0x45, 0x52, 0x53, 0x26, 0xA6, 0x88, 0x4D,
    0x36, 0x31, 0x92, 0x87, 0x72, 0xF7, 0x4D, 0xF9, 0xF4, 0x1D, 0x69, 0xDE, 0xC1, 0x53, 0x37, 0xF0,
    0xA2, 0xDC, 0xF5, 0x0B, 0x91, 0x26, 0xC0, 0x9B, 0x8D, 0x11, 0x71, 0x6B, 0x9C, 0xBC, 0xEA, 0x40,
    0xFC, 0x61, 0x18, 0x7A, 0x3D, 0x49, 0x90, 0xDD, 0x10, 0x31, 0x72, 0x97, 0xA7, 0x46, 0xE4, 0x00,
    0x4B, 0x4B, 0xEC, 0xD6, 0x92, 0xE2, 0x6E, 0xA5, 0xA7, 0x0B, 0x42, 0x1C, 0x0A, 0x71, 0x21, 0x04,
    0x9A, 0x4D, 0xA8, 0xCE, 0x2F, 0x71, 0xBC, 0x29, 0x6A, 0x45, 0x30, 0x74, 0x78, 0xB1, 0x97, 0x55,
    0xFE, 0x3B, 0xA7, 0xBD, 0x01, 0x1B, 0xEE, 0xE2, 0x68, 0x60, 0x11, 0x84, 0x0E, 0x35, 0xB4, 0x6D,
    0x05, 0x6B, 0xE3, 0xCD, 0xA7, 0xA5, 0x78, 0x0F, 0x2A, 0xF1, 0x6F, 0xD5, 0x12, 0x5C, 0xAB, 0x24,
    0x08, 0xCA, 0xDF, 0x9B, 0xC3, 0x02, 0xCB, 0xC9, 0xFE, 0x80, 0x67, 0xDE, 0x85, 0x38, 0xDA, 0x40,
    0xF9, 0x6F, 0x63, 0xC9, 0xB5, 0xC8, 0x31, 0x5E, 0x2C, 0xA0, 0x9C, 0xF9, 0xB8, 0x84, 0x61, 0x07,
    0x5E, 0x65, 0x32, 0x99, 0xD0, 0x16, 0xC9, 0xBD, 0x32, 0x57, 0x73, 0xF1, 0xE2, 0xB1, 0x7F, 0x1F,
    0xCB, 0xDC, 0x0D, 0x6E, 0x3F, 0xE8, 0xE4, 0xD8, 0x84, 0xD1, 0x4A, 0xF2, 0x59, 0x9C, 0x47, 0x92,
    0xF6, 0xC7, 0xAD, 0x11, 0xF3, 0xF8, 0x19, 0x2D, 0xF0, 0x3E, 0xA7, 0x09, 0xE6, 0x5A, 0x05, 0xAD,
    0x0F, 0xBC, 0xF2, 0x5D, 0x15, 0x81, 0xA5, 0x1A, 0xAF, 0xCA, 0xE1, 0x1E, 0xF7, 0x71, 0x0B, 0x77,
    0x3B, 0xD0, 0x37, 0x84, 0x97, 0xE9, 0xF4, 0xE5, 0x11, 0xD5, 0x86, 0xF8, 0xF0, 0x61, 0x4F, 0xF7,
    0x63, 0xB9, 0x84, 0xBA, 0x25, 0xF6, 0x1B, 0x6F, 0xF8, 0x58, 0xD6, 0x2C, 0xF1, 0xB0, 0x69, 0xF9,
    0x02, 0xEC, 0xF5, 0xDA, 0x5E, 0x3A, 0x53, 0xCE, 0x9C, 0x26, 0x92, 0xE8, 0x5A, 0x9D, 0x88, 0xF9,
    0xB2, 0x8C, 0xC5, 0x1B, 0xF0, 0x82, 0xD3, 0x4B, 0x2A, 0x7E, 0x2F, 0x61, 0x35, 0x1F, 0xE0, 0xB3,
    0x75, 0x88, 0xD5, 0xAA, 0xA0, 0x4A, 0x93, 0x78, 0x92, 0xDF, 0xFD, 0xB4, 0x61, 0xD4, 0x61, 0x5D,
    0xA2, 0x29, 0xD1, 0x32, 0x0D, 0x90, 0x00, 0xA6, 0x90, 0x30, 0x63, 0xE8, 0x13, 0x8D, 0x7B, 0xAE,
    0x37, 0x17, 0xCC, 0x97, 0xF3, 0x8F, 0xBD, 0x92, 0xAB, 0xDF, 0x0E, 0x18, 0x50, 0xD9, 0x83, 0x32,
    0x08, 0x1C, 0x3C, 0x06, 0x99, 0x88, 0x2A, 0x1C, 0x68, 0x3F, 0x8C, 0x75, 0xCB, 0xB3, 0xFD, 0xE9,
    0x6E, 0x12, 0xCE, 0x47, 0x30, 0xEC, 0x62, 0xB2, 0xAD, 0x00, 0xAE, 0xE1, 0xC2, 0x6F, 0x21, 0x8D,
    0x59, 0x08, 0x75, 0x98, 0x90, 0x57, 0x20, 0xF9, 0x04, 0x8B, 0x2C, 0xFF, 0x8D, 0xCB, 0x4C, 0x94,
    0xF9, 0xB2, 0x72, 0x4E, 0x71, 0xFB, 0x01, 0x5E, 0xBF, 0xC6, 0x20, 0xD5, 0xF2, 0x0B, 0xAE, 0x25,
    0x47, 0xAA, 0xCC, 0x4B, 0x07, 0x44, 0x22, 0xC1, 0x1A, 0x1E, 0x97, 0xDE, 0x67, 0xA2, 0xB5, 0x5E,
    0xE3, 0x57, 0x41, 0x69, 0xB2, 0x03, 0xCD, 0x06, 0xA4, 0x17, 0x3F, 0x11, 0xD2, 0x7F, 0x4E, 0x3F,
    0xA8, 0xDD, 0x2E, 0xDD, 0x5D, 0x09, 0xB5, 0xA4, 0xE3, 0xE0, 0x5C, 0x91, 0xA9, 0xBD, 0xC5, 0xE5,
    0xA1, 0x86, 0xBD, 0x55, 0x68, 0xED, 0xE8, 0x6B, 0x88, 0x23, 0xEA, 0x4C, 0xBC, 0xC6, 0x5A, 0xB3,
    0xB9, 0x95, 0x50, 0xE2, 0x1E, 0xD2, 0x2D, 0x1A, 0x4A, 0x59, 0xFB, 0x8D, 0xDB, 0xBA, 0x8D, 0x57,
    0x3B, 0x2D, 0x5E, 0xEF, 0xF0, 0x4C, 0x87, 0x10, 0x74, 0x78, 0xAE, 0xC3, 0x0A, 0x2D, 0xE2, 0xD8,
    0xC6, 0x58, 0x7B, 0x0A, 0x29, 0x38, 0xEA, 0x29, 0x9C, 0x37, 0x15, 0xD4, 0x23, 0x02, 0x95, 0x42,
    0x87, 0xF0, 0x26, 0xAA, 0x0B, 0x96, 0x39, 0x03, 0x5D, 0x56, 0x4B, 0x54, 0x39, 0x43, 0x69, 0x4E,
    0xCB, 0xF4, 0x4E, 0xF1, 0x86, 0x8D, 0x66, 0x28, 0xE7, 0x01, 0x9D, 0x9E, 0x03, 0x80, 0x9C, 0x01,
    0xC0, 0x26, 0x24, 0xE2, 0x0E, 0x47, 0x50, 0xA9, 0x93, 0xD9, 0xD5, 0x15, 0x0A, 0x62, 0x26, 0xD6,
    0xC6, 0x74, 0xD4, 0x78, 0x6A, 0x0D, 0xA2, 0x31, 0x06, 0x0F, 0xA7, 0x58, 0x6F, 0xC5, 0x04, 0x84,
    0x87, 0x2B, 0x05, 0x0A, 0x24, 0x9C, 0x04, 0xB8, 0x1B, 0x95, 0x74, 0xE0, 0x50, 0xCF, 0x19, 0xAD,
    0x3D, 0xC8, 0x9C, 0x23, 0xAB, 0xEF, 0x5D, 0xED, 0xE5, 0x2D, 0x95, 0x91, 0x8C, 0xCE, 0x81, 0x22,
    0x0E, 0xD4, 0xD8, 0x47, 0x05, 0xD0, 0x15, 0x6B, 0xB1, 0x6F, 0x32, 0xC7, 0xB9, 0xC6, 0xD9, 0x51,
    0x5F, 0x91, 0xA0, 0x4A, 0xB2, 0x39, 0x0A, 0x77, 0x0D, 0x71, 0xB5, 0x8C, 0x7A, 0x70, 0x35, 0x16,
    0xCA, 0x31, 0x92, 0xB1, 0xD5, 0xEA, 0xF7, 0x1E, 0x23, 0xC2, 0x1F, 0x35, 0x92, 0xC2, 0x9E, 0x85,
    0x57, 0x39, 0x8D, 0x5F, 0x6A, 0x54, 0x0B, 0x53, 0xA0, 0x30, 0x0A, 0xE8, 0xB3, 0x5E, 0x0E, 0xC3,
    0xEA, 0xD7, 0xD7, 0xE7, 0xEF, 0x9F, 0xAB, 0x91, 0xDB, 0x83, 0x80, 0x92, 0xC2, 0x76, 0xFE, 0x84,
    0x44, 0xA6, 0x2D, 0xB3, 0xD7, 0x1D, 0x23, 0xEB, 0xE1, 0x16, 0xA0, 0x4C, 0x9C, 0xEC, 0xB0, 0xB4,
    0xF6, 0xD3, 0x61, 0x7A, 0x67, 0xFC, 0x6E, 0x70, 0x3D, 0xCA, 0x3E, 0x73, 0x06, 0x59, 0xE2, 0xD9,
    0xFD, 0xA1, 0x60, 0x85, 0xB6, 0x1A, 0x9B, 0xF4, 0xE8, 0x0A, 0x5D, 0x45, 0x59, 0x9B, 0x27, 0x11,
    0x17, 0x89, 0xC2, 0x4E, 0x92, 0x25, 0x32, 0xAD, 0x8E, 0x8A, 0x39, 0xAE, 0x9E, 0x20, 0x7F, 0x16,
    0x48, 0x94, 0x85, 0xFE, 0x6B, 0x78, 0x64, 0x33, 0xB8, 0x3F, 0xBD, 0xB9, 0x12, 0x03, 0x17, 0xBA,
    0x90, 0x69, 0x86, 0xA1, 0x0B, 0x71, 0x9C, 0x6B, 0xB6, 0x91, 0xB6, 0x95, 0x8E, 0x97, 0xDD, 0x3A,
    0x79, 0xF5, 0x2D, 0x15, 0x1C, 0x62, 0x81, 0x14, 0x31, 0x5A, 0x40, 0x48, 0x07, 0xC7, 0xD8, 0x63,
    0x21, 0x0B, 0x24, 0x70, 0x1A, 0x00, 0x2A, 0x10, 0x9F, 0xF9, 0x4A, 0xDC, 0x17, 0x69, 0x66, 0xE0,
    0xD3, 0x08, 0x52, 0x52, 0xC4, 0x27, 0xB1, 0x07, 0xBE, 0x07, 0x55, 0x58, 0x1D, 0x96, 0x01, 0x7D,
    0xB4, 0x7C, 0x02, 0x43, 0xD7, 0xF4, 0x69, 0x25, 0x2B, 0xBF, 0xF1, 0x1A, 0xA7, 0x85, 0xDD, 0x1D,
    0xD2, 0xBB, 0x47, 0x4A, 0xDA, 0xA3, 0x74, 0xF0, 0xDB, 0xEB, 0xFC, 0x36, 0x6C, 0xDD, 0x61, 0xDD,
    0xC8, 0xFC, 0xAB, 0x51, 0xB3, 0xED, 0x42, 0xB9, 0x27, 0x6F, 0xFB, 0xC4, 0xFA, 0x5A, 0xD3, 0xC3,
    0x69, 0xBC, 0xCE, 0x6B, 0xDD, 0x5A, 0x2E, 0xFC, 0x9D, 0x95, 0x29, 0x32, 0x3D, 0x2D, 0x98, 0x98,
    0x07, 0xF2, 0x9A, 0x3F, 0x9B, 0xEF, 0x67, 0xF8, 0x13, 0xDB, 0x06, 0x20, 0x72, 0xC5, 0x7A, 0x27,
    0xAA, 0xC5, 0x5D, 0xDB, 0x7F, 0x10, 0xB3, 0xA8, 0xD2, 0x2C, 0x97, 0x25, 0x34, 0x0A, 0xF8, 0x65,
    0x5E, 0x59, 0xDB, 0xE4, 0xB0, 0xB6, 0xCF, 0xCB, 0x15, 0x20, 0x4B, 0xCD, 0xE3, 0xE2, 0x42, 0x9B,
    0xEB, 0x85, 0x75, 0xBD, 0x95, 0xB1, 0xF3, 0x65, 0x5E, 0x8C, 0x15, 0x53, 0xAB, 0xCC, 0x65, 0x25,
    0xFB, 0x2F, 0xF0, 0x5E, 0x61, 0x9F, 0x67, 0x53, 0xD8, 0x1B, 0x90, 0xF6, 0xED, 0xC1, 0x1F, 0xFA,
    0x0D, 0xE8, 0xE6, 0x4C, 0x7E, 0x17, 0x79, 0x55, 0xD3, 0xD0, 0x15, 0xAD, 0xA1, 0x29, 0xB6, 0x41,
    0xEA, 0x1F, 0x12, 0x7B, 0xA9, 0x1F, 0xA6, 0x32, 0xF2, 0x0F, 0x7A, 0x39, 0xC8, 0x7C, 0x7C, 0x7D,
    0xE1, 0xCC, 0xD5, 0x3D, 0x08, 0x46, 0x4F, 0xE5, 0x59, 0x5E, 0xD2, 0xFA, 0x08, 0x5A, 0x71, 0x6C,
    0xB2, 0xF9, 0x50, 0xA2, 0xB7, 0xAF, 0xFC, 0x72, 0x12, 0x7B, 0x75, 0x50, 0x4C, 0x26, 0x3E, 0xF0,
    0x30, 0xCF, 0x83, 0xC2, 0xC8, 0x8D, 0xDC, 0x64, 0xA1, 0x1C, 0xDF, 0x30, 0x10, 0xDE, 0xE0, 0xFB,
    0xCC, 0xC5, 0xF9, 0xE6, 0xD3, 0xA0, 0x9C, 0xF8, 0xC3, 0x9D, 0x21, 0x8B, 0xDD, 0xB5, 0xBF, 0xD2,
    0x80, 0xD9, 0xD0, 0x09, 0xB5, 0x63, 0x5E, 0xAD, 0xB3, 0x3F, 0xE3, 0x27, 0xEA, 0x2E, 0xA3, 0x25,
    0x4F, 0xF4, 0x1A, 0x0B, 0xCB, 0xA3, 0x79, 0xEA, 0x01, 0xB3, 0xA0, 0xC6, 0x5A, 0x83, 0x3C, 0x75,
    0x13, 0x86, 0x39, 0x66, 0x26, 0xC4, 0x4C, 0x85, 0x84, 0x02, 0x13, 0x86, 0x38, 0x52, 0x4C, 0x81,
    0x5D, 0x3C, 0xBD, 0xB8, 0x7E, 0x48, 0xDF, 0x87, 0x99, 0xF6, 0x30, 0xC3, 0x50, 0x22, 0x99, 0x4D,
    0x91, 0x32, 0xB1, 0xA7, 0x8A, 0xC3, 0x4B, 0xE0, 0x0E, 0x4E, 0x84, 0x3A, 0x36, 0x76, 0x24, 0x31,
    0xA1, 0x38, 0xE2, 0x6B, 0x11, 0x9D, 0x96, 0x32, 0x09, 0x66, 0x6C, 0xC4, 0x5A, 0xD8, 0x68, 0x48,
    0xD4, 0xD2, 0x94, 0x80, 0x23, 0x53, 0x40, 0x49, 0x20, 0x7C, 0xC7, 0xF4, 0xE8, 0xB9, 0x32, 0x3B,
    0x29, 0xB0, 0x8A, 0xC9, 0x8E, 0xF2, 0x38, 0xAC, 0xAC, 0x49, 0x4B, 0xB5, 0xC8, 0x59, 0x22, 0x64,
    0x21, 0xB5, 0x9A, 0x1F, 0xBD, 0xA9, 0x18, 0x28, 0x3E, 0xFD, 0xCA, 0x0A, 0xD3, 0x12, 0xB3, 0x35,
    0xA6, 0x98, 0xCF, 0xFA, 0x64, 0x1C, 0x15, 0xC0, 0x5E, 0x3A, 0xE9, 0x8D, 0x99, 0xB6, 0x1F, 0xBE,
    0x16, 0x3E, 0xF9, 0x4D, 0x41, 0xD5, 0xE8, 0xC1, 0xFF, 0x32, 0x6B, 0xF8, 0x8D, 0xD8, 0x22, 0xDD,
    0xDE, 0xA0, 0x16, 0x65, 0x64, 0x2A, 0xA5, 0xCB, 0x0C, 0x80, 0x62, 0x7E, 0x45, 0x2A, 0x57, 0x93,
    0xCC, 0xD5, 0x28, 0x22, 0xC4, 0x10, 0x9C, 0xAE, 0x82, 0x1A, 0x41, 0x85, 0xA0, 0x18, 0x04, 0x93,
    0x6E, 0x22, 0x48, 0x29, 0xB5, 0x4B, 0xA9, 0x6B, 0x22, 0x41, 0x2B, 0x53, 0x67, 0x49, 0x8B, 0x98,
    0x80, 0x74, 0x9A, 0x7A, 0x8D, 0x47, 0x67, 0x61, 0xD0, 0xD9, 0xC0, 0x60, 0xB3, 0x05, 0x78, 0x50,
    0x8B, 0x0E, 0x33, 0x63, 0xB1, 0xB2, 0x1F, 0x86, 0x96, 0x34, 0xEE, 0xF4, 0x8B, 0xF9, 0x28, 0xEA,
    0x27, 0xC9, 0x64, 0x6F, 0xA5, 0x4C, 0xF8, 0xF2, 0xA2, 0xCC, 0x64, 0x4B, 0x66, 0xBE, 0x71, 0x95,
    0x7A, 0x1E, 0x4F, 0x97, 0xF0, 0xFC, 0x7E, 0xF9, 0x93, 0x3C, 0x1F, 0x0D, 0x8C, 0x25, 0x4F, 0xB8,
    0xDC, 0xB3, 0xF8, 0x7B, 0xDE, 0x53, 0x4A, 0x33, 0xD3, 0x38, 0x33, 0xEC, 0xA6, 0xDD, 0x03, 0x1F,
    0x21, 0x5F, 0x90, 0xC3, 0x75, 0x36, 0xD2, 0x20, 0x65, 0x41, 0xDA, 0x36, 0xD9, 0x38, 0x91, 0x4B,
    0x6E, 0xA3, 0xCD, 0x53, 0x19, 0x8D, 0x92, 0x68, 0x18, 0x81, 0x86, 0x83, 0x8A, 0x27, 0x0A, 0xA2,
    0x09, 0x7F, 0x7D, 0xFD, 0x83, 0x82, 0x9E, 0xCF, 0x0C, 0x9B, 0x70, 0x38, 0x66, 0x71, 0x42, 0xAD,
    0x62, 0x6A, 0x35, 0xA5, 0x56, 0xF9, 0x96, 0x74, 0xB8, 0x0B, 0x0F, 0xAD, 0x46, 0xEA, 0x53, 0x5A,
    0x4B, 0x5E, 0xE5, 0x8A, 0x78, 0xCB, 0x15, 0x1B, 0xAF, 0xB6, 0xD6, 0xAB, 0x0A, 0x63, 0x6B, 0x2B,
    0x6E, 0x4B, 0xD8, 0x46, 0x50, 0xB6, 0x1B, 0xA7, 0x6D, 0x41, 0xFD, 0xC8, 0x67, 0xB6, 0x43, 0x54,
    0x8F, 0xB8, 0x5C, 0xED, 0xEA, 0x14, 0x65, 0xC4, 0x67, 0x59, 0xE2, 0x95, 0xF9, 0x06, 0xFA, 0xD0,
    0xB9, 0x2A, 0x7A, 0x19, 0x1C, 0x86, 0xF7, 0x5A, 0xD4, 0x96, 0xD3, 0x00, 0x0B, 0xDC, 0x26, 0x2C,
    0xE0, 0x2A, 0x78, 0xD8, 0x7B, 0x0C, 0xF1, 0xDE, 0x37, 0x94, 0xF7, 0x94, 0x7A, 0x0D, 0xEC, 0x87,
    0x3F, 0x90, 0x52, 0xDC, 0x6C, 0xA9, 0x5E, 0x47, 0x43, 0x17, 0x54, 0x30, 0x19, 0x5D, 0x45, 0xA2,
    0x23, 0x64, 0x3C, 0x50, 0x12, 0xEB, 0x2F, 0x54, 0x99, 0x33, 0x56, 0xCA, 0xC6, 0x7F, 0x4E, 0x62,
    0x34, 0x02, 0x8A, 0x87, 0x8A, 0xEE, 0x66, 0x8B, 0xFC, 0xE0, 0x33, 0xBB, 0xFE, 0x3E, 0xF2, 0x51,
    0x33, 0x31, 0x23, 0xC6, 0xE3, 0xEC, 0xAD, 0x88, 0xB6, 0xA0, 0x11, 0xA7, 0xE8, 0x05, 0x0B, 0xE7,
    0x79, 0x29, 0x49, 0xE7, 0xE2, 0x9C, 0xB7, 0xDE, 0xB7, 0x20, 0x63, 0xAD, 0xF7, 0x55, 0xE9, 0x3C,
    0x6B, 0xBC, 0xFB, 0x95, 0xF7, 0xAF, 0xC6, 0xBF, 0x5F, 0x05, 0xF7, 0xEB, 0xE0, 0xF3, 0x0A, 0x9C,
    0xDE, 0x7C, 0x54, 0x47, 0xA8, 0xAD, 0xAB, 0xF5, 0x24, 0x28, 0x43, 0xA7, 0x39, 0x36, 0x65, 0x28,
    0x4D, 0x63, 0x8A, 0x48, 0xBE, 0xAF, 0x4D, 0x96, 0xC8, 0x73, 0xFC, 0x8E, 0x21, 0x9A, 0x2C, 0x1E,
    0x0D, 0x1E, 0xCA, 0x9E, 0x40, 0x83, 0x63, 0xFC, 0x1B, 0xAB, 0xD7, 0x12, 0xE2, 0x33, 0x1E, 0xC0,
    0x74, 0x41, 0x05, 0x72, 0xE7, 0x14, 0x96, 0xB9, 0x3F, 0xA0, 0x49, 0x7A, 0xDF, 0xD6, 0xD2, 0x7A,
    0x0F, 0x1B, 0x34, 0xBB, 0x12, 0xB4, 0x10, 0x6C, 0xC0, 0x6D, 0x82, 0x32, 0xF7, 0x6A, 0xE0, 0x20,
    0xC7, 0x91, 0xC8, 0x87, 0x68, 0xF3, 0x47, 0x9E, 0x6E, 0x43, 0xBC, 0xFF, 0x25, 0xE0, 0xD1, 0x7B,
    0x94, 0x81, 0x22, 0x0E, 0x58, 0x0B, 0xEC, 0x03, 0x7E, 0x59, 0x93, 0xC1, 0x9C, 0x10, 0xF6, 0x6B,
    0x72, 0x4C, 0x24, 0xD4, 0x90, 0x2D, 0x33, 0x04, 0xC3, 0x94, 0x08, 0x86, 0x5F, 0xC3, 0x3B, 0x5E,
    0x83, 0xF8, 0x79, 0x4D, 0xCA, 0x18, 0xCF, 0x78, 0x3A, 0xE1, 0x69, 0xC1, 0x8A, 0xEC, 0xC7, 0x93,
    0x5F, 0x93, 0x61, 0x55, 0xBD, 0x28, 0x15, 0x41, 0x50, 0x67, 0x0A, 0x1B, 0x19, 0x0A, 0xCD, 0x3C,
    0x09, 0x5B, 0x62, 0x00, 0x22, 0x78, 0xF8, 0x42, 0x11, 0x83, 0x68, 0xD8, 0x00, 0x98, 0x7A, 0x44,
    0x84, 0x94, 0x21, 0x46, 0x4C, 0x12, 0x04, 0x05, 0xAD, 0x44, 0xA6, 0x08, 0x4B, 0xEF, 0x03, 0x68,
    0x83, 0xF2, 0xB0, 0x41, 0xBD, 0x16, 0x06, 0xC0, 0xF9, 0x2A, 0xC4, 0x38, 0xAF, 0xEE, 0xFF, 0xAB,
    0xF2, 0xD9, 0xB6, 0xF2, 0xFB, 0x67, 0xCA, 0xAF, 0xCE, 0x20, 0x97, 0xE9, 0x6C, 0x91, 0x43, 0x31,
    0xC4, 0xF9, 0xC7, 0x45, 0xAB, 0x4E, 0x50, 0x10, 0xC9, 0x96, 0x55, 0x24, 0x98, 0xBD, 0x5F, 0xEE,
    0x37, 0x81, 0x5A, 0x04, 0xFD, 0x0A, 0x1C, 0xD9, 0x42, 0x18, 0x79, 0xCC, 0x82, 0xB0, 0x88, 0x49,
    0x6C, 0x0A, 0xE6, 0x2E, 0x52, 0xB7, 0xD2, 0xCC, 0xDD, 0x43, 0xC2, 0x47, 0xC8, 0xC0, 0xF5, 0xD5,
    0x63, 0x92, 0xDF, 0x6D, 0xA2, 0xCB, 0xCE, 0xC8, 0x56, 0xA5, 0x14, 0x23, 0x24, 0x57, 0x63, 0xF9,
    0xA6, 0xC5, 0x58, 0x72, 0x5B, 0x90, 0x10, 0x65, 0x1F, 0x22, 0xD0, 0xF3, 0x91, 0x66, 0xA2, 0x2D,
    0xF6, 0x3C, 0xCE, 0xD1, 0xA2, 0xB8, 0xBC, 0xC8, 0xA7, 0xBB, 0x45, 0x7E, 0x19, 0x0E, 0xB3, 0xC8,
    0x89, 0x17, 0x1E, 0x27, 0x83, 0x9D, 0x76, 0x42, 0x22, 0x8D, 0x5B, 0x6C, 0x27, 0x25, 0x4B, 0x4B,
    0x1B, 0x2E, 0x48, 0x01, 0x56, 0x8A, 0xC6, 0x72, 0x4D, 0xB9, 0x8A, 0x4E, 0xAB, 0xB1, 0x25, 0x2B,
    0x8B, 0x33, 0x64, 0x5B, 0x70, 0x95, 0x19, 0xB9, 0x7D, 0xFA, 0xF5, 0xBC, 0x24, 0x68, 0x33, 0xC0,
    0x4F, 0x54, 0xA7, 0xB0, 0x88, 0xC7, 0x77, 0xA7, 0x94, 0xC2, 0xA6, 0xA4, 0x9D, 0xDA, 0x63, 0xA7,
    0x86, 0x42, 0x11, 0x0D, 0x0B, 0xED, 0x24, 0xC3, 0x06, 0x9F, 0xE5, 0x23, 0x50, 0x98, 0xAB, 0xC4,
    0x8D, 0x5B, 0x64, 0xB3, 0x1F, 0xD3, 0x3B, 0x77, 0xC8, 0xA6, 0x1E, 0xC9, 0xC8, 0xCF, 0x7C, 0x9A,
    0xE9, 0xB5, 0x96, 0xF0, 0x51, 0x07, 0x2C, 0x1E, 0xE2, 0x35, 0x12, 0x27, 0x2C, 0x62, 0x6A, 0xC5,
    0xFD, 0xA8, 0x11, 0x72, 0xDE, 0xA4, 0x61, 0xDE, 0xCA, 0x67, 0x44, 0xF3, 0x85, 0xFC, 0x48, 0xD3,
    0x51, 0x77, 0xA8, 0x3E, 0x86, 0x19, 0x75, 0x2D, 0xB9, 0x5F, 0x36, 0x30, 0x16, 0xDC, 0x87, 0x69,
    0x07, 0x9E, 0x44, 0x92, 0x92, 0x83, 0x0D, 0x2D, 0x94, 0xB9, 0xB4, 0x58, 0x27, 0x3F, 0xC6, 0x8B,
    0x20, 0x93, 0x8D, 0x3C, 0x87, 0x4A, 0x49, 0x0D, 0x10, 0x80, 0x5D, 0x95, 0xD2, 0xB9, 0xB4, 0x64,
    0xC1, 0xB3, 0xBB, 0xDC, 0xB3, 0x41, 0x39, 0x19, 0xB7, 0x58, 0x90, 0x1C, 0x99, 0xC3, 0xDC, 0x66,
    0x03, 0xA7, 0x77, 0xBD, 0x2A, 0x12, 0x1D, 0xF7, 0x10, 0x1B, 0x06, 0xE9, 0x94, 0xCA, 0x2F, 0xCB,
    0x0D, 0x29, 0x58, 0x6A, 0x65, 0xE0, 0x9B, 0xF7, 0x1D, 0xA3, 0xFD, 0x80, 0xD9, 0xC0, 0xC0, 0x4D,
    0x19, 0xC5, 0xCE, 0x51, 0x20, 0xEC, 0x2C, 0x4E, 0x2A, 0x6C, 0x2A, 0xF2, 0x41, 0xD5, 0x05, 0x9C,
    0xDA, 0xD1, 0xA7, 0x21, 0xE3, 0x97, 0x85, 0x19, 0xC9, 0x92, 0x8E, 0x1B, 0xFF, 0x44, 0xAB, 0x03,
    0xF7, 0xA6, 0x3C, 0x17, 0x82, 0x9D, 0xE1, 0x15, 0x19, 0x72, 0xA1, 0x0D, 0x20, 0x8B, 0x07, 0xDD,
    0xBF, 0xA9, 0xD8, 0x6C, 0xCF, 0xF4, 0xA3, 0x79, 0x6E, 0xB7, 0xD3, 0x89, 0xCF, 0xAE, 0x6B, 0x87,
    0xD6, 0x60, 0x70, 0x7E, 0x62, 0x97, 0xB0, 0xB5, 0x77, 0xD9, 0xF5, 0x94, 0xDD, 0x57, 0x4F, 0x9C,
    0x3C, 0xCC, 0x6A, 0x67, 0x8A, 0x9D, 0x6C, 0x76, 0x26, 0xBA, 0xF3, 0xED, 0x05, 0x77, 0xAB, 0x01,
    0xD8, 0x9D, 0xAC, 0xED, 0x06, 0x40, 0xF6, 0xD8, 0x71, 0x63, 0xA8, 0x03, 0x34, 0xB2, 0xE5, 0x4E,
    0x20, 0x27, 0xC6, 0x9C, 0x70, 0xA0, 0x9D, 0xD9, 0x68, 0x93, 0x0E, 0x8A, 0xA0, 0x44, 0x03, 0x2F,
    0xBD, 0xD2, 0x23, 0x95, 0x32, 0x83, 0x0E, 0x3D, 0xF1, 0x86, 0x76, 0x2F, 0xCE, 0xA7, 0x66, 0xAE,
    0x57, 0xEF, 0x34, 0x9C, 0x40, 0x17, 0x33, 0xD9, 0xCB, 0x7A, 0xA6, 0x3D, 0x97, 0x96, 0x9F, 0x8B,
    0xED, 0xBE, 0x91, 0x4D, 0x0A, 0xA4, 0x1A, 0x14, 0x87, 0xB0, 0x3A, 0x17, 0xAF, 0x8C, 0x45, 0x51,
    0x3D, 0x63, 0x41, 0xF9, 0xE5, 0xBB, 0x10, 0x3B, 0xC1, 0x1A, 0xC7, 0x76, 0x0A, 0x25, 0xD9, 0x54,
    0xDA, 0xFB, 0x17, 0xC4, 0x13, 0xC5, 0x90, 0x79, 0x28, 0x87, 0x06, 0x7D, 0x63, 0x75, 0xC3, 0x7B,
    0x11, 0x76, 0x41, 0xED, 0xB7, 0xA6, 0x00, 0x24, 0x2A, 0x22, 0x92, 0x37, 0x73, 0x83, 0xC9, 0xAF,
    0xEC, 0x04, 0x19, 0xE2, 0x48, 0x01, 0x41, 0xCB, 0x2C, 0x7D, 0xEF, 0x11, 0x62, 0xF6, 0x27, 0xF1,
    0xBB, 0xF0, 0xD5, 0xFD, 0xBF, 0xC3, 0xBC, 0xF3, 0xE3, 0xD0, 0x3A, 0xCF, 0x1F, 0xF6, 0x68, 0x90,
    0x53, 0x44, 0x32, 0x1E, 0xE1, 0x2E, 0x86, 0x9D, 0x53, 0xE6, 0x95, 0xD1, 0x29, 0xCE, 0xE9, 0x98,
    0xB2, 0x21, 0x20, 0xF9, 0xA0, 0x3D, 0x2C, 0x63, 0x30, 0x8D, 0x09, 0x5A, 0x82, 0xEC, 0xAF, 0x39,
    0xF6, 0x88, 0xF7, 0x62, 0x8F, 0x4C, 0x00, 0xA5, 0x7D, 0xCE, 0x59, 0xB6, 0xC1, 0x7D, 0x31, 0x7E,
    0xD7, 0x2D, 0x86, 0xA3, 0xBF, 0xC2, 0xD5, 0xDC, 0xC0, 0x38, 0x92, 0xD1, 0x47, 0xDA, 0x18, 0xEC,
    0x3C, 0xA1, 0xE4, 0x4D, 0x77, 0x60, 0xF0, 0x7C, 0xC8, 0x6A, 0x1B, 0x56, 0x00, 0xD2, 0x0E, 0xF8,
    0x18, 0x54, 0xA8, 0xEE, 0xB0, 0xF0, 0xCE, 0x09, 0x3D, 0xC9, 0x39, 0x54, 0xA5, 0xF5, 0xA4, 0x22,
    0x2C, 0x02, 0xC3, 0x13, 0x30, 0x94, 0x1E, 0x10, 0xB8, 0x20, 0x53, 0x1F, 0x58, 0x27, 0x28, 0xC8,
    0x52, 0xDB, 0x2E, 0x2A, 0xC8, 0x91, 0xE1, 0xFF, 0x82, 0x14, 0x2D, 0xD9, 0x5B, 0xEB, 0x96, 0xC5,
    0x1C, 0xDC, 0x6F, 0x5B, 0xDB, 0x44, 0xB5, 0xCD, 0xA1, 0x6D, 0xAF, 0x5B, 0x25, 0xE3, 0x1F, 0xA7,
    0x67, 0x10, 0x99, 0xC2, 0x9A, 0x6B, 0xD5, 0xDE, 0x68, 0x0C, 0xAB, 0xB8, 0x3F, 0x32, 0x34, 0x63,
    0x41, 0x69, 0x40, 0x75, 0xB3, 0x4A, 0x47, 0x47, 0x4D, 0x7A, 0x56, 0x95, 0x12, 0x60, 0x45, 0x5E,
    0x5B, 0x5C, 0x5A, 0x38, 0x3A, 0x4A, 0x5D, 0xE6, 0x8F, 0xDD, 0x59, 0xE2, 0x57, 0x3A, 0x49, 0x36,
    0x63, 0xAF, 0x80, 0x94, 0x95, 0x61, 0xFD, 0x7C, 0x00, 0x1E, 0x00, 0x20, 0x44, 0x57, 0x59, 0x71,
    0x89, 0x9E, 0x82, 0xB5, 0x47, 0x74, 0x44, 0x06, 0x78, 0x6E, 0x1B, 0x65, 0x79, 0x32, 0xC4, 0x47,
    0xC4, 0xDF, 0x3C, 0x04, 0x19, 0x09, 0x86, 0x6F, 0x4A, 0x74, 0xA3, 0x60, 0x57, 0x8F, 0x68, 0x6C,
    0x97, 0x1F, 0xEE, 0x91, 0xF5, 0xD1, 0xAA, 0xFD, 0x21, 0x7B, 0x1D, 0x2F, 0xD5, 0x74, 0xEA, 0xC6,
    0x74, 0xCA, 0xDD, 0x5E, 0x72, 0xAC, 0x97, 0x13, 0x5D, 0xC7, 0x0D, 0x81, 0xD6, 0x94, 0x0E, 0xD2,
    0xD7, 0x6D, 0x4C, 0x06, 0x92, 0x08, 0x45, 0xA1, 0x51, 0x95, 0xC0, 0x13, 0x31, 0xF5, 0x3D, 0xB0,
    0x7D, 0x41, 0x9D, 0xD7, 0x3A, 0x0D, 0x27, 0x56, 0x76, 0x24, 0x4C, 0xAC, 0xBA, 0xA9, 0x13, 0xA2,
    0x5C, 0x22, 0x8B, 0x6F, 0x1C, 0xF9, 0xD3, 0xD1, 0xEF, 0xE3, 0x7E, 0xDD, 0xF6, 0x06, 0xF7, 0x36,
    0x35, 0xB4, 0xB0, 0xB0, 0x5B, 0xA9, 0x5B, 0x1B, 0x9D, 0x50, 0x10, 0xE3, 0xD0, 0x32, 0x7B, 0x35,
    0x35, 0xE9, 0xE0, 0xC7, 0xD6, 0x03, 0x43, 0xE3, 0xEC, 0x95, 0x2A, 0xDF, 0x50, 0x04, 0x7D, 0x04,
    0xE4, 0x19, 0x4A, 0xE5, 0xB4, 0x06, 0xBF, 0xC9, 0x68, 0xD9, 0x70, 0xC8, 0x67, 0xA9, 0x25, 0xF9,
    0x40, 0xCC, 0x1C, 0x89, 0xC4, 0xF2, 0xDA, 0xF3, 0x85, 0xB7, 0x88, 0xAC, 0x7B, 0x19, 0x91, 0xBD,
    0xA0, 0xAD, 0x34, 0x51, 0x09, 0x0E, 0xF3, 0x6C, 0x68, 0x96, 0x2B, 0xE7, 0xF9, 0xDF, 0xFF, 0xD3,
    0xCE, 0xE0, 0xDD, 0xA1, 0x48, 0x31, 0x56, 0xAF, 0xD1, 0x0E, 0xD8, 0xD2, 0xB8, 0x05, 0x86, 0x81,
    0xD5, 0xAF, 0xC8, 0xC5, 0x02, 0xCE, 0x88, 0xB9, 0xF6, 0x98, 0x05, 0xA0, 0xA2, 0xE6, 0x0E, 0x23,
    0x56, 0xE8, 0x08, 0x36, 0x4E, 0x1B, 0x09, 0xEF, 0x27, 0x3A, 0x49, 0xC6, 0xA2, 0xF7, 0xDB, 0xA8,
    0x72, 0x9E, 0x21, 0x6E, 0xA7, 0x16, 0x06, 0xBC, 0x1E, 0x07, 0xDE, 0x45, 0x07, 0xED, 0x51, 0xD6,
    0xBD, 0xEE, 0x53, 0x8E, 0x71, 0x83, 0xA4, 0xC6, 0x6E, 0x06, 0xF9, 0x3C, 0x10, 0x3B, 0xEE, 0xE2,
    0x6A, 0x61, 0x65, 0x28, 0xD3, 0xD2, 0x00, 0x4A, 0xF9, 0x4C, 0x2A, 0x5C, 0x83, 0x8D, 0xCD, 0x6D,
    0x00, 0x79, 0x0D, 0xD9, 0x10, 0x37, 0xBB, 0x72, 0xDD, 0xCB, 0xC4, 0x4C, 0xFA, 0x37, 0xC0, 0x3C,
    0x18, 0x8D, 0xC3, 0x42, 0x9A, 0x60, 0x2A, 0x95, 0xC9, 0x1C, 0xEC, 0x6C, 0xDA, 0xCE, 0xB9, 0x5F,
    0x02, 0x07, 0xAC, 0x19, 0xB6, 0xDE, 0xCE, 0xE5, 0x86, 0x93, 0x6F, 0x98, 0x5D, 0x98, 0xE5, 0x7D,
    0x1A, 0xEE, 0x37, 0x00, 0xAD, 0x60, 0xB5, 0x0F, 0xFF, 0x7F, 0x82, 0x60, 0x98, 0xF7, 0x56, 0xDB,
    0xE5, 0xF3, 0x32, 0xA6, 0x8C, 0x6C, 0x53, 0xC2, 0xD6, 0x22, 0x2A, 0x90, 0x25, 0xA8, 0x76, 0x11,
    0x75, 0xFA, 0x4A, 0x44, 0x7D, 0x0A, 0x34, 0xF9, 0x00, 0x60, 0xF2, 0x9A, 0x51, 0x4A, 0x1B, 0xD4,
    0x3C, 0x93, 0xEF, 0x07, 0x71, 0x4E, 0x8F, 0x74, 0x6B, 0xC9, 0xEB, 0xB6, 0x08, 0xD7, 0xF6, 0x70,
    0x36, 0xF2, 0xB6, 0xED, 0x49, 0x4F, 0xD5, 0x9C, 0xEB, 0x34, 0x0A, 0xE6, 0xF2, 0xC6, 0xD9, 0x73,
    0x04, 0x08, 0x9F, 0xED, 0x59, 0x39, 0x62, 0x65, 0xFB, 0x2D, 0x19, 0xE5, 0x38, 0xBE, 0x3D, 0x09,
    0x1A, 0x61, 0x6F, 0xD6, 0x6D, 0xD5, 0xB7, 0x44, 0x3E, 0x65, 0x9B, 0xE4, 0x96, 0xC9, 0x50, 0x2F,
    0x87, 0x6A, 0xDC, 0x7F, 0xBF, 0x6C, 0x48, 0xB2, 0x9B, 0xC4, 0xB3, 0x9F, 0xB1, 0x6F, 0x05, 0x1D,
    0x13, 0x71, 0x01, 0x1D, 0x3B, 0x1B, 0x72, 0x94, 0x6B, 0xE1, 0xEC, 0x94, 0xAA, 0x0D, 0xB9, 0x41,
    0xB9, 0x92, 0xE4, 0xEE, 0x76, 0x9A, 0xA0, 0x63, 0xEA, 0x7B, 0x0D, 0xE7, 0x36, 0x84, 0xB9, 0x88,
    0xB5, 0x00, 0x58, 0x08, 0x20, 0x5C, 0xCC, 0x4E, 0xC6, 0x0F, 0x4E, 0x88, 0x98, 0x31, 0x54, 0x03,
    0x4A, 0x98, 0xD8, 0xEE, 0x09, 0xF1, 0x3F, 0x38, 0x4C, 0xA3, 0xFD, 0x53, 0xDF, 0x9E, 0x03, 0x9B,
    0x27, 0x90, 0x4D, 0x09, 0xA7, 0x18, 0xB0, 0x62, 0xF7, 0x3B, 0xF0, 0xC0, 0xD8, 0xFB, 0x02, 0xA4,
    0x3B, 0x0E, 0x6E, 0xA3, 0xD4, 0x62, 0x13, 0xDC, 0x42, 0xAB, 0x0A, 0x83, 0x5B, 0x95, 0xC4, 0xB1,
    0x7F, 0xBB, 0x94, 0x38, 0xF7, 0xEF, 0x64, 0x12, 0xB7, 0xFE, 0x27, 0x30, 0xAB, 0xF1, 0xEF, 0xD1,
    0x51, 0x64, 0x85, 0x69, 0xC9, 0x08, 0x44, 0x85, 0xA2, 0x6F, 0x4E, 0x97, 0x27, 0x04, 0xB5, 0x88,
    0x21, 0x33, 0xD7, 0x70, 0x31, 0xF8, 0x82, 0xDE, 0x7D, 0x4A, 0x96, 0x45, 0xF7, 0xA9, 0x5B, 0xED,
    0x96, 0x15, 0x83, 0x1A, 0x29, 0x1E, 0x30, 0x40, 0x9D, 0xE1, 0x18, 0xA2, 0x9E, 0x24, 0x4F, 0xCD,
    0xEC, 0x64, 0x4A, 0x84, 0xA3, 0x7B, 0x59, 0x4B, 0x3A, 0x0A, 0xA8, 0xC9, 0x6A, 0x35, 0x7E, 0x70,
    0xC0, 0x25, 0xF6, 0x87, 0x44, 0x7C, 0xA3, 0xA1, 0x27, 0xB4, 0x9A, 0x43, 0x62, 0xEC, 0x74, 0xB3,
    0x06, 0x43, 0xAB, 0x3B, 0xE1, 0xB6, 0x27, 0x98, 0x62, 0x0B, 0x7C, 0x2D, 0x5F, 0x5A, 0x36, 0xE3,
    0x46, 0x22, 0x2B, 0xAD, 0xD6, 0xE3, 0x6C, 0x53, 0x77, 0xDC, 0x06, 0xA6, 0x7D, 0x5C, 0x20, 0x94,
    0x97, 0x2E, 0x71, 0xDA, 0xE1, 0x8E, 0x37, 0xF7, 0x67, 0x48, 0xCE, 0x30, 0x07, 0x73, 0x8F, 0xB7,
    0xE0, 0x46, 0x62, 0xA8, 0x60, 0x7A, 0x06, 0x4F, 0xC7, 0x4C, 0x2D, 0x70, 0x76, 0x20, 0x62, 0x50,
    0x9D, 0x83, 0xA9, 0xB7, 0x4D, 0xB3, 0x4A, 0xA6, 0x8A, 0xD2, 0x3E, 0xB9, 0xF1, 0xBA, 0x3F, 0xED,
    0x90, 0xE1, 0xC8, 0x28, 0x37, 0x5B, 0xEC, 0xCA, 0x30, 0xEB, 0xF3, 0x7D, 0x20, 0xFE, 0x8F, 0xA2,
    0x57, 0x8E, 0xCD, 0x71, 0x29, 0x5A, 0x32, 0x24, 0x86, 0xA1, 0x45, 0x79, 0x2D, 0x89, 0xC9, 0xEE,
    0xE6, 0x07, 0xC5, 0xA5, 0xF5, 0xA6, 0x01, 0xC2, 0xBC, 0x27, 0x72, 0x65, 0x39, 0xDC, 0x6C, 0xDA,
    0xC3, 0xA1, 0x2E, 0x40, 0x97, 0xFF, 0x07, 0xC5, 0x5A, 0xBF, 0x6F, 0x1C, 0xC7, 0x15, 0x7E, 0xBB,
    0x03, 0x71, 0x95, 0x2C, 0xAC, 0x09, 0x02, 0x23, 0x70, 0x22, 0x58, 0xEB, 0x22, 0x85, 0x03, 0x88,
    0xDC, 0x56, 0x01, 0x78, 0xB7, 0x23, 0xBB, 0x50, 0x91, 0xC2, 0x6A, 0x52, 0xA5, 0x88, 0x0B, 0xF7,
    0x64, 0x41, 0x04, 0x0C, 0x70, 0xC7, 0x5B, 0xC0, 0xA5, 0x8B, 0x30, 0x7F, 0x41, 0x54, 0xB8, 0x8F,
    0x02, 0xB0, 0x20, 0x90, 0x95, 0x6F, 0xE5, 0x14, 0x29, 0xBD, 0xB2, 0x11, 0xA4, 0x0A, 0xB4, 0x80,
    0xD9, 0xA5, 0xC8, 0x18, 0xD9, 0x00, 0xCB, 0x78, 0x79, 0x9B, 0xEF, 0x9B, 0xD9, 0x23, 0x8F, 0x94,
    0xE2, 0xFC, 0x10, 0x25, 0x1E, 0x77, 0xE6, 0x7E, 0xEC, 0xCC, 0x7B, 0x6F, 0xDE, 0xBC, 0xF7, 0xBD,
    0xF7, 0x66, 0x29, 0x1B, 0x22, 0x33, 0x77, 0x8D, 0x64, 0x78, 0xBD, 0x2F, 0xF2, 0x50, 0xC4, 0xF2,
    0x0A, 0x6A, 0x09, 0x2B, 0x51, 0xB8, 0x4A, 0x89, 0x4A, 0x89, 0x4B, 0xD1, 0xB9, 0x24, 0x46, 0x52,
    0x23, 0x99, 0xF0, 0xFA, 0x11, 0xC6, 0x07, 0x95, 0x70, 0x94, 0x44, 0x0B, 0x91, 0x79, 0x2F, 0xAA,
    0xB9, 0x26, 0xBA, 0x14, 0x0E, 0x93, 0x31, 0x6E, 0x4F, 0xD1, 0x8A, 0xA1, 0x75, 0x2B, 0xED, 0x11,
    0x5A, 0x66, 0xB6, 0x25, 0xE9, 0xAD, 0x44, 0x7D, 0xE5, 0x38, 0x82, 0x9F, 0x23, 0x27, 0x12, 0x2F,
    0x30, 0x7D, 0xD6, 0xE3, 0xFB, 0xC9, 0x5A, 0x29, 0x21, 0xEE, 0x89, 0xC2, 0x17, 0x89, 0x78, 0x17,
    0xA2, 0x08, 0x85, 0x11, 0x8A, 0xE3, 0x3B, 0xD5, 0x83, 0x44, 0xD4, 0xF7, 0xF8, 0x31, 0xE5, 0x7C,
    0x72, 0xF6, 0x4B, 0x9A, 0xC8, 0xC0, 0x30, 0x20, 0x91, 0x98, 0xF3, 0xB3, 0xBE, 0x6F, 0xD9, 0x35,
    0xF2, 0x96, 0x84, 0x32, 0x99, 0xFF, 0x2A, 0xC7, 0x17, 0xD1, 0x4F, 0x0A, 0x49, 0x64, 0x1D, 0x7F,
    0x5A, 0x36, 0xD1, 0xF8, 0x7E, 0x4B, 0x36, 0x40, 0xBE, 0x90, 0x14, 0xF7, 0xA7, 0xF3, 0xA7, 0xF9,
    0x5B, 0xA2, 0x9C, 0x8E, 0x9C, 0x26, 0x20, 0x46, 0x46, 0xE5, 0x4C, 0x25, 0xAC, 0xA5, 0x05, 0x7D,
    0x45, 0xA5, 0x51, 0xB8, 0x86, 0x22, 0x1D, 0x52, 0x90, 0x09, 0xD9, 0x6F, 0x36, 0x64, 0x8A, 0x9B,
    0xBA, 0xEF, 0xA1, 0xBF, 0xBE, 0xC7, 0xDA, 0x12, 0x92, 0x49, 0x9D, 0x30, 0x8B, 0xA1, 0x73, 0xAA,
    0xF2, 0xF2, 0x52, 0x59, 0x20, 0x29, 0xB2, 0x7B, 0xF6, 0x1A, 0xB6, 0x67, 0xF5, 0x97, 0xB5, 0x7E,
    0x1F, 0xA2, 0x59, 0xD9, 0xBB, 0xFB, 0xC0, 0x8D, 0x6E, 0x97, 0x7A, 0x05, 0xFB, 0x14, 0x5F, 0x8E,
    0xB1, 0x1D, 0x55, 0x02, 0x41, 0xE3, 0x32, 0x46, 0x8F, 0xF7, 0x5C, 0x35, 0xA9, 0x04, 0x3D, 0xE8,
    0xA7, 0x90, 0x27, 0x6C, 0x07, 0x5E, 0x9B, 0x8E, 0xF1, 0x8F, 0xD7, 0xA8, 0x16, 0x2B, 0x37, 0xA1,
    0xFC, 0xCD, 0x58, 0x8A, 0xC4, 0xEC, 0x6A, 0xE8, 0x6D, 0x7E, 0x44, 0x51, 0x29, 0xBA, 0xF4, 0xF7,
    0x6F, 0x5A, 0xEC, 0x30, 0x15, 0x1A, 0x93, 0x07, 0x96, 0x31, 0x6B, 0x63, 0x73, 0x3B, 0xE8, 0x3B,
    0x55, 0xDE, 0x51, 0xF5, 0xEB, 0x61, 0xB5, 0xC3, 0x8D, 0xA9, 0xB7, 0x35, 0xD6, 0x58, 0x3F, 0xC4,
    0x74, 0xB1, 0xBE, 0xDF, 0x76, 0xFD, 0x8E, 0xFB, 0x7D, 0x13, 0x63, 0xC2, 0x6A, 0x5D, 0x35, 0xAF,
    0xAB, 0x32, 0xC1, 0xDC, 0x38, 0x8F, 0xCB, 0xAD, 0xA3, 0x74, 0xA0, 0x2C, 0xFD, 0x7E, 0x02, 0xE1,
    0x12, 0xC7, 0x31, 0x98, 0x43, 0xC6, 0xF0, 0xB8, 0xD4, 0x3F, 0x2F, 0x6F, 0x47, 0xF9, 0x9D, 0xC8,
    0xEC, 0x44, 0x06, 0x04, 0x1F, 0x26, 0xB2, 0xBB, 0x27, 0xE9, 0x5F, 0x9C, 0x4A, 0xBE, 0x13, 0x60,
    0x15, 0xDA, 0x84, 0x36, 0xC5, 0xFE, 0x62, 0xB3, 0xEE, 0x36, 0xF2, 0x08, 0x86, 0x52, 0xC0, 0x0C,
    0x47, 0xE0, 0x94, 0x62, 0x8F, 0xF4, 0x3B, 0xB0, 0xB2, 0xB2, 0x81, 0x21, 0x2F, 0xF5, 0x08, 0x36,
    0x7D, 0x6F, 0xD9, 0xBC, 0x69, 0x5C, 0x6C, 0xB2, 0xEF, 0x36, 0x87, 0xD7, 0x7F, 0x50, 0x81, 0xEA,
    0x6B, 0xA8, 0x40, 0x79, 0x15, 0x54, 0x53, 0xA8, 0x40, 0x55, 0x23, 0xA8, 0xC0, 0xF5, 0x0F, 0x15,
    0x24, 0xB2, 0x0F, 0x15, 0x8C, 0xCD, 0x6E, 0x2B, 0x18, 0xA9, 0xDD, 0x51, 0x9F, 0x5B, 0xA8, 0x40,
    0x55, 0x2D, 0x55, 0x50, 0x8D, 0xA0, 0x02, 0x55, 0xA5, 0x50, 0xC1, 0x63, 0x73, 0xED, 0xDF, 0xAB,
    0x40, 0xBC, 0x00, 0x65, 0xE6, 0x7E, 0xA2, 0xB3, 0x25, 0x7D, 0x39, 0x52, 0xF5, 0xAE, 0x58, 0x7F,
    0x8D, 0xA3, 0x2A, 0xE9, 0xF3, 0xF0, 0x04, 0x56, 0x26, 0xCF, 0xB6, 0x64, 0x65, 0xB9, 0xCF, 0xBB,
    0xAF, 0x2F, 0xA8, 0xE4, 0x13, 0x38, 0x53, 0x19, 0xBD, 0x5B, 0x2F, 0x21, 0x00, 0xF6, 0x6E, 0xE8,
    0x4F, 0x0D, 0x9D, 0x6F, 0x83, 0x8E, 0x6E, 0x60, 0xC6, 0x41, 0x6F, 0xE2, 0xBE, 0x0C, 0x60, 0xFE,
    0x01, 0xC7, 0x84, 0x0B, 0x51, 0xE4, 0x6F, 0x24, 0xCA, 0x71, 0xDD, 0xD7, 0x66, 0xBE, 0x90, 0xB4,
    0x91, 0xE0, 0x63, 0x65, 0x75, 0x99, 0xCA, 0x2E, 0xFD, 0x12, 0xF3, 0x47, 0xF4, 0x9F, 0x09, 0xFD,
    0xB6, 0xE0, 0xE0, 0x8E, 0x58, 0xD1, 0x52, 0xC4, 0x06, 0xEA, 0x84, 0xEE, 0xC7, 0x74, 0xF8, 0x11,
    0x1D, 0xBE, 0x60, 0xD7, 0xC1, 0xEB, 0x43, 0x76, 0x71, 0x2B, 0x71, 0x33, 0x6D, 0xE0, 0x46, 0x0D,
    0x56, 0xB1, 0x95, 0xDB, 0x33, 0x2F, 0x7A, 0xAE, 0xD7, 0x3B, 0x2F, 0x82, 0xA8, 0x1D, 0x80, 0xA1,
    0xD3, 0x7D, 0x7B, 0x3B, 0x45, 0xCB, 0xBE, 0xA1, 0x25, 0x68, 0x1C, 0x17, 0xA2, 0xC9, 0xB5, 0xDD,
    0xDB, 0x22, 0x77, 0xFE, 0xCB, 0xF6, 0xC3, 0x37, 0x36, 0x00, 0xA2, 0x73, 0xB8, 0xB0, 0x82, 0x93,
    0xAD, 0xD5, 0x62, 0x43, 0x3B, 0xAB, 0x66, 0x46, 0xDE, 0x57, 0x36, 0xB5, 0xBF, 0xAC, 0xBF, 0x5B,
    0xA9, 0x52, 0x39, 0x07, 0x8C, 0x8D, 0x76, 0xC0, 0x82, 0x9D, 0xD2, 0x3F, 0x83, 0xD9, 0xE4, 0x77,
    0x54, 0xB9, 0xC3, 0x2B, 0xDF, 0x89, 0x65, 0xF3, 0x96, 0x24, 0x6E, 0xB3, 0x43, 0xB9, 0x0F, 0xF3,
    0x82, 0xA1, 0x95, 0x87, 0x50, 0xC1, 0x04, 0x5A, 0xC1, 0xDA, 0x5A, 0x2C, 0xB7, 0xD3, 0xB9, 0xB2,
    0x19, 0x14, 0x08, 0xB0, 0xA2, 0x96, 0xA0, 0xC9, 0x9D, 0x61, 0xF3, 0xC0, 0x3C, 0xB0, 0x50, 0x14,
    0x0C, 0x8A, 0x7A, 0xBD, 0xBE, 0xCB, 0x8D, 0x3A, 0xA0, 0x2A, 0xAC, 0x83, 0x73, 0xB8, 0x41, 0x60,
    0x61, 0xB3, 0x61, 0x9D, 0x40, 0x3C, 0x18, 0x9E, 0x05, 0x75, 0x5D, 0xAB, 0xC7, 0x76, 0xA3, 0x0E,
    0xDF, 0x2D, 0x7F, 0x01, 0x2F, 0xB9, 0xFB, 0x25, 0x76, 0x57, 0x7D, 0x88, 0xDD, 0xD1, 0xD8, 0x42,
    0x0B, 0x6C, 0x51, 0x15, 0x10, 0x01, 0x93, 0x34, 0x75, 0x4D, 0x60, 0x84, 0xE8, 0x8E, 0x91, 0x38,
    0x4E, 0xA2, 0xDD, 0x16, 0xBE, 0xE6, 0x78, 0x79, 0x66, 0xE0, 0x45, 0xBC, 0xB3, 0x21, 0xC1, 0xDC,
    0xC1, 0x61, 0x50, 0xEB, 0xF0, 0x63, 0x98, 0xD1, 0x28, 0x5D, 0x70, 0x41, 0x6F, 0x27, 0x02, 0x9E,
    0x20, 0x06, 0xA6, 0x34, 0x3C, 0xCC, 0xC7, 0x64, 0x5C, 0xBB, 0xDC, 0x37, 0xC6, 0x00, 0x4B, 0xD7,
    0x82, 0xB8, 0xEB, 0xC2, 0x0F, 0x0D, 0xCD, 0x17, 0xEE, 0x45, 0x93, 0xE8, 0xBB, 0x61, 0xAD, 0x41,
    0x4F, 0x13, 0x63, 0xE0, 0x00, 0x9D, 0x77, 0x6A, 0x6E, 0x3D, 0x64, 0x9A, 0xB8, 0x18, 0x62, 0x19,
    0x22, 0x30, 0x1D, 0xF6, 0x48, 0x3A, 0x0B, 0x67, 0x26, 0x71, 0x4E, 0xC3, 0x00, 0xFB, 0x10, 0x13,
    0x1F, 0xC3, 0x1E, 0x3F, 0x48, 0x3E, 0x2C, 0xB3, 0x7C, 0xD6, 0x6B, 0xF3, 0x7B, 0x93, 0xB4, 0x1B,
    0xE1, 0x67, 0x34, 0x9B, 0xE8, 0x3D, 0xF4, 0xCD, 0x6B, 0x58, 0x63, 0x58, 0xDF, 0xD9, 0x20, 0x1D,
    0xC6, 0x14, 0x2D, 0xEC, 0x47, 0x0E, 0x27, 0x0F, 0x29, 0x27, 0x01, 0x62, 0xC7, 0x9B, 0xD9, 0x89,
    0x04, 0x9D, 0x47, 0x5E, 0xF7, 0x7A, 0x40, 0x01, 0x08, 0x38, 0x0C, 0x0E, 0xC1, 0x89, 0x44, 0x30,
    0x52, 0x7E, 0x24, 0xB8, 0x17, 0xEE, 0x02, 0x40, 0x67, 0x77, 0x1B, 0x98, 0xE2, 0x1A, 0x3D, 0x79,
    0x2D, 0x5F, 0x46, 0x35, 0x17, 0xE4, 0x9C, 0xEA, 0x1C, 0x1C, 0x9F, 0xBD, 0x42, 0xFE, 0xA6, 0xC8,
    0x21, 0x66, 0xA7, 0x69, 0xD6, 0xE3, 0xC9, 0x32, 0xB8, 0xB4, 0x9B, 0x5C, 0xF9, 0x88, 0xF1, 0x71,
    0x44, 0x79, 0xC7, 0x0C, 0x88, 0x63, 0x3A, 0x44, 0xEA, 0x22, 0x1D, 0x1D, 0x00, 0xDD, 0xF1, 0x4F,
    0xB7, 0xC8, 0x21, 0x31, 0x94, 0xCD, 0x68, 0xC6, 0x2F, 0x78, 0x9D, 0xCE, 0x21, 0x99, 0x2E, 0xA7,
    0x43, 0x38, 0x0D, 0xF6, 0x97, 0x21, 0x92, 0xD1, 0xDB, 0x7B, 0x92, 0xBD, 0x22, 0x59, 0xDE, 0x26,
    0x3B, 0x46, 0x45, 0xF5, 0x37, 0xC8, 0xA2, 0xEF, 0xE1, 0xB7, 0x4D, 0xDA, 0xC6, 0x15, 0xC8, 0x12,
    0x57, 0xF0, 0xF0, 0xB4, 0x83, 0x79, 0xDE, 0x99, 0x41, 0x1D, 0xDB, 0x4E, 0x43, 0x57, 0x20, 0x06,
    0x53, 0x23, 0x0D, 0x4C, 0x16, 0x1D, 0x96, 0x72, 0xF1, 0xF5, 0xCA, 0xC4, 0x80, 0x51, 0x83, 0xCC,
    0x47, 0xD8, 0x94, 0x58, 0xE5, 0x43, 0x17, 0xDD, 0xC3, 0xD7, 0x70, 0x71, 0x45, 0xA6, 0x82, 0xB8,
    0x48, 0x58, 0x98, 0xF9, 0xB7, 0xD6, 0x03, 0xA8, 0x75, 0x9E, 0xA4, 0x9E, 0xB8, 0x37, 0xFD, 0xA9,
    0x33, 0xE3, 0x44, 0xB9, 0xB7, 0xB1, 0x4B, 0x25, 0xA5, 0x50, 0xDC, 0xC7, 0xA0, 0x89, 0x18, 0x52,
    0x55, 0x1D, 0xF3, 0x2D, 0x2E, 0x99, 0xBB, 0x0E, 0x81, 0x97, 0x72, 0x18, 0x17, 0x47, 0x52, 0x9F,
    0x8F, 0xF1, 0x0D, 0x24, 0x32, 0xEF, 0xB2, 0x8C, 0x36, 0x18, 0x3D, 0xF5, 0xD1, 0x67, 0x06, 0xE6,
    0x7B, 0x2E, 0xDA, 0x30, 0x62, 0x1F, 0x3B, 0x1A, 0xF8, 0x75, 0xFF, 0x96, 0xC3, 0x07, 0xE2, 0x80,
    0x1B, 0x3D, 0xB8, 0x56, 0x76, 0x1A, 0xAE, 0xA6, 0xA7, 0x91, 0xAA, 0x7B, 0x4E, 0xE7, 0x6E, 0xEC,
    0x89, 0xCB, 0x95, 0x39, 0xF7, 0xE8, 0x7B, 0xB9, 0x38, 0x79, 0x65, 0xF6, 0x4F, 0x7C, 0xBF, 0xC1,
    0x3B, 0x1B, 0xB2, 0x4C, 0x87, 0xD5, 0x32, 0x31, 0x0E, 0x28, 0xB7, 0xDB, 0x28, 0xE7, 0xD3, 0x2E,
    0x9F, 0x69, 0x07, 0x60, 0xD1, 0x67, 0x5B, 0x44, 0x61, 0xD9, 0x5A, 0x0F, 0x3C, 0x1C, 0x46, 0x14,
    0xA2, 0x96, 0xA8, 0x22, 0xEA, 0x87, 0xCC, 0xA0, 0x19, 0xAA, 0xDE, 0x25, 0xDA, 0x7A, 0xC8, 0x5D,
    0xD3, 0x61, 0x11, 0xCB, 0x14, 0x7F, 0x36, 0x90, 0xC2, 0xEB, 0x63, 0xBF, 0xF7, 0xF4, 0x92, 0xE4,
    0x3C, 0x98, 0xBD, 0x14, 0x7E, 0x3F, 0xE0, 0x37, 0x23, 0xC1, 0xD7, 0xA8, 0x51, 0x3E, 0xAF, 0x31,
    0xF8, 0xE0, 0xA5, 0xF2, 0x53, 0xE5, 0x43, 0x9F, 0x49, 0xE6, 0xE7, 0x91, 0xF1, 0x65, 0xF0, 0xFA,
    0xB6, 0xF1, 0x36, 0xC3, 0xC9, 0x6E, 0x0F, 0x77, 0xCE, 0xF8, 0xCD, 0x60, 0x5D, 0xE9, 0x89, 0x2F,
    0x86, 0xB8, 0xE5, 0xCF, 0x23, 0x3A, 0x1E, 0xDA, 0x68, 0xC8, 0x88, 0x8A, 0xC1, 0x0C, 0x28, 0x5F,
    0xE3, 0xE5, 0x63, 0x43, 0x58, 0x76, 0xE4, 0x10, 0x8D, 0xF6, 0x3D, 0xA1, 0xCC, 0x0F, 0x5E, 0xC5,
    0xDB, 0x97, 0xC2, 0xEF, 0x03, 0x61, 0x1A, 0x21, 0x31, 0x69, 0x83, 0xD0, 0xA1, 0x2A, 0x5F, 0x2A,
    0xBF, 0x1B, 0xA0, 0x9F, 0x82, 0xE0, 0x9B, 0xC4, 0x2C, 0x79, 0xB9, 0x6B, 0x4B, 0x59, 0xBC, 0xA6,
    0xAC, 0xEB, 0xC6, 0xC1, 0x9C, 0xC9, 0x83, 0xAE, 0x30, 0x0F, 0xE6, 0x50, 0x70, 0x5C, 0xC7, 0x49,
    0x2D, 0x29, 0x60, 0x6E, 0x4B, 0x02, 0x2D, 0x32, 0x82, 0xA0, 0xC9, 0xFA, 0x26, 0x6C, 0x60, 0x2F,
    0x8A, 0xD9, 0x9A, 0xAA, 0x59, 0x74, 0x57, 0x90, 0x28, 0x21, 0x2C, 0xCD, 0x20, 0x13, 0xB2, 0xC6,
    0xC4, 0x6C, 0x35, 0x1E, 0xA0, 0xD2, 0xFE, 0xC8, 0xA1, 0x5A, 0xBE, 0x0D, 0x9E, 0x48, 0x89, 0xE5,
    0x2B, 0xD6, 0xD1, 0x55, 0x6A, 0x56, 0x96, 0xF6, 0x09, 0xA5, 0x9E, 0x53, 0x6C, 0x40, 0xC2, 0xA6,
    0x60, 0xD6, 0x84, 0x9E, 0x52, 0x84, 0x7F, 0xAF, 0xA4, 0x55, 0x5F, 0xD6, 0xD2, 0xA8, 0x27, 0x16,
    0xA5, 0x6B, 0xD9, 0x84, 0xC8, 0xD5, 0x8A, 0xD0, 0xC6, 0xE5, 0x44, 0xD5, 0x80, 0x62, 0x55, 0x69,
    0x03, 0x5D, 0x25, 0xA2, 0x7F, 0xC2, 0xEE, 0xA3, 0x3C, 0x95, 0xE8, 0x33, 0x20, 0xB4, 0x7A, 0x6A,
    0x46, 0x12, 0xF6, 0xCC, 0xD4, 0x7A, 0x2A, 0x61, 0xC1, 0x8C, 0xE8, 0xD1, 0x12, 0xCD, 0x1C, 0x50,
    0x52, 0x6D, 0x1E, 0x8B, 0xE4, 0x9C, 0x9E, 0x03, 0xAF, 0x12, 0x28, 0xBA, 0x37, 0x73, 0x83, 0xE2,
    0x53, 0x97, 0x71, 0x2D, 0x51, 0x8D, 0xB5, 0x21, 0x4B, 0x36, 0xC2, 0xC4, 0x16, 0xCA, 0xD9, 0x63,
    0xF7, 0x88, 0x5D, 0x41, 0xFF, 0xE9, 0x86, 0x2E, 0xAA, 0x69, 0x29, 0x55, 0xC7, 0xED, 0x61, 0xFD,
    0x9A, 0xEF, 0xF1, 0xDC, 0x22, 0x33, 0x80, 0x57, 0x7D, 0x94, 0x34, 0x43, 0xF5, 0xBF, 0x75, 0xEC,
    0x58, 0x39, 0x7C, 0x7D, 0x24, 0x7E, 0x6F, 0xFC, 0x81, 0xC1, 0x35, 0xB9, 0x1A, 0x59, 0x22, 0x3A,
    0x51, 0x42, 0x31, 0xA6, 0x4C, 0x4F, 0x2D, 0xE0, 0x3A, 0x30, 0xD7, 0xAE, 0x46, 0x96, 0x3D, 0xA4,
    0x10, 0x41, 0xFF, 0x05, 0xE8, 0xFE, 0x19, 0xE6, 0xA0, 0xF2, 0xE9, 0xD5, 0x88, 0xC1, 0x63, 0x05,
    0xE9, 0xE8, 0x59, 0x07, 0xB7, 0x9E, 0x49, 0x64, 0x5E, 0x95, 0x18, 0xAF, 0x63, 0x1B, 0xA6, 0x30,
    0x8D, 0xD4, 0x24, 0x79, 0x5C, 0xED, 0x49, 0xF8, 0x0F, 0xF8, 0xE3, 0xBC, 0xF6, 0xA7, 0x27, 0x33,
    0xE8, 0xE9, 0x6B, 0x8C, 0xAE, 0x51, 0x66, 0xC1, 0xF2, 0xF7, 0x00, 0x0B, 0x6F, 0x4B, 0x78, 0xEA,
    0x58, 0xD7, 0x31, 0xA2, 0x1D, 0x03, 0xB7, 0x80, 0xD2, 0x69, 0x95, 0xB2, 0x5E, 0x8E, 0x6D, 0x80,
    0x1A, 0xB6, 0x85, 0x83, 0x8F, 0x3B, 0x84, 0xBE, 0xAE, 0xD0, 0x25, 0x44, 0x4B, 0x4C, 0x54, 0x15,
    0x29, 0x7C, 0x16, 0xDD, 0x58, 0xBA, 0x0C, 0x8E, 0xDF, 0x65, 0x21, 0x86, 0x66, 0x71, 0x15, 0x36,
    0x19, 0xF2, 0x1A, 0x9B, 0x82, 0x78, 0x9D, 0x74, 0xF4, 0x71, 0x0B, 0x51, 0xE3, 0xE3, 0xB5, 0x13,
    0xBA, 0x37, 0xE8, 0xF0, 0x1C, 0xE6, 0x0D, 0xCF, 0xB0, 0x3B, 0x4D, 0x15, 0x9C, 0x87, 0xC5, 0x94,
    0x24, 0x58, 0xF5, 0x73, 0xF0, 0x0D, 0x2D, 0x81, 0xA3, 0x5E, 0x02, 0x47, 0x44, 0xE0, 0x88, 0x08,
    0x1C, 0x48, 0x6A, 0xF2, 0x21, 0x71, 0x32, 0x09, 0x13, 0x90, 0x94, 0x64, 0xC6, 0xF4, 0x92, 0x11,
    0xFD, 0x76, 0x42, 0x78, 0x28, 0x08, 0x6B, 0xAE, 0x42, 0x29, 0x08, 0x4B, 0x0E, 0xA5, 0xF6, 0x68,
    0xBC, 0xD9, 0x9F, 0x66, 0x25, 0x4F, 0xAE, 0xB8, 0x33, 0x47, 0x4B, 0x4C, 0x91, 0xA0, 0x5D, 0x1E,
    0xC9, 0x39, 0x6F, 0xFF, 0x96, 0x5C, 0x8D, 0x2C, 0x2E, 0xA3, 0xCA, 0x28, 0x46, 0xDB, 0x30, 0x4E,
    0x62, 0xFA, 0xDA, 0x52, 0x67, 0xAF, 0x5A, 0x16, 0xBB, 0x3E, 0xA4, 0xB4, 0x62, 0x37, 0x2F, 0x1A,
    0xF5, 0x2B, 0x14, 0x83, 0x15, 0x65, 0x92, 0x7B, 0x3C, 0x6E, 0xFD, 0xD1, 0xEC, 0xF0, 0x02, 0xB5,
    0x62, 0x8C, 0x9D, 0x4B, 0x21, 0x4E, 0x42, 0xB6, 0x26, 0x31, 0x4C, 0xA5, 0x79, 0x98, 0x10, 0x3D,
    0x46, 0x4A, 0xF3, 0x85, 0x15, 0xF5, 0xD7, 0x12, 0xE8, 0x6E, 0x08, 0xEE, 0xDE, 0xEA, 0x2E, 0xE6,
    0x33, 0xB5, 0x6F, 0x2C, 0x59, 0x5D, 0xCE, 0x59, 0xAC, 0xC4, 0xC2, 0x63, 0xCE, 0xEB, 0x4D, 0xD8,
    0xF7, 0xB5, 0xB2, 0x11, 0xE2, 0x58, 0xD0, 0x62, 0xB9, 0x1D, 0x56, 0xDB, 0x61, 0x6C, 0xAB, 0xF3,
    0xA0, 0xE1, 0xF1, 0x85, 0x36, 0x5B, 0x15, 0x4F, 0x41, 0x19, 0xBF, 0x96, 0x21, 0x75, 0xBA, 0x12,
    0x56, 0xCF, 0x90, 0x80, 0xA8, 0x19, 0x13, 0x0A, 0xB0, 0xA2, 0x99, 0x8B, 0x31, 0xEE, 0x50, 0xD5,
    0xF5, 0x85, 0x5F, 0xA1, 0xCB, 0xAE, 0x9B, 0x98, 0x87, 0x0D, 0x0D, 0x3D, 0x37, 0xB4, 0x53, 0x19,
    0x50, 0x01, 0x82, 0x32, 0x04, 0xA8, 0x8A, 0xB9, 0x33, 0x54, 0x5D, 0x53, 0x64, 0x1E, 0xB0, 0x41,
    0xE9, 0x9D, 0xF8, 0xF3, 0x27, 0x9A, 0x6F, 0xE1, 0xA2, 0x3C, 0x7E, 0x49, 0xD7, 0x23, 0xDC, 0x1D,
    0xBB, 0xD0, 0x3D, 0x76, 0x47, 0xD0, 0x1E, 0x20, 0x8B, 0x33, 0x1F, 0xF4, 0x95, 0xBE, 0xAF, 0x23,
    0xE6, 0x4E, 0xB5, 0x73, 0xB3, 0x3C, 0x12, 0x76, 0x8A, 0x71, 0x79, 0xDA, 0xC1, 0xF9, 0xBC, 0x37,
    0x81, 0x41, 0xF4, 0x27, 0xBB, 0xEA, 0x38, 0x69, 0xE3, 0x3A, 0x72, 0x3A, 0x48, 0x1D, 0x8E, 0xB1,
    0xF8, 0xA1, 0xD1, 0x02, 0x24, 0x1C, 0x5E, 0x25, 0x68, 0x19, 0x50, 0x79, 0x6E, 0xB2, 0x7B, 0x4F,
    0x01, 0x82, 0xEF, 0x49, 0xC4, 0x43, 0x1F, 0x57, 0x3D, 0xD0, 0xD4, 0xB9, 0x62, 0x84, 0x5B, 0xB9,
    0x7F, 0x49, 0x74, 0x1F, 0x89, 0xDB, 0xE8, 0xE8, 0xA9, 0x91, 0x04, 0x15, 0xF6, 0x6A, 0x81, 0xFD,
    0xA2, 0xB4, 0xE3, 0xA3, 0x09, 0xEA, 0xA7, 0x46, 0x76, 0xB6, 0xAA, 0x4B, 0xA3, 0xA9, 0x61, 0xCC,
    0x09, 0x0A, 0xE0, 0x1B, 0x2B, 0xF5, 0xEF, 0x8B, 0xD2, 0x64, 0x95, 0xC4, 0x6A, 0x96, 0x75, 0x2C,
    0x1B, 0x4B, 0xD9, 0xD5, 0x4A, 0xF6, 0x45, 0xE9, 0x27, 0xF5, 0xEF, 0x60, 0x21, 0x7D, 0xFB, 0x35,
    0x7C, 0xA2, 0xDD, 0xE8, 0xDF, 0xB5, 0x71, 0xA5, 0x3B, 0xFA, 0x01, 0x02, 0x06, 0x28, 0x45, 0xF0,
    0x14, 0x04, 0x92, 0x72, 0xAB, 0x1C, 0x31, 0x9C, 0xF0, 0x58, 0xB4, 0x7F, 0x20, 0x85, 0xF3, 0xE0,
    0xC2, 0x85, 0xA2, 0x42, 0x66, 0xE8, 0xA7, 0x01, 0xE3, 0x56, 0x16, 0xFF, 0xB6, 0xB9, 0x69, 0xD2,
    0xC5, 0x3A, 0xBC, 0x27, 0x6E, 0x36, 0x53, 0x84, 0xB1, 0x9B, 0x0B, 0x1E, 0xDB, 0x8A, 0x3A, 0x5E,
    0xF3, 0x15, 0x57, 0x7E, 0x96, 0xAE, 0xAE, 0xFA, 0x54, 0x31, 0x7C, 0x66, 0x2D, 0x99, 0xED, 0x6F,
    0x83, 0x8B, 0xC5, 0xD6, 0xEF, 0xFB, 0xC7, 0x2E, 0x76, 0xE5, 0x31, 0x00, 0x9D, 0x01, 0x36, 0xAE,
    0x97, 0xA7, 0x40, 0x34, 0x3B, 0xE6, 0x4F, 0x3C, 0xCE, 0xE3, 0x83, 0xA1, 0x53, 0xBD, 0xB4, 0x9E,
    0x6F, 0x9B, 0x22, 0x7A, 0xEA, 0x1C, 0xC5, 0x79, 0xCE, 0xDA, 0x7D, 0xBC, 0xB6, 0x40, 0xFE, 0xDB,
    0xC8, 0x6C, 0x61, 0xCE, 0xF1, 0x1D, 0x3B, 0xBE, 0x5C, 0x5D, 0x07, 0x7C, 0xD9, 0x1F, 0xA0, 0x3B,
    0x1D, 0x5C, 0xAC, 0xF1, 0x35, 0xCE, 0x65, 0xD1, 0x66, 0x70, 0x8A, 0xE8, 0xE1, 0x88, 0x54, 0x23,
    0xE4, 0x1A, 0x4D, 0x94, 0x5F, 0x1A, 0xED, 0x75, 0xD0, 0x1A, 0x43, 0xF6, 0xDB, 0x91, 0xB9, 0x2C,
    0x9A, 0xC0, 0x49, 0x0B, 0xB7, 0x5E, 0x1F, 0xF0, 0xA5, 0x09, 0x2C, 0x62, 0x85, 0x65, 0xA8, 0xE0,
    0x93, 0x1B, 0xD0, 0x43, 0x6C, 0x48, 0x5C, 0x48, 0x00, 0x52, 0x06, 0x0F, 0x88, 0x3E, 0xDA, 0x9D,
    0xC2, 0x1F, 0x2E, 0x05, 0x68, 0xA9, 0x42, 0x9E, 0xC9, 0x5A, 0xDE, 0x54, 0xEE, 0x04, 0xF2, 0xF4,
    0x81, 0x9D, 0x7F, 0x66, 0x97, 0x38, 0xBB, 0x18, 0x7B, 0xB4, 0xFD, 0x3E, 0x60, 0x0B, 0xAC, 0xF3,
    0xF8, 0x0F, 0xD5, 0xC6, 0xE9, 0x09, 0xDF, 0xFF, 0x48, 0x24, 0xCA, 0xAD, 0xFE, 0xD4, 0x46, 0x77,
    0xEB, 0xFF, 0x53, 0x06, 0xA6, 0x2F, 0x0A, 0xF9, 0x95, 0x42, 0x9E, 0xC5, 0xE2, 0x44, 0xA1, 0xA5,
    0x1F, 0x95, 0xF2, 0x1A, 0x2D, 0xC1, 0x1F, 0x1E, 0xB3, 0xAA, 0x09, 0xFB, 0x13, 0xAB, 0xEB, 0xC4,
    0x22, 0x93, 0xA2, 0xD3, 0x01, 0xDD, 0x95, 0x2D, 0xFC, 0x44, 0x38, 0x1E, 0x4A, 0x16, 0xD0, 0x9E,
    0x82, 0x6C, 0x76, 0x97, 0x69, 0x53, 0xC3, 0x55, 0xF1, 0x81, 0x51, 0xCC, 0xC0, 0x01, 0xD7, 0xB8,
    0x11, 0xB7, 0xAB, 0x71, 0xB8, 0x49, 0x91, 0xD8, 0x7D, 0xD5, 0xB7, 0xC8, 0xEE, 0x9E, 0x74, 0xF4,
    0x73, 0x90, 0xEB, 0xD8, 0xB1, 0x2E, 0x8B, 0xF8, 0xAC, 0x81, 0xB9, 0x1B, 0x85, 0x66, 0xDE, 0x89,
    0xE2, 0x01, 0x25, 0x97, 0x3B, 0x7E, 0xB2, 0x60, 0x81, 0x35, 0x65, 0x2E, 0xE4, 0xFA, 0xD3, 0x1F,
    0x22, 0xFE, 0x33, 0x15, 0xFA, 0xC1, 0x45, 0x2B, 0x36, 0xAA, 0x45, 0x66, 0x57, 0xA9, 0x9A, 0x44,
    0x32, 0x68, 0x67, 0xEC, 0x42, 0x54, 0x68, 0x27, 0xA7, 0x0B, 0x89, 0x4A, 0xD8, 0x42, 0x89, 0xD8,
    0x66, 0xD2, 0x5F, 0x2F, 0x60, 0x15, 0xAD, 0x3B, 0xDD, 0xF6, 0x91, 0x7C, 0x59, 0x8D, 0x1F, 0x0E,
    0x1E, 0x78, 0x59, 0xB4, 0x97, 0x95, 0xF7, 0xC2, 0x57, 0xDE, 0x07, 0x2B, 0x95, 0xF7, 0x8B, 0xD2,
    0x4E, 0x8F, 0x0E, 0x60, 0xF6, 0x56, 0xEC, 0x56, 0x7E, 0x69, 0x34, 0x6F, 0x41, 0xBE, 0x0C, 0x0A,
    0x7F, 0x33, 0xBA, 0x3C, 0x9A, 0xAE, 0xB2, 0x37, 0xBE, 0x25, 0xF2, 0x9C, 0xC7, 0x82, 0x4B, 0x3E,
    0xCF, 0x8C, 0xBB, 0x2E, 0xD1, 0x62, 0x84, 0xE8, 0xD6, 0xCA, 0x02, 0x59, 0x8E, 0x8D, 0xDA, 0x08,
    0x98, 0x0E, 0x0E, 0x85, 0x36, 0x87, 0x45, 0xC2, 0xB4, 0x3F, 0x2A, 0x0F, 0xA1, 0xD6, 0x26, 0x1D,
    0x05, 0x16, 0x35, 0x41, 0xAD, 0x51, 0x56, 0xC7, 0xF5, 0xCC, 0x24, 0xC8, 0x65, 0x46, 0xB3, 0x9A,
    0xF5, 0x83, 0x4F, 0xA1, 0x4E, 0x33, 0x86, 0xC3, 0x73, 0x19, 0x03, 0xCC, 0xA9, 0x80, 0xEF, 0xB4,
    0x2E, 0x6B, 0x2A, 0xF9, 0x3C, 0x39, 0xB0, 0x7C, 0xC0, 0x99, 0x60, 0x42, 0xCA, 0x84, 0x06, 0x93,
    0xC7, 0x58, 0xD3, 0x08, 0x6D, 0x72, 0x21, 0xEA, 0xC4, 0x2E, 0xB2, 0xAB, 0x21, 0x63, 0x48, 0x65,
    0x05, 0x26, 0x2E, 0x81, 0x2E, 0x10, 0x15, 0xC5, 0xBF, 0xC4, 0x7F, 0x2C, 0x65, 0x7C, 0x66, 0x90,
    0x2F, 0x4C, 0x37, 0x06, 0x8C, 0xE8, 0x0F, 0xAD, 0x3F, 0xE3, 0xBE, 0x2C, 0x59, 0x09, 0x73, 0x2B,
    0xA7, 0x00, 0x2E, 0xC2, 0xE8, 0x73, 0x69, 0x79, 0x41, 0x3D, 0x4D, 0xE8, 0xC9, 0x23, 0x42, 0xD4,
    0xC8, 0xC3, 0xD3, 0x98, 0x1D, 0x8B, 0x47, 0x62, 0x1A, 0x9F, 0xB2, 0x49, 0xC2, 0xB9, 0xDA, 0x1D,
    0x0D, 0xB1, 0xDC, 0xD1, 0x5B, 0xA4, 0xC4, 0xC0, 0x15, 0xBB, 0xB3, 0xDD, 0x66, 0x59, 0xE6, 0x47,
    0xA7, 0xFF, 0x94, 0x90, 0x2E, 0x0F, 0x6E, 0x5D, 0x7E, 0x3A, 0xE7, 0x16, 0xCF, 0xF3, 0xD3, 0x83,
    0x5A, 0x7D, 0xF6, 0xCF, 0x0B, 0x46, 0x56, 0xFE, 0x19, 0x00, 0x59, 0x27, 0x68, 0x8D, 0x66, 0xC8,
    0x49, 0xA6, 0xCD, 0x8C, 0x53, 0x80, 0x9A, 0x9F, 0xF8, 0x87, 0xA4, 0x9A, 0x0F, 0x49, 0xB5, 0x09,
    0x08, 0x47, 0xA1, 0x83, 0x23, 0x9E, 0x44, 0xC3, 0x80, 0xF6, 0xF8, 0xA9, 0x43, 0x8E, 0x88, 0x5A,
    0x39, 0x3E, 0xB9, 0x89, 0xE0, 0xF0, 0x1B, 0x3E, 0xB3, 0xBA, 0x77, 0x32, 0x10, 0x4E, 0xBE, 0xF9,
    0xF9, 0xA8, 0xAF, 0x5B, 0x1A, 0xDE, 0xAB, 0x6F, 0x5F, 0xAD, 0x72, 0xFE, 0x05, 0xC5, 0x5B, 0xBF,
    0x8F, 0xDC, 0xC6, 0x15, 0x1E, 0x92, 0xF6, 0xD1, 0x0E, 0x91, 0xD0, 0x85, 0x91, 0xC4, 0x11, 0x24,
    0x36, 0x6E, 0x02, 0x58, 0xC7, 0xC6, 0x85, 0x8B, 0xE5, 0x0F, 0xC5, 0x85, 0x8B, 0x14, 0x71, 0x11,
    0x55, 0x29, 0x9C, 0x32, 0x55, 0x94, 0xC2, 0x01, 0x64, 0x80, 0x7B, 0x4B, 0xC1, 0x45, 0x0A, 0x15,
    0x51, 0x8A, 0xD4, 0x49, 0xE1, 0x3F, 0x40, 0x85, 0x8A, 0x0B, 0xB0, 0xD2, 0x32, 0x49, 0xE9, 0x22,
    0x94, 0x03, 0xC3, 0x45, 0x0A, 0xD3, 0xB0, 0x3A, 0x17, 0xA6, 0x63, 0x3A, 0xA6, 0xA2, 0xBD, 0x63,
    0xBE, 0xEF, 0xCD, 0x70, 0x97, 0xDC, 0xFB, 0x01, 0x3B, 0xDA, 0xBB, 0x5B, 0x2D, 0xE7, 0x74, 0xBB,
    0xE4, 0xCC, 0xFB, 0xDE, 0xBC, 0x79, 0xEF, 0x7B, 0x6F, 0xE6, 0x94, 0x92, 0x57, 0xD0, 0x55, 0x4A,
    0x85, 0x5D, 0xA9, 0x06, 0x2F, 0xBB, 0x41, 0xE3, 0xB4, 0x68, 0x3C, 0x36, 0xFE, 0x1C, 0x4D, 0x9C,
    0xA1, 0xC9, 0xD8, 0xB4, 0x13, 0xA5, 0xAC, 0x3A, 0xC2, 0x1D, 0x15, 0x1A, 0xB7, 0x88, 0x71, 0x47,
    0x8E, 0x26, 0xC4, 0x3F, 0x95, 0x74, 0x9D, 0x52, 0x0B, 0x36, 0x8F, 0xAF, 0xDF, 0x50, 0x76, 0xAD,
    0x82, 0xD4, 0x29, 0x95, 0x9F, 0xFA, 0x05, 0x6E, 0x0A, 0x52, 0x34, 0x09, 0x6E, 0x2F, 0xA6, 0xE8,
    0xBA, 0x30, 0xE3, 0x97, 0xA3, 0xE1, 0x83, 0x7A, 0xA2, 0xBA, 0x83, 0x9B, 0xCE, 0xE3, 0xA0, 0xF5,
    0x2A, 0xB7, 0xF1, 0x73, 0xA7, 0x0E, 0x95, 0x53, 0x27, 0x32, 0x9A, 0x53, 0x66, 0xCA, 0x2D, 0xE7,
    0xE8, 0x60, 0xAE, 0x02, 0x5C, 0x49, 0x3E, 0x55, 0x8B, 0x34, 0x79, 0xE3, 0x63, 0x74, 0xF1, 0x33,
    0xE5, 0xB6, 0x01, 0x3A, 0xB8, 0xAC, 0xEE, 0x62, 0x84, 0x9F, 0x00, 0x95, 0xDF, 0x61, 0x08, 0xFB,
    0x50, 0x5D, 0x04, 0xB4, 0xCB, 0xAA, 0x16, 0x21, 0x28, 0xC3, 0x50, 0x84, 0xA7, 0x86, 0x77, 0x7E,
    0x73, 0x73, 0x85, 0xF2, 0xDE, 0x64, 0x53, 0xE3, 0xB2, 0x2A, 0x0E, 0xCE, 0xC6, 0x12, 0x38, 0x0F,
    0xB6, 0x05, 0xE8, 0x35, 0xDD, 0xB7, 0x53, 0x50, 0x5E, 0x5C, 0x4B, 0x0C, 0xB3, 0xEC, 0xD5, 0x35,
    0x63, 0xC3, 0xDF, 0x6C, 0xCA, 0xE0, 0xE5, 0x68, 0x9E, 0x1F, 0xCD, 0xA7, 0xB5, 0x78, 0x4C, 0x1B,
    0x02, 0xA6, 0xD9, 0x9D, 0x2B, 0xCA, 0xE2, 0xAD, 0x2E, 0x6F, 0xF5, 0x89, 0x00, 0x98, 0x80, 0x9A,
    0xB7, 0xC5, 0x6C, 0xA6, 0x6C, 0xE6, 0x7D, 0x8F, 0x9B, 0x8D, 0x7C, 0xB1, 0xC7, 0x26, 0xE1, 0x63,
    0xC1, 0xA3, 0xEF, 0xE7, 0xCA, 0xED, 0x3A, 0x0C, 0x39, 0xFB, 0xAF, 0x32, 0x3D, 0x26, 0xFA, 0x3E,
    0xAB, 0xD6, 0xF2, 0xF6, 0xAF, 0x4B, 0xD0, 0x08, 0x44, 0x70, 0x1E, 0xEF, 0x28, 0x0F, 0x96, 0x1C,
    0xE4, 0x54, 0xB8, 0x1E, 0x94, 0x63, 0x66, 0xA6, 0xF7, 0xB9, 0xF9, 0x3F, 0x07, 0x49, 0xEE, 0xFC,
    0x06, 0xB6, 0x51, 0x2B, 0xAB, 0xBB, 0x43, 0x60, 0xB4, 0xFF, 0x90, 0x72, 0xCF, 0x5B, 0x6A, 0x19,
    0xB3, 0x68, 0xA7, 0xCF, 0x5F, 0x08, 0x4E, 0xDA, 0x17, 0xE7, 0x20, 0x40, 0x2F, 0xD3, 0x00, 0x50,
    0xDD, 0x74, 0x7B, 0x38, 0x39, 0xC1, 0x5A, 0x64, 0x37, 0x57, 0x9B, 0xAF, 0x73, 0x83, 0x28, 0xD3,
    0x57, 0x1B, 0x93, 0xDE, 0x16, 0xB4, 0xCA, 0xC3, 0x50, 0xFB, 0xBC, 0x37, 0xE6, 0x0A, 0x0D, 0x38,
    0xA3, 0xDF, 0x49, 0x2F, 0x04, 0xDF, 0x4D, 0xBB, 0x54, 0xBB, 0x7E, 0xAE, 0xFC, 0x3D, 0xED, 0x24,
    0x88, 0x75, 0x6B, 0x38, 0xDF, 0xB4, 0xF0, 0x48, 0xE6, 0x63, 0xDC, 0x5D, 0x3E, 0xE0, 0x37, 0xBD,
    0xF9, 0xAE, 0x5E, 0x0B, 0x0A, 0xB2, 0xE8, 0x30, 0x70, 0xBB, 0x03, 0xB0, 0x0D, 0x84, 0x84, 0xC6,
    0xFD, 0x02, 0x4B, 0xD8, 0x2B, 0x20, 0x8B, 0x5B, 0x3A, 0x15, 0xBC, 0x03, 0x5C, 0x8F, 0x53, 0xC1,
    0x20, 0x9C, 0x0A, 0xDE, 0xC6, 0x2D, 0xA1, 0x05, 0xAF, 0xA4, 0xD0, 0x85, 0x4F, 0x4F, 0x04, 0xCF,
    0x10, 0xA6, 0x21, 0x1D, 0x40, 0x42, 0x55, 0xC5, 0xCA, 0x6B, 0xD4, 0xD4, 0x5A, 0x94, 0x6A, 0xD6,
    0x1D, 0xB2, 0xF7, 0x3B, 0x32, 0x94, 0xFF, 0x86, 0xE8, 0xCE, 0xA7, 0x31, 0x85, 0x81, 0x68, 0x6F,
    0xC2, 0x36, 0x7A, 0x41, 0x19, 0x00, 0x41, 0x4D, 0x28, 0xDD, 0xC1, 0x9C, 0x4E, 0x33, 0x68, 0x29,
    0xAB, 0xD3, 0x10, 0x37, 0x95, 0x12, 0x8A, 0x6A, 0x12, 0x69, 0xA7, 0x10, 0x84, 0x8F, 0xB8, 0x25,
    0xD1, 0xD3, 0x01, 0xCE, 0x65, 0x66, 0xE8, 0xB4, 0xF8, 0xED, 0x02, 0x88, 0xE1, 0xB8, 0x52, 0x25,
    0xAE, 0x4B, 0x19, 0xE7, 0x85, 0x5F, 0x24, 0x7C, 0x42, 0xA6, 0xD8, 0x5A, 0x14, 0x2A, 0x52, 0x7E,
    0x89, 0x4E, 0xD0, 0xE1, 0x9C, 0x2E, 0x6B, 0xA9, 0xAC, 0x46, 0x51, 0x11, 0xD0, 0x82, 0x6A, 0x2D,
    0x36, 0x61, 0x87, 0x9F, 0x49, 0xD7, 0xD8, 0x0D, 0xB5, 0x50, 0xF7, 0x5A, 0xF0, 0x4A, 0x0C, 0x19,
    0x14, 0x18, 0x71, 0x06, 0xF4, 0xF6, 0x01, 0x0C, 0xE2, 0x46, 0x43, 0x6B, 0xC9, 0xD1, 0xFB, 0x23,
    0xED, 0x69, 0x39, 0xD7, 0x9C, 0xAC, 0x0E, 0x93, 0x81, 0x86, 0xD6, 0x1B, 0x19, 0x9C, 0x02, 0xB3,
    0x3B, 0xD8, 0xD7, 0x20, 0x05, 0xA3, 0x40, 0x14, 0x84, 0x31, 0xA1, 0x01, 0x5F, 0xA9, 0xE1, 0x09,
    0x3A, 0x01, 0x27, 0xD8, 0x04, 0x1A, 0x5D, 0xB2, 0x06, 0x66, 0x70, 0x71, 0x56, 0xBB, 0x06, 0x57,
    0x3D, 0x98, 0xD7, 0xA5, 0x5C, 0x0C, 0x3B, 0x8D, 0x5E, 0x45, 0xB6, 0x59, 0x49, 0x54, 0x1D, 0xBA,
    0x17, 0x23, 0xF4, 0xBA, 0x8E, 0x11, 0x45, 0x71, 0x52, 0x68, 0x26, 0x81, 0x91, 0x3A, 0x19, 0x98,
    0xD9, 0xCC, 0x74, 0x25, 0xAF, 0x04, 0x18, 0x67, 0xDD, 0x7A, 0xA9, 0x70, 0x96, 0x68, 0xA2, 0x6D,
    0x98, 0xD3, 0x22, 0x10, 0x9F, 0x72, 0x86, 0xAF, 0x78, 0xE7, 0x10, 0xB7, 0x35, 0x6A, 0x76, 0x98,
    0x8E, 0x4C, 0x34, 0x16, 0x13, 0xCD, 0x60, 0xA2, 0x4B, 0x65, 0xD3, 0x2E, 0x5C, 0x35, 0x51, 0xEE,
    0xAD, 0x7B, 0xCA, 0xA1, 0xEC, 0x8B, 0xF4, 0x4C, 0xE5, 0x7F, 0xCD, 0xC6, 0x9C, 0x43, 0x9D, 0x61,
    0x67, 0xE2, 0xF1, 0x96, 0x30, 0xC8, 0xA8, 0x1C, 0x71, 0x77, 0xEC, 0x23, 0xCF, 0x64, 0x0E, 0x6A,
    0xED, 0xF5, 0xAD, 0x7A, 0x7B, 0xF2, 0x9F, 0x85, 0x9C, 0xF0, 0x6A, 0x8A, 0x4E, 0xF6, 0x8A, 0xB1,
    0x7B, 0x5E, 0x21, 0x3E, 0xF3, 0xCB, 0x2D, 0xC8, 0x0C, 0xA1, 0x18, 0xE8, 0x2E, 0xE3, 0xC3, 0x89,
    0xB9, 0x21, 0x81, 0x60, 0xA1, 0x89, 0xF2, 0x3B, 0xEA, 0x87, 0x88, 0xF8, 0xFB, 0xCA, 0xFA, 0x12,
    0x37, 0xD2, 0xBF, 0xED, 0x9D, 0xED, 0x9C, 0x4C, 0xC0, 0xB4, 0xAE, 0x80, 0xEE, 0xF8, 0x0B, 0x1D,
    0x8D, 0x9D, 0x53, 0xE6, 0x26, 0xFF, 0xB6, 0xB6, 0x25, 0x9D, 0xF9, 0x6D, 0x4F, 0x1C, 0x1B, 0x48,
    0x62, 0xA5, 0x3B, 0x47, 0x42, 0x95, 0xDF, 0x81, 0xBB, 0xCE, 0xEE, 0x5C, 0x2A, 0xBE, 0x51, 0xA8,
    0xC2, 0x0A, 0x58, 0x62, 0x29, 0x33, 0x40, 0xC5, 0x6C, 0x22, 0x36, 0x53, 0x4A, 0x31, 0xA7, 0xB2,
    0x96, 0x0C, 0x55, 0x2D, 0xC2, 0xC5, 0x4E, 0x83, 0x85, 0xC9, 0x95, 0x79, 0xE3, 0x90, 0xFD, 0xFC,
    0x48, 0x58, 0x1E, 0x54, 0x62, 0x3D, 0x21, 0xF9, 0xFB, 0xA0, 0xA2, 0x62, 0xEE, 0x0D, 0x65, 0x71,
    0x0F, 0x7C, 0xFA, 0x88, 0xB7, 0x94, 0x3A, 0x74, 0x0F, 0x69, 0xA8, 0x07, 0x54, 0xEB, 0x92, 0x4E,
    0x6C, 0x49, 0x81, 0x5A, 0x0A, 0x04, 0x77, 0x47, 0x57, 0x2B, 0xEE, 0x2E, 0xA4, 0xAC, 0xA1, 0xF2,
    0x2B, 0x7C, 0x01, 0xFB, 0xF0, 0x1F, 0xA2, 0x67, 0xAF, 0xFB, 0xA8, 0x00, 0x71, 0x15, 0x5E, 0x2B,
    0xD1, 0xC2, 0xEF, 0x9D, 0x29, 0x85, 0x7B, 0x67, 0x67, 0x49, 0xDD, 0x43, 0xA8, 0x4B, 0xDA, 0x0F,
    0xDD, 0x75, 0x70, 0xCF, 0x3E, 0x67, 0x68, 0x46, 0xB2, 0x1B, 0x34, 0x17, 0xA2, 0x1C, 0x3A, 0x32,
    0x10, 0x25, 0x68, 0x43, 0x5C, 0x99, 0xD8, 0xDD, 0xC5, 0xEA, 0x45, 0xF8, 0xBF, 0x98, 0x8F, 0x53,
    0x1E, 0xCF, 0xDF, 0xCE, 0xC5, 0x68, 0x24, 0x42, 0x49, 0x67, 0x63, 0xF7, 0x78, 0x01, 0x2A, 0x39,
    0x3F, 0xD0, 0xE2, 0x86, 0xF2, 0x5E, 0x28, 0x51, 0x81, 0x70, 0x9D, 0xB7, 0xF5, 0x57, 0xFC, 0x50,
    0x72, 0x92, 0xB5, 0xB8, 0xD1, 0x45, 0x2B, 0x47, 0x59, 0x42, 0xFA, 0x85, 0x0F, 0x8B, 0x3B, 0xDA,
    0x25, 0xE9, 0xF6, 0x87, 0x52, 0x65, 0x44, 0x3D, 0x27, 0x43, 0x6A, 0xE9, 0x3D, 0x1B, 0xB8, 0x4F,
    0x8C, 0x6F, 0xD7, 0xF0, 0xA0, 0x8E, 0x34, 0x15, 0x69, 0x52, 0x09, 0x73, 0x73, 0x0B, 0x78, 0xD1,
    0xAE, 0xF0, 0xD8, 0xF8, 0x1F, 0x5E, 0x7F, 0x2B, 0x27, 0x59, 0x4C, 0x31, 0x7E, 0x40, 0x65, 0x48,
    0x82, 0x1B, 0x53, 0xD9, 0x11, 0x95, 0x3D, 0xA5, 0xB2, 0xB3, 0x41, 0xEF, 0x32, 0x21, 0x21, 0xCC,
    0x77, 0x0E, 0xAD, 0x22, 0xBF, 0xDA, 0x51, 0xCF, 0xAD, 0x85, 0xE8, 0x19, 0x70, 0x6C, 0x94, 0xD6,
    0xB3, 0xE0, 0x16, 0xB0, 0xBF, 0x02, 0x5F, 0xFB, 0xFA, 0xE1, 0x12, 0x39, 0x7C, 0x86, 0xB4, 0x34,
    0x83, 0x5E, 0x32, 0x48, 0x34, 0x07, 0x8F, 0x6A, 0xA1, 0x85, 0xC6, 0x2F, 0x2C, 0xE4, 0xBC, 0x76,
    0xED, 0xA7, 0x76, 0x1D, 0xA0, 0x67, 0x68, 0xAE, 0x8C, 0x21, 0x6B, 0xA4, 0x49, 0x96, 0x79, 0xB7,
    0xEB, 0x37, 0xD0, 0x21, 0x0F, 0x07, 0x06, 0x69, 0x73, 0x81, 0x28, 0xEF, 0x92, 0x6F, 0x74, 0x2B,
    0x28, 0x95, 0xC0, 0x54, 0x92, 0x99, 0xF3, 0xCD, 0xEC, 0x9C, 0x48, 0x35, 0x54, 0x49, 0xE6, 0x45,
    0x5C, 0xFD, 0x9E, 0xCA, 0x7B, 0x6E, 0xB4, 0x69, 0x06, 0xEC, 0x51, 0xA1, 0xBF, 0xD4, 0x65, 0xD6,
    0x31, 0x1F, 0xA1, 0x6A, 0x7A, 0x54, 0x4E, 0x3B, 0x40, 0x55, 0x18, 0x54, 0x39, 0x50, 0xA5, 0x27,
    0xA0, 0x0A, 0xF2, 0x57, 0x55, 0xD2, 0xDC, 0x55, 0xF7, 0x16, 0x95, 0xAA, 0x82, 0xB5, 0x4F, 0x9A,
    0x61, 0x8C, 0xF0, 0x40, 0x27, 0x79, 0x34, 0x90, 0xE3, 0x82, 0xDD, 0xB1, 0x5A, 0x36, 0x71, 0xB3,
    0xD1, 0x71, 0x93, 0x57, 0x78, 0xA8, 0xBB, 0x73, 0xDB, 0xCB, 0x41, 0xB7, 0x9C, 0x04, 0x7D, 0xF4,
    0x13, 0x1B, 0x41, 0x80, 0x15, 0xEB, 0x30, 0x5A, 0x23, 0x79, 0x1E, 0xA8, 0x49, 0x2B, 0x28, 0x5E,
    0x5B, 0x7F, 0x02, 0x3D, 0xF2, 0x3A, 0x43, 0x31, 0x91, 0x1D, 0xF9, 0xDD, 0xFF, 0x2B, 0xE3, 0x44,
    0x21, 0x5B, 0xC3, 0x0D, 0x01, 0x96, 0x8C, 0x7B, 0xA0, 0xCE, 0x54, 0x4E, 0xF5, 0xB6, 0x7F, 0xAD,
    0x76, 0xBB, 0xD2, 0x5A, 0xD1, 0xED, 0x6F, 0x2B, 0xED, 0x19, 0x48, 0xC5, 0x34, 0x9C, 0xE5, 0x00,
    0xDF, 0xD4, 0x9C, 0xE8, 0xD3, 0x03, 0x7C, 0xE6, 0xF5, 0xE9, 0x39, 0x79, 0x50, 0xA1, 0x3D, 0x8D,
    0xF1, 0xA5, 0x51, 0x6F, 0xEA, 0xCB, 0x31, 0x02, 0x59, 0x49, 0xEE, 0x10, 0x41, 0x4A, 0xCA, 0x78,
    0x55, 0xEA, 0x58, 0xB5, 0x48, 0xD0, 0x99, 0xA2, 0x12, 0x5E, 0xFB, 0x26, 0x9F, 0x6E, 0xC6, 0x71,
    0xEC, 0x0C, 0x20, 0x32, 0x01, 0xB4, 0xE0, 0xCE, 0x90, 0xEF, 0x21, 0xEF, 0x75, 0x0B, 0xAF, 0x20,
    0x6B, 0x0B, 0xD2, 0x80, 0xBC, 0x8D, 0x9D, 0xE0, 0xA6, 0x96, 0x83, 0x36, 0x18, 0xD5, 0x62, 0x9E,
    0x6C, 0x33, 0x63, 0x06, 0x18, 0x3F, 0x67, 0x93, 0x02, 0x53, 0x40, 0x61, 0x42, 0x36, 0x31, 0xC5,
    0x89, 0x29, 0x4F, 0x44, 0x81, 0x32, 0x4A, 0x34, 0xA7, 0x43, 0x68, 0x29, 0x53, 0x83, 0x4F, 0x21,
    0x43, 0x46, 0x01, 0x24, 0x09, 0x6D, 0x29, 0x46, 0x8B, 0x21, 0x28, 0x99, 0x2E, 0xA4, 0x91, 0x97,
    0x22, 0xDB, 0xA4, 0xE5, 0x02, 0x94, 0xFF, 0xB8, 0x87, 0xBE, 0x0B, 0x6B, 0x4C, 0xD4, 0x7D, 0xF4,
    0x70, 0x73, 0xA5, 0x8E, 0x16, 0xF2, 0x34, 0x76, 0x6D, 0x41, 0x74, 0x00, 0x28, 0x9D, 0x9A, 0xF9,
    0xBB, 0x5B, 0x38, 0x48, 0x58, 0x5D, 0xC0, 0x00, 0x94, 0x94, 0xE9, 0x3A, 0x49, 0x28, 0xE2, 0x04,
    0x04, 0x8A, 0x21, 0x0F, 0x9D, 0x70, 0x86, 0x76, 0x6E, 0x54, 0x6C, 0x74, 0xC3, 0xC1, 0xDF, 0x20,
    0x83, 0xC6, 0xD0, 0x52, 0x45, 0xB4, 0xFE, 0x3C, 0x0A, 0x10, 0x53, 0x09, 0x10, 0xDE, 0xA8, 0x6C,
    0x22, 0x35, 0xA3, 0x8D, 0x80, 0xB3, 0x4A, 0x85, 0x07, 0xD1, 0xB5, 0x4F, 0x85, 0x87, 0x75, 0x13,
    0x0E, 0x2B, 0xA8, 0x25, 0xB7, 0x59, 0x43, 0x97, 0x86, 0x99, 0xBE, 0xE9, 0x78, 0xD5, 0x7B, 0x98,
    0x9A, 0xD2, 0xE6, 0x82, 0xCF, 0xCF, 0x06, 0x05, 0xA2, 0x97, 0xF8, 0x21, 0xFA, 0x00, 0x09, 0xF3,
    0xFE, 0x8E, 0x15, 0xAB, 0x06, 0x8C, 0x7C, 0x93, 0xF9, 0x57, 0x03, 0xE6, 0xDF, 0x1B, 0x51, 0x6F,
    0x40, 0x1B, 0x46, 0x14, 0x6D, 0x14, 0x5D, 0x4C, 0xB9, 0x66, 0x51, 0x9A, 0xD4, 0x75, 0xCE, 0xE2,
    0x0A, 0x38, 0x43, 0x8E, 0x6F, 0x20, 0x57, 0x63, 0x23, 0x82, 0xD4, 0x58, 0x19, 0xF0, 0xCB, 0x39,
    0xEE, 0x44, 0xD0, 0x75, 0x3E, 0xE1, 0x33, 0x1F, 0x71, 0x11, 0x7D, 0xCE, 0xC1, 0x58, 0x4B, 0xF7,
    0xBF, 0x44, 0x1F, 0xFE, 0xAD, 0x86, 0x63, 0xB6, 0x1C, 0x70, 0xAE, 0xC4, 0xD2, 0x74, 0x84, 0x8C,
    0x29, 0xC5, 0x94, 0xA8, 0x33, 0x1D, 0xA5, 0x9C, 0x6A, 0xA8, 0xF0, 0x68, 0xA5, 0x43, 0x51, 0x1A,
    0xB5, 0x64, 0xA5, 0xEA, 0x98, 0x6C, 0x65, 0x6D, 0xF8, 0x4B, 0xD5, 0x38, 0xB0, 0x10, 0xD6, 0x78,
    0x58, 0x4D, 0x59, 0x2A, 0xE7, 0x9F, 0x58, 0x8D, 0x1F, 0x17, 0x08, 0x3E, 0x85, 0x48, 0xE4, 0xE3,
    0x77, 0xCA, 0x13, 0x40, 0x1C, 0x4A, 0x43, 0x61, 0xB4, 0x9D, 0x0C, 0x02, 0x48, 0x6C, 0xFA, 0x6C,
    0xB4, 0x4F, 0x90, 0x41, 0x37, 0xFB, 0xAE, 0x74, 0xDF, 0xEE, 0x09, 0x7D, 0x87, 0x47, 0xFA, 0xFE,
    0x15, 0x4D, 0x01, 0x2A, 0x85, 0x13, 0x59, 0x91, 0xC5, 0x55, 0x8C, 0x6C, 0x94, 0x90, 0x8D, 0x23,
    0xAE, 0xAF, 0xF7, 0x1D, 0x2B, 0xD7, 0x87, 0xF7, 0xDE, 0xF5, 0x9F, 0x23, 0x3D, 0x93, 0xEC, 0x6C,
    0x8F, 0x0F, 0xCB, 0xE2, 0x5C, 0x57, 0xA3, 0x57, 0x21, 0x79, 0xE5, 0x9B, 0x06, 0xFD, 0xDB, 0xC7,
    0xF5, 0xBF, 0xE9, 0x5A, 0x9F, 0x56, 0x2A, 0x63, 0x8A, 0xB0, 0x42, 0x3E, 0x92, 0xAB, 0x67, 0xB5,
    0xC9, 0x1F, 0xE3, 0xD6, 0x53, 0x8E, 0x1D, 0x0E, 0xC6, 0x1E, 0x38, 0x53, 0x6B, 0xE8, 0x4C, 0x7B,
    0x92, 0x8F, 0xFF, 0xD0, 0x09, 0x2B, 0x7A, 0xD2, 0x97, 0x29, 0x2A, 0x7D, 0x0B, 0x3E, 0x6C, 0x5D,
    0x92, 0x05, 0x3C, 0xF3, 0xD2, 0xD1, 0x94, 0xF7, 0x1B, 0x78, 0x4F, 0x08, 0xBF, 0x4E, 0x79, 0x43,
    0xDC, 0x95, 0xE0, 0x8E, 0x18, 0xF2, 0x44, 0x70, 0x3F, 0xD9, 0x2F, 0x4F, 0x74, 0xAB, 0x27, 0x8D,
    0x71, 0xDC, 0xE2, 0x3A, 0x55, 0xAD, 0xBB, 0x5E, 0x91, 0xF8, 0x45, 0x74, 0x9A, 0x5A, 0x4F, 0x9F,
    0xD7, 0x2F, 0x6A, 0xE7, 0xD3, 0xDA, 0x79, 0x58, 0x9D, 0x36, 0xAF, 0xE1, 0x09, 0xCB, 0x7D, 0xE5,
    0x17, 0x59, 0x5A, 0x45, 0x5F, 0x8C, 0xFF, 0xAD, 0x26, 0xA9, 0x33, 0x80, 0xFB, 0xC1, 0xD0, 0x73,
    0x10, 0xDC, 0x1F, 0xAF, 0x23, 0x75, 0xE8, 0xE4, 0x3A, 0x4D, 0xAA, 0x27, 0xC8, 0x1A, 0xE8, 0x52,
    0xC1, 0xF2, 0x16, 0x85, 0xBA, 0x74, 0x92, 0x54, 0x26, 0x99, 0x90, 0xE5, 0x17, 0xF7, 0x4E, 0xCC,
    0x1E, 0x65, 0x75, 0x0F, 0xF8, 0xCD, 0x82, 0xB7, 0x43, 0xB4, 0x09, 0xD3, 0xCF, 0x8C, 0x59, 0xFA,
    0xDC, 0xFE, 0x12, 0x33, 0xEF, 0x7C, 0x5A, 0x61, 0x61, 0x3E, 0x64, 0x5C, 0x28, 0x10, 0x1E, 0xDC,
    0x02, 0x36, 0xE1, 0x15, 0x60, 0x91, 0x7E, 0x1E, 0x3B, 0xA5, 0x9F, 0x86, 0x6E, 0x81, 0xA0, 0xF0,
    0x53, 0x36, 0xB7, 0x11, 0x1A, 0xDC, 0x7F, 0xE4, 0x31, 0x3C, 0x42, 0x1A, 0x01, 0x27, 0x24, 0xB6,
    0x3A, 0xCA, 0x7C, 0xC8, 0x10, 0x7C, 0x9F, 0x43, 0x61, 0x95, 0x5A, 0xAD, 0x9E, 0x58, 0x62, 0xBD,
    0xBA, 0x16, 0xA2, 0x09, 0x4B, 0xEB, 0x0B, 0x70, 0xF0, 0x27, 0xC2, 0x56, 0xA7, 0xCE, 0x12, 0x17,
    0x8C, 0xCF, 0x45, 0xEA, 0x02, 0xCF, 0xB8, 0x84, 0x86, 0xDA, 0x9E, 0x83, 0x07, 0xA9, 0xEC, 0x3D,
    0x55, 0x89, 0x72, 0x79, 0x81, 0xB1, 0xE2, 0xDB, 0x73, 0x04, 0xD1, 0xBF, 0xBC, 0x55, 0x1A, 0xB6,
    0xBB, 0xCA, 0xD2, 0x5E, 0xD8, 0x06, 0x16, 0xBE, 0x9E, 0x35, 0xD6, 0x14, 0x19, 0x02, 0x23, 0xAE,
    0xFB, 0x65, 0xF5, 0x26, 0x06, 0x63, 0x40, 0xF3, 0x6F, 0x28, 0x5D, 0x31, 0x1A, 0x95, 0x8C, 0xCE,
    0x71, 0x2E, 0xED, 0xF4, 0x59, 0x98, 0x11, 0x6C, 0xF2, 0x3F, 0x18, 0x7F, 0x66, 0xF6, 0xCC, 0xB6,
    0x33, 0x97, 0x82, 0x48, 0xA2, 0xB6, 0x3F, 0x4E, 0x74, 0x27, 0xB1, 0xD7, 0xAA, 0xFD, 0x88, 0x4C,
    0x2B, 0x6E, 0x10, 0xC2, 0x67, 0xE0, 0x25, 0x00, 0x8B, 0x86, 0x75, 0x74, 0x2C, 0xB4, 0x90, 0x19,
    0x75, 0x28, 0xB9, 0x17, 0x97, 0x6D, 0x4C, 0xE5, 0x48, 0xC1, 0x7F, 0xCE, 0xFE, 0x96, 0x8C, 0xB1,
    0x92, 0x08, 0x23, 0xED, 0x2E, 0xE8, 0x68, 0x46, 0xDA, 0xCA, 0x06, 0xDA, 0xFA, 0x54, 0xB4, 0x55,
    0xAF, 0xB4, 0xD5, 0x8A, 0xB6, 0xB8, 0x85, 0x11, 0xAD, 0xB4, 0x15, 0xAC, 0xB4, 0xE5, 0xBD, 0x2F,
    0xDA, 0x4A, 0x31, 0xDE, 0xE7, 0xBD, 0xB6, 0xD4, 0x5A, 0x5B, 0xD3, 0x15, 0x63, 0x59, 0x9A, 0x8D,
    0x37, 0x87, 0x75, 0x48, 0x67, 0x45, 0xCE, 0x6B, 0xAC, 0xE1, 0x2F, 0xD6, 0xF9, 0xA7, 0x73, 0x4A,
    0xFE, 0x19, 0x1C, 0x97, 0xA9, 0x8D, 0x9C, 0x2F, 0x34, 0xF5, 0x0C, 0x02, 0x97, 0x8F, 0xB1, 0xFC,
    0x55, 0xBC, 0xA7, 0x2F, 0x51, 0xDD, 0x68, 0x8B, 0xDC, 0xD2, 0x3B, 0x1A, 0x20, 0xC0, 0x5D, 0xBA,
    0x48, 0x6D, 0xAA, 0x04, 0x7C, 0xC3, 0xAD, 0xD0, 0x17, 0xA6, 0x24, 0x95, 0xBD, 0x5D, 0x28, 0x71,
    0x8F, 0x0D, 0xE7, 0x9B, 0x3B, 0x0F, 0x0C, 0xF9, 0xBA, 0x71, 0x11, 0xA0, 0xA1, 0x4E, 0x0E, 0x52,
    0x90, 0x74, 0xE4, 0x7B, 0xB2, 0x87, 0x93, 0x5A, 0x4B, 0xE5, 0x3F, 0x0A, 0x1A, 0x66, 0xA3, 0x90,
    0xE9, 0xC6, 0xE3, 0x51, 0x72, 0x96, 0x6F, 0xD4, 0x36, 0x53, 0xA7, 0x0D, 0x0A, 0x1F, 0x34, 0x93,
    0x56, 0xC0, 0x19, 0x8B, 0x71, 0x4D, 0x71, 0x71, 0x67, 0x85, 0x74, 0x05, 0xD3, 0x56, 0x64, 0x18,
    0x21, 0xE6, 0x26, 0xD1, 0x1F, 0x0E, 0x41, 0x63, 0x11, 0xB8, 0xA4, 0x9B, 0x8A, 0x55, 0xDC, 0x46,
    0x2A, 0x77, 0x07, 0x26, 0x8F, 0xB8, 0x00, 0x68, 0x13, 0xAB, 0x54, 0x51, 0x9F, 0xD3, 0x3D, 0x56,
    0xDB, 0x83, 0xA7, 0x05, 0xF9, 0x1B, 0xD9, 0xDD, 0xEB, 0x18, 0x2C, 0xE2, 0xC4, 0xDE, 0x7B, 0xE5,
    0x62, 0xA6, 0x6F, 0x9E, 0x30, 0x2A, 0x67, 0x0C, 0xC5, 0x24, 0x9A, 0xAF, 0x63, 0x61, 0x5E, 0x1D,
    0x53, 0x77, 0xC2, 0x25, 0x5E, 0xEE, 0x4A, 0x21, 0x08, 0x71, 0xDF, 0x8F, 0x90, 0xFB, 0x45, 0x68,
    0x73, 0x11, 0xA2, 0x31, 0xFB, 0x65, 0x7A, 0x39, 0x92, 0x94, 0xFA, 0xCC, 0x71, 0x20, 0x2B, 0xB1,
    0x0B, 0x78, 0x83, 0xDE, 0x62, 0xC9, 0x84, 0xE8, 0xE4, 0x47, 0x97, 0x32, 0x6E, 0x01, 0x21, 0x5D,
    0xA1, 0x57, 0xC9, 0x72, 0x92, 0x4D, 0x2D, 0xA1, 0xF1, 0x4B, 0x4D, 0x56, 0x5B, 0xCD, 0x55, 0x5B,
    0x89, 0xB9, 0x16, 0x37, 0xCD, 0x90, 0x13, 0x75, 0x5D, 0xA9, 0x49, 0xA1, 0x70, 0xC3, 0x4A, 0xFF,
    0x28, 0xE5, 0x87, 0x64, 0x1B, 0x7A, 0xFF, 0x0F, 0x34, 0x4F, 0xFC, 0x4C, 0x92, 0xEA, 0xC4, 0xE3,
    0x91, 0x64, 0x1D, 0xAE, 0x1E, 0x5C, 0xDD, 0xD0, 0x3F, 0x00, 0x11, 0x59, 0x42, 0xD7, 0xBD, 0xDE,
    0x2D, 0x01, 0xF2, 0xE3, 0xF2, 0x3E, 0x50, 0x76, 0x2A, 0xC2, 0x72, 0x84, 0x73, 0x4B, 0x28, 0xDD,
    0x12, 0x40, 0x9B, 0x5F, 0x34, 0x53, 0x19, 0x16, 0x50, 0xBB, 0xC7, 0x86, 0x71, 0x03, 0xAC, 0xEC,
    0x38, 0xFA, 0x35, 0xBD, 0x4D, 0x08, 0x1D, 0x86, 0xB7, 0x0E, 0x0E, 0x76, 0x4A, 0xBF, 0x6B, 0x66,
    0x4C, 0xD1, 0x73, 0x4F, 0xEA, 0x7E, 0x1B, 0xA1, 0x31, 0x1A, 0x6E, 0x3C, 0xA4, 0xB8, 0x90, 0xE0,
    0xED, 0x80, 0x23, 0xAB, 0xFB, 0xA0, 0x6D, 0x31, 0xF5, 0x0A, 0x5C, 0x11, 0x75, 0xE9, 0x94, 0xD6,
    0xD2, 0x2D, 0x2E, 0xD5, 0x5E, 0xD7, 0xE5, 0x54, 0xA2, 0x9F, 0xE3, 0x4A, 0xE7, 0xA0, 0x01, 0x11,
    0x9C, 0x41, 0x22, 0x1C, 0x99, 0xA9, 0x24, 0x33, 0x01, 0x24, 0x02, 0xA5, 0x96, 0x8A, 0xAC, 0xA0,
    0x3F, 0xEA, 0xB0, 0x6F, 0x2A, 0xBE, 0xBD, 0x3B, 0x9A, 0xA5, 0xEA, 0xDF, 0x9D, 0xB2, 0x9E, 0xDC,
    0x91, 0x23, 0x2D, 0x4E, 0xBB, 0x66, 0x7C, 0xEE, 0x26, 0x59, 0x39, 0x8E, 0x89, 0x9D, 0x89, 0xBC,
    0x83, 0xA4, 0x25, 0xD3, 0x29, 0x0B, 0xD6, 0x9E, 0xCE, 0x1D, 0x26, 0x41, 0xA9, 0x26, 0xE0, 0x40,
    0x7B, 0x8F, 0x30, 0x76, 0xAE, 0x33, 0x4E, 0x43, 0xBA, 0x36, 0x53, 0x35, 0xF7, 0x98, 0x54, 0xAD,
    0x7F, 0x19, 0xE7, 0x29, 0x71, 0x9C, 0x3B, 0x13, 0x6F, 0x4A, 0x25, 0xFC, 0x94, 0x30, 0x77, 0x16,
    0x38, 0x5F, 0xC4, 0xB0, 0x57, 0x78, 0x5A, 0xE7, 0x2D, 0xAC, 0xA6, 0x03, 0x73, 0x0C, 0x68, 0x4B,
    0xF3, 0xA2, 0xED, 0xAB, 0xD6, 0x77, 0xEC, 0x2A, 0x4D, 0xF1, 0xFB, 0x8A, 0xB3, 0x1C, 0xCF, 0x5A,
    0xAA, 0xC3, 0x6B, 0xFB, 0xFD, 0x5D, 0xFD, 0x25, 0x7B, 0x86, 0xD4, 0x29, 0xD9, 0x2A, 0x97, 0xBA,
    0xCD, 0x05, 0x91, 0x18, 0xFB, 0xF1, 0x07, 0xDC, 0x3C, 0x4C, 0xDF, 0x01, 0x49, 0x98, 0x01, 0xEB,
    0x25, 0x59, 0xC7, 0xC8, 0x66, 0x65, 0xF4, 0xA5, 0x9E, 0x84, 0xE1, 0x59, 0x90, 0x99, 0x14, 0xBD,
    0xB1, 0x9C, 0x2F, 0xAF, 0x64, 0x66, 0x0F, 0x2C, 0x11, 0x58, 0xD2, 0x7D, 0xA9, 0x0B, 0xEC, 0x14,
    0x46, 0x26, 0xB2, 0x51, 0x8F, 0xBC, 0x5A, 0x71, 0x45, 0x87, 0x87, 0xFD, 0x89, 0x08, 0xCC, 0x39,
    0x79, 0x8D, 0x97, 0xD7, 0xC8, 0xCF, 0x5E, 0x3E, 0x53, 0x2C, 0x7C, 0x98, 0x1B, 0xBF, 0x21, 0x59,
    0xF8, 0x2E, 0x96, 0x8B, 0xB7, 0x3D, 0x2C, 0x67, 0x21, 0xEF, 0xAB, 0x86, 0xE9, 0xFF, 0xDA, 0xEC,
    0x21, 0xCC, 0x70, 0x27, 0xCC, 0xC9, 0x7B, 0xF4, 0xF4, 0xF2, 0x72, 0xDD, 0xD1, 0x8B, 0xCA, 0xD7,
    0x99, 0xFE, 0x99, 0xD4, 0x7A, 0xB6, 0x31, 0xC7, 0x57, 0x95, 0xFD, 0x09, 0x7A, 0x7A, 0x62, 0x2A,
    0x1B, 0x3F, 0x3E, 0x5B, 0x1B, 0xBB, 0xE7, 0x14, 0x58, 0xFF, 0xA9, 0x1C, 0x63, 0xE2, 0x19, 0x15,
    0xB7, 0xDA, 0xDA, 0xBC, 0x24, 0x5D, 0xB7, 0xE4, 0xB5, 0x66, 0x57, 0x66, 0x61, 0x0D, 0xEB, 0x23,
    0x91, 0xA9, 0x91, 0x6C, 0x14, 0xC0, 0x36, 0x37, 0x87, 0x7B, 0xBF, 0xE3, 0x18, 0x9F, 0xC3, 0xDF,
    0x79, 0x0F, 0xC5, 0x65, 0x0D, 0x48, 0x4E, 0xD9, 0x3D, 0xA7, 0xD4, 0x2B, 0xE2, 0x7E, 0x10, 0x31,
    0xBA, 0x36, 0xEC, 0x9A, 0xE3, 0xCB, 0x03, 0xF9, 0x3A, 0xB7, 0x0F, 0x6E, 0x21, 0x6C, 0xD2, 0x19,
    0xD8, 0x05, 0xBF, 0x65, 0x8F, 0xF7, 0x84, 0xFD, 0xD6, 0xA2, 0x3B, 0xA6, 0x0B, 0xA4, 0x27, 0x4C,
    0x16, 0xBC, 0xF1, 0xEE, 0xF2, 0x59, 0x80, 0x93, 0x87, 0x27, 0xEA, 0x85, 0x46, 0xFD, 0xB6, 0x52,
    0x75, 0xCA, 0x83, 0x87, 0x5D, 0xB5, 0xE8, 0x4A, 0x7C, 0x7F, 0x52, 0x59, 0x23, 0x92, 0x01, 0xF6,
    0x9E, 0x51, 0xC9, 0x92, 0xCB, 0xEB, 0xA8, 0x54, 0xE9, 0x11, 0xA9, 0x92, 0x8E, 0xFB, 0xDF, 0x07,
    0xDF, 0x5C, 0xAA, 0x93, 0xD4, 0x5A, 0x91, 0x95, 0xCE, 0x10, 0x7E, 0xC7, 0xF5, 0x12, 0x6E, 0xC1,
    0xF4, 0x6A, 0xC5, 0x00, 0x98, 0x31, 0xA7, 0xBB, 0x0D, 0x7A, 0x77, 0x9B, 0x47, 0x3F, 0xAC, 0xC1,
    0xD9, 0x0F, 0x8E, 0x64, 0xD7, 0xA3, 0x33, 0x4E, 0x2E, 0x4F, 0xF7, 0xB8, 0x3C, 0xDD, 0xC3, 0xCA,
    0xAF, 0x39, 0x6D, 0x99, 0x72, 0x3B, 0x27, 0x0D, 0x4D, 0x65, 0x2E, 0x21, 0x66, 0x16, 0x4D, 0x75,
    0xD5, 0x34, 0xD3, 0x75, 0x0B, 0x49, 0xEC, 0xA5, 0x8A, 0xBB, 0x47, 0x9B, 0x48, 0x3E, 0x44, 0xA8,
    0xF1, 0x49, 0x3C, 0x2C, 0x39, 0x14, 0xE4, 0x35, 0x13, 0x08, 0xDB, 0xAA, 0xD7, 0xC2, 0x95, 0x79,
    0x63, 0xC8, 0x7E, 0x1B, 0x07, 0xC9, 0x94, 0x6C, 0xE5, 0x8C, 0xB6, 0x71, 0x74, 0x32, 0xE5, 0x23,
    0x41, 0x60, 0x74, 0x19, 0x1F, 0xC8, 0xF4, 0x56, 0x67, 0x7F, 0x6C, 0x56, 0x64, 0x9C, 0x55, 0x55,
    0xE9, 0x7C, 0x51, 0x49, 0xD0, 0x05, 0x53, 0x0B, 0xD6, 0xC7, 0x82, 0x9F, 0x1A, 0x95, 0x5D, 0x7C,
    0x8F, 0x64, 0x86, 0x56, 0xDB, 0xB5, 0xE6, 0xE0, 0xC8, 0x05, 0x40, 0xFB, 0xAE, 0xBA, 0x2B, 0xC7,
    0x82, 0xBD, 0xF1, 0xB1, 0xE0, 0xA7, 0x9F, 0x34, 0xC1, 0x73, 0xEF, 0x2E, 0x33, 0x20, 0xBA, 0xF8,
    0xBB, 0x77, 0x8D, 0x1F, 0x1B, 0xBF, 0xCE, 0x71, 0x0E, 0x49, 0x44, 0x7E, 0x97, 0x2B, 0x97, 0x1E,
    0x08, 0x97, 0xF3, 0x6E, 0x6E, 0x0E, 0x0E, 0x6F, 0x09, 0xB0, 0xFB, 0x01, 0x09, 0xCB, 0xBB, 0x80,
    0x18, 0xD3, 0x21, 0xEC, 0xCB, 0xCE, 0xC1, 0xDB, 0x17, 0x83, 0x35, 0xA1, 0x04, 0xF3, 0x90, 0xBE,
    0x86, 0xE9, 0x50, 0x41, 0xC9, 0x86, 0xE7, 0x83, 0x05, 0x2E, 0x9D, 0x4E, 0xDB, 0x17, 0x19, 0xE0,
    0x98, 0x08, 0x59, 0xF9, 0xE2, 0x0D, 0xE9, 0x73, 0x88, 0x5A, 0x11, 0x36, 0xB9, 0x9F, 0x1C, 0x24,
    0x64, 0x26, 0x74, 0xF4, 0x7C, 0x9E, 0xA0, 0x3F, 0x3F, 0x6C, 0xE3, 0x43, 0xE0, 0xBA, 0xE9, 0x56,
    0x27, 0xB3, 0xB7, 0x33, 0x95, 0xA7, 0x9E, 0x00, 0x7F, 0x4F, 0x0F, 0xA2, 0x7F, 0xF7, 0xB4, 0x05,
    0xC5, 0xFA, 0x08, 0x41, 0x33, 0xD2, 0xB1, 0x29, 0x7F, 0xBB, 0x95, 0x6C, 0x04, 0x20, 0x1F, 0x4C,
    0x78, 0xAE, 0xA1, 0x92, 0x93, 0x15, 0x21, 0x8F, 0x62, 0xCE, 0x55, 0x5C, 0x43, 0xEF, 0x73, 0xF5,
    0x97, 0x5A, 0xB6, 0xC6, 0xBE, 0xA2, 0x06, 0xE7, 0x76, 0x5D, 0x63, 0x50, 0x90, 0xF2, 0x1A, 0x6A,
    0xCB, 0xDC, 0xA2, 0x0E, 0xE4, 0x78, 0x2B, 0xB3, 0xE4, 0x2C, 0x50, 0x3C, 0x4A, 0x9F, 0xC5, 0x8A,
    0x49, 0x72, 0x96, 0xA9, 0x06, 0xE1, 0x24, 0xDB, 0xC7, 0x83, 0x08, 0x1B, 0xB5, 0xFA, 0x1A, 0x32,
    0xC7, 0x95, 0xFA, 0xBA, 0x90, 0x95, 0x46, 0xD2, 0x91, 0x14, 0x2C, 0x1A, 0x91, 0x82, 0x3E, 0xD0,
    0x71, 0xE9, 0xFE, 0xBA, 0xD0, 0x6A, 0x8A, 0x2E, 0xB1, 0x68, 0x90, 0x59, 0x33, 0xF0, 0x5E, 0x1D,
    0x0B, 0x0F, 0xED, 0x60, 0xF6, 0x32, 0x35, 0x43, 0xC2, 0x39, 0x81, 0x96, 0xB8, 0x85, 0xF1, 0x04,
    0x49, 0x6E, 0x64, 0x7F, 0x96, 0x66, 0xC8, 0x1D, 0xDE, 0x47, 0xA2, 0x10, 0x79, 0xB7, 0x6F, 0x35,
    0xC8, 0xFB, 0xBD, 0x77, 0x91, 0x4D, 0x04, 0x1E, 0xEC, 0x3F, 0x8A, 0xDC, 0xDB, 0xB0, 0x97, 0xCC,
    0xFD, 0x7D, 0xAA, 0xA2, 0xC6, 0xFD, 0x13, 0xA6, 0xB7, 0x76, 0x1F, 0x50, 0x26, 0x2A, 0x32, 0x29,
    0x98, 0x0E, 0x84, 0xB9, 0x0E, 0xF1, 0xEF, 0x69, 0x4D, 0xFA, 0x07, 0x5A, 0x87, 0xCD, 0x9A, 0x79,
    0x03, 0xE7, 0x3C, 0x06, 0xE3, 0xE1, 0xC9, 0x0F, 0xEE, 0x34, 0xC2, 0x76, 0x52, 0xFE, 0x3D, 0x80,
    0x57, 0xC0, 0x70, 0xFF, 0xDA, 0xE8, 0x0D, 0x9D, 0xCF, 0x0A, 0xA9, 0x52, 0x0B, 0x49, 0x5A, 0x9E,
    0xBC, 0xEF, 0xC5, 0x08, 0xAB, 0xAB, 0x95, 0xFA, 0xBC, 0x4A, 0xD5, 0xE3, 0x96, 0x62, 0xC1, 0x18,
    0xF5, 0x9C, 0xB6, 0x2C, 0xDB, 0x50, 0x11, 0x43, 0x6D, 0xA4, 0x29, 0x80, 0x90, 0x00, 0xD9, 0xB3,
    0xE2, 0xEE, 0x15, 0xFB, 0x0E, 0xC8, 0x2C, 0x7D, 0x21, 0x7B, 0x8C, 0xFD, 0x52, 0xE6, 0xF4, 0xE9,
    0xCD, 0xBD, 0x65, 0xBF, 0x83, 0x28, 0x14, 0xCF, 0x5D, 0x6F, 0xE5, 0xF5, 0x87, 0xA4, 0xE5, 0x50,
    0xCE, 0x82, 0xE3, 0x2F, 0x04, 0xEE, 0x65, 0xA0, 0x8E, 0xD1, 0xD3, 0x46, 0xB1, 0xE2, 0x6C, 0x34,
    0xA0, 0xCF, 0x80, 0x27, 0xA3, 0x3F, 0x63, 0x18, 0x9F, 0x7D, 0x0F, 0x59, 0x94, 0x48, 0x3A, 0x89,
    0x75, 0x41, 0xD1, 0x9F, 0xE9, 0x7E, 0xA0, 0x4B, 0x1B, 0xC3, 0xD3, 0x44, 0xAB, 0xCF, 0xAD, 0x55,
    0x79, 0x57, 0x8E, 0x3E, 0x0A, 0xBF, 0xDE, 0x3B, 0xE1, 0xF3, 0x84, 0x27, 0x88, 0xA4, 0xD1, 0x9B,
    0xAD, 0xAE, 0x29, 0x23, 0xC4, 0xE3, 0x7D, 0x6F, 0xCA, 0x20, 0x27, 0x8A, 0x39, 0x12, 0x89, 0xD5,
    0x74, 0xBD, 0x17, 0x49, 0x20, 0x81, 0x3A, 0xF2, 0x11, 0xB7, 0x4A, 0x13, 0x30, 0x84, 0x99, 0xB0,
    0x84, 0x53, 0x4F, 0x86, 0x9D, 0x1F, 0x44, 0xE6, 0xE8, 0xF7, 0xFB, 0xAA, 0xEA, 0x96, 0xA0, 0x1D,
    0x7B, 0xE2, 0xBD, 0xBA, 0x10, 0x7C, 0xCF, 0xAB, 0x17, 0x95, 0x77, 0x0D, 0x76, 0xF8, 0xAF, 0x62,
    0x6D, 0x83, 0xDB, 0xC2, 0xA9, 0x1D, 0xAD, 0x1C, 0x08, 0x90, 0x2C, 0xE8, 0x5A, 0xBF, 0x33, 0xB4,
    0xDE, 0x54, 0x17, 0x96, 0xDB, 0xF4, 0x9B, 0xEA, 0x7A, 0x3F, 0x7D, 0xBD, 0xA9, 0x5E, 0x8E, 0x77,
    0xEB, 0x37, 0xB6, 0xEC, 0xFB, 0x1D, 0x64, 0xDD, 0xE7, 0x71, 0x7F, 0xE5, 0xB0, 0xD2, 0x15, 0x33,
    0x1F, 0xBD, 0xFD, 0xFD, 0x3F, 0xD5, 0x5A, 0xBF, 0x8F, 0xDC, 0xC6, 0x15, 0x1E, 0x92, 0xF6, 0x31,
    0x36, 0x11, 0xD3, 0x01, 0x5C, 0x18, 0x50, 0x24, 0xA6, 0x70, 0x91, 0x00, 0x91, 0xD8, 0xA4, 0x70,
    0x71, 0x4B, 0x52, 0x72, 0xA1, 0xC2, 0x45, 0x54, 0xC4, 0xB5, 0x52, 0xA4, 0x70, 0xA7, 0x14, 0x29,
    0x6C, 0x80, 0x7B, 0x4B, 0x3B, 0x65, 0x8A, 0x9C, 0xFF, 0x02, 0xAB, 0x70, 0x1F, 0x07, 0x50, 0x71,
    0x05, 0xE5, 0x65, 0x9C, 0x32, 0x45, 0x28, 0x04, 0x86, 0x4B, 0x31, 0xB1, 0x82, 0x14, 0x2E, 0xC4,
    0xC4, 0x0C, 0xCC, 0x83, 0x78, 0xCB, 0x7C, 0xDF, 0x9B, 0x99, 0x5D, 0xEE, 0x49, 0x46, 0x82, 0xDC,
    0xC9, 0x6B, 0xAF, 0xB4, 0xC3, 0xBD, 0x3B, 0x72, 0xE6, 0x7B, 0x6F, 0xDE, 0x8F, 0xEF, 0xBD, 0x59,
    0xA5, 0x94, 0x72, 0x3B, 0xE5, 0x8C, 0x8D, 0xD7, 0xAA, 0x78, 0x5C, 0xF9, 0xB5, 0x1A, 0xB3, 0xE5,
    0xFB, 0x85, 0xDB, 0xAB, 0xF0, 0x44, 0x05, 0x8D, 0xF2, 0x1B, 0x15, 0x56, 0x8A, 0x7F, 0xCC, 0x38,
    0xA6, 0xB8, 0xBD, 0x55, 0x07, 0x32, 0xDE, 0x95, 0xB1, 0x54, 0xFC, 0xFD, 0x60, 0x47, 0xDC, 0x8F,
    0x31, 0xA8, 0x39, 0xE2, 0x41, 0xFC, 0x35, 0x2E, 0x78, 0xFF, 0x42, 0xA9, 0x34, 0x73, 0xF8, 0xCB,
    0x07, 0x51, 0x87, 0xDB, 0xC6, 0xB1, 0xC2, 0xD2, 0xB7, 0x8E, 0x95, 0xBC, 0x9C, 0xDB, 0x4A, 0x26,
    0x93, 0x59, 0xA2, 0x9E, 0x28, 0xC6, 0x9B, 0x99, 0xD7, 0x47, 0x80, 0x51, 0x7B, 0x8D, 0x8A, 0x32,
    0x59, 0x1B, 0x77, 0x24, 0x1C, 0xE6, 0x1C, 0x72, 0xDE, 0x5B, 0x2A, 0xFC, 0xB5, 0x54, 0x7E, 0x85,
    0x1F, 0xB1, 0x5C, 0xA2, 0x62, 0x2C, 0xF8, 0xDE, 0x09, 0x96, 0x19, 0xB1, 0x8A, 0x33, 0x16, 0x7A,
    0x7E, 0x55, 0xE2, 0x5E, 0xB7, 0x1D, 0x70, 0xB3, 0xF7, 0xB7, 0xCE, 0xAB, 0x95, 0xF7, 0x79, 0x83,
    0x67, 0xFC, 0x31, 0x0B, 0x2A, 0x15, 0x3C, 0xE0, 0xA3, 0xF8, 0x10, 0x16, 0xFC, 0x1F, 0x65, 0x32,
    0x2A, 0x7E, 0xE0, 0x6C, 0x0A, 0xB3, 0x52, 0xEE, 0x99, 0x7C, 0x98, 0xCB, 0x07, 0x88, 0x95, 0xCB,
    0xA8, 0xFF, 0xF7, 0x1C, 0xA1, 0x46, 0x08, 0x0A, 0xF9, 0x55, 0xFA, 0xC9, 0xA2, 0x22, 0x82, 0x91,
    0x92, 0x2D, 0x1F, 0x18, 0x08, 0xCF, 0xCB, 0x08, 0x35, 0x2A, 0x4E, 0x07, 0x0C, 0xE5, 0x9C, 0xB8,
    0x57, 0x3D, 0x97, 0x1E, 0x6B, 0x62, 0x80, 0x36, 0xC2, 0xC2, 0x81, 0x1A, 0xC2, 0x8C, 0xCA, 0x88,
    0x28, 0x1C, 0x00, 0xE0, 0x5E, 0x3C, 0x01, 0xA5, 0x00, 0x00, 0xEE, 0x02, 0x00, 0x8E, 0xB9, 0x4A,
    0x0B, 0xE2, 0x59, 0x62, 0xC6, 0xF4, 0xFA, 0x7D, 0xCE, 0x3D, 0xFE, 0x14, 0x63, 0xD0, 0x47, 0xCA,
    0xBE, 0x9E, 0x53, 0xAF, 0xE8, 0x0F, 0xE1, 0xD5, 0x56, 0x7F, 0xF0, 0xFF, 0x54, 0xE9, 0x0F, 0xEE,
    0x68, 0x6F, 0x1A, 0xD4, 0x13, 0x5E, 0x4B, 0xA8, 0x0E, 0x9B, 0x34, 0xE0, 0x43, 0xAF, 0x3F, 0xF4,
    0x7B, 0x7C, 0xC2, 0xEB, 0x55, 0x87, 0x9D, 0xE4, 0x46, 0x03, 0x28, 0x71, 0x44, 0x15, 0xB0, 0x42,
    0x04, 0x0A, 0xD5, 0x0A, 0xCA, 0x13, 0xE2, 0xC6, 0x7F, 0x18, 0x11, 0x55, 0x0D, 0x23, 0x6A, 0x29,
    0xA9, 0xD7, 0x18, 0x3D, 0xE3, 0x1E, 0xCC, 0xC0, 0xCF, 0xB5, 0xFA, 0x48, 0x89, 0xDA, 0x2B, 0xA7,
    0xA7, 0xD4, 0xF8, 0xEC, 0x89, 0xE0, 0xD0, 0x13, 0xE7, 0x8E, 0x69, 0x38, 0x5C, 0x2D, 0x55, 0xB0,
    0x1D, 0xDC, 0x0B, 0x0D, 0x04, 0x1D, 0xCD, 0x48, 0xCD, 0x9D, 0x65, 0xED, 0x41, 0xE5, 0x6A, 0x31,
    0xAE, 0x54, 0x30, 0x8E, 0x27, 0x40, 0x7A, 0xC8, 0x0F, 0x46, 0x1C, 0x27, 0xDB, 0x33, 0x1F, 0xDA,
    0x2B, 0x5A, 0x1C, 0x75, 0xD4, 0x2B, 0x11, 0x47, 0xA5, 0x50, 0xAB, 0x88, 0x03, 0xDB, 0x34, 0xE2,
    0xF0, 0x3E, 0x11, 0x47, 0xEC, 0x30, 0xA8, 0x22, 0xCC, 0x23, 0xE2, 0xC4, 0xFC, 0x20, 0xE2, 0x38,
    0x56, 0x1C, 0x4A, 0xB4, 0x2D, 0x4E, 0xAC, 0x8C, 0x38, 0x73, 0x23, 0x0E, 0x66, 0x35, 0xE2, 0x34,
    0xA7, 0xC5, 0x89, 0x95, 0x11, 0x27, 0xB7, 0xE2, 0x74, 0x56, 0x9C, 0x66, 0x23, 0x4E, 0x21, 0xE2,
    0xC0, 0x86, 0x04, 0x5B, 0x98, 0xED, 0xBB, 0x50, 0x2C, 0x66, 0x8A, 0x22, 0xFE, 0x22, 0xA6, 0x77,
    0xCA, 0xE3, 0xA2, 0x02, 0x58, 0x84, 0x23, 0xF7, 0xE5, 0x22, 0x71, 0xD4, 0x96, 0x1E, 0x67, 0x18,
    0x4F, 0x78, 0xD5, 0x6E, 0x84, 0x25, 0x03, 0xD1, 0x57, 0xA9, 0x22, 0xEA, 0x18, 0x8B, 0xC6, 0x14,
    0x10, 0x6B, 0xCA, 0xBE, 0x01, 0xDE, 0x5C, 0xFF, 0x80, 0x2B, 0x24, 0xBA, 0xCB, 0x3B, 0x83, 0xCA,
    0x91, 0x27, 0xC2, 0x8A, 0xD0, 0x4A, 0xA8, 0x4B, 0x1B, 0xDE, 0x32, 0x4B, 0x29, 0x84, 0xFB, 0x30,
    0xBB, 0x6B, 0xCC, 0x6E, 0x1C, 0xA1, 0xAB, 0x3E, 0x72, 0x78, 0xA5, 0x47, 0x04, 0x95, 0x19, 0x7B,
    0x51, 0x88, 0x68, 0x83, 0x73, 0x45, 0xE2, 0xE5, 0xB2, 0x32, 0xD7, 0x6D, 0x44, 0x84, 0x9A, 0x02,
    0xF8, 0x32, 0x33, 0xED, 0xA8, 0x94, 0x7D, 0xE8, 0xF9, 0x1C, 0xC7, 0x8C, 0x58, 0x23, 0xD9, 0x96,
    0x58, 0xE9, 0x10, 0xC0, 0x07, 0x39, 0xD6, 0xEA, 0xE0, 0x8D, 0x9F, 0xE1, 0xC1, 0xC5, 0x38, 0xE0,
    0xC1, 0xE5, 0x38, 0xE8, 0x0D, 0x0C, 0xC5, 0xEB, 0x63, 0xD1, 0xC5, 0x47, 0x62, 0xCC, 0x62, 0x13,
    0xCB, 0x66, 0x6D, 0xDD, 0xC4, 0x56, 0x70, 0x0C, 0x35, 0xC2, 0x4C, 0x89, 0x1A, 0x65, 0x27, 0x04,
    0x61, 0x22, 0x08, 0x67, 0x82, 0x30, 0x17, 0x84, 0x12, 0x64, 0x94, 0x38, 0x2B, 0x6E, 0xC6, 0x73,
    0xB8, 0x19, 0x0B, 0xD1, 0x6A, 0x32, 0x3E, 0x12, 0x09, 0xAA, 0x58, 0x50, 0x01, 0x9B, 0xCF, 0x60,
    0xC4, 0x9B, 0x81, 0x30, 0x10, 0x84, 0x61, 0x21, 0x08, 0x65, 0x9F, 0xB4, 0x87, 0x6A, 0x84, 0xA9,
    0xD2, 0x3B, 0x88, 0xD7, 0x8B, 0x82, 0x33, 0x16, 0x14, 0x71, 0x6D, 0xEE, 0x48, 0xD5, 0x3E, 0xA6,
    0xBA, 0x8B, 0x3B, 0xDE, 0x92, 0xFD, 0x05, 0x6A, 0xD5, 0x63, 0xD9, 0xCE, 0x6D, 0x9D, 0xCE, 0x6B,
    0xDC, 0xD6, 0xAB, 0xDD, 0xD6, 0x87, 0xF1, 0xF8, 0x95, 0x57, 0x07, 0x95, 0x5F, 0x85, 0x45, 0x50,
    0x85, 0xB0, 0xB7, 0x08, 0xF8, 0x62, 0x44, 0x31, 0xBC, 0x25, 0x30, 0xCE, 0x30, 0xE6, 0x18, 0x4B,
    0xE3, 0xF3, 0x10, 0x9C, 0x62, 0x53, 0xDC, 0xEB, 0x10, 0x93, 0x01, 0x79, 0xA5, 0x35, 0x96, 0xE0,
    0xDF, 0x52, 0xC9, 0x03, 0xB0, 0xBF, 0x7D, 0x58, 0x04, 0xAC, 0x29, 0x57, 0xB9, 0xF3, 0x88, 0xDB,
    0x5A, 0xBA, 0x5F, 0xD4, 0x78, 0xB8, 0xF7, 0x3E, 0x6B, 0xF0, 0x7C, 0xE7, 0xDD, 0x6B, 0x1D, 0x22,
    0xA9, 0x00, 0x08, 0x40, 0xAA, 0x12, 0x88, 0xDA, 0xA0, 0xCA, 0xBD, 0xC6, 0x6B, 0xC2, 0x22, 0xF1,
    0x6A, 0xAF, 0x0E, 0xB3, 0xD8, 0x07, 0x30, 0x00, 0x7A, 0xBD, 0x0A, 0x78, 0xF9, 0x0D, 0x0C, 0x29,
    0x56, 0xFE, 0x9F, 0x0B, 0xDC, 0xA0, 0xBC, 0xFB, 0x59, 0x94, 0xCD, 0x18, 0x90, 0x22, 0x2C, 0xE2,
    0x8C, 0x80, 0x5A, 0x12, 0x4A, 0xA2, 0x8E, 0x94, 0xC8, 0xAD, 0x36, 0xA6, 0x6D, 0x82, 0x95, 0xB6,
    0x7A, 0x6F, 0x6C, 0xF4, 0x25, 0x5B, 0x6F, 0xAC, 0x80, 0xDF, 0xD7, 0xE0, 0xEF, 0x6A, 0xF0, 0xB9,
    0x06, 0xAF, 0x34, 0x78, 0x25, 0xE0, 0x9D, 0xD6, 0xFB, 0x4C, 0x34, 0x28, 0xE0, 0x3D, 0xA8, 0x90,
    0x9F, 0x1B, 0x0D, 0xBE, 0x16, 0xF0, 0xD4, 0x63, 0xC2, 0xCF, 0x02, 0x3E, 0x2C, 0x04, 0xBC, 0x5C,
    0x00, 0x3E, 0x13, 0xF0, 0x54, 0xAB, 0xF7, 0x30, 0xA3, 0x66, 0x01, 0x3E, 0xD1, 0xE0, 0x67, 0x1A,
    0xFC, 0x5C, 0x83, 0xCF, 0xD7, 0xF6, 0xA6, 0x8C, 0xC6, 0xB5, 0xD2, 0x75, 0xBC, 0xE1, 0xEB, 0xBA,
    0xBE, 0x8C, 0x3A, 0x2C, 0xAF, 0x8C, 0x1C, 0x81, 0x16, 0x29, 0xD2, 0xF9, 0x2B, 0x3C, 0x1D, 0x9D,
    0x3B, 0x58, 0x07, 0x7C, 0xFE, 0x9F, 0x08, 0x66, 0x73, 0x08, 0x76, 0x8F, 0xC1, 0xC4, 0xE5, 0xA2,
    0xC8, 0x87, 0x03, 0x2E, 0xBD, 0xCE, 0x8D, 0x9D, 0xA4, 0x63, 0x2C, 0xC4, 0x7C, 0xAC, 0xA3, 0x74,
    0xEF, 0xD2, 0xD7, 0x69, 0x38, 0xB0, 0x0E, 0x0A, 0x2B, 0xB9, 0x15, 0xD6, 0x0A, 0x9F, 0x6C, 0xF0,
    0x77, 0xE4, 0x99, 0x26, 0x94, 0x4B, 0x0D, 0x83, 0x45, 0x78, 0xAA, 0x42, 0x03, 0x45, 0x4D, 0x6C,
    0x96, 0xB6, 0xBD, 0xB6, 0x5A, 0xF5, 0x3D, 0xBD, 0x29, 0xA9, 0x96, 0x4B, 0x0C, 0x57, 0x7D, 0x87,
    0x99, 0x27, 0xBC, 0xD6, 0x9A, 0x8C, 0xA3, 0xB3, 0xCD, 0x76, 0xA6, 0x61, 0xC2, 0x64, 0x3E, 0x61,
    0xCA, 0xA2, 0x90, 0x54, 0x52, 0x42, 0x85, 0xE5, 0x1C, 0xFA, 0x7D, 0xAA, 0x68, 0x46, 0xAF, 0x9A,
    0xD1, 0x9D, 0x12, 0xFA, 0x75, 0x42, 0x00, 0x80, 0x90, 0x32, 0xB7, 0x2E, 0x39, 0x1C, 0xBF, 0x71,
    0x4B, 0xBC, 0x2F, 0x83, 0x24, 0x34, 0x7A, 0xDC, 0x24, 0x09, 0x3C, 0xA5, 0x6F, 0xCF, 0xC5, 0x03,
    0x2F, 0xA9, 0x3B, 0x2A, 0xF8, 0x35, 0xC2, 0xF6, 0xFD, 0x82, 0x4A, 0xDA, 0x82, 0x11, 0xB5, 0xFB,
    0x08, 0x93, 0x6F, 0x79, 0xC7, 0x51, 0x1F, 0x34, 0x7E, 0xC7, 0xF4, 0xC3, 0xE0, 0x94, 0xCA, 0xAA,
    0x5E, 0x9D, 0x43, 0x0D, 0x0C, 0x47, 0x08, 0x9A, 0x78, 0xA7, 0x05, 0xB3, 0x2D, 0x73, 0x2D, 0x43,
    0x9E, 0xCF, 0x3C, 0xFB, 0x92, 0xFA, 0xB9, 0xBA, 0x84, 0xA5, 0x83, 0xF7, 0x41, 0x8F, 0x4E, 0x8C,
    0x4C, 0xE6, 0xB5, 0x60, 0x82, 0x39, 0x91, 0x50, 0x20, 0x51, 0x83, 0xC1, 0x89, 0xA1, 0x89, 0x0A,
    0x8D, 0x8C, 0x2A, 0x13, 0xF3, 0x9E, 0x19, 0x0B, 0x2F, 0x37, 0x7E, 0xE9, 0x18, 0xDF, 0x94, 0x80,
    0xB9, 0xD2, 0xD3, 0x05, 0x59, 0xEE, 0x7D, 0xDC, 0x90, 0xD6, 0x58, 0x43, 0xE1, 0xDD, 0x1D, 0x6D,
    0x09, 0xB7, 0xE9, 0x70, 0x0E, 0x34, 0xFE, 0x36, 0x9D, 0x89, 0x2C, 0x8B, 0x91, 0xED, 0x6A, 0x25,
    0xD2, 0x5E, 0x21, 0x00, 0x51, 0x3B, 0x7D, 0x68, 0x2F, 0x9B, 0x6E, 0x8C, 0x43, 0xBF, 0x8A, 0x91,
    0x51, 0xC9, 0x05, 0x33, 0x52, 0xC1, 0x4A, 0x98, 0xA0, 0x10, 0x41, 0xE1, 0x81, 0x42, 0x03, 0x85,
    0x05, 0x0A, 0x09, 0x14, 0x0E, 0x38, 0x98, 0xC1, 0x6F, 0x84, 0x00, 0x0A, 0xFF, 0x13, 0xFA, 0x77,
    0xA0, 0x93, 0x38, 0x32, 0x9E, 0x70, 0x3F, 0x4D, 0xFD, 0x84, 0xF9, 0xBD, 0xA4, 0x6E, 0x88, 0xF6,
    0xC2, 0x9B, 0x99, 0xF2, 0x4F, 0xAC, 0x5B, 0x9B, 0x9D, 0x01, 0x38, 0x9D, 0xBC, 0x2A, 0x52, 0x40,
    0x5A, 0x29, 0x09, 0x20, 0xF9, 0x1F, 0xE9, 0x1F, 0xD9, 0x1F, 0xC9, 0x1F, 0xC3, 0x32, 0xA9, 0x1F,
    0x02, 0x5C, 0x16, 0xBF, 0xB7, 0x42, 0xC6, 0xEC, 0x35, 0xED, 0x73, 0x6B, 0x7A, 0x4D, 0x47, 0xA5,
    0x1E, 0xD0, 0xC5, 0xE2, 0x6A, 0xCD, 0xC1, 0xCC, 0x4B, 0x28, 0xA1, 0xA4, 0x73, 0x49, 0xEB, 0xE4,
    0x83, 0x35, 0xD3, 0x79, 0x25, 0x69, 0x5D, 0xB4, 0x47, 0x53, 0xCA, 0x84, 0x0A, 0x0A, 0x13, 0x14,
    0x22, 0x28, 0x3C, 0x30, 0x57, 0xDA, 0xD1, 0x73, 0xCD, 0x00, 0x85, 0x03, 0x96, 0x9A, 0x1A, 0xC3,
    0xE5, 0x84, 0x00, 0x0A, 0xFF, 0x73, 0xC6, 0x07, 0xE2, 0xBF, 0x47, 0xDA, 0x02, 0x1F, 0x16, 0x0C,
    0x11, 0x53, 0x0B, 0x24, 0x0F, 0xC4, 0xCA, 0x3D, 0x5D, 0x93, 0xB4, 0x81, 0xFC, 0x8F, 0xEC, 0x8F,
    0xDC, 0x8F, 0xCC, 0x8F, 0x8E, 0x48, 0xD6, 0x47, 0xCE, 0x97, 0x9F, 0xB2, 0x40, 0xCD, 0xF4, 0x96,
    0x9C, 0x70, 0x1C, 0xB7, 0x5C, 0x0B, 0x56, 0x2D, 0x7A, 0x52, 0x4E, 0xFD, 0xEA, 0x4E, 0x24, 0xF6,
    0x84, 0x35, 0xF6, 0xEB, 0x95, 0x83, 0xAB, 0x88, 0x37, 0xD0, 0x40, 0x20, 0x34, 0xE6, 0x9C, 0x24,
    0x67, 0x5D, 0xA1, 0xDD, 0x45, 0x98, 0x53, 0x60, 0x8D, 0xD8, 0xD1, 0xE2, 0xE7, 0xBB, 0x13, 0x5F,
    0xD8, 0x03, 0xA9, 0x30, 0x7D, 0x9D, 0x5E, 0xF7, 0x03, 0xC0, 0xBB, 0x06, 0x43, 0x7F, 0x0D, 0x6A,
    0x70, 0xAB, 0xF3, 0x53, 0x81, 0x38, 0xF3, 0xFE, 0x29, 0x67, 0x2E, 0x1E, 0x37, 0x83, 0x66, 0x37,
    0x7A, 0xF0, 0x8B, 0xCB, 0x10, 0x03, 0x5E, 0xFD, 0x25, 0x74, 0xB1, 0x2C, 0xA4, 0x0C, 0xDC, 0x98,
    0x43, 0x7B, 0xBE, 0xE6, 0x50, 0xAE, 0x13, 0x93, 0xE4, 0x4B, 0xBF, 0xF8, 0xE6, 0x78, 0x43, 0x63,
    0xAA, 0x5B, 0xC6, 0x37, 0x80, 0x51, 0x2F, 0x3F, 0x1D, 0x8F, 0x00, 0xC3, 0xF5, 0x11, 0xB6, 0xFD,
    0xC3, 0x85, 0x61, 0xC1, 0xA1, 0x49, 0x3D, 0x78, 0xDF, 0x1A, 0x2B, 0x44, 0xDE, 0x22, 0x7A, 0x10,
    0x82, 0xBC, 0x6B, 0x32, 0x38, 0x47, 0x1C, 0x4A, 0xAF, 0xA3, 0x10, 0x40, 0xF5, 0xE9, 0x4B, 0x42,
    0x11, 0x97, 0xF5, 0xC7, 0x6E, 0x1A, 0x4B, 0x02, 0x07, 0x00, 0x23, 0x18, 0xAE, 0x0A, 0xBD, 0x6A,
    0x17, 0xF9, 0x9B, 0xA0, 0x82, 0x09, 0xA6, 0x10, 0x1A, 0x23, 0x9E, 0x17, 0x36, 0x8E, 0x74, 0xE6,
    0x3C, 0xAE, 0x85, 0x0E, 0xB6, 0x25, 0xD7, 0xEC, 0x4D, 0x62, 0xF5, 0x91, 0xDA, 0x8D, 0xE4, 0x1D,
    0x30, 0xB5, 0xDB, 0x80, 0x86, 0x6D, 0x38, 0x67, 0x96, 0x7C, 0xFD, 0x1A, 0x57, 0x3A, 0xF9, 0x9F,
    0x3C, 0xDE, 0x0D, 0x88, 0x75, 0x59, 0xBD, 0xD0, 0x97, 0xBE, 0xD7, 0x65, 0x92, 0x26, 0xE1, 0xF7,
    0xE4, 0x12, 0x7E, 0x2C, 0x30, 0x23, 0x4F, 0x2E, 0x89, 0x04, 0x64, 0x55, 0xB2, 0x70, 0x02, 0x91,
    0xA1, 0xE1, 0x91, 0x5E, 0xF2, 0x12, 0x54, 0x52, 0xA4, 0x45, 0xA3, 0xF4, 0x66, 0x52, 0x5D, 0xE0,
    0x96, 0x9A, 0x57, 0xF6, 0x72, 0xD1, 0x6D, 0x26, 0x86, 0x4F, 0x3A, 0xB3, 0x14, 0xA6, 0xBA, 0x74,
    0xC6, 0xE2, 0x07, 0x54, 0xDE, 0x30, 0xC1, 0x55, 0xC9, 0x24, 0xD5, 0x36, 0xDC, 0xA8, 0xF9, 0xFD,
    0x32, 0x53, 0x63, 0xFF, 0x68, 0x6C, 0xBC, 0xFE, 0xCA, 0xF8, 0x5A, 0x1B, 0xD4, 0xE1, 0xE0, 0x40,
    0x37, 0x01, 0xD8, 0x3E, 0xA8, 0x7B, 0xE3, 0xB5, 0x64, 0xB6, 0xB7, 0xE0, 0x49, 0xC0, 0xC4, 0xD6,
    0xD1, 0x78, 0x5B, 0x0A, 0x63, 0x22, 0x49, 0x65, 0x5C, 0xB0, 0xB7, 0xE2, 0x70, 0xE2, 0x34, 0xF8,
    0x5D, 0x77, 0x21, 0x8B, 0x57, 0x97, 0x01, 0x35, 0xE8, 0xF6, 0xE3, 0x63, 0x36, 0x75, 0x8E, 0xA5,
    0xBF, 0x83, 0xBA, 0xEE, 0xF0, 0x42, 0x25, 0xED, 0x08, 0xBF, 0xD5, 0x58, 0xA5, 0x6D, 0x64, 0x8A,
    0x3A, 0x89, 0x45, 0x73, 0xCD, 0xFF, 0xE3, 0x91, 0xCE, 0xC6, 0x01, 0xBF, 0x1E, 0x18, 0x3D, 0x06,
    0x08, 0x84, 0x2D, 0xC1, 0x70, 0xC0, 0x4D, 0x4D, 0x33, 0x16, 0xBB, 0xDD, 0x5E, 0x87, 0xDC, 0xC9,
    0x2D, 0xBF, 0xB5, 0x62, 0x93, 0x65, 0x08, 0x29, 0xDE, 0x4D, 0x14, 0x06, 0x70, 0x50, 0xB7, 0x73,
    0xA4, 0xB5, 0x32, 0xD0, 0x36, 0x06, 0x5D, 0xBB, 0x4A, 0xE9, 0x1A, 0x65, 0x4E, 0xAB, 0x4B, 0x6B,
    0xA9, 0xAC, 0x63, 0xE6, 0x01, 0x84, 0x2C, 0xD8, 0xD5, 0xBD, 0x2F, 0x11, 0xCB, 0xC6, 0x4F, 0x51,
    0xAD, 0xAE, 0x82, 0xC2, 0x04, 0x85, 0x94, 0xD3, 0xCB, 0x40, 0x75, 0xBE, 0x4D, 0xF8, 0x0B, 0xFE,
    0x74, 0x41, 0xD7, 0x51, 0x77, 0x98, 0x52, 0x66, 0xDC, 0x88, 0x88, 0x82, 0x85, 0xBC, 0xCF, 0x2D,
    0xB6, 0xF8, 0xE1, 0xF9, 0x88, 0x2F, 0xE5, 0x0A, 0xFE, 0x7F, 0xB5, 0xF8, 0x2E, 0x03, 0xA5, 0x57,
    0xC1, 0xDA, 0x9D, 0x2F, 0x68, 0x50, 0x62, 0x32, 0x8B, 0xAD, 0xAD, 0xF6, 0x4F, 0xB6, 0x35, 0xA4,
    0x1E, 0xD3, 0x50, 0x24, 0x1A, 0x5A, 0x37, 0x3C, 0x62, 0x62, 0x9D, 0x6A, 0xE8, 0xD1, 0x46, 0x43,
    0x95, 0x6D, 0x1E, 0x84, 0x99, 0x2D, 0x75, 0xA8, 0xA1, 0xBD, 0x6D, 0x0D, 0x39, 0x05, 0x3B, 0x4B,
    0xEC, 0x2A, 0xA9, 0x92, 0x9E, 0xC0, 0x6E, 0x92, 0xAD, 0xD4, 0xD6, 0xFD, 0x05, 0x54, 0x5C, 0xEC,
    0x97, 0x60, 0x7D, 0x94, 0xA4, 0x1D, 0x38, 0xB4, 0xD3, 0x82, 0x43, 0x23, 0x96, 0xC3, 0x11, 0xC8,
    0x9C, 0xBD, 0xBF, 0xE2, 0x51, 0xEF, 0x53, 0x3C, 0xEA, 0x3F, 0x64, 0x80, 0x1E, 0x49, 0x16, 0xBE,
    0x60, 0xEB, 0xEF, 0x1D, 0x69, 0x96, 0xF4, 0xAC, 0x11, 0x4A, 0x93, 0x74, 0x12, 0x2A, 0x34, 0xA1,
    0x24, 0x73, 0xCA, 0x94, 0xEB, 0xF6, 0x0A, 0x5B, 0x52, 0x0D, 0xF7, 0x1F, 0x51, 0x21, 0x69, 0x35,
    0xC3, 0x7D, 0x7E, 0x42, 0xE4, 0x63, 0xB3, 0x11, 0x89, 0xD9, 0x86, 0x4D, 0x7D, 0x31, 0xA0, 0x6A,
    0x87, 0x27, 0x84, 0x95, 0xCB, 0x38, 0x01, 0xD2, 0xEE, 0xFD, 0x05, 0xA5, 0xC3, 0x7D, 0x06, 0x9C,
    0x4A, 0xA0, 0x84, 0xF8, 0x99, 0x40, 0x22, 0xE0, 0x88, 0xC4, 0x3B, 0x13, 0xD3, 0x42, 0x88, 0x8A,
    0xAF, 0xAF, 0x3C, 0x08, 0x94, 0x49, 0x97, 0x28, 0xE0, 0xEC, 0xB0, 0x14, 0xF3, 0xCA, 0xCE, 0xAB,
    0x4A, 0xF8, 0x15, 0x0B, 0x05, 0xDA, 0x98, 0x2E, 0xD3, 0x7C, 0xC0, 0x72, 0xB7, 0xAB, 0x54, 0x61,
    0xD6, 0xE3, 0x6A, 0x27, 0xF5, 0xD1, 0xFF, 0xA0, 0x00, 0x65, 0xE2, 0x5F, 0x3A, 0x16, 0xEA, 0xEB,
    0x50, 0x8A, 0xAB, 0x9E, 0x43, 0x56, 0x29, 0xE1, 0x90, 0xB0, 0xB8, 0x65, 0x65, 0xDB, 0x57, 0xA6,
    0x67, 0x3C, 0x62, 0x5D, 0xA8, 0x8A, 0x21, 0x81, 0x11, 0x81, 0x4E, 0x01, 0xE9, 0xD8, 0xDB, 0x85,
    0x3F, 0x48, 0xEF, 0x3B, 0xED, 0xE9, 0x4B, 0x99, 0xB6, 0x56, 0xFE, 0x92, 0x99, 0x82, 0x6F, 0x36,
    0xCE, 0x83, 0x0A, 0xC5, 0x6A, 0x71, 0xEC, 0x70, 0x9A, 0x1E, 0xDE, 0x86, 0xC7, 0x9F, 0x45, 0x08,
    0xF0, 0xAB, 0x4E, 0xB9, 0xFF, 0xA8, 0xA9, 0x6E, 0xD3, 0xD0, 0xB3, 0xEB, 0x0D, 0x4A, 0x32, 0x12,
    0x93, 0x8E, 0x5D, 0x60, 0xAE, 0x2B, 0x67, 0x92, 0x6F, 0x86, 0xA2, 0xF4, 0x10, 0xEB, 0x0D, 0x4A,
    0x97, 0x5D, 0xFC, 0x3B, 0xFD, 0x3B, 0x38, 0x55, 0x91, 0xC7, 0xE2, 0xE8, 0xDD, 0xDE, 0x20, 0x7D,
    0xCC, 0x98, 0xA1, 0x47, 0xD6, 0x2D, 0x10, 0x8D, 0xEC, 0xBA, 0x77, 0x27, 0x0A, 0xB7, 0x15, 0xBA,
    0xA9, 0xCE, 0xAD, 0x08, 0xCC, 0x76, 0xEB, 0x62, 0xDF, 0x16, 0xFA, 0xA7, 0x8A, 0xFD, 0x69, 0xA1,
    0x6F, 0x8A, 0x7D, 0xA2, 0x5F, 0xD6, 0x66, 0x67, 0xBF, 0xD5, 0x7D, 0xF7, 0xA5, 0x31, 0xC2, 0xA5,
    0xA9, 0xFC, 0x34, 0xF4, 0x75, 0x8B, 0xDD, 0x76, 0xD8, 0x6D, 0x83, 0xDD, 0xF6, 0xD7, 0x6D, 0x7B,
    0xDD, 0x76, 0xD7, 0x2D, 0x66, 0xDB, 0x5B, 0xB7, 0xAD, 0x75, 0xDB, 0x59, 0xB7, 0x8D, 0x75, 0x0B,
    0xD7, 0xB6, 0xD5, 0x6D, 0x57, 0xDD, 0x36, 0xD5, 0x6D, 0x4F, 0xDD, 0xB6, 0xD4, 0x27, 0x1D, 0x75,
    0xD3, 0xD4, 0xB2, 0x5D, 0x2D, 0xDB, 0xD6, 0xB2, 0x7D, 0x2D, 0xDB, 0x74, 0xFC, 0x86, 0x34, 0xD4,
    0xCD, 0xB1, 0xD1, 0xDC, 0x36, 0x0F, 0x85, 0x56, 0xED, 0xA9, 0x9D, 0xE4, 0x64, 0xA5, 0x3E, 0xB0,
    0x0C, 0xD8, 0xAF, 0xED, 0xDC, 0xFB, 0xBB, 0xCE, 0xC9, 0xA5, 0x78, 0x91, 0x4E, 0x8A, 0x74, 0x2A,
    0xD1, 0x50, 0x27, 0xDE, 0xE8, 0x68, 0x2F, 0x61, 0xDF, 0xB3, 0x90, 0x73, 0x44, 0x76, 0xC5, 0xE5,
    0x4C, 0x11, 0x97, 0xBF, 0x83, 0x84, 0x27, 0xF4, 0x33, 0x36, 0x6E, 0x03, 0x06, 0x2F, 0x31, 0x33,
    0xD6, 0x76, 0x21, 0xBB, 0xC6, 0x03, 0x97, 0x2D, 0x89, 0x98, 0x0A, 0x21, 0x5C, 0xE9, 0xBD, 0x27,
    0xCC, 0xE9, 0x72, 0xE9, 0x31, 0x13, 0xF4, 0x79, 0x12, 0x31, 0x2D, 0x4B, 0x64, 0x2B, 0x4D, 0x55,
    0x10, 0xBC, 0x8B, 0x1F, 0x82, 0xDF, 0x02, 0x63, 0x78, 0xE0, 0xF7, 0xE4, 0x51, 0x03, 0x7C, 0x16,
    0x37, 0x83, 0x15, 0xCC, 0xB5, 0x59, 0xC8, 0x79, 0xA2, 0x1C, 0x27, 0xE6, 0x9C, 0xBE, 0x64, 0xA4,
    0x94, 0xD6, 0x2D, 0x0A, 0x9E, 0x9A, 0xA7, 0x1E, 0x15, 0xD6, 0x5A, 0x00, 0xBA, 0xCB, 0x33, 0x28,
    0xCC, 0xE0, 0xD5, 0x08, 0x12, 0xFE, 0xE7, 0x8C, 0xA7, 0xB0, 0x65, 0x53, 0x7D, 0xAC, 0x95, 0x13,
    0xAD, 0x2D, 0x39, 0x59, 0x0F, 0xB3, 0xC9, 0xE1, 0xA3, 0xDC, 0xE9, 0x8B, 0x07, 0x0A, 0x3D, 0xFF,
    0x70, 0xBA, 0x69, 0xD2, 0x39, 0x97, 0xBE, 0xB9, 0x74, 0xCD, 0xD9, 0x33, 0x97, 0x8E, 0xB9, 0xF4,
    0xCB, 0xA5, 0xD5, 0xAF, 0x7B, 0xE5, 0x6C, 0xF3, 0x4B, 0x9F, 0x5C, 0xBA, 0xE4, 0xD2, 0x23, 0x97,
    0x0E, 0xB9, 0xF4, 0xC7, 0xA5, 0x3B, 0x2E, 0xBD, 0x71, 0x69, 0xEB, 0x4B, 0x5F, 0x5C, 0xBA, 0xE2,
    0xD2, 0x13, 0x3F, 0xD2, 0x51, 0xF4, 0xB6, 0x89, 0xA0, 0xF4, 0xAD, 0x2B, 0x36, 0xCB, 0xAD, 0xFB,
    0xDA, 0x6C, 0x6A, 0xB3, 0xA3, 0xCD, 0x76, 0x36, 0x7B, 0xD9, 0x6C, 0x64, 0xB3, 0x8B, 0xCD, 0x16,
    0xB6, 0x2E, 0x8C, 0x49, 0xE4, 0x41, 0xA4, 0x32, 0x29, 0x74, 0x1A, 0x36, 0xAC, 0x75, 0x61, 0x2C,
    0xA6, 0x22, 0x46, 0x2F, 0x64, 0x4C, 0xAC, 0xFC, 0xC6, 0xBA, 0x64, 0xE3, 0x8A, 0x2F, 0x5C, 0xC2,
    0x70, 0x91, 0xEB, 0x5D, 0xA2, 0xAE, 0x42, 0x66, 0xF5, 0x90, 0xAE, 0x12, 0x13, 0xCB, 0x4C, 0xE2,
    0x32, 0x87, 0x8E, 0xC5, 0x5B, 0xBB, 0x55, 0xBC, 0x45, 0xDB, 0xC5, 0x5B, 0xA7, 0xE9, 0x76, 0xA8,
    0x8B, 0xB7, 0x60, 0x5A, 0xBC, 0x05, 0xA6, 0x78, 0x53, 0xCE, 0x07, 0x3A, 0xB6, 0xD3, 0x05, 0xB9,
    0x17, 0xBF, 0x30, 0x48, 0xC0, 0x1B, 0x82, 0xD7, 0x01, 0xC6, 0x83, 0x79, 0xF8, 0x60, 0x0B, 0xAB,
    0x73, 0x2D, 0xE6, 0xDC, 0x43, 0x5D, 0xB5, 0xD7, 0x93, 0xE3, 0x66, 0x7B, 0x0C, 0xD1, 0xAA, 0x6F,
    0x45, 0x69, 0x17, 0x34, 0x9B, 0x53, 0xBC, 0x74, 0x73, 0x7E, 0xE2, 0x34, 0xEA, 0xEB, 0x2D, 0xF3,
    0x10, 0x63, 0x0F, 0x6D, 0x08, 0x4D, 0x2D, 0x8C, 0x29, 0x8A, 0xEF, 0x03, 0x79, 0x9F, 0xE8, 0xE4,
    0x17, 0xD7, 0x71, 0x0B, 0x27, 0xC2, 0xD2, 0x08, 0x16, 0x3D, 0x04, 0x4D, 0xC4, 0x64, 0x4B, 0x92,
    0xEC, 0x32, 0xCA, 0xB0, 0x71, 0x3C, 0x8B, 0x2B, 0xC9, 0xA4, 0x87, 0x14, 0xCE, 0x3E, 0xA4, 0x2E,
    0x6E, 0x4D, 0x83, 0xDA, 0xED, 0x52, 0xB1, 0xE5, 0x03, 0xC8, 0x1D, 0x31, 0x44, 0x84, 0xF4, 0xF9,
    0xE0, 0x78, 0xEF, 0x84, 0x9A, 0xC4, 0x3C, 0x17, 0x10, 0x76, 0x5F, 0x36, 0x2B, 0xBE, 0xA9, 0x1B,
    0x00, 0x42, 0x78, 0x0A, 0xED, 0x3E, 0x4A, 0x1F, 0xB7, 0xF8, 0xAB, 0x19, 0x54, 0xDE, 0x23, 0xE4,
    0x82, 0xDB, 0xFB, 0xBD, 0x0F, 0x55, 0x80, 0xDA, 0x95, 0x61, 0x76, 0x54, 0x46, 0x44, 0xE0, 0x57,
    0x47, 0x71, 0x98, 0x75, 0xF1, 0xCC, 0x69, 0x01, 0x0F, 0xC1, 0x24, 0x00, 0x69, 0x5D, 0x64, 0x11,
    0x12, 0xF8, 0x6C, 0xD1, 0x60, 0x02, 0x8A, 0xFB, 0xCE, 0x6D, 0x32, 0x99, 0x9E, 0x41, 0x93, 0x26,
    0x73, 0xC4, 0xF9, 0xF7, 0xC3, 0x5D, 0xF4, 0x3E, 0x7C, 0xD8, 0x9E, 0xD7, 0xF6, 0x1A, 0x08, 0x71,
    0x4C, 0x61, 0x9C, 0xD9, 0x4D, 0x1C, 0x9A, 0x66, 0xC0, 0x6D, 0x0F, 0xAF, 0x61, 0x3F, 0x7F, 0xAC,
    0x9A, 0x5D, 0xB4, 0x77, 0xC8, 0x49, 0x09, 0x82, 0x18, 0xA6, 0x10, 0xCE, 0x28, 0x9E, 0x73, 0xFB,
    0x4D, 0x38, 0x26, 0x96, 0x80, 0xB1, 0xA9, 0x19, 0xC9, 0xD2, 0xA4, 0x6F, 0xB7, 0x14, 0x6A, 0x39,
    0x3C, 0x46, 0x61, 0xDB, 0x09, 0x85, 0x85, 0xFF, 0xC2, 0xA4, 0xB3, 0x27, 0x9D, 0x57, 0x4D, 0xEB,
    0xC9, 0x85, 0x99, 0x4A, 0xBA, 0x98, 0x1F, 0xB7, 0xD2, 0xE8, 0x95, 0xED, 0xBA, 0x73, 0xF9, 0xF4,
    0x31, 0x0E, 0xB4, 0x19, 0x17, 0xF0, 0xCE, 0x02, 0x9A, 0x28, 0xA8, 0xA8, 0x64, 0x6F, 0x85, 0xE7,
    0x3B, 0xB5, 0x58, 0x65, 0x6B, 0x2A, 0x9C, 0x9B, 0xB9, 0xD3, 0x43, 0x7A, 0xEA, 0x80, 0xDC, 0x41,
    0xEF, 0x83, 0x87, 0xBA, 0xE4, 0x42, 0xF5, 0x1D, 0x24, 0x8A, 0x9F, 0x3C, 0x4D, 0x39, 0xA0, 0x3C,
    0x86, 0x43, 0xE8, 0x2C, 0xC8, 0xD4, 0x87, 0x5E, 0x71, 0x5E, 0x32, 0xEC, 0x5D, 0x3D, 0xD4, 0xFA,
    0xA1, 0x63, 0xB1, 0x17, 0xFD, 0xD6, 0xA5, 0xA7, 0x7A, 0x48, 0x98, 0x86, 0x55, 0x74, 0xBD, 0xF6,
    0xFF, 0xD0, 0xBA, 0xCD, 0x1D, 0xDB, 0x32, 0x2D, 0x38, 0xA1, 0x3E, 0x07, 0x4C, 0xED, 0x51, 0x60,
    0x6E, 0xBF, 0xBB, 0xD4, 0x73, 0x1A, 0x73, 0x84, 0x28, 0xE7, 0x87, 0x72, 0x4C, 0x1A, 0x22, 0x8A,
    0x5F, 0x01, 0xAC, 0x57, 0x9D, 0xEA, 0x69, 0xA2, 0x55, 0xCB, 0xC2, 0x1B, 0x9B, 0xE0, 0x9D, 0xF6,
    0x05, 0xF5, 0xCB, 0xFF, 0xF3, 0x48, 0x33, 0x95, 0x72, 0x48, 0x30, 0xBD, 0x2B, 0x7B, 0xCF, 0x44,
    0x75, 0xF8, 0xCA, 0x2E, 0x4A, 0xF6, 0xE7, 0xAF, 0xD9, 0xBD, 0x36, 0xBE, 0x30, 0xDD, 0xEB, 0xB3,
    0xD6, 0xE5, 0x9B, 0x59, 0x60, 0x73, 0xD4, 0x28, 0x55, 0x5E, 0x07, 0x3B, 0x69, 0x4D, 0x6C, 0x59,
    0xC8, 0xB4, 0x11, 0x7F, 0x46, 0x19, 0x3F, 0xF8, 0x91, 0x62, 0x7E, 0x54, 0xF3, 0x48, 0x6F, 0x29,
    0x4F, 0xCD, 0x36, 0x3E, 0x9F, 0xE1, 0x0D, 0x76, 0xBC, 0x47, 0x2A, 0x7E, 0x97, 0x3C, 0x9C, 0x24,
    0x1C, 0x36, 0x32, 0xE3, 0xB7, 0x00, 0xBD, 0xDA, 0x19, 0xFC, 0xEA, 0x42, 0x4B, 0x2E, 0xC2, 0xF9,
    0xC2, 0x82, 0xED, 0x51, 0x44, 0x49, 0x18, 0x49, 0x0C, 0xB3, 0x4F, 0xA4, 0x8D, 0x15, 0x16, 0x73,
    0x39, 0x3E, 0x09, 0x6A, 0xE2, 0x08, 0xFF, 0x88, 0xD0, 0x82, 0x54, 0x23, 0x8A, 0x60, 0xDC, 0x7A,
    0xE9, 0x59, 0x43, 0x95, 0x16, 0x99, 0xFA, 0xD7, 0xA8, 0x9C, 0x47, 0x87, 0x22, 0xAA, 0xD7, 0x6F,
    0x62, 0xCB, 0x56, 0x89, 0x5F, 0x3C, 0xB9, 0xC4, 0x87, 0x96, 0x6A, 0x08, 0xD4, 0xE9, 0x70, 0x9D,
    0xFD, 0xF8, 0x69, 0xCA, 0xF0, 0x95, 0x7B, 0x71, 0x56, 0x19, 0x4A, 0xF9, 0x49, 0xFE, 0xBC, 0x76,
    0x2E, 0x27, 0xBB, 0xB1, 0x8B, 0x23, 0x34, 0xC6, 0x4E, 0xD9, 0xA3, 0x53, 0x54, 0xE0, 0x1C, 0x0E,
    0x91, 0x85, 0x04, 0x33, 0x62, 0x30, 0x05, 0xB8, 0xCD, 0x65, 0x76, 0xBB, 0xBF, 0xBB, 0x93, 0x63,
    0x42, 0x87, 0xC5, 0x1D, 0xBB, 0xAF, 0x57, 0x5B, 0x75, 0x71, 0x53, 0x9D, 0x9D, 0x59, 0xC6, 0x3D,
    0xCC, 0xC9, 0xAF, 0x31, 0xAE, 0xAE, 0x1E, 0x39, 0xD6, 0x06, 0xCC, 0x9B, 0x54, 0xC7, 0x61, 0x2C,
    0x59, 0xD4, 0xDA, 0x77, 0xE5, 0x8B, 0x3A, 0xA9, 0x39, 0x3A, 0x0C, 0x27, 0x61, 0x3E, 0xCE, 0xDE,
    0x06, 0x5F, 0x59, 0xD8, 0xBE, 0x1C, 0x5F, 0x3F, 0x34, 0x91, 0xBD, 0x35, 0xF9, 0x96, 0x74, 0x7F,
    0x21, 0xCD, 0x02, 0x50, 0xD9, 0x8B, 0x6B, 0xDB, 0xE2, 0xD3, 0x7E, 0x67, 0x5A, 0x70, 0x69, 0xAD,
    0x6B, 0x34, 0x02, 0xE1, 0xC3, 0x48, 0x09, 0x0F, 0x82, 0x16, 0x21, 0xA3, 0x96, 0x8C, 0x60, 0xBF,
    0x0C, 0x6C, 0x6D, 0x94, 0x3B, 0x7D, 0x51, 0x17, 0x13, 0x03, 0xDF, 0x9B, 0x8C, 0x63, 0x8C, 0x76,
    0x9A, 0xCC, 0x67, 0x26, 0xA1, 0x9F, 0xFA, 0x82, 0xDB, 0x69, 0x6E, 0xE0, 0x9B, 0x36, 0xDD, 0xFA,
    0x80, 0xB3, 0xD2, 0x09, 0xEC, 0x8A, 0x69, 0x64, 0xBC, 0xA8, 0xF4, 0x81, 0xFD, 0x87, 0x94, 0x8C,
    0x14, 0x6E, 0x6C, 0x96, 0x63, 0x8D, 0xA7, 0x98, 0x80, 0xAA, 0xAD, 0x5C, 0x9A, 0xD8, 0x1C, 0x84,
    0x65, 0x0F, 0x9E, 0x51, 0xE9, 0xA0, 0x19, 0x23, 0xDB, 0xF0, 0xA1, 0x4C, 0xB8, 0x6F, 0xAA, 0x6C,
    0xB6, 0x4E, 0x10, 0x3D, 0x1B, 0xC4, 0x51, 0xA8, 0xE2, 0x39, 0x2D, 0xBE, 0x5A, 0x0F, 0xBA, 0x9D,
    0x22, 0x5F, 0xFF, 0xA4, 0xCA, 0x57, 0xDC, 0x07, 0xEE, 0xD4, 0x31, 0x9B, 0xA9, 0xBA, 0x88, 0x93,
    0x2A, 0x64, 0x32, 0x14, 0x5B, 0x7D, 0x1D, 0x9E, 0xD9, 0x05, 0x9D, 0xD9, 0xC7, 0x0B, 0x2B, 0xEE,
    0x39, 0xBF, 0x88, 0xCC, 0x5F, 0x1F, 0x6C, 0x7A, 0xC5, 0x7B, 0x60, 0x23, 0xAC, 0x11, 0x92, 0xAB,
    0x27, 0xA7, 0x12, 0x75, 0xA9, 0xBF, 0x7C, 0x83, 0xA0, 0x15, 0x20, 0x40, 0x45, 0xEF, 0xD7, 0xEA,
    0x19, 0xCF, 0xA8, 0x6D, 0xAA, 0x3E, 0x69, 0xB2, 0x16, 0x62, 0x31, 0xB7, 0x3A, 0x31, 0x04, 0x7E,
    0xBD, 0xF9, 0x78, 0xBD, 0xC0, 0x0D, 0x07, 0xB0, 0x72, 0xA9, 0x4C, 0xA4, 0xC0, 0xEB, 0xD6, 0xD5,
    0xDC, 0xE4, 0x04, 0xD3, 0xF8, 0x81, 0x64, 0x79, 0x66, 0x49, 0x87, 0xE1, 0x57, 0x72, 0xBD, 0x10,
    0x10, 0xC9, 0xF7, 0x92, 0xF1, 0xD9, 0x96, 0xA9, 0x02, 0x0E, 0xE1, 0x27, 0x6F, 0xDC, 0x2C, 0x44,
    0xF1, 0xA2, 0xFA, 0xC8, 0xB0, 0xED, 0x44, 0x7F, 0x2F, 0x5B, 0xDA, 0x28, 0x73, 0xCE, 0xBD, 0x99,
    0xFD, 0xBF, 0x9E, 0x8C, 0x3C, 0x91, 0xA6, 0xC4, 0xB5, 0xFA, 0xF7, 0xD8, 0x3B, 0x5F, 0x4A, 0xFB,
    0x21, 0x77, 0x07, 0x95, 0x43, 0xEA, 0x9C, 0x81, 0x19, 0xDB, 0x4F, 0x07, 0xEC, 0x6C, 0xFB, 0x61,
    0xEA, 0x80, 0x09, 0xB0, 0xA2, 0xC4, 0xAC, 0xFE, 0x03, 0x75, 0x54, 0x31, 0x6F, 0xDB, 0x46, 0x14,
    0xFE, 0x28, 0x3A, 0x3E, 0xC7, 0x17, 0xF9, 0x3C, 0x06, 0xB0, 0x6C, 0x66, 0x30, 0x50, 0x07, 0xA0,
    0x44, 0x16, 0x15, 0x10, 0xA2, 0x20, 0xC3, 0x2B, 0x3A, 0x74, 0x2B, 0xF2, 0x13, 0x3C, 0x64, 0xE8,
    0x16, 0x0D, 0x1C, 0x34, 0x58, 0x11, 0xD1, 0x5F, 0xA0, 0x9F, 0xA0, 0x21, 0x7B, 0x55, 0x40, 0x83,
    0x87, 0xD4, 0x3C, 0x64, 0x29, 0xD0, 0x2E, 0xB7, 0x16, 0x45, 0x01, 0x0E, 0x2D, 0x3A, 0xA4, 0x40,
    0x38, 0xA8, 0x80, 0x0A, 0x50, 0xBA, 0xBE, 0x3B, 0xDB, 0x81, 0x5D, 0xA0, 0x14, 0x79, 0x22, 0xDF,
    0xBD, 0x7B, 0xF7, 0xDE, 0xF7, 0xBE, 0xEF, 0x9E, 0x22, 0x87, 0x90, 0x4C, 0x75, 0x34, 0xDE, 0xF8,
    0x0D, 0x57, 0x11, 0xC6, 0xC0, 0x37, 0xC0, 0x16, 0xFE, 0x07, 0x04, 0x5F, 0xA9, 0x8B, 0x8E, 0x66,
    0x75, 0x57, 0x6C, 0xD2, 0x7E, 0xB4, 0x4E, 0x58, 0x0D, 0xA0, 0x32, 0x30, 0x06, 0xF6, 0xCA, 0xE9,
    0x7F, 0x6A, 0xB6, 0x18, 0xF9, 0x6A, 0x72, 0x24, 0x73, 0x03, 0xBE, 0xC6, 0x45, 0x7B, 0x19, 0x72,
    0x39, 0x11, 0x65, 0x2A, 0xAC, 0x47, 0x39, 0xAD, 0xBD, 0xBA, 0x53, 0x47, 0x65, 0x8A, 0x04, 0xBC,
    0x4E, 0xC7, 0x45, 0x58, 0x84, 0x49, 0x12, 0x50, 0x20, 0xBF, 0x69, 0xD9, 0xBB, 0x46, 0x7C, 0xA9,
    0x32, 0x21, 0x97, 0x21, 0x9E, 0x60, 0x96, 0x71, 0x15, 0x44, 0xE0, 0x2D, 0x4D, 0x41, 0x94, 0x42,
    0x0A, 0x04, 0x18, 0x20, 0xA3, 0x5F, 0x8A, 0x40, 0xC8, 0x48, 0xC8, 0x41, 0x80, 0x2C, 0x40, 0x3A,
    0xC0, 0xD9, 0x3E, 0x72, 0xA1, 0x02, 0xA6, 0xF8, 0xBB, 0xA6, 0xA3, 0x97, 0x58, 0xC1, 0x5B, 0x01,
    0x0D, 0x86, 0xBE, 0xCA, 0x78, 0x19, 0xB9, 0x54, 0xE8, 0xA2, 0x58, 0x94, 0xD6, 0x25, 0x97, 0x8D,
    0x2F, 0xBD, 0xDA, 0xD7, 0x5C, 0x51, 0x18, 0xBC, 0xC6, 0x5B, 0xDA, 0x82, 0x6B, 0x0A, 0x20, 0x07,
    0x14, 0x7B, 0x89, 0xC9, 0x24, 0xCB, 0xB2, 0xFE, 0xC9, 0x7D, 0xE3, 0xD3, 0x3B, 0xD0, 0x74, 0x56,
    0x4C, 0x0B, 0x99, 0x02, 0x33, 0xAF, 0xAE, 0x6A, 0xA3, 0x7D, 0xE5, 0xAB, 0x87, 0x38, 0x41, 0xB4,
    0xCA, 0x9B, 0xD4, 0x42, 0x66, 0xD1, 0x50, 0x74, 0xC3, 0x57, 0x60, 0x25, 0xB8, 0x04, 0xD5, 0x4F,
    0xF7, 0x01, 0xD0, 0xA2, 0xA5, 0xE5, 0x84, 0x41, 0x62, 0x33, 0x92, 0x7D, 0x0C, 0x09, 0x8B, 0xE7,
    0xE8, 0xC2, 0x2B, 0x7D, 0xC5, 0xCA, 0x6A, 0x5D, 0x51, 0xEA, 0x79, 0x9B, 0xB7, 0x7E, 0xC9, 0x4A,
    0x2E, 0x3B, 0x14, 0x3A, 0x6F, 0xA7, 0x6B, 0x2E, 0xB9, 0x45, 0xBB, 0xAD, 0xD6, 0x58, 0x53, 0x7D,
    0x8D, 0xD7, 0x74, 0x1A, 0xA6, 0x2B, 0x55, 0xD1, 0x5A, 0x8B, 0xC8, 0x05, 0x55, 0xF1, 0x16, 0x95,
    0x8A, 0xD4, 0x20, 0xCF, 0x42, 0x26, 0x33, 0xC2, 0x9C, 0x4B, 0xA1, 0x93, 0x62, 0x94, 0x8E, 0xD2,
    0x64, 0x6C, 0x31, 0xDE, 0x95, 0xC2, 0x15, 0xB3, 0x00, 0x23, 0x34, 0x99, 0xF6, 0x6A, 0x56, 0x1B,
    0xB5, 0xA5, 0x9D, 0xB9, 0x3C, 0x26, 0x7B, 0x86, 0x5C, 0x05, 0x8A, 0x50, 0xF9, 0x88, 0xB6, 0x8D,
    0xED, 0x8A, 0xD9, 0x4C, 0x4D, 0x3B, 0x46, 0xBA, 0x44, 0xD2, 0xA0, 0x20, 0xCB, 0x28, 0x3C, 0x28,
    0x2E, 0xC2, 0xFC, 0xC3, 0xEA, 0x81, 0x27, 0x4F, 0xF1, 0xA2, 0xCF, 0x94, 0x78, 0x05, 0xE6, 0x7A,
    0x85, 0x97, 0xE8, 0xB4, 0xE0, 0x5B, 0x0C, 0x84, 0x5C, 0xF9, 0x2A, 0xF1, 0x54, 0xC6, 0x54, 0x64,
    0x24, 0x73, 0x3D, 0x60, 0x5B, 0x04, 0x46, 0x92, 0xA5, 0xE8, 0x28, 0xAE, 0xD3, 0x68, 0x5D, 0x24,
    0xD3, 0x66, 0xC1, 0x95, 0xDB, 0xA5, 0x9C, 0x1A, 0x69, 0x9D, 0xA6, 0xC6, 0xBE, 0x1A, 0x19, 0x19,
    0x8B, 0xA2, 0x51, 0xB8, 0xB9, 0xC8, 0x46, 0x84, 0x33, 0x60, 0x75, 0x2F, 0xD8, 0xA4, 0xE9, 0x74,
    0x35, 0xE4, 0xDA, 0x99, 0xB7, 0x95, 0xD9, 0x38, 0x0F, 0x9A, 0xBD, 0xBE, 0xB6, 0xAE, 0xE1, 0x0A,
    0xD3, 0xD2, 0x6F, 0x11, 0x69, 0xAA, 0xE4, 0xE6, 0x1A, 0xD0, 0x43, 0x9D, 0xC3, 0x25, 0xE0, 0x51,
    0xB2, 0x3E, 0x05, 0x60, 0xB4, 0x81, 0x90, 0xF7, 0xA6, 0xF0, 0x9F, 0xA9, 0xE8, 0xFF, 0xA7, 0x82,
    0x3B, 0x53, 0x21, 0x39, 0x72, 0xFA, 0x1D, 0xB8, 0xAF, 0x14, 0x7D, 0xC2, 0xAC, 0x40, 0x5A, 0x99,
    0xB5, 0x31, 0x2B, 0x57, 0x62, 0x4B, 0x77, 0x81, 0x64, 0x84, 0xA2, 0x32, 0x8D, 0x31, 0x0D, 0xFF,
    0x73, 0x9D, 0x4C, 0xFA, 0x8B, 0xE4, 0x98, 0x66, 0x77, 0x0E, 0x07, 0x17, 0xA2, 0x11, 0x2A, 0x6F,
    0x0A, 0x2B, 0xAD, 0x25, 0xD3, 0xD4, 0xF5, 0x92, 0x11, 0x03, 0x98, 0xB2, 0xF9, 0x07, 0x04, 0x45,
    0x74, 0x07, 0x0E, 0x82, 0x46, 0x5A, 0x48, 0x6E, 0xA9, 0xE9, 0x69, 0x6F, 0xCE, 0x6A, 0x51, 0x66,
    0x44, 0x90, 0xFB, 0x32, 0xCD, 0x65, 0xAE, 0x6C, 0x1C, 0xAB, 0x42, 0xEC, 0x4B, 0xF2, 0x0F, 0x27,
    0xE3, 0xC9, 0x65, 0x9B, 0x36, 0x4B, 0x94, 0x37, 0xAA, 0xCA, 0x55, 0x54, 0xDE, 0x44, 0xB5, 0xA0,
    0x97, 0x63, 0x62, 0xEE, 0x92, 0x18, 0xBA, 0x20, 0xE2, 0xD2, 0xCE, 0x3A, 0xB8, 0xBF, 0x73, 0x69,
    0x77, 0x17, 0xA2, 0x24, 0x29, 0x0E, 0x84, 0xD5, 0x61, 0x66, 0xE1, 0x9B, 0x36, 0x55, 0x83, 0xDA,
    0xD3, 0x1D, 0xE5, 0xB9, 0x60, 0x5D, 0xF0, 0xBF, 0xD2, 0xA8, 0x2D, 0x12, 0xD3, 0x7C, 0xFF, 0x5E,
    0x79, 0xD7, 0x01, 0x02, 0x87, 0xE7, 0x31, 0x9D, 0x00, 0x61, 0xB0, 0x19, 0xA7, 0xD3, 0xA6, 0xA0,
    0x36, 0x2E, 0x00, 0xA7, 0x59, 0xCB, 0x91, 0x7F, 0xFA, 0xC2, 0xB4, 0x21, 0xB7, 0x20, 0x88, 0xD5,
    0x38, 0x37, 0x4D, 0x11, 0x29, 0x7C, 0x21, 0xD9, 0xB7, 0x3A, 0x32, 0xAB, 0x88, 0x40, 0xF3, 0x4B,
    0xCF, 0x39, 0x22, 0x50, 0xD1, 0x4C, 0x90, 0xF2, 0xFA, 0xB7, 0x0C, 0x51, 0x53, 0x9D, 0xEB, 0xEB,
    0x71, 0x64, 0x0D, 0x34, 0xEE, 0xD3, 0x78, 0x8E, 0x9F, 0x62, 0xCC, 0x70, 0xAC, 0x9E, 0x51, 0xC7,
    0x1E, 0xC1, 0xB7, 0x14, 0x06, 0xE6, 0x18, 0xD1, 0xB6, 0xF5, 0xAD, 0x27, 0x35, 0x35, 0xBE, 0x1D,
    0xED, 0xAC, 0xBE, 0xF6, 0x41, 0x0F, 0x3E, 0xAD, 0xEA, 0xAA, 0x67, 0x76, 0x11, 0xC5, 0xB9, 0x89,
    0x69, 0x75, 0xE0, 0xE9, 0xBB, 0x3B, 0x6A, 0x5C, 0x51, 0x46, 0x81, 0xBA, 0x82, 0xFE, 0x28, 0xED,
    0x8C, 0x0A, 0xED, 0x6C, 0x08, 0x41, 0xD0, 0x51, 0x54, 0xF8, 0xCA, 0xAB, 0xAD, 0x48, 0x3A, 0xB6,
    0xB6, 0xD3, 0x32, 0xAF, 0x03, 0x95, 0xEB, 0xCC, 0x7E, 0xCC, 0x8F, 0xF4, 0x73, 0x62, 0x29, 0x21,
    0x31, 0x9F, 0xD3, 0x99, 0xC4, 0x49, 0x87, 0xAF, 0xE5, 0x1C, 0xDA, 0x9B, 0x5D, 0xF9, 0x75, 0xF0,
    0x63, 0x13, 0xFC, 0x5C, 0x5C, 0x7D, 0x9D, 0xE8, 0x30, 0x3C, 0x7B, 0x2E, 0xF8, 0xF1, 0xA5, 0x3D,
    0x5A, 0xFD, 0xF2, 0x93, 0x37, 0xF9, 0x9A, 0xEB, 0x93, 0x66, 0xEF, 0x45, 0xF0, 0x6B, 0x33, 0xFE,
    0x21, 0x5D, 0x24, 0x5D, 0xBA, 0x49, 0x99, 0xD1, 0x7B, 0x4B, 0xB7, 0x27, 0x94, 0x6F, 0xA5, 0x8D,
    0xA2, 0x43, 0xA4, 0x7C, 0x6C, 0xB3, 0x2D, 0x07, 0x4E, 0x15, 0x82, 0x7A, 0x33, 0x25, 0x98, 0xE5,
    0x51, 0x0B, 0x3A, 0xBE, 0x0D, 0x95, 0xBC, 0x6F, 0x48, 0x9E, 0xE7, 0xB0, 0x87, 0xC4, 0x85, 0x6B,
    0x51, 0x4E, 0xE3, 0x06, 0xE2, 0x0F, 0xBC, 0xA2, 0x6C, 0xC9, 0x87, 0x10, 0x38, 0x32, 0xBF, 0xE3,
    0x56, 0x65, 0x44, 0x68, 0xC7, 0x68, 0xAB, 0xC9, 0x96, 0xBE, 0xDB, 0x5D, 0x33, 0x23, 0x34, 0x88,
    0x9E, 0x33, 0xAE, 0x26, 0xDE, 0x77, 0x44, 0xCB, 0x06, 0x5E, 0xB5, 0xBE, 0x65, 0xCC, 0xAE, 0xD9,
    0x4A, 0xB7, 0x70, 0x05, 0x7F, 0x83, 0x5D, 0x8A, 0xAC, 0x2C, 0x0B, 0xEC, 0xF1, 0xC2, 0xCB, 0x97,
    0x34, 0x76, 0x9C, 0xF2, 0xF7, 0x9C, 0xB3, 0xB8, 0xD6, 0xB1, 0x72, 0x4A, 0x76, 0x9C, 0x39, 0x70,
    0xF6, 0x1D, 0xB0, 0x5F, 0x8E, 0xC3, 0x61, 0x2F, 0x3E, 0x8B, 0x87, 0xF1, 0x22, 0x8A, 0xB9, 0x4E,
    0xE6, 0xA3, 0xBA, 0x92, 0xC4, 0x1E, 0x19, 0x95, 0xFB, 0xD8, 0xEB, 0x3D, 0x3E, 0x8D, 0xE3, 0x73,
    0xD6, 0xF4, 0xCE, 0xC8, 0x89, 0xDC, 0x86, 0xA3, 0x40, 0xED, 0xED, 0xF5, 0x1E, 0x9D, 0xF5, 0x86,
    0x6E, 0xC9, 0x20, 0x26, 0xCE, 0x21, 0x26, 0x58, 0xCE, 0xE9, 0x21, 0xBE, 0x33, 0xEC, 0xB3, 0xDF,
    0x7A, 0x2E, 0xE4, 0xC8, 0x85, 0x7C, 0x80, 0x87, 0xC4, 0x8F, 0xEE, 0xEA, 0xA4, 0x77, 0xBD, 0x66,
    0x14, 0x1F, 0x1E, 0x76, 0xFF, 0x5E, 0x9D, 0x0C, 0x7A, 0x61, 0xAF, 0x37, 0x3C, 0x3D, 0x8B, 0xAD,
    0x89, 0x6C, 0x87, 0xDD, 0xFA, 0x80, 0x88, 0x71, 0x4A, 0xC1, 0x62, 0x1C, 0xD2, 0x92, 0xA9, 0x1C,
    0xBA, 0xF7, 0x73, 0x62, 0x4C, 0x8A, 0xF3, 0x78, 0x34, 0xFF, 0x54, 0x7D, 0x26, 0x3F, 0xA7, 0xF7,
    0x9D, 0x9D, 0xEE, 0x90, 0xCD, 0xFD, 0x92, 0xAB, 0x1E, 0xF1, 0xEA, 0x5F, 0xD5, 0x7D, 0x3F, 0xAC,
    0x1D, 0xD7, 0x7D, 0xE6, 0x99, 0x3B, 0x36, 0x27, 0xCE, 0x00, 0x19, 0x65, 0xE1, 0x6C, 0x62, 0x13,
    0xD2, 0xA4, 0x70, 0xB1, 0x0B, 0x48, 0x9C, 0x2A, 0x80, 0x03, 0xBC, 0x7B, 0x67, 0x28, 0x16, 0x2C,
    0x5C, 0x48, 0x85, 0x99, 0x2D, 0x5C, 0x68, 0x0B, 0x17, 0x29, 0x16, 0x79, 0x2E, 0x52, 0x30, 0x8B,
    0x7B, 0xDF, 0x1D, 0x5A, 0x85, 0x8A, 0x14, 0x62, 0xB0, 0xC1, 0xB6, 0x72, 0xE1, 0xDA, 0x76, 0x00,
    0x15, 0x04, 0x32, 0x8F, 0x77, 0x24, 0x21, 0x50, 0xA1, 0xC2, 0xA3, 0x08, 0x82, 0x0B, 0x17, 0xBC,
    0x8E, 0xA8, 0xDD, 0x05, 0x02, 0x2C, 0x47, 0xD2, 0xC8, 0x1A, 0x9A, 0x73, 0xEF, 0xEC, 0xF7, 0x7D,
    0xE7, 0xCC, 0xFD, 0xF3, 0xDE, 0x23, 0x45, 0x99, 0x12, 0xA5, 0xA5, 0x71, 0xE7, 0x51, 0x7C, 0x77,
    0xCE, 0xF9, 0x9D, 0x73, 0x7E, 0x7F, 0xBE, 0xDF, 0xBF, 0x63, 0x63, 0x0A, 0x63, 0xCC, 0x04, 0x9F,
    0x18, 0x9F, 0x30, 0x37, 0xC6, 0x2F, 0xCD, 0xF0, 0x27, 0xE9, 0x7B, 0x93, 0xF6, 0x6B, 0x33, 0xC6,
    0xDF, 0xA7, 0xF8, 0xF0, 0xAB, 0x1D, 0x3E, 0x2D, 0x3E, 0x8D, 0x31, 0x5E, 0x6D, 0xCC, 0xA8, 0xEF,
    0x2B, 0xBF, 0xEF, 0x4B, 0x7F, 0x89, 0x37, 0x2B, 0x63, 0x02, 0xBC, 0x1D, 0xE2, 0x13, 0xF1, 0x83,
    0xD1, 0xE2, 0xCC, 0x8E, 0x3C, 0x0C, 0x65, 0xCC, 0xAB, 0x07, 0x78, 0x19, 0xA3, 0xD5, 0x57, 0xBF,
    0xC8, 0x79, 0xD2, 0xBE, 0x6F, 0xF0, 0xA9, 0x4D, 0x82, 0x7F, 0x4C, 0xDD, 0x12, 0x77, 0xC7, 0x5F,
    0xF7, 0xB9, 0xC1, 0xEF, 0xBD, 0xBB, 0xA3, 0x0E, 0xE3, 0x1F, 0x8F, 0x6A, 0x33, 0xC1, 0xD8, 0x29,
    0xC6, 0x4E, 0x83, 0xCA, 0x4C, 0x30, 0xF6, 0x0C, 0x9F, 0x2E, 0xBA, 0x16, 0x34, 0xD1, 0xB3, 0x7D,
    0x15, 0x3F, 0x4B, 0xDA, 0xCD, 0x91, 0xA5, 0x8A, 0x54, 0x70, 0xAF, 0x22, 0xB3, 0xB3, 0x06, 0x4E,
    0xBA, 0x7A, 0xE0, 0x1A, 0xF0, 0xF1, 0x6B, 0xFB, 0xF6, 0xDE, 0x1A, 0xF2, 0x13, 0x6B, 0x70, 0xE4,
    0x1A, 0x73, 0xB8, 0xCE, 0x4C, 0x80, 0x55, 0x9B, 0xB4, 0xFA, 0xD3, 0xCC, 0x90, 0x82, 0x11, 0xC7,
    0xE3, 0x20, 0x7A, 0x53, 0xAF, 0xE9, 0x3D, 0x2E, 0xBC, 0xE4, 0xAA, 0x4B, 0xAD, 0xD6, 0xBE, 0xAF,
    0x47, 0xBA, 0x79, 0x24, 0xFC, 0x5E, 0x84, 0x89, 0x4D, 0x70, 0xD7, 0xBB, 0x6E, 0x3C, 0x6C, 0x29,
    0x5E, 0xC6, 0x14, 0xE6, 0x5C, 0xBF, 0xC4, 0x00, 0x9D, 0x59, 0x5F, 0x7C, 0xD5, 0x6B, 0x1D, 0x91,
    0xEE, 0x33, 0x6A, 0xB8, 0x59, 0xF8, 0xCC, 0xF9, 0x65, 0xFC, 0x72, 0xA4, 0xFF, 0xC8, 0xDC, 0xD6,
    0xEF, 0x1C, 0x43, 0x92, 0xFD, 0x9D, 0xD7, 0x9B, 0x79, 0xDF, 0x9A, 0xF3, 0xFD, 0x75, 0xAD, 0x62,
    0xA2, 0x2D, 0x9F, 0x69, 0x33, 0x3A, 0x6D, 0x45, 0xC3, 0x8D, 0xC0, 0x3E, 0x60, 0x64, 0xEC, 0x02,
    0x36, 0x01, 0x7B, 0x80, 0xF7, 0xF1, 0x3A, 0x56, 0x82, 0x75, 0x24, 0xC3, 0x7B, 0xE6, 0xE0, 0x55,
    0x53, 0xB4, 0xE6, 0x6A, 0x3D, 0x6C, 0xEF, 0xA3, 0x8D, 0xB6, 0xBF, 0xD7, 0x99, 0xDD, 0xB3, 0xFB,
    0xB1, 0x86, 0x3B, 0x36, 0x6F, 0xF7, 0xD8, 0x86, 0x23, 0xAB, 0xF6, 0xD9, 0x8E, 0x43, 0xDC, 0x34,
    0x66, 0x81, 0x57, 0xE6, 0xCB, 0x81, 0x15, 0x22, 0x9E, 0x02, 0xA6, 0xB0, 0x3F, 0x12, 0x7B, 0x48,
    0x13, 0x7B, 0x4C, 0x63, 0x9D, 0x30, 0xA6, 0xE2, 0x9B, 0xE6, 0x86, 0x25, 0xAE, 0xB1, 0x3F, 0x6A,
    0x33, 0xC7, 0x61, 0x60, 0xBA, 0x45, 0xAF, 0x05, 0x15, 0x41, 0xCB, 0x49, 0x5B, 0x10, 0x05, 0xF2,
    0x1B, 0x2C, 0x3D, 0x2C, 0x3D, 0x7E, 0x37, 0xCA, 0xF1, 0xA5, 0x31, 0xD6, 0x81, 0x85, 0xCF, 0x30,
    0x12, 0xBE, 0xDB, 0xE1, 0x9F, 0xFD, 0x6A, 0xD4, 0xFE, 0x71, 0x07, 0x1A, 0xE3, 0x3A, 0x6D, 0x4C,
    0xD8, 0xF7, 0x79, 0x9A, 0x83, 0x98, 0xBB, 0x22, 0xB3, 0xB3, 0x0B, 0x6D, 0xED, 0x5A, 0x79, 0xA8,
    0x33, 0xAD, 0x0E, 0x83, 0x73, 0x81, 0xF8, 0xBD, 0xB8, 0xAA, 0xD5, 0x52, 0xF1, 0x7B, 0xAE, 0xD6,
    0xBB, 0x7B, 0xE5, 0x07, 0xEF, 0x4A, 0xF6, 0x7A, 0x9C, 0xAA, 0xCF, 0x1F, 0x3D, 0x7F, 0x1F, 0xE5,
    0x87, 0x25, 0x7E, 0x1F, 0x67, 0x51, 0x09, 0xC2, 0x62, 0xCC, 0x88, 0x3D, 0x49, 0xF0, 0x03, 0xDB,
    0x32, 0x01, 0x91, 0x58, 0x30, 0x88, 0x2C, 0xB1, 0x60, 0x50, 0x97, 0x61, 0xC1, 0x85, 0xB7, 0x26,
    0x0D, 0x0B, 0x8C, 0x02, 0x1A, 0x40, 0x98, 0xE4, 0xD3, 0x48, 0x40, 0xED, 0x4E, 0x6C, 0x99, 0x76,
    0x6C, 0xDC, 0x51, 0xE8, 0x2C, 0x20, 0xA7, 0xD7, 0xF9, 0x46, 0x0B, 0x62, 0xBC, 0x15, 0x29, 0x9E,
    0x90, 0xDE, 0x94, 0x64, 0x70, 0xC5, 0x78, 0xE0, 0x4C, 0xC6, 0x3C, 0x94, 0x29, 0x1F, 0x05, 0x77,
    0xBB, 0xE3, 0x11, 0xB7, 0xDC, 0xF0, 0x46, 0xE7, 0x51, 0x0E, 0xCC, 0x3F, 0xB3, 0xBB, 0x8D, 0x25,
    0x55, 0x66, 0xE7, 0x4F, 0x42, 0x2E, 0x77, 0x03, 0xC5, 0x39, 0xBE, 0x95, 0x72, 0x72, 0xEC, 0x58,
    0xC7, 0x3D, 0x69, 0x43, 0x7C, 0xB9, 0xC1, 0xFB, 0x5E, 0x7D, 0xC4, 0xCD, 0xA0, 0x80, 0x90, 0x6E,
    0xFF, 0x7D, 0xFE, 0xAD, 0x2A, 0xC8, 0x5C, 0x63, 0xB2, 0x45, 0x4A, 0x9E, 0xC0, 0xA4, 0x51, 0x2E,
    0xF6, 0xD3, 0x9E, 0x80, 0xCC, 0x84, 0x3B, 0x3B, 0x11, 0x3B, 0x89, 0x7F, 0x9C, 0xFC, 0xF2, 0xBC,
    0xF9, 0xC7, 0xAA, 0xC1, 0xA7, 0xCD, 0xFE, 0x9F, 0x44, 0x5B, 0xC2, 0xCD, 0xE2, 0x8E, 0x50, 0xE6,
    0x66, 0x26, 0x58, 0x91, 0xAC, 0x48, 0xEC, 0x3F, 0x99, 0xF2, 0xAC, 0x0A, 0xFC, 0xBD, 0xF1, 0x6A,
    0x6C, 0x4E, 0xED, 0x57, 0x0D, 0x36, 0x26, 0xBA, 0x46, 0x69, 0x48, 0x28, 0x13, 0xCB, 0x29, 0xC5,
    0xA2, 0x6A, 0x40, 0x41, 0xF0, 0xC6, 0x12, 0x13, 0x87, 0x6F, 0xF1, 0xB4, 0xA2, 0x57, 0x24, 0x22,
    0xC7, 0x12, 0x91, 0x96, 0x1B, 0x95, 0xD4, 0x92, 0x95, 0x52, 0x73, 0x66, 0x3A, 0x09, 0xBF, 0x8A,
    0xC9, 0xF3, 0x98, 0xDE, 0xEB, 0xC9, 0x38, 0xC9, 0xF5, 0x1D, 0xD2, 0x30, 0xE0, 0xA8, 0x91, 0xD4,
    0xE1, 0x34, 0x42, 0x32, 0x26, 0x86, 0x6A, 0xED, 0x9E, 0xCD, 0x78, 0x74, 0x78, 0x63, 0x4C, 0xD6,
    0x4A, 0xC9, 0x4A, 0x89, 0xC4, 0x85, 0x22, 0x17, 0x1D, 0x52, 0x6B, 0x1D, 0x73, 0x17, 0xB6, 0x4A,
    0x8C, 0xFB, 0x11, 0x97, 0x8E, 0x01, 0xFE, 0x0A, 0x0B, 0x34, 0x3D, 0xF7, 0x69, 0x91, 0xBB, 0x4D,
    0x98, 0x71, 0x0F, 0xA6, 0x64, 0x0A, 0x0D, 0x4E, 0x59, 0xC0, 0x84, 0x1D, 0x77, 0xB3, 0x25, 0x23,
    0x70, 0xD1, 0x1E, 0x57, 0x4B, 0x82, 0x2A, 0x8C, 0x19, 0xD0, 0x44, 0x84, 0x64, 0x4F, 0x31, 0x67,
    0x94, 0x73, 0xB5, 0x60, 0x54, 0xB0, 0x29, 0xC8, 0x4C, 0xB8, 0xD4, 0x94, 0x8F, 0x09, 0x35, 0xE6,
    0x8A, 0x2C, 0xD8, 0x59, 0xED, 0x60, 0x1F, 0x5B, 0xAD, 0xFA, 0x87, 0x5A, 0xAC, 0xD4, 0x9F, 0x4F,
    0x7A, 0x43, 0x3E, 0x22, 0x59, 0x4B, 0x72, 0xE7, 0x94, 0x8F, 0xF6, 0x80, 0x2A, 0x62, 0xCC, 0x3D,
    0x19, 0x73, 0x80, 0x09, 0xDF, 0x9D, 0x90, 0x70, 0xEE, 0x25, 0x84, 0x05, 0x2C, 0x8F, 0xC7, 0xDD,
    0x2B, 0x87, 0xA4, 0x35, 0xCE, 0x48, 0x55, 0x26, 0xF5, 0x24, 0x36, 0x21, 0xC3, 0x94, 0x33, 0x4D,
    0x0A, 0x62, 0x32, 0xFB, 0xC6, 0x09, 0xFE, 0xE7, 0xF6, 0x4B, 0x6A, 0xC5, 0xB7, 0x1E, 0xA5, 0x79,
    0x44, 0xC5, 0xE2, 0x2F, 0x63, 0x2D, 0xBB, 0xB1, 0x2A, 0x02, 0xC4, 0xB7, 0x1C, 0x07, 0x27, 0x9A,
    0x7B, 0x3C, 0x11, 0x9F, 0xF3, 0x05, 0x4B, 0x2C, 0x7B, 0x5E, 0xCA, 0x38, 0x61, 0xF4, 0xDB, 0xB2,
    0x13, 0xD7, 0x8D, 0x0C, 0x15, 0xCE, 0x68, 0x21, 0x45, 0x94, 0x6F, 0x84, 0x26, 0x1F, 0x84, 0x26,
    0xC5, 0xAA, 0x20, 0x6D, 0x98, 0x68, 0x49, 0xB1, 0xCF, 0x30, 0x51, 0x50, 0x6F, 0x26, 0x2A, 0x38,
    0xD1, 0x8C, 0x5F, 0x77, 0x2F, 0xC6, 0x19, 0xCC, 0x52, 0x6C, 0xCE, 0xD7, 0x83, 0x15, 0xBA, 0xFB,
    0x45, 0x19, 0xC4, 0x91, 0x8E, 0xCB, 0xEF, 0x25, 0x84, 0x15, 0x45, 0x2A, 0x28, 0x39, 0x92, 0x34,
    0xA2, 0x55, 0x88, 0x78, 0x43, 0x7C, 0x27, 0x59, 0x9B, 0x68, 0x4C, 0xA9, 0x07, 0x10, 0xC1, 0x31,
    0x45, 0xB2, 0x5D, 0xA7, 0x27, 0x74, 0x20, 0x09, 0xE5, 0x97, 0x75, 0x78, 0x24, 0x37, 0x95, 0xA2,
    0x38, 0xD6, 0x77, 0xA9, 0xF2, 0x96, 0x31, 0x9F, 0x55, 0x62, 0xDC, 0x11, 0x63, 0xB4, 0x89, 0xB8,
    0x64, 0xAC, 0x27, 0x17, 0x47, 0x31, 0xFA, 0x02, 0xC0, 0x52, 0xC8, 0x65, 0x1D, 0x89, 0xA7, 0x3D,
    0x6A, 0x66, 0x71, 0xB8, 0x57, 0x07, 0x25, 0xDF, 0x68, 0xA4, 0x71, 0x4C, 0x11, 0x96, 0x94, 0xA9,
    0x83, 0xE8, 0x1A, 0x19, 0x64, 0x12, 0x5D, 0xA6, 0xFE, 0x8E, 0x63, 0x29, 0xBD, 0x88, 0x0C, 0xC5,
    0xF1, 0x56, 0x02, 0x2F, 0x47, 0x84, 0x2F, 0x5E, 0x3B, 0x4E, 0x24, 0x7E, 0x53, 0x6D, 0x73, 0x59,
    0x90, 0x82, 0x34, 0x6B, 0xB9, 0x5D, 0xC7, 0xA6, 0xA5, 0x74, 0xB7, 0x86, 0xF2, 0x1D, 0x2C, 0x41,
    0x33, 0x36, 0xAA, 0xC4, 0xDF, 0x0B, 0xAB, 0x71, 0xB1, 0x2D, 0xE7, 0xC1, 0x0D, 0xB4, 0x4F, 0x7F,
    0x71, 0x8E, 0x8B, 0x3B, 0x76, 0x27, 0x33, 0x71, 0xCA, 0x95, 0xB2, 0x04, 0xED, 0x4C, 0x05, 0xBF,
    0x76, 0x92, 0xCD, 0x23, 0xF1, 0xEA, 0xFD, 0x03, 0x0F, 0xAB, 0xBF, 0x33, 0xF3, 0x7C, 0x8E, 0x25,
    0x9E, 0xEF, 0x97, 0x5F, 0xB6, 0xB2, 0xC3, 0x94, 0x54, 0x45, 0x89, 0x0C, 0x5F, 0x24, 0x9B, 0x3D,
    0xBA, 0xFB, 0x95, 0x52, 0xC7, 0x8F, 0xCF, 0x3E, 0x45, 0x94, 0x78, 0x22, 0x97, 0x8A, 0xB3, 0x92,
    0x33, 0x26, 0x7A, 0x8E, 0xC5, 0xA3, 0x56, 0x82, 0x6E, 0x88, 0x4F, 0x1B, 0x49, 0xA5, 0x24, 0x88,
    0xD8, 0xD9, 0x58, 0x83, 0x4C, 0xB6, 0x9E, 0x19, 0xAB, 0x24, 0xF8, 0x62, 0x67, 0xAC, 0x56, 0xE1,
    0xC2, 0x1A, 0x0E, 0x49, 0x2E, 0x90, 0x05, 0xF7, 0x04, 0x38, 0x80, 0x53, 0x88, 0xBA, 0x73, 0x89,
    0x03, 0xD6, 0x6C, 0xA8, 0x05, 0x2B, 0xA8, 0x39, 0xC3, 0x1F, 0x7E, 0x2F, 0xD8, 0x19, 0xDC, 0x01,
    0xC8, 0x02, 0xEA, 0xC0, 0xEA, 0x7E, 0x07, 0x72, 0xB1, 0x96, 0x8F, 0x01, 0x7F, 0xA6, 0xFA, 0x81,
    0x2D, 0xF7, 0xEA, 0xDA, 0xD4, 0x1D, 0xC6, 0xAC, 0x47, 0x4B, 0x0A, 0x49, 0xE3, 0x97, 0x54, 0x8A,
    0x8D, 0x36, 0xBF, 0xBC, 0x11, 0x93, 0x95, 0xCB, 0x1B, 0x13, 0x99, 0x85, 0xE9, 0x54, 0xF0, 0x65,
    0xDA, 0x04, 0xD4, 0xC4, 0xE3, 0x5A, 0xF0, 0x25, 0x25, 0x7C, 0xC1, 0x8F, 0x52, 0x06, 0x22, 0xCD,
    0x22, 0x5A, 0x87, 0x0B, 0x03, 0x44, 0x9C, 0x70, 0x59, 0x13, 0x0B, 0x3D, 0x05, 0x3E, 0x0B, 0xB7,
    0xF9, 0xAD, 0x85, 0xA0, 0x04, 0xA1, 0x82, 0xA1, 0x84, 0x49, 0x35, 0x41, 0xD2, 0xD2, 0x7F, 0xFF,
    0xCA, 0x7F, 0xA9, 0x04, 0x47, 0x05, 0x48, 0x05, 0x49, 0x31, 0xB6, 0xF6, 0x3D, 0xCA, 0x30, 0x6E,
    0x4C, 0x31, 0x4F, 0x76, 0x46, 0x37, 0xDE, 0x02, 0xCA, 0x39, 0xA4, 0xB8, 0xA6, 0xD7, 0x0F, 0x4B,
    0xB3, 0x32, 0xA1, 0x54, 0x7B, 0x0D, 0x72, 0x3D, 0x08, 0x3A, 0x1E, 0x52, 0x5B, 0xA4, 0xA9, 0x4D,
    0x88, 0x4D, 0x53, 0x3E, 0x26, 0xDC, 0x7C, 0xEE, 0xBA, 0x1E, 0xB4, 0xD7, 0xEE, 0x94, 0x13, 0x32,
    0x0E, 0x8E, 0xEC, 0xD8, 0x04, 0x0D, 0xAC, 0xAD, 0x85, 0xFA, 0x89, 0x55, 0xCB, 0x83, 0xD5, 0x93,
    0x4D, 0x9D, 0x92, 0x7B, 0x0B, 0x2E, 0xC6, 0xD9, 0x54, 0x6F, 0x6B, 0x53, 0x6B, 0xF1, 0x2D, 0x6D,
    0x6A, 0x45, 0xAE, 0xA5, 0x4D, 0x0D, 0xB7, 0x36, 0xD5, 0x32, 0xD1, 0x60, 0x53, 0x13, 0xAE, 0x68,
    0xC2, 0x15, 0x8D, 0xAD, 0xC5, 0xC6, 0x44, 0x39, 0x0D, 0x0D, 0x4E, 0x7D, 0x02, 0x53, 0x32, 0x30,
    0xAD, 0x90, 0x68, 0xC2, 0xF9, 0x12, 0x63, 0x0D, 0x4D, 0x63, 0xF9, 0x81, 0xEC, 0x10, 0x34, 0x54,
    0xED, 0x3C, 0xF7, 0xD5, 0x9E, 0x39, 0xDE, 0xF7, 0x74, 0x62, 0x27, 0x90, 0x83, 0x4D, 0xF8, 0x4C,
    0x5E, 0xD2, 0xBE, 0x47, 0x74, 0x96, 0x97, 0x14, 0xDF, 0xCF, 0x4B, 0xC2, 0xA6, 0xAD, 0xB4, 0x71,
    0xE1, 0x19, 0x66, 0x2A, 0xD9, 0x31, 0x53, 0x63, 0xA7, 0x0C, 0x1F, 0xC2, 0xE2, 0x3D, 0x3E, 0x2C,
    0xE5, 0x40, 0x84, 0xA4, 0xDC, 0x5B, 0xF0, 0x6C, 0x12, 0x59, 0xD1, 0xFE, 0x7F, 0xFC, 0xAF, 0xB5,
    0xF1, 0x1B, 0xBF, 0x4A, 0x84, 0xE6, 0xC9, 0xA8, 0xE4, 0xD8, 0x44, 0xF0, 0x09, 0x3C, 0x94, 0xD3,
    0xE4, 0x51, 0x59, 0xF0, 0x70, 0x23, 0x3D, 0xE3, 0x2C, 0xC1, 0x3A, 0x81, 0xA2, 0x60, 0x00, 0xC1,
    0xA8, 0xCD, 0xEC, 0x7C, 0x23, 0x1F, 0x01, 0x53, 0x1F, 0xCA, 0xF4, 0xEF, 0x4C, 0x65, 0x7D, 0x0C,
    0x8B, 0xE4, 0xA2, 0x0C, 0x46, 0x2C, 0x2A, 0x05, 0xD2, 0x70, 0xA6, 0x7E, 0x25, 0xDD, 0x31, 0xE3,
    0x77, 0xF8, 0xC2, 0x3D, 0x7E, 0x73, 0x21, 0xFA, 0x79, 0x04, 0x0B, 0xC1, 0x1D, 0xFC, 0xCD, 0xFF,
    0x77, 0xAE, 0xFA, 0xCD, 0xD2, 0xA9, 0xE8, 0x19, 0xF7, 0xB0, 0x15, 0x7F, 0x5A, 0xC8, 0x53, 0x18,
    0x39, 0x1A, 0x56, 0x8E, 0xB6, 0x0C, 0xB8, 0x07, 0x19, 0xDB, 0xDF, 0x03, 0x32, 0xE6, 0x7B, 0x90,
    0x31, 0xB9, 0x72, 0xE5, 0xE8, 0xF9, 0x84, 0x22, 0x9E, 0xF6, 0x72, 0x5B, 0xAC, 0xA3, 0x64, 0x1F,
    0xD5, 0x00, 0x1F, 0xCF, 0xE5, 0x50, 0x2C, 0xB1, 0x00, 0x1D, 0x1F, 0xDC, 0x3F, 0xBA, 0x42, 0xA4,
    0x2F, 0x76, 0x5E, 0x5F, 0xB1, 0x61, 0x7F, 0x3C, 0x32, 0x62, 0xB5, 0xF7, 0x7F, 0x50, 0x93, 0x7F,
    0x31, 0xE6, 0xE2, 0xDE, 0x76, 0xB8, 0xEA, 0x34, 0xFB, 0x47, 0x7B, 0xEC, 0x2F, 0xBD, 0x9D, 0xD2,
    0x0B, 0x5A, 0x4A, 0x3F, 0xF9, 0x34, 0x0F, 0x33, 0xD2, 0x31, 0xB5, 0x10, 0x8D, 0x5A, 0x2A, 0x2A,
    0xA5, 0xA7, 0xC4, 0x55, 0x0D, 0x4F, 0x00, 0xF6, 0x09, 0x43, 0x78, 0x94, 0x6D, 0x98, 0x95, 0x5A,
    0xAA, 0x1F, 0x42, 0x6E, 0xBD, 0x29, 0x69, 0xEF, 0xA0, 0x0A, 0xAC, 0x33, 0x15, 0x5A, 0xA8, 0xA7,
    0x77, 0x25, 0xEE, 0x8D, 0xB4, 0x17, 0x48, 0x86, 0xFE, 0xBA, 0xF2, 0x57, 0x1F, 0x03, 0xD5, 0x26,
    0xD6, 0x27, 0xE4, 0x96, 0x10, 0xAF, 0x24, 0xD6, 0x37, 0xFB, 0x54, 0x92, 0xBA, 0x4F, 0x21, 0x29,
    0xDD, 0x90, 0xB4, 0xD4, 0x10, 0xF7, 0x27, 0xA9, 0xDD, 0x90, 0x94, 0x59, 0x92, 0xBE, 0x6F, 0x49,
    0x6A, 0x45, 0x92, 0xF8, 0x7F, 0xE0, 0xC1, 0xE1, 0xC7, 0xA8, 0x1E, 0xDC, 0x18, 0xFD, 0xD7, 0xF5,
    0x54, 0xC8, 0xFB, 0x01, 0xF1, 0x00, 0xAE, 0x8C, 0x5A, 0xA0, 0x09, 0xC1, 0x37, 0x5E, 0x4B, 0x65,
    0x45, 0xEF, 0x5C, 0x1E, 0x7A, 0x65, 0x3A, 0x20, 0x50, 0x68, 0x68, 0xBF, 0x8E, 0xCA, 0xC3, 0x0A,
    0xF6, 0x33, 0x8B, 0x89, 0xB3, 0x13, 0xBD, 0x3F, 0xD1, 0x08, 0x63, 0x49, 0x84, 0xFC, 0x05, 0x8E,
    0xE7, 0xD1, 0x7F, 0x21, 0x15, 0xAD, 0xB1, 0xEC, 0x08, 0x52, 0x88, 0xEB, 0xE1, 0xBE, 0xC3, 0x33,
    0x86, 0xAE, 0xFD, 0xF8, 0x10, 0x06, 0x89, 0x8A, 0x17, 0xB2, 0x52, 0x01, 0x44, 0xE4, 0x9C, 0x21,
    0x82, 0x08, 0x7A, 0x35, 0x38, 0x12, 0x70, 0x8C, 0x21, 0x05, 0x7F, 0x49, 0x37, 0x26, 0xAC, 0x26,
    0x44, 0xF8, 0x10, 0x44, 0xC2, 0xED, 0x29, 0xD6, 0xB1, 0xE4, 0x14, 0xC9, 0xFD, 0xA3, 0x1A, 0xD2,
    0x44, 0x98, 0x8D, 0x73, 0x61, 0xA6, 0x25, 0xE7, 0x21, 0x92, 0x66, 0x84, 0x81, 0xE1, 0x05, 0x8E,
    0x4F, 0xEF, 0x81, 0x63, 0x73, 0x64, 0x0B, 0xE3, 0x97, 0x56, 0xCB, 0xCA, 0x21, 0x30, 0xB7, 0x03,
    0x39, 0x25, 0xC7, 0xDB, 0xC0, 0xD2, 0x46, 0x6F, 0x0E, 0x0F, 0x79, 0x32, 0x73, 0x8B, 0x3E, 0xB7,
    0x9A, 0x76, 0x36, 0x38, 0x34, 0xDE, 0x46, 0x69, 0x41, 0x5F, 0xFD, 0xD0, 0x5B, 0x10, 0x52, 0x76,
    0xCE, 0x37, 0x51, 0xA0, 0xA0, 0x11, 0x74, 0xB7, 0xEE, 0x50, 0x52, 0x1D, 0xF2, 0xF0, 0x6F, 0x02,
    0x90, 0x9A, 0xC2, 0x93, 0x08, 0x13, 0xF7, 0x50, 0x9C, 0x29, 0x24, 0x2D, 0xE9, 0xA6, 0x46, 0xF8,
    0xF8, 0x05, 0xFE, 0x18, 0xD1, 0x5D, 0x01, 0x8C, 0xE5, 0x0F, 0x0F, 0x68, 0x4B, 0x3A, 0x46, 0xAA,
    0x06, 0xF6, 0xA5, 0x14, 0xDE, 0xA7, 0x76, 0x83, 0xB6, 0xB4, 0x58, 0xA8, 0x14, 0x1B, 0x25, 0x19,
    0xD7, 0x8B, 0x39, 0xE0, 0x3C, 0xB4, 0x81, 0xA4, 0x93, 0x27, 0x3E, 0xA1, 0xE6, 0x27, 0xD1, 0xE7,
    0x49, 0x9E, 0x82, 0x20, 0x77, 0x29, 0xB1, 0xF4, 0x39, 0xE4, 0x72, 0xC4, 0xF4, 0x38, 0x84, 0xA2,
    0xE0, 0x6C, 0x39, 0xFD, 0x11, 0xDE, 0x06, 0x3D, 0xDC, 0x5E, 0x1B, 0xE9, 0x18, 0x35, 0x98, 0x26,
    0x20, 0x1D, 0x51, 0x29, 0x18, 0x39, 0xE1, 0xD6, 0x8D, 0xB9, 0x07, 0x33, 0xEE, 0x41, 0x61, 0x05,
    0x22, 0x61, 0xC4, 0xC2, 0x24, 0xCB, 0xAB, 0xA6, 0xEF, 0x6E, 0xF8, 0x6D, 0x8C, 0x83, 0x08, 0x6A,
    0x0E, 0x9F, 0xCA, 0xB0, 0xFB, 0xD5, 0x14, 0x52, 0x40, 0xDE, 0xE7, 0xF7, 0xE1, 0x72, 0xE5, 0x1D,
    0xD4, 0x64, 0x01, 0x3C, 0x3A, 0x0F, 0x6E, 0x61, 0xE3, 0xA0, 0x73, 0xDA, 0xA7, 0x48, 0xE9, 0xD7,
    0x70, 0x52, 0x2B, 0x6C, 0xDD, 0xCA, 0x24, 0x1F, 0x2B, 0x36, 0xE5, 0x0D, 0xF1, 0x4A, 0x6A, 0xD1,
    0x97, 0xD6, 0x26, 0x3E, 0xEC, 0xCB, 0xA4, 0x89, 0xAA, 0xB4, 0xE4, 0xD8, 0x84, 0x0F, 0xD4, 0xC1,
    0xA3, 0x7A, 0x4A, 0x97, 0x80, 0x38, 0x15, 0xE2, 0x3A, 0x75, 0x9A, 0x3E, 0xB9, 0xB6, 0x06, 0x24,
    0x04, 0xC2, 0xE1, 0x62, 0x18, 0xFC, 0xC3, 0xAE, 0xFA, 0x4D, 0x0C, 0xED, 0x1D, 0x96, 0xB1, 0xDC,
    0x20, 0xFA, 0xAF, 0x73, 0x9C, 0x5E, 0xA3, 0xE0, 0x4E, 0x07, 0x67, 0x05, 0xB4, 0x51, 0x25, 0x2B,
    0x30, 0x95, 0x5E, 0x03, 0xB0, 0xC5, 0xBF, 0x8F, 0x78, 0xB0, 0x0B, 0x59, 0x77, 0x08, 0x1C, 0x43,
    0x31, 0x43, 0x1C, 0x0E, 0xCC, 0x71, 0x0E, 0x96, 0x6A, 0xB1, 0x14, 0x9C, 0x8E, 0x2B, 0xCB, 0x2E,
    0x83, 0x05, 0x4D, 0xB3, 0xAB, 0x00, 0xA3, 0xEE, 0xFD, 0x43, 0xCD, 0x6F, 0xCC, 0x4F, 0x69, 0xE3,
    0xC0, 0x0B, 0x12, 0x64, 0x19, 0x99, 0x46, 0xAC, 0x3D, 0xAF, 0x71, 0xF8, 0xAB, 0x36, 0x6C, 0xE2,
    0x26, 0xCE, 0x03, 0x00, 0x24, 0x5F, 0x6B, 0xE3, 0xBA, 0x0A, 0xAC, 0x8B, 0x41, 0x34, 0xEE, 0x1D,
    0xCD, 0x05, 0xC1, 0x48, 0x7A, 0x11, 0x94, 0x42, 0xE9, 0x8E, 0xC8, 0x2F, 0x76, 0x6D, 0xB0, 0x83,
    0xB4, 0x82, 0x64, 0x8C, 0x28, 0x83, 0xCA, 0x37, 0x13, 0xD0, 0x36, 0xE7, 0xDA, 0xC0, 0xFB, 0x85,
    0x93, 0xA3, 0x62, 0xA0, 0x2D, 0xBF, 0xBA, 0x59, 0x9B, 0xB7, 0xA6, 0xA1, 0x6C, 0xB1, 0x4D, 0x78,
    0x0F, 0x46, 0x09, 0x92, 0xB3, 0xE2, 0xAE, 0x13, 0x7B, 0x82, 0x04, 0xD9, 0x2D, 0xEC, 0x34, 0x4D,
    0xC4, 0xA8, 0x1E, 0x73, 0xED, 0xB4, 0x97, 0x99, 0x3C, 0x59, 0xFD, 0xA8, 0x6E, 0xC4, 0x32, 0x21,
    0x6D, 0x2C, 0x5D, 0xDF, 0x08, 0x52, 0x78, 0x35, 0xBF, 0x79, 0x3C, 0xAA, 0xC1, 0x99, 0x69, 0x3B,
    0x5A, 0x02, 0x0E, 0xA7, 0xD7, 0xA1, 0x0F, 0x17, 0x30, 0xE0, 0x30, 0x58, 0x60, 0x49, 0x3F, 0xBB,
    0xE9, 0x04, 0xCC, 0x49, 0xBC, 0x47, 0x36, 0x05, 0x64, 0xA4, 0x98, 0x4A, 0xC8, 0x8A, 0x8D, 0xF4,
    0xDF, 0x06, 0xBA, 0x22, 0x4F, 0x27, 0x6B, 0x19, 0x97, 0x82, 0x11, 0x03, 0x22, 0x8E, 0x28, 0xC7,
    0x3C, 0xD9, 0x08, 0xAA, 0x05, 0x9E, 0x8A, 0xA1, 0xC0, 0xF8, 0xD5, 0x44, 0x2E, 0x43, 0x04, 0x3E,
    0x88, 0xF1, 0x49, 0xE1, 0xE2, 0x2E, 0xB2, 0xF9, 0xE5, 0x5B, 0x10, 0x6B, 0xC7, 0x67, 0x17, 0x88,
    0xFC, 0xB1, 0xB8, 0xE8, 0x4E, 0x69, 0x82, 0xF5, 0xC6, 0x4D, 0x7A, 0xE4, 0x71, 0x1B, 0x73, 0x0C,
    0x73, 0x00, 0x44, 0x14, 0x2C, 0xA5, 0x86, 0xA0, 0xE4, 0xFC, 0xAA, 0x33, 0xC1, 0xBF, 0x02, 0x1D,
    0x81, 0xF6, 0x88, 0x9F, 0x17, 0x81, 0xE0, 0x2F, 0xD2, 0x62, 0x50, 0x4C, 0x0B, 0x09, 0x14, 0x79,
    0x55, 0xAE, 0x91, 0xA1, 0x82, 0xB2, 0x61, 0x0B, 0xFA, 0x58, 0x3E, 0xED, 0x46, 0x40, 0xAB, 0x11,
    0x3A, 0x00, 0x9E, 0x0D, 0x00, 0x3C, 0xD9, 0x05, 0xE0, 0x42, 0x0B, 0x1D, 0x7E, 0x00, 0x73, 0x63,
    0x44, 0x86, 0x53, 0x53, 0xC9, 0x23, 0xC3, 0x26, 0x25, 0x4E, 0x17, 0x20, 0x6A, 0xD4, 0x53, 0x0C,
    0x46, 0x77, 0x8C, 0x7F, 0x27, 0xF3, 0x6F, 0x19, 0x48, 0x9D, 0xFF, 0x56, 0x06, 0x1C, 0x16, 0xBC,
    0x95, 0x27, 0x17, 0x4C, 0xF8, 0x66, 0x79, 0x00, 0x69, 0x78, 0xB1, 0x6C, 0xB1, 0xBE, 0x4B, 0xAF,
    0x81, 0xEB, 0x22, 0xFF, 0x1D, 0xC8, 0x6B, 0x3C, 0xFA, 0x75, 0x09, 0x3A, 0x01, 0x64, 0x80, 0x73,
    0x31, 0x50, 0x83, 0x99, 0x98, 0x70, 0x38, 0x30, 0xB4, 0x23, 0xF4, 0xA2, 0x08, 0x80, 0x19, 0xCE,
    0xC5, 0x67, 0x26, 0xB3, 0x52, 0xC9, 0xAC, 0xB4, 0x70, 0x06, 0x1A, 0x98, 0x93, 0x9A, 0x7A, 0x86,
    0x81, 0x8D, 0xD8, 0xED, 0x61, 0xAA, 0x20, 0x44, 0xA8, 0x7D, 0xDC, 0x97, 0x49, 0xF0, 0x1B, 0xF6,
    0x9B, 0x32, 0x3D, 0x16, 0xDF, 0x8F, 0x1C, 0xDF, 0xFB, 0xD2, 0x1B, 0x53, 0x85, 0xA6, 0x28, 0xD3,
    0xAB, 0xAD, 0x4C, 0xD7, 0xF3, 0xCA, 0xFB, 0xA8, 0xAF, 0xBD, 0xFE, 0x5A, 0x3B, 0x5A, 0x41, 0xAD,
    0xC2, 0x40, 0x41, 0x25, 0x75, 0x9A, 0x9F, 0x67, 0x58, 0x7A, 0x27, 0xE6, 0x0F, 0x74, 0x86, 0x6E,
    0xFE, 0xDC, 0x1C, 0x00, 0xFA, 0x99, 0xE9, 0x62, 0x45, 0x07, 0x6D, 0x8E, 0x5D, 0xCA, 0x12, 0x02,
    0x70, 0xEC, 0x72, 0xE7, 0xD0, 0x5E, 0x36, 0x6A, 0x36, 0x4A, 0x52, 0x76, 0x9D, 0x78, 0x23, 0x20,
    0xDC, 0x0F, 0x6B, 0xA0, 0xF4, 0xE8, 0xF8, 0x3C, 0x98, 0xE8, 0x05, 0x90, 0x12, 0x5D, 0x5E, 0x9D,
    0x82, 0xF6, 0xE3, 0x8D, 0xD1, 0xD8, 0xC6, 0xC3, 0xA4, 0x90, 0x25, 0xAA, 0xE7, 0x84, 0x8C, 0xE2,
    0x6C, 0xAB, 0x32, 0xA6, 0x7B, 0x0C, 0xBF, 0x2B, 0xAA, 0x3F, 0x72, 0xA2, 0x7E, 0x9D, 0x4B, 0xCE,
    0xE3, 0xDA, 0xFB, 0xB0, 0xAF, 0xFB, 0x6E, 0x74, 0xEF, 0xC7, 0xBF, 0x5D, 0x1E, 0x63, 0xE1, 0x7D,
    0x36, 0xF1, 0x1B, 0x88, 0xEC, 0x84, 0x8B, 0x37, 0x93, 0x80, 0x91, 0xA5, 0x31, 0xED, 0xAD, 0x99,
    0x46, 0x0A, 0x7F, 0x90, 0x15, 0x4D, 0x17, 0x31, 0x80, 0x07, 0x11, 0xA5, 0xAD, 0x24, 0xBE, 0xF3,
    0xEA, 0x54, 0xF6, 0x78, 0x22, 0x7B, 0xAC, 0x80, 0x3C, 0x63, 0x24, 0x0A, 0xCE, 0x2B, 0x34, 0x1D,
    0x96, 0x36, 0xEE, 0x9F, 0x90, 0xC4, 0x84, 0xB4, 0xC4, 0x72, 0x89, 0xA9, 0xB5, 0xA2, 0x4B, 0x90,
    0xD1, 0xE8, 0x32, 0xB5, 0xF2, 0x73, 0x38, 0x89, 0xF0, 0x15, 0xE2, 0xBD, 0x9F, 0x51, 0x88, 0xBA,
    0x21, 0xE4, 0x28, 0x0B, 0xE9, 0x6F, 0x80, 0xA0, 0x8C, 0x2B, 0xD7, 0x4A, 0x29, 0x37, 0x73, 0x6A,
    0xBD, 0xB9, 0xC5, 0xF6, 0xE7, 0xF2, 0x3D, 0x57, 0x27, 0xCA, 0xF6, 0xFC, 0x1D, 0x3E, 0x28, 0x3D,
    0x32, 0xB2, 0xFE, 0xDD, 0xD9, 0x02, 0xEE, 0x4D, 0x11, 0xC3, 0x47, 0x2C, 0xA8, 0xC1, 0xDB, 0x00,
    0x2A, 0x1C, 0xFE, 0x70, 0xE1, 0xD5, 0x78, 0x40, 0xF2, 0x4A, 0xA0, 0x1B, 0xA8, 0x49, 0x3C, 0xF2,
    0x29, 0xD9, 0x2D, 0x0D, 0xCA, 0x63, 0x13, 0xFF, 0xFA, 0xD7, 0x2D, 0xFD, 0x53, 0x8E, 0x72, 0xF7,
    0xD4, 0xE8, 0x67, 0x46, 0xEE, 0xE5, 0xC6, 0x10, 0xF7, 0xC1, 0x83, 0xA1, 0xEF, 0x4F, 0x95, 0x6D,
    0x97, 0xBA, 0xD8, 0xAC, 0x52, 0x31, 0x71, 0xAE, 0x32, 0x6A, 0x87, 0xC0, 0x6A, 0x27, 0xA7, 0x56,
    0x21, 0x39, 0xAC, 0x23, 0xCE, 0x05, 0xA3, 0xC1, 0x90, 0x67, 0xEA, 0x96, 0x6C, 0x57, 0xB7, 0x84,
    0x83, 0x6E, 0xC9, 0xA9, 0x5B, 0x66, 0x56, 0xB7, 0xE4, 0x69, 0x1F, 0x35, 0x61, 0x1B, 0x9C, 0x4A,
    0xE6, 0x6C, 0xF5, 0x51, 0x88, 0x0D, 0x90, 0x5D, 0xC8, 0x0B, 0xD9, 0xD4, 0x85, 0xB9, 0x19, 0x10,
    0xD3, 0x1E, 0x41, 0xBC, 0x26, 0x3B, 0xBE, 0x5C, 0xE1, 0x10, 0x94, 0xCD, 0x0D, 0x81, 0x1E, 0x30,
    0x89, 0xC2, 0x8F, 0xB3, 0x70, 0x60, 0x92, 0x81, 0x55, 0x5A, 0xC5, 0x7A, 0xC1, 0x24, 0xFC, 0x3D,
    0x59, 0xC5, 0x31, 0x49, 0x3D, 0x16, 0xAB, 0x30, 0x2D, 0x12, 0xC2, 0xA2, 0xCF, 0x33, 0xEA, 0xC1,
    0x3E, 0x4B, 0xCB, 0x34, 0xF8, 0xE5, 0xDB, 0xFF, 0x5E, 0xA6, 0x7D, 0xD8, 0xBF, 0x95, 0x87, 0x90,
    0xC5, 0x28, 0xFB, 0x02, 0xC6, 0xAF, 0x38, 0xFE, 0x9B, 0x1D, 0xC7, 0x1F, 0x75, 0x5B, 0x9F, 0xD0,
    0x66, 0x49, 0x8C, 0x73, 0xD7, 0x52, 0x22, 0xB7, 0xB5, 0x5B, 0xF6, 0x74, 0x67, 0xD9, 0x00, 0x33,
    0x1E, 0x33, 0xA6, 0xCD, 0x48, 0x10, 0x98, 0x14, 0x11, 0xC4, 0xC2, 0x99, 0x82, 0xE8, 0x04, 0xCC,
    0x5A, 0x95, 0xE6, 0xFC, 0x5A, 0xFC, 0x3A, 0x21, 0x30, 0x1B, 0x2B, 0xE8, 0xCA, 0x47, 0x41, 0xAE,
    0xEC, 0xC8, 0x95, 0x6D, 0x0C, 0xD5, 0xDC, 0x24, 0xFD, 0x8A, 0xA2, 0x33, 0x27, 0xD1, 0x31, 0xD1,
    0x4D, 0x7C, 0x89, 0x8F, 0xC0, 0x32, 0x1B, 0x14, 0x14, 0xB4, 0x75, 0xDF, 0x42, 0xF1, 0xD0, 0x9E,
    0x9E, 0x0A, 0x0C, 0xBB, 0xEC, 0x5D, 0x0C, 0x1D, 0xC6, 0xC0, 0xE6, 0x04, 0xF8, 0x03, 0xBA, 0x3F,
    0xA3, 0xF8, 0xF1, 0x27, 0x3D, 0xD3, 0x64, 0x07, 0x77, 0x8C, 0xC0, 0xB3, 0x21, 0x91, 0xDB, 0xC5,
    0xC1, 0x56, 0xF2, 0x6D, 0x39, 0xD1, 0x19, 0x51, 0xA2, 0x90, 0xE2, 0x06, 0xFB, 0xDB, 0x20, 0xE6,
    0x77, 0x14, 0xC4, 0x84, 0x7A, 0x5D, 0x69, 0xED, 0x49, 0xC3, 0xB8, 0x1E, 0x80, 0x30, 0x44, 0xA4,
    0x49, 0xA8, 0x0F, 0x4B, 0x02, 0xFE, 0x44, 0x9E, 0xA3, 0xFC, 0x26, 0xEC, 0x38, 0x6C, 0x0D, 0xC4,
    0x0B, 0xC6, 0x46, 0x11, 0x82, 0x48, 0x58, 0x23, 0xCA, 0x0B, 0x85, 0xDC, 0x0A, 0xC5, 0x47, 0x66,
    0x40, 0x47, 0x89, 0x70, 0x07, 0xCE, 0xAA, 0xA7, 0x92, 0x10, 0xF6, 0xE0, 0x0B, 0x73, 0x7C, 0x56,
    0x32, 0x09, 0x80, 0xAC, 0x5E, 0xAD, 0x0F, 0xFC, 0x21, 0x8F, 0xE1, 0xD8, 0x05, 0x8D, 0x36, 0x88,
    0x39, 0xC2, 0x2E, 0x74, 0x72, 0x34, 0x72, 0x8C, 0x9C, 0x31, 0xB1, 0x76, 0x93, 0x74, 0x73, 0x53,
    0xB8, 0x39, 0x72, 0x68, 0x28, 0x4B, 0x7F, 0xBB, 0x8D, 0x5B, 0x3E, 0x22, 0xAE, 0x31, 0xCF, 0x04,
    0xF0, 0x5F, 0xA1, 0x66, 0x9F, 0x09, 0xB3, 0xCF, 0x6D, 0xCC, 0x6F, 0x6D, 0xE1, 0x0A, 0x10, 0x7E,
    0x26, 0x94, 0xBF, 0x71, 0x50, 0x0E, 0x2B, 0xF3, 0xDB, 0xBE, 0xF1, 0xEE, 0xBD, 0xDD, 0x8D, 0xD6,
    0xB0, 0x45, 0xD6, 0x1E, 0xD1, 0xD5, 0xEA, 0xCE, 0x92, 0xFD, 0x78, 0x0F, 0x57, 0x9C, 0x0C, 0xA5,
    0x27, 0x36, 0x61, 0x1F, 0x63, 0xE0, 0x78, 0xE9, 0x1C, 0xE9, 0xD4, 0x52, 0x45, 0x55, 0xB0, 0x53,
    0xE8, 0xF0, 0xC8, 0xD8, 0xF4, 0x3E, 0x46, 0x89, 0xDA, 0x63, 0xDE, 0x53, 0x34, 0x96, 0x67, 0xEC,
    0xC9, 0x8F, 0xC4, 0x05, 0x7A, 0x7F, 0xAE, 0xF4, 0xAA, 0x09, 0x97, 0x4F, 0x6E, 0xA2, 0x4A, 0x1C,
    0x87, 0xC1, 0x1D, 0xC5, 0x40, 0xD2, 0xCA, 0xEA, 0x49, 0x6F, 0xAB, 0x7F, 0x6E, 0xE3, 0xBF, 0x07,
    0x3C, 0x07, 0x3C, 0x96, 0x5A, 0xF5, 0x4B, 0x77, 0x88, 0x9E, 0x34, 0x23, 0x87, 0x44, 0x3F, 0xA1,
    0xFC, 0x1B, 0x38, 0xC7, 0x3C, 0x21, 0x7A, 0x1D, 0xEF, 0x95, 0xFE, 0x27, 0xE5, 0xE8, 0x1D, 0x17,
    0x13, 0x62, 0xF4, 0x92, 0xF1, 0x10, 0x65, 0xD1, 0x4F, 0xA5, 0xD0, 0xA9, 0x7F, 0x77, 0x62, 0xDF,
    0x9A, 0xE0, 0x19, 0xED, 0xE9, 0xD8, 0x6C, 0xDF, 0xAF, 0x3F, 0xFD, 0xFD, 0xC9, 0xF0, 0xFE, 0xD4,
    0xD8, 0x68, 0x0C, 0xDE, 0xBB, 0x04, 0xF2, 0x81, 0x65, 0x33, 0x63, 0x5D, 0x2D, 0x97, 0xD6, 0xB2,
    0xFE, 0x99, 0xCC, 0x5E, 0x64, 0x93, 0x72, 0x91, 0xB5, 0x6D, 0xB2, 0x69, 0x58, 0x09, 0x91, 0x2D,
    0x98, 0xBF, 0x17, 0x5A, 0x80, 0x0E, 0x31, 0x5A, 0x58, 0x62, 0x43, 0xB4, 0xB1, 0x75, 0xBA, 0x15,
    0x64, 0x84, 0x2E, 0x21, 0x9C, 0x23, 0xDC, 0x01, 0xA0, 0x23, 0xF7, 0xA5, 0x74, 0x60, 0x73, 0xA3,
    0x4C, 0x3A, 0xC9, 0x9E, 0xEA, 0x59, 0x0C, 0xBE, 0x38, 0xE8, 0x6F, 0x94, 0x55, 0xAA, 0xC5, 0x98,
    0x10, 0xF7, 0x90, 0x21, 0x04, 0x01, 0xAB, 0xF3, 0x30, 0x86, 0x8C, 0x15, 0x51, 0x1D, 0x09, 0xD2,
    0x56, 0xD6, 0xF0, 0x08, 0xA0, 0x02, 0x7C, 0x29, 0xAB, 0x0D, 0xF5, 0x63, 0x92, 0xF6, 0xFE, 0x0C,
    0x5E, 0xEC, 0x32, 0xF8, 0x3F, 0x74, 0xC0, 0x1D, 0x64, 0xF0, 0xA9, 0x63, 0xF0, 0x5D, 0xE3, 0xD6,
    0x90, 0xC1, 0x1D, 0x78, 0x3E, 0xC1, 0xE0, 0xE6, 0xAF, 0xAD, 0xD3, 0x43, 0x0D, 0xCB, 0x3D, 0x39,
    0xD8, 0x32, 0xF1, 0xA3, 0x82, 0x67, 0x0E, 0xA9, 0xE0, 0x48, 0xE3, 0x34, 0xFF, 0xD3, 0x9F, 0x1F,
    0xB0, 0x37, 0x0C, 0xB5, 0xE3, 0x5D, 0x50, 0xBC, 0xA0, 0x1E, 0x4E, 0x9A, 0xDD, 0xF4, 0xCA, 0xE3,
    0xC7, 0x4C, 0x8F, 0xBC, 0xA0, 0xAF, 0xB9, 0x3D, 0x1A, 0x42, 0x2A, 0x1C, 0xF9, 0x27, 0xC6, 0x06,
    0xF8, 0x14, 0xA2, 0xEF, 0x6C, 0x90, 0x9E, 0x89, 0x89, 0x54, 0x75, 0x15, 0xEE, 0xC7, 0x52, 0x55,
    0x18, 0xC4, 0xD1, 0x5E, 0x2B, 0x17, 0xDA, 0x6F, 0x85, 0xCC, 0xC3, 0x56, 0x0C, 0x1D, 0xB5, 0xE2,
    0xDC, 0x0B, 0x9D, 0x22, 0xE6, 0xD3, 0x4E, 0xE1, 0xF2, 0xB6, 0xF0, 0xE8, 0x29, 0xD4, 0x54, 0x86,
    0xF1, 0xA5, 0x6A, 0xC6, 0x50, 0xC3, 0xF7, 0xCA, 0x09, 0x45, 0xEC, 0xE5, 0x2C, 0xA5, 0x0D, 0xF8,
    0xBF, 0x26, 0x61, 0x22, 0xB9, 0x93, 0x76, 0xE6, 0x88, 0x36, 0xD0, 0xAC, 0xBA, 0x1C, 0xE5, 0x85,
    0x89, 0x54, 0x99, 0x30, 0x20, 0x9C, 0xB7, 0x78, 0x95, 0x4F, 0x92, 0xC1, 0x78, 0x27, 0x76, 0x1C,
    0xA6, 0x16, 0xA6, 0x33, 0xA7, 0x34, 0x2D, 0x18, 0x4F, 0xF2, 0xEE, 0xC1, 0x78, 0x25, 0xFE, 0x5B,
    0x25, 0x00, 0x7C, 0x74, 0xF9, 0x75, 0xF0, 0xCD, 0xDF, 0xF8, 0x6F, 0x42, 0xAC, 0x3B, 0xF8, 0x3F,
    0x26, 0x6C, 0x98, 0x03, 0x23, 0x10, 0xD9, 0xC7, 0x46, 0x4C, 0x77, 0x53, 0x72, 0x98, 0x36, 0xDF,
    0xCB, 0xEC, 0xF6, 0x2A, 0x48, 0x01, 0x0D, 0x87, 0x0C, 0x30, 0x57, 0x8C, 0x96, 0xC4, 0x02, 0x61,
    0x81, 0x80, 0x1B, 0x78, 0x30, 0x9F, 0x79, 0xBD, 0x82, 0x08, 0x8B, 0x35, 0x65, 0xF4, 0x90, 0x1E,
    0xEC, 0x87, 0x8C, 0x50, 0xD3, 0x18, 0xA8, 0xEC, 0x08, 0xDB, 0xED, 0x77, 0x7A, 0x4A, 0x6A, 0x81,
    0x27, 0x21, 0x5D, 0xF0, 0x8D, 0xE1, 0xEE, 0xF1, 0x18, 0x83, 0x5A, 0x71, 0x99, 0x46, 0x81, 0x99,
    0x96, 0xAE, 0x10, 0x01, 0xD2, 0xA8, 0xE6, 0xFE, 0x7B, 0xAB, 0x10, 0xD2, 0x40, 0x88, 0xC2, 0x90,
    0x8E, 0x12, 0x77, 0x0A, 0x68, 0x15, 0x36, 0x71, 0x80, 0xAD, 0xBF, 0x7D, 0x8E, 0xF1, 0xCD, 0xB9,
    0x20, 0x90, 0x78, 0x45, 0x81, 0x48, 0x45, 0x8D, 0x2A, 0x69, 0x25, 0xA9, 0x23, 0xFF, 0xFD, 0x17,
    0xDE, 0xBD, 0xA2, 0x6C, 0x03, 0x5F, 0xB3, 0xFA, 0xC1, 0x26, 0xF2, 0xCD, 0xE6, 0x47, 0x66, 0xD3,
    0x08, 0x03, 0x3A, 0x76, 0xF8, 0x38, 0xB6, 0x45, 0x40, 0x4A, 0x2C, 0xCC, 0x18, 0x46, 0xFA, 0x09,
    0x56, 0xE2, 0xF5, 0xD6, 0x30, 0xC4, 0xB4, 0x01, 0x2D, 0xD1, 0x93, 0xA1, 0x93, 0xCE, 0xFC, 0xE1,
    0xDD, 0x73, 0x46, 0x8E, 0xBF, 0xF1, 0x15, 0x05, 0x50, 0x20, 0xCB, 0x32, 0x8F, 0x66, 0xAF, 0x35,
    0xF9, 0x52, 0xB8, 0x95, 0x53, 0x17, 0xE2, 0x75, 0x3D, 0x55, 0xA4, 0x96, 0xC8, 0xBE, 0x6C, 0x71,
    0x46, 0xB5, 0x09, 0xBD, 0x49, 0x52, 0xF8, 0x08, 0x09, 0x6E, 0xA2, 0xBF, 0xE1, 0x97, 0x39, 0xF6,
    0x8C, 0xCE, 0x57, 0x17, 0x93, 0x95, 0x21, 0xA5, 0x42, 0x45, 0x2C, 0x21, 0x32, 0xD1, 0x2B, 0xAF,
    0x94, 0x26, 0x01, 0xBB, 0x99, 0x59, 0x44, 0x04, 0x02, 0x98, 0x06, 0xC8, 0x49, 0xCC, 0x33, 0xA1,
    0xAA, 0x1E, 0x53, 0x29, 0x1E, 0x70, 0x8F, 0xA7, 0x5E, 0x3D, 0x33, 0x37, 0x04, 0xF5, 0x4B, 0x6B,
    0xB1, 0x16, 0xF8, 0xFC, 0x16, 0x56, 0xE1, 0xC3, 0xDA, 0x04, 0xAF, 0x81, 0x19, 0xAF, 0xD5, 0x42,
    0x6D, 0x4C, 0x0A, 0x15, 0x37, 0x60, 0xA8, 0x5A, 0xF0, 0x73, 0x03, 0x67, 0xB7, 0x9E, 0xE2, 0x57,
    0xE3, 0x78, 0xB4, 0x1C, 0x4F, 0x28, 0x79, 0xB6, 0xBE, 0xAB, 0x10, 0xA9, 0x10, 0x98, 0x15, 0x37,
    0x05, 0x16, 0x98, 0x81, 0xB7, 0x9F, 0x51, 0x51, 0x24, 0xF2, 0x25, 0xC7, 0xCA, 0xF3, 0x77, 0xB1,
    0xEA, 0x00, 0xA2, 0x4C, 0x47, 0x92, 0xE9, 0x44, 0xF2, 0xE8, 0xDD, 0x17, 0x40, 0x74, 0x94, 0x93,
    0x6A, 0x80, 0x42, 0x90, 0x1D, 0x8B, 0xEE, 0x44, 0x84, 0x4F, 0x44, 0xF9, 0x44, 0xA4, 0xCF, 0xA2,
    0x1C, 0xB4, 0x4F, 0x45, 0x7C, 0x61, 0xA9, 0x6F, 0x49, 0x3E, 0x38, 0x81, 0xBC, 0x74, 0x0F, 0xB8,
    0xDA, 0xFB, 0x08, 0xBA, 0xDE, 0x7F, 0x0F, 0xAA, 0x3E, 0x78, 0x1D, 0x8F, 0xE8, 0xC7, 0xB5, 0xF6,
    0x9F, 0x33, 0x81, 0xE1, 0xBA, 0x96, 0x79, 0xC6, 0xA6, 0x05, 0x82, 0xAD, 0xDB, 0x38, 0x7C, 0xAD,
    0x2E, 0x92, 0xE8, 0xD9, 0xE5, 0x74, 0x82, 0x79, 0xA6, 0xE3, 0x99, 0x5F, 0x8D, 0x15, 0xE2, 0xA9,
    0xDD, 0x99, 0x31, 0xF9, 0x58, 0x29, 0x46, 0x4E, 0x2C, 0xAC, 0x08, 0x6A, 0xA1, 0x0A, 0x93, 0x89,
    0x92, 0x37, 0x89, 0xAD, 0xD0, 0x5B, 0x2B, 0xF3, 0xC1, 0x23, 0x0B, 0x15, 0xC1, 0x4E, 0x7E, 0xF5,
    0x6F, 0xD8, 0x89, 0x34, 0xA8, 0x3A, 0x65, 0xFB, 0xA9, 0x5F, 0xA8, 0x98, 0xA8, 0xE3, 0x67, 0x64,
    0xCC, 0x8C, 0x85, 0x61, 0xB1, 0x2A, 0x32, 0xA4, 0xC9, 0x85, 0x05, 0xAC, 0x66, 0x67, 0x2A, 0xB7,
    0xB3, 0x99, 0x1E, 0x08, 0x3B, 0x93, 0x78, 0xE0, 0xC3, 0xD1, 0x92, 0xF8, 0xE3, 0x63, 0x05, 0x82,
    0x59, 0x2F, 0x41, 0x5B, 0x7A, 0x74, 0x04, 0xD6, 0x6F, 0xC7, 0x94, 0x9D, 0x31, 0x53, 0x21, 0x53,
    0x41, 0x58, 0x7C, 0x3D, 0xBB, 0xC1, 0x34, 0x50, 0xE3, 0x57, 0x33, 0x53, 0x33, 0x34, 0xE1, 0x2B,
    0xAA, 0x5E, 0xD8, 0x55, 0xB5, 0x38, 0x87, 0x10, 0x66, 0x93, 0xDA, 0x29, 0x57, 0x5C, 0xFB, 0x88,
    0xAB, 0x9B, 0xB1, 0x58, 0x01, 0x8B, 0x0C, 0xB4, 0xE2, 0xF8, 0x05, 0xE6, 0x7A, 0xC0, 0x89, 0x96,
    0x73, 0xC1, 0xEA, 0xA1, 0x0D, 0xCD, 0xE3, 0x98, 0xDE, 0xF9, 0x80, 0x65, 0x27, 0x09, 0xF1, 0x33,
    0x96, 0xC1, 0xED, 0x8A, 0x89, 0xF4, 0xA8, 0x7E, 0x1A, 0x6A, 0x85, 0x09, 0xB9, 0x9F, 0x3F, 0x2A,
    0xFE, 0x80, 0x1F, 0x44, 0x7C, 0x3F, 0xE5, 0x3A, 0x53, 0x53, 0x24, 0xD6, 0x46, 0xB4, 0x5A, 0x63,
    0x83, 0x67, 0xCB, 0x68, 0x05, 0x8D, 0x1F, 0x97, 0x89, 0x43, 0xAB, 0x8F, 0x38, 0xFF, 0xC7, 0xAA,
    0x69, 0x5B, 0xD8, 0x33, 0x58, 0x71, 0xF2, 0xC5, 0x82, 0x31, 0x54, 0xA8, 0x4F, 0x1C, 0x26, 0x56,
    0x8B, 0xB3, 0x3B, 0xC0, 0x1B, 0x61, 0x39, 0x85, 0xF3, 0x11, 0xE5, 0x37, 0xC0, 0x22, 0x50, 0xB9,
    0x20, 0x66, 0x4C, 0x34, 0x6E, 0xCC, 0x55, 0xD5, 0x90, 0x30, 0xEA, 0x18, 0x73, 0xE3, 0x42, 0x6E,
    0xDC, 0xA2, 0x75, 0xD5, 0x15, 0xF1, 0x75, 0xB0, 0xCB, 0x1F, 0x58, 0x63, 0x13, 0x9C, 0x48, 0xDC,
    0xE4, 0x0E, 0x08, 0xB0, 0x54, 0x82, 0xD6, 0x17, 0x0F, 0xE2, 0x50, 0xEB, 0x7B, 0x1D, 0xED, 0xA7,
    0x1D, 0xD3, 0xE1, 0xDF, 0x98, 0x2C, 0xF5, 0x7E, 0xAE, 0x8C, 0x1A, 0x37, 0xED, 0xFF, 0x30, 0x23,
    0xBC, 0x97, 0xA5, 0x54, 0x8D, 0x4D, 0x60, 0xC1, 0x92, 0xA1, 0xFF, 0x00, 0xB1, 0xF7, 0x5F, 0x87,
    0xB9, 0xF9, 0xA4, 0x52, 0x7D, 0x42, 0xA8, 0xF2, 0xBA, 0xDA, 0xFC, 0x65, 0x30, 0xC4, 0x46, 0x1B,
    0x6B, 0xD7, 0xCF, 0x57, 0xE2, 0x2D, 0x1E, 0x84, 0x75, 0x18, 0xAA, 0x6D, 0x19, 0xCA, 0x61, 0x0E,
    0x7D, 0x28, 0x98, 0xC0, 0xD9, 0xA6, 0x03, 0x46, 0xB5, 0x20, 0x88, 0x54, 0x19, 0xFA, 0x3C, 0x16,
    0x4D, 0x32, 0x8C, 0xE6, 0x50, 0x65, 0xC6, 0x5C, 0xA0, 0x3D, 0x87, 0xD4, 0xB1, 0x1C, 0x71, 0xD8,
    0x58, 0xB9, 0xF2, 0xA9, 0x12, 0x70, 0x85, 0x61, 0xA0, 0xBB, 0x53, 0x62, 0xA8, 0x05, 0x0B, 0x26,
    0x6F, 0x37, 0x73, 0x96, 0x25, 0x32, 0xAB, 0x62, 0xF3, 0x09, 0xAE, 0x1E, 0xCE, 0x26, 0x64, 0x6C,
    0x85, 0x9C, 0xF6, 0xCF, 0x3D, 0x23, 0x8B, 0x55, 0xBD, 0xEB, 0x7B, 0x99, 0xB6, 0x13, 0xD5, 0x5A,
    0x54, 0x59, 0x55, 0xCC, 0xD2, 0x18, 0x08, 0x39, 0x38, 0x87, 0x89, 0x0C, 0x3E, 0xF2, 0x31, 0x95,
    0xC3, 0x94, 0x99, 0x93, 0x82, 0x51, 0x85, 0x96, 0x66, 0x18, 0xA7, 0x3A, 0x61, 0xB4, 0x03, 0x0F,
    0x7C, 0x0B, 0xFF, 0x9C, 0xA5, 0xFE, 0x12, 0xBE, 0xD9, 0xAF, 0xFE, 0x77, 0x67, 0x2B, 0x20, 0x3C,
    0x55, 0x2A, 0x87, 0xF7, 0x49, 0xBC, 0xED, 0x84, 0x3C, 0x14, 0x68, 0x15, 0x18, 0x05, 0x3C, 0x60,
    0xAC, 0x0B, 0xBB, 0x04, 0x0C, 0x0C, 0xB4, 0x28, 0x2C, 0x61, 0xB3, 0xF3, 0xCA, 0x71, 0x8E, 0xEA,
    0x05, 0x45, 0x46, 0x0F, 0x96, 0x30, 0xF1, 0x11, 0x2C, 0x3B, 0x26, 0x22, 0xC8, 0x1D, 0xAC, 0xE1,
    0x49, 0x72, 0x9C, 0xFF, 0x1C, 0xBA, 0x01, 0x8A, 0x2F, 0xBA, 0x1D, 0x37, 0xEE, 0x90, 0x0F, 0xEF,
    0x9A, 0x6D, 0xF0, 0xBD, 0x8D, 0xAB, 0xA8, 0xDA, 0x06, 0xFA, 0x18, 0xE0, 0x9E, 0x63, 0x44, 0x7E,
    0x86, 0x20, 0xB7, 0x0B, 0xDE, 0x67, 0xBB, 0xC1, 0x7B, 0x10, 0x10, 0xB1, 0x4E, 0x2D, 0xE5, 0x63,
    0x65, 0xAB, 0x3D, 0x26, 0x46, 0x61, 0x39, 0x6C, 0x38, 0x13, 0xBB, 0x36, 0xCF, 0x49, 0xDD, 0x21,
    0x4F, 0x15, 0x4B, 0x26, 0x59, 0x17, 0x05, 0xBA, 0x58, 0x5A, 0xF5, 0x22, 0xD9, 0xF7, 0xEF, 0xE9,
    0x87, 0xBF, 0x4C, 0x9E, 0xBB, 0xC3, 0x23, 0x58, 0xED, 0xC5, 0x71, 0xFC, 0xA1, 0x9A, 0x14, 0x04,
    0xE0, 0x93, 0x64, 0x63, 0xF1, 0x42, 0x81, 0x67, 0xAB, 0x10, 0x27, 0x4B, 0x30, 0x92, 0x80, 0xC6,
    0x24, 0x37, 0x31, 0x76, 0x33, 0x66, 0xC5, 0xD5, 0xCC, 0x16, 0xD5, 0x45, 0x9C, 0x88, 0xF3, 0xBC,
    0xC1, 0xF2, 0xA0, 0xD7, 0x05, 0x1D, 0x88, 0x2D, 0x6A, 0xE2, 0xDB, 0xAB, 0x4F, 0xED, 0x83, 0xC5,
    0xC7, 0xB4, 0x96, 0xBF, 0xFE, 0x36, 0xAD, 0x62, 0xA6, 0xB4, 0x7B, 0x74, 0xA9, 0x82, 0xC3, 0x58,
    0x6F, 0x88, 0x78, 0xD4, 0x75, 0x5A, 0xCE, 0xD9, 0x29, 0xCE, 0x22, 0x07, 0xC9, 0x19, 0x62, 0xF1,
    0x42, 0x64, 0xD9, 0x7F, 0xA9, 0x34, 0x87, 0x5C, 0x41, 0xE5, 0x66, 0xC0, 0xA8, 0xFA, 0x0B, 0x03,
    0x25, 0x8A, 0xF2, 0xD2, 0x00, 0xE8, 0x2F, 0x09, 0x6D, 0x09, 0xD9, 0x41, 0xD6, 0x93, 0x89, 0x0F,
    0x95, 0xA8, 0x90, 0x07, 0x5B, 0x15, 0x65, 0x29, 0x15, 0x21, 0x6E, 0x8B, 0x55, 0x2D, 0xCC, 0xE0,
    0x84, 0x92, 0xA9, 0xE0, 0xBA, 0xE8, 0xB9, 0xCC, 0x88, 0xF3, 0x58, 0x55, 0x20, 0xEE, 0x0B, 0x49,
    0xED, 0xED, 0xF3, 0x0D, 0x01, 0xA5, 0xE5, 0x42, 0xE9, 0x12, 0x72, 0x62, 0x30, 0xEC, 0x41, 0x30,
    0xB8, 0xCF, 0x51, 0xBE, 0x2D, 0x92, 0xB2, 0x7F, 0x8E, 0xDC, 0x4F, 0xAF, 0x1B, 0xDC, 0xEB, 0xE1,
    0x25, 0x5B, 0x8B, 0x00, 0x66, 0x66, 0x84, 0x9A, 0x0C, 0xAD, 0x14, 0x6F, 0x1B, 0x2B, 0xA2, 0x4C,
    0x47, 0x2B, 0x51, 0xBC, 0x84, 0x92, 0x4A, 0x9D, 0x42, 0x4C, 0x3E, 0x51, 0x7D, 0x48, 0x24, 0x5D,
    0x42, 0xA7, 0xA8, 0x31, 0xDC, 0x89, 0xE8, 0x45, 0x62, 0x40, 0x18, 0xBF, 0x97, 0x2A, 0x95, 0x47,
    0x87, 0x7F, 0xCF, 0x1C, 0x61, 0x54, 0x06, 0x2F, 0xAB, 0xB4, 0x33, 0x63, 0xCD, 0x10, 0x05, 0xC0,
    0x97, 0xEA, 0x6D, 0xE5, 0x1B, 0x50, 0x10, 0x5C, 0xE9, 0xED, 0x90, 0xFD, 0x75, 0x2A, 0x66, 0xBB,
    0x88, 0xD4, 0x51, 0xEE, 0xCE, 0x64, 0xEE, 0xDC, 0x94, 0xF4, 0xFA, 0xF6, 0x5B, 0x87, 0x32, 0xCC,
    0x2B, 0xE5, 0x37, 0x73, 0x6F, 0x95, 0xBC, 0xC0, 0x1A, 0x02, 0x26, 0x6B, 0x6D, 0xAA, 0xCF, 0x6B,
    0x39, 0x86, 0x02, 0x87, 0x2D, 0x75, 0x68, 0x2B, 0x68, 0xDC, 0xD1, 0x77, 0x27, 0x8C, 0x6D, 0x06,
    0xE1, 0xA7, 0xB0, 0xE2, 0x38, 0xE8, 0xDF, 0xB0, 0x66, 0x27, 0x35, 0xC9, 0x9B, 0x6F, 0xAF, 0xAC,
    0xC5, 0xF7, 0x94, 0x3C, 0x4C, 0x6E, 0x0F, 0x33, 0x52, 0x79, 0x33, 0x14, 0x30, 0xEF, 0x33, 0x5A,
    0x85, 0xF0, 0xA3, 0xF7, 0x08, 0x75, 0x9B, 0xC4, 0x4E, 0xC3, 0x59, 0x5A, 0x68, 0xEC, 0x06, 0x88,
    0xA9, 0x29, 0x5C, 0xD4, 0x9F, 0x11, 0xCD, 0x34, 0x3E, 0x84, 0xBF, 0xBC, 0xC6, 0x01, 0xB6, 0xB6,
    0x62, 0xFF, 0x82, 0x5D, 0x53, 0x6E, 0x86, 0x4A, 0x52, 0x50, 0xF1, 0xF6, 0x42, 0xF0, 0xF6, 0x5F,
    0xF6, 0x74, 0xAD, 0xDB, 0x15, 0x17, 0x21, 0x09, 0xED, 0x1E, 0xFC, 0xD9, 0x8E, 0x0C, 0x06, 0xEB,
    0xEC, 0xB0, 0xA1, 0x7D, 0x28, 0xA9, 0x29, 0xD7, 0x41, 0xF6, 0xD3, 0xB9, 0x15, 0x9C, 0x38, 0x0F,
    0x6C, 0xA8, 0x25, 0xB2, 0xFA, 0x59, 0xFE, 0x97, 0x2D, 0x54, 0x74, 0x65, 0x93, 0xB6, 0xE4, 0xD5,
    0x38, 0xE4, 0x8A, 0x19, 0xE1, 0x21, 0x5D, 0x87, 0xBC, 0x76, 0x54, 0xEE, 0x89, 0x61, 0x08, 0x0D,
    0x9B, 0xD1, 0xD9, 0x1A, 0x53, 0x57, 0x2D, 0xC0, 0x28, 0x1A, 0x94, 0xEB, 0x91, 0x1D, 0x3E, 0xBD,
    0xBE, 0x58, 0x1E, 0x42, 0x24, 0xFB, 0x7B, 0xD6, 0x86, 0xE4, 0xDB, 0xD2, 0x7B, 0x4C, 0xB2, 0xCE,
    0x36, 0x42, 0x75, 0xF0, 0x1F, 0xB7, 0xD5, 0xB3, 0xB6, 0x90, 0xD6, 0xB9, 0xCB, 0x8A, 0x90, 0x79,
    0xF9, 0x89, 0x22, 0xBF, 0xB8, 0x61, 0x8D, 0x6F, 0x0F, 0x3C, 0x81, 0xB5, 0xFC, 0xF9, 0x1F, 0x30,
    0xBC, 0x65, 0x6C, 0x19, 0x3B, 0x37, 0x73, 0xB3, 0x80, 0x50, 0xF4, 0x13, 0x81, 0x4D, 0x04, 0xBC,
    0x27, 0x02, 0xDE, 0x63, 0xF9, 0xAA, 0x53, 0x63, 0x45, 0xB0, 0x33, 0xE9, 0xFF, 0x5C, 0xFF, 0xA0,
    0x51, 0xFD, 0x28, 0x00, 0xDF, 0xFA, 0xF2, 0x7A, 0x63, 0xB9, 0x8D, 0x79, 0xF2, 0x8F, 0x02, 0xD2,
    0xF8, 0xB5, 0xAF, 0x79, 0xE6, 0x74, 0x99, 0xE1, 0x57, 0xCD, 0x7B, 0x74, 0x25, 0xB7, 0x5E, 0xB5,
    0xE4, 0xA6, 0x65, 0xD9, 0x13, 0x27, 0x08, 0xFE, 0x82, 0x7D, 0x4B, 0x8F, 0xD9, 0x06, 0x01, 0xAD,
    0xF9, 0xF5, 0x6F, 0x5B, 0x85, 0x62, 0xF3, 0x05, 0x7B, 0xCE, 0xFD, 0x4E, 0x79, 0xC1, 0xB6, 0x68,
    0xFA, 0xC4, 0xA3, 0xD8, 0x82, 0x2E, 0x59, 0xF3, 0xDB, 0x4F, 0x50, 0xB5, 0xA9, 0xE6, 0x68, 0x53,
    0xC8, 0xF3, 0xE0, 0xA2, 0x9B, 0xF3, 0x2E, 0xC8, 0x07, 0xD7, 0x8C, 0x70, 0x3D, 0xCE, 0xB7, 0x85,
    0x16, 0xB3, 0x13, 0xD9, 0xA7, 0xC2, 0xCD, 0x95, 0xE6, 0xB9, 0x4A, 0x4A, 0x15, 0x77, 0x3A, 0xAB,
    0xA4, 0x79, 0x88, 0x26, 0x0A, 0xC9, 0x79, 0xD6, 0x5B, 0x3E, 0x60, 0xCA, 0xE3, 0x15, 0x6C, 0x04,
    0x99, 0x86, 0xD1, 0x3F, 0x22, 0x92, 0x0F, 0xBA, 0x27, 0xFC, 0xEA, 0x69, 0xF6, 0x25, 0x25, 0xB7,
    0x60, 0x05, 0xD6, 0x4E, 0x99, 0x52, 0x5B, 0xD4, 0x2B, 0xBC, 0xF5, 0x67, 0xA2, 0x3B, 0xD8, 0x84,
    0x69, 0x0F, 0xD2, 0x7E, 0x35, 0xEF, 0x3B, 0x10, 0xF5, 0x4D, 0xC7, 0xDD, 0xF5, 0xB9, 0xBE, 0x9B,
    0x37, 0x07, 0x47, 0xE6, 0xE9, 0x69, 0xF7, 0x8B, 0xEF, 0xFE, 0xE1, 0x38, 0x8D, 0x9E, 0xFE, 0xAF,
    0xD1, 0x6D, 0x16, 0xEB, 0xDE, 0x48, 0xBA, 0x5A, 0x91, 0xC5, 0xA0, 0xDD, 0xB4, 0xB0, 0xB8, 0xBF,
    0x3C, 0xED, 0x84, 0xDF, 0x7C, 0x73, 0x74, 0x82, 0x55, 0x73, 0xA7, 0x4A, 0xB8, 0x85, 0x34, 0x66,
    0x5E, 0x05, 0x06, 0x19, 0x95, 0xBF, 0x80, 0x5C, 0x7D, 0x07, 0x7F, 0xC9, 0xFE, 0xDC, 0x7C, 0xA6,
    0x3F, 0x71, 0x6D, 0xB5, 0x92, 0x49, 0x75, 0x5A, 0x7E, 0x5F, 0xFE, 0xE8, 0x49, 0x69, 0x1A, 0xAF,
    0x52, 0xAC, 0xC5, 0xEE, 0xD0, 0x43, 0xFC, 0x79, 0x00, 0x61, 0x19, 0xB6, 0xC2, 0x3B, 0x41, 0xD8,
    0x19, 0x4B, 0x1E, 0x36, 0xF1, 0x9B, 0x1B, 0xF9, 0xDC, 0x04, 0xD9, 0xAE, 0x6E, 0x63, 0x6D, 0xEE,
    0x8F, 0xB5, 0x27, 0xDF, 0x18, 0xAA, 0x8A, 0x22, 0xCA, 0x0D, 0x35, 0x4B, 0xA8, 0x9A, 0x43, 0x87,
    0xB0, 0x47, 0xBD, 0xD3, 0xE2, 0x72, 0xF6, 0x0C, 0x59, 0x2D, 0x7F, 0xB8, 0x15, 0xFD, 0x67, 0x5B,
    0xA4, 0x04, 0x44, 0x2F, 0x3A, 0xE1, 0x0C, 0x07, 0xC3, 0xFE, 0xB8, 0xF0, 0xDC, 0xB9, 0xF2, 0xE1,
    0x37, 0x59, 0x4B, 0xFF, 0x91, 0xA3, 0x7A, 0x34, 0x54, 0x04, 0x69, 0xEB, 0xA7, 0x96, 0x63, 0x3B,
    0x19, 0x89, 0x27, 0xF8, 0x8B, 0x68, 0x58, 0xE0, 0xB9, 0xDD, 0xEA, 0xA9, 0x9D, 0xDE, 0x99, 0x91,
    0x9D, 0x79, 0xC4, 0x42, 0xBA, 0x11, 0x2B, 0x6A, 0x8D, 0xB5, 0x5B, 0xAB, 0xDD, 0x29, 0x0B, 0x62,
    0xB4, 0x1B, 0x66, 0xB4, 0xA2, 0xDA, 0xEA, 0x58, 0xF0, 0xC5, 0xF4, 0xF7, 0x84, 0xA9, 0x8E, 0x42,
    0xB9, 0x0E, 0x78, 0x95, 0xFE, 0xDB, 0xB5, 0x5F, 0xD2, 0xB1, 0x2E, 0x13, 0x86, 0x14, 0xA6, 0xF0,
    0xF6, 0xAE, 0x35, 0x41, 0x19, 0x5D, 0x5A, 0xC2, 0x2D, 0x53, 0xAD, 0x09, 0x61, 0xC1, 0x05, 0xFA,
    0x88, 0x13, 0xE9, 0x39, 0x62, 0x3D, 0xB6, 0x35, 0x3C, 0x0F, 0xC4, 0x94, 0xD6, 0x37, 0x6D, 0xB4,
    0xC1, 0x9A, 0x2B, 0x5B, 0xEB, 0xB9, 0xD1, 0x09, 0x92, 0xFA, 0x9F, 0x1A, 0xF3, 0x9F, 0xF0, 0xBF,
    0x29, 0xD5, 0x33, 0xD0, 0x55, 0x42, 0x7F, 0x7C, 0xBD, 0xD9, 0x7B, 0x7F, 0x1B, 0x0A, 0x84, 0x5F,
    0xBD, 0x17, 0x0E, 0x1C, 0x12, 0xEE, 0xD4, 0x64, 0x2E, 0x1C, 0x68, 0x13, 0x8B, 0xE9, 0xE5, 0x5B,
    0xFF, 0x98, 0xF4, 0xCF, 0xD5, 0x61, 0xCB, 0xCD, 0xE3, 0x8E, 0x70, 0xF2, 0xC8, 0x09, 0xF7, 0x64,
    0xA3, 0x04, 0xBE, 0xBE, 0xFA, 0xBE, 0x92, 0x04, 0x49, 0xDF, 0x9C, 0xEE, 0x76, 0xE8, 0xDB, 0xBD,
    0x98, 0x18, 0x63, 0xCB, 0x43, 0x4C, 0x2C, 0x35, 0x56, 0x6F, 0xCE, 0x5C, 0x47, 0x9D, 0x62, 0x62,
    0x3F, 0xDC, 0xCB, 0x3F, 0x6A, 0x19, 0xA9, 0x2A, 0x1D, 0xCE, 0xE8, 0x9E, 0x70, 0x29, 0x2E, 0x9B,
    0x24, 0x5B, 0x43, 0xE5, 0xED, 0x26, 0xC9, 0xA8, 0x8D, 0x59, 0x9C, 0x73, 0xD3, 0x25, 0x65, 0x72,
    0x41, 0x0B, 0x95, 0xF5, 0xB7, 0xE7, 0x3A, 0x1B, 0x47, 0x56, 0x41, 0xC2, 0x80, 0x66, 0xE1, 0x99,
    0xBF, 0xDA, 0x05, 0xD5, 0x11, 0xF6, 0x68, 0x5E, 0x47, 0x8C, 0xB0, 0x90, 0xEE, 0x2C, 0xCC, 0x41,
    0x6F, 0xB6, 0x5B, 0x36, 0xB7, 0xAB, 0x07, 0xA1, 0xC7, 0x40, 0xE5, 0xC1, 0x9C, 0xC5, 0xBF, 0xB7,
    0x59, 0x1C, 0xC0, 0x7A, 0xAB, 0x4D, 0x71, 0x80, 0x2A, 0xF7, 0x58, 0xF8, 0x97, 0x8D, 0xB6, 0xC5,
    0x01, 0xCB, 0x27, 0x26, 0x80, 0xAA, 0x80, 0x48, 0x41, 0x7D, 0x84, 0xCD, 0x59, 0xE1, 0xA0, 0xA3,
    0x57, 0x18, 0x61, 0xBB, 0xDC, 0xB3, 0x1A, 0xD3, 0x27, 0xB2, 0x1F, 0x11, 0x25, 0x98, 0xEC, 0xCC,
    0x94, 0xB3, 0xD9, 0x0B, 0xBE, 0xBB, 0x9A, 0x00, 0x66, 0xBD, 0x19, 0x57, 0x7C, 0x98, 0xC6, 0x93,
    0xDD, 0x1C, 0xE3, 0xCE, 0x40, 0xA7, 0x96, 0x46, 0x89, 0x3C, 0xF9, 0x16, 0x23, 0x66, 0x8C, 0xDD,
    0x35, 0x9F, 0xBD, 0xB1, 0x45, 0xCB, 0xB8, 0x0F, 0x9D, 0x27, 0xDB, 0x0F, 0x99, 0x4B, 0x52, 0x68,
    0xE0, 0x04, 0x9D, 0x67, 0x1E, 0xC1, 0x40, 0xD3, 0xEE, 0x38, 0x6E, 0x2C, 0xA6, 0x6B, 0xF9, 0xB9,
    0xDF, 0x9A, 0x45, 0xD3, 0x5C, 0x34, 0x75, 0x0F, 0xA4, 0xA9, 0xBF, 0x0D, 0x36, 0x66, 0x01, 0xD4,
    0xBC, 0x8C, 0xB2, 0xA8, 0xB2, 0xB5, 0x22, 0x44, 0xF0, 0x84, 0x04, 0xF6, 0x33, 0xC3, 0xC7, 0xD5,
    0xA3, 0xB8, 0x37, 0x65, 0x40, 0x4B, 0x3A, 0x1D, 0xDF, 0x39, 0xB7, 0x52, 0xB8, 0xE2, 0x3C, 0x25,
    0xB2, 0x57, 0x57, 0x6E, 0x76, 0xE6, 0x1E, 0xF6, 0xB6, 0xE6, 0x29, 0x2A, 0x6F, 0x2A, 0xD4, 0xAA,
    0xE8, 0x03, 0x53, 0x41, 0x62, 0x67, 0x9B, 0xFB, 0x3D, 0x99, 0xC7, 0xFD, 0x46, 0xD8, 0x28, 0xF0,
    0x22, 0x4B, 0x4A, 0x59, 0x56, 0x97, 0x53, 0xC0, 0x12, 0x64, 0x56, 0xB2, 0x47, 0x95, 0xAD, 0x06,
    0xCC, 0x14, 0x4B, 0x63, 0x5A, 0xA2, 0x8D, 0x2E, 0x2A, 0xA2, 0x1D, 0x0B, 0xC5, 0x4E, 0x12, 0xDB,
    0x3A, 0x98, 0xD8, 0xC0, 0xEE, 0xCD, 0xCE, 0xDA, 0x09, 0xE9, 0xF0, 0xF4, 0x58, 0x3F, 0x56, 0x85,
    0xF5, 0x19, 0x05, 0xF5, 0xC3, 0x4A, 0xD8, 0x3F, 0xB1, 0xF5, 0x5B, 0x47, 0x8C, 0x2E, 0x00, 0xB2,
    0x8C, 0x18, 0x41, 0x0E, 0x6A, 0x55, 0xD2, 0xB3, 0xA2, 0x13, 0x6E, 0x88, 0x0A, 0x1A, 0x7A, 0xAB,
    0x81, 0xE2, 0x3D, 0xE7, 0xC9, 0xF9, 0x1F, 0xAE, 0xB2, 0xDD, 0xA5, 0xD9, 0xA6, 0xB4, 0xF7, 0x91,
    0x39, 0xDF, 0x40, 0xEB, 0xC7, 0x74, 0xA6, 0xC2, 0xEA, 0x02, 0x5B, 0x54, 0xE0, 0xE7, 0xD9, 0x3A,
    0xB8, 0x31, 0xE9, 0xF4, 0xEA, 0x03, 0x4E, 0xEB, 0x31, 0x9C, 0x29, 0xD8, 0xB6, 0x96, 0x9D, 0x10,
    0x12, 0xF6, 0x97, 0xCD, 0x58, 0xF8, 0xA6, 0x56, 0xCF, 0xD2, 0x6B, 0x0C, 0x4B, 0x98, 0xE4, 0x59,
    0xC6, 0xC4, 0xBD, 0x35, 0x54, 0xCE, 0x35, 0xD8, 0x17, 0xA8, 0x60, 0x28, 0x1B, 0xEC, 0xCE, 0xA8,
    0x3F, 0x9B, 0x08, 0xB3, 0x23, 0x67, 0x37, 0xBE, 0x98, 0x4E, 0xA0, 0x67, 0xF0, 0xD5, 0xA7, 0xCC,
    0x86, 0x11, 0xE9, 0x95, 0x07, 0xCE, 0xD4, 0x3E, 0x6A, 0xCD, 0x9B, 0x79, 0xD5, 0xD9, 0xEF, 0xA9,
    0x25, 0x3F, 0x6E, 0xAC, 0x7D, 0x76, 0x8B, 0x0B, 0x19, 0x88, 0x8F, 0x59, 0x50, 0x7C, 0xC4, 0x62,
    0xD2, 0x16, 0x1C, 0x8B, 0xBD, 0x85, 0x15, 0xC8, 0x19, 0x62, 0xE1, 0x0E, 0xD2, 0x67, 0x7B, 0x87,
    0x9E, 0xD8, 0x2D, 0x4A, 0x33, 0xF7, 0x28, 0xBA, 0x43, 0x35, 0xFB, 0x32, 0x05, 0xE8, 0x32, 0xF9,
    0x79, 0xA4, 0x6E, 0xD6, 0x96, 0xD4, 0xCD, 0x8C, 0x4A, 0xE4, 0x6D, 0x9B, 0xDC, 0x94, 0xD0, 0xBA,
    0xB0, 0x51, 0xF7, 0x93, 0x0D, 0x7D, 0xF5, 0x50, 0x91, 0x4C, 0x3E, 0xA7, 0xAF, 0xDE, 0xB0, 0x17,
    0x80, 0x55, 0x45, 0xA9, 0xE6, 0xF4, 0xDF, 0x83, 0x73, 0x79, 0x8B, 0x01, 0x3F, 0x3B, 0x69, 0xF4,
    0x72, 0xAE, 0xD8, 0x45, 0x7C, 0x69, 0x9B, 0xC5, 0x9B, 0x28, 0x16, 0x12, 0x9F, 0xA1, 0x70, 0x42,
    0xAB, 0x70, 0xDC, 0xF2, 0x12, 0xB7, 0xBC, 0xE6, 0x8F, 0xB9, 0xBC, 0x7F, 0xE6, 0xF2, 0x58, 0xA0,
    0x5A, 0x13, 0x6E, 0xFF, 0x86, 0xC8, 0xFF, 0x57, 0x5A, 0x9E, 0xFC, 0x5B, 0x2E, 0xEA, 0x4E, 0x39,
    0x2C, 0xEF, 0x7B, 0xEC, 0x0A, 0x0A, 0xB9, 0xBC, 0x88, 0xA1, 0xE8, 0x68, 0xBB, 0xBC, 0x58, 0xA3,
    0xD3, 0x09, 0x57, 0x2F, 0x12, 0xF8, 0xE0, 0xE3, 0x77, 0x6A, 0xEF, 0xC3, 0x5B, 0xE5, 0xE8, 0x23,
    0x40, 0xE5, 0xF7, 0xB0, 0x80, 0x5F, 0x2D, 0x31, 0x66, 0x6E, 0x17, 0x70, 0xCB, 0x0E, 0x18, 0xBD,
    0x50, 0x99, 0x98, 0x8D, 0x4E, 0xCF, 0x60, 0x01, 0x07, 0xC7, 0x1A, 0x4B, 0x29, 0xC8, 0x62, 0x20,
    0xF4, 0xEB, 0xAB, 0x8C, 0xD6, 0xE9, 0x35, 0x98, 0xFB, 0xFE, 0xCD, 0xCD, 0x39, 0x1C, 0x6D, 0x08,
    0x5D, 0x1A, 0x0D, 0x7A, 0xFA, 0x1C, 0x96, 0x9B, 0x73, 0xE8, 0x48, 0xE3, 0xF1, 0x7D, 0x08, 0xDD,
    0xCB, 0xD1, 0x76, 0x62, 0xAC, 0x9D, 0x2A, 0xE9, 0x07, 0x9C, 0x42, 0xA6, 0x78, 0x91, 0x16, 0xF1,
    0x52, 0xE5, 0x4E, 0xA1, 0x53, 0xFC, 0x65, 0x58, 0x44, 0x0A, 0xFD, 0xD5, 0xA6, 0x3D, 0x63, 0x37,
    0xEC, 0x91, 0xC0, 0xBF, 0x33, 0x61, 0x4E, 0xCE, 0x9C, 0x52, 0x5A, 0x0B, 0xFA, 0x0D, 0x1D, 0x9D,
    0x83, 0xBB, 0x4A, 0x6E, 0x91, 0x6B, 0xB9, 0xDB, 0xA3, 0x4F, 0x78, 0x76, 0xFF, 0xC6, 0x43, 0x64,
    0x44, 0x30, 0xA8, 0x66, 0xCE, 0x71, 0x0E, 0x19, 0xB3, 0x27, 0x40, 0xB0, 0xFD, 0x8D, 0x31, 0xEB,
    0xEA, 0xE4, 0x21, 0x2E, 0x7A, 0x93, 0x64, 0xD0, 0xEE, 0x5C, 0x23, 0x81, 0xE5, 0x8C, 0x4A, 0x75,
    0xCA, 0x1C, 0x42, 0x41, 0x69, 0xFC, 0x1D, 0xF9, 0x8B, 0x51, 0x67, 0xEF, 0x1E, 0x1F, 0x1F, 0x4A,
    0xEA, 0x94, 0xE7, 0x9E, 0x19, 0xC1, 0x1A, 0x56, 0x58, 0xE5, 0x8C, 0x9D, 0xB0, 0xAF, 0x87, 0x9B,
    0x32, 0x75, 0xED, 0x4D, 0xBB, 0x9D, 0x4D, 0x8D, 0x32, 0x68, 0x9B, 0x66, 0xA0, 0xA5, 0xED, 0x12,
    0x08, 0x4A, 0x06, 0xD3, 0xCB, 0x50, 0xF9, 0xF1, 0x77, 0xAF, 0xBC, 0x60, 0x3B, 0x9B, 0xA2, 0xDD,
    0xCE, 0xA6, 0xD4, 0x56, 0x0D, 0x4C, 0x5C, 0xDF, 0x14, 0xC1, 0x97, 0x59, 0xB0, 0x1B, 0xAD, 0x2F,
    0x3F, 0xA5, 0xB3, 0x41, 0xBD, 0x01, 0x8D, 0x83, 0x07, 0x66, 0x80, 0x07, 0xAE, 0xA9, 0x40, 0x15,
    0x76, 0x81, 0xDA, 0x70, 0xFA, 0xDE, 0xF5, 0x37, 0xB8, 0xC6, 0x55, 0x35, 0x26, 0xB8, 0x26, 0x02,
    0x7E, 0xB3, 0x67, 0x4A, 0x79, 0x7D, 0x06, 0x4C, 0xD8, 0x13, 0x41, 0xFC, 0xCB, 0x62, 0xCD, 0x67,
    0xBF, 0xB2, 0xCB, 0xB6, 0x35, 0x0D, 0x7B, 0x65, 0x11, 0xF6, 0xA9, 0xFA, 0x06, 0x5B, 0xE2, 0x10,
    0x6C, 0xF2, 0x7F, 0x58, 0x37, 0xD6, 0x9F, 0xB9, 0x1B, 0x07, 0x6C, 0xC5, 0x83, 0x2D, 0x7A, 0xD8,
    0xAD, 0x7B, 0xB0, 0x2D, 0x51, 0xF6, 0xEE, 0x02, 0x5B, 0x03, 0x51, 0x0C, 0x58, 0x8E, 0x39, 0x01,
    0x59, 0x29, 0xAD, 0xD6, 0xD2, 0x6F, 0xD7, 0xCB, 0x19, 0xD5, 0x5B, 0xAC, 0x96, 0x3A, 0xB9, 0xE1,
    0x5A, 0xB3, 0x5D, 0xB4, 0xDD, 0x24, 0xBB, 0x6C, 0xBB, 0x6E, 0xBB, 0x70, 0xBB, 0x47, 0x36, 0x9B,
    0xAE, 0x18, 0x55, 0x2B, 0x6C, 0xD1, 0xDB, 0x22, 0x69, 0x97, 0xDF, 0x77, 0xAA, 0xD8, 0xD6, 0x25,
    0x5B, 0x17, 0xA5, 0x96, 0xD2, 0x50, 0x27, 0x8C, 0x74, 0x48, 0x64, 0x11, 0x8E, 0xCC, 0x67, 0xA9,
    0x24, 0x11, 0xEB, 0x4D, 0xBD, 0x85, 0xEB, 0x89, 0x29, 0xD5, 0x25, 0xC7, 0xBC, 0x93, 0xFA, 0x33,
    0xD4, 0xE0, 0xC3, 0x8A, 0x03, 0x1A, 0xAB, 0xA5, 0x00, 0xB0, 0xF8, 0xAC, 0x55, 0x45, 0x39, 0xB1,
    0xFF, 0x92, 0xE1, 0x29, 0xDB, 0xA4, 0xE4, 0x4E, 0xDE, 0xBA, 0xD0, 0x5B, 0xA3, 0xA7, 0xA3, 0xFA,
    0xE1, 0xF9, 0xD6, 0x02, 0x0F, 0x7D, 0x51, 0xBE, 0x44, 0xAF, 0x0C, 0x84, 0x9E, 0xEA, 0xFF, 0xB7,
    0xC5, 0x02, 0x24, 0x75, 0xAA, 0x67, 0x61, 0xAC, 0x65, 0x27, 0xB9, 0x4C, 0xF0, 0x94, 0x1E, 0x20,
    0x04, 0xAB, 0x28, 0x40, 0x64, 0xCE, 0x6A, 0x88, 0x38, 0xA3, 0xF1, 0x8D, 0xD5, 0xF2, 0x43, 0x74,
    0xCD, 0x28, 0x05, 0xCC, 0x5C, 0x3D, 0x76, 0x7C, 0xBF, 0x9F, 0x7B, 0xB0, 0xB4, 0x51, 0x8C, 0x46,
    0x17, 0xD5, 0x4C, 0xA6, 0x1D, 0xF4, 0x98, 0xA2, 0xA5, 0x0D, 0x52, 0x25, 0x29, 0x5C, 0x80, 0xE7,
    0x5D, 0x5B, 0xF8, 0xD2, 0x23, 0x84, 0x87, 0xC2, 0x04, 0xD7, 0xBF, 0x84, 0x0D, 0x98, 0xF8, 0xF5,
    0x8C, 0x55, 0x4B, 0x05, 0xBB, 0x14, 0x0A, 0x26, 0x1C, 0x3A, 0xAF, 0xD1, 0x23, 0x58, 0xE2, 0x11,
    0x56, 0x1D, 0x73, 0x13, 0x40, 0xD8, 0x0C, 0xF7, 0xB7, 0x0C, 0xF7, 0xAF, 0x18, 0xEE, 0x5F, 0x28,
    0xDC, 0x5F, 0x65, 0xE6, 0x50, 0x4E, 0x14, 0x7B, 0x22, 0x62, 0x36, 0xEE, 0xB5, 0x32, 0x80, 0x51,
    0x19, 0x2F, 0x93, 0x6C, 0xD1, 0xA6, 0xA3, 0xA6, 0x1B, 0x63, 0x47, 0xA7, 0x41, 0x35, 0x65, 0x2A,
    0x10, 0x9F, 0xB6, 0x08, 0x5F, 0x6B, 0x66, 0xC1, 0x3B, 0xF5, 0x04, 0xE8, 0x20, 0x79, 0xB1, 0x67,
    0xB4, 0xA4, 0xF6, 0xFA, 0x9F, 0xBB, 0x9E, 0x17, 0xC6, 0x4F, 0xE2, 0x2F, 0x24, 0x7E, 0x72, 0x8E,
    0x3A, 0x5D, 0xBE, 0xC3, 0xEF, 0xB8, 0x0F, 0xFC, 0xC7, 0x20, 0x1F, 0xDC, 0x30, 0xC9, 0x37, 0x11,
    0x8E, 0xB7, 0xF5, 0x06, 0x3F, 0x43, 0xFC, 0x64, 0xBA, 0x89, 0x9F, 0xD8, 0x22, 0x29, 0xED, 0xFE,
    0x55, 0xE7, 0x89, 0x1F, 0xD8, 0x2F, 0xB0, 0x64, 0x34, 0x72, 0x91, 0x3F, 0xF6, 0xE5, 0xA5, 0x4E,
    0x1F, 0x9C, 0xEA, 0xCB, 0x4B, 0x3F, 0xA5, 0x2F, 0xEF, 0x04, 0xD8, 0xA4, 0xA1, 0x52, 0x4D, 0xFB,
    0xC9, 0x92, 0x62, 0xF7, 0x7D, 0x53, 0x27, 0x25, 0xCB, 0x9E, 0x3F, 0xE8, 0xEB, 0xC5, 0xCA, 0x78,
    0x9F, 0xFC, 0xC3, 0x6F, 0x6F, 0x1F, 0xD1, 0xBF, 0x25, 0xAC, 0x03, 0x4B, 0xAC, 0xAD, 0xBA, 0xEA,
    0xAC, 0x1C, 0xB6, 0xEA, 0xDB, 0xF5, 0xEC, 0xE5, 0x1D, 0xA3, 0x5A, 0x31, 0x6A, 0xDB, 0xF4, 0xA1,
    0x32, 0x4E, 0x7B, 0x27, 0x00, 0xF5, 0x16, 0x7B, 0x7C, 0x14, 0x4E, 0xB3, 0x37, 0x7C, 0x80, 0x93,
    0x33, 0x55, 0x58, 0xCF, 0xF7, 0xE0, 0xE1, 0x7D, 0x20, 0x19, 0x7B, 0xDD, 0x18, 0x11, 0xE4, 0xCC,
    0xB1, 0x8A, 0xA5, 0xD8, 0x99, 0x99, 0xAA, 0x5B, 0x24, 0x78, 0xAD, 0x11, 0x6E, 0x61, 0x1B, 0x1D,
    0xEB, 0x0D, 0xD9, 0x5B, 0x7B, 0x66, 0x5B, 0xA2, 0xF3, 0x0D, 0x86, 0x2B, 0x4E, 0x0A, 0xA5, 0x1A,
    0x54, 0x1B, 0xCB, 0x90, 0x9D, 0xCB, 0xED, 0x15, 0x2A, 0x58, 0x4F, 0x68, 0x87, 0xD8, 0xE9, 0x46,
    0xB5, 0x0F, 0x0D, 0xC0, 0xD6, 0xDC, 0x21, 0xBB, 0x11, 0xD6, 0x16, 0xDD, 0xEF, 0xFA, 0x3B, 0x27,
    0x7D, 0x0B, 0xB6, 0x39, 0xF3, 0x17, 0x47, 0xB6, 0x47, 0x98, 0xB2, 0xC8, 0xFA, 0xC9, 0xCA, 0x96,
    0x59, 0xA8, 0xFA, 0x97, 0xC5, 0x04, 0xA0, 0x8F, 0x84, 0xFE, 0x4E, 0x41, 0xBA, 0x6A, 0x08, 0x5D,
    0xF3, 0x38, 0xFF, 0xE4, 0xE8, 0xFB, 0xEE, 0x16, 0x83, 0x79, 0xDF, 0x6D, 0x0B, 0x8E, 0xDD, 0x43,
    0xC5, 0x38, 0x23, 0xD7, 0xFE, 0x99, 0xDA, 0x6E, 0x64, 0x96, 0xB4, 0xB3, 0xC5, 0x6A, 0xB0, 0x62,
    0x2C, 0x19, 0x61, 0x97, 0x93, 0x0D, 0xB0, 0xEE, 0xB4, 0x21, 0x7E, 0xC0, 0xF7, 0x3E, 0x22, 0x5F,
    0xDD, 0x1B, 0x78, 0x58, 0xBD, 0x88, 0x42, 0xB8, 0xA9, 0x42, 0xE9, 0x4E, 0x97, 0x9E, 0x09, 0xE1,
    0x36, 0xBD, 0x8E, 0x66, 0xD3, 0xEB, 0x18, 0xAA, 0xD7, 0x31, 0xB3, 0xF8, 0xC5, 0x4E, 0xF2, 0xC9,
    0x7E, 0xAF, 0xA3, 0x0E, 0xD9, 0xF6, 0x83, 0x10, 0xD3, 0xB0, 0xD7, 0x31, 0xBE, 0x84, 0x05, 0x1F,
    0x71, 0xC4, 0xCE, 0xF6, 0x3A, 0x4A, 0x77, 0xF2, 0xAE, 0x05, 0x33, 0xAF, 0x26, 0x6C, 0x4B, 0x38,
    0x9D, 0xA1, 0xDC, 0xB3, 0xA2, 0x85, 0x25, 0x84, 0xE0, 0x80, 0xD8, 0x23, 0x26, 0x7B, 0x47, 0xCF,
    0x95, 0x2E, 0xDF, 0xE5, 0xAF, 0x36, 0x05, 0x53, 0xEA, 0xFB, 0xD6, 0x2D, 0x1F, 0x62, 0x76, 0x22,
    0xEA, 0x26, 0x36, 0x36, 0x89, 0x09, 0xC5, 0xC6, 0x4A, 0x3A, 0xBF, 0x7D, 0x00, 0x68, 0xA5, 0xF2,
    0xA5, 0xEC, 0x81, 0xE1, 0xF4, 0x94, 0x9D, 0xC8, 0xAC, 0x99, 0xB0, 0x27, 0x6D, 0xEF, 0xDB, 0xB0,
    0xBD, 0x99, 0xEE, 0x76, 0x05, 0x1B, 0x22, 0x51, 0xD7, 0x85, 0x6D, 0xD2, 0xB4, 0x17, 0x7B, 0x30,
    0xEE, 0x5D, 0x0F, 0x76, 0x4A, 0x66, 0xCA, 0x53, 0x87, 0xB8, 0x35, 0x52, 0xDA, 0x4D, 0x67, 0xA2,
    0x68, 0x81, 0x3B, 0xF7, 0xDC, 0x86, 0xF7, 0xDB, 0xDD, 0x4A, 0xE6, 0x6D, 0xB3, 0xDF, 0x68, 0x49,
    0x43, 0x18, 0x94, 0x8B, 0x7E, 0x3D, 0xDC, 0x11, 0x53, 0xB8, 0x3B, 0x62, 0x6C, 0x27, 0xBB, 0x64,
    0x6F, 0xE4, 0x2E, 0x97, 0x99, 0x59, 0xA3, 0x22, 0x9B, 0x02, 0xB4, 0x43, 0xB6, 0x09, 0xF1, 0x68,
    0x66, 0x1D, 0x04, 0xA8, 0x59, 0xE4, 0xEC, 0x8A, 0x3B, 0xA3, 0x11, 0xD9, 0xE9, 0x50, 0xAC, 0x3E,
    0x65, 0xD7, 0x27, 0x9B, 0x3E, 0x59, 0x8F, 0xC8, 0xA3, 0x48, 0x5D, 0xA6, 0x66, 0x2C, 0x3F, 0xD8,
    0xAB, 0x99, 0xA5, 0x39, 0xC6, 0x0E, 0xCF, 0xAF, 0x2C, 0x96, 0x09, 0xB4, 0x7E, 0xB0, 0xFE, 0xDE,
    0xFD, 0xEE, 0x27, 0x62, 0x96, 0xE5, 0xA4, 0xC7, 0x3D, 0x80, 0xFB, 0x32, 0xDD, 0x29, 0x0D, 0x9C,
    0x9E, 0xA8, 0x61, 0x3F, 0x3E, 0xB3, 0x86, 0x7D, 0x10, 0x7C, 0xF0, 0x99, 0x0A, 0x4B, 0xCF, 0xBE,
    0x07, 0xE9, 0xBE, 0x6B, 0xF0, 0xB2, 0x76, 0x1C, 0x5C, 0x6B, 0xA6, 0xE1, 0xC5, 0xBA, 0x88, 0xB0,
    0x86, 0x08, 0x6B, 0x78, 0x61, 0x51, 0x6D, 0xD6, 0x70, 0x10, 0xF1, 0x93, 0x9B, 0xAB, 0x78, 0xF3,
    0xD5, 0xFD, 0xC8, 0x44, 0xB2, 0x4F, 0x6B, 0x5E, 0x3C, 0x0D, 0x5A, 0x0F, 0xD2, 0xAC, 0x3B, 0x00,
    0xAD, 0xFF, 0xDD, 0xD1, 0xBA, 0xC2, 0xFC, 0x14, 0x45, 0xEC, 0x90, 0x07, 0xD8, 0xED, 0x55, 0x3B,
    0x4A, 0x6A, 0xBA, 0xAF, 0x86, 0x07, 0xB5, 0xAD, 0x9D, 0xF9, 0xCD, 0x62, 0x09, 0x4F, 0xB7, 0x0B,
    0x56, 0xD9, 0x8A, 0xF5, 0x83, 0xA2, 0x7D, 0x4B, 0x7F, 0x91, 0x58, 0xBE, 0x76, 0xD9, 0xB2, 0x21,
    0x16, 0x81, 0x37, 0xBF, 0x6D, 0xCE, 0x6E, 0x96, 0xD4, 0x3C, 0x49, 0x65, 0x3E, 0xEE, 0x5B, 0xEF,
    0x13, 0xD5, 0x22, 0x4F, 0x5D, 0xA9, 0xE6, 0xD4, 0xB5, 0x7D, 0x0E, 0xFD, 0x31, 0x8D, 0xED, 0x8F,
    0x39, 0xAB, 0x54, 0x53, 0x3D, 0xFD, 0xD6, 0xF8, 0x9A, 0xC5, 0x75, 0xE8, 0xAE, 0x91, 0xEC, 0x53,
    0xB0, 0x74, 0x15, 0xB2, 0x61, 0xF9, 0x4C, 0xC2, 0x0E, 0xC4, 0x83, 0x94, 0xE9, 0xB9, 0xF1, 0x8C,
    0x06, 0x32, 0x55, 0x65, 0x0C, 0xDE, 0x61, 0x34, 0x64, 0xF5, 0xFC, 0x96, 0xB3, 0x77, 0x9F, 0xC5,
    0x4E, 0x96, 0x15, 0xFA, 0xE3, 0x09, 0x59, 0x63, 0x5B, 0xB5, 0x2A, 0xBD, 0xA2, 0xD8, 0xE6, 0x9C,
    0x57, 0xB7, 0x60, 0xC2, 0x25, 0x8B, 0xC4, 0x27, 0x57, 0x67, 0x66, 0x02, 0x65, 0x5A, 0xB4, 0xED,
    0xF9, 0x76, 0xC1, 0xCB, 0x4C, 0xD8, 0x02, 0xBA, 0x13, 0xCD, 0x91, 0xE3, 0xBC, 0xF6, 0x96, 0x8A,
    0x28, 0x2A, 0x87, 0xF6, 0xE5, 0x52, 0x2F, 0x55, 0xE6, 0x62, 0x23, 0xC9, 0x8E, 0xE9, 0xB3, 0xCF,
    0x47, 0x5C, 0xDB, 0x59, 0x61, 0xBF, 0x79, 0x6F, 0xD1, 0xE6, 0xC3, 0x84, 0x02, 0xC7, 0xE6, 0x81,
    0xDC, 0xC8, 0x68, 0xC3, 0xDC, 0xC6, 0x50, 0x2E, 0x58, 0x5D, 0x94, 0x58, 0x35, 0x14, 0x59, 0x50,
    0x3B, 0x5A, 0x9F, 0x0A, 0xCC, 0x7F, 0x05, 0x2F, 0x7A, 0xC1, 0xBC, 0x36, 0xC5, 0xDF, 0xD8, 0xA4,
    0xF0, 0x62, 0xE1, 0x92, 0xA4, 0x27, 0x69, 0x7F, 0xDC, 0xCD, 0x8F, 0x7B, 0xD1, 0x8C, 0x9B, 0xEC,
    0xCC, 0xD8, 0x0F, 0xD6, 0xEC, 0x07, 0x09, 0xEE, 0x94, 0x2E, 0x5B, 0x1F, 0xD9, 0x52, 0xCD, 0xB8,
    0xA6, 0x1B, 0x4D, 0xC4, 0x65, 0xDA, 0xA1, 0x50, 0x5C, 0x21, 0x14, 0x7B, 0x5B, 0xC0, 0xF6, 0x46,
    0x8C, 0xFD, 0x3E, 0x65, 0xC5, 0x03, 0xE3, 0xD2, 0x7C, 0x83, 0xF0, 0x29, 0xB2, 0xAE, 0xD8, 0xF5,
    0x4F, 0x8B, 0x15, 0x2C, 0x35, 0x73, 0x54, 0xCE, 0x33, 0xDE, 0xFA, 0xC4, 0x4B, 0x14, 0x88, 0xF3,
    0x12, 0x35, 0xD0, 0x9D, 0x6C, 0x58, 0xB0, 0xCD, 0x0A, 0x5F, 0x3F, 0x47, 0xBF, 0xD6, 0x35, 0xA5,
    0x3A, 0xE1, 0x4B, 0xF4, 0x9C, 0x38, 0xCE, 0xB3, 0x8A, 0xBC, 0x70, 0x53, 0x93, 0xF7, 0x5A, 0x63,
    0x2F, 0xED, 0x30, 0xEA, 0xC4, 0xB1, 0xF7, 0x1A, 0xD8, 0x8B, 0x0D, 0xEC, 0xCD, 0x06, 0x0A, 0x3A,
    0x92, 0x91, 0x79, 0x02, 0xBA, 0x9B, 0xC0, 0xDE, 0x0D, 0x62, 0x63, 0x53, 0x16, 0x52, 0xC0, 0xC7,
    0x88, 0xFF, 0x91, 0x51, 0xB4, 0xA4, 0xD1, 0x15, 0x2C, 0xB5, 0x19, 0x8A, 0xAD, 0x86, 0x22, 0xAC,
    0x6C, 0xEB, 0xA8, 0xA9, 0xF1, 0x3B, 0xB4, 0xD7, 0x7B, 0xE0, 0xB1, 0xC2, 0x28, 0x1E, 0x0F, 0x0D,
    0x47, 0x6E, 0xAC, 0x2B, 0x18, 0xDA, 0x9B, 0xB0, 0xC6, 0xAE, 0xFE, 0x26, 0xB1, 0xB6, 0x5E, 0x21,
    0x96, 0x56, 0x2D, 0x0A, 0x70, 0x42, 0x40, 0xEB, 0xBC, 0x1A, 0xA9, 0x02, 0xA4, 0x77, 0x8D, 0x05,
    0x2E, 0xD1, 0x76, 0x63, 0xC8, 0xAB, 0x09, 0x5D, 0x30, 0xD2, 0xFE, 0xB0, 0x81, 0x89, 0xF7, 0xAF,
    0xFC, 0x60, 0x37, 0x30, 0xB1, 0xBD, 0xA5, 0xE4, 0xD4, 0x95, 0x2B, 0xE3, 0x4D, 0x60, 0xA2, 0xD8,
    0x19, 0x7D, 0x17, 0x3A, 0xCA, 0x19, 0x8C, 0x78, 0xE2, 0x8B, 0x13, 0x27, 0x7E, 0xDF, 0xE8, 0xC4,
    0xF8, 0x7E, 0xD1, 0x09, 0xF6, 0x40, 0x6E, 0xBF, 0x3E, 0xDA, 0x7E, 0xBD, 0x3A, 0x5D, 0xC9, 0xC6,
    0xAA, 0x31, 0xB6, 0x2A, 0xC9, 0xED, 0xF4, 0x16, 0xD7, 0xCD, 0xE7, 0x1C, 0x97, 0x99, 0xEC, 0xC7,
    0x65, 0x66, 0xD9, 0x5E, 0x5C, 0x66, 0x0B, 0x21, 0x37, 0xE9, 0x33, 0x09, 0x81, 0xF7, 0x93, 0xDF,
    0x2F, 0x2E, 0xD3, 0x3C, 0x30, 0x2E, 0xB3, 0x7F, 0xDC, 0xA3, 0x4D, 0xE9, 0xFE, 0x28, 0xFB, 0xAC,
    0x30, 0xAA, 0xBA, 0x0F, 0x8C, 0xB2, 0x1B, 0xEA, 0x3B, 0x97, 0x6E, 0x2F, 0x3D, 0xE6, 0x16, 0xFA,
    0x2D, 0xFE, 0xE7, 0xC6, 0x7C, 0xBB, 0x16, 0x57, 0x66, 0xFB, 0x62, 0x7C, 0xD2, 0x3C, 0x1D, 0xF5,
    0x79, 0xD2, 0xDF, 0xCA, 0xC2, 0xF5, 0x19, 0x57, 0xBC, 0xB0, 0x3C, 0x8A, 0xD0, 0x79, 0x93, 0x6E,
    0x3B, 0x61, 0x28, 0xE0, 0xC4, 0x43, 0xD9, 0xE3, 0xE9, 0xD3, 0x3D, 0xE4, 0xD7, 0xEF, 0x81, 0x1D,
    0x0B, 0xEF, 0x93, 0x92, 0x19, 0x50, 0x3C, 0xA7, 0x8D, 0xFF, 0x1E, 0x76, 0xAA, 0xF1, 0xDF, 0x29,
    0xBD, 0x0F, 0x6A, 0xFF, 0x8D, 0xCA, 0xFF, 0xD7, 0x3A, 0x78, 0xA3, 0x0A, 0xDF, 0x58, 0x86, 0xAF,
    0x57, 0xD1, 0xA5, 0x2A, 0xFA, 0xF1, 0x32, 0x09, 0xAA, 0xE8, 0xE2, 0xF2, 0x00, 0xBA, 0xC3, 0xAB,
    0x6F, 0x40, 0x8B, 0x98, 0xBA, 0x66, 0xFD, 0xEB, 0x87, 0x4B, 0xA6, 0x3D, 0x3E, 0xC1, 0x7F, 0x8F,
    0x31, 0x74, 0x02, 0x1E, 0x81, 0x82, 0x7C, 0xBE, 0x80, 0x70, 0xA6, 0xF5, 0x0D, 0xDB, 0xC4, 0xBC,
    0xA9, 0xE0, 0x09, 0xF3, 0xAD, 0x31, 0x9D, 0x6C, 0x45, 0x98, 0x09, 0xC5, 0x35, 0xD5, 0xF7, 0x1A,
    0xF4, 0x41, 0xAF, 0x05, 0xDD, 0xE8, 0x0E, 0xDC, 0x38, 0xFF, 0x96, 0x89, 0x6F, 0xF8, 0xBF, 0x34,
    0x07, 0x8D, 0xFF, 0x56, 0x76, 0xB5, 0x09, 0xDE, 0xCA, 0xEA, 0x3A, 0x7C, 0xE9, 0xC7, 0xBF, 0xA9,
    0xA3, 0xCB, 0x2F, 0xBE, 0xBE, 0x8C, 0xFC, 0xB7, 0x5E, 0xAC, 0x22, 0xFF, 0x97, 0x7E, 0x15, 0xFB,
    0xAB, 0xA0, 0xBC, 0xE0, 0xB3, 0x5C, 0x77, 0xD4, 0x84, 0xDD, 0x01, 0x60, 0x50, 0xB3, 0x39, 0xCA,
    0xE5, 0x26, 0x10, 0xB0, 0xF1, 0x4E, 0xBE, 0xF5, 0x05, 0x19, 0xD9, 0xB1, 0x6E, 0x96, 0x92, 0x7B,
    0xA3, 0x38, 0xEA, 0xFE, 0xDD, 0x5D, 0x8F, 0xEB, 0x02, 0x3F, 0xC6, 0xE2, 0x63, 0x5E, 0x0B, 0x71,
    0x87, 0xF5, 0x3E, 0x3B, 0xDD, 0x72, 0xF5, 0x81, 0xE9, 0x57, 0x57, 0xFD, 0x36, 0x6E, 0xC3, 0x2A,
    0x68, 0xD8, 0xA3, 0x99, 0x18, 0x7B, 0xAB, 0xC3, 0x78, 0x73, 0xAB, 0x43, 0xE4, 0x6E, 0x26, 0xD8,
    0x24, 0x97, 0xA1, 0xF4, 0x9F, 0x33, 0x81, 0x0C, 0x62, 0xE8, 0x55, 0x43, 0xE3, 0xCB, 0xE8, 0x74,
    0xAA, 0xFF, 0x71, 0x2D, 0x2F, 0x1A, 0x31, 0xD8, 0xBD, 0xDC, 0xA3, 0xE1, 0x91, 0x97, 0x46, 0xD3,
    0xD6, 0xD9, 0x20, 0xA5, 0xFC, 0x92, 0xD6, 0x7A, 0x6C, 0x8D, 0x2D, 0x4C, 0xB3, 0x77, 0x77, 0xBE,
    0x2E, 0x53, 0x14, 0xDB, 0x30, 0xDD, 0xC4, 0x7A, 0xD8, 0x85, 0x94, 0x04, 0x6C, 0x3E, 0xC3, 0x4F,
    0xF0, 0xE4, 0xF9, 0x23, 0xB4, 0x15, 0x67, 0xB1, 0x22, 0x52, 0x5C, 0x5B, 0x66, 0x9C, 0x0F, 0xEC,
    0x0C, 0xBD, 0x4D, 0x31, 0x0F, 0x37, 0xFD, 0x91, 0xF5, 0x66, 0x96, 0xE3, 0x18, 0x41, 0x38, 0xB2,
    0xE9, 0x57, 0x13, 0x2F, 0xFF, 0x09, 0xD2, 0xDA, 0xB7, 0xF7, 0xFA, 0xA5, 0xDF, 0x5E, 0xE8, 0x2F,
    0x01, 0x7D, 0x44, 0x8C, 0xD7, 0xE5, 0xBC, 0xFA, 0x05, 0xAA, 0x61, 0xC9, 0xD2, 0xCA, 0xB0, 0x3C,
    0xA4, 0xF1, 0xC6, 0xCE, 0xC1, 0x8F, 0xE9, 0x7F, 0x62, 0xF3, 0x46, 0x14, 0x39, 0x3D, 0x19, 0xA3,
    0x98, 0x29, 0xA2, 0x9F, 0x86, 0x3F, 0x6F, 0xCE, 0x67, 0xC9, 0xFA, 0x19, 0x36, 0x26, 0x34, 0x07,
    0xBC, 0x7E, 0x2B, 0x84, 0x4D, 0xE4, 0x35, 0x14, 0x3E, 0x43, 0x08, 0x3F, 0xDB, 0x16, 0xA0, 0x2D,
    0xCE, 0xCE, 0xB3, 0xEE, 0xE7, 0x3F, 0xFB, 0x3C, 0x64, 0x60, 0xF3, 0x0C, 0x99, 0xD9, 0xCD, 0xFD,
    0x0E, 0x29, 0x5B, 0x5D, 0x6B, 0x77, 0x81, 0xF5, 0xF7, 0xFB, 0x77, 0x34, 0x6C, 0xFA, 0x37, 0xDB,
    0x84, 0x45, 0x07, 0xAA, 0xE5, 0x4E, 0xD4, 0xBF, 0xB9, 0x56, 0x64, 0x63, 0xBE, 0xD3, 0xBF, 0x39,
    0x75, 0xE3, 0xA6, 0xF9, 0x7F, 0x93, 0x09, 0x54, 0xAF, 0xE2, 0x79, 0xF9, 0x8E, 0xBC, 0x91, 0xF5,
    0x7D, 0x6F, 0xBD, 0x89, 0x07, 0x46, 0x9B, 0x16, 0xF4, 0xBD, 0x52, 0xF8, 0x73, 0x30, 0x44, 0x9E,
    0xAC, 0xD1, 0x1A, 0x94, 0xA7, 0x90, 0x93, 0x7C, 0x4E, 0x7A, 0x0B, 0x06, 0x3D, 0x3A, 0xD6, 0x86,
    0x74, 0x84, 0xA1, 0xC7, 0x0C, 0x1B, 0xA5, 0x19, 0x7C, 0x6B, 0x75, 0x23, 0x68, 0x1E, 0x35, 0x5E,
    0xE2, 0xBF, 0x82, 0x6C, 0x6E, 0xB6, 0x2D, 0x91, 0xEE, 0xF2, 0xAD, 0xC3, 0xBE, 0x04, 0x7C, 0xCC,
    0xE3, 0xDB, 0xB6, 0xF9, 0x94, 0xE6, 0x9C, 0xD5, 0x82, 0x69, 0xC0, 0x7A, 0x87, 0xCA, 0xAD, 0xB7,
    0x7E, 0xDA, 0xB1, 0xBF, 0x59, 0x1E, 0x9C, 0x92, 0x9C, 0xC7, 0xB6, 0x8C, 0x88, 0x65, 0x0B, 0x18,
    0xE3, 0x29, 0x7F, 0xE7, 0xBC, 0x1F, 0x75, 0x69, 0xE6, 0x8F, 0xAC, 0x6A, 0x4F, 0x6C, 0xCC, 0xFA,
    0x29, 0xFF, 0x7E, 0x55, 0x40, 0x5F, 0x49, 0xCF, 0xE2, 0xAA, 0xB5, 0x45, 0xAD, 0xF5, 0xEC, 0x5E,
    0x7D, 0xF2, 0x4B, 0x77, 0x29, 0xC8, 0x2A, 0xE2, 0x94, 0x13, 0x8C, 0xF2, 0x45, 0xE4, 0xB8, 0x0F,
    0x42, 0x40, 0x1A, 0x50, 0xF2, 0xDD, 0xED, 0xED, 0xE1, 0x8F, 0x9C, 0xDB, 0x1E, 0xFA, 0xEE, 0xF4,
    0x02, 0x03, 0xFC, 0xD4, 0x48, 0x47, 0xF6, 0x1D, 0x06, 0x63, 0x19, 0xAF, 0x4A, 0x6D, 0x05, 0xB1,
    0x6D, 0xCF, 0x0A, 0xAB, 0x9D, 0x88, 0xAF, 0x6E, 0x07, 0xE2, 0x5D, 0x0B, 0x77, 0x81, 0x75, 0xA9,
    0x8B, 0x29, 0x1B, 0x52, 0x22, 0xF6, 0xBA, 0xD5, 0x7A, 0x3B, 0xC8, 0xF1, 0xB6, 0xFB, 0x54, 0x4D,
    0xCE, 0xEC, 0x5D, 0xEE, 0x8C, 0x0D, 0x2A, 0x0F, 0xBD, 0xD3, 0x61, 0x69, 0xCE, 0x70, 0x6D, 0x6E,
    0x9F, 0xE3, 0x70, 0x40, 0x81, 0xBB, 0xC6, 0x51, 0x45, 0xF0, 0x49, 0x5F, 0x7D, 0x95, 0x6E, 0xDB,
    0xB4, 0x9E, 0x3A, 0xF4, 0xE6, 0x96, 0xAC, 0xDF, 0xB3, 0x44, 0x4C, 0xA6, 0x2E, 0xDC, 0x5A, 0x71,
    0x6B, 0xC6, 0x65, 0x4B, 0xCF, 0x2A, 0x5C, 0xFC, 0x52, 0x57, 0x1D, 0x5E, 0x84, 0x71, 0x7F, 0xB1,
    0x36, 0xE1, 0xE8, 0x73, 0x5C, 0xB5, 0xE4, 0x5C, 0x52, 0x7E, 0x5A, 0xC6, 0xF7, 0x7A, 0x67, 0x16,
    0x99, 0xBA, 0x1E, 0xD4, 0xF1, 0xA0, 0x6E, 0x07, 0x75, 0x3A, 0xA4, 0x9B, 0xDE, 0x19, 0x75, 0x37,
    0x14, 0x43, 0xE5, 0xFC, 0xC9, 0xDE, 0x99, 0xE2, 0x64, 0xEF, 0xCC, 0xF9, 0xBD, 0xDE, 0x19, 0x2A,
    0xC7, 0x14, 0x8B, 0x78, 0x32, 0xC8, 0x4F, 0x18, 0x41, 0xF6, 0xD3, 0xEC, 0x5D, 0x9C, 0xB3, 0x7B,
    0x19, 0xD6, 0xD9, 0xFD, 0x34, 0xAD, 0xBD, 0x38, 0xE7, 0xFF, 0x97, 0xC6, 0x1F, 0x68, 0xB4, 0xA7,
    0x87, 0xF4, 0xC6, 0x19, 0x46, 0xF0, 0xB1, 0x2D, 0xE3, 0x29, 0x30, 0x12, 0x8B, 0x97, 0x9F, 0x09,
    0xB2, 0x33, 0xCE, 0xE0, 0xF7, 0x5B, 0x9A, 0x9F, 0x53, 0x31, 0xBD, 0xC6, 0x38, 0x47, 0xBE, 0x3C,
    0xB5, 0xB4, 0xC7, 0x76, 0x5F, 0xDD, 0xAB, 0x4F, 0x19, 0x96, 0xC0, 0x9B, 0x5F, 0x6C, 0x59, 0xFC,
    0x91, 0xEF, 0x1C, 0x71, 0x87, 0xA3, 0xF6, 0x86, 0xD5, 0x97, 0x72, 0xF7, 0xFA, 0x19, 0x93, 0xDB,
    0xD2, 0x19, 0x5D, 0xB3, 0x3F, 0xB6, 0x57, 0x65, 0x6F, 0x2F, 0xB0, 0x2D, 0x5C, 0xE5, 0x93, 0x2C,
    0x74, 0xAC, 0x78, 0xD3, 0xFE, 0xE4, 0x91, 0x0A, 0xE4, 0x94, 0x7F, 0x6E, 0x86, 0x78, 0x5A, 0xB0,
    0xD7, 0x25, 0x69, 0xBB, 0x1F, 0xBB, 0xA1, 0x5D, 0xC8, 0x5D, 0x5B, 0xFA, 0x0B, 0xC6, 0x85, 0x78,
    0xD1, 0xAD, 0xD0, 0xDC, 0xFE, 0x9F, 0xC7, 0x78, 0x7B, 0x6A, 0xFD, 0x8C, 0xBB, 0x6F, 0xF7, 0x04,
    0x19, 0x5F, 0xC6, 0x96, 0xA8, 0x33, 0x2E, 0x7A, 0x43, 0x25, 0x59, 0xF8, 0xFA, 0x01, 0x95, 0x6C,
    0xFD, 0xDD, 0x2F, 0x67, 0x5F, 0x14, 0x69, 0x15, 0x2D, 0x1A, 0x66, 0x4A, 0x5A, 0x96, 0xDF, 0xFD,
    0x92, 0x77, 0x68, 0x54, 0x5D, 0x1D, 0x0A, 0xF6, 0xCA, 0x57, 0x4F, 0x32, 0xCD, 0xE3, 0xBB, 0xA0,
    0x55, 0x8A, 0x21, 0xD9, 0x53, 0x0C, 0x8F, 0x7A, 0xE9, 0xD4, 0xA9, 0x82, 0xDC, 0xE6, 0x8C, 0x82,
    0xDC, 0x07, 0x04, 0x57, 0xF6, 0x1C, 0xC5, 0xA5, 0xCD, 0xAA, 0xDF, 0xEF, 0xFB, 0x0F, 0x55, 0xD0,
    0x5C, 0x9E, 0x2E, 0x68, 0x66, 0xF0, 0x38, 0x3D, 0x51, 0x4C, 0xB0, 0x1B, 0x78, 0x1B, 0x2C, 0x11,
    0x2D, 0xAC, 0x3B, 0xAB, 0x33, 0xC1, 0xD0, 0x97, 0x78, 0x7F, 0xAA, 0x8E, 0x4E, 0x4A, 0x7D, 0xF7,
    0xF0, 0xCC, 0xE7, 0x7E, 0xB7, 0x95, 0x8D, 0xED, 0xEB, 0xFF, 0x9D, 0xE1, 0xAC, 0x72, 0xF6, 0x62,
    0x3F, 0xEB, 0xDE, 0x08, 0x2B, 0xB7, 0xEE, 0x56, 0xED, 0x13, 0x37, 0x0F, 0x9F, 0x79, 0x53, 0xB6,
    0xDE, 0xA8, 0x37, 0x19, 0xFB, 0xFD, 0x37, 0x54, 0x7E, 0x70, 0xD3, 0x95, 0xCF, 0x54, 0xB2, 0x3D,
    0xD3, 0x7D, 0x86, 0x33, 0xAE, 0xCB, 0x80, 0x9F, 0x33, 0x4F, 0xBF, 0x73, 0x17, 0xB7, 0xDD, 0x18,
    0x2A, 0x63, 0x8C, 0xF9, 0x0F, 0xB5, 0xED, 0xC6, 0x48, 0xB3, 0xCF, 0xF1, 0xDA, 0xE7, 0xEA, 0x8C,
    0x6B, 0x9F, 0x8F, 0x79, 0x8F, 0xE3, 0xBC, 0xDC, 0x94, 0x42, 0x6C, 0xAB, 0x20, 0x06, 0xFE, 0xD9,
    0xD4, 0x38, 0x4C, 0x6D, 0x01, 0xC2, 0x91, 0xAB, 0x0A, 0x55, 0x13, 0x30, 0xA0, 0x31, 0xB3, 0x43,
    0x9C, 0x68, 0xBD, 0xB1, 0xF0, 0xED, 0xA0, 0x6E, 0x12, 0x09, 0x49, 0xA2, 0x8A, 0x70, 0x22, 0x51,
    0xA5, 0x3C, 0x03, 0xDE, 0xD2, 0x6A, 0x8B, 0x78, 0x6F, 0x6C, 0xCA, 0x0C, 0x36, 0xF9, 0x02, 0x05,
    0x5C, 0x93, 0xFC, 0xE1, 0x17, 0xFD, 0x27, 0xFD, 0xBB, 0x72, 0xDC, 0x72, 0x3E, 0xB2, 0x87, 0x5B,
    0xF4, 0xDE, 0x5D, 0xD7, 0x6E, 0x59, 0x93, 0x61, 0x59, 0xCF, 0x32, 0x04, 0xFA, 0x52, 0xE5, 0x2A,
    0x63, 0xB9, 0x2C, 0xAF, 0x57, 0xD0, 0x86, 0x3C, 0xA3, 0x65, 0xE9, 0xFE, 0x82, 0x53, 0xCB, 0xAA,
    0xB8, 0xAC, 0xA5, 0xF9, 0x7F, 0xCD, 0x9A, 0xBF, 0x6E, 0xDC, 0xD8, 0x15, 0xC6, 0x0F, 0x87, 0x58,
    0x13, 0xBB, 0x04, 0x44, 0x23, 0x08, 0x10, 0x63, 0xB3, 0x12, 0x53, 0xA4, 0x48, 0x61, 0x99, 0x4D,
    0x0A, 0x07, 0x90, 0x66, 0x88, 0xA4, 0x70, 0xB1, 0x40, 0xB2, 0xCD, 0xD6, 0x69, 0x52, 0xA4, 0x93,
    0x0B, 0x17, 0x2E, 0x46, 0x12, 0xAB, 0x34, 0x2E, 0xE2, 0x7D, 0x82, 0xEC, 0x23, 0xA8, 0x50, 0xE1,
    0x62, 0x64, 0x4D, 0xF6, 0x09, 0xB8, 0xBB, 0xD8, 0x7A, 0x89, 0x40, 0x5D, 0x8A, 0x70, 0x91, 0x29,
    0x68, 0x64, 0x66, 0x98, 0xEF, 0x3B, 0xE7, 0x92, 0xC3, 0x91, 0x65, 0xEF, 0xDA, 0xD2, 0xCC, 0x68,
    0x6C, 0x5E, 0x68, 0x38, 0xE4, 0xBD, 0xE7, 0xFC, 0xEE, 0xF9, 0x77, 0x2F, 0x29, 0xD2, 0x9B, 0x88,
    0x88, 0x5F, 0xA1, 0x09, 0xD9, 0x44, 0x23, 0x34, 0xFD, 0x21, 0x9A, 0x21, 0x9B, 0x6A, 0x4F, 0xC4,
    0x2B, 0xF7, 0x71, 0x45, 0x81, 0x26, 0x18, 0xF7, 0x71, 0x45, 0x86, 0x26, 0xC1, 0x3F, 0x19, 0xD4,
    0xB5, 0xC8, 0x39, 0x9B, 0x57, 0x9F, 0x1F, 0x48, 0xAF, 0x94, 0x38, 0xF5, 0x73, 0x89, 0xD2, 0x68,
    0x8C, 0x8B, 0xE2, 0x14, 0xCD, 0x00, 0x97, 0x8F, 0x0F, 0xD1, 0xF5, 0x58, 0x16, 0x1F, 0x9F, 0x5F,
    0xC2, 0x1C, 0x4D, 0x90, 0xA1, 0x89, 0xCB, 0x3D, 0xA9, 0x67, 0x4F, 0xFD, 0x57, 0x71, 0x15, 0x16,
    0xC1, 0x24, 0xCA, 0xFC, 0x32, 0x11, 0xBF, 0x1C, 0xE8, 0x90, 0x7E, 0x3E, 0x94, 0x20, 0x1F, 0xA1,
    0x97, 0x91, 0xC4, 0x38, 0x06, 0xD9, 0xA1, 0x9C, 0xA7, 0x83, 0x47, 0xDF, 0x4B, 0x52, 0xFF, 0x49,
    0x82, 0x2A, 0x5E, 0x74, 0x5B, 0x8A, 0xEA, 0xE2, 0x95, 0x8B, 0x53, 0x75, 0xCA, 0x66, 0xDC, 0x8C,
    0x19, 0xB0, 0x39, 0xE2, 0x0F, 0x27, 0x6C, 0xBE, 0x6C, 0x2E, 0x5B, 0x2B, 0x82, 0xDA, 0x89, 0xE4,
    0xBB, 0x03, 0x17, 0xC9, 0x0B, 0x13, 0x5F, 0x9E, 0xDB, 0x25, 0x37, 0x40, 0xC4, 0x2F, 0xD8, 0x46,
    0xD4, 0x7F, 0xB6, 0xC7, 0xEF, 0xFF, 0xD1, 0xEF, 0x8F, 0x08, 0xFC, 0xA1, 0xD7, 0x9D, 0x8D, 0x16,
    0x80, 0x11, 0x30, 0x04, 0xC6, 0xC0, 0x20, 0x18, 0x05, 0xC5, 0x60, 0x1C, 0x0C, 0x84, 0x91, 0x30,
    0x14, 0xC6, 0xC2, 0x60, 0x18, 0x0D, 0xC5, 0x61, 0x3C, 0x44, 0x81, 0x88, 0x12, 0x11, 0x45, 0x22,
    0xCA, 0x44, 0x5A, 0x28, 0x2A, 0x2C, 0x4E, 0xCB, 0x0C, 0xFD, 0xF6, 0xEA, 0xBB, 0x38, 0xFF, 0x0C,
    0x92, 0xEF, 0xF7, 0x96, 0xE4, 0x24, 0x15, 0x62, 0x11, 0x72, 0x11, 0x82, 0x11, 0x92, 0x11, 0xA2,
    0x11, 0xB2, 0x11, 0xC2, 0x11, 0xD2, 0x11, 0xE2, 0x11, 0xF2, 0x11, 0x02, 0x12, 0x12, 0x12, 0x22,
    0x52, 0x46, 0x0E, 0x92, 0x9A, 0x84, 0xA7, 0x9C, 0x1E, 0xCF, 0x1A, 0x44, 0x4A, 0xE8, 0x12, 0xA0,
    0x35, 0x99, 0x07, 0xE5, 0xE9, 0xD1, 0x2B, 0x4E, 0x20, 0xCD, 0xCF, 0x6A, 0x83, 0xD0, 0x65, 0x70,
    0x03, 0x66, 0x31, 0x30, 0xE3, 0xC8, 0x74, 0xA2, 0x69, 0x1C, 0x67, 0x9C, 0xC9, 0x5E, 0xAD, 0x53,
    0xFE, 0x8C, 0xA7, 0xF7, 0x6E, 0x9B, 0x71, 0x0C, 0x5A, 0x89, 0x29, 0xF0, 0xEC, 0x77, 0x4E, 0xDC,
    0x75, 0x58, 0x88, 0x7D, 0x82, 0x57, 0xDB, 0x90, 0xA8, 0x9E, 0x8A, 0x6C, 0x87, 0x6D, 0x6C, 0x51,
    0x83, 0xA9, 0x1B, 0x6A, 0x7B, 0x1B, 0x31, 0x98, 0x56, 0x3A, 0x0A, 0xB7, 0xDB, 0xC8, 0x36, 0x33,
    0x40, 0x37, 0x6F, 0x3C, 0xBF, 0x61, 0x33, 0x57, 0x47, 0x49, 0xE9, 0x28, 0x63, 0xEA, 0x5D, 0x6C,
    0x4A, 0xEF, 0x2B, 0x53, 0x89, 0x9C, 0x61, 0x08, 0xF4, 0x11, 0x7C, 0x9F, 0x4A, 0x0C, 0x01, 0xBB,
    0xF2, 0xAD, 0x26, 0xCD, 0x68, 0xE8, 0x0A, 0x39, 0xF6, 0x03, 0x1C, 0xF7, 0x7F, 0x85, 0xB3, 0x71,
    0xAF, 0xA0, 0xBD, 0xD0, 0x9B, 0xE7, 0xB2, 0x11, 0x3C, 0x14, 0x8A, 0xCE, 0x72, 0x9F, 0xFF, 0x71,
    0xED, 0xA3, 0x5C, 0xE5, 0xE9, 0x8A, 0x73, 0x6D, 0x1A, 0x7E, 0xEE, 0x60, 0x88, 0x3C, 0xA5, 0xE6,
    0x3F, 0x57, 0xCD, 0xF3, 0xCD, 0x6A, 0xAE, 0x42, 0x51, 0xA6, 0x87, 0xA6, 0xF9, 0x4E, 0x6F, 0x05,
    0x9A, 0x5B, 0x05, 0x11, 0x30, 0x7A, 0x86, 0xFC, 0x8B, 0xE1, 0xEE, 0x93, 0xBB, 0xA8, 0x28, 0x76,
    0x36, 0x3E, 0xF1, 0x47, 0x4E, 0xB0, 0xD0, 0x21, 0xB8, 0xBB, 0xA2, 0xC9, 0xB7, 0xC8, 0x53, 0x35,
    0x71, 0xF1, 0xFE, 0x2F, 0x9B, 0xB8, 0x78, 0x8F, 0x45, 0xD5, 0x82, 0x83, 0xBF, 0x21, 0x0E, 0x2A,
    0xDD, 0xAE, 0x0A, 0xD7, 0xC8, 0xB6, 0x32, 0x47, 0xD8, 0x66, 0x31, 0x19, 0xFD, 0x7E, 0xD3, 0x53,
    0xFF, 0xA6, 0x90, 0xB8, 0x0D, 0xBD, 0x29, 0xDD, 0x6A, 0x6C, 0x60, 0x39, 0x1C, 0x9E, 0x83, 0x37,
    0x0F, 0x6A, 0xEA, 0xCE, 0x41, 0x6C, 0x26, 0x5F, 0x0D, 0x49, 0xF4, 0xCE, 0xA0, 0xAE, 0xB3, 0xB0,
    0xAE, 0xA9, 0x84, 0x56, 0x7C, 0xAC, 0x50, 0x63, 0xAD, 0x11, 0x2C, 0xD3, 0xB3, 0x5E, 0x80, 0x46,
    0x72, 0xEC, 0xBA, 0x6A, 0x3F, 0xEC, 0xAF, 0x72, 0xDE, 0x8D, 0xE4, 0x2E, 0xE0, 0xE2, 0x57, 0x49,
    0x16, 0xE6, 0x51, 0x06, 0x24, 0x19, 0x89, 0xF5, 0xEF, 0xCC, 0x71, 0xDF, 0x44, 0x8E, 0xE7, 0xA9,
    0x90, 0x33, 0x8F, 0xA1, 0xEB, 0x73, 0xF0, 0x7C, 0xA8, 0xE6, 0xD0, 0xAB, 0x9F, 0xBF, 0x2E, 0x7B,
    0x9B, 0x24, 0x8E, 0x21, 0xD1, 0x31, 0xBE, 0xD1, 0x80, 0x19, 0xCB, 0x12, 0xE6, 0x76, 0x9C, 0xFF,
    0xAD, 0xFD, 0xBC, 0x2A, 0xFD, 0xFC, 0x59, 0x53, 0x4C, 0xB8, 0x03, 0x7E, 0xEC, 0x61, 0x00, 0xA6,
    0x6F, 0x2F, 0x73, 0xF3, 0x75, 0x4D, 0x9D, 0x7B, 0x93, 0x2D, 0x89, 0xE6, 0xBB, 0xB2, 0x93, 0xC0,
    0x27, 0xFC, 0xC5, 0x1A, 0x69, 0x15, 0x3A, 0x25, 0xF9, 0x09, 0xFE, 0x28, 0xA4, 0x38, 0xCF, 0x16,
    0xF6, 0x76, 0xED, 0x39, 0xF3, 0x26, 0x2E, 0xED, 0x0C, 0xFE, 0x88, 0x3F, 0xFE, 0xC7, 0xF0, 0xF2,
    0x15, 0xBE, 0x6D, 0xC9, 0xE3, 0xAE, 0xC3, 0xA9, 0x00, 0xDA, 0x54, 0xCE, 0x6C, 0xCC, 0x36, 0xA9,
    0x94, 0x6A, 0x65, 0x29, 0x5B, 0x33, 0x05, 0x15, 0x13, 0x6A, 0xC6, 0x5A, 0xD0, 0x74, 0xB3, 0x25,
    0x93, 0xDA, 0x77, 0xD2, 0x56, 0x9F, 0x14, 0x46, 0x35, 0x54, 0x15, 0xDB, 0x79, 0xD3, 0x9B, 0x90,
    0xF6, 0x7B, 0x15, 0xD6, 0x6F, 0xE1, 0x14, 0x37, 0x26, 0x3B, 0x38, 0x73, 0xAA, 0xA9, 0x61, 0x49,
    0x71, 0x6A, 0xAE, 0xAA, 0x0B, 0x75, 0xA7, 0x0F, 0x67, 0xE6, 0xE3, 0x54, 0x5F, 0xF5, 0x57, 0x00,
    0xAA, 0xBD, 0x35, 0xC3, 0x76, 0x5C, 0x52, 0xB0, 0x30, 0xAB, 0x1C, 0x54, 0x99, 0x53, 0x06, 0xB4,
    0x41, 0xAA, 0x14, 0x08, 0xA1, 0xCB, 0xE0, 0x5D, 0x26, 0xF4, 0xBB, 0xCF, 0x7F, 0xD2, 0x84, 0x46,
    0x2E, 0x98, 0x78, 0x5F, 0xA1, 0xD3, 0x4F, 0xA7, 0xA6, 0x67, 0x57, 0xCD, 0xCB, 0x93, 0x9B, 0xBD,
    0xF3, 0xE4, 0x2A, 0x4B, 0xE1, 0xCC, 0xD0, 0xEF, 0x06, 0x5B, 0xCD, 0x22, 0xF9, 0x1B, 0x9D, 0xE1,
    0x93, 0x0D, 0xCD, 0xF0, 0xCC, 0xF9, 0xE3, 0x0E, 0xE6, 0xF8, 0x14, 0x53, 0xFC, 0xE3, 0x9A, 0xBF,
    0x57, 0x28, 0xF2, 0xE6, 0x21, 0x03, 0x00, 0xAB, 0xF6, 0x3B, 0x6D, 0xC8, 0x1B, 0xA4, 0xB7, 0x83,
    0x01, 0x2E, 0xBE, 0x78, 0x88, 0x64, 0x54, 0xCA, 0x93, 0x24, 0xB7, 0x9C, 0x56, 0xC9, 0x6A, 0x58,
    0x7C, 0xCC, 0xB1, 0x53, 0xF1, 0x60, 0xD5, 0xC1, 0x37, 0x05, 0xE4, 0x3B, 0x5D, 0x69, 0x98, 0xBA,
    0x2A, 0xB5, 0xF0, 0x8F, 0x00, 0xBF, 0x45, 0x2F, 0x51, 0xD8, 0x61, 0xEA, 0x27, 0x41, 0x76, 0xB3,
    0x73, 0x7D, 0x45, 0xDA, 0xF1, 0xE6, 0x5C, 0xB5, 0xA4, 0xB6, 0x8E, 0x60, 0xDD, 0x7E, 0x66, 0xAE,
    0xE0, 0xE5, 0x2E, 0x2B, 0xC1, 0x30, 0x92, 0x99, 0x6D, 0x5F, 0x31, 0xD5, 0x5F, 0xA5, 0x60, 0xDF,
    0x1D, 0xFB, 0x6E, 0x70, 0x0A, 0xD1, 0xB0, 0x9A, 0x18, 0x2B, 0x1E, 0xC9, 0xDC, 0xBA, 0x73, 0xC9,
    0x0E, 0xB9, 0x0E, 0x52, 0xC0, 0xE3, 0x60, 0x6C, 0xA8, 0x17, 0x7F, 0xAD, 0xE7, 0x2B, 0xDE, 0x05,
    0xC0, 0xB8, 0x1E, 0x78, 0x41, 0x17, 0x70, 0x31, 0x74, 0xA8, 0x4B, 0x74, 0x5B, 0xA5, 0xC7, 0x3A,
    0x68, 0xDF, 0x86, 0x5B, 0x91, 0x78, 0xE2, 0x16, 0x56, 0xDA, 0x5D, 0x6A, 0x5F, 0x58, 0xFA, 0x34,
    0xF6, 0x66, 0xA3, 0x0F, 0xB5, 0xAF, 0xE9, 0xB2, 0xD4, 0x05, 0xFF, 0x07, 0x5D, 0xA9, 0x9B, 0x9B,
    0x1E, 0xA8, 0x29, 0x50, 0x0A, 0x0F, 0xF9, 0x09, 0xD5, 0xCC, 0x8C, 0x9B, 0x84, 0xE7, 0x29, 0x4C,
    0x3A, 0x1A, 0x87, 0xB8, 0xA9, 0xC0, 0x10, 0xA8, 0x84, 0x52, 0x2D, 0x85, 0xD0, 0xD9, 0x11, 0x9B,
    0x33, 0x36, 0x23, 0x5A, 0xDB, 0xD4, 0x35, 0x41, 0x31, 0x65, 0x91, 0x45, 0x43, 0x41, 0x79, 0x84,
    0x3A, 0x01, 0xD7, 0x1D, 0x83, 0xA2, 0x87, 0x60, 0x79, 0x11, 0x4F, 0x68, 0x8B, 0x10, 0xFB, 0xE0,
    0xD5, 0x52, 0x2D, 0x18, 0xB7, 0xAE, 0xB6, 0xB3, 0x30, 0xA7, 0xD4, 0xAF, 0xE2, 0x71, 0x94, 0xFB,
    0x05, 0xAA, 0x3B, 0x0C, 0xD9, 0x2B, 0xFB, 0x38, 0x0E, 0x71, 0x0C, 0x31, 0xD2, 0x08, 0x8A, 0x8C,
    0xA0, 0x06, 0x8C, 0x08, 0xB5, 0x61, 0x92, 0x26, 0x5F, 0xCC, 0x61, 0x4E, 0x15, 0x84, 0x5F, 0x58,
    0xA5, 0x6E, 0x1E, 0x4E, 0x5D, 0x52, 0x90, 0x90, 0xA1, 0x20, 0x9C, 0x36, 0xEB, 0x12, 0xAD, 0x5E,
    0xB4, 0x06, 0x55, 0x3B, 0x0E, 0x9B, 0x7B, 0xD6, 0xA6, 0xBD, 0xD9, 0x76, 0xF6, 0x9A, 0x6D, 0x4B,
    0xDE, 0xF5, 0xA9, 0x6B, 0x41, 0xF8, 0xB8, 0x31, 0x07, 0xE9, 0x3D, 0xA7, 0xA6, 0xD1, 0x7F, 0xD9,
    0x77, 0xDF, 0x02, 0xE3, 0x2E, 0x65, 0x48, 0x3F, 0xB8, 0xB4, 0xA5, 0xA5, 0xEA, 0x9B, 0xFE, 0x0A,
    0x40, 0x94, 0x80, 0x28, 0x02, 0x51, 0x06, 0xA2, 0x10, 0x44, 0x29, 0x88, 0x62, 0x10, 0xE5, 0x20,
    0x0A, 0x42, 0xA6, 0x4D, 0x8B, 0xEB, 0x95, 0x85, 0x28, 0x0C, 0x51, 0x1A, 0xA2, 0x38, 0x8C, 0x87,
    0x01, 0x71, 0x44, 0x5A, 0x83, 0xD0, 0x82, 0x1D, 0xE6, 0xE0, 0x4D, 0xB1, 0x76, 0x0E, 0x66, 0x9F,
    0xE1, 0x0B, 0x8D, 0xE3, 0xA9, 0x9F, 0x5D, 0x51, 0x39, 0x40, 0x10, 0xD0, 0x11, 0xE2, 0xE1, 0x12,
    0x80, 0x42, 0x41, 0x0E, 0x12, 0x12, 0x22, 0x12, 0x32, 0x12, 0x42, 0x12, 0x52, 0x12, 0x62, 0x12,
    0x72, 0x12, 0x82, 0x52, 0x52, 0x0E, 0xD5, 0x3D, 0xE7, 0x01, 0x38, 0xD9, 0x43, 0x38, 0xF2, 0xFF,
    0x5E, 0x36, 0x9C, 0x88, 0xE9, 0x12, 0xA5, 0x75, 0x59, 0x08, 0x5D, 0x93, 0x4B, 0x16, 0xEF, 0x6B,
    0x5C, 0xFC, 0x8B, 0x99, 0x91, 0xE8, 0x82, 0xB8, 0xBE, 0x85, 0xD8, 0x06, 0xE6, 0x7D, 0xE7, 0x0E,
    0xBD, 0x2F, 0xA0, 0x76, 0xF4, 0x03, 0x7E, 0x19, 0xF0, 0xFC, 0x0B, 0x9E, 0xCA, 0xB7, 0x36, 0xA1,
    0x3A, 0x3E, 0x2F, 0xA5, 0xF1, 0x4A, 0xB5, 0x86, 0x27, 0xB4, 0x06, 0x59, 0x8F, 0x35, 0xE0, 0x44,
    0xC9, 0xBC, 0x0A, 0x67, 0x29, 0xCE, 0x9B, 0xF8, 0xA8, 0x9B, 0x88, 0x34, 0x58, 0x5D, 0x9F, 0x7A,
    0xC5, 0xCE, 0x86, 0xB8, 0x30, 0x90, 0xED, 0x61, 0xAC, 0x89, 0x3C, 0x8C, 0x2D, 0x4D, 0xD2, 0x97,
    0x82, 0x55, 0x98, 0x47, 0x50, 0x34, 0x2A, 0x1F, 0x52, 0xE5, 0xF2, 0xC1, 0xC6, 0x5C, 0xE1, 0xCD,
    0xA9, 0x42, 0xFE, 0x82, 0x6E, 0xD9, 0x0D, 0xA6, 0x30, 0x81, 0xC7, 0x9C, 0xFA, 0xE3, 0x1B, 0xF4,
    0x8F, 0x2B, 0xD2, 0x88, 0x19, 0xA6, 0x56, 0x45, 0xDD, 0x47, 0x49, 0xF2, 0xE1, 0xE5, 0xCD, 0x0D,
    0xB0, 0x61, 0xB0, 0xAC, 0xE7, 0x48, 0xB7, 0xA0, 0xF3, 0x8F, 0x8C, 0x78, 0x66, 0x6B, 0x8B, 0xA4,
    0x77, 0xB2, 0x66, 0xED, 0x30, 0x70, 0xA5, 0x0B, 0xD6, 0xEE, 0xDE, 0x97, 0x9D, 0x4A, 0x38, 0xAE,
    0x28, 0x59, 0xFD, 0x67, 0x02, 0xAA, 0xDE, 0xD9, 0x6D, 0xE8, 0x25, 0x33, 0xBA, 0xCD, 0xA4, 0x75,
    0x1B, 0x2B, 0x1C, 0xB5, 0x4E, 0xB6, 0xE2, 0xD9, 0x1E, 0xA4, 0xC0, 0x68, 0x6E, 0x15, 0x9A, 0x8F,
    0xD2, 0x86, 0x8C, 0x2E, 0x02, 0x6C, 0xBB, 0xFA, 0x74, 0xB5, 0x68, 0xB4, 0xF8, 0x70, 0xD5, 0x87,
    0x95, 0x1F, 0x5A, 0x7F, 0xB8, 0x00, 0x6C, 0x95, 0x74, 0x78, 0x5B, 0x00, 0xB1, 0x32, 0x71, 0x82,
    0x87, 0x59, 0xFB, 0x38, 0xAC, 0x59, 0x85, 0x4A, 0x6E, 0x3B, 0x77, 0x4A, 0xA9, 0x20, 0xA5, 0x31,
    0x28, 0xCD, 0x49, 0xA9, 0xFC, 0x71, 0x4A, 0xF9, 0xDB, 0xE2, 0xEE, 0x94, 0xD1, 0xCB, 0xAF, 0xF9,
    0xFC, 0x2A, 0x78, 0xA6, 0x8F, 0xB2, 0xCC, 0xCF, 0x6E, 0x8D, 0xE9, 0xC4, 0x17, 0xA7, 0x2C, 0xC3,
    0x61, 0x25, 0xE5, 0xC1, 0x22, 0x81, 0x76, 0x0C, 0x26, 0x03, 0x8A, 0xD9, 0x4F, 0x44, 0xF1, 0xD6,
    0x14, 0x74, 0x1B, 0x42, 0x48, 0xE7, 0x63, 0x26, 0x7B, 0xB4, 0x30, 0x5C, 0x5A, 0xC8, 0x4A, 0x3D,
    0xA6, 0xBB, 0x26, 0x34, 0xCC, 0x9E, 0x1B, 0xAA, 0x57, 0xEA, 0x32, 0x06, 0xCE, 0xEB, 0x17, 0xE8,
    0x23, 0xC8, 0x51, 0x33, 0x06, 0x63, 0x16, 0xA9, 0x63, 0x5D, 0x86, 0x71, 0x03, 0x38, 0x8D, 0xF9,
    0xFA, 0x00, 0xFB, 0x65, 0xF9, 0x3B, 0xA0, 0xFC, 0x7D, 0xAE, 0x88, 0xF6, 0xA9, 0xFA, 0x90, 0xCD,
    0x88, 0x4D, 0x85, 0x46, 0xC1, 0x81, 0xCF, 0xE0, 0xBB, 0x63, 0x14, 0x0F, 0xDC, 0x6A, 0xF0, 0xEA,
    0x8B, 0x25, 0x09, 0xF6, 0xA4, 0xB1, 0xFF, 0xA1, 0x05, 0x8D, 0x11, 0x86, 0xAD, 0x30, 0x6A, 0x85,
    0x41, 0x27, 0x51, 0xE6, 0x95, 0x51, 0xDA, 0x2B, 0x63, 0x88, 0x93, 0xE0, 0xD7, 0x01, 0x24, 0xEA,
    0x43, 0xAF, 0x7D, 0x1C, 0xC3, 0x4B, 0xFB, 0xC3, 0xE1, 0x55, 0xFB, 0xC3, 0xEA, 0x54, 0x31, 0x43,
    0x51, 0x32, 0x69, 0xB6, 0x2C, 0x34, 0xD7, 0xE8, 0x56, 0xB5, 0x66, 0xB9, 0x4F, 0x9A, 0x1D, 0xEC,
    0xF5, 0x6A, 0xCF, 0x95, 0x77, 0xF7, 0x85, 0x8C, 0xA4, 0xF3, 0x42, 0xC6, 0x67, 0x26, 0xD0, 0xF5,
    0x61, 0x9C, 0x5D, 0x9D, 0x4F, 0xEF, 0x2D, 0x1B, 0xE0, 0x48, 0x55, 0x9F, 0x52, 0xF7, 0x7F, 0x4D,
    0xA8, 0xFC, 0xBF, 0x55, 0xFB, 0x3A, 0xC5, 0xC8, 0xE1, 0x85, 0x2E, 0x51, 0x3A, 0xAB, 0x70, 0xB6,
    0xFA, 0xFE, 0x48, 0xD2, 0x2C, 0xC7, 0x6D, 0x6D, 0xDB, 0xD7, 0xF4, 0xB4, 0x2F, 0xC6, 0xC1, 0x40,
    0x18, 0x09, 0xA2, 0x98, 0x88, 0xB1, 0x30, 0x18, 0x46, 0x43, 0xBC, 0x73, 0xC3, 0x11, 0x94, 0x8B,
    0xCD, 0xB8, 0xBE, 0xB4, 0xF3, 0x24, 0xF6, 0x9A, 0x0A, 0x07, 0x20, 0x8B, 0x23, 0x5A, 0xF5, 0x7C,
    0x4A, 0x61, 0x6A, 0x75, 0x51, 0xBA, 0x75, 0x46, 0xCB, 0x25, 0x15, 0x56, 0x2F, 0xD4, 0x31, 0xD1,
    0x96, 0x6C, 0xD8, 0x17, 0xFB, 0xDC, 0xD7, 0x96, 0x84, 0xC4, 0x1E, 0xB8, 0xDB, 0x13, 0x77, 0x7B,
    0xE4, 0xDE, 0x9A, 0x8D, 0xA5, 0x8F, 0xA1, 0xB4, 0xAB, 0x15, 0xC7, 0x6A, 0x39, 0xC1, 0x6E, 0x9C,
    0x55, 0xE7, 0xD5, 0x95, 0xE6, 0x61, 0xF0, 0x0B, 0xE7, 0x48, 0x1F, 0x59, 0x71, 0xD0, 0x21, 0x76,
    0xA8, 0xC4, 0x2A, 0x25, 0x96, 0x53, 0xB6, 0x57, 0x6F, 0x20, 0x96, 0xBF, 0x0F, 0x31, 0x75, 0x2B,
    0xAB, 0x61, 0x1B, 0x21, 0xB4, 0x8A, 0x0B, 0xCC, 0xD2, 0xF4, 0xC4, 0xF6, 0xAD, 0xB1, 0xB1, 0xCE,
    0xAB, 0x59, 0xF6, 0x6E, 0x96, 0x3D, 0xB2, 0x72, 0xAD, 0x51, 0x33, 0x25, 0x4E, 0xE4, 0x03, 0xF5,
    0xC1, 0xB5, 0x91, 0xF4, 0x2A, 0x9F, 0xCB, 0x51, 0x3B, 0xF5, 0x29, 0x0B, 0x84, 0xAD, 0xE5, 0xDC,
    0xBC, 0x71, 0x7A, 0xD1, 0xC5, 0x50, 0xDF, 0xA5, 0xE1, 0x5C, 0x3F, 0x39, 0x70, 0x9B, 0x28, 0xC9,
    0x6B, 0xBE, 0x59, 0x2D, 0x7C, 0x73, 0x76, 0x93, 0xBE, 0x79, 0x7B, 0xEC, 0xA7, 0x93, 0xA4, 0xCF,
    0x3A, 0x01, 0x83, 0x95, 0xEF, 0x9A, 0xBD, 0x4F, 0x96, 0x76, 0x92, 0x9B, 0x28, 0x6F, 0xAF, 0x46,
    0xA8, 0x30, 0xDC, 0x0C, 0xE5, 0xE6, 0x28, 0x9F, 0x2A, 0x76, 0xB6, 0xF1, 0xA9, 0x7C, 0x1F, 0x57,
    0xF3, 0xB1, 0x6B, 0xCC, 0xC4, 0x96, 0xC6, 0x29, 0x9F, 0xE9, 0x86, 0x58, 0x26, 0x06, 0xFF, 0x9C,
    0x88, 0xFF, 0x6D, 0x09, 0xB8, 0x63, 0xE9, 0xC1, 0x55, 0xF8, 0x52, 0x8B, 0x06, 0xC6, 0xCB, 0xFB,
    0xDF, 0x85, 0x1D, 0x94, 0xD9, 0x02, 0xD2, 0x5F, 0xDB, 0xD5, 0x49, 0xD2, 0x86, 0x4E, 0x7F, 0xE9,
    0xED, 0xA4, 0x11, 0x13, 0xEC, 0x90, 0x97, 0xEF, 0x53, 0xB4, 0x7D, 0x9B, 0x97, 0x3E, 0x1B, 0x56,
    0x4C, 0x1C, 0x22, 0x56, 0x2A, 0xC4, 0x11, 0xE9, 0x8E, 0x2E, 0x7B, 0x89, 0x0E, 0xD8, 0xDD, 0x61,
    0x53, 0xE0, 0x07, 0x93, 0x26, 0xC0, 0x04, 0xED, 0x53, 0x85, 0xA4, 0x29, 0x9F, 0x58, 0x6B, 0xC9,
    0xB9, 0x3E, 0x12, 0xCE, 0x56, 0xA6, 0xA9, 0xB4, 0xB9, 0x21, 0xCE, 0x5C, 0x94, 0x73, 0xAA, 0x05,
    0x6F, 0x51, 0x2D, 0x79, 0x4F, 0xD5, 0xB8, 0x46, 0x38, 0x82, 0x39, 0x78, 0x53, 0xDC, 0xB1, 0x50,
    0x4D, 0x9A, 0x77, 0xE3, 0x82, 0xB9, 0x2B, 0x63, 0x76, 0xED, 0x01, 0x89, 0x56, 0x13, 0xE9, 0x0A,
    0x27, 0xDA, 0xB4, 0xD7, 0x0D, 0xCF, 0x69, 0xEB, 0x0B, 0x7C, 0x15, 0x27, 0x2C, 0x9A, 0xA0, 0xFF,
    0xE1, 0xE6, 0xA6, 0x1C, 0x73, 0xF2, 0x58, 0x8E, 0x27, 0xA5, 0xFC, 0x00, 0x8F, 0xCB, 0x93, 0x74,
    0xB5, 0x46, 0xFF, 0xF2, 0x0F, 0x63, 0x3E, 0x3F, 0x4B, 0x25, 0xF8, 0xDB, 0x6C, 0xB3, 0xA6, 0xFE,
    0x7F, 0xB5, 0x57, 0xBF, 0x8F, 0xDD, 0xC6, 0x11, 0x1E, 0x72, 0x2D, 0x51, 0x10, 0x21, 0xAF, 0x0A,
    0x35, 0x41, 0x6C, 0x31, 0x85, 0x8B, 0x14, 0x77, 0x8F, 0x8D, 0x8B, 0x2B, 0x1E, 0x8F, 0x2B, 0x5D,
    0x61, 0x20, 0x4D, 0x54, 0xA4, 0x0E, 0xD2, 0xA6, 0xF2, 0x15, 0x57, 0xA8, 0xA0, 0x8F, 0xB4, 0xAF,
    0x48, 0xE1, 0x46, 0x45, 0xFE, 0x00, 0xA5, 0x4C, 0x77, 0xC5, 0x15, 0xAF, 0x78, 0x77, 0x6F, 0x25,
    0x15, 0x2A, 0x5C, 0x78, 0xED, 0x14, 0x29, 0x0C, 0x04, 0x34, 0xEC, 0x2E, 0x01, 0xBC, 0x0A, 0x88,
    0x84, 0x96, 0xF8, 0xC8, 0x7C, 0xB3, 0xCB, 0xA7, 0x77, 0x67, 0x9D, 0xAC, 0x17, 0x18, 0xE6, 0x72,
    0x96, 0xBF, 0x66, 0x67, 0x67, 0x66, 0x67, 0xBE, 0x59, 0x12, 0x05, 0x9A, 0xF6, 0x17, 0xDD, 0xC3,
    0x83, 0xBF, 0x98, 0x87, 0xEA, 0x21, 0xBD, 0xA9, 0xDD, 0x23, 0x22, 0xA1, 0x6E, 0x50, 0xDE, 0xBF,
    0x7B, 0x3D, 0xFA, 0x4D, 0x70, 0x9D, 0xDE, 0xDC, 0xAE, 0x60, 0x48, 0x3E, 0xF0, 0x79, 0xFE, 0x06,
    0x97, 0xC1, 0x32, 0x8D, 0xF7, 0x1A, 0x54, 0x11, 0xAD, 0x3E, 0xE1, 0xE8, 0xFC, 0xA5, 0xBD, 0xF4,
    0xE5, 0x89, 0xD0, 0x3F, 0xC7, 0xC9, 0x4A, 0x9C, 0x53, 0x84, 0x16, 0xC3, 0x40, 0xC3, 0xD0, 0x13,
    0x9D, 0x04, 0x56, 0x98, 0x58, 0xCB, 0x2A, 0xA5, 0x9C, 0xC2, 0x46, 0xD8, 0x88, 0x9F, 0xD4, 0x84,
    0xA6, 0x14, 0x5A, 0x61, 0x63, 0x23, 0xAB, 0x84, 0x32, 0x3C, 0xCD, 0xE7, 0xF3, 0x62, 0x3A, 0xDD,
    0xA2, 0x93, 0xDB, 0x81, 0x9D, 0x0A, 0x33, 0x8F, 0x75, 0x23, 0x8F, 0x6C, 0x1A, 0xD5, 0xB9, 0xD4,
    0x61, 0x93, 0x0B, 0x7B, 0x1A, 0x99, 0x2E, 0x7E, 0xD4, 0xC8, 0xBD, 0x7A, 0x22, 0xF4, 0x34, 0x56,
    0xA1, 0x3D, 0x14, 0xB6, 0x8B, 0x4D, 0x2B, 0x3F, 0xB1, 0x89, 0x30, 0x59, 0xA4, 0xA7, 0x92, 0xBA,
    0x9C, 0xE6, 0x29, 0x9F, 0x45, 0x42, 0x78, 0xC4, 0xB9, 0x15, 0xC3, 0x05, 0xEE, 0xCC, 0x08, 0xD3,
    0xE0, 0xBC, 0x75, 0xFF, 0x77, 0x8B, 0xA1, 0xED, 0x9F, 0x37, 0x04, 0x1F, 0xD6, 0x14, 0x18, 0x0A,
    0x0D, 0x09, 0xCD, 0x67, 0xA4, 0x29, 0xAE, 0x48, 0x2A, 0x3E, 0xD3, 0xD5, 0xB8, 0x43, 0x36, 0xE8,
    0x14, 0x34, 0x07, 0xB1, 0x57, 0xAD, 0xA3, 0xB0, 0x7F, 0x61, 0x05, 0xD6, 0x21, 0xB8, 0xAB, 0xEF,
    0xF1, 0x58, 0x1E, 0x4C, 0x31, 0x48, 0x32, 0x29, 0x10, 0xD1, 0x5B, 0x6F, 0x5F, 0xA1, 0x14, 0xAE,
    0xC8, 0xFB, 0xDE, 0x4D, 0xEE, 0xA8, 0x00, 0x75, 0x5E, 0x54, 0x5C, 0xE7, 0x1D, 0xDA, 0x32, 0xEF,
    0xD2, 0x2E, 0xAE, 0xF1, 0xEE, 0xBA, 0x1B, 0x2E, 0x1B, 0x4A, 0x7A, 0x4A, 0x06, 0x9D, 0xF6, 0x94,
    0x1B, 0xDA, 0x71, 0x2E, 0xCD, 0xFA, 0x9E, 0xED, 0x2A, 0xA9, 0x2F, 0x69, 0x99, 0xD1, 0x2C, 0x85,
    0x41, 0x73, 0x3C, 0x05, 0x9D, 0xEB, 0xF0, 0x40, 0x4D, 0xA2, 0xF2, 0x2A, 0x57, 0x29, 0x21, 0x2E,
    0x69, 0xB3, 0x76, 0x0F, 0xBA, 0xD1, 0xF5, 0x0D, 0xDB, 0x95, 0x72, 0xB9, 0x6E, 0x61, 0xF5, 0xE6,
    0x56, 0x2E, 0xF7, 0xC9, 0xB7, 0xCD, 0xF8, 0x09, 0x7C, 0x74, 0xC3, 0xB7, 0x4D, 0x47, 0x04, 0x70,
    0xED, 0x0C, 0xFE, 0x89, 0x86, 0x2A, 0xE0, 0x95, 0x91, 0x7F, 0xD2, 0xBC, 0x1A, 0x34, 0x11, 0x86,
    0x57, 0x81, 0x10, 0x4C, 0x13, 0xF6, 0x5F, 0x21, 0x34, 0x7B, 0x9E, 0xEE, 0x0B, 0xDD, 0xF0, 0x75,
    0x16, 0x3D, 0x61, 0x8F, 0xD3, 0x49, 0xFC, 0xE9, 0xD3, 0x96, 0x16, 0x34, 0x93, 0x49, 0xBA, 0x14,
    0x83, 0x2E, 0x0E, 0xB3, 0x22, 0x95, 0x47, 0x26, 0xEF, 0x66, 0x8D, 0x4C, 0xC2, 0x5A, 0x7E, 0xFD,
    0xCC, 0xCA, 0x2C, 0xAC, 0x49, 0x3C, 0xAE, 0xE5, 0x14, 0xA1, 0x22, 0xF7, 0xCC, 0x6D, 0x08, 0xC5,
    0x04, 0x7A, 0x1B, 0x42, 0x59, 0xF0, 0xF4, 0x3E, 0x16, 0x1F, 0x81, 0x5E, 0x14, 0x52, 0x09, 0x13,
    0x7E, 0xDD, 0x64, 0x29, 0x02, 0x29, 0x18, 0xB0, 0xBC, 0x94, 0xC0, 0x28, 0x85, 0xC5, 0x5D, 0xE9,
    0xB9, 0xD6, 0x74, 0xAD, 0xEB, 0x5A, 0xDB, 0xB5, 0xBE, 0x6B, 0x8D, 0xD7, 0x3A, 0xAF, 0xB5, 0x5E,
    0xEB, 0x9D, 0xD4, 0x2B, 0xCD, 0x17, 0xED, 0xA8, 0xFB, 0x17, 0xB6, 0x18, 0xB5, 0xFF, 0xC6, 0x4C,
    0x47, 0xFD, 0xBF, 0xD1, 0xD3, 0xD1, 0x82, 0xBF, 0x57, 0xD3, 0xD1, 0x86, 0xAF, 0x54, 0x31, 0x5A,
    0xF1, 0xB9, 0x9A, 0x8D, 0x76, 0x7C, 0xAE, 0x9A, 0xD1, 0x92, 0xDF, 0xDE, 0xB1, 0xA3, 0x2D, 0xF1,
    0x53, 0x33, 0x5A, 0x03, 0xD5, 0x47, 0x7B, 0x82, 0x25, 0x27, 0x44, 0x8B, 0x24, 0xD6, 0x71, 0x25,
    0x69, 0x9B, 0x6E, 0x11, 0xE7, 0x1D, 0xB5, 0xBB, 0x14, 0xD8, 0x39, 0x09, 0xD3, 0x50, 0xF4, 0x71,
    0x4D, 0x12, 0xF6, 0xDD, 0x8E, 0x14, 0x67, 0x22, 0x7F, 0x47, 0x7E, 0xB4, 0xBB, 0x52, 0x81, 0x23,
    0x65, 0x96, 0x29, 0xF3, 0xCC, 0x98, 0xC9, 0x82, 0xEB, 0x8E, 0x01, 0x1B, 0xF8, 0x33, 0x9A, 0xC0,
    0x6B, 0x12, 0x2D, 0x56, 0x51, 0x25, 0x2A, 0x38, 0x73, 0x22, 0x29, 0x91, 0x4A, 0xC6, 0x4A, 0x46,
    0x55, 0xBC, 0xA7, 0xA3, 0x23, 0x2D, 0x3E, 0xD1, 0x59, 0x0A, 0x20, 0x91, 0x71, 0x95, 0xC8, 0x0F,
    0xB4, 0xC4, 0x5B, 0x89, 0xD7, 0xF1, 0xDE, 0x63, 0x13, 0x1D, 0x3D, 0xAA, 0xF1, 0x19, 0x2E, 0x27,
    0x4E, 0xE7, 0x04, 0x12, 0x35, 0x1D, 0x9B, 0xC0, 0xD4, 0xA2, 0x3A, 0x96, 0xB4, 0xBF, 0x4D, 0xEF,
    0xEF, 0x20, 0x13, 0x6F, 0xD2, 0x3C, 0x04, 0x00, 0xA5, 0xEA, 0x0C, 0x86, 0x64, 0xC8, 0x77, 0xA9,
    0x62, 0xB7, 0x1C, 0x21, 0x46, 0x09, 0x2D, 0x6A, 0x2C, 0x52, 0x4B, 0xF3, 0xA0, 0x89, 0x4C, 0xA2,
    0x32, 0x3A, 0x80, 0x01, 0x6F, 0x71, 0x62, 0xE3, 0x3E, 0xA9, 0x78, 0xB9, 0xD0, 0x70, 0x25, 0xDA,
    0x25, 0x6A, 0x5C, 0x3A, 0x67, 0x24, 0x6A, 0xCE, 0x7D, 0x89, 0xB0, 0x14, 0x66, 0x97, 0x57, 0xA9,
    0x71, 0xAF, 0xF3, 0x5A, 0xD4, 0x67, 0x50, 0x44, 0xD8, 0x8C, 0x4A, 0xDC, 0x53, 0xC0, 0xEF, 0x47,
    0x1E, 0xCF, 0xEF, 0xC7, 0x3A, 0x39, 0x5E, 0xA6, 0x97, 0xBF, 0xCB, 0x73, 0x69, 0x3F, 0x2F, 0xE5,
    0x41, 0x4B, 0x87, 0x61, 0x43, 0xA7, 0xC2, 0xD2, 0x1C, 0xD4, 0x61, 0x48, 0x1B, 0x19, 0x68, 0xA8,
    0x03, 0x1B, 0xEB, 0xD0, 0x42, 0x9F, 0x9A, 0x23, 0x50, 0x02, 0x90, 0x12, 0x00, 0xD2, 0x04, 0x96,
    0x6C, 0xD3, 0x55, 0xF5, 0xEB, 0x15, 0x2E, 0xC3, 0xCA, 0x19, 0x95, 0x41, 0x47, 0x65, 0xD8, 0x51,
    0x16, 0x34, 0x74, 0x95, 0x71, 0xBB, 0x99, 0x7C, 0xDF, 0x05, 0x0D, 0xBC, 0x51, 0xE0, 0x14, 0x75,
    0x27, 0xBE, 0x6C, 0xC4, 0x67, 0x75, 0x34, 0xA8, 0xB8, 0x23, 0x59, 0x3B, 0x44, 0x72, 0xD0, 0xE4,
    0x0F, 0xE8, 0xBC, 0x70, 0xE7, 0x18, 0x9C, 0xE9, 0x58, 0x84, 0x6E, 0xC2, 0x3F, 0xFB, 0x44, 0xEF,
    0x00, 0xAE, 0x0E, 0xB6, 0x29, 0x80, 0x22, 0x30, 0x98, 0x6B, 0xC0, 0x62, 0x8C, 0x58, 0x60, 0x1A,
    0x8A, 0x82, 0x16, 0x4D, 0x84, 0x6F, 0x74, 0xBC, 0x45, 0xB4, 0xC3, 0xFC, 0x3C, 0x0E, 0x4E, 0xD7,
    0x5C, 0x20, 0x1D, 0x6A, 0xD2, 0xBB, 0x20, 0x06, 0xBD, 0x63, 0x10, 0x7C, 0xE1, 0xC0, 0x15, 0x9F,
    0xDE, 0xC6, 0xE3, 0x36, 0x39, 0x20, 0x27, 0x88, 0x0A, 0xBE, 0xC2, 0xA7, 0x4F, 0xB1, 0xC4, 0x11,
    0xD1, 0x0D, 0x0E, 0x31, 0x51, 0xD1, 0x81, 0x78, 0x59, 0x82, 0x7C, 0x0A, 0xFD, 0xE0, 0x3A, 0x26,
    0xA0, 0x3A, 0x76, 0xD7, 0xB8, 0xF1, 0xD7, 0x60, 0xF1, 0xFC, 0xAF, 0x63, 0x66, 0x2E, 0xFD, 0x87,
    0x67, 0x7F, 0xF4, 0x59, 0x79, 0xDF, 0x0F, 0xEB, 0xA6, 0xEE, 0x12, 0xDA, 0x5D, 0xFF, 0x6C, 0x52,
    0xF7, 0xA8, 0xA0, 0xD2, 0x03, 0x0F, 0xFC, 0xBC, 0x72, 0x51, 0xE5, 0x0A, 0xC3, 0xCD, 0x58, 0xD1,
    0x35, 0x14, 0x96, 0x53, 0x54, 0x1E, 0xF9, 0xB1, 0xA1, 0xC5, 0x3F, 0x60, 0xFA, 0x73, 0x4D, 0xE1,
    0x30, 0xD4, 0xF4, 0xE1, 0xD0, 0x51, 0xBE, 0x30, 0x14, 0xFF, 0xB3, 0xA3, 0x17, 0xB0, 0x69, 0xB7,
    0xA6, 0xE8, 0x6F, 0x18, 0xDF, 0x5A, 0x4A, 0x8E, 0x50, 0x86, 0xEC, 0x8C, 0x52, 0x60, 0x4D, 0x84,
    0xCC, 0xBF, 0x86, 0xF8, 0x0B, 0x14, 0xCF, 0x88, 0x39, 0xE8, 0x3D, 0x2E, 0xE5, 0xCB, 0x7C, 0xE9,
    0xC2, 0x86, 0x5C, 0x60, 0x13, 0x63, 0x8B, 0xAF, 0x29, 0x3C, 0x3D, 0x85, 0xEC, 0x67, 0xA7, 0x8C,
    0x83, 0x12, 0xA7, 0x2B, 0xD7, 0x2C, 0x07, 0x36, 0x1B, 0x0C, 0xA2, 0xD1, 0xB7, 0xA3, 0x97, 0x64,
    0x4F, 0x72, 0xC9, 0xDC, 0xA9, 0x93, 0xE5, 0xCB, 0x67, 0xE1, 0x44, 0xB6, 0x6E, 0x6C, 0x43, 0xC1,
    0xA0, 0x43, 0x2C, 0x68, 0xCD, 0xD2, 0xA3, 0x97, 0xE5, 0xD3, 0x55, 0x50, 0x3F, 0x8E, 0x8B, 0x68,
    0x4B, 0x39, 0x98, 0xE5, 0xC0, 0x02, 0x59, 0x4A, 0x71, 0x41, 0x0A, 0x1B, 0x69, 0x59, 0x0B, 0xE4,
    0xDB, 0x60, 0x20, 0x8D, 0x6B, 0xE8, 0xCB, 0x22, 0xFC, 0xCA, 0xEC, 0x00, 0x54, 0x08, 0x44, 0xD4,
    0x06, 0x0B, 0x83, 0xC0, 0x4D, 0x86, 0x6E, 0x72, 0xB7, 0x93, 0x77, 0x1C, 0x18, 0x31, 0x5F, 0xE1,
    0x4A, 0x76, 0xE1, 0xEE, 0x51, 0x64, 0x3F, 0xC2, 0x9E, 0x83, 0x6F, 0x80, 0xBF, 0x91, 0xA5, 0x5C,
    0x31, 0x18, 0x80, 0xF7, 0x0C, 0x8E, 0x46, 0x0E, 0xF2, 0x54, 0xD0, 0x5C, 0xBA, 0xA5, 0x43, 0x74,
    0xC5, 0xEA, 0x42, 0xF0, 0xEC, 0x3A, 0x5F, 0x21, 0xD0, 0x31, 0xCE, 0xF7, 0x5E, 0x2E, 0x66, 0xC7,
    0x8E, 0x64, 0xC0, 0x66, 0x06, 0x73, 0x43, 0x10, 0x72, 0x11, 0x4E, 0x2C, 0x22, 0x78, 0xB8, 0xE0,
    0x0D, 0x40, 0x87, 0x2E, 0x6C, 0xE0, 0x86, 0x98, 0xE3, 0x3C, 0x57, 0x10, 0xC2, 0x7E, 0x04, 0xE7,
    0x84, 0x67, 0xCC, 0x78, 0xC2, 0x29, 0xCF, 0xB7, 0x73, 0x71, 0xB2, 0x06, 0xB3, 0x20, 0x2D, 0x17,
    0x24, 0x5A, 0xCC, 0xC4, 0xAB, 0x96, 0x53, 0x09, 0xF5, 0x0F, 0x23, 0x6C, 0x21, 0x90, 0xF4, 0xA6,
    0xAC, 0xD8, 0x4A, 0xA4, 0x63, 0xE7, 0xFA, 0x96, 0xFB, 0x80, 0x7D, 0xAB, 0x3C, 0x73, 0x68, 0xD9,
    0x56, 0xE1, 0x6C, 0x85, 0x5D, 0x69, 0xC5, 0xA9, 0xF3, 0x91, 0x5B, 0xDE, 0x86, 0x17, 0x9F, 0xB9,
    0x62, 0x15, 0x98, 0x0B, 0x56, 0xC2, 0xC1, 0xBC, 0xFC, 0x25, 0x67, 0x3A, 0xF7, 0x86, 0x9D, 0xCD,
    0x81, 0x92, 0xFB, 0x5D, 0x63, 0xE7, 0x03, 0x85, 0x65, 0x73, 0x0C, 0x31, 0x56, 0x25, 0x63, 0xA0,
    0x40, 0x19, 0x9E, 0x9E, 0xAD, 0x77, 0x1B, 0x9F, 0xCA, 0x39, 0x9F, 0x67, 0x64, 0xDD, 0x86, 0xE1,
    0x7B, 0xD0, 0x50, 0xD9, 0x72, 0x30, 0x20, 0x3B, 0x52, 0x73, 0x09, 0xF1, 0xFB, 0x1A, 0xA4, 0x6D,
    0xD9, 0x93, 0x3D, 0x50, 0x20, 0xDA, 0x88, 0x1E, 0xBC, 0xE7, 0x36, 0x9B, 0xA8, 0x4B, 0x43, 0x97,
    0x0C, 0xCD, 0x56, 0x3E, 0x52, 0x79, 0x09, 0xAD, 0xBE, 0x31, 0x5F, 0x0C, 0xFE, 0x00, 0xE3, 0x4A,
    0xE0, 0x53, 0x09, 0x4C, 0x3A, 0xC8, 0x07, 0x0B, 0x6A, 0x40, 0x2D, 0xA8, 0x7B, 0x0D, 0xF1, 0x77,
    0xA8, 0x39, 0x18, 0x1E, 0x47, 0xC1, 0x03, 0xEF, 0x16, 0xEC, 0x09, 0x6E, 0xC1, 0xD1, 0xF9, 0x9E,
    0xA6, 0xF4, 0xBF, 0x0A, 0x68, 0x82, 0xCD, 0x79, 0xF2, 0x9D, 0xA5, 0x12, 0x61, 0xF0, 0xAC, 0xA6,
    0xD8, 0x58, 0xB8, 0xA6, 0x41, 0x59, 0xE1, 0x64, 0xFC, 0x03, 0x16, 0x56, 0xB4, 0xA2, 0x09, 0x6B,
    0x7A, 0xE5, 0xC8, 0x11, 0x05, 0xDC, 0x26, 0x68, 0xB7, 0x57, 0x2F, 0x19, 0x35, 0x19, 0x36, 0x29,
    0x02, 0x6E, 0x72, 0x4E, 0x1C, 0x73, 0x26, 0xEC, 0x10, 0x43, 0x27, 0x79, 0xEC, 0xFC, 0xB9, 0x0E,
    0x37, 0x05, 0xC3, 0x39, 0x31, 0x9E, 0x13, 0x03, 0x3A, 0x39, 0x44, 0x1F, 0x21, 0xFD, 0x17, 0xB4,
    0x82, 0x13, 0xDE, 0xB1, 0x28, 0x60, 0x73, 0x88, 0x92, 0x0E, 0xA0, 0x63, 0xD8, 0xFC, 0xE5, 0x30,
    0x20, 0x9D, 0x7A, 0x74, 0xD1, 0xBF, 0x98, 0xED, 0xF7, 0xE8, 0x0E, 0xDD, 0x2E, 0x80, 0xE3, 0xE4,
    0x57, 0x1C, 0x30, 0x8C, 0xA0, 0xFE, 0xB8, 0x5A, 0xAD, 0x50, 0x88, 0x23, 0xEF, 0x1E, 0x27, 0xE2,
    0x29, 0xF3, 0x32, 0x76, 0x22, 0xDF, 0x06, 0x04, 0x1E, 0xA3, 0x66, 0xF0, 0x82, 0xD9, 0x9E, 0x72,
    0x08, 0xC2, 0xD9, 0xD8, 0xBB, 0x40, 0x8D, 0x6B, 0xA1, 0xDB, 0x4B, 0x3D, 0xE0, 0xAC, 0x6F, 0xCE,
    0xC8, 0x9E, 0x85, 0x75, 0xE1, 0xE1, 0x08, 0x52, 0xA4, 0x53, 0xCD, 0x83, 0xCE, 0x8C, 0xC1, 0x39,
    0xB0, 0x23, 0x56, 0x31, 0xC4, 0xB0, 0xF2, 0x36, 0x0B, 0xDB, 0x69, 0xD8, 0xCE, 0xF0, 0x6D, 0xF1,
    0x2D, 0x43, 0x3B, 0x42, 0xE9, 0x5B, 0x2E, 0x9F, 0xEA, 0xC3, 0xE1, 0xCF, 0x09, 0xB6, 0x4A, 0x1C,
    0x1F, 0xEC, 0x84, 0x60, 0xD1, 0xAC, 0x17, 0x64, 0xC1, 0x65, 0xEC, 0xAA, 0xC5, 0x6A, 0xA0, 0xD4,
    0xD1, 0xD6, 0xFB, 0xAB, 0x32, 0xC6, 0x55, 0x0C, 0x24, 0xEE, 0xEA, 0x5A, 0x7C, 0xF9, 0xA4, 0x0E,
    0xFE, 0xF3, 0x99, 0xC6, 0x78, 0x8C, 0xE9, 0x38, 0x9D, 0x7A, 0x26, 0xBE, 0xA7, 0xF2, 0x3B, 0x0A,
    0xFF, 0xFD, 0x54, 0x47, 0x8F, 0x1F, 0xD9, 0x20, 0xD4, 0xCA, 0x8D, 0x73, 0x9E, 0xCC, 0xC7, 0xF4,
    0x7A, 0xF5, 0xE0, 0x84, 0x2B, 0x47, 0xCA, 0x5E, 0xBB, 0x64, 0x4E, 0x86, 0xF2, 0x94, 0xF0, 0x8E,
    0x4B, 0x3E, 0xB1, 0xBC, 0xE5, 0xFA, 0xC0, 0x60, 0xCF, 0x35, 0xC1, 0xBE, 0x06, 0x9B, 0x2E, 0xE9,
    0x76, 0x5D, 0xDB, 0x6E, 0xDB, 0x35, 0xC5, 0xBE, 0xEB, 0xAE, 0x39, 0xE1, 0x8D, 0x57, 0x55, 0xAF,
    0x56, 0xD3, 0x8D, 0x7E, 0x9D, 0x1E, 0x3F, 0xD4, 0x29, 0xD2, 0xAC, 0x91, 0x34, 0xBE, 0xCF, 0x56,
    0xEB, 0xF8, 0xA3, 0xC7, 0xF9, 0x59, 0xD6, 0x73, 0x71, 0xC1, 0x8A, 0x9C, 0x9C, 0xB8, 0xF6, 0xF7,
    0x1B, 0xCA, 0x71, 0x35, 0x3F, 0xAD, 0x7E, 0x9A, 0xCE, 0x59, 0x59, 0x5E, 0x74, 0xAB, 0x7B, 0xE1,
    0xD2, 0x54, 0xD8, 0x55, 0x77, 0x59, 0xD6, 0x9E, 0x97, 0x9C, 0xF0, 0xF2, 0xE4, 0xCA, 0x75, 0xD9,
    0x8F, 0x6B, 0x73, 0xA9, 0x64, 0xBF, 0xF3, 0x9F, 0xB8, 0x7A, 0x3D, 0x01, 0xEC, 0xC6, 0xF5, 0x24,
    0xEC, 0xC6, 0xDE, 0xBF, 0x39, 0xCF, 0xB3, 0xEA, 0x53, 0x87, 0x10, 0x38, 0xB4, 0xEF, 0x2F, 0xE3,
    0x19, 0x65, 0x22, 0xFE, 0x21, 0x4D, 0x34, 0x63, 0xEF, 0xDF, 0x9C, 0xE7, 0x29, 0xFA, 0xDE, 0x6F,
    0x96, 0x56, 0x37, 0x7C, 0x9D, 0xC0, 0xAC, 0xD2, 0x7D, 0x5E, 0xDF, 0x5D, 0x7E, 0xBF, 0xFE, 0x6B,
    0xDB, 0xFC, 0x8F, 0x6F, 0xFF, 0x86, 0x6F, 0x9B, 0x8E, 0xC0, 0xDF, 0x72, 0x2B, 0x6D, 0x5C, 0x0B,
    0xBD, 0x09, 0xBF, 0xFB, 0x47, 0x54, 0xF8, 0x4B, 0xA9, 0xA5, 0x4D, 0xDB, 0xBC, 0xDB, 0x6C, 0x44,
    0x58, 0xC5, 0xF5, 0xCE, 0xD6, 0xCE, 0xD6, 0xA6, 0xB3, 0x94, 0xD5, 0xFF, 0x6B, 0xF7, 0xFF, 0x00,
    0x55, 0x54, 0x31, 0x6F, 0x24, 0x35, 0x14, 0xFE, 0x3C, 0x2E, 0x2C, 0x61, 0xDD, 0x9A, 0x86, 0x8A,
    0x24, 0xA6, 0xA0, 0xDC, 0xC9, 0x34, 0x57, 0xAC, 0x84, 0x37, 0x6B, 0xAE, 0xE1, 0x17, 0x5C, 0x87,
    0x74, 0x0D, 0x35, 0xA4, 0x98, 0x22, 0x82, 0xA0, 0xF5, 0xE9, 0xCA, 0x14, 0xD0, 0x51, 0xE4, 0x4F,
    0x4C, 0xB1, 0x45, 0xA4, 0x83, 0x5B, 0x73, 0x2D, 0x8D, 0xFB, 0x6B, 0x2C, 0x51, 0xD0, 0x20, 0x98,
    0x62, 0x25, 0x16, 0x29, 0x89, 0xF9, 0x3C, 0xCB, 0x05, 0x6E, 0xDF, 0x9B, 0x95, 0x3D, 0xF3, 0x9E,
    0xFD, 0xBD, 0xEF, 0x7D, 0x36, 0xB6, 0x5E, 0x96, 0xA8, 0x5F, 0x67, 0x83, 0xF1, 0x04, 0x63, 0x2B,
    0x46, 0x27, 0xB2, 0x6B, 0x92, 0x93, 0xD1, 0xA9, 0xB8, 0x34, 0xDE, 0xDE, 0x43, 0xED, 0x20, 0xBC,
    0x8C, 0x02, 0x80, 0x86, 0xC1, 0x0C, 0x8F, 0x70, 0x84, 0x39, 0x1C, 0x16, 0xE8, 0x31, 0x00, 0x22,
    0x40, 0x45, 0xD8, 0x88, 0x4F, 0x22, 0xFE, 0x0A, 0xF2, 0x17, 0xAF, 0x0D, 0xE6, 0x06, 0xEB, 0x92,
    0xB6, 0x25, 0x31, 0x90, 0x91, 0x74, 0x51, 0x72, 0x53, 0xB2, 0x8C, 0x90, 0x0C, 0xF7, 0x30, 0x77,
    0x30, 0xC5, 0x43, 0x73, 0x5E, 0xFD, 0x7D, 0xE3, 0x57, 0xF7, 0xE8, 0x76, 0xC0, 0x36, 0xCA, 0x12,
    0x4C, 0xC0, 0xE9, 0x94, 0xF7, 0xF5, 0x1E, 0xDB, 0x82, 0x3D, 0xD1, 0x4D, 0xBE, 0x39, 0xC5, 0xFA,
    0x16, 0x36, 0xC3, 0x96, 0xD4, 0x95, 0x08, 0x15, 0x08, 0x08, 0x2D, 0x70, 0x09, 0xEC, 0xD0, 0xE4,
    0xBA, 0x98, 0xF1, 0xB0, 0x53, 0xEE, 0x17, 0x04, 0x5C, 0xCB, 0x4B, 0xFA, 0x39, 0xCB, 0xCB, 0xFA,
    0x49, 0x92, 0x7F, 0x7A, 0x75, 0x07, 0x6B, 0xBD, 0x53, 0xE1, 0x42, 0xC5, 0x4B, 0x1D, 0x56, 0x05,
    0x7A, 0xCF, 0x30, 0x90, 0x05, 0xF3, 0x24, 0x1B, 0x91, 0x4F, 0xE8, 0x4D, 0xB6, 0x2A, 0x99, 0x12,
    0x9B, 0x5F, 0x23, 0xB4, 0x27, 0x94, 0xD5, 0x1E, 0xAB, 0xEF, 0xD1, 0xC4, 0x6A, 0xDB, 0x52, 0xCA,
    0x61, 0x04, 0x94, 0x52, 0x1F, 0x22, 0x44, 0x7D, 0x8B, 0x8F, 0x31, 0xCA, 0xA8, 0x83, 0x61, 0x86,
    0xA3, 0x5D, 0x60, 0x33, 0xD9, 0x05, 0x99, 0x72, 0x38, 0x06, 0x02, 0x32, 0x46, 0x52, 0xB6, 0xF9,
    0xD7, 0x46, 0x8C, 0x82, 0x94, 0x28, 0x66, 0xB4, 0x9C, 0xCE, 0xD6, 0xC1, 0xFC, 0x9C, 0xAC, 0x48,
    0x2D, 0x1B, 0xD0, 0xC4, 0x85, 0x8C, 0xBD, 0x0C, 0x83, 0xF2, 0xA3, 0x06, 0x5E, 0xA1, 0xD2, 0xF2,
    0x22, 0xDA, 0xE6, 0xF0, 0xB5, 0xFA, 0x85, 0x8C, 0xD5, 0x59, 0x8B, 0xF6, 0xCE, 0xA2, 0xBB, 0x85,
    0xCE, 0xC0, 0x8F, 0x72, 0xDF, 0x6D, 0xE6, 0x75, 0x69, 0x2E, 0xDE, 0x24, 0x19, 0xB9, 0x01, 0xB7,
    0x60, 0x1D, 0xDB, 0x20, 0xD9, 0x04, 0x3F, 0x02, 0x93, 0x37, 0x09, 0x7A, 0xE2, 0xF9, 0x06, 0x32,
    0x55, 0xDA, 0x56, 0x25, 0xAE, 0x49, 0xEA, 0xDA, 0xD7, 0xB0, 0x4F, 0x1F, 0xC2, 0x32, 0x8A, 0x17,
    0x2C, 0x91, 0x4D, 0x66, 0x9C, 0x8C, 0x1F, 0xE9, 0xB8, 0x2A, 0xFE, 0x43, 0xD2, 0x56, 0xD9, 0x8E,
    0x58, 0x05, 0xBC, 0x0C, 0xE2, 0x8D, 0x57, 0xDF, 0x61, 0x66, 0xE0, 0x4E, 0xC8, 0x45, 0x2C, 0x5C,
    0x67, 0x6A, 0x3B, 0x8B, 0x67, 0x07, 0x14, 0x35, 0xE6, 0x6B, 0xAB, 0xE8, 0x76, 0xCF, 0xEE, 0x4D,
    0xA3, 0xE9, 0x95, 0xB7, 0x28, 0xB7, 0xF8, 0x8A, 0xC0, 0xBB, 0x2C, 0x18, 0x99, 0xEA, 0x97, 0xE3,
    0x9F, 0x08, 0xC6, 0x9F, 0xE9, 0xE0, 0xA6, 0x12, 0x17, 0x2A, 0x38, 0x83, 0xEE, 0x1E, 0x7A, 0x07,
    0x5D, 0x46, 0x53, 0x26, 0xF0, 0xC4, 0xC3, 0xD0, 0x83, 0x4E, 0x28, 0xD1, 0xB1, 0xA2, 0xD3, 0x93,
    0x20, 0xCE, 0x50, 0x09, 0xE3, 0xA6, 0xE6, 0x45, 0x32, 0x22, 0x99, 0x26, 0xEA, 0xEB, 0x20, 0xEF,
    0xAA, 0xE8, 0x96, 0x14, 0x91, 0x0E, 0xF4, 0x9B, 0x49, 0x71, 0x5C, 0x50, 0xF0, 0xBF, 0x04, 0x2B,
    0x63, 0xE5, 0x55, 0xA6, 0x56, 0x45, 0x4B, 0xB4, 0xBF, 0x4D, 0x9D, 0xA7, 0x90, 0xBE, 0xC5, 0x76,
    0x87, 0x75, 0x00, 0x5B, 0x77, 0xF0, 0x55, 0xA1, 0x6A, 0xC2, 0xC3, 0x94, 0x3F, 0x4E, 0x3F, 0x78,
    0xFA, 0xF6, 0x3D, 0xDE, 0x0E, 0x46, 0x99, 0x0E, 0x8D, 0x3D, 0x08, 0x61, 0x7C, 0xB0, 0xCD, 0x24,
    0x07, 0x0E, 0xFA, 0x69, 0xF0, 0x9F, 0xDD, 0xD4, 0x9E, 0x1D, 0xB2, 0x1C, 0x9A, 0xFD, 0x60, 0xAE,
    0x73, 0x2B, 0xAB, 0x12, 0x7A, 0x19, 0x07, 0x2A, 0x41, 0x87, 0xC1, 0xF8, 0xE5, 0x4B, 0xD8, 0x2B,
    0x34, 0xF7, 0x30, 0xD7, 0x7E, 0xAE, 0xFC, 0xC2, 0x62, 0xBD, 0xE7, 0x92, 0xF5, 0x20, 0xF6, 0xC0,
    0xF2, 0xF3, 0xAA, 0xE7, 0xE9, 0x6B, 0x68, 0x29, 0x21, 0x11, 0x7B, 0x11, 0x87, 0x86, 0xE9, 0xB1,
    0xD7, 0x7E, 0xF9, 0x65, 0x2D, 0x98, 0x7C, 0x8A, 0x34, 0x82, 0xDA, 0xFE, 0x86, 0x09, 0xF5, 0xEC,
    0x88, 0x3F, 0x20, 0xAF, 0x60, 0x64, 0xE0, 0x5E, 0x3C, 0x20, 0xEF, 0x3D, 0xF3, 0x87, 0x53, 0xD9,
    0x94, 0x68, 0x7F, 0x08, 0x8E, 0xBB, 0x18, 0x2C, 0x2F, 0x61, 0xA6, 0xF3, 0x75, 0x38, 0xBF, 0x94,
    0xA4, 0xE9, 0xC2, 0x6C, 0x9B, 0xCC, 0xF3, 0x6C, 0x91, 0x5A, 0xF1, 0x8E, 0x62, 0x07, 0xFD, 0x6E,
    0xA4, 0x8C, 0x54, 0xC6, 0x23, 0x87, 0xA3, 0x11, 0x5D, 0xC2, 0xD9, 0x88, 0x45, 0x8F, 0xDE, 0x61,
    0x68, 0x31, 0xCC, 0x18, 0x29, 0x83, 0xF2, 0x9A, 0x81, 0x33, 0xDA, 0xF1, 0xC3, 0xD5, 0x72, 0xCE,
    0x9A, 0x66, 0xDD, 0x67, 0x3B, 0xF3, 0xFA, 0xF7, 0xB9, 0x11, 0xE3, 0xD1, 0x71, 0x93, 0xE6, 0xF3,
    0x26, 0x3A, 0x27, 0xC3, 0x62, 0x21, 0x43, 0xDF, 0x2B, 0x7F, 0x7E, 0xAE, 0x31, 0x0C, 0xBC, 0x1A,
    0xE4, 0x55, 0x96, 0xDB, 0x9D, 0xCA, 0xBD, 0x0E, 0xBD, 0xC1, 0x30, 0xDD, 0x66, 0x99, 0xA0, 0x6A,
    0x7C, 0x13, 0xE5, 0xB3, 0x24, 0xC7, 0x41, 0xC5, 0xC7, 0x1A, 0xAC, 0xA4, 0x9F, 0x61, 0xC3, 0xBB,
    0xCE, 0xCA, 0x74, 0x5A, 0xC2, 0xE2, 0x15, 0x1E, 0x83, 0x5B, 0x55, 0xFE, 0x28, 0x77, 0xF5, 0xB7,
    0x2D, 0x2D, 0xAF, 0x37, 0xE2, 0x1E, 0xE0, 0xBC, 0x2B, 0xFB, 0x75, 0x96, 0x44, 0xB6, 0xDE, 0x9D,
    0xFC, 0x0F, 0x59, 0x4F, 0x41, 0x74, 0xFE, 0x1F, 0x5D, 0x57, 0x31, 0x8F, 0x1C, 0x49, 0x15, 0x7E,
    0xDD, 0x8D, 0xDD, 0xC8, 0x2D, 0x6F, 0x25, 0x40, 0x62, 0xCE, 0x75, 0x81, 0x83, 0x03, 0xD9, 0x5B,
    0xE1, 0xAD, 0xC4, 0x4E, 0x77, 0xFB, 0x12, 0x07, 0x17, 0x70, 0x09, 0x10, 0x20, 0xC1, 0x1F, 0x40,
    0x6C, 0x80, 0x03, 0x07, 0xB3, 0x9E, 0xE6, 0x8C, 0xB8, 0xE0, 0x02, 0x9F, 0x08, 0x40, 0x02, 0x21,
    0x4E, 0xE8, 0xA2, 0x4B, 0x8E, 0xC0, 0x12, 0xAB, 0xF3, 0x9C, 0xA7, 0xD6, 0xFE, 0x01, 0xF4, 0x9E,
    0x85, 0x08, 0x08, 0xDC, 0x77, 0xAC, 0x84, 0x84, 0x91, 0x68, 0x6B, 0xDB, 0xDA, 0x5E, 0xE8, 0x9D,
    0xE2, 0xFB, 0xAA, 0x7A, 0x67, 0x77, 0x3D, 0xA3, 0x7E, 0x33, 0xD3, 0x5D, 0x55, 0xEF, 0xBD, 0xEF,
    0xBD, 0xF7, 0xBD, 0x37, 0xB2, 0xB5, 0x2F, 0xB1, 0x1B, 0x44, 0xED, 0x7F, 0x4D, 0x74, 0x25, 0x52,
    0x88, 0xC8, 0x36, 0xAE, 0x79, 0xE2, 0xBA, 0x21, 0x75, 0x6D, 0x9F, 0x59, 0xE9, 0xB3, 0x4A, 0x06,
    0x55, 0xCA, 0x23, 0x5C, 0x85, 0x73, 0x36, 0x73, 0xAE, 0x92, 0x1C, 0x8B, 0x26, 0xE3, 0x35, 0xE5,
    0x06, 0x5C, 0x8B, 0xA5, 0x88, 0xC3, 0x25, 0x4A, 0x41, 0x5C, 0xBD, 0xCA, 0xC7, 0x37, 0x44, 0x52,
    0x77, 0x2C, 0x62, 0x9C, 0x13, 0x59, 0xB6, 0xFF, 0x95, 0xF8, 0x65, 0xD3, 0x48, 0xFA, 0xF4, 0x71,
    0x2D, 0xEA, 0xDE, 0x13, 0x2B, 0x3A, 0xBB, 0x85, 0x53, 0xB9, 0x21, 0xE7, 0x86, 0xC9, 0xE6, 0x75,
    0x18, 0xB0, 0xB1, 0x09, 0xF1, 0xE0, 0x01, 0x7E, 0xB6, 0x2D, 0x6C, 0xDA, 0x6B, 0x20, 0xB0, 0x56,
    0xF4, 0xDF, 0x7E, 0x5E, 0x8A, 0x57, 0xAF, 0xA8, 0xEB, 0x35, 0x6A, 0xB8, 0x8E, 0x0D, 0xC2, 0x0D,
    0x22, 0xD1, 0xA2, 0xE7, 0x53, 0x29, 0x3E, 0xF8, 0xA6, 0x40, 0x65, 0x82, 0xBD, 0x69, 0x0D, 0x6B,
    0xB0, 0x13, 0xA6, 0x8B, 0x89, 0x3E, 0xEF, 0x8A, 0xF8, 0x59, 0x9B, 0x27, 0xC7, 0x32, 0xC1, 0xC3,
    0x49, 0xD2, 0xC8, 0x24, 0xB5, 0x92, 0xC3, 0xC7, 0x5C, 0x55, 0x62, 0xB0, 0x48, 0x3F, 0x13, 0x1C,
    0xF1, 0x43, 0x49, 0x68, 0xEE, 0xEC, 0x88, 0xC6, 0x3B, 0x3B, 0xAA, 0xAC, 0x24, 0x9C, 0x23, 0x9A,
    0xCA, 0xCC, 0x4A, 0x10, 0x0A, 0x8F, 0x83, 0x47, 0x4E, 0x16, 0xAE, 0x03, 0x0C, 0x0E, 0xCA, 0x7B,
    0xFE, 0xEC, 0x68, 0x18, 0x7E, 0x00, 0x3A, 0xC8, 0x99, 0x83, 0x2F, 0xD0, 0x0B, 0x01, 0xCB, 0x04,
    0xDA, 0xA1, 0x8F, 0x02, 0x1F, 0xCB, 0x72, 0x7C, 0x7E, 0x7C, 0xD1, 0x4A, 0xCC, 0x2D, 0x7E, 0x21,
    0x5D, 0x08, 0x6B, 0xE8, 0x48, 0xC2, 0x93, 0x21, 0xF0, 0x44, 0x97, 0xA3, 0x05, 0x19, 0x6D, 0x54,
    0xB4, 0x31, 0x58, 0xC0, 0x58, 0x78, 0xE5, 0xFE, 0x10, 0x5D, 0x7B, 0xE5, 0xAE, 0xA7, 0xE8, 0xBC,
    0x2A, 0xE5, 0xE5, 0x0D, 0x2F, 0xEF, 0x78, 0x89, 0x85, 0xAD, 0x79, 0xFC, 0xBC, 0x93, 0x17, 0xEE,
    0xD0, 0x1D, 0x47, 0x87, 0xBF, 0x72, 0xDD, 0xDD, 0x78, 0x29, 0xAE, 0x2A, 0x92, 0x5E, 0x96, 0x62,
    0x00, 0xD7, 0x20, 0x45, 0xD2, 0x44, 0xBD, 0xE4, 0x69, 0x9D, 0x74, 0x32, 0xC9, 0x6C, 0xD6, 0xCA,
    0x54, 0x59, 0xDD, 0xCA, 0x5C, 0x55, 0x45, 0x23, 0xBD, 0x2E, 0x1F, 0xD6, 0x90, 0x72, 0x68, 0xA3,
    0xCE, 0x24, 0x7F, 0xB7, 0x71, 0x9B, 0xA7, 0xF7, 0x21, 0x27, 0x4A, 0x55, 0xF0, 0xE4, 0x15, 0x75,
    0xB4, 0xBD, 0x84, 0x21, 0x45, 0xA5, 0x47, 0x31, 0xB3, 0xEB, 0x22, 0x0F, 0x2D, 0x90, 0x3C, 0xB4,
    0x88, 0xE7, 0x81, 0x9D, 0x8A, 0x76, 0xF0, 0xCA, 0x50, 0xC4, 0x5F, 0x36, 0x9D, 0x24, 0x7B, 0x0D,
    0x9C, 0xDF, 0x7B, 0xD1, 0x02, 0x27, 0x04, 0x08, 0x62, 0x09, 0x64, 0x0E, 0x91, 0x4A, 0xE5, 0x21,
    0x10, 0x28, 0x1F, 0x42, 0xC8, 0xA2, 0x42, 0x80, 0x66, 0x95, 0xAC, 0x4B, 0x51, 0x22, 0x2C, 0xCC,
    0xE8, 0xE2, 0x58, 0x3C, 0x06, 0x04, 0x71, 0xFB, 0x0A, 0x95, 0xCF, 0x3D, 0x34, 0x3B, 0x51, 0xE7,
    0x91, 0xA2, 0xEC, 0xA2, 0x6E, 0x03, 0x81, 0x8A, 0xDB, 0x07, 0x80, 0x2D, 0xFD, 0x02, 0x7A, 0x9A,
    0xAD, 0x67, 0xCE, 0x02, 0x6A, 0xE3, 0xAA, 0xC4, 0xED, 0xC3, 0x03, 0x44, 0x0B, 0x51, 0x43, 0x28,
    0xF0, 0x05, 0xD9, 0x90, 0x51, 0xA5, 0x64, 0x54, 0xC7, 0x2F, 0x41, 0x22, 0x1E, 0xEA, 0x17, 0x4C,
    0x09, 0x35, 0x30, 0x27, 0xD2, 0x01, 0x7A, 0x97, 0x67, 0xB4, 0x67, 0xCD, 0x4A, 0x7B, 0x1F, 0x05,
    0xD9, 0x99, 0x7D, 0xE9, 0xE2, 0x17, 0x6E, 0x88, 0xDA, 0xE4, 0xA0, 0x7B, 0x23, 0x6E, 0xB3, 0xA7,
    0x35, 0xB5, 0xDF, 0x83, 0x74, 0x4B, 0xEA, 0x75, 0x6D, 0xDC, 0x43, 0x69, 0x2B, 0x74, 0xB7, 0x13,
    0x63, 0x55, 0x85, 0x4C, 0x6F, 0x54, 0x39, 0x47, 0x92, 0x6B, 0xC4, 0x3B, 0x6E, 0x0D, 0xAA, 0x30,
    0x69, 0x8C, 0x4C, 0x6E, 0xEB, 0x3A, 0x97, 0x7C, 0xE6, 0x2A, 0xB8, 0x6E, 0x8E, 0x60, 0x70, 0x66,
    0x55, 0x99, 0xD4, 0x08, 0x14, 0xBE, 0x6B, 0x40, 0x9C, 0x58, 0x03, 0x8C, 0x13, 0xFB, 0x1D, 0xE0,
    0x9B, 0xD8, 0x3F, 0xDB, 0x1D, 0xC8, 0x03, 0x9C, 0x9D, 0xEE, 0xFE, 0x63, 0x17, 0xF2, 0xF1, 0xD3,
    0x27, 0x35, 0x33, 0x05, 0xF9, 0x42, 0x90, 0x3B, 0x49, 0xEF, 0xA7, 0xF7, 0xE1, 0x26, 0x24, 0x32,
    0xED, 0xF7, 0xE9, 0x8F, 0x20, 0xA7, 0xE9, 0x4F, 0x20, 0xE7, 0x29, 0x0A, 0x3F, 0xEB, 0xD2, 0x1D,
    0xC8, 0x16, 0xC9, 0x20, 0xAA, 0xF1, 0xB2, 0xCE, 0x7C, 0xD1, 0xF9, 0x94, 0x2D, 0xDC, 0x3E, 0xC0,
    0x28, 0x10, 0xA7, 0x09, 0x0C, 0xDC, 0x2A, 0x37, 0x21, 0x55, 0x35, 0x95, 0x1D, 0xB8, 0x33, 0x97,
    0x6E, 0x3D, 0xB5, 0x40, 0x1F, 0xB9, 0xD4, 0x45, 0xED, 0x24, 0xAB, 0x80, 0xFE, 0x54, 0xDD, 0x6C,
    0x93, 0x66, 0xAE, 0xE2, 0x26, 0xA9, 0x77, 0x74, 0xD2, 0x24, 0x16, 0xB9, 0x54, 0xC3, 0xF7, 0x3C,
    0xB5, 0xD9, 0x2E, 0x16, 0x59, 0xF5, 0x6E, 0xBB, 0x99, 0x55, 0xEA, 0xAD, 0xE6, 0x0D, 0x55, 0x2A,
    0xC4, 0x43, 0x8B, 0x4E, 0x50, 0xC0, 0x82, 0xB3, 0xE2, 0x01, 0xC5, 0xCC, 0x02, 0x99, 0x28, 0xC7,
    0x6A, 0x3A, 0x53, 0x3C, 0x85, 0x63, 0x24, 0x5C, 0x7F, 0xA6, 0x86, 0xD3, 0xC1, 0xF0, 0xD6, 0x4F,
    0xC1, 0x4B, 0xE9, 0x52, 0xE2, 0x0E, 0x9C, 0x91, 0x36, 0x48, 0x73, 0x2C, 0x1F, 0x18, 0xDF, 0x9E,
    0x15, 0xD6, 0x61, 0x25, 0xB2, 0xC4, 0xB0, 0x96, 0x0C, 0x29, 0xC5, 0xC0, 0x4D, 0x3C, 0x30, 0x48,
    0xBA, 0xBD, 0x43, 0x52, 0xC3, 0x53, 0x2B, 0xD1, 0x32, 0x0D, 0x35, 0x1C, 0x5E, 0x0B, 0x92, 0x87,
    0x17, 0xE3, 0xCB, 0x97, 0xF6, 0xC2, 0xD5, 0x12, 0xB3, 0xB4, 0x09, 0x8F, 0x27, 0x5B, 0x9F, 0x9B,
    0xBE, 0x64, 0xD5, 0xAA, 0x82, 0xA3, 0x15, 0x5F, 0xC4, 0x81, 0x34, 0x86, 0x51, 0xC4, 0xAB, 0x7B,
    0xFE, 0x29, 0x4C, 0xA4, 0xA6, 0x9B, 0x1F, 0x92, 0x5A, 0x91, 0x53, 0x17, 0x59, 0xFD, 0x86, 0x5E,
    0x18, 0x2A, 0xC8, 0xC5, 0x54, 0x80, 0xFC, 0x11, 0xC8, 0x19, 0xA9, 0x23, 0x73, 0xA6, 0xDD, 0x80,
    0x5B, 0xD2, 0xE3, 0x96, 0xBC, 0xEC, 0x3D, 0x21, 0x1F, 0x33, 0xCE, 0x83, 0x24, 0xFD, 0x9C, 0x54,
    0xB3, 0x4D, 0x4E, 0x2A, 0xC8, 0x49, 0x86, 0x90, 0x29, 0x32, 0x1E, 0x53, 0xBC, 0x02, 0x86, 0xBA,
    0x84, 0xE7, 0x3A, 0x9C, 0x0E, 0x5C, 0x14, 0xAB, 0xCF, 0x0B, 0x4F, 0xB2, 0x23, 0xA1, 0x79, 0xB2,
    0x02, 0x1A, 0x92, 0xFD, 0x07, 0x8A, 0x14, 0x6B, 0x4E, 0xF1, 0xDE, 0x0C, 0xCE, 0xC7, 0xEE, 0x12,
    0x7C, 0xFE, 0x64, 0x26, 0x72, 0xB9, 0x60, 0x0C, 0x0A, 0xE2, 0xC5, 0xBA, 0x60, 0x81, 0x48, 0x41,
    0x71, 0x67, 0x38, 0xA1, 0xAD, 0x53, 0x0C, 0x2E, 0x21, 0x7D, 0x02, 0x7B, 0x31, 0x66, 0xEB, 0xE5,
    0x56, 0xE3, 0xF1, 0x8C, 0xFB, 0x40, 0xB9, 0x9F, 0x89, 0xEF, 0x3E, 0x79, 0x20, 0x3D, 0x13, 0xF6,
    0xEB, 0xF1, 0xA3, 0xF4, 0xE4, 0xCB, 0x8F, 0xA8, 0xF5, 0x37, 0x7D, 0x04, 0x17, 0x35, 0xEC, 0x2C,
    0xD0, 0xDD, 0x90, 0x39, 0xB9, 0xDA, 0x1B, 0x10, 0xB8, 0xB9, 0x2E, 0xA7, 0xA9, 0x8D, 0x7A, 0x94,
    0x50, 0x66, 0xD3, 0x36, 0x07, 0xAB, 0x55, 0xA6, 0x9E, 0xA0, 0xE7, 0xFD, 0xDA, 0x95, 0xB3, 0x5B,
    0x9D, 0x46, 0xD6, 0x20, 0x78, 0x06, 0x41, 0xFC, 0xD4, 0x97, 0x72, 0x20, 0xF6, 0x40, 0xED, 0x27,
    0xE1, 0x08, 0xA1, 0x19, 0x51, 0x38, 0xFD, 0xA8, 0xFD, 0x07, 0xD8, 0x08, 0x08, 0x90, 0xF9, 0xBF,
    0x6C, 0x89, 0x2D, 0xAB, 0xA4, 0xA4, 0xB8, 0x49, 0x11, 0xB3, 0x5C, 0x12, 0x36, 0xA9, 0x0C, 0xC6,
    0xAA, 0x1F, 0x13, 0x37, 0x52, 0x78, 0xC6, 0xF3, 0xD3, 0x66, 0x6C, 0x13, 0xD7, 0xC8, 0xFE, 0xD3,
    0x02, 0x6B, 0x87, 0x4F, 0x1B, 0x9C, 0x06, 0x12, 0x4C, 0xFF, 0x82, 0x82, 0xC5, 0x26, 0xE4, 0xFB,
    0xC5, 0x40, 0xA9, 0x2B, 0xB1, 0xCA, 0xA0, 0x88, 0x91, 0x8F, 0xC9, 0x3D, 0xD1, 0x72, 0x6C, 0xD1,
    0x68, 0x4E, 0x38, 0xA5, 0x4F, 0x5B, 0xAC, 0x02, 0xD4, 0xAC, 0xF5, 0xD2, 0x0B, 0xD0, 0x3B, 0x38,
    0xB6, 0xC6, 0xDE, 0x05, 0x99, 0xD5, 0x31, 0x43, 0x94, 0x55, 0xCC, 0x01, 0xC4, 0x50, 0xB1, 0x8D,
    0x6B, 0x7A, 0x71, 0xDA, 0xF5, 0x4E, 0x5B, 0xDF, 0xF4, 0x5C, 0xE3, 0xA1, 0xCD, 0x04, 0x7E, 0xB1,
    0x2C, 0x43, 0x6E, 0xCF, 0xFE, 0x70, 0xA5, 0x8A, 0x06, 0xF4, 0xEB, 0xB4, 0xBD, 0x41, 0x72, 0xB8,
    0xCE, 0xF6, 0xB5, 0xC9, 0x0A, 0xD8, 0xE0, 0x29, 0x77, 0x58, 0x06, 0x0F, 0x78, 0x00, 0x72, 0x6A,
    0x08, 0xA2, 0xC9, 0x65, 0x88, 0x18, 0x86, 0xD8, 0x6E, 0x63, 0x1E, 0x01, 0x5D, 0xDC, 0x4D, 0x2C,
    0x9A, 0xD0, 0x2D, 0x70, 0x9F, 0x7A, 0xFE, 0xCB, 0x2E, 0xB4, 0x42, 0xD9, 0x62, 0x6D, 0xAD, 0x51,
    0xE3, 0xD5, 0x10, 0x07, 0xA2, 0x96, 0xD0, 0x88, 0xAC, 0x3F, 0x41, 0xD2, 0xD0, 0xBA, 0x6D, 0x8A,
    0x61, 0x93, 0xE9, 0x35, 0x01, 0x22, 0x70, 0x0E, 0x07, 0x70, 0xF4, 0xB1, 0x39, 0x5D, 0x32, 0x6C,
    0xA3, 0xAE, 0x63, 0x56, 0xB7, 0x11, 0xD3, 0x07, 0xE8, 0x81, 0x38, 0x1B, 0x08, 0x5F, 0x05, 0x9A,
    0xF5, 0x50, 0x30, 0x7A, 0xDB, 0x9E, 0x51, 0x2E, 0xFA, 0x16, 0xCC, 0xCA, 0x5C, 0xBB, 0xB9, 0x58,
    0xCD, 0x02, 0xAB, 0x9E, 0x0C, 0xCF, 0x78, 0x94, 0xF5, 0x42, 0x22, 0x22, 0xCE, 0x71, 0x82, 0x38,
    0x07, 0xC1, 0x70, 0x86, 0xE5, 0x7A, 0xB5, 0x31, 0x8C, 0x18, 0xFB, 0xDF, 0xB0, 0xF4, 0xCD, 0x86,
    0x1D, 0x80, 0x0C, 0x77, 0x23, 0x77, 0x44, 0x6D, 0xE4, 0x95, 0xEF, 0x5E, 0x42, 0xFE, 0x13, 0xC9,
    0xE6, 0x15, 0x24, 0x37, 0xCF, 0x23, 0xD9, 0x92, 0x23, 0xBC, 0x60, 0xED, 0x47, 0x4C, 0x1C, 0x66,
    0xDA, 0x67, 0xCC, 0xB4, 0x19, 0x45, 0xF1, 0x1E, 0x0E, 0xD6, 0xFF, 0xFB, 0x5D, 0xC5, 0x21, 0x07,
    0x5F, 0xB7, 0x8E, 0x4E, 0x46, 0x03, 0x8F, 0xE4, 0x57, 0xE5, 0x75, 0x4C, 0x57, 0xF2, 0x27, 0x91,
    0x4D, 0x66, 0xD3, 0xDC, 0x37, 0x22, 0xA4, 0x0E, 0xDB, 0x31, 0x3A, 0x3C, 0x48, 0x06, 0x9D, 0x0A,
    0x96, 0xB6, 0xB0, 0x3A, 0x41, 0x2F, 0x62, 0x7B, 0x29, 0x4F, 0xD8, 0x83, 0x6D, 0x90, 0xB8, 0x2A,
    0xB4, 0x21, 0xD8, 0x37, 0xA5, 0x97, 0x53, 0x22, 0x73, 0xF7, 0x2B, 0xEC, 0x07, 0xEC, 0x8D, 0x3E,
    0x3C, 0xB2, 0xA0, 0xD2, 0xD4, 0xD7, 0xB7, 0xAE, 0xF5, 0x09, 0x27, 0x86, 0x39, 0xE6, 0x9C, 0x0C,
    0xF7, 0x8D, 0xE7, 0xD9, 0xB0, 0x35, 0xF2, 0xA4, 0x20, 0xC6, 0xD7, 0x58, 0xEA, 0x53, 0x1F, 0xF9,
    0xAB, 0xD5, 0xDB, 0xBB, 0x9D, 0xBC, 0xF9, 0xC7, 0xBF, 0x7E, 0xD1, 0xC9, 0xCF, 0x76, 0x6B, 0x14,
    0xDC, 0x9B, 0xEF, 0xDA, 0xE7, 0x28, 0xFD, 0xDF, 0xEC, 0x06, 0x8E, 0x45, 0x05, 0x64, 0x57, 0x18,
    0xBC, 0xB5, 0x34, 0x81, 0xD7, 0x97, 0xB3, 0xA4, 0xF4, 0x04, 0xBC, 0x54, 0xCC, 0xF7, 0x33, 0x2F,
    0xCE, 0x4C, 0x7E, 0x64, 0x62, 0x58, 0xD8, 0x34, 0xF4, 0x18, 0xDB, 0x62, 0xCC, 0xFC, 0xB3, 0xB3,
    0xEF, 0x10, 0x32, 0x9F, 0xD4, 0xC5, 0xB2, 0xF3, 0xD7, 0xC7, 0x1F, 0x7F, 0x84, 0x38, 0xF6, 0xF1,
    0x27, 0xFF, 0xFA, 0xC8, 0xF3, 0x24, 0x1E, 0x5E, 0xF8, 0xDE, 0xF1, 0x3B, 0x08, 0x63, 0x73, 0xE1,
    0xFB, 0x47, 0x25, 0x6D, 0xFE, 0xF6, 0x82, 0xCD, 0x16, 0x47, 0xBE, 0x13, 0x8E, 0x66, 0x1A, 0x50,
    0x1D, 0x2B, 0x9E, 0x1C, 0x12, 0x06, 0x85, 0xF1, 0xFC, 0xED, 0x71, 0x41, 0xB0, 0xE1, 0x75, 0xC9,
    0x31, 0xCA, 0x14, 0xAE, 0x8A, 0x70, 0x86, 0x1E, 0xA4, 0xFC, 0xD6, 0x70, 0xC5, 0xCA, 0x72, 0x59,
    0xC6, 0xEE, 0x03, 0x29, 0x60, 0xC7, 0xC3, 0x56, 0xBE, 0x8E, 0x33, 0x72, 0x5C, 0xDB, 0xE0, 0xF0,
    0x21, 0x63, 0xD4, 0x2C, 0xE3, 0x85, 0x01, 0xE2, 0xB7, 0xAE, 0x24, 0xAF, 0x69, 0x54, 0x8F, 0xE7,
    0x19, 0x43, 0xD7, 0x27, 0xEB, 0xE4, 0x61, 0x46, 0x7F, 0x7A, 0x23, 0x00, 0xE0, 0x4A, 0x26, 0x70,
    0x0D, 0x37, 0x91, 0x03, 0xC8, 0xAD, 0xDB, 0xCC, 0xAD, 0x0D, 0x69, 0x3F, 0xAC, 0x36, 0xE4, 0xE0,
    0xA0, 0xBD, 0x2D, 0x6E, 0xB1, 0xD3, 0x46, 0xC3, 0xA4, 0x68, 0xE2, 0xF6, 0x1A, 0xFA, 0x05, 0xD9,
    0x6A, 0x9D, 0x36, 0x5F, 0xF3, 0xE4, 0xF8, 0x28, 0xAA, 0xC6, 0xC9, 0x27, 0x0B, 0xC1, 0x0A, 0x51,
    0xF4, 0xB4, 0x11, 0x78, 0x23, 0x10, 0x47, 0x60, 0x8E, 0xD0, 0xD3, 0x22, 0x3F, 0xB9, 0xFA, 0x51,
    0xD5, 0xF8, 0x68, 0x2D, 0xDE, 0x6A, 0x67, 0x65, 0x34, 0xC0, 0x70, 0x18, 0x9F, 0x34, 0xE0, 0xE8,
    0x26, 0xC5, 0x54, 0x13, 0xDE, 0xCA, 0x5F, 0xAA, 0x0A, 0xEF, 0x0B, 0xC0, 0x47, 0xFB, 0x48, 0x19,
    0x1F, 0x2B, 0x3F, 0xFC, 0x79, 0x75, 0x39, 0x4D, 0x58, 0xFA, 0x59, 0xB9, 0x66, 0x35, 0xB3, 0xB8,
    0x63, 0xB6, 0x07, 0xDF, 0xDC, 0x49, 0x83, 0x14, 0x39, 0xE3, 0x34, 0x61, 0x03, 0x9D, 0x82, 0xB4,
    0x7D, 0x42, 0xE8, 0xC0, 0x96, 0xE7, 0xDA, 0x92, 0x6F, 0xC8, 0x33, 0x0E, 0x13, 0xAF, 0x4C, 0xE8,
    0xE3, 0x28, 0x2F, 0xF8, 0x8B, 0x23, 0x51, 0xCD, 0xF8, 0xED, 0xD6, 0x4C, 0xEF, 0x7D, 0x2E, 0x47,
    0xA7, 0x75, 0xF7, 0xFE, 0x2D, 0xEA, 0x9F, 0xF8, 0xC7, 0x63, 0xDE, 0x07, 0x3F, 0xDE, 0x55, 0x19,
    0x7C, 0xE6, 0x7F, 0x9F, 0x7E, 0x6D, 0x0D, 0xC7, 0xBF, 0x76, 0x79, 0x1C, 0xFB, 0xCF, 0x8B, 0x33,
    0x4D, 0xBF, 0x5F, 0x61, 0x65, 0x08, 0x67, 0xF6, 0xF2, 0x94, 0x51, 0xE0, 0x5B, 0xF4, 0x39, 0xFE,
    0x37, 0xE0, 0x7F, 0x52, 0xF2, 0xA4, 0x02, 0x83, 0xF3, 0x6A, 0xE5, 0xF8, 0x07, 0x1C, 0x6F, 0x07,
    0xD8, 0x3E, 0xE0, 0x9C, 0x39, 0xE7, 0x78, 0xD2, 0x3C, 0xC6, 0xC2, 0x86, 0x55, 0x97, 0x79, 0x8A,
    0xDF, 0x02, 0x74, 0x59, 0x4D, 0xB6, 0xD3, 0x7E, 0x88, 0x4C, 0x9A, 0x02, 0x4E, 0xE5, 0x78, 0xB2,
    0x1D, 0x2D, 0xCA, 0x19, 0xD6, 0x70, 0x78, 0x49, 0xDF, 0x86, 0x46, 0x18, 0xAB, 0xC0, 0xB6, 0xFF,
    0x07, 0xB3, 0xFF, 0xCF, 0x60, 0xFF, 0x9F, 0x41, 0x34, 0x84, 0x01, 0x00, 0xD5, 0x94, 0x31, 0x72,
    0xDB, 0x30, 0x10, 0x45, 0x97, 0x94, 0xC7, 0x2A, 0x50, 0x60, 0x26, 0x9D, 0x2B, 0x9E, 0x20, 0x83,
    0x13, 0x90, 0x62, 0x97, 0x4B, 0x51, 0x23, 0xA6, 0x4A, 0x91, 0x26, 0x07, 0x52, 0x62, 0xE4, 0x06,
    0xF4, 0x0D, 0x54, 0xE4, 0x00, 0x2C, 0x50, 0xA0, 0x70, 0xB4, 0xD9, 0xFF, 0x01, 0x3A, 0xB2, 0xD3,
    0x25, 0x55, 0x58, 0xEC, 0x8E, 0x24, 0x10, 0x78, 0x1F, 0x78, 0x82, 0x48, 0x7D, 0x5A, 0x9D, 0x4F,
    0xAB, 0x88, 0xD3, 0x8F, 0x6A, 0xAD, 0x9B, 0x77, 0x56, 0x25, 0xC8, 0x3E, 0x5A, 0xEB, 0xC5, 0xA3,
    0x4D, 0xE2, 0x67, 0x91, 0x46, 0x55, 0xAF, 0x36, 0xC2, 0xDA, 0x4F, 0xFB, 0x32, 0xDB, 0x20, 0x7B,
    0x92, 0x0C, 0x56, 0x9B, 0x95, 0xAD, 0x5D, 0xE5, 0x68, 0xCD, 0xA6, 0x98, 0xD0, 0x2E, 0x72, 0x46,
    0x5B, 0x6C, 0xAC, 0x60, 0xC2, 0x64, 0xCD, 0xC5, 0x06, 0xCD, 0xC7, 0x16, 0xEB, 0xF8, 0xB9, 0xB4,
    0xD1, 0xC6, 0xDA, 0xD4, 0x18, 0xFB, 0xB2, 0xF8, 0x60, 0x63, 0xD9, 0xC8, 0x70, 0x24, 0x83, 0x4D,
    0xD8, 0x8D, 0x22, 0xEF, 0xF2, 0xDD, 0xC9, 0x3E, 0x9C, 0x56, 0xFF, 0x6C, 0xED, 0x30, 0xFB, 0x8B,
    0xFC, 0x7E, 0x2C, 0x10, 0xD6, 0xD1, 0x4F, 0x11, 0x71, 0xF0, 0x72, 0x10, 0x37, 0x23, 0x8C, 0x30,
    0x0B, 0x70, 0x35, 0x05, 0x24, 0x59, 0x07, 0x06, 0xE9, 0x99, 0xE3, 0xC8, 0x18, 0x67, 0xA6, 0x38,
    0x33, 0x44, 0x66, 0x86, 0x84, 0x08, 0xF6, 0x8B, 0x51, 0x01, 0xD6, 0x45, 0xEC, 0x90, 0x8F, 0x20,
    0xF6, 0x33, 0x80, 0xFD, 0x08, 0xDE, 0x8E, 0xB8, 0x81, 0xB4, 0x03, 0x97, 0x2A, 0xF5, 0xC8, 0x8A,
    0x8D, 0x30, 0x6C, 0x21, 0xB5, 0x10, 0x5A, 0x5E, 0x31, 0x83, 0xD6, 0xE9, 0xE7, 0x1B, 0x66, 0x4F,
    0x66, 0x3F, 0x82, 0xB9, 0xFB, 0x83, 0x79, 0xB8, 0x61, 0x9E, 0xFE, 0x99, 0x79, 0xFE, 0x0B, 0xE6,
    0x17, 0x75, 0x8A, 0x3B, 0x55, 0x9E, 0x36, 0x95, 0x03, 0xC4, 0xE2, 0x55, 0x9F, 0xEA, 0x4F, 0x11,
    0xC8, 0x96, 0xA5, 0x41, 0x58, 0x18, 0x0A, 0xA1, 0xC3, 0x21, 0x1B, 0x41, 0x89, 0x2C, 0x2F, 0x2D,
    0xEA, 0xAA, 0x46, 0xA1, 0x7A, 0x74, 0xA8, 0x22, 0x0D, 0xD5, 0xA4, 0xBE, 0xAA, 0x34, 0x55, 0x97,
    0xCE, 0x55, 0xA6, 0x5C, 0x6D, 0xCA, 0x45, 0xA7, 0xE6, 0x06, 0xA7, 0x0A, 0xB5, 0x19, 0xB5, 0x29,
    0x55, 0x9D, 0xDA, 0xA4, 0xDA, 0xAC, 0x7A, 0xAB, 0xD5, 0x96, 0x37, 0xD7, 0xBC, 0xA9, 0xE4, 0xC5,
    0xC4, 0xA1, 0x6E, 0x73, 0x5F, 0xB7, 0x78, 0x2A, 0x9B, 0x5C, 0xF2, 0x2E, 0xFF, 0x6B, 0xDE, 0x56,
    0xF1, 0x67, 0xF4, 0x0A, 0x01, 0xC2, 0xF8, 0x95, 0x13, 0x0D, 0x3C, 0xCD, 0x9E, 0x93, 0xE0, 0x9F,
    0x94, 0xEF, 0xD5, 0xDE, 0x4D, 0x9D, 0x0D, 0x6A, 0x52, 0x93, 0xE1, 0x21, 0x08, 0x4C, 0x83, 0x15,
    0x39, 0x60, 0xDD, 0x6E, 0xC1, 0x96, 0xEC, 0x23, 0xAC, 0x73, 0x11, 0xD6, 0xF9, 0x08, 0x2E, 0x4F,
    0xCD, 0xFD, 0x08, 0xA6, 0x8E, 0x64, 0xE6, 0xE1, 0x77, 0x52, 0x2B, 0x6A, 0x7B, 0x7D, 0xE5, 0xA1,
    0x90, 0x91, 0x37, 0x89, 0x7C, 0xA0, 0x8D, 0x8F, 0x0B, 0xEB, 0x58, 0x71, 0x1F, 0xBF, 0xE0, 0x92,
    0x21, 0xAD, 0x7F, 0xFA, 0xC6, 0x6B, 0x24, 0xF0, 0x0A, 0x3B, 0xB0, 0x82, 0xFC, 0x3D, 0xC8, 0x4F,
    0x6A, 0xCC, 0x3B, 0x55, 0xAF, 0xCF, 0xEE, 0xF2, 0x60, 0xD3, 0x62, 0xE9, 0xCC, 0x9A, 0xB0, 0x51,
    0xB6, 0x73, 0xFB, 0x84, 0x33, 0x69, 0x14, 0x27, 0x22, 0x87, 0xC2, 0xBF, 0x82, 0xBF, 0xC9, 0xBC,
    0x99, 0x32, 0xF8, 0x9B, 0x64, 0xF5, 0x87, 0x5B, 0xDD, 0x93, 0xA8, 0x2E, 0x7B, 0x1D, 0xC3, 0xD5,
    0x5E, 0x19, 0x7F, 0x01, 0x25, 0x8E, 0xB1, 0x0D, 0xC3, 0x30, 0x0C, 0x04, 0x09, 0xA9, 0x70, 0xC1,
    0x22, 0x23, 0x24, 0x1B, 0x78, 0x04, 0x0D, 0x90, 0x35, 0xB2, 0x87, 0xB3, 0x4F, 0x56, 0x30, 0x60,
    0x8D, 0x90, 0x11, 0x5C, 0x78, 0x00, 0x95, 0x06, 0xC2, 0xE4, 0x42, 0x4A, 0x04, 0xC1, 0x2F, 0x0E,
    0xCF, 0x7F, 0x11, 0xB9, 0x49, 0x1F, 0xEB, 0x37, 0xD3, 0xE5, 0x42, 0x0D, 0x29, 0xB4, 0x10, 0x5E,
    0x01, 0xF3, 0x21, 0x4B, 0xA0, 0x1A, 0x2B, 0xE5, 0xFD, 0x50, 0x87, 0x7C, 0x6C, 0x32, 0x77, 0x61,
    0x8A, 0xBB, 0x38, 0xDD, 0x59, 0x60, 0xBF, 0xD2, 0x36, 0x78, 0x2E, 0x9C, 0x33, 0x24, 0x68, 0xCA,
    0x6F, 0x82, 0x9A, 0xF8, 0x2A, 0x9E, 0xE1, 0x10, 0x7F, 0xEA, 0x30, 0x22, 0xD4, 0x99, 0xFF, 0x4C,
    0x36, 0xE2, 0xD7, 0xDC, 0xCB, 0xCC, 0xF7, 0x9E, 0xAE, 0xA3, 0x4B, 0x1A, 0xCD, 0x64, 0x1D, 0x12,
    0xAD, 0xFF,
};

static const EpdGlyph notosans_14_italicGlyphs[] = {
    { 0, 0, 0, 0, 0, 0, 0 }, // U+0000
    { 0, 0, 121, 0, 0, 0, 0 }, // U+000D
    { 0, 0, 121, 0, 0, 0, 0 }, // U+0020
    { 9, 21, 122, 0, 21, 48, 0 }, // !
    { 10, 8, 183, 3, 21, 20, 48 }, // "
    { 20, 21, 302, 0, 21, 105, 68 }, // #
    { 16, 25, 257, 0, 22, 100, 173 }, // $
    { 21, 21, 373, 2, 21, 111, 273 }, // %
    { 19, 21, 314, 0, 21, 100, 384 }, // &
    { 4, 8, 103, 3, 21, 8, 484 }, // '
    { 10, 26, 135, 1, 21, 65, 492 }, // (
    { 11, 26, 135, -3, 21, 72, 557 }, // )
    { 14, 14, 257, 3, 23, 49, 629 }, // *
    { 14, 14, 267, 2, 17, 49, 678 }, // +
    { 7, 7, 119, -2, 3, 13, 727 }, // ,
    { 9, 3, 146, 0, 10, 7, 740 }, // -
    { 5, 4, 119, 0, 4, 5, 747 }, // .
    { 15, 21, 166, -2, 21, 79, 752 }, // /
    { 15, 21, 261, 1, 21, 79, 831 }, // 0
    { 10, 21, 213, 2, 21, 53, 910 }, // 1
    { 16, 21, 257, -1, 21, 84, 963 }, // 2
    { 16, 21, 257, -1, 21, 84, 1047 }, // 3
    { 16, 21, 257, 0, 21, 84, 1131 }, // 4
    { 15, 21, 257, 0, 21, 79, 1215 }, // 5
    { 15, 21, 257, 1, 21, 79, 1294 }, // 6
    { 15, 21, 223, 1, 21, 79, 1373 }, // 7
    { 16, 21, 258, 0, 21, 84, 1452 }, // 8
    { 15, 21, 257, 0, 21, 79, 1536 }, // 9
    { 7, 16, 119, 0, 16, 28, 1615 }, // :
    { 9, 20, 119, -2, 16, 45, 1643 }, // ;
    { 14, 15, 267, 2, 18, 53, 1688 }, // <
    { 14, 8, 267, 2, 14, 28, 1741 }, // =
    { 14, 15, 267, 2, 18, 53, 1769 }, // >
    { 12, 21, 201, 2, 21, 63, 1822 }, // ?
    { 23, 24, 396, 1, 21, 138, 1885 }, // @
    { 17, 21, 262, -2, 21, 90, 2023 }, // A
    { 17, 21, 280, 1, 21, 90, 2113 }, // B
    { 17, 21, 274, 2, 21, 90, 2203 }, // C
    { 18, 21, 311, 1, 21, 95, 2293 }, // D
    { 16, 21, 240, 1, 21, 84, 2388 }, // E
    { 16, 21, 223, 1, 21, 84, 2472 }, // F
    { 18, 21, 316, 2, 21, 95, 2556 }, // G
    { 19, 21, 317, 1, 21, 100, 2651 }, // H
    { 13, 21, 151, -1, 21, 69, 2751 }, // I
    { 14, 27, 127, -5, 21, 95, 2820 }, // J
    { 18, 21, 262, 1, 21, 95, 2915 }, // K
    { 12, 21, 223, 1, 21, 63, 3010 }, // L
    { 24, 21, 393, 1, 21, 126, 3073 }, // M
    { 20, 21, 330, 1, 21, 105, 3199 }, // N
    { 19, 21, 337, 2, 21, 100, 3304 }, // O
    { 16, 21, 265, 1, 21, 84, 3404 }, // P
    { 19, 26, 337, 2, 21, 124, 3488 }, // Q
    { 16, 21, 267, 1, 21, 84, 3612 }, // R
    { 16, 21, 236, 0, 21, 84, 3696 }, // S
    { 16, 21, 234, 2, 21, 84, 3780 }, // T
    { 19, 21, 316, 2, 21, 100, 3864 }, // U
    { 17, 21, 258, 2, 21, 90, 3964 }, // V
    { 25, 21, 400, 3, 21, 132, 4054 }, // W
    { 20, 21, 246, -2, 21, 105, 4186 }, // X
    { 16, 21, 238, 2, 21, 84, 4291 }, // Y
    { 18, 21, 248, -1, 21, 95, 4375 }, // Z
    { 12, 26, 135, -1, 21, 78, 4470 }, // [
    { 6, 21, 166, 3, 21, 32, 4548 }, // <backslash>
    { 12, 26, 135, -3, 21, 78, 4580 }, // ]
    { 15, 14, 267, 1, 22, 53, 4658 }, // ^
    { 13, 3, 184, -3, -2, 10, 4711 }, // _
    { 6, 5, 130, 4, 23, 8, 4721 }, // `
    { 16, 16, 265, 1, 16, 64, 4729 }, // a
    { 16, 22, 270, 0, 22, 88, 4793 }, // b
    { 13, 16, 211, 1, 16, 52, 4881 }, // c
    { 17, 22, 270, 1, 22, 94, 4933 }, // d
    { 13, 16, 233, 1, 16, 52, 5027 }, // e
    { 17, 30, 148, -4, 23, 128, 5079 }, // f
    { 17, 23, 270, 0, 16, 98, 5207 }, // g
    { 16, 22, 270, 0, 22, 88, 5305 }, // h
    { 8, 21, 120, 0, 21, 42, 5393 }, // i
    { 12, 28, 120, -4, 21, 84, 5435 }, // j
    { 16, 22, 231, 0, 22, 88, 5519 }, // k
    { 9, 22, 120, 0, 22, 50, 5607 }, // l
    { 24, 16, 408, 0, 16, 96, 5657 }, // m
    { 16, 16, 270, 0, 16, 64, 5753 }, // n
    { 15, 16, 263, 1, 16, 60, 5817 }, // o
    { 17, 23, 270, -1, 16, 98, 5877 }, // p
    { 16, 23, 270, 1, 16, 92, 5975 }, // q
    { 13, 16, 186, 0, 16, 52, 6067 }, // r
    { 13, 16, 202, 0, 16, 52, 6119 }, // s
    { 10, 20, 155, 1, 20, 50, 6171 }, // t
    { 16, 16, 270, 1, 16, 64, 6221 }, // u
    { 15, 16, 218, 1, 16, 60, 6285 }, // v
    { 22, 16, 337, 1, 16, 88, 6345 }, // w
    { 17, 16, 225, -2, 16, 68, 6433 }, // x
    { 19, 23, 218, -3, 16, 110, 6501 }, // y
    { 14, 16, 208, -1, 16, 56, 6611 }, // z
    { 12, 26, 163, 0, 21, 78, 6667 }, // {
    { 3, 29, 257, 7, 22, 22, 6745 }, // |
    { 13, 26, 163, -2, 21, 85, 6767 }, // }
    { 14, 4, 267, 2, 12, 14, 6852 }, // ~
    { 0, 0, 121, 0, 0, 0, 0 }, // U+00A0
    { 9, 22, 122, -1, 16, 50, 0 }, // U+00A1
    { 13, 21, 257, 3, 21, 69, 50 }, // U+00A2
    { 18, 21, 257, -1, 21, 95, 119 }, // U+00A3
    { 13, 14, 257, 2, 17, 46, 214 }, // U+00A4
    { 17, 21, 257, 1, 21, 90, 260 }, // U+00A5
    { 3, 29, 257, 7, 22, 22, 350 }, // U+00A6
    { 15, 23, 227, 0, 23, 87, 372 }, // U+00A7
    { 9, 3, 259, 6, 22, 7, 459 }, // U+00A8
    { 22, 22, 388, 1, 22, 121, 466 }, // U+00A9
    { 10, 10, 158, 2, 21, 25, 587 }, // U+00AA
    { 13, 13, 223, 1, 14, 43, 612 }, // U+00AB
    { 14, 9, 267, 2, 12, 32, 655 }, // U+00AC
    { 9, 3, 146, 0, 10, 7, 687 }, // U+00AD
    { 22, 22, 388, 1, 22, 121, 694 }, // U+00AE
    { 13, 3, 183, 2, 25, 10, 815 }, // U+00AF
    { 10, 10, 200, 1, 22, 25, 825 }, // U+00B0
    { 14, 17, 267, 2, 17, 60, 850 }, // U+00B1
    { 10, 13, 165, 2, 25, 33, 910 }, // U+00B2
    { 10, 13, 165, 2, 25, 33, 943 }, // U+00B3
    { 7, 5, 123, 3, 23, 9, 976 }, // U+00B4
    { 18, 23, 273, -1, 16, 104, 985 }, // U+00B5
    { 16, 26, 306, 2, 22, 104, 1089 }, // U+00B6
    { 5, 4, 119, 2, 12, 5, 1193 }, // U+00B7
    { 7, 7, 96, -3, 0, 13, 1198 }, // U+00B8
    { 7, 13, 165, 4, 25, 23, 1211 }, // U+00B9
    { 9, 10, 158, 2, 21, 23, 1234 }, // U+00BA
    { 13, 13, 223, 0, 14, 43, 1257 }, // U+00BB
    { 19, 21, 342, 2, 21, 100, 1300 }, // U+00BC
    { 21, 21, 376, 2, 21, 111, 1400 }, // U+00BD
    { 22, 23, 370, 1, 23, 127, 1511 }, // U+00BE
    { 12, 22, 201, -1, 16, 66, 1638 }, // U+00BF
    { 17, 28, 262, -2, 28, 119, 1704 }, // U+00C0
    { 19, 28, 262, -2, 28, 133, 1823 }, // U+00C1
    { 18, 28, 262, -2, 28, 126, 1956 }, // U+00C2
    { 20, 27, 262, -2, 27, 135, 2082 }, // U+00C3
    { 18, 27, 262, -2, 27, 122, 2217 }, // U+00C4
    { 17, 29, 262, -2, 29, 124, 2339 }, // U+00C5
    { 28, 21, 385, -2, 21, 147, 2463 }, // U+00C6
    { 17, 28, 274, 2, 21, 119, 2610 }, // U+00C7
    { 16, 28, 240, 1, 28, 112, 2729 }, // U+00C8
    { 16, 28, 240, 1, 28, 112, 2841 }, // U+00C9
    { 16, 28, 240, 1, 28, 112, 2953 }, // U+00CA
    { 16, 27, 240, 1, 27, 108, 3065 }, // U+00CB
    { 13, 28, 151, -1, 28, 91, 3173 }, // U+00CC
    { 14, 28, 151, -1, 28, 98, 3264 }, // U+00CD
    { 14, 28, 151, -1, 28, 98, 3362 }, // U+00CE
    { 14, 27, 151, -1, 27, 95, 3460 }, // U+00CF
    { 19, 21, 311, 0, 21, 100, 3555 }, // U+00D0
    { 20, 27, 330, 1, 27, 135, 3655 }, // U+00D1
    { 19, 28, 337, 2, 28, 133, 3790 }, // U+00D2
    { 19, 28, 337, 2, 28, 133, 3923 }, // U+00D3
    { 19, 28, 337, 2, 28, 133, 4056 }, // U+00D4
    { 19, 27, 337, 2, 27, 129, 4189 }, // U+00D5
    { 19, 27, 337, 2, 27, 129, 4318 }, // U+00D6
    { 14, 14, 267, 2, 17, 49, 4447 }, // U+00D7
    { 20, 23, 337, 1, 22, 115, 4496 }, // U+00D8
    { 19, 28, 316, 2, 28, 133, 4611 }, // U+00D9
    { 19, 28, 316, 2, 28, 133, 4744 }, // U+00DA
    { 19, 28, 316, 2, 28, 133, 4877 }, // U+00DB
    { 19, 27, 316, 2, 27, 129, 5010 }, // U+00DC
    { 16, 28, 238, 2, 28, 112, 5139 }, // U+00DD
    { 15, 21, 265, 1, 21, 79, 5251 }, // U+00DE
    { 21, 30, 273, -4, 23, 158, 5330 }, // U+00DF
    { 16, 23, 265, 1, 23, 92, 5488 }, // U+00E0
    { 16, 22, 265, 1, 22, 88, 5580 }, // U+00E1
    { 16, 23, 265, 1, 23, 92, 5668 }, // U+00E2
    { 16, 21, 265, 1, 21, 84, 5760 }, // U+00E3
    { 16, 21, 265, 1, 21, 84, 5844 }, // U+00E4
    { 16, 24, 265, 1, 24, 96, 5928 }, // U+00E5
    { 23, 16, 383, 1, 16, 92, 6024 }, // U+00E6
    { 13, 23, 211, 1, 16, 75, 6116 }, // U+00E7
    { 13, 23, 233, 1, 23, 75, 6191 }, // U+00E8
    { 14, 23, 233, 1, 23, 81, 6266 }, // U+00E9
    { 13, 23, 233, 1, 23, 75, 6347 }, // U+00EA
    { 13, 21, 233, 1, 21, 69, 6422 }, // U+00EB
    { 8, 22, 120, 0, 22, 44, 6491 }, // U+00EC
    { 11, 23, 120, 0, 23, 64, 6535 }, // U+00ED
    { 11, 23, 120, 0, 23, 64, 6599 }, // U+00EE
    { 11, 21, 120, 0, 21, 58, 6663 }, // U+00EF
    { 16, 23, 266, 1, 23, 92, 6721 }, // U+00F0
    { 17, 21, 270, 0, 21, 90, 6813 }, // U+00F1
    { 15, 23, 263, 1, 23, 87, 6903 }, // U+00F2
    { 15, 23, 263, 1, 23, 87, 6990 }, // U+00F3
    { 15, 23, 263, 1, 23, 87, 7077 }, // U+00F4
    { 15, 21, 263, 1, 21, 79, 7164 }, // U+00F5
    { 15, 21, 263, 1, 21, 79, 7243 }, // U+00F6
    { 14, 14, 267, 2, 18, 49, 7322 }, // U+00F7
    { 16, 18, 263, 0, 17, 72, 7371 }, // U+00F8
    { 16, 23, 270, 1, 23, 92, 7443 }, // U+00F9
    { 16, 22, 270, 1, 22, 88, 7535 }, // U+00FA
    { 16, 22, 270, 1, 22, 88, 7623 }, // U+00FB
    { 16, 21, 270, 1, 21, 84, 7711 }, // U+00FC
    { 19, 30, 218, -3, 23, 143, 7795 }, // U+00FD
    { 17, 29, 270, -1, 22, 124, 7938 }, // U+00FE
    { 19, 28, 218, -3, 21, 133, 8062 }, // U+00FF
    { 18, 26, 262, -2, 26, 117, 0 }, // U+0100
    { 16, 21, 265, 1, 21, 84, 117 }, // U+0101
    { 19, 27, 262, -2, 27, 129, 201 }, // U+0102
    { 16, 22, 265, 1, 22, 88, 330 }, // U+0103
    { 17, 29, 262, -2, 21, 124, 418 }, // U+0104
    { 16, 23, 265, 1, 16, 92, 542 }, // U+0105
    { 17, 28, 274, 2, 28, 119, 634 }, // U+0106
    { 13, 23, 211, 1, 23, 75, 753 }, // U+0107
    { 17, 28, 274, 2, 28, 119, 828 }, // U+0108
    { 13, 23, 211, 1, 23, 75, 947 }, // U+0109
    { 17, 27, 274, 2, 27, 115, 1022 }, // U+010A
    { 13, 21, 211, 1, 21, 69, 1137 }, // U+010B
    { 17, 28, 274, 2, 28, 119, 1206 }, // U+010C
    { 14, 23, 211, 1, 23, 81, 1325 }, // U+010D
    { 18, 28, 311, 1, 28, 126, 1406 }, // U+010E
    { 22, 22, 286, 1, 22, 121, 1532 }, // U+010F
    { 19, 21, 311, 0, 21, 100, 1653 }, // U+0110
    { 18, 22, 270, 1, 22, 99, 1753 }, // U+0111
    { 16, 26, 240, 1, 26, 104, 1852 }, // U+0112
    { 13, 21, 233, 1, 21, 69, 1956 }, // U+0113
    { 16, 27, 240, 1, 27, 108, 2025 }, // U+0114
    { 14, 22, 233, 1, 22, 77, 2133 }, // U+0115
    { 16, 27, 240, 1, 27, 108, 2210 }, // U+0116
    { 13, 21, 233, 1, 21, 69, 2318 }, // U+0117
    { 16, 29, 240, 1, 21, 116, 2387 }, // U+0118
    { 13, 23, 233, 1, 16, 75, 2503 }, // U+0119
    { 16, 28, 240, 1, 28, 112, 2578 }, // U+011A
    { 14, 23, 233, 1, 23, 81, 2690 }, // U+011B
    { 18, 28, 316, 2, 28, 126, 2771 }, // U+011C
    { 17, 30, 270, 0, 23, 128, 2897 }, // U+011D
    { 18, 27, 316, 2, 27, 122, 3025 }, // U+011E
    { 17, 29, 270, 0, 22, 124, 3147 }, // U+011F
    { 18, 27, 316, 2, 27, 122, 3271 }, // U+0120
    { 17, 28, 270, 0, 21, 119, 3393 }, // U+0121
    { 18, 27, 316, 2, 21, 122, 3512 }, // U+0122
    { 17, 30, 270, 0, 23, 128, 3634 }, // U+0123
    { 19, 28, 317, 1, 28, 133, 3762 }, // U+0124
    { 16, 29, 270, 0, 29, 116, 3895 }, // U+0125
    { 21, 21, 317, 1, 21, 111, 4011 }, // U+0126
    { 16, 22, 270, 0, 22, 88, 4122 }, // U+0127
    { 15, 27, 151, -1, 27, 102, 4210 }, // U+0128
    { 12, 21, 120, 0, 21, 63, 4312 }, // U+0129
    { 14, 26, 151, -1, 26, 91, 4375 }, // U+012A
    { 11, 20, 120, 0, 20, 55, 4466 }, // U+012B
    { 14, 27, 151, -1, 27, 95, 4521 }, // U+012C
    { 11, 22, 120, 0, 22, 61, 4616 }, // U+012D
    { 13, 29, 151, -1, 21, 95, 4677 }, // U+012E
    { 9, 29, 120, -1, 21, 66, 4772 }, // U+012F
    { 13, 27, 151, -1, 27, 88, 4838 }, // U+0130
    { 7, 16, 120, 0, 16, 28, 4926 }, // U+0131
    { 19, 27, 279, -1, 21, 129, 4954 }, // U+0132
    { 16, 28, 241, 0, 21, 112, 5083 }, // U+0133
    { 17, 34, 127, -5, 28, 145, 5195 }, // U+0134
    { 15, 30, 120, -4, 23, 113, 5340 }, // U+0135
    { 18, 28, 262, 1, 21, 126, 5453 }, // U+0136
    { 16, 29, 231, 0, 22, 116, 5579 }, // U+0137
    { 16, 16, 231, 0, 16, 64, 5695 }, // U+0138
    { 12, 28, 223, 1, 28, 84, 5759 }, // U+0139
    { 12, 29, 120, 0, 29, 87, 5843 }, // U+013A
    { 12, 28, 223, 1, 21, 84, 5930 }, // U+013B
    { 11, 29, 120, -2, 22, 80, 6014 }, // U+013C
    { 15, 21, 223, 1, 21, 79, 6094 }, // U+013D
    { 13, 22, 134, 0, 22, 72, 6173 }, // U+013E
    { 12, 21, 223, 1, 21, 63, 6245 }, // U+013F
    { 11, 22, 139, 0, 22, 61, 6308 }, // U+0140
    { 13, 21, 223, 0, 21, 69, 6369 }, // U+0141
    { 9, 22, 120, 0, 22, 50, 6438 }, // U+0142
    { 20, 28, 330, 1, 28, 140, 6488 }, // U+0143
    { 16, 23, 270, 0, 23, 92, 6628 }, // U+0144
    { 20, 28, 330, 1, 21, 140, 6720 }, // U+0145
    { 16, 22, 270, 0, 16, 88, 6860 }, // U+0146
    { 20, 28, 330, 1, 28, 140, 6948 }, // U+0147
    { 16, 23, 270, 0, 23, 92, 7088 }, // U+0148
    { 17, 21, 307, 1, 21, 90, 7180 }, // U+0149
    { 20, 27, 330, 1, 21, 135, 7270 }, // U+014A
    { 16, 23, 270, 0, 16, 92, 7405 }, // U+014B
    { 19, 26, 337, 2, 26, 124, 7497 }, // U+014C
    { 15, 21, 263, 1, 21, 79, 7621 }, // U+014D
    { 19, 27, 337, 2, 27, 129, 7700 }, // U+014E
    { 15, 22, 263, 1, 22, 83, 7829 }, // U+014F
    { 20, 28, 337, 2, 28, 140, 7912 }, // U+0150
    { 17, 23, 263, 1, 23, 98, 8052 }, // U+0151
    { 25, 21, 401, 2, 21, 132, 8150 }, // U+0152
    { 24, 16, 404, 1, 16, 96, 8282 }, // U+0153
    { 16, 28, 267, 1, 28, 112, 8378 }, // U+0154
    { 14, 23, 186, 0, 23, 81, 8490 }, // U+0155
    { 16, 28, 267, 1, 21, 112, 8571 }, // U+0156
    { 14, 23, 186, -1, 16, 81, 8683 }, // U+0157
    { 16, 28, 267, 1, 28, 112, 8764 }, // U+0158
    { 15, 23, 186, 0, 23, 87, 8876 }, // U+0159
    { 16, 28, 236, 0, 28, 112, 8963 }, // U+015A
    { 13, 23, 202, 0, 23, 75, 9075 }, // U+015B
    { 16, 28, 236, 0, 28, 112, 9150 }, // U+015C
    { 13, 23, 202, 0, 23, 75, 9262 }, // U+015D
    { 16, 28, 236, 0, 21, 112, 9337 }, // U+015E
    { 13, 23, 202, 0, 16, 75, 9449 }, // U+015F
    { 16, 28, 236, 0, 28, 112, 9524 }, // U+0160
    { 14, 23, 202, 0, 23, 81, 9636 }, // U+0161
    { 16, 28, 234, 2, 21, 112, 9717 }, // U+0162
    { 11, 27, 155, 0, 20, 75, 9829 }, // U+0163
    { 16, 28, 234, 2, 28, 112, 9904 }, // U+0164
    { 12, 22, 155, 1, 22, 66, 10016 }, // U+0165
    { 16, 21, 234, 2, 21, 84, 10082 }, // U+0166
    { 11, 20, 155, 0, 20, 55, 10166 }, // U+0167
    { 19, 27, 316, 2, 27, 129, 10221 }, // U+0168
    { 16, 21, 270, 1, 21, 84, 10350 }, // U+0169
    { 19, 26, 316, 2, 26, 124, 10434 }, // U+016A
    { 16, 21, 270, 1, 21, 84, 10558 }, // U+016B
    { 19, 27, 316, 2, 27, 129, 10642 }, // U+016C
    { 16, 22, 270, 1, 22, 88, 10771 }, // U+016D
    { 19, 29, 316, 2, 29, 138, 10859 }, // U+016E
    { 16, 24, 270, 1, 24, 96, 10997 }, // U+016F
    { 19, 28, 316, 2, 28, 133, 11093 }, // U+0170
    { 17, 23, 270, 1, 23, 98, 11226 }, // U+0171
    { 19, 28, 316, 2, 21, 133, 11324 }, // U+0172
    { 16, 23, 270, 1, 16, 92, 11457 }, // U+0173
    { 25, 28, 400, 3, 28, 175, 11549 }, // U+0174
    { 22, 23, 337, 1, 23, 127, 11724 }, // U+0175
    { 16, 28, 238, 2, 28, 112, 11851 }, // U+0176
    { 19, 30, 218, -3, 23, 143, 11963 }, // U+0177
    { 16, 27, 238, 2, 27, 108, 12106 }, // U+0178
    { 18, 28, 248, -1, 28, 126, 12214 }, // U+0179
    { 15, 23, 208, -1, 23, 87, 12340 }, // U+017A
    { 18, 27, 248, -1, 27, 122, 12427 }, // U+017B
    { 14, 21, 208, -1, 21, 74, 12549 }, // U+017C
    { 18, 28, 248, -1, 28, 126, 12623 }, // U+017D
    { 15, 23, 208, -1, 23, 87, 12749 }, // U+017E
    { 17, 30, 132, -4, 23, 128, 12836 }, // U+017F
    { 23, 22, 336, 2, 22, 127, 0 }, // U+01A0
    { 19, 19, 265, 1, 19, 91, 127 }, // U+01A1
    { 24, 22, 339, 2, 22, 132, 218 }, // U+01AF
    { 21, 19, 292, 1, 19, 100, 350 }, // U+01B0
    { 36, 28, 559, 1, 28, 252, 450 }, // U+01C4
    { 33, 23, 519, 1, 23, 190, 702 }, // U+01C5
    { 30, 22, 478, 1, 22, 165, 892 }, // U+01C6
    { 22, 27, 351, 1, 21, 149, 1057 }, // U+01C7
    { 21, 28, 344, 1, 21, 147, 1206 }, // U+01C8
    { 16, 29, 241, 0, 22, 116, 1353 }, // U+01C9
    { 28, 27, 457, 1, 21, 189, 1469 }, // U+01CA
    { 28, 28, 450, 1, 21, 196, 1658 }, // U+01CB
    { 25, 28, 391, 0, 21, 175, 1854 }, // U+01CC
    { 19, 28, 262, -2, 28, 133, 2029 }, // U+01CD
    { 16, 23, 265, 1, 23, 92, 2162 }, // U+01CE
    { 15, 28, 151, -1, 28, 105, 2254 }, // U+01CF
    { 12, 22, 120, 0, 22, 66, 2359 }, // U+01D0
    { 19, 28, 337, 2, 28, 133, 2425 }, // U+01D1
    { 15, 23, 263, 1, 23, 87, 2558 }, // U+01D2
    { 19, 28, 316, 2, 28, 133, 2645 }, // U+01D3
    { 16, 23, 270, 1, 23, 92, 2778 }, // U+01D4
    { 19, 30, 316, 2, 30, 143, 2870 }, // U+01D5
    { 16, 25, 270, 1, 25, 100, 3013 }, // U+01D6
    { 19, 31, 316, 2, 31, 148, 3113 }, // U+01D7
    { 16, 26, 270, 1, 26, 104, 3261 }, // U+01D8
    { 19, 32, 316, 2, 32, 152, 3365 }, // U+01D9
    { 16, 27, 270, 1, 27, 108, 3517 }, // U+01DA
    { 19, 31, 316, 2, 31, 148, 3625 }, // U+01DB
    { 16, 26, 270, 1, 26, 104, 3773 }, // U+01DC
    { 14, 16, 230, 0, 16, 56, 3877 }, // U+01DD
    { 19, 30, 262, -2, 30, 143, 3933 }, // U+01DE
    { 16, 25, 265, 1, 25, 100, 4076 }, // U+01DF
    { 19, 30, 262, -2, 30, 143, 4176 }, // U+01E0
    { 16, 25, 265, 1, 25, 100, 4319 }, // U+01E1
    { 28, 26, 385, -2, 26, 182, 4419 }, // U+01E2
    { 23, 21, 383, 1, 21, 121, 4601 }, // U+01E3
    { 18, 21, 316, 2, 21, 95, 4722 }, // U+01E4
    { 17, 23, 236, 0, 16, 98, 4817 }, // U+01E5
    { 18, 28, 316, 2, 28, 126, 4915 }, // U+01E6
    { 17, 30, 270, 0, 23, 128, 5041 }, // U+01E7
    { 18, 28, 262, 1, 28, 126, 5169 }, // U+01E8
    { 16, 29, 231, 0, 29, 116, 5295 }, // U+01E9
    { 19, 28, 337, 2, 21, 133, 5411 }, // U+01EA
    { 15, 23, 263, 1, 16, 87, 5544 }, // U+01EB
    { 19, 33, 337, 2, 26, 157, 5631 }, // U+01EC
    { 15, 28, 263, 1, 21, 105, 5788 }, // U+01ED
    { 16, 28, 247, 0, 28, 112, 5893 }, // U+01EE
    { 16, 30, 217, -2, 23, 120, 6005 }, // U+01EF
    { 16, 30, 120, -4, 23, 120, 6125 }, // U+01F0
    { 36, 21, 559, 1, 21, 189, 6245 }, // U+01F1
    { 32, 21, 519, 1, 21, 168, 6434 }, // U+01F2
    { 29, 22, 478, 1, 22, 160, 6602 }, // U+01F3
    { 18, 28, 316, 2, 28, 126, 6762 }, // U+01F4
    { 17, 30, 270, 0, 23, 128, 6888 }, // U+01F5
    { 25, 21, 419, 1, 21, 132, 7016 }, // U+01F6
    { 20, 28, 295, -1, 21, 140, 7148 }, // U+01F7
    { 20, 28, 330, 1, 28, 140, 7288 }, // U+01F8
    { 16, 23, 270, 0, 23, 92, 7428 }, // U+01F9
    { 19, 28, 262, -2, 28, 133, 7520 }, // U+01FA
    { 16, 29, 265, 1, 29, 116, 7653 }, // U+01FB
    { 28, 28, 385, -2, 28, 196, 7769 }, // U+01FC
    { 23, 23, 383, 1, 23, 133, 7965 }, // U+01FD
    { 20, 29, 337, 1, 28, 145, 8098 }, // U+01FE
    { 16, 24, 263, 0, 23, 96, 8243 }, // U+01FF
    { 17, 28, 262, -2, 28, 119, 8339 }, // U+0200
    { 16, 23, 265, 1, 23, 92, 8458 }, // U+0201
    { 18, 27, 262, -2, 27, 122, 8550 }, // U+0202
    { 16, 22, 265, 1, 22, 88, 8672 }, // U+0203
    { 16, 28, 240, 1, 28, 112, 8760 }, // U+0204
    { 13, 23, 233, 1, 23, 75, 8872 }, // U+0205
    { 16, 27, 240, 1, 27, 108, 8947 }, // U+0206
    { 13, 22, 233, 1, 22, 72, 9055 }, // U+0207
    { 13, 28, 151, -1, 28, 91, 9127 }, // U+0208
    { 11, 22, 120, -2, 22, 61, 9218 }, // U+0209
    { 14, 27, 151, -1, 27, 95, 9279 }, // U+020A
    { 11, 22, 120, 0, 22, 61, 9374 }, // U+020B
    { 19, 28, 337, 2, 28, 133, 9435 }, // U+020C
    { 15, 23, 263, 1, 23, 87, 9568 }, // U+020D
    { 19, 28, 337, 2, 28, 133, 9655 }, // U+020E
    { 15, 22, 263, 1, 22, 83, 9788 }, // U+020F
    { 16, 28, 267, 1, 28, 112, 9871 }, // U+0210
    { 13, 22, 186, 0, 22, 72, 9983 }, // U+0211
    { 16, 27, 267, 1, 27, 108, 10055 }, // U+0212
    { 14, 22, 186, 0, 22, 77, 10163 }, // U+0213
    { 19, 28, 316, 2, 28, 133, 10240 }, // U+0214
    { 16, 22, 270, 1, 22, 88, 10373 }, // U+0215
    { 19, 28, 316, 2, 28, 133, 10461 }, // U+0216
    { 16, 22, 270, 1, 22, 88, 10594 }, // U+0217
    { 16, 27, 236, 0, 21, 108, 10682 }, // U+0218
    { 13, 22, 202, 0, 16, 72, 10790 }, // U+0219
    { 16, 28, 234, 2, 21, 112, 10862 }, // U+021A
    { 10, 26, 155, 1, 20, 65, 10974 }, // U+021B
    { 19, 27, 268, -2, 21, 129, 11039 }, // U+021C
    { 16, 24, 232, -2, 16, 96, 11168 }, // U+021D
    { 19, 28, 317, 1, 28, 133, 11264 }, // U+021E
    { 16, 29, 270, 0, 29, 116, 11397 }, // U+021F
    { 6, 5, 0, -12, 23, 8, 0 }, // U+0300
    { 7, 5, 0, -7, 23, 9, 8 }, // U+0301
    { 10, 5, 0, -3, 23, 13, 17 }, // U+0302
    { 12, 4, 0, -13, 22, 12, 30 }, // U+0303
    { 9, 3, 0, -2, 21, 7, 42 }, // U+0304
    { 13, 3, 0, -3, 26, 10, 49 }, // U+0305
    { 9, 4, 0, -2, 22, 9, 59 }, // U+0306
    { 4, 3, 0, 1, 21, 3, 68 }, // U+0307
    { 9, 3, 0, -2, 22, 7, 71 }, // U+0308
    { 6, 8, 0, -9, 25, 12, 78 }, // U+0309
    { 7, 7, 0, -1, 24, 13, 90 }, // U+030A
    { 12, 5, 0, -2, 23, 15, 103 }, // U+030B
    { 10, 5, 0, -2, 23, 13, 118 }, // U+030C
    { 5, 8, 0, 0, 23, 10, 131 }, // U+030D
    { 9, 5, 0, -2, 22, 12, 141 }, // U+030E
    { 11, 5, 0, -15, 23, 14, 153 }, // U+030F
    { 10, 7, 0, -2, 25, 18, 167 }, // U+0310
    { 9, 5, 0, -2, 23, 12, 185 }, // U+0311
    { 6, 7, 0, -1, 21, 11, 197 }, // U+0312
    { 6, 7, 0, -1, 21, 11, 208 }, // U+0313
    { 4, 7, 0, 0, 21, 7, 219 }, // U+0314
    { 6, 7, 0, -1, 21, 11, 226 }, // U+0315
    { 6, 5, 0, -6, -1, 8, 237 }, // U+0316
    { 7, 5, 0, -5, -1, 9, 245 }, // U+0317
    { 6, 6, 0, -5, 0, 9, 254 }, // U+0318
    { 7, 6, 0, -6, 0, 11, 263 }, // U+0319
    { 10, 9, 152, 2, 24, 23, 274 }, // U+031A
    { 8, 7, 0, -2, 22, 14, 297 }, // U+031B
    { 5, 6, 0, -2, -1, 8, 311 }, // U+031C
    { 7, 5, 0, -6, -1, 9, 319 }, // U+031D
    { 8, 6, 0, -6, 0, 12, 328 }, // U+031E
    { 7, 6, 0, -6, -1, 11, 340 }, // U+031F
    { 7, 3, 0, -6, -2, 6, 351 }, // U+0320
    { 7, 8, 0, -6, 1, 14, 357 }, // U+0321
    { 6, 8, 0, -3, 1, 12, 371 }, // U+0322
    { 4, 3, 0, -13, -2, 3, 383 }, // U+0323
    { 9, 3, 0, -7, -2, 7, 386 }, // U+0324
    { 7, 7, 0, -6, 0, 13, 393 }, // U+0325
    { 5, 5, 0, 2, -1, 7, 406 }, // U+0326
    { 6, 7, 0, -5, 0, 11, 413 }, // U+0327
    { 6, 7, 0, -5, 1, 11, 424 }, // U+0328
    { 5, 8, 0, -5, -1, 10, 435 }, // U+0329
    { 12, 6, 0, -8, 0, 18, 445 }, // U+032A
    { 12, 5, 0, -8, -1, 15, 463 }, // U+032B
    { 10, 5, 0, -7, -1, 13, 478 }, // U+032C
    { 10, 5, 0, -7, -1, 13, 491 }, // U+032D
    { 10, 4, 0, -7, -1, 10, 504 }, // U+032E
    { 9, 5, 0, -7, -1, 12, 514 }, // U+032F
    { 11, 4, 0, -8, -1, 11, 526 }, // U+0330
    { 9, 3, 0, -7, -2, 7, 537 }, // U+0331
    { 13, 3, 0, -9, -2, 10, 544 }, // U+0332
    { 14, 6, 0, -9, -1, 21, 554 }, // U+0333
    { 12, 4, 0, -6, 10, 12, 575 }, // U+0334
    { 12, 3, 0, -6, 11, 9, 587 }, // U+0335
    { 20, 3, 0, -10, 10, 15, 596 }, // U+0336
    { 10, 7, 0, -5, 12, 18, 611 }, // U+0337
    { 16, 24, 0, -8, 22, 96, 629 }, // U+0338
    { 5, 7, 0, -2, 0, 9, 725 }, // U+0339
    { 12, 5, 0, -8, -1, 15, 734 }, // U+033A
    { 12, 7, 0, -8, 0, 21, 749 }, // U+033B
    { 12, 4, 0, -8, -2, 12, 770 }, // U+033C
    { 8, 7, 0, -1, 23, 14, 782 }, // U+033D
    { 7, 9, 0, -1, 25, 16, 796 }, // U+033E
    { 14, 6, 0, -3, 28, 21, 812 }, // U+033F
    { 6, 5, 0, -2, 23, 8, 833 }, // U+0340
    { 7, 5, 0, 1, 23, 9, 841 }, // U+0341
    { 12, 4, 0, 4, 22, 12, 850 }, // U+0342
    { 6, 7, 0, 0, 24, 11, 862 }, // U+0343
    { 11, 6, 0, -3, 24, 17, 873 }, // U+0344
    { 5, 5, 0, -4, -2, 7, 890 }, // U+0345
    { 14, 6, 0, -4, 24, 21, 897 }, // U+0346
    { 14, 6, 0, -9, -1, 21, 918 }, // U+0347
    { 9, 5, 0, -7, -1, 12, 939 }, // U+0348
    { 7, 7, 0, -5, -1, 13, 951 }, // U+0349
    { 11, 8, 0, -3, 24, 22, 964 }, // U+034A
    { 12, 10, 0, -3, 27, 30, 986 }, // U+034B
    { 12, 8, 0, -3, 26, 24, 1016 }, // U+034C
    { 11, 6, 0, -8, -1, 17, 1040 }, // U+034D
    { 6, 7, 0, -5, 0, 11, 1057 }, // U+034E
    { 22, 22, 0, -11, 22, 121, 1068 }, // U+034F
    { 5, 6, 0, 0, 23, 8, 1189 }, // U+0350
    { 5, 6, 0, 3, 23, 8, 1197 }, // U+0351
    { 9, 7, 0, -2, 25, 16, 1205 }, // U+0352
    { 7, 7, 0, -5, 0, 13, 1221 }, // U+0353
    { 6, 6, 0, -5, -1, 9, 1234 }, // U+0354
    { 6, 6, 0, -4, -1, 9, 1243 }, // U+0355
    { 12, 6, 0, -7, -1, 18, 1252 }, // U+0356
    { 4, 7, 0, 3, 24, 7, 1270 }, // U+0357
    { 4, 3, 0, 1, 21, 3, 1277 }, // U+0358
    { 7, 6, 0, -6, -1, 11, 1280 }, // U+0359
    { 12, 7, 0, -8, -1, 21, 1291 }, // U+035A
    { 6, 6, 0, 0, 23, 9, 1312 }, // U+035B
    { 22, 6, 0, -13, -1, 33, 1321 }, // U+035C
    { 21, 6, 0, -8, 23, 32, 1354 }, // U+035D
    { 15, 3, 0, -5, 21, 12, 1386 }, // U+035E
    { 16, 3, 0, -10, -1, 12, 1398 }, // U+035F
    { 22, 4, 0, -8, 22, 22, 1410 }, // U+0360
    { 21, 7, 0, -8, 26, 37, 1432 }, // U+0361
    { 22, 6, 0, -14, -1, 33, 1469 }, // U+0362
    { 8, 7, 0, -1, 25, 14, 1502 }, // U+0363
    { 6, 7, 0, 0, 25, 11, 1516 }, // U+0364
    { 4, 9, 0, 1, 27, 9, 1527 }, // U+0365
    { 7, 7, 0, -1, 25, 13, 1536 }, // U+0366
    { 8, 7, 0, -1, 25, 14, 1549 }, // U+0367
    { 6, 7, 0, 0, 25, 11, 1563 }, // U+0368
    { 8, 9, 0, -1, 27, 18, 1574 }, // U+0369
    { 7, 10, 0, -1, 28, 18, 1592 }, // U+036A
    { 11, 7, 0, -3, 25, 20, 1610 }, // U+036B
    { 6, 7, 0, 0, 25, 11, 1630 }, // U+036C
    { 5, 8, 0, 1, 26, 10, 1641 }, // U+036D
    { 7, 6, 0, 0, 24, 11, 1651 }, // U+036E
    { 8, 7, 0, -1, 25, 14, 1662 }, // U+036F
    { 16, 28, 237, 0, 28, 112, 0 }, // U+0400
    { 16, 26, 237, 0, 26, 104, 112 }, // U+0401
    { 16, 21, 310, 2, 21, 84, 216 }, // U+0402
    { 16, 28, 220, 0, 28, 112, 300 }, // U+0403
    { 18, 21, 271, 1, 21, 95, 412 }, // U+0404
    { 16, 21, 236, 0, 21, 84, 507 }, // U+0405
    { 9, 21, 126, 0, 21, 48, 591 }, // U+0406
    { 11, 26, 126, 0, 26, 72, 639 }, // U+0407
    { 14, 27, 127, -5, 21, 95, 711 }, // U+0408
    { 28, 21, 433, -2, 21, 147, 806 }, // U+0409
    { 26, 21, 429, 0, 21, 137, 953 }, // U+040A
    { 17, 21, 317, 2, 21, 90, 1090 }, // U+040B
    { 19, 28, 263, 0, 28, 133, 1180 }, // U+040C
    { 21, 28, 321, 0, 28, 147, 1313 }, // U+040D
    { 19, 27, 262, 0, 27, 129, 1460 }, // U+040E
    { 20, 26, 309, 0, 21, 130, 1589 }, // U+040F
    { 17, 21, 266, -2, 21, 90, 1719 }, // U+0410
    { 17, 21, 258, 0, 21, 90, 1809 }, // U+0411
    { 17, 21, 274, 0, 21, 90, 1899 }, // U+0412
    { 16, 21, 220, 0, 21, 84, 1989 }, // U+0413
    { 23, 26, 322, -3, 21, 150, 2073 }, // U+0414
    { 16, 21, 237, 0, 21, 84, 2223 }, // U+0415
    { 28, 21, 374, -2, 21, 147, 2307 }, // U+0416
    { 16, 21, 244, -1, 21, 84, 2454 }, // U+0417
    { 21, 21, 321, 0, 21, 111, 2538 }, // U+0418
    { 21, 27, 321, 0, 27, 142, 2649 }, // U+0419
    { 19, 21, 263, 0, 21, 100, 2791 }, // U+041A
    { 22, 21, 313, -2, 21, 116, 2891 }, // U+041B
    { 25, 21, 392, 0, 21, 132, 3007 }, // U+041C
    { 20, 21, 315, 0, 21, 105, 3139 }, // U+041D
    { 19, 21, 325, 1, 21, 100, 3244 }, // U+041E
    { 20, 21, 311, 0, 21, 105, 3344 }, // U+041F
    { 17, 21, 255, 0, 21, 90, 3449 }, // U+0420
    { 18, 21, 271, 1, 21, 95, 3539 }, // U+0421
    { 16, 21, 244, 2, 21, 84, 3634 }, // U+0422
    { 19, 21, 262, 0, 21, 100, 3718 }, // U+0423
    { 22, 21, 368, 1, 21, 116, 3818 }, // U+0424
    { 20, 21, 250, -2, 21, 105, 3934 }, // U+0425
    { 20, 26, 316, 0, 21, 130, 4039 }, // U+0426
    { 17, 21, 291, 2, 21, 90, 4169 }, // U+0427
    { 28, 21, 444, 0, 21, 147, 4259 }, // U+0428
    { 28, 26, 452, 0, 21, 182, 4406 }, // U+0429
    { 16, 21, 296, 2, 21, 84, 4588 }, // U+042A
    { 24, 21, 370, 0, 21, 126, 4672 }, // U+042B
    { 15, 21, 255, 0, 21, 79, 4798 }, // U+042C
    { 17, 21, 274, 0, 21, 90, 4877 }, // U+042D
    { 27, 21, 439, 0, 21, 142, 4967 }, // U+042E
    { 19, 21, 269, -2, 21, 100, 5109 }, // U+042F
    { 15, 16, 264, 1, 16, 60, 5209 }, // U+0430
    { 16, 23, 259, 1, 23, 92, 5269 }, // U+0431
    { 14, 16, 242, 1, 16, 56, 5361 }, // U+0432
    { 13, 16, 214, 0, 16, 52, 5417 }, // U+0433
    { 15, 23, 260, 1, 23, 87, 5469 }, // U+0434
    { 13, 16, 229, 1, 16, 52, 5556 }, // U+0435
    { 27, 16, 410, -1, 16, 108, 5608 }, // U+0436
    { 13, 16, 208, 0, 16, 52, 5716 }, // U+0437
    { 15, 16, 266, 1, 16, 60, 5768 }, // U+0438
    { 15, 22, 266, 1, 22, 83, 5828 }, // U+0439
    { 16, 16, 235, 0, 16, 64, 5911 }, // U+043A
    { 18, 16, 264, -2, 16, 72, 5975 }, // U+043B
    { 22, 16, 348, 0, 16, 88, 6047 }, // U+043C
    { 16, 16, 267, 0, 16, 64, 6135 }, // U+043D
    { 15, 16, 261, 1, 16, 60, 6199 }, // U+043E
    { 15, 16, 264, 0, 16, 60, 6259 }, // U+043F
    { 17, 23, 267, -1, 16, 98, 6319 }, // U+0440
    { 13, 16, 215, 1, 16, 52, 6417 }, // U+0441
    { 24, 16, 404, 0, 16, 96, 6469 }, // U+0442
    { 19, 23, 227, -3, 16, 110, 6565 }, // U+0443
    { 18, 30, 313, 1, 23, 135, 6675 }, // U+0444
    { 17, 16, 213, -2, 16, 68, 6810 }, // U+0445
    { 15, 20, 277, 1, 16, 75, 6878 }, // U+0446
    { 14, 16, 259, 2, 16, 56, 6953 }, // U+0447
    { 24, 16, 404, 1, 16, 96, 7009 }, // U+0448
    { 24, 20, 415, 1, 16, 120, 7105 }, // U+0449
    { 16, 16, 279, 1, 16, 64, 7225 }, // U+044A
    { 20, 16, 342, 1, 16, 80, 7289 }, // U+044B
    { 13, 16, 239, 1, 16, 52, 7369 }, // U+044C
    { 13, 16, 222, 0, 16, 52, 7421 }, // U+044D
    { 22, 16, 362, 0, 16, 88, 7473 }, // U+044E
    { 16, 16, 238, -1, 16, 64, 7561 }, // U+044F
    { 13, 23, 229, 1, 23, 75, 7625 }, // U+0450
    { 14, 21, 229, 1, 21, 74, 7700 }, // U+0451
    { 16, 30, 268, 0, 23, 120, 7774 }, // U+0452
    { 14, 23, 214, 0, 23, 81, 7894 }, // U+0453
    { 13, 16, 216, 1, 16, 52, 7975 }, // U+0454
    { 13, 16, 202, 0, 16, 52, 8027 }, // U+0455
    { 8, 21, 120, 0, 21, 42, 8079 }, // U+0456
    { 10, 21, 116, 0, 21, 53, 8121 }, // U+0457
    { 12, 28, 116, -4, 21, 84, 8174 }, // U+0458
    { 25, 16, 381, -2, 16, 100, 8258 }, // U+0459
    { 23, 16, 377, 0, 16, 92, 8358 }, // U+045A
    { 16, 23, 269, 0, 23, 92, 8450 }, // U+045B
    { 16, 23, 235, 0, 23, 92, 8542 }, // U+045C
    { 15, 23, 266, 1, 23, 87, 8634 }, // U+045D
    { 19, 29, 227, -3, 22, 138, 8721 }, // U+045E
    { 15, 22, 266, 1, 16, 83, 8859 }, // U+045F
    { 27, 21, 429, 2, 21, 142, 8942 }, // U+0460
    { 23, 16, 368, 1, 16, 92, 9084 }, // U+0461
    { 14, 21, 274, 2, 21, 74, 9176 }, // U+0462
    { 23, 16, 390, 0, 16, 92, 9250 }, // U+0463
    { 26, 21, 403, 1, 21, 137, 9342 }, // U+0464
    { 21, 16, 323, 0, 16, 84, 9479 }, // U+0465
    { 19, 21, 283, -2, 21, 100, 9563 }, // U+0466
    { 16, 16, 249, -2, 16, 64, 9663 }, // U+0467
    { 23, 21, 396, 1, 21, 121, 9727 }, // U+0468
    { 20, 16, 341, 0, 16, 80, 9848 }, // U+0469
    { 23, 21, 311, -2, 21, 121, 9928 }, // U+046A
    { 19, 16, 281, -2, 16, 76, 10049 }, // U+046B
    { 27, 21, 430, 1, 21, 142, 10125 }, // U+046C
    { 24, 16, 375, 0, 16, 96, 10267 }, // U+046D
    { 18, 32, 251, -2, 25, 144, 10363 }, // U+046E
    { 16, 26, 212, -2, 20, 104, 10507 }, // U+046F
    { 22, 21, 346, 3, 21, 116, 10611 }, // U+0470
    { 19, 30, 337, 1, 23, 143, 10727 }, // U+0471
    { 19, 21, 337, 2, 21, 100, 10870 }, // U+0472
    { 15, 16, 263, 1, 16, 60, 10970 }, // U+0473
    { 18, 21, 265, 2, 21, 95, 11030 }, // U+0474
    { 15, 16, 210, 1, 16, 60, 11125 }, // U+0475
    { 18, 28, 265, 2, 28, 126, 11185 }, // U+0476
    { 15, 23, 210, 1, 23, 87, 11311 }, // U+0477
    { 35, 28, 555, 2, 21, 245, 11398 }, // U+0478
    { 31, 23, 481, 1, 16, 179, 11643 }, // U+0479
    { 19, 24, 346, 2, 22, 114, 11822 }, // U+047A
    { 15, 19, 272, 1, 17, 72, 11936 }, // U+047B
    { 26, 31, 448, 2, 31, 202, 12008 }, // U+047C
    { 21, 27, 372, 1, 27, 142, 12210 }, // U+047D
    { 27, 26, 429, 2, 26, 176, 12352 }, // U+047E
    { 23, 21, 368, 1, 21, 121, 12528 }, // U+047F
    { 17, 28, 274, 2, 21, 119, 12649 }, // U+0480
    { 13, 23, 211, 1, 16, 75, 12768 }, // U+0481
    { 16, 20, 284, 1, 19, 80, 12843 }, // U+0482
    { 12, 5, 0, -12, 21, 15, 12923 }, // U+0483
    { 12, 5, 0, -12, 23, 15, 12938 }, // U+0484
    { 4, 5, 0, -8, 23, 5, 12953 }, // U+0485
    { 4, 5, 0, -8, 23, 5, 12958 }, // U+0486
    { 12, 4, 0, -2, 26, 12, 12963 }, // U+0487
    { 34, 31, 0, -17, 23, 264, 12975 }, // U+0488
    { 34, 32, 0, -17, 24, 272, 13239 }, // U+0489
    { 20, 33, 332, 1, 27, 165, 13511 }, // U+048A
    { 16, 28, 272, 1, 23, 112, 13676 }, // U+048B
    { 14, 21, 259, 1, 21, 74, 13788 }, // U+048C
    { 13, 23, 244, 1, 23, 75, 13862 }, // U+048D
    { 16, 21, 265, 1, 21, 84, 13937 }, // U+048E
    { 17, 23, 270, -1, 16, 98, 14021 }, // U+048F
    { 16, 26, 223, 1, 26, 104, 14119 }, // U+0490
    { 14, 21, 182, 0, 21, 74, 14223 }, // U+0491
    { 16, 21, 221, 1, 21, 84, 14297 }, // U+0492
    { 13, 16, 182, 0, 16, 52, 14381 }, // U+0493
    { 16, 28, 285, 1, 21, 112, 14433 }, // U+0494
    { 13, 23, 232, 0, 16, 75, 14545 }, // U+0495
    { 28, 27, 388, -2, 21, 189, 14620 }, // U+0496
    { 27, 21, 396, -1, 16, 142, 14809 }, // U+0497
    { 16, 28, 244, -1, 21, 112, 14951 }, // U+0498
    { 13, 23, 208, 0, 16, 75, 15063 }, // U+0499
    { 19, 27, 285, 1, 21, 129, 15138 }, // U+049A
    { 16, 22, 247, 0, 16, 88, 15267 }, // U+049B
    { 19, 21, 268, 1, 21, 100, 15355 }, // U+049C
    { 16, 16, 226, 0, 16, 64, 15455 }, // U+049D
    { 19, 21, 262, 1, 21, 100, 15519 }, // U+049E
    { 16, 23, 227, 0, 23, 92, 15619 }, // U+049F
    { 20, 21, 297, 2, 21, 105, 15711 }, // U+04A0
    { 17, 16, 265, 1, 16, 68, 15816 }, // U+04A1
    { 19, 27, 320, 1, 21, 129, 15884 }, // U+04A2
    { 17, 22, 282, 0, 16, 94, 16013 }, // U+04A3
    { 24, 21, 353, 1, 21, 126, 16107 }, // U+04A4
    { 22, 16, 322, 0, 16, 88, 16233 }, // U+04A5
    { 26, 28, 467, 1, 21, 182, 16321 }, // U+04A6
    { 22, 23, 384, 0, 16, 127, 16503 }, // U+04A7
    { 18, 22, 337, 2, 21, 99, 16630 }, // U+04A8
    { 16, 17, 280, 1, 16, 68, 16729 }, // U+04A9
    { 17, 28, 274, 2, 21, 119, 16797 }, // U+04AA
    { 13, 23, 211, 1, 16, 75, 16916 }, // U+04AB
    { 16, 27, 234, 2, 21, 108, 16991 }, // U+04AC
    { 25, 21, 415, 0, 16, 132, 17099 }, // U+04AD
    { 16, 21, 238, 2, 21, 84, 17231 }, // U+04AE
    { 15, 23, 218, 1, 16, 87, 17315 }, // U+04AF
    { 17, 21, 238, 1, 21, 90, 17402 }, // U+04B0
    { 17, 23, 218, -1, 16, 98, 17492 }, // U+04B1
    { 20, 27, 271, -2, 21, 135, 17590 }, // U+04B2
    { 17, 22, 246, -1, 16, 94, 17725 }, // U+04B3
    { 21, 27, 365, 2, 21, 142, 17819 }, // U+04B4
    { 18, 21, 308, 1, 16, 95, 17961 }, // U+04B5
    { 16, 27, 302, 3, 21, 108, 18056 }, // U+04B6
    { 14, 22, 258, 2, 16, 77, 18164 }, // U+04B7
    { 16, 21, 300, 3, 21, 84, 18241 }, // U+04B8
    { 14, 16, 261, 2, 16, 56, 18325 }, // U+04B9
    { 16, 21, 301, 1, 21, 84, 18381 }, // U+04BA
    { 16, 23, 270, 0, 23, 92, 18465 }, // U+04BB
    { 22, 21, 358, 1, 21, 116, 18557 }, // U+04BC
    { 16, 16, 280, 1, 16, 64, 18673 }, // U+04BD
    { 22, 26, 358, 1, 21, 143, 18737 }, // U+04BE
    { 16, 21, 280, 1, 16, 84, 18880 }, // U+04BF
    { 13, 21, 151, -1, 21, 69, 18964 }, // U+04C0
    { 28, 27, 374, -2, 27, 189, 19033 }, // U+04C1
    { 27, 22, 410, -1, 22, 149, 19222 }, // U+04C2
    { 19, 28, 297, 1, 21, 133, 19371 }, // U+04C3
    { 16, 23, 245, 0, 16, 92, 19504 }, // U+04C4
    { 21, 26, 308, -1, 21, 137, 19596 }, // U+04C5
    { 17, 22, 255, -2, 16, 94, 19733 }, // U+04C6
    { 19, 28, 318, 1, 21, 133, 19827 }, // U+04C7
    { 17, 23, 281, 0, 16, 98, 19960 }, // U+04C8
    { 19, 27, 323, 1, 21, 129, 20058 }, // U+04C9
    { 17, 22, 282, 0, 16, 94, 20187 }, // U+04CA
    { 16, 27, 300, 3, 21, 108, 20281 }, // U+04CB
    { 15, 22, 271, 2, 16, 83, 20389 }, // U+04CC
    { 24, 27, 397, 1, 21, 162, 20472 }, // U+04CD
    { 20, 22, 328, 0, 16, 110, 20634 }, // U+04CE
    { 13, 21, 151, -1, 21, 69, 20744 }, // U+04CF
    { 19, 27, 262, -2, 27, 129, 20813 }, // U+04D0
    { 16, 22, 265, 1, 22, 88, 20942 }, // U+04D1
    { 18, 27, 262, -2, 27, 122, 21030 }, // U+04D2
    { 16, 21, 265, 1, 21, 84, 21152 }, // U+04D3
    { 28, 21, 385, -2, 21, 147, 21236 }, // U+04D4
    { 23, 16, 383, 1, 16, 92, 21383 }, // U+04D5
    { 16, 27, 240, 1, 27, 108, 21475 }, // U+04D6
    { 15, 22, 233, 1, 22, 83, 21583 }, // U+04D7
    { 18, 21, 309, 1, 21, 95, 21666 }, // U+04D8
    { 14, 16, 230, 0, 16, 56, 21761 }, // U+04D9
    { 18, 27, 309, 1, 27, 122, 21817 }, // U+04DA
    { 14, 21, 230, 0, 21, 74, 21939 }, // U+04DB
    { 28, 27, 374, -2, 27, 189, 22013 }, // U+04DC
    { 27, 21, 410, -1, 21, 142, 22202 }, // U+04DD
    { 16, 27, 244, -1, 27, 108, 22344 }, // U+04DE
    { 13, 21, 208, 0, 21, 69, 22452 }, // U+04DF
    { 16, 21, 247, 0, 21, 84, 22521 }, // U+04E0
    { 16, 23, 217, -2, 16, 92, 22605 }, // U+04E1
    { 21, 26, 321, 0, 26, 137, 22697 }, // U+04E2
    { 16, 21, 270, 1, 21, 84, 22834 }, // U+04E3
    { 21, 27, 321, 0, 27, 142, 22918 }, // U+04E4
    { 16, 21, 270, 1, 21, 84, 23060 }, // U+04E5
    { 19, 27, 337, 2, 27, 129, 23144 }, // U+04E6
    { 15, 21, 263, 1, 21, 79, 23273 }, // U+04E7
    { 19, 21, 337, 2, 21, 100, 23352 }, // U+04E8
    { 15, 16, 263, 1, 16, 60, 23452 }, // U+04E9
    { 19, 27, 337, 2, 27, 129, 23512 }, // U+04EA
    { 15, 21, 263, 1, 21, 79, 23641 }, // U+04EB
    { 17, 27, 274, 0, 27, 115, 23720 }, // U+04EC
    { 13, 21, 222, 0, 21, 69, 23835 }, // U+04ED
    { 19, 26, 262, 0, 26, 124, 23904 }, // U+04EE
    { 19, 27, 218, -3, 20, 129, 24028 }, // U+04EF
    { 19, 27, 262, 0, 27, 129, 24157 }, // U+04F0
    { 19, 28, 218, -3, 21, 133, 24286 }, // U+04F1
    { 19, 28, 262, 0, 28, 133, 24419 }, // U+04F2
    { 19, 30, 218, -3, 23, 143, 24552 }, // U+04F3
    { 17, 27, 291, 2, 27, 115, 24695 }, // U+04F4
    { 14, 21, 259, 2, 21, 74, 24810 }, // U+04F5
    { 16, 27, 224, 1, 21, 108, 24884 }, // U+04F6
    { 13, 22, 182, 0, 16, 72, 24992 }, // U+04F7
    { 24, 27, 370, 0, 27, 162, 25064 }, // U+04F8
    { 20, 21, 342, 1, 21, 105, 25226 }, // U+04F9
    { 17, 27, 221, 0, 21, 115, 25331 }, // U+04FA
    { 14, 22, 182, -1, 16, 77, 25446 }, // U+04FB
    { 20, 27, 246, -2, 21, 135, 25523 }, // U+04FC
    { 17, 22, 225, -2, 16, 94, 25658 }, // U+04FD
    { 20, 21, 246, -2, 21, 105, 25752 }, // U+04FE
    { 17, 16, 225, -2, 16, 68, 25857 }, // U+04FF
    { 17, 26, 262, -2, 21, 111, 0 }, // U+1EA0
    { 16, 21, 265, 1, 16, 84, 111 }, // U+1EA1
    { 18, 30, 262, -2, 30, 135, 195 }, // U+1EA2
    { 16, 26, 265, 1, 26, 104, 330 }, // U+1EA3
    { 22, 29, 262, -2, 29, 160, 434 }, // U+1EA4
    { 18, 24, 265, 1, 24, 108, 594 }, // U+1EA5
    { 18, 29, 262, -2, 29, 131, 702 }, // U+1EA6
    { 16, 24, 265, 1, 24, 96, 833 }, // U+1EA7
    { 21, 30, 262, -2, 30, 158, 929 }, // U+1EA8
    { 17, 25, 265, 1, 25, 107, 1087 }, // U+1EA9
    { 20, 32, 262, -2, 32, 160, 1194 }, // U+1EAA
    { 16, 27, 265, 1, 27, 108, 1354 }, // U+1EAB
    { 18, 33, 262, -2, 28, 149, 1462 }, // U+1EAC
    { 16, 28, 265, 1, 23, 112, 1611 }, // U+1EAD
    { 19, 30, 262, -2, 30, 143, 1723 }, // U+1EAE
    { 16, 25, 265, 1, 25, 100, 1866 }, // U+1EAF
    { 19, 30, 262, -2, 30, 143, 1966 }, // U+1EB0
    { 16, 25, 265, 1, 25, 100, 2109 }, // U+1EB1
    { 19, 31, 262, -2, 31, 148, 2209 }, // U+1EB2
    { 16, 26, 265, 1, 26, 104, 2357 }, // U+1EB3
    { 20, 32, 262, -2, 32, 160, 2461 }, // U+1EB4
    { 16, 27, 265, 1, 27, 108, 2621 }, // U+1EB5
    { 19, 32, 262, -2, 27, 152, 2729 }, // U+1EB6
    { 16, 27, 265, 1, 22, 108, 2881 }, // U+1EB7
    { 16, 26, 240, 1, 21, 104, 2989 }, // U+1EB8
    { 13, 21, 233, 1, 16, 69, 3093 }, // U+1EB9
    { 16, 30, 240, 1, 30, 120, 3162 }, // U+1EBA
    { 13, 26, 233, 1, 26, 85, 3282 }, // U+1EBB
    { 16, 27, 240, 1, 27, 108, 3367 }, // U+1EBC
    { 15, 21, 233, 1, 21, 79, 3475 }, // U+1EBD
    { 19, 29, 240, 1, 29, 138, 3554 }, // U+1EBE
    { 18, 24, 233, 1, 24, 108, 3692 }, // U+1EBF
    { 16, 29, 240, 1, 29, 116, 3800 }, // U+1EC0
    { 13, 24, 233, 1, 24, 78, 3916 }, // U+1EC1
    { 18, 30, 240, 1, 30, 135, 3994 }, // U+1EC2
    { 16, 25, 233, 1, 25, 100, 4129 }, // U+1EC3
    { 17, 32, 240, 1, 32, 136, 4229 }, // U+1EC4
    { 15, 27, 233, 1, 27, 102, 4365 }, // U+1EC5
    { 16, 33, 240, 1, 28, 132, 4467 }, // U+1EC6
    { 13, 28, 233, 1, 23, 91, 4599 }, // U+1EC7
    { 13, 30, 151, -1, 30, 98, 4690 }, // U+1EC8
    { 10, 25, 120, 0, 25, 63, 4788 }, // U+1EC9
    { 13, 26, 151, -1, 21, 85, 4851 }, // U+1ECA
    { 9, 26, 120, -1, 21, 59, 4936 }, // U+1ECB
    { 19, 26, 337, 2, 21, 124, 4995 }, // U+1ECC
    { 15, 21, 263, 1, 16, 79, 5119 }, // U+1ECD
    { 19, 29, 337, 2, 29, 138, 5198 }, // U+1ECE
    { 15, 24, 263, 1, 24, 90, 5336 }, // U+1ECF
    { 21, 30, 337, 2, 30, 158, 5426 }, // U+1ED0
    { 18, 24, 263, 1, 24, 108, 5584 }, // U+1ED1
    { 19, 30, 337, 2, 30, 143, 5692 }, // U+1ED2
    { 15, 24, 263, 1, 24, 90, 5835 }, // U+1ED3
    { 20, 31, 337, 2, 31, 155, 5925 }, // U+1ED4
    { 17, 25, 263, 1, 25, 107, 6080 }, // U+1ED5
    { 19, 31, 337, 2, 31, 148, 6187 }, // U+1ED6
    { 16, 27, 263, 1, 27, 108, 6335 }, // U+1ED7
    { 19, 33, 337, 2, 28, 157, 6443 }, // U+1ED8
    { 15, 28, 263, 1, 23, 105, 6600 }, // U+1ED9
    { 23, 28, 336, 2, 28, 161, 6705 }, // U+1EDA
    { 19, 23, 265, 1, 23, 110, 6866 }, // U+1EDB
    { 23, 28, 336, 2, 28, 161, 6976 }, // U+1EDC
    { 19, 23, 265, 1, 23, 110, 7137 }, // U+1EDD
    { 23, 29, 336, 2, 29, 167, 7247 }, // U+1EDE
    { 19, 24, 265, 1, 24, 114, 7414 }, // U+1EDF
    { 23, 27, 336, 2, 27, 156, 7528 }, // U+1EE0
    { 19, 21, 265, 1, 21, 100, 7684 }, // U+1EE1
    { 23, 27, 336, 2, 22, 156, 7784 }, // U+1EE2
    { 19, 24, 265, 1, 19, 114, 7940 }, // U+1EE3
    { 19, 26, 316, 2, 21, 124, 8054 }, // U+1EE4
    { 16, 21, 270, 1, 16, 84, 8178 }, // U+1EE5
    { 19, 29, 316, 2, 29, 138, 8262 }, // U+1EE6
    { 16, 26, 270, 1, 26, 104, 8400 }, // U+1EE7
    { 24, 28, 339, 2, 28, 168, 8504 }, // U+1EE8
    { 21, 22, 292, 1, 22, 116, 8672 }, // U+1EE9
    { 24, 28, 339, 2, 28, 168, 8788 }, // U+1EEA
    { 21, 23, 292, 1, 23, 121, 8956 }, // U+1EEB
    { 24, 29, 339, 2, 29, 174, 9077 }, // U+1EEC
    { 21, 26, 292, 1, 26, 137, 9251 }, // U+1EED
    { 24, 27, 339, 2, 27, 162, 9388 }, // U+1EEE
    { 21, 21, 292, 1, 21, 111, 9550 }, // U+1EEF
    { 24, 27, 339, 2, 22, 162, 9661 }, // U+1EF0
    { 21, 24, 292, 1, 19, 126, 9823 }, // U+1EF1
    { 16, 28, 238, 2, 28, 112, 9949 }, // U+1EF2
    { 19, 30, 218, -3, 23, 143, 10061 }, // U+1EF3
    { 16, 26, 238, 2, 21, 104, 10204 }, // U+1EF4
    { 19, 23, 218, -3, 16, 110, 10308 }, // U+1EF5
    { 16, 30, 238, 2, 30, 120, 10418 }, // U+1EF6
    { 19, 32, 218, -3, 25, 152, 10538 }, // U+1EF7
    { 16, 27, 238, 2, 27, 108, 10690 }, // U+1EF8
    { 19, 28, 218, -3, 21, 133, 10798 }, // U+1EF9
    { 0, 0, 233, 0, 0, 0, 0 }, // U+2000
    { 0, 0, 467, 0, 0, 0, 0 }, // U+2001
    { 0, 0, 233, 0, 0, 0, 0 }, // U+2002
    { 0, 0, 467, 0, 0, 0, 0 }, // U+2003
    { 0, 0, 155, 0, 0, 0, 0 }, // U+2004
    { 0, 0, 117, 0, 0, 0, 0 }, // U+2005
    { 0, 0, 78, 0, 0, 0, 0 }, // U+2006
    { 0, 0, 257, 0, 0, 0, 0 }, // U+2007
    { 0, 0, 119, 0, 0, 0, 0 }, // U+2008
    { 0, 0, 77, 0, 0, 0, 0 }, // U+2009
    { 0, 0, 47, 0, 0, 0, 0 }, // U+200A
    { 0, 0, 0, 0, 0, 0, 0 }, // U+200B
    { 0, 0, 0, 0, 0, 0, 0 }, // U+200C
    { 0, 0, 0, 0, 0, 0, 0 }, // U+200D
    { 8, 25, 0, -1, 21, 50, 0 }, // U+200E
    { 8, 25, 0, -7, 21, 50, 50 }, // U+200F
    { 9, 3, 146, 0, 10, 7, 100 }, // U+2010
    { 9, 3, 146, 0, 10, 7, 107 }, // U+2011
    { 15, 3, 257, 1, 12, 12, 114 }, // U+2012
    { 14, 3, 224, 0, 10, 11, 126 }, // U+2013
    { 28, 3, 448, 0, 10, 21, 137 }, // U+2014
    { 28, 3, 448, 0, 10, 21, 158 }, // U+2015
    { 9, 29, 257, 4, 22, 66, 179 }, // U+2016
    { 13, 6, 184, -3, -1, 20, 245 }, // U+2017
    { 7, 7, 81, 1, 21, 13, 265 }, // U+2018
    { 7, 7, 81, 1, 21, 13, 278 }, // U+2019
    { 7, 7, 113, -2, 3, 13, 291 }, // U+201A
    { 4, 7, 81, 3, 21, 7, 304 }, // U+201B
    { 12, 7, 167, 1, 21, 21, 311 }, // U+201C
    { 12, 7, 167, 1, 21, 21, 332 }, // U+201D
    { 12, 7, 199, -2, 3, 21, 353 }, // U+201E
    { 9, 7, 167, 3, 21, 16, 374 }, // U+201F
    { 11, 22, 219, 3, 22, 61, 390 }, // U+2020
    { 15, 22, 219, 0, 22, 83, 451 }, // U+2021
    { 8, 7, 175, 2, 14, 14, 534 }, // U+2022
    { 10, 10, 172, 1, 16, 25, 548 }, // U+2023
    { 4, 4, 233, 4, 4, 4, 573 }, // U+2024
    { 12, 4, 237, 0, 4, 12, 577 }, // U+2025
    { 20, 4, 359, 0, 4, 20, 589 }, // U+2026
    { 5, 4, 119, 1, 10, 5, 609 }, // U+2027
    { 0, 0, 280, 0, 0, 0, 614 }, // U+2028
    { 0, 0, 280, 0, 0, 0, 614 }, // U+2029
    { 8, 22, 0, -1, 18, 44, 614 }, // U+202A
    { 8, 22, 0, -7, 18, 44, 658 }, // U+202B
    { 8, 24, 0, -4, 20, 48, 702 }, // U+202C
    { 8, 25, 0, -4, 20, 50, 750 }, // U+202D
    { 8, 25, 0, -4, 20, 50, 800 }, // U+202E
    { 0, 0, 77, 0, 0, 0, 850 }, // U+202F
    { 30, 21, 526, 2, 21, 158, 850 }, // U+2030
    { 40, 21, 678, 2, 21, 210, 1008 }, // U+2031
    { 8, 8, 103, 1, 21, 16, 1218 }, // U+2032
    { 13, 8, 182, 1, 21, 26, 1234 }, // U+2033
    { 18, 8, 260, 1, 21, 36, 1260 }, // U+2034
    { 5, 8, 126, 3, 21, 10, 1296 }, // U+2035
    { 10, 8, 198, 3, 21, 20, 1306 }, // U+2036
    { 14, 8, 270, 3, 21, 28, 1326 }, // U+2037
    { 11, 10, 186, -3, 3, 28, 1354 }, // U+2038
    { 8, 13, 134, 1, 14, 26, 1382 }, // U+2039
    { 8, 13, 134, 0, 14, 26, 1408 }, // U+203A
    { 22, 21, 391, 1, 21, 116, 1434 }, // U+203B
    { 15, 21, 231, 0, 21, 79, 1550 }, // U+203C
    { 12, 21, 201, 2, 21, 63, 1629 }, // U+203D
    { 13, 3, 183, 2, 25, 10, 1692 }, // U+203E
    { 16, 7, 253, -2, 0, 28, 1702 }, // U+203F
    { 16, 8, 253, 2, 25, 32, 1730 }, // U+2040
    { 14, 19, 159, -3, 12, 67, 1762 }, // U+2041
    { 31, 27, 522, 0, 23, 210, 1829 }, // U+2042
    { 8, 3, 133, 0, 10, 6, 2039 }, // U+2043
    { 18, 21, 61, -7, 21, 95, 2045 }, // U+2044
    { 12, 26, 135, -1, 21, 78, 2140 }, // U+2045
    { 12, 26, 135, -3, 21, 78, 2218 }, // U+2046
    { 24, 21, 401, 2, 21, 126, 2296 }, // U+2047
    { 19, 21, 323, 2, 21, 100, 2422 }, // U+2048
    { 21, 21, 323, 0, 21, 111, 2522 }, // U+2049
    { 15, 16, 243, 1, 16, 60, 2633 }, // U+204A
    { 15, 26, 280, 3, 22, 98, 2693 }, // U+204B
    { 16, 15, 298, 1, 16, 60, 2791 }, // U+204C
    { 16, 15, 298, 2, 16, 60, 2851 }, // U+204D
    { 15, 14, 257, -1, 8, 53, 2911 }, // U+204E
    { 7, 20, 119, 0, 16, 35, 2964 }, // U+204F
    { 20, 32, 253, -2, 25, 160, 2999 }, // U+2050
    { 17, 29, 257, 0, 23, 124, 3159 }, // U+2051
    { 11, 21, 174, 0, 21, 58, 3283 }, // U+2052
    { 26, 5, 467, 2, 11, 33, 3341 }, // U+2053
    { 16, 8, 253, -3, 1, 32, 3374 }, // U+2054
    { 16, 15, 267, 0, 15, 60, 3406 }, // U+2055
    { 13, 21, 241, 1, 21, 69, 3466 }, // U+2056
    { 23, 8, 338, 1, 21, 46, 3535 }, // U+2057
    { 22, 21, 384, 1, 21, 116, 3581 }, // U+2058
    { 22, 21, 387, 1, 21, 116, 3697 }, // U+2059
    { 4, 21, 103, 1, 21, 21, 3813 }, // U+205A
    { 17, 22, 305, 1, 22, 94, 3834 }, // U+205B
    { 22, 22, 372, 1, 22, 121, 3928 }, // U+205C
    { 4, 21, 125, 2, 21, 21, 4049 }, // U+205D
    { 5, 21, 125, 2, 21, 27, 4070 }, // U+205E
    { 0, 0, 104, 0, 0, 0, 4097 }, // U+205F
    { 0, 0, 280, 0, 0, 0, 4097 }, // U+2060
    { 0, 0, 280, 0, 0, 0, 4097 }, // U+2061
    { 0, 0, 280, 0, 0, 0, 4097 }, // U+2062
    { 0, 0, 280, 0, 0, 0, 4097 }, // U+2063
    { 0, 0, 280, 0, 0, 0, 4097 }, // U+2064
    { 0, 0, 280, 0, 0, 0, 4097 }, // U+2066
    { 0, 0, 280, 0, 0, 0, 4097 }, // U+2067
    { 0, 0, 280, 0, 0, 0, 4097 }, // U+2068
    { 0, 0, 280, 0, 0, 0, 4097 }, // U+2069
    { 8, 25, 0, -4, 20, 50, 4097 }, // U+206A
    { 8, 25, 0, -4, 20, 50, 4147 }, // U+206B
    { 8, 24, 0, -4, 20, 48, 4197 }, // U+206C
    { 8, 25, 0, -4, 21, 50, 4245 }, // U+206D
    { 8, 25, 0, -4, 21, 50, 4295 }, // U+206E
    { 8, 25, 0, -4, 20, 50, 4345 }, // U+206F
    { 10, 13, 165, 2, 25, 33, 0 }, // U+2070
    { 5, 14, 104, 2, 22, 18, 33 }, // U+2071
    { 10, 13, 165, 2, 25, 33, 51 }, // U+2074
    { 10, 13, 165, 2, 25, 33, 84 }, // U+2075
    { 10, 13, 165, 3, 25, 33, 117 }, // U+2076
    { 10, 13, 165, 3, 25, 33, 150 }, // U+2077
    { 10, 13, 165, 2, 25, 33, 183 }, // U+2078
    { 10, 13, 165, 2, 25, 33, 216 }, // U+2079
    { 8, 8, 158, 3, 22, 16, 249 }, // U+207A
    { 8, 3, 158, 3, 19, 6, 265 }, // U+207B
    { 8, 5, 158, 3, 20, 10, 271 }, // U+207C
    { 7, 16, 87, 3, 27, 28, 281 }, // U+207D
    { 7, 16, 87, 0, 27, 28, 309 }, // U+207E
    { 10, 9, 175, 2, 17, 23, 337 }, // U+207F
    { 10, 14, 165, -1, 10, 35, 360 }, // U+2080
    { 7, 13, 165, 0, 9, 23, 395 }, // U+2081
    { 11, 13, 165, -2, 9, 36, 418 }, // U+2082
    { 11, 14, 165, -2, 10, 39, 454 }, // U+2083
    { 10, 13, 165, -1, 9, 33, 493 }, // U+2084
    { 10, 13, 165, -1, 9, 33, 526 }, // U+2085
    { 10, 13, 165, -1, 9, 33, 559 }, // U+2086
    { 11, 13, 165, -1, 9, 36, 592 }, // U+2087
    { 10, 14, 165, -1, 10, 35, 628 }, // U+2088
    { 10, 13, 165, -1, 9, 33, 663 }, // U+2089
    { 9, 8, 158, -1, 6, 18, 696 }, // U+208A
    { 9, 3, 158, -1, 4, 7, 714 }, // U+208B
    { 9, 5, 158, -1, 5, 12, 721 }, // U+208C
    { 7, 16, 87, 0, 11, 28, 733 }, // U+208D
    { 8, 16, 87, -4, 11, 32, 761 }, // U+208E
    { 10, 10, 172, -1, 7, 25, 793 }, // U+2090
    { 9, 10, 151, -1, 7, 23, 818 }, // U+2091
    { 10, 10, 171, -1, 7, 25, 841 }, // U+2092
    { 12, 10, 147, -3, 7, 30, 866 }, // U+2093
    { 9, 10, 151, -2, 7, 23, 896 }, // U+2094
    { 10, 14, 204, 0, 11, 35, 919 }, // U+2095
    { 10, 14, 163, 0, 11, 35, 954 }, // U+2096
    { 5, 14, 110, 0, 11, 18, 989 }, // U+2097
    { 16, 10, 294, 0, 7, 40, 1007 }, // U+2098
    { 11, 10, 175, -2, 7, 28, 1047 }, // U+2099
    { 11, 14, 175, -2, 7, 39, 1075 }, // U+209A
    { 8, 10, 144, -1, 7, 20, 1114 }, // U+209B
    { 7, 12, 101, -1, 9, 21, 1134 }, // U+209C
    { 15, 21, 257, 2, 21, 79, 0 }, // U+20A0
    { 17, 24, 257, 1, 22, 102, 79 }, // U+20A1
    { 16, 21, 257, 1, 21, 84, 181 }, // U+20A2
    { 17, 21, 257, 0, 21, 90, 265 }, // U+20A3
    { 18, 21, 257, -1, 21, 95, 355 }, // U+20A4
    { 24, 23, 408, 0, 20, 138, 450 }, // U+20A5
    { 17, 21, 257, 0, 21, 90, 588 }, // U+20A6
    { 21, 21, 344, 0, 21, 111, 678 }, // U+20A7
    { 24, 21, 375, 0, 21, 126, 789 }, // U+20A8
    { 21, 21, 289, 0, 21, 111, 915 }, // U+20A9
    { 24, 21, 373, 0, 21, 126, 1026 }, // U+20AA
    { 19, 27, 270, 0, 22, 129, 1152 }, // U+20AB
    { 18, 21, 257, 0, 21, 95, 1281 }, // U+20AC
    { 19, 21, 262, 0, 21, 100, 1376 }, // U+20AD
    { 17, 21, 234, 1, 21, 90, 1476 }, // U+20AE
    { 28, 28, 453, 0, 21, 196, 1566 }, // U+20AF
    { 19, 28, 257, -2, 21, 133, 1762 }, // U+20B0
    { 17, 21, 257, 1, 21, 90, 1895 }, // U+20B1
    { 18, 24, 316, 2, 22, 108, 1985 }, // U+20B2
    { 20, 21, 262, -2, 21, 105, 2093 }, // U+20B3
    { 18, 21, 236, -1, 21, 95, 2198 }, // U+20B4
    { 17, 24, 274, 2, 22, 102, 2293 }, // U+20B5
    { 18, 20, 266, 0, 20, 90, 2395 }, // U+20B6
    { 21, 23, 307, -1, 21, 121, 2485 }, // U+20B7
    { 16, 21, 230, 1, 21, 84, 2606 }, // U+20B8
    { 15, 21, 257, 2, 21, 79, 2690 }, // U+20B9
    { 16, 21, 257, 0, 21, 84, 2769 }, // U+20BA
    { 19, 21, 313, 1, 21, 100, 2853 }, // U+20BB
    { 22, 21, 346, -1, 21, 116, 2953 }, // U+20BC
    { 19, 21, 272, -1, 21, 100, 3069 }, // U+20BD
    { 20, 24, 274, -1, 24, 120, 3169 }, // U+20BE
    { 16, 27, 257, 1, 24, 108, 3289 }, // U+20BF
    { 9, 3, 146, 0, 9, 7, 0 }, // U+2212
    { 27, 30, 298, -4, 23, 203, 0 }, // U+FB00
    { 22, 30, 269, -4, 23, 165, 203 }, // U+FB01
    { 22, 30, 269, -4, 23, 165, 368 }, // U+FB02
    { 31, 30, 418, -4, 23, 233, 533 }, // U+FB03
    { 31, 30, 418, -4, 23, 233, 766 }, // U+FB04
    { 23, 30, 287, -4, 23, 173, 999 }, // U+FB05
    { 24, 23, 357, 0, 23, 138, 1172 }, // U+FB06
    { 27, 27, 467, 1, 22, 183, 0 }, // U+FFFD
};

static const EpdUnicodeInterval notosans_14_italicIntervals[] = {
    { 0x0, 0x0, 0x0 },
    { 0xD, 0xD, 0x1 },
    { 0x20, 0x7E, 0x2 },
    { 0xA0, 0xFF, 0x61 },
    { 0x100, 0x17F, 0xC1 },
    { 0x1A0, 0x1A1, 0x141 },
    { 0x1AF, 0x1B0, 0x143 },
    { 0x1C4, 0x21F, 0x145 },
    { 0x300, 0x36F, 0x1A1 },
    { 0x400, 0x4FF, 0x211 },
    { 0x1EA0, 0x1EF9, 0x311 },
    { 0x2000, 0x2064, 0x36B },
    { 0x2066, 0x206F, 0x3D0 },
    { 0x2070, 0x2071, 0x3DA },
    { 0x2074, 0x208E, 0x3DC },
    { 0x2090, 0x209C, 0x3F7 },
    { 0x20A0, 0x20BF, 0x404 },
    { 0x2212, 0x2212, 0x424 },
    { 0xFB00, 0xFB06, 0x425 },
    { 0xFFFD, 0xFFFD, 0x42C },
};

static const EpdFontGroup notosans_14_italicGroups[] = {
    { 0, 3543, 7423, 97, 0 },
    { 3543, 3030, 8846, 96, 97 },
    { 6573, 3896, 13989, 128, 193 },
    { 10469, 3828, 12109, 96, 321 },
    { 14297, 1203, 1891, 112, 417 },
    { 15500, 9961, 27659, 256, 529 },
    { 25461, 2332, 11600, 90, 785 },
    { 27793, 1999, 4674, 111, 875 },
    { 29792, 840, 1340, 42, 986 },
    { 30632, 2025, 3640, 32, 1028 },
    { 32657, 11, 9, 1, 1060 },
    { 32668, 504, 1368, 7, 1061 },
    { 33172, 126, 189, 1, 1068 },
};

static const EpdKernClassEntry notosans_14_italicKernLeftClasses[] = {
    { 0x0020, 1 }, // U+0020
    { 0x0022, 2 }, // "
    { 0x0026, 3 }, // &
    { 0x0027, 2 }, // '
    { 0x0028, 4 }, // (
    { 0x002C, 5 }, // ,
    { 0x002D, 6 }, // -
    { 0x002E, 5 }, // .
    { 0x0041, 7 }, // A
    { 0x0042, 8 }, // B
    { 0x0043, 9 }, // C
    { 0x0044, 10 }, // D
    { 0x0045, 11 }, // E
    { 0x0046, 12 }, // F
    { 0x004B, 13 }, // K
    { 0x004C, 14 }, // L
    { 0x004F, 10 }, // O
    { 0x0050, 15 }, // P
    { 0x0051, 10 }, // Q
    { 0x0052, 16 }, // R
    { 0x0054, 17 }, // T
    { 0x0055, 18 }, // U
    { 0x0056, 19 }, // V
    { 0x0057, 19 }, // W
    { 0x0058, 13 }, // X
    { 0x0059, 20 }, // Y
    { 0x005A, 21 }, // Z
    { 0x005B, 4 }, // [
    { 0x005F, 22 }, // _
    { 0x0061, 23 }, // a
    { 0x0062, 24 }, // b
    { 0x0063, 25 }, // c
    { 0x0065, 24 }, // e
    { 0x0066, 26 }, // f
    { 0x006B, 27 }, // k
    { 0x006F, 24 }, // o
    { 0x0070, 24 }, // p
    { 0x0072, 28 }, // r
    { 0x0074, 29 }, // t
    { 0x0076, 30 }, // v
    { 0x0077, 30 }, // w
    { 0x0078, 27 }, // x
    { 0x0079, 30 }, // y
    { 0x007B, 4 }, // {
    { 0x00A1, 31 }, // U+00A1
    { 0x00AB, 32 }, // U+00AB
    { 0x00BB, 33 }, // U+00BB
    { 0x00BF, 34 }, // U+00BF
    { 0x00C0, 7 }, // U+00C0
    { 0x00C1, 7 }, // U+00C1
    { 0x00C2, 7 }, // U+00C2
    { 0x00C3, 7 }, // U+00C3
    { 0x00C4, 7 }, // U+00C4
    { 0x00C5, 7 }, // U+00C5
    { 0x00C6, 11 }, // U+00C6
    { 0x00C7, 9 }, // U+00C7
    { 0x00C8, 11 }, // U+00C8
    { 0x00C9, 11 }, // U+00C9
    { 0x00CA, 11 }, // U+00CA
    { 0x00CB, 11 }, // U+00CB
    { 0x00D0, 10 }, // U+00D0
    { 0x00D2, 10 }, // U+00D2
    { 0x00D3, 10 }, // U+00D3
    { 0x00D4, 10 }, // U+00D4
    { 0x00D5, 10 }, // U+00D5
    { 0x00D6, 10 }, // U+00D6
    { 0x00D8, 10 }, // U+00D8
    { 0x00D9, 18 }, // U+00D9
    { 0x00DA, 18 }, // U+00DA
    { 0x00DB, 18 }, // U+00DB
    { 0x00DC, 18 }, // U+00DC
    { 0x00DD, 20 }, // U+00DD
    { 0x00DE, 15 }, // U+00DE
    { 0x00E0, 23 }, // U+00E0
    { 0x00E1, 23 }, // U+00E1
    { 0x00E2, 23 }, // U+00E2
    { 0x00E3, 23 }, // U+00E3
    { 0x00E4, 23 }, // U+00E4
    { 0x00E5, 23 }, // U+00E5
    { 0x00E6, 24 }, // U+00E6
    { 0x00E8, 24 }, // U+00E8
    { 0x00E9, 24 }, // U+00E9
    { 0x00EA, 24 }, // U+00EA
    { 0x00EB, 24 }, // U+00EB
    { 0x00EF, 35 }, // U+00EF
    { 0x00F0, 24 }, // U+00F0
    { 0x00F2, 24 }, // U+00F2
    { 0x00F3, 24 }, // U+00F3
    { 0x00F4, 24 }, // U+00F4
    { 0x00F5, 24 }, // U+00F5
    { 0x00F6, 24 }, // U+00F6
    { 0x00F8, 24 }, // U+00F8
    { 0x00FD, 30 }, // U+00FD
    { 0x00FE, 24 }, // U+00FE
    { 0x00FF, 30 }, // U+00FF
    { 0x0100, 7 }, // U+0100
    { 0x0101, 23 }, // U+0101
    { 0x0102, 7 }, // U+0102
    { 0x0103, 23 }, // U+0103
    { 0x0104, 7 }, // U+0104
    { 0x0105, 23 }, // U+0105
    { 0x0106, 9 }, // U+0106
    { 0x0108, 9 }, // U+0108
    { 0x010A, 9 }, // U+010A
    { 0x010C, 9 }, // U+010C
    { 0x010E, 10 }, // U+010E
    { 0x010F, 36 }, // U+010F
    { 0x0110, 10 }, // U+0110
    { 0x0112, 11 }, // U+0112
    { 0x0113, 24 }, // U+0113
    { 0x0114, 11 }, // U+0114
    { 0x0115, 24 }, // U+0115
    { 0x0116, 11 }, // U+0116
    { 0x0117, 24 }, // U+0117
    { 0x0118, 11 }, // U+0118
    { 0x0119, 24 }, // U+0119
    { 0x011A, 11 }, // U+011A
    { 0x011B, 24 }, // U+011B
    { 0x0129, 37 }, // U+0129
    { 0x012B, 35 }, // U+012B
    { 0x012E, 38 }, // U+012E
    { 0x0136, 13 }, // U+0136
    { 0x0137, 27 }, // U+0137
    { 0x0138, 27 }, // U+0138
    { 0x0139, 14 }, // U+0139
    { 0x013B, 14 }, // U+013B
    { 0x013D, 14 }, // U+013D
    { 0x013E, 36 }, // U+013E
    { 0x013F, 14 }, // U+013F
    { 0x0141, 14 }, // U+0141
    { 0x014C, 10 }, // U+014C
    { 0x014D, 24 }, // U+014D
    { 0x014E, 10 }, // U+014E
    { 0x014F, 24 }, // U+014F
    { 0x0150, 10 }, // U+0150
    { 0x0151, 24 }, // U+0151
    { 0x0152, 11 }, // U+0152
    { 0x0153, 24 }, // U+0153
    { 0x0155, 28 }, // U+0155
    { 0x0157, 28 }, // U+0157
    { 0x0159, 28 }, // U+0159
    { 0x0162, 17 }, // U+0162
    { 0x0163, 29 }, // U+0163
    { 0x0164, 17 }, // U+0164
    { 0x0165, 39 }, // U+0165
    { 0x0166, 17 }, // U+0166
    { 0x0167, 29 }, // U+0167
    { 0x0168, 18 }, // U+0168
    { 0x016A, 18 }, // U+016A
    { 0x016C, 18 }, // U+016C
    { 0x016E, 18 }, // U+016E
    { 0x0170, 18 }, // U+0170
    { 0x0172, 18 }, // U+0172
    { 0x0174, 19 }, // U+0174
    { 0x0175, 30 }, // U+0175
    { 0x0176, 20 }, // U+0176
    { 0x0177, 30 }, // U+0177
    { 0x0178, 20 }, // U+0178
    { 0x0179, 21 }, // U+0179
    { 0x017B, 21 }, // U+017B
    { 0x017D, 21 }, // U+017D
    { 0x01A0, 40 }, // U+01A0
    { 0x01A1, 41 }, // U+01A1
    { 0x01AF, 42 }, // U+01AF
    { 0x01B0, 43 }, // U+01B0
    { 0x01D0, 35 }, // U+01D0
    { 0x01FA, 7 }, // U+01FA
    { 0x01FB, 23 }, // U+01FB
    { 0x01FC, 11 }, // U+01FC
    { 0x01FD, 24 }, // U+01FD
    { 0x01FE, 10 }, // U+01FE
    { 0x01FF, 24 }, // U+01FF
    { 0x020B, 35 }, // U+020B
    { 0x021A, 17 }, // U+021A
    { 0x021B, 29 }, // U+021B
    { 0x0402, 44 }, // U+0402
    { 0x0403, 45 }, // U+0403
    { 0x0404, 46 }, // U+0404
    { 0x0405, 47 }, // U+0405
    { 0x0408, 48 }, // U+0408
    { 0x0409, 44 }, // U+0409
    { 0x040A, 44 }, // U+040A
    { 0x040B, 49 }, // U+040B
    { 0x040C, 50 }, // U+040C
    { 0x040E, 51 }, // U+040E
    { 0x0410, 52 }, // U+0410
    { 0x0411, 53 }, // U+0411
    { 0x0412, 54 }, // U+0412
    { 0x0413, 45 }, // U+0413
    { 0x0414, 55 }, // U+0414
    { 0x0416, 50 }, // U+0416
    { 0x0417, 54 }, // U+0417
    { 0x041A, 50 }, // U+041A
    { 0x041E, 56 }, // U+041E
    { 0x0420, 57 }, // U+0420
    { 0x0421, 46 }, // U+0421
    { 0x0422, 45 }, // U+0422
    { 0x0423, 51 }, // U+0423
    { 0x0424, 58 }, // U+0424
    { 0x0425, 50 }, // U+0425
    { 0x0426, 55 }, // U+0426
    { 0x0429, 55 }, // U+0429
    { 0x042A, 44 }, // U+042A
    { 0x042C, 44 }, // U+042C
    { 0x042D, 56 }, // U+042D
    { 0x042E, 56 }, // U+042E
    { 0x0430, 59 }, // U+0430
    { 0x0431, 60 }, // U+0431
    { 0x0432, 61 }, // U+0432
    { 0x0433, 62 }, // U+0433
    { 0x0434, 63 }, // U+0434
    { 0x0435, 62 }, // U+0435
    { 0x0436, 64 }, // U+0436
    { 0x0437, 61 }, // U+0437
    { 0x0438, 59 }, // U+0438
    { 0x0439, 59 }, // U+0439
    { 0x043A, 65 }, // U+043A
    { 0x043B, 59 }, // U+043B
    { 0x043C, 59 }, // U+043C
    { 0x043D, 59 }, // U+043D
    { 0x043E, 66 }, // U+043E
    { 0x043F, 67 }, // U+043F
    { 0x0440, 66 }, // U+0440
    { 0x0441, 64 }, // U+0441
    { 0x0442, 67 }, // U+0442
    { 0x0443, 68 }, // U+0443
    { 0x0444, 66 }, // U+0444
    { 0x0445, 65 }, // U+0445
    { 0x0446, 69 }, // U+0446
    { 0x0447, 59 }, // U+0447
    { 0x0448, 59 }, // U+0448
    { 0x0449, 69 }, // U+0449
    { 0x044A, 70 }, // U+044A
    { 0x044B, 59 }, // U+044B
    { 0x044C, 70 }, // U+044C
    { 0x044D, 66 }, // U+044D
    { 0x044E, 66 }, // U+044E
    { 0x044F, 59 }, // U+044F
    { 0x0450, 62 }, // U+0450
    { 0x0451, 62 }, // U+0451
    { 0x0452, 71 }, // U+0452
    { 0x0453, 62 }, // U+0453
    { 0x0454, 64 }, // U+0454
    { 0x0455, 72 }, // U+0455
    { 0x0457, 73 }, // U+0457
    { 0x0458, 74 }, // U+0458
    { 0x0459, 70 }, // U+0459
    { 0x045A, 70 }, // U+045A
    { 0x045B, 67 }, // U+045B
    { 0x045C, 65 }, // U+045C
    { 0x045D, 59 }, // U+045D
    { 0x045E, 75 }, // U+045E
    { 0x045F, 59 }, // U+045F
    { 0x0460, 51 }, // U+0460
    { 0x0461, 76 }, // U+0461
    { 0x0462, 77 }, // U+0462
    { 0x0463, 70 }, // U+0463
    { 0x0464, 46 }, // U+0464
    { 0x0466, 52 }, // U+0466
    { 0x0467, 78 }, // U+0467
    { 0x0468, 52 }, // U+0468
    { 0x0469, 78 }, // U+0469
    { 0x046E, 54 }, // U+046E
    { 0x046F, 61 }, // U+046F
    { 0x0472, 56 }, // U+0472
    { 0x0473, 66 }, // U+0473
    { 0x0474, 51 }, // U+0474
    { 0x0475, 76 }, // U+0475
    { 0x0476, 51 }, // U+0476
    { 0x0477, 76 }, // U+0477
    { 0x0478, 68 }, // U+0478
    { 0x0479, 68 }, // U+0479
    { 0x047A, 56 }, // U+047A
    { 0x047B, 66 }, // U+047B
    { 0x047C, 56 }, // U+047C
    { 0x047D, 66 }, // U+047D
    { 0x047E, 51 }, // U+047E
    { 0x047F, 76 }, // U+047F
    { 0x0480, 46 }, // U+0480
    { 0x048A, 55 }, // U+048A
    { 0x048B, 63 }, // U+048B
    { 0x048C, 77 }, // U+048C
    { 0x048D, 70 }, // U+048D
    { 0x048E, 57 }, // U+048E
    { 0x048F, 66 }, // U+048F
    { 0x0490, 79 }, // U+0490
    { 0x0491, 80 }, // U+0491
    { 0x0492, 81 }, // U+0492
    { 0x0493, 82 }, // U+0493
    { 0x0495, 83 }, // U+0495
    { 0x0496, 84 }, // U+0496
    { 0x0497, 85 }, // U+0497
    { 0x0498, 54 }, // U+0498
    { 0x0499, 61 }, // U+0499
    { 0x049A, 84 }, // U+049A
    { 0x049B, 85 }, // U+049B
    { 0x049C, 50 }, // U+049C
    { 0x049D, 64 }, // U+049D
    { 0x049E, 50 }, // U+049E
    { 0x049F, 64 }, // U+049F
    { 0x04A0, 50 }, // U+04A0
    { 0x04A1, 64 }, // U+04A1
    { 0x04A2, 55 }, // U+04A2
    { 0x04A3, 63 }, // U+04A3
    { 0x04A4, 81 }, // U+04A4
    { 0x04A5, 80 }, // U+04A5
    { 0x04A7, 83 }, // U+04A7
    { 0x04A9, 66 }, // U+04A9
    { 0x04AA, 46 }, // U+04AA
    { 0x04AC, 79 }, // U+04AC
    { 0x04AD, 63 }, // U+04AD
    { 0x04AE, 86 }, // U+04AE
    { 0x04AF, 87 }, // U+04AF
    { 0x04B0, 86 }, // U+04B0
    { 0x04B1, 87 }, // U+04B1
    { 0x04B2, 84 }, // U+04B2
    { 0x04B3, 85 }, // U+04B3
    { 0x04B4, 55 }, // U+04B4
    { 0x04B5, 63 }, // U+04B5
    { 0x04B6, 55 }, // U+04B6
    { 0x04B7, 63 }, // U+04B7
    { 0x04BB, 83 }, // U+04BB
    { 0x04BC, 88 }, // U+04BC
    { 0x04BD, 62 }, // U+04BD
    { 0x04BE, 88 }, // U+04BE
    { 0x04BF, 62 }, // U+04BF
    { 0x04C1, 50 }, // U+04C1
    { 0x04C2, 64 }, // U+04C2
    { 0x04C4, 64 }, // U+04C4
    { 0x04C5, 55 }, // U+04C5
    { 0x04C6, 63 }, // U+04C6
    { 0x04C9, 55 }, // U+04C9
    { 0x04CA, 63 }, // U+04CA
    { 0x04CD, 55 }, // U+04CD
    { 0x04CE, 63 }, // U+04CE
    { 0x04D0, 52 }, // U+04D0
    { 0x04D1, 23 }, // U+04D1
    { 0x04D2, 52 }, // U+04D2
    { 0x04D3, 23 }, // U+04D3
    { 0x04D5, 62 }, // U+04D5
    { 0x04D7, 62 }, // U+04D7
    { 0x04D8, 56 }, // U+04D8
    { 0x04D9, 66 }, // U+04D9
    { 0x04DA, 56 }, // U+04DA
    { 0x04DB, 66 }, // U+04DB
    { 0x04DC, 50 }, // U+04DC
    { 0x04DD, 64 }, // U+04DD
    { 0x04DE, 54 }, // U+04DE
    { 0x04DF, 61 }, // U+04DF
    { 0x04E6, 56 }, // U+04E6
    { 0x04E7, 66 }, // U+04E7
    { 0x04E8, 56 }, // U+04E8
    { 0x04E9, 66 }, // U+04E9
    { 0x04EA, 56 }, // U+04EA
    { 0x04EB, 66 }, // U+04EB
    { 0x04EC, 56 }, // U+04EC
    { 0x04ED, 66 }, // U+04ED
    { 0x04EE, 51 }, // U+04EE
    { 0x04EF, 68 }, // U+04EF
    { 0x04F0, 51 }, // U+04F0
    { 0x04F1, 68 }, // U+04F1
    { 0x04F2, 51 }, // U+04F2
    { 0x04F3, 68 }, // U+04F3
    { 0x04F5, 59 }, // U+04F5
    { 0x04F6, 79 }, // U+04F6
    { 0x04F7, 80 }, // U+04F7
    { 0x04F9, 59 }, // U+04F9
    { 0x04FA, 81 }, // U+04FA
    { 0x04FB, 82 }, // U+04FB
    { 0x04FC, 84 }, // U+04FC
    { 0x04FD, 85 }, // U+04FD
    { 0x04FE, 50 }, // U+04FE
    { 0x04FF, 85 }, // U+04FF
    { 0x1EA0, 7 }, // U+1EA0
    { 0x1EA1, 23 }, // U+1EA1
    { 0x1EA2, 7 }, // U+1EA2
    { 0x1EA3, 23 }, // U+1EA3
    { 0x1EA4, 7 }, // U+1EA4
    { 0x1EA5, 23 }, // U+1EA5
    { 0x1EA6, 7 }, // U+1EA6
    { 0x1EA7, 23 }, // U+1EA7
    { 0x1EA8, 7 }, // U+1EA8
    { 0x1EA9, 23 }, // U+1EA9
    { 0x1EAA, 7 }, // U+1EAA
    { 0x1EAB, 23 }, // U+1EAB
    { 0x1EAC, 7 }, // U+1EAC
    { 0x1EAD, 23 }, // U+1EAD
    { 0x1EAE, 7 }, // U+1EAE
    { 0x1EAF, 23 }, // U+1EAF
    { 0x1EB0, 7 }, // U+1EB0
    { 0x1EB1, 23 }, // U+1EB1
    { 0x1EB2, 7 }, // U+1EB2
    { 0x1EB3, 23 }, // U+1EB3
    { 0x1EB4, 7 }, // U+1EB4
    { 0x1EB5, 23 }, // U+1EB5
    { 0x1EB6, 7 }, // U+1EB6
    { 0x1EB7, 23 }, // U+1EB7
    { 0x1EB8, 11 }, // U+1EB8
    { 0x1EB9, 24 }, // U+1EB9
    { 0x1EBA, 11 }, // U+1EBA
    { 0x1EBB, 24 }, // U+1EBB
    { 0x1EBC, 11 }, // U+1EBC
    { 0x1EBD, 24 }, // U+1EBD
    { 0x1EBE, 11 }, // U+1EBE
    { 0x1EBF, 24 }, // U+1EBF
    { 0x1EC0, 11 }, // U+1EC0
    { 0x1EC1, 24 }, // U+1EC1
    { 0x1EC2, 11 }, // U+1EC2
    { 0x1EC3, 24 }, // U+1EC3
    { 0x1EC4, 11 }, // U+1EC4
    { 0x1EC5, 24 }, // U+1EC5
    { 0x1EC6, 11 }, // U+1EC6
    { 0x1EC7, 24 }, // U+1EC7
    { 0x1ECC, 10 }, // U+1ECC
    { 0x1ECD, 24 }, // U+1ECD
    { 0x1ECE, 10 }, // U+1ECE
    { 0x1ECF, 24 }, // U+1ECF
    { 0x1ED0, 10 }, // U+1ED0
    { 0x1ED1, 24 }, // U+1ED1
    { 0x1ED2, 10 }, // U+1ED2
    { 0x1ED3, 24 }, // U+1ED3
    { 0x1ED4, 10 }, // U+1ED4
    { 0x1ED5, 24 }, // U+1ED5
    { 0x1ED6, 10 }, // U+1ED6
    { 0x1ED7, 24 }, // U+1ED7
    { 0x1ED8, 10 }, // U+1ED8
    { 0x1ED9, 24 }, // U+1ED9
    { 0x1EDA, 40 }, // U+1EDA
    { 0x1EDB, 41 }, // U+1EDB
    { 0x1EDC, 40 }, // U+1EDC
    { 0x1EDD, 41 }, // U+1EDD
    { 0x1EDE, 40 }, // U+1EDE
    { 0x1EDF, 41 }, // U+1EDF
    { 0x1EE0, 40 }, // U+1EE0
    { 0x1EE1, 41 }, // U+1EE1
    { 0x1EE2, 40 }, // U+1EE2
    { 0x1EE3, 41 }, // U+1EE3
    { 0x1EE4, 18 }, // U+1EE4
    { 0x1EE6, 18 }, // U+1EE6
    { 0x1EE8, 42 }, // U+1EE8
    { 0x1EE9, 43 }, // U+1EE9
    { 0x1EEA, 42 }, // U+1EEA
    { 0x1EEB, 43 }, // U+1EEB
    { 0x1EEC, 42 }, // U+1EEC
    { 0x1EED, 43 }, // U+1EED
    { 0x1EEE, 42 }, // U+1EEE
    { 0x1EEF, 43 }, // U+1EEF
    { 0x1EF0, 42 }, // U+1EF0
    { 0x1EF1, 43 }, // U+1EF1
    { 0x1EF2, 20 }, // U+1EF2
    { 0x1EF3, 30 }, // U+1EF3
    { 0x1EF4, 20 }, // U+1EF4
    { 0x1EF5, 30 }, // U+1EF5
    { 0x1EF6, 20 }, // U+1EF6
    { 0x1EF7, 30 }, // U+1EF7
    { 0x1EF8, 20 }, // U+1EF8
    { 0x1EF9, 30 }, // U+1EF9
    { 0x2013, 6 }, // U+2013
    { 0x2014, 6 }, // U+2014
    { 0x2015, 6 }, // U+2015
    { 0x2018, 2 }, // U+2018
    { 0x2019, 2 }, // U+2019
    { 0x201A, 5 }, // U+201A
    { 0x201C, 2 }, // U+201C
    { 0x201D, 2 }, // U+201D
    { 0x201E, 5 }, // U+201E
    { 0x2039, 32 }, // U+2039
    { 0x203A, 33 }, // U+203A
    { 0x207D, 89 }, // U+207D
    { 0x208D, 90 }, // U+208D
    { 0xFB00, 26 }, // U+FB00
};

static const EpdKernClassEntry notosans_14_italicKernRightClasses[] = {
    { 0x0021, 1 }, // !
    { 0x0022, 2 }, // "
    { 0x0026, 3 }, // &
    { 0x0027, 2 }, // '
    { 0x0029, 4 }, // )
    { 0x002C, 5 }, // ,
    { 0x002D, 6 }, // -
    { 0x002E, 5 }, // .
    { 0x003A, 7 }, // :
    { 0x003B, 7 }, // ;
    { 0x003F, 8 }, // ?
    { 0x0041, 9 }, // A
    { 0x0043, 10 }, // C
    { 0x0047, 10 }, // G
    { 0x0049, 11 }, // I
    { 0x004A, 12 }, // J
    { 0x004F, 10 }, // O
    { 0x0051, 10 }, // Q
    { 0x0053, 13 }, // S
    { 0x0054, 14 }, // T
    { 0x0055, 15 }, // U
    { 0x0056, 16 }, // V
    { 0x0057, 16 }, // W
    { 0x0058, 17 }, // X
    { 0x0059, 18 }, // Y
    { 0x005A, 19 }, // Z
    { 0x005D, 4 }, // ]
    { 0x0061, 20 }, // a
    { 0x0063, 21 }, // c
    { 0x0064, 21 }, // d
    { 0x0065, 21 }, // e
    { 0x0066, 22 }, // f
    { 0x0067, 23 }, // g
    { 0x006A, 24 }, // j
    { 0x006D, 25 }, // m
    { 0x006E, 25 }, // n
    { 0x006F, 21 }, // o
    { 0x0070, 25 }, // p
    { 0x0071, 21 }, // q
    { 0x0072, 25 }, // r
    { 0x0073, 26 }, // s
    { 0x0074, 27 }, // t
    { 0x0075, 25 }, // u
    { 0x0076, 28 }, // v
    { 0x0077, 28 }, // w
    { 0x0079, 28 }, // y
    { 0x007A, 29 }, // z
    { 0x007D, 4 }, // }
    { 0x00AB, 30 }, // U+00AB
    { 0x00BB, 31 }, // U+00BB
    { 0x00C0, 9 }, // U+00C0
    { 0x00C1, 9 }, // U+00C1
    { 0x00C2, 9 }, // U+00C2
    { 0x00C3, 9 }, // U+00C3
    { 0x00C4, 9 }, // U+00C4
    { 0x00C5, 9 }, // U+00C5
    { 0x00C6, 32 }, // U+00C6
    { 0x00C7, 10 }, // U+00C7
    { 0x00D2, 10 }, // U+00D2
    { 0x00D3, 10 }, // U+00D3
    { 0x00D4, 10 }, // U+00D4
    { 0x00D5, 10 }, // U+00D5
    { 0x00D6, 10 }, // U+00D6
    { 0x00D8, 10 }, // U+00D8
    { 0x00D9, 15 }, // U+00D9
    { 0x00DA, 15 }, // U+00DA
    { 0x00DB, 15 }, // U+00DB
    { 0x00DC, 15 }, // U+00DC
    { 0x00DD, 18 }, // U+00DD
    { 0x00DF, 24 }, // U+00DF
    { 0x00E0, 21 }, // U+00E0
    { 0x00E1, 20 }, // U+00E1
    { 0x00E2, 20 }, // U+00E2
    { 0x00E3, 20 }, // U+00E3
    { 0x00E4, 20 }, // U+00E4
    { 0x00E5, 20 }, // U+00E5
    { 0x00E6, 20 }, // U+00E6
    { 0x00E7, 21 }, // U+00E7
    { 0x00E8, 21 }, // U+00E8
    { 0x00E9, 21 }, // U+00E9
    { 0x00EA, 21 }, // U+00EA
    { 0x00EB, 21 }, // U+00EB
    { 0x00F1, 25 }, // U+00F1
    { 0x00F2, 21 }, // U+00F2
    { 0x00F3, 21 }, // U+00F3
    { 0x00F4, 21 }, // U+00F4
    { 0x00F5, 21 }, // U+00F5
    { 0x00F6, 21 }, // U+00F6
    { 0x00F8, 21 }, // U+00F8
    { 0x00F9, 25 }, // U+00F9
    { 0x00FA, 25 }, // U+00FA
    { 0x00FB, 25 }, // U+00FB
    { 0x00FC, 25 }, // U+00FC
    { 0x00FD, 28 }, // U+00FD
    { 0x00FF, 28 }, // U+00FF
    { 0x0100, 9 }, // U+0100
    { 0x0101, 20 }, // U+0101
    { 0x0102, 9 }, // U+0102
    { 0x0103, 20 }, // U+0103
    { 0x0104, 9 }, // U+0104
    { 0x0105, 20 }, // U+0105
    { 0x0106, 10 }, // U+0106
    { 0x0107, 21 }, // U+0107
    { 0x0108, 10 }, // U+0108
    { 0x0109, 21 }, // U+0109
    { 0x010A, 10 }, // U+010A
    { 0x010B, 21 }, // U+010B
    { 0x010C, 10 }, // U+010C
    { 0x010D, 21 }, // U+010D
    { 0x010F, 21 }, // U+010F
    { 0x0111, 21 }, // U+0111
    { 0x0113, 21 }, // U+0113
    { 0x0115, 21 }, // U+0115
    { 0x0117, 21 }, // U+0117
    { 0x0119, 21 }, // U+0119
    { 0x011B, 21 }, // U+011B
    { 0x011C, 10 }, // U+011C
    { 0x011D, 23 }, // U+011D
    { 0x011E, 10 }, // U+011E
    { 0x011F, 23 }, // U+011F
    { 0x0120, 10 }, // U+0120
    { 0x0121, 23 }, // U+0121
    { 0x0122, 10 }, // U+0122
    { 0x0123, 23 }, // U+0123
    { 0x0127, 33 }, // U+0127
    { 0x0129, 34 }, // U+0129
    { 0x0135, 24 }, // U+0135
    { 0x0138, 25 }, // U+0138
    { 0x0144, 25 }, // U+0144
    { 0x0146, 25 }, // U+0146
    { 0x0148, 25 }, // U+0148
    { 0x014B, 25 }, // U+014B
    { 0x014C, 10 }, // U+014C
    { 0x014D, 21 }, // U+014D
    { 0x014E, 10 }, // U+014E
    { 0x014F, 21 }, // U+014F
    { 0x0150, 10 }, // U+0150
    { 0x0151, 21 }, // U+0151
    { 0x0152, 10 }, // U+0152
    { 0x0153, 21 }, // U+0153
    { 0x0155, 25 }, // U+0155
    { 0x0157, 25 }, // U+0157
    { 0x015B, 26 }, // U+015B
    { 0x015D, 26 }, // U+015D
    { 0x015F, 26 }, // U+015F
    { 0x0161, 26 }, // U+0161
    { 0x0162, 14 }, // U+0162
    { 0x0163, 27 }, // U+0163
    { 0x0164, 14 }, // U+0164
    { 0x0165, 27 }, // U+0165
    { 0x0166, 14 }, // U+0166
    { 0x0167, 27 }, // U+0167
    { 0x0168, 15 }, // U+0168
    { 0x0169, 25 }, // U+0169
    { 0x016A, 15 }, // U+016A
    { 0x016B, 25 }, // U+016B
    { 0x016C, 15 }, // U+016C
    { 0x016D, 25 }, // U+016D
    { 0x016E, 15 }, // U+016E
    { 0x016F, 25 }, // U+016F
    { 0x0170, 15 }, // U+0170
    { 0x0171, 25 }, // U+0171
    { 0x0172, 15 }, // U+0172
    { 0x0173, 25 }, // U+0173
    { 0x0174, 16 }, // U+0174
    { 0x0175, 28 }, // U+0175
    { 0x0176, 18 }, // U+0176
    { 0x0177, 28 }, // U+0177
    { 0x0178, 18 }, // U+0178
    { 0x0179, 19 }, // U+0179
    { 0x017A, 29 }, // U+017A
    { 0x017B, 19 }, // U+017B
    { 0x017C, 29 }, // U+017C
    { 0x017D, 19 }, // U+017D
    { 0x017E, 29 }, // U+017E
    { 0x01A0, 10 }, // U+01A0
    { 0x01A1, 21 }, // U+01A1
    { 0x01AF, 15 }, // U+01AF
    { 0x01B0, 25 }, // U+01B0
    { 0x01FA, 9 }, // U+01FA
    { 0x01FB, 20 }, // U+01FB
    { 0x01FC, 32 }, // U+01FC
    { 0x01FD, 20 }, // U+01FD
    { 0x01FE, 10 }, // U+01FE
    { 0x01FF, 21 }, // U+01FF
    { 0x0219, 26 }, // U+0219
    { 0x021A, 14 }, // U+021A
    { 0x021B, 27 }, // U+021B
    { 0x0402, 35 }, // U+0402
    { 0x0404, 36 }, // U+0404
    { 0x0405, 37 }, // U+0405
    { 0x0408, 38 }, // U+0408
    { 0x0409, 39 }, // U+0409
    { 0x040B, 35 }, // U+040B
    { 0x040E, 40 }, // U+040E
    { 0x0410, 41 }, // U+0410
    { 0x0414, 42 }, // U+0414
    { 0x0416, 43 }, // U+0416
    { 0x0417, 44 }, // U+0417
    { 0x041B, 39 }, // U+041B
    { 0x041E, 36 }, // U+041E
    { 0x0421, 36 }, // U+0421
    { 0x0422, 35 }, // U+0422
    { 0x0423, 40 }, // U+0423
    { 0x0424, 45 }, // U+0424
    { 0x0425, 43 }, // U+0425
    { 0x0427, 46 }, // U+0427
    { 0x042A, 35 }, // U+042A
    { 0x042D, 44 }, // U+042D
    { 0x042F, 47 }, // U+042F
    { 0x0430, 48 }, // U+0430
    { 0x0431, 49 }, // U+0431
    { 0x0432, 48 }, // U+0432
    { 0x0433, 50 }, // U+0433
    { 0x0434, 51 }, // U+0434
    { 0x0435, 48 }, // U+0435
    { 0x0436, 52 }, // U+0436
    { 0x0437, 50 }, // U+0437
    { 0x0438, 53 }, // U+0438
    { 0x0439, 53 }, // U+0439
    { 0x043A, 54 }, // U+043A
    { 0x043B, 55 }, // U+043B
    { 0x043C, 54 }, // U+043C
    { 0x043D, 54 }, // U+043D
    { 0x043E, 48 }, // U+043E
    { 0x043F, 54 }, // U+043F
    { 0x0440, 54 }, // U+0440
    { 0x0441, 48 }, // U+0441
    { 0x0442, 54 }, // U+0442
    { 0x0443, 56 }, // U+0443
    { 0x0444, 48 }, // U+0444
    { 0x0445, 57 }, // U+0445
    { 0x0446, 53 }, // U+0446
    { 0x0447, 58 }, // U+0447
    { 0x0448, 53 }, // U+0448
    { 0x0449, 53 }, // U+0449
    { 0x044A, 59 }, // U+044A
    { 0x044B, 53 }, // U+044B
    { 0x044C, 53 }, // U+044C
    { 0x044D, 52 }, // U+044D
    { 0x044E, 54 }, // U+044E
    { 0x044F, 60 }, // U+044F
    { 0x0450, 48 }, // U+0450
    { 0x0451, 48 }, // U+0451
    { 0x0452, 61 }, // U+0452
    { 0x0453, 50 }, // U+0453
    { 0x0454, 48 }, // U+0454
    { 0x0455, 62 }, // U+0455
    { 0x0457, 63 }, // U+0457
    { 0x0458, 64 }, // U+0458
    { 0x0459, 55 }, // U+0459
    { 0x045A, 54 }, // U+045A
    { 0x045B, 61 }, // U+045B
    { 0x045C, 54 }, // U+045C
    { 0x045D, 53 }, // U+045D
    { 0x045E, 65 }, // U+045E
    { 0x045F, 53 }, // U+045F
    { 0x0460, 66 }, // U+0460
    { 0x0461, 67 }, // U+0461
    { 0x0462, 68 }, // U+0462
    { 0x0465, 69 }, // U+0465
    { 0x0466, 41 }, // U+0466
    { 0x0467, 70 }, // U+0467
    { 0x0469, 69 }, // U+0469
    { 0x046D, 69 }, // U+046D
    { 0x046E, 44 }, // U+046E
    { 0x046F, 50 }, // U+046F
    { 0x0470, 46 }, // U+0470
    { 0x0471, 69 }, // U+0471
    { 0x0472, 71 }, // U+0472
    { 0x0473, 72 }, // U+0473
    { 0x0474, 66 }, // U+0474
    { 0x0475, 67 }, // U+0475
    { 0x0476, 66 }, // U+0476
    { 0x0477, 67 }, // U+0477
    { 0x0478, 71 }, // U+0478
    { 0x0479, 72 }, // U+0479
    { 0x047A, 71 }, // U+047A
    { 0x047B, 72 }, // U+047B
    { 0x047C, 71 }, // U+047C
    { 0x047D, 72 }, // U+047D
    { 0x047E, 66 }, // U+047E
    { 0x047F, 67 }, // U+047F
    { 0x0480, 71 }, // U+0480
    { 0x0481, 72 }, // U+0481
    { 0x048B, 69 }, // U+048B
    { 0x048C, 68 }, // U+048C
    { 0x048D, 61 }, // U+048D
    { 0x048F, 69 }, // U+048F
    { 0x0491, 69 }, // U+0491
    { 0x0492, 68 }, // U+0492
    { 0x0495, 69 }, // U+0495
    { 0x0496, 43 }, // U+0496
    { 0x0497, 50 }, // U+0497
    { 0x0498, 44 }, // U+0498
    { 0x0499, 50 }, // U+0499
    { 0x049B, 69 }, // U+049B
    { 0x049D, 69 }, // U+049D
    { 0x049E, 68 }, // U+049E
    { 0x049F, 61 }, // U+049F
    { 0x04A0, 73 }, // U+04A0
    { 0x04A1, 59 }, // U+04A1
    { 0x04A3, 69 }, // U+04A3
    { 0x04A5, 69 }, // U+04A5
    { 0x04A7, 69 }, // U+04A7
    { 0x04A8, 71 }, // U+04A8
    { 0x04A9, 72 }, // U+04A9
    { 0x04AA, 71 }, // U+04AA
    { 0x04AB, 72 }, // U+04AB
    { 0x04AC, 35 }, // U+04AC
    { 0x04AD, 69 }, // U+04AD
    { 0x04AE, 74 }, // U+04AE
    { 0x04AF, 75 }, // U+04AF
    { 0x04B0, 74 }, // U+04B0
    { 0x04B1, 75 }, // U+04B1
    { 0x04B2, 43 }, // U+04B2
    { 0x04B3, 52 }, // U+04B3
    { 0x04B4, 73 }, // U+04B4
    { 0x04B5, 59 }, // U+04B5
    { 0x04B6, 46 }, // U+04B6
    { 0x04B7, 58 }, // U+04B7
    { 0x04B8, 46 }, // U+04B8
    { 0x04B9, 58 }, // U+04B9
    { 0x04BB, 69 }, // U+04BB
    { 0x04BC, 76 }, // U+04BC
    { 0x04BD, 77 }, // U+04BD
    { 0x04BE, 76 }, // U+04BE
    { 0x04BF, 77 }, // U+04BF
    { 0x04C1, 43 }, // U+04C1
    { 0x04C2, 52 }, // U+04C2
    { 0x04C4, 69 }, // U+04C4
    { 0x04C5, 78 }, // U+04C5
    { 0x04C6, 70 }, // U+04C6
    { 0x04C8, 69 }, // U+04C8
    { 0x04CA, 69 }, // U+04CA
    { 0x04CB, 46 }, // U+04CB
    { 0x04CC, 58 }, // U+04CC
    { 0x04CE, 69 }, // U+04CE
    { 0x04D0, 41 }, // U+04D0
    { 0x04D1, 79 }, // U+04D1
    { 0x04D2, 41 }, // U+04D2
    { 0x04D3, 79 }, // U+04D3
    { 0x04D4, 41 }, // U+04D4
    { 0x04D5, 79 }, // U+04D5
    { 0x04D7, 72 }, // U+04D7
    { 0x04D8, 80 }, // U+04D8
    { 0x04D9, 50 }, // U+04D9
    { 0x04DA, 80 }, // U+04DA
    { 0x04DB, 50 }, // U+04DB
    { 0x04DC, 43 }, // U+04DC
    { 0x04DD, 52 }, // U+04DD
    { 0x04DE, 44 }, // U+04DE
    { 0x04DF, 50 }, // U+04DF
    { 0x04E3, 69 }, // U+04E3
    { 0x04E5, 69 }, // U+04E5
    { 0x04E6, 71 }, // U+04E6
    { 0x04E7, 72 }, // U+04E7
    { 0x04E8, 71 }, // U+04E8
    { 0x04E9, 72 }, // U+04E9
    { 0x04EA, 71 }, // U+04EA
    { 0x04EB, 72 }, // U+04EB
    { 0x04EC, 44 }, // U+04EC
    { 0x04ED, 52 }, // U+04ED
    { 0x04EE, 40 }, // U+04EE
    { 0x04EF, 56 }, // U+04EF
    { 0x04F0, 40 }, // U+04F0
    { 0x04F1, 56 }, // U+04F1
    { 0x04F2, 40 }, // U+04F2
    { 0x04F3, 56 }, // U+04F3
    { 0x04F4, 46 }, // U+04F4
    { 0x04F5, 58 }, // U+04F5
    { 0x04F7, 69 }, // U+04F7
    { 0x04F9, 53 }, // U+04F9
    { 0x04FA, 68 }, // U+04FA
    { 0x04FC, 43 }, // U+04FC
    { 0x04FD, 52 }, // U+04FD
    { 0x04FE, 43 }, // U+04FE
    { 0x04FF, 52 }, // U+04FF
    { 0x1EA0, 9 }, // U+1EA0
    { 0x1EA1, 20 }, // U+1EA1
    { 0x1EA2, 9 }, // U+1EA2
    { 0x1EA3, 20 }, // U+1EA3
    { 0x1EA4, 9 }, // U+1EA4
    { 0x1EA5, 20 }, // U+1EA5
    { 0x1EA6, 9 }, // U+1EA6
    { 0x1EA7, 20 }, // U+1EA7
    { 0x1EA8, 9 }, // U+1EA8
    { 0x1EA9, 20 }, // U+1EA9
    { 0x1EAA, 9 }, // U+1EAA
    { 0x1EAB, 20 }, // U+1EAB
    { 0x1EAC, 9 }, // U+1EAC
    { 0x1EAD, 20 }, // U+1EAD
    { 0x1EAE, 9 }, // U+1EAE
    { 0x1EAF, 20 }, // U+1EAF
    { 0x1EB0, 9 }, // U+1EB0
    { 0x1EB1, 20 }, // U+1EB1
    { 0x1EB2, 9 }, // U+1EB2
    { 0x1EB3, 20 }, // U+1EB3
    { 0x1EB4, 9 }, // U+1EB4
    { 0x1EB5, 20 }, // U+1EB5
    { 0x1EB6, 9 }, // U+1EB6
    { 0x1EB7, 20 }, // U+1EB7
    { 0x1EB9, 21 }, // U+1EB9
    { 0x1EBB, 21 }, // U+1EBB
    { 0x1EBD, 21 }, // U+1EBD
    { 0x1EBF, 21 }, // U+1EBF
    { 0x1EC1, 21 }, // U+1EC1
    { 0x1EC3, 21 }, // U+1EC3
    { 0x1EC5, 21 }, // U+1EC5
    { 0x1EC7, 21 }, // U+1EC7
    { 0x1ECC, 10 }, // U+1ECC
    { 0x1ECD, 21 }, // U+1ECD
    { 0x1ECE, 10 }, // U+1ECE
    { 0x1ECF, 21 }, // U+1ECF
    { 0x1ED0, 10 }, // U+1ED0
    { 0x1ED1, 21 }, // U+1ED1
    { 0x1ED2, 10 }, // U+1ED2
    { 0x1ED3, 21 }, // U+1ED3
    { 0x1ED4, 10 }, // U+1ED4
    { 0x1ED5, 21 }, // U+1ED5
    { 0x1ED6, 10 }, // U+1ED6
    { 0x1ED7, 21 }, // U+1ED7
    { 0x1ED8, 10 }, // U+1ED8
    { 0x1ED9, 21 }, // U+1ED9
    { 0x1EDA, 10 }, // U+1EDA
    { 0x1EDB, 21 }, // U+1EDB
    { 0x1EDC, 10 }, // U+1EDC
    { 0x1EDD, 21 }, // U+1EDD
    { 0x1EDE, 10 }, // U+1EDE
    { 0x1EDF, 21 }, // U+1EDF
    { 0x1EE0, 10 }, // U+1EE0
    { 0x1EE1, 21 }, // U+1EE1
    { 0x1EE2, 10 }, // U+1EE2
    { 0x1EE3, 21 }, // U+1EE3
    { 0x1EE4, 15 }, // U+1EE4
    { 0x1EE5, 25 }, // U+1EE5
    { 0x1EE6, 15 }, // U+1EE6
    { 0x1EE7, 25 }, // U+1EE7
    { 0x1EE8, 15 }, // U+1EE8
    { 0x1EE9, 25 }, // U+1EE9
    { 0x1EEA, 15 }, // U+1EEA
    { 0x1EEB, 25 }, // U+1EEB
    { 0x1EEC, 15 }, // U+1EEC
    { 0x1EED, 25 }, // U+1EED
    { 0x1EEE, 15 }, // U+1EEE
    { 0x1EEF, 25 }, // U+1EEF
    { 0x1EF0, 15 }, // U+1EF0
    { 0x1EF1, 25 }, // U+1EF1
    { 0x1EF2, 18 }, // U+1EF2
    { 0x1EF3, 28 }, // U+1EF3
    { 0x1EF4, 18 }, // U+1EF4
    { 0x1EF5, 28 }, // U+1EF5
    { 0x1EF6, 18 }, // U+1EF6
    { 0x1EF7, 28 }, // U+1EF7
    { 0x1EF8, 18 }, // U+1EF8
    { 0x1EF9, 28 }, // U+1EF9
    { 0x2013, 6 }, // U+2013
    { 0x2014, 6 }, // U+2014
    { 0x2015, 6 }, // U+2015
    { 0x2018, 81 }, // U+2018
    { 0x2019, 2 }, // U+2019
    { 0x201A, 5 }, // U+201A
    { 0x201C, 81 }, // U+201C
    { 0x201D, 2 }, // U+201D
    { 0x201E, 5 }, // U+201E
    { 0x2026, 5 }, // U+2026
    { 0x2039, 30 }, // U+2039
    { 0x203A, 31 }, // U+203A
    { 0x207E, 82 }, // U+207E
    { 0x208E, 83 }, // U+208E
    { 0xFB00, 22 }, // U+FB00
};

static const int8_t notosans_14_italicKernMatrix[] = {
       0,    0,    0,    0,    0,    0,    0,    0,    0,    0,    0,    0,    0,    0,    0,    0,    0,    0,    0,    0,    0,    0,    0,    0,    0,    0,    0,    0,    0,    0,    0,    0,    0,    0,    0,    0,    0,    0,    0,    0,    0,    0,    0,    0,    0,    0,    0,    0,    0,    0,    0,    0,    0,    0,    0,    0,    0,    0,    0,    0,    0,    0,    0,    0,    0,    0,    0,    0,    0,    0,   -9,   -9,    0,    0,    0,    0,    0,    0,    0,    0,    0,    0,    0,
       0,    0,    0,    0,    0,    0,    0,    0,  -33,    0,    0,    0,    0,    9,    0,    9,    0,    5,    0,  -19,  -28,    0,  -14,    0,  -14,  -14,    0,    0,    0,    0,    0,    0,    0,   33,    9,    0,   14,    0,  -23,   14,  -33,  -28,   14,   19,    0,    9,    0,    0,    0,    5,    0,    0,    0,    0,  -14,    9,    0,    0,    0,    0,   19,    0,   19,    0,    9,    0,    0,    0,   -5,  -33,    0,  -28,    0,    0,    0,    0,    0,  -28,   -9,    0,    0,    0,    0,
       0,    0,    0,    0,    0,    0,    0,    0,    0,    0,    0,    0,    0,  -28,    0,  -19,    0,  -28,    0,    0,    0,    0,    0,    0,    0,    0,    0,    0,    0,    0,    0,    0,    0,    0,    0,    0,    0,    0,    0,    0,    0,    0,    0,    0,    0,    0,    0,    0,    0,    0,    0,    0,    0,    0,    0,    0,    0,    0,    0,    0,    0,    0,    0,    0,    0,    0,    0,    0,    0,    0,    0,    0,    0,    0,    0,    0,    0,    0,    0,    0,    0,    0,    0,
       0,    0,    0,    0,    0,    0,    0,    0,    0,    0,    0,   42,    0,    0,    0,    0,    0,    0,    0,    0,    0,   19,    0,   19,    0,    0,    0,    0,    0,    0,    0,    0,    0,    0,   14,    0,    0,   51,   -5,    0,    0,   19,    9,   14,   -9,    0,    0,    0,    0,    0,    0,    0,    0,    0,    0,   14,    0,    0,    0,    0,   19,    0,   14,   42,   14,    0,    0,    0,    0,    0,    0,    0,    0,    0,    0,    0,    0,    0,    0,    0,    0,    0,    0,
       0,    0,    0,    0,    0,    0,    0,    0,    0,  -23,    0,    0,    0,  -33,   -9,  -28,    0,  -28,    0,    0,    0,    0,    0,    0,    0,    0,    0,    0,    0,    0,    0,    0,    0,    0,  -28,    0,    0,    0,    0,    0,    0,    0,    0,    0,  -19,  -37,    0,    0,    0,    0,    0,    0,    0,    0,    0,    0,    0,  -28,  -23,    0,    0,    0,    0,    0,    0,  -28,    0,    0,    0,    0,  -23,    0,  -33,  -28,    0,  -28,    0,    0,    0,    0,    0,    0,    0,
       0,    0,    0,    0,    0,    0,    0,    0,    0,    0,    0,    0,    0,  -19,    0,    0,    0,    0,    0,    0,    0,    0,    0,    0,    0,    0,    0,    0,    0,    0,    0,    0,    0,    0,  -19,    0,    0,    0,    0,   -9,    0,   -5,   -9,    0,    0,  -23,    0,    0,    0,    0,    0,    0,    0,    0,   -5,   -5,   -5,   -9,   -9,    0,    0,    0,    0,    0,   -5,    0,    0,    0,    0,    0,    0,    0,  -19,    0,    0,    0,    0,    0,    0,    0,    0,    0,    0,
       0,  -33,    0,    0,    0,    0,    0,    0,    0,   -9,    0,   35,    0,  -23,    0,   -5,    0,  -14,    0,    0,    0,    0,    0,    0,    0,    0,    0,    0,    0,    0,    0,    0,    0,    0,    0,    0,    0,    0,    0,    0,    0,    0,    0,    0,    0,    0,    0,    0,    0,    0,    0,    0,    0,    0,    0,    0,    0,    0,    0,    0,    0,    0,    0,    0,    0,    0,    0,    0,    0,    0,    0,    0,    0,    0,    0,    0,    0,    0,    0,    0,    0,    0,    0,
       0,    0,    0,    0,   -9,    0,    0,    0,    0,    0,    0,    0,    0,    0,    0,    0,    0,    0,    0,    0,    0,    0,    0,    0,    0,    0,    0,    0,    0,    0,    0,    0,    0,    0,    0,    0,    0,    0,    0,    0,    0,    0,    0,    0,    0,    0,    0,    0,    0,    0,    0,    0,    0,    0,    0,    0,    0,    0,    0,    0,    0,    0,    0,    0,    0,    0,    0,    0,    0,    0,    0,    0,    0,    0,    0,    0,    0,    0,    0,    0,    0,    0,    0,
       0,    0,   -5,    0,    0,    0,    0,    0,    0,   -9,    0,    0,    0,    0,    0,    0,    0,    0,    0,    0,    0,    0,    0,    0,    0,    0,    0,    0,    0,   -9,    0,    0,    0,    0,    0,    0,    0,    0,    0,    0,    0,    0,    0,    0,    0,    0,    0,    0,    0,    0,    0,    0,    0,    0,    0,    0,    0,    0,    0,    0,    0,    0,    0,    0,    0,    0,    0,    0,    0,    0,    0,    0,    0,    0,    0,    0,    0,    0,    0,    0,    0,    0,    0,
       0,    0,    0,    0,  -19,    0,    0,    0,   -9,    0,    0,    0,    0,  -14,    0,   -5,   -9,   -5,   -5,    0,    0,    0,    0,    0,    0,    0,    0,    0,    0,    0,    0,    0,    0,    0,    0,    0,   -5,    0,    0,    0,    0,    0,    0,    0,    0,    0,    0,    0,    0,    0,    0,    0,    0,    0,    0,    0,    0,    0,    0,    0,    0,    0,    0,    0,    0,    0,    0,    0,    0,    0,    0,    0,    0,    0,    0,    0,    0,    0,    0,    0,    0,    0,    0,
       0,    0,    0,    0,    0,    0,    0,    0,    0,    0,    0,   28,    0,    0,    0,    0,    0,    0,    0,    0,    0,    0,    0,    0,    0,    0,    0,    0,    0,    0,    0,    0,    0,    0,    0,    0,    0,    0,    0,    0,    0,    0,    0,    0,    0,    0,    0,    0,    0,    0,    0,    0,    0,    0,    0,    0,    0,    0,    0,    0,    0,    0,    0,    0,    0,    0,    0,    0,    0,    0,    0,    0,    0,    0,    0,    0,    0,    0,    0,    0,    0,    0,    0,
       0,    0,    0,    0,  -28,    0,    0,    9,   -9,    0,    0,    0,    0,    0,    0,    0,    0,    0,    0,    0,    0,    0,    0,    0,    0,    0,    0,    0,    0,    0,    0,    0,    0,    0,    0,    0,    0,    0,    0,    0,    0,    0,    0,    0,    0,    0,    0,    0,    0,    0,    0,    0,    0,    0,    0,    0,    0,    0,    0,    0,    0,    0,    0,    0,    0,    0,    0,    0,    0,    0,    0,    0,    0,    0,    0,    0,    0,    0,    0,    0,    0,    0,    0,
       0,    0,    0,    0,    0,    0,    0,    0,    0,   -9,    0,    0,    0,    0,    0,    0,    0,    0,    0,    0,    0,    0,    0,    0,    0,    0,    0,    0,    0,   -9,    0,    0,    0,    0,    0,    0,    0,    0,    0,    0,    0,    0,    0,    0,    0,    0,    0,    0,    0,    0,    0,    0,    0,    0,    0,    0,    0,    0,    0,    0,    0,    0,    0,    0,    0,    0,    0,    0,    0,    0,    0,    0,    0,    0,    0,    0,    0,    0,    0,    0,    0,    0,    0,
       0,  -37,    0,    0,    0,    0,    0,    0,    0,   -9,    0,    0,    0,  -19,   -5,   -9,    0,  -19,    0,    0,    0,    0,    0,    0,    0,    0,    0,    0,    0,  -19,    0,    0,    0,    0,    0,    0,    0,    0,    0,    0,    0,    0,    0,    0,    0,    0,    0,    0,    0,    0,    0,    0,    0,    0,    0,    0,    0,    0,    0,    0,    0,    0,    0,    0,    0,    0,    0,    0,    0,    0,    0,    0,    0,    0,    0,    0,    0,    0,    0,    0,    0,    0,    0,
       0,    0,   -9,    0,  -61,    0,    0,    0,  -23,    0,    0,    0,    0,    0,    0,    0,   -9,    0,   -5,    0,    0,    0,    0,    0,    0,    0,    0,    0,    0,   -5,    0,    0,    0,    0,    0,    0,    0,    0,    0,    0,    0,    0,    0,    0,    0,    0,    0,    0,    0,    0,    0,    0,    0,    0,    0,    0,    0,    0,    0,    0,    0,    0,    0,    0,    0,    0,    0,    0,    0,    0,    0,    0,    0,    0,    0,    0,    0,    0,    0,    0,    0,    0,    0,
       0,    0,    0,    0,    0,    0,    0,    0,    0,    0,    0,    0,    0,    0,    0,    0,    0,    0,    0,    0,    0,    0,    0,    0,    0,    0,    0,    0,    0,   -5,    0,    0,    0,    0,    0,    0,    0,    0,    0,    0,    0,    0,    0,    0,    0,    0,    0,    0,    0,    0,    0,    0,    0,    0,    0,    0,    0,    0,    0,    0,    0,    0,    0,    0,    0,    0,    0,    0,    0,    0,    0,    0,    0,    0,    0,    0,    0,    0,    0,    0,    0,    0,    0,
       0,    0,   -9,    0,  -28,  -19,    0,    9,  -23,   -9,    0,    0,    0,    5,    0,    0,    0,    0,    0,  -37,  -33,    0,  -33,    0,  -23,  -28,    0,   -9,  -19,  -28,  -19,    0,    0,    0,    0,    0,    0,    0,    0,    0,    0,    0,    0,    0,    0,    0,    0,    0,    0,    0,    0,    0,    0,    0,    0,    0,    0,    0,    0,    0,    0,    0,    0,    0,    0,    0,    0,    0,    0,    0,    0,    0,    0,    0,    0,    0,    0,    0,    0,    0,    0,    0,    0,
       0,    0,    0,    0,   -9,    0,    0,    0,   -5,    0,    0,    0,    0,    0,    0,    0,    0,    0,    0,    0,    0,    0,    0,    0,    0,    0,    0,    0,    0,    0,    0,    0,    0,    0,    0,    0,    0,    0,    0,    0,    0,    0,    0,    0,    0,    0,    0,    0,    0,    0,    0,    0,    0,    0,    0,    0,    0,    0,    0,    0,    0,    0,    0,    0,    0,    0,    0,    0,    0,    0,    0,    0,    0,    0,    0,    0,    0,    0,    0,    0,    0,    0,    0,
       0,    0,   -5,    0,  -23,    0,    0,    9,   -5,   -5,    0,    0,    0,    0,    0,    0,    0,    0,    0,   -9,   -9,    0,   -5,    0,   -5,   -5,    0,    0,    0,  -19,   -9,    0,    0,    0,    0,    0,    0,    0,    0,    0,    0,    0,    0,    0,    0,    0,    0,    0,    0,    0,    0,    0,    0,    0,    0,    0,    0,    0,    0,    0,    0,    0,    0,    0,    0,    0,    0,    0,    0,    0,    0,    0,    0,    0,    0,    0,    0,    0,    0,    0,    0,    0,    0,
       0,    0,  -14,    0,  -28,    0,    0,    9,  -14,   -9,    0,    0,    0,    0,    0,    0,    0,    0,    0,  -23,  -23,    0,   -9,    0,  -14,  -19,    0,    0,   -9,  -19,  -19,   -9,    0,    0,    0,    0,    0,    0,    0,    0,    0,    0,    0,    0,    0,    0,    0,    0,    0,    0,    0,    0,    0,    0,    0,    0,    0,    0,    0,    0,    0,    0,    0,    0,    0,    0,    0,    0,    0,    0,    0,    0,    0,    0,    0,    0,    0,    0,    0,    0,    0,    0,    0,
       0,    0,   -9,    0,    0,    0,    0,    0,    0,   -5,    0,    0,    0,    0,    0,    0,    0,    0,    0,    0,    0,    0,    0,    0,    0,    0,    0,    0,    0,   -5,    0,    0,    0,    0,    0,    0,    0,    0,    0,    0,    0,    0,    0,    0,    0,    0,    0,    0,    0,    0,    0,    0,    0,    0,    0,    0,    0,    0,    0,    0,    0,    0,    0,    0,    0,    0,    0,    0,    0,    0,    0,    0,    0,    0,    0,    0,    0,    0,    0,    0,    0,    0,    0,
       0,    0,    0,    0,    0,    0,    0,    0,    0,    0,    0,   42,    0,    0,    0,    0,    0,    0,    0,    0,    0,    0,    0,    0,    0,    0,    0,    0,    0,    0,    0,    0,    0,    0,    0,    0,    0,    0,    0,    0,    0,    0,    0,    0,    0,    0,    0,    0,    0,    0,    0,    0,    0,    0,    0,    0,    0,    0,    0,    0,    0,    0,    0,    0,    0,    0,    0,    0,    0,    0,    0,    0,    0,    0,    0,    0,    0,    0,    0,    0,    0,    0,    0,
       0,   -5,    0,    0,    0,    0,    0,    0,    0,    0,    0,    0,    0,    0,    0,    0,    0,    0,    0,    0,    0,    0,    0,    0,    0,    0,    0,    0,    0,    0,    0,    0,    0,    0,    0,    0,    0,    0,    0,    0,    0,    0,    0,    0,    0,    0,    0,    0,    0,    0,    0,    0,    0,    0,    0,    0,    0,    0,    0,    0,    0,    0,    0,    0,    0,    0,    0,    0,    0,    0,    0,    0,    0,    0,    0,    0,    0,    0,    0,    0,    0,    0,    0,
       0,   -5,    0,    0,    0,    0,    0,    0,    0,    0,    0,    0,    0,    0,    0,    0,    0,    0,    0,    0,    0,    0,    0,    0,    0,    0,    0,   -9,   -5,    0,    0,    0,    0,    0,    0,    0,    0,    0,    0,    0,    0,    0,    0,    0,    0,    0,    0,    0,    0,    0,    0,    0,    0,    0,    0,    0,    0,    0,    0,    0,    0,    0,    0,    0,    0,    0,    0,    0,    0,    0,    0,    0,    0,    0,    0,    0,    0,    0,    0,    0,    0,    0,    0,
       0,    9,    0,    0,    0,    0,    0,    0,    0,    0,    0,    0,    0,    0,    0,    0,    0,    0,    0,    0,    0,    0,    0,    0,    0,    0,    0,    0,    0,    0,    0,    0,    0,    0,    0,    0,    0,    0,    0,    0,    0,    0,    0,    0,    0,    0,    0,    0,    0,    0,    0,    0,    0,    0,    0,    0,    0,    0,    0,    0,    0,    0,    0,    0,    0,    0,    0,    0,    0,    0,    0,    0,    0,    0,    0,    0,    0,    0,    0,    0,    0,    0,    0,
       0,   28,    0,   19,    0,    0,    0,    0,    0,    0,    0,    0,    0,    0,    0,    0,    0,    0,    0,    0,    0,    0,    0,    0,    0,    0,    0,    0,    0,    0,    0,    0,    0,    0,    0,    0,    0,    0,    0,    0,    0,    0,    0,    0,    0,    0,    0,    0,    0,    0,    0,    0,    0,    0,    0,    0,    0,    0,    0,    0,    0,    0,    0,    0,    0,    0,    0,    0,    0,    0,    0,    0,    0,    0,    0,    0,    0,    0,    0,    0,    0,    0,    0,
       0,    0,    0,    0,    0,    0,    0,    0,    0,    0,    0,    0,    0,    0,    0,    0,    0,    0,    0,    0,   -9,    0,    0,    0,    0,    0,    0,    0,    0,    0,    0,    0,    0,    0,    0,    0,    0,    0,    0,    0,    0,    0,    0,    0,    0,    0,    0,    0,    0,    0,    0,    0,    0,    0,    0,    0,    0,    0,    0,    0,    0,    0,    0,    0,    0,    0,    0,    0,    0,    0,    0,    0,    0,    0,    0,    0,    0,    0,    0,    0,    0,    0,    0,
       0,   19,    0,    0,  -56,    0,    0,    0,    0,    0,    0,    0,    0,    0,    0,    0,    0,    0,    0,   -9,   -9,    0,   -5,    0,    0,    0,    0,    0,    0,    0,    0,    0,    0,    0,    0,    0,    0,    0,    0,    0,    0,    0,    0,    0,    0,    0,    0,    0,    0,    0,    0,    0,    0,    0,    0,    0,    0,    0,    0,    0,    0,    0,    0,    0,    0,    0,    0,    0,    0,    0,    0,    0,    0,    0,    0,    0,    0,    0,    0,    0,    0,    0,    0,
       0,    9,    0,    9,    0,    0,    0,    0,    0,    0,    0,    0,    0,    0,    0,    0,    0,    0,    0,    0,    0,    0,    0,    0,    0,    0,    0,    0,    0,    0,    0,    0,    0,    0,    0,    0,    0,    0,    0,    0,    0,    0,    0,    0,    0,    0,    0,    0,    0,    0,    0,    0,    0,    0,    0,    0,    0,    0,    0,    0,    0,    0,    0,    0,    0,    0,    0,    0,    0,    0,    0,    0,    0,    0,    0,    0,    0,    0,    0,    0,    0,    0,    0,
       0,   19,    0,    0,  -19,    0,    0,    9,    0,    0,    0,    0,    0,    0,    0,    0,    0,    0,    0,    0,    0,    0,    0,    0,    0,    0,    0,    0,    0,    0,    0,    0,    0,    0,    0,    0,    0,    0,    0,    0,    0,    0,    0,    0,    0,    0,    0,    0,    0,    0,    0,    0,    0,    0,    0,    0,    0,    0,    0,    0,    0,    0,    0,    0,    0,    0,    0,    0,    0,    0,    0,    0,    0,    0,    0,    0,    0,    0,    0,    0,    0,    0,    0,
       0,    0,    0,    0,    0,    0,    0,    0,    0,    0,    0,   28,    0,   -9,    0,    0,    0,   -5,    0,    0,    0,    0,    0,    0,    0,    0,    0,    0,    0,    0,    0,    0,    0,    0,    0,    0,    0,    0,    0,    0,    0,    0,    0,    0,    0,    0,    0,    0,    0,    0,    0,    0,    0,    0,    0,    0,    0,    0,    0,    0,    0,    0,    0,    0,    0,    0,    0,    0,    0,    0,    0,    0,    0,    0,    0,    0,    0,    0,    0,    0,    0,    0,    0,
       0,    0,    0,    0,    0,    0,    0,    0,    0,    0,    0,    0,    0,  -19,    0,   -9,    0,  -19,    0,    0,    0,    0,    0,    0,    0,    0,    0,    0,    0,    0,    0,    0,    0,    0,  -19,    0,    0,    0,    0,   -5,    0,    0,    0,    0,    0,   -9,    0,    0,    0,    0,    0,    0,    0,    0,    0,    0,    0,    0,    0,    0,    0,    0,    0,    0,    0,    0,    0,    0,    0,    0,    0,    0,  -14,    0,    0,    0,    0,    0,    0,    0,    0,    0,    0,
       0,    0,    0,    0,    0,    0,    0,    0,    0,    0,    0,    0,    0,  -28,    0,  -19,    0,  -19,    0,    0,    0,    0,    0,    0,    0,    0,    0,    0,    0,    0,    0,    0,    0,    0,  -28,    0,    0,    0,    0,   -9,    0,    0,   -9,    0,    0,  -28,    0,    0,    0,    0,    0,    0,    0,    0,    0,    0,    0,    0,    0,    0,    0,    0,    0,    0,    0,    0,    0,    0,    0,    0,    0,    0,  -19,    0,    0,    0,    0,    0,    0,    0,    0,    0,    0,
       0,    0,    0,    0,    0,    0,    0,    0,    0,    0,    0,   47,    0,  -23,    0,   -5,    0,  -14,    0,    0,    0,    0,    0,    0,    0,    0,    0,    0,    0,    0,    0,    0,    0,    0,    0,    0,    0,    0,    0,    0,    0,    0,    0,    0,    0,    0,    0,    0,    0,    0,    0,    0,    0,    0,    0,    0,    0,    0,    0,    0,    0,    0,    0,    0,    0,    0,    0,    0,    0,    0,    0,    0,    0,    0,    0,    0,    0,    0,    0,    0,    0,    0,    0,
       0,    0,    0,   19,    0,    0,    0,    0,    0,    0,    0,    0,    0,    0,    0,    0,    0,    0,    0,    0,    0,    0,    0,    0,    0,    0,    0,    0,    0,    0,    0,    0,    0,    0,    0,    0,    0,    0,    0,    0,    0,    0,    0,    0,    0,    0,    0,    0,    0,    0,    0,    0,    0,    0,    0,    0,    0,    0,    0,    0,    0,    0,    0,    0,    0,    0,    0,    0,    0,    0,    0,    0,    0,    0,    0,    0,    0,    0,    0,    0,    0,    0,    0,
      28,   33,    0,   39,    0,    0,    0,   37,    0,    0,    0,    0,    0,    0,    0,    0,    0,    0,    0,    0,    0,    0,    0,    0,    0,    0,    0,    0,    0,    0,    0,    0,   33,    0,    0,    0,    0,    0,    0,    0,    0,    0,    0,    0,    0,    0,    0,    0,    0,    0,    0,    0,    0,    0,    0,    0,    0,    0,    0,    0,    0,    0,    0,    0,    0,    0,    0,    0,    0,    0,    0,    0,    0,    0,    0,    0,    0,    0,    0,    0,   19,    0,    0,
       0,    0,    0,   19,    0,    0,    0,    0,    0,    0,    0,    0,    0,    0,    0,    0,    0,    0,    0,    0,    0,    0,    0,    0,    0,    0,    0,    0,    0,    0,    0,    0,    0,   51,    0,    0,    0,    0,    0,    0,    0,    0,    0,    0,    0,    0,    0,    0,    0,    0,    0,    0,    0,    0,    0,    0,    0,    0,    0,    0,    0,    0,    0,    0,    0,    0,    0,    0,    0,    0,    0,    0,    0,    0,    0,    0,    0,    0,    0,    0,    0,    0,    0,
       0,    0,    0,    0,    0,    0,    0,    0,    0,    0,    0,   23,    0,    0,    0,    0,    0,    0,    0,    0,    0,    0,    0,    0,    0,    0,    0,    0,    0,    0,    0,    0,    0,    0,    0,    0,    0,    0,    0,    0,    0,    0,    0,    0,    0,    0,    0,    0,    0,    0,    0,    0,    0,    0,    0,    0,    0,    0,    0,    0,    0,    0,    0,    0,    0,    0,    0,    0,    0,    0,    0,    0,    0,    0,    0,    0,    0,    0,    0,    0,    0,    0,    0,
       0,   19,    0,   28,    0,    0,    0,    9,    0,    0,    0,    0,    0,    0,    0,    0,    0,    0,    0,    0,    0,    0,    0,    0,    0,    0,    0,    0,    0,    0,    0,    0,    0,    0,    0,    0,    0,    0,    0,    0,    0,    0,    0,    0,    0,    0,    0,    0,    0,    0,    0,    0,    0,    0,    0,    0,    0,    0,    0,    0,    0,    0,    0,    0,    0,    0,    0,    0,    0,    0,    0,    0,    0,    0,    0,    0,    0,    0,    0,    0,    0,    0,    0,
       0,    0,    0,    0,    0,    0,    0,   14,    0,    0,    0,    0,    9,   14,    0,   19,   14,   28,    0,    0,    9,    0,    0,    0,    0,    0,    0,    0,    0,    0,    0,    0,    0,    0,    0,    0,    0,    0,    0,    0,    0,    0,    0,    0,    0,    0,    0,    0,    0,    0,    0,    0,    0,    0,    0,    0,    0,    0,    0,    0,    0,    0,    0,    0,    0,    0,    0,    0,    0,    0,    0,    0,    0,    0,    0,    0,    0,    0,    0,    0,    0,    0,    0,
       0,    9,    0,    0,    0,    0,    0,    0,    0,    0,    0,    0,    0,    0,    0,    0,    0,    0,    0,    0,    0,   19,    0,    0,    0,    9,   19,   23,    0,    0,    0,    0,    0,    0,    0,    0,    0,    0,    0,    0,    0,    0,    0,    0,    0,    0,    0,    0,    0,    0,    0,    0,    0,    0,    0,    0,    0,    0,    0,    0,    0,    0,    0,    0,    0,    0,    0,    0,    0,    0,    0,    0,    0,    0,    0,    0,    0,    0,    0,    0,   28,    0,    0,
       0,    9,    0,    0,  -19,    0,    0,   23,   -9,    0,   14,    0,    9,   33,    0,   37,   28,   37,    0,   -9,    5,    0,    0,    0,   -5,    0,    0,    0,    0,    0,    0,    0,    0,    0,    0,    0,    0,    0,    0,    0,    0,    0,    0,    0,    0,    0,    0,    0,    0,    0,    0,    0,    0,    0,    0,    0,    0,    0,    0,    0,    0,    0,    0,    0,    0,    0,    0,    0,    0,    0,    0,    0,    0,    0,    0,    0,    0,    0,    0,    0,    9,    0,    0,
       0,    9,    0,    0,   -5,    0,    0,    9,    0,    0,    0,    0,    0,    0,    0,    0,    0,    0,    0,    0,    0,   23,    0,    0,    0,    9,   23,   23,    0,    0,    0,    0,    0,    0,    0,    0,    0,    0,    0,    0,    0,    0,    0,    0,    0,    0,    0,    0,    0,    0,    0,    0,    0,    0,    0,    0,    0,    0,    0,    0,    0,    0,    0,    0,    0,    0,    0,    0,    0,    0,    0,    0,    0,    0,    0,    0,    0,    0,    0,    0,   23,    0,    0,
       0,  -37,    0,   -5,   -9,    0,    0,    0,    0,    0,    0,    0,    0,    0,    0,    0,    0,    0,    0,    0,    0,    0,    0,    0,    0,    0,    0,    0,    0,    0,    0,    0,    0,    0,  -33,   -5,    0,    0,    0,   -9,    0,    0,   -5,    0,   -5,  -37,   -5,    0,    0,    0,    0,   -5,    0,    0,    0,  -14,    0,  -14,  -28,    0,    0,    0,    0,    0,  -14,    0,    0,    0,    0,    0,    0,    0,    0,    0,    0,    0,    0,    0,    0,    0,  -33,    0,    0,
       0,    0,    0,   14,  -28,  -19,   -9,    0,    0,    0,    0,    0,    0,    0,    0,    0,    0,    0,    0,    0,    0,    0,    0,    0,    0,    0,    0,    0,    0,    0,  -19,    0,    0,    0,    5,   -9,    0,    0,  -28,    0,  -23,  -28,    0,    5,  -16,    0,   -5,  -33,    0,  -14,  -47,  -14,  -14,  -14,  -33,   -9,  -14,  -23,   -9,  -14,   23,  -14,    9,    0,  -19,    0,    0,    0,    0,    0,    0,    0,    0,    0,    0,    0,    0,    0,    0,    0,    0,    0,    0,
       0,    0,    0,    0,    0,    0,    0,    0,    0,    0,    0,    0,    0,    0,    0,    0,    0,    0,    0,    0,    0,    0,    0,    0,    0,    0,    0,    0,    0,   -9,    0,    0,    0,    0,    0,   -5,    0,    9,    0,    0,    0,    0,    0,    0,   -9,   -5,    0,   -5,    0,    0,   -5,    0,    0,    0,    0,    0,    0,   -9,    0,    0,    0,    0,    0,    0,    0,    0,    0,    0,    0,    0,   -9,    0,    0,    0,    0,   -9,    0,    0,    0,    0,    0,    0,    0,
       0,    0,    0,    0,   -5,    0,    0,    0,    0,    0,    0,    0,    0,    0,    0,    0,    0,    0,    0,    0,    0,    0,    0,    0,    0,    0,    0,    0,    0,    0,    0,    0,    0,    0,    0,    0,    0,    0,    0,    0,    0,    0,    0,    0,   -5,   -9,    0,    0,    0,    0,    0,    0,    0,    0,    0,    0,    0,   -7,    0,    0,    0,    0,    0,    0,    0,    0,    0,    0,    0,    0,    0,    0,    0,    0,    0,    0,    0,    0,    0,    0,   -5,    0,    0,
       0,    0,    0,    0,    0,    0,    0,    0,    0,    0,    0,    0,    0,    0,    0,    0,    0,    0,    0,    0,    0,    0,    0,    0,    0,    0,    0,    0,    0,    0,    0,    0,    0,    0,    0,    0,    0,   23,    0,    0,    0,    0,    0,    0,    0,    0,    0,    0,    0,    0,    0,    0,    0,    0,    0,    0,    0,    0,    0,    0,    0,    0,    0,   14,    0,    0,    0,    0,    0,    0,    0,    0,    0,    0,    0,    0,    0,    0,    0,    0,    0,    0,    0,
       0,  -37,    0,    0,    0,    0,    0,    0,    0,    0,    0,    0,    0,    0,    0,    0,    0,    0,    0,    0,    0,    0,    0,    0,    0,    0,    0,    0,    0,    0,    0,    0,    0,    0,  -33,    0,    0,    0,    0,   -9,    0,    0,    0,    0,    0,  -37,    0,    0,    0,    0,    0,    0,    0,    0,    0,    0,    0,  -14,  -23,    0,    0,    0,    0,    0,    0,    0,    0,    0,    0,    0,    0,    0,    0,    0,    0,    0,    0,    0,    0,    0,  -23,    0,    0,
       0,    0,    0,    9,   -5,  -14,    0,    0,    0,    0,    0,    0,    0,    0,    0,    0,    0,    0,    0,    0,    0,    0,    0,    0,    0,    0,    0,    0,    0,   -9,    0,    0,    0,    0,    0,  -12,    0,    9,    0,    0,    0,    5,    0,    0,  -19,   -9,    0,   -5,    0,    0,   -9,    0,   -5,    0,    0,   -5,    0,  -14,   -5,    0,    0,    0,    5,    0,   -5,    0,    0,    0,    0,    0,   -9,    0,    0,    0,    0,  -23,    0,    0,    0,    0,    0,    0,    0,
       0,    0,    0,    0,  -37,   -9,   -9,    0,    0,    0,    0,    0,    0,    0,    0,    0,    0,    0,    0,    0,    0,    0,    0,    0,    0,    0,    0,    0,    0,  -19,   -9,    0,    0,    0,    0,   -9,    0,    0,  -37,    0,  -37,  -33,    0,    0,  -14,    0,  -14,  -14,   -9,   -5,  -28,    0,   -5,   -9,  -23,    0,    0,   -9,    0,   -5,   23,   -9,    9,    0,    0,    0,    0,    0,    0,  -19,   -5,   -9,    0,    0,    0,   -9,  -14,  -23,    0,    0,    0,    0,    0,
       0,  -33,    0,    0,    0,    0,    0,    0,    0,    0,    0,    0,    0,    0,    0,    0,    0,    0,    0,    0,    0,    0,    0,    0,    0,    0,    0,    0,    0,    0,    0,    0,    0,    0,  -28,  -19,    0,   14,    9,   -9,    0,    0,    0,    0,  -19,  -42,    0,   -5,   -5,    0,   -5,    0,   -5,    0,    9,  -14,    0,  -28,  -28,    0,    0,    0,    0,    0,  -14,  -19,    0,   -9,    0,    0,    0,    0,  -23,  -28,    0,  -23,    0,    0,    0,   -9,  -33,    0,    0,
       0,   -9,    0,    0,    0,    0,    0,    0,    0,    0,    0,    0,    0,    0,    0,    0,    0,    0,    0,    0,    0,    0,    0,    0,    0,    0,    0,    0,    0,    0,    0,    0,    0,    0,    0,   -5,    0,    0,    0,    0,   -5,    0,   -5,    0,   -5,   -9,    0,    0,    0,    0,    0,   -5,    0,    0,    0,  -14,   -5,  -14,  -19,    0,    0,    0,    0,    0,  -14,    0,    0,    0,    0,    0,    0,    0,    0,    0,    0,   -9,    0,    0,    0,    0,   -9,    0,    0,
       0,    0,    0,    0,   -9,    0,    0,    0,    0,    0,    0,    0,    0,    0,    0,    0,    0,    0,    0,    0,    0,    0,    0,    0,    0,    0,    0,    0,    0,    0,    0,    0,    0,    0,   -9,    0,   -5,    0,    0,   -5,   -5,    0,   -5,   -5,   -5,   -9,   -5,    0,    0,    0,    0,   -5,    0,    0,    0,    0,    0,   -5,    0,    0,    0,    0,    0,    0,    0,   -5,    0,    0,    0,    0,    0,    0,    0,   -5,    0,    0,    0,    0,    0,    0,    0,    0,    0,
       0,    0,    0,   19,    0,    0,    0,    0,    0,    0,    0,    0,    0,    0,    0,    0,    0,    0,    0,    0,    0,    0,    0,    0,    0,    0,    0,    0,    0,    0,    0,    0,    0,    0,   -5,   -5,    0,   56,   14,    0,    7,   14,    5,    0,   -5,  -14,    0,    0,    0,    0,    0,    0,    0,    0,   19,   14,    0,  -19,   -9,    0,    0,    0,    0,   47,   14,    0,    0,    0,    0,    0,    0,    0,    0,    0,    0,    0,    0,    0,    0,    0,    0,    0,    0,
       0,    0,    0,    0,  -19,    0,    0,    0,    0,    0,    0,    0,    0,    0,    0,    0,    0,    0,    0,    0,    0,    0,    0,    0,    0,    0,    0,    0,    0,    0,    0,    0,    0,    0,  -19,    0,    0,    0,    0,  -19,   -9,    0,  -12,   -5,    0,   -9,   -5,    0,    0,    0,    0,    0,    0,    0,    0,    0,    0,   -5,    0,    0,    0,    0,    0,    0,    0,   -5,    0,    0,    0,   -5,    0,    0,   -5,   -5,    0,    0,    0,    0,    0,    0,    0,    0,    0,
       0,    0,    0,    0,  -61,   -5,    0,    0,    0,    0,    0,    0,    0,    0,    0,    0,    0,    0,    0,    0,    0,    0,    0,    0,    0,    0,    0,    0,    0,   -5,    0,    0,    0,    0,   -9,    0,    0,    0,  -23,  -14,  -23,  -23,  -14,   -5,    0,    0,   -5,   -5,    0,    0,   -5,    0,    0,    0,  -19,    0,    0,    0,    0,    0,    0,    0,    0,    0,    0,    0,    0,    0,    0,  -23,    0,    0,    0,    0,    0,    0,    0,  -28,    0,    0,    0,    0,    0,
       0,    0,    0,   -9,  -19,    0,   -5,    0,    0,    0,    0,    0,    0,    0,    0,    0,    0,    0,    0,    0,    0,    0,    0,    0,    0,    0,    0,    0,    0,    0,    0,    0,    0,    0,  -23,    0,   -5,    0,   -9,  -28,   -9,   -7,  -19,   -9,    0,   -9,  -14,    0,    0,    0,    0,    0,    0,    0,   -9,    0,    0,    0,    0,    0,    0,    0,    0,    0,    0,   -5,    0,    0,    0,   -5,    0,    0,   -9,  -14,    0,    0,    0,   -9,    0,    0,    0,    0,    0,
       0,    0,    0,    0,    0,    0,    0,    0,    0,    0,    0,    0,    0,    0,    0,    0,    0,    0,    0,    0,    0,    0,    0,    0,    0,    0,    0,    0,    0,    0,    0,    0,    0,    0,  -14,    0,    0,    0,    0,    0,    0,    0,    0,    0,    0,    0,    0,    0,    0,    0,    0,    0,    0,    0,    0,    0,    0,    0,    0,    0,    0,    0,    0,    0,    0,    0,    0,    0,    0,    0,    0,    0,    0,    0,    0,    0,    0,    0,    0,    0,    0,    0,    0,
       0,   -5,    0,    0,   -9,    0,    0,    0,    0,    0,    0,    0,    0,    0,    0,    0,    0,    0,    0,    0,    0,    0,    0,    0,    0,    0,    0,    0,    0,    0,    0,    0,    0,    0,  -51,    0,    0,    0,    0,  -14,    0,    0,   -5,    0,    0,  -14,    0,    0,    0,   -5,    0,   -9,    0,    0,    0,  -19,   -9,   -9,   -9,   -5,    0,   -5,    0,    0,  -19,    0,    0,    0,    0,    0,    0,    0,    0,    0,    0,    0,    0,    0,    0,    0,   -9,    0,    0,
       0,    0,    0,    0,   -9,    0,    0,    0,    0,    0,    0,    0,    0,    0,    0,    0,    0,    0,    0,    0,    0,    0,    0,    0,    0,    0,    0,    0,    0,    0,    0,    0,    0,    0,  -28,    0,    0,    0,    0,    0,    0,    0,    0,    0,    0,   -5,    0,    0,    0,   -5,    0,   -5,    0,    0,    0,  -14,    0,   -9,   -5,    0,    0,    0,    0,    0,  -14,    0,    0,    0,    0,    0,    0,    0,    0,    0,    0,    0,    0,    0,    0,    0,    0,    0,    0,
       0,   -5,    0,    0,    0,    0,    0,    0,    0,    0,    0,    0,    0,    0,    0,    0,    0,    0,    0,    0,    0,    0,    0,    0,    0,    0,    0,    0,    0,    0,    0,    0,    0,    0,  -23,    0,    0,    0,    0,    0,    0,    0,    0,    0,    0,   -5,    0,   -5,    0,    0,   -5,    0,    0,    0,    0,   -9,    0,   -5,    0,    0,    0,    0,    0,    0,   -9,    0,    0,    0,    0,    0,    0,    0,    0,    0,    0,    0,    0,    0,    0,    0,    0,    0,    0,
       0,   -5,    0,    0,   -9,    0,    0,    0,    0,    0,    0,    0,    0,    0,    0,    0,    0,    0,    0,    0,    0,    0,    0,    0,    0,    0,    0,    0,    0,    0,    0,    0,    0,    0,   -9,    0,    0,    0,    0,    0,    0,    0,   -5,    0,    0,    0,    0,    0,    0,    0,    0,    0,    0,    0,    0,    0,   -5,    0,    0,    0,    0,    0,    0,    0,    0,    0,    0,    0,    0,    0,    0,    0,    0,    0,    0,    0,    0,    0,    0,    0,    0,    0,    0,
       0,    0,    0,    0,    0,    0,    0,    0,    0,    0,    0,    0,    0,    0,    0,    0,    0,    0,    0,    0,    0,    0,    0,    0,    0,    0,    0,    0,    0,    0,    0,    0,    0,    0,  -19,    0,    0,    0,    0,    0,    0,    0,    0,    0,    0,   -5,    0,   -9,    0,    0,   -9,    0,    0,    0,    5,    0,    0,   -9,    0,    0,    0,    0,    0,    0,    0,    0,    0,    0,    0,    0,    0,   -9,    0,    0,    0,    0,   -9,    0,    0,    0,    0,    0,    0,
       0,    0,    0,    0,   -5,   -9,    0,    0,    0,    0,    0,    0,    0,    0,    0,    0,    0,    0,    0,    0,    0,    0,    0,    0,    0,    0,    0,    0,    0,    0,    0,    0,    0,    0,  -14,    0,    0,    0,    0,    0,    0,    0,    0,    0,    0,   -5,    0,   -9,   -5,    0,   -9,    0,   -7,    0,    0,    0,    0,   -5,    0,    0,    0,    0,    0,    0,    0,    0,    0,    0,    0,    0,    0,    0,    0,    0,    0,    0,    0,    0,    0,    0,    5,    0,    0,
       0,   -5,    0,    0,   -9,    0,    0,    0,    0,    0,    0,    0,    0,    0,    0,    0,    0,    0,    0,    0,    0,    0,    0,    0,    0,    0,    0,    0,    0,    0,    0,    0,    0,    0,  -33,    0,    0,    0,    0,  -14,    0,    0,   -5,    0,    0,  -14,    0,    0,    0,   -5,    0,   -9,    0,    0,    0,  -19,   -9,   -9,   -9,   -5,    0,   -5,    0,    0,  -19,    0,    0,    0,    0,    0,    0,    0,    0,    0,    0,    0,    0,    0,    0,    0,   -9,    0,    0,
       0,  -14,    0,    0,    0,    0,    0,    0,    0,    0,    0,    0,    0,    0,    0,    0,    0,    0,    0,    0,    0,    0,    0,    0,    0,    0,    0,    0,    0,    0,    0,    0,    0,    0,  -19,    0,    0,    0,    0,    0,    0,    0,   -5,    0,    0,   -9,    0,    0,    0,    0,    0,    0,    0,    0,    0,  -23,    0,   -9,   -9,    0,    0,    0,    0,    0,  -23,    0,    0,    0,    0,    0,    0,    0,    0,    0,    0,    0,    0,    0,    0,    0,  -19,    0,    0,
       0,    0,    0,    0,  -19,   -5,    0,    0,    0,    0,    0,    0,    0,    0,    0,    0,    0,    0,    0,    0,    0,    0,    0,    0,    0,    0,    0,    0,    0,    0,    0,    0,    0,    0,   -9,    0,    0,    0,  -14,    0,   -5,    0,   -5,    0,    0,    0,    0,  -14,    0,    0,  -14,    0,    0,    0,  -23,    0,    0,    0,    0,   -5,    0,    0,    0,    0,    0,    0,    0,    0,    0,   -9,    0,    0,    0,    0,    0,    0,    0,    0,    0,    0,    9,    0,    0,
       0,   -9,    0,   19,    0,    0,    0,    0,    0,    0,    0,    0,    0,    0,    0,    0,    0,    0,    0,    0,    0,    0,    0,    0,    0,    0,    0,    0,    0,    0,    0,    0,    0,    0,  -23,    0,    0,   61,   19,    0,    9,   19,    9,    0,   -9,  -19,    0,    0,    0,    0,    0,    0,   -5,    0,    9,    5,    0,   -9,   -9,    0,    0,    0,    0,   23,    5,    0,    0,    0,    0,    0,    0,    0,    0,    0,    0,    0,    0,    0,    0,    0,  -14,    0,    0,
       0,  -28,    0,    0,    0,    0,    0,    0,    0,    0,    0,    0,    0,    0,    0,    0,    0,    0,    0,    0,    0,    0,    0,    0,    0,    0,    0,    0,    0,    0,    0,    0,    0,    0,  -42,  -14,    0,    0,    5,    0,    0,    0,    0,    0,    0,  -56,    0,    0,   -5,    0,    0,   -7,   -5,    0,    0,  -28,   -2,  -33,  -33,    0,    0,    0,    0,    0,  -28,    0,   -9,    0,    0,    0,    0,    0,    0,    0,  -14,    0,   -9,    0,    0,    0,  -42,    0,    0,
       0,  -14,    0,    0,    0,    0,    0,    0,    0,    0,    0,    0,    0,    0,    0,    0,    0,    0,    0,    0,    0,    0,    0,    0,    0,    0,    0,    0,    0,    0,    0,    0,    0,    0,  -42,    0,    0,   37,    0,    0,    0,    0,    0,    0,    0,    0,    0,    0,    0,    0,    0,    0,    0,    0,    0,  -19,    0,   -9,   -9,    0,    0,    0,    0,    9,  -19,    0,    0,    0,    0,    0,    0,    0,    0,    0,    0,    0,    0,    0,    0,    0,  -19,    0,    0,
       0,    0,    0,    0,    0,    0,    0,    0,    0,    0,    0,    0,    0,    0,    0,    0,    0,    0,    0,    0,    0,    0,    0,    0,    0,    0,    0,    0,    0,    0,    0,    0,    0,    0,  -14,    0,    0,    0,    0,   -9,    0,    0,    0,    0,    0,    0,    0,   -5,    0,    0,   -5,    0,    0,    0,    0,    0,    0,   -9,    0,    0,    0,    0,    0,    0,    0,    0,    0,    0,    0,    0,    0,    0,    0,    0,    0,    0,    0,    0,    0,    0,    0,    0,    0,
       0,   19,    0,   14,    0,    0,    0,    0,    0,    0,    0,    0,    0,    0,    0,    0,    0,    0,    0,    0,    0,    0,    0,    0,    0,    0,    0,    0,    0,    0,    0,    0,    0,    0,    9,    0,    0,    0,    0,    9,    0,    0,    5,    0,    0,    0,    0,    0,    0,    0,    0,    0,    0,    0,    0,    0,    0,    0,    0,    0,    9,    0,    5,    0,    0,    0,    0,    0,    0,    0,    0,    0,    0,    0,    0,    0,    0,    0,    0,    0,   19,    0,    0,
       0,    0,    0,    0,    0,    0,    0,    0,    0,    0,    0,    0,    0,    0,    0,    0,    0,    0,    0,    0,    0,    0,    0,    0,    0,    0,    0,    0,    0,    0,    0,    0,    0,    0,    0,    0,    0,   37,    0,    0,    0,    0,    0,    0,    0,    0,    0,    0,    0,    0,    0,    0,    0,    0,    0,    0,    0,    0,    0,    0,    0,    0,    0,   14,    0,    0,    0,    0,    0,    0,    0,    0,    0,    0,    0,    0,    0,    0,    0,    0,    0,    0,    0,
       0,    0,    0,    0,  -19,   -5,    0,    0,    0,    0,    0,    0,    0,    0,    0,    0,    0,    0,    0,    0,    0,    0,    0,    0,    0,    0,    0,    0,    0,    0,    0,    0,    0,    0,  -19,    0,    0,    0,  -14,    0,   -5,    0,   -5,    0,    0,    0,    0,  -14,    0,    0,  -14,    0,    0,    0,  -23,    0,    0,    0,    0,   -5,    0,    0,    0,    0,    0,    0,    0,    0,    0,   -9,    0,    0,    0,    0,    0,    0,    0,    0,    0,    0,    9,    0,    0,
       0,    0,    0,    0,  -19,    0,    0,    0,    0,    0,    0,    0,    0,    0,    0,    0,    0,    0,    0,    0,    0,    0,    0,    0,    0,    0,    0,    0,    0,    0,    0,    0,    0,    0,    0,    0,    0,    0,    0,    0,    0,    0,    0,    0,    0,    0,    0,    0,    0,    0,    0,    0,    0,    0,    0,    0,    0,    0,    0,    0,    0,    0,    0,    0,    0,    0,    0,    0,    0,   -9,    0,    0,    0,    0,    0,    0,    0,    0,    0,    0,    0,    0,    0,
       0,  -19,    0,    0,    0,    0,    0,    0,    0,    0,    0,    0,    0,    0,    0,    0,    0,    0,    0,    0,    0,    0,    0,    0,    0,    0,    0,    0,    0,    0,    0,    0,    0,    0,  -19,    0,    0,    0,    0,    0,    0,    0,    0,    0,    0,  -28,    0,    0,    0,    0,    0,    0,    0,    0,    0,    0,    0,    0,   -9,    0,    0,    0,    0,    0,    0,  -14,    0,    0,    0,    0,    0,    0,  -23,  -14,    0,    0,    0,    0,    0,    0,    0,    0,    0,
       0,  -33,    0,    0,    0,    0,    0,    0,    0,    0,    0,    0,    0,    0,    0,    0,    0,    0,    0,    0,    0,    0,    0,    0,    0,    0,    0,    0,    0,    0,    0,    0,    0,    0,    0,    0,    0,    0,    0,    0,    0,    0,    0,    0,    0,    0,    0,    0,    0,    0,    0,    0,    0,    0,    0,  -14,    0,  -14,  -23,   14,    0,    0,    0,    0,  -14,    0,   -9,    0,   -5,    0,    0,   -9,    0,    0,   -9,    0,   -9,    0,   -9,    0,    0,    0,    0,
       0,    0,    0,    0,  -28,  -19,    0,    0,    0,    0,    0,    0,    0,    0,    0,    0,    0,    0,    0,    0,    0,    0,    0,    0,    0,    0,    0,    0,    0,  -28,  -19,    0,    0,    0,    5,    0,    0,    0,    0,    0,  -23,    0,    0,    0,  -19,    0,    0,    0,    0,   -9,    0,   -9,    0,    0,    0,  -19,    0,  -23,  -19,  -14,    0,  -28,    0,    0,  -19,    0,   -9,    0,  -23,  -28,   -9,  -33,    0,    0,  -19,  -23,  -33,  -23,    0,    0,    0,    0,    0,
       0,    0,    0,    0,  -23,   -9,    0,    0,    0,    0,    0,    0,    0,    0,    0,    0,    0,    0,    0,    0,    0,    0,    0,    0,    0,    0,    0,    0,    0,    0,    0,    0,    0,    0,    0,    0,    0,    0,    0,    0,    0,    0,    0,    0,    0,    0,    0,    0,    0,    0,    0,    0,    0,    0,    0,    0,    0,    0,    0,    0,    0,    0,    0,    0,    0,    0,    0,    0,    0,  -14,    0,   -5,    0,    0,    0,    0,    0,    0,    0,    0,    0,    0,    0,
       0,    0,    0,    0,  -23,   -9,    0,    0,    0,    0,    0,    0,    0,    0,    0,    0,    0,    0,    0,    0,    0,    0,    0,    0,    0,    0,    0,    0,    0,    0,    0,    0,    0,    0,    9,    0,    0,    0,    0,    0,  -28,    0,    0,    0,  -14,    0,    0,    0,    0,   -9,    0,   -9,    0,    0,    0,    0,    0,  -23,    0,    0,    9,  -14,    0,    0,    0,    0,    0,    0,  -14,  -23,   -9,  -19,    9,    0,    0,   -9,  -14,  -19,    0,    0,    0,    0,    0,
       0,    0,    0,    0,  -14,    0,    0,    0,    0,    0,    0,    0,    0,    0,    0,    0,    0,    0,    0,    0,    0,    0,    0,    0,    0,    0,    0,    0,    0,    0,    0,    0,    0,    0,    0,    0,    0,    0,    0,    0,    0,    0,    0,    0,    0,    0,    0,    0,    0,    0,    0,    0,    0,    0,    0,    0,    0,    0,    0,    0,    0,    0,    0,    0,    0,    0,   23,    0,    0,  -14,    0,   -9,    0,    0,    0,    0,    0,    0,    0,    0,    0,    0,    0,
       0,  -33,    0,    0,    0,    0,    0,    0,    0,    0,    0,    0,    0,    0,    0,    0,    0,    0,    0,    0,    0,    0,    0,    0,    0,    0,    0,    0,    0,    0,    0,    0,    0,    0,    0,    0,    0,    0,    0,    0,    0,    0,    0,    0,    0,    0,    0,    0,    0,    0,    0,    0,    0,    0,    0,   -9,    0,  -37,  -23,    0,    0,    0,    0,    0,   -9,    0,   -9,    0,    0,    0,    0,    0,    0,    0,   -9,    0,   -9,    0,    0,    0,    0,    0,    0,
       0,    0,    0,    0,    0,    0,    0,    0,    0,    0,    0,    0,    0,    0,    0,    0,    0,    0,    0,    0,    0,    0,    0,    0,    0,    0,    0,    0,    0,    0,    0,    0,    0,    0,    0,    0,    0,  103,    0,    0,    0,    0,    0,    0,  -14,    0,    0,    0,    0,    0,    0,    0,    0,    0,    0,    0,    0,  -19,   -9,    0,    0,    0,    0,    0,    0,    0,    0,    0,    0,    0,   -9,    0,    0,    0,    0,  -14,   -9,    0,    0,    0,    0,    0,    0,
       0,    0,    0,    0,    0,    0,    0,    0,    0,    0,    0,    0,    0,    0,    0,    0,    0,    0,    0,    0,    0,    0,    0,    0,    0,    0,    0,    0,    0,    0,    0,    0,    0,    0,    0,    0,    0,    0,    0,    0,    0,    0,    0,    0,    0,    0,    0,    0,    0,    0,    0,    0,    0,    0,    0,    0,    0,   -5,    0,    0,    0,    0,    0,    0,    0,    0,    0,    0,    0,    0,    0,   -5,    0,    0,    0,    0,    0,    0,    0,    0,    0,    0,    0,
       0,    0,    0,    0,  -28,    0,    0,    0,    0,    0,    0,    0,    0,    0,    0,    0,    0,    0,    0,    0,    0,    0,    0,    0,    0,    0,    0,    0,    0,    0,    0,    0,    0,    0,    0,    0,    0,    0,    0,    0,  -28,    0,    0,    0,  -14,    0,    0,    0,    0,  -19,    0,    0,    0,    0,    0,    0,    0,  -19,    0,   -9,    9,    0,    0,    0,    0,    0,    0,    0,  -14,  -23,   -9,  -23,    0,    0,    0,    0,  -19,  -19,  -19,   -5,    0,    0,    0,
       0,    0,    0,    0,  -19,    0,    0,    0,    0,    0,    0,    0,    0,    0,    0,    0,    0,    0,    0,    0,    0,    0,    0,    0,    0,    0,    0,    0,    0,    0,    0,    0,    0,    0,    0,    0,    0,    0,    0,    0,    0,    0,    0,    0,    0,    0,    0,    0,    0,    0,    0,    0,    0,    0,    0,    0,    0,    0,    0,    0,    0,    0,    0,    0,    0,    0,    0,    0,    0,   -5,    0,    0,    0,    0,    0,    0,    0,    0,    0,    0,    0,    0,    0,
       0,    0,    0,    0,    0,    0,    0,    0,    0,    0,    0,    0,    0,    0,    0,    0,    0,    0,    0,    0,    0,    0,    0,    0,    0,    0,    0,    0,    0,    0,    0,    0,    0,    0,   -9,    0,    0,    0,    0,    0,    0,    0,    0,    0,    0,    0,    0,    0,    0,    0,    0,    0,    0,    0,    0,    0,    0,    0,    0,    0,    0,    0,    0,    0,    0,   -5,    0,    0,    0,    0,    0,    0,    0,   -5,    0,    0,    0,    0,    0,    0,    0,    0,    0,
       0,    0,    0,    0,    0,    0,    0,    0,    0,    0,    0,    0,    0,    0,    0,    0,    0,    0,    0,    0,    0,    0,    0,    0,    0,    0,    0,    0,    0,    0,    0,    0,    0,    0,    0,    0,    0,    0,    0,    0,    0,    0,    0,    0,    0,    0,    0,    0,    0,    0,    0,    0,    0,    0,    0,    0,    0,    0,    0,    0,    0,    0,    0,    0,    0,    0,    0,    0,    0,    0,    0,    0,    0,    0,    0,    0,    0,    0,    0,    0,    0,   24,    0,
       0,    0,    0,    0,    0,    0,    0,    0,    0,    0,    0,    0,    0,    0,    0,    0,    0,    0,    0,    0,    0,    0,    0,    0,    0,    0,    0,    0,    0,    0,    0,    0,    0,    0,    0,    0,    0,    0,    0,    0,    0,    0,    0,    0,    0,    0,    0,    0,    0,    0,    0,    0,    0,    0,    0,    0,    0,    0,    0,    0,    0,    0,    0,    0,    0,    0,    0,    0,    0,    0,    0,    0,    0,    0,    0,    0,    0,    0,    0,    0,    0,    0,   23,
};

static const EpdLigaturePair notosans_14_italicLigaturePairs[] = {
    { 0x00660066, 0xFB00 }, // f f -> U+FB00
    { 0x00660069, 0xFB01 }, // f i -> U+FB01
    { 0x0066006C, 0xFB02 }, // f l -> U+FB02
    { 0xFB000069, 0xFB03 }, // U+FB00 i -> U+FB03
    { 0xFB00006C, 0xFB04 }, // U+FB00 l -> U+FB04
};

static const EpdFontData notosans_14_italic = {
    notosans_14_italicBitmaps,
    notosans_14_italicGlyphs,
    notosans_14_italicIntervals,
    20,
    40,
    32,
    -9,
    true,
    notosans_14_italicGroups,
    13,
    nullptr,
    notosans_14_italicKernLeftClasses,
    notosans_14_italicKernRightClasses,
    notosans_14_italicKernMatrix,
    471,
    471,
    90,
    83,
    notosans_14_italicLigaturePairs,
    5,
};
