/**
 * generated by fontconvert.py
 * name: notosans_16_bold
 * size: 16
 * mode: 2-bit  compressed: true
 * Command used: fontconvert.py notosans_16_bold 16 ../builtinFonts/source/NotoSans/NotoSans-Bold.ttf --2bit --compress --pnum --force-autohint
 */
#pragma once
#include "EpdFontData.h"

static const uint8_t notosans_16_boldBitmaps[36203] = {
    0xBD, 0x5A, 0xBD, 0xAE, 0xDC, 0xC6, 0x15, 0x1E, 0x92, 0xC1, 0x25, 0x02, 0x22, 0x98, 0x07, 0x50,
    0x00, 0xF6, 0x09, 0x10, 0x3E, 0x41, 0x40, 0x1A, 0x2E, 0x52, 0xA4, 0x70, 0xDE, 0xC0, 0x7D, 0x1A,
    0x35, 0xE9, 0x87, 0x88, 0x0B, 0x17, 0x2E, 0x24, 0xE4, 0x05, 0x9C, 0x3A, 0x8D, 0x53, 0xBA, 0xCA,
    0x50, 0x56, 0x99, 0x42, 0x74, 0x5C, 0xA6, 0x08, 0x61, 0xAB, 0x48, 0x27, 0x26, 0xA2, 0x21, 0x5E,
    0x9B, 0xE4, 0xC9, 0xF7, 0x9D, 0x21, 0xB9, 0xDC, 0xD5, 0x4A, 0xBE, 0x92, 0x85, 0xEC, 0x92, 0x67,
    0xF6, 0x92, 0x67, 0x66, 0xCE, 0x9C, 0x39, 0xFF, 0x73, 0xA5, 0x91, 0xD7, 0x7E, 0x0D, 0x3E, 0x45,
    0xED, 0x3B, 0xE9, 0xA5, 0xF7, 0x5D, 0x51, 0xCB, 0x63, 0x91, 0x8F, 0x44, 0xFE, 0xB8, 0xF8, 0x70,
    0xBD, 0x37, 0xBB, 0x70, 0x99, 0xD9, 0x24, 0xA3, 0x6D, 0x4D, 0x3A, 0xE4, 0x8D, 0x49, 0xFB, 0xA2,
    0x31, 0x59, 0x5F, 0xD6, 0xC6, 0x76, 0x04, 0xAD, 0xAB, 0x4A, 0xC1, 0xE7, 0x02, 0x98, 0xB2, 0x9E,
    0x8D, 0x29, 0xDF, 0x9B, 0x8C, 0x71, 0x31, 0x80, 0x07, 0xE0, 0xF3, 0xE9, 0x02, 0x44, 0x53, 0xD6,
    0x9B, 0x78, 0xB2, 0xBD, 0x49, 0x26, 0xDB, 0x61, 0x9E, 0xBC, 0x35, 0xC9, 0x3E, 0x8F, 0x49, 0x48,
    0xA5, 0x82, 0xF4, 0xA9, 0x31, 0xB1, 0xC8, 0x60, 0xAC, 0xC8, 0x62, 0x30, 0xC7, 0x64, 0x3C, 0x81,
    0x7C, 0xD3, 0xFC, 0xC1, 0xC8, 0x63, 0xA0, 0xC8, 0x57, 0x00, 0xFE, 0x05, 0x80, 0xE3, 0xE2, 0x0A,
    0x19, 0xD1, 0x4B, 0xA4, 0xC6, 0x43, 0x74, 0x33, 0x19, 0x90, 0x4D, 0x02, 0xCA, 0x4C, 0xF2, 0x77,
    0x82, 0xC7, 0x62, 0x6A, 0x82, 0xE5, 0xFD, 0x7F, 0x0A, 0x49, 0x9B, 0x09, 0x46, 0x0E, 0xDA, 0x99,
    0x1B, 0xB9, 0x35, 0xC7, 0xC9, 0x09, 0xE2, 0x05, 0xC3, 0x0D, 0x26, 0xC7, 0xD8, 0xA0, 0xB6, 0x94,
    0xDE, 0x80, 0x40, 0x87, 0x91, 0xC1, 0x05, 0xF9, 0x04, 0x1D, 0x41, 0x41, 0x32, 0x99, 0x45, 0x1B,
    0xFC, 0x60, 0x03, 0x7C, 0x36, 0xB6, 0xF7, 0x95, 0x4F, 0xC6, 0xE2, 0xB1, 0xF4, 0xEE, 0x93, 0xA1,
    0x7C, 0x20, 0x23, 0xBA, 0xFB, 0x5C, 0xA6, 0x5C, 0xDA, 0xA5, 0xF8, 0x7A, 0x89, 0x97, 0x64, 0x2A,
    0xBF, 0x14, 0x8E, 0x5F, 0x36, 0x68, 0x6C, 0xAF, 0x4D, 0xDE, 0x6A, 0x53, 0xD6, 0xDA, 0x78, 0xA3,
    0xCD, 0x62, 0x8A, 0x2F, 0x17, 0x70, 0xCC, 0xE4, 0x5F, 0xCF, 0xA4, 0xC7, 0x62, 0x59, 0xE4, 0x1E,
    0xE8, 0x01, 0xEB, 0x8C, 0xAF, 0xCD, 0xBD, 0xA5, 0x32, 0x26, 0x22, 0xAB, 0xB8, 0x5C, 0xEC, 0x82,
    0x72, 0xCC, 0xD8, 0x25, 0xE3, 0xD0, 0x53, 0xA2, 0x30, 0x25, 0x9C, 0xED, 0x4C, 0x16, 0xB9, 0x51,
    0x59, 0xDB, 0x61, 0xA1, 0x22, 0x15, 0x7B, 0x61, 0x74, 0xD0, 0x26, 0xA6, 0x00, 0xA1, 0xD2, 0x94,
    0xBD, 0xEF, 0x65, 0x70, 0xBD, 0xB4, 0xE5, 0x2C, 0xAD, 0x34, 0x18, 0x0F, 0xE2, 0x43, 0x56, 0xA2,
    0x0F, 0x86, 0xF6, 0x63, 0x84, 0x69, 0x74, 0xDB, 0xAB, 0x9C, 0xB0, 0xE5, 0xBC, 0x7E, 0x30, 0xF7,
    0xA5, 0x2E, 0x16, 0xE0, 0xD6, 0x52, 0x7B, 0x7E, 0x2B, 0xC7, 0x2F, 0x66, 0xA9, 0xA2, 0x05, 0xFB,
    0x6D, 0xB2, 0x91, 0xA4, 0xE7, 0x9D, 0x29, 0x5B, 0x2C, 0xCE, 0x38, 0x5C, 0xB5, 0xF1, 0x95, 0x01,
    0x6D, 0x57, 0x2F, 0xBC, 0xC2, 0xFA, 0x80, 0x06, 0x64, 0x74, 0x41, 0x47, 0x74, 0xC7, 0x20, 0x18,
    0x2A, 0x22, 0xDF, 0x2B, 0xBC, 0x2A, 0xDA, 0xD3, 0xC3, 0x78, 0x06, 0x1F, 0x42, 0xE7, 0x8A, 0x9D,
    0xDD, 0xDE, 0xF9, 0xA5, 0x8B, 0x13, 0xD7, 0x44, 0x13, 0x76, 0x41, 0xC7, 0x9D, 0x3C, 0x0C, 0xE8,
    0x28, 0x89, 0x93, 0xB9, 0x04, 0x3F, 0x89, 0xC7, 0xA8, 0x2A, 0xFE, 0x34, 0xDE, 0xAF, 0x0B, 0x21,
    0x9B, 0x08, 0x7E, 0x29, 0x94, 0x38, 0x2B, 0xD4, 0x2D, 0x8A, 0x9E, 0xFB, 0x0C, 0x9B, 0x22, 0xBA,
    0x41, 0x19, 0xA8, 0x9C, 0x13, 0xEC, 0xCA, 0xCF, 0xE3, 0x8A, 0x7B, 0xFC, 0xCA, 0x5B, 0x2E, 0x3E,
    0xAF, 0xC2, 0xCB, 0x87, 0xA2, 0x2F, 0xFB, 0x12, 0x52, 0xE2, 0xC0, 0x5B, 0x0A, 0x71, 0xB3, 0x5F,
    0x47, 0xC5, 0x36, 0x64, 0x96, 0x2E, 0x82, 0x7A, 0x81, 0x35, 0xC6, 0x94, 0x7F, 0x8A, 0x33, 0xB6,
    0x1F, 0x54, 0x19, 0x0B, 0x01, 0xC8, 0x31, 0x66, 0xD9, 0x07, 0x54, 0x4F, 0xB4, 0x1A, 0x8C, 0x38,
    0xA0, 0x4E, 0x2B, 0xEA, 0xB0, 0xA2, 0x76, 0x27, 0x54, 0x53, 0x2C, 0x2A, 0x40, 0x2D, 0x74, 0x4C,
    0xA8, 0x21, 0x90, 0x9F, 0x72, 0xCC, 0xA0, 0xA5, 0x3D, 0x84, 0xCD, 0x75, 0xB1, 0x54, 0xBE, 0x8D,
    0x20, 0x05, 0x4D, 0xA4, 0x76, 0xE7, 0x75, 0x00, 0x78, 0x8D, 0x22, 0x6B, 0x37, 0x1D, 0xA0, 0x18,
    0x21, 0xB8, 0x96, 0x92, 0x9C, 0x52, 0x41, 0x23, 0x95, 0x54, 0x4E, 0xA9, 0xC4, 0x91, 0xD5, 0x4E,
    0x38, 0x3D, 0x67, 0xA7, 0x14, 0x1A, 0xFF, 0x1C, 0x9D, 0x3E, 0x12, 0xF3, 0x33, 0x8A, 0xFA, 0x8F,
    0xB9, 0xEF, 0x81, 0x09, 0xF1, 0xBA, 0x24, 0xB5, 0x39, 0xA0, 0x63, 0x4C, 0xA4, 0x4E, 0xEA, 0x48,
    0xCD, 0xE7, 0x0E, 0xF4, 0xCF, 0x84, 0xFB, 0x4D, 0xBD, 0x32, 0x39, 0x89, 0x2B, 0x29, 0x26, 0xD0,
    0x4A, 0x3C, 0x6F, 0x02, 0x99, 0xA7, 0x47, 0x31, 0x1F, 0x65, 0x41, 0x48, 0x44, 0xFA, 0xF2, 0x1C,
    0x44, 0x1E, 0x1A, 0x8C, 0x17, 0x7D, 0xB0, 0x70, 0x25, 0x27, 0xCF, 0x2B, 0x1D, 0x21, 0xD9, 0x41,
    0xCA, 0x39, 0x72, 0x9A, 0x19, 0xB0, 0x23, 0xA2, 0x82, 0x47, 0xE1, 0x17, 0x35, 0x1E, 0x04, 0x2B,
    0x7B, 0xEA, 0x23, 0x91, 0x00, 0xDC, 0xCF, 0xFA, 0x16, 0x33, 0x57, 0x2A, 0x57, 0xA2, 0x06, 0xF4,
    0x64, 0xF0, 0x60, 0x17, 0x48, 0x12, 0x81, 0x53, 0x52, 0x27, 0x0E, 0x32, 0x71, 0x55, 0xDC, 0xFA,
    0x67, 0x00, 0xC5, 0x13, 0x5A, 0xF4, 0x07, 0x9C, 0xD7, 0x52, 0xC1, 0x00, 0xD2, 0xD1, 0xD2, 0x04,
    0x01, 0x14, 0x2D, 0x80, 0xAB, 0x6D, 0x30, 0xF5, 0xFD, 0x05, 0x58, 0x87, 0x7F, 0x19, 0x14, 0x64,
    0xB1, 0x82, 0xF2, 0x04, 0x68, 0x8D, 0x0E, 0xA0, 0x25, 0x4D, 0x24, 0xD2, 0x51, 0xCE, 0x1C, 0x51,
    0x1C, 0xA9, 0xFF, 0xA9, 0x71, 0x5C, 0xEF, 0x05, 0x73, 0x36, 0x50, 0x19, 0x48, 0xE1, 0xAD, 0x29,
    0xE6, 0x7D, 0xA9, 0xAA, 0x5D, 0xB0, 0x91, 0xF2, 0x6F, 0x60, 0x44, 0x9E, 0x2B, 0x22, 0xC3, 0xC8,
    0x35, 0x35, 0x96, 0x96, 0x06, 0x30, 0x1F, 0x4D, 0x50, 0x86, 0x75, 0xDE, 0x2F, 0xD0, 0xC3, 0x3F,
    0x81, 0xEC, 0x09, 0xB7, 0x22, 0xB0, 0x6E, 0x4C, 0x21, 0xD0, 0x90, 0xD1, 0x4B, 0x09, 0xA6, 0xF0,
    0xC2, 0x62, 0x82, 0xCF, 0x50, 0x01, 0xC1, 0xAE, 0x01, 0x39, 0xE5, 0xE4, 0x91, 0xB2, 0x80, 0xC6,
    0x99, 0x03, 0x34, 0xE7, 0xA0, 0x26, 0xA3, 0xAB, 0x6D, 0x6B, 0xE7, 0x8D, 0x39, 0x07, 0x42, 0x08,
    0x7C, 0xBB, 0x6E, 0xE5, 0x01, 0x77, 0xD9, 0x71, 0x09, 0xCA, 0x61, 0xC7, 0xED, 0x76, 0xDC, 0x7A,
    0xC5, 0x35, 0xF7, 0x31, 0x79, 0x42, 0x32, 0x2C, 0x09, 0x2A, 0x54, 0xA8, 0xA9, 0x5C, 0xAA, 0x66,
    0x1B, 0x80, 0xAC, 0x4D, 0x18, 0x30, 0x13, 0x37, 0x04, 0xA5, 0x86, 0x14, 0xAA, 0x27, 0xE9, 0x20,
    0x55, 0x9E, 0x9A, 0x0D, 0x66, 0xFB, 0x2E, 0xA1, 0x3E, 0x9F, 0xAB, 0xED, 0x00, 0x96, 0x38, 0x3A,
    0x01, 0x1D, 0x59, 0x6D, 0x81, 0x4E, 0x69, 0xEE, 0xDF, 0xEA, 0x00, 0x2D, 0xE7, 0x1D, 0x82, 0xEF,
    0x76, 0x43, 0x16, 0x46, 0x31, 0xB4, 0x0A, 0x67, 0x43, 0xC5, 0x1C, 0x2A, 0x93, 0x86, 0x43, 0x35,
    0x6A, 0x59, 0xE1, 0xBA, 0x81, 0x05, 0x83, 0xA6, 0xF2, 0x5C, 0x05, 0xC5, 0x0F, 0x6B, 0xA2, 0x07,
    0x33, 0xA0, 0x2A, 0xE7, 0xB2, 0x00, 0x1A, 0x00, 0x3A, 0x3B, 0x79, 0x78, 0x1E, 0xDC, 0x98, 0xB3,
    0xCF, 0xF1, 0x8D, 0xC5, 0x6E, 0xF1, 0x5B, 0xF4, 0xB6, 0x31, 0x57, 0x3E, 0x79, 0x5F, 0x74, 0x05,
    0x6C, 0x6C, 0x59, 0xBB, 0xCA, 0xD3, 0xBD, 0x87, 0x4F, 0xC6, 0x79, 0x83, 0x12, 0x3B, 0xEE, 0x30,
    0xE5, 0xB1, 0xD2, 0x86, 0x9E, 0x08, 0xCC, 0xE7, 0xEA, 0x3D, 0x28, 0x4E, 0x83, 0xD4, 0xB6, 0xD0,
    0xB1, 0x85, 0xD2, 0xB6, 0x52, 0x9F, 0x1B, 0xD5, 0xD8, 0x0B, 0x4B, 0xBF, 0x7E, 0xAE, 0x3D, 0xE7,
    0x7E, 0x72, 0x76, 0x1D, 0x7B, 0xA6, 0x8A, 0xB7, 0x26, 0xDA, 0x7E, 0x18, 0x3F, 0x07, 0x5A, 0x72,
    0x9A, 0xC2, 0x05, 0x9E, 0xB7, 0x4D, 0xF1, 0xCE, 0x83, 0x0D, 0x0C, 0x83, 0xC8, 0x38, 0x4A, 0x46,
    0xA5, 0x42, 0x7F, 0xCB, 0xAD, 0x6F, 0x7D, 0x30, 0x37, 0xE3, 0xAF, 0x2A, 0x2A, 0xBC, 0x5D, 0x6F,
    0x4A, 0x11, 0x36, 0x3E, 0xC2, 0x2C, 0x19, 0x7A, 0xE5, 0x18, 0xB6, 0x18, 0x82, 0x1E, 0xC0, 0x4B,
    0x9A, 0x5F, 0x1C, 0x18, 0x59, 0xAE, 0x02, 0xB6, 0xDD, 0x74, 0x05, 0x7C, 0xB6, 0x2A, 0x57, 0x2C,
    0x2A, 0x3C, 0xB9, 0x6A, 0x9E, 0xC1, 0xA4, 0x4A, 0x1A, 0xBD, 0x4A, 0x93, 0xCE, 0x37, 0xF2, 0xB4,
    0xEC, 0xEC, 0x80, 0xF9, 0x2D, 0xD8, 0x0B, 0x94, 0x6C, 0x28, 0x1F, 0xC3, 0x2A, 0xA5, 0xA3, 0xFB,
    0x78, 0x62, 0xC8, 0xE4, 0x7F, 0x3B, 0xB0, 0xA1, 0xE7, 0xBC, 0x68, 0xD2, 0x51, 0xEC, 0x10, 0xA3,
    0x83, 0xA4, 0x73, 0x2A, 0x1F, 0xF4, 0xF2, 0xBE, 0x86, 0x1C, 0xBE, 0x16, 0xC9, 0x21, 0x7F, 0x4D,
    0x31, 0x26, 0x73, 0xD0, 0x5B, 0x4C, 0x3E, 0x84, 0xBD, 0x22, 0xDF, 0x6A, 0x08, 0xCC, 0x53, 0x73,
    0x9F, 0x84, 0x52, 0xA6, 0xC8, 0x2E, 0x6D, 0xC0, 0xAB, 0xA7, 0x66, 0x35, 0x76, 0x2B, 0x24, 0x07,
    0xD7, 0x58, 0x11, 0xCE, 0x8F, 0x30, 0x9B, 0xC8, 0x42, 0x3B, 0xB1, 0x43, 0x3E, 0xBA, 0x96, 0x5C,
    0x51, 0x17, 0xD8, 0x53, 0xD9, 0x5C, 0x47, 0x1E, 0xF9, 0x96, 0xEA, 0x8A, 0xF0, 0x88, 0xBA, 0x5E,
    0x67, 0xB3, 0x72, 0x60, 0xE1, 0x30, 0xC1, 0x04, 0x40, 0x31, 0x32, 0x55, 0x78, 0xF2, 0x59, 0x1A,
    0xB5, 0xDD, 0x6D, 0x89, 0x2E, 0xBE, 0xA7, 0xDA, 0x96, 0xBD, 0xA3, 0x5F, 0x1D, 0xD5, 0xBB, 0x21,
    0x38, 0x5E, 0xEA, 0xDD, 0x68, 0xA9, 0xA5, 0xA6, 0x92, 0xA4, 0x54, 0x92, 0x93, 0x13, 0xD5, 0x5F,
    0xA9, 0x1A, 0x73, 0x35, 0x4B, 0x03, 0xC1, 0xAD, 0x22, 0x57, 0xD2, 0xDC, 0x30, 0x56, 0x83, 0x8E,
    0x01, 0x20, 0x76, 0x43, 0x94, 0xD3, 0x6F, 0xBF, 0x10, 0xCE, 0x35, 0xB1, 0x74, 0xBB, 0xF5, 0xD9,
    0x27, 0x7A, 0x48, 0xF1, 0xF8, 0x6E, 0x75, 0x3E, 0xB4, 0x96, 0x24, 0xBE, 0xB3, 0x52, 0xA7, 0x4D,
    0x41, 0x45, 0x23, 0xB5, 0xC6, 0x9D, 0xCC, 0x4B, 0x7B, 0xE1, 0x5F, 0x76, 0xD0, 0x6E, 0x28, 0x8A,
    0xAC, 0x56, 0xA9, 0x08, 0x76, 0xBA, 0xBE, 0xE9, 0xC8, 0x8B, 0x2E, 0x56, 0xBF, 0xA3, 0xD6, 0xFC,
    0x46, 0xBE, 0xC3, 0x64, 0xC1, 0x30, 0x8E, 0x2B, 0xF5, 0xDC, 0x52, 0x2E, 0x41, 0x69, 0x1E, 0xA9,
    0xD6, 0xE4, 0xBD, 0x9D, 0x01, 0x32, 0x84, 0x94, 0xE4, 0x67, 0x43, 0xD6, 0xBE, 0x04, 0xF4, 0x85,
    0xA2, 0x28, 0x72, 0xC1, 0x6E, 0x6E, 0x20, 0x9B, 0xFA, 0xB3, 0xF5, 0x92, 0x57, 0xDF, 0xE9, 0x94,
    0xDD, 0xE1, 0x6E, 0x8F, 0x02, 0xBD, 0xDF, 0xA1, 0xDB, 0xE9, 0xBE, 0x86, 0x73, 0xC2, 0x6D, 0x2F,
    0xC6, 0xFC, 0xE1, 0xF1, 0xDF, 0x74, 0x8E, 0xC3, 0x6D, 0xCC, 0x67, 0xD8, 0x35, 0x8D, 0x4F, 0x20,
    0xD6, 0x33, 0xF7, 0x6B, 0xB2, 0x60, 0xEC, 0xE7, 0xF9, 0x1E, 0x70, 0xBC, 0xB4, 0x5F, 0x2A, 0xF8,
    0xF6, 0x0C, 0x20, 0xE9, 0x12, 0xA0, 0x24, 0xE2, 0x18, 0xA9, 0x62, 0xBF, 0x12, 0x29, 0xE8, 0x11,
    0xB9, 0xF5, 0xA2, 0xB2, 0x1B, 0x85, 0xAC, 0x8E, 0x00, 0xEA, 0xF1, 0x90, 0xFC, 0x9D, 0xEE, 0x0C,
    0xAE, 0x24, 0x7E, 0x6F, 0x36, 0xC0, 0x61, 0xA8, 0xF5, 0x2A, 0x84, 0xCE, 0xE3, 0x8D, 0xAE, 0x82,
    0x5B, 0xB0, 0x76, 0xA7, 0xB1, 0x7B, 0x57, 0x17, 0x34, 0xD9, 0x8D, 0x1E, 0xDE, 0x84, 0x46, 0xB5,
    0x72, 0x4F, 0xB9, 0x31, 0xE5, 0xB4, 0xEA, 0x59, 0x14, 0x72, 0x25, 0xE8, 0xA3, 0x85, 0x8E, 0x36,
    0xD8, 0x11, 0xB8, 0x37, 0x28, 0xD7, 0x23, 0xF0, 0x1C, 0x19, 0x37, 0x94, 0xFC, 0x09, 0x1D, 0xC6,
    0xB3, 0x29, 0x04, 0x21, 0x46, 0xAD, 0xBD, 0x46, 0x04, 0xF2, 0x2D, 0x51, 0x14, 0xB9, 0x81, 0xE2,
    0xC1, 0x17, 0xB2, 0xAF, 0xA5, 0xC7, 0xA4, 0xCE, 0x37, 0x6B, 0xEC, 0xD1, 0xAD, 0x02, 0x1E, 0xA6,
    0x34, 0xEF, 0xF4, 0x86, 0x9A, 0x50, 0x27, 0xF7, 0x7B, 0xA4, 0xD5, 0xEC, 0x35, 0x18, 0x44, 0x33,
    0x87, 0x46, 0xBD, 0x5A, 0x4F, 0xB2, 0x4B, 0x36, 0x95, 0x36, 0x48, 0xA6, 0x3C, 0x6C, 0x0D, 0x92,
    0x0E, 0x81, 0xDD, 0x81, 0x39, 0x66, 0x53, 0x74, 0xF1, 0x8C, 0x26, 0xEF, 0x91, 0xEE, 0xF6, 0x30,
    0xE6, 0xDA, 0x64, 0x23, 0x6C, 0x7F, 0x2F, 0x29, 0xB2, 0x64, 0x34, 0xC9, 0xDA, 0xCC, 0x70, 0xB9,
    0x3D, 0x84, 0x0E, 0x7E, 0xB7, 0xC7, 0x8A, 0x5D, 0x68, 0x98, 0x11, 0x08, 0xE3, 0x11, 0x36, 0xE5,
    0xDA, 0xCC, 0xDA, 0x80, 0x39, 0x6C, 0x72, 0x6D, 0x68, 0x4E, 0x1B, 0x92, 0x09, 0xB8, 0x28, 0x24,
    0x59, 0xCC, 0x8B, 0x14, 0x32, 0xDB, 0x14, 0xF0, 0x15, 0x10, 0x8C, 0x05, 0x84, 0x9B, 0x03, 0x04,
    0x6B, 0x01, 0xB1, 0x57, 0x80, 0x60, 0x2E, 0xD3, 0x6D, 0xE9, 0x08, 0x9D, 0xA6, 0xE5, 0xE5, 0x44,
    0x68, 0x17, 0xC2, 0x4C, 0x08, 0xA1, 0x33, 0x0D, 0xF3, 0x45, 0x69, 0x74, 0xCF, 0x34, 0x59, 0x57,
    0x58, 0x28, 0xB4, 0x0A, 0x61, 0xB3, 0xD7, 0xF0, 0x5A, 0x8D, 0x5D, 0xAC, 0x46, 0x2E, 0x55, 0x93,
    0x6D, 0x99, 0x2F, 0xD3, 0xFD, 0x22, 0x45, 0xA0, 0x8D, 0x94, 0x96, 0xBA, 0xEA, 0x3B, 0x2A, 0x2B,
    0xD3, 0x6D, 0x13, 0x6C, 0xF6, 0x75, 0xA8, 0x6F, 0x03, 0x66, 0xE8, 0xA5, 0x23, 0x34, 0x61, 0xB4,
    0x30, 0x72, 0x98, 0x25, 0xCC, 0x18, 0x66, 0x0F, 0x94, 0x48, 0x00, 0x14, 0xAF, 0xD5, 0xE2, 0xCE,
    0x74, 0x48, 0x8B, 0x4A, 0x96, 0xA1, 0xB8, 0x9E, 0x81, 0x8C, 0xA0, 0x58, 0x76, 0x2F, 0xA1, 0x6E,
    0xA6, 0x59, 0x47, 0x69, 0xCC, 0xDD, 0xC1, 0xFF, 0x91, 0x0F, 0xED, 0x75, 0x3E, 0x4C, 0x3A, 0x7B,
    0x47, 0x4A, 0x02, 0x45, 0x8C, 0xC9, 0xF1, 0x6C, 0x34, 0x6B, 0x1A, 0x6B, 0x42, 0x06, 0x10, 0x92,
    0x36, 0x63, 0xFE, 0xF2, 0x70, 0x73, 0x4C, 0xC3, 0x5E, 0x23, 0x0A, 0x2C, 0xA9, 0x77, 0x05, 0x3C,
    0xF3, 0xC6, 0x31, 0x5F, 0xE4, 0xA7, 0x82, 0xD2, 0xCE, 0xAB, 0x0B, 0x5D, 0xCE, 0xE7, 0x8D, 0xB1,
    0xC9, 0x21, 0x31, 0xEE, 0x37, 0x5D, 0x06, 0xF5, 0xF7, 0x60, 0xD7, 0xA3, 0x35, 0x90, 0x5E, 0x42,
    0x52, 0x5D, 0x4C, 0xD1, 0xE7, 0x87, 0x10, 0x5F, 0xBD, 0x71, 0xA9, 0x79, 0x20, 0xB9, 0x60, 0xA9,
    0x90, 0xEA, 0x03, 0x0F, 0x05, 0x2F, 0xE3, 0x97, 0x2D, 0x1D, 0x4C, 0xD7, 0xA0, 0xF9, 0x77, 0x04,
    0x7F, 0xAB, 0xF2, 0x25, 0xA4, 0x97, 0x7E, 0xCD, 0xA5, 0xDA, 0x4D, 0x36, 0xAE, 0x64, 0x6E, 0xAF,
    0x48, 0xDC, 0xDE, 0x25, 0x78, 0x85, 0x3B, 0x7F, 0x7B, 0xD0, 0x52, 0xB8, 0x18, 0xC5, 0x42, 0x2A,
    0xEC, 0x0C, 0x2B, 0xE1, 0x58, 0xD2, 0x92, 0x81, 0xDE, 0xAF, 0xA5, 0x37, 0xAB, 0xC0, 0xE2, 0xA7,
    0xEA, 0x13, 0x7D, 0xEB, 0x18, 0x54, 0x37, 0xE4, 0xAA, 0x42, 0xE4, 0x57, 0x88, 0xE5, 0xC0, 0x26,
    0x3B, 0xAD, 0x10, 0x39, 0x19, 0xAE, 0xFD, 0x4F, 0xC0, 0x9C, 0x51, 0x72, 0x55, 0xB0, 0x4B, 0x1D,
    0x3A, 0x32, 0x2C, 0x74, 0xAD, 0x86, 0xC1, 0x9D, 0x0A, 0xE7, 0x7F, 0x34, 0x99, 0xFC, 0xAF, 0xE6,
    0x29, 0x2F, 0x14, 0x7E, 0x3F, 0x9B, 0x35, 0x9B, 0xC6, 0x10, 0xA3, 0xC2, 0x41, 0x13, 0x01, 0x15,
    0x43, 0x0D, 0xED, 0x1B, 0x13, 0xA6, 0x46, 0xB2, 0xA7, 0x32, 0x8C, 0xE8, 0x92, 0x7E, 0x3C, 0x65,
    0x39, 0x85, 0xC6, 0x2E, 0xA3, 0xBD, 0x63, 0x96, 0xC1, 0xCC, 0x99, 0x25, 0x02, 0x75, 0x41, 0x94,
    0x33, 0xD6, 0x71, 0x70, 0x89, 0xAF, 0xF0, 0xA7, 0x9D, 0xA2, 0xC5, 0xD5, 0x40, 0xC8, 0x26, 0x18,
    0x5D, 0x2E, 0x2A, 0x9D, 0x61, 0x6F, 0x1B, 0x44, 0xAD, 0x09, 0xCB, 0x8D, 0xAD, 0xA3, 0xCF, 0x4F,
    0xC7, 0xA2, 0x03, 0xC1, 0x31, 0x42, 0xEA, 0x9C, 0xC2, 0x17, 0x21, 0xA0, 0xB6, 0x3D, 0x63, 0x5D,
    0xFC, 0xC8, 0xBE, 0x25, 0xFD, 0xF2, 0x69, 0x97, 0xDE, 0x92, 0x78, 0xFF, 0xAC, 0x0D, 0xC1, 0xB0,
    0xA3, 0xD0, 0x6A, 0x89, 0x83, 0xF2, 0xAE, 0x71, 0xA1, 0xD4, 0x91, 0x2E, 0xAA, 0x60, 0x05, 0x6D,
    0x5A, 0x25, 0x4E, 0x17, 0xC8, 0xCC, 0xDC, 0x0F, 0x2A, 0xAC, 0x91, 0xB4, 0x39, 0x57, 0x54, 0x5B,
    0x0A, 0x35, 0x7E, 0x54, 0x96, 0x41, 0x32, 0x4D, 0x16, 0x96, 0x4E, 0xE5, 0x85, 0xB2, 0x33, 0xFA,
    0xBD, 0x0D, 0x15, 0x13, 0xCE, 0x9E, 0x4A, 0x28, 0xF4, 0x84, 0xE0, 0x7C, 0xD0, 0xDF, 0x81, 0x6F,
    0x2A, 0x38, 0x1A, 0xA2, 0xE7, 0x9A, 0x3F, 0x97, 0x83, 0x4A, 0x7E, 0x07, 0x1D, 0x8B, 0x54, 0xC9,
    0x30, 0x51, 0xCE, 0x3C, 0x96, 0x24, 0xE4, 0x0C, 0x66, 0x90, 0x91, 0x73, 0x3A, 0xCF, 0xCD, 0xEA,
    0x7D, 0xAF, 0x4F, 0x06, 0xAA, 0x05, 0x08, 0x40, 0x8A, 0x60, 0x75, 0x7F, 0xF9, 0x27, 0xFB, 0xC2,
    0xD3, 0x70, 0x1C, 0x1A, 0x96, 0x10, 0xB5, 0xB9, 0xAF, 0x49, 0x4F, 0xF9, 0x22, 0xCC, 0x18, 0x82,
    0xD9, 0x69, 0xDF, 0xC1, 0x58, 0xCB, 0xA7, 0xAB, 0x99, 0x7B, 0x1B, 0x78, 0xBD, 0x28, 0x90, 0xEE,
    0x39, 0x6E, 0xB1, 0x87, 0xDE, 0x94, 0xD8, 0x53, 0x52, 0x7F, 0x7A, 0x59, 0x6E, 0x2F, 0xA3, 0xF3,
    0x97, 0xA7, 0x22, 0x82, 0xBF, 0xA2, 0xDB, 0xA7, 0x1C, 0xF3, 0x0D, 0xBE, 0xEB, 0x47, 0x45, 0xBD,
    0x0D, 0x25, 0x1A, 0x2A, 0x02, 0x8B, 0x83, 0xD4, 0x65, 0x16, 0x0B, 0x93, 0x25, 0x24, 0xBA, 0x91,
    0xCA, 0x50, 0xBD, 0xA6, 0x87, 0x2B, 0x72, 0xBE, 0x22, 0x67, 0x17, 0xC8, 0x66, 0x43, 0x76, 0x8A,
    0xEC, 0x85, 0x5F, 0xF7, 0x46, 0xA4, 0x39, 0x09, 0xBD, 0x4C, 0x34, 0xEC, 0xB5, 0x5A, 0x8A, 0x90,
    0x56, 0xDB, 0x2C, 0xC7, 0x2E, 0x9E, 0x71, 0xF0, 0x07, 0xF4, 0x18, 0x19, 0x45, 0x21, 0x81, 0x64,
    0xCE, 0x31, 0x04, 0x73, 0x62, 0x55, 0x1A, 0x8A, 0x64, 0xF0, 0xD8, 0xD5, 0x16, 0x6A, 0xD7, 0x14,
    0xD0, 0x46, 0x84, 0x00, 0x5A, 0x71, 0xD5, 0x3D, 0x22, 0xBF, 0xFA, 0xDF, 0xFF, 0x99, 0xE2, 0xAC,
    0xC2, 0xAB, 0xA4, 0xE6, 0x1D, 0x92, 0xC8, 0x8A, 0x86, 0x7A, 0x2D, 0xAD, 0xA4, 0x9A, 0xF8, 0x3D,
    0xCC, 0x8E, 0xB5, 0xA8, 0xC8, 0x8B, 0x96, 0x31, 0xD7, 0x20, 0xDA, 0x0F, 0xF4, 0xAD, 0xED, 0xB9,
    0x97, 0xED, 0x0A, 0xD1, 0x4D, 0x02, 0xCA, 0x0C, 0xA1, 0xC5, 0x6C, 0xDC, 0x69, 0x7F, 0x27, 0x07,
    0xFB, 0x48, 0x63, 0x49, 0x3A, 0x9C, 0x67, 0x7B, 0xD6, 0xC8, 0xE2, 0x0E, 0x93, 0xB8, 0x5A, 0x0B,
    0x34, 0xD7, 0xEB, 0xAF, 0x51, 0x28, 0xDF, 0xD4, 0x01, 0x4F, 0x7B, 0x9C, 0x52, 0xC2, 0x4F, 0x39,
    0x9E, 0x0A, 0xDB, 0x3D, 0xAA, 0xB8, 0x5A, 0xCF, 0x1E, 0xFA, 0xD6, 0x95, 0x53, 0x54, 0x07, 0x77,
    0x1B, 0x64, 0xEE, 0x2C, 0x6C, 0x6C, 0xC3, 0x73, 0xCD, 0x67, 0xA7, 0xE8, 0xAF, 0xCC, 0x26, 0xB1,
    0xF0, 0x3E, 0x26, 0x7F, 0x0A, 0x16, 0x84, 0x7E, 0x78, 0x41, 0x4C, 0x5B, 0x13, 0x66, 0x09, 0x76,
    0x2F, 0xAD, 0x97, 0x53, 0x4A, 0xE5, 0x25, 0xBD, 0x9D, 0x16, 0x8A, 0xC2, 0x1A, 0xFC, 0x11, 0xB4,
    0xDB, 0x0B, 0xC5, 0x2B, 0xC7, 0x74, 0xED, 0xAB, 0xA3, 0xC0, 0xEE, 0x3A, 0x8E, 0x8C, 0xFD, 0xCC,
    0x41, 0x85, 0x16, 0xE4, 0x32, 0x2E, 0x33, 0x57, 0x96, 0x03, 0xB9, 0x72, 0x1D, 0x38, 0xE1, 0x75,
    0x94, 0x97, 0xF5, 0x31, 0x9C, 0x99, 0x69, 0x11, 0x2E, 0xA4, 0xB5, 0xB3, 0xB9, 0x17, 0xFA, 0xD2,
    0xA7, 0x04, 0x67, 0x0D, 0x3E, 0x75, 0x46, 0x7D, 0xB7, 0x57, 0x2F, 0xC3, 0x63, 0x12, 0xBA, 0xF8,
    0xBD, 0xA6, 0x9C, 0x07, 0xDE, 0xEE, 0xF7, 0x8F, 0xA9, 0x4F, 0x83, 0x16, 0xCF, 0x55, 0x9D, 0x71,
    0x09, 0x3B, 0x88, 0xD5, 0xC7, 0x6B, 0x51, 0x6E, 0xE3, 0xD2, 0x79, 0x91, 0x7D, 0x2F, 0xD9, 0x11,
    0x4F, 0x7B, 0x1C, 0xB9, 0x44, 0xF3, 0xEB, 0xBF, 0xDC, 0xEB, 0xDA, 0x71, 0x28, 0x6E, 0x37, 0xBF,
    0x06, 0xED, 0x75, 0xB9, 0x0A, 0xB0, 0x9E, 0xF7, 0xF4, 0xAC, 0x69, 0x55, 0x77, 0x94, 0xCE, 0x96,
    0xD2, 0x79, 0x28, 0x67, 0x54, 0x32, 0xB1, 0x84, 0xAA, 0x94, 0x76, 0xAF, 0xA2, 0xF4, 0x8E, 0xA0,
    0xAC, 0xC2, 0x91, 0x66, 0x59, 0x05, 0x73, 0x7A, 0x97, 0xAF, 0x71, 0x4A, 0x79, 0xB8, 0x42, 0xC7,
    0x40, 0xED, 0x8F, 0xBB, 0xB8, 0x1C, 0x2C, 0x4B, 0x58, 0xA3, 0xF3, 0xDD, 0xDD, 0x42, 0xE3, 0x88,
    0x1E, 0xE6, 0x90, 0x23, 0x32, 0x40, 0x64, 0x01, 0xE6, 0x0B, 0x8E, 0xC8, 0xC3, 0x4A, 0xF9, 0x97,
    0xA6, 0x87, 0xE7, 0x39, 0xE2, 0x12, 0x22, 0x46, 0xCE, 0xE1, 0x86, 0x3D, 0x3D, 0x5C, 0xCC, 0x3A,
    0x54, 0xBC, 0x87, 0x94, 0x6F, 0xF1, 0x8D, 0xE5, 0x21, 0x3C, 0xA2, 0x7C, 0x28, 0xA3, 0xD3, 0x7A,
    0xC6, 0xB2, 0x7B, 0x0A, 0x24, 0x81, 0x96, 0xEA, 0x2F, 0x7D, 0xCA, 0x1A, 0x16, 0x2D, 0x58, 0x65,
    0xF7, 0xA6, 0xD1, 0xF0, 0xE8, 0x1D, 0x35, 0x11, 0x45, 0xE2, 0x83, 0x73, 0x99, 0xA1, 0x46, 0xBF,
    0x1B, 0x99, 0xD1, 0x52, 0xBC, 0x1E, 0x93, 0x6E, 0x01, 0x36, 0x7C, 0xFE, 0x04, 0x39, 0x87, 0x6E,
    0x23, 0x91, 0xEF, 0x68, 0x82, 0xDA, 0x43, 0xE5, 0x6C, 0x03, 0x7C, 0xA6, 0x6F, 0x15, 0x4F, 0x7B,
    0x68, 0x5F, 0xB5, 0xF9, 0xE1, 0xD8, 0x55, 0x8B, 0xFC, 0xEF, 0xD1, 0x1E, 0x3F, 0x08, 0x09, 0xC0,
    0xC1, 0x1E, 0x57, 0xD2, 0xBD, 0xD6, 0x1E, 0xB7, 0x57, 0xED, 0xF1, 0x96, 0x7C, 0xA9, 0x7D, 0xE7,
    0x71, 0xC4, 0x9D, 0x53, 0x2E, 0xD0, 0x49, 0x13, 0xE1, 0xCF, 0x4C, 0xC4, 0x55, 0x43, 0x2A, 0x6F,
    0x62, 0x48, 0x89, 0xD5, 0xDE, 0x3D, 0xF9, 0x83, 0x5B, 0x33, 0xC2, 0xA5, 0x7C, 0xB8, 0x59, 0xBE,
    0x45, 0x8B, 0xD8, 0x8C, 0x7B, 0xD7, 0xA8, 0xF7, 0xCE, 0x77, 0xA4, 0xB5, 0x64, 0xB0, 0x3E, 0x14,
    0xB1, 0xB1, 0x88, 0xAC, 0xD2, 0x77, 0x03, 0x43, 0xD3, 0x4A, 0x0F, 0xFE, 0x33, 0x06, 0x8F, 0x5E,
    0xCB, 0x81, 0x1D, 0x0B, 0xAC, 0x0C, 0x80, 0x06, 0xD6, 0x63, 0x42, 0x19, 0x8E, 0xE6, 0x5C, 0xA3,
    0xFF, 0x88, 0x27, 0x5C, 0x53, 0x88, 0x13, 0x18, 0x88, 0xF0, 0x04, 0xC1, 0x1F, 0xCA, 0x70, 0xF6,
    0x50, 0x1A, 0x7F, 0xED, 0xBD, 0x18, 0x16, 0x77, 0xD5, 0xDA, 0xD3, 0xEA, 0xD3, 0xCD, 0xBD, 0xA5,
    0x5C, 0xAE, 0x1E, 0x59, 0x45, 0x3C, 0xE1, 0x51, 0x88, 0x5D, 0x8F, 0x42, 0xB0, 0x5E, 0x07, 0xFE,
    0xC3, 0x87, 0x41, 0x31, 0x4A, 0xEE, 0x4E, 0x3E, 0x21, 0x37, 0x28, 0x06, 0xE6, 0x05, 0x7D, 0x81,
    0x24, 0xAE, 0x47, 0xA8, 0xE7, 0x79, 0x06, 0x87, 0x68, 0x02, 0xA0, 0x4E, 0x17, 0x24, 0x32, 0x89,
    0x24, 0x8C, 0x22, 0x18, 0x04, 0xC9, 0x6F, 0x68, 0x41, 0xF4, 0x04, 0xEF, 0x09, 0x43, 0xF2, 0x67,
    0x3D, 0x23, 0xF6, 0x6E, 0xCF, 0x1F, 0xB5, 0x28, 0xAE, 0xB1, 0x23, 0x98, 0x47, 0x0A, 0x78, 0x22,
    0x04, 0x22, 0xDA, 0xF5, 0x78, 0xA8, 0x43, 0x12, 0x52, 0x40, 0xEF, 0x7B, 0xE4, 0x20, 0xF9, 0x90,
    0x7D, 0xCF, 0x33, 0x3F, 0x3B, 0xDA, 0x17, 0x03, 0x13, 0x8F, 0xC9, 0x7E, 0x33, 0x22, 0xEF, 0xC8,
    0x26, 0xFB, 0xD5, 0x54, 0x30, 0xDB, 0xC8, 0xBF, 0x98, 0x40, 0x59, 0xB2, 0x14, 0x8F, 0x66, 0x26,
    0x1D, 0x52, 0x36, 0x73, 0xC9, 0xBC, 0xBF, 0xAC, 0x17, 0x3D, 0x8B, 0x76, 0x95, 0x06, 0x90, 0xE2,
    0x8D, 0xF7, 0xFA, 0x4F, 0x1A, 0x3C, 0x48, 0x31, 0xCC, 0x6C, 0x4A, 0x09, 0xDE, 0xB5, 0x5C, 0xCF,
    0x51, 0xB5, 0x74, 0x5C, 0x4C, 0x7A, 0x32, 0x89, 0x88, 0xBD, 0x1C, 0xF1, 0xC3, 0xF7, 0x76, 0xE1,
    0x51, 0x02, 0x56, 0x57, 0xC7, 0xF2, 0xB1, 0x1A, 0xC9, 0x99, 0x02, 0x30, 0x6A, 0x1D, 0x8A, 0xCB,
    0xD9, 0xD6, 0x94, 0x73, 0x89, 0x65, 0x38, 0x8F, 0x61, 0x6D, 0xFE, 0x09, 0x8B, 0xF2, 0xEF, 0xD3,
    0x6B, 0x63, 0x89, 0x88, 0xE2, 0xB4, 0x0A, 0xEF, 0x98, 0x11, 0x94, 0x13, 0x13, 0x82, 0xA5, 0x60,
    0x70, 0xA7, 0xB5, 0x3D, 0xA6, 0x56, 0xA3, 0xAE, 0x5A, 0x59, 0x80, 0x78, 0xCF, 0x51, 0x37, 0xFD,
    0xA6, 0x2D, 0x8F, 0x58, 0x57, 0xFA, 0x07, 0xEB, 0x3E, 0xCF, 0x41, 0x6B, 0xFE, 0x9C, 0x25, 0xB1,
    0xEF, 0x79, 0x54, 0x4E, 0x32, 0x92, 0x70, 0xFA, 0xDB, 0xD3, 0x8F, 0x9E, 0x2A, 0xE5, 0x67, 0x47,
    0x7D, 0xF9, 0xB2, 0xA6, 0x11, 0x96, 0xE4, 0x05, 0x92, 0x97, 0x43, 0xA4, 0xB9, 0xDD, 0xEA, 0x89,
    0xB9, 0x2D, 0x3C, 0xCA, 0xC8, 0x03, 0x1B, 0xE8, 0x5E, 0xC2, 0x63, 0xC3, 0xA4, 0x50, 0xE3, 0x7C,
    0x86, 0xF9, 0xFE, 0xB2, 0xEF, 0xCD, 0x44, 0x26, 0xFA, 0x89, 0x99, 0x19, 0x4D, 0xC7, 0xE5, 0xFF,
    0x55, 0x44, 0x3C, 0x9E, 0xA0, 0x3A, 0xD2, 0x1C, 0x74, 0x46, 0x0F, 0xDA, 0xF7, 0x7F, 0x9C, 0xB8,
    0xB8, 0x6A, 0x0E, 0xE2, 0x75, 0xC0, 0x9B, 0x49, 0x7E, 0xF0, 0x43, 0x43, 0xD8, 0x33, 0x11, 0x44,
    0xAF, 0x8C, 0x21, 0xF6, 0x4B, 0x17, 0x13, 0xB3, 0x8A, 0xE7, 0x58, 0x05, 0xB8, 0x8C, 0x1D, 0x5D,
    0x78, 0xBE, 0x3E, 0x5F, 0xC1, 0xCC, 0x02, 0xFD, 0x23, 0x07, 0xC4, 0xB0, 0xF7, 0x6E, 0x19, 0x51,
    0xB7, 0xD9, 0x36, 0x13, 0x22, 0xD3, 0xA5, 0x36, 0xF7, 0xF5, 0xC0, 0xE7, 0x7F, 0xD5, 0x5A, 0x3D,
    0xB3, 0xDE, 0xC4, 0x15, 0x5E, 0x49, 0xF0, 0x6A, 0x06, 0x25, 0x28, 0x4D, 0x26, 0xCC, 0xDC, 0x21,
    0x6A, 0x52, 0x10, 0x32, 0x63, 0xFD, 0x01, 0x60, 0x65, 0xF2, 0x03, 0x92, 0x22, 0x0C, 0x05, 0x85,
    0x6B, 0x98, 0x4C, 0xFC, 0x07, 0x20, 0x2B, 0xA0, 0x48, 0x99, 0x5B, 0xA5, 0xA1, 0xA1, 0x48, 0x13,
    0x9A, 0xA4, 0xA4, 0x30, 0x48, 0xB6, 0x0B, 0x97, 0x11, 0x21, 0x93, 0x14, 0x14, 0x68, 0x12, 0xBA,
    0x14, 0x28, 0x41, 0x4C, 0x64, 0x90, 0xB4, 0x79, 0x9E, 0x73, 0xF4, 0x7E, 0xDE, 0x7B, 0x1D, 0x1B,
    0xFB, 0xDE, 0xB9, 0xC8, 0xAF, 0xCE, 0x5E, 0x4B, 0xAB, 0xDD, 0x67, 0xCF, 0xEE, 0xF9, 0xDC, 0xB5,
    0xA6, 0xAA, 0x3D, 0xFE, 0x55, 0xB5, 0x35, 0x7A, 0xF9, 0xFA, 0xDE, 0xFF, 0x4C, 0xD4, 0x99, 0xCD,
    0xED, 0x7C, 0x13, 0x79, 0xDF, 0xA7, 0xDE, 0x77, 0xD6, 0xFB, 0xD6, 0x4D, 0x41, 0x53, 0xE1, 0xB1,
    0x6F, 0xD8, 0xCE, 0xC1, 0x8D, 0x67, 0x7C, 0x67, 0xA7, 0xE0, 0x4F, 0x39, 0xEA, 0xF3, 0x9B, 0x10,
    0xB7, 0xF9, 0x89, 0x2F, 0xF6, 0xDA, 0x5C, 0xF9, 0xCF, 0x50, 0xCB, 0x7B, 0x7C, 0x02, 0x82, 0x2A,
    0x93, 0x89, 0x7C, 0xF9, 0x14, 0x08, 0xD0, 0x1D, 0x10, 0xCF, 0x06, 0x0E, 0xC8, 0x69, 0xF5, 0xE2,
    0x19, 0x24, 0x1D, 0x41, 0xF2, 0x5E, 0x3F, 0xC3, 0x50, 0xF6, 0x89, 0x0C, 0xFE, 0x09, 0x63, 0x9E,
    0x31, 0xD9, 0x2B, 0x77, 0x3F, 0x20, 0x00, 0x6F, 0x32, 0x76, 0x9E, 0x60, 0x80, 0x26, 0xE9, 0x93,
    0xC1, 0xA4, 0x4D, 0x30, 0x9A, 0xB4, 0x36, 0x6B, 0xD2, 0x84, 0xA3, 0x49, 0x06, 0xBC, 0x40, 0x95,
    0x41, 0x2B, 0xEB, 0x67, 0xAF, 0x0C, 0x6F, 0xB0, 0xA9, 0x1F, 0x29, 0x47, 0x6D, 0x67, 0x62, 0x3C,
    0x44, 0xB5, 0x89, 0x18, 0xF0, 0x03, 0x1C, 0xE0, 0x00, 0x32, 0xDB, 0x9A, 0xC0, 0x17, 0x95, 0xB0,
    0xC8, 0x97, 0xE0, 0xE7, 0x47, 0x44, 0x6B, 0xBF, 0x20, 0xDC, 0xEC, 0x6B, 0xE2, 0x4D, 0xD1, 0x32,
    0xF0, 0x63, 0x5C, 0x02, 0xBB, 0xDE, 0xA7, 0x46, 0x71, 0xEB, 0x9F, 0xF7, 0x7C, 0xBB, 0x43, 0xFD,
    0xDE, 0xB5, 0xCC, 0xFA, 0xDE, 0x15, 0x62, 0x0A, 0x30, 0x9C, 0xD2, 0x79, 0x5F, 0xF8, 0x32, 0x37,
    0xC2, 0xEA, 0x02, 0xF3, 0xD7, 0x72, 0x66, 0x0A, 0x80, 0xEA, 0x51, 0x4E, 0xA6, 0xFA, 0x0D, 0xDE,
    0x73, 0x05, 0x19, 0x0B, 0xF8, 0xB6, 0xAE, 0x5A, 0x5B, 0xDB, 0xD9, 0x17, 0xA9, 0x9F, 0x31, 0xAE,
    0xC9, 0x80, 0x31, 0x85, 0xF6, 0x69, 0xEB, 0x02, 0xF7, 0x5D, 0x53, 0x95, 0xEC, 0xD2, 0xFB, 0xD1,
    0x1C, 0xF9, 0x63, 0x63, 0xAF, 0x8E, 0xFE, 0xB6, 0xC7, 0xCF, 0x5D, 0x9D, 0xCC, 0xFA, 0xAA, 0xE6,
    0x42, 0xC6, 0xED, 0x39, 0x53, 0xEE, 0x78, 0x05, 0x5E, 0x04, 0xE0, 0x41, 0x5E, 0x9A, 0x18, 0x4B,
    0x28, 0x6E, 0x4D, 0x5A, 0x66, 0xFE, 0x6A, 0x6F, 0x72, 0x53, 0xF9, 0xF2, 0x86, 0x79, 0x2E, 0x9C,
    0x56, 0xE6, 0x39, 0xF3, 0x3A, 0x97, 0xCE, 0x15, 0xF3, 0x7E, 0x82, 0x3A, 0x99, 0xE9, 0x31, 0x41,
    0x26, 0x35, 0xDD, 0x69, 0xC5, 0xF2, 0x6E, 0xA9, 0xB9, 0x7C, 0xF7, 0x7C, 0x38, 0x84, 0x68, 0x05,
    0x43, 0xF5, 0xC5, 0xC8, 0x1E, 0xE6, 0xB0, 0x63, 0x5F, 0x26, 0x69, 0x0D, 0x66, 0xD9, 0x58, 0x4E,
    0xCE, 0x5F, 0x7F, 0xC0, 0x79, 0x49, 0x14, 0x99, 0xF9, 0x23, 0xFF, 0x73, 0x34, 0x17, 0xD6, 0x37,
    0x57, 0xAE, 0x75, 0x5C, 0xBA, 0x2F, 0xF7, 0xB9, 0xEF, 0x2B, 0xDF, 0xCF, 0x51, 0x3F, 0x45, 0xBD,
    0xBF, 0xD6, 0xBB, 0xB9, 0xCF, 0xDA, 0x5E, 0x87, 0xF5, 0xB4, 0x79, 0x12, 0xCD, 0x34, 0x98, 0x71,
    0xDF, 0x54, 0x6D, 0xE4, 0xDF, 0xF4, 0x75, 0x32, 0x63, 0x09, 0x64, 0x63, 0x3A, 0x19, 0xD7, 0xE5,
    0x03, 0x9E, 0xBB, 0x0E, 0x7F, 0x59, 0x0C, 0x6D, 0xE0, 0x3A, 0x99, 0xB1, 0x6A, 0x22, 0xFF, 0x22,
    0xD6, 0x05, 0x16, 0x47, 0x63, 0x5C, 0x8B, 0x85, 0x74, 0xC5, 0xA4, 0x85, 0x34, 0xE7, 0x38, 0xC5,
    0xD5, 0x3E, 0xE1, 0xD2, 0x39, 0x9B, 0xC8, 0x42, 0x5F, 0x7E, 0x0F, 0xC0, 0xEC, 0xB7, 0xFD, 0x10,
    0x00, 0x11, 0xC4, 0xDC, 0x80, 0xD9, 0x51, 0x77, 0xBD, 0x14, 0x66, 0xA7, 0x35, 0x98, 0xCD, 0x02,
    0xCC, 0x66, 0x01, 0xF6, 0x46, 0x5D, 0x5E, 0xB0, 0xC0, 0xE4, 0x4B, 0x31, 0x90, 0xD9, 0x51, 0x37,
    0x92, 0xD9, 0x51, 0xF7, 0x6B, 0x65, 0x76, 0x4E, 0x66, 0xF3, 0x03, 0x30, 0x3B, 0xEA, 0x92, 0x06,
    0x6F, 0xDF, 0xEE, 0xA2, 0xFF, 0xDC, 0x17, 0xB3, 0x4F, 0x13, 0xDB, 0x70, 0xC6, 0x4A, 0x6D, 0xAC,
    0xEF, 0xAA, 0x68, 0x18, 0xCD, 0xA8, 0x3F, 0xFC, 0x8D, 0x27, 0x78, 0x8E, 0xB7, 0x26, 0xED, 0xCE,
    0xBC, 0xFD, 0xC1, 0x75, 0x66, 0xDD, 0x13, 0x12, 0xE2, 0x7D, 0xE0, 0xB1, 0x0C, 0xA1, 0xF5, 0xC6,
    0xF4, 0x9D, 0xF1, 0xB1, 0x68, 0x34, 0x11, 0x75, 0x81, 0xC9, 0x30, 0x83, 0x75, 0xE0, 0x4D, 0x3C,
    0x9A, 0xEC, 0xCB, 0x97, 0xA0, 0x0D, 0xF4, 0x17, 0x40, 0x72, 0x32, 0x08, 0x44, 0xCE, 0x3E, 0x7E,
    0x27, 0xE2, 0x64, 0x4C, 0x38, 0x41, 0x48, 0x7A, 0xDC, 0x54, 0x02, 0x18, 0x76, 0xA0, 0xCF, 0x5F,
    0x78, 0x19, 0xE2, 0x04, 0x1E, 0xA2, 0x69, 0xC8, 0xFD, 0xB1, 0x31, 0xAF, 0x1D, 0x07, 0xBE, 0xC6,
    0x5A, 0xC0, 0x9A, 0xC0, 0xEA, 0xA9, 0x0A, 0x0A, 0x94, 0x68, 0xE2, 0x07, 0x26, 0x01, 0x17, 0x52,
    0x08, 0x82, 0xF5, 0x57, 0xFB, 0x3E, 0xD9, 0x32, 0x12, 0x32, 0xEC, 0x27, 0x57, 0xFB, 0x4F, 0x7A,
    0x5B, 0x6F, 0x55, 0xC7, 0xBD, 0x09, 0xE4, 0x0F, 0x6B, 0x98, 0x0D, 0xE4, 0x24, 0x18, 0x66, 0xCA,
    0x75, 0x98, 0xB2, 0xBD, 0x7B, 0x10, 0xA9, 0xE2, 0x48, 0xE4, 0x8B, 0x8C, 0x24, 0x26, 0x31, 0xAF,
    0x55, 0x14, 0x4D, 0xFB, 0x70, 0x24, 0x2F, 0xAB, 0xD6, 0x77, 0x58, 0x0F, 0x6D, 0x5E, 0xA2, 0xF5,
    0xF6, 0x68, 0x32, 0x5E, 0x26, 0x6F, 0xC4, 0x1C, 0x58, 0xB2, 0x20, 0x21, 0xD6, 0xDA, 0xBA, 0xFA,
    0x3B, 0x90, 0x8C, 0x33, 0x7E, 0x2B, 0x5D, 0x56, 0xEF, 0x74, 0x1F, 0x86, 0xC3, 0x14, 0x8C, 0x9B,
    0x1F, 0xFE, 0x8B, 0x87, 0xCB, 0xCA, 0xE2, 0x15, 0x97, 0x21, 0xEA, 0x37, 0x39, 0xDA, 0xEE, 0xEC,
    0xA0, 0xD2, 0x9C, 0xA8, 0xE4, 0x5E, 0x25, 0xD7, 0x21, 0xEB, 0x2A, 0xD3, 0xB0, 0x8E, 0xB0, 0x77,
    0x25, 0x67, 0x32, 0x82, 0x86, 0x1C, 0x53, 0xCC, 0x70, 0x0F, 0xA9, 0x17, 0xB1, 0x4E, 0xCA, 0x78,
    0x2D, 0x93, 0xE8, 0x3E, 0x6D, 0x85, 0xC3, 0x79, 0x8D, 0xF9, 0xAF, 0x29, 0x0D, 0x19, 0x8A, 0x0A,
    0xAF, 0xAA, 0x3A, 0x40, 0xB7, 0xDF, 0xB5, 0x75, 0x34, 0x4A, 0xCD, 0x78, 0x90, 0x42, 0x56, 0xA8,
    0xC5, 0x58, 0xA5, 0x58, 0xC4, 0xDD, 0x95, 0x8E, 0x03, 0xF1, 0x6C, 0xC9, 0xDE, 0x9C, 0x03, 0x16,
    0xB7, 0xC7, 0x88, 0xC5, 0x9D, 0x21, 0xA1, 0xC9, 0x49, 0xBB, 0x14, 0x55, 0x4C, 0xD6, 0x5A, 0x2B,
    0x1A, 0xFA, 0x0D, 0x16, 0xAE, 0x1C, 0x58, 0xF8, 0xB0, 0x43, 0x11, 0x40, 0x41, 0x79, 0x2E, 0x6D,
    0x29, 0xE2, 0x41, 0x0A, 0xF6, 0x86, 0x77, 0xEC, 0x4D, 0xB9, 0xC5, 0x07, 0x84, 0xDB, 0x2A, 0xDC,
    0x5A, 0xE1, 0x96, 0x84, 0xCB, 0x65, 0xFE, 0xA4, 0xAD, 0x85, 0x59, 0x1B, 0xD4, 0xC9, 0x1E, 0xEA,
    0x5C, 0x51, 0xBB, 0x9B, 0x32, 0x3D, 0xFE, 0x1A, 0x7A, 0xB0, 0x37, 0x7D, 0x4E, 0x01, 0xB8, 0x3D,
    0xA5, 0x6F, 0x42, 0x16, 0xEE, 0x8C, 0x22, 0x2E, 0x29, 0x44, 0x05, 0xED, 0x40, 0xC2, 0xD8, 0x8E,
    0x6D, 0xF8, 0x00, 0xC2, 0x66, 0x1C, 0x9D, 0x0D, 0x9A, 0x51, 0xBE, 0x4E, 0xF0, 0x0A, 0xAF, 0x29,
    0x67, 0x60, 0x8E, 0x55, 0x91, 0x66, 0x01, 0xB8, 0x28, 0x42, 0xA8, 0xBB, 0xD5, 0xBB, 0x78, 0xDD,
    0xE9, 0x73, 0x4C, 0x58, 0x63, 0x9E, 0x86, 0xB0, 0x72, 0xCC, 0xF8, 0xCE, 0x41, 0x1B, 0xE2, 0x3B,
    0x4F, 0xB7, 0xA1, 0x81, 0x7C, 0xD2, 0x70, 0xB3, 0xB7, 0xD8, 0xB7, 0x09, 0xF5, 0x50, 0x32, 0x08,
    0xEA, 0x68, 0xCC, 0x1B, 0x57, 0x17, 0xD1, 0xE8, 0x30, 0x9F, 0xEF, 0x27, 0x23, 0x94, 0x01, 0x96,
    0xF5, 0x97, 0xE0, 0x16, 0x16, 0xF6, 0x3F, 0x47, 0x2C, 0xB0, 0xD5, 0x1C, 0x0F, 0xC2, 0xDD, 0xB4,
    0x13, 0xEE, 0x66, 0xED, 0x1B, 0xCA, 0xE4, 0x91, 0x45, 0xF5, 0x56, 0x27, 0x4C, 0x16, 0x7E, 0x86,
    0xD3, 0x2E, 0x93, 0xD9, 0xCD, 0xC2, 0x53, 0x14, 0x50, 0x88, 0x30, 0x06, 0xF8, 0x73, 0xD4, 0x9B,
    0x7F, 0xF3, 0xD9, 0xFA, 0x7A, 0xFC, 0xE7, 0x5B, 0x1D, 0x65, 0x39, 0x0D, 0xAD, 0xE1, 0x0C, 0xA7,
    0x5E, 0xAB, 0x1F, 0xF8, 0x62, 0x85, 0xEF, 0xE2, 0xB6, 0x52, 0x5F, 0x6D, 0x80, 0xCE, 0x6F, 0x83,
    0xEA, 0x2E, 0xC7, 0x46, 0x13, 0x10, 0xA8, 0x48, 0x3B, 0x51, 0x76, 0x29, 0x67, 0x88, 0xFA, 0x89,
    0xD7, 0xAB, 0xE6, 0xE0, 0xA2, 0xAE, 0x5A, 0x68, 0xE8, 0x67, 0x71, 0xB1, 0xC4, 0xD1, 0x9A, 0x49,
    0xC1, 0x8C, 0x92, 0xAE, 0x16, 0x9B, 0xCB, 0x06, 0xCE, 0x4D, 0xDE, 0x5B, 0x2E, 0x95, 0x8E, 0xF8,
    0x5C, 0x4B, 0xFF, 0xAB, 0x6A, 0xE0, 0x0C, 0x01, 0x10, 0x14, 0x1A, 0xB4, 0x28, 0xBC, 0x22, 0x38,
    0x79, 0x68, 0x28, 0x12, 0x15, 0x1C, 0x93, 0x16, 0x89, 0x28, 0x26, 0x7A, 0x6C, 0xBE, 0xCE, 0x48,
    0x1B, 0x08, 0x17, 0xC6, 0x63, 0xC9, 0x9E, 0x8E, 0x28, 0xED, 0xE0, 0xC9, 0x1C, 0xA2, 0xE0, 0x30,
    0x97, 0x01, 0x88, 0xB7, 0xB7, 0xE0, 0xCF, 0x1B, 0xD2, 0x67, 0xCD, 0x65, 0xC7, 0xEF, 0xFA, 0x0D,
    0x1E, 0x45, 0x92, 0x0C, 0x90, 0x1E, 0xC8, 0x13, 0x45, 0xE3, 0xD9, 0x22, 0x7C, 0xF7, 0x72, 0xE3,
    0x0F, 0x26, 0xD3, 0xD3, 0x50, 0xBF, 0xD5, 0x8B, 0x23, 0x81, 0x57, 0x90, 0x3E, 0xF6, 0x48, 0x6D,
    0x60, 0x9E, 0x37, 0x1F, 0x5E, 0x72, 0xFE, 0xC7, 0x3D, 0x74, 0x00, 0x7A, 0x64, 0xFB, 0x4A, 0xA3,
    0x3E, 0xAB, 0xCD, 0x69, 0x97, 0x15, 0xE4, 0x6E, 0x52, 0x7F, 0x60, 0x43, 0xD1, 0x7D, 0x49, 0xFC,
    0x54, 0xAA, 0xF1, 0x44, 0xA9, 0x4F, 0x46, 0x62, 0xD6, 0xD6, 0xB2, 0x81, 0x98, 0x6D, 0x4F, 0xCC,
    0xB6, 0x23, 0x24, 0xD7, 0x02, 0x33, 0x20, 0xC5, 0x1A, 0xE3, 0x48, 0x90, 0x83, 0x26, 0x04, 0x7F,
    0x2D, 0xF8, 0x9B, 0x64, 0xA6, 0xB7, 0x0D, 0x5B, 0x02, 0x89, 0x24, 0x7E, 0x31, 0x15, 0x10, 0x7F,
    0xE2, 0xCF, 0x46, 0xE2, 0xE7, 0x3B, 0xD1, 0xF8, 0xC6, 0x09, 0xAA, 0x51, 0xF8, 0xDC, 0xD9, 0x2D,
    0x1D, 0xDC, 0x16, 0x6D, 0xB5, 0xC5, 0x1C, 0x28, 0xE6, 0x59, 0x30, 0x4F, 0xE4, 0x73, 0x3C, 0xEE,
    0x60, 0x1E, 0x04, 0x73, 0x2F, 0x98, 0xBB, 0x1D, 0xCC, 0x8D, 0x60, 0xAE, 0x19, 0x49, 0x09, 0xE6,
    0x40, 0xF8, 0xAC, 0x98, 0x95, 0x26, 0x7E, 0x8B, 0x99, 0x9F, 0xD8, 0x8E, 0xAB, 0xDB, 0x0E, 0xE4,
    0x7C, 0xA6, 0xEC, 0x9D, 0x8C, 0xCE, 0x52, 0x27, 0x9E, 0x9D, 0x94, 0xE9, 0x52, 0x66, 0x4B, 0x69,
    0xDB, 0x45, 0x13, 0x35, 0xEB, 0x88, 0x65, 0x29, 0x0B, 0x29, 0x43, 0xAF, 0xCE, 0x47, 0x34, 0x13,
    0x46, 0xC3, 0x98, 0xCA, 0x73, 0xB9, 0xA1, 0x43, 0x29, 0xB3, 0x5E, 0x4B, 0x74, 0x27, 0xF5, 0xDC,
    0x3A, 0x14, 0xDA, 0x2F, 0xC3, 0xA5, 0xA4, 0xBE, 0x60, 0xA9, 0x83, 0xD3, 0x18, 0x91, 0x38, 0x64,
    0x81, 0x51, 0x53, 0x76, 0x5A, 0xBA, 0xA5, 0x34, 0x41, 0xF5, 0x55, 0xC1, 0x05, 0xAE, 0xC1, 0x26,
    0x07, 0xD3, 0xA6, 0x1E, 0xD6, 0x3B, 0x27, 0x83, 0x39, 0x52, 0x55, 0xA1, 0x8C, 0x94, 0x44, 0xF5,
    0x9E, 0xEE, 0x3E, 0x35, 0xEB, 0x2A, 0x52, 0x99, 0x93, 0x6A, 0xA4, 0x01, 0x34, 0xB5, 0x6A, 0xB9,
    0x02, 0xDA, 0x50, 0x46, 0xE1, 0x38, 0xC4, 0x95, 0xFF, 0x0A, 0xAF, 0x6E, 0x98, 0x25, 0x08, 0x13,
    0x83, 0xA7, 0x5E, 0x29, 0x89, 0x84, 0x86, 0x22, 0x6A, 0x9C, 0x1A, 0xAE, 0x50, 0x78, 0x16, 0x18,
    0x1F, 0xC3, 0xB5, 0x5A, 0xCC, 0xA5, 0x09, 0xB6, 0x1A, 0x84, 0xAD, 0xEE, 0xDC, 0xCD, 0x89, 0x28,
    0x7D, 0x09, 0x1E, 0xF7, 0xEE, 0xD3, 0xEA, 0x6C, 0xEB, 0x36, 0xBB, 0x6D, 0x32, 0x54, 0x37, 0x5C,
    0xBC, 0xB2, 0x72, 0x1A, 0x45, 0xFC, 0x7B, 0x73, 0x71, 0xFD, 0xE3, 0x17, 0xC2, 0xA9, 0x8E, 0xA1,
    0x5E, 0xB2, 0x7F, 0x7B, 0xF8, 0x07, 0xB6, 0x7E, 0xD5, 0xAC, 0xCA, 0x8B, 0xEA, 0x3F, 0x6B, 0x5C,
    0x61, 0x3B, 0x78, 0x97, 0xB8, 0xB3, 0xDA, 0x15, 0x7B, 0x7A, 0xEF, 0x9C, 0xFB, 0x86, 0x1D, 0xC9,
    0x18, 0x32, 0xE0, 0x4D, 0x49, 0xDE, 0xAF, 0x8E, 0x17, 0xAD, 0xB5, 0x8E, 0x42, 0x12, 0xF8, 0x3B,
    0x12, 0x09, 0xDC, 0xFF, 0x0F, 0x9F, 0x6C, 0x3E, 0xE7, 0x12, 0x45, 0x1F, 0x14, 0x77, 0x86, 0x3A,
    0x4F, 0x1C, 0x6F, 0xC6, 0x35, 0xEA, 0x2F, 0x67, 0x5C, 0x61, 0x1E, 0xE8, 0x97, 0x13, 0xFA, 0xF2,
    0x39, 0xED, 0x38, 0x03, 0x21, 0x9A, 0x83, 0xB4, 0xF7, 0x25, 0xBD, 0xEA, 0x1F, 0xD3, 0x5D, 0x5B,
    0xAE, 0x94, 0x1A, 0x7D, 0xB9, 0xC5, 0x70, 0xD8, 0xEE, 0xA1, 0x6E, 0xB6, 0xB1, 0xDB, 0xA6, 0xBB,
    0x3A, 0xAD, 0xB3, 0x11, 0xE3, 0xCE, 0xA4, 0x3D, 0x9A, 0xC1, 0xA1, 0x83, 0xCF, 0x54, 0xD9, 0x95,
    0x42, 0x7B, 0xA1, 0x92, 0x10, 0xBA, 0x2E, 0xA1, 0x5D, 0xEC, 0x4B, 0xB1, 0x67, 0x6A, 0xB4, 0x1A,
    0x52, 0x28, 0x53, 0x6A, 0xDE, 0x8E, 0xEA, 0xD6, 0x9E, 0x42, 0xF5, 0xED, 0xB6, 0xA6, 0x7C, 0x15,
    0x4A, 0x0B, 0x09, 0x43, 0x0C, 0xA8, 0x0F, 0xE9, 0x65, 0x14, 0xDA, 0x09, 0x65, 0xF2, 0xC6, 0x93,
    0xA5, 0x49, 0x1B, 0xD1, 0xAC, 0xCE, 0x4C, 0x83, 0x54, 0x3B, 0x49, 0x23, 0x0C, 0x14, 0x1A, 0xA3,
    0x0B, 0x87, 0x03, 0xA3, 0x2D, 0x7E, 0x29, 0x8D, 0x36, 0xE8, 0xAC, 0xF9, 0x84, 0x42, 0xB3, 0x0A,
    0x42, 0x1B, 0x52, 0x4C, 0x20, 0x28, 0xB4, 0x20, 0x68, 0x36, 0x91, 0xA6, 0x92, 0x1A, 0x42, 0xC0,
    0x03, 0x0A, 0x64, 0x12, 0x8F, 0xB4, 0xA4, 0x8E, 0x81, 0x26, 0xD4, 0x15, 0x69, 0x3A, 0x93, 0x26,
    0x9E, 0x34, 0x62, 0x28, 0x4A, 0xE3, 0x52, 0x8B, 0x71, 0x24, 0xB5, 0x42, 0x73, 0xA1, 0xA9, 0x50,
    0xAA, 0xBB, 0xD5, 0x1F, 0x24, 0xFC, 0xDA, 0x75, 0x5E, 0xED, 0x49, 0xE7, 0xF5, 0xF0, 0x5A, 0xF9,
    0xBB, 0x6A, 0x14, 0x1A, 0x31, 0x01, 0x83, 0xB8, 0x0B, 0x5C, 0x06, 0x45, 0xE6, 0x8B, 0x9C, 0x6B,
    0xAF, 0xA6, 0x36, 0x96, 0x54, 0x0C, 0xB8, 0x4A, 0x1D, 0x0D, 0xFE, 0x37, 0x6C, 0x5B, 0xD2, 0x58,
    0xA7, 0x51, 0x79, 0xAB, 0x35, 0xF5, 0x2B, 0x69, 0xA1, 0xD6, 0xD6, 0xB4, 0x65, 0xED, 0x45, 0x7B,
    0xD4, 0xDE, 0x17, 0x24, 0x8C, 0xEE, 0x0F, 0x9D, 0x57, 0x59, 0x7C, 0xB9, 0x9A, 0xF6, 0xE2, 0xDB,
    0x31, 0x0A, 0x19, 0x84, 0xAC, 0x11, 0xD4, 0x26, 0xFE, 0xE4, 0x2B, 0x2F, 0x83, 0xA0, 0x23, 0xEB,
    0x8A, 0xAC, 0xFD, 0x36, 0x8C, 0x22, 0x1C, 0x42, 0xF1, 0x47, 0x7E, 0xBA, 0x75, 0x61, 0x45, 0x22,
    0x5E, 0x90, 0x2C, 0xE6, 0xEB, 0xE6, 0x83, 0x4B, 0x8E, 0x3F, 0x6D, 0xB8, 0x5C, 0x76, 0x1B, 0x4C,
    0x1A, 0x67, 0xCE, 0xBE, 0x2E, 0x19, 0xFE, 0xC7, 0x8C, 0x29, 0xAE, 0x98, 0xB0, 0x75, 0x65, 0x32,
    0xD0, 0xCF, 0xCF, 0x86, 0x0A, 0x1E, 0xB2, 0x2F, 0x24, 0x91, 0xCC, 0x18, 0xA9, 0x1A, 0xF0, 0x95,
    0xE4, 0xE3, 0x8B, 0xAC, 0xAF, 0x1A, 0xD6, 0x41, 0xDD, 0xFE, 0x87, 0x26, 0xA4, 0x43, 0x24, 0x92,
    0xF2, 0x94, 0xB4, 0x65, 0xD5, 0xED, 0x13, 0x17, 0x75, 0xD2, 0x80, 0x60, 0x3B, 0xAA, 0x4C, 0x46,
    0x65, 0x65, 0x54, 0x95, 0xC7, 0xA8, 0x82, 0x89, 0xA3, 0x8A, 0x06, 0x8E, 0x21, 0xE9, 0xC4, 0x70,
    0x37, 0x62, 0xC2, 0x4B, 0xD2, 0x8A, 0xA3, 0xFA, 0x68, 0xE2, 0xA8, 0x3E, 0x1E, 0x38, 0xAA, 0xAF,
    0x3B, 0x8E, 0x0A, 0xA8, 0x25, 0x8B, 0x84, 0x51, 0x65, 0x4C, 0x04, 0x4A, 0xC0, 0xA1, 0x21, 0x88,
    0x6C, 0x07, 0xE0, 0x7D, 0xFA, 0x37, 0x8E, 0x2A, 0x2C, 0x77, 0x38, 0xFE, 0xDE, 0xF1, 0x3A, 0x5A,
    0xA5, 0x4F, 0xAF, 0xBB, 0x12, 0x34, 0xD6, 0xEB, 0x58, 0x75, 0x4F, 0xE1, 0xD6, 0x6C, 0xED, 0x11,
    0x92, 0x86, 0x9C, 0x68, 0x01, 0x0E, 0x03, 0x4F, 0x27, 0x0B, 0x5B, 0x3E, 0xD2, 0xE7, 0xEE, 0x05,
    0x6D, 0x20, 0xA6, 0xE1, 0x88, 0x36, 0xCA, 0xAC, 0xDE, 0x23, 0xC0, 0x69, 0xED, 0x98, 0x8A, 0xBB,
    0x2C, 0xB9, 0xD8, 0xC1, 0x5C, 0x1A, 0x90, 0xC1, 0x7B, 0xC5, 0xE2, 0xF5, 0x66, 0x12, 0x34, 0x7C,
    0x4E, 0xF3, 0xF7, 0xE2, 0x2C, 0x39, 0x9C, 0xF2, 0xB2, 0x80, 0x94, 0x5D, 0x0D, 0xF8, 0x13, 0x0B,
    0xB1, 0x3B, 0x6E, 0xC5, 0xE5, 0x98, 0xE9, 0x50, 0xCC, 0x8E, 0xDA, 0xD0, 0xC5, 0xEC, 0x88, 0x09,
    0x75, 0x62, 0x4E, 0xE7, 0x03, 0x9C, 0x15, 0xF7, 0xD6, 0x4A, 0x4B, 0xE7, 0x9A, 0x71, 0x33, 0xBC,
    0xFC, 0x74, 0x52, 0xCF, 0x85, 0x79, 0x29, 0xDA, 0x78, 0xFA, 0x6F, 0x35, 0xA5, 0x5F, 0x9D, 0x5B,
    0xF7, 0x0F, 0xB6, 0x6C, 0xFF, 0x4B, 0x53, 0xC0, 0xEC, 0x37, 0x95, 0xAB, 0x66, 0x39, 0x7A, 0xE9,
    0xBC, 0x35, 0x67, 0xEE, 0x51, 0xDD, 0x0F, 0x3D, 0x35, 0xB2, 0xA2, 0xCC, 0x89, 0xF8, 0x89, 0x24,
    0x8A, 0xF3, 0x03, 0x11, 0x9D, 0x8D, 0x64, 0xD0, 0xC5, 0x75, 0xDD, 0x25, 0x09, 0x49, 0x3E, 0x2F,
    0xF5, 0xE8, 0x95, 0x2D, 0xDF, 0xDE, 0xBD, 0x57, 0xDE, 0x3B, 0xF7, 0xC7, 0x64, 0xF3, 0x2C, 0x31,
    0x2B, 0xB3, 0xD8, 0x50, 0x23, 0x43, 0xE0, 0x3B, 0x06, 0x6C, 0x54, 0x84, 0xA2, 0x0D, 0xAB, 0x96,
    0x5E, 0x6A, 0x4D, 0xAD, 0x47, 0x55, 0x41, 0xCF, 0x9B, 0xE1, 0xC9, 0x92, 0x8A, 0xA7, 0x1B, 0xED,
    0x88, 0x2A, 0x27, 0xAB, 0x62, 0xDF, 0xE3, 0xB1, 0x63, 0x30, 0x9E, 0xCE, 0x9E, 0x69, 0x5F, 0x9D,
    0xC8, 0x5B, 0x0D, 0x9C, 0xB5, 0x5B, 0xE8, 0x89, 0x64, 0x24, 0xE9, 0x99, 0x68, 0x84, 0x4A, 0x6C,
    0xD6, 0xB1, 0xA3, 0x4C, 0x5B, 0x24, 0x53, 0x55, 0x71, 0x1A, 0xBF, 0xBF, 0xF6, 0x18, 0xAE, 0x83,
    0xF7, 0xC9, 0xE2, 0xF5, 0x71, 0x8E, 0xA8, 0x9D, 0x8E, 0x93, 0xDD, 0x6D, 0xD1, 0xA0, 0xF2, 0xEA,
    0x1F, 0xEA, 0xAE, 0x65, 0xD5, 0x93, 0x25, 0xCD, 0x3E, 0x73, 0x5A, 0x78, 0x83, 0x95, 0x56, 0x99,
    0xB8, 0x1F, 0xDA, 0x31, 0x59, 0x51, 0x56, 0x66, 0xC9, 0xBC, 0x09, 0x04, 0x89, 0xA3, 0x45, 0x41,
    0x70, 0x5A, 0x1F, 0xDF, 0xB8, 0x2C, 0xE7, 0x8C, 0x40, 0x35, 0x94, 0xEE, 0x02, 0xD7, 0xD0, 0x50,
    0x58, 0xBA, 0x49, 0x1F, 0x0F, 0x04, 0xF0, 0x8B, 0x8B, 0x41, 0xE0, 0x8A, 0xE7, 0xB9, 0x8A, 0x3F,
    0x30, 0x9A, 0xB9, 0x15, 0xD5, 0x7F, 0x93, 0xBD, 0x95, 0x59, 0x79, 0x21, 0x08, 0x82, 0x29, 0xE6,
    0x36, 0x72, 0x3A, 0x2A, 0x31, 0x53, 0xDC, 0x9D, 0xD0, 0x2E, 0x44, 0x10, 0x13, 0x41, 0xE2, 0x35,
    0xB6, 0x82, 0xED, 0x7D, 0x78, 0x04, 0xBD, 0x20, 0x70, 0x92, 0x2D, 0xA7, 0x70, 0x83, 0xBC, 0x90,
    0x63, 0xD0, 0xCF, 0x71, 0x17, 0x46, 0x88, 0xFC, 0x57, 0x5E, 0xC4, 0xC3, 0x09, 0x40, 0xC9, 0x01,
    0xA0, 0xE6, 0xD1, 0x01, 0xBA, 0x3E, 0x9B, 0xEB, 0x77, 0xD9, 0xF6, 0xC7, 0x1A, 0xD6, 0x31, 0xF2,
    0x11, 0x17, 0xC0, 0x8F, 0xE4, 0x7C, 0x93, 0x49, 0x0E, 0xAA, 0xA4, 0xED, 0x95, 0x28, 0x8D, 0x9D,
    0x71, 0x5F, 0x4A, 0x77, 0xF5, 0xAC, 0x16, 0xEC, 0x52, 0xF2, 0x70, 0x7A, 0xCA, 0xA0, 0x8E, 0x75,
    0x1F, 0x3B, 0x11, 0xB5, 0x83, 0xAE, 0x7B, 0xF3, 0x4B, 0xFD, 0x6C, 0xB4, 0xF2, 0x29, 0xF4, 0xEB,
    0x08, 0x8F, 0x66, 0x08, 0xA1, 0x19, 0xAE, 0xC3, 0xA0, 0x1F, 0xF9, 0x32, 0x50, 0x85, 0xDB, 0x41,
    0x47, 0xB4, 0x76, 0x0C, 0x4A, 0x75, 0x87, 0x4E, 0x39, 0x1B, 0xD1, 0xE8, 0x73, 0xBC, 0xFF, 0x9E,
    0x9D, 0x1E, 0xEF, 0xF6, 0xCE, 0x46, 0xE4, 0x33, 0x78, 0x55, 0xCB, 0xDE, 0x87, 0x89, 0x27, 0xDD,
    0x36, 0xE4, 0xED, 0xBC, 0xA6, 0xFD, 0xE4, 0xFC, 0x40, 0xBD, 0x16, 0x44, 0xE6, 0x5C, 0x4C, 0x34,
    0x6D, 0x75, 0xC1, 0x9A, 0xE5, 0x19, 0x9A, 0x09, 0x36, 0x2C, 0xCF, 0x84, 0x6D, 0x03, 0xC6, 0xE4,
    0xDA, 0x00, 0xCB, 0x88, 0xAE, 0xCC, 0x69, 0x5B, 0xAB, 0xD2, 0x70, 0xB5, 0xD1, 0x34, 0xB0, 0x23,
    0x47, 0xFA, 0x6D, 0xB2, 0x38, 0x57, 0x60, 0xE1, 0x91, 0x28, 0x71, 0xBB, 0xCE, 0xC2, 0x07, 0x9A,
    0x54, 0x5C, 0xE7, 0xA7, 0xB6, 0xBA, 0xE0, 0x9C, 0x11, 0x88, 0x3B, 0xB5, 0xD1, 0x05, 0xD1, 0x84,
    0xE8, 0x29, 0xE5, 0x89, 0x8D, 0x1D, 0x5D, 0x70, 0xBE, 0x08, 0xE2, 0x1E, 0x92, 0x98, 0x8E, 0x72,
    0xBC, 0x83, 0x26, 0xB1, 0x8B, 0xFB, 0x13, 0x92, 0x78, 0x4E, 0x08, 0xBC, 0x11, 0x6B, 0xCE, 0xEC,
    0xCF, 0x24, 0x22, 0x54, 0xD5, 0x92, 0xF5, 0x33, 0xC6, 0x98, 0x07, 0xCD, 0x58, 0x6C, 0x7E, 0x98,
    0xCD, 0x40, 0x92, 0xBD, 0x58, 0x79, 0x76, 0xB3, 0x35, 0xD9, 0x7D, 0xC3, 0x9F, 0x71, 0x4C, 0xA7,
    0x4E, 0x4B, 0x66, 0x87, 0x39, 0xB9, 0x74, 0xAB, 0xA8, 0x1E, 0x32, 0x8B, 0xB3, 0x7B, 0x6F, 0x32,
    0x38, 0xBB, 0xAE, 0xD6, 0x37, 0xE7, 0xC1, 0x63, 0x62, 0xEC, 0x8B, 0x1B, 0xF4, 0x61, 0x26, 0x9A,
    0x7D, 0xDD, 0x09, 0xA4, 0x5A, 0x6B, 0x99, 0x34, 0x61, 0x8A, 0xF3, 0xB7, 0x78, 0xF1, 0x4C, 0xA4,
    0x79, 0xF5, 0x02, 0x9A, 0x47, 0x93, 0xE1, 0xA2, 0x78, 0x1A, 0xF1, 0x0C, 0x1C, 0x94, 0x02, 0x23,
    0x22, 0xCF, 0xE0, 0x68, 0xEB, 0x1E, 0x08, 0x91, 0x70, 0xCA, 0xB5, 0x90, 0x1C, 0xEE, 0x4F, 0x84,
    0xBA, 0x91, 0xCE, 0x50, 0x42, 0xB6, 0x34, 0x7A, 0x39, 0x5E, 0x62, 0xCC, 0x87, 0x46, 0xCC, 0xCC,
    0x0D, 0xAA, 0xF1, 0xC5, 0xCC, 0xA4, 0x62, 0x66, 0x8A, 0x7C, 0x31, 0x33, 0x9E, 0x0E, 0x81, 0xFF,
    0x99, 0xFA, 0x30, 0xBA, 0xDB, 0x5D, 0x78, 0x2C, 0xAD, 0x9A, 0x6A, 0x04, 0x6E, 0x87, 0xEC, 0xFB,
    0x7F, 0xC3, 0x33, 0x03, 0x92, 0x07, 0xEC, 0xD6, 0xC9, 0x6D, 0xA6, 0x76, 0x65, 0xA4, 0xCB, 0xB1,
    0x92, 0x8D, 0x84, 0x1F, 0xE9, 0xE2, 0xEE, 0x89, 0x4F, 0x1D, 0xA3, 0xC2, 0x72, 0xB7, 0xD9, 0x75,
    0xBA, 0x07, 0x0E, 0x77, 0xE8, 0xC4, 0xF0, 0xAD, 0xB2, 0x44, 0xDE, 0x4A, 0x3D, 0xF9, 0x42, 0xBE,
    0x15, 0x4B, 0x19, 0x6C, 0x79, 0x20, 0x49, 0x6D, 0x85, 0x40, 0x59, 0x90, 0xF4, 0x76, 0x3C, 0x2E,
    0x3B, 0xA0, 0x17, 0x82, 0x20, 0x95, 0x84, 0x06, 0xA5, 0xB1, 0x92, 0x03, 0x1B, 0x29, 0xE2, 0xE5,
    0x21, 0x9C, 0x08, 0xE0, 0xA5, 0x8B, 0x41, 0x60, 0xCB, 0x8C, 0x39, 0x16, 0xAB, 0x36, 0x33, 0x96,
    0xB3, 0x69, 0x0D, 0x82, 0xE2, 0xA4, 0x3E, 0x6A, 0x2E, 0x04, 0xC1, 0x81, 0xBB, 0x11, 0x8C, 0xA7,
    0xB8, 0x1B, 0xE7, 0xCC, 0x83, 0xA8, 0x57, 0x97, 0x77, 0x7D, 0x47, 0xFD, 0x6E, 0x7A, 0xFD, 0xE4,
    0xC1, 0xB6, 0x33, 0xEB, 0x1F, 0xCD, 0xBF, 0x12, 0xE5, 0x29, 0x81, 0xFB, 0x1A, 0x67, 0x42, 0x9C,
    0x29, 0x71, 0x32, 0x75, 0xDB, 0xB8, 0x0A, 0xE8, 0x66, 0xA0, 0xBB, 0x35, 0x82, 0xDC, 0xE9, 0x41,
    0x3E, 0x05, 0xC0, 0x8A, 0x31, 0x8E, 0x83, 0x84, 0x41, 0xC0, 0xD7, 0x38, 0x13, 0xCD, 0x9C, 0x00,
    0x67, 0xF6, 0x09, 0x70, 0x86, 0x46, 0xC4, 0x64, 0xDF, 0x4B, 0x0F, 0x05, 0xD2, 0x5E, 0x78, 0xFA,
    0x68, 0x4E, 0xF2, 0x54, 0x7D, 0xCA, 0x83, 0x07, 0x1A, 0x8B, 0x38, 0xE8, 0x9E, 0x91, 0x67, 0x90,
    0x1A, 0x0A, 0xE8, 0xC6, 0x4B, 0x3F, 0xB0, 0xCC, 0x17, 0x86, 0x60, 0xDF, 0x4B, 0x8F, 0xA6, 0x8C,
    0x27, 0x2F, 0xA2, 0xF1, 0xE2, 0x10, 0xDC, 0x87, 0x65, 0x3E, 0x2F, 0x04, 0x76, 0x3D, 0x0B, 0x91,
    0x24, 0xE3, 0xE6, 0xB5, 0x8B, 0x26, 0x1B, 0x78, 0x7B, 0xD1, 0x35, 0x83, 0xEA, 0x19, 0x41, 0x74,
    0x3A, 0xAD, 0x71, 0x66, 0x03, 0x0F, 0x89, 0x76, 0x3C, 0x23, 0x0A, 0x1D, 0x8E, 0x4F, 0xE8, 0x23,
    0x2C, 0x5D, 0x57, 0x37, 0x99, 0x7A, 0xFF, 0x8B, 0x5F, 0x4E, 0x8A, 0x66, 0x5F, 0x80, 0xC7, 0x29,
    0x4F, 0x8B, 0x72, 0x83, 0x07, 0x9D, 0x75, 0x0B, 0x09, 0x76, 0x36, 0x20, 0xCB, 0x45, 0x69, 0x8A,
    0xA9, 0xCA, 0xE6, 0x25, 0x14, 0xE7, 0x41, 0x4E, 0x90, 0x66, 0xD1, 0xAF, 0xF7, 0x73, 0xF2, 0xEB,
    0x26, 0xCF, 0x23, 0xFE, 0x99, 0x01, 0xEC, 0xE7, 0x1B, 0x7B, 0x33, 0x88, 0x47, 0x0E, 0xAF, 0x9A,
    0xE9, 0x85, 0x85, 0x2F, 0x07, 0xBC, 0x92, 0x17, 0x1C, 0x04, 0x37, 0x4D, 0x4B, 0xFD, 0x82, 0x32,
    0xA3, 0x91, 0xF7, 0xA7, 0x6C, 0xEF, 0x96, 0x9C, 0x74, 0xBC, 0xCF, 0xB3, 0x67, 0xFF, 0x3F, 0xB7,
    0xA2, 0xC9, 0x0F, 0xCE, 0x3D, 0x18, 0x2B, 0x27, 0x2A, 0x6D, 0x9F, 0x32, 0x91, 0x07, 0xC6, 0xBA,
    0x56, 0x02, 0x09, 0xDD, 0x4C, 0xF6, 0x6F, 0x82, 0x31, 0xE8, 0x1D, 0x9F, 0xDC, 0xE6, 0xCE, 0xC6,
    0xDF, 0x69, 0xEB, 0xFF, 0x35, 0x2E, 0x67, 0x6F, 0x53, 0xBF, 0xDE, 0x64, 0x8D, 0x68, 0xF5, 0xC3,
    0x0D, 0x06, 0xB1, 0x82, 0xE1, 0xE6, 0x74, 0x31, 0x5D, 0xD0, 0x9C, 0x1F, 0xE4, 0x7A, 0x04, 0x82,
    0xA9, 0x29, 0xE6, 0x57, 0xFF, 0x07, 0xCD, 0x5C, 0x3B, 0x93, 0xE5, 0x46, 0x15, 0x6E, 0x49, 0xB5,
    0xA3, 0xAA, 0x55, 0x20, 0x02, 0x28, 0xB0, 0x37, 0x50, 0x4E, 0xA2, 0x3F, 0x80, 0xDD, 0xA2, 0x08,
    0x09, 0xEC, 0x00, 0x62, 0x12, 0x12, 0x93, 0xEC, 0x3F, 0x40, 0x2A, 0x08, 0x09, 0x98, 0x7F, 0x00,
    0x81, 0x03, 0xE3, 0xC4, 0x0E, 0x09, 0x8C, 0xA5, 0xDD, 0x0D, 0x08, 0x1C, 0x58, 0xE0, 0x80, 0x80,
    0x00, 0x01, 0x9B, 0x5B, 0x94, 0x05, 0xD6, 0xDA, 0x92, 0x9A, 0xF3, 0x7D, 0x47, 0xBA, 0x57, 0xF7,
    0x31, 0xB3, 0x33, 0xB3, 0x77, 0x3C, 0xB3, 0x7B, 0x75, 0x34, 0x73, 0xD5, 0xEA, 0xC7, 0xD7, 0xA7,
    0x4F, 0x9F, 0x57, 0x8F, 0x89, 0x9D, 0xAB, 0x8C, 0x39, 0xA4, 0x3B, 0xFF, 0xDC, 0xB0, 0xA1, 0x9E,
    0x1B, 0x85, 0x06, 0xCE, 0x81, 0x4E, 0xA0, 0xD1, 0xE0, 0x0A, 0x79, 0x6B, 0xE0, 0xBB, 0x7D, 0x2E,
    0x34, 0xED, 0x6C, 0x63, 0x8C, 0x6D, 0x6D, 0x6B, 0x4C, 0xDE, 0xA4, 0x9D, 0x31, 0x65, 0x9D, 0xF4,
    0x52, 0x41, 0x15, 0x0F, 0x52, 0x41, 0x11, 0x8D, 0xC6, 0x77, 0xCE, 0x4D, 0xA8, 0x46, 0x2A, 0x0A,
    0x41, 0xB3, 0x08, 0x14, 0x05, 0xA4, 0x58, 0x02, 0x5A, 0x5B, 0x79, 0xA5, 0x6C, 0x6D, 0x87, 0xAA,
    0x72, 0xA9, 0xCA, 0xF6, 0x4E, 0xAA, 0x4D, 0x07, 0x79, 0xAB, 0x35, 0x7B, 0x44, 0xFF, 0x3D, 0x9E,
    0x32, 0x13, 0xE1, 0x57, 0x19, 0xC3, 0x80, 0x7A, 0xA5, 0x89, 0xF3, 0x88, 0x5D, 0x9D, 0x89, 0x57,
    0x4A, 0x83, 0x31, 0x5A, 0xB5, 0x20, 0x65, 0x27, 0xDF, 0xB9, 0x1A, 0xA4, 0x22, 0x91, 0xC2, 0xAE,
    0x49, 0xE5, 0x81, 0x16, 0x19, 0x9D, 0x49, 0x5C, 0xEB, 0xA4, 0xBB, 0x45, 0x29, 0xA3, 0xAB, 0x8C,
    0x74, 0x2C, 0x6E, 0x42, 0xA1, 0xD2, 0x4C, 0x67, 0x96, 0xB6, 0x1D, 0x10, 0x30, 0x8F, 0x5E, 0xEC,
    0xC1, 0x66, 0xF2, 0x09, 0xB4, 0x74, 0x44, 0xCF, 0x11, 0x3D, 0x94, 0xF4, 0x5D, 0x59, 0x01, 0xBD,
    0xBC, 0x36, 0x26, 0x1C, 0x81, 0x55, 0x34, 0x00, 0xAB, 0x78, 0x00, 0x56, 0x49, 0x0F, 0xAC, 0x6C,
    0x07, 0x28, 0x6C, 0x2B, 0x58, 0x09, 0x86, 0xA1, 0x33, 0xDA, 0x4D, 0x43, 0xAC, 0x7C, 0x62, 0x15,
    0x6C, 0x69, 0x13, 0x49, 0x4B, 0x79, 0x1B, 0x8F, 0x78, 0x11, 0xE8, 0xD9, 0x3E, 0x95, 0x4A, 0x92,
    0x01, 0xE8, 0xC5, 0x23, 0xD0, 0x8B, 0xA7, 0xB8, 0x96, 0xEE, 0xC7, 0x9D, 0x3F, 0x68, 0xE7, 0xB5,
    0xEF, 0xEC, 0xD0, 0xB6, 0xE7, 0x40, 0x30, 0xDE, 0x20, 0x18, 0x03, 0xC1, 0xF0, 0x84, 0x08, 0x1A,
    0x3B, 0x29, 0x30, 0x84, 0x44, 0xCA, 0x64, 0x0A, 0x4D, 0x45, 0x6C, 0x80, 0x8A, 0x14, 0x04, 0x20,
    0x82, 0x0E, 0x10, 0x11, 0x78, 0x00, 0x89, 0xE0, 0x03, 0x4C, 0x04, 0x20, 0x80, 0x22, 0x08, 0x01,
    0x15, 0x61, 0x33, 0xC0, 0x22, 0x18, 0xB1, 0x6B, 0x79, 0xE3, 0xA3, 0x36, 0x62, 0xB2, 0xDC, 0x3C,
    0x62, 0xA3, 0x6C, 0xD6, 0x72, 0x04, 0x82, 0x07, 0x46, 0x23, 0xAC, 0x05, 0xAC, 0x52, 0x19, 0x22,
    0x66, 0x74, 0xC4, 0x4F, 0x32, 0x28, 0x7C, 0xCF, 0xE7, 0xE8, 0x40, 0xC7, 0x5B, 0xDC, 0xF0, 0x96,
    0xEA, 0x92, 0xB0, 0x85, 0xDE, 0xE6, 0xDF, 0xB4, 0x64, 0xA2, 0x37, 0x5F, 0x6E, 0x8F, 0xDD, 0x21,
    0x03, 0x36, 0x31, 0x9E, 0x87, 0x57, 0xC4, 0x30, 0x04, 0x7C, 0xC9, 0x0C, 0x5F, 0x0E, 0xF8, 0x52,
    0xC0, 0x77, 0xA6, 0xF0, 0x81, 0xFF, 0x4C, 0x00, 0x60, 0x22, 0xF4, 0x4B, 0x66, 0x74, 0xEE, 0x61,
    0x8C, 0x41, 0x87, 0xC4, 0x11, 0x28, 0x7A, 0xEF, 0x17, 0x68, 0xA8, 0xE0, 0xD8, 0x80, 0x14, 0x00,
    0xC2, 0xC3, 0xC9, 0x1C, 0xFC, 0xF3, 0xCA, 0xAF, 0x32, 0x69, 0x44, 0x3A, 0x0D, 0x94, 0x80, 0x95,
    0xF4, 0xB8, 0x08, 0xAB, 0x14, 0x6F, 0x02, 0x10, 0x03, 0xF6, 0x31, 0x25, 0x9A, 0x71, 0x68, 0x90,
    0xAD, 0xEC, 0x93, 0x7A, 0x29, 0xC2, 0xC2, 0x60, 0x3B, 0xC3, 0x0A, 0xA4, 0xAA, 0xB3, 0x06, 0x2B,
    0xBC, 0xF1, 0x39, 0x17, 0xB9, 0x93, 0xA2, 0x67, 0xEE, 0xAB, 0xB9, 0x90, 0xFC, 0x82, 0x69, 0xC3,
    0x8A, 0x4A, 0xE4, 0xED, 0x07, 0x99, 0xF6, 0xE9, 0x91, 0x2B, 0x64, 0xEE, 0x3A, 0x40, 0x99, 0xC8,
    0x5B, 0x76, 0xF0, 0x0A, 0xD4, 0x8B, 0x06, 0xD0, 0x12, 0x67, 0x78, 0xB9, 0x6A, 0xFD, 0x9E, 0x12,
    0x62, 0xF0, 0x3E, 0xC4, 0x48, 0xC0, 0xC1, 0x3E, 0x46, 0x94, 0x0A, 0x3B, 0x1B, 0xC5, 0x02, 0xAB,
    0x0C, 0x4B, 0x36, 0xF9, 0x12, 0x2B, 0xEA, 0x89, 0x03, 0x16, 0xB6, 0xBA, 0x2F, 0x60, 0x58, 0x01,
    0xA0, 0x9C, 0xC0, 0xB0, 0x59, 0x38, 0xD8, 0x3A, 0x69, 0xE3, 0xF6, 0x41, 0xE6, 0xBD, 0x7D, 0x7A,
    0x30, 0x6C, 0x76, 0xD8, 0x5F, 0x9B, 0xDD, 0x1B, 0xA6, 0x08, 0x29, 0x06, 0xB7, 0x57, 0xD8, 0x6E,
    0xFB, 0xB4, 0x8F, 0xC3, 0xE8, 0x9D, 0xDF, 0x18, 0x87, 0xF7, 0xCC, 0xD9, 0xB9, 0x29, 0x33, 0x5B,
    0x1B, 0xFB, 0x4F, 0x07, 0x91, 0x37, 0x81, 0x47, 0x7A, 0x48, 0xA1, 0xF6, 0xBE, 0x80, 0x91, 0xD4,
    0xFE, 0x10, 0xF5, 0x22, 0xB0, 0x9D, 0x6C, 0x14, 0x90, 0xD3, 0x90, 0x37, 0x0F, 0x7E, 0x72, 0xF2,
    0x15, 0x12, 0xF4, 0xB2, 0x10, 0x3C, 0xF7, 0x43, 0xA9, 0x3D, 0xFF, 0x3B, 0xA4, 0x22, 0x96, 0x49,
    0x8C, 0x05, 0xE3, 0xBF, 0x5F, 0xAC, 0xB5, 0x00, 0x27, 0xC0, 0x49, 0x17, 0x7B, 0xDD, 0x84, 0x40,
    0x6A, 0x57, 0x9D, 0x89, 0x78, 0xAA, 0x4C, 0xDE, 0x0B, 0x49, 0xA0, 0x03, 0xC4, 0xA3, 0x90, 0x68,
    0x12, 0x12, 0x42, 0x04, 0x07, 0x47, 0x08, 0x1F, 0xB0, 0x08, 0x0B, 0xA7, 0x78, 0x2D, 0xEF, 0x20,
    0xFB, 0x5A, 0xCA, 0x6D, 0x6A, 0x05, 0x0E, 0x7B, 0x94, 0x73, 0x5F, 0xE9, 0x0E, 0xF1, 0x44, 0xF7,
    0xD0, 0xA7, 0x94, 0x5F, 0xEE, 0x99, 0xEA, 0x23, 0xCF, 0x7A, 0xDE, 0xFE, 0xCC, 0x19, 0x9B, 0x95,
    0x16, 0x15, 0x81, 0x0D, 0x6E, 0x81, 0x1B, 0x66, 0x7D, 0x06, 0x37, 0x3B, 0xDF, 0x06, 0x4A, 0xC9,
    0xB2, 0xF5, 0x08, 0x4D, 0xB3, 0x20, 0x34, 0x83, 0x55, 0x1E, 0xDE, 0xEA, 0x75, 0x91, 0xF9, 0x3D,
    0xDB, 0x87, 0xAB, 0x3A, 0xE7, 0x16, 0x42, 0x37, 0xE4, 0xDA, 0xBA, 0xD5, 0x2F, 0x9F, 0xEB, 0xA3,
    0x82, 0xB4, 0x23, 0x1D, 0xC1, 0xD5, 0x8F, 0x1D, 0x68, 0xE8, 0x0A, 0xAA, 0x43, 0xAA, 0xF3, 0xD4,
    0xA0, 0x65, 0x03, 0x9A, 0xB7, 0xDC, 0x19, 0x8E, 0x50, 0x7D, 0xBA, 0x2D, 0xC9, 0xB7, 0x7C, 0xD6,
    0x10, 0xB9, 0x4C, 0x68, 0xAE, 0xDB, 0x0A, 0x77, 0x6E, 0xDD, 0x85, 0xC8, 0xDC, 0xEE, 0xF7, 0x5B,
    0x6C, 0x74, 0x12, 0xDC, 0x3E, 0xD9, 0x3E, 0x05, 0x78, 0x21, 0xA0, 0x4B, 0x30, 0x2C, 0x0E, 0x31,
    0xEF, 0x23, 0x57, 0x95, 0xC2, 0x30, 0x95, 0xAB, 0xA5, 0xC3, 0x52, 0xE8, 0x90, 0x00, 0x1F, 0x16,
    0xC9, 0x81, 0x0D, 0x5F, 0x63, 0x05, 0xA1, 0x03, 0x6B, 0x94, 0x75, 0x5E, 0x41, 0xB1, 0x5C, 0x5F,
    0x5B, 0xBE, 0x72, 0xCD, 0xEA, 0xAA, 0x77, 0x78, 0x77, 0xB9, 0x94, 0x2D, 0xB6, 0xD7, 0xB1, 0x32,
    0xDB, 0xB2, 0xF5, 0xBA, 0xCE, 0x8B, 0xF5, 0xC5, 0x44, 0x18, 0xDA, 0xC3, 0xAF, 0x11, 0x30, 0x4B,
    0x08, 0xB2, 0xF4, 0x3E, 0xCB, 0x1B, 0xD1, 0x52, 0x4B, 0x8C, 0x68, 0xC3, 0x8F, 0x6B, 0xC2, 0x49,
    0xAE, 0x37, 0x2B, 0x79, 0x34, 0x8F, 0xF4, 0x5D, 0xA8, 0xB0, 0xD4, 0x39, 0xB0, 0x3C, 0x1B, 0x63,
    0x65, 0xA7, 0xB6, 0x45, 0xD2, 0xCA, 0x7A, 0xAB, 0x63, 0x6A, 0x6A, 0xC2, 0xBD, 0x8F, 0x9F, 0xAF,
    0xD6, 0x13, 0xF9, 0x7D, 0x7B, 0x5D, 0x3C, 0x96, 0xED, 0x75, 0xF9, 0xB8, 0x77, 0xEA, 0xA3, 0xBA,
    0x1A, 0xB7, 0x97, 0xEA, 0x7B, 0xB7, 0x84, 0xC0, 0xA4, 0x08, 0x98, 0x04, 0x8B, 0xA4, 0xDD, 0x5E,
    0xC9, 0xEE, 0x86, 0x7B, 0xDB, 0x33, 0xAF, 0xDB, 0x07, 0x75, 0xC6, 0x2D, 0x09, 0x77, 0x05, 0xFC,
    0xED, 0x22, 0x70, 0xDB, 0x73, 0x2C, 0xD2, 0x5A, 0x04, 0xE4, 0xC7, 0xB2, 0x47, 0xC9, 0xD0, 0x44,
    0x90, 0x9B, 0x00, 0x77, 0xF9, 0x9E, 0xFB, 0x58, 0xDA, 0x5E, 0x32, 0x3C, 0xFF, 0x95, 0x59, 0x1C,
    0xE2, 0x37, 0xA4, 0xF6, 0x89, 0xE2, 0xE8, 0x88, 0xF0, 0xFC, 0xA2, 0x4F, 0x58, 0xEC, 0x6D, 0xC9,
    0x48, 0x1D, 0x5E, 0x76, 0xDA, 0xA8, 0xB5, 0x8D, 0x88, 0x80, 0x17, 0x2E, 0xC3, 0x32, 0xF0, 0x60,
    0x4B, 0xFE, 0xE2, 0xF7, 0xDF, 0x18, 0x23, 0xC4, 0x32, 0x99, 0xA2, 0x64, 0x46, 0x90, 0xB7, 0x18,
    0x51, 0x8E, 0x42, 0x29, 0xA4, 0xDE, 0xB2, 0x9F, 0xDE, 0xFA, 0x52, 0x30, 0xDF, 0xC7, 0x70, 0x81,
    0x99, 0x8F, 0xEF, 0xA2, 0x51, 0x24, 0x73, 0xD2, 0xCA, 0xCE, 0x9E, 0x17, 0xD1, 0xA1, 0xCA, 0xF1,
    0x81, 0x3B, 0x47, 0x35, 0x13, 0xEC, 0x80, 0x11, 0x02, 0x7A, 0xC0, 0x86, 0xFC, 0x47, 0x9A, 0x1A,
    0xD0, 0x15, 0x0F, 0x35, 0x8E, 0xC8, 0xA9, 0x58, 0x5D, 0x91, 0x5A, 0x38, 0xA1, 0x84, 0xF9, 0x93,
    0x43, 0xEA, 0x59, 0x88, 0x00, 0xD1, 0x38, 0x02, 0x07, 0xE5, 0xC5, 0xD1, 0xEA, 0xA6, 0x81, 0xA4,
    0x46, 0x88, 0xF4, 0xEA, 0x5C, 0xAD, 0x05, 0x9A, 0x35, 0x90, 0xCF, 0xFE, 0x24, 0x0C, 0x14, 0x75,
    0xA2, 0x9C, 0x8B, 0x5E, 0xBE, 0xE0, 0x54, 0xD6, 0xA5, 0x6E, 0x0F, 0xF1, 0x66, 0x7B, 0xB0, 0x7B,
    0xDB, 0x43, 0x7D, 0xC1, 0xF6, 0xC0, 0xA7, 0x2C, 0xC7, 0x37, 0xEC, 0xA6, 0xB3, 0xA1, 0x7B, 0x81,
    0x3D, 0xE2, 0x2F, 0x00, 0x93, 0xFB, 0xAB, 0xAF, 0xFB, 0x77, 0xF5, 0x86, 0x80, 0x50, 0xD8, 0xB9,
    0x8F, 0x23, 0x48, 0x2B, 0xAA, 0x11, 0xF4, 0xD8, 0xD7, 0x8C, 0x77, 0x2E, 0xE6, 0x98, 0x2C, 0xE6,
    0x14, 0x0B, 0x3D, 0x9E, 0x95, 0x0B, 0x20, 0xD3, 0x99, 0x2B, 0xC1, 0x59, 0x7B, 0x1F, 0x26, 0xD3,
    0x85, 0x70, 0xC6, 0x27, 0x80, 0x33, 0x90, 0x41, 0x8B, 0x1D, 0xE9, 0xE3, 0x37, 0xB8, 0x4D, 0xC0,
    0x57, 0xF2, 0x54, 0x5A, 0x39, 0x9B, 0xB2, 0xBB, 0x80, 0xF3, 0x4D, 0x28, 0x9B, 0x47, 0xE1, 0x54,
    0xC9, 0x4C, 0x93, 0x7B, 0x4B, 0x92, 0xCA, 0x9C, 0x80, 0x31, 0x4F, 0x81, 0xA4, 0x5A, 0xE3, 0x7B,
    0x82, 0x3C, 0xD8, 0x9D, 0xE8, 0x7B, 0xC2, 0x98, 0x77, 0xB5, 0x74, 0x57, 0xFF, 0x52, 0xCE, 0x60,
    0xB3, 0x38, 0x2A, 0x72, 0x28, 0xF1, 0xF4, 0x1E, 0xFC, 0x69, 0x71, 0x21, 0xF8, 0xDC, 0x08, 0x41,
    0xA2, 0xFE, 0xF4, 0x20, 0xE6, 0x37, 0x06, 0xB1, 0x9B, 0x41, 0xA4, 0xB7, 0x24, 0x56, 0x15, 0x5B,
    0xC6, 0x51, 0xFE, 0xB6, 0x13, 0x61, 0xE4, 0x8F, 0xC6, 0x7F, 0xD7, 0xBC, 0xB3, 0xD6, 0x1F, 0x2A,
    0xF5, 0x3B, 0x5E, 0x8D, 0x60, 0x2A, 0xF6, 0xC9, 0xB5, 0x2A, 0xD8, 0x10, 0xF3, 0x3A, 0xB7, 0xAE,
    0x52, 0x1D, 0xA2, 0x13, 0xF7, 0x38, 0x38, 0x9F, 0xE2, 0x4E, 0x0C, 0x4A, 0x01, 0xFD, 0x40, 0xA0,
    0x73, 0x39, 0x5D, 0x91, 0x42, 0x7E, 0xD9, 0x2F, 0x20, 0xCA, 0xD4, 0xBC, 0xB0, 0x64, 0x07, 0x2B,
    0x13, 0xDE, 0x80, 0x7F, 0xCA, 0x16, 0x26, 0xA7, 0xB0, 0x85, 0x30, 0x85, 0xBC, 0xF2, 0xCA, 0x1F,
    0x7A, 0xC5, 0x66, 0xE7, 0x18, 0x0D, 0xDC, 0x59, 0xB5, 0x38, 0xBC, 0xED, 0x96, 0xDC, 0xDC, 0x66,
    0xDF, 0xDA, 0xD1, 0xDB, 0xD1, 0x17, 0x6E, 0x7E, 0x53, 0x42, 0x54, 0xF6, 0x48, 0xB0, 0x72, 0xAF,
    0x9D, 0xC1, 0xB1, 0x9C, 0xC2, 0x9F, 0x56, 0xAA, 0xB5, 0xDE, 0x07, 0xAE, 0xC9, 0x87, 0x00, 0x7E,
    0xE5, 0x00, 0x66, 0x52, 0x00, 0xFB, 0xEB, 0xFA, 0xC4, 0xEB, 0x8D, 0xD8, 0xDB, 0xBF, 0xEA, 0x64,
    0x71, 0xB7, 0x16, 0x36, 0x77, 0x08, 0x16, 0xFE, 0x78, 0x33, 0xC9, 0x81, 0x3A, 0x07, 0x78, 0xC9,
    0xE2, 0x2F, 0x76, 0x1C, 0x19, 0x37, 0xB9, 0xA4, 0x8E, 0x75, 0x9D, 0xDE, 0x68, 0x7A, 0xB4, 0x0F,
    0xDB, 0x3D, 0xDD, 0xB4, 0xFF, 0xCB, 0x2D, 0x87, 0x9D, 0xE8, 0xE2, 0xE2, 0x98, 0x3F, 0x8B, 0x7A,
    0x36, 0xFF, 0x9A, 0xC2, 0x9A, 0x32, 0xD7, 0xFA, 0xA4, 0xD0, 0xC0, 0x86, 0xC3, 0x8F, 0xCE, 0xD7,
    0xCD, 0x3E, 0x62, 0xD6, 0x54, 0x52, 0x73, 0x25, 0x12, 0x36, 0xB3, 0x74, 0xA5, 0xF6, 0xC6, 0x2B,
    0xB7, 0x32, 0xD0, 0xAA, 0x48, 0xE1, 0x15, 0xB9, 0xFE, 0x12, 0x3D, 0xF1, 0x6A, 0x17, 0xEA, 0x58,
    0xD7, 0xD9, 0xC9, 0xD6, 0x38, 0x9A, 0xFC, 0x68, 0xFB, 0x60, 0xC2, 0x53, 0x5D, 0xA7, 0xC2, 0x1D,
    0x8E, 0x62, 0x51, 0xCA, 0x73, 0xFA, 0x7F, 0x1D, 0x23, 0x39, 0xB9, 0x58, 0x85, 0x43, 0x5C, 0x23,
    0x48, 0x63, 0x5B, 0xFA, 0x91, 0x8D, 0xFE, 0xFC, 0xB2, 0xFF, 0x71, 0x65, 0xB3, 0x8F, 0xCD, 0x28,
    0x35, 0xB9, 0x21, 0x17, 0x8D, 0x5A, 0x0C, 0x8F, 0x4D, 0x9B, 0xDE, 0xB0, 0xB6, 0xED, 0x4E, 0xC4,
    0x33, 0xD5, 0x95, 0xFE, 0x3B, 0xAC, 0xD1, 0x35, 0xBD, 0x41, 0xB3, 0x37, 0xF8, 0x68, 0x2B, 0x87,
    0xAD, 0x2F, 0xD2, 0x48, 0x77, 0x32, 0x43, 0x45, 0x33, 0x26, 0xD3, 0xC7, 0x34, 0x9B, 0xE8, 0x5E,
    0x33, 0xF1, 0x04, 0x63, 0x29, 0xEC, 0xE0, 0xC1, 0x59, 0x2E, 0x9B, 0x6D, 0xF5, 0x9A, 0xF5, 0xF7,
    0xAF, 0x7A, 0xED, 0x8A, 0x16, 0x44, 0x3E, 0xA4, 0x23, 0x31, 0x9D, 0x44, 0xB5, 0x41, 0xF8, 0xE8,
    0xE1, 0x7B, 0x1A, 0x9E, 0x29, 0x5D, 0x26, 0x46, 0x52, 0x1D, 0x0E, 0x49, 0x1B, 0x37, 0xC1, 0x76,
    0x46, 0x5F, 0x55, 0x9A, 0x5D, 0xE5, 0x42, 0xE8, 0x2A, 0xEF, 0xA5, 0x0B, 0x10, 0xA0, 0x35, 0xE3,
    0x43, 0xF9, 0x73, 0xEC, 0xB1, 0x50, 0x85, 0x3A, 0x22, 0x68, 0xFF, 0xE2, 0x44, 0x99, 0x59, 0x79,
    0xEE, 0x5F, 0x71, 0x6D, 0x5F, 0x74, 0xF9, 0xDC, 0x5A, 0x0A, 0xC6, 0xED, 0xA0, 0xBC, 0xD3, 0xB3,
    0x3A, 0x3B, 0x2B, 0x4B, 0xB1, 0xE3, 0x3D, 0x58, 0xA9, 0x81, 0x2B, 0xA0, 0xE4, 0xC8, 0x03, 0x01,
    0x14, 0xDA, 0x0F, 0x3C, 0x95, 0xA2, 0x0C, 0x3D, 0xC3, 0x8B, 0x9F, 0xE2, 0xCD, 0xCF, 0x07, 0x3A,
    0x4E, 0xB9, 0x6B, 0x2D, 0x5B, 0x57, 0x87, 0x22, 0x35, 0x0A, 0x8B, 0x72, 0x85, 0x70, 0xE7, 0x38,
    0xC7, 0xCD, 0xB4, 0x3E, 0x5F, 0xB5, 0xAA, 0x76, 0xF6, 0x8A, 0x32, 0x36, 0xB5, 0xDD, 0x64, 0xC0,
    0x49, 0x9C, 0x95, 0x10, 0x7C, 0x44, 0x4D, 0x23, 0xAE, 0x2F, 0x70, 0x39, 0xEF, 0x13, 0xF6, 0x59,
    0x4C, 0x5A, 0xE9, 0xF3, 0xB8, 0x34, 0x0E, 0x27, 0xC5, 0x53, 0xB4, 0xF7, 0x09, 0xFA, 0xF7, 0x0F,
    0x76, 0x17, 0x12, 0x53, 0x0D, 0x16, 0xED, 0xB3, 0x0C, 0xA6, 0xA1, 0x8E, 0x97, 0xB7, 0xCB, 0x50,
    0x85, 0x75, 0xE7, 0xAA, 0xE6, 0xEE, 0x36, 0xAB, 0x4E, 0xC6, 0x64, 0x71, 0x9A, 0x10, 0xCD, 0x12,
    0x3C, 0x83, 0x53, 0x00, 0xE5, 0x6A, 0xBC, 0x21, 0xA3, 0x8C, 0x26, 0x0D, 0xF4, 0x4A, 0x37, 0xDA,
    0x59, 0x85, 0x7C, 0x2A, 0xD3, 0xED, 0x3E, 0x99, 0x36, 0xDD, 0x18, 0x76, 0x7A, 0xD0, 0x1D, 0xEB,
    0x41, 0x80, 0x1E, 0xCC, 0x2E, 0xC9, 0x16, 0xBA, 0x91, 0x37, 0x2B, 0x03, 0xE8, 0x02, 0x94, 0xB1,
    0xEF, 0xEF, 0x69, 0x61, 0x27, 0xBD, 0x04, 0x24, 0xB9, 0xA6, 0xE5, 0x82, 0x89, 0x0F, 0x2F, 0x7E,
    0x11, 0x8E, 0x26, 0xE9, 0xB6, 0x3C, 0x7A, 0x0A, 0x35, 0x6D, 0xFB, 0x39, 0x39, 0xAF, 0x8B, 0xDA,
    0x0D, 0x25, 0x69, 0xB9, 0x76, 0xCC, 0x88, 0xB4, 0x51, 0x23, 0x02, 0xB3, 0x97, 0x5F, 0x75, 0x8B,
    0xD8, 0xFD, 0x4F, 0xF9, 0xD7, 0x25, 0x6D, 0x5A, 0xDB, 0xCA, 0x62, 0xCA, 0x46, 0x61, 0x1C, 0x59,
    0x45, 0x11, 0xC4, 0x5E, 0x23, 0x57, 0x75, 0xCA, 0xDE, 0x23, 0x52, 0x80, 0x30, 0x01, 0x62, 0x04,
    0x08, 0x10, 0x20, 0x3A, 0x70, 0x4B, 0x12, 0xE2, 0x25, 0x57, 0x52, 0x81, 0xB5, 0xB7, 0x57, 0x52,
    0x5D, 0x6B, 0x1C, 0x95, 0x79, 0xC9, 0xE7, 0x59, 0xE7, 0x3E, 0x1D, 0xE6, 0xCF, 0xB3, 0xEE, 0xF2,
    0xC2, 0x6B, 0xF5, 0xF8, 0x42, 0xF2, 0x3D, 0x90, 0x8F, 0x40, 0xA6, 0x39, 0xC3, 0x83, 0x11, 0xB1,
    0x84, 0x71, 0x0F, 0xB7, 0x44, 0xED, 0xE9, 0x1D, 0xFA, 0xEE, 0xD1, 0x0A, 0x1C, 0x74, 0x6E, 0x75,
    0xB8, 0x6F, 0xC8, 0xE5, 0xFB, 0xA7, 0x14, 0xE8, 0x02, 0x6C, 0x98, 0xA2, 0x54, 0x17, 0x25, 0x02,
    0xDE, 0xA8, 0xFF, 0xBB, 0x17, 0x94, 0x87, 0xE5, 0x58, 0x73, 0x4F, 0xA5, 0xC7, 0x82, 0x62, 0x91,
    0x66, 0xAE, 0xD1, 0x3C, 0x82, 0xF7, 0xF6, 0xD3, 0x56, 0x60, 0x49, 0x55, 0x74, 0xBA, 0x54, 0x18,
    0x93, 0x50, 0x29, 0x08, 0x5A, 0x91, 0xD6, 0xA0, 0xB0, 0xA7, 0x2A, 0x67, 0x11, 0x03, 0x73, 0x22,
    0x88, 0x85, 0x22, 0x0F, 0xA0, 0x72, 0x22, 0x59, 0x84, 0xC2, 0x25, 0x50, 0x21, 0x24, 0x0F, 0x9A,
    0x77, 0xA0, 0x76, 0x00, 0x8D, 0x27, 0xD0, 0xC8, 0x81, 0x8A, 0xA1, 0x51, 0xD1, 0xD7, 0x57, 0x51,
    0x58, 0x55, 0x34, 0xDD, 0x40, 0x53, 0xD2, 0x98, 0x94, 0x01, 0xA3, 0x74, 0xB1, 0xFF, 0x3D, 0xB8,
    0xE1, 0x29, 0xCB, 0x63, 0xEC, 0xF6, 0x4B, 0xDC, 0xDB, 0x88, 0x95, 0x27, 0x52, 0xEE, 0x2D, 0xE9,
    0xF3, 0x12, 0x04, 0x13, 0x01, 0x87, 0x80, 0x8A, 0xA3, 0x01, 0xDE, 0x5C, 0x64, 0x80, 0x5F, 0x95,
    0xDC, 0x3B, 0x44, 0x76, 0x9D, 0x0F, 0x66, 0xCE, 0x5F, 0x58, 0x66, 0x94, 0xE1, 0x3E, 0x6A, 0x95,
    0xB7, 0x0C, 0xCC, 0xAA, 0x17, 0x5B, 0xB7, 0x08, 0x77, 0x30, 0xA6, 0x57, 0xC0, 0x13, 0xE6, 0x4D,
    0xFC, 0xA2, 0xAC, 0x98, 0xE2, 0xF4, 0x3F, 0xA6, 0x3E, 0xCD, 0xC9, 0x50, 0x94, 0x99, 0xEF, 0x9F,
    0xDF, 0x6F, 0xEE, 0x53, 0x1F, 0xF8, 0xB8, 0xEF, 0x03, 0x17, 0x9C, 0x1F, 0xFC, 0xF4, 0x9B, 0xE1,
    0x3E, 0xAA, 0x05, 0xD8, 0x19, 0x17, 0x1F, 0x15, 0xB7, 0x17, 0xDD, 0xA7, 0x85, 0x3E, 0x1B, 0xCE,
    0x5C, 0x96, 0xFF, 0x5A, 0xB6, 0xD4, 0xB6, 0x0C, 0x26, 0x6C, 0xFF, 0x01, 0x23, 0xA6, 0x01, 0x42,
    0xDC, 0xF0, 0x17, 0x45, 0xA0, 0x45, 0x08, 0x9A, 0x9D, 0x42, 0x7B, 0xDF, 0x99, 0x21, 0xA7, 0xB4,
    0xD8, 0xCE, 0x8D, 0xE3, 0xDC, 0x94, 0x03, 0x67, 0x68, 0xD2, 0xB9, 0xC1, 0xAC, 0x84, 0x9C, 0x15,
    0xDF, 0xB5, 0x9C, 0x9B, 0x9E, 0x73, 0x33, 0x82, 0xA6, 0x9C, 0x8F, 0x98, 0x73, 0x10, 0x90, 0xCE,
    0xB3, 0x52, 0xAE, 0x66, 0x65, 0x33, 0x1F, 0x8E, 0x8E, 0x30, 0x8D, 0xBC, 0xBA, 0x25, 0x3F, 0x67,
    0x56, 0x1A, 0x72, 0x4D, 0x88, 0x2A, 0x98, 0x67, 0x96, 0x81, 0x4E, 0x64, 0x37, 0x46, 0x5C, 0xA0,
    0x0C, 0x79, 0xE5, 0x32, 0x51, 0x1F, 0x6C, 0x26, 0x6A, 0xE0, 0x44, 0x79, 0xAA, 0xD2, 0xBD, 0xEA,
    0x6A, 0xD8, 0x90, 0xAD, 0xC7, 0x8E, 0xA1, 0x43, 0x0D, 0x15, 0x8F, 0xB3, 0x07, 0xF3, 0x2A, 0xD9,
    0x83, 0x67, 0xEE, 0x05, 0xF7, 0x0E, 0xA6, 0xFA, 0x40, 0xBF, 0x08, 0x99, 0xFB, 0x27, 0x58, 0x26,
    0x2E, 0x4B, 0x31, 0xC9, 0x95, 0x66, 0x02, 0x69, 0xFE, 0x82, 0x66, 0x2A, 0x40, 0xCE, 0x5B, 0x46,
    0xCB, 0x8E, 0x52, 0x3E, 0xD5, 0x92, 0xFA, 0x16, 0x6B, 0xA8, 0xB4, 0x36, 0xAD, 0x59, 0x5B, 0xD1,
    0x16, 0xB5, 0x75, 0xED, 0xC9, 0xC5, 0xD1, 0xE0, 0x47, 0x1A, 0x00, 0x42, 0x86, 0x98, 0xBC, 0x89,
    0x20, 0x4E, 0x66, 0xE1, 0x35, 0x82, 0xCA, 0x59, 0x4B, 0x63, 0x25, 0x74, 0xE0, 0x1C, 0x5D, 0xB0,
    0x6B, 0x82, 0xEF, 0xF8, 0x94, 0xE5, 0xF8, 0x06, 0xDF, 0x65, 0xF6, 0x17, 0xEB, 0x63, 0xCD, 0xE6,
    0x35, 0xE3, 0x9F, 0x43, 0x91, 0x82, 0xCA, 0xCE, 0x98, 0xC5, 0x8C, 0x95, 0x46, 0x2D, 0x8E, 0x86,
    0x2D, 0xEE, 0x21, 0x7A, 0x0C, 0x6B, 0x77, 0xDE, 0x65, 0x21, 0x8D, 0x5B, 0xC6, 0x31, 0x1A, 0x99,
    0x2B, 0xD9, 0x63, 0x9F, 0x80, 0x31, 0x28, 0x03, 0xF8, 0x11, 0xD6, 0xC5, 0xA0, 0x5E, 0x8C, 0xFB,
    0x8E, 0xA0, 0x71, 0x9F, 0x41, 0x2E, 0xFC, 0x58, 0x8A, 0x8E, 0x89, 0x58, 0xDF, 0xAD, 0x2D, 0x4C,
    0x5A, 0x8C, 0x3B, 0x5D, 0xBE, 0x65, 0x04, 0xCF, 0xE8, 0xCF, 0x2D, 0xD0, 0x2B, 0xDC, 0x7D, 0xF5,
    0xEF, 0x16, 0x91, 0xDE, 0xD1, 0x79, 0xC6, 0x57, 0xAC, 0x66, 0x47, 0xC2, 0xE6, 0x88, 0x67, 0xBD,
    0x85, 0x77, 0x11, 0x3D, 0xBC, 0x4B, 0x7B, 0xCC, 0x61, 0x84, 0x4B, 0xFC, 0xA2, 0xFB, 0x52, 0x6E,
    0xFD, 0xDE, 0x52, 0xCF, 0x52, 0xEF, 0xD2, 0xCE, 0xD2, 0xEE, 0xD2, 0x8F, 0xA5, 0x5F, 0x4B, 0x3F,
    0x37, 0xFD, 0x96, 0x41, 0x9C, 0xB9, 0x73, 0x06, 0x6B, 0x73, 0x41, 0x57, 0xCA, 0x8F, 0x68, 0x2F,
    0xD1, 0xF2, 0x15, 0x06, 0x3E, 0x7A, 0x9C, 0x4F, 0x79, 0x9A, 0x63, 0x46, 0xB1, 0xCD, 0x12, 0x9F,
    0x39, 0x06, 0x6F, 0x8F, 0xDE, 0xEB, 0x4D, 0x68, 0xA6, 0xEC, 0xB4, 0x9F, 0x4E, 0xFB, 0x27, 0x4B,
    0x34, 0x3B, 0xAB, 0x96, 0xFA, 0x01, 0x27, 0xEE, 0x40, 0xD4, 0x6E, 0xFA, 0xD3, 0xAF, 0xC3, 0x3B,
    0x9E, 0x2E, 0xEC, 0xC5, 0x14, 0x4E, 0x6A, 0x73, 0x24, 0x8F, 0x0A, 0xE9, 0x4D, 0xB2, 0x86, 0x74,
    0xAB, 0x95, 0xCD, 0x6D, 0x6B, 0xFA, 0x2F, 0x84, 0x86, 0x2D, 0xAD, 0xE5, 0xC4, 0x6D, 0x0A, 0x77,
    0x1B, 0xB7, 0x77, 0x3D, 0xBB, 0x1C, 0x8E, 0x7A, 0x11, 0xBC, 0x43, 0x2F, 0x02, 0xF4, 0x66, 0x4D,
    0x11, 0xA6, 0x96, 0xE5, 0xCB, 0x9E, 0xE2, 0xCD, 0x61, 0x5D, 0xF8, 0x54, 0x1C, 0x5E, 0xFE, 0x19,
    0x1B, 0xA2, 0xCB, 0x82, 0xEB, 0xBB, 0x65, 0x92, 0xD4, 0x35, 0x4D, 0xB2, 0x3B, 0x1A, 0xDF, 0xCA,
    0x4B, 0xE2, 0x34, 0xEF, 0x00, 0x99, 0xC3, 0x1B, 0x45, 0x8E, 0xA1, 0x99, 0xB4, 0xB2, 0x4F, 0xA5,
    0xC2, 0xBF, 0x31, 0x40, 0x85, 0xAB, 0xB0, 0xD0, 0xCA, 0x06, 0x4D, 0xE4, 0xBB, 0x8E, 0xF5, 0xBF,
    0xC9, 0x1B, 0x40, 0x52, 0x29, 0x64, 0x7A, 0x3D, 0x9B, 0xCA, 0x3A, 0xE1, 0xA2, 0x9E, 0x21, 0xDF,
    0x20, 0x70, 0x29, 0xB3, 0x6E, 0x6A, 0x08, 0x81, 0x62, 0x4E, 0x3A, 0xB8, 0x73, 0x56, 0x98, 0xF3,
    0x31, 0xEA, 0x78, 0x5C, 0xF2, 0x31, 0x64, 0xF0, 0x3F, 0x7D, 0x7B, 0x4E, 0x6E, 0x3E, 0x25, 0x46,
    0xCC, 0x7A, 0x80, 0xA4, 0xDC, 0xB3, 0x78, 0xD2, 0x23, 0xB1, 0xE5, 0x47, 0xBA, 0xA8, 0xA7, 0x8D,
    0xD8, 0x1B, 0xA4, 0xAB, 0xDE, 0x1F, 0x35, 0x57, 0x52, 0xC3, 0xD2, 0xFD, 0x92, 0x43, 0x9E, 0x00,
    0xD1, 0x18, 0x2C, 0xCA, 0x94, 0x42, 0x51, 0xB1, 0x3A, 0x48, 0x0E, 0xCA, 0x99, 0x69, 0x49, 0xCA,
    0x5E, 0x92, 0xAE, 0xDF, 0x06, 0xF9, 0x38, 0x4B, 0x18, 0x93, 0x1D, 0x40, 0xBA, 0x25, 0xCD, 0xF2,
    0x05, 0x15, 0x2D, 0x84, 0x5B, 0x33, 0x75, 0x8C, 0xB6, 0x1A, 0x30, 0xFD, 0xF6, 0x92, 0xFA, 0xF9,
    0x02, 0x1D, 0xA9, 0x05, 0x84, 0xBA, 0x84, 0x32, 0xD7, 0x44, 0x19, 0x79, 0xBC, 0xC3, 0x7C, 0x22,
    0x2B, 0xB4, 0x57, 0x15, 0xAD, 0x64, 0x5E, 0x23, 0x62, 0x95, 0x1C, 0x7A, 0x07, 0x1F, 0xA1, 0x26,
    0x9F, 0x20, 0x4F, 0x44, 0x86, 0xF6, 0x5C, 0xE4, 0xEE, 0xBB, 0x4B, 0xCE, 0x67, 0xCE, 0x54, 0x75,
    0x59, 0x83, 0xC1, 0xC0, 0x3D, 0x20, 0x18, 0xEE, 0x0D, 0x18, 0x14, 0x0E, 0x3C, 0xA0, 0x21, 0x0C,
    0x9C, 0x57, 0x69, 0x93, 0xB4, 0xDF, 0x59, 0x32, 0x91, 0x1F, 0x4F, 0xD8, 0x4B, 0x10, 0x80, 0xEA,
    0x90, 0x44, 0x6A, 0x7B, 0xBF, 0xE6, 0x4C, 0x8F, 0xDA, 0x85, 0x48, 0x37, 0xBC, 0x1A, 0x29, 0xEB,
    0xCA, 0x52, 0x4C, 0xAB, 0x1F, 0xDE, 0x90, 0xBB, 0x00, 0xD8, 0x5B, 0x0D, 0x9C, 0x55, 0x6C, 0xE8,
    0xF8, 0xF8, 0x3E, 0xBA, 0xF5, 0xF1, 0x45, 0xD5, 0xC2, 0x82, 0x94, 0x0F, 0xC6, 0x2D, 0x84, 0xDE,
    0x8D, 0x9C, 0x12, 0xBC, 0x39, 0x36, 0xF1, 0x61, 0x75, 0xE3, 0x89, 0x7F, 0x13, 0x03, 0x39, 0xD7,
    0x3C, 0x7C, 0x26, 0x68, 0x41, 0x2E, 0x0C, 0xCC, 0xD3, 0x92, 0x25, 0x6D, 0x1E, 0x9E, 0x9B, 0x77,
    0xC4, 0xE2, 0x0C, 0x80, 0x3A, 0xA4, 0x09, 0xA5, 0x85, 0x65, 0xF6, 0xBE, 0xBB, 0x37, 0xAB, 0xC4,
    0xD6, 0xC1, 0x10, 0xF7, 0x49, 0x17, 0x4C, 0x30, 0x3D, 0x20, 0x0F, 0xC6, 0x6D, 0xF6, 0xD4, 0x09,
    0x19, 0x63, 0x13, 0x71, 0x5E, 0x91, 0xFD, 0xCC, 0x8F, 0x5B, 0x21, 0x7A, 0xAC, 0x82, 0xA7, 0x4D,
    0xE8, 0x7C, 0xA0, 0x0D, 0x46, 0x81, 0xAE, 0x79, 0x08, 0x33, 0xB0, 0xF0, 0x46, 0xF8, 0x3A, 0x87,
    0x7A, 0x6C, 0x41, 0xFA, 0x5D, 0xAE, 0xD2, 0xD2, 0xAE, 0x1C, 0xEE, 0x70, 0x06, 0x67, 0x9E, 0x70,
    0x7E, 0x07, 0x9A, 0x44, 0xC5, 0xB4, 0x74, 0xA6, 0xBF, 0x8F, 0xD0, 0xD0, 0xB2, 0xB9, 0xED, 0x8A,
    0xDB, 0x46, 0xAE, 0x67, 0x56, 0xC4, 0x74, 0x10, 0xCB, 0x72, 0x04, 0xE3, 0xBA, 0xC7, 0x64, 0xC4,
    0x1A, 0x3B, 0x8A, 0x30, 0xCA, 0xC3, 0x3F, 0xEC, 0xE5, 0x55, 0xDE, 0x0D, 0x86, 0xF3, 0xCA, 0x4A,
    0xE8, 0xFA, 0xAF, 0x05, 0xAA, 0xB4, 0x12, 0xAC, 0xEC, 0x1C, 0xB0, 0x50, 0x25, 0x0F, 0xF1, 0x93,
    0xDD, 0xE0, 0xFD, 0x0D, 0x1A, 0x9B, 0x0C, 0x0F, 0xDA, 0xCC, 0x09, 0xE5, 0xC4, 0x8F, 0x00, 0x5E,
    0x7F, 0xE4, 0xCB, 0x41, 0xA7, 0x35, 0xB9, 0x7E, 0x8F, 0xAE, 0xC3, 0x15, 0xB3, 0x6B, 0x85, 0x17,
    0x0F, 0x02, 0xAD, 0xB9, 0x62, 0x3A, 0xC2, 0x15, 0x79, 0x96, 0xCA, 0x10, 0xBB, 0x1C, 0x83, 0x9D,
    0x60, 0xBE, 0x0C, 0x26, 0xAA, 0x45, 0x45, 0x8D, 0x8A, 0x1D, 0xC5, 0xF2, 0x82, 0x6C, 0xFB, 0x9B,
    0x93, 0x1A, 0x6D, 0x35, 0x82, 0x33, 0x34, 0xF6, 0x51, 0x16, 0x73, 0x3E, 0x40, 0x07, 0xC6, 0xA1,
    0x03, 0x24, 0xFB, 0x40, 0x08, 0x50, 0xBC, 0xE5, 0xD9, 0x1B, 0xB2, 0xBC, 0x9B, 0x3F, 0xE1, 0x1D,
    0x26, 0x1B, 0xF7, 0x26, 0x7E, 0x02, 0xDC, 0x8B, 0xA4, 0xD8, 0x74, 0xED, 0x66, 0xCE, 0x08, 0x7A,
    0x9C, 0xE8, 0x7B, 0x12, 0x63, 0xA6, 0x14, 0x01, 0x53, 0xE5, 0x73, 0x62, 0x12, 0xF2, 0xC9, 0x65,
    0x7F, 0x92, 0xBD, 0xDB, 0x56, 0x4B, 0xAC, 0x68, 0x87, 0xDC, 0x39, 0x2E, 0x17, 0x7A, 0x1A, 0x6E,
    0x01, 0x8D, 0x72, 0x8D, 0xC6, 0xCF, 0xCD, 0xC3, 0xCC, 0x8C, 0x50, 0xB1, 0x4A, 0x3D, 0x36, 0xE2,
    0xC0, 0x90, 0xC3, 0xE2, 0x3E, 0xDF, 0xF5, 0x52, 0xDE, 0x11, 0x38, 0xA2, 0x8D, 0x7F, 0xF4, 0x92,
    0xC3, 0x88, 0xB7, 0x0D, 0x93, 0xC7, 0xC4, 0x2D, 0x3A, 0xAD, 0x7E, 0x03, 0x6F, 0x0C, 0x36, 0x00,
    0x25, 0x3F, 0xE6, 0x61, 0xB1, 0x4A, 0xCF, 0xF4, 0xDD, 0x13, 0xC0, 0x34, 0xDE, 0xCB, 0x0D, 0xFB,
    0xCD, 0x54, 0x60, 0xFA, 0x01, 0x92, 0xAE, 0x49, 0xF8, 0xAB, 0xEE, 0xE4, 0xFD, 0x5E, 0x4F, 0x6F,
    0x65, 0xD1, 0xD9, 0x19, 0x3F, 0x0B, 0x5B, 0xA2, 0xFC, 0x0C, 0x5E, 0x67, 0x78, 0x33, 0x86, 0x44,
    0x06, 0xD1, 0x1C, 0x9E, 0x25, 0xBB, 0x33, 0xC0, 0xDC, 0x27, 0xF0, 0x1D, 0x27, 0xBD, 0xC1, 0x89,
    0x3A, 0x13, 0x37, 0xA5, 0xEC, 0xA1, 0x3F, 0xFC, 0x46, 0x10, 0x9A, 0x39, 0xEC, 0x6E, 0x46, 0x0E,
    0xAD, 0xD6, 0xEF, 0x76, 0x52, 0xF3, 0x95, 0x6C, 0xCE, 0x89, 0x06, 0x9A, 0xB4, 0x5E, 0xDC, 0xB6,
    0x54, 0xD6, 0xF8, 0x4D, 0xB0, 0xCD, 0x53, 0xD8, 0x92, 0xD5, 0x71, 0xD5, 0x62, 0x71, 0x9C, 0x98,
    0x45, 0x2B, 0xD5, 0x83, 0xD2, 0xD9, 0x1C, 0x8D, 0xC9, 0x55, 0x66, 0xC5, 0x6D, 0xAC, 0xE2, 0xF3,
    0xF5, 0xCC, 0x7B, 0xF7, 0xA8, 0xA3, 0x0F, 0x27, 0xD0, 0x7A, 0xE8, 0xB0, 0xA2, 0xA0, 0xD2, 0x13,
    0x07, 0x45, 0x5E, 0x6A, 0x0E, 0x27, 0x46, 0xCE, 0x47, 0x13, 0x8D, 0xF8, 0x21, 0x9F, 0xB0, 0xD3,
    0xA6, 0xC8, 0x30, 0xC1, 0x0F, 0x09, 0x8C, 0x68, 0xB8, 0x69, 0xE4, 0xE3, 0xCA, 0x4C, 0x7E, 0x8D,
    0x07, 0x6F, 0xCA, 0x0B, 0xA4, 0xBE, 0x0F, 0xFE, 0x68, 0x91, 0x9E, 0x10, 0x8E, 0x81, 0x70, 0xBD,
    0x6D, 0xC4, 0x7E, 0x95, 0x1F, 0xEA, 0x1C, 0xE6, 0x62, 0xD8, 0xA7, 0x0D, 0x9C, 0x28, 0x2E, 0xEE,
    0x92, 0x96, 0x3A, 0xC8, 0x5B, 0xD2, 0x43, 0xBA, 0xC8, 0xDF, 0x6A, 0xA3, 0xFF, 0xD2, 0xC0, 0xFB,
    0x5D, 0x13, 0xBE, 0xA0, 0x83, 0xF2, 0xF3, 0x5A, 0xCF, 0xCA, 0xE7, 0xF3, 0x29, 0x20, 0xE8, 0x94,
    0xBE, 0xD3, 0x64, 0xFB, 0x82, 0x87, 0x21, 0x18, 0x89, 0x71, 0xC3, 0xBC, 0xC4, 0xE7, 0x1C, 0x21,
    0xA3, 0x8E, 0x28, 0x1A, 0xA8, 0x9A, 0x4C, 0xA4, 0x10, 0xC4, 0xF3, 0xFE, 0xA6, 0xEE, 0x4F, 0x98,
    0x2F, 0xF9, 0x11, 0x73, 0xBA, 0xC4, 0x14, 0x09, 0x0A, 0x56, 0x66, 0x09, 0x87, 0x8B, 0x91, 0xEB,
    0xD9, 0x08, 0x18, 0x69, 0x2B, 0xF5, 0x44, 0x48, 0x51, 0x88, 0xBE, 0xC6, 0x61, 0xB2, 0xB8, 0x8F,
    0xBF, 0xEC, 0x00, 0xC0, 0x10, 0xFF, 0x5B, 0x14, 0x7C, 0xE4, 0x85, 0x7D, 0x36, 0xA4, 0x18, 0x75,
    0xF2, 0x14, 0xE7, 0xD2, 0x83, 0x29, 0x7D, 0x82, 0x53, 0xEA, 0x81, 0xB3, 0xD5, 0x68, 0xE1, 0x45,
    0xB5, 0xC5, 0x84, 0x06, 0x5D, 0x9E, 0xF1, 0xCC, 0xB6, 0x2B, 0x4D, 0x89, 0x69, 0xD4, 0x00, 0x2E,
    0x8F, 0xBD, 0xAB, 0xBA, 0x3C, 0xAA, 0x15, 0x22, 0x73, 0x40, 0xAB, 0x37, 0x1D, 0xD4, 0x4B, 0xA3,
    0xC3, 0x09, 0x38, 0x18, 0x35, 0x46, 0xD2, 0x2F, 0x26, 0x6A, 0xDC, 0x65, 0x06, 0x9E, 0xD9, 0xF3,
    0x0D, 0x94, 0xD8, 0x3B, 0x0B, 0x31, 0x6F, 0xC4, 0x50, 0x91, 0xF7, 0xA3, 0x09, 0x2A, 0x32, 0x0F,
    0xD0, 0x99, 0x14, 0xF3, 0x9D, 0x59, 0xA6, 0x7D, 0xE8, 0xD1, 0x47, 0xF0, 0x54, 0xFE, 0x2F, 0xAA,
    0xCF, 0x5F, 0x3A, 0xA2, 0x39, 0x6E, 0x00, 0x43, 0x0A, 0x11, 0x64, 0x7A, 0xB3, 0x3D, 0x2F, 0x78,
    0x23, 0xCA, 0x6D, 0x94, 0x73, 0xC1, 0x5D, 0xD5, 0xFE, 0xD5, 0xED, 0x4F, 0x01, 0x3A, 0x3B, 0xA5,
    0x38, 0x64, 0x0E, 0x7C, 0x71, 0x6A, 0x3D, 0xE9, 0x89, 0x3C, 0xA7, 0x41, 0x76, 0x95, 0xBC, 0xC6,
    0xA1, 0x92, 0x79, 0x49, 0x95, 0x4F, 0x60, 0x4E, 0xA1, 0x16, 0x0B, 0x1C, 0x92, 0x2F, 0xA4, 0xCB,
    0xF1, 0xD7, 0xC3, 0x1C, 0xF0, 0x21, 0x4E, 0x24, 0xDE, 0xEA, 0x70, 0x29, 0xFF, 0x8C, 0x40, 0x36,
    0x7B, 0xBA, 0x90, 0x5E, 0xC6, 0x21, 0xC6, 0x7A, 0x74, 0xB3, 0xD6, 0xD4, 0x32, 0xE8, 0xE0, 0x79,
    0xB6, 0xEB, 0xBC, 0x96, 0x6F, 0x8E, 0xAD, 0x9D, 0x9C, 0x10, 0x5A, 0xC0, 0x59, 0x24, 0x84, 0x56,
    0x2A, 0x88, 0xA1, 0x6C, 0x22, 0xCE, 0xEE, 0x13, 0x7E, 0xCD, 0xBE, 0x99, 0x0F, 0x57, 0xDA, 0xFF,
    0xD0, 0x9B, 0xF5, 0xB5, 0x26, 0x6A, 0x4F, 0x9B, 0x99, 0x5C, 0x30, 0xD6, 0x33, 0x99, 0xF5, 0xCD,
    0x91, 0x66, 0x3C, 0x04, 0x15, 0x04, 0x0C, 0x80, 0x0D, 0x4B, 0x32, 0xD1, 0xEB, 0xD9, 0xBE, 0xA5,
    0xB3, 0x77, 0x24, 0xA7, 0x58, 0xD2, 0xC7, 0xC9, 0x72, 0x9B, 0xD3, 0xB9, 0xA8, 0xCA, 0xA7, 0x0F,
    0x6A, 0xF7, 0xA1, 0x5D, 0x1E, 0x7A, 0xBB, 0x0F, 0x93, 0xCD, 0xC3, 0xF2, 0x98, 0x4D, 0x61, 0x98,
    0x92, 0x56, 0xE8, 0x9F, 0x11, 0x00, 0x2A, 0xD9, 0x85, 0xE7, 0xFA, 0xE6, 0x9C, 0xA4, 0x8C, 0x59,
    0x76, 0xFC, 0xE3, 0x0C, 0x1D, 0x5D, 0x62, 0x4B, 0xAA, 0x12, 0xFE, 0x98, 0x41, 0x32, 0x3B, 0xD6,
    0xCA, 0x83, 0x77, 0x87, 0xC3, 0x4C, 0x0B, 0xEF, 0xD0, 0x5B, 0x74, 0x1C, 0x07, 0x75, 0x83, 0x4E,
    0x8B, 0xA1, 0x42, 0x0F, 0x81, 0x1E, 0x3C, 0xA8, 0x16, 0x5C, 0xDD, 0x92, 0x49, 0x41, 0xA7, 0x41,
    0xB9, 0x70, 0x59, 0xA0, 0xB1, 0xC7, 0xE5, 0x08, 0x17, 0xE5, 0xF3, 0x51, 0x1C, 0x2E, 0x39, 0xE1,
    0x77, 0x78, 0x56, 0x8D, 0x69, 0x75, 0x05, 0xA7, 0x87, 0xBE, 0xB6, 0x5E, 0xE7, 0x86, 0x38, 0x14,
    0x6C, 0x0E, 0xAD, 0xF1, 0xEF, 0x7E, 0xEC, 0x9F, 0x65, 0x6C, 0x3D, 0x58, 0xBE, 0x0C, 0x5E, 0x3F,
    0xDE, 0x09, 0x5E, 0x1F, 0x5A, 0xBE, 0x77, 0xC1, 0x0F, 0x2E, 0x8B, 0xDA, 0x14, 0x0E, 0xD5, 0x09,
    0x0E, 0xD5, 0x71, 0x96, 0xE0, 0xA7, 0xE7, 0x07, 0xDF, 0x3D, 0x17, 0x99, 0x93, 0xBB, 0xBE, 0x94,
    0xDF, 0x9B, 0x6F, 0xBD, 0x3C, 0x4B, 0xE8, 0xD2, 0xCF, 0xFF, 0x01, 0xE5, 0x5B, 0x3D, 0xD3, 0xE5,
    0x46, 0x56, 0x6E, 0xE9, 0x96, 0x47, 0x55, 0x56, 0x15, 0x8A, 0x48, 0x98, 0x40, 0xC9, 0x26, 0xB8,
    0x8A, 0x52, 0x4C, 0x15, 0xB8, 0x05, 0x89, 0x43, 0x36, 0xF0, 0xC6, 0x24, 0x04, 0xB0, 0x50, 0x4C,
    0x0A, 0x01, 0xAB, 0xFB, 0x13, 0xE6, 0x27, 0x10, 0x38, 0x70, 0x39, 0x71, 0xBA, 0x04, 0x8C, 0xB4,
    0xEB, 0x60, 0x83, 0x0D, 0x56, 0x5B, 0xAE, 0x82, 0x80, 0xC0, 0x5A, 0x70, 0x4E, 0xEF, 0x22, 0x0A,
    0x8D, 0x57, 0x52, 0x73, 0x9E, 0xE7, 0x74, 0xEB, 0xE3, 0x9D, 0x3B, 0x66, 0x66, 0x67, 0x5E, 0xFC,
    0x1A, 0x6E, 0x8D, 0xBA, 0x7B, 0xDE, 0x2B, 0x75, 0x1F, 0x9D, 0x3E, 0x7D, 0x3E, 0x9E, 0x73, 0xAE,
    0x31, 0xF2, 0x29, 0x66, 0xB4, 0xA6, 0x9C, 0x4C, 0xD2, 0xAE, 0x75, 0x39, 0x9A, 0xCA, 0xFB, 0xB1,
    0x72, 0x89, 0xF7, 0x7E, 0xB5, 0x7D, 0xE6, 0xF1, 0xE9, 0x0A, 0x7F, 0xCD, 0xFD, 0x6A, 0x2A, 0xB9,
    0xD7, 0x8F, 0xC6, 0x8E, 0xC6, 0x34, 0xA3, 0x69, 0x9C, 0x31, 0x76, 0x32, 0xED, 0x60, 0xF0, 0x85,
    0xEF, 0x65, 0x12, 0xE9, 0x3A, 0x4E, 0x79, 0xBB, 0xD3, 0x5B, 0xF8, 0xC0, 0xA4, 0x8F, 0x87, 0xC9,
    0x9C, 0x4E, 0x3D, 0x18, 0x2E, 0xD4, 0x19, 0x2E, 0x5B, 0x1B, 0x10, 0xB1, 0x08, 0x71, 0x42, 0x92,
    0x3C, 0x63, 0xD2, 0xF6, 0xB9, 0xD1, 0x4F, 0x35, 0xEE, 0xAD, 0x75, 0xE6, 0xF1, 0x5A, 0xDB, 0x41,
    0x6E, 0x9E, 0xDA, 0x2E, 0xE7, 0x93, 0x25, 0x1F, 0xB4, 0x73, 0x2A, 0xCF, 0xC9, 0xE4, 0xD2, 0xB6,
    0x3A, 0xE8, 0xD9, 0x76, 0x78, 0xE8, 0xD4, 0xF2, 0xEF, 0xED, 0xE1, 0x36, 0x3B, 0x5F, 0xE4, 0xAB,
    0x92, 0x64, 0x08, 0x35, 0xAB, 0x01, 0x31, 0x58, 0x4F, 0xD6, 0x0A, 0x44, 0x04, 0xCE, 0x15, 0xB3,
    0xDC, 0x78, 0xF1, 0xE5, 0xC4, 0xAE, 0x1A, 0xD9, 0x35, 0x8E, 0x9D, 0xEF, 0xB4, 0x33, 0xEC, 0x46,
    0xED, 0xCC, 0x5B, 0xE8, 0x32, 0x74, 0xBD, 0xC9, 0x3D, 0x99, 0x57, 0x08, 0x93, 0xEC, 0x62, 0x1A,
    0x21, 0x08, 0x14, 0x0B, 0x99, 0x60, 0xC3, 0x40, 0x9A, 0x3D, 0xC8, 0x7D, 0xEC, 0xBF, 0x0C, 0x44,
    0xE3, 0xF9, 0x43, 0xB7, 0x62, 0x32, 0xFF, 0xD3, 0x85, 0xDD, 0xCF, 0xB8, 0x53, 0x5E, 0xE9, 0xF4,
    0x32, 0x3D, 0xBA, 0x95, 0xEB, 0x61, 0x07, 0x5F, 0xA9, 0x4B, 0xD8, 0xF5, 0x29, 0xBB, 0x01, 0x3C,
    0x34, 0xED, 0x58, 0xA0, 0x6B, 0x20, 0x48, 0x42, 0xA7, 0xF7, 0x0D, 0xC4, 0xC1, 0xCF, 0xE8, 0x12,
    0xFF, 0xD4, 0x76, 0x81, 0x34, 0x63, 0xAF, 0xD9, 0xA4, 0xA3, 0xD2, 0x55, 0x4E, 0x47, 0xD9, 0xE2,
    0xC3, 0xF7, 0xA9, 0xF7, 0xF1, 0x46, 0x0A, 0x05, 0x3F, 0xEF, 0x7D, 0x64, 0x6E, 0x7D, 0x64, 0xC3,
    0x6A, 0xF0, 0x9D, 0x9F, 0x69, 0x1B, 0xF9, 0x7A, 0x1B, 0xF5, 0x18, 0xAD, 0xBE, 0x7B, 0xE4, 0xB1,
    0x50, 0x89, 0x3D, 0x6C, 0xB0, 0xB8, 0xC5, 0xFE, 0x95, 0xD8, 0x59, 0x3F, 0xC8, 0x08, 0x9C, 0x4D,
    0xB8, 0x8B, 0xF9, 0x0A, 0xAE, 0xD5, 0x81, 0xF7, 0xC5, 0x1A, 0x37, 0xA3, 0x9A, 0xE3, 0xA8, 0xD9,
    0xF7, 0x77, 0x08, 0xA3, 0x54, 0xF9, 0x22, 0x4F, 0x64, 0xB2, 0x0F, 0x3A, 0x4B, 0xA1, 0x1C, 0x2D,
    0x20, 0x9F, 0x1C, 0xC9, 0x0C, 0xED, 0xC8, 0x51, 0x33, 0x26, 0xD8, 0x35, 0xDF, 0x65, 0xDE, 0x91,
    0x75, 0x3C, 0x7C, 0x79, 0xA4, 0x59, 0x98, 0xA6, 0x9F, 0x31, 0x8E, 0xBE, 0xAA, 0x75, 0xA4, 0x9B,
    0xB9, 0x98, 0x2A, 0xF0, 0xCA, 0x5F, 0x85, 0x52, 0xF0, 0xC0, 0xD8, 0x7F, 0x5B, 0x0D, 0x79, 0x20,
    0x37, 0x4E, 0xC6, 0x07, 0x79, 0x76, 0x1C, 0xF5, 0x26, 0xF9, 0x1E, 0xA8, 0x52, 0x1E, 0x28, 0x05,
    0x13, 0xF8, 0xD2, 0x91, 0x07, 0x71, 0x54, 0x2C, 0x71, 0x94, 0xAF, 0x71, 0x04, 0x1E, 0x64, 0x3E,
    0xBE, 0x6F, 0xB1, 0x6C, 0xDC, 0x98, 0x36, 0x6E, 0xB8, 0x8D, 0x1B, 0x7D, 0xE0, 0x41, 0xEA, 0xAF,
    0x81, 0x07, 0x99, 0x8F, 0x3C, 0x28, 0x36, 0x1E, 0x54, 0x91, 0x07, 0xA6, 0x89, 0x3C, 0x30, 0x1B,
    0x0F, 0x52, 0xAE, 0x8B, 0x37, 0xBD, 0x84, 0xD1, 0x18, 0x47, 0x5F, 0xE9, 0x4E, 0x77, 0x7C, 0x81,
    0xAA, 0x4F, 0xB9, 0x77, 0x5D, 0x3E, 0x15, 0x8E, 0x03, 0x39, 0x8B, 0xBD, 0xBE, 0x9B, 0x97, 0xE5,
    0x39, 0xB0, 0x3E, 0xBC, 0xED, 0x3B, 0x1F, 0x86, 0x01, 0x3E, 0xAD, 0xEC, 0xB7, 0x08, 0xA7, 0xBC,
    0xF6, 0xA2, 0x03, 0x70, 0x96, 0x03, 0xBB, 0x0D, 0xE6, 0x8C, 0x92, 0xEC, 0x5A, 0x17, 0xE4, 0x5C,
    0x77, 0x5A, 0xB6, 0x79, 0x7B, 0x49, 0x69, 0xDB, 0x2E, 0x70, 0x44, 0x06, 0xCA, 0x10, 0x19, 0xA8,
    0x5A, 0x51, 0x79, 0xE0, 0x20, 0x95, 0x9D, 0xE0, 0x3C, 0xD9, 0x0A, 0x3D, 0x2A, 0x33, 0x83, 0x17,
    0xDB, 0x5A, 0xDB, 0xEA, 0x19, 0x4E, 0x0A, 0x06, 0x42, 0xA1, 0xE5, 0x00, 0x4B, 0x5F, 0xB8, 0xD2,
    0x03, 0xE8, 0x44, 0xB6, 0x5E, 0xD6, 0x1D, 0x14, 0x4D, 0xA6, 0x5D, 0xB9, 0xB2, 0xF5, 0xB3, 0x76,
    0xA3, 0x76, 0xFD, 0xFE, 0x95, 0xDC, 0x39, 0x6E, 0x4A, 0xF5, 0xD4, 0x5E, 0x46, 0xDD, 0xA7, 0xBD,
    0x7D, 0xF1, 0x9E, 0xB7, 0xD2, 0x8A, 0x68, 0xDD, 0x6A, 0x77, 0x8D, 0x7F, 0x6C, 0x61, 0xB6, 0x78,
    0xB2, 0xD0, 0x3A, 0xB6, 0x78, 0x9B, 0x1C, 0xEA, 0x21, 0x1B, 0xB1, 0xA5, 0xFB, 0xA5, 0x6F, 0xA0,
    0xD7, 0xF1, 0xEF, 0x6F, 0x76, 0x29, 0x25, 0xF1, 0x12, 0x7A, 0x40, 0x0D, 0x68, 0x01, 0x25, 0xA0,
    0x43, 0xF8, 0x69, 0x3B, 0x6C, 0xCA, 0x1C, 0x07, 0x6B, 0x1C, 0x88, 0x04, 0x86, 0x41, 0x17, 0x07,
    0x7D, 0x18, 0xB4, 0x2E, 0x0C, 0xC4, 0xC2, 0xEB, 0xA0, 0x5C, 0xC2, 0xA0, 0xF0, 0x61, 0x20, 0xEA,
    0x50, 0x07, 0x22, 0xFF, 0x3A, 0x10, 0xCD, 0x17, 0x06, 0xCD, 0x18, 0x06, 0x76, 0x0E, 0x83, 0x62,
    0x0D, 0x83, 0xDC, 0x87, 0xC1, 0xC5, 0xB7, 0x3A, 0x10, 0x33, 0xA5, 0x03, 0xB3, 0x0D, 0x6C, 0x1C,
    0x54, 0x71, 0x50, 0xC4, 0x41, 0xC6, 0xC1, 0xC9, 0x9C, 0x6D, 0x02, 0xB6, 0xCB, 0x51, 0x10, 0xB2,
    0x4D, 0xCC, 0x36, 0x41, 0xDB, 0x6F, 0x11, 0xD5, 0x3E, 0xC7, 0x69, 0x22, 0x9B, 0x22, 0x97, 0x94,
    0x49, 0xC9, 0xAC, 0x3C, 0x32, 0x81, 0x45, 0xE8, 0x07, 0xFD, 0xDE, 0x2A, 0x83, 0x7C, 0xA5, 0xFC,
    0xF1, 0x85, 0xB2, 0xC7, 0xE7, 0xCA, 0x1D, 0x61, 0xCE, 0x95, 0x7D, 0xA2, 0xBC, 0x11, 0xCA, 0x9D,
    0xF6, 0x76, 0xD4, 0xBE, 0x9A, 0xB5, 0x57, 0xBE, 0xC0, 0x42, 0x68, 0x7F, 0x21, 0x0F, 0x22, 0x53,
    0xE4, 0xB5, 0xDA, 0xD0, 0xDB, 0xD0, 0x57, 0xA1, 0x2F, 0x42, 0x7F, 0xE0, 0xC7, 0xDD, 0x3E, 0x72,
    0xA5, 0xD0, 0x1E, 0x3E, 0x9C, 0xF6, 0x73, 0xE8, 0x5D, 0xB8, 0xED, 0xAA, 0xBD, 0x3B, 0x3B, 0x36,
    0xC7, 0x2E, 0x7C, 0xB7, 0x9B, 0xD8, 0x44, 0xD8, 0x29, 0x22, 0xF8, 0x27, 0x32, 0x17, 0xCF, 0x88,
    0x0F, 0x5D, 0x2D, 0x9D, 0x6A, 0x33, 0xEF, 0x52, 0x76, 0xE2, 0x9A, 0xA1, 0xEB, 0x83, 0xDC, 0xBF,
    0xC5, 0xEE, 0x06, 0x9D, 0xA5, 0x76, 0x95, 0x1E, 0x52, 0x9E, 0xCC, 0x70, 0x34, 0xC3, 0xD9, 0xA4,
    0x01, 0xB6, 0xD7, 0x0B, 0x9C, 0x25, 0x57, 0x3A, 0xB8, 0x18, 0xB0, 0x10, 0xA9, 0x7A, 0x4A, 0xCA,
    0x21, 0x3B, 0xBF, 0xE0, 0x51, 0xCC, 0x5B, 0x9B, 0xF2, 0x1E, 0xB2, 0x5E, 0x1C, 0x28, 0xB4, 0xF9,
    0x0C, 0x06, 0xAA, 0x06, 0x29, 0x27, 0xCC, 0x56, 0x8D, 0x76, 0x80, 0x6B, 0x2A, 0x52, 0x22, 0xE6,
    0x0C, 0xA6, 0xAD, 0xED, 0xC5, 0xC5, 0x56, 0xA2, 0x13, 0x71, 0x72, 0x17, 0x2C, 0x28, 0x13, 0xD1,
    0x21, 0x09, 0xFE, 0x6E, 0xAE, 0xBE, 0x36, 0x2D, 0x22, 0x5E, 0xC3, 0xF7, 0x72, 0xF8, 0xC4, 0x46,
    0xC0, 0x45, 0xB6, 0x4E, 0xDD, 0x6D, 0x4F, 0x6F, 0xBB, 0x10, 0xBB, 0x21, 0xF6, 0x3E, 0xC7, 0x4D,
    0x9F, 0x62, 0x09, 0xAE, 0x8C, 0x17, 0x78, 0xE7, 0x7B, 0x91, 0xE2, 0x27, 0xF2, 0x5F, 0x99, 0x11,
    0x8A, 0x40, 0xC8, 0xA6, 0x0F, 0x7B, 0x79, 0x9A, 0xFB, 0x28, 0x1D, 0xD2, 0x24, 0x6D, 0xF0, 0x29,
    0x68, 0x75, 0xC4, 0x09, 0xC1, 0xF9, 0xEA, 0xA9, 0xDB, 0xD9, 0xE4, 0x38, 0xCF, 0x95, 0x7C, 0xA1,
    0xB7, 0x2C, 0x5E, 0x96, 0x70, 0x34, 0xE3, 0xAD, 0x69, 0xEA, 0x6C, 0xAA, 0x5C, 0x35, 0xE4, 0x4B,
    0x90, 0x42, 0xB0, 0xE6, 0xFB, 0xBB, 0x37, 0x56, 0x30, 0x6A, 0xD0, 0x8B, 0x0C, 0x03, 0x27, 0xDE,
    0xE0, 0xC2, 0x1C, 0xC7, 0x39, 0xE5, 0xAC, 0xCC, 0x85, 0xC4, 0x29, 0x97, 0xB5, 0x85, 0x65, 0x17,
    0x16, 0x2C, 0xFB, 0x66, 0xBD, 0xE1, 0x5A, 0xA7, 0xEB, 0x2F, 0x4C, 0xF2, 0xF7, 0x32, 0xEA, 0x21,
    0x29, 0xC5, 0x28, 0x8B, 0x81, 0x95, 0x35, 0xBC, 0x42, 0x2E, 0xD8, 0x4E, 0x37, 0x1D, 0xD0, 0x47,
    0x1E, 0xA1, 0x4A, 0x03, 0x7D, 0x9A, 0xD2, 0xFD, 0xCA, 0xB8, 0xDB, 0x05, 0x42, 0x93, 0x5A, 0x64,
    0x53, 0xBC, 0x3B, 0xEC, 0xAA, 0xEF, 0xB1, 0xAB, 0xED, 0x80, 0x90, 0x48, 0x42, 0x86, 0x1E, 0x4B,
    0xD2, 0x49, 0xBE, 0xD5, 0xF2, 0x5B, 0xBD, 0x53, 0x9F, 0xE2, 0x0C, 0x9D, 0xCE, 0xA6, 0x33, 0xEB,
    0x2A, 0xBA, 0xA2, 0xAE, 0xAE, 0x94, 0xE4, 0xE2, 0x54, 0x5D, 0xD3, 0xF5, 0x02, 0xD7, 0xF3, 0x8B,
    0x09, 0xAA, 0xC4, 0x51, 0x7F, 0xC8, 0x6B, 0x6C, 0xF2, 0x82, 0xC0, 0x86, 0x31, 0x4E, 0x8E, 0x39,
    0x18, 0xF9, 0x30, 0x08, 0xA2, 0xE3, 0xC2, 0xD0, 0x88, 0x51, 0x12, 0x03, 0xA6, 0x43, 0x83, 0xBF,
    0xF1, 0x5B, 0xDE, 0xC7, 0x27, 0xF8, 0x2C, 0x05, 0x4E, 0x63, 0x26, 0xCC, 0x9C, 0x7E, 0x64, 0xDE,
    0x15, 0x0A, 0x4C, 0x7B, 0x35, 0xED, 0x67, 0x54, 0x66, 0x73, 0x38, 0x97, 0x59, 0x54, 0xCB, 0x87,
    0xC3, 0xA6, 0xB1, 0xD3, 0xDB, 0x6B, 0x7A, 0xF0, 0x7F, 0x90, 0x37, 0x63, 0xB0, 0xC4, 0x50, 0x89,
    0x81, 0x12, 0x4E, 0x5C, 0xAF, 0x41, 0x12, 0x42, 0xA4, 0xE3, 0xB1, 0x6A, 0x1D, 0x35, 0x6E, 0x38,
    0x56, 0x47, 0xD2, 0xE8, 0x00, 0xBF, 0x76, 0x83, 0x28, 0x02, 0x61, 0x11, 0x83, 0x22, 0x86, 0x44,
    0x4D, 0xF0, 0xF0, 0x9A, 0x8E, 0xC1, 0x90, 0xE8, 0x53, 0x0B, 0x51, 0xC6, 0xE2, 0x5B, 0xC3, 0xCF,
    0xDF, 0x25, 0xD8, 0x68, 0x28, 0x2C, 0x36, 0xFC, 0xEF, 0xC3, 0x60, 0xD8, 0x05, 0xFA, 0x65, 0x6F,
    0xF6, 0x4F, 0x32, 0x66, 0xBD, 0x91, 0x13, 0xEA, 0xB4, 0xE1, 0x7F, 0xEF, 0x8B, 0x7F, 0xED, 0x91,
    0x7F, 0x0C, 0x89, 0xD5, 0x08, 0x58, 0x17, 0x1C, 0xC5, 0x74, 0x7D, 0xD0, 0x4C, 0x64, 0xD4, 0xC4,
    0x80, 0x49, 0xC9, 0xC5, 0x29, 0x35, 0xF9, 0xF4, 0x0D, 0x70, 0xF2, 0x28, 0x89, 0xC9, 0x64, 0x7E,
    0x20, 0x4A, 0xE6, 0x83, 0x09, 0x0E, 0x87, 0x03, 0x5F, 0xA1, 0x2D, 0x3E, 0x79, 0xD0, 0x9C, 0x7C,
    0x54, 0x9B, 0x3F, 0x93, 0x40, 0x41, 0x5C, 0x95, 0x64, 0xAD, 0x7A, 0x68, 0x40, 0x39, 0xBA, 0x15,
    0xD8, 0xF9, 0xE8, 0xA3, 0x6F, 0x98, 0x9D, 0xA9, 0x06, 0x9F, 0x7D, 0x94, 0xCB, 0x5C, 0x3D, 0x89,
    0x07, 0xCD, 0xCE, 0x5C, 0xFD, 0x9C, 0x3A, 0x46, 0x5D, 0xC4, 0x64, 0xBE, 0x79, 0xC1, 0x04, 0x0A,
    0x58, 0x31, 0x52, 0x81, 0x99, 0xB3, 0x40, 0xFA, 0x7E, 0x5F, 0xB4, 0x74, 0xA4, 0x35, 0x09, 0x61,
    0xBE, 0x8F, 0x90, 0xC1, 0xB1, 0x91, 0x29, 0xAE, 0xAD, 0xAC, 0x51, 0x37, 0x63, 0xEE, 0xF5, 0xD9,
    0x22, 0x20, 0x44, 0x62, 0x58, 0x9F, 0x04, 0xC7, 0xCE, 0x9D, 0x5B, 0x73, 0x57, 0xB1, 0xE9, 0x1B,
    0x87, 0x76, 0x7F, 0xF1, 0xDD, 0xFF, 0xA0, 0xBB, 0x4D, 0xE9, 0x13, 0xE7, 0x89, 0xE4, 0xF0, 0xF4,
    0xF8, 0x96, 0x8E, 0x26, 0x5C, 0xC3, 0x8B, 0x07, 0x37, 0xB3, 0xB5, 0x04, 0x58, 0x37, 0x17, 0xC0,
    0x67, 0x66, 0x78, 0x7E, 0xE5, 0x94, 0x01, 0xCC, 0x73, 0x17, 0xBA, 0x4C, 0x04, 0x52, 0xC4, 0x7D,
    0xAE, 0x15, 0x05, 0xD1, 0x36, 0xD9, 0xF0, 0x2B, 0xCF, 0x1B, 0xAC, 0x83, 0x9B, 0x6F, 0x47, 0x60,
    0x55, 0xD5, 0xAC, 0x91, 0x20, 0xDC, 0x5F, 0xD9, 0xD9, 0x09, 0xE7, 0xF6, 0xF5, 0x95, 0xB4, 0x30,
    0xE2, 0x3E, 0x7D, 0x47, 0x3A, 0x72, 0xE7, 0xF6, 0xF4, 0x51, 0x32, 0x0A, 0xB7, 0xB7, 0x2F, 0x70,
    0x98, 0x58, 0xA7, 0x30, 0x97, 0x3E, 0x18, 0xFD, 0xF1, 0x44, 0xFD, 0x71, 0xFA, 0x66, 0xE2, 0x14,
    0x0A, 0xD3, 0xF3, 0x85, 0x40, 0xE3, 0x6C, 0x09, 0x3B, 0x5B, 0xA2, 0xCE, 0x15, 0xBD, 0xBA, 0x92,
    0x98, 0x33, 0x1D, 0xED, 0x81, 0xC6, 0xBE, 0xCB, 0xD4, 0x1F, 0xF7, 0xC1, 0x1F, 0xBF, 0x1C, 0xFD,
    0xF1, 0x65, 0xF7, 0xC7, 0xA1, 0xA8, 0x9B, 0x1B, 0xFE, 0xF8, 0x4B, 0x59, 0x1C, 0x19, 0x0D, 0xD2,
    0xE6, 0xD8, 0xEC, 0x27, 0xFC, 0x9E, 0xF9, 0xBC, 0x3B, 0x11, 0x2F, 0xEB, 0xEF, 0x7C, 0x2E, 0x8A,
    0x97, 0x6A, 0x3C, 0x32, 0x29, 0x8C, 0xAC, 0xD8, 0xA1, 0xC2, 0xCA, 0x95, 0xD3, 0xCD, 0xB2, 0xBD,
    0xF6, 0x6D, 0x17, 0xE0, 0x98, 0x2B, 0xFB, 0x84, 0xF8, 0x68, 0xC4, 0x85, 0x9C, 0x88, 0xB7, 0xF6,
    0xC2, 0x63, 0xF6, 0xC5, 0xA4, 0x7D, 0x35, 0xAA, 0x42, 0xB1, 0x01, 0xB7, 0x6B, 0x23, 0x7E, 0xE7,
    0xC3, 0x39, 0xD1, 0x3E, 0x60, 0xDD, 0x98, 0x86, 0x7D, 0xBE, 0xF0, 0x16, 0x82, 0x31, 0xA0, 0x8B,
    0x88, 0xA1, 0xF4, 0x50, 0xA8, 0x4A, 0xA7, 0x55, 0x28, 0xF4, 0x66, 0x17, 0x39, 0x6E, 0x9E, 0x3C,
    0xC7, 0x7B, 0x7D, 0xAE, 0x81, 0x04, 0xE8, 0xD1, 0x24, 0xC7, 0x0C, 0xCE, 0x0F, 0xE5, 0x82, 0x75,
    0xAF, 0x19, 0xD1, 0x5E, 0xF9, 0x07, 0xFE, 0xCB, 0x27, 0xE0, 0xAD, 0x56, 0x3B, 0xEC, 0x42, 0x38,
    0x84, 0x46, 0xA1, 0xCA, 0x9A, 0x98, 0xA3, 0x82, 0xDE, 0x95, 0x70, 0xEA, 0xAF, 0xF4, 0x31, 0x40,
    0x87, 0xD8, 0xDA, 0xD2, 0xCF, 0x22, 0x5E, 0x53, 0xEA, 0x9F, 0x4A, 0x58, 0x26, 0xA2, 0xF9, 0xA9,
    0x0C, 0xE0, 0x62, 0xAF, 0x7C, 0xF7, 0x85, 0x7C, 0x07, 0x72, 0x33, 0x98, 0xBF, 0x09, 0xE8, 0x84,
    0x46, 0xA0, 0xF4, 0x09, 0x98, 0x30, 0x81, 0xF4, 0x65, 0x4C, 0x24, 0xBC, 0xD8, 0x92, 0xDF, 0x3D,
    0xDA, 0x76, 0x80, 0xFC, 0x35, 0x0E, 0xAD, 0x05, 0x91, 0x4E, 0x65, 0xB3, 0xF0, 0xD7, 0x4B, 0x88,
    0x32, 0x95, 0xBB, 0xCA, 0x7B, 0xC6, 0xB2, 0x4F, 0xB1, 0x40, 0x23, 0x53, 0x2D, 0x4D, 0x17, 0x41,
    0x47, 0xD1, 0xBC, 0x08, 0xE1, 0x09, 0x4F, 0x32, 0x6E, 0x3F, 0xE9, 0xEA, 0x36, 0x8C, 0xF0, 0x05,
    0x6F, 0xE1, 0xCD, 0x7C, 0x0C, 0x66, 0x44, 0xA6, 0x42, 0x24, 0xDC, 0x3E, 0x0D, 0x98, 0xAC, 0x21,
    0xAA, 0xB2, 0x35, 0xBF, 0x0B, 0xB8, 0xC1, 0x06, 0x89, 0x5E, 0xD0, 0x8C, 0xE6, 0x51, 0x0B, 0xAC,
    0x5A, 0x42, 0xAD, 0x8F, 0x44, 0xB4, 0x8A, 0x51, 0x04, 0xA5, 0xA1, 0x8D, 0xBA, 0x0A, 0xB5, 0x60,
    0x47, 0x7B, 0x43, 0x5A, 0xC1, 0x43, 0xB2, 0x10, 0x1C, 0x24, 0x03, 0xC1, 0xBF, 0x1F, 0xD2, 0x10,
    0x90, 0x7B, 0x64, 0x1E, 0x79, 0xE7, 0x15, 0x01, 0xCE, 0x7D, 0xD8, 0xF3, 0xBD, 0x01, 0xD7, 0xE4,
    0x16, 0x24, 0x6C, 0xA4, 0xB1, 0x00, 0x95, 0x2B, 0x6C, 0x87, 0x30, 0x2C, 0xF3, 0xE4, 0x97, 0xB2,
    0x8B, 0xF4, 0x82, 0x59, 0xC7, 0x10, 0xE1, 0xC9, 0x1E, 0x79, 0xCB, 0xFC, 0x0A, 0x26, 0x73, 0xBF,
    0xFA, 0x56, 0x79, 0xB0, 0xB3, 0xD3, 0x4E, 0x39, 0x78, 0x45, 0xA0, 0xF8, 0x26, 0x4F, 0xE3, 0xDF,
    0xF0, 0x2D, 0xEF, 0xE3, 0x13, 0x76, 0x23, 0x36, 0xF3, 0xCF, 0xC1, 0xD3, 0x9F, 0xEB, 0xF9, 0x80,
    0x53, 0xAB, 0x27, 0xA4, 0xFB, 0x43, 0x59, 0xFD, 0xCC, 0x4E, 0x27, 0x31, 0x1F, 0xF4, 0xCA, 0x68,
    0xDA, 0xFA, 0xB2, 0x5E, 0x96, 0x2D, 0xE6, 0x1B, 0x40, 0xA9, 0x3C, 0xF5, 0xE8, 0x93, 0x3B, 0xDE,
    0x85, 0xE5, 0x7E, 0x39, 0xB5, 0xC0, 0x1D, 0xB3, 0x1C, 0x4C, 0x70, 0xD8, 0x99, 0x3B, 0x6C, 0xFC,
    0x8F, 0x40, 0xDC, 0x67, 0x80, 0xEF, 0x7F, 0x86, 0xB3, 0xF8, 0xEF, 0x3C, 0x80, 0x7A, 0x1A, 0xD9,
    0xC8, 0x17, 0xFF, 0x19, 0xC4, 0x01, 0x8F, 0x4D, 0x1A, 0x96, 0x82, 0x74, 0x3D, 0x1D, 0xC0, 0x00,
    0xF8, 0x96, 0x03, 0x11, 0x7E, 0x2E, 0xF9, 0x9E, 0x49, 0x3E, 0x16, 0x8D, 0x32, 0x08, 0x9D, 0xB2,
    0xDF, 0x6A, 0x13, 0x83, 0xAD, 0xDC, 0x15, 0xFC, 0xC9, 0xAA, 0xBA, 0xD7, 0x68, 0x9B, 0x31, 0xE4,
    0xF5, 0x60, 0x44, 0xAF, 0xD2, 0x12, 0xF5, 0x71, 0x10, 0x0C, 0x09, 0xA2, 0xA1, 0xBA, 0x7F, 0xC5,
    0xB0, 0xFA, 0xBF, 0xFC, 0xA6, 0x21, 0x2C, 0x6D, 0x87, 0x0D, 0x59, 0x2A, 0xDE, 0x33, 0xC3, 0x82,
    0x8A, 0xBD, 0xA0, 0x49, 0xCE, 0xBD, 0xD9, 0x66, 0xD3, 0x99, 0x0D, 0x50, 0x52, 0x07, 0x69, 0x7B,
    0x60, 0xF1, 0xBE, 0x70, 0x94, 0x16, 0xD3, 0x32, 0x74, 0xA5, 0x25, 0x30, 0x0A, 0xFD, 0xF9, 0x03,
    0x9A, 0xA5, 0x2C, 0xA6, 0x27, 0x7A, 0xBF, 0xC1, 0xBF, 0xB9, 0xB8, 0x48, 0x52, 0x49, 0xBD, 0x8F,
    0x6D, 0x66, 0xDE, 0xAF, 0xF2, 0x11, 0x9D, 0x4C, 0xBD, 0xB9, 0xE5, 0x18, 0xBC, 0xE8, 0x1E, 0x7C,
    0x9B, 0x59, 0x3D, 0x99, 0xBB, 0x21, 0xF3, 0xC1, 0x5F, 0x78, 0x18, 0x7B, 0xF0, 0xEE, 0x53, 0xF3,
    0x9E, 0x10, 0x9A, 0x42, 0xDD, 0xC1, 0xD0, 0xB6, 0x3E, 0x02, 0x21, 0xC5, 0x09, 0x08, 0x09, 0x8E,
    0xEE, 0xA6, 0xE0, 0x62, 0x23, 0xD3, 0x56, 0xF0, 0xCA, 0x90, 0xD2, 0x4C, 0xC1, 0x25, 0x3E, 0x66,
    0xF1, 0x27, 0x02, 0xF1, 0x74, 0xB4, 0x69, 0xF9, 0x78, 0x73, 0xF2, 0x44, 0x95, 0xF3, 0x10, 0x15,
    0x36, 0x4F, 0x70, 0xE3, 0x60, 0x50, 0xDD, 0x73, 0x80, 0x43, 0x9B, 0xF7, 0xAE, 0x36, 0x9E, 0xBA,
    0xAD, 0x18, 0xA8, 0x85, 0x8B, 0x08, 0xD4, 0xEC, 0x5A, 0xF8, 0xEB, 0x48, 0xEB, 0x02, 0xF4, 0x8F,
    0x44, 0x2F, 0xD0, 0x6B, 0x26, 0x65, 0x0D, 0x0E, 0x77, 0x08, 0xBE, 0x95, 0xBE, 0x1E, 0xCD, 0x14,
    0x88, 0x14, 0x7B, 0x1D, 0x01, 0xF2, 0x24, 0xDA, 0xB3, 0x43, 0x93, 0xA8, 0x16, 0xBE, 0xFE, 0x03,
    0x60, 0xA2, 0x36, 0x58, 0xA3, 0x19, 0xF2, 0x31, 0xA8, 0x78, 0x88, 0xF3, 0xE6, 0xAC, 0xD8, 0x83,
    0xE2, 0x2B, 0x78, 0x13, 0xC0, 0x7E, 0xC7, 0x93, 0xEA, 0xBD, 0x8F, 0x2B, 0x0D, 0xC9, 0x4E, 0x2A,
    0xE7, 0x45, 0x6D, 0xE0, 0xFF, 0xB7, 0x8C, 0xB8, 0x66, 0xBF, 0xD5, 0xD5, 0xF5, 0xD3, 0x36, 0x0A,
    0x22, 0xAC, 0xD9, 0x6F, 0xDD, 0x82, 0xFF, 0x43, 0xD9, 0xEF, 0x83, 0x58, 0xBD, 0xEE, 0xE0, 0xDB,
    0x93, 0xFD, 0x16, 0x62, 0x3F, 0x79, 0x4A, 0xD7, 0x27, 0x82, 0x7D, 0x44, 0xCF, 0xFA, 0x4D, 0xE3,
    0x3E, 0x04, 0x37, 0x31, 0x24, 0xA0, 0xCE, 0x98, 0x5E, 0x81, 0xA3, 0xFF, 0x4E, 0xFD, 0xB0, 0xDC,
    0x44, 0x2D, 0x80, 0x32, 0xAF, 0xD8, 0x93, 0x88, 0xDB, 0x3D, 0x23, 0xBB, 0xAF, 0xE9, 0xFF, 0xA7,
    0xE7, 0x0F, 0xFD, 0xA8, 0x0A, 0xA6, 0x9A, 0xE9, 0x3A, 0xD2, 0x14, 0xF2, 0xE8, 0x80, 0x72, 0x0A,
    0x9C, 0x96, 0x28, 0x99, 0x0A, 0xF4, 0x63, 0xEF, 0xFC, 0x07, 0xF8, 0xE6, 0x53, 0xB5, 0x11, 0xF2,
    0xEC, 0x2A, 0x96, 0x07, 0xE5, 0x2E, 0x83, 0x2C, 0x2D, 0x16, 0x73, 0x50, 0x3B, 0xB9, 0x9B, 0x4D,
    0x5A, 0x51, 0x88, 0x3C, 0x84, 0x38, 0x7A, 0xBD, 0x1D, 0x4D, 0xBD, 0x58, 0x7D, 0x68, 0x32, 0x91,
    0x33, 0xFF, 0x53, 0xAD, 0x93, 0xE9, 0xA2, 0x9B, 0xCB, 0x70, 0x53, 0x0C, 0x01, 0x31, 0xDB, 0x1B,
    0xC6, 0xE0, 0x66, 0xA3, 0xA6, 0x4F, 0x25, 0x55, 0x77, 0xC3, 0xF0, 0x88, 0xC3, 0xE9, 0x25, 0x36,
    0xF0, 0xF1, 0x1D, 0xB0, 0x8F, 0x89, 0x68, 0x4D, 0x43, 0x6B, 0x12, 0x5A, 0x53, 0xD0, 0x9A, 0x80,
    0xD6, 0x04, 0xBD, 0x66, 0xE7, 0x35, 0x35, 0xAF, 0x79, 0x79, 0x4D, 0xCA, 0x6B, 0x46, 0x5E, 0xD3,
    0xF1, 0x9A, 0x8B, 0xD7, 0x44, 0xBC, 0x66, 0xE1, 0x35, 0xD5, 0xAC, 0xF9, 0x77, 0x4D, 0xBE, 0x6B,
    0x92, 0x59, 0xD3, 0xEE, 0x9A, 0x60, 0xD6, 0xF4, 0xB2, 0x26, 0x97, 0x35, 0xB5, 0x4C, 0x43, 0xA9,
    0x82, 0x4C, 0x23, 0x40, 0x49, 0x96, 0xC8, 0x42, 0x9A, 0xDF, 0xAE, 0x0F, 0xA9, 0x60, 0x26, 0x82,
    0xA3, 0x99, 0x16, 0x36, 0xE2, 0x48, 0x33, 0x01, 0xCC, 0xF4, 0xEF, 0x4D, 0x49, 0x7E, 0xC5, 0x06,
    0x2B, 0x38, 0xA2, 0x0A, 0x70, 0x59, 0x72, 0xB2, 0xB3, 0x1C, 0x76, 0x8E, 0x95, 0xB4, 0xA8, 0x9A,
    0xFF, 0x9B, 0x1A, 0xB4, 0xCE, 0xA2, 0x1D, 0xED, 0xFE, 0xF7, 0x76, 0x35, 0x31, 0xB2, 0x48, 0x68,
    0x04, 0xD2, 0x15, 0xB3, 0x5D, 0x98, 0xB2, 0xCD, 0x66, 0x68, 0x0F, 0x8D, 0x41, 0x8A, 0x11, 0xD2,
    0x5E, 0x12, 0x22, 0xB2, 0x84, 0x88, 0x6C, 0x0F, 0x0F, 0xB9, 0xA5, 0xA2, 0xDA, 0x03, 0xE8, 0x9A,
    0x70, 0xD1, 0x95, 0xD6, 0x93, 0x5F, 0xB5, 0x3D, 0x2C, 0xA3, 0xA2, 0x4A, 0xD6, 0xE1, 0xF4, 0xDB,
    0x09, 0xD1, 0x43, 0x35, 0x83, 0x77, 0xFC, 0x6E, 0x3C, 0x01, 0xFC, 0x1B, 0x4C, 0x04, 0xC0, 0x4F,
    0xB3, 0x4C, 0xEF, 0xC3, 0x33, 0xFB, 0x83, 0xA2, 0x0B, 0x23, 0xFE, 0x2D, 0x5B, 0x4E, 0xE2, 0xB1,
    0x65, 0x75, 0xF3, 0x10, 0x4F, 0xBF, 0x15, 0xC4, 0x68, 0xA4, 0x79, 0x6A, 0x0E, 0x99, 0xF3, 0x88,
    0x3D, 0x6C, 0x06, 0xE2, 0x12, 0x8A, 0x26, 0x8A, 0xE0, 0xBF, 0xBC, 0x7B, 0x35, 0x2F, 0x45, 0x90,
    0x5C, 0x40, 0x8E, 0x5C, 0x40, 0x8E, 0x9C, 0xD6, 0x25, 0xD2, 0x93, 0x1C, 0xC2, 0x11, 0xE8, 0x63,
    0x21, 0x4F, 0xE8, 0x15, 0x39, 0x4A, 0xB5, 0xB0, 0x88, 0x85, 0x89, 0x90, 0x75, 0xD9, 0x6D, 0x56,
    0x32, 0x16, 0xB3, 0xF6, 0xB2, 0x2D, 0xEC, 0xB5, 0x72, 0x73, 0x2B, 0x2A, 0x8C, 0xC8, 0x51, 0xEC,
    0xD3, 0x3B, 0x08, 0x12, 0x91, 0x23, 0x2D, 0x42, 0x25, 0x02, 0xC5, 0x54, 0x3C, 0x30, 0x12, 0x45,
    0x8E, 0xE8, 0xF4, 0x2B, 0x7D, 0x74, 0x46, 0x62, 0x4A, 0x26, 0x9E, 0xD4, 0x44, 0xDD, 0x86, 0x8B,
    0x72, 0x26, 0xF9, 0xAE, 0x79, 0x65, 0x3C, 0xA9, 0xFF, 0xDF, 0xC1, 0x93, 0xCC, 0xF7, 0x9F, 0x9A,
    0xE0, 0xD3, 0x86, 0xDA, 0x8F, 0x50, 0x9E, 0x44, 0xF2, 0x9B, 0xFA, 0xC5, 0x7D, 0xFA, 0x3D, 0x86,
    0x2F, 0x12, 0xB4, 0x34, 0x51, 0xA4, 0x97, 0x80, 0x0F, 0x6D, 0x81, 0x54, 0xC9, 0x40, 0xCA, 0x32,
    0x90, 0x6A, 0xBD, 0x04, 0x52, 0xC9, 0x82, 0x40, 0xEA, 0x32, 0x41, 0x85, 0xE6, 0x0E, 0x6D, 0xD9,
    0xA3, 0xB5, 0x57, 0xB4, 0x2D, 0x54, 0xEB, 0xCF, 0x17, 0x04, 0x52, 0x9F, 0xA3, 0xBA, 0xB7, 0xF9,
    0x35, 0x2A, 0x6A, 0x2D, 0x4F, 0x3E, 0x4B, 0x57, 0x24, 0x2C, 0xB9, 0x96, 0x8A, 0xAA, 0x6A, 0xDD,
    0xC3, 0x44, 0x29, 0xE9, 0x4D, 0xF1, 0x4F, 0xF0, 0x94, 0xD3, 0x93, 0x40, 0xD1, 0x34, 0xC3, 0xB5,
    0x67, 0xE2, 0x44, 0x8F, 0x88, 0x3B, 0x99, 0xCF, 0xC7, 0xEB, 0x5F, 0x6B, 0x7D, 0x2B, 0x26, 0x89,
    0xE1, 0x52, 0x8E, 0x70, 0xA9, 0x40, 0xB8, 0x54, 0x89, 0xF2, 0xEF, 0x1B, 0x80, 0x1A, 0xAB, 0xD0,
    0xF5, 0xE3, 0x59, 0x9A, 0x9F, 0xC8, 0xD9, 0xF6, 0x5F, 0x48, 0x9C, 0xD4, 0x0A, 0xB5, 0x43, 0x23,
    0x22, 0xD7, 0x5B, 0x1F, 0xC3, 0xA5, 0x5C, 0x83, 0x48, 0xE1, 0x75, 0xF9, 0x2F, 0xC8, 0x57, 0xAB,
    0xCC, 0x03, 0x2F, 0x4E, 0x3C, 0x35, 0x75, 0xF3, 0x19, 0x48, 0x2A, 0x7B, 0x84, 0x78, 0x17, 0x57,
    0xDD, 0x16, 0xFF, 0x87, 0x55, 0x26, 0x62, 0x7F, 0x05, 0x4D, 0x3E, 0xCA, 0xAA, 0xD9, 0x8C, 0x50,
    0x6F, 0x01, 0x9A, 0x6E, 0xD3, 0x53, 0x82, 0xE9, 0xB1, 0xC6, 0xD1, 0xD4, 0x25, 0x2A, 0x08, 0x57,
    0xF3, 0x65, 0x7A, 0x32, 0x62, 0x4F, 0xB4, 0x12, 0x29, 0xB8, 0x18, 0x15, 0x6C, 0xB0, 0x85, 0x01,
    0xE6, 0x21, 0xB4, 0x9B, 0x17, 0x52, 0x85, 0x5B, 0x80, 0x25, 0x62, 0x39, 0xD9, 0x03, 0x99, 0xE0,
    0xB1, 0xEA, 0xAF, 0x36, 0x1C, 0x6F, 0x9E, 0xB1, 0x4C, 0x4B, 0xA9, 0xF3, 0x21, 0x65, 0xE1, 0x5C,
    0x67, 0x6E, 0xC0, 0x7B, 0x56, 0xCF, 0x61, 0xE3, 0xC3, 0xE3, 0xB5, 0x89, 0x69, 0x14, 0xE4, 0x51,
    0x74, 0x32, 0x4B, 0x79, 0x5F, 0xE9, 0x9F, 0x64, 0x8B, 0xA6, 0xA7, 0x66, 0xBA, 0x83, 0x9A, 0x4C,
    0x11, 0x2E, 0xD3, 0x5C, 0x54, 0x23, 0xCE, 0x5F, 0xC8, 0xA7, 0x08, 0xA3, 0x53, 0x9E, 0x2F, 0x0D,
    0x56, 0x55, 0x53, 0x68, 0x4E, 0x25, 0x6A, 0x2F, 0xCD, 0xAA, 0xD0, 0x66, 0xCB, 0x8B, 0x6A, 0x5E,
    0x25, 0x96, 0xD8, 0x31, 0xB3, 0xB2, 0x1A, 0x4D, 0xAD, 0x40, 0x0A, 0x49, 0x5D, 0xAF, 0xAF, 0x76,
    0xA1, 0x50, 0xBB, 0x64, 0x36, 0x8F, 0xAE, 0xE6, 0xE3, 0x7B, 0x2D, 0xC4, 0x19, 0x03, 0xC8, 0xDF,
    0x7E, 0x26, 0xC4, 0xFC, 0x42, 0x1E, 0x1F, 0x9B, 0x6B, 0x3A, 0x97, 0xBD, 0x79, 0x76, 0x39, 0x25,
    0x20, 0x64, 0xDA, 0xF5, 0x70, 0x2D, 0x77, 0x2B, 0x06, 0x79, 0xA9, 0xC7, 0xBD, 0x5F, 0xB7, 0xEE,
    0xD9, 0xEF, 0x5D, 0x8E, 0x73, 0xDA, 0xCF, 0x3D, 0x8E, 0x26, 0xCA, 0x8A, 0x27, 0xD9, 0xF4, 0x64,
    0x2E, 0x00, 0xA3, 0x5C, 0x4E, 0x32, 0x96, 0x01, 0xEE, 0x6E, 0xE4, 0xE5, 0xD3, 0x28, 0xC5, 0x5D,
    0xB1, 0x8A, 0xB6, 0x92, 0xAD, 0xA2, 0xD4, 0xCB, 0x01, 0xA0, 0x36, 0xBE, 0xD3, 0xB8, 0x58, 0xE3,
    0x5F, 0x6A, 0x95, 0x65, 0xFD, 0xA8, 0xCB, 0xB6, 0x70, 0x08, 0x8A, 0xEB, 0x2A, 0x3A, 0x6C, 0xA2,
    0xF3, 0x9E, 0x69, 0x22, 0x0F, 0x79, 0xC1, 0xAB, 0xAD, 0xCB, 0xEE, 0x07, 0x90, 0xAA, 0xAD, 0x18,
    0x5C, 0x54, 0xC1, 0x7E, 0xF5, 0x37, 0xA3, 0x66, 0x79, 0xEE, 0x74, 0x7D, 0x5D, 0x84, 0xED, 0x09,
    0x4A, 0x6C, 0x73, 0xAA, 0x88, 0x87, 0xD4, 0xAA, 0x53, 0xE1, 0x2E, 0x20, 0xDA, 0xEF, 0xEE, 0x32,
    0x50, 0x2A, 0xB6, 0x13, 0xCC, 0x36, 0x1D, 0x5A, 0x04, 0x3D, 0x35, 0x92, 0x7B, 0x5D, 0xDB, 0xBF,
    0x34, 0x5D, 0xC9, 0x30, 0x61, 0x83, 0x46, 0x16, 0xF3, 0x58, 0x9F, 0xCD, 0xE3, 0x59, 0xD5, 0xD2,
    0x7E, 0xEC, 0x81, 0x6C, 0xC1, 0x55, 0x76, 0xA0, 0x4F, 0x70, 0xC8, 0x9B, 0x74, 0xBA, 0x53, 0x0F,
    0x3F, 0x6F, 0x97, 0x28, 0x46, 0x0A, 0xDE, 0x9B, 0x5C, 0x98, 0xE3, 0x30, 0xA7, 0xFD, 0xD7, 0xB0,
    0xFE, 0x8C, 0xF5, 0xC5, 0xB3, 0xB1, 0x87, 0xF5, 0xDF, 0x74, 0xAD, 0xC3, 0x95, 0xB4, 0x3D, 0x6B,
    0x17, 0x65, 0x97, 0xB1, 0xFD, 0xF5, 0x33, 0x53, 0x5D, 0xE7, 0xC3, 0x4E, 0x5B, 0x3D, 0x41, 0xBC,
    0x72, 0x42, 0x38, 0x6F, 0x06, 0xA4, 0xE4, 0x9A, 0x5F, 0xDE, 0xAE, 0xA4, 0xC5, 0x2F, 0x54, 0x66,
    0x8E, 0x21, 0x7E, 0xCF, 0x4C, 0xD9, 0x7D, 0x18, 0x4D, 0xD2, 0x5B, 0x04, 0x70, 0x32, 0x66, 0x2B,
    0xD3, 0x95, 0x16, 0xAF, 0xFD, 0x00, 0xD2, 0x5F, 0xFD, 0x68, 0xA1, 0xC6, 0xB4, 0xDF, 0x86, 0x72,
    0x33, 0xFF, 0x13, 0x04, 0x2E, 0xBF, 0x10, 0x9D, 0x50, 0xB8, 0x46, 0x8E, 0xC5, 0x0C, 0x77, 0xFD,
    0x1F, 0xCF, 0x7A, 0xE9, 0x9E, 0xD1, 0x4E, 0xF3, 0xE4, 0xCB, 0xCD, 0x06, 0xE7, 0x54, 0xF4, 0xA5,
    0x02, 0xFB, 0x3D, 0x68, 0xB1, 0xE6, 0x22, 0xED, 0xFB, 0x6C, 0x1F, 0x32, 0xB6, 0xCC, 0x0A, 0x8C,
    0x06, 0x3F, 0xD4, 0xD8, 0xAC, 0x4B, 0x36, 0x9E, 0xAD, 0x0B, 0xCA, 0x5B, 0x52, 0xAD, 0xE6, 0x50,
    0xCD, 0xB2, 0x06, 0xCD, 0xE2, 0x60, 0x1E, 0x7A, 0x73, 0x37, 0xF6, 0xEA, 0x0F, 0xB9, 0x3B, 0xC0,
    0x37, 0xBC, 0x8F, 0x4F, 0xF0, 0x59, 0xCE, 0x92, 0x10, 0xA4, 0x05, 0x56, 0xCA, 0x5A, 0x3D, 0xA4,
    0x7D, 0x91, 0x4F, 0x1F, 0xE1, 0x43, 0xA4, 0x2C, 0x7A, 0x30, 0x6D, 0x7A, 0xB3, 0xF0, 0x51, 0x4E,
    0xC6, 0x53, 0xA3, 0x10, 0x03, 0x6D, 0x59, 0x1D, 0x72, 0xBC, 0xF0, 0x12, 0x86, 0x43, 0xC6, 0xE4,
    0xF0, 0xAF, 0x61, 0xDB, 0x0E, 0xAC, 0x63, 0xE8, 0xF6, 0xA7, 0x74, 0x06, 0x82, 0xCF, 0x8C, 0x89,
    0x35, 0xA6, 0x0A, 0x79, 0x1C, 0x78, 0xC8, 0xF4, 0x3C, 0x18, 0x09, 0x0C, 0xFB, 0x3C, 0xE2, 0x37,
    0x4A, 0x8B, 0x98, 0x98, 0xF6, 0xDB, 0xFE, 0x12, 0x42, 0x88, 0xB2, 0xCD, 0xCB, 0x0C, 0x67, 0x78,
    0x45, 0x19, 0xB3, 0xFD, 0xA3, 0x93, 0xBF, 0xE1, 0x81, 0xDA, 0xA3, 0x6E, 0xDB, 0xF8, 0x3F, 0xF5,
    0x5B, 0x4E, 0x6B, 0x0D, 0x3F, 0x33, 0xA2, 0xC3, 0x42, 0x78, 0xFA, 0x55, 0x23, 0xFE, 0x3B, 0x4D,
    0x79, 0xB2, 0x0E, 0xF9, 0x66, 0x1D, 0x8A, 0xEB, 0xC9, 0xED, 0x21, 0x60, 0x49, 0x64, 0x8F, 0xBE,
    0xB8, 0x46, 0xD2, 0x62, 0xF9, 0xAF, 0x5B, 0xEE, 0xEC, 0x58, 0x26, 0x83, 0x7A, 0x22, 0x48, 0xFE,
    0x76, 0xF3, 0xB8, 0x21, 0x15, 0xDD, 0x29, 0x0D, 0xC7, 0x9F, 0xE4, 0xE5, 0xEA, 0x49, 0xEC, 0x53,
    0xB9, 0x98, 0x86, 0xAB, 0xF8, 0x73, 0xBC, 0x5C, 0xE6, 0x28, 0x55, 0xC7, 0x5D, 0x1B, 0xB1, 0x9E,
    0x7F, 0x1E, 0xA2, 0x3B, 0xDB, 0x3D, 0xE9, 0xEC, 0x8F, 0x65, 0xA6, 0x7F, 0x26, 0x76, 0x84, 0xAB,
    0xB6, 0xE0, 0x3C, 0xA3, 0xDB, 0xD7, 0xAC, 0xA5, 0xFD, 0xA5, 0xC8, 0x50, 0x31, 0xA9, 0x3A, 0x40,
    0xB8, 0x85, 0x1F, 0x7A, 0x54, 0xF5, 0xFC, 0x50, 0x8A, 0x9D, 0x60, 0xC3, 0x68, 0xC4, 0xA0, 0x7D,
    0xE5, 0xC0, 0xC1, 0x8C, 0x9D, 0xEC, 0x98, 0x51, 0x79, 0xFD, 0x8D, 0x1A, 0xD6, 0x8C, 0x88, 0x87,
    0x2E, 0x3B, 0xE2, 0xAA, 0xE5, 0x22, 0x01, 0xA8, 0x67, 0x56, 0xDE, 0x7F, 0x81, 0x54, 0x7D, 0x89,
    0x74, 0xA5, 0x9C, 0xAA, 0x14, 0x8A, 0xAB, 0x54, 0x91, 0x8F, 0x19, 0xD6, 0x45, 0x84, 0x33, 0x11,
    0x2B, 0x84, 0x2A, 0xE4, 0xDF, 0x79, 0x08, 0xC5, 0x8A, 0x74, 0x78, 0x8F, 0xCE, 0x8E, 0x38, 0xBC,
    0x83, 0xA8, 0x24, 0xB1, 0x82, 0x1F, 0xDE, 0x57, 0xFD, 0xD7, 0x8A, 0x12, 0xCF, 0x09, 0xF5, 0x5F,
    0xF8, 0xB5, 0xE0, 0x63, 0x51, 0x31, 0x49, 0xD0, 0x55, 0xB4, 0x1C, 0x70, 0xCA, 0x93, 0x1F, 0xF2,
    0x97, 0xA4, 0x8A, 0x55, 0xDA, 0x29, 0x06, 0x10, 0xA5, 0x66, 0xA0, 0x18, 0x84, 0xF3, 0xB7, 0x88,
    0xFA, 0xE3, 0xC8, 0x39, 0x42, 0x42, 0xA5, 0x8F, 0xBF, 0x92, 0x10, 0xF7, 0xE2, 0xBB, 0x68, 0x9E,
    0xD5, 0x65, 0x48, 0xE2, 0xB4, 0x38, 0x55, 0xD4, 0xC6, 0x21, 0xD1, 0xB7, 0x7D, 0x58, 0x03, 0x87,
    0xBC, 0xB5, 0x96, 0x27, 0x69, 0x52, 0x0D, 0x19, 0xA2, 0xF6, 0x39, 0xE8, 0x91, 0xA8, 0x52, 0x4C,
    0x18, 0xFC, 0xB7, 0x21, 0x27, 0xAC, 0x81, 0x45, 0x51, 0x0D, 0x56, 0x69, 0xC8, 0x5B, 0x33, 0x1A,
    0xCA, 0xA0, 0x54, 0x98, 0x65, 0x76, 0x90, 0x8D, 0xE0, 0x4D, 0xC2, 0xF1, 0x3B, 0xFC, 0x5C, 0x93,
    0xB5, 0x36, 0x9A, 0xA7, 0x43, 0x14, 0x8F, 0xD8, 0x53, 0xD3, 0xEE, 0xDE, 0xDD, 0x69, 0x34, 0xE2,
    0xBF, 0xE7, 0xE6, 0xE0, 0xD2, 0x43, 0xAB, 0x65, 0xF3, 0x99, 0x0F, 0x9D, 0xFE, 0xA2, 0x06, 0x3F,
    0xC1, 0x03, 0x56, 0x92, 0xE9, 0xEF, 0x51, 0xBB, 0x56, 0x5F, 0xAB, 0x8B, 0x61, 0xEB, 0x2B, 0x5D,
    0xAB, 0x41, 0xA0, 0x8B, 0xB8, 0x13, 0x05, 0x6F, 0x1D, 0xB1, 0xDE, 0x53, 0x7D, 0xFF, 0xB0, 0xB3,
    0xE5, 0x99, 0xFC, 0xED, 0x2F, 0xD5, 0x04, 0xAE, 0x7B, 0xE2, 0xAF, 0x2F, 0xBE, 0x4C, 0xBC, 0x7B,
    0xE7, 0x98, 0x57, 0xB4, 0x51, 0x99, 0xC3, 0xD2, 0x24, 0x08, 0x2A, 0x1B, 0xC8, 0x06, 0x7C, 0x49,
    0xD3, 0xFC, 0x5A, 0x76, 0xFA, 0xFD, 0xBA, 0xDD, 0x04, 0xA8, 0x3C, 0xBF, 0xBB, 0xD6, 0x14, 0x4F,
    0x5B, 0x6A, 0xD3, 0x69, 0x35, 0x45, 0x4A, 0xBF, 0x50, 0x9D, 0x42, 0x94, 0x24, 0xD2, 0x6C, 0xC1,
    0x06, 0x62, 0x0B, 0xBF, 0x43, 0xBC, 0x48, 0xA4, 0x02, 0x55, 0x05, 0x95, 0xE7, 0xB9, 0x9F, 0x7E,
    0xAB, 0xAE, 0x0E, 0x2F, 0x8A, 0x69, 0x9B, 0x11, 0xD2, 0x00, 0x60, 0x32, 0xD1, 0xBC, 0xDD, 0x60,
    0x26, 0x48, 0x73, 0x39, 0x9D, 0x99, 0x52, 0xAA, 0xDE, 0x95, 0xB7, 0x82, 0x60, 0x3F, 0xF6, 0x48,
    0x39, 0xCE, 0x8C, 0x3E, 0x41, 0xD2, 0xDF, 0x46, 0x87, 0x7B, 0x06, 0x53, 0xFC, 0x1F, 0xC3, 0x50,
    0x7E, 0x31, 0x07, 0x8D, 0x42, 0x2C, 0x29, 0xFD, 0xE4, 0x4E, 0x29, 0x3B, 0xB1, 0x88, 0x57, 0x6B,
    0x80, 0x3E, 0xDD, 0x6D, 0x5E, 0x6B, 0x82, 0xAD, 0x79, 0xAF, 0x0E, 0x85, 0x1F, 0x08, 0xA1, 0xE7,
    0x50, 0xF8, 0xD1, 0xED, 0x85, 0x1F, 0xCB, 0x9B, 0x14, 0x7E, 0x00, 0x64, 0xB5, 0xFF, 0x11, 0x0B,
    0x9C, 0xD4, 0x9D, 0xC0, 0xB6, 0x20, 0x8D, 0x28, 0x66, 0x0B, 0xEE, 0x07, 0x7F, 0x7A, 0x6E, 0xC7,
    0xBB, 0x7E, 0xC8, 0x6F, 0xF4, 0xEF, 0xBF, 0x01, 0x95, 0x56, 0x3D, 0x8F, 0xDD, 0x44, 0x14, 0x3D,
    0xCF, 0x4E, 0xD6, 0xD1, 0x5A, 0x62, 0x28, 0x90, 0x40, 0x5A, 0xC0, 0x91, 0x68, 0xD0, 0x8A, 0xC4,
    0x0D, 0x05, 0x85, 0x77, 0xC7, 0x11, 0x3F, 0x20, 0x5B, 0xE4, 0x07, 0x50, 0xA4, 0x21, 0x20, 0xD1,
    0x50, 0xA4, 0x78, 0xBB, 0xB6, 0x28, 0x41, 0x4A, 0xB6, 0xA0, 0xCF, 0x4A, 0x50, 0x20, 0x1A, 0x22,
    0xA0, 0x78, 0xC5, 0x26, 0x1E, 0x29, 0x45, 0x90, 0x28, 0x62, 0x92, 0x3F, 0x60, 0x85, 0x34, 0x14,
    0x48, 0x53, 0x18, 0xE4, 0x28, 0x63, 0x5F, 0xCE, 0xD8, 0xFB, 0x36, 0x2F, 0x9B, 0x0F, 0x89, 0xF9,
    0xB0, 0xDF, 0xCC, 0xDC, 0xB9, 0x73, 0x7D, 0xCF, 0xB9, 0x77, 0xDE, 0x95, 0x7D, 0xE8, 0x0E, 0xAA,
    0x47, 0x20, 0x40, 0x65, 0x90, 0x34, 0xD8, 0x3C, 0x80, 0x34, 0x81, 0x94, 0x51, 0x8F, 0xC4, 0x42,
    0x1B, 0xE0, 0xCA, 0x3E, 0x66, 0x62, 0x11, 0x8A, 0x83, 0x7A, 0x32, 0x40, 0xD7, 0x55, 0x59, 0xE5,
    0x49, 0x1D, 0x0C, 0x17, 0x5A, 0x25, 0x62, 0x13, 0x76, 0x2D, 0x62, 0xB6, 0x67, 0x03, 0x44, 0xDC,
    0x4A, 0x13, 0xBB, 0xDA, 0x2F, 0x63, 0x2D, 0xEF, 0x91, 0x9A, 0x4A, 0xA4, 0xA4, 0x3C, 0x12, 0xEA,
    0x0B, 0x84, 0x06, 0xE4, 0x62, 0x7C, 0xD5, 0xB9, 0xBE, 0xE0, 0xE4, 0x8E, 0xB0, 0x15, 0x17, 0xFA,
    0x2F, 0x9A, 0xAA, 0xAF, 0x64, 0x26, 0x90, 0xA8, 0x57, 0xAD, 0x32, 0x49, 0x53, 0xB8, 0xAE, 0xB2,
    0xDA, 0xEA, 0xAE, 0x2A, 0x5C, 0xD2, 0xCC, 0xE4, 0xBA, 0x0B, 0x87, 0xD4, 0xAA, 0xAE, 0x30, 0x69,
    0x4D, 0xAB, 0x82, 0x16, 0x9F, 0x22, 0x38, 0x28, 0x4C, 0x62, 0x93, 0xB6, 0x32, 0x31, 0x4F, 0x08,
    0x78, 0x02, 0xA4, 0x85, 0x9B, 0x8A, 0x32, 0x27, 0x9A, 0xDC, 0xED, 0xA1, 0xEF, 0x0B, 0x94, 0xAD,
    0xCA, 0xB0, 0x4B, 0x0D, 0xFA, 0xC8, 0x62, 0x97, 0x5B, 0xF0, 0x86, 0x9C, 0x9E, 0xEF, 0xEA, 0x6D,
    0xDC, 0xD6, 0xD2, 0x2B, 0x69, 0xE9, 0x8E, 0x59, 0xB5, 0x8F, 0x98, 0xFA, 0x52, 0xEA, 0x2D, 0x44,
    0xF2, 0x2A, 0x4F, 0x4B, 0xFA, 0xC3, 0x04, 0x2E, 0x74, 0x51, 0x47, 0x0B, 0x6D, 0xEA, 0x8D, 0x6B,
    0x62, 0xA7, 0x9C, 0xEA, 0x94, 0x4D, 0x6C, 0x5A, 0x6B, 0xA3, 0x4B, 0xDD, 0x68, 0xAE, 0x28, 0xAB,
    0xDA, 0xA8, 0x0B, 0x5D, 0xE0, 0x4E, 0xAE, 0xD3, 0xDD, 0xA9, 0x43, 0x3C, 0xD0, 0xC5, 0x39, 0x8A,
    0x9A, 0xB6, 0xD0, 0xDF, 0x33, 0x31, 0x11, 0xCD, 0x72, 0xD0, 0x0D, 0xAA, 0x1C, 0xB0, 0xBE, 0x56,
    0xAC, 0xFE, 0x3D, 0x3E, 0x40, 0x9F, 0x8E, 0xBF, 0x58, 0x68, 0x11, 0x1B, 0xD4, 0xC9, 0x16, 0x8A,
    0x6F, 0xD1, 0xE0, 0x15, 0x55, 0x1D, 0x51, 0xC5, 0x90, 0x63, 0x07, 0x48, 0x0A, 0x67, 0xAD, 0x2B,
    0x54, 0x50, 0x86, 0xC6, 0x57, 0x42, 0xE5, 0xFD, 0xC4, 0xE7, 0x34, 0x5E, 0x9D, 0xF7, 0xEF, 0x69,
    0x8D, 0x5E, 0x39, 0xAA, 0x33, 0xA9, 0x84, 0xE0, 0xB8, 0xA2, 0x91, 0xA7, 0x93, 0xB9, 0x0C, 0xD5,
    0xA0, 0x87, 0xB8, 0x7F, 0x31, 0x9C, 0x27, 0xE1, 0xA3, 0x5B, 0x4C, 0x51, 0x56, 0xE8, 0xE1, 0xA1,
    0xDD, 0xE8, 0xBD, 0x0A, 0x16, 0x57, 0x35, 0xB3, 0x3C, 0x6E, 0xD2, 0xB2, 0xC0, 0xE0, 0xA7, 0x5C,
    0x41, 0x87, 0x4D, 0x65, 0xFC, 0x50, 0x5F, 0xAC, 0xF7, 0xD1, 0xB2, 0x65, 0xA1, 0xB1, 0xBB, 0x71,
    0x59, 0x78, 0x3E, 0x3D, 0xE8, 0xC8, 0x80, 0xD9, 0x81, 0x26, 0x03, 0x14, 0x19, 0x10, 0x8D, 0x0C,
    0xE8, 0xB9, 0xAD, 0x7B, 0x8E, 0xC3, 0x69, 0x33, 0x71, 0xF8, 0xC5, 0x9C, 0xAC, 0xF1, 0x32, 0xB4,
    0xA3, 0xC7, 0x61, 0x43, 0xBE, 0x37, 0x9E, 0xEF, 0x9C, 0x2F, 0x0F, 0xD7, 0xFA, 0x67, 0x38, 0x8F,
    0x63, 0x2B, 0x27, 0x53, 0x47, 0x73, 0x57, 0xCA, 0x72, 0x2E, 0xE8, 0x83, 0x65, 0xDC, 0xD4, 0x5E,
    0xD7, 0xEE, 0xDA, 0x80, 0x93, 0xF1, 0x22, 0x2F, 0x29, 0xA3, 0xA2, 0x0F, 0x11, 0x38, 0x24, 0x03,
    0x71, 0x8D, 0xA4, 0x2E, 0xF8, 0x66, 0xA8, 0xE6, 0x78, 0xEB, 0xE8, 0x18, 0xD2, 0x18, 0xAA, 0x66,
    0x27, 0x76, 0x69, 0x09, 0xBF, 0x84, 0x82, 0xF3, 0xB7, 0xD8, 0x69, 0xE3, 0x8C, 0x0E, 0x09, 0xDB,
    0x49, 0x2C, 0x6E, 0x26, 0xB1, 0xC4, 0x4C, 0x62, 0x9A, 0x22, 0xB7, 0xD9, 0xE9, 0xB7, 0x19, 0x45,
    0x03, 0x2F, 0x6A, 0x5F, 0xA0, 0x11, 0x93, 0x46, 0x8A, 0xE1, 0x4B, 0xEA, 0x4D, 0xC9, 0x37, 0xC5,
    0xE7, 0x2D, 0x8E, 0x56, 0x01, 0x3A, 0xB6, 0xBA, 0x64, 0x37, 0x04, 0xE0, 0xB8, 0xFB, 0xB1, 0xEF,
    0x1B, 0x5F, 0x75, 0xDE, 0xC5, 0x68, 0xF7, 0xE2, 0xD2, 0xC3, 0x09, 0x64, 0x99, 0x76, 0x0C, 0x18,
    0xAB, 0x5D, 0x96, 0xD1, 0x30, 0x54, 0x68, 0x59, 0xE7, 0x38, 0xCF, 0x13, 0x12, 0xF2, 0xA2, 0xC5,
    0xAB, 0x5C, 0xBB, 0xF9, 0xFD, 0x18, 0x50, 0x42, 0xBC, 0x4B, 0xE6, 0x2A, 0xC4, 0x16, 0x3F, 0xEE,
    0x07, 0x62, 0x18, 0x62, 0x49, 0xE7, 0x27, 0xE8, 0xC0, 0xA8, 0x0F, 0xED, 0x11, 0x8C, 0xB5, 0x87,
    0xF1, 0x16, 0x61, 0xBC, 0xE4, 0x39, 0x6C, 0x94, 0x51, 0x65, 0x8A, 0x53, 0xF0, 0x91, 0x83, 0xE2,
    0xE3, 0x21, 0xCD, 0xE5, 0xAE, 0x2B, 0x8C, 0xFC, 0xCE, 0x34, 0x53, 0x5C, 0xB4, 0x69, 0x3E, 0x7A,
    0xE1, 0x88, 0xF3, 0x0C, 0xC8, 0xB4, 0x59, 0x3D, 0x9B, 0x06, 0x1D, 0xF7, 0x03, 0xE0, 0xE0, 0x55,
    0x76, 0x3E, 0x9F, 0x8E, 0x30, 0x06, 0x35, 0x96, 0xD5, 0x97, 0xA0, 0x46, 0xF4, 0xE4, 0x8E, 0x49,
    0xE4, 0x9B, 0x72, 0x3B, 0x95, 0x3C, 0xDB, 0xEA, 0xBD, 0xBB, 0xA7, 0x92, 0x78, 0xB4, 0xCC, 0xD4,
    0xF9, 0x3B, 0x6A, 0x23, 0xA3, 0x06, 0x65, 0x48, 0xD9, 0x72, 0x3B, 0x11, 0x64, 0x1E, 0xBE, 0x13,
    0x32, 0x7E, 0xD7, 0xB0, 0x57, 0x88, 0x5B, 0x6C, 0x10, 0x7E, 0xA8, 0xE6, 0x5D, 0xDD, 0x6F, 0xCD,
    0x0B, 0xF7, 0x6B, 0x34, 0x1D, 0x67, 0x76, 0x10, 0x99, 0xC5, 0xC8, 0x7A, 0xBA, 0x87, 0x20, 0x2D,
    0x80, 0x72, 0xE7, 0xE8, 0xBC, 0x75, 0x02, 0x5F, 0x34, 0x0A, 0x53, 0x25, 0x6F, 0xAD, 0xF2, 0xEC,
    0xB5, 0xF1, 0xF4, 0x7D, 0x44, 0x3B, 0x28, 0xA1, 0x0E, 0xF0, 0xCB, 0x35, 0x8A, 0xAE, 0x1F, 0xAC,
    0xD3, 0x01, 0xAF, 0x01, 0x37, 0x97, 0xDF, 0x7D, 0xD3, 0x0F, 0xBD, 0x57, 0xD6, 0xD5, 0x91, 0x3C,
    0x5D, 0x17, 0xAB, 0xD5, 0x99, 0x49, 0x06, 0x7E, 0x66, 0x6C, 0x4B, 0x0D, 0x3B, 0xF8, 0xF9, 0x1A,
    0x4E, 0x5B, 0x7C, 0xF7, 0x35, 0x96, 0x7B, 0xC7, 0xE7, 0x74, 0xFA, 0x64, 0x49, 0x4D, 0x2A, 0xA6,
    0x75, 0xD4, 0xA4, 0x75, 0x0F, 0x82, 0x5E, 0xF4, 0xCE, 0xF5, 0x3A, 0xE6, 0xFD, 0x92, 0x48, 0xC7,
    0x24, 0x7E, 0x1B, 0x7B, 0x6E, 0x37, 0xB9, 0x24, 0xA7, 0x3D, 0xFC, 0xBB, 0x38, 0x73, 0x76, 0xFB,
    0x30, 0x69, 0x55, 0x93, 0x76, 0xE7, 0xE6, 0xA7, 0x5E, 0xC7, 0x7E, 0x5C, 0x4B, 0xCE, 0x0C, 0x97,
    0xC7, 0x35, 0xF6, 0x9F, 0xD5, 0x54, 0xE3, 0x32, 0xC7, 0xCC, 0x04, 0x7F, 0x38, 0x44, 0x7F, 0xFE,
    0x8D, 0xF4, 0xC1, 0x3D, 0x0C, 0xF1, 0x45, 0xD4, 0x2A, 0x2A, 0xAF, 0x92, 0x9A, 0x69, 0x49, 0xCA,
    0x98, 0x94, 0xA9, 0xEC, 0xEA, 0xCA, 0x4D, 0x16, 0x9A, 0xF7, 0x7E, 0xD3, 0x2E, 0x65, 0x9E, 0x3F,
    0xBF, 0x38, 0x73, 0xD6, 0x67, 0xA6, 0x42, 0x06, 0xD8, 0x2D, 0x05, 0x9B, 0xC5, 0xE3, 0xDB, 0x8F,
    0x93, 0xFB, 0x1D, 0x3F, 0xF0, 0x1D, 0xF2, 0x55, 0x3B, 0x7C, 0x44, 0x60, 0x3F, 0xD1, 0xA5, 0x07,
    0xDD, 0x25, 0x1E, 0x9D, 0xA4, 0x8D, 0x79, 0x3B, 0xAE, 0x49, 0x13, 0x4E, 0x01, 0x04, 0x26, 0x29,
    0x6E, 0x22, 0xB5, 0xC9, 0x5C, 0xAE, 0x7F, 0x26, 0x7F, 0x11, 0xD8, 0xFF, 0xBB, 0x01, 0xCF, 0xA6,
    0xA8, 0x93, 0xC3, 0xEA, 0x31, 0x59, 0x32, 0xA7, 0x82, 0x61, 0x7F, 0xE6, 0xA6, 0xE8, 0xED, 0xD2,
    0x29, 0x97, 0xE9, 0x72, 0x8D, 0xAF, 0x7A, 0x9B, 0x89, 0xE1, 0x27, 0x6A, 0xC5, 0x86, 0x3C, 0xF2,
    0xA9, 0x66, 0x52, 0xCE, 0x28, 0x62, 0xAA, 0x9D, 0x4D, 0x07, 0x47, 0xF2, 0x2D, 0xDE, 0x94, 0x46,
    0x31, 0x77, 0x20, 0xB5, 0xBC, 0x57, 0x29, 0xD6, 0x6D, 0x8E, 0x47, 0xFD, 0xB0, 0x1A, 0x0A, 0x1F,
    0x4C, 0x2F, 0xC6, 0xD8, 0x58, 0x9A, 0xA3, 0xD7, 0x34, 0x39, 0xAD, 0xBD, 0xBF, 0x94, 0xDD, 0x68,
    0xB6, 0x1D, 0xB2, 0x0D, 0xB7, 0xC8, 0x6C, 0x36, 0xB8, 0x4D, 0x66, 0xBA, 0xB4, 0xDD, 0x9D, 0xB7,
    0xE7, 0xA4, 0xFF, 0xE7, 0xD2, 0x02, 0xDA, 0xAD, 0x3F, 0xF2, 0xD7, 0xE1, 0x54, 0xE2, 0x46, 0xBB,
    0x6E, 0xBC, 0x74, 0xBB, 0xB4, 0xE0, 0xBF, 0x07, 0x9B, 0x4D, 0xB5, 0x9D, 0x8B, 0xD3, 0x9F, 0xC7,
    0x8F, 0x74, 0xDB, 0x8D, 0x11, 0x46, 0x54, 0x3A, 0xFE, 0xC7, 0x19, 0x09, 0xBD, 0x71, 0xA3, 0x90,
    0xE3, 0x3D, 0x92, 0xDC, 0xF3, 0xEB, 0xFF, 0x36, 0xE2, 0xBA, 0xF9, 0x72, 0xB7, 0xCD, 0x1E, 0x36,
    0x0B, 0xEF, 0x2B, 0x74, 0x7B, 0x09, 0x71, 0x54, 0xCF, 0xF5, 0x87, 0xB5, 0x34, 0x0E, 0x4F, 0x23,
    0xF8, 0x6D, 0x30, 0x73, 0x98, 0x0C, 0x53, 0xE5, 0xBD, 0x64, 0x2E, 0xAF, 0xE5, 0x87, 0x0A, 0x59,
    0x82, 0x73, 0x5B, 0x48, 0x32, 0xA8, 0x85, 0x4F, 0xAC, 0x61, 0x83, 0x34, 0x36, 0xF1, 0x0D, 0x84,
    0xBD, 0xCF, 0xB9, 0x21, 0x2F, 0xEC, 0xEB, 0x79, 0x1A, 0x99, 0xFF, 0x00, 0xE5, 0x7D, 0xBD, 0xB3,
    0xE4, 0xCA, 0x75, 0x5F, 0xCF, 0x0C, 0x79, 0x61, 0x11, 0x25, 0x82, 0x01, 0x65, 0x97, 0xB5, 0x2E,
    0x41, 0x01, 0x23, 0x96, 0x4A, 0x48, 0x98, 0xA8, 0x8A, 0x14, 0xE6, 0xE9, 0x05, 0x0C, 0x14, 0x3C,
    0x06, 0x76, 0xE4, 0xC0, 0x0A, 0x14, 0xF8, 0x43, 0x55, 0xEB, 0xD0, 0x81, 0x48, 0x80, 0x64, 0xE8,
    0x80, 0xFB, 0x1F, 0x98, 0x01, 0x5D, 0x25, 0x32, 0x21, 0x03, 0x07, 0x64, 0x95, 0x45, 0x60, 0x77,
    0x83, 0x17, 0xBC, 0x60, 0x21, 0x31, 0x60, 0xB8, 0xA0, 0xB8, 0x2C, 0xC9, 0xA5, 0x60, 0x21, 0x72,
    0xAC, 0x87, 0x7D, 0x0B, 0xA0, 0x75, 0x7E, 0xBF, 0x73, 0x1A, 0x83, 0xF9, 0xB8, 0x9F, 0xBB, 0xFB,
    0xB8, 0xB2, 0xEF, 0xDE, 0x39, 0x8D, 0xBD, 0x03, 0x34, 0x1A, 0x07, 0xDD, 0xE7, 0xFB, 0x9C, 0xCE,
    0x46, 0xE7, 0x22, 0xEF, 0xDC, 0xCA, 0x97, 0xCE, 0x15, 0x8D, 0x73, 0x49, 0xE7, 0xDC, 0xFA, 0x3B,
    0x2E, 0xFC, 0x78, 0xEF, 0xBB, 0x83, 0x4F, 0x2D, 0x7F, 0x3B, 0xFE, 0x78, 0xDF, 0xC8, 0xA7, 0x9D,
    0x3F, 0xE7, 0xCE, 0xD9, 0x9F, 0x7B, 0xD0, 0x5F, 0x52, 0xE7, 0x2E, 0x97, 0x5E, 0xC3, 0x07, 0xFF,
    0x5F, 0xFE, 0xBC, 0xE9, 0xFB, 0x7B, 0x00, 0x77, 0x0A, 0x5D, 0x32, 0xE0, 0xF6, 0x97, 0xC2, 0xB1,
    0x7A, 0x26, 0x50, 0x4E, 0xDD, 0x12, 0x36, 0x84, 0x9D, 0xFC, 0xDD, 0x55, 0x3D, 0xCE, 0xC9, 0x06,
    0xC0, 0xD3, 0xDF, 0x94, 0x30, 0xC7, 0x39, 0xA9, 0xDF, 0x11, 0xB6, 0x84, 0x35, 0xE0, 0x0B, 0x3C,
    0x71, 0xE7, 0xD6, 0xF2, 0x32, 0xA2, 0x49, 0xFA, 0xEF, 0x9D, 0xCB, 0xE4, 0x9D, 0x7C, 0x7E, 0xBB,
    0xC4, 0x47, 0xBF, 0xF8, 0xEC, 0xAE, 0x7C, 0xD6, 0x3B, 0x7C, 0xDC, 0xAA, 0x9A, 0xB6, 0x2E, 0x93,
    0xDE, 0x71, 0xAB, 0xDD, 0x86, 0xEF, 0xC8, 0x97, 0x17, 0x4D, 0x86, 0xE7, 0xCE, 0x05, 0x31, 0xAE,
    0x68, 0x05, 0x54, 0x8D, 0x0E, 0x66, 0x04, 0x98, 0x96, 0x00, 0x9D, 0x78, 0x7C, 0x5B, 0xE1, 0xBC,
    0x02, 0x57, 0xE4, 0x3B, 0x01, 0xD9, 0x08, 0xBC, 0xF9, 0x07, 0xAB, 0x1F, 0x44, 0xE8, 0x74, 0x45,
    0x7C, 0xE5, 0x9E, 0x8F, 0xFB, 0xD1, 0xD6, 0xA5, 0xFE, 0x81, 0x4C, 0x42, 0xE9, 0x20, 0x06, 0x48,
    0xBD, 0x07, 0x0E, 0x57, 0x3F, 0xD4, 0x5B, 0xE6, 0x73, 0x2F, 0xB9, 0xA0, 0x45, 0xBE, 0xC5, 0x44,
    0x95, 0x7B, 0x3B, 0x19, 0x9F, 0xDC, 0xAF, 0x12, 0x4C, 0xCA, 0x75, 0x18, 0x61, 0xA5, 0xDF, 0x3B,
    0x9D, 0xD5, 0xF2, 0xBD, 0xFB, 0x0A, 0xC0, 0x8F, 0xB7, 0xE9, 0x24, 0xA7, 0xC9, 0x29, 0x02, 0x76,
    0xAE, 0xC0, 0x1B, 0xBB, 0xF0, 0x2F, 0xF0, 0xCC, 0xB7, 0xFB, 0xF7, 0xD5, 0xA8, 0xF1, 0x49, 0xA7,
    0xBF, 0x72, 0x3C, 0xBF, 0x97, 0x64, 0x78, 0x3D, 0xBF, 0xAF, 0xAD, 0x23, 0xCC, 0xB5, 0xDE, 0x15,
    0xBB, 0xCA, 0x77, 0x95, 0x6F, 0x2A, 0xBF, 0xBD, 0x2F, 0x13, 0x56, 0xD0, 0xCD, 0xF7, 0x73, 0xE5,
    0x41, 0xED, 0x6E, 0x74, 0xE0, 0xA7, 0x70, 0x20, 0x33, 0xD8, 0x0E, 0x86, 0x70, 0xE0, 0xED, 0xE4,
    0x58, 0xD6, 0x47, 0x81, 0x03, 0x4C, 0x69, 0x1E, 0xE0, 0xB7, 0x3A, 0x39, 0xE0, 0xEF, 0x0A, 0xB0,
    0xD4, 0x93, 0xD7, 0x72, 0x21, 0x2F, 0x47, 0x57, 0xEC, 0x10, 0xF7, 0xE3, 0x2D, 0x70, 0x17, 0x5D,
    0xA9, 0x8D, 0xD3, 0x61, 0x70, 0xF1, 0xB8, 0xD7, 0xD0, 0xF2, 0xA7, 0xB5, 0xD6, 0x87, 0xB6, 0xB6,
    0xB6, 0xD3, 0xF3, 0xAA, 0x9D, 0xB6, 0xD9, 0xA0, 0x6D, 0x72, 0x49, 0x1B, 0xBE, 0xD7, 0xF3, 0xC3,
    0xF5, 0x24, 0x56, 0xDA, 0x3A, 0x6D, 0x9F, 0xB9, 0x3B, 0x13, 0xA1, 0xEF, 0xFF, 0x9D, 0x12, 0xA1,
    0x92, 0xB0, 0x0D, 0x44, 0x68, 0x72, 0x45, 0xBF, 0x27, 0x36, 0x77, 0x99, 0x85, 0xF9, 0x60, 0x0B,
    0x98, 0x7C, 0x61, 0x83, 0xA5, 0x1B, 0x63, 0xF9, 0x7D, 0xEA, 0xC1, 0x01, 0x71, 0xAE, 0x5D, 0xD6,
    0x0B, 0x28, 0xF0, 0x64, 0x78, 0xAC, 0x8D, 0x2F, 0x7D, 0x1D, 0xE1, 0xC1, 0xA4, 0x13, 0x21, 0xE8,
    0x3B, 0x01, 0xD2, 0x8B, 0x7F, 0xE8, 0x39, 0x2B, 0xB6, 0xF6, 0xBA, 0xEC, 0x9D, 0xCA, 0x7F, 0x1F,
    0xF1, 0xC5, 0x03, 0xE5, 0x75, 0x81, 0x93, 0x33, 0x5C, 0x96, 0x80, 0x8A, 0x44, 0xF2, 0xEA, 0xA5,
    0xBF, 0x1A, 0x27, 0x80, 0xA2, 0x13, 0x8B, 0x39, 0x50, 0x2A, 0x2B, 0x59, 0xE8, 0x27, 0x9F, 0x1F,
    0x70, 0xED, 0x39, 0x96, 0xAA, 0x04, 0xCC, 0xB8, 0x22, 0x2F, 0x0E, 0x46, 0xA9, 0xE3, 0x24, 0xB6,
    0x73, 0xC2, 0x82, 0x90, 0xF8, 0x5F, 0x11, 0x6E, 0x08, 0xA3, 0x97, 0x1C, 0xF8, 0xAF, 0x00, 0xD3,
    0x9F, 0x03, 0xE6, 0x8F, 0x09, 0xBF, 0x09, 0x58, 0x6D, 0x00, 0x27, 0xC0, 0x47, 0x23, 0xE0, 0xE3,
    0x01, 0xF0, 0x83, 0x1D, 0xE0, 0x93, 0x0E, 0xF0, 0x79, 0x03, 0x88, 0xEE, 0x04, 0x6E, 0x09, 0x41,
    0x7B, 0xE4, 0x91, 0x01, 0x07, 0xC2, 0x1E, 0x50, 0x56, 0x42, 0x86, 0x35, 0xD3, 0x82, 0xE1, 0x66,
    0x5C, 0x77, 0x09, 0x70, 0x22, 0xC4, 0x77, 0xE7, 0xCE, 0xFC, 0x54, 0x1D, 0x9E, 0x41, 0x88, 0xA0,
    0xBC, 0x0D, 0x79, 0x74, 0x59, 0x1B, 0x29, 0x7B, 0x13, 0x04, 0x44, 0x23, 0x38, 0x45, 0xA2, 0xFF,
    0xED, 0x71, 0x42, 0xA6, 0x27, 0xB7, 0xA0, 0xD1, 0xE8, 0x3F, 0x6F, 0x65, 0x95, 0xB9, 0xAC, 0x13,
    0x74, 0xBB, 0xE4, 0x23, 0xDC, 0x25, 0xE6, 0xD2, 0xDD, 0x90, 0x5E, 0x6E, 0x3C, 0x50, 0xB9, 0xF2,
    0xBC, 0x2F, 0xA6, 0x9C, 0x11, 0xEF, 0x08, 0xEF, 0x5D, 0x07, 0x45, 0x42, 0x2B, 0x10, 0xA7, 0xC4,
    0xD3, 0x56, 0xF1, 0x49, 0xC2, 0xFB, 0x46, 0xC1, 0x99, 0x1F, 0xE2, 0xEE, 0x2C, 0x20, 0x51, 0x30,
    0xB8, 0xB6, 0xC7, 0xE3, 0x97, 0x13, 0x1F, 0x78, 0xE0, 0xD3, 0x60, 0xF2, 0x08, 0x51, 0x24, 0xD2,
    0x77, 0x40, 0x50, 0xDE, 0x81, 0xB1, 0x14, 0x6D, 0xB6, 0x03, 0xB2, 0x84, 0x5C, 0xEA, 0xC4, 0x15,
    0x24, 0xC6, 0xA3, 0x74, 0xE3, 0xF9, 0xE6, 0x70, 0x5F, 0x70, 0x2C, 0xBF, 0x8D, 0x49, 0x0C, 0xB0,
    0x3C, 0x64, 0x82, 0x00, 0x36, 0x98, 0x87, 0x55, 0x07, 0xC6, 0x94, 0x77, 0xE0, 0x74, 0x79, 0x0F,
    0x5A, 0x28, 0x0B, 0xDF, 0x18, 0xE3, 0x01, 0xA8, 0x9D, 0x3B, 0x0F, 0xC8, 0x87, 0x6C, 0xD5, 0x8F,
    0x46, 0xEC, 0x84, 0xF4, 0x95, 0x20, 0x84, 0xB5, 0x2E, 0x90, 0x05, 0xE0, 0xDF, 0x48, 0x18, 0x95,
    0x42, 0x8D, 0xE1, 0xDA, 0x89, 0xCB, 0xAB, 0x34, 0x22, 0x19, 0xE8, 0x17, 0x17, 0xE4, 0x69, 0x2F,
    0x11, 0x3B, 0x20, 0xCF, 0xDE, 0xED, 0xEF, 0xCB, 0x5B, 0x82, 0x3C, 0x55, 0x58, 0x72, 0x90, 0xC7,
    0x16, 0xA0, 0xEA, 0xF0, 0x6D, 0x3B, 0x53, 0xC4, 0x6D, 0xB8, 0xD1, 0x83, 0x37, 0x2F, 0x95, 0xE4,
    0x4A, 0x0F, 0xCF, 0x37, 0x1D, 0xE5, 0x83, 0x3B, 0x37, 0xAD, 0xD3, 0x59, 0xA0, 0x4D, 0xC3, 0xA6,
    0xAA, 0xD9, 0xF0, 0xD1, 0x65, 0x3E, 0x6C, 0xD1, 0x60, 0xA2, 0xE5, 0x9D, 0x3B, 0xE0, 0x09, 0xC7,
    0x8D, 0xBE, 0xD4, 0xAB, 0x9A, 0x8F, 0x49, 0xAE, 0xCD, 0x21, 0x5B, 0x42, 0x06, 0x9A, 0x69, 0x7A,
    0x3C, 0x99, 0xE4, 0xB9, 0xF1, 0x5B, 0x39, 0x28, 0x3A, 0x17, 0xC8, 0x34, 0xE6, 0x70, 0x22, 0xD4,
    0xAC, 0x84, 0x8C, 0x95, 0x0C, 0x14, 0x9C, 0x92, 0x01, 0xFF, 0x48, 0x08, 0x92, 0x81, 0x92, 0xD7,
    0xC6, 0x78, 0x92, 0xB2, 0xC9, 0x7A, 0x79, 0x30, 0x7F, 0x35, 0x9F, 0x9C, 0x4C, 0xC9, 0x40, 0x89,
    0x31, 0x43, 0x3F, 0x58, 0x8F, 0x05, 0x7B, 0x16, 0xEA, 0xE1, 0xDB, 0x64, 0x90, 0x39, 0x2C, 0xEB,
    0x8B, 0x77, 0x6F, 0x6D, 0x3C, 0x42, 0xE3, 0x12, 0x8E, 0x56, 0x58, 0x4F, 0x3A, 0x92, 0x7B, 0x8D,
    0x2A, 0x27, 0x0B, 0xBD, 0xE2, 0xB7, 0xA0, 0x71, 0xE5, 0xAA, 0x92, 0x61, 0x52, 0x3C, 0xC5, 0xDB,
    0x87, 0x9C, 0xE8, 0xCB, 0x4F, 0x6F, 0xA3, 0xC3, 0x25, 0x45, 0xA6, 0x15, 0x93, 0xC9, 0x50, 0x56,
    0x78, 0x00, 0xF0, 0x0C, 0x60, 0xA4, 0x74, 0xB8, 0x75, 0x14, 0xB1, 0x8F, 0x57, 0xA2, 0x8C, 0xE8,
    0x4B, 0x72, 0xD9, 0x96, 0x3D, 0xE7, 0xB8, 0x36, 0x07, 0x53, 0xBD, 0x30, 0x11, 0xE3, 0xAD, 0x62,
    0x21, 0x2B, 0xC1, 0x09, 0x90, 0xE9, 0x88, 0xD2, 0x6F, 0xE0, 0x95, 0x15, 0xF6, 0x74, 0xBD, 0x0B,
    0x8F, 0xF7, 0x16, 0xB3, 0xC0, 0x5F, 0x9F, 0xE8, 0x10, 0xF4, 0x8E, 0x63, 0xF8, 0x0A, 0xBF, 0x05,
    0x61, 0xA5, 0x90, 0x74, 0xC4, 0x03, 0x0A, 0x29, 0x05, 0xE5, 0x54, 0xFA, 0x29, 0x2F, 0x04, 0x10,
    0x24, 0x04, 0xEF, 0x49, 0x20, 0x19, 0x10, 0xDE, 0x56, 0x2C, 0x4B, 0x16, 0x92, 0xBF, 0xE7, 0x37,
    0x68, 0x26, 0x88, 0x05, 0x7A, 0x36, 0x9A, 0x2D, 0x1B, 0x91, 0x70, 0x2A, 0x41, 0x17, 0xA4, 0x68,
    0xB9, 0x2E, 0x6F, 0xD8, 0x64, 0xED, 0x7A, 0x94, 0x26, 0xED, 0x36, 0x43, 0x0E, 0x9D, 0x84, 0x4D,
    0xDC, 0xC7, 0x3B, 0x69, 0xA2, 0x21, 0x11, 0x06, 0xE7, 0x37, 0xD6, 0x8C, 0x59, 0x23, 0xCD, 0xCA,
    0xE7, 0x50, 0xB4, 0x9D, 0xF4, 0xC3, 0x46, 0xA6, 0xBB, 0x34, 0x95, 0xC7, 0x58, 0x30, 0x39, 0xD8,
    0x8C, 0x6C, 0x04, 0xA3, 0x68, 0xD2, 0x41, 0xE9, 0xFF, 0xAB, 0xF1, 0xEE, 0x3B, 0x8A, 0x01, 0x32,
    0x93, 0x5F, 0x28, 0xFD, 0x6F, 0xA0, 0x1E, 0x0A, 0xBA, 0x22, 0xF2, 0xAD, 0x44, 0x64, 0x20, 0x8E,
    0x70, 0xC3, 0xB9, 0x82, 0x49, 0x00, 0xB2, 0xDD, 0x42, 0x2F, 0x2D, 0x5A, 0x88, 0x30, 0x1C, 0xF3,
    0x79, 0xC8, 0x6F, 0xF5, 0x4C, 0x5E, 0xD5, 0x68, 0x0F, 0xEC, 0xAD, 0xD4, 0x9E, 0x23, 0xF2, 0x44,
    0xBD, 0xA3, 0xDE, 0x5D, 0x47, 0x82, 0x27, 0x19, 0x8E, 0x41, 0x1D, 0x64, 0xFE, 0x37, 0x08, 0xEC,
    0xE6, 0x0D, 0x79, 0xAD, 0xF1, 0xF8, 0x3A, 0xD5, 0xE9, 0xEE, 0x74, 0xC1, 0x2D, 0x40, 0x0C, 0x90,
    0x8D, 0xB3, 0x2C, 0x40, 0x1E, 0x5F, 0x9B, 0xA8, 0x71, 0xA9, 0x20, 0x72, 0x06, 0x88, 0x48, 0xFA,
    0x11, 0xED, 0x01, 0xAA, 0xB0, 0x03, 0x2D, 0x0D, 0xEC, 0x01, 0x35, 0xD5, 0x79, 0xD2, 0x7A, 0xAA,
    0xF8, 0x54, 0xF6, 0x29, 0x39, 0x9E, 0xED, 0xAA, 0x09, 0x26, 0x83, 0x13, 0x7B, 0x40, 0xB9, 0x6A,
    0xD1, 0x69, 0xBB, 0xA2, 0x02, 0x43, 0x4C, 0x03, 0xD1, 0x7E, 0x36, 0xCE, 0xEC, 0x81, 0xAA, 0x3D,
    0x6F, 0x16, 0xBC, 0x6D, 0xA2, 0x76, 0x90, 0x6F, 0xAD, 0xB9, 0xA0, 0x98, 0x07, 0x23, 0x86, 0xEF,
    0x74, 0xA1, 0x8D, 0x54, 0xFA, 0x64, 0x19, 0x67, 0xD3, 0xBB, 0x3E, 0x02, 0x2D, 0xC4, 0x04, 0x68,
    0xAA, 0x56, 0x1A, 0x91, 0xE2, 0x40, 0x8F, 0x31, 0xEF, 0xCF, 0x35, 0xFA, 0x9D, 0x9D, 0x99, 0xEB,
    0x75, 0xD6, 0x8B, 0xF5, 0x69, 0x77, 0x80, 0xBD, 0x04, 0x03, 0xBE, 0xA8, 0xB8, 0x18, 0x0F, 0x87,
    0xA4, 0x0D, 0xE4, 0xE1, 0x7C, 0x07, 0x9E, 0x8B, 0xFE, 0xB6, 0xAA, 0xCD, 0xF3, 0xA0, 0x85, 0x3C,
    0x01, 0xB9, 0x02, 0x27, 0x65, 0x3D, 0xD4, 0x36, 0x88, 0x56, 0x1B, 0x5B, 0x53, 0xCA, 0x87, 0xD9,
    0x53, 0x41, 0x7D, 0x8E, 0x18, 0x5B, 0x81, 0xE8, 0x99, 0x75, 0x27, 0x9E, 0x40, 0x2A, 0x53, 0x0A,
    0x16, 0xF9, 0x0E, 0x52, 0x45, 0xD5, 0x0A, 0x9D, 0x5F, 0x91, 0xD0, 0xCB, 0x2D, 0xD6, 0x9C, 0xEE,
    0x94, 0x2B, 0x20, 0x66, 0x40, 0x26, 0xCF, 0x4D, 0xF5, 0xFE, 0x35, 0xC0, 0x99, 0x2C, 0x1C, 0xC2,
    0x2B, 0xF5, 0xF8, 0x61, 0xE6, 0xD1, 0xB7, 0x20, 0x08, 0x30, 0x1B, 0x56, 0xBD, 0xBB, 0x3F, 0x80,
    0x7F, 0x0D, 0x10, 0x84, 0x86, 0x88, 0x77, 0xBA, 0x3F, 0xBD, 0x77, 0xBB, 0x59, 0x1F, 0xEC, 0x2F,
    0x6F, 0x6D, 0x7B, 0x68, 0x86, 0x39, 0x6D, 0x6B, 0x13, 0xD4, 0xFF, 0x39, 0x1D, 0x1C, 0x3D, 0xC4,
    0xB9, 0x83, 0xBD, 0xE8, 0x76, 0x87, 0x03, 0x13, 0x7E, 0xCF, 0xC0, 0xCB, 0xE7, 0x21, 0x25, 0xE5,
    0x84, 0x82, 0x56, 0xC2, 0x01, 0x98, 0x3D, 0x69, 0x80, 0x5D, 0x02, 0x16, 0xAD, 0x4B, 0xAC, 0x4A,
    0xFA, 0x17, 0xFD, 0x16, 0x67, 0xEA, 0x55, 0x73, 0x0F, 0xCE, 0xAC, 0x5C, 0xD7, 0x2B, 0x47, 0xE7,
    0x1B, 0xB3, 0xD3, 0xD2, 0x32, 0x57, 0x1B, 0xE7, 0x33, 0x2D, 0xD9, 0xD7, 0xF7, 0x20, 0xEC, 0xD1,
    0x64, 0x88, 0x66, 0xA5, 0x56, 0x5A, 0x77, 0xD0, 0xD8, 0x1F, 0xED, 0x94, 0x98, 0x17, 0xD8, 0xE5,
    0x73, 0x67, 0x1D, 0x9B, 0xE9, 0x50, 0x51, 0xBB, 0x06, 0x18, 0x4B, 0x6E, 0x97, 0x1A, 0xB7, 0x8E,
    0x87, 0xB7, 0x5A, 0x1D, 0x6A, 0xDC, 0xAB, 0x79, 0x0C, 0x0B, 0xE5, 0x7D, 0x98, 0x95, 0x77, 0xB3,
    0xBC, 0xE7, 0xE0, 0xD5, 0x39, 0xFE, 0x9F, 0x81, 0x00, 0x07, 0xD5, 0x86, 0xEC, 0x95, 0x56, 0x70,
    0xD8, 0x2A, 0x5C, 0xDA, 0x83, 0x5D, 0x0E, 0x47, 0xE0, 0x60, 0x59, 0xC3, 0x9A, 0xA1, 0x27, 0xF3,
    0x32, 0xDF, 0xFE, 0x81, 0x30, 0x9A, 0x1A, 0xB4, 0x02, 0xFA, 0xCD, 0xA8, 0x37, 0x0A, 0xAA, 0xCD,
    0x05, 0xB5, 0x23, 0xA8, 0x05, 0x24, 0xDD, 0x6B, 0xC3, 0x75, 0xAC, 0xB2, 0x86, 0x70, 0x83, 0x6D,
    0x3E, 0xAA, 0x80, 0x44, 0xC1, 0x42, 0x95, 0x61, 0x8A, 0x5C, 0x6B, 0x3C, 0xAE, 0x8C, 0x4E, 0xB8,
    0x21, 0xA5, 0x13, 0xC5, 0x66, 0x7D, 0xB6, 0xAD, 0xAB, 0xD0, 0xEA, 0x79, 0x75, 0xD1, 0xF0, 0x3A,
    0xF4, 0xC7, 0x7E, 0x42, 0xBF, 0x98, 0x4F, 0x5E, 0xEF, 0x5B, 0x8C, 0xAA, 0x9C, 0x70, 0x1C, 0x2B,
    0x1B, 0x17, 0x06, 0xBF, 0x9D, 0xC7, 0x2D, 0x88, 0x33, 0x4D, 0x90, 0x7C, 0x8A, 0x2F, 0x62, 0x0D,
    0xE6, 0xB6, 0x01, 0x7B, 0xD8, 0x40, 0x01, 0xD9, 0x03, 0x79, 0x01, 0x1B, 0x91, 0x81, 0xC9, 0xF3,
    0x70, 0x72, 0x16, 0xCC, 0x3B, 0xE4, 0xA6, 0xF2, 0x78, 0x1B, 0x08, 0xBC, 0x60, 0x8C, 0x3D, 0x4E,
    0xA1, 0x52, 0xC3, 0xAE, 0xE4, 0xB2, 0x08, 0x27, 0x89, 0x20, 0xB0, 0xF1, 0x94, 0x14, 0xF9, 0xBE,
    0x52, 0xBC, 0x3E, 0x7A, 0x2B, 0x12, 0x60, 0xF5, 0x53, 0xDB, 0xE4, 0xC0, 0x30, 0x55, 0xB1, 0x4F,
    0x55, 0x27, 0x65, 0x78, 0x3B, 0xEB, 0x6E, 0x29, 0xA6, 0xB5, 0xA9, 0x0D, 0x25, 0xF7, 0x23, 0x1E,
    0xA3, 0x83, 0xCC, 0xBB, 0xAD, 0xB0, 0x20, 0x7F, 0x4B, 0x3E, 0xF7, 0x3D, 0x74, 0x3A, 0xED, 0x8A,
    0xFC, 0x78, 0x1B, 0xFB, 0x8F, 0xBE, 0xE2, 0xA8, 0x53, 0xEB, 0xEB, 0xA5, 0x9B, 0xE5, 0xA1, 0xE0,
    0xB4, 0x7A, 0x02, 0x33, 0x4E, 0x65, 0x28, 0xA8, 0x7D, 0x0F, 0x5B, 0x0E, 0x74, 0x11, 0x79, 0x2F,
    0x45, 0x77, 0x64, 0xD0, 0xA1, 0x85, 0x43, 0x5E, 0x40, 0xD1, 0x82, 0x1A, 0x35, 0x59, 0xBF, 0x56,
    0xAE, 0x2F, 0x13, 0xCE, 0x83, 0xB9, 0x42, 0x06, 0xB9, 0xA7, 0x26, 0xA5, 0xED, 0x2C, 0x73, 0x2E,
    0xAC, 0x53, 0xF3, 0x23, 0x4C, 0xEE, 0xC0, 0x0E, 0x14, 0x56, 0x83, 0xAA, 0x62, 0x87, 0x8F, 0x6A,
    0x06, 0xA7, 0xE1, 0xC0, 0x62, 0xC5, 0x89, 0x13, 0x3E, 0xDB, 0x57, 0xB2, 0x12, 0xA9, 0x94, 0x72,
    0x06, 0xAA, 0x31, 0xE7, 0x7A, 0xB8, 0x22, 0x5C, 0x4F, 0x34, 0xF7, 0x40, 0x09, 0x72, 0xF1, 0x30,
    0x53, 0xEB, 0xFA, 0x0C, 0xAC, 0x03, 0xC1, 0x38, 0x07, 0x8D, 0x0E, 0x03, 0x8B, 0x2B, 0x8C, 0x23,
    0xC6, 0xA3, 0x73, 0x9E, 0xE6, 0xBD, 0x88, 0x2E, 0x85, 0xC8, 0xBC, 0x65, 0x15, 0x18, 0xDC, 0x09,
    0xA8, 0x0F, 0x45, 0xE6, 0xD1, 0xDD, 0xD3, 0x6B, 0x39, 0x9D, 0xE8, 0x29, 0x73, 0xF7, 0xFC, 0xB7,
    0x69, 0x31, 0x11, 0xD9, 0xBC, 0x8C, 0x30, 0x68, 0xEA, 0x4B, 0xA2, 0xD0, 0xC5, 0x83, 0x4A, 0xB1,
    0x20, 0x02, 0x78, 0xC1, 0x78, 0xC0, 0x6C, 0xC7, 0x97, 0x2E, 0x17, 0xC8, 0x0C, 0x28, 0x9D, 0xDA,
    0x34, 0x69, 0x2A, 0xF0, 0x26, 0x9E, 0xAA, 0x79, 0x24, 0xB6, 0xBF, 0x8B, 0x98, 0xF6, 0x0F, 0x34,
    0x09, 0xF5, 0xAA, 0x31, 0x15, 0x9D, 0xF6, 0xE3, 0x45, 0x8B, 0xCC, 0x7A, 0xEA, 0x5D, 0x1D, 0xA4,
    0x62, 0xA0, 0x4C, 0x5E, 0x6E, 0xA2, 0xF7, 0x2F, 0x33, 0x1D, 0x4F, 0xBD, 0xAA, 0x48, 0x63, 0x1A,
    0x59, 0x60, 0x3B, 0xAC, 0x8F, 0xDF, 0xA0, 0x88, 0x08, 0xD2, 0x94, 0x81, 0x78, 0xC9, 0xB3, 0x4F,
    0x5B, 0x69, 0x4B, 0x62, 0xC6, 0x51, 0x2E, 0xE4, 0xF7, 0x5F, 0x10, 0xA5, 0x4E, 0xAE, 0xEB, 0xE1,
    0x19, 0x94, 0x4F, 0x0D, 0x2F, 0x9D, 0x69, 0xF3, 0x31, 0x40, 0x02, 0x90, 0x02, 0xE4, 0x24, 0x21,
    0xA4, 0xED, 0xF2, 0xFB, 0x70, 0x14, 0xF0, 0x58, 0x64, 0x19, 0xFF, 0xBE, 0xA8, 0xFB, 0xFE, 0x89,
    0xCC, 0x72, 0xFF, 0xB4, 0xD1, 0xEF, 0x6A, 0xAF, 0x34, 0x1F, 0xA8, 0xC6, 0xAC, 0x54, 0xA2, 0x0F,
    0x8A, 0x42, 0xBA, 0x7F, 0xF1, 0x9D, 0x8B, 0xEF, 0xC8, 0x8B, 0x16, 0x99, 0x3E, 0x1A, 0xD3, 0x1D,
    0x10, 0xC1, 0x99, 0x53, 0x9B, 0x8E, 0xB2, 0xB0, 0xA1, 0xBC, 0xD1, 0x61, 0x18, 0x9F, 0xD8, 0xE0,
    0x24, 0xAC, 0x2A, 0x90, 0x41, 0xD2, 0x44, 0x12, 0x4C, 0xFF, 0xD0, 0x97, 0xC1, 0xFC, 0x31, 0xBA,
    0xD9, 0x1A, 0x72, 0xC6, 0x10, 0x92, 0x2F, 0x0C, 0x21, 0x6E, 0x6F, 0x08, 0x99, 0x4D, 0xCC, 0x07,
    0x80, 0xB3, 0xFB, 0x2A, 0xB0, 0x9A, 0x01, 0x97, 0x45, 0x44, 0xD3, 0xC0, 0x30, 0x03, 0xD8, 0x3C,
    0xD4, 0xB4, 0x01, 0xA2, 0x21, 0xC2, 0xAE, 0xCC, 0xA7, 0x81, 0x94, 0x4A, 0x60, 0x19, 0x01, 0x0A,
    0xC2, 0x06, 0xFF, 0xBC, 0x4E, 0x9E, 0x0F, 0xFE, 0x69, 0x9B, 0x3E, 0x1D, 0x04, 0x29, 0xD9, 0x93,
    0xC1, 0x7F, 0xD0, 0xE5, 0xDF, 0x1A, 0xFC, 0xFB, 0x7D, 0xF1, 0xDE, 0x20, 0x08, 0xAB, 0x44, 0x0C,
    0x7D, 0x34, 0x78, 0x81, 0x0F, 0xFD, 0x08, 0x91, 0xD4, 0x0F, 0x80, 0x15, 0x21, 0x6C, 0x87, 0x9C,
    0x6E, 0x02, 0x33, 0xC2, 0xB4, 0x35, 0xB1, 0xF5, 0x26, 0xE0, 0xFC, 0xEA, 0xBA, 0x0E, 0x84, 0x75,
    0xBB, 0x9B, 0x3D, 0xD2, 0xB2, 0xB2, 0x40, 0x25, 0x0B, 0xD0, 0xCB, 0x0A, 0x94, 0xF3, 0xD4, 0x46,
    0x1E, 0x88, 0x6B, 0xA3, 0xA6, 0x05, 0x78, 0x08, 0xD6, 0x98, 0x27, 0xEA, 0x3D, 0x38, 0xA4, 0xAB,
    0x46, 0xA7, 0x97, 0xE0, 0x58, 0x8D, 0x7F, 0x05, 0xF0, 0x0E, 0xA6, 0xCB, 0xB7, 0x54, 0xF1, 0x0F,
    0xC2, 0xC9, 0x8E, 0xFC, 0x06, 0x96, 0xB6, 0x66, 0x75, 0xD5, 0xE3, 0x37, 0xE0, 0xCA, 0x58, 0xCC,
    0xBE, 0x3F, 0x24, 0xDB, 0x4F, 0xD0, 0xDF, 0x23, 0xFA, 0x68, 0x6F, 0x68, 0x3E, 0xB8, 0xE7, 0x1F,
    0xAC, 0x54, 0x33, 0xE9, 0xC1, 0x2A, 0x85, 0x8C, 0xFD, 0x89, 0x1A, 0x6A, 0x54, 0xF9, 0x3D, 0x26,
    0xE1, 0xF8, 0x3B, 0x1D, 0x29, 0xA3, 0xFB, 0xAC, 0x9C, 0x2F, 0xB7, 0x07, 0x17, 0x93, 0x35, 0x22,
    0xFD, 0x9C, 0x78, 0x83, 0xCC, 0x5D, 0x7E, 0x97, 0x8F, 0xE8, 0x92, 0x11, 0xCD, 0x47, 0xF1, 0x18,
    0xC4, 0xD8, 0x11, 0x04, 0x4A, 0xA8, 0x68, 0x06, 0x0A, 0xE0, 0x54, 0x24, 0x01, 0x6F, 0xF5, 0x65,
    0xD1, 0x04, 0x9A, 0x5E, 0x34, 0xA4, 0x88, 0x3F, 0x03, 0x7D, 0xCC, 0x7E, 0x49, 0xBD, 0xF7, 0x43,
    0x6A, 0xEC, 0x2F, 0x07, 0x52, 0xCE, 0x9E, 0x74, 0x54, 0xAD, 0xE5, 0x1D, 0xD5, 0xD8, 0x76, 0x56,
    0xF3, 0x2D, 0xBC, 0x82, 0xFA, 0xAE, 0x6A, 0xCE, 0xE4, 0xE1, 0x89, 0xCA, 0x6D, 0xBC, 0x28, 0xE1,
    0x89, 0xFC, 0xF3, 0x5E, 0x2D, 0xBC, 0x71, 0x73, 0x41, 0xF1, 0x1D, 0x72, 0xC2, 0x64, 0xD4, 0x5D,
    0xA3, 0x52, 0x20, 0x50, 0xCA, 0x92, 0x2A, 0x60, 0xF3, 0x4F, 0x06, 0x44, 0xA8, 0xC8, 0xE2, 0x01,
    0x81, 0x69, 0x12, 0xDA, 0x6F, 0xEB, 0x73, 0x8D, 0x7E, 0x67, 0x67, 0xDA, 0x75, 0xD6, 0x4B, 0xE2,
    0xF7, 0xD6, 0x87, 0x26, 0xDC, 0x2F, 0xDC, 0xFD, 0xD6, 0xA3, 0xD6, 0x26, 0x87, 0xBB, 0x1C, 0xB7,
    0x08, 0x53, 0xF4, 0x1D, 0x48, 0x7B, 0x8F, 0x85, 0xBC, 0x55, 0x7F, 0x3B, 0xC1, 0x00, 0x07, 0xEB,
    0x01, 0x70, 0x94, 0x00, 0xAF, 0x91, 0xC6, 0x7F, 0x80, 0x6F, 0x00, 0xE5, 0x34, 0x7C, 0xFB, 0x9F,
    0x82, 0xF4, 0x7C, 0x03, 0x72, 0x1A, 0x46, 0x3F, 0x89, 0xEC, 0x06, 0xC3, 0x65, 0x2F, 0x6F, 0x3A,
    0x1D, 0x5E, 0xE7, 0xC2, 0x3A, 0x63, 0x00, 0xBC, 0x4A, 0xBD, 0x76, 0xEE, 0x26, 0x24, 0xAA, 0x01,
    0x91, 0xDF, 0x81, 0xB8, 0x80, 0x3A, 0x31, 0x16, 0x83, 0xFA, 0xD3, 0xAA, 0xFA, 0xC5, 0x75, 0xAB,
    0x8C, 0xA3, 0x4A, 0x86, 0x8F, 0xA1, 0x59, 0xD8, 0x33, 0x4E, 0x1A, 0x35, 0x29, 0xB9, 0x8F, 0xBD,
    0xBD, 0xC6, 0x34, 0x70, 0xA8, 0x14, 0x5F, 0xD7, 0x82, 0xA3, 0x76, 0x67, 0xA1, 0x2A, 0x51, 0x01,
    0xD2, 0x06, 0x97, 0x07, 0xD3, 0xF0, 0xA4, 0x9E, 0x48, 0xF8, 0x08, 0x23, 0xB2, 0xC2, 0xD5, 0xAC,
    0xEB, 0x87, 0x63, 0xFE, 0x5D, 0xCF, 0xD1, 0xD8, 0x98, 0x70, 0xAD, 0x52, 0x52, 0xF5, 0x4C, 0x5F,
    0x01, 0xFD, 0xDF, 0x29, 0xFE, 0x4B, 0xC2, 0x8E, 0x50, 0x79, 0x22, 0xF9, 0x63, 0x72, 0x02, 0xF9,
    0x77, 0x3D, 0x27, 0x9C, 0x5F, 0xAB, 0x11, 0x59, 0xFB, 0x3C, 0xEF, 0x42, 0xA4, 0xD9, 0xB5, 0x35,
    0x27, 0xEE, 0x48, 0xBE, 0x25, 0x32, 0x04, 0xF5, 0x2F, 0xB6, 0xE9, 0xC4, 0xBF, 0xEB, 0xF7, 0x2D,
    0x9E, 0x9C, 0x0A, 0x18, 0xB5, 0xB1, 0xCC, 0xE2, 0x4F, 0x7A, 0xF7, 0x1B, 0xAE, 0x18, 0x02, 0x19,
    0x8B, 0x28, 0xAA, 0x9E, 0x00, 0xA3, 0x80, 0xF1, 0xA4, 0x51, 0x1C, 0x9F, 0xC3, 0x15, 0x41, 0xF3,
    0x6D, 0xB5, 0xBF, 0xA0, 0x92, 0x56, 0xF4, 0xCA, 0xC7, 0x8A, 0xAA, 0x5C, 0xF5, 0x3F, 0xC6, 0x70,
    0x41, 0xE4, 0x81, 0xCF, 0xE7, 0x11, 0xBD, 0xF5, 0xA0, 0x15, 0x11, 0xD9, 0x94, 0xD3, 0x45, 0x7A,
    0xA6, 0x79, 0xAC, 0xCD, 0x23, 0x3D, 0xF3, 0xA1, 0x5E, 0x67, 0xBD, 0x60, 0xE1, 0x41, 0x12, 0xCB,
    0x66, 0xCD, 0xB7, 0x0C, 0x77, 0x17, 0xDE, 0x63, 0xE2, 0x12, 0xA3, 0xE1, 0x62, 0x62, 0x14, 0xB2,
    0x10, 0x45, 0x6F, 0x05, 0x9E, 0x2F, 0x39, 0x9C, 0x02, 0x9A, 0xD8, 0xD1, 0x68, 0x4E, 0xA9, 0x59,
    0x08, 0x1A, 0x9C, 0x41, 0x35, 0xE4, 0x63, 0x11, 0xCE, 0x79, 0x2D, 0xC5, 0x64, 0xA1, 0x4D, 0xF2,
    0xC5, 0xF7, 0xE8, 0x8E, 0xAC, 0x83, 0xA4, 0x4F, 0xC5, 0x3D, 0x52, 0x53, 0xE8, 0x81, 0x0B, 0xEF,
    0xAC, 0x1E, 0xB1, 0x81, 0x1E, 0xE1, 0x5E, 0x45, 0x8F, 0xF0, 0x78, 0x40, 0x51, 0xE0, 0x87, 0x0D,
    0x68, 0x3A, 0xCD, 0xDB, 0x01, 0x38, 0xFC, 0xED, 0xBA, 0x11, 0xDC, 0x5D, 0x93, 0x89, 0x96, 0x23,
    0x78, 0xB6, 0x88, 0xE6, 0x30, 0x5F, 0xC5, 0x01, 0x58, 0x06, 0x7C, 0x5C, 0x50, 0x07, 0xC7, 0xBC,
    0xAC, 0x14, 0xE3, 0xA2, 0x57, 0xB7, 0x85, 0x30, 0xAC, 0x1A, 0xAA, 0xFB, 0x96, 0xAC, 0xEB, 0x2E,
    0xE0, 0x94, 0x7A, 0xC3, 0x98, 0x9C, 0x81, 0xEF, 0x64, 0xCA, 0x6D, 0x10, 0x40, 0x32, 0xEA, 0xEB,
    0x9A, 0x03, 0x34, 0x21, 0xB2, 0x08, 0x53, 0xFF, 0x4F, 0xB3, 0x63, 0xFF, 0xF5, 0x29, 0xB4, 0x7B,
    0xE9, 0x69, 0x67, 0xD2, 0xD3, 0x57, 0x66, 0xE9, 0x49, 0x85, 0xC6, 0xFD, 0xE7, 0x1A, 0xE9, 0x69,
    0x55, 0xBD, 0x00, 0xD6, 0x1B, 0x84, 0x3E, 0x56, 0x78, 0x2B, 0x4D, 0x54, 0xF2, 0x3E, 0x3B, 0x30,
    0xD0, 0x2D, 0x39, 0x69, 0x8C, 0x85, 0x57, 0xE1, 0xD9, 0x20, 0xB7, 0x54, 0x8C, 0x91, 0x78, 0x86,
    0xB8, 0x0F, 0xA5, 0x0A, 0x78, 0x9D, 0x7C, 0x53, 0xC5, 0x56, 0x2D, 0x6A, 0xF9, 0xD6, 0xB9, 0x9B,
    0x86, 0x50, 0x7E, 0x35, 0xDD, 0xFA, 0xBC, 0xD6, 0x5F, 0x39, 0x7E, 0xC5, 0xA8, 0x49, 0x19, 0xC2,
    0x3E, 0x72, 0x30, 0xDF, 0xEE, 0x8D, 0x9F, 0xAF, 0xF6, 0x8B, 0xD8, 0x1A, 0xBC, 0x36, 0xE7, 0xC7,
    0x80, 0xE4, 0x10, 0xF1, 0x70, 0xBE, 0x35, 0x8E, 0xB0, 0x68, 0xC9, 0x1B, 0xBC, 0x06, 0xB6, 0x3A,
    0x0B, 0x23, 0xD0, 0x76, 0xD2, 0xF3, 0x60, 0x20, 0xF2, 0xAA, 0xAB, 0x87, 0x76, 0x65, 0xBA, 0xFB,
    0x66, 0xD2, 0xEF, 0xD5, 0x3C, 0x37, 0x3A, 0x8D, 0x40, 0x18, 0x9C, 0x3A, 0xA9, 0xB1, 0xCC, 0xD1,
    0xBF, 0x2A, 0xA2, 0xEE, 0x56, 0x0D, 0x7E, 0x5E, 0x1C, 0x86, 0xAE, 0x74, 0xDA, 0xF4, 0x3C, 0x25,
    0x3B, 0xC7, 0xF2, 0xF5, 0x8F, 0x76, 0x0A, 0x63, 0x54, 0x36, 0xBA, 0x9E, 0x37, 0xE8, 0xEC, 0x16,
    0xCB, 0xF5, 0xC5, 0x9B, 0x5A, 0xAE, 0x0C, 0x31, 0x61, 0x3C, 0x32, 0xC3, 0x14, 0xC1, 0x4E, 0xE2,
    0x7E, 0x19, 0xA6, 0x08, 0x29, 0xB2, 0x34, 0xE1, 0x2D, 0xA1, 0x09, 0xB3, 0x0F, 0x3A, 0x35, 0x46,
    0xFA, 0x88, 0x71, 0x05, 0xFB, 0x40, 0x91, 0x31, 0x44, 0x18, 0x3C, 0x26, 0xF9, 0x57, 0xB1, 0x0C,
    0x27, 0xE7, 0xB8, 0x2C, 0x1D, 0xF7, 0x96, 0xAF, 0xD2, 0x1C, 0x5C, 0x65, 0x10, 0xEF, 0x39, 0x01,
    0x78, 0xF3, 0x35, 0xC5, 0xBE, 0xFF, 0xF8, 0xF1, 0x18, 0x0D, 0xDC, 0x7F, 0xDE, 0xFE, 0x36, 0x22,
    0xF7, 0xEB, 0x7C, 0xEF, 0x7F, 0xF4, 0x1A, 0xFE, 0x42, 0x3F, 0x1A, 0xC2, 0xD4, 0x97, 0x3F, 0x6F,
    0xBF, 0xE2, 0xF3, 0x9A, 0x65, 0xF5, 0x63, 0x70, 0xA9, 0xA4, 0x1E, 0x5C, 0x33, 0xE7, 0xDA, 0x46,
    0x75, 0xFA, 0x2A, 0xB4, 0x88, 0xEE, 0x90, 0x69, 0xC7, 0xDF, 0x82, 0xF1, 0x1F, 0x34, 0xA3, 0xCA,
    0x54, 0xA9, 0x1A, 0x4C, 0xAE, 0x9D, 0xB4, 0xD9, 0x6E, 0xC5, 0xD7, 0x94, 0x0A, 0x09, 0x1E, 0x4C,
    0xAF, 0x92, 0xB6, 0x44, 0x18, 0xD4, 0xB8, 0x82, 0x0C, 0x22, 0xAF, 0x68, 0x4D, 0x93, 0xF2, 0x87,
    0x6A, 0x9B, 0x4E, 0x7E, 0xE9, 0xBF, 0x0C, 0x13, 0xC1, 0xFF, 0xF8, 0x99, 0xFF, 0x00, 0x03, 0x7A,
    0xDE, 0xF8, 0xA7, 0xF0, 0x76, 0x62, 0xA6, 0xC0, 0xF7, 0x89, 0x69, 0x43, 0x2E, 0x54, 0x5A, 0x00,
    0xBC, 0xFC, 0xD6, 0x94, 0xB1, 0xE0, 0x62, 0xBD, 0x4A, 0x74, 0xAF, 0x1A, 0x3A, 0xB2, 0xC9, 0xA7,
    0xD3, 0x3E, 0x47, 0x03, 0x73, 0xE0, 0x0A, 0xE6, 0x94, 0xAC, 0xA3, 0x29, 0x2F, 0xDD, 0x89, 0x56,
    0x95, 0xB7, 0x49, 0x9F, 0xC8, 0xDA, 0x6C, 0xE2, 0x21, 0xF5, 0x5D, 0x55, 0x47, 0x63, 0xFE, 0xBC,
    0x13, 0x95, 0x6A, 0x2A, 0x9E, 0xFC, 0x5F, 0xB0, 0xEA, 0xEA, 0xCB, 0x6A, 0x76, 0xA2, 0x43, 0xBB,
    0x18, 0x57, 0x94, 0x62, 0x49, 0x9F, 0x5C, 0xBA, 0x73, 0x45, 0x13, 0x44, 0xE9, 0x05, 0xF4, 0xB6,
    0xB4, 0x8E, 0xE1, 0xE1, 0x99, 0xF4, 0x2B, 0x6B, 0x24, 0xF9, 0x7C, 0x12, 0x9F, 0xE9, 0x9E, 0x39,
    0x24, 0xCA, 0xCB, 0xE8, 0xB5, 0x05, 0x99, 0xFB, 0x10, 0x19, 0x34, 0xEC, 0xFB, 0x41, 0x9F, 0xDF,
    0x2B, 0x9D, 0xBB, 0xF3, 0xA8, 0x6C, 0x6C, 0xA4, 0xE8, 0x94, 0xD8, 0xE7, 0xBB, 0x70, 0x3C, 0xD1,
    0xC9, 0x78, 0x36, 0x4A, 0xFE, 0x96, 0xE3, 0xD1, 0xAB, 0x1E, 0xE0, 0xFB, 0x55, 0x35, 0x7D, 0x05,
    0x41, 0x48, 0x1A, 0x32, 0x52, 0x99, 0xDA, 0x44, 0xFA, 0x1A, 0xFB, 0x07, 0xEB, 0x8E, 0x14, 0xC6,
    0x29, 0x91, 0xB2, 0x28, 0x04, 0x06, 0xB6, 0xB4, 0x81, 0x82, 0x4F, 0xE7, 0x9A, 0x51, 0x03, 0xA5,
    0x42, 0x08, 0xCC, 0xFE, 0x3A, 0x46, 0x59, 0xD0, 0x69, 0xC3, 0x48, 0x3F, 0x65, 0x07, 0xB1, 0x6F,
    0x56, 0x3F, 0x9C, 0x6F, 0xEB, 0xAC, 0xC9, 0xB4, 0x91, 0x01, 0x3E, 0x80, 0xE1, 0xCB, 0x3F, 0xA3,
    0xAF, 0x65, 0xA4, 0xD4, 0x3F, 0x50, 0x15, 0xDD, 0xB1, 0xA3, 0x3F, 0xD1, 0xCE, 0x75, 0x4C, 0x3E,
    0x04, 0x81, 0xAA, 0xA4, 0xB3, 0x87, 0xFA, 0xAD, 0x9D, 0x69, 0xA1, 0x35, 0xA3, 0xFB, 0x33, 0xF6,
    0x33, 0x84, 0x3E, 0x9D, 0xC2, 0x7B, 0x0C, 0x83, 0x1A, 0x16, 0xEE, 0x7F, 0x3F, 0xC3, 0xF5, 0x08,
    0xB9, 0x6A, 0x33, 0xE4, 0x98, 0xE4, 0x3D, 0x42, 0xBB, 0xE3, 0x5D, 0xDA, 0x22, 0x45, 0x29, 0xE1,
    0x32, 0xD0, 0x45, 0xC1, 0xA9, 0x48, 0xA8, 0x96, 0x08, 0xE4, 0x66, 0xC8, 0x54, 0x15, 0xB8, 0xDD,
    0x4C, 0x49, 0x57, 0x95, 0x9B, 0x31, 0xE9, 0x8A, 0x3A, 0x46, 0x14, 0x54, 0x23, 0xD3, 0x5B, 0x26,
    0x7C, 0xBA, 0x4B, 0xBA, 0x54, 0x5A, 0xE9, 0x48, 0x16, 0x43, 0xD2, 0xC5, 0x43, 0xD1, 0x24, 0x5D,
    0x24, 0xCF, 0x9B, 0x28, 0x5B, 0xEE, 0xE6, 0x40, 0x0D, 0x0D, 0xDD, 0x88, 0x08, 0xE3, 0x7F, 0x24,
    0xDD, 0xFA, 0x07, 0x92, 0x3F, 0x06, 0x79, 0x28, 0xC1, 0x15, 0xE2, 0xCB, 0x24, 0x14, 0x1F, 0x24,
    0x86, 0x35, 0x8D, 0x2E, 0x9B, 0x29, 0x97, 0x65, 0x1C, 0x0D, 0xF9, 0xE3, 0xD1, 0xC5, 0x02, 0x27,
    0x97, 0xEC, 0xF2, 0x47, 0x42, 0x7C, 0x3B, 0x11, 0x82, 0x44, 0x0F, 0xC8, 0xE9, 0x01, 0xCB, 0xE5,
    0x43, 0x7E, 0xA9, 0x32, 0x5F, 0x64, 0x56, 0x31, 0x5A, 0x37, 0x16, 0x6D, 0xF6, 0xD3, 0x5E, 0xC3,
    0x51, 0x1F, 0x2B, 0xA9, 0x2A, 0xBE, 0x31, 0x2A, 0xC9, 0x7A, 0x47, 0x3D, 0x78, 0xDE, 0xF9, 0x90,
    0xBF, 0xB0, 0x0D, 0x7C, 0xFE, 0xA8, 0x85, 0x5E, 0xC3, 0xBC, 0x15, 0xBC, 0x0F, 0x69, 0x69, 0x2B,
    0x6E, 0x7D, 0x4C, 0x8E, 0xD8, 0xF8, 0x08, 0x44, 0xAA, 0xAA, 0xFD, 0x86, 0x4A, 0x51, 0xE9, 0x85,
    0x34, 0x89, 0x8E, 0xB4, 0xF5, 0x2B, 0xAA, 0x4C, 0xB8, 0x41, 0x09, 0x0D, 0xCA, 0x3B, 0x39, 0xE7,
    0x7D, 0x39, 0x07, 0x3C, 0x41, 0x9E, 0x4F, 0x23, 0xC6, 0x9C, 0x4A, 0x35, 0xF2, 0x52, 0xB6, 0x8E,
    0xFA, 0x2D, 0x46, 0xE4, 0x8A, 0x8A, 0x8D, 0xFF, 0x0F, 0x72, 0x6B, 0xBE, 0x12, 0x47, 0x32, 0xA7,
    0x01, 0xC7, 0x51, 0x08, 0x96, 0x38, 0x98, 0xCD, 0xB8, 0x41, 0xFE, 0xF3, 0x41, 0xEE, 0xEB, 0x8A,
    0x9F, 0x0C, 0x45, 0x2D, 0xB7, 0x7B, 0x3C, 0xC8, 0xE8, 0x9C, 0xFF, 0xE6, 0x20, 0x83, 0x5D, 0xFB,
    0x77, 0x07, 0x41, 0xFD, 0x06, 0x41, 0x6D, 0x3B, 0x1F, 0x4D, 0x1B, 0xE8, 0xB9, 0x42, 0x59, 0x87,
    0x68, 0xDC, 0x84, 0x10, 0x71, 0x36, 0x6B, 0xED, 0xD3, 0x99, 0x7D, 0xC6, 0x62, 0x7D, 0x45, 0xB7,
    0x82, 0x22, 0x12, 0x83, 0xFE, 0x42, 0x8A, 0xDF, 0x28, 0xC7, 0x79, 0xA2, 0xF3, 0x8F, 0xAF, 0x7D,
    0xAD, 0xE6, 0x2C, 0xF5, 0x5E, 0x87, 0x10, 0xE3, 0xEA, 0xA5, 0x47, 0x64, 0xBE, 0xFF, 0x89, 0x4F,
    0x11, 0x1E, 0xFE, 0x4D, 0x1F, 0x8F, 0x74, 0x28, 0x6E, 0x26, 0x6D, 0x84, 0x02, 0x4F, 0xF0, 0x2D,
    0x6E, 0xE3, 0x01, 0xDE, 0xC5, 0xD2, 0x4C, 0x69, 0x29, 0x7D, 0x88, 0xC2, 0x09, 0xA4, 0x01, 0x83,
    0xD8, 0xA8, 0xFC, 0x47, 0xDB, 0xA5, 0x0F, 0x3A, 0x98, 0xC6, 0x98, 0xE3, 0xAD, 0x32, 0x9E, 0x28,
    0x6F, 0x8A, 0x3A, 0x4C, 0x2F, 0xE5, 0xE1, 0x31, 0xDD, 0x32, 0xB9, 0x0F, 0x61, 0xBE, 0x32, 0xC4,
    0xEA, 0xB9, 0x4C, 0xAF, 0x71, 0x3F, 0xBD, 0x30, 0xB1, 0x64, 0x7A, 0x75, 0xF9, 0xC3, 0x79, 0x7A,
    0xB5, 0x79, 0x5D, 0x95, 0xB9, 0xCC, 0xCC, 0xA2, 0x56, 0x83, 0x12, 0xC5, 0x85, 0xF9, 0x20, 0x9B,
    0x67, 0x84, 0x4D, 0x91, 0x7A, 0xA3, 0xE1, 0xF5, 0x94, 0x98, 0xD4, 0x7F, 0xC4, 0xA1, 0xEB, 0xEC,
    0xEB, 0x74, 0x49, 0x07, 0xEB, 0x81, 0x37, 0x1F, 0x51, 0x98, 0x58, 0x76, 0x30, 0xB8, 0x39, 0x75,
    0x86, 0xA4, 0xA6, 0xF8, 0x90, 0xD4, 0x9B, 0x1E, 0x27, 0xDC, 0x82, 0x2E, 0xA8, 0x86, 0xA4, 0x41,
    0xFE, 0xB5, 0x9C, 0x7F, 0x74, 0x2A, 0xC1, 0xC3, 0x21, 0x3A, 0x31, 0x95, 0x7A, 0x75, 0x5B, 0xE9,
    0x01, 0x02, 0x6A, 0x44, 0x4F, 0xCF, 0x3B, 0xD3, 0xF0, 0x45, 0xC9, 0x9E, 0xA8, 0xC7, 0x13, 0x97,
    0x7E, 0xA3, 0xE2, 0xAC, 0x35, 0x6B, 0xA5, 0x3E, 0x4A, 0x06, 0xE4, 0x94, 0x36, 0xC6, 0xEC, 0x4C,
    0xFA, 0x8C, 0xD3, 0x6E, 0x2C, 0x6C, 0x1D, 0xD8, 0xF2, 0x68, 0xB4, 0xD9, 0xCD, 0x93, 0xD0, 0x55,
    0x4F, 0x3F, 0xC4, 0x75, 0x1E, 0x0B, 0x5C, 0x3A, 0x03, 0x01, 0xF1, 0xA0, 0x1D, 0x55, 0xC9, 0x10,
    0x4A, 0xC1, 0x23, 0x03, 0x2A, 0x1B, 0x99, 0xC0, 0x42, 0x44, 0x5A, 0x0F, 0x32, 0x94, 0x76, 0xAB,
    0x7F, 0x2B, 0xDA, 0xDF, 0x7A, 0x84, 0x9D, 0x47, 0xB8, 0xA3, 0x2C, 0xD0, 0xA7, 0xA0, 0x50, 0x54,
    0x14, 0x85, 0xEA, 0x47, 0xA0, 0xCF, 0xB0, 0xE9, 0x95, 0xC0, 0x7C, 0x93, 0xFE, 0xE2, 0xC2, 0x77,
    0x9F, 0x0E, 0x8A, 0xF0, 0x0C, 0x40, 0xBE, 0xC9, 0x4C, 0x74, 0xC6, 0x06, 0xE6, 0x55, 0xF1, 0x95,
    0x5F, 0x70, 0x5A, 0x32, 0xE3, 0xE5, 0x48, 0x6A, 0x01, 0x65, 0x17, 0x2A, 0x05, 0xF7, 0x37, 0x67,
    0x55, 0x4D, 0x25, 0xA3, 0x22, 0xB7, 0x69, 0x67, 0x4E, 0xD7, 0xAA, 0x4D, 0x78, 0x54, 0x15, 0x24,
    0xA5, 0x17, 0xA2, 0xF2, 0x66, 0x63, 0xFE, 0xE4, 0xD6, 0xFD, 0xD8, 0xC5, 0xD4, 0x3D, 0x06, 0x2E,
    0xE1, 0x9C, 0x16, 0xDD, 0x2D, 0x6C, 0x1E, 0xAD, 0x12, 0xD7, 0x8C, 0xE1, 0x96, 0xFF, 0xF3, 0x5F,
    0x79, 0xF7, 0x09, 0xB3, 0x48, 0x30, 0xBB, 0x6E, 0xC2, 0x82, 0x21, 0xE9, 0x85, 0x6F, 0x50, 0xCD,
    0xB0, 0x9A, 0x76, 0x77, 0x60, 0xA0, 0x8C, 0x60, 0xC3, 0x14, 0xA4, 0x27, 0xE6, 0x04, 0x97, 0x05,
    0x48, 0xB7, 0x6F, 0x19, 0xCC, 0x1B, 0x16, 0xFF, 0x05, 0x53, 0x09, 0xDE, 0x46, 0xA6, 0x61, 0x09,
    0x7E, 0x17, 0xA4, 0x67, 0xBC, 0xE9, 0x57, 0x81, 0x98, 0x58, 0xF1, 0x04, 0x33, 0x8C, 0x4C, 0x43,
    0x99, 0x88, 0x15, 0x43, 0xA5, 0xD4, 0x8C, 0x03, 0x47, 0x87, 0x39, 0x52, 0x69, 0xBC, 0xCE, 0x4F,
    0x4D, 0x7D, 0x77, 0x86, 0x3A, 0xC9, 0xF7, 0x30, 0xDB, 0xE9, 0xCC, 0xDE, 0xC3, 0xBD, 0x4F, 0xEB,
    0x4A, 0x48, 0x77, 0x6B, 0x85, 0x05, 0xB3, 0xCB, 0xE1, 0x92, 0xED, 0xB8, 0x74, 0x1B, 0xAE, 0xDB,
    0x52, 0x93, 0x54, 0x80, 0xB5, 0x3B, 0x8C, 0x7F, 0x5D, 0x7D, 0xA4, 0x84, 0xA5, 0xA3, 0x15, 0x66,
    0xB4, 0x34, 0x97, 0x04, 0x31, 0x00, 0x94, 0x41, 0xAA, 0x56, 0xF3, 0x24, 0x20, 0xD8, 0xA5, 0x3B,
    0x3A, 0x8F, 0xFB, 0xCB, 0x02, 0xDC, 0x96, 0xF6, 0x4A, 0xD0, 0xD8, 0xB4, 0x07, 0xC9, 0xC0, 0x8A,
    0x77, 0x6A, 0xEE, 0x42, 0x80, 0x1E, 0x7B, 0xD6, 0xBB, 0xE8, 0x1D, 0xD5, 0x6C, 0x68, 0x23, 0x59,
    0x3A, 0xDC, 0xC6, 0xF3, 0x0E, 0xB7, 0x33, 0x51, 0xA1, 0x0C, 0x6E, 0x90, 0x15, 0x54, 0x99, 0xC3,
    0x8D, 0x7A, 0xE5, 0x99, 0x40, 0x06, 0x0C, 0x27, 0x9A, 0xC8, 0x05, 0x7C, 0x46, 0xC9, 0x01, 0x96,
    0xB6, 0xCA, 0xAB, 0xEC, 0x1F, 0x23, 0xD8, 0x17, 0x4E, 0x74, 0x25, 0x83, 0x42, 0xD8, 0x85, 0xFF,
    0x45, 0xFC, 0xA3, 0x12, 0x43, 0x98, 0x7A, 0xAA, 0x3A, 0xDD, 0x31, 0x5F, 0x88, 0xCF, 0x04, 0x1D,
    0x29, 0x3B, 0xC4, 0x0D, 0xF4, 0xAE, 0x11, 0x94, 0x3B, 0x9A, 0x54, 0xF5, 0x9D, 0xC8, 0x51, 0x06,
    0x8A, 0x13, 0x9A, 0xA1, 0xD4, 0x87, 0x84, 0x2E, 0x08, 0x46, 0x55, 0xA9, 0x9E, 0x74, 0x26, 0x39,
    0x00, 0x0A, 0xE1, 0x90, 0x31, 0xA4, 0xFD, 0x36, 0x68, 0x62, 0x08, 0xEF, 0x10, 0x66, 0xB5, 0xD7,
    0xC4, 0x84, 0xFB, 0x42, 0x13, 0xFB, 0x2B, 0xF4, 0x9F, 0xFF, 0x9C, 0xA2, 0xC8, 0xAF, 0x8E, 0x35,
    0xB1, 0x68, 0xA1, 0x89, 0xAD, 0x49, 0x00, 0x40, 0x9E, 0xE4, 0xA1, 0x30, 0x70, 0xE1, 0xC3, 0x38,
    0xA7, 0x78, 0xCC, 0x6C, 0x81, 0x06, 0x81, 0x26, 0x9B, 0x2E, 0x2B, 0xCF, 0xA4, 0x9D, 0xBD, 0x6D,
    0x18, 0x4B, 0x06, 0x5C, 0xBA, 0x19, 0x33, 0xCA, 0xB7, 0xCC, 0x47, 0xCC, 0xBF, 0x41, 0x6A, 0x58,
    0x7F, 0xED, 0x44, 0xCB, 0xFD, 0x98, 0x71, 0x6B, 0xA1, 0x48, 0x9A, 0xAE, 0xE7, 0x43, 0xF6, 0xC5,
    0x26, 0x18, 0x8A, 0x34, 0xAC, 0xC2, 0xE2, 0x3C, 0xD3, 0x69, 0x0E, 0x2C, 0xC8, 0x7B, 0x86, 0x1C,
    0x95, 0x6A, 0x27, 0xDE, 0xF8, 0x3F, 0xA2, 0xB6, 0x29, 0xB3, 0x99, 0x81, 0x62, 0xEA, 0xF9, 0x87,
    0xAB, 0xB6, 0xA5, 0x19, 0x43, 0x65, 0xFC, 0x75, 0x30, 0x2A, 0x2A, 0x13, 0xAC, 0x55, 0x63, 0x88,
    0x26, 0x3B, 0x4C, 0x86, 0x78, 0x9C, 0x0F, 0x2D, 0xBF, 0x47, 0x9E, 0x7C, 0x54, 0xD9, 0x87, 0x46,
    0x8B, 0x0C, 0xFA, 0xAA, 0x63, 0x96, 0xAD, 0x0A, 0x46, 0x0C, 0xD4, 0x45, 0xEA, 0x53, 0x6F, 0x69,
    0x33, 0x75, 0x18, 0x64, 0x21, 0x63, 0x8B, 0x43, 0x14, 0xFC, 0x96, 0x62, 0x15, 0x65, 0x6F, 0xCA,
    0x4B, 0x0C, 0x5C, 0x9E, 0xE6, 0x87, 0x0F, 0x71, 0xAC, 0x87, 0x87, 0xE9, 0x3E, 0xA5, 0x31, 0xDF,
    0x5B, 0x93, 0xD5, 0x3E, 0xA0, 0xA2, 0xFE, 0xC2, 0xFB, 0x32, 0x27, 0xBA, 0xFB, 0x7D, 0xE4, 0x85,
    0x1A, 0x11, 0x64, 0x09, 0x63, 0x94, 0x50, 0x61, 0xFD, 0x8E, 0xFA, 0x60, 0x13, 0x5B, 0xBE, 0xB9,
    0xAD, 0x77, 0xBA, 0xAD, 0x95, 0x60, 0xB4, 0xF2, 0x72, 0x95, 0x1A, 0x74, 0x94, 0xC0, 0x38, 0x03,
    0xA3, 0x51, 0x15, 0xFA, 0xA4, 0x8F, 0x07, 0x3B, 0x32, 0xFC, 0x88, 0x58, 0x31, 0xA4, 0x3B, 0x3D,
    0xE2, 0xF4, 0xE2, 0x91, 0x20, 0xA7, 0xD5, 0x6B, 0x57, 0xC0, 0x0D, 0xFB, 0x73, 0x1E, 0x71, 0x53,
    0xCC, 0x5F, 0x42, 0x22, 0x52, 0x6A, 0x3E, 0x1D, 0xFA, 0x5B, 0x27, 0xC5, 0x8B, 0x52, 0x1C, 0x6A,
    0x72, 0x20, 0x3B, 0x0B, 0x54, 0xA4, 0xF3, 0x51, 0xB6, 0x3B, 0x41, 0xC9, 0x6A, 0xC6, 0xC8, 0x22,
    0xF2, 0x73, 0xC6, 0xC7, 0x1E, 0x1D, 0x76, 0x5A, 0xDC, 0xCE, 0xB8, 0x55, 0xCF, 0x2B, 0x79, 0xF5,
    0xCA, 0x1B, 0xE1, 0x23, 0x83, 0x78, 0xFE, 0x52, 0x98, 0xC5, 0x14, 0xB7, 0x45, 0x4F, 0x33, 0xF6,
    0x00, 0xA9, 0x23, 0x19, 0x21, 0x6C, 0xC4, 0x13, 0x90, 0x1A, 0xF1, 0x4E, 0x9B, 0xCB, 0x21, 0xCF,
    0xD1, 0xF3, 0xF5, 0x5A, 0xED, 0x07, 0x7D, 0x56, 0xBD, 0xF6, 0xAF, 0xB2, 0x97, 0xDE, 0x17, 0xC4,
    0x7C, 0x98, 0x63, 0xBA, 0x93, 0xDD, 0x7E, 0x9C, 0x5F, 0x0D, 0x62, 0x03, 0xAC, 0xCC, 0xEB, 0x90,
    0x4B, 0xD9, 0x66, 0x93, 0x88, 0xD5, 0xF9, 0xEE, 0xC7, 0xB0, 0x4C, 0x80, 0x0C, 0x34, 0xA0, 0x02,
    0x67, 0x92, 0x40, 0x2A, 0x7C, 0xC1, 0x53, 0x78, 0x72, 0x8A, 0xCB, 0xE2, 0x90, 0x34, 0x50, 0xAA,
    0x13, 0x58, 0xA5, 0x89, 0xAF, 0xBA, 0xD9, 0xD4, 0x34, 0x4B, 0xCE, 0x2A, 0xCD, 0xF7, 0x47, 0x07,
    0x0F, 0xFF, 0x4B, 0x6F, 0x6F, 0xA5, 0x39, 0x7E, 0x15, 0xF3, 0x41, 0x74, 0x72, 0x90, 0x86, 0x57,
    0x33, 0xDB, 0x9C, 0x3F, 0x17, 0x5C, 0x23, 0x66, 0x6B, 0x53, 0xD6, 0x4C, 0xE4, 0xE2, 0x80, 0x11,
    0xB0, 0x60, 0x79, 0x9D, 0x2C, 0xA7, 0xF5, 0x76, 0xB3, 0x2D, 0x7A, 0x4D, 0x7F, 0xC0, 0x6C, 0xA0,
    0x18, 0xC8, 0x9A, 0x11, 0x1C, 0x03, 0x96, 0x70, 0x63, 0x11, 0xF5, 0x3A, 0x07, 0x2E, 0x3B, 0x08,
    0x81, 0x92, 0xE1, 0x80, 0x49, 0x8B, 0x91, 0xB7, 0xE4, 0x23, 0x7A, 0xEC, 0x71, 0x00, 0x87, 0x3A,
    0xE3, 0xD7, 0xE0, 0x5E, 0xF7, 0xDB, 0xEA, 0x05, 0x0C, 0x36, 0x89, 0x99, 0x7F, 0x35, 0xD0, 0x4B,
    0xF3, 0x2D, 0xFC, 0x44, 0x44, 0xCA, 0x92, 0xDE, 0xE5, 0xC4, 0x59, 0xE4, 0xCB, 0x0B, 0xF5, 0xE7,
    0xA7, 0x36, 0x2D, 0xAB, 0xC9, 0xA6, 0xA9, 0x4E, 0x40, 0xBE, 0x44, 0x1A, 0x3B, 0x53, 0x6D, 0x5F,
    0x8C, 0x15, 0x51, 0xB2, 0x99, 0xDC, 0x32, 0x39, 0x40, 0xFA, 0xB4, 0xD6, 0x48, 0xF4, 0xDA, 0x16,
    0xC1, 0xA6, 0x39, 0xA0, 0xD8, 0xD9, 0x0B, 0xFC, 0x72, 0xEE, 0x18, 0xD2, 0xA8, 0x8F, 0x65, 0x32,
    0x1A, 0xBC, 0xDE, 0xBC, 0xFF, 0x84, 0xFB, 0x44, 0xC0, 0x98, 0x3C, 0x5F, 0xA5, 0x89, 0x13, 0xCE,
    0xD2, 0x0F, 0x97, 0xAD, 0x99, 0xFF, 0x8E, 0xDA, 0x46, 0xC3, 0xA1, 0x68, 0xCC, 0x8D, 0x27, 0xBA,
    0xAD, 0xBA, 0x6C, 0x64, 0xF8, 0xA7, 0x05, 0x6F, 0xBE, 0xB4, 0xA0, 0x86, 0x87, 0x9C, 0xFD, 0xF7,
    0x5F, 0x18, 0x8D, 0x3E, 0x36, 0xF9, 0x57, 0x86, 0x80, 0x2F, 0x26, 0x1B, 0xBE, 0x90, 0xCF, 0x7D,
    0x72, 0xB5, 0x3D, 0x65, 0x9D, 0xAF, 0xC1, 0x98, 0x08, 0x89, 0xF8, 0xC8, 0x98, 0x58, 0x51, 0xA3,
    0x3C, 0x36, 0x26, 0x4E, 0xC2, 0xC3, 0xE2, 0x31, 0x46, 0xD0, 0xEB, 0xC2, 0x98, 0x98, 0xFE, 0xD2,
    0x7F, 0x13, 0xE2, 0xCF, 0xF7, 0x7F, 0xE6, 0xDF, 0xA7, 0x5E, 0x76, 0x33, 0x63, 0x62, 0x0C, 0x63,
    0xA2, 0xA6, 0x5E, 0x18, 0x11, 0xD0, 0xCC, 0x48, 0x7D, 0xDB, 0xCD, 0x0F, 0xD2, 0xD3, 0x27, 0x3D,
    0x6B, 0x6F, 0xA4, 0x5D, 0x9F, 0x66, 0xC7, 0x64, 0x69, 0x76, 0x14, 0x71, 0x60, 0x61, 0x76, 0x6C,
    0x32, 0x9A, 0x1D, 0x45, 0x2E, 0x10, 0x4A, 0x2C, 0x4D, 0x13, 0x4B, 0xB3, 0x2B, 0x6A, 0xA1, 0xC1,
    0xCF, 0x87, 0xAA, 0xDC, 0xF8, 0xFC, 0xC9, 0x00, 0x49, 0xB1, 0xFA, 0xF2, 0xE4, 0xD5, 0xEC, 0x38,
    0xAA, 0xD9, 0x51, 0x2B, 0x14, 0x40, 0x25, 0x4F, 0x76, 0x5C, 0xAE, 0x21, 0x16, 0x97, 0xC6, 0x84,
    0x81, 0xD6, 0xAD, 0xC4, 0x3F, 0xB8, 0xE8, 0x40, 0x86, 0x3F, 0x43, 0xDD, 0xE9, 0xAE, 0x59, 0x4A,
    0x6A, 0xA4, 0x2E, 0x1D, 0xA9, 0x2A, 0x09, 0x5D, 0xAD, 0x29, 0xFB, 0xAB, 0xEA, 0x16, 0x89, 0x54,
    0x19, 0x45, 0x75, 0x19, 0x13, 0xC5, 0xF7, 0x2E, 0xEF, 0x57, 0x0F, 0xAA, 0x4E, 0x6F, 0x76, 0xE2,
    0xF8, 0x6B, 0x0E, 0x1C, 0x79, 0xDB, 0x4C, 0x63, 0x41, 0x10, 0x94, 0x5D, 0xAB, 0x07, 0xF2, 0x5A,
    0xB7, 0x21, 0x7F, 0x7E, 0xDF, 0xE8, 0xE1, 0x6F, 0x3A, 0x38, 0x4A, 0xBE, 0x0E, 0x9E, 0xF4, 0xB2,
    0x0B, 0xD2, 0x0A, 0x9C, 0x96, 0x2E, 0xC3, 0x52, 0xFD, 0x43, 0x88, 0x3F, 0x43, 0x5C, 0xFF, 0xDE,
    0x6A, 0xE7, 0xB6, 0xF9, 0x37, 0x21, 0xEC, 0xBD, 0x6C, 0x82, 0x43, 0x9A, 0xB1, 0xC5, 0x39, 0xD6,
    0xC1, 0x20, 0x7C, 0x6F, 0xB5, 0x8B, 0x4B, 0x91, 0x15, 0x57, 0xB2, 0xF2, 0x80, 0xA4, 0xF5, 0x3E,
    0xD5, 0xC0, 0xA5, 0xDB, 0x42, 0x1D, 0x4B, 0xF8, 0x6C, 0xFF, 0x52, 0xFE, 0xF2, 0x59, 0xA7, 0xFE,
    0x90, 0x95, 0x1A, 0xDE, 0x4B, 0x8D, 0x48, 0xCE, 0xEA, 0x69, 0x9B, 0xD4, 0xF9, 0x16, 0x92, 0xD6,
    0xE8, 0xFE, 0xB7, 0xCB, 0xCB, 0xB8, 0x2E, 0xE8, 0xBE, 0x4E, 0xEB, 0xA4, 0xAC, 0x5C, 0xCF, 0x32,
    0x13, 0x39, 0xDD, 0x90, 0x9A, 0xB3, 0x36, 0x89, 0xF0, 0x36, 0xB8, 0xFB, 0xF5, 0x91, 0x68, 0xDA,
    0xCC, 0x6C, 0x33, 0xB0, 0xD2, 0x75, 0xFD, 0x45, 0x3B, 0xDA, 0x94, 0xFF, 0xC6, 0x5D, 0xF6, 0x43,
    0xCE, 0x4B, 0x06, 0x51, 0x8D, 0x24, 0x19, 0xF2, 0x84, 0x5D, 0x82, 0xA1, 0x6E, 0x7F, 0xE0, 0xDC,
    0x83, 0x0B, 0xF0, 0x53, 0xF7, 0xBB, 0xEE, 0xF6, 0x3F, 0x71, 0x6F, 0xE3, 0xD9, 0xE6, 0x4A, 0xF9,
    0x22, 0xDF, 0xFC, 0xB7, 0x7B, 0x24, 0x0D, 0xC9, 0x3B, 0xDD, 0x7F, 0xDD, 0x90, 0x25, 0xFD, 0xA6,
    0xFB, 0x81, 0x7B, 0x95, 0x1F, 0x25, 0xC6, 0x20, 0xB4, 0xC5, 0x10, 0x46, 0xBF, 0xFB, 0x1D, 0xDC,
    0xEC, 0x1D, 0x79, 0x71, 0x4D, 0x8C, 0x71, 0xB8, 0x2F, 0x5C, 0x7A, 0x79, 0xD5, 0x9E, 0x60, 0x6D,
    0x33, 0x63, 0x6D, 0xB5, 0xFD, 0x17, 0xE1, 0xBC, 0x68, 0xD6, 0x06, 0x92, 0x99, 0xB6, 0xED, 0x17,
    0x7E, 0x36, 0x1F, 0xFD, 0xA1, 0x36, 0x9F, 0x9E, 0x89, 0xBB, 0x9C, 0x2E, 0xEF, 0x3E, 0xC2, 0x30,
    0xEA, 0x50, 0x94, 0x63, 0xD3, 0x86, 0x48, 0x8F, 0x0D, 0x17, 0x14, 0x6D, 0xAB, 0x40, 0x56, 0xCC,
    0xBB, 0x74, 0x77, 0x46, 0xC6, 0x0B, 0xBB, 0x67, 0x69, 0xC5, 0x1F, 0xCC, 0x93, 0xA5, 0x6C, 0xBE,
    0x96, 0xC9, 0xC5, 0x9F, 0x7F, 0x5F, 0xBF, 0x12, 0xC6, 0xDD, 0x67, 0x88, 0x24, 0x1C, 0xA1, 0xC3,
    0xB8, 0x31, 0xDB, 0x87, 0xDB, 0xCC, 0xC9, 0x18, 0x6B, 0xAA, 0x23, 0x42, 0x7E, 0x4A, 0xD7, 0xAB,
    0x40, 0x90, 0x6D, 0xDD, 0x9F, 0xCF, 0xB8, 0xFA, 0xBD, 0x03, 0x5C, 0xC9, 0xCF, 0x97, 0xE6, 0xA3,
    0x3F, 0x9F, 0x8F, 0xFE, 0x97, 0xBE, 0x82, 0xEF, 0xBA, 0x8B, 0x6F, 0xB3, 0xA2, 0x09, 0x84, 0x27,
    0x69, 0xD2, 0x85, 0x07, 0x40, 0xAD, 0x41, 0xA0, 0x3D, 0x9C, 0xED, 0xC7, 0x8E, 0xBD, 0x50, 0x96,
    0xA3, 0x56, 0x2B, 0x72, 0xAD, 0xC6, 0xE3, 0xDA, 0x19, 0xD1, 0x60, 0xD2, 0x84, 0x7A, 0x29, 0xAC,
    0xD6, 0x4E, 0xA1, 0xAC, 0x51, 0xCB, 0xF4, 0x8C, 0x6C, 0x92, 0x81, 0x0D, 0x4C, 0xD3, 0xBC, 0x6B,
    0xAE, 0x01, 0x6A, 0x39, 0x3D, 0xA5, 0x25, 0x1A, 0x98, 0xDE, 0xA4, 0xF9, 0x60, 0x64, 0x23, 0x0C,
    0x85, 0xE5, 0x7E, 0x3A, 0x6D, 0x5A, 0x6D, 0x70, 0xA7, 0x1D, 0xF3, 0x9D, 0xF7, 0x29, 0xCC, 0xC8,
    0x78, 0xF6, 0x2D, 0xE9, 0xB6, 0x8A, 0x38, 0x38, 0x95, 0x33, 0x44, 0x1B, 0x95, 0xD8, 0x56, 0x2A,
    0xEF, 0x1E, 0xA6, 0x17, 0xCA, 0xD4, 0xF9, 0xD4, 0xB7, 0xDD, 0xE7, 0x4B, 0xE0, 0x44, 0x96, 0x7D,
    0x42, 0x53, 0x5B, 0x44, 0x86, 0xB4, 0xD6, 0x88, 0xF5, 0xCC, 0x9F, 0xD6, 0x7B, 0xA9, 0x28, 0xD8,
    0x93, 0x57, 0xAA, 0xFB, 0x2D, 0x52, 0xBE, 0x49, 0x98, 0x11, 0xE6, 0xCF, 0xE9, 0x4A, 0x7D, 0x42,
    0x1B, 0xE3, 0xB7, 0x06, 0x3C, 0x1C, 0xD4, 0x81, 0x0F, 0x46, 0xC0, 0xA7, 0x3D, 0x93, 0xF9, 0x68,
    0x81, 0x64, 0x66, 0xA1, 0x56, 0xFE, 0x30, 0x4B, 0x16, 0xF2, 0x8F, 0x27, 0x8A, 0x0D, 0x23, 0x25,
    0x2A, 0xCE, 0xBA, 0xCD, 0xB0, 0xA7, 0x03, 0x2A, 0xFC, 0xA6, 0x4B, 0x8B, 0x4B, 0xBB, 0x37, 0xDC,
    0x05, 0xDF, 0xD0, 0x12, 0x1C, 0x7B, 0x24, 0x21, 0xD4, 0x27, 0x7A, 0x27, 0x0B, 0x06, 0xEC, 0x98,
    0x87, 0xC5, 0x44, 0x2B, 0x7A, 0x6E, 0x0F, 0x00, 0xEA, 0x2C, 0xE0, 0x5B, 0x1F, 0x6C, 0x81, 0xE1,
    0xDA, 0x07, 0xC7, 0xA5, 0x52, 0xCE, 0x85, 0x81, 0x5F, 0x5A, 0x57, 0x65, 0x09, 0xE8, 0xF3, 0xF7,
    0x16, 0x0B, 0x40, 0x16, 0xCB, 0x18, 0x81, 0x03, 0xA7, 0x7C, 0x36, 0xD8, 0x17, 0x76, 0x8A, 0x86,
    0x0A, 0x1C, 0x24, 0x2F, 0xEF, 0x2E, 0x49, 0x5E, 0x7E, 0x17, 0x7E, 0x06, 0xD4, 0x1C, 0x78, 0xFF,
    0x25, 0x3D, 0x0E, 0x47, 0xC9, 0xCB, 0x8D, 0x25, 0x97, 0xD4, 0x11, 0x44, 0xB8, 0x75, 0x73, 0x23,
    0xC6, 0x7B, 0x2E, 0x08, 0xBA, 0xBF, 0x3A, 0x08, 0xFA, 0x33, 0x00, 0x3F, 0x14, 0xF0, 0xD7, 0x60,
    0x5A, 0xC8, 0xDB, 0x47, 0x2E, 0xC2, 0x61, 0x10, 0x34, 0xA3, 0xCE, 0xA8, 0x7A, 0xFE, 0x18, 0xE0,
    0x0B, 0xD7, 0x05, 0x41, 0xBB, 0xF5, 0xF7, 0x14, 0x8B, 0x87, 0x9F, 0x33, 0x29, 0xF2, 0xAF, 0xB7,
    0x6A, 0x4A, 0x28, 0x73, 0xB2, 0xF8, 0xDC, 0xA8, 0xEE, 0xC8, 0x0D, 0x3F, 0xF3, 0xCC, 0x5C, 0x82,
    0x2B, 0x83, 0x61, 0xCF, 0xCD, 0xBD, 0x3B, 0xE4, 0x69, 0xCB, 0xBB, 0x58, 0x7C, 0xC6, 0xE3, 0xF8,
    0x6E, 0xBF, 0x17, 0x45, 0xEA, 0x30, 0xA6, 0xCB, 0x3E, 0x61, 0x62, 0x1C, 0x80, 0x6B, 0xD2, 0xFE,
    0x34, 0xD1, 0x29, 0x54, 0xCC, 0xB1, 0xE0, 0x28, 0x78, 0x48, 0x2F, 0x68, 0x06, 0xCD, 0x47, 0x90,
    0x5E, 0x28, 0xB2, 0xF1, 0x65, 0x75, 0x0D, 0xB4, 0xC4, 0x0A, 0x4B, 0xD5, 0x8D, 0xEE, 0x13, 0x20,
    0x56, 0x08, 0xD7, 0x9A, 0x93, 0xC9, 0xE0, 0x23, 0x9E, 0xD4, 0xAA, 0x72, 0xF4, 0x2C, 0xE5, 0x69,
    0xD0, 0x26, 0xCF, 0xD9, 0x5A, 0xAD, 0x18, 0x19, 0x44, 0x01, 0x87, 0xED, 0x08, 0x2D, 0x67, 0x1F,
    0xBC, 0xA9, 0x1F, 0x9D, 0x77, 0x8C, 0x5B, 0x83, 0x5C, 0x89, 0xA7, 0xED, 0x9D, 0xBE, 0x87, 0x92,
    0x0A, 0x4F, 0xBF, 0x0F, 0x09, 0x01, 0x49, 0x61, 0x3C, 0x08, 0x4A, 0xC5, 0xD0, 0x56, 0x34, 0x9B,
    0x92, 0x84, 0xD0, 0xD0, 0xF7, 0x89, 0x9A, 0x31, 0x7C, 0x04, 0x21, 0x47, 0xF1, 0x60, 0x35, 0x63,
    0x52, 0xB5, 0x8E, 0xC1, 0xE5, 0x43, 0x82, 0xFE, 0xDE, 0x50, 0xD4, 0xE6, 0x63, 0x53, 0xE2, 0x9E,
    0x3F, 0x9F, 0x94, 0xAE, 0x17, 0xCF, 0x95, 0x93, 0xF1, 0x2B, 0x8D, 0x0D, 0x79, 0x8F, 0x06, 0x3E,
    0x19, 0xA1, 0x5D, 0xCE, 0x22, 0x34, 0xBD, 0xD3, 0xF4, 0xF1, 0x58, 0x4B, 0x92, 0xD9, 0x4D, 0xC3,
    0x30, 0xAC, 0x78, 0x8C, 0xEF, 0xAC, 0xBC, 0x8D, 0xEF, 0x34, 0x19, 0x35, 0x0D, 0x25, 0x70, 0x12,
    0xDF, 0x5D, 0xAA, 0xDF, 0xDF, 0xEC, 0x20, 0x1D, 0xAC, 0xA2, 0x07, 0xF4, 0x46, 0xC4, 0x71, 0x3A,
    0x86, 0x71, 0x46, 0xDE, 0xFC, 0x13, 0x2C, 0x43, 0xC6, 0xEC, 0x28, 0x4D, 0xB9, 0xA4, 0x36, 0x67,
    0x79, 0x56, 0xAA, 0x96, 0xE6, 0xBF, 0xF2, 0xCA, 0xDE, 0xAA, 0x97, 0xA3, 0x29, 0xD1, 0x6A, 0x99,
    0x98, 0xBF, 0x62, 0xB2, 0x15, 0xD9, 0x3B, 0x5C, 0x14, 0x6D, 0xE8, 0x90, 0x1E, 0xFC, 0x86, 0x43,
    0x40, 0x69, 0x0A, 0x24, 0x5A, 0xC1, 0x69, 0x48, 0xF7, 0x97, 0x15, 0xE6, 0x58, 0x31, 0x08, 0x93,
    0x95, 0x47, 0x82, 0xC6, 0xBD, 0xB9, 0xEB, 0xC1, 0xAA, 0xA2, 0x57, 0x47, 0x1E, 0xB5, 0xB0, 0xEA,
    0x37, 0x93, 0xFB, 0x9D, 0x6D, 0x7A, 0xC8, 0x08, 0x28, 0xFD, 0xC8, 0xE4, 0x59, 0x9B, 0xA7, 0x9B,
    0x6C, 0xB8, 0x0D, 0xBC, 0x38, 0xF5, 0xEE, 0xD2, 0xE2, 0x3A, 0x3F, 0x72, 0xF7, 0xFC, 0x96, 0xA9,
    0x8E, 0xAC, 0xC4, 0x58, 0x68, 0x71, 0x1D, 0x88, 0x71, 0xAB, 0x5D, 0x10, 0xB0, 0x54, 0x4E, 0xCA,
    0x83, 0xE1, 0x20, 0xF1, 0xA1, 0xCE, 0x1B, 0x38, 0x2A, 0x4E, 0x46, 0xFC, 0x22, 0x42, 0x85, 0x61,
    0xEF, 0xFA, 0xD7, 0x54, 0xCF, 0x34, 0xA7, 0x0C, 0x83, 0x40, 0xE5, 0xAF, 0xB5, 0x7A, 0x45, 0x50,
    0xCA, 0x69, 0xCE, 0x29, 0xFB, 0x53, 0x39, 0x4F, 0x6E, 0xD9, 0xC3, 0x51, 0x06, 0x3D, 0xE5, 0xB7,
    0x71, 0x53, 0x58, 0xA6, 0xD6, 0xB8, 0x2F, 0xDE, 0x1A, 0x3C, 0x69, 0x56, 0xF6, 0x8E, 0x65, 0x06,
    0xC8, 0x5E, 0x18, 0x17, 0x4C, 0xBB, 0x5F, 0xAD, 0x06, 0x84, 0x0D, 0xC3, 0x3E, 0x68, 0x21, 0xD5,
    0x02, 0x60, 0x16, 0xDD, 0xC0, 0x50, 0xC1, 0x87, 0x5C, 0x1D, 0x8F, 0x39, 0x2B, 0x9E, 0x30, 0x8E,
    0xE3, 0x39, 0xCD, 0x52, 0xCF, 0x49, 0xF8, 0x9E, 0x70, 0xD2, 0x3E, 0x66, 0xB5, 0x1E, 0x3D, 0xB3,
    0xB6, 0x52, 0x13, 0x5A, 0x75, 0x8C, 0xDE, 0x7C, 0x0D, 0xE3, 0x59, 0x2B, 0x59, 0x56, 0x98, 0x13,
    0xA6, 0xFE, 0x16, 0x9E, 0x9D, 0x39, 0xE2, 0x2C, 0xC4, 0xBC, 0x31, 0x78, 0x6D, 0xAE, 0xA5, 0x83,
    0x11, 0x42, 0x80, 0x83, 0x8C, 0x03, 0xFA, 0xB1, 0x33, 0x07, 0xB8, 0x7F, 0x1F, 0x5F, 0x3C, 0xDA,
    0x07, 0xBE, 0x15, 0xEA, 0x27, 0x66, 0xFC, 0x07, 0x15, 0xFB, 0x01, 0x62, 0xE3, 0x0D, 0x0B, 0x0A,
    0xE4, 0x3B, 0xAD, 0xBE, 0xF3, 0xF8, 0x11, 0x42, 0xDB, 0xDE, 0x47, 0xF4, 0xF5, 0x53, 0xFA, 0x70,
    0x7B, 0x80, 0x0E, 0xA0, 0x56, 0x7C, 0xF8, 0x0F, 0xE0, 0xF4, 0x7C, 0x3A, 0x84, 0xB1, 0xF0, 0x88,
    0x7F, 0xE3, 0xB7, 0x76, 0x5E, 0x17, 0xAE, 0x65, 0x2F, 0x1F, 0xA0, 0xBF, 0xC7, 0x1A, 0x84, 0xD7,
    0x58, 0x69, 0x32, 0x16, 0x7D, 0x58, 0x85, 0x0C, 0xBA, 0xC7, 0x4F, 0xE0, 0x28, 0x7E, 0x3E, 0xCC,
    0xD7, 0x36, 0x16, 0xD4, 0xC7, 0xA7, 0xE4, 0xF3, 0x32, 0x34, 0xE7, 0x39, 0xEF, 0x36, 0x87, 0xFC,
    0x3D, 0x86, 0x88, 0xF1, 0x18, 0x02, 0xC3, 0xE3, 0xA7, 0xC3, 0xFE, 0x46, 0x9A, 0x41, 0x97, 0x0C,
    0x46, 0x07, 0x61, 0x48, 0xF2, 0x58, 0xF7, 0x15, 0x54, 0x79, 0x40, 0x18, 0x6D, 0xAC, 0x3E, 0x24,
    0xAC, 0xD4, 0xCC, 0x9A, 0x41, 0x41, 0x57, 0x96, 0xF5, 0xD1, 0xBC, 0x15, 0x4F, 0xBF, 0x30, 0xAB,
    0x3A, 0xEA, 0x5F, 0x06, 0x9D, 0xBC, 0x09, 0xCF, 0x8C, 0x78, 0xD5, 0xDA, 0x8A, 0x48, 0xB4, 0x24,
    0xBB, 0x3B, 0x2B, 0x87, 0x05, 0x2A, 0x36, 0x69, 0x21, 0xAC, 0x2D, 0x43, 0xB3, 0xB5, 0x48, 0x5D,
    0xAB, 0x4B, 0xD7, 0xEA, 0xDF, 0x05, 0x7F, 0xFC, 0x11, 0x9C, 0xCF, 0x61, 0xDE, 0xB2, 0x96, 0xFF,
    0xC2, 0x94, 0x56, 0xDB, 0x18, 0x73, 0xA4, 0x05, 0x46, 0x2C, 0xA5, 0x0A, 0x52, 0xBB, 0xF1, 0x5A,
    0x9C, 0xA3, 0x5A, 0xD8, 0x81, 0x61, 0x05, 0xD8, 0xF8, 0x8C, 0xDF, 0x26, 0x3C, 0x53, 0x79, 0xC9,
    0x4A, 0xE3, 0x3C, 0x59, 0xC2, 0x0B, 0xCB, 0x86, 0xA9, 0xD3, 0x80, 0x28, 0xD8, 0xC5, 0x62, 0x4F,
    0x25, 0x1A, 0xFB, 0x1F, 0xAC, 0x77, 0x9E, 0x99, 0x57, 0xF6, 0x88, 0x7C, 0xDE, 0x52, 0x1F, 0xDE,
    0x88, 0x3D, 0x1B, 0x2A, 0x55, 0xC9, 0x40, 0x2A, 0x08, 0x46, 0xA6, 0x1C, 0xBF, 0x5C, 0xFC, 0x6F,
    0xA8, 0x94, 0x3B, 0x98, 0x53, 0x5C, 0xE9, 0xC3, 0x10, 0x6B, 0x2F, 0x1B, 0xED, 0x93, 0x76, 0x14,
    0xAB, 0x73, 0xA6, 0xF5, 0x78, 0x0D, 0x8F, 0x5A, 0x17, 0x0D, 0xD8, 0x76, 0x0C, 0xF7, 0x45, 0x9D,
    0x54, 0xAF, 0xC9, 0x8C, 0x56, 0x0C, 0x60, 0x58, 0xF3, 0x6B, 0x32, 0xCA, 0x41, 0x29, 0x48, 0xCE,
    0x5E, 0xE8, 0xB3, 0xA2, 0xB7, 0x2A, 0xA1, 0x3D, 0x2C, 0xF8, 0x3B, 0xF5, 0x1E, 0x9A, 0xC3, 0x1A,
    0x8F, 0x3A, 0x08, 0xB7, 0xAF, 0x09, 0x52, 0x74, 0xFB, 0xF2, 0x08, 0x7C, 0x84, 0x3B, 0xD6, 0x15,
    0x39, 0x0B, 0x6F, 0xD8, 0xC3, 0x5C, 0x8C, 0xE1, 0x04, 0xBA, 0xE5, 0x2C, 0xB9, 0x12, 0xDE, 0x22,
    0x92, 0x7A, 0x0E, 0x3B, 0x3A, 0x82, 0x57, 0x5D, 0xD2, 0x9D, 0xC2, 0x9B, 0x91, 0x3B, 0x9A, 0xD8,
    0x2F, 0x6D, 0x86, 0xB9, 0xBE, 0xEB, 0xF9, 0x66, 0x1F, 0xB7, 0x72, 0xDA, 0xDC, 0xE0, 0xF2, 0xDB,
    0x34, 0x21, 0xE6, 0x6E, 0x09, 0x77, 0xAF, 0x07, 0x7B, 0x97, 0xBD, 0x85, 0xB9, 0x60, 0xDF, 0x65,
    0x07, 0x75, 0x08, 0x5D, 0xBF, 0xED, 0x81, 0xB7, 0x04, 0x1D, 0xCD, 0x6B, 0xB2, 0x83, 0x50, 0x9D,
    0x81, 0x91, 0xAF, 0x3C, 0x50, 0xA7, 0x1B, 0x82, 0x54, 0xEC, 0xF2, 0x84, 0xEE, 0x4B, 0x3A, 0x2E,
    0xCA, 0x50, 0x5F, 0xB1, 0xF6, 0xA1, 0xDE, 0xE2, 0xB5, 0x07, 0xAB, 0x60, 0xE1, 0xDC, 0xEC, 0xBD,
    0x3C, 0x14, 0x2C, 0x57, 0x28, 0x6A, 0xA7, 0x86, 0x37, 0x8B, 0x6E, 0x89, 0x82, 0xC7, 0x35, 0x0A,
    0x5E, 0xD8, 0x28, 0x78, 0x66, 0x91, 0x0D, 0xE1, 0x16, 0x41, 0x4C, 0xA7, 0xCD, 0x35, 0x41, 0xF5,
    0x88, 0x61, 0x81, 0x58, 0xBD, 0xD3, 0x26, 0x54, 0xA9, 0x60, 0xE1, 0xB9, 0xC8, 0x92, 0xF2, 0xB4,
    0xAC, 0x1D, 0x6B, 0x69, 0x92, 0xE8, 0x9E, 0xAD, 0xC2, 0xB4, 0x94, 0x36, 0xCD, 0x3E, 0x47, 0x0B,
    0xC9, 0x67, 0x19, 0x11, 0x08, 0x6D, 0xA0, 0x74, 0x56, 0x01, 0x22, 0x14, 0xF7, 0x93, 0x27, 0x2E,
    0x21, 0x0C, 0xB5, 0x21, 0x68, 0x4D, 0xE5, 0x9D, 0x98, 0x0E, 0x3B, 0x0A, 0x60, 0xA0, 0xF3, 0xC5,
    0x33, 0x8A, 0x89, 0x93, 0x88, 0xEF, 0x20, 0x9F, 0x55, 0x93, 0xB2, 0xF2, 0x70, 0xD6, 0x63, 0x3C,
    0xF9, 0xAE, 0xE8, 0x8E, 0x23, 0x54, 0x02, 0x84, 0xB7, 0x01, 0x9E, 0x88, 0x74, 0x87, 0xC2, 0x68,
    0x49, 0x8F, 0xC8, 0x4F, 0x51, 0x26, 0xB6, 0x89, 0x7F, 0xD7, 0x62, 0x44, 0xD4, 0x87, 0xA7, 0x22,
    0x9C, 0xC0, 0x0B, 0xFF, 0xF7, 0x8A, 0xE8, 0xFB, 0x3D, 0x9D, 0x26, 0x2C, 0xC0, 0x4A, 0xDF, 0x5B,
    0x4A, 0x8B, 0x4F, 0xBF, 0x86, 0x43, 0x2A, 0x45, 0x0C, 0x07, 0xC5, 0x99, 0x0A, 0x53, 0xDF, 0xFF,
    0x77, 0xC4, 0xBB, 0x6F, 0x16, 0xA0, 0x6A, 0xFC, 0x97, 0xFB, 0xA2, 0x2B, 0x9E, 0xEE, 0x72, 0xD1,
    0xB8, 0x5B, 0xF8, 0x56, 0x59, 0x81, 0xC4, 0x8A, 0x9B, 0x64, 0x53, 0x35, 0x98, 0x49, 0x39, 0x94,
    0x24, 0x9B, 0x93, 0xB2, 0xE4, 0x09, 0xCB, 0xE8, 0x35, 0x94, 0x24, 0x33, 0x63, 0xFF, 0x85, 0x96,
    0x24, 0xD3, 0x32, 0x28, 0x56, 0x2B, 0x1C, 0x01, 0x2A, 0xD9, 0x96, 0xC1, 0x06, 0xCE, 0x8C, 0x9A,
    0x34, 0x01, 0x46, 0xC4, 0x3F, 0x41, 0x63, 0x16, 0xAC, 0x7B, 0xAC, 0x6A, 0x00, 0x0F, 0xA5, 0x3C,
    0xB4, 0x6F, 0xF3, 0x61, 0xF5, 0xA0, 0xB8, 0xDE, 0xD8, 0xFF, 0x99, 0x7C, 0xFC, 0x24, 0x9D, 0x03,
    0x10, 0x12, 0xF8, 0x46, 0x33, 0x99, 0x64, 0x94, 0x50, 0x07, 0x73, 0x9F, 0xE5, 0x2A, 0x15, 0xC3,
    0xCB, 0x8C, 0x67, 0x4D, 0xDB, 0x37, 0x5F, 0x26, 0xCD, 0xAA, 0xF7, 0x9C, 0x80, 0xEB, 0x4D, 0x46,
    0xE7, 0x52, 0xC1, 0x5E, 0xE7, 0x30, 0xAE, 0xBC, 0x79, 0x45, 0xF2, 0x32, 0x27, 0x3B, 0x40, 0x7C,
    0xD2, 0x34, 0x07, 0x13, 0x81, 0xB6, 0x4A, 0x49, 0xAA, 0x7D, 0x82, 0xC3, 0xDF, 0x50, 0xA7, 0xFD,
    0x90, 0x41, 0x1F, 0x56, 0x85, 0x6D, 0x38, 0x0A, 0xF4, 0x38, 0x17, 0x1C, 0x7E, 0x43, 0x98, 0xF7,
    0x07, 0x23, 0x51, 0x49, 0x24, 0xD3, 0xF1, 0xEC, 0x6C, 0x3C, 0x22, 0x0C, 0x51, 0x91, 0xA8, 0x19,
    0x02, 0xDC, 0xD8, 0xA8, 0x10, 0x90, 0x42, 0x1D, 0x31, 0x23, 0x4C, 0x5F, 0xEE, 0xC7, 0x76, 0x79,
    0xDA, 0xC5, 0x1D, 0x46, 0x48, 0x99, 0x70, 0xAB, 0x18, 0x4B, 0xD5, 0x04, 0x30, 0x63, 0x8C, 0x23,
    0x2C, 0x02, 0xA1, 0x76, 0xD5, 0x5F, 0x2D, 0x46, 0xF5, 0x72, 0x3A, 0x19, 0xCF, 0x11, 0xC6, 0x36,
    0x73, 0xBA, 0xF8, 0x21, 0xBC, 0x06, 0x63, 0x90, 0x7E, 0x29, 0xFC, 0xCA, 0x20, 0xD2, 0x1D, 0x5C,
    0xD9, 0x9D, 0x69, 0xBE, 0xAE, 0x80, 0x7B, 0xB1, 0x0A, 0x05, 0x96, 0x1E, 0xC2, 0x5B, 0xF4, 0x37,
    0x08, 0x37, 0xC6, 0x88, 0xF2, 0x5F, 0x21, 0x0E, 0xE3, 0xE5, 0x60, 0x83, 0x4A, 0x30, 0xA6, 0xC8,
    0x77, 0x36, 0x2E, 0x0E, 0x6B, 0x65, 0x45, 0x2A, 0xEB, 0x23, 0x70, 0x8E, 0x50, 0x40, 0x82, 0x2F,
    0xE8, 0x52, 0xB7, 0x52, 0xB5, 0x10, 0xD1, 0x57, 0x81, 0x11, 0xB4, 0xF4, 0x6B, 0xA8, 0x7E, 0x6E,
    0x15, 0xEA, 0x2C, 0xC2, 0xC2, 0x84, 0x67, 0x2B, 0x64, 0x67, 0x55, 0xED, 0x9C, 0xAB, 0x2C, 0x25,
    0x7C, 0x32, 0x1F, 0xFA, 0xD6, 0x85, 0x30, 0x8C, 0x20, 0xF1, 0x66, 0xBD, 0xEE, 0x73, 0xD0, 0x69,
    0xDC, 0x7E, 0x93, 0x30, 0xA4, 0xC4, 0x2C, 0x39, 0xEC, 0x95, 0x63, 0x51, 0x05, 0xB4, 0x52, 0x0D,
    0x34, 0x37, 0x9E, 0x78, 0x9B, 0x46, 0xB4, 0x0B, 0x26, 0xDD, 0xB3, 0xB4, 0xEE, 0x84, 0x89, 0x13,
    0xF9, 0x0D, 0xCB, 0xF2, 0xBE, 0xCF, 0x47, 0x7B, 0xCA, 0xA2, 0xBD, 0x7C, 0xAF, 0x74, 0x14, 0x0B,
    0x26, 0x5B, 0xF3, 0xAC, 0x58, 0x36, 0x24, 0xCC, 0xFC, 0xA1, 0xA8, 0xD8, 0x8A, 0x0A, 0xEE, 0x46,
    0x38, 0xC4, 0x56, 0xA6, 0x01, 0x5C, 0x95, 0x48, 0x96, 0xA2, 0xEA, 0x59, 0x50, 0xD3, 0xCD, 0x6F,
    0x33, 0x1B, 0x43, 0xB1, 0xFD, 0xCB, 0xDA, 0x20, 0x4F, 0xFD, 0xFA, 0x5A, 0x0B, 0xA1, 0xB8, 0xAC,
    0x3D, 0x30, 0x21, 0xDD, 0xB6, 0xB5, 0x62, 0xCE, 0xF5, 0xF9, 0xC6, 0x64, 0xBB, 0xD7, 0xD5, 0x2C,
    0x12, 0x04, 0x8E, 0x9B, 0x85, 0x97, 0xE6, 0xE6, 0x8D, 0x7B, 0xB5, 0xEA, 0x89, 0x0D, 0xA1, 0x48,
    0x8B, 0x41, 0xB6, 0xC8, 0x43, 0x78, 0x86, 0x28, 0xEA, 0xAB, 0xEA, 0xFF, 0x5C, 0x51, 0xBA, 0xEE,
    0x0A, 0xF8, 0xFA, 0xF5, 0x1B, 0xFD, 0x6D, 0x23, 0xCD, 0xE3, 0x31, 0x51, 0x17, 0x76, 0x9A, 0x91,
    0x4B, 0xE8, 0xC1, 0xB9, 0x34, 0xA2, 0x9B, 0x54, 0x16, 0x38, 0xAF, 0xDF, 0x5C, 0x59, 0x24, 0xF7,
    0x8B, 0xA7, 0xA0, 0x05, 0xD8, 0x7D, 0xA9, 0xF2, 0xC0, 0xA1, 0x67, 0xCC, 0x7F, 0x8C, 0x00, 0x17,
    0x77, 0x7F, 0x7C, 0x57, 0x9E, 0xF5, 0x8B, 0x9B, 0x4B, 0xC0, 0xA1, 0xBB, 0xE7, 0xB2, 0xE2, 0x36,
    0xBE, 0xEE, 0x0E, 0x40, 0xFB, 0x4B, 0x6C, 0x31, 0xA2, 0xE5, 0x9A, 0x28, 0xF1, 0x54, 0x22, 0xBE,
    0x30, 0xEE, 0xB7, 0x3B, 0x03, 0x42, 0xD8, 0xFB, 0x8D, 0x83, 0x27, 0x1E, 0x7E, 0x7F, 0xDA, 0xCE,
    0xC2, 0x0D, 0x83, 0x8D, 0x47, 0xFF, 0x42, 0xAD, 0xE4, 0xD1, 0xDD, 0xAA, 0x0A, 0x5F, 0x7F, 0x4B,
    0x58, 0x8B, 0x9E, 0x2C, 0xAB, 0xE8, 0x6F, 0x91, 0x84, 0x5D, 0xA2, 0x08, 0xAE, 0x16, 0x5A, 0xA2,
    0x81, 0xEC, 0xC6, 0x05, 0x88, 0x8E, 0x0A, 0x0B, 0x69, 0xBA, 0xFB, 0x22, 0x88, 0x2A, 0xD5, 0x24,
    0x0A, 0x4E, 0xF9, 0x5E, 0x43, 0x5E, 0x45, 0xBE, 0x2B, 0xFE, 0x48, 0xED, 0x2B, 0xD5, 0x86, 0x36,
    0x56, 0xE7, 0xD5, 0xE2, 0xBC, 0xF5, 0x7F, 0x4C, 0x5B, 0x62, 0x19, 0x9C, 0x46, 0x95, 0xB5, 0xB9,
    0xB5, 0x17, 0xC1, 0x99, 0x14, 0x5B, 0x28, 0x56, 0x68, 0x23, 0x1F, 0x34, 0x27, 0xF5, 0xEA, 0x33,
    0xC6, 0x63, 0x65, 0x31, 0x85, 0xF0, 0xEA, 0x57, 0xA3, 0x8C, 0x4C, 0x7D, 0xCC, 0xDE, 0x2F, 0x4A,
    0x81, 0xAD, 0xBC, 0x05, 0xE4, 0xDF, 0xD3, 0xFA, 0xAF, 0x1A, 0x1A, 0x56, 0x28, 0xE1, 0xF7, 0xE6,
    0xCB, 0xAA, 0x7F, 0x2B, 0x16, 0x36, 0xD2, 0x54, 0x49, 0x8F, 0x40, 0xED, 0xF7, 0x76, 0xEA, 0x6C,
    0x0A, 0x79, 0xC6, 0x1D, 0xA7, 0x62, 0xF7, 0x29, 0xA5, 0x8F, 0x1A, 0x13, 0x9A, 0xF4, 0xFB, 0x05,
    0x1C, 0xF9, 0xED, 0x45, 0x1D, 0xC2, 0x8D, 0x14, 0x66, 0x16, 0x7A, 0xF4, 0xC2, 0xDD, 0x00, 0x63,
    0x3B, 0x62, 0xEC, 0x5D, 0xF5, 0xAD, 0xA0, 0x50, 0x39, 0x31, 0x06, 0x63, 0xCC, 0x0A, 0x18, 0x1B,
    0xAE, 0xC4, 0x58, 0x1C, 0x30, 0x16, 0x62, 0x35, 0x63, 0x8B, 0x1B, 0x8C, 0x8E, 0x82, 0xD9, 0xA8,
    0x93, 0x21, 0x12, 0x42, 0x06, 0x45, 0x4C, 0x55, 0x86, 0xA1, 0x80, 0xB1, 0xC8, 0xC6, 0xE3, 0xEE,
    0xFB, 0x69, 0x7B, 0x78, 0xE5, 0xAD, 0x5A, 0xC5, 0x70, 0xEE, 0x67, 0x6F, 0xF1, 0x01, 0x86, 0xE1,
    0x92, 0x81, 0xB5, 0xEE, 0x1C, 0x86, 0x63, 0xC3, 0x70, 0x7F, 0x4C, 0x22, 0x31, 0x0B, 0x60, 0xEB,
    0x13, 0x45, 0x89, 0x68, 0xAC, 0x43, 0x48, 0x81, 0xAA, 0x98, 0x2B, 0x45, 0xF0, 0xB5, 0x0C, 0x9A,
    0x6B, 0x10, 0xBF, 0x19, 0x0D, 0x90, 0xB7, 0xFA, 0xCD, 0xE0, 0x29, 0xB3, 0xCB, 0xF1, 0xFA, 0x2D,
    0x56, 0x30, 0x1A, 0xB5, 0xDC, 0x05, 0x1E, 0x72, 0x58, 0xD6, 0x61, 0x61, 0xAC, 0xF4, 0xF6, 0xEA,
    0xF8, 0x8C, 0xFF, 0x57, 0x37, 0x3A, 0x70, 0xEE, 0xF3, 0xA5, 0xA6, 0xB1, 0xE7, 0xAD, 0x86, 0xFD,
    0xE4, 0xBB, 0xBC, 0x71, 0x7B, 0x93, 0x00, 0xE6, 0x9A, 0x85, 0xF5, 0x3C, 0x3B, 0x83, 0x97, 0xB7,
    0xB5, 0x2E, 0x20, 0xB8, 0xA4, 0xD9, 0x84, 0x9C, 0xD5, 0xA5, 0x3B, 0xE7, 0x57, 0xE9, 0x66, 0x45,
    0x08, 0x1E, 0x09, 0xE7, 0xDF, 0x27, 0xCD, 0x7B, 0xAA, 0xEB, 0x61, 0xE2, 0x86, 0x0E, 0x21, 0xBD,
    0x4F, 0xB5, 0xE0, 0xDE, 0xF9, 0x67, 0xFF, 0x52, 0xAD, 0x4D, 0xA9, 0xD9, 0xB6, 0xB7, 0x44, 0x7E,
    0x79, 0x45, 0x91, 0xC6, 0x95, 0xBD, 0xD5, 0x52, 0x29, 0x90, 0x10, 0xC3, 0x6C, 0x8E, 0xE5, 0x56,
    0xEB, 0x91, 0x9A, 0x8E, 0x54, 0x44, 0x57, 0xA3, 0x11, 0xF7, 0x40, 0xA9, 0xC1, 0x0D, 0xB4, 0xC8,
    0x5E, 0x1E, 0x72, 0xF1, 0x59, 0x87, 0x8F, 0xEE, 0x05, 0x75, 0x66, 0x2C, 0xAA, 0xC3, 0x8E, 0xC6,
    0x44, 0x7E, 0x71, 0x5F, 0x8B, 0xC0, 0x36, 0x61, 0x6B, 0x82, 0x93, 0xB2, 0x9C, 0x07, 0x9B, 0xAC,
    0xC9, 0xF3, 0x7F, 0x62, 0xA3, 0xA6, 0x4C, 0x6C, 0x33, 0x37, 0x99, 0x3A, 0x43, 0xF3, 0x8F, 0xE9,
    0x50, 0xD6, 0x44, 0x07, 0x8D, 0x16, 0xAD, 0x0C, 0x4D, 0x62, 0x4D, 0xBF, 0x6C, 0xD2, 0xDD, 0xB2,
    0xC9, 0xBA, 0x65, 0x73, 0xB8, 0x3F, 0xCA, 0x15, 0x1B, 0xA3, 0xAC, 0x19, 0xE4, 0x33, 0x56, 0x8C,
    0x81, 0x1F, 0x2A, 0xC6, 0xFA, 0x0C, 0x15, 0x83, 0x7C, 0x98, 0xFD, 0x93, 0x5B, 0x98, 0x59, 0xA2,
    0x8B, 0x39, 0x33, 0x63, 0x57, 0xBB, 0x0C, 0xE1, 0xB3, 0x2A, 0xF3, 0x21, 0xBA, 0xB9, 0xB4, 0x8C,
    0xDE, 0x33, 0xB0, 0x49, 0x66, 0x58, 0xD4, 0x7B, 0x58, 0x2D, 0x20, 0xBD, 0x33, 0x8E, 0xCB, 0x6C,
    0x45, 0xB8, 0xE6, 0x4A, 0xD3, 0xB2, 0xED, 0x2C, 0x95, 0xAE, 0x51, 0x3B, 0x13, 0x65, 0xF5, 0x91,
    0xFB, 0x66, 0x5D, 0x19, 0xBB, 0x93, 0x75, 0x8B, 0x11, 0xDF, 0xB2, 0x40, 0xF7, 0xEB, 0xDA, 0x29,
    0x20, 0x0D, 0xB9, 0x7E, 0xA0, 0x12, 0x9F, 0x5D, 0x69, 0x92, 0x1C, 0xCB, 0x0B, 0x35, 0x5A, 0xEB,
    0x01, 0x41, 0xD2, 0xEE, 0x53, 0x6A, 0x7B, 0x7D, 0x43, 0xC5, 0x10, 0x83, 0xE0, 0xA2, 0xBB, 0xAB,
    0xD4, 0xEA, 0xE2, 0xFD, 0x5D, 0xAC, 0xD8, 0xC2, 0xEF, 0x33, 0x01, 0x3B, 0xA5, 0xD7, 0xAF, 0x6A,
    0x28, 0x7F, 0x6D, 0x16, 0x79, 0x2D, 0xBF, 0x93, 0xCC, 0x3B, 0xAD, 0x69, 0x33, 0x69, 0x63, 0x2C,
    0x47, 0x19, 0x4E, 0x6C, 0x71, 0x83, 0xFD, 0x32, 0x65, 0xC5, 0x14, 0x32, 0x8D, 0xD2, 0x77, 0x01,
    0xBF, 0x6F, 0xCE, 0x01, 0xD2, 0x2E, 0x60, 0x63, 0x91, 0x7A, 0xB3, 0x66, 0xA5, 0xFB, 0x9B, 0x51,
    0xF8, 0x59, 0xF9, 0xFD, 0xBE, 0x67, 0x9B, 0xE9, 0x2E, 0xBB, 0x71, 0x81, 0x17, 0x31, 0x71, 0xF4,
    0x58, 0x41, 0xA8, 0x5E, 0x9C, 0x31, 0xA8, 0x5D, 0x6A, 0x04, 0xBC, 0xD6, 0x72, 0x77, 0x63, 0xB9,
    0x18, 0x9A, 0x54, 0x35, 0x97, 0xBE, 0xA3, 0x1A, 0x15, 0xB4, 0xA8, 0x19, 0xF8, 0x73, 0xE0, 0x0A,
    0x41, 0xDE, 0xB6, 0x56, 0x71, 0xB6, 0xB7, 0x8A, 0xB3, 0xCD, 0x55, 0x9C, 0xED, 0xAE, 0xE2, 0x2C,
    0x36, 0x91, 0x59, 0x36, 0x05, 0x12, 0x03, 0x74, 0x83, 0x15, 0x67, 0x3B, 0xAC, 0x20, 0x17, 0x76,
    0x85, 0xEC, 0x37, 0xDB, 0x63, 0xC5, 0xD9, 0x26, 0x2B, 0xCE, 0x27, 0xBB, 0x88, 0xAD, 0x6E, 0xB3,
    0xE2, 0x6C, 0x9F, 0x15, 0xE7, 0x37, 0x63, 0xAA, 0xED, 0x94, 0x31, 0x70, 0x5F, 0xB7, 0x5A, 0x41,
    0x4A, 0x71, 0x65, 0x2D, 0xED, 0x7C, 0xBA, 0xDB, 0x0A, 0x8A, 0x3D, 0x63, 0xBB, 0x15, 0x21, 0x0A,
    0xDC, 0x6F, 0x05, 0x2D, 0x78, 0xA4, 0xEF, 0x35, 0xB0, 0x23, 0x44, 0xE8, 0x1A, 0xED, 0x0C, 0xC4,
    0x73, 0xA6, 0x45, 0x55, 0x73, 0x50, 0xBB, 0x6E, 0x6D, 0x2D, 0x9C, 0x2A, 0x13, 0x37, 0x42, 0xD3,
    0x52, 0xAC, 0xBA, 0x0D, 0x0F, 0x9A, 0x52, 0x1B, 0x54, 0x63, 0x45, 0x69, 0x11, 0x46, 0x42, 0x3E,
    0x6D, 0x13, 0xB8, 0xB9, 0x59, 0x90, 0x15, 0x1B, 0xF9, 0xE4, 0x68, 0xDE, 0xEF, 0xF3, 0xF7, 0xE0,
    0xFB, 0x46, 0x4D, 0x56, 0xEC, 0xF4, 0xE3, 0x35, 0x0B, 0x9B, 0x61, 0x91, 0x2C, 0xCB, 0xEA, 0xB4,
    0x2E, 0x2B, 0x8C, 0x48, 0xBD, 0xE6, 0x1D, 0x77, 0x20, 0xA9, 0x28, 0xCD, 0xCA, 0xAA, 0x71, 0xAD,
    0x11, 0xD5, 0x79, 0x71, 0x59, 0xCA, 0x8D, 0x3E, 0x51, 0x7A, 0xE0, 0xF2, 0xC8, 0xDB, 0xD7, 0x26,
    0x50, 0x66, 0x2D, 0xEE, 0x90, 0x76, 0x80, 0xCC, 0xFA, 0x36, 0x8F, 0x88, 0xE5, 0x23, 0xDD, 0xEF,
    0x4F, 0xE2, 0x65, 0xDF, 0xAA, 0x3D, 0xE3, 0xD6, 0x7F, 0xB1, 0xFA, 0xAE, 0xDB, 0x8C, 0x1B, 0xF4,
    0x12, 0x87, 0xF8, 0x04, 0xD2, 0xD4, 0xF8, 0x50, 0x06, 0xBE, 0x3F, 0xC1, 0xC6, 0xA6, 0xD6, 0xA6,
    0x41, 0x85, 0x95, 0xCD, 0x83, 0x78, 0xB9, 0x62, 0x59, 0x10, 0x3D, 0x99, 0xCB, 0x8E, 0x57, 0x67,
    0xCB, 0x8E, 0x67, 0x73, 0xD9, 0xF1, 0x69, 0x2E, 0x3B, 0x5E, 0x56, 0x22, 0x43, 0xEC, 0xD2, 0x66,
    0xEF, 0xF2, 0x06, 0x5C, 0xEF, 0xD2, 0xF2, 0xBC, 0xEC, 0xAD, 0x75, 0x13, 0xA6, 0xE3, 0xBA, 0x1D,
    0x5E, 0xAB, 0x31, 0x41, 0xAA, 0x8C, 0x46, 0xA0, 0x2E, 0x1E, 0xF2, 0x36, 0xF4, 0x96, 0xF6, 0x40,
    0x5D, 0xC6, 0x0D, 0x41, 0x98, 0xE1, 0x2F, 0xC8, 0x84, 0xBE, 0xE5, 0x9B, 0x28, 0x6C, 0xF5, 0xA9,
    0x99, 0xFC, 0x9A, 0x5A, 0xA6, 0xC9, 0x6C, 0x50, 0x5E, 0xAA, 0x16, 0x8E, 0xFE, 0xA2, 0xD3, 0xAD,
    0x46, 0x32, 0xA6, 0xA2, 0x01, 0x8D, 0xA9, 0x25, 0xB6, 0xB9, 0x21, 0x3A, 0x53, 0xC1, 0x2E, 0x3A,
    0x08, 0x30, 0xBF, 0x2F, 0x6B, 0x3D, 0x9A, 0x2B, 0xD8, 0x6D, 0x80, 0xBB, 0xF5, 0x2B, 0xE1, 0x8E,
    0x25, 0xDB, 0x77, 0xC4, 0x5D, 0xB1, 0x50, 0x10, 0xE2, 0xB0, 0x81, 0xA7, 0xB5, 0xA9, 0xB5, 0x79,
    0xAB, 0xEB, 0x94, 0x35, 0x3F, 0xF6, 0x9B, 0x1C, 0x38, 0x4D, 0xE9, 0xA4, 0xCE, 0x5A, 0x1B, 0x55,
    0xC7, 0xDC, 0x8D, 0x47, 0x15, 0x21, 0x35, 0x00, 0xA0, 0x05, 0x63, 0xD2, 0x6D, 0x72, 0x3A, 0x3D,
    0xAF, 0x30, 0xBD, 0xC4, 0x1F, 0xB6, 0x6B, 0x1F, 0xB2, 0x77, 0x94, 0x3E, 0xC4, 0xE3, 0xC2, 0x7C,
    0x09, 0x1B, 0x8D, 0x16, 0xA5, 0x51, 0xB1, 0xDD, 0x33, 0x7A, 0x45, 0x63, 0x31, 0xEF, 0x4F, 0x88,
    0x03, 0x94, 0xC1, 0xFF, 0xC4, 0x87, 0x3D, 0x60, 0x58, 0xD6, 0x10, 0x39, 0x35, 0x82, 0xA6, 0x26,
    0x65, 0xF4, 0x07, 0x74, 0x0A, 0x5D, 0x80, 0x2B, 0xD5, 0xA4, 0x2D, 0xA5, 0xCC, 0xD4, 0xE9, 0x6A,
    0xA7, 0xA1, 0xAD, 0xCD, 0xEC, 0x2C, 0xDD, 0x6A, 0x39, 0x08, 0xD0, 0xEB, 0x16, 0x94, 0xF7, 0xCF,
    0xF4, 0x32, 0xD4, 0xF9, 0x7E, 0x8F, 0x7B, 0x97, 0x0C, 0x6B, 0x56, 0xAA, 0x7B, 0x20, 0xEF, 0xA7,
    0xF4, 0x65, 0xDE, 0x08, 0xBD, 0x44, 0x69, 0x92, 0x32, 0x63, 0xB8, 0xDB, 0x28, 0x2F, 0xA5, 0x5D,
    0xEE, 0x80, 0xDC, 0x2E, 0x3E, 0xCD, 0x25, 0xBB, 0xE1, 0x1D, 0x44, 0x80, 0x5E, 0xB3, 0x73, 0xDE,
    0xC1, 0x2E, 0x7B, 0xEB, 0xEF, 0xAC, 0xBF, 0xEB, 0xA2, 0x41, 0x54, 0xD2, 0xCD, 0x44, 0x09, 0xD2,
    0x33, 0xE9, 0xB9, 0xB5, 0x74, 0xCE, 0x45, 0x32, 0xC6, 0x95, 0xD5, 0x10, 0x9B, 0x57, 0xAC, 0xC7,
    0xA8, 0x16, 0x8F, 0xC8, 0x12, 0x1C, 0xAD, 0x36, 0x26, 0xAA, 0x38, 0x3C, 0x83, 0x7E, 0xF3, 0x07,
    0xF3, 0x16, 0x6F, 0x61, 0x3E, 0xED, 0x79, 0xC3, 0xA1, 0x55, 0xE0, 0x00, 0x72, 0xFB, 0x2B, 0x96,
    0xAC, 0xE1, 0xD6, 0xA3, 0x55, 0xC3, 0x3A, 0x5F, 0x35, 0x23, 0x3D, 0xCB, 0x04, 0xD5, 0x21, 0x6C,
    0xE3, 0x2B, 0xAD, 0x60, 0x83, 0xF9, 0x55, 0x6B, 0xD8, 0x9D, 0x5B, 0x43, 0xF9, 0xE1, 0xF6, 0x4C,
    0xB9, 0xED, 0xBE, 0x37, 0xCA, 0x28, 0x2C, 0x36, 0x70, 0x1B, 0x92, 0x2E, 0x2F, 0x7B, 0x66, 0x62,
    0x44, 0x54, 0xD0, 0x02, 0xF5, 0x7D, 0x73, 0xDB, 0xB5, 0xA8, 0x57, 0x51, 0x04, 0xB3, 0x0E, 0x69,
    0x98, 0xC5, 0xF6, 0x70, 0xA3, 0xAE, 0xB4, 0xCC, 0xAF, 0xD0, 0xFD, 0xDF, 0x28, 0x7A, 0xF2, 0x80,
    0x9E, 0xCE, 0xD0, 0xB3, 0xBE, 0x0E, 0x3D, 0x9B, 0x2E, 0xA9, 0x95, 0xC0, 0xED, 0x01, 0xFF, 0xB6,
    0xFF, 0xE1, 0x79, 0x6F, 0x10, 0x83, 0x6E, 0x35, 0x46, 0x3B, 0x13, 0x02, 0xCC, 0x90, 0x35, 0x1F,
    0xB8, 0xBF, 0x8C, 0xDA, 0x6B, 0x52, 0x8B, 0x06, 0xB3, 0xA3, 0xCC, 0x85, 0xE1, 0x34, 0xF8, 0x37,
    0x43, 0x0A, 0x57, 0x6D, 0x76, 0x94, 0xAA, 0x31, 0x3B, 0x0A, 0x08, 0x37, 0x31, 0x8C, 0xE0, 0x5F,
    0xDA, 0x51, 0xE2, 0xD1, 0xEC, 0x28, 0xB8, 0xA7, 0x65, 0x59, 0x2D, 0x72, 0x26, 0xF5, 0x3D, 0x84,
    0x83, 0xF9, 0x2B, 0xC4, 0xFC, 0xE6, 0xBA, 0xDB, 0x95, 0x46, 0xCB, 0xA9, 0x3D, 0x86, 0x5E, 0xB5,
    0x5E, 0x63, 0xE9, 0x58, 0x7D, 0x7A, 0xAD, 0xCE, 0x72, 0xB5, 0xA3, 0xAC, 0xC3, 0x78, 0xA2, 0x60,
    0x47, 0xD1, 0xF0, 0x38, 0xA1, 0x4E, 0xBA, 0xED, 0x7A, 0xEC, 0xCD, 0x2C, 0xA4, 0xB1, 0x60, 0x75,
    0xE1, 0xDC, 0xDE, 0xE6, 0x7C, 0xD2, 0x86, 0xEF, 0x4F, 0x12, 0xC5, 0x2C, 0x99, 0x51, 0x6B, 0x1D,
    0x50, 0xD0, 0x4E, 0xFB, 0x79, 0xA3, 0x92, 0x79, 0x23, 0x13, 0xA1, 0x53, 0x28, 0xCD, 0x8F, 0x6D,
    0xBF, 0x1E, 0x9B, 0xCB, 0xC1, 0x8F, 0xC6, 0x0A, 0x7A, 0x33, 0x09, 0x9A, 0x0F, 0xDB, 0xEB, 0xA6,
    0x1D, 0x7A, 0x9E, 0xA8, 0xFE, 0x8F, 0xF4, 0xA9, 0x68, 0x53, 0xA6, 0xA1, 0x42, 0x9F, 0x89, 0x25,
    0xFC, 0x69, 0x5B, 0x48, 0x46, 0x0D, 0x42, 0xD5, 0x07, 0xA2, 0xA1, 0x84, 0x2F, 0x79, 0xC1, 0xE0,
    0x2E, 0x7B, 0xB1, 0x77, 0xDF, 0x28, 0xB3, 0x7D, 0xA5, 0x8D, 0x32, 0x37, 0x5D, 0xCA, 0x82, 0x3F,
    0xE1, 0x83, 0xFF, 0xEF, 0xC7, 0xF4, 0x82, 0x0B, 0x20, 0x9F, 0xF7, 0x84, 0xD8, 0xC7, 0xEF, 0xBA,
    0x5B, 0xEE, 0x09, 0x91, 0xCF, 0xDA, 0xC2, 0x0C, 0xB6, 0xB6, 0x61, 0x43, 0xB5, 0xB3, 0x68, 0x8C,
    0x84, 0x3E, 0xFD, 0x51, 0xED, 0xC3, 0xF3, 0xA3, 0xA9, 0xD9, 0xA8, 0x74, 0xAB, 0xFB, 0x1A, 0x1C,
    0xB2, 0xDF, 0xA6, 0x5E, 0x01, 0xF6, 0x57, 0xEB, 0x5E, 0xC8, 0xD3, 0x34, 0xF3, 0xFA, 0xD3, 0x42,
    0x6E, 0x17, 0x5E, 0x37, 0xE8, 0x39, 0xBE, 0x6F, 0xC9, 0x92, 0x0E, 0x1A, 0x70, 0xBC, 0xD2, 0xA4,
    0xF9, 0xAD, 0x55, 0x00, 0xD0, 0x8A, 0x6C, 0x7A, 0xF3, 0x26, 0xC4, 0x9C, 0x72, 0x1A, 0xDC, 0xF7,
    0x61, 0xEB, 0xB7, 0xD5, 0x19, 0xFD, 0x45, 0xEB, 0x75, 0xF8, 0xF2, 0x47, 0x78, 0x09, 0x95, 0x95,
    0xF5, 0x39, 0x08, 0x99, 0xCE, 0x29, 0x6A, 0x9D, 0xC2, 0xB7, 0x78, 0xCF, 0xCF, 0x8D, 0xF9, 0xFE,
    0x97, 0xE0, 0x7C, 0x8D, 0xCC, 0xEC, 0xD6, 0x35, 0x32, 0xCB, 0xAB, 0x6A, 0x64, 0x16, 0xEF, 0x8C,
    0x6E, 0x8E, 0xCD, 0x26, 0xFC, 0x1A, 0xF2, 0x14, 0xCF, 0xA6, 0x6D, 0x2F, 0x31, 0x56, 0xDD, 0x0E,
    0x63, 0xC5, 0x02, 0x63, 0xFE, 0xC6, 0x18, 0x2B, 0xAF, 0xC2, 0x98, 0x2C, 0x9F, 0xE3, 0x4C, 0x2F,
    0xFE, 0xED, 0x64, 0x53, 0x92, 0xE8, 0xD2, 0xFA, 0xA2, 0xD5, 0xCD, 0xEB, 0x8B, 0x8E, 0x67, 0x70,
    0x77, 0xCA, 0x97, 0xE3, 0xE6, 0x6B, 0x57, 0xF0, 0x11, 0x9D, 0x9D, 0x85, 0xD5, 0x15, 0x38, 0xDC,
    0xAF, 0x73, 0x6B, 0xFB, 0x75, 0x76, 0x27, 0xFB, 0x75, 0xD6, 0x57, 0xEE, 0xD7, 0x59, 0x9F, 0xEC,
    0xD7, 0xD9, 0xCD, 0xFB, 0x75, 0xD6, 0xFB, 0xFD, 0x3A, 0x27, 0xBB, 0xA3, 0xDE, 0xDD, 0x46, 0x72,
    0x03, 0xA5, 0xE0, 0xF5, 0x6C, 0xF4, 0x31, 0xAC, 0xCF, 0xD7, 0x1D, 0xFA, 0xFF, 0xAC, 0xCC, 0x92,
    0xB1, 0xD3, 0xD3, 0x37, 0x78, 0x9E, 0xCD, 0xBE, 0x7D, 0xE8, 0xB9, 0xE5, 0x84, 0x99, 0x31, 0xB8,
    0xD9, 0x63, 0xB0, 0xBA, 0x0C, 0x83, 0x15, 0x30, 0xE8, 0x05, 0x83, 0x2B, 0x60, 0x30, 0x3A, 0x8F,
    0x41, 0x2A, 0xE0, 0x7B, 0x29, 0x72, 0xBD, 0x4B, 0x9A, 0x4B, 0x10, 0x37, 0x39, 0xAD, 0x34, 0x1F,
    0xCA, 0xBB, 0xF9, 0xED, 0xEF, 0x07, 0x0E, 0x7F, 0xBC, 0x5F, 0x1C, 0xBD, 0x39, 0x47, 0x60, 0xDE,
    0x2A, 0x6E, 0xDE, 0x2F, 0x6E, 0x1F, 0x3C, 0xE9, 0xDB, 0x1F, 0xA1, 0x6C, 0x12, 0x04, 0xB6, 0x6D,
    0x65, 0x45, 0xEC, 0x8C, 0xF5, 0x24, 0x75, 0xEE, 0x34, 0x56, 0x54, 0x3F, 0xF8, 0xFF, 0x9C, 0x05,
    0xCF, 0x80, 0x49, 0xEE, 0xB2, 0x0C, 0xE5, 0xAD, 0xFD, 0xEC, 0x8A, 0x5A, 0x6F, 0xEF, 0xB8, 0xA9,
    0x9A, 0x3F, 0xF8, 0xCC, 0x9C, 0x5F, 0x6E, 0xFB, 0xA7, 0x2B, 0xC6, 0x10, 0xA0, 0x32, 0x79, 0x89,
    0xEB, 0xEF, 0x71, 0x8F, 0xDE, 0xEB, 0x59, 0x5C, 0x15, 0x2A, 0x8D, 0xAE, 0x19, 0xBB, 0x86, 0x0C,
    0x84, 0xDE, 0xCC, 0xFD, 0xB1, 0xDA, 0xFD, 0x49, 0x47, 0xD3, 0x9D, 0xFA, 0xBF, 0xE0, 0x21, 0x60,
    0x85, 0xBB, 0x5A, 0xA5, 0x7C, 0xCA, 0x6D, 0x5A, 0xCF, 0xF3, 0x1F, 0xF7, 0xFB, 0xAF, 0x46, 0x07,
    0xDB, 0xB5, 0x76, 0x73, 0xD5, 0x1D, 0x65, 0xD4, 0x07, 0xDB, 0xB5, 0xAA, 0x60, 0xD7, 0xED, 0xB7,
    0x6B, 0xCD, 0x6D, 0x7B, 0x87, 0x25, 0xB0, 0x80, 0xDC, 0xC8, 0xB3, 0xEC, 0x32, 0xE9, 0x78, 0x8C,
    0x42, 0x54, 0x88, 0x08, 0xDC, 0x31, 0x08, 0x58, 0x2B, 0x2E, 0x07, 0xAD, 0xB1, 0xD6, 0x72, 0xCB,
    0xAC, 0xB6, 0xCC, 0x62, 0xCB, 0x09, 0x6A, 0x2D, 0xB3, 0x08, 0x55, 0xE4, 0x7B, 0x8B, 0xF8, 0x63,
    0xCC, 0xE9, 0x6A, 0x51, 0xE7, 0x2F, 0x88, 0x73, 0x9B, 0x90, 0x5B, 0x68, 0xF1, 0x6F, 0x3B, 0x2B,
    0xAF, 0xAC, 0xD5, 0x95, 0x6F, 0x49, 0xCE, 0x59, 0xA4, 0xA2, 0x9D, 0xB7, 0x47, 0x46, 0x69, 0x4B,
    0x68, 0x3F, 0xF0, 0xB1, 0xAA, 0x05, 0x2E, 0xC2, 0x7F, 0xB7, 0x66, 0xDF, 0x82, 0x49, 0xAC, 0x66,
    0xA9, 0xAF, 0xD6, 0x4A, 0x7D, 0x61, 0x21, 0xEE, 0x28, 0x64, 0x0E, 0x56, 0x55, 0x84, 0x56, 0x8E,
    0x71, 0x6F, 0x7E, 0xE3, 0x0E, 0x0B, 0x66, 0x63, 0xA7, 0x96, 0xBF, 0xB6, 0x00, 0x2B, 0x66, 0x59,
    0x4C, 0xFB, 0xED, 0x70, 0x55, 0x9F, 0xCB, 0x91, 0xA6, 0xA5, 0x39, 0x4C, 0x33, 0xE0, 0xDF, 0xF6,
    0xA5, 0x21, 0x50, 0xF7, 0x86, 0xE2, 0x7F, 0x36, 0x50, 0x3D, 0x81, 0xAF, 0x17, 0xD1, 0x83, 0x11,
    0x42, 0xA1, 0x11, 0x4F, 0x51, 0x6B, 0x05, 0x2D, 0xFF, 0x75, 0xE9, 0xB2, 0x7A, 0x04, 0x1F, 0x06,
    0x7B, 0xF9, 0x39, 0x42, 0x6A, 0x3F, 0x04, 0xCE, 0x5E, 0xD2, 0x72, 0xBC, 0x9B, 0x03, 0x07, 0xDB,
    0x43, 0x21, 0x6D, 0x6B, 0x26, 0x78, 0xCD, 0x7E, 0x1C, 0x6C, 0x17, 0x9A, 0xC5, 0x0E, 0x01, 0x5A,
    0x99, 0x40, 0xDD, 0xA4, 0xC5, 0x4F, 0xE8, 0xB9, 0xFC, 0x63, 0xBC, 0xB7, 0x01, 0x96, 0xB5, 0xB8,
    0xCD, 0x2F, 0xC3, 0xF4, 0x5B, 0xB5, 0xF1, 0xF0, 0x0A, 0x39, 0xF1, 0x2C, 0x19, 0x17, 0xF7, 0x05,
    0xE4, 0x00, 0xEC, 0x73, 0xB2, 0xEE, 0x8F, 0x6A, 0x89, 0x4F, 0x48, 0x6B, 0x19, 0x83, 0x6C, 0x92,
    0xA2, 0x0C, 0x59, 0xD6, 0xD9, 0x9C, 0x96, 0x69, 0x3C, 0xEF, 0x0B, 0x21, 0xC2, 0x14, 0xE2, 0x34,
    0xF3, 0xBF, 0x0E, 0x21, 0x9A, 0xAC, 0xAC, 0xC6, 0x39, 0x1D, 0xEB, 0x9C, 0x0E, 0x21, 0x9A, 0xAB,
    0x45, 0xC8, 0x76, 0x89, 0xE9, 0xB0, 0xBD, 0x66, 0x4E, 0xDF, 0x40, 0x23, 0xBA, 0xCB, 0xCE, 0xBA,
    0xAB, 0x4A, 0x77, 0xD6, 0xCD, 0x16, 0x3B, 0xEB, 0x7E, 0x74, 0xCB, 0x9D, 0x75, 0xA9, 0xFC, 0x9C,
    0x58, 0x05, 0xD2, 0xFA, 0xB8, 0x52, 0xD0, 0x0D, 0x76, 0x07, 0xF2, 0xBB, 0x8B, 0x33, 0xBB, 0x03,
    0x3D, 0xBB, 0x76, 0x77, 0x20, 0x65, 0x8D, 0xFB, 0xCF, 0xAB, 0xE4, 0x94, 0xD3, 0x59, 0x72, 0xF8,
    0x39, 0x93, 0x62, 0x3E, 0x7F, 0x5E, 0x69, 0x2B, 0x8C, 0x9B, 0xDE, 0x47, 0xCD, 0xD5, 0x6E, 0xCE,
    0x18, 0xD6, 0xCA, 0x96, 0x97, 0x59, 0xAC, 0xDD, 0x3F, 0x9B, 0x5D, 0x68, 0x85, 0xCD, 0x26, 0x75,
    0x70, 0x37, 0x2C, 0xA1, 0xFE, 0xFD, 0xE8, 0x89, 0x3E, 0xDE, 0x1D, 0x84, 0x3E, 0x96, 0xC4, 0xFF,
    0x73, 0x21, 0xFF, 0xEB, 0x19, 0x68, 0x2A, 0xB2, 0x37, 0xCF, 0x0D, 0x39, 0xCA, 0x1A, 0x64, 0x61,
    0x15, 0xB6, 0x30, 0xBE, 0x73, 0x81, 0x00, 0xFF, 0x17, 0xA4, 0x32, 0xE1, 0x43, 0x27, 0x56, 0xF8,
    0x44, 0x03, 0xAB, 0x52, 0x82, 0x94, 0x52, 0x30, 0x00, 0x97, 0xEE, 0x29, 0x1D, 0xA4, 0x23, 0x83,
    0xC3, 0xAC, 0x7C, 0x16, 0x22, 0x7D, 0x26, 0x32, 0x8D, 0x4C, 0xB3, 0xD6, 0x35, 0xA6, 0x7B, 0xC7,
    0xBC, 0xC5, 0xF4, 0x20, 0xA7, 0x71, 0x63, 0xF5, 0x5C, 0xCC, 0x1F, 0xAD, 0xD1, 0x63, 0x2B, 0x6D,
    0x36, 0xFA, 0xC7, 0x38, 0x24, 0xFF, 0xF0, 0x82, 0xBC, 0xD7, 0xD4, 0x95, 0x4E, 0xE5, 0x34, 0xFA,
    0x93, 0x68, 0xBD, 0xFD, 0x77, 0xB4, 0xDE, 0x79, 0x4B, 0xF5, 0xF4, 0xB0, 0x8B, 0xAD, 0xB8, 0xE9,
    0x6C, 0x70, 0xCE, 0x9C, 0xDB, 0xB7, 0x5D, 0xCD, 0x3F, 0xA1, 0xF0, 0xA6, 0x31, 0x0C, 0xCB, 0x29,
    0xA0, 0xED, 0x27, 0x1B, 0x2C, 0x6D, 0x41, 0x53, 0x18, 0x98, 0x58, 0xF1, 0x75, 0x4B, 0x75, 0x2E,
    0x59, 0x19, 0x9B, 0x52, 0xCF, 0x38, 0x67, 0x27, 0xC5, 0x16, 0x20, 0xD5, 0xCE, 0xA2, 0x51, 0x66,
    0x51, 0xE4, 0x64, 0x84, 0x7F, 0x8B, 0x30, 0x1B, 0x5A, 0xBE, 0x10, 0xA0, 0x43, 0xD3, 0x56, 0x41,
    0xD7, 0x58, 0xCE, 0x50, 0x9A, 0x74, 0xE9, 0xF3, 0x5E, 0xC2, 0x42, 0xE3, 0xCE, 0x15, 0x6E, 0x9D,
    0xD5, 0xA0, 0x84, 0xB8, 0x07, 0x2F, 0x94, 0x47, 0xA5, 0xAF, 0x15, 0x4A, 0x42, 0x3A, 0x6E, 0xD5,
    0x5B, 0xC6, 0x9E, 0x66, 0xCB, 0x91, 0x2E, 0x07, 0x3A, 0x8C, 0x80, 0x87, 0x6C, 0xB0, 0x2C, 0x5C,
    0x56, 0x26, 0x66, 0x50, 0x4D, 0x98, 0xC0, 0x87, 0x50, 0xB7, 0xC2, 0xB1, 0x33, 0x73, 0x5E, 0x55,
    0x74, 0xC4, 0x64, 0x6B, 0x5A, 0xE7, 0x84, 0x17, 0x1D, 0xF1, 0x3D, 0xAF, 0x69, 0xB0, 0x93, 0x31,
    0xE0, 0x04, 0x6E, 0x40, 0x9F, 0x0D, 0xE9, 0xE1, 0x5E, 0x76, 0x6B, 0x4D, 0x2F, 0xFE, 0xA9, 0xB7,
    0xDD, 0xEA, 0x72, 0x0D, 0x6A, 0xD6, 0x5A, 0x2D, 0x0B, 0xA0, 0x21, 0x7F, 0xD5, 0xDF, 0x43, 0x1F,
    0x78, 0x0C, 0x63, 0xCA, 0x3B, 0xBC, 0x95, 0xEE, 0x65, 0xB7, 0xE3, 0x5E, 0x76, 0xFF, 0x04, 0xD5,
    0x5B, 0xBD, 0x92, 0xDC, 0xC6, 0x11, 0x1E, 0x00, 0xC5, 0x43, 0x95, 0x51, 0x65, 0x24, 0x52, 0xC2,
    0x0B, 0x26, 0x77, 0x95, 0x8D, 0x17, 0x30, 0x6B, 0x60, 0x2B, 0x70, 0xA0, 0x84, 0x81, 0xFD, 0x16,
    0xAE, 0xD2, 0x0B, 0x58, 0x06, 0x6C, 0x05, 0x0E, 0xC5, 0x47, 0x50, 0xA0, 0xC0, 0x56, 0xEC, 0xC0,
    0x81, 0x48, 0x40, 0xC5, 0x40, 0x81, 0x03, 0xC3, 0x4C, 0x9D, 0x80, 0x36, 0x03, 0x67, 0x04, 0x4B,
    0xA3, 0x12, 0x58, 0x04, 0x30, 0xEE, 0xAF, 0x7B, 0x80, 0x05, 0xF6, 0xEE, 0x78, 0x47, 0xFA, 0xF6,
    0xEE, 0xF6, 0xC8, 0x6B, 0x90, 0x58, 0xFC, 0xF4, 0x7C, 0xDD, 0xF3, 0x75, 0x4F, 0x4F, 0xAF, 0x52,
    0x55, 0xAF, 0xE8, 0xC7, 0x0D, 0x24, 0x02, 0x37, 0x92, 0x0C, 0xDD, 0x44, 0x32, 0x9A, 0x1C, 0xC9,
    0x78, 0x70, 0xB9, 0x52, 0xC9, 0xE0, 0x6A, 0xA5, 0xD2, 0xBE, 0x22, 0xA9, 0x6D, 0xD1, 0x28, 0x95,
    0x75, 0xA6, 0x53, 0xCA, 0x74, 0x19, 0xC9, 0xA2, 0xD5, 0xF4, 0x08, 0x57, 0xA7, 0x83, 0x97, 0x81,
    0x73, 0xF4, 0x88, 0x88, 0xA4, 0x13, 0x99, 0x27, 0x90, 0x65, 0x3A, 0xD2, 0x47, 0x72, 0x59, 0x93,
    0x91, 0xAC, 0x5A, 0x63, 0xE9, 0xF6, 0xAE, 0xC0, 0xA3, 0x6C, 0x45, 0x32, 0x63, 0x5D, 0x76, 0x3F,
    0x69, 0x03, 0x89, 0x57, 0x6D, 0x25, 0x9F, 0xFF, 0x84, 0x54, 0xA3, 0x07, 0x77, 0x2A, 0x75, 0xA4,
    0x7D, 0xCC, 0xEF, 0x7C, 0x94, 0x40, 0xEB, 0xC8, 0x8B, 0xA0, 0x22, 0x0D, 0x52, 0xA8, 0x61, 0x20,
    0x2A, 0x4B, 0xE7, 0x5C, 0x03, 0x51, 0xB3, 0xA0, 0x8B, 0x5D, 0x9B, 0xD1, 0x07, 0x72, 0xC9, 0xE8,
    0x94, 0x76, 0x9D, 0x23, 0x00, 0xCA, 0x6A, 0xAD, 0x45, 0x64, 0xF1, 0xCA, 0x61, 0x23, 0xF8, 0x9C,
    0x2A, 0x5E, 0x40, 0x56, 0x23, 0x4B, 0xC7, 0x17, 0xAF, 0x64, 0x3C, 0xB1, 0xAE, 0x3C, 0xA6, 0xB4,
    0x86, 0xBC, 0x97, 0xEF, 0x9E, 0x5A, 0xAC, 0xEE, 0x72, 0x8E, 0xD1, 0x07, 0xD6, 0xA1, 0x03, 0xD6,
    0xD1, 0x04, 0xAC, 0xE3, 0xD1, 0xB4, 0x40, 0x1F, 0x83, 0x4E, 0x07, 0x60, 0xAD, 0x7B, 0x60, 0x9D,
    0x75, 0xD0, 0xC1, 0x74, 0xC9, 0x08, 0xF4, 0xF1, 0x1A, 0x1E, 0x95, 0x62, 0xAC, 0x03, 0xC6, 0x9A,
    0x71, 0xAF, 0x59, 0x36, 0xC9, 0x04, 0x94, 0x09, 0x7D, 0xBA, 0x85, 0x6F, 0xB4, 0x40, 0x3F, 0x1B,
    0x0C, 0x3D, 0x4A, 0x0F, 0x40, 0x3F, 0x9D, 0xD4, 0x29, 0xD4, 0xCC, 0x1C, 0x0B, 0xE8, 0x5A, 0x40,
    0x18, 0x88, 0xAA, 0x84, 0x3E, 0x18, 0x33, 0xB0, 0x0F, 0x1F, 0xCD, 0x03, 0x58, 0xF0, 0x4F, 0x80,
    0x7F, 0x04, 0xFC, 0xC3, 0xB7, 0xE3, 0xDF, 0x03, 0xF5, 0x76, 0x31, 0x42, 0x0B, 0xFC, 0x3B, 0xBD,
    0xC5, 0xDF, 0x16, 0xC0, 0xDF, 0x88, 0xF9, 0xD9, 0xD8, 0x9A, 0x8C, 0x5D, 0x58, 0x93, 0xC3, 0x49,
    0x1F, 0xCF, 0x8E, 0x99, 0xD8, 0x82, 0xD4, 0xD2, 0xB5, 0x78, 0xC8, 0xEA, 0x87, 0x1D, 0x59, 0xA4,
    0x77, 0x64, 0x06, 0xD7, 0xDF, 0x35, 0xB8, 0x12, 0x50, 0x62, 0x84, 0xBA, 0x67, 0x47, 0xB6, 0x80,
    0xD8, 0xB0, 0x3B, 0x17, 0x6D, 0x46, 0x56, 0xAD, 0x9A, 0xC5, 0x9D, 0x03, 0x57, 0x12, 0xC4, 0xE1,
    0xCA, 0x9D, 0xE3, 0x9D, 0x3B, 0x7B, 0x7F, 0xD7, 0xEC, 0xCE, 0x80, 0xB2, 0xEA, 0xE0, 0xCE, 0x46,
    0xDC, 0xB9, 0x77, 0x2D, 0x20, 0xC6, 0x9B, 0x21, 0x62, 0xAB, 0xF4, 0x48, 0xBA, 0x1A, 0x47, 0x23,
    0xAB, 0x08, 0xD1, 0x60, 0xA4, 0x61, 0xC5, 0x1D, 0x9D, 0x0F, 0x72, 0xF5, 0x70, 0x1F, 0xD1, 0x83,
    0x78, 0x34, 0x1B, 0x93, 0xD1, 0x24, 0x7D, 0xBA, 0x02, 0x0E, 0xDC, 0x33, 0x4E, 0x47, 0x85, 0x28,
    0x8F, 0x22, 0x6D, 0x79, 0x0A, 0x62, 0x0C, 0x03, 0x14, 0x0B, 0xA1, 0x4B, 0x8C, 0x01, 0xA4, 0x0D,
    0xE9, 0x7F, 0x0F, 0xA0, 0xF2, 0x4F, 0x80, 0xB9, 0x99, 0x61, 0x4A, 0x19, 0xE0, 0xAA, 0x9D, 0xEB,
    0xD5, 0x8F, 0xF3, 0x6C, 0x3D, 0x97, 0x4F, 0x80, 0xB5, 0x81, 0x20, 0x15, 0x86, 0xD0, 0x35, 0xE9,
    0x10, 0xB9, 0x1C, 0x42, 0xB1, 0xC8, 0x48, 0x94, 0xD5, 0x00, 0x9D, 0x71, 0xC9, 0x0F, 0x83, 0x2A,
    0xDC, 0xD3, 0x41, 0x25, 0x53, 0x38, 0xAC, 0x26, 0x33, 0xBF, 0x8F, 0xE7, 0x8C, 0x8A, 0x58, 0xC6,
    0x24, 0xCD, 0x00, 0xAF, 0xAD, 0xA6, 0x07, 0x98, 0xDC, 0x15, 0xFD, 0x33, 0xEA, 0x33, 0x10, 0x69,
    0x13, 0x77, 0x7B, 0x18, 0x7B, 0x32, 0x98, 0xCE, 0x92, 0x41, 0xB9, 0x23, 0x03, 0xA0, 0x9B, 0x0E,
    0x40, 0x77, 0x21, 0x03, 0x86, 0x07, 0x0C, 0x23, 0x33, 0x9B, 0xC8, 0x60, 0x04, 0x84, 0x98, 0xAE,
    0x8C, 0x6E, 0xC8, 0xE8, 0x46, 0x2B, 0x4A, 0x00, 0x19, 0x54, 0x0D, 0xC8, 0xA0, 0xE8, 0x34, 0xB3,
    0x08, 0x93, 0x81, 0x05, 0xD2, 0x9E, 0x0C, 0x96, 0x71, 0x31, 0xD6, 0xCC, 0xB8, 0x81, 0x17, 0x7A,
    0xD4, 0x80, 0x32, 0x85, 0x13, 0xD7, 0x70, 0xE2, 0x96, 0x58, 0x21, 0xDA, 0xB0, 0xF6, 0x61, 0x9C,
    0xD8, 0x2E, 0xB4, 0x5C, 0xE5, 0x7F, 0x05, 0x30, 0xCF, 0x49, 0xA3, 0xE8, 0x19, 0x7C, 0x22, 0xAE,
    0xB3, 0x72, 0x17, 0x31, 0x58, 0x79, 0xC3, 0xAC, 0x8A, 0x79, 0xA6, 0xC2, 0x01, 0xCE, 0x12, 0xB7,
    0xA1, 0xBD, 0xDB, 0x44, 0xA1, 0x9B, 0x9F, 0xD2, 0x83, 0x5F, 0xFF, 0x4E, 0x29, 0x8B, 0x88, 0xDC,
    0x25, 0xED, 0x1C, 0x7D, 0x58, 0x1F, 0x28, 0x92, 0xBD, 0xA4, 0x73, 0x45, 0xDC, 0xAB, 0xA0, 0x57,
    0x8F, 0x37, 0x90, 0x4F, 0x97, 0x41, 0xAE, 0xFE, 0xAF, 0x48, 0x68, 0xEC, 0x0A, 0x2A, 0x56, 0xA7,
    0x07, 0xB4, 0xBA, 0xCD, 0x48, 0xA1, 0xFB, 0xF9, 0xC9, 0x17, 0x7B, 0xD0, 0x1E, 0x6D, 0x4A, 0x81,
    0x69, 0x21, 0x41, 0xB0, 0x22, 0xF5, 0xC2, 0x49, 0x53, 0x70, 0xEB, 0xE3, 0x01, 0x71, 0xFB, 0xD7,
    0x57, 0x76, 0xEF, 0xCB, 0xB0, 0x8E, 0xCF, 0x8B, 0x7A, 0xEF, 0x92, 0x75, 0x48, 0x76, 0x11, 0x0C,
    0xCB, 0x55, 0xC9, 0x9F, 0xFE, 0x49, 0x63, 0x48, 0x6A, 0x04, 0xE8, 0xC8, 0xC2, 0x73, 0x24, 0x8B,
    0xA0, 0x57, 0x80, 0x97, 0x4E, 0xFF, 0xAB, 0xF6, 0xE9, 0x46, 0x7C, 0x7F, 0x43, 0x37, 0x62, 0x20,
    0xD0, 0xCD, 0x08, 0xA3, 0x24, 0xC3, 0x8A, 0x6E, 0x7A, 0x60, 0x94, 0xD9, 0x6C, 0xA1, 0x9B, 0x82,
    0xE9, 0xA6, 0x6A, 0x12, 0xA6, 0x1B, 0xCA, 0x40, 0x82, 0x7D, 0xBA, 0xA9, 0xE3, 0x1D, 0xDD, 0xB4,
    0xCC, 0x4D, 0x9E, 0x6E, 0x30, 0x03, 0x4C, 0x0F, 0x33, 0x65, 0x42, 0x37, 0xA3, 0xA7, 0x4F, 0x68,
    0x43, 0x9E, 0xAD, 0xA2, 0xFF, 0xB4, 0x3D, 0x0D, 0x83, 0x26, 0x6C, 0x00, 0x9C, 0x69, 0x10, 0xA4,
    0xC8, 0xE9, 0xA4, 0x0E, 0x4F, 0x32, 0x3B, 0x8F, 0x17, 0x4B, 0x98, 0x72, 0x49, 0xDD, 0x92, 0xA7,
    0xCF, 0xDF, 0x0A, 0x71, 0x7F, 0x15, 0x88, 0xF3, 0x77, 0x81, 0xD8, 0x6C, 0x20, 0xC6, 0x88, 0xDE,
    0x0E, 0xF1, 0x9A, 0xD1, 0x17, 0x88, 0xF5, 0x0C, 0x31, 0x0F, 0x85, 0x47, 0x12, 0xD3, 0xDB, 0xA2,
    0xE7, 0xDD, 0xAD, 0x43, 0x2C, 0x89, 0x88, 0x96, 0x48, 0xC8, 0x12, 0x9A, 0xA9, 0xF4, 0xE3, 0x8F,
    0x00, 0x4A, 0x1D, 0x93, 0x4C, 0x5A, 0x5D, 0x33, 0x2F, 0x97, 0x0B, 0x94, 0xA7, 0x2F, 0xF6, 0x81,
    0xAE, 0x04, 0xE8, 0x91, 0x21, 0x9E, 0x16, 0x8A, 0x22, 0xA0, 0x73, 0x04, 0x4D, 0xDC, 0x9B, 0x0C,
    0x80, 0x3B, 0x65, 0xB8, 0x75, 0x0F, 0xB8, 0x33, 0xA6, 0x19, 0xD3, 0x21, 0x80, 0x16, 0xAD, 0xF0,
    0x87, 0x90, 0x4D, 0x3C, 0x7A, 0xA0, 0x57, 0x64, 0x53, 0x7A, 0x1E, 0x1F, 0x67, 0x4E, 0xAA, 0xDA,
    0x8C, 0x3D, 0x9A, 0x79, 0xDC, 0x0A, 0x8F, 0x83, 0x6C, 0x08, 0xFE, 0xD8, 0x32, 0xC7, 0x41, 0xA7,
    0x9F, 0xCF, 0x0E, 0xFD, 0xAC, 0xB1, 0x84, 0x36, 0xB9, 0xCE, 0x8C, 0x76, 0xFD, 0x1E, 0x68, 0x33,
    0xAD, 0x24, 0xEF, 0x4B, 0x2B, 0x59, 0x09, 0x6D, 0x5C, 0x4F, 0xF1, 0x25, 0xF8, 0x1E, 0xFC, 0x1C,
    0xB6, 0x7A, 0x8E, 0x30, 0x2A, 0xEC, 0xD4, 0xD7, 0x50, 0x95, 0x29, 0xC5, 0x39, 0xCB, 0x11, 0x14,
    0x9F, 0x9E, 0x4C, 0xFB, 0x68, 0x9B, 0xFD, 0x55, 0x8B, 0xF2, 0x89, 0x4A, 0xC5, 0xAB, 0x96, 0xE2,
    0xEC, 0xAA, 0xC5, 0x2E, 0xAB, 0x16, 0xBB, 0xBF, 0x6A, 0xA9, 0xF6, 0x57, 0x2D, 0xE1, 0x6A, 0xD5,
    0x42, 0xE3, 0x01, 0xCD, 0x4C, 0xBB, 0x55, 0x8B, 0x5E, 0xAD, 0x5A, 0x80, 0x7C, 0xEA, 0xB5, 0xCB,
    0xFA, 0x07, 0x50, 0x89, 0x3E, 0x65, 0xAB, 0xF2, 0x8F, 0x55, 0x9F, 0x52, 0x6E, 0xA8, 0x60, 0x25,
    0x87, 0x77, 0x03, 0xF7, 0x13, 0x57, 0xDE, 0x60, 0xD4, 0x4C, 0x4B, 0xC0, 0x49, 0xB9, 0xDE, 0x80,
    0xF0, 0x0D, 0x50, 0x23, 0xB6, 0xBE, 0x12, 0x77, 0x3E, 0x7D, 0x7D, 0x81, 0x23, 0x0F, 0xE7, 0x3B,
    0xF2, 0x20, 0x8E, 0x2C, 0x51, 0x93, 0x1D, 0xD9, 0x32, 0x63, 0xCC, 0x51, 0xB3, 0xE7, 0xA8, 0x09,
    0xDF, 0xF4, 0x7E, 0x9A, 0x4C, 0x6B, 0x47, 0x5E, 0x33, 0x06, 0x67, 0x7F, 0x8E, 0xBD, 0xBE, 0x12,
    0xC6, 0xB0, 0x4C, 0xCA, 0x83, 0x30, 0x46, 0xD5, 0xED, 0xA0, 0xBD, 0x4A, 0xD4, 0x24, 0xBF, 0x2E,
    0xC8, 0xBD, 0x03, 0xE6, 0x26, 0x3C, 0x19, 0x43, 0x60, 0xFF, 0x39, 0x99, 0xF2, 0x95, 0x7B, 0xC7,
    0xEF, 0xB4, 0x56, 0xBC, 0x7A, 0x52, 0x58, 0xAC, 0x15, 0xE5, 0xCC, 0x7A, 0x2F, 0x6A, 0xE2, 0x1C,
    0xDD, 0xD5, 0xAE, 0x7E, 0x1B, 0xE0, 0x78, 0xE6, 0x97, 0x00, 0xDA, 0xFC, 0x9E, 0x77, 0xCD, 0xEE,
    0xDA, 0x66, 0xFD, 0xCC, 0x1D, 0xEF, 0xAB, 0xED, 0x85, 0xF8, 0xBF, 0x26, 0x1C, 0x82, 0x65, 0xF4,
    0x9A, 0x47, 0xD0, 0xC7, 0x2E, 0x2F, 0x5A, 0x4A, 0x1C, 0xAB, 0x46, 0xF1, 0xEB, 0xCE, 0x0A, 0x0E,
    0x2F, 0x00, 0x1E, 0x04, 0x83, 0x99, 0x77, 0x2A, 0xF7, 0x32, 0x09, 0xC0, 0xB6, 0xE4, 0x45, 0xAB,
    0x37, 0xCF, 0x39, 0x41, 0xB4, 0x71, 0x61, 0x3E, 0x47, 0x0B, 0x1A, 0xFA, 0x6D, 0xE8, 0xB7, 0x93,
    0x55, 0x35, 0x7E, 0xE1, 0x44, 0x58, 0x94, 0x10, 0x25, 0xA8, 0x0F, 0x7C, 0x4E, 0x7C, 0x68, 0x94,
    0x12, 0xC4, 0x49, 0xED, 0x58, 0x5C, 0x54, 0x65, 0x00, 0xFD, 0x04, 0x4B, 0x4A, 0x79, 0x58, 0xEC,
    0x42, 0x1B, 0x35, 0xDA, 0xFD, 0xAA, 0x21, 0x9F, 0xAB, 0x0B, 0xFA, 0x7D, 0x4C, 0xBA, 0x7D, 0x1D,
    0xEC, 0x82, 0xF9, 0xC1, 0x01, 0x79, 0x42, 0x3C, 0x15, 0xB9, 0x96, 0xF9, 0x67, 0x80, 0xFF, 0xF7,
    0x2A, 0xFD, 0x06, 0x9C, 0x94, 0x2F, 0x8B, 0x9A, 0x03, 0x21, 0x30, 0x2D, 0xDE, 0x93, 0x35, 0x92,
    0xEB, 0xB8, 0xEE, 0x09, 0xCD, 0xA7, 0xD7, 0x56, 0x25, 0x6F, 0x06, 0x64, 0xF7, 0x44, 0x62, 0x26,
    0xCF, 0xD6, 0x9C, 0x69, 0xA0, 0xDF, 0x46, 0x58, 0x21, 0x82, 0x73, 0x05, 0x74, 0xDE, 0x17, 0x17,
    0x5E, 0xBC, 0xBE, 0xCD, 0xEE, 0xBF, 0x08, 0x64, 0x08, 0xDF, 0xA0, 0xB5, 0x8F, 0x1E, 0x69, 0x3D,
    0x67, 0x5C, 0x96, 0x6F, 0x56, 0xA0, 0x9B, 0x32, 0xCA, 0x61, 0x01, 0x63, 0x6F, 0xE5, 0xD8, 0x19,
    0x77, 0x45, 0x8F, 0x02, 0xC4, 0xE8, 0x0B, 0x10, 0x89, 0xA5, 0xCF, 0x74, 0x9D, 0xAC, 0xA7, 0x64,
    0x8A, 0xFB, 0x36, 0x62, 0xDC, 0xA7, 0xA7, 0x95, 0xF0, 0x3E, 0xB0, 0x11, 0x17, 0x5E, 0xBC, 0xBE,
    0x6D, 0xDC, 0x7B, 0xD1, 0x46, 0xC9, 0x73, 0xAA, 0x24, 0xF5, 0xA6, 0x4A, 0x42, 0xEB, 0x4E, 0x05,
    0x07, 0xAC, 0x51, 0x2A, 0x21, 0x36, 0xE7, 0x4A, 0x47, 0xAB, 0x47, 0x82, 0x2B, 0x9E, 0x42, 0xC4,
    0x0E, 0x8E, 0x1E, 0x67, 0x04, 0xC7, 0xA8, 0x1C, 0xE1, 0x0A, 0xAF, 0x23, 0xB3, 0xFD, 0x56, 0xEE,
    0xCD, 0x7C, 0x40, 0xED, 0x41, 0xFC, 0xB3, 0xFF, 0x04, 0x92, 0xA1, 0x31, 0x28, 0x6C, 0x25, 0xBA,
    0xA3, 0xC3, 0xA2, 0xB9, 0x87, 0xC3, 0x8D, 0x8B, 0xC3, 0xE9, 0x7A, 0xEB, 0x70, 0xC3, 0x56, 0xF4,
    0x87, 0x70, 0xB8, 0x7E, 0xFF, 0x45, 0xCB, 0xFB, 0xCB, 0xF7, 0xA8, 0x80, 0x1C, 0x92, 0xB2, 0x5E,
    0xD0, 0x1C, 0x88, 0xEB, 0xD4, 0x7D, 0x5C, 0x66, 0x44, 0x55, 0x0F, 0xE6, 0x1A, 0x14, 0xDD, 0x17,
    0x10, 0xFE, 0x31, 0x1C, 0x86, 0x60, 0x34, 0x6A, 0x87, 0xE2, 0xC1, 0x29, 0x4C, 0x37, 0x3F, 0x43,
    0x01, 0x8B, 0xF2, 0xAD, 0x1E, 0x29, 0x4C, 0x97, 0x74, 0xE7, 0x54, 0x2E, 0x10, 0x6F, 0x3E, 0x1A,
    0x90, 0x0E, 0x3F, 0xB9, 0x01, 0xA8, 0x66, 0x6E, 0x03, 0xC3, 0x13, 0x2C, 0x09, 0x9E, 0xFD, 0xCA,
    0x51, 0xB4, 0x29, 0xCA, 0xBF, 0xA8, 0x93, 0xF2, 0xC6, 0xA0, 0x79, 0x5B, 0x52, 0xC0, 0x29, 0x96,
    0xC1, 0xF4, 0x71, 0x4B, 0xAD, 0xC1, 0x46, 0x9B, 0x5A, 0xC3, 0xAD, 0xE7, 0x0D, 0xFA, 0x35, 0xCD,
    0xE5, 0x1C, 0x1B, 0x02, 0x06, 0x7F, 0x03, 0xA2, 0x82, 0x11, 0xF9, 0x5E, 0xF0, 0x50, 0xE0, 0x1B,
    0xE4, 0x6F, 0xC6, 0x45, 0xFD, 0x77, 0xFA, 0x9B, 0x01, 0x21, 0x7F, 0x7B, 0x61, 0xAB, 0x91, 0x56,
    0x14, 0x2E, 0x98, 0xD2, 0x21, 0x6D, 0x4E, 0x72, 0x29, 0xB3, 0x5D, 0xFE, 0xE7, 0xBA, 0xDE, 0xBF,
    0xD4, 0x5B, 0xD2, 0xC1, 0xFF, 0xA5, 0x7F, 0x9B, 0x1C, 0x48, 0xBA, 0xDA, 0x30, 0x47, 0xCA, 0xBF,
    0x2F, 0xFB, 0xC3, 0x8C, 0xB1, 0xBB, 0xEF, 0xC4, 0x21, 0xC7, 0x27, 0x46, 0x6C, 0x78, 0xD5, 0xDE,
    0x73, 0x51, 0x10, 0xFC, 0x9C, 0x6B, 0x87, 0x1A, 0x74, 0x44, 0x57, 0x59, 0xAC, 0x3C, 0x61, 0xA7,
    0xAA, 0xAD, 0x50, 0xDD, 0xEB, 0xB0, 0x12, 0xA7, 0xA1, 0xD5, 0x17, 0x48, 0xFE, 0x54, 0xAE, 0x94,
    0xBB, 0xF8, 0x09, 0xB5, 0x3C, 0x4D, 0x9E, 0x2C, 0x6F, 0x91, 0x37, 0xCA, 0xDB, 0xBD, 0x26, 0x9B,
    0x1F, 0x21, 0x88, 0xB3, 0x19, 0x3D, 0x9F, 0x3F, 0x15, 0xC7, 0xC3, 0xCC, 0xA1, 0x47, 0xC1, 0x79,
    0x72, 0x33, 0xD0, 0x0B, 0xE8, 0x95, 0xAE, 0xA1, 0xB7, 0x57, 0x2D, 0x3D, 0xB5, 0x80, 0x4E, 0x66,
    0x2D, 0x70, 0x8E, 0x3F, 0xE5, 0xEB, 0xF8, 0x0E, 0xBE, 0x97, 0xD7, 0x56, 0xFC, 0x3C, 0x7E, 0xF2,
    0x95, 0x8A, 0x5C, 0x55, 0xBB, 0x2C, 0xEB, 0xFD, 0x42, 0x73, 0xBD, 0xB5, 0xC6, 0xD9, 0x00, 0x96,
    0xDB, 0xCB, 0xDA, 0xE4, 0x47, 0xBB, 0x3C, 0xE5, 0xAE, 0xE1, 0x7E, 0x49, 0xD2, 0xEB, 0xCE, 0x26,
    0xBD, 0x87, 0xC7, 0x5F, 0xAA, 0x2F, 0x08, 0x6F, 0xAE, 0x7D, 0x82, 0x30, 0xFE, 0x3D, 0x0A, 0x15,
    0x3C, 0x17, 0xD2, 0x57, 0x13, 0xFB, 0x01, 0x8A, 0x72, 0xEB, 0x40, 0x72, 0x37, 0xC1, 0x25, 0xD8,
    0x26, 0xD9, 0x65, 0x4B, 0x5D, 0x82, 0xA0, 0xFF, 0x79, 0x49, 0x91, 0x99, 0xC2, 0xE1, 0x44, 0x6B,
    0x9C, 0xC8, 0x52, 0x80, 0xA4, 0x2C, 0xE7, 0x83, 0x1B, 0xC1, 0x55, 0x36, 0x81, 0x64, 0x9B, 0x2D,
    0x6D, 0xB1, 0xD4, 0x0A, 0x5F, 0x71, 0x31, 0x45, 0x70, 0x4D, 0x3A, 0xC6, 0xB5, 0x39, 0x0A, 0x5C,
    0xE7, 0x51, 0xC8, 0x24, 0x35, 0xD0, 0x7F, 0x98, 0x8B, 0x12, 0x28, 0x47, 0xAC, 0x36, 0xB2, 0xEE,
    0xA9, 0x25, 0xF3, 0xA6, 0x7C, 0x0F, 0xA3, 0x88, 0xF9, 0x39, 0xD9, 0xFC, 0x4C, 0xD4, 0x04, 0xBA,
    0x14, 0xA1, 0x87, 0x96, 0xF2, 0x79, 0x88, 0x32, 0x4F, 0x19, 0xA1, 0xE4, 0x53, 0x73, 0xF9, 0x67,
    0x4F, 0xE2, 0xBC, 0x5C, 0x23, 0xD7, 0xCB, 0xBD, 0xFE, 0x39, 0xBC, 0x81, 0xE7, 0x9F, 0x2F, 0xEF,
    0x22, 0x8D, 0x64, 0x7D, 0x20, 0xEC, 0xA0, 0x17, 0xE9, 0x5A, 0xE4, 0xE5, 0xCE, 0xDA, 0xC5, 0xAF,
    0xBB, 0xE3, 0xF2, 0xEB, 0x1D, 0x4D, 0x67, 0xEB, 0x04, 0x34, 0x75, 0x29, 0x12, 0xD0, 0xCF, 0x95,
    0x77, 0xF3, 0xC4, 0xBB, 0xF9, 0xEA, 0xE7, 0xD0, 0xF4, 0x31, 0xA1, 0x5E, 0x1B, 0xB9, 0x67, 0x28,
    0xF3, 0x7D, 0xCB, 0x15, 0xA9, 0xBC, 0xDA, 0xD1, 0xBA, 0xB6, 0xBB, 0x1D, 0x4D, 0xA9, 0x60, 0x5D,
    0xB4, 0xEB, 0x79, 0xC3, 0xC0, 0x37, 0x57, 0x02, 0x5E, 0xB7, 0x29, 0x92, 0xA6, 0x4C, 0xA9, 0xBF,
    0x61, 0x0C, 0x5D, 0x3C, 0x6F, 0x1C, 0x86, 0x58, 0xCA, 0xC4, 0x48, 0x9C, 0xF4, 0x1B, 0x94, 0x8D,
    0xFF, 0x38, 0xA2, 0xC2, 0x68, 0x6E, 0x12, 0xF8, 0xFB, 0x8F, 0x96, 0xED, 0x35, 0xD9, 0x58, 0x8B,
    0x47, 0x0E, 0x2B, 0x58, 0x78, 0x52, 0x58, 0x49, 0xDB, 0xDB, 0x05, 0xF8, 0xBA, 0xD3, 0x10, 0xBF,
    0x1D, 0x97, 0xCB, 0x06, 0x45, 0x30, 0x91, 0x67, 0xC5, 0x3D, 0x65, 0xA0, 0xF7, 0x1E, 0xAA, 0xDF,
    0xDC, 0x58, 0xA4, 0xBC, 0x7C, 0x3B, 0xEE, 0x27, 0x5F, 0x4A, 0x62, 0xD2, 0xC9, 0xA2, 0x87, 0x13,
    0x91, 0x64, 0x94, 0xD2, 0xB4, 0x5C, 0x51, 0x94, 0x7B, 0xC3, 0xF6, 0x7B, 0xEC, 0xBA, 0x57, 0x41,
    0x35, 0xE5, 0x34, 0x2E, 0x22, 0x4B, 0x9B, 0x75, 0xBC, 0xCD, 0x69, 0x1A, 0xAE, 0xD2, 0x02, 0xC7,
    0x32, 0x21, 0x75, 0xB0, 0xD5, 0x80, 0x92, 0x08, 0x7C, 0xCE, 0x2A, 0xD9, 0x6C, 0xE0, 0xF4, 0x88,
    0x3E, 0x00, 0xAA, 0x94, 0x05, 0xF1, 0x1C, 0xBC, 0xE8, 0x20, 0x97, 0xF0, 0x0D, 0xBD, 0xDC, 0xEE,
    0x1F, 0xD6, 0xC9, 0xA3, 0x5B, 0xC5, 0x2F, 0xAA, 0xFD, 0x9E, 0x35, 0xAF, 0x10, 0x04, 0x78, 0x5E,
    0x24, 0x84, 0x95, 0x18, 0x4D, 0x4A, 0xC2, 0x46, 0xB6, 0x76, 0x9B, 0x85, 0x71, 0x29, 0xB9, 0xF9,
    0xF0, 0x21, 0x2C, 0x22, 0x43, 0x25, 0xEB, 0x11, 0x70, 0x06, 0x23, 0xE9, 0xAB, 0x46, 0xF6, 0x4D,
    0x34, 0x97, 0xA1, 0xCD, 0x80, 0xA5, 0x18, 0xE3, 0x0D, 0x65, 0x8A, 0x56, 0xB1, 0x15, 0x14, 0x1B,
    0x64, 0x2B, 0xF9, 0x3C, 0x9B, 0xC7, 0x5F, 0xCF, 0x06, 0x12, 0xEB, 0x4A, 0xA1, 0xDE, 0xDB, 0x68,
    0x9E, 0x16, 0x7F, 0xF6, 0xB5, 0x16, 0xB5, 0xB2, 0x80, 0xCF, 0x20, 0x3D, 0x1D, 0x49, 0x1B, 0xCE,
    0x51, 0x9B, 0x20, 0x92, 0x05, 0x46, 0xD5, 0xC9, 0x9E, 0x07, 0x57, 0xBB, 0xC5, 0xCB, 0x5C, 0x4E,
    0x26, 0x50, 0x1F, 0xE6, 0xB7, 0x68, 0x02, 0x4E, 0x65, 0x71, 0xAE, 0x93, 0x83, 0x14, 0x44, 0x64,
    0x1F, 0x6C, 0xC6, 0x3E, 0x91, 0x93, 0x32, 0xC1, 0xFD, 0xE6, 0xAA, 0xCA, 0x8E, 0x78, 0x4E, 0xC8,
    0xAE, 0xAF, 0x34, 0x9B, 0x18, 0xB1, 0x8E, 0xB4, 0x00, 0x49, 0xF6, 0xC4, 0x90, 0x70, 0x4D, 0x1B,
    0x4C, 0x71, 0xFF, 0x4B, 0x15, 0x7E, 0x71, 0xF1, 0x2C, 0x29, 0x35, 0xF3, 0x25, 0x4C, 0xF4, 0xE2,
    0x30, 0x26, 0x0A, 0x47, 0x25, 0xD5, 0xC2, 0x3F, 0x48, 0xAB, 0x9F, 0xDF, 0xE7, 0x63, 0x8B, 0x99,
    0x98, 0xA7, 0xF4, 0xA7, 0xEA, 0xF7, 0xC7, 0x6B, 0x0D, 0x53, 0x6A, 0x8C, 0xD8, 0x1A, 0x25, 0x1B,
    0x4C, 0xB8, 0x9A, 0xAE, 0x4A, 0x1A, 0xC4, 0xCB, 0xA4, 0x3E, 0x6D, 0x3C, 0xF6, 0x76, 0x85, 0x7D,
    0xBB, 0x9A, 0x1E, 0x39, 0xB0, 0xEF, 0x0F, 0x34, 0x3D, 0x8E, 0x93, 0xF3, 0xCF, 0x8B, 0xD5, 0xCB,
    0xFC, 0xDD, 0x1C, 0x96, 0x74, 0x5A, 0x40, 0xDE, 0xB8, 0x79, 0xCB, 0x50, 0xD7, 0x0C, 0x75, 0xAE,
    0xF9, 0x4D, 0x80, 0x5A, 0xA0, 0x5B, 0x61, 0x78, 0x7D, 0x50, 0x6F, 0x82, 0xB6, 0x07, 0x7E, 0x2D,
    0xF9, 0x3C, 0x3D, 0x24, 0x72, 0xD7, 0x29, 0x1A, 0xA8, 0xD3, 0x52, 0x26, 0x42, 0x7A, 0xA6, 0xA3,
    0x19, 0x55, 0x31, 0x40, 0x4B, 0x8B, 0x81, 0x37, 0x01, 0xEB, 0x8B, 0x02, 0xEE, 0x15, 0x92, 0x0A,
    0x7A, 0x1E, 0xD7, 0x93, 0xDE, 0x59, 0xD0, 0x92, 0xC9, 0x35, 0x21, 0x89, 0x96, 0x30, 0xAA, 0x6C,
    0xCA, 0xBB, 0x5A, 0x94, 0xDF, 0x39, 0x47, 0xD9, 0xA1, 0x1B, 0x0A, 0xBA, 0xA0, 0x31, 0xF5, 0x15,
    0xF6, 0x4B, 0x55, 0xCA, 0xB9, 0x30, 0x72, 0x2F, 0x29, 0x5A, 0x98, 0x59, 0x04, 0xDC, 0xC6, 0x32,
    0xCE, 0xFD, 0xC0, 0xCB, 0xDA, 0xEF, 0xD6, 0xE0, 0x64, 0x16, 0x66, 0x12, 0x36, 0xDB, 0xF2, 0x4A,
    0xE0, 0x36, 0x9D, 0xCB, 0xC1, 0x4A, 0xD3, 0xEB, 0x46, 0xD7, 0x00, 0x5D, 0x14, 0x48, 0x1B, 0x2C,
    0x75, 0xC2, 0xAF, 0xF2, 0x55, 0x3E, 0x92, 0xC9, 0xBC, 0x2F, 0x5A, 0x1F, 0xAB, 0xCF, 0xCD, 0x46,
    0x66, 0x76, 0xE0, 0x96, 0xC3, 0xC8, 0xE9, 0x9E, 0x0F, 0x99, 0xE5, 0x03, 0xE7, 0xAF, 0x91, 0x94,
    0x76, 0xD1, 0xA5, 0xC8, 0x07, 0x2B, 0x07, 0x75, 0x0D, 0x07, 0xB4, 0x5A, 0x10, 0xDC, 0x09, 0x77,
    0x5C, 0x70, 0xD6, 0xCD, 0x68, 0xF3, 0x72, 0x1B, 0x33, 0x2B, 0x91, 0x62, 0xB6, 0x60, 0xAE, 0x16,
    0x27, 0x36, 0xA2, 0x72, 0xE5, 0x43, 0x7E, 0xB9, 0xCA, 0x48, 0xD2, 0x8E, 0x40, 0xD8, 0x6D, 0x02,
    0xB0, 0x19, 0x00, 0xE2, 0xB7, 0x23, 0x1F, 0xFE, 0xC1, 0x4C, 0xE5, 0x64, 0x0C, 0xB0, 0x34, 0x0E,
    0x93, 0xB7, 0xCC, 0x15, 0x0F, 0xBC, 0xE9, 0xC4, 0xE6, 0x50, 0xDC, 0x54, 0x4E, 0x07, 0x36, 0x09,
    0x2F, 0x36, 0x78, 0x99, 0x02, 0xA7, 0x87, 0x15, 0x86, 0x82, 0x9D, 0xE1, 0x11, 0xFB, 0xC4, 0x57,
    0xE5, 0x2A, 0x59, 0x9F, 0xBB, 0x03, 0x13, 0x69, 0x77, 0x08, 0xC4, 0x38, 0xCA, 0xD4, 0xC7, 0x6E,
    0x9C, 0xD8, 0xE7, 0xC0, 0xAE, 0x59, 0x93, 0x74, 0x32, 0xF8, 0x61, 0xDE, 0x51, 0xE3, 0xC8, 0x82,
    0xCF, 0xD3, 0xCE, 0x4C, 0x3C, 0x8B, 0x39, 0xE4, 0x10, 0xFA, 0x09, 0xD4, 0xCF, 0x9D, 0x4B, 0xC7,
    0x3B, 0x81, 0x7C, 0xD3, 0xA0, 0xE4, 0x8F, 0x73, 0x02, 0xE9, 0x33, 0x48, 0x3F, 0x5A, 0x3F, 0xAB,
    0x24, 0x89, 0x04, 0x8D, 0xE1, 0x85, 0x44, 0x64, 0x5B, 0xC3, 0xFD, 0xFD, 0x56, 0x0C, 0x27, 0x14,
    0x2B, 0xE1, 0x44, 0x37, 0x09, 0x53, 0xEF, 0xA8, 0x4B, 0xD9, 0x57, 0x93, 0xE6, 0x75, 0xAE, 0xFE,
    0x74, 0x5C, 0x0A, 0x8A, 0xDA, 0xF8, 0xC5, 0xF1, 0x9A, 0xAA, 0xCA, 0x1F, 0xB0, 0xEF, 0xB5, 0x8F,
    0xA5, 0xBC, 0xC9, 0xF5, 0x5C, 0xE9, 0x4C, 0xE0, 0x76, 0x0D, 0xC5, 0x0D, 0x1B, 0xB3, 0x55, 0x9C,
    0x4C, 0xA7, 0x69, 0x63, 0x95, 0x5E, 0x0E, 0xAD, 0x58, 0x25, 0xE7, 0x43, 0x73, 0xD8, 0xE9, 0x74,
    0xA4, 0x71, 0xE5, 0x9C, 0x14, 0x6E, 0x37, 0x8C, 0xF5, 0x21, 0x5A, 0x7A, 0xFA, 0x77, 0xC8, 0xDF,
    0xFA, 0xB4, 0xD8, 0x37, 0xC0, 0x5E, 0xAE, 0x75, 0xC1, 0x50, 0xFC, 0x67, 0x9A, 0x09, 0x30, 0x96,
    0x06, 0x6F, 0xBF, 0xA2, 0xE4, 0xBC, 0x21, 0xB5, 0xBB, 0x52, 0xF7, 0xAA, 0x65, 0x10, 0x84, 0x50,
    0x1A, 0x6C, 0xFC, 0x23, 0xCD, 0xA0, 0x30, 0x96, 0x72, 0x7B, 0x09, 0xFE, 0xDB, 0xA3, 0xEB, 0xCB,
    0xA0, 0xE7, 0xB4, 0xC6, 0x3A, 0x40, 0x76, 0xB7, 0x8B, 0x7F, 0x03, 0x69, 0xF3, 0x83, 0x6C, 0x46,
    0x8D, 0x9C, 0xA4, 0xC8, 0xDE, 0xAF, 0x15, 0xFF, 0xF6, 0xF9, 0xD1, 0xFB, 0x4A, 0xCE, 0x75, 0x62,
    0xB7, 0x68, 0x8F, 0x4E, 0xD0, 0x79, 0xDD, 0xEF, 0x3B, 0x2A, 0x48, 0xD9, 0x89, 0x94, 0x4B, 0x47,
    0xDE, 0x6A, 0x25, 0xA1, 0xFB, 0x98, 0x16, 0x3C, 0x1D, 0xD9, 0xCE, 0x74, 0xA1, 0x53, 0x45, 0x83,
    0xCD, 0x6D, 0x9F, 0x75, 0x55, 0xDF, 0x90, 0xBE, 0xE6, 0x19, 0x3D, 0xD0, 0x7C, 0x47, 0x26, 0xD3,
    0xDF, 0x91, 0xCA, 0xE9, 0x1B, 0xEE, 0xA8, 0xE4, 0xFD, 0xAA, 0xCE, 0x8B, 0x80, 0x03, 0x9D, 0xB4,
    0xA1, 0x94, 0x3E, 0x48, 0xB0, 0x33, 0xE8, 0xC9, 0x0F, 0x31, 0xC5, 0x08, 0x53, 0x5C, 0xC6, 0x85,
    0xAC, 0x3B, 0x87, 0xDC, 0xB6, 0xCB, 0x36, 0x3F, 0xFF, 0x1A, 0x9C, 0xC7, 0x4C, 0x42, 0xB3, 0xB8,
    0x46, 0xAF, 0xB8, 0xE9, 0x68, 0x39, 0x69, 0xD0, 0xCA, 0x59, 0xA0, 0x51, 0xBC, 0xC2, 0x37, 0x7F,
    0xB0, 0xB9, 0x12, 0x60, 0x1B, 0xE5, 0x97, 0x98, 0x7E, 0x9F, 0xA1, 0xCF, 0xF6, 0x29, 0x3A, 0x32,
    0xFF, 0x05, 0xF1, 0x12, 0x2D, 0x9E, 0xDC, 0x05, 0x08, 0x91, 0x00, 0x8F, 0x98, 0xBF, 0x70, 0xB8,
    0x85, 0x8D, 0x03, 0x0E, 0x76, 0xE3, 0xD1, 0x70, 0xDB, 0x65, 0xB4, 0xA8, 0x26, 0xD1, 0x42, 0x94,
    0x29, 0x7F, 0xED, 0xE5, 0xD2, 0x1D, 0x5A, 0x49, 0x04, 0xC5, 0x6D, 0xF7, 0xBF, 0xFC, 0x68, 0x96,
    0x6F, 0x10, 0xB8, 0x96, 0xDB, 0x54, 0xB1, 0xCF, 0xC3, 0x5B, 0x43, 0xB5, 0x50, 0x06, 0xA8, 0xA2,
    0xC2, 0xD0, 0xD0, 0x9A, 0xCA, 0x7D, 0xD5, 0x98, 0x05, 0xE9, 0x08, 0x4D, 0x63, 0xE9, 0xA3, 0xF7,
    0x3D, 0xF5, 0xE3, 0xAE, 0x73, 0xF6, 0x6C, 0x11, 0xF9, 0xCA, 0x92, 0xFB, 0x9C, 0x19, 0x8C, 0x84,
    0xC9, 0x9C, 0xBB, 0xD2, 0xF9, 0xDB, 0x87, 0x9F, 0xB4, 0xDE, 0xA5, 0xB8, 0x76, 0xB2, 0x6C, 0x24,
    0xCA, 0x92, 0xA4, 0x93, 0xFE, 0xE6, 0x0C, 0xED, 0xCD, 0xDC, 0xA4, 0xCC, 0xCD, 0xCD, 0x55, 0xC3,
    0xFC, 0x83, 0x28, 0x50, 0x06, 0xEE, 0x17, 0xD8, 0xC1, 0xFA, 0x0C, 0xBD, 0xC4, 0x4F, 0xF1, 0x35,
    0xCC, 0x6F, 0x67, 0x4B, 0x64, 0x2F, 0xED, 0x62, 0x84, 0x0E, 0xA3, 0x6A, 0x7C, 0x85, 0x2F, 0xDC,
    0x5A, 0x82, 0x53, 0x53, 0xFE, 0x8A, 0xD6, 0xD2, 0xC7, 0x9C, 0xE1, 0x0A, 0xFD, 0x5A, 0x5A, 0xE6,
    0x23, 0xEC, 0xB4, 0x4D, 0x49, 0xC3, 0x14, 0x54, 0x73, 0xCB, 0x32, 0x7D, 0x3A, 0xF0, 0x76, 0x73,
    0x7F, 0xE7, 0xF9, 0x22, 0x69, 0x63, 0x5A, 0xE5, 0x4F, 0xE4, 0x20, 0xE8, 0xBE, 0x94, 0xC4, 0x61,
    0xC0, 0x9C, 0xB5, 0xF3, 0xF7, 0xB5, 0xEE, 0x08, 0x5F, 0xFC, 0x0F, 0xBD, 0x58, 0x3F, 0x93, 0xE5,
    0x46, 0x11, 0x6F, 0x49, 0x70, 0xA2, 0x10, 0x55, 0x73, 0x81, 0x8B, 0xA2, 0x80, 0x43, 0x04, 0x44,
    0xE0, 0xB3, 0x36, 0x74, 0x60, 0x3C, 0x32, 0x17, 0x90, 0x3A, 0xF0, 0x87, 0x70, 0x76, 0x04, 0x84,
    0x54, 0x49, 0x2E, 0x87, 0x17, 0x70, 0x05, 0x44, 0x7C, 0x04, 0x27, 0x47, 0xE0, 0xC0, 0x81, 0xB1,
    0x74, 0x26, 0x20, 0x20, 0x40, 0x2E, 0xBE, 0x80, 0x38, 0x1C, 0x11, 0x0D, 0x2E, 0x55, 0x9D, 0x8E,
    0x93, 0x34, 0xFC, 0x7E, 0xAD, 0x3F, 0x4F, 0x6F, 0xF7, 0xED, 0xDD, 0xEE, 0x2D, 0xA0, 0xF7, 0xA6,
    0x35, 0x9A, 0xE9, 0xEE, 0xE9, 0xEE, 0xE9, 0xE9, 0x6E, 0x49, 0x1E, 0x8A, 0x7C, 0x2C, 0x72, 0x57,
    0xAC, 0x97, 0xB3, 0xBB, 0x72, 0xF6, 0x4B, 0x39, 0x6B, 0xE4, 0x4C, 0x6E, 0xF4, 0xC7, 0x15, 0x94,
    0x71, 0x7E, 0x47, 0x0A, 0x7F, 0x37, 0x4E, 0xA2, 0xF0, 0x43, 0x89, 0xAE, 0xFC, 0x13, 0xEF, 0xEB,
    0x4B, 0xFE, 0x27, 0x81, 0x3B, 0xD7, 0x78, 0x0D, 0xAF, 0x7C, 0xC7, 0xEA, 0xFF, 0x87, 0xFF, 0x22,
    0xAD, 0xEC, 0xAE, 0x75, 0x2C, 0xEA, 0xE3, 0xCE, 0x74, 0xC6, 0x65, 0xCE, 0xB6, 0x45, 0x53, 0x34,
    0xA6, 0x37, 0x5D, 0xCA, 0xA7, 0xC6, 0xD6, 0x45, 0x59, 0x48, 0x32, 0x98, 0x61, 0x19, 0x6B, 0x6D,
    0x6D, 0x4B, 0xE2, 0xD8, 0x36, 0x73, 0xC6, 0x99, 0x2E, 0xEE, 0xA2, 0x9E, 0xF4, 0xE0, 0xE0, 0xC8,
    0x03, 0x5C, 0x5A, 0xA5, 0x6C, 0x8B, 0xBA, 0x68, 0x2A, 0x34, 0x5F, 0x9B, 0x3E, 0x05, 0xFF, 0xCC,
    0xA5, 0xCE, 0xCE, 0x5C, 0xC1, 0x57, 0x39, 0x97, 0x95, 0x14, 0xE2, 0x25, 0xED, 0x74, 0xBC, 0xB5,
    0x3A, 0x57, 0x60, 0xAE, 0xC2, 0x9C, 0xCF, 0xAB, 0x1C, 0x82, 0x07, 0xA3, 0x90, 0x07, 0x79, 0x91,
    0x27, 0xE9, 0xB9, 0x06, 0xD7, 0xE2, 0x9A, 0x5C, 0x1B, 0x08, 0x22, 0xB6, 0x3E, 0x6E, 0x59, 0x29,
    0xEF, 0x65, 0x1F, 0xBC, 0x5B, 0x79, 0xDF, 0xAE, 0xED, 0x3D, 0xFB, 0xF8, 0xDD, 0x0B, 0x78, 0xD7,
    0x69, 0xE7, 0xD7, 0xC1, 0x1A, 0x6C, 0x7B, 0x6F, 0xF8, 0xE7, 0xFD, 0xDF, 0xFF, 0x41, 0xC7, 0x4F,
    0xC8, 0xC3, 0xB9, 0x3D, 0xEE, 0x4A, 0x7F, 0x7E, 0x8D, 0xA4, 0xE7, 0xC1, 0x28, 0x7C, 0x7E, 0xCE,
    0x1B, 0x31, 0x82, 0x71, 0xCC, 0xE2, 0x02, 0x26, 0xEE, 0x3E, 0x17, 0xDF, 0x8A, 0x9F, 0x20, 0x42,
    0xA3, 0x4C, 0x73, 0xDF, 0x8B, 0x6F, 0x64, 0x14, 0x69, 0x45, 0x72, 0x72, 0xAF, 0x5A, 0x8C, 0xBB,
    0xAA, 0xCD, 0xCA, 0xAC, 0x0C, 0xFB, 0xAA, 0x4D, 0x26, 0xEF, 0x8C, 0x67, 0x63, 0x9F, 0x63, 0x59,
    0x99, 0xB4, 0x9C, 0xC9, 0x7A, 0xCE, 0xD9, 0x81, 0xB3, 0x84, 0xF3, 0xC8, 0x3C, 0xBB, 0xE7, 0x63,
    0x7D, 0x7E, 0xC3, 0xB3, 0xBA, 0x3F, 0xB4, 0x95, 0x97, 0xF8, 0x1A, 0x47, 0x75, 0x39, 0xAE, 0xFB,
    0xEB, 0xEA, 0x84, 0x0C, 0x37, 0xC7, 0x02, 0x60, 0x24, 0xA8, 0xD5, 0x9A, 0xAF, 0xFC, 0xC7, 0x96,
    0xED, 0x54, 0x28, 0x3C, 0xF8, 0x5D, 0xF5, 0x27, 0xE1, 0x24, 0x02, 0xFF, 0xE5, 0x95, 0xFA, 0x5A,
    0xCC, 0x7C, 0x3C, 0x2D, 0x5D, 0x43, 0x39, 0x83, 0x75, 0x27, 0xB6, 0x9C, 0x4F, 0xEB, 0x83, 0x5E,
    0xAA, 0xE5, 0xE0, 0x46, 0x83, 0x4C, 0x5B, 0x17, 0x0F, 0x6B, 0x77, 0xE1, 0xC5, 0xAE, 0x71, 0x55,
    0x2E, 0xC5, 0x43, 0xA9, 0xA2, 0x3E, 0xFB, 0x13, 0xCE, 0x38, 0x1C, 0xA3, 0x78, 0xD0, 0xD9, 0x5F,
    0xFB, 0x3E, 0x81, 0xBF, 0x60, 0x89, 0x2A, 0xF5, 0xDC, 0x6A, 0x2C, 0xDC, 0x4C, 0xD9, 0x93, 0x29,
    0x73, 0xBE, 0x0C, 0xA7, 0x68, 0xB0, 0x5F, 0x78, 0x9E, 0x41, 0xCA, 0x65, 0x6B, 0xCF, 0x83, 0x2A,
    0x90, 0x6B, 0xEB, 0xA6, 0xCD, 0xD6, 0xB5, 0xE5, 0xD6, 0xAD, 0x64, 0xEB, 0x4E, 0x92, 0x7D, 0x31,
    0x65, 0x4D, 0x51, 0x4A, 0x38, 0x48, 0xFA, 0x64, 0x34, 0xCE, 0xAB, 0x8E, 0xC6, 0x0F, 0x5C, 0x98,
    0x3A, 0x46, 0x14, 0x67, 0x20, 0x2F, 0x50, 0x96, 0xF4, 0xF8, 0x9D, 0x1D, 0x56, 0x53, 0xB4, 0xEB,
    0xD3, 0xCE, 0x1A, 0xC7, 0x06, 0xA1, 0xF3, 0x1C, 0x6C, 0xB2, 0x98, 0x65, 0xDC, 0x3F, 0xAD, 0x96,
    0x39, 0x36, 0xCE, 0x66, 0x9F, 0x52, 0xB2, 0x56, 0xD2, 0x2F, 0xF9, 0x94, 0xC2, 0x44, 0x02, 0x99,
    0x20, 0x21, 0x78, 0xD2, 0x4A, 0x91, 0x9F, 0x42, 0xEF, 0x4B, 0xAC, 0x47, 0x43, 0xC5, 0x70, 0x33,
    0x9C, 0x40, 0xC8, 0x42, 0x5B, 0x25, 0x7D, 0xF5, 0x60, 0xB0, 0xAD, 0xF1, 0x9F, 0x0F, 0xD0, 0x1B,
    0xD6, 0xF9, 0x2B, 0x62, 0x63, 0x38, 0xA9, 0xC5, 0xF8, 0xE4, 0xB8, 0x91, 0x6A, 0xB4, 0xED, 0x49,
    0xED, 0xB6, 0x3D, 0xA9, 0xE9, 0xB6, 0x27, 0xB5, 0xDE, 0xC2, 0x45, 0x0D, 0x38, 0xAF, 0xD0, 0xDB,
    0x96, 0x36, 0x34, 0x7E, 0xC4, 0xD2, 0xF7, 0xB0, 0xBA, 0x44, 0x9D, 0x24, 0x7E, 0x80, 0x58, 0x94,
    0x6C, 0xB1, 0xA4, 0x4A, 0xED, 0x37, 0x63, 0x52, 0x23, 0xE8, 0x89, 0x0D, 0xF4, 0x79, 0xE0, 0x05,
    0x16, 0x88, 0x7B, 0x62, 0x62, 0x1A, 0x66, 0xB3, 0xB4, 0x60, 0xCD, 0xA8, 0xF1, 0x33, 0x38, 0x3E,
    0xED, 0x05, 0xB3, 0xF4, 0x40, 0x01, 0x86, 0x71, 0xC0, 0x81, 0x98, 0xC0, 0x42, 0xCC, 0x07, 0xEA,
    0x38, 0x23, 0x03, 0x93, 0xE8, 0xC0, 0x25, 0x01, 0xA2, 0x0F, 0x49, 0x80, 0x4F, 0x90, 0x35, 0x4A,
    0x06, 0x1A, 0x82, 0x4A, 0x94, 0x74, 0x54, 0xE2, 0x00, 0xB6, 0xB7, 0x60, 0xE8, 0x24, 0xE9, 0x28,
    0x06, 0xE2, 0x38, 0x42, 0xBD, 0xD8, 0x9C, 0x9B, 0x69, 0x10, 0xE7, 0xAB, 0x1A, 0x93, 0xC0, 0x48,
    0xA8, 0x35, 0x18, 0x77, 0x40, 0x89, 0x18, 0xD3, 0x94, 0x32, 0x87, 0x47, 0x64, 0x35, 0xE4, 0x35,
    0x0D, 0x22, 0x4E, 0x53, 0x3D, 0xA6, 0x8A, 0x40, 0x87, 0x8A, 0x24, 0x80, 0xA7, 0x91, 0x24, 0x6D,
    0x95, 0x28, 0x71, 0x4A, 0x46, 0x6A, 0x10, 0xC2, 0x66, 0x4A, 0x3A, 0xCD, 0xC4, 0xD0, 0xE5, 0x0D,
    0xBA, 0x11, 0xB5, 0x81, 0xE3, 0xC0, 0x8C, 0xC1, 0xD3, 0x56, 0xA2, 0xAF, 0xA0, 0x41, 0x03, 0xD3,
    0xD4, 0x9F, 0x8A, 0xC9, 0xDF, 0x96, 0x0C, 0xBF, 0xB7, 0xC5, 0xA8, 0x67, 0xDD, 0x9D, 0xED, 0x57,
    0x47, 0x3E, 0x4F, 0x26, 0x49, 0x07, 0x29, 0x1C, 0x83, 0x6A, 0x05, 0x3F, 0x04, 0xC1, 0x08, 0xAB,
    0xC3, 0x14, 0xB5, 0x54, 0x8D, 0x32, 0xE6, 0x15, 0x97, 0xD4, 0xD5, 0x3A, 0x22, 0x83, 0x24, 0xA2,
    0x85, 0x1B, 0x25, 0x6B, 0x43, 0x5F, 0xC6, 0x5E, 0xCC, 0x20, 0x16, 0x79, 0xAA, 0x95, 0x64, 0xF1,
    0xDD, 0x88, 0xCE, 0x98, 0x70, 0xFC, 0x4D, 0xC9, 0x1A, 0x33, 0x60, 0xAF, 0xB2, 0xCE, 0xC0, 0xCF,
    0x40, 0x1F, 0x75, 0x69, 0x2F, 0xA0, 0x93, 0x0A, 0x87, 0xA0, 0x20, 0x07, 0xE8, 0x3E, 0x24, 0xDC,
    0x8F, 0xD8, 0x17, 0x20, 0xB4, 0xEF, 0x20, 0xDE, 0x23, 0x73, 0xC2, 0x1F, 0x01, 0x7C, 0x9D, 0x8E,
    0x7A, 0xD3, 0x27, 0xCB, 0xAC, 0x01, 0x9D, 0x23, 0x6F, 0x19, 0x4D, 0x90, 0xB9, 0x79, 0x08, 0x2C,
    0x4E, 0x9C, 0xA8, 0xF2, 0x74, 0x23, 0xEE, 0x03, 0x36, 0x7C, 0x88, 0x3A, 0xCA, 0xE5, 0xD0, 0xC1,
    0xEA, 0xB5, 0x61, 0x50, 0x59, 0x44, 0x5A, 0x04, 0x44, 0xEE, 0x1E, 0x6E, 0xD2, 0xD6, 0xF3, 0xC6,
    0x24, 0xC2, 0x74, 0xC2, 0xC4, 0xC2, 0xC6, 0x3E, 0xC7, 0xE4, 0xFE, 0x94, 0x27, 0xC8, 0xCC, 0x16,
    0x75, 0x50, 0xEA, 0xFD, 0x68, 0xFC, 0x9F, 0xFD, 0x2D, 0x1C, 0x06, 0xD9, 0xDA, 0xE7, 0x88, 0x55,
    0x7F, 0x81, 0x90, 0x3C, 0xF6, 0x30, 0xA9, 0xA5, 0xE8, 0x83, 0x8A, 0x2F, 0x38, 0x1E, 0xDA, 0x78,
    0x99, 0x7A, 0x19, 0x5B, 0x5A, 0xE6, 0x74, 0xEC, 0x54, 0xFD, 0xA6, 0xF8, 0xD4, 0xF0, 0xCE, 0x5B,
    0x00, 0x6F, 0x19, 0x80, 0x4F, 0xE2, 0x46, 0xA2, 0x36, 0x98, 0xDE, 0x81, 0x83, 0x14, 0x1E, 0x76,
    0xBE, 0xE5, 0x1F, 0x2E, 0x92, 0x27, 0x9E, 0x7B, 0x80, 0xB0, 0x10, 0x3E, 0x93, 0xFB, 0x75, 0x52,
    0x4B, 0xE8, 0x52, 0x52, 0x28, 0xED, 0x8F, 0x00, 0xBE, 0xB5, 0xBA, 0x40, 0x3D, 0x4B, 0x91, 0xE6,
    0xB3, 0xAF, 0xFD, 0x14, 0xED, 0x53, 0x34, 0x98, 0x31, 0x84, 0x30, 0x11, 0xD8, 0x24, 0x44, 0xE1,
    0x5E, 0x5E, 0x74, 0xC7, 0xF0, 0x5F, 0x38, 0x03, 0x70, 0xC7, 0xA4, 0xFE, 0xD5, 0xDE, 0x1D, 0x73,
    0x0D, 0x72, 0x5B, 0xB8, 0x2B, 0xF2, 0xCB, 0x7B, 0x01, 0x58, 0xDE, 0x9E, 0x5D, 0xEB, 0x99, 0xFD,
    0xDE, 0x9C, 0x48, 0x10, 0x37, 0xFC, 0x1C, 0xF4, 0xE2, 0xAD, 0x77, 0x0B, 0x95, 0xD0, 0x97, 0x0B,
    0x09, 0x0C, 0xBA, 0x78, 0xE3, 0x56, 0x18, 0x9A, 0xA7, 0xEB, 0xA6, 0x21, 0x0A, 0xAD, 0x4B, 0x34,
    0x7E, 0x59, 0x24, 0xAB, 0x3F, 0x9B, 0xB1, 0x5C, 0x98, 0xFF, 0x30, 0x1E, 0xB4, 0x47, 0x72, 0xF6,
    0x12, 0xED, 0xF5, 0xFB, 0xDE, 0xED, 0xC4, 0x7D, 0x5D, 0x5E, 0x8B, 0xBA, 0x40, 0x8A, 0x9F, 0xFF,
    0x1D, 0x51, 0xEE, 0xB7, 0x5D, 0x91, 0x63, 0x79, 0x6C, 0x2B, 0x40, 0x79, 0xE8, 0x3D, 0xF2, 0x30,
    0xF0, 0x4F, 0xD8, 0x93, 0x4C, 0x99, 0x4E, 0x73, 0x56, 0x65, 0xF0, 0xC7, 0xCA, 0x9E, 0x16, 0xA8,
    0x70, 0x24, 0xA3, 0x11, 0xA7, 0x2C, 0xF0, 0x8C, 0x29, 0x03, 0x76, 0x38, 0x9A, 0x0C, 0xA2, 0x51,
    0x6F, 0x30, 0x36, 0xC4, 0x58, 0xF3, 0x17, 0xDF, 0x04, 0xC5, 0x77, 0xA2, 0xFC, 0xA8, 0x9C, 0x97,
    0x39, 0x34, 0x6A, 0x6D, 0x25, 0x15, 0xF5, 0x20, 0x5F, 0xC6, 0x88, 0x59, 0x58, 0x55, 0x20, 0x6D,
    0x57, 0x8C, 0x62, 0xC3, 0x18, 0x37, 0xC5, 0x68, 0x38, 0xCD, 0x47, 0x9A, 0x86, 0xB8, 0x6B, 0x8A,
    0x11, 0x4C, 0x2B, 0x86, 0x66, 0x16, 0x65, 0x94, 0x6D, 0x4B, 0x6D, 0xE5, 0x89, 0x5C, 0xF8, 0xBD,
    0x74, 0xA6, 0x42, 0xED, 0xAB, 0xFF, 0x82, 0x81, 0xE4, 0xD2, 0x7F, 0xB1, 0xA2, 0x55, 0x57, 0x46,
    0x0B, 0xAA, 0x67, 0xC2, 0x96, 0x31, 0x80, 0xC0, 0x3A, 0xD5, 0x52, 0x8A, 0x62, 0x1B, 0x7A, 0x3C,
    0xF7, 0x6F, 0xE4, 0xD9, 0xC0, 0xC6, 0xC0, 0x71, 0xDC, 0x52, 0x46, 0x55, 0x34, 0xC6, 0x9F, 0x0A,
    0xB1, 0x1A, 0xE7, 0x22, 0x82, 0xFF, 0x24, 0xD8, 0xB3, 0x14, 0xCB, 0xA4, 0x8C, 0xFA, 0xB0, 0x67,
    0xC6, 0xE9, 0x46, 0x43, 0x3F, 0x57, 0x57, 0x5B, 0xD0, 0x58, 0x3F, 0x86, 0xD5, 0x3E, 0x92, 0x8B,
    0x97, 0x5D, 0x1A, 0x37, 0xEA, 0x54, 0xAB, 0x96, 0xB6, 0xE0, 0x51, 0x76, 0x33, 0x50, 0x72, 0x33,
    0x50, 0x76, 0x33, 0x50, 0x72, 0xA3, 0x32, 0xCF, 0x92, 0x1E, 0x60, 0xAA, 0xD0, 0xF6, 0x84, 0xC4,
    0xC4, 0x21, 0x60, 0x48, 0x32, 0x1A, 0x8D, 0x19, 0xC9, 0x07, 0x86, 0x0F, 0xC2, 0xFA, 0x00, 0xCF,
    0xC9, 0x16, 0xF6, 0x94, 0x02, 0x21, 0x9D, 0x25, 0x89, 0x5F, 0x60, 0xA5, 0x23, 0x3A, 0xEB, 0x6B,
    0x4A, 0xC4, 0xD2, 0x9C, 0x01, 0x58, 0xAD, 0x59, 0x53, 0x22, 0x5F, 0x53, 0x22, 0x2A, 0x60, 0x76,
    0x30, 0x55, 0x58, 0x74, 0x80, 0xA1, 0x6F, 0x95, 0x59, 0x09, 0x68, 0x19, 0xBE, 0x99, 0x5E, 0x18,
    0x9E, 0x4B, 0x85, 0xB2, 0xC0, 0xFD, 0x95, 0x69, 0xFE, 0x46, 0x4E, 0xE0, 0x94, 0x3B, 0x40, 0x8C,
    0x40, 0xA2, 0x79, 0xF6, 0xB8, 0x32, 0x66, 0xBD, 0x45, 0x07, 0x35, 0x1D, 0x93, 0xE7, 0xBC, 0x29,
    0x34, 0x26, 0x36, 0x26, 0x64, 0x55, 0xC6, 0xA9, 0x7E, 0x99, 0x6A, 0xB7, 0x29, 0xA6, 0x87, 0x78,
    0x54, 0x5E, 0xFA, 0x6E, 0xD3, 0x8B, 0x72, 0xA2, 0xA5, 0x15, 0x94, 0x04, 0xF5, 0x0B, 0x81, 0xA2,
    0xE4, 0x2B, 0xC5, 0x48, 0xD0, 0x01, 0x7C, 0x94, 0x03, 0x40, 0x93, 0x9B, 0x00, 0xBC, 0x30, 0xF8,
    0x3A, 0x61, 0x20, 0x4F, 0xBD, 0x56, 0x64, 0xFA, 0x62, 0xE4, 0x0D, 0x8D, 0x6F, 0x18, 0xE1, 0x5F,
    0x00, 0x14, 0x45, 0x91, 0xED, 0xC6, 0x40, 0x59, 0x29, 0xD3, 0x23, 0x7D, 0x47, 0x35, 0xA5, 0x6C,
    0x7A, 0x5C, 0x59, 0xE9, 0xF9, 0x60, 0x2F, 0x0C, 0xFA, 0xD9, 0x88, 0x73, 0x94, 0x38, 0x06, 0x5F,
    0x0B, 0xFB, 0x20, 0xCF, 0x7E, 0xD3, 0xDF, 0x2F, 0xB3, 0x4D, 0x8F, 0x39, 0x04, 0x1A, 0xEE, 0x7B,
    0x46, 0xB2, 0xE2, 0x11, 0x4F, 0x91, 0xD6, 0x79, 0x09, 0x2B, 0x28, 0xE6, 0xE4, 0xEF, 0x87, 0x39,
    0x36, 0xBA, 0xAA, 0xD5, 0xDF, 0x6A, 0x2B, 0xA7, 0x2E, 0xC4, 0xD6, 0x92, 0xAF, 0xD1, 0x59, 0x9D,
    0x36, 0xA6, 0x8D, 0xDD, 0x35, 0x53, 0xD9, 0xFF, 0xFE, 0xBA, 0x4A, 0xFA, 0x3D, 0x61, 0xB3, 0xD7,
    0xD4, 0x66, 0x4F, 0xFA, 0x6A, 0x67, 0xB3, 0xEF, 0x7A, 0xFF, 0xEF, 0xCD, 0x66, 0x3C, 0x5D, 0x8F,
    0x5A, 0xDA, 0x0C, 0x35, 0xE7, 0x04, 0x9B, 0xC9, 0x1F, 0x99, 0x78, 0xBF, 0x11, 0xAC, 0x0B, 0xFF,
    0x97, 0x37, 0xC2, 0xD4, 0x11, 0x12, 0x11, 0xEA, 0x7E, 0x97, 0x38, 0xD4, 0x51, 0x4D, 0xE6, 0x50,
    0x46, 0xD5, 0x7C, 0x3F, 0x41, 0x05, 0xC6, 0x02, 0x94, 0x55, 0x2F, 0x73, 0x0D, 0x09, 0x98, 0x16,
    0x99, 0x46, 0x52, 0x7D, 0x77, 0x9A, 0x53, 0x0D, 0x57, 0x50, 0x94, 0xC8, 0x21, 0x91, 0x0D, 0x09,
    0xC2, 0x94, 0x69, 0xCD, 0x90, 0xD6, 0xA6, 0xB7, 0x75, 0xE4, 0x50, 0x1F, 0xFD, 0x0E, 0x18, 0xEF,
    0x33, 0x91, 0x3F, 0xCB, 0x43, 0xBE, 0xAF, 0xF1, 0xEA, 0xED, 0x7C, 0x77, 0x45, 0x1E, 0x3C, 0xA2,
    0xA8, 0xEF, 0x03, 0xE9, 0xDB, 0xBE, 0xBF, 0x66, 0xCD, 0x02, 0xFE, 0x12, 0x44, 0xEE, 0xB6, 0x24,
    0x1F, 0xBA, 0x4F, 0x24, 0xFD, 0xC7, 0x57, 0xA3, 0x24, 0xCF, 0x9F, 0x77, 0x88, 0x0D, 0x2C, 0x0C,
    0x34, 0xA9, 0x9C, 0x2B, 0x9D, 0x2A, 0x18, 0x03, 0xB3, 0x28, 0x63, 0x9F, 0x3E, 0xEF, 0x25, 0xFD,
    0x1B, 0x29, 0xEE, 0xB9, 0x8F, 0x67, 0x2E, 0xCA, 0x6F, 0x56, 0x75, 0x9F, 0x38, 0xA2, 0xEE, 0x42,
    0xCC, 0xCF, 0x8F, 0x63, 0xBC, 0xCD, 0x2F, 0xF3, 0x93, 0x13, 0xBC, 0x8A, 0xC7, 0x3E, 0x1E, 0x10,
    0xB1, 0xFC, 0xBD, 0xD1, 0x74, 0xB6, 0x09, 0xF4, 0xA9, 0xA8, 0xF9, 0x42, 0xC7, 0x82, 0x31, 0xEE,
    0xD3, 0xB6, 0xF8, 0x60, 0xD2, 0xB7, 0xAF, 0x8A, 0x6F, 0xA0, 0x8D, 0xCD, 0xB9, 0x5D, 0xB6, 0xFC,
    0x2C, 0xEC, 0x51, 0x70, 0x5A, 0x81, 0xA9, 0x59, 0xA7, 0xAD, 0x72, 0x2D, 0x31, 0xFF, 0xF8, 0x76,
    0x51, 0xE6, 0x13, 0x2A, 0x00, 0x68, 0x79, 0xC1, 0x93, 0xB8, 0xBF, 0x2D, 0x73, 0x57, 0x3A, 0x08,
    0x2F, 0x15, 0xE2, 0xC6, 0x0B, 0xDD, 0x48, 0xCD, 0xAB, 0x6B, 0x6B, 0x75, 0xE4, 0xF2, 0x90, 0x34,
    0xE7, 0xD3, 0x3D, 0x8E, 0x9E, 0x3F, 0x7F, 0x04, 0x42, 0xCD, 0x78, 0xC3, 0x65, 0xD4, 0x70, 0x30,
    0xE6, 0xCC, 0xE1, 0x00, 0x98, 0x89, 0x07, 0xBB, 0x7A, 0xDE, 0x25, 0xD7, 0x8B, 0x17, 0x5A, 0xBE,
    0x11, 0xCC, 0xE1, 0xC0, 0xE1, 0x36, 0xF0, 0xC5, 0x88, 0x6F, 0x44, 0xC7, 0xB7, 0x84, 0xB7, 0x69,
    0x45, 0x39, 0xA6, 0x3B, 0xBE, 0x2D, 0x67, 0xF3, 0xE4, 0xED, 0x24, 0xC1, 0xAB, 0x2E, 0xBB, 0xFF,
    0x28, 0x77, 0x28, 0x12, 0x5E, 0x3C, 0xC6, 0x5D, 0xD4, 0x77, 0xC5, 0xFC, 0xD0, 0x93, 0x65, 0x77,
    0x4F, 0x3D, 0x79, 0x7F, 0xF8, 0x3A, 0xB7, 0xEF, 0xBF, 0xF4, 0x1B, 0x1D, 0x4A, 0xF7, 0xB3, 0xF8,
    0x2C, 0x9A, 0x7F, 0xF6, 0x5A, 0x5F, 0xC5, 0xF0, 0x92, 0x97, 0x8D, 0xF4, 0x51, 0x7E, 0x39, 0x70,
    0x12, 0x34, 0x37, 0xFB, 0x40, 0xB7, 0x7E, 0xA6, 0x03, 0x0C, 0x1B, 0x32, 0x04, 0x5B, 0x56, 0x80,
    0xA3, 0xBE, 0x4D, 0xDE, 0x98, 0x2D, 0x34, 0x43, 0x86, 0xFD, 0xC1, 0xEB, 0xF2, 0xA6, 0x91, 0x3B,
    0xAF, 0xB3, 0x1F, 0xDC, 0x58, 0xDA, 0xFD, 0x37, 0xD1, 0xEB, 0x59, 0xFD, 0x3F, 0xCD, 0x54, 0xBD,
    0x4E, 0xDD, 0x30, 0x14, 0xFE, 0x92, 0x08, 0x22, 0x91, 0x0A, 0x4F, 0x4C, 0x0C, 0x79, 0x84, 0xBC,
    0x01, 0x4E, 0x85, 0x54, 0x86, 0x0E, 0x65, 0xE0, 0x96, 0xA1, 0x03, 0x8F, 0xD0, 0xB9, 0x0B, 0xCE,
    0xC6, 0xC0, 0xC2, 0x52, 0x75, 0xE8, 0xC2, 0x43, 0x74, 0xA9, 0x04, 0xD8, 0x7D, 0x82, 0x46, 0xEA,
    0xD8, 0x01, 0x4B, 0x45, 0x5D, 0xF1, 0x60, 0xD4, 0xA0, 0xDA, 0x39, 0x3D, 0xC9, 0xE5, 0x72, 0xB9,
    0x15, 0x2A, 0xAD, 0xD4, 0x4A, 0xB5, 0x3F, 0xFB, 0xDA, 0x27, 0x27, 0xE7, 0xF7, 0xCB, 0x4D, 0x7B,
    0x94, 0xD4, 0x4A, 0x72, 0xEA, 0xDC, 0xEB, 0xAD, 0x40, 0xD9, 0x02, 0x58, 0xC2, 0x72, 0x7E, 0x2A,
    0xA8, 0x4D, 0x7B, 0x9C, 0xC4, 0x13, 0xC4, 0xF9, 0xC0, 0xCA, 0x31, 0xA4, 0x83, 0x76, 0x09, 0xB9,
    0xEC, 0xD2, 0x15, 0x1F, 0x5D, 0xF9, 0xCC, 0x6D, 0x08, 0x77, 0xBA, 0x77, 0x45, 0xB3, 0x01, 0xE1,
    0x06, 0xAC, 0x1C, 0x57, 0xE4, 0xE4, 0x14, 0x93, 0x6D, 0x09, 0xC8, 0xBE, 0x96, 0x64, 0x25, 0x75,
    0x28, 0x02, 0xB2, 0x01, 0xEF, 0x5F, 0x06, 0x4D, 0x5E, 0x93, 0x5D, 0xEF, 0x6B, 0x68, 0x9B, 0x93,
    0x2B, 0x59, 0xF9, 0x7A, 0x5B, 0x19, 0xE8, 0x1A, 0xA4, 0x5A, 0x22, 0x4F, 0x07, 0x63, 0x60, 0x9B,
    0x41, 0x9F, 0x07, 0x49, 0xBE, 0x24, 0x9B, 0x52, 0x3D, 0x99, 0xEC, 0x10, 0x85, 0x29, 0x90, 0xB1,
    0x41, 0xF6, 0x68, 0x51, 0x19, 0x48, 0x03, 0xC5, 0x6F, 0x22, 0x89, 0x83, 0x87, 0xBC, 0x1B, 0x03,
    0x39, 0x42, 0x3A, 0x4B, 0x59, 0x66, 0x03, 0xAA, 0xCF, 0xAD, 0xA0, 0x5A, 0x50, 0xA3, 0x2E, 0x5D,
    0xCC, 0x43, 0xC8, 0x02, 0xEF, 0x9A, 0x3A, 0x56, 0xC8, 0xA9, 0xC6, 0x0E, 0x0A, 0x6A, 0x38, 0x54,
    0x8E, 0x8D, 0x0E, 0xBB, 0x9B, 0xCA, 0x1C, 0x06, 0x45, 0xA1, 0xFC, 0x36, 0x35, 0xEA, 0xD7, 0x14,
    0xE7, 0xC5, 0x06, 0x9B, 0xAA, 0x43, 0xE6, 0xE6, 0x20, 0x72, 0x8C, 0xBB, 0x92, 0xC9, 0x64, 0x7B,
    0x2A, 0x04, 0x70, 0x7B, 0xB8, 0x3D, 0xE7, 0x56, 0x98, 0xAA, 0x96, 0xD8, 0xC7, 0x29, 0x22, 0xC2,
    0xED, 0x8C, 0x7C, 0xDF, 0x87, 0x44, 0x55, 0x0B, 0x93, 0xDB, 0x53, 0x3E, 0x95, 0x8D, 0x30, 0x45,
    0x9B, 0xDB, 0x9C, 0xAD, 0xCF, 0x26, 0xDF, 0x6C, 0xD1, 0x0A, 0x53, 0x36, 0x92, 0xF5, 0xBD, 0x3E,
    0x1A, 0xEA, 0xB5, 0x19, 0xD8, 0x50, 0xB8, 0x0F, 0xE9, 0x9F, 0x34, 0x9E, 0x4B, 0x99, 0x90, 0x29,
    0xC8, 0x48, 0x86, 0x32, 0x8F, 0xE4, 0x58, 0xDC, 0xFB, 0x90, 0x50, 0x33, 0xB4, 0x8D, 0x82, 0x78,
    0x1B, 0x96, 0xC6, 0xBE, 0xA2, 0xF0, 0x28, 0x1D, 0x14, 0x3F, 0x42, 0x1E, 0x50, 0x5E, 0x4D, 0x24,
    0xD1, 0x14, 0x58, 0x03, 0x72, 0xF2, 0xA8, 0x28, 0xF2, 0x22, 0xAC, 0x3E, 0xA6, 0xA1, 0x18, 0x40,
    0x1A, 0x91, 0xB0, 0x3C, 0x21, 0xCB, 0x2B, 0x80, 0xB7, 0x51, 0xBE, 0xB1, 0x4B, 0x90, 0xD4, 0xF3,
    0x0A, 0x58, 0xA6, 0x23, 0x0C, 0x76, 0x99, 0x80, 0x34, 0x12, 0xF0, 0xDC, 0x89, 0xBF, 0x48, 0xC0,
    0xA5, 0x3A, 0x1D, 0x92, 0x77, 0xC3, 0x5B, 0x16, 0xFA, 0x3E, 0x0E, 0xAA, 0x7F, 0xC0, 0x41, 0xF9,
    0xFB, 0x1C, 0x3C, 0x58, 0xE4, 0xA0, 0xFE, 0x2F, 0x38, 0xE8, 0xEE, 0x72, 0x90, 0x43, 0xAF, 0xC8,
    0xAE, 0xBE, 0x60, 0xB7, 0xBE, 0x20, 0xAF, 0x38, 0xFA, 0x5D, 0x1F, 0x33, 0x4F, 0x7B, 0x5E, 0xF5,
    0xBE, 0xB4, 0x7E, 0x79, 0x54, 0x50, 0x6F, 0xFC, 0x59, 0x72, 0x53, 0xBB, 0x7E, 0xB2, 0x73, 0x06,
    0xA8, 0xD7, 0xEF, 0x4A, 0xF2, 0x29, 0xD9, 0x99, 0x42, 0xC7, 0x0A, 0x1C, 0x4D, 0xE4, 0x7F, 0x1F,
    0x04, 0x3E, 0xB3, 0x64, 0x5A, 0x77, 0x55, 0x13, 0xAA, 0x0F, 0x01, 0xE2, 0x8B, 0x47, 0xC6, 0x6C,
    0x49, 0xC9, 0x70, 0x26, 0xCD, 0xF8, 0x9B, 0x7F, 0xE7, 0x26, 0x7C, 0xEA, 0xB8, 0x05, 0x11, 0x9A,
    0xE7, 0x7A, 0x0F, 0x45, 0xED, 0xAB, 0x17, 0x1E, 0x69, 0x37, 0x79, 0x7E, 0xE3, 0x30, 0x26, 0x9D,
    0xDA, 0xF5, 0xEC, 0x24, 0xEF, 0x6B, 0x26, 0xDA, 0x1C, 0xBA, 0xF9, 0xF5, 0xF7, 0xB3, 0xA0, 0x9C,
    0x75, 0x41, 0xD8, 0x20, 0x9B, 0x40, 0xE8, 0x03, 0x98, 0x02, 0xCC, 0xBB, 0xE1, 0x2A, 0xDA, 0x90,
    0xFB, 0x90, 0x86, 0x9F, 0x86, 0xD7, 0x4F, 0x22, 0x06, 0x72, 0xD6, 0xF4, 0x34, 0x56, 0x86, 0x4B,
    0x22, 0x4C, 0xC8, 0xDC, 0x43, 0xDB, 0x83, 0xDF, 0x74, 0x37, 0x04, 0xED, 0x68, 0xCB, 0xC7, 0x64,
    0x2E, 0xE4, 0x33, 0x4B, 0x88, 0x6C, 0xD0, 0x8B, 0x19, 0x82, 0x2B, 0x52, 0x6B, 0x6A, 0xE2, 0x32,
    0x77, 0x17, 0xFA, 0x82, 0x19, 0x89, 0x84, 0x99, 0x2E, 0xCC, 0x45, 0x69, 0x38, 0x36, 0x7D, 0x8D,
    0xA4, 0xC9, 0x8D, 0x30, 0x8A, 0x23, 0x15, 0xE6, 0xCE, 0xFC, 0x5A, 0x50, 0xDA, 0xFF, 0x00, 0xAD,
    0x58, 0x3D, 0x8F, 0xDD, 0xC6, 0x15, 0x1D, 0x92, 0xD0, 0x12, 0x30, 0x8B, 0x71, 0xE1, 0xC2, 0x89,
    0x0C, 0xB0, 0x49, 0x61, 0xA4, 0x08, 0xFF, 0xC0, 0x8B, 0xC9, 0x40, 0x45, 0x4A, 0xB9, 0x70, 0xEF,
    0xFC, 0x83, 0x6D, 0x52, 0x0A, 0x22, 0x01, 0x17, 0x2E, 0xBD, 0xC8, 0x1F, 0xB0, 0x8A, 0x14, 0x86,
    0x1A, 0x35, 0x29, 0x54, 0x64, 0x4D, 0x7A, 0x17, 0x88, 0x8B, 0x14, 0x1E, 0xC3, 0xA5, 0x0B, 0x33,
    0xC8, 0x02, 0x06, 0x92, 0x42, 0x74, 0x4C, 0xD8, 0x94, 0x96, 0xE4, 0xCD, 0x39, 0x77, 0xC8, 0xF7,
    0xF8, 0x56, 0xF2, 0x06, 0x30, 0xF2, 0x80, 0x77, 0x2E, 0xF7, 0xCD, 0x07, 0xEF, 0xDC, 0x7B, 0xEE,
    0xC7, 0xAC, 0x29, 0x9F, 0x1B, 0x13, 0x89, 0x14, 0xC6, 0x8A, 0x18, 0x93, 0x13, 0xCA, 0xE1, 0x8E,
    0x31, 0x75, 0x6B, 0x8C, 0x11, 0x47, 0x68, 0x44, 0xDA, 0x0D, 0x38, 0x11, 0x57, 0xB7, 0x9C, 0xD7,
    0xFB, 0x15, 0xD2, 0xA4, 0x84, 0x98, 0x60, 0x4A, 0x82, 0xC1, 0xC0, 0x11, 0x70, 0x23, 0xAC, 0xDD,
    0x82, 0x4D, 0x30, 0x2F, 0x4D, 0x2A, 0x63, 0xB2, 0xFB, 0x85, 0x49, 0x44, 0x2A, 0x53, 0x8B, 0x74,
    0x21, 0x76, 0xE9, 0xF0, 0x97, 0xB4, 0xA9, 0x8C, 0xB9, 0xCB, 0xA7, 0xA7, 0xBF, 0xC5, 0x8B, 0xFA,
    0x9D, 0xA9, 0xBB, 0xFE, 0x01, 0x14, 0xEA, 0x9E, 0x1A, 0xF9, 0x92, 0x70, 0xD1, 0xF6, 0x46, 0x2E,
    0x5D, 0x07, 0xF8, 0x12, 0xF0, 0xD5, 0x45, 0x67, 0xEA, 0x6F, 0x2F, 0x5A, 0x53, 0x5E, 0x7F, 0xE0,
    0xA0, 0xD5, 0x07, 0x8D, 0xC9, 0xE4, 0xF7, 0x4D, 0x61, 0xE5, 0xDF, 0xCF, 0xBC, 0x6A, 0x81, 0xEA,
    0x97, 0x13, 0xDE, 0xA9, 0xFF, 0x6C, 0xCC, 0x2E, 0x85, 0x66, 0x0F, 0x7E, 0x03, 0xF8, 0xD5, 0x2F,
    0x00, 0xA1, 0x3C, 0xD7, 0xD3, 0xF8, 0x79, 0x5C, 0x81, 0xB5, 0xC5, 0x5D, 0x93, 0x8D, 0x18, 0xCC,
    0x7B, 0x40, 0xD9, 0x99, 0xBD, 0x5D, 0xDE, 0xB1, 0x8D, 0x34, 0x79, 0x4E, 0x10, 0x85, 0x0A, 0x00,
    0x35, 0x5C, 0xDE, 0x60, 0x0A, 0xA1, 0x03, 0x94, 0x03, 0x20, 0x9F, 0xF3, 0xCF, 0x0A, 0x5A, 0xA8,
    0xB2, 0x84, 0x48, 0x96, 0xA3, 0xF2, 0xD0, 0x57, 0xC6, 0xEE, 0x07, 0xF6, 0x50, 0x58, 0xBE, 0xF2,
    0xA7, 0x01, 0x53, 0x5E, 0x82, 0xE3, 0x29, 0x7A, 0xD2, 0x03, 0xBC, 0x6A, 0x17, 0x73, 0x82, 0x97,
    0x7B, 0x7F, 0x73, 0x03, 0x98, 0x7D, 0x06, 0x0F, 0xAA, 0x37, 0x01, 0xC6, 0x6C, 0x80, 0xEE, 0xD8,
    0xC0, 0xED, 0x03, 0xF1, 0xBC, 0x6E, 0x9F, 0xF5, 0x7E, 0x0A, 0x29, 0x73, 0x04, 0x7C, 0x75, 0x6E,
    0xF4, 0x53, 0x7A, 0x71, 0xEE, 0x05, 0x56, 0x49, 0x28, 0x7F, 0x82, 0x1A, 0xF2, 0xBE, 0x5C, 0x0B,
    0x69, 0xC6, 0x4F, 0xE7, 0xC5, 0x20, 0x83, 0x95, 0x36, 0x1F, 0xA5, 0x8B, 0x41, 0xB7, 0x51, 0x5C,
    0x44, 0x33, 0xAD, 0xA2, 0x89, 0x68, 0x82, 0x9B, 0x22, 0xF6, 0xC2, 0x1E, 0x89, 0xCC, 0x8B, 0xDC,
    0x8B, 0xD2, 0x0B, 0xB5, 0xA0, 0x7C, 0xE6, 0x0D, 0x19, 0xF5, 0xAA, 0x4F, 0xD4, 0xA9, 0x48, 0x9C,
    0x0A, 0xAB, 0x8A, 0xDB, 0xD9, 0xE4, 0xDC, 0x88, 0x50, 0x10, 0x2A, 0x42, 0xB3, 0xC2, 0x35, 0x1C,
    0x6F, 0x7F, 0x84, 0xE3, 0xF7, 0x8A, 0x77, 0x4F, 0x5E, 0xCC, 0x75, 0x6B, 0xBB, 0x11, 0x03, 0xDD,
    0xB4, 0x1D, 0x50, 0xB0, 0x5D, 0x5E, 0x62, 0x20, 0xAB, 0x01, 0xD8, 0x62, 0x81, 0x84, 0x10, 0x13,
    0x22, 0x42, 0x48, 0xFD, 0xAE, 0x7C, 0x18, 0x81, 0x34, 0x2A, 0xDC, 0xEA, 0x00, 0x86, 0x67, 0x39,
    0xA8, 0x48, 0xC7, 0xE0, 0x5D, 0x08, 0x3B, 0x42, 0x73, 0x8A, 0xC4, 0x0B, 0x4B, 0x91, 0x8D, 0x29,
    0x5E, 0xD9, 0xD4, 0x43, 0xAD, 0x6F, 0xFE, 0xDE, 0x2B, 0xF0, 0x95, 0x17, 0x86, 0xC4, 0x95, 0x47,
    0x2A, 0x70, 0xCC, 0x5B, 0xC5, 0xF0, 0xBA, 0x0A, 0x6E, 0x86, 0xE8, 0xF5, 0xC2, 0x7A, 0x11, 0x20,
    0x37, 0xEC, 0xF5, 0x34, 0x2B, 0x0B, 0x0F, 0xEA, 0x36, 0xAB, 0xBA, 0xDD, 0x89, 0x9C, 0x31, 0x5A,
    0x32, 0x78, 0x15, 0xA2, 0x94, 0x9E, 0x3F, 0x52, 0x97, 0x06, 0x5E, 0x2F, 0xFE, 0xA0, 0x5C, 0xF1,
    0xBB, 0x20, 0x52, 0xE0, 0x7B, 0x53, 0x23, 0xD4, 0x65, 0xC4, 0x6B, 0x8D, 0x7C, 0x3E, 0x22, 0x6C,
    0x9C, 0x5C, 0x82, 0x69, 0x58, 0x77, 0x81, 0x79, 0x29, 0x3D, 0x57, 0x99, 0x98, 0x7E, 0x6C, 0x4C,
    0x04, 0x51, 0xB7, 0x57, 0xFC, 0x8B, 0x7B, 0xF2, 0x0D, 0x83, 0x6E, 0x9D, 0x8D, 0xE4, 0x54, 0x93,
    0x4E, 0xA7, 0xB3, 0xA9, 0x8B, 0xB4, 0x0F, 0xE6, 0x12, 0x18, 0x4E, 0x65, 0x95, 0x0D, 0x21, 0xFC,
    0x93, 0x8F, 0xD1, 0x16, 0x87, 0xAC, 0x79, 0x78, 0x0E, 0x74, 0x0F, 0xCF, 0xE3, 0x3E, 0x75, 0xE7,
    0x0F, 0xE3, 0xCE, 0xB6, 0x7F, 0x7D, 0x98, 0xA8, 0x47, 0x9F, 0xBC, 0x90, 0xCD, 0x27, 0xF9, 0x6E,
    0xC8, 0xEF, 0xBB, 0xF8, 0x3F, 0x43, 0xF6, 0xB1, 0x8B, 0x7E, 0xE8, 0xD3, 0x8F, 0x9B, 0xE8, 0xC7,
    0x3E, 0xFD, 0xA6, 0x89, 0xAE, 0x3B, 0xFB, 0xAC, 0x09, 0xE1, 0x66, 0xA9, 0x14, 0x0B, 0x98, 0x28,
    0x81, 0x0B, 0xC5, 0xC5, 0x3C, 0x9F, 0x47, 0xB2, 0x15, 0x9B, 0x9C, 0x19, 0x65, 0xC7, 0xE8, 0x85,
    0x2C, 0x02, 0xAC, 0x12, 0x18, 0x16, 0x59, 0x45, 0xA0, 0x57, 0xAB, 0x22, 0xED, 0x54, 0xD8, 0xFF,
    0x8B, 0xB8, 0xF3, 0x6E, 0x49, 0x01, 0x3D, 0x2A, 0x8A, 0x58, 0x0A, 0x89, 0xF4, 0xFD, 0x2A, 0x46,
    0x2F, 0x3A, 0x15, 0x73, 0xA1, 0x4E, 0x6D, 0x3C, 0xF0, 0xF7, 0x9B, 0x70, 0x18, 0x45, 0x7D, 0x40,
    0xF8, 0x8D, 0x4B, 0x65, 0xD0, 0x1A, 0x51, 0x0E, 0xE0, 0x75, 0xAD, 0x6C, 0x76, 0x81, 0xBA, 0xEA,
    0x65, 0x70, 0x66, 0x99, 0x52, 0x0E, 0xF1, 0xB2, 0x6C, 0x29, 0x2D, 0x03, 0x37, 0x75, 0x65, 0x63,
    0x8E, 0x3F, 0x87, 0x0C, 0x68, 0xCC, 0xE9, 0xAC, 0x65, 0xA4, 0x65, 0x52, 0x73, 0x4A, 0xBE, 0x50,
    0xDA, 0x93, 0x22, 0x62, 0xCC, 0xD0, 0xD2, 0x26, 0x99, 0x5E, 0x4E, 0x5B, 0x3F, 0x99, 0x33, 0x75,
    0x72, 0xEC, 0xB3, 0x5D, 0xA5, 0xE4, 0x0E, 0x2A, 0x73, 0xA8, 0x20, 0x89, 0x72, 0x1B, 0xAF, 0xC4,
    0xDA, 0xBC, 0x03, 0x94, 0x2D, 0x80, 0xF1, 0x16, 0x32, 0x89, 0x44, 0x33, 0x00, 0x3F, 0xD8, 0x31,
    0xED, 0x01, 0x79, 0x0B, 0xA8, 0x91, 0x88, 0x27, 0x7A, 0xFF, 0x15, 0x59, 0xD1, 0x4A, 0xC9, 0x34,
    0x9D, 0x77, 0xEB, 0x0A, 0x5D, 0x0B, 0x1D, 0xB0, 0x15, 0xF7, 0x0B, 0x51, 0x19, 0xFC, 0xF6, 0x30,
    0xAD, 0xBE, 0xF2, 0x46, 0x26, 0x91, 0xED, 0x69, 0xDE, 0x24, 0x9C, 0xD3, 0x3A, 0x13, 0x81, 0xC5,
    0x96, 0x46, 0xD0, 0xD1, 0x7C, 0x7C, 0x03, 0x87, 0xC1, 0x28, 0x4E, 0x30, 0x99, 0xF8, 0x0B, 0xAC,
    0x0A, 0xB6, 0xA3, 0x3C, 0x2A, 0x20, 0x21, 0xC4, 0x5F, 0x00, 0xC2, 0xE3, 0xC2, 0x11, 0xD4, 0xA0,
    0xAA, 0x26, 0x71, 0xAE, 0xE7, 0x27, 0xD3, 0x82, 0xB6, 0x38, 0x43, 0x93, 0xE6, 0x1D, 0x94, 0x93,
    0xC1, 0xA7, 0xF8, 0x36, 0x1F, 0xFD, 0x83, 0xB3, 0xB3, 0x3E, 0xD4, 0x4D, 0xA2, 0xC9, 0xC1, 0x13,
    0x5F, 0x1F, 0x2A, 0xFF, 0x10, 0xAC, 0x0F, 0xA1, 0x14, 0xEB, 0x03, 0xCB, 0x0A, 0x2A, 0x2E, 0x30,
    0x96, 0x18, 0xEF, 0x83, 0x5D, 0x93, 0x19, 0x94, 0x28, 0x50, 0x69, 0xEC, 0x94, 0xB7, 0x75, 0x05,
    0x1B, 0x65, 0x63, 0x89, 0x38, 0x49, 0xE0, 0x83, 0xBE, 0x66, 0x56, 0x1E, 0x03, 0xD8, 0x83, 0x39,
    0x7A, 0x48, 0x99, 0x48, 0xEA, 0x8A, 0x1C, 0x0A, 0xE4, 0x77, 0x52, 0x40, 0xD5, 0x31, 0xD4, 0xE8,
    0x12, 0x96, 0x0E, 0x4D, 0x29, 0xCF, 0x4D, 0x34, 0xD5, 0x3E, 0xC9, 0x47, 0xE3, 0x42, 0xAB, 0x78,
    0x7D, 0x48, 0x86, 0x95, 0x68, 0xFD, 0xFA, 0xD0, 0xDD, 0x7C, 0x48, 0xD7, 0x87, 0xAC, 0xF5, 0x8B,
    0x19, 0x28, 0xB9, 0xEF, 0x73, 0x7A, 0x9C, 0x0A, 0xA6, 0x88, 0xE4, 0x43, 0xD4, 0x15, 0x06, 0xD8,
    0x16, 0xEE, 0x8D, 0x38, 0xE1, 0x87, 0x78, 0x83, 0xFC, 0x1D, 0xBB, 0xD7, 0xCF, 0x3A, 0x2E, 0x73,
    0x34, 0x68, 0xE3, 0x3D, 0xF6, 0x36, 0x4D, 0xB5, 0x43, 0x4C, 0x9A, 0x4F, 0x2D, 0x79, 0x99, 0x89,
    0x83, 0xF6, 0x75, 0x1B, 0xCB, 0x0C, 0xCE, 0x7D, 0x3B, 0xE6, 0x7D, 0x7A, 0xD9, 0x67, 0x43, 0x5E,
    0xB5, 0x29, 0x14, 0xBE, 0xD9, 0x36, 0xF0, 0xB7, 0x48, 0x14, 0x7A, 0x02, 0x14, 0x8A, 0xC0, 0x57,
    0x3A, 0xCB, 0x52, 0x29, 0xCB, 0x92, 0xBF, 0xF4, 0x1B, 0x31, 0xC2, 0x9F, 0xF1, 0xAE, 0x80, 0x85,
    0xE2, 0x94, 0x6E, 0xFA, 0x74, 0x18, 0x20, 0x19, 0x31, 0x39, 0x91, 0xFD, 0x5A, 0xDD, 0x05, 0xE4,
    0x66, 0xEF, 0x74, 0x7B, 0xD7, 0xB2, 0x94, 0x50, 0x85, 0x27, 0xA0, 0x50, 0xCA, 0x1D, 0xD0, 0x05,
    0x4D, 0x9A, 0x67, 0xAC, 0x3C, 0x6B, 0x9E, 0xA6, 0x82, 0xD1, 0x7C, 0x04, 0x94, 0x9D, 0x65, 0x0E,
    0x01, 0x40, 0x11, 0x66, 0x06, 0xEB, 0x83, 0x64, 0x0B, 0xCE, 0x5E, 0xC2, 0x14, 0x00, 0x4C, 0xBE,
    0x94, 0xBC, 0x07, 0x64, 0x13, 0xC0, 0xCA, 0x47, 0x9F, 0x0B, 0xDB, 0x37, 0x09, 0x64, 0x71, 0x35,
    0xDB, 0x9B, 0xF9, 0x6C, 0xAB, 0xC1, 0x6B, 0xCC, 0x65, 0xA5, 0xFA, 0x54, 0xC6, 0x3D, 0x86, 0xCA,
    0xE8, 0x48, 0xB3, 0x49, 0x34, 0x69, 0xCA, 0x18, 0x49, 0x6D, 0x3B, 0x20, 0x76, 0x7F, 0xFD, 0xE4,
    0x45, 0xFD, 0xAF, 0x47, 0xB9, 0x06, 0x9A, 0x47, 0x90, 0x3A, 0xA5, 0xE3, 0x40, 0x34, 0xB3, 0xFD,
    0xDD, 0x63, 0xA4, 0xE4, 0x05, 0x61, 0xC1, 0x62, 0x90, 0x34, 0xD0, 0x08, 0xF6, 0x21, 0x8C, 0x25,
    0xEC, 0x8F, 0x10, 0x1C, 0x74, 0x79, 0xE7, 0xD1, 0x9C, 0x7A, 0xAB, 0x8C, 0x3E, 0x9F, 0xB1, 0x05,
    0xAE, 0xE2, 0xB3, 0x70, 0xCD, 0xA8, 0x26, 0x90, 0x9B, 0xDD, 0x03, 0x7A, 0xED, 0x81, 0x8D, 0x9B,
    0xE6, 0xA5, 0xED, 0x80, 0x76, 0xAB, 0xDC, 0x75, 0x01, 0xFC, 0x59, 0x64, 0x93, 0xB9, 0xEB, 0x8D,
    0xB7, 0x69, 0x86, 0xEF, 0x6A, 0xBD, 0x56, 0x8B, 0x9C, 0x5E, 0xB1, 0x9E, 0x43, 0x05, 0xF8, 0xA4,
    0x65, 0x8C, 0xB8, 0xC4, 0xA7, 0xDF, 0xFB, 0x17, 0x95, 0xFA, 0x04, 0x16, 0x7E, 0x95, 0x63, 0x5E,
    0x06, 0xB7, 0x4E, 0xD1, 0xC9, 0xF9, 0x40, 0x98, 0x6C, 0x83, 0x16, 0xF8, 0x9B, 0xAF, 0x9B, 0xC4,
    0xE7, 0xE5, 0xFD, 0x4D, 0xE1, 0x44, 0x4D, 0x7E, 0x70, 0x0C, 0xA1, 0x34, 0x19, 0xB0, 0x46, 0x04,
    0xF3, 0xFA, 0x80, 0xC4, 0x18, 0x08, 0x2D, 0x10, 0x6F, 0x8C, 0x5B, 0x2B, 0x96, 0xAB, 0xA1, 0xB5,
    0x1E, 0xFD, 0x5C, 0x6C, 0x5F, 0xD7, 0x0A, 0xCC, 0x7D, 0x4A, 0xC5, 0x4C, 0xF1, 0x84, 0x01, 0xA3,
    0x97, 0x02, 0x66, 0x38, 0x3C, 0xD3, 0x30, 0xC6, 0xDB, 0x0D, 0x7D, 0xD9, 0xDD, 0xCA, 0xB7, 0xBC,
    0x7B, 0x2C, 0x14, 0x9D, 0x26, 0x32, 0x4D, 0x8C, 0xB5, 0xFE, 0x91, 0x29, 0xB3, 0x62, 0xDF, 0x11,
    0x9D, 0xAA, 0x37, 0x43, 0xD1, 0x44, 0x51, 0x76, 0x65, 0xFA, 0x0F, 0x54, 0x73, 0x1E, 0xC2, 0x76,
    0xFF, 0x6C, 0x3F, 0x4D, 0x6D, 0x77, 0xED, 0x76, 0x36, 0x6B, 0xF3, 0xAB, 0x07, 0xB6, 0x56, 0x67,
    0x31, 0x13, 0x32, 0xCF, 0x46, 0x7F, 0x63, 0xDA, 0x8D, 0x9A, 0x9D, 0x35, 0x0B, 0x86, 0xD5, 0xDB,
    0xAF, 0x19, 0xF3, 0xCA, 0x2A, 0x70, 0xFC, 0xB9, 0xAD, 0x50, 0xFC, 0x6C, 0x78, 0xFC, 0xF8, 0xF1,
    0x27, 0x8C, 0xDB, 0xC7, 0xF2, 0xE2, 0x13, 0x93, 0x0D, 0xFA, 0xE3, 0x92, 0x26, 0xF4, 0xAB, 0x93,
    0x70, 0x73, 0x0A, 0xC0, 0x50, 0x5F, 0x6B, 0x41, 0x8C, 0xC9, 0xDF, 0x9E, 0xC8, 0x49, 0xE6, 0x26,
    0x16, 0x04, 0x16, 0x58, 0xA5, 0xB8, 0x1A, 0xB8, 0xF3, 0x05, 0x28, 0x9D, 0x8F, 0x2F, 0x21, 0x05,
    0x20, 0xD5, 0x8E, 0x83, 0x80, 0xEC, 0x5A, 0xFA, 0xEB, 0xA4, 0x21, 0xF1, 0x4F, 0x1B, 0x73, 0x6F,
    0x33, 0x70, 0xA6, 0x03, 0x59, 0x77, 0x4D, 0xB8, 0x47, 0xC0, 0x06, 0x79, 0x4B, 0x70, 0xEA, 0xF2,
    0x08, 0x97, 0x0C, 0xD4, 0x99, 0xF7, 0xB5, 0x65, 0x99, 0x08, 0x3D, 0x81, 0xDE, 0xBC, 0x5A, 0x5A,
    0x04, 0xA6, 0x61, 0x2D, 0x68, 0x4F, 0x7D, 0xF3, 0xDF, 0xF9, 0xAB, 0xC0, 0xE0, 0x85, 0xB6, 0x7C,
    0x57, 0x46, 0xB9, 0x27, 0x5A, 0xFC, 0x16, 0x46, 0xB3, 0xEB, 0xE0, 0x14, 0xF4, 0xDD, 0x14, 0x21,
    0xC5, 0xEE, 0x2D, 0x03, 0xF1, 0x9D, 0x94, 0x14, 0xB8, 0xD4, 0x5C, 0xB0, 0x96, 0x7D, 0x74, 0x0D,
    0x7D, 0xC3, 0x29, 0x42, 0xAF, 0x6B, 0xE2, 0xC1, 0x90, 0x38, 0x99, 0x4F, 0x91, 0xB3, 0xAF, 0x88,
    0x7F, 0x2C, 0x5D, 0x70, 0xE6, 0x79, 0xE7, 0x7C, 0x5D, 0x75, 0x4A, 0x1B, 0x15, 0x08, 0xDA, 0x6A,
    0x93, 0x54, 0xFF, 0xB7, 0x48, 0x47, 0xBF, 0x4A, 0xE6, 0x95, 0x0D, 0xDA, 0xAD, 0xE1, 0xF0, 0x76,
    0x39, 0xC3, 0x7C, 0x1F, 0xD7, 0x83, 0x0A, 0x91, 0x3A, 0xB2, 0xF5, 0x62, 0x37, 0xC3, 0x1B, 0xBE,
    0xF6, 0x1A, 0x5A, 0x08, 0xD0, 0x48, 0x37, 0xBE, 0xE9, 0xB8, 0x21, 0x34, 0xC3, 0xDC, 0x26, 0x22,
    0x9A, 0x2A, 0x5A, 0xAF, 0xBD, 0x2D, 0xA1, 0x67, 0x9C, 0xB1, 0xAB, 0x49, 0x7D, 0x6B, 0xB3, 0x82,
    0xFE, 0x59, 0x0E, 0xE5, 0x1A, 0xDE, 0x8E, 0x50, 0xD4, 0x7E, 0x83, 0xA3, 0x2B, 0x69, 0x4D, 0x7F,
    0x1F, 0xA0, 0xF4, 0xEE, 0x3F, 0x9A, 0x82, 0xEB, 0xE4, 0x6E, 0x8F, 0x3E, 0x1E, 0xB3, 0x35, 0x7C,
    0x27, 0x9F, 0x49, 0x50, 0x09, 0xC7, 0x9C, 0xD7, 0x82, 0x71, 0x87, 0x8B, 0x65, 0x37, 0xEE, 0xCA,
    0xAE, 0x06, 0xE6, 0x7D, 0xED, 0xC6, 0x5D, 0x36, 0x08, 0x10, 0x37, 0x8B, 0x66, 0xDC, 0xD9, 0x3D,
    0xBE, 0xF7, 0xC6, 0x9D, 0xF7, 0xBC, 0x0F, 0x7C, 0xC3, 0x50, 0x6A, 0x1C, 0x6B, 0x8E, 0x5D, 0xAC,
    0x9C, 0xCC, 0xBE, 0x6F, 0xE1, 0xF0, 0x2F, 0x65, 0xED, 0x7D, 0x8F, 0xD1, 0x74, 0x58, 0xB0, 0xF9,
    0x92, 0x81, 0xD4, 0x67, 0x69, 0x06, 0x5B, 0xB6, 0xC0, 0xBC, 0x17, 0x1D, 0xBE, 0x70, 0x83, 0x1F,
    0xE3, 0x9C, 0x4A, 0xA3, 0xB8, 0x29, 0x7B, 0xBD, 0x07, 0x37, 0x76, 0xF3, 0xCD, 0x78, 0xE9, 0x19,
    0x96, 0x28, 0x77, 0x7E, 0x7E, 0x7F, 0xF4, 0x2E, 0xF3, 0xE8, 0x11, 0xA9, 0x70, 0xC6, 0xAE, 0x04,
    0xA9, 0xB8, 0x4F, 0x99, 0x51, 0xA7, 0xE0, 0x8C, 0xFF, 0xDA, 0x60, 0x6C, 0x6A, 0x60, 0x35, 0x9B,
    0xAF, 0xF3, 0xBF, 0x73, 0x3C, 0x9F, 0xCC, 0x5F, 0x60, 0xC4, 0x1E, 0xAC, 0xE9, 0x43, 0x6E, 0x9C,
    0x69, 0xCE, 0x5B, 0x93, 0xCC, 0xB0, 0xFD, 0xFE, 0x17, 0xD3, 0x5A, 0xB5, 0x6A, 0x55, 0x83, 0xFD,
    0xFF, 0xFF, 0xFF, 0x0F, 0x20, 0x08, 0x00, 0xD5, 0x54, 0xC1, 0x6D, 0x83, 0x40, 0x10, 0x5C, 0x8C,
    0x04, 0x0F, 0x3F, 0x9C, 0x3F, 0x8F, 0x94, 0xE0, 0x12, 0x70, 0x47, 0x2E, 0x01, 0x4A, 0x48, 0x94,
    0x82, 0x0E, 0x29, 0x0D, 0x50, 0xC2, 0x49, 0x71, 0x01, 0x7E, 0xF0, 0x88, 0x25, 0xEC, 0xC9, 0xCC,
    0x82, 0x09, 0x96, 0xF9, 0x25, 0x56, 0x14, 0x74, 0xDA, 0xD9, 0x63, 0x97, 0xBB, 0xD9, 0x9D, 0x15,
    0x56, 0xE0, 0x25, 0xC3, 0xC1, 0x02, 0xE2, 0x16, 0x5D, 0x02, 0x34, 0x15, 0x8E, 0x29, 0x01, 0x82,
    0xDA, 0x10, 0x2D, 0x85, 0x19, 0x9A, 0x2B, 0x3C, 0x03, 0xB9, 0x87, 0x51, 0xDE, 0xC1, 0x6D, 0xE6,
    0x03, 0xC1, 0x0A, 0xBC, 0xF6, 0xE4, 0xFC, 0x01, 0x32, 0x7E, 0x47, 0x3A, 0x98, 0x3A, 0xE9, 0x15,
    0xF7, 0x24, 0xF1, 0xE4, 0xEB, 0x5B, 0xC3, 0xC0, 0x6F, 0x19, 0x32, 0x78, 0xC3, 0x3D, 0x83, 0x79,
    0xCA, 0xE3, 0x19, 0x48, 0xB9, 0xCA, 0x06, 0xED, 0x3E, 0xD1, 0x90, 0x49, 0x4B, 0xF5, 0xA4, 0x83,
    0xEB, 0x27, 0xC7, 0x15, 0xAC, 0xA6, 0xBE, 0x7D, 0x3B, 0x57, 0x1D, 0x27, 0x09, 0x17, 0x9C, 0x31,
    0xF9, 0xAF, 0x9D, 0xB1, 0x52, 0x3A, 0xB3, 0x4A, 0x9B, 0xC5, 0x4A, 0x97, 0x3E, 0xFF, 0x4F, 0x95,
    0xEE, 0x2F, 0xB5, 0x19, 0xD9, 0x9E, 0x5D, 0x20, 0xBE, 0x28, 0xDD, 0x86, 0x6E, 0xA5, 0x78, 0x1C,
    0xB3, 0x7C, 0x25, 0x5E, 0xF7, 0xDA, 0xED, 0x66, 0x66, 0xED, 0x47, 0x2B, 0x3E, 0x79, 0x9B, 0x75,
    0x8E, 0x37, 0xD8, 0xB6, 0x6E, 0x33, 0xDE, 0x6D, 0x49, 0x38, 0x71, 0x70, 0x8C, 0xD7, 0x70, 0x23,
    0x66, 0xBD, 0x69, 0xF8, 0x1C, 0xD8, 0x66, 0x07, 0xDB, 0x4C, 0x90, 0x04, 0xD4, 0x2C, 0x82, 0x2B,
    0x32, 0xA9, 0xE2, 0x70, 0xC2, 0x1F, 0x75, 0x1D, 0x6D, 0xB6, 0x63, 0x8A, 0x26, 0x51, 0xD0, 0x39,
    0x54, 0xD8, 0x09, 0xA8, 0xB0, 0x80, 0x5D, 0x50, 0x0A, 0x2F, 0x68, 0x05, 0x39, 0xA2, 0x1F, 0x1D,
    0x8E, 0x0E, 0xA5, 0xE0, 0xA0, 0xDD, 0x85, 0x8D, 0x40, 0x5C, 0x0F, 0x47, 0xE7, 0x0E, 0xB6, 0x02,
    0x0A, 0xFE, 0xD4, 0x6C, 0x7F, 0xFA, 0x02, 0x45, 0x8F, 0xB1, 0x11, 0xC3, 0x20, 0x10, 0x04, 0x5F,
    0x43, 0xA0, 0xC0, 0x01, 0x05, 0x38, 0x70, 0x09, 0x94, 0xF0, 0x74, 0x06, 0x25, 0xB8, 0x23, 0x53,
    0x02, 0x25, 0x50, 0x82, 0x03, 0x69, 0x46, 0x81, 0xCC, 0xF9, 0x78, 0x34, 0x36, 0x01, 0x3B, 0xFA,
    0x3B, 0x5E, 0x77, 0x22, 0xBF, 0xB3, 0xC6, 0xC9, 0x47, 0x9D, 0x4C, 0x9B, 0x61, 0xC1, 0x67, 0xCA,
    0x40, 0x36, 0x19, 0x68, 0x26, 0x3F, 0x6F, 0xC7, 0x90, 0x79, 0xF5, 0x21, 0x93, 0x4A, 0x83, 0x3F,
    0xEF, 0x59, 0x69, 0xD0, 0x8E, 0x1A, 0x38, 0x03, 0xC8, 0x2E, 0x8E, 0x2C, 0x8A, 0xEC, 0x49, 0x49,
    0x68, 0x0A, 0x9C, 0x0B, 0x70, 0x90, 0x6F, 0x6E, 0xDE, 0x38, 0x6F, 0x81, 0x56, 0xFA, 0x2A, 0x67,
    0x91, 0xEF, 0x6A, 0x1A, 0x7F, 0xE6, 0x07, 0x65, 0xEE, 0x1D, 0x64, 0x32, 0x87, 0xF6, 0xC2, 0x48,
    0xCA, 0x75, 0x16, 0x4C, 0x4B, 0xB0, 0xA0, 0xBE, 0xA8, 0x05, 0x77, 0x3B, 0x66, 0x91, 0x2B, 0xB7,
    0xE8, 0xEC, 0x21, 0xFE, 0xEA, 0xE5, 0xE2, 0xBF, 0xB3, 0x7C, 0x01,
};

static const EpdGlyph notosans_16_boldGlyphs[] = {
    { 0, 0, 0, 0, 0, 0, 0 }, // U+0000
    { 0, 0, 139, 0, 0, 0, 0 }, // U+000D
    { 0, 0, 139, 0, 0, 0, 0 }, // U+0020
    { 6, 24, 150, 2, 24, 36, 0 }, // !
    { 12, 9, 255, 2, 24, 27, 36 }, // "
    { 20, 24, 344, 1, 24, 120, 63 }, // #
    { 17, 28, 305, 1, 26, 119, 183 }, // $
    { 28, 24, 481, 1, 24, 168, 302 }, // %
    { 24, 24, 400, 1, 24, 144, 470 }, // &
    { 5, 9, 142, 2, 24, 12, 614 }, // '
    { 9, 30, 181, 1, 24, 68, 626 }, // (
    { 9, 30, 181, 1, 24, 68, 694 }, // )
    { 18, 16, 289, 0, 26, 72, 762 }, // *
    { 16, 17, 305, 1, 21, 68, 834 }, // +
    { 7, 8, 152, 1, 4, 14, 902 }, // ,
    { 9, 4, 171, 1, 11, 9, 916 }, // -
    { 6, 6, 150, 2, 6, 9, 925 }, // .
    { 14, 24, 221, 0, 24, 84, 934 }, // /
    { 17, 24, 322, 2, 24, 102, 1018 }, // 0
    { 13, 24, 276, 0, 24, 78, 1120 }, // 1
    { 18, 24, 298, 0, 24, 108, 1198 }, // 2
    { 17, 24, 305, 1, 24, 102, 1306 }, // 3
    { 18, 24, 310, 1, 24, 108, 1408 }, // 4
    { 17, 24, 308, 2, 24, 102, 1516 }, // 5
    { 17, 24, 321, 2, 24, 102, 1618 }, // 6
    { 17, 24, 285, 1, 24, 102, 1720 }, // 7
    { 17, 24, 317, 2, 24, 102, 1822 }, // 8
    { 17, 24, 321, 1, 24, 102, 1924 }, // 9
    { 6, 19, 150, 2, 19, 29, 2026 }, // :
    { 7, 24, 152, 1, 19, 42, 2055 }, // ;
    { 16, 19, 305, 1, 22, 76, 2097 }, // <
    { 16, 10, 305, 1, 17, 40, 2173 }, // =
    { 16, 19, 305, 1, 22, 76, 2213 }, // >
    { 16, 24, 254, 0, 24, 96, 2289 }, // ?
    { 27, 26, 479, 2, 24, 176, 2385 }, // @
    { 24, 24, 369, 0, 24, 144, 2561 }, // A
    { 18, 24, 355, 3, 24, 108, 2705 }, // B
    { 19, 24, 342, 2, 24, 114, 2813 }, // C
    { 20, 24, 390, 3, 24, 120, 2927 }, // D
    { 14, 24, 299, 3, 24, 84, 3047 }, // E
    { 14, 24, 293, 3, 24, 84, 3131 }, // F
    { 20, 24, 386, 2, 24, 120, 3215 }, // G
    { 20, 24, 408, 3, 24, 120, 3335 }, // H
    { 11, 24, 207, 1, 24, 66, 3455 }, // I
    { 12, 31, 177, -3, 24, 93, 3521 }, // J
    { 20, 24, 354, 3, 24, 120, 3614 }, // K
    { 15, 24, 298, 3, 24, 90, 3734 }, // L
    { 27, 24, 503, 3, 24, 162, 3824 }, // M
    { 21, 24, 434, 3, 24, 126, 3986 }, // N
    { 23, 24, 422, 2, 24, 138, 4112 }, // O
    { 17, 24, 331, 3, 24, 102, 4250 }, // P
    { 23, 30, 422, 2, 24, 173, 4352 }, // Q
    { 20, 24, 350, 3, 24, 120, 4525 }, // R
    { 17, 24, 294, 1, 24, 102, 4645 }, // S
    { 18, 24, 308, 1, 24, 108, 4747 }, // T
    { 20, 24, 403, 3, 24, 120, 4855 }, // U
    { 22, 24, 347, 0, 24, 132, 4975 }, // V
    { 33, 24, 516, 0, 24, 198, 5107 }, // W
    { 23, 24, 357, 0, 24, 138, 5305 }, // X
    { 21, 24, 334, 0, 24, 126, 5443 }, // Y
    { 18, 24, 309, 1, 24, 108, 5569 }, // Z
    { 8, 30, 177, 2, 24, 60, 5677 }, // [
    { 14, 24, 221, 0, 24, 84, 5737 }, // <backslash>
    { 8, 30, 177, 0, 24, 60, 5821 }, // ]
    { 19, 16, 305, 0, 25, 76, 5881 }, // ^
    { 14, 3, 219, 0, -2, 11, 5957 }, // _
    { 10, 6, 195, 1, 27, 15, 5968 }, // `
    { 17, 19, 319, 1, 19, 81, 5983 }, // a
    { 17, 26, 337, 2, 26, 111, 6064 }, // b
    { 15, 19, 275, 2, 19, 72, 6175 }, // c
    { 18, 26, 337, 2, 26, 117, 6247 }, // d
    { 17, 19, 318, 2, 19, 81, 6364 }, // e
    { 14, 26, 206, 1, 26, 91, 6445 }, // f
    { 18, 27, 337, 2, 19, 122, 6536 }, // g
    { 17, 26, 347, 2, 26, 111, 6658 }, // h
    { 6, 26, 159, 2, 26, 39, 6769 }, // i
    { 10, 34, 159, -2, 26, 85, 6808 }, // j
    { 19, 26, 331, 3, 26, 124, 6893 }, // k
    { 6, 26, 159, 2, 26, 39, 7017 }, // l
    { 28, 19, 520, 2, 19, 133, 7056 }, // m
    { 17, 19, 347, 2, 19, 81, 7189 }, // n
    { 18, 19, 333, 2, 19, 86, 7270 }, // o
    { 17, 27, 337, 2, 19, 115, 7356 }, // p
    { 18, 27, 337, 2, 19, 122, 7471 }, // q
    { 13, 19, 238, 2, 19, 62, 7593 }, // r
    { 14, 19, 268, 2, 19, 67, 7655 }, // s
    { 13, 23, 231, 1, 23, 75, 7722 }, // t
    { 17, 19, 347, 2, 19, 81, 7797 }, // u
    { 20, 19, 304, 0, 19, 95, 7878 }, // v
    { 29, 19, 456, 0, 19, 138, 7973 }, // w
    { 20, 19, 308, 0, 19, 95, 8111 }, // x
    { 20, 27, 304, -1, 19, 135, 8206 }, // y
    { 14, 19, 263, 1, 19, 67, 8341 }, // z
    { 11, 30, 210, 1, 24, 83, 8408 }, // {
    { 4, 34, 294, 7, 26, 34, 8491 }, // |
    { 12, 30, 210, 1, 24, 90, 8525 }, // }
    { 16, 7, 305, 1, 15, 28, 8615 }, // ~
    { 0, 0, 139, 0, 0, 0, 0 }, // U+00A0
    { 6, 25, 153, 2, 19, 38, 0 }, // U+00A1
    { 15, 24, 305, 2, 24, 90, 38 }, // U+00A2
    { 17, 24, 305, 1, 24, 102, 128 }, // U+00A3
    { 17, 18, 303, 1, 21, 77, 230 }, // U+00A4
    { 21, 24, 305, -1, 24, 126, 307 }, // U+00A5
    { 4, 34, 294, 7, 26, 34, 433 }, // U+00A6
    { 13, 26, 259, 2, 26, 85, 467 }, // U+00A7
    { 12, 4, 316, 4, 25, 12, 552 }, // U+00A8
    { 25, 26, 444, 2, 26, 163, 564 }, // U+00A9
    { 11, 12, 203, 1, 25, 33, 727 }, // U+00AA
    { 19, 17, 327, 1, 18, 81, 760 }, // U+00AB
    { 17, 10, 305, 1, 14, 43, 841 }, // U+00AC
    { 9, 4, 171, 1, 11, 9, 884 }, // U+00AD
    { 25, 26, 444, 2, 26, 163, 893 }, // U+00AE
    { 17, 4, 267, 0, 30, 17, 1056 }, // U+00AF
    { 11, 11, 226, 1, 24, 31, 1073 }, // U+00B0
    { 16, 22, 305, 1, 22, 88, 1104 }, // U+00B1
    { 12, 15, 202, 0, 29, 45, 1192 }, // U+00B2
    { 13, 15, 203, 0, 29, 49, 1237 }, // U+00B3
    { 10, 6, 195, 1, 27, 15, 1286 }, // U+00B4
    { 17, 27, 348, 2, 19, 115, 1301 }, // U+00B5
    { 17, 30, 346, 2, 26, 128, 1416 }, // U+00B6
    { 6, 6, 150, 2, 15, 9, 1544 }, // U+00B7
    { 8, 8, 140, 1, 0, 16, 1553 }, // U+00B8
    { 10, 14, 203, 1, 28, 35, 1569 }, // U+00B9
    { 11, 12, 206, 1, 24, 33, 1604 }, // U+00BA
    { 19, 17, 327, 1, 18, 81, 1637 }, // U+00BB
    { 27, 25, 443, 0, 25, 169, 1718 }, // U+00BC
    { 28, 25, 466, 0, 25, 175, 1887 }, // U+00BD
    { 27, 25, 451, 1, 25, 169, 2062 }, // U+00BE
    { 15, 25, 254, 1, 19, 94, 2231 }, // U+00BF
    { 24, 32, 369, 0, 32, 192, 2325 }, // U+00C0
    { 24, 32, 369, 0, 32, 192, 2517 }, // U+00C1
    { 24, 32, 369, 0, 32, 192, 2709 }, // U+00C2
    { 24, 32, 369, 0, 32, 192, 2901 }, // U+00C3
    { 24, 31, 369, 0, 31, 186, 3093 }, // U+00C4
    { 24, 30, 369, -1, 30, 180, 3279 }, // U+00C5
    { 30, 24, 508, 0, 24, 180, 3459 }, // U+00C6
    { 19, 32, 342, 2, 24, 152, 3639 }, // U+00C7
    { 14, 32, 299, 3, 32, 112, 3791 }, // U+00C8
    { 14, 32, 299, 3, 32, 112, 3903 }, // U+00C9
    { 14, 32, 299, 3, 32, 112, 4015 }, // U+00CA
    { 14, 31, 299, 3, 31, 109, 4127 }, // U+00CB
    { 12, 32, 207, 0, 32, 96, 4236 }, // U+00CC
    { 12, 32, 207, 1, 32, 96, 4332 }, // U+00CD
    { 15, 32, 207, -1, 32, 120, 4428 }, // U+00CE
    { 12, 31, 207, 1, 31, 93, 4548 }, // U+00CF
    { 22, 24, 390, 1, 24, 132, 4641 }, // U+00D0
    { 21, 32, 429, 3, 32, 168, 4773 }, // U+00D1
    { 23, 33, 422, 2, 33, 190, 4941 }, // U+00D2
    { 23, 33, 422, 2, 33, 190, 5131 }, // U+00D3
    { 23, 33, 422, 2, 33, 190, 5321 }, // U+00D4
    { 23, 32, 422, 2, 32, 184, 5511 }, // U+00D5
    { 23, 32, 422, 2, 32, 184, 5695 }, // U+00D6
    { 15, 16, 305, 2, 20, 60, 5879 }, // U+00D7
    { 23, 27, 422, 2, 25, 156, 5939 }, // U+00D8
    { 20, 33, 403, 3, 33, 165, 6095 }, // U+00D9
    { 20, 33, 403, 3, 33, 165, 6260 }, // U+00DA
    { 20, 33, 403, 3, 33, 165, 6425 }, // U+00DB
    { 20, 32, 403, 3, 32, 160, 6590 }, // U+00DC
    { 21, 32, 334, 0, 32, 168, 6750 }, // U+00DD
    { 17, 24, 335, 3, 24, 102, 6918 }, // U+00DE
    { 20, 26, 375, 2, 26, 130, 7020 }, // U+00DF
    { 17, 26, 319, 1, 26, 111, 7150 }, // U+00E0
    { 17, 26, 319, 1, 26, 111, 7261 }, // U+00E1
    { 17, 26, 319, 1, 26, 111, 7372 }, // U+00E2
    { 17, 26, 319, 1, 26, 111, 7483 }, // U+00E3
    { 17, 26, 319, 1, 26, 111, 7594 }, // U+00E4
    { 17, 29, 319, 1, 29, 124, 7705 }, // U+00E5
    { 28, 19, 489, 1, 19, 133, 7829 }, // U+00E6
    { 15, 27, 275, 2, 19, 102, 7962 }, // U+00E7
    { 17, 26, 318, 2, 26, 111, 8064 }, // U+00E8
    { 17, 26, 318, 2, 26, 111, 8175 }, // U+00E9
    { 17, 26, 318, 2, 26, 111, 8286 }, // U+00EA
    { 17, 26, 318, 2, 26, 111, 8397 }, // U+00EB
    { 10, 26, 159, -1, 26, 65, 8508 }, // U+00EC
    { 11, 26, 159, 1, 26, 72, 8573 }, // U+00ED
    { 15, 26, 159, -3, 26, 98, 8645 }, // U+00EE
    { 12, 26, 159, -1, 26, 78, 8743 }, // U+00EF
    { 18, 27, 334, 2, 27, 122, 8821 }, // U+00F0
    { 17, 26, 347, 2, 26, 111, 8943 }, // U+00F1
    { 18, 26, 333, 2, 26, 117, 9054 }, // U+00F2
    { 18, 26, 333, 2, 26, 117, 9171 }, // U+00F3
    { 18, 26, 333, 2, 26, 117, 9288 }, // U+00F4
    { 18, 26, 333, 2, 26, 117, 9405 }, // U+00F5
    { 18, 26, 333, 2, 26, 117, 9522 }, // U+00F6
    { 16, 17, 305, 1, 21, 68, 9639 }, // U+00F7
    { 18, 21, 330, 1, 20, 95, 9707 }, // U+00F8
    { 17, 26, 347, 2, 26, 111, 9802 }, // U+00F9
    { 17, 26, 347, 2, 26, 111, 9913 }, // U+00FA
    { 17, 26, 347, 2, 26, 111, 10024 }, // U+00FB
    { 17, 26, 347, 2, 26, 111, 10135 }, // U+00FC
    { 20, 34, 304, -1, 26, 170, 10246 }, // U+00FD
    { 17, 34, 337, 2, 26, 145, 10416 }, // U+00FE
    { 20, 34, 304, 0, 26, 170, 10561 }, // U+00FF
    { 24, 30, 369, 0, 30, 180, 0 }, // U+0100
    { 17, 24, 319, 1, 24, 102, 180 }, // U+0101
    { 24, 32, 369, 0, 32, 192, 282 }, // U+0102
    { 17, 26, 319, 1, 26, 111, 474 }, // U+0103
    { 25, 32, 369, -1, 24, 200, 585 }, // U+0104
    { 17, 27, 319, 1, 19, 115, 785 }, // U+0105
    { 19, 33, 342, 2, 33, 157, 900 }, // U+0106
    { 15, 26, 275, 2, 26, 98, 1057 }, // U+0107
    { 19, 33, 342, 2, 33, 157, 1155 }, // U+0108
    { 15, 26, 275, 2, 26, 98, 1312 }, // U+0109
    { 19, 32, 342, 2, 32, 152, 1410 }, // U+010A
    { 15, 26, 275, 2, 26, 98, 1562 }, // U+010B
    { 19, 33, 342, 2, 33, 157, 1660 }, // U+010C
    { 16, 26, 275, 2, 26, 104, 1817 }, // U+010D
    { 20, 32, 390, 3, 32, 160, 1921 }, // U+010E
    { 25, 26, 337, 2, 26, 163, 2081 }, // U+010F
    { 22, 24, 390, 1, 24, 132, 2244 }, // U+0110
    { 20, 26, 344, 2, 26, 130, 2376 }, // U+0111
    { 14, 30, 299, 3, 30, 105, 2506 }, // U+0112
    { 17, 24, 318, 2, 24, 102, 2611 }, // U+0113
    { 14, 32, 299, 3, 32, 112, 2713 }, // U+0114
    { 17, 26, 318, 2, 26, 111, 2825 }, // U+0115
    { 14, 32, 299, 3, 32, 112, 2936 }, // U+0116
    { 17, 26, 318, 2, 26, 111, 3048 }, // U+0117
    { 14, 32, 299, 3, 24, 112, 3159 }, // U+0118
    { 17, 27, 315, 2, 19, 115, 3271 }, // U+0119
    { 15, 32, 299, 3, 32, 120, 3386 }, // U+011A
    { 17, 26, 318, 2, 26, 111, 3506 }, // U+011B
    { 20, 33, 386, 2, 33, 165, 3617 }, // U+011C
    { 18, 34, 337, 2, 26, 153, 3782 }, // U+011D
    { 20, 33, 386, 2, 33, 165, 3935 }, // U+011E
    { 18, 34, 337, 2, 26, 153, 4100 }, // U+011F
    { 20, 32, 386, 2, 32, 160, 4253 }, // U+0120
    { 18, 34, 337, 2, 26, 153, 4413 }, // U+0121
    { 20, 31, 386, 2, 24, 155, 4566 }, // U+0122
    { 18, 34, 337, 2, 26, 153, 4721 }, // U+0123
    { 20, 32, 408, 3, 32, 160, 4874 }, // U+0124
    { 22, 34, 347, -3, 34, 187, 5034 }, // U+0125
    { 26, 24, 408, 0, 24, 156, 5221 }, // U+0126
    { 20, 26, 350, 1, 26, 130, 5377 }, // U+0127
    { 15, 32, 207, -2, 32, 120, 5507 }, // U+0128
    { 15, 26, 159, -3, 26, 98, 5627 }, // U+0129
    { 11, 30, 207, 1, 30, 83, 5725 }, // U+012A
    { 11, 24, 159, 0, 24, 66, 5808 }, // U+012B
    { 13, 32, 207, 1, 32, 104, 5874 }, // U+012C
    { 13, 26, 159, -1, 26, 85, 5978 }, // U+012D
    { 11, 32, 207, 1, 24, 88, 6063 }, // U+012E
    { 7, 34, 159, 1, 26, 60, 6151 }, // U+012F
    { 11, 32, 207, 1, 32, 88, 6211 }, // U+0130
    { 6, 19, 159, 2, 19, 29, 6299 }, // U+0131
    { 21, 31, 385, 1, 24, 163, 6328 }, // U+0132
    { 16, 34, 325, 2, 26, 136, 6491 }, // U+0133
    { 16, 39, 177, -3, 32, 156, 6627 }, // U+0134
    { 14, 34, 159, -2, 26, 119, 6783 }, // U+0135
    { 20, 31, 352, 3, 24, 155, 6902 }, // U+0136
    { 19, 33, 331, 3, 26, 157, 7057 }, // U+0137
    { 19, 19, 331, 3, 19, 91, 7214 }, // U+0138
    { 16, 32, 298, 2, 32, 128, 7305 }, // U+0139
    { 11, 34, 159, 1, 34, 94, 7433 }, // U+013A
    { 15, 31, 298, 3, 24, 117, 7527 }, // U+013B
    { 7, 33, 159, 1, 26, 58, 7644 }, // U+013C
    { 16, 24, 298, 3, 24, 96, 7702 }, // U+013D
    { 13, 26, 159, 2, 26, 85, 7798 }, // U+013E
    { 15, 24, 298, 3, 24, 90, 7883 }, // U+013F
    { 12, 26, 197, 2, 26, 78, 7973 }, // U+0140
    { 18, 24, 301, 0, 24, 108, 8051 }, // U+0141
    { 12, 26, 163, 0, 26, 78, 8159 }, // U+0142
    { 21, 32, 429, 3, 32, 168, 8237 }, // U+0143
    { 17, 26, 347, 2, 26, 111, 8405 }, // U+0144
    { 21, 31, 429, 3, 24, 163, 8516 }, // U+0145
    { 17, 26, 347, 2, 19, 111, 8679 }, // U+0146
    { 21, 32, 429, 3, 32, 168, 8790 }, // U+0147
    { 17, 26, 347, 2, 26, 111, 8958 }, // U+0148
    { 24, 24, 413, 0, 24, 144, 9069 }, // U+0149
    { 21, 31, 434, 3, 24, 163, 9213 }, // U+014A
    { 17, 27, 347, 2, 19, 115, 9376 }, // U+014B
    { 23, 30, 422, 2, 30, 173, 9491 }, // U+014C
    { 18, 24, 333, 2, 24, 108, 9664 }, // U+014D
    { 23, 33, 422, 2, 33, 190, 9772 }, // U+014E
    { 18, 26, 333, 2, 26, 117, 9962 }, // U+014F
    { 23, 32, 422, 2, 32, 184, 10079 }, // U+0150
    { 18, 26, 333, 2, 26, 117, 10263 }, // U+0151
    { 29, 24, 519, 2, 24, 174, 10380 }, // U+0152
    { 30, 19, 522, 1, 19, 143, 10554 }, // U+0153
    { 20, 32, 350, 3, 32, 160, 10697 }, // U+0154
    { 13, 26, 238, 2, 26, 85, 10857 }, // U+0155
    { 20, 31, 350, 3, 24, 155, 10942 }, // U+0156
    { 14, 26, 238, 1, 19, 91, 11097 }, // U+0157
    { 20, 32, 350, 3, 32, 160, 11188 }, // U+0158
    { 15, 26, 238, 1, 26, 98, 11348 }, // U+0159
    { 17, 33, 294, 1, 33, 141, 11446 }, // U+015A
    { 14, 26, 268, 2, 26, 91, 11587 }, // U+015B
    { 17, 33, 294, 1, 33, 141, 11678 }, // U+015C
    { 15, 26, 268, 1, 26, 98, 11819 }, // U+015D
    { 17, 32, 294, 1, 24, 136, 11917 }, // U+015E
    { 14, 27, 268, 2, 19, 95, 12053 }, // U+015F
    { 17, 33, 294, 1, 33, 141, 12148 }, // U+0160
    { 16, 26, 268, 1, 26, 104, 12289 }, // U+0161
    { 18, 32, 308, 1, 24, 144, 12393 }, // U+0162
    { 13, 31, 231, 1, 23, 101, 12537 }, // U+0163
    { 18, 32, 308, 1, 32, 144, 12638 }, // U+0164
    { 19, 26, 231, 1, 26, 124, 12782 }, // U+0165
    { 18, 24, 308, 1, 24, 108, 12906 }, // U+0166
    { 13, 23, 231, 1, 23, 75, 13014 }, // U+0167
    { 20, 32, 403, 3, 32, 160, 13089 }, // U+0168
    { 17, 26, 347, 2, 26, 111, 13249 }, // U+0169
    { 20, 30, 403, 3, 30, 150, 13360 }, // U+016A
    { 17, 24, 347, 2, 24, 102, 13510 }, // U+016B
    { 20, 33, 403, 3, 33, 165, 13612 }, // U+016C
    { 17, 26, 347, 2, 26, 111, 13777 }, // U+016D
    { 20, 35, 403, 3, 35, 175, 13888 }, // U+016E
    { 17, 29, 347, 2, 29, 124, 14063 }, // U+016F
    { 20, 32, 403, 3, 32, 160, 14187 }, // U+0170
    { 17, 26, 347, 2, 26, 111, 14347 }, // U+0171
    { 20, 32, 403, 3, 24, 160, 14458 }, // U+0172
    { 17, 27, 347, 2, 19, 115, 14618 }, // U+0173
    { 33, 32, 516, 0, 32, 264, 14733 }, // U+0174
    { 29, 26, 460, 0, 26, 189, 14997 }, // U+0175
    { 21, 32, 334, 0, 32, 168, 15186 }, // U+0176
    { 20, 34, 304, -1, 26, 170, 15354 }, // U+0177
    { 22, 31, 334, 0, 31, 171, 15524 }, // U+0178
    { 18, 32, 309, 1, 32, 144, 15695 }, // U+0179
    { 14, 26, 263, 1, 26, 91, 15839 }, // U+017A
    { 18, 32, 309, 1, 32, 144, 15930 }, // U+017B
    { 14, 26, 263, 1, 26, 91, 16074 }, // U+017C
    { 18, 32, 309, 1, 32, 144, 16165 }, // U+017D
    { 15, 26, 263, 1, 26, 98, 16309 }, // U+017E
    { 12, 26, 204, 3, 26, 78, 16407 }, // U+017F
    { 27, 26, 438, 2, 26, 176, 0 }, // U+01A0
    { 23, 22, 363, 2, 22, 127, 176 }, // U+01A1
    { 28, 26, 472, 3, 26, 182, 303 }, // U+01AF
    { 25, 22, 404, 2, 22, 138, 485 }, // U+01B0
    { 40, 32, 698, 3, 32, 320, 623 }, // U+01C4
    { 38, 26, 653, 3, 26, 247, 943 }, // U+01C5
    { 36, 26, 600, 2, 26, 234, 1190 }, // U+01C6
    { 25, 31, 478, 3, 24, 194, 1424 }, // U+01C7
    { 24, 34, 464, 3, 26, 204, 1618 }, // U+01C8
    { 16, 34, 325, 2, 26, 136, 1822 }, // U+01C9
    { 33, 31, 610, 3, 24, 256, 1958 }, // U+01CA
    { 32, 34, 596, 3, 26, 272, 2214 }, // U+01CB
    { 27, 34, 513, 2, 26, 230, 2486 }, // U+01CC
    { 24, 32, 369, 0, 32, 192, 2716 }, // U+01CD
    { 17, 26, 319, 1, 26, 111, 2908 }, // U+01CE
    { 15, 32, 207, -1, 32, 120, 3019 }, // U+01CF
    { 16, 26, 159, -3, 26, 104, 3139 }, // U+01D0
    { 23, 33, 422, 2, 33, 190, 3243 }, // U+01D1
    { 18, 26, 333, 2, 26, 117, 3433 }, // U+01D2
    { 20, 33, 403, 3, 33, 165, 3550 }, // U+01D3
    { 17, 26, 347, 2, 26, 111, 3715 }, // U+01D4
    { 20, 35, 403, 3, 35, 175, 3826 }, // U+01D5
    { 17, 29, 347, 2, 29, 124, 4001 }, // U+01D6
    { 20, 36, 403, 3, 36, 180, 4125 }, // U+01D7
    { 17, 30, 347, 2, 30, 128, 4305 }, // U+01D8
    { 20, 36, 403, 3, 36, 180, 4433 }, // U+01D9
    { 17, 31, 347, 2, 31, 132, 4613 }, // U+01DA
    { 20, 36, 403, 3, 36, 180, 4745 }, // U+01DB
    { 17, 30, 347, 2, 30, 128, 4925 }, // U+01DC
    { 17, 19, 318, 2, 19, 81, 5053 }, // U+01DD
    { 24, 35, 369, -1, 35, 210, 5134 }, // U+01DE
    { 17, 29, 319, 1, 29, 124, 5344 }, // U+01DF
    { 24, 35, 369, 0, 35, 210, 5468 }, // U+01E0
    { 17, 30, 319, 1, 30, 128, 5678 }, // U+01E1
    { 31, 30, 508, -1, 30, 233, 5806 }, // U+01E2
    { 28, 24, 489, 1, 24, 168, 6039 }, // U+01E3
    { 22, 24, 386, 2, 24, 132, 6207 }, // U+01E4
    { 19, 27, 339, 1, 19, 129, 6339 }, // U+01E5
    { 20, 33, 386, 2, 33, 165, 6468 }, // U+01E6
    { 18, 34, 337, 2, 26, 153, 6633 }, // U+01E7
    { 20, 32, 352, 3, 32, 160, 6786 }, // U+01E8
    { 24, 34, 331, -2, 34, 204, 6946 }, // U+01E9
    { 23, 32, 422, 2, 24, 184, 7150 }, // U+01EA
    { 18, 27, 333, 2, 19, 122, 7334 }, // U+01EB
    { 23, 38, 422, 2, 30, 219, 7456 }, // U+01EC
    { 18, 32, 333, 2, 24, 144, 7675 }, // U+01ED
    { 18, 33, 315, 1, 33, 149, 7819 }, // U+01EE
    { 18, 34, 310, 0, 26, 153, 7968 }, // U+01EF
    { 15, 34, 159, -2, 26, 128, 8121 }, // U+01F0
    { 40, 24, 698, 3, 24, 240, 8249 }, // U+01F1
    { 37, 24, 653, 3, 24, 222, 8489 }, // U+01F2
    { 35, 26, 600, 2, 26, 228, 8711 }, // U+01F3
    { 20, 33, 386, 2, 33, 165, 8939 }, // U+01F4
    { 18, 34, 337, 2, 26, 153, 9104 }, // U+01F5
    { 30, 24, 559, 3, 24, 180, 9257 }, // U+01F6
    { 18, 32, 360, 3, 24, 144, 9437 }, // U+01F7
    { 21, 32, 429, 3, 32, 168, 9581 }, // U+01F8
    { 17, 26, 347, 2, 26, 111, 9749 }, // U+01F9
    { 24, 33, 368, -1, 33, 198, 9860 }, // U+01FA
    { 17, 33, 319, 1, 33, 141, 10058 }, // U+01FB
    { 30, 32, 508, 0, 32, 240, 10199 }, // U+01FC
    { 28, 26, 489, 1, 26, 182, 10439 }, // U+01FD
    { 23, 35, 422, 2, 33, 202, 10621 }, // U+01FE
    { 18, 27, 330, 1, 26, 122, 10823 }, // U+01FF
    { 24, 32, 369, 0, 32, 192, 10945 }, // U+0200
    { 18, 26, 319, 0, 26, 117, 11137 }, // U+0201
    { 25, 32, 369, -1, 32, 200, 11254 }, // U+0202
    { 17, 26, 319, 1, 26, 111, 11454 }, // U+0203
    { 16, 32, 299, 1, 32, 128, 11565 }, // U+0204
    { 18, 26, 318, 1, 26, 117, 11693 }, // U+0205
    { 14, 32, 299, 3, 32, 112, 11810 }, // U+0206
    { 18, 26, 318, 2, 26, 117, 11922 }, // U+0207
    { 15, 32, 207, -3, 32, 120, 12039 }, // U+0208
    { 15, 26, 159, -5, 26, 98, 12159 }, // U+0209
    { 13, 32, 207, 0, 32, 104, 12257 }, // U+020A
    { 13, 26, 159, -2, 26, 85, 12361 }, // U+020B
    { 23, 32, 422, 2, 32, 184, 12446 }, // U+020C
    { 18, 26, 333, 2, 26, 117, 12630 }, // U+020D
    { 23, 33, 422, 2, 33, 190, 12747 }, // U+020E
    { 18, 26, 333, 2, 26, 117, 12937 }, // U+020F
    { 21, 32, 350, 2, 32, 168, 13054 }, // U+0210
    { 17, 26, 238, -2, 26, 111, 13222 }, // U+0211
    { 20, 32, 350, 3, 32, 160, 13333 }, // U+0212
    { 13, 26, 238, 1, 26, 85, 13493 }, // U+0213
    { 20, 32, 403, 3, 32, 160, 13578 }, // U+0214
    { 18, 26, 347, 1, 26, 117, 13738 }, // U+0215
    { 20, 33, 403, 3, 33, 165, 13855 }, // U+0216
    { 17, 26, 347, 2, 26, 111, 14020 }, // U+0217
    { 17, 31, 294, 1, 24, 132, 14131 }, // U+0218
    { 14, 26, 268, 2, 19, 91, 14263 }, // U+0219
    { 18, 31, 308, 1, 24, 140, 14354 }, // U+021A
    { 13, 30, 231, 1, 23, 98, 14494 }, // U+021B
    { 19, 31, 335, 1, 24, 148, 14592 }, // U+021C
    { 16, 28, 270, 0, 19, 112, 14740 }, // U+021D
    { 20, 32, 408, 3, 32, 160, 14852 }, // U+021E
    { 22, 34, 347, -3, 34, 187, 15012 }, // U+021F
    { 10, 6, 0, -18, 27, 15, 0 }, // U+0300
    { 11, 6, 0, -13, 27, 17, 15 }, // U+0301
    { 14, 6, 0, -7, 27, 21, 32 }, // U+0302
    { 15, 5, 0, -19, 26, 19, 53 }, // U+0303
    { 11, 4, 0, -5, 25, 11, 72 }, // U+0304
    { 14, 4, 0, -7, 29, 14, 83 }, // U+0305
    { 13, 6, 0, -6, 27, 20, 97 }, // U+0306
    { 6, 5, 0, -3, 26, 8, 117 }, // U+0307
    { 12, 4, 0, -6, 25, 12, 125 }, // U+0308
    { 8, 8, 0, -14, 29, 16, 137 }, // U+0309
    { 8, 8, 0, -4, 29, 16, 153 }, // U+030A
    { 16, 5, 0, -6, 26, 20, 169 }, // U+030B
    { 15, 6, 0, -7, 27, 23, 189 }, // U+030C
    { 3, 6, 0, -2, 26, 5, 212 }, // U+030D
    { 9, 6, 0, -4, 26, 14, 217 }, // U+030E
    { 14, 5, 0, -19, 26, 18, 231 }, // U+030F
    { 12, 8, 0, -6, 29, 24, 249 }, // U+0310
    { 13, 6, 0, -6, 27, 20, 273 }, // U+0311
    { 8, 8, 0, -4, 24, 16, 293 }, // U+0312
    { 8, 8, 0, -4, 24, 16, 309 }, // U+0313
    { 8, 8, 0, -4, 24, 16, 325 }, // U+0314
    { 8, 8, 0, -4, 24, 16, 341 }, // U+0315
    { 11, 6, 0, -6, -1, 17, 357 }, // U+0316
    { 10, 6, 0, -5, -1, 15, 374 }, // U+0317
    { 7, 7, 0, -3, 0, 13, 389 }, // U+0318
    { 6, 7, 0, -3, 0, 11, 402 }, // U+0319
    { 9, 9, 160, 1, 27, 21, 413 }, // U+031A
    { 9, 8, 0, -3, 26, 18, 434 }, // U+031B
    { 4, 8, 0, -2, 0, 8, 452 }, // U+031C
    { 7, 6, 0, -3, -1, 11, 460 }, // U+031D
    { 7, 7, 0, -3, -1, 13, 471 }, // U+031E
    { 7, 7, 0, -3, -1, 13, 484 }, // U+031F
    { 7, 3, 0, -3, -3, 6, 497 }, // U+0320
    { 8, 10, 0, -8, 2, 20, 503 }, // U+0321
    { 8, 10, 0, 0, 2, 20, 523 }, // U+0322
    { 6, 5, 0, -14, -2, 8, 543 }, // U+0323
    { 12, 4, 0, -6, -3, 12, 551 }, // U+0324
    { 8, 8, 0, -4, 0, 16, 563 }, // U+0325
    { 6, 5, 0, -3, -3, 8, 579 }, // U+0326
    { 8, 8, 0, -4, 0, 16, 587 }, // U+0327
    { 7, 9, 0, -3, 1, 16, 603 }, // U+0328
    { 3, 6, 0, -2, -1, 5, 619 }, // U+0329
    { 12, 7, 0, -6, -1, 21, 624 }, // U+032A
    { 13, 4, 0, -6, -2, 13, 645 }, // U+032B
    { 15, 6, 0, -7, -1, 23, 658 }, // U+032C
    { 14, 6, 0, -7, -1, 21, 681 }, // U+032D
    { 13, 6, 0, -6, -1, 20, 702 }, // U+032E
    { 13, 6, 0, -6, -1, 20, 722 }, // U+032F
    { 14, 5, 0, -7, -2, 18, 742 }, // U+0330
    { 11, 4, 0, -5, -2, 11, 760 }, // U+0331
    { 16, 3, 0, -8, -2, 12, 771 }, // U+0332
    { 14, 7, 0, -8, -1, 25, 783 }, // U+0333
    { 15, 5, 0, -7, 12, 19, 808 }, // U+0334
    { 14, 4, 0, -7, 12, 14, 827 }, // U+0335
    { 24, 4, 0, -12, 12, 24, 841 }, // U+0336
    { 12, 11, 0, -6, 15, 33, 865 }, // U+0337
    { 14, 28, 0, -7, 26, 98, 898 }, // U+0338
    { 5, 8, 0, -2, 0, 10, 996 }, // U+0339
    { 12, 6, 0, -6, -1, 18, 1006 }, // U+033A
    { 13, 7, 0, -6, -1, 23, 1024 }, // U+033B
    { 13, 4, 0, -6, -2, 13, 1047 }, // U+033C
    { 8, 8, 0, -4, 27, 16, 1060 }, // U+033D
    { 5, 10, 0, -2, 30, 13, 1076 }, // U+033E
    { 14, 7, 0, -8, 33, 25, 1089 }, // U+033F
    { 11, 6, 0, -8, 27, 17, 1114 }, // U+0340
    { 10, 6, 0, -2, 27, 15, 1131 }, // U+0341
    { 14, 5, 0, -7, 26, 18, 1146 }, // U+0342
    { 5, 7, 0, -3, 27, 9, 1164 }, // U+0343
    { 17, 6, 0, -7, 27, 26, 1173 }, // U+0344
    { 6, 6, 0, -1, -2, 9, 1199 }, // U+0345
    { 15, 7, 0, -7, 27, 27, 1208 }, // U+0346
    { 14, 7, 0, -8, -1, 25, 1235 }, // U+0347
    { 9, 6, 0, -4, -1, 14, 1260 }, // U+0348
    { 7, 7, 0, -3, -1, 13, 1274 }, // U+0349
    { 14, 8, 0, -7, 27, 28, 1287 }, // U+034A
    { 13, 13, 0, -7, 32, 43, 1315 }, // U+034B
    { 12, 9, 0, -6, 30, 27, 1358 }, // U+034C
    { 13, 8, 0, -7, 0, 26, 1385 }, // U+034D
    { 7, 8, 0, -3, 0, 14, 1411 }, // U+034E
    { 24, 24, 0, -12, 24, 144, 1425 }, // U+034F
    { 6, 7, 0, -3, 27, 11, 1569 }, // U+0350
    { 4, 8, 0, -2, 28, 8, 1580 }, // U+0351
    { 12, 8, 0, -6, 29, 24, 1588 }, // U+0352
    { 8, 7, 0, -4, -1, 14, 1612 }, // U+0353
    { 6, 7, 0, -3, -1, 11, 1626 }, // U+0354
    { 6, 7, 0, -3, -1, 11, 1637 }, // U+0355
    { 13, 7, 0, -6, -1, 23, 1648 }, // U+0356
    { 5, 8, 0, -2, 28, 10, 1671 }, // U+0357
    { 6, 5, 0, 3, 26, 8, 1681 }, // U+0358
    { 8, 7, 0, -4, -1, 14, 1689 }, // U+0359
    { 13, 7, 0, -6, -1, 23, 1703 }, // U+035A
    { 8, 7, 0, -4, 27, 14, 1726 }, // U+035B
    { 28, 7, 0, -14, -1, 49, 1740 }, // U+035C
    { 28, 7, 0, -14, 27, 49, 1789 }, // U+035D
    { 20, 3, 0, -10, 24, 15, 1838 }, // U+035E
    { 20, 3, 0, -10, -2, 15, 1853 }, // U+035F
    { 28, 6, 0, -14, 27, 42, 1868 }, // U+0360
    { 28, 8, 0, -14, 30, 56, 1910 }, // U+0361
    { 27, 8, 0, -12, -1, 54, 1966 }, // U+0362
    { 8, 8, 0, -3, 29, 16, 2020 }, // U+0363
    { 8, 9, 0, -3, 30, 18, 2036 }, // U+0364
    { 3, 10, 0, -1, 31, 8, 2054 }, // U+0365
    { 8, 8, 0, -4, 29, 16, 2062 }, // U+0366
    { 8, 7, 0, -3, 28, 14, 2078 }, // U+0367
    { 7, 8, 0, -3, 29, 14, 2092 }, // U+0368
    { 8, 11, 0, -4, 32, 22, 2106 }, // U+0369
    { 8, 10, 0, -3, 31, 20, 2128 }, // U+036A
    { 13, 8, 0, -6, 29, 26, 2148 }, // U+036B
    { 6, 8, 0, -2, 29, 12, 2174 }, // U+036C
    { 6, 9, 0, -2, 30, 14, 2186 }, // U+036D
    { 9, 8, 0, -4, 29, 18, 2200 }, // U+036E
    { 10, 7, 0, -5, 28, 18, 2218 }, // U+036F
    { 14, 32, 299, 3, 32, 112, 0 }, // U+0400
    { 14, 32, 299, 3, 32, 112, 112 }, // U+0401
    { 24, 24, 408, 1, 24, 144, 224 }, // U+0402
    { 15, 32, 300, 3, 32, 120, 368 }, // U+0403
    { 19, 24, 347, 2, 24, 114, 488 }, // U+0404
    { 17, 24, 292, 1, 24, 102, 602 }, // U+0405
    { 6, 24, 172, 3, 24, 36, 704 }, // U+0406
    { 10, 32, 177, 1, 32, 80, 740 }, // U+0407
    { 12, 31, 177, -3, 24, 93, 820 }, // U+0408
    { 33, 24, 551, 1, 24, 198, 913 }, // U+0409
    { 31, 24, 567, 3, 24, 186, 1111 }, // U+040A
    { 24, 24, 415, 1, 24, 144, 1297 }, // U+040B
    { 20, 32, 365, 3, 32, 160, 1441 }, // U+040C
    { 21, 32, 422, 3, 32, 168, 1601 }, // U+040D
    { 22, 32, 344, 0, 32, 176, 1769 }, // U+040E
    { 20, 29, 408, 3, 24, 145, 1945 }, // U+040F
    { 24, 24, 369, 0, 24, 144, 2090 }, // U+0410
    { 17, 24, 346, 3, 24, 102, 2234 }, // U+0411
    { 18, 24, 353, 3, 24, 108, 2336 }, // U+0412
    { 15, 24, 300, 3, 24, 90, 2444 }, // U+0413
    { 26, 30, 414, 1, 24, 195, 2534 }, // U+0414
    { 14, 24, 299, 3, 24, 84, 2729 }, // U+0415
    { 33, 24, 532, 0, 24, 198, 2813 }, // U+0416
    { 18, 24, 316, 1, 24, 108, 3011 }, // U+0417
    { 21, 24, 422, 3, 24, 126, 3119 }, // U+0418
    { 21, 32, 422, 3, 32, 168, 3245 }, // U+0419
    { 20, 24, 370, 3, 24, 120, 3413 }, // U+041A
    { 22, 24, 391, 1, 24, 132, 3533 }, // U+041B
    { 27, 24, 503, 3, 24, 162, 3665 }, // U+041C
    { 20, 24, 411, 3, 24, 120, 3827 }, // U+041D
    { 23, 24, 414, 2, 24, 138, 3947 }, // U+041E
    { 20, 24, 406, 3, 24, 120, 4085 }, // U+041F
    { 17, 24, 332, 3, 24, 102, 4205 }, // U+0420
    { 19, 24, 344, 2, 24, 114, 4307 }, // U+0421
    { 18, 24, 308, 1, 24, 108, 4421 }, // U+0422
    { 22, 24, 344, 0, 24, 132, 4529 }, // U+0423
    { 27, 24, 481, 2, 24, 162, 4661 }, // U+0424
    { 24, 24, 356, -1, 24, 144, 4823 }, // U+0425
    { 23, 30, 414, 3, 24, 173, 4967 }, // U+0426
    { 19, 24, 383, 2, 24, 114, 5140 }, // U+0427
    { 30, 24, 569, 3, 24, 180, 5254 }, // U+0428
    { 33, 31, 573, 3, 24, 256, 5434 }, // U+0429
    { 23, 24, 402, 1, 24, 138, 5690 }, // U+042A
    { 25, 24, 491, 3, 24, 150, 5828 }, // U+042B
    { 17, 24, 344, 3, 24, 102, 5978 }, // U+042C
    { 20, 24, 350, 1, 24, 120, 6080 }, // U+042D
    { 29, 24, 542, 3, 24, 174, 6200 }, // U+042E
    { 20, 24, 363, 0, 24, 120, 6374 }, // U+042F
    { 17, 19, 318, 1, 19, 81, 6494 }, // U+0430
    { 18, 27, 333, 2, 27, 122, 6575 }, // U+0431
    { 17, 19, 318, 2, 19, 81, 6697 }, // U+0432
    { 13, 19, 253, 3, 19, 62, 6778 }, // U+0433
    { 21, 25, 340, 1, 19, 132, 6840 }, // U+0434
    { 17, 19, 311, 1, 19, 81, 6972 }, // U+0435
    { 30, 19, 462, -1, 19, 143, 7053 }, // U+0436
    { 16, 19, 275, 0, 19, 76, 7196 }, // U+0437
    { 18, 19, 359, 3, 19, 86, 7272 }, // U+0438
    { 18, 27, 359, 3, 27, 122, 7358 }, // U+0439
    { 18, 19, 328, 3, 19, 86, 7480 }, // U+043A
    { 19, 19, 332, 1, 19, 91, 7566 }, // U+043B
    { 23, 19, 446, 3, 19, 110, 7657 }, // U+043C
    { 17, 19, 350, 3, 19, 81, 7767 }, // U+043D
    { 18, 19, 331, 1, 19, 86, 7848 }, // U+043E
    { 17, 19, 347, 3, 19, 81, 7934 }, // U+043F
    { 17, 27, 339, 3, 19, 115, 8015 }, // U+0440
    { 16, 19, 279, 1, 19, 76, 8130 }, // U+0441
    { 16, 19, 269, 1, 19, 76, 8206 }, // U+0442
    { 21, 27, 304, -1, 19, 142, 8282 }, // U+0443
    { 25, 34, 432, 1, 26, 213, 8424 }, // U+0444
    { 20, 19, 308, 0, 19, 95, 8637 }, // U+0445
    { 19, 25, 347, 2, 19, 119, 8732 }, // U+0446
    { 17, 19, 340, 2, 19, 81, 8851 }, // U+0447
    { 27, 19, 508, 3, 19, 129, 8932 }, // U+0448
    { 29, 25, 509, 3, 19, 182, 9061 }, // U+0449
    { 21, 19, 358, 1, 19, 100, 9243 }, // U+044A
    { 24, 19, 455, 3, 19, 114, 9343 }, // U+044B
    { 16, 19, 315, 3, 19, 76, 9457 }, // U+044C
    { 17, 19, 279, 0, 19, 81, 9533 }, // U+044D
    { 25, 19, 454, 3, 19, 119, 9614 }, // U+044E
    { 18, 19, 323, 0, 19, 86, 9733 }, // U+044F
    { 17, 27, 311, 1, 27, 115, 9819 }, // U+0450
    { 17, 26, 311, 1, 26, 111, 9934 }, // U+0451
    { 20, 34, 348, 0, 26, 170, 10045 }, // U+0452
    { 13, 26, 256, 3, 26, 85, 10215 }, // U+0453
    { 16, 19, 279, 1, 19, 76, 10300 }, // U+0454
    { 14, 19, 266, 1, 19, 67, 10376 }, // U+0455
    { 6, 26, 164, 3, 26, 39, 10443 }, // U+0456
    { 9, 26, 159, 1, 26, 59, 10482 }, // U+0457
    { 10, 34, 159, -2, 26, 85, 10541 }, // U+0458
    { 29, 19, 478, 1, 19, 138, 10626 }, // U+0459
    { 27, 19, 494, 3, 19, 129, 10764 }, // U+045A
    { 20, 26, 348, 0, 26, 130, 10893 }, // U+045B
    { 18, 26, 328, 3, 26, 117, 11023 }, // U+045C
    { 18, 26, 359, 3, 26, 117, 11140 }, // U+045D
    { 21, 35, 304, -1, 27, 184, 11257 }, // U+045E
    { 17, 24, 347, 3, 19, 102, 11441 }, // U+045F
    { 31, 24, 508, 1, 24, 186, 11543 }, // U+0460
    { 28, 19, 472, 1, 19, 133, 11729 }, // U+0461
    { 21, 24, 359, 0, 24, 126, 11862 }, // U+0462
    { 21, 23, 355, 1, 23, 121, 11988 }, // U+0463
    { 28, 24, 507, 3, 24, 168, 12109 }, // U+0464
    { 24, 19, 428, 2, 19, 114, 12277 }, // U+0465
    { 24, 24, 389, 0, 24, 144, 12391 }, // U+0466
    { 22, 19, 341, 0, 19, 105, 12535 }, // U+0467
    { 30, 24, 536, 3, 24, 180, 12640 }, // U+0468
    { 28, 19, 481, 3, 19, 133, 12820 }, // U+0469
    { 27, 24, 429, 0, 24, 162, 12953 }, // U+046A
    { 22, 19, 332, 0, 19, 105, 13115 }, // U+046B
    { 33, 24, 572, 3, 24, 198, 13220 }, // U+046C
    { 27, 19, 469, 3, 19, 129, 13418 }, // U+046D
    { 19, 38, 337, 1, 30, 181, 13547 }, // U+046E
    { 18, 32, 296, 1, 24, 144, 13728 }, // U+046F
    { 24, 24, 470, 3, 24, 144, 13872 }, // U+0470
    { 24, 34, 449, 2, 26, 204, 14016 }, // U+0471
    { 23, 24, 422, 2, 24, 138, 14220 }, // U+0472
    { 18, 19, 330, 1, 19, 86, 14358 }, // U+0473
    { 24, 24, 382, 0, 24, 144, 14444 }, // U+0474
    { 21, 19, 323, -1, 19, 100, 14588 }, // U+0475
    { 24, 32, 382, 0, 32, 192, 14688 }, // U+0476
    { 21, 26, 323, -1, 26, 137, 14880 }, // U+0477
    { 43, 32, 703, 2, 24, 344, 15017 }, // U+0478
    { 38, 27, 627, 2, 19, 257, 15361 }, // U+0479
    { 24, 29, 443, 2, 27, 174, 15618 }, // U+047A
    { 20, 22, 365, 2, 20, 110, 15792 }, // U+047B
    { 33, 37, 580, 2, 37, 306, 15902 }, // U+047C
    { 29, 32, 511, 2, 32, 232, 16208 }, // U+047D
    { 31, 31, 510, 1, 31, 241, 16440 }, // U+047E
    { 28, 25, 472, 1, 25, 175, 16681 }, // U+047F
    { 20, 32, 361, 2, 24, 160, 16856 }, // U+0480
    { 15, 27, 279, 1, 19, 102, 17016 }, // U+0481
    { 18, 23, 325, 1, 22, 104, 17118 }, // U+0482
    { 13, 6, 0, -16, 25, 20, 17222 }, // U+0483
    { 13, 6, 0, -15, 27, 20, 17242 }, // U+0484
    { 5, 7, 0, -11, 27, 9, 17262 }, // U+0485
    { 5, 7, 0, -11, 27, 9, 17271 }, // U+0486
    { 13, 6, 0, -6, 32, 20, 17280 }, // U+0487
    { 38, 36, 0, -19, 28, 342, 17300 }, // U+0488
    { 37, 38, 0, -18, 28, 352, 17642 }, // U+0489
    { 27, 40, 488, 3, 33, 270, 17994 }, // U+048A
    { 24, 33, 428, 3, 27, 198, 18264 }, // U+048B
    { 19, 24, 340, 1, 24, 114, 18462 }, // U+048C
    { 20, 26, 327, 1, 26, 130, 18576 }, // U+048D
    { 17, 24, 335, 3, 24, 102, 18706 }, // U+048E
    { 17, 27, 338, 3, 19, 115, 18808 }, // U+048F
    { 16, 30, 308, 3, 30, 120, 18923 }, // U+0490
    { 15, 24, 273, 3, 24, 90, 19043 }, // U+0491
    { 17, 24, 298, 1, 24, 102, 19133 }, // U+0492
    { 16, 19, 262, 1, 19, 76, 19235 }, // U+0493
    { 20, 32, 391, 3, 24, 160, 19311 }, // U+0494
    { 16, 27, 321, 3, 19, 108, 19471 }, // U+0495
    { 35, 31, 549, -1, 24, 272, 19579 }, // U+0496
    { 33, 26, 499, -1, 19, 215, 19851 }, // U+0497
    { 17, 32, 316, 1, 24, 136, 20066 }, // U+0498
    { 16, 27, 275, 1, 19, 108, 20202 }, // U+0499
    { 22, 31, 403, 3, 24, 171, 20310 }, // U+049A
    { 19, 26, 351, 2, 19, 124, 20481 }, // U+049B
    { 20, 24, 357, 3, 24, 120, 20605 }, // U+049C
    { 19, 19, 330, 2, 19, 91, 20725 }, // U+049D
    { 22, 24, 370, 1, 24, 132, 20816 }, // U+049E
    { 21, 26, 334, 1, 26, 137, 20948 }, // U+049F
    { 26, 24, 391, 0, 24, 156, 21085 }, // U+04A0
    { 24, 19, 371, 0, 19, 114, 21241 }, // U+04A1
    { 24, 31, 448, 3, 24, 186, 21355 }, // U+04A2
    { 23, 25, 396, 3, 19, 144, 21541 }, // U+04A3
    { 25, 24, 445, 3, 24, 150, 21685 }, // U+04A4
    { 23, 19, 404, 3, 19, 110, 21835 }, // U+04A5
    { 33, 32, 600, 3, 24, 264, 21945 }, // U+04A6
    { 26, 27, 474, 3, 19, 176, 22209 }, // U+04A7
    { 23, 25, 414, 2, 24, 144, 22385 }, // U+04A8
    { 19, 20, 350, 1, 19, 95, 22529 }, // U+04A9
    { 19, 32, 342, 2, 24, 152, 22624 }, // U+04AA
    { 15, 27, 275, 2, 19, 102, 22776 }, // U+04AB
    { 18, 31, 309, 1, 24, 140, 22878 }, // U+04AC
    { 17, 25, 293, 1, 19, 107, 23018 }, // U+04AD
    { 21, 24, 334, 0, 24, 126, 23125 }, // U+04AE
    { 21, 27, 306, -1, 19, 142, 23251 }, // U+04AF
    { 21, 24, 334, 0, 24, 126, 23393 }, // U+04B0
    { 20, 27, 306, -1, 19, 135, 23519 }, // U+04B1
    { 26, 31, 396, -1, 24, 202, 23654 }, // U+04B2
    { 22, 26, 338, 0, 19, 143, 23856 }, // U+04B3
    { 30, 32, 496, 1, 24, 240, 23999 }, // U+04B4
    { 25, 27, 422, 1, 19, 169, 24239 }, // U+04B5
    { 24, 31, 429, 2, 24, 186, 24408 }, // U+04B6
    { 22, 25, 387, 2, 19, 138, 24594 }, // U+04B7
    { 20, 24, 392, 2, 24, 120, 24732 }, // U+04B8
    { 18, 19, 351, 2, 19, 86, 24852 }, // U+04B9
    { 20, 24, 392, 3, 24, 120, 24938 }, // U+04BA
    { 17, 26, 347, 2, 26, 111, 25058 }, // U+04BB
    { 29, 24, 506, 0, 24, 174, 25169 }, // U+04BC
    { 23, 19, 378, 0, 19, 110, 25343 }, // U+04BD
    { 29, 30, 506, 0, 24, 218, 25453 }, // U+04BE
    { 23, 26, 378, 0, 19, 150, 25671 }, // U+04BF
    { 11, 24, 207, 1, 24, 66, 25821 }, // U+04C0
    { 33, 32, 533, 0, 32, 264, 25887 }, // U+04C1
    { 30, 27, 462, -1, 27, 203, 26151 }, // U+04C2
    { 21, 32, 405, 3, 24, 168, 26354 }, // U+04C3
    { 19, 27, 348, 3, 19, 129, 26522 }, // U+04C4
    { 28, 31, 447, 0, 24, 217, 26651 }, // U+04C5
    { 24, 26, 388, 0, 19, 156, 26868 }, // U+04C6
    { 20, 32, 408, 3, 24, 160, 27024 }, // U+04C7
    { 17, 27, 353, 3, 19, 115, 27184 }, // U+04C8
    { 25, 31, 458, 3, 24, 194, 27299 }, // U+04C9
    { 22, 25, 397, 3, 19, 138, 27493 }, // U+04CA
    { 20, 31, 392, 2, 24, 155, 27631 }, // U+04CB
    { 18, 25, 350, 2, 19, 113, 27786 }, // U+04CC
    { 32, 31, 552, 3, 24, 248, 27899 }, // U+04CD
    { 28, 25, 494, 3, 19, 175, 28147 }, // U+04CE
    { 11, 24, 207, 1, 24, 66, 28322 }, // U+04CF
    { 24, 32, 369, 0, 32, 192, 28388 }, // U+04D0
    { 17, 27, 319, 1, 27, 115, 28580 }, // U+04D1
    { 24, 31, 369, 0, 31, 186, 28695 }, // U+04D2
    { 17, 26, 319, 1, 26, 111, 28881 }, // U+04D3
    { 30, 24, 508, 0, 24, 180, 28992 }, // U+04D4
    { 28, 19, 489, 1, 19, 133, 29172 }, // U+04D5
    { 14, 32, 299, 3, 32, 112, 29305 }, // U+04D6
    { 17, 27, 318, 2, 27, 115, 29417 }, // U+04D7
    { 23, 24, 436, 3, 24, 138, 29532 }, // U+04D8
    { 17, 19, 318, 2, 19, 81, 29670 }, // U+04D9
    { 23, 32, 436, 3, 32, 184, 29751 }, // U+04DA
    { 17, 26, 318, 2, 26, 111, 29935 }, // U+04DB
    { 33, 31, 533, 0, 31, 256, 30046 }, // U+04DC
    { 30, 26, 462, 0, 26, 195, 30302 }, // U+04DD
    { 18, 32, 316, 1, 32, 144, 30497 }, // U+04DE
    { 16, 26, 275, 0, 26, 104, 30641 }, // U+04DF
    { 18, 24, 315, 1, 24, 108, 30745 }, // U+04E0
    { 18, 27, 310, 0, 19, 122, 30853 }, // U+04E1
    { 21, 30, 422, 3, 30, 158, 30975 }, // U+04E2
    { 18, 24, 359, 3, 24, 108, 31133 }, // U+04E3
    { 21, 31, 422, 3, 31, 163, 31241 }, // U+04E4
    { 18, 26, 359, 3, 26, 117, 31404 }, // U+04E5
    { 23, 32, 422, 2, 32, 184, 31521 }, // U+04E6
    { 18, 26, 333, 2, 26, 117, 31705 }, // U+04E7
    { 23, 24, 422, 2, 24, 138, 31822 }, // U+04E8
    { 18, 19, 333, 1, 19, 86, 31960 }, // U+04E9
    { 23, 32, 422, 2, 32, 184, 32046 }, // U+04EA
    { 18, 26, 333, 1, 26, 117, 32230 }, // U+04EB
    { 19, 32, 348, 1, 32, 152, 32347 }, // U+04EC
    { 16, 26, 279, 1, 26, 104, 32499 }, // U+04ED
    { 22, 30, 344, 0, 30, 165, 32603 }, // U+04EE
    { 20, 32, 304, -1, 24, 160, 32768 }, // U+04EF
    { 22, 32, 344, 0, 32, 176, 32928 }, // U+04F0
    { 20, 34, 304, 0, 26, 170, 33104 }, // U+04F1
    { 22, 32, 344, 0, 32, 176, 33274 }, // U+04F2
    { 20, 34, 304, -1, 26, 170, 33450 }, // U+04F3
    { 19, 31, 384, 2, 31, 148, 33620 }, // U+04F4
    { 17, 26, 340, 2, 26, 111, 33768 }, // U+04F5
    { 15, 31, 299, 3, 24, 117, 33879 }, // U+04F6
    { 13, 25, 255, 3, 19, 82, 33996 }, // U+04F7
    { 25, 31, 491, 3, 31, 194, 34078 }, // U+04F8
    { 24, 26, 455, 3, 26, 156, 34272 }, // U+04F9
    { 17, 32, 298, 1, 24, 136, 34428 }, // U+04FA
    { 16, 27, 262, 1, 19, 108, 34564 }, // U+04FB
    { 25, 32, 389, 0, 24, 200, 34672 }, // U+04FC
    { 21, 27, 344, -1, 19, 142, 34872 }, // U+04FD
    { 23, 24, 357, 0, 24, 138, 35014 }, // U+04FE
    { 20, 19, 308, 0, 19, 95, 35152 }, // U+04FF
    { 23, 31, 369, 0, 24, 179, 0 }, // U+1EA0
    { 17, 26, 319, 1, 19, 111, 179 }, // U+1EA1
    { 24, 34, 369, -1, 34, 204, 290 }, // U+1EA2
    { 17, 29, 319, 1, 29, 124, 494 }, // U+1EA3
    { 24, 33, 369, 0, 33, 198, 618 }, // U+1EA4
    { 20, 28, 319, 1, 28, 140, 816 }, // U+1EA5
    { 24, 33, 369, 0, 33, 198, 956 }, // U+1EA6
    { 20, 28, 319, -2, 28, 140, 1154 }, // U+1EA7
    { 24, 36, 369, -1, 36, 216, 1294 }, // U+1EA8
    { 18, 31, 319, 1, 31, 140, 1510 }, // U+1EA9
    { 24, 36, 369, 0, 36, 216, 1650 }, // U+1EAA
    { 17, 31, 319, 1, 31, 132, 1866 }, // U+1EAB
    { 23, 39, 369, 0, 32, 225, 1998 }, // U+1EAC
    { 17, 33, 319, 1, 26, 141, 2223 }, // U+1EAD
    { 24, 35, 369, 0, 35, 210, 2364 }, // U+1EAE
    { 17, 29, 319, 1, 29, 124, 2574 }, // U+1EAF
    { 24, 35, 369, 0, 35, 210, 2698 }, // U+1EB0
    { 17, 29, 319, 1, 29, 124, 2908 }, // U+1EB1
    { 24, 36, 369, 0, 36, 216, 3032 }, // U+1EB2
    { 17, 30, 319, 1, 30, 128, 3248 }, // U+1EB3
    { 24, 36, 369, -1, 36, 216, 3376 }, // U+1EB4
    { 17, 31, 319, 1, 31, 132, 3592 }, // U+1EB5
    { 24, 39, 369, 0, 32, 234, 3724 }, // U+1EB6
    { 17, 33, 319, 1, 26, 141, 3958 }, // U+1EB7
    { 14, 31, 299, 3, 24, 109, 4099 }, // U+1EB8
    { 17, 26, 318, 2, 19, 111, 4208 }, // U+1EB9
    { 14, 34, 299, 3, 34, 119, 4319 }, // U+1EBA
    { 17, 29, 318, 2, 29, 124, 4438 }, // U+1EBB
    { 14, 32, 299, 3, 32, 112, 4562 }, // U+1EBC
    { 17, 26, 318, 2, 26, 111, 4674 }, // U+1EBD
    { 18, 33, 299, 2, 33, 149, 4785 }, // U+1EBE
    { 20, 28, 318, 2, 28, 140, 4934 }, // U+1EBF
    { 20, 33, 299, -3, 33, 165, 5074 }, // U+1EC0
    { 20, 28, 318, -1, 28, 140, 5239 }, // U+1EC1
    { 17, 36, 299, 2, 36, 153, 5379 }, // U+1EC2
    { 18, 31, 318, 2, 31, 140, 5532 }, // U+1EC3
    { 14, 36, 299, 3, 36, 126, 5672 }, // U+1EC4
    { 17, 31, 318, 2, 31, 132, 5798 }, // U+1EC5
    { 14, 39, 299, 3, 32, 137, 5930 }, // U+1EC6
    { 17, 33, 318, 2, 26, 141, 6067 }, // U+1EC7
    { 11, 34, 207, 1, 34, 94, 6208 }, // U+1EC8
    { 8, 28, 159, 1, 28, 56, 6302 }, // U+1EC9
    { 11, 31, 207, 1, 24, 86, 6358 }, // U+1ECA
    { 6, 33, 159, 2, 26, 50, 6444 }, // U+1ECB
    { 23, 31, 422, 2, 24, 179, 6494 }, // U+1ECC
    { 18, 26, 333, 2, 19, 117, 6673 }, // U+1ECD
    { 23, 34, 422, 2, 34, 196, 6790 }, // U+1ECE
    { 18, 29, 333, 2, 29, 131, 6986 }, // U+1ECF
    { 23, 34, 422, 2, 34, 196, 7117 }, // U+1ED0
    { 20, 28, 333, 2, 28, 140, 7313 }, // U+1ED1
    { 23, 34, 422, 2, 34, 196, 7453 }, // U+1ED2
    { 21, 28, 333, -1, 28, 147, 7649 }, // U+1ED3
    { 23, 36, 422, 2, 36, 207, 7796 }, // U+1ED4
    { 18, 31, 333, 2, 31, 140, 8003 }, // U+1ED5
    { 23, 37, 422, 2, 37, 213, 8143 }, // U+1ED6
    { 18, 31, 333, 2, 31, 140, 8356 }, // U+1ED7
    { 23, 40, 422, 2, 33, 230, 8496 }, // U+1ED8
    { 18, 33, 333, 2, 26, 149, 8726 }, // U+1ED9
    { 27, 33, 438, 2, 33, 223, 8875 }, // U+1EDA
    { 23, 26, 363, 2, 26, 150, 9098 }, // U+1EDB
    { 27, 33, 438, 2, 33, 223, 9248 }, // U+1EDC
    { 23, 26, 363, 2, 26, 150, 9471 }, // U+1EDD
    { 27, 35, 438, 2, 35, 237, 9621 }, // U+1EDE
    { 23, 29, 363, 2, 29, 167, 9858 }, // U+1EDF
    { 27, 32, 438, 2, 32, 216, 10025 }, // U+1EE0
    { 23, 26, 363, 2, 26, 150, 10241 }, // U+1EE1
    { 27, 33, 438, 2, 26, 223, 10391 }, // U+1EE2
    { 23, 29, 363, 2, 22, 167, 10614 }, // U+1EE3
    { 20, 31, 403, 3, 24, 155, 10781 }, // U+1EE4
    { 17, 26, 347, 2, 19, 111, 10936 }, // U+1EE5
    { 20, 34, 403, 3, 34, 170, 11047 }, // U+1EE6
    { 17, 29, 347, 2, 29, 124, 11217 }, // U+1EE7
    { 28, 33, 472, 3, 33, 231, 11341 }, // U+1EE8
    { 25, 26, 404, 2, 26, 163, 11572 }, // U+1EE9
    { 28, 33, 472, 3, 33, 231, 11735 }, // U+1EEA
    { 25, 26, 404, 2, 26, 163, 11966 }, // U+1EEB
    { 28, 34, 472, 3, 34, 238, 12129 }, // U+1EEC
    { 25, 29, 404, 2, 29, 182, 12367 }, // U+1EED
    { 28, 32, 472, 3, 32, 224, 12549 }, // U+1EEE
    { 25, 26, 404, 2, 26, 163, 12773 }, // U+1EEF
    { 28, 33, 472, 3, 26, 231, 12936 }, // U+1EF0
    { 25, 29, 404, 2, 22, 182, 13167 }, // U+1EF1
    { 21, 32, 334, 0, 32, 168, 13349 }, // U+1EF2
    { 20, 34, 304, -1, 26, 170, 13517 }, // U+1EF3
    { 21, 31, 334, 0, 24, 163, 13687 }, // U+1EF4
    { 19, 27, 304, 0, 19, 129, 13850 }, // U+1EF5
    { 23, 34, 334, -1, 34, 196, 13979 }, // U+1EF6
    { 20, 37, 304, 0, 29, 185, 14175 }, // U+1EF7
    { 21, 32, 334, 0, 32, 168, 14360 }, // U+1EF8
    { 20, 34, 304, -1, 26, 170, 14528 }, // U+1EF9
    { 0, 0, 267, 0, 0, 0, 0 }, // U+2000
    { 0, 0, 533, 0, 0, 0, 0 }, // U+2001
    { 0, 0, 267, 0, 0, 0, 0 }, // U+2002
    { 0, 0, 533, 0, 0, 0, 0 }, // U+2003
    { 0, 0, 178, 0, 0, 0, 0 }, // U+2004
    { 0, 0, 133, 0, 0, 0, 0 }, // U+2005
    { 0, 0, 89, 0, 0, 0, 0 }, // U+2006
    { 0, 0, 305, 0, 0, 0, 0 }, // U+2007
    { 0, 0, 150, 0, 0, 0, 0 }, // U+2008
    { 0, 0, 89, 0, 0, 0, 0 }, // U+2009
    { 0, 0, 53, 0, 0, 0, 0 }, // U+200A
    { 0, 0, 0, 0, 0, 0, 0 }, // U+200B
    { 0, 0, 0, 0, 0, 0, 0 }, // U+200C
    { 0, 0, 0, 0, 0, 0, 0 }, // U+200D
    { 9, 29, 0, -1, 24, 66, 0 }, // U+200E
    { 8, 29, 0, -7, 24, 58, 66 }, // U+200F
    { 9, 4, 171, 1, 11, 9, 124 }, // U+2010
    { 9, 4, 171, 1, 11, 9, 133 }, // U+2011
    { 17, 4, 308, 1, 14, 17, 142 }, // U+2012
    { 14, 4, 267, 1, 11, 14, 159 }, // U+2013
    { 31, 4, 533, 1, 11, 31, 173 }, // U+2014
    { 31, 4, 533, 1, 11, 31, 204 }, // U+2015
    { 12, 34, 294, 3, 26, 102, 235 }, // U+2016
    { 14, 7, 219, 0, -1, 25, 337 }, // U+2017
    { 7, 8, 116, 0, 24, 14, 362 }, // U+2018
    { 7, 8, 116, 0, 24, 14, 376 }, // U+2019
    { 8, 8, 153, 0, 4, 16, 390 }, // U+201A
    { 7, 8, 116, 0, 24, 14, 406 }, // U+201B
    { 15, 8, 237, 0, 24, 30, 420 }, // U+201C
    { 15, 8, 237, 0, 24, 30, 450 }, // U+201D
    { 15, 8, 274, 1, 4, 30, 480 }, // U+201E
    { 15, 8, 237, 0, 24, 30, 510 }, // U+201F
    { 14, 26, 274, 1, 26, 91, 540 }, // U+2020
    { 14, 26, 277, 2, 26, 91, 631 }, // U+2021
    { 9, 11, 201, 2, 18, 25, 722 }, // U+2022
    { 11, 14, 201, 2, 20, 39, 747 }, // U+2023
    { 6, 6, 267, 5, 6, 9, 786 }, // U+2024
    { 16, 6, 307, 2, 6, 24, 795 }, // U+2025
    { 24, 6, 456, 2, 6, 36, 819 }, // U+2026
    { 6, 6, 150, 2, 12, 9, 855 }, // U+2027
    { 0, 0, 320, 0, 0, 0, 864 }, // U+2028
    { 0, 0, 320, 0, 0, 0, 864 }, // U+2029
    { 9, 26, 0, -1, 21, 59, 864 }, // U+202A
    { 8, 26, 0, -7, 21, 52, 923 }, // U+202B
    { 8, 28, 0, -4, 23, 56, 975 }, // U+202C
    { 9, 29, 0, -5, 24, 66, 1031 }, // U+202D
    { 8, 29, 0, -4, 24, 58, 1097 }, // U+202E
    { 0, 0, 89, 0, 0, 0, 1155 }, // U+202F
    { 41, 24, 683, 1, 24, 246, 1155 }, // U+2030
    { 54, 24, 889, 1, 24, 324, 1401 }, // U+2031
    { 10, 9, 162, 1, 24, 23, 1725 }, // U+2032
    { 17, 9, 279, 1, 24, 39, 1748 }, // U+2033
    { 25, 9, 397, 1, 24, 57, 1787 }, // U+2034
    { 10, 9, 225, 1, 24, 23, 1844 }, // U+2035
    { 17, 9, 343, 1, 24, 39, 1867 }, // U+2036
    { 25, 9, 461, 1, 24, 57, 1906 }, // U+2037
    { 13, 11, 218, 0, 3, 36, 1963 }, // U+2038
    { 10, 17, 195, 1, 18, 43, 1999 }, // U+2039
    { 10, 17, 195, 1, 18, 43, 2042 }, // U+203A
    { 25, 24, 453, 2, 24, 150, 2085 }, // U+203B
    { 15, 24, 304, 2, 24, 90, 2235 }, // U+203C
    { 16, 24, 254, -1, 24, 96, 2325 }, // U+203D
    { 17, 4, 267, 0, 30, 17, 2421 }, // U+203E
    { 20, 8, 325, 0, 0, 40, 2438 }, // U+203F
    { 20, 9, 325, 0, 28, 45, 2478 }, // U+2040
    { 14, 22, 226, 0, 14, 77, 2523 }, // U+2041
    { 37, 31, 597, 0, 26, 287, 2600 }, // U+2042
    { 9, 4, 171, 2, 11, 9, 2887 }, // U+2043
    { 18, 24, 69, -7, 24, 108, 2896 }, // U+2044
    { 8, 30, 177, 2, 24, 60, 3004 }, // U+2045
    { 9, 30, 177, 0, 24, 68, 3064 }, // U+2046
    { 32, 24, 506, 0, 24, 192, 3132 }, // U+2047
    { 24, 24, 407, 0, 24, 144, 3324 }, // U+2048
    { 24, 24, 407, 2, 24, 144, 3468 }, // U+2049
    { 16, 19, 314, 1, 19, 76, 3612 }, // U+204A
    { 17, 30, 346, 3, 26, 128, 3688 }, // U+204B
    { 17, 18, 349, 2, 19, 77, 3816 }, // U+204C
    { 17, 18, 349, 3, 19, 77, 3893 }, // U+204D
    { 18, 16, 289, 0, 9, 72, 3970 }, // U+204E
    { 6, 24, 152, 2, 19, 36, 4042 }, // U+204F
    { 20, 36, 320, 0, 28, 180, 4078 }, // U+2050
    { 18, 33, 289, 0, 26, 149, 4258 }, // U+2051
    { 15, 24, 225, 0, 24, 90, 4407 }, // U+2052
    { 32, 6, 533, 1, 13, 48, 4497 }, // U+2053
    { 20, 9, 320, 0, 0, 45, 4545 }, // U+2054
    { 17, 17, 299, 1, 17, 73, 4590 }, // U+2055
    { 16, 24, 309, 2, 24, 96, 4663 }, // U+2056
    { 31, 9, 499, 1, 24, 70, 4759 }, // U+2057
    { 26, 24, 466, 2, 24, 156, 4829 }, // U+2058
    { 26, 24, 466, 2, 24, 156, 4985 }, // U+2059
    { 6, 24, 152, 2, 24, 36, 5141 }, // U+205A
    { 20, 27, 370, 2, 27, 135, 5177 }, // U+205B
    { 26, 27, 455, 1, 26, 176, 5312 }, // U+205C
    { 6, 26, 150, 2, 26, 39, 5488 }, // U+205D
    { 6, 24, 152, 2, 24, 36, 5527 }, // U+205E
    { 0, 0, 118, 0, 0, 0, 5563 }, // U+205F
    { 0, 0, 320, 0, 0, 0, 5563 }, // U+2060
    { 0, 0, 320, 0, 0, 0, 5563 }, // U+2061
    { 0, 0, 320, 0, 0, 0, 5563 }, // U+2062
    { 0, 0, 320, 0, 0, 0, 5563 }, // U+2063
    { 0, 0, 320, 0, 0, 0, 5563 }, // U+2064
    { 0, 0, 0, 0, 0, 0, 5563 }, // U+2066
    { 0, 0, 0, 0, 0, 0, 5563 }, // U+2067
    { 0, 0, 0, 0, 0, 0, 5563 }, // U+2068
    { 0, 0, 0, 0, 0, 0, 5563 }, // U+2069
    { 8, 29, 0, -4, 24, 58, 5563 }, // U+206A
    { 8, 29, 0, -5, 24, 58, 5621 }, // U+206B
    { 9, 28, 0, -4, 23, 63, 5679 }, // U+206C
    { 9, 29, 0, -4, 24, 66, 5742 }, // U+206D
    { 9, 29, 0, -4, 24, 66, 5808 }, // U+206E
    { 8, 29, 0, -4, 24, 58, 5874 }, // U+206F
    { 12, 15, 202, 1, 29, 45, 0 }, // U+2070
    { 4, 15, 103, 2, 25, 15, 45 }, // U+2071
    { 12, 15, 203, 1, 29, 45, 60 }, // U+2074
    { 12, 15, 203, 1, 29, 45, 105 }, // U+2075
    { 11, 15, 203, 1, 29, 42, 150 }, // U+2076
    { 11, 16, 203, 1, 29, 44, 192 }, // U+2077
    { 11, 15, 203, 1, 29, 42, 236 }, // U+2078
    { 12, 16, 203, 1, 30, 48, 278 }, // U+2079
    { 10, 10, 191, 1, 25, 25, 326 }, // U+207A
    { 10, 3, 191, 1, 22, 8, 351 }, // U+207B
    { 10, 7, 191, 1, 24, 18, 359 }, // U+207C
    { 6, 19, 129, 2, 31, 29, 377 }, // U+207D
    { 6, 19, 129, 0, 31, 29, 406 }, // U+207E
    { 11, 11, 226, 2, 21, 31, 435 }, // U+207F
    { 12, 15, 203, 1, 10, 45, 466 }, // U+2080
    { 10, 14, 203, 1, 10, 35, 511 }, // U+2081
    { 12, 15, 203, 0, 11, 45, 546 }, // U+2082
    { 13, 16, 203, 0, 11, 52, 591 }, // U+2083
    { 12, 15, 203, 1, 10, 45, 643 }, // U+2084
    { 12, 15, 203, 1, 10, 45, 688 }, // U+2085
    { 11, 16, 203, 1, 11, 44, 733 }, // U+2086
    { 11, 16, 203, 1, 11, 44, 777 }, // U+2087
    { 11, 15, 203, 1, 10, 42, 821 }, // U+2088
    { 12, 16, 203, 1, 11, 48, 863 }, // U+2089
    { 10, 10, 191, 1, 8, 25, 911 }, // U+208A
    { 10, 3, 191, 1, 5, 8, 936 }, // U+208B
    { 10, 7, 191, 1, 7, 18, 944 }, // U+208C
    { 6, 19, 129, 2, 12, 29, 962 }, // U+208D
    { 6, 19, 129, 0, 12, 29, 991 }, // U+208E
    { 11, 11, 207, 1, 8, 31, 1020 }, // U+2090
    { 11, 11, 207, 1, 8, 31, 1051 }, // U+2091
    { 12, 11, 216, 1, 8, 33, 1082 }, // U+2092
    { 13, 11, 201, 0, 8, 36, 1115 }, // U+2093
    { 11, 11, 207, 1, 8, 31, 1151 }, // U+2094
    { 11, 15, 226, 2, 12, 42, 1182 }, // U+2095
    { 12, 15, 211, 2, 12, 45, 1224 }, // U+2096
    { 3, 15, 103, 2, 12, 12, 1269 }, // U+2097
    { 17, 11, 338, 2, 8, 47, 1281 }, // U+2098
    { 11, 11, 226, 2, 8, 31, 1328 }, // U+2099
    { 11, 16, 219, 2, 8, 44, 1359 }, // U+209A
    { 9, 11, 174, 1, 8, 25, 1403 }, // U+209B
    { 8, 14, 146, 1, 11, 28, 1428 }, // U+209C
    { 18, 24, 305, 1, 24, 108, 0 }, // U+20A0
    { 19, 29, 325, 1, 26, 138, 108 }, // U+20A1
    { 18, 24, 305, 1, 24, 108, 246 }, // U+20A2
    { 17, 24, 305, 1, 24, 102, 354 }, // U+20A3
    { 17, 24, 305, 1, 24, 102, 456 }, // U+20A4
    { 28, 27, 520, 2, 23, 189, 558 }, // U+20A5
    { 18, 24, 305, 1, 24, 108, 747 }, // U+20A6
    { 26, 24, 475, 3, 24, 156, 855 }, // U+20A7
    { 27, 24, 489, 2, 24, 162, 1011 }, // U+20A8
    { 24, 24, 394, 1, 24, 144, 1173 }, // U+20A9
    { 25, 24, 490, 3, 24, 150, 1317 }, // U+20AA
    { 20, 31, 344, 2, 26, 155, 1467 }, // U+20AB
    { 18, 24, 305, 1, 24, 108, 1622 }, // U+20AC
    { 19, 24, 305, 1, 24, 114, 1730 }, // U+20AD
    { 18, 24, 305, 1, 24, 108, 1844 }, // U+20AE
    { 33, 32, 539, 0, 24, 264, 1952 }, // U+20AF
    { 20, 32, 325, -1, 24, 160, 2216 }, // U+20B0
    { 19, 24, 305, 1, 24, 114, 2376 }, // U+20B1
    { 20, 29, 391, 2, 26, 145, 2490 }, // U+20B2
    { 23, 24, 347, 0, 24, 138, 2635 }, // U+20B3
    { 18, 24, 305, 1, 24, 108, 2773 }, // U+20B4
    { 18, 29, 340, 2, 26, 131, 2881 }, // U+20B5
    { 22, 23, 371, 0, 23, 127, 3012 }, // U+20B6
    { 22, 27, 390, 1, 24, 149, 3139 }, // U+20B7
    { 18, 24, 306, 1, 24, 108, 3288 }, // U+20B8
    { 15, 24, 305, 2, 24, 90, 3396 }, // U+20B9
    { 18, 24, 305, 1, 24, 108, 3486 }, // U+20BA
    { 26, 24, 433, 1, 24, 156, 3594 }, // U+20BB
    { 26, 24, 466, 2, 24, 156, 3750 }, // U+20BC
    { 20, 24, 320, 0, 24, 120, 3906 }, // U+20BD
    { 23, 26, 421, 2, 26, 150, 4026 }, // U+20BE
    { 15, 32, 305, 3, 28, 120, 4176 }, // U+20BF
    { 15, 25, 279, 1, 19, 94, 4296 }, // U+20C0
    { 17, 4, 310, 1, 14, 17, 0 }, // U+2212
    { 27, 26, 412, 1, 26, 176, 0 }, // U+FB00
    { 20, 26, 365, 1, 26, 130, 176 }, // U+FB01
    { 20, 26, 369, 1, 26, 130, 306 }, // U+FB02
    { 33, 26, 571, 1, 26, 215, 436 }, // U+FB03
    { 33, 26, 575, 1, 26, 215, 651 }, // U+FB04
    { 22, 26, 417, 3, 26, 143, 866 }, // U+FB05
    { 28, 26, 496, 2, 26, 182, 1009 }, // U+FB06
    { 31, 32, 533, 1, 26, 248, 0 }, // U+FFFD
};

static const EpdUnicodeInterval notosans_16_boldIntervals[] = {
    { 0x0, 0x0, 0x0 },
    { 0xD, 0xD, 0x1 },
    { 0x20, 0x7E, 0x2 },
    { 0xA0, 0xFF, 0x61 },
    { 0x100, 0x17F, 0xC1 },
    { 0x1A0, 0x1A1, 0x141 },
    { 0x1AF, 0x1B0, 0x143 },
    { 0x1C4, 0x21F, 0x145 },
    { 0x300, 0x36F, 0x1A1 },
    { 0x400, 0x4FF, 0x211 },
    { 0x1EA0, 0x1EF9, 0x311 },
    { 0x2000, 0x2064, 0x36B },
    { 0x2066, 0x206F, 0x3D0 },
    { 0x2070, 0x2071, 0x3DA },
    { 0x2074, 0x208E, 0x3DC },
    { 0x2090, 0x209C, 0x3F7 },
    { 0x20A0, 0x20C0, 0x404 },
    { 0x2212, 0x2212, 0x425 },
    { 0xFB00, 0xFB06, 0x426 },
    { 0xFFFD, 0xFFFD, 0x42D },
};

static const EpdFontGroup notosans_16_boldGroups[] = {
    { 0, 3469, 9466, 97, 0 },
    { 3469, 3417, 11618, 96, 97 },
    { 6886, 4309, 17918, 128, 193 },
    { 11195, 4397, 16195, 96, 321 },
    { 15592, 1268, 2461, 112, 417 },
    { 16860, 10771, 37810, 256, 529 },
    { 27631, 3388, 15656, 90, 785 },
    { 31019, 2114, 6491, 111, 875 },
    { 33133, 658, 1594, 42, 986 },
    { 33791, 1962, 4695, 33, 1028 },
    { 35753, 14, 20, 1, 1061 },
    { 35767, 288, 1248, 7, 1062 },
    { 36055, 148, 256, 1, 1069 },
};

static const EpdKernClassEntry notosans_16_boldKernLeftClasses[] = {
    { 0x0022, 1 }, // "
    { 0x0026, 2 }, // &
    { 0x0027, 1 }, // '
    { 0x0028, 3 }, // (
    { 0x002C, 4 }, // ,
    { 0x002D, 5 }, // -
    { 0x002E, 4 }, // .
    { 0x003A, 6 }, // :
    { 0x0041, 7 }, // A
    { 0x0042, 8 }, // B
    { 0x0043, 9 }, // C
    { 0x0044, 10 }, // D
    { 0x0045, 11 }, // E
    { 0x0046, 12 }, // F
    { 0x004B, 9 }, // K
    { 0x004C, 13 }, // L
    { 0x004F, 10 }, // O
    { 0x0050, 14 }, // P
    { 0x0051, 10 }, // Q
    { 0x0052, 15 }, // R
    { 0x0054, 16 }, // T
    { 0x0055, 17 }, // U
    { 0x0056, 18 }, // V
    { 0x0057, 18 }, // W
    { 0x0058, 9 }, // X
    { 0x0059, 19 }, // Y
    { 0x005A, 20 }, // Z
    { 0x005B, 3 }, // [
    { 0x005F, 21 }, // _
    { 0x0061, 22 }, // a
    { 0x0062, 23 }, // b
    { 0x0063, 24 }, // c
    { 0x0065, 23 }, // e
    { 0x0066, 25 }, // f
    { 0x0068, 22 }, // h
    { 0x006D, 22 }, // m
    { 0x006E, 22 }, // n
    { 0x006F, 23 }, // o
    { 0x0070, 23 }, // p
    { 0x0072, 26 }, // r
    { 0x0074, 24 }, // t
    { 0x0076, 27 }, // v
    { 0x0077, 27 }, // w
    { 0x0078, 28 }, // x
    { 0x0079, 27 }, // y
    { 0x007B, 3 }, // {
    { 0x00A1, 29 }, // U+00A1
    { 0x00AB, 30 }, // U+00AB
    { 0x00BB, 31 }, // U+00BB
    { 0x00BF, 32 }, // U+00BF
    { 0x00C0, 7 }, // U+00C0
    { 0x00C1, 7 }, // U+00C1
    { 0x00C2, 7 }, // U+00C2
    { 0x00C3, 7 }, // U+00C3
    { 0x00C4, 7 }, // U+00C4
    { 0x00C5, 7 }, // U+00C5
    { 0x00C6, 11 }, // U+00C6
    { 0x00C7, 9 }, // U+00C7
    { 0x00C8, 11 }, // U+00C8
    { 0x00C9, 11 }, // U+00C9
    { 0x00CA, 11 }, // U+00CA
    { 0x00CB, 11 }, // U+00CB
    { 0x00D0, 10 }, // U+00D0
    { 0x00D2, 10 }, // U+00D2
    { 0x00D3, 10 }, // U+00D3
    { 0x00D4, 10 }, // U+00D4
    { 0x00D5, 10 }, // U+00D5
    { 0x00D6, 10 }, // U+00D6
    { 0x00D8, 10 }, // U+00D8
    { 0x00D9, 17 }, // U+00D9
    { 0x00DA, 17 }, // U+00DA
    { 0x00DB, 17 }, // U+00DB
    { 0x00DC, 17 }, // U+00DC
    { 0x00DD, 19 }, // U+00DD
    { 0x00DE, 14 }, // U+00DE
    { 0x00E0, 22 }, // U+00E0
    { 0x00E1, 22 }, // U+00E1
    { 0x00E2, 22 }, // U+00E2
    { 0x00E3, 22 }, // U+00E3
    { 0x00E4, 22 }, // U+00E4
    { 0x00E5, 22 }, // U+00E5
    { 0x00E6, 23 }, // U+00E6
    { 0x00E8, 23 }, // U+00E8
    { 0x00E9, 23 }, // U+00E9
    { 0x00EA, 23 }, // U+00EA
    { 0x00EB, 23 }, // U+00EB
    { 0x00EE, 33 }, // U+00EE
    { 0x00EF, 33 }, // U+00EF
    { 0x00F0, 23 }, // U+00F0
    { 0x00F2, 23 }, // U+00F2
    { 0x00F3, 23 }, // U+00F3
    { 0x00F4, 23 }, // U+00F4
    { 0x00F5, 23 }, // U+00F5
    { 0x00F6, 23 }, // U+00F6
    { 0x00F8, 23 }, // U+00F8
    { 0x00FD, 27 }, // U+00FD
    { 0x00FE, 23 }, // U+00FE
    { 0x00FF, 27 }, // U+00FF
    { 0x0100, 7 }, // U+0100
    { 0x0101, 22 }, // U+0101
    { 0x0102, 7 }, // U+0102
    { 0x0103, 22 }, // U+0103
    { 0x0104, 34 }, // U+0104
    { 0x0105, 22 }, // U+0105
    { 0x0106, 9 }, // U+0106
    { 0x0108, 9 }, // U+0108
    { 0x010A, 9 }, // U+010A
    { 0x010C, 9 }, // U+010C
    { 0x010E, 10 }, // U+010E
    { 0x010F, 35 }, // U+010F
    { 0x0110, 10 }, // U+0110
    { 0x0112, 11 }, // U+0112
    { 0x0113, 23 }, // U+0113
    { 0x0114, 11 }, // U+0114
    { 0x0115, 23 }, // U+0115
    { 0x0116, 11 }, // U+0116
    { 0x0117, 23 }, // U+0117
    { 0x0118, 11 }, // U+0118
    { 0x0119, 23 }, // U+0119
    { 0x011A, 11 }, // U+011A
    { 0x011B, 23 }, // U+011B
    { 0x0125, 22 }, // U+0125
    { 0x0129, 36 }, // U+0129
    { 0x012B, 33 }, // U+012B
    { 0x012E, 37 }, // U+012E
    { 0x0136, 9 }, // U+0136
    { 0x0138, 28 }, // U+0138
    { 0x0139, 13 }, // U+0139
    { 0x013B, 13 }, // U+013B
    { 0x013D, 13 }, // U+013D
    { 0x013E, 35 }, // U+013E
    { 0x013F, 13 }, // U+013F
    { 0x0141, 13 }, // U+0141
    { 0x0144, 22 }, // U+0144
    { 0x0146, 22 }, // U+0146
    { 0x0149, 22 }, // U+0149
    { 0x014B, 22 }, // U+014B
    { 0x014C, 10 }, // U+014C
    { 0x014D, 23 }, // U+014D
    { 0x014E, 10 }, // U+014E
    { 0x014F, 23 }, // U+014F
    { 0x0150, 10 }, // U+0150
    { 0x0151, 23 }, // U+0151
    { 0x0152, 11 }, // U+0152
    { 0x0153, 23 }, // U+0153
    { 0x0155, 26 }, // U+0155
    { 0x0157, 26 }, // U+0157
    { 0x0159, 26 }, // U+0159
    { 0x0162, 16 }, // U+0162
    { 0x0163, 24 }, // U+0163
    { 0x0164, 16 }, // U+0164
    { 0x0165, 38 }, // U+0165
    { 0x0166, 16 }, // U+0166
    { 0x0167, 24 }, // U+0167
    { 0x0168, 17 }, // U+0168
    { 0x016A, 17 }, // U+016A
    { 0x016C, 17 }, // U+016C
    { 0x016E, 17 }, // U+016E
    { 0x0170, 17 }, // U+0170
    { 0x0172, 17 }, // U+0172
    { 0x0174, 18 }, // U+0174
    { 0x0175, 27 }, // U+0175
    { 0x0176, 19 }, // U+0176
    { 0x0177, 27 }, // U+0177
    { 0x0178, 19 }, // U+0178
    { 0x0179, 20 }, // U+0179
    { 0x017B, 20 }, // U+017B
    { 0x017D, 20 }, // U+017D
    { 0x01A0, 39 }, // U+01A0
    { 0x01A1, 40 }, // U+01A1
    { 0x01AF, 41 }, // U+01AF
    { 0x01B0, 42 }, // U+01B0
    { 0x01FA, 7 }, // U+01FA
    { 0x01FB, 22 }, // U+01FB
    { 0x01FC, 11 }, // U+01FC
    { 0x01FD, 23 }, // U+01FD
    { 0x01FE, 10 }, // U+01FE
    { 0x020B, 33 }, // U+020B
    { 0x021A, 16 }, // U+021A
    { 0x021B, 24 }, // U+021B
    { 0x0400, 43 }, // U+0400
    { 0x0401, 43 }, // U+0401
    { 0x0402, 44 }, // U+0402
    { 0x0403, 45 }, // U+0403
    { 0x0404, 46 }, // U+0404
    { 0x0405, 47 }, // U+0405
    { 0x0409, 48 }, // U+0409
    { 0x040A, 48 }, // U+040A
    { 0x040B, 44 }, // U+040B
    { 0x040C, 49 }, // U+040C
    { 0x040E, 50 }, // U+040E
    { 0x0410, 51 }, // U+0410
    { 0x0411, 52 }, // U+0411
    { 0x0412, 53 }, // U+0412
    { 0x0413, 45 }, // U+0413
    { 0x0414, 54 }, // U+0414
    { 0x0415, 43 }, // U+0415
    { 0x0416, 49 }, // U+0416
    { 0x0417, 53 }, // U+0417
    { 0x041A, 49 }, // U+041A
    { 0x041E, 55 }, // U+041E
    { 0x0420, 56 }, // U+0420
    { 0x0421, 46 }, // U+0421
    { 0x0422, 45 }, // U+0422
    { 0x0423, 50 }, // U+0423
    { 0x0424, 57 }, // U+0424
    { 0x0425, 49 }, // U+0425
    { 0x0426, 54 }, // U+0426
    { 0x0429, 54 }, // U+0429
    { 0x042A, 48 }, // U+042A
    { 0x042C, 48 }, // U+042C
    { 0x042D, 55 }, // U+042D
    { 0x042E, 55 }, // U+042E
    { 0x0430, 58 }, // U+0430
    { 0x0431, 59 }, // U+0431
    { 0x0432, 60 }, // U+0432
    { 0x0433, 61 }, // U+0433
    { 0x0434, 62 }, // U+0434
    { 0x0435, 63 }, // U+0435
    { 0x0436, 64 }, // U+0436
    { 0x0437, 60 }, // U+0437
    { 0x0438, 65 }, // U+0438
    { 0x0439, 65 }, // U+0439
    { 0x043A, 64 }, // U+043A
    { 0x043B, 65 }, // U+043B
    { 0x043C, 65 }, // U+043C
    { 0x043D, 65 }, // U+043D
    { 0x043E, 63 }, // U+043E
    { 0x043F, 65 }, // U+043F
    { 0x0440, 63 }, // U+0440
    { 0x0441, 66 }, // U+0441
    { 0x0442, 61 }, // U+0442
    { 0x0443, 67 }, // U+0443
    { 0x0444, 63 }, // U+0444
    { 0x0445, 64 }, // U+0445
    { 0x0446, 62 }, // U+0446
    { 0x0447, 65 }, // U+0447
    { 0x0448, 65 }, // U+0448
    { 0x0449, 62 }, // U+0449
    { 0x044A, 68 }, // U+044A
    { 0x044B, 65 }, // U+044B
    { 0x044C, 68 }, // U+044C
    { 0x044D, 63 }, // U+044D
    { 0x044E, 63 }, // U+044E
    { 0x044F, 65 }, // U+044F
    { 0x0450, 63 }, // U+0450
    { 0x0451, 63 }, // U+0451
    { 0x0452, 69 }, // U+0452
    { 0x0453, 70 }, // U+0453
    { 0x0454, 66 }, // U+0454
    { 0x0455, 71 }, // U+0455
    { 0x0457, 72 }, // U+0457
    { 0x0458, 73 }, // U+0458
    { 0x0459, 68 }, // U+0459
    { 0x045A, 68 }, // U+045A
    { 0x045B, 74 }, // U+045B
    { 0x045C, 64 }, // U+045C
    { 0x045D, 65 }, // U+045D
    { 0x045E, 67 }, // U+045E
    { 0x045F, 65 }, // U+045F
    { 0x0460, 55 }, // U+0460
    { 0x0461, 75 }, // U+0461
    { 0x0462, 76 }, // U+0462
    { 0x0463, 68 }, // U+0463
    { 0x0464, 46 }, // U+0464
    { 0x0465, 66 }, // U+0465
    { 0x0466, 51 }, // U+0466
    { 0x0467, 77 }, // U+0467
    { 0x0468, 51 }, // U+0468
    { 0x0469, 77 }, // U+0469
    { 0x046E, 78 }, // U+046E
    { 0x0471, 63 }, // U+0471
    { 0x0472, 55 }, // U+0472
    { 0x0473, 63 }, // U+0473
    { 0x0474, 50 }, // U+0474
    { 0x0475, 75 }, // U+0475
    { 0x0476, 50 }, // U+0476
    { 0x0477, 75 }, // U+0477
    { 0x0478, 67 }, // U+0478
    { 0x0479, 67 }, // U+0479
    { 0x047A, 55 }, // U+047A
    { 0x047B, 63 }, // U+047B
    { 0x047C, 55 }, // U+047C
    { 0x047D, 63 }, // U+047D
    { 0x047E, 55 }, // U+047E
    { 0x047F, 75 }, // U+047F
    { 0x0480, 46 }, // U+0480
    { 0x048A, 54 }, // U+048A
    { 0x048B, 62 }, // U+048B
    { 0x048C, 76 }, // U+048C
    { 0x048D, 68 }, // U+048D
    { 0x048E, 56 }, // U+048E
    { 0x048F, 63 }, // U+048F
    { 0x0490, 79 }, // U+0490
    { 0x0491, 80 }, // U+0491
    { 0x0492, 81 }, // U+0492
    { 0x0493, 82 }, // U+0493
    { 0x0496, 83 }, // U+0496
    { 0x0497, 84 }, // U+0497
    { 0x0498, 78 }, // U+0498
    { 0x0499, 60 }, // U+0499
    { 0x049A, 83 }, // U+049A
    { 0x049B, 84 }, // U+049B
    { 0x049C, 49 }, // U+049C
    { 0x049D, 64 }, // U+049D
    { 0x049E, 49 }, // U+049E
    { 0x049F, 64 }, // U+049F
    { 0x04A0, 49 }, // U+04A0
    { 0x04A1, 64 }, // U+04A1
    { 0x04A2, 54 }, // U+04A2
    { 0x04A3, 62 }, // U+04A3
    { 0x04A4, 81 }, // U+04A4
    { 0x04A5, 80 }, // U+04A5
    { 0x04A9, 63 }, // U+04A9
    { 0x04AA, 46 }, // U+04AA
    { 0x04AB, 66 }, // U+04AB
    { 0x04AC, 79 }, // U+04AC
    { 0x04AD, 80 }, // U+04AD
    { 0x04AE, 85 }, // U+04AE
    { 0x04AF, 86 }, // U+04AF
    { 0x04B0, 85 }, // U+04B0
    { 0x04B1, 86 }, // U+04B1
    { 0x04B2, 83 }, // U+04B2
    { 0x04B3, 84 }, // U+04B3
    { 0x04B4, 54 }, // U+04B4
    { 0x04B5, 62 }, // U+04B5
    { 0x04B6, 54 }, // U+04B6
    { 0x04B7, 62 }, // U+04B7
    { 0x04BC, 87 }, // U+04BC
    { 0x04BD, 88 }, // U+04BD
    { 0x04BE, 87 }, // U+04BE
    { 0x04BF, 88 }, // U+04BF
    { 0x04C1, 49 }, // U+04C1
    { 0x04C2, 64 }, // U+04C2
    { 0x04C5, 54 }, // U+04C5
    { 0x04C6, 62 }, // U+04C6
    { 0x04C9, 54 }, // U+04C9
    { 0x04CA, 62 }, // U+04CA
    { 0x04CD, 54 }, // U+04CD
    { 0x04CE, 62 }, // U+04CE
    { 0x04D0, 51 }, // U+04D0
    { 0x04D1, 58 }, // U+04D1
    { 0x04D2, 51 }, // U+04D2
    { 0x04D3, 58 }, // U+04D3
    { 0x04D4, 43 }, // U+04D4
    { 0x04D5, 88 }, // U+04D5
    { 0x04D6, 43 }, // U+04D6
    { 0x04D7, 88 }, // U+04D7
    { 0x04D8, 55 }, // U+04D8
    { 0x04D9, 63 }, // U+04D9
    { 0x04DA, 55 }, // U+04DA
    { 0x04DB, 63 }, // U+04DB
    { 0x04DC, 49 }, // U+04DC
    { 0x04DD, 64 }, // U+04DD
    { 0x04DE, 78 }, // U+04DE
    { 0x04DF, 60 }, // U+04DF
    { 0x04E3, 65 }, // U+04E3
    { 0x04E5, 65 }, // U+04E5
    { 0x04E6, 55 }, // U+04E6
    { 0x04E7, 63 }, // U+04E7
    { 0x04E8, 55 }, // U+04E8
    { 0x04E9, 63 }, // U+04E9
    { 0x04EA, 55 }, // U+04EA
    { 0x04EB, 63 }, // U+04EB
    { 0x04EC, 55 }, // U+04EC
    { 0x04ED, 63 }, // U+04ED
    { 0x04EE, 50 }, // U+04EE
    { 0x04EF, 67 }, // U+04EF
    { 0x04F0, 50 }, // U+04F0
    { 0x04F1, 67 }, // U+04F1
    { 0x04F2, 50 }, // U+04F2
    { 0x04F3, 67 }, // U+04F3
    { 0x04F5, 65 }, // U+04F5
    { 0x04F6, 79 }, // U+04F6
    { 0x04F7, 80 }, // U+04F7
    { 0x04F9, 65 }, // U+04F9
    { 0x04FA, 81 }, // U+04FA
    { 0x04FB, 82 }, // U+04FB
    { 0x04FC, 83 }, // U+04FC
    { 0x04FD, 84 }, // U+04FD
    { 0x04FE, 49 }, // U+04FE
    { 0x04FF, 84 }, // U+04FF
    { 0x1EA0, 7 }, // U+1EA0
    { 0x1EA1, 22 }, // U+1EA1
    { 0x1EA2, 7 }, // U+1EA2
    { 0x1EA3, 22 }, // U+1EA3
    { 0x1EA4, 7 }, // U+1EA4
    { 0x1EA5, 22 }, // U+1EA5
    { 0x1EA6, 7 }, // U+1EA6
    { 0x1EA7, 22 }, // U+1EA7
    { 0x1EA8, 7 }, // U+1EA8
    { 0x1EA9, 22 }, // U+1EA9
    { 0x1EAA, 7 }, // U+1EAA
    { 0x1EAB, 22 }, // U+1EAB
    { 0x1EAC, 7 }, // U+1EAC
    { 0x1EAD, 22 }, // U+1EAD
    { 0x1EAE, 7 }, // U+1EAE
    { 0x1EAF, 22 }, // U+1EAF
    { 0x1EB0, 7 }, // U+1EB0
    { 0x1EB1, 22 }, // U+1EB1
    { 0x1EB2, 7 }, // U+1EB2
    { 0x1EB3, 22 }, // U+1EB3
    { 0x1EB4, 7 }, // U+1EB4
    { 0x1EB5, 22 }, // U+1EB5
    { 0x1EB6, 7 }, // U+1EB6
    { 0x1EB7, 22 }, // U+1EB7
    { 0x1EB8, 11 }, // U+1EB8
    { 0x1EB9, 23 }, // U+1EB9
    { 0x1EBA, 11 }, // U+1EBA
    { 0x1EBB, 23 }, // U+1EBB
    { 0x1EBC, 11 }, // U+1EBC
    { 0x1EBD, 23 }, // U+1EBD
    { 0x1EBE, 11 }, // U+1EBE
    { 0x1EBF, 23 }, // U+1EBF
    { 0x1EC0, 11 }, // U+1EC0
    { 0x1EC1, 23 }, // U+1EC1
    { 0x1EC2, 11 }, // U+1EC2
    { 0x1EC3, 23 }, // U+1EC3
    { 0x1EC4, 11 }, // U+1EC4
    { 0x1EC5, 23 }, // U+1EC5
    { 0x1EC6, 11 }, // U+1EC6
    { 0x1EC7, 23 }, // U+1EC7
    { 0x1ECC, 10 }, // U+1ECC
    { 0x1ECD, 23 }, // U+1ECD
    { 0x1ECE, 10 }, // U+1ECE
    { 0x1ECF, 23 }, // U+1ECF
    { 0x1ED0, 10 }, // U+1ED0
    { 0x1ED1, 23 }, // U+1ED1
    { 0x1ED2, 10 }, // U+1ED2
    { 0x1ED3, 23 }, // U+1ED3
    { 0x1ED4, 10 }, // U+1ED4
    { 0x1ED5, 23 }, // U+1ED5
    { 0x1ED6, 10 }, // U+1ED6
    { 0x1ED7, 23 }, // U+1ED7
    { 0x1ED8, 10 }, // U+1ED8
    { 0x1ED9, 23 }, // U+1ED9
    { 0x1EDA, 39 }, // U+1EDA
    { 0x1EDB, 40 }, // U+1EDB
    { 0x1EDC, 39 }, // U+1EDC
    { 0x1EDD, 40 }, // U+1EDD
    { 0x1EDE, 39 }, // U+1EDE
    { 0x1EDF, 40 }, // U+1EDF
    { 0x1EE0, 39 }, // U+1EE0
    { 0x1EE1, 40 }, // U+1EE1
    { 0x1EE2, 39 }, // U+1EE2
    { 0x1EE3, 40 }, // U+1EE3
    { 0x1EE4, 17 }, // U+1EE4
    { 0x1EE6, 17 }, // U+1EE6
    { 0x1EE8, 41 }, // U+1EE8
    { 0x1EE9, 42 }, // U+1EE9
    { 0x1EEA, 41 }, // U+1EEA
    { 0x1EEB, 42 }, // U+1EEB
    { 0x1EEC, 41 }, // U+1EEC
    { 0x1EED, 42 }, // U+1EED
    { 0x1EEE, 41 }, // U+1EEE
    { 0x1EEF, 42 }, // U+1EEF
    { 0x1EF0, 41 }, // U+1EF0
    { 0x1EF1, 42 }, // U+1EF1
    { 0x1EF2, 19 }, // U+1EF2
    { 0x1EF3, 27 }, // U+1EF3
    { 0x1EF4, 19 }, // U+1EF4
    { 0x1EF5, 27 }, // U+1EF5
    { 0x1EF6, 19 }, // U+1EF6
    { 0x1EF7, 27 }, // U+1EF7
    { 0x1EF8, 19 }, // U+1EF8
    { 0x1EF9, 27 }, // U+1EF9
    { 0x2013, 5 }, // U+2013
    { 0x2014, 5 }, // U+2014
    { 0x2015, 5 }, // U+2015
    { 0x2018, 1 }, // U+2018
    { 0x2019, 1 }, // U+2019
    { 0x201A, 4 }, // U+201A
    { 0x201C, 1 }, // U+201C
    { 0x201D, 1 }, // U+201D
    { 0x201E, 4 }, // U+201E
    { 0x2039, 30 }, // U+2039
    { 0x203A, 31 }, // U+203A
    { 0xFB00, 25 }, // U+FB00
};

static const EpdKernClassEntry notosans_16_boldKernRightClasses[] = {
    { 0x0021, 1 }, // !
    { 0x0022, 2 }, // "
    { 0x0026, 3 }, // &
    { 0x0027, 2 }, // '
    { 0x0029, 4 }, // )
    { 0x002C, 5 }, // ,
    { 0x002D, 6 }, // -
    { 0x002E, 5 }, // .
    { 0x003A, 7 }, // :
    { 0x003B, 7 }, // ;
    { 0x003F, 8 }, // ?
    { 0x0041, 9 }, // A
    { 0x0043, 10 }, // C
    { 0x0047, 10 }, // G
    { 0x0049, 11 }, // I
    { 0x004A, 12 }, // J
    { 0x004F, 10 }, // O
    { 0x0051, 10 }, // Q
    { 0x0054, 13 }, // T
    { 0x0055, 14 }, // U
    { 0x0056, 15 }, // V
    { 0x0057, 15 }, // W
    { 0x0058, 16 }, // X
    { 0x0059, 17 }, // Y
    { 0x005A, 18 }, // Z
    { 0x005D, 4 }, // ]
    { 0x0061, 19 }, // a
    { 0x0062, 20 }, // b
    { 0x0063, 21 }, // c
    { 0x0064, 21 }, // d
    { 0x0065, 21 }, // e
    { 0x0066, 22 }, // f
    { 0x0067, 23 }, // g
    { 0x0068, 20 }, // h
    { 0x006A, 24 }, // j
    { 0x006B, 20 }, // k
    { 0x006C, 20 }, // l
    { 0x006D, 25 }, // m
    { 0x006E, 25 }, // n
    { 0x006F, 21 }, // o
    { 0x0070, 25 }, // p
    { 0x0071, 21 }, // q
    { 0x0072, 25 }, // r
    { 0x0073, 26 }, // s
    { 0x0074, 22 }, // t
    { 0x0075, 25 }, // u
    { 0x0076, 27 }, // v
    { 0x0077, 27 }, // w
    { 0x0078, 27 }, // x
    { 0x0079, 27 }, // y
    { 0x007A, 28 }, // z
    { 0x007D, 4 }, // }
    { 0x00AB, 29 }, // U+00AB
    { 0x00BB, 30 }, // U+00BB
    { 0x00C0, 9 }, // U+00C0
    { 0x00C1, 9 }, // U+00C1
    { 0x00C2, 9 }, // U+00C2
    { 0x00C3, 9 }, // U+00C3
    { 0x00C4, 9 }, // U+00C4
    { 0x00C5, 9 }, // U+00C5
    { 0x00C6, 31 }, // U+00C6
    { 0x00C7, 10 }, // U+00C7
    { 0x00D2, 10 }, // U+00D2
    { 0x00D3, 10 }, // U+00D3
    { 0x00D4, 10 }, // U+00D4
    { 0x00D5, 10 }, // U+00D5
    { 0x00D6, 10 }, // U+00D6
    { 0x00D8, 10 }, // U+00D8
    { 0x00D9, 14 }, // U+00D9
    { 0x00DA, 14 }, // U+00DA
    { 0x00DB, 14 }, // U+00DB
    { 0x00DC, 14 }, // U+00DC
    { 0x00DD, 17 }, // U+00DD
    { 0x00E0, 21 }, // U+00E0
    { 0x00E1, 19 }, // U+00E1
    { 0x00E2, 19 }, // U+00E2
    { 0x00E3, 19 }, // U+00E3
    { 0x00E4, 19 }, // U+00E4
    { 0x00E5, 19 }, // U+00E5
    { 0x00E6, 19 }, // U+00E6
    { 0x00E7, 21 }, // U+00E7
    { 0x00E8, 21 }, // U+00E8
    { 0x00E9, 21 }, // U+00E9
    { 0x00EA, 21 }, // U+00EA
    { 0x00EB, 21 }, // U+00EB
    { 0x00F2, 21 }, // U+00F2
    { 0x00F3, 21 }, // U+00F3
    { 0x00F4, 21 }, // U+00F4
    { 0x00F5, 21 }, // U+00F5
    { 0x00F6, 21 }, // U+00F6
    { 0x00F8, 21 }, // U+00F8
    { 0x00F9, 25 }, // U+00F9
    { 0x00FA, 25 }, // U+00FA
    { 0x00FB, 25 }, // U+00FB
    { 0x00FC, 25 }, // U+00FC
    { 0x00FD, 27 }, // U+00FD
    { 0x00FE, 20 }, // U+00FE
    { 0x00FF, 27 }, // U+00FF
    { 0x0100, 9 }, // U+0100
    { 0x0101, 19 }, // U+0101
    { 0x0102, 9 }, // U+0102
    { 0x0103, 19 }, // U+0103
    { 0x0104, 9 }, // U+0104
    { 0x0105, 19 }, // U+0105
    { 0x0106, 10 }, // U+0106
    { 0x0107, 21 }, // U+0107
    { 0x0108, 10 }, // U+0108
    { 0x0109, 21 }, // U+0109
    { 0x010A, 10 }, // U+010A
    { 0x010B, 21 }, // U+010B
    { 0x010C, 10 }, // U+010C
    { 0x010D, 21 }, // U+010D
    { 0x010F, 21 }, // U+010F
    { 0x0111, 21 }, // U+0111
    { 0x0113, 21 }, // U+0113
    { 0x0115, 21 }, // U+0115
    { 0x0117, 21 }, // U+0117
    { 0x0119, 21 }, // U+0119
    { 0x011B, 21 }, // U+011B
    { 0x011C, 10 }, // U+011C
    { 0x011D, 23 }, // U+011D
    { 0x011E, 10 }, // U+011E
    { 0x011F, 23 }, // U+011F
    { 0x0120, 10 }, // U+0120
    { 0x0121, 23 }, // U+0121
    { 0x0122, 10 }, // U+0122
    { 0x0123, 23 }, // U+0123
    { 0x0125, 20 }, // U+0125
    { 0x0127, 32 }, // U+0127
    { 0x0129, 33 }, // U+0129
    { 0x0137, 20 }, // U+0137
    { 0x0138, 25 }, // U+0138
    { 0x013A, 20 }, // U+013A
    { 0x013C, 20 }, // U+013C
    { 0x013E, 20 }, // U+013E
    { 0x0140, 20 }, // U+0140
    { 0x0144, 25 }, // U+0144
    { 0x0146, 25 }, // U+0146
    { 0x014B, 25 }, // U+014B
    { 0x014C, 10 }, // U+014C
    { 0x014D, 21 }, // U+014D
    { 0x014E, 10 }, // U+014E
    { 0x014F, 21 }, // U+014F
    { 0x0150, 10 }, // U+0150
    { 0x0151, 21 }, // U+0151
    { 0x0152, 10 }, // U+0152
    { 0x0153, 21 }, // U+0153
    { 0x0155, 25 }, // U+0155
    { 0x0157, 25 }, // U+0157
    { 0x015B, 26 }, // U+015B
    { 0x015F, 26 }, // U+015F
    { 0x0162, 13 }, // U+0162
    { 0x0163, 22 }, // U+0163
    { 0x0164, 13 }, // U+0164
    { 0x0165, 22 }, // U+0165
    { 0x0166, 13 }, // U+0166
    { 0x0167, 22 }, // U+0167
    { 0x0168, 14 }, // U+0168
    { 0x0169, 25 }, // U+0169
    { 0x016A, 14 }, // U+016A
    { 0x016B, 25 }, // U+016B
    { 0x016C, 14 }, // U+016C
    { 0x016D, 25 }, // U+016D
    { 0x016E, 14 }, // U+016E
    { 0x016F, 25 }, // U+016F
    { 0x0170, 14 }, // U+0170
    { 0x0171, 25 }, // U+0171
    { 0x0172, 14 }, // U+0172
    { 0x0173, 25 }, // U+0173
    { 0x0174, 15 }, // U+0174
    { 0x0175, 27 }, // U+0175
    { 0x0176, 17 }, // U+0176
    { 0x0177, 27 }, // U+0177
    { 0x0178, 17 }, // U+0178
    { 0x0179, 18 }, // U+0179
    { 0x017A, 28 }, // U+017A
    { 0x017B, 18 }, // U+017B
    { 0x017C, 28 }, // U+017C
    { 0x017D, 18 }, // U+017D
    { 0x017E, 28 }, // U+017E
    { 0x01A0, 10 }, // U+01A0
    { 0x01A1, 21 }, // U+01A1
    { 0x01AF, 14 }, // U+01AF
    { 0x01B0, 25 }, // U+01B0
    { 0x01FA, 9 }, // U+01FA
    { 0x01FB, 19 }, // U+01FB
    { 0x01FC, 31 }, // U+01FC
    { 0x01FD, 19 }, // U+01FD
    { 0x01FE, 10 }, // U+01FE
    { 0x01FF, 21 }, // U+01FF
    { 0x0219, 26 }, // U+0219
    { 0x021A, 13 }, // U+021A
    { 0x021B, 22 }, // U+021B
    { 0x0402, 34 }, // U+0402
    { 0x0404, 35 }, // U+0404
    { 0x0405, 36 }, // U+0405
    { 0x0408, 37 }, // U+0408
    { 0x0409, 38 }, // U+0409
    { 0x040B, 34 }, // U+040B
    { 0x040E, 39 }, // U+040E
    { 0x0410, 40 }, // U+0410
    { 0x0414, 41 }, // U+0414
    { 0x0416, 42 }, // U+0416
    { 0x0417, 43 }, // U+0417
    { 0x041B, 38 }, // U+041B
    { 0x041E, 35 }, // U+041E
    { 0x0421, 35 }, // U+0421
    { 0x0422, 34 }, // U+0422
    { 0x0423, 39 }, // U+0423
    { 0x0424, 44 }, // U+0424
    { 0x0425, 42 }, // U+0425
    { 0x0427, 45 }, // U+0427
    { 0x042A, 34 }, // U+042A
    { 0x042D, 43 }, // U+042D
    { 0x042F, 46 }, // U+042F
    { 0x0430, 47 }, // U+0430
    { 0x0431, 48 }, // U+0431
    { 0x0432, 49 }, // U+0432
    { 0x0433, 49 }, // U+0433
    { 0x0434, 50 }, // U+0434
    { 0x0435, 51 }, // U+0435
    { 0x0436, 52 }, // U+0436
    { 0x0437, 53 }, // U+0437
    { 0x0438, 49 }, // U+0438
    { 0x0439, 49 }, // U+0439
    { 0x043A, 49 }, // U+043A
    { 0x043B, 54 }, // U+043B
    { 0x043C, 49 }, // U+043C
    { 0x043D, 49 }, // U+043D
    { 0x043E, 51 }, // U+043E
    { 0x043F, 49 }, // U+043F
    { 0x0440, 49 }, // U+0440
    { 0x0441, 51 }, // U+0441
    { 0x0442, 55 }, // U+0442
    { 0x0443, 56 }, // U+0443
    { 0x0444, 51 }, // U+0444
    { 0x0445, 52 }, // U+0445
    { 0x0446, 49 }, // U+0446
    { 0x0447, 57 }, // U+0447
    { 0x0448, 49 }, // U+0448
    { 0x0449, 49 }, // U+0449
    { 0x044A, 55 }, // U+044A
    { 0x044B, 49 }, // U+044B
    { 0x044C, 49 }, // U+044C
    { 0x044D, 53 }, // U+044D
    { 0x044E, 49 }, // U+044E
    { 0x044F, 58 }, // U+044F
    { 0x0450, 51 }, // U+0450
    { 0x0451, 51 }, // U+0451
    { 0x0452, 59 }, // U+0452
    { 0x0453, 49 }, // U+0453
    { 0x0454, 51 }, // U+0454
    { 0x0455, 60 }, // U+0455
    { 0x0457, 61 }, // U+0457
    { 0x0458, 62 }, // U+0458
    { 0x0459, 54 }, // U+0459
    { 0x045A, 49 }, // U+045A
    { 0x045B, 59 }, // U+045B
    { 0x045C, 49 }, // U+045C
    { 0x045D, 49 }, // U+045D
    { 0x045E, 56 }, // U+045E
    { 0x045F, 49 }, // U+045F
    { 0x0460, 63 }, // U+0460
    { 0x0461, 64 }, // U+0461
    { 0x0462, 65 }, // U+0462
    { 0x0465, 66 }, // U+0465
    { 0x0466, 40 }, // U+0466
    { 0x0467, 50 }, // U+0467
    { 0x0469, 66 }, // U+0469
    { 0x046D, 66 }, // U+046D
    { 0x046E, 43 }, // U+046E
    { 0x0470, 45 }, // U+0470
    { 0x0472, 63 }, // U+0472
    { 0x0473, 47 }, // U+0473
    { 0x0474, 67 }, // U+0474
    { 0x0475, 64 }, // U+0475
    { 0x0476, 67 }, // U+0476
    { 0x0477, 64 }, // U+0477
    { 0x0478, 63 }, // U+0478
    { 0x0479, 47 }, // U+0479
    { 0x047A, 63 }, // U+047A
    { 0x047B, 47 }, // U+047B
    { 0x047C, 63 }, // U+047C
    { 0x047D, 47 }, // U+047D
    { 0x047E, 63 }, // U+047E
    { 0x047F, 64 }, // U+047F
    { 0x0480, 63 }, // U+0480
    { 0x0481, 47 }, // U+0481
    { 0x048B, 66 }, // U+048B
    { 0x048C, 65 }, // U+048C
    { 0x048D, 59 }, // U+048D
    { 0x048F, 66 }, // U+048F
    { 0x0491, 66 }, // U+0491
    { 0x0492, 65 }, // U+0492
    { 0x0495, 66 }, // U+0495
    { 0x0496, 42 }, // U+0496
    { 0x0497, 52 }, // U+0497
    { 0x0498, 43 }, // U+0498
    { 0x0499, 53 }, // U+0499
    { 0x049B, 66 }, // U+049B
    { 0x049D, 66 }, // U+049D
    { 0x049F, 59 }, // U+049F
    { 0x04A0, 68 }, // U+04A0
    { 0x04A1, 55 }, // U+04A1
    { 0x04A3, 66 }, // U+04A3
    { 0x04A5, 66 }, // U+04A5
    { 0x04A7, 66 }, // U+04A7
    { 0x04A8, 63 }, // U+04A8
    { 0x04A9, 47 }, // U+04A9
    { 0x04AA, 63 }, // U+04AA
    { 0x04AB, 47 }, // U+04AB
    { 0x04AC, 34 }, // U+04AC
    { 0x04AD, 55 }, // U+04AD
    { 0x04AE, 69 }, // U+04AE
    { 0x04AF, 70 }, // U+04AF
    { 0x04B0, 69 }, // U+04B0
    { 0x04B1, 70 }, // U+04B1
    { 0x04B2, 42 }, // U+04B2
    { 0x04B3, 52 }, // U+04B3
    { 0x04B4, 68 }, // U+04B4
    { 0x04B5, 55 }, // U+04B5
    { 0x04B6, 45 }, // U+04B6
    { 0x04B7, 57 }, // U+04B7
    { 0x04B8, 45 }, // U+04B8
    { 0x04B9, 57 }, // U+04B9
    { 0x04BB, 66 }, // U+04BB
    { 0x04BC, 71 }, // U+04BC
    { 0x04BD, 72 }, // U+04BD
    { 0x04BE, 71 }, // U+04BE
    { 0x04BF, 72 }, // U+04BF
    { 0x04C1, 42 }, // U+04C1
    { 0x04C2, 52 }, // U+04C2
    { 0x04C4, 66 }, // U+04C4
    { 0x04C5, 73 }, // U+04C5
    { 0x04C6, 50 }, // U+04C6
    { 0x04C8, 66 }, // U+04C8
    { 0x04CA, 66 }, // U+04CA
    { 0x04CB, 45 }, // U+04CB
    { 0x04CC, 57 }, // U+04CC
    { 0x04CE, 66 }, // U+04CE
    { 0x04D0, 40 }, // U+04D0
    { 0x04D1, 74 }, // U+04D1
    { 0x04D2, 40 }, // U+04D2
    { 0x04D3, 74 }, // U+04D3
    { 0x04D4, 40 }, // U+04D4
    { 0x04D5, 74 }, // U+04D5
    { 0x04D7, 47 }, // U+04D7
    { 0x04D8, 75 }, // U+04D8
    { 0x04D9, 74 }, // U+04D9
    { 0x04DA, 75 }, // U+04DA
    { 0x04DB, 74 }, // U+04DB
    { 0x04DC, 42 }, // U+04DC
    { 0x04DD, 52 }, // U+04DD
    { 0x04DE, 43 }, // U+04DE
    { 0x04DF, 53 }, // U+04DF
    { 0x04E3, 49 }, // U+04E3
    { 0x04E5, 49 }, // U+04E5
    { 0x04E6, 63 }, // U+04E6
    { 0x04E7, 47 }, // U+04E7
    { 0x04E8, 63 }, // U+04E8
    { 0x04E9, 47 }, // U+04E9
    { 0x04EA, 63 }, // U+04EA
    { 0x04EB, 47 }, // U+04EB
    { 0x04EC, 43 }, // U+04EC
    { 0x04ED, 53 }, // U+04ED
    { 0x04EE, 39 }, // U+04EE
    { 0x04EF, 56 }, // U+04EF
    { 0x04F0, 39 }, // U+04F0
    { 0x04F1, 56 }, // U+04F1
    { 0x04F2, 39 }, // U+04F2
    { 0x04F3, 56 }, // U+04F3
    { 0x04F4, 45 }, // U+04F4
    { 0x04F5, 57 }, // U+04F5
    { 0x04F7, 66 }, // U+04F7
    { 0x04F9, 49 }, // U+04F9
    { 0x04FA, 65 }, // U+04FA
    { 0x04FC, 42 }, // U+04FC
    { 0x04FD, 52 }, // U+04FD
    { 0x04FE, 42 }, // U+04FE
    { 0x04FF, 52 }, // U+04FF
    { 0x1EA0, 9 }, // U+1EA0
    { 0x1EA1, 19 }, // U+1EA1
    { 0x1EA2, 9 }, // U+1EA2
    { 0x1EA3, 19 }, // U+1EA3
    { 0x1EA4, 9 }, // U+1EA4
    { 0x1EA5, 19 }, // U+1EA5
    { 0x1EA6, 9 }, // U+1EA6
    { 0x1EA7, 19 }, // U+1EA7
    { 0x1EA8, 9 }, // U+1EA8
    { 0x1EA9, 19 }, // U+1EA9
    { 0x1EAA, 9 }, // U+1EAA
    { 0x1EAB, 19 }, // U+1EAB
    { 0x1EAC, 9 }, // U+1EAC
    { 0x1EAD, 19 }, // U+1EAD
    { 0x1EAE, 9 }, // U+1EAE
    { 0x1EAF, 19 }, // U+1EAF
    { 0x1EB0, 9 }, // U+1EB0
    { 0x1EB1, 19 }, // U+1EB1
    { 0x1EB2, 9 }, // U+1EB2
    { 0x1EB3, 19 }, // U+1EB3
    { 0x1EB4, 9 }, // U+1EB4
    { 0x1EB5, 19 }, // U+1EB5
    { 0x1EB6, 9 }, // U+1EB6
    { 0x1EB7, 19 }, // U+1EB7
    { 0x1EB9, 21 }, // U+1EB9
    { 0x1EBB, 21 }, // U+1EBB
    { 0x1EBD, 21 }, // U+1EBD
    { 0x1EBF, 21 }, // U+1EBF
    { 0x1EC1, 21 }, // U+1EC1
    { 0x1EC3, 21 }, // U+1EC3
    { 0x1EC5, 21 }, // U+1EC5
    { 0x1EC7, 21 }, // U+1EC7
    { 0x1ECC, 10 }, // U+1ECC
    { 0x1ECD, 21 }, // U+1ECD
    { 0x1ECE, 10 }, // U+1ECE
    { 0x1ECF, 21 }, // U+1ECF
    { 0x1ED0, 10 }, // U+1ED0
    { 0x1ED1, 21 }, // U+1ED1
    { 0x1ED2, 10 }, // U+1ED2
    { 0x1ED3, 21 }, // U+1ED3
    { 0x1ED4, 10 }, // U+1ED4
    { 0x1ED5, 21 }, // U+1ED5
    { 0x1ED6, 10 }, // U+1ED6
    { 0x1ED7, 21 }, // U+1ED7
    { 0x1ED8, 10 }, // U+1ED8
    { 0x1ED9, 21 }, // U+1ED9
    { 0x1EDA, 10 }, // U+1EDA
    { 0x1EDB, 21 }, // U+1EDB
    { 0x1EDC, 10 }, // U+1EDC
    { 0x1EDD, 21 }, // U+1EDD
    { 0x1EDE, 10 }, // U+1EDE
    { 0x1EDF, 21 }, // U+1EDF
    { 0x1EE0, 10 }, // U+1EE0
    { 0x1EE1, 21 }, // U+1EE1
    { 0x1EE2, 10 }, // U+1EE2
    { 0x1EE3, 21 }, // U+1EE3
    { 0x1EE4, 14 }, // U+1EE4
    { 0x1EE5, 25 }, // U+1EE5
    { 0x1EE6, 14 }, // U+1EE6
    { 0x1EE7, 25 }, // U+1EE7
    { 0x1EE8, 14 }, // U+1EE8
    { 0x1EE9, 25 }, // U+1EE9
    { 0x1EEA, 14 }, // U+1EEA
    { 0x1EEB, 25 }, // U+1EEB
    { 0x1EEC, 14 }, // U+1EEC
    { 0x1EED, 25 }, // U+1EED
    { 0x1EEE, 14 }, // U+1EEE
    { 0x1EEF, 25 }, // U+1EEF
    { 0x1EF0, 14 }, // U+1EF0
    { 0x1EF1, 25 }, // U+1EF1
    { 0x1EF2, 17 }, // U+1EF2
    { 0x1EF4, 17 }, // U+1EF4
    { 0x1EF5, 27 }, // U+1EF5
    { 0x1EF6, 17 }, // U+1EF6
    { 0x1EF7, 27 }, // U+1EF7
    { 0x1EF8, 17 }, // U+1EF8
    { 0x1EF9, 27 }, // U+1EF9
    { 0x2013, 6 }, // U+2013
    { 0x2014, 6 }, // U+2014
    { 0x2015, 6 }, // U+2015
    { 0x2018, 76 }, // U+2018
    { 0x2019, 2 }, // U+2019
    { 0x201A, 5 }, // U+201A
    { 0x201C, 76 }, // U+201C
    { 0x201D, 2 }, // U+201D
    { 0x201E, 5 }, // U+201E
    { 0x2026, 5 }, // U+2026
    { 0x2039, 29 }, // U+2039
    { 0x203A, 30 }, // U+203A
    { 0xFB00, 22 }, // U+FB00
    { 0xFB01, 22 }, // U+FB01
    { 0xFB02, 22 }, // U+FB02
    { 0xFB03, 22 }, // U+FB03
    { 0xFB04, 22 }, // U+FB04
};

static const int8_t notosans_16_boldKernMatrix[] = {
       0,    0,    0,    0,    0,    0,    0,    0,  -37,    0,    0,    0,   11,    0,   11,    0,    5,    0,  -21,    0,  -32,    0,  -16,    0,  -16,  -16,    0,    0,    0,    0,  -43,    0,   37,   11,    0,    0,    0,  -16,   11,  -37,  -32,   11,    0,   -5,    0,    0,  -21,    0,    0,  -37,    0,    0,   11,  -27,   16,   11,    0,    0,   16,    0,   16,    0,    0,    0,    0,    0,    0,   11,    0,    0,    0,    0,  -32,  -11,    0,    0,
       0,    0,    0,    0,    0,    0,    0,    0,    0,    0,    0,    0,  -32,    0,  -11,    0,  -16,    0,    0,    0,    0,    0,    0,    0,    0,    0,    0,    0,    0,    0,    0,    0,    0,    0,    0,    0,    0,    0,    0,    0,    0,    0,    0,    0,    0,    0,    0,    0,    0,    0,    0,    0,    0,    0,    0,    0,    0,    0,    0,    0,    0,    0,    0,    0,    0,    0,    0,    0,    0,    0,    0,    0,    0,    0,    0,    0,
       0,    0,    0,    0,    0,    0,    0,    0,    0,    0,    0,   48,    0,    0,    0,    0,    0,    0,    0,    0,    0,    0,    0,   21,    0,    0,    0,    0,    0,    0,    0,    0,    0,    0,    0,    0,   53,    0,    0,    0,    0,    0,    0,  -16,    0,    0,    0,    0,    0,    0,    0,    0,    0,    0,    0,    0,    0,    0,    0,    0,    0,   32,    0,    0,    0,    0,    0,    0,    0,    0,    0,    0,    0,    0,    0,    0,
       0,    0,    0,    0,    0,    0,    0,    0,    0,  -27,    0,    0,  -37,  -11,  -32,    0,  -32,    0,    0,    0,    0,    0,    0,    0,    0,    0,    0,    0,    0,    0,    0,    0,    0,  -27,    0,    0,   32,    0,  -11,    0,    0,    0,    0,  -21,  -43,    0,    0,    0,    0,    0,    0,    0,    0,    0,  -21,    0,  -32,    0,    0,    0,    0,    0,  -27,    0,    0,    0,  -32,  -37,  -32,    0,  -32,    0,    0,    0,    0,    0,
       0,    0,    0,    0,    0,    0,    0,    0,    0,    0,    0,    0,  -21,    0,    0,    0,    0,    0,    0,    0,    0,    0,    0,    0,    0,    0,    0,    0,    0,    0,    0,    0,    0,  -21,    0,    0,    0,    0,  -11,    0,    0,   -5,    0,    0,    0,    0,    0,    0,    0,    0,    0,   -5,    0,    0,  -11,    0,    0,    0,    0,    0,    0,    0,    0,    0,    0,    0,    0,  -21,    0,    0,    0,    0,    0,    0,    0,    0,
       0,    0,    0,    0,    0,    0,    0,    0,    0,    0,    0,    0,    0,    0,    0,    0,    0,    0,    0,    0,    0,    0,    0,    0,    0,    0,    0,    0,    0,    0,    0,    0,    0,   -6,    0,    0,    0,    0,    0,    0,    0,   -2,    0,   -2,   -2,    0,    0,    0,    0,    0,    0,    0,    0,    0,    0,    0,   -2,    0,    0,    0,    0,    0,    0,    0,    0,    0,    0,    0,    0,    0,    0,    0,    0,    0,    0,    0,
       0,  -37,    0,    0,    0,    0,    0,    0,    0,  -11,    0,   27,  -37,    0,  -21,    0,  -32,    0,    0,    0,    0,    0,    0,    0,    0,    0,    0,    0,    0,    0,    0,    0,    0,    0,    0,    0,    0,    0,    0,    0,    0,    0,    0,    0,    0,    0,    0,    0,    0,    0,    0,    0,    0,    0,    0,    0,    0,    0,    0,    0,    0,    0,    0,    0,    0,    0,    0,    0,    0,    0,    0,    0,    0,    0,    0,    0,
       0,    0,    0,    0,   -5,    0,    0,    0,    0,    0,    0,    0,    0,    0,    0,    0,    0,    0,    0,    0,    0,    0,    0,    0,    0,    0,    0,    0,    0,    0,    0,    0,    0,    0,    0,    0,    0,    0,    0,    0,    0,    0,    0,    0,    0,    0,    0,    0,    0,    0,    0,    0,    0,    0,    0,    0,    0,    0,    0,    0,    0,    0,    0,    0,    0,    0,    0,    0,    0,    0,    0,    0,    0,    0,    0,    0,
       0,    0,    0,    0,    0,    0,    0,    0,    0,  -11,    0,    0,    0,    0,    0,    0,    0,    0,    0,    0,    0,    0,    0,    0,    0,    0,    0,    0,  -11,    0,    0,    0,    0,    0,    0,    0,    0,    0,    0,    0,    0,    0,    0,    0,    0,    0,    0,    0,    0,    0,    0,    0,    0,    0,    0,    0,    0,    0,    0,    0,    0,    0,    0,    0,    0,    0,    0,    0,    0,    0,    0,    0,    0,    0,    0,    0,
       0,    0,    0,    0,  -21,    0,    0,    0,  -11,    0,    0,    0,  -16,    0,   -5,  -11,   -5,   -5,    0,    0,    0,    0,    0,    0,    0,    0,    0,    0,    0,    0,    0,    0,    0,    0,    0,    0,    0,    0,    0,    0,    0,    0,    0,    0,    0,    0,    0,    0,    0,    0,    0,    0,    0,    0,    0,    0,    0,    0,    0,    0,    0,    0,    0,    0,    0,    0,    0,    0,    0,    0,    0,    0,    0,    0,    0,    0,
       0,    0,    0,    0,    0,    0,    0,    0,    0,    0,    0,   32,    0,    0,    0,    0,    0,    0,    0,    0,    0,    0,    0,    0,    0,    0,    0,    0,    0,    0,    0,    0,    0,    0,    0,    0,    0,    0,    0,    0,    0,    0,    0,    0,    0,    0,    0,    0,    0,    0,    0,    0,    0,    0,    0,    0,    0,    0,    0,    0,    0,    0,    0,    0,    0,    0,    0,    0,    0,    0,    0,    0,    0,    0,    0,    0,
       0,    0,    0,   11,  -32,    0,    0,   11,  -11,    0,    0,    0,    0,    0,    0,    0,    0,    0,    0,    0,    0,    0,    0,    0,    0,    0,    0,    0,    0,    0,    0,    0,    0,    0,    0,    0,    0,    0,    0,    0,    0,    0,    0,    0,    0,    0,    0,    0,    0,    0,    0,    0,    0,    0,    0,    0,    0,    0,    0,    0,    0,    0,    0,    0,    0,    0,    0,    0,    0,    0,    0,    0,    0,    0,    0,    0,
       0,  -43,    0,    0,    0,    0,    0,    0,    0,  -11,    0,    0,  -11,   -5,  -11,    0,  -16,    0,    0,    0,    0,    0,    0,    0,    0,    0,    0,    0,    0,    0,    0,    0,    0,    0,    0,    0,    0,    0,    0,    0,    0,    0,    0,    0,    0,    0,    0,    0,    0,    0,    0,    0,    0,    0,    0,    0,    0,    0,    0,    0,    0,    0,    0,    0,    0,    0,    0,    0,    0,    0,    0,    0,    0,    0,    0,    0,
       0,    0,   -5,    0,  -69,    0,    0,    0,  -27,    0,    0,    0,    0,    0,    0,  -11,    0,   -5,    0,    0,    0,    0,    0,    0,    0,    0,    0,    0,  -11,    0,  -16,    0,    0,    0,    0,    0,    0,    0,    0,    0,    0,    0,    0,    0,    0,    0,    0,    0,    0,    0,    0,    0,    0,    0,    0,    0,    0,    0,    0,    0,    0,    0,    0,    0,    0,    0,    0,    0,    0,    0,    0,    0,    0,    0,    0,    0,
       0,    0,    0,    0,    0,    0,    0,    0,    0,    0,    0,    0,    0,    0,    0,    0,    0,    0,    0,    0,    0,    0,    0,    0,    0,    0,    0,    0,   -5,    0,    0,    0,    0,    0,    0,    0,    0,    0,    0,    0,    0,    0,    0,    0,    0,    0,    0,    0,    0,    0,    0,    0,    0,    0,    0,    0,    0,    0,    0,    0,    0,    0,    0,    0,    0,    0,    0,    0,    0,    0,    0,    0,    0,    0,    0,    0,
       0,    0,  -11,    0,  -32,  -21,    0,   11,  -37,  -11,    0,    0,   11,    0,    0,    0,    0,    0,  -43,    0,  -37,    0,  -37,    0,  -27,  -32,  -11,  -21,  -32,  -16,    0,    0,    0,    0,    0,    0,    0,    0,    0,    0,    0,    0,    0,    0,    0,    0,    0,    0,    0,    0,    0,    0,    0,    0,    0,    0,    0,    0,    0,    0,    0,    0,    0,    0,    0,    0,    0,    0,    0,    0,    0,    0,    0,    0,    0,    0,
       0,    0,    0,    0,  -11,    0,    0,    0,   -5,    0,    0,    0,    0,    0,    0,    0,    0,    0,    0,    0,    0,    0,    0,    0,    0,    0,    0,    0,    0,    0,    0,    0,    0,    0,    0,    0,    0,    0,    0,    0,    0,    0,    0,    0,    0,    0,    0,    0,    0,    0,    0,    0,    0,    0,    0,    0,    0,    0,    0,    0,    0,    0,    0,    0,    0,    0,    0,    0,    0,    0,    0,    0,    0,    0,    0,    0,
       0,    0,    0,    0,  -27,    0,    0,   11,  -21,   -5,    0,    0,    0,    0,    0,    0,    0,    0,  -11,    0,  -11,    0,   -5,    0,   -5,   -5,    0,    0,  -16,   -5,    0,    0,    0,    0,    0,    0,    0,    0,    0,    0,    0,    0,    0,    0,    0,    0,    0,    0,    0,    0,    0,    0,    0,    0,    0,    0,    0,    0,    0,    0,    0,    0,    0,    0,    0,    0,    0,    0,    0,    0,    0,    0,    0,    0,    0,    0,
       0,    0,  -16,    0,  -32,    0,    0,   11,  -32,  -11,    0,    0,    0,    0,    0,    0,    0,    0,  -27,    0,  -27,    0,  -27,    0,  -16,  -21,    0,  -11,  -43,  -16,    0,    0,    0,    0,    0,    0,    0,    0,    0,    0,    0,    0,    0,    0,    0,    0,    0,    0,    0,    0,    0,    0,    0,    0,    0,    0,    0,    0,    0,    0,    0,    0,    0,    0,    0,    0,    0,    0,    0,    0,    0,    0,    0,    0,    0,    0,
       0,    0,    0,    0,    0,    0,    0,    0,    0,   -5,    0,    0,    0,    0,    0,    0,    0,    0,    0,    0,    0,    0,    0,    0,    0,    0,    0,    0,  -11,    0,    0,    0,    0,    0,    0,    0,    0,    0,    0,    0,    0,    0,    0,    0,    0,    0,    0,    0,    0,    0,    0,    0,    0,    0,    0,    0,    0,    0,    0,    0,    0,    0,    0,    0,    0,    0,    0,    0,    0,    0,    0,    0,    0,    0,    0,    0,
       0,    0,    0,    0,    0,    0,    0,    0,    0,    0,    0,   51,    0,    0,    0,    0,    0,    0,    0,    0,    0,    0,    0,    0,    0,    0,    0,    0,    0,    0,    0,    0,    0,    0,    0,    0,    0,    0,    0,    0,    0,    0,    0,    0,    0,    0,    0,    0,    0,    0,    0,    0,    0,    0,    0,    0,    0,    0,    0,    0,    0,    0,    0,    0,    0,    0,    0,    0,    0,    0,    0,    0,    0,    0,    0,    0,
       0,   -5,    0,    0,    0,    0,    0,    0,    0,    0,    0,    0,    0,    0,    0,    0,    0,    0,    0,    0,    0,    0,    0,    0,    0,    0,    0,    0,    0,    0,    0,    0,    0,    0,    0,    0,    0,    0,    0,    0,    0,    0,    0,    0,    0,    0,    0,    0,    0,    0,    0,    0,    0,    0,    0,    0,    0,    0,    0,    0,    0,    0,    0,    0,    0,    0,    0,    0,    0,    0,    0,    0,    0,    0,    0,    0,
       0,   -5,    0,    0,    0,    0,    0,    0,    0,    0,    0,    0,    0,    0,    0,    0,    0,    0,    0,    0,    0,    0,    0,    0,    0,    0,  -11,   -5,    0,    0,    0,    0,    0,    0,    0,    0,    0,    0,    0,    0,    0,    0,    0,    0,    0,    0,    0,    0,    0,    0,    0,    0,    0,    0,    0,    0,    0,    0,    0,    0,    0,    0,    0,    0,    0,    0,    0,    0,    0,    0,    0,    0,    0,    0,    0,    0,
       0,   11,    0,    0,    0,    0,    0,    0,    0,    0,    0,    0,    0,    0,    0,    0,    0,    0,    0,    0,    0,    0,    0,    0,    0,    0,    0,    0,    0,    0,    0,    0,    0,    0,    0,    0,    0,    0,    0,    0,    0,    0,    0,    0,    0,    0,    0,    0,    0,    0,    0,    0,    0,    0,    0,    0,    0,    0,    0,    0,    0,    0,    0,    0,    0,    0,    0,    0,    0,    0,    0,    0,    0,    0,    0,    0,
       0,   32,    0,   21,  -11,    0,    0,    0,    0,    0,    0,    0,    0,    0,    0,    0,    0,    0,    0,    0,    0,    0,    0,    0,    0,    0,    0,    0,    0,    0,    0,    0,    0,    0,    0,    0,    0,    0,    0,    0,    0,    0,    0,    0,    0,    0,    0,    0,    0,    0,    0,    0,    0,    0,    0,    0,    0,    0,    0,    0,    0,    0,    0,    0,    0,    0,    0,    0,    0,    0,    0,    0,    0,    0,    0,    0,
       0,   21,    0,    0,  -85,    0,    0,    0,    0,    0,    0,    0,    0,    0,    0,    0,    0,    0,  -11,    0,  -11,    0,   -5,    0,    0,    0,    0,    0,    0,    0,    0,    0,    0,    0,    0,    0,    0,    0,    0,    0,    0,    0,    0,    0,    0,    0,    0,    0,    0,    0,    0,    0,    0,    0,    0,    0,    0,    0,    0,    0,    0,    0,    0,    0,    0,    0,    0,    0,    0,    0,    0,    0,    0,    0,    0,    0,
       0,   21,    0,    0,  -21,    0,    0,   11,    0,    0,    0,    0,    0,    0,    0,    0,    0,    0,    0,    0,    0,    0,    0,    0,    0,    0,    0,    0,    0,    0,    0,    0,    0,    0,    0,    0,    0,    0,    0,    0,    0,    0,    0,    0,    0,    0,    0,    0,    0,    0,    0,    0,    0,    0,    0,    0,    0,    0,    0,    0,    0,    0,    0,    0,    0,    0,    0,    0,    0,    0,    0,    0,    0,    0,    0,    0,
       0,    0,    0,    0,    0,    0,    0,    0,    0,    0,    0,    0,    0,    0,    0,    0,    0,    0,    0,    0,  -11,    0,    0,    0,    0,    0,    0,    0,    0,    0,    0,    0,    0,    0,    0,    0,    0,    0,    0,    0,    0,    0,    0,    0,    0,    0,    0,    0,    0,    0,    0,    0,    0,    0,    0,    0,    0,    0,    0,    0,    0,    0,    0,    0,    0,    0,    0,    0,    0,    0,    0,    0,    0,    0,    0,    0,
       0,    0,    0,    0,    0,    0,    0,    0,    0,    0,    0,   27,  -11,    0,   -5,    0,  -16,    0,    0,    0,    0,    0,    0,    0,    0,    0,    0,    0,    0,    0,    0,    0,    0,    0,    0,    0,    0,    0,    0,    0,    0,    0,    0,    0,    0,    0,    0,    0,    0,    0,    0,    0,    0,    0,    0,    0,    0,    0,    0,    0,    0,    0,    0,    0,    0,    0,    0,    0,    0,    0,    0,    0,    0,    0,    0,    0,
       0,    0,    0,    0,    0,    0,    0,    0,    0,    0,    0,    0,  -16,    0,   -5,    0,  -16,    0,    0,    0,    0,    0,    0,    0,    0,    0,    0,    0,    0,    0,    0,    0,    0,  -16,    0,    0,    0,    0,    0,   -5,    0,    0,    0,    0,    0,    0,    0,    0,    0,    0,    0,    0,    0,    0,    0,    0,    0,    0,    0,    0,    0,    0,    0,    0,    0,    0,    0,   -5,    0,    0,    0,    0,    0,    0,    0,    0,
       0,    0,    0,    0,    0,    0,    0,    0,    0,    0,    0,    0,  -32,    0,  -16,  -11,  -43,    0,    0,    0,    0,    0,    0,    0,    0,    0,    0,    0,    0,    0,    0,    0,    0,  -32,    0,    0,    0,    0,  -11,    0,    0,  -11,    0,    0,  -11,    0,    0,    0,    0,    0,    0,    0,    0,    0,    0,    0,    0,    0,    0,    0,    0,    0,    0,    0,    0,    0,    0,  -21,    0,    0,    0,    0,    0,    0,    0,    0,
       0,    0,    0,    0,    0,    0,    0,    0,    0,    0,    0,   53,  -21,    0,  -16,    0,  -21,    0,    0,    0,    0,    0,    0,    0,    0,    0,    0,    0,    0,    0,    0,    0,    0,    0,    0,    0,    0,    0,    0,    0,    0,    0,    0,    0,    0,    0,    0,    0,    0,    0,    0,    0,    0,    0,    0,    0,    0,    0,    0,    0,    0,    0,    0,    0,    0,    0,    0,    0,    0,    0,    0,    0,    0,    0,    0,    0,
       0,    0,    0,   27,    0,    0,    0,    0,    0,    0,    0,    0,    0,    0,    0,    0,    0,    0,    0,    0,    0,    0,    0,    0,    0,    0,    0,    0,    0,    0,    0,    0,    0,    0,    0,    0,    0,    0,    0,    0,    0,    0,    0,    0,    0,    0,    0,    0,    0,    0,    0,    0,    0,    0,    0,    0,    0,    0,    0,    0,    0,    0,    0,    0,    0,    0,    0,    0,    0,    0,    0,    0,    0,    0,    0,    0,
       0,  -37,    0,    0,    0,    0,    0,    0,    0,  -11,    0,   59,  -37,    0,  -21,    0,  -32,    0,    0,    0,    0,    0,    0,    0,    0,    0,    0,    0,    0,    0,    0,    0,    0,    0,    0,    0,    0,    0,    0,    0,    0,    0,    0,    0,    0,    0,    0,    0,    0,    0,    0,    0,    0,    0,    0,    0,    0,    0,    0,    0,    0,    0,    0,    0,    0,    0,    0,    0,    0,    0,    0,    0,    0,    0,    0,    0,
      62,   56,    0,   77,    0,    0,    0,   71,    0,    0,    0,    0,    0,    0,    0,    0,    0,    0,    0,   16,    0,    0,    0,    0,    0,    0,    0,    0,    0,    0,    0,   37,    0,    0,    0,    0,    0,    0,    0,    0,    0,    0,    0,    0,    0,    0,    0,    0,    0,    0,    0,    0,    0,    0,    0,    0,    0,    0,    0,    0,    0,    0,    0,    0,    0,    0,    0,    0,    0,    0,    0,    0,    0,    0,    0,   50,
       0,    0,    0,   27,    0,    0,    0,    0,    0,    0,    0,    0,    0,    0,    0,    0,    0,    0,    0,    0,    0,    0,    0,    0,    0,    0,    0,    0,    0,    0,    0,    0,   63,    0,    0,    0,    0,    0,    0,    0,    0,    0,    0,    0,    0,    0,    0,    0,    0,    0,    0,    0,    0,    0,    0,    0,    0,    0,    0,    0,    0,    0,    0,    0,    0,    0,    0,    0,    0,    0,    0,    0,    0,    0,    0,    0,
       0,    0,    0,    0,    0,    0,    0,    0,    0,    0,    0,   27,    0,    0,    0,    0,    0,    0,    0,    0,    0,    0,    0,    0,    0,    0,    0,    0,    0,    0,    0,    0,    0,    0,    0,    0,    0,    0,    0,    0,    0,    0,    0,    0,    0,    0,    0,    0,    0,    0,    0,    0,    0,    0,    0,    0,    0,    0,    0,    0,    0,    0,    0,    0,    0,    0,    0,    0,    0,    0,    0,    0,    0,    0,    0,    0,
      70,   71,    0,   87,    0,    0,    0,   75,    0,    0,    0,    0,    0,    0,    0,    0,    0,    0,    0,    0,    0,    0,    0,    0,    0,    0,    0,    0,    0,    0,    0,    0,    0,    0,    0,    0,    0,    0,    0,    0,    0,    0,    0,    0,    0,    0,    0,    0,    0,    0,    0,    0,    0,    0,    0,    0,    0,    0,    0,    0,    0,    0,    0,    0,    0,    0,    0,    0,    0,    0,    0,    0,    0,    0,    0,   50,
       0,    0,    0,    0,    0,    0,    0,    0,  -11,    0,   11,    0,   32,    0,   37,   27,   32,    0,    0,    0,    0,    0,    0,    0,    0,    0,    0,    0,    0,    0,    0,    0,    0,    0,    0,    0,    0,    0,    0,    0,    0,    0,    0,    0,    0,    0,    0,    0,    0,    0,    0,    0,    0,    0,    0,    0,    0,    0,    0,    0,    0,    0,    0,    0,    0,    0,    0,    0,    0,    0,    0,    0,    0,    0,    0,    0,
       0,    0,    0,    0,    0,    0,    0,    0,    0,    0,    0,    0,    0,    0,    0,    0,    0,    0,    0,   11,    0,   21,    0,    0,    0,    0,   27,    0,    0,    0,    0,    0,    0,    0,    0,    0,    0,    0,    0,    0,    0,    0,    0,    0,    0,    0,    0,    0,    0,    0,    0,    0,    0,    0,    0,    0,    0,    0,    0,    0,    0,    0,    0,    0,    0,    0,    0,    0,    0,    0,    0,    0,    0,    0,    0,    0,
       0,    0,    0,    0,    0,    0,    0,    0,  -16,   -5,   11,    0,   37,    0,   37,   27,   32,    0,  -16,    0,  -11,    0,  -11,    0,    0,    0,    0,    0,    0,    0,    0,    0,    0,    0,    0,    0,    0,    0,    0,    0,    0,    0,    0,    0,    0,    0,    0,    0,    0,    0,    0,    0,    0,    0,    0,    0,    0,    0,    0,    0,    0,    0,    0,    0,    0,    0,    0,    0,    0,    0,    0,    0,    0,    0,    0,    0,
       0,    0,    0,    0,    0,    0,    0,    0,    0,    0,    0,    0,    0,    0,    0,    0,    0,    0,    0,   11,    0,   27,    0,    0,    0,    0,   27,    0,    0,    0,    0,    0,    0,    0,    0,    0,    0,    0,    0,    0,    0,    0,    0,    0,    0,    0,    0,    0,    0,    0,    0,    0,    0,    0,    0,    0,    0,    0,    0,    0,    0,    0,    0,    0,    0,    0,    0,    0,    0,    0,    0,    0,    0,    0,    0,    0,
       0,    0,    0,    0,    0,    0,    0,    0,    0,    0,    0,    0,    0,    0,    0,    0,    0,    0,    0,    0,    0,    0,    0,    0,    0,    0,    0,    0,    0,    0,    0,    0,    0,    0,    0,    0,   27,    0,    0,    0,    0,    0,    0,    0,    0,    0,    0,    0,    0,    0,    0,    0,    0,    0,    0,    0,    0,    0,    0,    0,    0,    0,    0,    0,    0,    0,    0,    0,    0,    0,    0,    0,    0,    0,    0,    0,
       0,  -37,    0,    0,    0,    0,    0,    0,    0,    0,    0,    0,    0,    0,    0,    0,    0,    0,    0,    0,    0,    0,    0,    0,    0,    0,    0,    0,    0,    0,    0,    0,    0,  -27,    0,    0,    0,    0,  -11,    0,    0,    0,    0,    0,  -16,    0,    0,    0,    0,    0,    0,    0,    0,    0,  -11,  -11,  -11,    0,    0,    0,    0,    0,    0,    0,  -11,    0,  -21,  -32,  -27,  -11,    0,    0,    0,    0,    0,  -16,
       0,   11,    0,    0,  -27,  -21,  -16,    0,    0,    0,    0,    0,    0,    0,    0,    0,    0,    0,    0,    0,    0,    0,    0,    0,    0,    0,    0,    0,    0,  -16,    0,    0,    0,   11,  -11,    0,    0,  -13,    0,  -37,  -13,    0,    0,  -19,    0,    0,  -21,  -11,  -16,  -21,  -21,   -5,   -5,  -16,   -5,   -4,  -16,  -21,    0,  -11,    0,    0,    0,    0,    0,    0,    0,    5,    0,    0,    0,    0,    0,    0,    0,    0,
       0,    0,    0,    0,    0,    0,    0,    0,    0,    0,    0,    0,    0,    0,    0,    0,    0,    0,    0,    0,    0,    0,    0,    0,    0,    0,    0,    0,  -11,    0,    0,    0,    0,    0,  -11,    0,    0,    0,    0,    0,    0,    0,    0,  -16,    0,    0,    0,    0,    0,    0,    0,    0,    0,    0,    0,    0,  -11,    0,    0,    0,    0,    0,  -11,    0,    0,    0,    0,    0,    0,    0,  -11,    0,    0,    0,    0,    0,
       0,    0,    0,    0,  -11,    0,    0,    0,    0,    0,    0,    0,    0,    0,    0,    0,    0,    0,    0,    0,    0,    0,    0,    0,    0,    0,    0,    0,    0,    0,    0,    0,    0,    0,    0,    0,    0,    0,    0,    0,    0,    0,    0,   -5,    0,    0,    0,    0,    0,    0,    0,    0,    0,    0,    0,    0,    0,    0,    0,    0,    0,    0,    0,    0,    0,    0,    0,    0,    0,    0,    0,    0,    0,    0,    0,    0,
       0,  -48,    0,    0,   -5,    0,    0,    0,    0,    0,    0,    0,    0,    0,    0,    0,    0,    0,    0,    0,    0,    0,    0,    0,    0,    0,    0,    0,    0,    0,    0,    0,    0,  -32,    0,    0,    0,    0,  -11,    0,    0,    0,    0,    0,  -16,    0,    0,    0,    0,    0,    0,  -11,    0,    0,  -11,  -11,    0,  -11,    0,    0,    0,    0,    0,    0,    0,    0,    0,  -16,    0,    0,    0,    0,    0,    0,    0,  -32,
       0,   11,    0,    0,    0,   -5,   -5,    0,    0,    0,    0,    0,    0,    0,    0,    0,    0,    0,    0,    0,    0,    0,    0,    0,    0,    0,    0,    0,  -11,    0,    0,    0,    0,    0,  -11,    0,    0,    0,    0,    0,    0,    0,    0,  -21,   -5,    0,   -5,  -11,    0,    0,  -11,    0,    0,    0,   -5,   -5,  -11,    0,    0,    0,    0,    0,  -11,    0,    0,    0,    0,    0,    0,    0,  -27,    0,    0,    0,    0,    0,
       0,   11,    0,    0,  -37,  -11,   -5,    0,    0,    0,    0,    0,    0,    0,    0,    0,    0,    0,    0,    0,    0,    0,    0,    0,    0,    0,    0,    0,  -27,  -11,    0,    0,    0,    0,  -21,  -11,    0,  -42,    0,  -64,  -57,    0,    0,  -16,    0,  -19,  -27,  -21,   -5,  -50,  -38,  -16,  -11,  -27,    0,    0,  -11,  -27,   27,  -16,    0,    0,   -5,    0,    0,    0,    0,    0,    0,    0,  -11,  -16,  -27,    0,    0,    0,
       0,  -37,    0,    0,    0,    0,    0,    0,    0,    0,    0,    0,    0,    0,    0,    0,    0,    0,    0,    0,    0,    0,    0,    0,    0,    0,    0,    0,    0,   -5,    0,    0,    0,  -37,  -11,    0,   27,    0,  -10,    0,    0,    0,    0,  -19,  -32,    0,    0,    0,    0,    0,   -5,    0,    0,    0,  -16,  -11,  -16,    0,    0,    0,    0,    0,    0,    0,  -11,    0,  -21,  -27,  -32,    0,  -27,    0,    0,    0,   -5,  -21,
       0,    0,    0,    0,    0,    0,    0,    0,    0,    0,    0,    0,    0,    0,    0,    0,    0,    0,    0,    0,    0,    0,    0,    0,    0,    0,    0,    0,    0,    0,    0,    0,    0,    0,    0,    0,    0,    0,    0,    0,    0,    0,    0,    0,    0,    0,    0,    0,    0,    0,    0,   -5,    0,    0,    0,   -5,    0,    0,    0,    0,    0,    0,    0,    0,    0,    0,    0,    0,    0,    0,    0,    0,    0,    0,    0,    0,
       0,    0,    0,   -5,    0,    0,    0,    0,    0,    0,    0,    0,    0,    0,    0,    0,    0,    0,    0,    0,    0,    0,    0,    0,    0,    0,    0,    0,    0,    0,    0,    0,    0,    0,    0,    0,    0,    0,    0,    0,    0,    0,    0,    0,    0,    0,    0,    0,    0,    0,    0,   -5,    0,    0,    0,    0,   -8,   -5,    0,    0,    0,    0,    0,    0,    0,    0,    0,    0,    0,    0,    0,    0,    0,    0,    0,    0,
       0,    0,    0,    0,   16,    0,    0,    0,    0,    0,    0,    0,    0,    0,    0,    0,    0,    0,    0,    0,    0,    0,    0,    0,    0,    0,    0,    0,    0,    0,    0,    0,    0,    0,    0,    0,   48,   16,    0,    0,   21,    0,    0,   -5,  -13,    0,    0,    0,    0,   16,    0,    0,    0,   16,   -5,   16,  -11,    0,    0,    0,    0,   37,    0,    0,    0,    0,    0,    0,    0,    0,    0,    0,    0,    0,    0,    0,
       0,    0,    0,    0,  -21,    0,    0,    0,    0,    0,    0,    0,    0,    0,    0,    0,    0,    0,    0,    0,    0,    0,    0,    0,    0,    0,    0,    0,    0,    0,    0,    0,    0,  -11,    0,    0,    0,   -5,  -21,  -11,   -5,  -11,   -5,    0,    0,    0,    0,    0,    0,   -5,    0,   -8,    0,   -5,    0,    0,    0,   -5,    0,    0,    0,    0,    0,    0,    0,    0,   -5,   -5,   -5,    0,    0,    0,  -11,    0,    0,    0,
       0,    0,    0,    0,  -69,   -5,   -5,    0,    0,    0,    0,    0,    0,    0,    0,    0,    0,    0,    0,    0,    0,    0,    0,    0,    0,    0,    0,    0,  -11,   -5,    0,    0,    0,    0,    0,    0,    0,  -32,  -11,  -27,  -32,  -11,    0,   -5,    0,    0,  -13,    0,    0,  -27,   -5,    0,    0,  -21,    0,    0,    0,   -5,    0,    0,    0,    0,    0,    0,    0,    0,    0,    0,    0,    0,    0,    0,  -32,    0,    0,    0,
       0,   -5,    0,   -6,  -21,    0,   -5,    0,    0,    0,    0,    0,    0,    0,    0,    0,    0,    0,    0,    0,    0,    0,    0,    0,    0,    0,    0,    0,    0,    0,    0,    0,    0,  -19,    0,   -5,    0,  -10,  -16,  -19,  -16,  -21,  -16,    0,    0,   -5,    0,    0,    0,  -13,    0,   -8,    0,   -8,    0,    0,    0,   -5,    0,    0,    0,    0,    0,    0,    0,    0,    0,  -11,    0,    0,    0,    0,    0,    0,    0,    0,
       0,   -5,    0,    0,    0,    0,    0,    0,    0,    0,    0,    0,    0,    0,    0,    0,    0,    0,    0,    0,    0,    0,    0,    0,    0,    0,    0,    0,    0,    0,    0,    0,    0,  -21,    0,    0,    0,    0,  -18,    0,    0,    0,    0,    0,    0,    0,    0,    0,    0,    0,    0,  -11,    0,    0,   -5,   -5,    0,    0,    0,    0,    0,    0,    0,    0,    0,    0,    0,    0,    0,    0,    0,    0,    0,    0,    0,    0,
       0,   -3,    0,    0,    0,    0,    0,    0,    0,    0,    0,    0,    0,    0,    0,    0,    0,    0,    0,    0,    0,    0,    0,    0,    0,    0,    0,    0,    0,    0,    0,    0,    0,  -32,    0,    0,    0,    0,  -20,   -5,    0,  -16,    0,    0,    0,  -11,    0,    0,    0,   -5,    0,  -11,    0,    0,   -5,  -16,   -5,   -5,    0,    0,    0,    0,    0,    0,    0,    0,    0,    0,    0,    0,    0,    0,    0,    0,    0,    0,
       0,    0,    0,   -2,    0,    0,    0,    0,    0,    0,    0,    0,    0,    0,    0,    0,    0,    0,    0,    0,    0,    0,    0,    0,    0,    0,    0,    0,    0,    0,    0,    0,    0,  -16,    0,    0,    0,    0,   -5,    0,    0,   -5,    0,    0,    0,   -5,    0,    0,    0,    0,    0,  -11,    0,    0,   -5,   -5,    0,    0,    0,    0,    0,    0,    0,    0,    0,    0,    0,    0,    0,    0,    0,    0,    0,    0,    0,    0,
       0,   16,    0,    0,  -21,  -11,    0,    0,    0,    0,    0,    0,    0,    0,    0,    0,    0,    0,    0,    0,    0,    0,    0,    0,    0,    0,    0,    0,    0,    0,    0,    0,    0,    0,    0,    0,    0,  -11,    0,  -16,  -16,   -5,    0,    0,    0,    0,    0,    0,    0,  -21,   -5,    0,    0,  -16,    0,    0,    0,    0,    0,    0,    0,    0,    0,    0,    0,    0,    0,    0,    0,    0,    0,    0,    0,    0,    0,   21,
       0,   -5,    0,    0,   11,    0,    0,    0,    0,    0,    0,    0,    0,    0,    0,    0,    0,    0,    0,    0,    0,    0,    0,    0,    0,    0,    0,    0,    0,    0,    0,    0,    0,  -16,    0,    0,   53,   11,    0,    0,   16,    0,    0,    0,   -8,    0,    0,    0,    0,   11,    0,    0,    0,   13,   -8,    0,  -16,    0,    0,    0,    0,   32,    0,    0,    0,    0,    0,    0,    0,    0,    0,    0,    0,    0,    0,    0,
       0,   -3,    0,    0,    0,    0,    0,    0,    0,    0,    0,    0,    0,    0,    0,    0,    0,    0,    0,    0,    0,    0,    0,    0,    0,    0,    0,    0,    0,    0,    0,    0,    0,  -21,    0,    0,    0,    0,  -20,   -5,    0,  -11,    0,    0,    0,  -11,    0,    0,    0,   -5,    0,  -11,    0,    0,   -5,  -16,   -5,   -5,    0,    0,    0,    0,    0,    0,    0,    0,    0,    0,    0,    0,    0,    0,    0,    0,    0,    0,
       0,    0,    0,    0,    0,   -5,    0,    0,    0,    0,    0,    0,    0,    0,    0,    0,    0,    0,    0,    0,    0,    0,    0,    0,    0,    0,    0,    0,    0,    0,    0,    0,    0,   -5,   -8,    0,    0,    0,   -5,    0,    0,    0,    0,   -8,   -5,    0,  -11,    0,    0,    0,  -11,    0,    0,    0,    0,    0,  -11,   -5,    0,    0,    0,    0,    0,    0,    0,    0,    0,    0,    0,    0,    0,  -11,    0,    0,    0,   16,
       0,    0,    0,    0,    0,    0,    0,    0,    0,    0,    0,    0,    0,    0,    0,    0,    0,    0,    0,    0,    0,    0,    0,    0,    0,    0,    0,    0,    0,    0,    0,    0,    0,  -16,    0,    0,    0,    0,    0,    0,    0,    0,    0,    0,    0,    0,    0,    0,    0,    0,    0,    0,    0,    0,    0,    0,    0,    0,   -1,    0,    0,    0,    0,    0,    0,    0,    0,    0,    0,    0,    0,    0,    0,    0,    0,    0,
       0,   11,    0,    0,    0,    0,    0,    0,    0,    0,    0,    0,    0,    0,    0,    0,    0,    0,    0,    0,    0,    0,    0,    0,    0,    0,    0,    0,    0,    0,    0,    0,    0,  -11,    0,    0,    0,    0,    0,    0,    0,    0,    0,    0,    0,    0,    0,    0,    0,    0,   -5,    0,    0,    0,    0,    0,    0,   -5,    0,    0,    0,    0,    0,    0,    0,    0,    0,    0,    0,    0,    0,    0,    0,    0,    0,    0,
       0,   11,    0,    0,  -21,    0,    0,    0,    0,    0,    0,    0,    0,    0,    0,    0,    0,    0,    0,    0,    0,    0,    0,    0,    0,    0,    0,    0,    0,    0,    0,    0,    0,    0,    0,    0,    0,  -11,    0,  -11,  -16,   -5,    0,    0,    0,    0,   -5,    0,    0,  -27,  -16,    0,    0,  -27,    0,    0,    0,  -16,    0,    0,    0,    0,    0,    0,    0,    0,    0,    0,    0,    0,    0,    0,    0,    0,    0,   21,
       0,  -43,    0,    0,    0,    0,   -5,    0,    0,    0,    0,    0,    0,    0,    0,    0,    0,    0,    0,    0,    0,    0,    0,    0,    0,    0,    0,    0,    0,    0,    0,    0,    0,  -32,    0,    0,    0,    0,  -11,   -5,    0,   -5,    0,   -5,  -37,  -11,    0,    0,    0,    0,    0,  -11,    0,    0,  -32,  -24,  -21,  -11,    0,    0,    0,    0,    0,  -11,    0,    0,    0,    0,    0,  -16,    0,  -11,    0,    0,    0,  -16,
       0,   -5,    0,    0,    0,    0,    0,    0,    0,    0,    0,    0,    0,    0,    0,    0,    0,    0,    0,    0,    0,    0,    0,    0,    0,    0,    0,    0,    0,    0,    0,    0,    0,  -21,    0,    0,   43,    0,    0,    0,    0,    0,    0,    0,    0,    0,    0,    0,    0,    0,    0,    0,    0,    0,  -16,  -27,    0,    0,    0,    0,    0,   11,    0,    0,    0,    0,    0,    0,    0,    0,    0,    0,    0,    0,    0,    0,
       0,   16,    0,    0,  -21,  -11,    0,    0,    0,    0,    0,    0,    0,    0,    0,    0,    0,    0,    0,    0,    0,    0,    0,    0,    0,    0,    0,    0,    0,    0,    0,    0,    0,    0,    0,    0,    0,  -11,   13,  -16,  -16,   -5,    0,    0,    0,    0,    0,    0,    0,  -21,   -5,    0,    0,  -16,    0,    0,    0,    0,   13,    0,   13,    0,    0,    0,    0,    0,    0,    0,    0,    0,    0,    0,    0,    0,    0,   21,
       0,    0,    0,    0,    0,    0,    0,    0,    0,    0,    0,    0,    0,    0,    0,    0,    0,    0,    0,    0,    0,    0,    0,    0,    0,    0,    0,    0,    0,    0,    0,    0,    0,  -11,    0,    0,    0,    0,  -16,    0,    0,    0,    0,    0,    0,   -5,    0,    0,    0,    0,    0,    0,    0,    0,    0,    0,    0,  -11,    0,    0,    0,    0,    0,    0,    0,    0,    0,    0,    0,    0,    0,    0,    0,    0,    0,    0,
       0,   16,    0,    0,    0,    0,    0,    0,    0,    0,    0,    0,    0,    0,    0,    0,    0,    0,    0,    0,    0,    0,    0,    0,    0,    0,    0,    0,    0,    0,    0,    0,    0,   11,    0,    0,    0,    0,    0,    0,    0,    0,    0,    0,    0,    0,    0,    0,    0,    0,    0,    0,    0,    0,    0,    0,    0,    0,   22,    0,    9,    0,    0,    0,    0,    0,    0,    0,    0,    0,    0,    0,    0,    0,    0,    0,
       0,    0,    0,    0,    0,    0,    0,    0,    0,    0,    0,    0,    0,    0,    0,    0,    0,    0,    0,    0,    0,    0,    0,    0,    0,    0,    0,    0,    0,    0,    0,    0,    0,    0,    0,    0,   16,    0,    0,    0,    0,    0,    0,    0,    0,    0,    0,    0,    0,    0,    0,    0,    0,    0,    0,    0,    0,    0,    0,    0,    0,   11,    0,    0,    0,    0,    0,    0,    0,    0,    0,    0,    0,    0,    0,    0,
       0,   -5,    0,    0,    0,    0,    0,    0,    0,    0,    0,    0,    0,    0,    0,    0,    0,    0,    0,    0,    0,    0,    0,    0,    0,    0,    0,    0,    0,    0,    0,    0,    0,  -21,    0,    0,   21,    0,    0,    0,    0,    0,    0,    0,    0,    0,    0,    0,    0,    0,    0,    0,    0,    0,  -16,  -27,    0,    0,    0,    0,    0,    0,    0,    0,    0,    0,    0,    0,    0,    0,    0,    0,    0,    0,    0,    0,
       0,    0,    0,    0,  -21,    0,    0,    0,    0,    0,    0,    0,    0,    0,    0,    0,    0,    0,    0,    0,    0,    0,    0,    0,    0,    0,    0,    0,    0,    0,    0,    0,    0,    0,    0,    0,    0,    0,    0,    0,    0,    0,    0,    0,    0,    0,    0,    0,    0,  -11,    0,    0,    0,    0,    0,    0,    0,    0,    0,    0,    0,    0,    0,    0,    0,    0,    0,    0,    0,    0,    0,    0,    0,    0,    0,    0,
       0,  -21,    0,    0,    0,    0,    0,    0,    0,    0,    0,    0,    0,    0,    0,    0,    0,    0,    0,    0,    0,    0,    0,    0,    0,    0,    0,    0,    0,    0,    0,    0,    0,  -21,    0,    0,    0,    0,    0,    0,    0,    0,    0,    0,  -21,    0,    0,    0,    0,    0,    0,    0,    0,    0,  -11,    0,    0,    0,    0,    0,    0,    0,    0,    0,    0,    0,  -16,  -11,  -16,    0,    0,    0,    0,    0,    0,    0,
       0,  -37,    0,    0,    0,    0,    0,    0,    0,    0,    0,    0,    0,    0,    0,    0,    0,    0,    0,    0,    0,    0,    0,    0,    0,    0,    0,    0,    0,    0,    0,    0,    0,    0,    0,    0,    0,    0,    0,    0,    0,    0,    0,    0,    0,    0,  -11,    0,    0,    0,    0,    0,    0,    0,  -27,  -16,  -16,    0,    0,    0,    0,    0,    0,  -11,    0,    0,    0,    0,    0,  -11,    0,  -11,    0,    0,    0,    0,
       0,    0,    0,    0,  -21,    0,    0,    0,    0,    0,    0,    0,    0,    0,    0,    0,    0,    0,    0,    0,    0,    0,    0,    0,    0,    0,    0,    0,    0,    0,    0,    0,    0,    0,    0,    0,    0,    0,    0,    0,    0,    0,    0,    0,    0,    0,    0,    0,    0,    0,    0,    0,    0,    0,    0,    0,    0,    0,    0,    0,    0,    0,    0,    0,    0,    0,   -5,    0,   -5,    0,    0,    0,    0,    0,    0,    0,
       0,    0,    0,    0,  -32,  -21,    0,    0,    0,    0,    0,    0,    0,    0,    0,    0,    0,    0,    0,    0,    0,    0,    0,    0,    0,    0,    0,    0,  -32,  -16,    0,    0,    0,   11,  -11,    0,    0,  -21,    0,  -37,  -27,    0,    0,  -15,    0,    0,  -37,    0,    0,  -32,    0,  -11,  -11,    0,  -21,  -21,  -27,    0,    0,    0,    0,    0,  -11,  -11,    0,  -27,    0,    0,    0,  -21,  -27,  -37,  -27,  -43,    0,    0,
       0,    0,    0,    0,  -27,  -11,    0,    0,    0,    0,    0,    0,    0,    0,    0,    0,    0,    0,    0,    0,    0,    0,    0,    0,    0,    0,    0,    0,    0,    0,    0,    0,    0,    0,    0,    0,    0,    0,    0,  -16,    0,    0,    0,    0,    0,    0,   -5,    0,    0,  -21,   -5,    0,    0,  -16,    0,    0,    0,    0,    0,    0,    0,    0,    0,    0,    0,    0,    0,    0,    0,    0,    0,    0,    0,    0,    0,    0,
       0,    0,    0,    0,  -27,  -11,    0,    0,    0,    0,    0,    0,    0,    0,    0,    0,    0,    0,    0,    0,    0,    0,    0,    0,    0,    0,    0,    0,    0,    0,    0,    0,    0,   11,    0,    0,    0,    0,    0,  -32,    0,    0,    0,    0,    0,    0,  -21,    0,    0,  -27,    0,  -11,  -11,    0,    0,    0,  -27,    0,   11,    0,    0,    0,  -11,    0,    0,  -16,    0,   11,    0,    0,  -11,  -16,  -21,    0,    0,    0,
       0,    0,    0,    0,  -16,    0,    0,    0,    0,    0,    0,    0,    0,    0,    0,    0,    0,    0,    0,    0,    0,    0,    0,    0,    0,    0,    0,    0,    0,    0,    0,    0,    0,    0,    0,    0,    0,    0,    0,    0,    0,    0,    0,    0,    0,    0,  -11,    0,    0,  -16,    0,    0,    0,    0,    0,    0,    0,    0,    0,    0,    0,    0,    0,    0,    0,    0,    0,    0,    0,    0,    0,    0,    0,    0,    0,    0,
       0,    0,    0,    0,    0,    0,    0,    0,    0,    0,    0,    0,    0,    0,    0,    0,    0,    0,    0,    0,    0,    0,    0,    0,    0,    0,    0,    0,    0,    0,    0,    0,    0,    0,    0,    0,    0,    0,    0,    0,    0,    0,    0,    0,    0,    0,    0,    0,    0,    0,    0,    0,    0,    0,  -11,    0,  -27,    0,    0,    0,    0,    0,  -11,    0,    0,    0,    0,    0,    0,    0,  -27,  -11,    0,    0,    0,    0,
       0,    0,    0,    0,    0,    0,    0,    0,    0,    0,    0,    0,    0,    0,    0,    0,    0,    0,    0,    0,    0,    0,    0,    0,    0,    0,    0,    0,    0,    0,    0,    0,    0,    0,    0,    0,    0,    0,    0,    0,    0,    0,    0,    0,    0,    0,   -5,    0,    0,    0,    0,    0,    0,    0,    0,    0,   -5,    0,    0,    0,    0,    0,    0,    0,    0,    0,    0,    0,    0,    0,    0,    0,    0,    0,    0,    0,
       0,    0,    0,    0,  -32,    0,    0,    0,    0,    0,    0,    0,    0,    0,    0,    0,    0,    0,    0,    0,    0,    0,    0,    0,    0,    0,    0,    0,    0,    0,    0,    0,    0,    0,    0,    0,    0,    0,    0,  -32,    0,    0,    0,    0,    0,    0,  -27,    0,    0,  -27,    0,    0,    0,    0,    0,    0,  -21,    0,   11,    0,    0,    0,  -11,    0,    0,  -16,    0,    0,    0,    0,    0,  -21,  -21,  -21,   -5,    0,
       0,    0,    0,    0,  -21,    0,    0,    0,    0,    0,    0,    0,    0,    0,    0,    0,    0,    0,    0,    0,    0,    0,    0,    0,    0,    0,    0,    0,    0,    0,    0,    0,    0,    0,    0,    0,    0,    0,    0,    0,    0,    0,    0,    0,    0,    0,    0,    0,    0,   -5,    0,    0,    0,    0,    0,    0,    0,    0,    0,    0,    0,    0,    0,    0,    0,    0,    0,    0,    0,    0,    0,    0,    0,    0,    0,    0,
       0,    0,    0,    0,    0,    0,    0,    0,    0,    0,    0,    0,    0,    0,    0,    0,    0,    0,    0,    0,    0,    0,    0,    0,    0,    0,    0,    0,    0,    0,    0,    0,    0,  -11,    0,    0,    0,    0,    0,    0,    0,    0,    0,    0,    0,    0,    0,    0,    0,    0,    0,    0,    0,    0,    0,    0,    0,    0,    0,    0,    0,    0,    0,    0,    0,    0,   -5,    0,   -5,    0,    0,    0,    0,    0,    0,    0,
       0,   -5,    0,    0,    0,    0,    0,    0,    0,    0,    0,    0,    0,    0,    0,    0,    0,    0,    0,    0,    0,    0,    0,    0,    0,    0,    0,    0,    0,    0,    0,    0,    0,    0,    0,    0,    0,    0,    0,    0,    0,    0,    0,    0,    0,    0,    0,    0,    0,    0,    0,  -11,    0,    0,    0,   -5,    0,    0,    0,    0,    0,    0,    0,    0,    0,    0,    0,    0,    0,    0,    0,    0,    0,    0,    0,    0,
};

static const EpdLigaturePair notosans_16_boldLigaturePairs[] = {
    { 0x00660066, 0xFB00 }, // f f -> U+FB00
    { 0x00660069, 0xFB01 }, // f i -> U+FB01
    { 0x0066006C, 0xFB02 }, // f l -> U+FB02
    { 0xFB000069, 0xFB03 }, // U+FB00 i -> U+FB03
    { 0xFB00006C, 0xFB04 }, // U+FB00 l -> U+FB04
};

static const EpdFontData notosans_16_bold = {
    notosans_16_boldBitmaps,
    notosans_16_boldGlyphs,
    notosans_16_boldIntervals,
    20,
    45,
    36,
    -10,
    true,
    notosans_16_boldGroups,
    13,
    nullptr,
    notosans_16_boldKernLeftClasses,
    notosans_16_boldKernRightClasses,
    notosans_16_boldKernMatrix,
    478,
    474,
    88,
    76,
    notosans_16_boldLigaturePairs,
    5,
};
