/**
 * generated by fontconvert.py
 * name: notoserif_18_regular
 * size: 18
 * mode: 2-bit  compressed: true
 * Command used: fontconvert.py notoserif_18_regular 18 ../builtinFonts/source/NotoSerif/NotoSerif-Regular.ttf --2bit --compress --pnum --force-autohint
 */
#pragma once
#include "EpdFontData.h"

static const uint8_t notoserif_18_regularBitmaps[43351] = {
    0xBD, 0x5A, 0xBF, 0x8F, 0xDD, 0x56, 0x76, 0xBE, 0x24, 0x65, 0x11, 0x0B, 0x22, 0xCB, 0x2A, 0xC0,
    0x06, 0x0A, 0xC4, 0x2D, 0xB6, 0x58, 0x20, 0xB2, 0xD8, 0x2E, 0x90, 0x99, 0x21, 0x8D, 0x2D, 0xB6,
    0x5C, 0x17, 0x49, 0xBB, 0xC9, 0x7F, 0x30, 0x4D, 0x0A, 0x17, 0xA3, 0x21, 0x11, 0x77, 0x49, 0x11,
    0xFD, 0x05, 0x89, 0x8B, 0xF4, 0x5A, 0x20, 0x42, 0xA0, 0x62, 0x6C, 0xD2, 0x76, 0xB9, 0x85, 0x89,
    0xDD, 0x3F, 0x20, 0x04, 0x6C, 0x20, 0xC5, 0x22, 0x30, 0x61, 0x73, 0x13, 0xCA, 0x22, 0x79, 0xF3,
    0x7D, 0xDF, 0xE1, 0x9B, 0xF7, 0x46, 0x1A, 0xC9, 0x63, 0xAD, 0xB5, 0xF3, 0xC8, 0x73, 0xDF, 0x3C,
    0xDE, 0x1F, 0xE7, 0x9E, 0xDF, 0xE7, 0x5C, 0xFA, 0xB6, 0xA9, 0xED, 0x53, 0x95, 0xF6, 0x29, 0xDC,
    0xD5, 0xCF, 0x7D, 0x7D, 0xF8, 0x57, 0x38, 0xDF, 0xF2, 0x83, 0x36, 0x9A, 0x9B, 0x90, 0xD7, 0x79,
    0x30, 0xE1, 0x3A, 0x76, 0x23, 0xAE, 0x23, 0x37, 0xE0, 0x72, 0x51, 0x9B, 0xB4, 0x2E, 0x6E, 0x93,
    0xDA, 0x25, 0x6D, 0x5A, 0xBA, 0xA4, 0x4E, 0x9D, 0x4B, 0xCB, 0x0C, 0xC0, 0xE5, 0xCE, 0x65, 0x98,
    0xAB, 0xF0, 0xDE, 0xCF, 0x02, 0x7F, 0x7E, 0xFE, 0xB7, 0x0F, 0xFE, 0xC6, 0x1D, 0xB9, 0x33, 0x87,
    0xEB, 0x09, 0xC1, 0xE8, 0xD0, 0x02, 0x4C, 0x98, 0xC9, 0x8D, 0x01, 0xC0, 0x10, 0xF6, 0x0E, 0x7D,
    0xFD, 0x20, 0x10, 0x75, 0x51, 0xEB, 0xA2, 0x2E, 0x6E, 0xB9, 0x4E, 0xFD, 0x92, 0x75, 0x00, 0xF0,
    0xF8, 0x0A, 0x38, 0xF5, 0xB5, 0x8B, 0xBC, 0x9F, 0x5C, 0xFA, 0xF5, 0xA7, 0x8B, 0xCB, 0x3E, 0x6D,
    0xBD, 0x2B, 0x3E, 0x6D, 0x1B, 0x57, 0xBC, 0xDF, 0x3E, 0x20, 0xF8, 0x09, 0xFF, 0x75, 0x2E, 0xFF,
    0x1D, 0x40, 0xFA, 0x0C, 0x20, 0xF6, 0x00, 0x01, 0x06, 0xE0, 0x47, 0x8C, 0xC5, 0x60, 0x60, 0x15,
    0x7D, 0xB9, 0x00, 0x7C, 0xE2, 0x39, 0x69, 0x53, 0x1E, 0x45, 0x6D, 0x51, 0xCF, 0x04, 0x0B, 0xC1,
    0x1A, 0xB5, 0x55, 0xD9, 0xFC, 0x9C, 0x33, 0xFF, 0xEE, 0x37, 0xB3, 0x4B, 0xBD, 0xEF, 0x5D, 0xD0,
    0x3C, 0x7D, 0x11, 0x17, 0x81, 0xA0, 0xE6, 0xF4, 0x0F, 0xB9, 0x67, 0x74, 0xD5, 0x8E, 0x5D, 0xFE,
    0xF1, 0xE2, 0xB8, 0xE5, 0xA2, 0x6C, 0x5C, 0xD4, 0x3B, 0xD7, 0xB8, 0x0A, 0x3B, 0x74, 0x0E, 0x33,
    0x96, 0x29, 0xFA, 0xAF, 0xAE, 0xA8, 0xB9, 0x37, 0xB6, 0x27, 0x5B, 0x7B, 0xB6, 0xB5, 0x44, 0x14,
    0xFD, 0xDE, 0x19, 0xB2, 0x89, 0xE3, 0xA2, 0xDE, 0xFB, 0x12, 0xF3, 0xC4, 0x9F, 0xCC, 0x59, 0x8B,
    0x79, 0xD3, 0xF7, 0xC7, 0xA4, 0xC7, 0x3A, 0x59, 0x3C, 0xC4, 0x43, 0xE0, 0xEB, 0x93, 0x64, 0x88,
    0xB0, 0xA8, 0x3B, 0x4B, 0xFB, 0x88, 0x43, 0x27, 0x6B, 0x83, 0xC1, 0xDA, 0xA8, 0xB7, 0x36, 0x6E,
    0xAD, 0x4D, 0x6B, 0xEB, 0x9F, 0x39, 0x8E, 0x77, 0xEE, 0xC4, 0x45, 0x98, 0x8F, 0xC8, 0x87, 0x98,
    0x5F, 0xC8, 0x37, 0xBE, 0x14, 0xF2, 0x58, 0xDF, 0x25, 0xD8, 0x3A, 0xFE, 0x2A, 0xBF, 0x70, 0xA7,
    0xFE, 0x1D, 0x3C, 0x72, 0xD1, 0xEC, 0x8A, 0x76, 0xDF, 0x4C, 0x2E, 0xDF, 0x1A, 0x12, 0x02, 0x3F,
    0x72, 0xC0, 0xE2, 0x1E, 0x48, 0xD0, 0x02, 0x0D, 0xCF, 0xFE, 0x09, 0x94, 0x69, 0x5D, 0x45, 0x5A,
    0xB6, 0x60, 0x9E, 0x4B, 0x47, 0x97, 0x0E, 0x4D, 0x9D, 0xB6, 0x98, 0xA2, 0xE8, 0x41, 0x91, 0xAA,
    0x4C, 0x27, 0xF0, 0x1E, 0xD4, 0x5A, 0x32, 0x6E, 0xDF, 0xF9, 0x5F, 0x91, 0x1A, 0xAE, 0x58, 0xD4,
    0x64, 0xB3, 0x7E, 0x8C, 0x67, 0x92, 0xD2, 0x85, 0xF8, 0x5A, 0x95, 0x60, 0x64, 0xED, 0x8A, 0xCE,
    0xA5, 0x5F, 0xF6, 0x2E, 0x9D, 0x82, 0x26, 0x9D, 0xF0, 0xC0, 0x4F, 0x91, 0x1F, 0x5C, 0xBE, 0x96,
    0x01, 0xC4, 0x0C, 0x7D, 0x1B, 0x77, 0x8E, 0xCF, 0x31, 0x3E, 0x47, 0xF8, 0xF0, 0x0F, 0x18, 0x25,
    0x1D, 0x91, 0x9C, 0xB1, 0x73, 0x87, 0xAD, 0x03, 0x09, 0x6C, 0xA0, 0x28, 0xF9, 0x5B, 0xA5, 0xF9,
    0xBD, 0xAE, 0xF5, 0x85, 0xCB, 0xEB, 0x69, 0xA3, 0x6E, 0xEC, 0x5F, 0x3B, 0x50, 0x2C, 0xED, 0x40,
    0x49, 0x17, 0x82, 0x56, 0x1F, 0x3A, 0x92, 0x20, 0xEE, 0x9C, 0x7B, 0x17, 0xEB, 0xFC, 0xDA, 0x61,
    0x61, 0x76, 0x88, 0x06, 0x17, 0x4C, 0xA4, 0x88, 0x86, 0x39, 0x0E, 0xC3, 0x7A, 0x78, 0x90, 0x75,
    0x1C, 0x9C, 0xF6, 0xD7, 0x5D, 0x7A, 0x94, 0xA9, 0xDB, 0x25, 0x72, 0x1F, 0x11, 0xE7, 0x50, 0x38,
    0x63, 0x9D, 0x07, 0xB6, 0x0C, 0x79, 0x48, 0x09, 0x8B, 0x3A, 0xF7, 0x76, 0xD4, 0xDD, 0x2B, 0x3E,
    0xF9, 0x78, 0x2D, 0xFE, 0xF7, 0xB3, 0x35, 0xF0, 0x90, 0x48, 0x50, 0x99, 0x6D, 0xF1, 0xCD, 0x67,
    0x2B, 0x7F, 0xE7, 0x73, 0xF6, 0x53, 0x7F, 0x8D, 0x6B, 0x5F, 0x79, 0xFB, 0xED, 0xEF, 0x55, 0x7D,
    0xB2, 0xBA, 0xE8, 0x8B, 0x21, 0x87, 0x28, 0x85, 0x7D, 0x08, 0x8D, 0xCE, 0x80, 0xE2, 0x43, 0x27,
    0x1D, 0xE7, 0xB5, 0x37, 0x34, 0xB4, 0x06, 0x34, 0x07, 0x03, 0x45, 0x0B, 0x86, 0x00, 0x78, 0x44,
    0xB4, 0x2E, 0x50, 0x77, 0x28, 0x3B, 0x54, 0x9D, 0xBA, 0x0E, 0xEB, 0x74, 0xEC, 0xC8, 0xA7, 0xB3,
    0xD7, 0xEC, 0xEE, 0xEE, 0xAC, 0xD4, 0x1E, 0x08, 0x6D, 0x34, 0x81, 0x25, 0xA0, 0xE4, 0x4A, 0x12,
    0x56, 0x24, 0x7A, 0x51, 0x83, 0x8C, 0x39, 0x34, 0x1B, 0xBF, 0x80, 0x87, 0x59, 0x07, 0x90, 0xF6,
    0x7E, 0x07, 0x86, 0x97, 0x81, 0xBE, 0xD9, 0x40, 0xD6, 0x69, 0xAC, 0x66, 0x11, 0x53, 0x34, 0x33,
    0xB8, 0xB1, 0x60, 0x35, 0xEA, 0x16, 0xD7, 0x35, 0x0C, 0x22, 0xAA, 0x0F, 0xEE, 0x66, 0x70, 0xF1,
    0x97, 0x83, 0xAB, 0x3E, 0x1B, 0x9C, 0x4F, 0x07, 0xF7, 0x1E, 0x6E, 0xF7, 0x7D, 0xDC, 0xF9, 0x44,
    0xDB, 0x4B, 0xD3, 0x3B, 0x07, 0xCD, 0x44, 0x0B, 0x55, 0x17, 0x5D, 0x36, 0x54, 0x65, 0x32, 0x42,
    0x85, 0xE6, 0x8F, 0x70, 0x43, 0xB1, 0xE7, 0x5B, 0x54, 0x52, 0x27, 0x33, 0x00, 0xE2, 0x24, 0x1C,
    0xDC, 0x49, 0x48, 0xA5, 0xA4, 0x78, 0x14, 0xE2, 0x27, 0x68, 0x83, 0xCB, 0x4A, 0x5A, 0x02, 0x69,
    0x3F, 0x50, 0x7F, 0x0B, 0x76, 0x3F, 0xA5, 0x89, 0x07, 0x5D, 0x0B, 0x7F, 0xF0, 0x17, 0x34, 0xD4,
    0x45, 0x6E, 0xB3, 0xE8, 0xA1, 0x8B, 0x4D, 0x1D, 0x2E, 0x0E, 0x16, 0x61, 0x35, 0xA5, 0xB9, 0x23,
    0x25, 0x91, 0xA4, 0xC3, 0x98, 0x6C, 0xB2, 0x69, 0xAB, 0xF1, 0xBF, 0x82, 0x36, 0xD2, 0x9D, 0xD2,
    0x46, 0x45, 0xEA, 0xE7, 0x65, 0x59, 0x6A, 0x3E, 0x6A, 0xF7, 0xE0, 0xC7, 0xD4, 0x90, 0x91, 0x0A,
    0x4E, 0x8A, 0x62, 0x32, 0xAC, 0x51, 0x95, 0xD9, 0x08, 0xE3, 0xED, 0x3B, 0x68, 0x38, 0xC7, 0x6B,
    0x5B, 0x2E, 0x21, 0xA0, 0x65, 0x70, 0x7F, 0x4D, 0xF0, 0x1F, 0x00, 0xC1, 0xE7, 0xDC, 0xEF, 0xA7,
    0x00, 0xC9, 0xFB, 0x00, 0x29, 0xFB, 0x1D, 0x13, 0x9C, 0x11, 0x0C, 0x00, 0x61, 0x0F, 0x10, 0xB7,
    0x00, 0x69, 0x09, 0x90, 0x73, 0xAA, 0x07, 0x04, 0xFB, 0x5D, 0x6E, 0xD3, 0x5F, 0x07, 0x62, 0x2F,
    0xF1, 0x9A, 0x05, 0x62, 0xEF, 0x57, 0xB7, 0x07, 0x49, 0xE9, 0xEE, 0x12, 0xFC, 0x90, 0xE0, 0x2D,
    0x8A, 0xA8, 0x7B, 0x01, 0x3C, 0x7A, 0x2A, 0xFA, 0x75, 0xE8, 0x49, 0xEB, 0xEA, 0xC2, 0x03, 0x42,
    0x94, 0x4E, 0xB6, 0xE1, 0x2A, 0x35, 0xF4, 0xDB, 0x3D, 0x3E, 0x3D, 0x63, 0xBF, 0x73, 0x17, 0x2C,
    0xF8, 0x21, 0x19, 0x6D, 0x16, 0x73, 0x4A, 0xB7, 0x49, 0xD8, 0x0A, 0x48, 0x05, 0x4B, 0xB0, 0x92,
    0x7F, 0x15, 0xD9, 0x5C, 0x50, 0xF0, 0x7F, 0x46, 0xD3, 0x61, 0xDC, 0xA6, 0xF5, 0x91, 0xF1, 0xC2,
    0x3C, 0xC9, 0x5A, 0x3A, 0xDF, 0xC0, 0x50, 0xFA, 0x11, 0x6C, 0x84, 0x19, 0xF5, 0xB2, 0x6D, 0x25,
    0xED, 0x6A, 0xED, 0xB9, 0x24, 0x01, 0xB5, 0xA4, 0x68, 0x69, 0xB4, 0x6A, 0x59, 0xBB, 0x9C, 0x66,
    0x1A, 0x93, 0x36, 0xD7, 0xCA, 0x3C, 0x29, 0xD7, 0x5E, 0x82, 0x72, 0xE4, 0xAA, 0x3D, 0x57, 0xED,
    0x69, 0x19, 0x3B, 0x89, 0x9B, 0x0C, 0xA1, 0x64, 0x51, 0x1A, 0xC2, 0x79, 0x4C, 0x24, 0x89, 0xAB,
    0x89, 0xCA, 0x01, 0xAE, 0x94, 0x23, 0x8D, 0x92, 0x30, 0xDD, 0x74, 0xD4, 0x1D, 0x6C, 0x07, 0x56,
    0x0F, 0x66, 0x72, 0x02, 0x75, 0x61, 0x01, 0x3C, 0x2D, 0x68, 0x55, 0x17, 0xF2, 0x35, 0x3B, 0x50,
    0x9B, 0x02, 0x0F, 0xDC, 0xCC, 0xE4, 0xE8, 0x39, 0x7E, 0xD1, 0x91, 0x88, 0x9C, 0x94, 0x84, 0x5D,
    0xA0, 0x55, 0xC9, 0x90, 0x78, 0xB2, 0xC0, 0xD3, 0x66, 0x14, 0x1D, 0x9E, 0x65, 0xFD, 0xF3, 0xA6,
    0x01, 0x06, 0xA1, 0xD3, 0x7C, 0xD9, 0x18, 0x78, 0x8B, 0x4B, 0xDC, 0x29, 0xA8, 0xEB, 0x4E, 0x9F,
    0xD2, 0x4F, 0xC1, 0xE9, 0xA5, 0x03, 0xF4, 0x2E, 0x6F, 0x41, 0x2B, 0x10, 0x71, 0x31, 0x4D, 0x21,
    0x9D, 0x05, 0xCA, 0x4B, 0x62, 0x6F, 0x14, 0x2F, 0x0D, 0x3F, 0xDF, 0x66, 0x23, 0xE2, 0x16, 0xC8,
    0x15, 0x24, 0xE2, 0xF4, 0x0B, 0x13, 0x0B, 0x81, 0xF2, 0x0A, 0x27, 0x37, 0x12, 0xFD, 0x88, 0x6E,
    0xE1, 0x88, 0xFA, 0x96, 0x97, 0xD8, 0x58, 0x0A, 0x69, 0xC4, 0xE2, 0xBD, 0x16, 0xB8, 0xB4, 0xBF,
    0xD7, 0xFD, 0xED, 0xED, 0x33, 0xB6, 0x31, 0xF0, 0x93, 0xB6, 0xD7, 0xF5, 0x7B, 0xCB, 0xE5, 0x7A,
    0x9E, 0x0D, 0x11, 0x0C, 0x3D, 0x03, 0xB6, 0x73, 0x99, 0xDB, 0xED, 0x2F, 0x36, 0xA4, 0x62, 0x2C,
    0x9B, 0xF7, 0x72, 0xCF, 0x19, 0x5D, 0x4F, 0x29, 0x21, 0x6F, 0x6A, 0x93, 0xF0, 0xA2, 0xB7, 0x1E,
    0xAE, 0x02, 0xA5, 0x13, 0x62, 0xCE, 0x27, 0x09, 0x63, 0x15, 0x91, 0x5D, 0x01, 0xC6, 0xA5, 0x0A,
    0x5E, 0xFF, 0x77, 0xF8, 0xBC, 0xDB, 0xF6, 0xDF, 0x74, 0x36, 0x0B, 0xE5, 0x98, 0xEB, 0x6A, 0x61,
    0x97, 0x8F, 0x9B, 0x76, 0x79, 0x33, 0x14, 0xE8, 0x15, 0xD3, 0x05, 0xF7, 0xFA, 0x15, 0x58, 0xD2,
    0x70, 0x69, 0x0F, 0xA4, 0x68, 0xE8, 0xBF, 0xA0, 0x7D, 0x29, 0xAB, 0x3E, 0xEB, 0x7C, 0x19, 0x83,
    0xB9, 0xD1, 0xF4, 0x11, 0xE4, 0xEE, 0x2F, 0x24, 0x7B, 0xD1, 0x76, 0xC7, 0xD3, 0x66, 0x7D, 0x3B,
    0x2A, 0x8B, 0xE6, 0xA3, 0x18, 0xA6, 0xEE, 0xEA, 0xFD, 0xD6, 0x15, 0x02, 0x63, 0xA1, 0x76, 0x7F,
    0x1B, 0x23, 0x4E, 0xFD, 0x07, 0x6C, 0x12, 0x2A, 0x0A, 0x77, 0xF0, 0x85, 0x3B, 0xA5, 0x0B, 0xC7,
    0x7C, 0x8C, 0x23, 0x32, 0xCA, 0xF7, 0xF9, 0x66, 0x11, 0x32, 0x0A, 0xCD, 0x9D, 0xE5, 0x56, 0xD2,
    0x42, 0x01, 0xBC, 0x7F, 0x12, 0xB5, 0x71, 0x1F, 0x2D, 0xF1, 0x14, 0xF6, 0x69, 0x9B, 0x22, 0x92,
    0x0B, 0x86, 0x0C, 0xB2, 0x0C, 0xBD, 0x80, 0xAF, 0xAD, 0x6A, 0x6B, 0x1B, 0x4A, 0xC2, 0x70, 0x0E,
    0x6B, 0x1C, 0xF7, 0x6E, 0xF8, 0x10, 0x26, 0x23, 0xE9, 0x82, 0x61, 0x46, 0x6C, 0x96, 0xB6, 0x41,
    0x3F, 0x87, 0x6C, 0xC3, 0xCE, 0xDA, 0xA8, 0x65, 0x9B, 0xB5, 0x71, 0xCB, 0xE7, 0x05, 0x02, 0xF0,
    0x19, 0xE3, 0x2A, 0x39, 0xF2, 0xE6, 0x9D, 0xCF, 0xFB, 0x0B, 0x28, 0x6F, 0xEE, 0xFF, 0x11, 0xB6,
    0xE2, 0x9C, 0x1B, 0x86, 0xB9, 0xDE, 0xC9, 0x52, 0x56, 0x5B, 0x9B, 0xF6, 0xD6, 0x2A, 0xFA, 0x8C,
    0x36, 0x6E, 0x9E, 0x02, 0xF7, 0xE2, 0x0F, 0xEE, 0xCE, 0x24, 0xA3, 0xE9, 0xBD, 0xFA, 0xFE, 0x15,
    0xA8, 0xAC, 0x10, 0x6C, 0x76, 0x97, 0x46, 0x7C, 0xE7, 0x0C, 0x40, 0x0C, 0x9B, 0x4D, 0xBB, 0x76,
    0x99, 0xA4, 0xDD, 0xDD, 0xCF, 0x25, 0x8E, 0xC7, 0x19, 0x99, 0xCD, 0x10, 0x97, 0xCD, 0x44, 0x47,
    0x06, 0x6B, 0x1E, 0x93, 0x7B, 0xE1, 0x60, 0xD6, 0xB9, 0x33, 0x8F, 0xD3, 0x06, 0x9C, 0x2D, 0xA9,
    0x25, 0x71, 0x0A, 0x28, 0x65, 0x70, 0xB9, 0x3E, 0x3D, 0x59, 0xAB, 0x88, 0x81, 0xFC, 0xBB, 0x30,
    0xC4, 0x8D, 0xA3, 0x8C, 0x76, 0x31, 0x1B, 0xBD, 0x21, 0x76, 0x41, 0x23, 0x83, 0x49, 0x93, 0x51,
    0x48, 0x71, 0x90, 0x82, 0x19, 0x35, 0x8D, 0xF7, 0x4F, 0xC9, 0x3F, 0x59, 0xDF, 0x55, 0xFB, 0x5B,
    0xE9, 0xA1, 0xF6, 0x41, 0x62, 0xF3, 0x02, 0x3C, 0x88, 0x25, 0x89, 0xE4, 0xAA, 0xC8, 0xC0, 0x58,
    0xAF, 0x79, 0xC8, 0xA7, 0xF9, 0xA0, 0x67, 0x51, 0x0A, 0xD6, 0x84, 0xD8, 0xFF, 0x73, 0xB0, 0x68,
    0xF7, 0x4F, 0x1B, 0x0A, 0x33, 0xB8, 0x42, 0x7C, 0x46, 0xC4, 0xED, 0x9E, 0x96, 0x07, 0x4E, 0xBA,
    0xE4, 0x9E, 0x61, 0xDB, 0x1E, 0x26, 0x64, 0x6E, 0xB8, 0x90, 0x60, 0x0B, 0x45, 0xF5, 0x82, 0xF4,
    0xFC, 0xFB, 0xE7, 0x8C, 0x88, 0x08, 0xBF, 0xBE, 0x0C, 0xF8, 0xCB, 0x7E, 0x1A, 0xA1, 0xB1, 0xE2,
    0x8A, 0x78, 0xC2, 0x99, 0xFF, 0x4C, 0x5E, 0xD6, 0xF9, 0x87, 0xB7, 0x67, 0x2A, 0x11, 0x73, 0xA5,
    0x6F, 0x36, 0x64, 0x0C, 0x31, 0x10, 0x2A, 0x36, 0x0A, 0x54, 0x42, 0x3E, 0x63, 0x58, 0xC6, 0xA1,
    0xAB, 0xE8, 0xBD, 0xCA, 0xC2, 0xAF, 0x52, 0xE7, 0x55, 0xCB, 0x9A, 0xDE, 0xAE, 0x5A, 0xF8, 0x55,
    0xD0, 0xEF, 0xFB, 0x07, 0xCB, 0x7E, 0x1E, 0x9B, 0xD3, 0xE6, 0xB7, 0xB5, 0x9A, 0x16, 0x84, 0x82,
    0x97, 0x3A, 0x24, 0x14, 0xA0, 0xB7, 0x5F, 0x56, 0xD9, 0x84, 0x8F, 0x84, 0xE1, 0x89, 0xE0, 0x7D,
    0xC1, 0xBB, 0x82, 0x3F, 0xD8, 0x08, 0xF1, 0x52, 0x68, 0x72, 0x65, 0xF0, 0xD5, 0x3D, 0x2F, 0x61,
    0x28, 0x16, 0x47, 0x62, 0x62, 0x2C, 0x98, 0xD6, 0x94, 0xDC, 0xBC, 0x26, 0x3E, 0xBE, 0x6E, 0x04,
    0x09, 0xE6, 0x47, 0x04, 0xA0, 0x70, 0x40, 0x56, 0xBA, 0x0B, 0x82, 0xA3, 0x4B, 0xF0, 0xD3, 0xF0,
    0xD2, 0x3F, 0x5E, 0x0B, 0x38, 0x8B, 0x81, 0x57, 0xF7, 0xDB, 0x7B, 0x59, 0x8B, 0x72, 0x4C, 0x34,
    0x37, 0x40, 0x79, 0x7F, 0x28, 0x6B, 0x45, 0x0E, 0x76, 0xA1, 0xAF, 0x03, 0x5A, 0xD2, 0x96, 0xE1,
    0x5D, 0xDE, 0xA6, 0x0A, 0x1F, 0x29, 0x11, 0xB7, 0x4C, 0x38, 0x4C, 0x4E, 0x4C, 0x64, 0x4C, 0x7A,
    0xAE, 0xA7, 0x41, 0xAA, 0xF9, 0x52, 0x5B, 0xA2, 0x19, 0x1A, 0xB7, 0x45, 0x1B, 0x98, 0x93, 0xF3,
    0x28, 0xC6, 0xDE, 0xE6, 0xCF, 0x5B, 0xEA, 0x7A, 0xDE, 0x52, 0xD1, 0xF0, 0x2B, 0xEC, 0x65, 0xD5,
    0x6A, 0x64, 0x4D, 0xDC, 0xFE, 0x5D, 0x11, 0x19, 0xEE, 0xAD, 0x21, 0xFA, 0x89, 0x2F, 0x37, 0xAB,
    0xCD, 0x6D, 0x85, 0xAF, 0xD3, 0x88, 0xFA, 0x97, 0xCD, 0xEB, 0xCE, 0x62, 0xCD, 0x86, 0x0B, 0xB0,
    0x22, 0x71, 0xAF, 0xA2, 0x6B, 0x97, 0x21, 0x1C, 0xBE, 0xEE, 0x65, 0x93, 0xDB, 0x54, 0x20, 0x4C,
    0xCB, 0xDB, 0x55, 0xA3, 0x85, 0x90, 0xF9, 0x9F, 0xE0, 0xE6, 0x3A, 0xB4, 0xD9, 0x34, 0xDF, 0x5B,
    0xA6, 0x0E, 0x0B, 0xE4, 0x56, 0x49, 0xD2, 0x1C, 0xD9, 0x56, 0xD9, 0x90, 0x3B, 0x88, 0x00, 0x48,
    0x91, 0xCA, 0x84, 0x6E, 0xA3, 0xD4, 0xA0, 0x86, 0xE9, 0x33, 0x1D, 0x52, 0xA9, 0xE6, 0xDC, 0xE4,
    0x52, 0xA1, 0xF2, 0xCC, 0xB4, 0x15, 0x8D, 0x22, 0x94, 0x70, 0x2E, 0x06, 0x35, 0x8D, 0x85, 0xD1,
    0xCF, 0x94, 0x74, 0x78, 0x16, 0x74, 0x18, 0x7F, 0x50, 0x15, 0x31, 0x8E, 0x21, 0x07, 0x1A, 0xC5,
    0x02, 0x70, 0x76, 0x1B, 0x2F, 0xD6, 0x8D, 0xBF, 0xA5, 0x56, 0x47, 0x57, 0xE2, 0x82, 0xE9, 0x88,
    0x59, 0xB6, 0x48, 0x98, 0x12, 0x46, 0xB1, 0xD0, 0xB9, 0xA6, 0xDD, 0x05, 0xFB, 0x4E, 0xCC, 0x33,
    0xFD, 0x08, 0xBF, 0x5F, 0x90, 0x5E, 0x05, 0x19, 0x41, 0xCE, 0x85, 0x9A, 0x47, 0x07, 0xB9, 0x57,
    0xBB, 0x85, 0x47, 0xCC, 0xBB, 0xBD, 0x8F, 0x19, 0xDD, 0x45, 0xBE, 0x0F, 0x48, 0x64, 0x56, 0xB8,
    0x9E, 0x31, 0xB9, 0x43, 0x40, 0xF5, 0x35, 0x3D, 0x1A, 0x18, 0xF1, 0x35, 0x27, 0x41, 0xFB, 0x15,
    0x08, 0x73, 0x8C, 0x76, 0xC0, 0xAE, 0xCF, 0xD8, 0x82, 0x42, 0x4F, 0xD8, 0x82, 0x51, 0x23, 0xDB,
    0xA2, 0x0E, 0x06, 0xB6, 0xD0, 0xAE, 0x9E, 0x6D, 0xD6, 0x45, 0x1D, 0xDB, 0xB4, 0x8F, 0x5B, 0xB6,
    0xC9, 0x90, 0xD6, 0x6C, 0xE3, 0x31, 0x25, 0x83, 0xE1, 0x6E, 0x33, 0xB5, 0xE1, 0x7C, 0xAC, 0xD6,
    0x2D, 0x47, 0xD6, 0xFA, 0x0B, 0x6B, 0x9B, 0xD1, 0x5A, 0x50, 0x94, 0x73, 0x93, 0x09, 0x45, 0x8B,
    0xD0, 0x09, 0xFE, 0xA2, 0xE9, 0xA1, 0xB2, 0x29, 0x85, 0x13, 0x6D, 0x52, 0xA7, 0x52, 0x2D, 0x38,
    0xE6, 0x81, 0x36, 0x00, 0x0D, 0x39, 0x00, 0x1D, 0x0F, 0xB8, 0x49, 0xF0, 0x8C, 0x7B, 0xA4, 0xAB,
    0x54, 0x1D, 0xC0, 0xFD, 0xDF, 0xAC, 0xE6, 0xAB, 0x55, 0xCD, 0x80, 0xAE, 0x6C, 0x60, 0x08, 0xD8,
    0x60, 0x11, 0x36, 0xF0, 0xE5, 0x6C, 0x10, 0xF0, 0xB1, 0x41, 0x40, 0xC5, 0x06, 0x01, 0x09, 0x1B,
    0x84, 0x9B, 0x6A, 0x8A, 0x4E, 0x4D, 0x36, 0xA8, 0x49, 0x26, 0x35, 0xD1, 0xA2, 0x46, 0xE4, 0x1C,
    0x4C, 0x74, 0x07, 0x09, 0x05, 0x43, 0x83, 0x7C, 0xD8, 0x85, 0x7E, 0x24, 0x7F, 0x6C, 0x0D, 0xE5,
    0x55, 0xAE, 0x96, 0xBE, 0x16, 0x18, 0x36, 0x0F, 0x6F, 0xAF, 0x26, 0x49, 0xB5, 0x12, 0xED, 0x9E,
    0xFE, 0x31, 0x1A, 0xA8, 0x1B, 0xE1, 0x44, 0x83, 0x16, 0xCC, 0x96, 0xD5, 0xC8, 0x30, 0xAE, 0x32,
    0x8C, 0x5E, 0xC6, 0xB0, 0x79, 0x19, 0xB4, 0x3E, 0xD6, 0xDF, 0xC6, 0xDA, 0x3C, 0x36, 0x67, 0xAA,
    0xF9, 0x2D, 0xA9, 0xB7, 0x75, 0x0D, 0x87, 0x0D, 0x1F, 0xE1, 0x06, 0x02, 0x7F, 0xE1, 0x28, 0x45,
    0x35, 0x73, 0xDD, 0x81, 0xFA, 0x35, 0xC9, 0x60, 0x84, 0xCC, 0x16, 0x15, 0x8D, 0x5C, 0x05, 0xFC,
    0x4D, 0x9E, 0x26, 0x22, 0x48, 0x38, 0x82, 0x16, 0x1F, 0xFC, 0x01, 0xF8, 0xE0, 0xC6, 0x1E, 0x24,
    0x79, 0xCE, 0x83, 0xBC, 0x40, 0xA8, 0x70, 0x4F, 0xA8, 0x8E, 0x1B, 0x89, 0x07, 0x2B, 0x22, 0x7E,
    0xBF, 0x84, 0xA2, 0x41, 0xB2, 0xB2, 0x66, 0x34, 0x32, 0xDA, 0x4B, 0x14, 0x33, 0x66, 0x0A, 0x12,
    0x11, 0xC0, 0x57, 0xDF, 0x3C, 0x92, 0x5E, 0x33, 0x06, 0x73, 0x7F, 0xA7, 0x68, 0x34, 0x9E, 0xF7,
    0x91, 0x69, 0xA4, 0xEC, 0x2A, 0x30, 0x17, 0x66, 0x11, 0x6C, 0x31, 0x5A, 0xA8, 0xAA, 0x70, 0xB4,
    0xE9, 0x44, 0x5E, 0xA3, 0x2F, 0xC7, 0x20, 0xAE, 0x33, 0x53, 0x2C, 0x22, 0x6A, 0x8F, 0xCB, 0x16,
    0xF2, 0x3D, 0x07, 0x83, 0x65, 0x6F, 0xBA, 0x63, 0x8D, 0x3A, 0x6D, 0x49, 0x61, 0xE5, 0x6D, 0xCC,
    0x21, 0x61, 0xED, 0x98, 0x0D, 0xCC, 0xCC, 0xA5, 0x42, 0xA5, 0xE8, 0xE4, 0x44, 0x2B, 0xA3, 0xA6,
    0xFE, 0x48, 0x74, 0xC8, 0xA0, 0x79, 0xB3, 0x68, 0x91, 0x0C, 0x1A, 0xF5, 0xC7, 0xF7, 0x54, 0xAA,
    0x62, 0x91, 0x19, 0x5B, 0xF6, 0xE9, 0x70, 0x3C, 0x61, 0x46, 0x90, 0xDA, 0xD2, 0x61, 0x4A, 0xCB,
    0x09, 0xC1, 0x4F, 0x0E, 0x2A, 0x0D, 0x39, 0x4D, 0x6A, 0x6A, 0x11, 0x80, 0x8A, 0xDA, 0x8B, 0x6A,
    0xE6, 0xB4, 0xC8, 0x2A, 0xBB, 0x64, 0xAB, 0x59, 0xD7, 0x2D, 0x75, 0xC3, 0xA0, 0x1F, 0xD0, 0xF8,
    0x9F, 0x10, 0x54, 0x1B, 0x28, 0xCA, 0x82, 0x15, 0x82, 0x9C, 0x85, 0x85, 0x44, 0xC5, 0x81, 0x66,
    0x2B, 0x0E, 0x10, 0x31, 0x42, 0x15, 0x30, 0x7A, 0xA4, 0xC3, 0x75, 0xD4, 0xD3, 0x54, 0x84, 0xBD,
    0x0C, 0x45, 0xFF, 0x01, 0xD1, 0x79, 0xB8, 0xE5, 0xB9, 0x6F, 0x12, 0x2A, 0xA5, 0x50, 0x5D, 0xBB,
    0x90, 0x39, 0x2D, 0x2C, 0xB6, 0x9F, 0xCD, 0x10, 0xCD, 0x07, 0x86, 0x48, 0x72, 0x30, 0x9A, 0x5C,
    0x0F, 0x7F, 0xF2, 0x86, 0x51, 0x16, 0xCD, 0x8F, 0xB7, 0x8A, 0x6D, 0xC5, 0xF3, 0x11, 0x25, 0xB6,
    0x95, 0xE5, 0x8E, 0xB3, 0xDB, 0x8E, 0x43, 0x98, 0x98, 0x38, 0x15, 0x5E, 0xD4, 0xA4, 0xAB, 0x52,
    0x55, 0xC5, 0x1C, 0x36, 0x19, 0x86, 0x73, 0xB2, 0x48, 0xB9, 0x86, 0x0E, 0x22, 0x58, 0xD3, 0x34,
    0x6F, 0x9D, 0x1A, 0x49, 0x32, 0x0B, 0xEB, 0x4F, 0x2C, 0xB0, 0x67, 0xA9, 0x1C, 0xE6, 0xEE, 0xC2,
    0x22, 0x7C, 0x0A, 0x3D, 0x14, 0x67, 0x90, 0x66, 0x84, 0xE6, 0x77, 0x39, 0x17, 0x26, 0x8D, 0x8D,
    0x98, 0x89, 0x28, 0xDB, 0xA4, 0x16, 0xFF, 0xFD, 0xD2, 0x52, 0xDF, 0x7F, 0x55, 0x93, 0xFF, 0x8F,
    0xE5, 0x75, 0x96, 0xEC, 0xA5, 0x93, 0x25, 0x7B, 0x56, 0x3C, 0x50, 0x39, 0x87, 0x58, 0xB3, 0x0C,
    0xCF, 0xD8, 0x65, 0xE0, 0xAA, 0xF8, 0xC6, 0x2D, 0x30, 0xD3, 0xAE, 0x68, 0xB7, 0x94, 0xD4, 0x17,
    0xDA, 0x4F, 0x3E, 0x33, 0x42, 0x67, 0x18, 0x58, 0x28, 0xE7, 0xD8, 0x1D, 0x11, 0xA8, 0x38, 0xE6,
    0x3E, 0x5C, 0x95, 0xD7, 0x41, 0xB3, 0x27, 0x2F, 0x07, 0x02, 0x92, 0x8D, 0x8D, 0xFC, 0x44, 0xD1,
    0x06, 0x43, 0x55, 0xEB, 0x48, 0xA6, 0x0D, 0x87, 0xA2, 0x25, 0x41, 0xE5, 0xE9, 0x5A, 0x6E, 0x24,
    0xED, 0xA3, 0x36, 0xE3, 0x51, 0x14, 0xAB, 0x35, 0x6D, 0xDA, 0x93, 0xCE, 0xC9, 0x98, 0xD6, 0xE9,
    0xC0, 0x1D, 0xC5, 0x53, 0x5A, 0xE2, 0x3F, 0xED, 0x3E, 0x83, 0x8D, 0xCA, 0xF5, 0xED, 0xBE, 0x6A,
    0xAC, 0xA4, 0xC1, 0xB1, 0xA3, 0x2F, 0xA4, 0xED, 0x39, 0xC2, 0x7F, 0x67, 0x22, 0x08, 0xE0, 0x7A,
    0x21, 0x9A, 0x3C, 0x71, 0xF4, 0x88, 0x24, 0x0B, 0x11, 0x52, 0xE6, 0x5A, 0x98, 0x6B, 0x71, 0x56,
    0x87, 0x28, 0xEC, 0x88, 0xA4, 0xB3, 0xBB, 0x50, 0xA4, 0xB4, 0x6B, 0x42, 0x16, 0x90, 0x68, 0x33,
    0x5B, 0x1E, 0x53, 0xF0, 0xB4, 0x83, 0x7C, 0x82, 0x9D, 0xE1, 0x7A, 0xC9, 0x24, 0x06, 0x45, 0x4B,
    0x20, 0x96, 0x78, 0xB1, 0xC4, 0xF9, 0x7F, 0xA9, 0xED, 0xC4, 0xC6, 0xA8, 0x3F, 0x1F, 0x52, 0x3F,
    0x5E, 0xEC, 0xBF, 0xED, 0x99, 0xD9, 0xB4, 0xE3, 0x4A, 0xE3, 0x26, 0x69, 0x7F, 0x38, 0x88, 0x43,
    0x71, 0x2B, 0xE3, 0x97, 0x96, 0xB2, 0x7E, 0x85, 0x99, 0xBF, 0x33, 0x09, 0x0A, 0x93, 0x77, 0x3A,
    0x44, 0xE3, 0x41, 0xE3, 0x3B, 0x44, 0x23, 0xED, 0xD6, 0xF0, 0x58, 0xCF, 0x0E, 0xF7, 0xBC, 0x4F,
    0x17, 0x32, 0x8E, 0x4C, 0x4B, 0x15, 0xB7, 0x83, 0x92, 0x5E, 0x55, 0x1E, 0x30, 0xE5, 0x48, 0x33,
    0x3D, 0x21, 0xE1, 0x89, 0x7B, 0x32, 0xE8, 0x54, 0x62, 0x26, 0xD9, 0x83, 0x45, 0x95, 0xD2, 0x55,
    0x07, 0x95, 0x95, 0x88, 0x99, 0x8B, 0x7C, 0xE9, 0xB0, 0x2F, 0x36, 0xDC, 0x08, 0x1A, 0xA9, 0x27,
    0xED, 0x97, 0xFE, 0x5C, 0x70, 0x7F, 0x62, 0x09, 0x0F, 0x91, 0x8E, 0x34, 0x5D, 0x03, 0xB1, 0xE9,
    0x8E, 0xB8, 0xC7, 0x9F, 0x9A, 0xB5, 0xD7, 0xDE, 0x55, 0x5D, 0xD6, 0x24, 0x62, 0x50, 0x45, 0x41,
    0xA7, 0x57, 0x93, 0xFD, 0x93, 0x9B, 0x10, 0xA5, 0x44, 0xB5, 0x82, 0x14, 0x6C, 0xDA, 0xCD, 0x59,
    0x30, 0xC0, 0xFC, 0x11, 0x87, 0xFF, 0x25, 0x59, 0x77, 0x8F, 0x9C, 0x3E, 0xE2, 0xF0, 0x0B, 0xA5,
    0x12, 0x1B, 0xA8, 0x79, 0xD5, 0xD7, 0x9F, 0x33, 0xFD, 0x91, 0x97, 0x17, 0xBB, 0x6C, 0x09, 0x9D,
    0xC2, 0x92, 0x73, 0x47, 0x52, 0x97, 0xFB, 0xE2, 0x80, 0xCE, 0x57, 0x9D, 0x0E, 0x5D, 0x9D, 0x0E,
    0x61, 0x79, 0xC2, 0x12, 0x58, 0xC8, 0xF3, 0x5A, 0x03, 0x1A, 0x66, 0xAC, 0x35, 0x57, 0x2D, 0xDE,
    0xCC, 0xA5, 0xF9, 0xB9, 0x84, 0xFB, 0x87, 0x5D, 0x51, 0x98, 0x06, 0xCD, 0x6A, 0x47, 0xF1, 0x67,
    0x64, 0xC6, 0x3F, 0xD7, 0xAC, 0xF7, 0x83, 0xCC, 0xF7, 0xA9, 0xDB, 0x47, 0xC4, 0xEE, 0x82, 0x89,
    0xC3, 0xC8, 0xA3, 0x4D, 0x2A, 0x0C, 0xB0, 0xCE, 0xB9, 0x81, 0x94, 0x27, 0xB0, 0x49, 0x9B, 0xD1,
    0x1E, 0x9E, 0x50, 0xE2, 0xF7, 0x67, 0xD2, 0x55, 0x9B, 0x77, 0x88, 0x79, 0x46, 0x8C, 0xBC, 0x2B,
    0xBF, 0xA5, 0xD8, 0x20, 0x1B, 0x21, 0x06, 0x79, 0x17, 0x21, 0x84, 0xE5, 0xB9, 0x41, 0xD2, 0xBE,
    0x18, 0xF6, 0x04, 0x8D, 0xD7, 0x39, 0x31, 0x9C, 0xC7, 0x18, 0xEA, 0x60, 0x04, 0xEA, 0x6B, 0xD5,
    0x08, 0x81, 0x68, 0x03, 0x0D, 0x35, 0xB1, 0xA8, 0xDF, 0x5B, 0x11, 0x0B, 0xF5, 0x1E, 0x81, 0x55,
    0xE9, 0xBB, 0xC3, 0x48, 0x26, 0xBA, 0x51, 0xFD, 0x40, 0xF9, 0xF9, 0x9A, 0x2B, 0xBF, 0x7A, 0x1C,
    0x5B, 0x0E, 0xB3, 0x8A, 0xE9, 0x76, 0x78, 0x59, 0x48, 0xD5, 0x0A, 0x49, 0x57, 0xD1, 0x5E, 0x5F,
    0x46, 0xBA, 0x84, 0xD6, 0x67, 0xDF, 0xBF, 0xDC, 0xCD, 0xD3, 0x11, 0xE5, 0x85, 0x7E, 0xBC, 0x81,
    0xC6, 0x20, 0x7C, 0x56, 0x62, 0xED, 0xF2, 0x95, 0x21, 0x4A, 0x0F, 0x83, 0x38, 0x91, 0x1C, 0xF0,
    0xDF, 0x08, 0xD7, 0xC2, 0x11, 0x23, 0x58, 0xCC, 0xDE, 0x0A, 0x32, 0x57, 0x6F, 0xBF, 0x95, 0x03,
    0x98, 0x1B, 0x62, 0x95, 0x5B, 0xB0, 0x73, 0xF7, 0x92, 0xA7, 0x08, 0x33, 0xBD, 0x9D, 0xD5, 0x3A,
    0x9D, 0x0E, 0xEF, 0xA0, 0xA9, 0xDA, 0xE6, 0xA6, 0xF3, 0x6B, 0x61, 0x35, 0x02, 0xC2, 0xC6, 0xB0,
    0xD6, 0x3D, 0xC6, 0x5F, 0xEA, 0x8C, 0xD4, 0xB7, 0x8A, 0x80, 0x5B, 0x9D, 0xB2, 0x32, 0x04, 0xD9,
    0x6D, 0xEB, 0x66, 0x04, 0xB0, 0xFE, 0x36, 0xD6, 0xE6, 0xB1, 0x39, 0x31, 0xFF, 0xBF, 0x0D, 0x5C,
    0x2B, 0x63, 0xDE, 0x3A, 0xA6, 0x80, 0xF9, 0x53, 0x55, 0xF6, 0x41, 0x81, 0x41, 0x14, 0x28, 0x15,
    0xB0, 0xAE, 0x8D, 0x85, 0xA9, 0x64, 0x64, 0xB3, 0x4B, 0xDA, 0x5E, 0x45, 0x81, 0x78, 0x0A, 0xE6,
    0x80, 0x14, 0xC8, 0x40, 0x01, 0x56, 0xEB, 0x73, 0xCF, 0x92, 0xEB, 0x82, 0x98, 0xF1, 0x02, 0x46,
    0xF6, 0xDD, 0xAD, 0x74, 0x60, 0x49, 0xAA, 0xF7, 0xBA, 0x0F, 0x7F, 0xFB, 0xAE, 0x77, 0xB4, 0xE5,
    0xB0, 0xBB, 0xB9, 0x28, 0xB9, 0x58, 0x74, 0xC9, 0x88, 0x85, 0x9F, 0xE3, 0x29, 0x19, 0x7E, 0x96,
    0xF6, 0x21, 0xA5, 0x1C, 0x0A, 0x26, 0xF2, 0xEC, 0x01, 0x7E, 0x43, 0xF4, 0xD8, 0x2B, 0x81, 0x40,
    0x6C, 0x11, 0x28, 0xB2, 0xAB, 0xC8, 0x3A, 0x45, 0x05, 0xDD, 0xD5, 0xD7, 0x22, 0x7A, 0xB7, 0x8B,
    0x63, 0x59, 0xE6, 0x64, 0xFA, 0xD0, 0xE5, 0xD0, 0xBE, 0xBE, 0xA2, 0x45, 0x55, 0x69, 0x4E, 0x60,
    0x77, 0xBA, 0x9A, 0xB7, 0x45, 0x17, 0xF8, 0x32, 0xB5, 0x94, 0x7B, 0xAD, 0xDD, 0x6B, 0xA8, 0x04,
    0x51, 0x59, 0x0B, 0x62, 0xB5, 0x3E, 0xE6, 0x69, 0x80, 0xA7, 0xAA, 0xC2, 0x60, 0xD3, 0x4C, 0xF8,
    0xE7, 0xCB, 0xB0, 0x7F, 0x84, 0x61, 0xD5, 0x5B, 0x07, 0xB4, 0x45, 0x93, 0xF3, 0x93, 0x41, 0x8B,
    0x10, 0xB7, 0x62, 0xCF, 0xC1, 0xA9, 0x48, 0x43, 0xCD, 0xA1, 0xAB, 0x88, 0xBE, 0x4B, 0x19, 0x27,
    0xDE, 0x95, 0x71, 0xDC, 0x03, 0x9D, 0x14, 0x79, 0x7B, 0x93, 0x82, 0xEE, 0x3A, 0xF7, 0x01, 0xFF,
    0x6F, 0x6E, 0xF4, 0x61, 0x6D, 0x14, 0xD9, 0x5C, 0x32, 0xFA, 0x6E, 0x7D, 0x0D, 0x82, 0x32, 0xFA,
    0xB8, 0x84, 0x0C, 0xC0, 0x24, 0x03, 0x7C, 0x41, 0x45, 0x4F, 0x19, 0x78, 0xAC, 0x8A, 0x3B, 0x56,
    0xB1, 0x7C, 0x65, 0x34, 0x09, 0x06, 0xE8, 0x7B, 0x43, 0xFE, 0xFB, 0xDF, 0x93, 0x14, 0xFE, 0xE7,
    0xB3, 0x7A, 0x9A, 0x22, 0xC8, 0x6E, 0x49, 0xB3, 0x57, 0x3B, 0x82, 0x61, 0x70, 0x13, 0x21, 0x6F,
    0x01, 0x86, 0x7E, 0x0A, 0x61, 0x0B, 0x41, 0xCD, 0xD3, 0x8E, 0xB1, 0xCF, 0x77, 0x24, 0xDC, 0x4D,
    0xEA, 0x62, 0x05, 0x8B, 0x6C, 0x3C, 0xAA, 0x2C, 0x68, 0xCF, 0x1A, 0xE6, 0xF0, 0xCB, 0x98, 0x3C,
    0xED, 0x55, 0x8E, 0x6F, 0xC1, 0x57, 0x26, 0x87, 0x9E, 0x21, 0x8F, 0x0E, 0x36, 0xC5, 0xEC, 0x79,
    0x93, 0x1B, 0xCB, 0xDC, 0xDE, 0xD4, 0x17, 0xAD, 0x45, 0x6C, 0x29, 0x5B, 0xD0, 0x17, 0x47, 0x77,
    0x42, 0x82, 0x0C, 0x97, 0x5F, 0xAA, 0x99, 0x87, 0xB6, 0xD5, 0x4C, 0x11, 0x87, 0x55, 0x7E, 0xF3,
    0x22, 0x5E, 0x5E, 0x11, 0xF1, 0x5C, 0x36, 0x8A, 0x91, 0xFA, 0x78, 0x9B, 0xC7, 0x45, 0x10, 0x30,
    0x79, 0x66, 0xA5, 0x7D, 0x7C, 0x37, 0xA2, 0xA5, 0x32, 0x77, 0x0C, 0xDB, 0xFB, 0xEB, 0x80, 0x9E,
    0xAA, 0x5F, 0xC5, 0xD7, 0x27, 0x34, 0x96, 0x05, 0x21, 0x04, 0xB1, 0xB7, 0x17, 0x4B, 0x50, 0x65,
    0x07, 0xCD, 0xC9, 0x34, 0x0B, 0x9D, 0x5B, 0xB4, 0xBC, 0x59, 0xE7, 0xE6, 0xD6, 0x51, 0xE7, 0x2E,
    0x85, 0x1C, 0xA9, 0x59, 0x90, 0x57, 0x17, 0xFA, 0xA5, 0x3E, 0x8A, 0x9A, 0x1B, 0x65, 0x5F, 0x06,
    0xE5, 0x16, 0x6A, 0x86, 0xBC, 0xBE, 0x86, 0xBB, 0xF8, 0x2F, 0x1E, 0xF7, 0x06, 0x6F, 0xCE, 0x1D,
    0x3D, 0xA2, 0xEB, 0x5B, 0x2F, 0xDD, 0xE0, 0x4B, 0x9D, 0xE4, 0x0E, 0x9A, 0x23, 0x6D, 0x06, 0xCB,
    0x77, 0xED, 0x20, 0xAC, 0xF6, 0x43, 0x3E, 0x21, 0xE8, 0x59, 0xD3, 0xAF, 0x3E, 0xF6, 0xD1, 0x33,
    0xD7, 0xC0, 0x28, 0x3C, 0x61, 0xD8, 0x1B, 0x1D, 0x1C, 0x77, 0xEA, 0xBD, 0x91, 0x57, 0xDD, 0x8C,
    0xED, 0x57, 0xB7, 0xAB, 0xBE, 0xC3, 0x74, 0xEB, 0xB5, 0x04, 0x56, 0xF1, 0xEB, 0x06, 0x9C, 0x5E,
    0x91, 0x62, 0xAE, 0xEE, 0x87, 0xE6, 0xFC, 0x3A, 0x4B, 0xD4, 0x52, 0x1E, 0x0F, 0xB1, 0xAE, 0x90,
    0xA9, 0x2E, 0xC1, 0xDA, 0xFE, 0xF0, 0x63, 0x38, 0x85, 0xC7, 0x70, 0x07, 0x13, 0x5A, 0xC8, 0x56,
    0xDF, 0x94, 0x55, 0x0B, 0x1C, 0xDD, 0x6D, 0x16, 0x57, 0xDE, 0x53, 0x3C, 0x3A, 0xF1, 0x60, 0xF4,
    0xCE, 0xB4, 0x95, 0xCB, 0x79, 0x46, 0x77, 0xC3, 0x4B, 0x16, 0x80, 0x51, 0x39, 0x5C, 0x71, 0x3E,
    0x15, 0x30, 0x3E, 0xBB, 0x2B, 0xD2, 0xF5, 0x3D, 0x06, 0xDD, 0xC1, 0xEE, 0x40, 0x0E, 0x5E, 0x9E,
    0xEF, 0x89, 0x14, 0xDD, 0xDD, 0xA6, 0x66, 0x32, 0x5B, 0xB1, 0x36, 0xF3, 0xB0, 0x02, 0xE6, 0xD8,
    0x56, 0x6F, 0x30, 0xE3, 0xB1, 0x9C, 0xD2, 0xE0, 0x49, 0x6F, 0x36, 0x8C, 0xC2, 0x53, 0xD9, 0x3A,
    0x9C, 0x32, 0xDF, 0xAE, 0xD0, 0xDB, 0x82, 0x31, 0x73, 0x74, 0xC6, 0xDE, 0x7C, 0x6F, 0x50, 0xBC,
    0xBC, 0xAF, 0xD7, 0x1E, 0x94, 0x9F, 0xF7, 0x67, 0xCA, 0x50, 0x1E, 0xEB, 0x4D, 0x1B, 0xB9, 0xE1,
    0x3F, 0xC8, 0xF1, 0x3E, 0x53, 0x6A, 0x6E, 0xB1, 0x94, 0xA5, 0x78, 0x8D, 0x64, 0xB5, 0x0F, 0x46,
    0xA4, 0x85, 0x70, 0x5D, 0x74, 0xF2, 0xF8, 0x92, 0xA8, 0xC0, 0x61, 0x95, 0x02, 0xA4, 0x73, 0xA1,
    0x56, 0x4F, 0x60, 0x91, 0xF8, 0xFE, 0x83, 0x4B, 0x1B, 0xE1, 0x00, 0xB3, 0x5F, 0x94, 0x86, 0xCC,
    0xDB, 0x45, 0x4D, 0x7C, 0x1A, 0x77, 0x94, 0xB7, 0x89, 0x50, 0x3A, 0x4B, 0x3B, 0x61, 0x55, 0x3F,
    0x4E, 0xFB, 0xBB, 0x12, 0xB8, 0x21, 0x19, 0xDE, 0x26, 0x86, 0x1F, 0x0F, 0xD1, 0x20, 0x24, 0x7F,
    0x8B, 0xB8, 0x59, 0x5F, 0x3E, 0x47, 0xD8, 0xFC, 0x84, 0x79, 0xD5, 0x7F, 0x23, 0xBC, 0x10, 0xB6,
    0xCF, 0x4A, 0xB7, 0xE8, 0x0B, 0xDF, 0x3D, 0xE9, 0xB7, 0xD2, 0x52, 0xD5, 0x6D, 0xB1, 0xBD, 0x89,
    0xED, 0xBC, 0x9D, 0x2E, 0xF8, 0xB9, 0x21, 0xDD, 0x08, 0x91, 0x13, 0x27, 0x7A, 0xAD, 0x80, 0x47,
    0x05, 0x79, 0x47, 0xC7, 0x83, 0x40, 0x4C, 0x07, 0xD0, 0x47, 0x1A, 0xFB, 0x58, 0x5B, 0xEE, 0xF7,
    0xB2, 0x6F, 0xA7, 0xC7, 0x96, 0x71, 0xFF, 0xA7, 0x22, 0xF6, 0x5E, 0x79, 0x83, 0xCE, 0x99, 0x52,
    0x3D, 0x3E, 0x56, 0xAA, 0x77, 0x41, 0xA7, 0x03, 0x52, 0x24, 0xB4, 0xC0, 0xBD, 0x8E, 0x7B, 0x09,
    0x2B, 0xDF, 0xA7, 0x3B, 0x88, 0x47, 0x08, 0x55, 0x22, 0x9D, 0x17, 0x06, 0x56, 0x6F, 0xF0, 0x42,
    0xB3, 0x29, 0xE9, 0xFB, 0x11, 0x0E, 0xEB, 0x54, 0xCC, 0xEA, 0x0B, 0xC4, 0x90, 0x15, 0x05, 0x32,
    0x88, 0x78, 0x46, 0x93, 0x9D, 0x6B, 0xE4, 0x3A, 0x04, 0x3F, 0x91, 0x65, 0x51, 0x8A, 0x5B, 0x5D,
    0xEC, 0xAB, 0x8B, 0xF9, 0x70, 0x90, 0xEE, 0x0A, 0x73, 0x7B, 0x27, 0xC3, 0xCE, 0xDB, 0x0F, 0x8F,
    0xD8, 0x96, 0x7D, 0xC5, 0xF2, 0x74, 0xB8, 0x8C, 0x9F, 0xD3, 0xA7, 0xDB, 0xA1, 0x24, 0x53, 0xCD,
    0x19, 0x69, 0xC9, 0x88, 0x10, 0x93, 0x35, 0xB6, 0xF6, 0x5D, 0x22, 0xA9, 0x83, 0xC7, 0x59, 0x05,
    0x1D, 0x7B, 0x99, 0xA1, 0xB5, 0x49, 0xBD, 0x9D, 0xCB, 0x43, 0x69, 0x6E, 0x25, 0x83, 0xBB, 0x87,
    0x95, 0x8F, 0x60, 0x78, 0x8E, 0x2A, 0xFC, 0xBA, 0x9B, 0x8B, 0xE7, 0x21, 0x3C, 0x1A, 0xD1, 0x01,
    0x76, 0x71, 0x70, 0xE8, 0xF3, 0x6D, 0x37, 0xE4, 0x0F, 0x56, 0x9E, 0xE7, 0x76, 0xAA, 0x85, 0xA8,
    0x0C, 0xD1, 0x6C, 0x9B, 0xB9, 0xC9, 0xF8, 0xDD, 0x21, 0x56, 0xBA, 0x1D, 0x76, 0x00, 0x8F, 0xE1,
    0x46, 0x7F, 0x74, 0x64, 0x23, 0x49, 0x14, 0x2C, 0xDF, 0xE6, 0xF6, 0xF8, 0xEA, 0x4D, 0xCF, 0x17,
    0xBC, 0x70, 0xE1, 0x4B, 0x55, 0x7E, 0xAB, 0x37, 0xC5, 0x9C, 0x7C, 0x7B, 0x6A, 0xA4, 0x92, 0x41,
    0x8B, 0xE2, 0x36, 0xF3, 0xC8, 0x91, 0x8F, 0x53, 0x28, 0xC7, 0x59, 0x34, 0xA4, 0xB0, 0x5B, 0x60,
    0xF4, 0xC8, 0x2A, 0xC9, 0x48, 0x4D, 0xFF, 0x7F, 0xDD, 0x5B, 0x3D, 0x93, 0xE6, 0xC6, 0x71, 0x6E,
    0x00, 0xAB, 0x85, 0x69, 0xD8, 0x82, 0x03, 0xC9, 0x65, 0xD7, 0x89, 0x82, 0x03, 0x86, 0xE4, 0x22,
    0x71, 0xA0, 0x72, 0xED, 0x2E, 0x60, 0x31, 0x50, 0xA0, 0x40, 0x0A, 0x4C, 0xC7, 0xFC, 0x07, 0xA7,
    0x80, 0xC1, 0x05, 0xEF, 0x2D, 0x40, 0xF9, 0x07, 0x78, 0x03, 0xE7, 0x72, 0xEA, 0x72, 0x40, 0x06,
    0x17, 0x6C, 0xB0, 0x7B, 0x00, 0xCB, 0xA1, 0x03, 0xA3, 0xF4, 0x07, 0x84, 0xB2, 0xE9, 0x72, 0x28,
    0x98, 0x86, 0x4B, 0x38, 0x1B, 0x2F, 0xC6, 0xCF, 0xD3, 0x3D, 0xEF, 0xC7, 0x7E, 0xFA, 0x4C, 0x93,
    0xA7, 0x3B, 0xBE, 0x07, 0x74, 0x63, 0x81, 0xC1, 0x4C, 0x77, 0x4F, 0x4F, 0x7F, 0x0D, 0xAE, 0x10,
    0xD7, 0xF2, 0x5F, 0x21, 0xF6, 0x3B, 0xD2, 0x7F, 0xC5, 0x8D, 0x7F, 0x55, 0x69, 0xFF, 0x9A, 0xDA,
    0xFE, 0xB9, 0x56, 0x64, 0x90, 0xED, 0x99, 0xBB, 0x3A, 0x74, 0x6E, 0x4C, 0xC6, 0x2F, 0xE6, 0xAC,
    0x1B, 0xD6, 0x45, 0x3D, 0x5C, 0x55, 0xE5, 0x70, 0xD1, 0xE0, 0x99, 0xC3, 0xB9, 0xDC, 0x71, 0xF2,
    0x3E, 0x9F, 0xA3, 0x9D, 0x14, 0xED, 0x70, 0x90, 0xF5, 0xC3, 0xDB, 0xF1, 0xFA, 0xDF, 0xAF, 0x02,
    0xE7, 0x26, 0x79, 0xE4, 0xCE, 0xAF, 0xF5, 0x9F, 0xB8, 0x5E, 0xA4, 0x71, 0x6B, 0x09, 0xD7, 0x81,
    0x93, 0x78, 0x94, 0xA2, 0x4C, 0xF0, 0x5A, 0x99, 0xF6, 0x92, 0x0B, 0xC0, 0x01, 0x81, 0x48, 0xCA,
    0xE6, 0x31, 0x41, 0x34, 0x12, 0x4C, 0x00, 0xCE, 0x81, 0x56, 0x05, 0x72, 0x45, 0xFE, 0xCE, 0x08,
    0x8A, 0x3B, 0xC0, 0x53, 0x02, 0xBE, 0x11, 0xFE, 0x6B, 0x29, 0x7F, 0x92, 0xB8, 0xE5, 0xCF, 0x87,
    0x02, 0xEF, 0x0D, 0x67, 0x7F, 0x89, 0x97, 0x7F, 0x2A, 0xF1, 0xDA, 0xE4, 0xF3, 0x3D, 0xF4, 0x5B,
    0x16, 0xC9, 0x92, 0xB6, 0x29, 0x9E, 0x62, 0x8C, 0x70, 0x96, 0xA8, 0x97, 0x4B, 0x49, 0x5A, 0x39,
    0x95, 0xB4, 0x94, 0x4C, 0x52, 0x50, 0xE2, 0x01, 0xFF, 0xD4, 0x07, 0xDA, 0x24, 0x7A, 0x71, 0x38,
    0x8B, 0xBE, 0xA6, 0x1D, 0x68, 0x57, 0xDA, 0x69, 0xE5, 0x86, 0xCC, 0xF5, 0x06, 0x93, 0x45, 0x82,
    0x45, 0x22, 0x0C, 0x37, 0x0B, 0x24, 0x25, 0xE0, 0xA4, 0x91, 0x00, 0x4C, 0x15, 0x65, 0xD4, 0x41,
    0xD4, 0x6D, 0x0C, 0x56, 0xD2, 0x0E, 0x5D, 0x4B, 0x32, 0x64, 0xCA, 0xEB, 0x7B, 0xA4, 0x7A, 0x3A,
    0x66, 0x4F, 0xF3, 0x33, 0xC2, 0xE7, 0x83, 0x71, 0x3E, 0x6C, 0x20, 0x5E, 0x93, 0x0D, 0xBC, 0xEF,
    0xBE, 0x87, 0x85, 0xC2, 0x86, 0x0F, 0x0B, 0x15, 0x9B, 0xC2, 0xE1, 0xFA, 0xCF, 0x2B, 0xCB, 0xAD,
    0xDB, 0x8F, 0x27, 0x89, 0x9C, 0xC3, 0xBC, 0xE4, 0x6D, 0x56, 0x26, 0x7D, 0x01, 0xBE, 0x71, 0x76,
    0x85, 0x84, 0x65, 0xE1, 0xFB, 0xCE, 0x20, 0xE3, 0xD4, 0xD5, 0xE8, 0x76, 0x92, 0x27, 0x95, 0x2B,
    0x07, 0x4C, 0x2E, 0x54, 0x61, 0x9A, 0x24, 0x9D, 0x31, 0xC1, 0x4B, 0x53, 0x4B, 0x53, 0x4C, 0x52,
    0x64, 0xAE, 0x3E, 0x8D, 0xDC, 0x78, 0x82, 0x79, 0xBF, 0x80, 0x02, 0x60, 0xC8, 0x06, 0x73, 0x9C,
    0x01, 0x47, 0x38, 0x83, 0xE1, 0x6D, 0x8C, 0x7E, 0x82, 0xB3, 0xE0, 0x59, 0x86, 0x5D, 0xD6, 0x67,
    0x6D, 0x02, 0xD1, 0x06, 0xCD, 0xE7, 0xB2, 0x92, 0x71, 0x09, 0x67, 0x1C, 0x2B, 0x8A, 0x4F, 0xB5,
    0x49, 0xA0, 0xA0, 0x0E, 0x32, 0xCB, 0x3F, 0x97, 0xC7, 0xBD, 0x0A, 0x36, 0x98, 0x4D, 0x4D, 0x0A,
    0xCC, 0xD0, 0xA1, 0xEB, 0xD3, 0x3A, 0x2D, 0x73, 0x37, 0x47, 0xDD, 0x91, 0xB8, 0x72, 0x09, 0x87,
    0x63, 0x4C, 0xEC, 0xA9, 0x0C, 0x2B, 0xB4, 0xF9, 0x81, 0x5C, 0x5C, 0x24, 0xE4, 0x79, 0x35, 0xAA,
    0x8A, 0x1D, 0x0F, 0xAA, 0x6E, 0x77, 0x23, 0xDF, 0xC4, 0xBF, 0xB0, 0x52, 0x25, 0xBC, 0x60, 0x67,
    0xDF, 0x96, 0x91, 0x5D, 0x3F, 0x0D, 0x87, 0xB4, 0x04, 0xF3, 0x51, 0xC7, 0x61, 0xCF, 0xD3, 0x3A,
    0x1A, 0x4C, 0x05, 0x8D, 0xA4, 0x0D, 0x81, 0x9E, 0x5C, 0x23, 0x3E, 0xA6, 0xBC, 0x7E, 0x34, 0x80,
    0x9E, 0x49, 0xFE, 0x98, 0x7A, 0x81, 0xF3, 0xD0, 0xCD, 0x52, 0x9C, 0xCF, 0xD0, 0xEA, 0x79, 0xF7,
    0x0F, 0xC3, 0x54, 0xC9, 0x1A, 0x32, 0x2E, 0x6A, 0xAC, 0xE2, 0x67, 0xB2, 0x0A, 0x87, 0x60, 0x8A,
    0xBB, 0x68, 0x80, 0xBA, 0x76, 0x45, 0x59, 0xB4, 0x4E, 0x9A, 0x1F, 0xAE, 0xC5, 0x45, 0xB3, 0x62,
    0xFE, 0xCD, 0xFB, 0x7C, 0xCE, 0x76, 0x6C, 0xCF, 0xF7, 0x1C, 0x75, 0x54, 0x01, 0x57, 0xD5, 0xCB,
    0x00, 0x68, 0x93, 0x1D, 0x2F, 0x23, 0xEE, 0x7F, 0x72, 0xAE, 0x86, 0xB8, 0x7F, 0xEC, 0x28, 0x05,
    0x18, 0x9B, 0x60, 0x0D, 0x71, 0xAB, 0x9D, 0x19, 0x56, 0x8A, 0x2E, 0x2E, 0x14, 0xAD, 0xB0, 0xD0,
    0xB1, 0x60, 0x8F, 0xB1, 0xD4, 0xF1, 0x36, 0x11, 0xEC, 0x80, 0xA2, 0x5A, 0x51, 0xDA, 0x42, 0xDC,
    0x58, 0x4B, 0x03, 0xC4, 0x2D, 0x05, 0x7A, 0x5F, 0xAD, 0xB4, 0xE5, 0x05, 0x3B, 0x7B, 0x4E, 0x71,
    0x57, 0x52, 0xFC, 0x70, 0x48, 0x7F, 0xE2, 0x86, 0xFC, 0x3F, 0x20, 0x6E, 0x52, 0xFA, 0x32, 0xE2,
    0x26, 0xE7, 0x83, 0x82, 0x70, 0x91, 0xCC, 0x75, 0xA7, 0xE1, 0x70, 0x29, 0x17, 0x23, 0xC7, 0xE4,
    0x81, 0x0B, 0xFC, 0x79, 0x1A, 0x8E, 0x78, 0x84, 0x06, 0x12, 0xB5, 0xF7, 0x9E, 0xCE, 0xFF, 0x1E,
    0x6A, 0xA3, 0xE7, 0xDE, 0x6F, 0xF3, 0x4E, 0xF0, 0x77, 0xB0, 0xAB, 0x5D, 0x13, 0x8F, 0xEB, 0x70,
    0xBE, 0x0C, 0xE6, 0x03, 0x50, 0x1B, 0x4E, 0x94, 0x61, 0xDC, 0x0B, 0x38, 0xCF, 0xA1, 0x56, 0x12,
    0xF6, 0x07, 0x69, 0xFD, 0x7B, 0xA7, 0xF2, 0xAE, 0x73, 0x33, 0x0E, 0x7D, 0xA5, 0x6F, 0xDE, 0x9F,
    0xA0, 0xFA, 0x4F, 0x7D, 0xFB, 0x21, 0xF8, 0xA4, 0x0C, 0x21, 0x30, 0x58, 0x4D, 0xF2, 0xBB, 0xFE,
    0x99, 0xAC, 0x07, 0x99, 0xA7, 0x70, 0xAA, 0x3E, 0xE9, 0x1F, 0x2D, 0x65, 0xB0, 0x44, 0x73, 0x82,
    0xE9, 0x3F, 0x95, 0x27, 0x14, 0xC9, 0xF2, 0x15, 0x01, 0x47, 0x23, 0x06, 0xB6, 0x01, 0xEA, 0x18,
    0xBA, 0xD4, 0xE5, 0x4D, 0xF9, 0xDF, 0x6E, 0x2E, 0xFA, 0xB1, 0xE9, 0x92, 0x81, 0x7A, 0x20, 0xE3,
    0xC6, 0xE0, 0xAA, 0x42, 0x8B, 0xDA, 0x57, 0xD0, 0x09, 0xD0, 0xD1, 0x24, 0x52, 0x28, 0x39, 0xA7,
    0x24, 0xA0, 0x30, 0x6A, 0x9A, 0xCD, 0x45, 0x17, 0x68, 0x8F, 0xF9, 0x9F, 0x21, 0xB3, 0xEA, 0x41,
    0x58, 0xEC, 0xC1, 0x5C, 0x61, 0xAA, 0x30, 0x52, 0x28, 0xDF, 0x5D, 0xA9, 0xD4, 0x8F, 0xBF, 0x66,
    0x38, 0x53, 0xDB, 0xF2, 0x39, 0x02, 0x5F, 0x0A, 0xAB, 0x72, 0xE3, 0x6D, 0xA3, 0x3A, 0xA9, 0xD3,
    0x09, 0x42, 0x32, 0x07, 0xBB, 0xB8, 0x19, 0xE6, 0x0D, 0xE6, 0xDC, 0x41, 0x05, 0xE5, 0x79, 0x05,
    0x01, 0x3C, 0x74, 0x7C, 0xD7, 0xFD, 0x0D, 0x58, 0xD3, 0x65, 0x56, 0x67, 0x3F, 0x1F, 0x4F, 0xE5,
    0xF2, 0x52, 0xCE, 0x60, 0x0F, 0xB6, 0xC7, 0x95, 0x9C, 0xE1, 0x26, 0x1E, 0xA1, 0xC1, 0x93, 0xB0,
    0x87, 0xE5, 0x18, 0x25, 0x2B, 0xAF, 0xA0, 0x38, 0x05, 0x3C, 0x64, 0xD6, 0x46, 0x73, 0x3A, 0x04,
    0x4B, 0x3C, 0xD1, 0x14, 0x10, 0xF3, 0x6F, 0xDE, 0xE7, 0x73, 0xB6, 0x63, 0x7B, 0xBE, 0x27, 0xDF,
    0xC2, 0x20, 0x07, 0xDE, 0x47, 0x1E, 0x73, 0x3C, 0x9A, 0x33, 0x91, 0xC7, 0xCE, 0x3C, 0xF3, 0x55,
    0x83, 0x7B, 0xB4, 0x7B, 0x8D, 0xD7, 0x63, 0xE0, 0xA4, 0x36, 0xAC, 0xA6, 0xA1, 0x61, 0x48, 0x61,
    0xF8, 0xD8, 0xE3, 0x0B, 0x8F, 0x07, 0xF9, 0x0B, 0xE2, 0xB0, 0x87, 0xD5, 0x02, 0x8E, 0xDA, 0x58,
    0x31, 0xE4, 0x02, 0x0C, 0x27, 0x22, 0x47, 0x33, 0x27, 0xF0, 0x48, 0xFE, 0x4C, 0x15, 0xE4, 0x44,
    0xBE, 0x50, 0x7C, 0x19, 0xFC, 0x52, 0xF1, 0x18, 0xFD, 0x9C, 0x38, 0x18, 0x12, 0xBE, 0x0F, 0x2F,
    0xF3, 0xB6, 0xE2, 0xB8, 0x85, 0xC3, 0xC2, 0x05, 0x8D, 0x2C, 0x31, 0x64, 0xAA, 0xF7, 0x4F, 0x3C,
    0x5E, 0xA1, 0xE9, 0x6C, 0xEA, 0x57, 0xD0, 0xBD, 0xFD, 0x14, 0xCA, 0xF0, 0x41, 0xC9, 0xE5, 0x04,
    0x0F, 0x0D, 0x65, 0xB3, 0x47, 0x98, 0x04, 0x81, 0x2D, 0x94, 0xE7, 0xE4, 0x0B, 0xFA, 0xF8, 0x0E,
    0xF9, 0xF2, 0xFC, 0xD1, 0xF5, 0x12, 0x67, 0x9E, 0x8F, 0x13, 0x8F, 0x57, 0x1E, 0x8F, 0x86, 0x83,
    0xC1, 0x70, 0xD4, 0xE5, 0x2F, 0x88, 0xE3, 0xCF, 0xA0, 0xC6, 0xC0, 0xE9, 0xFB, 0x53, 0xDE, 0x01,
    0x67, 0x11, 0x3D, 0x86, 0x2B, 0x4F, 0x02, 0x60, 0xF0, 0x89, 0xD7, 0xD5, 0x83, 0x8C, 0x74, 0xEF,
    0xA2, 0xAF, 0x67, 0xB4, 0x0E, 0x3D, 0x5D, 0x3F, 0xF9, 0xB2, 0x18, 0x25, 0xAD, 0x6D, 0xD5, 0x64,
    0xF6, 0x08, 0x33, 0x05, 0x82, 0xFE, 0x40, 0x47, 0x3F, 0x91, 0x9F, 0xE9, 0xB3, 0x11, 0xA2, 0xC5,
    0xEB, 0x11, 0xCD, 0x31, 0xDA, 0x10, 0x27, 0xB4, 0x6E, 0xEF, 0x90, 0xE5, 0x41, 0x47, 0x70, 0x98,
    0x7A, 0x8E, 0xB0, 0x86, 0x2C, 0xC8, 0xDF, 0x25, 0x64, 0xC3, 0x11, 0x0E, 0x80, 0x95, 0x3F, 0xD8,
    0x19, 0xE5, 0x2F, 0xEB, 0x94, 0x3F, 0xC6, 0x23, 0xE4, 0x2F, 0xC2, 0xE2, 0x54, 0xFE, 0xE2, 0xD9,
    0xF8, 0x0B, 0xD6, 0x4A, 0x05, 0xD6, 0x7C, 0xDC, 0x82, 0xFC, 0x4F, 0x65, 0x49, 0xEB, 0xBC, 0x97,
    0x31, 0x58, 0x67, 0x52, 0xF5, 0xB2, 0x8E, 0xE7, 0x53, 0x81, 0xD5, 0x46, 0x6C, 0xB3, 0x0A, 0x7F,
    0xD5, 0x4B, 0xB2, 0x94, 0x53, 0xFC, 0xD7, 0xBD, 0xCE, 0x5B, 0xAA, 0xEC, 0x46, 0xFD, 0x89, 0xE2,
    0xB8, 0xBD, 0xB0, 0x20, 0xAE, 0x36, 0x47, 0x9A, 0x45, 0x16, 0xB5, 0x9D, 0x7A, 0xFC, 0xD4, 0x8B,
    0xE7, 0x72, 0x4F, 0x4C, 0x83, 0x4D, 0x12, 0xFD, 0x54, 0x00, 0xA2, 0x3F, 0xF8, 0xC0, 0x82, 0x03,
    0xEA, 0xCF, 0xE6, 0x8C, 0x86, 0x6B, 0xC6, 0xF5, 0x96, 0xE1, 0xE5, 0xA4, 0x36, 0xAD, 0xF2, 0xC7,
    0xEE, 0x30, 0x33, 0x52, 0xD5, 0x3A, 0x8D, 0x42, 0x55, 0x58, 0xEC, 0xEC, 0x71, 0xCE, 0x98, 0xD2,
    0x19, 0xBE, 0x72, 0x46, 0xA4, 0x31, 0x82, 0xA8, 0x4E, 0x1E, 0x63, 0x5E, 0xE9, 0x00, 0xC4, 0x37,
    0xE6, 0x32, 0xA9, 0x15, 0xA5, 0x66, 0xD2, 0xBD, 0x68, 0x4C, 0x62, 0x22, 0xDF, 0x91, 0xDB, 0xBF,
    0x60, 0xB6, 0x96, 0x1E, 0x59, 0x6F, 0x89, 0xF5, 0x96, 0x56, 0x1A, 0x1E, 0x66, 0xD6, 0xE9, 0x91,
    0xC5, 0x67, 0x27, 0x19, 0xCD, 0xA3, 0xAC, 0x54, 0x08, 0x32, 0x69, 0x98, 0x21, 0x43, 0xCC, 0x21,
    0xC2, 0x21, 0xB2, 0x95, 0xE0, 0x17, 0x42, 0xC0, 0xDE, 0xB0, 0x1A, 0xD9, 0x1B, 0x26, 0x95, 0x3C,
    0x65, 0xB4, 0xA5, 0x1A, 0xD3, 0x51, 0xA6, 0x27, 0xC6, 0xB0, 0x17, 0xE9, 0xA4, 0x22, 0xE0, 0xB4,
    0xA2, 0x37, 0xCA, 0x35, 0x9A, 0x54, 0x7C, 0xE8, 0x34, 0x19, 0x95, 0x28, 0x8B, 0xA5, 0x07, 0x8F,
    0x38, 0xC6, 0x64, 0x84, 0x9A, 0x90, 0x33, 0xE3, 0xDA, 0xA7, 0x12, 0x97, 0x3E, 0x44, 0x34, 0x54,
    0x7F, 0xD3, 0x78, 0xF7, 0x54, 0xC7, 0x46, 0x75, 0xAA, 0xD1, 0x83, 0xE4, 0xBF, 0x50, 0x3A, 0xCF,
    0x62, 0x25, 0x70, 0x0C, 0x46, 0x63, 0xFD, 0x3B, 0xDF, 0x30, 0xDE, 0x9B, 0xFA, 0x2D, 0xB5, 0x05,
    0x13, 0x33, 0x8F, 0xF8, 0x63, 0xF5, 0x44, 0x87, 0x92, 0xF7, 0x72, 0xDF, 0xEF, 0x8D, 0xE6, 0x76,
    0x65, 0x96, 0x6E, 0xD1, 0x50, 0x7E, 0x83, 0xFC, 0xCD, 0x07, 0x7F, 0xC6, 0x6D, 0x68, 0x99, 0x63,
    0x64, 0xDC, 0xC6, 0x9E, 0xE9, 0x46, 0xB9, 0x4D, 0x2D, 0xDB, 0xCA, 0x3D, 0xD3, 0xC6, 0xED, 0xCA,
    0x96, 0xD3, 0x65, 0x62, 0x61, 0x92, 0x8E, 0x17, 0x78, 0xA6, 0x7B, 0xED, 0x0D, 0x16, 0x5B, 0x99,
    0x6E, 0x8D, 0x69, 0x78, 0x95, 0x72, 0xCB, 0x74, 0xEE, 0xCD, 0xA6, 0x9A, 0x6E, 0xDA, 0x6C, 0xF6,
    0x36, 0x33, 0x59, 0x54, 0x3B, 0xB4, 0x61, 0x7A, 0xDE, 0x32, 0x3D, 0x29, 0x51, 0x37, 0x99, 0x0E,
    0x37, 0x7A, 0x6D, 0x04, 0x9A, 0x25, 0x3B, 0xB6, 0xD5, 0x7C, 0x1D, 0xF9, 0x67, 0xBE, 0x65, 0xE8,
    0xF6, 0xB9, 0x8D, 0x6C, 0x59, 0x24, 0x9E, 0xDB, 0xC7, 0xDA, 0x24, 0xB3, 0xB9, 0x3D, 0x35, 0x6E,
    0x4F, 0x3C, 0xB7, 0xB1, 0xC5, 0x83, 0xFB, 0xDC, 0x22, 0x79, 0xD9, 0xE3, 0x16, 0xEE, 0xA9, 0x31,
    0x6E, 0xA9, 0x30, 0xA9, 0xB1, 0xB9, 0xE3, 0x36, 0xBD, 0xC6, 0x6D, 0x6C, 0xDC, 0xA2, 0xB7, 0x3D,
    0x6E, 0xC3, 0x7B, 0xB9, 0xB5, 0xA0, 0x9B, 0x44, 0x7E, 0xB2, 0xB9, 0x48, 0x3E, 0x41, 0xE0, 0xC8,
    0x8B, 0x14, 0x93, 0x43, 0xA7, 0xAB, 0xAA, 0xA9, 0xB1, 0xCD, 0x31, 0x2E, 0x62, 0x5E, 0x3C, 0xC3,
    0x45, 0x58, 0x92, 0xDE, 0xDC, 0x1B, 0xFC, 0xCE, 0x5F, 0xC4, 0xAD, 0xBF, 0x40, 0x52, 0x69, 0x17,
    0x99, 0xCF, 0xAF, 0xA1, 0x8E, 0xB9, 0x8D, 0xB9, 0xDA, 0x5C, 0x8C, 0xFE, 0x11, 0x48, 0xB5, 0x0B,
    0xEF, 0xF2, 0xA8, 0x8D, 0xFE, 0x02, 0x8A, 0x6D, 0x8F, 0x8E, 0x36, 0x79, 0xFA, 0xB1, 0x5D, 0xFC,
    0x2D, 0xC3, 0x29, 0x5E, 0x0C, 0x54, 0x48, 0x5C, 0x40, 0x76, 0x83, 0x66, 0xDA, 0x08, 0x2F, 0x46,
    0x8D, 0xA3, 0x13, 0xF2, 0x99, 0xF9, 0xA4, 0xC6, 0x5F, 0x20, 0x4D, 0x5E, 0x4A, 0xAA, 0x0C, 0x52,
    0xEF, 0xF3, 0x84, 0x79, 0x63, 0xB8, 0xA6, 0x86, 0xAC, 0x29, 0xC6, 0x4B, 0xF6, 0xF7, 0x21, 0x83,
    0x0E, 0x46, 0x9B, 0xE6, 0x0C, 0xCD, 0xC1, 0x2D, 0xF7, 0x01, 0xB7, 0x6D, 0xA7, 0x6F, 0xE8, 0xBB,
    0x4A, 0xA7, 0xCE, 0x35, 0x7B, 0xFE, 0x7D, 0x4E, 0xE9, 0x89, 0xB8, 0xF3, 0xC3, 0x99, 0x7C, 0xF7,
    0xA0, 0xE0, 0xBF, 0xF0, 0xE8, 0x6D, 0x55, 0x21, 0x36, 0x7A, 0x34, 0x6E, 0x0D, 0xC5, 0x06, 0x04,
    0xD4, 0x86, 0x48, 0xD5, 0x51, 0x55, 0xBB, 0xDB, 0x39, 0x9B, 0x68, 0xDC, 0x5B, 0x62, 0xA7, 0x5E,
    0xD4, 0x6A, 0x6A, 0xCA, 0xEB, 0x8B, 0xB0, 0x61, 0xE2, 0x80, 0x78, 0x95, 0x90, 0x4A, 0xFD, 0x5C,
    0x29, 0x3E, 0x55, 0x78, 0xA4, 0xF0, 0xFB, 0x0A, 0xDF, 0xF2, 0x9C, 0xDC, 0x0B, 0x6D, 0x2A, 0x0C,
    0x3E, 0xDC, 0x72, 0x0B, 0xA1, 0x1B, 0xCC, 0x0F, 0x6B, 0xC2, 0x58, 0x61, 0x5A, 0xD3, 0x5C, 0xE5,
    0xF5, 0x63, 0x55, 0xB3, 0x66, 0xA3, 0x6C, 0xBA, 0x4C, 0xD4, 0x90, 0x59, 0xD5, 0x4A, 0x12, 0x5B,
    0x53, 0xF5, 0x8E, 0xBB, 0x77, 0xE4, 0xCD, 0xE3, 0xCB, 0xD7, 0x92, 0x34, 0xDC, 0x53, 0x4D, 0x8F,
    0xFE, 0x93, 0x13, 0x96, 0x74, 0x67, 0xBA, 0x20, 0xB2, 0x92, 0x31, 0xD1, 0x8D, 0x09, 0x7B, 0x03,
    0xF8, 0x4A, 0xCB, 0x13, 0x55, 0xEF, 0x66, 0x0B, 0xED, 0xCE, 0x3D, 0xBF, 0xD7, 0x9F, 0x23, 0xCC,
    0x13, 0xD6, 0x29, 0x6C, 0x66, 0x38, 0xAA, 0x9F, 0x3C, 0xB2, 0xBC, 0x4F, 0xAC, 0x06, 0x88, 0x23,
    0x44, 0xB4, 0xEB, 0x74, 0x81, 0x7F, 0xB9, 0xC3, 0x61, 0x01, 0x77, 0xD6, 0x15, 0xA3, 0xF2, 0x54,
    0x0D, 0x5D, 0xC1, 0xE5, 0x0B, 0xAB, 0xB5, 0x55, 0x00, 0x2B, 0x62, 0x20, 0x55, 0x81, 0xA9, 0x08,
    0xBF, 0xEC, 0x41, 0x97, 0xE6, 0x4A, 0xEB, 0x8A, 0x34, 0x07, 0x98, 0x30, 0x66, 0x2D, 0xF1, 0xBF,
    0x0D, 0x92, 0x7E, 0xCC, 0x9A, 0xDE, 0x29, 0xD6, 0xD2, 0xE1, 0x76, 0x76, 0x48, 0x12, 0x4F, 0xB2,
    0xA8, 0x66, 0xAC, 0xF9, 0x0A, 0x4F, 0x66, 0x91, 0xE8, 0x77, 0x33, 0x06, 0x82, 0x06, 0x84, 0x0F,
    0x38, 0x6E, 0x44, 0x0F, 0xCE, 0x4D, 0x38, 0x62, 0x57, 0xC2, 0xBB, 0x07, 0x5F, 0xF6, 0xC0, 0xBB,
    0x31, 0x19, 0x9F, 0xF4, 0x70, 0x2F, 0xCC, 0x97, 0xF5, 0x14, 0xC8, 0xA3, 0xB5, 0xE6, 0xBE, 0xE8,
    0x9F, 0x15, 0xAF, 0x96, 0x30, 0x1D, 0x08, 0xE3, 0x91, 0x50, 0x8B, 0xD8, 0x68, 0x41, 0x18, 0xAC,
    0x35, 0xAC, 0x32, 0xB8, 0xA8, 0xAB, 0xF0, 0xD0, 0xEE, 0xEC, 0xC1, 0xF5, 0xAE, 0xBD, 0xBD, 0x6B,
    0xFD, 0x58, 0x9F, 0xD6, 0x7F, 0xD1, 0xDA, 0xB8, 0x46, 0x83, 0xD1, 0x63, 0xB4, 0xC1, 0x51, 0x9C,
    0x1F, 0x6A, 0xBC, 0xB0, 0x66, 0x9D, 0x20, 0xFA, 0xD8, 0xD1, 0xD5, 0x87, 0x92, 0x8D, 0xF7, 0xAC,
    0x22, 0x06, 0x99, 0x05, 0x3D, 0x98, 0x22, 0x70, 0xAA, 0x6C, 0x73, 0x29, 0x3C, 0xC3, 0x43, 0x88,
    0xF3, 0x53, 0xA0, 0x51, 0xD1, 0x6F, 0x66, 0x45, 0x5F, 0x38, 0x45, 0x03, 0x9A, 0x12, 0xC1, 0x13,
    0x12, 0xE5, 0xBD, 0x22, 0xF8, 0x46, 0xA2, 0x78, 0x56, 0x84, 0x88, 0x94, 0x08, 0x94, 0x2A, 0xAA,
    0x5A, 0x45, 0x45, 0xAF, 0x28, 0x1D, 0x15, 0x25, 0xB3, 0xA2, 0x68, 0x51, 0xA4, 0x43, 0x0E, 0x56,
    0x28, 0xA7, 0xBF, 0xB5, 0x90, 0x32, 0x1B, 0x34, 0x25, 0x82, 0xBF, 0xE3, 0x22, 0x8D, 0x0C, 0xF1,
    0x41, 0xAA, 0x56, 0x3D, 0x5A, 0xEF, 0xE5, 0x8A, 0x1A, 0x5C, 0xC0, 0x16, 0xAA, 0xD3, 0xBA, 0x3B,
    0x98, 0x54, 0x27, 0x4D, 0x2F, 0xCD, 0x4D, 0x80, 0xF3, 0xC3, 0x45, 0x03, 0xE8, 0xA2, 0xA6, 0x3B,
    0x4D, 0x7B, 0x7A, 0xD6, 0x48, 0x03, 0x8F, 0x70, 0xA2, 0xBF, 0x0D, 0x66, 0x75, 0xBD, 0x6B, 0xF5,
    0xC2, 0x8B, 0x8E, 0xE1, 0xD4, 0x0E, 0x34, 0xF7, 0x41, 0x6B, 0x63, 0xED, 0xED, 0x5D, 0xEB, 0xC7,
    0xFA, 0x4C, 0xB5, 0x7F, 0x1D, 0xAB, 0xB3, 0x71, 0x8D, 0x06, 0x4F, 0x8F, 0xD1, 0x86, 0xDB, 0xEA,
    0xA9, 0xAA, 0x7A, 0x6B, 0x76, 0x42, 0x65, 0x35, 0xEE, 0xB6, 0xD5, 0xE1, 0x37, 0x92, 0xAF, 0x54,
    0xF5, 0xB0, 0x98, 0xB7, 0xDD, 0x32, 0xF7, 0x67, 0x00, 0xCE, 0x09, 0x4B, 0xCB, 0xBB, 0x27, 0xEC,
    0xF5, 0xE7, 0x0B, 0xDA, 0xF9, 0x47, 0x8C, 0x9A, 0x4B, 0x84, 0x8F, 0xC7, 0x59, 0x8F, 0xD8, 0xF1,
    0x23, 0x8D, 0xAF, 0x3E, 0xF4, 0x33, 0xF8, 0xE6, 0x71, 0x14, 0xF9, 0xAD, 0x30, 0xBE, 0x62, 0xD0,
    0xEE, 0xDC, 0x9B, 0x8A, 0xBE, 0xEE, 0x1C, 0x1D, 0x88, 0xFC, 0x8E, 0xE6, 0xAC, 0x2C, 0x7F, 0x3F,
    0x87, 0x81, 0xC0, 0x82, 0x0A, 0x47, 0x56, 0x14, 0xAE, 0x32, 0x06, 0xC1, 0xCF, 0x69, 0x35, 0xB8,
    0xC6, 0x34, 0x63, 0xCA, 0x68, 0x52, 0x2A, 0x8C, 0x11, 0xCC, 0x29, 0x5D, 0x38, 0x6C, 0x4E, 0xD6,
    0xC2, 0xAF, 0x16, 0xAC, 0xC3, 0x7C, 0x0F, 0x61, 0xF7, 0x1E, 0xE7, 0xBD, 0xA5, 0x28, 0x1C, 0xE6,
    0x47, 0xAD, 0xE6, 0x8B, 0x48, 0x97, 0x6B, 0xFA, 0x5B, 0x74, 0xE7, 0x5A, 0x90, 0x15, 0xBA, 0x21,
    0x85, 0xDD, 0xFA, 0xCD, 0x08, 0xE3, 0x94, 0xFC, 0x0B, 0x35, 0x3E, 0xFB, 0x8C, 0x22, 0x28, 0x4A,
    0x8A, 0xE0, 0x4C, 0x45, 0x30, 0x53, 0x04, 0x08, 0x14, 0xC0, 0x30, 0x06, 0x03, 0x44, 0x1A, 0x0A,
    0xC8, 0x2C, 0x94, 0xD5, 0x6C, 0x8A, 0xE0, 0xA9, 0x8A, 0x80, 0xFB, 0x97, 0x95, 0x16, 0x19, 0x8B,
    0xF7, 0x7B, 0xAE, 0x9F, 0x7F, 0x44, 0xB6, 0x34, 0x65, 0xBF, 0x2A, 0x99, 0x9A, 0x2C, 0x2A, 0x82,
    0xB5, 0x8A, 0xC0, 0x51, 0x04, 0x81, 0x7A, 0x99, 0xE8, 0x33, 0xCA, 0x31, 0x31, 0x5D, 0x0C, 0x7C,
    0x51, 0xAD, 0xF1, 0x19, 0x54, 0x67, 0xA9, 0xD5, 0xB0, 0x9F, 0x5D, 0xCB, 0x7B, 0xF7, 0x4D, 0x34,
    0xFD, 0xBF, 0x3A, 0x8C, 0x79, 0xE3, 0x30, 0xE0, 0x21, 0x7D, 0xE9, 0x57, 0xFD, 0xD7, 0xF0, 0xCA,
    0x11, 0xD3, 0x59, 0x0A, 0xC4, 0x59, 0x69, 0x10, 0x4B, 0x8E, 0xE5, 0xC7, 0x7C, 0xD4, 0xA4, 0x29,
    0xD1, 0x72, 0x35, 0x4B, 0xEB, 0xC6, 0x7D, 0xF4, 0xBF, 0xD6, 0xD6, 0x82, 0xFE, 0x1B, 0xCA, 0x7B,
    0xB0, 0xA9, 0x1E, 0x98, 0x8B, 0xD4, 0x0D, 0x21, 0xC9, 0xFE, 0x61, 0xB0, 0x0D, 0xFC, 0xC9, 0x4A,
    0xAA, 0xEF, 0x7E, 0x33, 0x79, 0x3F, 0xF1, 0xFB, 0x07, 0xE1, 0xBC, 0x87, 0x4E, 0x64, 0x7C, 0xB8,
    0xD4, 0xF4, 0xA6, 0x2B, 0x7B, 0x3E, 0xEC, 0x7D, 0x7B, 0x50, 0x6E, 0xF7, 0x03, 0xAD, 0x7A, 0x1F,
    0xEB, 0xED, 0x6F, 0xDD, 0x62, 0x79, 0x88, 0xB4, 0x96, 0x01, 0x98, 0xA2, 0x75, 0x36, 0x92, 0xDF,
    0xB4, 0x65, 0x85, 0x0C, 0x0E, 0xC0, 0xE9, 0x16, 0x09, 0x46, 0x3D, 0xD6, 0x7E, 0x2F, 0x68, 0xDE,
    0x49, 0x4E, 0x32, 0x70, 0xBF, 0x23, 0x9A, 0x49, 0x4C, 0xA0, 0xB1, 0xA7, 0x2C, 0xBA, 0x43, 0x55,
    0xE9, 0xFE, 0x4D, 0x3E, 0xEE, 0x16, 0x9D, 0x15, 0xA8, 0x5E, 0x0A, 0x1A, 0xF9, 0x93, 0xD6, 0xC1,
    0xE8, 0x4F, 0x15, 0x2A, 0x8F, 0x0A, 0x92, 0x65, 0x53, 0xFD, 0x0C, 0x6D, 0xD7, 0xCE, 0x7D, 0xAE,
    0x5B, 0xCE, 0x35, 0xFE, 0x7C, 0xCC, 0x48, 0x39, 0x9E, 0x34, 0x7B, 0x01, 0xB0, 0x80, 0x7A, 0xB9,
    0x0E, 0x78, 0x2F, 0x98, 0x37, 0x4D, 0x34, 0xC2, 0xAE, 0x3A, 0x76, 0xE0, 0xBB, 0xDA, 0xF6, 0xAC,
    0x63, 0x68, 0x61, 0x75, 0x37, 0x38, 0xA4, 0x4C, 0x97, 0x97, 0x30, 0xF8, 0x06, 0x7F, 0xDC, 0x65,
    0x83, 0x58, 0xD6, 0xBB, 0xDC, 0xCC, 0x6F, 0x87, 0x17, 0xA5, 0xC1, 0x62, 0x91, 0x47, 0xC8, 0x09,
    0x17, 0x61, 0xAE, 0xBB, 0x68, 0xCC, 0xBA, 0xA8, 0xAF, 0x59, 0xB4, 0x0C, 0xEB, 0xA1, 0xDD, 0xB1,
    0xA7, 0x9A, 0x3B, 0x2D, 0xD2, 0xAC, 0x09, 0x33, 0xBE, 0x85, 0x25, 0xDC, 0xB3, 0xB7, 0x9C, 0x5F,
    0xFB, 0xB0, 0xB0, 0xBA, 0x84, 0x34, 0x68, 0x4B, 0x5A, 0x2A, 0xAC, 0x15, 0xB6, 0x70, 0x57, 0xE8,
    0x2D, 0xEB, 0x9B, 0x05, 0x73, 0xD8, 0xC2, 0xF2, 0x3F, 0x7E, 0xE1, 0x63, 0x64, 0xB7, 0xAD, 0x22,
    0xE9, 0x56, 0x8A, 0x95, 0x18, 0x3F, 0xBD, 0x9E, 0x56, 0x2F, 0xCA, 0x53, 0x87, 0x89, 0x67, 0x3E,
    0xD9, 0xA1, 0x4B, 0xEE, 0x6B, 0x42, 0xCB, 0x76, 0xE2, 0xD8, 0x80, 0xA0, 0x71, 0xFA, 0xE5, 0x0D,
    0x56, 0x07, 0x65, 0xD7, 0x50, 0xEE, 0x8E, 0x0F, 0x16, 0x03, 0x91, 0x07, 0x0D, 0xB3, 0xD3, 0xA2,
    0x7E, 0x42, 0x2E, 0x7A, 0x07, 0x09, 0x97, 0xE4, 0x2C, 0xEB, 0x37, 0xBA, 0x59, 0x6D, 0x1C, 0x8F,
    0xEE, 0x79, 0x46, 0xF5, 0x8D, 0xC0, 0xE2, 0x6E, 0x82, 0x0E, 0x6F, 0x10, 0xF4, 0x87, 0x7F, 0x8F,
    0x29, 0x24, 0x2D, 0xB9, 0xCE, 0x23, 0x69, 0x69, 0xE4, 0x36, 0x41, 0x4E, 0xE2, 0x0D, 0x41, 0xED,
    0x75, 0x82, 0xB4, 0x30, 0xCC, 0xCD, 0x2D, 0x29, 0xA8, 0x57, 0x57, 0x88, 0x13, 0x82, 0x11, 0xFA,
    0x1C, 0xD5, 0xD7, 0x3D, 0xC2, 0xAB, 0x92, 0x50, 0xE8, 0xCE, 0x8F, 0xF9, 0xEE, 0x24, 0xDF, 0x0E,
    0x9A, 0xEE, 0x76, 0xFD, 0xE3, 0x15, 0x91, 0x11, 0x0C, 0x30, 0x14, 0xD1, 0x84, 0x15, 0xA9, 0x40,
    0xFF, 0xBC, 0xBB, 0x20, 0xF3, 0xAA, 0x34, 0x47, 0xC3, 0xB4, 0x82, 0xBA, 0x7C, 0xC9, 0x52, 0xDE,
    0xC0, 0x0D, 0xC7, 0x1D, 0xD0, 0x7B, 0xFA, 0x34, 0x99, 0x5E, 0x29, 0x7D, 0x83, 0xD2, 0x87, 0x99,
    0x42, 0xB8, 0x99, 0xBF, 0xE0, 0x50, 0xFF, 0x8C, 0xA5, 0x9E, 0x8D, 0xB1, 0x1B, 0xB3, 0x3E, 0xC7,
    0xB3, 0x36, 0x1A, 0x11, 0xAF, 0xB2, 0x5C, 0xA0, 0x5B, 0x0C, 0x5A, 0x94, 0x75, 0x66, 0x92, 0x97,
    0xED, 0x9E, 0xE8, 0x62, 0xB5, 0xF2, 0x25, 0xD1, 0xDA, 0xF9, 0x52, 0x8C, 0xFA, 0xA0, 0xD1, 0x22,
    0x13, 0x5B, 0xFB, 0xED, 0xD3, 0x6B, 0x88, 0x65, 0xDC, 0x83, 0x46, 0xE2, 0x5F, 0x77, 0x72, 0x5C,
    0xB4, 0x79, 0x32, 0x05, 0x53, 0xE6, 0x66, 0xD8, 0xB0, 0x1E, 0x3A, 0x24, 0x39, 0x0D, 0x06, 0x1B,
    0xB9, 0x3E, 0x19, 0xB3, 0x29, 0x6B, 0xE3, 0xB9, 0xA8, 0x23, 0xC4, 0x9F, 0xD1, 0xD8, 0x48, 0x50,
    0xEE, 0xED, 0xC7, 0x5E, 0x3B, 0x37, 0x45, 0x1B, 0x6E, 0x0B, 0x20, 0x9A, 0x3C, 0x40, 0x9C, 0xF8,
    0x2E, 0x7A, 0x66, 0xB7, 0x90, 0x1E, 0x4C, 0x1F, 0xD7, 0x29, 0xCD, 0x95, 0xEE, 0x9D, 0x54, 0x3E,
    0x8A, 0xE2, 0x89, 0x50, 0xBA, 0xA2, 0x35, 0xEC, 0xED, 0x91, 0xF3, 0x1B, 0xB8, 0x34, 0x39, 0xDC,
    0x36, 0x90, 0x8F, 0x76, 0x73, 0x02, 0x39, 0xA1, 0xBF, 0x36, 0xC1, 0x8C, 0x70, 0x2E, 0x8A, 0x52,
    0x53, 0x83, 0xA5, 0xB1, 0x84, 0x80, 0x33, 0xD6, 0x6C, 0x3E, 0xDC, 0x79, 0x88, 0xAE, 0x18, 0x74,
    0x05, 0xA4, 0x2B, 0xD3, 0x2C, 0xA4, 0x37, 0xBB, 0xD2, 0x98, 0x55, 0xA1, 0x95, 0x8B, 0xCB, 0xAF,
    0x77, 0x4C, 0xDD, 0xE4, 0x26, 0xCF, 0xFC, 0xC0, 0xB0, 0x00, 0x9B, 0x49, 0x1B, 0xD7, 0x41, 0xF7,
    0x75, 0x8E, 0x19, 0x75, 0x31, 0x72, 0x8B, 0xB4, 0xE7, 0xC9, 0xEB, 0x5B, 0xEB, 0xF1, 0x6B, 0x18,
    0x13, 0x52, 0x45, 0x3A, 0x14, 0xD9, 0x66, 0xD0, 0xA9, 0x6C, 0xEB, 0x7D, 0xB9, 0xE3, 0x11, 0x98,
    0x7A, 0xBE, 0x74, 0xF1, 0x32, 0xD8, 0x16, 0x2F, 0x13, 0x2D, 0x5E, 0xA2, 0xF7, 0x33, 0x46, 0x56,
    0xC1, 0xC6, 0x01, 0x34, 0x33, 0x8F, 0x58, 0xAB, 0x8F, 0x2F, 0x5F, 0xA7, 0x8C, 0xF7, 0xEA, 0x94,
    0x91, 0x6B, 0x63, 0xD7, 0xA7, 0x7F, 0x35, 0x9E, 0xCA, 0xD3, 0x0F, 0xE5, 0x77, 0xBF, 0x12, 0x6A,
    0xAF, 0x7F, 0x06, 0xB9, 0x33, 0x2E, 0x38, 0xE2, 0x65, 0xB3, 0x94, 0x5F, 0xE6, 0x70, 0xFC, 0x02,
    0xD1, 0x93, 0x7A, 0x8E, 0xEC, 0x14, 0xF7, 0x10, 0x2C, 0x55, 0xBF, 0xD4, 0xCD, 0xB4, 0xD6, 0xC7,
    0xEB, 0x89, 0x7E, 0x2C, 0xFA, 0x63, 0x88, 0xFC, 0x4F, 0xC3, 0xDD, 0x67, 0x5D, 0x67, 0x5C, 0xD2,
    0x95, 0x05, 0x3B, 0xC9, 0x04, 0xD3, 0xC2, 0x6F, 0x5F, 0x5A, 0x08, 0xB0, 0xE8, 0x30, 0x77, 0x79,
    0x87, 0x60, 0x2F, 0xEB, 0x1D, 0xE3, 0xA8, 0x3B, 0x40, 0xA7, 0x80, 0x4D, 0x5A, 0x44, 0x2C, 0xB9,
    0xBE, 0x56, 0x62, 0xD1, 0x34, 0xB0, 0x98, 0x94, 0xA2, 0x86, 0x5A, 0xB9, 0xD6, 0x35, 0x96, 0xF2,
    0x99, 0xD8, 0x7E, 0x96, 0xBC, 0x7B, 0xE8, 0xEE, 0xAA, 0x65, 0x54, 0x73, 0x82, 0x96, 0xD5, 0xCC,
    0x8F, 0x08, 0xA3, 0xF5, 0x98, 0x68, 0xCE, 0x1B, 0x69, 0x79, 0x92, 0xA1, 0xAA, 0xDB, 0x98, 0xA9,
    0xE5, 0xFF, 0x77, 0xE8, 0x64, 0x31, 0x73, 0x81, 0x85, 0x85, 0x47, 0x74, 0x93, 0x41, 0xDB, 0xDC,
    0x69, 0xB6, 0xDF, 0xD9, 0x6A, 0xDD, 0xCF, 0xAA, 0x48, 0x3F, 0xB8, 0xBE, 0x18, 0x40, 0xA4, 0x32,
    0x96, 0x8C, 0x87, 0x33, 0xD3, 0xBE, 0x86, 0x0A, 0x5E, 0xD4, 0x95, 0xDF, 0x6B, 0xC8, 0x5A, 0x15,
    0x0A, 0xF3, 0xE7, 0xFE, 0x2E, 0x60, 0x22, 0x63, 0x3B, 0xCA, 0xB7, 0xD5, 0x77, 0xB3, 0x4E, 0x45,
    0x76, 0xC8, 0x82, 0x29, 0xEB, 0x0C, 0x6A, 0x7C, 0xCC, 0xEB, 0x68, 0xFC, 0xAA, 0xA5, 0xC8, 0xB3,
    0xCD, 0xF7, 0x78, 0x41, 0xF7, 0xDB, 0x21, 0x88, 0x81, 0xA9, 0x30, 0x92, 0xA7, 0xD2, 0x83, 0x1E,
    0xA6, 0xBC, 0x13, 0x6C, 0x62, 0xD8, 0x5D, 0x8F, 0xFC, 0x5E, 0x15, 0x41, 0x81, 0x3B, 0x7F, 0xCF,
    0x12, 0x15, 0x84, 0x35, 0xB7, 0x53, 0xED, 0x57, 0x26, 0x97, 0x11, 0x09, 0x0B, 0x3C, 0xF1, 0x60,
    0x40, 0xFF, 0xBC, 0xF3, 0xF7, 0xCA, 0x08, 0x22, 0x01, 0xC9, 0x60, 0xE7, 0x3D, 0xC4, 0x6C, 0x3F,
    0x7C, 0xBD, 0xF9, 0xBB, 0xFD, 0x6E, 0x58, 0xDA, 0xF7, 0x1B, 0xF9, 0xF2, 0x13, 0x92, 0xBF, 0x80,
    0xFC, 0x78, 0x4D, 0xF2, 0x1D, 0xC6, 0x47, 0xC0, 0x00, 0xF7, 0xFF, 0x6B, 0x90, 0x9F, 0xFE, 0x02,
    0xE4, 0x67, 0x24, 0xFF, 0x84, 0xF4, 0x5E, 0x10, 0xC0, 0xA1, 0x2C, 0x51, 0x07, 0xC0, 0x6F, 0xCF,
    0x9A, 0x94, 0xE4, 0x1F, 0xE1, 0xCD, 0xE2, 0x92, 0xE4, 0x8F, 0x24, 0xBF, 0xDF, 0x90, 0xAF, 0x09,
    0x59, 0x46, 0xF2, 0x8F, 0xF7, 0xCA, 0x2A, 0xF6, 0xFD, 0x92, 0xFF, 0x3A, 0xA5, 0x78, 0x60, 0x17,
    0x19, 0x81, 0xF6, 0xF6, 0x88, 0xF4, 0x90, 0xAF, 0xEA, 0xD0, 0x4F, 0x65, 0x99, 0x01, 0x2C, 0x74,
    0x67, 0xFC, 0x3E, 0xA4, 0xE8, 0xBE, 0x8F, 0x30, 0x2A, 0x75, 0x73, 0x45, 0x1B, 0x77, 0x5E, 0xCD,
    0xDB, 0xD4, 0xD8, 0xED, 0xC8, 0xB5, 0xD4, 0xD8, 0x2A, 0x65, 0x6F, 0xC9, 0xEB, 0x45, 0xAD, 0x26,
    0x4C, 0x08, 0x48, 0xF5, 0xFF, 0x22, 0xE8, 0x47, 0x9A, 0x53, 0xA5, 0x73, 0xCF, 0x88, 0xF7, 0x70,
    0xE7, 0x36, 0x5F, 0x0B, 0x6A, 0xFF, 0x8F, 0x05, 0xE4, 0xDF, 0x0A, 0xB5, 0x53, 0xB3, 0xD3, 0x84,
    0x6A, 0xA7, 0x09, 0x56, 0x1C, 0x8A, 0xF6, 0xBE, 0x15, 0xB8, 0xA9, 0x09, 0x15, 0x62, 0x0A, 0x37,
    0x18, 0x4C, 0x18, 0x1A, 0x94, 0x91, 0xEE, 0x40, 0x73, 0xA0, 0x4B, 0xED, 0x65, 0xD6, 0x82, 0x0B,
    0xBF, 0x86, 0xAD, 0x43, 0xFD, 0x82, 0x84, 0xDD, 0x65, 0x1D, 0xF7, 0x6F, 0xD2, 0x81, 0x45, 0x92,
    0x78, 0x60, 0xD7, 0xD1, 0xC4, 0xDD, 0xFA, 0x70, 0xCE, 0x55, 0x01, 0xF5, 0x93, 0x84, 0x45, 0x0B,
    0x26, 0xD5, 0xE5, 0x6E, 0xAE, 0xAD, 0x8A, 0xE3, 0x8B, 0x27, 0xDD, 0xEE, 0x43, 0xC8, 0xAC, 0xDE,
    0xA6, 0xF3, 0x96, 0x42, 0x5B, 0x75, 0x27, 0xB6, 0xE2, 0xC4, 0xB0, 0xFD, 0x7A, 0x28, 0x7D, 0x71,
    0xB3, 0x9E, 0x1E, 0xBD, 0xD4, 0x3E, 0xF7, 0x21, 0xBF, 0x9F, 0x58, 0x72, 0x3A, 0xFF, 0xE5, 0x23,
    0xF6, 0xBA, 0xB4, 0x2A, 0xCF, 0x7A, 0x53, 0xDF, 0xD0, 0x72, 0x50, 0xA1, 0xDF, 0x88, 0x15, 0xFA,
    0x28, 0xBF, 0x1F, 0x5A, 0x9B, 0x5D, 0xFB, 0x72, 0xD3, 0x8F, 0x7E, 0x86, 0xB4, 0x68, 0xFD, 0x64,
    0xD1, 0xEF, 0x68, 0x97, 0x58, 0xC7, 0x7D, 0x78, 0xCF, 0x7E, 0x57, 0xC8, 0x6C, 0xB4, 0x18, 0x63,
    0x50, 0x60, 0xB1, 0xF8, 0x15, 0x53, 0x4F, 0x7D, 0x33, 0x68, 0x77, 0xEE, 0xAD, 0xEF, 0x75, 0x29,
    0xF2, 0x4A, 0x85, 0x29, 0xAB, 0x2B, 0x5A, 0xE9, 0xB9, 0x54, 0x38, 0x69, 0xA9, 0x6D, 0x54, 0xFD,
    0xE1, 0x8E, 0x64, 0xC9, 0xE2, 0x04, 0x12, 0xA7, 0x76, 0xFB, 0xBF, 0x85, 0x7A, 0x9A, 0x89, 0x74,
    0x48, 0x75, 0xD3, 0x40, 0xFF, 0xCF, 0xD0, 0x74, 0xA2, 0xEA, 0xA3, 0xB6, 0x70, 0xFD, 0x44, 0xD7,
    0xA9, 0xCE, 0x60, 0x35, 0xEC, 0xF6, 0xF4, 0xB2, 0x5B, 0x33, 0x98, 0xEF, 0xD9, 0xC9, 0xAB, 0x9D,
    0x29, 0xB2, 0x0F, 0xD5, 0x2A, 0x8D, 0x24, 0xF4, 0x4B, 0x96, 0xFC, 0x73, 0xDE, 0xF8, 0x1F, 0xDD,
    0x5C, 0x3F, 0x93, 0xDC, 0xC8, 0x75, 0x6F, 0x00, 0x27, 0xC2, 0x77, 0x28, 0x09, 0x17, 0x28, 0x50,
    0x89, 0x3E, 0xC2, 0x81, 0x02, 0x95, 0xCD, 0x23, 0x1C, 0x38, 0xB8, 0x60, 0xB9, 0x80, 0xEA, 0x3E,
    0x80, 0xF8, 0x11, 0x14, 0x38, 0x72, 0xC2, 0xC4, 0x81, 0x5C, 0xC5, 0x23, 0x20, 0x3B, 0x74, 0xB2,
    0xE5, 0x2F, 0xA0, 0x0B, 0x9C, 0x28, 0x3A, 0x07, 0x0C, 0x18, 0xEC, 0x12, 0xE0, 0xE9, 0x03, 0x08,
    0x76, 0xE0, 0x18, 0x65, 0x5F, 0xD9, 0x81, 0xAB, 0x7C, 0xB0, 0x0A, 0x2E, 0x83, 0x22, 0x06, 0xED,
    0xF7, 0xFB, 0xBD, 0xC6, 0x0C, 0x66, 0x76, 0x76, 0xB9, 0x5C, 0x72, 0xC9, 0xDD, 0x23, 0x67, 0x5E,
    0xEF, 0xCE, 0x02, 0x8D, 0xEE, 0xDF, 0x7B, 0xFD, 0xFE, 0xF5, 0xEB, 0x31, 0xC6, 0xDA, 0xD1, 0xC8,
    0x3F, 0xD7, 0xEC, 0xFD, 0xE7, 0xE9, 0x9F, 0x02, 0xD7, 0x4C, 0x6C, 0x22, 0xCB, 0x26, 0x2E, 0x72,
    0x34, 0x49, 0x56, 0xA2, 0xB9, 0x97, 0xD6, 0x68, 0xEE, 0x27, 0x0D, 0x9A, 0x47, 0x71, 0x8B, 0x66,
    0x88, 0x3A, 0x34, 0x7D, 0xD0, 0x0B, 0xF5, 0x3B, 0x76, 0x13, 0xB4, 0x3E, 0x9A, 0xB0, 0x31, 0xE8,
    0x2D, 0xAA, 0x0D, 0x7A, 0x8B, 0x4B, 0x53, 0xA0, 0x2F, 0x6B, 0xAD, 0xF4, 0x96, 0x49, 0x23, 0xBD,
    0x1D, 0xCA, 0xE7, 0xD2, 0xDB, 0x89, 0x34, 0xD2, 0x9B, 0xDC, 0x14, 0x76, 0xC6, 0x93, 0x9E, 0xA4,
    0x37, 0x5F, 0xFA, 0xF5, 0x07, 0x13, 0x74, 0x1C, 0x62, 0x34, 0xC8, 0x87, 0xD6, 0xE0, 0x26, 0x6B,
    0x3B, 0xD7, 0x04, 0xF2, 0x36, 0x24, 0xBB, 0xFF, 0xAA, 0x09, 0x73, 0xB0, 0x8D, 0x49, 0xFA, 0xB8,
    0x33, 0x69, 0x13, 0x0C, 0x26, 0xA9, 0x65, 0x6C, 0x51, 0xCD, 0x91, 0x6D, 0x11, 0xAF, 0x12, 0x74,
    0x62, 0x40, 0x94, 0xF5, 0xF2, 0x6B, 0x55, 0x0A, 0xB1, 0xF8, 0xC3, 0xA4, 0x24, 0x70, 0xA4, 0x32,
    0xB1, 0x5C, 0x52, 0x3E, 0x9A, 0x64, 0x0E, 0x9D, 0x6D, 0x7C, 0x9B, 0x57, 0x32, 0xF4, 0xD6, 0xFC,
    0x13, 0x1E, 0xD8, 0x19, 0x0E, 0xE2, 0x24, 0x24, 0x28, 0x99, 0x25, 0x52, 0x89, 0x25, 0x7C, 0x32,
    0x8B, 0xD7, 0x84, 0xBD, 0xBA, 0x30, 0xEC, 0xE1, 0x1E, 0xD8, 0x6B, 0x6F, 0x1B, 0xF6, 0xEA, 0x14,
    0xEC, 0xF7, 0x8D, 0x60, 0x62, 0xCC, 0xB1, 0x7C, 0x2E, 0xBD, 0xC9, 0xF0, 0x62, 0x85, 0x3D, 0x52,
    0xD8, 0x43, 0x85, 0x1D, 0x78, 0xF5, 0x1C, 0xD4, 0x0E, 0xEC, 0x8D, 0x5F, 0x0B, 0x87, 0xC2, 0xDA,
    0x78, 0x16, 0x33, 0xAC, 0xF0, 0x9C, 0xA4, 0x37, 0xEF, 0x92, 0x0B, 0x7F, 0x03, 0x2E, 0xB4, 0xE4,
    0x82, 0xF4, 0xFF, 0x96, 0x84, 0xB8, 0xDB, 0x42, 0xB3, 0xD9, 0x42, 0xB3, 0x54, 0x34, 0xF3, 0x8B,
    0xA2, 0x09, 0x18, 0x15, 0xCD, 0x60, 0x0B, 0xCD, 0x70, 0x17, 0x4D, 0x8E, 0xF1, 0x29, 0xA9, 0x0A,
    0x8F, 0x89, 0x39, 0x42, 0x93, 0x72, 0xBC, 0x26, 0x73, 0x8D, 0xFB, 0xF0, 0x7F, 0xF9, 0x6B, 0xAC,
    0x02, 0xE6, 0xCB, 0x28, 0x16, 0x20, 0x47, 0x6B, 0x90, 0x7D, 0x80, 0x4C, 0x50, 0xB6, 0xC9, 0x02,
    0x64, 0x0F, 0x20, 0x7B, 0x00, 0xD9, 0x03, 0xB4, 0xDE, 0x12, 0xE9, 0xCA, 0x44, 0x72, 0x49, 0xBD,
    0x11, 0xF5, 0x12, 0xA2, 0xEE, 0x63, 0x78, 0x09, 0x9E, 0x9F, 0xE1, 0xE1, 0xCF, 0x40, 0x88, 0x34,
    0x71, 0xAE, 0xFE, 0x95, 0x82, 0x0F, 0xAC, 0xA6, 0xF5, 0x80, 0x21, 0xC8, 0xDE, 0xCA, 0x70, 0x41,
    0x53, 0x24, 0x65, 0xE8, 0x7B, 0xD6, 0x42, 0x35, 0xE5, 0xC0, 0xB4, 0x33, 0xD5, 0x51, 0x34, 0xCA,
    0x20, 0xFC, 0x15, 0x18, 0xB2, 0x82, 0x6A, 0x38, 0x06, 0xBF, 0x7E, 0x91, 0x81, 0x85, 0x05, 0x1F,
    0xB3, 0x7E, 0xE0, 0x74, 0x16, 0xB1, 0xEB, 0xEB, 0x78, 0x07, 0xEF, 0x25, 0xD7, 0xC9, 0x73, 0xF4,
    0xFC, 0x7D, 0x70, 0xF8, 0xBE, 0xB1, 0x47, 0xB7, 0x46, 0x93, 0x5A, 0xDB, 0xCA, 0x08, 0xFE, 0x80,
    0x8B, 0x5A, 0x1D, 0xB6, 0xDC, 0xEB, 0x41, 0xDF, 0xC8, 0xAF, 0x61, 0xBE, 0x19, 0x66, 0x2A, 0x00,
    0xC9, 0xC5, 0x51, 0x1F, 0xF7, 0x10, 0xE3, 0xAC, 0x0C, 0xC6, 0x42, 0x20, 0xAB, 0x04, 0x18, 0xEB,
    0x9E, 0xBD, 0xFB, 0xB6, 0x6E, 0x24, 0x10, 0x41, 0x61, 0xE4, 0x07, 0x32, 0x82, 0xBB, 0xD1, 0x0B,
    0x6F, 0xF4, 0x31, 0xD9, 0x54, 0x66, 0x6D, 0x12, 0x08, 0x40, 0x06, 0x74, 0xA0, 0xA3, 0xFD, 0xA1,
    0x80, 0x18, 0x08, 0xC8, 0x71, 0xEE, 0x37, 0xD7, 0x14, 0x27, 0xE8, 0x62, 0x59, 0x84, 0x64, 0xF6,
    0x49, 0x5A, 0x7A, 0x7D, 0xD8, 0x04, 0xA5, 0xAA, 0xC1, 0x1D, 0x9C, 0x06, 0xC5, 0xC9, 0x07, 0x4E,
    0xBD, 0x3C, 0x29, 0xBF, 0x3C, 0x4E, 0x21, 0xC6, 0x14, 0x77, 0x5B, 0x24, 0x6C, 0xCE, 0x30, 0x69,
    0xD7, 0x03, 0x27, 0x1A, 0xB2, 0x71, 0xF3, 0xF6, 0x76, 0x54, 0xE4, 0x55, 0xE0, 0x74, 0xCF, 0x04,
    0xB5, 0x28, 0x90, 0x24, 0x17, 0x9D, 0xF3, 0x58, 0xE4, 0x69, 0x85, 0x95, 0x6F, 0xF1, 0xE0, 0x82,
    0x82, 0xD6, 0xEC, 0xC3, 0xA9, 0x9F, 0x71, 0xF2, 0x36, 0x38, 0x3D, 0xE1, 0x0C, 0xAF, 0x02, 0xA7,
    0x2F, 0x76, 0x70, 0x0A, 0x1A, 0x51, 0x96, 0xBD, 0xE8, 0x86, 0xC7, 0x69, 0x0E, 0x4C, 0x28, 0x5B,
    0x61, 0x7F, 0xB5, 0xEB, 0x2E, 0x06, 0x4E, 0x22, 0x40, 0x50, 0x67, 0x41, 0xCF, 0xF1, 0x4E, 0x34,
    0x1E, 0x05, 0x1F, 0x9C, 0x51, 0x2D, 0xFF, 0xB8, 0xDC, 0xB1, 0x67, 0xD6, 0xCA, 0xAD, 0x0F, 0x2D,
    0x10, 0x13, 0xAB, 0x10, 0x4E, 0x7C, 0x58, 0x51, 0x83, 0x8A, 0xEA, 0x9F, 0x38, 0xC9, 0x89, 0x1A,
    0x7F, 0x32, 0xAA, 0x4C, 0x05, 0x4D, 0x37, 0x28, 0x1D, 0xD6, 0xC4, 0x81, 0x9D, 0x47, 0xED, 0xE6,
    0x7A, 0x6F, 0xB5, 0xE9, 0x47, 0xFB, 0xD4, 0xFE, 0xF5, 0x59, 0x55, 0xED, 0x4F, 0xE6, 0xF6, 0xE4,
    0xC6, 0xA3, 0x63, 0xA3, 0x65, 0x58, 0x91, 0x62, 0x36, 0xC5, 0x73, 0xCC, 0x26, 0x7B, 0x8E, 0xD9,
    0xA4, 0x5F, 0x83, 0x0B, 0xE9, 0x6F, 0xCB, 0x99, 0x2B, 0xA4, 0x45, 0x2F, 0x54, 0x5C, 0x28, 0xA1,
    0x71, 0x1F, 0x7E, 0x5B, 0xE3, 0x43, 0xB1, 0x2D, 0x82, 0x59, 0x55, 0x83, 0x8D, 0xA2, 0x0E, 0x2B,
    0x52, 0x4B, 0x3A, 0xF1, 0xAE, 0xB3, 0xA8, 0x5D, 0x5C, 0xAF, 0xF7, 0x6A, 0x3F, 0xDA, 0xA7, 0xF4,
    0xFF, 0x6B, 0xBA, 0x6B, 0x70, 0x8B, 0x8A, 0x3E, 0x16, 0xCB, 0x6D, 0xED, 0x0B, 0x63, 0xBE, 0xB2,
    0x90, 0x04, 0x91, 0x8C, 0xDB, 0x2B, 0x7A, 0x03, 0x36, 0x07, 0x4D, 0xE9, 0x23, 0xC4, 0x9D, 0x4F,
    0x61, 0x00, 0x0D, 0x06, 0x50, 0x1F, 0x72, 0x2A, 0xC8, 0xD0, 0x38, 0x2B, 0x9D, 0x2C, 0xB8, 0xEA,
    0xA8, 0x7E, 0xB2, 0xA0, 0xAB, 0xCD, 0xF5, 0x7A, 0xAF, 0xF6, 0xA3, 0x7D, 0x6A, 0xFF, 0x59, 0xAD,
    0xCF, 0xD5, 0x31, 0xE8, 0x78, 0x74, 0x6C, 0xCE, 0xD2, 0xAA, 0xB9, 0x2D, 0x6A, 0x05, 0x4D, 0xA6,
    0x60, 0x95, 0x38, 0x24, 0x85, 0x00, 0x47, 0xC2, 0x48, 0x14, 0x39, 0x61, 0xCE, 0x9D, 0x30, 0x10,
    0x11, 0x82, 0x43, 0x9C, 0xF6, 0x11, 0xBB, 0xBE, 0x8E, 0x77, 0xF0, 0x5E, 0xF6, 0x02, 0xD4, 0xDA,
    0xC0, 0x4E, 0x89, 0x25, 0x66, 0xF0, 0x39, 0x68, 0x67, 0xED, 0x3E, 0xC5, 0x27, 0x42, 0x60, 0x55,
    0x20, 0x64, 0xC9, 0x4C, 0x34, 0xD1, 0x13, 0x9D, 0x6C, 0xA1, 0xF7, 0x48, 0xEF, 0x90, 0x7E, 0xE8,
    0x56, 0xEC, 0x99, 0x54, 0x1D, 0x1B, 0xA5, 0xE7, 0x5F, 0xB9, 0xA6, 0x7E, 0x4E, 0x31, 0x2D, 0x41,
    0x43, 0xD2, 0xB8, 0x84, 0xEB, 0x94, 0x96, 0x18, 0x8F, 0x78, 0x10, 0xA4, 0xC1, 0xEC, 0xB6, 0x6F,
    0x29, 0xC2, 0x17, 0x58, 0xE0, 0xB5, 0x2C, 0xF0, 0x8E, 0x0B, 0x3C, 0xF7, 0x64, 0x81, 0x9B, 0x49,
    0xE0, 0xB0, 0x93, 0x7A, 0x91, 0xBC, 0xD9, 0x72, 0x5E, 0xDB, 0x0B, 0x3C, 0xDB, 0x2C, 0xF0, 0x4F,
    0xC2, 0x17, 0xDE, 0xB1, 0x87, 0xBE, 0x13, 0x59, 0x09, 0xDF, 0xA7, 0xA3, 0x11, 0x9B, 0x84, 0xCE,
    0xDB, 0x63, 0xB8, 0x20, 0x0C, 0x82, 0x3C, 0x2A, 0xC3, 0xD9, 0xB9, 0xBA, 0x49, 0xC8, 0xD5, 0x5E,
    0x1D, 0xB4, 0xE2, 0x8E, 0xC2, 0xE7, 0x86, 0xCB, 0xBD, 0xEB, 0x71, 0xBF, 0x01, 0x8A, 0x85, 0x59,
    0xA3, 0x78, 0x10, 0x0D, 0xDE, 0xE0, 0x61, 0x05, 0xA8, 0x7B, 0x92, 0x6F, 0x9C, 0xCF, 0x25, 0x4D,
    0xF2, 0x9B, 0x29, 0x7F, 0xF4, 0x19, 0xE0, 0x3C, 0xCC, 0xEF, 0x5D, 0x1F, 0xE2, 0x4D, 0x50, 0x5C,
    0x18, 0x9B, 0x70, 0xF0, 0xC6, 0x59, 0x16, 0x2F, 0x8A, 0xCA, 0xDB, 0xC5, 0x43, 0x69, 0x90, 0x6F,
    0xF0, 0x58, 0xA2, 0x92, 0x6D, 0xA3, 0xE2, 0x9C, 0x7B, 0xF5, 0xEE, 0xD5, 0xBD, 0x57, 0xFF, 0x7E,
    0x7E, 0xBE, 0x59, 0xBB, 0xF8, 0xEA, 0xE3, 0xD3, 0xC9, 0x7F, 0x0B, 0xEB, 0x36, 0xDE, 0x60, 0xD5,
    0x9B, 0xDB, 0x18, 0xC9, 0x17, 0x1A, 0x30, 0x87, 0x9D, 0xBA, 0x0C, 0x91, 0xC6, 0xA3, 0xB2, 0x7A,
    0x07, 0x1A, 0xE7, 0xFB, 0x5C, 0xD7, 0x49, 0x8E, 0x15, 0x1D, 0xFD, 0x33, 0x03, 0xB5, 0x97, 0x1D,
    0xD7, 0x35, 0x27, 0x50, 0x51, 0x3A, 0xFF, 0x34, 0xBF, 0x81, 0xAB, 0xBB, 0xF5, 0xE0, 0x04, 0x9D,
    0x08, 0xF8, 0x99, 0x58, 0xF0, 0x64, 0xD4, 0xB9, 0x5F, 0xA1, 0x5C, 0xAA, 0x27, 0xAF, 0x8F, 0x9A,
    0xD9, 0x7A, 0x02, 0xC5, 0x28, 0x03, 0x91, 0x55, 0x21, 0x43, 0xEA, 0xF6, 0xBA, 0xD7, 0x0F, 0xED,
    0x11, 0x43, 0x4E, 0xF8, 0x3E, 0x88, 0x0D, 0x11, 0xE0, 0x15, 0x35, 0x18, 0x26, 0xE6, 0xAF, 0x01,
    0x73, 0x60, 0x15, 0x3F, 0x50, 0x07, 0x50, 0x7D, 0x41, 0x75, 0x0B, 0x9D, 0x18, 0xED, 0x85, 0x29,
    0x66, 0x7F, 0xB1, 0x5A, 0xD5, 0xAA, 0xA3, 0x8C, 0xC0, 0x16, 0x4A, 0x9F, 0xE8, 0x27, 0x85, 0x35,
    0x74, 0xFD, 0xA7, 0x35, 0xBC, 0x43, 0x71, 0x10, 0x56, 0x34, 0xBD, 0xD5, 0x37, 0xB0, 0xCC, 0xB1,
    0xCA, 0xF1, 0x43, 0xFB, 0x8F, 0x2E, 0x0D, 0xC0, 0x28, 0x34, 0xA1, 0xB1, 0x44, 0x40, 0xFD, 0x14,
    0xD1, 0xDC, 0x91, 0xF9, 0x72, 0x3D, 0x0B, 0x11, 0xF8, 0x74, 0x95, 0x00, 0x0C, 0x3B, 0x86, 0x43,
    0xD4, 0x7D, 0x16, 0xB7, 0x3E, 0x42, 0x67, 0x33, 0xAA, 0x43, 0xB3, 0x21, 0xF2, 0xD9, 0xCA, 0xC4,
    0x48, 0xAE, 0x84, 0x83, 0x88, 0x22, 0x95, 0xA3, 0x29, 0x80, 0x5F, 0xC7, 0x3C, 0x01, 0x48, 0xBD,
    0x26, 0x2D, 0xE3, 0x72, 0x48, 0xAB, 0xF4, 0x9C, 0xCB, 0x4F, 0xB6, 0x49, 0x1B, 0x09, 0x2D, 0x0B,
    0xE8, 0x1B, 0xBA, 0x70, 0x24, 0x16, 0x29, 0xAF, 0x8A, 0xD3, 0x6B, 0x3C, 0x9B, 0x33, 0x28, 0x17,
    0x7F, 0x1C, 0xEB, 0xEF, 0x81, 0xFC, 0x9F, 0x33, 0x4A, 0x1C, 0xB6, 0x29, 0x2C, 0x7D, 0x37, 0x2E,
    0xD4, 0x70, 0x65, 0x5E, 0xCD, 0x15, 0x4F, 0xB9, 0x92, 0x91, 0x2B, 0x09, 0x51, 0x8B, 0x2F, 0xC3,
    0x15, 0xED, 0x2F, 0x52, 0xAE, 0x14, 0x6F, 0xC6, 0x95, 0x06, 0x13, 0xEA, 0x20, 0x53, 0x4F, 0x91,
    0xE8, 0x60, 0x8E, 0x8C, 0x19, 0xB2, 0x65, 0x7E, 0x0C, 0x5C, 0x99, 0xE2, 0x35, 0x57, 0xFA, 0xCF,
    0x88, 0x3B, 0x39, 0xF0, 0x9E, 0xB9, 0xA2, 0xD1, 0x9B, 0x66, 0x98, 0x96, 0xD4, 0xEB, 0xCD, 0x39,
    0xFF, 0xAE, 0xFD, 0x5A, 0xE1, 0xF0, 0x35, 0xE1, 0xB5, 0x26, 0xA7, 0xA6, 0x74, 0x7D, 0xD7, 0xCA,
    0xB5, 0xC7, 0x77, 0xEB, 0x9F, 0x46, 0xB5, 0xAA, 0xD6, 0xA3, 0x66, 0x93, 0xEB, 0x8B, 0x39, 0xBA,
    0x3B, 0x9A, 0xFD, 0x03, 0x39, 0x04, 0xF9, 0x02, 0x64, 0x9D, 0xBE, 0x0B, 0xC6, 0x9B, 0xC0, 0x0F,
    0x5F, 0x41, 0x0C, 0x5C, 0xEA, 0x95, 0x1A, 0xCB, 0x24, 0xBF, 0x53, 0xCF, 0x31, 0xE0, 0xC4, 0x07,
    0xC3, 0xF5, 0x7E, 0x64, 0x7E, 0xB8, 0xBB, 0x58, 0xD0, 0x8F, 0xBC, 0x5D, 0x13, 0x8A, 0x6E, 0x88,
    0x18, 0x94, 0x61, 0xEE, 0x1A, 0xBF, 0x5D, 0xA2, 0x81, 0x45, 0xDC, 0x34, 0x97, 0xED, 0x45, 0x1B,
    0x37, 0x16, 0x19, 0x95, 0x09, 0x11, 0xBE, 0x2E, 0x87, 0xAB, 0xD9, 0xDF, 0x39, 0x75, 0x50, 0x71,
    0x8E, 0x23, 0x19, 0xD7, 0x65, 0xCC, 0x7D, 0xC6, 0x82, 0xC5, 0xF7, 0x8C, 0x97, 0x2F, 0x92, 0xE3,
    0x33, 0x0D, 0x2E, 0xE4, 0x4B, 0x84, 0x60, 0xDB, 0x94, 0x81, 0x83, 0xD3, 0x13, 0x98, 0x6E, 0x8B,
    0x64, 0xBA, 0xC4, 0xAD, 0x10, 0x7A, 0xCB, 0xCB, 0x94, 0xBE, 0xC9, 0xCB, 0xE2, 0x15, 0x08, 0xDF,
    0xE0, 0x99, 0x0C, 0xC6, 0x0E, 0x4A, 0x77, 0x59, 0xC3, 0x44, 0xB6, 0xBF, 0x8F, 0x35, 0xEA, 0x83,
    0x8C, 0xAE, 0xB9, 0x16, 0xAC, 0x71, 0x9B, 0x60, 0xA4, 0x21, 0xA9, 0x3F, 0xEE, 0x7A, 0x73, 0xFE,
    0xE2, 0x73, 0x7F, 0x8C, 0x56, 0xA0, 0x85, 0xFC, 0xC1, 0x5F, 0x35, 0x69, 0x27, 0x63, 0xCC, 0xB1,
    0x37, 0x32, 0x21, 0x0D, 0x23, 0x4B, 0x5D, 0x27, 0xFD, 0x86, 0x2F, 0xED, 0x24, 0x12, 0x18, 0xB1,
    0x25, 0xD0, 0xF9, 0xD8, 0x11, 0x00, 0x4D, 0xBE, 0xF1, 0xCA, 0xC2, 0x7E, 0x5E, 0x77, 0x85, 0xCD,
    0x8F, 0x76, 0xAC, 0x3D, 0xE2, 0x7E, 0xBC, 0x7D, 0x38, 0x04, 0xB3, 0x7F, 0xF7, 0xB6, 0xDE, 0xD6,
    0xB0, 0xDF, 0xF9, 0x19, 0xD1, 0x94, 0x37, 0xD2, 0xD6, 0x7F, 0x7D, 0x7B, 0xDA, 0x1A, 0x43, 0x24,
    0xA8, 0xE0, 0xCD, 0x7C, 0x48, 0x56, 0x6B, 0x0E, 0xE4, 0x75, 0xDF, 0x19, 0x73, 0x4F, 0xD0, 0x94,
    0x35, 0xDE, 0x8E, 0x57, 0x0B, 0x45, 0x20, 0x2F, 0x5D, 0xFC, 0x6F, 0x82, 0x6F, 0x44, 0x49, 0x58,
    0xBF, 0x36, 0xCE, 0xB4, 0xC5, 0xCB, 0xA3, 0xAC, 0x63, 0xEA, 0x17, 0x79, 0xE1, 0x7A, 0xE0, 0x91,
    0xC1, 0x7B, 0x3E, 0xE8, 0xCD, 0xF1, 0x89, 0x3F, 0x64, 0xC2, 0x2D, 0xDB, 0xF8, 0xD3, 0x55, 0x0D,
    0xFB, 0x81, 0xF9, 0x58, 0xDC, 0xC0, 0x63, 0xBF, 0x15, 0x07, 0x50, 0xBC, 0xBF, 0x5B, 0x2F, 0x36,
    0xBA, 0xA3, 0x5A, 0xE7, 0x1F, 0x2F, 0xBC, 0xB0, 0x43, 0x5B, 0x2E, 0xD1, 0x78, 0x8B, 0xE3, 0x14,
    0x53, 0x25, 0xBA, 0x5D, 0xEC, 0x61, 0xC2, 0x64, 0x9F, 0xD8, 0x8C, 0xE4, 0xC5, 0x83, 0xC8, 0xB6,
    0x5E, 0xD5, 0x98, 0x7E, 0x73, 0x8B, 0x59, 0xF8, 0x15, 0xD5, 0x88, 0x57, 0x34, 0xBE, 0xC6, 0x5A,
    0x92, 0x2B, 0xC3, 0xF3, 0x9E, 0xF8, 0x8B, 0xC8, 0x76, 0xE7, 0x3C, 0xF1, 0x2A, 0x18, 0xA4, 0xB3,
    0x08, 0x2F, 0x3B, 0x0B, 0x6B, 0x57, 0xD8, 0x43, 0x24, 0x95, 0x3E, 0x45, 0xC0, 0xA8, 0xD0, 0x39,
    0xF2, 0xEA, 0x9D, 0xD2, 0x80, 0x14, 0xDA, 0xB3, 0x12, 0x94, 0x56, 0x6B, 0xBA, 0xF1, 0x97, 0x4E,
    0x79, 0x4D, 0xDC, 0xD7, 0x73, 0x6E, 0x09, 0x73, 0x51, 0x01, 0xA3, 0x94, 0x00, 0x42, 0xDA, 0x1B,
    0x0F, 0x99, 0x55, 0xA6, 0x5A, 0x1D, 0xE1, 0x67, 0xBB, 0xF9, 0x22, 0x81, 0x6F, 0x20, 0x09, 0xB1,
    0xC5, 0x1F, 0x6C, 0xDF, 0x71, 0x49, 0xC2, 0x5E, 0x04, 0xE2, 0x00, 0x46, 0xCB, 0x11, 0xC3, 0x04,
    0xFA, 0x4C, 0xFA, 0xD9, 0x15, 0xA3, 0x27, 0xC6, 0x2D, 0x60, 0xE8, 0xA3, 0x00, 0xC1, 0x08, 0xAE,
    0xA0, 0x72, 0x92, 0x3F, 0x89, 0xE5, 0xF3, 0xFB, 0x95, 0x09, 0x9B, 0x54, 0xBC, 0xB2, 0xB0, 0x5E,
    0x8E, 0x7C, 0x56, 0x5C, 0xDC, 0x2F, 0xB8, 0xAC, 0x12, 0xBC, 0x8C, 0xD2, 0xC4, 0x76, 0x30, 0x02,
    0x7A, 0xAB, 0xA6, 0x0C, 0x99, 0x54, 0xE6, 0xFD, 0x61, 0x13, 0xEA, 0xD0, 0xB6, 0xF1, 0xD7, 0xFD,
    0xA1, 0x79, 0xF4, 0x97, 0x48, 0x65, 0x38, 0x0F, 0x2C, 0xA6, 0x31, 0xC7, 0x8D, 0x97, 0x7F, 0xE5,
    0x78, 0x66, 0x05, 0xC6, 0xCB, 0x43, 0xAB, 0xCE, 0x3C, 0xCB, 0xB1, 0x96, 0x02, 0x35, 0xAF, 0x68,
    0xE0, 0xAC, 0x15, 0x0D, 0xA5, 0xA1, 0x50, 0x33, 0xEA, 0xAC, 0x73, 0xC7, 0x06, 0x59, 0x36, 0xC4,
    0x71, 0x39, 0x9B, 0xC7, 0x6A, 0x69, 0x07, 0x36, 0xEA, 0x74, 0x8E, 0x74, 0x84, 0xFD, 0x91, 0xDE,
    0x93, 0x3F, 0xD2, 0x7D, 0xF2, 0xA7, 0x97, 0x2B, 0x3A, 0xA4, 0x5F, 0x5B, 0x36, 0xC6, 0xD9, 0xE9,
    0xAC, 0x65, 0x93, 0xF6, 0x6C, 0x62, 0x67, 0xFF, 0x27, 0xE7, 0x53, 0xE4, 0xBA, 0x89, 0x50, 0x73,
    0x2C, 0xD2, 0x1D, 0x46, 0x96, 0xAC, 0xE8, 0xA1, 0x45, 0x34, 0x34, 0xE2, 0xAA, 0xD6, 0xBB, 0x9E,
    0xA7, 0x7A, 0xA6, 0x4C, 0x3A, 0xAD, 0x5D, 0xF3, 0x79, 0x1F, 0x5E, 0x9D, 0x73, 0xF5, 0xCB, 0x5F,
    0xDF, 0x69, 0x33, 0xD6, 0x6E, 0x28, 0x96, 0x09, 0x7D, 0x72, 0xA1, 0x19, 0xFF, 0x7A, 0x0C, 0xCA,
    0x75, 0x31, 0xD1, 0x05, 0x9F, 0xE0, 0x25, 0x8A, 0x93, 0xC7, 0x9F, 0x2B, 0x40, 0x63, 0xFF, 0x8B,
    0x9B, 0xC3, 0x9F, 0x73, 0x47, 0xC3, 0xD3, 0xDC, 0x0E, 0x04, 0x75, 0xA2, 0x38, 0x4C, 0xDC, 0xB4,
    0xB6, 0x26, 0xEE, 0x21, 0xBE, 0x62, 0x11, 0xC4, 0x5D, 0x13, 0x23, 0x0E, 0xA7, 0xED, 0xE1, 0x4E,
    0x66, 0x33, 0x5E, 0x04, 0x1C, 0x9A, 0xBE, 0x4D, 0xF9, 0xF9, 0xA7, 0xA4, 0x07, 0x3A, 0x2F, 0x19,
    0xA7, 0xD2, 0x60, 0x3D, 0xDA, 0x12, 0xF4, 0xF0, 0x1D, 0x8C, 0x36, 0x00, 0xB7, 0x99, 0x92, 0xE2,
    0x92, 0x64, 0x8A, 0xFE, 0x50, 0x23, 0x06, 0xC6, 0x0B, 0xBB, 0xA1, 0x82, 0x92, 0x88, 0xAB, 0xF6,
    0x54, 0x3D, 0xC9, 0x9B, 0x93, 0x78, 0x9B, 0x24, 0xDC, 0x95, 0xA2, 0x9E, 0xFC, 0x6A, 0xCE, 0xB4,
    0x59, 0x18, 0x30, 0x96, 0xB6, 0x60, 0x89, 0xAC, 0xA0, 0xE0, 0xD4, 0xBF, 0xC7, 0xC2, 0x78, 0x4D,
    0xBB, 0x70, 0x41, 0x37, 0xE6, 0x5A, 0xCC, 0x7A, 0xE9, 0x91, 0x6E, 0x6F, 0x13, 0x9F, 0xAC, 0xF9,
    0xD5, 0x5D, 0x19, 0x0A, 0x2E, 0x06, 0x1E, 0x5D, 0x65, 0x8D, 0x28, 0x10, 0xD1, 0xCD, 0x11, 0x35,
    0x92, 0x4F, 0x75, 0xDF, 0xC1, 0xC2, 0xB7, 0xB0, 0x03, 0xD8, 0xD8, 0x0B, 0x51, 0x4A, 0x14, 0xBD,
    0x3B, 0x74, 0xC4, 0xC1, 0xE8, 0xE4, 0xDD, 0x84, 0xA2, 0xD3, 0x82, 0x31, 0xCE, 0xFD, 0xF1, 0x8E,
    0xDC, 0x7B, 0x77, 0x0E, 0x54, 0xDE, 0xCA, 0x3B, 0x70, 0x22, 0x30, 0xC7, 0x9E, 0x97, 0x12, 0x0C,
    0xAF, 0x27, 0xB0, 0x5B, 0x84, 0x9F, 0xED, 0xBD, 0x23, 0xDA, 0x33, 0x7F, 0x4E, 0xBD, 0x58, 0x4E,
    0x5D, 0xC3, 0xAC, 0xD0, 0x0D, 0xF1, 0xE2, 0x53, 0x0A, 0x1B, 0x31, 0x01, 0xDD, 0xE6, 0x1D, 0x36,
    0x57, 0x34, 0x75, 0xAF, 0x56, 0x63, 0x83, 0xFA, 0x01, 0xB1, 0x16, 0xB0, 0x21, 0xEB, 0xDB, 0xD2,
    0x71, 0x0E, 0x13, 0xFF, 0xED, 0x95, 0x5C, 0xCF, 0x4E, 0x71, 0xFD, 0x22, 0xB2, 0xFE, 0x47, 0xFE,
    0x78, 0xEC, 0x43, 0xE7, 0x95, 0x72, 0x65, 0x4A, 0xE7, 0xF1, 0x1F, 0x5E, 0x25, 0xEB, 0xA1, 0xA6,
    0x47, 0x63, 0xB5, 0x4D, 0x89, 0x1A, 0x25, 0xDD, 0xA2, 0xA1, 0x42, 0x36, 0xB3, 0x5F, 0xE5, 0x9D,
    0xDE, 0x93, 0xB3, 0x2C, 0xD3, 0xE9, 0xB0, 0x64, 0xA5, 0x81, 0x29, 0x94, 0xE8, 0xD5, 0x83, 0x1D,
    0x95, 0x89, 0x23, 0x91, 0xD0, 0x69, 0x75, 0x88, 0x34, 0xFF, 0x37, 0xB2, 0xF9, 0xFD, 0xC4, 0xA6,
    0x93, 0x4B, 0xD1, 0x48, 0x8C, 0x87, 0x46, 0x4C, 0x2E, 0x9A, 0x98, 0x49, 0xE9, 0x4E, 0x94, 0x1E,
    0x1A, 0xD1, 0xD7, 0xCC, 0xE8, 0x5A, 0x36, 0xA6, 0x2A, 0xD9, 0x64, 0x0D, 0x9B, 0xA4, 0x63, 0x13,
    0x0D, 0x6C, 0x82, 0x15, 0x1B, 0xCF, 0x76, 0xFA, 0x48, 0x6D, 0x32, 0xAD, 0x93, 0x93, 0xF8, 0x3A,
    0xD4, 0xAA, 0x39, 0x38, 0x54, 0xA1, 0x36, 0x7E, 0xB7, 0xD9, 0x6C, 0x54, 0xD7, 0x93, 0xEE, 0xA6,
    0x4F, 0x87, 0x5E, 0x7D, 0xB1, 0x8F, 0x76, 0x26, 0x5B, 0x8C, 0x12, 0xB2, 0x0A, 0x45, 0x86, 0x24,
    0x58, 0xF5, 0x57, 0x9F, 0x21, 0xC9, 0xB7, 0x32, 0x24, 0x37, 0x1C, 0xEA, 0xED, 0x0A, 0xAA, 0x69,
    0x59, 0xA4, 0xEA, 0x12, 0xF4, 0xCE, 0x49, 0x0A, 0xD4, 0xAF, 0x08, 0xCB, 0xF7, 0x0E, 0xF9, 0xF6,
    0x98, 0x35, 0xAD, 0x1A, 0x9F, 0x4A, 0xAB, 0x26, 0x0B, 0x2F, 0xA7, 0x33, 0x77, 0x35, 0xB3, 0xCA,
    0x7B, 0xD3, 0xCF, 0xF5, 0x96, 0x6F, 0x79, 0x75, 0xA8, 0xC9, 0x4A, 0xDF, 0x99, 0xB7, 0xDF, 0x7C,
    0xC7, 0x16, 0x53, 0x58, 0x82, 0x71, 0x7E, 0x47, 0x97, 0x6D, 0xD4, 0x0A, 0x2D, 0xB2, 0x37, 0xE5,
    0x92, 0xD2, 0x42, 0xD8, 0xEB, 0xB2, 0x98, 0x12, 0x57, 0x9E, 0x91, 0x75, 0xDB, 0x6D, 0xE2, 0xDA,
    0x59, 0x64, 0x3D, 0x37, 0xEA, 0xE0, 0x77, 0xF6, 0x67, 0xD5, 0x37, 0x32, 0x8B, 0x9F, 0xDB, 0xBF,
    0x47, 0xEE, 0x7E, 0x65, 0x8A, 0xFF, 0xF6, 0x04, 0xF5, 0x06, 0xA5, 0x95, 0x54, 0x22, 0xE2, 0x78,
    0xB2, 0x0C, 0x4D, 0x5C, 0x35, 0xF5, 0x2E, 0xEB, 0xAB, 0x69, 0xE5, 0x61, 0xD4, 0xD4, 0x12, 0x24,
    0x89, 0x97, 0x8B, 0x38, 0x31, 0x47, 0x00, 0xE6, 0xDA, 0xF3, 0x45, 0xA8, 0xDB, 0x27, 0x42, 0x76,
    0x9F, 0x08, 0xA5, 0x4E, 0x84, 0x7A, 0x36, 0xA1, 0x13, 0xA1, 0x49, 0x65, 0xC7, 0xE6, 0x6C, 0x8A,
    0x5A, 0x45, 0xA8, 0x65, 0x13, 0xF7, 0x2A, 0x42, 0xA3, 0x8A, 0xD0, 0xB4, 0x25, 0x3B, 0xD5, 0x96,
    0x08, 0x25, 0x2A, 0x42, 0x91, 0xCA, 0x4E, 0xA0, 0xCD, 0x1C, 0xBB, 0x9F, 0xD3, 0xB8, 0x4B, 0x02,
    0xE5, 0x49, 0xA4, 0x86, 0x4A, 0x17, 0x15, 0x94, 0x37, 0x25, 0x8A, 0x02, 0xA5, 0xF2, 0x44, 0x71,
    0xA2, 0x34, 0x69, 0x84, 0xE4, 0x8A, 0xDE, 0x5E, 0x93, 0xE0, 0x36, 0xC8, 0xCF, 0x04, 0xC1, 0x51,
    0x72, 0xBA, 0x34, 0x91, 0xA9, 0x0A, 0x9A, 0x73, 0x26, 0x00, 0xC8, 0x20, 0x26, 0x2B, 0x74, 0x9B,
    0xA7, 0x9E, 0xE9, 0x99, 0x67, 0x24, 0x2A, 0xD6, 0xC2, 0xA0, 0x46, 0xC1, 0x54, 0x47, 0xB7, 0x26,
    0x8D, 0x2D, 0x4B, 0x68, 0x9C, 0xB8, 0x85, 0x58, 0x05, 0x1D, 0xE2, 0x73, 0x7F, 0x80, 0x23, 0xEC,
    0xE9, 0xE2, 0x5A, 0xD1, 0x6A, 0x4D, 0xD4, 0x26, 0x76, 0xDA, 0x0D, 0x1E, 0xB7, 0xA8, 0x5E, 0xA3,
    0xD7, 0xEB, 0xBD, 0xDA, 0x8F, 0xF6, 0x19, 0xB3, 0x7F, 0x3E, 0xAB, 0xD1, 0xE7, 0xEA, 0x18, 0xDC,
    0x78, 0x38, 0xB6, 0xB3, 0x4F, 0x42, 0xA0, 0x8A, 0x87, 0x55, 0x8F, 0x51, 0x7F, 0x8B, 0x1B, 0xA9,
    0x95, 0xC6, 0xF4, 0x05, 0x44, 0xB6, 0x82, 0x3F, 0x81, 0xDD, 0x9C, 0x06, 0x40, 0xB4, 0xFB, 0x08,
    0xFF, 0xCA, 0xEB, 0x8A, 0x1C, 0x1B, 0x3E, 0xB8, 0x57, 0x66, 0x5C, 0x89, 0x32, 0xBA, 0x05, 0xD1,
    0xC5, 0x10, 0x58, 0x4B, 0xE0, 0xE5, 0xF0, 0x3F, 0x82, 0x1A, 0x81, 0xA1, 0xDF, 0x46, 0x28, 0x23,
    0xE0, 0xE9, 0x00, 0x37, 0xC9, 0xA4, 0xBF, 0x99, 0xC8, 0x1A, 0xAE, 0xB4, 0x01, 0x0A, 0x87, 0xBB,
    0xF0, 0xDC, 0xB6, 0xDE, 0xB7, 0x07, 0xBF, 0x01, 0x1A, 0x69, 0xA8, 0xA4, 0x05, 0xD0, 0x28, 0x80,
    0x2C, 0x4A, 0x00, 0x9D, 0xCF, 0x40, 0xDB, 0x19, 0xD4, 0x7D, 0xA4, 0xE1, 0x75, 0xBC, 0x83, 0xF7,
    0xB2, 0x17, 0xE9, 0x6F, 0x0B, 0x68, 0x31, 0x0A, 0x95, 0xA0, 0x5B, 0xFD, 0xCA, 0xC2, 0x4E, 0x73,
    0xDF, 0x83, 0xE7, 0x17, 0xA2, 0x16, 0x56, 0x2F, 0xCE, 0x0F, 0x6F, 0x28, 0xD0, 0x71, 0x97, 0x21,
    0x91, 0x2B, 0x10, 0x64, 0xBF, 0x12, 0x7C, 0x9F, 0x05, 0xBD, 0xF1, 0x86, 0xB0, 0x11, 0x7F, 0x23,
    0xCE, 0xDF, 0x8F, 0x44, 0x57, 0xEA, 0xD7, 0xA7, 0xB3, 0x7F, 0x5F, 0xCA, 0xD8, 0x3D, 0x64, 0x13,
    0xA1, 0x4A, 0x1E, 0xC9, 0x74, 0xD0, 0x1E, 0x24, 0xB5, 0xB6, 0xD2, 0x11, 0x55, 0x4C, 0xA6, 0x19,
    0xA8, 0x39, 0x0F, 0x06, 0xEF, 0x95, 0xAD, 0x75, 0xED, 0xC4, 0x3D, 0x56, 0x5B, 0x2E, 0xDB, 0xF9,
    0xF3, 0x65, 0x6B, 0x77, 0xEE, 0x9F, 0xFB, 0x9B, 0xFB, 0x4F, 0xF5, 0x79, 0x91, 0x7B, 0x7E, 0xEC,
    0xC6, 0x13, 0xBB, 0xF1, 0x25, 0x32, 0x5E, 0x9F, 0xE9, 0xB8, 0xC4, 0x45, 0xED, 0x3A, 0x1F, 0x0B,
    0x00, 0x7D, 0x7B, 0xC4, 0x9A, 0xEA, 0x04, 0x59, 0x31, 0x09, 0xF9, 0x8A, 0xDC, 0x02, 0xC9, 0x67,
    0xA3, 0xD6, 0x9E, 0x8A, 0xD1, 0x4C, 0xB0, 0xE1, 0x2D, 0xCE, 0x04, 0x37, 0x7A, 0xC5, 0x22, 0xC4,
    0xBA, 0xEB, 0xAB, 0x5B, 0xC0, 0xEB, 0x16, 0x35, 0xB7, 0xCB, 0xB6, 0x75, 0x3A, 0xB5, 0xD5, 0xF1,
    0xAB, 0x25, 0x74, 0x66, 0x1B, 0x68, 0xF7, 0x5A, 0x68, 0x98, 0x89, 0x16, 0xCE, 0x81, 0xF9, 0xCA,
    0xF8, 0xB5, 0xC0, 0x3E, 0x16, 0x65, 0x82, 0xC2, 0xC6, 0x2E, 0x81, 0x65, 0x14, 0xF0, 0x3D, 0xFB,
    0xCD, 0x7A, 0x33, 0x59, 0x33, 0xCC, 0x1A, 0xFE, 0x68, 0xF4, 0x93, 0x2D, 0xCE, 0xCC, 0x1C, 0x9D,
    0xDA, 0x43, 0xC6, 0xAD, 0x5F, 0x71, 0x07, 0x5E, 0xEE, 0x4C, 0xBA, 0xCD, 0x56, 0x9B, 0xA7, 0x5B,
    0x02, 0x5A, 0x65, 0x3C, 0xED, 0x52, 0x6F, 0xB5, 0x89, 0xC0, 0x42, 0xDE, 0xF5, 0xB0, 0x06, 0x46,
    0xD3, 0xBC, 0x25, 0xEE, 0x8F, 0x01, 0x77, 0x05, 0x7D, 0x65, 0x8C, 0x25, 0xFC, 0x05, 0xC1, 0xCF,
    0x78, 0x7D, 0xC2, 0x8D, 0x87, 0x68, 0x74, 0xE9, 0xC8, 0x80, 0xD9, 0x48, 0xD8, 0x78, 0xDB, 0xF2,
    0xC8, 0xCD, 0x8A, 0x39, 0xC8, 0x95, 0x6E, 0x9C, 0x39, 0xEE, 0xC2, 0xA7, 0x86, 0x47, 0xF6, 0xC9,
    0x62, 0x06, 0x5D, 0x3A, 0x88, 0x8B, 0x30, 0xC5, 0xBF, 0x7F, 0x6E, 0x83, 0x97, 0xA6, 0x92, 0xAE,
    0x9E, 0xE2, 0xC9, 0xCB, 0xA3, 0x04, 0x30, 0x63, 0xE7, 0xBE, 0x21, 0x08, 0x93, 0x59, 0x04, 0xC9,
    0xD7, 0x1F, 0x95, 0xAD, 0x35, 0x5E, 0x6F, 0x8E, 0x3E, 0x29, 0xB7, 0x1F, 0x2F, 0xE2, 0xDD, 0xFE,
    0x8A, 0x50, 0x5A, 0x67, 0x83, 0x5D, 0xFD, 0x21, 0xCA, 0x94, 0xA2, 0x5A, 0xE3, 0x08, 0xA6, 0x7F,
    0x9F, 0xB0, 0x46, 0xE3, 0x90, 0xC3, 0x48, 0xFE, 0x8E, 0x3B, 0x08, 0xDF, 0xB6, 0xDC, 0xF9, 0x60,
    0xF6, 0x5A, 0x8F, 0xFB, 0xFD, 0xE6, 0xC6, 0x49, 0xE4, 0x1D, 0x09, 0x0E, 0xA2, 0x3A, 0x13, 0x61,
    0x1C, 0xD5, 0xFD, 0xAC, 0xDA, 0xF5, 0x81, 0x33, 0x73, 0x65, 0x58, 0x73, 0x45, 0x6F, 0x4E, 0x99,
    0x9C, 0xCC, 0x9C, 0x0D, 0xF6, 0x38, 0x62, 0xA8, 0x0C, 0xA5, 0x66, 0x0E, 0x07, 0x79, 0xB0, 0x98,
    0x13, 0xCB, 0xA2, 0x7B, 0x48, 0xC8, 0x21, 0xC8, 0x4F, 0x5C, 0x1E, 0x92, 0x9E, 0x3E, 0x37, 0x75,
    0xC6, 0x39, 0xA2, 0xF3, 0xEC, 0x8A, 0x3B, 0xBE, 0x08, 0x7E, 0x18, 0x32, 0x26, 0xD3, 0x3A, 0xCA,
    0xAB, 0x78, 0x98, 0xAD, 0xFE, 0x10, 0xE3, 0x38, 0x04, 0x29, 0x1C, 0xC9, 0x72, 0x1E, 0x64, 0x48,
    0x7B, 0xEC, 0x4B, 0xB1, 0x66, 0xA6, 0x9A, 0x8F, 0xB8, 0xC0, 0x97, 0xC4, 0x0E, 0x52, 0xD4, 0xA8,
    0x60, 0xFC, 0x74, 0x69, 0x63, 0x7B, 0x28, 0x5B, 0x14, 0x0B, 0x95, 0x95, 0xE8, 0xAA, 0x49, 0x96,
    0xF6, 0x64, 0x7E, 0xA0, 0x1B, 0xF5, 0x8D, 0xD6, 0x75, 0xC6, 0x38, 0xF5, 0x82, 0x21, 0x25, 0x9C,
    0x12, 0x4A, 0x88, 0xBA, 0x3F, 0x11, 0x2C, 0x9E, 0x88, 0x46, 0x1D, 0xA4, 0x85, 0xEB, 0x50, 0xE5,
    0x45, 0x8D, 0x1D, 0xF8, 0x5B, 0x10, 0x1C, 0xAA, 0x3F, 0x6C, 0xF5, 0xCA, 0xAD, 0x28, 0x3E, 0xFA,
    0xB9, 0xCC, 0xF1, 0x8B, 0x80, 0xD1, 0xE6, 0x93, 0xEB, 0x8A, 0x13, 0x8E, 0x43, 0xBA, 0x0D, 0xB4,
    0xA0, 0x3F, 0x11, 0xA8, 0x52, 0x73, 0x47, 0x13, 0x06, 0x57, 0x87, 0xD3, 0x62, 0xEA, 0x3E, 0x4A,
    0x9E, 0x30, 0x2C, 0xF1, 0xA1, 0xD6, 0x53, 0xFF, 0xE1, 0xBB, 0x99, 0xBA, 0x87, 0xB0, 0x02, 0xD5,
    0x60, 0x32, 0xCB, 0x7C, 0xB6, 0x58, 0xF1, 0x4C, 0x3E, 0xCE, 0x4A, 0x57, 0x69, 0x9B, 0x0E, 0x57,
    0x84, 0xC3, 0x67, 0x4E, 0x71, 0xC2, 0xA7, 0x83, 0x12, 0x0B, 0xDC, 0x3B, 0x6A, 0x65, 0xB2, 0xB5,
    0x4A, 0x52, 0x0B, 0xD1, 0x39, 0x86, 0x4F, 0x9B, 0x41, 0xBF, 0x25, 0x5F, 0x95, 0x78, 0xD0, 0x5C,
    0x5C, 0x1A, 0x8C, 0xFB, 0x64, 0x6A, 0x00, 0xB0, 0x13, 0x64, 0x6A, 0x03, 0xEC, 0x81, 0xAA, 0xE8,
    0x37, 0x01, 0xF6, 0x13, 0xC0, 0xF9, 0xF8, 0xD5, 0xC0, 0xDE, 0x93, 0xC5, 0x16, 0x0B, 0x07, 0x82,
    0xFF, 0x71, 0xBB, 0x9E, 0x45, 0xB3, 0x75, 0x8A, 0xC3, 0x93, 0xF0, 0x7F, 0x83, 0x65, 0x7A, 0x61,
    0x2C, 0x3F, 0x3E, 0x07, 0x4B, 0xBA, 0x4B, 0xAD, 0xD2, 0x15, 0x9C, 0xE5, 0x76, 0x10, 0x1A, 0xB4,
    0xBD, 0x50, 0x5F, 0xC2, 0xEA, 0xAC, 0xF4, 0xDA, 0x2F, 0x01, 0xC1, 0xD1, 0xDA, 0x56, 0x5D, 0x31,
    0xE5, 0x11, 0xA4, 0x3F, 0xB3, 0x7F, 0xD0, 0xC3, 0xC7, 0xF8, 0xE5, 0x07, 0x66, 0x53, 0xB7, 0xAF,
    0x31, 0x96, 0x4B, 0xDA, 0x2D, 0x28, 0xF3, 0x77, 0x01, 0x83, 0x43, 0x9F, 0xF1, 0xF8, 0x4F, 0x8C,
    0xF9, 0x25, 0xB6, 0x69, 0xE4, 0x0F, 0x08, 0xC4, 0x99, 0x69, 0xC6, 0x66, 0xCA, 0x05, 0x5F, 0x34,
    0x5F, 0xAC, 0x9E, 0x99, 0x20, 0xC7, 0x1F, 0xD1, 0xE1, 0x43, 0xCA, 0x60, 0x74, 0x2F, 0x7F, 0x40,
    0x72, 0x4A, 0x1E, 0xF5, 0x29, 0x0E, 0x4E, 0x0B, 0x27, 0x32, 0x9E, 0x6E, 0x66, 0x3E, 0xFD, 0x25,
    0x07, 0xA9, 0xD5, 0xFA, 0x9C, 0x8E, 0xF9, 0x71, 0x7E, 0xCA, 0x60, 0x5E, 0x1F, 0xD8, 0xEB, 0xF5,
    0x68, 0x15, 0x70, 0x07, 0x3B, 0x16, 0x33, 0x96, 0x36, 0x92, 0x8B, 0xF7, 0x04, 0xCD, 0x03, 0x81,
    0xF3, 0x2F, 0x78, 0x6A, 0x98, 0x99, 0x32, 0x67, 0xE4, 0x5E, 0x69, 0x14, 0xCF, 0x31, 0x96, 0x3C,
    0x31, 0x6A, 0x5D, 0xE4, 0x25, 0x28, 0xD3, 0x79, 0xEF, 0x94, 0x3E, 0x13, 0x01, 0x8F, 0xBA, 0x63,
    0xA1, 0x41, 0xF7, 0x14, 0xD5, 0xA7, 0xA4, 0x9E, 0x08, 0xB3, 0xAC, 0xCC, 0x07, 0xCB, 0xF3, 0x7D,
    0xA7, 0x69, 0xC0, 0x58, 0x46, 0xE9, 0xF9, 0x57, 0x9E, 0x4D, 0x5D, 0x5A, 0xBE, 0xDB, 0x41, 0xE5,
    0x97, 0x74, 0xCA, 0x29, 0x56, 0xB7, 0xCF, 0x16, 0xAB, 0x8A, 0x49, 0xBE, 0x57, 0x8B, 0x95, 0xA9,
    0x72, 0x9F, 0x12, 0xDB, 0x45, 0x10, 0xDF, 0xBF, 0x5D, 0x41, 0xD4, 0xA3, 0xBC, 0xC0, 0xB0, 0x6F,
    0x6D, 0x9D, 0x8D, 0x38, 0xB5, 0x33, 0xCC, 0x14, 0xDB, 0xB8, 0x48, 0xB1, 0x51, 0xA5, 0xF5, 0x1A,
    0x37, 0x75, 0xEF, 0xBC, 0x81, 0xCB, 0x80, 0xE4, 0x98, 0xD5, 0xE4, 0x98, 0xC4, 0xF7, 0xD0, 0xBA,
    0x12, 0x0C, 0x15, 0x2C, 0xA7, 0x53, 0xCF, 0xF3, 0xA1, 0x56, 0xF7, 0x4F, 0x48, 0xDE, 0xF1, 0x6C,
    0xAC, 0x39, 0xB8, 0x65, 0xCB, 0x3D, 0x13, 0xCC, 0xA6, 0xCD, 0x2B, 0xE0, 0xCB, 0xBC, 0xAD, 0x97,
    0x65, 0xE2, 0xBF, 0x62, 0xE0, 0x55, 0xE4, 0xA8, 0xF2, 0xCC, 0x9A, 0x3B, 0x15, 0xB2, 0x97, 0x63,
    0x01, 0xDF, 0xF1, 0xA8, 0x18, 0xCD, 0x45, 0xBE, 0x53, 0xE4, 0x3B, 0xC0, 0x88, 0x73, 0xD3, 0x82,
    0xEF, 0x98, 0x05, 0x49, 0x41, 0x16, 0x64, 0x64, 0x01, 0x92, 0xF6, 0x0F, 0xCC, 0xC7, 0x9A, 0x76,
    0xFD, 0x73, 0xDD, 0x73, 0x57, 0x65, 0xCA, 0x8C, 0xA6, 0x3B, 0x25, 0x72, 0xE6, 0x31, 0x91, 0x9B,
    0xCE, 0x97, 0x20, 0x47, 0x7C, 0x10, 0x34, 0x50, 0xC0, 0x73, 0x82, 0xD1, 0x9E, 0x9D, 0x60, 0x7C,
    0xDF, 0x9C, 0x72, 0xB5, 0xA1, 0xEE, 0xFB, 0x3A, 0x0E, 0xF5, 0x94, 0xDD, 0x81, 0x26, 0xCC, 0x5D,
    0xE3, 0x3E, 0x9C, 0xBF, 0xD2, 0x63, 0xFA, 0x6E, 0xF2, 0x8D, 0x95, 0x3F, 0x6E, 0x77, 0xDD, 0xEF,
    0x0E, 0x19, 0xE7, 0xC5, 0x3B, 0x54, 0x3F, 0x77, 0x85, 0xDA, 0x69, 0x7B, 0x2E, 0x27, 0xFD, 0x77,
    0xAD, 0xF6, 0x82, 0x15, 0xB3, 0x5A, 0xD1, 0xA0, 0x5F, 0x69, 0xD0, 0x32, 0x68, 0xCD, 0x4A, 0x86,
    0xAD, 0x27, 0x30, 0xFC, 0xC6, 0xEB, 0x83, 0xF6, 0xBB, 0xC9, 0xBB, 0xEC, 0x39, 0xCF, 0x7F, 0x69,
    0x55, 0x17, 0x2A, 0x27, 0x5D, 0x4A, 0xB7, 0x4D, 0x71, 0x88, 0xB0, 0xBC, 0x7F, 0x9D, 0x0C, 0xD4,
    0x0D, 0x87, 0x5A, 0x77, 0xA6, 0xE7, 0xAF, 0x02, 0x9A, 0xAB, 0x3D, 0xF6, 0x7E, 0x15, 0x90, 0xFB,
    0xB6, 0x20, 0xDD, 0xF4, 0xE1, 0xF9, 0xD7, 0xF7, 0xED, 0x1A, 0xB8, 0x7D, 0x59, 0xDD, 0x7D, 0x3F,
    0x7D, 0xE4, 0x4A, 0xBF, 0xD6, 0xAA, 0xF8, 0x8F, 0x7C, 0x73, 0x98, 0x71, 0x5A, 0xD6, 0xB6, 0xCC,
    0x25, 0x38, 0x3A, 0xCB, 0xB5, 0x01, 0x5B, 0x15, 0xF3, 0xB1, 0xA7, 0xDE, 0xE1, 0x61, 0xC2, 0x66,
    0x5E, 0x6A, 0xDF, 0x33, 0x3C, 0x2D, 0xB9, 0x7F, 0xD1, 0x75, 0x88, 0x7A, 0x63, 0xF8, 0xA1, 0x48,
    0x60, 0xE3, 0x27, 0xA4, 0xA0, 0xF0, 0xB4, 0x02, 0xB9, 0x7C, 0xDA, 0x8C, 0x8C, 0xC2, 0x81, 0xE7,
    0x1E, 0x32, 0x6E, 0xCF, 0xF8, 0x55, 0x2E, 0x98, 0x32, 0x46, 0xF0, 0x88, 0x5C, 0x3B, 0x99, 0x98,
    0x7A, 0x94, 0xF1, 0x0F, 0x96, 0x49, 0x2A, 0x61, 0x61, 0x5F, 0x71, 0x47, 0x36, 0x13, 0xB7, 0xBB,
    0x28, 0x3D, 0xFE, 0xE4, 0x77, 0x59, 0x8D, 0x71, 0x25, 0x4D, 0xD0, 0xC8, 0x4F, 0x48, 0x10, 0xB5,
    0x41, 0x9D, 0x34, 0x28, 0x57, 0x89, 0xBB, 0xA8, 0x8E, 0x5B, 0xF0, 0x3D, 0xEA, 0xE3, 0x32, 0xEE,
    0x90, 0x3A, 0x0A, 0x87, 0x38, 0x97, 0xDF, 0x18, 0x72, 0x27, 0xE2, 0x02, 0xA7, 0xFC, 0xE9, 0x9E,
    0xBC, 0x0F, 0xB9, 0x69, 0x79, 0x5F, 0x04, 0x88, 0x6B, 0x6B, 0x3A, 0x90, 0xDF, 0x1E, 0x71, 0x4E,
    0x42, 0x27, 0x66, 0x41, 0x2B, 0x71, 0xB5, 0xAB, 0x7E, 0xFE, 0xCA, 0x92, 0xA2, 0x9B, 0xB7, 0xC9,
    0x75, 0xAB, 0x9C, 0x5F, 0x65, 0xA4, 0x47, 0xBA, 0x1B, 0xF7, 0x05, 0x2C, 0x8B, 0xC0, 0x3E, 0x9A,
    0x8D, 0x8C, 0xFB, 0x86, 0x32, 0x63, 0x1E, 0xC7, 0xAE, 0x5A, 0x74, 0x70, 0x5B, 0xEB, 0x1E, 0x92,
    0x45, 0xFB, 0xCF, 0xF8, 0xB7, 0x9E, 0x48, 0x2E, 0x8E, 0x07, 0xE1, 0xD0, 0x99, 0xFC, 0x10, 0x71,
    0x7D, 0x85, 0xF4, 0xE0, 0xC5, 0xED, 0xF0, 0x29, 0xF7, 0xF2, 0x08, 0xBF, 0x81, 0xE4, 0xC7, 0x15,
    0x33, 0x7A, 0x93, 0x49, 0x32, 0x9A, 0x6E, 0x6B, 0x3E, 0xCD, 0x4A, 0xE4, 0x82, 0x2A, 0x73, 0x20,
    0x51, 0x0C, 0xCE, 0x26, 0xE7, 0x8F, 0xE2, 0x26, 0xA6, 0x7C, 0x3F, 0x89, 0xDB, 0x3B, 0x8C, 0x32,
    0xBA, 0xA8, 0x43, 0xC5, 0x46, 0xF2, 0xBC, 0x0B, 0x3A, 0x94, 0xA6, 0xC6, 0xFF, 0xD2, 0x04, 0x03,
    0x7F, 0xF8, 0xF7, 0xDA, 0x1F, 0x91, 0xFA, 0x8F, 0xFE, 0xB3, 0x36, 0x23, 0x0F, 0xB1, 0xBD, 0xCC,
    0xCD, 0xAA, 0x73, 0x87, 0xCE, 0xAA, 0xD6, 0x25, 0x18, 0x90, 0x1E, 0x30, 0x7A, 0x06, 0xD6, 0xC5,
    0xC1, 0x1A, 0xBA, 0xA8, 0xA8, 0x65, 0x0A, 0x1C, 0xF1, 0x40, 0x21, 0x98, 0x0C, 0x1A, 0x21, 0x74,
    0x58, 0xA3, 0x50, 0xF9, 0x94, 0x48, 0xE9, 0x77, 0x56, 0x28, 0x8D, 0x91, 0x3E, 0xE8, 0x99, 0xCD,
    0xE4, 0xA1, 0x3F, 0xE1, 0xA3, 0x65, 0x18, 0x58, 0x20, 0x1D, 0x82, 0xA7, 0x3D, 0x05, 0xDB, 0x3D,
    0x1E, 0x5D, 0x87, 0x08, 0x04, 0x23, 0x98, 0xEE, 0xAD, 0x98, 0x40, 0x9E, 0xEE, 0xF1, 0xB9, 0x8F,
    0x16, 0x75, 0x17, 0xDD, 0xA6, 0xFA, 0xE2, 0x42, 0x54, 0xC7, 0x3F, 0xA8, 0x8B, 0xDA, 0xCD, 0xD4,
    0x69, 0x03, 0x9D, 0x17, 0xBF, 0xC9, 0xC6, 0xE7, 0xB7, 0xDA, 0x84, 0x0D, 0x76, 0x17, 0x6E, 0x81,
    0x9D, 0x5B, 0xD5, 0x1D, 0xB6, 0x15, 0xBD, 0xA1, 0x34, 0xC2, 0xC9, 0x96, 0x3C, 0xE0, 0xB1, 0x78,
    0x4F, 0x05, 0xDD, 0x12, 0x30, 0x11, 0x70, 0xAC, 0x8F, 0xD2, 0xE7, 0x69, 0x4A, 0x15, 0x6C, 0xFD,
    0xFA, 0x04, 0xCC, 0x28, 0x64, 0x25, 0x49, 0x30, 0x68, 0x4D, 0x77, 0xCA, 0xC4, 0x03, 0xCD, 0xF7,
    0xC4, 0xD9, 0x15, 0xC7, 0x9B, 0xF1, 0xA4, 0xDD, 0x62, 0xA6, 0xCB, 0x2A, 0xE4, 0x72, 0x57, 0x4F,
    0xAC, 0x36, 0x47, 0xB4, 0x1E, 0x76, 0x6B, 0xA7, 0x28, 0x7E, 0xE1, 0xEA, 0x0B, 0x88, 0x27, 0x37,
    0x3B, 0x95, 0xEA, 0x27, 0x67, 0x2F, 0xFF, 0x0D, 0xD7, 0x26, 0x72, 0x6D, 0x22, 0xD7, 0xAC, 0x72,
    0x2D, 0x27, 0xD7, 0x6A, 0x72, 0xAD, 0x21, 0xD7, 0x58, 0x90, 0x13, 0xF5, 0xCA, 0xB5, 0x70, 0xC3,
    0x35, 0x7B, 0x65, 0x5C, 0xD3, 0xE4, 0x6E, 0x7F, 0xBA, 0xE4, 0xF9, 0xE9, 0xA9, 0xBD, 0x2D, 0x1C,
    0x14, 0x19, 0x95, 0xE4, 0x26, 0xEE, 0x91, 0x8B, 0xEC, 0x38, 0xF4, 0x03, 0x14, 0x59, 0xFC, 0x54,
    0x73, 0x05, 0x5A, 0x42, 0xBD, 0xCE, 0xAE, 0x53, 0x03, 0x30, 0xC9, 0xC2, 0x73, 0xD6, 0x76, 0x06,
    0x37, 0x1E, 0x66, 0xAE, 0xF0, 0x0B, 0xA1, 0xAA, 0xDA, 0xA5, 0x1A, 0x00, 0xD0, 0x8F, 0x70, 0xFB,
    0x1F, 0xA3, 0x76, 0xE5, 0x2E, 0x54, 0xC9, 0x01, 0x6E, 0x3F, 0x5E, 0x1F, 0xE9, 0x1B, 0x75, 0x41,
    0x59, 0x4D, 0x33, 0xCD, 0xBB, 0x57, 0x1F, 0x6E, 0x25, 0x6F, 0x70, 0xE1, 0x38, 0xB2, 0xE2, 0x24,
    0x41, 0xBA, 0xA6, 0x7E, 0x40, 0xCD, 0x3F, 0xE9, 0x74, 0x31, 0xDB, 0xB8, 0x73, 0x07, 0x1A, 0xF2,
    0x4D, 0x57, 0x83, 0xF9, 0x40, 0x58, 0x7A, 0x57, 0xE4, 0x03, 0x3B, 0xA9, 0x07, 0x85, 0x7C, 0x3A,
    0xF7, 0xE5, 0x8E, 0xC2, 0xDA, 0x6D, 0xF2, 0xC5, 0x7E, 0xB6, 0x6F, 0xE1, 0x94, 0xF4, 0xF7, 0xA1,
    0x11, 0x0F, 0x90, 0x03, 0x14, 0x1D, 0x0A, 0x9C, 0x82, 0x75, 0x9E, 0x93, 0x79, 0xCA, 0x74, 0x8D,
    0x93, 0x25, 0x0A, 0xB9, 0x2B, 0xEC, 0x57, 0x10, 0xFB, 0xF9, 0x0A, 0xAA, 0x13, 0x4D, 0x69, 0x3A,
    0x98, 0x89, 0xD3, 0x5D, 0xEC, 0x6C, 0x1E, 0xE0, 0x76, 0xE2, 0x34, 0x2E, 0x70, 0x7A, 0xC5, 0x17,
    0x8D, 0x6C, 0xE3, 0x94, 0x6E, 0x70, 0xC2, 0x03, 0x88, 0xD3, 0xB0, 0xC1, 0x49, 0x74, 0xCB, 0x7A,
    0xEB, 0x61, 0x89, 0x93, 0x08, 0x6F, 0x91, 0x2F, 0x70, 0x3A, 0x80, 0x48, 0xA7, 0x58, 0xC1, 0xF1,
    0xD7, 0xBD, 0xFB, 0x66, 0x0C, 0x9F, 0x4B, 0x88, 0xD6, 0xF6, 0xAF, 0xAE, 0xA1, 0x3C, 0x45, 0xA5,
    0xDF, 0x06, 0x9D, 0xE8, 0x03, 0x58, 0xF9, 0xCC, 0xD9, 0xE4, 0x8F, 0xBE, 0xBC, 0x5A, 0x79, 0xF2,
    0xF1, 0xF5, 0x36, 0xD2, 0x16, 0x3F, 0xC3, 0x37, 0x6C, 0xAD, 0xE4, 0xFA, 0x27, 0x6F, 0xB3, 0x3A,
    0x7B, 0xBB, 0x4C, 0xD9, 0xF2, 0xFD, 0xFF, 0xED, 0x5C, 0xBD, 0x93, 0xDD, 0xC8, 0x71, 0x1F, 0x00,
    0x3C, 0x42, 0x27, 0x54, 0x09, 0x0A, 0x1C, 0xB8, 0xC4, 0x32, 0xA1, 0x40, 0x81, 0x03, 0x7B, 0x91,
    0x2A, 0xD8, 0x25, 0x50, 0xBE, 0x40, 0xA1, 0x9D, 0x38, 0x72, 0xE0, 0x0B, 0x1C, 0xD8, 0x4A, 0x36,
    0x71, 0x70, 0xAE, 0xDA, 0x23, 0x60, 0xEB, 0x1F, 0xD8, 0xDC, 0xC1, 0x31, 0x50, 0x20, 0x3B, 0xD1,
    0x05, 0x17, 0x6C, 0xB0, 0x47, 0xE0, 0xE4, 0xC0, 0x81, 0x03, 0x23, 0x73, 0x68, 0x94, 0xC5, 0xCC,
    0xC1, 0xC1, 0x32, 0xAA, 0x04, 0x9A, 0x00, 0xC6, 0xFD, 0xEB, 0xEE, 0x01, 0xF0, 0xF6, 0xBD, 0xE5,
    0x91, 0xCB, 0x8F, 0xE3, 0xDE, 0xE9, 0xF1, 0xED, 0x4C, 0xF3, 0x3D, 0x7C, 0xCC, 0x74, 0xF7, 0xF4,
    0xC7, 0x6F, 0x1A, 0xCF, 0x18, 0x7A, 0x85, 0x0D, 0x5A, 0x13, 0x77, 0xC6, 0xAB, 0x66, 0x74, 0x89,
    0xB5, 0xAD, 0xDF, 0x19, 0x7B, 0x7E, 0x77, 0x32, 0x6D, 0x30, 0x1A, 0x93, 0xE5, 0x75, 0xD4, 0xD1,
    0x11, 0xFF, 0x5A, 0x26, 0x74, 0x6C, 0x30, 0x99, 0xAC, 0x36, 0x86, 0x8E, 0xC8, 0x72, 0x63, 0xBC,
    0xC1, 0x14, 0x38, 0x7D, 0x34, 0x15, 0xBA, 0xC9, 0x58, 0x74, 0x33, 0xFD, 0xA3, 0x57, 0xF5, 0xDC,
    0x8E, 0x8F, 0xB4, 0x72, 0xDE, 0x2C, 0x57, 0x99, 0xE4, 0x9A, 0xA3, 0x49, 0x71, 0x87, 0xC1, 0xC4,
    0xB8, 0x5F, 0x67, 0xF8, 0xEE, 0x8D, 0xE1, 0xB1, 0x94, 0x74, 0xEA, 0xF9, 0x5D, 0x5C, 0x82, 0xC6,
    0xD9, 0x53, 0x47, 0xA3, 0xCE, 0x79, 0x06, 0xE6, 0x3D, 0x6E, 0xD3, 0x12, 0x2D, 0x86, 0x68, 0x70,
    0x99, 0x64, 0xCE, 0xE3, 0xDA, 0xA3, 0x43, 0xA3, 0x32, 0xEA, 0xEF, 0x4E, 0xB1, 0x49, 0x6A, 0x53,
    0x9D, 0xE1, 0x3A, 0x59, 0x8B, 0x9B, 0xD2, 0x21, 0x34, 0x02, 0x9A, 0x98, 0xE5, 0x7B, 0xD0, 0x85,
    0xE3, 0xF6, 0xDA, 0x56, 0x8E, 0xC1, 0xF1, 0xB5, 0x29, 0x72, 0x9C, 0x8B, 0xEB, 0x94, 0x38, 0x9D,
    0x3E, 0x8C, 0x06, 0xE2, 0x98, 0xF1, 0x64, 0x58, 0x89, 0x1B, 0x95, 0x31, 0x1F, 0x4B, 0x67, 0xAD,
    0x25, 0x2E, 0x75, 0xDA, 0x15, 0xA1, 0xCD, 0x69, 0x6E, 0x47, 0x98, 0x94, 0xE9, 0x4E, 0x7C, 0xEE,
    0x2E, 0xB8, 0x23, 0xF6, 0xA3, 0x7B, 0x6A, 0xE4, 0xC3, 0x37, 0xD9, 0x79, 0x18, 0x70, 0x07, 0x31,
    0x98, 0xA0, 0x35, 0xA6, 0x28, 0x4D, 0x44, 0x8C, 0x4B, 0x7B, 0x16, 0x47, 0x84, 0x91, 0xD2, 0xEB,
    0xD4, 0x96, 0x3A, 0x13, 0x4F, 0xE6, 0x14, 0xB5, 0x4E, 0x65, 0xA4, 0xCB, 0x66, 0x93, 0xCD, 0x81,
    0x74, 0x7E, 0x1B, 0xCC, 0x26, 0x98, 0x83, 0x1A, 0x2C, 0x9B, 0x93, 0x1C, 0x9D, 0x1D, 0x0C, 0x77,
    0x39, 0x77, 0xB3, 0xB9, 0x79, 0x67, 0x8D, 0x37, 0xB3, 0xF2, 0xF8, 0xE8, 0x8A, 0x3C, 0x84, 0x12,
    0x65, 0xCD, 0xFD, 0x8A, 0x46, 0x18, 0xDB, 0xB1, 0xA0, 0xE9, 0xF8, 0xF6, 0x1C, 0x9D, 0xBE, 0x3A,
    0x73, 0xB6, 0xD0, 0x97, 0x7E, 0xB7, 0xD0, 0x59, 0xD4, 0x2C, 0x74, 0xFC, 0x65, 0xBD, 0xD0, 0x91,
    0x5D, 0x48, 0x9A, 0xC5, 0x4A, 0x7B, 0xBF, 0x30, 0xD7, 0xBE, 0x2A, 0x6B, 0x21, 0x6C, 0x12, 0xAC,
    0xED, 0x4E, 0x2D, 0x8B, 0x9F, 0x69, 0x1A, 0x6A, 0x38, 0x43, 0xA9, 0x69, 0x84, 0x18, 0x7D, 0x51,
    0x1B, 0x62, 0x44, 0xC5, 0x9C, 0x49, 0x5A, 0x23, 0x6C, 0x27, 0x9A, 0xD4, 0xBB, 0xE3, 0x09, 0xD1,
    0x3B, 0x18, 0xCC, 0x23, 0x56, 0x74, 0xA2, 0x59, 0x46, 0x71, 0x2F, 0x33, 0xC7, 0x94, 0x92, 0x6E,
    0x61, 0x06, 0x2B, 0xB8, 0x70, 0x84, 0x2E, 0x59, 0x0A, 0x5D, 0xE9, 0xFF, 0x95, 0xF6, 0xA7, 0x95,
    0x66, 0x35, 0x53, 0x9A, 0xE5, 0xA6, 0x74, 0xD2, 0x9A, 0xE5, 0x3A, 0xBC, 0x66, 0xF4, 0xFA, 0x45,
    0x2E, 0x3D, 0x14, 0x44, 0x97, 0x34, 0xC6, 0xC3, 0x43, 0xD2, 0x71, 0xD2, 0xDB, 0xFC, 0xB5, 0x8E,
    0x1F, 0x2B, 0xF4, 0x4C, 0xE7, 0x05, 0x23, 0x71, 0x09, 0xBA, 0xE2, 0xE5, 0x61, 0x46, 0x5F, 0xF8,
    0x50, 0xE0, 0x0A, 0x1B, 0xFE, 0x8C, 0x1B, 0xBE, 0x8D, 0x8E, 0xFD, 0xA5, 0xDF, 0x3A, 0xEE, 0xB7,
    0x71, 0xAD, 0x47, 0x98, 0x31, 0x33, 0x7A, 0xA2, 0x21, 0xD9, 0x2A, 0x5F, 0x4D, 0x2A, 0x6A, 0x45,
    0x6C, 0x65, 0x8D, 0x9C, 0x75, 0x36, 0xC6, 0x31, 0xD5, 0xAC, 0x63, 0xE5, 0x5B, 0xC8, 0x14, 0x1C,
    0x49, 0x1C, 0x1D, 0xC1, 0x5D, 0x99, 0x70, 0x87, 0x73, 0x85, 0x0F, 0x1D, 0x18, 0x21, 0xEC, 0xF9,
    0x33, 0x53, 0xE5, 0x0B, 0x67, 0xE7, 0x1D, 0x66, 0x2A, 0x19, 0xF6, 0x3B, 0x6C, 0x55, 0x4E, 0xA6,
    0xF5, 0xC2, 0xC8, 0x2C, 0xDF, 0xE1, 0xA3, 0x8C, 0xC1, 0x1B, 0xB7, 0x5C, 0xBC, 0xB3, 0x32, 0xF1,
    0x8F, 0x74, 0x16, 0x64, 0x65, 0x8E, 0x57, 0x16, 0x1E, 0x13, 0x07, 0xEF, 0x31, 0x07, 0xBD, 0x0D,
    0x03, 0x37, 0xFC, 0x1B, 0xA1, 0xFD, 0xB5, 0x39, 0x22, 0xFE, 0x09, 0x15, 0xD7, 0x19, 0x26, 0x4F,
    0xAC, 0x09, 0xBA, 0x51, 0xED, 0xA1, 0xC7, 0xFC, 0xE3, 0xB1, 0x55, 0xAD, 0xA3, 0x16, 0x3B, 0xA9,
    0x2F, 0x47, 0x15, 0x7D, 0x5A, 0x07, 0x50, 0x62, 0x6A, 0x94, 0x8A, 0xFB, 0xF0, 0xCB, 0x9A, 0xAC,
    0x71, 0xD6, 0xD0, 0x41, 0xB6, 0xA6, 0x15, 0x5E, 0x94, 0x34, 0xB8, 0x0A, 0x94, 0x85, 0x74, 0xB3,
    0xDA, 0xCB, 0x49, 0xE7, 0x2A, 0xB9, 0x6A, 0x38, 0x38, 0x9D, 0x22, 0xC6, 0xCC, 0x72, 0xE5, 0xB4,
    0x71, 0x14, 0x9D, 0xA8, 0x54, 0x65, 0x94, 0x02, 0x8B, 0x84, 0x82, 0x66, 0xC9, 0xB9, 0x90, 0xA2,
    0x5C, 0x8F, 0x38, 0xF2, 0x21, 0x29, 0x25, 0xCD, 0x88, 0xFE, 0xF3, 0x29, 0xDF, 0x17, 0xF7, 0xEC,
    0xD2, 0xC6, 0xA7, 0xE5, 0x4B, 0x4A, 0xD1, 0xC5, 0xF3, 0xE9, 0x27, 0x9D, 0x3F, 0xFD, 0xF9, 0x5F,
    0xD0, 0x98, 0xE7, 0xC4, 0xFE, 0x0C, 0x63, 0xA6, 0x79, 0xC4, 0x42, 0x31, 0x93, 0x82, 0x2D, 0x11,
    0xC1, 0x1E, 0x91, 0x9D, 0x96, 0xB5, 0x81, 0x56, 0xB4, 0x9B, 0xEE, 0xFE, 0xF5, 0x13, 0xF1, 0xF5,
    0x44, 0xE2, 0x88, 0x94, 0xF5, 0x67, 0x04, 0x87, 0x88, 0xF8, 0x25, 0xD6, 0x91, 0xEA, 0xBA, 0x10,
    0xBA, 0x8E, 0xF6, 0x89, 0x5E, 0x89, 0xD0, 0x11, 0x6E, 0xB1, 0xF0, 0xDA, 0x15, 0x9B, 0xA6, 0x26,
    0x3F, 0x73, 0x36, 0x30, 0x73, 0xEB, 0x92, 0xEE, 0xAF, 0x9F, 0x94, 0xB2, 0x6E, 0xD7, 0x5E, 0x39,
    0xAA, 0x0C, 0x55, 0x03, 0x76, 0xB5, 0x8F, 0x6C, 0xB9, 0xD3, 0xD3, 0xAD, 0xA4, 0xCF, 0x5E, 0x4B,
    0xEF, 0x69, 0x1F, 0x5F, 0xD3, 0x27, 0xDA, 0x67, 0xD4, 0x0B, 0xEF, 0xB2, 0x52, 0x58, 0x87, 0x79,
    0x48, 0xEF, 0xE6, 0x77, 0xB8, 0x2F, 0xD4, 0xB1, 0x57, 0x66, 0xB1, 0x30, 0xAA, 0x3F, 0x72, 0x58,
    0xBF, 0x1C, 0x4E, 0x6C, 0xF1, 0x3A, 0x6A, 0x82, 0x21, 0x44, 0x13, 0xA0, 0xC1, 0xEA, 0xEF, 0x78,
    0xC0, 0x3B, 0x4D, 0x35, 0xB8, 0x26, 0x42, 0x13, 0xBC, 0x7A, 0xC3, 0x77, 0x23, 0x89, 0x04, 0x03,
    0x89, 0x47, 0x1B, 0xA7, 0x05, 0xD2, 0xF4, 0x4E, 0x05, 0x58, 0xFC, 0x71, 0xAB, 0x5E, 0x25, 0x80,
    0x14, 0xA1, 0x47, 0xE0, 0x92, 0xED, 0x32, 0x66, 0x8A, 0x52, 0x08, 0x5A, 0x68, 0x89, 0x7B, 0xB6,
    0xF1, 0xC8, 0xCA, 0x98, 0x9E, 0xD7, 0xA9, 0x6D, 0xE1, 0x67, 0xC1, 0x0F, 0x58, 0x18, 0xA1, 0x7E,
    0x3B, 0x3A, 0xEA, 0x37, 0xB3, 0xA3, 0x3A, 0x3A, 0x59, 0x29, 0x5A, 0xC6, 0x4A, 0x65, 0xAD, 0xA3,
    0xE2, 0xCE, 0x51, 0xD1, 0xE8, 0x28, 0x0A, 0x36, 0x95, 0xF2, 0xAC, 0xA3, 0x48, 0x61, 0x1C, 0x95,
    0x35, 0x8E, 0x4A, 0x3A, 0x47, 0x45, 0x83, 0xA3, 0x82, 0xC9, 0x51, 0x9E, 0x75, 0x94, 0x59, 0xA9,
    0x8C, 0x29, 0x44, 0x3F, 0x29, 0x53, 0x64, 0xB0, 0xD8, 0x86, 0x53, 0x64, 0x4A, 0x73, 0x0B, 0x17,
    0xCA, 0xEF, 0x56, 0x59, 0x1F, 0xA6, 0xD6, 0x98, 0x61, 0x89, 0x18, 0xBC, 0x25, 0x04, 0x71, 0x7A,
    0x21, 0xEE, 0x5B, 0x3E, 0xB2, 0xCE, 0xDE, 0x06, 0x4F, 0xD7, 0x08, 0x63, 0xF9, 0x76, 0x50, 0xCE,
    0x43, 0x68, 0x4A, 0x38, 0xBE, 0x77, 0x8E, 0xED, 0x0B, 0xD7, 0x8D, 0x79, 0xD6, 0x2B, 0xF1, 0xBF,
    0xCC, 0x73, 0x0A, 0xB6, 0xFE, 0x67, 0x56, 0xA2, 0xAB, 0x72, 0xE6, 0x08, 0xB1, 0x19, 0x0C, 0x27,
    0xA1, 0x76, 0x1C, 0x78, 0x80, 0x60, 0x76, 0x83, 0x08, 0x47, 0x25, 0xFC, 0x59, 0x09, 0x76, 0x82,
    0x4C, 0x14, 0xB5, 0x12, 0xE0, 0x34, 0x13, 0x71, 0xA7, 0x04, 0xF8, 0xCC, 0x04, 0xD8, 0xCC, 0x04,
    0xB8, 0xCC, 0x04, 0x85, 0xB7, 0x4A, 0x64, 0x20, 0x30, 0xB3, 0x04, 0x84, 0x72, 0x18, 0xF3, 0x82,
    0x63, 0x52, 0xC2, 0xEF, 0x6E, 0x68, 0xAC, 0x62, 0x67, 0x92, 0x0A, 0x65, 0x67, 0xE8, 0x04, 0x11,
    0x3E, 0x71, 0x5C, 0xED, 0x9F, 0x63, 0x89, 0x36, 0xDF, 0xEF, 0xBF, 0x8A, 0x31, 0x22, 0xE7, 0x5A,
    0x8C, 0xC5, 0x98, 0x11, 0xA7, 0x8B, 0x31, 0x98, 0x7A, 0xE2, 0x23, 0xF1, 0x8A, 0x3C, 0xDF, 0x08,
    0xA1, 0xDA, 0x9C, 0x64, 0x8C, 0x78, 0x02, 0x52, 0xDF, 0xF4, 0xF3, 0x6B, 0xEE, 0xB1, 0xC0, 0xA8,
    0x0F, 0x28, 0x08, 0xB7, 0xB9, 0x4F, 0x4E, 0x9F, 0x56, 0xE6, 0xB0, 0xF6, 0x87, 0xE7, 0xE5, 0x94,
    0xCE, 0xB1, 0xD1, 0x71, 0xD1, 0xF1, 0x2E, 0x15, 0x3B, 0xEF, 0x6B, 0x64, 0xEF, 0x0F, 0x6B, 0xA8,
    0xFC, 0xB1, 0x28, 0x62, 0xFA, 0x93, 0x76, 0x13, 0x1B, 0x87, 0x6C, 0xD9, 0x97, 0x88, 0xF8, 0x50,
    0x30, 0xEC, 0x8D, 0xDB, 0x3B, 0xEB, 0x91, 0x1A, 0x4E, 0xC7, 0x62, 0x33, 0x13, 0x31, 0xA1, 0x47,
    0x12, 0x64, 0x9C, 0x88, 0xB3, 0x39, 0x13, 0x31, 0x0E, 0x32, 0xB4, 0x8E, 0xC5, 0xEC, 0x77, 0x7C,
    0x99, 0xA0, 0xE1, 0xF9, 0x84, 0x35, 0x07, 0xFD, 0x14, 0xDB, 0xE0, 0x6A, 0x71, 0xCE, 0x2B, 0x8F,
    0xB2, 0x3F, 0x0C, 0x1E, 0xD6, 0x89, 0xAE, 0x76, 0x22, 0x53, 0xBA, 0x14, 0xA5, 0x10, 0x35, 0xC3,
    0x3C, 0xE8, 0x6A, 0x58, 0xBE, 0xF0, 0x93, 0x1D, 0x8F, 0x2D, 0xEA, 0x79, 0x50, 0x38, 0x89, 0x63,
    0x01, 0xEE, 0x82, 0xC6, 0xC3, 0x59, 0x48, 0x7D, 0x1E, 0xA6, 0x98, 0x3B, 0x16, 0x6F, 0xCC, 0xB7,
    0xEE, 0x76, 0x23, 0xFD, 0x19, 0xAC, 0xB0, 0x0D, 0xC5, 0x8D, 0x74, 0x83, 0xB4, 0xA5, 0xEB, 0xA6,
    0x50, 0x87, 0xA4, 0xA6, 0x81, 0x86, 0xF5, 0x8E, 0x45, 0xF7, 0x2A, 0x5A, 0xC6, 0x31, 0x5C, 0x63,
    0xD6, 0xC3, 0xB6, 0x97, 0x2C, 0x4B, 0x16, 0x2C, 0x37, 0x81, 0x36, 0x15, 0xEE, 0x94, 0x95, 0x1F,
    0xCD, 0x34, 0xA5, 0xD6, 0x36, 0xBE, 0xCD, 0x6D, 0x73, 0x4C, 0x6E, 0x2A, 0x31, 0x9F, 0x9B, 0xE8,
    0x57, 0x34, 0xF0, 0x67, 0x94, 0x1C, 0x60, 0x8E, 0x10, 0xC1, 0xDF, 0xAC, 0x63, 0xC9, 0xE0, 0xAA,
    0xE8, 0xCF, 0xA7, 0xE1, 0x48, 0x16, 0xF0, 0x1A, 0xFF, 0xAC, 0xE1, 0xEB, 0xBA, 0x7B, 0x7C, 0x44,
    0xA3, 0x49, 0x11, 0x2E, 0xFF, 0x07, 0xAD, 0x55, 0xFA, 0xDC, 0x03, 0xEB, 0xFF, 0x79, 0x1D, 0x4B,
    0x6A, 0xE5, 0xCF, 0xB3, 0xE6, 0xE6, 0x63, 0xE1, 0xF3, 0xD7, 0x7B, 0x92, 0xA0, 0x21, 0xC1, 0xA0,
    0x85, 0x58, 0xBC, 0x11, 0x71, 0x34, 0xF3, 0x9F, 0x66, 0xCE, 0x2A, 0x16, 0x1F, 0x5E, 0xBA, 0x02,
    0x07, 0x08, 0x36, 0xC0, 0x40, 0x81, 0xA0, 0x06, 0x0C, 0x21, 0xB4, 0x8C, 0x5F, 0x74, 0x02, 0x2E,
    0x08, 0xD2, 0x20, 0xB0, 0x83, 0x60, 0x10, 0x02, 0x48, 0xCC, 0x66, 0xB9, 0xD1, 0x81, 0x56, 0x8E,
    0x91, 0xE3, 0xE5, 0x5C, 0xB9, 0x8E, 0x5C, 0x53, 0xF0, 0x0A, 0x81, 0x2B, 0x14, 0xAD, 0x10, 0xB0,
    0x42, 0xC6, 0xC3, 0x63, 0xA3, 0x04, 0xE7, 0x33, 0x52, 0xB6, 0x90, 0x34, 0x2E, 0x4B, 0x6A, 0x7C,
    0x05, 0xDD, 0x9E, 0xB6, 0x36, 0x4F, 0x99, 0x8A, 0x83, 0x11, 0xC3, 0x46, 0xFD, 0xDD, 0x91, 0x61,
    0x0B, 0x41, 0x1B, 0x18, 0xB4, 0x60, 0x0C, 0x82, 0xE1, 0x08, 0x46, 0x26, 0x0E, 0x35, 0xFC, 0x2D,
    0x1F, 0xC7, 0x50, 0x05, 0x9F, 0xCB, 0x40, 0x05, 0xE3, 0x14, 0x02, 0x53, 0x08, 0x4A, 0xD1, 0x9B,
    0x3F, 0xC6, 0x0D, 0x1F, 0x1A, 0x1E, 0x40, 0xF2, 0x2F, 0x9D, 0x2C, 0xDD, 0x46, 0x7C, 0x55, 0x79,
    0xC5, 0xC7, 0x5D, 0x79, 0xB1, 0x86, 0x4B, 0x58, 0x4D, 0x9D, 0x3A, 0x2A, 0x5E, 0xBE, 0xFD, 0x5B,
    0x00, 0x30, 0x5E, 0x15, 0xD5, 0x88, 0xF3, 0xB0, 0xC4, 0x51, 0x58, 0xF6, 0xDE, 0x20, 0xF1, 0x28,
    0x2B, 0x56, 0xC6, 0x4C, 0xF8, 0x6E, 0xB9, 0x3B, 0x59, 0x86, 0x38, 0xF4, 0xCD, 0x38, 0x87, 0x4B,
    0x0B, 0x5F, 0xFD, 0x2D, 0xD0, 0x86, 0x20, 0x1B, 0x02, 0x6C, 0x08, 0xAE, 0x01, 0x58, 0x63, 0x64,
    0x54, 0x03, 0xD1, 0xAA, 0x8C, 0xBD, 0x5A, 0x12, 0xE6, 0xFD, 0xD7, 0x89, 0xF8, 0xB4, 0x4A, 0x83,
    0x6B, 0xE9, 0x4E, 0xAE, 0x75, 0x74, 0xB7, 0x5C, 0x7C, 0x6C, 0xFD, 0xA5, 0xDD, 0x7F, 0x85, 0x35,
    0x39, 0x0B, 0x5A, 0x09, 0x58, 0x9C, 0xD2, 0xCA, 0x27, 0xD7, 0x0B, 0xD4, 0x7F, 0xC3, 0x02, 0x4D,
    0xB6, 0x02, 0x65, 0x3B, 0xA6, 0xC0, 0x92, 0xAE, 0x7D, 0xF5, 0xCF, 0xB1, 0x4C, 0x27, 0x95, 0x31,
    0x1E, 0x4B, 0xF7, 0xC3, 0x6F, 0x9F, 0x78, 0x1D, 0x3E, 0x21, 0xE1, 0xC3, 0xB4, 0x84, 0x2A, 0x7C,
    0x22, 0x1D, 0x9C, 0xDF, 0x26, 0x51, 0x9F, 0x9B, 0xEF, 0x60, 0x18, 0x9F, 0x23, 0x4A, 0xA1, 0xF9,
    0xFE, 0x8C, 0x45, 0x1D, 0x8B, 0xE6, 0x06, 0x12, 0x5F, 0x79, 0xF6, 0xDB, 0xBB, 0x92, 0xF3, 0x10,
    0x42, 0x6B, 0xD3, 0x1C, 0xD1, 0x93, 0x38, 0xDB, 0x61, 0x35, 0xC4, 0x3F, 0x38, 0xBF, 0x4D, 0xA2,
    0xFE, 0xA9, 0xE6, 0x10, 0xE5, 0x16, 0x53, 0x53, 0xC4, 0x39, 0xD0, 0x90, 0xF2, 0x42, 0xBA, 0xDF,
    0xFB, 0x16, 0x8A, 0xBA, 0x5B, 0xF3, 0x39, 0xCD, 0x1A, 0x1E, 0x6F, 0xEC, 0x5D, 0x58, 0xBE, 0xC3,
    0xA2, 0xBE, 0xBF, 0x2B, 0x6A, 0x8F, 0x82, 0x05, 0xF2, 0x3E, 0x79, 0x96, 0xA7, 0xCD, 0x8F, 0x69,
    0x4A, 0xDF, 0x17, 0x76, 0x4C, 0x66, 0x03, 0xCE, 0xCB, 0x0E, 0x81, 0xBC, 0x66, 0x09, 0x24, 0x11,
    0x46, 0xCE, 0x15, 0x07, 0x8F, 0x08, 0x1D, 0x03, 0xCA, 0x26, 0x92, 0x36, 0x40, 0x42, 0x73, 0x3A,
    0xB0, 0x78, 0x07, 0xB3, 0x76, 0xBB, 0xAF, 0x33, 0x49, 0xCF, 0x66, 0x71, 0x18, 0xDA, 0x9D, 0x79,
    0xDD, 0xB5, 0xF1, 0x80, 0xCB, 0xCB, 0xA6, 0x97, 0xCE, 0xCB, 0xBA, 0x4D, 0x5E, 0xD6, 0xEF, 0xE4,
    0x65, 0xED, 0x4E, 0x5E, 0x56, 0x2F, 0x79, 0x59, 0xFE, 0x42, 0x79, 0x59, 0xBF, 0xE6, 0x65, 0xE3,
    0xF3, 0xF3, 0x32, 0x4B, 0xA9, 0x37, 0x37, 0x57, 0xE7, 0xD4, 0x85, 0x40, 0x89, 0xE9, 0x9A, 0xDC,
    0xF0, 0x7F, 0xAF, 0xA4, 0x69, 0x11, 0xD2, 0xB4, 0x84, 0xD3, 0xB4, 0x86, 0x98, 0x94, 0x20, 0x4D,
    0x8B, 0xEA, 0x7D, 0xE0, 0xED, 0xE6, 0x69, 0x5A, 0xD5, 0xC8, 0x42, 0x34, 0x4B, 0x77, 0xF8, 0xD5,
    0x6F, 0x33, 0x73, 0x97, 0xA0, 0x1F, 0x5A, 0xD9, 0xDE, 0xB0, 0x93, 0x41, 0x4F, 0xBB, 0x92, 0x32,
    0x2F, 0x9B, 0x41, 0x0F, 0x5B, 0x49, 0xB1, 0x4A, 0xAE, 0x92, 0x2A, 0x0E, 0x65, 0xD0, 0xC9, 0x8E,
    0xA4, 0x22, 0x91, 0x54, 0xB0, 0x93, 0x41, 0xFB, 0x22, 0xA9, 0xF0, 0x80, 0xA4, 0x3A, 0x06, 0xD5,
    0xF7, 0x26, 0x15, 0x34, 0x2E, 0xAC, 0xE1, 0x26, 0x68, 0xCC, 0x5B, 0x92, 0xD4, 0x19, 0x24, 0xD5,
    0x2D, 0x92, 0x5A, 0x83, 0xC4, 0xEB, 0xA2, 0xC5, 0x6B, 0x2C, 0xAD, 0x70, 0x49, 0xE0, 0x75, 0x10,
    0xE1, 0x2F, 0x6B, 0xD9, 0x63, 0x8E, 0x49, 0x08, 0x31, 0x88, 0xFB, 0x44, 0x60, 0xE3, 0xC5, 0x1C,
    0x13, 0xC1, 0xD6, 0xEB, 0x82, 0x08, 0x1F, 0x4B, 0xAB, 0x53, 0xDB, 0xEF, 0x37, 0x4A, 0x04, 0xB5,
    0xF3, 0x06, 0xB9, 0x12, 0x89, 0xF3, 0x0F, 0x27, 0x94, 0x42, 0x33, 0x03, 0xCF, 0x1C, 0xD1, 0xEB,
    0x57, 0xB4, 0xBA, 0x53, 0x0D, 0x13, 0x74, 0xEC, 0x91, 0x23, 0xE2, 0x5C, 0xBF, 0x3A, 0x72, 0x7E,
    0xE6, 0x58, 0x88, 0x47, 0x70, 0x30, 0x20, 0x18, 0x55, 0xC5, 0xF6, 0x4A, 0x07, 0x01, 0x66, 0x00,
    0xDE, 0x90, 0x3A, 0x17, 0xD8, 0x5C, 0xA1, 0x8B, 0xC4, 0x56, 0x76, 0x47, 0x94, 0x78, 0x31, 0x95,
    0x56, 0xD9, 0xE5, 0xE9, 0x53, 0x8C, 0xE4, 0xBF, 0x88, 0x31, 0x49, 0x1F, 0xDA, 0x3E, 0x69, 0x53,
    0x62, 0x37, 0x99, 0x33, 0x6C, 0x10, 0xE5, 0xFE, 0xC8, 0xFA, 0xC6, 0xF6, 0xC7, 0x2E, 0x36, 0x71,
    0xD9, 0xCC, 0x65, 0x86, 0xCE, 0x91, 0x98, 0xC5, 0x4C, 0xF6, 0xE1, 0xAA, 0xD2, 0x99, 0x4D, 0xDD,
    0x2B, 0xDB, 0xE9, 0x80, 0x56, 0xDD, 0xA9, 0x4C, 0xF8, 0x65, 0x63, 0x8E, 0xB3, 0x3A, 0x8D, 0x06,
    0x6F, 0x48, 0xEC, 0xE8, 0xA3, 0x5C, 0xC1, 0x9E, 0x53, 0xBA, 0xCC, 0x0E, 0xE6, 0x9C, 0x99, 0x03,
    0x8B, 0x4D, 0x43, 0x29, 0xE1, 0x95, 0x8A, 0x3A, 0x64, 0x0E, 0x20, 0x39, 0x4F, 0x98, 0xEB, 0x77,
    0x78, 0x57, 0xCE, 0x48, 0xCD, 0x81, 0xE2, 0xB8, 0x76, 0x83, 0xDF, 0x5E, 0x69, 0xE5, 0x7A, 0x11,
    0xC3, 0xE0, 0xA6, 0x68, 0x2B, 0x76, 0xE9, 0x05, 0xB7, 0x74, 0x9D, 0x0C, 0x1B, 0x64, 0x68, 0x71,
    0xFD, 0xB4, 0xC6, 0xEA, 0x4B, 0x6B, 0x6C, 0xBD, 0xA2, 0xB2, 0xE0, 0x09, 0xF8, 0x1C, 0x8B, 0xE6,
    0x9C, 0xDA, 0x9F, 0xB3, 0x2A, 0x90, 0x30, 0xA7, 0x64, 0xF4, 0xB0, 0x6D, 0x17, 0x0E, 0x51, 0xFF,
    0xE3, 0xB8, 0xF5, 0xA1, 0xF5, 0xC4, 0xA0, 0x14, 0xFB, 0x8E, 0x6B, 0xC3, 0x9F, 0xC5, 0x58, 0xC1,
    0x21, 0xA0, 0x53, 0x8F, 0x0D, 0x61, 0x81, 0x8C, 0x7D, 0x59, 0x49, 0x41, 0xBD, 0x34, 0x2D, 0xE3,
    0x79, 0xF6, 0x29, 0xEB, 0x6C, 0x49, 0x94, 0x6D, 0xC8, 0xF4, 0x26, 0x5D, 0x81, 0x95, 0x37, 0x63,
    0x80, 0xDC, 0x00, 0x15, 0xC0, 0x14, 0x68, 0xEC, 0x0D, 0x85, 0x9B, 0x31, 0x9C, 0x8C, 0x60, 0x26,
    0x01, 0x63, 0xF2, 0x64, 0x38, 0x70, 0xA5, 0x91, 0x53, 0x90, 0xAC, 0x10, 0x20, 0xC2, 0x38, 0x3C,
    0x0C, 0x58, 0xF2, 0x95, 0xD7, 0x21, 0x96, 0x67, 0xCC, 0xF2, 0x84, 0x59, 0xFE, 0x3D, 0xD5, 0xCB,
    0x97, 0x62, 0x79, 0xCC, 0xD7, 0x8B, 0x85, 0xE5, 0x55, 0x57, 0x71, 0x26, 0xB0, 0xB0, 0x9C, 0x5A,
    0xDE, 0x4D, 0xAC, 0x5F, 0x88, 0xE5, 0xBC, 0xC1, 0x70, 0x86, 0x32, 0x97, 0x2C, 0xE1, 0xED, 0x51,
    0x87, 0xB7, 0xF8, 0x9B, 0xB9, 0xF8, 0xED, 0x8E, 0x54, 0xBA, 0x45, 0x2A, 0xE3, 0x6B, 0x91, 0xCA,
    0xC0, 0x52, 0xC9, 0x9D, 0x54, 0xD2, 0xB6, 0x80, 0x2B, 0x9C, 0x45, 0x34, 0x58, 0x88, 0x3B, 0x52,
    0xC9, 0xD9, 0xCA, 0x91, 0x54, 0x4A, 0xBE, 0xA0, 0xF8, 0x61, 0xA9, 0xD3, 0x79, 0xC8, 0x16, 0xC7,
    0xA4, 0xC2, 0xC1, 0x58, 0x7C, 0x44, 0x28, 0x4B, 0xD5, 0xFB, 0xF9, 0xA1, 0x40, 0x31, 0xB0, 0xA3,
    0xEB, 0x10, 0x28, 0x16, 0x52, 0x47, 0x53, 0x88, 0x5D, 0x1D, 0x65, 0x57, 0x5F, 0x2C, 0x3B, 0xEE,
    0x40, 0x5D, 0xC2, 0x11, 0xB8, 0x79, 0x28, 0x56, 0x77, 0xE0, 0x4E, 0xE6, 0x21, 0x4A, 0xE1, 0x8F,
    0x1C, 0x92, 0xFB, 0x23, 0xC7, 0xE7, 0xFE, 0xFC, 0x8C, 0x79, 0x69, 0x7F, 0x65, 0xB9, 0x33, 0xB0,
    0x4B, 0x74, 0x1E, 0xF6, 0x0B, 0xA9, 0xA3, 0x00, 0x10, 0x5D, 0x2C, 0x37, 0x0A, 0xB4, 0x8A, 0x00,
    0x01, 0x2B, 0x7D, 0x82, 0x5D, 0x80, 0x91, 0x23, 0x7C, 0x8C, 0x2C, 0x99, 0xD8, 0xE8, 0x44, 0xB6,
    0x96, 0xD9, 0xD7, 0xE6, 0xBE, 0x89, 0x31, 0xC9, 0xF2, 0x84, 0x39, 0xC9, 0x77, 0x7B, 0xC6, 0xCC,
    0x10, 0x68, 0x4A, 0x60, 0xFF, 0x1F, 0xE4, 0x5B, 0x67, 0xE2, 0xDA, 0x60, 0xBE, 0x5E, 0xB9, 0x36,
    0xAD, 0xB5, 0x6B, 0x9B, 0xF0, 0x56, 0x7E, 0xC2, 0x5B, 0xF7, 0x19, 0x7F, 0x8B, 0x44, 0x6D, 0xE6,
    0xD0, 0x6A, 0x66, 0x69, 0xCE, 0xCC, 0xFC, 0x59, 0xEA, 0x24, 0x78, 0x0F, 0xDD, 0xFE, 0x37, 0x9C,
    0xAD, 0xFD, 0x80, 0xF7, 0xF3, 0x3D, 0xB1, 0x6D, 0x52, 0xE6, 0x22, 0xF5, 0x19, 0x69, 0x0B, 0x35,
    0x27, 0x7B, 0x4B, 0x09, 0x5E, 0x38, 0x53, 0xDC, 0x37, 0xF8, 0xB6, 0x01, 0x74, 0x7F, 0xDA, 0xBC,
    0xFB, 0x48, 0x25, 0x07, 0x0C, 0x58, 0x79, 0x66, 0xC9, 0xBE, 0x25, 0x98, 0xF4, 0x37, 0xAD, 0xA6,
    0xAC, 0x15, 0x27, 0xB0, 0xF7, 0xE6, 0xB7, 0x89, 0x5B, 0x02, 0x42, 0x15, 0x57, 0x5C, 0x2C, 0x32,
    0x9D, 0x17, 0xC3, 0xC2, 0x3B, 0xD8, 0x19, 0x86, 0xC5, 0xDB, 0xD2, 0xCF, 0x47, 0x8A, 0xBE, 0x59,
    0xB2, 0xE0, 0x9B, 0xDE, 0x9B, 0xA4, 0xCC, 0xE1, 0x70, 0x58, 0xF6, 0x76, 0x85, 0x94, 0x7C, 0x85,
    0x90, 0x4A, 0x15, 0xD2, 0x05, 0x80, 0xE8, 0x0C, 0x56, 0x29, 0x06, 0x08, 0x1D, 0x62, 0x9D, 0xCB,
    0x1E, 0xD5, 0x3E, 0xFC, 0x1C, 0x73, 0x4D, 0x8A, 0x6B, 0x90, 0x16, 0xA6, 0xE4, 0x6B, 0x68, 0xCD,
    0xBE, 0xCF, 0xF6, 0x4C, 0xF8, 0xC5, 0x19, 0xE5, 0xA5, 0x78, 0x5D, 0xFD, 0x28, 0x81, 0xBF, 0x4A,
    0xED, 0xB4, 0x6C, 0x7F, 0xF1, 0x5E, 0x18, 0x27, 0x3B, 0x1C, 0x39, 0xEB, 0x06, 0xF9, 0x7B, 0x68,
    0x1E, 0xA0, 0x29, 0xF0, 0x05, 0xCD, 0x32, 0xC6, 0x26, 0x6A, 0xDA, 0xA4, 0x3D, 0x19, 0x68, 0xF2,
    0x77, 0x93, 0xA4, 0xB3, 0x5E, 0x8B, 0x40, 0xEB, 0x92, 0x63, 0xAB, 0xBF, 0xAC, 0xD5, 0xBD, 0x84,
    0xD3, 0x5E, 0xC9, 0x98, 0x0C, 0xD2, 0x35, 0x39, 0x59, 0x92, 0x87, 0xB0, 0x6E, 0x23, 0xEA, 0x3A,
    0xD6, 0xE1, 0xE6, 0xAE, 0x5C, 0x70, 0x70, 0x48, 0x81, 0x8C, 0x59, 0xB4, 0xB3, 0x77, 0x4B, 0x8C,
    0x6D, 0x8C, 0x60, 0x63, 0x32, 0xFA, 0xC6, 0x6D, 0x87, 0x6E, 0x9A, 0xE6, 0x0E, 0x42, 0xFA, 0x07,
    0x1A, 0xAC, 0x64, 0x79, 0x81, 0xFD, 0xB3, 0xAC, 0x8D, 0x46, 0xAE, 0xF0, 0x24, 0xB5, 0x7A, 0x8A,
    0x60, 0xF1, 0x7E, 0x92, 0x8F, 0xD1, 0xAF, 0x3B, 0xEC, 0xEA, 0xD0, 0x6C, 0x7E, 0xBA, 0x8C, 0xB6,
    0x8C, 0xB1, 0xE1, 0x58, 0x6A, 0x81, 0xE3, 0x0D, 0xDF, 0x39, 0x90, 0x3B, 0x2E, 0xF0, 0x09, 0x51,
    0xF3, 0x68, 0x1E, 0xE7, 0xBF, 0x2B, 0x96, 0x7B, 0x0D, 0xC5, 0x72, 0xAE, 0x2C, 0x8E, 0xA3, 0x2F,
    0x29, 0x8B, 0x83, 0xBE, 0x69, 0x59, 0x9C, 0xDE, 0xD4, 0x6D, 0x8A, 0xFF, 0xAE, 0x2C, 0xCE, 0xA9,
    0xF4, 0x62, 0xF9, 0x8B, 0x85, 0xCA, 0xF6, 0x0A, 0xDF, 0x9E, 0x4F, 0x7D, 0xE3, 0xCA, 0xE2, 0xB0,
    0xC7, 0xC5, 0xD0, 0x6A, 0xD6, 0x5C, 0x05, 0xDA, 0x7B, 0x41, 0xE0, 0xD6, 0xCA, 0xEA, 0xFD, 0xD7,
    0x1B, 0x49, 0xB7, 0x5E, 0x67, 0xEC, 0x2F, 0xCB, 0x37, 0xA9, 0x5D, 0xFE, 0xF1, 0xB9, 0x2B, 0xB4,
    0xF1, 0xCB, 0x77, 0x3F, 0xF6, 0xB7, 0x12, 0xB9, 0x6B, 0x32, 0x2E, 0x14, 0x50, 0x48, 0x29, 0xC6,
    0xC0, 0x6A, 0x0B, 0x16, 0xE7, 0xEF, 0xBF, 0x3A, 0xC5, 0xA6, 0x05, 0xC1, 0xC2, 0x86, 0x92, 0x6F,
    0xD3, 0xC9, 0x1D, 0x17, 0x77, 0x8E, 0x8A, 0x5E, 0x81, 0xD2, 0xAB, 0x78, 0xE0, 0xA5, 0x33, 0xB6,
    0x64, 0x08, 0x39, 0x04, 0x28, 0xCA, 0x42, 0x66, 0x4E, 0x3E, 0x7A, 0x56, 0x18, 0xC2, 0xB7, 0x4F,
    0x50, 0x5B, 0xE6, 0x51, 0x67, 0x7B, 0x72, 0x5E, 0x79, 0x34, 0xD0, 0x22, 0x6F, 0x82, 0xFF, 0x1B,
    0x4C, 0xDA, 0xA1, 0x4E, 0x21, 0x1A, 0x90, 0x52, 0x04, 0xA3, 0x8F, 0x1A, 0x82, 0x49, 0x4C, 0x39,
    0xCF, 0x6A, 0xBF, 0x9D, 0xE4, 0xCE, 0x32, 0x12, 0xB4, 0x5C, 0x2E, 0x47, 0x06, 0x0B, 0x6D, 0xC4,
    0x33, 0xE6, 0x6A, 0x0E, 0x2D, 0x13, 0x7C, 0xAC, 0x86, 0x7C, 0x19, 0x3F, 0x2D, 0x31, 0x3A, 0x6F,
    0x62, 0xF3, 0x8C, 0x14, 0x87, 0x23, 0x3F, 0xE0, 0x0F, 0xBB, 0xA1, 0xD8, 0x7E, 0x2B, 0xB2, 0x92,
    0x12, 0xC9, 0x55, 0xAA, 0x78, 0xFD, 0xD3, 0x4E, 0x15, 0x99, 0x96, 0x19, 0x26, 0x62, 0x71, 0xB4,
    0x00, 0xC5, 0xEB, 0x77, 0xB6, 0x02, 0x0F, 0xE0, 0x54, 0x52, 0x32, 0xA6, 0x05, 0x63, 0x4B, 0x99,
    0x9E, 0xD6, 0xE8, 0x49, 0xA9, 0x98, 0x56, 0xE7, 0x69, 0x69, 0x9E, 0xD6, 0xE5, 0x69, 0x51, 0x9E,
    0x56, 0xE4, 0x69, 0x39, 0x9E, 0xD6, 0xE2, 0x69, 0x21, 0x9E, 0x56, 0xE1, 0x69, 0x09, 0x9E, 0xD6,
    0xDF, 0x69, 0xF1, 0x9D, 0x56, 0xDE, 0x69, 0xD9, 0x9D, 0xD6, 0xDC, 0x69, 0xC1, 0x9D, 0x56, 0xDB,
    0x49, 0x19, 0x98, 0xD6, 0xD9, 0x69, 0x09, 0x98, 0x56, 0xD8, 0xB9, 0xF2, 0x3A, 0x85, 0x3C, 0xC5,
    0x04, 0x64, 0x9B, 0x2D, 0x50, 0x85, 0x0B, 0x3F, 0x3D, 0x5C, 0x9B, 0x85, 0xCA, 0x2C, 0xA9, 0xCB,
    0x92, 0xAA, 0x2C, 0xA9, 0xC9, 0xD2, 0x40, 0xC1, 0xBE, 0x06, 0xFC, 0x9F, 0xDE, 0x52, 0x77, 0x25,
    0xD5, 0x56, 0xD2, 0xAE, 0x10, 0xAD, 0x3A, 0xD3, 0xA4, 0x54, 0xFC, 0x6E, 0x1F, 0xD9, 0xF5, 0xE7,
    0xAD, 0xEF, 0x49, 0x65, 0xDB, 0xF2, 0x58, 0x32, 0x7A, 0xED, 0x4E, 0x04, 0xBB, 0x4F, 0xFE, 0xB1,
    0x11, 0xFD, 0x28, 0x65, 0x31, 0x6A, 0xA1, 0xA0, 0xDC, 0x47, 0xAA, 0x71, 0x63, 0xF1, 0x42, 0x89,
    0xA0, 0xBE, 0x0F, 0x04, 0x9F, 0x3F, 0x93, 0x41, 0x5C, 0xC8, 0x46, 0x40, 0xCF, 0x23, 0xF3, 0x3B,
    0x5E, 0x02, 0x81, 0xB8, 0xEE, 0x50, 0x51, 0xDF, 0x7A, 0xC1, 0xE7, 0x61, 0x3F, 0xA5, 0x7B, 0x20,
    0xC1, 0xE2, 0xA5, 0xCC, 0x65, 0x60, 0xC7, 0xED, 0xAD, 0xC0, 0xFC, 0x75, 0x70, 0xAF, 0x3A, 0x0D,
    0x8E, 0x3D, 0xD9, 0x65, 0x8C, 0x62, 0x46, 0x8D, 0xA0, 0x9E, 0x66, 0x41, 0x8A, 0x32, 0xDC, 0xF9,
    0x02, 0x31, 0x6C, 0x17, 0xB8, 0x86, 0xFF, 0xCB, 0x5F, 0x5C, 0x01, 0x93, 0xDE, 0x34, 0x6C, 0xBF,
    0x01, 0x83, 0xD9, 0x0F, 0x9B, 0xED, 0x53, 0x2C, 0xCB, 0x8A, 0x73, 0x48, 0xD5, 0xFA, 0xE0, 0xCE,
    0x46, 0xA6, 0xE5, 0x8B, 0xE3, 0xC4, 0xD1, 0x1E, 0x4E, 0x7C, 0xB4, 0x87, 0x13, 0x7F, 0xA6, 0x38,
    0xB1, 0xE7, 0x70, 0xE2, 0xC0, 0xE1, 0xC4, 0xA1, 0xC3, 0x89, 0xE3, 0x97, 0xC0, 0x89, 0xFD, 0x57,
    0xC2, 0x89, 0xBD, 0xE7, 0xE2, 0xC4, 0x89, 0xC3, 0x89, 0x13, 0xC5, 0x89, 0x25, 0x62, 0x5E, 0x2B,
    0x17, 0xDA, 0xED, 0x5A, 0x78, 0x20, 0x5C, 0xF9, 0xDB, 0xDB, 0x81, 0x1A, 0x6B, 0x71, 0xBB, 0x6C,
    0xD7, 0xCE, 0x6B, 0x95, 0x81, 0x40, 0x6E, 0xF1, 0x2E, 0x52, 0xD0, 0xAA, 0x5D, 0x22, 0x17, 0xFD,
    0x93, 0x9A, 0x97, 0x13, 0x25, 0x35, 0x25, 0x17, 0x5A, 0xC3, 0x0C, 0xC1, 0x4B, 0x50, 0x50, 0x48,
    0xEC, 0xFB, 0x6D, 0x4F, 0xE2, 0x8F, 0x7E, 0x8D, 0xCA, 0xB5, 0xE4, 0x8B, 0x91, 0x53, 0x30, 0x40,
    0x06, 0x0F, 0x19, 0x32, 0x18, 0x01, 0x19, 0x50, 0x88, 0x45, 0x3A, 0x4F, 0xEC, 0xA6, 0x96, 0x66,
    0x8D, 0xC7, 0xEF, 0x4A, 0xB4, 0x19, 0x43, 0x06, 0x1F, 0x33, 0x64, 0x80, 0x98, 0xBA, 0x80, 0x68,
    0xA6, 0xEC, 0x83, 0x16, 0x75, 0x70, 0xFF, 0x46, 0x2A, 0x33, 0x24, 0xFF, 0x89, 0x87, 0xC7, 0xE2,
    0x99, 0x21, 0x83, 0x49, 0x8A, 0xCD, 0x01, 0x19, 0x78, 0x2C, 0x9B, 0xE0, 0x0B, 0x5E, 0x4A, 0xE5,
    0xA6, 0xEC, 0x98, 0x03, 0x5D, 0x7D, 0x52, 0x4F, 0x97, 0x6A, 0x98, 0x6F, 0x2B, 0x65, 0x88, 0x13,
    0x7F, 0x8A, 0x18, 0x80, 0x46, 0xD2, 0x53, 0xFA, 0x9A, 0x40, 0x08, 0xE4, 0x02, 0x6D, 0x59, 0x98,
    0xE0, 0xCB, 0x9A, 0x96, 0xD1, 0x27, 0xB5, 0x35, 0x09, 0x10, 0x81, 0x13, 0x40, 0x00, 0x17, 0x68,
    0x3A, 0x6A, 0x82, 0x86, 0x9A, 0xB0, 0xA6, 0x08, 0x26, 0x06, 0x22, 0x70, 0x44, 0x67, 0x66, 0x97,
    0x88, 0x65, 0x7A, 0x20, 0x02, 0xAD, 0x43, 0x04, 0x62, 0x8C, 0x2B, 0x41, 0x1E, 0x2B, 0x2E, 0xAC,
    0x60, 0xC8, 0x8C, 0x8E, 0x13, 0x6C, 0xB9, 0x29, 0x64, 0x6B, 0x5C, 0xD4, 0x67, 0x90, 0xA8, 0xF3,
    0xF8, 0x05, 0x76, 0x35, 0x6F, 0x61, 0xB5, 0x69, 0xF6, 0xF7, 0x1C, 0x63, 0x40, 0x42, 0x6D, 0x86,
    0x38, 0x1B, 0x93, 0xBE, 0x84, 0xAE, 0x1D, 0xED, 0x4E, 0x38, 0x05, 0xBC, 0x80, 0xB4, 0x26, 0x98,
    0x70, 0xAD, 0x81, 0x54, 0x33, 0x42, 0x6D, 0x36, 0x39, 0x4E, 0xAE, 0x5B, 0xAF, 0x96, 0x70, 0xBA,
    0xE2, 0x44, 0x90, 0x97, 0x3D, 0x30, 0xE1, 0x0A, 0xB8, 0x63, 0x05, 0x99, 0x33, 0xAA, 0xC3, 0x8D,
    0x95, 0x06, 0x49, 0x0B, 0x8D, 0xFA, 0x7E, 0x56, 0x86, 0x76, 0x20, 0x19, 0x55, 0x0D, 0x9E, 0x57,
    0x08, 0xA7, 0xE5, 0x86, 0x90, 0x8D, 0xC0, 0xAB, 0x97, 0xF2, 0x28, 0x56, 0x27, 0x6E, 0xEA, 0x91,
    0xF9, 0xF0, 0xDD, 0x93, 0x42, 0x26, 0x52, 0x48, 0x76, 0xA4, 0x10, 0x8B, 0x14, 0x42, 0x91, 0x42,
    0x28, 0x52, 0x88, 0xF7, 0x5C, 0x18, 0xE0, 0x5E, 0x76, 0x39, 0x1E, 0x56, 0xB0, 0xDF, 0xD3, 0xAD,
    0x82, 0x86, 0xFC, 0x93, 0x5F, 0x7A, 0xE5, 0x5B, 0xF2, 0x4A, 0x7F, 0xB7, 0xAD, 0xF9, 0x8D, 0x3B,
    0xD8, 0x1F, 0xB6, 0x82, 0xC4, 0x57, 0xE6, 0xCC, 0x63, 0x2E, 0xDB, 0x4E, 0x79, 0xC9, 0x46, 0xE5,
    0xD1, 0x35, 0xCF, 0x1E, 0xD2, 0x92, 0x3D, 0xE5, 0x16, 0xC1, 0xC6, 0x63, 0x36, 0x60, 0x0F, 0xB8,
    0x3D, 0xE2, 0xF6, 0x3E, 0xB7, 0xEF, 0x7F, 0x15, 0x16, 0x2E, 0x3C, 0x95, 0xF6, 0xC5, 0xB0, 0x73,
    0x78, 0x2E, 0x24, 0xEB, 0x6C, 0x7D, 0x43, 0x6E, 0xE3, 0x12, 0x52, 0x4B, 0xCB, 0x53, 0x76, 0x82,
    0x95, 0xB4, 0x02, 0x69, 0x4E, 0xBA, 0xCA, 0x83, 0x8E, 0xAC, 0xA2, 0xD7, 0x23, 0x06, 0x38, 0xF3,
    0x77, 0x36, 0xF6, 0x11, 0xD3, 0xD1, 0x7C, 0xC8, 0x7E, 0x42, 0xDD, 0x11, 0x1D, 0x22, 0xBB, 0x2D,
    0x60, 0x8A, 0xB2, 0x12, 0x5B, 0x6C, 0x40, 0x19, 0x53, 0x6D, 0x30, 0x50, 0x69, 0x4A, 0x17, 0x33,
    0x0B, 0x1C, 0x56, 0xBB, 0xA7, 0x98, 0x50, 0x17, 0x80, 0x15, 0x19, 0x01, 0x18, 0x29, 0xA0, 0xD5,
    0x08, 0xF3, 0x39, 0x50, 0x2F, 0x1A, 0x0E, 0xB1, 0x06, 0xCE, 0xA7, 0x78, 0x63, 0x3C, 0x87, 0xC3,
    0xFA, 0x1E, 0x9B, 0xFA, 0xEF, 0x98, 0xEF, 0xDE, 0x36, 0x16, 0xB3, 0x2E, 0x57, 0x6C, 0xFD, 0x73,
    0xBF, 0x0B, 0xCB, 0xA0, 0xF6, 0x6B, 0x3A, 0x73, 0x55, 0x63, 0xF2, 0xB8, 0x64, 0xDA, 0xEB, 0x08,
    0x75, 0x26, 0xA4, 0xBB, 0xA8, 0x3A, 0x29, 0xA4, 0x02, 0x65, 0xAD, 0x48, 0x59, 0x2B, 0x54, 0x76,
    0x4A, 0x57, 0x0A, 0x61, 0xEF, 0x1D, 0xE2, 0xE9, 0x31, 0x7C, 0x27, 0xE7, 0xBC, 0xE9, 0x9C, 0x67,
    0xFF, 0x30, 0xB2, 0x11, 0x23, 0x1B, 0x96, 0x93, 0x09, 0xA3, 0x64, 0x39, 0x6C, 0x5D, 0x2C, 0xBB,
    0x53, 0xA7, 0x24, 0x7B, 0x3A, 0x39, 0x1B, 0x09, 0xFF, 0x35, 0xFE, 0xE1, 0x7A, 0xB8, 0xAE, 0xDE,
    0x03, 0x0E, 0x05, 0xDE, 0x04, 0x4A, 0x46, 0x7E, 0xA4, 0x36, 0x3D, 0x59, 0xD4, 0xAD, 0x07, 0xA9,
    0x46, 0xF9, 0x0B, 0xF5, 0xDC, 0x9B, 0xDE, 0x33, 0x5C, 0xEF, 0x79, 0x77, 0xCE, 0x13, 0xDB, 0x50,
    0xBE, 0xF5, 0xB9, 0x47, 0xD9, 0xCF, 0xD9, 0x23, 0xF3, 0x87, 0xCB, 0xB4, 0xE9, 0x8D, 0x90, 0x60,
    0x5C, 0xD3, 0xC7, 0x97, 0x7D, 0x07, 0xCC, 0x36, 0xB9, 0xD4, 0xDD, 0xA7, 0xB0, 0xCD, 0x64, 0x97,
    0x2F, 0xFC, 0x96, 0xEC, 0x71, 0x6E, 0xBE, 0xBF, 0xD8, 0xA6, 0x4A, 0x50, 0xBF, 0x97, 0xC9, 0x6A,
    0x42, 0x5B, 0xCA, 0x65, 0x83, 0x89, 0x23, 0x70, 0xCB, 0x86, 0x37, 0xCB, 0xF9, 0xA1, 0x7A, 0xC6,
    0x58, 0xC2, 0x96, 0xD3, 0xAF, 0x3E, 0x68, 0x6F, 0xE5, 0x66, 0x89, 0x98, 0x9C, 0x7A, 0xD7, 0xE4,
    0x0C, 0x62, 0x72, 0xBA, 0xAF, 0xA7, 0xC4, 0x3E, 0xE9, 0xD7, 0x19, 0x32, 0xB0, 0xE5, 0x77, 0xC8,
    0x09, 0x02, 0xA0, 0x84, 0xB4, 0xBE, 0xFD, 0xFA, 0xB6, 0xED, 0x47, 0x71, 0xC8, 0xC0, 0x01, 0x03,
    0x87, 0x0B, 0x17, 0x7E, 0xAB, 0xA1, 0xC2, 0xF9, 0x6E, 0xA0, 0xB0, 0xB2, 0x18, 0x38, 0x4B, 0xA2,
    0x71, 0x49, 0x06, 0x94, 0x87, 0x58, 0x9C, 0x3B, 0x16, 0x5B, 0xC7, 0xCE, 0x43, 0x4D, 0xC3, 0xC7,
    0xF1, 0x19, 0x7C, 0xAE, 0x86, 0x95, 0xFE, 0x96, 0xC5, 0xD9, 0x07, 0x3C, 0xA0, 0xDA, 0x4A, 0x38,
    0x59, 0x1A, 0xB1, 0x02, 0xFA, 0xA4, 0x05, 0x45, 0x9D, 0xFD, 0x35, 0x69, 0xDB, 0x13, 0xC9, 0xD9,
    0x4A, 0xB0, 0x38, 0xE9, 0x74, 0xE5, 0x09, 0x18, 0x8D, 0x25, 0x2F, 0xD0, 0xD7, 0x7C, 0xB5, 0x95,
    0x67, 0xBF, 0xE4, 0x1D, 0xF2, 0x59, 0xA7, 0xB5, 0x84, 0xCF, 0x0A, 0xF9, 0xF9, 0x63, 0xC0, 0x20,
    0x11, 0x32, 0x79, 0x44, 0x01, 0x80, 0x8D, 0x90, 0x4C, 0x01, 0x42, 0xE2, 0xE3, 0x13, 0x2E, 0xD5,
    0x8C, 0x46, 0xDD, 0x17, 0x0F, 0x78, 0x5B, 0x9C, 0x8D, 0x4B, 0xCB, 0x01, 0xC4, 0xC4, 0x86, 0x73,
    0xCA, 0xFE, 0x64, 0x52, 0x3D, 0x84, 0xA5, 0x45, 0xD0, 0x4F, 0x93, 0xE2, 0xFD, 0xF8, 0x13, 0xB3,
    0xD5, 0xE5, 0x6C, 0x8C, 0x28, 0x71, 0x18, 0x33, 0x5B, 0x06, 0xE3, 0xA7, 0x74, 0x9F, 0x19, 0x09,
    0xA4, 0x45, 0xD0, 0x20, 0x88, 0x93, 0xD9, 0x69, 0xE6, 0x17, 0x6C, 0xAC, 0x7B, 0x02, 0x24, 0x13,
    0x64, 0xC9, 0xF2, 0x2E, 0x23, 0x6F, 0x47, 0x72, 0x55, 0x9E, 0xEC, 0x49, 0x1D, 0x71, 0x31, 0xEB,
    0x31, 0x87, 0xF6, 0x3F, 0x32, 0xBF, 0xFF, 0x86, 0x59, 0xCC, 0xBF, 0xF1, 0x60, 0xB9, 0xAE, 0x40,
    0xEC, 0xB8, 0xAF, 0x3B, 0x18, 0xF9, 0x86, 0xC5, 0x2D, 0xB3, 0xB8, 0xBB, 0x8E, 0xC5, 0xCD, 0x96,
    0xC5, 0xE6, 0xDE, 0x93, 0xD5, 0x7D, 0xB6, 0x49, 0x89, 0x45, 0xE9, 0xE7, 0x6B, 0x14, 0x68, 0xBB,
    0x74, 0xA0, 0xB8, 0x71, 0x8E, 0x7E, 0xF3, 0x85, 0x0D, 0x9E, 0x91, 0xB9, 0xA4, 0xF4, 0x07, 0xC2,
    0x75, 0x08, 0x2C, 0x12, 0xBF, 0xAF, 0xFC, 0xC3, 0x5E, 0xC4, 0xBC, 0x41, 0x72, 0x59, 0xF9, 0x8D,
    0x6C, 0x2A, 0x22, 0xEC, 0xE3, 0x2D, 0x3C, 0x6F, 0x94, 0xEA, 0xE0, 0x87, 0xA2, 0xAD, 0x49, 0x7E,
    0xFC, 0x4D, 0x2C, 0x00, 0x0E, 0x46, 0x58, 0x30, 0x6F, 0xE2, 0x18, 0xB7, 0x92, 0x18, 0x37, 0xE7,
    0x18, 0xB7, 0x3E, 0xE1, 0xE4, 0x34, 0x7E, 0xB7, 0x1E, 0xBA, 0x11, 0x85, 0x57, 0x8D, 0x57, 0x95,
    0x57, 0x9D, 0x57, 0xA5, 0xDF, 0xD7, 0xFA, 0x5B, 0xFF, 0xE4, 0xC5, 0x7E, 0x8C, 0xDC, 0xDC, 0x97,
    0x32, 0x7D, 0xDE, 0x0F, 0xF2, 0xBE, 0x56, 0x11, 0xFD, 0x81, 0x85, 0x88, 0xF0, 0x9C, 0x34, 0x89,
    0x88, 0x82, 0xBA, 0x7B, 0x2E, 0x53, 0x0E, 0x07, 0x5A, 0x98, 0x71, 0xC3, 0x89, 0x2E, 0xCD, 0x8A,
    0x3C, 0xD7, 0x03, 0x34, 0x3F, 0x92, 0xE4, 0x40, 0x32, 0x84, 0x6E, 0x79, 0xB8, 0x13, 0x33, 0xF5,
    0xAC, 0x38, 0xB2, 0xC6, 0xCD, 0x36, 0x99, 0x17, 0xFC, 0x55, 0xAA, 0x13, 0xEA, 0xF7, 0xB1, 0x5A,
    0xDD, 0x3E, 0xBA, 0x6E, 0xA6, 0x73, 0x6E, 0x9D, 0xF6, 0xC8, 0x2E, 0x79, 0x13, 0xA8, 0x9A, 0x77,
    0xF8, 0xC1, 0x0C, 0x67, 0xCD, 0x0E, 0x96, 0x9D, 0x21, 0x06, 0x35, 0x22, 0x76, 0xEE, 0x3D, 0x5C,
    0x29, 0x76, 0xB5, 0xCA, 0x8A, 0x83, 0xE8, 0xB8, 0x9C, 0x29, 0xFB, 0xE0, 0x90, 0x1B, 0x65, 0x6A,
    0x08, 0x5C, 0xB0, 0x43, 0x8F, 0xA1, 0x25, 0x3C, 0x35, 0xEC, 0x75, 0x75, 0x3F, 0x24, 0x6B, 0xF1,
    0x99, 0x89, 0xBA, 0x81, 0x7A, 0xB8, 0xD2, 0x2A, 0x2F, 0x90, 0x03, 0x99, 0xBB, 0xF6, 0xC9, 0x46,
    0x12, 0xA5, 0x20, 0xE8, 0x19, 0x03, 0x84, 0xC6, 0x7C, 0x24, 0xF0, 0x39, 0xC7, 0xF6, 0xAD, 0xB4,
    0x13, 0x22, 0x89, 0x76, 0xC0, 0x0F, 0x20, 0xB4, 0x40, 0x69, 0x10, 0x53, 0x66, 0xA5, 0xD7, 0x3E,
    0xC2, 0xC9, 0xE7, 0x6E, 0x07, 0xE2, 0x0D, 0xB6, 0xB5, 0x7B, 0x7E, 0x1D, 0x1E, 0xA5, 0x76, 0xED,
    0xAE, 0x42, 0xE5, 0xEB, 0x56, 0xC0, 0x43, 0xE3, 0xAA, 0x38, 0x1C, 0x12, 0xCB, 0x46, 0xF2, 0x23,
    0x7E, 0x86, 0x62, 0x00, 0x56, 0x77, 0x6F, 0xD0, 0x98, 0x5B, 0x76, 0x8E, 0x5F, 0xE8, 0xCD, 0x4E,
    0x08, 0x15, 0x33, 0xE4, 0xB3, 0xD3, 0x61, 0xC5, 0x80, 0x29, 0x56, 0xCC, 0x38, 0xBD, 0x3B, 0xE6,
    0x5B, 0x20, 0xD8, 0x89, 0xA1, 0x5A, 0x94, 0xD1, 0xCF, 0xD8, 0x5D, 0xAD, 0x72, 0xCB, 0xBF, 0x79,
    0x01, 0x55, 0x78, 0x8C, 0xE6, 0x3D, 0xCD, 0x3A, 0x25, 0x09, 0xD5, 0x52, 0x00, 0xC1, 0x97, 0xB1,
    0x88, 0xEE, 0xC1, 0x7A, 0x54, 0x9F, 0xD0, 0xC0, 0x3F, 0x64, 0x48, 0x43, 0x00, 0xF3, 0x9D, 0x3C,
    0x75, 0xAF, 0xE1, 0x2F, 0x04, 0xB2, 0x73, 0xC5, 0x2F, 0x5C, 0xE3, 0x07, 0xDD, 0xE5, 0xA2, 0x95,
    0xD3, 0x51, 0x83, 0xAF, 0x0A, 0xA2, 0xFF, 0x2B, 0xD9, 0x32, 0x78, 0xC2, 0x5A, 0x55, 0x94, 0x45,
    0x8D, 0xED, 0xB4, 0x91, 0xB5, 0x24, 0xEA, 0xCE, 0x18, 0xDA, 0x97, 0xC8, 0x51, 0xEE, 0x4B, 0x03,
    0xC0, 0xD5, 0x0A, 0xB2, 0x43, 0x4F, 0xC9, 0x09, 0xE5, 0xB8, 0x5B, 0xD4, 0xAD, 0x7E, 0x6A, 0x9B,
    0xED, 0x04, 0xB2, 0x27, 0xC0, 0x28, 0x39, 0xFF, 0x86, 0x8C, 0x81, 0x3F, 0x85, 0x42, 0xA2, 0x7C,
    0x04, 0x81, 0xA0, 0xA0, 0x88, 0xE7, 0xF2, 0x20, 0xCB, 0x20, 0x8F, 0x90, 0x3E, 0x10, 0x37, 0x96,
    0xFC, 0x7B, 0xAD, 0xC5, 0x24, 0x9B, 0xCD, 0x0C, 0x7F, 0x7A, 0xDE, 0x93, 0xA4, 0x22, 0x46, 0x74,
    0xB0, 0x98, 0x92, 0x42, 0xB9, 0x9F, 0x66, 0xF1, 0x6F, 0xD2, 0xC9, 0xAF, 0x0B, 0xB9, 0xEE, 0xA6,
    0x57, 0xD1, 0xF2, 0x45, 0x19, 0x0B, 0xB2, 0xCE, 0x90, 0x53, 0xB3, 0xCD, 0x70, 0x4D, 0x54, 0x72,
    0x28, 0xDF, 0x32, 0xD4, 0x3F, 0xB0, 0xE6, 0x3E, 0x96, 0xDF, 0x25, 0x19, 0xD6, 0x1F, 0x7F, 0xB8,
    0x7B, 0x7E, 0xF3, 0x62, 0xC5, 0x10, 0xDC, 0x9E, 0xB1, 0xE7, 0x65, 0xE6, 0xCF, 0xDE, 0xFC, 0x9E,
    0x57, 0xB9, 0xDD, 0xF3, 0xFA, 0x7F, 0x9D, 0x56, 0xBD, 0x8E, 0xDC, 0x36, 0x10, 0xFE, 0x24, 0xD9,
    0x16, 0x12, 0x01, 0x47, 0x17, 0x2E, 0x0C, 0xD8, 0x31, 0x53, 0xB8, 0x48, 0xE1, 0x3B, 0x35, 0x2E,
    0xAE, 0x58, 0x1F, 0x15, 0xBB, 0x70, 0x11, 0x04, 0xB8, 0x47, 0xB8, 0x87, 0x70, 0xB1, 0x01, 0x76,
    0x57, 0x42, 0x52, 0xA4, 0xCC, 0x3D, 0x42, 0xFA, 0x34, 0x57, 0xB8, 0xB8, 0x62, 0xCF, 0x22, 0x70,
    0x95, 0x2B, 0x33, 0x49, 0x1B, 0x20, 0x0A, 0xE0, 0x07, 0x60, 0x00, 0x25, 0x90, 0x11, 0x69, 0x99,
    0x8F, 0xD4, 0xEE, 0xFD, 0xC7, 0x45, 0x44, 0xCE, 0x92, 0x1C, 0x0E, 0x87, 0x33, 0x9C, 0x6F, 0xC8,
    0x55, 0x1A, 0xA2, 0x41, 0x6A, 0x11, 0xF5, 0xC0, 0x33, 0x40, 0x20, 0x72, 0x49, 0x9F, 0x5A, 0xA1,
    0x73, 0xEC, 0x02, 0x8E, 0x43, 0x9D, 0x38, 0x23, 0x7E, 0xB5, 0x39, 0xFA, 0x29, 0x76, 0xB2, 0x16,
    0x87, 0xCA, 0x3D, 0x37, 0xAF, 0x4B, 0xA7, 0xAD, 0x70, 0xD5, 0x61, 0x34, 0xC0, 0xB9, 0x3E, 0xD4,
    0x91, 0xF6, 0xB1, 0x6F, 0x61, 0x97, 0x71, 0x53, 0x3A, 0x93, 0xBB, 0x2A, 0x1D, 0x30, 0x27, 0x7B,
    0x3E, 0x43, 0xBB, 0x8A, 0x7B, 0x56, 0x76, 0x64, 0x87, 0xD2, 0x15, 0xAF, 0x24, 0xF7, 0xD6, 0xC8,
    0xAB, 0xD8, 0x21, 0x79, 0x8F, 0x44, 0xFB, 0x9A, 0x75, 0x50, 0x0E, 0xC7, 0x59, 0x65, 0x13, 0xCD,
    0xCA, 0x0E, 0x87, 0x64, 0x26, 0x83, 0xB0, 0x69, 0x97, 0x1B, 0xD1, 0xA8, 0x22, 0xAF, 0xDE, 0x60,
    0x11, 0x75, 0xE8, 0x12, 0x83, 0x29, 0xB6, 0x69, 0x98, 0x38, 0xB5, 0x34, 0x32, 0x76, 0x15, 0x0D,
    0xB6, 0xE3, 0x37, 0x39, 0x2F, 0xE5, 0xF3, 0x1E, 0xB9, 0x5E, 0xD1, 0x51, 0x85, 0xC4, 0xCA, 0x0A,
    0x5D, 0x6A, 0xF0, 0x2C, 0xB2, 0x68, 0x11, 0xF7, 0xBE, 0xEE, 0xB7, 0x57, 0x4D, 0xBE, 0xF3, 0x01,
    0xEC, 0x70, 0x78, 0x92, 0x36, 0x9C, 0xA2, 0x4F, 0x38, 0x48, 0xAC, 0x28, 0x26, 0xDC, 0xF0, 0x18,
    0x74, 0xB9, 0x72, 0xBA, 0xD6, 0x79, 0x21, 0x2B, 0xD5, 0x28, 0x9B, 0xDB, 0xD4, 0xC6, 0x4D, 0x6C,
    0x12, 0x2D, 0xD1, 0xE3, 0x10, 0x79, 0x51, 0x6B, 0xA7, 0x5D, 0x35, 0x50, 0x76, 0x8A, 0x09, 0x44,
    0x91, 0x58, 0x1C, 0xDC, 0x2C, 0x5B, 0x56, 0xB9, 0xCE, 0x9A, 0xB8, 0xC5, 0x12, 0x8F, 0xE2, 0x21,
    0xE9, 0xB2, 0x46, 0x56, 0x7B, 0x78, 0x0D, 0x58, 0x5F, 0x6A, 0x16, 0xDF, 0x86, 0x1F, 0xB8, 0xC6,
    0x35, 0xA1, 0xA5, 0x72, 0xA7, 0xD7, 0x27, 0x76, 0xB9, 0xA6, 0x46, 0x58, 0x11, 0xB6, 0x48, 0x4C,
    0x56, 0x2D, 0x68, 0x77, 0x56, 0xA8, 0xEA, 0x38, 0x2C, 0x3F, 0x86, 0xAA, 0xB2, 0x22, 0xD1, 0x63,
    0x61, 0xB4, 0x42, 0xD9, 0x8C, 0x37, 0xBC, 0x75, 0x8F, 0x1F, 0x2D, 0x5F, 0x97, 0xBB, 0xCB, 0xB2,
    0x2B, 0x6D, 0x6E, 0x46, 0x33, 0x7C, 0xE9, 0x6E, 0xD5, 0xBD, 0xEA, 0x33, 0x7B, 0x2D, 0xB6, 0x04,
    0x48, 0x39, 0xA0, 0xCB, 0x61, 0x85, 0xAF, 0xEC, 0x70, 0x48, 0xA6, 0xD4, 0xB9, 0x56, 0xC5, 0x1E,
    0xFC, 0x09, 0x26, 0x55, 0x56, 0x89, 0x2E, 0x5A, 0x41, 0x85, 0xB2, 0x72, 0x7D, 0xDD, 0xC4, 0xF4,
    0x5B, 0xE1, 0x0D, 0x56, 0x0C, 0x61, 0x5D, 0x28, 0x97, 0xAD, 0xC6, 0x38, 0x52, 0x7F, 0xA0, 0x9E,
    0x20, 0x25, 0x4A, 0x49, 0xB0, 0x87, 0xC0, 0xE1, 0xE1, 0xE3, 0xDB, 0x76, 0x22, 0xDA, 0x13, 0x59,
    0xBB, 0x21, 0x3F, 0xED, 0x02, 0x0E, 0x3A, 0xE2, 0x20, 0xDD, 0xE0, 0x80, 0x95, 0x1D, 0x0E, 0xC9,
    0xE4, 0x14, 0x05, 0xAE, 0x23, 0xF3, 0x7A, 0x98, 0x3F, 0x8A, 0xEF, 0x4B, 0x1F, 0x2E, 0x7C, 0x1B,
    0xDE, 0xCD, 0xAB, 0x7D, 0xB4, 0x02, 0x6D, 0xB4, 0xF4, 0xE3, 0xAA, 0xB4, 0x00, 0x71, 0xC9, 0x0C,
    0x63, 0xDA, 0xB5, 0x40, 0x5D, 0x21, 0xE5, 0x8C, 0x32, 0xC0, 0x0E, 0x67, 0x6F, 0x8D, 0x42, 0x77,
    0x49, 0xC7, 0x24, 0x0A, 0x10, 0xB1, 0x48, 0x1A, 0xF8, 0x40, 0x23, 0x23, 0x09, 0xAE, 0x97, 0x9C,
    0xDA, 0x23, 0x4D, 0x48, 0xCB, 0x73, 0xB1, 0xD8, 0x8B, 0x99, 0xCB, 0x62, 0x5E, 0x29, 0x33, 0x1C,
    0x33, 0x52, 0xB7, 0x16, 0xB3, 0xA3, 0x58, 0xEA, 0xC5, 0x2A, 0x9F, 0xFD, 0xB4, 0xE8, 0x82, 0xD8,
    0x17, 0x6B, 0xFF, 0xA6, 0xA8, 0xA9, 0xCA, 0xE3, 0x22, 0xD3, 0x35, 0x47, 0x3E, 0x08, 0x23, 0x45,
    0x76, 0x60, 0x60, 0x36, 0x41, 0xDA, 0xD0, 0xF9, 0x3C, 0xCE, 0x78, 0x0C, 0x52, 0xE9, 0x56, 0xED,
    0x42, 0x32, 0x6C, 0xFB, 0xF7, 0x6F, 0x03, 0xBB, 0x4F, 0xF6, 0x4E, 0x44, 0x9B, 0x35, 0x79, 0x37,
    0x9F, 0x3F, 0xBE, 0x4F, 0x83, 0x42, 0x62, 0xF7, 0x2C, 0x0B, 0x66, 0x90, 0xE0, 0x66, 0xA9, 0x2E,
    0x8B, 0x63, 0x7C, 0xEC, 0xC0, 0xEB, 0x4A, 0x69, 0xD1, 0x30, 0xBB, 0x96, 0xD8, 0x8E, 0x56, 0x09,
    0x01, 0x29, 0xF4, 0x1E, 0x0D, 0xBC, 0x29, 0x10, 0x3B, 0x50, 0x4C, 0x85, 0xAC, 0x4A, 0x0B, 0xE1,
    0xAF, 0x36, 0xBF, 0x21, 0x3D, 0xB6, 0x81, 0x66, 0xE2, 0x0F, 0xBB, 0x12, 0xA7, 0xDD, 0x4A, 0xBE,
    0xE8, 0x66, 0x92, 0x47, 0xF3, 0x19, 0x88, 0xC4, 0xD5, 0x88, 0xC6, 0x26, 0xAF, 0xFE, 0x0B, 0x85,
    0x1F, 0xB3, 0xED, 0xE2, 0x15, 0xC4, 0xD5, 0xE7, 0xB9, 0xE3, 0x3F, 0x7F, 0xD5, 0xFD, 0x53, 0xD1,
    0xC6, 0x6F, 0x47, 0x1B, 0x15, 0x6D, 0xFC, 0x66, 0x00, 0x8E, 0xD6, 0x4A, 0x7C, 0xC0, 0x54, 0x35,
    0x92, 0xF4, 0xF8, 0x88, 0x0C, 0xFD, 0xD1, 0xAF, 0x09, 0x57, 0x1B, 0xAF, 0x6E, 0x94, 0x91, 0xF4,
    0xB9, 0xA4, 0xCF, 0x36, 0x77, 0xFA, 0xC7, 0xB5, 0xCC, 0x4D, 0xE7, 0x10, 0xA1, 0x48, 0x61, 0xA4,
    0x6B, 0x95, 0xEB, 0x73, 0xD7, 0x66, 0x68, 0x62, 0x54, 0x41, 0x3A, 0x36, 0x59, 0x9B, 0x0F, 0x89,
    0xDD, 0x14, 0xD7, 0x08, 0x07, 0xD5, 0xAF, 0x9B, 0xD1, 0xF0, 0xC9, 0x59, 0x33, 0xE1, 0x29, 0x4C,
    0xF6, 0x43, 0x73, 0xCF, 0xFB, 0x23, 0x46, 0xB7, 0xC4, 0xF9, 0x49, 0x78, 0x50, 0xD2, 0xE1, 0xD0,
    0x9C, 0xAD, 0xF3, 0xED, 0xEE, 0x59, 0x73, 0x49, 0xE7, 0x7A, 0xC1, 0xA6, 0xB9, 0xA2, 0x73, 0x12,
    0x60, 0x37, 0x6E, 0x6B, 0x47, 0xB9, 0xCB, 0xCB, 0x2F, 0x9B, 0x6B, 0x08, 0x72, 0x65, 0xD2, 0x3E,
    0xED, 0x95, 0xF9, 0x00, 0x03, 0x59, 0x76, 0xD6, 0x76, 0xA5, 0x64, 0xDA, 0x8F, 0x39, 0xDF, 0xC7,
    0xFE, 0x5A, 0xFD, 0xB2, 0xBB, 0x3B, 0x3E, 0x02, 0x3E, 0x75, 0xF0, 0xF4, 0xE1, 0x7C, 0x2E, 0x89,
    0x49, 0xD9, 0x2E, 0x4E, 0x76, 0x9F, 0x90, 0xF1, 0x10, 0x4B, 0x69, 0x5D, 0xE1, 0x0A, 0x69, 0xA3,
    0x25, 0x1E, 0x5E, 0x55, 0x6A, 0xF0, 0x29, 0x5F, 0x03, 0x59, 0x94, 0x0D, 0x91, 0xD5, 0x29, 0x9D,
    0x75, 0xB5, 0x29, 0xCD, 0x5F, 0xB6, 0x8B, 0x6C, 0x6B, 0x12, 0x33, 0x6B, 0x87, 0x5C, 0x88, 0x7C,
    0x68, 0xC3, 0x35, 0x49, 0x93, 0x1F, 0xFF, 0x59, 0x2D, 0x7E, 0x32, 0x0F, 0x56, 0x05, 0x2B, 0x3B,
    0x1C, 0x92, 0x29, 0x7F, 0xF1, 0xEF, 0xA1, 0x43, 0xBB, 0xE0, 0xB3, 0x37, 0xE1, 0xBB, 0x47, 0xF2,
    0x7D, 0xCF, 0xF3, 0x73, 0x9F, 0x60, 0x9B, 0xCE, 0xAB, 0xA1, 0xEC, 0xC3, 0xED, 0x79, 0x30, 0x59,
    0x23, 0x68, 0x6B, 0x0C, 0x71, 0xC8, 0x5E, 0x9F, 0xB3, 0x7C, 0x12, 0x19, 0x43, 0xBA, 0xA1, 0xDE,
    0x23, 0xAA, 0xC9, 0x4C, 0xB9, 0xEB, 0xE0, 0xE7, 0x1E, 0xB8, 0x55, 0x31, 0x1E, 0xEB, 0xFF, 0x59,
    0x37, 0xA2, 0xF9, 0xFA, 0x2F, 0x6A, 0x3F, 0x1B, 0x19, 0x8A, 0xAF, 0xBC, 0x5E, 0x51, 0xDC, 0x71,
    0xBC, 0x50, 0xF9, 0x48, 0x22, 0xF3, 0x0A, 0xA6, 0x41, 0x43, 0x73, 0xA6, 0x27, 0xE8, 0xF5, 0xB8,
    0x2C, 0xFD, 0x3E, 0x26, 0x6C, 0xE9, 0x37, 0xCF, 0x02, 0xFA, 0x76, 0x7C, 0xCE, 0x85, 0x5B, 0xF1,
    0x1E, 0x36, 0xD9, 0xC9, 0xDF, 0xD1, 0xE6, 0x22, 0xEC, 0x68, 0x2E, 0xEC, 0x6E, 0x02, 0x3F, 0xAC,
    0x8C, 0x37, 0x39, 0x63, 0xF1, 0x74, 0x86, 0xCF, 0x27, 0xDE, 0xD3, 0xBC, 0x47, 0x3B, 0xF1, 0xD0,
    0xB3, 0x33, 0x28, 0x09, 0x69, 0xA6, 0xAF, 0x8E, 0x7C, 0x1E, 0x12, 0xC5, 0x47, 0xD8, 0xBD, 0x27,
    0x9B, 0x2D, 0x8C, 0xC7, 0x50, 0x12, 0x5C, 0x9B, 0x22, 0x51, 0x1B, 0xD9, 0x4E, 0xB7, 0x8F, 0xB6,
    0xAC, 0x7F, 0x45, 0xC5, 0xD1, 0xD6, 0xEE, 0xB6, 0x6C, 0x4B, 0xA1, 0x45, 0x72, 0xB5, 0x66, 0x5F,
    0xE9, 0xE4, 0xEF, 0x56, 0x36, 0xD3, 0x99, 0x7D, 0x3A, 0x66, 0xF5, 0x11, 0xA6, 0xF7, 0x69, 0x41,
    0x19, 0x6E, 0x51, 0xEA, 0xFA, 0x1D, 0x53, 0x3E, 0x82, 0x72, 0xFD, 0x0E, 0x8E, 0x95, 0x1C, 0xF9,
    0xCE, 0xD4, 0x6B, 0x91, 0x50, 0xB9, 0xFF, 0xCB, 0x4B, 0x9A, 0x65, 0x62, 0xEA, 0xD3, 0x76, 0xB1,
    0x90, 0x5A, 0xBC, 0xFC, 0xD9, 0x92, 0x71, 0x8D, 0xCA, 0x53, 0x3B, 0xCC, 0xE7, 0xE2, 0xEB, 0x73,
    0xB3, 0x4B, 0x13, 0x33, 0x9E, 0xCA, 0x8A, 0x0B, 0xCE, 0x88, 0x22, 0xB6, 0xE5, 0xF7, 0xF6, 0x51,
    0xA4, 0x45, 0x54, 0x65, 0x09, 0x92, 0xEF, 0x10, 0xBF, 0x45, 0xF4, 0x5B, 0xB8, 0xFC, 0x0F, 0xA0,
    0xDE, 0x35, 0xD9, 0x8B, 0x82, 0x1C, 0xFF, 0x5F, 0x63, 0x89, 0x58, 0x60, 0x8B, 0xD7, 0xED, 0x0F,
    0xF6, 0x5F, 0xED, 0x7D, 0xBD, 0xAF, 0x1D, 0x49, 0x76, 0x5F, 0x7F, 0x70, 0xD9, 0xB3, 0xDB, 0x5E,
    0xF5, 0x04, 0x82, 0xB0, 0x12, 0xB1, 0xD3, 0x0A, 0x14, 0x28, 0xD8, 0x61, 0x3B, 0x50, 0xB0, 0x06,
    0xDE, 0x63, 0x5F, 0x49, 0x81, 0x03, 0x05, 0xAB, 0xBF, 0xC0, 0x56, 0xA0, 0x4C, 0x01, 0x15, 0x6C,
    0x30, 0x80, 0xC9, 0xE9, 0x96, 0x37, 0x50, 0xE0, 0x60, 0x08, 0xD8, 0x70, 0xE2, 0x40, 0x6B, 0x40,
    0x89, 0x05, 0x18, 0x33, 0x30, 0x08, 0x99, 0x86, 0xDE, 0xB0, 0x7B, 0x76, 0x42, 0x07, 0xDB, 0x36,
    0x60, 0x28, 0x70, 0xA0, 0x36, 0xCC, 0x40, 0x82, 0x82, 0x69, 0xED, 0x36, 0xBC, 0x97, 0xBB, 0xF7,
    0x76, 0xF9, 0xFC, 0x7E, 0xE7, 0x54, 0x77, 0xDF, 0xF7, 0xEE, 0x7B, 0xBC, 0xE4, 0x70, 0xBE, 0x0C,
    0x3F, 0xF2, 0x56, 0xD5, 0xBB, 0xAF, 0x3F, 0xAA, 0x4E, 0x55, 0x9D, 0xEF, 0x73, 0x2A, 0x28, 0xFA,
    0x40, 0x7E, 0xB2, 0x01, 0x65, 0xBC, 0x45, 0x19, 0xEC, 0x58, 0x96, 0x2C, 0xB3, 0x0D, 0xCA, 0x90,
    0xE5, 0xF2, 0xD3, 0x38, 0xE7, 0xA6, 0xE0, 0x3E, 0xCB, 0xC8, 0x05, 0xE1, 0x14, 0x04, 0x2E, 0x08,
    0xEE, 0xB1, 0xBC, 0xCB, 0xF2, 0x2D, 0x96, 0xDF, 0x66, 0x19, 0xDC, 0x50, 0x3A, 0xD7, 0xCE, 0xE5,
    0xCD, 0x57, 0xFA, 0x32, 0xDE, 0xA0, 0x4C, 0xEA, 0xA5, 0xCC, 0xEA, 0x50, 0xCA, 0xAA, 0x46, 0x7F,
    0x5C, 0xDD, 0xB0, 0x0C, 0xF2, 0x4D, 0x2E, 0x9D, 0x2E, 0xDB, 0xB2, 0xF5, 0xA5, 0x7E, 0x73, 0xCD,
    0xCF, 0xEB, 0x1F, 0x51, 0xFD, 0x9A, 0x47, 0xC4, 0x72, 0x08, 0xAC, 0x7A, 0x2A, 0x83, 0x8A, 0x87,
    0xE0, 0x42, 0xAA, 0x60, 0x08, 0x9E, 0xAC, 0xAA, 0x0F, 0x82, 0x3F, 0x44, 0xF5, 0x07, 0x98, 0xC2,
    0x56, 0x67, 0xF2, 0x52, 0x75, 0xFF, 0x19, 0xAA, 0xBF, 0x61, 0x17, 0x4B, 0x79, 0x9A, 0xAC, 0x80,
    0xF2, 0x79, 0x70, 0x7F, 0xCB, 0x4B, 0x92, 0x1D, 0xAB, 0x68, 0xCF, 0x0A, 0x70, 0x28, 0x75, 0x6E,
    0xAE, 0x56, 0xFA, 0xB7, 0x50, 0xAF, 0x8C, 0xF4, 0x3E, 0x2C, 0xA1, 0xA6, 0xC7, 0x7A, 0x92, 0x27,
    0x7F, 0x24, 0x6F, 0x90, 0xEA, 0x47, 0xCF, 0xE5, 0x7D, 0x78, 0xA0, 0x2E, 0xB0, 0x14, 0x6B, 0x2D,
    0x6F, 0xFD, 0x12, 0xBB, 0x40, 0xF1, 0x68, 0x3D, 0x17, 0x18, 0xE1, 0xF6, 0x7D, 0x14, 0xD2, 0x99,
    0x64, 0x1B, 0xCB, 0x93, 0x59, 0x3C, 0x41, 0xF1, 0xCE, 0x5C, 0x04, 0xAF, 0xBB, 0x48, 0x26, 0x7D,
    0xB9, 0x15, 0x41, 0xD8, 0x4C, 0x9B, 0x20, 0x77, 0x6E, 0x0C, 0x9A, 0x4D, 0xB2, 0x8B, 0xB6, 0x32,
    0x54, 0xF4, 0x7D, 0x9F, 0x49, 0xDF, 0x2F, 0x0A, 0x01, 0xDE, 0x9B, 0x25, 0x16, 0x54, 0xC5, 0xF5,
    0x33, 0xCF, 0xA8, 0xB3, 0x21, 0x6C, 0x51, 0x8C, 0xEB, 0xEF, 0xE6, 0xEB, 0xAA, 0x8D, 0x9F, 0x8E,
    0xA2, 0x03, 0x2C, 0xE4, 0xA1, 0x6F, 0xA4, 0xD2, 0x83, 0xB7, 0x63, 0xB7, 0x11, 0x38, 0xF1, 0xE6,
    0x02, 0xF3, 0x12, 0x36, 0x02, 0xBA, 0x3B, 0xEE, 0x51, 0x10, 0x3A, 0x07, 0x50, 0xC8, 0xAA, 0xC8,
    0xFA, 0xA0, 0xAC, 0x8B, 0x36, 0x28, 0x6A, 0x79, 0x40, 0xBE, 0x91, 0xE2, 0x96, 0x3E, 0xAA, 0xC4,
    0xA3, 0x8A, 0x11, 0x7B, 0x16, 0x6F, 0x4A, 0xDC, 0xC8, 0x7E, 0xC8, 0xAB, 0x72, 0x34, 0x43, 0x87,
    0xD1, 0xE5, 0xF8, 0x3D, 0x74, 0xBC, 0x1E, 0x1B, 0x3F, 0xEF, 0xBF, 0x8E, 0xCD, 0x7F, 0x0F, 0x85,
    0x8C, 0x23, 0xEB, 0xA5, 0xC8, 0x3B, 0x79, 0x5E, 0xD9, 0x16, 0x83, 0xBC, 0x2D, 0x45, 0x57, 0x82,
    0xFB, 0x02, 0x07, 0xE9, 0x80, 0xFC, 0x17, 0x10, 0x09, 0xA8, 0x3E, 0xCD, 0x7F, 0x79, 0x82, 0x3E,
    0xEA, 0x61, 0x38, 0xBA, 0x78, 0x27, 0xFF, 0xA5, 0x71, 0x38, 0xFB, 0x3B, 0xCC, 0xFC, 0xEB, 0x79,
    0xD1, 0x56, 0x9E, 0x96, 0xC9, 0x8E, 0xC4, 0x27, 0xA8, 0x7A, 0x85, 0xFA, 0xE7, 0xF6, 0xA9, 0x75,
    0xAA, 0xB1, 0xAD, 0x65, 0x76, 0x65, 0xD7, 0x06, 0xD3, 0xC6, 0xD6, 0x37, 0xA7, 0x00, 0x6B, 0x7C,
    0xAA, 0xB1, 0x39, 0x86, 0x20, 0x23, 0x10, 0xC2, 0xC1, 0x50, 0x71, 0xF0, 0xCA, 0x0D, 0xE7, 0x1E,
    0xF9, 0xC6, 0xE4, 0xFF, 0xD4, 0xB4, 0xF6, 0xE4, 0xBC, 0xB7, 0x86, 0x2C, 0x64, 0x6D, 0xC8, 0x96,
    0x8C, 0xB8, 0x5F, 0x01, 0xB5, 0xB9, 0xD1, 0x59, 0x23, 0x6D, 0xAD, 0x91, 0xF9, 0x86, 0xAC, 0x7B,
    0xDE, 0x15, 0xCA, 0x4A, 0xE2, 0x73, 0xB0, 0x55, 0xF8, 0x64, 0x59, 0xA1, 0x58, 0xCA, 0x4D, 0xDD,
    0x8C, 0xB2, 0x70, 0x9D, 0xDB, 0x07, 0xC5, 0x23, 0x2C, 0x20, 0xE9, 0x8F, 0xCC, 0x42, 0x0C, 0xAC,
    0xB5, 0x34, 0x52, 0xE9, 0x5B, 0xBE, 0xB5, 0x9D, 0xC7, 0xCE, 0x7F, 0xDA, 0x06, 0xA1, 0x3A, 0x3D,
    0xB2, 0x86, 0xBC, 0x5D, 0xFF, 0x14, 0x36, 0xB5, 0x5D, 0x93, 0xF7, 0xD6, 0x48, 0x47, 0x6B, 0xC4,
    0x5B, 0xDF, 0xD8, 0x9D, 0xD0, 0xF0, 0x17, 0x27, 0xFE, 0xF6, 0x6C, 0x48, 0x1C, 0x87, 0x5C, 0xB5,
    0x3A, 0x2E, 0x37, 0xD9, 0x00, 0x65, 0xEB, 0x1A, 0x9E, 0x9E, 0x6B, 0x43, 0xD8, 0xC4, 0xD8, 0x02,
    0x79, 0x8F, 0xB2, 0xE7, 0x9A, 0x48, 0xFB, 0x87, 0x2B, 0x3C, 0x7D, 0xA4, 0x26, 0xE2, 0x26, 0xE6,
    0x26, 0x02, 0x91, 0x07, 0x63, 0xCF, 0x97, 0x63, 0x50, 0x0D, 0x7A, 0x1D, 0x17, 0x11, 0x90, 0xF8,
    0x56, 0x6B, 0xA2, 0xB5, 0x57, 0xAD, 0x05, 0x8D, 0xC7, 0x13, 0x5F, 0xD3, 0xC6, 0x82, 0x41, 0xB4,
    0x26, 0x02, 0xD7, 0xFD, 0x9A, 0xF5, 0xEB, 0xEE, 0x55, 0xC1, 0x8A, 0x77, 0x88, 0xF5, 0x4F, 0xD1,
    0x55, 0x7A, 0x0B, 0x3C, 0x26, 0x2B, 0xC6, 0x2A, 0x60, 0xDC, 0x9C, 0xCB, 0x2A, 0xC8, 0x6B, 0x56,
    0xF7, 0x74, 0x4A, 0xB7, 0xAC, 0x64, 0x5B, 0xD8, 0x22, 0xE4, 0xCA, 0xD3, 0xE9, 0xBE, 0x60, 0x15,
    0x8D, 0xAC, 0x92, 0x4E, 0xA7, 0xDE, 0x56, 0x80, 0x2E, 0xA8, 0x94, 0xA4, 0x46, 0xE6, 0x41, 0x6F,
    0x00, 0x99, 0x93, 0xAA, 0xEA, 0xF4, 0x29, 0xFA, 0xCC, 0x6C, 0x17, 0x18, 0x92, 0xE0, 0x8B, 0x04,
    0xA0, 0x78, 0xAD, 0xD3, 0xA1, 0x97, 0x83, 0xF6, 0x6C, 0xCF, 0x7E, 0xA6, 0x0E, 0xD3, 0x2B, 0x4B,
    0x5A, 0x36, 0x91, 0xB3, 0x51, 0x6C, 0xD6, 0x43, 0xCF, 0x3A, 0x1D, 0xB4, 0x6E, 0xC1, 0xC0, 0xB0,
    0xD9, 0x2F, 0x5F, 0x33, 0xF6, 0x9D, 0x55, 0x78, 0x83, 0xBC, 0x97, 0xA0, 0x76, 0xC1, 0xAA, 0x0A,
    0xB5, 0x4A, 0xB4, 0xCA, 0xB5, 0x3A, 0xD7, 0x6A, 0xEB, 0x74, 0x9F, 0xB2, 0xCA, 0x6A, 0x56, 0xF7,
    0xF4, 0xBE, 0x2D, 0x2B, 0xE9, 0x04, 0x2A, 0x01, 0x19, 0xAA, 0x42, 0x9F, 0x79, 0xC1, 0x6A, 0x1A,
    0x58, 0x29, 0xAB, 0x15, 0x3B, 0x22, 0xA6, 0x78, 0x7F, 0xF9, 0xED, 0x81, 0xCE, 0x8A, 0xF4, 0xEC,
    0xB0, 0xBB, 0x41, 0xF0, 0xFB, 0xF2, 0x4F, 0xBA, 0x35, 0x80, 0xEE, 0x63, 0xA5, 0x01, 0x16, 0xE9,
    0x9E, 0x50, 0x8E, 0x78, 0x81, 0x90, 0x2A, 0x62, 0xB3, 0x63, 0x3F, 0xFA, 0x94, 0xD6, 0x2A, 0xEC,
    0xFE, 0x74, 0xCB, 0xB7, 0xCB, 0xF3, 0xC0, 0x64, 0xA4, 0x1D, 0xF1, 0x24, 0x48, 0x6B, 0x25, 0x18,
    0xA6, 0x26, 0x70, 0x0B, 0x52, 0x28, 0xAC, 0x09, 0x6C, 0xB7, 0x07, 0xCA, 0x40, 0x3C, 0xC1, 0xFB,
    0x76, 0x0A, 0x65, 0x17, 0x12, 0xE6, 0xCD, 0xEF, 0x70, 0x06, 0xCA, 0x8F, 0x39, 0x1F, 0xC5, 0x5F,
    0xB3, 0x13, 0x99, 0xCE, 0x15, 0x5E, 0xE5, 0x09, 0x3C, 0x6F, 0x5C, 0xCD, 0x51, 0xA4, 0x33, 0x76,
    0xA7, 0x53, 0x0E, 0x90, 0x77, 0x57, 0x7A, 0x5B, 0xB9, 0x67, 0x95, 0xF7, 0xC7, 0x27, 0x4E, 0xC9,
    0x93, 0x51, 0x9A, 0x2F, 0x57, 0xB5, 0x27, 0x17, 0xEB, 0xDC, 0xBF, 0x51, 0x3C, 0x08, 0x54, 0xA5,
    0x23, 0x8B, 0x75, 0x64, 0xE1, 0x7E, 0xBD, 0x53, 0x2F, 0x55, 0x4F, 0xB4, 0xFA, 0xF5, 0x35, 0xB0,
    0x0C, 0x74, 0x89, 0x02, 0x32, 0xD5, 0xA7, 0x64, 0xE4, 0x61, 0x82, 0xBC, 0x24, 0xAC, 0xEF, 0x16,
    0x7C, 0xC3, 0x79, 0x4E, 0x48, 0x3E, 0x50, 0xCC, 0xB0, 0x25, 0xA3, 0x17, 0x0C, 0xC9, 0x48, 0x50,
    0x2B, 0x9F, 0xD5, 0xF1, 0xA1, 0x49, 0xCB, 0x5E, 0xA4, 0x64, 0x76, 0x21, 0x63, 0x34, 0xE4, 0x4D,
    0x66, 0x8E, 0x54, 0x9E, 0x76, 0xA6, 0xCC, 0xD1, 0x85, 0xE2, 0x99, 0x91, 0x2B, 0x00, 0xB3, 0x2D,
    0x4F, 0x23, 0x5A, 0xD8, 0x72, 0xBF, 0x01, 0x3B, 0x0C, 0x81, 0xD2, 0x7A, 0x59, 0xF2, 0x6E, 0xB0,
    0xAA, 0xE1, 0xC8, 0xEF, 0xB3, 0x04, 0x3B, 0xBF, 0xE3, 0xEA, 0x7A, 0xC0, 0xF2, 0x6C, 0x55, 0x7E,
    0xEB, 0x26, 0x46, 0xFE, 0xEF, 0x94, 0x56, 0xF7, 0xF8, 0xE6, 0x0E, 0x9F, 0x60, 0x62, 0x41, 0xC3,
    0xB2, 0x62, 0xEF, 0xCB, 0xDA, 0xD8, 0xE1, 0xA5, 0xAC, 0x97, 0xBF, 0x36, 0x76, 0x17, 0x58, 0xA9,
    0x9D, 0x70, 0x72, 0x46, 0x19, 0x9E, 0x07, 0x56, 0xDE, 0xE7, 0x37, 0xF2, 0x57, 0xD0, 0x42, 0xDD,
    0x8E, 0x8E, 0x8C, 0xB5, 0xBB, 0xFE, 0x3F, 0xAF, 0x89, 0x79, 0x3D, 0x96, 0xA7, 0x23, 0x35, 0xF0,
    0xFD, 0x4C, 0x76, 0xAB, 0x2B, 0xAB, 0xCD, 0x35, 0x3D, 0x5C, 0x95, 0xDA, 0x4F, 0x87, 0x3E, 0x24,
    0x7B, 0xF6, 0x70, 0x44, 0xDF, 0xC8, 0xF1, 0x7D, 0x39, 0xD8, 0x70, 0xA7, 0x14, 0x14, 0x3D, 0x71,
    0x3F, 0x24, 0xAB, 0xB4, 0x5D, 0x18, 0xA5, 0x63, 0x55, 0x78, 0x58, 0x91, 0xA9, 0x31, 0x26, 0x27,
    0x88, 0xC8, 0xD9, 0x18, 0x83, 0x13, 0xC4, 0xED, 0xBA, 0x4A, 0xB4, 0x4A, 0xC9, 0xE1, 0x60, 0x55,
    0xB2, 0x52, 0xFE, 0x22, 0xD7, 0xEA, 0x9E, 0x56, 0x67, 0x5A, 0x5D, 0xE8, 0xAA, 0xD4, 0xC5, 0x89,
    0xE5, 0x28, 0x95, 0xEE, 0xBA, 0xC1, 0x57, 0xE0, 0xC5, 0xEE, 0x0F, 0xDC, 0x3A, 0xE9, 0xB0, 0x53,
    0x32, 0xB1, 0x55, 0xDC, 0x63, 0x0C, 0x9F, 0x31, 0x6E, 0x9E, 0x7F, 0xFB, 0xAA, 0x08, 0xD8, 0xA5,
    0x6B, 0x4B, 0x12, 0xF2, 0x60, 0x69, 0x41, 0xC6, 0x6B, 0x3A, 0xAE, 0xCA, 0x0F, 0xB9, 0xBE, 0x84,
    0xA8, 0x03, 0x89, 0x4B, 0x8B, 0x38, 0x1C, 0x62, 0x85, 0xD2, 0xEF, 0xDE, 0xB8, 0x20, 0x00, 0x4F,
    0xF8, 0xA2, 0x4E, 0x05, 0xC1, 0xB2, 0xCD, 0x6A, 0x55, 0x3D, 0x88, 0xF8, 0xA1, 0x68, 0x46, 0xA4,
    0x9C, 0x0B, 0x45, 0x3F, 0x5D, 0xF9, 0xD1, 0x68, 0x18, 0xC8, 0xA8, 0x0D, 0x31, 0x86, 0x62, 0xA5,
    0x52, 0x64, 0x16, 0x1D, 0x40, 0x23, 0xB2, 0x7E, 0x03, 0x6C, 0x24, 0x5D, 0x16, 0xB9, 0x1F, 0x98,
    0x48, 0xB8, 0x98, 0xB2, 0xCD, 0x71, 0xB3, 0xEC, 0xC1, 0xB2, 0x85, 0xA4, 0x05, 0xFA, 0x25, 0xEF,
    0x9D, 0x54, 0x0E, 0x2A, 0x5B, 0x30, 0x00, 0xC2, 0xC6, 0x71, 0x4F, 0xB4, 0xA4, 0xEF, 0x25, 0xE5,
    0x85, 0x58, 0xF7, 0x89, 0x88, 0x55, 0x60, 0x18, 0x64, 0x6C, 0x99, 0x60, 0x1A, 0xF2, 0x42, 0xF2,
    0xA7, 0x4E, 0xC5, 0x5B, 0x99, 0xE0, 0x5E, 0xA6, 0xEA, 0x91, 0x50, 0x6C, 0xE9, 0x8D, 0xBC, 0x07,
    0x5D, 0x08, 0x8A, 0xBE, 0xC4, 0x02, 0x2A, 0xB0, 0x28, 0x6E, 0x1B, 0x8F, 0x4A, 0xBC, 0x48, 0x1C,
    0x09, 0xB4, 0x09, 0x14, 0x98, 0x81, 0x83, 0xCB, 0xC8, 0xB7, 0x84, 0x64, 0x2A, 0x28, 0x10, 0xF2,
    0x62, 0xF2, 0x70, 0xB1, 0x72, 0x34, 0x5F, 0x43, 0x01, 0xD6, 0x68, 0x5B, 0x01, 0x03, 0xCA, 0xBE,
    0x4E, 0x07, 0x80, 0xB7, 0x93, 0x8E, 0x35, 0x75, 0x02, 0x6E, 0x97, 0x3D, 0xF8, 0x8A, 0x73, 0x18,
    0x17, 0x5C, 0x26, 0x72, 0x0D, 0xC0, 0x23, 0x93, 0x03, 0x72, 0x10, 0x2A, 0x12, 0x10, 0xCC, 0xF4,
    0xEC, 0x46, 0xD6, 0xE2, 0x2B, 0x3A, 0xE8, 0xAF, 0x36, 0x3F, 0xFC, 0xD2, 0xA8, 0xF9, 0xF4, 0x2A,
    0x3C, 0x56, 0x19, 0x12, 0x8F, 0xFB, 0x35, 0x12, 0x57, 0x19, 0xD5, 0x24, 0x54, 0x93, 0x4F, 0x4D,
    0x3A, 0x35, 0xD9, 0x94, 0x92, 0xE9, 0x36, 0x10, 0xB9, 0x14, 0xA0, 0x29, 0x28, 0x23, 0x0E, 0x2A,
    0x82, 0x93, 0x27, 0xED, 0xB5, 0x11, 0x03, 0x6C, 0x11, 0xE9, 0xF1, 0x18, 0xE8, 0x8C, 0xFE, 0x4C,
    0xC6, 0x93, 0x00, 0x9D, 0xFC, 0x54, 0x1E, 0x91, 0x56, 0x68, 0x60, 0xD7, 0x82, 0xF1, 0xFF, 0x07,
    0x20, 0x61, 0x34, 0x06, 0x69, 0xBC, 0xCD, 0x46, 0x53, 0x07, 0x67, 0x6C, 0xC8, 0x85, 0xEF, 0xB0,
    0x51, 0x76, 0xC1, 0x63, 0x36, 0x8A, 0x3E, 0x18, 0xD8, 0x10, 0x89, 0xB4, 0xD7, 0xC6, 0x18, 0x77,
    0x6C, 0x08, 0x69, 0xA5, 0x7E, 0x52, 0x38, 0xA4, 0xA4, 0x66, 0x23, 0xDA, 0x67, 0x1B, 0x36, 0x42,
    0x97, 0x51, 0xC8, 0x90, 0x21, 0xDC, 0xB5, 0x46, 0xF3, 0xA1, 0x35, 0xCA, 0x9D, 0x6F, 0x6C, 0xA9,
    0x86, 0x1B, 0xB0, 0x72, 0x54, 0x03, 0x27, 0x43, 0x16, 0xDC, 0x05, 0x3E, 0xBB, 0x8F, 0x39, 0xC0,
    0x36, 0x69, 0xE3, 0x99, 0xFB, 0x7E, 0xCD, 0x7C, 0xAC, 0x32, 0x99, 0xBE, 0x7A, 0x2D, 0x7C, 0xAC,
    0xF5, 0xEC, 0x12, 0x7A, 0xA0, 0x3A, 0x4E, 0xF5, 0x71, 0x82, 0xA0, 0x6D, 0x3B, 0x0B, 0x3A, 0xC7,
    0xDC, 0xF7, 0xC0, 0xAA, 0xC9, 0x58, 0x72, 0x67, 0x00, 0x7B, 0x44, 0x3B, 0x30, 0xA8, 0xE1, 0x9E,
    0xFA, 0xB6, 0xC9, 0x74, 0x72, 0x27, 0x94, 0x7A, 0xBD, 0xDE, 0xAB, 0xCF, 0xE1, 0x33, 0xB7, 0xFA,
    0x7C, 0x7D, 0x97, 0xBE, 0x57, 0xF6, 0x11, 0xA8, 0xA2, 0xF6, 0x87, 0x7D, 0x33, 0x86, 0x9B, 0xBB,
    0xC1, 0xFD, 0x2D, 0x38, 0xB1, 0xF8, 0x4B, 0x29, 0x26, 0x1C, 0x05, 0x2F, 0x95, 0x8E, 0xE8, 0x7A,
    0x2D, 0x1D, 0xAF, 0xC0, 0xAD, 0x93, 0xE5, 0x8B, 0xA0, 0xFE, 0x08, 0x27, 0xDC, 0xC9, 0xC2, 0xCD,
    0x05, 0x7E, 0x0D, 0xF7, 0xFE, 0x12, 0x2A, 0x45, 0xEE, 0x63, 0xB9, 0x09, 0xEE, 0x75, 0x82, 0xAB,
    0x4F, 0xE6, 0xF6, 0xDC, 0x71, 0xA5, 0xEB, 0xA0, 0x4A, 0xD7, 0xDD, 0xAC, 0x74, 0x85, 0x30, 0x00,
    0x31, 0xE3, 0xF7, 0x55, 0xE9, 0xBA, 0x39, 0xA2, 0x74, 0xBD, 0xAE, 0x68, 0x78, 0x47, 0x7D, 0xBD,
    0xD2, 0x35, 0xBC, 0xAC, 0x74, 0xE5, 0x14, 0xF6, 0x5A, 0xEE, 0xE5, 0xAE, 0xA4, 0xC7, 0x26, 0x8B,
    0x7B, 0xEC, 0xB0, 0x70, 0x55, 0x06, 0x9D, 0xD7, 0x02, 0x7C, 0xD6, 0x65, 0xD3, 0xAB, 0xCA, 0xA7,
    0xB5, 0xF2, 0x92, 0x40, 0x2D, 0xF8, 0x4E, 0x18, 0x06, 0xA0, 0xF8, 0x78, 0xA0, 0x9A, 0x02, 0x2A,
    0x18, 0xC1, 0xF4, 0x49, 0x4B, 0xBE, 0x86, 0x02, 0x75, 0x0F, 0x66, 0x16, 0x03, 0x07, 0xE5, 0x10,
    0x4C, 0x7D, 0xAE, 0x73, 0x00, 0xB9, 0x3A, 0x9A, 0x4C, 0xA0, 0x56, 0x0E, 0xB4, 0xF9, 0x97, 0xFD,
    0x81, 0x40, 0xDD, 0xAA, 0x40, 0xBD, 0x59, 0x09, 0x80, 0xF1, 0xFE, 0x40, 0xA0, 0x56, 0xCB, 0x91,
    0x8A, 0xE3, 0x41, 0xAA, 0x77, 0xAB, 0xD8, 0x59, 0x3A, 0xF2, 0x74, 0x85, 0x89, 0x8F, 0xA6, 0x1D,
    0x29, 0x75, 0xBF, 0x59, 0x15, 0xEA, 0x35, 0x3A, 0x5B, 0xE1, 0xFB, 0xEE, 0xE7, 0xBA, 0xD1, 0x41,
    0xBF, 0xDC, 0x23, 0x27, 0xD4, 0x28, 0x01, 0x19, 0x2E, 0x3A, 0x61, 0xA0, 0x44, 0x90, 0x1A, 0x4B,
    0x25, 0xC3, 0x25, 0x18, 0x55, 0x6E, 0x71, 0xA7, 0x7B, 0xDC, 0xE9, 0x36, 0xBE, 0xB6, 0xB2, 0x2B,
    0x29, 0xF2, 0xC8, 0xF6, 0xD6, 0xA7, 0xE8, 0x33, 0x07, 0x7B, 0x43, 0xA8, 0xEF, 0xC3, 0x4A, 0xC0,
    0xDB, 0xAD, 0x2F, 0x9E, 0x3B, 0xB6, 0x7E, 0xAE, 0x3B, 0x5F, 0x2A, 0xE5, 0xB6, 0x2A, 0x92, 0x31,
    0x83, 0xCB, 0x13, 0x92, 0x01, 0x55, 0x86, 0xA0, 0xFF, 0x5C, 0x41, 0x0E, 0x58, 0xA7, 0x5B, 0x82,
    0x29, 0xDE, 0x53, 0xEF, 0x10, 0x3A, 0x12, 0xEB, 0xC0, 0xBD, 0x67, 0xCF, 0xE4, 0x1B, 0x0A, 0x85,
    0x67, 0x66, 0x32, 0xB7, 0x02, 0xD9, 0x54, 0x19, 0x85, 0xBE, 0xFD, 0xBC, 0xE2, 0x7D, 0x5B, 0x50,
    0x6E, 0xA1, 0xB9, 0x20, 0xB9, 0xC2, 0x1D, 0x27, 0xE4, 0x6A, 0xEB, 0x08, 0x97, 0x16, 0xAA, 0xA1,
    0x7A, 0xA8, 0x6B, 0x47, 0xFE, 0x50, 0x28, 0x4F, 0x21, 0x94, 0xA2, 0x72, 0x1D, 0x28, 0x41, 0xA3,
    0xD5, 0x57, 0x4A, 0xB1, 0xB1, 0x33, 0xC5, 0xC6, 0x6E, 0x56, 0x6C, 0x80, 0x2D, 0x3C, 0xD4, 0xEB,
    0x58, 0xA5, 0x22, 0x03, 0x57, 0x76, 0x40, 0x69, 0x6D, 0x55, 0x79, 0x1D, 0xB4, 0x55, 0x18, 0x74,
    0xBA, 0x7F, 0xE5, 0x2E, 0x41, 0xE4, 0x01, 0x22, 0x74, 0x8A, 0xCE, 0x84, 0x9D, 0x47, 0x8F, 0x2A,
    0xED, 0x9F, 0x2C, 0xE1, 0x9F, 0x81, 0xF3, 0x6C, 0x9E, 0xC7, 0x07, 0xAA, 0x94, 0xD3, 0x2B, 0xB2,
    0x6E, 0x2B, 0x86, 0x6E, 0xA0, 0x3D, 0x63, 0xCA, 0x74, 0xEE, 0x32, 0xB7, 0x47, 0x0B, 0x43, 0x10,
    0xD1, 0xA4, 0xD8, 0x1A, 0x45, 0x34, 0x4D, 0xFD, 0xFF, 0x63, 0x2D, 0x9D, 0x7C, 0x68, 0x26, 0x9C,
    0xFF, 0x69, 0xFF, 0x3F, 0x34, 0x30, 0x72, 0xDF, 0x9A, 0x6D, 0xD9, 0x73, 0x2B, 0x9F, 0x5B, 0xE9,
    0xDC, 0x8A, 0x8F, 0xB4, 0xA2, 0x23, 0x2D, 0x2A, 0x21, 0xA6, 0xC0, 0x6B, 0xAA, 0x82, 0xA7, 0xAA,
    0xF5, 0xBE, 0x50, 0x54, 0xF8, 0x44, 0xAB, 0xC7, 0x5A, 0x7D, 0x3F, 0xF0, 0x8A, 0xF1, 0xA3, 0x95,
    0x8A, 0x6E, 0x66, 0xAE, 0x50, 0x5D, 0x57, 0xA0, 0xDA, 0x02, 0x53, 0x54, 0x99, 0xB2, 0xCA, 0xB4,
    0x55, 0xC7, 0xAD, 0xCD, 0xCB, 0xDF, 0xEC, 0xCA, 0x86, 0xF7, 0x41, 0x8A, 0x86, 0x76, 0x6D, 0x1B,
    0x50, 0x79, 0xD5, 0x71, 0xF3, 0x3D, 0x57, 0xA9, 0xD0, 0xE3, 0x36, 0x8F, 0xDC, 0x66, 0xC1, 0xD0,
    0x0B, 0x65, 0x2F, 0x53, 0x3B, 0xF7, 0xE7, 0x56, 0xBB, 0x8D, 0x7E, 0x7F, 0xBF, 0xD7, 0x3A, 0x51,
    0x19, 0x11, 0x48, 0x48, 0xAF, 0x9F, 0xAC, 0x76, 0x27, 0xD6, 0xD3, 0xE1, 0xFD, 0x7C, 0x9E, 0xE0,
    0xF3, 0xA2, 0xA7, 0xB8, 0x28, 0x2C, 0x99, 0x22, 0xBD, 0x67, 0xEB, 0xF1, 0x98, 0x9E, 0xEC, 0x14,
    0x36, 0x0B, 0x3D, 0x57, 0xC6, 0x8C, 0x2C, 0xDA, 0x9A, 0xB3, 0xBB, 0xCC, 0xD4, 0xB9, 0xAB, 0x3C,
    0x9E, 0xB2, 0x77, 0xB8, 0xA3, 0xE8, 0xEF, 0x6B, 0x67, 0x30, 0x9F, 0xA6, 0xF0, 0xD8, 0x51, 0xE1,
    0xB1, 0xA1, 0x32, 0xA2, 0x84, 0x5A, 0xA2, 0x00, 0xB7, 0x7C, 0xDB, 0x63, 0x64, 0xA2, 0xAF, 0x69,
    0x2E, 0x1C, 0xAC, 0x92, 0x56, 0x5C, 0xC3, 0xAB, 0x4D, 0x54, 0x51, 0x7F, 0x0D, 0x0F, 0x98, 0x15,
    0x1E, 0x83, 0xCC, 0x78, 0xD6, 0xAB, 0x55, 0x7A, 0x54, 0xAB, 0xF4, 0x38, 0x5B, 0xA5, 0x65, 0x52,
    0x6D, 0xBA, 0x4B, 0x4C, 0x7F, 0x02, 0x65, 0x2B, 0xF8, 0x05, 0x05, 0x64, 0x40, 0x7A, 0x06, 0xC1,
    0xB0, 0xC4, 0xF0, 0xE9, 0x07, 0xD2, 0x5A, 0x83, 0x9C, 0x3C, 0x78, 0xC3, 0x14, 0xEC, 0x2E, 0x56,
    0x77, 0xC2, 0x06, 0xE8, 0xE9, 0x68, 0x8D, 0x78, 0x1B, 0x6B, 0x67, 0x97, 0xC6, 0xCE, 0xFF, 0xE9,
    0x6A, 0x03, 0x50, 0x6A, 0xD6, 0x0D, 0x3E, 0xA7, 0xF2, 0x4F, 0xC6, 0xFA, 0xE5, 0xBB, 0x0A, 0xFF,
    0xF6, 0xCC, 0xF7, 0x27, 0xF5, 0x3D, 0x8C, 0xD9, 0x67, 0x70, 0xC5, 0xCA, 0xF5, 0xC8, 0xB8, 0x0A,
    0x8C, 0x4B, 0x25, 0xA0, 0xE7, 0xAA, 0x0A, 0x71, 0xBA, 0x0E, 0x7F, 0x1E, 0xE4, 0xCF, 0xC1, 0xE4,
    0x09, 0x9B, 0xE1, 0xC8, 0xE5, 0xBA, 0xE0, 0x05, 0xFF, 0xAB, 0x95, 0x2E, 0x38, 0xC3, 0x32, 0x83,
    0xE9, 0xC6, 0xCD, 0x2C, 0x4D, 0x53, 0xEB, 0x66, 0x74, 0xAA, 0x7E, 0xA1, 0xDD, 0xDA, 0x79, 0x63,
    0x4F, 0x31, 0xF0, 0x5E, 0xBE, 0x0B, 0x0C, 0x28, 0x14, 0x93, 0xAA, 0xD6, 0x10, 0xB6, 0xA8, 0xDA,
    0xE2, 0x11, 0xCD, 0x23, 0x3E, 0x08, 0x2C, 0x7C, 0x0A, 0x9A, 0x55, 0x8C, 0xF2, 0x80, 0xB2, 0x93,
    0x3D, 0x2A, 0x23, 0x9E, 0x02, 0xAA, 0x4F, 0x2E, 0x4F, 0xB9, 0xAC, 0x29, 0xAA, 0xF4, 0x82, 0x52,
    0xD6, 0xB7, 0x76, 0xD0, 0x05, 0x97, 0x0A, 0x79, 0x53, 0x03, 0x98, 0x94, 0xED, 0x5B, 0xCD, 0x26,
    0x77, 0xDB, 0x6A, 0x88, 0xDC, 0xA3, 0x72, 0xF4, 0xF8, 0xEA, 0x7E, 0x0B, 0x83, 0x73, 0x0B, 0x40,
    0x61, 0x49, 0x08, 0x35, 0x07, 0xD7, 0x96, 0x3E, 0x57, 0x9D, 0x23, 0xF9, 0xA1, 0x80, 0x1C, 0x58,
    0xF0, 0x20, 0x15, 0x70, 0xBD, 0x53, 0x09, 0x6B, 0xF7, 0x97, 0x58, 0x48, 0xBF, 0x90, 0x25, 0x55,
    0xCB, 0x37, 0x45, 0x2B, 0x37, 0xE6, 0x1D, 0x86, 0xDA, 0x53, 0x65, 0x70, 0xA9, 0x68, 0xE6, 0x82,
    0x4E, 0x12, 0x25, 0x2E, 0x86, 0x0F, 0x46, 0x2B, 0x52, 0x49, 0x25, 0xD3, 0x44, 0xFD, 0xAC, 0x23,
    0x0A, 0xAA, 0x03, 0x5A, 0xBC, 0x69, 0xFF, 0x4E, 0x76, 0x2A, 0xA5, 0x56, 0x35, 0x57, 0xDC, 0x5C,
    0xE0, 0xD7, 0x4A, 0xFE, 0x10, 0xA2, 0xA7, 0xAE, 0x57, 0x4D, 0x8D, 0xFC, 0xDA, 0x6C, 0xB8, 0x36,
    0xB0, 0x2E, 0xB8, 0x38, 0x86, 0xB9, 0xC0, 0xAF, 0x39, 0x78, 0xBC, 0xAA, 0x85, 0x8C, 0x16, 0x18,
    0x36, 0x70, 0x13, 0x70, 0xB4, 0x7C, 0xFD, 0x14, 0x0A, 0x2B, 0xF9, 0xDC, 0xB5, 0xCF, 0xB7, 0x8D,
    0x3D, 0x39, 0xE9, 0x93, 0x4E, 0xB3, 0x12, 0x4D, 0xE5, 0xF8, 0x36, 0x6A, 0xD4, 0x87, 0x8A, 0xFA,
    0x9C, 0xCC, 0xF4, 0xE0, 0xC7, 0xCB, 0x9C, 0xE5, 0x5B, 0x2C, 0xEF, 0xB2, 0x7C, 0xDB, 0x54, 0xE4,
    0x4B, 0xF9, 0x80, 0xE5, 0x13, 0x96, 0x83, 0x19, 0x72, 0x40, 0xCD, 0xBA, 0x59, 0x61, 0xDE, 0x5A,
    0x09, 0x8F, 0x89, 0x76, 0xCF, 0x79, 0xDB, 0x91, 0x6A, 0x91, 0x61, 0x6E, 0xC7, 0x55, 0x39, 0xAC,
    0xA9, 0x14, 0xA4, 0x8A, 0x10, 0x20, 0x4C, 0xB1, 0xD2, 0x72, 0x2C, 0x32, 0xD9, 0x64, 0x8D, 0x6C,
    0x25, 0x99, 0x97, 0x06, 0x14, 0x83, 0x05, 0xD7, 0xFC, 0xFC, 0x9E, 0xFA, 0x98, 0x4F, 0x4E, 0x69,
    0xE2, 0x61, 0x08, 0xFE, 0x3D, 0x05, 0xEA, 0x78, 0x17, 0x4F, 0xB6, 0x39, 0x2D, 0xDD, 0x8F, 0x9C,
    0x4B, 0xDD, 0xE0, 0x6B, 0x91, 0x97, 0x8A, 0x11, 0xB8, 0xEA, 0x5D, 0xB8, 0x18, 0x6C, 0xB1, 0xC4,
    0x64, 0xA2, 0x7A, 0xF4, 0x38, 0x1B, 0x20, 0x73, 0xC5, 0x5D, 0x36, 0x64, 0xD4, 0xE8, 0x67, 0x83,
    0xAE, 0xBC, 0x6C, 0x78, 0xC7, 0x88, 0xEA, 0xCE, 0xA8, 0xE1, 0x9E, 0x8C, 0x2B, 0x17, 0x96, 0xBC,
    0x2F, 0x1B, 0xD0, 0x05, 0xB9, 0x6B, 0x00, 0x76, 0x28, 0x7A, 0xB4, 0xD0, 0xA3, 0x6C, 0x80, 0xCC,
    0xD4, 0x6C, 0xB8, 0x10, 0xE0, 0x00, 0x84, 0x97, 0x0B, 0x5F, 0x28, 0xEF, 0x97, 0x6D, 0x37, 0x46,
    0xD8, 0x39, 0x63, 0xF3, 0x08, 0x75, 0xBA, 0xBD, 0xAD, 0xCA, 0xE9, 0x4D, 0x53, 0x97, 0xDD, 0x24,
    0x97, 0xEE, 0xE5, 0xF3, 0x9B, 0x3A, 0x5B, 0xBD, 0xB2, 0x03, 0xB2, 0x80, 0xA9, 0x40, 0x99, 0x4C,
    0x15, 0x0D, 0xEB, 0x9C, 0x2E, 0x84, 0x07, 0xF2, 0x01, 0x5F, 0x2B, 0xD8, 0x67, 0x6C, 0xEA, 0xBC,
    0x97, 0xDD, 0x54, 0xDF, 0xA6, 0x1B, 0x53, 0x57, 0x81, 0xF1, 0x44, 0x29, 0xEF, 0xBD, 0xEA, 0x99,
    0x93, 0xB0, 0xCC, 0x59, 0x56, 0x28, 0xC3, 0x9F, 0xA2, 0x4C, 0x3E, 0x46, 0x99, 0xF3, 0x9A, 0x87,
    0x28, 0xF7, 0x23, 0xF5, 0x45, 0x1D, 0x4B, 0xE2, 0xBA, 0xFD, 0xE5, 0x47, 0xE9, 0xF3, 0xD7, 0x6F,
    0x0C, 0xBE, 0x26, 0xFF, 0x08, 0x5F, 0x88, 0xB0, 0x9B, 0x9C, 0x52, 0x15, 0x14, 0x71, 0x99, 0xA9,
    0x0B, 0x9E, 0x5D, 0xD6, 0x06, 0x7F, 0x91, 0xBD, 0x95, 0x92, 0xBB, 0x13, 0x25, 0xE6, 0xA8, 0x37,
    0x97, 0x19, 0xEA, 0x93, 0x51, 0x3E, 0xA1, 0xB2, 0x96, 0x3A, 0x57, 0x2E, 0x93, 0x5D, 0xAE, 0x14,
    0x7A, 0xC3, 0x52, 0xBF, 0xE9, 0x51, 0x66, 0xA3, 0x11, 0x16, 0x5C, 0xAF, 0x5A, 0x59, 0x55, 0xCA,
    0x56, 0xAD, 0xA9, 0x6D, 0xE5, 0xF9, 0x19, 0x67, 0x27, 0x06, 0x4D, 0xEE, 0x84, 0xED, 0x7B, 0xE9,
    0xCD, 0x7B, 0xF3, 0xA6, 0x2E, 0xCC, 0xE4, 0x85, 0xF2, 0xDC, 0x0C, 0x5E, 0x52, 0x46, 0x54, 0x30,
    0xCA, 0xCC, 0x08, 0x1F, 0xE7, 0x7A, 0xD9, 0x23, 0x6D, 0xB5, 0x89, 0xB0, 0xB5, 0xCC, 0x6E, 0xE7,
    0xB8, 0x25, 0x81, 0x68, 0x23, 0xD7, 0x43, 0x8B, 0x1A, 0x43, 0xB5, 0xDA, 0x41, 0x6F, 0x1C, 0x7F,
    0x22, 0x1B, 0xBF, 0x6A, 0xE3, 0x1F, 0xCB, 0xCD, 0x82, 0x0A, 0xFF, 0xEB, 0x36, 0xB8, 0x27, 0x95,
    0x40, 0xFE, 0x4C, 0xAA, 0x1F, 0xED, 0x83, 0x27, 0x52, 0x7D, 0xE4, 0x02, 0x11, 0xF0, 0xE3, 0xD6,
    0xFD, 0xF6, 0x80, 0xAA, 0xFA, 0x41, 0x87, 0xAA, 0xFC, 0xB8, 0x45, 0x55, 0xFC, 0xCF, 0x1A, 0x55,
    0x06, 0x52, 0x10, 0xB7, 0x29, 0xAB, 0x2E, 0xD9, 0x53, 0x0D, 0x08, 0x92, 0xDB, 0x3B, 0x17, 0x6E,
    0x33, 0x76, 0x62, 0x60, 0xD5, 0x35, 0xAB, 0xC5, 0x90, 0x9E, 0xE8, 0x54, 0x36, 0x6B, 0x34, 0x5F,
    0xC6, 0xDF, 0x4C, 0x9F, 0x3F, 0x2F, 0x03, 0x79, 0x6F, 0x70, 0x47, 0xE8, 0x60, 0x08, 0x5E, 0x25,
    0x19, 0x85, 0x42, 0x90, 0x56, 0x90, 0x89, 0x21, 0xFD, 0x68, 0xAE, 0x23, 0x36, 0x87, 0x45, 0xCF,
    0xEB, 0x84, 0x85, 0xC8, 0x5B, 0xDE, 0x2B, 0x7B, 0xB6, 0x12, 0x6C, 0x27, 0xA4, 0x83, 0x4F, 0xE6,
    0x3B, 0x54, 0x4F, 0x45, 0xBB, 0xDC, 0xA3, 0xF4, 0xD8, 0x42, 0x7D, 0x8D, 0xFF, 0x31, 0x4C, 0x68,
    0xCB, 0x64, 0x80, 0x1D, 0xCB, 0xDE, 0x8D, 0xEC, 0xC3, 0x88, 0x11, 0xA7, 0x3F, 0xEF, 0xD0, 0x01,
    0x5A, 0x2C, 0xE3, 0xC9, 0x9B, 0x42, 0x48, 0xD7, 0x94, 0x0A, 0x2A, 0xF1, 0x53, 0x3A, 0x78, 0xAC,
    0x5C, 0x5D, 0x53, 0x6D, 0x78, 0x2F, 0x95, 0x5A, 0xE0, 0x77, 0x6A, 0x11, 0x18, 0xE2, 0xE9, 0x59,
    0x0E, 0x52, 0xD9, 0x80, 0x6A, 0xEE, 0xEE, 0x4C, 0x5E, 0x50, 0xBE, 0xB9, 0x54, 0x1F, 0x10, 0x15,
    0xA2, 0xB5, 0x14, 0xC2, 0x81, 0x35, 0x3B, 0xC2, 0x15, 0x4C, 0x20, 0x0A, 0x5D, 0xD0, 0x87, 0x02,
    0xE3, 0x0B, 0x01, 0xF6, 0x9B, 0x26, 0x8F, 0x1C, 0xFD, 0x34, 0xA6, 0x7A, 0x24, 0x1F, 0xD9, 0x07,
    0xDF, 0x14, 0xB1, 0xE3, 0x21, 0xE7, 0x21, 0x57, 0xB1, 0x94, 0x2A, 0xC3, 0x5E, 0xB6, 0x6D, 0xDC,
    0xCB, 0x93, 0xA3, 0x5E, 0x16, 0x65, 0xA8, 0x05, 0x28, 0x78, 0xF7, 0xAA, 0x26, 0xF1, 0x54, 0xC9,
    0xDC, 0xA0, 0x45, 0xE5, 0xFA, 0xCC, 0x0D, 0x95, 0xEB, 0xA4, 0x4C, 0x15, 0x38, 0x13, 0xE4, 0x33,
    0x70, 0x21, 0xB4, 0x49, 0x41, 0xCD, 0x24, 0xDC, 0xE0, 0x08, 0x48, 0x46, 0x24, 0x22, 0x20, 0x4D,
    0xC2, 0x3F, 0xC0, 0xD8, 0x38, 0x40, 0x14, 0x4C, 0x07, 0xA0, 0xD3, 0x78, 0x4B, 0xEC, 0x03, 0x7B,
    0x96, 0xF0, 0xDC, 0x24, 0x53, 0x13, 0x75, 0x26, 0x0D, 0xD5, 0x79, 0x64, 0xB0, 0x68, 0x20, 0xF2,
    0x8E, 0x30, 0xE4, 0xA6, 0x4C, 0x96, 0x54, 0xCF, 0xF0, 0x9C, 0x48, 0xF7, 0xDE, 0xA2, 0x75, 0x89,
    0x48, 0xB1, 0x4D, 0x5F, 0xD1, 0xCD, 0x9C, 0xBF, 0xA0, 0xEB, 0x9E, 0x25, 0x9F, 0x46, 0x7F, 0x35,
    0xF3, 0x59, 0xBC, 0xB1, 0xBC, 0x4D, 0x6F, 0x46, 0x0A, 0xA2, 0xF1, 0x5E, 0x28, 0x65, 0x0B, 0xAA,
    0x98, 0x0B, 0x85, 0x14, 0x2A, 0x3B, 0x96, 0x35, 0x68, 0x62, 0x25, 0x94, 0x31, 0xDA, 0x37, 0xA0,
    0xC3, 0x13, 0xA8, 0x63, 0xA0, 0xA5, 0xBB, 0x52, 0x4E, 0x7A, 0x0D, 0xAE, 0x87, 0xF2, 0x0F, 0xF7,
    0x16, 0x1D, 0x9E, 0x83, 0x67, 0xCA, 0x6F, 0x13, 0x9E, 0x6F, 0x42, 0x6F, 0xAA, 0x5E, 0x94, 0x27,
    0xF4, 0x50, 0xA1, 0x44, 0xFF, 0x52, 0x2D, 0x4B, 0x27, 0xAB, 0xB3, 0x95, 0xB2, 0x12, 0x54, 0xEC,
    0x5A, 0xD0, 0xD7, 0xAA, 0x05, 0xE4, 0xE5, 0x65, 0x24, 0xF0, 0x84, 0xF9, 0xF6, 0x8C, 0x30, 0x7F,
    0x4C, 0x68, 0x77, 0x8B, 0x9A, 0x57, 0x3D, 0x68, 0x4A, 0x3E, 0xF9, 0x3F, 0x61, 0xEA, 0xA3, 0x7E,
    0xA2, 0xC3, 0x0C, 0xB4, 0xDE, 0x19, 0x05, 0x87, 0x7B, 0x86, 0x8A, 0x85, 0x45, 0x89, 0x88, 0x73,
    0x2A, 0x2C, 0xBB, 0xA1, 0x61, 0x39, 0x63, 0xBC, 0xE6, 0xA5, 0x30, 0xDE, 0xAB, 0x79, 0xD8, 0xB2,
    0x7C, 0x7F, 0xF1, 0x77, 0xD0, 0x95, 0x32, 0x2C, 0xCE, 0x70, 0xEA, 0x60, 0x15, 0xAE, 0x7D, 0x1B,
    0xB4, 0xFC, 0xC0, 0x13, 0xEB, 0x9E, 0xDD, 0x96, 0xB2, 0x53, 0xC4, 0x72, 0xFA, 0xDB, 0x23, 0x55,
    0xDA, 0xB9, 0xDA, 0x14, 0x6E, 0x52, 0xDE, 0x9E, 0xFE, 0xF5, 0xCD, 0x78, 0x60, 0x6F, 0x1C, 0x82,
    0xBE, 0xDA, 0xB9, 0xFF, 0xEE, 0xDC, 0x3F, 0x45, 0xC7, 0xFF, 0x1B, 0x6B, 0x65, 0xAA, 0x2A, 0x65,
    0xBD, 0x15, 0x21, 0x7D, 0xAE, 0x75, 0xA2, 0x75, 0xA7, 0x06, 0x24, 0xF7, 0xF3, 0x59, 0xB3, 0x83,
    0xFE, 0xFD, 0xE9, 0x41, 0x3F, 0x05, 0x09, 0x7E, 0xE1, 0xFD, 0x6C, 0xDF, 0x77, 0x87, 0x3F, 0x81,
    0xE9, 0xC8, 0x8D, 0x13, 0x2B, 0x3D, 0x8F, 0x6E, 0x75, 0x76, 0x4D, 0x9D, 0xAE, 0xF4, 0x4D, 0xEA,
    0x30, 0x0B, 0xFF, 0x11, 0xDA, 0x17, 0x2E, 0x38, 0x6F, 0x74, 0x38, 0x0A, 0x1E, 0xB3, 0xFC, 0xE0,
    0xC8, 0xDC, 0x52, 0x1F, 0xA1, 0xD2, 0x39, 0x78, 0x00, 0xE5, 0x8F, 0x88, 0x6B, 0xB3, 0xDE, 0xA4,
    0xFF, 0xA5, 0xEC, 0xED, 0xAF, 0x09, 0xAF, 0x7C, 0xDF, 0x5B, 0x9E, 0x9E, 0x91, 0x30, 0x64, 0x6E,
    0xD2, 0x6A, 0x4F, 0x92, 0xD1, 0x74, 0xE6, 0x10, 0x7B, 0x4A, 0x85, 0x67, 0xB0, 0x72, 0xFA, 0x25,
    0xBC, 0x40, 0xF8, 0x2A, 0x05, 0x5C, 0x6F, 0xF0, 0x3B, 0xA8, 0xFA, 0xF9, 0x92, 0x14, 0x37, 0x34,
    0x1D, 0xC0, 0x28, 0x6F, 0x47, 0x87, 0xAC, 0x2F, 0xC1, 0xEC, 0x2E, 0xFD, 0x62, 0x35, 0xCF, 0x33,
    0x85, 0x02, 0x5F, 0xCE, 0xE7, 0x5E, 0x23, 0x49, 0x16, 0x1D, 0x47, 0xBF, 0x48, 0x92, 0xB7, 0xD1,
    0x77, 0x8A, 0x0D, 0x45, 0x07, 0xF6, 0xFF, 0x43, 0x79, 0xC6, 0xB7, 0xE8, 0x35, 0x47, 0x0D, 0x0E,
    0x19, 0x3B, 0x4C, 0x0C, 0x3F, 0x4A, 0x09, 0xF1, 0xDD, 0x74, 0x4B, 0x50, 0xD8, 0x03, 0x91, 0x61,
    0xA0, 0xB6, 0x10, 0xA1, 0x64, 0x90, 0xFB, 0xE9, 0x0B, 0x74, 0x9B, 0xF0, 0xEC, 0x42, 0x56, 0x6D,
    0x2E, 0x4F, 0x96, 0x35, 0xDB, 0x6C, 0xD0, 0x21, 0x61, 0x5C, 0xC0, 0xAA, 0x51, 0xD3, 0x21, 0x3C,
    0xF0, 0x48, 0xFD, 0x12, 0xBC, 0xD1, 0xF7, 0xC2, 0xF3, 0x0E, 0x54, 0x39, 0x69, 0xA5, 0x83, 0xF7,
    0x15, 0xBF, 0x74, 0x97, 0x2E, 0xF1, 0xF7, 0xD9, 0x53, 0xEC, 0x99, 0x7C, 0x83, 0xBD, 0x4F, 0xDF,
    0x8E, 0xBE, 0x44, 0x58, 0x24, 0x77, 0xD4, 0x45, 0xDB, 0x3D, 0x87, 0x4B, 0x50, 0x97, 0x8E, 0x14,
    0xAF, 0xAE, 0x16, 0xFC, 0x43, 0xBC, 0xA7, 0x9E, 0x04, 0x28, 0x3D, 0x67, 0xA1, 0x0A, 0x28, 0x29,
    0x9A, 0x9A, 0x0A, 0x14, 0xBB, 0x04, 0x1A, 0x8E, 0x16, 0x7E, 0xEF, 0x3D, 0x08, 0xF2, 0x7E, 0xC2,
    0x22, 0x0A, 0x17, 0xB3, 0x23, 0x3D, 0x23, 0xE9, 0x21, 0xAC, 0x28, 0xF1, 0xF1, 0x55, 0xDF, 0xE0,
    0xCF, 0x4B, 0x88, 0x0D, 0xC7, 0x04, 0xBB, 0x82, 0x1B, 0x81, 0x7E, 0x6B, 0x6A, 0x80, 0xBA, 0xFA,
    0xF3, 0x79, 0x75, 0x88, 0x92, 0x30, 0x8B, 0xF4, 0x70, 0x2D, 0x3B, 0xB5, 0x70, 0x9A, 0xFB, 0x89,
    0x2F, 0x48, 0x1E, 0x84, 0xAA, 0xC6, 0xFB, 0x2E, 0x1F, 0x62, 0x18, 0x02, 0x61, 0x5F, 0xDF, 0x92,
    0xDD, 0x25, 0x4D, 0x78, 0xC5, 0x82, 0x44, 0x52, 0xD6, 0x99, 0x15, 0x47, 0xB6, 0x16, 0x4D, 0x6C,
    0xA3, 0x8F, 0x5D, 0x82, 0xFD, 0x38, 0x82, 0xAA, 0x82, 0xBC, 0xCE, 0xAF, 0xD5, 0x6A, 0x5B, 0x9E,
    0xF4, 0x77, 0x70, 0x5A, 0xA0, 0xF3, 0x5F, 0x3F, 0x88, 0x67, 0x7A, 0xED, 0x7A, 0x9A, 0x85, 0x81,
    0x8D, 0x76, 0x32, 0x41, 0xF0, 0x55, 0xF8, 0x50, 0x44, 0xFB, 0x77, 0x9A, 0x35, 0xC3, 0xEA, 0xC0,
    0xA8, 0x4F, 0xD7, 0x31, 0xB0, 0xB7, 0x8C, 0x81, 0xBD, 0xF0, 0x0C, 0x2C, 0x64, 0x69, 0xEC, 0x96,
    0x52, 0xA4, 0x94, 0x0F, 0x65, 0xDA, 0xE1, 0x0A, 0xB5, 0x0B, 0xBE, 0x11, 0x4C, 0xC6, 0xA3, 0x94,
    0xE6, 0xB0, 0x16, 0x42, 0x73, 0x91, 0x63, 0x41, 0x81, 0x92, 0xE6, 0xC3, 0x9B, 0x41, 0x32, 0x3C,
    0xA6, 0x5F, 0x63, 0x3C, 0x88, 0x80, 0x20, 0x12, 0xCB, 0x82, 0x05, 0x02, 0x6C, 0x4D, 0x53, 0x6E,
    0x07, 0xAB, 0x38, 0x9F, 0x66, 0x87, 0xFF, 0xC9, 0xCB, 0x72, 0x1C, 0xCE, 0x54, 0xE0, 0x0F, 0xC2,
    0x61, 0x8A, 0xB7, 0x82, 0x0F, 0xA4, 0x7C, 0x10, 0x0E, 0x9F, 0xF6, 0xB1, 0x3E, 0x54, 0x28, 0x78,
    0x48, 0x75, 0xA3, 0x83, 0xE9, 0xD4, 0xB6, 0x82, 0x2B, 0x5C, 0xE8, 0x82, 0xD3, 0xFF, 0x4D, 0x40,
    0x48, 0xE9, 0xE8, 0x04, 0x8F, 0xC6, 0x4A, 0x14, 0x23, 0xB3, 0xA3, 0xE4, 0xE6, 0x04, 0x78, 0x52,
    0x05, 0x07, 0x5C, 0x54, 0xA0, 0x46, 0x08, 0x34, 0xD9, 0xB1, 0x12, 0x0E, 0x9F, 0x4F, 0x71, 0x2A,
    0x9B, 0x3B, 0xE5, 0x05, 0x9D, 0x4A, 0xE7, 0x4E, 0xC5, 0x73, 0x47, 0xF9, 0x3C, 0xDC, 0x43, 0xFD,
    0x2A, 0xF7, 0xB9, 0x1E, 0x1A, 0xDE, 0xA1, 0xDA, 0x24, 0x6A, 0x3A, 0x6B, 0xCD, 0x21, 0x54, 0x6B,
    0x65, 0x25, 0x02, 0xAF, 0x23, 0x3F, 0xBD, 0x3E, 0x08, 0xB6, 0xD9, 0xE9, 0xF7, 0x91, 0xB3, 0xBF,
    0x53, 0xD2, 0x3B, 0x81, 0x95, 0xA8, 0x6A, 0xBC, 0x1F, 0x71, 0x66, 0x8A, 0x43, 0xCC, 0xA3, 0x01,
    0x8E, 0x8C, 0xAA, 0x23, 0x63, 0x99, 0xAC, 0x68, 0xFD, 0xDA, 0x9D, 0xF5, 0x90, 0x13, 0x48, 0x69,
    0x88, 0xAD, 0x80, 0x32, 0x80, 0x1E, 0x02, 0xE2, 0x07, 0x3A, 0xE0, 0x6C, 0x5F, 0xB3, 0x40, 0x9C,
    0x52, 0xB4, 0x05, 0xAA, 0x00, 0xDB, 0x3B, 0xA8, 0xAC, 0xF3, 0x1F, 0x02, 0x1F, 0xE3, 0x18, 0xC4,
    0xE3, 0x12, 0x14, 0xA2, 0x11, 0xA7, 0xE7, 0x2B, 0xA7, 0xFA, 0x03, 0x4D, 0xD5, 0x17, 0xA8, 0x2B,
    0x22, 0xDE, 0xF2, 0x72, 0x5D, 0xA2, 0x7C, 0xBA, 0xDA, 0x9C, 0x75, 0xED, 0xAB, 0x60, 0x17, 0x05,
    0x5F, 0x26, 0xED, 0xDA, 0x31, 0x5D, 0x20, 0x5D, 0xE7, 0x4C, 0x17, 0xE8, 0xC6, 0x63, 0xD4, 0x4C,
    0xD6, 0x44, 0xE1, 0xFA, 0x0A, 0x9C, 0x00, 0x84, 0x8C, 0x48, 0x3D, 0x1C, 0x14, 0x23, 0x6D, 0xC1,
    0xE0, 0xC0, 0x81, 0xBB, 0x21, 0x79, 0xAE, 0x88, 0xBE, 0xCB, 0x1A, 0xE0, 0x16, 0x19, 0x13, 0x4F,
    0x56, 0xA1, 0xAD, 0xCF, 0x09, 0xA5, 0x92, 0xD3, 0x7B, 0x4E, 0xBD, 0x2D, 0x05, 0xE5, 0x1D, 0x05,
    0xE5, 0x69, 0x5C, 0x84, 0x5A, 0x7A, 0x1C, 0xAB, 0x8B, 0x91, 0x89, 0xCB, 0xEA, 0xD3, 0x9C, 0xAD,
    0x78, 0xE1, 0xF3, 0xC5, 0x57, 0x81, 0x54, 0xC5, 0x8B, 0xCB, 0xED, 0x62, 0x28, 0x53, 0xCD, 0x0A,
    0xB5, 0x2C, 0x2F, 0x2B, 0x18, 0xBD, 0xF4, 0x7A, 0x26, 0xF0, 0x55, 0x7B, 0xA4, 0x9A, 0x24, 0x79,
    0x7F, 0xBF, 0x88, 0xA4, 0xC5, 0x66, 0x59, 0xC9, 0xF9, 0x8A, 0x73, 0xCF, 0xCC, 0x49, 0xB9, 0x81,
    0x21, 0xA4, 0x50, 0xD3, 0x50, 0x35, 0xFC, 0x15, 0xCC, 0x29, 0xBD, 0xBA, 0x41, 0xD3, 0x97, 0x75,
    0x4B, 0xC7, 0xA3, 0x11, 0xAB, 0x4B, 0x7E, 0x85, 0x9D, 0x76, 0x87, 0x5F, 0x13, 0xCE, 0x81, 0x05,
    0x01, 0x71, 0xDD, 0x60, 0xE5, 0x6E, 0xBD, 0x33, 0xC5, 0x96, 0xBF, 0x3A, 0xCC, 0x4D, 0x08, 0xFB,
    0xCF, 0x26, 0x1C, 0xBC, 0x16, 0x68, 0xA0, 0x69, 0xAC, 0xA1, 0xD7, 0xB8, 0x08, 0xF3, 0x50, 0x04,
    0x62, 0xCE, 0xDE, 0x2A, 0xBA, 0x94, 0x61, 0x43, 0x67, 0x79, 0x0F, 0xDD, 0x44, 0xD1, 0x9E, 0xA9,
    0xAC, 0x9D, 0x77, 0x8F, 0xB3, 0xE1, 0x6D, 0xBA, 0x5F, 0x0F, 0xE9, 0x08, 0xB9, 0x3B, 0xFB, 0x49,
    0x97, 0x6C, 0xC1, 0x88, 0xA5, 0x3F, 0x6D, 0xE3, 0xE7, 0x74, 0xB6, 0x86, 0xD7, 0x9A, 0xFA, 0xCE,
    0xE2, 0x1D, 0xEA, 0x34, 0x4E, 0x5F, 0x1A, 0x76, 0x68, 0xF2, 0x9A, 0x8D, 0x1D, 0x25, 0x74, 0xEA,
    0xFD, 0xAB, 0x11, 0xBA, 0xF4, 0x66, 0x23, 0xCB, 0x48, 0xF8, 0x22, 0xD9, 0xB7, 0x13, 0x78, 0x3D,
    0x99, 0xF2, 0x06, 0x1C, 0x13, 0x7C, 0xDD, 0x37, 0x82, 0x03, 0x64, 0xF2, 0x8B, 0x3A, 0xED, 0x51,
    0xE7, 0xAD, 0x6C, 0x33, 0x01, 0x63, 0xD6, 0x09, 0x86, 0x28, 0xE0, 0x25, 0x25, 0xB0, 0xB9, 0x67,
    0xA6, 0xC1, 0x73, 0x2C, 0x2C, 0x99, 0xE6, 0x0B, 0x70, 0x1B, 0x19, 0xBD, 0xB1, 0xA2, 0xDD, 0xB7,
    0x1B, 0x92, 0xB6, 0xDD, 0x59, 0x45, 0x0F, 0xF9, 0xE9, 0xBB, 0xE5, 0xEF, 0x61, 0x46, 0x9A, 0x0F,
    0x8A, 0x3F, 0xD3, 0x05, 0x97, 0x4F, 0xEA, 0xFC, 0xAE, 0xEE, 0x42, 0xE4, 0x5E, 0x31, 0x61, 0x35,
    0x3D, 0x84, 0xC9, 0x39, 0x9B, 0xEB, 0x08, 0x91, 0xFC, 0x5A, 0x6D, 0x41, 0xDD, 0xA8, 0x95, 0x5B,
    0xA1, 0x2F, 0x1D, 0x0C, 0x15, 0xF2, 0x96, 0x5E, 0x48, 0x47, 0x7B, 0x49, 0xCD, 0x41, 0x5D, 0x88,
    0x86, 0x93, 0x6A, 0x2C, 0xA9, 0x06, 0x92, 0x6A, 0x14, 0x29, 0x02, 0x22, 0xB7, 0x87, 0x22, 0xD6,
    0x5C, 0x6E, 0x35, 0xDA, 0x52, 0x63, 0x25, 0x35, 0x50, 0x52, 0x89, 0xA1, 0x86, 0x48, 0x2E, 0xEC,
    0x5F, 0xF2, 0x62, 0x15, 0xD8, 0x71, 0x96, 0xF0, 0xA8, 0x18, 0xF4, 0x77, 0xFA, 0x7C, 0xE2, 0x21,
    0x2A, 0x0A, 0xAE, 0xF1, 0x5E, 0x8C, 0x76, 0x09, 0x56, 0xA0, 0xD7, 0xDB, 0xA9, 0x47, 0x24, 0xCC,
    0xCA, 0xEA, 0xE5, 0xEC, 0x46, 0x58, 0xD8, 0x05, 0x19, 0x10, 0xB3, 0xEE, 0xCD, 0xD9, 0x11, 0x18,
    0x03, 0x78, 0x6E, 0x50, 0xB9, 0x94, 0xAE, 0x6E, 0x18, 0x6E, 0xA7, 0x35, 0x3D, 0x2E, 0xCC, 0xC2,
    0xBB, 0xD4, 0xDC, 0x56, 0xA3, 0xD5, 0x5C, 0xE3, 0xA5, 0xFD, 0xBD, 0xBC, 0x7C, 0xBD, 0x7F, 0x8E,
    0xD5, 0x59, 0x7F, 0x48, 0x7D, 0x53, 0xF5, 0xF3, 0xE6, 0x58, 0xFF, 0x11, 0x3D, 0xB5, 0xE1, 0xC1,
    0x48, 0xCF, 0xA3, 0x70, 0x9F, 0xD0, 0x1F, 0x4D, 0x39, 0x99, 0x94, 0x83, 0x82, 0x6A, 0x84, 0xB4,
    0x0A, 0xFC, 0xA2, 0x54, 0x91, 0x8E, 0x0A, 0x7C, 0x3D, 0x5F, 0xC6, 0x31, 0x09, 0xEF, 0xB8, 0x57,
    0x33, 0xF5, 0x6C, 0xBF, 0x9E, 0x2B, 0x37, 0x77, 0x7F, 0xA3, 0x55, 0x3D, 0x1B, 0xBD, 0x7D, 0x65,
    0x57, 0x82, 0xAB, 0xB4, 0x01, 0xA1, 0x12, 0xDE, 0x12, 0xDD, 0xDE, 0x06, 0x0F, 0x93, 0x89, 0x8E,
    0x02, 0xF2, 0xF6, 0x90, 0x8A, 0x22, 0xD5, 0x8B, 0xFB, 0x64, 0x13, 0x07, 0x8E, 0x4E, 0x08, 0xAF,
    0x20, 0x9A, 0xA1, 0xF0, 0x10, 0xDC, 0xD5, 0xE8, 0xB2, 0x73, 0xC5, 0x43, 0x0F, 0x14, 0xA9, 0x6E,
    0x35, 0xBA, 0x8C, 0xD6, 0xB1, 0x20, 0xD2, 0xE8, 0xB2, 0xB8, 0x37, 0x5F, 0x52, 0xDA, 0xD4, 0x52,
    0xE5, 0xB7, 0xB2, 0xF7, 0xA0, 0x40, 0x0F, 0xF2, 0x6C, 0x80, 0x20, 0x56, 0x66, 0xF4, 0xBF, 0xBE,
    0xA7, 0xE6, 0xB5, 0x0B, 0x41, 0x0D, 0xF2, 0x98, 0x1D, 0x8D, 0x6C, 0xE1, 0x48, 0x1B, 0x5B, 0x34,
    0x50, 0x42, 0x8E, 0xB5, 0x4A, 0x7A, 0x1A, 0xDA, 0x72, 0xFC, 0x06, 0x2F, 0x0C, 0xB9, 0x1D, 0x9D,
    0x67, 0x35, 0xAB, 0xE9, 0xFA, 0x05, 0xEF, 0xFF, 0x67, 0xD2, 0x80, 0x7F, 0x50, 0x95, 0x9D, 0x86,
    0xBA, 0xA9, 0xE2, 0xAE, 0xA2, 0xAE, 0xB4, 0x54, 0x8F, 0x46, 0xD0, 0x15, 0x0D, 0x6F, 0x2B, 0x31,
    0x8C, 0x27, 0x25, 0xD6, 0xD1, 0x50, 0x0A, 0x42, 0x08, 0xFB, 0x12, 0x8C, 0x72, 0x57, 0x0A, 0x9E,
    0x4C, 0xDA, 0x52, 0xB0, 0x49, 0x56, 0x97, 0x60, 0xF4, 0xA4, 0x2D, 0x34, 0x5B, 0xAE, 0x91, 0xD7,
    0x6B, 0x89, 0x59, 0x25, 0xF4, 0xB4, 0x35, 0xC7, 0x4C, 0x99, 0x9F, 0xBF, 0x07, 0x23, 0x5B, 0x79,
    0xE3, 0x5B, 0x77, 0xAB, 0xDA, 0x5A, 0xE7, 0xA5, 0xE7, 0x9E, 0x08, 0x52, 0xB6, 0x08, 0x55, 0xB6,
    0x08, 0x58, 0xB4, 0x14, 0xB6, 0xE4, 0x2A, 0x08, 0xDE, 0x39, 0xB0, 0xDA, 0xB7, 0x4C, 0xFB, 0xAE,
    0x70, 0x66, 0xCC, 0x02, 0x41, 0x4D, 0x0D, 0x3E, 0xA1, 0xCD, 0x00, 0x06, 0x02, 0x1C, 0x2D, 0x85,
    0x39, 0x69, 0x2F, 0xC1, 0x0E, 0xC4, 0xAA, 0x90, 0x67, 0x68, 0x83, 0x02, 0x7F, 0x86, 0xFF, 0x32,
    0x05, 0xC9, 0x6A, 0x16, 0x76, 0xF3, 0x44, 0x2C, 0xAD, 0x81, 0xB3, 0x81, 0x1A, 0xF3, 0x01, 0x48,
    0x54, 0x36, 0x82, 0xBF, 0xB2, 0xFE, 0xFF, 0xC4, 0x7C, 0xF5, 0x7A, 0x73, 0xDD, 0xEB, 0xB4, 0xE7,
    0x9C, 0x1B, 0x2C, 0x52, 0xCC, 0x4E, 0x6C, 0x3E, 0x54, 0x73, 0xBD, 0xD3, 0x39, 0x02, 0x1F, 0x86,
    0x59, 0x92, 0x9A, 0xF3, 0x04, 0x5D, 0x3E, 0x67, 0x6A, 0xA7, 0x73, 0x05, 0xDE, 0xAC, 0xA4, 0x97,
    0x89, 0xCE, 0x57, 0xB2, 0xB3, 0x19, 0xDB, 0xD9, 0x6C, 0x59, 0xCD, 0xB8, 0x46, 0x2C, 0x9D, 0xCB,
    0x35, 0x30, 0x07, 0x18, 0x85, 0x64, 0x50, 0xF6, 0x00, 0x6C, 0xC9, 0x43, 0x63, 0x04, 0xB6, 0x9A,
    0x2D, 0x42, 0xC3, 0xA9, 0x8B, 0xD6, 0x14, 0xEF, 0x83, 0x52, 0xE1, 0x78, 0x7B, 0x6E, 0x01, 0x9D,
    0xA3, 0xF1, 0x39, 0xA4, 0xDA, 0xB1, 0x59, 0x96, 0xD3, 0x6D, 0xF9, 0x11, 0xA3, 0x2B, 0x65, 0x26,
    0x30, 0xF5, 0x48, 0xEB, 0x50, 0x92, 0xAF, 0x29, 0xDB, 0xA2, 0x53, 0xCE, 0x09, 0x7B, 0xA0, 0xAA,
    0x95, 0x6E, 0xC0, 0x89, 0x07, 0x8C, 0x24, 0x14, 0x1B, 0xEA, 0x38, 0x43, 0x36, 0x3D, 0xDA, 0xAB,
    0xA2, 0x03, 0x3B, 0xBC, 0x17, 0x52, 0x5C, 0x8C, 0x29, 0x30, 0x65, 0x5F, 0x3D, 0x12, 0x8A, 0xB0,
    0x11, 0x32, 0x6F, 0xC3, 0xF0, 0xA3, 0xDA, 0xD0, 0xE5, 0x58, 0x66, 0x24, 0xA7, 0x63, 0x8D, 0x8F,
    0xE8, 0xE1, 0x2E, 0x9F, 0x54, 0x05, 0x52, 0xBD, 0xD7, 0x2D, 0xEE, 0xAC, 0xB6, 0x59, 0x8B, 0xBF,
    0x9F, 0x1A, 0x08, 0xD2, 0xBF, 0xBB, 0xE3, 0x64, 0xD2, 0x2D, 0x17, 0x58, 0x09, 0xE1, 0xC1, 0x50,
    0xED, 0x8C, 0x64, 0x70, 0x31, 0x79, 0xC2, 0x38, 0x86, 0x3B, 0x75, 0xA3, 0x81, 0x85, 0x1B, 0xAC,
    0x8B, 0xD0, 0x24, 0x79, 0x58, 0xD9, 0x4F, 0x9B, 0xD2, 0x09, 0xEF, 0xAF, 0x82, 0x84, 0x5B, 0xBC,
    0xA4, 0xD9, 0x4C, 0xA6, 0x39, 0xF3, 0x02, 0x57, 0xE8, 0x86, 0x1A, 0x4A, 0x2E, 0xDB, 0x96, 0xB6,
    0x0B, 0x8A, 0xD8, 0x1A, 0xCE, 0x17, 0xEB, 0x0E, 0x8B, 0x6D, 0x4F, 0x84, 0x7B, 0x32, 0x71, 0x1A,
    0x15, 0xEF, 0xE3, 0x6E, 0x00, 0xC1, 0x07, 0xF3, 0x86, 0xEB, 0xC7, 0xD9, 0xA1, 0xFD, 0x67, 0xDD,
    0x8C, 0x33, 0x19, 0xD0, 0xEA, 0x9B, 0xF6, 0xDC, 0xBC, 0x77, 0x89, 0x6D, 0xDB, 0xB2, 0x75, 0xA1,
    0x6D, 0xA2, 0x72, 0xA3, 0x5E, 0x37, 0x88, 0x32, 0x83, 0xAE, 0x6D, 0x33, 0x3B, 0x88, 0x55, 0xF5,
    0xEC, 0x23, 0xA6, 0x5B, 0x0A, 0xCE, 0xEA, 0xE0, 0xB5, 0x74, 0x93, 0x30, 0x08, 0x54, 0xFD, 0x86,
    0x9C, 0x4F, 0xDA, 0x00, 0x77, 0x1D, 0xB0, 0x58, 0x13, 0x85, 0xAB, 0x3A, 0x61, 0xDC, 0x8E, 0xEB,
    0x0B, 0xB7, 0x47, 0xD0, 0x9A, 0xDB, 0x01, 0x4E, 0xFB, 0xA0, 0xEA, 0x4C, 0x6F, 0x3F, 0x04, 0x73,
    0x43, 0x6E, 0x11, 0x3C, 0x4E, 0x35, 0x11, 0x48, 0x92, 0x06, 0x21, 0x41, 0x62, 0xF3, 0x44, 0x67,
    0x67, 0x0C, 0x51, 0x6C, 0xA3, 0x69, 0x7E, 0xCF, 0x60, 0x54, 0x7E, 0xD2, 0xFA, 0xA1, 0x3E, 0x9B,
    0xC7, 0xCC, 0x51, 0x94, 0x1F, 0xEF, 0xB4, 0xE3, 0x0D, 0x67, 0x15, 0xF3, 0x46, 0xCD, 0x1D, 0xE6,
    0x71, 0x35, 0xB3, 0xAA, 0x8F, 0x11, 0x0A, 0xC4, 0xCD, 0x65, 0xF3, 0x9B, 0x08, 0xAA, 0x48, 0xA0,
    0xCA, 0x73, 0xBB, 0xA6, 0x43, 0xA0, 0x61, 0x2F, 0x03, 0xD1, 0x59, 0x8E, 0x3A, 0x4C, 0x1A, 0x12,
    0x85, 0x04, 0xEF, 0x82, 0xDF, 0xCB, 0x3F, 0x54, 0xAF, 0x76, 0xB8, 0x02, 0xD5, 0x60, 0x57, 0x84,
    0xF1, 0xEC, 0x04, 0x7D, 0x34, 0x58, 0xDA, 0x24, 0xE4, 0x84, 0xF8, 0x05, 0x8A, 0xEF, 0x18, 0x6F,
    0xCB, 0x82, 0xA1, 0x04, 0xCE, 0x3B, 0x11, 0x6B, 0x48, 0xED, 0xEC, 0xB5, 0xA8, 0x51, 0xCF, 0x58,
    0x9A, 0x16, 0x36, 0xD0, 0x7B, 0xBE, 0x68, 0x29, 0xF8, 0x1D, 0xFF, 0x0A, 0xCF, 0xCB, 0x3B, 0x0E,
    0x3D, 0xD8, 0x0A, 0xB6, 0x17, 0x2A, 0x57, 0x75, 0x97, 0xDD, 0x9D, 0x9A, 0xBA, 0xA9, 0x73, 0x38,
    0x92, 0x08, 0xB8, 0x6F, 0xBB, 0x67, 0xDC, 0xDA, 0x61, 0x9D, 0x6E, 0xA2, 0x31, 0xEE, 0x85, 0x4B,
    0xDB, 0x3D, 0x24, 0xFA, 0x0A, 0x9B, 0x2D, 0x86, 0x50, 0x97, 0x32, 0x50, 0x38, 0x18, 0x95, 0x02,
    0x92, 0xB7, 0xFC, 0xB2, 0xA4, 0x16, 0x2A, 0xEF, 0x90, 0xD1, 0x45, 0xB3, 0xBA, 0x14, 0x07, 0x7E,
    0x1C, 0x2B, 0x85, 0xD1, 0x48, 0xF3, 0xDD, 0x1F, 0x39, 0x79, 0xE3, 0xF3, 0xA0, 0xFA, 0x1F, 0xAA,
    0xCD, 0xDD, 0xF1, 0x73, 0x7B, 0xFB, 0x54, 0x78, 0x7E, 0x74, 0x23, 0x75, 0x8F, 0xEE, 0xCA, 0x57,
    0xB7, 0xE0, 0x0F, 0xBD, 0x23, 0xC6, 0xD2, 0x1A, 0xC1, 0x92, 0x9D, 0x46, 0xB0, 0x10, 0x13, 0x7C,
    0xDA, 0x3A, 0x62, 0xBD, 0x05, 0x37, 0x5D, 0xD2, 0x2C, 0xE6, 0x8C, 0x63, 0x85, 0x3E, 0x15, 0x69,
    0xA8, 0x8A, 0x51, 0x30, 0x56, 0x4B, 0x32, 0xAE, 0x61, 0x9D, 0x7F, 0x04, 0x15, 0xC3, 0xCD, 0x29,
    0x31, 0x0E, 0xEB, 0xA6, 0x5F, 0x07, 0x17, 0xCC, 0x75, 0xF0, 0x9B, 0x2B, 0x07, 0xF0, 0x13, 0xCB,
    0xCA, 0x05, 0x67, 0xD1, 0x80, 0x32, 0xD9, 0x09, 0x93, 0x75, 0xC6, 0xAD, 0x76, 0xC6, 0x6D, 0x78,
    0xC6, 0xD8, 0xC0, 0x33, 0x41, 0x04, 0x28, 0xF3, 0x55, 0x99, 0x5D, 0x29, 0xF5, 0xFB, 0xB7, 0x58,
    0x9E, 0xB3, 0x3C, 0x93, 0xE5, 0x78, 0x26, 0x98, 0xBD, 0x6A, 0xE5, 0xF9, 0x41, 0x39, 0x9E, 0x09,
    0xC2, 0xCB, 0x88, 0x29, 0x62, 0x45, 0xDC, 0xF7, 0x69, 0x7A, 0x7C, 0xB9, 0xDE, 0x5A, 0xB9, 0x0E,
    0x91, 0x6A, 0x36, 0x21, 0x95, 0x1F, 0x2A, 0x7F, 0x08, 0xA3, 0x0A, 0x34, 0x17, 0x0F, 0x05, 0xF5,
    0x96, 0xC0, 0x7E, 0xE1, 0x8E, 0x39, 0x3B, 0x7C, 0x88, 0xD4, 0x9D, 0xE7, 0x8A, 0x1F, 0x9F, 0x09,
    0x97, 0xB6, 0xB9, 0xA3, 0xAA, 0xAB, 0xFB, 0xCF, 0x4E, 0x0A, 0x91, 0x2A, 0x18, 0x22, 0x05, 0x8C,
    0x9D, 0x0C, 0x0C, 0x91, 0xEA, 0xD4, 0x8A, 0x2F, 0x33, 0x0B, 0x29, 0x6E, 0x15, 0x22, 0x05, 0x35,
    0xA3, 0x3A, 0x2E, 0xD0, 0x85, 0x41, 0xBA, 0x54, 0xE1, 0xBA, 0xB2, 0xA6, 0x83, 0x03, 0x5C, 0x1D,
    0xCC, 0x09, 0xEF, 0xEE, 0x46, 0x0A, 0x37, 0x0A, 0x32, 0xFF, 0x6D, 0x20, 0xA7, 0xE0, 0xCE, 0x7B,
    0xC3, 0xEC, 0x9D, 0x07, 0x97, 0x88, 0xBC, 0x93, 0x3B, 0x0A, 0xBA, 0x44, 0xD4, 0x02, 0xC0, 0x46,
    0x9E, 0x17, 0x1D, 0xBA, 0x44, 0x80, 0x9C, 0xB6, 0x4A, 0x9A, 0x06, 0x2A, 0x87, 0x54, 0xB7, 0x9B,
    0xF4, 0x8F, 0xB0, 0xCF, 0x53, 0x4D, 0x5C, 0x95, 0xA9, 0x2B, 0x71, 0xAE, 0x9A, 0xD1, 0xBB, 0x8A,
    0x0D, 0xCE, 0x75, 0x45, 0x3D, 0x50, 0xED, 0xFD, 0x85, 0x5A, 0x65, 0x47, 0xDD, 0xED, 0x03, 0x95,
    0xC0, 0x14, 0xCB, 0x92, 0x31, 0x52, 0xE6, 0x9C, 0x7E, 0xD4, 0x11, 0x75, 0x34, 0x88, 0x56, 0x22,
    0xCF, 0xEA, 0xD4, 0x3C, 0xDE, 0xA8, 0xA8, 0x5C, 0xFD, 0x33, 0x5D, 0x8F, 0xFF, 0x71, 0x1D, 0xE3,
    0x91, 0x5B, 0xA8, 0x87, 0x45, 0x35, 0x0F, 0x4B, 0x12, 0x11, 0xD0, 0x28, 0xDA, 0x2E, 0xA4, 0xEB,
    0x19, 0xE4, 0x61, 0x70, 0x62, 0xF1, 0xF0, 0x48, 0x70, 0x65, 0xC2, 0x00, 0x3F, 0x79, 0x47, 0xB8,
    0x63, 0xE7, 0xF7, 0xEC, 0xBB, 0x23, 0x51, 0xAA, 0xB4, 0xE7, 0x9B, 0xB3, 0x99, 0x36, 0xE5, 0xED,
    0x13, 0xAA, 0xA2, 0x14, 0x55, 0xB1, 0xD3, 0xFF, 0xC0, 0x3E, 0xFF, 0x1F, 0xE0, 0xA5, 0xE8, 0x17,
    0xED, 0x12, 0xD3, 0xA2, 0xC1, 0x3D, 0xAA, 0xB4, 0xFF, 0x68, 0xAF, 0xA6, 0xE8, 0x46, 0x75, 0x43,
    0x0C, 0xB8, 0x8A, 0x46, 0xD5, 0x66, 0x5C, 0x28, 0x33, 0x72, 0x37, 0x18, 0xAF, 0x0D, 0xC7, 0xFD,
    0x0A, 0x43, 0x3E, 0xA1, 0x13, 0x5E, 0xBC, 0xA5, 0x18, 0xB7, 0xE3, 0x5F, 0xDE, 0x65, 0x68, 0x6D,
    0xBE, 0xB9, 0x20, 0x37, 0x7F, 0xF7, 0xF2, 0x60, 0xBF, 0xD0, 0x99, 0x8A, 0xDC, 0x76, 0x51, 0x54,
    0x3B, 0x9F, 0x7B, 0x65, 0xDA, 0xD8, 0x90, 0x98, 0xDC, 0xC9, 0x42, 0x62, 0xB0, 0x3B, 0x9F, 0x2E,
    0x51, 0x01, 0xE5, 0x92, 0xC1, 0xA6, 0xFC, 0x98, 0x86, 0x3D, 0x4A, 0x28, 0xDA, 0xC4, 0xDE, 0xCE,
    0x3A, 0x44, 0xFD, 0x8E, 0x0D, 0x6F, 0x05, 0x8B, 0xD1, 0x2B, 0x33, 0x09, 0x0A, 0xDE, 0x6A, 0x53,
    0x78, 0xB3, 0xC4, 0x9A, 0x32, 0xDE, 0x74, 0xA3, 0xCD, 0x68, 0x47, 0xD4, 0xC7, 0x39, 0xDB, 0x11,
    0xFF, 0xB1, 0x39, 0x11, 0xFD, 0xB1, 0x59, 0x01, 0x07, 0x6A, 0x97, 0xCA, 0xCD, 0x03, 0xD2, 0x5F,
    0x99, 0xE6, 0xA2, 0x1D, 0xD9, 0x2B, 0x28, 0x4F, 0xBA, 0xC1, 0x27, 0xD1, 0xCA, 0xFE, 0x57, 0xEF,
    0xFB, 0x9B, 0xFC, 0xB4, 0xF3, 0xA3, 0x88, 0x7F, 0xD6, 0xFA, 0xB1, 0xD1, 0x10, 0x23, 0x08, 0x6B,
    0x30, 0xC8, 0x18, 0x1C, 0x9A, 0x05, 0x3A, 0xEF, 0x2E, 0xD3, 0xF5, 0xE1, 0xD2, 0xDC, 0xCD, 0xAD,
    0x70, 0x86, 0xE1, 0x9C, 0xC2, 0x67, 0x8E, 0x61, 0x53, 0xD0, 0xCE, 0x31, 0x11, 0xA1, 0x9B, 0x33,
    0x1A, 0x55, 0xFB, 0xC5, 0xE8, 0x40, 0x7C, 0x4D, 0x0F, 0x20, 0xE1, 0x43, 0x5B, 0x20, 0xA1, 0x86,
    0x2D, 0xE0, 0xA4, 0x8C, 0x0C, 0x1B, 0xBC, 0xB6, 0x80, 0x8B, 0xB7, 0xC4, 0x76, 0x3F, 0xD8, 0xC2,
    0x0F, 0x02, 0x08, 0xEC, 0xA3, 0x1D, 0xBC, 0x23, 0x88, 0xCF, 0xF6, 0x60, 0x37, 0x0D, 0xBD, 0xC5,
    0xEA, 0xA0, 0xDD, 0x97, 0x58, 0x45, 0x74, 0x05, 0x2B, 0xEB, 0x6C, 0xA3, 0xAD, 0xBC, 0xCD, 0x34,
    0x55, 0xCE, 0x90, 0x75, 0xB9, 0xB6, 0xFA, 0x14, 0x3E, 0xA6, 0x6C, 0xC5, 0x50, 0x70, 0xF1, 0x79,
    0xD1, 0xF6, 0x09, 0xF7, 0x54, 0xD1, 0x86, 0xBB, 0x91, 0xB0, 0x94, 0x57, 0x4F, 0x2A, 0xBB, 0xCA,
    0x05, 0x48, 0x86, 0x46, 0x9C, 0xC9, 0xC4, 0x71, 0x8A, 0x38, 0x39, 0x50, 0x0A, 0xE7, 0xF9, 0x9C,
    0xC7, 0xA7, 0x98, 0x47, 0x5C, 0xCE, 0x03, 0x7E, 0xF7, 0x2A, 0x14, 0xA3, 0x19, 0x88, 0xE9, 0x0C,
    0xC3, 0xCA, 0x9B, 0x17, 0xF3, 0x19, 0x6C, 0xB9, 0x79, 0x6B, 0x26, 0xE3, 0x3A, 0xCC, 0xAD, 0xE1,
    0x94, 0xE5, 0xEA, 0x19, 0xDB, 0xFC, 0xCD, 0x5E, 0x2E, 0x8F, 0xA6, 0x64, 0x94, 0x55, 0x87, 0xEB,
    0xE4, 0x83, 0x69, 0x8F, 0x4C, 0x49, 0x32, 0xA9, 0x51, 0xB1, 0x51, 0xBE, 0x8D, 0xF6, 0x48, 0xB3,
    0x48, 0x9A, 0x4D, 0x92, 0x7C, 0xF5, 0x8B, 0xAB, 0x83, 0xFB, 0x36, 0xFA, 0x30, 0x65, 0x24, 0x9C,
    0xBE, 0x68, 0xEF, 0x5F, 0x6B, 0x9D, 0x40, 0x97, 0xC0, 0x69, 0x55, 0x9F, 0x4C, 0x18, 0x4F, 0xA6,
    0xE1, 0xF5, 0xD6, 0x79, 0x3F, 0x14, 0x5B, 0x41, 0x4F, 0xBD, 0x23, 0x44, 0x21, 0x70, 0x85, 0x01,
    0x66, 0x93, 0x8E, 0x4F, 0xF3, 0x4E, 0x40, 0xCF, 0xC4, 0x0D, 0xF1, 0x56, 0xDE, 0x17, 0xED, 0x1A,
    0x60, 0x2D, 0xE7, 0x03, 0x94, 0x27, 0x17, 0xCC, 0xAC, 0xA7, 0x2F, 0xF4, 0x0F, 0xBC, 0xAE, 0xC4,
    0x1D, 0x32, 0x74, 0xC6, 0x22, 0xA7, 0xB2, 0xF9, 0x9E, 0x82, 0x05, 0x74, 0x8C, 0x55, 0x1C, 0xBD,
    0xDB, 0xC5, 0xD3, 0xD5, 0x82, 0x14, 0xBC, 0x3B, 0x69, 0xC4, 0xE6, 0x46, 0x93, 0x1A, 0xA5, 0xC1,
    0xBF, 0x7F, 0x1A, 0xAC, 0xF2, 0x7C, 0x7A, 0xDD, 0xCB, 0x32, 0x8D, 0xEF, 0x58, 0xFD, 0xC7, 0x36,
    0xA9, 0xB6, 0x07, 0xD2, 0xA3, 0x79, 0x33, 0x11, 0x73, 0x0A, 0xEF, 0xDB, 0x46, 0x90, 0x1E, 0xD2,
    0x94, 0x6C, 0xE1, 0xC3, 0x9C, 0xB7, 0x69, 0x1F, 0x6D, 0x33, 0x29, 0x85, 0x5C, 0x8C, 0x59, 0x4D,
    0x86, 0x63, 0x13, 0x1A, 0xCB, 0x31, 0x33, 0x1D, 0x9E, 0xED, 0xD0, 0xC1, 0x2D, 0x31, 0xDA, 0x9E,
    0xC9, 0x78, 0x89, 0xBA, 0xF1, 0xB5, 0x3E, 0x7F, 0x62, 0x9C, 0xAF, 0x88, 0xAD, 0x98, 0x4A, 0xC8,
    0x1F, 0x32, 0x65, 0x11, 0xDC, 0x3D, 0x72, 0x55, 0x45, 0x42, 0xC9, 0x5A, 0x4D, 0x88, 0x70, 0x16,
    0xD8, 0x55, 0xC0, 0xDC, 0xC2, 0xAC, 0xA7, 0x78, 0x9A, 0x1F, 0x4F, 0xF0, 0x94, 0x4F, 0x4A, 0xC8,
    0x8C, 0x05, 0x59, 0xD8, 0xA0, 0xFE, 0x66, 0xF0, 0x6F, 0xF7, 0x2B, 0xD0, 0xC5, 0x87, 0xF9, 0x92,
    0xBE, 0xAF, 0xD8, 0xA1, 0x5F, 0xA5, 0x4C, 0x0D, 0x6E, 0x1D, 0xCB, 0x32, 0xFA, 0x8C, 0x59, 0xD5,
    0x9C, 0xC3, 0xC3, 0xB3, 0xAE, 0xF9, 0x9E, 0x2C, 0xBF, 0xA2, 0x2E, 0xDF, 0x93, 0x75, 0x58, 0x6E,
    0xCA, 0x54, 0x30, 0x5D, 0x15, 0xBC, 0x09, 0xDC, 0xDB, 0x28, 0xCA, 0x76, 0x2A, 0xEF, 0x9F, 0x5E,
    0xD9, 0x7D, 0x5C, 0xCD, 0x22, 0xF0, 0xD7, 0xC1, 0x3F, 0x96, 0xB5, 0x2C, 0xF8, 0x13, 0x78, 0x27,
    0x85, 0xE6, 0x0F, 0xBA, 0x74, 0xF7, 0x09, 0xF5, 0x9C, 0xCF, 0x23, 0xF5, 0xCF, 0x9B, 0x63, 0x29,
    0x1B, 0x5B, 0xD1, 0xC1, 0x83, 0xB4, 0xD6, 0xFD, 0xF9, 0x5B, 0xB1, 0x2D, 0x85, 0x37, 0xC3, 0xE3,
    0xC4, 0x9E, 0xC9, 0x3F, 0x7B, 0x79, 0x63, 0x06, 0x8F, 0xE3, 0x41, 0x08, 0xEC, 0x3D, 0x47, 0xAF,
    0xFE, 0x64, 0xFF, 0x66, 0xA9, 0xDA, 0xFE, 0xC9, 0x6B, 0xFB, 0x2B, 0x6A, 0xFB, 0xC1, 0x18, 0x7A,
    0x6D, 0x7F, 0x09, 0xE5, 0x3F, 0x16, 0x6E, 0x69, 0xDA, 0x7E, 0xCB, 0x70, 0x23, 0x13, 0x71, 0xCF,
    0x84, 0x25, 0xA8, 0x42, 0x10, 0xD8, 0x42, 0xA6, 0xA0, 0xAA, 0x91, 0xBA, 0xF2, 0x42, 0xDD, 0x6D,
    0xC8, 0x18, 0x88, 0x20, 0xF1, 0x67, 0x3D, 0x78, 0x82, 0xA2, 0x4B, 0xBF, 0x37, 0x60, 0xBD, 0x4A,
    0x57, 0x84, 0x1C, 0x51, 0x85, 0xFD, 0xB6, 0x8C, 0x98, 0x11, 0x37, 0x67, 0xB2, 0x32, 0x89, 0x74,
    0xBE, 0x0F, 0x29, 0x0A, 0x93, 0x28, 0x0C, 0xC9, 0x19, 0x43, 0x71, 0xFB, 0x68, 0xF7, 0x44, 0x6D,
    0x2F, 0x21, 0x15, 0xE5, 0x20, 0x27, 0x04, 0x0B, 0xBA, 0xA5, 0x3B, 0x7B, 0xF2, 0x81, 0x6C, 0x7B,
    0x23, 0x20, 0xA5, 0xF9, 0x3A, 0x15, 0x26, 0xA6, 0xFC, 0x52, 0xD8, 0x7D, 0x07, 0xF5, 0x1B, 0x41,
    0x7D, 0x64, 0xD2, 0x53, 0x10, 0x3C, 0xA4, 0xB4, 0xA1, 0xA2, 0xB5, 0x82, 0x9D, 0x40, 0x26, 0x84,
    0x9C, 0x2F, 0xEC, 0x03, 0x40, 0xCB, 0x82, 0x67, 0xB2, 0x56, 0xED, 0x03, 0xC8, 0x62, 0xD1, 0x09,
    0x12, 0xC9, 0x6A, 0x20, 0xF3, 0x2D, 0xEA, 0x04, 0x24, 0x35, 0x87, 0x7D, 0x20, 0x64, 0xD2, 0x8F,
    0x78, 0x2B, 0x58, 0xFB, 0x1E, 0xB6, 0x52, 0xEC, 0xC8, 0x2A, 0xED, 0x92, 0x86, 0x0B, 0x71, 0xCA,
    0xCA, 0x0D, 0xE6, 0xAD, 0xF9, 0xA5, 0x92, 0xF1, 0xDB, 0xD5, 0x77, 0x72, 0x06, 0x70, 0x97, 0xEF,
    0x64, 0x3F, 0xA6, 0x1F, 0xC6, 0xA8, 0x81, 0xC4, 0xF9, 0x40, 0x77, 0x0B, 0x79, 0x81, 0xA2, 0xE1,
    0x4C, 0x13, 0xF0, 0xBC, 0x30, 0xF2, 0xFE, 0x4D, 0x22, 0xDE, 0x4F, 0x1D, 0x79, 0x4F, 0x99, 0x59,
    0x1D, 0x3E, 0x5C, 0x1D, 0x06, 0xEA, 0x53, 0x94, 0xD3, 0x6D, 0xBC, 0x79, 0xF1, 0x23, 0x69, 0x9D,
    0x99, 0x83, 0xE0, 0xD4, 0x0B, 0xA2, 0x97, 0x89, 0x16, 0x96, 0x0D, 0xE8, 0x31, 0x44, 0xDE, 0x87,
    0xB1, 0xB9, 0xC1, 0x85, 0xD7, 0x59, 0xB7, 0x2A, 0x8D, 0xCF, 0x86, 0x69, 0x64, 0x93, 0xC2, 0x6D,
    0x9E, 0xBC, 0x9C, 0x3B, 0x31, 0xB7, 0xE7, 0x2A, 0x5A, 0x92, 0xC6, 0x53, 0x01, 0x52, 0x52, 0x0B,
    0xD5, 0xCC, 0xC6, 0x12, 0xA8, 0x03, 0x78, 0xB6, 0xDA, 0xCD, 0x3A, 0x59, 0x66, 0xF9, 0xF9, 0x44,
    0x36, 0x43, 0xFE, 0xA3, 0xE9, 0x96, 0xAC, 0x85, 0xB3, 0x1C, 0x34, 0xB4, 0x84, 0x3E, 0x32, 0x65,
    0x98, 0xF9, 0x62, 0xA4, 0x21, 0xAD, 0x2C, 0x1B, 0x99, 0x98, 0x77, 0x13, 0x1A, 0x9C, 0x3E, 0x30,
    0x97, 0xDA, 0xE1, 0x52, 0x9E, 0x5C, 0x46, 0x9B, 0x88, 0x80, 0x4A, 0xD5, 0x0D, 0x9D, 0x44, 0xE9,
    0x7F, 0x7B, 0x7B, 0xCF, 0x58, 0x28, 0xB7, 0x8F, 0x3A, 0x99, 0xCE, 0x1E, 0x92, 0xEA, 0x3E, 0x40,
    0xFC, 0x79, 0xB6, 0x09, 0x37, 0x0F, 0xE1, 0xC4, 0x23, 0xEC, 0xD9, 0xDB, 0xB2, 0x77, 0x34, 0x40,
    0xAA, 0x74, 0xCF, 0x82, 0xC7, 0xA9, 0x13, 0x8E, 0xF3, 0x8E, 0x52, 0xAE, 0xFB, 0x4B, 0x06, 0xBF,
    0x78, 0x65, 0x4F, 0x4D, 0xDC, 0xC2, 0x30, 0x65, 0x9B, 0x7B, 0x4B, 0x3B, 0xF8, 0xA5, 0xE0, 0xC6,
    0x9F, 0xDB, 0xCF, 0x75, 0x17, 0x3C, 0x5B, 0x02, 0xD8, 0x49, 0x8D, 0x2A, 0x8F, 0x7C, 0xE4, 0xAB,
    0xAD, 0x06, 0xC4, 0x33, 0x70, 0x46, 0x19, 0xFD, 0xB0, 0x8B, 0xBA, 0xE0, 0xB3, 0xF8, 0xB9, 0xBD,
    0x5D, 0xFA, 0x55, 0x78, 0xB6, 0x44, 0xFA, 0x55, 0xF9, 0xF0, 0x59, 0xE9, 0xD7, 0x68, 0xE9, 0x2B,
    0xA5, 0x5F, 0xFD, 0xE0, 0x53, 0x72, 0xCD, 0x8D, 0xD7, 0xDD, 0xA1, 0xD3, 0xE1, 0x33, 0xBE, 0x0C,
    0x7C, 0x3E, 0xCD, 0x3C, 0x66, 0xCB, 0xBD, 0xAB, 0x94, 0xD9, 0xC5, 0x72, 0xC1, 0xC2, 0x0A, 0xAE,
    0xB9, 0x6B, 0x13, 0x2F, 0xA2, 0xDA, 0xE2, 0x3E, 0x99, 0x51, 0xCD, 0x9C, 0x0A, 0x98, 0x96, 0x62,
    0xA7, 0x14, 0x33, 0x32, 0xB9, 0x6B, 0x37, 0xBB, 0x1C, 0x34, 0x83, 0x37, 0x7C, 0x27, 0x6E, 0xC6,
    0x31, 0x4A, 0x63, 0xCB, 0x85, 0xB2, 0x7E, 0xFB, 0x53, 0x82, 0x7A, 0x1E, 0xCA, 0xEF, 0x07, 0xCE,
    0x6F, 0xA4, 0x69, 0x66, 0x24, 0x02, 0x37, 0xE6, 0x73, 0xD3, 0x05, 0x8D, 0x9F, 0x1F, 0x17, 0xDC,
    0x9E, 0xE7, 0xEA, 0xF5, 0x4D, 0xFB, 0x6F, 0x2D, 0x9E, 0xAF, 0xBB, 0x59, 0x83, 0xC5, 0xA4, 0x88,
    0xA1, 0xDA, 0xDE, 0xDD, 0x62, 0x0D, 0x03, 0x08, 0xAA, 0x67, 0x54, 0xA8, 0x40, 0x7B, 0x73, 0x97,
    0x0C, 0xAB, 0x39, 0x17, 0x30, 0xA0, 0xCB, 0xFB, 0xF1, 0x3D, 0x5D, 0x22, 0xE3, 0x8E, 0x4A, 0x3A,
    0xC1, 0x22, 0xE9, 0xAC, 0x72, 0x2E, 0xCF, 0xEE, 0x53, 0x83, 0x6A, 0x92, 0xE2, 0x41, 0x81, 0x2E,
    0xD4, 0x47, 0x85, 0xCC, 0xBD, 0xDA, 0xBF, 0xC1, 0x28, 0xB1, 0xFE, 0xC6, 0xD1, 0x2C, 0x9F, 0xDE,
    0x33, 0xCD, 0x7F, 0x2C, 0xDD, 0x95, 0xCF, 0x7E, 0x75, 0x50, 0xFB, 0x74, 0x09, 0x89, 0x37, 0x1C,
    0x59, 0x7D, 0x6E, 0xF5, 0x56, 0x6B, 0xCA, 0x9C, 0x96, 0x91, 0xCB, 0xA7, 0xE4, 0xF2, 0x39, 0xB9,
    0x7C, 0x52, 0x2E, 0x9F, 0x95, 0xCB, 0xA7, 0xE5, 0xF2, 0x79, 0xB9, 0x7C, 0x62, 0x2E, 0x9F, 0x99,
    0xCB, 0xA7, 0xE6, 0xF2, 0xB9, 0xB9, 0xAE, 0xF4, 0xCB, 0xF7, 0xD7, 0x4C, 0x06, 0x73, 0xAD, 0x3F,
    0x6F, 0x59, 0xFD, 0x76, 0x70, 0x98, 0x4C, 0xE2, 0xC1, 0x25, 0xC8, 0x1A, 0x58, 0xA3, 0x61, 0x11,
    0x28, 0xBF, 0x52, 0x01, 0x6C, 0x8B, 0x8F, 0xBE, 0x32, 0xFF, 0x9A, 0x23, 0x20, 0x59, 0x3B, 0xB2,
    0x6C, 0x16, 0x64, 0x50, 0xDE, 0x68, 0xAF, 0x1F, 0xB4, 0x38, 0x2D, 0x44, 0x5D, 0x7D, 0x97, 0x6B,
    0xBA, 0x2B, 0x1D, 0x49, 0x3E, 0x74, 0x2C, 0x30, 0x7D, 0xCF, 0x41, 0xC0, 0x43, 0x75, 0x78, 0xDF,
    0x02, 0xD3, 0xB7, 0x5F, 0xB4, 0x03, 0xC1, 0x2A, 0x89, 0x92, 0x8E, 0x63, 0x7E, 0xC0, 0xB1, 0x71,
    0x6C, 0xE4, 0xBB, 0xF8, 0x23, 0xF9, 0x6B, 0xF8, 0x13, 0x5C, 0xF7, 0x57, 0x8C, 0x16, 0x9F, 0x93,
    0x28, 0xFD, 0x3D, 0xA0, 0x11, 0xD3, 0xC1, 0x9C, 0x0A, 0xB4, 0xCD, 0xA9, 0x49, 0x94, 0x9A, 0xFD,
    0x6D, 0x59, 0xC8, 0xD5, 0x54, 0x08, 0xF4, 0xA3, 0xE9, 0xB1, 0x65, 0x72, 0x9B, 0xC8, 0xD0, 0x36,
    0x64, 0xAF, 0x4F, 0xC9, 0x0C, 0x7A, 0xA5, 0xFC, 0x00, 0xD7, 0x6F, 0x90, 0x7D, 0xD0, 0xB5, 0x67,
    0x78, 0x57, 0x07, 0xFF, 0x13, 0xF7, 0x5F, 0x20, 0xFA, 0x3A, 0x9A, 0xC5, 0x45, 0xAE, 0xD1, 0x4D,
    0xF7, 0x84, 0xA5, 0x2A, 0x25, 0xDE, 0x38, 0x92, 0x67, 0x32, 0x52, 0x34, 0xAF, 0x02, 0xFF, 0x4C,
    0x92, 0xFE, 0x60, 0x5E, 0x7C, 0x73, 0x11, 0xA9, 0x56, 0x8E, 0xD6, 0x29, 0x00, 0x76, 0x48, 0x3E,
    0x8B, 0x94, 0xA3, 0x27, 0xE7, 0x22, 0xD5, 0x8D, 0x7F, 0x66, 0x1B, 0x7F, 0x67, 0xD9, 0x68, 0x76,
    0xC9, 0x4B, 0x78, 0xF1, 0x1E, 0xFB, 0x24, 0xD3, 0x1A, 0x7F, 0xCA, 0x4A, 0x62, 0x66, 0x78, 0x60,
    0xC9, 0xA7, 0x2A, 0x15, 0x31, 0xED, 0x27, 0xB3, 0x7E, 0x3A, 0xB8, 0x16, 0x5F, 0xC7, 0x1C, 0x2F,
    0x9B, 0xEE, 0x14, 0xE6, 0xFC, 0xB0, 0x50, 0x45, 0xDA, 0x3C, 0x54, 0x74, 0x00, 0x9F, 0x74, 0x71,
    0x5A, 0xF6, 0x8E, 0xCB, 0xBF, 0xBA, 0xEE, 0xFA, 0x1C, 0x38, 0x7E, 0xE2, 0xD0, 0x74, 0x7F, 0x6C,
    0x99, 0xD5, 0x74, 0xBB, 0x5A, 0x2B, 0xEF, 0xB0, 0xFC, 0xEE, 0x8B, 0xF3, 0x99, 0x3E, 0x0B, 0x96,
    0xE3, 0x35, 0xAA, 0x61, 0xC9, 0x79, 0x1B, 0x3A, 0x2F, 0x32, 0xCE, 0xAB, 0xB6, 0xE8, 0x54, 0x29,
    0x16, 0x58, 0x1A, 0xC0, 0xCB, 0x25, 0x86, 0x9C, 0x0D, 0xCC, 0x48, 0x61, 0xE5, 0x92, 0xD7, 0x3C,
    0xEF, 0x20, 0xC1, 0x8B, 0xD8, 0xF3, 0x90, 0xFB, 0x64, 0xF2, 0xB9, 0x7C, 0x11, 0x92, 0xD8, 0x42,
    0xAE, 0x65, 0x56, 0x06, 0x9F, 0x7C, 0x82, 0x9E, 0xD6, 0x8C, 0xF8, 0x97, 0xEB, 0xE9, 0xCE, 0x25,
    0xC5, 0xDB, 0x28, 0xBE, 0x8D, 0xE2, 0xD6, 0x7A, 0x5D, 0x4D, 0xD3, 0xC6, 0x47, 0xFC, 0xAB, 0xC7,
    0x2C, 0xAD, 0x63, 0xCC, 0x4E, 0x4F, 0xAB, 0x27, 0x73, 0x46, 0x30, 0x83, 0x44, 0xAC, 0xC7, 0x20,
    0x20, 0x53, 0x91, 0x16, 0x73, 0x46, 0x50, 0x73, 0x48, 0xFF, 0x0E, 0xA4, 0x4B, 0x3A, 0x09, 0xD1,
    0x96, 0xE2, 0xA0, 0xC6, 0x82, 0x69, 0x57, 0x10, 0xC2, 0x23, 0x48, 0xDB, 0x20, 0x31, 0x10, 0x1E,
    0x99, 0x72, 0x03, 0x15, 0xE4, 0x9B, 0xA6, 0x07, 0x87, 0x99, 0x33, 0x07, 0x6B, 0xB0, 0xCD, 0xA5,
    0x73, 0x08, 0x77, 0x88, 0xFA, 0x37, 0xB8, 0xAA, 0xD5, 0x9D, 0x0E, 0x84, 0xAE, 0x6C, 0x55, 0xEF,
    0x83, 0x14, 0x84, 0x99, 0xE9, 0x81, 0x68, 0x3A, 0x25, 0x59, 0x28, 0xDB, 0xEF, 0x9A, 0xD2, 0xA3,
    0x6C, 0x8D, 0xD8, 0x3D, 0x2E, 0x7F, 0xD4, 0x19, 0xCF, 0xE4, 0x35, 0x09, 0xF9, 0x1C, 0x17, 0x54,
    0xF6, 0x96, 0x97, 0x95, 0xE6, 0xBE, 0xB2, 0xF3, 0x19, 0x5A, 0xD5, 0xB1, 0x69, 0xAF, 0x51, 0x17,
    0xF4, 0x04, 0xB3, 0x90, 0x1A, 0x66, 0x68, 0xA5, 0x47, 0x2D, 0xF3, 0x1A, 0x52, 0xBF, 0x25, 0xB7,
    0x31, 0xF1, 0x9E, 0xCF, 0xD5, 0x5A, 0xCD, 0xB9, 0x5A, 0xA1, 0xAC, 0x76, 0x7A, 0xF4, 0xC8, 0x16,
    0x54, 0x31, 0x63, 0x56, 0x89, 0xA1, 0xA1, 0x6D, 0xCD, 0xE4, 0xAB, 0x60, 0x09, 0x67, 0x5C, 0x9C,
    0x5E, 0xD7, 0xD4, 0x7A, 0xC5, 0x0B, 0x05, 0xC1, 0xA9, 0xAD, 0x80, 0x3E, 0x10, 0x7D, 0x34, 0x05,
    0x25, 0x49, 0x69, 0x26, 0xB3, 0xC0, 0x78, 0x97, 0xD2, 0xD5, 0x67, 0x29, 0xC6, 0xF2, 0x30, 0xDD,
    0xFC, 0x32, 0x5D, 0x68, 0x46, 0xB8, 0xD3, 0x32, 0x2E, 0x94, 0xAC, 0x83, 0xBA, 0xF5, 0x06, 0xD8,
    0x53, 0x06, 0xDF, 0x1F, 0xEC, 0xCE, 0xBD, 0x32, 0x9F, 0xAA, 0xBB, 0xD0, 0x47, 0xD5, 0x25, 0x42,
    0x28, 0xEE, 0x6C, 0x09, 0x15, 0xB9, 0x5D, 0x81, 0x62, 0x1E, 0x58, 0x65, 0x67, 0x59, 0x4C, 0x1A,
    0x9F, 0xD7, 0x84, 0xC4, 0x1E, 0x0E, 0x02, 0x5C, 0x5D, 0xD0, 0x7B, 0x91, 0xD2, 0x67, 0x7B, 0x44,
    0xFE, 0xD3, 0x07, 0x78, 0x60, 0xAE, 0xD8, 0x5E, 0xF9, 0xEE, 0x03, 0xA5, 0xED, 0xAC, 0x01, 0x0F,
    0xAF, 0x34, 0x82, 0x53, 0x1A, 0x6A, 0xBE, 0x8C, 0x41, 0x0C, 0x33, 0xB8, 0x80, 0x16, 0xCC, 0x84,
    0x8B, 0x6D, 0x56, 0x20, 0x23, 0x67, 0x7A, 0x25, 0x13, 0x2E, 0x94, 0x03, 0x18, 0x50, 0x81, 0xDD,
    0x54, 0xAE, 0x33, 0xE1, 0xF6, 0x87, 0x99, 0x70, 0x77, 0xD7, 0x64, 0xC2, 0xA5, 0xA7, 0x51, 0xA1,
    0x99, 0x70, 0x53, 0x5A, 0x50, 0x1B, 0x72, 0xF7, 0x4F, 0xE6, 0xC0, 0x54, 0xCA, 0x30, 0x64, 0x97,
    0x59, 0xE4, 0xB5, 0xE5, 0x42, 0x87, 0x5C, 0x1D, 0xD1, 0x52, 0x2F, 0x53, 0xD6, 0xC2, 0xDC, 0x95,
    0x0E, 0xEF, 0x0A, 0x04, 0xDE, 0x26, 0x14, 0x12, 0xF3, 0xCD, 0x29, 0xEA, 0x48, 0x1E, 0x1A, 0xA9,
    0xA1, 0xBD, 0x57, 0xA3, 0x7A, 0xBC, 0xFD, 0x16, 0xF9, 0x4C, 0x24, 0x4C, 0x48, 0x7C, 0xE4, 0x53,
    0x5F, 0x82, 0xEE, 0x63, 0x04, 0x60, 0x91, 0x20, 0x43, 0x92, 0xC9, 0xDE, 0x2A, 0x0B, 0x0E, 0x64,
    0x57, 0x69, 0x7E, 0x52, 0xBA, 0xE7, 0x69, 0x6A, 0x97, 0x6A, 0xAF, 0x08, 0x52, 0x99, 0xBC, 0xE1,
    0x5C, 0xD3, 0xBB, 0xBE, 0x41, 0xA6, 0x37, 0x30, 0x9E, 0x77, 0x4E, 0xD2, 0x17, 0x6B, 0xD6, 0x7B,
    0xE1, 0x16, 0x86, 0xC5, 0xFA, 0x25, 0x6B, 0x67, 0xA3, 0x5C, 0x8B, 0x39, 0xFF, 0x28, 0x9C, 0x12,
    0xEF, 0xA3, 0xA7, 0x5E, 0x79, 0x95, 0x79, 0xE5, 0xA9, 0xBB, 0x57, 0x6E, 0x39, 0x5F, 0x35, 0xAB,
    0xAC, 0x11, 0xAF, 0xD8, 0x3C, 0x51, 0xBC, 0x17, 0x4A, 0xCD, 0x9E, 0x95, 0x3D, 0xFB, 0x99, 0x6B,
    0xAE, 0xB8, 0xC4, 0xA4, 0xE4, 0xCA, 0x0E, 0x3E, 0x68, 0xD7, 0x79, 0xA4, 0x4C, 0xF4, 0x08, 0x8F,
    0x55, 0x41, 0xBB, 0xB2, 0x0E, 0x36, 0x35, 0xDD, 0xE6, 0x91, 0xDD, 0x28, 0x05, 0xBD, 0x0A, 0xF2,
    0xA8, 0xA7, 0x69, 0x1C, 0xA8, 0xFB, 0x03, 0xA2, 0x7A, 0xBA, 0x4D, 0xC4, 0xE0, 0x11, 0xDC, 0x37,
    0x66, 0x31, 0xD8, 0x47, 0x70, 0x27, 0xCA, 0xB1, 0x5B, 0x54, 0x5A, 0xA0, 0x8E, 0x04, 0x54, 0xDB,
    0xF3, 0x10, 0x01, 0x46, 0x8A, 0x01, 0xC0, 0xC8, 0xF6, 0x44, 0xE7, 0xC7, 0x10, 0x2E, 0x91, 0xCC,
    0x98, 0x3A, 0x87, 0x13, 0x98, 0x54, 0x74, 0xB1, 0x62, 0xE2, 0xAF, 0x33, 0xAC, 0x6B, 0x92, 0x21,
    0xF5, 0x0E, 0x95, 0xCD, 0x4D, 0xA8, 0x68, 0x1E, 0xA9, 0x8B, 0x8C, 0xCE, 0x30, 0x83, 0x79, 0x95,
    0x71, 0x32, 0x12, 0x3A, 0x0A, 0x65, 0x3A, 0x7B, 0xD9, 0x5B, 0x5A, 0x9D, 0x69, 0xF5, 0x58, 0xAB,
    0x7E, 0x95, 0x9C, 0x57, 0xB3, 0xB7, 0xCB, 0x97, 0x0D, 0x67, 0x28, 0x2B, 0xD4, 0xA1, 0x5F, 0x7D,
    0xF0, 0xB2, 0x84, 0x33, 0x94, 0xC5, 0x8C, 0x6D, 0xC8, 0xE6, 0x24, 0x73, 0x2A, 0x54, 0x55, 0xE6,
    0xC8, 0xA4, 0x51, 0xE5, 0xB9, 0xE6, 0xE8, 0xCD, 0xF6, 0x96, 0xC6, 0xA5, 0xE3, 0x4A, 0x40, 0x44,
    0xE1, 0x10, 0xDC, 0xEF, 0x08, 0x84, 0x11, 0x89, 0x14, 0x79, 0x24, 0x51, 0xD6, 0xA2, 0xCC, 0x05,
    0xD8, 0xEE, 0x0C, 0x7D, 0x73, 0x67, 0xD8, 0x2D, 0xEE, 0x9C, 0xE0, 0x55, 0x1B, 0x88, 0xD1, 0x59,
    0x0A, 0x4B, 0xF7, 0xC8, 0x5B, 0x9C, 0xC1, 0x0B, 0xC6, 0x31, 0xC1, 0xAD, 0x3B, 0x03, 0x1A, 0x75,
    0x67, 0xEA, 0x2F, 0x96, 0xEE, 0x2C, 0x06, 0x1D, 0x6E, 0xDA, 0xF0, 0xD2, 0x93, 0x29, 0xDE, 0xD1,
    0xCF, 0x73, 0x77, 0x65, 0xA9, 0x87, 0x7A, 0x30, 0x4B, 0xDC, 0x9F, 0xE1, 0xCB, 0x94, 0xC1, 0x1C,
    0x1A, 0xD7, 0xB0, 0x5B, 0xE7, 0xA3, 0x7C, 0xA5, 0xA5, 0x5E, 0x1F, 0x2C, 0xF5, 0xFE, 0x86, 0xA5,
    0xEE, 0x2C, 0x69, 0xDF, 0x9C, 0xE5, 0x98, 0x93, 0x3A, 0xDA, 0x52, 0xDF, 0x68, 0x56, 0xA9, 0x4D,
    0xE9, 0x96, 0xC4, 0x8C, 0xE1, 0x8A, 0x09, 0x59, 0x65, 0xE1, 0xBC, 0xC2, 0xA2, 0x30, 0x7F, 0x51,
    0xC4, 0x55, 0x9D, 0xB0, 0xCC, 0xFE, 0x04, 0x65, 0xC9, 0xB5, 0xFD, 0x80, 0xD7, 0xF0, 0x5C, 0x26,
    0x92, 0x00, 0x97, 0xEA, 0xAA, 0xEE, 0xBD, 0x2F, 0x27, 0x18, 0x68, 0x4D, 0xC0, 0x44, 0x59, 0x95,
    0xE4, 0x8D, 0x23, 0x71, 0x1C, 0x88, 0xE3, 0x38, 0x98, 0xA8, 0x5F, 0x58, 0x97, 0x18, 0x84, 0x66,
    0xCF, 0xC4, 0x0B, 0x08, 0x5C, 0xAE, 0x80, 0x73, 0x91, 0x21, 0x88, 0x27, 0xEF, 0xE0, 0x65, 0xE0,
    0xF6, 0x9D, 0x30, 0x56, 0xF0, 0xA2, 0xCF, 0x85, 0xB9, 0x96, 0x39, 0xEA, 0xDE, 0xD0, 0x54, 0xD4,
    0xB5, 0x65, 0xE3, 0xB2, 0x6E, 0xBF, 0x6D, 0xF5, 0x99, 0xD5, 0x8F, 0xAD, 0x56, 0x3D, 0x98, 0xB3,
    0x0D, 0x6E, 0x79, 0xDC, 0x02, 0x9F, 0x74, 0xDD, 0x99, 0x39, 0xD4, 0x99, 0x46, 0xD4, 0x29, 0xCE,
    0x0E, 0x3C, 0x23, 0xA5, 0x59, 0xD9, 0xD6, 0x49, 0xD4, 0x22, 0xCF, 0x6D, 0x3A, 0xF3, 0xB9, 0x6A,
    0x0C, 0x84, 0x18, 0x23, 0xB8, 0x31, 0xA8, 0x40, 0x31, 0xA8, 0x14, 0xC7, 0x35, 0xC1, 0xBF, 0xA9,
    0x41, 0x3C, 0x50, 0x1F, 0x52, 0xB4, 0xEA, 0xE4, 0xDB, 0x31, 0xC6, 0xE0, 0x5A, 0xBA, 0xCC, 0xA7,
    0x2D, 0x89, 0x6A, 0xCC, 0x75, 0xA2, 0xFE, 0xD2, 0x44, 0x19, 0x46, 0x4E, 0xE3, 0xDD, 0x77, 0x56,
    0x56, 0x30, 0xBF, 0x6A, 0x76, 0xF9, 0xE8, 0x53, 0x76, 0xF1, 0xBE, 0xE9, 0xC0, 0x97, 0xD9, 0x7C,
    0x64, 0x57, 0x78, 0x52, 0x09, 0x67, 0x44, 0xB2, 0xD9, 0x45, 0x24, 0x9A, 0xDD, 0x57, 0x3B, 0x8F,
    0xF2, 0xCA, 0x03, 0xE2, 0x78, 0xDA, 0xCC, 0xB3, 0x1B, 0x2A, 0xA0, 0x53, 0x32, 0x75, 0x28, 0x35,
    0xD5, 0xE2, 0x8D, 0xF9, 0x3C, 0x7C, 0x49, 0xC7, 0x4B, 0x2B, 0x4F, 0xB9, 0x9E, 0xA5, 0x3E, 0x7F,
    0xFD, 0xC6, 0xD5, 0x66, 0x2B, 0x83, 0x63, 0x01, 0x29, 0xC7, 0x4A, 0x2F, 0x7B, 0x6C, 0x7D, 0x4D,
    0xB8, 0xEC, 0xC2, 0xAD, 0x81, 0xE9, 0x89, 0xD5, 0xEF, 0x5C, 0xAA, 0x7F, 0xE3, 0x64, 0x11, 0xCE,
    0xF2, 0x91, 0xCE, 0xF5, 0x6B, 0xFE, 0xD8, 0x3C, 0x5E, 0x51, 0xB1, 0x09, 0x4C, 0x32, 0x8A, 0x69,
    0xAC, 0x08, 0xAD, 0xF6, 0x9E, 0x82, 0xEE, 0xAE, 0x56, 0x6F, 0x69, 0xF5, 0x4D, 0x4B, 0x1C, 0x79,
    0xA9, 0x5A, 0x79, 0x3C, 0x5F, 0xF9, 0xDB, 0x8B, 0x2B, 0x4B, 0xB4, 0xA9, 0x6F, 0x5F, 0x2A, 0xCF,
    0xB2, 0x6A, 0x76, 0x80, 0x1F, 0x1A, 0xC5, 0x55, 0x5F, 0x9B, 0xF9, 0xB4, 0xAE, 0xD7, 0xD9, 0x62,
    0x78, 0x8A, 0xB5, 0xF6, 0xFE, 0xAF, 0x40, 0x26, 0x76, 0x9D, 0x25, 0xBF, 0xCD, 0x06, 0x6F, 0x7F,
    0x84, 0x97, 0xEC, 0x7E, 0x7E, 0x8A, 0x9B, 0x5B, 0xCD, 0xDC, 0xAA, 0x36, 0xBE, 0x55, 0xD6, 0x73,
    0xAB, 0x3D, 0xD6, 0x62, 0x5E, 0x7C, 0x75, 0xE5, 0xB5, 0xA3, 0xCD, 0xCA, 0x7A, 0x69, 0xCD, 0x9E,
    0x10, 0xB3, 0xEA, 0xB9, 0x99, 0x55, 0xD1, 0xCE, 0x5B, 0x71, 0xEC, 0x40, 0x9E, 0x74, 0xF0, 0x56,
    0x65, 0x0D, 0x9A, 0xB1, 0xFC, 0xBF, 0xE6, 0x44, 0x11, 0x79, 0xA4, 0x0B, 0x07, 0xD3, 0xDE, 0x3C,
    0x99, 0x77, 0x4B, 0x4D, 0x19, 0xB8, 0x9E, 0x39, 0xB8, 0x97, 0xAB, 0x9B, 0x47, 0x26, 0xCA, 0x4F,
    0xF6, 0x3D, 0x45, 0x09, 0xE2, 0x71, 0xAD, 0xF5, 0xF4, 0x17, 0x67, 0x39, 0x23, 0x9D, 0x86, 0xC2,
    0x30, 0x97, 0xB2, 0xAF, 0x93, 0x49, 0x4D, 0xA7, 0x0E, 0xAE, 0xAD, 0xBB, 0xA5, 0x9E, 0xD5, 0xEC,
    0x07, 0xB5, 0x0E, 0x39, 0x35, 0xFC, 0x53, 0x9A, 0x55, 0xBD, 0xDC, 0xA8, 0x48, 0x56, 0x76, 0x1A,
    0x5E, 0x91, 0xE9, 0x39, 0x67, 0x01, 0xD2, 0x08, 0xC0, 0x3A, 0x69, 0x02, 0x25, 0xED, 0x8F, 0x9B,
    0x70, 0x15, 0x3B, 0x32, 0xD0, 0x8A, 0x22, 0xCC, 0x3A, 0x52, 0x4E, 0x23, 0xD3, 0x60, 0x0A, 0xE0,
    0x4B, 0x67, 0xB7, 0x98, 0xC9, 0x31, 0x42, 0x8C, 0x8A, 0x3C, 0x7A, 0xCF, 0x44, 0xCF, 0x74, 0xE1,
    0xA4, 0x06, 0xE0, 0x84, 0xAA, 0xD1, 0x1B, 0xAA, 0x0D, 0xDD, 0x15, 0x11, 0x0B, 0x14, 0x69, 0x86,
    0x3E, 0x86, 0xFC, 0x44, 0x93, 0xCC, 0x93, 0x5C, 0xE0, 0xFE, 0x39, 0xDD, 0x9A, 0x79, 0x82, 0x54,
    0xA3, 0x6C, 0x43, 0x8E, 0xB5, 0x58, 0x4B, 0xAF, 0x7F, 0x6E, 0x89, 0x59, 0x91, 0xAB, 0xE8, 0x8E,
    0x9E, 0xBE, 0x48, 0x1F, 0xD7, 0xED, 0x12, 0x7D, 0x29, 0xC2, 0xED, 0x87, 0x0C, 0x65, 0x83, 0x70,
    0x1E, 0x94, 0xFF, 0x0A, 0x2F, 0xAE, 0x62, 0x70, 0x68, 0x0D, 0xBD, 0xBA, 0x1D, 0xE9, 0xD3, 0xE5,
    0xB2, 0xB1, 0xB2, 0xF9, 0x5D, 0x18, 0xF7, 0xAB, 0x3F, 0x85, 0xB8, 0x5C, 0xFE, 0x78, 0x80, 0xB7,
    0x16, 0x18, 0x9A, 0x7D, 0xAA, 0xC7, 0x02, 0x4D, 0x11, 0xDE, 0xDB, 0x10, 0x6A, 0xD1, 0x87, 0x27,
    0xE5, 0x57, 0x7F, 0x79, 0x2B, 0xEF, 0xBC, 0xC6, 0xD5, 0xCA, 0xDB, 0xDA, 0xD0, 0x6E, 0x81, 0xFE,
    0x7F, 0x1B, 0x82, 0xC5, 0x87, 0x81, 0xFB, 0xBB, 0xFB, 0xBB, 0xD5, 0xA1, 0x96, 0xAA, 0x4C, 0x56,
    0xEF, 0xE7, 0x71, 0x26, 0x41, 0x3B, 0xEF, 0x49, 0x44, 0xC1, 0x14, 0xC6, 0x8E, 0x02, 0xEB, 0x0A,
    0x06, 0xDE, 0x74, 0x8B, 0x3C, 0x99, 0x98, 0xD5, 0x6A, 0x13, 0x9E, 0x66, 0xE0, 0x65, 0x34, 0x60,
    0xF0, 0x86, 0x50, 0xF1, 0x07, 0xE9, 0xF4, 0xEF, 0xB6, 0x24, 0xDE, 0x85, 0x8C, 0x9E, 0xBC, 0xD7,
    0xD6, 0x22, 0x5D, 0x4B, 0xFB, 0xBC, 0xAB, 0x2E, 0x3C, 0x89, 0x9D, 0xDC, 0xA7, 0xD9, 0xB4, 0x7A,
    0x9C, 0xDA, 0x97, 0xF6, 0x17, 0xCC, 0xA0, 0xF4, 0x84, 0x5A, 0x92, 0xC7, 0xCC, 0xFD, 0xFE, 0x07,
    0x78, 0xF2, 0xA3, 0xCF, 0x35, 0xF7, 0x7B, 0xE1, 0x4F, 0xC7, 0x52, 0x57, 0xC0, 0xD5, 0x9F, 0xD7,
    0x59, 0x99, 0x54, 0xA3, 0x10, 0x5F, 0x29, 0xED, 0x4C, 0xA1, 0x1D, 0x0B, 0xE4, 0xF0, 0xDD, 0x21,
    0x83, 0xEF, 0x03, 0xE4, 0xEF, 0x3D, 0x63, 0xF1, 0xA6, 0x14, 0xB7, 0x5E, 0x41, 0x6D, 0x68, 0xBA,
    0xC3, 0x8D, 0x69, 0x73, 0x55, 0xA5, 0x1B, 0xCD, 0xB3, 0xA9, 0xB2, 0xD5, 0xD9, 0x75, 0x45, 0xA0,
    0x71, 0xD4, 0x4E, 0xCB, 0x6C, 0x6F, 0x7A, 0x0D, 0x19, 0x12, 0x18, 0x33, 0x75, 0x79, 0x2B, 0x38,
    0x95, 0xE7, 0x5C, 0x57, 0x4F, 0x78, 0xA4, 0x23, 0xD8, 0xB2, 0x51, 0x83, 0x33, 0x30, 0xDE, 0x70,
    0x4F, 0xB9, 0xC0, 0xD1, 0x37, 0xB3, 0xE2, 0x0B, 0x8B, 0xED, 0x89, 0x09, 0xA6, 0x8E, 0x94, 0xBC,
    0x37, 0xD3, 0xD8, 0x1C, 0xD5, 0xA7, 0xB6, 0x19, 0xF4, 0xFB, 0x52, 0x22, 0xD0, 0x52, 0x3A, 0xA6,
    0x86, 0x79, 0x20, 0x2D, 0x66, 0x37, 0x40, 0x7F, 0xF6, 0x54, 0x22, 0x39, 0x4A, 0x81, 0x15, 0x67,
    0xA1, 0xAC, 0xC1, 0xDD, 0x17, 0x2D, 0x63, 0x13, 0xE0, 0xA9, 0x27, 0x3B, 0xF3, 0x2E, 0xB1, 0x15,
    0xE5, 0x9C, 0x51, 0x8F, 0xB3, 0xDB, 0x12, 0x5A, 0xCA, 0x2E, 0x6B, 0xD9, 0x2F, 0x02, 0xF6, 0xCB,
    0x9F, 0x0E, 0xE0, 0xCB, 0x53, 0xA1, 0xAA, 0xA7, 0xAC, 0x6D, 0x3D, 0x54, 0x93, 0x51, 0xA5, 0xD8,
    0x54, 0xA1, 0xCA, 0x27, 0x53, 0x85, 0x52, 0x92, 0x35, 0x2C, 0xC6, 0x4B, 0xB0, 0x2A, 0x49, 0x71,
    0x2B, 0x15, 0x13, 0x5F, 0x1F, 0x54, 0xB7, 0x37, 0x42, 0x95, 0x1E, 0x18, 0x84, 0x6A, 0x7B, 0x19,
    0xAA, 0x89, 0x41, 0x55, 0xCF, 0x08, 0x64, 0x6F, 0xA7, 0x15, 0x54, 0x57, 0x89, 0xB6, 0xD6, 0x89,
    0x04, 0xAE, 0x87, 0x6A, 0x77, 0x08, 0x55, 0xA1, 0x68, 0x91, 0xE6, 0xFA, 0x0F, 0x2D, 0xD7, 0x7F,
    0xAE, 0xB9, 0xFE, 0xA1, 0x52, 0x82, 0x6E, 0x52, 0x95, 0x95, 0x17, 0x9A, 0xEB, 0xDF, 0xE4, 0x0C,
    0xA2, 0x38, 0xA7, 0xBB, 0xD3, 0x7D, 0x4F, 0x59, 0x57, 0xA5, 0xF8, 0xBA, 0x48, 0xBD, 0x1B, 0xB2,
    0xE9, 0x25, 0x7C, 0x04, 0xA4, 0x92, 0xBE, 0x33, 0x5D, 0x08, 0x5B, 0x46, 0x1A, 0x46, 0x1A, 0xF3,
    0x98, 0xD8, 0x09, 0x56, 0x1B, 0x1E, 0x5F, 0xA5, 0x46, 0x4F, 0x6C, 0xB3, 0x46, 0x73, 0xFD, 0x97,
    0x1A, 0x63, 0x57, 0x31, 0xD7, 0x7F, 0x62, 0xB9, 0xB5, 0x2C, 0x37, 0x97, 0xC5, 0x2A, 0xFA, 0xD3,
    0x62, 0x4D, 0xD9, 0x67, 0xEA, 0xCF, 0x70, 0x38, 0xD0, 0xE5, 0x1D, 0x56, 0x01, 0x13, 0x9A, 0x09,
    0x6D, 0xDB, 0x95, 0x6E, 0x23, 0x23, 0x07, 0xCD, 0xA8, 0x18, 0x90, 0x56, 0x74, 0x98, 0x8B, 0x6C,
    0x50, 0x55, 0x07, 0xA3, 0x10, 0xA6, 0xC7, 0x4B, 0x30, 0x86, 0xA5, 0x35, 0xEB, 0x97, 0xB4, 0x66,
    0x7F, 0xB9, 0xA3, 0xDA, 0xD8, 0xA2, 0x23, 0xD7, 0x69, 0xCD, 0x7A, 0x88, 0x20, 0x88, 0xC4, 0x64,
    0xC4, 0x7B, 0x85, 0xAE, 0x23, 0xAD, 0x59, 0xE3, 0x56, 0xEB, 0x28, 0xBE, 0x2E, 0xA5, 0xD8, 0xD5,
    0x92, 0x18, 0x6F, 0x5B, 0x32, 0xF9, 0x0A, 0xEB, 0xA7, 0x22, 0xB2, 0x0A, 0x19, 0xA8, 0x81, 0xFF,
    0x9E, 0xD8, 0xE7, 0x1D, 0x8A, 0xBB, 0x2E, 0xF8, 0xAE, 0x7C, 0x20, 0x22, 0xFF, 0xC6, 0x8D, 0x74,
    0xE5, 0x73, 0xFE, 0x50, 0x4D, 0x49, 0x17, 0x45, 0x4D, 0xB0, 0xD5, 0xAC, 0x13, 0x6D, 0x25, 0xEE,
    0x90, 0xA7, 0x9C, 0xBD, 0x32, 0xF2, 0x17, 0x24, 0xDC, 0xCA, 0xF0, 0x98, 0x8F, 0x79, 0x0A, 0x84,
    0xD6, 0x1F, 0x62, 0xC7, 0xCB, 0xE6, 0x7E, 0x02, 0x45, 0x8B, 0x80, 0xF9, 0xF1, 0x52, 0x47, 0xA8,
    0xDF, 0x84, 0xA9, 0xD2, 0x87, 0x85, 0x7E, 0x16, 0x75, 0x6A, 0x12, 0x82, 0x9B, 0xC3, 0xF6, 0x56,
    0x09, 0xED, 0xBD, 0xBB, 0x95, 0x77, 0x78, 0x48, 0xDA, 0xC3, 0xF4, 0xF5, 0x2F, 0xAA, 0x5F, 0xF3,
    0x89, 0x0F, 0x87, 0x07, 0x3F, 0x30, 0x86, 0x81, 0x8A, 0xB6, 0x5F, 0x61, 0x56, 0x1E, 0xE7, 0xFE,
    0x37, 0x12, 0xD1, 0xB9, 0x57, 0x3F, 0xF1, 0x61, 0x0A, 0x0E, 0xD4, 0x83, 0x07, 0xF2, 0x7A, 0x7C,
    0xFA, 0x31, 0x17, 0x67, 0xCB, 0xBE, 0xE5, 0xFF, 0x6D, 0x01, 0xE4, 0xB5, 0x21, 0x93, 0x1E, 0x9C,
    0xFC, 0xBF, 0xBE, 0x03, 0x9D, 0x96, 0x83, 0x73, 0x6E, 0xE1, 0x46, 0x7A, 0x49, 0x6C, 0x6E, 0x34,
    0xD0, 0xA9, 0x61, 0xB7, 0x64, 0xB7, 0xB5, 0xF4, 0x9D, 0xDE, 0x9D, 0xA0, 0x6A, 0x3D, 0xFB, 0xD4,
    0xF3, 0x35, 0x5C, 0xA9, 0x64, 0xA2, 0x2C, 0x73, 0xB2, 0x0A, 0x33, 0x2D, 0x4D, 0xC8, 0xD5, 0xF4,
    0x0B, 0x3B, 0xA1, 0xE3, 0x17, 0x3C, 0xA1, 0x63, 0xD2, 0x5E, 0x0E, 0x27, 0x57, 0x37, 0x9C, 0xD0,
    0xD1, 0x9F, 0x9C, 0xBA, 0x23, 0xBB, 0x54, 0x46, 0x53, 0xC6, 0xAE, 0xFE, 0x59, 0x3E, 0xE7, 0x34,
    0x4C, 0x1D, 0x73, 0x1A, 0x66, 0xF1, 0xE5, 0xF2, 0x1B, 0x57, 0x72, 0x1A, 0x86, 0x3E, 0xE4, 0xDF,
    0x6B, 0x13, 0xFD, 0x99, 0xAD, 0xAF, 0xB0, 0x16, 0x6F, 0x53, 0x94, 0xDE, 0x37, 0xAA, 0x20, 0x78,
    0x0E, 0xC2, 0x01, 0x07, 0x9A, 0x6C, 0x54, 0x85, 0xC4, 0xF6, 0x75, 0xA8, 0xA6, 0x54, 0x57, 0xBD,
    0x9A, 0x69, 0x75, 0xFF, 0xAC, 0x6C, 0x21, 0xDD, 0x6C, 0x07, 0xD6, 0x32, 0x81, 0x6E, 0xCF, 0x15,
    0x34, 0x78, 0xFF, 0x31, 0xA4, 0x0D, 0x55, 0x2F, 0xB9, 0x8D, 0x9D, 0x98, 0x39, 0x05, 0x2F, 0xB3,
    0xDA, 0x6F, 0xFA, 0xCF, 0x8D, 0x53, 0x23, 0x73, 0xBC, 0xDB, 0xC2, 0x63, 0x81, 0x00, 0xBE, 0x43,
    0x4B, 0x53, 0x68, 0xFC, 0xCF, 0xC8, 0x38, 0xD1, 0xD2, 0xB8, 0x02, 0x0D, 0x26, 0xDE, 0x6B, 0x20,
    0x31, 0x02, 0x55, 0x76, 0x5F, 0x07, 0x6F, 0x13, 0xEE, 0x2B, 0x78, 0xDD, 0x86, 0x7B, 0x47, 0x9B,
    0xDB, 0xE4, 0x48, 0xD6, 0xA6, 0xE6, 0x7B, 0xAA, 0x7B, 0x57, 0xCC, 0x77, 0xDB, 0xE2, 0xEB, 0xB3,
    0x03, 0x72, 0x6D, 0x46, 0x3A, 0xAF, 0x1B, 0x38, 0xF0, 0x44, 0x8F, 0xCC, 0xE3, 0xCE, 0x68, 0x02,
    0x78, 0x81, 0xC7, 0xE4, 0x30, 0xEE, 0x8C, 0x7A, 0x62, 0x66, 0xAF, 0xD6, 0xC4, 0x4D, 0xE0, 0x8F,
    0x52, 0xBC, 0x6D, 0x2E, 0x18, 0xEC, 0x13, 0x4D, 0x0B, 0x22, 0x41, 0xD6, 0xDF, 0x92, 0x97, 0x14,
    0xED, 0x85, 0x48, 0x83, 0x79, 0x87, 0xC4, 0x62, 0x59, 0x8F, 0xE8, 0xBE, 0xAC, 0xDF, 0xA3, 0x1C,
    0x34, 0x66, 0x3D, 0x55, 0x15, 0xCF, 0x9A, 0x53, 0x2A, 0x56, 0xC9, 0x4B, 0xD5, 0x7E, 0x8E, 0xCE,
    0x6E, 0x18, 0xA4, 0xC3, 0x63, 0xB3, 0xC9, 0x21, 0x51, 0x85, 0x71, 0x5B, 0x79, 0xB1, 0x03, 0xD0,
    0xA5, 0x0A, 0x3A, 0x18, 0x0B, 0xC9, 0xE9, 0xF1, 0xEE, 0x89, 0x5D, 0x8A, 0x96, 0x65, 0x13, 0xED,
    0x0A, 0x05, 0x5D, 0x43, 0x10, 0x4C, 0x97, 0x20, 0xF8, 0xDE, 0x01, 0x04, 0x9B, 0x1B, 0x20, 0x98,
    0x1C, 0x85, 0xE0, 0xEE, 0x40, 0x45, 0x01, 0x09, 0xF2, 0x37, 0xC8, 0xD5, 0xF1, 0x7C, 0xD7, 0x3D,
    0x0D, 0xC7, 0x91, 0x51, 0xA5, 0x42, 0x63, 0x03, 0xCC, 0x1C, 0xE6, 0x33, 0x5E, 0x4E, 0x07, 0xAE,
    0x77, 0xD7, 0x63, 0xE5, 0xDB, 0x1C, 0xFA, 0x65, 0xC8, 0xFF, 0xE6, 0x35, 0x90, 0x7F, 0xBA, 0x82,
    0xFC, 0x6D, 0x4D, 0xCF, 0xB3, 0x86, 0xF9, 0xB5, 0x90, 0x87, 0xEB, 0x10, 0x4C, 0x1C, 0x90, 0xA2,
    0x2B, 0xF2, 0x0C, 0x19, 0xFD, 0x40, 0x23, 0xE5, 0x2C, 0xA7, 0x55, 0xAE, 0xA7, 0x1B, 0xD0, 0xB1,
    0xEA, 0x8D, 0x93, 0x4F, 0x9D, 0x46, 0x56, 0xD5, 0xD0, 0x8A, 0x96, 0xCE, 0x66, 0x4E, 0x64, 0x37,
    0x13, 0xF5, 0x69, 0x8E, 0xB2, 0x6A, 0x36, 0x55, 0xED, 0xDD, 0x72, 0xBD, 0xDA, 0x28, 0x6A, 0x7E,
    0x78, 0x9D, 0x23, 0xE5, 0xAB, 0x9C, 0x43, 0x5B, 0xCF, 0xE7, 0xD0, 0x76, 0xF3, 0x39, 0xB4, 0xC3,
    0x91, 0x73, 0x68, 0xEF, 0xCD, 0xE7, 0xD0, 0xE6, 0x1B, 0x7F, 0x0E, 0x6D, 0xDA, 0xFA, 0x73, 0x68,
    0xB3, 0x63, 0xE7, 0xD0, 0xB6, 0x65, 0x6B, 0xF1, 0x79, 0xF5, 0xD5, 0x73, 0x68, 0xF7, 0x57, 0xCF,
    0xA1, 0xA5, 0x6F, 0xC3, 0xA5, 0x73, 0x68, 0x9B, 0xEB, 0xCF, 0xA1, 0xDD, 0x1A, 0xB3, 0x71, 0xED,
    0x39, 0xB4, 0x41, 0xB8, 0x09, 0x35, 0xE8, 0xA7, 0x55, 0x2F, 0xE6, 0xAC, 0x53, 0xA5, 0x5A, 0x36,
    0x5A, 0x62, 0x5E, 0xCF, 0x57, 0xDD, 0x7F, 0x7E, 0x14, 0x9A, 0x1F, 0xD9, 0x39, 0x07, 0x1F, 0x1D,
    0x3F, 0xE7, 0x20, 0xBF, 0x7C, 0xCE, 0x41, 0x6F, 0xE7, 0x1C, 0x8C, 0x76, 0xCE, 0xC1, 0xC3, 0x6C,
    0x78, 0x60, 0xD9, 0x28, 0x7C, 0xC6, 0x36, 0x9E, 0xBC, 0xB3, 0xD7, 0xE0, 0x14, 0x64, 0x9E, 0xE4,
    0x39, 0x07, 0x72, 0x7D, 0xC1, 0xEC, 0x81, 0x97, 0xCE, 0x39, 0xA8, 0x0F, 0xCE, 0x39, 0x48, 0xFC,
    0x39, 0x07, 0xDB, 0xD0, 0xCE, 0x39, 0x08, 0x79, 0xCE, 0x01, 0x0D, 0x75, 0x4C, 0xF4, 0xD0, 0xEC,
    0x68, 0x55, 0x64, 0xFA, 0x80, 0xFE, 0x01, 0x9D, 0x45, 0x7F, 0x3D, 0xD6, 0x78, 0x09, 0xCD, 0xAA,
    0x44, 0x83, 0xA2, 0xDA, 0x13, 0xD5, 0x9C, 0x88, 0xCC, 0x1D, 0x5E, 0xC8, 0x8D, 0xF7, 0xF7, 0x2D,
    0x5B, 0x41, 0x17, 0xC4, 0xD3, 0x5F, 0xA8, 0xFF, 0x60, 0x6A, 0xA7, 0xF3, 0xA8, 0x15, 0xA2, 0x53,
    0x26, 0x55, 0xE3, 0xE9, 0x95, 0xF8, 0x29, 0x0D, 0x5B, 0x97, 0x7A, 0x6E, 0xEA, 0xFB, 0xEE, 0x6F,
    0xD5, 0x5D, 0xC7, 0x67, 0xA5, 0xDB, 0x1A, 0x9A, 0x09, 0xB9, 0x2B, 0x0B, 0x8B, 0x7E, 0x04, 0x92,
    0xAB, 0x18, 0x0A, 0x52, 0xC2, 0x6D, 0x04, 0x0B, 0x69, 0x39, 0x42, 0x72, 0xA0, 0xAD, 0x6B, 0x48,
    0x10, 0x90, 0x40, 0x8D, 0xA0, 0x83, 0xA1, 0x4B, 0xCA, 0xEF, 0xC7, 0xDE, 0x22, 0xE7, 0x68, 0x69,
    0x77, 0x09, 0x95, 0x1E, 0xDF, 0xBC, 0xEA, 0x15, 0x95, 0xCF, 0x5A, 0xED, 0x99, 0x02, 0x1E, 0x3B,
    0xB1, 0x3C, 0x62, 0xF9, 0x3E, 0xF1, 0xC9, 0x65, 0x7C, 0xAE, 0xAA, 0x6B, 0x29, 0xA3, 0x9A, 0xE8,
    0x98, 0xDE, 0x83, 0x69, 0x17, 0x12, 0x08, 0xF4, 0x80, 0xD0, 0x2C, 0xCA, 0x5C, 0x44, 0x5F, 0xC5,
    0x53, 0x60, 0xB7, 0x7A, 0x0A, 0xEC, 0x76, 0xED, 0xB5, 0x6B, 0x72, 0xB0, 0x79, 0xFF, 0x9B, 0x53,
    0x75, 0x76, 0xE0, 0xEA, 0x50, 0x28, 0x6A, 0xFA, 0xB5, 0xE0, 0x8B, 0x3D, 0x6A, 0x81, 0xDD, 0xAC,
    0x97, 0xD0, 0xBC, 0x6C, 0x25, 0xF7, 0xDD, 0x5B, 0x21, 0x76, 0x45, 0x59, 0x7F, 0x18, 0x7C, 0x95,
    0x0C, 0x96, 0xF1, 0xEC, 0x4F, 0xB8, 0x6C, 0x24, 0x1F, 0x76, 0x67, 0x14, 0x1B, 0x14, 0xEE, 0xD6,
    0x7C, 0x20, 0x7B, 0xCE, 0x3C, 0x70, 0xAA, 0xEE, 0xED, 0x23, 0x53, 0xBE, 0x53, 0xAF, 0x46, 0xCB,
    0xEF, 0xE7, 0x6D, 0xB0, 0xF4, 0x9B, 0xE9, 0xDA, 0x2D, 0xA5, 0xBA, 0xF2, 0xDC, 0x4E, 0x34, 0x03,
    0x87, 0x58, 0xF4, 0x18, 0x58, 0xAA, 0x16, 0xEA, 0x66, 0x3A, 0xEE, 0x4B, 0x6F, 0xB0, 0x79, 0x3D,
    0x9F, 0xCF, 0xD5, 0x60, 0x79, 0x9D, 0x2F, 0xFD, 0xF9, 0x25, 0x1F, 0xFA, 0xDD, 0x61, 0x3C, 0xB6,
    0x85, 0x89, 0xCC, 0x2E, 0x69, 0x30, 0xB4, 0x7C, 0xB1, 0xE7, 0x79, 0xE0, 0x87, 0xC8, 0x41, 0x83,
    0x6F, 0x5E, 0xE4, 0x1B, 0xFF, 0x95, 0x52, 0x3B, 0x5C, 0x16, 0x63, 0x03, 0x8B, 0x98, 0x58, 0x42,
    0x5E, 0x0D, 0x3B, 0x76, 0x6B, 0xE5, 0xCA, 0xD1, 0xCA, 0xD4, 0x0E, 0xC2, 0xBE, 0xB1, 0xDC, 0x47,
    0x38, 0x29, 0xF9, 0xB3, 0x55, 0x3B, 0x84, 0xA6, 0x76, 0xD8, 0x07, 0x5E, 0xCC, 0xB0, 0x4D, 0xB7,
    0x5A, 0x68, 0x2F, 0x50, 0x3A, 0x68, 0x32, 0x07, 0x48, 0x24, 0xDA, 0x88, 0xC9, 0x5B, 0xF5, 0x1A,
    0xBD, 0x47, 0x07, 0x52, 0xB2, 0xFB, 0xBF, 0x00, 0xE6, 0xE6, 0x41, 0xE0, 0x5B, 0x3B, 0x08, 0x1C,
    0x47, 0x83, 0x17, 0x3C, 0x11, 0x7C, 0x6F, 0xB9, 0xD5, 0x86, 0x29, 0xB0, 0x83, 0xC0, 0xE1, 0xDE,
    0xAC, 0x27, 0x82, 0x6F, 0x82, 0x51, 0x4F, 0x04, 0xAF, 0x43, 0x3D, 0x08, 0xBC, 0x68, 0x23, 0x3D,
    0x08, 0x3C, 0xEF, 0xEC, 0x20, 0xF0, 0xAC, 0x4F, 0xF4, 0x20, 0xF0, 0x74, 0x48, 0xF5, 0x20, 0xF0,
    0x64, 0xB4, 0xF3, 0xBF, 0x91, 0xFB, 0x55, 0x8F, 0x06, 0xDF, 0x9D, 0xDB, 0xB1, 0xDF, 0xFB, 0x33,
    0x7F, 0x34, 0xF8, 0x13, 0x7F, 0x34, 0xF8, 0xE8, 0x4F, 0x04, 0x1F, 0xEC, 0x44, 0x70, 0xF2, 0x94,
    0x98, 0x40, 0xC4, 0xFC, 0xC3, 0x54, 0x5F, 0x67, 0x6D, 0xC6, 0x48, 0x89, 0x3A, 0xAD, 0xBD, 0x79,
    0x75, 0xA5, 0x19, 0x5C, 0x1A, 0x73, 0xB0, 0xD7, 0x1C, 0x22, 0x36, 0xA7, 0x44, 0xBE, 0xB8, 0x1C,
    0x58, 0x24, 0x1B, 0xF6, 0xE0, 0xEC, 0x9F, 0xE9, 0x4B, 0x71, 0xF6, 0xCF, 0x01, 0xAE, 0x39, 0x3F,
    0x90, 0xC2, 0x2E, 0xD6, 0x31, 0x3B, 0xE1, 0x21, 0xF1, 0x1F, 0x3E, 0x03, 0x89, 0x47, 0x63, 0xF6,
    0xE2, 0x81, 0x10, 0x63, 0x18, 0x2F, 0x18, 0x62, 0x25, 0x66, 0xA6, 0x99, 0xBF, 0x33, 0x1D, 0x89,
    0xB1, 0x0F, 0x0F, 0x77, 0xEA, 0xB4, 0x56, 0xFB, 0x66, 0x1A, 0xEF, 0x9E, 0x29, 0x41, 0xB9, 0xAB,
    0xD2, 0xD3, 0xB9, 0xCA, 0x81, 0x0F, 0x54, 0x10, 0x7C, 0xA2, 0x52, 0xAF, 0xA6, 0x48, 0x0C, 0x2D,
    0xB3, 0xB9, 0x66, 0x4A, 0x8C, 0x69, 0x09, 0xF2, 0x07, 0xF2, 0xA9, 0x45, 0x88, 0x62, 0x4C, 0x4D,
    0x64, 0x82, 0x85, 0x7E, 0xAE, 0xE1, 0xB1, 0x0F, 0x54, 0x79, 0xBF, 0x55, 0x72, 0x3B, 0x52, 0xCD,
    0x01, 0x58, 0x41, 0x05, 0x34, 0xD0, 0x6A, 0x01, 0x76, 0x90, 0x98, 0xB2, 0xD5, 0x3C, 0x62, 0xAC,
    0x04, 0x2B, 0x8E, 0x22, 0x7B, 0x84, 0x76, 0xEC, 0x40, 0xC2, 0x61, 0xDE, 0x3F, 0x32, 0xC8, 0xFB,
    0xEA, 0x0D, 0x2F, 0x6B, 0x03, 0xB9, 0xE6, 0x33, 0x9C, 0x15, 0x98, 0x81, 0xDB, 0x8C, 0x2F, 0x9D,
    0x15, 0xF8, 0x2B, 0x7F, 0xE1, 0xF4, 0xAC, 0x42, 0xB8, 0x5B, 0xAB, 0x7F, 0x3F, 0x0F, 0x3C, 0x5C,
    0x1F, 0x13, 0x18, 0x1E, 0x9E, 0x15, 0xF8, 0x76, 0x23, 0x0C, 0xF4, 0x88, 0xB3, 0x02, 0x6B, 0x1C,
    0xD2, 0xF2, 0x50, 0x67, 0xDA, 0x99, 0x33, 0x9A, 0x56, 0x0F, 0xC3, 0xF1, 0x85, 0xB1, 0x7A, 0xBB,
    0x95, 0xCF, 0x82, 0xAA, 0xE4, 0xE7, 0x2A, 0xB5, 0x59, 0x30, 0x29, 0x5C, 0xCF, 0x5B, 0xBD, 0xA7,
    0xE0, 0x3F, 0x53, 0xF0, 0x5F, 0xA8, 0xFC, 0x35, 0x12, 0x8D, 0xDA, 0x2C, 0x44, 0x3D, 0x9F, 0x16,
    0x33, 0x95, 0xAC, 0xE5, 0xF8, 0x00, 0x09, 0xA9, 0x34, 0xAF, 0xC4, 0x6A, 0x16, 0x8C, 0xBF, 0x79,
    0x10, 0x98, 0x75, 0x84, 0xBC, 0xCF, 0x48, 0x95, 0x81, 0xF7, 0x3B, 0x1D, 0xA8, 0xBB, 0x20, 0x53,
    0x7E, 0x79, 0x16, 0x4E, 0xCE, 0xF8, 0x7F, 0x7F, 0x32, 0x96, 0x9E, 0xD2, 0x58, 0xD6, 0x21, 0xF2,
    0xBC, 0x9D, 0xA3, 0x8F, 0x0E, 0xA3, 0x62, 0xC2, 0x86, 0x8E, 0xB0, 0x38, 0x70, 0x93, 0x07, 0x68,
    0x6A, 0x46, 0xD0, 0x4B, 0x05, 0x0E, 0x98, 0x80, 0x41, 0xBD, 0xAC, 0xFF, 0xC9, 0x24, 0x0B, 0xAB,
    0x87, 0xEF, 0xDC, 0xC6, 0x94, 0x94, 0x3A, 0x40, 0x95, 0x17, 0xD0, 0x48, 0x05, 0x9D, 0x92, 0xB1,
    0x06, 0x3A, 0x25, 0x21, 0x05, 0x16, 0xA5, 0x6F, 0xE4, 0x03, 0xF8, 0x19, 0xA1, 0x01, 0xE4, 0x19,
    0xC1, 0x7B, 0x62, 0x30, 0x73, 0x80, 0xE2, 0x4C, 0x42, 0xCF, 0x1A, 0xD9, 0xC6, 0x1A, 0xB9, 0x37,
    0x19, 0x9C, 0x43, 0x2C, 0x1E, 0x54, 0xA4, 0xD7, 0xC6, 0x68, 0x7F, 0x8A, 0x3C, 0x6F, 0x16, 0x7B,
    0x3B, 0x43, 0xEA, 0x1B, 0x99, 0xA7, 0x1D, 0x77, 0x7D, 0xE3, 0x4C, 0x1B, 0x3F, 0x84, 0xF5, 0xB9,
    0xF4, 0x21, 0xB8, 0x44, 0xB0, 0xB1, 0x36, 0x62, 0x15, 0x5D, 0xA5, 0xCF, 0x83, 0x1E, 0x38, 0xA1,
    0x33, 0xA0, 0x0D, 0xAC, 0xF0, 0xE2, 0x39, 0x5E, 0xF4, 0x13, 0x1C, 0xD4, 0x3E, 0x26, 0x0E, 0x22,
    0x6F, 0x17, 0x0A, 0x46, 0xDC, 0x66, 0x08, 0x66, 0x60, 0xFE, 0x22, 0x8D, 0x2C, 0x31, 0x81, 0x6D,
    0x55, 0x39, 0xF3, 0xA3, 0x4A, 0x55, 0xAD, 0x55, 0x8E, 0xEA, 0xDE, 0x50, 0x7B, 0x0B, 0xD1, 0xA5,
    0x6A, 0xA3, 0xAA, 0xCA, 0x36, 0xB8, 0xD5, 0x04, 0xF1, 0x27, 0x5D, 0xF0, 0x9D, 0xB2, 0xCD, 0x7F,
    0x6F, 0x1B, 0x6E, 0x73, 0x50, 0x61, 0x78, 0x5C, 0x3F, 0xA2, 0x07, 0x84, 0x6A, 0x60, 0x54, 0xFB,
    0xA2, 0x9A, 0x17, 0xD5, 0xBA, 0xA8, 0xC6, 0xE5, 0x8A, 0xB6, 0xA5, 0xA1, 0x10, 0x7F, 0x9F, 0x65,
    0xC4, 0xA0, 0xA4, 0x25, 0x57, 0xC3, 0xDD, 0x40, 0xE3, 0x92, 0x34, 0x30, 0xE9, 0x85, 0xD1, 0x3B,
    0x8B, 0xD5, 0xF5, 0x24, 0xFD, 0x6E, 0x80, 0x49, 0x77, 0x14, 0x76, 0xC0, 0x05, 0xB0, 0xCC, 0x6A,
    0xE8, 0xCC, 0x8A, 0x9A, 0x47, 0x20, 0xD7, 0xD4, 0xF3, 0x21, 0x61, 0xF7, 0x08, 0x6C, 0x03, 0x64,
    0x93, 0x40, 0x9C, 0xBE, 0x8C, 0x6A, 0x64, 0x06, 0x20, 0x38, 0x09, 0x65, 0x1D, 0xD4, 0x8F, 0x84,
    0x89, 0x48, 0x90, 0x7C, 0xC4, 0xF9, 0x03, 0xE2, 0xD7, 0xE7, 0xD8, 0xAC, 0x8F, 0x4B, 0x60, 0xA6,
    0xC8, 0x56, 0xCF, 0xFB, 0x12, 0xAC, 0xF7, 0x80, 0xB9, 0x72, 0x80, 0xAF, 0xA9, 0x47, 0x55, 0xA5,
    0xAA, 0x6A, 0x58, 0x65, 0x8B, 0x0A, 0x53, 0x26, 0x12, 0x79, 0x34, 0xAD, 0x1D, 0x15, 0xEB, 0xE3,
    0x7A, 0x3A, 0x6F, 0x1D, 0x77, 0xAB, 0x03, 0x94, 0xDC, 0x9C, 0xCC, 0xC3, 0x97, 0x9A, 0x28, 0xA9,
    0xD2, 0x7C, 0x1E, 0x1B, 0x4D, 0xDF, 0x89, 0x67, 0x72, 0xD2, 0xF8, 0x24, 0x1C, 0xD8, 0x42, 0xD6,
    0x70, 0x22, 0xA6, 0xAE, 0x48, 0xD6, 0x6F, 0xAB, 0xCF, 0xD4, 0x48, 0x27, 0xAA, 0x72, 0x53, 0xF4,
    0xDF, 0x95, 0xAB, 0xDE, 0xF4, 0xD9, 0x2C, 0xE7, 0xE5, 0xE5, 0xA3, 0xC6, 0xE6, 0x91, 0xFB, 0x0F,
    0x20, 0xB3, 0x2F, 0x37, 0xD1, 0x4E, 0x88, 0xEC, 0x98, 0xF5, 0x19, 0x82, 0x12, 0xEB, 0xE0, 0x3E,
    0x34, 0x40, 0x9B, 0x87, 0x73, 0x1A, 0x1D, 0x2D, 0xF5, 0x9B, 0xEB, 0x7E, 0xBE, 0xF4, 0x50, 0x4A,
    0xBA, 0x7C, 0x83, 0x20, 0x12, 0x7C, 0xD0, 0xBE, 0x42, 0x85, 0x0D, 0x8A, 0xF7, 0x82, 0xA2, 0xFB,
    0xAD, 0xD7, 0x05, 0xC5, 0x35, 0xD4, 0x2C, 0x25, 0xD1, 0x41, 0xEB, 0x66, 0x98, 0xDE, 0xAC, 0x05,
    0x2D, 0x4E, 0xD3, 0x82, 0xB6, 0xB3, 0x16, 0xB4, 0x9F, 0xB5, 0xA0, 0xC0, 0x8F, 0xC9, 0x25, 0x2D,
    0x68, 0x29, 0xAD, 0x7B, 0x96, 0x17, 0xC0, 0x6B, 0x41, 0x93, 0xDE, 0x6B, 0x41, 0xD3, 0x63, 0x5A,
    0xD0, 0x5E, 0x53, 0xCF, 0x06, 0x3C, 0x04, 0x49, 0xA3, 0xBE, 0x64, 0x15, 0x9A, 0x16, 0x74, 0xD2,
    0xF3, 0x72, 0x4C, 0x0B, 0x9A, 0xCD, 0xB1, 0x5E, 0xAA, 0x05, 0x1D, 0xBC, 0x16, 0xB4, 0x5A, 0xB4,
    0xA0, 0xF5, 0x25, 0x2D, 0xE8, 0x08, 0x7D, 0xFC, 0xA2, 0x05, 0x2D, 0x0E, 0xB5, 0xA0, 0xC8, 0x6C,
    0xE5, 0xE7, 0x31, 0x33, 0x72, 0xE1, 0xEB, 0x63, 0xF3, 0xBB, 0x86, 0xE2, 0xC7, 0xA6, 0xFD, 0xFC,
    0xF8, 0x50, 0xFB, 0xF9, 0x14, 0xDA, 0xCF, 0x71, 0x39, 0xE5, 0x35, 0xAB, 0x0F, 0x4F, 0x79, 0x0D,
    0xFD, 0x29, 0xAF, 0x17, 0xD9, 0xF0, 0xC4, 0x30, 0xE6, 0xFA, 0x94, 0xD7, 0xD8, 0x9F, 0xF2, 0x3A,
    0x5E, 0x3A, 0xE5, 0xB5, 0x63, 0x42, 0xB5, 0x59, 0xFB, 0xE9, 0xF4, 0x94, 0xD7, 0x68, 0xB2, 0x53,
    0x5E, 0x77, 0xFE, 0x94, 0x57, 0x08, 0x23, 0xD5, 0xD8, 0x3C, 0x8A, 0xA9, 0xFD, 0x54, 0xAE, 0x65,
    0x09, 0x25, 0xBE, 0x96, 0x89, 0xB1, 0x43, 0xBA, 0x27, 0x4D, 0xC7, 0x5F, 0x32, 0x16, 0x0B, 0x2A,
    0x31, 0x6A, 0x22, 0x6F, 0x5F, 0x89, 0xC5, 0x42, 0xD7, 0x42, 0x3B, 0xE4, 0x45, 0x8A, 0x55, 0x2C,
    0x56, 0x77, 0x18, 0x8B, 0xB5, 0xBD, 0x26, 0x16, 0x8B, 0xC9, 0xAD, 0x72, 0x8D, 0xC5, 0xD2, 0x64,
    0xDC, 0xEC, 0xC1, 0x0B, 0x36, 0xD8, 0x67, 0x71, 0x68, 0x2D, 0xB8, 0xA8, 0x61, 0x2E, 0xE0, 0x2E,
    0x54, 0x20, 0xC3, 0xC5, 0x85, 0xD0, 0x28, 0x72, 0xFA, 0xF4, 0xC7, 0x29, 0xBC, 0x30, 0xB0, 0x7C,
    0x95, 0xC3, 0x36, 0x93, 0xBB, 0xFD, 0x2C, 0x53, 0x5E, 0x0E, 0x43, 0xDB, 0x9E, 0x1C, 0x86, 0x86,
    0xA1, 0xEB, 0xCB, 0x7D, 0xB1, 0x91, 0x0D, 0xF5, 0x2E, 0x48, 0x2F, 0xA2, 0xBB, 0xE2, 0xE5, 0x9D,
    0x1B, 0x9F, 0x47, 0x63, 0x4E, 0xF4, 0xA2, 0xDF, 0xFF, 0x9C, 0x1D, 0x1A, 0xCD, 0x7B, 0xD4, 0xA2,
    0x26, 0x96, 0x44, 0x3A, 0xC7, 0x72, 0xD1, 0xDA, 0x64, 0xDE, 0x03, 0x0A, 0x44, 0xDA, 0xA1, 0x9A,
    0x91, 0xDE, 0x65, 0x8F, 0x28, 0x79, 0x75, 0xBE, 0x9C, 0x56, 0xF6, 0x61, 0xB7, 0xCA, 0x06, 0x72,
    0x34, 0x9B, 0xC3, 0x4A, 0x63, 0x18, 0x69, 0xCC, 0x93, 0x8F, 0xE6, 0x70, 0x3E, 0x91, 0x83, 0xE5,
    0x71, 0xB0, 0x34, 0x0E, 0x96, 0xC5, 0xC1, 0x92, 0x38, 0x58, 0x0E, 0x07, 0x4B, 0xE1, 0x60, 0x19,
    0x1C, 0x2C, 0x81, 0x83, 0xE5, 0x6F, 0xB0, 0xF4, 0x0D, 0x96, 0xBD, 0xC1, 0x92, 0x37, 0x58, 0xEE,
    0x06, 0x4B, 0xDD, 0x60, 0x99, 0x1B, 0x2C, 0x71, 0xC3, 0x61, 0x27, 0xAC, 0x67, 0x97, 0x42, 0x1C,
    0x56, 0x3E, 0x5B, 0xC7, 0x86, 0xF6, 0xC5, 0x26, 0x58, 0x78, 0x35, 0x39, 0xE4, 0xAB, 0x3D, 0x21,
    0xF9, 0x26, 0xDF, 0xF8, 0xC3, 0x5A, 0xB4, 0xD4, 0x6F, 0x8E, 0x0C, 0xB3, 0x65, 0x52, 0x77, 0x94,
    0x9F, 0xD7, 0xE4, 0x2C, 0x6F, 0x34, 0xFA, 0xA0, 0xD4, 0x42, 0xCB, 0x9B, 0x29, 0xC6, 0x41, 0xC2,
    0xDD, 0x3A, 0x54, 0xA5, 0x7A, 0x59, 0x33, 0x09, 0x6E, 0x4F, 0x4C, 0x35, 0x68, 0x72, 0x5C, 0x4D,
    0x94, 0xAB, 0x49, 0x73, 0x9B, 0x25, 0xDF, 0x9D, 0x3B, 0xA5, 0xBC, 0x36, 0xE1, 0x6E, 0x77, 0x24,
    0xE1, 0x6E, 0x78, 0x98, 0x70, 0xF7, 0x64, 0x09, 0x70, 0x95, 0x98, 0x37, 0xD2, 0x7C, 0x95, 0x73,
    0x62, 0xDE, 0xA2, 0x65, 0x42, 0xC9, 0x25, 0xFF, 0xEE, 0xB1, 0x63, 0x8A, 0x4F, 0x4D, 0xCC, 0xFB,
    0xA9, 0x72, 0x14, 0x07, 0x07, 0x7C, 0x96, 0x77, 0x85, 0xFB, 0xB4, 0x20, 0x3B, 0x39, 0x47, 0x71,
    0x70, 0x98, 0xA3, 0x98, 0x85, 0xE7, 0x4A, 0x5F, 0x05, 0x14, 0x9F, 0x6A, 0xB5, 0x7D, 0x19, 0x41,
    0xF7, 0x2A, 0xAB, 0xED, 0xB3, 0x05, 0xF1, 0x4B, 0x72, 0x4A, 0x3B, 0x72, 0x4A, 0x1B, 0x72, 0x31,
    0x25, 0xF8, 0x19, 0xE6, 0xDB, 0xBB, 0xED, 0xBD, 0x43, 0xF6, 0xB3, 0xE7, 0xC4, 0x64, 0x01, 0x8E,
    0x4C, 0x1B, 0xE1, 0x81, 0x79, 0xA4, 0x98, 0xA8, 0x39, 0xFA, 0x1A, 0x1E, 0x30, 0xB3, 0x0B, 0x50,
    0x06, 0x67, 0x7A, 0x9A, 0x64, 0x31, 0x86, 0x7C, 0xC8, 0xA8, 0x8A, 0xB0, 0x17, 0x73, 0x4A, 0xAF,
    0xFF, 0x9C, 0xCE, 0x4B, 0x4A, 0xFF, 0x17, 0x92, 0xA0, 0xD6, 0x2A, 0x9C, 0x3C, 0x0D, 0x25, 0xA0,
    0xD3, 0xDC, 0x5E, 0x4E, 0x4D, 0x03, 0x90, 0xF2, 0x5A, 0x32, 0xEF, 0x99, 0xFA, 0x44, 0xE7, 0xEA,
    0xE4, 0x70, 0x57, 0xB9, 0xFC, 0x55, 0x88, 0xAF, 0xCC, 0x93, 0xD2, 0x41, 0xF5, 0xD6, 0x6D, 0x7E,
    0x47, 0x5D, 0x84, 0x3F, 0x56, 0xAF, 0x96, 0xBF, 0x56, 0x7B, 0x8A, 0x69, 0xD9, 0x4C, 0xE7, 0xB6,
    0x3F, 0x70, 0xD4, 0xD9, 0xAE, 0xF5, 0xB6, 0x9A, 0xAE, 0xB7, 0xB4, 0xB0, 0x08, 0x55, 0x6C, 0x97,
    0xD3, 0xDA, 0x5F, 0x6A, 0x75, 0x44, 0xF3, 0x51, 0x9E, 0x20, 0xA7, 0xA7, 0xB4, 0x9E, 0x11, 0x16,
    0x1C, 0x9E, 0x11, 0x06, 0x9E, 0x98, 0x91, 0xCE, 0xE1, 0xE0, 0x8F, 0xE3, 0x28, 0x6B, 0x18, 0x3B,
    0x8A, 0x16, 0x52, 0x40, 0xC6, 0xF3, 0xA6, 0xD2, 0x41, 0x73, 0x4C, 0xEA, 0xF1, 0xCE, 0xE7, 0x54,
    0xDF, 0x52, 0xDF, 0xBC, 0xA7, 0x44, 0xF0, 0x74, 0x5C, 0x3C, 0xA0, 0xCB, 0x7E, 0x25, 0xE5, 0xAE,
    0xCC, 0x47, 0xC5, 0xCA, 0x8D, 0xF7, 0xC3, 0x45, 0x01, 0xAC, 0xEE, 0x4A, 0xF7, 0xFB, 0xD9, 0x2D,
    0xBC, 0x78, 0x66, 0x9A, 0xEB, 0xA4, 0x33, 0xE1, 0x62, 0xA9, 0xAE, 0xDF, 0x73, 0xD7, 0x4F, 0x23,
    0xE2, 0xE2, 0x26, 0x4E, 0x23, 0xB4, 0x3B, 0xC9, 0x32, 0x8D, 0xCD, 0xC1, 0x34, 0x16, 0x7A, 0x9A,
    0x87, 0x4C, 0xE3, 0x43, 0xF5, 0x70, 0xBF, 0x58, 0x22, 0xB5, 0xA3, 0x49, 0x27, 0xC2, 0xA9, 0xF5,
    0xBC, 0xF9, 0x53, 0x9D, 0x88, 0x1F, 0xEB, 0xB8, 0x3E, 0x09, 0xD6, 0xB3, 0xB9, 0x3F, 0x70, 0xBB,
    0x1A, 0xD7, 0xD6, 0xA5, 0xFC, 0x85, 0xD3, 0xF8, 0x92, 0x38, 0x73, 0x3D, 0xB1, 0x22, 0x34, 0x86,
    0xD7, 0x4C, 0x6C, 0xB4, 0x3A, 0xFC, 0x4D, 0x27, 0x16, 0xC3, 0xCF, 0xCC, 0xB5, 0x9D, 0x13, 0x3B,
    0x14, 0xF3, 0xC4, 0xDA, 0xE1, 0x6F, 0xEB, 0x89, 0xAD, 0xAE, 0x99, 0xD8, 0xFC, 0xC5, 0x13, 0x5B,
    0x5D, 0x99, 0x58, 0x19, 0x2B, 0xB9, 0x7C, 0x41, 0x71, 0xE4, 0xF8, 0x6B, 0x42, 0xA0, 0xD2, 0x1C,
    0xCB, 0xBB, 0x84, 0xB1, 0x00, 0x7D, 0xB6, 0x39, 0x71, 0x7E, 0x37, 0x97, 0xB7, 0x69, 0x4F, 0x91,
    0x3A, 0x59, 0x6D, 0xD3, 0x9E, 0xFA, 0xC0, 0x9C, 0x2E, 0x2A, 0xF0, 0x65, 0x58, 0x6F, 0xD3, 0xE9,
    0xC6, 0x6D, 0xAA, 0xAB, 0x57, 0x27, 0xEA, 0xA6, 0x6D, 0x1A, 0x1E, 0xDD, 0xA6, 0x0A, 0x9C, 0x83,
    0xF9, 0x95, 0x55, 0xA6, 0x5E, 0x94, 0x54, 0xBF, 0x45, 0xCC, 0x11, 0x08, 0x0D, 0x7A, 0x3C, 0xF0,
    0x90, 0x9C, 0x36, 0x3F, 0x36, 0xE4, 0xCA, 0xF5, 0x19, 0xC4, 0xF6, 0x2E, 0x83, 0xE7, 0x0C, 0x27,
    0x94, 0x52, 0x3B, 0x98, 0x21, 0xCD, 0x06, 0xB7, 0xA3, 0xD1, 0x1D, 0x19, 0x63, 0x79, 0x80, 0x5C,
    0x41, 0xEF, 0xA8, 0xBC, 0x07, 0xCA, 0x12, 0xD1, 0xBB, 0xA5, 0x68, 0x5E, 0x93, 0xCC, 0x6D, 0x48,
    0xF2, 0x38, 0xBF, 0xD4, 0x7A, 0x4C, 0xDC, 0xC4, 0x15, 0xF5, 0x1E, 0x3C, 0xEB, 0xDD, 0x52, 0xC8,
    0x98, 0x62, 0xEA, 0xCA, 0x5C, 0x6B, 0x9E, 0x63, 0xCD, 0x72, 0xBC, 0x4A, 0x19, 0xCC, 0x9B, 0x32,
    0x0E, 0x3C, 0x33, 0xCF, 0xAB, 0x57, 0x16, 0x04, 0x5E, 0x9F, 0x55, 0xD9, 0xCC, 0xC9, 0x73, 0x66,
    0x89, 0x2E, 0xB0, 0xD3, 0xD4, 0xCD, 0x39, 0xFA, 0x67, 0x74, 0x8E, 0x7E, 0x8D, 0x56, 0xE5, 0x93,
    0xB5, 0x87, 0x3C, 0x17, 0xB3, 0xE7, 0x3A, 0xFE, 0xDC, 0x8E, 0x86, 0x8F, 0x2C, 0xA5, 0x93, 0x46,
    0xFF, 0x4D, 0xF7, 0x7D, 0x12, 0xAE, 0x69, 0x4E, 0xC2, 0xB5, 0x64, 0xE2, 0xFA, 0xD5, 0x57, 0x0C,
    0x95, 0x3B, 0x21, 0x09, 0x17, 0xBD, 0x35, 0x95, 0x82, 0x27, 0xAB, 0xA3, 0x94, 0x67, 0x44, 0x92,
    0x1D, 0x29, 0x4C, 0x4B, 0x8F, 0x99, 0x8B, 0x90, 0x6E, 0xC2, 0xF1, 0x74, 0x92, 0x9C, 0x39, 0x1E,
    0x5C, 0xF0, 0xB5, 0x97, 0x09, 0x3A, 0x81, 0xF6, 0x0D, 0x61, 0x7C, 0xCD, 0x7C, 0xBA, 0xD8, 0xCE,
    0x9C, 0x34, 0xCE, 0x8E, 0x7C, 0x14, 0x27, 0x2B, 0xCD, 0x51, 0x57, 0xBE, 0xA5, 0xF6, 0xDF, 0xBF,
    0x98, 0x1E, 0xCD, 0xA6, 0x52, 0x93, 0x6D, 0x67, 0xE1, 0x76, 0x95, 0x3C, 0xE2, 0xE4, 0xDA, 0xB9,
    0x3F, 0xB7, 0x1A, 0xE9, 0x1C, 0xF1, 0xFD, 0xFD, 0x5E, 0xEB, 0x44, 0xE5, 0x5C, 0xE0, 0x26, 0x37,
    0x9F, 0xAA, 0xE4, 0x0F, 0x5A, 0x3A, 0xA5, 0x9E, 0x0E, 0xEF, 0xE7, 0xF3, 0x90, 0xEA, 0xAF, 0xA7,
    0xC8, 0x4B, 0xCB, 0xFA, 0xCE, 0x4E, 0x93, 0xDF, 0xBD, 0xF4, 0x06, 0xA7, 0x72, 0x1C, 0xE1, 0xFC,
    0x1D, 0x4F, 0xA0, 0xDF, 0x07, 0x5F, 0xFC, 0x09, 0xF4, 0xD5, 0xC1, 0x3E, 0xF8, 0x9C, 0x93, 0xD1,
    0x71, 0x1F, 0xA8, 0xEB, 0xF2, 0xB1, 0x35, 0x7F, 0xAB, 0xA0, 0x20, 0xE1, 0xA3, 0x63, 0x92, 0xFE,
    0x20, 0x69, 0xDD, 0xBB, 0x96, 0xAC, 0xEE, 0x2D, 0xFB, 0x7C, 0xFD, 0x30, 0x69, 0x1D, 0x33, 0x15,
    0xBC, 0x20, 0x69, 0x9D, 0x33, 0x9F, 0xA5, 0x6C, 0xF5, 0x11, 0xF2, 0xF3, 0xE6, 0x3D, 0x3D, 0xFD,
    0xA1, 0xE2, 0x61, 0x5E, 0xA7, 0x06, 0x05, 0x3E, 0xF8, 0xEC, 0x82, 0x02, 0xC7, 0xA3, 0x41, 0x81,
    0x9B, 0x9B, 0x82, 0x02, 0x5B, 0x0D, 0x0A, 0xBC, 0xC1, 0x89, 0x47, 0xDD, 0x9A, 0x6E, 0x99, 0x5F,
    0xD3, 0x01, 0x81, 0x17, 0x3E, 0x84, 0x21, 0x45, 0xAD, 0x96, 0x32, 0x64, 0x9C, 0x06, 0x56, 0xD1,
    0x7D, 0x5A, 0x0F, 0x61, 0x55, 0x96, 0x29, 0x66, 0x36, 0xB3, 0x70, 0xE2, 0xA9, 0x02, 0x9A, 0x6A,
    0xEC, 0x20, 0x1A, 0x70, 0x5C, 0x45, 0x03, 0x3A, 0xB5, 0xE4, 0xE2, 0x5E, 0xF2, 0x4F, 0xF7, 0x68,
    0xE8, 0xBE, 0x30, 0x6C, 0x2E, 0x68, 0xF0, 0x72, 0x34, 0xE0, 0xD5, 0x78, 0x3F, 0x65, 0x31, 0x7E,
    0x57, 0xB3, 0xB8, 0xF3, 0xD4, 0x14, 0x1D, 0xDF, 0xD3, 0x40, 0x33, 0x12, 0xF8, 0xEA, 0xEA, 0x14,
    0x15, 0x3A, 0x45, 0xC6, 0xD5, 0x52, 0x09, 0xBB, 0x8F, 0xF4, 0x39, 0x8A, 0xC0, 0xDC, 0x7B, 0xF5,
    0x12, 0x99, 0xA2, 0xA7, 0xC8, 0x68, 0x78, 0xAD, 0xAF, 0x66, 0xD8, 0xE4, 0xCA, 0xD3, 0x9C, 0x6B,
    0xDA, 0x86, 0x6D, 0xA1, 0x39, 0x2C, 0x33, 0xE6, 0xEB, 0x6B, 0x13, 0x9D, 0x22, 0xFA, 0x28, 0x2E,
    0x53, 0x84, 0xD9, 0xDC, 0x52, 0x34, 0xA0, 0x58, 0x8D, 0x29, 0xC2, 0x26, 0xC6, 0x14, 0xC5, 0x54,
    0x4B, 0xED, 0x1A, 0x57, 0x33, 0xFC, 0xB2, 0x46, 0xE0, 0x25, 0x35, 0x4D, 0x0C, 0xBC, 0x6C, 0x97,
    0xC0, 0xCB, 0x84, 0xE7, 0xDA, 0x46, 0xBB, 0xC7, 0x3E, 0xD8, 0x75, 0xED, 0xF3, 0xE6, 0x39, 0x96,
    0x7F, 0xA1, 0x1E, 0x08, 0x34, 0x48, 0x68, 0xE0, 0x25, 0x2D, 0xE6, 0x77, 0xCD, 0xDF, 0x14, 0x19,
    0xB3, 0xF6, 0x58, 0x6A, 0x15, 0xE8, 0xEE, 0xC0, 0x20, 0xA6, 0xE1, 0xFF, 0x02, 0xE5, 0x5B, 0xBD,
    0x8E, 0xDC, 0xD6, 0x15, 0xBE, 0x24, 0xE5, 0x21, 0x6C, 0x02, 0xA6, 0x0A, 0x15, 0x4A, 0x1C, 0x6B,
    0x5C, 0xB8, 0x48, 0x02, 0x5B, 0x6C, 0x55, 0xAC, 0x44, 0x06, 0x01, 0x92, 0x22, 0x45, 0x8C, 0xBC,
    0x40, 0x94, 0x32, 0x4D, 0xB6, 0x71, 0xA1, 0x00, 0x6B, 0x91, 0xCE, 0x0B, 0x64, 0xDF, 0xC0, 0x2E,
    0xD2, 0x47, 0x85, 0x0B, 0x15, 0x5A, 0x91, 0x41, 0x0A, 0xB7, 0x8C, 0x9F, 0x80, 0x06, 0x0C, 0xA4,
    0x0C, 0x0B, 0x22, 0xA6, 0x10, 0x0E, 0x99, 0xF3, 0x7D, 0xE7, 0x72, 0x86, 0xDC, 0xD9, 0xDD, 0xEC,
    0x3A, 0xD2, 0x6A, 0x67, 0x3D, 0x18, 0x9D, 0xAB, 0x25, 0x39, 0xF7, 0xE7, 0x7C, 0xF7, 0xFC, 0xDE,
    0x43, 0x63, 0x9C, 0xD6, 0xE0, 0xE3, 0x75, 0xDA, 0xAC, 0xD8, 0x04, 0x03, 0x9B, 0x30, 0x65, 0xB3,
    0x8C, 0x33, 0x34, 0x77, 0xA3, 0x02, 0xCD, 0xFD, 0x25, 0x9B, 0x83, 0xB0, 0x42, 0xD3, 0x06, 0x35,
    0x9A, 0xDA, 0x6F, 0x84, 0xBA, 0xB5, 0x87, 0xDE, 0xBC, 0xD2, 0x45, 0x6F, 0x7E, 0xE1, 0xA0, 0xB7,
    0x20, 0x33, 0xE8, 0x2D, 0x4C, 0x4C, 0x8E, 0xBE, 0x86, 0x61, 0x90, 0xDE, 0x62, 0x69, 0xA4, 0x9B,
    0xFB, 0xC6, 0xA0, 0xD3, 0x67, 0x72, 0x5B, 0x7A, 0x93, 0xDF, 0x86, 0xB5, 0x71, 0xA4, 0x43, 0xE9,
    0xCD, 0x95, 0x46, 0x7A, 0xF3, 0x6A, 0xCE, 0x2D, 0x68, 0x38, 0x29, 0xFC, 0x68, 0x18, 0x6A, 0xDB,
    0x98, 0x63, 0x1F, 0xA7, 0x99, 0x2D, 0x65, 0xD6, 0xE8, 0xBD, 0xBC, 0x47, 0x37, 0x43, 0x69, 0x96,
    0x8D, 0x8C, 0x14, 0x95, 0x32, 0xC0, 0xB2, 0x40, 0xF7, 0x05, 0x67, 0x3C, 0x23, 0x4E, 0x3E, 0x74,
    0x26, 0x1C, 0x84, 0xC4, 0x8D, 0xFC, 0x99, 0x67, 0x42, 0x06, 0xDC, 0xE8, 0x95, 0x78, 0x96, 0xE4,
    0x26, 0x94, 0x47, 0xB2, 0x47, 0xBD, 0xAC, 0xAD, 0x1A, 0x4A, 0x77, 0x48, 0xA4, 0xFF, 0xCD, 0xC7,
    0xC7, 0x1F, 0x61, 0x3D, 0x23, 0xBC, 0x66, 0x82, 0x9E, 0x0F, 0x44, 0x83, 0xB2, 0xD5, 0x27, 0x3F,
    0x6F, 0x7A, 0xBA, 0x2C, 0xFD, 0xCB, 0xA4, 0xBC, 0xE7, 0xE8, 0x93, 0xA6, 0x9E, 0x35, 0x1F, 0xCD,
    0xD6, 0xAE, 0xCB, 0x74, 0x15, 0x3F, 0x4F, 0xF1, 0xF3, 0x47, 0x18, 0x13, 0x36, 0x71, 0x31, 0x85,
    0x51, 0xF1, 0x3B, 0xE0, 0x84, 0xCC, 0x53, 0x0B, 0x23, 0xF1, 0x73, 0x6A, 0x32, 0xCD, 0x2B, 0x89,
    0x9F, 0x57, 0x98, 0x5E, 0x61, 0xCC, 0x15, 0x46, 0xF4, 0x66, 0x61, 0x8C, 0xD6, 0x30, 0x86, 0xB2,
    0xA4, 0x83, 0x35, 0x8C, 0x7E, 0xCD, 0x59, 0x7A, 0x0A, 0xA3, 0xB0, 0xCB, 0xD3, 0x06, 0x30, 0xFA,
    0x5B, 0x30, 0x2E, 0x31, 0x68, 0x3A, 0x48, 0xB7, 0x5F, 0x2C, 0xA5, 0xD3, 0x9B, 0x21, 0x26, 0x88,
    0xFF, 0x39, 0x98, 0xBF, 0x6E, 0xA9, 0x62, 0x24, 0x9B, 0xCF, 0x2B, 0x04, 0xF3, 0x00, 0x60, 0xD6,
    0x39, 0xC0, 0x4C, 0x89, 0x95, 0xF3, 0x17, 0xE5, 0xAB, 0xEE, 0xB0, 0xA0, 0xE4, 0xC6, 0x0A, 0x55,
    0x54, 0x6E, 0x51, 0x46, 0x3E, 0xA3, 0x8C, 0x3C, 0x50, 0x68, 0x1B, 0x87, 0xEC, 0xCC, 0xCC, 0x2D,
    0xB3, 0xF5, 0x71, 0xE6, 0xDB, 0xB3, 0x9F, 0x0B, 0x5C, 0x72, 0x92, 0xC0, 0x95, 0x67, 0x08, 0x5C,
    0x37, 0x13, 0xB8, 0xFE, 0x1C, 0x02, 0x57, 0xFE, 0x3F, 0x02, 0xE7, 0x7E, 0x8E, 0x11, 0x30, 0x93,
    0x65, 0x22, 0x0F, 0x49, 0x7F, 0xCB, 0x4E, 0x36, 0x62, 0xFC, 0x58, 0xAE, 0x74, 0x72, 0xC9, 0xAB,
    0xBC, 0xD2, 0xB8, 0xC9, 0x7C, 0x73, 0x5E, 0x96, 0xD8, 0x59, 0x94, 0x8C, 0xB2, 0xD6, 0x3C, 0xD0,
    0x26, 0xFC, 0x39, 0xFF, 0x76, 0x7E, 0xA5, 0x3C, 0xFE, 0x5E, 0x20, 0xF5, 0x13, 0x8C, 0x1C, 0x73,
    0xA2, 0x98, 0x99, 0x5B, 0xE5, 0x32, 0xDD, 0xDF, 0xA1, 0x5F, 0xEF, 0x5B, 0xE9, 0x2E, 0xFC, 0x9B,
    0xFC, 0xE8, 0x2E, 0xC6, 0x78, 0xDF, 0xBC, 0x31, 0x5D, 0x72, 0x30, 0xC8, 0xDD, 0x7C, 0x58, 0x89,
    0xE8, 0x25, 0x03, 0xB4, 0x49, 0x9C, 0x09, 0x17, 0x44, 0x71, 0x3C, 0xA3, 0xA2, 0x9E, 0x93, 0x77,
    0x74, 0xB0, 0xA1, 0xF0, 0x86, 0x24, 0x2A, 0x82, 0x56, 0xAE, 0x01, 0xDE, 0x42, 0x26, 0x4C, 0x12,
    0x2B, 0x11, 0x36, 0xC8, 0x23, 0xAD, 0xFF, 0xE7, 0xCA, 0x19, 0xFA, 0x70, 0x65, 0xA2, 0x26, 0xA4,
    0x96, 0xCA, 0xC9, 0x3A, 0x67, 0x50, 0x4D, 0xF7, 0xB3, 0x99, 0x72, 0xF3, 0x55, 0xC2, 0x96, 0x3A,
    0xA7, 0x37, 0xC9, 0xEA, 0x7F, 0xF1, 0xF9, 0x38, 0x50, 0xE6, 0x52, 0xA1, 0x3B, 0x87, 0xE6, 0xC7,
    0x97, 0x8B, 0x9B, 0x99, 0xE3, 0x96, 0x9E, 0x84, 0xDB, 0x72, 0x86, 0x9B, 0xAF, 0xB8, 0x8D, 0xBA,
    0x50, 0x71, 0x73, 0x14, 0x37, 0x6F, 0x5B, 0xC2, 0xDC, 0x9E, 0x8A, 0x1B, 0xDA, 0xCF, 0x5F, 0x2B,
    0x3D, 0xCA, 0xDA, 0x01, 0x64, 0xED, 0x7D, 0x19, 0x28, 0xA7, 0xAC, 0x65, 0xD2, 0x9F, 0x4F, 0x59,
    0xFB, 0xFC, 0x32, 0x65, 0xAD, 0x1E, 0x6A, 0x91, 0xB5, 0x5C, 0x66, 0x1A, 0x25, 0x7B, 0x18, 0x70,
    0x68, 0x1E, 0x81, 0xE7, 0x55, 0x4E, 0xF5, 0x50, 0x2C, 0xA7, 0xC6, 0xCF, 0x55, 0x08, 0x7C, 0x85,
    0x20, 0x1C, 0xC8, 0xFB, 0xF8, 0xD7, 0x64, 0xFA, 0x33, 0xB0, 0x43, 0x7E, 0x67, 0xBE, 0xB8, 0x5E,
    0x3A, 0xF2, 0xC8, 0x3C, 0x81, 0xF4, 0xD4, 0xC6, 0xFB, 0xEA, 0xEB, 0xCA, 0xF8, 0x59, 0x5E, 0x18,
    0x3F, 0x59, 0x26, 0xA3, 0x80, 0x61, 0x4A, 0x4B, 0xCC, 0x24, 0xC5, 0xDE, 0x69, 0xC3, 0x0C, 0x33,
    0xAB, 0xB6, 0x38, 0x70, 0x79, 0x9E, 0x8A, 0x77, 0x0C, 0x23, 0x75, 0x4A, 0x7E, 0x4B, 0xB6, 0x7E,
    0xA2, 0x6E, 0xC8, 0x99, 0x4A, 0xF2, 0xFB, 0xE4, 0x3F, 0x72, 0xB2, 0x44, 0x2F, 0xC6, 0xD4, 0x8E,
    0x62, 0xDC, 0x08, 0x0A, 0xE3, 0x65, 0x4E, 0xF5, 0x7A, 0xD0, 0x3B, 0x87, 0x9F, 0x49, 0xDF, 0x0C,
    0x98, 0x66, 0x53, 0xAB, 0xF8, 0x94, 0xF4, 0xF0, 0xF0, 0xA1, 0x2A, 0x5D, 0x32, 0xA3, 0x53, 0xE7,
    0x33, 0xD5, 0x8E, 0x97, 0x2A, 0xAE, 0xA3, 0x51, 0xBD, 0x3E, 0x4E, 0x0C, 0x27, 0x46, 0xE3, 0xF8,
    0x6C, 0xB4, 0x38, 0x2E, 0x04, 0xA1, 0x12, 0xEA, 0xF4, 0x7F, 0x95, 0x11, 0x06, 0x2C, 0x7D, 0xD9,
    0x9A, 0xD7, 0x28, 0x96, 0x2A, 0x3A, 0xA2, 0x64, 0x95, 0xB5, 0xEA, 0xFA, 0x5A, 0x45, 0x71, 0xF8,
    0xF0, 0xFB, 0x87, 0x1A, 0x15, 0xCB, 0x63, 0xB2, 0xC4, 0xE8, 0x48, 0xB0, 0x36, 0x57, 0x0D, 0x35,
    0x5F, 0x47, 0x0F, 0x95, 0xB5, 0x37, 0x96, 0xD6, 0x03, 0xD5, 0x86, 0xBB, 0xCD, 0x24, 0xD5, 0xCD,
    0x09, 0x78, 0xAD, 0x3B, 0x05, 0x2F, 0x1A, 0xC8, 0xFD, 0xC5, 0x8B, 0x33, 0xC0, 0x5B, 0x5D, 0x18,
    0xBC, 0xFA, 0xC2, 0xE0, 0x25, 0x17, 0x05, 0xAF, 0x3B, 0x1B, 0x3C, 0x0D, 0x18, 0x30, 0xD6, 0x0D,
    0xFA, 0x0C, 0x7B, 0x8C, 0x32, 0xAD, 0x77, 0xC3, 0x90, 0xC1, 0xE1, 0x30, 0x57, 0x00, 0xC1, 0x28,
    0xFB, 0x40, 0xBD, 0x9A, 0x03, 0xF5, 0x6A, 0x9A, 0x6D, 0xAF, 0xE6, 0x23, 0x73, 0xF3, 0x54, 0xF1,
    0x3B, 0x0F, 0x82, 0xBB, 0x28, 0x7E, 0xCF, 0xC5, 0x4D, 0x73, 0x87, 0x52, 0xBC, 0x9A, 0x7F, 0x0C,
    0xF0, 0x6A, 0xAC, 0x31, 0xD1, 0xCF, 0xD5, 0x42, 0xB0, 0x12, 0x07, 0x6C, 0x03, 0xCF, 0x91, 0xBA,
    0x30, 0xB1, 0x66, 0x59, 0xAC, 0x76, 0x74, 0x5B, 0x73, 0x41, 0x4F, 0x26, 0x3F, 0xAF, 0x27, 0xD3,
    0xCC, 0x3C, 0x99, 0x6A, 0xE6, 0xC9, 0x14, 0x0A, 0x4F, 0x76, 0xA6, 0x27, 0xB3, 0xDC, 0xC0, 0xD3,
    0xD0, 0x5F, 0x04, 0x3C, 0xFE, 0x4B, 0xF6, 0x64, 0x64, 0xDF, 0x88, 0xD7, 0x52, 0x4B, 0x84, 0xE1,
    0x10, 0xB1, 0x1C, 0x13, 0x5B, 0x36, 0x97, 0x0A, 0xDB, 0x1F, 0x2F, 0xE8, 0xC9, 0xE4, 0xC2, 0xA9,
    0xDE, 0xEC, 0x93, 0x22, 0x4A, 0x7A, 0x6E, 0x10, 0x8C, 0x3D, 0x20, 0xBD, 0x4B, 0x7A, 0x87, 0xF4,
    0x4D, 0x52, 0x73, 0x3A, 0x1D, 0xEC, 0x4E, 0x05, 0x3D, 0xFB, 0xC9, 0x35, 0x95, 0x28, 0x4B, 0xA8,
    0x97, 0x81, 0xFA, 0xA4, 0x61, 0x06, 0x91, 0x8B, 0x32, 0xCC, 0x67, 0xC8, 0xF2, 0x41, 0xD1, 0x9C,
    0x7E, 0xD4, 0xE7, 0xD7, 0xA4, 0xDB, 0x94, 0xF2, 0x7A, 0xF4, 0x42, 0xC4, 0x69, 0x28, 0x02, 0xE1,
    0x2A, 0xF8, 0x19, 0x27, 0x4E, 0x27, 0x16, 0xBF, 0x97, 0x8D, 0x21, 0xAB, 0x23, 0xD7, 0xD9, 0xE5,
    0xC0, 0xD5, 0xEA, 0x44, 0x00, 0x11, 0x36, 0x0E, 0x34, 0x85, 0xEC, 0xC3, 0x1B, 0xA2, 0x1C, 0x3E,
    0xF0, 0x5B, 0xA7, 0x73, 0x98, 0x43, 0xEB, 0x93, 0x19, 0x03, 0xC1, 0xB5, 0xF1, 0x1F, 0x19, 0x9A,
    0x57, 0xCC, 0x0B, 0xAA, 0xD2, 0x80, 0x1D, 0x75, 0xD4, 0x05, 0x52, 0x9B, 0x1A, 0x70, 0x6F, 0x2C,
    0xB9, 0x91, 0x97, 0x13, 0x9B, 0xB5, 0x49, 0x0E, 0xEC, 0x00, 0xF7, 0xA1, 0x76, 0x72, 0xD9, 0xCD,
    0xCC, 0x22, 0x22, 0xEF, 0x81, 0x18, 0x79, 0xD0, 0x0C, 0x22, 0x0D, 0xCD, 0x24, 0x7F, 0xF8, 0x72,
    0xF8, 0xFF, 0xA3, 0x19, 0xFF, 0x83, 0xD6, 0x1C, 0x42, 0xA0, 0x3F, 0x15, 0x7E, 0x3F, 0x62, 0x5A,
    0xF7, 0xA1, 0xDB, 0x9F, 0xA0, 0x68, 0x8E, 0xF3, 0x12, 0x4B, 0x59, 0xF3, 0x72, 0xCA, 0xD1, 0x1F,
    0xBC, 0x32, 0x5E, 0x2A, 0x17, 0x83, 0x09, 0x2F, 0xE3, 0x19, 0x2F, 0xDD, 0xE1, 0xF0, 0x9E, 0x48,
    0x72, 0xF3, 0xAE, 0x93, 0x97, 0xB3, 0xA9, 0xBF, 0xA2, 0x7D, 0xFB, 0x56, 0xB2, 0x4E, 0x58, 0x21,
    0x8D, 0x2C, 0x92, 0x02, 0xA9, 0x1F, 0xBE, 0x96, 0xCB, 0xEE, 0xBF, 0x5B, 0xEE, 0xE9, 0x23, 0x6E,
    0x4D, 0x6C, 0xCE, 0x5B, 0xC6, 0x49, 0xCE, 0xE2, 0xE7, 0xD5, 0xD4, 0x0C, 0xEE, 0xE1, 0x18, 0x8A,
    0x89, 0x02, 0x08, 0x6B, 0x71, 0x81, 0x22, 0x64, 0x4E, 0x1F, 0x43, 0xFE, 0x5A, 0x64, 0x4E, 0x4B,
    0xD1, 0xC6, 0xEE, 0xB1, 0xB4, 0xBE, 0xB0, 0x9B, 0xFC, 0x36, 0x60, 0xB8, 0x6A, 0x5E, 0xB0, 0x1C,
    0xD1, 0x41, 0x0F, 0xA6, 0x0E, 0x18, 0x30, 0x57, 0x82, 0x81, 0x94, 0xF4, 0xEB, 0x19, 0xD2, 0x7A,
    0xD1, 0x76, 0xD1, 0xBF, 0x00, 0xFB, 0x91, 0x9E, 0xFA, 0xC0, 0x00, 0x00, 0x43, 0x04, 0x08, 0xC1,
    0x0F, 0x55, 0x63, 0x15, 0x66, 0x13, 0x35, 0xD6, 0xD4, 0x56, 0xB7, 0x98, 0x9E, 0x3B, 0x86, 0x41,
    0xB2, 0x93, 0x18, 0xFC, 0x9E, 0x6C, 0x30, 0x6A, 0x81, 0xA1, 0x05, 0xC1, 0x9C, 0xDF, 0x60, 0x18,
    0xFF, 0x9F, 0xC8, 0x89, 0x7E, 0xDA, 0xC0, 0x0C, 0x8B, 0x21, 0x7E, 0x6F, 0x9E, 0x13, 0x15, 0x59,
    0x80, 0x5F, 0x27, 0x1A, 0x32, 0x4F, 0x06, 0xC3, 0x74, 0xA8, 0xD7, 0x08, 0xAF, 0xFC, 0x5A, 0x5C,
    0x29, 0x31, 0xFA, 0x61, 0x2D, 0x0E, 0x40, 0x60, 0x89, 0x0C, 0x64, 0x09, 0xF8, 0xA6, 0xA4, 0x1E,
    0x33, 0x07, 0x74, 0x0D, 0xA0, 0x8D, 0x12, 0xF1, 0x07, 0xC4, 0x00, 0xA7, 0x99, 0x70, 0x5C, 0xFC,
    0x00, 0x64, 0x41, 0xBF, 0xD9, 0x28, 0xE0, 0x88, 0x8E, 0xC8, 0xCD, 0x03, 0x33, 0xBA, 0xCA, 0x6A,
    0xB3, 0xE3, 0xBF, 0x03, 0x90, 0xE1, 0x2B, 0xC8, 0xC4, 0x7F, 0xD8, 0x5D, 0xD5, 0xD1, 0xDB, 0x13,
    0xF6, 0x9A, 0xDB, 0x66, 0xB1, 0xAD, 0x63, 0x3A, 0xE2, 0xD1, 0x51, 0xC7, 0x74, 0xE4, 0xD4, 0x01,
    0xE9, 0xDE, 0x84, 0xDE, 0x3E, 0x07, 0x1E, 0xD9, 0x48, 0xCF, 0x89, 0xC7, 0x22, 0x99, 0x6A, 0x97,
    0x0D, 0x1E, 0xE9, 0x31, 0x99, 0x80, 0x1B, 0x86, 0xBC, 0x93, 0x13, 0x5A, 0x83, 0xF3, 0xA1, 0x30,
    0xEB, 0x09, 0xE5, 0x22, 0x95, 0xAD, 0xD6, 0x46, 0xE2, 0x40, 0xF9, 0xC5, 0x02, 0x99, 0xA7, 0x97,
    0xA1, 0x7F, 0xCC, 0x5A, 0xFF, 0xEC, 0x05, 0xAD, 0xD3, 0xCA, 0xEE, 0xAF, 0x4C, 0x24, 0x9B, 0xDF,
    0x6B, 0x60, 0x19, 0xC2, 0xE1, 0x97, 0x42, 0x3F, 0x64, 0x92, 0x72, 0xCF, 0x59, 0x6D, 0x38, 0xA9,
    0x3E, 0x1F, 0xED, 0xA7, 0x43, 0x57, 0xCB, 0xAB, 0xC9, 0xF7, 0x2C, 0xE6, 0x8C, 0x83, 0x6C, 0xD7,
    0x74, 0xD1, 0x91, 0x79, 0x22, 0x3E, 0x57, 0xED, 0x7D, 0xF9, 0x75, 0xE5, 0x27, 0xC2, 0x4B, 0x8D,
    0xA8, 0x75, 0xA3, 0x46, 0xB2, 0xB4, 0xE7, 0x8F, 0x65, 0xC3, 0x85, 0x99, 0x9F, 0xB9, 0x97, 0xA0,
    0xFB, 0x23, 0x8E, 0x11, 0xD7, 0x1A, 0x74, 0xD1, 0x37, 0xA7, 0xCB, 0x5C, 0x3D, 0xE0, 0xDE, 0x0E,
    0x93, 0x5D, 0xD5, 0xF7, 0xE7, 0xF5, 0x04, 0xC9, 0x75, 0x11, 0x84, 0x54, 0xB6, 0x5C, 0x17, 0x8B,
    0xB7, 0x1F, 0x14, 0x7E, 0xE6, 0x94, 0xAF, 0xDA, 0xE2, 0x9E, 0xE6, 0x29, 0xFA, 0xF0, 0xCA, 0xCB,
    0x77, 0xFD, 0xEA, 0x86, 0x04, 0x1C, 0x12, 0x3B, 0xA5, 0x3C, 0xF2, 0xD0, 0xF3, 0xDC, 0x8F, 0x94,
    0x67, 0x9D, 0x7C, 0x83, 0x21, 0x11, 0x5B, 0xE4, 0x7E, 0xD7, 0x2F, 0x22, 0x08, 0x71, 0xFB, 0xB5,
    0xAB, 0x5E, 0xB4, 0x6B, 0x79, 0x5F, 0xD4, 0xA9, 0x87, 0x4C, 0x81, 0x93, 0x17, 0xCE, 0x0B, 0x84,
    0xA6, 0xCE, 0x18, 0xD6, 0xE4, 0x1D, 0xBE, 0x3E, 0x7F, 0x75, 0xFE, 0xFE, 0xFD, 0xB1, 0xFF, 0x97,
    0x3E, 0x61, 0x3B, 0xAD, 0x66, 0x73, 0x57, 0xFE, 0x7F, 0xFC, 0x4F, 0xF3, 0x72, 0x26, 0x7F, 0xF2,
    0x58, 0x0E, 0x60, 0x87, 0xE5, 0x10, 0x16, 0x0D, 0x87, 0x8B, 0x15, 0x63, 0xBB, 0x34, 0x81, 0x91,
    0x09, 0x0B, 0x58, 0xF1, 0x80, 0xD6, 0xDB, 0x6B, 0x62, 0x18, 0x8B, 0x36, 0x65, 0xF2, 0x01, 0x3B,
    0xC2, 0x59, 0xD1, 0x23, 0x58, 0xA9, 0x87, 0x70, 0x1A, 0xD5, 0x67, 0xF4, 0x79, 0xFD, 0xAD, 0xF6,
    0x83, 0xA0, 0xDF, 0x6B, 0x42, 0xF6, 0x8F, 0xB1, 0xE8, 0x8F, 0x60, 0x97, 0x71, 0x0E, 0x98, 0x4F,
    0x35, 0xCE, 0x6D, 0xF6, 0x51, 0x8F, 0x42, 0xF3, 0x50, 0x53, 0xCA, 0xEB, 0xD0, 0xC0, 0x2E, 0x93,
    0x44, 0xCD, 0xA2, 0x83, 0x0B, 0x92, 0x63, 0xCF, 0xC6, 0x59, 0x8A, 0x88, 0x38, 0xC7, 0x20, 0x03,
    0xFC, 0x26, 0x08, 0x5A, 0x75, 0x12, 0xE1, 0x5D, 0x3E, 0x27, 0x13, 0x89, 0x0A, 0xFE, 0x56, 0x36,
    0x7C, 0x2E, 0xEE, 0xF8, 0x02, 0xE7, 0x98, 0x50, 0x2A, 0xD3, 0x3D, 0xBF, 0x0E, 0x81, 0xBB, 0x19,
    0xD1, 0x90, 0x39, 0x55, 0x2D, 0xBF, 0x62, 0x4A, 0x98, 0xBE, 0x42, 0xA2, 0x4E, 0x29, 0xE9, 0x82,
    0x56, 0x21, 0xE4, 0x93, 0x61, 0xB2, 0x89, 0x92, 0xDE, 0x9A, 0x74, 0x9D, 0xF7, 0x9A, 0x3C, 0x93,
    0x87, 0xF2, 0xC3, 0x05, 0xE3, 0x5D, 0x99, 0x10, 0x91, 0xA9, 0x90, 0xCE, 0xF1, 0x6A, 0xC4, 0xF9,
    0x6E, 0x0B, 0x8E, 0x52, 0x92, 0x2D, 0xA7, 0x2D, 0xD7, 0x29, 0xC3, 0x26, 0x3F, 0x8D, 0xEA, 0x33,
    0xFA, 0xBC, 0xFE, 0x56, 0xFB, 0xD1, 0x3E, 0x43, 0xF6, 0xCF, 0xB1, 0x4A, 0x1D, 0x57, 0xE7, 0x60,
    0xE7, 0xA3, 0x73, 0x7B, 0xE7, 0x05, 0xD3, 0x21, 0xF2, 0xBF, 0x7B, 0xD8, 0x29, 0xB6, 0xDA, 0xA2,
    0xC0, 0xED, 0x75, 0xB5, 0x45, 0x69, 0x93, 0xAB, 0x53, 0xE5, 0x7F, 0x89, 0x30, 0x69, 0x46, 0x0D,
    0x55, 0x16, 0x8B, 0xCF, 0xC1, 0xE7, 0xA8, 0xBD, 0x0F, 0x6C, 0x56, 0xEF, 0x63, 0xC1, 0x50, 0x6A,
    0x5E, 0x8D, 0x59, 0x87, 0x89, 0x53, 0x9F, 0x14, 0x5E, 0x5D, 0x7D, 0x0C, 0x6C, 0x7E, 0x9E, 0xEB,
    0x94, 0x95, 0xF8, 0x9D, 0x58, 0xE0, 0x70, 0x75, 0x4B, 0x9E, 0x46, 0x87, 0xCF, 0x02, 0x09, 0x04,
    0x6A, 0xB7, 0x86, 0xD9, 0x7B, 0xF8, 0x3A, 0x30, 0x08, 0x8B, 0x4D, 0x09, 0x92, 0xD3, 0x2C, 0x70,
    0xBE, 0x7C, 0x40, 0xA7, 0xF4, 0x76, 0x4A, 0x09, 0xB8, 0x0E, 0x18, 0xFC, 0x74, 0x7D, 0x24, 0xC6,
    0xB3, 0x15, 0xA7, 0x46, 0xA9, 0xD5, 0x7B, 0x3C, 0x10, 0xFD, 0xB6, 0xC6, 0x45, 0xA4, 0xE2, 0xE0,
    0x19, 0xDD, 0x9A, 0x7B, 0xD6, 0x2E, 0x3C, 0xF5, 0x08, 0x3E, 0x7B, 0x9E, 0xEC, 0x17, 0x38, 0xC7,
    0x47, 0xAA, 0xCF, 0x6B, 0xC5, 0x7C, 0xB9, 0x9D, 0x0C, 0xE9, 0x74, 0xD0, 0x6D, 0x2B, 0x78, 0xFE,
    0xFD, 0x89, 0x04, 0x77, 0xF9, 0x1C, 0x32, 0xAF, 0x1D, 0x7F, 0x2B, 0xDE, 0xA6, 0x5C, 0xC9, 0xB3,
    0xFD, 0x12, 0x33, 0x4C, 0xC6, 0x68, 0x40, 0x0F, 0x13, 0xF4, 0x2C, 0xE1, 0xC6, 0x34, 0x2B, 0xF3,
    0x07, 0x48, 0x6C, 0xC9, 0x98, 0xA0, 0x86, 0xA8, 0xD2, 0x4C, 0xB8, 0xED, 0x73, 0xAA, 0x54, 0x38,
    0x15, 0xE1, 0xF1, 0x5A, 0xA9, 0x9D, 0x90, 0x89, 0x9E, 0xEC, 0xDD, 0xAA, 0x7C, 0xF0, 0xBB, 0xBD,
    0x51, 0x3A, 0x30, 0xC0, 0x91, 0x6C, 0x3B, 0xA7, 0x76, 0x2B, 0xE3, 0x66, 0xAF, 0x47, 0x3A, 0xC4,
    0x28, 0x9A, 0x47, 0xA8, 0xD1, 0x28, 0xB1, 0xA0, 0x5F, 0xC0, 0xE6, 0xDD, 0x31, 0xFB, 0x1B, 0x97,
    0x4F, 0x6D, 0x5B, 0xD4, 0xAD, 0xD9, 0xA3, 0xE6, 0xD3, 0xAB, 0x82, 0x9D, 0xD6, 0x59, 0x8F, 0xCD,
    0x3D, 0xE9, 0xA2, 0x78, 0x64, 0xDC, 0xAF, 0x1A, 0x71, 0xD5, 0x0A, 0x31, 0x95, 0x5E, 0xB6, 0x1C,
    0x97, 0xED, 0x77, 0xE3, 0x56, 0x8D, 0xF7, 0xE5, 0xE1, 0x4E, 0x94, 0xB7, 0x58, 0x91, 0xED, 0xA5,
    0x5E, 0x9E, 0x19, 0xB1, 0x30, 0x50, 0x86, 0x54, 0x6D, 0x75, 0xB1, 0x59, 0xAB, 0xAD, 0xEC, 0x84,
    0x9A, 0x0B, 0x73, 0xBD, 0x1C, 0x2B, 0xBA, 0x35, 0xC1, 0x8A, 0xEB, 0x01, 0x0F, 0xD0, 0x7D, 0xEB,
    0x55, 0x38, 0xEB, 0x7E, 0xF2, 0xBA, 0x2C, 0xFB, 0xFF, 0x74, 0xC0, 0x4C, 0x6C, 0x0B, 0x5F, 0xB3,
    0x49, 0xD8, 0x65, 0x8F, 0x6B, 0xC6, 0x72, 0x86, 0x93, 0xB9, 0xC0, 0x13, 0x13, 0x61, 0x11, 0xF2,
    0x64, 0xC2, 0x2F, 0x31, 0x9F, 0x64, 0x5E, 0xC5, 0x0D, 0x9D, 0x14, 0x84, 0xF0, 0xCB, 0x8C, 0xA2,
    0xB4, 0x62, 0xFC, 0x25, 0x4F, 0x50, 0x08, 0x5A, 0x4D, 0x0A, 0x75, 0x9A, 0x27, 0x5B, 0x69, 0xCE,
    0xAC, 0xD7, 0xA1, 0xF3, 0x33, 0x1B, 0x95, 0x2A, 0xFD, 0x5D, 0xAF, 0xBD, 0xAC, 0xB4, 0xCF, 0xCE,
    0xA8, 0x64, 0x19, 0x15, 0x2D, 0xA3, 0xB2, 0x65, 0x85, 0xDA, 0x4A, 0xF8, 0x28, 0x5E, 0x6B, 0xFD,
    0x17, 0xA8, 0xBE, 0xAF, 0x36, 0xC5, 0x1A, 0xCC, 0xCD, 0x1B, 0x5E, 0x96, 0x88, 0xF0, 0x58, 0x18,
    0x29, 0x3C, 0x0D, 0x0B, 0xB0, 0x37, 0xC8, 0x04, 0xB9, 0x55, 0x48, 0xE8, 0x3E, 0x21, 0x76, 0x95,
    0x21, 0x78, 0x98, 0x99, 0x2C, 0x98, 0x00, 0x31, 0x52, 0xAD, 0x4E, 0xA5, 0xFA, 0x0C, 0x51, 0x34,
    0x84, 0x51, 0xF7, 0x80, 0x21, 0x90, 0x8A, 0xA4, 0x85, 0x72, 0x14, 0xAF, 0x76, 0x7A, 0x4C, 0xA6,
    0xAC, 0x58, 0xD7, 0x98, 0x04, 0x8A, 0xC8, 0x96, 0xAA, 0xBB, 0x1E, 0x48, 0xD9, 0x72, 0x6C, 0x3D,
    0x12, 0xD4, 0xA3, 0x40, 0x5D, 0xB0, 0x5D, 0xEF, 0xBD, 0xAB, 0x85, 0x94, 0x06, 0x35, 0x36, 0xAA,
    0x19, 0xC3, 0x9A, 0x31, 0xAE, 0xB1, 0x39, 0x77, 0x8D, 0x6C, 0x6C, 0x68, 0x63, 0x63, 0x9B, 0x51,
    0xD0, 0xDE, 0xBA, 0x36, 0x12, 0xC6, 0xD0, 0x47, 0x63, 0x1F, 0x0D, 0x7E, 0x6C, 0xF4, 0xA3, 0x89,
    0x6F, 0xC6, 0x3F, 0x1A, 0x00, 0x69, 0x04, 0x84, 0x10, 0x48, 0x37, 0xF4, 0xD9, 0x48, 0x1E, 0x5C,
    0x16, 0x92, 0xE2, 0x10, 0xDE, 0x66, 0x8D, 0x01, 0x2B, 0x2F, 0xF7, 0x96, 0x15, 0x8A, 0xB8, 0x3E,
    0xF6, 0x98, 0x94, 0x7C, 0x38, 0xAA, 0xCC, 0xEB, 0x26, 0x6C, 0xC3, 0xE1, 0x87, 0x3C, 0x82, 0x96,
    0x67, 0xDE, 0x76, 0xF2, 0xEA, 0x8D, 0x89, 0x9E, 0xB9, 0x22, 0xB0, 0x5C, 0x27, 0x1B, 0x74, 0xDA,
    0x16, 0xDA, 0x6E, 0xFC, 0x31, 0x45, 0xB9, 0x8D, 0x48, 0x74, 0x15, 0x10, 0x99, 0xD7, 0x42, 0x68,
    0xF1, 0xC3, 0x94, 0xF2, 0x3A, 0x8B, 0x15, 0x50, 0x46, 0xC1, 0xC6, 0x17, 0xCD, 0xE0, 0xAA, 0xCF,
    0xA7, 0x19, 0x37, 0x64, 0x3D, 0x2F, 0xBB, 0xC1, 0xD1, 0x03, 0x0C, 0x09, 0x0E, 0xAE, 0x2B, 0x3A,
    0x42, 0x88, 0x1B, 0xA2, 0x86, 0xD8, 0x06, 0x36, 0x25, 0xB8, 0x7F, 0x3C, 0xC5, 0x7C, 0xAE, 0xAA,
    0x8F, 0xB8, 0xDF, 0x7C, 0x3D, 0x7E, 0xCD, 0xCB, 0xFA, 0x0E, 0xB4, 0x8A, 0x39, 0xD3, 0xF1, 0x69,
    0x82, 0x17, 0x8F, 0xE2, 0xF2, 0x4E, 0x9E, 0x99, 0x70, 0xE8, 0xD2, 0x0E, 0x47, 0x68, 0x69, 0x77,
    0x01, 0xD7, 0xD5, 0x2C, 0x14, 0xC6, 0x50, 0x0B, 0x43, 0xEE, 0xF8, 0xBC, 0x75, 0xC3, 0xBE, 0x1B,
    0x65, 0x9B, 0xFD, 0x72, 0xE2, 0x22, 0x8E, 0x55, 0xE4, 0xD6, 0xB3, 0xBD, 0xB9, 0x19, 0x68, 0xC7,
    0x21, 0x8E, 0x08, 0xAA, 0xDA, 0xEE, 0x2A, 0x9D, 0x98, 0xEC, 0x74, 0x1D, 0x76, 0x59, 0xEF, 0x23,
    0x50, 0x27, 0xF2, 0xD8, 0xA6, 0x10, 0xA8, 0xD3, 0xDE, 0xD2, 0xD7, 0x82, 0x79, 0x60, 0x4B, 0x22,
    0xAB, 0x89, 0xBB, 0x64, 0x97, 0xA0, 0x9E, 0xAD, 0x71, 0xB6, 0x42, 0xB1, 0x4F, 0x46, 0xE8, 0x84,
    0x15, 0x79, 0x6D, 0x9B, 0x14, 0xD8, 0x79, 0xF5, 0x5D, 0x62, 0x57, 0xDF, 0x57, 0x5E, 0x3E, 0x65,
    0x33, 0x68, 0x9D, 0xD5, 0x8B, 0xAB, 0x26, 0x9E, 0xAA, 0x0E, 0xAD, 0x73, 0x3C, 0x96, 0xFF, 0xE9,
    0xEE, 0xB5, 0xC7, 0x86, 0x6F, 0xAE, 0x9D, 0xE5, 0xB5, 0x76, 0xA5, 0x7C, 0x7A, 0xDA, 0xB8, 0x15,
    0x31, 0xD3, 0x77, 0xF0, 0xFA, 0x25, 0xCF, 0x9E, 0x86, 0x56, 0xB9, 0x9F, 0x8C, 0x38, 0x7C, 0xE7,
    0x46, 0x01, 0xB4, 0x08, 0x5A, 0x08, 0x2D, 0x86, 0x04, 0x71, 0xC5, 0xC3, 0xEF, 0x74, 0x65, 0xDF,
    0xC4, 0x5B, 0xBF, 0xB3, 0x33, 0xA2, 0xA8, 0x62, 0x39, 0xEA, 0x1D, 0x3D, 0xAA, 0xBE, 0x7E, 0x30,
    0x8E, 0xF6, 0xAE, 0x9D, 0xA2, 0x38, 0xEE, 0x60, 0xEB, 0x2A, 0x3B, 0xC9, 0x4E, 0xC0, 0x78, 0x11,
    0xBD, 0xAA, 0x95, 0x92, 0xA3, 0x5E, 0xB5, 0xCD, 0xC3, 0x39, 0xA8, 0x43, 0x6D, 0x9B, 0xDD, 0x93,
    0x4D, 0xD5, 0xAB, 0x56, 0xB1, 0x8E, 0x9A, 0x75, 0x0C, 0x8A, 0xD2, 0x4D, 0x4E, 0x6B, 0x2D, 0x9F,
    0xA2, 0x5E, 0x71, 0x0C, 0x1D, 0xAC, 0x55, 0x99, 0x45, 0x3A, 0xA8, 0xA9, 0x5C, 0x3D, 0x6D, 0xAE,
    0x0C, 0xD2, 0x79, 0xB2, 0x60, 0x3A, 0xB5, 0x46, 0x14, 0xE7, 0xFF, 0x69, 0x75, 0x87, 0x4B, 0xA0,
    0x46, 0x5E, 0x68, 0x35, 0xCA, 0xF5, 0x93, 0x54, 0xBF, 0x4F, 0x6A, 0xC6, 0x47, 0x2C, 0x5A, 0xDA,
    0x5B, 0x0C, 0x99, 0x2D, 0x1C, 0x08, 0xAA, 0x1D, 0x90, 0xCD, 0xEB, 0x64, 0xF8, 0x2E, 0xF8, 0x5E,
    0x95, 0x55, 0xA1, 0x3B, 0x05, 0xD5, 0x45, 0xA2, 0xA4, 0x60, 0x12, 0x83, 0xE8, 0x9B, 0x2C, 0xD6,
    0x7E, 0xB0, 0x12, 0xCD, 0x66, 0x1B, 0xE6, 0x95, 0x7F, 0xD8, 0x04, 0xB5, 0x87, 0xAA, 0x0E, 0x50,
    0xBC, 0x31, 0xBB, 0x6C, 0xD0, 0x41, 0x58, 0xE0, 0x1D, 0x7F, 0x31, 0x3B, 0x03, 0x2B, 0x75, 0x05,
    0x86, 0x3D, 0xFA, 0x19, 0x4F, 0xA1, 0x97, 0x80, 0x4F, 0x50, 0x7B, 0x7C, 0xAB, 0x0F, 0xE8, 0x38,
    0x2B, 0xE6, 0x70, 0xFA, 0xBB, 0x54, 0x6A, 0x07, 0x1B, 0xBD, 0x67, 0x3D, 0xEE, 0xEA, 0xDC, 0x94,
    0xCF, 0xC7, 0x2D, 0x6D, 0x07, 0xF2, 0x0D, 0x96, 0xD6, 0x9B, 0x94, 0x89, 0x7D, 0xEB, 0x7A, 0xBA,
    0x2E, 0xE7, 0xD8, 0x66, 0x48, 0x87, 0x2A, 0x14, 0x5B, 0x41, 0x1A, 0x0C, 0x78, 0x4B, 0xD2, 0x63,
    0xF5, 0x0E, 0xF8, 0xFE, 0x8C, 0x3B, 0x8B, 0x45, 0x76, 0xA8, 0x70, 0x88, 0x33, 0x94, 0xBD, 0x47,
    0x05, 0xB6, 0xDA, 0xB2, 0xD4, 0x3A, 0x15, 0xAC, 0xC8, 0xAF, 0xD1, 0xB5, 0x87, 0x82, 0x49, 0xD9,
    0x98, 0x11, 0x0D, 0x32, 0xDF, 0x68, 0xEB, 0xB9, 0xBA, 0x94, 0xEF, 0xD8, 0xC4, 0x5C, 0x63, 0x34,
    0x8D, 0x2D, 0xCA, 0xF5, 0xBB, 0xD0, 0x46, 0xCF, 0x2C, 0xE2, 0x64, 0xA3, 0xE8, 0x57, 0x1B, 0x6D,
    0xBF, 0xCF, 0x23, 0x59, 0xBE, 0x2C, 0x10, 0xBE, 0xD8, 0x11, 0x14, 0xE6, 0x9B, 0xB1, 0x38, 0xF9,
    0xB7, 0x3E, 0x0B, 0x9D, 0x4A, 0x54, 0xDC, 0x93, 0x86, 0x3D, 0x9C, 0x3A, 0xAC, 0x85, 0x05, 0x27,
    0xE2, 0x8A, 0x43, 0xC0, 0x1B, 0xA0, 0x00, 0xCE, 0xA7, 0x14, 0xF2, 0x38, 0xC3, 0x21, 0x5C, 0x54,
    0xF0, 0xE4, 0xAA, 0x04, 0xE7, 0x43, 0xB5, 0x27, 0x75, 0x44, 0xDC, 0xEF, 0xB3, 0xF0, 0x9F, 0x2B,
    0x5A, 0xF1, 0x85, 0xC2, 0xE7, 0x5A, 0x45, 0x51, 0x6F, 0x32, 0xF9, 0xCB, 0x2D, 0xCE, 0x6B, 0xB5,
    0x59, 0x4C, 0xC9, 0x3F, 0xC2, 0xD0, 0x4E, 0x07, 0x1A, 0x90, 0xB1, 0x69, 0x25, 0xD7, 0x23, 0xFA,
    0x1E, 0xD1, 0x37, 0x36, 0xA7, 0xDC, 0x2A, 0x0E, 0xAC, 0x83, 0x61, 0x17, 0xC9, 0xA4, 0xBB, 0xC5,
    0xB0, 0x49, 0x9D, 0xEB, 0x5B, 0x72, 0xCA, 0x81, 0x4D, 0xC9, 0xD8, 0xA9, 0x08, 0xF6, 0xDB, 0x08,
    0x96, 0x44, 0x90, 0xAF, 0x8E, 0x04, 0x0D, 0x5F, 0x0A, 0xEC, 0xD0, 0x9D, 0xD3, 0x13, 0xC1, 0xE1,
    0xCE, 0xAB, 0x42, 0x70, 0x52, 0x77, 0xE2, 0x94, 0xD3, 0x28, 0xEF, 0xF9, 0xA6, 0x3A, 0x3F, 0x3C,
    0xDC, 0x24, 0x65, 0x8F, 0x9F, 0x81, 0x50, 0xA6, 0x2A, 0xA5, 0x81, 0x22, 0xBB, 0x82, 0x4C, 0x39,
    0xA4, 0x50, 0x6F, 0x0D, 0x13, 0xD6, 0x78, 0xFB, 0x31, 0xC1, 0xD1, 0x97, 0x48, 0x56, 0x89, 0x7C,
    0x0A, 0x56, 0x17, 0x56, 0x08, 0x46, 0x44, 0xB2, 0x70, 0x4A, 0xD9, 0x2C, 0x89, 0x29, 0xF7, 0x6A,
    0x47, 0x8F, 0x7E, 0xC5, 0xF5, 0x3E, 0x6E, 0x37, 0x75, 0x7A, 0xD1, 0x96, 0x4C, 0x85, 0xC5, 0xA4,
    0xCE, 0x6D, 0xF3, 0x5A, 0x81, 0xEA, 0x04, 0xF5, 0x9C, 0xAD, 0x64, 0x65, 0x6B, 0xC9, 0x12, 0x3D,
    0x9B, 0xDC, 0x86, 0xE9, 0x68, 0x64, 0x98, 0xB7, 0x7D, 0x28, 0xF2, 0xDB, 0xA3, 0xF3, 0xB9, 0x73,
    0x9A, 0xD0, 0x1D, 0xB2, 0x8F, 0xC7, 0xFF, 0xBF, 0xBB, 0x38, 0xC9, 0x0A, 0xEE, 0xA4, 0xF6, 0xFB,
    0x2F, 0xB5, 0x59, 0x3F, 0x8F, 0xDC, 0xB8, 0x15, 0x7F, 0x92, 0xCE, 0x56, 0x12, 0x01, 0xE6, 0x16,
    0xC6, 0x01, 0xC9, 0x21, 0x56, 0xCA, 0xE0, 0x10, 0xAF, 0xAE, 0xDC, 0x62, 0x76, 0x49, 0xE7, 0x3E,
    0x40, 0xDC, 0xA4, 0x4A, 0xE3, 0xFE, 0x0A, 0xB7, 0x5B, 0xEC, 0x5A, 0x0A, 0xAE, 0x48, 0x91, 0x66,
    0xFB, 0x14, 0x49, 0x71, 0x55, 0x52, 0xD8, 0x45, 0x8A, 0x05, 0x6E, 0xBD, 0xA2, 0xFD, 0x05, 0x4E,
    0xC0, 0x95, 0x29, 0xA2, 0x1C, 0x9C, 0x36, 0x66, 0xE0, 0x41, 0xA0, 0xB5, 0x35, 0x62, 0x7E, 0x8F,
    0x94, 0x66, 0x34, 0xDA, 0xDD, 0xF1, 0x5E, 0x32, 0xD6, 0x90, 0x4F, 0x14, 0xF5, 0xFE, 0xF1, 0xF1,
    0xF1, 0xF1, 0x51, 0x73, 0x62, 0x36, 0x5D, 0x3B, 0xA4, 0x66, 0x91, 0x4E, 0x05, 0xC5, 0x2D, 0x05,
    0x73, 0x86, 0xC2, 0xD2, 0xEC, 0x8D, 0xDE, 0x31, 0x8A, 0x0C, 0x6D, 0xA1, 0x90, 0x83, 0x7B, 0x44,
    0x77, 0xC8, 0xDA, 0x02, 0xC5, 0xDC, 0x21, 0xB3, 0x47, 0xE6, 0xD9, 0x76, 0xD8, 0x7B, 0x09, 0x54,
    0x53, 0xA4, 0x49, 0x10, 0x65, 0xD6, 0xA0, 0x08, 0x32, 0x91, 0x36, 0x54, 0x6F, 0x4B, 0x82, 0xB1,
    0xF6, 0x72, 0x19, 0x83, 0x76, 0x09, 0xEC, 0xB2, 0xEF, 0xFA, 0x96, 0x11, 0xDB, 0xFB, 0x0D, 0x4C,
    0x69, 0x74, 0x2D, 0xFB, 0x1E, 0x45, 0x46, 0xA8, 0x19, 0x1D, 0xD2, 0x29, 0x2D, 0x08, 0xC6, 0xD7,
    0xA5, 0xCE, 0x54, 0x5A, 0xC8, 0x5A, 0x9A, 0xCC, 0xC4, 0x26, 0xAC, 0xC3, 0x0A, 0x73, 0x4F, 0x2D,
    0x9D, 0xD0, 0xD5, 0xBD, 0x99, 0x2A, 0xB5, 0xD5, 0xB6, 0x58, 0x80, 0xC3, 0x21, 0xCD, 0x48, 0xA8,
    0xC8, 0xD0, 0x23, 0xFC, 0x1E, 0x86, 0x26, 0xAE, 0x84, 0x4A, 0xD1, 0xC7, 0xFC, 0x59, 0x02, 0xCB,
    0x70, 0x52, 0x20, 0x87, 0x25, 0xB1, 0x2C, 0x96, 0xE6, 0x38, 0x83, 0x37, 0x73, 0x67, 0xFE, 0x4E,
    0x02, 0x64, 0xB0, 0x14, 0x96, 0xC3, 0x92, 0x1A, 0xC8, 0x62, 0x1D, 0x6E, 0x8E, 0xCB, 0xBC, 0x59,
    0x86, 0x75, 0xFA, 0xB1, 0x86, 0x0B, 0xA7, 0xC3, 0xA1, 0xD3, 0x93, 0x35, 0x4D, 0x89, 0x75, 0x64,
    0x5D, 0x29, 0xD3, 0xF0, 0x8C, 0x82, 0x20, 0x00, 0x55, 0xF9, 0x0A, 0x67, 0x19, 0xEA, 0x3F, 0xC5,
    0xAD, 0x67, 0x6E, 0x86, 0x9E, 0x3E, 0x35, 0x4A, 0xD0, 0x8E, 0x7B, 0xCF, 0x34, 0xB2, 0xAF, 0x53,
    0x7A, 0xB1, 0x4E, 0x7F, 0xA3, 0xFA, 0x23, 0xF2, 0x3C, 0xB2, 0xCB, 0x3A, 0x7C, 0x25, 0x82, 0x3F,
    0x39, 0xF9, 0xAF, 0x4B, 0xF3, 0x50, 0x40, 0xDF, 0xB1, 0x7C, 0x96, 0x39, 0xD0, 0x0F, 0xD5, 0xD1,
    0xA9, 0x91, 0x7E, 0x9E, 0xE7, 0xC5, 0xAF, 0x3E, 0x66, 0x2F, 0x33, 0xDD, 0x1F, 0xBF, 0x30, 0x6B,
    0xB2, 0x9D, 0xBC, 0x5E, 0xF6, 0x4F, 0x14, 0x25, 0x0B, 0x92, 0x56, 0xE7, 0xB6, 0x9A, 0xF8, 0x34,
    0x7A, 0xD0, 0x8F, 0xB7, 0x40, 0x6B, 0xE0, 0x46, 0x8A, 0xEC, 0x1C, 0xCE, 0xA4, 0xAC, 0x9D, 0x5B,
    0xBB, 0xB0, 0xB6, 0xB6, 0x1D, 0xD9, 0x9A, 0x3A, 0x5E, 0x6E, 0x7C, 0xE5, 0xCA, 0x59, 0x5F, 0x4B,
    0xB4, 0x82, 0x85, 0xD5, 0x91, 0x1D, 0xAA, 0x24, 0x6A, 0xB9, 0x52, 0x64, 0xF8, 0x91, 0x44, 0xBB,
    0x7E, 0xEB, 0xDF, 0x49, 0x1A, 0x18, 0xF4, 0xA1, 0x81, 0x68, 0xBB, 0x05, 0xCA, 0xA0, 0x70, 0x6C,
    0xD8, 0x6A, 0xF1, 0x6C, 0x2F, 0x97, 0xAD, 0xB0, 0x0F, 0x0A, 0xCC, 0x0E, 0x26, 0xA2, 0xFA, 0x8C,
    0x68, 0x59, 0x7C, 0xCF, 0x76, 0x8C, 0xF2, 0x88, 0x4A, 0xAC, 0x4F, 0x98, 0x85, 0x56, 0xA5, 0xEF,
    0xD9, 0x0A, 0xFF, 0x13, 0x0A, 0xEC, 0x09, 0xD1, 0x91, 0x0F, 0x46, 0x02, 0x3E, 0xC4, 0xDE, 0xC4,
    0x57, 0xF6, 0x62, 0x41, 0x41, 0x1F, 0xB1, 0xA5, 0x2A, 0x29, 0xF2, 0x7E, 0x44, 0x25, 0xE5, 0x14,
    0xEB, 0x3E, 0x78, 0xE1, 0x8D, 0x28, 0x7C, 0xBB, 0x23, 0x59, 0xA4, 0xB4, 0x6A, 0x1F, 0x8C, 0xDA,
    0x47, 0xA3, 0x76, 0x43, 0x4B, 0xDA, 0x07, 0x26, 0xC5, 0x53, 0x59, 0x31, 0xCF, 0xA8, 0xB6, 0xA5,
    0x8A, 0xDF, 0x35, 0x2C, 0x2B, 0x7E, 0xD9, 0x08, 0x9D, 0xEA, 0x73, 0xD6, 0x41, 0x7C, 0x69, 0x92,
    0x5A, 0x16, 0x92, 0x75, 0x4B, 0x39, 0xC8, 0x48, 0x25, 0x55, 0x60, 0x8B, 0x83, 0xC4, 0x44, 0xF3,
    0x1C, 0xFC, 0xC0, 0xEA, 0x48, 0xD4, 0x51, 0x53, 0xBA, 0x55, 0x48, 0xCD, 0xAA, 0x1D, 0x98, 0x55,
    0x3B, 0xAA, 0x57, 0xED, 0x58, 0xAF, 0xDA, 0xA2, 0x58, 0xF1, 0x49, 0x69, 0xE0, 0x4F, 0x74, 0x40,
    0xD1, 0x3C, 0xA9, 0x33, 0x9D, 0x33, 0x7B, 0x0A, 0xDB, 0x54, 0x8B, 0xAA, 0x23, 0x67, 0x9C, 0xD2,
    0xAA, 0xD8, 0x36, 0xE4, 0x8C, 0xD3, 0xEB, 0x3F, 0xB6, 0xE1, 0xC4, 0x8C, 0x13, 0x4B, 0x4E, 0x8C,
    0x39, 0xB1, 0xE7, 0xC4, 0xA4, 0x13, 0xAB, 0x4E, 0x0C, 0x3B, 0xB1, 0xED, 0xC4, 0xBC, 0x13, 0x0B,
    0x87, 0x56, 0x8D, 0x8D, 0x9C, 0xBE, 0xAE, 0xC7, 0x76, 0xCE, 0xC3, 0x26, 0x7B, 0xD1, 0x2E, 0x4D,
    0xDD, 0x51, 0x3B, 0xB6, 0x36, 0xC2, 0xF5, 0xC8, 0xE0, 0xBF, 0x6D, 0x39, 0xA8, 0x2C, 0x6D, 0xFE,
    0xB2, 0xC5, 0x08, 0x56, 0x66, 0xF7, 0x8F, 0x4B, 0xCB, 0xFB, 0xC7, 0xA5, 0xF1, 0xFD, 0xE3, 0xD2,
    0xFE, 0xFE, 0x71, 0x39, 0x05, 0x9E, 0xF3, 0x6A, 0x16, 0x78, 0x9B, 0x18, 0x26, 0xA2, 0xC8, 0xE9,
    0x3C, 0x68, 0xC7, 0x73, 0x21, 0x3F, 0x6F, 0xC6, 0xD3, 0x91, 0x22, 0xD8, 0x8D, 0x66, 0x04, 0xE3,
    0xC5, 0x86, 0x5B, 0xF3, 0xF0, 0x52, 0x95, 0x81, 0xCB, 0x0C, 0x69, 0x8D, 0x30, 0x19, 0x44, 0xCB,
    0x42, 0x68, 0xA9, 0x52, 0x04, 0xB2, 0x54, 0x1D, 0x53, 0x46, 0x67, 0x78, 0xDB, 0xE0, 0xBD, 0x01,
    0x46, 0xED, 0x70, 0x4A, 0x62, 0x2C, 0xC4, 0x3E, 0xCD, 0x4A, 0x30, 0x66, 0xCB, 0xB8, 0x48, 0xB9,
    0x80, 0x1D, 0x1A, 0xC6, 0x0F, 0x6B, 0xA6, 0x40, 0x04, 0x00, 0x0D, 0xA0, 0xD4, 0xE0, 0x0C, 0xB5,
    0xE2, 0x3A, 0xAA, 0xA1, 0x85, 0xA1, 0x67, 0x52, 0x5B, 0x72, 0x9C, 0x40, 0x2D, 0xAA, 0x4C, 0xC5,
    0x75, 0x5A, 0xC0, 0x0E, 0x45, 0x60, 0x30, 0xD9, 0x4C, 0xF8, 0x2C, 0xAC, 0x80, 0x13, 0xB5, 0x8C,
    0x15, 0xB6, 0x0E, 0x6F, 0xE1, 0x30, 0x9F, 0x13, 0xE3, 0x1E, 0xB0, 0xD5, 0x30, 0x17, 0x8C, 0x0F,
    0x07, 0x00, 0x05, 0x36, 0x07, 0xD0, 0x24, 0x8A, 0x7E, 0xCA, 0x4E, 0xE4, 0x42, 0x3A, 0x86, 0x0A,
    0x57, 0x79, 0xA3, 0x29, 0xFC, 0x8E, 0x93, 0x2A, 0x43, 0x89, 0x6E, 0xB0, 0xD9, 0x1C, 0xC1, 0x88,
    0xFB, 0xF8, 0x81, 0xEE, 0x3E, 0x9D, 0x05, 0x73, 0x64, 0x16, 0x90, 0x55, 0x2A, 0x4B, 0xA5, 0x92,
    0xD0, 0x32, 0x32, 0x18, 0xCA, 0x19, 0xDD, 0x3F, 0xC4, 0x48, 0x52, 0x25, 0x74, 0x6C, 0xA2, 0x36,
    0xC0, 0x76, 0x11, 0x74, 0x51, 0x1B, 0x1B, 0xD8, 0x4C, 0x1D, 0x60, 0x67, 0x26, 0xCE, 0x31, 0x89,
    0x7E, 0x4E, 0xD0, 0x31, 0x2C, 0x9E, 0xF0, 0x2D, 0xA9, 0xB2, 0x82, 0x35, 0x2E, 0x92, 0x1A, 0xEF,
    0xCE, 0x29, 0x84, 0xB1, 0xB9, 0x9E, 0x13, 0x25, 0xB5, 0xDB, 0xB2, 0x78, 0xD7, 0x8A, 0x6B, 0x7A,
    0xCE, 0xD4, 0x4D, 0xC8, 0xF4, 0xF4, 0x24, 0xA9, 0x88, 0x8E, 0x29, 0x7D, 0xAA, 0xE2, 0xCA, 0x52,
    0x8C, 0x41, 0x1A, 0xCB, 0x54, 0x7C, 0x4B, 0x3A, 0xDC, 0x30, 0x09, 0x4F, 0x0B, 0xEC, 0xFE, 0x74,
    0xCE, 0x4C, 0xF0, 0x8A, 0x59, 0x32, 0xC3, 0x73, 0x5A, 0xF2, 0xF4, 0x12, 0x7A, 0x79, 0x49, 0xE5,
    0xA4, 0x67, 0xCA, 0xE9, 0x72, 0xEC, 0x35, 0xBB, 0xEB, 0xF5, 0xEC, 0xB5, 0x76, 0x69, 0x4D, 0xB1,
    0xFE, 0xCB, 0xD5, 0xFA, 0x4F, 0xD2, 0xE6, 0xDF, 0xEE, 0xE8, 0xB7, 0x5C, 0xBC, 0x34, 0xEC, 0x83,
    0xC3, 0x6E, 0x88, 0x29, 0x2A, 0x3B, 0x05, 0xFF, 0xB3, 0x86, 0xE4, 0xAB, 0xDB, 0x0B, 0x9E, 0x96,
    0x92, 0x64, 0x62, 0x64, 0xF1, 0xC3, 0x04, 0xCE, 0x44, 0x63, 0x80, 0x30, 0x93, 0x18, 0x20, 0x24,
    0x06, 0x9E, 0x9E, 0xBC, 0xC1, 0x70, 0x12, 0xF8, 0x2D, 0x9B, 0xC1, 0x5B, 0x90, 0xD8, 0x56, 0x53,
    0x30, 0xB9, 0x22, 0x0E, 0x25, 0xA2, 0x5D, 0x03, 0x91, 0xF1, 0x99, 0xA4, 0xCF, 0x72, 0x67, 0x1E,
    0x4F, 0xDF, 0x71, 0xF7, 0xA4, 0x0F, 0x2F, 0xFB, 0x98, 0x11, 0x36, 0x2F, 0xCC, 0x23, 0x5F, 0x41,
    0x69, 0x8E, 0x84, 0xC0, 0x5E, 0xF0, 0xBB, 0x4F, 0x2C, 0x86, 0xB0, 0xBA, 0x73, 0x3F, 0xAB, 0x94,
    0x33, 0x5E, 0xE5, 0x48, 0x98, 0x38, 0x71, 0x71, 0x69, 0xD7, 0x39, 0x20, 0x90, 0xD4, 0x5D, 0x77,
    0x0F, 0x94, 0xEB, 0xC4, 0xE5, 0xE4, 0x9E, 0xF6, 0xA7, 0x08, 0x64, 0x74, 0xAC, 0x84, 0x1B, 0x85,
    0xEE, 0x73, 0x20, 0xAC, 0x1F, 0xA7, 0x08, 0xAE, 0x33, 0x06, 0xF3, 0x25, 0x1A, 0x83, 0x84, 0xD5,
    0x13, 0xFC, 0x22, 0xE3, 0x18, 0xB7, 0xCF, 0x71, 0xEF, 0x8C, 0x63, 0xE1, 0x1C, 0x03, 0x08, 0x0D,
    0x62, 0x66, 0x54, 0x05, 0xEC, 0xE3, 0xA0, 0x03, 0xB7, 0x33, 0xE6, 0xC6, 0x6E, 0xEE, 0xD6, 0xB0,
    0xE7, 0x1F, 0xCD, 0x7B, 0x23, 0x85, 0x7D, 0xBC, 0xFD, 0x68, 0x08, 0xBC, 0xE2, 0x81, 0xF1, 0xB3,
    0x98, 0xD5, 0xFF, 0xF0, 0x09, 0xF8, 0x27, 0x8B, 0xD7, 0x5D, 0x1F, 0xA0, 0xFD, 0xE0, 0xD1, 0xD5,
    0x77, 0x24, 0xDD, 0xEB, 0x0B, 0xFF, 0x66, 0xFE, 0x9D, 0x47, 0x4E, 0x55, 0xED, 0xE3, 0xEE, 0x0F,
    0x02, 0xF3, 0xD1, 0xBA, 0x88, 0xA1, 0x81, 0x75, 0x35, 0xE7, 0x88, 0xE5, 0x87, 0xCB, 0xC3, 0x88,
    0xFB, 0xC6, 0xCF, 0x62, 0x7D, 0x37, 0xA4, 0xA3, 0x80, 0x0E, 0xA2, 0xA2, 0x8D, 0xAB, 0x3D, 0x51,
    0x94, 0xDF, 0xFE, 0xBE, 0x15, 0x8B, 0x3D, 0xA4, 0xDD, 0xEF, 0xCA, 0x57, 0xA1, 0xFD, 0x1A, 0x0A,
    0x3C, 0x86, 0xC4, 0xDB, 0x16, 0xA3, 0x2D, 0x2F, 0x78, 0x1E, 0x4E, 0xE8, 0xF1, 0xBB, 0xB2, 0xB9,
    0x6D, 0xBF, 0xB6, 0x45, 0xF9, 0xE5, 0xEF, 0xDA, 0xA4, 0xD9, 0xCB, 0xF5, 0x7E, 0xAC, 0x4F, 0xA3,
    0xEA, 0x30, 0x29, 0x76, 0xC0, 0x39, 0x70, 0x22, 0x96, 0xB2, 0x04, 0x1B, 0x7A, 0xC1, 0x5E, 0x30,
    0x3D, 0xFD, 0x6C, 0x32, 0xFB, 0x0D, 0x67, 0x67, 0x1B, 0x68, 0x3E, 0x6B, 0xC4, 0x00, 0x2D, 0x6F,
    0x54, 0xEF, 0x2F, 0x38, 0x12, 0xA1, 0x74, 0x37, 0x44, 0x46, 0x29, 0x7A, 0x11, 0xA5, 0x2B, 0xFC,
    0x2C, 0x6F, 0x54, 0xA4, 0xE5, 0x72, 0x43, 0x64, 0x2E, 0x83, 0x88, 0xD0, 0xBE, 0xF2, 0xBE, 0x93,
    0x21, 0xEF, 0x0E, 0x91, 0x78, 0x53, 0x5E, 0xA7, 0x55, 0xDC, 0x05, 0x38, 0x59, 0x29, 0xC4, 0x51,
    0x3C, 0x43, 0xB1, 0xA8, 0x11, 0x08, 0x0C, 0x05, 0x82, 0x65, 0x8B, 0x15, 0x9E, 0xE9, 0x1F, 0xA3,
    0x11, 0x9C, 0xF8, 0xA4, 0x84, 0x97, 0xAE, 0x1C, 0x37, 0x62, 0x5E, 0x02, 0x39, 0x9F, 0x22, 0x8C,
    0xDB, 0xC0, 0xC1, 0x1F, 0x46, 0x0D, 0xD9, 0xAB, 0x4A, 0xD8, 0x34, 0x81, 0xAD, 0x63, 0x7E, 0xC8,
    0xAB, 0xD5, 0x8C, 0xBB, 0x53, 0x83, 0x5B, 0x71, 0x1B, 0x1A, 0xB7, 0xB8, 0xF1, 0x90, 0xAE, 0xBA,
    0xE4, 0xB0, 0xFE, 0x38, 0xCB, 0x74, 0xD1, 0xE4, 0x72, 0x63, 0xC0, 0xE1, 0x21, 0x47, 0xD6, 0x8D,
    0xB7, 0xE3, 0xC1, 0x86, 0x9D, 0x2D, 0x70, 0xEE, 0xEB, 0x78, 0x98, 0x61, 0x57, 0xF2, 0xD0, 0x16,
    0xF7, 0x1C, 0xA4, 0x1E, 0x46, 0x1E, 0x36, 0xD8, 0x42, 0x11, 0xF5, 0x18, 0xA6, 0x35, 0xC3, 0x5C,
    0x03, 0x86, 0x1D, 0x9F, 0x2D, 0x60, 0x28, 0x86, 0xCA, 0x41, 0x1A, 0xE0, 0xE9, 0x1A, 0x9C, 0x28,
    0x8C, 0x54, 0x80, 0x8F, 0x0A, 0x76, 0x0D, 0xB2, 0x92, 0x38, 0xB4, 0xB0, 0x8E, 0x65, 0xC1, 0x3A,
    0x22, 0xE4, 0x43, 0xC7, 0xB2, 0x60, 0x1D, 0x01, 0xA1, 0x45, 0xAE, 0x58, 0xC7, 0x5C, 0xDD, 0x73,
    0x90, 0x7A, 0x18, 0xB5, 0x6E, 0x7C, 0x0D, 0x43, 0xC4, 0x68, 0x5E, 0xEE, 0xB5, 0xDB, 0x60, 0x11,
    0xDE, 0x59, 0x47, 0x40, 0xE8, 0x28, 0x9D, 0x5F, 0x4B, 0x67, 0xD4, 0xDD, 0x4B, 0x70, 0xA2, 0xA0,
    0x74, 0xC6, 0x9B, 0x14, 0xDF, 0x0F, 0xA7, 0xF9, 0x78, 0x38, 0xF5, 0x4B, 0xC4, 0xD9, 0xC4, 0x5E,
    0x1C, 0xF7, 0xC1, 0x73, 0x46, 0x3E, 0x8D, 0x3C, 0xED, 0x97, 0xD5, 0xDC, 0x67, 0x99, 0x5C, 0x91,
    0x70, 0xB8, 0x05, 0xC6, 0x95, 0xE3, 0x0A, 0xAF, 0x33, 0x8E, 0xC7, 0x1C, 0x1F, 0xD9, 0x74, 0x69,
    0xBF, 0xE2, 0x0E, 0xFA, 0xBA, 0xDF, 0xB3, 0x3A, 0x73, 0x06, 0x2D, 0x21, 0xAB, 0xA2, 0xC7, 0xFC,
    0xE1, 0x03, 0x6B, 0x55, 0x70, 0x70, 0xE7, 0xCF, 0x11, 0x1E, 0xAA, 0x8D, 0x70, 0x84, 0xE9, 0xA9,
    0x5A, 0x07, 0xF9, 0xF8, 0x20, 0x7E, 0xCD, 0xDE, 0xE5, 0x7D, 0xEC, 0x43, 0x41, 0xE4, 0x2E, 0x18,
    0x69, 0x69, 0x44, 0x37, 0xC0, 0x90, 0x37, 0x27, 0x6C, 0xB7, 0xF6, 0x42, 0x5A, 0x23, 0x8A, 0x9C,
    0x3F, 0x21, 0xD9, 0x8D, 0xC0, 0xA1, 0x38, 0x64, 0x47, 0xE6, 0x18, 0xB0, 0x45, 0x0A, 0x36, 0xC8,
    0x3C, 0x74, 0x63, 0x02, 0x58, 0xF8, 0x91, 0x6E, 0x02, 0x0B, 0x87, 0xEC, 0xC8, 0x1C, 0x03, 0xE4,
    0xAA, 0xE4, 0x92, 0x79, 0x4C, 0xCB, 0xFD, 0xA8, 0xFA, 0x85, 0x7C, 0xF9, 0xA2, 0x93, 0xFF, 0xF9,
    0xA6, 0x0B, 0x2C, 0x02, 0x38, 0x7C, 0x86, 0xEF, 0xF2, 0xED, 0x37, 0x1D, 0xF7, 0xF3, 0x7B, 0x3F,
    0x85, 0xC0, 0x07, 0x9D, 0x5C, 0x9E, 0xC8, 0xAF, 0xBA, 0x6E, 0x21, 0x0C, 0xB8, 0xF7, 0xAA, 0x85,
    0x3B, 0xCC, 0xE0, 0x65, 0x49, 0xE5, 0xF7, 0xB2, 0xC7, 0x1D, 0x6F, 0xC3, 0x89, 0xDF, 0xB9, 0xF3,
    0x93, 0x00, 0x29, 0x20, 0xE7, 0x45, 0xE0, 0xE8, 0xB2, 0x85, 0xD6, 0x7D, 0x41, 0x80, 0x0F, 0xB8,
    0xFD, 0x4A, 0x28, 0xFA, 0x70, 0xD7, 0xBE, 0x97, 0xD0, 0xCB, 0xEB, 0xA5, 0xF7, 0xBA, 0x50, 0x79,
    0xE2, 0x52, 0x8C, 0x5E, 0x4F, 0xF8, 0x1E, 0x6B, 0xFD, 0x7F, 0x98, 0xCB, 0xE7, 0x1C, 0xFF, 0x3B,
    0x3D, 0x7F, 0x02, 0xC3, 0x91, 0x00, 0x91, 0x75, 0x17, 0x75, 0x86, 0x67, 0x5E, 0x1E, 0x7F, 0xF5,
    0xF1, 0x31, 0x18, 0x56, 0x17, 0xC7, 0xE0, 0x62, 0xF5, 0xD1, 0x68, 0x77, 0xB2, 0x28, 0x87, 0xC5,
    0x38, 0x46, 0x7D, 0x80, 0x6C, 0x04, 0x01, 0x7C, 0x17, 0x75, 0x1F, 0x75, 0xC6, 0x5F, 0x66, 0x1B,
    0xAC, 0xD1, 0x14, 0xE9, 0x6D, 0xB1, 0x2F, 0x74, 0xA2, 0x8E, 0xE0, 0xC4, 0x20, 0x6F, 0x33, 0x2C,
    0x68, 0xD9, 0x02, 0x70, 0x1C, 0x1F, 0xE7, 0x5A, 0x6E, 0x26, 0xBF, 0xBA, 0x59, 0xAE, 0xC5, 0x61,
    0x38, 0x88, 0xCC, 0x0E, 0x25, 0xBF, 0xAC, 0x0F, 0x29, 0x7D, 0x59, 0x2F, 0x28, 0xFE, 0xF7, 0xB7,
    0xA0, 0xBA, 0xF8, 0x1B, 0x34, 0x3A, 0xF8, 0x17, 0xD1, 0xDB, 0xDF, 0x5C, 0x7C, 0xA1, 0x39, 0xBA,
    0xE8, 0xB7, 0x7F, 0xB8, 0xF8, 0x8B, 0xC6, 0x16, 0x05, 0xCA, 0x8B, 0xBF, 0x6B, 0x8F, 0xE7, 0x28,
    0x1C, 0xAD, 0xE3, 0xE2, 0x43, 0xBF, 0x3F, 0x4C, 0xB8, 0x78, 0x3F, 0x02, 0xF2, 0xAA, 0xAD, 0xE2,
    0xBD, 0x48, 0x9B, 0x50, 0x85, 0xC9, 0x3F, 0x6F, 0x70, 0x04, 0xA9, 0xCB, 0x78, 0xCE, 0xE7, 0xB0,
    0x8E, 0xC3, 0x6D, 0xAA, 0xDB, 0xA4, 0x7A, 0x02, 0xB7, 0xC5, 0x69, 0xF4, 0x39, 0x65, 0xC1, 0x5C,
    0x14, 0x38, 0x93, 0x61, 0xA5, 0xC1, 0x52, 0xB3, 0xB0, 0xBA, 0xC7, 0x27, 0xB3, 0x48, 0xDF, 0xE7,
    0x39, 0xF2, 0x6A, 0x7A, 0x6E, 0x6B, 0x50, 0x5E, 0xAB, 0x84, 0x74, 0x18, 0xBC, 0x94, 0x56, 0x90,
    0x4F, 0xF8, 0x52, 0x5D, 0xAB, 0xF6, 0x35, 0xFC, 0x59, 0x36, 0x7F, 0x46, 0xBB, 0xC4, 0x6D, 0xA3,
    0xFC, 0x2B, 0xB9, 0xA9, 0xEF, 0xA5, 0xED, 0xDA, 0xB9, 0x43, 0xDE, 0x60, 0x61, 0xE6, 0xA3, 0xD0,
    0xB2, 0x69, 0x44, 0xEF, 0xE3, 0xF2, 0x7D, 0xC7, 0x7B, 0xDD, 0xB5, 0x49, 0x87, 0x63, 0x2C, 0xB0,
    0x63, 0x0B, 0x60, 0x57, 0xC0, 0xF5, 0xF5, 0xE7, 0x89, 0xCB, 0x60, 0xF9, 0x71, 0xDE, 0x5E, 0xF5,
    0xF6, 0x5A, 0x7E, 0x57, 0x19, 0x30, 0xBF, 0x26, 0x06, 0xAF, 0xFA, 0xC7, 0x54, 0x53, 0x0E, 0x53,
    0xEA, 0xD5, 0xF3, 0xE5, 0x4F, 0x8C, 0xDB, 0xFE, 0xE8, 0xC8, 0x39, 0xEB, 0x67, 0xE1, 0xAA, 0xF4,
    0x59, 0xEC, 0x96, 0x3E, 0x3A, 0x7E, 0xFA, 0x67, 0x70, 0xD3, 0x99, 0x55, 0xC2, 0xF2, 0x17, 0xE8,
    0xC8, 0xFD, 0xDF, 0xB4, 0xCD, 0x8F, 0xBD, 0xEE, 0x6F, 0x20, 0x84, 0x52, 0x24, 0x86, 0xFC, 0x45,
    0xC0, 0x22, 0x87, 0x56, 0x90, 0xF8, 0xE9, 0xDB, 0x2D, 0x0D, 0x41, 0xB9, 0x3F, 0xC8, 0x9E, 0xD3,
    0x6E, 0xA2, 0x0E, 0x23, 0xBD, 0x2B, 0x14, 0xA4, 0x6C, 0x71, 0x08, 0x3E, 0x9F, 0xFB, 0x70, 0xF3,
    0xFB, 0x5F, 0x8D, 0x55, 0x31, 0x6F, 0x1C, 0x45, 0x14, 0xFE, 0x66, 0x07, 0x65, 0x83, 0x26, 0x64,
    0x9B, 0x14, 0x51, 0x0E, 0x65, 0x53, 0xA4, 0xA0, 0xB0, 0xBC, 0x14, 0x29, 0x1C, 0xE9, 0x7C, 0xBB,
    0x04, 0x29, 0x2E, 0x68, 0xD2, 0x50, 0x51, 0x40, 0x9B, 0x2E, 0x05, 0x85, 0x25, 0x7C, 0xDE, 0x15,
    0x05, 0xB4, 0xE6, 0x1F, 0xA4, 0x48, 0x65, 0x8A, 0xA4, 0xC3, 0x85, 0xCF, 0xB7, 0x81, 0x82, 0x76,
    0x08, 0x12, 0xA9, 0x40, 0x5B, 0xD0, 0xA0, 0x08, 0x65, 0x24, 0x46, 0xCA, 0x80, 0x66, 0x77, 0xF8,
    0x66, 0x6D, 0x82, 0x1D, 0x93, 0x90, 0x9D, 0xF7, 0xEE, 0xF6, 0xDE, 0xBC, 0x99, 0x79, 0xEF, 0x7B,
    0xDF, 0xBC, 0xC3, 0x6D, 0x20, 0x0D, 0x1D, 0xF2, 0x87, 0x0E, 0x25, 0x16, 0xA8, 0x39, 0x0E, 0xF8,
    0x36, 0x50, 0x7B, 0x94, 0xD5, 0x71, 0x8D, 0xF6, 0x6D, 0xCE, 0x97, 0xF4, 0x28, 0x1A, 0x0F, 0xF5,
    0xC4, 0x40, 0x84, 0x06, 0x0A, 0x59, 0xA5, 0x10, 0x9F, 0x50, 0x15, 0x55, 0xF6, 0xC2, 0x28, 0x74,
    0x70, 0x48, 0x0D, 0x90, 0x51, 0x0B, 0x6A, 0x4D, 0x7D, 0x66, 0x90, 0x3C, 0x36, 0x48, 0xBF, 0x34,
    0xC8, 0x38, 0xB7, 0x42, 0xDD, 0xA4, 0x86, 0x10, 0xCC, 0xEE, 0xFD, 0xBF, 0xEE, 0x8E, 0xFE, 0x51,
    0x3F, 0xFE, 0x93, 0x9B, 0x06, 0x1C, 0x3D, 0x65, 0xF0, 0x94, 0x35, 0xAC, 0xAC, 0xE1, 0xE2, 0x35,
    0x80, 0xF2, 0x59, 0xD8, 0xD9, 0xBE, 0xEF, 0x20, 0x7A, 0x60, 0xC9, 0x9D, 0xAF, 0xA0, 0xB6, 0x38,
    0xF0, 0xF0, 0xF5, 0xD7, 0x76, 0xC2, 0xC8, 0x2E, 0xDD, 0x4A, 0x82, 0xCB, 0xDA, 0xBE, 0xC0, 0x62,
    0x86, 0x4F, 0x0E, 0x80, 0xFE, 0x52, 0x15, 0x82, 0x0D, 0x37, 0x7C, 0x8F, 0xA1, 0x47, 0x3D, 0xA0,
    0x3E, 0x40, 0xCD, 0x7C, 0x98, 0x8E, 0x7A, 0x62, 0x63, 0x32, 0xF1, 0x3C, 0x4F, 0xE9, 0xB0, 0xA9,
    0x61, 0x2A, 0x30, 0x50, 0x0D, 0xD9, 0x42, 0x35, 0xC8, 0x80, 0xCB, 0xC0, 0x3A, 0xB0, 0x05, 0x58,
    0x08, 0xCE, 0x74, 0x10, 0x5C, 0x71, 0xBB, 0x82, 0x0A, 0x06, 0xE5, 0xE7, 0x7E, 0x04, 0xAD, 0x8E,
    0x5A, 0xF1, 0xFD, 0x91, 0x45, 0xC6, 0x1D, 0x93, 0xA0, 0xA1, 0x9E, 0x12, 0xDE, 0x24, 0x10, 0xD6,
    0xE5, 0x08, 0x25, 0xE1, 0xAD, 0x96, 0x0C, 0xB9, 0x78, 0xE2, 0x71, 0x26, 0xEC, 0x40, 0xDC, 0x8B,
    0xAE, 0xE5, 0x86, 0x39, 0x48, 0x6C, 0x2F, 0x18, 0x1D, 0xA5, 0x1F, 0xD0, 0xD7, 0x37, 0xFA, 0x3C,
    0xF4, 0xE2, 0x1E, 0xF3, 0xF3, 0x10, 0xFE, 0xDD, 0xC4, 0x6E, 0xA6, 0x5D, 0x79, 0xBF, 0xCD, 0x88,
    0xCB, 0xF4, 0x84, 0x10, 0xBA, 0xDD, 0x83, 0xDD, 0xD3, 0x46, 0x26, 0xB4, 0xBB, 0xBB, 0x1B, 0xFE,
    0x05, 0x11, 0xC7, 0x2D, 0x97, 0x85, 0x4F, 0x4D, 0xDE, 0x96, 0x55, 0xCD, 0x60, 0x78, 0xDE, 0xF3,
    0x31, 0xB0, 0xC6, 0x4B, 0xA6, 0x53, 0x36, 0x99, 0x96, 0x8E, 0xC4, 0x78, 0x13, 0xF8, 0x35, 0xD6,
    0xBD, 0x55, 0x46, 0xDA, 0xC4, 0x0B, 0x82, 0x7C, 0xCC, 0x9D, 0x31, 0x0B, 0x2F, 0x5D, 0x6A, 0x32,
    0x5D, 0x56, 0x0E, 0x3B, 0x28, 0xBF, 0xEF, 0x51, 0xFC, 0xB2, 0xAC, 0xA4, 0x51, 0xAD, 0xD4, 0xB2,
    0x7D, 0xD9, 0x48, 0xB5, 0xD4, 0x65, 0x2F, 0xBD, 0x08, 0x55, 0xF6, 0x93, 0x29, 0xE0, 0x66, 0xD8,
    0x5F, 0x60, 0xBE, 0x8F, 0x19, 0x01, 0x3C, 0x2E, 0xB4, 0xCC, 0x31, 0xE7, 0x2C, 0x7D, 0xE8, 0x49,
    0x7F, 0xE4, 0xAC, 0x15, 0x26, 0x01, 0xCB, 0x12, 0x17, 0x4A, 0xB2, 0xE3, 0x95, 0xB2, 0x6C, 0x48,
    0x9D, 0x94, 0x04, 0xDD, 0x30, 0x73, 0xE1, 0xB6, 0xE0, 0x2F, 0x32, 0x81, 0x08, 0xAA, 0x43, 0x62,
    0x20, 0x35, 0xB2, 0x06, 0xB3, 0x58, 0x57, 0xA9, 0xCF, 0x66, 0xD5, 0xB9, 0xD9, 0x87, 0x5B, 0x87,
    0x3C, 0x50, 0xA1, 0xA9, 0x37, 0x0C, 0x0B, 0xC2, 0x84, 0x2F, 0xD0, 0x3F, 0xB1, 0x50, 0x5A, 0x12,
    0xBB, 0x49, 0x87, 0xC4, 0x61, 0xDC, 0xE4, 0x01, 0xBC, 0x81, 0x73, 0x89, 0xD9, 0x9E, 0x68, 0x35,
    0x00, 0x92, 0xCC, 0x55, 0xD4, 0x9C, 0x5A, 0x52, 0xBF, 0xA1, 0xFE, 0xC1, 0x43, 0xBE, 0x33, 0x50,
    0xEF, 0x93, 0xF1, 0x9C, 0x9F, 0x52, 0x37, 0xE5, 0x21, 0xE3, 0x47, 0xFF, 0x7F, 0x54, 0xD9, 0x91,
    0xF1, 0x45, 0xF0, 0x94, 0x29, 0x56, 0xA6, 0x38, 0xB7, 0x06, 0x1C, 0x4A, 0x19, 0x76, 0xAE, 0x9F,
    0xE1, 0x99, 0x8B, 0xC3, 0xA4, 0xAE, 0xA2, 0x74, 0x11, 0xA7, 0xFD, 0xFA, 0xE6, 0xC8, 0xF6, 0x65,
    0x97, 0xFE, 0xE0, 0xB3, 0x08, 0xD2, 0xFA, 0x1C, 0x57, 0xF7, 0xC7, 0xD8, 0x86, 0xB0, 0x13, 0x6E,
    0x38, 0x8F, 0xC5, 0x08, 0x61, 0x39, 0x47, 0x39, 0xC3, 0x8C, 0xD7, 0x41, 0x3D, 0xB2, 0x62, 0xF9,
    0x72, 0xB6, 0xA7, 0x23, 0xDB, 0xF3, 0x91, 0xED, 0x64, 0xD2, 0x1E, 0xE2, 0xCC, 0x08, 0x53, 0x12,
    0x9A, 0xEC, 0xB1, 0x29, 0x84, 0x2F, 0x31, 0xCA, 0x43, 0x97, 0x3F, 0xEB, 0x88, 0xAB, 0x08, 0x5A,
    0x3D, 0xF5, 0x75, 0xC2, 0x6B, 0xB5, 0x3C, 0xAC, 0xD8, 0x36, 0xE6, 0xC5, 0x57, 0x8E, 0xEC, 0x3E,
    0x33, 0xA0, 0xF8, 0xA0, 0x9D, 0xCB, 0x6E, 0x5F, 0x18, 0x0F, 0x06, 0x13, 0xB1, 0x5C, 0x70, 0x6D,
    0x42, 0x74, 0xC7, 0x22, 0x80, 0x57, 0xD8, 0xDE, 0x49, 0xCC, 0x1D, 0xA9, 0xD7, 0xF3, 0x2A, 0x77,
    0xE3, 0xB9, 0x27, 0x25, 0xF2, 0xF5, 0x94, 0x71, 0x8C, 0x3F, 0x3C, 0xFF, 0x3C, 0xFE, 0x1C, 0x59,
    0x04, 0x56, 0x13, 0xA7, 0xBA, 0xBC, 0x89, 0xAD, 0x8B, 0x67, 0xBE, 0x30, 0x16, 0x63, 0x3B, 0xCB,
    0x49, 0x6A, 0xB6, 0x90, 0x55, 0xA0, 0x22, 0x01, 0xEA, 0xF8, 0xBB, 0x93, 0x26, 0xB1, 0xE4, 0xC6,
    0x49, 0x77, 0x27, 0x5C, 0x62, 0x49, 0x69, 0x5D, 0x54, 0x0B, 0x74, 0xDC, 0x5E, 0x0D, 0x55, 0xB9,
    0xA1, 0xD7, 0x13, 0xF3, 0x06, 0xDB, 0x81, 0x30, 0x6C, 0x03, 0xB3, 0xF7, 0x8C, 0x17, 0xC6, 0x52,
    0x12, 0xE3, 0xA4, 0x99, 0xBF, 0xED, 0xF2, 0x6E, 0x20, 0x02, 0xF9, 0x46, 0x3B, 0x15, 0x66, 0x0F,
    0xC6, 0xC2, 0xB2, 0x05, 0xD9, 0x48, 0x35, 0xA6, 0x8D, 0xFD, 0x98, 0xC7, 0x95, 0xFC, 0x0B, 0x9D,
    0x84, 0x8A, 0x92, 0xDF, 0xEC, 0xA6, 0xB0, 0x7B, 0xD8, 0xB2, 0x98, 0x5A, 0xAC, 0x1F, 0x8A, 0xC3,
    0x94, 0x96, 0x29, 0x1C, 0x67, 0xE9, 0x53, 0x0E, 0xB5, 0x49, 0x6D, 0xDE, 0x08, 0xFB, 0x16, 0xD7,
    0xBF, 0x03, 0xAC, 0xDE, 0x61, 0x77, 0x6D, 0xD9, 0x31, 0x35, 0x70, 0x9E, 0x1C, 0xBA, 0xC6, 0x4D,
    0xEF, 0xCE, 0x90, 0xB4, 0x79, 0xA5, 0x74, 0xAE, 0x4B, 0xB7, 0x74, 0xAA, 0xC7, 0xF5, 0xBC, 0xB9,
    0xC5, 0x02, 0x32, 0x50, 0x16, 0xF3, 0x28, 0x08, 0x8A, 0xD9, 0x13, 0x66, 0x4B, 0x76, 0xAB, 0x1F,
    0xB5, 0x29, 0x3B, 0x13, 0x77, 0x50, 0x54, 0x79, 0x5C, 0x1F, 0xF5, 0x90, 0xBF, 0xE7, 0x8D, 0x34,
    0x69, 0x2B, 0x3B, 0x5E, 0xE6, 0x57, 0x0C, 0x65, 0xA5, 0xE5, 0x75, 0xEE, 0xFF, 0x73, 0x1F, 0x5D,
    0x1A, 0xA9, 0xB3, 0x1D, 0xA9, 0xCF, 0xF3, 0x7D, 0x8D, 0x4A, 0x42, 0xFD, 0x48, 0xBA, 0x3D, 0xE5,
    0xB7, 0x75, 0xFC, 0x3D, 0x8F, 0x3E, 0xD4, 0xAC, 0x51, 0x56, 0x75, 0x65, 0x10, 0xBE, 0xD6, 0xEA,
    0x7F, 0xCE, 0xAB, 0x07, 0xB6, 0x1A, 0xE5, 0xA0, 0x7E, 0x2B, 0x3E, 0xAD, 0x11, 0x6B, 0x93, 0x55,
    0xB2, 0x4B, 0xDB, 0xAC, 0x91, 0x3A, 0x6D, 0xD5, 0x6B, 0x7D, 0x2A, 0x9B, 0x76, 0x8A, 0x6D, 0x28,
    0xF5, 0xCA, 0xC5, 0xC6, 0xA5, 0x5E, 0x33, 0xDB, 0xC9, 0x51, 0xB6, 0xCB, 0x6F, 0x7B, 0x4C, 0x7E,
    0x8E, 0x6B, 0x68, 0xED, 0x12, 0xAE, 0x12, 0xE6, 0x84, 0x76, 0x89, 0x19, 0xED, 0x71, 0x3E, 0xEE,
    0xFD, 0xB8, 0x3F, 0x81, 0xCC, 0x84, 0x54, 0xA8, 0xD9, 0xE2, 0x27, 0x0E, 0xF3, 0x1A, 0x36, 0x87,
    0x3D, 0xCB, 0x9E, 0x1A, 0x8B, 0xA1, 0xE2, 0x1F, 0x5B, 0xC5, 0xE2, 0x3E, 0x48, 0x5B, 0x76, 0xD2,
    0x45, 0x5E, 0x15, 0xBC, 0x2A, 0x90, 0x55, 0x5E, 0x85, 0x21, 0x3B, 0xF5, 0x5F, 0x4B, 0xE0, 0x74,
    0xD2, 0xFF, 0x0D, 0x9D, 0x58, 0xBF, 0x8F, 0xDD, 0xC6, 0x11, 0x1E, 0x92, 0x86, 0x1E, 0x02, 0xC2,
    0x58, 0xF7, 0x06, 0x4C, 0x97, 0x01, 0x62, 0x8B, 0x2E, 0x55, 0x9C, 0x4C, 0x06, 0x29, 0x55, 0x58,
    0x8D, 0x53, 0xFB, 0x3F, 0xB8, 0xC6, 0x85, 0x0A, 0x4B, 0x7C, 0x70, 0xEB, 0xC2, 0x07, 0x38, 0xBD,
    0x5C, 0xA4, 0x4A, 0x23, 0x01, 0x51, 0xE1, 0xE2, 0xE2, 0x5D, 0xEB, 0x80, 0xA4, 0x70, 0x21, 0x06,
    0x29, 0x52, 0x86, 0x08, 0x1C, 0x38, 0xB0, 0x91, 0x68, 0x6D, 0x31, 0x08, 0xCF, 0x47, 0x72, 0xF3,
    0x7D, 0xB3, 0xE4, 0xD3, 0x7B, 0x67, 0xCB, 0x89, 0x42, 0xE0, 0x7D, 0x3B, 0x8F, 0x5C, 0xEE, 0x8F,
    0xD9, 0x99, 0x6F, 0x66, 0x28, 0xC5, 0x5C, 0x8B, 0x24, 0x21, 0x78, 0x91, 0xBC, 0xDF, 0xF4, 0x22,
    0x85, 0x4B, 0x81, 0x55, 0x2D, 0x27, 0x22, 0x8D, 0xF0, 0xB2, 0x8A, 0x73, 0xC4, 0x2C, 0x84, 0xE0,
    0x16, 0x94, 0xCA, 0xE5, 0x2E, 0x48, 0xE9, 0x32, 0x67, 0x15, 0xAB, 0xBA, 0x74, 0x02, 0x89, 0x68,
    0x7A, 0x62, 0x8A, 0x8E, 0x23, 0x6E, 0x29, 0x0A, 0xEF, 0x3C, 0x03, 0x5B, 0xC5, 0x8E, 0x98, 0x76,
    0x92, 0xD8, 0xAF, 0xEE, 0x75, 0xC2, 0x59, 0x70, 0xC7, 0x6C, 0xB6, 0x80, 0x1C, 0xEB, 0x7C, 0xC5,
    0x60, 0xAD, 0x36, 0xD4, 0x1C, 0xCF, 0x4B, 0x38, 0x2D, 0xC7, 0x6C, 0x38, 0x2A, 0x27, 0xD3, 0xDD,
    0x3A, 0x9A, 0x4A, 0xF7, 0xEE, 0xD1, 0x69, 0xB5, 0xBD, 0x7F, 0xED, 0x41, 0x23, 0xFE, 0x16, 0x16,
    0xED, 0x1F, 0x48, 0x48, 0x3A, 0x2F, 0x73, 0xD2, 0x02, 0x52, 0xD7, 0x61, 0xF1, 0x9F, 0x11, 0x1E,
    0xB6, 0x12, 0x36, 0xEF, 0x3B, 0xB1, 0x9B, 0x5F, 0x38, 0x69, 0xF2, 0xCC, 0x49, 0xF5, 0x21, 0xA6,
    0x28, 0x1F, 0x61, 0x0A, 0x33, 0xE7, 0xF2, 0xE2, 0x66, 0x32, 0x72, 0x3D, 0x09, 0x77, 0xAF, 0x8C,
    0x52, 0x71, 0x05, 0xD7, 0xED, 0x77, 0x22, 0xD7, 0x5E, 0xC3, 0x42, 0xDF, 0x3D, 0x02, 0x3C, 0x20,
    0x60, 0x0A, 0xAE, 0x05, 0xDA, 0x2B, 0x42, 0xE8, 0xC5, 0x9E, 0xE4, 0x63, 0x3A, 0x4A, 0x32, 0xE5,
    0x50, 0xE4, 0x64, 0xB0, 0x9B, 0x4F, 0x74, 0x6B, 0xD0, 0xE3, 0xA2, 0x46, 0x9B, 0x87, 0x7C, 0x08,
    0x79, 0xA8, 0xA6, 0x59, 0xEC, 0x7D, 0x40, 0xD5, 0x9E, 0x52, 0x83, 0x2F, 0x11, 0x44, 0x21, 0x48,
    0xB5, 0xC5, 0xC2, 0x01, 0x0D, 0xA1, 0xAA, 0x01, 0xA5, 0x03, 0x14, 0x2D, 0x20, 0xF7, 0xD5, 0xF6,
    0xC5, 0x6C, 0xAC, 0xB6, 0xD7, 0x25, 0xD8, 0xF7, 0x47, 0xEA, 0x80, 0x8A, 0x3A, 0x17, 0x68, 0x29,
    0xF8, 0x7B, 0x84, 0x6C, 0x44, 0x2F, 0x2C, 0x23, 0x23, 0x24, 0x04, 0x51, 0xF8, 0x98, 0x20, 0xCF,
    0x86, 0x10, 0xE6, 0x05, 0x0E, 0x1F, 0x60, 0xCC, 0x05, 0x2E, 0x3D, 0xC8, 0x08, 0x9B, 0xA0, 0x5D,
    0xC6, 0x05, 0x24, 0xE7, 0x61, 0xD9, 0x30, 0x49, 0x36, 0x25, 0x41, 0x60, 0x4B, 0x55, 0x6D, 0xBC,
    0x94, 0xB5, 0xE9, 0xE4, 0xAA, 0x00, 0x24, 0x02, 0x35, 0x24, 0x59, 0x4F, 0x18, 0xE2, 0x1C, 0x2E,
    0x82, 0xFC, 0x8E, 0x7A, 0xBA, 0x23, 0x8B, 0xC6, 0xF6, 0x1E, 0x54, 0xBC, 0xA7, 0x70, 0x9B, 0xC0,
    0xD7, 0xD2, 0xBF, 0xD5, 0xF2, 0x6A, 0x1E, 0xE6, 0x9F, 0xFB, 0x8A, 0x3B, 0xBF, 0xF3, 0x4B, 0x74,
    0xBC, 0x29, 0x9B, 0x49, 0xAD, 0x54, 0x7E, 0x22, 0xCB, 0xF5, 0xFA, 0x2A, 0x1C, 0xAD, 0xC2, 0xAD,
    0x55, 0xE0, 0x32, 0xAA, 0x31, 0x0F, 0xF5, 0xC5, 0x4C, 0xA1, 0x0A, 0xDF, 0x72, 0xAE, 0x74, 0xEA,
    0xF3, 0x8B, 0xAE, 0xC0, 0xC3, 0xE0, 0xB2, 0xB0, 0xA5, 0x47, 0x84, 0x1A, 0xDB, 0xE1, 0x5A, 0xA9,
    0x0C, 0xDD, 0x7A, 0xA0, 0x3B, 0x50, 0x11, 0xF3, 0x8F, 0x09, 0xC9, 0x2A, 0x64, 0xDF, 0x13, 0xF2,
    0x55, 0x30, 0xAB, 0xF0, 0xCA, 0x2A, 0x1C, 0x45, 0x21, 0xC8, 0x51, 0xA0, 0x80, 0x35, 0x3C, 0x08,
    0x75, 0x1A, 0xA0, 0xD8, 0xD1, 0x87, 0x21, 0x0D, 0x1E, 0x1A, 0xEE, 0x54, 0x80, 0x02, 0xDD, 0xB2,
    0x17, 0x7A, 0x88, 0x5E, 0xF4, 0x12, 0xBD, 0x4C, 0x6C, 0xAA, 0x09, 0xC7, 0x84, 0xBD, 0x11, 0x53,
    0x38, 0x0E, 0xAD, 0xCC, 0xF1, 0x61, 0x68, 0x15, 0x3D, 0xF1, 0x62, 0x20, 0x3E, 0x19, 0x89, 0xDF,
    0xCE, 0x44, 0x1F, 0x80, 0x61, 0xEF, 0x12, 0x5F, 0x74, 0xBC, 0x9F, 0xF7, 0x97, 0xEF, 0x4B, 0xE0,
    0x7D, 0xB1, 0x6F, 0x11, 0xAB, 0x47, 0xC4, 0xF2, 0x31, 0xD1, 0x04, 0x62, 0xAE, 0x98, 0x01, 0x7B,
    0x98, 0x18, 0x4C, 0x83, 0x5B, 0xAB, 0x30, 0xBB, 0x55, 0xAC, 0x38, 0x1A, 0x98, 0x46, 0xEE, 0xD1,
    0xFC, 0xD4, 0xB0, 0xAC, 0x53, 0x23, 0x2B, 0x3A, 0x6D, 0x68, 0x2D, 0x68, 0x78, 0x0E, 0xD4, 0xC6,
    0x70, 0xD8, 0xE4, 0xDA, 0x60, 0x4D, 0xEC, 0xE2, 0x0B, 0x36, 0xC6, 0x57, 0x6C, 0xCA, 0xCF, 0x42,
    0x48, 0xC7, 0x24, 0xBC, 0x85, 0x26, 0x84, 0x01, 0xD3, 0xA5, 0x61, 0xA6, 0x77, 0xA9, 0xFD, 0x3E,
    0x77, 0xD3, 0xF0, 0xEC, 0xA0, 0xCE, 0xED, 0xBD, 0xF0, 0x15, 0x38, 0xEA, 0x42, 0x9D, 0x22, 0xA7,
    0x06, 0xBE, 0x50, 0x3D, 0xD3, 0xFD, 0x54, 0xF5, 0xE9, 0x2C, 0x65, 0xBB, 0x10, 0xA6, 0x5A, 0xBA,
    0x9E, 0xFB, 0xB0, 0x0A, 0xE3, 0x22, 0x60, 0xD0, 0x97, 0xC1, 0x1D, 0x14, 0x94, 0x7C, 0x29, 0x6C,
    0xFA, 0xCD, 0xA0, 0x9D, 0x4D, 0x8B, 0xC7, 0x10, 0xBC, 0x71, 0xC2, 0x3B, 0xA6, 0x35, 0xA4, 0xC6,
    0x59, 0x9A, 0x9A, 0xCC, 0x22, 0xDC, 0x8F, 0x89, 0xBE, 0x43, 0xD5, 0xE2, 0xEC, 0xE7, 0x9C, 0x76,
    0x3A, 0x91, 0x9F, 0x95, 0x6D, 0x41, 0x28, 0x58, 0x08, 0xB6, 0xDC, 0xE3, 0x2D, 0xBA, 0x69, 0xC1,
    0x01, 0x2D, 0x7A, 0xE2, 0x00, 0xC8, 0x35, 0x09, 0x17, 0x81, 0xA5, 0xFA, 0x3C, 0x0A, 0xA6, 0x37,
    0xB5, 0x76, 0xCD, 0x47, 0xE3, 0xD2, 0x31, 0x0B, 0x75, 0x16, 0x4C, 0x07, 0xC2, 0x0A, 0x58, 0xDF,
    0x13, 0x30, 0x0D, 0x5D, 0xBC, 0xF4, 0xC7, 0x78, 0x17, 0x42, 0x3A, 0x90, 0x9B, 0x29, 0x65, 0xB4,
    0xD0, 0xC0, 0x35, 0x70, 0x62, 0x9C, 0x19, 0x26, 0xA3, 0x13, 0x1A, 0xB2, 0x19, 0xCD, 0x5C, 0x0C,
    0x94, 0x5E, 0xAB, 0x31, 0x60, 0x06, 0xD0, 0x98, 0xC1, 0xBF, 0x42, 0x68, 0x88, 0x05, 0xE9, 0x4D,
    0x69, 0xFF, 0x2A, 0xFE, 0x5D, 0xD7, 0xD7, 0xAF, 0xE3, 0x1F, 0x5C, 0x15, 0xBC, 0x71, 0x54, 0xB4,
    0xF2, 0x9E, 0x4A, 0xB7, 0x40, 0x1B, 0x9F, 0xC0, 0xFE, 0xD7, 0xAB, 0x79, 0x6A, 0x7D, 0xD9, 0x98,
    0xF8, 0x6C, 0x48, 0xD5, 0x46, 0xD2, 0x2E, 0x1B, 0x33, 0xA8, 0x27, 0x99, 0x32, 0xE8, 0x4F, 0x5D,
    0x23, 0x00, 0xA7, 0x8D, 0x4A, 0xF0, 0x90, 0x39, 0xA7, 0x97, 0x34, 0x37, 0x6A, 0xB1, 0x86, 0x67,
    0x55, 0x7D, 0x88, 0x7F, 0x6F, 0xA9, 0x97, 0xC0, 0x6C, 0xAB, 0xBB, 0x1A, 0x89, 0xFE, 0x89, 0xDF,
    0x3F, 0x28, 0x15, 0x93, 0x6A, 0x8D, 0xAE, 0x34, 0xC6, 0x1F, 0xF6, 0x03, 0xA5, 0xAB, 0xE2, 0xD5,
    0x1E, 0x95, 0x1B, 0x68, 0xBD, 0x06, 0xDA, 0x81, 0xF2, 0x4D, 0x07, 0x9F, 0x0F, 0x35, 0x1B, 0x6C,
    0x4F, 0x9B, 0xA2, 0xD5, 0xC6, 0x74, 0xB1, 0xF1, 0xDA, 0xE4, 0x6C, 0xD2, 0xF1, 0xB9, 0x1B, 0x8E,
    0xB3, 0xDF, 0x14, 0xAD, 0x36, 0xA5, 0xD3, 0xA6, 0xDA, 0xB2, 0x01, 0x53, 0xCD, 0x31, 0xE6, 0x6A,
    0x43, 0xCF, 0x32, 0x64, 0x50, 0x05, 0x69, 0x5C, 0x0C, 0xB6, 0x99, 0xEA, 0x4E, 0x6D, 0x38, 0x46,
    0x60, 0x40, 0x83, 0x78, 0x8D, 0x5B, 0xA5, 0x33, 0xFD, 0xE6, 0x31, 0x23, 0x78, 0x60, 0xE4, 0xB1,
    0xAE, 0xE1, 0x66, 0x2C, 0x21, 0x10, 0x66, 0x9D, 0xF0, 0x07, 0x20, 0xEC, 0xFA, 0xE9, 0x1B, 0xFA,
    0xAE, 0x8E, 0x82, 0xF1, 0xEE, 0xFA, 0x2C, 0xCC, 0x45, 0xC0, 0x1C, 0xB4, 0x83, 0x83, 0x8B, 0xEC,
    0x3D, 0x56, 0x4B, 0x96, 0x00, 0x8F, 0x48, 0x69, 0xD3, 0xA6, 0x2F, 0x06, 0x26, 0x14, 0x23, 0xFD,
    0x6E, 0x94, 0x4F, 0x25, 0xFD, 0x58, 0xC8, 0xEC, 0xC9, 0x61, 0x14, 0xB2, 0x1A, 0x79, 0x09, 0xEA,
    0x60, 0x0A, 0x96, 0x24, 0xAE, 0x90, 0x1D, 0x76, 0x4E, 0xA6, 0x5D, 0x16, 0xA3, 0x09, 0x4D, 0x45,
    0x63, 0x80, 0x8D, 0x1D, 0xC9, 0xE6, 0x3C, 0x19, 0x97, 0x14, 0xE8, 0xE5, 0x50, 0x63, 0x2D, 0x38,
    0x55, 0x59, 0x9A, 0x04, 0x1C, 0x55, 0xF4, 0xCA, 0xF8, 0x85, 0xD3, 0x37, 0xAB, 0x38, 0xC0, 0xA9,
    0x36, 0x49, 0xAF, 0xCD, 0xA6, 0xD5, 0xC6, 0x6C, 0xB5, 0x79, 0x33, 0xCE, 0xA1, 0x16, 0x63, 0x33,
    0x1F, 0x43, 0xD9, 0x12, 0xCC, 0x34, 0x9C, 0xD9, 0x3B, 0xCA, 0x15, 0xB6, 0x27, 0xD5, 0x41, 0x4D,
    0x95, 0xD7, 0x17, 0x0A, 0x5D, 0xBF, 0xE4, 0x93, 0x36, 0xA4, 0x4C, 0xCE, 0x40, 0xF7, 0xC6, 0x7C,
    0xB6, 0x8D, 0xB3, 0x7B, 0x5D, 0x8B, 0x19, 0x75, 0x65, 0x9B, 0xB8, 0x5C, 0xC4, 0x02, 0x36, 0x72,
    0xEC, 0x75, 0x86, 0x2E, 0xE2, 0x84, 0x2D, 0xE6, 0xDD, 0x00, 0xCC, 0x3A, 0xC4, 0xE2, 0x6D, 0x8A,
    0x5C, 0xA8, 0xDA, 0x26, 0xDD, 0xC7, 0xDC, 0xFA, 0xC9, 0xA2, 0x00, 0xE0, 0x3B, 0xC4, 0x0F, 0x34,
    0x1A, 0xEA, 0xB2, 0x2A, 0x32, 0xDA, 0x95, 0xA0, 0xBE, 0x12, 0xB6, 0x2F, 0x49, 0x76, 0x5E, 0xBD,
    0xEF, 0x25, 0xD9, 0x92, 0xAE, 0xF1, 0xF4, 0x5C, 0xF3, 0x1E, 0x2E, 0xBC, 0x60, 0x9F, 0x74, 0x6E,
    0x88, 0xDD, 0x3A, 0xDA, 0x1E, 0x6A, 0x70, 0x62, 0x4E, 0x40, 0x65, 0xBA, 0x15, 0x0F, 0xAE, 0xD7,
    0x76, 0xD2, 0xFD, 0x55, 0xC8, 0xDA, 0x55, 0xCA, 0x97, 0xA0, 0x96, 0xDC, 0x0B, 0xE7, 0x51, 0x2A,
    0x7F, 0x35, 0x17, 0xF1, 0xF1, 0xCD, 0x64, 0x4C, 0x87, 0xE5, 0x85, 0x5E, 0x96, 0xA8, 0xBF, 0xF1,
    0x31, 0x49, 0xC0, 0xAB, 0x9D, 0x94, 0xF1, 0x6D, 0x10, 0x66, 0x11, 0x67, 0x45, 0x63, 0xE2, 0xCB,
    0x30, 0x4B, 0xCD, 0x44, 0x74, 0xA5, 0x0B, 0x49, 0x23, 0x51, 0x5B, 0xA4, 0x46, 0x56, 0xC9, 0xCA,
    0x53, 0x0A, 0x27, 0x11, 0xF1, 0x9A, 0x76, 0xD2, 0xB8, 0xE4, 0x33, 0x6A, 0x95, 0x45, 0x57, 0x42,
    0x6D, 0x5C, 0x52, 0xF9, 0x47, 0x06, 0x32, 0xCD, 0xA1, 0xCF, 0x7A, 0x8C, 0xCA, 0x4C, 0xA7, 0xF9,
    0xC0, 0x61, 0x76, 0x9A, 0x42, 0x30, 0xCE, 0x38, 0x24, 0x18, 0x48, 0x0E, 0xCC, 0xD6, 0xB8, 0x6B,
    0xD8, 0x4E, 0x36, 0x16, 0x90, 0xDE, 0xC0, 0x4C, 0xC6, 0xC3, 0xFB, 0xB6, 0x6F, 0x98, 0x3B, 0x75,
    0xE3, 0xAA, 0xB6, 0x90, 0x6B, 0xB7, 0x91, 0xE0, 0x48, 0xD5, 0xDF, 0xC6, 0x7E, 0x12, 0xFB, 0x85,
    0x34, 0x65, 0xB7, 0xA8, 0xE6, 0xD3, 0x9D, 0xDE, 0xA6, 0xEF, 0x4B, 0xC9, 0xB8, 0x4A, 0xE9, 0x4E,
    0x5A, 0x22, 0xD0, 0xC2, 0x5C, 0xF1, 0xBA, 0x72, 0x12, 0x5B, 0x7B, 0xC2, 0x5C, 0xAE, 0xE7, 0x76,
    0x4E, 0xA9, 0x9C, 0xEB, 0xD4, 0xCB, 0xD5, 0x03, 0x70, 0xAF, 0x13, 0x8E, 0xF8, 0x94, 0xD0, 0xBE,
    0xCB, 0x1D, 0xDF, 0xA7, 0x2A, 0xB0, 0xA2, 0xFC, 0x5B, 0x28, 0x38, 0xBB, 0x60, 0x70, 0x09, 0xFB,
    0x8E, 0xF6, 0x53, 0x2A, 0xF0, 0x36, 0x0D, 0x18, 0x01, 0xC2, 0x25, 0xE1, 0xC6, 0xDD, 0x36, 0x7B,
    0xF4, 0x17, 0xE3, 0x37, 0x37, 0xC8, 0x68, 0x19, 0xA2, 0xDD, 0xEB, 0x29, 0x52, 0xD6, 0x6B, 0xE2,
    0xA2, 0xAB, 0xAA, 0x87, 0xE3, 0xBD, 0x97, 0xF8, 0x32, 0x43, 0x62, 0xE2, 0xB1, 0xA9, 0xA4, 0xE7,
    0x7E, 0x26, 0x84, 0x46, 0x98, 0x23, 0x67, 0x9B, 0x69, 0xF3, 0x7F, 0x17, 0xF9, 0x19, 0x8C, 0x7C,
    0x4B, 0x6F, 0x28, 0xBD, 0xFA, 0xE0, 0xB0, 0x04, 0x6B, 0xB5, 0xFE, 0xE8, 0x09, 0x9E, 0x2B, 0x98,
    0x25, 0xE2, 0xA5, 0xFB, 0x9C, 0xD3, 0xEA, 0xF9, 0x5A, 0x69, 0x5A, 0x25, 0x0E, 0xA5, 0x8F, 0x6E,
    0x57, 0xF1, 0xFC, 0x2F, 0xA8, 0x74, 0x96, 0x46, 0xCF, 0x38, 0x30, 0xF2, 0x44, 0xCD, 0x2F, 0x26,
    0x68, 0xFB, 0x78, 0x4C, 0x4E, 0xCE, 0x35, 0xD9, 0x69, 0xFE, 0xF4, 0x30, 0x6C, 0x11, 0xAD, 0x5C,
    0xE3, 0x36, 0x3E, 0x03, 0x59, 0x9A, 0x36, 0x73, 0x45, 0xCD, 0x42, 0xEA, 0x05, 0xD8, 0x23, 0xFB,
    0x37, 0xFA, 0x96, 0x55, 0x0C, 0x8A, 0xF3, 0x0F, 0xE1, 0x23, 0x8E, 0x47, 0x64, 0x1F, 0xEB, 0xD9,
    0x9F, 0x34, 0xCC, 0x31, 0x39, 0x0E, 0x0B, 0xB2, 0x75, 0xFC, 0xD2, 0x6D, 0x7A, 0x62, 0x3A, 0x11,
    0xC5, 0x7E, 0x89, 0xD9, 0x11, 0x1D, 0x54, 0x95, 0xC7, 0xE1, 0xD7, 0x97, 0x56, 0x1B, 0x77, 0xB1,
    0x98, 0x51, 0x16, 0x2D, 0x6C, 0x13, 0x29, 0x3C, 0x8F, 0x8D, 0x69, 0xB4, 0x4B, 0x11, 0xBD, 0xFD,
    0x6A, 0xAC, 0xE7, 0x8E, 0x0A, 0x35, 0xD4, 0xF7, 0xA2, 0xA7, 0xF4, 0xD1, 0x89, 0x3C, 0x4F, 0x28,
    0xEC, 0x9D, 0x02, 0x8E, 0x61, 0xE3, 0x78, 0xE0, 0xF4, 0xF4, 0x10, 0x73, 0x56, 0x24, 0x07, 0x97,
    0xBA, 0xA8, 0xBD, 0x69, 0xDA, 0x4E, 0x6F, 0xEB, 0xA3, 0xFB, 0x79, 0xB5, 0x63, 0x14, 0x8A, 0x34,
    0xEC, 0xAC, 0xD3, 0xBC, 0x91, 0x29, 0x50, 0x4E, 0xD2, 0x26, 0xD1, 0xFA, 0xA5, 0x01, 0xA3, 0x9F,
    0x90, 0xDB, 0xC7, 0x58, 0x94, 0x60, 0x25, 0x95, 0xDB, 0x74, 0xE0, 0xFD, 0xB4, 0xDD, 0x2B, 0x49,
    0x14, 0x8A, 0x76, 0x2F, 0xAD, 0x05, 0xB9, 0xF1, 0x5C, 0xE9, 0xCF, 0x38, 0xDC, 0xA7, 0x0F, 0x0C,
    0x75, 0xC0, 0xEA, 0x20, 0x66, 0x79, 0xD8, 0x6E, 0xCA, 0x9A, 0x37, 0xF3, 0xEA, 0xDF, 0xE0, 0x97,
    0xDC, 0xAB, 0x23, 0x23, 0xFB, 0x82, 0x51, 0x35, 0x4C, 0x0A, 0xAF, 0x68, 0x8A, 0x98, 0xD6, 0xAB,
    0x52, 0x77, 0xB0, 0x56, 0x8F, 0xB0, 0xC6, 0x8F, 0x3E, 0x47, 0xF5, 0x98, 0x3D, 0x44, 0xF5, 0x98,
    0xB9, 0x89, 0xC7, 0x74, 0xCA, 0x13, 0x7B, 0x47, 0x8D, 0x40, 0x6D, 0x40, 0x4D, 0x40, 0x2D, 0x60,
    0x7E, 0x16, 0x84, 0x5D, 0x3F, 0x7D, 0x43, 0xDF, 0xE5, 0x28, 0xD8, 0x18, 0x80, 0x23, 0xA3, 0x7A,
    0xCC, 0xE0, 0xDD, 0xE1, 0xA3, 0xDF, 0xEF, 0xAA, 0xC7, 0xEF, 0x0E, 0x56, 0x85, 0x45, 0xA6, 0x2C,
    0x63, 0x9F, 0x09, 0x4F, 0x15, 0xF1, 0xE3, 0xFD, 0x9E, 0x13, 0x40, 0x19, 0x1C, 0xBC, 0x06, 0xD8,
    0xC0, 0xD4, 0x38, 0xAC, 0xE7, 0x36, 0x31, 0x3A, 0x33, 0xA7, 0xC2, 0xB9, 0x41, 0xCF, 0x05, 0xF3,
    0x0A, 0xC3, 0xBA, 0xF8, 0x85, 0x18, 0x5F, 0x14, 0xF4, 0x3C, 0xF4, 0x64, 0x32, 0xF5, 0x44, 0xAD,
    0x24, 0x0A, 0x7A, 0x72, 0xC2, 0x9C, 0x98, 0x51, 0x9D, 0xA2, 0xF6, 0xD7, 0xE3, 0xF6, 0xE5, 0x2B,
    0xA5, 0xF1, 0xD6, 0xDA, 0x0F, 0xFC, 0x93, 0x3F, 0xFF, 0xE1, 0x73, 0xFF, 0xE4, 0xEC, 0xEC, 0x51,
    0xFB, 0xDB, 0xB3, 0xB3, 0xC7, 0xAE, 0x3A, 0x3B, 0x0B, 0x52, 0x7C, 0xF9, 0xB5, 0x26, 0xB8, 0x38,
    0xD2, 0xB3, 0xB3, 0x7D, 0xD8, 0x19, 0xA6, 0x7F, 0x1A, 0xC2, 0x9E, 0xDE, 0x1B, 0xB0, 0x1B, 0xCF,
    0x7A, 0x7B, 0x0F, 0x3A, 0xC0, 0x7D, 0xF9, 0x2F, 0xE5, 0xF7, 0x8F, 0x42, 0x36, 0x2E, 0xCE, 0x96,
    0x30, 0xED, 0x57, 0xB0, 0x6B, 0x90, 0xF7, 0x30, 0x2E, 0x59, 0xF3, 0xBA, 0x8A, 0x5B, 0x87, 0xE3,
    0xBD, 0xFD, 0xF6, 0xF1, 0xBF, 0x6E, 0xEA, 0x53, 0x95, 0x34, 0xC9, 0x59, 0x14, 0x45, 0x5F, 0x85,
    0x17, 0xC8, 0x6F, 0x2C, 0xC9, 0x92, 0x2E, 0xAF, 0xB7, 0x35, 0xAC, 0x18, 0xC6, 0x85, 0x8D, 0xCE,
    0x48, 0xF5, 0x25, 0x3A, 0xB0, 0x66, 0x01, 0x3A, 0x70, 0xE9, 0x97, 0x4C, 0x18, 0xFE, 0xCF, 0xB8,
    0x61, 0x3B, 0x4D, 0x91, 0x22, 0x44, 0x02, 0x0C, 0x3B, 0x5A, 0x8C, 0x90, 0x90, 0x5B, 0x8F, 0xF9,
    0x4D, 0xE0, 0x9C, 0x5D, 0x6A, 0x12, 0x8C, 0xBC, 0x2A, 0x83, 0x45, 0x9C, 0xAE, 0x2D, 0x8B, 0x11,
    0xC4, 0x34, 0x6E, 0x2D, 0x3D, 0xB1, 0xA8, 0x37, 0x87, 0xCE, 0x32, 0xE9, 0xB6, 0x2C, 0xA1, 0x98,
    0xF0, 0xC4, 0x64, 0x6B, 0x85, 0x37, 0x63, 0xD2, 0x85, 0x8C, 0x0C, 0xA5, 0xAF, 0x2B, 0xB4, 0xEA,
    0x47, 0x4A, 0x02, 0x6D, 0xBC, 0xAC, 0xA1, 0xAD, 0xD1, 0xD9, 0x87, 0xA2, 0x56, 0xA6, 0xE1, 0xB2,
    0x87, 0xEC, 0x6B, 0x98, 0x00, 0x8B, 0x85, 0x19, 0x16, 0xA0, 0x0C, 0xA7, 0xCE, 0x40, 0x04, 0x65,
    0x00, 0xB1, 0x40, 0x9A, 0x3D, 0xF0, 0x61, 0x42, 0x7C, 0x64, 0x78, 0x27, 0x3C, 0x3E, 0x43, 0x9F,
    0x8B, 0xF0, 0x18, 0xDD, 0xDA, 0x6F, 0x98, 0x6C, 0xB9, 0x6D, 0xBF, 0xA6, 0x33, 0xFF, 0x56, 0xFC,
    0xAB, 0xE6, 0x11, 0x69, 0x8C, 0xFE, 0x5E, 0x52, 0xC7, 0x6C, 0x80, 0x49, 0x60, 0x53, 0x93, 0x16,
    0x4A, 0x8D, 0x01, 0x79, 0x88, 0x0A, 0xF9, 0x62, 0x57, 0x8D, 0x3F, 0x03, 0x11, 0xE4, 0xEB, 0x25,
    0x99, 0xCD, 0x26, 0x83, 0xEA, 0x09, 0xD1, 0x11, 0xCE, 0x80, 0xDA, 0x41, 0x8D, 0xDE, 0xE8, 0xE7,
    0x1F, 0x03, 0xAB, 0x6D, 0xD0, 0x3F, 0x07, 0xBB, 0x1B, 0x64, 0x3A, 0x8A, 0x3D, 0xCB, 0xF4, 0xAC,
    0x67, 0xC9, 0x9E, 0x0D, 0xFF, 0x1F, 0x6A, 0x05, 0xAB, 0xD5, 0x2B, 0xB3, 0xED, 0x36, 0x5D, 0xBF,
    0x20, 0x0D, 0x84, 0x1F, 0x70, 0x56, 0x7D, 0xB0, 0xE9, 0x59, 0x68, 0xC3, 0xB6, 0x91, 0x08, 0xAA,
    0x7E, 0xB5, 0xD4, 0x78, 0xBE, 0x8F, 0x47, 0xF3, 0xE1, 0xC7, 0x23, 0xF8, 0xCB, 0x25, 0x4C, 0x98,
    0x92, 0x50, 0x97, 0x2D, 0xB2, 0x02, 0x7F, 0x31, 0x60, 0x56, 0xFF, 0x0D, 0x8B, 0x61, 0xEF, 0xA1,
    0x66, 0xE7, 0x3D, 0x83, 0x9B, 0x07, 0xE7, 0x36, 0x42, 0xB4, 0xC0, 0xBC, 0x0D, 0x44, 0x14, 0x24,
    0xDE, 0x5F, 0xA9, 0xE7, 0xFD, 0xEF, 0x96, 0x7B, 0x31, 0xBB, 0x59, 0x13, 0x3E, 0x0E, 0xAF, 0xD1,
    0xCB, 0xB8, 0x25, 0x7D, 0x94, 0x98, 0xC3, 0xC9, 0xF2, 0x2D, 0x4A, 0x8A, 0xED, 0x9A, 0xBD, 0x1F,
    0xA0, 0x18, 0x1E, 0xDC, 0x0E, 0x2C, 0x77, 0x7F, 0xAC, 0x41, 0x66, 0x88, 0x9F, 0x8A, 0x9A, 0x3A,
    0xD3, 0xC4, 0x5B, 0xAB, 0x98, 0x7D, 0xA8, 0xDC, 0xFA, 0xA0, 0xA1, 0x2A, 0x27, 0xD2, 0x8C, 0x7E,
    0xE8, 0x1C, 0xF8, 0x9A, 0x95, 0xB5, 0x1F, 0x62, 0x00, 0xA0, 0x03, 0x80, 0xB8, 0xF7, 0xC1, 0xF8,
    0xF5, 0x41, 0xE1, 0x10, 0x50, 0xED, 0xF6, 0x98, 0xFA, 0xB7, 0xF1, 0x43, 0xE9, 0xC1, 0xAA, 0x58,
    0x4E, 0xB1, 0x9A, 0xCA, 0xFB, 0xCD, 0x88, 0x78, 0x37, 0x81, 0x34, 0x27, 0x6C, 0x7D, 0x84, 0x12,
    0x6E, 0x86, 0x45, 0x25, 0x97, 0x7F, 0x61, 0x51, 0x52, 0x53, 0xAB, 0xC1, 0xBF, 0x00, 0x6F, 0x79,
    0x31, 0x3F, 0x4F, 0x4E, 0x13, 0x1A, 0xA7, 0x7E, 0x2A, 0x3E, 0x20, 0xBE, 0x91, 0xBF, 0xFF, 0x00,
    0xFB, 0xFF, 0xFF, 0xFF, 0xFF, 0x03, 0xFF, 0xE1, 0x04, 0x00, 0xD5, 0x54, 0x3B, 0x72, 0xC2, 0x30,
    0x10, 0x5D, 0xCB, 0x19, 0x28, 0x5C, 0x38, 0x7D, 0x0A, 0xE5, 0x06, 0x6E, 0x53, 0x45, 0xE6, 0x2E,
    0xF4, 0x1C, 0xC1, 0x3A, 0x0A, 0x87, 0x48, 0x9B, 0x91, 0x8F, 0xE0, 0x23, 0xB8, 0xC8, 0x01, 0x28,
    0x28, 0x5C, 0xD8, 0xDE, 0xBC, 0x5D, 0xC9, 0x1E, 0x48, 0x28, 0x61, 0x32, 0xD1, 0x30, 0xEF, 0x2D,
    0xE8, 0xF7, 0xF6, 0x69, 0x17, 0x32, 0xDC, 0x67, 0xE1, 0x4C, 0x96, 0xC7, 0x82, 0x67, 0x72, 0xBB,
    0xB9, 0x6A, 0x03, 0xCD, 0xF4, 0xE9, 0xEA, 0x77, 0x9A, 0x68, 0xDF, 0xD0, 0x73, 0x36, 0x12, 0x05,
    0x22, 0x73, 0x45, 0xAC, 0xA3, 0x4D, 0x64, 0x6E, 0x2D, 0x79, 0x04, 0xE5, 0x20, 0x26, 0x2A, 0xB8,
    0x36, 0xDC, 0x41, 0xC4, 0xE8, 0x54, 0x84, 0x12, 0xD1, 0x81, 0xBD, 0xCC, 0xF1, 0x40, 0x54, 0x75,
    0x56, 0x77, 0xE4, 0x13, 0x21, 0x1B, 0xA4, 0x90, 0x21, 0x38, 0xEA, 0x31, 0x74, 0x85, 0xA2, 0x7F,
    0x4E, 0x28, 0xBF, 0x3C, 0x06, 0xA3, 0x6E, 0xC8, 0xCE, 0xD9, 0xAB, 0xDC, 0x31, 0x22, 0x24, 0xB2,
    0xE6, 0x23, 0xE8, 0xBA, 0x82, 0x45, 0x73, 0x06, 0x9C, 0x64, 0x7D, 0x74, 0xDE, 0x5C, 0xA0, 0x98,
    0xBD, 0xA0, 0xF9, 0x35, 0x7B, 0x2F, 0x5C, 0xD5, 0x9A, 0x9F, 0x6A, 0x31, 0x5E, 0xF8, 0x08, 0xEF,
    0x50, 0x35, 0xCC, 0x10, 0x69, 0x79, 0x2A, 0x86, 0xAD, 0x88, 0xDF, 0xCD, 0x16, 0x2F, 0x52, 0x6B,
    0xED, 0x78, 0x6A, 0x24, 0x85, 0xBD, 0xAB, 0xE9, 0x4D, 0xB3, 0x68, 0x16, 0xC3, 0xC3, 0x55, 0xC0,
    0x69, 0xF8, 0x35, 0x48, 0x53, 0xEE, 0x8F, 0x83, 0x54, 0x67, 0xAE, 0x5D, 0x2A, 0xAD, 0x8F, 0x45,
    0x56, 0x8A, 0xC8, 0x14, 0x88, 0x09, 0x54, 0x41, 0xB3, 0x34, 0x8F, 0x11, 0xF1, 0x62, 0x42, 0x79,
    0x86, 0x69, 0x62, 0x42, 0xD5, 0x52, 0xF0, 0xC9, 0x04, 0xE7, 0x93, 0x09, 0xB7, 0xEE, 0x8A, 0x99,
    0x9F, 0x2E, 0x82, 0xFF, 0x64, 0x42, 0x16, 0xBE, 0xF0, 0x90, 0xA5, 0x64, 0x8F, 0x02, 0xB6, 0xBD,
    0xEC, 0xDD, 0x9E, 0xE5, 0xF5, 0xF3, 0x41, 0x9E, 0x1E, 0x88, 0x03, 0xB7, 0x8A, 0x56, 0x11, 0x7B,
    0x57, 0x8C, 0xB3, 0x77, 0xC6, 0xE5, 0x03, 0xD9, 0x68, 0x25, 0x69, 0x2D, 0x9E, 0x05, 0x2B, 0xD4,
    0xEB, 0x06, 0x6F, 0x86, 0xE1, 0xD0, 0xED, 0x52, 0x7F, 0xBE, 0xC1, 0xDF, 0x46, 0x36, 0x53, 0xD9,
    0x6B, 0x55, 0x16, 0xA7, 0x95, 0x20, 0xBD, 0x04, 0x21, 0x8F, 0xEA, 0x84, 0x24, 0xE5, 0x9C, 0xD1,
    0x72, 0xEC, 0x87, 0xB6, 0x69, 0xB1, 0x24, 0x90, 0x15, 0xC2, 0xE6, 0x5A, 0xE9, 0x49, 0xF6, 0xC1,
    0x2F, 0xA1, 0xD0, 0x29, 0xB9, 0x49, 0xA9, 0xC4, 0xA5, 0xA0, 0x0C, 0x0D, 0x23, 0x47, 0x5B, 0xF6,
    0x7A, 0x03, 0x77, 0x42, 0x38, 0x1F, 0xF4, 0x8A, 0xDB, 0x40, 0x1F, 0x58, 0x00, 0x1A, 0xE2, 0x37,
    0x38, 0xD6, 0xC3, 0xCB, 0x50, 0x37, 0x2D, 0xFE, 0xC7, 0x9C, 0xB8, 0xCD, 0xE3, 0x86, 0x61, 0xF8,
    0x61, 0xF8, 0x06, 0x4D, 0x90, 0x31, 0x0E, 0x83, 0x30, 0x0C, 0x45, 0x1D, 0x18, 0x32, 0x74, 0xE0,
    0x08, 0xB9, 0x42, 0x87, 0xEE, 0xB0, 0x75, 0xEC, 0x91, 0x72, 0x34, 0x72, 0x04, 0x8E, 0xD0, 0xAD,
    0x2B, 0x03, 0x63, 0xC2, 0xEF, 0xB7, 0x4D, 0x24, 0x2C, 0xA1, 0x3C, 0x59, 0x8F, 0x2F, 0xDB, 0x22,
    0xB7, 0x7A, 0x75, 0x68, 0xD7, 0x3B, 0x62, 0x71, 0x98, 0xB0, 0x39, 0x64, 0x1C, 0xF6, 0x06, 0xC0,
    0xA5, 0x08, 0xB8, 0x94, 0xBE, 0x92, 0x4D, 0xCA, 0x6C, 0xAA, 0x14, 0x9A, 0x34, 0x4B, 0x8A, 0x35,
    0x40, 0x56, 0x4A, 0xE9, 0x1C, 0x60, 0x52, 0xC6, 0x0F, 0x32, 0x1F, 0x9A, 0x02, 0x76, 0x9A, 0xA5,
    0x9C, 0xB2, 0x62, 0x49, 0x84, 0x2A, 0xC0, 0x36, 0x13, 0x8E, 0x91, 0x9F, 0xC2, 0xC6, 0xF6, 0x3E,
    0xA9, 0xBB, 0x02, 0x85, 0x5D, 0xE8, 0x0F, 0x42, 0x0F, 0x0F, 0xF5, 0x85, 0xD2, 0x87, 0x8A, 0x0E,
    0xAA, 0x55, 0x74, 0x74, 0xCB, 0x66, 0xE1, 0x8C, 0xAA, 0x50, 0xE2, 0x1C, 0xBB, 0x6D, 0x43, 0x28,
    0xB6, 0x5F, 0x1D, 0xE0, 0x7B, 0xE1, 0x5D, 0x1D, 0x66, 0x57, 0x34, 0xA9, 0xF4, 0x23, 0xF4, 0xB3,
    0xD4, 0x0E, 0xCF, 0xFB, 0xD5, 0xE4, 0x0F,
};

static const EpdGlyph notoserif_18_regularGlyphs[] = {
    { 0, 0, 0, 0, 0, 0, 0 }, // U+0000
    { 0, 0, 156, 0, 0, 0, 0 }, // U+000D
    { 0, 0, 156, 0, 0, 0, 0 }, // U+0020
    { 5, 27, 199, 4, 27, 34, 0 }, // !
    { 12, 9, 245, 2, 27, 27, 34 }, // "
    { 19, 27, 335, 1, 27, 129, 61 }, // #
    { 17, 33, 335, 2, 29, 141, 190 }, // $
    { 31, 27, 538, 2, 27, 210, 331 }, // %
    { 26, 27, 445, 1, 27, 176, 541 }, // &
    { 5, 9, 132, 2, 27, 12, 717 }, // '
    { 10, 35, 208, 2, 30, 88, 729 }, // (
    { 10, 35, 208, 1, 30, 88, 817 }, // )
    { 16, 15, 300, 1, 29, 60, 905 }, // *
    { 16, 17, 335, 2, 23, 68, 965 }, // +
    { 6, 11, 150, 1, 5, 17, 1033 }, // ,
    { 10, 3, 186, 1, 12, 8, 1050 }, // -
    { 5, 5, 150, 2, 5, 7, 1058 }, // .
    { 11, 34, 173, 0, 29, 94, 1065 }, // /
    { 18, 27, 347, 2, 27, 122, 1159 }, // 0
    { 15, 27, 275, 1, 27, 102, 1281 }, // 1
    { 16, 27, 297, 1, 27, 108, 1383 }, // 2
    { 17, 27, 307, 1, 27, 115, 1491 }, // 3
    { 20, 27, 331, 1, 27, 135, 1606 }, // 4
    { 17, 27, 307, 1, 27, 115, 1741 }, // 5
    { 17, 27, 330, 2, 27, 115, 1856 }, // 6
    { 17, 27, 308, 2, 27, 115, 1971 }, // 7
    { 18, 27, 334, 2, 27, 122, 2086 }, // 8
    { 17, 27, 330, 2, 27, 115, 2208 }, // 9
    { 5, 21, 172, 3, 21, 27, 2323 }, // :
    { 6, 27, 172, 2, 21, 41, 2350 }, // ;
    { 16, 20, 335, 2, 24, 80, 2391 }, // <
    { 16, 10, 335, 2, 19, 40, 2471 }, // =
    { 16, 20, 335, 2, 24, 80, 2511 }, // >
    { 15, 27, 284, 1, 27, 102, 2591 }, // ?
    { 30, 32, 553, 2, 27, 240, 2693 }, // @
    { 26, 27, 423, 0, 27, 176, 2933 }, // A
    { 21, 27, 392, 1, 27, 142, 3109 }, // B
    { 20, 27, 368, 2, 27, 135, 3251 }, // C
    { 24, 27, 436, 1, 27, 162, 3386 }, // D
    { 21, 27, 374, 1, 27, 142, 3548 }, // E
    { 19, 27, 354, 1, 27, 129, 3690 }, // F
    { 24, 27, 428, 2, 27, 162, 3819 }, // G
    { 27, 27, 476, 1, 27, 183, 3981 }, // H
    { 11, 27, 220, 1, 27, 75, 4164 }, // I
    { 13, 36, 214, 0, 27, 117, 4239 }, // J
    { 25, 27, 420, 1, 27, 169, 4356 }, // K
    { 20, 27, 374, 1, 27, 135, 4525 }, // L
    { 32, 27, 563, 1, 27, 216, 4660 }, // M
    { 26, 27, 458, 1, 27, 176, 4876 }, // N
    { 24, 27, 445, 2, 27, 162, 5052 }, // O
    { 20, 27, 362, 1, 27, 135, 5214 }, // P
    { 24, 36, 445, 2, 27, 216, 5349 }, // Q
    { 24, 27, 394, 1, 27, 162, 5565 }, // R
    { 17, 27, 326, 1, 27, 115, 5727 }, // S
    { 22, 27, 368, 1, 27, 149, 5842 }, // T
    { 26, 27, 430, 1, 27, 176, 5991 }, // U
    { 25, 27, 405, 0, 27, 169, 6167 }, // V
    { 39, 27, 628, 1, 27, 264, 6336 }, // W
    { 25, 27, 396, 0, 27, 169, 6600 }, // X
    { 24, 27, 375, 0, 27, 162, 6769 }, // Y
    { 19, 27, 355, 1, 27, 129, 6931 }, // Z
    { 9, 35, 216, 4, 29, 79, 7060 }, // [
    { 11, 34, 173, 0, 29, 94, 7139 }, // <backslash>
    { 9, 35, 216, 1, 29, 79, 7233 }, // ]
    { 19, 17, 335, 1, 27, 81, 7312 }, // ^
    { 18, 2, 275, 0, -3, 9, 7393 }, // _
    { 8, 6, 164, 1, 29, 12, 7402 }, // `
    { 18, 21, 338, 2, 21, 95, 7414 }, // a
    { 21, 29, 368, 0, 29, 153, 7509 }, // b
    { 15, 21, 295, 2, 21, 79, 7662 }, // c
    { 21, 29, 368, 2, 29, 153, 7741 }, // d
    { 16, 21, 321, 2, 21, 84, 7894 }, // e
    { 16, 29, 221, 1, 29, 116, 7978 }, // f
    { 19, 31, 323, 1, 22, 148, 8094 }, // g
    { 23, 29, 381, 0, 29, 167, 8242 }, // h
    { 11, 29, 192, 1, 29, 80, 8409 }, // i
    { 8, 38, 180, 0, 29, 76, 8489 }, // j
    { 22, 29, 351, 0, 29, 160, 8565 }, // k
    { 11, 29, 186, 1, 29, 80, 8725 }, // l
    { 34, 21, 567, 1, 21, 179, 8805 }, // m
    { 23, 21, 387, 1, 21, 121, 8984 }, // n
    { 18, 21, 346, 2, 21, 95, 9105 }, // o
    { 21, 30, 368, 0, 21, 158, 9200 }, // p
    { 21, 30, 368, 2, 21, 158, 9358 }, // q
    { 16, 21, 283, 1, 21, 84, 9516 }, // r
    { 14, 21, 271, 2, 21, 74, 9600 }, // s
    { 12, 26, 211, 1, 26, 78, 9674 }, // t
    { 23, 21, 381, 0, 21, 121, 9752 }, // u
    { 22, 21, 347, 1, 21, 116, 9873 }, // v
    { 33, 21, 517, 0, 21, 174, 9989 }, // w
    { 22, 21, 347, 0, 21, 116, 10163 }, // x
    { 22, 30, 339, -1, 21, 165, 10279 }, // y
    { 15, 21, 307, 2, 21, 79, 10444 }, // z
    { 13, 35, 257, 1, 29, 114, 10523 }, // {
    { 3, 38, 335, 9, 29, 29, 10637 }, // |
    { 12, 35, 257, 2, 29, 105, 10666 }, // }
    { 17, 7, 335, 2, 17, 30, 10771 }, // ~
    { 0, 0, 156, 0, 0, 0, 0 }, // U+00A0
    { 5, 28, 199, 4, 21, 35, 0 }, // U+00A1
    { 16, 27, 335, 3, 27, 108, 35 }, // U+00A2
    { 18, 27, 335, 2, 27, 122, 143 }, // U+00A3
    { 18, 18, 335, 2, 23, 81, 265 }, // U+00A4
    { 22, 27, 335, 0, 27, 149, 346 }, // U+00A5
    { 3, 38, 335, 9, 29, 29, 495 }, // U+00A6
    { 16, 34, 326, 3, 29, 136, 524 }, // U+00A7
    { 11, 4, 346, 5, 28, 11, 660 }, // U+00A8
    { 28, 28, 507, 2, 28, 196, 671 }, // U+00A9
    { 13, 13, 229, 1, 27, 43, 867 }, // U+00AA
    { 15, 15, 308, 2, 18, 57, 910 }, // U+00AB
    { 17, 10, 335, 2, 15, 43, 967 }, // U+00AC
    { 10, 3, 186, 1, 12, 8, 1010 }, // U+00AD
    { 28, 28, 507, 2, 28, 196, 1018 }, // U+00AE
    { 18, 2, 275, 0, 31, 9, 1214 }, // U+00AF
    { 12, 12, 240, 2, 28, 36, 1223 }, // U+00B0
    { 16, 22, 335, 2, 22, 88, 1259 }, // U+00B1
    { 11, 17, 240, 2, 32, 47, 1347 }, // U+00B2
    { 12, 17, 240, 1, 31, 51, 1394 }, // U+00B3
    { 8, 6, 164, 1, 29, 12, 1445 }, // U+00B4
    { 19, 30, 369, 3, 21, 143, 1457 }, // U+00B5
    { 21, 34, 370, 1, 29, 179, 1600 }, // U+00B6
    { 5, 5, 150, 2, 16, 7, 1779 }, // U+00B7
    { 8, 10, 200, 2, 1, 20, 1786 }, // U+00B8
    { 11, 17, 240, 1, 31, 47, 1806 }, // U+00B9
    { 12, 12, 238, 1, 26, 36, 1853 }, // U+00BA
    { 15, 15, 308, 2, 18, 57, 1889 }, // U+00BB
    { 31, 29, 504, 0, 28, 225, 1946 }, // U+00BC
    { 30, 28, 504, 0, 28, 210, 2171 }, // U+00BD
    { 29, 29, 504, 1, 28, 211, 2381 }, // U+00BE
    { 15, 28, 284, 1, 21, 105, 2592 }, // U+00BF
    { 26, 36, 423, 0, 36, 234, 2697 }, // U+00C0
    { 26, 36, 423, 0, 36, 234, 2931 }, // U+00C1
    { 26, 36, 423, 0, 36, 234, 3165 }, // U+00C2
    { 26, 34, 423, 0, 34, 221, 3399 }, // U+00C3
    { 26, 35, 423, 0, 35, 228, 3620 }, // U+00C4
    { 26, 34, 423, 0, 34, 221, 3848 }, // U+00C5
    { 34, 27, 571, 0, 27, 230, 4069 }, // U+00C6
    { 20, 36, 368, 2, 27, 180, 4299 }, // U+00C7
    { 21, 36, 374, 1, 36, 189, 4479 }, // U+00C8
    { 21, 36, 374, 1, 36, 189, 4668 }, // U+00C9
    { 21, 36, 374, 1, 36, 189, 4857 }, // U+00CA
    { 21, 35, 374, 1, 35, 184, 5046 }, // U+00CB
    { 12, 36, 220, 0, 36, 108, 5230 }, // U+00CC
    { 11, 36, 220, 1, 36, 99, 5338 }, // U+00CD
    { 13, 36, 220, 0, 36, 117, 5437 }, // U+00CE
    { 11, 35, 220, 1, 35, 97, 5554 }, // U+00CF
    { 24, 27, 436, 1, 27, 162, 5651 }, // U+00D0
    { 26, 34, 458, 1, 34, 221, 5813 }, // U+00D1
    { 24, 36, 445, 2, 36, 216, 6034 }, // U+00D2
    { 24, 36, 445, 2, 36, 216, 6250 }, // U+00D3
    { 24, 36, 445, 2, 36, 216, 6466 }, // U+00D4
    { 24, 35, 445, 2, 35, 210, 6682 }, // U+00D5
    { 24, 35, 445, 2, 35, 210, 6892 }, // U+00D6
    { 17, 17, 335, 2, 22, 73, 7102 }, // U+00D7
    { 24, 30, 445, 2, 29, 180, 7175 }, // U+00D8
    { 26, 36, 430, 1, 36, 234, 7355 }, // U+00D9
    { 26, 36, 430, 1, 36, 234, 7589 }, // U+00DA
    { 26, 36, 430, 1, 36, 234, 7823 }, // U+00DB
    { 26, 35, 430, 1, 35, 228, 8057 }, // U+00DC
    { 24, 36, 375, 0, 36, 216, 8285 }, // U+00DD
    { 20, 27, 362, 1, 27, 135, 8501 }, // U+00DE
    { 23, 29, 388, 0, 29, 167, 8636 }, // U+00DF
    { 18, 29, 338, 2, 29, 131, 8803 }, // U+00E0
    { 18, 29, 338, 2, 29, 131, 8934 }, // U+00E1
    { 18, 29, 338, 2, 29, 131, 9065 }, // U+00E2
    { 18, 27, 338, 2, 27, 122, 9196 }, // U+00E3
    { 18, 29, 338, 2, 29, 131, 9318 }, // U+00E4
    { 18, 32, 338, 2, 32, 144, 9449 }, // U+00E5
    { 28, 21, 505, 2, 21, 147, 9593 }, // U+00E6
    { 15, 30, 295, 2, 21, 113, 9740 }, // U+00E7
    { 16, 29, 321, 2, 29, 116, 9853 }, // U+00E8
    { 16, 29, 321, 2, 29, 116, 9969 }, // U+00E9
    { 16, 29, 321, 2, 29, 116, 10085 }, // U+00EA
    { 16, 29, 321, 2, 29, 116, 10201 }, // U+00EB
    { 12, 29, 192, 0, 29, 87, 10317 }, // U+00EC
    { 12, 29, 192, 1, 29, 87, 10404 }, // U+00ED
    { 12, 29, 192, 0, 29, 87, 10491 }, // U+00EE
    { 11, 28, 192, 1, 28, 77, 10578 }, // U+00EF
    { 18, 30, 346, 2, 30, 135, 10655 }, // U+00F0
    { 23, 27, 387, 1, 27, 156, 10790 }, // U+00F1
    { 18, 29, 346, 2, 29, 131, 10946 }, // U+00F2
    { 18, 29, 346, 2, 29, 131, 11077 }, // U+00F3
    { 18, 29, 346, 2, 29, 131, 11208 }, // U+00F4
    { 18, 27, 346, 2, 27, 122, 11339 }, // U+00F5
    { 18, 29, 346, 2, 29, 131, 11461 }, // U+00F6
    { 16, 19, 335, 2, 23, 76, 11592 }, // U+00F7
    { 18, 24, 346, 2, 23, 108, 11668 }, // U+00F8
    { 23, 29, 381, 0, 29, 167, 11776 }, // U+00F9
    { 23, 29, 381, 0, 29, 167, 11943 }, // U+00FA
    { 23, 29, 381, 0, 29, 167, 12110 }, // U+00FB
    { 23, 29, 381, 0, 29, 167, 12277 }, // U+00FC
    { 22, 38, 339, -1, 29, 209, 12444 }, // U+00FD
    { 21, 38, 368, 0, 29, 200, 12653 }, // U+00FE
    { 22, 38, 339, 0, 29, 209, 12853 }, // U+00FF
    { 26, 32, 423, 0, 32, 208, 0 }, // U+0100
    { 18, 26, 338, 2, 26, 117, 208 }, // U+0101
    { 26, 35, 423, 0, 35, 228, 325 }, // U+0102
    { 18, 29, 338, 2, 29, 131, 553 }, // U+0103
    { 26, 36, 423, 0, 27, 234, 684 }, // U+0104
    { 18, 30, 338, 2, 21, 135, 918 }, // U+0105
    { 20, 36, 368, 2, 36, 180, 1053 }, // U+0106
    { 15, 29, 295, 2, 29, 109, 1233 }, // U+0107
    { 20, 36, 368, 2, 36, 180, 1342 }, // U+0108
    { 15, 29, 295, 2, 29, 109, 1522 }, // U+0109
    { 20, 36, 368, 2, 36, 180, 1631 }, // U+010A
    { 15, 29, 295, 2, 29, 109, 1811 }, // U+010B
    { 20, 36, 368, 2, 36, 180, 1920 }, // U+010C
    { 15, 29, 295, 2, 29, 109, 2100 }, // U+010D
    { 24, 36, 436, 1, 36, 216, 2209 }, // U+010E
    { 24, 29, 368, 2, 29, 174, 2425 }, // U+010F
    { 24, 27, 436, 1, 27, 162, 2599 }, // U+0110
    { 20, 29, 368, 2, 29, 145, 2761 }, // U+0111
    { 21, 32, 374, 1, 32, 168, 2906 }, // U+0112
    { 16, 26, 321, 2, 26, 104, 3074 }, // U+0113
    { 21, 35, 374, 1, 35, 184, 3178 }, // U+0114
    { 16, 29, 321, 2, 29, 116, 3362 }, // U+0115
    { 21, 35, 374, 1, 35, 184, 3478 }, // U+0116
    { 16, 29, 321, 2, 29, 116, 3662 }, // U+0117
    { 21, 36, 374, 1, 27, 189, 3778 }, // U+0118
    { 16, 29, 321, 2, 21, 116, 3967 }, // U+0119
    { 21, 36, 374, 1, 36, 189, 4083 }, // U+011A
    { 16, 29, 321, 2, 29, 116, 4272 }, // U+011B
    { 24, 36, 428, 2, 36, 216, 4388 }, // U+011C
    { 19, 38, 323, 1, 29, 181, 4604 }, // U+011D
    { 24, 36, 428, 2, 36, 216, 4785 }, // U+011E
    { 19, 38, 323, 1, 29, 181, 5001 }, // U+011F
    { 24, 36, 428, 2, 36, 216, 5182 }, // U+0120
    { 19, 38, 323, 1, 29, 181, 5398 }, // U+0121
    { 24, 35, 428, 2, 27, 210, 5579 }, // U+0122
    { 19, 38, 323, 1, 29, 181, 5789 }, // U+0123
    { 27, 36, 476, 1, 36, 243, 5970 }, // U+0124
    { 23, 37, 381, 0, 37, 213, 6213 }, // U+0125
    { 27, 27, 476, 1, 27, 183, 6426 }, // U+0126
    { 22, 29, 381, 1, 29, 160, 6609 }, // U+0127
    { 13, 34, 220, 1, 34, 111, 6769 }, // U+0128
    { 14, 27, 192, -1, 27, 95, 6880 }, // U+0129
    { 11, 32, 220, 1, 32, 88, 6975 }, // U+012A
    { 12, 26, 192, 0, 26, 78, 7063 }, // U+012B
    { 11, 35, 220, 1, 35, 97, 7141 }, // U+012C
    { 11, 29, 192, 1, 29, 80, 7238 }, // U+012D
    { 11, 36, 220, 1, 27, 99, 7318 }, // U+012E
    { 11, 38, 192, 1, 29, 105, 7417 }, // U+012F
    { 11, 36, 220, 1, 36, 99, 7522 }, // U+0130
    { 11, 21, 192, 1, 21, 58, 7621 }, // U+0131
    { 24, 36, 418, 1, 27, 216, 7679 }, // U+0132
    { 19, 38, 372, 1, 29, 181, 7895 }, // U+0133
    { 14, 45, 214, 0, 36, 158, 8076 }, // U+0134
    { 12, 38, 180, -1, 29, 114, 8234 }, // U+0135
    { 25, 35, 420, 1, 27, 219, 8348 }, // U+0136
    { 22, 37, 351, 0, 29, 204, 8567 }, // U+0137
    { 22, 21, 351, 0, 21, 116, 8771 }, // U+0138
    { 20, 36, 374, 1, 36, 180, 8887 }, // U+0139
    { 12, 37, 186, 1, 37, 111, 9067 }, // U+013A
    { 20, 35, 374, 1, 27, 175, 9178 }, // U+013B
    { 11, 37, 186, 1, 29, 102, 9353 }, // U+013C
    { 20, 27, 374, 1, 27, 135, 9455 }, // U+013D
    { 14, 29, 186, 1, 29, 102, 9590 }, // U+013E
    { 20, 27, 374, 1, 27, 135, 9692 }, // U+013F
    { 14, 29, 222, 1, 29, 102, 9827 }, // U+0140
    { 20, 27, 374, 1, 27, 135, 9929 }, // U+0141
    { 11, 29, 194, 1, 29, 80, 10064 }, // U+0142
    { 26, 36, 458, 1, 36, 234, 10144 }, // U+0143
    { 23, 29, 387, 1, 29, 167, 10378 }, // U+0144
    { 26, 35, 458, 1, 27, 228, 10545 }, // U+0145
    { 23, 29, 387, 1, 21, 167, 10773 }, // U+0146
    { 26, 36, 458, 1, 36, 234, 10940 }, // U+0147
    { 23, 29, 387, 1, 29, 167, 11174 }, // U+0148
    { 29, 27, 468, 0, 27, 196, 11341 }, // U+0149
    { 26, 36, 458, 1, 27, 234, 11537 }, // U+014A
    { 20, 30, 381, 1, 21, 150, 11771 }, // U+014B
    { 24, 33, 445, 2, 33, 198, 11921 }, // U+014C
    { 18, 26, 346, 2, 26, 117, 12119 }, // U+014D
    { 24, 36, 445, 2, 36, 216, 12236 }, // U+014E
    { 18, 29, 346, 2, 29, 131, 12452 }, // U+014F
    { 24, 36, 445, 2, 36, 216, 12583 }, // U+0150
    { 18, 29, 346, 2, 29, 131, 12799 }, // U+0151
    { 32, 27, 575, 2, 27, 216, 12930 }, // U+0152
    { 30, 21, 543, 2, 21, 158, 13146 }, // U+0153
    { 24, 36, 394, 1, 36, 216, 13304 }, // U+0154
    { 16, 29, 283, 1, 29, 116, 13520 }, // U+0155
    { 24, 35, 394, 1, 27, 210, 13636 }, // U+0156
    { 16, 29, 283, 1, 21, 116, 13846 }, // U+0157
    { 24, 36, 394, 1, 36, 216, 13962 }, // U+0158
    { 16, 29, 283, 1, 29, 116, 14178 }, // U+0159
    { 17, 36, 326, 1, 36, 153, 14294 }, // U+015A
    { 14, 29, 271, 2, 29, 102, 14447 }, // U+015B
    { 17, 36, 326, 1, 36, 153, 14549 }, // U+015C
    { 14, 29, 271, 2, 29, 102, 14702 }, // U+015D
    { 17, 36, 326, 1, 27, 153, 14804 }, // U+015E
    { 14, 30, 271, 2, 21, 105, 14957 }, // U+015F
    { 17, 36, 326, 1, 36, 153, 15062 }, // U+0160
    { 14, 29, 271, 2, 29, 102, 15215 }, // U+0161
    { 22, 36, 368, 1, 27, 198, 15317 }, // U+0162
    { 12, 35, 211, 1, 26, 105, 15515 }, // U+0163
    { 22, 36, 368, 1, 36, 198, 15620 }, // U+0164
    { 14, 29, 211, 1, 29, 102, 15818 }, // U+0165
    { 22, 27, 368, 0, 27, 149, 15920 }, // U+0166
    { 12, 26, 211, 1, 26, 78, 16069 }, // U+0167
    { 26, 35, 430, 1, 35, 228, 16147 }, // U+0168
    { 23, 27, 381, 0, 27, 156, 16375 }, // U+0169
    { 26, 33, 430, 1, 33, 215, 16531 }, // U+016A
    { 23, 26, 381, 0, 26, 150, 16746 }, // U+016B
    { 26, 36, 430, 1, 36, 234, 16896 }, // U+016C
    { 23, 29, 381, 0, 29, 167, 17130 }, // U+016D
    { 26, 38, 430, 1, 38, 247, 17297 }, // U+016E
    { 23, 32, 381, 0, 32, 184, 17544 }, // U+016F
    { 26, 36, 430, 1, 36, 234, 17728 }, // U+0170
    { 23, 29, 381, 0, 29, 167, 17962 }, // U+0171
    { 26, 36, 435, 1, 27, 234, 18129 }, // U+0172
    { 23, 30, 381, 0, 21, 173, 18363 }, // U+0173
    { 39, 36, 628, 1, 36, 351, 18536 }, // U+0174
    { 33, 29, 517, 0, 29, 240, 18887 }, // U+0175
    { 24, 36, 375, 0, 36, 216, 19127 }, // U+0176
    { 22, 38, 339, -1, 29, 209, 19343 }, // U+0177
    { 24, 35, 375, 0, 35, 210, 19552 }, // U+0178
    { 19, 36, 355, 1, 36, 171, 19762 }, // U+0179
    { 15, 29, 307, 2, 29, 109, 19933 }, // U+017A
    { 19, 36, 355, 1, 36, 171, 20042 }, // U+017B
    { 15, 29, 307, 2, 29, 109, 20213 }, // U+017C
    { 19, 36, 355, 1, 36, 171, 20322 }, // U+017D
    { 15, 29, 307, 2, 29, 109, 20493 }, // U+017E
    { 16, 29, 213, 1, 29, 116, 20602 }, // U+017F
    { 26, 29, 467, 2, 29, 189, 0 }, // U+01A0
    { 21, 25, 364, 2, 25, 132, 189 }, // U+01A1
    { 28, 29, 467, 1, 29, 203, 321 }, // U+01AF
    { 26, 25, 406, 0, 25, 163, 524 }, // U+01B0
    { 47, 36, 791, 1, 36, 423, 687 }, // U+01C4
    { 43, 29, 743, 1, 29, 312, 1110 }, // U+01C5
    { 38, 29, 675, 2, 29, 276, 1422 }, // U+01C6
    { 34, 36, 588, 1, 27, 306, 1698 }, // U+01C7
    { 29, 38, 554, 1, 29, 276, 2004 }, // U+01C8
    { 19, 38, 366, 1, 29, 181, 2280 }, // U+01C9
    { 40, 36, 672, 1, 27, 360, 2461 }, // U+01CA
    { 35, 38, 638, 1, 29, 333, 2821 }, // U+01CB
    { 31, 38, 567, 1, 29, 295, 3154 }, // U+01CC
    { 26, 36, 423, 0, 36, 234, 3449 }, // U+01CD
    { 18, 29, 338, 2, 29, 131, 3683 }, // U+01CE
    { 13, 36, 220, 0, 36, 117, 3814 }, // U+01CF
    { 13, 29, 192, 0, 29, 95, 3931 }, // U+01D0
    { 24, 36, 445, 2, 36, 216, 4026 }, // U+01D1
    { 18, 29, 346, 2, 29, 131, 4242 }, // U+01D2
    { 26, 36, 430, 1, 36, 234, 4373 }, // U+01D3
    { 23, 29, 381, 0, 29, 167, 4607 }, // U+01D4
    { 26, 39, 430, 1, 39, 254, 4774 }, // U+01D5
    { 23, 32, 381, 0, 32, 184, 5028 }, // U+01D6
    { 26, 41, 430, 1, 41, 267, 5212 }, // U+01D7
    { 23, 34, 381, 0, 34, 196, 5479 }, // U+01D8
    { 26, 41, 430, 1, 41, 267, 5675 }, // U+01D9
    { 23, 34, 381, 0, 34, 196, 5942 }, // U+01DA
    { 26, 41, 430, 1, 41, 267, 6138 }, // U+01DB
    { 23, 34, 381, 0, 34, 196, 6405 }, // U+01DC
    { 16, 21, 321, 2, 21, 84, 6601 }, // U+01DD
    { 26, 38, 423, 0, 38, 247, 6685 }, // U+01DE
    { 18, 32, 338, 2, 32, 144, 6932 }, // U+01DF
    { 26, 38, 423, 0, 38, 247, 7076 }, // U+01E0
    { 18, 32, 338, 2, 32, 144, 7323 }, // U+01E1
    { 34, 33, 571, 0, 33, 281, 7467 }, // U+01E2
    { 28, 27, 505, 2, 27, 189, 7748 }, // U+01E3
    { 24, 27, 428, 2, 27, 162, 7937 }, // U+01E4
    { 20, 31, 323, 1, 22, 155, 8099 }, // U+01E5
    { 24, 36, 428, 2, 36, 216, 8254 }, // U+01E6
    { 19, 38, 323, 1, 29, 181, 8470 }, // U+01E7
    { 25, 36, 420, 1, 36, 225, 8651 }, // U+01E8
    { 22, 37, 351, 0, 37, 204, 8876 }, // U+01E9
    { 24, 36, 445, 2, 27, 216, 9080 }, // U+01EA
    { 18, 30, 346, 2, 21, 135, 9296 }, // U+01EB
    { 24, 41, 445, 2, 32, 246, 9431 }, // U+01EC
    { 18, 35, 346, 2, 26, 158, 9677 }, // U+01ED
    { 19, 36, 362, 1, 36, 171, 9835 }, // U+01EE
    { 18, 38, 328, 1, 29, 171, 10006 }, // U+01EF
    { 12, 38, 180, -1, 29, 114, 10177 }, // U+01F0
    { 47, 27, 791, 1, 27, 318, 10291 }, // U+01F1
    { 43, 27, 743, 1, 27, 291, 10609 }, // U+01F2
    { 38, 29, 675, 2, 29, 276, 10900 }, // U+01F3
    { 24, 37, 428, 2, 37, 222, 11176 }, // U+01F4
    { 19, 38, 323, 1, 29, 181, 11398 }, // U+01F5
    { 38, 27, 638, 1, 27, 257, 11579 }, // U+01F6
    { 24, 36, 416, 1, 27, 216, 11836 }, // U+01F7
    { 26, 37, 458, 1, 37, 241, 12052 }, // U+01F8
    { 23, 29, 387, 1, 29, 167, 12293 }, // U+01F9
    { 26, 37, 423, 0, 37, 241, 12460 }, // U+01FA
    { 18, 38, 338, 2, 38, 171, 12701 }, // U+01FB
    { 34, 36, 571, 0, 36, 306, 12872 }, // U+01FC
    { 28, 29, 505, 2, 29, 203, 13178 }, // U+01FD
    { 24, 37, 445, 2, 36, 222, 13381 }, // U+01FE
    { 18, 30, 346, 2, 29, 135, 13603 }, // U+01FF
    { 26, 36, 423, 0, 36, 234, 13738 }, // U+0200
    { 19, 29, 338, 1, 29, 138, 13972 }, // U+0201
    { 26, 35, 423, 0, 35, 228, 14110 }, // U+0202
    { 18, 29, 338, 2, 29, 131, 14338 }, // U+0203
    { 21, 36, 374, 1, 36, 189, 14469 }, // U+0204
    { 17, 29, 321, 1, 29, 124, 14658 }, // U+0205
    { 21, 35, 374, 1, 35, 184, 14782 }, // U+0206
    { 16, 29, 321, 2, 29, 116, 14966 }, // U+0207
    { 15, 36, 220, -3, 36, 135, 15082 }, // U+0208
    { 15, 29, 192, -3, 29, 109, 15217 }, // U+0209
    { 11, 35, 220, 1, 35, 97, 15326 }, // U+020A
    { 11, 29, 192, 1, 29, 80, 15423 }, // U+020B
    { 24, 36, 445, 2, 36, 216, 15503 }, // U+020C
    { 18, 29, 346, 2, 29, 131, 15719 }, // U+020D
    { 24, 35, 445, 2, 35, 210, 15850 }, // U+020E
    { 18, 29, 346, 2, 29, 131, 16060 }, // U+020F
    { 24, 36, 394, 1, 36, 216, 16191 }, // U+0210
    { 17, 29, 283, 0, 29, 124, 16407 }, // U+0211
    { 24, 35, 394, 1, 35, 210, 16531 }, // U+0212
    { 16, 29, 283, 1, 29, 116, 16741 }, // U+0213
    { 26, 36, 430, 1, 36, 234, 16857 }, // U+0214
    { 23, 29, 381, 0, 29, 167, 17091 }, // U+0215
    { 26, 35, 430, 1, 35, 228, 17258 }, // U+0216
    { 23, 29, 381, 0, 29, 167, 17486 }, // U+0217
    { 17, 35, 326, 1, 27, 149, 17653 }, // U+0218
    { 14, 29, 271, 2, 21, 102, 17802 }, // U+0219
    { 22, 35, 368, 1, 27, 193, 17904 }, // U+021A
    { 12, 34, 211, 1, 26, 102, 18097 }, // U+021B
    { 18, 34, 363, 2, 27, 153, 18199 }, // U+021C
    { 15, 31, 296, 2, 21, 117, 18352 }, // U+021D
    { 27, 37, 476, 1, 37, 250, 18469 }, // U+021E
    { 23, 37, 381, 0, 37, 213, 18719 }, // U+021F
    { 9, 6, 0, -17, 29, 14, 0 }, // U+0300
    { 8, 6, 0, -12, 29, 12, 14 }, // U+0301
    { 12, 6, 0, -17, 29, 18, 26 }, // U+0302
    { 14, 5, 0, -18, 28, 18, 44 }, // U+0303
    { 11, 2, 0, -5, 26, 6, 62 }, // U+0304
    { 15, 2, 0, -8, 31, 8, 68 }, // U+0305
    { 10, 6, 0, -5, 29, 15, 76 }, // U+0306
    { 4, 5, 0, -2, 29, 5, 91 }, // U+0307
    { 11, 4, 0, -5, 28, 11, 96 }, // U+0308
    { 9, 9, 0, -16, 32, 21, 107 }, // U+0309
    { 9, 8, 0, -4, 31, 18, 128 }, // U+030A
    { 15, 6, 0, -5, 29, 23, 146 }, // U+030B
    { 12, 6, 0, -17, 29, 18, 169 }, // U+030C
    { 3, 6, 0, -1, 29, 5, 187 }, // U+030D
    { 8, 6, 0, -4, 29, 12, 192 }, // U+030E
    { 15, 6, 0, -20, 29, 23, 204 }, // U+030F
    { 10, 9, 0, -5, 32, 23, 227 }, // U+0310
    { 10, 6, 0, -5, 29, 15, 250 }, // U+0311
    { 6, 11, 0, -3, 28, 17, 265 }, // U+0312
    { 6, 11, 0, -3, 27, 17, 282 }, // U+0313
    { 6, 11, 0, -3, 27, 17, 299 }, // U+0314
    { 6, 11, 0, -3, 27, 17, 316 }, // U+0315
    { 8, 6, 0, -4, -3, 12, 333 }, // U+0316
    { 8, 6, 0, -4, -3, 12, 345 }, // U+0317
    { 6, 7, 0, -3, -1, 11, 357 }, // U+0318
    { 6, 7, 0, -3, -1, 11, 368 }, // U+0319
    { 9, 9, 208, 1, 29, 21, 379 }, // U+031A
    { 6, 9, 0, -4, 30, 14, 400 }, // U+031B
    { 5, 8, 0, -2, -1, 10, 414 }, // U+031C
    { 7, 6, 0, -3, -2, 11, 424 }, // U+031D
    { 7, 6, 0, -3, -2, 11, 435 }, // U+031E
    { 7, 7, 0, -3, -2, 13, 446 }, // U+031F
    { 8, 2, 0, -4, -4, 4, 459 }, // U+0320
    { 8, 9, 0, -7, 1, 18, 463 }, // U+0321
    { 7, 9, 0, 0, 1, 16, 481 }, // U+0322
    { 4, 5, 0, -13, -2, 5, 497 }, // U+0323
    { 11, 4, 0, -5, -3, 11, 502 }, // U+0324
    { 9, 8, 0, -4, -1, 18, 513 }, // U+0325
    { 6, 6, 0, -3, -2, 9, 531 }, // U+0326
    { 8, 10, 0, -4, 1, 20, 540 }, // U+0327
    { 8, 9, 0, -4, 0, 18, 560 }, // U+0328
    { 3, 6, 0, -1, -2, 5, 578 }, // U+0329
    { 14, 6, 0, -7, -3, 21, 583 }, // U+032A
    { 12, 5, 0, -6, -2, 15, 604 }, // U+032B
    { 12, 6, 0, -6, -2, 18, 619 }, // U+032C
    { 12, 6, 0, -6, -2, 18, 637 }, // U+032D
    { 10, 6, 0, -5, -2, 15, 655 }, // U+032E
    { 10, 6, 0, -5, -2, 15, 670 }, // U+032F
    { 14, 5, 0, -7, -2, 18, 685 }, // U+0330
    { 11, 2, 0, -5, -3, 6, 703 }, // U+0331
    { 16, 2, 0, -8, -3, 8, 709 }, // U+0332
    { 16, 7, 0, -8, -1, 28, 717 }, // U+0333
    { 14, 5, 0, -7, 13, 18, 745 }, // U+0334
    { 13, 2, 0, -6, 12, 7, 763 }, // U+0335
    { 23, 2, 0, -12, 12, 12, 770 }, // U+0336
    { 14, 10, 0, -7, 16, 35, 782 }, // U+0337
    { 15, 34, 0, -8, 30, 128, 817 }, // U+0338
    { 6, 8, 0, -3, -1, 12, 945 }, // U+0339
    { 14, 6, 0, -7, -3, 21, 957 }, // U+033A
    { 14, 7, 0, -7, -2, 25, 978 }, // U+033B
    { 12, 5, 0, -6, -2, 15, 1003 }, // U+033C
    { 8, 9, 0, -4, 30, 18, 1018 }, // U+033D
    { 5, 12, 0, -2, 34, 15, 1036 }, // U+033E
    { 16, 7, 0, -8, 36, 28, 1051 }, // U+033F
    { 8, 6, 0, -5, 29, 12, 1079 }, // U+0340
    { 8, 6, 0, -3, 29, 12, 1091 }, // U+0341
    { 14, 5, 0, -7, 28, 18, 1103 }, // U+0342
    { 5, 8, 0, -3, 31, 10, 1121 }, // U+0343
    { 15, 8, 0, -6, 30, 30, 1131 }, // U+0344
    { 6, 6, 0, 3, -3, 9, 1161 }, // U+0345
    { 14, 6, 0, -7, 29, 21, 1170 }, // U+0346
    { 16, 7, 0, -8, -1, 28, 1191 }, // U+0347
    { 8, 6, 0, -4, -2, 12, 1219 }, // U+0348
    { 6, 6, 0, -3, -3, 9, 1231 }, // U+0349
    { 14, 9, 0, -7, 30, 32, 1240 }, // U+034A
    { 14, 13, 0, -7, 35, 46, 1272 }, // U+034B
    { 14, 10, 0, -7, 33, 35, 1318 }, // U+034C
    { 12, 8, 0, -6, -1, 24, 1353 }, // U+034D
    { 8, 9, 0, -4, 0, 18, 1377 }, // U+034E
    { 27, 27, 0, -13, 27, 183, 1395 }, // U+034F
    { 7, 8, 0, -3, 30, 14, 1578 }, // U+0350
    { 4, 8, 0, -2, 31, 8, 1592 }, // U+0351
    { 10, 9, 0, -5, 32, 23, 1600 }, // U+0352
    { 8, 9, 0, -4, -1, 18, 1623 }, // U+0353
    { 7, 8, 0, -3, -1, 14, 1641 }, // U+0354
    { 7, 8, 0, -3, -1, 14, 1655 }, // U+0355
    { 15, 8, 0, -7, -1, 30, 1669 }, // U+0356
    { 4, 8, 0, -2, 31, 8, 1699 }, // U+0357
    { 4, 5, 0, 4, 29, 5, 1707 }, // U+0358
    { 10, 8, 0, -5, -1, 20, 1712 }, // U+0359
    { 13, 8, 0, -6, -1, 26, 1732 }, // U+035A
    { 8, 8, 0, -4, 31, 16, 1758 }, // U+035B
    { 30, 7, 0, -15, -1, 53, 1774 }, // U+035C
    { 30, 7, 0, -15, 30, 53, 1827 }, // U+035D
    { 22, 2, 0, -11, 25, 11, 1880 }, // U+035E
    { 22, 2, 0, -11, -3, 11, 1891 }, // U+035F
    { 30, 5, 0, -15, 29, 38, 1902 }, // U+0360
    { 30, 7, 0, -15, 31, 53, 1940 }, // U+0361
    { 23, 8, 0, -11, -1, 46, 1993 }, // U+0362
    { 9, 9, 0, -3, 33, 21, 2039 }, // U+0363
    { 7, 9, 0, -3, 33, 16, 2060 }, // U+0364
    { 6, 12, 0, -2, 36, 18, 2076 }, // U+0365
    { 8, 9, 0, -3, 33, 18, 2094 }, // U+0366
    { 11, 9, 0, -5, 33, 25, 2112 }, // U+0367
    { 7, 9, 0, -3, 33, 16, 2137 }, // U+0368
    { 10, 12, 0, -4, 36, 30, 2153 }, // U+0369
    { 11, 12, 0, -5, 36, 33, 2183 }, // U+036A
    { 16, 8, 0, -8, 32, 32, 2216 }, // U+036B
    { 8, 8, 0, -3, 32, 16, 2248 }, // U+036C
    { 7, 11, 0, -3, 35, 20, 2264 }, // U+036D
    { 11, 9, 0, -5, 32, 25, 2284 }, // U+036E
    { 11, 8, 0, -5, 32, 22, 2309 }, // U+036F
    { 21, 36, 377, 1, 36, 189, 0 }, // U+0400
    { 21, 35, 377, 1, 35, 184, 189 }, // U+0401
    { 28, 27, 475, 1, 27, 189, 373 }, // U+0402
    { 19, 36, 338, 1, 36, 171, 562 }, // U+0403
    { 20, 27, 368, 2, 27, 135, 733 }, // U+0404
    { 18, 27, 330, 1, 27, 122, 868 }, // U+0405
    { 11, 27, 223, 1, 27, 75, 990 }, // U+0406
    { 11, 35, 223, 1, 35, 97, 1065 }, // U+0407
    { 13, 36, 217, 0, 27, 117, 1162 }, // U+0408
    { 35, 27, 578, 1, 27, 237, 1279 }, // U+0409
    { 35, 27, 611, 1, 27, 237, 1516 }, // U+040A
    { 31, 27, 511, 1, 27, 210, 1753 }, // U+040B
    { 25, 36, 422, 1, 36, 225, 1963 }, // U+040C
    { 27, 36, 484, 1, 36, 243, 2188 }, // U+040D
    { 25, 36, 390, 0, 36, 225, 2431 }, // U+040E
    { 27, 35, 472, 1, 27, 237, 2656 }, // U+040F
    { 26, 27, 423, 0, 27, 176, 2893 }, // U+0410
    { 21, 27, 378, 1, 27, 142, 3069 }, // U+0411
    { 21, 27, 393, 1, 27, 142, 3211 }, // U+0412
    { 19, 27, 338, 1, 27, 129, 3353 }, // U+0413
    { 26, 35, 445, 1, 27, 228, 3482 }, // U+0414
    { 21, 27, 377, 1, 27, 142, 3710 }, // U+0415
    { 38, 27, 588, 0, 27, 257, 3852 }, // U+0416
    { 19, 27, 357, 1, 27, 129, 4109 }, // U+0417
    { 27, 27, 484, 1, 27, 183, 4238 }, // U+0418
    { 27, 35, 484, 1, 35, 237, 4421 }, // U+0419
    { 25, 27, 422, 1, 27, 169, 4658 }, // U+041A
    { 26, 27, 439, 1, 27, 176, 4827 }, // U+041B
    { 33, 27, 573, 1, 27, 223, 5003 }, // U+041C
    { 27, 27, 478, 1, 27, 183, 5226 }, // U+041D
    { 24, 27, 444, 2, 27, 162, 5409 }, // U+041E
    { 27, 27, 472, 1, 27, 183, 5571 }, // U+041F
    { 20, 27, 366, 1, 27, 135, 5754 }, // U+0420
    { 20, 27, 368, 2, 27, 135, 5889 }, // U+0421
    { 22, 27, 374, 1, 27, 149, 6024 }, // U+0422
    { 25, 27, 390, 0, 27, 169, 6173 }, // U+0423
    { 28, 29, 515, 2, 28, 203, 6342 }, // U+0424
    { 25, 27, 398, 0, 27, 169, 6545 }, // U+0425
    { 27, 35, 472, 1, 27, 237, 6714 }, // U+0426
    { 26, 27, 454, 1, 27, 176, 6951 }, // U+0427
    { 37, 27, 644, 1, 27, 250, 7127 }, // U+0428
    { 37, 35, 644, 1, 27, 324, 7377 }, // U+0429
    { 25, 27, 431, 1, 27, 169, 7701 }, // U+042A
    { 31, 27, 549, 1, 27, 210, 7870 }, // U+042B
    { 20, 27, 372, 1, 27, 135, 8080 }, // U+042C
    { 20, 27, 376, 1, 27, 135, 8215 }, // U+042D
    { 35, 27, 612, 1, 27, 237, 8350 }, // U+042E
    { 24, 27, 395, -1, 27, 162, 8587 }, // U+042F
    { 19, 21, 342, 2, 21, 100, 8749 }, // U+0430
    { 18, 30, 350, 2, 30, 135, 8849 }, // U+0431
    { 18, 21, 332, 1, 21, 95, 8984 }, // U+0432
    { 16, 21, 285, 1, 21, 84, 9079 }, // U+0433
    { 21, 29, 370, 1, 21, 153, 9163 }, // U+0434
    { 17, 21, 321, 2, 21, 90, 9316 }, // U+0435
    { 31, 21, 480, 0, 21, 163, 9406 }, // U+0436
    { 15, 21, 285, 1, 21, 79, 9569 }, // U+0437
    { 22, 21, 405, 1, 21, 116, 9648 }, // U+0438
    { 22, 29, 405, 1, 29, 160, 9764 }, // U+0439
    { 21, 21, 355, 1, 21, 111, 9924 }, // U+043A
    { 21, 21, 368, 1, 21, 111, 10035 }, // U+043B
    { 28, 21, 495, 1, 21, 147, 10146 }, // U+043C
    { 22, 21, 402, 1, 21, 116, 10293 }, // U+043D
    { 18, 21, 347, 2, 21, 95, 10409 }, // U+043E
    { 22, 21, 396, 1, 21, 116, 10504 }, // U+043F
    { 21, 30, 382, 1, 21, 158, 10620 }, // U+0440
    { 16, 21, 295, 2, 21, 84, 10778 }, // U+0441
    { 18, 21, 318, 1, 21, 95, 10862 }, // U+0442
    { 22, 30, 342, 0, 21, 165, 10957 }, // U+0443
    { 24, 39, 434, 2, 30, 234, 11122 }, // U+0444
    { 22, 21, 347, 0, 21, 116, 11356 }, // U+0445
    { 22, 29, 396, 1, 21, 160, 11472 }, // U+0446
    { 22, 21, 379, 1, 21, 116, 11632 }, // U+0447
    { 32, 21, 565, 1, 21, 168, 11748 }, // U+0448
    { 32, 29, 565, 1, 21, 232, 11916 }, // U+0449
    { 22, 21, 372, 1, 21, 116, 12148 }, // U+044A
    { 28, 21, 492, 1, 21, 147, 12264 }, // U+044B
    { 18, 21, 322, 1, 21, 95, 12411 }, // U+044C
    { 16, 21, 297, 1, 21, 84, 12506 }, // U+044D
    { 28, 21, 496, 1, 21, 147, 12590 }, // U+044E
    { 20, 21, 342, 1, 21, 105, 12737 }, // U+044F
    { 17, 30, 321, 2, 30, 128, 12842 }, // U+0450
    { 17, 29, 321, 2, 29, 124, 12970 }, // U+0451
    { 19, 39, 362, 1, 30, 186, 13094 }, // U+0452
    { 16, 30, 285, 1, 30, 120, 13280 }, // U+0453
    { 16, 21, 295, 2, 21, 84, 13400 }, // U+0454
    { 14, 21, 271, 1, 21, 74, 13484 }, // U+0455
    { 11, 29, 206, 1, 29, 80, 13558 }, // U+0456
    { 11, 29, 206, 1, 29, 80, 13638 }, // U+0457
    { 8, 39, 194, 1, 30, 78, 13718 }, // U+0458
    { 28, 21, 473, 1, 21, 147, 13796 }, // U+0459
    { 29, 21, 509, 1, 21, 153, 13943 }, // U+045A
    { 22, 29, 396, 1, 29, 160, 14096 }, // U+045B
    { 21, 30, 355, 1, 30, 158, 14256 }, // U+045C
    { 22, 30, 405, 1, 30, 165, 14414 }, // U+045D
    { 22, 39, 342, 0, 30, 215, 14579 }, // U+045E
    { 22, 28, 396, 1, 21, 154, 14794 }, // U+045F
    { 35, 27, 589, 0, 27, 237, 14948 }, // U+0460
    { 29, 21, 488, 0, 21, 153, 15185 }, // U+0461
    { 23, 27, 400, 1, 27, 156, 15338 }, // U+0462
    { 20, 29, 357, 1, 29, 145, 15494 }, // U+0463
    { 32, 27, 547, 1, 27, 216, 15639 }, // U+0464
    { 28, 21, 476, 1, 21, 147, 15855 }, // U+0465
    { 26, 27, 415, 0, 27, 176, 16002 }, // U+0466
    { 22, 21, 353, 1, 21, 116, 16178 }, // U+0467
    { 38, 27, 629, 1, 27, 257, 16294 }, // U+0468
    { 30, 21, 499, 1, 21, 158, 16551 }, // U+0469
    { 31, 27, 472, -1, 27, 210, 16709 }, // U+046A
    { 26, 21, 421, 1, 21, 137, 16919 }, // U+046B
    { 42, 27, 682, 1, 27, 284, 17056 }, // U+046C
    { 34, 21, 566, 1, 21, 179, 17340 }, // U+046D
    { 18, 41, 362, 2, 33, 185, 17519 }, // U+046E
    { 16, 33, 293, 1, 25, 132, 17704 }, // U+046F
    { 30, 27, 497, 1, 27, 203, 17836 }, // U+0470
    { 24, 39, 416, 0, 30, 234, 18039 }, // U+0471
    { 24, 27, 445, 2, 27, 162, 18273 }, // U+0472
    { 18, 21, 346, 2, 21, 95, 18435 }, // U+0473
    { 26, 27, 416, 0, 27, 176, 18530 }, // U+0474
    { 22, 21, 352, 1, 21, 116, 18706 }, // U+0475
    { 26, 36, 416, 0, 36, 234, 18822 }, // U+0476
    { 22, 29, 352, 1, 29, 160, 19056 }, // U+0477
    { 44, 36, 737, 2, 27, 396, 19216 }, // U+0478
    { 37, 30, 626, 2, 21, 278, 19612 }, // U+0479
    { 25, 32, 469, 2, 30, 200, 19890 }, // U+047A
    { 20, 25, 382, 2, 23, 125, 20090 }, // U+047B
    { 32, 40, 589, 2, 40, 320, 20215 }, // U+047C
    { 26, 34, 473, 2, 34, 221, 20535 }, // U+047D
    { 36, 34, 589, 0, 34, 306, 20756 }, // U+047E
    { 29, 27, 488, -1, 27, 196, 21062 }, // U+047F
    { 20, 36, 368, 2, 27, 180, 21258 }, // U+0480
    { 15, 30, 295, 2, 21, 113, 21438 }, // U+0481
    { 20, 26, 365, 1, 25, 130, 21551 }, // U+0482
    { 14, 6, 0, -7, 28, 21, 21681 }, // U+0483
    { 14, 4, 0, -7, 28, 14, 21702 }, // U+0484
    { 5, 7, 0, -2, 30, 9, 21716 }, // U+0485
    { 5, 7, 0, -2, 30, 9, 21725 }, // U+0486
    { 14, 4, 0, -7, 33, 14, 21734 }, // U+0487
    { 47, 43, 0, -23, 32, 506, 21748 }, // U+0488
    { 44, 46, 0, -22, 34, 506, 22254 }, // U+0489
    { 29, 43, 485, 1, 35, 312, 22760 }, // U+048A
    { 23, 37, 405, 1, 29, 213, 23072 }, // U+048B
    { 20, 29, 362, 1, 29, 145, 23285 }, // U+048C
    { 20, 25, 357, 1, 25, 125, 23430 }, // U+048D
    { 20, 27, 362, 1, 27, 135, 23555 }, // U+048E
    { 21, 30, 368, 0, 21, 158, 23690 }, // U+048F
    { 18, 33, 326, 1, 33, 149, 23848 }, // U+0490
    { 15, 25, 267, 1, 25, 94, 23997 }, // U+0491
    { 20, 27, 337, 1, 27, 135, 24091 }, // U+0492
    { 16, 21, 275, 1, 21, 84, 24226 }, // U+0493
    { 22, 36, 395, 1, 27, 198, 24310 }, // U+0494
    { 19, 30, 329, 1, 21, 143, 24508 }, // U+0495
    { 38, 36, 621, 0, 27, 342, 24651 }, // U+0496
    { 34, 30, 552, 1, 21, 255, 24993 }, // U+0497
    { 19, 35, 362, 1, 27, 167, 25248 }, // U+0498
    { 15, 29, 293, 1, 21, 109, 25415 }, // U+0499
    { 25, 36, 445, 1, 27, 225, 25524 }, // U+049A
    { 23, 30, 385, 1, 21, 173, 25749 }, // U+049B
    { 26, 27, 438, 1, 27, 176, 25922 }, // U+049C
    { 23, 21, 387, 1, 21, 121, 26098 }, // U+049D
    { 25, 27, 420, 1, 27, 169, 26219 }, // U+049E
    { 23, 29, 369, 0, 29, 167, 26388 }, // U+049F
    { 29, 27, 471, 0, 27, 196, 26555 }, // U+04A0
    { 26, 21, 425, 1, 21, 137, 26751 }, // U+04A1
    { 27, 36, 476, 1, 27, 243, 26888 }, // U+04A2
    { 24, 30, 413, 1, 21, 180, 27131 }, // U+04A3
    { 31, 27, 527, 1, 27, 210, 27311 }, // U+04A4
    { 28, 21, 469, 1, 21, 147, 27521 }, // U+04A5
    { 37, 36, 632, 1, 27, 333, 27668 }, // U+04A6
    { 32, 30, 532, 1, 21, 240, 28001 }, // U+04A7
    { 25, 28, 444, 2, 27, 175, 28241 }, // U+04A8
    { 21, 22, 374, 2, 21, 116, 28416 }, // U+04A9
    { 20, 35, 368, 2, 27, 175, 28532 }, // U+04AA
    { 15, 29, 295, 2, 21, 109, 28707 }, // U+04AB
    { 22, 36, 368, 0, 27, 198, 28816 }, // U+04AC
    { 19, 30, 328, 0, 21, 143, 29014 }, // U+04AD
    { 24, 27, 375, 0, 27, 162, 29157 }, // U+04AE
    { 22, 30, 347, 1, 21, 165, 29319 }, // U+04AF
    { 24, 27, 375, 0, 27, 162, 29484 }, // U+04B0
    { 22, 30, 347, 1, 21, 165, 29646 }, // U+04B1
    { 26, 36, 425, 0, 27, 234, 29811 }, // U+04B2
    { 22, 30, 367, 0, 21, 165, 30045 }, // U+04B3
    { 32, 35, 536, 0, 27, 280, 30210 }, // U+04B4
    { 29, 30, 489, 0, 21, 218, 30490 }, // U+04B5
    { 27, 36, 454, 1, 27, 243, 30708 }, // U+04B6
    { 23, 30, 384, 0, 21, 173, 30951 }, // U+04B7
    { 26, 27, 454, 1, 27, 176, 31124 }, // U+04B8
    { 22, 21, 379, 1, 21, 116, 31300 }, // U+04B9
    { 26, 27, 454, 1, 27, 176, 31416 }, // U+04BA
    { 23, 29, 381, 0, 29, 167, 31592 }, // U+04BB
    { 28, 27, 485, 1, 27, 189, 31759 }, // U+04BC
    { 22, 21, 383, 1, 21, 116, 31948 }, // U+04BD
    { 28, 36, 485, 1, 27, 252, 32064 }, // U+04BE
    { 22, 29, 383, 1, 21, 160, 32316 }, // U+04BF
    { 11, 27, 220, 1, 27, 75, 32476 }, // U+04C0
    { 38, 35, 588, 0, 35, 333, 32551 }, // U+04C1
    { 31, 29, 480, 0, 29, 225, 32884 }, // U+04C2
    { 23, 36, 416, 1, 27, 207, 33109 }, // U+04C3
    { 21, 30, 367, 1, 21, 158, 33316 }, // U+04C4
    { 27, 35, 438, 1, 27, 237, 33474 }, // U+04C5
    { 22, 29, 368, 1, 21, 160, 33711 }, // U+04C6
    { 27, 36, 470, 1, 27, 243, 33871 }, // U+04C7
    { 24, 30, 407, 1, 21, 180, 34114 }, // U+04C8
    { 29, 35, 476, 1, 27, 254, 34294 }, // U+04C9
    { 23, 29, 402, 1, 21, 167, 34548 }, // U+04CA
    { 26, 36, 454, 1, 27, 234, 34715 }, // U+04CB
    { 24, 30, 384, 0, 21, 180, 34949 }, // U+04CC
    { 33, 35, 563, 1, 27, 289, 35129 }, // U+04CD
    { 28, 29, 495, 1, 21, 203, 35418 }, // U+04CE
    { 11, 27, 220, 1, 27, 75, 35621 }, // U+04CF
    { 26, 35, 423, 0, 35, 228, 35696 }, // U+04D0
    { 19, 29, 338, 2, 29, 138, 35924 }, // U+04D1
    { 26, 35, 423, 0, 35, 228, 36062 }, // U+04D2
    { 18, 29, 338, 2, 29, 131, 36290 }, // U+04D3
    { 34, 27, 571, 0, 27, 230, 36421 }, // U+04D4
    { 28, 21, 505, 2, 21, 147, 36651 }, // U+04D5
    { 21, 35, 374, 1, 35, 184, 36798 }, // U+04D6
    { 16, 29, 321, 2, 29, 116, 36982 }, // U+04D7
    { 22, 27, 414, 2, 27, 149, 37098 }, // U+04D8
    { 16, 21, 321, 2, 21, 84, 37247 }, // U+04D9
    { 22, 35, 414, 2, 35, 193, 37331 }, // U+04DA
    { 16, 29, 321, 2, 29, 116, 37524 }, // U+04DB
    { 38, 35, 588, 0, 35, 333, 37640 }, // U+04DC
    { 31, 28, 480, 0, 28, 217, 37973 }, // U+04DD
    { 19, 35, 357, 1, 35, 167, 38190 }, // U+04DE
    { 15, 29, 285, 1, 29, 109, 38357 }, // U+04DF
    { 19, 27, 362, 1, 27, 129, 38466 }, // U+04E0
    { 18, 30, 328, 1, 21, 135, 38595 }, // U+04E1
    { 27, 32, 484, 1, 32, 216, 38730 }, // U+04E2
    { 22, 26, 405, 1, 26, 143, 38946 }, // U+04E3
    { 27, 35, 484, 1, 35, 237, 39089 }, // U+04E4
    { 22, 28, 405, 1, 28, 154, 39326 }, // U+04E5
    { 24, 35, 445, 2, 35, 210, 39480 }, // U+04E6
    { 18, 29, 346, 2, 29, 131, 39690 }, // U+04E7
    { 24, 27, 445, 2, 27, 162, 39821 }, // U+04E8
    { 18, 21, 346, 2, 21, 95, 39983 }, // U+04E9
    { 24, 35, 445, 2, 35, 210, 40078 }, // U+04EA
    { 18, 29, 346, 2, 29, 131, 40288 }, // U+04EB
    { 20, 35, 376, 1, 35, 175, 40419 }, // U+04EC
    { 16, 29, 297, 1, 29, 116, 40594 }, // U+04ED
    { 25, 33, 390, 0, 33, 207, 40710 }, // U+04EE
    { 22, 35, 339, 0, 26, 193, 40917 }, // U+04EF
    { 25, 35, 390, 0, 35, 219, 41110 }, // U+04F0
    { 22, 38, 339, 0, 29, 209, 41329 }, // U+04F1
    { 25, 36, 390, 0, 36, 225, 41538 }, // U+04F2
    { 22, 39, 339, -1, 30, 215, 41763 }, // U+04F3
    { 26, 35, 454, 1, 35, 228, 41978 }, // U+04F4
    { 22, 28, 379, 1, 28, 154, 42206 }, // U+04F5
    { 20, 36, 337, 1, 27, 180, 42360 }, // U+04F6
    { 16, 30, 275, 0, 21, 120, 42540 }, // U+04F7
    { 31, 35, 549, 1, 35, 272, 42660 }, // U+04F8
    { 28, 28, 492, 1, 28, 196, 42932 }, // U+04F9
    { 20, 35, 337, 1, 27, 175, 43128 }, // U+04FA
    { 16, 29, 275, 1, 21, 116, 43303 }, // U+04FB
    { 25, 35, 396, 0, 27, 219, 43419 }, // U+04FC
    { 22, 29, 347, 0, 21, 160, 43638 }, // U+04FD
    { 25, 27, 396, 0, 27, 169, 43798 }, // U+04FE
    { 22, 21, 347, 0, 21, 116, 43967 }, // U+04FF
    { 26, 34, 423, 0, 27, 221, 0 }, // U+1EA0
    { 18, 28, 338, 2, 21, 126, 221 }, // U+1EA1
    { 26, 38, 423, 0, 38, 247, 347 }, // U+1EA2
    { 18, 32, 338, 2, 32, 144, 594 }, // U+1EA3
    { 26, 38, 423, 0, 38, 247, 738 }, // U+1EA4
    { 19, 32, 338, 2, 32, 152, 985 }, // U+1EA5
    { 26, 38, 423, 0, 38, 247, 1137 }, // U+1EA6
    { 20, 32, 338, 0, 32, 160, 1384 }, // U+1EA7
    { 26, 40, 423, 0, 40, 260, 1544 }, // U+1EA8
    { 18, 34, 338, 2, 34, 153, 1804 }, // U+1EA9
    { 26, 40, 423, 0, 40, 260, 1957 }, // U+1EAA
    { 18, 35, 338, 2, 35, 158, 2217 }, // U+1EAB
    { 26, 43, 423, 0, 36, 280, 2375 }, // U+1EAC
    { 18, 36, 338, 2, 29, 162, 2655 }, // U+1EAD
    { 26, 39, 423, 0, 39, 254, 2817 }, // U+1EAE
    { 18, 33, 338, 2, 33, 149, 3071 }, // U+1EAF
    { 26, 39, 423, 0, 39, 254, 3220 }, // U+1EB0
    { 18, 33, 338, 2, 33, 149, 3474 }, // U+1EB1
    { 26, 40, 423, 0, 40, 260, 3623 }, // U+1EB2
    { 18, 34, 338, 2, 34, 153, 3883 }, // U+1EB3
    { 26, 40, 423, 0, 40, 260, 4036 }, // U+1EB4
    { 18, 34, 338, 2, 34, 153, 4296 }, // U+1EB5
    { 26, 42, 423, 0, 35, 273, 4449 }, // U+1EB6
    { 18, 36, 338, 2, 29, 162, 4722 }, // U+1EB7
    { 21, 34, 374, 1, 27, 179, 4884 }, // U+1EB8
    { 16, 28, 321, 2, 21, 112, 5063 }, // U+1EB9
    { 21, 38, 374, 1, 38, 200, 5175 }, // U+1EBA
    { 16, 32, 321, 2, 32, 128, 5375 }, // U+1EBB
    { 21, 34, 374, 1, 34, 179, 5503 }, // U+1EBC
    { 16, 27, 321, 2, 27, 108, 5682 }, // U+1EBD
    { 21, 38, 374, 1, 38, 200, 5790 }, // U+1EBE
    { 18, 32, 321, 2, 32, 144, 5990 }, // U+1EBF
    { 21, 38, 374, 1, 38, 200, 6134 }, // U+1EC0
    { 18, 32, 321, 0, 32, 144, 6334 }, // U+1EC1
    { 21, 40, 374, 1, 40, 210, 6478 }, // U+1EC2
    { 16, 34, 321, 2, 34, 136, 6688 }, // U+1EC3
    { 21, 40, 374, 1, 40, 210, 6824 }, // U+1EC4
    { 16, 35, 321, 2, 35, 140, 7034 }, // U+1EC5
    { 21, 43, 374, 1, 36, 226, 7174 }, // U+1EC6
    { 16, 36, 321, 2, 29, 144, 7400 }, // U+1EC7
    { 11, 38, 220, 1, 38, 105, 7544 }, // U+1EC8
    { 11, 32, 192, 1, 32, 88, 7649 }, // U+1EC9
    { 11, 34, 220, 1, 27, 94, 7737 }, // U+1ECA
    { 11, 36, 192, 1, 29, 99, 7831 }, // U+1ECB
    { 24, 34, 445, 2, 27, 204, 7930 }, // U+1ECC
    { 18, 28, 346, 2, 21, 126, 8134 }, // U+1ECD
    { 24, 38, 445, 2, 38, 228, 8260 }, // U+1ECE
    { 18, 32, 346, 2, 32, 144, 8488 }, // U+1ECF
    { 24, 38, 445, 2, 38, 228, 8632 }, // U+1ED0
    { 19, 32, 346, 2, 32, 152, 8860 }, // U+1ED1
    { 24, 38, 445, 2, 38, 228, 9012 }, // U+1ED2
    { 20, 32, 346, 0, 32, 160, 9240 }, // U+1ED3
    { 24, 40, 445, 2, 40, 240, 9400 }, // U+1ED4
    { 18, 34, 346, 2, 34, 153, 9640 }, // U+1ED5
    { 24, 41, 445, 2, 41, 246, 9793 }, // U+1ED6
    { 18, 35, 346, 2, 35, 158, 10039 }, // U+1ED7
    { 24, 43, 445, 2, 36, 258, 10197 }, // U+1ED8
    { 18, 36, 346, 2, 29, 162, 10455 }, // U+1ED9
    { 26, 36, 467, 2, 36, 234, 10617 }, // U+1EDA
    { 21, 29, 364, 2, 29, 153, 10851 }, // U+1EDB
    { 26, 36, 467, 2, 36, 234, 11004 }, // U+1EDC
    { 21, 29, 364, 2, 29, 153, 11238 }, // U+1EDD
    { 26, 38, 467, 2, 38, 247, 11391 }, // U+1EDE
    { 21, 32, 364, 2, 32, 168, 11638 }, // U+1EDF
    { 26, 35, 467, 2, 35, 228, 11806 }, // U+1EE0
    { 21, 27, 364, 2, 27, 142, 12034 }, // U+1EE1
    { 26, 36, 467, 2, 29, 234, 12176 }, // U+1EE2
    { 21, 32, 364, 2, 25, 168, 12410 }, // U+1EE3
    { 26, 34, 430, 1, 27, 221, 12578 }, // U+1EE4
    { 23, 28, 381, 0, 21, 161, 12799 }, // U+1EE5
    { 26, 38, 430, 1, 38, 247, 12960 }, // U+1EE6
    { 23, 32, 381, 0, 32, 184, 13207 }, // U+1EE7
    { 28, 36, 467, 1, 36, 252, 13391 }, // U+1EE8
    { 26, 29, 406, 0, 29, 189, 13643 }, // U+1EE9
    { 28, 36, 467, 1, 36, 252, 13832 }, // U+1EEA
    { 26, 29, 406, 0, 29, 189, 14084 }, // U+1EEB
    { 28, 38, 467, 1, 38, 266, 14273 }, // U+1EEC
    { 26, 32, 406, 0, 32, 208, 14539 }, // U+1EED
    { 28, 35, 467, 1, 35, 245, 14747 }, // U+1EEE
    { 26, 27, 406, 0, 27, 176, 14992 }, // U+1EEF
    { 28, 36, 467, 1, 29, 252, 15168 }, // U+1EF0
    { 26, 32, 406, 0, 25, 208, 15420 }, // U+1EF1
    { 24, 36, 375, 0, 36, 216, 15628 }, // U+1EF2
    { 22, 38, 339, -1, 29, 209, 15844 }, // U+1EF3
    { 24, 34, 375, 0, 27, 204, 16053 }, // U+1EF4
    { 22, 30, 339, 0, 21, 165, 16257 }, // U+1EF5
    { 24, 38, 375, 0, 38, 228, 16422 }, // U+1EF6
    { 22, 41, 339, -1, 32, 226, 16650 }, // U+1EF7
    { 24, 34, 375, 0, 34, 204, 16876 }, // U+1EF8
    { 22, 36, 339, -1, 27, 198, 17080 }, // U+1EF9
    { 0, 0, 300, 0, 0, 0, 0 }, // U+2000
    { 0, 0, 600, 0, 0, 0, 0 }, // U+2001
    { 0, 0, 300, 0, 0, 0, 0 }, // U+2002
    { 0, 0, 600, 0, 0, 0, 0 }, // U+2003
    { 0, 0, 200, 0, 0, 0, 0 }, // U+2004
    { 0, 0, 150, 0, 0, 0, 0 }, // U+2005
    { 0, 0, 100, 0, 0, 0, 0 }, // U+2006
    { 0, 0, 335, 0, 0, 0, 0 }, // U+2007
    { 0, 0, 150, 0, 0, 0, 0 }, // U+2008
    { 0, 0, 100, 0, 0, 0, 0 }, // U+2009
    { 0, 0, 60, 0, 0, 0, 0 }, // U+200A
    { 0, 0, 0, 0, 0, 0, 0 }, // U+200B
    { 2, 30, 0, -1, 25, 15, 0 }, // U+200C
    { 10, 32, 0, -5, 27, 80, 15 }, // U+200D
    { 10, 33, 0, -1, 28, 83, 95 }, // U+200E
    { 10, 33, 0, -9, 28, 83, 178 }, // U+200F
    { 10, 3, 186, 1, 12, 8, 261 }, // U+2010
    { 10, 3, 186, 1, 12, 8, 269 }, // U+2011
    { 18, 2, 335, 1, 15, 9, 277 }, // U+2012
    { 19, 2, 300, 0, 11, 10, 286 }, // U+2013
    { 38, 2, 600, 0, 11, 19, 296 }, // U+2014
    { 38, 2, 600, 0, 11, 19, 315 }, // U+2015
    { 8, 38, 335, 7, 29, 76, 334 }, // U+2016
    { 16, 7, 247, 0, -1, 28, 410 }, // U+2017
    { 6, 11, 150, 2, 28, 17, 438 }, // U+2018
    { 6, 11, 150, 1, 27, 17, 455 }, // U+2019
    { 6, 11, 150, 1, 5, 17, 472 }, // U+201A
    { 6, 11, 150, 2, 27, 17, 489 }, // U+201B
    { 14, 11, 270, 2, 28, 39, 506 }, // U+201C
    { 14, 11, 270, 1, 27, 39, 545 }, // U+201D
    { 14, 11, 270, 1, 5, 39, 584 }, // U+201E
    { 14, 11, 270, 2, 27, 39, 623 }, // U+201F
    { 14, 34, 269, 1, 29, 119, 662 }, // U+2020
    { 14, 34, 269, 1, 29, 119, 781 }, // U+2021
    { 10, 11, 217, 2, 19, 28, 900 }, // U+2022
    { 12, 13, 300, 4, 20, 39, 928 }, // U+2023
    { 5, 5, 150, 2, 16, 7, 967 }, // U+2024
    { 16, 5, 322, 2, 16, 20, 974 }, // U+2025
    { 27, 5, 515, 3, 5, 34, 994 }, // U+2026
    { 5, 5, 150, 2, 13, 7, 1028 }, // U+2027
    { 0, 0, 360, 0, 0, 0, 1035 }, // U+2028
    { 0, 0, 360, 0, 0, 0, 1035 }, // U+2029
    { 9, 29, 0, -1, 24, 66, 1035 }, // U+202A
    { 9, 29, 0, -8, 24, 66, 1101 }, // U+202B
    { 9, 32, 0, -4, 26, 72, 1167 }, // U+202C
    { 10, 32, 0, -5, 26, 80, 1239 }, // U+202D
    { 9, 32, 0, -5, 26, 72, 1319 }, // U+202E
    { 0, 0, 100, 0, 0, 0, 1391 }, // U+202F
    { 45, 27, 775, 2, 27, 304, 1391 }, // U+2030
    { 60, 27, 1012, 2, 27, 405, 1695 }, // U+2031
    { 7, 9, 113, 0, 27, 16, 2100 }, // U+2032
    { 14, 9, 226, 0, 27, 32, 2116 }, // U+2033
    { 21, 9, 338, 0, 27, 48, 2148 }, // U+2034
    { 7, 9, 113, 0, 27, 16, 2196 }, // U+2035
    { 14, 9, 226, 0, 27, 32, 2212 }, // U+2036
    { 21, 9, 338, 0, 27, 48, 2244 }, // U+2037
    { 13, 11, 240, 1, 2, 36, 2292 }, // U+2038
    { 8, 15, 200, 2, 18, 30, 2328 }, // U+2039
    { 8, 15, 200, 2, 18, 30, 2358 }, // U+203A
    { 26, 27, 491, 2, 27, 176, 2388 }, // U+203B
    { 13, 27, 335, 4, 27, 88, 2564 }, // U+203C
    { 17, 27, 324, 1, 27, 115, 2652 }, // U+203D
    { 18, 2, 275, 0, 31, 9, 2767 }, // U+203E
    { 30, 7, 0, -15, -1, 53, 2776 }, // U+203F
    { 30, 7, 0, -15, 31, 53, 2829 }, // U+2040
    { 17, 27, 270, 0, 27, 115, 2882 }, // U+2041
    { 34, 29, 600, 2, 29, 247, 2997 }, // U+2042
    { 10, 6, 217, 2, 17, 15, 3244 }, // U+2043
    { 17, 27, 37, -7, 27, 115, 3259 }, // U+2044
    { 9, 35, 216, 4, 29, 79, 3374 }, // U+2045
    { 9, 35, 216, 1, 29, 79, 3453 }, // U+2046
    { 33, 27, 573, 1, 27, 223, 3532 }, // U+2047
    { 24, 27, 461, 1, 27, 162, 3755 }, // U+2048
    { 23, 27, 455, 4, 27, 156, 3917 }, // U+2049
    { 16, 29, 335, 2, 22, 116, 4073 }, // U+204A
    { 21, 34, 370, 1, 29, 179, 4189 }, // U+204B
    { 20, 14, 358, 1, 21, 70, 4368 }, // U+204C
    { 20, 14, 358, 1, 21, 70, 4438 }, // U+204D
    { 16, 15, 300, 1, 21, 60, 4508 }, // U+204E
    { 6, 27, 172, 3, 21, 41, 4568 }, // U+204F
    { 25, 27, 438, 1, 27, 169, 4609 }, // U+2050
    { 16, 31, 300, 1, 29, 124, 4778 }, // U+2051
    { 13, 27, 197, 0, 27, 88, 4902 }, // U+2052
    { 17, 7, 335, 2, 17, 30, 4990 }, // U+2053
    { 30, 7, 0, -15, -1, 53, 5020 }, // U+2054
    { 17, 17, 324, 2, 22, 73, 5073 }, // U+2055
    { 17, 21, 368, 3, 21, 90, 5146 }, // U+2056
    { 26, 9, 415, 0, 27, 59, 5236 }, // U+2057
    { 21, 21, 425, 3, 21, 111, 5295 }, // U+2058
    { 21, 21, 425, 3, 21, 111, 5406 }, // U+2059
    { 5, 27, 172, 3, 27, 34, 5517 }, // U+205A
    { 21, 27, 425, 3, 27, 142, 5551 }, // U+205B
    { 20, 21, 418, 3, 21, 105, 5693 }, // U+205C
    { 5, 27, 172, 3, 27, 34, 5798 }, // U+205D
    { 5, 27, 172, 3, 27, 34, 5832 }, // U+205E
    { 0, 0, 133, 0, 0, 0, 5866 }, // U+205F
    { 0, 0, 360, 0, 0, 0, 5866 }, // U+2060
    { 0, 0, 360, 0, 0, 0, 5866 }, // U+2061
    { 0, 0, 360, 0, 0, 0, 5866 }, // U+2062
    { 0, 0, 360, 0, 0, 0, 5866 }, // U+2063
    { 0, 0, 360, 0, 0, 0, 5866 }, // U+2064
    { 0, 0, 0, 0, 0, 0, 5866 }, // U+2066
    { 0, 0, 0, 0, 0, 0, 5866 }, // U+2067
    { 0, 0, 0, 0, 0, 0, 5866 }, // U+2068
    { 0, 0, 0, 0, 0, 0, 5866 }, // U+2069
    { 9, 32, 0, -4, 26, 72, 5866 }, // U+206A
    { 9, 32, 0, -5, 26, 72, 5938 }, // U+206B
    { 10, 32, 0, -5, 27, 80, 6010 }, // U+206C
    { 10, 32, 0, -5, 27, 80, 6090 }, // U+206D
    { 10, 32, 0, -5, 27, 80, 6170 }, // U+206E
    { 9, 32, 0, -4, 26, 72, 6250 }, // U+206F
    { 13, 17, 240, 1, 31, 56, 0 }, // U+2070
    { 7, 17, 125, 1, 28, 30, 56 }, // U+2071
    { 14, 17, 240, 1, 31, 60, 86 }, // U+2074
    { 12, 17, 240, 2, 31, 51, 146 }, // U+2075
    { 12, 17, 240, 2, 31, 51, 197 }, // U+2076
    { 11, 17, 240, 2, 31, 47, 248 }, // U+2077
    { 13, 17, 240, 1, 31, 56, 295 }, // U+2078
    { 12, 17, 240, 1, 31, 51, 351 }, // U+2079
    { 12, 12, 236, 1, 28, 36, 402 }, // U+207A
    { 12, 2, 236, 1, 23, 6, 438 }, // U+207B
    { 12, 8, 236, 1, 26, 24, 444 }, // U+207C
    { 8, 23, 150, 2, 34, 46, 468 }, // U+207D
    { 8, 23, 150, -1, 34, 46, 514 }, // U+207E
    { 16, 12, 251, 0, 23, 48, 560 }, // U+207F
    { 12, 17, 240, 1, 13, 51, 608 }, // U+2080
    { 11, 17, 240, 1, 13, 47, 659 }, // U+2081
    { 11, 17, 240, 2, 13, 47, 706 }, // U+2082
    { 11, 17, 240, 1, 13, 47, 753 }, // U+2083
    { 14, 17, 240, 1, 13, 60, 800 }, // U+2084
    { 12, 17, 240, 2, 13, 51, 860 }, // U+2085
    { 12, 17, 240, 2, 13, 51, 911 }, // U+2086
    { 11, 17, 240, 2, 13, 47, 962 }, // U+2087
    { 12, 17, 240, 1, 13, 51, 1009 }, // U+2088
    { 11, 17, 240, 1, 13, 47, 1060 }, // U+2089
    { 12, 13, 236, 1, 10, 39, 1107 }, // U+208A
    { 12, 3, 236, 1, 5, 9, 1146 }, // U+208B
    { 12, 8, 236, 1, 7, 24, 1155 }, // U+208C
    { 8, 24, 150, 2, 16, 48, 1179 }, // U+208D
    { 7, 24, 150, -1, 16, 42, 1227 }, // U+208E
    { 12, 13, 220, 1, 9, 39, 1269 }, // U+2090
    { 11, 13, 209, 1, 9, 36, 1308 }, // U+2091
    { 12, 13, 225, 1, 9, 39, 1344 }, // U+2092
    { 15, 13, 226, -1, 9, 49, 1383 }, // U+2093
    { 11, 13, 209, 1, 9, 36, 1432 }, // U+2094
    { 16, 18, 248, 0, 14, 72, 1468 }, // U+2095
    { 15, 18, 228, 0, 14, 68, 1540 }, // U+2096
    { 8, 18, 121, 0, 14, 36, 1608 }, // U+2097
    { 23, 13, 368, 0, 9, 75, 1644 }, // U+2098
    { 16, 13, 251, 0, 9, 52, 1719 }, // U+2099
    { 14, 18, 239, 0, 9, 63, 1771 }, // U+209A
    { 9, 13, 176, 1, 9, 30, 1834 }, // U+209B
    { 8, 16, 137, 0, 12, 32, 1864 }, // U+209C
    { 22, 27, 397, 2, 27, 149, 0 }, // U+20A0
    { 20, 31, 368, 2, 29, 155, 149 }, // U+20A1
    { 20, 27, 368, 2, 27, 135, 304 }, // U+20A2
    { 18, 27, 335, 2, 27, 122, 439 }, // U+20A3
    { 18, 27, 335, 2, 27, 122, 561 }, // U+20A4
    { 34, 30, 567, 1, 26, 255, 683 }, // U+20A5
    { 24, 27, 398, 1, 27, 162, 938 }, // U+20A6
    { 28, 27, 491, 1, 27, 189, 1100 }, // U+20A7
    { 36, 27, 613, 1, 27, 243, 1289 }, // U+20A8
    { 40, 27, 628, 0, 27, 270, 1532 }, // U+20A9
    { 26, 23, 535, 4, 23, 150, 1802 }, // U+20AA
    { 20, 34, 368, 2, 29, 170, 1952 }, // U+20AB
    { 19, 27, 335, 1, 27, 129, 2122 }, // U+20AC
    { 26, 27, 420, 1, 27, 176, 2251 }, // U+20AD
    { 22, 27, 335, 1, 27, 149, 2427 }, // U+20AE
    { 37, 40, 600, 0, 32, 370, 2576 }, // U+20AF
    { 20, 36, 335, -1, 27, 180, 2946 }, // U+20B0
    { 22, 27, 362, 1, 27, 149, 3126 }, // U+20B1
    { 24, 34, 428, 2, 31, 204, 3275 }, // U+20B2
    { 26, 27, 423, 0, 27, 176, 3479 }, // U+20B3
    { 20, 27, 326, 1, 27, 135, 3655 }, // U+20B4
    { 20, 34, 368, 2, 31, 170, 3790 }, // U+20B5
    { 20, 27, 356, 1, 27, 135, 3960 }, // U+20B6
    { 18, 30, 335, 1, 27, 135, 4095 }, // U+20B7
    { 18, 27, 335, 1, 27, 122, 4230 }, // U+20B8
    { 18, 27, 335, 2, 27, 122, 4352 }, // U+20B9
    { 20, 27, 335, 1, 27, 135, 4474 }, // U+20BA
    { 22, 27, 392, 1, 27, 149, 4609 }, // U+20BB
    { 23, 26, 472, 4, 26, 150, 4758 }, // U+20BC
    { 19, 27, 354, 2, 27, 129, 4908 }, // U+20BD
    { 22, 29, 403, 2, 29, 160, 5037 }, // U+20BE
    { 18, 33, 335, 1, 30, 149, 5197 }, // U+20BF
    { 16, 26, 295, 2, 21, 104, 5346 }, // U+20C0
    { 17, 3, 347, 2, 15, 13, 0 }, // U+2212
    { 28, 29, 425, 1, 29, 203, 0 }, // U+FB00
    { 23, 30, 398, 1, 30, 173, 203 }, // U+FB01
    { 23, 29, 397, 1, 29, 167, 376 }, // U+FB02
    { 36, 30, 601, 1, 30, 270, 543 }, // U+FB03
    { 36, 29, 601, 1, 29, 261, 813 }, // U+FB04
    { 24, 29, 401, 1, 29, 174, 1074 }, // U+FB05
    { 27, 29, 474, 2, 29, 196, 1248 }, // U+FB06
    { 35, 36, 600, 1, 29, 315, 0 }, // U+FFFD
};

static const EpdUnicodeInterval notoserif_18_regularIntervals[] = {
    { 0x0, 0x0, 0x0 },
    { 0xD, 0xD, 0x1 },
    { 0x20, 0x7E, 0x2 },
    { 0xA0, 0xFF, 0x61 },
    { 0x100, 0x17F, 0xC1 },
    { 0x1A0, 0x1A1, 0x141 },
    { 0x1AF, 0x1B0, 0x143 },
    { 0x1C4, 0x21F, 0x145 },
    { 0x300, 0x36F, 0x1A1 },
    { 0x400, 0x4FF, 0x211 },
    { 0x1EA0, 0x1EF9, 0x311 },
    { 0x2000, 0x2064, 0x36B },
    { 0x2066, 0x206F, 0x3D0 },
    { 0x2070, 0x2071, 0x3DA },
    { 0x2074, 0x208E, 0x3DC },
    { 0x2090, 0x209C, 0x3F7 },
    { 0x20A0, 0x20C0, 0x404 },
    { 0x2212, 0x2212, 0x425 },
    { 0xFB00, 0xFB06, 0x426 },
    { 0xFFFD, 0xFFFD, 0x42D },
};

static const EpdFontGroup notoserif_18_regularGroups[] = {
    { 0, 4424, 11681, 97, 0 },
    { 4424, 4023, 13915, 96, 97 },
    { 8447, 5080, 21900, 128, 193 },
    { 13527, 5071, 20010, 96, 321 },
    { 18598, 1244, 2577, 112, 417 },
    { 19842, 13675, 46624, 256, 529 },
    { 33517, 3428, 18464, 90, 785 },
    { 36945, 2241, 7176, 111, 875 },
    { 39186, 1089, 2004, 42, 986 },
    { 40275, 2493, 5699, 33, 1028 },
    { 42768, 10, 15, 1, 1061 },
    { 42778, 409, 1465, 7, 1062 },
    { 43187, 164, 324, 1, 1069 },
};

static const EpdKernClassEntry notoserif_18_regularKernLeftClasses[] = {
    { 0x0022, 1 }, // "
    { 0x0026, 2 }, // &
    { 0x0027, 1 }, // '
    { 0x002A, 3 }, // *
    { 0x002C, 4 }, // ,
    { 0x002E, 4 }, // .
    { 0x0040, 5 }, // @
    { 0x0041, 6 }, // A
    { 0x0042, 7 }, // B
    { 0x0044, 8 }, // D
    { 0x0045, 9 }, // E
    { 0x0046, 10 }, // F
    { 0x0047, 11 }, // G
    { 0x004B, 12 }, // K
    { 0x004C, 13 }, // L
    { 0x004E, 14 }, // N
    { 0x004F, 8 }, // O
    { 0x0050, 3 }, // P
    { 0x0051, 8 }, // Q
    { 0x0052, 15 }, // R
    { 0x0053, 16 }, // S
    { 0x0054, 17 }, // T
    { 0x0055, 18 }, // U
    { 0x0056, 19 }, // V
    { 0x0057, 20 }, // W
    { 0x0058, 21 }, // X
    { 0x0059, 22 }, // Y
    { 0x0061, 23 }, // a
    { 0x0062, 24 }, // b
    { 0x0065, 25 }, // e
    { 0x0066, 26 }, // f
    { 0x0067, 27 }, // g
    { 0x0068, 23 }, // h
    { 0x006B, 28 }, // k
    { 0x006D, 23 }, // m
    { 0x006E, 23 }, // n
    { 0x006F, 24 }, // o
    { 0x0070, 24 }, // p
    { 0x0072, 29 }, // r
    { 0x0073, 30 }, // s
    { 0x0076, 31 }, // v
    { 0x0077, 32 }, // w
    { 0x0079, 33 }, // y
    { 0x00A1, 34 }, // U+00A1
    { 0x00BF, 35 }, // U+00BF
    { 0x00C0, 36 }, // U+00C0
    { 0x00C1, 36 }, // U+00C1
    { 0x00C2, 36 }, // U+00C2
    { 0x00C3, 36 }, // U+00C3
    { 0x00C4, 36 }, // U+00C4
    { 0x00C5, 36 }, // U+00C5
    { 0x00C6, 9 }, // U+00C6
    { 0x00C8, 9 }, // U+00C8
    { 0x00C9, 9 }, // U+00C9
    { 0x00CA, 9 }, // U+00CA
    { 0x00CB, 9 }, // U+00CB
    { 0x00D0, 8 }, // U+00D0
    { 0x00D1, 14 }, // U+00D1
    { 0x00D2, 8 }, // U+00D2
    { 0x00D3, 8 }, // U+00D3
    { 0x00D4, 8 }, // U+00D4
    { 0x00D5, 8 }, // U+00D5
    { 0x00D6, 8 }, // U+00D6
    { 0x00D8, 8 }, // U+00D8
    { 0x00D9, 18 }, // U+00D9
    { 0x00DA, 18 }, // U+00DA
    { 0x00DB, 18 }, // U+00DB
    { 0x00DC, 18 }, // U+00DC
    { 0x00DD, 22 }, // U+00DD
    { 0x00DE, 8 }, // U+00DE
    { 0x00DF, 24 }, // U+00DF
    { 0x00E0, 23 }, // U+00E0
    { 0x00E1, 23 }, // U+00E1
    { 0x00E2, 23 }, // U+00E2
    { 0x00E3, 23 }, // U+00E3
    { 0x00E4, 23 }, // U+00E4
    { 0x00E5, 23 }, // U+00E5
    { 0x00E6, 25 }, // U+00E6
    { 0x00E8, 25 }, // U+00E8
    { 0x00E9, 25 }, // U+00E9
    { 0x00EA, 25 }, // U+00EA
    { 0x00EB, 25 }, // U+00EB
    { 0x00F0, 24 }, // U+00F0
    { 0x00F1, 23 }, // U+00F1
    { 0x00F2, 24 }, // U+00F2
    { 0x00F3, 24 }, // U+00F3
    { 0x00F4, 24 }, // U+00F4
    { 0x00F5, 24 }, // U+00F5
    { 0x00F6, 24 }, // U+00F6
    { 0x00F8, 24 }, // U+00F8
    { 0x00FD, 33 }, // U+00FD
    { 0x00FE, 24 }, // U+00FE
    { 0x00FF, 33 }, // U+00FF
    { 0x0100, 6 }, // U+0100
    { 0x0102, 36 }, // U+0102
    { 0x0104, 36 }, // U+0104
    { 0x010E, 8 }, // U+010E
    { 0x010F, 37 }, // U+010F
    { 0x0110, 8 }, // U+0110
    { 0x0112, 9 }, // U+0112
    { 0x0113, 25 }, // U+0113
    { 0x0114, 9 }, // U+0114
    { 0x0115, 25 }, // U+0115
    { 0x0116, 9 }, // U+0116
    { 0x0117, 25 }, // U+0117
    { 0x0118, 9 }, // U+0118
    { 0x0119, 25 }, // U+0119
    { 0x011A, 9 }, // U+011A
    { 0x011B, 25 }, // U+011B
    { 0x011C, 11 }, // U+011C
    { 0x011E, 11 }, // U+011E
    { 0x0120, 11 }, // U+0120
    { 0x0122, 11 }, // U+0122
    { 0x0125, 23 }, // U+0125
    { 0x0127, 23 }, // U+0127
    { 0x0129, 38 }, // U+0129
    { 0x0136, 12 }, // U+0136
    { 0x0137, 28 }, // U+0137
    { 0x0138, 28 }, // U+0138
    { 0x0139, 13 }, // U+0139
    { 0x013B, 13 }, // U+013B
    { 0x013E, 37 }, // U+013E
    { 0x0141, 13 }, // U+0141
    { 0x0143, 14 }, // U+0143
    { 0x0144, 23 }, // U+0144
    { 0x0145, 14 }, // U+0145
    { 0x0146, 23 }, // U+0146
    { 0x0147, 14 }, // U+0147
    { 0x0148, 23 }, // U+0148
    { 0x0149, 23 }, // U+0149
    { 0x014B, 23 }, // U+014B
    { 0x014C, 8 }, // U+014C
    { 0x014D, 24 }, // U+014D
    { 0x014E, 8 }, // U+014E
    { 0x014F, 24 }, // U+014F
    { 0x0150, 8 }, // U+0150
    { 0x0151, 24 }, // U+0151
    { 0x0152, 9 }, // U+0152
    { 0x0153, 25 }, // U+0153
    { 0x0154, 15 }, // U+0154
    { 0x0155, 29 }, // U+0155
    { 0x0156, 15 }, // U+0156
    { 0x0157, 29 }, // U+0157
    { 0x0158, 15 }, // U+0158
    { 0x0159, 29 }, // U+0159
    { 0x015A, 16 }, // U+015A
    { 0x015B, 30 }, // U+015B
    { 0x015C, 16 }, // U+015C
    { 0x015D, 30 }, // U+015D
    { 0x015E, 16 }, // U+015E
    { 0x015F, 30 }, // U+015F
    { 0x0160, 16 }, // U+0160
    { 0x0161, 30 }, // U+0161
    { 0x0162, 17 }, // U+0162
    { 0x0164, 17 }, // U+0164
    { 0x0165, 39 }, // U+0165
    { 0x0166, 17 }, // U+0166
    { 0x0168, 18 }, // U+0168
    { 0x016A, 18 }, // U+016A
    { 0x016C, 18 }, // U+016C
    { 0x016E, 18 }, // U+016E
    { 0x0170, 18 }, // U+0170
    { 0x0172, 18 }, // U+0172
    { 0x0174, 20 }, // U+0174
    { 0x0175, 32 }, // U+0175
    { 0x0176, 22 }, // U+0176
    { 0x0177, 33 }, // U+0177
    { 0x0178, 22 }, // U+0178
    { 0x01A0, 40 }, // U+01A0
    { 0x01A1, 41 }, // U+01A1
    { 0x01AF, 42 }, // U+01AF
    { 0x01B0, 43 }, // U+01B0
    { 0x01FA, 6 }, // U+01FA
    { 0x01FC, 9 }, // U+01FC
    { 0x01FD, 25 }, // U+01FD
    { 0x01FE, 8 }, // U+01FE
    { 0x01FF, 24 }, // U+01FF
    { 0x0218, 16 }, // U+0218
    { 0x0219, 30 }, // U+0219
    { 0x021A, 17 }, // U+021A
    { 0x0402, 44 }, // U+0402
    { 0x0409, 45 }, // U+0409
    { 0x040A, 45 }, // U+040A
    { 0x040E, 46 }, // U+040E
    { 0x0423, 46 }, // U+0423
    { 0x042A, 45 }, // U+042A
    { 0x042C, 45 }, // U+042C
    { 0x0431, 47 }, // U+0431
    { 0x043E, 48 }, // U+043E
    { 0x0440, 48 }, // U+0440
    { 0x0444, 49 }, // U+0444
    { 0x044D, 49 }, // U+044D
    { 0x044E, 49 }, // U+044E
    { 0x0457, 50 }, // U+0457
    { 0x0460, 51 }, // U+0460
    { 0x0462, 52 }, // U+0462
    { 0x0465, 53 }, // U+0465
    { 0x0466, 54 }, // U+0466
    { 0x0468, 54 }, // U+0468
    { 0x046A, 55 }, // U+046A
    { 0x046C, 55 }, // U+046C
    { 0x046E, 56 }, // U+046E
    { 0x046F, 24 }, // U+046F
    { 0x0472, 51 }, // U+0472
    { 0x0473, 48 }, // U+0473
    { 0x0474, 57 }, // U+0474
    { 0x0476, 57 }, // U+0476
    { 0x0478, 33 }, // U+0478
    { 0x0479, 58 }, // U+0479
    { 0x047A, 51 }, // U+047A
    { 0x047B, 48 }, // U+047B
    { 0x047C, 51 }, // U+047C
    { 0x047D, 24 }, // U+047D
    { 0x047E, 51 }, // U+047E
    { 0x0481, 53 }, // U+0481
    { 0x048C, 52 }, // U+048C
    { 0x048D, 24 }, // U+048D
    { 0x048E, 59 }, // U+048E
    { 0x048F, 48 }, // U+048F
    { 0x0490, 60 }, // U+0490
    { 0x0491, 61 }, // U+0491
    { 0x0493, 61 }, // U+0493
    { 0x0494, 62 }, // U+0494
    { 0x0496, 55 }, // U+0496
    { 0x0497, 63 }, // U+0497
    { 0x0498, 56 }, // U+0498
    { 0x0499, 48 }, // U+0499
    { 0x049A, 55 }, // U+049A
    { 0x049B, 63 }, // U+049B
    { 0x049C, 55 }, // U+049C
    { 0x049D, 63 }, // U+049D
    { 0x049E, 55 }, // U+049E
    { 0x049F, 63 }, // U+049F
    { 0x04A0, 55 }, // U+04A0
    { 0x04A1, 63 }, // U+04A1
    { 0x04A3, 64 }, // U+04A3
    { 0x04A4, 60 }, // U+04A4
    { 0x04A5, 61 }, // U+04A5
    { 0x04A6, 62 }, // U+04A6
    { 0x04A8, 51 }, // U+04A8
    { 0x04AB, 53 }, // U+04AB
    { 0x04AC, 60 }, // U+04AC
    { 0x04AD, 61 }, // U+04AD
    { 0x04B2, 65 }, // U+04B2
    { 0x04B3, 63 }, // U+04B3
    { 0x04B5, 64 }, // U+04B5
    { 0x04B7, 64 }, // U+04B7
    { 0x04BA, 62 }, // U+04BA
    { 0x04BC, 51 }, // U+04BC
    { 0x04BD, 48 }, // U+04BD
    { 0x04BE, 51 }, // U+04BE
    { 0x04BF, 48 }, // U+04BF
    { 0x04C3, 62 }, // U+04C3
    { 0x04C6, 64 }, // U+04C6
    { 0x04D0, 54 }, // U+04D0
    { 0x04D1, 23 }, // U+04D1
    { 0x04D2, 54 }, // U+04D2
    { 0x04D3, 23 }, // U+04D3
    { 0x04D4, 66 }, // U+04D4
    { 0x04D5, 48 }, // U+04D5
    { 0x04D6, 66 }, // U+04D6
    { 0x04D7, 48 }, // U+04D7
    { 0x04D8, 51 }, // U+04D8
    { 0x04D9, 48 }, // U+04D9
    { 0x04DA, 51 }, // U+04DA
    { 0x04DB, 48 }, // U+04DB
    { 0x04E0, 56 }, // U+04E0
    { 0x04E6, 51 }, // U+04E6
    { 0x04E7, 48 }, // U+04E7
    { 0x04E8, 51 }, // U+04E8
    { 0x04E9, 48 }, // U+04E9
    { 0x04EA, 51 }, // U+04EA
    { 0x04EB, 48 }, // U+04EB
    { 0x04ED, 48 }, // U+04ED
    { 0x04EE, 46 }, // U+04EE
    { 0x04EF, 58 }, // U+04EF
    { 0x04F0, 46 }, // U+04F0
    { 0x04F1, 58 }, // U+04F1
    { 0x04F2, 46 }, // U+04F2
    { 0x04F3, 58 }, // U+04F3
    { 0x04F6, 60 }, // U+04F6
    { 0x04F7, 61 }, // U+04F7
    { 0x04FB, 61 }, // U+04FB
    { 0x04FC, 65 }, // U+04FC
    { 0x04FD, 63 }, // U+04FD
    { 0x04FE, 65 }, // U+04FE
    { 0x04FF, 63 }, // U+04FF
    { 0x1EA0, 36 }, // U+1EA0
    { 0x1EA1, 23 }, // U+1EA1
    { 0x1EA2, 36 }, // U+1EA2
    { 0x1EA3, 23 }, // U+1EA3
    { 0x1EA4, 36 }, // U+1EA4
    { 0x1EA5, 23 }, // U+1EA5
    { 0x1EA6, 36 }, // U+1EA6
    { 0x1EA7, 23 }, // U+1EA7
    { 0x1EA8, 36 }, // U+1EA8
    { 0x1EA9, 23 }, // U+1EA9
    { 0x1EAA, 36 }, // U+1EAA
    { 0x1EAB, 23 }, // U+1EAB
    { 0x1EAC, 36 }, // U+1EAC
    { 0x1EAD, 23 }, // U+1EAD
    { 0x1EAE, 36 }, // U+1EAE
    { 0x1EAF, 23 }, // U+1EAF
    { 0x1EB0, 36 }, // U+1EB0
    { 0x1EB1, 23 }, // U+1EB1
    { 0x1EB2, 36 }, // U+1EB2
    { 0x1EB3, 23 }, // U+1EB3
    { 0x1EB4, 36 }, // U+1EB4
    { 0x1EB5, 23 }, // U+1EB5
    { 0x1EB6, 36 }, // U+1EB6
    { 0x1EB7, 23 }, // U+1EB7
    { 0x1EB8, 9 }, // U+1EB8
    { 0x1EB9, 25 }, // U+1EB9
    { 0x1EBA, 9 }, // U+1EBA
    { 0x1EBB, 25 }, // U+1EBB
    { 0x1EBC, 9 }, // U+1EBC
    { 0x1EBD, 25 }, // U+1EBD
    { 0x1EBE, 9 }, // U+1EBE
    { 0x1EBF, 25 }, // U+1EBF
    { 0x1EC0, 9 }, // U+1EC0
    { 0x1EC1, 25 }, // U+1EC1
    { 0x1EC2, 9 }, // U+1EC2
    { 0x1EC3, 25 }, // U+1EC3
    { 0x1EC4, 9 }, // U+1EC4
    { 0x1EC5, 25 }, // U+1EC5
    { 0x1EC6, 9 }, // U+1EC6
    { 0x1EC7, 25 }, // U+1EC7
    { 0x1ECC, 8 }, // U+1ECC
    { 0x1ECD, 24 }, // U+1ECD
    { 0x1ECE, 8 }, // U+1ECE
    { 0x1ECF, 24 }, // U+1ECF
    { 0x1ED0, 8 }, // U+1ED0
    { 0x1ED1, 24 }, // U+1ED1
    { 0x1ED2, 8 }, // U+1ED2
    { 0x1ED3, 24 }, // U+1ED3
    { 0x1ED4, 8 }, // U+1ED4
    { 0x1ED5, 24 }, // U+1ED5
    { 0x1ED6, 8 }, // U+1ED6
    { 0x1ED7, 24 }, // U+1ED7
    { 0x1ED8, 8 }, // U+1ED8
    { 0x1ED9, 24 }, // U+1ED9
    { 0x1EDA, 40 }, // U+1EDA
    { 0x1EDB, 41 }, // U+1EDB
    { 0x1EDC, 40 }, // U+1EDC
    { 0x1EDD, 41 }, // U+1EDD
    { 0x1EDE, 40 }, // U+1EDE
    { 0x1EDF, 41 }, // U+1EDF
    { 0x1EE0, 40 }, // U+1EE0
    { 0x1EE1, 41 }, // U+1EE1
    { 0x1EE2, 40 }, // U+1EE2
    { 0x1EE3, 41 }, // U+1EE3
    { 0x1EE4, 18 }, // U+1EE4
    { 0x1EE6, 18 }, // U+1EE6
    { 0x1EE8, 42 }, // U+1EE8
    { 0x1EE9, 43 }, // U+1EE9
    { 0x1EEA, 42 }, // U+1EEA
    { 0x1EEB, 43 }, // U+1EEB
    { 0x1EEC, 42 }, // U+1EEC
    { 0x1EED, 43 }, // U+1EED
    { 0x1EEE, 42 }, // U+1EEE
    { 0x1EEF, 43 }, // U+1EEF
    { 0x1EF0, 42 }, // U+1EF0
    { 0x1EF1, 43 }, // U+1EF1
    { 0x1EF2, 22 }, // U+1EF2
    { 0x1EF3, 33 }, // U+1EF3
    { 0x1EF4, 22 }, // U+1EF4
    { 0x1EF5, 33 }, // U+1EF5
    { 0x1EF6, 22 }, // U+1EF6
    { 0x1EF7, 33 }, // U+1EF7
    { 0x1EF8, 22 }, // U+1EF8
    { 0x1EF9, 33 }, // U+1EF9
    { 0x2018, 67 }, // U+2018
    { 0x2019, 68 }, // U+2019
    { 0x201A, 4 }, // U+201A
    { 0x201C, 67 }, // U+201C
    { 0x201D, 68 }, // U+201D
    { 0x201E, 4 }, // U+201E
    { 0x2026, 4 }, // U+2026
    { 0x207D, 69 }, // U+207D
    { 0x208D, 70 }, // U+208D
    { 0xFB00, 26 }, // U+FB00
};

static const EpdKernClassEntry notoserif_18_regularKernRightClasses[] = {
    { 0x0021, 1 }, // !
    { 0x0022, 2 }, // "
    { 0x0026, 3 }, // &
    { 0x0027, 2 }, // '
    { 0x0029, 4 }, // )
    { 0x002A, 5 }, // *
    { 0x002C, 6 }, // ,
    { 0x002E, 7 }, // .
    { 0x003A, 8 }, // :
    { 0x003B, 8 }, // ;
    { 0x003F, 9 }, // ?
    { 0x0040, 10 }, // @
    { 0x0041, 11 }, // A
    { 0x0042, 12 }, // B
    { 0x0043, 13 }, // C
    { 0x0044, 12 }, // D
    { 0x0045, 12 }, // E
    { 0x0046, 12 }, // F
    { 0x0047, 13 }, // G
    { 0x0048, 12 }, // H
    { 0x0049, 12 }, // I
    { 0x004A, 14 }, // J
    { 0x004B, 12 }, // K
    { 0x004C, 12 }, // L
    { 0x004D, 12 }, // M
    { 0x004E, 12 }, // N
    { 0x004F, 13 }, // O
    { 0x0050, 12 }, // P
    { 0x0051, 13 }, // Q
    { 0x0052, 12 }, // R
    { 0x0053, 15 }, // S
    { 0x0054, 16 }, // T
    { 0x0055, 17 }, // U
    { 0x0056, 18 }, // V
    { 0x0057, 19 }, // W
    { 0x0058, 20 }, // X
    { 0x0059, 21 }, // Y
    { 0x005A, 22 }, // Z
    { 0x005D, 4 }, // ]
    { 0x0061, 23 }, // a
    { 0x0062, 24 }, // b
    { 0x0063, 25 }, // c
    { 0x0064, 25 }, // d
    { 0x0065, 25 }, // e
    { 0x0067, 26 }, // g
    { 0x0068, 24 }, // h
    { 0x0069, 27 }, // i
    { 0x006B, 24 }, // k
    { 0x006C, 24 }, // l
    { 0x006D, 27 }, // m
    { 0x006E, 27 }, // n
    { 0x006F, 25 }, // o
    { 0x0070, 27 }, // p
    { 0x0071, 25 }, // q
    { 0x0072, 27 }, // r
    { 0x0073, 28 }, // s
    { 0x0074, 29 }, // t
    { 0x0075, 30 }, // u
    { 0x0076, 31 }, // v
    { 0x0077, 32 }, // w
    { 0x0078, 33 }, // x
    { 0x0079, 34 }, // y
    { 0x007A, 35 }, // z
    { 0x007D, 4 }, // }
    { 0x00AB, 36 }, // U+00AB
    { 0x00B7, 37 }, // U+00B7
    { 0x00BB, 36 }, // U+00BB
    { 0x00C0, 11 }, // U+00C0
    { 0x00C1, 11 }, // U+00C1
    { 0x00C2, 11 }, // U+00C2
    { 0x00C3, 11 }, // U+00C3
    { 0x00C4, 11 }, // U+00C4
    { 0x00C5, 11 }, // U+00C5
    { 0x00C6, 38 }, // U+00C6
    { 0x00C7, 13 }, // U+00C7
    { 0x00C8, 12 }, // U+00C8
    { 0x00C9, 12 }, // U+00C9
    { 0x00CA, 12 }, // U+00CA
    { 0x00CB, 12 }, // U+00CB
    { 0x00CC, 12 }, // U+00CC
    { 0x00CD, 12 }, // U+00CD
    { 0x00CE, 12 }, // U+00CE
    { 0x00CF, 12 }, // U+00CF
    { 0x00D0, 12 }, // U+00D0
    { 0x00D1, 12 }, // U+00D1
    { 0x00D2, 13 }, // U+00D2
    { 0x00D3, 13 }, // U+00D3
    { 0x00D4, 13 }, // U+00D4
    { 0x00D5, 13 }, // U+00D5
    { 0x00D6, 13 }, // U+00D6
    { 0x00D8, 13 }, // U+00D8
    { 0x00D9, 17 }, // U+00D9
    { 0x00DA, 17 }, // U+00DA
    { 0x00DB, 17 }, // U+00DB
    { 0x00DC, 17 }, // U+00DC
    { 0x00DD, 21 }, // U+00DD
    { 0x00DE, 12 }, // U+00DE
    { 0x00E0, 23 }, // U+00E0
    { 0x00E1, 23 }, // U+00E1
    { 0x00E2, 23 }, // U+00E2
    { 0x00E3, 23 }, // U+00E3
    { 0x00E4, 23 }, // U+00E4
    { 0x00E5, 23 }, // U+00E5
    { 0x00E6, 23 }, // U+00E6
    { 0x00E7, 25 }, // U+00E7
    { 0x00E8, 25 }, // U+00E8
    { 0x00E9, 25 }, // U+00E9
    { 0x00EA, 25 }, // U+00EA
    { 0x00EB, 25 }, // U+00EB
    { 0x00EC, 39 }, // U+00EC
    { 0x00ED, 27 }, // U+00ED
    { 0x00EE, 39 }, // U+00EE
    { 0x00EF, 39 }, // U+00EF
    { 0x00F0, 25 }, // U+00F0
    { 0x00F1, 27 }, // U+00F1
    { 0x00F2, 25 }, // U+00F2
    { 0x00F3, 25 }, // U+00F3
    { 0x00F4, 25 }, // U+00F4
    { 0x00F5, 25 }, // U+00F5
    { 0x00F6, 25 }, // U+00F6
    { 0x00F8, 25 }, // U+00F8
    { 0x00F9, 30 }, // U+00F9
    { 0x00FA, 30 }, // U+00FA
    { 0x00FB, 30 }, // U+00FB
    { 0x00FC, 30 }, // U+00FC
    { 0x00FD, 34 }, // U+00FD
    { 0x00FE, 24 }, // U+00FE
    { 0x00FF, 34 }, // U+00FF
    { 0x0100, 11 }, // U+0100
    { 0x0101, 23 }, // U+0101
    { 0x0102, 11 }, // U+0102
    { 0x0103, 23 }, // U+0103
    { 0x0104, 11 }, // U+0104
    { 0x0105, 23 }, // U+0105
    { 0x0106, 13 }, // U+0106
    { 0x0107, 25 }, // U+0107
    { 0x0108, 13 }, // U+0108
    { 0x0109, 25 }, // U+0109
    { 0x010A, 13 }, // U+010A
    { 0x010B, 25 }, // U+010B
    { 0x010C, 13 }, // U+010C
    { 0x010D, 25 }, // U+010D
    { 0x010E, 12 }, // U+010E
    { 0x010F, 25 }, // U+010F
    { 0x0110, 12 }, // U+0110
    { 0x0111, 25 }, // U+0111
    { 0x0112, 12 }, // U+0112
    { 0x0113, 25 }, // U+0113
    { 0x0114, 12 }, // U+0114
    { 0x0115, 25 }, // U+0115
    { 0x0116, 12 }, // U+0116
    { 0x0117, 25 }, // U+0117
    { 0x0118, 12 }, // U+0118
    { 0x0119, 25 }, // U+0119
    { 0x011A, 12 }, // U+011A
    { 0x011B, 25 }, // U+011B
    { 0x011C, 13 }, // U+011C
    { 0x011D, 25 }, // U+011D
    { 0x011E, 13 }, // U+011E
    { 0x011F, 25 }, // U+011F
    { 0x0120, 13 }, // U+0120
    { 0x0121, 25 }, // U+0121
    { 0x0122, 13 }, // U+0122
    { 0x0123, 25 }, // U+0123
    { 0x0124, 12 }, // U+0124
    { 0x0125, 24 }, // U+0125
    { 0x0126, 12 }, // U+0126
    { 0x0127, 24 }, // U+0127
    { 0x0128, 12 }, // U+0128
    { 0x0129, 40 }, // U+0129
    { 0x012A, 12 }, // U+012A
    { 0x012B, 39 }, // U+012B
    { 0x012C, 12 }, // U+012C
    { 0x012D, 39 }, // U+012D
    { 0x012E, 12 }, // U+012E
    { 0x012F, 27 }, // U+012F
    { 0x0130, 12 }, // U+0130
    { 0x0132, 12 }, // U+0132
    { 0x0133, 27 }, // U+0133
    { 0x0134, 14 }, // U+0134
    { 0x0136, 12 }, // U+0136
    { 0x0137, 24 }, // U+0137
    { 0x0138, 27 }, // U+0138
    { 0x0139, 12 }, // U+0139
    { 0x013A, 24 }, // U+013A
    { 0x013B, 12 }, // U+013B
    { 0x013C, 24 }, // U+013C
    { 0x013D, 12 }, // U+013D
    { 0x013E, 24 }, // U+013E
    { 0x013F, 12 }, // U+013F
    { 0x0140, 24 }, // U+0140
    { 0x0141, 12 }, // U+0141
    { 0x0142, 24 }, // U+0142
    { 0x0143, 12 }, // U+0143
    { 0x0144, 27 }, // U+0144
    { 0x0145, 12 }, // U+0145
    { 0x0146, 27 }, // U+0146
    { 0x0147, 12 }, // U+0147
    { 0x0148, 27 }, // U+0148
    { 0x014A, 12 }, // U+014A
    { 0x014B, 27 }, // U+014B
    { 0x014C, 13 }, // U+014C
    { 0x014D, 25 }, // U+014D
    { 0x014E, 13 }, // U+014E
    { 0x014F, 25 }, // U+014F
    { 0x0150, 13 }, // U+0150
    { 0x0151, 25 }, // U+0151
    { 0x0152, 13 }, // U+0152
    { 0x0153, 25 }, // U+0153
    { 0x0154, 12 }, // U+0154
    { 0x0155, 27 }, // U+0155
    { 0x0156, 12 }, // U+0156
    { 0x0157, 27 }, // U+0157
    { 0x0158, 12 }, // U+0158
    { 0x015A, 15 }, // U+015A
    { 0x015B, 28 }, // U+015B
    { 0x015C, 15 }, // U+015C
    { 0x015D, 28 }, // U+015D
    { 0x015E, 15 }, // U+015E
    { 0x015F, 28 }, // U+015F
    { 0x0160, 15 }, // U+0160
    { 0x0161, 28 }, // U+0161
    { 0x0162, 16 }, // U+0162
    { 0x0163, 29 }, // U+0163
    { 0x0164, 16 }, // U+0164
    { 0x0165, 29 }, // U+0165
    { 0x0166, 16 }, // U+0166
    { 0x0167, 29 }, // U+0167
    { 0x0168, 17 }, // U+0168
    { 0x0169, 30 }, // U+0169
    { 0x016A, 17 }, // U+016A
    { 0x016B, 30 }, // U+016B
    { 0x016C, 17 }, // U+016C
    { 0x016D, 30 }, // U+016D
    { 0x016E, 17 }, // U+016E
    { 0x016F, 30 }, // U+016F
    { 0x0170, 17 }, // U+0170
    { 0x0171, 30 }, // U+0171
    { 0x0172, 17 }, // U+0172
    { 0x0173, 30 }, // U+0173
    { 0x0174, 19 }, // U+0174
    { 0x0175, 32 }, // U+0175
    { 0x0176, 21 }, // U+0176
    { 0x0177, 34 }, // U+0177
    { 0x0178, 21 }, // U+0178
    { 0x0179, 22 }, // U+0179
    { 0x017A, 35 }, // U+017A
    { 0x017B, 22 }, // U+017B
    { 0x017C, 35 }, // U+017C
    { 0x017D, 22 }, // U+017D
    { 0x017E, 35 }, // U+017E
    { 0x01A0, 13 }, // U+01A0
    { 0x01A1, 25 }, // U+01A1
    { 0x01AF, 17 }, // U+01AF
    { 0x01B0, 30 }, // U+01B0
    { 0x01FA, 11 }, // U+01FA
    { 0x01FB, 23 }, // U+01FB
    { 0x01FC, 38 }, // U+01FC
    { 0x01FD, 23 }, // U+01FD
    { 0x01FE, 13 }, // U+01FE
    { 0x01FF, 25 }, // U+01FF
    { 0x0218, 15 }, // U+0218
    { 0x0219, 28 }, // U+0219
    { 0x021A, 16 }, // U+021A
    { 0x021B, 29 }, // U+021B
    { 0x0402, 41 }, // U+0402
    { 0x040B, 41 }, // U+040B
    { 0x040E, 42 }, // U+040E
    { 0x0416, 41 }, // U+0416
    { 0x0422, 41 }, // U+0422
    { 0x0423, 42 }, // U+0423
    { 0x0425, 41 }, // U+0425
    { 0x0427, 43 }, // U+0427
    { 0x042A, 41 }, // U+042A
    { 0x042F, 44 }, // U+042F
    { 0x0431, 45 }, // U+0431
    { 0x0436, 46 }, // U+0436
    { 0x0443, 47 }, // U+0443
    { 0x0445, 46 }, // U+0445
    { 0x0447, 48 }, // U+0447
    { 0x0451, 49 }, // U+0451
    { 0x0456, 50 }, // U+0456
    { 0x0457, 51 }, // U+0457
    { 0x045E, 47 }, // U+045E
    { 0x0460, 52 }, // U+0460
    { 0x0462, 16 }, // U+0462
    { 0x0466, 53 }, // U+0466
    { 0x046A, 54 }, // U+046A
    { 0x046E, 55 }, // U+046E
    { 0x0472, 52 }, // U+0472
    { 0x0473, 56 }, // U+0473
    { 0x0478, 52 }, // U+0478
    { 0x0479, 56 }, // U+0479
    { 0x047A, 52 }, // U+047A
    { 0x047B, 56 }, // U+047B
    { 0x047C, 52 }, // U+047C
    { 0x047D, 25 }, // U+047D
    { 0x047E, 52 }, // U+047E
    { 0x0480, 52 }, // U+0480
    { 0x0481, 56 }, // U+0481
    { 0x0496, 54 }, // U+0496
    { 0x0498, 55 }, // U+0498
    { 0x0499, 57 }, // U+0499
    { 0x04A0, 58 }, // U+04A0
    { 0x04A1, 59 }, // U+04A1
    { 0x04A8, 52 }, // U+04A8
    { 0x04A9, 56 }, // U+04A9
    { 0x04AA, 52 }, // U+04AA
    { 0x04AB, 56 }, // U+04AB
    { 0x04AC, 58 }, // U+04AC
    { 0x04AD, 59 }, // U+04AD
    { 0x04B2, 54 }, // U+04B2
    { 0x04B4, 58 }, // U+04B4
    { 0x04B5, 59 }, // U+04B5
    { 0x04B6, 60 }, // U+04B6
    { 0x04B7, 61 }, // U+04B7
    { 0x04B8, 43 }, // U+04B8
    { 0x04B9, 48 }, // U+04B9
    { 0x04C1, 41 }, // U+04C1
    { 0x04C2, 46 }, // U+04C2
    { 0x04CB, 60 }, // U+04CB
    { 0x04CC, 61 }, // U+04CC
    { 0x04D0, 53 }, // U+04D0
    { 0x04D2, 53 }, // U+04D2
    { 0x04D4, 38 }, // U+04D4
    { 0x04D5, 62 }, // U+04D5
    { 0x04D7, 56 }, // U+04D7
    { 0x04D8, 52 }, // U+04D8
    { 0x04D9, 62 }, // U+04D9
    { 0x04DA, 52 }, // U+04DA
    { 0x04DC, 41 }, // U+04DC
    { 0x04DD, 46 }, // U+04DD
    { 0x04E0, 55 }, // U+04E0
    { 0x04E1, 35 }, // U+04E1
    { 0x04E6, 52 }, // U+04E6
    { 0x04E7, 56 }, // U+04E7
    { 0x04E8, 52 }, // U+04E8
    { 0x04E9, 56 }, // U+04E9
    { 0x04EA, 52 }, // U+04EA
    { 0x04EB, 56 }, // U+04EB
    { 0x04EE, 42 }, // U+04EE
    { 0x04EF, 63 }, // U+04EF
    { 0x04F0, 42 }, // U+04F0
    { 0x04F1, 63 }, // U+04F1
    { 0x04F2, 42 }, // U+04F2
    { 0x04F3, 63 }, // U+04F3
    { 0x04F4, 43 }, // U+04F4
    { 0x04F5, 48 }, // U+04F5
    { 0x04FC, 54 }, // U+04FC
    { 0x04FE, 54 }, // U+04FE
    { 0x1EA0, 11 }, // U+1EA0
    { 0x1EA1, 23 }, // U+1EA1
    { 0x1EA2, 11 }, // U+1EA2
    { 0x1EA3, 23 }, // U+1EA3
    { 0x1EA4, 11 }, // U+1EA4
    { 0x1EA5, 23 }, // U+1EA5
    { 0x1EA6, 11 }, // U+1EA6
    { 0x1EA7, 23 }, // U+1EA7
    { 0x1EA8, 11 }, // U+1EA8
    { 0x1EA9, 23 }, // U+1EA9
    { 0x1EAA, 11 }, // U+1EAA
    { 0x1EAB, 23 }, // U+1EAB
    { 0x1EAC, 11 }, // U+1EAC
    { 0x1EAD, 23 }, // U+1EAD
    { 0x1EAE, 11 }, // U+1EAE
    { 0x1EAF, 23 }, // U+1EAF
    { 0x1EB0, 11 }, // U+1EB0
    { 0x1EB1, 23 }, // U+1EB1
    { 0x1EB2, 11 }, // U+1EB2
    { 0x1EB3, 23 }, // U+1EB3
    { 0x1EB4, 11 }, // U+1EB4
    { 0x1EB5, 23 }, // U+1EB5
    { 0x1EB6, 11 }, // U+1EB6
    { 0x1EB7, 23 }, // U+1EB7
    { 0x1EB8, 12 }, // U+1EB8
    { 0x1EB9, 25 }, // U+1EB9
    { 0x1EBA, 12 }, // U+1EBA
    { 0x1EBB, 25 }, // U+1EBB
    { 0x1EBC, 12 }, // U+1EBC
    { 0x1EBD, 25 }, // U+1EBD
    { 0x1EBE, 12 }, // U+1EBE
    { 0x1EBF, 25 }, // U+1EBF
    { 0x1EC0, 12 }, // U+1EC0
    { 0x1EC1, 25 }, // U+1EC1
    { 0x1EC2, 12 }, // U+1EC2
    { 0x1EC3, 25 }, // U+1EC3
    { 0x1EC4, 12 }, // U+1EC4
    { 0x1EC5, 25 }, // U+1EC5
    { 0x1EC6, 12 }, // U+1EC6
    { 0x1EC7, 25 }, // U+1EC7
    { 0x1EC9, 27 }, // U+1EC9
    { 0x1ECB, 27 }, // U+1ECB
    { 0x1ECC, 13 }, // U+1ECC
    { 0x1ECD, 25 }, // U+1ECD
    { 0x1ECE, 13 }, // U+1ECE
    { 0x1ECF, 25 }, // U+1ECF
    { 0x1ED0, 13 }, // U+1ED0
    { 0x1ED1, 25 }, // U+1ED1
    { 0x1ED2, 13 }, // U+1ED2
    { 0x1ED3, 25 }, // U+1ED3
    { 0x1ED4, 13 }, // U+1ED4
    { 0x1ED5, 25 }, // U+1ED5
    { 0x1ED6, 13 }, // U+1ED6
    { 0x1ED7, 25 }, // U+1ED7
    { 0x1ED8, 13 }, // U+1ED8
    { 0x1ED9, 25 }, // U+1ED9
    { 0x1EDA, 13 }, // U+1EDA
    { 0x1EDB, 25 }, // U+1EDB
    { 0x1EDC, 13 }, // U+1EDC
    { 0x1EDD, 25 }, // U+1EDD
    { 0x1EDE, 13 }, // U+1EDE
    { 0x1EDF, 25 }, // U+1EDF
    { 0x1EE0, 13 }, // U+1EE0
    { 0x1EE1, 25 }, // U+1EE1
    { 0x1EE2, 13 }, // U+1EE2
    { 0x1EE3, 25 }, // U+1EE3
    { 0x1EE4, 17 }, // U+1EE4
    { 0x1EE5, 30 }, // U+1EE5
    { 0x1EE6, 17 }, // U+1EE6
    { 0x1EE7, 30 }, // U+1EE7
    { 0x1EE8, 17 }, // U+1EE8
    { 0x1EE9, 30 }, // U+1EE9
    { 0x1EEA, 17 }, // U+1EEA
    { 0x1EEB, 30 }, // U+1EEB
    { 0x1EEC, 17 }, // U+1EEC
    { 0x1EED, 30 }, // U+1EED
    { 0x1EEE, 17 }, // U+1EEE
    { 0x1EEF, 30 }, // U+1EEF
    { 0x1EF0, 17 }, // U+1EF0
    { 0x1EF1, 30 }, // U+1EF1
    { 0x1EF2, 21 }, // U+1EF2
    { 0x1EF3, 34 }, // U+1EF3
    { 0x1EF4, 21 }, // U+1EF4
    { 0x1EF5, 34 }, // U+1EF5
    { 0x1EF6, 21 }, // U+1EF6
    { 0x1EF7, 34 }, // U+1EF7
    { 0x1EF8, 21 }, // U+1EF8
    { 0x1EF9, 34 }, // U+1EF9
    { 0x2018, 64 }, // U+2018
    { 0x2019, 5 }, // U+2019
    { 0x201A, 7 }, // U+201A
    { 0x201C, 64 }, // U+201C
    { 0x201D, 5 }, // U+201D
    { 0x201E, 7 }, // U+201E
    { 0x2026, 7 }, // U+2026
    { 0x2039, 36 }, // U+2039
    { 0x203A, 36 }, // U+203A
    { 0x207E, 65 }, // U+207E
    { 0x208E, 66 }, // U+208E
};

static const int8_t notoserif_18_regularKernMatrix[] = {
       0,    0,    0,    0,    0,    0,    0,    0,    0,    0,  -48,    0,    0,    0,    0,    0,    0,    0,    0,    0,    0,    0,    0,    0,  -12,  -36,    0,    0,    0,    0,    0,    0,    0,    0,    0,    0,    0,  -72,    0,    0,    0,    0,    0,    0,    0,    0,    0,    0,    0,    0,    0,    0,  -48,    0,    0,    0,    0,    0,    0,    0,    0,    0,    0,    0,    0,    0,
       0,    0,    0,    0,    0,    0,    0,    0,  -18,    0,    0,    0,    0,    0,    0,  -18,    0,  -24,  -24,    0,  -18,    0,    0,    0,    0,    0,    0,    0,    0,    0,    0,    0,    0,    0,    0,    0,    0,    0,    0,    0,    0,    0,    0,    0,    0,    0,    0,    0,    0,    0,    0,    0,    0,    0,    0,    0,    0,    0,    0,    0,    0,    0,    0,    0,    0,    0,
       0,    0,   -6,    0,    0,  -72,  -72,    0,    0,    0,  -30,    0,    0,    0,    0,    0,    0,    0,    0,    0,    0,    0,    0,    0,    0,    0,    0,    0,    0,    0,    0,    0,    0,    0,    0,    0,    0,  -48,    0,    0,    0,    0,    0,    0,    0,    0,    0,    0,    0,    0,    0,    0,  -30,    0,    0,    0,    0,    0,    0,    0,    0,    0,    0,    0,    0,    0,
       0,    0,    0,    0,    0,    0,    0,    0,  -54,    0,    0,    0,  -12,    0,    0,  -54,  -12,  -66,  -54,    0,  -48,    0,    0,    0,    0,    0,    0,    0,    0,    0,  -42,  -36,    0,  -30,    0,    0,    0,    0,    0,    0,    0,    0,    0,    0,    0,    0,    0,    0,    0,    0,    0,  -12,    0,    0,    0,    0,    0,  -54,  -42,  -48,  -30,    0,  -30,    0,    0,    0,
       0,    0,    0,    0,    0,    0,    0,    0,    0,    0,  -18,    0,    0,    0,    0,    0,    0,    0,    0,    0,   -6,    0,    0,    0,    0,    0,    0,    0,    0,    0,    0,    0,    0,    0,    0,    0,    0,    0,    0,    0,    0,    0,    0,    0,    0,    0,    0,    0,    0,    0,    0,    0,    0,    0,    0,    0,    0,    0,    0,    0,    0,    0,    0,    0,    0,    0,
       0,  -48,    0,    0,  -42,    0,    0,    0,  -36,    0,    0,    0,  -12,    0,    0,  -36,  -12,  -48,  -42,    0,  -42,    0,    0,    0,  -12,  -12,    0,    0,    0,  -12,  -36,  -18,    0,  -30,    0,    0,    0,    0,    0,    0,    0,    0,    0,    0,    0,    0,    0,    0,    0,    0,    0,    0,    0,    0,    0,    0,    0,    0,    0,    0,    0,    0,    0,  -42,    0,    0,
       0,    0,    0,    0,  -12,    0,    0,    0,  -12,    0,  -12,    0,    0,    0,    0,  -12,    0,  -24,  -18,  -12,  -24,  -12,    0,    0,    0,    0,    0,    0,    0,    0,    0,   -6,    0,  -12,    0,    0,    0,  -18,    0,    0,    0,    0,    0,    0,    0,    0,    0,    0,    0,    0,    0,    0,  -12,    0,    0,    0,    0,  -12,    0,    0,    0,    0,    0,    0,    0,    0,
       0,    0,    0,    0,    0,  -12,  -12,    0,  -12,    0,  -12,    0,    0,    0,    0,  -12,    0,  -12,  -12,  -12,  -18,    0,    0,    0,    0,    0,    0,    0,    0,    0,    0,    0,    0,    0,    0,    0,    0,  -30,    0,    0,    0,    0,    0,    0,    0,    0,    0,    0,    0,    0,    0,    0,  -12,  -12,    0,    0,    0,  -12,    0,    0,    0,    0,    0,    0,    0,    0,
       0,    0,    0,    0,    0,    0,    0,    0,    0,    0,    0,    0,    0,    0,    0,    0,    0,  -12,  -12,    0,  -12,    0,    0,    0,    0,    0,    0,    0,    0,    0,    0,    0,    0,    0,    0,    0,    0,    0,    0,    0,    0,    0,    0,    0,    0,    0,    0,    0,    0,    0,    0,    0,    0,    0,    0,    0,    0,    0,    0,    0,    0,    0,    0,    0,    0,    0,
       0,    0,  -12,    0,    0,  -72,  -72,    0,    0,  -24,  -42,    0,    0,    0,    0,    0,    0,    0,    0,    0,    0,    0,  -24,    0,  -24,  -24,    0,    0,    0,    0,    0,    0,    0,    0,    0,    0,    0,  -66,    0,    0,    0,    0,    0,    0,    0,    0,    0,    0,    0,    0,    0,    0,    0,    0,    0,    0,    0,    0,    0,    0,    0,    0,    0,    0,    0,    0,
       0,    0,    0,    0,    0,    0,    0,    0,  -12,    0,    0,    0,    0,    0,    0,  -12,    0,  -12,  -12,    0,  -12,    0,    0,    0,    0,    0,    0,    0,    0,    0,    0,    0,    0,    0,    0,    0,    0,  -12,    0,    0,    0,    0,    0,    0,    0,    0,    0,    0,    0,    0,    0,    0,    0,    0,    0,    0,    0,    0,    0,    0,    0,    0,    0,    0,    0,    0,
       0,    0,    0,    0,    0,    0,    0,    0,    0,    0,    0,    0,  -12,    0,    0,    0,    0,    0,    0,    0,    0,    0,    0,    0,  -12,  -12,    0,    0,    0,  -12,    0,  -18,    0,  -18,    0,    0,    0,    0,    0,    0,    0,    0,    0,    0,    0,    0,    0,    0,    0,    0,    0,    0,    0,    0,    0,    0,    0,    0,    0,    0,    0,    0,    0,    0,    0,    0,
       0,  -36,    0,    0,  -48,    0,    0,    0,  -42,    0,    0,    0,    0,    0,    0,  -42,    0,  -30,  -30,    0,  -36,    0,    0,    0,    0,    0,    0,    0,    0,    0,  -12,   -6,    0,  -18,    0,    0,  -12,    0,    0,    0,    0,    0,    0,    0,    0,    0,    0,    0,    0,    0,    0,    0,    0,    0,    0,    0,    0,    0,    0,    0,    0,    0,    0,  -48,    0,    0,
       0,    0,    0,    0,    0,    0,    0,    0,    0,    0,    0,    0,    0,    0,    0,    0,    0,    0,    0,    0,    0,    0,    0,    0,    0,    0,    0,    0,    0,    0,    0,    0,    0,    0,    0,   -6,    0,    0,    0,    0,    0,    0,    0,    0,    0,    0,    0,    0,    0,    0,    0,    0,    0,    0,    0,    0,    0,    0,    0,    0,    0,    0,    0,    0,    0,    0,
       0,    0,    0,    0,  -12,    0,    0,    0,  -12,    0,    0,    0,  -12,    0,    0,  -12,   -6,  -18,  -18,    0,  -18,    0,    0,    0,    0,    0,    0,    0,    0,    0,   -6,   -6,    0,  -12,    0,    0,    0,    0,    0,    0,    0,    0,    0,    0,    0,    0,    0,    0,    0,    0,    0,    0,    0,    0,    0,    0,    0,    0,    0,    0,    0,    0,    0,    0,    0,    0,
       0,    0,    0,    0,    0,    0,    0,    0,  -12,    0,  -12,    0,    0,    0,    0,  -12,    0,  -12,  -12,  -12,  -12,    0,    0,    0,    0,    0,    0,    0,    0,    0,    0,   -6,    0,  -12,    0,    0,    0,  -12,    0,    0,    0,    0,    0,    0,    0,    0,    0,    0,    0,    0,    0,    0,  -12,    0,    0,    0,    0,  -12,    0,    0,    0,    0,    0,    0,    0,    0,
       0,    0,   -6,    0,    0,  -54,  -54,    0,    0,  -18,  -36,    0,  -12,    0,    0,    0,    0,    0,    0,    0,    0,    0,  -18,    0,  -30,  -30,    0,   -3,    0,    0,    0,    0,    0,    0,    0,    0,    0,  -48,    0,    0,    0,    0,    0,    0,    0,    0,    0,    0,    0,    0,    0,    0,    0,    0,    0,    0,    0,    0,    0,    0,    0,    0,    0,    0,    0,    0,
       0,    0,    0,    0,    0,  -12,  -12,    0,    0,   -6,  -12,    0,    0,    0,    0,    0,    0,    0,    0,    0,    0,    0,    0,    0,    0,    0,    0,    0,    0,    0,    0,    0,    0,    0,    0,    0,    0,  -24,    0,    0,    0,    0,    0,    0,    0,    0,    0,    0,    0,    0,    0,    0,    0,    0,    0,    0,    0,    0,    0,    0,    0,    0,    0,    0,    0,    0,
       0,    0,  -18,    0,    0,  -66,  -66,    0,    0,  -30,  -48,    0,  -12,    0,    0,    0,    0,    0,    0,    0,    0,    0,  -36,    0,  -36,  -36,    0,  -24,    0,    0,    0,    0,    0,    0,    0,    0,    0,  -78,    0,    0,    0,    0,    0,    0,    0,    0,    0,    0,    0,    0,    0,    0,  -48,    0,    0,    0,    0,    0,    0,    0,    0,    0,    0,    0,    0,    0,
       0,    0,    0,    0,    0,  -54,  -54,    0,    0,  -30,  -42,    0,  -12,    0,    0,    0,    0,    0,    0,    0,    0,    0,  -42,    0,  -36,  -36,    0,  -30,    0,    0,    0,    0,    0,    0,  -18,    0,    0,  -78,    0,    0,    0,    0,    0,    0,    0,    0,    0,    0,    0,    0,    0,    0,    0,    0,    0,    0,    0,    0,    0,    0,    0,    0,    0,    0,    0,    0,
       0,    0,    0,    0,    0,    0,    0,    0,    0,    0,    0,    0,  -12,    0,   -6,    0,    0,    0,    0,    0,    0,    0,    0,    0,    0,    0,    0,    0,    0,    0,    0,  -18,    0,  -30,    0,    0,    0,    0,    0,    0,    0,    0,    0,    0,    0,    0,    0,    0,    0,    0,    0,    0,    0,    0,    0,    0,    0,    0,    0,    0,    0,    0,    0,    0,    0,    0,
       0,    0,   -6,    0,    0,  -48,  -48,    0,    0,  -24,  -42,    0,  -18,    0,  -12,    0,    0,    0,    0,    0,    0,    0,  -36,    0,  -42,  -42,    0,  -36,    0,    0,    0,    0,    0,    0,  -12,    0,    0,  -54,    0,    0,    0,    0,    0,    0,    0,    0,    0,    0,    0,    0,    0,    0,  -42,    0,    0,    0,    0,    0,    0,    0,    0,    0,    0,    0,    0,    0,
       0,  -24,    0,    0,    0,    0,    0,    0,    0,    0,    0,    0,    0,    0,    0,    0,    0,    0,    0,    0,    0,    0,    0,    0,    0,    0,    0,    0,    0,    0,    0,    0,    0,  -12,    0,    0,    0,    0,    0,    0,    0,    0,    0,    0,    0,    0,    0,    0,    0,    0,    0,    0,    0,    0,    0,    0,    0,    0,    0,  -18,  -12,    0,  -12,    0,    0,    0,
       0,    0,    0,    0,    0,    0,    0,    0,    0,    0,    0,    0,    0,    0,    0,    0,    0,  -36,  -36,    0,  -42,    0,    0,    0,    0,    0,    0,    0,    0,    0,    0,    0,    0,  -12,    0,    0,    0,    0,    0,    0,    0,    0,    0,    0,    0,    0,    0,    0,    0,    0,    0,    0,    0,    0,    0,    0,    0,    0,    0,  -18,    0,    0,  -12,    0,    0,    0,
       0,    0,    0,    0,    0,    0,    0,    0,    0,    0,    0,    0,    0,    0,    0,    0,    0,  -36,  -36,    0,  -36,    0,    0,    0,    0,    0,    0,    0,    0,    0,    0,    0,    0,    0,    0,    0,    0,    0,    0,    0,    0,    0,    0,    0,    0,    0,    0,    0,    0,    0,    0,    0,    0,    0,    0,    0,    0,    0,    0,    0,    0,    0,    0,    0,    0,    0,
       0,   48,    0,   54,   48,    0,    0,    0,    0,    0,    0,    0,    0,    0,    0,    0,    0,    0,    0,    0,    0,    0,    0,    0,    0,    0,    0,    0,    0,    0,    0,    0,    0,    0,    0,    0,    0,    0,   24,   24,    0,    0,    0,    0,    0,    0,    0,    0,    0,    0,    0,    0,    0,    0,    0,    0,    0,    0,    0,    0,    0,    0,    0,    0,    0,    0,
       0,    0,    0,    0,    0,    0,    0,    0,    0,    0,    0,    0,    0,    0,    0,    0,    0,    0,  -12,    0,    0,    0,    0,    0,    0,    0,    0,    0,    0,    0,    0,    0,    0,    0,    0,    0,    0,    0,    0,    0,    0,    0,    0,    0,    0,    0,    0,    0,    0,    0,    0,    0,    0,    0,    0,    0,    0,    0,    0,    0,    0,    0,    0,    0,    0,    0,
       0,    0,    0,    0,    0,    0,    0,    0,    0,    0,    0,    0,    0,    0,    0,    0,    0,    0,    0,    0,    0,    0,    0,    0,  -12,  -12,    0,    0,    0,    0,    0,    0,    0,    0,    0,    0,    0,    0,    0,    0,    0,    0,    0,    0,    0,    0,    0,    0,    0,    0,    0,    0,    0,    0,    0,    0,    0,    0,    0,    0,    0,    0,    0,    0,    0,    0,
       0,    0,    0,    0,   18,  -78,  -78,    0,    0,    0,    0,    0,    0,    0,    0,    0,    0,    0,    0,    0,    0,    0,  -12,    0,    0,    0,    0,    0,    0,    0,    0,    0,    0,    0,    0,    0,    0,    0,    0,    0,    0,    0,    0,    0,    0,    0,    0,    0,    0,    0,    0,    0,    0,    0,    0,    0,    0,    0,    0,    0,    0,    0,    0,    0,    0,    0,
       0,    0,    0,    0,    0,    0,    0,    0,    0,    0,    0,    0,    0,    0,    0,    0,    0,    0,    0,    0,  -36,    0,    0,    0,    0,    0,    0,    0,    0,    0,    0,    0,    0,    0,    0,    0,    0,    0,    0,    0,    0,    0,    0,    0,    0,    0,    0,    0,    0,    0,    0,    0,    0,    0,    0,    0,    0,    0,    0,  -12,    0,    0,    0,    0,    0,    0,
       0,    0,    0,    0,    0,  -30,  -42,    0,    0,    0,  -36,    0,    0,    0,    0,    0,    0,    0,    0,    0,    0,    0,    0,    0,    0,    0,    0,    0,    0,    0,    0,    0,    0,    0,    0,    0,    0,    0,    0,    0,    0,    0,    0,    0,    0,    0,    0,    0,    0,    0,    0,    0,    0,    0,    0,    0,    0,    0,    0,    0,    0,    0,    0,    0,    0,    0,
       0,    0,    0,    0,    0,  -42,  -42,    0,    0,    0,  -18,    0,    0,    0,    0,    0,    0,    0,    0,    0,    0,    0,    0,    0,    0,    0,    0,    0,    0,    0,    0,    0,    0,    0,    0,    0,    0,    0,    0,    0,    0,    0,    0,    0,    0,    0,    0,    0,    0,    0,    0,    0,    0,    0,    0,    0,    0,    0,    0,    0,    0,    0,    0,    0,    0,    0,
       0,    0,    0,    0,    0,  -54,  -54,    0,    0,    0,  -30,    0,    0,    0,    0,    0,    0,    0,    0,    0,    0,    0,    0,    0,    0,    0,    0,    0,    0,    0,    0,    0,    0,    0,    0,    0,    0,    0,    0,    0,    0,    0,    0,    0,    0,    0,    0,    0,    0,    0,    0,    0,    0,    0,    0,    0,    0,    0,    0,    0,    0,    0,    0,    0,    0,    0,
       0,    0,    0,    0,    0,    0,    0,    0,    0,    0,    0,    0,    0,    0,    0,    0,    0,  -18,  -12,    0,  -18,    0,    0,    0,    0,    0,    0,    0,    0,    0,    0,    0,    0,    0,    0,    0,    0,    0,    0,    0,    0,    0,    0,    0,    0,    0,    0,    0,    0,    0,    0,    0,    0,    0,    0,    0,    0,    0,    0,    0,    0,    0,    0,    0,    0,    0,
       0,    0,    0,    0,    0,    0,    0,    0,  -12,    0,    0,    0,    0,    0,    0,  -12,    0,  -30,  -30,    0,  -30,    0,    0,    0,    0,    0,    0,    0,    0,    0,    0,    0,    0,    0,    0,    0,    0,    0,    0,    0,    0,    0,    0,    0,    0,    0,    0,    0,    0,    0,    0,    0,    0,    0,    0,    0,    0,    0,    0,    0,    0,    0,    0,    0,    0,    0,
       0,  -48,    0,    0,  -42,    0,    0,    0,  -36,    0,    0,    0,  -12,    0,    0,  -36,  -12,  -48,  -42,    0,  -42,    0,    0,    0,  -12,  -12,    0,    0,    0,  -12,  -30,  -18,    0,  -30,    0,    0,    0,    0,    0,    0,    0,    0,    0,    0,    0,    0,    0,    0,    0,    0,    0,    0,    0,    0,    0,    0,    0,    0,    0,    0,    0,    0,    0,  -42,    0,    0,
      12,   30,    0,   48,   24,    0,    0,    0,   66,    0,    0,   30,    0,   36,    0,   30,   42,   48,   42,   42,   60,   24,    0,   54,    0,    0,    0,    0,    0,    0,    0,    0,    0,    0,    0,    0,    0,    0,    0,    0,    0,    0,    0,    0,    0,    0,    0,    0,    0,    0,    0,    0,    0,    0,    0,    0,    0,    0,    0,    0,    0,    0,    0,    6,    0,    0,
       0,    0,    0,    0,    0,    0,    0,    0,    0,    0,    0,    0,    0,    0,    0,    0,    0,    0,    0,    0,    0,    0,    0,    0,    0,    0,    0,    0,    0,    0,    0,    0,    0,    0,    0,    0,    0,    0,    0,   36,    0,    0,    0,    0,    0,    0,    0,    0,    0,    0,    0,    0,    0,    0,    0,    0,    0,    0,    0,    0,    0,    0,    0,    0,    0,    0,
       0,   12,    0,   30,    0,    0,    0,    0,   12,    0,    0,    0,    0,    0,    0,    0,    0,    0,    0,    0,    0,    0,    0,   24,    0,    0,    0,    0,    0,    0,    0,    0,    0,    0,    0,    0,    0,    0,    0,    0,    0,    0,    0,    0,    0,    0,    0,    0,    0,    0,    0,    0,    0,    0,    0,    0,    0,    0,    0,    0,    0,    0,    0,    0,    0,    0,
       0,    0,    0,    0,    0,  -12,  -12,   -6,   12,    0,  -24,    0,    0,    0,    0,   12,    0,   12,   12,    0,   12,    0,  -12,    0,  -12,  -12,   -6,  -12,   -6,    0,  -12,  -12,  -12,  -12,    0,    0,    0,    0,    0,    0,    0,    0,    0,    0,    0,    0,    0,    0,    0,    0,    0,    0,    0,    0,    0,    0,    0,    0,    0,    0,    0,    0,    0,    0,    0,    0,
       0,    0,    0,    0,   12,  -12,  -12,    0,    0,    0,    0,    0,    0,    0,    0,    0,    0,    0,    0,    0,    0,    0,    0,    0,    0,    0,   12,    0,   18,   12,   18,   18,    0,   18,    0,    0,    0,    0,    0,    0,    0,    0,    0,    0,    0,    0,    0,    0,    0,    0,    0,    0,    0,    0,    0,    0,    0,    0,    0,    0,    0,    0,    0,    0,    0,    0,
       0,    0,    0,    0,    0,  -12,  -12,   -6,    0,    0,  -36,    0,  -12,    0,    0,    0,    0,    0,    0,    0,    0,    0,  -30,    0,  -30,  -30,  -18,  -36,   -6,  -18,  -12,  -12,    0,  -12,  -18,    0,    0,    0,    0,    0,    0,    0,    0,    0,    0,    0,    0,    0,    0,    0,    0,    0,    0,    0,    0,    0,    0,    0,    0,    0,    0,    0,    0,    0,    0,    0,
       0,    0,    0,    0,   12,   -6,   -6,    0,    0,    0,    0,    0,    0,    0,    0,    0,    0,    0,    0,    0,    0,    0,    0,    0,    0,    0,   12,    0,   18,    0,   18,    0,    0,    0,    0,    0,    0,    0,    0,    0,    0,    0,    0,    0,    0,    0,    0,    0,    0,    0,    0,    0,    0,    0,    0,    0,    0,    0,    0,    0,    0,    0,    0,    0,    0,    0,
       0,  -24,    0,    0,    0,    0,    0,    0,   -6,    0,    0,    0,    0,    0,    0,   -6,    0,    0,    0,    0,    0,    0,    0,    0,    0,    0,    0,    0,    0,    0,    0,    0,    0,    0,    0,    0,    0,    0,    0,    0,    0,    0,  -24,    0,    0,   -6,  -24,  -18,    0,    0,    0,    0,    0,    0,    0,    0,    0,  -18,    0,    0,    0,    0,    0,  -30,    0,    0,
       0,    0,    0,    0,    0,    0,    0,    0,    0,    0,    0,    0,    0,    0,    0,    0,    0,    0,    0,    0,    0,    0,    0,    0,    0,    0,    0,    0,    0,    0,    0,    0,    0,    0,    0,    0,    0,    0,    0,    0,    0,    0,    0,    0,    0,    0,    0,    0,    0,    0,    0,    0,    0,    0,    0,    0,    0,  -18,    0,    0,    0,    0,    0,    0,    0,    0,
       0,    0,    0,    0,    0,    0,    0,    0,    0,    0,    0,    0,    0,    0,    0,    0,    0,    0,    0,    0,    0,    0,    0,    0,    0,    0,    0,    0,    0,    0,    0,    0,    0,    0,    0,    0,    0,    0,    0,    0,    0,    0,    0,    0,    0,    0,    0,    0,  -33,  -18,    1,    0,    0,    0,    0,    0,    0,    0,    0,    0,    0,    0,    0,    0,    0,    0,
       0,    0,    0,    0,    0,    0,    0,    0,    0,    0,    0,    0,    0,    0,    0,    0,    0,    0,    0,    0,    0,    0,    0,    0,    0,    0,    0,    0,    0,    0,    0,    0,    0,    0,    0,    0,    0,    0,    0,    0,  -12,   -6,    0,    0,    0,    0,    0,    0,    0,    0,    0,    0,    0,    0,    0,    0,    0,  -18,    0,  -18,   -6,    0,    0,    0,    0,    0,
       0,    0,    0,    0,    0,    0,    0,    0,    0,    0,    0,    0,    0,    0,    0,    0,    0,    0,    0,    0,    0,    0,    0,    0,    0,    0,    0,    0,    0,    0,    0,    0,    0,    0,    0,    0,    0,    0,    0,    0,    0,    0,    0,    0,    0,    0,    0,    0,    0,    0,    0,    0,    0,    0,    0,    0,    0,  -18,    0,  -18,   -6,    0,    0,    0,    0,    0,
       0,    0,    0,    0,    0,    0,    0,    0,    0,    0,    0,    0,    0,    0,    0,    0,    0,    0,    0,    0,    0,    0,    0,    0,    0,    0,    0,    0,    0,    0,    0,    0,    0,    0,    0,    0,    0,    0,    0,    0,    0,    0,  -18,    0,    0,    0,    0,    0,    0,    0,    0,    0,    0,    0,    0,    0,    0,  -18,    0,  -18,   -6,    0,    0,    0,    0,    0,
       0,    0,    0,    0,    0,    0,    0,    0,    0,    0,    0,    0,    0,    0,    0,    0,    0,    0,    0,    0,    0,    0,    0,    0,    0,    0,    0,    0,    0,    0,    0,    0,    0,    0,    0,    0,    0,    0,    0,    0,    0,    0,   -6,    0,    0,    0,    0,    0,    0,    0,    0,    0,    0,    0,    0,    0,    0,    0,    0,    0,    0,    0,    0,   -6,    0,    0,
       0,    0,    0,    0,    0,  -12,  -12,    0,    0,    0,    0,    0,    0,    0,    0,    0,    0,    0,    0,    0,    0,    0,    0,    0,    0,    0,    0,    0,    0,    0,    0,    0,    0,    0,    0,    0,    0,  -30,    0,    0,    0,    0,    0,    0,    0,    0,    0,    0,    0,    0,    0,    0,  -12,  -12,    0,    0,    0,  -12,    0,  -12,    0,    0,    0,    0,    0,    0,
       0,  -18,    0,    0,  -30,    0,    0,    0,    0,    0,    0,    0,    0,    0,    0,    0,    0,    0,    0,    0,    0,    0,    0,    0,    0,    0,    0,    0,    0,    0,    0,    0,    0,    0,    0,    0,    0,    0,    0,    0,    0,    0,    0,    0,    0,    0,    0,    0,    0,    0,    0,    0,    0,    0,    0,    0,    0,  -18,    0,  -18,  -12,    0,    0,  -18,    0,    0,
       0,    0,    0,    0,    0,    0,    0,    0,    0,    0,    0,    0,    0,    0,    0,    0,    0,    0,    0,    0,    0,    0,    0,    0,    0,    0,    0,    0,    0,    0,    0,    0,    0,    0,    0,    0,    0,    0,    0,    0,    0,    0,    0,    0,    0,    0,    0,    0,    0,    0,    0,    0,    0,    0,    0,    0,    0,    0,    0,  -18,    0,    0,    0,    0,    0,    0,
       0,  -48,    0,    0,  -42,    0,    0,    0,  -36,    0,    0,    0,  -12,    0,    0,  -36,    0,  -48,    0,    0,  -42,    0,    0,    0,  -12,  -12,    0,    0,    0,  -12,    0,  -18,    0,  -30,    0,    0,    0,    0,    0,    0,    0,    0,    0,    0,    0,    0,    0,    0,    0,    0,    0,  -12,    0,    0,    0,    0,    0,  -36,  -24,  -54,  -24,    0,    0,  -42,    0,    0,
       0,    0,    0,    0,    0,    0,    0,    0,    0,    0,    0,    0,  -12,    0,    0,    0,    0,    0,    0,    0,    0,    0,    0,    0,  -12,  -12,    0,    0,    0,  -12,    0,  -18,    0,  -18,    0,    0,    0,    0,    0,    0,    0,    0,    0,    0,  -12,    0,    0,    0,    0,    0,    0,  -12,    0,    0,  -12,  -12,    0,    0,  -18,  -12,  -12,    0,  -12,    0,    0,    0,
       0,    0,    0,    0,    0,  -12,  -12,    0,    0,    0,    0,    0,    0,    0,    0,    0,    0,    0,    0,    0,    0,    0,    0,    0,    0,    0,    0,    0,    0,    0,    0,   -6,    0,  -12,    0,    0,    0,  -18,    0,    0,    0,    0,    0,    0,    0,    0,    0,    0,    0,    0,    0,    0,  -12,  -12,    0,    0,    0,    0,  -12,  -24,    0,    0,    0,    0,    0,    0,
       0,    0,    0,    0,    0,  -60,  -60,    0,    0,    0,    0,    0,  -12,    0,    0,    0,    0,    0,    0,    0,    0,    0,  -36,    0,  -36,  -36,    0,  -24,    0,    0,    0,    0,    0,    0,    0,    0,    0,  -78,    0,    0,    0,    0,    0,    0,    0,    0,    0,    0,    0,    0,    0,  -12,  -60,    0,  -12,  -24,  -18,    0,    0,    0,    0,  -24,    0,    0,    0,    0,
       0,    0,    0,    0,    0,  -54,  -54,    0,    0,    0,    0,    0,    0,    0,    0,    0,    0,    0,    0,    0,    0,    0,    0,    0,    0,    0,    0,    0,    0,    0,    0,    0,    0,    0,    0,    0,    0,    0,    0,    0,    0,    0,    0,    0,    0,    0,    0,    0,    0,    0,    0,    0,    0,    0,    0,    0,    0,    0,    0,    0,    0,    0,    0,    0,    0,    0,
       0,    0,    0,    0,    0,  -72,  -72,    0,    0,    0,    0,    0,    0,    0,    0,    0,    0,    0,    0,    0,    0,    0,    0,    0,    0,    0,    0,    0,    0,    0,    0,    0,    0,    0,    0,    0,    0,  -48,    0,    0,    0,    0,    0,    0,    0,    0,    0,    0,    0,    0,    0,    0,  -30,    0,    0,    0,    0,    0,    0,    0,    0,    0,    0,    0,    0,    0,
       0,    0,    0,    0,    0,  -54,  -54,    0,    0,    0,    0,    0,  -12,    0,    0,    0,    0,    0,    0,    0,    0,    0,  -18,    0,  -18,  -18,    0,   -6,    0,    0,    0,    0,    0,    0,    0,    0,    0,  -48,    0,    0,    0,    0,    0,  -12,    0,    0,    0,    0,    0,    0,    0,  -12,  -36,    0,    0,  -18,  -18,    0,    0,    0,    0,  -18,    0,    0,    0,    0,
       0,    0,    0,    0,   18,  -42,  -42,    0,    0,    0,    0,    0,    0,    0,    0,    0,    0,    0,    0,    0,    0,    0,    0,    0,    0,    0,    0,    0,    0,    0,    0,    0,    0,    0,    0,    0,    0,    0,    0,    0,    0,    0,    0,    0,    0,    0,    0,    0,    0,    0,    0,    0,  -18,    0,    0,    0,    0,    0,    0,    0,    0,    0,    0,    0,    0,    0,
       0,  -36,    0,    0,  -42,    0,    0,    0,  -42,    0,    0,    0,    0,    0,    0,  -42,    0,    0,    0,    0,    0,    0,    0,    0,    0,    0,    0,    0,    0,    0,    0,    0,    0,    0,    0,    0,    0,    0,    0,    0,    0,    0,    0,    0,    0,    0,    0,    0,    0,    0,    0,    0,    0,    0,    0,    0,    0,  -42,    0,  -42,    0,    0,  -18,    0,    0,    0,
       0,    0,    0,    0,    0,    0,    0,    0,    0,    0,    0,    0,    0,    0,    0,    0,    0,    0,    0,    0,    0,    0,    0,    0,  -12,  -12,    0,    0,    0,    0,    0,    0,    0,    0,    0,    0,    0,    0,    0,    0,    0,    0,    0,    0,    0,    0,    0,    0,    0,    0,    0,    0,    0,    0,    0,  -12,    0,    0,    0,    0,    0,  -12,    0,    0,    0,    0,
       0,    0,    0,   12,    0,    0,    0,    0,    0,    0,    0,    0,    0,    0,    0,    0,    0,    0,    0,    0,    0,    0,    0,    0,    0,    0,    0,    0,    0,    0,    0,    0,    0,    0,    0,    0,    0,    0,    0,    0,    0,    0,    0,    0,    0,    0,    0,    0,    0,    0,    0,    0,    0,    0,    0,    0,    0,    0,    0,    0,    0,    0,    0,    0,    0,    0,
       0,    0,    0,    0,    0,    0,    0,    0,    0,    0,    0,    0,  -12,    0,    0,    0,    0,    0,    0,    0,    0,    0,    0,    0,  -12,  -12,    0,    0,    0,  -12,    0,  -18,    0,  -30,    0,    0,    0,    0,    0,    0,    0,    0,    0,    0,    0,    0,    0,    0,    0,    0,    0,  -12,    0,    0,  -12,    0,    0,    0,  -24,  -12,    0,    0,  -18,    0,    0,    0,
       0,    0,    0,    0,    0,    0,    0,    0,    0,    0,    0,    0,    0,    0,    0,    0,    0,    0,    0,    0,    0,    0,    0,    0,    0,    0,    0,    0,    0,    0,    0,    0,    0,    0,    0,    0,    0,    0,    0,    0,    0,    0,    0,    0,    0,    0,    0,    0,    0,    0,    0,    0,    0,    0,    0,    0,    0,    0,  -12,    0,    0,    0,    0,    0,    0,    0,
       0,    0,    0,    0,    0,    0,    0,    0,    0,    0,  -42,    0,    0,    0,    0,    0,    0,    0,    0,    0,    0,    0,    0,    0,    0,    0,    0,    0,    0,    0,    0,    0,    0,    0,    0,    0,    0,  -84,    0,    0,    0,    0,    0,    0,    0,    0,    0,    0,    0,    0,    0,    0,  -42,    0,    0,    0,    0,    0,    0,    0,    0,    0,    0,    0,    0,    0,
       0,    0,    0,    0,    0,    0,    0,    0,    0,    0,  -60,    0,  -12,    0,    0,    0,    0,    0,    0,    0,    0,    0,  -18,    0,  -24,  -24,    0,  -30,    0,    0,    0,    0,    0,    0,    0,    0,    0,    0,    0,    6,    0,    0,    0,    0,    0,    0,    0,    0,    0,    0,    0,    0,    0,    0,    0,    0,    0,    0,    0,    0,    0,    0,    0,    0,    0,    0,
       0,    0,    0,    0,    0,    0,    0,    0,    0,    0,    0,    0,    0,    0,    0,    0,    0,    0,    0,    0,    0,    0,    0,    0,    0,    0,    0,    0,    0,    0,    0,    0,    0,    0,    0,    0,    0,    0,    0,    0,    0,    0,    0,    0,    0,    0,    0,    0,    0,    0,    0,    0,    0,    0,    0,    0,    0,    0,    0,    0,    0,    0,    0,    0,   30,    0,
       0,    0,    0,    0,    0,    0,    0,    0,    0,    0,    0,    0,    0,    0,    0,    0,    0,    0,    0,    0,    0,    0,    0,    0,    0,    0,    0,    0,    0,    0,    0,    0,    0,    0,    0,    0,    0,    0,    0,    0,    0,    0,    0,    0,    0,    0,    0,    0,    0,    0,    0,    0,    0,    0,    0,    0,    0,    0,    0,    0,    0,    0,    0,    0,    0,   30,
};

static const EpdLigaturePair notoserif_18_regularLigaturePairs[] = {
    { 0x00660066, 0xFB00 }, // f f -> U+FB00
    { 0x00660069, 0xFB01 }, // f i -> U+FB01
    { 0x0066006C, 0xFB02 }, // f l -> U+FB02
    { 0xFB000069, 0xFB03 }, // U+FB00 i -> U+FB03
    { 0xFB00006C, 0xFB04 }, // U+FB00 l -> U+FB04
};

static const EpdFontData notoserif_18_regular = {
    notoserif_18_regularBitmaps,
    notoserif_18_regularGlyphs,
    notoserif_18_regularIntervals,
    20,
    51,
    41,
    -11,
    true,
    notoserif_18_regularGroups,
    13,
    nullptr,
    notoserif_18_regularKernLeftClasses,
    notoserif_18_regularKernRightClasses,
    notoserif_18_regularKernMatrix,
    381,
    449,
    70,
    66,
    notoserif_18_regularLigaturePairs,
    5,
};
