/**
 * generated by fontconvert.py
 * name: notoserif_14_italic
 * size: 14
 * mode: 2-bit  compressed: true
 * Command used: fontconvert.py notoserif_14_italic 14 ../builtinFonts/source/NotoSerif/NotoSerif-Italic.ttf --2bit --compress --pnum --force-autohint
 */
#pragma once
#include "EpdFontData.h"

static const uint8_t notoserif_14_italicBitmaps[37741] = {
    0x95, 0x59, 0x3F, 0x8C, 0xDC, 0xD8, 0x79, 0xFF, 0x48, 0x26, 0x62, 0x20, 0xE2, 0xF4, 0x54, 0xD8,
    0xB1, 0x1D, 0x9D, 0x96, 0xCD, 0xA5, 0x91, 0x56, 0x4B, 0x17, 0x2A, 0x16, 0x87, 0x99, 0x21, 0x7D,
    0x57, 0xB8, 0xB8, 0xE6, 0x9A, 0x0B, 0x90, 0x2A, 0x4D, 0x0A, 0xC3, 0x41, 0xB0, 0x2A, 0x54, 0x08,
    0xB0, 0x76, 0x86, 0xF0, 0x15, 0x2E, 0x5C, 0x64, 0x8B, 0x1C, 0x5C, 0x46, 0x85, 0x8B, 0xCB, 0xCA,
    0xCE, 0x2E, 0x02, 0x15, 0x42, 0x30, 0x3B, 0x64, 0x7C, 0x45, 0xBA, 0x1C, 0x1D, 0xC3, 0x09, 0x60,
    0x24, 0x31, 0x81, 0x93, 0x7D, 0xF0, 0xEE, 0xD9, 0x47, 0xDB, 0xB4, 0x8F, 0xB7, 0xC7, 0x19, 0xFA,
    0xF7, 0xFB, 0x1E, 0x67, 0x76, 0x76, 0x25, 0x21, 0xCA, 0x68, 0xF8, 0x66, 0xC5, 0xE1, 0x7B, 0xEF,
    0xFB, 0xF3, 0xFB, 0xBE, 0xEF, 0xF7, 0xBD, 0x91, 0x89, 0x08, 0xDE, 0x33, 0x91, 0x23, 0x91, 0x56,
    0xA4, 0x11, 0xA9, 0xC5, 0xA9, 0xF8, 0x76, 0x4B, 0xF1, 0x0A, 0xF1, 0x72, 0x7D, 0xA7, 0xE2, 0x4B,
    0xFF, 0x0A, 0x45, 0xE2, 0x84, 0xEF, 0x2D, 0x91, 0xE8, 0xF5, 0x2A, 0xF2, 0x8A, 0x91, 0x9F, 0x0F,
    0xFD, 0x7C, 0xE0, 0x27, 0xDB, 0x81, 0xDC, 0x0E, 0x44, 0x9C, 0x62, 0x53, 0xC4, 0xCD, 0x07, 0x82,
    0xA9, 0xDB, 0x18, 0xD2, 0xBB, 0x22, 0x81, 0x1C, 0x8A, 0x18, 0xA9, 0xC4, 0xEF, 0xBA, 0x2E, 0xB9,
    0x94, 0x3D, 0x3C, 0x15, 0xD9, 0xC4, 0xCA, 0x32, 0xC0, 0xDA, 0xB2, 0xED, 0x27, 0x22, 0x87, 0x98,
    0x2A, 0x95, 0x11, 0xB9, 0x71, 0x7A, 0xF0, 0x5D, 0x99, 0x74, 0x5D, 0x83, 0xF9, 0x83, 0x7E, 0xBE,
    0x9F, 0x1C, 0x72, 0x91, 0x8A, 0x8B, 0x94, 0x22, 0x57, 0x9C, 0x82, 0xB2, 0x5C, 0xC6, 0x75, 0x05,
    0x1B, 0x1E, 0xEC, 0x49, 0xB8, 0x68, 0x65, 0xBC, 0xB9, 0x2B, 0xED, 0xF6, 0x50, 0x9A, 0xDB, 0x03,
    0x69, 0xEE, 0x40, 0x21, 0x5C, 0x33, 0xCC, 0x8B, 0x31, 0xC3, 0xCC, 0x21, 0x53, 0x97, 0x8A, 0xFB,
    0x53, 0x28, 0xF5, 0xAD, 0x6A, 0xD3, 0x7B, 0xBB, 0x1A, 0x78, 0xAF, 0x57, 0x63, 0xDF, 0x2B, 0xE3,
    0x20, 0xC8, 0xC3, 0x8F, 0x27, 0xF8, 0x1A, 0xEA, 0x5F, 0xC7, 0x92, 0x2F, 0xE3, 0x82, 0x0A, 0xF2,
    0x39, 0x5C, 0x93, 0x02, 0x3B, 0x3A, 0xA7, 0x15, 0xD4, 0xF5, 0xF3, 0x46, 0x06, 0x62, 0x92, 0x29,
    0xC4, 0x08, 0x65, 0xEA, 0x16, 0xB8, 0x37, 0xF5, 0x73, 0x19, 0xCA, 0x63, 0x48, 0x3D, 0x94, 0xFA,
    0x16, 0xD4, 0x71, 0xAA, 0x7B, 0x61, 0x39, 0x74, 0xCB, 0xEA, 0xF1, 0xFD, 0x91, 0xFF, 0xDE, 0x0F,
    0xAB, 0x61, 0x78, 0xF0, 0xC6, 0xDB, 0xC5, 0x96, 0xDF, 0x18, 0x3F, 0x8F, 0xF0, 0xBD, 0x49, 0x31,
    0x3E, 0x36, 0xC9, 0x08, 0x36, 0x36, 0x98, 0xE4, 0xE5, 0x46, 0xEE, 0x4B, 0x90, 0x18, 0xD8, 0x3E,
    0x14, 0xF3, 0x5A, 0x85, 0x2D, 0xFC, 0x93, 0x9C, 0x6E, 0x58, 0x40, 0xB3, 0x0C, 0xA2, 0x8B, 0x39,
    0x86, 0x6B, 0x60, 0xF2, 0x11, 0xC6, 0x91, 0xC4, 0x6B, 0xE3, 0x90, 0xF7, 0xE5, 0x31, 0xDD, 0xE2,
    0xEF, 0xF1, 0xC9, 0xC6, 0xE9, 0x72, 0xC9, 0x2A, 0x77, 0x91, 0x04, 0xBF, 0x6F, 0xBC, 0x52, 0xA2,
    0x74, 0x0E, 0x2B, 0x8F, 0x25, 0x86, 0x85, 0xA7, 0x12, 0xBD, 0x4F, 0x2F, 0x9B, 0x5F, 0x72, 0xF4,
    0x5A, 0x8E, 0x4E, 0x4B, 0xD7, 0xBB, 0x0B, 0x2E, 0x13, 0x64, 0x89, 0x84, 0xC7, 0xF3, 0xB0, 0x81,
    0x25, 0x8A, 0xA0, 0xC5, 0x9D, 0x18, 0x5B, 0x0C, 0xF0, 0x6F, 0x5B, 0xEE, 0x58, 0xE7, 0xDF, 0x13,
    0xAC, 0x19, 0xA6, 0xB8, 0x8D, 0xB9, 0x2E, 0xBC, 0x59, 0x8A, 0xC9, 0x25, 0xCC, 0x25, 0x4A, 0x28,
    0x11, 0xDE, 0x63, 0x85, 0xD2, 0x54, 0xD1, 0xD4, 0xEA, 0x1F, 0x78, 0xDF, 0xA7, 0x79, 0x38, 0x09,
    0xE0, 0x09, 0x52, 0x42, 0x4B, 0xDE, 0xD4, 0xF5, 0x5E, 0x82, 0xC8, 0x09, 0x71, 0x06, 0xC0, 0x41,
    0xE5, 0xFE, 0xF1, 0xF5, 0x77, 0xDB, 0xBF, 0x1D, 0x48, 0x55, 0x8B, 0xB7, 0xDA, 0x32, 0xE5, 0x66,
    0x47, 0xE2, 0xD4, 0xE2, 0x17, 0x02, 0x93, 0xFE, 0x75, 0x0F, 0xCF, 0x20, 0x97, 0x97, 0x82, 0x44,
    0xA2, 0x37, 0x80, 0x99, 0x9F, 0x5C, 0x4B, 0x24, 0xEB, 0xD2, 0xBF, 0xE9, 0xDE, 0x91, 0xC9, 0x41,
    0x21, 0xAF, 0x6C, 0x02, 0x03, 0x03, 0x4C, 0xBB, 0xF7, 0x27, 0xD4, 0xA4, 0x7F, 0xFE, 0xD9, 0x57,
    0xDC, 0x75, 0xC5, 0x8D, 0x83, 0xFD, 0xF4, 0x59, 0xDF, 0xC1, 0x85, 0x45, 0x58, 0xF8, 0x85, 0x97,
    0x7B, 0xC9, 0x96, 0x3C, 0xB0, 0xEB, 0x4C, 0xBA, 0x64, 0xD2, 0x41, 0xBF, 0x38, 0x89, 0x71, 0x93,
    0x48, 0x66, 0x20, 0x30, 0x04, 0x08, 0x5E, 0xC2, 0x56, 0x64, 0xA3, 0xC7, 0x15, 0x82, 0x82, 0xE1,
    0x40, 0x20, 0xBB, 0x17, 0x1E, 0x21, 0xFC, 0x06, 0x62, 0xC5, 0xE3, 0x0A, 0x7C, 0x24, 0x67, 0x0C,
    0xD8, 0xDD, 0x01, 0x76, 0xB9, 0xD5, 0x3F, 0x72, 0x57, 0xC5, 0x87, 0x4A, 0xA3, 0x9D, 0x54, 0x6A,
    0xAF, 0xF4, 0x4A, 0xB7, 0x0A, 0x72, 0xA7, 0x36, 0xA9, 0x53, 0x87, 0x30, 0x4C, 0x8C, 0x0B, 0x28,
    0xAB, 0xC7, 0x70, 0x14, 0x5C, 0x5C, 0x4D, 0x61, 0x3D, 0xB8, 0xBD, 0x6C, 0x61, 0xB1, 0x16, 0x76,
    0x9A, 0x42, 0x91, 0x29, 0x24, 0xDE, 0x85, 0x6F, 0x88, 0x21, 0xF3, 0x5F, 0x25, 0x80, 0x00, 0x39,
    0x68, 0x4E, 0x82, 0x2F, 0x98, 0x89, 0x73, 0x74, 0xA4, 0xB3, 0x24, 0xC1, 0x05, 0x17, 0xD0, 0x07,
    0xF4, 0x3B, 0x1D, 0xA1, 0x17, 0xBC, 0x21, 0x01, 0x74, 0x80, 0x4B, 0xEC, 0x05, 0x41, 0xE1, 0x1B,
    0xE2, 0x81, 0x0E, 0xFA, 0xD3, 0xEE, 0xC7, 0x30, 0xE5, 0x82, 0xA1, 0x07, 0x2F, 0xFD, 0x67, 0x8B,
    0x4C, 0x73, 0x24, 0x44, 0x56, 0x8D, 0xEB, 0x0E, 0x11, 0x81, 0xED, 0xD5, 0xC3, 0x04, 0x80, 0x57,
    0x28, 0x1C, 0x14, 0xD5, 0xB5, 0xB5, 0x0B, 0x00, 0x43, 0xF4, 0x60, 0xCB, 0x2F, 0x03, 0x38, 0x87,
    0x5B, 0xC0, 0x0E, 0x5C, 0x53, 0x22, 0x3B, 0x14, 0x58, 0x13, 0x9B, 0x47, 0x3F, 0x6F, 0x99, 0xC2,
    0x26, 0x04, 0x0B, 0x36, 0x7C, 0xCC, 0xE1, 0xAA, 0x46, 0x07, 0x71, 0xA8, 0xF2, 0x12, 0x9F, 0x6A,
    0x28, 0x71, 0x76, 0xF0, 0x97, 0xF8, 0xD8, 0x4A, 0x3C, 0x7E, 0xE1, 0x36, 0x62, 0xD5, 0xE2, 0x73,
    0x9B, 0x54, 0x68, 0x48, 0x8D, 0x62, 0x45, 0xD8, 0xCF, 0x66, 0x62, 0xB7, 0x10, 0x4D, 0x90, 0xE2,
    0x70, 0x05, 0x9F, 0x91, 0x68, 0x38, 0x0C, 0x38, 0xED, 0xD7, 0x34, 0xC7, 0x7F, 0x60, 0xBD, 0xE0,
    0x6D, 0x0C, 0x1B, 0xB4, 0xC8, 0x7D, 0x44, 0x88, 0x54, 0x3E, 0x53, 0x27, 0xB0, 0x68, 0x12, 0x2C,
    0xB5, 0xC5, 0xF5, 0x20, 0x76, 0x27, 0x9F, 0x7F, 0x6B, 0xE7, 0x1D, 0x6B, 0x60, 0xB1, 0x32, 0x42,
    0x6E, 0x18, 0x69, 0x8F, 0x80, 0xC3, 0x52, 0x61, 0x37, 0x97, 0x08, 0xD7, 0x36, 0x84, 0xB9, 0x83,
    0x34, 0xD4, 0x83, 0x84, 0x38, 0x52, 0x14, 0x30, 0x25, 0xBE, 0x93, 0xF5, 0x1A, 0x99, 0xC2, 0x9A,
    0x7F, 0x79, 0x05, 0xC5, 0x2B, 0xD8, 0xE7, 0xB1, 0x84, 0x48, 0x50, 0x63, 0x99, 0x7C, 0xA7, 0x91,
    0x00, 0xF9, 0x4E, 0x53, 0x48, 0x00, 0x23, 0x8D, 0x60, 0xA0, 0x56, 0xEE, 0xC3, 0x92, 0x57, 0xF5,
    0xE9, 0xA5, 0xB3, 0xFE, 0xAA, 0x91, 0xE8, 0xD3, 0x89, 0xC4, 0xA9, 0xC9, 0x47, 0xB8, 0x8B, 0xAB,
    0x18, 0xDA, 0x2B, 0x1F, 0x0A, 0xEF, 0x99, 0x7C, 0x0B, 0xEE, 0x34, 0xC9, 0x58, 0xFC, 0x9F, 0x43,
    0xE7, 0x0C, 0xB9, 0xB6, 0xEB, 0x5A, 0x5C, 0xC8, 0x77, 0x5E, 0x75, 0x1B, 0x68, 0xFA, 0xB2, 0xAE,
    0x14, 0x69, 0x46, 0xD2, 0xA0, 0x55, 0xEF, 0x11, 0x1D, 0x85, 0x5C, 0xFC, 0xCA, 0x59, 0xFF, 0x2A,
    0x3F, 0xFB, 0x4A, 0x2E, 0xC1, 0x0A, 0xF1, 0x77, 0x6A, 0xC8, 0x38, 0xC5, 0x33, 0x43, 0xC8, 0x39,
    0xA2, 0x3F, 0xF0, 0x39, 0x45, 0x92, 0xAA, 0x25, 0x43, 0xA6, 0x8D, 0xE1, 0x82, 0x68, 0x01, 0x67,
    0x65, 0xA9, 0x49, 0xC3, 0x32, 0x86, 0x2B, 0x77, 0xB1, 0xDA, 0x54, 0xD1, 0xED, 0xF2, 0xEF, 0x92,
    0xBE, 0x33, 0x3F, 0xCB, 0xC4, 0xE9, 0x9E, 0x88, 0x5C, 0xC3, 0xF3, 0xB3, 0x9D, 0xD4, 0xAB, 0xBD,
    0x22, 0x28, 0xDC, 0xCA, 0xE4, 0x6E, 0x15, 0x25, 0x6E, 0x15, 0x0B, 0x2F, 0x4F, 0x2F, 0x68, 0x56,
    0x99, 0x62, 0x52, 0xBA, 0x1D, 0x0A, 0xC3, 0xE7, 0x28, 0xD1, 0x19, 0x7C, 0xAF, 0x02, 0x42, 0x15,
    0xF2, 0x32, 0x82, 0x8B, 0xCB, 0x48, 0x44, 0x97, 0x4F, 0x9D, 0xB9, 0xCA, 0x73, 0xE1, 0x15, 0x26,
    0x71, 0x1A, 0x33, 0xB7, 0xE3, 0x3D, 0x49, 0xE8, 0xD7, 0xA1, 0x3C, 0xEF, 0x05, 0xDD, 0x4D, 0xC5,
    0x37, 0x23, 0xA9, 0xA4, 0x6B, 0x01, 0xF3, 0xDB, 0xCB, 0x6F, 0xDF, 0xB4, 0x59, 0x21, 0x42, 0x9E,
    0x04, 0xCE, 0xC2, 0x42, 0x81, 0x17, 0x96, 0x16, 0x30, 0xF8, 0xAF, 0x05, 0x62, 0x44, 0x4C, 0x10,
    0x87, 0x78, 0x4E, 0x03, 0x47, 0xDE, 0xBC, 0xB1, 0xBF, 0x9F, 0x32, 0x6F, 0x5D, 0xDC, 0x6E, 0x79,
    0xFF, 0xAA, 0x58, 0xA1, 0x74, 0x6A, 0xD3, 0x4F, 0xF5, 0xF9, 0x07, 0x04, 0xD6, 0x28, 0x9E, 0xA4,
    0xFA, 0x45, 0xBF, 0x35, 0x9F, 0xE3, 0xF3, 0x9C, 0xE7, 0x20, 0x10, 0x58, 0x86, 0x62, 0x68, 0xC6,
    0xE2, 0x33, 0x80, 0x9E, 0x7F, 0xA4, 0xCE, 0x8B, 0x6D, 0xA4, 0x71, 0x1E, 0x97, 0x98, 0x9D, 0xE5,
    0x34, 0x26, 0x2D, 0xE6, 0xB5, 0x33, 0x13, 0xE1, 0xE9, 0xD4, 0x5E, 0x1A, 0x01, 0xF0, 0xF9, 0x13,
    0x7E, 0x64, 0xFB, 0xA8, 0x3C, 0xE2, 0xD7, 0x0A, 0x63, 0x9A, 0xFE, 0x91, 0x45, 0xD1, 0x00, 0x59,
    0xC1, 0xED, 0xBE, 0xB6, 0x01, 0xFD, 0xC2, 0x93, 0xDA, 0x00, 0x91, 0x63, 0xA7, 0x0A, 0x10, 0x53,
    0xAD, 0x53, 0xF9, 0x49, 0xE8, 0xD4, 0x2E, 0x3E, 0xB6, 0xBC, 0xCA, 0x2B, 0x83, 0x64, 0x88, 0x04,
    0x58, 0x04, 0x32, 0x44, 0x5A, 0x2E, 0x8C, 0x0C, 0xFC, 0xC2, 0xCF, 0xF5, 0x23, 0xC8, 0xAF, 0x0B,
    0xBE, 0x33, 0x60, 0x12, 0x43, 0xB7, 0x7E, 0xB5, 0xAC, 0x21, 0x7E, 0x56, 0x32, 0x1B, 0xC9, 0x9F,
    0x25, 0x5F, 0xB2, 0xF9, 0xC6, 0x96, 0x0D, 0xBE, 0x88, 0xCC, 0x4B, 0xF8, 0x9C, 0xDB, 0xBC, 0x14,
    0x9D, 0x1E, 0x30, 0xFE, 0x9D, 0xEC, 0xD3, 0x33, 0x0D, 0xAC, 0xFC, 0x6A, 0x2B, 0xBC, 0x3E, 0xE6,
    0x3C, 0xF7, 0x7D, 0x8E, 0xDE, 0xB7, 0x39, 0x1A, 0x1A, 0x41, 0x36, 0x08, 0x6F, 0x6C, 0xCF, 0xD9,
    0x8F, 0xB8, 0xA8, 0x54, 0x9A, 0x31, 0x73, 0x85, 0x7E, 0xCA, 0xD1, 0x74, 0x8C, 0xF8, 0xAD, 0xB7,
    0xFE, 0xA2, 0x51, 0x45, 0x1B, 0xD5, 0xBA, 0xD5, 0x3C, 0xC8, 0x2C, 0xCD, 0x31, 0xFA, 0x54, 0xAE,
    0x75, 0x69, 0xB6, 0x40, 0x72, 0xC8, 0x51, 0x60, 0x90, 0x9B, 0x21, 0x50, 0x05, 0x21, 0x3D, 0xE4,
    0x81, 0x0A, 0x28, 0xC4, 0xFA, 0x2D, 0xAD, 0xDE, 0x32, 0x94, 0x38, 0x20, 0x8D, 0x99, 0x1C, 0x77,
    0xC3, 0x63, 0x58, 0x94, 0x99, 0x04, 0xEE, 0x89, 0x72, 0xD6, 0xF6, 0x12, 0x39, 0x01, 0x89, 0x8F,
    0xE9, 0x1C, 0x03, 0xFE, 0x6A, 0x79, 0x0F, 0x73, 0x0A, 0x78, 0x0E, 0xC0, 0x3D, 0x7D, 0xB8, 0x40,
    0xAD, 0x64, 0x26, 0x92, 0x1D, 0xE4, 0x6B, 0xEF, 0x34, 0x83, 0x89, 0xF2, 0xA0, 0x82, 0x43, 0xB1,
    0x15, 0xF6, 0x2B, 0x30, 0xD1, 0x11, 0x53, 0xF6, 0xD9, 0x47, 0xC1, 0x43, 0x1A, 0xB8, 0x96, 0xC8,
    0xEC, 0x30, 0x5E, 0x0D, 0xF1, 0x6A, 0x40, 0x4C, 0x7D, 0x91, 0x73, 0x1F, 0xA1, 0xC2, 0x3C, 0xA4,
    0x93, 0x59, 0x67, 0x54, 0x23, 0xAA, 0x64, 0x53, 0xC2, 0x5C, 0xC7, 0x58, 0x93, 0x19, 0x9E, 0x87,
    0x5A, 0x50, 0xEA, 0xDC, 0x3B, 0xED, 0x2B, 0xBF, 0x51, 0xBE, 0xC1, 0x9C, 0xAA, 0xB2, 0xC4, 0x2A,
    0xCC, 0x58, 0xA5, 0xD9, 0x15, 0x5B, 0x0A, 0xB8, 0x5A, 0xAB, 0xA0, 0x84, 0x9E, 0x15, 0xCD, 0x1B,
    0xE7, 0xF2, 0x85, 0xD3, 0x87, 0xB8, 0xDD, 0x6B, 0x89, 0x12, 0x82, 0x64, 0x7B, 0xBA, 0xDF, 0x72,
    0xD7, 0x81, 0x1D, 0xB0, 0xF3, 0x36, 0x37, 0xBE, 0xAA, 0xA9, 0x69, 0x6D, 0x08, 0x8F, 0xFF, 0x51,
    0x96, 0xF6, 0x5C, 0xEA, 0x74, 0xA6, 0x27, 0x0B, 0x0D, 0x5D, 0x47, 0x1F, 0x78, 0x39, 0xF6, 0xF2,
    0xD3, 0x2F, 0x34, 0xB2, 0x93, 0x64, 0x4C, 0xF9, 0x2F, 0xBE, 0x51, 0x6A, 0x0D, 0xB5, 0xDC, 0x68,
    0xFF, 0xDD, 0xF5, 0x8D, 0x74, 0x8F, 0xA9, 0xDD, 0xA8, 0x1F, 0x6C, 0xF8, 0x2F, 0xF6, 0xA8, 0x92,
    0x96, 0xA9, 0x88, 0xFC, 0x76, 0x71, 0x00, 0x22, 0x99, 0x7B, 0x2C, 0xB5, 0xD2, 0xF2, 0x91, 0x5A,
    0xF1, 0xC7, 0x6A, 0xF1, 0x1C, 0xC7, 0x39, 0xDD, 0x1C, 0x43, 0xD6, 0x8C, 0xF9, 0x00, 0x87, 0x94,
    0x16, 0x4D, 0x94, 0xCF, 0x29, 0xCF, 0x32, 0x04, 0x8F, 0xBB, 0xD8, 0x67, 0xF6, 0xA5, 0xED, 0x26,
    0x5D, 0x1E, 0x63, 0xC7, 0x68, 0x91, 0xDE, 0xC4, 0x8E, 0xA8, 0xA4, 0xB4, 0x33, 0x76, 0x61, 0xB1,
    0x85, 0x66, 0xDC, 0x0F, 0xBA, 0x29, 0xC8, 0x73, 0x8D, 0x69, 0x7C, 0xF4, 0x24, 0x41, 0x13, 0xEC,
    0xF1, 0xFE, 0x01, 0x33, 0x3F, 0xAC, 0x93, 0xAA, 0x10, 0xA1, 0xFD, 0x60, 0xE4, 0x8F, 0x57, 0x09,
    0xA5, 0xFF, 0x18, 0x5B, 0x65, 0x8F, 0x64, 0x49, 0x27, 0xAD, 0x4F, 0xED, 0xE6, 0x7B, 0xD0, 0x1C,
    0xA2, 0x14, 0x2A, 0x12, 0x6F, 0x69, 0x59, 0x7F, 0x01, 0x5E, 0xA2, 0xD7, 0xB8, 0x37, 0xEB, 0xB4,
    0xB7, 0x67, 0x6B, 0x17, 0xE7, 0x32, 0x58, 0x56, 0xEC, 0xA2, 0x88, 0x86, 0xC4, 0x2E, 0xA9, 0x6B,
    0x6A, 0xDD, 0xD2, 0x95, 0xD7, 0xD1, 0xA1, 0x4E, 0x4B, 0xCE, 0x21, 0x3E, 0xBE, 0x88, 0x8E, 0x7E,
    0x50, 0xB6, 0xE1, 0xD4, 0x4B, 0x6A, 0xA2, 0x0B, 0x9F, 0xAD, 0x1E, 0xAC, 0xD6, 0xE4, 0xFC, 0x1B,
    0x4C, 0xF4, 0x93, 0xD2, 0xD2, 0xCB, 0x7C, 0xD2, 0x52, 0xB4, 0x9D, 0x86, 0x3A, 0x22, 0x11, 0x29,
    0x59, 0xC1, 0x2C, 0x47, 0xAD, 0xED, 0xAB, 0x9E, 0x1B, 0x3A, 0x9B, 0xED, 0x80, 0xF9, 0xA6, 0x06,
    0xEA, 0x1B, 0x14, 0x34, 0x9A, 0x70, 0xFD, 0xF8, 0x13, 0x1D, 0xBF, 0xC9, 0xFD, 0xC7, 0xA4, 0xFD,
    0x10, 0x6C, 0xAE, 0xDA, 0x67, 0x2A, 0x1A, 0x11, 0xD1, 0x32, 0x59, 0xC0, 0x06, 0xA8, 0x32, 0xD8,
    0xCA, 0x34, 0xB4, 0x83, 0x3B, 0xEF, 0x0D, 0x41, 0xBB, 0x58, 0xDA, 0xB4, 0x26, 0xEF, 0x79, 0x43,
    0x3C, 0xD7, 0x1A, 0x4B, 0x43, 0x24, 0xA4, 0xEC, 0xCC, 0x57, 0xAE, 0x8D, 0x15, 0xEC, 0x15, 0x20,
    0xF7, 0x20, 0xFF, 0x4F, 0x6C, 0xAC, 0x30, 0x09, 0x74, 0x15, 0x8B, 0x3C, 0x3A, 0xC5, 0x3D, 0xFC,
    0x6D, 0xD9, 0x96, 0x07, 0x19, 0xB7, 0x88, 0x2E, 0x04, 0xF7, 0xAB, 0xF8, 0x0C, 0x50, 0x3F, 0xFE,
    0x99, 0xF8, 0x8A, 0x12, 0xE7, 0x03, 0x7E, 0x86, 0xA9, 0xF7, 0x1E, 0xFB, 0x42, 0x93, 0xFA, 0x5F,
    0x85, 0x4C, 0xD7, 0x41, 0x02, 0x68, 0xCB, 0x4D, 0x93, 0xDF, 0xA2, 0x50, 0x83, 0x20, 0xDF, 0xE6,
    0xE7, 0x76, 0x50, 0x54, 0x94, 0xEF, 0xAE, 0xFF, 0xC3, 0x92, 0xC9, 0xFC, 0x91, 0xFF, 0x01, 0xBB,
    0x32, 0x39, 0xF4, 0x3E, 0x24, 0xDE, 0x91, 0xA5, 0x3B, 0x65, 0x23, 0xA5, 0x37, 0x67, 0x2A, 0x71,
    0x4B, 0x08, 0x08, 0xB1, 0x6F, 0x7E, 0x0A, 0x6A, 0x0D, 0x71, 0x26, 0x9D, 0x53, 0x1A, 0xC6, 0xDA,
    0x04, 0x2E, 0x20, 0xE2, 0x90, 0x5C, 0x00, 0x0F, 0xB6, 0x52, 0xCC, 0xEE, 0x0B, 0x65, 0x6B, 0x7E,
    0xA6, 0x84, 0x2D, 0x88, 0x53, 0x16, 0x42, 0x83, 0x58, 0xA4, 0x6F, 0x4C, 0xC1, 0x8F, 0x2B, 0x7E,
    0xC5, 0xAA, 0x78, 0xDD, 0xAB, 0x59, 0x18, 0x37, 0xDD, 0x26, 0xD0, 0x32, 0xD7, 0x1A, 0xED, 0x0A,
    0x66, 0x46, 0x69, 0x7D, 0x4C, 0x37, 0x3E, 0x92, 0xF8, 0x6F, 0xB5, 0x4D, 0x08, 0x3F, 0xD2, 0x56,
    0x40, 0x39, 0x67, 0xA9, 0xE5, 0x9A, 0x9D, 0x39, 0x6C, 0x80, 0xEA, 0x40, 0x08, 0xA1, 0xEB, 0xE0,
    0xE6, 0x00, 0x2A, 0x8A, 0x94, 0x7F, 0x8A, 0xC8, 0x8A, 0x52, 0xCD, 0xF1, 0x4E, 0xA3, 0xA1, 0x42,
    0x67, 0x1D, 0x31, 0xFA, 0xC7, 0x8C, 0xFE, 0x31, 0xA3, 0x7F, 0x46, 0x5F, 0xCF, 0xA8, 0xEF, 0x9C,
    0x19, 0xBB, 0xC5, 0xE0, 0xB4, 0x63, 0xA2, 0x7F, 0x2C, 0x4A, 0x8B, 0xE0, 0x57, 0x4D, 0xAD, 0x30,
    0xD5, 0x04, 0x7F, 0x03, 0x2D, 0x48, 0x2B, 0xA5, 0x6E, 0xC9, 0x0D, 0x99, 0x07, 0x4E, 0xB3, 0x1C,
    0x8F, 0xFA, 0xAC, 0x46, 0xD8, 0x06, 0x30, 0x3C, 0x5F, 0x88, 0x00, 0x73, 0xAD, 0x46, 0x61, 0x8A,
    0x47, 0xA2, 0x04, 0x80, 0x8A, 0xF7, 0x3B, 0xB2, 0xDC, 0x27, 0xEB, 0x51, 0x71, 0x3E, 0x34, 0x2C,
    0x27, 0x59, 0x68, 0x82, 0x29, 0xCF, 0x34, 0xCA, 0x7A, 0x8D, 0xD0, 0x8D, 0x34, 0xCE, 0x4A, 0x23,
    0x14, 0x2F, 0xD8, 0xEB, 0x69, 0x8D, 0x16, 0x93, 0x5E, 0xAD, 0x75, 0x8D, 0xF0, 0xDF, 0x00, 0xCC,
    0x10, 0x22, 0xB1, 0x4F, 0x25, 0x25, 0x47, 0x09, 0xAC, 0x41, 0x38, 0x44, 0x53, 0x50, 0x50, 0xAF,
    0xBA, 0x82, 0xD5, 0xA0, 0xC2, 0x48, 0xF7, 0x2E, 0x01, 0xDD, 0xC8, 0xAA, 0xFA, 0x32, 0xBB, 0x79,
    0xDA, 0x87, 0x3E, 0xA3, 0xFA, 0xAA, 0xD2, 0xF8, 0x2A, 0x4C, 0x61, 0xEF, 0xC8, 0xEA, 0x8B, 0xB5,
    0x62, 0x2E, 0x38, 0xA6, 0xAF, 0x8E, 0x6C, 0xBB, 0xAD, 0x0D, 0x2D, 0xD3, 0x33, 0xAC, 0xCB, 0xEA,
    0x9B, 0xDC, 0x5C, 0xEC, 0x45, 0xE8, 0x69, 0x4A, 0x48, 0x64, 0x9B, 0x9A, 0x63, 0x12, 0x57, 0x56,
    0x32, 0x90, 0x73, 0x66, 0x8B, 0x0D, 0x9B, 0x32, 0x34, 0x79, 0x68, 0xD4, 0x4A, 0xA6, 0x01, 0xC6,
    0x9B, 0xC1, 0x42, 0xF9, 0x99, 0xA6, 0xF6, 0x72, 0xAD, 0xBD, 0xB9, 0x47, 0x78, 0x90, 0x28, 0x08,
    0x3B, 0x3F, 0x2C, 0xC6, 0xE2, 0x49, 0x5E, 0xE0, 0xD2, 0x09, 0xCC, 0xBE, 0x55, 0xBC, 0x8F, 0x6A,
    0x3C, 0x00, 0x50, 0x8A, 0xBB, 0x6E, 0xED, 0xE4, 0x87, 0xF0, 0x65, 0xDE, 0xDB, 0xA0, 0x7C, 0x4E,
    0x88, 0x6B, 0x74, 0x87, 0xC9, 0xB9, 0x26, 0xE6, 0x42, 0xAE, 0xA3, 0x7C, 0x37, 0x6D, 0x4F, 0x43,
    0xED, 0x3B, 0x84, 0x4C, 0x8E, 0x42, 0x71, 0x79, 0x91, 0xD2, 0xA8, 0x96, 0xF5, 0x56, 0xBA, 0x8D,
    0xD6, 0x0A, 0x04, 0x8B, 0xAF, 0x24, 0x38, 0xD0, 0xE3, 0x26, 0xA3, 0xC7, 0x4D, 0x2C, 0x1C, 0x09,
    0xB3, 0x76, 0xA0, 0x5B, 0x06, 0x9A, 0x51, 0x8C, 0x6E, 0x75, 0x45, 0xC7, 0xEB, 0xDA, 0x36, 0x6C,
    0xEA, 0x38, 0xD0, 0x3B, 0x8F, 0x58, 0xDA, 0xD8, 0x30, 0x07, 0xA7, 0x07, 0xDA, 0xF7, 0x28, 0xB3,
    0xED, 0x40, 0x7D, 0x93, 0x9D, 0x53, 0xB9, 0x79, 0x4A, 0xBE, 0x03, 0xB5, 0x58, 0xA0, 0xB4, 0x2A,
    0x05, 0x9A, 0x43, 0x8D, 0xFA, 0xFB, 0x96, 0x8E, 0xDB, 0xDA, 0x68, 0x56, 0x4C, 0xCD, 0x5C, 0xC7,
    0xA9, 0x19, 0xB2, 0x4E, 0xA3, 0x1C, 0xB6, 0x31, 0x0A, 0xD3, 0x5B, 0x3A, 0x0E, 0x74, 0x3C, 0xD4,
    0x92, 0xAC, 0x48, 0x1D, 0xE7, 0x67, 0x94, 0x50, 0xAD, 0x61, 0xD9, 0x7F, 0xDC, 0xA5, 0x5E, 0xE1,
    0x74, 0x2D, 0xE8, 0x0E, 0xEA, 0x46, 0xF6, 0x04, 0xAE, 0x41, 0x2D, 0x35, 0xDC, 0x0B, 0x84, 0xFE,
    0xBA, 0xF2, 0x9D, 0xD2, 0x72, 0x82, 0x6F, 0x54, 0x88, 0x7C, 0x7C, 0xFE, 0xB6, 0x52, 0xDB, 0x38,
    0x3F, 0xAA, 0x1C, 0x96, 0x50, 0xEF, 0xBD, 0x0A, 0x42, 0x80, 0xE7, 0xBE, 0x0D, 0xAA, 0x0B, 0xB9,
    0x8C, 0xC7, 0x13, 0x32, 0xB7, 0xDE, 0x70, 0xAB, 0xEB, 0x94, 0x70, 0xE0, 0xD6, 0x03, 0xCA, 0xB8,
    0xED, 0xD6, 0x77, 0xF9, 0x79, 0xE8, 0xD4, 0x74, 0x5F, 0x53, 0x3A, 0xBF, 0xA3, 0xDF, 0x4E, 0x73,
    0xE7, 0x13, 0x8A, 0x06, 0x94, 0x7F, 0x46, 0x2D, 0x3A, 0x7D, 0x23, 0x4A, 0x7A, 0x14, 0xB5, 0x7D,
    0xF8, 0xC5, 0x5A, 0x5E, 0xAE, 0x2D, 0x92, 0x9D, 0x27, 0xA4, 0x15, 0x24, 0xC5, 0x73, 0x55, 0x61,
    0x46, 0xB3, 0x4A, 0xCC, 0x13, 0x1B, 0x89, 0xBF, 0xAA, 0xBE, 0xFF, 0x5F, 0xD1, 0x83, 0x26, 0x65,
    0xCD, 0x9A, 0x78, 0x14, 0x70, 0x62, 0xB4, 0x25, 0x1A, 0xEA, 0x72, 0x15, 0x17, 0xF7, 0x72, 0x76,
    0xCD, 0x46, 0xF3, 0xEA, 0x2D, 0x65, 0x1D, 0x8F, 0x49, 0x40, 0x5C, 0xB5, 0x01, 0x32, 0x09, 0x48,
    0xF5, 0x64, 0x01, 0xEE, 0x81, 0x22, 0xF3, 0x95, 0xAE, 0x85, 0x8B, 0x0E, 0x9E, 0xD0, 0x38, 0x09,
    0x5C, 0xB3, 0x61, 0x59, 0x12, 0xF0, 0x4B, 0xEA, 0xC6, 0x34, 0xDA, 0xFA, 0x98, 0x7F, 0xC4, 0xE3,
    0x8F, 0x31, 0x8D, 0x1F, 0x1F, 0xF6, 0x7D, 0xCC, 0x0B, 0xE0, 0xF1, 0x5A, 0xF7, 0xA0, 0x87, 0x22,
    0x7B, 0xF0, 0xB9, 0x8C, 0xF7, 0x1F, 0xB6, 0xD0, 0xCA, 0xA7, 0xA1, 0x11, 0xA7, 0xA5, 0xE5, 0xF3,
    0x8B, 0x25, 0xA1, 0xF2, 0x57, 0x6C, 0xE9, 0x45, 0xEE, 0xBB, 0x39, 0x53, 0x20, 0xE3, 0x3D, 0x48,
    0xE3, 0x1F, 0xBF, 0xB5, 0xD3, 0xD7, 0xB1, 0x10, 0x57, 0xF4, 0x0B, 0x4B, 0xB3, 0x96, 0x54, 0x63,
    0xF7, 0x3C, 0xD5, 0x78, 0xEA, 0x34, 0xA5, 0xB4, 0xE4, 0xE2, 0x29, 0xD6, 0x92, 0xC8, 0xAA, 0xCF,
    0x8A, 0xFB, 0x66, 0x99, 0x39, 0x2E, 0xC3, 0x1A, 0x5F, 0xFF, 0x2E, 0x2A, 0x04, 0x5E, 0x77, 0xEE,
    0xF2, 0x75, 0x7B, 0x9B, 0xAF, 0x01, 0x5E, 0x9B, 0xFA, 0x42, 0x8B, 0x91, 0xCA, 0xE5, 0x2C, 0x39,
    0x3F, 0x77, 0x57, 0x56, 0x6C, 0x4A, 0xAF, 0xC6, 0xD2, 0x91, 0x8B, 0x87, 0x3A, 0x2A, 0x4A, 0x7E,
    0x26, 0xCA, 0x45, 0xF2, 0x34, 0xB2, 0x36, 0x60, 0x47, 0x7E, 0xE3, 0xDD, 0xFE, 0x6C, 0x8C, 0xB0,
    0x01, 0x81, 0x90, 0x57, 0x31, 0xF7, 0x11, 0x83, 0xFC, 0x10, 0xC1, 0xBD, 0x0D, 0x20, 0x6C, 0x22,
    0x98, 0xAF, 0x00, 0xF7, 0x06, 0x9E, 0xF5, 0x53, 0xE0, 0x3D, 0xBF, 0x27, 0x4E, 0x89, 0xBE, 0xF4,
    0x01, 0x28, 0x72, 0xF5, 0x35, 0x98, 0x27, 0x84, 0xFD, 0x98, 0x02, 0xE6, 0xB7, 0x65, 0x72, 0x50,
    0xBB, 0x0D, 0x4A, 0x4B, 0x09, 0xA8, 0xE7, 0x5E, 0x19, 0x21, 0x74, 0xD0, 0xBF, 0xE4, 0x28, 0x44,
    0x00, 0x94, 0xC9, 0x8F, 0x20, 0xCA, 0x11, 0x0C, 0x7B, 0x84, 0xAE, 0xF5, 0x48, 0x3E, 0x96, 0xB1,
    0xB7, 0x23, 0xF1, 0xF7, 0xA3, 0x5F, 0x05, 0x75, 0xF0, 0xC4, 0xEB, 0x98, 0xDD, 0x2E, 0x28, 0xAB,
    0x36, 0x07, 0x56, 0x9A, 0x93, 0xDA, 0xF9, 0xE4, 0x2B, 0x0D, 0xBA, 0xE7, 0x16, 0x79, 0x88, 0x55,
    0xA4, 0x85, 0xCD, 0x5B, 0x28, 0xDA, 0x06, 0x48, 0xDD, 0x2C, 0x57, 0x06, 0x75, 0xC6, 0x24, 0x41,
    0x11, 0x26, 0x21, 0x5A, 0xF9, 0x89, 0xC4, 0xC7, 0x8D, 0xDC, 0xCE, 0xF6, 0x6C, 0x8E, 0x9D, 0x65,
    0x29, 0x9E, 0xC8, 0x03, 0xB4, 0x94, 0xE8, 0xB1, 0x92, 0x68, 0xCD, 0xB5, 0xB3, 0xDE, 0xA6, 0xCB,
    0x6B, 0x8C, 0xDE, 0x38, 0x96, 0x97, 0xD1, 0x31, 0xD7, 0x7A, 0xE8, 0x4C, 0x32, 0x83, 0xC6, 0x72,
    0xD1, 0x4B, 0x74, 0x7F, 0x85, 0x84, 0x60, 0xDE, 0x3C, 0x43, 0x5F, 0x94, 0xAA, 0xA0, 0x78, 0x11,
    0x7D, 0xF5, 0x54, 0x6B, 0x96, 0x25, 0x2E, 0x48, 0x4D, 0x50, 0x80, 0xF3, 0xA4, 0x94, 0x3B, 0x96,
    0x18, 0x4A, 0x4E, 0xD0, 0x29, 0x66, 0x8B, 0xE4, 0x19, 0x72, 0x6D, 0xAE, 0xC9, 0x25, 0x08, 0x78,
    0x71, 0x4F, 0x5B, 0x3A, 0xFC, 0x3E, 0x3D, 0xFD, 0xCA, 0xB2, 0x11, 0x49, 0x78, 0xFA, 0xC5, 0x43,
    0xF3, 0xEC, 0xDD, 0x65, 0x48, 0xE9, 0x39, 0xCD, 0xEE, 0xF9, 0x46, 0xA4, 0x59, 0x0E, 0x96, 0xD3,
    0x9E, 0x15, 0xD1, 0x15, 0x59, 0xB6, 0x8C, 0xF9, 0x42, 0x9B, 0xB3, 0xA2, 0x87, 0x5C, 0xEE, 0x06,
    0xE7, 0xC7, 0x7B, 0xEB, 0x67, 0x16, 0xD8, 0x20, 0xFA, 0x70, 0x0E, 0xC9, 0xBA, 0x97, 0x85, 0xFE,
    0x17, 0x63, 0xCF, 0x56, 0x22, 0xD1, 0x63, 0x69, 0x3D, 0x99, 0xC6, 0x80, 0xC7, 0xC2, 0xD7, 0xC8,
    0x07, 0x59, 0xFE, 0x82, 0xBF, 0xEF, 0x4F, 0x46, 0xF5, 0x40, 0x5C, 0xB2, 0x5F, 0x88, 0x8D, 0x7B,
    0x67, 0xD6, 0xC1, 0xD2, 0x29, 0x6A, 0xEF, 0x16, 0x6D, 0x3F, 0xEC, 0x07, 0x9E, 0x17, 0x32, 0x19,
    0x1D, 0x1F, 0x14, 0xB6, 0xC3, 0x37, 0xF0, 0xCF, 0xA5, 0x79, 0xAF, 0xDD, 0xB4, 0x57, 0xAB, 0xE6,
    0xD1, 0xE4, 0x4E, 0xEA, 0xFE, 0xFA, 0xA4, 0xF2, 0x3E, 0x74, 0x2B, 0xEF, 0x23, 0x5C, 0x3C, 0x77,
    0x80, 0xB7, 0x82, 0x9C, 0xE7, 0x0A, 0x7E, 0x61, 0x52, 0x22, 0x06, 0xDC, 0x02, 0x0A, 0xA2, 0x59,
    0x4A, 0x47, 0xFD, 0xB5, 0x2B, 0xE6, 0x04, 0xA5, 0xB7, 0x41, 0x25, 0x06, 0xE6, 0xAC, 0x50, 0x71,
    0x15, 0x55, 0x3C, 0xB0, 0xF0, 0x15, 0x45, 0xEA, 0xB1, 0x84, 0x5A, 0x51, 0xA9, 0xE8, 0x7B, 0xEC,
    0xAE, 0xFD, 0xFE, 0x68, 0x8F, 0xC6, 0x0A, 0xD2, 0x95, 0x41, 0xC8, 0x84, 0x9F, 0x09, 0xED, 0xE9,
    0x73, 0xE2, 0xB8, 0x5C, 0x4B, 0x29, 0x17, 0xD2, 0x49, 0x6C, 0xA7, 0xD3, 0xEC, 0xB4, 0x3A, 0xF5,
    0xB6, 0x8A, 0x5B, 0xBF, 0x4E, 0x57, 0x7E, 0x55, 0xCE, 0x51, 0x9B, 0x0E, 0x00, 0x43, 0x04, 0x50,
    0x6E, 0xAC, 0xA9, 0x07, 0xF6, 0x03, 0x0A, 0xCA, 0xCE, 0xE3, 0xDF, 0xB8, 0xEE, 0x01, 0xE5, 0xFD,
    0x0C, 0xFF, 0x0D, 0x7F, 0x40, 0x62, 0xCA, 0xD4, 0x16, 0x53, 0xA8, 0x11, 0xA3, 0x63, 0x68, 0xFB,
    0x72, 0x14, 0xBC, 0xA9, 0x5C, 0xAA, 0x25, 0x6E, 0x6E, 0xC2, 0x7E, 0xEE, 0xBA, 0x15, 0x60, 0x03,
    0x5A, 0x81, 0x3E, 0xDD, 0xC5, 0x43, 0x3C, 0xA7, 0x04, 0x3F, 0x3A, 0x8C, 0x53, 0x58, 0x2B, 0xC5,
    0xBC, 0x08, 0xC6, 0xFF, 0x17, 0x90, 0xAE, 0x4F, 0xDC, 0xDF, 0xA4, 0xE8, 0x1A, 0x3E, 0x72, 0x7F,
    0x4F, 0xF6, 0x55, 0xBB, 0xAD, 0x1E, 0x62, 0x78, 0x64, 0x39, 0xF0, 0x45, 0xE5, 0xE8, 0xE1, 0x47,
    0x41, 0x9F, 0xA6, 0x81, 0xF2, 0xB0, 0x84, 0x2E, 0x92, 0xC8, 0x9E, 0x89, 0xD0, 0x35, 0xB0, 0xC6,
    0x88, 0xB7, 0x57, 0x1F, 0xBB, 0xF8, 0xD6, 0xFF, 0x2C, 0x99, 0x92, 0x66, 0xCD, 0xE9, 0x9D, 0x94,
    0x9B, 0x61, 0x27, 0xF5, 0x34, 0xF6, 0xA8, 0x82, 0xFF, 0x8F, 0xA7, 0x35, 0x1E, 0x0F, 0x72, 0x46,
    0x33, 0x25, 0x08, 0x91, 0x31, 0x00, 0x32, 0xBD, 0xD0, 0x41, 0xD7, 0x3C, 0x7D, 0xB1, 0x97, 0x5F,
    0x1E, 0x61, 0x8D, 0x31, 0x8F, 0x0D, 0x61, 0x23, 0x73, 0x62, 0xE3, 0xD1, 0xEB, 0x7C, 0xFE, 0xF8,
    0xB2, 0x85, 0x7C, 0x32, 0x7A, 0x00, 0x2F, 0x8D, 0xC8, 0x57, 0x27, 0xCC, 0xBD, 0x33, 0x0E, 0x2D,
    0x33, 0xB0, 0x0E, 0x20, 0x8D, 0xF4, 0x36, 0x8F, 0xF6, 0xED, 0x91, 0x0E, 0x8F, 0x8C, 0xF0, 0xE1,
    0x95, 0xD0, 0xC9, 0x5F, 0x20, 0xE7, 0x07, 0x3F, 0x6D, 0x9E, 0x0A, 0xB8, 0x50, 0x56, 0x65, 0xF2,
    0xC9, 0x92, 0x3D, 0x42, 0xE4, 0x7B, 0x4F, 0xA5, 0xA0, 0x54, 0x53, 0xEE, 0x53, 0x29, 0x68, 0x0A,
    0x59, 0x6C, 0x0A, 0x42, 0x6A, 0xFC, 0xFE, 0x08, 0xBC, 0x79, 0x3D, 0x9B, 0x35, 0x3D, 0x08, 0x59,
    0xD7, 0xD8, 0x14, 0x75, 0xE9, 0xA4, 0xCC, 0x64, 0xE7, 0x83, 0x83, 0xD4, 0xFB, 0x09, 0x12, 0xEB,
    0x7F, 0x5F, 0xD6, 0x12, 0x1A, 0xAC, 0x37, 0xE6, 0x17, 0xCA, 0xDB, 0xE8, 0x02, 0xB4, 0x79, 0xE0,
    0xEA, 0x40, 0x19, 0x18, 0x3F, 0xF5, 0xF3, 0x00, 0xD7, 0x1F, 0xEB, 0x1A, 0x1E, 0xB1, 0xCA, 0xAE,
    0x3F, 0x64, 0x74, 0xB6, 0x3A, 0x63, 0x5B, 0x7F, 0xAA, 0x1A, 0xE2, 0x1F, 0x7C, 0x79, 0x52, 0xC9,
    0x25, 0x94, 0x02, 0x9E, 0x5C, 0xEA, 0x0F, 0x99, 0xD8, 0x10, 0x44, 0x7F, 0xE7, 0x38, 0xB1, 0xA7,
    0x48, 0xD8, 0x53, 0xF3, 0x08, 0x37, 0x1B, 0xE9, 0x76, 0x6B, 0x3F, 0x34, 0xC9, 0xE4, 0x7B, 0xE4,
    0xD1, 0x31, 0x6C, 0x1A, 0x55, 0x5A, 0x26, 0x1A, 0xAF, 0x74, 0x6A, 0xE2, 0x8A, 0x2E, 0x25, 0xC1,
    0x87, 0x34, 0xE5, 0x19, 0x14, 0x42, 0x40, 0x21, 0xC6, 0xF5, 0x0F, 0x69, 0xEC, 0xFE, 0x5D, 0x1A,
    0xFD, 0x93, 0x39, 0x09, 0x6A, 0xBF, 0x99, 0xE4, 0x4E, 0x15, 0x15, 0x5E, 0x83, 0x79, 0xFC, 0x1D,
    0xEE, 0x31, 0xD6, 0xB9, 0x87, 0xEB, 0x11, 0x09, 0x26, 0x2E, 0xAC, 0x88, 0x72, 0xD7, 0x78, 0x89,
    0x12, 0xCB, 0x16, 0x3C, 0x76, 0x0A, 0xFE, 0x76, 0xC4, 0xD6, 0x32, 0xEF, 0xCF, 0xD1, 0x90, 0xC1,
    0x72, 0xB7, 0x72, 0xAA, 0x09, 0x76, 0xE4, 0xBE, 0xD0, 0xBC, 0x46, 0xB8, 0x54, 0x72, 0x18, 0xE4,
    0x1B, 0x60, 0x46, 0x41, 0x3E, 0xAC, 0x05, 0x30, 0xBB, 0x8B, 0x95, 0x82, 0xBC, 0xAA, 0xBD, 0x34,
    0xF8, 0xD7, 0xA2, 0x0E, 0x24, 0x78, 0x2F, 0xAF, 0x5F, 0x42, 0x60, 0x26, 0xCD, 0x40, 0x82, 0xF7,
    0xF9, 0x43, 0x68, 0xF0, 0x3F, 0xD2, 0x80, 0xA0, 0xB4, 0xF2, 0x59, 0xCE, 0x5E, 0xA7, 0x53, 0x2F,
    0xCC, 0x97, 0x99, 0xC5, 0xE9, 0x58, 0xB4, 0x33, 0xD2, 0x9A, 0x28, 0x25, 0x68, 0x7E, 0x40, 0x17,
    0xFD, 0x88, 0x07, 0xB8, 0x1F, 0x4B, 0x6F, 0x6C, 0x7B, 0x6A, 0xA1, 0x34, 0x88, 0xFF, 0x35, 0xF4,
    0xD2, 0x80, 0x6E, 0xAB, 0x01, 0x4B, 0x1E, 0xAC, 0xF3, 0xAC, 0xB0, 0x46, 0x85, 0xE2, 0xEF, 0x23,
    0xA0, 0xB4, 0x60, 0x7A, 0x15, 0xE2, 0x49, 0xFB, 0x50, 0x14, 0xDB, 0x21, 0xE7, 0x0E, 0x68, 0xDD,
    0x01, 0x0B, 0xD1, 0x3D, 0x56, 0x22, 0xFE, 0x2E, 0xCB, 0x76, 0x39, 0xE6, 0x2F, 0x1B, 0xE1, 0xEB,
    0x80, 0x82, 0xF9, 0x36, 0x97, 0xFE, 0x77, 0x62, 0x72, 0x45, 0xB8, 0xB4, 0x8C, 0x78, 0x0A, 0xE3,
    0x15, 0xAB, 0x6E, 0xFA, 0xD6, 0xE4, 0xEB, 0xA4, 0x36, 0x13, 0x05, 0x71, 0xD6, 0x35, 0x72, 0xFA,
    0xB0, 0x96, 0x22, 0x28, 0x9D, 0x9C, 0x7D, 0x6E, 0x6C, 0xFB, 0x10, 0x36, 0x1C, 0xBE, 0x3D, 0x87,
    0x52, 0x2E, 0x36, 0x53, 0x55, 0x1E, 0x40, 0x2E, 0x54, 0x4B, 0x37, 0x8F, 0x8E, 0x0F, 0x72, 0x70,
    0xC2, 0x5C, 0xAD, 0x4E, 0xD0, 0xFA, 0xD5, 0x79, 0x02, 0xB6, 0x64, 0x3D, 0xD1, 0xDA, 0x91, 0x11,
    0x64, 0xBB, 0x59, 0x5A, 0x16, 0xC8, 0xC7, 0x99, 0x74, 0x35, 0xF1, 0xD6, 0x67, 0x04, 0x6A, 0x9D,
    0xCB, 0x31, 0xF9, 0x12, 0xF4, 0x4C, 0xE0, 0xF2, 0x97, 0x96, 0xAF, 0x3D, 0xF7, 0xA5, 0x2C, 0xFA,
    0x72, 0xDB, 0x97, 0xEB, 0xFF, 0x83, 0xAA, 0xE9, 0x01, 0xD2, 0x2C, 0x55, 0xE1, 0x79, 0x20, 0xB0,
    0x14, 0xFC, 0xA2, 0xD0, 0xA3, 0x33, 0xC1, 0xC9, 0x64, 0x79, 0x1A, 0xF4, 0xE7, 0x89, 0x0A, 0x55,
    0x6E, 0x1C, 0x39, 0xC5, 0xC0, 0xBC, 0x96, 0x6F, 0x7B, 0x27, 0xE9, 0x5D, 0x58, 0xE7, 0x0F, 0xCD,
    0x5A, 0xBD, 0x6F, 0x1C, 0xD7, 0x11, 0x9F, 0xDD, 0x67, 0x71, 0x0D, 0x2F, 0xCC, 0xA7, 0xC2, 0x82,
    0x0D, 0xCB, 0xE2, 0x06, 0x48, 0x1A, 0x3B, 0x24, 0xD7, 0x85, 0x0B, 0x02, 0xB9, 0xE3, 0xAE, 0xA2,
    0x3F, 0x20, 0x2A, 0xE2, 0xB4, 0x69, 0x03, 0xDB, 0x01, 0x5D, 0xB0, 0x60, 0x0C, 0xF1, 0x6E, 0xAD,
    0x14, 0x2E, 0x5C, 0xD8, 0x4D, 0x6A, 0xA9, 0x70, 0x11, 0x93, 0x4E, 0x8E, 0x05, 0x0B, 0x25, 0xE0,
    0xF1, 0x16, 0x4E, 0x61, 0x20, 0x02, 0x92, 0x55, 0x5C, 0xB8, 0xF4, 0x06, 0x10, 0x12, 0x80, 0x14,
    0xA2, 0x0D, 0xB0, 0x86, 0x4F, 0xD4, 0xDD, 0x6D, 0x7E, 0xBF, 0xD9, 0xE3, 0xF1, 0x4B, 0x02, 0x92,
    0x50, 0x96, 0x74, 0xE2, 0x9B, 0xBD, 0xDB, 0x8F, 0x79, 0xF3, 0xE6, 0xE3, 0x37, 0x33, 0x6F, 0x25,
    0xAB, 0x32, 0xC2, 0xBF, 0x2B, 0xC2, 0xCF, 0x75, 0xC9, 0x25, 0x77, 0x32, 0x37, 0x35, 0xA9, 0x97,
    0xFA, 0xA9, 0x4D, 0x6C, 0x1C, 0xC4, 0xA1, 0x44, 0xD2, 0x96, 0x1E, 0x2E, 0xBF, 0x81, 0xF1, 0xAE,
    0xC8, 0xD4, 0x3D, 0x91, 0x76, 0x95, 0x38, 0xC3, 0xAF, 0x33, 0x53, 0x7C, 0x91, 0xD9, 0x5B, 0x7F,
    0x4A, 0x82, 0xCF, 0x53, 0x89, 0x2E, 0x25, 0x12, 0x99, 0x58, 0xDA, 0x46, 0x64, 0xDB, 0xC3, 0xF0,
    0x45, 0x5A, 0xD3, 0x18, 0xCF, 0x8B, 0x44, 0xAF, 0x3C, 0x2B, 0xC1, 0x9D, 0x2B, 0xE2, 0x55, 0x85,
    0xC8, 0xAF, 0x0E, 0x58, 0x89, 0x84, 0x43, 0x11, 0x67, 0xD4, 0x4B, 0xC5, 0xCB, 0x6C, 0x26, 0x36,
    0xF1, 0x52, 0x09, 0xC4, 0x24, 0x12, 0xEA, 0xC5, 0x09, 0x09, 0x30, 0x9C, 0xCE, 0x5A, 0x22, 0xA6,
    0xAA, 0x52, 0xC1, 0x7D, 0x72, 0x84, 0xC4, 0xE3, 0x5B, 0xA4, 0x41, 0xF2, 0x0D, 0x86, 0x57, 0x95,
    0x33, 0x12, 0x56, 0x55, 0x5F, 0x5E, 0x90, 0x5E, 0x22, 0xDF, 0x13, 0x57, 0xFE, 0xD0, 0xBB, 0x16,
    0x87, 0x3B, 0x43, 0xB1, 0xB8, 0x6B, 0x56, 0x2E, 0x80, 0x4E, 0xCB, 0x02, 0x06, 0x8F, 0x17, 0x70,
    0xC6, 0x26, 0x5B, 0x12, 0x55, 0x95, 0x6C, 0x9E, 0xF3, 0xC9, 0x4F, 0xDA, 0x23, 0x53, 0x25, 0x61,
    0xDF, 0x1D, 0xC5, 0x90, 0xAC, 0x0F, 0x01, 0xA5, 0x10, 0x93, 0xBB, 0xA9, 0x98, 0xC2, 0x8B, 0xC5,
    0x2D, 0xB0, 0x36, 0xA7, 0x9C, 0xC5, 0x8D, 0xFD, 0x65, 0x90, 0x41, 0x0E, 0xB2, 0x0D, 0xD9, 0xC8,
    0x42, 0x5E, 0xEB, 0x7D, 0x8A, 0x9F, 0x2D, 0x8C, 0xB7, 0xB6, 0x7F, 0x2B, 0x52, 0x55, 0x03, 0xDE,
    0x42, 0xAE, 0x7D, 0x0C, 0xB7, 0x04, 0x59, 0x1A, 0x25, 0xBC, 0x80, 0x27, 0x36, 0x0E, 0x7D, 0xD4,
    0x0E, 0x47, 0x4E, 0x38, 0xBD, 0x4C, 0xFC, 0xDD, 0xBE, 0xCC, 0xE3, 0xF9, 0x06, 0x0C, 0xB5, 0x02,
    0xA1, 0xB7, 0x70, 0xD3, 0x2A, 0x46, 0x04, 0x16, 0xED, 0x52, 0x9C, 0x9B, 0x95, 0x98, 0xF7, 0xAB,
    0xD4, 0x4B, 0x82, 0xDC, 0x4B, 0x21, 0x5E, 0xE1, 0x14, 0x66, 0x04, 0x71, 0xAB, 0x5B, 0x99, 0x84,
    0xF7, 0xA1, 0x5C, 0x88, 0xA4, 0x26, 0xA4, 0x32, 0x2D, 0x18, 0x58, 0x30, 0x9A, 0x01, 0x8B, 0x86,
    0x84, 0x3B, 0x85, 0x4C, 0x55, 0xB1, 0xCC, 0x9B, 0x34, 0xF2, 0xB3, 0x26, 0xF4, 0x2F, 0xE7, 0x2E,
    0xE3, 0x2E, 0xBF, 0xC2, 0x49, 0x69, 0xC5, 0x5E, 0x21, 0x0E, 0x8C, 0x06, 0xDB, 0xA5, 0x67, 0x2E,
    0x5B, 0x3C, 0xD8, 0x1B, 0x7A, 0xC9, 0x05, 0x93, 0x87, 0x6E, 0xDA, 0xF0, 0x93, 0x69, 0x27, 0x5B,
    0xA0, 0xF6, 0x8B, 0x65, 0xAA, 0xBF, 0xA6, 0x1B, 0xCB, 0xA1, 0x52, 0xFD, 0xBE, 0xA0, 0xE7, 0x1B,
    0x34, 0x53, 0x3E, 0xEB, 0x65, 0x9E, 0x93, 0x4D, 0xBB, 0x7B, 0xDB, 0x26, 0xF5, 0xE3, 0xA5, 0xD2,
    0x8F, 0x4D, 0x26, 0x58, 0x17, 0x74, 0xE2, 0x40, 0x2D, 0xC1, 0x4E, 0x07, 0x3F, 0x9D, 0xDE, 0x3D,
    0xEA, 0xFE, 0x13, 0x73, 0xAB, 0xB4, 0xEF, 0x17, 0x81, 0x53, 0x2C, 0xBA, 0x79, 0xD3, 0x50, 0xB0,
    0xA6, 0x9F, 0x2E, 0x7E, 0x3F, 0x0D, 0xAE, 0x96, 0x32, 0x0D, 0x23, 0x34, 0x2C, 0xE4, 0x6A, 0xC2,
    0x2A, 0x7D, 0x09, 0x7E, 0x5D, 0x48, 0x64, 0xE1, 0x81, 0x3E, 0x3C, 0xE8, 0x52, 0x2E, 0x7E, 0x0A,
    0x43, 0xA5, 0x9B, 0x22, 0xD9, 0x82, 0xBC, 0xB6, 0xB6, 0x96, 0xC0, 0x22, 0x64, 0xFC, 0x90, 0x01,
    0x5F, 0x8E, 0xDB, 0xD4, 0xCF, 0x43, 0x96, 0xFD, 0xE7, 0x4F, 0x63, 0x2C, 0x3B, 0xA8, 0xFA, 0x58,
    0xB6, 0x0B, 0x69, 0xD2, 0x86, 0x03, 0xB1, 0xB2, 0x05, 0x50, 0x2C, 0x78, 0x9F, 0x36, 0xB1, 0x60,
    0xA7, 0x2A, 0x49, 0xEF, 0x17, 0x58, 0xB6, 0x53, 0x94, 0x58, 0xB6, 0x53, 0x6C, 0x61, 0xD9, 0x6E,
    0x11, 0x61, 0xD9, 0xFE, 0xBD, 0xE0, 0xCB, 0xD4, 0xFF, 0xF9, 0xC8, 0xEE, 0x3E, 0x74, 0xD9, 0x2F,
    0xAF, 0xAD, 0x7D, 0x02, 0x61, 0xFB, 0xDE, 0x50, 0x82, 0x4E, 0xDC, 0x30, 0xE9, 0x8A, 0x9B, 0xAD,
    0x38, 0x19, 0x28, 0xBE, 0xE3, 0x0C, 0xCE, 0x8B, 0x2F, 0x0F, 0x1C, 0x5C, 0xE3, 0x6B, 0x0C, 0x90,
    0x07, 0x5D, 0x1F, 0x7F, 0x0E, 0x74, 0x01, 0x67, 0xC8, 0xCD, 0x37, 0x7D, 0x93, 0x6E, 0xE1, 0x4F,
    0xE4, 0x86, 0xD0, 0xB5, 0xE1, 0x66, 0xB1, 0x34, 0xF9, 0xD5, 0x4B, 0x5F, 0x0F, 0xDE, 0xDC, 0x68,
    0x57, 0x74, 0x69, 0xA7, 0xCA, 0xBC, 0x7F, 0x14, 0x36, 0xE9, 0x7B, 0x90, 0xD7, 0x2D, 0xC4, 0xCF,
    0x9C, 0x11, 0x84, 0x46, 0x14, 0xE4, 0x67, 0x4D, 0xB1, 0x61, 0xF2, 0x2D, 0x9B, 0x86, 0x23, 0xB2,
    0x74, 0xAE, 0x1B, 0xDC, 0x37, 0x2F, 0xCB, 0x74, 0x33, 0x1F, 0xE6, 0x10, 0xAB, 0x24, 0x91, 0x45,
    0x09, 0x62, 0x38, 0x1B, 0xDC, 0x62, 0x8B, 0x64, 0x80, 0xB3, 0x60, 0xB6, 0xC8, 0xE5, 0xAF, 0x22,
    0x86, 0x70, 0x16, 0x8C, 0x07, 0x88, 0x2B, 0x25, 0x2E, 0x62, 0xAD, 0xF4, 0xFA, 0xE2, 0x8F, 0xB6,
    0x46, 0xA9, 0x0D, 0xB3, 0x36, 0xF4, 0x8F, 0xCF, 0xCC, 0x04, 0x0C, 0x22, 0x25, 0xE9, 0x3E, 0x09,
    0x62, 0x8D, 0x77, 0x84, 0x5D, 0x58, 0xED, 0x96, 0xD0, 0xC4, 0xD5, 0x0C, 0x36, 0x05, 0xE9, 0x4D,
    0x48, 0x7B, 0x42, 0xF4, 0x6A, 0x40, 0xE2, 0x92, 0x88, 0x39, 0x05, 0xF1, 0xAF, 0xC2, 0x43, 0xAA,
    0xAB, 0xF0, 0x9D, 0xB7, 0x2E, 0xAE, 0x61, 0x39, 0x44, 0x49, 0xE8, 0x2F, 0x76, 0x13, 0xAC, 0xA4,
    0x8F, 0x55, 0xF5, 0xD7, 0x0B, 0x60, 0xCF, 0x14, 0xC5, 0x9E, 0xAA, 0xC4, 0x2E, 0x0A, 0x2F, 0x5F,
    0xA1, 0x16, 0x88, 0x05, 0x7D, 0x2E, 0x1D, 0x4E, 0xF6, 0xE2, 0x37, 0x74, 0x41, 0x69, 0x27, 0x70,
    0x79, 0x3F, 0xE9, 0x07, 0x32, 0x88, 0x64, 0xB0, 0x28, 0xFD, 0x45, 0xF8, 0xBE, 0xC9, 0x03, 0x3F,
    0x85, 0xD9, 0x4D, 0xFA, 0xAE, 0x38, 0x39, 0xD0, 0x0D, 0x8E, 0x26, 0x5B, 0x88, 0xA9, 0x16, 0x75,
    0x8B, 0x31, 0x08, 0x63, 0xB7, 0x58, 0x85, 0xC5, 0x0A, 0x99, 0x36, 0xA9, 0x2C, 0xF8, 0x1A, 0xE0,
    0x54, 0x56, 0x8F, 0x68, 0x68, 0x7B, 0xB4, 0xE7, 0x99, 0x45, 0xF5, 0xF4, 0x26, 0xD8, 0x70, 0x7E,
    0xAA, 0x73, 0x4B, 0xE6, 0x14, 0x91, 0x56, 0x14, 0x92, 0x0A, 0x37, 0x91, 0xD2, 0xCD, 0x6C, 0xEA,
    0x14, 0x5E, 0x12, 0x41, 0x7C, 0x2B, 0x77, 0x11, 0x14, 0x57, 0xCC, 0xD7, 0xD0, 0xED, 0x0D, 0xAB,
    0x31, 0x3C, 0x0B, 0xDD, 0x9B, 0x74, 0x03, 0x8B, 0xF0, 0x2F, 0x56, 0xC0, 0x71, 0x4C, 0xD1, 0x55,
    0xC0, 0xC5, 0x6A, 0x36, 0x65, 0x6A, 0x04, 0xF9, 0xC4, 0x62, 0x1D, 0x56, 0x4F, 0xF6, 0x78, 0x92,
    0xB3, 0xE7, 0x9C, 0x9D, 0xF3, 0x36, 0xE9, 0x5E, 0x0A, 0x3B, 0x7C, 0xA4, 0xA1, 0xB3, 0x6F, 0x72,
    0x76, 0xE7, 0xEF, 0x78, 0xAA, 0x34, 0x37, 0xBF, 0xCA, 0x9D, 0xC2, 0x5A, 0xB7, 0x30, 0xC5, 0x1C,
    0x68, 0xBB, 0xDA, 0x72, 0x4C, 0xAE, 0x8E, 0x99, 0x8A, 0x9B, 0x11, 0xE3, 0xBD, 0x84, 0xFA, 0xB3,
    0x3C, 0x07, 0xE9, 0xC9, 0x73, 0x05, 0xDC, 0x52, 0xFC, 0xDC, 0x5E, 0x47, 0xCA, 0x72, 0xAA, 0x2A,
    0x91, 0x73, 0xB1, 0xFA, 0x6C, 0x89, 0xCB, 0x06, 0xC1, 0x67, 0x71, 0xE4, 0x94, 0x4E, 0xAC, 0x53,
    0x42, 0xE1, 0x78, 0xF6, 0xED, 0x0C, 0xFC, 0xA4, 0x4A, 0xC0, 0x4F, 0xBC, 0x82, 0xDA, 0x70, 0xCA,
    0x39, 0xB9, 0xFC, 0x92, 0x53, 0xAE, 0x98, 0xA2, 0xE1, 0x16, 0x85, 0xCD, 0xA3, 0xCE, 0xDF, 0xB2,
    0x1F, 0xE5, 0xFE, 0xC8, 0x4B, 0xFE, 0x89, 0x5B, 0xAD, 0xF9, 0x10, 0x93, 0x35, 0x7C, 0x38, 0xB5,
    0xDC, 0x98, 0x25, 0x96, 0x41, 0xBC, 0x01, 0x25, 0x08, 0x63, 0xAE, 0x2A, 0xA4, 0xC2, 0x1D, 0x98,
    0xBA, 0x81, 0xFC, 0x94, 0x71, 0x79, 0xCE, 0x50, 0x1C, 0x98, 0xB8, 0xDC, 0x0F, 0xBD, 0x8C, 0x06,
    0x60, 0xEA, 0x48, 0x61, 0x67, 0x38, 0xB8, 0x46, 0x06, 0xF5, 0x37, 0xE0, 0x5F, 0x63, 0x20, 0xCD,
    0xAE, 0x74, 0xA3, 0x8B, 0xFD, 0xA0, 0xCA, 0x9D, 0x37, 0x35, 0x96, 0xF4, 0x31, 0xCD, 0x18, 0xE3,
    0xE4, 0x3C, 0xAF, 0x54, 0x43, 0x41, 0x9C, 0x83, 0xA0, 0xAE, 0xDD, 0x5F, 0x33, 0x01, 0xA0, 0x4C,
    0xE9, 0x5D, 0x46, 0x85, 0xFB, 0x57, 0x52, 0x15, 0x5C, 0xAC, 0xCF, 0x98, 0x9F, 0xF1, 0x48, 0x1B,
    0x1E, 0xA3, 0x7A, 0x13, 0x1E, 0x8A, 0x55, 0x90, 0x52, 0x51, 0xD0, 0x03, 0x7D, 0x16, 0xF6, 0x83,
    0xE6, 0x64, 0xFE, 0xCD, 0x9F, 0xF5, 0x69, 0x44, 0xA2, 0xD3, 0x26, 0x85, 0x20, 0x12, 0x62, 0xB9,
    0x39, 0x69, 0x78, 0x4F, 0xCE, 0x57, 0x49, 0x6F, 0x84, 0x48, 0x22, 0x6B, 0x79, 0x55, 0x85, 0xD8,
    0x96, 0xFD, 0xDC, 0xA6, 0xB7, 0x89, 0xD4, 0x29, 0xF4, 0xD9, 0xA7, 0x46, 0xCE, 0x29, 0x9D, 0xD1,
    0xAA, 0x6C, 0x11, 0x79, 0xCA, 0x8D, 0x1B, 0x9C, 0x9D, 0x31, 0x85, 0xDA, 0xE0, 0x99, 0xA7, 0x45,
    0xCE, 0x6D, 0xF8, 0xB3, 0x98, 0xCE, 0x2E, 0x26, 0x9E, 0x82, 0x13, 0x1D, 0xFB, 0x3C, 0x51, 0xD9,
    0x9C, 0x62, 0x5E, 0x6B, 0x17, 0xC2, 0x2F, 0x13, 0xDE, 0x03, 0x3F, 0x4F, 0x56, 0x7B, 0xA1, 0xCE,
    0xB8, 0x47, 0x6E, 0x4E, 0xFA, 0x86, 0xD2, 0x05, 0xD2, 0x7C, 0xB3, 0xCE, 0x79, 0x8F, 0x44, 0xB6,
    0x9D, 0xF5, 0x89, 0x6C, 0x73, 0x2A, 0xD5, 0x7F, 0x29, 0x5B, 0x45, 0xD4, 0x44, 0x92, 0xBF, 0xAB,
    0x0C, 0xC4, 0x5C, 0x4B, 0x1C, 0x4E, 0xE0, 0x87, 0xB1, 0x96, 0x21, 0x17, 0xA2, 0xBA, 0x1C, 0x59,
    0x80, 0x7E, 0xA9, 0xC4, 0x62, 0x51, 0x15, 0xEA, 0x66, 0x2D, 0x3D, 0x7A, 0x49, 0x77, 0x0C, 0x00,
    0xA3, 0xB5, 0xEB, 0x5A, 0xE9, 0xD6, 0xEC, 0x36, 0x1D, 0x8D, 0x3A, 0xD9, 0x5B, 0xAB, 0xA3, 0x4F,
    0xE5, 0x62, 0xFC, 0xA9, 0xDC, 0xC0, 0xA5, 0xFA, 0xD8, 0x10, 0xAC, 0x66, 0x9A, 0xD0, 0x89, 0x15,
    0x3E, 0x0F, 0xBF, 0x27, 0x04, 0x35, 0xE4, 0x7C, 0x29, 0x4B, 0x19, 0x90, 0xAA, 0x87, 0x5A, 0x97,
    0xC5, 0x32, 0xCB, 0x52, 0x30, 0xD9, 0x43, 0xCD, 0x19, 0xA6, 0x3E, 0x80, 0x15, 0x8F, 0x63, 0x02,
    0x83, 0x4A, 0x1F, 0xA0, 0xA3, 0xE1, 0x13, 0x4C, 0x14, 0x1D, 0xC5, 0xFB, 0xC9, 0xB8, 0x3D, 0x21,
    0xAD, 0x09, 0x89, 0x26, 0x24, 0x48, 0xE4, 0x25, 0x3E, 0xBB, 0x29, 0xEE, 0x68, 0x1D, 0x2C, 0xC2,
    0x11, 0x1E, 0x34, 0xE4, 0xE0, 0xA9, 0x6C, 0xE5, 0x04, 0x3B, 0xF8, 0x4D, 0x95, 0x53, 0xA9, 0x1B,
    0xBD, 0x2C, 0xFB, 0x15, 0xBE, 0xA7, 0x86, 0x52, 0xFB, 0xE9, 0x23, 0x67, 0xC7, 0xEE, 0xD6, 0xAE,
    0xAA, 0xA1, 0x84, 0x7B, 0x6B, 0x5A, 0x3C, 0x34, 0x6A, 0x82, 0x85, 0x2E, 0x70, 0x95, 0x67, 0xB9,
    0x44, 0x39, 0x44, 0x82, 0x9D, 0x4F, 0x69, 0x86, 0xE1, 0x61, 0xD9, 0x0E, 0xE4, 0xED, 0xD6, 0x80,
    0xEB, 0xA4, 0x34, 0x60, 0x8A, 0x45, 0x7B, 0xC9, 0x8B, 0x7D, 0x59, 0x8A, 0x7B, 0xAC, 0x2C, 0xF6,
    0x11, 0x44, 0xF9, 0x44, 0x13, 0x50, 0xD6, 0x02, 0x29, 0x7E, 0xFC, 0xB2, 0x28, 0xE8, 0x56, 0x6A,
    0x6E, 0xDA, 0xFA, 0x26, 0x44, 0x9B, 0x47, 0x76, 0x41, 0x9B, 0x13, 0x3F, 0x6E, 0x59, 0xB4, 0x63,
    0x68, 0x31, 0x6C, 0xF4, 0xDB, 0xD1, 0xCF, 0x63, 0x13, 0xE3, 0x39, 0xAC, 0x9B, 0x32, 0x68, 0xF2,
    0xA1, 0x87, 0xB0, 0xAE, 0x79, 0x61, 0x5F, 0x08, 0xE4, 0x69, 0x34, 0x5B, 0x06, 0xDE, 0xA5, 0x01,
    0x9C, 0xD7, 0xF7, 0x72, 0x52, 0x3B, 0x6E, 0x26, 0xE1, 0xA2, 0xCC, 0xE5, 0x3A, 0x69, 0x34, 0x9E,
    0xB2, 0xAB, 0x85, 0x4A, 0x9D, 0x84, 0x31, 0x90, 0xB5, 0x95, 0x4D, 0x4F, 0xA3, 0xD9, 0xFD, 0xB8,
    0x66, 0x42, 0xBC, 0x23, 0x14, 0x12, 0x60, 0xE2, 0xEF, 0x70, 0xBE, 0x57, 0x6B, 0x83, 0xBB, 0x08,
    0x0C, 0xFF, 0x66, 0x2A, 0x33, 0xA8, 0x60, 0x7E, 0x20, 0x97, 0xBF, 0xB3, 0xF9, 0x02, 0xC4, 0x5A,
    0x78, 0xA9, 0x90, 0xC0, 0x64, 0xC7, 0x0C, 0xFA, 0xE8, 0xE7, 0x6A, 0x57, 0xC4, 0x83, 0x70, 0xAF,
    0x53, 0xF3, 0x1C, 0x2A, 0x8D, 0x94, 0x37, 0x58, 0xB1, 0xA7, 0x4B, 0x8F, 0xFE, 0x25, 0xA0, 0x6E,
    0x67, 0x27, 0xB1, 0x29, 0xAA, 0xFE, 0xAC, 0x2E, 0xA5, 0x02, 0xA5, 0x80, 0xA5, 0x96, 0xE2, 0xD2,
    0xAA, 0xC2, 0x11, 0x66, 0x1C, 0x72, 0x3E, 0x4E, 0x37, 0x10, 0xC0, 0x19, 0xDC, 0x06, 0x2D, 0xC3,
    0x8B, 0x7B, 0xEB, 0x38, 0x0D, 0xC7, 0xF9, 0x58, 0xD7, 0xD4, 0x8B, 0x79, 0x34, 0x77, 0xEF, 0x6B,
    0x9D, 0xE0, 0x8C, 0x4E, 0xE4, 0x34, 0x74, 0xD8, 0x01, 0xD7, 0x0D, 0x16, 0x90, 0xD4, 0x0C, 0xD4,
    0xC3, 0xD0, 0x5F, 0x33, 0xFC, 0xBD, 0x9E, 0xA2, 0xB6, 0x1F, 0x25, 0xAC, 0x29, 0x6D, 0x90, 0xB2,
    0x2C, 0xB5, 0x36, 0xE3, 0x61, 0xDA, 0x2B, 0x88, 0x72, 0x17, 0x4C, 0xE9, 0x61, 0x81, 0xB3, 0x6E,
    0xDF, 0x57, 0x20, 0x1E, 0xB0, 0x86, 0x5B, 0x90, 0x6D, 0x1E, 0x96, 0x25, 0x9A, 0x51, 0xEF, 0x89,
    0x7E, 0xC9, 0x6E, 0x59, 0x82, 0x3B, 0xEA, 0xBF, 0x76, 0xA0, 0xE0, 0x82, 0x26, 0x88, 0xA0, 0x47,
    0x65, 0x23, 0x99, 0x70, 0xD7, 0x80, 0x8D, 0xAA, 0x02, 0x20, 0x1D, 0x9E, 0x4D, 0xD6, 0x7E, 0xBD,
    0xA5, 0x27, 0x17, 0x8E, 0x88, 0xBD, 0x84, 0x8E, 0xD2, 0xDB, 0xEB, 0x40, 0x70, 0x66, 0xD3, 0x2E,
    0x16, 0xAF, 0x7A, 0xA0, 0xD9, 0xBA, 0x16, 0xC2, 0xB6, 0x88, 0xE4, 0x2D, 0x22, 0xF9, 0x36, 0x91,
    0x7C, 0x9B, 0xB6, 0x1A, 0x12, 0xC4, 0x07, 0x20, 0xCE, 0xA0, 0x45, 0x33, 0xB5, 0x68, 0x8C, 0x88,
    0x36, 0x56, 0x1D, 0xC3, 0x1E, 0x6D, 0x76, 0x80, 0x50, 0xE9, 0xA8, 0x93, 0xAB, 0x54, 0x13, 0x61,
    0x34, 0x1B, 0xAC, 0x6A, 0x6D, 0x20, 0x63, 0x78, 0x7F, 0x12, 0xB2, 0x7C, 0xC2, 0xC9, 0xA9, 0x3E,
    0x9F, 0x86, 0x9C, 0xB7, 0x9A, 0xC2, 0x93, 0x27, 0x22, 0xCB, 0x19, 0x75, 0x9E, 0xFC, 0x75, 0x91,
    0x5B, 0xA3, 0x5C, 0x9C, 0x24, 0x8A, 0x9F, 0x88, 0x18, 0x35, 0x42, 0x33, 0x3A, 0x9B, 0x5E, 0x72,
    0xC2, 0xB9, 0x1F, 0x93, 0x18, 0x67, 0xD5, 0xCB, 0x2D, 0xB0, 0xB2, 0x89, 0x56, 0x0E, 0xED, 0xD9,
    0x97, 0x59, 0x9D, 0xE5, 0x5B, 0x75, 0xB6, 0xE7, 0x6F, 0x9E, 0xE7, 0x75, 0xDE, 0xB7, 0x9F, 0xE0,
    0x67, 0x29, 0xE1, 0x32, 0x25, 0xCC, 0xF7, 0x25, 0xF4, 0x28, 0xE1, 0x34, 0x25, 0x6C, 0x50, 0xC2,
    0x0D, 0x48, 0xE8, 0x64, 0x90, 0xD0, 0x24, 0x90, 0xD0, 0x52, 0xC2, 0x59, 0x4A, 0xB8, 0x4C, 0x09,
    0x73, 0x48, 0x68, 0x52, 0x48, 0xE8, 0x53, 0xC2, 0x0B, 0x94, 0x70, 0x81, 0x12, 0x16, 0x94, 0x10,
    0x17, 0xC5, 0xA3, 0x84, 0x96, 0x12, 0xCE, 0xD6, 0x13, 0xFE, 0x42, 0x26, 0x29, 0xA7, 0xDE, 0x52,
    0x14, 0x5F, 0x95, 0xE6, 0x1E, 0x4B, 0x6E, 0x51, 0x95, 0xDB, 0x2A, 0xFD, 0x61, 0x95, 0x3C, 0x37,
    0x62, 0x43, 0x87, 0x00, 0x74, 0x0B, 0xED, 0x56, 0x0B, 0x46, 0x2E, 0xCB, 0xA5, 0x8C, 0x08, 0x86,
    0xC7, 0x80, 0x60, 0x46, 0x81, 0xCB, 0x10, 0xB8, 0x04, 0x58, 0x60, 0x75, 0x9B, 0x26, 0x50, 0x1A,
    0x6A, 0xC7, 0x0C, 0xBD, 0x4D, 0x2B, 0xBD, 0x20, 0xB2, 0xA8, 0xB2, 0x2C, 0x6A, 0x1B, 0x1D, 0x69,
    0x66, 0x09, 0xB5, 0x52, 0xF4, 0xF7, 0x3A, 0x09, 0x37, 0x8A, 0xEA, 0x7A, 0xAF, 0x2E, 0x8E, 0xEA,
    0xA2, 0xAB, 0x2E, 0x9E, 0xDC, 0x43, 0x8D, 0xD7, 0xD3, 0x23, 0x67, 0xDD, 0xC9, 0x7A, 0xFA, 0xC3,
    0x6E, 0xA9, 0x3F, 0x6A, 0x27, 0x9B, 0x7B, 0x4F, 0x97, 0x9C, 0xA5, 0x6E, 0x31, 0xF7, 0xB5, 0xEA,
    0x28, 0xE6, 0x1F, 0xD4, 0xDA, 0x3C, 0x71, 0x8B, 0xD3, 0x35, 0x39, 0x71, 0x0D, 0xF9, 0x5A, 0x17,
    0x73, 0x13, 0x07, 0x55, 0x5F, 0xFD, 0xE9, 0x55, 0x17, 0xAB, 0xC1, 0xD2, 0x9E, 0x74, 0x6E, 0xA3,
    0xD8, 0xB6, 0x31, 0x64, 0x99, 0xA9, 0x4B, 0x2E, 0x97, 0xDB, 0x1E, 0x08, 0x6C, 0x84, 0xDC, 0x80,
    0x10, 0xD0, 0x9D, 0xA6, 0x8B, 0xB3, 0xF3, 0x8D, 0xB8, 0xE1, 0x1C, 0x66, 0x75, 0x91, 0x3E, 0xEE,
    0xDE, 0xC2, 0xA3, 0xD5, 0xFB, 0xA4, 0xFA, 0x3A, 0x5F, 0x5D, 0xA7, 0x12, 0x0A, 0x2D, 0x03, 0xB2,
    0x3A, 0x81, 0xD7, 0xDD, 0x85, 0xB9, 0x77, 0x99, 0x3B, 0x70, 0x23, 0x22, 0x40, 0xC8, 0x85, 0xFB,
    0x6C, 0x2F, 0x70, 0xC9, 0x32, 0x62, 0x03, 0xB6, 0x22, 0x61, 0xAC, 0x49, 0xDD, 0x23, 0x81, 0x7A,
    0x5A, 0x68, 0x2F, 0xA4, 0xEB, 0x54, 0x14, 0x1A, 0x69, 0x6D, 0xF4, 0x9B, 0x71, 0x6D, 0xA0, 0xCB,
    0x53, 0xC6, 0xED, 0x7A, 0x9F, 0x52, 0xF1, 0x09, 0xC9, 0x96, 0x8A, 0xB0, 0x19, 0x91, 0x2C, 0x48,
    0x58, 0x93, 0x44, 0xDC, 0xAF, 0x84, 0xCA, 0x40, 0xED, 0xC8, 0xC5, 0xBD, 0x53, 0x43, 0xBB, 0x83,
    0x7B, 0x06, 0x2A, 0xF3, 0x40, 0xBB, 0xD3, 0x7E, 0x53, 0xB7, 0x76, 0x78, 0xC6, 0x2D, 0x02, 0x56,
    0x87, 0x85, 0xDF, 0x27, 0x65, 0x8E, 0x87, 0x76, 0x14, 0xB1, 0xB8, 0x66, 0xFF, 0xF3, 0x84, 0x45,
    0xC5, 0x17, 0xA9, 0x85, 0x69, 0x3E, 0x48, 0xA1, 0x80, 0xE0, 0xD2, 0xDE, 0x90, 0x96, 0x62, 0xCB,
    0x18, 0xC9, 0x44, 0x17, 0x9A, 0xDF, 0xEA, 0x4A, 0x46, 0xEA, 0xBE, 0xEB, 0x6D, 0x0D, 0xBA, 0xBA,
    0x5D, 0xD1, 0xAE, 0x88, 0x39, 0x59, 0x8B, 0xA6, 0xE2, 0xA0, 0x4D, 0xF1, 0x87, 0x6F, 0x48, 0xBB,
    0x53, 0xBA, 0x7D, 0x53, 0x78, 0xB9, 0x29, 0xA0, 0x9A, 0x3C, 0x8C, 0x3D, 0x80, 0xA5, 0x9F, 0x02,
    0x86, 0xD2, 0x6D, 0x28, 0xAB, 0x8B, 0x75, 0x75, 0x91, 0x43, 0xBB, 0xD2, 0xC6, 0xB8, 0x2B, 0x2D,
    0xB3, 0x24, 0xD1, 0xEF, 0xC2, 0x7F, 0xF9, 0xA5, 0x7F, 0xBB, 0xD6, 0x32, 0x01, 0x7C, 0x5E, 0x4B,
    0x86, 0x49, 0xA5, 0x79, 0x6A, 0xBE, 0xDB, 0xAC, 0x28, 0xEB, 0x06, 0x82, 0xFD, 0xC3, 0xD9, 0x31,
    0xE3, 0xD3, 0xF2, 0x0D, 0x6E, 0x2F, 0xC8, 0x1F, 0xE1, 0x28, 0xF1, 0xB9, 0x03, 0x30, 0x3A, 0x2D,
    0x4F, 0x66, 0x31, 0xB6, 0x19, 0xC7, 0xBB, 0x8C, 0xD3, 0xF2, 0xE5, 0x26, 0x8B, 0xBF, 0x9E, 0xE8,
    0x3B, 0x05, 0x0E, 0x8B, 0xC8, 0xD5, 0xAE, 0xEA, 0xA7, 0x8F, 0x86, 0xFF, 0xF9, 0x7B, 0x4E, 0x85,
    0x42, 0xB7, 0x73, 0xAD, 0x93, 0x9B, 0xD2, 0x0C, 0xE1, 0x82, 0xB9, 0x03, 0x5E, 0x28, 0x14, 0x0B,
    0x53, 0x80, 0x53, 0xEE, 0x2B, 0xAF, 0x30, 0x69, 0x89, 0xDD, 0x1D, 0x22, 0xD0, 0x2C, 0xCA, 0xD2,
    0xAE, 0x86, 0x63, 0x57, 0x1D, 0xAA, 0xAB, 0x3B, 0x16, 0xAB, 0xB2, 0xC4, 0x77, 0x4B, 0x72, 0x13,
    0xB8, 0x19, 0xEE, 0xFE, 0x78, 0xB4, 0x4D, 0x48, 0x5D, 0xBA, 0x5D, 0x97, 0x39, 0xDB, 0xBD, 0xC4,
    0x2D, 0x11, 0x75, 0x99, 0x9F, 0xA2, 0x26, 0x8E, 0xF7, 0x8B, 0xEF, 0xD6, 0x78, 0x63, 0xAE, 0x7B,
    0x68, 0xB4, 0xE4, 0x19, 0x5C, 0x7B, 0x45, 0xEC, 0x4E, 0x09, 0xD3, 0x27, 0xF5, 0x5B, 0xB8, 0xE1,
    0xE4, 0xCD, 0x90, 0xE6, 0xBC, 0x97, 0xF1, 0x50, 0x70, 0x7B, 0x8C, 0x09, 0x54, 0xB7, 0x66, 0x96,
    0x8D, 0xC3, 0xFE, 0xCC, 0x39, 0x63, 0x04, 0x55, 0xE2, 0xA3, 0xFE, 0xB6, 0x49, 0x90, 0xF0, 0x2D,
    0x61, 0x04, 0x5D, 0xB6, 0x3B, 0x85, 0xF4, 0x50, 0x25, 0x9F, 0x9C, 0x73, 0xF6, 0x60, 0x4E, 0x6D,
    0x1B, 0x88, 0x5F, 0xCD, 0x71, 0xCF, 0x1F, 0x3F, 0x22, 0xBE, 0xC3, 0xBA, 0x2E, 0xB7, 0x1F, 0x81,
    0xB5, 0x39, 0xEC, 0xCF, 0xA7, 0xE3, 0x3B, 0xE7, 0xD5, 0x2F, 0x97, 0x4E, 0xFA, 0xDE, 0xA9, 0xF8,
    0xC2, 0x56, 0x19, 0x8A, 0xE5, 0xE5, 0x7A, 0x4F, 0x32, 0x84, 0x3F, 0x98, 0xDC, 0x53, 0x1B, 0x2A,
    0xAF, 0x38, 0x14, 0xE5, 0x26, 0xE1, 0x67, 0xC0, 0x73, 0x5F, 0xBB, 0xA1, 0xE6, 0xB8, 0xD2, 0xAF,
    0x77, 0x31, 0x43, 0x4D, 0x3E, 0xC8, 0x06, 0x5E, 0x46, 0xDC, 0x99, 0xB4, 0x47, 0x81, 0x6E, 0x49,
    0x87, 0xEA, 0x05, 0xEC, 0x8A, 0x3E, 0xE3, 0xEE, 0x0B, 0x8B, 0x9D, 0xA1, 0x04, 0x81, 0xAC, 0x78,
    0xF1, 0xFF, 0xC7, 0xA1, 0xE1, 0x27, 0xAB, 0x96, 0x6F, 0xFD, 0x0E, 0x52, 0xE2, 0xFF, 0xC8, 0xA1,
    0x46, 0xC9, 0x78, 0x59, 0xFC, 0x6F, 0xF1, 0x83, 0x28, 0x5C, 0xB1, 0x46, 0x4F, 0xE4, 0x2C, 0x35,
    0x0B, 0x26, 0xE7, 0xEF, 0x17, 0x32, 0xEA, 0x40, 0x13, 0x1E, 0xFC, 0xD9, 0x94, 0x41, 0xC2, 0xED,
    0x46, 0xB7, 0x6C, 0x03, 0xC0, 0xB9, 0x15, 0xD5, 0xD5, 0xE1, 0xE5, 0x88, 0x92, 0x74, 0x15, 0x53,
    0x44, 0xD0, 0x69, 0xB0, 0xDB, 0xAF, 0xAD, 0x14, 0x94, 0xB3, 0xF2, 0x1E, 0x51, 0xE7, 0x4C, 0x7C,
    0x20, 0x5F, 0x98, 0x84, 0xFF, 0xDE, 0x2D, 0xCC, 0xB7, 0x6E, 0x61, 0xEE, 0xB8, 0xE0, 0xEA, 0x22,
    0xFE, 0x10, 0x83, 0x88, 0x62, 0x6A, 0xDF, 0xC2, 0x6E, 0x41, 0x6C, 0x81, 0xF8, 0x36, 0xE5, 0x9B,
    0xAA, 0xC5, 0xF1, 0x58, 0x45, 0x2C, 0x6E, 0x89, 0xD1, 0x7D, 0x7A, 0x2E, 0xAC, 0xEE, 0x69, 0x96,
    0x8F, 0x45, 0x40, 0x87, 0xAF, 0x5A, 0x73, 0xF0, 0x2A, 0xF6, 0xE5, 0xE4, 0x68, 0x61, 0x74, 0x8F,
    0xC9, 0xDA, 0x1A, 0xCB, 0x6A, 0x77, 0x27, 0x11, 0x70, 0x08, 0xD1, 0x37, 0x8F, 0x45, 0xC0, 0x69,
    0xF8, 0x0E, 0xC7, 0x88, 0xFE, 0x51, 0x2C, 0x73, 0xC7, 0x23, 0xE0, 0x14, 0x7C, 0x83, 0xDB, 0x27,
    0x74, 0x7B, 0x6A, 0x9E, 0xF3, 0xA6, 0x8E, 0x2A, 0x1E, 0x4F, 0x44, 0xD5, 0x29, 0xF8, 0xF2, 0x7D,
    0x74, 0x30, 0x3E, 0x1E, 0x29, 0xDF, 0xAA, 0x8C, 0x6F, 0x40, 0x8F, 0x9C, 0x3C, 0x7A, 0xAF, 0x1B,
    0xD7, 0x2F, 0x4C, 0xDD, 0xEA, 0x1D, 0xB8, 0xE9, 0x3A, 0x90, 0x69, 0xE0, 0xF0, 0xA5, 0x27, 0xFA,
    0x49, 0x2F, 0xB7, 0x9C, 0x6C, 0x96, 0x64, 0x99, 0xF0, 0x8C, 0xB9, 0xC3, 0x4B, 0xC9, 0x40, 0xC2,
    0x9F, 0x70, 0xAB, 0xF7, 0x1D, 0xDC, 0x17, 0x72, 0xAB, 0x38, 0xC8, 0x3C, 0x6E, 0x58, 0x80, 0xA7,
    0x65, 0x05, 0x31, 0xC7, 0x02, 0x62, 0x59, 0xC6, 0xBB, 0xA0, 0x5A, 0x1C, 0x4C, 0xC0, 0x74, 0x12,
    0x42, 0x03, 0xC4, 0x10, 0xDB, 0x99, 0xBE, 0xC9, 0x9D, 0xD2, 0xCB, 0x5C, 0xBA, 0x27, 0x13, 0x4D,
    0x61, 0x13, 0x4C, 0x3B, 0x71, 0xD1, 0x00, 0x2E, 0x1A, 0x61, 0x5C, 0x4B, 0x22, 0xF7, 0xA3, 0x24,
    0xFC, 0xBD, 0xDD, 0xF5, 0xF9, 0x9A, 0xF4, 0x44, 0x71, 0xF0, 0xA8, 0xF8, 0xB2, 0xBF, 0x43, 0x61,
    0xE3, 0x7D, 0x95, 0xCA, 0x8C, 0x93, 0x3F, 0x32, 0xBE, 0xF6, 0x62, 0xA1, 0x6F, 0xEC, 0x79, 0x3C,
    0x6C, 0x9E, 0x53, 0xCB, 0x5B, 0x17, 0x8F, 0xBA, 0x69, 0xAF, 0xE6, 0x6C, 0x1C, 0xDE, 0x28, 0x8E,
    0x72, 0x59, 0x91, 0x80, 0xBB, 0x4B, 0x28, 0xFF, 0x86, 0xAC, 0x88, 0x57, 0x59, 0xC1, 0x35, 0xF4,
    0xF5, 0x1B, 0xE1, 0x79, 0x81, 0xF8, 0xBC, 0x41, 0xAC, 0x62, 0xC9, 0xE7, 0x40, 0x9F, 0x30, 0x2F,
    0x38, 0x7D, 0x40, 0x76, 0x7F, 0xA1, 0x5F, 0xDC, 0xD9, 0xDF, 0xB0, 0xD6, 0xF2, 0x5B, 0x9D, 0x56,
    0xDF, 0xC6, 0xCD, 0xED, 0x77, 0x60, 0x9C, 0xFA, 0xAD, 0x5E, 0xAC, 0x1B, 0x46, 0x2C, 0x0A, 0x79,
    0x47, 0x2F, 0x3D, 0xF9, 0x9F, 0x54, 0xEA, 0x02, 0xDB, 0xC7, 0x4D, 0x8B, 0xEF, 0xC1, 0x47, 0x56,
    0xE1, 0xC2, 0xD2, 0x83, 0x0F, 0x23, 0x59, 0x47, 0x93, 0xB7, 0xE3, 0x11, 0x5F, 0x56, 0x46, 0x6C,
    0x31, 0x5A, 0xA2, 0x6D, 0x2F, 0x66, 0x1D, 0xA0, 0xB2, 0x84, 0xE4, 0x5E, 0xEA, 0xF1, 0x3F, 0x39,
    0xA0, 0x31, 0xB7, 0x7B, 0x48, 0xD5, 0xB6, 0x73, 0xFB, 0x70, 0xE5, 0x7E, 0x50, 0xBE, 0xEB, 0x0B,
    0x84, 0x36, 0xFB, 0xAF, 0x5E, 0xAD, 0x6A, 0x4B, 0xDF, 0xE3, 0xB6, 0x9E, 0xEE, 0xEF, 0x1D, 0x6F,
    0x6F, 0x72, 0xB9, 0x01, 0x0D, 0x39, 0xC3, 0x7A, 0x3A, 0x28, 0xB3, 0xC9, 0x9C, 0x71, 0xA0, 0xA1,
    0x95, 0x23, 0x1A, 0x62, 0x3F, 0x1C, 0xA8, 0x86, 0x3E, 0x9C, 0x68, 0x68, 0xF0, 0x10, 0x0D, 0x35,
    0x1F, 0xAC, 0xA1, 0xFF, 0x00, 0xCD, 0x5B, 0x3D, 0x70, 0x1C, 0xD9, 0x71, 0xEE, 0x99, 0x39, 0x62,
    0x64, 0x3E, 0x1F, 0x87, 0x81, 0x55, 0x92, 0x79, 0x04, 0x56, 0xA1, 0xCC, 0xBF, 0x51, 0x70, 0x01,
    0xEA, 0x0A, 0xC0, 0x8C, 0x74, 0x81, 0x03, 0x07, 0x66, 0xA0, 0x73, 0xE6, 0xCC, 0x81, 0x4A, 0x2E,
    0x17, 0x2E, 0x60, 0xC0, 0xB2, 0x89, 0xDD, 0xD1, 0x29, 0x50, 0xE0, 0xE0, 0x10, 0x28, 0x17, 0x82,
    0x0B, 0x24, 0xE0, 0xE4, 0x45, 0xC0, 0x80, 0x65, 0x63, 0x77, 0xE7, 0xEE, 0x82, 0x0B, 0x54, 0x65,
    0x4D, 0x95, 0xCB, 0xE5, 0x2A, 0xFF, 0x54, 0x8D, 0xCB, 0xAC, 0xBA, 0x12, 0x70, 0xD6, 0xCD, 0xC9,
    0xA3, 0xBA, 0xE5, 0xDE, 0xEC, 0x8E, 0xFB, 0xEB, 0x9E, 0x99, 0x9D, 0x05, 0x88, 0xFB, 0x03, 0x09,
    0x12, 0xC4, 0xF6, 0x82, 0xE4, 0xCE, 0x7B, 0xFD, 0xF5, 0xEB, 0xD7, 0xFD, 0x75, 0xBF, 0x07, 0x22,
    0xBB, 0x2C, 0x89, 0xC8, 0xDA, 0xFD, 0x05, 0x35, 0x5F, 0x9D, 0x10, 0x32, 0x88, 0x20, 0x7B, 0x22,
    0x3F, 0x8A, 0x59, 0xD8, 0xBF, 0x86, 0x74, 0xFE, 0x1E, 0xD2, 0x33, 0x09, 0xCB, 0x15, 0x17, 0x72,
    0xCD, 0x4D, 0x59, 0xDE, 0x77, 0x32, 0x96, 0x19, 0xA4, 0x13, 0x43, 0xBA, 0x11, 0xA4, 0x57, 0x96,
    0x39, 0xD1, 0xAD, 0xD7, 0xFE, 0x62, 0xCC, 0x1F, 0x24, 0x8B, 0xE5, 0x7D, 0xA2, 0x82, 0xAC, 0x0C,
    0xD2, 0x49, 0x21, 0xFD, 0x47, 0xF4, 0x52, 0x19, 0x8D, 0x66, 0x14, 0x94, 0x31, 0x5D, 0xD9, 0xDD,
    0xE6, 0xF7, 0xB4, 0xD1, 0xC5, 0x4C, 0x5F, 0xA6, 0x5E, 0x3F, 0xB7, 0xC7, 0x4E, 0xE6, 0xA6, 0x4E,
    0xE6, 0xC5, 0x4E, 0xEA, 0x87, 0x6E, 0x12, 0x90, 0x89, 0x7B, 0xFC, 0x1A, 0x92, 0x17, 0x0F, 0xA8,
    0x13, 0x0D, 0x28, 0x08, 0x07, 0xD4, 0xE3, 0xD7, 0x47, 0xD4, 0x75, 0x36, 0x29, 0xF8, 0xA5, 0xFF,
    0x5B, 0x93, 0x9B, 0x87, 0x3C, 0x42, 0x64, 0x61, 0x9C, 0xE4, 0x12, 0xE4, 0x3F, 0x1E, 0x40, 0xFA,
    0xF3, 0xE1, 0x9F, 0x03, 0xC4, 0x57, 0x29, 0xA5, 0x4B, 0x76, 0x4C, 0xA6, 0x64, 0x25, 0xBE, 0x4F,
    0x4F, 0x10, 0xF9, 0xB3, 0x44, 0xC5, 0x5F, 0x77, 0x21, 0x9C, 0x44, 0xB0, 0xC8, 0xEC, 0x9E, 0xE8,
    0xE3, 0xE9, 0xCF, 0x87, 0x90, 0xF6, 0xF4, 0x2C, 0x38, 0xFF, 0xD7, 0xE4, 0x01, 0xCF, 0xCC, 0x7A,
    0xD9, 0xD0, 0x36, 0x9D, 0xBF, 0xEC, 0x09, 0x4F, 0x32, 0xC2, 0x44, 0x2E, 0xD0, 0x78, 0xD0, 0xC7,
    0xC7, 0x84, 0x6B, 0x10, 0xF8, 0x27, 0x0A, 0x6B, 0x3B, 0x6F, 0xCE, 0xF8, 0x99, 0xC9, 0x28, 0x21,
    0x3F, 0x36, 0x19, 0x0D, 0xC9, 0xC9, 0x18, 0x9D, 0x42, 0x27, 0x0F, 0x16, 0xE9, 0xC8, 0xD3, 0x18,
    0x2C, 0xC0, 0x43, 0x81, 0x98, 0xB3, 0x11, 0xDD, 0x46, 0x04, 0x8D, 0xE8, 0x44, 0xF4, 0x4D, 0x3C,
    0x7B, 0x9F, 0xEC, 0xD9, 0x1E, 0x0F, 0xE1, 0xCF, 0xF0, 0xA0, 0x98, 0x91, 0xC7, 0xBA, 0xC5, 0x3F,
    0xDF, 0x99, 0x6B, 0x60, 0xD8, 0x06, 0xC3, 0x51, 0x64, 0xE7, 0x5E, 0x6C, 0x12, 0x13, 0x7B, 0xB1,
    0x1B, 0xFA, 0xA1, 0x0E, 0x84, 0x61, 0x87, 0xFC, 0x1A, 0xB4, 0x5E, 0x5D, 0x7A, 0x81, 0xFF, 0xEF,
    0x2A, 0x1B, 0x30, 0xE7, 0xBD, 0x2B, 0xB6, 0xFC, 0x01, 0x36, 0xF0, 0x0C, 0x60, 0x3F, 0xC2, 0xE4,
    0x86, 0x9F, 0xBE, 0x6B, 0xC7, 0x6D, 0xFF, 0x7E, 0x3C, 0xC6, 0x84, 0x35, 0xB2, 0x9E, 0x2C, 0x46,
    0xFE, 0xB8, 0xC5, 0x7E, 0xEC, 0xFE, 0x5B, 0x4C, 0x2B, 0x56, 0x42, 0x97, 0xF9, 0x8F, 0x60, 0x9C,
    0x9D, 0x15, 0xE3, 0x3D, 0x88, 0x69, 0x23, 0xEE, 0xD1, 0x89, 0xAF, 0x73, 0xC3, 0xB8, 0x56, 0x69,
    0x3C, 0x5B, 0xD4, 0xE3, 0xCC, 0x18, 0xAD, 0xF0, 0x02, 0x64, 0x7A, 0x13, 0xA3, 0xFD, 0x3E, 0x17,
    0xCD, 0x92, 0xF9, 0x0E, 0x3E, 0x06, 0x55, 0xB1, 0x2A, 0x58, 0x41, 0x4B, 0x02, 0x57, 0x7E, 0xA8,
    0x1C, 0x57, 0x11, 0x2B, 0x64, 0xC5, 0xAC, 0xB0, 0x14, 0x70, 0x25, 0xBB, 0x2D, 0x19, 0xB4, 0xA4,
    0x60, 0x57, 0xF0, 0x15, 0xFA, 0x0A, 0xBE, 0x95, 0x78, 0x2C, 0x73, 0x44, 0xD2, 0x1E, 0xF6, 0x48,
    0x80, 0x49, 0x2E, 0xB4, 0xAD, 0x00, 0x33, 0x10, 0xEC, 0x40, 0x30, 0x04, 0xC1, 0x12, 0xE4, 0x37,
    0x26, 0x97, 0xA9, 0x60, 0x0D, 0x31, 0x43, 0x4B, 0xC0, 0x22, 0x62, 0x12, 0xB1, 0x49, 0xBD, 0xF0,
    0x14, 0xDA, 0x90, 0x29, 0x76, 0x0D, 0x3D, 0x18, 0x8B, 0x82, 0xB2, 0x81, 0x65, 0x5E, 0xBA, 0xD2,
    0xEC, 0xE3, 0x5E, 0x09, 0xF5, 0xFC, 0x49, 0x3F, 0x97, 0xAD, 0x36, 0x15, 0xC9, 0x33, 0x72, 0x54,
    0x63, 0x2C, 0x1C, 0xE7, 0xBC, 0x78, 0xF1, 0x3B, 0x82, 0xEC, 0x88, 0x64, 0xED, 0x58, 0x06, 0x62,
    0xB1, 0x40, 0x2C, 0xD6, 0x15, 0x8B, 0x6D, 0x89, 0x95, 0x0E, 0xC4, 0xE9, 0x0A, 0xB2, 0xC7, 0x90,
    0x46, 0x2C, 0xCD, 0xB3, 0x7F, 0x63, 0xB2, 0xC7, 0xFF, 0x3C, 0x2A, 0xCB, 0x6D, 0x4C, 0xEF, 0x96,
    0x08, 0x6F, 0x4B, 0xB3, 0x15, 0xFC, 0x65, 0x4B, 0xE2, 0xCC, 0xBD, 0xD7, 0x21, 0x0F, 0x6E, 0x43,
    0x16, 0xB2, 0xD3, 0xA1, 0x7E, 0x0F, 0x0A, 0x22, 0xDA, 0x41, 0x35, 0x8D, 0x09, 0x08, 0x59, 0x1C,
    0xF3, 0x52, 0xC0, 0x47, 0x40, 0x46, 0xDC, 0x83, 0x8D, 0x10, 0x2D, 0x10, 0xFB, 0x20, 0xB1, 0x7E,
    0x88, 0x7F, 0x90, 0xD8, 0xE6, 0x88, 0x81, 0x24, 0xD1, 0x9E, 0x07, 0xD6, 0x78, 0xFF, 0x95, 0x2C,
    0x60, 0xF7, 0x0F, 0x23, 0x5E, 0xA1, 0xB2, 0x4C, 0xCE, 0x6A, 0x01, 0x03, 0x22, 0xB1, 0x34, 0x13,
    0xFC, 0x58, 0xBE, 0x92, 0x3F, 0xB6, 0x3B, 0xC3, 0x7F, 0xF1, 0x53, 0xE6, 0x51, 0xAE, 0xD0, 0xED,
    0x9C, 0x95, 0x12, 0xE0, 0x82, 0x1B, 0xA1, 0x1E, 0xA8, 0x63, 0x9E, 0x8F, 0x15, 0x18, 0xA8, 0x60,
    0x75, 0x0B, 0xCC, 0x7E, 0x00, 0xC0, 0x82, 0x57, 0xE0, 0x22, 0xE6, 0x93, 0x49, 0x05, 0x6C, 0x50,
    0xB2, 0xA1, 0xAE, 0xED, 0x46, 0xF5, 0xE2, 0x97, 0x53, 0x46, 0xBE, 0x5B, 0x00, 0xF2, 0x9A, 0x0A,
    0x86, 0xBD, 0x0A, 0xD4, 0x97, 0x35, 0xFE, 0xCF, 0x45, 0xE7, 0x90, 0xC9, 0x8E, 0xCF, 0x0F, 0xB4,
    0xB6, 0xFA, 0x7C, 0xFB, 0x0F, 0x74, 0xB9, 0xAC, 0x18, 0x89, 0x2D, 0x66, 0xA0, 0x6E, 0xF4, 0x8D,
    0x31, 0x6D, 0x86, 0x0C, 0x93, 0x01, 0x2A, 0x3F, 0x49, 0x5A, 0x59, 0x1A, 0xEE, 0x1E, 0xDA, 0x59,
    0x27, 0x32, 0x6C, 0x41, 0x2F, 0xEA, 0x44, 0x3E, 0x8F, 0x18, 0x58, 0x53, 0x46, 0x9B, 0xD1, 0x68,
    0x16, 0x3E, 0x66, 0xD7, 0xDF, 0x68, 0xED, 0xFA, 0xCB, 0xC8, 0x03, 0x6B, 0x08, 0xD7, 0x9D, 0x3E,
    0xFF, 0xE4, 0x8E, 0xDB, 0x1B, 0xFD, 0xDC, 0x60, 0x7D, 0x9B, 0x12, 0x5A, 0x76, 0xD9, 0x25, 0xF8,
    0x67, 0x6B, 0x81, 0x84, 0x2C, 0xC2, 0x8B, 0x19, 0x5E, 0xC8, 0xF0, 0xD8, 0x39, 0xBB, 0x6E, 0xCE,
    0x4B, 0x1F, 0xD1, 0x20, 0xFC, 0x2C, 0x78, 0xC8, 0xCE, 0xE2, 0x36, 0x2A, 0x34, 0xF7, 0x9E, 0x3B,
    0x3C, 0x7A, 0xA0, 0x5B, 0xD0, 0x2A, 0x2A, 0x8D, 0x9E, 0xD0, 0xEA, 0x9D, 0x1F, 0x00, 0x1B, 0x2E,
    0xD7, 0xC1, 0x67, 0xD6, 0x9B, 0xFC, 0x27, 0x22, 0x78, 0x0B, 0xE3, 0x67, 0xA7, 0x2C, 0x15, 0x16,
    0x0B, 0x4B, 0x35, 0xE6, 0xA5, 0xDA, 0xA6, 0xE1, 0xF7, 0x4F, 0xC3, 0xC2, 0xFA, 0xDD, 0xA4, 0x45,
    0x2A, 0xC5, 0xEF, 0x56, 0x43, 0xA3, 0x2C, 0x44, 0x78, 0x3B, 0x46, 0x58, 0xFB, 0x18, 0x4B, 0x28,
    0x3B, 0x00, 0xC1, 0x88, 0xFE, 0xE4, 0xBC, 0xD7, 0xD2, 0x4A, 0x0C, 0x68, 0xEA, 0xBD, 0x3A, 0x11,
    0x1C, 0xCB, 0x3F, 0x53, 0xC9, 0x3F, 0x21, 0xC1, 0x0E, 0x04, 0x43, 0x10, 0x56, 0x95, 0xB0, 0xAC,
    0xB2, 0xAE, 0xB2, 0xB0, 0xB2, 0xB2, 0xA7, 0xE4, 0x9F, 0x1B, 0xC7, 0xF2, 0xCF, 0xE7, 0xB3, 0x2B,
    0x9F, 0x3F, 0x69, 0xCF, 0xFA, 0x63, 0x8E, 0x9D, 0x4E, 0x81, 0xD4, 0x56, 0xD8, 0xEC, 0x67, 0xB9,
    0x32, 0xC8, 0xE4, 0x54, 0xE6, 0x61, 0x95, 0x53, 0x16, 0xA3, 0x71, 0x17, 0x1F, 0x80, 0x88, 0x10,
    0x78, 0x43, 0xE8, 0x89, 0x00, 0x18, 0x20, 0xF9, 0x76, 0x79, 0xE0, 0xDD, 0x29, 0xA6, 0x40, 0x1C,
    0x75, 0xE0, 0xBA, 0x1E, 0xF6, 0xD1, 0x06, 0x56, 0x22, 0x47, 0x22, 0x0E, 0xA5, 0xBC, 0x41, 0x84,
    0xF6, 0x3F, 0x98, 0x32, 0xF1, 0x2D, 0xAF, 0x12, 0xC8, 0x33, 0xA3, 0xF6, 0xC1, 0x79, 0x7D, 0x8C,
    0x26, 0x43, 0x6E, 0x40, 0xF0, 0xC7, 0x3A, 0xDF, 0xCB, 0x11, 0xAB, 0x59, 0x25, 0xF3, 0xD3, 0x9A,
    0x11, 0x63, 0x7B, 0xD0, 0xE8, 0x37, 0x12, 0x56, 0x39, 0x6A, 0x0F, 0x4B, 0x0E, 0xF2, 0x11, 0x6F,
    0x96, 0x5B, 0x70, 0xB2, 0xF5, 0x4A, 0x1C, 0xF0, 0xF3, 0xEC, 0x1D, 0xDE, 0x61, 0x3F, 0x61, 0xB5,
    0x1F, 0xE1, 0x91, 0x97, 0x89, 0x87, 0xB9, 0xE1, 0x48, 0xF0, 0xA2, 0xE3, 0xC1, 0xAB, 0x6D, 0x17,
    0xFB, 0xA9, 0xDA, 0x65, 0xDF, 0xE1, 0x31, 0xEE, 0xB8, 0xB0, 0xCB, 0x2F, 0xE1, 0x03, 0xAD, 0x1D,
    0xFE, 0x6C, 0xEC, 0x72, 0x9C, 0xAE, 0x3E, 0x38, 0x49, 0x57, 0xCF, 0xCD, 0x69, 0x50, 0xA2, 0xA9,
    0xE7, 0x88, 0xB0, 0xD3, 0x67, 0x6D, 0x9C, 0x73, 0x43, 0x8E, 0xAF, 0xA5, 0xA8, 0x2E, 0x3C, 0x85,
    0x98, 0xDD, 0x80, 0xF8, 0x8E, 0xFE, 0xD7, 0x55, 0x88, 0xD5, 0x3A, 0x29, 0x21, 0xEE, 0x31, 0x05,
    0x7F, 0x96, 0x4E, 0x63, 0xED, 0xC8, 0x9B, 0xAB, 0xEE, 0xEB, 0x15, 0xF2, 0xB6, 0x21, 0xF1, 0x5E,
    0xF7, 0x3A, 0xEB, 0x67, 0xB7, 0xB3, 0x67, 0x8C, 0x4E, 0x89, 0x3F, 0x8B, 0xAE, 0xB3, 0x45, 0x79,
    0x71, 0x91, 0x61, 0xD9, 0x8A, 0x76, 0x2E, 0x94, 0x0F, 0xF6, 0x34, 0x49, 0x5D, 0x75, 0x82, 0x5C,
    0x0A, 0x21, 0xA7, 0x8A, 0xFC, 0x71, 0x0C, 0xDE, 0xED, 0xC7, 0x30, 0x55, 0x89, 0x40, 0x17, 0x08,
    0xE3, 0x17, 0xEA, 0x17, 0x4A, 0x18, 0x0E, 0x34, 0x2C, 0x56, 0x6F, 0x5D, 0xCD, 0x9F, 0x03, 0x7D,
    0x3B, 0xA0, 0x8A, 0x09, 0xEA, 0xE4, 0xDB, 0x9C, 0x5C, 0x62, 0x25, 0x45, 0x4B, 0x20, 0xA0, 0x60,
    0xB0, 0x29, 0x59, 0x79, 0xC6, 0xD1, 0xFB, 0x2E, 0x87, 0xE6, 0x17, 0x04, 0x0E, 0x87, 0xD0, 0xA5,
    0xA9, 0x1A, 0x57, 0x5E, 0x63, 0xCD, 0x37, 0x56, 0xB6, 0x19, 0xD9, 0x1F, 0x1F, 0x65, 0xCE, 0x07,
    0x76, 0xE6, 0x7C, 0xC8, 0xAF, 0xDC, 0x96, 0x3E, 0x80, 0x61, 0x76, 0xC8, 0xBC, 0x34, 0xF1, 0x38,
    0x9B, 0x75, 0x42, 0x2F, 0xF6, 0x59, 0x69, 0x5E, 0xE3, 0x68, 0xA3, 0x7A, 0x6D, 0x91, 0x77, 0x74,
    0x40, 0xCE, 0xF8, 0x0B, 0x98, 0xC1, 0x2A, 0x4B, 0x01, 0xD9, 0x3F, 0xDC, 0xDD, 0x9B, 0x9C, 0x83,
    0x19, 0xDA, 0x50, 0x79, 0x5C, 0xBA, 0x32, 0xFB, 0x05, 0x5B, 0x03, 0x2E, 0xD6, 0x8B, 0xEC, 0xDF,
    0x1D, 0xA5, 0xCE, 0x07, 0x8E, 0x40, 0x75, 0x33, 0x86, 0x59, 0xB5, 0x3C, 0xBC, 0x88, 0xA1, 0x86,
    0x26, 0x3E, 0x0E, 0x75, 0xBD, 0x0D, 0xD5, 0xA4, 0x5F, 0xA3, 0x57, 0x66, 0x0F, 0x68, 0xC7, 0x4F,
    0xDA, 0x5E, 0x80, 0xE9, 0x65, 0x73, 0x6B, 0x4D, 0x41, 0x35, 0x3C, 0x7D, 0x45, 0x0A, 0xA9, 0xAE,
    0x45, 0xEB, 0x7A, 0x74, 0x50, 0x2D, 0x43, 0xA1, 0x2F, 0x00, 0xC1, 0x30, 0x0C, 0x81, 0xCC, 0x78,
    0xF9, 0x95, 0x51, 0x7E, 0xF9, 0x42, 0x55, 0x5A, 0xB1, 0x23, 0x9A, 0x42, 0x3E, 0x34, 0x06, 0x0C,
    0xF6, 0x5A, 0x47, 0xBF, 0x53, 0xDE, 0x1C, 0x60, 0xEE, 0xA6, 0x2E, 0x28, 0xCC, 0x11, 0xB4, 0x64,
    0xCC, 0x99, 0xF0, 0xE4, 0xA7, 0xA4, 0x1E, 0x93, 0xFE, 0x5E, 0x59, 0x25, 0x60, 0x66, 0x00, 0xFE,
    0xA2, 0x32, 0x4D, 0x69, 0xD3, 0x09, 0x49, 0x36, 0xAD, 0x6E, 0x58, 0xF2, 0xDF, 0x96, 0xA2, 0xF8,
    0x05, 0xBA, 0x4D, 0xCB, 0x94, 0x92, 0xB7, 0x17, 0x4B, 0xF7, 0xE9, 0x29, 0x9A, 0x71, 0x95, 0x92,
    0x9B, 0x6E, 0xC4, 0xCE, 0x60, 0xDD, 0xA6, 0xAF, 0xA8, 0xED, 0x53, 0xD0, 0x0A, 0xE1, 0x09, 0x4D,
    0x39, 0x79, 0xB4, 0x6A, 0x12, 0x7A, 0xBF, 0xD1, 0x56, 0x1C, 0x62, 0x24, 0x87, 0xDC, 0x40, 0x7B,
    0x54, 0xA7, 0xAF, 0x7D, 0x7A, 0x62, 0xED, 0xDF, 0x41, 0xF5, 0x07, 0x0F, 0x0D, 0x35, 0xB8, 0x61,
    0x77, 0xF3, 0xF7, 0x70, 0x47, 0x9B, 0xAD, 0x75, 0xCB, 0x64, 0xBA, 0xD8, 0x32, 0x79, 0x0A, 0xF0,
    0x82, 0xCC, 0xE7, 0x5D, 0xE5, 0xA4, 0xAE, 0xB4, 0x60, 0x84, 0xD2, 0x87, 0xBE, 0xB0, 0xBF, 0x80,
    0x8D, 0xCA, 0x36, 0xED, 0x95, 0xEF, 0xF2, 0x96, 0xF4, 0x67, 0x3F, 0xE2, 0xA0, 0xCB, 0xF3, 0x72,
    0xAE, 0xE1, 0x99, 0x79, 0x02, 0x9E, 0x3B, 0x90, 0xD9, 0x03, 0xAA, 0x7A, 0x01, 0x1E, 0x6A, 0x52,
    0xE8, 0x30, 0x20, 0x2D, 0x48, 0xF1, 0xB1, 0x02, 0x5A, 0xA0, 0xFD, 0x19, 0xC8, 0x96, 0xEE, 0x4A,
    0xDE, 0x18, 0x88, 0xF6, 0x07, 0x22, 0x0B, 0x41, 0x51, 0x60, 0x24, 0xD6, 0xCB, 0x13, 0x80, 0x2C,
    0x59, 0x37, 0x6D, 0x7C, 0x76, 0x44, 0xFA, 0xAD, 0x6E, 0xCC, 0x16, 0xD5, 0x0D, 0x02, 0x6B, 0x4F,
    0x32, 0x11, 0x1A, 0xC1, 0x74, 0x17, 0x6B, 0x30, 0xC5, 0x47, 0x0A, 0x88, 0x07, 0xCD, 0x92, 0xA8,
    0x23, 0xF1, 0xC2, 0xF8, 0x99, 0x11, 0xB2, 0x3D, 0xC6, 0x6A, 0xE4, 0xBC, 0x1E, 0xAC, 0x90, 0x89,
    0x6D, 0x29, 0xAC, 0xAB, 0xEA, 0x1A, 0x51, 0x85, 0x57, 0x98, 0x17, 0xC9, 0x27, 0x11, 0x82, 0xCC,
    0x43, 0xB6, 0x84, 0xC3, 0xBD, 0xED, 0xA3, 0xC3, 0x23, 0x5A, 0x6C, 0x34, 0xA5, 0xC5, 0x41, 0xAD,
    0x8D, 0x64, 0xC4, 0x7E, 0x52, 0x75, 0xBA, 0x6A, 0xAA, 0x8F, 0x62, 0xC4, 0x81, 0x30, 0xBF, 0x62,
    0x24, 0xB7, 0xC0, 0x84, 0xBF, 0xD5, 0x34, 0x53, 0x65, 0x5F, 0x6E, 0x82, 0x5B, 0x4B, 0x36, 0x97,
    0x86, 0xB2, 0xF4, 0x96, 0xA5, 0xCD, 0xDC, 0xE2, 0xFF, 0x51, 0x6D, 0x83, 0x60, 0xB1, 0xE3, 0xD6,
    0xE6, 0xFF, 0xB5, 0x51, 0x90, 0x28, 0x2C, 0xA1, 0x2E, 0x79, 0xD5, 0x45, 0x6D, 0x8D, 0x6E, 0x9A,
    0x31, 0xF1, 0xFC, 0x35, 0x38, 0x58, 0x4F, 0x19, 0x8E, 0x1F, 0x4B, 0xFF, 0xCC, 0xE2, 0x7A, 0xC5,
    0x84, 0x77, 0x1A, 0xD3, 0x41, 0x77, 0xBB, 0xAC, 0x3E, 0xBF, 0x51, 0x99, 0xFF, 0xA0, 0xE5, 0x50,
    0x63, 0xAA, 0x82, 0xB5, 0x4E, 0x53, 0xB7, 0x94, 0x01, 0xC3, 0xB4, 0xFD, 0xB2, 0xF2, 0x49, 0x7E,
    0xFC, 0x1A, 0xDC, 0x61, 0x5B, 0xE1, 0xF7, 0x0A, 0x2C, 0xF8, 0xE6, 0x58, 0x7C, 0x2B, 0xC4, 0x08,
    0xEB, 0xD0, 0xD4, 0x92, 0x64, 0xEC, 0xCA, 0xF3, 0x2B, 0xA2, 0x31, 0x58, 0x82, 0xF7, 0x86, 0xF4,
    0x25, 0xFF, 0x0C, 0xC6, 0xF1, 0xB5, 0x99, 0xF6, 0x89, 0xC8, 0x37, 0x80, 0xB9, 0x2B, 0xD5, 0xEA,
    0x80, 0x34, 0x93, 0x8C, 0x44, 0x3D, 0x10, 0xA2, 0x02, 0xD0, 0xD8, 0xB7, 0x3A, 0x89, 0xF8, 0x16,
    0x4A, 0xBB, 0xB8, 0x1D, 0xCA, 0xA8, 0x2E, 0xBB, 0x95, 0xFA, 0x91, 0x16, 0x2B, 0x8E, 0xAC, 0x91,
    0x55, 0xA7, 0x62, 0x4D, 0x50, 0xBA, 0xD8, 0x22, 0xC6, 0xF5, 0x53, 0x56, 0xEE, 0x95, 0x5C, 0x45,
    0x9A, 0x19, 0x61, 0x1F, 0x31, 0x76, 0x66, 0x4F, 0x4E, 0xC2, 0x3B, 0xD8, 0x8D, 0x01, 0xE2, 0x7D,
    0x60, 0x80, 0x57, 0x78, 0x9F, 0xF2, 0x5F, 0x3B, 0xEF, 0xF2, 0x23, 0xBE, 0xEE, 0x87, 0x02, 0xF6,
    0xEC, 0xC2, 0x8B, 0xA4, 0x6F, 0xD4, 0x49, 0x79, 0xE0, 0xA5, 0x9A, 0x8A, 0xFF, 0x51, 0x3D, 0x87,
    0xE8, 0x24, 0x2A, 0x89, 0x46, 0x56, 0xE5, 0xCE, 0x65, 0xE8, 0x2F, 0x4E, 0xE9, 0x62, 0x4A, 0xF3,
    0x95, 0xA7, 0xFC, 0x41, 0xED, 0x3E, 0xEA, 0x2A, 0x98, 0xEF, 0x52, 0xA3, 0x47, 0xE3, 0xAA, 0x88,
    0x1A, 0x15, 0x37, 0x9E, 0x7B, 0xD4, 0xA2, 0xAB, 0x9E, 0xEA, 0xAF, 0xB5, 0xAB, 0xA2, 0x45, 0x60,
    0x25, 0x68, 0x8E, 0x69, 0xBD, 0xCA, 0x2B, 0x63, 0x22, 0x2E, 0x84, 0x47, 0x61, 0x4F, 0x4B, 0xF7,
    0xB7, 0xE0, 0xB8, 0xEC, 0x3E, 0x0C, 0xEA, 0x26, 0x69, 0x43, 0x3C, 0x18, 0xD3, 0x75, 0x89, 0xA6,
    0xF6, 0xC9, 0x74, 0x20, 0xB9, 0x40, 0xD3, 0x41, 0x20, 0x1E, 0xBA, 0x25, 0x2B, 0x74, 0x20, 0x70,
    0xF8, 0x7B, 0xB8, 0x2F, 0x0D, 0xE1, 0xF3, 0xD3, 0x7F, 0xBE, 0x75, 0x30, 0xB2, 0x2B, 0x84, 0xBA,
    0xE1, 0xCF, 0x62, 0x4F, 0xA6, 0x5F, 0xFD, 0x76, 0x36, 0x88, 0x8E, 0xEB, 0xBF, 0x55, 0xEB, 0x5F,
    0x67, 0x91, 0x86, 0x44, 0xD8, 0x93, 0x58, 0xC3, 0x0B, 0x13, 0x75, 0x36, 0xD0, 0x8A, 0x50, 0xF4,
    0xEF, 0xC8, 0xFA, 0xBC, 0xC3, 0x71, 0x79, 0xC6, 0x3B, 0xC4, 0xC9, 0x1D, 0x04, 0x69, 0x03, 0x7C,
    0x2F, 0x3E, 0x71, 0x7C, 0xC1, 0x78, 0xFD, 0x7A, 0x7E, 0xCF, 0xCE, 0x32, 0x3B, 0x4B, 0x9C, 0x8F,
    0xA3, 0xA7, 0xBB, 0x14, 0x2E, 0x1A, 0xCE, 0x5C, 0xE3, 0xF8, 0xA1, 0x27, 0x5D, 0xCF, 0xE8, 0x78,
    0xD4, 0x63, 0xF1, 0x59, 0xAA, 0x9E, 0xEE, 0x35, 0x6F, 0xA4, 0x9D, 0x57, 0x33, 0xFE, 0xF6, 0xED,
    0xF4, 0xCC, 0xAA, 0x72, 0x28, 0xF3, 0x7E, 0x05, 0x6A, 0x8C, 0x10, 0x21, 0x54, 0x73, 0x24, 0x0D,
    0x6E, 0x16, 0x2F, 0x7E, 0x41, 0xAB, 0x3A, 0x65, 0x64, 0x8F, 0x5A, 0x94, 0x66, 0x63, 0xD1, 0x07,
    0x26, 0x89, 0x55, 0x86, 0x88, 0x90, 0x19, 0xFD, 0x53, 0x4A, 0x7F, 0xFA, 0x58, 0x16, 0x39, 0xEF,
    0x2D, 0x69, 0x6C, 0xB3, 0xF2, 0xB9, 0x13, 0x56, 0x1E, 0x48, 0x5A, 0x5A, 0xD4, 0x3B, 0x9A, 0xC7,
    0x03, 0xA1, 0xE0, 0xDC, 0xCB, 0x19, 0x88, 0x4B, 0x4B, 0xD4, 0x75, 0x0E, 0x3B, 0x17, 0xA2, 0xF7,
    0x08, 0xDA, 0x92, 0x09, 0x22, 0x34, 0xD2, 0x3C, 0xAE, 0x3C, 0x11, 0x53, 0xBC, 0x04, 0x6F, 0x97,
    0x98, 0x87, 0xB3, 0x41, 0x96, 0x9D, 0xDC, 0x65, 0x0F, 0xBA, 0x61, 0x8F, 0x8D, 0x30, 0x96, 0xC2,
    0x93, 0xF2, 0x70, 0xE8, 0xC9, 0x71, 0x5D, 0x80, 0xA8, 0x7D, 0x9F, 0x82, 0xBF, 0x41, 0xBB, 0x81,
    0x3A, 0x1F, 0x4A, 0xD5, 0x28, 0x25, 0x5A, 0x2A, 0x6D, 0x0F, 0x3B, 0x15, 0x8B, 0xFA, 0x8F, 0x24,
    0x4B, 0xF5, 0xCA, 0xAA, 0xD3, 0x89, 0x30, 0x85, 0xEC, 0x81, 0x0A, 0xF4, 0x26, 0x55, 0xBB, 0x1F,
    0x24, 0x25, 0xF2, 0x51, 0xF3, 0x7C, 0xA2, 0x35, 0x8F, 0xCB, 0x35, 0x8F, 0xF9, 0x52, 0x35, 0xCF,
    0x73, 0x08, 0x75, 0xF1, 0x4B, 0xAB, 0x56, 0x3D, 0x03, 0x6E, 0x3E, 0xA0, 0x4B, 0xA7, 0x45, 0xF6,
    0x99, 0x6D, 0x80, 0xAF, 0x6F, 0x57, 0xD9, 0x0B, 0xBD, 0xCA, 0xA4, 0xCE, 0x71, 0x6C, 0x64, 0x21,
    0xDC, 0xD2, 0x97, 0x82, 0x05, 0xE6, 0x8D, 0xC1, 0xA6, 0x45, 0x65, 0x6F, 0x3F, 0xDF, 0x7E, 0x73,
    0xAC, 0xC7, 0xE9, 0xB7, 0x7B, 0x9C, 0xB0, 0x1C, 0xC1, 0x74, 0x04, 0xDB, 0x11, 0x8C, 0x47, 0xB0,
    0x1E, 0xC1, 0x7C, 0x64, 0x84, 0xF7, 0xC5, 0xC8, 0x37, 0x6C, 0x41, 0x82, 0x09, 0x5B, 0xBC, 0x6F,
    0xA3, 0x11, 0xB0, 0x23, 0x89, 0x21, 0x95, 0x97, 0x6A, 0x49, 0xD9, 0x11, 0x29, 0x94, 0x8D, 0xD4,
    0x7C, 0xEE, 0x9F, 0x17, 0x26, 0xA3, 0x2D, 0x53, 0xFC, 0x6D, 0x41, 0xDB, 0x34, 0x8D, 0x0F, 0x84,
    0x03, 0xB2, 0xB4, 0xA6, 0x55, 0x01, 0x5C, 0x08, 0x59, 0x92, 0xA2, 0x5B, 0xDD, 0x5D, 0x2A, 0xEF,
    0x44, 0xFA, 0x0F, 0xF1, 0xFC, 0x80, 0xCB, 0x8B, 0xE6, 0xB2, 0x13, 0x3A, 0x13, 0xA8, 0x85, 0xD0,
    0x7F, 0x2E, 0xE6, 0xFF, 0xCB, 0x2F, 0xEB, 0xCB, 0xD5, 0x9B, 0x52, 0x49, 0x5B, 0x1D, 0xD7, 0x8D,
    0x5B, 0x97, 0x45, 0xAE, 0xA8, 0x3F, 0x49, 0x79, 0xB3, 0xE0, 0xCB, 0xC5, 0x09, 0x5F, 0x4E, 0xD5,
    0x97, 0x4D, 0xCB, 0x97, 0x3B, 0xE1, 0x06, 0xC3, 0xDF, 0x92, 0x26, 0x52, 0x9B, 0x88, 0x56, 0x04,
    0x14, 0x56, 0x43, 0x63, 0x48, 0x32, 0xA3, 0x1C, 0x72, 0x8D, 0xCA, 0xC5, 0x03, 0xFD, 0x47, 0xAC,
    0xCE, 0xA4, 0xCF, 0x66, 0xC3, 0xED, 0x0C, 0x0E, 0xC5, 0x63, 0xE9, 0x44, 0xE0, 0xB9, 0x01, 0x7A,
    0x68, 0x5D, 0xF4, 0xD0, 0xBA, 0xE8, 0xA1, 0x0D, 0x41, 0x19, 0x87, 0x98, 0x63, 0x8A, 0x03, 0xDF,
    0x02, 0x27, 0xF4, 0x45, 0x17, 0x0B, 0xD7, 0xC5, 0x3C, 0x52, 0xF3, 0xC8, 0xB1, 0x1F, 0xE7, 0xD0,
    0x1E, 0xFF, 0xCC, 0xA4, 0xD3, 0x9E, 0xF5, 0x53, 0xB1, 0x09, 0x3D, 0xE6, 0x3A, 0x0E, 0x0F, 0xD6,
    0x8F, 0x71, 0x55, 0x03, 0x6B, 0xDB, 0x89, 0xEC, 0x3C, 0x20, 0x7D, 0x71, 0x29, 0x94, 0xA3, 0x10,
    0xD2, 0x97, 0x9B, 0xE2, 0x28, 0xAF, 0xCB, 0x40, 0x03, 0x9C, 0xEC, 0x1D, 0xD5, 0xE7, 0x41, 0xAB,
    0x08, 0x02, 0x37, 0x6C, 0x61, 0x74, 0x27, 0x3B, 0xC6, 0xE7, 0x05, 0xEB, 0x0F, 0xD9, 0x19, 0x3C,
    0x5E, 0x55, 0xF7, 0xC4, 0x9D, 0x9B, 0x33, 0xC2, 0xA3, 0x02, 0x7A, 0xE1, 0xD3, 0xD8, 0x02, 0x00,
    0xE7, 0x7D, 0x0F, 0xCE, 0x73, 0xC3, 0x0D, 0x8F, 0x9F, 0xE1, 0x43, 0x0F, 0xC1, 0xAA, 0x60, 0x05,
    0x6D, 0xD5, 0x4F, 0xD2, 0xBF, 0x0A, 0x60, 0x69, 0x86, 0x76, 0xA5, 0x1B, 0x3A, 0x14, 0xF6, 0x3F,
    0x14, 0x7F, 0x99, 0xCA, 0xE9, 0x7D, 0x21, 0xF7, 0x2D, 0x0A, 0x12, 0xDC, 0xD4, 0xAD, 0xCF, 0x7B,
    0xB5, 0x88, 0xED, 0xC8, 0xE1, 0x76, 0x8F, 0x14, 0x7C, 0x85, 0x5E, 0xE1, 0xAB, 0x9A, 0xA2, 0xA5,
    0x28, 0xE9, 0xBD, 0x9A, 0xB4, 0x55, 0xD4, 0x33, 0x94, 0x3E, 0x48, 0x17, 0x73, 0x03, 0xD9, 0xC3,
    0xB0, 0x04, 0x3A, 0x96, 0x95, 0x80, 0x31, 0xB4, 0xEA, 0xAD, 0x04, 0x7F, 0x6E, 0xA0, 0x05, 0x73,
    0x07, 0xFD, 0x03, 0xD4, 0xCD, 0x47, 0xF3, 0x33, 0x94, 0xCD, 0x12, 0x87, 0x43, 0x0C, 0x16, 0xC7,
    0x43, 0x82, 0x76, 0x4D, 0x9F, 0x59, 0x65, 0xB5, 0x39, 0xD8, 0xAC, 0x4A, 0xDC, 0x92, 0xEE, 0xAF,
    0xB4, 0xE4, 0xB4, 0x33, 0xC7, 0x98, 0xA5, 0x17, 0x17, 0xCA, 0x49, 0x11, 0xFA, 0x22, 0xBB, 0x3F,
    0x07, 0x9E, 0x40, 0xEF, 0x2E, 0x6C, 0x28, 0x71, 0xEA, 0xEA, 0xDB, 0x40, 0x69, 0x5F, 0x51, 0xBF,
    0xD9, 0xBC, 0xF0, 0x72, 0x8F, 0xC7, 0x48, 0x59, 0x1C, 0xD9, 0xB3, 0xBF, 0x7E, 0xF4, 0x1A, 0x18,
    0x49, 0x29, 0xA4, 0x96, 0x21, 0x6E, 0xA6, 0x8C, 0xF1, 0xDD, 0x09, 0x3B, 0x97, 0x5B, 0xC6, 0x43,
    0x46, 0x59, 0xB2, 0x7B, 0x45, 0x5C, 0x48, 0x0D, 0x18, 0x62, 0xC1, 0x16, 0x62, 0x9B, 0xBA, 0x19,
    0x23, 0x9D, 0x8C, 0x22, 0x46, 0x59, 0x8E, 0xAB, 0x32, 0x7F, 0x20, 0x77, 0x8A, 0x06, 0x72, 0xE6,
    0xC6, 0x70, 0x73, 0xBA, 0x1C, 0x10, 0x57, 0x7D, 0x3B, 0xDE, 0xD1, 0xB8, 0xB7, 0x17, 0x33, 0x62,
    0xB9, 0x02, 0xA1, 0x19, 0x46, 0x59, 0x55, 0x54, 0xE7, 0xC3, 0xFB, 0x10, 0x51, 0xFB, 0xBE, 0x82,
    0x3F, 0xE9, 0xA3, 0x45, 0xC9, 0x31, 0x88, 0x87, 0x96, 0xD6, 0x81, 0x74, 0x0E, 0x0A, 0x18, 0x00,
    0xC2, 0x1A, 0x6B, 0x35, 0xAF, 0xAC, 0x71, 0xB7, 0xD4, 0x9E, 0x32, 0x05, 0x50, 0xA4, 0x8B, 0x90,
    0x35, 0xB0, 0xA4, 0x1F, 0x29, 0x24, 0x6F, 0xA8, 0x1E, 0xC1, 0x36, 0x0D, 0xC2, 0xEB, 0xB3, 0x6D,
    0x3F, 0xED, 0x95, 0x29, 0x9A, 0xC9, 0x81, 0x66, 0x49, 0x2B, 0x53, 0xF6, 0x5E, 0x71, 0xA6, 0x5E,
    0x3A, 0xA2, 0xCD, 0xFF, 0xE9, 0x47, 0xCE, 0xBF, 0x73, 0x4C, 0xFE, 0xCF, 0x8B, 0x82, 0xCA, 0xB4,
    0x1B, 0x30, 0x55, 0x91, 0xEB, 0xB7, 0x6A, 0xE5, 0x76, 0xBD, 0x7C, 0x8E, 0x00, 0xE6, 0x5F, 0xA7,
    0x54, 0x90, 0xEE, 0xCC, 0x64, 0x4B, 0xB3, 0x57, 0xC6, 0xB4, 0xBE, 0xC3, 0xAF, 0x78, 0x47, 0x76,
    0x47, 0x7D, 0xE3, 0xE6, 0x0B, 0x14, 0xF5, 0xCD, 0x3D, 0x40, 0xD2, 0xD6, 0x17, 0xFA, 0x55, 0xAF,
    0x37, 0x57, 0xB4, 0xE4, 0x62, 0x8E, 0x9D, 0xC8, 0xE1, 0x27, 0xB4, 0xC1, 0xBD, 0x1B, 0xBD, 0x94,
    0xF3, 0xC7, 0xE7, 0xBD, 0x96, 0x97, 0x38, 0x70, 0x99, 0x9F, 0xF0, 0xCE, 0xFC, 0xA8, 0xEA, 0xD8,
    0xDD, 0x7E, 0x32, 0x6B, 0x59, 0xD5, 0x4C, 0x07, 0xB5, 0x79, 0xA5, 0xCA, 0xFB, 0x83, 0xDA, 0x2C,
    0x36, 0x32, 0x80, 0x7F, 0x88, 0xE0, 0x08, 0xCB, 0x8E, 0x79, 0x1C, 0xB6, 0xE6, 0xB2, 0x52, 0x72,
    0xE9, 0xCF, 0x28, 0x47, 0x1F, 0x49, 0x05, 0x96, 0xD7, 0xD7, 0x80, 0x2C, 0xC9, 0x59, 0x92, 0x21,
    0xDD, 0xEA, 0x10, 0xEA, 0x2E, 0x02, 0xC7, 0x18, 0x06, 0x92, 0x6E, 0x59, 0x4F, 0xAE, 0xE0, 0x1C,
    0xE2, 0xB8, 0xB6, 0x7C, 0x48, 0xC7, 0xEE, 0xC8, 0xDD, 0x9F, 0xDF, 0x91, 0xF3, 0xB9, 0x66, 0x98,
    0x8D, 0x48, 0xDA, 0xE4, 0xB1, 0xE1, 0x97, 0x2B, 0x23, 0x3A, 0xD3, 0xEA, 0x28, 0xBA, 0x93, 0x57,
    0x67, 0xFB, 0x5B, 0x4C, 0x09, 0x37, 0x78, 0xF9, 0xD6, 0xF9, 0xCF, 0x01, 0xF9, 0x7B, 0x99, 0x86,
    0x78, 0xDD, 0x8D, 0xD8, 0xB1, 0xB4, 0x01, 0xF5, 0xF2, 0x7B, 0xA0, 0x37, 0xCB, 0x6D, 0xCF, 0x7A,
    0x3C, 0xC6, 0x95, 0xA7, 0x80, 0xB1, 0x50, 0x7A, 0xE3, 0xBD, 0x89, 0x2B, 0x97, 0x91, 0x5E, 0x00,
    0x69, 0x30, 0x86, 0x73, 0x8C, 0x17, 0x4E, 0xC5, 0xB8, 0xDA, 0xC6, 0xC8, 0x3C, 0x70, 0x09, 0x18,
    0xCF, 0x0D, 0xC0, 0xD5, 0xE6, 0x3A, 0x99, 0x6C, 0x1D, 0xB7, 0x16, 0x4B, 0x72, 0x7F, 0xE5, 0xD1,
    0x93, 0xC0, 0xB2, 0x5F, 0x29, 0xEB, 0x57, 0x7B, 0x92, 0x5F, 0x57, 0xD0, 0x85, 0x7D, 0xA8, 0x35,
    0xDF, 0xB7, 0xD8, 0x7A, 0x38, 0xC7, 0x34, 0x6F, 0x46, 0x6A, 0x4B, 0x04, 0xEC, 0x67, 0xB1, 0x96,
    0xCD, 0x76, 0x2C, 0x17, 0xB6, 0xE3, 0x59, 0xF1, 0x23, 0x49, 0x65, 0xC1, 0xEE, 0x6C, 0x2F, 0x5D,
    0x63, 0x06, 0x94, 0xDC, 0xB1, 0x73, 0x2B, 0xDE, 0x77, 0x32, 0x3B, 0x3E, 0xD1, 0xFD, 0x7C, 0x4C,
    0x5B, 0x55, 0xE8, 0xE9, 0x29, 0xBD, 0x10, 0xC5, 0xBD, 0x84, 0x06, 0xAD, 0xC4, 0x1E, 0xE1, 0xB7,
    0x6A, 0x90, 0xAD, 0x85, 0x2E, 0xF0, 0x35, 0x49, 0xA4, 0x69, 0xD5, 0x32, 0xF4, 0x64, 0x43, 0x72,
    0xCA, 0x2B, 0xC7, 0x4B, 0xB3, 0xB7, 0x1E, 0x73, 0x1A, 0x90, 0x2C, 0x1E, 0x67, 0xC4, 0x21, 0xA7,
    0x54, 0x7B, 0x86, 0x20, 0x0D, 0x76, 0x5D, 0x48, 0xD3, 0xFF, 0x80, 0x7E, 0x98, 0xEB, 0x65, 0x92,
    0x10, 0x15, 0xE0, 0x3E, 0x08, 0xFA, 0x1A, 0x66, 0xF5, 0xB1, 0x00, 0x9D, 0xB4, 0x3A, 0x3D, 0xD4,
    0x13, 0xE2, 0xCF, 0xC6, 0x9F, 0x7E, 0x3E, 0x7E, 0xFA, 0x0C, 0xFC, 0x38, 0xAA, 0xAB, 0xF0, 0x03,
    0xF1, 0x1A, 0x5D, 0xDE, 0xA7, 0xFD, 0xC4, 0x4A, 0x31, 0x5C, 0x59, 0x46, 0x9B, 0x87, 0xE1, 0xC9,
    0x26, 0x56, 0xBB, 0x81, 0xA1, 0xDF, 0xBD, 0xB7, 0xE1, 0x2A, 0x5F, 0x5E, 0xD5, 0x00, 0x17, 0xE3,
    0xAE, 0xF5, 0x0F, 0xB7, 0xBF, 0xA4, 0xAA, 0x2F, 0x48, 0x5A, 0x7A, 0x20, 0x1C, 0xAC, 0x4C, 0x5F,
    0x9A, 0x6C, 0x37, 0x2D, 0x20, 0x56, 0xB8, 0x2C, 0x43, 0xDC, 0xE6, 0x6B, 0xE9, 0xAC, 0xDF, 0x9D,
    0x23, 0x32, 0x58, 0xDE, 0xAF, 0x8B, 0x5D, 0x47, 0x09, 0x6F, 0x2C, 0xEB, 0x3D, 0x2E, 0xBD, 0xC8,
    0x0E, 0x7B, 0x8B, 0x7C, 0x94, 0xC7, 0xF4, 0xCA, 0xF8, 0x7A, 0x19, 0x5D, 0x9C, 0x45, 0x60, 0xA1,
    0xD2, 0x65, 0x22, 0x59, 0x61, 0xD2, 0x53, 0xD4, 0x04, 0x40, 0x6C, 0x39, 0x3C, 0x75, 0x64, 0x9D,
    0x1D, 0xB9, 0x3B, 0xC9, 0xB4, 0x91, 0xE7, 0x35, 0x62, 0x7D, 0x23, 0x9E, 0xE7, 0xC9, 0xD4, 0x97,
    0x44, 0x2E, 0x8B, 0xE9, 0x6E, 0x54, 0x86, 0xC6, 0xBF, 0xDC, 0x07, 0xB3, 0xB3, 0xB0, 0x7B, 0x27,
    0x7D, 0x5E, 0x2F, 0x6B, 0x24, 0xEE, 0x67, 0xF2, 0xAB, 0xF4, 0x0A, 0xAE, 0x98, 0x5F, 0x08, 0xE7,
    0x87, 0x1C, 0x54, 0xF8, 0x99, 0xB0, 0xFF, 0xB1, 0x93, 0x5A, 0xB9, 0x9B, 0xD8, 0xA8, 0xA8, 0x70,
    0x5C, 0x9A, 0xF1, 0xBE, 0x4A, 0xE7, 0x1D, 0x82, 0x0E, 0x57, 0x55, 0x01, 0xBF, 0x7E, 0x16, 0x05,
    0xF6, 0x9B, 0x91, 0xFF, 0x0F, 0xDE, 0x91, 0xC9, 0x51, 0x59, 0xEC, 0xEE, 0xCA, 0xAE, 0x2E, 0x9F,
    0x2B, 0xA4, 0x17, 0x77, 0x77, 0xE4, 0x84, 0xF4, 0x89, 0xA1, 0x4C, 0x85, 0x06, 0xED, 0x1B, 0x71,
    0x67, 0xC9, 0xE6, 0x9D, 0xF4, 0xB9, 0x42, 0xFC, 0x22, 0x73, 0x29, 0xEF, 0xBB, 0x29, 0x9A, 0x82,
    0xED, 0x6A, 0xEB, 0xEC, 0xC8, 0xF5, 0xA2, 0xCF, 0x2D, 0xD9, 0x2D, 0xAB, 0xD2, 0xDE, 0x7F, 0x59,
    0xFA, 0x82, 0x6B, 0x72, 0xD7, 0xA3, 0x23, 0x39, 0xA1, 0x39, 0x7C, 0x7D, 0xD6, 0x56, 0x40, 0x31,
    0xEF, 0x1E, 0xF1, 0x80, 0x3C, 0x81, 0x67, 0xF1, 0x24, 0xAF, 0x22, 0x6F, 0x34, 0xF5, 0xE7, 0x13,
    0xB0, 0xC6, 0x7F, 0x03, 0xB0, 0xF7, 0x63, 0x61, 0x39, 0x92, 0x9A, 0x1F, 0x74, 0xE4, 0xBE, 0xF6,
    0xEA, 0x73, 0xE5, 0x0D, 0x34, 0x44, 0x49, 0x3B, 0x0E, 0x10, 0x1C, 0xD9, 0x5B, 0xCD, 0x8F, 0x32,
    0x34, 0x71, 0xA2, 0xB9, 0x4F, 0xE0, 0x8C, 0xBC, 0x39, 0xD8, 0xB4, 0x70, 0x74, 0x62, 0x67, 0x5A,
    0x85, 0xEA, 0xC1, 0x26, 0x1B, 0x63, 0xA1, 0xB7, 0x25, 0x37, 0x96, 0x03, 0x88, 0x9F, 0x45, 0x04,
    0x93, 0x10, 0x6C, 0x42, 0x62, 0x94, 0x67, 0x1D, 0xD5, 0xA2, 0x79, 0x2F, 0xF4, 0xA0, 0x29, 0x60,
    0x6A, 0x39, 0xDC, 0x69, 0x75, 0x90, 0xCE, 0xBC, 0xFA, 0xA1, 0x1E, 0xAD, 0x57, 0xD7, 0x6A, 0xE4,
    0x35, 0xDB, 0xA9, 0xFB, 0x7A, 0x6F, 0x55, 0xC4, 0xA8, 0xA0, 0x76, 0x33, 0x94, 0x3A, 0x9D, 0xAA,
    0x4D, 0x6B, 0x34, 0xEA, 0xDE, 0xB6, 0xC2, 0xB6, 0x9F, 0x44, 0x4E, 0x62, 0x95, 0x85, 0x3F, 0xC3,
    0x1D, 0xED, 0xD1, 0x43, 0x66, 0x30, 0x1E, 0x5B, 0x1E, 0x56, 0xE3, 0x00, 0xB3, 0x2C, 0xCD, 0x86,
    0x54, 0xAF, 0x7A, 0xFE, 0x5D, 0x46, 0x77, 0xF0, 0xFE, 0x7F, 0x99, 0xD8, 0xD6, 0xFA, 0x97, 0xCC,
    0xC2, 0xCD, 0x23, 0xE7, 0xBD, 0x8C, 0x6D, 0x6A, 0x67, 0xEE, 0x8F, 0x33, 0x17, 0xFD, 0x06, 0x8F,
    0xC1, 0xA0, 0x3B, 0xB2, 0x62, 0x67, 0xCB, 0x28, 0xC8, 0xD6, 0xEC, 0x7C, 0x0D, 0xFC, 0x63, 0xD5,
    0xCE, 0xEF, 0xE0, 0x7D, 0x1F, 0x77, 0x86, 0x18, 0x42, 0x6A, 0xFD, 0x1E, 0x5A, 0x4F, 0x62, 0xEB,
    0x13, 0xB8, 0x31, 0x87, 0x8D, 0x4F, 0x43, 0x3D, 0x7A, 0x96, 0x50, 0x3E, 0xAB, 0xE8, 0x5B, 0x51,
    0x9D, 0x12, 0x57, 0xBF, 0x4E, 0x20, 0xA7, 0xBA, 0x7A, 0x2C, 0xAD, 0xE7, 0xD2, 0x0D, 0xB5, 0xE6,
    0xCC, 0x17, 0xDB, 0x99, 0x95, 0xF5, 0xD8, 0x9A, 0xB0, 0x29, 0x23, 0xC9, 0x4D, 0xCC, 0xE5, 0xC0,
    0xBE, 0x89, 0x57, 0x72, 0x62, 0x4B, 0xAF, 0xE7, 0x94, 0x9A, 0xF8, 0x4E, 0x6E, 0xC7, 0x26, 0xCE,
    0x72, 0x27, 0x32, 0xEF, 0x24, 0xB9, 0x21, 0xF3, 0x5E, 0x9C, 0xBF, 0x48, 0xE6, 0xFD, 0x70, 0xBC,
    0x46, 0xE6, 0xD7, 0x34, 0x7E, 0x9D, 0xCC, 0x7F, 0xD1, 0x38, 0xC1, 0x95, 0x88, 0x4F, 0x63, 0x44,
    0x9F, 0x52, 0xCA, 0xAC, 0xD6, 0xD9, 0xEB, 0xC5, 0xB0, 0xBE, 0x91, 0x0A, 0x2E, 0x69, 0xFF, 0x0E,
    0x0E, 0x11, 0x71, 0xD2, 0xFD, 0x5A, 0xD5, 0xF9, 0xA7, 0x51, 0xF9, 0xDD, 0xB2, 0xD8, 0x9C, 0x50,
    0xFF, 0x21, 0x6C, 0x89, 0x3B, 0xFF, 0x2B, 0x7A, 0x57, 0x96, 0xD3, 0x3A, 0xAE, 0xD5, 0xA3, 0xD5,
    0x58, 0xA0, 0xFA, 0x1A, 0x20, 0x9E, 0x75, 0x51, 0x73, 0x06, 0xFB, 0x75, 0x7B, 0xF6, 0xF3, 0xF9,
    0xCD, 0x4B, 0xE5, 0x4E, 0x43, 0x6D, 0xA4, 0x08, 0xC6, 0x6F, 0xE3, 0x90, 0xFB, 0x1F, 0xAC, 0xCC,
    0x0A, 0x86, 0xBE, 0xDC, 0x2C, 0x6E, 0xCA, 0xDC, 0xB6, 0x83, 0x5F, 0x12, 0xE0, 0xE5, 0x9A, 0x62,
    0xF6, 0x2D, 0x10, 0xC1, 0x35, 0x98, 0x74, 0x0D, 0x63, 0xAD, 0x62, 0xD4, 0x7D, 0x8C, 0x8F, 0x5F,
    0x4B, 0xB0, 0xD0, 0x8F, 0x79, 0x95, 0xA7, 0xF7, 0x7E, 0x82, 0x18, 0xF3, 0xCF, 0x30, 0xF4, 0x87,
    0x0D, 0x4F, 0x4E, 0xEB, 0x6E, 0xB1, 0x44, 0xDF, 0x9B, 0xB5, 0x87, 0x83, 0xF7, 0xFC, 0x10, 0x1C,
    0xBB, 0x97, 0x6B, 0xFB, 0xF4, 0x01, 0x68, 0x50, 0x81, 0x9F, 0xF2, 0xE3, 0xE7, 0x05, 0xE7, 0x69,
    0x97, 0x8B, 0x0D, 0x43, 0xDE, 0xAA, 0x0F, 0xBD, 0xE5, 0x54, 0xC9, 0x9A, 0x7B, 0x7E, 0x39, 0xA5,
    0xEE, 0xEE, 0x5E, 0xC1, 0xDB, 0xDA, 0x85, 0x4B, 0x73, 0xC1, 0x9E, 0x6A, 0xC5, 0xDF, 0x14, 0x1B,
    0x6E, 0x73, 0x5D, 0xF1, 0x8B, 0xFC, 0xBB, 0x0D, 0x9F, 0x73, 0x50, 0xF8, 0x9B, 0x28, 0xF8, 0xD7,
    0xD7, 0x36, 0xEB, 0xB3, 0x55, 0x6D, 0x92, 0xCF, 0x7F, 0x27, 0xAC, 0xB1, 0xC6, 0x98, 0x26, 0x7B,
    0x39, 0x25, 0x26, 0xB5, 0x62, 0x84, 0x4B, 0xED, 0xF9, 0x49, 0x7B, 0xD0, 0xAD, 0x4A, 0x64, 0x6D,
    0x06, 0x62, 0xD1, 0x76, 0x78, 0x94, 0xC4, 0x8B, 0xED, 0xD8, 0x3F, 0xEC, 0xC7, 0xAC, 0x7B, 0x5C,
    0x1F, 0xD5, 0x66, 0xCD, 0x0A, 0x25, 0x8B, 0x09, 0xE0, 0xBC, 0xE0, 0xAD, 0x57, 0x7B, 0x73, 0x58,
    0xDF, 0x8D, 0x7C, 0x42, 0xF0, 0x2E, 0xE0, 0xDC, 0xD9, 0x84, 0x28, 0xA9, 0xDE, 0x4F, 0xEA, 0x1B,
    0x33, 0xD2, 0x76, 0xFB, 0xAB, 0x73, 0xC7, 0xF8, 0x32, 0x42, 0xCD, 0x4D, 0xBF, 0xBE, 0xB1, 0x69,
    0xB2, 0x45, 0xB7, 0x66, 0x48, 0x80, 0x0A, 0xAC, 0xA4, 0x60, 0xD5, 0x35, 0xA7, 0xF5, 0xAF, 0x44,
    0xCC, 0x7F, 0x43, 0x51, 0x6A, 0xEA, 0xA1, 0x56, 0x64, 0x3B, 0x70, 0x0D, 0xB4, 0x43, 0x79, 0x74,
    0xE0, 0x26, 0x05, 0x4E, 0x68, 0x5B, 0x92, 0x35, 0x41, 0x0F, 0x21, 0xBD, 0x07, 0xDF, 0xB9, 0x5B,
    0x17, 0x40, 0x8F, 0xD9, 0x03, 0x1B, 0xCD, 0x1E, 0xD8, 0x5A, 0xB8, 0xD9, 0x43, 0xF3, 0x2B, 0x35,
    0xD9, 0xC2, 0x95, 0x1A, 0x67, 0x7E, 0x61, 0x67, 0x7E, 0x6A, 0xDD, 0x0C, 0x1C, 0xD4, 0x23, 0xE1,
    0xC2, 0x8B, 0xDE, 0x78, 0xF9, 0x7F, 0xE5, 0x5B, 0x3D, 0x6C, 0x24, 0xD9, 0x71, 0xAE, 0xEE, 0xDE,
    0x63, 0x9F, 0xB7, 0x71, 0xDB, 0x1B, 0x58, 0x90, 0x70, 0x2B, 0x72, 0x1C, 0xFA, 0xB4, 0xBC, 0x6D,
    0x07, 0x17, 0x50, 0x00, 0xC9, 0xEE, 0x3B, 0x05, 0x0A, 0x94, 0x28, 0x90, 0x9D, 0x18, 0x06, 0x1C,
    0xCB, 0x3F, 0xBC, 0x60, 0x83, 0x15, 0x40, 0x72, 0x1A, 0x27, 0xC0, 0x0E, 0x1C, 0x98, 0x81, 0xF3,
    0xDB, 0x60, 0x13, 0xCD, 0xCA, 0x26, 0x03, 0x06, 0x04, 0x3C, 0xE4, 0xB4, 0xA5, 0xC0, 0x81, 0x02,
    0xCD, 0x39, 0x31, 0x60, 0x38, 0x68, 0xC3, 0x0B, 0x9C, 0xCD, 0x15, 0x7C, 0x2D, 0xA3, 0x01, 0x0D,
    0xA9, 0xE1, 0xB4, 0xBF, 0xAF, 0xEA, 0x75, 0xCF, 0x90, 0xB7, 0xB2, 0x0F, 0x5E, 0xDE, 0x1E, 0x05,
    0xF1, 0x76, 0x5E, 0x37, 0x39, 0xDD, 0xEF, 0x55, 0xD5, 0xAB, 0x9F, 0xAF, 0xAA, 0xDE, 0x89, 0xE0,
    0x67, 0x5B, 0x64, 0xEB, 0x4C, 0x66, 0x12, 0x9E, 0xEF, 0x17, 0x1B, 0x92, 0xE4, 0x41, 0xB5, 0x2E,
    0xC7, 0xE2, 0x9D, 0x95, 0xFE, 0x44, 0x64, 0x96, 0x05, 0x95, 0xE0, 0xD7, 0x78, 0x2C, 0xB2, 0x2B,
    0xBD, 0x82, 0x63, 0x92, 0x8B, 0x9C, 0x48, 0x9A, 0xE9, 0x88, 0x09, 0x2E, 0xA4, 0x8F, 0x71, 0xCA,
    0xD1, 0x9B, 0xE2, 0x7B, 0xC1, 0x8B, 0x18, 0xF1, 0x22, 0xBE, 0x8D, 0xC6, 0x1C, 0xF1, 0x62, 0x2F,
    0xE7, 0x03, 0xD1, 0x18, 0x8F, 0x88, 0x3F, 0xDB, 0x2F, 0xF1, 0x4A, 0x72, 0x26, 0xF6, 0xF3, 0x6D,
    0x7C, 0x82, 0xDA, 0x86, 0xE8, 0x42, 0x6A, 0x39, 0xD9, 0x2F, 0xCA, 0xA0, 0x0A, 0x3F, 0xCE, 0xA3,
    0x22, 0x98, 0xE0, 0x55, 0xBF, 0xC6, 0x2C, 0xED, 0xB0, 0xCB, 0xE1, 0x98, 0xF3, 0xBB, 0x21, 0x2C,
    0x49, 0x61, 0x41, 0x02, 0x33, 0x3C, 0x82, 0xB5, 0xE3, 0xE7, 0x98, 0xCD, 0x6F, 0x72, 0x37, 0xFF,
    0x24, 0x6D, 0xCA, 0xB8, 0x9E, 0xDE, 0x6F, 0xF2, 0xDB, 0xD5, 0x90, 0x6C, 0x55, 0x47, 0x3E, 0xD8,
    0xFA, 0xB7, 0x92, 0xCC, 0x35, 0x64, 0xD1, 0x2B, 0x39, 0x8B, 0x5F, 0x90, 0xDE, 0xA0, 0xE0, 0x64,
    0x41, 0xCE, 0x31, 0xC4, 0x98, 0x4B, 0x94, 0x91, 0xFC, 0x08, 0x14, 0x67, 0x12, 0x0B, 0x19, 0xBA,
    0xA3, 0xE3, 0xB2, 0xC8, 0xA6, 0xC8, 0xAA, 0x8E, 0xEB, 0xFA, 0x97, 0x43, 0x3C, 0x93, 0x63, 0x32,
    0x89, 0xCE, 0xF7, 0xB1, 0xBA, 0x37, 0x9A, 0x38, 0x12, 0x7E, 0x9B, 0x43, 0x5F, 0x87, 0xB4, 0x92,
    0x69, 0x92, 0x60, 0x78, 0x1B, 0x0B, 0x4F, 0x0E, 0x83, 0xD2, 0x6B, 0xF2, 0x70, 0x0C, 0x9E, 0xC0,
    0x6C, 0x85, 0x45, 0x39, 0xE4, 0xA0, 0x26, 0xCE, 0x41, 0x4C, 0x2F, 0x03, 0x15, 0x09, 0x05, 0x98,
    0x4A, 0xCA, 0xE1, 0xC3, 0x5C, 0x52, 0xFF, 0xAF, 0x73, 0x49, 0xFE, 0x2E, 0x7E, 0x2E, 0x51, 0x1D,
    0xB6, 0x0B, 0x88, 0x64, 0x7E, 0x77, 0x5B, 0xAE, 0x74, 0xB7, 0x47, 0x47, 0xDD, 0x2D, 0x16, 0xEE,
    0x6E, 0x8B, 0xEE, 0xF6, 0xCD, 0x4C, 0x16, 0x7F, 0xFA, 0xCD, 0x0C, 0x4C, 0x36, 0x4D, 0x93, 0x49,
    0x72, 0xBE, 0x5F, 0x4B, 0x7C, 0x3A, 0x68, 0x74, 0x33, 0x2F, 0x64, 0x45, 0xBC, 0x0B, 0xB7, 0xAF,
    0xAB, 0x82, 0x7D, 0xA1, 0xC8, 0x7A, 0xF9, 0x9A, 0xC4, 0xA5, 0xEE, 0x73, 0x5C, 0xDC, 0x95, 0x04,
    0xF3, 0xC6, 0x2A, 0x3F, 0x65, 0xD6, 0x6E, 0xF9, 0x16, 0xC5, 0x48, 0xA9, 0x92, 0xDC, 0x9E, 0xDE,
    0xC6, 0xAA, 0x02, 0x19, 0x6F, 0xF9, 0x96, 0x53, 0x13, 0x15, 0x51, 0xAA, 0x52, 0xE4, 0x5B, 0xDC,
    0xCC, 0x34, 0xD3, 0xB7, 0x64, 0x87, 0x73, 0xC6, 0xCA, 0xC3, 0x90, 0x5A, 0xA7, 0x6F, 0x41, 0xEF,
    0xB0, 0xA1, 0x78, 0xEB, 0x7D, 0xDE, 0x46, 0x15, 0xDF, 0x3A, 0x10, 0x6F, 0x02, 0x0E, 0xF9, 0x56,
    0x29, 0x5F, 0x3E, 0x7F, 0x7A, 0x21, 0x71, 0x2D, 0xE1, 0x58, 0x46, 0x4D, 0xB3, 0xA7, 0xAC, 0x75,
    0xCC, 0xAF, 0x62, 0xAB, 0x94, 0x61, 0x89, 0xA3, 0xDC, 0xF8, 0x95, 0x68, 0xE6, 0xD8, 0x55, 0x62,
    0x4D, 0x8B, 0xF9, 0xA3, 0xCC, 0xEA, 0x9D, 0xF2, 0xDA, 0x6B, 0x1A, 0xC7, 0xDF, 0x83, 0xC1, 0x85,
    0xBB, 0x5B, 0xC3, 0xBA, 0xC6, 0xE8, 0xFB, 0xD4, 0x2C, 0xC7, 0x67, 0xD1, 0xB1, 0x99, 0xB5, 0x5C,
    0xEE, 0xB6, 0x4C, 0x82, 0xE6, 0x96, 0xC7, 0xAA, 0x65, 0x11, 0xD3, 0x3B, 0x0E, 0x75, 0x3D, 0x65,
    0x30, 0x95, 0xAF, 0x18, 0x7F, 0x18, 0xD6, 0x8C, 0x3D, 0x28, 0xCC, 0x43, 0xE3, 0x2E, 0x3C, 0x1F,
    0x54, 0x1D, 0x73, 0x9C, 0x26, 0x6C, 0xA0, 0xCA, 0x50, 0x81, 0xA5, 0x19, 0x55, 0xDD, 0xE6, 0xFD,
    0xFB, 0xD2, 0x6C, 0x3D, 0xCD, 0x6D, 0xF6, 0x2F, 0x99, 0xF0, 0x94, 0x9F, 0xD9, 0xC4, 0x6F, 0x1A,
    0x48, 0xE2, 0x69, 0x1D, 0x9C, 0xEE, 0x17, 0xFE, 0x04, 0xA6, 0x97, 0x25, 0x59, 0x08, 0xF3, 0x88,
    0x40, 0x1C, 0x34, 0xB2, 0xE4, 0xA3, 0xFC, 0x8B, 0xC9, 0x03, 0x14, 0xE2, 0x5F, 0x9F, 0x3C, 0x81,
    0xC4, 0x13, 0x5E, 0x53, 0x7A, 0x89, 0x9E, 0xF2, 0x73, 0x0C, 0x6E, 0x40, 0x1C, 0xAE, 0x7D, 0xBC,
    0xE1, 0x67, 0xC7, 0xF2, 0x09, 0xE7, 0xC8, 0x76, 0x83, 0x2D, 0xBE, 0x2B, 0xE9, 0xDF, 0x26, 0xFF,
    0x35, 0x1A, 0x8C, 0x24, 0x7A, 0x16, 0x3D, 0x6B, 0x9A, 0x19, 0x55, 0x0E, 0x86, 0xD6, 0x60, 0x81,
    0x59, 0x0E, 0xA3, 0xFD, 0x0F, 0x73, 0x05, 0xF0, 0x2F, 0x2A, 0x92, 0x54, 0x25, 0xAF, 0x42, 0x52,
    0xC1, 0x1C, 0xAB, 0xAC, 0x95, 0x05, 0xBD, 0x4E, 0xE7, 0x57, 0x8A, 0x8B, 0x3B, 0x40, 0x39, 0x93,
    0x00, 0x6E, 0x1C, 0xE7, 0x68, 0xAF, 0x94, 0x3A, 0x59, 0xC1, 0x14, 0x64, 0x85, 0x5E, 0x6E, 0xCC,
    0x39, 0x21, 0xE1, 0x82, 0x73, 0x4C, 0x61, 0xFA, 0xB8, 0x42, 0xDC, 0x51, 0xDE, 0xA3, 0x3A, 0x0C,
    0x46, 0x19, 0x3C, 0x4A, 0x1F, 0x1A, 0x03, 0x13, 0x74, 0x86, 0xE3, 0xAE, 0x9B, 0xEE, 0xBA, 0xE3,
    0xAE, 0x26, 0x49, 0x5D, 0x96, 0x97, 0x3F, 0x1C, 0xEB, 0x35, 0x98, 0x75, 0x76, 0xB5, 0xAD, 0x6C,
    0x52, 0x6D, 0xC1, 0x25, 0x2E, 0xCA, 0xE4, 0xB6, 0xF1, 0xE8, 0x58, 0x34, 0x0E, 0xD3, 0x5A, 0x19,
    0xBA, 0x57, 0xE9, 0x25, 0xE8, 0x2E, 0xE4, 0x0E, 0xD4, 0x93, 0xB9, 0x50, 0x9D, 0x2A, 0xFC, 0x85,
    0x5E, 0x62, 0xD3, 0x27, 0xE8, 0x1D, 0x19, 0xD3, 0x8B, 0x37, 0x06, 0xDD, 0x64, 0x2B, 0x31, 0xAE,
    0x52, 0x63, 0x6A, 0xD3, 0x78, 0xDA, 0x30, 0x96, 0x1C, 0xE9, 0xC3, 0x4B, 0x0C, 0x38, 0xFA, 0x8D,
    0xAA, 0x40, 0xA9, 0xF2, 0xB6, 0x54, 0xED, 0x7D, 0x68, 0x79, 0x3A, 0x91, 0xA3, 0xFB, 0xB5, 0x4C,
    0xF1, 0x3D, 0x3F, 0x47, 0xA4, 0x9E, 0x0F, 0x85, 0xE3, 0xB4, 0x8A, 0x8A, 0xA4, 0xA2, 0xAA, 0xC4,
    0x79, 0x80, 0xD5, 0x43, 0x7C, 0xF0, 0x17, 0x10, 0x97, 0x82, 0xB2, 0x4D, 0xF8, 0xB1, 0x1D, 0xC8,
    0x70, 0xA8, 0x9F, 0x14, 0x8B, 0x6D, 0xE2, 0xB3, 0x23, 0x27, 0x07, 0xF8, 0x2D, 0xE7, 0xD2, 0x13,
    0x5B, 0x9B, 0x0B, 0x73, 0x52, 0xB0, 0xE6, 0x8F, 0x32, 0x73, 0x17, 0xFD, 0x5A, 0x7A, 0xCD, 0x8F,
    0x1B, 0x48, 0x0E, 0x06, 0x30, 0x7B, 0x6F, 0x04, 0x05, 0xC1, 0x1B, 0x95, 0x6A, 0xC8, 0x8C, 0x26,
    0x4E, 0x15, 0x19, 0x81, 0x67, 0x6E, 0x4A, 0x94, 0xE6, 0xFE, 0x58, 0x43, 0x40, 0xAF, 0x80, 0x23,
    0xA7, 0xB6, 0xC4, 0x63, 0xDC, 0xE0, 0x8D, 0x3B, 0x61, 0x15, 0xA8, 0x82, 0x2E, 0x07, 0x75, 0x98,
    0x51, 0x51, 0x56, 0xFD, 0x49, 0xA4, 0x5B, 0xB6, 0x2E, 0xD3, 0x58, 0xD7, 0x5E, 0x93, 0x93, 0x58,
    0x09, 0x78, 0x28, 0xE9, 0x8A, 0xDE, 0x1C, 0x4A, 0xFA, 0x67, 0xBA, 0x3D, 0x07, 0xD2, 0xFB, 0x99,
    0x6E, 0x10, 0x76, 0x64, 0xAA, 0x9B, 0x82, 0x98, 0x31, 0xE1, 0x8D, 0x5F, 0x72, 0x37, 0x21, 0x78,
    0x04, 0x34, 0xCC, 0xC6, 0x48, 0xD7, 0xF0, 0xB1, 0x24, 0xBB, 0xA2, 0x34, 0xF3, 0x9B, 0x56, 0x6D,
    0x5A, 0xB1, 0xB7, 0x8A, 0x23, 0xFE, 0xBE, 0x69, 0x02, 0x58, 0x9B, 0xFB, 0xE5, 0x75, 0x93, 0x41,
    0x71, 0x62, 0x22, 0xC8, 0x2E, 0x9C, 0x04, 0xB6, 0x9D, 0x00, 0x5A, 0xFE, 0x1D, 0xFB, 0x49, 0x6D,
    0xDC, 0xDF, 0xAB, 0x8D, 0x79, 0xB0, 0xA1, 0xBC, 0xE3, 0xAA, 0xAC, 0x63, 0xC7, 0x94, 0x73, 0xA8,
    0x91, 0x32, 0x1E, 0x16, 0xC6, 0x37, 0x84, 0xFE, 0x50, 0xFA, 0x2B, 0x64, 0x49, 0xB9, 0x06, 0x47,
    0x60, 0x7A, 0xCA, 0xA8, 0xAA, 0x3C, 0x27, 0x8E, 0xE5, 0xD4, 0x71, 0x9C, 0x3A, 0x86, 0x37, 0x1D,
    0xBF, 0x2D, 0x53, 0xC3, 0x2B, 0xBC, 0xB9, 0x10, 0xE5, 0x94, 0xCA, 0x69, 0x95, 0x78, 0xFB, 0xE6,
    0x86, 0xFD, 0x0B, 0xF7, 0x58, 0x6C, 0x0C, 0x3B, 0x27, 0x9B, 0xD8, 0x25, 0x96, 0xCB, 0x3F, 0x69,
    0x95, 0xE4, 0xF0, 0xD0, 0xC9, 0xCF, 0x9F, 0x57, 0x4B, 0x10, 0xC3, 0x2F, 0x7C, 0x45, 0x01, 0x3F,
    0xC3, 0x65, 0x28, 0x61, 0x4D, 0xBD, 0x94, 0x88, 0x61, 0x7D, 0xC2, 0x68, 0x5A, 0x7A, 0xB4, 0xA5,
    0x70, 0xEC, 0x55, 0x1A, 0x4C, 0xF1, 0x2D, 0xC3, 0x29, 0xBE, 0x4D, 0xCC, 0xA9, 0x51, 0x35, 0x43,
    0xAA, 0x0D, 0xBE, 0x2D, 0xDA, 0xCB, 0x0E, 0xD0, 0x03, 0x24, 0x30, 0x84, 0xF2, 0xC5, 0x46, 0x43,
    0xCF, 0x08, 0x4B, 0x2E, 0xED, 0xE1, 0xCE, 0x22, 0x8F, 0x7F, 0x62, 0xAC, 0xF5, 0xED, 0xF9, 0x5B,
    0x72, 0x97, 0x94, 0x7B, 0xBA, 0x31, 0x7F, 0x45, 0x2E, 0x83, 0x46, 0x39, 0xB5, 0x87, 0x9F, 0xCC,
    0xB9, 0xB1, 0x99, 0xD5, 0x25, 0xBB, 0x97, 0x3F, 0xE1, 0xE3, 0xFE, 0x4F, 0xF5, 0x25, 0x7D, 0x35,
    0x56, 0xAF, 0xB7, 0x12, 0x72, 0x5C, 0x57, 0x37, 0x71, 0xA8, 0x3E, 0xA3, 0x52, 0xDB, 0x23, 0x33,
    0x00, 0x29, 0x1C, 0xE1, 0xFB, 0xA1, 0x43, 0x0F, 0x7E, 0xFF, 0x0F, 0x26, 0x54, 0x18, 0xAA, 0xF7,
    0x21, 0xC9, 0x03, 0xEF, 0x74, 0x01, 0xE6, 0xC1, 0xCF, 0xE4, 0x5E, 0x93, 0x8F, 0x66, 0x92, 0xD2,
    0x15, 0x8D, 0x23, 0x4E, 0xB6, 0xDD, 0x02, 0x03, 0x0D, 0xA7, 0xAF, 0xB5, 0x94, 0x45, 0x17, 0xEF,
    0x80, 0x24, 0xC4, 0x43, 0x46, 0x03, 0x61, 0x28, 0x30, 0x91, 0x21, 0x08, 0xD0, 0xF9, 0x44, 0x8C,
    0xD4, 0x18, 0xD4, 0xF7, 0xAB, 0xE3, 0xA7, 0xD7, 0x57, 0x97, 0x2F, 0xF4, 0xF7, 0x42, 0x67, 0xAF,
    0x9E, 0x1E, 0x18, 0x25, 0x7A, 0x46, 0x74, 0xE2, 0x91, 0x68, 0xE2, 0x92, 0xA3, 0xE1, 0xA5, 0x25,
    0x6F, 0x67, 0x1D, 0xF2, 0x60, 0xA4, 0xA4, 0x77, 0x34, 0x2C, 0x58, 0xB5, 0x7E, 0x51, 0x25, 0xA0,
    0x4E, 0xDE, 0x86, 0xBC, 0xD5, 0x12, 0x35, 0xB0, 0xB4, 0xDB, 0x14, 0x7A, 0x41, 0x5A, 0xBC, 0xD3,
    0xC0, 0x69, 0x3B, 0x10, 0xF1, 0xD9, 0xC4, 0x23, 0x2E, 0xE1, 0x91, 0xF1, 0xC3, 0xA1, 0xD1, 0x90,
    0x14, 0x97, 0xE0, 0x51, 0xE2, 0xFC, 0x8F, 0x39, 0x35, 0xF5, 0x43, 0xBA, 0xA8, 0x7E, 0x72, 0xDB,
    0xB0, 0xC4, 0xE9, 0x42, 0xEA, 0x3E, 0xC9, 0x0F, 0xC5, 0xC0, 0x8C, 0xF8, 0xD8, 0x7A, 0xEC, 0xC9,
    0x23, 0xAC, 0xF1, 0xDF, 0xA4, 0x5E, 0x81, 0x46, 0xFF, 0x92, 0xFE, 0x02, 0x6A, 0x2B, 0xD2, 0x56,
    0xA0, 0x4D, 0x4F, 0x3D, 0x21, 0x75, 0x53, 0x45, 0xD9, 0x0A, 0xB2, 0x15, 0x63, 0x2B, 0xC4, 0x56,
    0x84, 0xAD, 0x00, 0x5B, 0xF1, 0xB5, 0xC2, 0x6B, 0x45, 0xD7, 0x0A, 0xAE, 0x15, 0x5B, 0x2B, 0x9A,
    0x50, 0x64, 0xAD, 0xC0, 0xDA, 0x70, 0xB5, 0xC1, 0xEA, 0xFF, 0x63, 0x77, 0x31, 0x00, 0x64, 0x63,
    0x1E, 0x48, 0x58, 0x71, 0xE7, 0xCB, 0x81, 0xEC, 0xD7, 0x14, 0xE0, 0x86, 0x99, 0x6E, 0xDC, 0x3F,
    0x73, 0xBF, 0xBC, 0x46, 0xF7, 0xF5, 0xE2, 0x8A, 0xF9, 0x02, 0x88, 0x37, 0x05, 0x81, 0xF8, 0x2C,
    0x57, 0x20, 0xAE, 0x5E, 0xA1, 0x52, 0x99, 0x2B, 0xB8, 0x80, 0x17, 0x7B, 0x31, 0x10, 0xCF, 0x14,
    0x88, 0xCB, 0x4B, 0x02, 0xF1, 0x12, 0xF3, 0xC8, 0x36, 0x6D, 0x37, 0x21, 0xA9, 0xBD, 0xF1, 0x25,
    0xD7, 0x42, 0x13, 0xE1, 0xA0, 0xFE, 0x43, 0xBD, 0x47, 0x48, 0xA7, 0xF1, 0xFF, 0xC6, 0xE5, 0x5F,
    0x1B, 0x50, 0x38, 0xA3, 0x39, 0xDE, 0x6C, 0x31, 0x79, 0x4F, 0x55, 0x53, 0xD5, 0xB7, 0xEE, 0xDD,
    0x28, 0x09, 0x2D, 0x0D, 0x9E, 0xC0, 0x93, 0xCC, 0x93, 0x8A, 0xF8, 0x5D, 0xA8, 0xC6, 0xF7, 0xC1,
    0xF9, 0xBB, 0xE5, 0xA2, 0x9C, 0x28, 0x26, 0x4A, 0x89, 0x42, 0xA2, 0x8C, 0x28, 0x22, 0x4A, 0x88,
    0x02, 0xA2, 0x7C, 0x28, 0x1E, 0x4A, 0x87, 0xC2, 0xA1, 0x6C, 0x28, 0x1A, 0x4A, 0xC6, 0x09, 0x66,
    0x29, 0x9F, 0x7B, 0xFA, 0x0D, 0x9D, 0x54, 0x1D, 0xA8, 0xA7, 0x2A, 0x73, 0xA4, 0x81, 0x60, 0xAA,
    0xDF, 0x1E, 0xC5, 0x37, 0x4B, 0x7F, 0xB8, 0x26, 0x7D, 0x03, 0x7D, 0xC1, 0xDB, 0xF8, 0xFD, 0x77,
    0x70, 0x8B, 0x60, 0x98, 0x7C, 0xA3, 0xD2, 0xEB, 0xB5, 0x49, 0xE8, 0xAE, 0xE6, 0xC4, 0x6F, 0x87,
    0xEA, 0xEF, 0xFE, 0x5C, 0x11, 0xA2, 0x12, 0xE0, 0xED, 0xDD, 0x70, 0x09, 0x85, 0xD9, 0xAA, 0xF8,
    0x1F, 0x61, 0xAD, 0x5F, 0x82, 0x74, 0x20, 0x38, 0x79, 0xEB, 0x73, 0xD2, 0xA1, 0xB7, 0x16, 0x82,
    0xB1, 0x21, 0x87, 0x40, 0xCD, 0x4C, 0x61, 0xD0, 0x8D, 0x96, 0x50, 0xE9, 0x62, 0x5B, 0xAD, 0xC8,
    0x4E, 0xE4, 0x75, 0x3C, 0x00, 0x09, 0xC5, 0x3F, 0xAA, 0x55, 0x52, 0xD7, 0x25, 0xA1, 0x11, 0x78,
    0x39, 0xBD, 0x00, 0xA1, 0x49, 0x76, 0x4B, 0xF5, 0xD5, 0xC5, 0x31, 0x6F, 0xAB, 0xA0, 0x4B, 0x0A,
    0x27, 0x88, 0x1C, 0x45, 0x92, 0xA5, 0xEA, 0xCC, 0xF9, 0xDF, 0x54, 0x76, 0x21, 0x88, 0x14, 0x51,
    0x21, 0xB2, 0xC2, 0x4C, 0xA3, 0x2E, 0x7C, 0x30, 0xE8, 0x24, 0xE7, 0x55, 0x0F, 0x14, 0xAA, 0xA6,
    0x7A, 0xBF, 0x71, 0xC5, 0xAB, 0x7D, 0xA1, 0x68, 0xC6, 0xFC, 0x56, 0x3D, 0xF7, 0x5B, 0xCE, 0x2A,
    0x7B, 0xFE, 0xDC, 0xC5, 0x13, 0xD3, 0x00, 0xD2, 0x68, 0x7E, 0x5B, 0xAA, 0x24, 0x4B, 0xC2, 0x19,
    0xA2, 0x19, 0x82, 0x19, 0x62, 0x19, 0x42, 0x19, 0x22, 0x19, 0x02, 0x19, 0xE2, 0x18, 0xCD, 0x59,
    0x81, 0x62, 0x1C, 0x88, 0x31, 0x57, 0xFE, 0xDD, 0xC1, 0x1C, 0x9A, 0x47, 0xCA, 0xA7, 0xE2, 0x12,
    0x77, 0x7F, 0xB3, 0x24, 0x32, 0x59, 0x88, 0x3A, 0x0E, 0x0E, 0x1D, 0xCA, 0x35, 0x4A, 0x44, 0x97,
    0xD1, 0xA9, 0x16, 0x97, 0x9A, 0xFF, 0x24, 0x8D, 0x95, 0x24, 0xDE, 0xFC, 0xE4, 0xF4, 0x29, 0xAF,
    0xC1, 0x87, 0x6A, 0x11, 0x12, 0x25, 0x99, 0x5A, 0xEA, 0x72, 0x6A, 0x16, 0xBB, 0x06, 0x9D, 0xA2,
    0xB0, 0x2A, 0x4B, 0xAC, 0xFD, 0xF1, 0xAE, 0xE5, 0xC5, 0xF9, 0xB1, 0x4B, 0x03, 0x66, 0x83, 0xC7,
    0x6A, 0x2F, 0x36, 0xDD, 0xA1, 0x67, 0xAB, 0x9D, 0x0F, 0xF4, 0x1A, 0x34, 0xB6, 0xF5, 0x91, 0x95,
    0x51, 0x64, 0xC5, 0xE5, 0xD5, 0xEB, 0xB4, 0xB6, 0x3B, 0x34, 0x6E, 0x48, 0xF9, 0x0D, 0xA6, 0x2D,
    0xD8, 0xA9, 0x75, 0x41, 0x62, 0xB4, 0x45, 0xBC, 0x34, 0x9A, 0xE1, 0x45, 0xA5, 0xFB, 0xCD, 0xC1,
    0x9E, 0x79, 0x86, 0xCB, 0xD4, 0xDF, 0x3B, 0xF3, 0x80, 0x6F, 0x46, 0xFB, 0x1F, 0xEE, 0x97, 0x41,
    0x1D, 0x5C, 0x04, 0x55, 0x54, 0x7A, 0x90, 0x15, 0x92, 0x2B, 0x6C, 0x0F, 0xEB, 0x21, 0x91, 0xCA,
    0x2A, 0xC9, 0x77, 0x81, 0x86, 0x2E, 0x08, 0x90, 0x9A, 0x3D, 0x83, 0xC3, 0x18, 0x13, 0x1D, 0xB9,
    0xF9, 0x3B, 0x02, 0x9B, 0x83, 0x9D, 0xFD, 0xA4, 0x0C, 0x25, 0x79, 0xFE, 0xDE, 0xEC, 0x84, 0xDE,
    0x7C, 0xEB, 0x99, 0x8A, 0x27, 0x27, 0x6A, 0x9B, 0xC0, 0x88, 0x91, 0xD2, 0x9D, 0x60, 0x83, 0x98,
    0x24, 0xD4, 0x4A, 0x3D, 0xE1, 0xA0, 0x96, 0x5C, 0x2D, 0x17, 0x4A, 0x3B, 0xB0, 0xDB, 0x07, 0xB8,
    0x02, 0x26, 0x84, 0x3F, 0xD9, 0xE5, 0x03, 0x1C, 0xF2, 0x94, 0x7B, 0x9D, 0xCA, 0xED, 0xD1, 0x63,
    0x2C, 0x9E, 0x12, 0x8F, 0x02, 0xC1, 0xCD, 0x58, 0x99, 0x4A, 0x9A, 0xBD, 0x39, 0x43, 0x40, 0xBD,
    0xC9, 0xC7, 0x17, 0xE2, 0x9F, 0x37, 0x5F, 0x65, 0xD2, 0xCE, 0x40, 0x96, 0x10, 0xCD, 0x26, 0x9C,
    0x3A, 0xE5, 0xB0, 0xC9, 0x01, 0x8F, 0xF5, 0xDE, 0x63, 0x2D, 0x8C, 0xFA, 0x1E, 0xFD, 0x8D, 0x73,
    0x54, 0xAA, 0x41, 0x32, 0xFA, 0x4F, 0x95, 0x14, 0xDC, 0xE4, 0xD9, 0xFE, 0x94, 0x8E, 0x65, 0x2A,
    0x0F, 0xE4, 0xBB, 0x27, 0xF9, 0x06, 0xB6, 0xA6, 0xD8, 0x10, 0xCD, 0xF1, 0xE1, 0x47, 0xE2, 0xD3,
    0xFD, 0x31, 0x48, 0x3C, 0x5B, 0x28, 0x4D, 0xAA, 0xF7, 0x90, 0x23, 0xDD, 0xB1, 0xB4, 0x5C, 0x48,
    0xF2, 0x16, 0xD5, 0x25, 0x17, 0x13, 0x88, 0x49, 0x44, 0x45, 0xA2, 0x89, 0x53, 0xED, 0xB6, 0x54,
    0xA5, 0x62, 0x62, 0x71, 0xAF, 0xA7, 0xD9, 0x3C, 0x12, 0xA8, 0x68, 0x44, 0x65, 0x23, 0xBB, 0x6D,
    0xA9, 0x4D, 0x25, 0x42, 0x77, 0x9D, 0x5A, 0xFD, 0x4D, 0x7F, 0x55, 0x09, 0x39, 0x11, 0xB5, 0x32,
    0x62, 0xF0, 0x92, 0xE0, 0x9F, 0x2A, 0xA2, 0x57, 0x2E, 0xD0, 0x74, 0x95, 0xDB, 0xEB, 0x15, 0xDC,
    0x49, 0x83, 0x2C, 0x35, 0xF7, 0x28, 0x38, 0xE4, 0xF0, 0x1B, 0x6E, 0x60, 0x61, 0xE4, 0xAA, 0xE0,
    0xEE, 0xAA, 0x51, 0xAC, 0x2B, 0x0E, 0xE8, 0x69, 0x02, 0x1A, 0x6B, 0x5A, 0x13, 0xA9, 0xBA, 0xFB,
    0x7B, 0xF3, 0xAA, 0x6D, 0xD1, 0xD7, 0x02, 0xDA, 0xD6, 0x84, 0xD9, 0x53, 0x4F, 0x8B, 0x67, 0x1B,
    0x0C, 0x36, 0xF4, 0x0F, 0xD1, 0x38, 0x54, 0xDF, 0xBF, 0xA2, 0xAE, 0x8A, 0xC4, 0xC4, 0x1F, 0x50,
    0xFE, 0xBD, 0x6F, 0x51, 0x98, 0x49, 0x5F, 0xEB, 0x6C, 0xBF, 0xD0, 0xF1, 0x03, 0xEE, 0xCE, 0x2E,
    0x8B, 0xF4, 0xD0, 0xDD, 0x0B, 0x65, 0x7C, 0xA4, 0x7E, 0x83, 0x52, 0x9E, 0x32, 0x8D, 0x40, 0xC8,
    0x04, 0x6C, 0xC6, 0x52, 0xF1, 0x84, 0xFE, 0x50, 0xD3, 0xF7, 0x35, 0x7A, 0xD9, 0x15, 0xC6, 0xDC,
    0x98, 0xF6, 0x1A, 0xD6, 0x0B, 0xC4, 0xC5, 0xAC, 0x81, 0x2D, 0x5D, 0x74, 0x69, 0xD9, 0xB0, 0x2B,
    0x09, 0xF0, 0x29, 0xAF, 0x8E, 0x9B, 0x0C, 0x91, 0x6D, 0x06, 0x82, 0xE1, 0xC4, 0x82, 0x12, 0x93,
    0x04, 0x63, 0x08, 0x2D, 0x2C, 0x48, 0xF8, 0x3F, 0x92, 0x6E, 0xC8, 0x43, 0xE2, 0x5F, 0xB2, 0xA0,
    0x8A, 0x10, 0x29, 0x09, 0x4D, 0x9F, 0x25, 0x24, 0x48, 0x7C, 0x97, 0xF0, 0x11, 0x94, 0xED, 0x48,
    0xAF, 0xC4, 0xC4, 0x4B, 0xF5, 0x2B, 0xCA, 0xB0, 0xC8, 0x4D, 0xA0, 0xE6, 0xD9, 0x21, 0xD8, 0x9D,
    0xEE, 0x2E, 0x7D, 0xD2, 0x6E, 0x10, 0xD3, 0x2C, 0x64, 0x59, 0x74, 0xAE, 0x0C, 0xDD, 0x4C, 0xB1,
    0x52, 0xB1, 0x0F, 0xF3, 0x2B, 0x66, 0x56, 0xF6, 0x09, 0x4B, 0xE6, 0x56, 0x4C, 0xAD, 0x18, 0x8C,
    0x99, 0x58, 0x69, 0x5E, 0x75, 0x68, 0xAB, 0x30, 0xAE, 0xC4, 0xEE, 0x13, 0x9D, 0x52, 0x69, 0xA5,
    0x8D, 0x42, 0x4D, 0x93, 0xBF, 0xEA, 0xEC, 0xF2, 0x33, 0xF2, 0x4E, 0x8F, 0xBA, 0xE8, 0x4F, 0x3F,
    0x57, 0x59, 0x68, 0xC5, 0x45, 0x0B, 0x2E, 0xE1, 0x4F, 0x73, 0x57, 0x6E, 0xF1, 0xA6, 0x97, 0x41,
    0x5F, 0x33, 0xE6, 0x50, 0xC8, 0x23, 0x5A, 0xEA, 0x01, 0x4D, 0x32, 0x53, 0x36, 0x14, 0x29, 0x6E,
    0x28, 0xA2, 0xA1, 0xEA, 0x16, 0xAD, 0xCA, 0xDE, 0xD6, 0x4A, 0x9C, 0xB5, 0x1E, 0xBA, 0x52, 0x02,
    0x4C, 0x62, 0x95, 0x77, 0xDB, 0x9C, 0xFE, 0x84, 0xA6, 0xD6, 0xCF, 0x22, 0x20, 0x8D, 0xF3, 0x11,
    0x4B, 0xD7, 0xFA, 0xEC, 0x1D, 0x4C, 0x2E, 0xE1, 0x5F, 0x16, 0x2F, 0x24, 0xA3, 0x47, 0x0A, 0x12,
    0xEE, 0xDA, 0x06, 0x8D, 0x7F, 0x8D, 0x64, 0xDC, 0xD5, 0xC4, 0x41, 0xC1, 0x03, 0x53, 0x0A, 0x8D,
    0xCF, 0x8A, 0x5A, 0x42, 0xFA, 0x80, 0xA5, 0x11, 0x29, 0x8A, 0xAA, 0xAE, 0x46, 0x78, 0x85, 0xA0,
    0x09, 0x98, 0x47, 0xA2, 0xBA, 0x4E, 0x83, 0xDF, 0x61, 0xB8, 0x4B, 0xE9, 0xE0, 0x92, 0x53, 0xB0,
    0xB0, 0x64, 0xE2, 0xFF, 0x2A, 0xE5, 0xC2, 0xFE, 0x86, 0x84, 0xB3, 0x8E, 0xA3, 0xF6, 0x47, 0x69,
    0xF4, 0x9B, 0xCE, 0x83, 0x6E, 0x76, 0xFB, 0x39, 0xBC, 0x5C, 0x48, 0x99, 0xA8, 0xB1, 0xB6, 0x65,
    0x3C, 0xF5, 0xC5, 0x5A, 0xC8, 0xD3, 0x41, 0xD1, 0x4B, 0x74, 0xA5, 0x42, 0xD3, 0xC5, 0x2B, 0x4E,
    0xF7, 0x35, 0xBE, 0x9F, 0xEE, 0xFD, 0x06, 0x75, 0x98, 0xAC, 0xAF, 0x44, 0x0A, 0xB4, 0xAD, 0x24,
    0x6D, 0x57, 0x49, 0x16, 0x9A, 0x4A, 0x5D, 0x4F, 0xA9, 0x6B, 0x29, 0x75, 0x1D, 0xA5, 0xAE, 0xA1,
    0xD4, 0xF5, 0x93, 0xBA, 0x76, 0x52, 0xD7, 0x4D, 0xEA, 0x9A, 0x49, 0x5D, 0x2F, 0xA9, 0x6B, 0x25,
    0x75, 0x9D, 0xA4, 0xAE, 0x91, 0xD4, 0xF5, 0x91, 0xDA, 0x36, 0x52, 0xD7, 0x45, 0xEA, 0x9A, 0x48,
    0x0B, 0x3D, 0xA4, 0xB0, 0x31, 0xFD, 0x58, 0x9A, 0x5D, 0xA9, 0x58, 0x6F, 0xBF, 0xB0, 0xC8, 0xFB,
    0x45, 0xB7, 0x90, 0x5C, 0x49, 0x41, 0x2B, 0x2A, 0x3B, 0x6D, 0x6C, 0x09, 0xF2, 0x4F, 0x61, 0x8B,
    0x6B, 0xC2, 0x5A, 0xC2, 0xBC, 0xC9, 0x2C, 0xED, 0x45, 0x58, 0x2B, 0x6D, 0x05, 0x64, 0x2E, 0x25,
    0xFF, 0x9C, 0xF0, 0xD7, 0x67, 0x85, 0x11, 0x00, 0x07, 0xE6, 0x89, 0x11, 0xB4, 0xEF, 0x6B, 0xC0,
    0x00, 0xCF, 0xFE, 0xC4, 0x69, 0xA2, 0x79, 0x15, 0xDB, 0x17, 0xD3, 0x44, 0x07, 0xB4, 0x0A, 0xD7,
    0x95, 0x8A, 0x0B, 0xAB, 0xC0, 0x3A, 0x03, 0x33, 0x2F, 0xD6, 0xFC, 0x03, 0xFB, 0x9F, 0xC9, 0x60,
    0xB0, 0x9F, 0x73, 0x0D, 0x85, 0x55, 0x71, 0x61, 0x9A, 0xC8, 0xD2, 0x98, 0x69, 0xA5, 0x01, 0x61,
    0x36, 0x0A, 0x32, 0xE5, 0x7D, 0x57, 0x0B, 0xA7, 0x53, 0xEE, 0x51, 0x6A, 0x37, 0xC7, 0xEE, 0xC0,
    0x80, 0xE6, 0x9F, 0x5A, 0xA4, 0x4D, 0x9F, 0xD6, 0x96, 0x68, 0x85, 0x4A, 0x6A, 0xD8, 0x10, 0x82,
    0xFB, 0x4D, 0x8F, 0x7F, 0x4E, 0x0F, 0xF9, 0x54, 0xCA, 0xBA, 0x33, 0x2D, 0xB2, 0x2F, 0xEE, 0x66,
    0xA8, 0xA3, 0xC1, 0xC5, 0x09, 0x47, 0x7A, 0xAA, 0x29, 0x59, 0xF3, 0xB4, 0x9A, 0x17, 0x28, 0x7A,
    0x8C, 0x2A, 0x35, 0xB8, 0x42, 0xFB, 0x67, 0x19, 0xFC, 0x95, 0xA7, 0x8D, 0x5B, 0xA2, 0x95, 0xB8,
    0x60, 0x47, 0xBC, 0xF7, 0x17, 0x06, 0x06, 0xC9, 0x6D, 0x3A, 0x99, 0xA3, 0xCA, 0xCD, 0x05, 0x0B,
    0x38, 0x9E, 0x6B, 0xFD, 0xBD, 0xC6, 0x92, 0x06, 0xCB, 0x30, 0x1D, 0xDE, 0x71, 0x0D, 0x3D, 0xD7,
    0x48, 0x6B, 0xCD, 0x65, 0xF9, 0xD3, 0x99, 0x91, 0xB5, 0x74, 0x5C, 0x47, 0xC7, 0x35, 0x74, 0xDA,
    0x7E, 0x8E, 0x6B, 0xE7, 0x58, 0x33, 0xCB, 0xB5, 0xB2, 0x5C, 0x23, 0xCB, 0xB5, 0xB1, 0xAC, 0x93,
    0xE3, 0x5A, 0x58, 0xAE, 0x81, 0xE5, 0xDA, 0x57, 0xAE, 0x79, 0xE5, 0x5A, 0x57, 0xAE, 0x71, 0xE5,
    0xDA, 0x56, 0xAE, 0x83, 0xE3, 0x1A, 0x38, 0xAE, 0x7F, 0xE3, 0xDA, 0x37, 0x56, 0x68, 0xBF, 0x54,
    0x9A, 0xB8, 0xD5, 0xF5, 0x5C, 0xD8, 0x70, 0x61, 0xB7, 0x85, 0xAD, 0x16, 0xF6, 0x59, 0xD8, 0x64,
    0x61, 0x87, 0x85, 0xED, 0x95, 0x79, 0x29, 0xA2, 0xED, 0xF6, 0xD9, 0x87, 0x9D, 0x94, 0xA1, 0x8B,
    0x37, 0xD6, 0x0B, 0x53, 0xA7, 0x61, 0x75, 0x32, 0x6F, 0xA1, 0xCB, 0x73, 0x5E, 0x69, 0xE1, 0xE6,
    0x1D, 0x8E, 0xC5, 0x9A, 0xD6, 0x69, 0x1F, 0xAA, 0x88, 0xAA, 0x79, 0xFA, 0x3C, 0xE2, 0xE8, 0x69,
    0xFA, 0x1C, 0xFC, 0x44, 0x43, 0xA2, 0xA6, 0xCF, 0x3D, 0x0D, 0x3D, 0x1B, 0xAA, 0xA9, 0x47, 0x74,
    0x32, 0x9E, 0x25, 0xCE, 0xA5, 0x75, 0x11, 0xC9, 0xA4, 0x25, 0xCE, 0x9B, 0x9A, 0x38, 0x0F, 0x35,
    0x1E, 0xFF, 0xCA, 0x96, 0x08, 0x77, 0x97, 0xAA, 0x43, 0x60, 0x10, 0x3B, 0xEC, 0xCF, 0xE3, 0x00,
    0xCF, 0x61, 0x02, 0xD8, 0x90, 0x48, 0xC6, 0x12, 0xBE, 0x07, 0x08, 0xCC, 0xC2, 0xC8, 0x77, 0xAE,
    0x2D, 0x85, 0xEE, 0x5A, 0x42, 0x6D, 0x13, 0x30, 0x1C, 0x5F, 0xEA, 0x88, 0x19, 0x2C, 0xD0, 0x6C,
    0xE0, 0xD7, 0x30, 0xB5, 0x9E, 0xBB, 0x93, 0xAE, 0x87, 0xF6, 0xC8, 0x92, 0xC2, 0x57, 0x97, 0x66,
    0x5B, 0x93, 0x29, 0x6D, 0xA3, 0x83, 0xBA, 0xE5, 0xC5, 0xE8, 0xB0, 0x4A, 0xE8, 0xFC, 0x90, 0xD0,
    0xB9, 0x6C, 0xA1, 0x73, 0x48, 0xE8, 0x7C, 0x87, 0xD0, 0x79, 0x9D, 0xD0, 0xF9, 0x00, 0xD0, 0xD9,
    0x1B, 0x03, 0x3A, 0x07, 0x39, 0xA0, 0x73, 0x4C, 0xE8, 0xBC, 0x4A, 0xE8, 0xFC, 0x90, 0xD0, 0xB9,
    0x04, 0x74, 0x0E, 0x10, 0xF4, 0x76, 0x23, 0x42, 0xE7, 0x65, 0x42, 0xE7, 0x35, 0x42, 0xE7, 0x8A,
    0x31, 0x18, 0x5F, 0x02, 0x78, 0x61, 0xE2, 0x98, 0x8D, 0x99, 0x55, 0x57, 0x49, 0x9B, 0xB6, 0x82,
    0x99, 0xE3, 0x3E, 0xDB, 0x5D, 0x18, 0xB5, 0xDF, 0xFC, 0x11, 0x24, 0xF5, 0x94, 0xC8, 0x1D, 0x7B,
    0xE1, 0x57, 0x08, 0x53, 0x10, 0x01, 0x21, 0xC1, 0x32, 0xA1, 0xF1, 0x1A, 0x39, 0x07, 0x48, 0x4E,
    0xBE, 0x51, 0x40, 0x7F, 0xBF, 0x45, 0x25, 0xFE, 0x53, 0x3C, 0x97, 0xB0, 0x6E, 0xD4, 0x2B, 0x43,
    0x45, 0x12, 0xF0, 0xD4, 0xE7, 0xF0, 0x65, 0x6F, 0x8F, 0x4A, 0x7A, 0x03, 0xB3, 0x62, 0xDD, 0x81,
    0xE4, 0x9B, 0x0A, 0xD5, 0x7E, 0xA4, 0x12, 0x18, 0x6B, 0x40, 0xA9, 0x56, 0x6F, 0x50, 0xD9, 0x2A,
    0xA8, 0xF0, 0x5D, 0x8D, 0x4D, 0x1A, 0x42, 0x55, 0x36, 0x20, 0x9C, 0xD8, 0x2F, 0xAE, 0xC9, 0xCE,
    0x5E, 0x33, 0xAE, 0x26, 0x1D, 0xCF, 0x7E, 0xF1, 0xC6, 0x4D, 0x2A, 0xD8, 0x79, 0xF0, 0x34, 0x21,
    0x3C, 0xCD, 0x1B, 0xF0, 0x32, 0xBF, 0x2B, 0x8F, 0xAF, 0xAD, 0x48, 0x17, 0xFF, 0x98, 0x24, 0x8D,
    0xE9, 0xF5, 0x2B, 0x86, 0xA3, 0x23, 0xC6, 0x86, 0xD5, 0x28, 0xBB, 0x74, 0xE8, 0x8B, 0xC7, 0x2B,
    0xCE, 0x07, 0x1A, 0x2C, 0xD7, 0x6D, 0x00, 0x6B, 0x6B, 0xB4, 0xED, 0xBB, 0x8B, 0xAD, 0x57, 0x75,
    0xB9, 0xA7, 0x3F, 0xA0, 0xF3, 0xB9, 0xF8, 0x54, 0xEB, 0x75, 0xDE, 0x7F, 0x05, 0x97, 0x85, 0x1E,
    0x3C, 0x01, 0xD7, 0x61, 0xFE, 0x65, 0x58, 0x61, 0x36, 0xE2, 0x91, 0x93, 0xF0, 0xA3, 0x09, 0x26,
    0x47, 0x14, 0xA8, 0x59, 0x24, 0x87, 0x87, 0x5D, 0x71, 0x56, 0xA8, 0xD9, 0xE1, 0x28, 0xF3, 0x91,
    0x17, 0x46, 0xE3, 0xB8, 0xA0, 0x06, 0x5B, 0x69, 0xFA, 0x44, 0x76, 0x11, 0x9F, 0x47, 0x70, 0x0F,
    0xC7, 0x99, 0x4D, 0x7E, 0xAC, 0x2B, 0xDD, 0xD2, 0x14, 0x21, 0x3E, 0xAD, 0xDB, 0x0E, 0xE4, 0x77,
    0xC4, 0x81, 0xD6, 0x15, 0x06, 0xC9, 0x35, 0xAF, 0xF8, 0x02, 0xD8, 0xD3, 0x6C, 0x34, 0x7E, 0x9A,
    0x23, 0x2A, 0x17, 0xF2, 0x8E, 0x14, 0x97, 0x93, 0xDF, 0x05, 0xF6, 0x72, 0xB0, 0x47, 0xC0, 0x07,
    0x00, 0xD2, 0xDF, 0xAF, 0xE0, 0x2C, 0xB3, 0x8E, 0xB5, 0x17, 0xB1, 0xC7, 0xB4, 0x58, 0x26, 0xA0,
    0x64, 0x1B, 0x11, 0xE1, 0x01, 0x52, 0xD4, 0xE8, 0xDD, 0xF1, 0x02, 0x73, 0x85, 0xE2, 0x26, 0x86,
    0x3A, 0x55, 0x3E, 0xCB, 0x95, 0x2E, 0xB7, 0xAD, 0x73, 0x69, 0x4F, 0x9F, 0xE9, 0x67, 0xD7, 0x2D,
    0x34, 0x74, 0x50, 0x66, 0x6A, 0x18, 0x8C, 0xD3, 0x10, 0x79, 0xED, 0x22, 0x96, 0x23, 0xAC, 0x7F,
    0x50, 0x05, 0x45, 0x2D, 0x95, 0x42, 0x4F, 0xFC, 0x75, 0xA4, 0xC9, 0x07, 0xA6, 0x83, 0x91, 0x28,
    0x5E, 0xE5, 0xBF, 0x4D, 0xF5, 0xA8, 0x43, 0xFD, 0x37, 0x35, 0x08, 0x76, 0xA0, 0xF6, 0xF3, 0x25,
    0xA6, 0x95, 0x08, 0x97, 0x59, 0x05, 0x85, 0x7E, 0xFF, 0xF3, 0xA4, 0x56, 0x46, 0x59, 0xF0, 0x7C,
    0x1C, 0xC9, 0xC1, 0xEB, 0x6C, 0xC7, 0xB9, 0xDE, 0x49, 0xA2, 0xFD, 0x1C, 0x58, 0x19, 0xEC, 0x34,
    0x2A, 0x5C, 0xE2, 0xD4, 0xD1, 0xDE, 0x91, 0x9F, 0xFC, 0xD0, 0x72, 0xCB, 0x8F, 0x94, 0x1C, 0x4E,
    0x5E, 0xB3, 0x14, 0xB0, 0xCD, 0xE0, 0xBF, 0x1C, 0xBE, 0xF2, 0xDA, 0xCA, 0x19, 0x91, 0x0B, 0x7E,
    0xAB, 0x20, 0xD3, 0x89, 0x3A, 0x40, 0xA4, 0x7A, 0x41, 0x71, 0x2D, 0x05, 0x14, 0xF1, 0xD8, 0x52,
    0x8C, 0x89, 0x70, 0xD7, 0x09, 0x19, 0x0F, 0x82, 0xCC, 0x9D, 0xCA, 0x78, 0xA5, 0x07, 0x13, 0xFE,
    0x57, 0x13, 0x79, 0x09, 0xF6, 0x3E, 0xC3, 0x16, 0x6A, 0x46, 0x9E, 0x30, 0xC6, 0x03, 0x57, 0x68,
    0x46, 0xC0, 0xC0, 0xCA, 0x7C, 0x78, 0x2C, 0x7A, 0xA2, 0x8B, 0x03, 0x33, 0x6E, 0x3B, 0x0F, 0x01,
    0xAE, 0x13, 0x56, 0x26, 0x98, 0x6B, 0x49, 0xAA, 0x07, 0x08, 0x35, 0x27, 0xF5, 0x34, 0x6D, 0x51,
    0x65, 0x3F, 0xB1, 0x73, 0xCF, 0x4C, 0xAC, 0xB3, 0xFB, 0xB3, 0xBD, 0xA4, 0xEC, 0x37, 0x65, 0x58,
    0xF7, 0xBE, 0x89, 0x60, 0x8F, 0x08, 0x1B, 0xD0, 0xE7, 0xD2, 0x7C, 0x1E, 0x59, 0x07, 0xB2, 0x5F,
    0x8E, 0x64, 0xEB, 0xDF, 0xF7, 0xF3, 0xE0, 0x5F, 0xE2, 0x3C, 0xF8, 0xD7, 0xDB, 0x12, 0x12, 0xA2,
    0x2E, 0xEA, 0xFF, 0xC2, 0x01, 0x93, 0xD4, 0xA5, 0x1D, 0x9B, 0x0E, 0xB2, 0x58, 0xBA, 0x6D, 0x5B,
    0x38, 0xBB, 0xB4, 0x85, 0xAF, 0x9C, 0x3D, 0x79, 0xED, 0xDB, 0x16, 0x46, 0xEB, 0x65, 0xF8, 0xC1,
    0xDB, 0xF3, 0xF5, 0x5F, 0x96, 0xBD, 0xD4, 0x0E, 0xFA, 0x7C, 0xDF, 0xEA, 0x70, 0x5A, 0x6B, 0x2A,
    0x35, 0x7F, 0x3A, 0x5C, 0xBE, 0x49, 0x1D, 0xDC, 0x70, 0xD1, 0x42, 0xD7, 0xE3, 0xCE, 0x42, 0x5F,
    0xBE, 0xA7, 0xAD, 0xDB, 0xCB, 0x13, 0x77, 0xCC, 0xE1, 0x62, 0x3B, 0xAF, 0x72, 0xA3, 0x7A, 0xD7,
    0xDE, 0xC8, 0x20, 0xCA, 0x1D, 0x2C, 0xF6, 0x15, 0xF9, 0xE3, 0x6B, 0xEB, 0x55, 0xFB, 0x2C, 0x4F,
    0x24, 0xA7, 0x74, 0x01, 0x4C, 0xE4, 0x01, 0x66, 0x99, 0x86, 0xAD, 0x58, 0xC1, 0xD1, 0xF2, 0x11,
    0xAD, 0x9C, 0x8D, 0x14, 0xC6, 0x6B, 0x69, 0x7D, 0x26, 0x6D, 0x97, 0x26, 0xD1, 0x0A, 0x64, 0x65,
    0xFF, 0xFB, 0xC0, 0x23, 0x26, 0x51, 0x04, 0x19, 0x3C, 0xC0, 0x57, 0xB9, 0x02, 0xD3, 0xE9, 0x88,
    0xA0, 0xFA, 0x59, 0x4B, 0xEE, 0x5B, 0x5D, 0x62, 0xAE, 0x99, 0x09, 0x95, 0xCE, 0x57, 0x3F, 0x91,
    0x4C, 0x00, 0xC2, 0x10, 0x4D, 0x40, 0x70, 0x58, 0x44, 0xF8, 0x2C, 0xE9, 0xBC, 0x01, 0xD7, 0x66,
    0x96, 0xDF, 0xAB, 0x1D, 0x72, 0xDF, 0x01, 0x40, 0xDB, 0x84, 0xA4, 0x36, 0xF0, 0xDF, 0x10, 0x50,
    0xBD, 0x02, 0xF4, 0x70, 0xA6, 0xF8, 0xD8, 0x1D, 0x62, 0x2D, 0x14, 0xCA, 0xCB, 0x1B, 0x6D, 0xA2,
    0x96, 0x0E, 0x66, 0x4F, 0xCB, 0x75, 0x78, 0xD5, 0xF1, 0x43, 0xBF, 0xF6, 0x8A, 0x83, 0xA0, 0xF2,
    0x8B, 0x85, 0x32, 0xEA, 0x8B, 0x0E, 0xBA, 0xF5, 0xBA, 0x32, 0x6A, 0x22, 0xBF, 0xE2, 0xA0, 0x1B,
    0x29, 0xBB, 0xCF, 0x32, 0x84, 0x5A, 0xF1, 0xC2, 0x4F, 0xD5, 0x26, 0xDA, 0xAA, 0x9B, 0xA1, 0x74,
    0xC9, 0xBC, 0xA7, 0x99, 0xED, 0x03, 0xFD, 0x9F, 0x3A, 0x9A, 0xC9, 0xD2, 0xEC, 0x09, 0x4D, 0x7D,
    0x42, 0x49, 0xFB, 0x6D, 0xC8, 0xBC, 0x1A, 0x35, 0xA1, 0x3D, 0xE7, 0x85, 0xDF, 0x56, 0xD9, 0xA0,
    0xF0, 0x2B, 0xAA, 0x25, 0xBF, 0xA7, 0x3B, 0x72, 0x46, 0x15, 0x19, 0x31, 0x6C, 0xC4, 0xAC, 0x3D,
    0x87, 0x6C, 0x3B, 0x61, 0x9A, 0xD5, 0x85, 0xF3, 0x7B, 0xCA, 0x0C, 0x83, 0xC6, 0xD2, 0x94, 0x2A,
    0xC4, 0xC2, 0x06, 0x8F, 0x8E, 0xDD, 0xB2, 0x3D, 0x4D, 0xBB, 0x1E, 0xDE, 0xC2, 0xC0, 0xBF, 0x9D,
    0xB4, 0x79, 0x92, 0xB6, 0x93, 0x92, 0xB1, 0x2B, 0xF6, 0xF7, 0xDB, 0x48, 0xF2, 0xBD, 0x39, 0xB7,
    0x1E, 0x44, 0xD0, 0x7B, 0x3E, 0xC1, 0x9E, 0x1C, 0x63, 0x63, 0x77, 0x81, 0xEC, 0x5A, 0xC7, 0x32,
    0x35, 0xD5, 0xE8, 0x67, 0x12, 0x61, 0x87, 0x7E, 0xAB, 0xAD, 0x70, 0x70, 0x8B, 0xFC, 0x85, 0xF3,
    0xC6, 0xA4, 0xB3, 0x67, 0x25, 0x65, 0x1A, 0xE2, 0x28, 0xD7, 0xF3, 0x61, 0x5F, 0xB7, 0xD9, 0x5F,
    0xB7, 0xD4, 0x2C, 0xD6, 0xB4, 0x51, 0x42, 0xAD, 0x3E, 0xB8, 0x23, 0x9D, 0xDD, 0xE9, 0xD5, 0x27,
    0x8B, 0x7E, 0x58, 0xCB, 0x6D, 0xAE, 0xD8, 0x16, 0xD4, 0x76, 0x68, 0xC8, 0x0A, 0x6D, 0xAE, 0xCC,
    0xE6, 0x8A, 0x6C, 0xAE, 0xC4, 0xE6, 0x0A, 0x6C, 0xAE, 0xAA, 0xDD, 0x3B, 0x1D, 0xF0, 0x64, 0x2C,
    0x95, 0x26, 0x6F, 0xFB, 0x95, 0xAE, 0x7F, 0xE9, 0x4A, 0xBD, 0x56, 0x52, 0xD3, 0xCB, 0x6E, 0x5B,
    0x45, 0xD3, 0xCB, 0xD0, 0x80, 0xD1, 0xD4, 0x55, 0xFA, 0xF6, 0x08, 0x8F, 0xAC, 0x3C, 0xB5, 0xDA,
    0xF5, 0x00, 0x22, 0xD2, 0xCD, 0x6A, 0x93, 0x78, 0x8F, 0x3F, 0x53, 0x83, 0xAE, 0xDA, 0xCA, 0xC5,
    0xFF, 0xF9, 0x73, 0x68, 0xC6, 0xC7, 0xD4, 0x10, 0x1E, 0xB5, 0x0D, 0x78, 0xD0, 0x56, 0xCF, 0x84,
    0xB2, 0x04, 0xA4, 0x47, 0x6C, 0x2F, 0x9D, 0x8A, 0xD3, 0x62, 0x2E, 0xDC, 0xCD, 0x66, 0x37, 0xB0,
    0x14, 0xA4, 0x47, 0x6A, 0xE5, 0x7F, 0x00, 0x8D, 0x54, 0xBF, 0x6F, 0xDB, 0x46, 0x14, 0xFE, 0x48,
    0xD9, 0xA5, 0x1B, 0x46, 0xA2, 0xD2, 0x24, 0x40, 0xE0, 0xC8, 0xA2, 0x07, 0x0F, 0x8A, 0x4A, 0x53,
    0x1C, 0x38, 0x30, 0x29, 0x25, 0x5E, 0xD0, 0x02, 0x1D, 0xBA, 0x18, 0x6D, 0xC6, 0x0E, 0x19, 0x3A,
    0xB4, 0x99, 0x38, 0x68, 0x70, 0x12, 0xCB, 0x3C, 0xF4, 0x2F, 0xD0, 0x9F, 0xA0, 0x21, 0x43, 0x40,
    0x20, 0x8D, 0x06, 0x0F, 0x4E, 0xE1, 0x44, 0x57, 0xA0, 0x53, 0xA7, 0xDB, 0x3B, 0x94, 0x4D, 0x33,
    0x74, 0x28, 0xD0, 0x1B, 0x34, 0x28, 0x80, 0x6C, 0xF6, 0x1D, 0x95, 0xB8, 0x68, 0xD3, 0xA1, 0xA2,
    0xF4, 0x74, 0xBC, 0x7B, 0x77, 0xEF, 0xEE, 0xFB, 0x71, 0x37, 0x90, 0xC0, 0x61, 0x96, 0x30, 0xA4,
    0x31, 0xB1, 0x0A, 0x87, 0xF7, 0x31, 0x05, 0x6E, 0x00, 0x25, 0x6A, 0x25, 0x73, 0x3E, 0x15, 0x31,
    0x0D, 0xEC, 0xC1, 0x39, 0xAD, 0x47, 0xC9, 0x72, 0xDB, 0x2E, 0x36, 0xF3, 0x71, 0x52, 0xBE, 0x89,
    0x81, 0x21, 0xA2, 0x1A, 0xF7, 0x9F, 0xC2, 0x5E, 0x20, 0x7E, 0x71, 0x7A, 0x70, 0x60, 0xB3, 0xA5,
    0x23, 0xF6, 0x1D, 0xB6, 0xCE, 0x66, 0xAA, 0x98, 0x63, 0x6E, 0x15, 0x3E, 0xF3, 0x70, 0x05, 0xEB,
    0x2C, 0x51, 0x47, 0x71, 0xE1, 0x29, 0xEF, 0xF0, 0xD8, 0x2D, 0xCC, 0xF9, 0xA1, 0x55, 0x2C, 0x9D,
    0x6F, 0x95, 0x6F, 0xF1, 0x61, 0x03, 0xDB, 0x60, 0xB1, 0x25, 0x9C, 0x1E, 0xEC, 0x25, 0x2C, 0x85,
    0x38, 0x1A, 0xA6, 0xD3, 0x7A, 0xA3, 0x55, 0xF7, 0x5A, 0xB1, 0x17, 0xC5, 0x27, 0x3D, 0x36, 0x70,
    0x84, 0x5B, 0x93, 0xD6, 0x0F, 0xCA, 0x90, 0xFB, 0x86, 0x42, 0x4D, 0xE1, 0x92, 0x62, 0xA9, 0xC9,
    0x23, 0x8B, 0xF9, 0xDF, 0xC1, 0x9E, 0x03, 0x77, 0x60, 0x95, 0xAC, 0x5D, 0x13, 0x11, 0x24, 0x60,
    0x4C, 0x6C, 0xEE, 0x21, 0xC2, 0x08, 0x33, 0x96, 0x31, 0x5A, 0x56, 0x38, 0xCA, 0x51, 0xA6, 0x42,
    0x61, 0x0A, 0x97, 0xFA, 0x81, 0x1E, 0x32, 0x56, 0x62, 0x01, 0x45, 0x47, 0x8D, 0x61, 0x53, 0xCF,
    0xBB, 0x39, 0x37, 0xFE, 0x86, 0xE5, 0x51, 0x4D, 0x39, 0xC2, 0xC7, 0x10, 0xB4, 0xD5, 0xE9, 0x66,
    0x91, 0x48, 0x48, 0x43, 0x6C, 0xA0, 0x85, 0xF6, 0xA4, 0xA7, 0x22, 0x84, 0xE8, 0x3E, 0xCE, 0x96,
    0xD0, 0x8D, 0x94, 0x9E, 0xA9, 0xCD, 0x1D, 0x69, 0x4B, 0x53, 0x98, 0x34, 0xA7, 0x09, 0x83, 0xAA,
    0x1D, 0x51, 0x25, 0x85, 0x7D, 0x78, 0x30, 0x58, 0x8D, 0xD7, 0xF8, 0x87, 0x93, 0x4C, 0x75, 0x27,
    0x33, 0xD5, 0x40, 0x9D, 0x1E, 0x70, 0x53, 0x5C, 0x7F, 0x95, 0xCC, 0x2D, 0xDA, 0x49, 0xF7, 0xD1,
    0x6C, 0xA1, 0xD7, 0xA0, 0xF4, 0xE2, 0x73, 0x59, 0x8A, 0x43, 0x6C, 0xD1, 0x2C, 0x7D, 0x9A, 0x7E,
    0x33, 0x51, 0xAE, 0xEC, 0x67, 0x59, 0xBF, 0x6F, 0xF1, 0x43, 0x47, 0xC4, 0x36, 0xFF, 0x07, 0xAA,
    0xD2, 0xE4, 0x54, 0x98, 0x52, 0xC3, 0x6A, 0x41, 0x02, 0x69, 0x89, 0x03, 0x9C, 0xDC, 0x9B, 0xCF,
    0xB8, 0x51, 0x38, 0x04, 0xC3, 0x80, 0x9E, 0xDE, 0x63, 0x7B, 0xE1, 0x69, 0x80, 0x2F, 0xE4, 0x39,
    0x7A, 0x65, 0x89, 0x3E, 0xDA, 0x34, 0xA1, 0x4E, 0x07, 0xDB, 0xA0, 0x33, 0x43, 0xCA, 0xE2, 0xE5,
    0xAF, 0x22, 0xCB, 0x18, 0xD6, 0x68, 0xEB, 0x9C, 0x6A, 0xF8, 0x03, 0x38, 0x0B, 0xD8, 0x05, 0xF0,
    0x35, 0x8C, 0x33, 0x58, 0x7F, 0xC2, 0xFD, 0x8C, 0x47, 0xA6, 0x20, 0xF8, 0x43, 0x8B, 0x0D, 0x2A,
    0xF8, 0xB5, 0x3C, 0xCE, 0x10, 0xD9, 0x6C, 0x5A, 0xE3, 0x06, 0x5B, 0xEB, 0x2D, 0xBC, 0x74, 0xA6,
    0xC6, 0xAE, 0xBC, 0x97, 0xB3, 0xB2, 0xE4, 0xDD, 0x3C, 0x67, 0x59, 0x59, 0x0A, 0xA7, 0x2C, 0x15,
    0x95, 0x1D, 0xEB, 0x3A, 0x9B, 0x79, 0xCE, 0x13, 0xEA, 0xA3, 0x99, 0xEE, 0x69, 0x2B, 0xCC, 0x16,
    0x77, 0xB5, 0xB0, 0x1E, 0x27, 0xE5, 0xF2, 0x5E, 0x9E, 0xE7, 0x93, 0x92, 0x3E, 0xC4, 0xEA, 0x1A,
    0xE8, 0x04, 0xD6, 0x9C, 0xC8, 0x32, 0xE7, 0xE8, 0xF1, 0x8A, 0x96, 0xEA, 0x63, 0xE8, 0x60, 0x71,
    0x0A, 0x8E, 0x6E, 0x6D, 0xE9, 0x10, 0xEB, 0x30, 0xD5, 0x83, 0xB4, 0x57, 0xD4, 0x84, 0x26, 0x95,
    0x51, 0x68, 0x9C, 0x0F, 0xEE, 0xEB, 0xA0, 0xE8, 0x67, 0x4A, 0x9D, 0xF1, 0xFF, 0xA6, 0x57, 0x19,
    0x9E, 0x0E, 0xE7, 0xD5, 0x69, 0x5F, 0x3E, 0x51, 0x65, 0x31, 0x9B, 0xFE, 0x8F, 0xE8, 0xCD, 0xA4,
    0x04, 0x9B, 0x56, 0x68, 0x20, 0xC9, 0x9F, 0x83, 0x0E, 0x81, 0xB7, 0xF0, 0x76, 0x60, 0x11, 0xBC,
    0x17, 0x70, 0x2B, 0x7F, 0x82, 0x8C, 0xFA, 0xD7, 0x6F, 0xB3, 0xDE, 0x2F, 0x45, 0x78, 0x34, 0x9D,
    0xA4, 0xE9, 0xC6, 0x76, 0x9B, 0xDC, 0x96, 0x88, 0x6D, 0x61, 0x30, 0x47, 0xEC, 0x12, 0x15, 0x3E,
    0x55, 0x73, 0x48, 0x2E, 0xC7, 0x70, 0xFF, 0x03, 0xAB, 0x6F, 0xCE, 0x05, 0x89, 0xAF, 0xCC, 0xB9,
    0x25, 0x1D, 0xDA, 0x91, 0xB1, 0x67, 0xC0, 0x3E, 0x6B, 0xA0, 0xD5, 0x5B, 0x62, 0x87, 0xBC, 0xD3,
    0xCF, 0xFC, 0xFA, 0x3E, 0xA3, 0x82, 0x80, 0x2B, 0xE0, 0xBB, 0x2E, 0x92, 0xDD, 0x04, 0xFD, 0xD8,
    0xD7, 0xD2, 0x25, 0xFE, 0x47, 0x38, 0x21, 0x53, 0x0C, 0xAA, 0xFD, 0x51, 0x0D, 0xEC, 0x42, 0x8B,
    0x5D, 0x5B, 0x70, 0x0D, 0xFF, 0xE2, 0x87, 0xFC, 0x5D, 0xCA, 0x28, 0x0E, 0xA3, 0x34, 0x9C, 0xA6,
    0x6A, 0xDA, 0xE5, 0x33, 0x51, 0x13, 0x24, 0x5E, 0x0D, 0x8A, 0xF1, 0x05, 0xB7, 0xCB, 0x86, 0x47,
    0xF7, 0xC1, 0xC3, 0x02, 0x93, 0x0A, 0x93, 0xB6, 0x76, 0x15, 0xC5, 0x15, 0xA3, 0x41, 0x36, 0x27,
    0xCF, 0x6B, 0xB0, 0xE7, 0x15, 0xE4, 0x77, 0x08, 0xD2, 0xF2, 0x63, 0xD6, 0xB0, 0xCF, 0x50, 0xBD,
    0x68, 0xFA, 0x16, 0xEF, 0xA1, 0x3D, 0x7B, 0x82, 0x1D, 0xED, 0x5F, 0x60, 0x9D, 0x40, 0x7D, 0x4A,
    0x18, 0xB1, 0xCE, 0xC5, 0x15, 0xC8, 0x96, 0xE8, 0x29, 0x12, 0x34, 0xD3, 0x90, 0x64, 0x22, 0x93,
    0x89, 0x7C, 0xC0, 0xBB, 0xBC, 0x2B, 0xD3, 0x4A, 0xA7, 0x29, 0xD6, 0x29, 0xDE, 0xC5, 0x4F, 0x01,
    0xC6, 0x68, 0xB1, 0xCB, 0x4C, 0xB3, 0xA2, 0x65, 0xD1, 0x04, 0xF6, 0x90, 0x12, 0x91, 0x93, 0xB7,
    0x99, 0x44, 0x76, 0x20, 0x53, 0x4A, 0x68, 0xCA, 0x54, 0x8F, 0x4A, 0x4D, 0xF3, 0xE4, 0x6D, 0x7E,
    0x35, 0x37, 0xD5, 0xEB, 0xBC, 0x59, 0x73, 0x35, 0x6B, 0x55, 0x6B, 0x55, 0x77, 0x4C, 0xB0, 0xD9,
    0xE4, 0xE8, 0x11, 0x95, 0x32, 0x98, 0xCB, 0x62, 0xBA, 0x09, 0x86, 0x44, 0x57, 0x5D, 0x1F, 0xC5,
    0x26, 0x10, 0x2D, 0x1E, 0x9A, 0xE2, 0x83, 0x82, 0x91, 0xE7, 0xCC, 0x02, 0x4D, 0x76, 0xBF, 0xE8,
    0x09, 0x97, 0x1F, 0xCA, 0x40, 0x63, 0x99, 0x5A, 0xC5, 0x8C, 0xCD, 0x18, 0x39, 0x28, 0x9D, 0xE0,
    0x05, 0x73, 0x95, 0xAB, 0x5E, 0x50, 0xF9, 0x09, 0xD4, 0xE1, 0x6D, 0x65, 0xBF, 0x9C, 0xBB, 0xBF,
    0x9D, 0x8C, 0xAC, 0x2F, 0x27, 0x4E, 0x63, 0x8D, 0xB8, 0xB0, 0xE8, 0x7A, 0xB0, 0xC8, 0xAB, 0xFB,
    0x84, 0x64, 0xC2, 0x12, 0x52, 0x04, 0x70, 0x49, 0xF6, 0x7F, 0xB4, 0x4F, 0xB3, 0xE2, 0xF2, 0x81,
    0xF5, 0x09, 0xE9, 0xF1, 0xE7, 0x62, 0x70, 0x76, 0x34, 0x8C, 0x22, 0xFA, 0x52, 0x83, 0x5E, 0xAF,
    0x90, 0xFA, 0x06, 0xE3, 0x8C, 0x2E, 0x0C, 0xC8, 0x3D, 0xBD, 0xF9, 0xE6, 0xEA, 0x08, 0x5A, 0xB4,
    0xA4, 0x51, 0x92, 0xF9, 0x88, 0x9C, 0x9B, 0x3F, 0x25, 0x5D, 0x5F, 0x2F, 0x5F, 0x6B, 0x78, 0xFE,
    0x9D, 0xE3, 0xBC, 0x93, 0x43, 0x9E, 0xCD, 0xC7, 0x64, 0xDA, 0x52, 0x6D, 0x6A, 0x3F, 0x26, 0xBA,
    0x85, 0xAB, 0x7B, 0xDA, 0x79, 0xB5, 0xB2, 0x1C, 0x93, 0x62, 0x1A, 0x94, 0x98, 0x2F, 0xB4, 0x29,
    0xAE, 0x97, 0xFA, 0x98, 0x57, 0x35, 0xAB, 0x24, 0xA9, 0x57, 0x30, 0x5E, 0xC3, 0xC8, 0x2A, 0xF3,
    0xE8, 0xFB, 0x58, 0xBB, 0xAA, 0xAA, 0xB8, 0x7D, 0x6E, 0x1F, 0xAE, 0xD7, 0x94, 0x7A, 0xCD, 0xCA,
    0x6A, 0x6C, 0x45, 0xF7, 0xEF, 0xEE, 0x71, 0xB4, 0x13, 0x04, 0xE9, 0xF4, 0xC1, 0x33, 0x3F, 0xB2,
    0xE5, 0x40, 0x3D, 0x90, 0x33, 0x56, 0xE0, 0x7B, 0xD1, 0x63, 0x0D, 0xEF, 0xE0, 0xDA, 0x4E, 0x18,
    0xDC, 0x8C, 0xAD, 0x79, 0xFB, 0x24, 0x6A, 0x05, 0xAD, 0x34, 0xBA, 0xA5, 0x5C, 0x1E, 0x5F, 0xF4,
    0x5A, 0xD7, 0x3A, 0x34, 0x30, 0xFD, 0xE8, 0xFE, 0x6E, 0x47, 0x4F, 0x19, 0x36, 0x27, 0x58, 0x4D,
    0x21, 0xAD, 0x6F, 0x59, 0x7F, 0xB8, 0x27, 0x51, 0x27, 0x08, 0x57, 0x4B, 0xFA, 0xE4, 0xF3, 0xFA,
    0x51, 0xE3, 0x78, 0xAB, 0xD3, 0x09, 0xC3, 0x20, 0xB8, 0x99, 0xC6, 0x9D, 0x66, 0x73, 0xF4, 0x7A,
    0xD1, 0xF6, 0x3B, 0x2D, 0x6F, 0xA7, 0x13, 0x06, 0xD4, 0x19, 0x04, 0xF7, 0xD3, 0xBB, 0xF1, 0x73,
    0xF5, 0x70, 0xAA, 0x6F, 0xDC, 0x80, 0x74, 0xB1, 0x07, 0x7D, 0xCF, 0x8F, 0xC8, 0xC4, 0x01, 0x51,
    0xF6, 0x8C, 0x4C, 0xBE, 0xB3, 0x76, 0xE0, 0x79, 0x5E, 0x6B, 0xE3, 0x62, 0xB3, 0xDE, 0x6C, 0x70,
    0x1B, 0xD7, 0xDE, 0xF7, 0x7D, 0x3B, 0x24, 0x6B, 0x88, 0xBA, 0x3C, 0x9E, 0xAB, 0xE1, 0x5F, 0xD5,
    0x7D, 0x4D, 0x8C, 0x1C, 0xE7, 0x99, 0xDE, 0x57, 0x55, 0x22, 0xCB, 0xEB, 0x8A, 0x58, 0x44, 0x22,
    0x5B, 0xC2, 0x52, 0x64, 0x39, 0x80, 0x91, 0x28, 0xC0, 0x90, 0xE5, 0x83, 0x82, 0x4C, 0x36, 0x33,
    0x53, 0x45, 0x29, 0x88, 0x81, 0x08, 0x49, 0x78, 0xD0, 0x48, 0xC1, 0x72, 0xB1, 0xF4, 0x65, 0x2F,
    0x59, 0xC7, 0xC3, 0x03, 0x0D, 0xC8, 0xC8, 0x4C, 0x57, 0xC9, 0x3A, 0xE8, 0x60, 0x20, 0xE6, 0x21,
    0xB4, 0x0F, 0xC2, 0x5A, 0x3A, 0xF8, 0x24, 0x1F, 0x34, 0xC0, 0x32, 0x01, 0x0F, 0xDD, 0xD3, 0x25,
    0xF1, 0xE0, 0x83, 0x80, 0xA8, 0x76, 0xBD, 0xB2, 0x11, 0x13, 0xB0, 0xCA, 0x5E, 0x52, 0xC2, 0xDA,
    0x9B, 0x55, 0x59, 0x29, 0x4A, 0xDD, 0x52, 0xFF, 0xE4, 0x7D, 0x9E, 0xF7, 0xAB, 0xEE, 0x9E, 0x1F,
    0x4A, 0xB6, 0x28, 0x93, 0xF2, 0x90, 0xFD, 0xD5, 0x70, 0xA6, 0xBB, 0xEA, 0xFB, 0xDE, 0xEF, 0xFD,
    0x79, 0xDE, 0xBF, 0x8F, 0xC6, 0x7C, 0x36, 0x35, 0xC6, 0x84, 0x85, 0x0C, 0x5E, 0x29, 0x83, 0x53,
    0xCB, 0x60, 0x2E, 0x63, 0xB8, 0xCF, 0xE8, 0x57, 0x36, 0x9D, 0x8E, 0xCD, 0xB1, 0xF7, 0x5F, 0x1C,
    0x1B, 0xAF, 0x36, 0x2B, 0x18, 0x96, 0x8C, 0x5F, 0x99, 0x65, 0x13, 0x94, 0xED, 0x47, 0x75, 0xC8,
    0x65, 0x88, 0xA6, 0x13, 0x63, 0xE2, 0xF5, 0xC7, 0x8D, 0x49, 0xF0, 0x59, 0x0E, 0x6B, 0x18, 0xB6,
    0x30, 0x74, 0x8D, 0x49, 0xCD, 0xC8, 0xB8, 0x85, 0x0C, 0x5E, 0xE1, 0x0C, 0x4C, 0x90, 0xDF, 0x3F,
    0x79, 0xB1, 0x9F, 0xCA, 0x23, 0xA6, 0xF2, 0xEB, 0x53, 0x6E, 0x25, 0x1F, 0x91, 0x07, 0xE8, 0x77,
    0xBB, 0xBF, 0xEE, 0xD4, 0x34, 0x62, 0x19, 0xEA, 0xE4, 0x89, 0xE1, 0xD9, 0x6A, 0xC5, 0x6D, 0xDC,
    0xEA, 0x61, 0xAF, 0x76, 0xCA, 0xF3, 0x32, 0x14, 0x5F, 0xF1, 0x2A, 0x27, 0xC7, 0x23, 0xCD, 0xE2,
    0x23, 0xDF, 0x9E, 0xE6, 0x26, 0xBA, 0x71, 0xB6, 0x36, 0x51, 0xEA, 0x8C, 0x4C, 0x6C, 0x4C, 0x0F,
    0x4F, 0xEB, 0xE8, 0xD0, 0x31, 0x66, 0x47, 0x7E, 0x60, 0xC6, 0xF2, 0x20, 0xF9, 0x2B, 0x4F, 0x6B,
    0x8E, 0x4D, 0xCE, 0x6C, 0x94, 0xD9, 0xB4, 0x1A, 0x63, 0x22, 0x87, 0xF3, 0xF6, 0x3E, 0x9C, 0xE1,
    0x26, 0x06, 0xDC, 0xDF, 0x49, 0xE7, 0x8B, 0x1E, 0x99, 0xFB, 0xDF, 0x7F, 0x71, 0x84, 0xF5, 0x6E,
    0x62, 0x58, 0xC6, 0x0C, 0x1E, 0xC6, 0x0C, 0xBE, 0x60, 0x82, 0x62, 0xD7, 0xCA, 0x23, 0xDC, 0x2D,
    0x4E, 0xCD, 0xC1, 0x8B, 0xEE, 0x61, 0x18, 0xB5, 0x83, 0x83, 0x41, 0xE6, 0x82, 0x47, 0x90, 0xD4,
    0xB1, 0x10, 0xCC, 0x1B, 0x6E, 0x94, 0x26, 0x2A, 0x82, 0x5A, 0x26, 0x2E, 0x8B, 0x95, 0x87, 0xE6,
    0x5E, 0x83, 0xE5, 0x82, 0x29, 0x42, 0xAC, 0x39, 0xC2, 0x73, 0x84, 0x42, 0xA9, 0x49, 0x2E, 0xAD,
    0xCB, 0x23, 0x76, 0x3F, 0x6C, 0x3E, 0x70, 0x16, 0xF2, 0xE6, 0x07, 0x4C, 0x50, 0x09, 0x37, 0xB9,
    0x93, 0xB3, 0xA5, 0x3E, 0xC2, 0x38, 0xF2, 0xB8, 0xF0, 0xC7, 0x23, 0x99, 0xD8, 0x8E, 0xEC, 0xC3,
    0x9A, 0x4C, 0x66, 0x85, 0x13, 0xC2, 0x0B, 0xBF, 0xCF, 0x64, 0x11, 0xB1, 0x3C, 0x34, 0x98, 0xE0,
    0xBD, 0xF2, 0x8F, 0x44, 0x3E, 0x19, 0xCA, 0x14, 0xFD, 0xFA, 0x21, 0x59, 0x3F, 0x68, 0xB0, 0x65,
    0xFC, 0x32, 0x91, 0x25, 0x47, 0x37, 0xFA, 0xC6, 0x9D, 0x5E, 0x97, 0xB7, 0x4C, 0x0B, 0x59, 0x4B,
    0x6A, 0x30, 0x59, 0x70, 0x0F, 0xF6, 0x08, 0x5B, 0x04, 0xFA, 0x84, 0xF6, 0x05, 0xE2, 0x60, 0x56,
    0x89, 0x9D, 0x22, 0x08, 0xD3, 0xB1, 0x64, 0xB1, 0xCF, 0x07, 0x4D, 0x70, 0x9B, 0x6C, 0x8A, 0xCF,
    0x9C, 0xAE, 0x4D, 0x78, 0x55, 0x5E, 0x8F, 0xEC, 0xE6, 0xC4, 0xDF, 0xC5, 0xB3, 0x0C, 0xB9, 0x7F,
    0x63, 0xD8, 0x52, 0x79, 0xCF, 0x6E, 0xC6, 0xBB, 0x69, 0xDB, 0xD9, 0xBF, 0x9B, 0x66, 0x00, 0xCA,
    0x62, 0x70, 0xB1, 0x5F, 0x98, 0x97, 0x0E, 0x73, 0x6E, 0xDD, 0xC3, 0x2B, 0x73, 0x36, 0xC1, 0x9D,
    0xFE, 0x19, 0x3E, 0x9A, 0x5D, 0xE4, 0x02, 0xA7, 0x2A, 0x8B, 0xE6, 0xDC, 0x8B, 0x2F, 0xE1, 0x5E,
    0x26, 0xD4, 0x0F, 0xCC, 0xAE, 0x27, 0x74, 0x66, 0xE6, 0xA4, 0xDE, 0x43, 0xB6, 0x8F, 0xF3, 0x13,
    0xC6, 0xE4, 0xED, 0xCC, 0x05, 0x21, 0x11, 0x1E, 0xB8, 0x6D, 0x3A, 0x4F, 0x60, 0x6E, 0xB5, 0x3C,
    0x21, 0x93, 0xD9, 0x55, 0x32, 0x53, 0xE1, 0x17, 0xB7, 0x94, 0xAB, 0x7C, 0xD2, 0x2B, 0x64, 0xD2,
    0xB1, 0xC8, 0x53, 0xEE, 0xF0, 0x1A, 0x62, 0xEA, 0xF2, 0xFB, 0x18, 0x13, 0x4F, 0x30, 0x2D, 0xB9,
    0x8E, 0x4D, 0x32, 0x90, 0x35, 0xB8, 0x03, 0x93, 0x88, 0x80, 0xDD, 0xD8, 0xA8, 0xE4, 0x9D, 0xCE,
    0x14, 0xB2, 0x8D, 0x7D, 0xE8, 0x83, 0x76, 0x42, 0xC4, 0x73, 0x42, 0x47, 0xEC, 0x87, 0x6F, 0x97,
    0xCD, 0x45, 0xCB, 0xA0, 0xEB, 0x2E, 0x75, 0xDE, 0xB2, 0xFE, 0x76, 0xF5, 0xA1, 0x95, 0xBA, 0x58,
    0x35, 0x85, 0x7C, 0xC9, 0x07, 0xE2, 0x4B, 0xEB, 0xD9, 0x13, 0x13, 0xD2, 0x24, 0xC1, 0x3C, 0x28,
    0xBF, 0xC2, 0xC1, 0x6B, 0x98, 0x8A, 0xBC, 0xB9, 0x03, 0xB5, 0x21, 0xD7, 0x1E, 0x28, 0x1E, 0x16,
    0x2A, 0xD0, 0x72, 0x87, 0x11, 0xE8, 0x9E, 0x60, 0x3F, 0x65, 0x06, 0x63, 0x4E, 0x67, 0xB8, 0xD1,
    0x60, 0x5F, 0x65, 0x9E, 0xA9, 0x6A, 0x13, 0x43, 0x75, 0x62, 0xA8, 0x4F, 0x0C, 0x15, 0x8A, 0xA1,
    0x46, 0x31, 0xAA, 0x52, 0x74, 0xC2, 0x3A, 0xDD, 0x96, 0xD8, 0x50, 0x2B, 0xAA, 0x57, 0x44, 0xB1,
    0xC8, 0xFA, 0x41, 0xE4, 0x11, 0x67, 0x37, 0x1B, 0x3B, 0xDC, 0xF1, 0x1E, 0xB7, 0x9C, 0xFA, 0x41,
    0x47, 0x11, 0x6A, 0x6F, 0x08, 0xA9, 0xF6, 0xA7, 0xDC, 0x9F, 0xEF, 0x9B, 0x96, 0x2D, 0x44, 0x6C,
    0x78, 0x6F, 0xFE, 0x78, 0x95, 0x9B, 0x75, 0x74, 0x91, 0xAF, 0xA7, 0x03, 0x4C, 0x3F, 0xAB, 0x70,
    0x97, 0x35, 0x52, 0xF2, 0x0A, 0xE6, 0xE6, 0x82, 0xBB, 0xCB, 0x20, 0x05, 0x0D, 0x57, 0x39, 0x43,
    0xDC, 0x2C, 0xBC, 0x4A, 0x26, 0x25, 0xFB, 0xC6, 0x67, 0xB1, 0x80, 0x84, 0xBA, 0x22, 0x71, 0x47,
    0xE4, 0xF8, 0x31, 0xF5, 0x4E, 0x9F, 0xDA, 0x16, 0x6A, 0x42, 0x88, 0x55, 0x90, 0x74, 0x25, 0x68,
    0x15, 0x34, 0x78, 0x94, 0x37, 0x21, 0xFF, 0xF7, 0x67, 0xD3, 0xB4, 0xDC, 0x6C, 0xD5, 0x96, 0xDC,
    0x5E, 0x2F, 0xBE, 0xAA, 0xC3, 0x99, 0x56, 0xD4, 0xE9, 0xC6, 0x53, 0x2C, 0x36, 0xBD, 0x7F, 0x7A,
    0x91, 0xC2, 0x38, 0xE2, 0x8C, 0x41, 0x12, 0x21, 0x27, 0x7E, 0x20, 0xF4, 0x8C, 0x6A, 0x6E, 0x7C,
    0x56, 0x63, 0xD6, 0xCE, 0x5B, 0x15, 0x2E, 0xC1, 0xB3, 0x15, 0x84, 0xEB, 0x14, 0xC8, 0x1D, 0xA7,
    0x97, 0x41, 0xEF, 0xC4, 0x2B, 0x79, 0x09, 0xC9, 0xDA, 0x6B, 0x2B, 0xE4, 0x6C, 0xF9, 0x10, 0x18,
    0xBB, 0x5F, 0x90, 0xAF, 0x95, 0x33, 0x94, 0xEC, 0x14, 0xDE, 0x9E, 0x69, 0x1F, 0x2E, 0x4B, 0x48,
    0xA6, 0xAD, 0x92, 0x70, 0x0B, 0x2F, 0x15, 0x3A, 0x1F, 0x91, 0x59, 0x4C, 0x06, 0xD0, 0x60, 0x17,
    0x77, 0x99, 0xB0, 0x3C, 0x9B, 0xC4, 0x63, 0x13, 0x35, 0xA2, 0x51, 0xFD, 0x42, 0xF8, 0x35, 0x48,
    0x65, 0xCE, 0x47, 0xB0, 0x3D, 0x2B, 0x98, 0xFA, 0x05, 0x3C, 0x41, 0x26, 0x3B, 0x16, 0xD3, 0x64,
    0x76, 0xBC, 0x9C, 0x73, 0x92, 0xE1, 0x38, 0x88, 0xFC, 0x14, 0x08, 0x42, 0x4D, 0x5C, 0xCD, 0x44,
    0x39, 0xB5, 0xB4, 0x4A, 0x40, 0xB7, 0x04, 0xBF, 0x24, 0x53, 0x83, 0x3C, 0x90, 0x42, 0x99, 0x21,
    0x75, 0x55, 0xDD, 0xAA, 0x2B, 0xAB, 0xB1, 0x70, 0x91, 0xF5, 0x53, 0x77, 0x15, 0x64, 0xBC, 0xB0,
    0x68, 0xB5, 0x97, 0x55, 0x60, 0xA1, 0xEA, 0x30, 0x10, 0x24, 0x99, 0x69, 0x33, 0xAB, 0xCC, 0x12,
    0xD5, 0x42, 0x56, 0xA5, 0x6D, 0x29, 0x5D, 0xBA, 0x7A, 0x19, 0xA9, 0x22, 0x92, 0x8B, 0x3F, 0x5C,
    0x7F, 0x62, 0x4C, 0x13, 0x36, 0x25, 0x97, 0xF4, 0x0B, 0x33, 0xD3, 0x61, 0x2D, 0xFF, 0xC9, 0xB2,
    0xAD, 0xF2, 0xE0, 0xD7, 0x17, 0x2C, 0xA1, 0x22, 0xEE, 0x34, 0xAD, 0x8B, 0xE9, 0x73, 0x41, 0x6F,
    0x63, 0x74, 0x5F, 0xC3, 0x2D, 0xFC, 0x6F, 0x73, 0xE9, 0x54, 0x68, 0xC7, 0x29, 0x34, 0x2B, 0x14,
    0xA0, 0xCB, 0x1E, 0xC6, 0x0A, 0x6B, 0xF3, 0x0A, 0x2E, 0xF4, 0x97, 0x3F, 0xC0, 0xC6, 0x4F, 0xA7,
    0x0D, 0xB4, 0x15, 0x44, 0x80, 0x44, 0x16, 0xCD, 0x24, 0xAA, 0x47, 0xF4, 0x11, 0xE4, 0xA5, 0xC4,
    0x18, 0xDD, 0x34, 0xF7, 0x4F, 0xD3, 0xFE, 0x84, 0xCA, 0x9D, 0x26, 0x57, 0x70, 0xC6, 0x00, 0x54,
    0xBA, 0x8C, 0xE1, 0x02, 0x08, 0xB5, 0x0D, 0x32, 0x1D, 0xDD, 0x67, 0x72, 0x71, 0xEF, 0xF8, 0x52,
    0x1F, 0xCB, 0x8A, 0xC0, 0x29, 0xC2, 0xDE, 0x09, 0xDE, 0xD9, 0xC1, 0xD0, 0xC3, 0x3F, 0xAD, 0xB6,
    0x88, 0xA1, 0xE7, 0xFA, 0x42, 0x94, 0xB3, 0x03, 0x3C, 0x22, 0x07, 0x61, 0x84, 0xA9, 0x8E, 0xBD,
    0xDF, 0xC7, 0x76, 0xF8, 0x8D, 0x0C, 0x2E, 0x74, 0x1D, 0x84, 0xA3, 0x04, 0x24, 0x29, 0x64, 0xCB,
    0xC2, 0x42, 0x9E, 0x1C, 0x16, 0x1B, 0x02, 0x31, 0xA6, 0xD0, 0x01, 0xEB, 0x7D, 0x28, 0xA6, 0x10,
    0x0F, 0x12, 0xBB, 0xBA, 0x06, 0x8D, 0xB7, 0x85, 0xA1, 0x87, 0x19, 0xE2, 0x83, 0x7C, 0x1A, 0x14,
    0x52, 0x2A, 0x0F, 0x1A, 0xE3, 0x41, 0x17, 0xEF, 0x24, 0x88, 0x48, 0xA8, 0xED, 0x8C, 0xFF, 0xFE,
    0x8B, 0xD0, 0x3D, 0x54, 0xF5, 0x46, 0x11, 0x16, 0x2E, 0x54, 0x42, 0x7E, 0xEE, 0x82, 0x4D, 0xC9,
    0xF8, 0x30, 0x2A, 0xBC, 0x1C, 0x51, 0x15, 0x78, 0x52, 0x75, 0xE0, 0x8A, 0xCE, 0xE4, 0x29, 0xBD,
    0x6C, 0xEB, 0xA5, 0xE6, 0xCC, 0xE4, 0x96, 0x98, 0x9B, 0xA7, 0x42, 0x19, 0x50, 0x4D, 0x43, 0x4B,
    0x74, 0x94, 0x95, 0x64, 0x8E, 0x87, 0xC6, 0xEB, 0xEB, 0x32, 0xA3, 0x70, 0xCA, 0xA9, 0x44, 0x25,
    0xD1, 0x0B, 0x04, 0x59, 0xB8, 0x03, 0xCC, 0x26, 0x77, 0x58, 0xA6, 0x9C, 0x42, 0xD8, 0x70, 0x39,
    0x6A, 0x35, 0xCB, 0x1D, 0x83, 0xB9, 0xE1, 0xF4, 0xE9, 0xE9, 0xD4, 0x13, 0xE9, 0xF4, 0x27, 0x62,
    0xF3, 0x1D, 0x50, 0x6A, 0x13, 0xB7, 0x1E, 0x90, 0x02, 0x51, 0x4E, 0x1C, 0x2E, 0xAA, 0x28, 0xA5,
    0x74, 0xFB, 0x69, 0xAC, 0xB2, 0xE2, 0x15, 0x89, 0xA1, 0x16, 0x77, 0xAA, 0xC4, 0x53, 0x51, 0xAA,
    0x3B, 0xA1, 0x2A, 0x1D, 0x6B, 0xB2, 0x4D, 0x70, 0x73, 0xBC, 0x41, 0x71, 0x89, 0x8A, 0x91, 0x1A,
    0x92, 0xC4, 0x19, 0x10, 0x52, 0x98, 0xB1, 0xD3, 0xA8, 0x7D, 0x1C, 0xB8, 0x0D, 0x69, 0x1E, 0xD4,
    0xE4, 0x38, 0x59, 0x06, 0x84, 0x05, 0x1B, 0x95, 0xA5, 0xB2, 0x5E, 0xC0, 0xAE, 0x31, 0xB8, 0x4B,
    0x6C, 0x76, 0x34, 0x00, 0x28, 0x49, 0x2A, 0x93, 0x5C, 0x94, 0x47, 0x10, 0x06, 0xFA, 0x64, 0xA8,
    0xEF, 0x0E, 0xB0, 0xF7, 0x3B, 0x46, 0xB6, 0x32, 0x83, 0xCB, 0xC0, 0xF5, 0x67, 0x18, 0x76, 0x5A,
    0xDE, 0x08, 0x2A, 0xC5, 0x70, 0xE6, 0xD0, 0x46, 0xD1, 0xA2, 0x11, 0xF2, 0x41, 0xCB, 0x3E, 0x0F,
    0xE0, 0x16, 0x2B, 0x46, 0xA6, 0xB0, 0x05, 0xED, 0x44, 0x8E, 0x16, 0x44, 0x97, 0x2A, 0xA4, 0xFB,
    0xD4, 0x2A, 0x78, 0x43, 0x96, 0x2C, 0x68, 0x53, 0xFD, 0x9C, 0x80, 0x76, 0x47, 0x95, 0xFB, 0x3E,
    0x8F, 0xE5, 0xD3, 0xB8, 0x86, 0xBB, 0x6C, 0xE6, 0xAD, 0x2D, 0x38, 0xF7, 0xE2, 0x0F, 0x08, 0x76,
    0x55, 0xEC, 0x43, 0x15, 0xB1, 0x13, 0x2A, 0x5F, 0x27, 0xF5, 0xB2, 0xA2, 0x82, 0xB6, 0xAC, 0x0A,
    0xE9, 0x82, 0xAA, 0xA4, 0x6D, 0xE5, 0x34, 0x65, 0x38, 0xD1, 0xE0, 0x1D, 0x15, 0xE8, 0x2D, 0x8A,
    0x07, 0x2D, 0x90, 0x9F, 0x93, 0xBF, 0x42, 0x65, 0xB3, 0x58, 0x59, 0x4E, 0x31, 0x92, 0x40, 0x49,
    0x4C, 0x5D, 0xAC, 0xE4, 0xC6, 0x38, 0x85, 0x9D, 0xA4, 0x16, 0x4E, 0x26, 0x90, 0x1F, 0x99, 0xA7,
    0x48, 0x90, 0x87, 0x5D, 0x82, 0x84, 0xCA, 0xAA, 0x3C, 0x99, 0xEE, 0x09, 0x58, 0xB1, 0x97, 0xC4,
    0x56, 0xC9, 0x4D, 0x82, 0x8D, 0xD4, 0xFC, 0x4F, 0x6C, 0x98, 0xCC, 0xE7, 0x1D, 0xB9, 0x86, 0x51,
    0xEE, 0x8A, 0x7B, 0x60, 0x8E, 0x84, 0x85, 0xF7, 0x8C, 0x5C, 0x8F, 0x87, 0x45, 0x88, 0xD5, 0x2C,
    0x85, 0xC5, 0x09, 0x2C, 0x67, 0x25, 0x28, 0x57, 0xB0, 0x10, 0xB9, 0x72, 0xFB, 0x96, 0xFD, 0xAA,
    0xC6, 0xF5, 0x82, 0xF7, 0x4E, 0x81, 0x25, 0x6D, 0x7B, 0xEF, 0xE5, 0x58, 0x53, 0x2D, 0x0F, 0xC4,
    0x6A, 0x2A, 0x77, 0x8C, 0xAB, 0x53, 0x09, 0x61, 0x45, 0x92, 0x8E, 0x0D, 0x9C, 0xE6, 0x30, 0xF6,
    0x6D, 0xEC, 0x54, 0x21, 0x74, 0x6A, 0xA2, 0x1B, 0xD8, 0x5A, 0xF4, 0x06, 0x82, 0x83, 0xBD, 0xC3,
    0xCA, 0xE6, 0x16, 0xDD, 0x53, 0x5E, 0xF2, 0xC9, 0x44, 0x8B, 0x86, 0x3D, 0x52, 0xC2, 0x0B, 0xCA,
    0x3D, 0x57, 0x90, 0x4B, 0x16, 0x0C, 0xFB, 0xDC, 0xA2, 0x27, 0xAA, 0xE2, 0xD7, 0x66, 0x4C, 0x64,
    0x94, 0x89, 0x1C, 0x35, 0xEC, 0x78, 0xF8, 0x34, 0x55, 0x5E, 0x2A, 0xAD, 0xC7, 0xE2, 0x0F, 0x45,
    0xBE, 0x45, 0x69, 0xD5, 0xC4, 0xA3, 0x7C, 0x23, 0x26, 0xD1, 0x83, 0xFC, 0xEF, 0x40, 0xF5, 0xEC,
    0xC0, 0x67, 0xDC, 0x01, 0x2C, 0xD9, 0x01, 0x83, 0x8C, 0xC9, 0xA1, 0x58, 0x29, 0x06, 0x6F, 0x80,
    0xA1, 0x4E, 0x30, 0x79, 0xA0, 0x8D, 0x82, 0xB6, 0x8D, 0x56, 0xD0, 0x99, 0x6C, 0x54, 0xD6, 0x67,
    0x24, 0x84, 0x28, 0xA1, 0x9C, 0x7F, 0x30, 0xFE, 0x78, 0x68, 0xC6, 0x7A, 0x64, 0x51, 0x7A, 0x0B,
    0x34, 0xB3, 0x35, 0x43, 0x33, 0xBD, 0x7D, 0x68, 0x66, 0xD4, 0x3A, 0x6B, 0xD6, 0x5F, 0xA3, 0xCB,
    0xD6, 0x1A, 0x6F, 0x90, 0xDC, 0xAF, 0x77, 0x19, 0x6F, 0x18, 0xE2, 0xC2, 0x81, 0x21, 0x96, 0x9F,
    0x85, 0xA0, 0x4C, 0x94, 0x0B, 0x64, 0x8B, 0x4F, 0x0B, 0x92, 0x49, 0x60, 0xC6, 0x93, 0xC7, 0xF7,
    0x5A, 0x8B, 0xDF, 0xCA, 0x31, 0xAF, 0xE1, 0x6B, 0x94, 0x07, 0x3A, 0xE6, 0x79, 0x8B, 0x9A, 0x3E,
    0xD2, 0x31, 0xBF, 0x0F, 0xEA, 0xF6, 0x02, 0x1C, 0x73, 0x4B, 0x64, 0x0D, 0x7B, 0xAC, 0x8F, 0xCF,
    0x56, 0x2B, 0xB2, 0x8D, 0xD5, 0x05, 0xB7, 0x71, 0xCA, 0x6D, 0x57, 0x9C, 0x94, 0x33, 0xB2, 0x80,
    0x74, 0xAF, 0x37, 0xB9, 0xD7, 0x1C, 0x1E, 0x00, 0x1A, 0x3A, 0xB3, 0x05, 0x42, 0x47, 0xDC, 0x3F,
    0x3D, 0x03, 0x1E, 0xAE, 0xEF, 0x24, 0x08, 0x16, 0x63, 0x85, 0x7F, 0x1C, 0x06, 0x31, 0xC5, 0x7E,
    0x01, 0x40, 0xDD, 0x18, 0x67, 0xB9, 0x33, 0x76, 0x06, 0x81, 0xC0, 0x44, 0xB1, 0x83, 0x4D, 0x58,
    0xCA, 0x12, 0x07, 0x11, 0x2D, 0x60, 0x9C, 0x0B, 0x44, 0x18, 0x25, 0x30, 0x82, 0x23, 0x60, 0x38,
    0x30, 0x68, 0x50, 0xB8, 0xF2, 0x13, 0x11, 0xF1, 0x26, 0x4E, 0xC3, 0xDC, 0xAF, 0x23, 0x91, 0xDD,
    0xB0, 0x0C, 0xCB, 0x28, 0x4D, 0x52, 0x77, 0x18, 0x1F, 0x56, 0x7C, 0x0B, 0x8A, 0x64, 0x67, 0x60,
    0xEB, 0xE8, 0x72, 0x85, 0xFC, 0x81, 0x08, 0x6C, 0x36, 0x02, 0xDB, 0xC4, 0xD7, 0xB1, 0xA9, 0x98,
    0xE5, 0x98, 0x96, 0x7C, 0x87, 0xE1, 0xB5, 0xC4, 0xA1, 0x32, 0xFD, 0x32, 0xC9, 0xF7, 0x1A, 0xFD,
    0x32, 0xF2, 0x00, 0xB7, 0x54, 0x5D, 0x59, 0x21, 0x11, 0x91, 0x32, 0x7F, 0x5E, 0x8F, 0xA9, 0xE4,
    0x76, 0xB8, 0xE0, 0x84, 0x00, 0x1A, 0xAB, 0xBC, 0x82, 0xCD, 0x14, 0x33, 0x2C, 0x4C, 0x10, 0x89,
    0xD7, 0x27, 0xD8, 0x72, 0xE2, 0x08, 0x8E, 0xF9, 0xF4, 0x38, 0x00, 0x69, 0x2B, 0xBD, 0xA6, 0xE5,
    0x52, 0x1B, 0x8B, 0xA0, 0xAE, 0x5E, 0xF0, 0xEE, 0xEC, 0xC5, 0x85, 0x91, 0xC8, 0xE5, 0xAF, 0x28,
    0x17, 0xF9, 0x2B, 0x5C, 0x1A, 0x54, 0xD6, 0x89, 0x9F, 0xFF, 0xA5, 0x40, 0x8B, 0x30, 0xC7, 0xED,
    0x5F, 0x9D, 0xA1, 0xAA, 0x35, 0x99, 0x5F, 0x78, 0x1D, 0x3B, 0xE3, 0x4E, 0x27, 0x20, 0xDD, 0x21,
    0xEB, 0x54, 0x72, 0x54, 0x08, 0xA2, 0xEE, 0x30, 0x79, 0xDA, 0x8E, 0x0C, 0xBE, 0x18, 0x04, 0xB6,
    0x84, 0x74, 0xAF, 0x4C, 0x47, 0xAA, 0x6B, 0x4F, 0xF7, 0xAF, 0x43, 0xE1, 0x21, 0x22, 0x91, 0x5A,
    0x7D, 0x9B, 0xB4, 0x1A, 0x37, 0x69, 0x89, 0xD8, 0x69, 0xB5, 0xEE, 0x56, 0xAB, 0x77, 0xBB, 0xF4,
    0xB4, 0x09, 0xFB, 0x41, 0xDA, 0x28, 0x57, 0x27, 0x40, 0xA6, 0x28, 0x8F, 0xA7, 0x11, 0xC7, 0x4D,
    0x94, 0xB2, 0xF2, 0x59, 0xD5, 0xC1, 0x9E, 0x9A, 0xF2, 0x8E, 0x8D, 0x7F, 0x28, 0xA6, 0x57, 0x73,
    0xCE, 0x87, 0xD8, 0xB8, 0x43, 0x8F, 0x6B, 0xD0, 0x00, 0x84, 0x10, 0x78, 0xE3, 0xF5, 0xF5, 0x89,
    0x55, 0x90, 0x53, 0xB5, 0xEF, 0xBF, 0x5F, 0x93, 0x1F, 0x9F, 0x59, 0x98, 0x3C, 0xBF, 0x14, 0xAE,
    0x82, 0x21, 0x0A, 0xFB, 0x8D, 0xB7, 0xFF, 0x9B, 0xBC, 0x75, 0xB7, 0x19, 0x61, 0x11, 0x9B, 0xF1,
    0xA4, 0x70, 0xF9, 0x0A, 0x96, 0x72, 0x01, 0xCB, 0xD8, 0xC6, 0x12, 0x8E, 0xEE, 0xF3, 0xD5, 0xAE,
    0xC3, 0x00, 0x42, 0xD7, 0x41, 0x74, 0xE8, 0x47, 0xAD, 0xE1, 0x71, 0x1D, 0x0C, 0x8B, 0xBE, 0x5A,
    0x04, 0x30, 0x9E, 0x60, 0xBD, 0x13, 0x99, 0xE6, 0x9F, 0x37, 0xA6, 0x8F, 0x50, 0x8E, 0xF5, 0x0E,
    0x35, 0xFC, 0x67, 0xA5, 0x6A, 0xFE, 0xAA, 0x54, 0x3D, 0xCE, 0xC2, 0x81, 0xE5, 0x3C, 0x1C, 0x38,
    0x7B, 0x4D, 0x95, 0x6E, 0xD1, 0xA5, 0x29, 0x2D, 0x51, 0x9C, 0xC6, 0x45, 0x4C, 0x75, 0x19, 0x16,
    0x1A, 0x2A, 0x0C, 0x4A, 0x95, 0xAC, 0xA0, 0xEA, 0x50, 0x79, 0x06, 0x65, 0x8F, 0xC4, 0x0C, 0xCB,
    0x91, 0x25, 0xA1, 0x5E, 0x93, 0x74, 0x40, 0x4A, 0xEE, 0x60, 0x5F, 0x8F, 0x89, 0x4B, 0xA9, 0xA6,
    0x69, 0x92, 0x32, 0x24, 0x96, 0xD8, 0xB8, 0xD8, 0x47, 0x06, 0x02, 0xE1, 0xBC, 0x62, 0x32, 0x9C,
    0xC9, 0xCC, 0xB1, 0x2C, 0x85, 0x2A, 0x22, 0x73, 0x5B, 0x7B, 0x3D, 0x58, 0x12, 0x64, 0xA7, 0xF5,
    0x60, 0x71, 0xFB, 0xC3, 0x74, 0x06, 0xBE, 0x43, 0x67, 0x20, 0x83, 0x16, 0x12, 0x1E, 0xA9, 0x55,
    0xC8, 0xF5, 0x01, 0xE5, 0xC2, 0x10, 0x42, 0x09, 0x1C, 0x22, 0xFC, 0xD0, 0xB7, 0x44, 0x73, 0x6B,
    0x25, 0xCE, 0x80, 0x3C, 0x6A, 0x05, 0xF7, 0xD9, 0x52, 0x16, 0x92, 0x77, 0xC4, 0x37, 0x08, 0xCD,
    0x2A, 0xD5, 0xA5, 0x0E, 0x54, 0x08, 0xB4, 0xE9, 0x9B, 0x63, 0xA3, 0xA1, 0xB6, 0x04, 0x3B, 0x40,
    0x27, 0x59, 0x56, 0x27, 0x73, 0xE5, 0xDF, 0x88, 0xE0, 0x27, 0x28, 0xE4, 0x97, 0xA2, 0x43, 0xC3,
    0x22, 0x33, 0x7A, 0xDD, 0xE1, 0x35, 0x82, 0x6A, 0x84, 0x3F, 0x78, 0x69, 0x44, 0x0F, 0x25, 0x81,
    0xB5, 0x85, 0xCB, 0xCE, 0xAB, 0xB0, 0x03, 0xAE, 0xC2, 0x1B, 0x1D, 0x5C, 0xE5, 0x16, 0x3D, 0x0B,
    0x83, 0x46, 0x56, 0xB1, 0x8D, 0xC0, 0xE1, 0x0D, 0xA6, 0x29, 0x46, 0x81, 0xDA, 0x35, 0xB8, 0xD1,
    0x87, 0xF8, 0x15, 0x4E, 0xFF, 0x3A, 0x35, 0x1B, 0x83, 0x0D, 0xFD, 0x5F, 0x8A, 0xB5, 0x93, 0xAD,
    0x19, 0xF1, 0xA1, 0xFA, 0x88, 0x01, 0xD1, 0x3D, 0x80, 0x23, 0xFD, 0xE0, 0x90, 0x11, 0x0A, 0x1D,
    0xC5, 0x18, 0xC9, 0x22, 0xDD, 0x21, 0xC3, 0x73, 0xDC, 0x41, 0x67, 0x0C, 0x32, 0x89, 0x79, 0x02,
    0xD7, 0x54, 0x04, 0x2F, 0x05, 0xE1, 0x7E, 0xAA, 0x30, 0x1F, 0xA0, 0x89, 0x30, 0x31, 0xAE, 0xB1,
    0x07, 0xFD, 0x3C, 0x82, 0xA5, 0x3B, 0x3C, 0xF9, 0x13, 0xF9, 0xC9, 0x73, 0x9C, 0xE7, 0x00, 0xDB,
    0xD1, 0x00, 0x92, 0x80, 0x40, 0x6E, 0xAD, 0x10, 0x2D, 0x4E, 0x3D, 0x88, 0xA5, 0xCF, 0x20, 0xC5,
    0x6C, 0xC7, 0xB9, 0xF7, 0xE2, 0x37, 0x26, 0xCE, 0x6B, 0xA2, 0x55, 0xAF, 0x85, 0xD7, 0x8C, 0x3F,
    0xF0, 0xA8, 0x27, 0x7D, 0x98, 0xCF, 0x3E, 0x36, 0x7A, 0x0C, 0x84, 0x20, 0x4B, 0xC4, 0x8E, 0xD3,
    0x81, 0xA7, 0xF2, 0x0E, 0xE1, 0xE1, 0xDD, 0xDB, 0x11, 0x04, 0x78, 0xB2, 0xC6, 0xB6, 0xE1, 0x41,
    0x49, 0x2E, 0x8F, 0xCC, 0xC0, 0x9D, 0x1C, 0x76, 0x40, 0x08, 0x02, 0x70, 0x46, 0x74, 0x7B, 0x90,
    0x94, 0x1E, 0x1E, 0xBE, 0x06, 0x35, 0x9E, 0x60, 0x29, 0xE1, 0x9B, 0x03, 0x6C, 0xF4, 0x45, 0x02,
    0x1F, 0xB1, 0x8F, 0x1B, 0x85, 0x27, 0xFB, 0x29, 0x4E, 0x90, 0x98, 0x59, 0x48, 0x46, 0x9C, 0x76,
    0x44, 0x9D, 0xF7, 0x85, 0x01, 0xC6, 0x4F, 0x80, 0xA8, 0x19, 0x99, 0x11, 0x51, 0xE4, 0x9E, 0x88,
    0x72, 0x22, 0xFF, 0x8E, 0x7E, 0x3C, 0xD2, 0x1B, 0x64, 0x82, 0x8B, 0x65, 0x47, 0x3C, 0xAA, 0xA5,
    0x36, 0x0C, 0x0F, 0x1E, 0x10, 0xA2, 0x08, 0x56, 0x0B, 0x80, 0xBE, 0xF2, 0x79, 0x30, 0xBE, 0x67,
    0xEE, 0x91, 0xEF, 0x1F, 0x32, 0xF1, 0x8F, 0x05, 0x8A, 0x4C, 0xAD, 0x52, 0x11, 0x23, 0x6A, 0xFE,
    0x2C, 0x4B, 0x95, 0x87, 0x21, 0x37, 0xD8, 0x23, 0xEC, 0x19, 0x5E, 0x08, 0x56, 0xBF, 0x3F, 0x70,
    0x86, 0x1B, 0x83, 0xA0, 0xF4, 0x06, 0xE2, 0x03, 0x08, 0x80, 0x75, 0x9A, 0x8E, 0xFC, 0x0E, 0xCB,
    0x1B, 0xF1, 0xE5, 0x57, 0x40, 0x80, 0x22, 0x35, 0x39, 0xE6, 0xB7, 0x26, 0xDE, 0x7D, 0x24, 0xF7,
    0x77, 0x61, 0x5B, 0x8E, 0x09, 0x1D, 0x7B, 0x99, 0xE0, 0x1D, 0x20, 0xDD, 0xB0, 0x88, 0xD2, 0x28,
    0xE7, 0xFA, 0x64, 0x16, 0x3D, 0x7F, 0x40, 0x8F, 0x64, 0x9C, 0xCE, 0x92, 0x04, 0x9C, 0x5F, 0x62,
    0x1E, 0x34, 0xD1, 0x9B, 0xB2, 0x2E, 0xCC, 0xAF, 0x9F, 0x0B, 0x62, 0x12, 0x3F, 0xE6, 0x5A, 0x1D,
    0x14, 0xA7, 0x32, 0xE3, 0xBB, 0x4D, 0x98, 0x5F, 0x41, 0x94, 0x74, 0x10, 0x3E, 0x5D, 0xDF, 0x8B,
    0x6B, 0xF4, 0x28, 0x15, 0xE9, 0x28, 0xD6, 0x60, 0xEF, 0x20, 0x51, 0x63, 0x6B, 0x63, 0x70, 0xCE,
    0xB0, 0x73, 0x8E, 0x91, 0xB4, 0x7A, 0x93, 0xC0, 0xCD, 0xAB, 0xBB, 0x7A, 0x2D, 0x47, 0xB8, 0xAE,
    0x04, 0xC5, 0x20, 0x2C, 0x8E, 0x9A, 0xCD, 0xD0, 0x34, 0x41, 0x71, 0xDE, 0x74, 0xB6, 0x9C, 0xDA,
    0x7B, 0x57, 0xA0, 0x45, 0x25, 0x1B, 0x8B, 0xF9, 0x0B, 0x6D, 0xBC, 0x61, 0x5F, 0x56, 0x17, 0xE5,
    0x81, 0x00, 0x22, 0x47, 0xF5, 0x98, 0x82, 0x58, 0xA1, 0xAF, 0xF9, 0xDC, 0xA0, 0xC5, 0x62, 0xE6,
    0x8B, 0xF2, 0xBA, 0x22, 0xDF, 0x77, 0xE5, 0x4F, 0xF6, 0x5C, 0x23, 0xA2, 0x91, 0xC3, 0x5D, 0x1D,
    0x09, 0x7A, 0x1B, 0x80, 0x2D, 0x7D, 0x81, 0x5E, 0x42, 0x43, 0x59, 0x88, 0x57, 0x85, 0x78, 0xE5,
    0xBE, 0xEC, 0x77, 0x20, 0x1A, 0x11, 0x7B, 0x0E, 0xBA, 0x24, 0xF9, 0x9A, 0x79, 0x3E, 0x4D, 0xDC,
    0xFF, 0x94, 0xC6, 0xDF, 0x0B, 0xFF, 0x4F, 0xD0, 0xF8, 0xB4, 0xDA, 0x82, 0x14, 0xBF, 0x24, 0x8F,
    0x14, 0x40, 0xFD, 0xAB, 0xDC, 0x04, 0xC3, 0x79, 0x70, 0xF5, 0x36, 0xEF, 0x9D, 0xD4, 0xA1, 0xA8,
    0xE5, 0x5A, 0xEE, 0x28, 0x88, 0xBE, 0x10, 0x36, 0x0D, 0x11, 0x30, 0x5F, 0x81, 0xC2, 0xAC, 0xAD,
    0x1F, 0x1C, 0x32, 0x31, 0xF4, 0x1C, 0x5C, 0xF3, 0x47, 0xE5, 0x67, 0x31, 0xB4, 0x6F, 0x82, 0x8D,
    0x42, 0x32, 0x4B, 0x06, 0xD1, 0x18, 0x5B, 0x26, 0xAE, 0x60, 0x42, 0x61, 0x66, 0x61, 0xD3, 0x9C,
    0x31, 0x32, 0x5F, 0x17, 0xB0, 0x19, 0xE7, 0xB1, 0x13, 0xF4, 0x01, 0x65, 0x3E, 0xC6, 0x91, 0xCD,
    0x17, 0x83, 0x16, 0xC3, 0x98, 0xC1, 0xFD, 0xA1, 0x20, 0x80, 0x74, 0x27, 0x81, 0xA7, 0xBA, 0x32,
    0x24, 0x0D, 0x86, 0xCA, 0x64, 0x17, 0x80, 0x71, 0x04, 0xAC, 0x4D, 0xA9, 0x93, 0x1C, 0xB9, 0xF4,
    0x35, 0xDC, 0x32, 0x65, 0xD0, 0x06, 0x1E, 0xAB, 0x6C, 0x4E, 0x00, 0xA6, 0x7E, 0x23, 0x3F, 0x22,
    0x9F, 0x16, 0x39, 0x5E, 0x91, 0x0D, 0xF1, 0x5E, 0x2D, 0x2E, 0x23, 0xE0, 0xF0, 0xAD, 0xA2, 0x82,
    0x03, 0xEB, 0x5F, 0x7D, 0x19, 0x4A, 0xC8, 0xBB, 0x76, 0x1A, 0xF1, 0x50, 0x6F, 0x0A, 0x31, 0xEE,
    0x7A, 0xF0, 0xD6, 0x12, 0x41, 0xC2, 0x5E, 0x9D, 0x26, 0xB2, 0xCB, 0xEE, 0xFB, 0xA2, 0x68, 0x9C,
    0xC2, 0xEC, 0xA4, 0x89, 0xA5, 0xA7, 0xF8, 0x1B, 0x8D, 0x27, 0xBF, 0xF1, 0x95, 0x9E, 0x35, 0x62,
    0x92, 0xD0, 0xE5, 0xE1, 0xA5, 0x73, 0x05, 0xE4, 0x53, 0x69, 0x1A, 0x0A, 0x3D, 0xA3, 0x54, 0x5E,
    0xF9, 0x96, 0x09, 0x7F, 0x2A, 0x04, 0x18, 0x90, 0xD7, 0x27, 0x90, 0x65, 0x7C, 0xC6, 0xAD, 0xE5,
    0xB6, 0x8D, 0xC8, 0xCA, 0x00, 0x6E, 0x22, 0xF4, 0x01, 0x12, 0x26, 0x73, 0x79, 0x09, 0x8B, 0x2E,
    0x3F, 0xDF, 0x11, 0x59, 0x51, 0x5E, 0x4F, 0xEA, 0x38, 0x8F, 0x7E, 0xFD, 0x56, 0xED, 0xBD, 0xE5,
    0xD6, 0xDE, 0x48, 0x9E, 0x5F, 0xCB, 0x9E, 0xF2, 0x5E, 0xD8, 0x53, 0x99, 0x43, 0xAE, 0xFA, 0x61,
    0xE1, 0xF9, 0x39, 0x74, 0x4A, 0xFB, 0x7C, 0x6F, 0x2A, 0x73, 0x70, 0xA6, 0x27, 0xB1, 0x33, 0x2F,
    0x00, 0xBA, 0xC2, 0xDD, 0xCE, 0xA0, 0x14, 0x7A, 0x0A, 0x6A, 0xE4, 0x9F, 0x03, 0x0C, 0x88, 0x3D,
    0x39, 0x18, 0xDC, 0x5A, 0x75, 0x94, 0xCC, 0x0A, 0xFC, 0x0E, 0x25, 0x24, 0xD6, 0x4E, 0x34, 0x41,
    0xF0, 0xF6, 0x60, 0x97, 0xB7, 0x93, 0xB6, 0xA9, 0x09, 0xCD, 0xCC, 0x11, 0xED, 0x93, 0x37, 0xB1,
    0xE4, 0x9D, 0x2C, 0xC7, 0x04, 0x45, 0x7D, 0x09, 0x79, 0xFC, 0x16, 0x2A, 0x2F, 0xE6, 0xFE, 0x6E,
    0x29, 0xDE, 0xB2, 0xE4, 0x22, 0xAA, 0x0C, 0x56, 0xFD, 0xBF, 0x1A, 0x23, 0x0B, 0x7F, 0x47, 0xB4,
    0x9C, 0xAC, 0xFD, 0x5D, 0x79, 0xB7, 0x2C, 0x1F, 0x56, 0x48, 0x28, 0xD0, 0x10, 0x42, 0x61, 0x5B,
    0x10, 0x1F, 0x2E, 0x01, 0xFE, 0x73, 0x6C, 0x0C, 0x22, 0x86, 0x42, 0x1B, 0x13, 0x6B, 0xD8, 0x18,
    0x34, 0xF1, 0x61, 0xCB, 0xC1, 0xF8, 0xED, 0x45, 0xD8, 0xD3, 0xF8, 0x6F, 0xA5, 0x5D, 0xB9, 0xB8,
    0x63, 0xE3, 0x8D, 0xC5, 0x97, 0x70, 0x26, 0x1A, 0xB9, 0xA6, 0x3D, 0x10, 0xC6, 0x8F, 0x53, 0x1F,
    0x08, 0x3B, 0x10, 0x0F, 0xA0, 0x08, 0xC1, 0xFD, 0xC8, 0x65, 0x94, 0x4B, 0x80, 0x38, 0xCB, 0x50,
    0x18, 0xDB, 0xC2, 0x5F, 0x0D, 0x74, 0xCC, 0xFB, 0xCC, 0x5C, 0xA6, 0x6D, 0xD0, 0x6F, 0x53, 0x93,
    0x7F, 0x0C, 0xCF, 0x58, 0xF0, 0x46, 0xA7, 0x61, 0xDC, 0x52, 0x27, 0xCE, 0x17, 0x63, 0x63, 0x11,
    0xE1, 0xF8, 0x16, 0x83, 0x86, 0xCD, 0x29, 0xAA, 0xA4, 0x07, 0x34, 0x4A, 0xDB, 0x96, 0x22, 0x68,
    0xBA, 0x2A, 0x7E, 0xFB, 0x1A, 0xA4, 0x28, 0x7B, 0x17, 0x7C, 0x12, 0xE6, 0x1D, 0xE4, 0x7D, 0x53,
    0xE8, 0xCC, 0x98, 0xC6, 0x03, 0x7F, 0x3A, 0x10, 0x3D, 0x21, 0xE6, 0x1A, 0x85, 0x71, 0x4B, 0xFE,
    0x3D, 0x12, 0x01, 0xEA, 0xD1, 0x6A, 0xE3, 0xCF, 0x40, 0x08, 0x36, 0x72, 0x10, 0xF5, 0xDC, 0x72,
    0x1B, 0xD9, 0xD3, 0xE4, 0xF9, 0x31, 0x36, 0xF5, 0xBD, 0x0F, 0x06, 0xB3, 0x07, 0xAA, 0xB2, 0xA4,
    0xAA, 0xFC, 0x22, 0xF7, 0x98, 0x4A, 0xD5, 0xF4, 0xE8, 0xBF, 0xC6, 0x0A, 0x4D, 0xA7, 0x69, 0x58,
    0x8B, 0x99, 0x44, 0xAE, 0xB2, 0xD8, 0xC4, 0x47, 0x00, 0xFB, 0xDE, 0x91, 0x0F, 0xBA, 0xEF, 0xE1,
    0x13, 0xD3, 0x99, 0x8F, 0x31, 0x66, 0x48, 0xD6, 0x68, 0xCC, 0xC8, 0x9C, 0xA0, 0x62, 0x05, 0xF7,
    0x34, 0xB2, 0x2B, 0xC7, 0x2A, 0xB1, 0xAC, 0x49, 0x21, 0x94, 0xBF, 0x0D, 0x7D, 0xF5, 0x33, 0xD1,
    0x57, 0xFF, 0x20, 0xF7, 0x87, 0xC2, 0x97, 0x8D, 0x61, 0x7A, 0xB0, 0xD6, 0xD4, 0xF9, 0x15, 0xF9,
    0x51, 0x09, 0x7A, 0x8F, 0x8E, 0xB5, 0xB2, 0x2B, 0x72, 0x03, 0x19, 0xB4, 0xF2, 0x5B, 0x05, 0xC2,
    0x33, 0x7E, 0xB5, 0x51, 0xB8, 0xD3, 0x37, 0x0A, 0x73, 0x1F, 0x11, 0x46, 0xAE, 0x3C, 0x0D, 0x7B,
    0x19, 0xFE, 0x54, 0x56, 0x36, 0x90, 0xB9, 0x21, 0x2C, 0x8B, 0xE9, 0x41, 0x99, 0x01, 0x44, 0xC0,
    0x2D, 0x70, 0x6B, 0xE2, 0x79, 0x0F, 0x3F, 0xC6, 0xAD, 0xC8, 0x81, 0x94, 0x15, 0x4C, 0x98, 0x1C,
    0x18, 0xEC, 0xE2, 0xC0, 0x38, 0x67, 0x3E, 0x24, 0xC9, 0x99, 0x48, 0x7D, 0x29, 0x4D, 0x84, 0xC7,
    0xDC, 0x73, 0xE9, 0xAB, 0xC2, 0x65, 0x7F, 0x11, 0x5E, 0x7B, 0xEC, 0x2D, 0x23, 0x0B, 0x19, 0xB8,
    0x43, 0x73, 0x87, 0x9E, 0xF7, 0xAB, 0x94, 0xCF, 0xFB, 0xC0, 0xFA, 0x17, 0xC6, 0x9A, 0x13, 0xFA,
    0x85, 0x3D, 0x75, 0x3E, 0x08, 0x7B, 0xA0, 0x6D, 0x17, 0x72, 0x54, 0x5F, 0x62, 0x12, 0x29, 0x8F,
    0x2E, 0x65, 0x42, 0xED, 0x81, 0x59, 0x06, 0xB3, 0x44, 0x96, 0xE3, 0xA7, 0x13, 0xE3, 0xDD, 0xD8,
    0x28, 0x7C, 0x01, 0x2B, 0x01, 0x94, 0x52, 0xAB, 0x20, 0xF1, 0x6F, 0x81, 0x30, 0x30, 0x96, 0x26,
    0xBB, 0x6E, 0xFA, 0xB5, 0xD8, 0x3F, 0xB3, 0x51, 0x09, 0x46, 0x23, 0xAF, 0xF5, 0x28, 0x20, 0x5D,
    0x72, 0x9C, 0xBA, 0x57, 0x22, 0xD3, 0xD3, 0x81, 0x8C, 0xD1, 0xA5, 0xBE, 0x2C, 0x53, 0x3C, 0x94,
    0x47, 0xE0, 0x52, 0x45, 0xCF, 0x00, 0x0C, 0x87, 0x57, 0xB1, 0xB8, 0xE8, 0x59, 0x2E, 0xF1, 0xCB,
    0x25, 0x18, 0x42, 0x6E, 0x12, 0xBE, 0x39, 0xF2, 0xDE, 0xCD, 0x05, 0x17, 0x3B, 0x64, 0x26, 0xB2,
    0x00, 0x5D, 0x10, 0x5B, 0x8D, 0xC0, 0x8A, 0x04, 0xB9, 0x67, 0x78, 0xA9, 0x2F, 0x84, 0x8A, 0x73,
    0x50, 0x69, 0xFE, 0x8A, 0x72, 0xB0, 0x55, 0x20, 0x68, 0xDA, 0xE9, 0x57, 0x04, 0x4E, 0x0B, 0x86,
    0xBD, 0x98, 0x3B, 0x31, 0xF2, 0x02, 0x24, 0x25, 0x6E, 0x57, 0x37, 0x50, 0x0D, 0x7B, 0xCF, 0x74,
    0x81, 0xF3, 0xCE, 0x95, 0x54, 0x7A, 0x08, 0xAA, 0x5E, 0x97, 0xFD, 0xF3, 0x86, 0x3B, 0xA2, 0x22,
    0xC2, 0x1C, 0x40, 0x33, 0xA1, 0x7A, 0x42, 0xF2, 0x9C, 0x60, 0xA8, 0x08, 0x5F, 0x86, 0xDE, 0x82,
    0xD3, 0x21, 0xE3, 0x77, 0x01, 0xCA, 0x61, 0x45, 0xA3, 0x3C, 0x26, 0xE0, 0x4F, 0x18, 0x8D, 0x5E,
    0x93, 0xBD, 0x45, 0x55, 0xC8, 0xC0, 0x85, 0xF1, 0xCB, 0xCE, 0xC1, 0x1D, 0x0D, 0x20, 0x4F, 0x87,
    0xA7, 0x7F, 0x27, 0x4F, 0x79, 0xBD, 0x0F, 0xE9, 0x5A, 0x03, 0xCD, 0xD6, 0x00, 0xC5, 0xB6, 0x30,
    0x74, 0x2D, 0x3E, 0xCF, 0xE0, 0x14, 0x05, 0xC0, 0xDF, 0xC1, 0x8F, 0x91, 0x36, 0xFF, 0x66, 0x6D,
    0x8B, 0x89, 0x46, 0xC2, 0x22, 0xAE, 0xD8, 0x30, 0xA1, 0x8E, 0xF7, 0x6E, 0x21, 0xF8, 0x74, 0xA2,
    0xBC, 0x0E, 0x02, 0x51, 0xD3, 0xD4, 0xAD, 0xE6, 0xD2, 0xAF, 0xDB, 0x05, 0x69, 0xAB, 0xB2, 0xB7,
    0x89, 0xD0, 0x6D, 0x75, 0xE6, 0xC1, 0x7E, 0x32, 0xF7, 0x05, 0x7F, 0x4E, 0x90, 0xE1, 0xD2, 0x37,
    0x88, 0xE3, 0x6B, 0x0E, 0x0D, 0x1F, 0x87, 0xED, 0x12, 0xE5, 0x99, 0xE5, 0xEE, 0x3B, 0xD7, 0x2A,
    0xEF, 0x97, 0xE2, 0x12, 0xFD, 0x3D, 0x8C, 0xA5, 0x37, 0x37, 0x96, 0x22, 0x2B, 0x61, 0x1A, 0xEC,
    0x33, 0xD6, 0xAB, 0xC2, 0x5F, 0x02, 0x30, 0x48, 0x6F, 0x05, 0x6D, 0x5B, 0x36, 0x1A, 0x39, 0x50,
    0x8C, 0x7F, 0xAC, 0x04, 0x51, 0xAD, 0x0B, 0xC7, 0xA4, 0x03, 0x74, 0xB5, 0xC8, 0x4A, 0xB9, 0x90,
    0xD2, 0xBE, 0x4D, 0xC0, 0x4D, 0xC0, 0xBF, 0x68, 0x31, 0x0F, 0xCD, 0x2C, 0x26, 0xD8, 0x6E, 0xBC,
    0x7E, 0x90, 0xC5, 0x5C, 0x9A, 0xD3, 0x64, 0x43, 0xAE, 0xCA, 0xB7, 0xB2, 0xAA, 0x50, 0x5E, 0xF7,
    0x70, 0xB6, 0x3E, 0x3D, 0x8A, 0x5C, 0x85, 0xC2, 0xD3, 0x4F, 0x9F, 0x17, 0x81, 0x45, 0xFE, 0x73,
    0x04, 0x8B, 0x2F, 0x20, 0x2E, 0x80, 0x0B, 0x7B, 0x85, 0xBC, 0x73, 0xA5, 0x85, 0x90, 0x51, 0xED,
    0x57, 0xBE, 0x48, 0x72, 0x80, 0x1D, 0xCA, 0x23, 0x6B, 0x64, 0xD6, 0x60, 0x5A, 0xBE, 0x1A, 0x55,
    0xC1, 0x97, 0x8B, 0xE8, 0xB5, 0x32, 0x7A, 0xAD, 0x08, 0x1F, 0xCB, 0x17, 0x71, 0x67, 0xC4, 0x9A,
    0x13, 0x91, 0x3B, 0xC4, 0xD2, 0x66, 0x11, 0x2A, 0xD4, 0xB2, 0xD8, 0x98, 0xD9, 0x9A, 0x46, 0xCD,
    0xBE, 0x2A, 0x40, 0x9A, 0x89, 0x0E, 0xF5, 0x7B, 0xB1, 0xD0, 0x53, 0x73, 0x52, 0x22, 0xFE, 0xE7,
    0xB7, 0x0B, 0x85, 0x7F, 0xDF, 0xE8, 0x36, 0xEC, 0x0A, 0x31, 0x2C, 0x56, 0x1A, 0xE5, 0x1A, 0xFB,
    0x6C, 0x21, 0x78, 0xB2, 0x67, 0x17, 0xE5, 0xE3, 0xF7, 0x57, 0xD6, 0xC3, 0xF6, 0x35, 0x02, 0xA7,
    0x7E, 0xA5, 0x30, 0xBB, 0x26, 0x07, 0xCF, 0xD3, 0xD4, 0x09, 0x26, 0x65, 0xE8, 0xAD, 0x22, 0xAE,
    0x71, 0x8A, 0x18, 0x2E, 0xB7, 0x57, 0x24, 0x48, 0xDE, 0x7B, 0xC2, 0x29, 0x19, 0xD0, 0xE9, 0x96,
    0xE2, 0x53, 0x5E, 0x4E, 0xEA, 0xA5, 0xCB, 0x2A, 0xB7, 0xA4, 0xA1, 0xED, 0x15, 0x9C, 0x1A, 0xFD,
    0x84, 0x70, 0x4A, 0x81, 0x0C, 0xE2, 0x6C, 0x11, 0x20, 0x0A, 0x42, 0xE3, 0x9C, 0x3C, 0x23, 0x8F,
    0xA5, 0xC7, 0x88, 0xA3, 0x46, 0x98, 0x18, 0x23, 0x99, 0x22, 0xED, 0x2A, 0x58, 0xF2, 0xF5, 0x4C,
    0xC8, 0x2D, 0x5B, 0x48, 0xD5, 0x84, 0x38, 0x08, 0x46, 0xE0, 0xB9, 0xB0, 0x58, 0x83, 0xAA, 0x10,
    0x5C, 0xE7, 0x0F, 0x77, 0xE8, 0x67, 0x5C, 0x9F, 0x89, 0x02, 0xA2, 0x7C, 0x6D, 0xDC, 0xF1, 0x36,
    0xC5, 0x21, 0x5F, 0x5D, 0xC0, 0x8E, 0xB6, 0x32, 0x8F, 0x11, 0x0A, 0x06, 0xEA, 0x1B, 0xCD, 0x15,
    0x2F, 0xE6, 0xF6, 0x3E, 0x69, 0x77, 0xE1, 0x0F, 0x6D, 0xD4, 0x04, 0x4A, 0x83, 0xB1, 0xE1, 0xF3,
    0x9F, 0x98, 0x6B, 0x63, 0x6F, 0x53, 0x79, 0xA0, 0x8C, 0xD8, 0x3B, 0x77, 0x02, 0x86, 0xEF, 0x2F,
    0x96, 0xA6, 0xDC, 0x05, 0x28, 0x78, 0x7B, 0xAB, 0x7A, 0xB6, 0x11, 0x56, 0xD5, 0x90, 0x20, 0xA2,
    0x49, 0xE0, 0xF2, 0x9E, 0x7D, 0x60, 0xC9, 0xB0, 0x0B, 0xC2, 0x1C, 0xF1, 0x08, 0xD6, 0xB3, 0xFE,
    0xA7, 0x00, 0xFB, 0x3E, 0x22, 0x10, 0x91, 0x38, 0x21, 0xF0, 0x31, 0x72, 0x02, 0x7E, 0x71, 0x60,
    0x69, 0x5E, 0x73, 0x97, 0x70, 0xB9, 0xF0, 0x4A, 0x5E, 0xB0, 0x72, 0xB0, 0x27, 0x04, 0x38, 0xC1,
    0xC2, 0x63, 0xD3, 0x2F, 0x4E, 0xE2, 0xF2, 0xAB, 0x42, 0xD6, 0x1D, 0x8B, 0x5F, 0x85, 0xED, 0x7C,
    0x2C, 0x78, 0x19, 0x7A, 0xF1, 0x3F, 0x06, 0x57, 0x81, 0x9F, 0x36, 0x83, 0xD7, 0x98, 0x9A, 0xA0,
    0xB5, 0x12, 0x55, 0xD1, 0x30, 0xCC, 0x85, 0x2C, 0x98, 0x60, 0x85, 0x00, 0xEF, 0x90, 0xDB, 0xBB,
    0xF5, 0x3F, 0xAF, 0x01, 0x63, 0x80, 0xC8, 0x4C, 0x83, 0xAB, 0x70, 0xD6, 0x40, 0x46, 0x21, 0x83,
    0x53, 0xCB, 0x64, 0x46, 0x4E, 0xED, 0x96, 0xB0, 0xAC, 0x48, 0x67, 0x7A, 0x8D, 0x4C, 0x61, 0xF3,
    0x48, 0x23, 0x58, 0x63, 0x73, 0x69, 0x80, 0xF2, 0x86, 0x0B, 0x83, 0xCB, 0x62, 0x5E, 0xAA, 0xF7,
    0x21, 0xD6, 0x05, 0xB3, 0x97, 0x24, 0xF8, 0x2A, 0x15, 0x58, 0xB6, 0x3B, 0xEC, 0x07, 0x28, 0x10,
    0xA1, 0xF2, 0xE3, 0xD4, 0xB9, 0xD7, 0xAF, 0x20, 0x2D, 0xB9, 0x6C, 0x1E, 0x0E, 0x8B, 0x87, 0x17,
    0x83, 0x6F, 0x31, 0xB3, 0x51, 0xB3, 0xA2, 0x12, 0xC4, 0x1D, 0xE5, 0x7E, 0x01, 0x03, 0x34, 0x0B,
    0xF5, 0x24, 0x28, 0xBF, 0x4B, 0x8F, 0x0D, 0xFF, 0x18, 0x31, 0x98, 0xE9, 0x45, 0x7A, 0x29, 0x86,
    0x4E, 0x8A, 0x3C, 0xE9, 0x3D, 0x0A, 0xF7, 0x08, 0x23, 0x84, 0x8C, 0xC1, 0x2C, 0x0D, 0x6C, 0x31,
    0x9A, 0xEC, 0x43, 0xB8, 0xF3, 0xE0, 0xF5, 0x2C, 0xC5, 0x6E, 0xAA, 0xC0, 0x05, 0x14, 0xB9, 0x80,
    0x62, 0x0D, 0xE1, 0x16, 0x37, 0x4E, 0x04, 0x0F, 0xE8, 0x03, 0xC2, 0xDD, 0xE8, 0x42, 0xFA, 0x03,
    0x63, 0xC3, 0x6B, 0x8C, 0xB3, 0x66, 0x60, 0x19, 0xBA, 0x66, 0x21, 0x4A, 0x70, 0x99, 0x2F, 0x42,
    0xB6, 0xDA, 0x96, 0xCC, 0xD9, 0xA2, 0xB9, 0x42, 0x5D, 0x8C, 0x30, 0xD7, 0xCA, 0x21, 0xE4, 0x3C,
    0x99, 0x05, 0x5E, 0xEF, 0xA3, 0x52, 0xC3, 0x12, 0x6B, 0x7E, 0xED, 0xD8, 0xEB, 0x96, 0xBD, 0x76,
    0x35, 0x67, 0x85, 0xE8, 0x92, 0xBD, 0x0A, 0xD7, 0x32, 0x90, 0x17, 0x96, 0x0E, 0xC3, 0xBE, 0xDE,
    0x50, 0x10, 0x3D, 0xEC, 0xD2, 0xC6, 0x80, 0x98, 0x27, 0x98, 0x40, 0xF7, 0xEF, 0x64, 0x82, 0xFA,
    0x54, 0xB9, 0x10, 0x05, 0x96, 0x08, 0x8C, 0x04, 0x0C, 0xED, 0x6A, 0x60, 0x17, 0x4A, 0x4E, 0x50,
    0xCF, 0xA5, 0x9D, 0xF5, 0x33, 0xC2, 0x81, 0x5B, 0x74, 0x1C, 0xB7, 0x38, 0x91, 0x2D, 0x2A, 0x98,
    0x35, 0xB1, 0x6A, 0x6B, 0xF2, 0xB3, 0x07, 0xE5, 0xDF, 0xE1, 0x9B, 0xC0, 0xBE, 0x8E, 0xDA, 0x7B,
    0xAD, 0xAC, 0xCC, 0xD4, 0xFD, 0x20, 0x4C, 0x7D, 0x03, 0x2B, 0xF3, 0xBE, 0x8D, 0xDF, 0x06, 0xD4,
    0xDE, 0xF7, 0x72, 0xED, 0xCB, 0x74, 0x5D, 0x2E, 0x04, 0x5A, 0x4C, 0x0A, 0x9F, 0xE4, 0xDA, 0x4F,
    0xA0, 0xC5, 0x1F, 0x43, 0x8A, 0x3A, 0x44, 0x1D, 0xAB, 0x39, 0x1E, 0x22, 0x4D, 0xBD, 0x1C, 0x3D,
    0x22, 0x14, 0xDE, 0x8E, 0xA1, 0x25, 0xAB, 0x58, 0xB4, 0x34, 0xCA, 0x4A, 0xC4, 0xB5, 0x2A, 0x10,
    0xFA, 0xDC, 0xA8, 0xB6, 0xFC, 0x49, 0xDA, 0xAF, 0xBB, 0xD1, 0xB4, 0xAD, 0x4A, 0x64, 0x9A, 0xED,
    0x24, 0xF8, 0xE9, 0x5F, 0x62, 0xA8, 0x60, 0xFE, 0x0B, 0x24, 0x13, 0x72, 0x44, 0x50, 0x41, 0xDE,
    0xE3, 0x3D, 0xD9, 0xB6, 0xE5, 0xAE, 0x60, 0xE5, 0xED, 0x81, 0xE8, 0xCA, 0x52, 0x9C, 0x7C, 0xAF,
    0xA8, 0x63, 0x13, 0x9C, 0xAE, 0x93, 0x34, 0x7E, 0xA5, 0xEE, 0x17, 0xD9, 0xD5, 0x4A, 0xA6, 0x84,
    0x5D, 0xF5, 0x2D, 0x87, 0x62, 0xCE, 0x60, 0x13, 0xE0, 0x6C, 0x5C, 0xFF, 0x9B, 0x8D, 0x9C, 0xFF,
    0x3F, 0x8D, 0x9E, 0x33, 0xB1, 0x2E, 0xEF, 0xF1, 0xBE, 0xA9, 0xD7, 0x90, 0x71, 0xD3, 0xDC, 0x1C,
    0xC7, 0x95, 0x05, 0x9B, 0x2C, 0x86, 0x5A, 0x7F, 0x77, 0xA8, 0xC5, 0x90, 0x3F, 0xAF, 0x79, 0xF5,
    0x5E, 0xA9, 0xBB, 0xD8, 0x55, 0xFF, 0x99, 0x9A, 0x59, 0xA9, 0xD0, 0xAB, 0x58, 0xB5, 0x79, 0xDC,
    0x2F, 0x19, 0xC3, 0x5D, 0x01, 0xE7, 0xC9, 0xF5, 0x32, 0xAE, 0xAE, 0x08, 0x9C, 0xEC, 0x4E, 0x7A,
    0x6C, 0xF2, 0xD8, 0x20, 0x7C, 0x7A, 0x5A, 0xF6, 0xA7, 0x6F, 0x8C, 0xA3, 0x2F, 0x4F, 0x2B, 0xEC,
    0x6A, 0x81, 0x5D, 0x8D, 0x98, 0x4D, 0xFF, 0x37, 0x25, 0xEC, 0xEE, 0x5F, 0xC2, 0xBA, 0x3B, 0x7F,
    0x8D, 0x5F, 0x79, 0x4F, 0x03, 0xB9, 0x06, 0x70, 0x45, 0x38, 0x8F, 0xF0, 0xD2, 0x37, 0x86, 0x82,
    0xDA, 0xD3, 0xED, 0x06, 0x4E, 0xF5, 0xCF, 0x65, 0x06, 0x89, 0xFB, 0x72, 0xBD, 0x65, 0xD6, 0xFC,
    0x47, 0x6A, 0xD9, 0xD9, 0x10, 0x38, 0x78, 0x2B, 0x7B, 0xB4, 0x9C, 0xE6, 0xDD, 0xE9, 0xB3, 0xAF,
    0x40, 0x44, 0x6D, 0x81, 0xED, 0x78, 0x7D, 0x3D, 0x53, 0x85, 0xD9, 0x25, 0x2B, 0xB8, 0x9A, 0xB8,
    0xB4, 0xE1, 0x79, 0xEE, 0xBC, 0x5F, 0x51, 0x93, 0x7A, 0xBF, 0x66, 0x8A, 0xCA, 0x61, 0x04, 0x4F,
    0xE8, 0x48, 0xFF, 0x72, 0xBC, 0x03, 0x68, 0xE6, 0x6B, 0xFC, 0x2E, 0xD4, 0x72, 0x9F, 0x28, 0x1F,
    0x68, 0x82, 0x86, 0x97, 0x8E, 0xD3, 0xD0, 0xBD, 0x80, 0x66, 0x35, 0xCE, 0xC8, 0xAB, 0x59, 0x1F,
    0x20, 0xD6, 0x4A, 0x1C, 0xA6, 0x6A, 0x63, 0x28, 0x7E, 0x68, 0x3F, 0x9D, 0x4E, 0x1D, 0x58, 0xF9,
    0x29, 0xB0, 0xA7, 0x77, 0x73, 0x7D, 0x83, 0x88, 0x83, 0xF9, 0x3C, 0x36, 0x02, 0x28, 0x82, 0x8D,
    0xE9, 0x0B, 0x47, 0x4C, 0x40, 0x32, 0x4F, 0x13, 0x5E, 0xFD, 0x45, 0xC3, 0x82, 0x14, 0xD9, 0x86,
    0x8E, 0x8F, 0x9C, 0xC4, 0x28, 0x28, 0xBA, 0x42, 0xD2, 0xB0, 0xD8, 0x22, 0xFC, 0x17, 0x7B, 0x5A,
    0x66, 0x65, 0x92, 0x26, 0xA7, 0xA7, 0x02, 0x76, 0xB5, 0x60, 0x60, 0xAA, 0xE9, 0xC8, 0x84, 0x15,
    0x08, 0x88, 0x45, 0xE7, 0x60, 0x6F, 0x0F, 0xD4, 0x84, 0xC1, 0x00, 0x80, 0xAA, 0x9C, 0xB6, 0x8A,
    0xC1, 0x57, 0x8C, 0xE3, 0x8C, 0x22, 0x6B, 0x15, 0xC7, 0x9B, 0x36, 0xFA, 0x02, 0x4F, 0x47, 0x79,
    0x00, 0xF6, 0x46, 0x98, 0xA0, 0xBF, 0xF1, 0x7C, 0xA9, 0x25, 0xB1, 0x11, 0x58, 0x49, 0xD8, 0xA0,
    0x81, 0x47, 0x01, 0x3E, 0xA8, 0x09, 0xFF, 0x85, 0x11, 0xCA, 0x35, 0x06, 0xBB, 0x44, 0xF5, 0x6D,
    0x69, 0xB5, 0x6C, 0x92, 0x76, 0xF5, 0x9B, 0xCC, 0xE0, 0x1B, 0x11, 0xF1, 0xB1, 0x2C, 0x19, 0xE9,
    0xDA, 0xC7, 0x06, 0x22, 0x02, 0x13, 0x11, 0xF2, 0x37, 0xCA, 0x78, 0x5A, 0x64, 0x29, 0xEC, 0xFC,
    0x14, 0x96, 0x3E, 0x7C, 0x5D, 0xF6, 0x0B, 0x6E, 0xB4, 0xDC, 0x07, 0x3E, 0xA8, 0x4B, 0xC4, 0x37,
    0x10, 0xD5, 0x8E, 0xB8, 0xCA, 0x29, 0x4E, 0x33, 0x19, 0xA8, 0xB0, 0x0B, 0x35, 0xC3, 0x4B, 0xD9,
    0xF3, 0xD7, 0x04, 0x14, 0xA5, 0x3B, 0xE1, 0x37, 0xE1, 0xC9, 0x8D, 0x42, 0x61, 0x9C, 0xC4, 0x6D,
    0xA2, 0xD3, 0x8D, 0xF0, 0x46, 0x1D, 0x09, 0xC2, 0x5B, 0x0B, 0x4B, 0x06, 0x2C, 0xB2, 0xA7, 0xFB,
    0xB9, 0x20, 0x9B, 0xB1, 0x37, 0x2D, 0xE3, 0xB6, 0xC4, 0x95, 0x69, 0xAC, 0x93, 0xA7, 0xCE, 0xC8,
    0xFD, 0x2E, 0xDB, 0xAC, 0xB0, 0x03, 0x9D, 0x18, 0xDE, 0xEC, 0xA3, 0x76, 0xC5, 0x96, 0x49, 0x68,
    0x09, 0xE0, 0x83, 0x7B, 0x13, 0xF3, 0x50, 0x7F, 0x87, 0x29, 0x9F, 0x42, 0x30, 0xE7, 0x6C, 0xD3,
    0x06, 0x25, 0x54, 0x93, 0xCC, 0x53, 0xF4, 0xB3, 0x8A, 0x2D, 0x14, 0xF3, 0x7C, 0x5E, 0xDC, 0x40,
    0x7F, 0x3A, 0x34, 0xAC, 0x99, 0x5B, 0x2C, 0x1B, 0x78, 0x7A, 0x83, 0xBC, 0x3E, 0x40, 0x47, 0xC8,
    0xE5, 0x45, 0xC8, 0x90, 0x67, 0xC6, 0xF9, 0xF9, 0x0D, 0xD1, 0xD9, 0xA9, 0xB8, 0x67, 0x02, 0xFA,
    0x9E, 0x83, 0xCF, 0x06, 0x30, 0xDD, 0x35, 0x47, 0x5B, 0x10, 0x8B, 0xFA, 0x45, 0x01, 0x6A, 0x9F,
    0xED, 0xE7, 0xF3, 0x58, 0x7A, 0xFB, 0x02, 0x5B, 0xF6, 0x73, 0x57, 0xEE, 0x1C, 0xFD, 0xCD, 0x1C,
    0xBA, 0x26, 0x72, 0xAF, 0x08, 0xD1, 0xEA, 0x33, 0x9A, 0xE5, 0xCB, 0xEA, 0x64, 0xE2, 0x4D, 0x05,
    0xC8, 0x47, 0x03, 0x7F, 0x28, 0xF7, 0xF0, 0x2B, 0x26, 0x84, 0x61, 0x4D, 0xA8, 0xF9, 0xDB, 0x0B,
    0x32, 0xD6, 0xE2, 0xD4, 0x22, 0x63, 0x0D, 0xDC, 0x6E, 0x23, 0x44, 0x72, 0x41, 0x80, 0x48, 0x2E,
    0x68, 0x35, 0x68, 0x19, 0x20, 0x68, 0x7A, 0x58, 0xA5, 0xAB, 0xA5, 0xE4, 0x28, 0x78, 0x33, 0x6D,
    0x15, 0xBD, 0xE2, 0x6E, 0x63, 0xB3, 0x1C, 0x6D, 0x7A, 0xD8, 0x6C, 0x8C, 0xCD, 0x2C, 0x41, 0x3C,
    0xAB, 0x54, 0xDD, 0x6E, 0x21, 0x0E, 0x9B, 0x36, 0x0C, 0x11, 0x76, 0xA9, 0x48, 0x51, 0xC0, 0xCC,
    0x2B, 0x75, 0x52, 0x7B, 0xCF, 0x0E, 0x84, 0x65, 0x72, 0x08, 0x5F, 0xBA, 0x09, 0x8C, 0xB8, 0x22,
    0xD6, 0x01, 0x35, 0x41, 0x11, 0x54, 0xF6, 0x29, 0xB3, 0x1C, 0x16, 0xAB, 0x62, 0x96, 0x05, 0x7C,
    0x9E, 0x8F, 0xF2, 0x15, 0x81, 0xE0, 0xF9, 0xA6, 0x23, 0x8B, 0xB9, 0xE2, 0x0B, 0xCF, 0x0E, 0x4E,
    0x1A, 0x6F, 0xF2, 0xBE, 0xDC, 0x7E, 0x03, 0x36, 0xDD, 0x9D, 0xA5, 0xF2, 0x18, 0xB1, 0xF2, 0xCB,
    0xFD, 0xA5, 0x18, 0xF3, 0x7A, 0x9C, 0x38, 0x65, 0xAA, 0x85, 0x6E, 0xB4, 0xAD, 0xC7, 0x81, 0x57,
    0xD4, 0x81, 0xE9, 0xEF, 0xC4, 0x6F, 0x37, 0x66, 0x27, 0x79, 0x7D, 0x7A, 0x7A, 0x92, 0x20, 0x21,
    0x26, 0x4C, 0x90, 0x8E, 0x58, 0x2F, 0xD6, 0x41, 0x3D, 0x4E, 0xC7, 0xD6, 0xE3, 0x80, 0x37, 0x0D,
    0xCA, 0x1D, 0x8C, 0xD6, 0x42, 0x88, 0xC6, 0x61, 0x3D, 0x0E, 0x02, 0xEE, 0xC0, 0x38, 0xC8, 0xD2,
    0x88, 0x2A, 0x41, 0xE0, 0x31, 0xCA, 0xDD, 0x06, 0x49, 0xE1, 0xA4, 0xE7, 0x36, 0xD9, 0xB9, 0x67,
    0x9A, 0x9E, 0x3B, 0x15, 0x05, 0xFC, 0x4F, 0x6A, 0x24, 0x81, 0xE1, 0xFE, 0x0B, 0xDE, 0xE2, 0x26,
    0x84, 0x36, 0xB2, 0x9B, 0xE1, 0x95, 0xCA, 0x9D, 0x9C, 0xB7, 0x72, 0xD9, 0x4B, 0x8F, 0x4D, 0x35,
    0x21, 0xF9, 0xE3, 0xB8, 0xD1, 0xEA, 0x4B, 0x2D, 0xBB, 0xC5, 0x88, 0xDC, 0x0B, 0x0A, 0xE6, 0xE1,
    0xC1, 0x03, 0x19, 0x37, 0xA8, 0x13, 0x70, 0x06, 0x2C, 0x7C, 0x1C, 0x1C, 0xA7, 0x99, 0x66, 0x0D,
    0xF1, 0x88, 0x78, 0x73, 0xC4, 0xDD, 0xE8, 0x71, 0x3B, 0x32, 0x55, 0x97, 0xF9, 0xBC, 0xE8, 0x78,
    0xCD, 0xFE, 0x38, 0xA8, 0x65, 0xF7, 0x57, 0xB7, 0xE5, 0x79, 0xE7, 0x41, 0x4D, 0x94, 0x43, 0xB8,
    0xD0, 0x49, 0x32, 0x13, 0x51, 0x96, 0x78, 0xC8, 0x71, 0x0C, 0xB8, 0xEF, 0x00, 0xB7, 0x1D, 0xE0,
    0xAE, 0x23, 0x10, 0x7B, 0xA7, 0x30, 0xD6, 0x27, 0xCE, 0x66, 0x2D, 0x52, 0xD1, 0x97, 0x69, 0x28,
    0x5F, 0xE1, 0xDE, 0x94, 0xE4, 0xA1, 0x9A, 0x53, 0x7A, 0x2A, 0xDC, 0xDB, 0xC1, 0x74, 0x37, 0xD7,
    0xCD, 0xA2, 0x2B, 0xB3, 0xC5, 0xB2, 0x0E, 0xA8, 0xD7, 0x00, 0x8D, 0x2D, 0x6E, 0xB1, 0xBD, 0x38,
    0xC1, 0x4F, 0x9A, 0x34, 0xAD, 0xAF, 0x66, 0x98, 0x26, 0x35, 0x36, 0xD7, 0x6D, 0xC1, 0x95, 0x76,
    0x3D, 0x78, 0x8D, 0x15, 0x31, 0x54, 0xA5, 0xDC, 0x44, 0x62, 0x5C, 0x38, 0xD5, 0x6D, 0xFA, 0x02,
    0x70, 0x51, 0xD9, 0x32, 0x88, 0x91, 0x02, 0xCC, 0x61, 0x5B, 0x72, 0x66, 0x75, 0x91, 0x14, 0x0D,
    0x90, 0x31, 0xC1, 0x37, 0x61, 0x9A, 0x81, 0x58, 0xA2, 0x0B, 0x18, 0x73, 0x10, 0xE5, 0x7C, 0x02,
    0xC2, 0x1E, 0x8A, 0x9B, 0xB9, 0xC2, 0x6F, 0x84, 0x3B, 0x9F, 0xA2, 0x16, 0xC8, 0xDD, 0xBA, 0x56,
    0x67, 0xDC, 0xF9, 0x35, 0xB4, 0x32, 0x94, 0xC1, 0x7B, 0x85, 0x4D, 0xC0, 0x8A, 0x50, 0xBB, 0x43,
    0x14, 0xCE, 0x42, 0x17, 0x02, 0xDA, 0xA9, 0x07, 0xD3, 0x3A, 0x7E, 0xD4, 0x06, 0x6D, 0x79, 0x42,
    0xD0, 0x7A, 0x81, 0x51, 0xFB, 0x96, 0xAE, 0x5E, 0x0E, 0x9F, 0xAD, 0x6D, 0x5C, 0x71, 0x42, 0x1D,
    0x71, 0x6C, 0x18, 0x20, 0x36, 0x35, 0xD9, 0xF8, 0x77, 0x23, 0x33, 0xC6, 0x1C, 0x47, 0xA6, 0x83,
    0xD0, 0x60, 0xD7, 0xAC, 0x22, 0x17, 0xBB, 0x65, 0x56, 0x51, 0x3F, 0xB1, 0x66, 0x56, 0x12, 0x0A,
    0xDC, 0x53, 0xB0, 0x57, 0xB1, 0xA1, 0xD0, 0x44, 0xA9, 0x5C, 0x82, 0x32, 0x7C, 0x84, 0xD1, 0xB3,
    0xF0, 0x99, 0x1C, 0x19, 0x8B, 0xE0, 0x55, 0xFA, 0xDB, 0xC1, 0xCF, 0xE8, 0x6F, 0xFB, 0x82, 0x84,
    0x7F, 0xD2, 0xB0, 0x0E, 0x10, 0x35, 0x1E, 0xD5, 0x62, 0xC5, 0x84, 0xBA, 0xF3, 0x6D, 0x0F, 0x85,
    0x2A, 0x35, 0x7D, 0xC7, 0xBF, 0xD0, 0xEA, 0xE0, 0x78, 0x51, 0xD1, 0x31, 0xE4, 0xE0, 0xB0, 0x16,
    0x52, 0xB3, 0xD7, 0xC9, 0x33, 0x68, 0x4E, 0x63, 0x2D, 0x29, 0xB2, 0xC0, 0xE2, 0x39, 0x21, 0x9A,
    0x96, 0x33, 0x08, 0x84, 0x3D, 0x91, 0x31, 0xA1, 0x3F, 0x03, 0x33, 0x13, 0x13, 0xE0, 0xC6, 0x79,
    0x46, 0xB3, 0xC3, 0x51, 0x83, 0x37, 0x1C, 0x59, 0xD2, 0xE8, 0x12, 0x4F, 0xFB, 0x2C, 0xE0, 0x46,
    0x1D, 0xC0, 0x2F, 0x1A, 0xE1, 0x12, 0x6F, 0x4A, 0x18, 0xA3, 0x35, 0x6E, 0xC1, 0x60, 0x3E, 0x45,
    0xDA, 0x00, 0x16, 0x45, 0xA3, 0x74, 0xD6, 0x19, 0x8F, 0x90, 0xFA, 0x80, 0xF2, 0x60, 0xA6, 0x3A,
    0xD5, 0x8C, 0x31, 0x72, 0xBE, 0x0A, 0xE3, 0x41, 0x0B, 0x1D, 0x7A, 0xDA, 0x9A, 0xB3, 0xA5, 0xB9,
    0x1C, 0x44, 0x85, 0xCF, 0x9D, 0x13, 0x09, 0xE3, 0x63, 0xE8, 0xEA, 0xAE, 0xED, 0x12, 0xC6, 0x48,
    0x39, 0xF3, 0xEB, 0x7D, 0x12, 0xAB, 0xF4, 0x39, 0x85, 0xD3, 0xF5, 0xD1, 0x05, 0xD5, 0xAF, 0xAA,
    0xBD, 0x0D, 0x77, 0x1D, 0x59, 0xF8, 0xB0, 0xC0, 0x73, 0x64, 0xBE, 0xA3, 0xE7, 0xEA, 0xE4, 0x79,
    0xF1, 0x9B, 0x9C, 0xBA, 0xCB, 0x18, 0x75, 0x79, 0xC1, 0xD6, 0x56, 0x3B, 0x03, 0x32, 0xB7, 0x43,
    0x1C, 0x36, 0xBF, 0xD0, 0x3D, 0x71, 0x07, 0xF4, 0x4E, 0x90, 0x38, 0x26, 0xFB, 0xEB, 0xA5, 0xCE,
    0xB4, 0xEC, 0x8B, 0x97, 0xA0, 0xCA, 0xB4, 0x12, 0x26, 0xD3, 0xA2, 0x29, 0xB5, 0xC3, 0xA2, 0x43,
    0x45, 0x14, 0x77, 0x50, 0x24, 0x89, 0x12, 0xC0, 0xE0, 0xE6, 0xCE, 0xE4, 0x5C, 0x85, 0xE8, 0xED,
    0xB1, 0x49, 0xBA, 0x67, 0x59, 0x5F, 0xA7, 0xF4, 0x97, 0x87, 0x07, 0xB3, 0x35, 0x69, 0xC5, 0x93,
    0x5A, 0x2C, 0xA3, 0xC9, 0x8E, 0x74, 0x4F, 0xB5, 0xF2, 0x46, 0x75, 0x6C, 0x20, 0x72, 0x30, 0xEA,
    0x74, 0x10, 0xC8, 0x68, 0x10, 0x8D, 0x79, 0x78, 0x3B, 0xCC, 0x63, 0xF5, 0xA8, 0x68, 0x64, 0x3A,
    0xFC, 0x7E, 0x8B, 0x63, 0x97, 0x99, 0xB0, 0x2E, 0x7D, 0x7B, 0x45, 0xB0, 0x5D, 0x12, 0xB9, 0x2B,
    0xB6, 0x11, 0x21, 0x45, 0x84, 0x87, 0xE3, 0xE7, 0xDE, 0x7E, 0x0E, 0x75, 0xEE, 0x87, 0x27, 0xBB,
    0xAA, 0xA2, 0x09, 0x64, 0x4F, 0xFE, 0xE9, 0x59, 0xCC, 0xE0, 0x81, 0x7F, 0x74, 0x78, 0x6F, 0xD9,
    0xF4, 0xA7, 0xD0, 0x79, 0x07, 0x54, 0x40, 0x61, 0xDB, 0x8D, 0x9B, 0xF0, 0xB4, 0x8B, 0x8B, 0x5F,
    0xDA, 0xCD, 0x4B, 0xBF, 0x6B, 0xD7, 0x5E, 0x20, 0x80, 0x2D, 0x02, 0x15, 0x07, 0x41, 0x1C, 0x4E,
    0x14, 0x81, 0x0E, 0x50, 0x04, 0x2A, 0x12, 0x72, 0x70, 0xFD, 0xE7, 0x0C, 0xDE, 0x65, 0xB3, 0x5A,
    0xCC, 0xCE, 0x6E, 0x04, 0xC8, 0x37, 0xF3, 0xB3, 0xDE, 0xE4, 0x3F, 0xE3, 0x11, 0xA3, 0x5B, 0xF5,
    0x10, 0xD6, 0x16, 0x5A, 0x38, 0xF4, 0x5B, 0x02, 0x8D, 0xD8, 0xBA, 0x35, 0x73, 0x1C, 0x02, 0x56,
    0xFC, 0xB4, 0xED, 0x75, 0xEC, 0x58, 0x38, 0xD9, 0x5B, 0x78, 0x75, 0xEC, 0xF3, 0xC2, 0x1B, 0xA2,
    0xC4, 0xA7, 0x0B, 0xD9, 0xA6, 0xD8, 0xEC, 0x0F, 0x5B, 0xAA, 0xAA, 0x2D, 0x19, 0x96, 0x5F, 0x16,
    0xBA, 0x67, 0xCF, 0xB7, 0x8D, 0xA0, 0xC0, 0x5E, 0x95, 0x71, 0xDF, 0x19, 0x1D, 0xF5, 0xCA, 0xE5,
    0x55, 0xF9, 0x55, 0xF2, 0x06, 0x34, 0xAD, 0xED, 0x0F, 0x12, 0xB5, 0xE5, 0xFE, 0x1A, 0x55, 0xB1,
    0x0F, 0x70, 0xB7, 0xFC, 0xD9, 0xCE, 0xAC, 0x1E, 0x5A, 0xEF, 0x65, 0xD3, 0xD1, 0xE6, 0xAC, 0x9B,
    0x39, 0x1A, 0xC4, 0xE3, 0xAF, 0x25, 0x17, 0x8F, 0x1C, 0x35, 0xF7, 0x6C, 0x8E, 0xEA, 0xA7, 0xFE,
    0x80, 0x49, 0xC3, 0x40, 0xEC, 0xEF, 0x85, 0x56, 0x79, 0x9B, 0xE3, 0x1B, 0x93, 0x87, 0x9D, 0x89,
    0xBC, 0x61, 0x71, 0x8B, 0xDD, 0x16, 0xF8, 0x05, 0x4F, 0x58, 0x03, 0x70, 0xAF, 0xD9, 0x5F, 0xF0,
    0x3F, 0x6F, 0x04, 0x80, 0x4A, 0xBB, 0x81, 0x62, 0xD5, 0xD5, 0x73, 0x22, 0xB5, 0x0F, 0x22, 0x9C,
    0xE7, 0xA5, 0xE6, 0x63, 0x7D, 0xC5, 0x2A, 0xBA, 0x51, 0xF3, 0xF5, 0xAF, 0xF2, 0x9B, 0x6F, 0xFC,
    0xD7, 0x4A, 0x75, 0xD1, 0x0B, 0x81, 0xB9, 0xCD, 0xAF, 0xF9, 0x54, 0xAF, 0xB4, 0x53, 0x5D, 0x42,
    0xC2, 0xEB, 0x16, 0x53, 0x5D, 0x20, 0x42, 0xD9, 0x12, 0xE1, 0x85, 0x36, 0x7A, 0xDD, 0xBE, 0xE9,
    0x44, 0xFB, 0xCD, 0x2C, 0xB4, 0xBD, 0xDA, 0x7E, 0xB3, 0xD9, 0xBE, 0xB3, 0xDB, 0xDA, 0x29, 0xE1,
    0xB9, 0x87, 0xAC, 0xDD, 0x72, 0xC7, 0x96, 0xDF, 0x10, 0xB2, 0xA7, 0x69, 0x22, 0x98, 0xC0, 0x37,
    0x20, 0x9F, 0x39, 0xF3, 0x91, 0xAB, 0x39, 0xDA, 0x5E, 0xB2, 0xFF, 0xA1, 0x06, 0x30, 0x8D, 0xB5,
    0xF2, 0x33, 0x61, 0x5D, 0xBA, 0x7C, 0x7D, 0x7E, 0xDC, 0xEE, 0xEA, 0x3D, 0xBF, 0x39, 0x91, 0x0E,
    0xB5, 0xD1, 0xCC, 0xC8, 0xCE, 0x52, 0x8B, 0xF8, 0x1A, 0x0B, 0x06, 0x32, 0xD8, 0x24, 0xA4, 0x91,
    0xBE, 0x08, 0x3E, 0xD6, 0xFE, 0x79, 0x2C, 0xF9, 0x85, 0x85, 0x25, 0xB3, 0x9B, 0xC9, 0x7E, 0xCD,
    0x5C, 0xA8, 0x7A, 0xF7, 0xC4, 0xB7, 0xA9, 0x9C, 0x5D, 0x28, 0x09, 0xC8, 0xA1, 0xB6, 0xC0, 0xF5,
    0x07, 0xF3, 0x29, 0xCC, 0x50, 0xE4, 0xBC, 0xA9, 0xE4, 0x0C, 0xBB, 0x49, 0x0E, 0x6A, 0x2A, 0x09,
    0x35, 0x72, 0xB2, 0xBB, 0xA9, 0xE4, 0x5B, 0xCC, 0xE3, 0x9C, 0xD4, 0xA6, 0x92, 0x46, 0x9B, 0x4A,
    0x18, 0x3B, 0x4B, 0x22, 0xAE, 0xA9, 0xF3, 0x94, 0xA6, 0x6F, 0xB4, 0x74, 0x13, 0xE5, 0xEA, 0xEA,
    0x38, 0xCE, 0x9B, 0x4A, 0x10, 0xC2, 0x1E, 0xCF, 0x9A, 0x4A, 0xFA, 0xF0, 0xEB, 0x9B, 0x03, 0x6C,
    0xA5, 0xB7, 0x0B, 0x88, 0xC4, 0x8B, 0x6C, 0xE0, 0x98, 0x3F, 0x14, 0x53, 0x2A, 0xB0, 0xC7, 0x24,
    0x02, 0x40, 0x43, 0x70, 0xD4, 0x19, 0x1B, 0x50, 0x67, 0x38, 0x18, 0xDE, 0xCA, 0xC0, 0x6B, 0x43,
    0xC2, 0x4C, 0xA7, 0xCE, 0xE3, 0xF6, 0x1A, 0xB3, 0x87, 0x41, 0x4C, 0xE4, 0xF5, 0x7C, 0x9E, 0xB8,
    0xDF, 0xCE, 0xE3, 0xEF, 0x85, 0x3F, 0x0D, 0x1A, 0xAA, 0x82, 0x25, 0x4B, 0xE7, 0x5A, 0xF1, 0x9A,
    0x67, 0x6B, 0x30, 0xBF, 0x7F, 0x0B, 0xC5, 0x46, 0x9F, 0xF6, 0xEC, 0x8D, 0x33, 0xFB, 0x1C, 0xA9,
    0xDB, 0x8D, 0x90, 0xEE, 0xCD, 0xDE, 0xA0, 0x13, 0xED, 0xC9, 0x1B, 0xE9, 0xBE, 0xEC, 0x0D, 0x9A,
    0xFA, 0x22, 0xB9, 0xB9, 0x4D, 0x43, 0xCC, 0x5E, 0xE2, 0xBA, 0xA6, 0xE1, 0x8D, 0x09, 0x7B, 0xE5,
    0x65, 0xBF, 0x87, 0x00, 0x93, 0x1B, 0xC5, 0x81, 0x9D, 0x06, 0xAC, 0xCC, 0x64, 0xCB, 0x5F, 0xF8,
    0xCA, 0x37, 0xE5, 0x6E, 0x4F, 0xFF, 0x08, 0x55, 0x7E, 0x7D, 0xB1, 0x85, 0xA7, 0x31, 0x69, 0xF8,
    0xB7, 0xD9, 0xE3, 0x01, 0x2B, 0x73, 0xF3, 0x3D, 0xDD, 0x7B, 0x6C, 0xFE, 0x9A, 0x77, 0x1A, 0xDC,
    0xBA, 0x5E, 0x66, 0x67, 0x56, 0x2F, 0x63, 0x8B, 0x66, 0x58, 0x2F, 0xD3, 0x69, 0xEB, 0x65, 0xB6,
    0x51, 0x2F, 0xF3, 0x47, 0xA8, 0x97, 0x89, 0xDA, 0x7A, 0x99, 0x37, 0x3E, 0x40, 0xCA, 0x40, 0x98,
    0x41, 0x56, 0x79, 0xF1, 0x43, 0xEA, 0x65, 0x5A, 0xD6, 0xA6, 0x3F, 0xB3, 0xA4, 0x60, 0x3A, 0xC3,
    0xB6, 0x1C, 0x1B, 0xAE, 0x9F, 0x39, 0xB0, 0x7A, 0xF5, 0xB7, 0x6A, 0x3C, 0xE8, 0x7E, 0xD8, 0x7A,
    0xB5, 0x8A, 0x18, 0x5E, 0x55, 0x04, 0x48, 0x62, 0xA2, 0x9B, 0xEB, 0xB7, 0x4E, 0xB3, 0xE5, 0xFB,
    0xD3, 0x6C, 0x8B, 0xA9, 0x36, 0xDB, 0x34, 0x3A, 0x5C, 0x1F, 0xCD, 0x9A, 0x07, 0x97, 0x67, 0xCD,
    0x83, 0x47, 0x0F, 0x6A, 0xB1, 0x0C, 0x01, 0x82, 0x0E, 0x65, 0xEB, 0xBB, 0x9A, 0x07, 0x0F, 0xE8,
    0xEC, 0x77, 0x76, 0x4F, 0x5A, 0x3E, 0x56, 0xFB, 0xE3, 0xB3, 0xC2, 0x7A, 0xA2, 0x26, 0x06, 0x6E,
    0xE1, 0x34, 0x4E, 0x3E, 0xE7, 0xB2, 0xE2, 0x40, 0x2E, 0x5B, 0xCC, 0x11, 0xDA, 0x89, 0xDE, 0x9C,
    0x4D, 0xB4, 0x5A, 0xE8, 0x05, 0x3D, 0xA0, 0xCB, 0x11, 0xDD, 0xAD, 0xEB, 0x53, 0xDB, 0xDD, 0xBA,
    0x36, 0x2B, 0x18, 0x67, 0x91, 0x6E, 0xD7, 0xD6, 0x4A, 0xE9, 0xE0, 0xA2, 0x5F, 0x16, 0xBD, 0xE7,
    0x35, 0x5A, 0xCF, 0xE7, 0xCD, 0x19, 0x85, 0x0B, 0x40, 0x16, 0xA8, 0xEC, 0x00, 0xB4, 0x8C, 0x05,
    0xC5, 0x98, 0xFE, 0xF8, 0xC3, 0xD7, 0xE2, 0x09, 0x0F, 0x78, 0xE2, 0x33, 0xFA, 0x28, 0x03, 0x65,
    0x36, 0x16, 0x51, 0x75, 0xBF, 0x0A, 0x53, 0x78, 0x47, 0x82, 0x0D, 0xE7, 0x05, 0xD6, 0xF9, 0x67,
    0x64, 0x75, 0x2B, 0x32, 0x39, 0xC4, 0x9E, 0x92, 0xE7, 0x6A, 0xCD, 0xEB, 0x46, 0x65, 0x30, 0x1D,
    0x38, 0xE2, 0x7F, 0xD4, 0x87, 0xA6, 0x65, 0x38, 0x35, 0xCB, 0x4F, 0xC9, 0x3B, 0x4E, 0x45, 0xE6,
    0x0B, 0x4B, 0xF2, 0xBE, 0xA7, 0x3E, 0x03, 0x96, 0xEB, 0x1A, 0x6D, 0x3D, 0x1D, 0x51, 0x69, 0x05,
    0xA2, 0x75, 0xD8, 0xA8, 0x98, 0x0E, 0x08, 0x1F, 0xBC, 0x97, 0x1B, 0xB5, 0xB2, 0xBF, 0xA8, 0xA9,
    0xBA, 0x63, 0xCD, 0x25, 0x98, 0xC9, 0x93, 0x37, 0xA6, 0x64, 0x26, 0x8F, 0xB5, 0xDA, 0x08, 0x08,
    0x82, 0xFF, 0x42, 0x0D, 0x48, 0xC1, 0x4F, 0x52, 0x8D, 0x8A, 0x14, 0x07, 0x5A, 0xA0, 0x64, 0x72,
    0x3E, 0x75, 0x74, 0x0C, 0xD5, 0x7C, 0xAC, 0x71, 0xFA, 0x17, 0x9D, 0x71, 0x9A, 0x5D, 0x94, 0xE9,
    0x99, 0xCC, 0x5A, 0x51, 0xEB, 0x12, 0xCF, 0x7C, 0xCB, 0xB6, 0xBC, 0xBD, 0x35, 0xC3, 0x2D, 0x9E,
    0x11, 0xA4, 0x9C, 0x95, 0x5E, 0x29, 0x68, 0xC8, 0x7D, 0xB3, 0xF1, 0xCA, 0xF0, 0xF9, 0xC2, 0x33,
    0x5D, 0xBF, 0x58, 0xF5, 0xCB, 0x7B, 0xCC, 0x66, 0x50, 0x70, 0x01, 0xAB, 0xE1, 0xD3, 0xB5, 0x8B,
    0x9A, 0xFC, 0xF0, 0x19, 0x32, 0xF9, 0x5A, 0xF8, 0x28, 0xEF, 0xDA, 0x89, 0xF4, 0xEE, 0x7D, 0x45,
    0xDF, 0x66, 0x9C, 0xB1, 0x10, 0xD4, 0x0C, 0xD6, 0x42, 0x2D, 0x08, 0x5D, 0xC5, 0xF5, 0x82, 0x57,
    0x6D, 0xB2, 0x1A, 0x25, 0x28, 0xBA, 0x41, 0xF1, 0x80, 0xD9, 0xE9, 0x08, 0x59, 0x86, 0x57, 0x4C,
    0x7C, 0x5D, 0x0C, 0x71, 0xBF, 0x95, 0xD9, 0x0B, 0xB3, 0x3E, 0xC8, 0x5D, 0x96, 0xCC, 0xA9, 0x76,
    0x15, 0xEE, 0x3B, 0xEA, 0x6C, 0x1A, 0x94, 0x5B, 0x98, 0xC3, 0x6C, 0x4E, 0xF8, 0x31, 0x1D, 0xCB,
    0x04, 0x8A, 0x44, 0x84, 0xA0, 0x01, 0x53, 0x1D, 0xB5, 0x75, 0xE0, 0x2D, 0xEB, 0x1F, 0x03, 0xCB,
    0x4D, 0xD9, 0x37, 0x5A, 0x6A, 0x78, 0xC0, 0xF6, 0x44, 0xB5, 0x32, 0xF1, 0x90, 0x61, 0x79, 0x97,
    0xFC, 0xAC, 0x07, 0xFF, 0x34, 0x63, 0x3D, 0xF7, 0x8D, 0x7E, 0x21, 0x8F, 0x60, 0x6C, 0x6A, 0x36,
    0x03, 0x6F, 0x36, 0x3C, 0x56, 0xB4, 0xF9, 0x13, 0x5A, 0xDA, 0x0D, 0x14, 0xB1, 0x66, 0x29, 0x4B,
    0x8C, 0xF3, 0xA0, 0x70, 0x66, 0x92, 0xD2, 0x21, 0xC8, 0x34, 0xEB, 0xF3, 0x22, 0xD6, 0x0B, 0x08,
    0xA6, 0xCB, 0x6B, 0x8C, 0x43, 0x2C, 0xBE, 0x3B, 0xD0, 0x88, 0xEA, 0x8A, 0x45, 0x39, 0x91, 0xBE,
    0x60, 0x7A, 0x58, 0x2E, 0x2D, 0x96, 0x39, 0xA0, 0x61, 0xFE, 0x06, 0x64, 0xC1, 0x29, 0x2F, 0x20,
    0x6E, 0x82, 0x20, 0x7D, 0x15, 0x50, 0x7D, 0xDD, 0xCB, 0xAD, 0x5E, 0xE2, 0x78, 0x9E, 0x23, 0x1D,
    0x8C, 0x67, 0xF5, 0x4C, 0x15, 0xD6, 0xB9, 0x3F, 0xC9, 0xDE, 0x4A, 0xAE, 0xB7, 0xC3, 0x05, 0x6F,
    0x59, 0x40, 0x9D, 0xCC, 0xF2, 0x52, 0x3C, 0x75, 0xC2, 0x65, 0x17, 0x05, 0x12, 0x64, 0x43, 0x58,
    0x61, 0x77, 0x6A, 0x66, 0xFA, 0xC3, 0xDA, 0xD9, 0xA5, 0x85, 0xF1, 0x21, 0xA3, 0x11, 0x99, 0x04,
    0x89, 0xB4, 0xA8, 0x76, 0xAF, 0xE5, 0xC2, 0xB6, 0x5E, 0xEA, 0x55, 0x0F, 0x3A, 0x22, 0x61, 0x0F,
    0x63, 0x6E, 0x48, 0xBC, 0xBC, 0x02, 0x32, 0xBC, 0xDA, 0x36, 0x30, 0x89, 0x73, 0x2B, 0xD3, 0x3A,
    0xDD, 0xE6, 0xAC, 0xE9, 0xD6, 0x03, 0x2C, 0xA3, 0x4E, 0x0B, 0x31, 0x70, 0xC6, 0x0D, 0xF4, 0x01,
    0xCB, 0xBB, 0xF2, 0xBD, 0x0C, 0x95, 0xBC, 0xC4, 0x8E, 0x7F, 0xB6, 0x55, 0x17, 0x87, 0xD9, 0x06,
    0x75, 0x82, 0x4A, 0xE3, 0xFC, 0x71, 0x8C, 0x25, 0x1B, 0x4E, 0x11, 0x71, 0xF8, 0xD1, 0x0F, 0xD9,
    0x64, 0xFA, 0xDF, 0x31, 0xFE, 0xF0, 0x4F, 0x30, 0xBE, 0x4A, 0xA8, 0xF5, 0xED, 0xAA, 0xB5, 0xBE,
    0x26, 0xF9, 0x53, 0xE6, 0x8D, 0x8F, 0x63, 0x75, 0x9D, 0x25, 0x06, 0xB1, 0x56, 0x20, 0x72, 0xBD,
    0xE5, 0x68, 0x56, 0x3D, 0xC5, 0x86, 0x53, 0x18, 0xC6, 0xDA, 0x36, 0x9C, 0xF6, 0xD9, 0x70, 0x2A,
    0x0B, 0x8E, 0x0B, 0x01, 0x15, 0xEF, 0x56, 0x88, 0x60, 0x15, 0xDE, 0x2F, 0xFE, 0xBD, 0x3C, 0xF8,
    0x47, 0x02, 0xA3, 0x83, 0x1F, 0x0A, 0xEF, 0x06, 0xAF, 0xB2, 0x00, 0x01, 0x6A, 0xF5, 0x79, 0xC4,
    0x86, 0xFF, 0x83, 0xF0, 0x5F, 0xFC, 0x20, 0x4C, 0xDF, 0x03, 0xC2, 0xA2, 0x6B, 0xDA, 0x4B, 0x14,
    0xA2, 0xBD, 0xD4, 0x47, 0x24, 0xC7, 0x19, 0xEF, 0xD9, 0xE2, 0xC6, 0x29, 0x9F, 0xE2, 0x16, 0x7F,
    0x49, 0x74, 0xEF, 0x63, 0x06, 0x58, 0xE2, 0x5E, 0x4A, 0xF1, 0x87, 0x6E, 0xF1, 0xD9, 0x5B, 0x6D,
    0x71, 0xB6, 0x6F, 0x8B, 0x23, 0x6E, 0x71, 0x38, 0xE0, 0x16, 0xDB, 0x18, 0x75, 0xC8, 0x9E, 0xEA,
    0x71, 0x6B, 0xDE, 0x48, 0xA2, 0x43, 0xC3, 0x33, 0x16, 0x32, 0x3B, 0x35, 0x1B, 0x31, 0xB8, 0xC3,
    0x9F, 0xC5, 0x0E, 0x2F, 0xC1, 0x98, 0x61, 0xAD, 0x2F, 0x23, 0xE4, 0xA7, 0x9B, 0xCB, 0xAA, 0x04,
    0xC4, 0x74, 0x4E, 0xF3, 0x5C, 0x91, 0x91, 0x0D, 0xA0, 0xAC, 0x69, 0xA5, 0x4A, 0x92, 0x63, 0x87,
    0xAF, 0x1B, 0xD6, 0x41, 0x88, 0x8E, 0xAE, 0xFC, 0x41, 0xF8, 0x9D, 0x49, 0xBA, 0xDA, 0x3D, 0x2E,
    0xDA, 0xBB, 0x5A, 0x16, 0x10, 0xC5, 0xBC, 0x3B, 0x39, 0xDB, 0x43, 0x48, 0x50, 0xB6, 0x92, 0xCB,
    0x2E, 0x97, 0xB9, 0xF8, 0x6D, 0x06, 0x43, 0x69, 0x4D, 0xD8, 0x7E, 0x17, 0x7D, 0x87, 0x39, 0xD8,
    0x74, 0x3C, 0x8B, 0x0D, 0x25, 0xD6, 0x86, 0xC2, 0x53, 0xED, 0x50, 0xFC, 0x7B, 0xED, 0x26, 0x56,
    0xE6, 0xD8, 0x34, 0xF5, 0xC7, 0x38, 0x42, 0x46, 0xB4, 0x1C, 0xC6, 0xD1, 0xEA, 0xB9, 0x22, 0xF8,
    0xDA, 0xF9, 0xB0, 0x78, 0xE8, 0x5E, 0x91, 0x51, 0xB9, 0x79, 0xF4, 0x08, 0xAA, 0xD0, 0xA0, 0x12,
    0xE3, 0x25, 0x46, 0x13, 0x70, 0x2F, 0xF4, 0x98, 0x6F, 0xC1, 0xEA, 0x74, 0x59, 0xF0, 0x05, 0xA0,
    0x47, 0xCC, 0x8F, 0xBC, 0x0E, 0xCA, 0xD4, 0x2E, 0xA2, 0x03, 0xA2, 0x6A, 0xBB, 0xA0, 0xE7, 0x5D,
    0x71, 0x6D, 0x13, 0x6D, 0xBD, 0xB7, 0x89, 0x36, 0xDC, 0xDD, 0x44, 0x9B, 0xEF, 0x6A, 0xA2, 0x5D,
    0x5F, 0xDF, 0xB0, 0x5D, 0x71, 0xF3, 0xE6, 0xB8, 0xCE, 0xAC, 0x91, 0x34, 0xD1, 0xAD, 0x99, 0x77,
    0xCF, 0xDA, 0xE6, 0x38, 0x77, 0x30, 0x6F, 0xA2, 0x3D, 0xA3, 0xD8, 0x59, 0x15, 0x66, 0xB4, 0x0B,
    0x34, 0xEF, 0xB9, 0xE4, 0x6D, 0x57, 0x5C, 0xC2, 0xB6, 0x98, 0x7A, 0x66, 0x80, 0x2B, 0xED, 0xD4,
    0x22, 0x0E, 0x1C, 0xE8, 0xF9, 0x01, 0x6C, 0x30, 0x09, 0x79, 0xEE, 0xC1, 0xA5, 0x27, 0xE7, 0xDD,
    0x1E, 0xB6, 0xE5, 0x83, 0xE6, 0x5B, 0x78, 0xF9, 0xDD, 0xB4, 0x6B, 0xEB, 0xC9, 0x68, 0x5F, 0x68,
    0x5C, 0x82, 0x99, 0xE7, 0x06, 0xED, 0x81, 0xDC, 0x11, 0x4B, 0x95, 0x34, 0x71, 0x97, 0x73, 0xCE,
    0xE3, 0x0D, 0xA5, 0x58, 0x13, 0x58, 0x92, 0x05, 0x96, 0x66, 0x87, 0x67, 0x44, 0x6B, 0xA9, 0xD6,
    0x92, 0xAD, 0xA5, 0x5B, 0x4B, 0xB8, 0x96, 0x72, 0x2D, 0xE9, 0x5A, 0xDA, 0xB5, 0xC4, 0x6B, 0xA9,
    0xD7, 0x92, 0xAF, 0xA5, 0x5F, 0xDB, 0x5D, 0x68, 0x29, 0xD8, 0xF6, 0x21, 0x2B, 0x0D, 0x4B, 0x25,
    0xCD, 0x14, 0x72, 0xDE, 0x39, 0x8B, 0x78, 0x6E, 0xCF, 0x43, 0xF5, 0x41, 0xD7, 0x43, 0xF9, 0xF3,
    0x08, 0x99, 0x78, 0xDB, 0x7C, 0x33, 0x68, 0x0F, 0x03, 0x09, 0x41, 0x1D, 0x31, 0xCC, 0x4C, 0x41,
    0x13, 0xF0, 0x91, 0x4A, 0xC8, 0xA6, 0x95, 0x46, 0xE9, 0x04, 0x0A, 0xBF, 0x9B, 0xCB, 0x53, 0xDD,
    0x71, 0xDB, 0x80, 0x8C, 0x6A, 0xB5, 0xE1, 0xFA, 0xD9, 0x61, 0x3A, 0x3F, 0x64, 0x48, 0xAE, 0x5C,
    0x27, 0x4F, 0xE9, 0x58, 0x38, 0x6C, 0x28, 0x2C, 0xD4, 0xAA, 0xE1, 0x9A, 0x2A, 0x1D, 0x88, 0xBE,
    0x90, 0x4D, 0xE1, 0x61, 0x43, 0x02, 0xCD, 0x9F, 0x50, 0xC7, 0x6A, 0xCB, 0x1E, 0x36, 0x34, 0x3F,
    0x64, 0x88, 0xBB, 0xA4, 0xF1, 0xF1, 0x2E, 0x38, 0x18, 0x5D, 0xA9, 0xC0, 0x81, 0x04, 0x5A, 0x6E,
    0xA3, 0xE7, 0x21, 0xE1, 0xB8, 0x23, 0x04, 0xFE, 0x36, 0xC6, 0x62, 0xC7, 0xFA, 0x38, 0x6C, 0x28,
    0x6F, 0x51, 0x44, 0x7B, 0x25, 0x65, 0x7D, 0x75, 0xE2, 0x30, 0x83, 0x91, 0xFE, 0xD2, 0xD3, 0xA8,
    0xEF, 0x90, 0xC7, 0x32, 0x18, 0xA7, 0x3F, 0xD4, 0x63, 0x3B, 0x06, 0x00, 0xC0, 0xE2, 0x38, 0x6B,
    0x03, 0x9F, 0x87, 0xFE, 0x2F, 0x50, 0xA3, 0x47, 0x54, 0xD2, 0xB5, 0x0D, 0x81, 0xB8, 0x8D, 0xB8,
    0x14, 0x61, 0xEE, 0xC8, 0xC7, 0xA3, 0x14, 0xB1, 0xAE, 0x98, 0x05, 0x5E, 0x08, 0xB8, 0x3A, 0xCD,
    0x9A, 0x1D, 0xFD, 0xD2, 0x69, 0xB6, 0xD0, 0x3B, 0xDB, 0x74, 0xB5, 0xF9, 0x68, 0xDE, 0x6C, 0x89,
    0x9C, 0x83, 0xA2, 0x53, 0x0B, 0xAA, 0x19, 0x1B, 0x7A, 0x93, 0xF8, 0x9C, 0x1D, 0x40, 0x08, 0xBF,
    0xFB, 0xC3, 0xAF, 0x5A, 0x06, 0xE9, 0xE9, 0xAE, 0xF7, 0x4B, 0x31, 0x58, 0xEF, 0xD6, 0xA1, 0x58,
    0xEC, 0x41, 0x24, 0xEE, 0xD1, 0x28, 0xCE, 0x13, 0xB4, 0xEA, 0xEE, 0x20, 0xA9, 0x31, 0x36, 0xA3,
    0x0C, 0xC9, 0x5B, 0x19, 0xDC, 0x41, 0xC7, 0x19, 0x79, 0x8D, 0x0C, 0xBE, 0x4C, 0x69, 0xC4, 0xFC,
    0x2A, 0x0A, 0x5D, 0x7B, 0xC8, 0x61, 0x65, 0x42, 0xBD, 0x21, 0x22, 0x1E, 0xF1, 0x07, 0x15, 0x2A,
    0x97, 0x58, 0x11, 0x77, 0x8F, 0x06, 0x98, 0xFA, 0x7F, 0x4C, 0xE7, 0x30, 0x28, 0xE3, 0x5A, 0xDE,
    0xDD, 0x4D, 0x9C, 0x7A, 0x35, 0xF1, 0xAA, 0xB5, 0x8E, 0x5F, 0xAE, 0xF5, 0x82, 0x72, 0xAB, 0x27,
    0x70, 0x48, 0x5E, 0xA3, 0x5E, 0xF0, 0xD7, 0x4D, 0xC7, 0x7B, 0xAB, 0x4E, 0xBC, 0x69, 0x11, 0xBE,
    0x39, 0xFD, 0xB7, 0x8E, 0x82, 0xC2, 0x74, 0x21, 0x40, 0x17, 0xED, 0x0F, 0xD0, 0xCD, 0xA1, 0xF5,
    0x6F, 0x1B, 0xA0, 0x7B, 0x00, 0xE6, 0xE7, 0x82, 0x20, 0x0C, 0x74, 0x69, 0xF7, 0x81, 0x6B, 0x35,
    0x54, 0x52, 0xCD, 0x4E, 0xEA, 0xC3, 0xF0, 0x8F, 0x31, 0x24, 0x45, 0x1B, 0xD5, 0x58, 0x08, 0xD0,
    0xF9, 0xBF, 0x71, 0x80, 0x4E, 0xCB, 0x4C, 0x59, 0x92, 0x79, 0xC5, 0x6A, 0x81, 0x53, 0xF6, 0xB5,
    0xAA, 0xE5, 0x94, 0x26, 0x6D, 0x9B, 0xC4, 0x9F, 0xD0, 0x26, 0x71, 0x17, 0xE1, 0x6E, 0xA7, 0xD8,
    0xB6, 0x19, 0xA2, 0x59, 0x66, 0xF2, 0x00, 0x5F, 0x2D, 0x9A, 0xB5, 0x4D, 0xDC, 0xF2, 0x2C, 0xB3,
    0xDD, 0x4D, 0xE2, 0x5A, 0x28, 0xE9, 0x95, 0x6D, 0xD9, 0xDD, 0x7C, 0x60, 0x3F, 0x38, 0x5A, 0x43,
    0x7E, 0x17, 0x7D, 0x12, 0xB3, 0x0B, 0xFB, 0x24, 0xDE, 0xCB, 0x51, 0xD2, 0x61, 0x4B, 0x71, 0x5A,
    0x30, 0xEE, 0xEF, 0x0A, 0x77, 0x9D, 0x58, 0x0C, 0x6D, 0x1C, 0xD6, 0x60, 0x8D, 0xCC, 0xAC, 0x3F,
    0x3D, 0x3D, 0x1D, 0x6D, 0xDC, 0x34, 0x1B, 0xD7, 0xC5, 0xA2, 0xC1, 0x67, 0x91, 0x37, 0xD2, 0xDF,
    0x12, 0x26, 0x43, 0xA4, 0x06, 0x31, 0x9E, 0x11, 0x5C, 0xCF, 0x1E, 0x7C, 0x8C, 0x0E, 0x00, 0x65,
    0xB2, 0xDD, 0xD6, 0x9D, 0x2F, 0x10, 0x2B, 0x3D, 0x98, 0x58, 0x9F, 0x87, 0xA4, 0x90, 0x4E, 0xFD,
    0xDC, 0x2B, 0x37, 0x04, 0x92, 0x40, 0xCA, 0x44, 0xC3, 0xD5, 0x82, 0x66, 0xC5, 0x21, 0x71, 0x2B,
    0xBF, 0x84, 0x0E, 0xF4, 0x11, 0x36, 0x11, 0x2D, 0x77, 0x42, 0xB4, 0xB5, 0x3C, 0xBB, 0x6E, 0x8C,
    0xF3, 0x4E, 0x65, 0x9C, 0x0F, 0x72, 0x45, 0xC3, 0x36, 0x45, 0xCF, 0x92, 0xDE, 0x7A, 0xA1, 0xD6,
    0x14, 0x59, 0x64, 0x34, 0x19, 0xDD, 0xF6, 0x22, 0xC0, 0xEE, 0x3C, 0x2C, 0x70, 0xC1, 0xD1, 0xFD,
    0x58, 0x8B, 0x08, 0x16, 0x16, 0x71, 0x79, 0xDF, 0x22, 0xFA, 0xA2, 0xD3, 0x3F, 0x27, 0x10, 0xE8,
    0xA0, 0x45, 0x7C, 0x64, 0x1B, 0x3E, 0xC3, 0x6D, 0xB6, 0x0D, 0xFF, 0x67, 0xF3, 0x16, 0x80, 0xC5,
    0x36, 0xFC, 0xF0, 0xE0, 0x36, 0xFC, 0x80, 0xBA, 0xEB, 0xE4, 0x41, 0x6D, 0xF8, 0x43, 0xB6, 0xE1,
    0x2B, 0x28, 0xEF, 0x2F, 0x04, 0x43, 0x19, 0xE7, 0xD0, 0x70, 0xA6, 0x1D, 0xEF, 0x43, 0x6C, 0x5B,
    0x28, 0xD6, 0x37, 0x6B, 0xA8, 0x5C, 0x80, 0x71, 0x7A, 0x05, 0x58, 0xFC, 0x47, 0xC0, 0x58, 0x6F,
    0x6B, 0x61, 0xA6, 0x8D, 0x02, 0x10, 0x32, 0xFA, 0xF8, 0x67, 0x08, 0xE7, 0x64, 0x05, 0x4F, 0x6F,
    0x22, 0xE4, 0x65, 0x61, 0x66, 0x8A, 0xA0, 0xC1, 0x01, 0x3E, 0xA3, 0xD9, 0xAD, 0x57, 0x66, 0xC8,
    0x7C, 0xBB, 0x4D, 0x69, 0x9D, 0x2D, 0x15, 0x94, 0xCB, 0x9E, 0x8C, 0xC5, 0x0E, 0x25, 0x67, 0x6F,
    0xF6, 0x84, 0x30, 0x2B, 0x7E, 0xB5, 0x22, 0x3A, 0xF6, 0x42, 0x50, 0xA2, 0x81, 0x7A, 0x3B, 0x2C,
    0x96, 0x2D, 0x00, 0x5A, 0xC0, 0x41, 0xF2, 0x18, 0x8D, 0x1A, 0xDA, 0x0E, 0xF0, 0xD9, 0x45, 0xBD,
    0xA6, 0x48, 0x01, 0x50, 0xAC, 0x5B, 0x6B, 0xC3, 0x85, 0x0B, 0x47, 0xD1, 0xF0, 0x9C, 0x3A, 0x6A,
    0xD8, 0xAE, 0x69, 0xCF, 0xC1, 0x39, 0x77, 0x93, 0x07, 0x35, 0x2D, 0xF4, 0x7E, 0x5B, 0x1C, 0xE4,
    0x1F, 0x04, 0x80, 0xBC, 0x99, 0x10, 0x02, 0xDF, 0x88, 0xCC, 0x3E, 0xF7, 0x66, 0xBD, 0x66, 0x8E,
    0x07, 0x45, 0xBD, 0x85, 0xDA, 0xC6, 0xAA, 0x8B, 0x2A, 0x0A, 0x74, 0x49, 0x6B, 0x6A, 0x37, 0x26,
    0x67, 0x33, 0x4E, 0x65, 0x4B, 0xAB, 0xD8, 0xA3, 0x8E, 0xA6, 0x66, 0x2D, 0x04, 0x02, 0x54, 0x34,
    0xFF, 0x4A, 0x1E, 0xD8, 0x75, 0x7E, 0x08, 0xA0, 0x73, 0x0E, 0xD6, 0x3E, 0x6A, 0xAC, 0xB0, 0xEB,
    0xD3, 0xF4, 0x44, 0x82, 0x60, 0x41, 0xDE, 0x29, 0xE7, 0x44, 0x47, 0x16, 0x4D, 0xCA, 0x5F, 0xA1,
    0x60, 0x34, 0x49, 0xF5, 0x68, 0x05, 0xC5, 0x05, 0xB6, 0x16, 0xBC, 0x6C, 0x6B, 0xC1, 0x17, 0xFE,
    0x46, 0x04, 0x44, 0x4A, 0x46, 0x24, 0x45, 0x9B, 0xCF, 0x4F, 0x61, 0x89, 0x26, 0x3B, 0x8C, 0x84,
    0xA9, 0xFF, 0xD6, 0x5B, 0x38, 0x08, 0x6F, 0xF1, 0xCC, 0x02, 0x8E, 0x9A, 0xEB, 0xEB, 0xAB, 0x0F,
    0x1F, 0x73, 0x0C, 0x16, 0x26, 0xEB, 0x2F, 0xE8, 0xA8, 0x43, 0xF2, 0x3E, 0x40, 0x88, 0x8D, 0xD2,
    0xCC, 0x8E, 0x25, 0x99, 0x81, 0x44, 0x44, 0x5A, 0x08, 0x80, 0xA2, 0x94, 0xE0, 0x25, 0x43, 0xF1,
    0xCF, 0x4F, 0x0E, 0xE8, 0x9A, 0x0F, 0x5F, 0x26, 0x92, 0x67, 0xED, 0xD7, 0x8C, 0x1C, 0x47, 0x66,
    0xCC, 0xBC, 0xD2, 0x3A, 0x22, 0xF7, 0x37, 0x2A, 0xFA, 0x1F, 0x79, 0x78, 0x03, 0x4F, 0x63, 0x79,
    0x81, 0x87, 0x37, 0x54, 0x68, 0x6C, 0x3C, 0x8D, 0x38, 0x4A, 0xFC, 0x4D, 0x24, 0x39, 0xA3, 0x1F,
    0xBD, 0xBC, 0xC3, 0x2C, 0xF4, 0x98, 0xD5, 0x4E, 0xE4, 0xF7, 0x94, 0x87, 0x49, 0xE9, 0xA1, 0x3E,
    0x24, 0xC4, 0x11, 0x46, 0x71, 0xFF, 0xE0, 0xE0, 0xC3, 0x1B, 0x0E, 0x6C, 0x7C, 0xFA, 0xAB, 0x67,
    0xEA, 0xE0, 0xEA, 0xD5, 0x2A, 0xB8, 0xFA, 0x6C, 0xE9, 0xBF, 0xF5, 0x92, 0x36, 0x3E, 0x45, 0x98,
    0x8C, 0x70, 0xEF, 0x11, 0x99, 0xC8, 0x3D, 0xF3, 0xC6, 0x27, 0x7B, 0x1E, 0xA7, 0x52, 0x79, 0xF1,
    0x11, 0x07, 0x1C, 0xD1, 0xA8, 0xE3, 0x35, 0xFA, 0xCA, 0x93, 0x27, 0x47, 0x94, 0x0E, 0xE5, 0xFE,
    0x4E, 0x3B, 0xEA, 0xDF, 0x2D, 0xEE, 0x69, 0xD7, 0xCC, 0x9A, 0xC8, 0x15, 0xCF, 0xB9, 0xFC, 0xAB,
    0xBE, 0x48, 0xDF, 0x9E, 0x66, 0xB9, 0xD0, 0xE1, 0xD1, 0x5D, 0x68, 0x7B, 0x98, 0xC5, 0x93, 0x37,
    0x72, 0xAF, 0x6D, 0x89, 0xFC, 0xFB, 0x7D, 0x2D, 0x91, 0xE5, 0xFE, 0x96, 0xC8, 0x70, 0xA1, 0x25,
    0x52, 0x63, 0x14, 0x8C, 0x91, 0x0C, 0x91, 0x1F, 0x4E, 0x60, 0xE8, 0x68, 0x31, 0x6D, 0x11, 0x86,
    0xEC, 0x95, 0x5F, 0xAF, 0x02, 0xBB, 0x57, 0x5D, 0x51, 0x6A, 0x51, 0x21, 0x08, 0x4B, 0xD4, 0x45,
    0x2F, 0x33, 0x7F, 0x3E, 0x80, 0xCE, 0x00, 0x51, 0x26, 0x8F, 0xCF, 0x59, 0x74, 0xBC, 0xC0, 0xAE,
    0x3B, 0x0B, 0x01, 0x88, 0x84, 0xD9, 0x36, 0xB9, 0xCF, 0x65, 0xE2, 0xCC, 0x72, 0xB6, 0x43, 0x4C,
    0xAF, 0x76, 0xB2, 0x54, 0x55, 0x16, 0x62, 0x7B, 0x27, 0x11, 0x2D, 0x5B, 0x41, 0xBC, 0x7B, 0x13,
    0xF9, 0xCE, 0x24, 0x93, 0x2D, 0x88, 0x08, 0xB5, 0x77, 0xCE, 0xB4, 0xF7, 0xEE, 0xCD, 0xEE, 0x9C,
    0xA4, 0x0F, 0x22, 0x91, 0xD8, 0x98, 0xD6, 0x28, 0xDF, 0x9D, 0xD5, 0xF0, 0x80, 0x15, 0x63, 0xA3,
    0x77, 0x5A, 0xB1, 0x77, 0x62, 0x9F, 0x7A, 0xD7, 0xC8, 0xCB, 0x27, 0xB7, 0x62, 0x8F, 0xB5, 0x7C,
    0xA3, 0x59, 0xB8, 0x6D, 0x4F, 0xD9, 0x59, 0x61, 0x0B, 0xC0, 0x17, 0xCF, 0xA5, 0x68, 0xCF, 0xA2,
    0x08, 0x17, 0x53, 0x0E, 0x7B, 0x8E, 0xA6, 0xED, 0x2C, 0x44, 0xB1, 0x2D, 0xB7, 0xB9, 0x5A, 0x7A,
    0xDD, 0x2A, 0x19, 0x01, 0x95, 0x47, 0x5B, 0x94, 0x63, 0x03, 0x7C, 0xED, 0xF9, 0x73, 0x3C, 0x3C,
    0x4B, 0xA1, 0xCF, 0xC5, 0x5D, 0x29, 0xB3, 0xDF, 0xEB, 0x23, 0xEE, 0xE6, 0x5F, 0x4B, 0x5A, 0x29,
    0x61, 0x7A, 0xB6, 0xF5, 0x23, 0x7B, 0x69, 0x57, 0x46, 0x76, 0xCF, 0xD7, 0x5D, 0xEF, 0xCD, 0x17,
    0x5B, 0xF4, 0x61, 0xE1, 0xC7, 0xE3, 0x54, 0x5A, 0x2B, 0x1C, 0x19, 0xA4, 0x79, 0x9A, 0xB1, 0xA9,
    0xB7, 0xAF, 0xB7, 0x47, 0x3A, 0xA3, 0xC0, 0xA6, 0xD2, 0x0A, 0x5A, 0x9E, 0x2E, 0x3B, 0x32, 0xEA,
    0x88, 0xEE, 0x51, 0x5D, 0xAA, 0xBD, 0x64, 0xBC, 0x7F, 0x8C, 0x51, 0xD8, 0x64, 0xEF, 0xA1, 0x3A,
    0x3C, 0x2B, 0x93, 0x67, 0x4E, 0x80, 0x99, 0xC0, 0x62, 0x53, 0x46, 0xBD, 0x62, 0x3E, 0x64, 0x21,
    0x08, 0x19, 0x30, 0x08, 0x09, 0x47, 0xF3, 0x3C, 0xFC, 0x4C, 0x24, 0x2E, 0xAE, 0x32, 0x39, 0x82,
    0xF4, 0xC0, 0xEB, 0x19, 0x9A, 0xA8, 0x82, 0xAA, 0x3D, 0x12, 0xD8, 0xB5, 0x8D, 0xDA, 0x6B, 0x18,
    0xB6, 0xF0, 0xCF, 0xEE, 0xEE, 0xAA, 0xC8, 0xC3, 0xAC, 0xDC, 0xD6, 0xDE, 0xAB, 0xDD, 0xC7, 0x4A,
    0xD0, 0xC3, 0x85, 0x91, 0xBA, 0x71, 0x6E, 0x48, 0x47, 0x42, 0x0F, 0x3C, 0xCF, 0x23, 0x8D, 0x82,
    0xA8, 0xA7, 0xAC, 0xF8, 0x34, 0xD0, 0xCB, 0xBD, 0x2A, 0x7F, 0x0F, 0xEA, 0x65, 0x49, 0x45, 0x72,
    0x59, 0xED, 0xF1, 0x79, 0xBD, 0xD4, 0xBA, 0xEC, 0xD2, 0xD5, 0xE6, 0x20, 0x9D, 0x4A, 0xBE, 0x70,
    0xAC, 0xE5, 0xD1, 0x13, 0x14, 0xC1, 0x7F, 0xDD, 0x65, 0x15, 0x7D, 0x56, 0x3B, 0xD9, 0x10, 0xB5,
    0xBB, 0x5E, 0x5B, 0x44, 0x6A, 0x7D, 0x88, 0xE3, 0xBB, 0x4E, 0x42, 0x55, 0xD6, 0xB2, 0x69, 0x64,
    0x2D, 0x89, 0x62, 0xD0, 0xF9, 0x14, 0x3A, 0xB7, 0xD8, 0xB7, 0x55, 0x83, 0x1B, 0x44, 0xCF, 0xCB,
    0x33, 0xDB, 0xD3, 0x03, 0xFC, 0xB4, 0x3D, 0x3D, 0xE0, 0x08, 0xB6, 0x6C, 0x09, 0x3B, 0x86, 0xC9,
    0x7E, 0x65, 0x5B, 0x86, 0x0F, 0x2A, 0x33, 0x3A, 0x8A, 0x70, 0x68, 0xDD, 0xB1, 0xC7, 0x63, 0x31,
    0xE1, 0x41, 0x01, 0x63, 0x11, 0x50, 0xA8, 0xC7, 0x39, 0x6B, 0xB6, 0xFA, 0x93, 0x0B, 0x91, 0x15,
    0xBF, 0x65, 0x88, 0xAC, 0xB7, 0x18, 0x22, 0x53, 0x5C, 0x6F, 0x39, 0x4B, 0xB3, 0x00, 0x76, 0xA3,
    0xCF, 0xF0, 0x71, 0xF6, 0x9C, 0x19, 0x9E, 0x32, 0x82, 0xAC, 0xCC, 0xD9, 0x81, 0x76, 0x7C, 0xE4,
    0xDA, 0x48, 0x27, 0xD6, 0x70, 0xB4, 0xD8, 0xE5, 0x3F, 0x6B, 0xF0, 0x27, 0x0C, 0xEC, 0x68, 0xF9,
    0x99, 0x77, 0x63, 0x7D, 0x64, 0x43, 0x68, 0xBB, 0x81, 0x91, 0x1E, 0xDA, 0x96, 0xF2, 0x50, 0xA3,
    0x79, 0xB5, 0xAD, 0x2C, 0xEF, 0x1E, 0x2C, 0x73, 0x55, 0xCB, 0xD0, 0x80, 0x77, 0xBF, 0x83, 0x60,
    0x05, 0x9F, 0x79, 0xF7, 0x22, 0x8B, 0xBD, 0x03, 0x23, 0x8B, 0x56, 0x8F, 0x55, 0x8B, 0x50, 0xDA,
    0x9E, 0xB7, 0x15, 0xEE, 0x3A, 0x62, 0x79, 0x73, 0x4F, 0x64, 0xB1, 0xB7, 0x18, 0x59, 0x5C, 0x0C,
    0x2A, 0x36, 0x1A, 0x36, 0x9B, 0x93, 0xC5, 0x06, 0x15, 0xE7, 0x91, 0x45, 0xEF, 0x83, 0xBC, 0x6B,
    0x6B, 0x44, 0xE6, 0x2C, 0xB5, 0xD2, 0x32, 0xB5, 0x63, 0xA5, 0xF4, 0x6E, 0xA0, 0x66, 0x9E, 0x10,
    0x6E, 0x54, 0xCD, 0x8E, 0xE7, 0xF2, 0x45, 0xDF, 0xCF, 0x52, 0x47, 0xDD, 0x7B, 0x8F, 0x8A, 0x5C,
    0x08, 0x00, 0xD0, 0x0C, 0xCC, 0x0C, 0x12, 0x80, 0x02, 0xE0, 0x0B, 0x2C, 0x1D, 0x70, 0x19, 0x68,
    0xD9, 0x9F, 0x7E, 0xB7, 0x54, 0xAC, 0xBC, 0x60, 0x59, 0x71, 0x08, 0x90, 0x3F, 0x1D, 0xF1, 0xEC,
    0x53, 0x58, 0xB6, 0x23, 0x56, 0xBA, 0x97, 0x6C, 0x0E, 0x26, 0x63, 0xAF, 0x45, 0xCD, 0xA6, 0x57,
    0x1F, 0xC5, 0x1B, 0x53, 0xED, 0xFA, 0xC4, 0x59, 0x93, 0xA7, 0x70, 0x62, 0x88, 0xF0, 0xF2, 0x1F,
    0x21, 0x0C, 0x25, 0x72, 0xFD, 0x97, 0x60, 0x95, 0x28, 0x75, 0xFE, 0x96, 0xD7, 0xDC, 0xBB, 0x5A,
    0xE1, 0xAC, 0xC9, 0xDC, 0xFF, 0x72, 0xA9, 0x67, 0x4D, 0xE2, 0xD1, 0x4B, 0x84, 0x13, 0x34, 0x0D,
    0xCB, 0x3C, 0x63, 0x32, 0x28, 0xB7, 0xA1, 0xD2, 0x2E, 0xF8, 0x7F, 0xC5, 0x66, 0xCE, 0x0B, 0xFE,
    0xDF, 0xB2, 0x91, 0x64, 0xDB, 0x7B, 0x8B, 0xBE, 0x2A, 0xCE, 0x9A, 0x5C, 0x63, 0x23, 0xE0, 0x18,
    0xEC, 0xE4, 0x54, 0x3C, 0x9A, 0xC7, 0x1C, 0x1B, 0xBA, 0x3C, 0x46, 0x28, 0x9B, 0xDA, 0xB3, 0x26,
    0x17, 0x93, 0x7A, 0x6E, 0xB9, 0xFB, 0xEC, 0x2D, 0x5B, 0xD3, 0xD1, 0x16, 0x75, 0xD0, 0x70, 0x03,
    0xB3, 0xC6, 0x68, 0x02, 0xD0, 0x9A, 0x1D, 0x7B, 0x32, 0xC9, 0x94, 0xEB, 0x13, 0xE3, 0x1F, 0xC8,
    0x3E, 0xB9, 0x6F, 0xA4, 0x38, 0x99, 0xC4, 0xFB, 0x36, 0x4F, 0x26, 0xF1, 0xC3, 0x1C, 0x27, 0x93,
    0x04, 0xE1, 0xCB, 0xD5, 0x08, 0x2D, 0x4C, 0x57, 0xD1, 0x52, 0xB4, 0x14, 0xBC, 0x8A, 0x93, 0x49,
    0x96, 0xFD, 0x7F, 0x10, 0x8D, 0xFA, 0x95, 0x6D, 0x1F, 0x4D, 0x65, 0x1F, 0x54, 0x5E, 0x23, 0xC2,
    0x3F, 0x45, 0xF3, 0xFF, 0xB4, 0xEC, 0x60, 0x16, 0xFD, 0x5D, 0x7E, 0xE1, 0xEE, 0x38, 0x8C, 0xD5,
    0xA1, 0x57, 0x66, 0xE5, 0xAD, 0xBF, 0x13, 0x48, 0x74, 0xC6, 0x61, 0x0C, 0x2E, 0xA0, 0x62, 0x5A,
    0x22, 0x38, 0x21, 0xB1, 0xFE, 0xCB, 0x62, 0xD5, 0x94, 0x3D, 0xC2, 0x3A, 0x9F, 0xD7, 0x62, 0xBF,
    0xCD, 0x18, 0xD6, 0x1B, 0xB4, 0x3C, 0xDF, 0xD2, 0x23, 0xAC, 0x79, 0xEC, 0xA9, 0xBF, 0x78, 0x84,
    0x75, 0xCD, 0x6D, 0xAA, 0x79, 0x90, 0x38, 0xE6, 0x4B, 0x7B, 0xA2, 0x51, 0xEB, 0x13, 0xEB, 0x4F,
    0x0C, 0xDA, 0x23, 0xAC, 0x2F, 0xD3, 0x0A, 0xEB, 0x91, 0xEF, 0xD5, 0xBE, 0x23, 0xAC, 0x49, 0x90,
    0x2F, 0xC9, 0x62, 0xF6, 0x1D, 0x92, 0x03, 0x44, 0xFA, 0xB0, 0x78, 0xBB, 0x0D, 0x10, 0x92, 0x6F,
    0x5D, 0x87, 0x38, 0xC5, 0xFF, 0xA7, 0x10, 0x14, 0x99, 0xBC, 0x76, 0x84, 0x2C, 0xA8, 0x36, 0xEE,
    0xA1, 0x45, 0x46, 0x76, 0xB3, 0x67, 0xDE, 0x36, 0x1D, 0x77, 0xC3, 0x24, 0x7F, 0x11, 0x7F, 0x2F,
    0x68, 0x82, 0xEB, 0x10, 0x1D, 0x9E, 0xD6, 0xC1, 0xBA, 0x55, 0xA7, 0x5E, 0x3D, 0xB8, 0x66, 0xEA,
    0x6E, 0xAE, 0x1E, 0x4D, 0x4B, 0x9D, 0x03, 0xDA, 0xEF, 0x6F, 0x7B, 0xE5, 0xF6, 0x30, 0x7F, 0x63,
    0x3E, 0xFF, 0xF6, 0xEB, 0x2C, 0xF6, 0xF6, 0x9E, 0xCF, 0x99, 0xF3, 0x0E, 0xE2, 0x94, 0x26, 0xF5,
    0x78, 0xA2, 0x40, 0x7C, 0xD9, 0x9E, 0x71, 0x5E, 0xAF, 0x59, 0x11, 0xDA, 0xB2, 0xFA, 0xD7, 0x1E,
    0x32, 0x61, 0xF4, 0x36, 0xAB, 0x66, 0xBC, 0x7E, 0x86, 0xEC, 0x3A, 0x50, 0x9D, 0xA4, 0x05, 0xD9,
    0x9E, 0xFE, 0xD6, 0x04, 0xCC, 0x52, 0x18, 0x8D, 0xBA, 0x91, 0xB9, 0x85, 0x4A, 0x47, 0x20, 0x98,
    0xB2, 0xB8, 0x23, 0x08, 0x02, 0x0B, 0x07, 0x2F, 0x21, 0x61, 0xBE, 0x81, 0xFE, 0x8C, 0xFE, 0xC4,
    0xD3, 0xC6, 0xB8, 0x63, 0x43, 0x78, 0x47, 0x3B, 0x1B, 0xCF, 0x3F, 0x07, 0xE1, 0x41, 0xE9, 0x79,
    0xE9, 0x0C, 0x70, 0xE8, 0x00, 0x9A, 0xBF, 0x64, 0xC5, 0x95, 0x5F, 0x25, 0x3C, 0x29, 0xAD, 0x23,
    0xCE, 0xFD, 0x04, 0x89, 0x87, 0xE9, 0x75, 0x54, 0xD7, 0xFE, 0x0D, 0x94, 0x68, 0xCC, 0x6C, 0x1C,
    0x36, 0x6E, 0x8B, 0x8D, 0x04, 0x89, 0x79, 0xB5, 0xF4, 0x4C, 0x7C, 0xED, 0xD1, 0xE1, 0xD7, 0xE8,
    0x1E, 0x5F, 0xB7, 0xFE, 0xC0, 0x29, 0x44, 0x95, 0x12, 0xA6, 0xE2, 0x20, 0xEB, 0x87, 0xBF, 0x3F,
    0x2F, 0x4F, 0x13, 0xCB, 0x1A, 0xDD, 0x5C, 0xA8, 0x84, 0x59, 0xF9, 0xB0, 0x63, 0xB4, 0xC7, 0xFB,
    0x8E, 0xD1, 0xEE, 0xEC, 0x3D, 0x46, 0xDB, 0x99, 0x1D, 0xA3, 0xED, 0xE7, 0xF7, 0x0B, 0x5C, 0x17,
    0x67, 0xD9, 0xFA, 0x02, 0x2B, 0x06, 0xA5, 0xB4, 0x39, 0x71, 0xF9, 0x2E, 0x4C, 0xCE, 0x06, 0x95,
    0x2C, 0x15, 0x95, 0x9D, 0x23, 0xCB, 0x8F, 0xC6, 0xA0, 0x38, 0x45, 0x01, 0xF5, 0x8E, 0xC9, 0x8E,
    0xE1, 0x38, 0x3F, 0xA1, 0x4F, 0xBA, 0x3F, 0x04, 0x1E, 0xF2, 0x54, 0x01, 0x9C, 0x70, 0xA6, 0x47,
    0x05, 0xF6, 0xB1, 0x37, 0x32, 0xDB, 0x74, 0x96, 0xED, 0xB1, 0x28, 0x97, 0x56, 0x85, 0x83, 0x38,
    0xD5, 0x0E, 0xE2, 0x8F, 0xD9, 0xDF, 0x3D, 0xD9, 0xB8, 0x63, 0xF1, 0x38, 0x05, 0xEA, 0x05, 0x68,
    0x90, 0x0D, 0xCB, 0x24, 0xD5, 0xD2, 0x6D, 0x3C, 0x17, 0x9E, 0x1E, 0x8B, 0x40, 0x90, 0x1D, 0x60,
    0x53, 0xAB, 0x1E, 0x18, 0x87, 0xC3, 0xDF, 0x6F, 0x8C, 0xCD, 0x67, 0xA9, 0x80, 0xB4, 0x93, 0x6F,
    0xF6, 0x8A, 0xA7, 0x85, 0x3B, 0xD9, 0x28, 0xC2, 0x52, 0xA7, 0x9E, 0xF1, 0xFF, 0x93, 0x19, 0x09,
    0x4F, 0x8A, 0xB9, 0x7E, 0xBE, 0xB0, 0x52, 0x7D, 0x05, 0xFA, 0x78, 0x04, 0x15, 0x76, 0x25, 0x3C,
    0xA0, 0x5E, 0xF3, 0x0E, 0x2D, 0x83, 0x22, 0x17, 0x42, 0xF4, 0xF2, 0xDD, 0x2E, 0xD1, 0xED, 0x2E,
    0xCF, 0x2E, 0x90, 0x46, 0x3D, 0xCA, 0xDB, 0x9F, 0x7C, 0x44, 0xC1, 0xE6, 0xEF, 0xB9, 0xF7, 0xB9,
    0xA2, 0x01, 0x3D, 0xD3, 0xB3, 0x89, 0xBC, 0xCD, 0x20, 0xFF, 0x90, 0xC5, 0xDE, 0x6D, 0xAF, 0xD3,
    0x2F, 0xAE, 0xC0, 0xA4, 0xE2, 0xEC, 0x8A, 0x62, 0xBF, 0x5B, 0x7C, 0xC7, 0x8E, 0x8B, 0x07, 0x91,
    0x40, 0xB0, 0xCD, 0x70, 0x77, 0xE9, 0xF2, 0x6D, 0x1E, 0x58, 0x07, 0xC7, 0xB1, 0xD4, 0x8E, 0x05,
    0x14, 0x90, 0x99, 0x17, 0xC8, 0x44, 0xCA, 0x40, 0xA9, 0x2D, 0xEF, 0x75, 0x66, 0x87, 0x1C, 0x84,
    0x80, 0x99, 0x87, 0xD0, 0x26, 0x67, 0x71, 0xE7, 0x68, 0xE1, 0x4C, 0xA8, 0x25, 0x7C, 0xB7, 0xA9,
    0x84, 0xF0, 0x70, 0x42, 0x22, 0x3C, 0xDB, 0x1B, 0x7D, 0x54, 0xC5, 0x0F, 0x34, 0x45, 0x0E, 0x99,
    0x98, 0xC2, 0xBF, 0x38, 0x05, 0xEF, 0x4D, 0xC8, 0x7A, 0x94, 0x89, 0x3E, 0x6E, 0xFF, 0xA9, 0x16,
    0xD7, 0x10, 0x8F, 0xF9, 0x43, 0x96, 0x54, 0x15, 0x6D, 0xA2, 0x82, 0xD2, 0xEC, 0xEC, 0x79, 0xE4,
    0x40, 0x31, 0xD0, 0x8A, 0xD6, 0x0B, 0x30, 0xD3, 0x25, 0x22, 0x14, 0xDF, 0xD8, 0xB1, 0xD5, 0x58,
    0x0B, 0xDD, 0x2C, 0xCA, 0xDC, 0xEB, 0xEB, 0x9F, 0xEA, 0xA3, 0xEB, 0xD5, 0xC1, 0xAB, 0xCD, 0xA1,
    0xF5, 0x33, 0xF3, 0x43, 0x38, 0x6E, 0xAB, 0x66, 0x98, 0xC9, 0xAF, 0x48, 0x9D, 0x05, 0x35, 0xD9,
    0xCD, 0xA9, 0x5B, 0xC9, 0xD9, 0xA7, 0x90, 0x20, 0xF8, 0x2F, 0xAA, 0x70, 0x40, 0x14, 0xAE, 0xBB,
    0x4E, 0x26, 0xB9, 0x5D, 0xA2, 0x10, 0x39, 0x41, 0x9F, 0xEF, 0x53, 0xE8, 0xBB, 0xBB, 0x4C, 0x73,
    0xFA, 0x8B, 0xCE, 0x80, 0xFE, 0xE7, 0xDE, 0x2E, 0xD3, 0xF6, 0xC0, 0xF7, 0x1D, 0x16, 0x91, 0xB3,
    0xB8, 0x29, 0xB3, 0x5D, 0xA6, 0xEE, 0xAC, 0xCB, 0x34, 0xF8, 0x90, 0x2E, 0xD3, 0x53, 0x9E, 0x1E,
    0xA3, 0x74, 0xCA, 0xDB, 0x8B, 0xE3, 0x6C, 0xF7, 0xA9, 0xB7, 0xBB, 0xFB, 0x54, 0x5E, 0xED, 0x39,
    0x9C, 0xFA, 0x3A, 0xB8, 0xFB, 0xF4, 0xB7, 0x5B, 0x80, 0x68, 0xC9, 0x49, 0xB2, 0xBE, 0xBE, 0xFE,
    0x71, 0x16, 0xF0, 0x21, 0x13, 0x15, 0x94, 0xD4, 0xEC, 0xAC, 0x3F, 0xF9, 0x11, 0x13, 0xFD, 0xE4,
    0xF6, 0xE1, 0x76, 0x96, 0xF1, 0x31, 0xF6, 0xE1, 0x37, 0x5A, 0xDE, 0x87, 0x5B, 0x8E, 0x3B, 0x76,
    0xB6, 0xF0, 0x2D, 0x2D, 0xC7, 0xED, 0x9D, 0x88, 0x66, 0xBD, 0x66, 0xA6, 0xB2, 0x78, 0xFA, 0xC8,
    0x42, 0x17, 0xF0, 0x9D, 0x3A, 0xFF, 0xDE, 0xA2, 0x21, 0x54, 0x08, 0xB6, 0x3A, 0x53, 0xB0, 0xC6,
    0x15, 0x73, 0xAC, 0x76, 0xC6, 0x6A, 0x15, 0xE4, 0x99, 0xAB, 0x3C, 0x1A, 0xC3, 0x0E, 0x3D, 0xF4,
    0x4F, 0x74, 0x0C, 0xCF, 0x51, 0x40, 0x28, 0x18, 0x53, 0x88, 0x1E, 0x05, 0x70, 0xFB, 0x16, 0x6E,
    0xF5, 0xBF, 0xB1, 0xED, 0xA3, 0x36, 0x31, 0xCE, 0xD0, 0x18, 0x99, 0x22, 0x9C, 0x25, 0x47, 0x07,
    0x36, 0x57, 0xF6, 0x67, 0xAC, 0xFD, 0x6C, 0xB4, 0x75, 0x96, 0x7D, 0xCD, 0x3D, 0xFB, 0xDD, 0xBE,
    0x9E, 0xE8, 0x3B, 0x45, 0x8D, 0x10, 0xD6, 0x34, 0xC6, 0x49, 0x4C, 0xD1, 0xFE, 0xFF, 0x5D, 0xF2,
    0x2E, 0xD0, 0xC5, 0x84, 0x57, 0x91, 0x9D, 0x06, 0x4B, 0x91, 0xF7, 0xE0, 0x4B, 0x7B, 0xBB, 0xFB,
    0xB1, 0xEF, 0x20, 0xAB, 0x50, 0xCD, 0x68, 0x8F, 0xB8, 0x5B, 0xEB, 0xFF, 0xA4, 0xC2, 0xF2, 0x78,
    0x2F, 0x3F, 0x80, 0x50, 0x4A, 0x29, 0x25, 0x95, 0xA5, 0x95, 0xD2, 0xC9, 0x8E, 0x24, 0x97, 0xD2,
    0x4B, 0x09, 0xA6, 0x14, 0x53, 0x92, 0x29, 0xCD, 0x94, 0x68, 0x4A, 0x35, 0x5B, 0x67, 0x61, 0xCF,
    0xFE, 0x2C, 0xF6, 0xE4, 0xDB, 0xD5, 0x3B, 0xA6, 0xEB, 0x42, 0xEA, 0xB5, 0xE4, 0x53, 0x6E, 0x22,
    0x63, 0x09, 0x22, 0xDB, 0x3C, 0xC8, 0x68, 0xDF, 0xE5, 0xFF, 0x49, 0x20, 0xC0, 0xFF, 0x21, 0xF9,
    0x4A, 0xB3, 0xCF, 0x40, 0xDF, 0xE6, 0xE9, 0x9C, 0x1F, 0xD1, 0x6D, 0xF2, 0x09, 0xB6, 0xC8, 0xB0,
    0x22, 0x63, 0xA1, 0x98, 0x7E, 0x56, 0x34, 0xEA, 0x9A, 0x03, 0xFB, 0x37, 0x0A, 0x77, 0xE1, 0xAC,
    0xBA, 0x5B, 0x36, 0xD2, 0xC0, 0x29, 0x1D, 0xD9, 0x44, 0xE9, 0x8A, 0x2D, 0x52, 0xB9, 0xAC, 0x25,
    0x2A, 0xEC, 0x0D, 0xB1, 0xD9, 0x91, 0xD3, 0xB6, 0x2A, 0xE4, 0x99, 0x7A, 0x2E, 0xBE, 0xE6, 0x43,
    0xE0, 0xD9, 0xEF, 0xC5, 0xD9, 0xFC, 0xD6, 0x9B, 0x53, 0xDF, 0x6E, 0xAF, 0xC9, 0xB1, 0x1E, 0xDD,
    0xEF, 0xF8, 0xAC, 0xD0, 0x3B, 0xD6, 0xAC, 0xB4, 0x90, 0x9A, 0xA6, 0xF4, 0xA3, 0xC8, 0x4A, 0x3B,
    0x15, 0xC6, 0xE6, 0x63, 0xB6, 0x32, 0x2D, 0xB2, 0xCF, 0xD2, 0x9C, 0x7D, 0xEE, 0xBB, 0xAC, 0xDA,
    0x4C, 0xCD, 0xFE, 0xDD, 0xAE, 0xF8, 0x0A, 0x17, 0xCE, 0x0B, 0x60, 0x72, 0xEF, 0x33, 0x9B, 0x0B,
    0x8F, 0xA9, 0x3E, 0xE1, 0x8A, 0xAF, 0xF1, 0xAC, 0xE6, 0x60, 0xA9, 0x0D, 0x81, 0xDF, 0x77, 0xB9,
    0xD5, 0xEE, 0x3C, 0x1A, 0x6F, 0x37, 0x3D, 0xA2, 0x05, 0x7A, 0x34, 0x33, 0x7A, 0xC4, 0xDF, 0x62,
    0x93, 0xDE, 0xFF, 0x9D, 0x4D, 0x34, 0xE1, 0xD9, 0x38, 0x9F, 0x3B, 0x7B, 0xF3, 0x71, 0x76, 0x4D,
    0x33, 0xFD, 0xB9, 0x48, 0x8F, 0x8C, 0x0B, 0x9D, 0xD3, 0xE3, 0xF2, 0xC1, 0xFF, 0x11, 0x0D, 0xD6,
    0x5A, 0xE8, 0x5A, 0x63, 0x08, 0x46, 0xF8, 0x32, 0xD6, 0x8A, 0xD3, 0x11, 0xFD, 0x5F, 0xB1, 0xF5,
    0x5C, 0x4F, 0x9F, 0x32, 0xCE, 0x13, 0xE3, 0xC7, 0xED, 0x49, 0x9D, 0xF3, 0xB5, 0x5E, 0x89, 0xD2,
    0xD9, 0x5A, 0xAF, 0x6B, 0x75, 0xDB, 0xFF, 0x07, 0xCD, 0x9A, 0x41, 0x6F, 0xDC, 0xD6, 0x11, 0xC7,
    0x87, 0xA4, 0x65, 0xA6, 0xA6, 0x23, 0x2A, 0x8D, 0x85, 0xA6, 0xB5, 0x2B, 0xFA, 0xD0, 0x83, 0x83,
    0x46, 0x62, 0x0E, 0x3E, 0x08, 0x85, 0x14, 0x52, 0x0D, 0x8A, 0x1E, 0xAB, 0x83, 0xDB, 0x4B, 0x2F,
    0x39, 0xBA, 0x09, 0x50, 0xE7, 0xE0, 0x83, 0x0B, 0xD8, 0xBB, 0x4C, 0x7A, 0xF4, 0xC1, 0xFE, 0x06,
    0xC9, 0x21, 0x97, 0x14, 0x6D, 0xA4, 0x83, 0x0E, 0x6A, 0xE0, 0xD5, 0x6E, 0xDB, 0x63, 0x81, 0x66,
    0xEB, 0x0F, 0xD0, 0x32, 0x85, 0x81, 0x02, 0x16, 0xD0, 0xF0, 0xB0, 0x87, 0xB5, 0xB0, 0xBB, 0xEC,
    0xFC, 0xFF, 0x8F, 0xE4, 0x52, 0x8A, 0xDA, 0xA2, 0xD0, 0xEE, 0x6A, 0x17, 0x7A, 0x23, 0x2D, 0xB5,
    0xFB, 0xDE, 0x9B, 0xDF, 0x9B, 0x37, 0x6F, 0x66, 0x48, 0x11, 0x09, 0x62, 0xD1, 0x57, 0x94, 0x40,
    0x36, 0x29, 0xBF, 0xEA, 0xA8, 0xB0, 0xBF, 0x80, 0x74, 0x1E, 0x42, 0xFA, 0x5E, 0x57, 0xE5, 0x8A,
    0x0B, 0xB9, 0xE1, 0xA6, 0x2A, 0xF7, 0x9C, 0x4C, 0x65, 0x06, 0xE9, 0x74, 0x20, 0xDD, 0x04, 0xD2,
    0xCF, 0xF3, 0x9E, 0xC8, 0xDA, 0x4F, 0x7F, 0xD6, 0xD7, 0x0F, 0x8A, 0xA5, 0x72, 0x4F, 0x64, 0x20,
    0x56, 0x06, 0xE9, 0xA4, 0x90, 0xE1, 0x0B, 0xB9, 0x9A, 0x27, 0xED, 0x91, 0x44, 0x39, 0xBA, 0xE6,
    0x6B, 0x93, 0xF2, 0xA0, 0x26, 0x37, 0x20, 0xBC, 0xE1, 0x4D, 0x69, 0xEE, 0xF4, 0xEC, 0xBE, 0x93,
    0xB9, 0xA9, 0x93, 0xF9, 0x1D, 0x27, 0x0D, 0x63, 0xB7, 0x1B, 0x89, 0xD7, 0x69, 0x6A, 0x3B, 0x10,
    0xBF, 0xD3, 0x92, 0x20, 0x69, 0x49, 0x14, 0xB7, 0xA4, 0xA9, 0xED, 0x2B, 0x69, 0x38, 0x77, 0x24,
    0xFA, 0x5D, 0xF8, 0x2F, 0xAF, 0xE7, 0x3D, 0x63, 0x47, 0xF7, 0xB5, 0x0D, 0x8B, 0xB6, 0xCF, 0x2B,
    0x5E, 0x1F, 0x72, 0xAD, 0x05, 0xB9, 0xB4, 0x5A, 0x7D, 0x48, 0xA8, 0x97, 0x78, 0xBC, 0x70, 0x49,
    0xC6, 0xAF, 0x73, 0xE5, 0xB3, 0xAC, 0x03, 0xE9, 0x6F, 0xE7, 0xD7, 0xDA, 0xB5, 0xA3, 0xED, 0xAA,
    0x5E, 0xFB, 0xBD, 0xF6, 0xBC, 0xAB, 0x6D, 0xDB, 0xCC, 0x6F, 0x12, 0x94, 0xBE, 0x5D, 0x61, 0xB8,
    0xF8, 0x01, 0xA6, 0x1F, 0x7C, 0x09, 0xA5, 0xEF, 0x43, 0x07, 0x3B, 0xC5, 0x5A, 0xD8, 0x72, 0x61,
    0x4E, 0x88, 0xF0, 0xA2, 0x78, 0x3A, 0xEC, 0x70, 0x15, 0x70, 0x96, 0xF4, 0xCD, 0x43, 0x7D, 0xB7,
    0x69, 0x77, 0x6A, 0x8B, 0x46, 0x2A, 0xC0, 0x22, 0xE0, 0x22, 0x00, 0x23, 0x20, 0x23, 0x40, 0x23,
    0x60, 0x23, 0x80, 0x23, 0xA0, 0x23, 0xC0, 0x23, 0xE0, 0x23, 0x00, 0x24, 0x20, 0x44, 0x44, 0x64,
    0x24, 0x05, 0xA4, 0xEF, 0x8D, 0xED, 0x52, 0xFC, 0x8B, 0xD0, 0xDA, 0x0A, 0x68, 0x31, 0x73, 0x48,
    0xC9, 0xED, 0x60, 0x46, 0x30, 0x13, 0x35, 0xFB, 0x6F, 0xE6, 0x86, 0x50, 0x1D, 0xD0, 0x04, 0x6C,
    0xC6, 0xCD, 0xB8, 0x51, 0xCC, 0x9E, 0x5A, 0xD7, 0xB6, 0xF0, 0x43, 0x5A, 0xCE, 0x3F, 0xF0, 0xFE,
    0x41, 0xAF, 0x62, 0x62, 0xCD, 0x8F, 0xE5, 0x2C, 0x63, 0xC0, 0x36, 0x86, 0x75, 0x20, 0x5C, 0x9D,
    0xCC, 0x70, 0x1D, 0x36, 0x24, 0x33, 0xB2, 0x21, 0x59, 0x10, 0x0C, 0xDC, 0x7C, 0x8A, 0x61, 0xFE,
    0x88, 0x61, 0x25, 0xBE, 0x42, 0x8C, 0x64, 0x11, 0x12, 0x69, 0x8B, 0xEC, 0xBA, 0x73, 0xC5, 0xCE,
    0xEE, 0x5D, 0x96, 0xC5, 0xF6, 0xBE, 0x5C, 0xF3, 0x52, 0x33, 0x99, 0xA1, 0xC1, 0x36, 0x79, 0xBB,
    0xE2, 0xCE, 0x12, 0x9F, 0xC3, 0x44, 0xE4, 0xB1, 0xBF, 0x3F, 0x8F, 0x5E, 0xE8, 0xBF, 0x9D, 0x5B,
    0xF8, 0x9B, 0x74, 0xFE, 0x9C, 0xC8, 0x9A, 0xD2, 0x59, 0x92, 0x78, 0x62, 0x9E, 0x1A, 0x07, 0x56,
    0xB3, 0x68, 0x66, 0xF8, 0x9A, 0xF3, 0x16, 0x8B, 0xDC, 0x3E, 0xF8, 0x11, 0x64, 0x77, 0x11, 0xF2,
    0xF3, 0x27, 0xB4, 0xAC, 0x54, 0x4E, 0xBC, 0xCE, 0x95, 0x9E, 0x9D, 0x19, 0x0F, 0xAE, 0xCA, 0xBC,
    0x2C, 0xEF, 0x8B, 0xB7, 0xD5, 0x15, 0x27, 0xD7, 0xF7, 0xB7, 0x64, 0x82, 0x96, 0xF4, 0x1A, 0xFB,
    0x59, 0x31, 0xBD, 0xC5, 0x63, 0x2E, 0x29, 0x2F, 0xB5, 0x07, 0xF3, 0xC7, 0xC5, 0xB8, 0x6C, 0x6D,
    0x6F, 0x18, 0x2E, 0xFE, 0x56, 0x2A, 0xAE, 0x5E, 0xB7, 0x46, 0x93, 0xE4, 0x62, 0x31, 0x6E, 0xF0,
    0x7A, 0x95, 0xE3, 0x36, 0x63, 0x1A, 0x9F, 0x58, 0x58, 0xCD, 0xD1, 0x3C, 0x5A, 0x8D, 0xFA, 0x56,
    0x79, 0xAF, 0x63, 0x26, 0xAA, 0x6B, 0xF8, 0x8D, 0x2B, 0xEF, 0x90, 0xD0, 0xE4, 0x2D, 0xA7, 0xEE,
    0xA5, 0x9F, 0xD6, 0xBC, 0x74, 0x6C, 0xCD, 0xF7, 0xBE, 0xB2, 0xFB, 0x2F, 0x8B, 0xD7, 0x7E, 0x22,
    0x97, 0x4D, 0x28, 0x5B, 0xEC, 0xAD, 0x69, 0x10, 0x4A, 0xE6, 0x9C, 0xC4, 0xB1, 0xD7, 0xC6, 0xD7,
    0xBC, 0x34, 0x7D, 0xE5, 0x35, 0x49, 0x65, 0x51, 0xBD, 0xB3, 0x97, 0xC7, 0x13, 0xA6, 0x23, 0xA2,
    0x93, 0xB5, 0xFB, 0xA6, 0x09, 0x14, 0x6A, 0xE6, 0xF9, 0x50, 0xC2, 0xA3, 0xDF, 0xE8, 0x64, 0x33,
    0x9D, 0x0F, 0x85, 0xEA, 0xBB, 0x2E, 0x0A, 0x60, 0x09, 0xE1, 0x83, 0xD4, 0x44, 0xF0, 0xFC, 0x53,
    0xE5, 0xA9, 0x5F, 0xD0, 0x18, 0x43, 0x0A, 0xD1, 0xA8, 0x04, 0xF3, 0x16, 0x55, 0xBD, 0x03, 0xCD,
    0x3B, 0x8A, 0xC2, 0x4D, 0xBE, 0xD5, 0x97, 0x3B, 0x71, 0x3B, 0xCF, 0xF3, 0xBA, 0xD6, 0x2E, 0xFB,
    0xEB, 0x96, 0x02, 0xEE, 0x56, 0x55, 0x53, 0x02, 0xED, 0xD8, 0xCE, 0x82, 0xC4, 0xEB, 0xFA, 0x1D,
    0x3F, 0x09, 0x92, 0x50, 0xFB, 0x8F, 0xAC, 0xA1, 0x6A, 0x9C, 0x49, 0x7B, 0x14, 0xB3, 0xFB, 0xB2,
    0x35, 0xF4, 0xB8, 0x8D, 0xD4, 0x19, 0xF9, 0xCF, 0x35, 0x04, 0xCA, 0x93, 0xAA, 0x5B, 0x74, 0x88,
    0xC6, 0x21, 0xC4, 0x86, 0x77, 0x72, 0x77, 0xF4, 0xDF, 0x96, 0x8B, 0xCF, 0xF8, 0x71, 0x91, 0x6E,
    0x59, 0x18, 0xD7, 0x2A, 0x17, 0x63, 0x76, 0x08, 0x74, 0x2D, 0x5D, 0xFD, 0x7D, 0x09, 0x2A, 0xC3,
    0xF1, 0x6B, 0x10, 0x66, 0x61, 0x41, 0xB4, 0x63, 0x2B, 0x29, 0xD7, 0xF8, 0x8C, 0x20, 0x82, 0xF4,
    0x86, 0x5A, 0xFE, 0x48, 0x1D, 0x67, 0x27, 0x4C, 0x6A, 0xD4, 0x67, 0xA6, 0x65, 0x98, 0xDE, 0x95,
    0xE7, 0x79, 0x57, 0xE2, 0xE5, 0xBA, 0xE5, 0x9E, 0x79, 0x79, 0xAD, 0xC7, 0x95, 0xED, 0xDC, 0xC6,
    0x39, 0x69, 0xE5, 0xF0, 0x7C, 0xEE, 0x17, 0x58, 0xD3, 0x15, 0x07, 0x97, 0xAF, 0x17, 0xC1, 0x4C,
    0xA9, 0xAC, 0xD1, 0xD6, 0x68, 0x5A, 0x48, 0x2A, 0x6C, 0x34, 0x36, 0x8A, 0x1E, 0x93, 0xD4, 0xDA,
    0xA8, 0x6D, 0x54, 0x2E, 0x64, 0xA3, 0x26, 0xA9, 0xBB, 0x51, 0x9E, 0xDA, 0x0B, 0xD5, 0x17, 0xEA,
    0x2F, 0x95, 0xA5, 0x3B, 0xDD, 0xC2, 0xDC, 0x06, 0x18, 0x7A, 0x84, 0xD1, 0x7E, 0x82, 0x33, 0xCD,
    0x39, 0x11, 0xC5, 0x0B, 0xB1, 0x08, 0xB8, 0x08, 0xC0, 0x08, 0xC8, 0x08, 0xD0, 0x90, 0x0D, 0xE1,
    0x90, 0x8E, 0x19, 0x77, 0x2C, 0x40, 0x88, 0x88, 0xC8, 0xA8, 0x80, 0x64, 0xC7, 0xE5, 0xD0, 0x92,
    0xDD, 0x56, 0xF1, 0x4A, 0x5E, 0x12, 0x22, 0xA0, 0x8A, 0xCF, 0xAC, 0x4C, 0x01, 0x66, 0x4E, 0x8D,
    0x33, 0x5D, 0x86, 0x57, 0x47, 0x06, 0x42, 0x9D, 0xC1, 0x04, 0xCC, 0xA2, 0x49, 0xF9, 0x5E, 0x52,
    0xC5, 0x09, 0xB7, 0xD6, 0x60, 0x1C, 0xA3, 0xEB, 0x50, 0xFD, 0xEF, 0x50, 0x78, 0x8D, 0x03, 0x2E,
    0xCD, 0x8F, 0x71, 0xF0, 0xC4, 0xE6, 0x9F, 0x0E, 0xE6, 0x74, 0x15, 0x5F, 0xB9, 0x09, 0x33, 0x91,
    0xD9, 0x98, 0x89, 0xC8, 0xF6, 0x4B, 0xAA, 0xED, 0x10, 0xB1, 0x5C, 0xA0, 0x5F, 0xBC, 0x60, 0x61,
    0x1A, 0xBF, 0xE0, 0x9E, 0xC2, 0x70, 0xA0, 0x86, 0xE4, 0x60, 0xCC, 0x6C, 0x66, 0xBE, 0xC3, 0xCD,
    0x6E, 0xC8, 0xE2, 0xC1, 0xAE, 0xDC, 0xE0, 0xC9, 0xC0, 0x4F, 0x92, 0xCB, 0xE4, 0x0D, 0xE7, 0xF5,
    0x72, 0x11, 0x1C, 0xEA, 0xAC, 0xF9, 0x90, 0xD1, 0x79, 0xE6, 0x9B, 0xE4, 0x7F, 0x1C, 0x8C, 0x38,
    0xAF, 0x48, 0xE0, 0x91, 0x66, 0x55, 0x4E, 0x3D, 0x63, 0x9B, 0xC2, 0x81, 0xA9, 0x36, 0xE6, 0x1C,
    0x76, 0xC5, 0xB2, 0x8B, 0x2B, 0x8D, 0x22, 0x02, 0xFF, 0xB8, 0x44, 0xD2, 0x91, 0x70, 0x94, 0x88,
    0xD3, 0xE3, 0x96, 0x61, 0x5D, 0x12, 0x71, 0x12, 0x10, 0xB0, 0x69, 0xBF, 0x6A, 0x97, 0x12, 0xC6,
    0x06, 0x41, 0x54, 0x00, 0xC0, 0x04, 0x9E, 0x98, 0xC5, 0x44, 0x43, 0xEC, 0x81, 0x6E, 0xDA, 0xA6,
    0x8C, 0x68, 0xE7, 0x1D, 0xE7, 0xED, 0x2E, 0xFC, 0x96, 0x7E, 0x77, 0x9F, 0x03, 0x6E, 0x17, 0x39,
    0x76, 0x98, 0x61, 0x1C, 0x8D, 0xA2, 0x34, 0x0E, 0xF3, 0x3A, 0x18, 0x83, 0xB6, 0x8F, 0x00, 0x2E,
    0x14, 0xFC, 0x44, 0xFC, 0x09, 0x7F, 0xCB, 0xB4, 0x7C, 0x1A, 0xD3, 0x2B, 0x5E, 0x30, 0x3D, 0x14,
    0x18, 0xD0, 0x88, 0x6A, 0x85, 0x41, 0xBF, 0xF6, 0xB0, 0x56, 0x7C, 0xC2, 0x1F, 0x88, 0x37, 0xE0,
    0xF7, 0xFB, 0x38, 0xD3, 0x6D, 0x33, 0xF3, 0xDA, 0xE4, 0xAB, 0xF9, 0x7B, 0x87, 0xE2, 0xF4, 0x8B,
    0x1C, 0xFD, 0x80, 0x3F, 0x0C, 0x03, 0xEF, 0xBC, 0xD0, 0xAE, 0x8F, 0x76, 0x54, 0x05, 0xC4, 0x95,
    0x2D, 0x75, 0x1D, 0x98, 0xC8, 0x00, 0x8A, 0xB4, 0xB0, 0x42, 0x8D, 0x00, 0x0B, 0x82, 0x23, 0xFD,
    0x00, 0xE9, 0xC6, 0x01, 0x66, 0x3F, 0x84, 0xF7, 0x1B, 0xA8, 0xB0, 0x06, 0x0D, 0x4C, 0xBC, 0x01,
    0xC5, 0x23, 0x68, 0xAD, 0x22, 0xE8, 0xA8, 0xB2, 0x1A, 0x17, 0x76, 0xAD, 0x81, 0x46, 0x42, 0x3B,
    0x3A, 0x73, 0x0D, 0x44, 0xCB, 0xFD, 0x93, 0x1C, 0x33, 0xDF, 0x71, 0x08, 0xB6, 0xD3, 0x41, 0x6C,
    0xE9, 0xA9, 0x0C, 0x12, 0xBB, 0x17, 0x89, 0x69, 0x0D, 0x6D, 0x2D, 0xED, 0xDA, 0x34, 0x37, 0x6D,
    0xE9, 0xD7, 0x1A, 0xBA, 0x0A, 0x91, 0xF2, 0xF3, 0x0F, 0xC7, 0x16, 0x85, 0x88, 0xB2, 0x8C, 0x2E,
    0xAD, 0xEC, 0xB4, 0x10, 0x8C, 0xE9, 0xEE, 0xA8, 0xAC, 0x07, 0x54, 0x21, 0xD8, 0xEC, 0xB4, 0x5F,
    0x86, 0x97, 0xD3, 0x84, 0x04, 0x65, 0x6B, 0xBB, 0x28, 0x5B, 0x3F, 0x38, 0x59, 0xB6, 0x3E, 0x33,
    0x08, 0xCF, 0x1C, 0x19, 0x00, 0x30, 0x58, 0x67, 0x97, 0xE8, 0x3B, 0xC4, 0x05, 0xD9, 0x73, 0x93,
    0x13, 0xF9, 0x08, 0x94, 0x37, 0xDA, 0x1B, 0xF5, 0xA9, 0x3F, 0x21, 0xD2, 0xF9, 0xE8, 0x5B, 0x22,
    0x10, 0x32, 0x10, 0x42, 0x60, 0xCA, 0x79, 0x40, 0x13, 0x1E, 0xF2, 0x0C, 0x1C, 0x08, 0x41, 0x08,
    0x49, 0x08, 0x51, 0x08, 0x59, 0x08, 0x61, 0x08, 0x69, 0x18, 0x1C, 0x05, 0x8F, 0xCA, 0x1C, 0x58,
    0xB6, 0x46, 0xB0, 0x82, 0xB2, 0xB5, 0x83, 0xB2, 0xB5, 0xFF, 0x48, 0xDF, 0x6D, 0xD8, 0xA7, 0x9C,
    0x42, 0x3A, 0x47, 0x70, 0x11, 0x80, 0x11, 0x90, 0x11, 0x60, 0x31, 0x02, 0x70, 0x04, 0x64, 0x4A,
    0xA1, 0x9F, 0x03, 0x20, 0xCC, 0x1C, 0x7B, 0x45, 0x27, 0x05, 0x46, 0x05, 0x24, 0x9F, 0x2E, 0x88,
    0xD5, 0xEA, 0xA7, 0xD8, 0x79, 0x3F, 0x1F, 0x96, 0x84, 0x4E, 0x00, 0x9A, 0x91, 0x69, 0xB0, 0x32,
    0x0D, 0xB7, 0x9B, 0xE9, 0x44, 0x5E, 0xCD, 0x0D, 0x84, 0x0D, 0xFB, 0xC4, 0x99, 0x73, 0x36, 0xB3,
    0xB8, 0x55, 0x9E, 0xB1, 0xE6, 0x66, 0x8E, 0x26, 0xA9, 0xD6, 0x27, 0x9A, 0x2E, 0x3A, 0x03, 0xB5,
    0x0E, 0xFF, 0x97, 0x48, 0x08, 0x71, 0xFD, 0xB1, 0x15, 0xCF, 0x7A, 0x57, 0x14, 0x05, 0xE8, 0xB8,
    0x0C, 0xA2, 0x30, 0x0D, 0x14, 0xA0, 0x79, 0x38, 0xCE, 0xC2, 0x1A, 0xD4, 0xB3, 0x6A, 0x08, 0xB4,
    0x86, 0xB4, 0xE5, 0xCD, 0xA0, 0x5C, 0x7E, 0x1B, 0x76, 0xE1, 0x42, 0x04, 0x80, 0x73, 0x0F, 0xCE,
    0x63, 0x7B, 0xE6, 0x70, 0x9C, 0xDE, 0x35, 0x8D, 0x49, 0xF6, 0x8E, 0x55, 0x98, 0x9D, 0xA9, 0xD8,
    0xC7, 0x27, 0x18, 0x0D, 0xEA, 0x7A, 0xF0, 0x90, 0x6B, 0x3E, 0xAB, 0x0E, 0xE7, 0xB1, 0x17, 0xFE,
    0xF3, 0x21, 0x51, 0x95, 0xD7, 0x55, 0xF9, 0xD5, 0x93, 0xE1, 0xC8, 0xA4, 0x0F, 0x0F, 0xB9, 0x64,
    0x0A, 0x35, 0x94, 0x0F, 0x98, 0x04, 0x66, 0xE3, 0x7A, 0x60, 0xF5, 0xBA, 0x4F, 0x2E, 0x23, 0x82,
    0xD9, 0x24, 0x99, 0x0D, 0xA0, 0x79, 0x91, 0xA2, 0xA7, 0x51, 0x3C, 0x7D, 0x0F, 0xCA, 0x1B, 0x4E,
    0x64, 0xC4, 0x68, 0x60, 0x8F, 0x15, 0x39, 0xBB, 0x47, 0xDB, 0x51, 0x32, 0x1A, 0x0E, 0x28, 0x9A,
    0x4C, 0xD9, 0xFC, 0x33, 0x51, 0x38, 0xFD, 0x33, 0xEE, 0x14, 0x03, 0xC5, 0x9C, 0x30, 0x4E, 0x5A,
    0x92, 0xAB, 0x2A, 0xA6, 0xF3, 0x42, 0x85, 0x3C, 0x58, 0x3F, 0x33, 0x8B, 0x76, 0x97, 0x77, 0xB5,
    0xA7, 0x46, 0x85, 0x81, 0x86, 0x89, 0x34, 0x64, 0xC1, 0x1C, 0x20, 0xC6, 0x60, 0x0F, 0xC6, 0x77,
    0x1F, 0x8A, 0x70, 0x23, 0x3E, 0x7F, 0x8B, 0x59, 0x16, 0x13, 0x86, 0x98, 0x38, 0xC4, 0x9C, 0x3B,
    0x88, 0x44, 0x8C, 0x95, 0xEF, 0xCA, 0x63, 0x75, 0x74, 0x4E, 0x85, 0x4A, 0x88, 0x2A, 0x9D, 0x14,
    0xAA, 0x05, 0x13, 0xCC, 0xA7, 0x6F, 0xAA, 0xFC, 0xEB, 0x28, 0x45, 0xED, 0x29, 0x8A, 0xE7, 0xC9,
    0x74, 0x82, 0x67, 0x6A, 0xCA, 0x9F, 0xE7, 0x3A, 0x4C, 0xBC, 0xBC, 0x95, 0x1A, 0x0A, 0x02, 0x1D,
    0x15, 0x45, 0xA6, 0x28, 0xFE, 0x30, 0x31, 0x14, 0xF3, 0xE0, 0x3D, 0xAA, 0x04, 0xC3, 0xA4, 0x17,
    0xA5, 0x74, 0xCB, 0x93, 0x65, 0xBB, 0x04, 0x30, 0x0D, 0x5B, 0x90, 0xF2, 0xE1, 0x93, 0x41, 0x25,
    0xF0, 0x36, 0xCA, 0x53, 0x3F, 0xEF, 0x7C, 0x3F, 0x4F, 0x2E, 0x8D, 0x12, 0x70, 0xC8, 0x78, 0x63,
    0x8C, 0x09, 0x8D, 0xA4, 0x90, 0x56, 0x17, 0x1D, 0xA3, 0x46, 0xDD, 0xC5, 0xDC, 0xB5, 0x7F, 0x75,
    0xCA, 0x2A, 0xDD, 0x18, 0x69, 0x96, 0xC7, 0x44, 0xCB, 0x63, 0xAA, 0xE5, 0x33, 0xD1, 0x5A, 0xA4,
    0xFC, 0xAE, 0xC8, 0x5B, 0xBC, 0x87, 0xF4, 0x16, 0x93, 0x9E, 0x88, 0xBE, 0x32, 0x4C, 0xB0, 0x3B,
    0xBD, 0x23, 0x26, 0x09, 0xED, 0xFE, 0x98, 0xC9, 0x6A, 0xAD, 0xC0, 0xD3, 0x1C, 0xDF, 0xD5, 0xD4,
    0xBC, 0x70, 0xA0, 0x89, 0x21, 0x0E, 0xBD, 0xBE, 0x93, 0x5A, 0x3D, 0xB7, 0x6B, 0x67, 0x38, 0x73,
    0x7C, 0xB4, 0xC4, 0x4D, 0x7D, 0x4D, 0x88, 0x83, 0xD8, 0xEF, 0x84, 0x8A, 0x5D, 0x13, 0x62, 0x6D,
    0x1F, 0x25, 0x91, 0xFD, 0x28, 0x09, 0x3F, 0xF3, 0x0F, 0xBD, 0x9E, 0xDB, 0x3F, 0xFD, 0x66, 0xA5,
    0x79, 0xF6, 0x66, 0x85, 0xDE, 0xE2, 0x42, 0x30, 0x1E, 0x8D, 0xE4, 0x4D, 0xA1, 0x46, 0xDC, 0x6A,
    0x6A, 0xE7, 0xCD, 0x87, 0x59, 0x4C, 0x57, 0xEC, 0x0F, 0x53, 0xF3, 0x38, 0x05, 0x7C, 0xC7, 0xAF,
    0xF4, 0xFA, 0xFB, 0xAC, 0x74, 0x4D, 0x88, 0xD2, 0x77, 0x6A, 0xE4, 0x39, 0xAC, 0x9D, 0x8E, 0xEF,
    0x58, 0x56, 0xAF, 0x3E, 0x58, 0xF4, 0x06, 0x60, 0x91, 0x3D, 0x21, 0x8B, 0x7D, 0xB0, 0xF8, 0x12,
    0xCF, 0x24, 0x48, 0x8E, 0xFD, 0xA3, 0xD3, 0x3F, 0x9D, 0x45, 0x42, 0x16, 0xF1, 0x19, 0x59, 0x38,
    0xC7, 0x4F, 0xDF, 0xBB, 0xE6, 0x4E, 0x3C, 0x4B, 0x30, 0x4D, 0x52, 0x00, 0x86, 0x55, 0x70, 0xD8,
    0x53, 0x10, 0x79, 0xA2, 0x24, 0x7A, 0x26, 0x62, 0xF5, 0x29, 0x14, 0x86, 0x80, 0x86, 0x00, 0x87,
    0x80, 0x07, 0xEA, 0x28, 0x10, 0x1F, 0x25, 0x02, 0x24, 0x02, 0x26, 0x52, 0x40, 0xB9, 0x5D, 0x2B,
    0xF7, 0x05, 0xE3, 0x30, 0x49, 0x8E, 0x87, 0xC7, 0xE7, 0x4E, 0xC5, 0xAF, 0x9E, 0x47, 0x32, 0xC1,
    0xC1, 0xFA, 0x74, 0xA9, 0x9C, 0xB2, 0x7B, 0xB8, 0x18, 0xBC, 0xCD, 0x54, 0xC4, 0x6B, 0x66, 0xF7,
    0x58, 0x73, 0x60, 0x31, 0xE6, 0xF4, 0x45, 0x01, 0x00, 0xFB, 0xC7, 0x98, 0x35, 0x4F, 0x5F, 0x6C,
    0x21, 0xDD, 0x43, 0xAF, 0x63, 0x13, 0xD1, 0xEE, 0x23, 0xA0, 0x5A, 0x03, 0xAA, 0x0D, 0xA0, 0xDA,
    0x55, 0x54, 0xA3, 0x18, 0x5B, 0xA9, 0x42, 0x95, 0xFE, 0xBF, 0xA8, 0xCC, 0x5D, 0x91, 0x76, 0x57,
    0x33, 0x1D, 0xEB, 0x4F, 0x47, 0x08, 0x01, 0xE2, 0xE6, 0x5C, 0x99, 0x8E, 0xA7, 0xF9, 0x8E, 0xFC,
    0x00, 0x77, 0x35, 0x65, 0x21, 0x5E, 0xAD, 0x5C, 0xC0, 0x14, 0x50, 0xCC, 0x83, 0xF7, 0x30, 0xC5,
    0x3B, 0x4A, 0x73, 0xBB, 0xCC, 0xC8, 0xA0, 0xFC, 0xD7, 0x95, 0x0A, 0xC0, 0x14, 0xB6, 0x4D, 0x75,
    0xCA, 0x70, 0x80, 0x76, 0xF5, 0xF6, 0xE2, 0xE3, 0xD2, 0xAF, 0x99, 0xD8, 0x99, 0x27, 0xF4, 0x1B,
    0xDC, 0x5C, 0xC5, 0xB7, 0xDA, 0xF9, 0x56, 0x3E, 0xB8, 0x73, 0x24, 0x3B, 0xCF, 0x7C, 0x1D, 0x30,
    0xD6, 0x51, 0x57, 0x4C, 0x89, 0x5A, 0xA7, 0x93, 0x21, 0x2D, 0x54, 0xEB, 0x1E, 0x20, 0x0C, 0x6E,
    0xE1, 0x4E, 0x78, 0x03, 0x15, 0xC6, 0x08, 0x25, 0xAE, 0x10, 0x91, 0x26, 0x13, 0x6C, 0xDE, 0x04,
    0x0F, 0x2B, 0xA7, 0x10, 0x1D, 0xAB, 0x56, 0x5F, 0xCD, 0x3F, 0xC6, 0x21, 0x97, 0x1D, 0x77, 0x25,
    0x66, 0x32, 0xF7, 0xEA, 0xF3, 0x88, 0x52, 0x9D, 0x5C, 0x90, 0x59, 0x43, 0x13, 0x6C, 0xE8, 0x0A,
    0x6E, 0x22, 0x0A, 0xDA, 0x40, 0x2C, 0xB1, 0x81, 0xBE, 0xEE, 0xA1, 0xD7, 0x5D, 0xF4, 0xAF, 0x3D,
    0x44, 0xF0, 0x92, 0xC1, 0xDB, 0x3A, 0xBC, 0xFF, 0x10, 0x3D, 0xFF, 0x05, 0xE6, 0x36, 0x28, 0x33,
    0x28, 0x8E, 0xC1, 0x40, 0xC8, 0xAF, 0x48, 0xF4, 0x8B, 0xC7, 0x5F, 0xDF, 0x45, 0x6D, 0xA2, 0xD9,
    0x9B, 0xAD, 0xE6, 0xE5, 0x8B, 0x7A, 0x97, 0x21, 0x58, 0x89, 0xE1, 0x98, 0xE6, 0x0F, 0x8C, 0xE6,
    0xF2, 0x35, 0xCD, 0xB3, 0x42, 0xF3, 0x90, 0x9A, 0xFF, 0x38, 0x31, 0x85, 0x7C, 0xF1, 0xFF, 0x56,
    0x56, 0x36, 0x9C, 0x4A, 0x73, 0x53, 0xFD, 0xC7, 0xED, 0xBB, 0x4D, 0xE0, 0xE8, 0x6B, 0x18, 0xE8,
    0xA5, 0x4E, 0x77, 0xAC, 0xB9, 0xFE, 0xC2, 0x47, 0x8E, 0xF0, 0x8D, 0x38, 0x2B, 0x1D, 0x17, 0x1F,
    0x63, 0x60, 0xEA, 0x77, 0x73, 0xF6, 0xB6, 0xC1, 0x67, 0x16, 0xAD, 0x43, 0xCC, 0x63, 0x2B, 0x2B,
    0x6F, 0x3E, 0x32, 0x99, 0xE0, 0x64, 0xAE, 0x9F, 0x9B, 0x95, 0xE0, 0xC1, 0x48, 0xF5, 0x05, 0xED,
    0xCF, 0x44, 0x5E, 0x2B, 0x1E, 0x28, 0x9A, 0x39, 0x1C, 0xAF, 0x77, 0x59, 0x1D, 0xE9, 0x48, 0x37,
    0xEF, 0x3B, 0x41, 0xFD, 0x19, 0x94, 0xD9, 0xD3, 0xF8, 0x37, 0x9D, 0x58, 0x4F, 0x6C, 0xDD, 0x48,
    0x19, 0xFF, 0x6C, 0x77, 0xEB, 0x2A, 0xDE, 0x74, 0xF6, 0x50, 0x40, 0xB4, 0x49, 0xDC, 0x0B, 0x12,
    0x0D, 0x2F, 0xCF, 0x97, 0x08, 0x3D, 0x21, 0xBF, 0x78, 0xBA, 0x15, 0x17, 0xB8, 0xF4, 0xB0, 0xCB,
    0x81, 0x53, 0x0F, 0x7B, 0x58, 0x55, 0x82, 0x46, 0xA8, 0x87, 0x68, 0x95, 0xC4, 0xB3, 0xE2, 0x08,
    0x87, 0x1E, 0x90, 0xB8, 0x2C, 0x52, 0x90, 0x8A, 0xD4, 0xA6, 0x42, 0x89, 0x44, 0x0E, 0x15, 0xBC,
    0xE4, 0x8D, 0xB6, 0x07, 0xAE, 0x6E, 0x39, 0x02, 0xD2, 0x80, 0x84, 0x04, 0x45, 0x02, 0x23, 0x79,
    0x85, 0xB7, 0x75, 0x6C, 0x7E, 0xDF, 0xF8, 0xFD, 0x4B, 0x15, 0x76, 0xD3, 0xB5, 0xDF, 0x4C, 0xC6,
    0xF3, 0xE7, 0xFB, 0x3F, 0xBF, 0xF9, 0x26, 0x37, 0x77, 0x4E, 0x7D, 0x88, 0x56, 0x17, 0x16, 0xEF,
    0xFA, 0x99, 0x9F, 0x85, 0xC5, 0x37, 0x3F, 0x72, 0xD5, 0xE7, 0xBF, 0x44, 0x8E, 0x22, 0x73, 0xFB,
    0x60, 0x58, 0xED, 0xAC, 0xFF, 0x52, 0xEF, 0xD0, 0xE7, 0xBF, 0x37, 0x89, 0xC8, 0x95, 0x01, 0x75,
    0x1F, 0x26, 0xF5, 0xFC, 0x9C, 0xF7, 0x1D, 0x9A, 0x3B, 0xC3, 0xFB, 0x06, 0x16, 0xA5, 0x8D, 0x4C,
    0x1B, 0x9A, 0x34, 0x6E, 0xEF, 0xEE, 0xEE, 0x0C, 0x9B, 0xA6, 0x58, 0xDE, 0xDD, 0x7D, 0x98, 0x34,
    0x4D, 0x8D, 0xBF, 0xFC, 0xEC, 0xA0, 0xCD, 0x4F, 0xF1, 0xEA, 0x77, 0xDE, 0xF9, 0xA2, 0x2F, 0x28,
    0x64, 0xA0, 0xA6, 0x98, 0x37, 0xB8, 0x4A, 0x70, 0x65, 0xBD, 0x33, 0x21, 0x7B, 0x74, 0x40, 0x25,
    0x35, 0x78, 0xD7, 0x48, 0xA8, 0xD0, 0x08, 0xE3, 0x19, 0x37, 0xF3, 0xD4, 0x12, 0xDD, 0xC7, 0x5C,
    0xA1, 0xA2, 0x2C, 0x84, 0x2D, 0x3D, 0xED, 0xC9, 0x2E, 0x34, 0x27, 0x0A, 0x74, 0x82, 0x77, 0x9B,
    0x7A, 0x78, 0x97, 0xC8, 0xB7, 0x14, 0x41, 0xA8, 0x23, 0xAE, 0x17, 0x3D, 0x4F, 0x1D, 0x04, 0x54,
    0x0A, 0xD5, 0x08, 0xD3, 0x88, 0x7C, 0xCD, 0xCF, 0x84, 0x2A, 0xC3, 0xBF, 0x1E, 0x8B, 0xBF, 0x1C,
    0x7B, 0x66, 0xCB, 0xCD, 0x3A, 0x9E, 0xEA, 0x2D, 0xB9, 0xE6, 0xFE, 0x9C, 0x64, 0xCA, 0x1F, 0x16,
    0xD1, 0xB3, 0x2A, 0x7C, 0x76, 0xEC, 0x67, 0x9B, 0x9E, 0x8E, 0x3D, 0x79, 0xB7, 0x7B, 0x3E, 0xDB,
    0xB9, 0x48, 0x96, 0x45, 0x99, 0x3C, 0xA9, 0x92, 0xDF, 0x97, 0xDB, 0x7E, 0xD6, 0xF3, 0x65, 0xCF,
    0x93, 0x4B, 0x6E, 0xE6, 0xAB, 0xBB, 0x3C, 0x26, 0x34, 0x64, 0x22, 0x41, 0xFC, 0xC3, 0xE4, 0x05,
    0xBA, 0xB6, 0xF0, 0xFD, 0xB4, 0xA9, 0xDF, 0xEB, 0x7D, 0x95, 0x06, 0x44, 0x15, 0x39, 0xF8, 0x95,
    0xE4, 0xE6, 0xFC, 0xF3, 0x32, 0xF2, 0xB4, 0xFD, 0x29, 0xF2, 0x25, 0xF9, 0xA0, 0x6C, 0x17, 0xCD,
    0x13, 0xBD, 0x49, 0x74, 0x8E, 0xC9, 0x25, 0x28, 0x7D, 0x94, 0x78, 0x54, 0x56, 0x89, 0xEA, 0xDF,
    0x56, 0x4E, 0xFD, 0xA2, 0x24, 0xCA, 0xA1, 0x17, 0x8A, 0x87, 0xE2, 0x66, 0x68, 0x6B, 0x76, 0x3A,
    0xBE, 0x51, 0x40, 0x8D, 0x25, 0xA1, 0x50, 0x59, 0x41, 0xAE, 0x5D, 0xFC, 0x32, 0xC1, 0xC2, 0xF4,
    0xB5, 0x85, 0xCB, 0x53, 0x52, 0x9B, 0x28, 0xA0, 0xC2, 0x66, 0x0C, 0x4A, 0x8A, 0x6A, 0xCC, 0x68,
    0xDD, 0xCE, 0x3F, 0xB4, 0xD1, 0x13, 0xF0, 0x38, 0xDD, 0x22, 0x3A, 0x22, 0x1A, 0x1A, 0x1A, 0xD6,
    0x34, 0x6C, 0x34, 0xD7, 0x86, 0x7B, 0x6E, 0x59, 0xD3, 0xAE, 0x51, 0x4A, 0x43, 0xC8, 0xB8, 0x46,
    0x11, 0x5A, 0x89, 0x1C, 0xA2, 0xF4, 0xA9, 0x4B, 0x5C, 0x42, 0x7C, 0xA5, 0x32, 0x51, 0x43, 0x1E,
    0x51, 0x5B, 0x76, 0x4E, 0x88, 0xEF, 0x04, 0xBE, 0xBA, 0xFD, 0x00, 0xF1, 0x4C, 0x67, 0x7B, 0x6F,
    0xD2, 0x32, 0x22, 0xF9, 0x4C, 0x51, 0x6C, 0x23, 0x39, 0x3D, 0x9E, 0xBE, 0x67, 0xD9, 0x61, 0xCB,
    0x0F, 0xD2, 0xE3, 0x75, 0xE2, 0xF7, 0x83, 0x07, 0x67, 0x5F, 0x01, 0x3F, 0xE1, 0x5D, 0xFE, 0xF5,
    0xD9, 0x56, 0x50, 0x9A, 0xB1, 0x2B, 0xE0, 0xA7, 0x17, 0x39, 0x4C, 0x83, 0xC7, 0xD7, 0xA5, 0x75,
    0x04, 0x09, 0x39, 0x60, 0x67, 0xC2, 0x5D, 0x34, 0x60, 0x4F, 0x12, 0xC6, 0x07, 0xBE, 0x26, 0xEB,
    0xFB, 0xC7, 0x76, 0x11, 0x1A, 0xC5, 0x8A, 0x6D, 0xC4, 0x4E, 0xBE, 0x11, 0x1A, 0x8A, 0xB2, 0xBE,
    0x6B, 0xF2, 0xC7, 0x9B, 0xCE, 0x27, 0xC5, 0x9A, 0xFF, 0xE4, 0x69, 0xDE, 0xF7, 0xF4, 0x66, 0xB8,
    0xF7, 0xDD, 0x1F, 0x67, 0xDD, 0x40, 0x6D, 0xFA, 0xA5, 0xF0, 0x75, 0x24, 0xD8, 0xC5, 0x31, 0x76,
    0x48, 0xC8, 0x8D, 0xC7, 0x42, 0xAE, 0x81, 0x2C, 0x42, 0x46, 0x50, 0x7F, 0x0D, 0x9E, 0xF7, 0x34,
    0x26, 0x80, 0x2C, 0x05, 0x52, 0x50, 0xD9, 0x47, 0x3C, 0x86, 0x24, 0xDE, 0xCE, 0xBB, 0x88, 0xCA,
    0x98, 0xFC, 0x7F, 0x6A, 0xB1, 0x27, 0x31, 0xE8, 0xD4, 0xE4, 0x7D, 0x4A, 0x13, 0xE1, 0x67, 0xE5,
    0x9F, 0x55, 0x61, 0x56, 0x8B, 0x59, 0x45, 0x66, 0x75, 0x99, 0x55, 0x67, 0x56, 0xA3, 0x59, 0xA5,
    0x68, 0xA8, 0x26, 0x7A, 0x79, 0xCF, 0xCC, 0x44, 0x35, 0x21, 0xF3, 0x89, 0x76, 0x21, 0x15, 0x13,
    0x05, 0x59, 0xFE, 0xB1, 0x8E, 0x31, 0xB7, 0x47, 0x6A, 0x6E, 0xB2, 0xE8, 0x23, 0x4D, 0x07, 0xD8,
    0x25, 0x63, 0x65, 0x07, 0x9E, 0x99, 0xE8, 0x8B, 0x6D, 0x3D, 0x51, 0x79, 0x13, 0x9B, 0x76, 0xAC,
    0x75, 0x82, 0xD8, 0x1E, 0x2B, 0x1E, 0x14, 0xD8, 0x47, 0x21, 0x74, 0x88, 0x69, 0x83, 0xF6, 0xC9,
    0x90, 0xF8, 0x38, 0x0F, 0x3D, 0xD3, 0xF5, 0x75, 0x1C, 0xA8, 0x0D, 0x41, 0xFB, 0x17, 0xC9, 0x2C,
    0x70, 0xE7, 0x36, 0x7A, 0x07, 0xE8, 0x2E, 0xD1, 0x9F, 0x6F, 0x08, 0xC7, 0xEC, 0x5F, 0x74, 0xB5,
    0x59, 0xF0, 0x54, 0xC2, 0x31, 0x0F, 0xE3, 0x05, 0xD2, 0x97, 0x9E, 0x4C, 0x82, 0x2C, 0xF2, 0x0C,
    0xE6, 0x0A, 0xD7, 0x04, 0x32, 0xF7, 0x65, 0xEE, 0xC9, 0x7D, 0x74, 0x56, 0xE8, 0x1D, 0xA0, 0x7B,
    0x13, 0xFD, 0x31, 0x06, 0x56, 0x30, 0xB2, 0x88, 0xA1, 0x79, 0xC6, 0xF2, 0x9C, 0x21, 0xC3, 0xAB,
    0xC8, 0xFB, 0x05, 0x05, 0x82, 0x2E, 0xFA, 0xB2, 0x03, 0x40, 0x72, 0x35, 0xA0, 0x02, 0x76, 0xC3,
    0x39, 0x02, 0x1E, 0x09, 0xCC, 0x1F, 0x68, 0x28, 0x94, 0xB9, 0xDA, 0x31, 0x58, 0x31, 0xA0, 0x6D,
    0x74, 0x56, 0x6E, 0xEE, 0x43, 0xF3, 0x9E, 0x75, 0x09, 0xA3, 0x51, 0xA4, 0x7C, 0xB4, 0x22, 0x15,
    0x4A, 0x1F, 0x6A, 0xF5, 0x2D, 0x80, 0xC0, 0x6A, 0x03, 0xC6, 0x22, 0x08, 0x2A, 0x24, 0xA3, 0x1B,
    0x03, 0x8E, 0x9B, 0x17, 0xEC, 0xBA, 0xA1, 0x09, 0x58, 0x03, 0x25, 0x34, 0x78, 0xA0, 0xEE, 0xD2,
    0xCB, 0x3C, 0x50, 0x04, 0x61, 0x5B, 0xF0, 0x45, 0xBD, 0x85, 0x15, 0xE4, 0x14, 0x0C, 0x68, 0x90,
    0x05, 0x9F, 0x2D, 0xFD, 0x37, 0x2D, 0xAF, 0x96, 0x2F, 0xA5, 0x6E, 0x49, 0xA9, 0x57, 0xD0, 0x11,
    0xC0, 0xEA, 0x10, 0xA5, 0x82, 0x1B, 0x4A, 0x3F, 0xA3, 0x22, 0xD0, 0x4E, 0xCE, 0x45, 0x28, 0xD7,
    0x08, 0x08, 0x81, 0xA2, 0x97, 0x50, 0x16, 0x81, 0x89, 0x1D, 0x20, 0x62, 0x67, 0x1C, 0x21, 0xA0,
    0xF3, 0x98, 0x92, 0xEB, 0x15, 0x25, 0x6F, 0x57, 0x90, 0x0B, 0xFE, 0x69, 0xE0, 0x8C, 0xE7, 0xF8,
    0x06, 0xB6, 0xAC, 0xA1, 0x8E, 0x2F, 0x45, 0x74, 0x6E, 0x00, 0x81, 0x2A, 0x60, 0x66, 0x79, 0x48,
    0xF4, 0x9F, 0x92, 0x9C, 0x97, 0x19, 0xFB, 0x91, 0x5C, 0x43, 0x0C, 0xB3, 0x6D, 0x91, 0x34, 0xA5,
    0x89, 0x76, 0xA2, 0xDA, 0xC2, 0xAA, 0x5C, 0xDE, 0xDD, 0xBD, 0x0F, 0x9C, 0x2C, 0xAF, 0xF2, 0xE0,
    0x5B, 0x6C, 0x35, 0xDA, 0x5F, 0x22, 0x5E, 0x07, 0x59, 0xE9, 0x87, 0x00, 0xC1, 0xDD, 0x3D, 0x98,
    0xE5, 0x7C, 0xF3, 0x82, 0x87, 0xDE, 0x7D, 0x07, 0x55, 0xD4, 0x40, 0x0E, 0xF7, 0x53, 0x72, 0x8E,
    0xAC, 0xF1, 0x7C, 0xB5, 0xCA, 0x43, 0xE6, 0xA6, 0xA5, 0x40, 0x8C, 0xEC, 0x0C, 0xEA, 0x8C, 0xEA,
    0x56, 0x17, 0xA6, 0xB9, 0xCF, 0x13, 0x20, 0x94, 0x9E, 0x0E, 0xF3, 0xD2, 0x08, 0xDF, 0xDF, 0x02,
    0x9B, 0x7D, 0xB8, 0xC4, 0x1C, 0x00, 0xD2, 0x63, 0xF0, 0x5D, 0xB1, 0xD1, 0xCA, 0xD1, 0xB3, 0x82,
    0xAF, 0xD8, 0x02, 0x7D, 0x7B, 0x32, 0xD0, 0x68, 0x43, 0xC6, 0xED, 0x9F, 0x74, 0xBE, 0xED, 0xFB,
    0x53, 0x64, 0xF7, 0x68, 0x63, 0x4F, 0xF1, 0x47, 0x35, 0x8B, 0x48, 0x4D, 0x6A, 0x4F, 0xC1, 0x9D,
    0x1F, 0x59, 0x38, 0xA7, 0xFD, 0x4D, 0xFB, 0x27, 0xBF, 0xD4, 0x7E, 0x71, 0xC5, 0xDE, 0xEF, 0x53,
    0x00, 0xFB, 0xEC, 0xC7, 0x14, 0x3E, 0x51, 0x4E, 0xD5, 0x23, 0xFF, 0xBF, 0xBE, 0x4E, 0xD7, 0x37,
    0x29, 0x1D, 0x6A, 0xFF, 0x65, 0x75, 0x79, 0xF8, 0xB7, 0xEB, 0x20, 0x97, 0xFC, 0xDB, 0x78, 0x75,
    0x4D, 0xD7, 0xE6, 0x8F, 0xDC, 0x7B, 0x7F, 0x34, 0xD4, 0x09, 0xA5, 0xFB, 0xB4, 0xA0, 0xF8, 0x3C,
    0x84, 0xBB, 0xC5, 0x48, 0xE0, 0x8D, 0x77, 0x3A, 0x4E, 0x13, 0x9D, 0x34, 0xAA, 0xCD, 0x23, 0x86,
    0x56, 0x1A, 0x3B, 0x66, 0xA5, 0x5D, 0xA2, 0xD1, 0x19, 0x64, 0x01, 0xC3, 0xEA, 0x64, 0x0F, 0x6A,
    0x3B, 0x68, 0x41, 0x61, 0x63, 0x3C, 0x68, 0x17, 0x4D, 0x07, 0xED, 0xA2, 0x03, 0xD6, 0xD0, 0x8C,
    0x07, 0x03, 0x79, 0x82, 0x22, 0x85, 0x60, 0x16, 0xFD, 0x03, 0x02, 0xC8, 0xF6, 0xF8, 0xDC, 0xB6,
    0x31, 0xCA, 0x31, 0xCE, 0xE7, 0xAF, 0x2D, 0xD8, 0x4E, 0xE4, 0x16, 0x1C, 0xE4, 0xA0, 0xF1, 0x02,
    0xE1, 0xDC, 0x68, 0xF2, 0x41, 0x30, 0xC8, 0xDA, 0x63, 0xD3, 0x16, 0xD5, 0xC6, 0x47, 0x34, 0x3A,
    0x85, 0x13, 0x7B, 0xD6, 0xC1, 0xD0, 0x28, 0x43, 0xD0, 0xB8, 0x6D, 0xD3, 0x0F, 0x64, 0x29, 0x73,
    0x8D, 0x3C, 0x39, 0x83, 0x99, 0x1D, 0x4E, 0x99, 0xF1, 0x21, 0xEB, 0x8C, 0x98, 0x3D, 0xC2, 0x56,
    0x6E, 0x98, 0x29, 0x98, 0x71, 0x48, 0x05, 0x7A, 0xCA, 0x90, 0xCF, 0xEA, 0xE8, 0x15, 0x86, 0x88,
    0xDD, 0xE4, 0x98, 0x68, 0xF9, 0x01, 0xD9, 0x78, 0x0F, 0x6B, 0x1B, 0xF2, 0xF5, 0x1E, 0x76, 0x63,
    0xEA, 0xE5, 0xBE, 0x41, 0xE0, 0x7B, 0x99, 0x97, 0xC7, 0x14, 0x79, 0xDA, 0xCD, 0xCF, 0x61, 0xAD,
    0xE4, 0x74, 0x20, 0x69, 0xB3, 0x82, 0x43, 0xAB, 0x11, 0xB6, 0x1E, 0xD3, 0x65, 0xDD, 0x8E, 0xED,
    0x49, 0x7E, 0xC5, 0x58, 0x93, 0xF7, 0x5B, 0xFB, 0xC5, 0x6D, 0x14, 0xF6, 0xDA, 0xA4, 0xE1, 0x2E,
    0xBD, 0xF2, 0xC0, 0x04, 0x8C, 0x11, 0xD8, 0x21, 0x5E, 0xD9, 0xFE, 0x29, 0xAC, 0x88, 0xBC, 0xA5,
    0x58, 0xA4, 0x63, 0x16, 0x08, 0x5B, 0x2E, 0x75, 0x2A, 0x08, 0xE3, 0x94, 0x10, 0xC5, 0x0A, 0x62,
    0xC5, 0x60, 0x35, 0x0F, 0x3D, 0x16, 0x01, 0x9C, 0x82, 0x0C, 0xC7, 0xC0, 0x11, 0x05, 0x0A, 0xCC,
    0x03, 0x89, 0x0E, 0xC1, 0x8C, 0x05, 0xB3, 0x9D, 0x3F, 0xC9, 0x70, 0x8B, 0xF9, 0xD4, 0x6D, 0x15,
    0x59, 0xC7, 0xA5, 0x74, 0xA5, 0xE6, 0xBA, 0xDE, 0xCB, 0xE8, 0xC8, 0x2D, 0x2C, 0x8A, 0x18, 0x78,
    0xB0, 0xF2, 0x32, 0x98, 0xB6, 0x24, 0x89, 0x76, 0xC1, 0x4A, 0xB3, 0xAC, 0xBE, 0xE1, 0x3A, 0x54,
    0x2C, 0xE2, 0x11, 0x87, 0x76, 0x60, 0x58, 0xD3, 0xAE, 0xD5, 0xB7, 0x63, 0xD5, 0x8D, 0xAD, 0xB6,
    0xAB, 0xAF, 0xA8, 0x6A, 0xA1, 0x30, 0x91, 0x6E, 0xC5, 0x35, 0xAB, 0xDB, 0xB5, 0xBA, 0xBF, 0x47,
    0x0E, 0xE7, 0xA3, 0x08, 0xE7, 0x46, 0xCF, 0xD5, 0x3F, 0xD7, 0x6D, 0x3C, 0x72, 0xD8, 0x89, 0x51,
    0x58, 0x2E, 0x8D, 0xCA, 0xCA, 0x4C, 0xA6, 0xB6, 0x31, 0x0A, 0xD4, 0x62, 0x14, 0xC8, 0x79, 0x1B,
    0xB3, 0x6C, 0xF9, 0x11, 0x14, 0xA5, 0x0C, 0x1D, 0x57, 0x9E, 0x37, 0x00, 0x76, 0xDD, 0xD4, 0xC0,
    0x03, 0x6C, 0xDA, 0xFF, 0x53, 0xD9, 0xD1, 0x8A, 0x2B, 0xF8, 0x4E, 0x5B, 0xF0, 0xF8, 0x42, 0x95,
    0xAF, 0x21, 0x4E, 0xAA, 0x11, 0xB1, 0xCB, 0x6A, 0x17, 0x7D, 0x48, 0xDA, 0xC3, 0xE6, 0x51, 0x91,
    0x34, 0x37, 0xF4, 0x69, 0x25, 0x6A, 0x6E, 0x64, 0x01, 0xF2, 0x7E, 0xA4, 0xE4, 0x9C, 0xFF, 0x9B,
    0xAF, 0x40, 0x58, 0x37, 0x6B, 0x8E, 0x9D, 0xAC, 0xA9, 0x51, 0x9A, 0x51, 0xE1, 0x76, 0xED, 0x65,
    0x4D, 0x95, 0xD8, 0x3B, 0xC1, 0x43, 0xC9, 0x77, 0x89, 0x73, 0x38, 0x26, 0x96, 0x60, 0xA4, 0xE8,
    0x27, 0x60, 0xFB, 0x1C, 0x5E, 0x4D, 0x1B, 0x75, 0xA7, 0xB9, 0x49, 0xE9, 0x9E, 0xA1, 0xAB, 0x5F,
    0x47, 0x24, 0xF6, 0xE0, 0x90, 0xC7, 0x17, 0x88, 0xDE, 0xE7, 0xAD, 0x20, 0x72, 0x61, 0x26, 0x59,
    0xC2, 0xD4, 0x23, 0x2A, 0xD1, 0xA9, 0x3A, 0x44, 0x54, 0xAE, 0xD2, 0xA2, 0x8D, 0x4F, 0xBA, 0xD2,
    0xDC, 0xC3, 0xB6, 0xD8, 0x3D, 0xE6, 0xED, 0x13, 0xAA, 0x90, 0x03, 0x91, 0xAD, 0x7D, 0xC0, 0xC9,
    0xE8, 0x25, 0x7A, 0x9D, 0xE7, 0x2D, 0x5E, 0x61, 0xD7, 0x5A, 0x2A, 0x96, 0x9E, 0xC3, 0x94, 0x5B,
    0x1E, 0xF6, 0x41, 0xF4, 0xAD, 0xC2, 0xA9, 0x87, 0x88, 0x9A, 0xF0, 0xFD, 0x1F, 0xC0, 0x5E, 0xB5,
    0xB3, 0x57, 0xBF, 0xE3, 0xD4, 0x43, 0x49, 0xF7, 0x7E, 0x03, 0x53, 0xE6, 0xC8, 0xE6, 0xCD, 0xD5,
    0x16, 0x8C, 0xC8, 0x46, 0xD6, 0x1B, 0x1C, 0xD8, 0x37, 0x14, 0x05, 0x7F, 0xC0, 0xA5, 0xED, 0x77,
    0x77, 0xB4, 0x73, 0xA7, 0x56, 0x80, 0x42, 0x5A, 0x9B, 0x47, 0x3C, 0x2D, 0x00, 0x93, 0x18, 0xAF,
    0xE3, 0x16, 0xC4, 0x03, 0x6D, 0xC4, 0xD3, 0x2C, 0xF8, 0x78, 0x7C, 0x01, 0x68, 0xAF, 0x0C, 0x8B,
    0x76, 0x1C, 0xFB, 0x71, 0xDD, 0x06, 0x0D, 0x3B, 0xDC, 0xDE, 0x11, 0x24, 0x9F, 0x14, 0x98, 0xB2,
    0x18, 0xCA, 0x4E, 0xA4, 0x7A, 0x42, 0xFA, 0x05, 0xE5, 0xE2, 0x88, 0x4C, 0x27, 0xF8, 0x30, 0x8B,
    0xDD, 0x97, 0xBA, 0x67, 0xB1, 0xE9, 0x4B, 0xEF, 0x5A, 0x2B, 0x35, 0x60, 0x57, 0x4B, 0xBA, 0x23,
    0x7D, 0x7B, 0x8F, 0x5A, 0x60, 0xF1, 0xD6, 0x59, 0x65, 0x58, 0x09, 0x86, 0xBF, 0xB0, 0x78, 0x81,
    0xA2, 0x45, 0xDC, 0xA8, 0x7E, 0x3A, 0x20, 0xF7, 0xCF, 0x86, 0x7E, 0x96, 0x7E, 0x5B, 0x21, 0x18,
    0xF4, 0xAF, 0xD2, 0xEF, 0x29, 0xF7, 0x5F, 0x38, 0x59, 0x3F, 0x1A, 0xD8, 0x71, 0x9E, 0xD7, 0x66,
    0x7B, 0x16, 0xAA, 0xB2, 0xB6, 0x04, 0x13, 0x4F, 0x31, 0xD6, 0x31, 0xB8, 0x0F, 0x47, 0xED, 0xE9,
    0x73, 0x72, 0x3E, 0x67, 0x48, 0x48, 0xA4, 0x90, 0x37, 0x08, 0xC5, 0x59, 0x52, 0x48, 0x9C, 0x27,
    0x75, 0x89, 0x33, 0xA5, 0x98, 0x38, 0x57, 0xEA, 0x11, 0x67, 0x4B, 0xEB, 0x2D, 0x4E, 0x5A, 0xB0,
    0x69, 0x2B, 0x37, 0x9F, 0xA5, 0x1A, 0x31, 0x40, 0xC0, 0x8A, 0x7C, 0x87, 0x40, 0x15, 0xB5, 0x18,
    0x3D, 0x79, 0x4E, 0x59, 0xBB, 0xC5, 0xA0, 0xDC, 0x30, 0x78, 0xD8, 0x6A, 0xAB, 0xC5, 0xE8, 0xC9,
    0xC3, 0x27, 0x1F, 0x05, 0xF9, 0xB8, 0xF2, 0xB2, 0xD9, 0xC1, 0xD3, 0xD6, 0x76, 0x71, 0xA3, 0x49,
    0x65, 0xF7, 0x33, 0x02, 0x6B, 0x32, 0x83, 0xE1, 0x8F, 0xFC, 0x7C, 0x5C, 0x79, 0xE6, 0xF4, 0xF9,
    0x7D, 0x9B, 0x68, 0x81, 0x81, 0xB4, 0x55, 0x9F, 0xE8, 0xB3, 0xA8, 0x9F, 0x42, 0xB4, 0xEF, 0x22,
    0x2F, 0x4B, 0x5D, 0x3E, 0x14, 0xB8, 0xB2, 0x9F, 0x36, 0xBD, 0x98, 0x56, 0xB7, 0x1F, 0x3D, 0xDF,
    0xC5, 0x31, 0xCC, 0x69, 0xC1, 0xC9, 0x81, 0xD3, 0xD6, 0x46, 0x80, 0xBF, 0x44, 0x46, 0x33, 0x46,
    0x3F, 0xF9, 0x3D, 0xED, 0xE9, 0x43, 0xEE, 0xA1, 0xBD, 0xA0, 0x4E, 0x5B, 0xA7, 0xB7, 0x97, 0x27,
    0x17, 0xAB, 0x6F, 0xFC, 0xFD, 0x35, 0x2E, 0x65, 0xF3, 0xFC, 0x7E, 0x70, 0xC6, 0x2B, 0x56, 0x52,
    0x45, 0xA5, 0xC8, 0x03, 0x83, 0xB3, 0x50, 0x9D, 0xF1, 0x1F, 0x2B, 0x38, 0x87, 0x02, 0x23, 0xF2,
    0xA8, 0x4C, 0xAA, 0xB3, 0xAD, 0x70, 0x55, 0x60, 0x7A, 0x9D, 0x5E, 0xE7, 0xAC, 0x5C, 0x96, 0x65,
    0xAA, 0x5E, 0x4F, 0xEF, 0xFF, 0x01, 0x75, 0x54, 0x31, 0x8C, 0x23, 0x35, 0x14, 0x7D, 0x63, 0x83,
    0x7C, 0x3A, 0xC3, 0x7A, 0x5B, 0x74, 0x4A, 0xDC, 0x52, 0xEC, 0xED, 0x50, 0x6C, 0x11, 0xC1, 0x24,
    0xF1, 0x89, 0xE2, 0x8A, 0x6B, 0x4E, 0xD7, 0x52, 0x2C, 0x15, 0xF5, 0x15, 0x29, 0xA6, 0x48, 0x2E,
    0xBE, 0x6B, 0x28, 0xE8, 0x10, 0x3D, 0x74, 0x14, 0x34, 0x2B, 0x91, 0x62, 0x85, 0x86, 0x8B, 0x11,
    0x25, 0x8D, 0x8F, 0xE6, 0x68, 0x90, 0x8C, 0x40, 0xB4, 0xB8, 0x18, 0xA4, 0x39, 0x91, 0xCB, 0xF0,
    0xED, 0x6C, 0xA2, 0x5D, 0x24, 0xC6, 0x3F, 0x93, 0xB1, 0xFD, 0xED, 0xFF, 0xFE, 0xFB, 0xCF, 0x06,
    0x80, 0xB5, 0xE5, 0x2F, 0xA3, 0x32, 0x6D, 0x89, 0x6E, 0x8C, 0x6E, 0x81, 0xAE, 0x41, 0xDB, 0x14,
    0xED, 0x86, 0xC5, 0x0D, 0x0F, 0x8D, 0x70, 0x13, 0x0D, 0xDD, 0x91, 0x1F, 0xB8, 0xE5, 0x2E, 0xFD,
    0x4F, 0xA1, 0xA8, 0x1D, 0x61, 0x80, 0x13, 0x54, 0xB9, 0x95, 0x06, 0x78, 0x08, 0x1E, 0xA1, 0x02,
    0x3E, 0x08, 0xF8, 0xDA, 0xB3, 0xCF, 0x9C, 0x54, 0xEE, 0x44, 0xD9, 0x65, 0xBF, 0x49, 0xB3, 0x65,
    0x5A, 0xC5, 0x7B, 0x8F, 0xFC, 0xF0, 0xBE, 0x15, 0x78, 0x7C, 0x1B, 0xC7, 0x6F, 0x01, 0xBA, 0x37,
    0xEF, 0x9C, 0x3B, 0xF0, 0x40, 0xF6, 0x98, 0x87, 0x56, 0xF8, 0xEF, 0xB5, 0x2D, 0x5F, 0xE3, 0xEA,
    0x59, 0x7A, 0xF6, 0x77, 0x14, 0x8E, 0xF0, 0x99, 0xB4, 0x47, 0x6F, 0xA6, 0x1F, 0xB9, 0x05, 0xF7,
    0xF3, 0x6C, 0x95, 0x74, 0xA7, 0xDA, 0xC8, 0xBD, 0xF3, 0xB4, 0x8F, 0x67, 0x45, 0xF8, 0x98, 0x40,
    0x4A, 0x43, 0xF0, 0x08, 0x17, 0x56, 0x00, 0x6D, 0xBC, 0x1F, 0x78, 0x37, 0xBB, 0x15, 0xBD, 0x17,
    0x7F, 0xB6, 0xCA, 0x76, 0xCA, 0xB6, 0xEA, 0x87, 0x28, 0xFE, 0x31, 0xAC, 0x87, 0x3E, 0x77, 0x73,
    0x11, 0x3A, 0x1E, 0x36, 0xDC, 0x2F, 0xA4, 0xD3, 0xDB, 0x3D, 0x80, 0xB5, 0x11, 0x2F, 0x83, 0x7A,
    0x1A, 0x35, 0x88, 0xA0, 0x56, 0x17, 0xAD, 0xFA, 0x34, 0x8A, 0x3E, 0x26, 0xC0, 0xC2, 0x8D, 0x94,
    0xAD, 0x4E, 0xAF, 0xD8, 0xC1, 0xC5, 0x0D, 0x5B, 0x93, 0xCF, 0xB5, 0xEE, 0x92, 0xBA, 0xC8, 0x83,
    0x87, 0x8D, 0x77, 0xDF, 0x02, 0x78, 0x0E, 0x16, 0x21, 0x1D, 0xB4, 0x21, 0x92, 0x30, 0x06, 0xE6,
    0x40, 0x93, 0x6D, 0xB3, 0xFF, 0xA0, 0x91, 0x09, 0xA0, 0x0C, 0xD5, 0x20, 0xA7, 0x60, 0x51, 0xC4,
    0x3C, 0x31, 0x4E, 0xC4, 0x26, 0x7A, 0xAF, 0x1B, 0xB9, 0x2E, 0xD2, 0xE2, 0xA2, 0x85, 0xF0, 0x89,
    0xFE, 0xCB, 0x03, 0x9D, 0xDA, 0xE9, 0x4F, 0xBC, 0x7A, 0xEA, 0x15, 0x73, 0x03, 0xEE, 0x4E, 0xB8,
    0xAD, 0xB8, 0x1D, 0x09, 0x33, 0x13, 0x5F, 0xAC, 0x28, 0xA3, 0xA5, 0x65, 0x3E, 0x4A, 0x62, 0x06,
    0x4D, 0x89, 0x66, 0x82, 0x66, 0x8C, 0xCD, 0x22, 0x69, 0xA2, 0x5D, 0xB0, 0x38, 0xE6, 0xAE, 0x94,
    0x46, 0x50, 0xB2, 0xD2, 0x62, 0x69, 0xE4, 0x5F, 0x78, 0x33, 0x97, 0x35, 0x85, 0x3B, 0x80, 0x26,
    0xC4, 0x1D, 0x8A, 0x8E, 0x6A, 0x61, 0x8B, 0xB5, 0x15, 0x3F, 0x27, 0x61, 0x09, 0xB4, 0x09, 0x2E,
    0xF7, 0x69, 0xE1, 0x30, 0x15, 0x85, 0xB9, 0x63, 0x05, 0x3F, 0xF9, 0xC6, 0xF5, 0xBD, 0xC3, 0xDA,
    0xF3, 0xD0, 0x09, 0xD7, 0x30, 0x93, 0x17, 0x13, 0xE2, 0x9E, 0x68, 0x09, 0x44, 0xCA, 0x31, 0x8B,
    0x35, 0xC5, 0x15, 0xB9, 0x1C, 0x94, 0x4C, 0x12, 0x58, 0xC4, 0xFB, 0x11, 0xDF, 0x06, 0xF6, 0xA3,
    0x97, 0xC2, 0x0D, 0xA4, 0x9B, 0xF6, 0x5B, 0x68, 0x9B, 0xA8, 0x29, 0xA9, 0x8E, 0x81, 0xF5, 0x1D,
    0x27, 0xC3, 0x19, 0xF1, 0x4A, 0x15, 0x57, 0xBD, 0x79, 0x83, 0x36, 0xA4, 0x85, 0x2C, 0x9E, 0xB1,
    0x78, 0xC9, 0x03, 0x15, 0xF7, 0x0E, 0x09, 0x66, 0x69, 0xF9, 0x8B, 0xA0, 0x6C, 0xD0, 0x30, 0x04,
    0x7F, 0xB9, 0xC5, 0x73, 0x65, 0x1B, 0xE9, 0x48, 0xEE, 0xF4, 0x9E, 0x2B, 0x3B, 0xD6, 0x90, 0x1D,
    0x89, 0xB3, 0x2D, 0x49, 0x54, 0x08, 0xEF, 0x31, 0x92, 0xA8, 0x21, 0xD5, 0x93, 0xE4, 0x31, 0x02,
    0x22, 0x0A, 0x9F, 0x6A, 0x21, 0x91, 0x12, 0xDA, 0xA7, 0x30, 0x4F, 0x1B, 0xFC, 0x16, 0x39, 0xE5,
    0xDE, 0x5B, 0xFD, 0x65, 0x98, 0xF0, 0x38, 0x2F, 0xE2, 0x9C, 0xC5, 0x89, 0x70, 0x72, 0x0B, 0xB6,
    0x85, 0x7A, 0xE0, 0x26, 0xDC, 0x8F, 0x09, 0x06, 0x0F, 0xF4, 0x9E, 0x2A, 0x2F, 0x89, 0x01, 0x65,
    0x8F, 0x95, 0x89, 0x13, 0xBC, 0xBA, 0x44, 0x49, 0x47, 0xE4, 0xEC, 0x86, 0x4D, 0xFB, 0xF6, 0x3F,
    0xDD, 0x34, 0x72, 0xED, 0xB9, 0xEA, 0x0A, 0x8B, 0x27, 0x89, 0x79, 0x2A, 0xA3, 0xCA, 0x5A, 0x2A,
    0xF7, 0x95, 0xB9, 0x6E, 0x34, 0xA2, 0x89, 0x16, 0x9B, 0x0E, 0x05, 0x4C, 0x5E, 0x4F, 0x11, 0xDB,
    0xBD, 0xC2, 0xCA, 0x3C, 0x7D, 0xB0, 0x5D, 0x7D, 0xC7, 0xB9, 0xB2, 0x5D, 0xA6, 0xDF, 0x25, 0x65,
    0x3D, 0xA4, 0x6A, 0x6C, 0xBF, 0x12, 0xCF, 0xFC, 0x90, 0xB9, 0x8A, 0xBB, 0x9A, 0xDB, 0x95, 0x30,
    0x17, 0x0A, 0x2B, 0x8D, 0xFA, 0x1C, 0xE5, 0xFD, 0x50, 0x6C, 0x21, 0x1F, 0x98, 0x81, 0x34, 0x95,
    0x42, 0xBD, 0xC0, 0x3A, 0xA4, 0x83, 0x48, 0x56, 0xDD, 0x82, 0x24, 0x2D, 0xD0, 0xEC, 0x87, 0xEE,
    0x2E, 0xF3, 0x55, 0x11, 0xEA, 0xC2, 0xAF, 0x98, 0x5F, 0x71, 0x47, 0x3B, 0x54, 0xC3, 0x34, 0xAB,
    0x48, 0x09, 0x2F, 0x3C, 0x7E, 0x37, 0xF8, 0x2E, 0xA3, 0x9A, 0xA3, 0xF8, 0x15, 0x9C, 0xEE, 0x1B,
    0x69, 0x1A, 0xE1, 0xD9, 0x6B, 0xBC, 0x4D, 0x87, 0x99, 0xD0, 0x73, 0x57, 0xAC, 0x9D, 0xBA, 0x6F,
    0xAB, 0x1C, 0xA5, 0xAA, 0xA0, 0x03, 0xB4, 0xCB, 0x33, 0x16, 0xC2, 0x40, 0x6A, 0xAB, 0x3E, 0xF7,
    0xEA, 0x9E, 0xD7, 0x07, 0xA9, 0x8B, 0x9D, 0xD4, 0xCD, 0x05, 0x0F, 0x37, 0x3C, 0x45, 0xA7, 0xB8,
    0x3F, 0xBA, 0x8D, 0xC1, 0x08, 0x83, 0x88, 0xB2, 0x4E, 0xBB, 0x8D, 0x86, 0x98, 0x29, 0xF2, 0xF4,
    0xDA, 0x71, 0xC7, 0xAD, 0x30, 0x32, 0xDF, 0x79, 0xC3, 0xAB, 0x5B, 0x6F, 0x44, 0xAD, 0x34, 0x4B,
    0xFD, 0x8C, 0x00, 0x3F, 0xFA, 0xA5, 0x82, 0xBA, 0x17, 0x09, 0x01, 0xA5, 0x04, 0x8A, 0x55, 0x83,
    0xA2, 0xCD, 0x50, 0x51, 0x24, 0x50, 0xC4, 0x88, 0x99, 0x24, 0xC5, 0x10, 0x41, 0x4F, 0xE8, 0x00,
    0x5A, 0xF5, 0xE8, 0xFF, 0x51, 0xFD, 0x14, 0xF8, 0x1F, 0x2B, 0xEE, 0x6B, 0x61, 0x6B, 0x69, 0x66,
    0x2A, 0xAD, 0x89, 0x47, 0xCC, 0x0F, 0xA5, 0x39, 0x7D, 0x95, 0xEE, 0x33, 0x92, 0x5E, 0x4D, 0x72,
    0xC3, 0x8E, 0x43, 0xAB, 0x98, 0x49, 0x64, 0xB4, 0xF9, 0xBC, 0x2B, 0x9C, 0x49, 0x54, 0x47, 0x50,
    0xC4, 0x30, 0xE1, 0x9D, 0xB6, 0xBB, 0x3B, 0xFA, 0x6E, 0xBE, 0xA1, 0x47, 0xF4, 0xD3, 0xF6, 0x5F,
    0x6D, 0x57, 0x41, 0x6C, 0xDC, 0x68, 0x15, 0x7E, 0xF6, 0xBF, 0x8D, 0x4B, 0xDC, 0xC4, 0x45, 0x5A,
    0x24, 0x20, 0x69, 0xCC, 0xA1, 0x87, 0x6A, 0x93, 0xC5, 0x01, 0x05, 0x14, 0x44, 0x32, 0xB6, 0xA8,
    0x10, 0x07, 0x54, 0xA9, 0x07, 0x10, 0x87, 0x1E, 0xB9, 0xA0, 0x0A, 0x29, 0x11, 0xAA, 0xD4, 0x4A,
    0x64, 0x66, 0x9C, 0x72, 0x63, 0x0F, 0xF4, 0xB2, 0x67, 0x22, 0xE8, 0x4A, 0xBB, 0x93, 0xC3, 0x04,
    0xA9, 0x02, 0xA9, 0x9A, 0x89, 0xDD, 0xF6, 0xD0, 0xC3, 0x1E, 0xB0, 0x40, 0x68, 0x0F, 0x7B, 0xC0,
    0xB0, 0x3D, 0x40, 0x72, 0x88, 0x77, 0xEB, 0x22, 0x67, 0xE2, 0xB1, 0xF9, 0xBE, 0xDF, 0x33, 0xED,
    0x56, 0xDA, 0x51, 0xE7, 0xFD, 0xCD, 0xCC, 0xEF, 0xFF, 0x7F, 0xEF, 0x7B, 0xDF, 0xFB, 0xDE, 0x1B,
    0x59, 0x18, 0x8B, 0x48, 0x15, 0x85, 0xA2, 0x32, 0x27, 0x14, 0x27, 0x9E, 0x15, 0x71, 0x03, 0x7C,
    0xE4, 0xE3, 0x2D, 0x6D, 0xB3, 0xD7, 0x0B, 0x07, 0x56, 0x5D, 0xC7, 0x03, 0x29, 0x15, 0x4C, 0xA1,
    0xC2, 0x81, 0xE4, 0x66, 0xD0, 0x32, 0x32, 0xEC, 0x3B, 0x1E, 0xDD, 0x17, 0xB3, 0xAE, 0x73, 0x11,
    0x95, 0x60, 0xB7, 0xA5, 0x4D, 0x6C, 0x88, 0xD8, 0x3C, 0xC6, 0x09, 0xE7, 0x44, 0xBC, 0x60, 0x45,
    0xA4, 0xAE, 0x4B, 0x7C, 0xF3, 0x87, 0x58, 0xE4, 0x6F, 0xA1, 0xC8, 0xDF, 0x03, 0x3C, 0x94, 0x8A,
    0xF7, 0x71, 0x29, 0xF5, 0x6F, 0x3B, 0xEA, 0xF9, 0xB5, 0x4D, 0xE7, 0xC9, 0xDC, 0x65, 0xF7, 0x47,
    0x17, 0xC4, 0xB7, 0x16, 0xA5, 0x33, 0x7B, 0x45, 0x86, 0x73, 0x6B, 0x32, 0xB8, 0xB0, 0x2A, 0xE5,
    0xE2, 0xB6, 0x94, 0x57, 0xB6, 0x65, 0xB0, 0xBE, 0x27, 0x83, 0xB5, 0x44, 0x36, 0x57, 0xE3, 0xD0,
    0xFB, 0xD3, 0xD3, 0xD8, 0x3E, 0xAB, 0x71, 0x68, 0xA1, 0x8F, 0x32, 0x9E, 0x88, 0x18, 0x4F, 0xF1,
    0xFE, 0x21, 0x1D, 0xDE, 0x3A, 0xC5, 0xE5, 0x23, 0x44, 0xE3, 0x07, 0x6E, 0x2C, 0x25, 0xE2, 0x51,
    0x99, 0xD8, 0xA1, 0x4D, 0xCF, 0x1C, 0xDC, 0x0F, 0x7F, 0x18, 0x9B, 0x93, 0x1F, 0x4A, 0xC7, 0xFE,
    0x2C, 0x92, 0xA1, 0xF1, 0x62, 0x5E, 0x06, 0x46, 0xF1, 0x86, 0x94, 0x26, 0xC2, 0x28, 0xB1, 0x1B,
    0x26, 0x15, 0x19, 0x30, 0xA2, 0xB6, 0x85, 0x47, 0x7C, 0x3B, 0x5E, 0x15, 0xF7, 0x77, 0xBB, 0xA9,
    0x58, 0xF5, 0x09, 0xFE, 0xEE, 0x9E, 0xF2, 0x18, 0x86, 0xB4, 0x30, 0xEA, 0x95, 0x62, 0xE4, 0xB2,
    0x23, 0x66, 0x26, 0xEB, 0x00, 0x50, 0xD6, 0x04, 0xCF, 0x5E, 0x9C, 0xA0, 0xC1, 0xEB, 0xEC, 0x78,
    0x7A, 0xB1, 0x53, 0x03, 0x68, 0xB7, 0xF7, 0x3E, 0x9E, 0xA5, 0xA3, 0x34, 0x76, 0x8D, 0x30, 0x66,
    0x0E, 0x3F, 0x20, 0xD0, 0xFC, 0x6C, 0x40, 0x43, 0xA4, 0x16, 0xEA, 0x7B, 0xB8, 0xB7, 0xCE, 0xF4,
    0xC6, 0x0A, 0xB1, 0x55, 0x51, 0x0C, 0x74, 0x9D, 0x04, 0x98, 0xE2, 0x58, 0x57, 0x54, 0xF0, 0xEA,
    0x94, 0xC6, 0xB8, 0x78, 0xAB, 0xBA, 0x4E, 0xC4, 0xEC, 0x1F, 0x85, 0xC4, 0x1E, 0x27, 0xF7, 0x8F,
    0x02, 0x5C, 0x5B, 0x23, 0x62, 0x27, 0x98, 0x6C, 0x91, 0x0D, 0x9A, 0x17, 0x74, 0xAF, 0xCE, 0x97,
    0x18, 0x46, 0x21, 0x6F, 0x0A, 0xF0, 0xE2, 0x6B, 0x51, 0x5B, 0x44, 0xA2, 0x5F, 0xDB, 0xCD, 0x02,
    0x2C, 0xFC, 0xCC, 0xBB, 0xFB, 0x4F, 0x24, 0xEC, 0xD3, 0xE3, 0xE7, 0xA3, 0x5C, 0xD4, 0x73, 0xB3,
    0x0E, 0x4B, 0x51, 0xFF, 0x31, 0x2B, 0x38, 0x6B, 0xE5, 0x66, 0x89, 0xC5, 0x4E, 0x55, 0x2E, 0x05,
    0xC2, 0x55, 0x19, 0x00, 0x71, 0x62, 0x2B, 0x01, 0x24, 0x4E, 0xC8, 0xBF, 0x41, 0x27, 0x64, 0x01,
    0x8F, 0xF3, 0xE3, 0x14, 0xBC, 0xF2, 0x42, 0x10, 0xA5, 0x25, 0xDD, 0xC0, 0xE6, 0x52, 0x73, 0x69,
    0x1B, 0x27, 0x62, 0x9D, 0x05, 0x03, 0xD5, 0x17, 0x03, 0x30, 0x59, 0xCD, 0xD5, 0xF3, 0xCD, 0xB2,
    0xD2, 0x2C, 0xDD, 0x54, 0x01, 0x11, 0x2F, 0x33, 0xA3, 0x7B, 0xB8, 0x55, 0xDE, 0xC6, 0xB6, 0x82,
    0xE1, 0xD8, 0x25, 0x3D, 0x76, 0x06, 0x00, 0x5F, 0xE6, 0x3B, 0x74, 0xFB, 0x92, 0x2F, 0x07, 0x88,
    0x0F, 0xAF, 0x78, 0xE6, 0xB0, 0x7F, 0x34, 0x0A, 0x64, 0xDD, 0x79, 0x94, 0x10, 0x0A, 0x00, 0x3E,
    0xFB, 0x70, 0xFF, 0xF8, 0xBF, 0x22, 0x07, 0xEA, 0x13, 0x04, 0x9D, 0xA9, 0xE7, 0xB0, 0xA9, 0x71,
    0x06, 0x7C, 0x12, 0x41, 0x36, 0x8C, 0x98, 0x56, 0xC5, 0x72, 0x08, 0x5C, 0x0B, 0xD9, 0x14, 0x89,
    0xC6, 0x1A, 0x33, 0xBF, 0x66, 0xDA, 0x65, 0xB9, 0xD2, 0x58, 0x99, 0xB9, 0x9D, 0x12, 0xF0, 0x8C,
    0x7C, 0xE1, 0x92, 0x73, 0x49, 0x49, 0x21, 0xE4, 0x49, 0xE5, 0x17, 0x45, 0x43, 0xB1, 0xC6, 0xDC,
    0x5B, 0x59, 0xC6, 0xC5, 0xF9, 0x88, 0x15, 0xB3, 0x1B, 0x75, 0x6B, 0x24, 0xB0, 0x2E, 0x96, 0x91,
    0x1B, 0xEF, 0x3D, 0xDE, 0xC4, 0x4A, 0xB3, 0x9A, 0x85, 0x6C, 0xE9, 0x34, 0xC9, 0x1B, 0x36, 0x49,
    0x2B, 0x3F, 0xBF, 0x2C, 0xD7, 0x7B, 0xE2, 0x1C, 0x6B, 0x62, 0xA8, 0x31, 0x5D, 0xAA, 0x34, 0x30,
    0x0B, 0x55, 0x9F, 0xCE, 0x88, 0x59, 0x68, 0x37, 0xE0, 0x9C, 0x51, 0x88, 0x76, 0x4B, 0x93, 0x49,
    0xAF, 0x06, 0x98, 0x61, 0xA5, 0x46, 0xE1, 0x1C, 0x17, 0x70, 0xD0, 0xCC, 0x3D, 0x90, 0xCD, 0x46,
    0x3A, 0x36, 0xE5, 0x0E, 0x7C, 0xDB, 0x0A, 0x37, 0xC1, 0x5A, 0x07, 0x5C, 0x60, 0xD5, 0xBB, 0xC7,
    0x48, 0x16, 0x4E, 0xF4, 0xAE, 0xA2, 0x74, 0x78, 0x0F, 0xC2, 0x32, 0x6A, 0x94, 0x14, 0x8F, 0x75,
    0x99, 0xB3, 0x92, 0xC1, 0xC2, 0xD3, 0xB1, 0x19, 0x23, 0xCD, 0x43, 0x39, 0x54, 0x4C, 0x70, 0x29,
    0xBE, 0x4A, 0xAD, 0x78, 0xA1, 0xDE, 0xF3, 0xFE, 0x55, 0xF5, 0x03, 0xB8, 0x69, 0x67, 0xC0, 0xD0,
    0x41, 0xAD, 0xE7, 0xD2, 0xAD, 0xED, 0xFA, 0x1E, 0xA8, 0xE1, 0x9D, 0x1A, 0xE0, 0x4E, 0xC1, 0xC0,
    0x4B, 0x26, 0xD0, 0x0A, 0x58, 0xA5, 0xD8, 0xC5, 0x20, 0x97, 0x0A, 0xB9, 0xC4, 0x75, 0xA3, 0x24,
    0xE6, 0xA5, 0xDC, 0x29, 0xE5, 0x16, 0xD7, 0x0C, 0xFF, 0x44, 0xC6, 0x46, 0x5A, 0x1A, 0x20, 0x50,
    0xAD, 0x5F, 0xF1, 0x57, 0x0E, 0x6F, 0xBC, 0x3B, 0xBE, 0xF1, 0x2E, 0x6A, 0xC7, 0x96, 0x21, 0x1E,
    0x97, 0xCE, 0xBC, 0x0C, 0x2F, 0x71, 0x5D, 0x91, 0x36, 0x53, 0xD6, 0x5A, 0x97, 0xF6, 0x2D, 0xAE,
    0x07, 0xD2, 0x66, 0x9A, 0xFC, 0x54, 0x5A, 0x2C, 0x4C, 0x3F, 0xE6, 0x3F, 0xAC, 0x54, 0x89, 0x46,
    0xE9, 0x18, 0xF6, 0xCD, 0xDE, 0x75, 0xF9, 0x1A, 0x19, 0xE2, 0x97, 0xE2, 0xC6, 0x30, 0x2A, 0xA5,
    0xC9, 0x60, 0x4C, 0x98, 0x73, 0x34, 0xCE, 0xDD, 0x2F, 0x30, 0xBB, 0x34, 0x38, 0x8B, 0xA6, 0x45,
    0xD3, 0xA6, 0x29, 0x4B, 0xE7, 0x1F, 0x37, 0xF2, 0x12, 0xA4, 0x43, 0x36, 0x4D, 0x24, 0x5D, 0x0C,
    0x4D, 0x1D, 0x8A, 0x6B, 0x44, 0x3D, 0xBC, 0x19, 0xDD, 0xA7, 0x73, 0xF8, 0xB2, 0x6A, 0x13, 0xF4,
    0x31, 0x93, 0x0E, 0x3D, 0x29, 0x84, 0xB7, 0xB2, 0x98, 0x12, 0x5D, 0x4A, 0x40, 0xD8, 0x0D, 0xF1,
    0x81, 0x17, 0x68, 0xA3, 0x4B, 0x08, 0x4A, 0xE0, 0x31, 0x15, 0x5E, 0xF0, 0x7D, 0xB0, 0x29, 0xFC,
    0x38, 0x06, 0x2F, 0x7E, 0x7C, 0x16, 0x98, 0x85, 0x79, 0x2A, 0xAF, 0x5E, 0xDD, 0x1A, 0x4C, 0xB9,
    0xD9, 0xEB, 0xED, 0x69, 0x92, 0xC0, 0x1C, 0x42, 0x46, 0x54, 0x0A, 0x39, 0x02, 0x2B, 0x63, 0x9C,
    0x60, 0xEA, 0xFB, 0x35, 0xD9, 0x1A, 0xE1, 0x71, 0xE9, 0xAD, 0x3D, 0xEA, 0x05, 0xA2, 0x89, 0xBD,
    0x00, 0x7D, 0x07, 0xDE, 0x85, 0x4E, 0xF7, 0x6B, 0x86, 0xDF, 0x9A, 0x59, 0xF3, 0x18, 0x8E, 0xEF,
    0xEE, 0x23, 0x3E, 0xBB, 0xD2, 0x77, 0x3E, 0x66, 0x95, 0x56, 0xBB, 0x20, 0x1C, 0xE8, 0x38, 0xE4,
    0x5E, 0xF6, 0x0A, 0x2B, 0x25, 0xC7, 0xED, 0xC4, 0xD5, 0x7A, 0x78, 0x87, 0xF6, 0x31, 0x4F, 0x72,
    0x3E, 0xD4, 0x4A, 0x75, 0xD2, 0xBB, 0xAF, 0xEB, 0x13, 0x04, 0xF6, 0x5D, 0x9D, 0x1C, 0x87, 0xA9,
    0x6A, 0xD9, 0xBC, 0xA3, 0xAD, 0xAF, 0x1B, 0x9A, 0x64, 0x75, 0x69, 0x94, 0xFA, 0xD2, 0x8A, 0x7C,
    0x97, 0x88, 0xFA, 0x18, 0x22, 0xB1, 0x51, 0x1D, 0x63, 0x2B, 0x04, 0xB5, 0x4E, 0x9C, 0xA3, 0xAA,
    0x1F, 0x3B, 0x6C, 0x57, 0x8B, 0x06, 0xDA, 0xD5, 0x8A, 0x99, 0xAB, 0xB0, 0x71, 0x58, 0x7D, 0xBA,
    0x47, 0x91, 0x84, 0xB6, 0xDA, 0xB8, 0x87, 0x25, 0x21, 0xF6, 0xEF, 0x1F, 0x51, 0x1E, 0x4F, 0xE0,
    0x84, 0x5B, 0x4C, 0x52, 0xE4, 0x42, 0x01, 0xE4, 0x4D, 0xDD, 0xFF, 0xB4, 0xE9, 0x4C, 0x21, 0x02,
    0xB3, 0x5F, 0xCA, 0xF2, 0xCB, 0xD7, 0x6A, 0xB3, 0x18, 0x49, 0xB3, 0x5A, 0x8D, 0x94, 0x2E, 0xD4,
    0xBA, 0x04, 0x21, 0xDC, 0x11, 0x29, 0x66, 0xC8, 0x8E, 0xD5, 0x6C, 0x28, 0x1A, 0xD4, 0x0C, 0xAA,
    0x65, 0x83, 0xA1, 0x56, 0x7D, 0xA0, 0xBA, 0xA3, 0xD7, 0x84, 0x9A, 0xA3, 0x05, 0x41, 0xAF, 0xF6,
    0x64, 0x75, 0xA6, 0x6B, 0xD8, 0xB4, 0x0A, 0xB0, 0x68, 0xC7, 0xB8, 0xAE, 0x35, 0x7D, 0xE0, 0x95,
    0xBA, 0x07, 0x14, 0x77, 0x3C, 0xA6, 0xD3, 0xC8, 0x32, 0x27, 0xF0, 0xDA, 0x38, 0x31, 0xB5, 0x83,
    0x87, 0x50, 0xE6, 0xC7, 0xF8, 0x3B, 0x19, 0x8A, 0xF7, 0x83, 0xCC, 0x91, 0x87, 0x9F, 0x1C, 0x8D,
    0x55, 0x35, 0x04, 0xEF, 0xBB, 0x89, 0xFA, 0x30, 0x17, 0x99, 0xF6, 0x29, 0x5E, 0xD5, 0x78, 0xDE,
    0xF4, 0x8A, 0x69, 0xBB, 0x98, 0xB6, 0x17, 0x99, 0x30, 0x45, 0x5C, 0x24, 0xAD, 0x03, 0x97, 0x73,
    0x54, 0x5A, 0x36, 0x8F, 0xDB, 0xA6, 0x6F, 0xF4, 0xFA, 0x1C, 0x0D, 0xA4, 0x40, 0xE5, 0x0D, 0xA0,
    0x7B, 0xED, 0x03, 0x40, 0x95, 0xE8, 0x22, 0x43, 0x35, 0xC9, 0x36, 0xDE, 0xB9, 0x9F, 0x9A, 0xE5,
    0xED, 0x4C, 0x75, 0xFE, 0x9D, 0xDB, 0xEE, 0xA3, 0xF2, 0x82, 0x13, 0x94, 0x57, 0x66, 0x34, 0xB0,
    0x2D, 0xFD, 0x56, 0xF2, 0x4D, 0xB1, 0x03, 0xBC, 0xE3, 0x0D, 0x51, 0x68, 0x34, 0x02, 0xA1, 0x8F,
    0xB4, 0xEC, 0x6E, 0x8D, 0x40, 0x5C, 0x50, 0x88, 0xA2, 0x6B, 0xB1, 0xD3, 0x28, 0x2A, 0x40, 0x80,
    0x56, 0xD7, 0xAB, 0x88, 0x0D, 0x98, 0x80, 0x66, 0xB7, 0x7F, 0xAA, 0x09, 0x50, 0xD1, 0x65, 0xEE,
    0x44, 0xA7, 0xA1, 0xAC, 0xF6, 0x1A, 0x5A, 0xA6, 0x53, 0x9E, 0x37, 0xA2, 0x38, 0xB1, 0x4D, 0x96,
    0x1A, 0xB9, 0xD4, 0x70, 0x6C, 0x55, 0x84, 0x81, 0x8D, 0x54, 0xBF, 0x58, 0x3A, 0x5B, 0x60, 0x8C,
    0x75, 0x7A, 0x52, 0x88, 0xB7, 0xFB, 0xB8, 0x04, 0x0D, 0xE3, 0x12, 0x4A, 0x1B, 0xE6, 0x56, 0x86,
    0x2E, 0xEC, 0x24, 0x16, 0xE3, 0xB3, 0x71, 0x67, 0x88, 0x91, 0xC7, 0x0F, 0xE6, 0x79, 0x2F, 0xB0,
    0xE8, 0x82, 0x46, 0xE3, 0xAE, 0xAC, 0x6C, 0x3D, 0xEB, 0xC8, 0xBA, 0x1B, 0x77, 0x64, 0xCD, 0x0D,
    0x7C, 0x59, 0xF5, 0x60, 0xB6, 0x7D, 0x94, 0xEC, 0x01, 0x8A, 0x38, 0x4D, 0x3B, 0x28, 0xFE, 0xA3,
    0x31, 0xC7, 0x09, 0x90, 0xD2, 0x64, 0x22, 0xCC, 0x26, 0x0B, 0x7A, 0x04, 0xD3, 0xE0, 0xE1, 0x28,
    0x6D, 0x4F, 0xF4, 0xB7, 0x7F, 0xA5, 0x55, 0xEF, 0xE8, 0x81, 0x42, 0x0F, 0x35, 0x4B, 0xD0, 0x03,
    0x93, 0x68, 0x94, 0xF2, 0xD3, 0x17, 0x3F, 0x7B, 0xF1, 0x13, 0xF6, 0xB4, 0x8C, 0x1D, 0x0C, 0x76,
    0x66, 0xFF, 0x68, 0x7F, 0xB4, 0x47, 0x4C, 0xC0, 0xD9, 0xB7, 0x75, 0x98, 0x1B, 0xDA, 0x3E, 0x60,
    0xF8, 0x90, 0x52, 0x2A, 0x8D, 0xB6, 0xDE, 0x29, 0x18, 0x1B, 0x46, 0x15, 0xD8, 0x8D, 0xA3, 0xA3,
    0x67, 0x80, 0x79, 0xA4, 0x91, 0xF5, 0x02, 0xDD, 0xB7, 0x21, 0xCF, 0xCE, 0xCB, 0x49, 0xC6, 0x0B,
    0x59, 0xA9, 0xD9, 0x6C, 0xAF, 0x5F, 0xDD, 0x43, 0x15, 0xE5, 0xAC, 0x98, 0x40, 0xBE, 0x5E, 0x57,
    0xBD, 0x80, 0xDA, 0x1C, 0xB3, 0xB8, 0xC4, 0x79, 0x39, 0x71, 0x4D, 0xCD, 0x65, 0x24, 0x05, 0xB4,
    0x57, 0x55, 0x3F, 0x69, 0xE6, 0x34, 0x61, 0xCF, 0x25, 0xE2, 0x70, 0xF7, 0x0C, 0x80, 0x7B, 0x4F,
    0xDE, 0xC9, 0xD0, 0x4A, 0xAE, 0x66, 0x28, 0xDB, 0xAB, 0x89, 0xCA, 0x2C, 0x03, 0x10, 0xD9, 0x84,
    0x77, 0x9E, 0x97, 0xCE, 0x11, 0xDE, 0x45, 0xC2, 0xBB, 0x48, 0x78, 0x57, 0x68, 0xD6, 0x59, 0x9D,
    0x6B, 0x34, 0xDB, 0xFC, 0x82, 0x9C, 0xE3, 0xC0, 0xE2, 0x86, 0xC9, 0x57, 0xF1, 0x6C, 0xFC, 0x00,
    0xD0, 0x1C, 0xB3, 0x93, 0x55, 0x80, 0x53, 0x11, 0x46, 0x15, 0x68, 0x3D, 0xE1, 0x80, 0xC7, 0x82,
    0x2C, 0xD9, 0x71, 0x0B, 0x38, 0x67, 0xE4, 0x54, 0x70, 0x92, 0x6A, 0x79, 0xD4, 0xEF, 0x41, 0x2E,
    0x3C, 0xD6, 0x24, 0x3B, 0x73, 0xD2, 0x62, 0x15, 0xB6, 0x19, 0xC2, 0x0E, 0xEB, 0x6F, 0x40, 0x53,
    0x32, 0x43, 0x00, 0xD2, 0x33, 0x28, 0x58, 0x2C, 0xE9, 0x16, 0xCD, 0x26, 0x4D, 0xDB, 0x04, 0x2C,
    0x03, 0x89, 0x12, 0x4A, 0x0C, 0x90, 0x74, 0x8F, 0x2A, 0x3A, 0xE8, 0x6B, 0x9C, 0xC9, 0xB8, 0xA5,
    0x86, 0x70, 0x5A, 0xC8, 0x84, 0xD3, 0x77, 0x33, 0x7F, 0x79, 0x84, 0x4D, 0x6B, 0xA8, 0xC1, 0x24,
    0xE8, 0x4A, 0x13, 0x4B, 0x0B, 0x2D, 0xDA, 0xE6, 0xC6, 0x67, 0xB9, 0xFC, 0xFA, 0xE4, 0xCF, 0xB9,
    0xFC, 0xF1, 0xDA, 0x77, 0x33, 0xF9, 0xCB, 0xE2, 0x6D, 0xB4, 0x81, 0x15, 0x3C, 0xC7, 0xA6, 0x2D,
    0xF3, 0x98, 0x8D, 0x65, 0xEE, 0x3B, 0x78, 0xEA, 0xFC, 0x37, 0x42, 0xD1, 0xA3, 0x4F, 0x3C, 0xD3,
    0xEB, 0xF5, 0x82, 0x57, 0x32, 0xC5, 0x94, 0x89, 0xBB, 0x3F, 0x8A, 0x64, 0x45, 0xA1, 0x5E, 0xD7,
    0x55, 0x3A, 0x27, 0x6B, 0x56, 0x32, 0x27, 0x17, 0xED, 0xF8, 0x8D, 0xD7, 0xE6, 0xD4, 0x69, 0x93,
    0x6A, 0x0A, 0xDF, 0x7F, 0x59, 0xFA, 0xED, 0xD7, 0x64, 0xD0, 0xA3, 0x0C, 0xA2, 0x0C, 0x2B, 0x73,
    0xBF, 0xFA, 0xA0, 0xA9, 0xA6, 0x8E, 0xDE, 0x8E, 0x8B, 0x8A, 0xD9, 0x1E, 0x7B, 0xDB, 0xB0, 0xA9,
    0x32, 0x84, 0xF0, 0x16, 0x07, 0xF2, 0x67, 0xCD, 0x61, 0x6E, 0xD8, 0x90, 0x83, 0x91, 0xB1, 0xE4,
    0x34, 0x0C, 0x44, 0xA1, 0x4B, 0x5D, 0xCE, 0x58, 0xAA, 0x21, 0x49, 0x11, 0x4C, 0x5A, 0x8D, 0xD6,
    0x4D, 0x3B, 0x86, 0xD6, 0xD9, 0x4F, 0xF1, 0x5F, 0x87, 0x5B, 0xBD, 0x84, 0x77, 0x1B, 0x81, 0xCC,
    0x78, 0xF4, 0xD4, 0x27, 0x72, 0x51, 0xB0, 0xC1, 0x2F, 0x23, 0x39, 0xBF, 0x43, 0xCF, 0x07, 0x9C,
    0x28, 0x8A, 0xC6, 0x2C, 0x51, 0x6E, 0x37, 0xA8, 0xB5, 0x05, 0x0E, 0x06, 0xFD, 0x22, 0xCE, 0xE2,
    0x9A, 0xA6, 0x2D, 0xAA, 0xEF, 0x2D, 0x4E, 0x0D, 0x07, 0x73, 0xE7, 0xAE, 0xCB, 0x03, 0x07, 0x75,
    0xE4, 0x8F, 0xE1, 0xE8, 0xB9, 0x5F, 0xF2, 0xD9, 0x75, 0xCE, 0x27, 0x6B, 0x8D, 0x01, 0x13, 0x6F,
    0x5F, 0xC3, 0x67, 0x51, 0x05, 0xEA, 0xFD, 0xEF, 0x38, 0x17, 0x33, 0xFD, 0x4D, 0xD8, 0xF0, 0xFC,
    0x7B, 0x34, 0x5F, 0x4E, 0x9A, 0x71, 0x19, 0xE0, 0x64, 0x26, 0x55, 0xB2, 0x1F, 0x4F, 0xDA, 0xAE,
    0x1E, 0xA2, 0x27, 0x86, 0x9B, 0x0C, 0x3D, 0x0C, 0x20, 0x42, 0xFB, 0xEC, 0x04, 0x69, 0x54, 0x77,
    0xD1, 0xF2, 0x55, 0x50, 0x9A, 0x99, 0x85, 0x9F, 0x1D, 0x60, 0x7C, 0xDB, 0x4E, 0xE6, 0xA5, 0xED,
    0xC4, 0x73, 0x30, 0xE1, 0x25, 0x19, 0xB8, 0xA0, 0x7D, 0xE9, 0x81, 0xF1, 0xA5, 0x0F, 0x8F, 0x8A,
    0x96, 0xAC, 0x19, 0x79, 0x5B, 0xB6, 0xCD, 0x6C, 0x80, 0x31, 0x16, 0x26, 0x53, 0x69, 0x33, 0x0C,
    0x7A, 0x23, 0x4C, 0x82, 0x7A, 0x1A, 0x55, 0x98, 0xF5, 0xD8, 0x4C, 0x4A, 0xE2, 0xC7, 0xB9, 0x5C,
    0x8F, 0x12, 0x4A, 0xCF, 0xE4, 0x98, 0x84, 0x83, 0x6E, 0xA0, 0x38, 0xFA, 0x9B, 0xD1, 0x7B, 0xC1,
    0xE7, 0x72, 0xEC, 0xF0, 0x90, 0xD9, 0xEA, 0xFD, 0xE9, 0x6F, 0x91, 0x62, 0x2A, 0x8E, 0xCB, 0xA0,
    0x34, 0x12, 0xA3, 0x23, 0x34, 0x30, 0xDC, 0xCA, 0x2C, 0x8A, 0x4E, 0xBE, 0xC4, 0xDE, 0xE7, 0xEA,
    0xDF, 0x27, 0x60, 0xAC, 0x55, 0x22, 0x60, 0xF7, 0x17, 0x1F, 0xC5, 0xD2, 0xBA, 0xFC, 0x34, 0x90,
    0xC1, 0xB7, 0x10, 0x65, 0xF9, 0xED, 0x10, 0xD8, 0xFF, 0x0A, 0x3F, 0xF8, 0xB2, 0x9F, 0x4F, 0xA6,
    0x86, 0x2F, 0x32, 0xBA, 0xB3, 0x37, 0x8A, 0x1C, 0xC9, 0x24, 0xBF, 0x6F, 0xF5, 0x2B, 0x5D, 0x91,
    0x09, 0xC7, 0x18, 0xAD, 0x7D, 0xE7, 0xC9, 0x06, 0xFE, 0x18, 0xB0, 0x57, 0xD8, 0x86, 0xD9, 0xF5,
    0x46, 0x1C, 0xD6, 0x33, 0xC8, 0xBC, 0xC5, 0xA9, 0xC6, 0x4E, 0x68, 0x62, 0x3D, 0xDF, 0x68, 0x03,
    0xAE, 0xB9, 0x61, 0x17, 0xFB, 0xF6, 0x0B, 0x3E, 0xC1, 0x9E, 0x40, 0xBA, 0xF9, 0x9C, 0xEE, 0x75,
    0x45, 0x0E, 0x9B, 0xB2, 0xD4, 0xA6, 0xCB, 0x50, 0xC7, 0x28, 0x36, 0xFC, 0xA0, 0x59, 0x26, 0x90,
    0x5D, 0x3D, 0x5F, 0x2F, 0xF2, 0x77, 0xD0, 0xCA, 0x01, 0x47, 0x02, 0x70, 0xF0, 0xFF, 0x63, 0x60,
    0x60, 0xB0, 0xFF, 0xEF, 0x50, 0xFF, 0x9F, 0x01, 0x08, 0x00, 0xBD, 0x54, 0x31, 0x72, 0x9C, 0x40,
    0x10, 0x9C, 0x3B, 0x82, 0xAD, 0x12, 0x01, 0x89, 0x72, 0x52, 0x97, 0x12, 0x3E, 0x60, 0x01, 0xFA,
    0x95, 0x1D, 0x9C, 0xCD, 0x13, 0xF4, 0x0C, 0x5B, 0x0E, 0x50, 0xE0, 0xC0, 0x01, 0x16, 0x3C, 0x81,
    0x27, 0x90, 0xCA, 0x11, 0xC1, 0x05, 0x48, 0xC5, 0x81, 0xBB, 0x67, 0x86, 0xF3, 0x95, 0xCB, 0xE5,
    0xCC, 0xDE, 0x80, 0x2E, 0xE6, 0xF6, 0xA6, 0xBB, 0x77, 0x7B, 0x10, 0x91, 0x6C, 0x48, 0x27, 0x91,
    0xDD, 0xEB, 0xFC, 0xD4, 0x8A, 0x44, 0xC3, 0xFB, 0x63, 0x26, 0x12, 0x77, 0xD1, 0x78, 0x2D, 0x92,
    0x54, 0xA1, 0x17, 0x91, 0xB4, 0x8C, 0x3B, 0x91, 0xFD, 0x8A, 0x05, 0x68, 0x1F, 0xEA, 0x67, 0x14,
    0x0B, 0x94, 0x01, 0xB9, 0xC1, 0x41, 0xF0, 0x2F, 0x91, 0x06, 0x65, 0xAC, 0x19, 0x65, 0xAC, 0x09,
    0x65, 0x85, 0x06, 0xCF, 0xDD, 0x51, 0x61, 0x3F, 0xE2, 0x57, 0xF0, 0x8C, 0x28, 0x93, 0x0E, 0x65,
    0x91, 0xD0, 0xA3, 0x4C, 0x88, 0x08, 0x20, 0x1F, 0x00, 0x89, 0xC3, 0xA6, 0x21, 0xE9, 0x94, 0x35,
    0xA9, 0xCE, 0x74, 0x37, 0xD3, 0xD5, 0x89, 0xB5, 0xFB, 0x94, 0x1B, 0xB1, 0xB2, 0x85, 0x44, 0x4B,
    0xDB, 0xB1, 0x33, 0xF7, 0xC7, 0xDD, 0x95, 0xB6, 0x10, 0xED, 0x20, 0x66, 0xA2, 0x52, 0x0F, 0x25,
    0x9B, 0x65, 0xEA, 0xA0, 0xD0, 0x8E, 0x85, 0xEA, 0xCF, 0x55, 0xFE, 0xE1, 0x2C, 0x7B, 0xA2, 0x5C,
    0x88, 0x9C, 0x55, 0xFA, 0x44, 0xE5, 0x94, 0x6C, 0xC2, 0x43, 0x6F, 0x4F, 0x59, 0x06, 0x50, 0xC9,
    0xC7, 0x52, 0x54, 0xE4, 0x25, 0xA1, 0x1D, 0x88, 0x1D, 0xC4, 0xCD, 0xA4, 0x85, 0x7B, 0x71, 0xB5,
    0x2F, 0x8F, 0xAA, 0x76, 0x64, 0xBB, 0x78, 0xA0, 0x5A, 0x5A, 0x4D, 0x2A, 0x9E, 0xB6, 0xFA, 0xDD,
    0xAF, 0x27, 0x3E, 0xDB, 0x4F, 0x6C, 0x68, 0x07, 0x9E, 0xAB, 0xE6, 0x3F, 0xA9, 0xFD, 0xBE, 0x69,
    0xFE, 0x47, 0x6A, 0x87, 0x18, 0x27, 0xA7, 0x39, 0xA9, 0x07, 0x0B, 0x8A, 0x69, 0x8E, 0x86, 0x7D,
    0x79, 0xBE, 0x26, 0xCF, 0x8A, 0x85, 0x65, 0xED, 0xF5, 0xA4, 0x7F, 0xD4, 0x9D, 0xA9, 0x27, 0x1D,
    0xF5, 0x93, 0x90, 0x37, 0x48, 0x4A, 0x26, 0x26, 0x2B, 0x2D, 0x32, 0x99, 0x67, 0xA6, 0x70, 0x27,
    0xB9, 0x7B, 0x39, 0x78, 0x6C, 0x0E, 0x9E, 0x9B, 0xC6, 0x1D, 0x35, 0x9E, 0x9C, 0xD9, 0xA3, 0xF3,
    0xF4, 0xD5, 0xB2, 0x93, 0x55, 0x5B, 0x78, 0x2E, 0x64, 0x99, 0x57, 0xCF, 0x8F, 0x93, 0x6C, 0x09,
    0xBA, 0x88, 0x10, 0x7D, 0x2E, 0xEF, 0xDC, 0xE7, 0xD1, 0x7C, 0x46, 0x47, 0xF7, 0x39, 0x32, 0x95,
    0x96, 0x52, 0xFA, 0x04, 0x85, 0xFA, 0x0C, 0xE6, 0xF3, 0x39, 0xFE, 0xDD, 0x67, 0x67, 0x3E, 0x49,
    0xD9, 0xF8, 0xFD, 0xFD, 0xCD, 0xE7, 0x87, 0xFF, 0xEA, 0xF3, 0x45, 0x61, 0xA9, 0x2B, 0x1D, 0xC7,
    0xD0, 0xD9, 0xE4, 0xF5, 0x3A, 0x79, 0xFA, 0x96, 0x54, 0x29, 0x21, 0xBD, 0xE3, 0xD8, 0x43, 0x74,
    0xFD, 0x59, 0xB6, 0x99, 0x71, 0x13, 0x50, 0x5C, 0x18, 0x4B, 0x6E, 0xD3, 0x7F, 0xB0, 0xE9, 0x6F,
    0x64, 0x9B, 0x1C, 0x0F, 0xA3, 0xA7, 0xD1, 0xE3, 0x78, 0x86, 0x6D, 0xFA, 0x65, 0xF9, 0x46, 0x72,
    0x29, 0x18, 0x7F, 0xD5, 0xEF, 0xF2, 0x3D, 0x95, 0x1E, 0x4B, 0x6B, 0xEF, 0xC1, 0xFC, 0x95, 0x4C,
    0x69, 0xB5, 0x10, 0xBF, 0x72, 0xA6, 0x25, 0xAD, 0x82, 0x7D, 0x28, 0xD4, 0x4A, 0x21, 0xFA, 0x86,
    0xAC, 0x01, 0xB2, 0x75, 0xB7, 0xAE, 0x25, 0x26, 0xAE, 0xAA, 0x1F, 0xF8, 0x81, 0xA8, 0xD0, 0x3D,
    0x74, 0x71, 0x09, 0x2B, 0x41, 0xAF, 0x4E, 0xC2, 0x48, 0x6B, 0x12, 0x9D, 0x8C, 0x0B, 0x01, 0x26,
    0xA4, 0xF6, 0xE9, 0xDA, 0xCD, 0x6A, 0x05, 0x25, 0xF0, 0xBD, 0xC1, 0x3E, 0xC0, 0x5B, 0xB9, 0xA5,
    0x87, 0x5B, 0x6C, 0x00, 0x64, 0x5F, 0x46, 0x5A, 0x09, 0x6B, 0x49, 0x75, 0x3F, 0x01, 0x3D, 0x8E,
    0xB1, 0x11, 0x02, 0x21, 0x10, 0x45, 0x19, 0x08, 0x2E, 0x30, 0xA0, 0x04, 0x4B, 0x30, 0x35, 0x70,
    0x86, 0xB1, 0x09, 0xAB, 0x31, 0xB8, 0xEC, 0x8A, 0xB0, 0x19, 0x72, 0x9B, 0x20, 0xB9, 0xFC, 0x42,
    0x02, 0xDC, 0xE7, 0xEE, 0x32, 0x4A, 0xB0, 0x7F, 0x86, 0xB7, 0xF0, 0x5F, 0x08, 0xBF, 0x73, 0x9D,
    0x21, 0x3E, 0x13, 0xAB, 0x45, 0xA6, 0x59, 0x14, 0xBA, 0xA3, 0x87, 0xC1, 0xD4, 0xC2, 0x59, 0x61,
    0xAE, 0xCF, 0x45, 0x61, 0xA9, 0x92, 0x14, 0xB2, 0x4B, 0x14, 0x7D, 0x85, 0x44, 0xD6, 0x0C, 0x9F,
    0x44, 0x2B, 0xD0, 0x4F, 0x74, 0x8D, 0x76, 0x61, 0xE8, 0xE5, 0x1D, 0x0E, 0x5D, 0xD9, 0xA0, 0x06,
    0x78, 0x83, 0xFD, 0x0C, 0xC3, 0x7A, 0x14, 0x59, 0x6B, 0x52, 0xA4, 0x45, 0x11, 0xAF, 0x8D, 0xC3,
    0x25, 0x5E, 0xC7, 0x54, 0xAA, 0xAE, 0xC6, 0xF4, 0xBC, 0xFD, 0xC5, 0xC3, 0x17,
};

static const EpdGlyph notoserif_14_italicGlyphs[] = {
    { 0, 0, 0, 0, 0, 0, 0 }, // U+0000
    { 0, 0, 121, 0, 0, 0, 0 }, // U+000D
    { 0, 0, 121, 0, 0, 0, 0 }, // U+0020
    { 9, 21, 155, 1, 21, 48, 0 }, // !
    { 10, 7, 190, 3, 21, 18, 48 }, // "
    { 17, 21, 261, 0, 21, 90, 66 }, // #
    { 16, 25, 261, 0, 22, 100, 156 }, // $
    { 24, 21, 418, 1, 21, 126, 256 }, // %
    { 21, 21, 346, 1, 21, 111, 382 }, // &
    { 5, 7, 103, 3, 21, 9, 493 }, // '
    { 11, 27, 161, 1, 23, 75, 502 }, // (
    { 12, 27, 161, -2, 23, 81, 577 }, // )
    { 13, 13, 233, 3, 23, 43, 658 }, // *
    { 14, 13, 261, 1, 17, 46, 701 }, // +
    { 6, 9, 117, -1, 4, 14, 747 }, // ,
    { 9, 3, 145, 0, 10, 7, 761 }, // -
    { 5, 4, 117, 0, 4, 5, 768 }, // .
    { 15, 26, 134, -3, 22, 98, 773 }, // /
    { 15, 21, 261, 1, 21, 79, 871 }, // 0
    { 13, 21, 214, -1, 21, 69, 950 }, // 1
    { 16, 21, 261, -1, 21, 84, 1019 }, // 2
    { 17, 21, 261, -1, 21, 90, 1103 }, // 3
    { 17, 21, 261, -1, 21, 90, 1193 }, // 4
    { 16, 21, 261, 0, 21, 84, 1283 }, // 5
    { 16, 21, 261, 1, 21, 84, 1367 }, // 6
    { 15, 21, 261, 2, 21, 79, 1451 }, // 7
    { 16, 21, 261, 0, 21, 84, 1530 }, // 8
    { 15, 21, 261, 1, 21, 79, 1614 }, // 9
    { 8, 16, 133, 0, 16, 32, 1693 }, // :
    { 9, 21, 133, -1, 16, 48, 1725 }, // ;
    { 14, 15, 261, 1, 18, 53, 1773 }, // <
    { 14, 8, 261, 1, 15, 28, 1826 }, // =
    { 14, 15, 261, 1, 18, 53, 1854 }, // >
    { 13, 21, 233, 3, 21, 69, 1907 }, // ?
    { 25, 25, 430, 1, 21, 157, 1976 }, // @
    { 22, 21, 329, -2, 21, 116, 2133 }, // A
    { 20, 21, 305, -1, 21, 105, 2249 }, // B
    { 18, 21, 293, 1, 21, 95, 2354 }, // C
    { 22, 21, 338, -1, 21, 116, 2449 }, // D
    { 20, 21, 291, -1, 21, 105, 2565 }, // E
    { 20, 21, 275, -1, 21, 105, 2670 }, // F
    { 20, 21, 333, 1, 21, 105, 2775 }, // G
    { 26, 21, 370, -1, 21, 137, 2880 }, // H
    { 14, 21, 171, -1, 21, 74, 3017 }, // I
    { 18, 28, 167, -5, 21, 126, 3091 }, // J
    { 24, 21, 327, -1, 21, 126, 3217 }, // K
    { 18, 21, 291, -1, 21, 95, 3343 }, // L
    { 30, 21, 438, -1, 21, 158, 3438 }, // M
    { 26, 21, 356, -1, 21, 137, 3596 }, // N
    { 20, 21, 346, 1, 21, 105, 3733 }, // O
    { 19, 21, 289, -1, 21, 100, 3838 }, // P
    { 20, 28, 346, 1, 21, 140, 3938 }, // Q
    { 20, 21, 310, -1, 21, 105, 4078 }, // R
    { 17, 21, 254, 0, 21, 90, 4183 }, // S
    { 18, 21, 286, 2, 21, 95, 4273 }, // T
    { 22, 21, 341, 2, 21, 116, 4368 }, // U
    { 21, 21, 315, 2, 21, 111, 4484 }, // V
    { 31, 21, 488, 2, 21, 163, 4595 }, // W
    { 24, 21, 308, -2, 21, 126, 4758 }, // X
    { 19, 21, 292, 2, 21, 100, 4884 }, // Y
    { 20, 21, 282, -1, 21, 105, 4984 }, // Z
    { 13, 27, 168, 0, 22, 88, 5089 }, // [
    { 4, 26, 134, 3, 22, 26, 5177 }, // <backslash>
    { 13, 27, 168, -2, 22, 88, 5203 }, // ]
    { 14, 13, 261, 1, 21, 46, 5291 }, // ^
    { 15, 2, 214, -3, -2, 8, 5337 }, // _
    { 6, 5, 130, 4, 23, 8, 5345 }, // `
    { 16, 16, 270, 1, 16, 64, 5353 }, // a
    { 16, 22, 262, 0, 22, 88, 5417 }, // b
    { 14, 16, 227, 1, 16, 56, 5505 }, // c
    { 16, 22, 270, 1, 22, 88, 5561 }, // d
    { 13, 16, 230, 1, 16, 52, 5649 }, // e
    { 20, 29, 148, -5, 22, 145, 5701 }, // f
    { 20, 25, 260, -2, 18, 125, 5846 }, // g
    { 16, 22, 280, 1, 22, 88, 5971 }, // h
    { 8, 22, 142, 1, 22, 44, 6059 }, // i
    { 14, 29, 136, -5, 22, 102, 6103 }, // j
    { 17, 22, 266, 1, 22, 94, 6205 }, // k
    { 7, 22, 142, 2, 22, 39, 6299 }, // l
    { 25, 16, 418, 1, 16, 100, 6338 }, // m
    { 16, 16, 280, 1, 16, 64, 6438 }, // n
    { 15, 16, 268, 1, 16, 60, 6502 }, // o
    { 17, 23, 269, -1, 16, 98, 6562 }, // p
    { 15, 23, 261, 1, 16, 87, 6660 }, // q
    { 13, 16, 218, 1, 16, 52, 6747 }, // r
    { 13, 16, 217, 0, 16, 52, 6799 }, // s
    { 9, 20, 172, 2, 20, 45, 6851 }, // t
    { 16, 16, 280, 1, 16, 64, 6896 }, // u
    { 15, 17, 251, 0, 16, 64, 6960 }, // v
    { 23, 17, 382, 1, 16, 98, 7024 }, // w
    { 18, 16, 255, -1, 16, 72, 7122 }, // x
    { 20, 23, 246, -5, 16, 115, 7194 }, // y
    { 15, 16, 239, -1, 16, 60, 7309 }, // z
    { 14, 27, 200, 1, 22, 95, 7369 }, // {
    { 3, 29, 261, 7, 22, 22, 7464 }, // |
    { 13, 27, 200, -2, 22, 88, 7486 }, // }
    { 14, 5, 261, 1, 13, 18, 7574 }, // ~
    { 0, 0, 121, 0, 0, 0, 0 }, // U+00A0
    { 8, 21, 155, 0, 16, 42, 0 }, // U+00A1
    { 14, 21, 261, 2, 21, 74, 42 }, // U+00A2
    { 18, 21, 261, -1, 21, 95, 116 }, // U+00A3
    { 13, 13, 261, 2, 17, 43, 211 }, // U+00A4
    { 17, 21, 261, 2, 21, 90, 254 }, // U+00A5
    { 3, 29, 261, 7, 22, 22, 344 }, // U+00A6
    { 16, 26, 254, 0, 22, 104, 366 }, // U+00A7
    { 10, 3, 269, 5, 22, 8, 470 }, // U+00A8
    { 23, 22, 394, 1, 22, 127, 478 }, // U+00A9
    { 12, 10, 183, 1, 21, 30, 605 }, // U+00AA
    { 14, 11, 240, 1, 13, 39, 635 }, // U+00AB
    { 14, 8, 261, 1, 12, 28, 674 }, // U+00AC
    { 9, 3, 145, 0, 10, 7, 702 }, // U+00AD
    { 23, 22, 394, 1, 22, 127, 709 }, // U+00AE
    { 15, 2, 214, 2, 24, 8, 836 }, // U+00AF
    { 10, 9, 187, 3, 21, 23, 844 }, // U+00B0
    { 14, 17, 261, 1, 17, 60, 867 }, // U+00B1
    { 12, 14, 187, 1, 25, 42, 927 }, // U+00B2
    { 11, 15, 187, 2, 25, 42, 969 }, // U+00B3
    { 7, 5, 123, 3, 23, 9, 1011 }, // U+00B4
    { 18, 23, 282, -1, 16, 104, 1020 }, // U+00B5
    { 17, 26, 288, 1, 22, 111, 1124 }, // U+00B6
    { 5, 4, 133, 2, 12, 5, 1235 }, // U+00B7
    { 7, 8, 155, 1, 1, 14, 1240 }, // U+00B8
    { 9, 13, 187, 2, 24, 30, 1254 }, // U+00B9
    { 11, 10, 185, 1, 21, 28, 1284 }, // U+00BA
    { 14, 11, 240, 0, 13, 39, 1312 }, // U+00BB
    { 23, 21, 407, 2, 21, 121, 1351 }, // U+00BC
    { 23, 21, 407, 2, 21, 121, 1472 }, // U+00BD
    { 24, 22, 407, 1, 22, 132, 1593 }, // U+00BE
    { 12, 22, 233, 0, 16, 66, 1725 }, // U+00BF
    { 22, 28, 329, -2, 28, 154, 1791 }, // U+00C0
    { 22, 28, 329, -2, 28, 154, 1945 }, // U+00C1
    { 22, 28, 329, -2, 28, 154, 2099 }, // U+00C2
    { 22, 26, 329, -2, 26, 143, 2253 }, // U+00C3
    { 22, 27, 329, -2, 27, 149, 2396 }, // U+00C4
    { 22, 26, 329, -2, 26, 143, 2545 }, // U+00C5
    { 31, 21, 444, -2, 21, 163, 2688 }, // U+00C6
    { 18, 28, 293, 1, 21, 126, 2851 }, // U+00C7
    { 20, 28, 291, -1, 28, 140, 2977 }, // U+00C8
    { 20, 28, 291, -1, 28, 140, 3117 }, // U+00C9
    { 20, 28, 291, -1, 28, 140, 3257 }, // U+00CA
    { 20, 27, 291, -1, 27, 135, 3397 }, // U+00CB
    { 14, 28, 171, -1, 28, 98, 3532 }, // U+00CC
    { 15, 28, 171, -1, 28, 105, 3630 }, // U+00CD
    { 14, 28, 171, -1, 28, 98, 3735 }, // U+00CE
    { 14, 27, 171, -1, 27, 95, 3833 }, // U+00CF
    { 22, 21, 338, -1, 21, 116, 3928 }, // U+00D0
    { 26, 26, 356, -1, 26, 169, 4044 }, // U+00D1
    { 20, 28, 346, 1, 28, 140, 4213 }, // U+00D2
    { 20, 28, 346, 1, 28, 140, 4353 }, // U+00D3
    { 20, 28, 346, 1, 28, 140, 4493 }, // U+00D4
    { 20, 27, 346, 1, 27, 135, 4633 }, // U+00D5
    { 20, 27, 346, 1, 27, 135, 4768 }, // U+00D6
    { 13, 13, 261, 2, 17, 43, 4903 }, // U+00D7
    { 20, 23, 346, 1, 22, 115, 4946 }, // U+00D8
    { 22, 28, 341, 2, 28, 154, 5061 }, // U+00D9
    { 22, 28, 341, 2, 28, 154, 5215 }, // U+00DA
    { 22, 28, 341, 2, 28, 154, 5369 }, // U+00DB
    { 22, 27, 341, 2, 27, 149, 5523 }, // U+00DC
    { 19, 28, 292, 2, 28, 133, 5672 }, // U+00DD
    { 19, 21, 282, -1, 21, 100, 5805 }, // U+00DE
    { 22, 29, 293, -4, 22, 160, 5905 }, // U+00DF
    { 16, 22, 270, 1, 22, 88, 6065 }, // U+00E0
    { 16, 22, 270, 1, 22, 88, 6153 }, // U+00E1
    { 16, 22, 270, 1, 22, 88, 6241 }, // U+00E2
    { 16, 21, 270, 1, 21, 84, 6329 }, // U+00E3
    { 16, 22, 270, 1, 22, 88, 6413 }, // U+00E4
    { 16, 24, 270, 1, 24, 96, 6501 }, // U+00E5
    { 23, 16, 379, 1, 16, 92, 6597 }, // U+00E6
    { 14, 23, 227, 1, 16, 81, 6689 }, // U+00E7
    { 13, 22, 230, 1, 22, 72, 6770 }, // U+00E8
    { 14, 22, 230, 1, 22, 77, 6842 }, // U+00E9
    { 14, 22, 230, 1, 22, 77, 6919 }, // U+00EA
    { 14, 22, 230, 1, 22, 77, 6996 }, // U+00EB
    { 8, 22, 142, 1, 22, 44, 7073 }, // U+00EC
    { 10, 22, 142, 1, 22, 55, 7117 }, // U+00ED
    { 9, 22, 142, 1, 22, 50, 7172 }, // U+00EE
    { 10, 22, 142, 1, 22, 55, 7222 }, // U+00EF
    { 15, 23, 268, 1, 23, 87, 7277 }, // U+00F0
    { 16, 21, 280, 1, 21, 84, 7364 }, // U+00F1
    { 15, 22, 268, 1, 22, 83, 7448 }, // U+00F2
    { 15, 22, 268, 1, 22, 83, 7531 }, // U+00F3
    { 15, 22, 268, 1, 22, 83, 7614 }, // U+00F4
    { 16, 21, 268, 1, 21, 84, 7697 }, // U+00F5
    { 15, 22, 268, 1, 22, 83, 7781 }, // U+00F6
    { 14, 14, 261, 1, 17, 49, 7864 }, // U+00F7
    { 17, 19, 268, 0, 18, 81, 7913 }, // U+00F8
    { 16, 22, 280, 1, 22, 88, 7994 }, // U+00F9
    { 16, 22, 280, 1, 22, 88, 8082 }, // U+00FA
    { 16, 22, 280, 1, 22, 88, 8170 }, // U+00FB
    { 16, 22, 280, 1, 22, 88, 8258 }, // U+00FC
    { 20, 29, 246, -5, 22, 145, 8346 }, // U+00FD
    { 17, 29, 262, -1, 22, 124, 8491 }, // U+00FE
    { 20, 29, 246, -5, 22, 145, 8615 }, // U+00FF
    { 22, 24, 329, -2, 24, 132, 0 }, // U+0100
    { 16, 20, 270, 1, 20, 80, 132 }, // U+0101
    { 22, 27, 329, -2, 27, 149, 212 }, // U+0102
    { 16, 22, 270, 1, 22, 88, 361 }, // U+0103
    { 22, 28, 329, -2, 21, 154, 449 }, // U+0104
    { 16, 23, 270, 1, 16, 92, 603 }, // U+0105
    { 19, 28, 293, 1, 28, 133, 695 }, // U+0106
    { 15, 22, 227, 1, 22, 83, 828 }, // U+0107
    { 18, 28, 293, 1, 28, 126, 911 }, // U+0108
    { 14, 22, 227, 1, 22, 77, 1037 }, // U+0109
    { 18, 28, 293, 1, 28, 126, 1114 }, // U+010A
    { 14, 22, 227, 1, 22, 77, 1240 }, // U+010B
    { 21, 28, 293, 1, 28, 147, 1317 }, // U+010C
    { 17, 22, 227, 1, 22, 94, 1464 }, // U+010D
    { 22, 28, 338, -1, 28, 154, 1558 }, // U+010E
    { 21, 22, 270, 1, 22, 116, 1712 }, // U+010F
    { 22, 21, 338, -1, 21, 116, 1828 }, // U+0110
    { 18, 22, 270, 1, 22, 99, 1944 }, // U+0111
    { 20, 24, 291, -1, 24, 120, 2043 }, // U+0112
    { 14, 20, 230, 1, 20, 70, 2163 }, // U+0113
    { 20, 27, 291, -1, 27, 135, 2233 }, // U+0114
    { 14, 22, 230, 1, 22, 77, 2368 }, // U+0115
    { 20, 27, 291, -1, 27, 135, 2445 }, // U+0116
    { 13, 22, 230, 1, 22, 72, 2580 }, // U+0117
    { 20, 28, 291, -1, 21, 140, 2652 }, // U+0118
    { 13, 23, 230, 1, 16, 75, 2792 }, // U+0119
    { 20, 28, 291, -1, 28, 140, 2867 }, // U+011A
    { 17, 22, 230, 1, 22, 94, 3007 }, // U+011B
    { 20, 28, 333, 1, 28, 140, 3101 }, // U+011C
    { 20, 29, 260, -2, 22, 145, 3241 }, // U+011D
    { 20, 27, 333, 1, 27, 135, 3386 }, // U+011E
    { 20, 29, 260, -2, 22, 145, 3521 }, // U+011F
    { 20, 28, 333, 1, 28, 140, 3666 }, // U+0120
    { 20, 29, 260, -2, 22, 145, 3806 }, // U+0121
    { 20, 27, 333, 1, 21, 135, 3951 }, // U+0122
    { 20, 29, 260, -2, 22, 145, 4086 }, // U+0123
    { 26, 28, 370, -1, 28, 182, 4231 }, // U+0124
    { 16, 29, 280, 1, 29, 116, 4413 }, // U+0125
    { 26, 21, 370, -1, 21, 137, 4529 }, // U+0126
    { 16, 22, 280, 1, 22, 88, 4666 }, // U+0127
    { 16, 26, 171, -1, 26, 104, 4754 }, // U+0128
    { 12, 21, 142, 0, 21, 63, 4858 }, // U+0129
    { 14, 24, 171, -1, 24, 84, 4921 }, // U+012A
    { 10, 20, 142, 1, 20, 50, 5005 }, // U+012B
    { 14, 27, 171, -1, 27, 95, 5055 }, // U+012C
    { 10, 22, 142, 1, 22, 55, 5150 }, // U+012D
    { 14, 28, 171, -1, 21, 98, 5205 }, // U+012E
    { 9, 29, 142, 0, 22, 66, 5303 }, // U+012F
    { 14, 27, 171, -1, 27, 95, 5369 }, // U+0130
    { 8, 16, 142, 1, 16, 32, 5464 }, // U+0131
    { 24, 28, 338, -1, 21, 168, 5496 }, // U+0132
    { 17, 29, 278, 1, 22, 124, 5664 }, // U+0133
    { 18, 35, 167, -5, 28, 158, 5788 }, // U+0134
    { 15, 29, 136, -5, 22, 109, 5946 }, // U+0135
    { 24, 28, 327, -1, 21, 168, 6055 }, // U+0136
    { 17, 29, 266, 1, 22, 124, 6223 }, // U+0137
    { 17, 16, 266, 1, 16, 68, 6347 }, // U+0138
    { 18, 28, 291, -1, 28, 126, 6415 }, // U+0139
    { 12, 29, 142, 2, 29, 87, 6541 }, // U+013A
    { 18, 28, 291, -1, 21, 126, 6628 }, // U+013B
    { 10, 28, 142, -1, 22, 70, 6754 }, // U+013C
    { 19, 21, 291, -1, 21, 100, 6824 }, // U+013D
    { 12, 22, 142, 2, 22, 66, 6924 }, // U+013E
    { 18, 21, 291, -1, 21, 95, 6990 }, // U+013F
    { 11, 22, 184, 2, 22, 61, 7085 }, // U+0140
    { 18, 21, 291, -1, 21, 95, 7146 }, // U+0141
    { 10, 22, 151, 0, 22, 55, 7241 }, // U+0142
    { 26, 28, 356, -1, 28, 182, 7296 }, // U+0143
    { 16, 22, 280, 1, 22, 88, 7478 }, // U+0144
    { 26, 28, 356, -1, 21, 182, 7566 }, // U+0145
    { 16, 22, 280, 1, 16, 88, 7748 }, // U+0146
    { 26, 28, 356, -1, 28, 182, 7836 }, // U+0147
    { 17, 22, 280, 1, 22, 94, 8018 }, // U+0148
    { 21, 21, 360, 1, 21, 111, 8112 }, // U+0149
    { 26, 28, 356, -1, 21, 182, 8223 }, // U+014A
    { 15, 23, 262, 1, 16, 87, 8405 }, // U+014B
    { 20, 25, 346, 1, 25, 125, 8492 }, // U+014C
    { 15, 20, 268, 1, 20, 75, 8617 }, // U+014D
    { 20, 27, 346, 1, 27, 135, 8692 }, // U+014E
    { 15, 22, 268, 1, 22, 83, 8827 }, // U+014F
    { 21, 28, 346, 1, 28, 147, 8910 }, // U+0150
    { 17, 22, 268, 1, 22, 94, 9057 }, // U+0151
    { 28, 21, 449, 1, 21, 147, 9151 }, // U+0152
    { 24, 16, 403, 1, 16, 96, 9298 }, // U+0153
    { 20, 28, 310, -1, 28, 140, 9394 }, // U+0154
    { 13, 22, 218, 1, 22, 72, 9534 }, // U+0155
    { 20, 28, 310, -1, 21, 140, 9606 }, // U+0156
    { 15, 23, 218, -1, 16, 87, 9746 }, // U+0157
    { 20, 28, 310, -1, 28, 140, 9833 }, // U+0158
    { 15, 22, 218, 1, 22, 83, 9973 }, // U+0159
    { 17, 27, 254, 0, 27, 115, 10056 }, // U+015A
    { 15, 22, 217, 0, 22, 83, 10171 }, // U+015B
    { 17, 28, 254, 0, 28, 119, 10254 }, // U+015C
    { 14, 22, 217, 0, 22, 77, 10373 }, // U+015D
    { 17, 28, 254, 0, 21, 119, 10450 }, // U+015E
    { 13, 23, 217, 0, 16, 75, 10569 }, // U+015F
    { 19, 28, 254, 0, 28, 133, 10644 }, // U+0160
    { 15, 22, 217, 0, 22, 83, 10777 }, // U+0161
    { 18, 28, 286, 2, 21, 126, 10860 }, // U+0162
    { 11, 27, 172, 0, 20, 75, 10986 }, // U+0163
    { 18, 28, 286, 2, 28, 126, 11061 }, // U+0164
    { 12, 22, 172, 2, 22, 66, 11187 }, // U+0165
    { 18, 21, 286, 2, 21, 95, 11253 }, // U+0166
    { 10, 20, 172, 1, 20, 50, 11348 }, // U+0167
    { 22, 27, 341, 2, 27, 149, 11398 }, // U+0168
    { 16, 21, 280, 1, 21, 84, 11547 }, // U+0169
    { 22, 25, 341, 2, 25, 138, 11631 }, // U+016A
    { 16, 20, 280, 1, 20, 80, 11769 }, // U+016B
    { 22, 27, 341, 2, 27, 149, 11849 }, // U+016C
    { 16, 22, 280, 1, 22, 88, 11998 }, // U+016D
    { 22, 29, 341, 2, 29, 160, 12086 }, // U+016E
    { 16, 24, 280, 1, 24, 96, 12246 }, // U+016F
    { 22, 28, 341, 2, 28, 154, 12342 }, // U+0170
    { 18, 22, 280, 1, 22, 99, 12496 }, // U+0171
    { 22, 28, 341, 2, 21, 154, 12595 }, // U+0172
    { 16, 23, 280, 1, 16, 92, 12749 }, // U+0173
    { 31, 28, 488, 2, 28, 217, 12841 }, // U+0174
    { 23, 23, 382, 1, 22, 133, 13058 }, // U+0175
    { 19, 28, 292, 2, 28, 133, 13191 }, // U+0176
    { 20, 29, 246, -5, 22, 145, 13324 }, // U+0177
    { 19, 27, 292, 2, 27, 129, 13469 }, // U+0178
    { 20, 28, 282, -1, 28, 140, 13598 }, // U+0179
    { 15, 22, 239, -1, 22, 83, 13738 }, // U+017A
    { 20, 27, 282, -1, 27, 135, 13821 }, // U+017B
    { 15, 22, 239, -1, 22, 83, 13956 }, // U+017C
    { 20, 28, 282, -1, 28, 140, 14039 }, // U+017D
    { 18, 22, 239, -1, 22, 99, 14179 }, // U+017E
    { 20, 29, 140, -5, 22, 145, 14278 }, // U+017F
    { 24, 22, 363, 1, 22, 132, 0 }, // U+01A0
    { 19, 19, 283, 1, 19, 91, 132 }, // U+01A1
    { 24, 22, 363, 2, 22, 132, 223 }, // U+01AF
    { 20, 19, 305, 1, 19, 95, 355 }, // U+01B0
    { 41, 28, 621, -1, 28, 287, 450 }, // U+01C4
    { 38, 22, 577, -1, 22, 209, 737 }, // U+01C5
    { 32, 22, 509, 1, 22, 176, 946 }, // U+01C6
    { 32, 28, 457, -1, 21, 224, 1122 }, // U+01C7
    { 28, 29, 427, -1, 22, 203, 1346 }, // U+01C8
    { 16, 29, 278, 2, 22, 116, 1549 }, // U+01C9
    { 36, 28, 523, -1, 21, 252, 1665 }, // U+01CA
    { 32, 29, 492, -1, 22, 232, 1917 }, // U+01CB
    { 25, 29, 415, 1, 22, 182, 2149 }, // U+01CC
    { 23, 28, 329, -2, 28, 161, 2331 }, // U+01CD
    { 17, 22, 270, 1, 22, 94, 2492 }, // U+01CE
    { 17, 28, 171, -1, 28, 119, 2586 }, // U+01CF
    { 13, 22, 142, 1, 22, 72, 2705 }, // U+01D0
    { 20, 28, 346, 1, 28, 140, 2777 }, // U+01D1
    { 17, 22, 268, 1, 22, 94, 2917 }, // U+01D2
    { 22, 28, 341, 2, 28, 154, 3011 }, // U+01D3
    { 17, 22, 280, 1, 22, 94, 3165 }, // U+01D4
    { 22, 30, 341, 2, 30, 165, 3259 }, // U+01D5
    { 16, 25, 280, 1, 25, 100, 3424 }, // U+01D6
    { 22, 31, 341, 2, 31, 171, 3524 }, // U+01D7
    { 16, 26, 280, 1, 26, 104, 3695 }, // U+01D8
    { 22, 31, 341, 2, 31, 171, 3799 }, // U+01D9
    { 16, 26, 280, 1, 26, 104, 3970 }, // U+01DA
    { 22, 31, 341, 2, 31, 171, 4074 }, // U+01DB
    { 16, 26, 280, 1, 26, 104, 4245 }, // U+01DC
    { 14, 16, 230, 0, 16, 56, 4349 }, // U+01DD
    { 22, 29, 329, -2, 29, 160, 4405 }, // U+01DE
    { 16, 25, 270, 1, 25, 100, 4565 }, // U+01DF
    { 22, 29, 329, -2, 29, 160, 4665 }, // U+01E0
    { 16, 25, 270, 1, 25, 100, 4825 }, // U+01E1
    { 31, 25, 444, -2, 25, 194, 4925 }, // U+01E2
    { 23, 20, 379, 1, 20, 115, 5119 }, // U+01E3
    { 20, 21, 333, 1, 21, 105, 5234 }, // U+01E4
    { 20, 25, 260, -2, 18, 125, 5339 }, // U+01E5
    { 21, 28, 333, 1, 28, 147, 5464 }, // U+01E6
    { 20, 29, 260, -2, 22, 145, 5611 }, // U+01E7
    { 24, 28, 327, -1, 28, 168, 5756 }, // U+01E8
    { 18, 28, 266, 1, 28, 126, 5924 }, // U+01E9
    { 20, 28, 346, 1, 21, 140, 6050 }, // U+01EA
    { 15, 23, 268, 1, 16, 87, 6190 }, // U+01EB
    { 20, 32, 346, 1, 25, 160, 6277 }, // U+01EC
    { 15, 27, 268, 1, 20, 102, 6437 }, // U+01ED
    { 19, 28, 281, 0, 28, 133, 6539 }, // U+01EE
    { 19, 29, 255, -2, 22, 138, 6672 }, // U+01EF
    { 19, 29, 136, -5, 22, 138, 6810 }, // U+01F0
    { 41, 21, 621, -1, 21, 216, 6948 }, // U+01F1
    { 36, 21, 577, -1, 21, 189, 7164 }, // U+01F2
    { 30, 22, 509, 1, 22, 165, 7353 }, // U+01F3
    { 20, 28, 333, 1, 28, 140, 7518 }, // U+01F4
    { 20, 29, 260, -2, 22, 145, 7658 }, // U+01F5
    { 33, 21, 485, -1, 21, 174, 7803 }, // U+01F6
    { 24, 28, 345, -3, 21, 168, 7977 }, // U+01F7
    { 26, 28, 356, -1, 28, 182, 8145 }, // U+01F8
    { 16, 22, 280, 1, 22, 88, 8327 }, // U+01F9
    { 22, 28, 329, -2, 28, 154, 8415 }, // U+01FA
    { 16, 29, 270, 1, 29, 116, 8569 }, // U+01FB
    { 31, 28, 444, -2, 28, 217, 8685 }, // U+01FC
    { 23, 22, 379, 1, 22, 127, 8902 }, // U+01FD
    { 20, 29, 346, 1, 28, 145, 9029 }, // U+01FE
    { 17, 23, 268, 0, 22, 98, 9174 }, // U+01FF
    { 22, 28, 329, -2, 28, 154, 9272 }, // U+0200
    { 16, 22, 270, 1, 22, 88, 9426 }, // U+0201
    { 22, 27, 329, -2, 27, 149, 9514 }, // U+0202
    { 16, 22, 270, 1, 22, 88, 9663 }, // U+0203
    { 20, 28, 291, -1, 28, 140, 9751 }, // U+0204
    { 13, 22, 230, 1, 22, 72, 9891 }, // U+0205
    { 20, 27, 291, -1, 27, 135, 9963 }, // U+0206
    { 14, 22, 230, 1, 22, 77, 10098 }, // U+0207
    { 14, 28, 171, -1, 28, 98, 10175 }, // U+0208
    { 12, 22, 142, -2, 22, 66, 10273 }, // U+0209
    { 15, 27, 171, -1, 27, 102, 10339 }, // U+020A
    { 11, 22, 142, 1, 22, 61, 10441 }, // U+020B
    { 20, 28, 346, 1, 28, 140, 10502 }, // U+020C
    { 15, 22, 268, 1, 22, 83, 10642 }, // U+020D
    { 20, 27, 346, 1, 27, 135, 10725 }, // U+020E
    { 15, 22, 268, 1, 22, 83, 10860 }, // U+020F
    { 20, 28, 310, -1, 28, 140, 10943 }, // U+0210
    { 13, 22, 218, 1, 22, 72, 11083 }, // U+0211
    { 20, 27, 310, -1, 27, 135, 11155 }, // U+0212
    { 13, 22, 218, 1, 22, 72, 11290 }, // U+0213
    { 22, 28, 341, 2, 28, 154, 11362 }, // U+0214
    { 16, 22, 280, 1, 22, 88, 11516 }, // U+0215
    { 22, 27, 341, 2, 27, 149, 11604 }, // U+0216
    { 16, 22, 280, 1, 22, 88, 11753 }, // U+0217
    { 17, 27, 254, 0, 21, 115, 11841 }, // U+0218
    { 13, 22, 217, 0, 16, 72, 11956 }, // U+0219
    { 18, 28, 286, 2, 21, 126, 12028 }, // U+021A
    { 11, 26, 172, 0, 20, 72, 12154 }, // U+021B
    { 18, 27, 281, -1, 21, 122, 12226 }, // U+021C
    { 16, 23, 219, -3, 16, 92, 12348 }, // U+021D
    { 26, 28, 370, -1, 28, 182, 12440 }, // U+021E
    { 18, 28, 280, 1, 28, 126, 12622 }, // U+021F
    { 6, 5, 0, -11, 23, 8, 0 }, // U+0300
    { 7, 5, 0, -7, 23, 9, 8 }, // U+0301
    { 10, 5, 0, -3, 23, 13, 17 }, // U+0302
    { 12, 4, 0, -13, 22, 12, 30 }, // U+0303
    { 10, 2, 0, -3, 20, 5, 42 }, // U+0304
    { 10, 2, 0, -2, 24, 5, 47 }, // U+0305
    { 10, 4, 0, -2, 22, 10, 52 }, // U+0306
    { 4, 4, 0, 1, 23, 4, 62 }, // U+0307
    { 9, 3, 0, -2, 22, 7, 66 }, // U+0308
    { 7, 8, 0, -10, 25, 14, 73 }, // U+0309
    { 8, 7, 0, -1, 24, 14, 87 }, // U+030A
    { 12, 5, 0, -2, 23, 15, 101 }, // U+030B
    { 10, 5, 0, 0, 23, 13, 116 }, // U+030C
    { 3, 5, 0, 1, 22, 4, 129 }, // U+030D
    { 8, 5, 0, -2, 22, 10, 133 }, // U+030E
    { 11, 5, 0, -12, 23, 14, 143 }, // U+030F
    { 9, 7, 0, -2, 25, 16, 157 }, // U+0310
    { 10, 4, 0, -3, 22, 10, 173 }, // U+0311
    { 6, 9, 0, -1, 22, 14, 183 }, // U+0312
    { 7, 9, 0, -2, 21, 16, 197 }, // U+0313
    { 5, 9, 0, 0, 21, 12, 213 }, // U+0314
    { 7, 9, 0, -2, 21, 16, 225 }, // U+0315
    { 6, 5, 0, -5, -2, 8, 241 }, // U+0316
    { 7, 5, 0, -6, -2, 9, 249 }, // U+0317
    { 7, 6, 0, -5, 0, 11, 258 }, // U+0318
    { 7, 6, 0, -6, 0, 11, 269 }, // U+0319
    { 8, 7, 146, 3, 23, 14, 280 }, // U+031A
    { 6, 7, 0, -2, 23, 11, 294 }, // U+031B
    { 5, 7, 0, -4, 0, 9, 305 }, // U+031C
    { 7, 5, 0, -6, -1, 9, 314 }, // U+031D
    { 7, 5, 0, -5, -1, 9, 323 }, // U+031E
    { 7, 6, 0, -6, -1, 11, 332 }, // U+031F
    { 7, 2, 0, -6, -2, 4, 343 }, // U+0320
    { 7, 7, 0, -6, 1, 13, 347 }, // U+0321
    { 6, 7, 0, -3, 1, 11, 360 }, // U+0322
    { 4, 4, 0, -13, -1, 4, 371 }, // U+0323
    { 10, 3, 0, -7, -2, 8, 375 }, // U+0324
    { 8, 7, 0, -6, -1, 14, 383 }, // U+0325
    { 6, 5, 0, -6, -1, 8, 397 }, // U+0326
    { 8, 8, 0, -5, 1, 16, 405 }, // U+0327
    { 8, 7, 0, -6, 0, 14, 421 }, // U+0328
    { 4, 5, 0, -4, -1, 5, 435 }, // U+0329
    { 13, 5, 0, -9, -2, 17, 440 }, // U+032A
    { 10, 5, 0, -7, -1, 13, 457 }, // U+032B
    { 10, 5, 0, -5, -1, 13, 470 }, // U+032C
    { 10, 5, 0, -8, -1, 13, 483 }, // U+032D
    { 9, 4, 0, -7, -2, 9, 496 }, // U+032E
    { 9, 4, 0, -7, -2, 9, 505 }, // U+032F
    { 12, 4, 0, -8, -1, 12, 514 }, // U+0330
    { 9, 2, 0, -7, -2, 5, 526 }, // U+0331
    { 14, 2, 0, -15, -2, 7, 531 }, // U+0332
    { 15, 5, 0, -16, -2, 19, 538 }, // U+0333
    { 12, 4, 0, -6, 10, 12, 557 }, // U+0334
    { 12, 2, 0, -6, 9, 6, 569 }, // U+0335
    { 19, 2, 0, -9, 9, 10, 575 }, // U+0336
    { 12, 8, 0, -6, 12, 24, 585 }, // U+0337
    { 17, 26, 0, -8, 23, 111, 609 }, // U+0338
    { 5, 7, 0, -5, 0, 9, 720 }, // U+0339
    { 13, 5, 0, -9, -2, 17, 729 }, // U+033A
    { 13, 6, 0, -9, -1, 20, 746 }, // U+033B
    { 10, 4, 0, -8, -1, 10, 766 }, // U+033C
    { 7, 5, 0, -1, 22, 9, 776 }, // U+033D
    { 6, 9, 0, 0, 26, 14, 785 }, // U+033E
    { 15, 5, 0, -4, 27, 19, 799 }, // U+033F
    { 6, 5, 0, -1, 23, 8, 818 }, // U+0340
    { 8, 5, 0, -1, 23, 10, 826 }, // U+0341
    { 13, 4, 0, -4, 22, 13, 836 }, // U+0342
    { 4, 6, 0, 1, 23, 6, 849 }, // U+0343
    { 13, 6, 0, -4, 23, 20, 855 }, // U+0344
    { 5, 5, 0, -1, -2, 7, 875 }, // U+0345
    { 13, 5, 0, -4, 23, 17, 882 }, // U+0346
    { 15, 5, 0, -10, -1, 19, 899 }, // U+0347
    { 7, 5, 0, -6, -1, 9, 918 }, // U+0348
    { 6, 5, 0, -5, -2, 8, 927 }, // U+0349
    { 12, 7, 0, -4, 23, 21, 935 }, // U+034A
    { 12, 10, 0, -3, 27, 30, 956 }, // U+034B
    { 13, 8, 0, -4, 25, 26, 986 }, // U+034C
    { 9, 6, 0, -7, -1, 14, 1012 }, // U+034D
    { 7, 7, 0, -6, 0, 13, 1026 }, // U+034E
    { 22, 21, 0, -11, 21, 116, 1039 }, // U+034F
    { 6, 6, 0, -1, 23, 9, 1155 }, // U+0350
    { 5, 7, 0, 0, 25, 9, 1164 }, // U+0351
    { 9, 7, 0, -2, 25, 16, 1173 }, // U+0352
    { 6, 7, 0, -5, -1, 11, 1189 }, // U+0353
    { 6, 6, 0, -5, -1, 9, 1200 }, // U+0354
    { 6, 6, 0, -5, -1, 9, 1209 }, // U+0355
    { 12, 6, 0, -8, -1, 18, 1218 }, // U+0356
    { 5, 7, 0, 0, 25, 9, 1236 }, // U+0357
    { 5, 4, 0, 4, 22, 5, 1245 }, // U+0358
    { 8, 8, 0, -4, 0, 16, 1250 }, // U+0359
    { 11, 6, 0, -8, -1, 17, 1266 }, // U+035A
    { 7, 6, 0, -1, 23, 11, 1283 }, // U+035B
    { 23, 6, 0, -13, 0, 35, 1294 }, // U+035C
    { 23, 6, 0, -8, 23, 35, 1329 }, // U+035D
    { 19, 2, 0, -7, 20, 10, 1364 }, // U+035E
    { 19, 2, 0, -12, -2, 10, 1374 }, // U+035F
    { 25, 4, 0, -10, 22, 25, 1384 }, // U+0360
    { 23, 6, 0, -9, 25, 35, 1409 }, // U+0361
    { 19, 6, 0, -12, -1, 29, 1444 }, // U+0362
    { 8, 7, 0, -1, 25, 14, 1473 }, // U+0363
    { 6, 7, 0, 0, 25, 11, 1487 }, // U+0364
    { 4, 9, 0, 1, 27, 9, 1498 }, // U+0365
    { 8, 7, 0, -1, 25, 14, 1507 }, // U+0366
    { 8, 7, 0, -1, 25, 14, 1521 }, // U+0367
    { 7, 7, 0, 0, 25, 13, 1535 }, // U+0368
    { 8, 9, 0, -1, 27, 18, 1548 }, // U+0369
    { 8, 9, 0, -1, 27, 18, 1566 }, // U+036A
    { 12, 8, 0, -3, 26, 24, 1584 }, // U+036B
    { 7, 7, 0, 0, 25, 13, 1608 }, // U+036C
    { 5, 8, 0, 1, 26, 10, 1621 }, // U+036D
    { 7, 8, 0, -1, 26, 14, 1631 }, // U+036E
    { 8, 8, 0, -1, 26, 16, 1645 }, // U+036F
    { 20, 28, 293, -1, 28, 140, 0 }, // U+0400
    { 20, 27, 293, -1, 27, 135, 140 }, // U+0401
    { 20, 21, 374, 2, 21, 105, 275 }, // U+0402
    { 20, 28, 263, -1, 28, 140, 380 }, // U+0403
    { 18, 21, 286, 1, 21, 95, 520 }, // U+0404
    { 16, 21, 257, 0, 21, 84, 615 }, // U+0405
    { 14, 21, 173, -1, 21, 74, 699 }, // U+0406
    { 15, 27, 173, -1, 27, 102, 773 }, // U+0407
    { 17, 28, 168, -4, 21, 119, 875 }, // U+0408
    { 29, 21, 450, -2, 21, 153, 994 }, // U+0409
    { 30, 21, 475, -1, 21, 158, 1147 }, // U+040A
    { 21, 21, 398, 2, 21, 111, 1305 }, // U+040B
    { 23, 28, 329, -1, 28, 161, 1416 }, // U+040C
    { 27, 28, 377, -1, 28, 189, 1577 }, // U+040D
    { 20, 28, 303, 2, 28, 140, 1766 }, // U+040E
    { 26, 27, 367, -1, 21, 176, 1906 }, // U+040F
    { 22, 21, 329, -2, 21, 116, 2082 }, // U+0410
    { 19, 21, 294, -1, 21, 100, 2198 }, // U+0411
    { 19, 21, 306, -1, 21, 100, 2298 }, // U+0412
    { 20, 21, 263, -1, 21, 105, 2398 }, // U+0413
    { 27, 27, 346, -3, 21, 183, 2503 }, // U+0414
    { 20, 21, 293, -1, 21, 105, 2686 }, // U+0415
    { 34, 21, 457, -3, 21, 179, 2791 }, // U+0416
    { 17, 21, 278, 0, 21, 90, 2970 }, // U+0417
    { 27, 21, 377, -1, 21, 142, 3060 }, // U+0418
    { 27, 28, 377, -1, 28, 189, 3202 }, // U+0419
    { 23, 21, 329, -1, 21, 121, 3391 }, // U+041A
    { 25, 21, 342, -2, 21, 132, 3512 }, // U+041B
    { 31, 21, 446, -1, 21, 163, 3644 }, // U+041C
    { 26, 21, 372, -1, 21, 137, 3807 }, // U+041D
    { 20, 21, 345, 1, 21, 105, 3944 }, // U+041E
    { 26, 21, 367, -1, 21, 137, 4049 }, // U+041F
    { 19, 21, 285, -1, 21, 100, 4186 }, // U+0420
    { 18, 21, 286, 1, 21, 95, 4286 }, // U+0421
    { 18, 21, 291, 2, 21, 95, 4381 }, // U+0422
    { 20, 21, 303, 2, 21, 105, 4476 }, // U+0423
    { 24, 21, 401, 1, 21, 126, 4581 }, // U+0424
    { 24, 21, 310, -2, 21, 126, 4707 }, // U+0425
    { 26, 27, 367, -1, 21, 176, 4833 }, // U+0426
    { 21, 21, 353, 3, 21, 111, 5009 }, // U+0427
    { 34, 21, 501, -1, 21, 179, 5120 }, // U+0428
    { 34, 27, 501, -1, 21, 230, 5299 }, // U+0429
    { 18, 21, 335, 2, 21, 95, 5529 }, // U+042A
    { 30, 21, 427, -1, 21, 158, 5624 }, // U+042B
    { 18, 21, 289, -1, 21, 95, 5782 }, // U+042C
    { 18, 21, 293, 0, 21, 95, 5877 }, // U+042D
    { 30, 21, 476, -1, 21, 158, 5972 }, // U+042E
    { 23, 21, 302, -2, 21, 121, 6130 }, // U+042F
    { 17, 16, 266, 0, 16, 68, 6251 }, // U+0430
    { 17, 23, 271, 1, 23, 98, 6319 }, // U+0431
    { 14, 16, 247, 1, 16, 56, 6417 }, // U+0432
    { 13, 16, 211, 0, 16, 52, 6473 }, // U+0433
    { 15, 24, 268, 1, 24, 90, 6525 }, // U+0434
    { 13, 16, 230, 1, 16, 52, 6615 }, // U+0435
    { 29, 16, 429, -1, 16, 116, 6667 }, // U+0436
    { 13, 16, 224, 0, 16, 52, 6783 }, // U+0437
    { 16, 16, 277, 1, 16, 64, 6835 }, // U+0438
    { 16, 23, 277, 1, 23, 92, 6899 }, // U+0439
    { 17, 16, 271, 1, 16, 68, 6991 }, // U+043A
    { 19, 16, 275, -2, 16, 76, 7059 }, // U+043B
    { 26, 16, 383, -2, 16, 104, 7135 }, // U+043C
    { 16, 16, 278, 1, 16, 64, 7239 }, // U+043D
    { 15, 16, 268, 1, 16, 60, 7303 }, // U+043E
    { 16, 16, 279, 1, 16, 64, 7363 }, // U+043F
    { 17, 23, 266, -1, 16, 98, 7427 }, // U+0440
    { 14, 16, 228, 1, 16, 56, 7525 }, // U+0441
    { 25, 16, 418, 1, 16, 100, 7581 }, // U+0442
    { 18, 23, 253, -2, 16, 104, 7681 }, // U+0443
    { 21, 31, 356, 1, 24, 163, 7785 }, // U+0444
    { 18, 16, 248, -2, 16, 72, 7948 }, // U+0445
    { 16, 23, 277, 1, 16, 92, 8020 }, // U+0446
    { 16, 16, 262, 0, 16, 64, 8112 }, // U+0447
    { 25, 16, 415, 1, 16, 100, 8176 }, // U+0448
    { 25, 23, 415, 1, 16, 144, 8276 }, // U+0449
    { 14, 16, 243, 0, 16, 56, 8420 }, // U+044A
    { 21, 16, 357, 1, 16, 84, 8476 }, // U+044B
    { 13, 16, 245, 1, 16, 52, 8560 }, // U+044C
    { 14, 16, 233, 0, 16, 56, 8612 }, // U+044D
    { 22, 16, 373, 1, 16, 88, 8668 }, // U+044E
    { 18, 16, 266, -1, 16, 72, 8756 }, // U+044F
    { 13, 23, 230, 1, 23, 75, 8828 }, // U+0450
    { 14, 22, 230, 1, 22, 77, 8903 }, // U+0451
    { 15, 30, 261, 1, 23, 113, 8980 }, // U+0452
    { 14, 23, 211, 0, 23, 81, 9093 }, // U+0453
    { 14, 16, 228, 1, 16, 56, 9174 }, // U+0454
    { 13, 16, 211, 0, 16, 52, 9230 }, // U+0455
    { 8, 23, 138, 1, 23, 46, 9282 }, // U+0456
    { 10, 23, 138, 1, 23, 58, 9328 }, // U+0457
    { 13, 29, 132, -4, 22, 95, 9386 }, // U+0458
    { 25, 16, 378, -2, 16, 100, 9481 }, // U+0459
    { 22, 16, 380, 1, 16, 88, 9581 }, // U+045A
    { 16, 24, 279, 1, 24, 96, 9669 }, // U+045B
    { 17, 23, 271, 1, 23, 98, 9765 }, // U+045C
    { 16, 23, 277, 1, 23, 92, 9863 }, // U+045D
    { 18, 30, 253, -2, 23, 135, 9955 }, // U+045E
    { 16, 23, 277, 1, 16, 92, 10090 }, // U+045F
    { 27, 21, 449, 1, 21, 142, 10182 }, // U+0460
    { 23, 16, 373, 0, 16, 92, 10324 }, // U+0461
    { 18, 21, 286, -1, 21, 95, 10416 }, // U+0462
    { 22, 16, 375, 1, 16, 88, 10511 }, // U+0463
    { 29, 21, 425, -1, 21, 153, 10599 }, // U+0464
    { 22, 16, 358, 1, 16, 88, 10752 }, // U+0465
    { 21, 21, 323, -2, 21, 111, 10840 }, // U+0466
    { 18, 16, 269, -2, 16, 72, 10951 }, // U+0467
    { 30, 21, 484, -1, 21, 158, 11023 }, // U+0468
    { 22, 16, 374, 1, 16, 88, 11181 }, // U+0469
    { 25, 21, 367, -2, 21, 132, 11269 }, // U+046A
    { 22, 16, 328, -2, 16, 88, 11401 }, // U+046B
    { 34, 21, 529, -1, 21, 179, 11489 }, // U+046C
    { 25, 16, 424, 1, 16, 100, 11668 }, // U+046D
    { 18, 33, 281, -1, 26, 149, 11768 }, // U+046E
    { 16, 27, 222, -2, 20, 108, 11917 }, // U+046F
    { 25, 21, 386, 3, 21, 132, 12025 }, // U+0470
    { 19, 30, 330, 1, 23, 143, 12157 }, // U+0471
    { 20, 21, 346, 1, 21, 105, 12300 }, // U+0472
    { 15, 16, 268, 1, 16, 60, 12405 }, // U+0473
    { 21, 21, 324, 2, 21, 111, 12465 }, // U+0474
    { 19, 16, 274, 0, 16, 76, 12576 }, // U+0475
    { 21, 28, 324, 2, 28, 147, 12652 }, // U+0476
    { 19, 23, 274, 0, 23, 110, 12799 }, // U+0477
    { 33, 28, 553, 1, 21, 231, 12909 }, // U+0478
    { 28, 23, 467, 1, 16, 161, 13140 }, // U+0479
    { 21, 25, 365, 1, 23, 132, 13301 }, // U+047A
    { 17, 19, 296, 1, 17, 81, 13433 }, // U+047B
    { 27, 31, 458, 1, 31, 210, 13514 }, // U+047C
    { 21, 27, 368, 1, 27, 142, 13724 }, // U+047D
    { 27, 27, 449, 1, 27, 183, 13866 }, // U+047E
    { 23, 21, 373, 0, 21, 121, 14049 }, // U+047F
    { 18, 28, 293, 1, 21, 126, 14170 }, // U+0480
    { 14, 23, 227, 1, 16, 81, 14296 }, // U+0481
    { 16, 20, 284, 1, 19, 80, 14377 }, // U+0482
    { 12, 5, 0, -4, 21, 15, 14457 }, // U+0483
    { 12, 5, 0, -4, 22, 15, 14472 }, // U+0484
    { 4, 6, 0, 1, 23, 6, 14487 }, // U+0485
    { 5, 6, 0, 0, 23, 8, 14493 }, // U+0486
    { 12, 5, 0, -3, 27, 15, 14501 }, // U+0487
    { 36, 33, 0, -18, 25, 297, 14516 }, // U+0488
    { 36, 35, 0, -18, 25, 315, 14813 }, // U+0489
    { 26, 34, 375, -1, 28, 221, 15128 }, // U+048A
    { 16, 29, 280, 1, 23, 116, 15349 }, // U+048B
    { 18, 23, 286, -1, 23, 104, 15465 }, // U+048C
    { 14, 19, 246, 1, 19, 67, 15569 }, // U+048D
    { 19, 21, 289, -1, 21, 100, 15636 }, // U+048E
    { 17, 23, 269, -1, 16, 98, 15736 }, // U+048F
    { 20, 25, 254, -1, 25, 125, 15834 }, // U+0490
    { 13, 19, 208, 1, 19, 62, 15959 }, // U+0491
    { 20, 21, 262, -1, 21, 105, 16021 }, // U+0492
    { 14, 16, 214, 0, 16, 56, 16126 }, // U+0493
    { 20, 28, 307, -1, 21, 140, 16182 }, // U+0494
    { 14, 23, 242, 0, 16, 81, 16322 }, // U+0495
    { 32, 27, 479, -2, 21, 216, 16403 }, // U+0496
    { 30, 23, 471, 0, 16, 173, 16619 }, // U+0497
    { 17, 28, 281, 0, 21, 119, 16792 }, // U+0498
    { 14, 22, 222, 0, 16, 77, 16911 }, // U+0499
    { 23, 27, 346, -1, 21, 156, 16988 }, // U+049A
    { 17, 23, 282, 1, 16, 98, 17144 }, // U+049B
    { 24, 21, 341, -1, 21, 126, 17242 }, // U+049C
    { 18, 16, 296, 1, 16, 72, 17368 }, // U+049D
    { 23, 21, 327, -1, 21, 121, 17440 }, // U+049E
    { 17, 23, 282, 1, 23, 98, 17561 }, // U+049F
    { 24, 21, 366, 1, 21, 126, 17659 }, // U+04A0
    { 20, 16, 330, 1, 16, 80, 17785 }, // U+04A1
    { 26, 27, 370, -1, 21, 176, 17865 }, // U+04A2
    { 17, 23, 294, 1, 16, 98, 18041 }, // U+04A3
    { 29, 21, 410, -1, 21, 153, 18139 }, // U+04A4
    { 22, 16, 352, 1, 16, 88, 18292 }, // U+04A5
    { 30, 28, 492, -1, 21, 210, 18380 }, // U+04A6
    { 23, 23, 400, 1, 16, 133, 18590 }, // U+04A7
    { 20, 23, 341, 1, 21, 115, 18723 }, // U+04A8
    { 16, 17, 285, 1, 16, 68, 18838 }, // U+04A9
    { 18, 28, 293, 1, 21, 126, 18906 }, // U+04AA
    { 14, 23, 227, 1, 16, 81, 19032 }, // U+04AB
    { 18, 27, 286, 2, 21, 122, 19113 }, // U+04AC
    { 25, 23, 418, 1, 16, 144, 19235 }, // U+04AD
    { 19, 21, 292, 2, 21, 100, 19379 }, // U+04AE
    { 15, 23, 257, 1, 16, 87, 19479 }, // U+04AF
    { 19, 21, 292, 2, 21, 100, 19566 }, // U+04B0
    { 15, 23, 257, 1, 16, 87, 19666 }, // U+04B1
    { 24, 27, 308, -2, 21, 162, 19753 }, // U+04B2
    { 18, 23, 255, -1, 16, 104, 19915 }, // U+04B3
    { 26, 27, 416, 2, 21, 176, 20019 }, // U+04B4
    { 21, 23, 344, 0, 16, 121, 20195 }, // U+04B5
    { 22, 27, 353, 2, 21, 149, 20316 }, // U+04B6
    { 17, 23, 284, 1, 16, 98, 20465 }, // U+04B7
    { 21, 21, 353, 3, 21, 111, 20563 }, // U+04B8
    { 16, 16, 262, 0, 16, 64, 20674 }, // U+04B9
    { 22, 21, 353, -1, 21, 116, 20738 }, // U+04BA
    { 16, 24, 280, 1, 24, 96, 20854 }, // U+04BB
    { 22, 21, 372, 1, 21, 116, 20950 }, // U+04BC
    { 17, 16, 280, 0, 16, 68, 21066 }, // U+04BD
    { 22, 27, 372, 1, 21, 149, 21134 }, // U+04BE
    { 17, 22, 280, 0, 16, 94, 21283 }, // U+04BF
    { 14, 21, 171, -1, 21, 74, 21377 }, // U+04C0
    { 34, 27, 457, -3, 27, 230, 21451 }, // U+04C1
    { 29, 23, 429, -1, 23, 167, 21681 }, // U+04C2
    { 23, 28, 324, -1, 21, 161, 21848 }, // U+04C3
    { 17, 23, 286, 1, 16, 98, 22009 }, // U+04C4
    { 25, 27, 328, -2, 21, 169, 22107 }, // U+04C5
    { 19, 22, 300, 0, 16, 105, 22276 }, // U+04C6
    { 26, 28, 368, -1, 21, 182, 22381 }, // U+04C7
    { 17, 23, 288, 0, 16, 98, 22563 }, // U+04C8
    { 26, 27, 370, -1, 21, 176, 22661 }, // U+04C9
    { 17, 22, 294, 1, 16, 94, 22837 }, // U+04CA
    { 22, 27, 353, 2, 21, 149, 22931 }, // U+04CB
    { 16, 22, 284, 1, 16, 88, 23080 }, // U+04CC
    { 30, 27, 438, -1, 21, 203, 23168 }, // U+04CD
    { 26, 22, 420, 0, 16, 143, 23371 }, // U+04CE
    { 14, 21, 171, -1, 21, 74, 23514 }, // U+04CF
    { 22, 27, 329, -2, 27, 149, 23588 }, // U+04D0
    { 16, 23, 270, 1, 23, 92, 23737 }, // U+04D1
    { 22, 27, 329, -2, 27, 149, 23829 }, // U+04D2
    { 16, 22, 270, 1, 22, 88, 23978 }, // U+04D3
    { 31, 21, 444, -2, 21, 163, 24066 }, // U+04D4
    { 23, 16, 379, 1, 16, 92, 24229 }, // U+04D5
    { 20, 27, 291, -1, 27, 135, 24321 }, // U+04D6
    { 13, 23, 230, 1, 23, 75, 24456 }, // U+04D7
    { 19, 21, 312, 0, 21, 100, 24531 }, // U+04D8
    { 14, 16, 230, 0, 16, 56, 24631 }, // U+04D9
    { 19, 27, 312, 0, 27, 129, 24687 }, // U+04DA
    { 14, 22, 230, 0, 22, 77, 24816 }, // U+04DB
    { 34, 27, 457, -3, 27, 230, 24893 }, // U+04DC
    { 29, 22, 429, -1, 22, 160, 25123 }, // U+04DD
    { 17, 27, 278, 0, 27, 115, 25283 }, // U+04DE
    { 13, 22, 224, 0, 22, 72, 25398 }, // U+04DF
    { 18, 21, 281, 0, 21, 95, 25470 }, // U+04E0
    { 17, 23, 255, -2, 16, 98, 25565 }, // U+04E1
    { 27, 25, 377, -1, 25, 169, 25663 }, // U+04E2
    { 16, 21, 280, 1, 21, 84, 25832 }, // U+04E3
    { 27, 27, 377, -1, 27, 183, 25916 }, // U+04E4
    { 16, 22, 280, 1, 22, 88, 26099 }, // U+04E5
    { 20, 27, 346, 1, 27, 135, 26187 }, // U+04E6
    { 15, 22, 268, 1, 22, 83, 26322 }, // U+04E7
    { 20, 21, 346, 1, 21, 105, 26405 }, // U+04E8
    { 15, 16, 268, 1, 16, 60, 26510 }, // U+04E9
    { 20, 27, 346, 1, 27, 135, 26570 }, // U+04EA
    { 15, 22, 268, 1, 22, 83, 26705 }, // U+04EB
    { 18, 27, 293, 0, 27, 122, 26788 }, // U+04EC
    { 14, 22, 233, 0, 22, 77, 26910 }, // U+04ED
    { 20, 26, 303, 2, 26, 130, 26987 }, // U+04EE
    { 20, 27, 246, -5, 20, 135, 27117 }, // U+04EF
    { 20, 27, 303, 2, 27, 135, 27252 }, // U+04F0
    { 20, 29, 246, -5, 22, 145, 27387 }, // U+04F1
    { 20, 28, 303, 2, 28, 140, 27532 }, // U+04F2
    { 22, 30, 246, -5, 23, 165, 27672 }, // U+04F3
    { 21, 27, 353, 3, 27, 142, 27837 }, // U+04F4
    { 16, 22, 262, 0, 22, 88, 27979 }, // U+04F5
    { 20, 27, 262, -1, 21, 135, 28067 }, // U+04F6
    { 14, 23, 214, 0, 16, 81, 28202 }, // U+04F7
    { 30, 27, 427, -1, 27, 203, 28283 }, // U+04F8
    { 21, 22, 357, 1, 22, 116, 28486 }, // U+04F9
    { 20, 27, 262, -1, 21, 135, 28602 }, // U+04FA
    { 14, 22, 214, 0, 16, 77, 28737 }, // U+04FB
    { 24, 27, 308, -2, 21, 162, 28814 }, // U+04FC
    { 18, 22, 255, -1, 16, 99, 28976 }, // U+04FD
    { 24, 21, 308, -2, 21, 126, 29075 }, // U+04FE
    { 18, 16, 255, -1, 16, 72, 29201 }, // U+04FF
    { 22, 26, 329, -2, 21, 143, 0 }, // U+1EA0
    { 16, 21, 270, 1, 16, 84, 143 }, // U+1EA1
    { 22, 29, 329, -2, 29, 160, 227 }, // U+1EA2
    { 16, 25, 270, 1, 25, 100, 387 }, // U+1EA3
    { 24, 29, 329, -2, 29, 174, 487 }, // U+1EA4
    { 19, 24, 270, 1, 24, 114, 661 }, // U+1EA5
    { 22, 29, 329, -2, 29, 160, 775 }, // U+1EA6
    { 16, 24, 270, 1, 24, 96, 935 }, // U+1EA7
    { 23, 30, 329, -2, 30, 173, 1031 }, // U+1EA8
    { 17, 26, 270, 1, 26, 111, 1204 }, // U+1EA9
    { 22, 31, 329, -2, 31, 171, 1315 }, // U+1EAA
    { 16, 26, 270, 1, 26, 104, 1486 }, // U+1EAB
    { 22, 33, 329, -2, 28, 182, 1590 }, // U+1EAC
    { 16, 27, 270, 1, 22, 108, 1772 }, // U+1EAD
    { 22, 30, 329, -2, 30, 165, 1880 }, // U+1EAE
    { 16, 25, 270, 1, 25, 100, 2045 }, // U+1EAF
    { 22, 30, 329, -2, 30, 165, 2145 }, // U+1EB0
    { 16, 25, 270, 1, 25, 100, 2310 }, // U+1EB1
    { 22, 31, 329, -2, 31, 171, 2410 }, // U+1EB2
    { 16, 26, 270, 1, 26, 104, 2581 }, // U+1EB3
    { 22, 31, 329, -2, 31, 171, 2685 }, // U+1EB4
    { 16, 26, 270, 1, 26, 104, 2856 }, // U+1EB5
    { 22, 33, 329, -2, 27, 182, 2960 }, // U+1EB6
    { 16, 27, 270, 1, 22, 108, 3142 }, // U+1EB7
    { 20, 27, 291, -1, 21, 135, 3250 }, // U+1EB8
    { 13, 21, 230, 1, 16, 69, 3385 }, // U+1EB9
    { 20, 29, 291, -1, 29, 145, 3454 }, // U+1EBA
    { 13, 25, 230, 1, 25, 82, 3599 }, // U+1EBB
    { 20, 26, 291, -1, 26, 130, 3681 }, // U+1EBC
    { 15, 21, 230, 1, 21, 79, 3811 }, // U+1EBD
    { 23, 29, 291, -1, 29, 167, 3890 }, // U+1EBE
    { 18, 24, 230, 1, 24, 108, 4057 }, // U+1EBF
    { 20, 29, 291, -1, 29, 145, 4165 }, // U+1EC0
    { 14, 24, 230, 1, 24, 84, 4310 }, // U+1EC1
    { 21, 30, 291, -1, 30, 158, 4394 }, // U+1EC2
    { 17, 26, 230, 1, 26, 111, 4552 }, // U+1EC3
    { 20, 31, 291, -1, 31, 155, 4663 }, // U+1EC4
    { 15, 26, 230, 1, 26, 98, 4818 }, // U+1EC5
    { 20, 34, 291, -1, 28, 170, 4916 }, // U+1EC6
    { 14, 27, 230, 1, 22, 95, 5086 }, // U+1EC7
    { 14, 29, 171, -1, 29, 102, 5181 }, // U+1EC8
    { 10, 25, 142, 1, 25, 63, 5283 }, // U+1EC9
    { 14, 27, 171, -1, 21, 95, 5346 }, // U+1ECA
    { 9, 27, 142, 0, 22, 61, 5441 }, // U+1ECB
    { 20, 26, 346, 1, 21, 130, 5502 }, // U+1ECC
    { 15, 21, 268, 1, 16, 79, 5632 }, // U+1ECD
    { 20, 29, 346, 1, 29, 145, 5711 }, // U+1ECE
    { 15, 25, 268, 1, 25, 94, 5856 }, // U+1ECF
    { 22, 29, 346, 1, 29, 160, 5950 }, // U+1ED0
    { 18, 24, 268, 1, 24, 108, 6110 }, // U+1ED1
    { 20, 29, 346, 1, 29, 145, 6218 }, // U+1ED2
    { 15, 24, 268, 1, 24, 90, 6363 }, // U+1ED3
    { 20, 31, 346, 1, 31, 155, 6453 }, // U+1ED4
    { 17, 26, 268, 1, 26, 111, 6608 }, // U+1ED5
    { 20, 31, 346, 1, 31, 155, 6719 }, // U+1ED6
    { 16, 26, 268, 1, 26, 104, 6874 }, // U+1ED7
    { 20, 33, 346, 1, 28, 165, 6978 }, // U+1ED8
    { 15, 27, 268, 1, 22, 102, 7143 }, // U+1ED9
    { 24, 28, 363, 1, 28, 168, 7245 }, // U+1EDA
    { 19, 22, 283, 1, 22, 105, 7413 }, // U+1EDB
    { 24, 28, 363, 1, 28, 168, 7518 }, // U+1EDC
    { 19, 22, 283, 1, 22, 105, 7686 }, // U+1EDD
    { 24, 29, 363, 1, 29, 174, 7791 }, // U+1EDE
    { 19, 25, 283, 1, 25, 119, 7965 }, // U+1EDF
    { 24, 27, 363, 1, 27, 162, 8084 }, // U+1EE0
    { 19, 21, 283, 1, 21, 100, 8246 }, // U+1EE1
    { 24, 27, 363, 1, 22, 162, 8346 }, // U+1EE2
    { 19, 24, 283, 1, 19, 114, 8508 }, // U+1EE3
    { 22, 26, 341, 2, 21, 143, 8622 }, // U+1EE4
    { 16, 21, 280, 1, 16, 84, 8765 }, // U+1EE5
    { 22, 29, 341, 2, 29, 160, 8849 }, // U+1EE6
    { 16, 25, 280, 1, 25, 100, 9009 }, // U+1EE7
    { 24, 28, 363, 2, 28, 168, 9109 }, // U+1EE8
    { 20, 22, 305, 1, 22, 110, 9277 }, // U+1EE9
    { 24, 28, 363, 2, 28, 168, 9387 }, // U+1EEA
    { 20, 22, 305, 1, 22, 110, 9555 }, // U+1EEB
    { 24, 29, 363, 2, 29, 174, 9665 }, // U+1EEC
    { 20, 25, 305, 1, 25, 125, 9839 }, // U+1EED
    { 24, 27, 363, 2, 27, 162, 9964 }, // U+1EEE
    { 20, 21, 305, 1, 21, 105, 10126 }, // U+1EEF
    { 24, 27, 363, 2, 22, 162, 10231 }, // U+1EF0
    { 20, 24, 305, 1, 19, 120, 10393 }, // U+1EF1
    { 19, 28, 292, 2, 28, 133, 10513 }, // U+1EF2
    { 20, 29, 246, -5, 22, 145, 10646 }, // U+1EF3
    { 19, 27, 292, 2, 21, 129, 10791 }, // U+1EF4
    { 20, 23, 246, -5, 16, 115, 10920 }, // U+1EF5
    { 19, 29, 292, 2, 29, 138, 11035 }, // U+1EF6
    { 20, 31, 246, -5, 24, 155, 11173 }, // U+1EF7
    { 19, 26, 292, 2, 26, 124, 11328 }, // U+1EF8
    { 20, 28, 246, -5, 21, 140, 11452 }, // U+1EF9
    { 0, 0, 233, 0, 0, 0, 0 }, // U+2000
    { 0, 0, 467, 0, 0, 0, 0 }, // U+2001
    { 0, 0, 233, 0, 0, 0, 0 }, // U+2002
    { 0, 0, 467, 0, 0, 0, 0 }, // U+2003
    { 0, 0, 155, 0, 0, 0, 0 }, // U+2004
    { 0, 0, 117, 0, 0, 0, 0 }, // U+2005
    { 0, 0, 78, 0, 0, 0, 0 }, // U+2006
    { 0, 0, 261, 0, 0, 0, 0 }, // U+2007
    { 0, 0, 117, 0, 0, 0, 0 }, // U+2008
    { 0, 0, 77, 0, 0, 0, 0 }, // U+2009
    { 0, 0, 47, 0, 0, 0, 0 }, // U+200A
    { 0, 0, 0, 0, 0, 0, 0 }, // U+200B
    { 2, 23, 0, -1, 19, 12, 0 }, // U+200C
    { 8, 25, 0, -4, 21, 50, 12 }, // U+200D
    { 8, 26, 0, -1, 22, 52, 62 }, // U+200E
    { 8, 26, 0, -7, 22, 52, 114 }, // U+200F
    { 9, 3, 145, 0, 10, 7, 166 }, // U+2010
    { 9, 3, 145, 0, 10, 7, 173 }, // U+2011
    { 15, 2, 261, 1, 12, 8, 180 }, // U+2012
    { 16, 2, 233, -1, 9, 8, 188 }, // U+2013
    { 31, 2, 467, -1, 9, 16, 196 }, // U+2014
    { 31, 2, 467, -1, 9, 16, 212 }, // U+2015
    { 8, 29, 261, 5, 22, 58, 228 }, // U+2016
    { 14, 5, 192, -3, -1, 18, 286 }, // U+2017
    { 6, 9, 117, 3, 22, 14, 304 }, // U+2018
    { 6, 9, 117, 2, 21, 14, 318 }, // U+2019
    { 6, 9, 117, -1, 4, 14, 332 }, // U+201A
    { 6, 9, 117, 3, 21, 14, 346 }, // U+201B
    { 12, 9, 210, 3, 22, 27, 360 }, // U+201C
    { 12, 9, 210, 2, 21, 27, 387 }, // U+201D
    { 12, 9, 210, -1, 4, 27, 414 }, // U+201E
    { 11, 9, 210, 3, 21, 25, 441 }, // U+201F
    { 12, 26, 209, 2, 22, 78, 466 }, // U+2020
    { 16, 26, 209, -1, 22, 104, 544 }, // U+2021
    { 9, 9, 169, 1, 15, 21, 648 }, // U+2022
    { 10, 11, 233, 4, 16, 28, 669 }, // U+2023
    { 5, 4, 133, 2, 12, 5, 697 }, // U+2024
    { 13, 4, 250, 2, 12, 13, 702 }, // U+2025
    { 21, 4, 400, 1, 4, 21, 715 }, // U+2026
    { 5, 4, 117, 1, 10, 5, 736 }, // U+2027
    { 0, 0, 280, 0, 0, 0, 741 }, // U+2028
    { 0, 0, 280, 0, 0, 0, 741 }, // U+2029
    { 8, 23, 0, -1, 19, 46, 741 }, // U+202A
    { 8, 23, 0, -7, 19, 46, 787 }, // U+202B
    { 8, 24, 0, -4, 20, 48, 833 }, // U+202C
    { 8, 25, 0, -4, 21, 50, 881 }, // U+202D
    { 8, 25, 0, -4, 21, 50, 931 }, // U+202E
    { 0, 0, 77, 0, 0, 0, 981 }, // U+202F
    { 36, 21, 599, 1, 21, 189, 981 }, // U+2030
    { 47, 21, 780, 1, 21, 247, 1170 }, // U+2031
    { 5, 7, 103, 3, 21, 9, 1417 }, // U+2032
    { 11, 7, 190, 3, 21, 20, 1426 }, // U+2033
    { 16, 7, 278, 3, 21, 28, 1446 }, // U+2034
    { 5, 7, 103, 3, 21, 9, 1474 }, // U+2035
    { 10, 7, 190, 3, 21, 18, 1483 }, // U+2036
    { 16, 7, 278, 3, 21, 28, 1501 }, // U+2037
    { 10, 9, 187, -1, 2, 23, 1529 }, // U+2038
    { 8, 11, 155, 1, 13, 22, 1552 }, // U+2039
    { 8, 11, 155, 0, 13, 22, 1574 }, // U+203A
    { 22, 21, 382, 1, 21, 116, 1596 }, // U+203B
    { 15, 21, 261, 1, 21, 79, 1712 }, // U+203C
    { 13, 21, 233, 3, 21, 69, 1791 }, // U+203D
    { 15, 2, 214, 2, 24, 8, 1860 }, // U+203E
    { 23, 6, 0, -22, 0, 35, 1868 }, // U+203F
    { 23, 6, 0, -17, 25, 35, 1903 }, // U+2040
    { 14, 21, 210, -2, 21, 74, 1938 }, // U+2041
    { 28, 24, 467, 0, 23, 168, 2012 }, // U+2042
    { 9, 5, 169, 1, 13, 12, 2180 }, // U+2043
    { 18, 21, 29, -8, 21, 95, 2192 }, // U+2044
    { 13, 27, 168, 0, 22, 88, 2287 }, // U+2045
    { 13, 27, 168, -2, 22, 88, 2375 }, // U+2046
    { 27, 21, 456, 3, 21, 142, 2463 }, // U+2047
    { 20, 21, 367, 3, 21, 105, 2605 }, // U+2048
    { 23, 21, 364, 1, 21, 121, 2710 }, // U+2049
    { 14, 22, 261, 1, 17, 77, 2831 }, // U+204A
    { 17, 26, 288, 2, 22, 111, 2908 }, // U+204B
    { 16, 11, 279, 1, 16, 44, 3019 }, // U+204C
    { 16, 11, 279, 1, 16, 44, 3063 }, // U+204D
    { 13, 12, 233, 1, 17, 39, 3107 }, // U+204E
    { 6, 21, 133, 1, 16, 32, 3146 }, // U+204F
    { 19, 21, 341, 2, 21, 100, 3178 }, // U+2050
    { 16, 25, 233, 0, 23, 100, 3278 }, // U+2051
    { 10, 21, 154, 0, 21, 53, 3378 }, // U+2052
    { 14, 5, 261, 1, 13, 18, 3431 }, // U+2053
    { 23, 6, 0, -6, -1, 35, 3449 }, // U+2054
    { 13, 13, 252, 2, 17, 43, 3484 }, // U+2055
    { 14, 16, 287, 1, 16, 56, 3527 }, // U+2056
    { 22, 7, 366, 3, 21, 39, 3583 }, // U+2057
    { 17, 16, 331, 1, 16, 68, 3622 }, // U+2058
    { 17, 16, 331, 1, 16, 68, 3690 }, // U+2059
    { 5, 21, 134, 2, 21, 27, 3758 }, // U+205A
    { 17, 21, 331, 2, 21, 90, 3785 }, // U+205B
    { 17, 16, 325, 1, 16, 68, 3875 }, // U+205C
    { 5, 21, 134, 2, 21, 27, 3943 }, // U+205D
    { 5, 21, 134, 2, 21, 27, 3970 }, // U+205E
    { 0, 0, 104, 0, 0, 0, 3997 }, // U+205F
    { 0, 0, 280, 0, 0, 0, 3997 }, // U+2060
    { 0, 0, 280, 0, 0, 0, 3997 }, // U+2061
    { 0, 0, 280, 0, 0, 0, 3997 }, // U+2062
    { 0, 0, 280, 0, 0, 0, 3997 }, // U+2063
    { 0, 0, 280, 0, 0, 0, 3997 }, // U+2064
    { 0, 0, 280, 0, 0, 0, 3997 }, // U+2066
    { 0, 0, 280, 0, 0, 0, 3997 }, // U+2067
    { 0, 0, 280, 0, 0, 0, 3997 }, // U+2068
    { 0, 0, 280, 0, 0, 0, 3997 }, // U+2069
    { 8, 25, 0, -4, 21, 50, 3997 }, // U+206A
    { 8, 25, 0, -4, 21, 50, 4047 }, // U+206B
    { 8, 24, 0, -4, 20, 48, 4097 }, // U+206C
    { 8, 25, 0, -4, 21, 50, 4145 }, // U+206D
    { 8, 25, 0, -4, 21, 50, 4195 }, // U+206E
    { 8, 25, 0, -4, 21, 50, 4245 }, // U+206F
    { 11, 15, 187, 2, 25, 42, 0 }, // U+2070
    { 6, 14, 92, 2, 22, 21, 42 }, // U+2071
    { 12, 14, 187, 1, 24, 42, 63 }, // U+2074
    { 11, 14, 187, 2, 24, 39, 105 }, // U+2075
    { 11, 15, 187, 2, 25, 42, 144 }, // U+2076
    { 11, 13, 187, 3, 24, 36, 186 }, // U+2077
    { 11, 15, 187, 2, 25, 42, 222 }, // U+2078
    { 11, 15, 187, 2, 25, 42, 264 }, // U+2079
    { 10, 10, 183, 2, 22, 25, 306 }, // U+207A
    { 10, 1, 183, 2, 18, 3, 331 }, // U+207B
    { 10, 7, 183, 2, 20, 18, 334 }, // U+207C
    { 9, 18, 116, 3, 26, 41, 352 }, // U+207D
    { 9, 18, 117, -1, 26, 41, 393 }, // U+207E
    { 11, 11, 182, 2, 19, 31, 434 }, // U+207F
    { 12, 13, 187, -1, 10, 39, 465 }, // U+2080
    { 9, 13, 187, -1, 10, 30, 504 }, // U+2081
    { 11, 13, 187, -1, 10, 36, 534 }, // U+2082
    { 11, 13, 187, -1, 10, 36, 570 }, // U+2083
    { 12, 13, 187, -2, 10, 39, 606 }, // U+2084
    { 11, 13, 187, -1, 10, 36, 645 }, // U+2085
    { 10, 13, 187, 0, 10, 33, 681 }, // U+2086
    { 11, 13, 187, 0, 10, 36, 714 }, // U+2087
    { 11, 13, 187, -1, 10, 36, 750 }, // U+2088
    { 10, 13, 187, 0, 10, 33, 786 }, // U+2089
    { 11, 10, 183, -1, 8, 28, 819 }, // U+208A
    { 11, 1, 183, -1, 3, 3, 847 }, // U+208B
    { 11, 6, 183, -1, 6, 17, 850 }, // U+208C
    { 9, 19, 117, 0, 13, 43, 867 }, // U+208D
    { 9, 19, 117, -4, 13, 43, 910 }, // U+208E
    { 11, 10, 175, -1, 7, 28, 953 }, // U+2090
    { 9, 10, 149, -1, 7, 23, 981 }, // U+2091
    { 10, 10, 174, -1, 7, 25, 1004 }, // U+2092
    { 12, 10, 166, -2, 7, 30, 1029 }, // U+2093
    { 10, 10, 149, -2, 7, 25, 1059 }, // U+2094
    { 11, 14, 182, -1, 11, 39, 1084 }, // U+2095
    { 11, 14, 173, -1, 11, 39, 1123 }, // U+2096
    { 6, 14, 92, -1, 11, 21, 1162 }, // U+2097
    { 17, 10, 272, -1, 7, 43, 1183 }, // U+2098
    { 11, 10, 182, -1, 7, 28, 1226 }, // U+2099
    { 11, 14, 175, -2, 7, 39, 1254 }, // U+209A
    { 9, 10, 141, -2, 7, 23, 1293 }, // U+209B
    { 7, 12, 112, -1, 9, 21, 1316 }, // U+209C
    { 18, 21, 298, 1, 21, 95, 0 }, // U+20A0
    { 16, 25, 261, 1, 22, 100, 95 }, // U+20A1
    { 18, 21, 281, 1, 21, 95, 195 }, // U+20A2
    { 20, 21, 261, -2, 21, 105, 290 }, // U+20A3
    { 18, 21, 261, -1, 21, 95, 395 }, // U+20A4
    { 25, 23, 418, 1, 20, 144, 490 }, // U+20A5
    { 23, 21, 323, -1, 21, 121, 634 }, // U+20A6
    { 25, 21, 382, -2, 21, 132, 755 }, // U+20A7
    { 31, 21, 477, -2, 21, 163, 887 }, // U+20A8
    { 32, 21, 488, 1, 21, 168, 1050 }, // U+20A9
    { 20, 18, 416, 3, 18, 90, 1218 }, // U+20AA
    { 19, 26, 270, 0, 22, 124, 1308 }, // U+20AB
    { 18, 21, 261, 0, 21, 95, 1432 }, // U+20AC
    { 22, 21, 303, -1, 21, 116, 1527 }, // U+20AD
    { 18, 21, 261, 1, 21, 95, 1643 }, // U+20AE
    { 29, 31, 467, -1, 25, 225, 1738 }, // U+20AF
    { 16, 28, 261, -2, 21, 112, 1963 }, // U+20B0
    { 21, 21, 289, -1, 21, 111, 2075 }, // U+20B1
    { 20, 24, 333, 1, 22, 120, 2186 }, // U+20B2
    { 24, 21, 329, -2, 21, 126, 2306 }, // U+20B3
    { 18, 21, 257, -1, 21, 95, 2432 }, // U+20B4
    { 18, 24, 293, 1, 22, 108, 2527 }, // U+20B5
    { 17, 21, 257, 1, 21, 90, 2635 }, // U+20B6
    { 17, 24, 261, 0, 21, 102, 2725 }, // U+20B7
    { 17, 21, 261, 1, 21, 90, 2827 }, // U+20B8
    { 16, 21, 261, 1, 21, 84, 2917 }, // U+20B9
    { 17, 21, 261, -1, 21, 90, 3001 }, // U+20BA
    { 17, 21, 305, 2, 21, 90, 3091 }, // U+20BB
    { 20, 20, 367, 1, 20, 100, 3181 }, // U+20BC
    { 19, 21, 275, -1, 21, 100, 3281 }, // U+20BD
    { 18, 24, 261, 0, 24, 108, 3381 }, // U+20BE
    { 18, 27, 261, -2, 24, 122, 3489 }, // U+20BF
    { 9, 4, 145, 0, 10, 9, 0 }, // U+2212
    { 28, 29, 288, -5, 22, 203, 0 }, // U+FB00
    { 22, 29, 277, -5, 22, 160, 203 }, // U+FB01
    { 23, 29, 277, -5, 22, 167, 363 }, // U+FB02
    { 31, 29, 416, -5, 22, 225, 530 }, // U+FB03
    { 31, 29, 415, -5, 22, 225, 755 }, // U+FB04
    { 25, 29, 307, -5, 22, 182, 980 }, // U+FB05
    { 25, 22, 388, 0, 22, 138, 1162 }, // U+FB06
    { 28, 28, 467, 1, 23, 196, 0 }, // U+FFFD
};

static const EpdUnicodeInterval notoserif_14_italicIntervals[] = {
    { 0x0, 0x0, 0x0 },
    { 0xD, 0xD, 0x1 },
    { 0x20, 0x7E, 0x2 },
    { 0xA0, 0xFF, 0x61 },
    { 0x100, 0x17F, 0xC1 },
    { 0x1A0, 0x1A1, 0x141 },
    { 0x1AF, 0x1B0, 0x143 },
    { 0x1C4, 0x21F, 0x145 },
    { 0x300, 0x36F, 0x1A1 },
    { 0x400, 0x4FF, 0x211 },
    { 0x1EA0, 0x1EF9, 0x311 },
    { 0x2000, 0x2064, 0x36B },
    { 0x2066, 0x206F, 0x3D0 },
    { 0x2070, 0x2071, 0x3DA },
    { 0x2074, 0x208E, 0x3DC },
    { 0x2090, 0x209C, 0x3F7 },
    { 0x20A0, 0x20BF, 0x404 },
    { 0x2212, 0x2212, 0x424 },
    { 0xFB00, 0xFB06, 0x425 },
    { 0xFFFD, 0xFFFD, 0x42C },
};

static const EpdFontGroup notoserif_14_italicGroups[] = {
    { 0, 4095, 8208, 97, 0 },
    { 4095, 3334, 9340, 96, 97 },
    { 7429, 4529, 15424, 128, 193 },
    { 11958, 4417, 13428, 96, 321 },
    { 16375, 1240, 1871, 112, 417 },
    { 17615, 11625, 31409, 256, 529 },
    { 29240, 2466, 12108, 90, 785 },
    { 31706, 2156, 4664, 111, 875 },
    { 33862, 922, 1519, 42, 986 },
    { 34784, 2286, 3887, 32, 1028 },
    { 37070, 12, 12, 1, 1060 },
    { 37082, 532, 1372, 7, 1061 },
    { 37614, 127, 196, 1, 1068 },
};

static const EpdKernClassEntry notoserif_14_italicKernLeftClasses[] = {
    { 0x0022, 1 }, // "
    { 0x0026, 2 }, // &
    { 0x0027, 1 }, // '
    { 0x0028, 3 }, // (
    { 0x002A, 4 }, // *
    { 0x002C, 5 }, // ,
    { 0x002D, 6 }, // -
    { 0x002E, 5 }, // .
    { 0x0041, 7 }, // A
    { 0x0042, 8 }, // B
    { 0x0043, 9 }, // C
    { 0x0044, 10 }, // D
    { 0x0045, 11 }, // E
    { 0x0046, 12 }, // F
    { 0x0047, 13 }, // G
    { 0x004A, 14 }, // J
    { 0x004B, 15 }, // K
    { 0x004C, 16 }, // L
    { 0x004E, 17 }, // N
    { 0x004F, 10 }, // O
    { 0x0050, 18 }, // P
    { 0x0051, 10 }, // Q
    { 0x0052, 19 }, // R
    { 0x0053, 20 }, // S
    { 0x0054, 21 }, // T
    { 0x0055, 22 }, // U
    { 0x0056, 23 }, // V
    { 0x0057, 24 }, // W
    { 0x0058, 25 }, // X
    { 0x0059, 26 }, // Y
    { 0x005B, 3 }, // [
    { 0x005F, 27 }, // _
    { 0x0061, 28 }, // a
    { 0x0062, 29 }, // b
    { 0x0063, 30 }, // c
    { 0x0065, 30 }, // e
    { 0x0066, 31 }, // f
    { 0x0068, 28 }, // h
    { 0x006B, 32 }, // k
    { 0x006D, 28 }, // m
    { 0x006E, 28 }, // n
    { 0x006F, 29 }, // o
    { 0x0070, 29 }, // p
    { 0x0071, 33 }, // q
    { 0x0072, 34 }, // r
    { 0x0073, 35 }, // s
    { 0x0076, 36 }, // v
    { 0x0077, 37 }, // w
    { 0x0079, 38 }, // y
    { 0x007A, 39 }, // z
    { 0x007B, 3 }, // {
    { 0x00A1, 40 }, // U+00A1
    { 0x00AB, 41 }, // U+00AB
    { 0x00BF, 42 }, // U+00BF
    { 0x00C0, 43 }, // U+00C0
    { 0x00C1, 43 }, // U+00C1
    { 0x00C2, 43 }, // U+00C2
    { 0x00C3, 43 }, // U+00C3
    { 0x00C4, 43 }, // U+00C4
    { 0x00C5, 43 }, // U+00C5
    { 0x00C6, 11 }, // U+00C6
    { 0x00C7, 9 }, // U+00C7
    { 0x00C8, 11 }, // U+00C8
    { 0x00C9, 11 }, // U+00C9
    { 0x00CA, 11 }, // U+00CA
    { 0x00CB, 11 }, // U+00CB
    { 0x00D0, 10 }, // U+00D0
    { 0x00D1, 17 }, // U+00D1
    { 0x00D2, 10 }, // U+00D2
    { 0x00D3, 10 }, // U+00D3
    { 0x00D4, 10 }, // U+00D4
    { 0x00D5, 10 }, // U+00D5
    { 0x00D6, 10 }, // U+00D6
    { 0x00D8, 10 }, // U+00D8
    { 0x00D9, 22 }, // U+00D9
    { 0x00DA, 22 }, // U+00DA
    { 0x00DB, 22 }, // U+00DB
    { 0x00DC, 22 }, // U+00DC
    { 0x00DD, 26 }, // U+00DD
    { 0x00DE, 10 }, // U+00DE
    { 0x00DF, 35 }, // U+00DF
    { 0x00E0, 28 }, // U+00E0
    { 0x00E1, 28 }, // U+00E1
    { 0x00E2, 28 }, // U+00E2
    { 0x00E3, 28 }, // U+00E3
    { 0x00E4, 28 }, // U+00E4
    { 0x00E5, 28 }, // U+00E5
    { 0x00E6, 30 }, // U+00E6
    { 0x00E7, 30 }, // U+00E7
    { 0x00E8, 30 }, // U+00E8
    { 0x00E9, 30 }, // U+00E9
    { 0x00EA, 30 }, // U+00EA
    { 0x00EB, 30 }, // U+00EB
    { 0x00F0, 29 }, // U+00F0
    { 0x00F1, 28 }, // U+00F1
    { 0x00F2, 29 }, // U+00F2
    { 0x00F3, 29 }, // U+00F3
    { 0x00F4, 29 }, // U+00F4
    { 0x00F5, 29 }, // U+00F5
    { 0x00F6, 29 }, // U+00F6
    { 0x00F8, 29 }, // U+00F8
    { 0x00F9, 28 }, // U+00F9
    { 0x00FA, 28 }, // U+00FA
    { 0x00FB, 28 }, // U+00FB
    { 0x00FC, 28 }, // U+00FC
    { 0x00FD, 38 }, // U+00FD
    { 0x00FE, 29 }, // U+00FE
    { 0x00FF, 38 }, // U+00FF
    { 0x0100, 7 }, // U+0100
    { 0x0101, 28 }, // U+0101
    { 0x0102, 43 }, // U+0102
    { 0x0103, 28 }, // U+0103
    { 0x0104, 43 }, // U+0104
    { 0x0105, 28 }, // U+0105
    { 0x0106, 9 }, // U+0106
    { 0x0107, 30 }, // U+0107
    { 0x0108, 9 }, // U+0108
    { 0x0109, 30 }, // U+0109
    { 0x010A, 9 }, // U+010A
    { 0x010B, 30 }, // U+010B
    { 0x010C, 9 }, // U+010C
    { 0x010D, 30 }, // U+010D
    { 0x010E, 10 }, // U+010E
    { 0x010F, 44 }, // U+010F
    { 0x0110, 10 }, // U+0110
    { 0x0112, 11 }, // U+0112
    { 0x0113, 30 }, // U+0113
    { 0x0114, 11 }, // U+0114
    { 0x0115, 30 }, // U+0115
    { 0x0116, 11 }, // U+0116
    { 0x0117, 30 }, // U+0117
    { 0x0118, 11 }, // U+0118
    { 0x0119, 30 }, // U+0119
    { 0x011A, 11 }, // U+011A
    { 0x011B, 30 }, // U+011B
    { 0x011C, 13 }, // U+011C
    { 0x011E, 13 }, // U+011E
    { 0x0120, 13 }, // U+0120
    { 0x0122, 13 }, // U+0122
    { 0x0125, 28 }, // U+0125
    { 0x0127, 28 }, // U+0127
    { 0x0132, 14 }, // U+0132
    { 0x0134, 14 }, // U+0134
    { 0x0136, 15 }, // U+0136
    { 0x0137, 32 }, // U+0137
    { 0x0138, 32 }, // U+0138
    { 0x0139, 16 }, // U+0139
    { 0x013B, 16 }, // U+013B
    { 0x013D, 45 }, // U+013D
    { 0x013E, 44 }, // U+013E
    { 0x0141, 16 }, // U+0141
    { 0x0143, 17 }, // U+0143
    { 0x0144, 28 }, // U+0144
    { 0x0145, 17 }, // U+0145
    { 0x0146, 28 }, // U+0146
    { 0x0147, 17 }, // U+0147
    { 0x0148, 28 }, // U+0148
    { 0x0149, 28 }, // U+0149
    { 0x014A, 14 }, // U+014A
    { 0x014B, 28 }, // U+014B
    { 0x014C, 10 }, // U+014C
    { 0x014D, 29 }, // U+014D
    { 0x014E, 10 }, // U+014E
    { 0x014F, 29 }, // U+014F
    { 0x0150, 10 }, // U+0150
    { 0x0151, 29 }, // U+0151
    { 0x0152, 11 }, // U+0152
    { 0x0153, 30 }, // U+0153
    { 0x0154, 19 }, // U+0154
    { 0x0155, 34 }, // U+0155
    { 0x0156, 19 }, // U+0156
    { 0x0157, 34 }, // U+0157
    { 0x0158, 19 }, // U+0158
    { 0x0159, 34 }, // U+0159
    { 0x015A, 20 }, // U+015A
    { 0x015B, 35 }, // U+015B
    { 0x015C, 20 }, // U+015C
    { 0x015D, 35 }, // U+015D
    { 0x015E, 20 }, // U+015E
    { 0x015F, 35 }, // U+015F
    { 0x0160, 20 }, // U+0160
    { 0x0161, 35 }, // U+0161
    { 0x0162, 21 }, // U+0162
    { 0x0164, 21 }, // U+0164
    { 0x0166, 21 }, // U+0166
    { 0x0168, 22 }, // U+0168
    { 0x0169, 28 }, // U+0169
    { 0x016A, 22 }, // U+016A
    { 0x016B, 28 }, // U+016B
    { 0x016C, 22 }, // U+016C
    { 0x016D, 28 }, // U+016D
    { 0x016E, 22 }, // U+016E
    { 0x016F, 28 }, // U+016F
    { 0x0170, 22 }, // U+0170
    { 0x0171, 28 }, // U+0171
    { 0x0172, 22 }, // U+0172
    { 0x0173, 28 }, // U+0173
    { 0x0174, 24 }, // U+0174
    { 0x0175, 37 }, // U+0175
    { 0x0176, 26 }, // U+0176
    { 0x0177, 38 }, // U+0177
    { 0x0178, 26 }, // U+0178
    { 0x017A, 39 }, // U+017A
    { 0x017C, 39 }, // U+017C
    { 0x017E, 39 }, // U+017E
    { 0x01A0, 46 }, // U+01A0
    { 0x01A1, 47 }, // U+01A1
    { 0x01AF, 48 }, // U+01AF
    { 0x01B0, 49 }, // U+01B0
    { 0x01FA, 7 }, // U+01FA
    { 0x01FB, 28 }, // U+01FB
    { 0x01FC, 11 }, // U+01FC
    { 0x01FD, 30 }, // U+01FD
    { 0x01FE, 10 }, // U+01FE
    { 0x01FF, 29 }, // U+01FF
    { 0x0218, 20 }, // U+0218
    { 0x0219, 35 }, // U+0219
    { 0x021A, 21 }, // U+021A
    { 0x0400, 50 }, // U+0400
    { 0x0401, 50 }, // U+0401
    { 0x0402, 51 }, // U+0402
    { 0x0403, 52 }, // U+0403
    { 0x0404, 53 }, // U+0404
    { 0x0405, 54 }, // U+0405
    { 0x0406, 55 }, // U+0406
    { 0x0407, 55 }, // U+0407
    { 0x0408, 56 }, // U+0408
    { 0x0409, 57 }, // U+0409
    { 0x040A, 57 }, // U+040A
    { 0x040B, 58 }, // U+040B
    { 0x040C, 59 }, // U+040C
    { 0x040D, 55 }, // U+040D
    { 0x040E, 60 }, // U+040E
    { 0x040F, 55 }, // U+040F
    { 0x0410, 61 }, // U+0410
    { 0x0411, 62 }, // U+0411
    { 0x0412, 63 }, // U+0412
    { 0x0413, 52 }, // U+0413
    { 0x0414, 64 }, // U+0414
    { 0x0415, 50 }, // U+0415
    { 0x0416, 59 }, // U+0416
    { 0x0417, 63 }, // U+0417
    { 0x0418, 55 }, // U+0418
    { 0x0419, 55 }, // U+0419
    { 0x041A, 59 }, // U+041A
    { 0x041B, 55 }, // U+041B
    { 0x041C, 55 }, // U+041C
    { 0x041D, 55 }, // U+041D
    { 0x041E, 65 }, // U+041E
    { 0x041F, 55 }, // U+041F
    { 0x0420, 66 }, // U+0420
    { 0x0421, 53 }, // U+0421
    { 0x0422, 52 }, // U+0422
    { 0x0423, 60 }, // U+0423
    { 0x0424, 67 }, // U+0424
    { 0x0425, 68 }, // U+0425
    { 0x0426, 64 }, // U+0426
    { 0x0427, 55 }, // U+0427
    { 0x0428, 55 }, // U+0428
    { 0x0429, 64 }, // U+0429
    { 0x042A, 57 }, // U+042A
    { 0x042B, 55 }, // U+042B
    { 0x042C, 57 }, // U+042C
    { 0x042D, 65 }, // U+042D
    { 0x042E, 65 }, // U+042E
    { 0x042F, 55 }, // U+042F
    { 0x0430, 69 }, // U+0430
    { 0x0431, 70 }, // U+0431
    { 0x0432, 71 }, // U+0432
    { 0x0433, 72 }, // U+0433
    { 0x0434, 73 }, // U+0434
    { 0x0435, 74 }, // U+0435
    { 0x0436, 75 }, // U+0436
    { 0x0437, 71 }, // U+0437
    { 0x0438, 69 }, // U+0438
    { 0x0439, 69 }, // U+0439
    { 0x043A, 76 }, // U+043A
    { 0x043B, 69 }, // U+043B
    { 0x043C, 69 }, // U+043C
    { 0x043D, 69 }, // U+043D
    { 0x043E, 77 }, // U+043E
    { 0x043F, 78 }, // U+043F
    { 0x0440, 77 }, // U+0440
    { 0x0441, 79 }, // U+0441
    { 0x0442, 78 }, // U+0442
    { 0x0443, 80 }, // U+0443
    { 0x0444, 77 }, // U+0444
    { 0x0445, 76 }, // U+0445
    { 0x0446, 81 }, // U+0446
    { 0x0447, 69 }, // U+0447
    { 0x0448, 69 }, // U+0448
    { 0x0449, 81 }, // U+0449
    { 0x044A, 82 }, // U+044A
    { 0x044B, 69 }, // U+044B
    { 0x044C, 82 }, // U+044C
    { 0x044D, 77 }, // U+044D
    { 0x044E, 77 }, // U+044E
    { 0x044F, 69 }, // U+044F
    { 0x0450, 74 }, // U+0450
    { 0x0451, 74 }, // U+0451
    { 0x0452, 83 }, // U+0452
    { 0x0453, 72 }, // U+0453
    { 0x0454, 79 }, // U+0454
    { 0x0455, 84 }, // U+0455
    { 0x0456, 69 }, // U+0456
    { 0x0457, 85 }, // U+0457
    { 0x0458, 86 }, // U+0458
    { 0x0459, 82 }, // U+0459
    { 0x045A, 82 }, // U+045A
    { 0x045B, 78 }, // U+045B
    { 0x045C, 76 }, // U+045C
    { 0x045D, 69 }, // U+045D
    { 0x045E, 80 }, // U+045E
    { 0x045F, 69 }, // U+045F
    { 0x0460, 65 }, // U+0460
    { 0x0461, 87 }, // U+0461
    { 0x0462, 57 }, // U+0462
    { 0x0464, 53 }, // U+0464
    { 0x0465, 72 }, // U+0465
    { 0x0466, 61 }, // U+0466
    { 0x0468, 61 }, // U+0468
    { 0x046A, 88 }, // U+046A
    { 0x046C, 88 }, // U+046C
    { 0x046E, 63 }, // U+046E
    { 0x046F, 72 }, // U+046F
    { 0x0470, 89 }, // U+0470
    { 0x0471, 90 }, // U+0471
    { 0x0472, 65 }, // U+0472
    { 0x0473, 71 }, // U+0473
    { 0x0474, 60 }, // U+0474
    { 0x0475, 90 }, // U+0475
    { 0x0476, 60 }, // U+0476
    { 0x0477, 90 }, // U+0477
    { 0x0478, 91 }, // U+0478
    { 0x0479, 80 }, // U+0479
    { 0x047A, 65 }, // U+047A
    { 0x047B, 71 }, // U+047B
    { 0x047C, 65 }, // U+047C
    { 0x047D, 71 }, // U+047D
    { 0x047E, 65 }, // U+047E
    { 0x047F, 87 }, // U+047F
    { 0x0480, 53 }, // U+0480
    { 0x0481, 72 }, // U+0481
    { 0x048A, 64 }, // U+048A
    { 0x048B, 81 }, // U+048B
    { 0x048C, 57 }, // U+048C
    { 0x048E, 66 }, // U+048E
    { 0x048F, 71 }, // U+048F
    { 0x0490, 92 }, // U+0490
    { 0x0491, 93 }, // U+0491
    { 0x0492, 92 }, // U+0492
    { 0x0493, 93 }, // U+0493
    { 0x0494, 58 }, // U+0494
    { 0x0496, 59 }, // U+0496
    { 0x0497, 79 }, // U+0497
    { 0x0498, 63 }, // U+0498
    { 0x0499, 72 }, // U+0499
    { 0x049A, 59 }, // U+049A
    { 0x049B, 79 }, // U+049B
    { 0x049C, 59 }, // U+049C
    { 0x049D, 79 }, // U+049D
    { 0x049E, 59 }, // U+049E
    { 0x049F, 79 }, // U+049F
    { 0x04A0, 59 }, // U+04A0
    { 0x04A1, 79 }, // U+04A1
    { 0x04A2, 64 }, // U+04A2
    { 0x04A3, 81 }, // U+04A3
    { 0x04A4, 92 }, // U+04A4
    { 0x04A6, 58 }, // U+04A6
    { 0x04AA, 53 }, // U+04AA
    { 0x04AB, 72 }, // U+04AB
    { 0x04AC, 92 }, // U+04AC
    { 0x04AD, 81 }, // U+04AD
    { 0x04AE, 89 }, // U+04AE
    { 0x04AF, 90 }, // U+04AF
    { 0x04B0, 89 }, // U+04B0
    { 0x04B1, 90 }, // U+04B1
    { 0x04B2, 68 }, // U+04B2
    { 0x04B3, 76 }, // U+04B3
    { 0x04B4, 64 }, // U+04B4
    { 0x04B5, 81 }, // U+04B5
    { 0x04B6, 64 }, // U+04B6
    { 0x04B7, 81 }, // U+04B7
    { 0x04B8, 55 }, // U+04B8
    { 0x04B9, 69 }, // U+04B9
    { 0x04BA, 58 }, // U+04BA
    { 0x04BB, 82 }, // U+04BB
    { 0x04BC, 94 }, // U+04BC
    { 0x04BD, 74 }, // U+04BD
    { 0x04BE, 94 }, // U+04BE
    { 0x04BF, 74 }, // U+04BF
    { 0x04C1, 59 }, // U+04C1
    { 0x04C2, 79 }, // U+04C2
    { 0x04C3, 58 }, // U+04C3
    { 0x04C5, 64 }, // U+04C5
    { 0x04C6, 81 }, // U+04C6
    { 0x04C7, 56 }, // U+04C7
    { 0x04C9, 64 }, // U+04C9
    { 0x04CA, 81 }, // U+04CA
    { 0x04CC, 81 }, // U+04CC
    { 0x04CD, 64 }, // U+04CD
    { 0x04CE, 81 }, // U+04CE
    { 0x04D0, 61 }, // U+04D0
    { 0x04D1, 81 }, // U+04D1
    { 0x04D2, 61 }, // U+04D2
    { 0x04D3, 81 }, // U+04D3
    { 0x04D4, 50 }, // U+04D4
    { 0x04D5, 74 }, // U+04D5
    { 0x04D6, 50 }, // U+04D6
    { 0x04D7, 74 }, // U+04D7
    { 0x04D8, 65 }, // U+04D8
    { 0x04D9, 71 }, // U+04D9
    { 0x04DA, 65 }, // U+04DA
    { 0x04DB, 71 }, // U+04DB
    { 0x04DC, 59 }, // U+04DC
    { 0x04DD, 79 }, // U+04DD
    { 0x04DE, 63 }, // U+04DE
    { 0x04DF, 71 }, // U+04DF
    { 0x04E0, 63 }, // U+04E0
    { 0x04E1, 95 }, // U+04E1
    { 0x04E2, 55 }, // U+04E2
    { 0x04E3, 81 }, // U+04E3
    { 0x04E4, 55 }, // U+04E4
    { 0x04E5, 81 }, // U+04E5
    { 0x04E6, 65 }, // U+04E6
    { 0x04E7, 71 }, // U+04E7
    { 0x04E8, 65 }, // U+04E8
    { 0x04E9, 71 }, // U+04E9
    { 0x04EA, 65 }, // U+04EA
    { 0x04EB, 71 }, // U+04EB
    { 0x04EC, 65 }, // U+04EC
    { 0x04ED, 77 }, // U+04ED
    { 0x04EE, 60 }, // U+04EE
    { 0x04EF, 80 }, // U+04EF
    { 0x04F0, 60 }, // U+04F0
    { 0x04F1, 80 }, // U+04F1
    { 0x04F2, 60 }, // U+04F2
    { 0x04F3, 80 }, // U+04F3
    { 0x04F4, 55 }, // U+04F4
    { 0x04F5, 69 }, // U+04F5
    { 0x04F6, 92 }, // U+04F6
    { 0x04F7, 93 }, // U+04F7
    { 0x04F8, 55 }, // U+04F8
    { 0x04F9, 69 }, // U+04F9
    { 0x04FA, 92 }, // U+04FA
    { 0x04FB, 93 }, // U+04FB
    { 0x04FC, 68 }, // U+04FC
    { 0x04FD, 76 }, // U+04FD
    { 0x04FE, 68 }, // U+04FE
    { 0x04FF, 96 }, // U+04FF
    { 0x1EA0, 43 }, // U+1EA0
    { 0x1EA1, 28 }, // U+1EA1
    { 0x1EA2, 43 }, // U+1EA2
    { 0x1EA3, 28 }, // U+1EA3
    { 0x1EA4, 43 }, // U+1EA4
    { 0x1EA5, 28 }, // U+1EA5
    { 0x1EA6, 43 }, // U+1EA6
    { 0x1EA7, 28 }, // U+1EA7
    { 0x1EA8, 43 }, // U+1EA8
    { 0x1EA9, 28 }, // U+1EA9
    { 0x1EAA, 43 }, // U+1EAA
    { 0x1EAB, 28 }, // U+1EAB
    { 0x1EAC, 43 }, // U+1EAC
    { 0x1EAD, 28 }, // U+1EAD
    { 0x1EAE, 43 }, // U+1EAE
    { 0x1EAF, 28 }, // U+1EAF
    { 0x1EB0, 43 }, // U+1EB0
    { 0x1EB1, 28 }, // U+1EB1
    { 0x1EB2, 43 }, // U+1EB2
    { 0x1EB3, 28 }, // U+1EB3
    { 0x1EB4, 43 }, // U+1EB4
    { 0x1EB5, 28 }, // U+1EB5
    { 0x1EB6, 43 }, // U+1EB6
    { 0x1EB7, 28 }, // U+1EB7
    { 0x1EB8, 11 }, // U+1EB8
    { 0x1EB9, 30 }, // U+1EB9
    { 0x1EBA, 11 }, // U+1EBA
    { 0x1EBB, 30 }, // U+1EBB
    { 0x1EBC, 11 }, // U+1EBC
    { 0x1EBD, 30 }, // U+1EBD
    { 0x1EBE, 11 }, // U+1EBE
    { 0x1EBF, 30 }, // U+1EBF
    { 0x1EC0, 11 }, // U+1EC0
    { 0x1EC1, 30 }, // U+1EC1
    { 0x1EC2, 11 }, // U+1EC2
    { 0x1EC3, 30 }, // U+1EC3
    { 0x1EC4, 11 }, // U+1EC4
    { 0x1EC5, 30 }, // U+1EC5
    { 0x1EC6, 11 }, // U+1EC6
    { 0x1EC7, 30 }, // U+1EC7
    { 0x1ECC, 10 }, // U+1ECC
    { 0x1ECD, 29 }, // U+1ECD
    { 0x1ECE, 10 }, // U+1ECE
    { 0x1ECF, 29 }, // U+1ECF
    { 0x1ED0, 10 }, // U+1ED0
    { 0x1ED1, 29 }, // U+1ED1
    { 0x1ED2, 10 }, // U+1ED2
    { 0x1ED3, 29 }, // U+1ED3
    { 0x1ED4, 10 }, // U+1ED4
    { 0x1ED5, 29 }, // U+1ED5
    { 0x1ED6, 10 }, // U+1ED6
    { 0x1ED7, 29 }, // U+1ED7
    { 0x1ED8, 10 }, // U+1ED8
    { 0x1ED9, 97 }, // U+1ED9
    { 0x1EDA, 46 }, // U+1EDA
    { 0x1EDB, 47 }, // U+1EDB
    { 0x1EDC, 46 }, // U+1EDC
    { 0x1EDD, 47 }, // U+1EDD
    { 0x1EDE, 46 }, // U+1EDE
    { 0x1EDF, 47 }, // U+1EDF
    { 0x1EE0, 46 }, // U+1EE0
    { 0x1EE1, 47 }, // U+1EE1
    { 0x1EE2, 46 }, // U+1EE2
    { 0x1EE3, 47 }, // U+1EE3
    { 0x1EE4, 22 }, // U+1EE4
    { 0x1EE5, 28 }, // U+1EE5
    { 0x1EE6, 22 }, // U+1EE6
    { 0x1EE7, 28 }, // U+1EE7
    { 0x1EE8, 48 }, // U+1EE8
    { 0x1EE9, 49 }, // U+1EE9
    { 0x1EEA, 48 }, // U+1EEA
    { 0x1EEB, 49 }, // U+1EEB
    { 0x1EEC, 48 }, // U+1EEC
    { 0x1EED, 49 }, // U+1EED
    { 0x1EEE, 48 }, // U+1EEE
    { 0x1EEF, 49 }, // U+1EEF
    { 0x1EF0, 48 }, // U+1EF0
    { 0x1EF1, 49 }, // U+1EF1
    { 0x1EF2, 26 }, // U+1EF2
    { 0x1EF3, 38 }, // U+1EF3
    { 0x1EF4, 26 }, // U+1EF4
    { 0x1EF5, 38 }, // U+1EF5
    { 0x1EF6, 26 }, // U+1EF6
    { 0x1EF7, 38 }, // U+1EF7
    { 0x1EF8, 26 }, // U+1EF8
    { 0x1EF9, 38 }, // U+1EF9
    { 0x2013, 6 }, // U+2013
    { 0x2014, 6 }, // U+2014
    { 0x2015, 6 }, // U+2015
    { 0x2018, 98 }, // U+2018
    { 0x2019, 99 }, // U+2019
    { 0x201A, 5 }, // U+201A
    { 0x201C, 98 }, // U+201C
    { 0x201D, 99 }, // U+201D
    { 0x201E, 5 }, // U+201E
    { 0x2039, 41 }, // U+2039
    { 0x207D, 100 }, // U+207D
    { 0x208D, 101 }, // U+208D
    { 0x2090, 102 }, // U+2090
    { 0x2092, 103 }, // U+2092
    { 0xFB00, 31 }, // U+FB00
};

static const EpdKernClassEntry notoserif_14_italicKernRightClasses[] = {
    { 0x0022, 1 }, // "
    { 0x0026, 2 }, // &
    { 0x0027, 1 }, // '
    { 0x0029, 3 }, // )
    { 0x002A, 4 }, // *
    { 0x002C, 5 }, // ,
    { 0x002D, 6 }, // -
    { 0x002E, 7 }, // .
    { 0x003A, 8 }, // :
    { 0x003B, 8 }, // ;
    { 0x003F, 9 }, // ?
    { 0x0041, 10 }, // A
    { 0x0042, 11 }, // B
    { 0x0043, 12 }, // C
    { 0x0044, 11 }, // D
    { 0x0045, 11 }, // E
    { 0x0046, 11 }, // F
    { 0x0047, 12 }, // G
    { 0x0048, 11 }, // H
    { 0x0049, 11 }, // I
    { 0x004A, 11 }, // J
    { 0x004B, 11 }, // K
    { 0x004C, 11 }, // L
    { 0x004D, 11 }, // M
    { 0x004E, 11 }, // N
    { 0x004F, 12 }, // O
    { 0x0050, 11 }, // P
    { 0x0051, 12 }, // Q
    { 0x0052, 11 }, // R
    { 0x0053, 13 }, // S
    { 0x0054, 14 }, // T
    { 0x0055, 15 }, // U
    { 0x0056, 16 }, // V
    { 0x0057, 17 }, // W
    { 0x0058, 18 }, // X
    { 0x0059, 19 }, // Y
    { 0x005A, 20 }, // Z
    { 0x005C, 21 }, // <backslash>
    { 0x005D, 3 }, // ]
    { 0x005F, 22 }, // _
    { 0x0061, 23 }, // a
    { 0x0062, 24 }, // b
    { 0x0063, 25 }, // c
    { 0x0064, 25 }, // d
    { 0x0065, 25 }, // e
    { 0x0067, 26 }, // g
    { 0x0068, 24 }, // h
    { 0x0069, 27 }, // i
    { 0x006B, 24 }, // k
    { 0x006C, 28 }, // l
    { 0x006D, 29 }, // m
    { 0x006E, 29 }, // n
    { 0x006F, 25 }, // o
    { 0x0070, 29 }, // p
    { 0x0071, 25 }, // q
    { 0x0072, 29 }, // r
    { 0x0073, 30 }, // s
    { 0x0074, 31 }, // t
    { 0x0075, 32 }, // u
    { 0x0076, 33 }, // v
    { 0x0077, 34 }, // w
    { 0x0078, 35 }, // x
    { 0x0079, 36 }, // y
    { 0x007A, 37 }, // z
    { 0x007D, 3 }, // }
    { 0x00A9, 38 }, // U+00A9
    { 0x00AE, 38 }, // U+00AE
    { 0x00BB, 39 }, // U+00BB
    { 0x00C0, 10 }, // U+00C0
    { 0x00C1, 10 }, // U+00C1
    { 0x00C2, 10 }, // U+00C2
    { 0x00C3, 10 }, // U+00C3
    { 0x00C4, 10 }, // U+00C4
    { 0x00C5, 10 }, // U+00C5
    { 0x00C6, 40 }, // U+00C6
    { 0x00C7, 12 }, // U+00C7
    { 0x00C8, 11 }, // U+00C8
    { 0x00C9, 11 }, // U+00C9
    { 0x00CA, 11 }, // U+00CA
    { 0x00CB, 11 }, // U+00CB
    { 0x00CC, 11 }, // U+00CC
    { 0x00CD, 11 }, // U+00CD
    { 0x00CE, 11 }, // U+00CE
    { 0x00CF, 11 }, // U+00CF
    { 0x00D0, 11 }, // U+00D0
    { 0x00D1, 11 }, // U+00D1
    { 0x00D2, 12 }, // U+00D2
    { 0x00D3, 12 }, // U+00D3
    { 0x00D4, 12 }, // U+00D4
    { 0x00D5, 12 }, // U+00D5
    { 0x00D6, 12 }, // U+00D6
    { 0x00D8, 12 }, // U+00D8
    { 0x00D9, 15 }, // U+00D9
    { 0x00DA, 15 }, // U+00DA
    { 0x00DB, 15 }, // U+00DB
    { 0x00DC, 15 }, // U+00DC
    { 0x00DD, 19 }, // U+00DD
    { 0x00DE, 11 }, // U+00DE
    { 0x00E0, 23 }, // U+00E0
    { 0x00E1, 23 }, // U+00E1
    { 0x00E2, 23 }, // U+00E2
    { 0x00E3, 23 }, // U+00E3
    { 0x00E4, 23 }, // U+00E4
    { 0x00E5, 23 }, // U+00E5
    { 0x00E6, 23 }, // U+00E6
    { 0x00E7, 25 }, // U+00E7
    { 0x00E8, 25 }, // U+00E8
    { 0x00E9, 25 }, // U+00E9
    { 0x00EA, 25 }, // U+00EA
    { 0x00EB, 25 }, // U+00EB
    { 0x00EC, 27 }, // U+00EC
    { 0x00ED, 27 }, // U+00ED
    { 0x00EE, 27 }, // U+00EE
    { 0x00EF, 27 }, // U+00EF
    { 0x00F0, 25 }, // U+00F0
    { 0x00F1, 29 }, // U+00F1
    { 0x00F2, 25 }, // U+00F2
    { 0x00F3, 25 }, // U+00F3
    { 0x00F4, 25 }, // U+00F4
    { 0x00F5, 25 }, // U+00F5
    { 0x00F6, 25 }, // U+00F6
    { 0x00F8, 25 }, // U+00F8
    { 0x00F9, 32 }, // U+00F9
    { 0x00FA, 32 }, // U+00FA
    { 0x00FB, 32 }, // U+00FB
    { 0x00FC, 32 }, // U+00FC
    { 0x00FD, 36 }, // U+00FD
    { 0x00FE, 24 }, // U+00FE
    { 0x00FF, 36 }, // U+00FF
    { 0x0100, 10 }, // U+0100
    { 0x0101, 23 }, // U+0101
    { 0x0102, 10 }, // U+0102
    { 0x0103, 23 }, // U+0103
    { 0x0104, 10 }, // U+0104
    { 0x0105, 23 }, // U+0105
    { 0x0106, 12 }, // U+0106
    { 0x0107, 25 }, // U+0107
    { 0x0108, 12 }, // U+0108
    { 0x0109, 25 }, // U+0109
    { 0x010A, 12 }, // U+010A
    { 0x010B, 25 }, // U+010B
    { 0x010C, 12 }, // U+010C
    { 0x010D, 25 }, // U+010D
    { 0x010E, 11 }, // U+010E
    { 0x010F, 25 }, // U+010F
    { 0x0110, 11 }, // U+0110
    { 0x0111, 25 }, // U+0111
    { 0x0112, 11 }, // U+0112
    { 0x0113, 25 }, // U+0113
    { 0x0114, 11 }, // U+0114
    { 0x0115, 25 }, // U+0115
    { 0x0116, 11 }, // U+0116
    { 0x0117, 25 }, // U+0117
    { 0x0118, 11 }, // U+0118
    { 0x0119, 25 }, // U+0119
    { 0x011A, 11 }, // U+011A
    { 0x011B, 25 }, // U+011B
    { 0x011C, 12 }, // U+011C
    { 0x011D, 25 }, // U+011D
    { 0x011E, 12 }, // U+011E
    { 0x011F, 25 }, // U+011F
    { 0x0120, 12 }, // U+0120
    { 0x0121, 25 }, // U+0121
    { 0x0122, 12 }, // U+0122
    { 0x0123, 25 }, // U+0123
    { 0x0124, 11 }, // U+0124
    { 0x0125, 24 }, // U+0125
    { 0x0126, 11 }, // U+0126
    { 0x0127, 24 }, // U+0127
    { 0x0128, 11 }, // U+0128
    { 0x0129, 27 }, // U+0129
    { 0x012A, 11 }, // U+012A
    { 0x012B, 27 }, // U+012B
    { 0x012C, 11 }, // U+012C
    { 0x012D, 27 }, // U+012D
    { 0x012E, 11 }, // U+012E
    { 0x012F, 27 }, // U+012F
    { 0x0130, 11 }, // U+0130
    { 0x0132, 11 }, // U+0132
    { 0x0133, 27 }, // U+0133
    { 0x0134, 11 }, // U+0134
    { 0x0136, 11 }, // U+0136
    { 0x0137, 24 }, // U+0137
    { 0x0138, 29 }, // U+0138
    { 0x0139, 11 }, // U+0139
    { 0x013A, 28 }, // U+013A
    { 0x013B, 11 }, // U+013B
    { 0x013C, 28 }, // U+013C
    { 0x013D, 11 }, // U+013D
    { 0x013E, 28 }, // U+013E
    { 0x013F, 11 }, // U+013F
    { 0x0140, 28 }, // U+0140
    { 0x0141, 11 }, // U+0141
    { 0x0142, 28 }, // U+0142
    { 0x0143, 11 }, // U+0143
    { 0x0144, 29 }, // U+0144
    { 0x0145, 11 }, // U+0145
    { 0x0146, 29 }, // U+0146
    { 0x0147, 11 }, // U+0147
    { 0x0148, 29 }, // U+0148
    { 0x0149, 41 }, // U+0149
    { 0x014A, 11 }, // U+014A
    { 0x014B, 29 }, // U+014B
    { 0x014C, 12 }, // U+014C
    { 0x014D, 25 }, // U+014D
    { 0x014E, 12 }, // U+014E
    { 0x014F, 25 }, // U+014F
    { 0x0150, 12 }, // U+0150
    { 0x0151, 25 }, // U+0151
    { 0x0152, 12 }, // U+0152
    { 0x0153, 25 }, // U+0153
    { 0x0154, 11 }, // U+0154
    { 0x0155, 29 }, // U+0155
    { 0x0156, 11 }, // U+0156
    { 0x0157, 29 }, // U+0157
    { 0x0158, 11 }, // U+0158
    { 0x0159, 29 }, // U+0159
    { 0x015A, 13 }, // U+015A
    { 0x015B, 30 }, // U+015B
    { 0x015C, 13 }, // U+015C
    { 0x015D, 30 }, // U+015D
    { 0x015E, 13 }, // U+015E
    { 0x015F, 30 }, // U+015F
    { 0x0160, 13 }, // U+0160
    { 0x0161, 30 }, // U+0161
    { 0x0163, 31 }, // U+0163
    { 0x0165, 31 }, // U+0165
    { 0x0167, 31 }, // U+0167
    { 0x0168, 15 }, // U+0168
    { 0x0169, 32 }, // U+0169
    { 0x016A, 15 }, // U+016A
    { 0x016B, 32 }, // U+016B
    { 0x016C, 15 }, // U+016C
    { 0x016D, 32 }, // U+016D
    { 0x016E, 15 }, // U+016E
    { 0x016F, 32 }, // U+016F
    { 0x0170, 15 }, // U+0170
    { 0x0171, 32 }, // U+0171
    { 0x0172, 15 }, // U+0172
    { 0x0173, 32 }, // U+0173
    { 0x0174, 17 }, // U+0174
    { 0x0175, 34 }, // U+0175
    { 0x0176, 19 }, // U+0176
    { 0x0177, 36 }, // U+0177
    { 0x0178, 19 }, // U+0178
    { 0x0179, 20 }, // U+0179
    { 0x017A, 37 }, // U+017A
    { 0x017B, 20 }, // U+017B
    { 0x017C, 37 }, // U+017C
    { 0x017D, 20 }, // U+017D
    { 0x017E, 37 }, // U+017E
    { 0x01A0, 12 }, // U+01A0
    { 0x01A1, 25 }, // U+01A1
    { 0x01AF, 15 }, // U+01AF
    { 0x01B0, 32 }, // U+01B0
    { 0x01FA, 10 }, // U+01FA
    { 0x01FB, 23 }, // U+01FB
    { 0x01FC, 40 }, // U+01FC
    { 0x01FD, 23 }, // U+01FD
    { 0x01FE, 12 }, // U+01FE
    { 0x01FF, 25 }, // U+01FF
    { 0x0218, 13 }, // U+0218
    { 0x0219, 30 }, // U+0219
    { 0x021B, 31 }, // U+021B
    { 0x021E, 11 }, // U+021E
    { 0x0400, 42 }, // U+0400
    { 0x0401, 42 }, // U+0401
    { 0x0402, 43 }, // U+0402
    { 0x0403, 42 }, // U+0403
    { 0x0404, 44 }, // U+0404
    { 0x0405, 45 }, // U+0405
    { 0x0406, 42 }, // U+0406
    { 0x0407, 42 }, // U+0407
    { 0x0408, 46 }, // U+0408
    { 0x0409, 47 }, // U+0409
    { 0x040A, 42 }, // U+040A
    { 0x040B, 43 }, // U+040B
    { 0x040C, 42 }, // U+040C
    { 0x040D, 42 }, // U+040D
    { 0x040E, 48 }, // U+040E
    { 0x040F, 42 }, // U+040F
    { 0x0410, 49 }, // U+0410
    { 0x0411, 42 }, // U+0411
    { 0x0412, 42 }, // U+0412
    { 0x0413, 42 }, // U+0413
    { 0x0414, 50 }, // U+0414
    { 0x0415, 42 }, // U+0415
    { 0x0416, 51 }, // U+0416
    { 0x0417, 52 }, // U+0417
    { 0x0418, 42 }, // U+0418
    { 0x0419, 42 }, // U+0419
    { 0x041A, 42 }, // U+041A
    { 0x041B, 47 }, // U+041B
    { 0x041C, 42 }, // U+041C
    { 0x041D, 42 }, // U+041D
    { 0x041E, 44 }, // U+041E
    { 0x041F, 42 }, // U+041F
    { 0x0420, 42 }, // U+0420
    { 0x0421, 44 }, // U+0421
    { 0x0422, 43 }, // U+0422
    { 0x0423, 48 }, // U+0423
    { 0x0424, 53 }, // U+0424
    { 0x0425, 54 }, // U+0425
    { 0x0426, 42 }, // U+0426
    { 0x0427, 55 }, // U+0427
    { 0x0428, 42 }, // U+0428
    { 0x0429, 42 }, // U+0429
    { 0x042A, 43 }, // U+042A
    { 0x042B, 42 }, // U+042B
    { 0x042C, 42 }, // U+042C
    { 0x042D, 52 }, // U+042D
    { 0x042E, 42 }, // U+042E
    { 0x042F, 56 }, // U+042F
    { 0x0430, 57 }, // U+0430
    { 0x0431, 58 }, // U+0431
    { 0x0432, 57 }, // U+0432
    { 0x0433, 59 }, // U+0433
    { 0x0434, 60 }, // U+0434
    { 0x0435, 57 }, // U+0435
    { 0x0436, 61 }, // U+0436
    { 0x0437, 62 }, // U+0437
    { 0x0438, 63 }, // U+0438
    { 0x0439, 63 }, // U+0439
    { 0x043A, 64 }, // U+043A
    { 0x043B, 65 }, // U+043B
    { 0x043C, 65 }, // U+043C
    { 0x043D, 64 }, // U+043D
    { 0x043E, 57 }, // U+043E
    { 0x043F, 64 }, // U+043F
    { 0x0440, 66 }, // U+0440
    { 0x0441, 57 }, // U+0441
    { 0x0442, 64 }, // U+0442
    { 0x0443, 67 }, // U+0443
    { 0x0444, 57 }, // U+0444
    { 0x0445, 68 }, // U+0445
    { 0x0446, 63 }, // U+0446
    { 0x0447, 69 }, // U+0447
    { 0x0448, 63 }, // U+0448
    { 0x0449, 63 }, // U+0449
    { 0x044A, 70 }, // U+044A
    { 0x044B, 63 }, // U+044B
    { 0x044C, 63 }, // U+044C
    { 0x044D, 61 }, // U+044D
    { 0x044E, 64 }, // U+044E
    { 0x044F, 71 }, // U+044F
    { 0x0450, 57 }, // U+0450
    { 0x0451, 57 }, // U+0451
    { 0x0452, 72 }, // U+0452
    { 0x0453, 59 }, // U+0453
    { 0x0454, 57 }, // U+0454
    { 0x0455, 73 }, // U+0455
    { 0x0456, 74 }, // U+0456
    { 0x0457, 75 }, // U+0457
    { 0x0458, 76 }, // U+0458
    { 0x0459, 65 }, // U+0459
    { 0x045A, 64 }, // U+045A
    { 0x045B, 72 }, // U+045B
    { 0x045C, 64 }, // U+045C
    { 0x045D, 63 }, // U+045D
    { 0x045E, 67 }, // U+045E
    { 0x045F, 63 }, // U+045F
    { 0x0460, 77 }, // U+0460
    { 0x0461, 78 }, // U+0461
    { 0x0466, 49 }, // U+0466
    { 0x046A, 79 }, // U+046A
    { 0x046E, 52 }, // U+046E
    { 0x0470, 80 }, // U+0470
    { 0x0471, 63 }, // U+0471
    { 0x0472, 77 }, // U+0472
    { 0x0473, 81 }, // U+0473
    { 0x0474, 80 }, // U+0474
    { 0x0475, 82 }, // U+0475
    { 0x0476, 80 }, // U+0476
    { 0x0477, 82 }, // U+0477
    { 0x0478, 77 }, // U+0478
    { 0x0479, 81 }, // U+0479
    { 0x047A, 77 }, // U+047A
    { 0x047B, 81 }, // U+047B
    { 0x047C, 77 }, // U+047C
    { 0x047D, 81 }, // U+047D
    { 0x047E, 77 }, // U+047E
    { 0x047F, 78 }, // U+047F
    { 0x0480, 77 }, // U+0480
    { 0x0481, 81 }, // U+0481
    { 0x048B, 63 }, // U+048B
    { 0x048F, 66 }, // U+048F
    { 0x0496, 51 }, // U+0496
    { 0x0497, 61 }, // U+0497
    { 0x0498, 52 }, // U+0498
    { 0x0499, 61 }, // U+0499
    { 0x049F, 72 }, // U+049F
    { 0x04A0, 83 }, // U+04A0
    { 0x04A1, 70 }, // U+04A1
    { 0x04A8, 77 }, // U+04A8
    { 0x04A9, 81 }, // U+04A9
    { 0x04AA, 77 }, // U+04AA
    { 0x04AB, 81 }, // U+04AB
    { 0x04AC, 83 }, // U+04AC
    { 0x04AE, 80 }, // U+04AE
    { 0x04AF, 82 }, // U+04AF
    { 0x04B0, 80 }, // U+04B0
    { 0x04B1, 82 }, // U+04B1
    { 0x04B2, 54 }, // U+04B2
    { 0x04B3, 68 }, // U+04B3
    { 0x04B4, 83 }, // U+04B4
    { 0x04B5, 70 }, // U+04B5
    { 0x04B6, 55 }, // U+04B6
    { 0x04B7, 69 }, // U+04B7
    { 0x04B8, 55 }, // U+04B8
    { 0x04B9, 69 }, // U+04B9
    { 0x04C1, 51 }, // U+04C1
    { 0x04C2, 61 }, // U+04C2
    { 0x04C5, 50 }, // U+04C5
    { 0x04C6, 65 }, // U+04C6
    { 0x04CB, 55 }, // U+04CB
    { 0x04CC, 69 }, // U+04CC
    { 0x04CE, 84 }, // U+04CE
    { 0x04D0, 49 }, // U+04D0
    { 0x04D1, 81 }, // U+04D1
    { 0x04D2, 49 }, // U+04D2
    { 0x04D3, 81 }, // U+04D3
    { 0x04D4, 85 }, // U+04D4
    { 0x04D5, 81 }, // U+04D5
    { 0x04D7, 81 }, // U+04D7
    { 0x04D9, 81 }, // U+04D9
    { 0x04DB, 81 }, // U+04DB
    { 0x04DC, 51 }, // U+04DC
    { 0x04DD, 61 }, // U+04DD
    { 0x04DE, 52 }, // U+04DE
    { 0x04DF, 61 }, // U+04DF
    { 0x04E0, 52 }, // U+04E0
    { 0x04E2, 42 }, // U+04E2
    { 0x04E3, 63 }, // U+04E3
    { 0x04E4, 42 }, // U+04E4
    { 0x04E5, 63 }, // U+04E5
    { 0x04E6, 77 }, // U+04E6
    { 0x04E7, 81 }, // U+04E7
    { 0x04E8, 77 }, // U+04E8
    { 0x04E9, 81 }, // U+04E9
    { 0x04EA, 77 }, // U+04EA
    { 0x04EB, 81 }, // U+04EB
    { 0x04EC, 52 }, // U+04EC
    { 0x04ED, 61 }, // U+04ED
    { 0x04EE, 48 }, // U+04EE
    { 0x04EF, 67 }, // U+04EF
    { 0x04F0, 48 }, // U+04F0
    { 0x04F1, 67 }, // U+04F1
    { 0x04F2, 48 }, // U+04F2
    { 0x04F3, 67 }, // U+04F3
    { 0x04F4, 55 }, // U+04F4
    { 0x04F5, 69 }, // U+04F5
    { 0x04F8, 42 }, // U+04F8
    { 0x04F9, 63 }, // U+04F9
    { 0x04FC, 54 }, // U+04FC
    { 0x04FD, 68 }, // U+04FD
    { 0x04FE, 54 }, // U+04FE
    { 0x1EA0, 10 }, // U+1EA0
    { 0x1EA1, 23 }, // U+1EA1
    { 0x1EA2, 10 }, // U+1EA2
    { 0x1EA3, 23 }, // U+1EA3
    { 0x1EA4, 10 }, // U+1EA4
    { 0x1EA5, 23 }, // U+1EA5
    { 0x1EA6, 10 }, // U+1EA6
    { 0x1EA7, 23 }, // U+1EA7
    { 0x1EA8, 10 }, // U+1EA8
    { 0x1EA9, 23 }, // U+1EA9
    { 0x1EAA, 10 }, // U+1EAA
    { 0x1EAB, 23 }, // U+1EAB
    { 0x1EAC, 10 }, // U+1EAC
    { 0x1EAD, 23 }, // U+1EAD
    { 0x1EAE, 10 }, // U+1EAE
    { 0x1EAF, 23 }, // U+1EAF
    { 0x1EB0, 10 }, // U+1EB0
    { 0x1EB1, 23 }, // U+1EB1
    { 0x1EB2, 10 }, // U+1EB2
    { 0x1EB3, 23 }, // U+1EB3
    { 0x1EB4, 10 }, // U+1EB4
    { 0x1EB5, 23 }, // U+1EB5
    { 0x1EB6, 10 }, // U+1EB6
    { 0x1EB7, 23 }, // U+1EB7
    { 0x1EB8, 11 }, // U+1EB8
    { 0x1EB9, 25 }, // U+1EB9
    { 0x1EBA, 11 }, // U+1EBA
    { 0x1EBB, 25 }, // U+1EBB
    { 0x1EBC, 11 }, // U+1EBC
    { 0x1EBD, 25 }, // U+1EBD
    { 0x1EBE, 11 }, // U+1EBE
    { 0x1EBF, 25 }, // U+1EBF
    { 0x1EC0, 11 }, // U+1EC0
    { 0x1EC1, 25 }, // U+1EC1
    { 0x1EC2, 11 }, // U+1EC2
    { 0x1EC3, 25 }, // U+1EC3
    { 0x1EC4, 11 }, // U+1EC4
    { 0x1EC5, 25 }, // U+1EC5
    { 0x1EC6, 11 }, // U+1EC6
    { 0x1EC7, 25 }, // U+1EC7
    { 0x1EC9, 86 }, // U+1EC9
    { 0x1ECB, 86 }, // U+1ECB
    { 0x1ECC, 12 }, // U+1ECC
    { 0x1ECD, 25 }, // U+1ECD
    { 0x1ECE, 12 }, // U+1ECE
    { 0x1ECF, 25 }, // U+1ECF
    { 0x1ED0, 12 }, // U+1ED0
    { 0x1ED1, 25 }, // U+1ED1
    { 0x1ED2, 12 }, // U+1ED2
    { 0x1ED3, 25 }, // U+1ED3
    { 0x1ED4, 12 }, // U+1ED4
    { 0x1ED5, 25 }, // U+1ED5
    { 0x1ED6, 12 }, // U+1ED6
    { 0x1ED7, 25 }, // U+1ED7
    { 0x1ED8, 12 }, // U+1ED8
    { 0x1ED9, 25 }, // U+1ED9
    { 0x1EDA, 12 }, // U+1EDA
    { 0x1EDB, 25 }, // U+1EDB
    { 0x1EDC, 12 }, // U+1EDC
    { 0x1EDD, 25 }, // U+1EDD
    { 0x1EDE, 12 }, // U+1EDE
    { 0x1EDF, 25 }, // U+1EDF
    { 0x1EE0, 12 }, // U+1EE0
    { 0x1EE1, 25 }, // U+1EE1
    { 0x1EE2, 12 }, // U+1EE2
    { 0x1EE3, 25 }, // U+1EE3
    { 0x1EE4, 15 }, // U+1EE4
    { 0x1EE5, 32 }, // U+1EE5
    { 0x1EE6, 15 }, // U+1EE6
    { 0x1EE7, 32 }, // U+1EE7
    { 0x1EE8, 15 }, // U+1EE8
    { 0x1EE9, 32 }, // U+1EE9
    { 0x1EEA, 15 }, // U+1EEA
    { 0x1EEB, 32 }, // U+1EEB
    { 0x1EEC, 15 }, // U+1EEC
    { 0x1EED, 32 }, // U+1EED
    { 0x1EEE, 15 }, // U+1EEE
    { 0x1EEF, 32 }, // U+1EEF
    { 0x1EF0, 15 }, // U+1EF0
    { 0x1EF1, 32 }, // U+1EF1
    { 0x1EF2, 19 }, // U+1EF2
    { 0x1EF3, 36 }, // U+1EF3
    { 0x1EF4, 19 }, // U+1EF4
    { 0x1EF5, 36 }, // U+1EF5
    { 0x1EF6, 19 }, // U+1EF6
    { 0x1EF7, 36 }, // U+1EF7
    { 0x1EF8, 19 }, // U+1EF8
    { 0x1EF9, 36 }, // U+1EF9
    { 0x2013, 6 }, // U+2013
    { 0x2014, 6 }, // U+2014
    { 0x2015, 6 }, // U+2015
    { 0x2018, 87 }, // U+2018
    { 0x2019, 4 }, // U+2019
    { 0x201A, 88 }, // U+201A
    { 0x201C, 87 }, // U+201C
    { 0x201D, 4 }, // U+201D
    { 0x201E, 88 }, // U+201E
    { 0x2026, 88 }, // U+2026
    { 0x203A, 39 }, // U+203A
    { 0x207E, 89 }, // U+207E
    { 0x208E, 90 }, // U+208E
};

static const int8_t notoserif_14_italicKernMatrix[] = {
       0,    0,    0,    0,    0,    0,    0,    0,    0,  -37,    0,    0,    0,    0,    0,    0,    0,    0,    0,    0,    0,    0,    0,    0,    0,  -19,    9,    0,    0,    0,    0,    0,    0,    0,    0,    0,    0,    0,    0,  -56,    0,    0,    0,    0,    0,    0,    0,    0,  -37,  -37,    0,    0,    0,    0,    0,    0,    0,    0,    0,    0,    0,    0,    0,    0,  -28,    0,    0,    0,    0,    0,    0,    0,    0,    0,    0,    0,    0,    0,    0,    0,    0,    0,    0,    0,  -56,    0,    0,    0,    0,    0,
       0,    0,    0,    0,    0,    0,    0,    0,    0,    0,    0,    0,    0,  -19,   -5,  -23,  -19,    0,  -21,    0,    0,    0,    0,    0,    0,    0,    0,    0,    0,    0,    0,    0,    0,    0,    0,    0,    0,    0,    0,    0,    0,    0,    0,    0,    0,    0,    0,    0,    0,    0,    0,    0,    0,    0,    0,    0,    0,    0,    0,    0,    0,    0,    0,    0,    0,    0,    0,    0,    0,    0,    0,    0,    0,    0,    0,    0,    0,    0,    0,    0,    0,    0,    0,    0,    0,    0,    0,    0,    0,    0,
       0,    0,    0,    0,    0,    0,    0,    0,    0,    0,    0,    0,    0,    0,    0,    0,    0,    0,    0,    0,    0,    0,    0,    0,    0,    0,    0,    0,    0,    0,    0,    0,    0,    0,    0,    0,    0,    0,    0,    0,    0,    0,    0,   -9,    0,   14,   -9,    9,    0,    5,    0,    0,   -9,    0,    0,    0,    0,    0,    0,    0,    0,    0,    0,    0,   -9,    0,    0,    0,   -5,    0,    0,    0,    0,    0,   14,   19,    0,    0,    0,    0,    0,    0,    0,    0,    0,    0,    0,    0,    0,    0,
       0,   -9,    0,    0,  -56,    0,  -56,    0,    0,  -23,    0,    0,    0,    0,    0,    0,    0,    0,    0,    0,    0,    0,    0,    0,    0,    0,    0,    0,    0,    0,    0,    0,    0,    0,    0,    0,    0,    0,    0,  -37,    0,    0,    0,    0,    0,    0,    0,   -9,  -23,  -33,    0,    0,    0,    0,    0,    0,    0,    0,    0,    0,    0,    0,    0,    0,  -23,    0,    0,    0,    0,    0,    0,    0,    0,    0,    0,    0,    0,    0,    0,    0,  -23,    0,    0,    0,  -37,    0,    0,  -56,    0,    0,
       0,    0,    0,    0,    0,    0,    0,    0,    0,    0,    0,   -9,    0,  -33,   -5,  -42,  -37,    0,  -33,    0,    0,    0,    0,    0,    0,    0,    0,    0,    0,    0,    0,    0,  -23,   -9,    0,   -9,    0,    0,    0,    0,    0,    0,  -28,   -9,    0,    0,    5,   -9,    0,    9,    0,    0,  -14,    0,  -61,    0,    0,    0,    0,    0,    0,    0,    0,    0,    0,    0,   -9,    0,  -33,  -33,    0,    0,    0,    0,    0,    0,   -9,    0,    0,    0,    0,    0,  -33,    0,    0,    0,    0,    0,    0,    0,
       0,    0,    0,    0,    0,    0,    0,    0,    0,    0,    0,    0,    0,    0,    0,    0,    0,    0,    0,    0,    0,    0,    0,    0,    0,    0,    0,    0,    0,    0,    0,    0,    0,    0,    0,    0,    0,    0,    0,    0,    0,    0,  -19,    0,    0,    0,    0,   -9,   -5,   -5,    0,    0,    0,   -5,  -19,    0,    0,    0,    0,    0,    0,    0,    0,    0,    0,    0,    0,   -9,    0,    0,    0,    0,    0,    0,    0,    0,    0,    0,    0,    0,    0,    0,    0,    0,    0,    0,    0,    0,    0,    0,
     -37,   -9,    0,  -33,    0,    0,    0,    0,    0,    0,    0,   -9,    0,  -28,   -9,  -37,  -33,    0,  -33,    0,    0,    0,    0,    0,   -9,   -9,    0,    0,    0,    0,    0,   -9,  -28,  -14,    0,  -23,    0,  -23,    0,    0,  -23,    0,    0,    0,    0,    0,    0,    0,    0,    0,    0,    0,    0,    0,    0,    0,    0,    0,    0,    0,    0,    0,    0,    0,    0,    0,    0,    0,    0,    0,    0,    0,    0,    0,    0,    0,    0,    0,    0,    0,    0,    0,    0,    0,    0,    0,  -42,    0,    0,    0,
       0,    0,    0,   -9,    0,    0,    0,    0,    0,   -9,    0,    0,    0,   -9,    0,  -19,  -14,   -9,  -19,   -9,    0,    0,    0,    0,    0,    0,    0,    0,    0,    0,    0,    0,    0,   -5,    0,   -9,    0,    0,    0,  -14,    0,    0,    0,    0,    0,    0,    0,    0,    0,    0,    0,    0,    0,    0,    0,    0,    0,    0,    0,    0,    0,    0,    0,    0,    0,    0,    0,    0,    0,    0,    0,    0,    0,    0,    0,    0,    0,    0,    0,    0,    0,    0,    0,    0,    0,    0,    0,    0,    0,    0,
       0,   -9,    0,    0,    0,    0,    0,    0,    0,    0,    0,    0,    0,    0,    0,    0,    0,    0,    0,    0,    0,    0,    0,    0,    0,    0,    0,    0,    0,    0,    0,    0,    0,    0,    0,    0,    0,    0,    0,    0,    0,    0,    0,    0,    0,    0,    0,    0,    0,    0,    0,    0,    0,    0,    0,    0,    0,    0,    0,    0,    0,    0,    0,    0,    0,    0,    0,    0,    0,    0,    0,    0,    0,    0,    0,    0,    0,    0,    0,    0,    0,    0,    0,    0,    0,    0,    0,    0,    0,    0,
     -14,    0,    0,    0,   -9,    0,  -19,    0,    0,   -9,    0,    0,    0,   -9,    0,   -9,   -9,   -9,  -14,    0,    0,    0,    0,    0,    0,    0,    0,    0,    0,    0,    0,    0,    0,    0,    0,    0,    0,    0,    0,  -23,    0,    0,    0,    0,    0,    0,    0,    0,    0,    0,    0,    0,    0,    0,    0,    0,    0,    0,    0,    0,    0,    0,    0,    0,    0,    0,    0,    0,    0,    0,    0,    0,    0,    0,    0,    0,    0,    0,    0,    0,    0,    0,    0,    0,    0,    0,    0,   -9,    0,    0,
       0,    0,    0,    0,    0,    0,    0,    0,    0,    0,    0,    0,    0,    0,    0,   -9,   -9,    0,   -9,    0,    0,    0,    0,    0,    0,    0,    0,    0,    0,    0,    0,    0,    0,    0,    0,    0,    0,    0,    0,    0,    0,    0,    0,    0,    0,    0,    0,    0,    0,    0,    0,    0,    0,    0,    0,    0,    0,    0,    0,    0,    0,    0,    0,    0,    0,    0,    0,    0,    0,    0,    0,    0,    0,    0,    0,    0,    0,    0,    0,    0,    0,    0,    0,    0,    0,    0,    0,    0,    0,    0,
       0,  -19,    0,    0,  -37,    0,  -37,    0,    0,  -33,    0,    0,    0,    0,    0,    0,    0,    0,    0,    0,    0,    0,  -19,    0,  -19,  -19,    0,    0,    0,    0,    0,    0,    0,    0,    0,    0,    0,    0,    0,  -51,    0,    0,    0,    0,    0,    0,    0,    0,    0,    0,    0,    0,    0,    0,    0,    0,    0,    0,    0,    0,    0,    0,    0,    0,    0,    0,    0,    0,    0,    0,    0,    0,    0,    0,    0,    0,    0,    0,    0,    0,    0,    0,    0,    0,    0,    0,    0,  -37,    0,    0,
       0,    0,    0,    0,    0,    0,    0,    0,    0,    0,    0,    0,    0,   -9,    0,   -9,   -9,    0,   -9,    0,    0,    0,    0,    0,    0,    0,    0,    0,    0,    0,    0,    0,    0,    0,    0,    0,    0,    0,    0,   -9,    0,    0,    0,    0,    0,    0,    0,    0,    0,    0,    0,    0,    0,    0,    0,    0,    0,    0,    0,    0,    0,    0,    0,    0,    0,    0,    0,    0,    0,    0,    0,    0,    0,    0,    0,    0,    0,    0,    0,    0,    0,    0,    0,    0,    0,    0,    0,    0,    0,    0,
       0,    0,    0,    0,   -9,    0,   -9,    0,    0,   -9,    0,    0,    0,    0,    0,    0,    0,    0,    0,    0,    0,    0,    0,    0,    0,    0,    0,    0,    0,    0,    0,    0,    0,    0,    0,    0,    0,    0,    0,    0,    0,    0,    0,    0,    0,    0,    0,    0,    0,    0,    0,    0,    0,    0,    0,    0,    0,    0,    0,    0,    0,    0,    0,    0,    0,    0,    0,    0,    0,    0,    0,    0,    0,    0,    0,    0,    0,    0,    0,    0,    0,    0,    0,    0,    0,    0,    0,   -9,    0,    0,
       0,   -9,    0,    0,    0,    0,    0,    0,    0,    0,    0,   -9,    0,    0,    0,    0,    0,    0,    0,    0,    0,    0,    0,    0,   -9,   -9,    0,    0,    0,    0,    0,   -9,    0,  -14,    0,  -14,    0,    0,    0,    0,    0,    0,    0,    0,    0,    0,    0,    0,    0,    0,    0,    0,    0,    0,    0,    0,    0,    0,    0,    0,    0,    0,    0,    0,    0,    0,    0,    0,    0,    0,    0,    0,    0,    0,    0,    0,    0,    0,    0,    0,    0,    0,    0,    0,    0,    0,    0,    0,    0,    0,
     -28,    0,    0,  -37,    0,    0,    0,    0,    0,    0,    0,    0,    0,  -33,   -9,  -37,  -23,    0,  -28,    0,    0,    0,    0,    0,    0,    0,    0,    0,    0,    0,    0,    0,  -14,    0,    0,    0,    0,    0,    0,    0,    0,    0,    0,    0,    0,    0,    0,    0,    0,    0,    0,    0,    0,    0,    0,    0,    0,    0,    0,    0,    0,    0,    0,    0,    0,    0,    0,    0,    0,    0,    0,    0,    0,    0,    0,    0,    0,    0,    0,    0,    0,    0,    0,    0,    0,    0,  -42,    0,    0,    0,
       0,   -9,    0,    0,   -9,    0,   -9,    0,    0,    0,    0,    0,    0,    0,    0,    0,    0,    0,    0,    0,    0,    0,    0,    0,    0,    0,    0,    0,    0,    0,    0,    0,    0,    0,    0,    0,    0,    0,    0,    0,    0,    0,    0,    0,    0,    0,    0,    0,    0,    0,    0,    0,    0,    0,    0,    0,    0,    0,    0,    0,    0,    0,    0,    0,    0,    0,    0,    0,    0,    0,    0,    0,    0,    0,    0,    0,    0,    0,    0,    0,    0,    0,    0,    0,    0,    0,    0,   -9,    0,    0,
       0,   -9,    0,    0,  -56,    0,  -56,    0,    0,  -23,    0,    0,    0,    0,    0,    0,    0,    0,    0,    0,    0,    0,    0,    0,    0,    0,    0,    0,    0,    0,    0,    0,    0,    0,    0,    0,    0,    0,    0,  -37,    0,    0,    0,    0,    0,    0,    0,    0,    0,    0,    0,    0,    0,    0,    0,    0,    0,    0,    0,    0,    0,    0,    0,    0,    0,    0,    0,    0,    0,    0,    0,    0,    0,    0,    0,    0,    0,    0,    0,    0,    0,    0,    0,    0,    0,    0,    0,  -56,    0,    0,
       0,   -9,    0,   -9,    0,    0,    0,    0,    0,    0,    0,   -9,    0,   -9,   -5,  -14,  -14,    0,  -14,    0,    0,    0,    0,    0,    0,    0,    0,    0,    0,    0,    0,    0,    0,   -9,    0,   -9,    0,    0,    0,    0,    0,    0,    0,    0,    0,    0,    0,    0,    0,    0,    0,    0,    0,    0,    0,    0,    0,    0,    0,    0,    0,    0,    0,    0,    0,    0,    0,    0,    0,    0,    0,    0,    0,    0,    0,    0,    0,    0,    0,    0,    0,    0,    0,    0,    0,    0,    0,    0,    0,    0,
       0,    0,    0,    0,    0,    0,    0,    0,    0,   -9,    0,    0,    0,   -9,    0,   -9,   -9,   -9,   -9,    0,    0,    0,    0,    0,    0,    0,    0,    0,    0,    0,    0,    0,    0,   -5,    0,   -9,    0,    0,    0,   -9,    0,    0,    0,    0,    0,    0,    0,    0,    0,    0,    0,    0,    0,    0,    0,    0,    0,    0,    0,    0,    0,    0,    0,    0,    0,    0,    0,    0,    0,    0,    0,    0,    0,    0,    0,    0,    0,    0,    0,    0,    0,    0,    0,    0,    0,    0,    0,    0,    0,    0,
       0,   -9,    0,    0,  -42,    0,  -42,    0,    0,  -28,    0,   -9,    0,    0,    0,    0,    0,    0,    0,    0,    0,    0,  -14,    0,  -14,  -14,    0,    0,    0,    0,    0,    0,    0,    0,    0,    0,    0,    0,    0,  -37,   23,    0,    0,    0,    0,    0,    0,    0,    0,    0,    0,    0,    0,    0,    0,    0,    0,    0,    0,    0,    0,    0,    0,    0,    0,    0,    0,    0,    0,    0,    0,    0,    0,    0,    0,    0,    0,    0,    0,    0,    0,    0,    0,    0,    0,    0,    0,  -42,    0,    0,
       0,   -9,    0,    0,   -9,    0,   -9,    0,    0,   -9,    0,    0,    0,    0,    0,    0,    0,    0,    0,    0,    0,    0,    0,    0,    0,    0,    0,    0,    0,    0,    0,    0,    0,    0,    0,    0,    0,    0,    0,   -9,    0,    0,    0,    0,    0,    0,    0,    0,    0,    0,    0,    0,    0,    0,    0,    0,    0,    0,    0,    0,    0,    0,    0,    0,    0,    0,    0,    0,    0,    0,    0,    0,    0,    0,    0,    0,    0,    0,    0,    0,    0,    0,    0,    0,    0,    0,    0,   -9,    0,    0,
       0,  -14,    0,    0,  -51,    0,  -51,    0,    0,  -37,    0,   -9,    0,    0,    0,    0,    0,    0,    0,    0,    0,    0,  -28,    0,  -28,  -28,    0,    0,    0,  -19,    0,    0,    0,    0,    0,    0,    0,    0,    0,  -61,    0,    0,    0,    0,    0,    0,    0,    0,    0,    0,    0,    0,    0,    0,    0,    0,    0,    0,    0,    0,    0,    0,    0,    0,    0,    0,    0,    0,    0,    0,    0,    0,    0,    0,    0,    0,    0,    0,    0,    0,    0,    0,    0,    0,    0,    0,    0,  -51,    0,    0,
       0,  -14,    0,    0,  -42,    0,  -42,    0,    0,  -28,    0,   -9,    0,    0,    0,    0,    0,    0,    0,    0,    0,    0,  -23,    0,  -28,  -28,    0,    0,    0,  -14,    0,    0,    0,    0,   -9,    0,    0,    0,    0,  -61,    0,    0,    0,    0,    0,    0,    0,    0,    0,    0,    0,    0,    0,    0,    0,    0,    0,    0,    0,    0,    0,    0,    0,    0,    0,    0,    0,    0,    0,    0,    0,    0,    0,    0,    0,    0,    0,    0,    0,    0,    0,    0,    0,    0,    0,    0,    0,  -42,    0,    0,
       0,    0,    0,    0,    0,    0,    0,    0,    0,    0,    0,   -9,   -5,    0,    0,    0,    0,    0,    0,    0,    0,    0,    0,    0,   -5,   -5,    0,    0,    0,    0,    0,    0,    0,  -14,    0,  -23,    0,  -19,    0,    0,    0,    0,    0,    0,    0,    0,    0,    0,    0,    0,    0,    0,    0,    0,    0,    0,    0,    0,    0,    0,    0,    0,    0,    0,    0,    0,    0,    0,    0,    0,    0,    0,    0,    0,    0,    0,    0,    0,    0,    0,    0,    0,    0,    0,    0,    0,    0,    0,    0,    0,
       0,  -14,    0,    0,  -37,    0,  -37,    0,    0,  -33,    0,  -14,   -9,    0,    0,    0,    0,    0,    0,    0,    0,    0,  -28,    0,  -33,  -33,    0,    0,    0,  -28,    0,    0,    0,    0,   -5,    0,   -5,    0,    0,  -42,    0,    0,    0,    0,    0,    0,    0,    0,    0,    0,    0,    0,    0,    0,    0,    0,    0,    0,    0,    0,    0,    0,    0,    0,    0,    0,    0,    0,    0,    0,    0,    0,    0,    0,    0,    0,    0,    0,    0,    0,    0,    0,    0,    0,    0,    0,    0,  -37,    0,    0,
       0,    0,    0,    0,    0,    0,    0,    0,    0,    0,    0,    0,    0,    0,    0,    0,    0,    0,    0,    0,    0,    0,    0,    0,    0,    0,    0,    0,    0,    0,    0,    0,    0,    0,    0,    0,    0,    0,    0,    0,    0,    0,  -19,   -9,    0,   28,    0,  -14,    0,   23,    0,    0,  -19,    0,  -51,    0,   -9,   -9,    0,   -9,    0,    0,    0,    0,    0,    0,   19,    0,  -37,   -9,    0,    0,    0,    0,    0,   28,    0,    0,    0,    0,    0,    0,    0,    0,    0,    0,    0,    0,    0,    0,
     -19,    0,    0,    0,    0,    0,    0,    0,    0,    0,    0,    0,    0,   -9,    0,  -23,  -19,    0,  -23,    0,    0,    0,    0,    0,    0,    0,    0,    0,    0,    0,    0,    0,    0,    0,    0,   -9,    0,    0,    0,    0,    0,    0,    0,    0,    0,    0,    0,    0,    0,    0,    0,    0,    0,    0,    0,    0,    0,    0,    0,    0,    0,    0,    0,    0,    0,    0,    0,    0,    0,    0,    0,    0,    0,    0,    0,    0,    0,    0,    0,    0,    0,    0,    0,    0,    0,    0,  -19,    0,    0,    0,
       0,    0,    0,    0,    0,    0,    0,    0,    0,    0,    0,    0,    0,  -14,    0,  -28,  -28,    0,  -33,    0,    0,    0,    0,    0,    0,    0,    0,    0,    0,    0,    0,    0,    0,    0,    0,   -9,    0,    0,    0,    0,    0,    0,    0,    0,    0,    0,    0,    0,    0,    0,    0,    0,    0,    0,    0,    0,    0,    0,    0,    0,    0,    0,    0,    0,    0,    0,    0,    0,    0,    0,    0,    0,    0,    0,    0,    0,    0,    0,    0,    0,    0,    0,    0,    0,    0,    0,    0,    0,    0,    0,
       0,    0,    0,    0,    0,    0,    0,    0,    0,    0,    0,    0,    0,    0,    0,  -23,  -23,    0,  -33,    0,    0,    0,    0,    0,    0,    0,    0,    0,    0,    0,    0,    0,    0,    0,    0,    0,    0,    0,    0,    0,    0,    0,    0,    0,    0,    0,    0,    0,    0,    0,    0,    0,    0,    0,    0,    0,    0,    0,    0,    0,    0,    0,    0,    0,    0,    0,    0,    0,    0,    0,    0,    0,    0,    0,    0,    0,    0,    0,    0,    0,    0,    0,    0,    0,    0,    0,    0,    0,    0,    0,
      37,    0,   42,   37,    0,    0,    0,    0,    0,    0,    0,    0,    0,    0,    0,    0,    0,    0,    0,    0,   47,    0,    0,    0,    0,    0,    0,    0,    0,    0,    0,    0,    0,    0,    0,    0,    0,    0,    0,    0,    0,    0,    0,    0,    0,    0,    0,    0,    0,    0,    0,    0,    0,    0,    0,    0,    0,    0,    0,    0,    0,    0,    0,    0,    0,    0,    0,    0,    0,    0,    0,    0,    0,    0,    0,    0,    0,    0,    0,    0,    0,    0,    0,    0,    0,    0,   28,    0,    0,    0,
       0,    0,    0,    0,    0,    0,    0,    0,    0,    0,    0,    0,    0,    0,    0,    0,    0,    0,    0,    0,    0,    0,    0,    0,   -9,   -9,    0,    0,    0,    0,    0,    0,    0,    0,    0,    0,    0,    0,    0,    0,    0,    0,    0,    0,    0,    0,    0,    0,    0,    0,    0,    0,    0,    0,    0,    0,    0,    0,    0,    0,    0,    0,    0,    0,    0,    0,    0,    0,    0,    0,    0,    0,    0,    0,    0,    0,    0,    0,    0,    0,    0,    0,    0,    0,    0,    0,    0,    0,    0,    0,
       0,    0,    0,    0,    0,    0,    0,    0,    0,    0,    0,    0,    0,    0,    0,    0,  -19,    0,   -9,    0,    0,    0,    0,    0,    0,    0,    0,    0,    0,    0,    0,    0,    0,    0,    0,    0,    0,    0,    0,    0,    0,    0,    0,    0,    0,    0,    0,    0,    0,    0,    0,    0,    0,    0,    0,    0,    0,    0,    0,    0,    0,    0,    0,    0,    0,    0,    0,    0,    0,    0,    0,    0,    0,    0,    0,    0,    0,    0,    0,    0,    0,    0,    0,    0,    0,    0,    0,    0,    0,    0,
       0,    0,    0,   14,  -79,    0,  -79,    0,    0,    0,    0,    0,    0,    0,    0,  -14,  -19,  -23,  -14,    0,    0,    0,   -9,    0,   -9,   -9,    0,    0,    0,    0,    0,    0,    0,    0,    0,    0,    0,    0,    0,    0,    0,    0,    0,    0,    0,    0,    0,    0,    0,    0,    0,    0,    0,    0,    0,    0,    0,    0,    0,    0,    0,    0,    0,    0,    0,    0,    0,    0,    0,    0,    0,    0,    0,    0,    0,    0,    0,    0,    0,    0,    0,    0,    0,    0,    0,    0,    0,  -79,    0,    0,
      -9,    0,    0,    0,    0,    0,    0,    0,    0,    0,    0,    0,    0,    0,    0,  -14,  -14,    0,  -23,    0,    0,    0,    0,    0,    0,    0,    0,    0,    0,    0,    0,    0,    0,    0,    0,    0,    0,    0,    0,    0,    0,    0,    0,    0,    0,    0,    0,    0,    0,    0,    0,    0,    0,    0,    0,    0,    0,    0,    0,    0,    0,    0,    0,    0,    0,    0,    0,    0,    0,    0,    0,    0,    0,    0,    0,    0,    0,    0,    0,    0,    0,    0,    0,    0,    0,    0,    0,    0,    0,    0,
       0,    0,    0,    0,  -23,    0,  -33,    0,    0,    0,    0,    0,    0,    0,    0,  -14,   -9,    0,  -14,    0,    0,    0,    0,    0,    0,    0,    0,    0,    0,    0,    0,    0,    0,    0,    0,    0,    0,    0,    0,    0,    0,    0,    0,    0,    0,    0,    0,    0,    0,    0,    0,    0,    0,    0,    0,    0,    0,    0,    0,    0,    0,    0,    0,    0,    0,    0,    0,    0,    0,    0,    0,    0,    0,    0,    0,    0,    0,    0,    0,    0,    0,    0,    0,    0,    0,    0,    0,  -33,    0,    0,
       0,    0,    0,    0,  -33,    0,  -33,    0,    0,    0,    0,    0,    0,    0,    0,   -9,   -9,    0,  -14,    0,    0,    0,    0,    0,    0,    0,    0,    0,    0,    0,    0,    0,    0,    0,    0,    0,    0,    0,    0,    0,    0,    0,    0,    0,    0,    0,    0,    0,    0,    0,    0,    0,    0,    0,    0,    0,    0,    0,    0,    0,    0,    0,    0,    0,    0,    0,    0,    0,    0,    0,    0,    0,    0,    0,    0,    0,    0,    0,    0,    0,    0,    0,    0,    0,    0,    0,    0,  -33,    0,    0,
       0,    0,    0,    0,  -42,    0,  -42,    0,    0,    0,    0,    0,    0,    0,    0,    0,   -9,    0,    0,    0,    0,    0,    0,    0,    0,    0,    0,    0,    0,    0,    0,    0,    0,    0,    0,    0,    0,    0,    0,    0,    0,    0,    0,    0,    0,    0,    0,    0,    0,    0,    0,    0,    0,    0,    0,    0,    0,    0,    0,    0,    0,    0,    0,    0,    0,    0,    0,    0,    0,    0,    0,    0,    0,    0,    0,    0,    0,    0,    0,    0,    0,    0,    0,    0,    0,    0,    0,  -42,    0,    0,
       0,    0,    0,   -9,    0,    0,    0,    0,    0,    0,    0,    0,    0,    0,    0,  -19,  -14,    0,  -14,    0,    0,    0,    0,    0,    0,    0,    0,    0,    0,    0,    0,    0,    0,    0,    0,    0,    0,    0,    0,    0,    0,    0,    0,    0,    0,    0,    0,    0,    0,    0,    0,    0,    0,    0,    0,    0,    0,    0,    0,    0,    0,    0,    0,    0,    0,    0,    0,    0,    0,    0,    0,    0,    0,    0,    0,    0,    0,    0,    0,    0,    0,    0,    0,    0,    0,    0,   -9,    0,    0,    0,
       0,    0,    0,    0,    0,    0,    0,    0,    0,    0,    0,    0,    0,   -9,   -5,  -23,    0,    0,  -28,    0,    0,    0,    0,    0,    0,    0,    0,    0,    0,    0,    0,    0,    0,    0,    0,    0,    0,    0,    0,    0,    0,    0,    0,    0,    0,    0,    0,    0,    0,    0,    0,    0,    0,    0,    0,    0,    0,    0,    0,    0,    0,    0,    0,    0,    0,    0,    0,    0,    0,    0,    0,    0,    0,    0,    0,    0,    0,    0,    0,    0,    0,    0,    0,    0,    0,    0,    0,    0,    0,    0,
       0,    0,    0,    0,    0,    0,    0,    0,    0,    0,    0,    0,    0,    0,    0,    0,    0,    0,    0,    0,    0,    0,    0,    0,    0,    0,    0,    0,    0,    0,    0,    0,    0,    0,    0,    0,    0,    0,    0,    0,    0,    0,  -23,    0,    0,    0,    0,  -19,   -9,    0,    0,    0,   -5,    0,  -19,    0,    0,    0,    0,    0,    0,    0,    0,    0,    0,    0,    0,    0,    0,    0,    0,    0,    0,    0,    0,    0,    0,    0,    0,    0,    0,    0,    0,    0,    0,    0,    0,    0,    0,    0,
       0,    0,    0,    0,    0,    0,    0,    0,    0,    0,    0,    0,    0,  -14,   -5,  -23,  -23,    0,  -23,    0,    0,    0,    0,    0,    0,    0,    0,    0,    0,    0,    0,    0,    0,    0,    0,    0,    0,    0,    0,    0,    0,    0,    0,    0,    0,    0,    0,    0,    0,    0,    0,    0,    0,    0,    0,    0,    0,    0,    0,    0,    0,    0,    0,    0,    0,    0,    0,    0,    0,    0,    0,    0,    0,    0,    0,    0,    0,    0,    0,    0,    0,    0,    0,    0,    0,    0,    0,    0,    0,    0,
     -37,   -9,    0,  -33,    0,    0,    0,    0,    0,    0,    0,   -9,    0,  -28,   -9,  -37,  -33,    0,  -33,    0,    0,    0,    0,    0,   -9,   -9,    0,    0,    0,    0,    0,   -9,  -23,  -14,    0,  -23,    0,  -23,    0,    0,  -23,    0,    0,    0,    0,    0,    0,    0,    0,    0,    0,    0,    0,    0,    0,    0,    0,    0,    0,    0,    0,    0,    0,    0,    0,    0,    0,    0,    0,    0,    0,    0,    0,    0,    0,    0,    0,    0,    0,    0,    0,    0,    0,    0,    0,    0,  -42,    0,    0,    0,
      14,    0,   33,   19,    0,    0,    0,    0,   14,    0,   23,    0,    0,   33,   33,   42,   33,   33,   47,   37,    0,    0,    0,   42,    0,    0,    0,   42,    0,    0,    0,    0,    0,    0,    0,    0,    0,    0,    0,    0,    0,    0,    0,    0,    0,    0,    0,    0,    0,    0,    0,    0,    0,    0,    0,    0,    0,    0,    0,    0,    0,    0,    0,    0,    0,    0,    0,    0,    0,    0,    0,    0,    0,    0,    0,    0,    0,    0,    0,    0,    0,    0,    0,    0,    0,    0,   14,    0,    0,    0,
       0,    0,    0,  -14,    0,    0,    0,    0,    0,    0,    0,    0,    0,  -14,    0,  -23,    0,    0,    0,    0,    0,    0,    0,    0,    0,    0,    0,    0,    0,    0,    0,    0,    0,    0,    0,    0,    0,    0,    0,    0,    0,    0,    0,    0,    0,    0,    0,    0,    0,    0,    0,    0,    0,    0,    0,    0,    0,    0,    0,    0,    0,    0,    0,    0,    0,    0,    0,    0,    0,    0,    0,    0,    0,    0,    0,    0,    0,    0,    0,    0,    0,    0,    0,    0,    0,    0,    0,    0,    0,    0,
       0,    0,    0,    0,  -14,    0,  -14,    0,    0,  -19,    0,    0,    0,    9,    0,    9,    9,    0,    9,    0,    0,    0,   -9,    0,   -9,   -9,    0,    0,    0,   -9,   -9,    0,    0,   -9,   -9,   -9,    0,    0,    0,    0,    0,    0,    0,    0,    0,    0,    0,    0,    0,    0,    0,    0,    0,    0,    0,    0,    0,    0,    0,    0,    0,    0,    0,    0,    0,    0,    0,    0,    0,    0,    0,    0,    0,    0,    0,    0,    0,    0,    0,    0,    0,    0,    0,    0,    0,    0,    0,  -14,    0,    0,
       0,    0,    0,    9,   -5,    0,   -5,    0,    0,    0,    0,    0,    0,    0,    0,    0,    0,    0,    0,    0,    0,    0,    0,    0,    0,    0,    5,    0,    9,    0,   14,    9,    0,   14,    0,   14,    0,    0,    0,    0,    0,    0,    0,    0,    0,    0,    0,    0,    0,    0,    0,    0,    0,    0,    0,    0,    0,    0,    0,    0,    0,    0,    0,    0,    0,    0,    0,    0,    0,    0,    0,    0,    0,    0,    0,    0,    0,    0,    0,    0,    0,    0,    0,    0,    0,    5,    0,   -5,    0,    0,
       0,    0,    0,    0,  -14,    0,  -14,    0,    0,  -28,    0,   -9,    0,    0,    5,   14,    0,    0,   14,    0,    0,    0,  -23,    5,  -28,  -28,    0,    0,  -14,  -28,   -9,  -14,    0,   -9,    0,   -9,  -14,    0,    0,    0,    0,    0,    0,    0,    0,    0,    0,    0,    0,    0,    0,    0,    0,    0,    0,    0,    0,    0,    0,    0,    0,    0,    0,    0,    0,    0,    0,    0,    0,    0,    0,    0,    0,    0,    0,    0,    0,    0,    0,    0,    0,    0,    0,    0,    0,    0,    0,  -14,    0,    0,
       0,    0,    0,    9,    0,    0,    0,    0,    0,    0,    0,    0,    0,    0,    0,    0,    0,    0,    0,    0,    0,    0,    0,    0,    0,    0,    5,    0,    9,    0,    0,    0,    0,    0,    0,    0,    0,    0,    0,    0,    0,    0,    0,    0,    0,    0,    0,    0,    0,    0,    0,    0,    0,    0,    0,    0,    0,    0,    0,    0,    0,    0,    0,    0,    0,    0,    0,    0,    0,    0,    0,    0,    0,    0,    0,    0,    0,    0,    0,    0,    0,    0,    0,    0,    0,    5,    0,    0,    0,    0,
       0,    0,    0,    0,    0,    0,    0,    0,    0,    0,    0,    0,    0,    0,    0,    0,    0,    0,    0,    0,    0,    0,    0,    0,    0,    0,    0,    0,    0,    0,    0,    0,    0,    0,    0,    0,    0,    0,    0,    0,    0,    0,   -9,    0,    0,    0,    0,   -9,    0,    0,    0,    0,   -7,    0,    0,    0,    0,    0,    0,    0,    0,    0,    0,    0,   -9,    0,    0,    0,    0,   -9,   -9,    0,    0,    0,    0,    0,    0,    0,    0,    0,    0,    0,    0,   -9,    0,    0,    0,    0,    0,    0,
     -79,    0,   -9,  -37,    0,    0,    0,   -5,    0,    0,    0,    0,    0,    0,    0,    0,    0,    0,    0,    0,    0,   -5,    0,    0,    0,    0,    0,    0,    0,    0,    0,    0,    0,    0,    0,    0,    0,    0,    0,    0,    0,    0,  -37,    0,    0,   -7,    0, -112,   -5,   -5,   -5,    0,   -9,   -9,  -28,   -5,    0,    0,    0,    0,    0,    0,    0,    0,   -7,    0,   -5,   -5,  -14,    0,    0,    0,    0,    0,    0,    0,    0,    0,    0,    0,    0,    0,  -33,    0,    0,    0,  -70,    0,    0,    0,
       0,    0,    0,   14,  -28,  -19,  -28,  -14,    0,    0,    0,    0,    0,    0,    0,    0,    0,    0,    0,    0,    0,  -19,    0,    0,    0,    0,    0,    0,    0,    0,    0,    0,    0,    0,    0,    0,    0,    0,  -23,    0,    0,    0,    0,   -9,   -5,    0,  -14,    0,  -28,  -19,    0,    0,  -12,    0,    0,   -7,  -14,    0,   -5,  -14,    0,    0,    9,    0,  -28,    0,   19,    0,    5,    0,  -14,    0,   -7,    9,    9,    0,    0,    0,    0,    0,    0,    0,    0,    0,    0,    0,    0,  -28,    0,    0,
       0,    0,    0,    0,    0,    0,    0,    0,    0,    0,    0,    0,    0,    0,    0,    0,    0,    0,    0,    0,    0,    0,    0,    0,    0,    0,    0,    0,    0,    0,    0,    0,    0,    0,    0,    0,    0,    0,    0,    0,    0,    0,    0,    0,    0,    0,    0,   -5,    0,    0,    0,    0,   -5,    0,    0,    0,    0,    0,    0,    0,    0,    0,    0,    0,   -5,    0,    0,   -5,    0,    0,    0,    0,    0,    0,    0,    0,    0,    0,    0,    0,    0,    0,    0,    0,    0,    0,    0,    0,    0,    0,
       0,    0,    0,    0,    0,    0,    0,    0,    0,    0,    0,    0,    0,    0,    0,    0,    0,    0,    0,    0,    0,    0,    0,    0,    0,    0,    0,    0,    0,    0,    0,    0,    0,    0,    0,    0,    0,    0,    0,    0,    0,    0,   -5,    0,    0,    0,    0,   -5,   -5,   -5,    0,    0,  -12,   -5,  -14,    0,    0,    0,    0,    0,    0,    0,    0,    0,    0,    0,    0,    0,    0,    0,    0,    0,    0,    0,    0,    0,    0,    0,   -9,    0,    0,    0,   -9,    0,    0,    0,    0,    0,    0,    0,
       0,    0,    0,    0,    0,    0,    0,    0,    0,    0,    0,    0,    0,    0,    0,    0,    0,    0,    0,    0,    0,    0,    0,    0,    0,    0,    0,    0,    0,    0,    0,    0,    0,    0,    0,    0,    0,    0,    0,    0,    0,    0,    0,    0,    0,    0,    0,    0,    0,    0,    0,    0,   -5,    0,    0,    0,    0,    0,    0,    0,    0,    0,    0,    0,   -9,    0,    0,    0,    0,    0,    0,    0,    0,    0,    0,    0,    0,    0,    0,    0,    0,    0,    0,    0,    0,    0,    0,    0,    0,    0,
       0,    0,    0,    0,    0,    0,    0,    0,    0,    0,    0,    0,    0,    0,    0,    0,    0,    0,    0,    0,    0,    0,    0,    0,    0,    0,    0,    0,    0,    0,    0,    0,    0,    0,    0,    0,    0,    0,    0,    0,    0,    0,    0,    0,    0,    0,   -9,    0,   -9,   -7,    0,    0,   -9,    0,    0,    0,    0,    0,    0,    0,    0,    0,   14,    0,   -9,    0,    0,    0,    0,    0,    0,    0,    0,   14,   14,    0,    0,    0,    0,    0,    0,    0,    0,    0,    0,    0,    0,    0,    0,    0,
     -47,    0,   -9,  -23,    0,    0,    0,   -5,    0,    0,    0,    0,    0,    0,    0,    0,    0,    0,    0,    0,    0,   -5,    0,    0,    0,    0,    0,    0,    0,    0,    0,    0,    0,    0,    0,    0,    0,    0,    0,    0,    0,    0,  -37,    0,    0,   -7,    0,  -56,   -5,   -5,   -5,    0,   -9,   -9,  -28,   -5,    0,    0,    0,    0,    0,    0,    0,    0,   -7,    0,   -5,   -5,  -14,    0,    0,    0,    0,    0,    0,    0,    0,    0,    0,    0,    0,    0,  -19,    0,    0,    0,  -42,    0,    0,    0,
     -56,    0,  -19,  -33,    0,   -9,    0,   -9,    0,    0,    0,    0,    0,    0,    0,    0,    0,    0,    0,    0,    0,    0,    0,    0,    0,    0,    0,    0,    0,    0,    0,    0,    0,    0,    0,    0,    0,    0,  -23,    0,    0,    0,  -42,  -28,  -19,  -14,    0,  -65,    0,    0,    0,  -19,  -37,    0,  -61,    0,   -9,    0,   -5,   -9,    0,   -5,   -9,    0,   -9,    0,  -19,    0,  -23,    0,    0,    0,    0,   -9,   -9,   -9,   -5,   -9,    0,  -23,    0,  -14,  -33,    0,    0,    0,  -47,    0,    0,    0,
       0,    0,    0,    0,    0,   -9,    0,    0,    0,    0,    0,    0,    0,    0,    0,    0,    0,    0,    0,    0,    0,    0,    0,    0,    0,    0,    0,    0,    0,    0,    0,    0,    0,    0,    0,    0,    0,    0,  -14,    0,    0,    0,    0,  -14,   -5,    0,    5,    0,    0,    9,    0,   -5,  -23,    0,   -9,    0,   -9,   -5,    0,   -9,    0,    0,   -5,    0,    0,    0,   -5,    0,  -14,  -14,    0,    0,    0,   -5,   -2,    0,   -5,    0,    0,    0,   -9,    0,    0,  -14,    0,    0,   -9,    0,    0,    0,
       0,    0,    5,   19,  -51,   -9,  -51,   -9,    0,    0,    0,    0,    0,    0,    0,    0,    0,    0,    0,    0,    9,  -37,    0,    0,    0,    0,    0,    0,    0,    0,    0,    0,    0,    0,    0,    0,    0,    0,  -19,    0,    0,    0,    0,  -23,   -5,    0,  -28,    0,  -61,  -37,    0,    0,  -28,    0,    0,  -19,  -23,    0,  -14,  -37,  -19,   -5,   -5,   -9,  -56,    0,    0,   -5,    0,    0,   -9,    0,  -14,   -5,   14,    0,    0,    0,    0,    0,  -19,    0,    0,    0,    0,    0,    0,  -51,    0,    0,
     -37,    0,    0,  -33,    0,   -5,    0,    0,    0,    0,    0,    0,    0,    0,    0,    0,    0,    0,    0,    0,    0,    0,    0,    0,    0,    0,    0,    0,    0,    0,    0,    0,    0,    0,    0,    0,    0,    0,   -9,    0,    0,    0,  -28,  -14,   -5,    0,    0,  -37,    0,    0,    0,   -5,  -23,    0,  -56,    0,  -14,   -9,    0,  -14,    0,    0,   -9,    0,   -5,    0,  -28,    0,  -33,  -19,    0,    0,   -5,   -9,   -9,    0,   -9,    0,    0,    0,    0,    0,  -28,  -19,    0,    0,  -42,    0,    0,    0,
       0,    0,    0,   -5,    0,    0,    0,   -9,    0,    0,    0,    0,    0,    0,    0,    0,    0,    0,    0,    0,    0,   -5,    0,    0,    0,    0,    0,    0,    0,    0,    0,    0,    0,    0,    0,    0,    0,    0,    0,    0,    0,    0,  -12,    0,   -5,  -14,    0,  -14,   -5,   -9,   -5,    0,   -9,   -5,  -19,   -5,    0,    0,    0,    0,    0,    0,    0,    0,   -9,   -5,   -7,  -12,   -9,   -5,   -9,    0,    0,    0,    0,    0,    0,    0,    0,    0,    0,    0,    0,    0,    0,    0,   -9,    0,    0,    0,
       0,    0,    0,   -5,    0,    0,    0,   -9,    0,    0,    0,    0,    0,    0,    0,    0,    0,    0,    0,    0,    0,   -5,    0,    0,    0,    0,    0,    0,    0,    0,    0,    0,    0,    0,    0,    0,    0,    0,    0,    0,    0,    0,  -16,    0,   -5,    0,    0,  -23,   -5,   -7,   -7,    0,   -5,   -5,  -23,    0,    0,    0,    0,    0,    0,    0,    0,    0,   -9,    0,    0,   -5,    0,   -9,   -5,    0,    0,    0,    0,    0,    0,    0,   -9,    0,    0,    0,   -9,   -9,  -14,    0,   -9,    0,    0,    0,
       0,    0,    5,    0,    0,    0,    0,    0,    0,    0,    0,    0,    0,    0,    0,    0,    0,    0,    0,    0,    0,   14,    0,    0,    0,    0,    0,    0,    0,    0,    0,    0,    0,    0,    0,    0,    0,    0,    0,    0,    0,    0,    0,   -5,    0,    9,    0,    0,    0,    0,    0,    0,   -9,    0,    0,    0,   -7,    0,   -5,   -7,    0,   -5,   -5,    0,   -9,    0,    0,    0,    0,   -5,   -5,    0,    0,   -5,    0,    5,    0,    0,    0,    0,    0,    0,    0,    0,    0,    0,    0,    0,    0,    0,
       0,    0,   -9,    0,   -9,    0,   -9,   -9,    0,    0,    0,    0,    0,    0,    0,    0,    0,    0,    0,    0,    0,   -9,    0,    0,    0,    0,    0,    0,    0,    0,    0,    0,    0,    0,    0,    0,    0,    0,    0,    0,    0,    0,   -9,    0,    0,   -7,   -7,  -35,   -9,  -16,   -9,    0,    0,   -9,   -5,   -5,    0,    0,    0,    0,    0,    0,    0,    0,  -19,    0,    0,   -5,    0,    0,    0,    0,    0,    0,    0,    0,    0,    0,   -9,    0,    0,    0,   -9,    0,    0,    0,    0,   -9,    0,    0,
       0,    0,   -9,    0,  -56,    0,  -56,   -9,    0,    0,    0,    0,    0,    0,    0,    0,    0,    0,    0,    0,    0,  -19,    0,    0,    0,    0,    0,    0,    0,    0,    0,    0,    0,    0,    0,    0,    0,    0,   -5,    0,    0,    0,    0,    0,    0,    0,  -23,   -9,  -23,  -33,  -19,   -7,    0,  -19,  -12,   -5,    0,    0,    0,    0,    0,    0,    0,    0,  -23,    0,   14,   -5,    0,    0,   -5,    0,    0,    0,    0,    0,    0,    0,    0,    0,    0,    0,    0,    0,    0,    0,    0,  -56,    0,    0,
       0,    0,   -9,   -5,  -14,    0,  -14,  -14,    0,    0,    0,    0,    0,    0,    0,    0,    0,    0,    0,    0,    0,  -19,    0,    0,    0,    0,    0,    0,    0,    0,    0,    0,    0,    0,    0,    0,    0,    0,   -5,    0,    0,   -5,  -19,    0,   -9,   -9,  -14,  -42,  -14,  -23,  -19,   -9,    0,  -19,  -14,  -14,    0,    0,    0,    0,    0,    0,    0,    0,  -19,    0,    0,   -9,    0,    0,   -2,    0,    0,    0,    0,    0,    0,    0,   -9,    0,    0,    0,    0,    0,    0,    0,  -14,  -14,    0,    0,
       0,    0,    0,    0,    0,   -9,    0,    0,    0,    0,    0,    0,    0,    0,    0,    0,    0,    0,    0,    0,    0,    0,    0,    0,    0,    0,    0,    0,    0,    0,    0,    0,    0,    0,    0,    0,    0,    0,   -9,    0,    0,    0,    0,   -9,   -5,    0,    0,    0,    0,    0,    0,    0,  -19,    0,   -9,    0,   -7,    0,   -5,   -7,    0,    0,   -2,    0,   -5,    0,   -5,    0,   -7,  -19,    0,    0,    0,   -2,    9,    0,   -9,    0,    0,    0,    0,    0,    0,  -14,    0,    0,    0,    0,    0,    0,
       0,    0,    0,    0,   14,    0,   14,    0,    0,    0,    0,    0,    0,    0,    0,    0,    0,    0,    0,    0,    0,    0,    0,    0,    0,    0,    0,    0,    0,    0,    0,    0,    0,    0,    0,    0,    0,    0,    0,    0,    0,    9,   -9,    0,    0,    0,   23,  -19,   21,   19,   28,    0,    0,   19,  -23,   23,    0,    0,    0,    0,    5,    0,    0,    0,   14,    0,    0,    7,   -5,   -7,    0,    0,    0,    0,    0,    0,    0,    0,    0,    0,    0,    0,    0,    0,    0,    0,    0,   14,    0,    0,
       0,    0,    0,    0,   -9,    0,   -9,    0,    0,    0,    0,    0,    0,    0,    0,    0,    0,    0,    0,    0,    0,   -9,    0,    0,    0,    0,    0,    0,    0,    0,    0,    0,    0,    0,    0,    0,    0,    0,    0,    0,    0,    0,  -19,    0,    0,    0,    0,  -47,   -9,    0,   -5,    0,    0,   -7,  -16,    0,    0,    0,    0,    0,   -5,   -5,    0,    0,   -9,    0,   -7,  -16,   -7,   -2,   -5,    0,    0,    0,    0,   -5,    0,    0,    0,    0,    0,    0,    0,    0,    0,    0,    0,   -9,    0,    0,
       0,    0,    0,   -5,   -5,    0,   -5,    0,    0,    0,    0,    0,    0,    0,    0,    0,    0,    0,    0,    0,    0,    0,    0,    0,    0,    0,    0,    0,    0,    0,    0,    0,    0,    0,    0,    0,    0,    0,    0,    0,    0,    0,  -14,    0,    0,    0,    0,  -33,    0,    0,    0,    0,    0,    0,  -23,    0,    0,    0,    0,    0,    0,    0,   -7,    0,   -7,    0,   -5,   -7,   -7,    0,    0,    0,    0,   -7,   -7,    0,    0,    0,    0,    0,    0,    0,   -9,    0,    0,    0,    0,   -5,    0,    0,
       0,    0,    0,    9,   -9,    0,   -9,    0,    0,    0,    0,    0,    0,    0,    0,    0,    0,    0,    0,    0,    0,    0,    0,    0,    0,    0,    0,    0,    0,    0,    0,    0,    0,    0,    0,    0,    0,    0,    0,    0,    0,    0,   -5,    0,    0,    0,    0,  -23,    0,    0,    0,    0,    0,    0,   -9,    0,    0,    0,    0,    0,    0,    0,    0,    0,  -14,    0,    0,   -5,    0,    0,   -5,    0,    0,    0,    0,    0,    0,    0,    0,    0,    0,    0,   -9,    0,    0,    0,    0,   -9,    0,    0,
       0,    0,    0,    0,   -9,    0,   -9,    0,    0,    0,    0,    0,    0,    0,    0,    0,    0,    0,    0,    0,    0,   -9,    0,    0,    0,    0,    0,    0,    0,    0,    0,    0,    0,    0,    0,    0,    0,    0,    0,    0,    0,    0,    0,    0,    0,    0,    0,  -23,   -9,    0,   -5,    0,    0,   -5,   -7,    0,    0,    0,    0,    0,    0,    0,    0,    0,  -14,    0,    0,   -7,    0,    0,   -7,    0,    0,    0,    0,    0,    0,    0,    0,    0,    0,    0,    0,    0,    0,    0,    0,   -9,    0,    0,
       0,    0,    0,    0,    0,    0,    0,    0,    0,    0,    0,    0,    0,    0,    0,    0,    0,    0,    0,    0,    0,    0,    0,    0,    0,    0,    0,    0,    0,    0,    0,    0,    0,    0,    0,    0,    0,    0,    0,    0,    0,    0,   -5,    0,    0,    0,    0,  -19,    0,    0,    0,    0,    0,    0,   -9,    0,    0,    0,    0,    0,    0,    0,    0,    0,   -5,    0,    0,   -5,    0,    0,    0,    0,    0,    0,    0,    0,    0,    0,    0,    0,    0,    0,    0,    0,    0,    0,    0,    0,    0,    0,
       0,    0,    0,    0,    0,    0,    0,    0,    0,    0,    0,    0,    0,    0,    0,    0,    0,    0,    0,    0,    0,    0,    0,    0,    0,    0,    0,    0,    0,    0,    0,    0,    0,    0,    0,    0,    0,    0,    0,    0,    0,    0,   -5,    0,    0,    0,    0,  -19,    0,    0,    0,    0,    0,    0,   -7,    2,   -5,    0,    0,   -5,    0,    0,    0,    0,   -5,    0,    5,   -2,    0,    0,    0,    0,    0,    0,    0,    0,    0,    0,    0,    0,   -9,    0,    0,    0,    0,    0,    0,    0,    0,    0,
       0,    0,    0,    0,    0,  -14,    0,    0,    0,    0,    0,    0,    0,    0,    0,    0,    0,    0,    0,    0,    0,    0,    0,    0,    0,    0,    0,    0,    0,    0,    0,    0,    0,    0,    0,    0,    0,    0,    0,    0,    0,    0,   -7,   -5,    0,    0,    5,  -23,    0,    5,    0,   -5,   -5,    0,  -23,    0,   -9,   -2,   -5,   -9,    0,    0,    0,    0,    0,    0,    0,    0,    0,    0,    0,    0,    0,    0,    0,    0,    0,    0,    0,    0,    0,    0,    0,    0,    0,    0,    0,    0,    0,    0,
       0,    0,    0,    0,   -9,    0,   -9,    0,    0,    0,    0,    0,    0,    0,    0,    0,    0,    0,    0,    0,    0,   -9,    0,    0,    0,    0,    0,    0,    0,    0,    0,    0,    0,    0,    0,    0,    0,    0,    0,    0,    0,    0,  -19,    0,    0,    0,    0,  -33,   -9,    0,   -5,    0,    0,   -7,  -16,    0,    0,    0,    0,    0,   -5,   -5,    0,    0,   -9,    0,   -7,  -16,   -7,   -2,   -5,    0,    0,    0,    0,   -5,    0,    0,    0,    0,    0,    0,    0,    0,    0,    0,    0,   -9,    0,    0,
       0,    0,    0,   14,    9,    0,    9,    0,    0,    0,    0,    0,    0,    0,    0,    0,    0,    0,    0,    0,    0,    0,    0,    0,    0,    0,    0,    0,    0,    0,    0,    0,    0,    0,    0,    0,    0,    0,    0,    0,    0,   12,  -19,    0,    0,    0,   23,  -14,   21,   21,   28,    0,    0,   21,  -28,   23,    0,    0,    0,    0,    5,    0,    0,    0,   14,    0,   -5,    7,   -9,    0,    0,    0,    0,    0,    0,    0,    0,    0,    0,    0,    0,    0,    0,    0,    0,    0,  -14,    9,    0,    0,
       0,    0,    0,    0,    0,    0,    0,    0,    0,    0,    0,    0,    0,    0,    0,    0,    0,    0,    0,    0,    0,    0,    0,    0,    0,    0,    0,    0,    0,    0,    0,    0,    0,    0,    0,    0,    0,    0,    0,    0,    0,    0,   -5,    0,    0,    0,    0,  -19,    0,    0,    0,    0,    0,    0,   -7,    2,   -5,    0,    0,   -5,    0,    0,    0,    0,   -5,    0,    0,   -2,    0,    0,    0,    0,    0,    0,    0,    0,    0,    0,    0,    0,   -9,    0,    0,    0,    0,    0,    0,    0,    0,    0,
       0,    0,   -5,    0,   -9,    0,   -9,    0,    0,    0,    0,    0,    0,    0,    0,    0,    0,    0,    0,    0,    0,   -9,    0,    0,    0,    0,    0,    0,    0,    0,    0,    0,    0,    0,    0,    0,    0,    0,    0,    0,    0,    0,   -5,    0,    0,    0,   -7,  -14,   -9,   -9,   -5,   -9,    0,   -5,  -14,    0,    0,    0,   -5,    0,   -9,   -5,    0,    0,  -33,    0,    0,  -16,    0,    0,   -5,    0,    0,    0,    0,    0,    0,    0,    0,    0,    0,    0,    0,    0,    0,    0,    0,   -9,    0,    0,
       0,    0,   19,   -9,    9,    0,    9,    0,    0,    0,    0,    0,    0,    0,    0,    0,    0,    0,    0,    0,    0,   37,    0,    0,    0,    0,    0,    0,    0,    0,    0,    0,    0,    0,    0,    0,    0,    0,    7,    0,    0,   14,   -9,    0,    0,   14,   26,   -7,   26,   26,   33,    0,   -5,   28,  -23,   30,    0,    0,    0,    0,    9,    0,    0,    0,   19,    0,    0,   12,   -5,   -7,    7,    0,    5,    0,    0,   14,    0,    0,    0,    0,    0,    0,    0,    0,    0,    0,   -9,    9,    0,    0,
     -33,    0,    0,  -28,    0,    0,    0,    0,    0,    0,    0,    0,    0,    0,    0,    0,    0,    0,    0,    0,    0,    0,    0,    0,    0,    0,    0,    0,    0,    0,    0,    0,    0,    0,    0,    0,    0,    0,    0,    0,    0,    0,  -33,    0,    0,    0,    5,  -33,    0,    0,    0,    0,   -5,    0,  -51,    0,    0,    0,    0,    0,    0,    0,   -5,    0,    0,    0,  -16,    0,  -21,  -23,   -5,    0,    0,   -5,   -5,    0,    0,    0,    0,    0,    0,    0,    0,    0,    0,    0,  -28,    0,    0,    0,
       0,    0,    0,    0,    0,    0,    0,    0,    0,    0,    0,    0,    0,    0,    0,    0,    0,    0,    0,    0,    0,    0,    0,    0,    0,    0,    0,    0,    0,    0,    0,    0,    0,    0,    0,    0,    0,    0,    0,    0,    0,    0,   -9,    0,    0,    0,    0,  -47,    0,    0,    0,    0,    0,    0,  -26,    0,    0,    0,    0,    0,    0,    0,    0,    0,  -14,    0,    0,    0,   -5,    0,    0,    0,    0,    0,    0,    0,    0,    0,    0,    0,    0,    0,    0,    0,    0,    0,   -9,    0,    0,    0,
       0,    0,    0,    0,   -9,    0,   -9,    0,    0,    0,    0,    0,    0,    0,    0,    0,    0,    0,    0,    0,    0,    0,    0,    0,    0,    0,    0,    0,    0,    0,    0,    0,    0,    0,    0,    0,    0,    0,    0,    0,    0,    0,   -9,    0,    0,    0,    0,  -23,    0,    0,    0,    0,    0,    0,  -23,    0,    0,    0,    0,    0,    0,    0,    0,    0,    0,    0,    0,   -7,    0,    0,    0,    0,    0,    0,    0,    0,    0,    0,    0,    0,    0,    0,    0,    0,    0,    0,    0,   -9,    0,    0,
       0,    0,    0,    0,   14,    0,   14,    0,    0,    0,    0,    0,    0,    0,    0,    0,    0,    0,    0,    0,    0,    0,    0,    0,    0,    0,    0,    0,    0,    0,    0,    0,    0,    0,    0,    0,    0,    0,    0,    0,    0,    9,  -12,    0,    0,    0,   23,  -12,   21,   19,   28,    0,    0,   19,  -24,   23,    0,    0,    0,    0,    5,    0,    0,    0,   14,    0,    0,    7,   -5,   -7,    0,    5,    0,    0,    0,    0,    0,    0,    0,    0,    0,    0,    0,    0,    0,    0,    0,   14,    0,    0,
       0,    0,    0,    0,    0,    0,    0,    0,    0,    0,    0,    0,    0,    0,    0,    0,    0,    0,    0,    0,    0,    0,    0,    0,    0,    0,    0,    0,    0,    0,    0,    0,    0,    0,    0,    0,    0,    0,    0,    0,    0,    0,    0,    0,    0,    0,    0,    0,    0,    0,    0,    0,    0,    0,   -9,    0,    0,    0,    0,    0,    0,    0,    0,    0,  -23,    0,    0,    0,    0,    0,   -9,    0,    0,    0,    0,    0,    0,    0,    0,    0,    0,    0,    0,    0,    0,    0,    0,    0,    0,    0,
       0,    0,    0,    0,    0,    0,    0,    0,    0,    0,    0,    0,    0,    0,    0,    0,    0,    0,    0,    0,    0,    0,    0,    0,    0,    0,    0,    0,    0,    0,    0,    0,    0,    0,    0,    0,    0,    0,    0,    0,    0,    0,    0,    0,    0,    0,    0,    0,    0,    0,    0,    0,    0,    0,    0,    0,    0,    0,    0,    0,    0,    0,    0,    0,  -19,    0,    0,    0,    0,    0,    0,    0,    0,    0,    0,    0,    0,    0,    0,    0,    0,    0,    0,    0,    0,    0,    0,    0,    0,    0,
       0,    0,    0,    0,    0,    0,    0,    0,    0,    0,    0,    0,    0,    0,    0,    0,    0,    0,    0,    0,    0,    0,    0,    0,    0,    0,    0,    0,    0,    0,    0,    0,    0,    0,    0,    0,    0,    0,    0,    0,    0,    0,    0,    0,    0,    0,    0,    0,    0,    0,    0,    0,    0,    0,   -9,    0,    0,    0,    0,    0,    0,    0,    0,    0,    0,    0,    0,    0,    0,  -14,    0,    0,    0,    0,    0,    0,    0,    0,    0,    0,    0,    0,    0,  -14,    0,    0,    0,    0,    0,    0,
       0,    0,    0,    0,    0,    0,    0,    0,    0,    0,    0,    0,    0,    0,    0,    0,    0,    0,    0,    0,    0,    0,    0,    0,    0,    0,    0,    0,    0,    0,    0,    0,    0,    0,    0,    0,    0,    0,    0,    0,    0,    0,    0,    0,    0,    0,    0,    0,    0,  -28,    0,    0,    0,    0,    0,    0,    0,    0,    0,    0,    0,    0,    0,    0,  -33,    0,    0,    0,    0,    0,    0,    0,    0,    0,    0,    0,    0,    0,    0,    0,    0,    0,    0,    0,    0,    0,    0,    0,    0,    0,
       0,    0,    0,    0,    0,    0,    0,    0,    0,    0,    0,    0,    0,    0,    0,    0,    0,    0,    0,    0,    0,    0,    0,    0,    0,    0,    0,    0,    0,    0,    0,    0,    0,    0,    0,    0,    0,    0,    0,    0,    0,    0,    0,    0,    0,    0,    0,    0,    0,    0,    0,    0,    0,    0,    0,    0,    0,    0,    0,    0,    0,    0,    0,    0,  -33,    0,    0,    0,    0,    0,    0,    0,    0,    0,    0,    0,    0,    0,    0,    0,    0,    0,    0,    0,    0,    0,    0,    0,    0,    0,
       0,    0,    0,    0,  -42,    0,  -42,    0,    0,    0,    0,    0,    0,    0,    0,    0,    0,    0,    0,    0,    0,    0,    0,    0,    0,    0,    0,    0,    0,    0,    0,    0,    0,    0,    0,    0,    0,    0,    0,    0,    0,    0,    0,    0,    0,    0,    0,    0,    0,    0,    0,    0,    0,    0,    0,    0,    0,    0,    0,    0,    0,    0,    0,    0,    0,    0,    0,    0,    0,    0,    0,    0,    0,    0,    0,    0,    0,    0,    0,    0,    0,    0,    0,    0,    0,    0,    0,  -42,    0,    0,
       0,    0,    0,    0,  -33,    0,  -33,    0,    0,    0,    0,    0,    0,    0,    0,    0,    0,    0,    0,    0,    0,    0,    0,    0,    0,    0,    0,    0,    0,    0,    0,    0,    0,    0,    0,    0,    0,    0,    0,    0,    0,    0,    0,   -9,    0,    0,    0,    0,  -28,  -28,    0,    0,    0,    0,    0,    0,    0,    0,    0,    0,    0,    0,    0,    0,  -28,    0,    0,    0,    0,    0,    0,    0,    0,    0,    0,    0,   -9,    0,    0,    0,   -9,    0,    0,    0,    0,    0,    0,  -33,    0,    0,
       0,    0,    0,   14,  -33,    0,  -33,    0,    0,    0,    0,    0,    0,    0,    0,    0,    0,    0,    0,    0,    0,    0,    0,    0,    0,    0,    0,    0,    0,    0,    0,    0,    0,    0,    0,    0,    0,    0,    0,    0,    0,    0,    0,    0,    0,    0,    0,    0,  -28,  -19,    0,    0,    0,    0,    0,    0,    0,    0,    0,    0,    0,    0,    0,    0,  -28,    0,    0,    0,    0,    0,    0,    0,    0,    0,    0,    0,    0,    0,    0,    0,  -19,    0,    0,    0,    0,    0,    0,  -33,    0,    0,
       0,    0,    0,    0,    0,    0,    0,    0,    0,    0,    0,    0,    0,    0,    0,    0,    0,    0,    0,    0,    0,    0,    0,    0,    0,    0,    0,    0,    0,    0,    0,    0,    0,    0,    0,    0,    0,    0,    0,    0,    0,    0,    0,    0,    0,    0,    0,   -9,    0,  -23,    0,    0,    0,    0,    0,    0,    0,    0,    0,    0,    0,    0,    0,    0,  -19,    0,    0,    0,    0,    0,    0,    0,    0,    0,    0,    0,    0,    0,   -9,    0,    0,    0,    0,    0,    0,    0,    0,    0,    0,    0,
       0,    0,    0,   -9,    0,    0,    0,    0,    0,    0,    0,    0,    0,    0,    0,    0,    0,    0,    0,    0,    0,    0,    0,    0,    0,    0,    0,    0,    0,    0,    0,    0,    0,    0,    0,    0,    0,    0,    0,    0,    0,    0,    0,    0,    0,    0,    0,    0,    0,    0,    0,    0,    0,    0,    0,    0,    0,    0,    0,    0,    0,    0,    0,    0,    0,    0,    0,    0,    0,    0,    0,    0,    0,    0,    0,    0,    0,    0,    0,    0,    0,    0,    0,    0,    0,    0,   -9,    0,    0,    0,
       0,    0,    0,    0,    0,    0,    0,    0,    0,    0,    0,    0,    0,    0,    0,    0,    0,    0,    0,    0,    0,    0,    0,    0,    0,    0,    0,    0,    0,    0,    0,    0,    0,    0,    0,    0,    0,    0,    0,    0,    0,    0,    0,    0,    0,    0,    0,    0,    0,    0,    0,    0,    0,    0,    0,    0,    0,    0,    0,    0,    0,    0,    0,    0,    0,    0,    0,    0,    0,    0,    0,    0,    0,    0,    0,    0,    0,    0,    0,    0,   -9,    0,    0,    0,    0,    0,    0,    0,    0,    0,
       0,    0,    0,    0,    0,    0,    0,    0,    0,    0,    0,    0,    0,    0,    0,    0,    0,    0,    0,    0,    0,    0,    0,    0,    0,    0,    0,    0,    0,    0,    0,    0,    0,    0,    0,   -9,    0,    0,    0,    0,    0,    0,    0,    0,    0,    0,    0,    0,    0,    0,    0,    0,    0,    0,    0,    0,    0,    0,    0,    0,    0,    0,    0,    0,    0,    0,    0,    0,    0,    0,    0,    0,    0,    0,    0,    0,    0,    0,    0,    0,    0,    0,    0,    0,    0,    0,    0,    0,    0,    0,
       0,    0,    0,    0,    0,    0,    0,    0,    0,  -33,    0,    0,    0,    0,    0,    0,    0,    0,    0,    0,    0,    0,    0,    0,    0,    0,    5,    0,    0,    0,    0,    0,    0,    0,    0,    9,    0,    0,    0,  -65,    0,    0,    0,    0,    0,    0,  -14,    0,  -33,  -28,    0,    0,    0,    0,    0,    0,    0,    0,    0,    0,    0,    0,    9,    0,  -14,    0,   33,    0,   19,    0,    0,   14,    0,   23,   23,   14,    0,    0,    0,    0,  -19,    0,    0,    0,  -65,    0,    0,    0,    0,    0,
       0,    0,    0,    0,    0,    0,    0,    0,    0,  -42,    0,    0,    0,    0,    0,    0,    0,    0,    0,    0,    0,    0,   -5,    0,   -5,   -5,    0,    0,    0,  -23,    0,    0,    0,    0,    0,    0,    0,    0,    0,  -65,    0,    0,    0,    0,    0,    0,  -19,    9,  -33,  -28,    0,    0,    0,    0,    0,    0,   -5,    0,    0,   -5,    0,    0,   19,   19,   -9,   19,   23,    0,   28,   23,    0,   23,    0,   19,   19,    9,    0,    0,    0,    0,    0,    0,    0,    0,  -65,    0,    0,    0,    0,    0,
       0,    0,    0,    0,    0,    0,    0,    0,    0,    0,    0,    0,    0,    0,    0,    0,    0,    0,    0,    0,    0,    0,    0,    0,    0,    0,    0,    0,    0,    0,    0,    0,    0,    0,    0,    0,    0,    0,    0,    0,    0,    0,    0,    0,    0,    0,    0,    0,    0,    0,    0,    0,    0,    0,    0,    0,    0,    0,    0,    0,    0,    0,    0,    0,    0,    0,    0,    0,    0,    0,    0,    0,    0,    0,    0,    0,    0,    0,    0,    0,    0,    0,    0,    0,    0,    0,    0,    0,   30,    0,
       0,    0,    0,    0,    0,    0,    0,    0,    0,    0,    0,    0,    0,    0,    0,    0,    0,    0,    0,    0,    0,    0,    0,    0,    0,    0,    0,    0,    0,    0,    0,    0,    0,    0,    0,    0,    0,    0,    0,    0,    0,    0,    0,    0,    0,    0,    0,    0,    0,    0,    0,    0,    0,    0,    0,    0,    0,    0,    0,    0,    0,    0,    0,    0,    0,    0,    0,    0,    0,    0,    0,    0,    0,    0,    0,    0,    0,    0,    0,    0,    0,    0,    0,    0,    0,    0,    0,    0,    0,   33,
     -14,    0,    0,    0,    0,    0,    0,    0,    0,    0,    0,    0,    0,    0,    0,    0,    0,    0,    0,    0,    0,    0,    0,    0,    0,    0,    0,    0,    0,    0,    0,    0,    0,    0,    0,   -7,    0,    0,    0,    0,    0,    0,    0,    0,    0,    0,    0,    0,    0,    0,    0,    0,    0,    0,    0,    0,    0,    0,    0,    0,    0,    0,    0,    0,    0,    0,    0,    0,    0,    0,    0,    0,    0,    0,    0,    0,    0,    0,    0,    0,    0,    0,    0,    0,    0,    0,    0,    0,    0,    0,
       0,    0,    0,    0,    0,    0,    0,    0,    0,    0,    0,    0,    0,    0,    0,    0,    0,    0,    0,    0,    0,    0,    0,    0,    0,    0,    0,    0,    0,    0,    0,    0,    0,    0,    0,   -7,    0,    0,    0,    0,    0,    0,    0,    0,    0,    0,    0,    0,    0,    0,    0,    0,    0,    0,    0,    0,    0,    0,    0,    0,    0,    0,    0,    0,    0,    0,    0,    0,    0,    0,    0,    0,    0,    0,    0,    0,    0,    0,    0,    0,    0,    0,    0,    0,    0,    0,    0,    0,    0,    0,
};

static const EpdLigaturePair notoserif_14_italicLigaturePairs[] = {
    { 0x00660066, 0xFB00 }, // f f -> U+FB00
    { 0x00660069, 0xFB01 }, // f i -> U+FB01
    { 0x0066006C, 0xFB02 }, // f l -> U+FB02
    { 0xFB000069, 0xFB03 }, // U+FB00 i -> U+FB03
    { 0xFB00006C, 0xFB04 }, // U+FB00 l -> U+FB04
};

static const EpdFontData notoserif_14_italic = {
    notoserif_14_italicBitmaps,
    notoserif_14_italicGlyphs,
    notoserif_14_italicIntervals,
    20,
    40,
    32,
    -9,
    true,
    notoserif_14_italicGroups,
    13,
    nullptr,
    notoserif_14_italicKernLeftClasses,
    notoserif_14_italicKernRightClasses,
    notoserif_14_italicKernMatrix,
    551,
    557,
    103,
    90,
    notoserif_14_italicLigaturePairs,
    5,
};
