/**
 * generated by fontconvert.py
 * name: notoserif_18_bolditalic
 * size: 18
 * mode: 2-bit  compressed: true
 * Command used: fontconvert.py notoserif_18_bolditalic 18 ../builtinFonts/source/NotoSerif/NotoSerif-BoldItalic.ttf --2bit --compress --pnum --force-autohint
 */
#pragma once
#include "EpdFontData.h"

static const uint8_t notoserif_18_bolditalicBitmaps[56632] = {
    0xB5, 0x5B, 0x3D, 0x8C, 0xEC, 0xD6, 0x75, 0xE6, 0x0C, 0xAD, 0x47, 0x40, 0x03, 0x84, 0x2E, 0x6C,
    0x24, 0xD0, 0x2B, 0xE8, 0xC2, 0x95, 0x85, 0x84, 0x7D, 0x20, 0xED, 0xA5, 0x0D, 0x04, 0x2A, 0x52,
    0x44, 0x85, 0x15, 0x15, 0x2A, 0xDC, 0xA4, 0x92, 0x8B, 0x6D, 0x9D, 0x40, 0xFB, 0xC8, 0xC8, 0x45,
    0x0A, 0x17, 0x52, 0x11, 0x20, 0xAD, 0x0A, 0xA5, 0xC8, 0xAA, 0xD8, 0xC6, 0x85, 0x82, 0xBC, 0x27,
    0x52, 0x6A, 0x52, 0xB8, 0x30, 0x9D, 0xC0, 0x4E, 0xE1, 0x42, 0xB4, 0x25, 0xE4, 0x47, 0x4E, 0xF0,
    0x28, 0x8B, 0xB6, 0xB8, 0x4F, 0x24, 0x6F, 0xBE, 0xEF, 0x3B, 0x97, 0x33, 0xB3, 0xFB, 0xF6, 0x3D,
    0x29, 0x09, 0x32, 0xB3, 0x73, 0xEF, 0xEC, 0x0C, 0x79, 0x7F, 0xCE, 0xEF, 0x77, 0xCE, 0xB9, 0x13,
    0xA5, 0x3E, 0x8A, 0x32, 0xBE, 0x96, 0x28, 0xCA, 0x27, 0x7B, 0xB9, 0x11, 0xAF, 0x3E, 0xBC, 0xBA,
    0x28, 0x2A, 0x1B, 0x7B, 0xD5, 0x15, 0x5E, 0x51, 0x14, 0xE1, 0xF2, 0x08, 0x97, 0x47, 0x53, 0x78,
    0xE1, 0xF2, 0x0D, 0x2E, 0x5D, 0x1F, 0xBB, 0x3E, 0x0C, 0xB3, 0xBE, 0xF0, 0xFD, 0x0E, 0xC3, 0x64,
    0x73, 0x36, 0xE7, 0x53, 0x36, 0xE5, 0x43, 0x36, 0xE6, 0x7D, 0x3E, 0xB8, 0x2E, 0xEF, 0x5D, 0x9B,
    0xB7, 0xAE, 0xC1, 0xB3, 0xC2, 0x33, 0x72, 0x05, 0x5E, 0xD1, 0x59, 0x74, 0x82, 0x51, 0x72, 0x0E,
    0x1B, 0x9D, 0x6C, 0x06, 0xB4, 0x67, 0x5B, 0x0E, 0x7F, 0x37, 0xEE, 0x38, 0x61, 0xD2, 0xA2, 0x1D,
    0x76, 0x0D, 0x27, 0x4D, 0xAB, 0x68, 0xE7, 0xF1, 0x08, 0xED, 0x93, 0x17, 0x1F, 0xD5, 0xE7, 0x98,
    0xAC, 0xE1, 0x00, 0x69, 0x75, 0x86, 0x36, 0x2B, 0xEE, 0xEE, 0x07, 0x73, 0x1A, 0xEC, 0x59, 0x0E,
    0xF6, 0xB2, 0x7F, 0xEB, 0xC1, 0x1B, 0x11, 0x6F, 0xEA, 0x43, 0xBB, 0x19, 0x52, 0x0C, 0xB9, 0xE5,
    0x90, 0x51, 0xDC, 0x67, 0x05, 0xDA, 0x36, 0xC7, 0xE5, 0x49, 0xE3, 0xA2, 0x9B, 0x86, 0xC4, 0xE3,
    0xF7, 0xD5, 0x3E, 0xAB, 0xF6, 0x19, 0x36, 0xA7, 0xFE, 0x43, 0xDC, 0xE6, 0x3D, 0x88, 0x93, 0xCE,
    0xFF, 0xE0, 0x2B, 0x50, 0xF0, 0x63, 0xDF, 0x44, 0xAE, 0xED, 0xD1, 0x96, 0xEF, 0xF6, 0x20, 0x60,
    0xFD, 0x93, 0xEE, 0x0E, 0xA8, 0xF8, 0x6B, 0x6E, 0xA2, 0xFC, 0xAC, 0xE1, 0xAA, 0x3C, 0xDB, 0xDC,
    0x73, 0x73, 0xA9, 0x9F, 0xD1, 0x6E, 0x3D, 0x6E, 0xC5, 0xD7, 0xE1, 0x23, 0xEE, 0x3D, 0xF3, 0x63,
    0xB4, 0xA9, 0xFE, 0x00, 0xE4, 0xCC, 0x9A, 0x67, 0xB3, 0x09, 0x43, 0x3E, 0x93, 0xA2, 0xED, 0x9E,
    0x49, 0x47, 0x4C, 0xF2, 0xBD, 0x74, 0x88, 0xF2, 0xF1, 0xED, 0xBC, 0xC3, 0xD5, 0xBF, 0xC1, 0x70,
    0xB6, 0x04, 0x2C, 0xE7, 0x75, 0xB4, 0x1B, 0x8E, 0x12, 0x6D, 0x39, 0x21, 0xB6, 0xA4, 0xB6, 0xD1,
    0x27, 0x05, 0xDB, 0x64, 0x29, 0xB0, 0x5D, 0x4E, 0xD6, 0x62, 0x93, 0xD1, 0xC6, 0xDF, 0xEF, 0xB1,
    0xC1, 0x28, 0x9E, 0x93, 0x91, 0x6C, 0xD8, 0x8D, 0xF1, 0x48, 0x1E, 0xA7, 0x7D, 0x3C, 0x91, 0x7A,
    0x79, 0x17, 0x8F, 0x64, 0x83, 0x6B, 0x93, 0x91, 0xF4, 0x72, 0xCD, 0x6E, 0xC8, 0x0B, 0xF6, 0x69,
    0x4F, 0x0A, 0x95, 0x4D, 0xDA, 0x4D, 0xBB, 0x05, 0xFF, 0xE7, 0xEF, 0x0D, 0xB5, 0x07, 0x67, 0xCB,
    0xE7, 0x7E, 0x39, 0xA7, 0x5D, 0xFE, 0x93, 0x25, 0xFD, 0xC7, 0x31, 0xED, 0x53, 0x3F, 0xE4, 0x69,
    0xBF, 0xEB, 0x37, 0xBE, 0xBA, 0x93, 0x77, 0x3B, 0xF2, 0x63, 0xE2, 0x18, 0xA4, 0x3C, 0xC7, 0xC0,
    0x82, 0xDA, 0xB2, 0x62, 0x9F, 0x36, 0xB5, 0x7A, 0x17, 0xD5, 0x45, 0x86, 0x65, 0x9F, 0xA1, 0x77,
    0x0D, 0x85, 0x0D, 0x7D, 0xC5, 0x35, 0x97, 0x15, 0x04, 0x71, 0xD7, 0x46, 0xEE, 0x3D, 0x2C, 0x30,
    0xAB, 0x40, 0x23, 0x5D, 0x1E, 0x6D, 0x17, 0xEE, 0xEC, 0x96, 0x1F, 0xC5, 0x18, 0xE7, 0xBD, 0x36,
    0xEA, 0x3F, 0x13, 0x9D, 0x63, 0xDF, 0x94, 0x9D, 0xFA, 0x28, 0x27, 0x61, 0x13, 0xF4, 0x5D, 0xE8,
    0x5B, 0xFB, 0xDC, 0xD9, 0x75, 0x51, 0xC9, 0xDB, 0x36, 0xFE, 0x9B, 0x83, 0xC6, 0xF1, 0x3F, 0x2F,
    0x1C, 0xD8, 0xB2, 0xC5, 0xB0, 0x0E, 0x23, 0xE6, 0xE0, 0x54, 0xB9, 0xE0, 0x6B, 0x88, 0x5D, 0x4D,
    0x29, 0x7C, 0xCE, 0x37, 0x58, 0x4E, 0x3E, 0x6F, 0x7D, 0x37, 0x4B, 0xE6, 0xFD, 0x6F, 0xB1, 0x80,
    0xB2, 0xC7, 0xD5, 0x98, 0xA7, 0x06, 0x55, 0xC9, 0x4E, 0xF4, 0x3B, 0xAE, 0x03, 0x7D, 0x0C, 0x8A,
    0xB3, 0xDF, 0x68, 0xD9, 0x23, 0xFE, 0xA7, 0xFA, 0x2D, 0xB8, 0xCE, 0x93, 0xEB, 0xBF, 0xF2, 0xAF,
    0x61, 0x2A, 0x88, 0xC2, 0xB4, 0xD3, 0x17, 0xBE, 0x8A, 0x39, 0xF5, 0xE4, 0x46, 0xD7, 0xE3, 0x69,
    0x5A, 0x03, 0x7D, 0x39, 0x89, 0xCE, 0xB4, 0x4E, 0x36, 0xA5, 0x6D, 0x04, 0x57, 0x73, 0xEF, 0x75,
    0xCB, 0x6D, 0x40, 0x92, 0x76, 0x14, 0x06, 0x6A, 0x64, 0x54, 0x72, 0x2F, 0x9C, 0x6F, 0xE3, 0xF5,
    0x65, 0xC3, 0xEB, 0x2B, 0x4E, 0x17, 0x85, 0x26, 0xD3, 0xB5, 0x94, 0x42, 0xAA, 0xEE, 0x51, 0x53,
    0x8E, 0xFB, 0x66, 0xB8, 0xD2, 0xB8, 0x7D, 0xA3, 0x59, 0x33, 0x5E, 0x9C, 0x4E, 0x12, 0x2D, 0xC9,
    0x32, 0x17, 0x56, 0x93, 0xA4, 0xE4, 0x62, 0x90, 0x43, 0xAD, 0x98, 0x6C, 0xD9, 0xF2, 0xBE, 0x78,
    0x11, 0x81, 0x25, 0xF3, 0xE4, 0x85, 0x93, 0xC4, 0x8F, 0xEB, 0x38, 0x29, 0x57, 0x93, 0xF2, 0x9A,
    0x9D, 0x5F, 0x9B, 0xF4, 0x51, 0xCD, 0x4D, 0xEB, 0xD7, 0xAA, 0xEB, 0x9B, 0xB6, 0x5E, 0x84, 0x81,
    0x8D, 0x38, 0xFA, 0xB2, 0x39, 0x26, 0x61, 0xC9, 0xD5, 0xFE, 0xFD, 0xC1, 0xB4, 0x45, 0x7F, 0x4B,
    0x4A, 0xC3, 0x06, 0x26, 0x15, 0x75, 0xBC, 0x23, 0x63, 0xC6, 0x29, 0x89, 0x92, 0x79, 0x28, 0x0B,
    0xE8, 0xB3, 0xAF, 0xBE, 0x71, 0xE1, 0x21, 0x61, 0x54, 0x3F, 0xF7, 0xAF, 0xF7, 0xBB, 0xE8, 0x24,
    0xFE, 0x97, 0x25, 0xFA, 0x72, 0xF2, 0x4F, 0x64, 0x69, 0x7B, 0x97, 0x34, 0xF8, 0x7A, 0x20, 0x44,
    0xC4, 0xED, 0x53, 0xF3, 0x1E, 0xDF, 0xBC, 0xFC, 0xD6, 0x83, 0xF3, 0xA2, 0x86, 0x94, 0x55, 0x6A,
    0xBE, 0xC0, 0x1D, 0x9B, 0x99, 0xC2, 0x0B, 0xB6, 0xE2, 0x6F, 0x8B, 0x3B, 0xEA, 0x82, 0x72, 0x71,
    0x2F, 0xDA, 0x8C, 0x94, 0x74, 0x18, 0x9F, 0xE7, 0xA9, 0x14, 0x93, 0xF3, 0x63, 0xE9, 0xA1, 0xA2,
    0x7D, 0xD6, 0x96, 0x43, 0x3D, 0xD6, 0x43, 0xD9, 0x4B, 0x01, 0x64, 0xD1, 0x8D, 0x2D, 0x1C, 0x71,
    0xC7, 0xCF, 0x52, 0xB1, 0x8F, 0x0B, 0xA6, 0x2D, 0xE4, 0x18, 0x76, 0xD9, 0x66, 0x5C, 0x2F, 0x4B,
    0xBA, 0xF5, 0x32, 0xDA, 0xCF, 0x28, 0x8F, 0xD6, 0x6B, 0xEF, 0xFD, 0x3F, 0x0D, 0x19, 0x98, 0x0C,
    0xFD, 0xC0, 0x68, 0xBB, 0xF9, 0x74, 0xA0, 0xD8, 0xEC, 0x26, 0x8A, 0x1A, 0xC5, 0x89, 0xDA, 0x12,
    0xD9, 0x5F, 0xA2, 0x76, 0x27, 0xAA, 0x40, 0x9E, 0xD0, 0x66, 0x6A, 0xF3, 0x51, 0xCA, 0x3E, 0xA8,
    0xED, 0x29, 0xAD, 0x10, 0x00, 0x5C, 0x86, 0x16, 0x97, 0xD5, 0x5D, 0x68, 0x21, 0x87, 0x68, 0x61,
    0x2B, 0xD0, 0xE2, 0x32, 0x08, 0x28, 0x84, 0x02, 0x5E, 0x51, 0xD6, 0x7D, 0x43, 0xCF, 0x39, 0x24,
    0x33, 0x75, 0x8C, 0x4B, 0xC0, 0x72, 0x64, 0xCC, 0x2F, 0x6D, 0x89, 0xB5, 0x84, 0x89, 0xDE, 0x53,
    0x96, 0x03, 0xE2, 0x56, 0x7E, 0xEA, 0x21, 0x63, 0x3F, 0xC2, 0x6D, 0x0B, 0x05, 0xEF, 0xCF, 0x24,
    0xDB, 0xD9, 0xBC, 0x8A, 0xA0, 0x1A, 0x37, 0xAE, 0x0A, 0x45, 0x89, 0xA4, 0x89, 0x30, 0xC1, 0x8D,
    0xE4, 0x0F, 0xB8, 0x5F, 0x49, 0xE9, 0x96, 0x8D, 0xF4, 0x3B, 0xA6, 0x1C, 0x4B, 0x98, 0xA9, 0x1B,
    0x4F, 0x94, 0xFE, 0xA7, 0xB4, 0x7A, 0xBE, 0x62, 0x83, 0x0F, 0x6F, 0xD3, 0x2B, 0xC9, 0x50, 0xE1,
    0xA2, 0xBF, 0xC1, 0x5D, 0x98, 0x14, 0x43, 0x61, 0xFF, 0x18, 0x95, 0x1B, 0x5B, 0xDB, 0xB4, 0xE3,
    0xE7, 0x9B, 0xD7, 0x23, 0x6D, 0x62, 0x23, 0xBB, 0x69, 0xBA, 0xB9, 0x93, 0x2D, 0x95, 0xA1, 0x84,
    0xD9, 0x25, 0xDD, 0x67, 0x7D, 0x2C, 0xD3, 0x98, 0xCB, 0x9D, 0xE8, 0xBA, 0x44, 0xD7, 0x41, 0xBE,
    0x7F, 0x47, 0x48, 0x21, 0x8F, 0xB6, 0x23, 0x79, 0x8B, 0x81, 0x21, 0x95, 0x5C, 0xCE, 0x74, 0xD4,
    0x8E, 0x20, 0x8B, 0xF7, 0x1C, 0x62, 0xBF, 0xC2, 0x02, 0x3B, 0x78, 0x11, 0xB3, 0x83, 0x43, 0x58,
    0x1B, 0x68, 0xC0, 0xB6, 0x67, 0xCB, 0xB5, 0xF5, 0x51, 0xD0, 0x5E, 0x53, 0x5F, 0x53, 0xF8, 0x4D,
    0x3D, 0xEA, 0xDE, 0x2A, 0x32, 0x0A, 0x47, 0xD1, 0x8B, 0x1A, 0x33, 0x2A, 0xA7, 0x68, 0xB5, 0x07,
    0x76, 0xE5, 0xA1, 0xBD, 0xD5, 0xB0, 0xCD, 0x1A, 0x2A, 0xBF, 0x6B, 0x49, 0x7F, 0x4C, 0x02, 0x53,
    0x81, 0x09, 0x69, 0xA8, 0x17, 0x2E, 0x21, 0x39, 0xF6, 0xA1, 0xC1, 0xEA, 0x08, 0x29, 0x81, 0x37,
    0x66, 0xAF, 0x48, 0x82, 0xF8, 0x3E, 0x67, 0xD9, 0xBD, 0xCF, 0x36, 0x93, 0xC9, 0x78, 0x56, 0xEC,
    0x1B, 0xC9, 0xBF, 0xB8, 0x27, 0x03, 0x77, 0x0D, 0x39, 0x98, 0x15, 0xE4, 0xDE, 0x99, 0xD8, 0x37,
    0x92, 0xC0, 0x71, 0x4F, 0x2E, 0xEE, 0x1A, 0xB2, 0x31, 0x2F, 0xC8, 0xC7, 0xF2, 0xFC, 0x2D, 0x7F,
    0x1E, 0xD5, 0x42, 0x32, 0x5E, 0x6D, 0x30, 0xDD, 0x66, 0xA3, 0xCC, 0x0E, 0x9A, 0xD8, 0x7F, 0xB5,
    0xF6, 0xD2, 0x62, 0xEE, 0xD4, 0x11, 0xBD, 0xD0, 0xE5, 0x63, 0x68, 0x2C, 0x9A, 0x83, 0xAA, 0x4D,
    0xAD, 0x2D, 0xA8, 0x3E, 0x50, 0x1E, 0xBC, 0x81, 0xF6, 0x3C, 0x19, 0x09, 0x5C, 0x45, 0xD1, 0x2B,
    0x6A, 0x0D, 0xC8, 0x2C, 0x07, 0xF2, 0x6F, 0x2E, 0x5F, 0x12, 0x81, 0x8D, 0xD8, 0x66, 0x39, 0xCD,
    0x88, 0x9A, 0x6C, 0x1E, 0xDA, 0x8D, 0x04, 0x35, 0x97, 0xA4, 0x96, 0x12, 0x55, 0x18, 0x1A, 0xDC,
    0x5B, 0x37, 0x34, 0x3A, 0xEE, 0xF2, 0x74, 0x26, 0xB9, 0x64, 0x70, 0x6B, 0x53, 0x87, 0x2D, 0xA7,
    0x81, 0x23, 0xF3, 0x9C, 0x8C, 0x72, 0x08, 0x75, 0x25, 0xAF, 0x7B, 0xEA, 0x09, 0x94, 0x0A, 0x02,
    0x83, 0x7F, 0xBF, 0x8D, 0xEB, 0x0A, 0x73, 0xC0, 0xF2, 0x21, 0x74, 0x13, 0xE9, 0x5C, 0xD2, 0xDC,
    0x6A, 0x43, 0x99, 0xAF, 0x28, 0xB6, 0x62, 0x96, 0x23, 0xEC, 0x59, 0xDB, 0x9E, 0x52, 0xE3, 0xEC,
    0xAB, 0x3E, 0x7C, 0x92, 0x0F, 0xE2, 0xAC, 0xDE, 0x60, 0x85, 0xD4, 0x65, 0x90, 0x64, 0xDA, 0xD0,
    0x90, 0xFA, 0x97, 0x48, 0xD5, 0x20, 0x80, 0x84, 0x0C, 0x24, 0xA1, 0x6F, 0xAC, 0x25, 0x21, 0x69,
    0x41, 0x85, 0x2D, 0x41, 0xD7, 0x99, 0x54, 0x04, 0xD6, 0x02, 0x15, 0xA1, 0x2B, 0x69, 0xF0, 0x0C,
    0xE6, 0xB3, 0xCC, 0xC5, 0xC5, 0xE2, 0x4E, 0x6A, 0x42, 0x27, 0xE2, 0x39, 0xA9, 0xCB, 0xC3, 0xBA,
    0x64, 0x97, 0x48, 0x46, 0xE5, 0xE9, 0xCC, 0x3B, 0x6E, 0x34, 0x96, 0xED, 0x7A, 0x67, 0x63, 0x8D,
    0x47, 0x97, 0x04, 0xB7, 0x79, 0x9B, 0xE2, 0x08, 0x39, 0x9F, 0x49, 0x8E, 0x17, 0x31, 0xAA, 0x93,
    0x30, 0x95, 0xA2, 0x61, 0x2D, 0xDB, 0x54, 0xB7, 0x7A, 0xDF, 0x86, 0x4F, 0x78, 0x4D, 0xBF, 0x11,
    0xBA, 0xA7, 0x76, 0xA6, 0x3E, 0x93, 0xFB, 0x0B, 0xC6, 0xB3, 0x10, 0x43, 0x5A, 0xBC, 0x7D, 0x15,
    0x84, 0x80, 0x84, 0x41, 0x6B, 0x40, 0x2B, 0xD3, 0x08, 0xFE, 0xDB, 0x71, 0x31, 0xB5, 0xDA, 0x52,
    0x26, 0xD1, 0xC9, 0x3C, 0x1A, 0xD9, 0x53, 0xFF, 0xA7, 0xBA, 0x57, 0xA2, 0x7A, 0xDB, 0x34, 0xE5,
    0x74, 0xA1, 0x99, 0xC1, 0xC7, 0xF9, 0x0C, 0x78, 0x50, 0x77, 0xA4, 0x76, 0x93, 0xCC, 0xB0, 0x51,
    0xF1, 0x22, 0x53, 0x0C, 0x61, 0x46, 0x33, 0x5B, 0x93, 0x2C, 0x68, 0x76, 0xB4, 0x85, 0xE9, 0x0C,
    0x15, 0x73, 0xB8, 0xEE, 0x67, 0x1E, 0x77, 0x78, 0x68, 0x54, 0x7E, 0x99, 0x0F, 0x2B, 0x01, 0xCC,
    0x12, 0xB6, 0xA2, 0xE7, 0xEF, 0x91, 0xE2, 0xAF, 0x90, 0x9A, 0x33, 0x97, 0x22, 0x20, 0x57, 0xFF,
    0x8C, 0x38, 0x9B, 0xBB, 0x4A, 0xB4, 0x0C, 0xB8, 0xB2, 0x5A, 0x76, 0xC3, 0xFE, 0xF2, 0x2A, 0x7A,
    0xF4, 0x03, 0xB1, 0x09, 0xA8, 0x88, 0x8D, 0xE3, 0x0F, 0x6F, 0xB2, 0xCE, 0xCC, 0xDB, 0xCE, 0x9B,
    0xC5, 0x58, 0x5F, 0xDB, 0x31, 0xFA, 0xDC, 0xC7, 0xB7, 0x4D, 0x1A, 0x62, 0xC9, 0x57, 0x63, 0x66,
    0x8A, 0x7C, 0x75, 0x85, 0xF9, 0x2E, 0xB8, 0xAE, 0x84, 0x2A, 0x8B, 0x8F, 0xFF, 0xFC, 0xDA, 0xAD,
    0x49, 0x15, 0x6C, 0xAB, 0xC4, 0x3F, 0x1F, 0x83, 0x95, 0xA7, 0x6F, 0x90, 0xCD, 0x93, 0x25, 0x10,
    0x3C, 0x92, 0xB8, 0xC8, 0xD6, 0x98, 0xA6, 0x08, 0x85, 0xC9, 0xFC, 0x93, 0x51, 0xAB, 0xCD, 0x90,
    0x38, 0x65, 0x95, 0x80, 0xD6, 0x01, 0x3F, 0xBC, 0x7C, 0x7E, 0x7E, 0x5E, 0xDC, 0xB4, 0x72, 0x7D,
    0x71, 0x84, 0x33, 0xF8, 0xF8, 0xA1, 0x24, 0xAF, 0x58, 0xE7, 0x0D, 0xE3, 0xB6, 0xAB, 0xC7, 0xDA,
    0xF8, 0x6B, 0x0B, 0xD9, 0x63, 0x4D, 0x2E, 0x43, 0x0B, 0x2A, 0xE5, 0x13, 0xAB, 0x15, 0x90, 0x56,
    0xAB, 0xF7, 0x7E, 0x5E, 0xE3, 0x3F, 0x0D, 0x56, 0xC5, 0x94, 0xE5, 0xD4, 0x5F, 0xF8, 0xC2, 0x4D,
    0x20, 0x97, 0x1B, 0xB6, 0xBE, 0xA5, 0x5F, 0xED, 0xF2, 0x0E, 0xCD, 0xAD, 0x56, 0x7B, 0x3F, 0xB8,
    0x3A, 0x99, 0x70, 0xDA, 0xA3, 0x2D, 0xCD, 0x69, 0xBE, 0x4E, 0xA6, 0xB0, 0x34, 0x7A, 0x67, 0x8F,
    0x0E, 0xBE, 0x72, 0x65, 0x6F, 0xE2, 0xDC, 0x11, 0x44, 0xF4, 0xAB, 0x49, 0x4D, 0xC6, 0x55, 0xAB,
    0x64, 0xA1, 0x6E, 0x61, 0xE7, 0xC2, 0x9F, 0x97, 0xD1, 0xED, 0x39, 0x6C, 0x8A, 0xD8, 0x5E, 0xB7,
    0xB7, 0x16, 0x1F, 0x24, 0xB4, 0x73, 0xB7, 0xFC, 0xAB, 0xDF, 0x1A, 0xA1, 0x53, 0x8C, 0x2D, 0x26,
    0x04, 0x46, 0xFE, 0x9B, 0x3E, 0xBA, 0xB7, 0x1B, 0x12, 0x0A, 0xE3, 0x1D, 0x04, 0x39, 0x03, 0xFB,
    0xAC, 0xCD, 0xA9, 0x77, 0x65, 0xDE, 0xB8, 0x0E, 0xF2, 0x54, 0xBA, 0xAA, 0x6C, 0x61, 0x24, 0xEE,
    0xB8, 0x0A, 0x10, 0x65, 0x8A, 0xEE, 0x94, 0x85, 0x67, 0x7F, 0x8F, 0x3D, 0xEE, 0x9C, 0xD8, 0x63,
    0x2A, 0xF4, 0x75, 0x93, 0x8E, 0x5B, 0x00, 0xCA, 0xB2, 0xC9, 0xC6, 0xB8, 0x07, 0xC8, 0xEF, 0xBF,
    0x37, 0x67, 0x08, 0x91, 0x11, 0x0A, 0xD6, 0x90, 0x76, 0x1A, 0x58, 0xD0, 0x33, 0x0B, 0x26, 0x21,
    0x0D, 0xA1, 0x77, 0x32, 0x84, 0xDD, 0xCE, 0x61, 0xDB, 0xE2, 0x1C, 0x62, 0x54, 0xC6, 0x39, 0x5B,
    0xD3, 0x8C, 0x8D, 0x18, 0x59, 0x9A, 0x6B, 0x83, 0x61, 0x5E, 0x82, 0x2C, 0xB8, 0x40, 0x08, 0xF3,
    0x99, 0xE0, 0xE4, 0x14, 0x2C, 0xB6, 0xF5, 0xC9, 0x7D, 0xEB, 0xD3, 0x1F, 0xDB, 0xD8, 0xD9, 0x9F,
    0x58, 0xEF, 0xCC, 0x31, 0x45, 0xF7, 0xCC, 0xB3, 0x46, 0xA3, 0xF5, 0x71, 0x6F, 0xDE, 0x32, 0xE9,
    0xAC, 0x4F, 0x1B, 0x93, 0xCE, 0xBC, 0x50, 0xB0, 0x01, 0x4D, 0x10, 0x2F, 0xA3, 0xE5, 0x05, 0x3A,
    0x5A, 0x79, 0x1E, 0x63, 0xB0, 0xF5, 0xD0, 0x47, 0x31, 0x1C, 0xD8, 0x6F, 0x4B, 0xEE, 0x23, 0xBE,
    0xDC, 0x90, 0x2F, 0x65, 0x64, 0xFD, 0x62, 0xEE, 0x69, 0xBB, 0xF0, 0xFF, 0x01, 0x1E, 0xBA, 0x8B,
    0x2E, 0xFC, 0x02, 0xE1, 0x55, 0x28, 0x5F, 0x84, 0x90, 0xBE, 0xA0, 0xF7, 0xA1, 0xC7, 0xC9, 0xCD,
    0x95, 0x6E, 0xFC, 0xE5, 0xA9, 0x22, 0xAF, 0x21, 0xB6, 0x40, 0x4C, 0x71, 0x97, 0x99, 0x87, 0xD0,
    0x61, 0x74, 0x7E, 0x88, 0x49, 0x29, 0x5D, 0x5B, 0xFA, 0x02, 0xE9, 0x70, 0x2A, 0x95, 0xFE, 0x88,
    0x01, 0x65, 0x62, 0xCA, 0xB1, 0x33, 0xE0, 0x82, 0x2F, 0x4A, 0x59, 0x62, 0x33, 0x12, 0x30, 0x62,
    0x9C, 0x16, 0x06, 0x0D, 0xD7, 0xC0, 0x0D, 0xB1, 0x73, 0xFB, 0x8E, 0xDF, 0xC1, 0x9F, 0xF2, 0x4A,
    0xC4, 0x22, 0xC4, 0x10, 0x98, 0xAB, 0x9E, 0x20, 0x7C, 0x0F, 0x2E, 0xF8, 0x4E, 0x1E, 0x47, 0x8E,
    0xFF, 0xC3, 0x28, 0xDA, 0x23, 0x8F, 0x9D, 0x57, 0x1C, 0x5B, 0x2F, 0xB5, 0xE0, 0x5B, 0x95, 0x5A,
    0xAE, 0x66, 0x67, 0x83, 0xD1, 0x5D, 0xE0, 0xDE, 0x78, 0x31, 0x73, 0xF3, 0xA1, 0x45, 0x73, 0x2B,
    0xD2, 0x09, 0x70, 0xC5, 0xD4, 0x04, 0x64, 0x9F, 0x8F, 0x79, 0x1C, 0xBA, 0x7A, 0x7C, 0x74, 0x17,
    0x2E, 0x71, 0xD3, 0xFE, 0xF6, 0xAD, 0x8D, 0xB9, 0x23, 0x4E, 0x6B, 0xC9, 0x10, 0xD8, 0xFE, 0x8B,
    0xD9, 0x44, 0x8A, 0x62, 0xB8, 0x35, 0x89, 0x0A, 0x94, 0x37, 0xD2, 0xCB, 0x32, 0xCC, 0x2F, 0xE9,
    0x7B, 0x7A, 0x84, 0xC9, 0x30, 0x6D, 0x1E, 0xD8, 0xA8, 0xA5, 0xFA, 0x5E, 0x54, 0x22, 0x7B, 0x89,
    0x97, 0xC9, 0xF6, 0xD5, 0x7E, 0x5E, 0x7D, 0x99, 0x5D, 0xE5, 0x2E, 0x13, 0x01, 0x9D, 0x42, 0x3D,
    0xC7, 0xE0, 0xFD, 0x66, 0xAA, 0x0B, 0x29, 0xB7, 0x08, 0x35, 0x73, 0x0D, 0x21, 0x1B, 0x35, 0xDB,
    0x4E, 0x6A, 0xCB, 0x4A, 0x89, 0xFB, 0xA2, 0x60, 0x2B, 0x7E, 0x64, 0x24, 0x9C, 0x87, 0x50, 0xE0,
    0xD6, 0xDF, 0xF5, 0x0F, 0x6A, 0xB2, 0xB7, 0x0E, 0xCB, 0x67, 0xF7, 0x66, 0x14, 0xF6, 0x45, 0x6F,
    0x62, 0x5D, 0xE4, 0x2F, 0x5F, 0xA0, 0x3E, 0x61, 0x53, 0xA9, 0x85, 0xF2, 0x8C, 0x6C, 0xB8, 0x95,
    0x66, 0xED, 0x24, 0xAF, 0x91, 0x89, 0x71, 0x30, 0x63, 0x2B, 0x78, 0xA5, 0x44, 0x9D, 0x57, 0x51,
    0x80, 0x6C, 0x01, 0xB3, 0xAD, 0x8C, 0x5B, 0x3B, 0x63, 0x5C, 0x36, 0x1F, 0x02, 0x9E, 0x03, 0x3B,
    0x26, 0xC2, 0x49, 0x21, 0xB4, 0x49, 0x6B, 0xD8, 0x4C, 0x26, 0x0B, 0x4C, 0x1A, 0xFC, 0xE6, 0x05,
    0x44, 0x23, 0xF5, 0x21, 0xBD, 0xC5, 0xD5, 0x6A, 0xF1, 0xC3, 0x61, 0xF1, 0xF3, 0x0B, 0xA7, 0xBD,
    0xB6, 0xBE, 0xB3, 0xBC, 0x04, 0xE3, 0x2D, 0x7C, 0x91, 0xB4, 0x37, 0x2F, 0x3E, 0xBE, 0xB6, 0x78,
    0xC9, 0x59, 0x62, 0x7B, 0xD8, 0x2F, 0xFE, 0x78, 0x0F, 0x86, 0xBC, 0xD7, 0x55, 0xE7, 0xD3, 0xF5,
    0xC5, 0xEF, 0xE1, 0xA5, 0x85, 0xE6, 0x98, 0x75, 0x30, 0xB1, 0x97, 0xDC, 0xD7, 0x0A, 0xEC, 0x22,
    0x1B, 0x91, 0x8F, 0xEF, 0x4A, 0xA2, 0x76, 0xC6, 0x91, 0x7A, 0xB9, 0xC0, 0xE2, 0x62, 0x2A, 0x6A,
    0xAF, 0x89, 0xD0, 0x71, 0x30, 0xF3, 0xF9, 0x70, 0xA3, 0x5A, 0xE6, 0xD7, 0x6F, 0x56, 0x07, 0x77,
    0x85, 0x8E, 0x10, 0xF2, 0x27, 0xCF, 0xCF, 0xDF, 0x94, 0x66, 0xFA, 0xB1, 0x56, 0x37, 0x50, 0x01,
    0x00, 0x39, 0xD9, 0xE1, 0x32, 0xFD, 0x37, 0x6A, 0x02, 0xD0, 0x59, 0x42, 0xD4, 0x6B, 0x14, 0x4E,
    0xEE, 0x83, 0xF4, 0x36, 0x1B, 0xD9, 0x0C, 0xE8, 0x69, 0x2B, 0x75, 0xE0, 0xCC, 0x9B, 0x5A, 0x7B,
    0x01, 0xE5, 0xC7, 0x3C, 0xD0, 0x7E, 0x70, 0x81, 0xFA, 0x20, 0xEF, 0x1C, 0x54, 0xCD, 0xAF, 0x61,
    0x9E, 0x5F, 0x43, 0x3D, 0x8B, 0xF4, 0x7A, 0xF3, 0xFC, 0x36, 0x70, 0x1B, 0xED, 0xD5, 0xE2, 0x80,
    0x2D, 0x56, 0x65, 0x90, 0x30, 0x5D, 0x58, 0x18, 0xB8, 0x46, 0x0E, 0xEB, 0x9B, 0x15, 0xBF, 0x44,
    0xC1, 0x74, 0x84, 0x5C, 0xEF, 0x1C, 0x78, 0xE3, 0xD6, 0xB8, 0x73, 0x9F, 0x2F, 0xB1, 0xF8, 0x73,
    0x5A, 0x73, 0x3C, 0x63, 0x60, 0x10, 0x1B, 0x5B, 0xE0, 0x10, 0x91, 0xEC, 0xE2, 0x14, 0x0C, 0x6F,
    0x25, 0x5E, 0x89, 0x51, 0x6C, 0x8C, 0x63, 0xDC, 0xB2, 0xB6, 0x1B, 0xE2, 0x24, 0x4B, 0xC1, 0x1C,
    0x22, 0xD9, 0x3E, 0xD8, 0xF2, 0xED, 0x91, 0x7B, 0x5F, 0x7D, 0x7C, 0x88, 0x64, 0x8B, 0x87, 0xD2,
    0x3A, 0x87, 0x38, 0xF9, 0x86, 0xDC, 0x0E, 0x5D, 0x81, 0x09, 0x8F, 0x44, 0x27, 0x08, 0x8E, 0x45,
    0x71, 0x3B, 0x01, 0x66, 0xE5, 0xED, 0x56, 0xB9, 0x34, 0x79, 0x74, 0x47, 0xAD, 0x09, 0xA3, 0xC9,
    0xA2, 0x45, 0x3F, 0xA1, 0xED, 0xA2, 0xB0, 0xD8, 0xA0, 0x0A, 0xF1, 0x9A, 0x48, 0x8C, 0x42, 0xF6,
    0x2C, 0x80, 0x2F, 0x2D, 0xF9, 0x4A, 0xA8, 0x19, 0xA6, 0x9A, 0xAF, 0x4F, 0xF5, 0x88, 0x09, 0xD7,
    0x49, 0x0E, 0x03, 0x6B, 0x80, 0xBF, 0x30, 0x0F, 0xA0, 0xB9, 0x83, 0x65, 0x26, 0x79, 0x89, 0x76,
    0x4D, 0xA0, 0x26, 0x11, 0x99, 0x06, 0x90, 0xDF, 0xEF, 0x82, 0x81, 0x4D, 0x83, 0x0C, 0xB9, 0xC2,
    0x7A, 0x83, 0x6C, 0x5D, 0xD2, 0xDB, 0x46, 0xB2, 0xB0, 0x89, 0x77, 0x4C, 0x9D, 0xDF, 0x9B, 0xAC,
    0x7F, 0x6D, 0x36, 0xBD, 0xAE, 0x2D, 0x10, 0x31, 0x11, 0xC2, 0x76, 0xEE, 0x6B, 0x3D, 0xA9, 0xFF,
    0x63, 0xAD, 0x2E, 0x5B, 0x64, 0x37, 0xB1, 0xB5, 0x58, 0x2B, 0xCF, 0x27, 0x91, 0x9F, 0x1B, 0xF3,
    0x81, 0x35, 0x75, 0xE0, 0x4E, 0xB9, 0xD8, 0x26, 0x9D, 0x37, 0xD1, 0xC9, 0x30, 0x00, 0xD9, 0x94,
    0x62, 0x57, 0xE4, 0x14, 0xB3, 0x9A, 0x62, 0x16, 0xC9, 0x91, 0x99, 0xB7, 0x33, 0xC1, 0x09, 0xA2,
    0x73, 0xF0, 0x4A, 0x06, 0x74, 0xFC, 0x71, 0xF7, 0x78, 0x03, 0x1B, 0x6C, 0x54, 0x15, 0xED, 0xB9,
    0xF3, 0xB9, 0x06, 0xF6, 0x09, 0xE3, 0x4E, 0x6E, 0xDD, 0x89, 0x71, 0xE9, 0xCC, 0x74, 0xC1, 0x0C,
    0xEC, 0x76, 0x92, 0x81, 0xFD, 0xCE, 0x68, 0x06, 0x76, 0x38, 0x36, 0xB0, 0x34, 0x4D, 0xC6, 0x16,
    0x62, 0x16, 0x31, 0x46, 0x2E, 0xCB, 0xBE, 0xA0, 0xD3, 0xE2, 0x4C, 0xEF, 0xC8, 0x65, 0x91, 0x3E,
    0x33, 0x03, 0x5A, 0xC9, 0xC1, 0x25, 0xE3, 0x17, 0x4E, 0xB2, 0x19, 0xB0, 0x97, 0x7B, 0x02, 0xCE,
    0x7C, 0x37, 0x71, 0xD7, 0x71, 0xEF, 0x3B, 0xFC, 0x17, 0xDE, 0xC5, 0x1D, 0x37, 0x1D, 0x77, 0x75,
    0xBF, 0x7B, 0x97, 0xFB, 0x4E, 0xDA, 0xBA, 0xCF, 0x5E, 0x95, 0x13, 0x69, 0xCA, 0xDE, 0xC5, 0x86,
    0x9D, 0xCA, 0xE1, 0x4E, 0x78, 0xE7, 0x86, 0x49, 0xA4, 0xC8, 0x2A, 0x77, 0x39, 0x4A, 0x54, 0xF3,
    0xC2, 0x79, 0xC3, 0x68, 0x39, 0xF8, 0xD2, 0x1A, 0xA8, 0xC6, 0xAA, 0x1B, 0xD1, 0xE3, 0x04, 0xEF,
    0x0A, 0x91, 0xE4, 0x8C, 0xE6, 0x4D, 0xEF, 0xEE, 0x32, 0x18, 0x94, 0xCE, 0x28, 0xE6, 0x22, 0x32,
    0x00, 0xEE, 0x4A, 0x87, 0xDB, 0xDE, 0xBF, 0x81, 0x9D, 0xF5, 0x69, 0xE7, 0xCC, 0xD7, 0x74, 0xBB,
    0xC6, 0x05, 0x6A, 0x50, 0xF7, 0x19, 0x07, 0x1A, 0x19, 0x5A, 0x63, 0x67, 0x2A, 0x53, 0xE2, 0x43,
    0x7A, 0xAF, 0x66, 0xC6, 0xA7, 0x91, 0x9D, 0x6F, 0x2C, 0xD7, 0xF7, 0x20, 0xBC, 0x01, 0x19, 0x3A,
    0x85, 0x2F, 0xDB, 0x9E, 0x60, 0xA1, 0x50, 0x36, 0x45, 0xF9, 0x06, 0xBC, 0x61, 0xAA, 0x86, 0x6F,
    0x3A, 0xE8, 0x07, 0xD3, 0x19, 0x09, 0xB7, 0x70, 0x47, 0x65, 0x1A, 0x70, 0xFB, 0x9E, 0x20, 0x27,
    0x36, 0xAF, 0xE4, 0x71, 0x05, 0x11, 0x99, 0x2C, 0x14, 0xF2, 0xBD, 0x84, 0x0B, 0xC8, 0xE9, 0x72,
    0xB0, 0x8C, 0xA2, 0x33, 0xA9, 0xA5, 0xC4, 0xF5, 0xDA, 0x79, 0x28, 0xB7, 0x9C, 0x51, 0x5E, 0x3A,
    0x4B, 0x90, 0x98, 0xA4, 0xCF, 0x41, 0xBA, 0x88, 0x36, 0x15, 0xD3, 0xD7, 0x4A, 0xEB, 0xD3, 0xD3,
    0xF3, 0x13, 0x57, 0x1D, 0x01, 0xEA, 0xCC, 0xC4, 0x17, 0xBE, 0x40, 0xB1, 0x70, 0x45, 0xCD, 0x04,
    0x15, 0x29, 0xA4, 0xA5, 0x19, 0x51, 0x43, 0xA0, 0xB1, 0xE1, 0x51, 0x8B, 0x94, 0x0C, 0x3B, 0x97,
    0xA3, 0x54, 0xBE, 0x1C, 0x73, 0x73, 0x0E, 0xB2, 0x14, 0xF5, 0x20, 0x24, 0xE6, 0x07, 0x49, 0x0A,
    0x82, 0x00, 0x05, 0x87, 0x1D, 0x3B, 0x8C, 0x49, 0x03, 0x82, 0x91, 0x6A, 0xA1, 0xD3, 0xA2, 0x54,
    0x8C, 0x2F, 0xE1, 0xCD, 0x26, 0xB3, 0xEB, 0x83, 0xA4, 0x5D, 0xD0, 0xAA, 0x4A, 0x24, 0x98, 0x4B,
    0x1D, 0x30, 0x5B, 0xAB, 0xA8, 0xE7, 0x32, 0x98, 0x94, 0xA5, 0x32, 0xC8, 0xA6, 0x59, 0xE6, 0x53,
    0xAF, 0x15, 0x24, 0xB6, 0x48, 0xC5, 0x5B, 0xD7, 0xD1, 0x72, 0x64, 0x68, 0x59, 0xB0, 0x83, 0x0E,
    0x50, 0xDD, 0x56, 0x9E, 0xB9, 0x0A, 0xAE, 0x29, 0xF5, 0x2C, 0x8E, 0x14, 0xA5, 0x37, 0x78, 0x30,
    0x5A, 0xF7, 0x3A, 0xE7, 0x3B, 0xFF, 0xEB, 0x03, 0x36, 0x7D, 0x18, 0xDB, 0x3C, 0x1A, 0x1E, 0xBC,
    0x61, 0xF0, 0xA0, 0x37, 0x78, 0x60, 0xD6, 0xE0, 0x1A, 0xE5, 0x1F, 0x78, 0x51, 0xBE, 0xD8, 0x53,
    0xBE, 0x39, 0xA6, 0xBC, 0x3F, 0x50, 0xBE, 0xFA, 0x3C, 0xCA, 0xBB, 0x40, 0xF9, 0x69, 0x4F, 0xF9,
    0x3D, 0x03, 0xF6, 0x94, 0x57, 0x57, 0x71, 0xB5, 0x4C, 0x61, 0x8C, 0xCA, 0xD4, 0xC9, 0x88, 0x8C,
    0x52, 0x9E, 0x52, 0x20, 0x77, 0x23, 0x9F, 0xDD, 0xDE, 0xB6, 0xA4, 0x93, 0x96, 0x99, 0xAD, 0xA5,
    0xA9, 0xE3, 0x0D, 0xEE, 0xC1, 0xF7, 0x78, 0x4C, 0x8A, 0x40, 0xA6, 0xD4, 0x6C, 0x59, 0x1C, 0x0C,
    0xE3, 0xE9, 0xE5, 0x01, 0x6C, 0xAF, 0x58, 0x9B, 0x50, 0x9B, 0xD2, 0x35, 0x6C, 0x42, 0xDD, 0xC9,
    0x1B, 0xC2, 0xA8, 0xF7, 0x1D, 0x19, 0x57, 0x8F, 0xC6, 0xB8, 0x41, 0xC6, 0xD2, 0x18, 0x17, 0x0B,
    0x5E, 0x54, 0xA9, 0x40, 0xB5, 0xA2, 0x9D, 0x9D, 0xC1, 0x98, 0xD4, 0x46, 0x4E, 0xBD, 0x64, 0x81,
    0xB6, 0xBF, 0x09, 0x95, 0x2E, 0xB3, 0xFC, 0xBD, 0x19, 0xFE, 0x41, 0xD0, 0x61, 0x05, 0x4B, 0xD3,
    0x21, 0xCC, 0x21, 0xF0, 0x11, 0xE3, 0x14, 0xC0, 0xFA, 0x3E, 0xF1, 0xBD, 0x18, 0x47, 0xFC, 0xB9,
    0x4F, 0xFD, 0x52, 0x4C, 0x7E, 0x45, 0x9D, 0x9F, 0x42, 0xD2, 0x17, 0x0C, 0x2B, 0x95, 0x72, 0x67,
    0xFA, 0xBD, 0x65, 0xFB, 0xD5, 0xD5, 0x07, 0x58, 0x60, 0xE2, 0x44, 0x8C, 0x5C, 0x64, 0xDB, 0x69,
    0x85, 0x5B, 0x8B, 0xDF, 0xCB, 0xF0, 0x91, 0xAE, 0xB2, 0x50, 0x17, 0x0B, 0x00, 0xB0, 0x25, 0x7B,
    0xA8, 0x06, 0x1C, 0x98, 0x05, 0x3E, 0xCB, 0xFA, 0x8F, 0x4C, 0x6E, 0x61, 0xA1, 0x64, 0x97, 0x96,
    0x10, 0xDB, 0x7E, 0x9F, 0xE6, 0xD2, 0x52, 0x59, 0xF7, 0xCE, 0xBA, 0x36, 0x03, 0xEE, 0xFC, 0xC8,
    0x37, 0x79, 0x03, 0x91, 0x46, 0x44, 0xAE, 0xC8, 0x2F, 0x74, 0xD5, 0xB3, 0xF4, 0xD6, 0x69, 0xF1,
    0x15, 0xCA, 0xF2, 0x13, 0x0F, 0xC9, 0xB2, 0x1B, 0x6F, 0x12, 0xE9, 0x2F, 0xEE, 0xCA, 0x9A, 0x47,
    0xBA, 0x32, 0x43, 0xB5, 0xB7, 0xBC, 0xFF, 0x77, 0x7D, 0xA6, 0x5D, 0x87, 0x8E, 0x96, 0x18, 0x6F,
    0xF7, 0xBD, 0x20, 0x67, 0x69, 0x00, 0x5F, 0x16, 0x94, 0xFD, 0x49, 0x98, 0xFA, 0x2C, 0xCC, 0x7D,
    0x37, 0x4C, 0x37, 0x1D, 0xF7, 0x95, 0xAA, 0xFC, 0xB2, 0x1E, 0x83, 0xA5, 0xC6, 0x58, 0x45, 0x57,
    0x60, 0x7C, 0xD4, 0x53, 0x83, 0x68, 0xD7, 0xA9, 0x42, 0x8C, 0x23, 0x68, 0x7E, 0x68, 0xDE, 0x49,
    0x03, 0x55, 0x8B, 0x47, 0x2B, 0xE6, 0xB0, 0xCF, 0x0A, 0xA3, 0x86, 0x0B, 0xC4, 0xB9, 0x13, 0x68,
    0x35, 0x05, 0x6E, 0x0D, 0xDA, 0xC6, 0x03, 0x51, 0x63, 0x1B, 0xC2, 0x48, 0x93, 0x16, 0x69, 0x3F,
    0xBC, 0xCC, 0x54, 0xAB, 0xC6, 0x31, 0xD2, 0x52, 0x6F, 0xBC, 0x16, 0xBB, 0x99, 0xD4, 0x6D, 0x07,
    0xD1, 0x2F, 0x36, 0xEB, 0x84, 0xA8, 0x8C, 0x38, 0x3A, 0xB3, 0x88, 0xC6, 0x19, 0xA4, 0xBB, 0x63,
    0xBB, 0x37, 0xB5, 0xDE, 0x98, 0x5A, 0xC7, 0x86, 0xC3, 0x55, 0x9F, 0xAA, 0x75, 0x1C, 0x00, 0x42,
    0x98, 0xAB, 0x46, 0x35, 0x38, 0x63, 0xA2, 0x09, 0xDE, 0x68, 0x99, 0xD9, 0x07, 0x7D, 0xB4, 0xAF,
    0xDC, 0xD3, 0x7B, 0x1A, 0x37, 0x8A, 0xA3, 0x50, 0xC3, 0x52, 0xF6, 0x21, 0x2B, 0x1C, 0x32, 0x35,
    0x25, 0x7D, 0x1D, 0xD7, 0xA9, 0x54, 0x5B, 0xB5, 0x99, 0x09, 0x52, 0x0B, 0x6E, 0x82, 0xF9, 0xE1,
    0xBC, 0x33, 0x50, 0xBF, 0xA8, 0xAE, 0x12, 0x87, 0xE0, 0x16, 0x18, 0x2E, 0x56, 0xEE, 0x3B, 0xB2,
    0xA0, 0xBB, 0x11, 0x9C, 0xBA, 0x67, 0x1C, 0x2B, 0x31, 0xE5, 0x64, 0x6F, 0x31, 0xD0, 0x56, 0x58,
    0xB8, 0xDD, 0x7C, 0x06, 0x13, 0x6C, 0xD5, 0xCE, 0xF8, 0x13, 0xB8, 0xA0, 0xCE, 0xC0, 0xDF, 0x07,
    0xF0, 0xF1, 0xF2, 0xB7, 0x5D, 0xFA, 0x1E, 0xE4, 0xB8, 0xD2, 0xDB, 0xEC, 0x2F, 0xBD, 0x0E, 0x39,
    0x80, 0x04, 0x0E, 0xD7, 0xDF, 0xB1, 0xB7, 0x77, 0x22, 0xDF, 0x9A, 0x06, 0xF5, 0x50, 0xC9, 0x5F,
    0x18, 0x58, 0xFD, 0x18, 0x60, 0xED, 0x97, 0x96, 0x91, 0xFE, 0x04, 0xA6, 0xE5, 0x13, 0x6D, 0xBD,
    0xFE, 0x14, 0x06, 0xE5, 0xB3, 0xD6, 0x36, 0xD7, 0xE8, 0x15, 0x59, 0xCD, 0xAB, 0x34, 0x6A, 0xD0,
    0xFA, 0xBB, 0x10, 0x7C, 0x2D, 0x57, 0x02, 0xB0, 0x23, 0xED, 0x70, 0xA6, 0x13, 0x4C, 0xF7, 0xE6,
    0xA6, 0x17, 0x20, 0x11, 0x90, 0x0B, 0x2B, 0x78, 0xEC, 0x17, 0x1B, 0x92, 0x49, 0x60, 0x12, 0xB9,
    0x0C, 0xE6, 0x50, 0xF5, 0x17, 0x18, 0x2F, 0x95, 0x3F, 0x81, 0x65, 0x1A, 0xC9, 0x4B, 0xEF, 0x82,
    0x49, 0xB5, 0xF1, 0x57, 0x37, 0x51, 0x9A, 0x72, 0x85, 0x48, 0x60, 0xCF, 0x26, 0x8B, 0xFE, 0xC3,
    0xF2, 0xA5, 0x8A, 0x76, 0x5D, 0xF2, 0x6B, 0xBB, 0x2F, 0x6D, 0xCC, 0x36, 0xBB, 0x90, 0x18, 0x33,
    0x00, 0x44, 0xF9, 0x52, 0x29, 0x28, 0x35, 0xCE, 0x90, 0x4B, 0xA9, 0xB2, 0x18, 0x91, 0x50, 0x2E,
    0x04, 0x63, 0x5B, 0xC3, 0xB9, 0x96, 0xF4, 0x37, 0xD0, 0xBC, 0x5A, 0xFD, 0x24, 0x01, 0x28, 0x11,
    0x6A, 0x82, 0xF9, 0xB0, 0x54, 0x62, 0xBC, 0x2F, 0x68, 0x7C, 0xB7, 0x93, 0xC0, 0x46, 0x3C, 0x48,
    0x50, 0x77, 0xE6, 0x70, 0x53, 0x4B, 0x26, 0x38, 0xB3, 0x1A, 0xF7, 0x44, 0xAC, 0x8D, 0x45, 0x68,
    0xDA, 0x73, 0x3E, 0x5B, 0x29, 0x75, 0x56, 0x31, 0x35, 0x5D, 0x4E, 0xCC, 0x42, 0xDC, 0x35, 0x7B,
    0xD1, 0x1B, 0x1D, 0xDB, 0xFF, 0x19, 0x2C, 0xCE, 0xD5, 0x3D, 0x65, 0x26, 0x25, 0xDF, 0xDB, 0x92,
    0x29, 0x0A, 0xBA, 0xE8, 0x67, 0x4B, 0xD6, 0x71, 0xBD, 0xE7, 0x6F, 0xC1, 0x53, 0x24, 0xF4, 0x23,
    0x3D, 0x97, 0x9C, 0x1A, 0x7E, 0xE3, 0x08, 0xE8, 0x94, 0x1D, 0xAB, 0x22, 0x3B, 0x8A, 0x11, 0x9B,
    0xA2, 0xA4, 0xB6, 0x0C, 0x9B, 0x23, 0x12, 0x12, 0xB1, 0xE0, 0xED, 0xFA, 0x15, 0x41, 0x62, 0x14,
    0x48, 0xAC, 0x57, 0x24, 0xEB, 0x15, 0x55, 0xF4, 0x94, 0x5D, 0xE1, 0x42, 0x4A, 0x07, 0x0B, 0x1B,
    0x98, 0x02, 0x4E, 0x48, 0x48, 0xA6, 0x94, 0x7F, 0xFA, 0xC2, 0x77, 0xAC, 0xCE, 0x18, 0xCA, 0x8D,
    0x06, 0x6B, 0x04, 0x5C, 0x04, 0x5B, 0x86, 0x87, 0x62, 0xCE, 0xE4, 0xDA, 0xF1, 0x82, 0xE5, 0x86,
    0xDA, 0xEC, 0xBE, 0x40, 0xAB, 0xE0, 0xF8, 0x7A, 0x6D, 0xB6, 0x0B, 0xC9, 0xFA, 0x6B, 0x11, 0xED,
    0xD5, 0x02, 0xED, 0xF5, 0xD1, 0x6D, 0x0A, 0x09, 0x10, 0xED, 0xB3, 0xF3, 0x6B, 0x02, 0x97, 0x27,
    0x6F, 0x26, 0xD8, 0xE3, 0xF5, 0xF9, 0x0A, 0x9E, 0x67, 0x78, 0x3E, 0x8B, 0xE7, 0x49, 0x78, 0xF2,
    0xC0, 0x54, 0x1E, 0x9E, 0x19, 0x9F, 0x05, 0x9F, 0x29, 0x9F, 0x15, 0x9F, 0x64, 0x14, 0xDD, 0xBA,
    0xE5, 0x98, 0x0E, 0x0B, 0xAA, 0x6E, 0x5E, 0xD0, 0xB5, 0x7A, 0xF4, 0xB5, 0xED, 0xDE, 0x50, 0x8F,
    0x3E, 0x6C, 0xF7, 0xE6, 0x28, 0xFE, 0xEA, 0xE8, 0xFB, 0x3D, 0x1B, 0xBA, 0x22, 0x46, 0x10, 0x3C,
    0x09, 0xD0, 0x87, 0x8F, 0xAF, 0xD9, 0xCE, 0x23, 0xE5, 0xB3, 0x94, 0xE4, 0xB5, 0xA2, 0xD8, 0xEE,
    0x7D, 0x22, 0x91, 0xD7, 0x88, 0x3C, 0xE8, 0x5A, 0x1C, 0x85, 0xFF, 0x6C, 0xA3, 0xA8, 0x6C, 0xA2,
    0x53, 0xBA, 0x47, 0x75, 0x3C, 0x41, 0x4C, 0x00, 0x42, 0xC0, 0xE7, 0x64, 0xDC, 0x7B, 0xDA, 0xC0,
    0x7A, 0x27, 0x9D, 0xA3, 0xAA, 0x7E, 0xE3, 0xFC, 0xFC, 0xFC, 0x4D, 0xCA, 0xC1, 0xC0, 0xE4, 0x0C,
    0x2B, 0xB3, 0xB9, 0x62, 0x65, 0xCE, 0x50, 0x5B, 0xA5, 0xE4, 0x74, 0x79, 0x4E, 0xA4, 0x92, 0xA5,
    0xBD, 0x10, 0x66, 0x14, 0x3A, 0x6A, 0x05, 0x67, 0xF1, 0x07, 0x2B, 0x4D, 0x21, 0x49, 0x99, 0x7F,
    0xE5, 0x3E, 0x0C, 0x68, 0xB3, 0x88, 0x3C, 0xAA, 0x58, 0x36, 0x10, 0xBD, 0x58, 0x8A, 0xA8, 0xEC,
    0x43, 0x0B, 0x3C, 0x54, 0xF6, 0x94, 0x5E, 0x37, 0xC4, 0x04, 0x44, 0x53, 0xCA, 0x1A, 0x93, 0xBF,
    0xE7, 0x16, 0xA8, 0xFE, 0x90, 0x33, 0xE5, 0x5C, 0xED, 0x96, 0x70, 0xE6, 0x2B, 0x54, 0xB0, 0xB3,
    0xE3, 0x72, 0xF5, 0x72, 0x88, 0x50, 0xB3, 0xA3, 0x12, 0xAC, 0x1B, 0x33, 0x19, 0x4D, 0x06, 0xE8,
    0xE5, 0x27, 0x3C, 0xDC, 0x54, 0xDF, 0xFF, 0x16, 0xEB, 0xAF, 0xFF, 0x45, 0xBE, 0xF8, 0x71, 0x5F,
    0xFC, 0x32, 0x9C, 0x4E, 0xEE, 0x20, 0x74, 0x0C, 0x6D, 0x45, 0xB7, 0x00, 0x5F, 0xC1, 0x42, 0x27,
    0xD9, 0xA5, 0x7D, 0x15, 0x29, 0xCF, 0xD1, 0x71, 0x42, 0xCC, 0xC3, 0x0A, 0xA0, 0xEA, 0x80, 0x3C,
    0x29, 0x80, 0xE8, 0xBF, 0xA0, 0x0E, 0x61, 0x11, 0x27, 0xB7, 0xAC, 0xCC, 0x97, 0x03, 0x6F, 0x0B,
    0x6E, 0x65, 0x8B, 0x27, 0x50, 0x83, 0x51, 0xF2, 0x4D, 0x36, 0xF1, 0x8C, 0xC5, 0x80, 0xED, 0xA4,
    0x5D, 0x4A, 0x14, 0x74, 0xA3, 0x10, 0xED, 0x25, 0x69, 0x3D, 0x3E, 0xB4, 0xE1, 0x25, 0x09, 0xD1,
    0x43, 0x4E, 0x10, 0xA8, 0x53, 0x55, 0x23, 0x9D, 0x7D, 0x48, 0xDE, 0x4D, 0xFB, 0x36, 0x18, 0x03,
    0x03, 0x53, 0xBA, 0x3D, 0x20, 0xC2, 0x7A, 0x9F, 0xB0, 0x39, 0xBD, 0x0C, 0x08, 0x0E, 0x1E, 0xDF,
    0xD7, 0x2B, 0x13, 0x37, 0x07, 0x26, 0xAE, 0x9B, 0x7D, 0x34, 0x13, 0xF3, 0xF9, 0xC0, 0xC4, 0xF2,
    0x98, 0x89, 0xE3, 0xE3, 0x98, 0xA8, 0xE3, 0x4E, 0xB7, 0xAF, 0x93, 0x85, 0xB5, 0xE6, 0x9C, 0x64,
    0xC9, 0x27, 0xA2, 0xCC, 0x81, 0x87, 0x4A, 0xFA, 0x7C, 0x02, 0x92, 0x76, 0x8B, 0x21, 0x33, 0x5C,
    0xE6, 0x71, 0xD7, 0xA3, 0xC8, 0x52, 0x3C, 0x82, 0x2C, 0xA1, 0xDF, 0x98, 0xEE, 0x24, 0xFE, 0xC2,
    0x8E, 0x4A, 0xED, 0x8C, 0xD8, 0x89, 0x9D, 0x21, 0xD9, 0x56, 0xD7, 0xF3, 0x26, 0xB7, 0xEC, 0xFA,
    0x10, 0x3F, 0xBD, 0xE5, 0x3F, 0x7A, 0xE3, 0xD1, 0x79, 0x93, 0xE2, 0x70, 0xF0, 0xE1, 0xF1, 0x79,
    0x93, 0x9B, 0x90, 0xEE, 0x0A, 0x78, 0x87, 0x9B, 0x72, 0x37, 0x5D, 0xB4, 0x3F, 0xCA, 0x11, 0xCA,
    0x88, 0x87, 0x35, 0x84, 0xC9, 0x8F, 0xF1, 0x93, 0x4D, 0xF0, 0x0D, 0xBB, 0xDB, 0x60, 0x7F, 0xE4,
    0x3E, 0x3C, 0x14, 0xF8, 0x6E, 0xD9, 0x19, 0x0D, 0x95, 0x8B, 0xEB, 0x4B, 0x2F, 0x84, 0xEA, 0x3F,
    0x66, 0x3C, 0xF2, 0xC0, 0x37, 0x0C, 0x58, 0x9B, 0xB2, 0x23, 0x5F, 0x04, 0x2E, 0x80, 0xB2, 0xD8,
    0x25, 0x2A, 0x71, 0xD3, 0x02, 0x30, 0x87, 0xCF, 0xA3, 0x08, 0x2C, 0xB2, 0x4E, 0x5A, 0x8D, 0x2A,
    0xD5, 0x6B, 0x9D, 0x9D, 0xC4, 0x52, 0x0A, 0x70, 0xF9, 0xBB, 0x50, 0x2D, 0x3E, 0x1C, 0x7A, 0x59,
    0x57, 0xE1, 0x2C, 0x69, 0x9D, 0xDB, 0x0D, 0x21, 0x5E, 0xCA, 0x15, 0xD5, 0x6C, 0xFD, 0x1F, 0xB1,
    0xEE, 0x94, 0x0E, 0xDA, 0xA8, 0xB3, 0xEC, 0x81, 0x6B, 0x55, 0x2D, 0x75, 0xAD, 0xC0, 0x02, 0x78,
    0xCD, 0xB2, 0x29, 0x22, 0xE2, 0xA3, 0x12, 0x93, 0x1D, 0x26, 0xFD, 0x62, 0x76, 0xE1, 0xF8, 0x68,
    0x86, 0xE3, 0xF1, 0x4B, 0x50, 0x5F, 0xA2, 0xFF, 0x5B, 0xAA, 0x41, 0xFD, 0xE9, 0xF7, 0x69, 0x02,
    0xBC, 0x0C, 0xC1, 0xA4, 0x76, 0x20, 0x42, 0x94, 0x51, 0x50, 0xB1, 0xAB, 0x89, 0xC3, 0x5F, 0x30,
    0x73, 0x09, 0xFF, 0xC8, 0xF9, 0x9D, 0x0F, 0xC5, 0xAD, 0x54, 0x76, 0x81, 0xA6, 0x61, 0x0E, 0x06,
    0x22, 0xF5, 0x5F, 0xCA, 0xD9, 0x7A, 0x30, 0x3A, 0xF1, 0x93, 0x63, 0x5C, 0xF9, 0xFA, 0x5A, 0x77,
    0x1F, 0x82, 0xF5, 0x71, 0xA1, 0xEE, 0x5E, 0x23, 0x58, 0xF6, 0xCD, 0x05, 0xCD, 0x8D, 0x8D, 0xBF,
    0x8E, 0xCC, 0xBA, 0x7F, 0x48, 0x54, 0x38, 0x55, 0xDF, 0x19, 0xF5, 0x0D, 0x44, 0x3A, 0xF5, 0xF8,
    0xB5, 0x92, 0xC9, 0xCD, 0xD6, 0xCA, 0xCE, 0x2A, 0xBE, 0xD6, 0xFD, 0x1A, 0x26, 0xEF, 0xB3, 0xC8,
    0xFB, 0x29, 0xF6, 0x13, 0xB1, 0x01, 0x73, 0x2E, 0xF6, 0x87, 0x1B, 0xE3, 0xC7, 0xFA, 0xF6, 0xEC,
    0xFF, 0xE8, 0xDB, 0x8F, 0xFC, 0xDC, 0x12, 0x06, 0xF9, 0x43, 0x85, 0x57, 0x0A, 0x92, 0x2F, 0xFF,
    0x97, 0x2C, 0xF4, 0x34, 0x47, 0x3C, 0x0D, 0x5C, 0x92, 0x55, 0x58, 0xCB, 0x56, 0xE5, 0x06, 0x46,
    0x45, 0xC0, 0xEB, 0x84, 0x84, 0x6D, 0xCD, 0xF5, 0xBC, 0x27, 0xE0, 0xFF, 0xA3, 0x91, 0x8B, 0xA9,
    0xA7, 0xF5, 0xF0, 0x71, 0x1C, 0x0E, 0x7B, 0xFD, 0x40, 0x51, 0xB5, 0x82, 0x08, 0x25, 0x6C, 0xD3,
    0x85, 0xC1, 0x3A, 0x8D, 0xFA, 0xC8, 0x7D, 0xD7, 0x4A, 0xE9, 0x61, 0xA1, 0xB4, 0x7C, 0x6A, 0x21,
    0xA2, 0x98, 0x7A, 0xE7, 0x75, 0x0E, 0x64, 0xCF, 0x90, 0xC3, 0x49, 0x0A, 0xD8, 0xB9, 0xBD, 0xB8,
    0x50, 0x56, 0x94, 0x62, 0x09, 0x8C, 0xCC, 0x34, 0xDA, 0x9E, 0x91, 0xFC, 0x9B, 0xBE, 0x82, 0x28,
    0x2D, 0xF3, 0xDD, 0xAD, 0xA5, 0xC8, 0x7D, 0x7F, 0x7B, 0xA4, 0x86, 0xE6, 0xCC, 0x01, 0xB0, 0xCC,
    0xF6, 0xB4, 0xFF, 0xC4, 0xFB, 0xBF, 0x52, 0x54, 0xFA, 0xAB, 0x9F, 0xFB, 0x1F, 0x9F, 0x82, 0x3C,
    0x1E, 0xAB, 0xC4, 0xDE, 0x0B, 0x58, 0xDA, 0x98, 0x09, 0x4A, 0x38, 0x28, 0x40, 0x66, 0x56, 0x91,
    0xD1, 0x26, 0x2A, 0xC4, 0xC6, 0x92, 0x21, 0x9D, 0x21, 0xA9, 0xCC, 0x59, 0x99, 0xE3, 0x52, 0xD5,
    0x95, 0xFF, 0x4A, 0x28, 0xE5, 0xBE, 0xA6, 0x20, 0xA9, 0x6E, 0x0C, 0x6B, 0x73, 0xDA, 0xB5, 0x93,
    0x8B, 0xCE, 0xD7, 0xCD, 0x85, 0x5D, 0x8E, 0x5F, 0x0E, 0xFF, 0xFA, 0xD1, 0x44, 0x10, 0x46, 0xBD,
    0xD6, 0xA9, 0x38, 0xD8, 0x75, 0x2E, 0x9E, 0x59, 0xDD, 0x0E, 0x3C, 0x7C, 0xDA, 0x7F, 0xE0, 0xE9,
    0x4F, 0xEE, 0x3F, 0x47, 0x5F, 0x3A, 0xCB, 0xB7, 0x8C, 0x52, 0xA4, 0x5E, 0x64, 0xE9, 0xE2, 0xAB,
    0xF4, 0x31, 0x12, 0xDD, 0xA8, 0x48, 0x99, 0x44, 0xDF, 0xA4, 0xDF, 0xE8, 0x96, 0xCF, 0x5F, 0x92,
    0x63, 0xE1, 0xD1, 0x99, 0x14, 0x21, 0x42, 0x6F, 0xA7, 0x27, 0x4E, 0x17, 0xAB, 0xEC, 0x30, 0x34,
    0x5A, 0x84, 0x9A, 0xFA, 0x94, 0x90, 0x81, 0xDE, 0x3B, 0x61, 0xEC, 0x50, 0x88, 0x32, 0x55, 0x46,
    0x5C, 0x0E, 0x77, 0xC3, 0x96, 0xBE, 0x03, 0xED, 0xA8, 0xA4, 0xE0, 0xC0, 0x05, 0x68, 0x4C, 0x81,
    0x94, 0x79, 0xA5, 0x80, 0x8E, 0x50, 0xF1, 0x08, 0x11, 0x9C, 0xFC, 0xB4, 0x55, 0xB0, 0x79, 0xB1,
    0x48, 0x56, 0x87, 0xE0, 0xE3, 0x23, 0x19, 0x0E, 0xE0, 0x85, 0x25, 0x05, 0x94, 0xA8, 0x67, 0x87,
    0xE9, 0xD3, 0xF9, 0x87, 0x32, 0x03, 0xAD, 0x2A, 0xDE, 0xD5, 0x7E, 0x63, 0xCC, 0x7F, 0x78, 0x31,
    0x60, 0x39, 0xB8, 0x54, 0x03, 0x12, 0xB9, 0x21, 0xA2, 0x51, 0x95, 0xB3, 0x81, 0xF3, 0xD5, 0xCA,
    0xC5, 0xD1, 0x0C, 0xB5, 0xC2, 0x23, 0x9D, 0x76, 0xB4, 0xD4, 0x63, 0x70, 0xDE, 0xB1, 0x67, 0x76,
    0x2B, 0xF1, 0x07, 0x1F, 0x74, 0xAC, 0x34, 0xE6, 0x18, 0x82, 0xEA, 0xA8, 0x38, 0xEB, 0x84, 0xEF,
    0x5D, 0x40, 0x92, 0xA7, 0x97, 0xF1, 0x01, 0x05, 0xDC, 0x08, 0xE5, 0x92, 0x87, 0xA0, 0x5C, 0xFE,
    0xF0, 0x92, 0xF7, 0x28, 0x60, 0x5C, 0x51, 0xC0, 0x40, 0x28, 0x87, 0xC1, 0xB8, 0x0F, 0xA0, 0x00,
    0x16, 0x83, 0xEF, 0xC1, 0xA8, 0x03, 0x05, 0x94, 0x34, 0xE6, 0x95, 0x1D, 0xD4, 0x32, 0x5F, 0xE6,
    0x0F, 0xE7, 0xBA, 0xEC, 0x80, 0xCC, 0x7A, 0xB2, 0xCD, 0xDA, 0xFF, 0x90, 0x9F, 0x9B, 0x43, 0x0B,
    0xE9, 0xCA, 0x81, 0x24, 0x7E, 0xE1, 0x97, 0xA7, 0xFD, 0x3F, 0xDF, 0x07, 0xCD, 0xDF, 0x07, 0x68,
    0xF0, 0xFF, 0xB9, 0x5D, 0x28, 0x5E, 0xE0, 0x4D, 0xBF, 0x79, 0x5E, 0xE1, 0xD1, 0xBE, 0xEE, 0xF7,
    0x98, 0x80, 0xE2, 0xB1, 0x26, 0xCD, 0xCE, 0xE3, 0xE9, 0xD4, 0x97, 0x7F, 0x40, 0x1F, 0x50, 0xB9,
    0x9E, 0x87, 0x62, 0xD9, 0xA4, 0x90, 0xDE, 0xE2, 0xC9, 0x22, 0x36, 0x63, 0x37, 0xAF, 0xBE, 0x2F,
    0xF3, 0x32, 0x33, 0x2A, 0x18, 0x40, 0x3B, 0x79, 0x5A, 0x31, 0x03, 0xCB, 0x1A, 0xD7, 0xD0, 0xB5,
    0x62, 0x9C, 0xAA, 0xE4, 0xDD, 0xCE, 0xD7, 0xB3, 0xCA, 0xA7, 0x6B, 0x3A, 0x76, 0xB0, 0x34, 0x11,
    0x7F, 0x10, 0xC2, 0x53, 0x55, 0x75, 0x07, 0xD0, 0xA2, 0x14, 0x60, 0xF7, 0x5D, 0xFF, 0xD1, 0xEB,
    0xB1, 0x0A, 0x22, 0x85, 0x5E, 0xFB, 0xC3, 0x56, 0x4B, 0xA8, 0xDA, 0x4F, 0x47, 0xBF, 0x21, 0xB1,
    0xBA, 0xEB, 0xE1, 0x35, 0x7E, 0x09, 0x53, 0xBD, 0xA3, 0xDF, 0x44, 0xDC, 0x62, 0x46, 0x80, 0x42,
    0xD4, 0xD4, 0x54, 0x41, 0xBA, 0x98, 0x38, 0x78, 0x99, 0x2A, 0xB9, 0xAA, 0x7F, 0xBB, 0xAB, 0xFA,
    0x97, 0xAE, 0xFA, 0x77, 0x30, 0x5A, 0x13, 0xF9, 0x4C, 0x6D, 0x20, 0xCE, 0x0B, 0x7C, 0xF6, 0x74,
    0x46, 0x29, 0x45, 0x60, 0xB9, 0x5B, 0xCA, 0x25, 0xC9, 0x2B, 0x35, 0x74, 0x4C, 0x3C, 0xB9, 0xA6,
    0x54, 0xC2, 0x3B, 0x04, 0x25, 0x60, 0x6E, 0x1E, 0xF4, 0x9E, 0x2B, 0x91, 0xB7, 0xAF, 0xAC, 0x25,
    0xB6, 0x40, 0x24, 0x62, 0xD9, 0x27, 0xB4, 0x27, 0x62, 0xC5, 0x99, 0x5A, 0xD6, 0x59, 0xFB, 0x8D,
    0x8E, 0x2F, 0xEB, 0x87, 0x15, 0xFA, 0x65, 0x8B, 0x1B, 0x32, 0x1D, 0x02, 0x73, 0x3A, 0x60, 0xA5,
    0xF2, 0xC5, 0x67, 0x96, 0x31, 0x6E, 0xF7, 0x59, 0x60, 0x53, 0x84, 0x27, 0x9E, 0x0F, 0x91, 0x32,
    0x76, 0xDD, 0x95, 0x34, 0x9D, 0x4D, 0x3A, 0x96, 0xB4, 0x09, 0x40, 0xE3, 0xB2, 0x0D, 0x4D, 0x32,
    0x29, 0x72, 0x69, 0xE2, 0x49, 0xD9, 0xDD, 0x66, 0x3B, 0x92, 0x7F, 0xE8, 0x07, 0xF0, 0xFE, 0xA4,
    0x6E, 0x62, 0xCA, 0xC0, 0x33, 0x75, 0x1B, 0x77, 0xE8, 0xDF, 0xAE, 0xDB, 0x84, 0x07, 0x8C, 0xFA,
    0xBA, 0x4D, 0xB1, 0xA5, 0x57, 0xD1, 0x67, 0x60, 0xFD, 0xF7, 0xDB, 0xBA, 0x3D, 0x41, 0xFF, 0x83,
    0xA6, 0x6E, 0xEF, 0xA2, 0x7F, 0xAD, 0xA8, 0x7F, 0xC1, 0x24, 0xDB, 0x45, 0x54, 0x7F, 0xD0, 0xE9,
    0x9C, 0x50, 0x79, 0xBF, 0xD1, 0x8F, 0x23, 0x4A, 0x9D, 0xB5, 0x11, 0x70, 0x96, 0xBF, 0x54, 0x4D,
    0xCB, 0x37, 0xE1, 0xC0, 0x64, 0x78, 0xC0, 0xFC, 0x03, 0x86, 0x79, 0xF1, 0x82, 0x47, 0x9A, 0x2E,
    0x59, 0xBD, 0x74, 0x3A, 0xDC, 0x21, 0xF3, 0xF3, 0x9E, 0x62, 0xF5, 0x7F, 0xB3, 0x12, 0x51, 0xB3,
    0xCF, 0x05, 0x18, 0xC2, 0x5C, 0xB5, 0x3E, 0x0A, 0x95, 0xA4, 0x68, 0xFB, 0xA9, 0x1C, 0xF1, 0x07,
    0xCA, 0x4E, 0xBF, 0x6B, 0x47, 0x85, 0x18, 0xE7, 0xCF, 0xD4, 0xD8, 0x53, 0x2E, 0xA9, 0xA2, 0xBA,
    0x42, 0x46, 0x1A, 0xA5, 0xE9, 0xB8, 0xDC, 0xAD, 0xFD, 0xE0, 0x22, 0x65, 0x71, 0x40, 0x90, 0x86,
    0x29, 0xF6, 0x20, 0x85, 0x9B, 0x70, 0x7C, 0x64, 0xB1, 0xF4, 0xC8, 0x6C, 0x38, 0xC2, 0xF2, 0xA1,
    0x1B, 0x15, 0x5D, 0x9A, 0x90, 0x5A, 0x4B, 0x0C, 0x19, 0x58, 0x4A, 0x4D, 0x3F, 0x1A, 0x02, 0x4B,
    0x95, 0x7A, 0x2A, 0x7B, 0x65, 0x60, 0xDC, 0x6F, 0x2C, 0x55, 0xF8, 0x69, 0x7F, 0x25, 0x47, 0x78,
    0x7C, 0x2A, 0xC1, 0xCE, 0x83, 0x86, 0xB3, 0xD4, 0x56, 0xB5, 0xB5, 0x13, 0x82, 0x91, 0xC0, 0xE1,
    0xE1, 0x0A, 0x05, 0x07, 0x27, 0x17, 0x81, 0x1E, 0x81, 0x08, 0xAF, 0x87, 0xFC, 0x16, 0xAD, 0x34,
    0x7C, 0x7F, 0xBC, 0x9C, 0xD7, 0xCC, 0x0B, 0xD5, 0x43, 0x02, 0xA5, 0xE8, 0x58, 0x0F, 0x6B, 0x36,
    0xE1, 0xD4, 0xDC, 0x7A, 0xDC, 0x60, 0x63, 0xE7, 0x85, 0x1B, 0x3B, 0x2B, 0x63, 0xA5, 0x85, 0x50,
    0xDF, 0x88, 0xDE, 0xE6, 0xE7, 0x23, 0x5D, 0xF0, 0x00, 0x6B, 0x1E, 0xF7, 0x6E, 0x39, 0xBF, 0xA0,
    0xC2, 0xD2, 0xF5, 0x79, 0x43, 0x3F, 0x43, 0x64, 0xBF, 0xB4, 0x59, 0x6F, 0x39, 0x2A, 0xE4, 0xC7,
    0x5F, 0xB0, 0x90, 0xEF, 0xA6, 0x90, 0xD0, 0x11, 0x96, 0x67, 0x92, 0x28, 0x3A, 0xB5, 0x93, 0x60,
    0xDD, 0x15, 0x6C, 0x77, 0x43, 0x96, 0x21, 0xBE, 0x21, 0x87, 0x11, 0x1A, 0x3B, 0x42, 0xB6, 0xA6,
    0xFC, 0x9F, 0x02, 0x5A, 0x9F, 0xBE, 0xD0, 0x63, 0x85, 0x94, 0xBC, 0xF5, 0xC2, 0x46, 0x6E, 0x6E,
    0xD8, 0x4B, 0xF5, 0x18, 0x8B, 0x9B, 0xEF, 0xD3, 0x26, 0xFA, 0x22, 0xB1, 0x8A, 0xFD, 0x14, 0xDE,
    0xC9, 0x8F, 0x5E, 0xFD, 0xFD, 0xC9, 0x17, 0x25, 0x97, 0x06, 0x2E, 0xA7, 0x50, 0xA0, 0x74, 0x1C,
    0x68, 0x0B, 0x3F, 0x09, 0x6C, 0xD4, 0x6E, 0xFB, 0xEC, 0xFE, 0x00, 0x0E, 0x6D, 0x17, 0x66, 0x38,
    0xCA, 0xFB, 0xD0, 0x4F, 0x08, 0xD6, 0x19, 0x93, 0x5F, 0xFF, 0x0D, 0xE5, 0x5B, 0x3D, 0x8C, 0xDD,
    0xD8, 0x75, 0xBE, 0x24, 0xBD, 0x62, 0x22, 0x16, 0x4C, 0xB1, 0x86, 0x13, 0x09, 0x01, 0x5D, 0xA4,
    0xB0, 0xB5, 0xC6, 0xB2, 0x37, 0x56, 0x73, 0x09, 0x6F, 0xA1, 0xC2, 0x85, 0xB7, 0xC8, 0x3A, 0x85,
    0x0B, 0xBB, 0x70, 0x61, 0x6F, 0x8A, 0x69, 0x53, 0x68, 0x86, 0x34, 0xB6, 0x70, 0xB9, 0x6A, 0xDC,
    0x6F, 0xA1, 0x00, 0xCE, 0xA8, 0x98, 0x26, 0x85, 0x8B, 0x91, 0xC8, 0xCD, 0x02, 0x76, 0xE1, 0xC2,
    0x0C, 0x5C, 0xB8, 0x70, 0xB1, 0x04, 0x2C, 0xC4, 0x86, 0xB6, 0x10, 0x11, 0xD3, 0x30, 0x25, 0x91,
    0xBC, 0xF9, 0xBE, 0x73, 0x2E, 0xDF, 0xBC, 0xF9, 0xDB, 0x5D, 0x1B, 0xB0, 0x35, 0x91, 0xDE, 0xBC,
    0x77, 0x2F, 0xE7, 0x3D, 0xF2, 0xF2, 0xFC, 0xFF, 0xDD, 0x43, 0x13, 0x8E, 0x26, 0x5D, 0x4C, 0xE6,
    0xF8, 0x4E, 0x67, 0x13, 0x8F, 0x66, 0xF3, 0x8A, 0x1B, 0x93, 0x34, 0x26, 0x6D, 0x4C, 0x56, 0x99,
    0xBC, 0x32, 0xB6, 0x30, 0x65, 0x61, 0x6A, 0x63, 0x9C, 0x09, 0x9C, 0x89, 0xE4, 0x1D, 0x2F, 0xBC,
    0x1A, 0xD7, 0xE5, 0xB3, 0xB1, 0x13, 0xDF, 0x37, 0xEE, 0xF2, 0xD2, 0x9F, 0x70, 0x90, 0xA5, 0x06,
    0x7C, 0x72, 0x77, 0x07, 0x27, 0xBB, 0xD1, 0x64, 0xBF, 0x77, 0xB3, 0x29, 0x3F, 0xFC, 0x68, 0x09,
    0xDC, 0x9B, 0x3F, 0x9B, 0x23, 0x17, 0x7F, 0x38, 0x25, 0x4B, 0xF2, 0x61, 0x97, 0x4E, 0x29, 0x6E,
    0x31, 0xA5, 0x85, 0xB1, 0x63, 0x6A, 0x8C, 0x1D, 0x32, 0x63, 0xCA, 0x21, 0xE7, 0xB0, 0xC3, 0xE1,
    0x26, 0x87, 0x37, 0xF0, 0xC3, 0x78, 0xDB, 0x54, 0x76, 0xFE, 0x49, 0xD4, 0x64, 0x6E, 0xD8, 0xAD,
    0x62, 0xE7, 0x08, 0x0B, 0x16, 0x36, 0xD7, 0x9F, 0x16, 0xC6, 0x84, 0x1D, 0x6E, 0x16, 0xB5, 0x1C,
    0x1A, 0xC1, 0xA0, 0x5E, 0x30, 0xA4, 0xCE, 0xE1, 0xFB, 0x72, 0x71, 0x03, 0xCE, 0x6D, 0xEC, 0x48,
    0xB8, 0x33, 0x19, 0xD3, 0x41, 0x10, 0x68, 0x4D, 0x32, 0x0B, 0xBE, 0x3A, 0xF2, 0x1A, 0x13, 0x71,
    0x04, 0xCC, 0xB8, 0x88, 0x63, 0x6F, 0xC2, 0x7B, 0xEE, 0xE0, 0x7D, 0x7E, 0xC5, 0x5F, 0xC3, 0xAD,
    0x51, 0xBF, 0x89, 0xE4, 0xDA, 0x44, 0x50, 0x4E, 0x09, 0x81, 0xD9, 0xF9, 0x67, 0x8E, 0xCE, 0x3D,
    0x8C, 0x1B, 0xC2, 0xE9, 0x5A, 0xCB, 0xB1, 0xB0, 0x3F, 0xDA, 0x05, 0xBC, 0xAF, 0x02, 0xB6, 0x3B,
    0x4A, 0xE5, 0x2F, 0x19, 0xF3, 0x15, 0xF3, 0x20, 0x1B, 0xF6, 0x4D, 0xE9, 0x40, 0x9D, 0x6C, 0xA9,
    0x07, 0x93, 0x76, 0x71, 0x0F, 0xAA, 0x07, 0x83, 0xC9, 0x49, 0x46, 0x6B, 0xCC, 0x91, 0x0E, 0xF8,
    0x77, 0xD2, 0x1F, 0xD2, 0x96, 0xA7, 0xF0, 0x64, 0xB9, 0x6C, 0x2F, 0x1B, 0xF7, 0xCD, 0x3F, 0x19,
    0xF3, 0xF7, 0xBA, 0x68, 0xE2, 0xDC, 0xBB, 0x6E, 0xD2, 0xD1, 0x00, 0xFA, 0xB2, 0x35, 0x65, 0x4F,
    0x0E, 0xDA, 0xDE, 0xEC, 0x19, 0x8E, 0x13, 0xD8, 0x32, 0x84, 0x3D, 0xC6, 0x31, 0x02, 0x79, 0xB2,
    0x09, 0x7C, 0x36, 0xE9, 0x94, 0x11, 0xFE, 0x69, 0x87, 0x4B, 0xCC, 0x47, 0x42, 0x8D, 0x41, 0x70,
    0xEC, 0x84, 0x8E, 0x58, 0x49, 0xC7, 0xAB, 0xF7, 0xDC, 0x23, 0xC0, 0x1F, 0x13, 0xF7, 0x1B, 0x87,
    0xEE, 0x00, 0xD2, 0x81, 0xEF, 0x1B, 0xC2, 0xE2, 0xB8, 0x8E, 0x50, 0x23, 0x9F, 0x38, 0x5A, 0x8E,
    0xAF, 0x39, 0x07, 0xB9, 0xB0, 0x24, 0x27, 0xCF, 0xC1, 0x6D, 0xA7, 0x93, 0xAF, 0x55, 0xE6, 0xCE,
    0x7C, 0x7D, 0xC5, 0x91, 0x4E, 0x25, 0xD0, 0x00, 0xBD, 0x1F, 0x83, 0x2B, 0xF1, 0x44, 0xBA, 0xA7,
    0xBD, 0x71, 0x05, 0xE8, 0x44, 0x79, 0xCC, 0x3A, 0xB3, 0x2F, 0x23, 0xF0, 0xCF, 0x7A, 0xE1, 0xC0,
    0xA4, 0x44, 0x80, 0x4C, 0x40, 0xAE, 0x07, 0x59, 0x80, 0x0C, 0x9D, 0xAC, 0x6B, 0x4D, 0x38, 0xC4,
    0x00, 0x20, 0x02, 0xE1, 0x20, 0x04, 0x23, 0xCF, 0x05, 0xB3, 0xA3, 0x09, 0xCB, 0xB7, 0x21, 0xAE,
    0x73, 0x23, 0x54, 0x02, 0xE7, 0xBF, 0xDB, 0x13, 0xE5, 0x67, 0xE0, 0x25, 0x24, 0x8C, 0x0B, 0xE5,
    0x22, 0x18, 0x82, 0xB2, 0xE1, 0xCD, 0x43, 0x43, 0x7D, 0xC8, 0x44, 0x2B, 0x6C, 0x65, 0x4A, 0xE0,
    0xD7, 0x10, 0x1C, 0xDB, 0x99, 0x99, 0xA2, 0x4A, 0x55, 0x4A, 0x05, 0xD7, 0xD0, 0xB9, 0x0A, 0xD7,
    0x5C, 0xA3, 0x6A, 0xE4, 0x55, 0x5A, 0x95, 0x8D, 0xED, 0xEA, 0xD6, 0x76, 0x98, 0xDB, 0xBC, 0x80,
    0x76, 0x99, 0x57, 0x0E, 0x78, 0x87, 0xA0, 0x16, 0x28, 0xC1, 0x36, 0x91, 0xD8, 0x87, 0x66, 0x77,
    0x32, 0xC1, 0x62, 0x44, 0xDD, 0x44, 0x8F, 0x9A, 0xB4, 0x0D, 0x5D, 0x97, 0xB4, 0x59, 0x95, 0xBB,
    0x29, 0xEA, 0xAD, 0xA9, 0x8B, 0x25, 0x18, 0x76, 0x02, 0x68, 0x9E, 0x99, 0x6E, 0xE3, 0x9C, 0x37,
    0xCC, 0xED, 0xA3, 0x98, 0x24, 0xB8, 0x39, 0x26, 0x9C, 0x76, 0xC6, 0xB4, 0xBB, 0x70, 0x3A, 0x92,
    0x53, 0x6E, 0xEA, 0x05, 0xB7, 0xF7, 0x40, 0x8B, 0xC0, 0x1C, 0x59, 0xD0, 0x20, 0x31, 0x63, 0x5E,
    0xB8, 0x62, 0x3F, 0xEC, 0xD3, 0x06, 0x37, 0x8A, 0x21, 0x8D, 0x60, 0x43, 0xD6, 0x84, 0x64, 0x6B,
    0x0D, 0x1B, 0xA0, 0x1A, 0x93, 0xB9, 0x7B, 0x1E, 0x3B, 0xA1, 0xCF, 0x75, 0xF7, 0x90, 0x38, 0xDC,
    0xFD, 0x1C, 0xF4, 0x7D, 0x0C, 0x96, 0x64, 0x8C, 0xA7, 0x64, 0x48, 0x87, 0xA4, 0xCF, 0xFA, 0xB4,
    0xB7, 0x5D, 0xDA, 0x01, 0x59, 0x7C, 0xF8, 0x47, 0xC4, 0x3F, 0x6A, 0xB2, 0x67, 0xD9, 0xC7, 0xF1,
    0x98, 0x40, 0x2D, 0xDF, 0x0F, 0xEE, 0x98, 0xB8, 0xA3, 0xA5, 0x69, 0x40, 0xC9, 0xBA, 0x70, 0x26,
    0x5C, 0xC0, 0x91, 0x64, 0xCA, 0x06, 0xC8, 0x2A, 0x24, 0xB7, 0xEC, 0x20, 0x56, 0x75, 0x03, 0x32,
    0x96, 0x2D, 0x8E, 0x48, 0x3A, 0x88, 0x40, 0x0E, 0x38, 0x7A, 0xE0, 0x12, 0x0D, 0x40, 0x21, 0x98,
    0x48, 0xA3, 0x23, 0xA8, 0xCB, 0x3B, 0x07, 0x07, 0x07, 0x45, 0x0D, 0xA8, 0x2A, 0x19, 0x28, 0x0F,
    0x9F, 0x32, 0x58, 0x07, 0xC9, 0x18, 0x4B, 0x37, 0xD4, 0x44, 0xE8, 0x33, 0x33, 0xE3, 0x57, 0x6E,
    0xA9, 0xC0, 0x8C, 0x77, 0x61, 0x81, 0xC8, 0x0C, 0x1B, 0x90, 0x19, 0x60, 0x05, 0x99, 0x21, 0xD3,
    0xED, 0x23, 0x99, 0x6E, 0x8E, 0x32, 0xED, 0x70, 0x9A, 0x65, 0x82, 0x4C, 0xCA, 0xD4, 0xC8, 0x04,
    0x83, 0xB1, 0x83, 0x33, 0x81, 0xC4, 0x4D, 0x4C, 0x58, 0xFD, 0xF6, 0x1E, 0xD7, 0x00, 0x33, 0x30,
    0x3D, 0x20, 0x33, 0xCA, 0xC2, 0x7E, 0xAD, 0x4F, 0x7F, 0xE6, 0x86, 0xEC, 0x8F, 0x9D, 0xB0, 0x2B,
    0xFF, 0x2C, 0xCC, 0xB8, 0x01, 0x42, 0xFC, 0x98, 0x8A, 0x39, 0x5A, 0xB1, 0x64, 0xEF, 0x14, 0x26,
    0x16, 0x15, 0x86, 0xBC, 0x54, 0xB5, 0xC0, 0xB4, 0x6F, 0xF2, 0x62, 0x0F, 0x1F, 0xCC, 0x30, 0x0F,
    0xA5, 0xC9, 0x9E, 0xCD, 0x40, 0x19, 0x92, 0x40, 0xF3, 0x14, 0xF1, 0x4E, 0x9F, 0x38, 0x1C, 0x53,
    0xF9, 0x9D, 0x7B, 0x4F, 0x41, 0xB6, 0x4F, 0xBF, 0xE2, 0xF8, 0x75, 0x9A, 0x4D, 0xC1, 0x5D, 0xAA,
    0x5D, 0x63, 0x96, 0xAC, 0x0F, 0xA7, 0xB4, 0x0F, 0x07, 0xE8, 0xF8, 0x77, 0xF0, 0x31, 0x19, 0x74,
    0x10, 0x62, 0x61, 0x40, 0x7C, 0x52, 0x3E, 0x83, 0x81, 0x79, 0x60, 0x8A, 0x68, 0x08, 0x9A, 0xAC,
    0x8A, 0x9A, 0x52, 0x17, 0xE0, 0xA7, 0x30, 0xC1, 0xBF, 0xD3, 0xCA, 0xB4, 0x66, 0xC1, 0xF5, 0x90,
    0xBE, 0x80, 0xD2, 0xF5, 0x77, 0xB2, 0x46, 0x27, 0xC4, 0xB2, 0xB8, 0xFE, 0x06, 0x09, 0x04, 0x55,
    0x35, 0x79, 0xFB, 0x8F, 0x58, 0x1B, 0x98, 0xB7, 0x25, 0xD6, 0xB7, 0x8F, 0x16, 0x50, 0x87, 0xA7,
    0x0D, 0x81, 0x6B, 0xE9, 0x1D, 0x46, 0xFC, 0x82, 0x3B, 0x51, 0xE7, 0x0B, 0xBC, 0xA9, 0xFA, 0x89,
    0xA3, 0x44, 0xC8, 0x94, 0x3A, 0xBE, 0xC5, 0xFD, 0x01, 0xB0, 0x6C, 0xE6, 0x9B, 0x26, 0x8F, 0x56,
    0x2F, 0x17, 0x57, 0x28, 0x1E, 0x71, 0xA4, 0x29, 0x90, 0xA9, 0x1C, 0xF8, 0x36, 0x75, 0xCF, 0x37,
    0x8D, 0xB2, 0xF3, 0x13, 0xEE, 0xE9, 0xBA, 0x00, 0x13, 0x3E, 0x11, 0x0D, 0x94, 0xEB, 0x13, 0x4C,
    0x91, 0x1B, 0x5E, 0x77, 0x5D, 0x45, 0xC7, 0x09, 0x11, 0x8C, 0x7F, 0xE1, 0xBA, 0xDA, 0x55, 0xC9,
    0x07, 0xAE, 0x80, 0xF3, 0x4A, 0xD5, 0xBF, 0x65, 0x3A, 0xE5, 0x3A, 0x59, 0x3F, 0xB5, 0x3A, 0x3D,
    0xD1, 0x69, 0x31, 0x1B, 0x2B, 0xAC, 0x64, 0x30, 0x62, 0xD1, 0x60, 0xA7, 0x53, 0x19, 0x73, 0xB7,
    0x7C, 0x0B, 0x5A, 0xE6, 0x96, 0xB8, 0xA3, 0x95, 0x8C, 0x5B, 0x30, 0xF5, 0xF4, 0x58, 0x6E, 0x8D,
    0x56, 0xC6, 0x5C, 0xC6, 0x54, 0xC6, 0x50, 0x46, 0x63, 0xF6, 0x65, 0xDC, 0xF9, 0x0B, 0x8C, 0xFB,
    0x80, 0x0D, 0xCA, 0x17, 0x0F, 0xC4, 0x27, 0xA6, 0x01, 0x90, 0x51, 0x51, 0x6A, 0xCB, 0xBE, 0x1E,
    0xA0, 0xBA, 0x3D, 0xC8, 0xF0, 0xB7, 0xB0, 0x67, 0x86, 0x7E, 0xAE, 0xEE, 0xC4, 0xBB, 0x0F, 0x26,
    0x19, 0x5E, 0xAF, 0x7B, 0x28, 0x5A, 0x0E, 0x72, 0xC0, 0xB4, 0xE5, 0xE3, 0x15, 0x37, 0xA4, 0xBF,
    0xEE, 0x03, 0x08, 0x05, 0x2C, 0x07, 0xDE, 0x90, 0x2E, 0x5C, 0x08, 0xDA, 0xD1, 0x86, 0xFB, 0xF8,
    0xE6, 0x5F, 0xDD, 0xEF, 0x6A, 0x28, 0x09, 0xA5, 0xA9, 0x84, 0x57, 0x80, 0x34, 0xC5, 0x30, 0xE7,
    0x18, 0xA7, 0xBC, 0x8B, 0x27, 0xDB, 0x24, 0x23, 0x3E, 0x43, 0xD9, 0xC0, 0xAE, 0x35, 0x39, 0xED,
    0x59, 0x95, 0x3E, 0x9D, 0xC9, 0x3E, 0x63, 0xBE, 0x6B, 0x10, 0x25, 0xDC, 0xA7, 0x7B, 0x2D, 0xC5,
    0x0D, 0x54, 0xF4, 0x08, 0x4D, 0x89, 0xF0, 0x06, 0xB6, 0xCF, 0x64, 0x43, 0xDE, 0xD3, 0xCB, 0xC2,
    0x7F, 0x8F, 0x18, 0xF2, 0xC1, 0xF6, 0x6A, 0xD1, 0xDC, 0xD7, 0x60, 0xF3, 0x66, 0x98, 0xE0, 0x98,
    0x06, 0x0D, 0x66, 0xB7, 0x12, 0xE5, 0xC4, 0xEB, 0x7B, 0xF8, 0x40, 0x33, 0xA8, 0xEE, 0x21, 0xA5,
    0x1F, 0x2B, 0x83, 0x1A, 0xE1, 0x33, 0xCC, 0x90, 0x82, 0xE8, 0x37, 0xA3, 0xE0, 0x1B, 0xBC, 0x39,
    0x18, 0x95, 0xD5, 0x81, 0x21, 0x02, 0xA4, 0xB4, 0x57, 0x33, 0x05, 0x3C, 0x13, 0x32, 0x9D, 0x98,
    0x36, 0x42, 0x2E, 0x46, 0x12, 0x22, 0x3A, 0x0F, 0xCC, 0xB5, 0x02, 0xB8, 0xC3, 0x7B, 0x00, 0x3C,
    0xDB, 0x44, 0x7D, 0xE0, 0xE8, 0xC9, 0x92, 0x16, 0x82, 0x7E, 0xC3, 0x3D, 0xC9, 0xAA, 0x0C, 0x36,
    0xC2, 0xCD, 0x30, 0x63, 0xE2, 0xF3, 0xE6, 0xA0, 0xA7, 0x2C, 0x05, 0x63, 0xF4, 0xC1, 0x2C, 0xCA,
    0x9C, 0xD2, 0x5D, 0x22, 0x10, 0x79, 0x23, 0x9A, 0xC4, 0xB1, 0x79, 0x4B, 0x49, 0xE1, 0x6A, 0x05,
    0x08, 0xC2, 0x42, 0x67, 0x4A, 0x3F, 0x43, 0xAB, 0x45, 0x45, 0x04, 0xCC, 0xB0, 0x51, 0x38, 0xBD,
    0x60, 0x60, 0xA5, 0xF8, 0x05, 0xEF, 0x2B, 0x7E, 0x71, 0xA7, 0xF8, 0xF1, 0x1C, 0xE2, 0x07, 0xBC,
    0x04, 0x3F, 0xE0, 0x45, 0xFC, 0x82, 0x49, 0xF1, 0x13, 0x33, 0x92, 0xAC, 0x78, 0xF5, 0x8A, 0x17,
    0xF0, 0x53, 0xBC, 0x5A, 0x50, 0x5F, 0xF0, 0x0B, 0x26, 0x3A, 0xDC, 0x1C, 0x78, 0xD1, 0x32, 0xD8,
    0x26, 0xFD, 0xE5, 0x24, 0x5C, 0xCE, 0x7E, 0xD8, 0xE7, 0x1D, 0xF0, 0xB3, 0x51, 0x07, 0xDE, 0xB9,
    0x79, 0x0E, 0xEE, 0x50, 0x81, 0x08, 0x28, 0xAD, 0x0C, 0x01, 0xAD, 0x35, 0x8A, 0x0B, 0x15, 0x2F,
    0xBD, 0x51, 0x29, 0xF0, 0x10, 0x2F, 0x81, 0x03, 0xBC, 0x48, 0xBA, 0xA8, 0xE0, 0xE9, 0xB6, 0x48,
    0x04, 0x66, 0x77, 0x50, 0xCB, 0x39, 0x8C, 0x4A, 0xC1, 0x3B, 0xD0, 0x01, 0xF4, 0xBA, 0xB2, 0xE0,
    0xA2, 0xCF, 0xD3, 0x2A, 0xF5, 0xB2, 0x86, 0xBB, 0x35, 0x0A, 0x6D, 0x66, 0x46, 0x1C, 0xE4, 0x15,
    0x66, 0xE2, 0xFD, 0x6A, 0xEC, 0xB5, 0x3A, 0xED, 0xF5, 0x3E, 0xF0, 0x70, 0xE4, 0x7F, 0xF6, 0x44,
    0xF9, 0x99, 0xB9, 0x4A, 0xF8, 0x09, 0xDF, 0x27, 0xE0, 0xE0, 0xBC, 0xAC, 0x79, 0xE5, 0xAD, 0xAB,
    0x98, 0x2D, 0xD4, 0xDA, 0x82, 0x00, 0x0F, 0x20, 0x4A, 0x90, 0xC5, 0x0F, 0x26, 0x84, 0xB9, 0x99,
    0x73, 0x6F, 0xF6, 0xF1, 0xE3, 0xE6, 0x8A, 0x7B, 0x08, 0x0F, 0x25, 0x96, 0x21, 0x6B, 0x6E, 0x13,
    0x3F, 0x90, 0xA9, 0x2F, 0x79, 0x83, 0x39, 0x6A, 0x6A, 0xE1, 0x67, 0x6A, 0x9C, 0xF0, 0xD3, 0x4A,
    0x24, 0x9D, 0xB6, 0xA5, 0x84, 0x69, 0xC0, 0x3B, 0x98, 0x15, 0x6F, 0xA1, 0x03, 0x3E, 0xE4, 0x33,
    0xC9, 0x54, 0x43, 0x60, 0x49, 0x26, 0x89, 0xF5, 0xF8, 0x85, 0x98, 0x40, 0x66, 0x10, 0x7E, 0x90,
    0xF8, 0x2F, 0x1E, 0xCC, 0x99, 0x57, 0x22, 0x18, 0x36, 0xAB, 0xE9, 0x02, 0x8E, 0x46, 0x14, 0xB9,
    0xA4, 0x74, 0x53, 0x6A, 0x68, 0x59, 0x35, 0x70, 0xA4, 0xC9, 0x14, 0x4B, 0x49, 0x1B, 0xF9, 0x44,
    0x0C, 0x65, 0xE1, 0x20, 0xA2, 0x4D, 0xDD, 0x87, 0xAE, 0x29, 0xC7, 0xC8, 0x15, 0xF9, 0xF2, 0xED,
    0x85, 0x0E, 0x9A, 0x20, 0x91, 0xCC, 0x62, 0x94, 0xCD, 0x71, 0x50, 0x4E, 0x43, 0x57, 0xE9, 0x41,
    0xB9, 0x5A, 0x8B, 0xCE, 0xE7, 0x36, 0xAB, 0x2B, 0xFA, 0x8E, 0x39, 0xF7, 0x65, 0x7D, 0x1E, 0x54,
    0xFA, 0xC8, 0xD4, 0xE9, 0x1C, 0xFA, 0x39, 0x7E, 0xAC, 0x73, 0xFA, 0x8B, 0x59, 0x97, 0xFD, 0x86,
    0xCE, 0x36, 0x55, 0x73, 0x7B, 0xDF, 0x03, 0x32, 0xEA, 0x1C, 0xF5, 0x82, 0x17, 0x18, 0xAD, 0x73,
    0xDA, 0xC4, 0x1A, 0x52, 0xC2, 0xAF, 0x28, 0x4B, 0x22, 0x99, 0x97, 0xB7, 0xFF, 0x85, 0xD4, 0x50,
    0xF3, 0xAC, 0xF9, 0x07, 0x67, 0x30, 0x3C, 0x94, 0xB0, 0xBA, 0x51, 0x22, 0x41, 0x77, 0xC4, 0xD6,
    0x94, 0x46, 0xE7, 0x45, 0x89, 0x14, 0x4A, 0x74, 0x32, 0x98, 0x5D, 0x7C, 0x77, 0xE8, 0x96, 0x82,
    0xC1, 0x0C, 0xC3, 0x01, 0xE7, 0x67, 0xB3, 0x4D, 0xA1, 0xDC, 0x23, 0x56, 0x7A, 0x42, 0x78, 0x42,
    0x69, 0x1E, 0x63, 0x54, 0xE4, 0xF1, 0xBA, 0x5A, 0xBC, 0x5C, 0xF4, 0x49, 0x56, 0xF2, 0x78, 0x72,
    0x95, 0xEA, 0x66, 0x02, 0x97, 0x8B, 0x57, 0x8D, 0x35, 0xAC, 0x86, 0x95, 0x09, 0x45, 0xBA, 0xAF,
    0xD1, 0xE0, 0xBF, 0x4C, 0xF4, 0x79, 0x60, 0xAE, 0x2A, 0x1E, 0x6D, 0xAE, 0xD9, 0xD0, 0xB8, 0xA3,
    0x52, 0xA5, 0x88, 0x65, 0xB7, 0x9C, 0x20, 0xFE, 0xBA, 0x04, 0x37, 0x4C, 0x47, 0xF3, 0xEA, 0x65,
    0xA2, 0x4F, 0xD4, 0xAB, 0x5C, 0xA4, 0x48, 0x7E, 0x74, 0x4E, 0x4E, 0xCC, 0x71, 0x77, 0x32, 0x06,
    0x7E, 0x69, 0xE4, 0x66, 0xB5, 0xBB, 0xB5, 0xC2, 0x1F, 0x2C, 0x0A, 0x67, 0xD8, 0x67, 0x3A, 0x77,
    0x69, 0xE1, 0x67, 0xFD, 0x7F, 0xC8, 0x3D, 0xFE, 0xCB, 0x89, 0xEB, 0xCE, 0xD0, 0xC3, 0xCF, 0xE9,
    0x47, 0x9E, 0x1E, 0xEF, 0x9D, 0x4F, 0x8F, 0xC9, 0xD3, 0x63, 0xB8, 0x80, 0x1E, 0xD5, 0x49, 0x7A,
    0xB8, 0x83, 0x7B, 0x9F, 0x89, 0x1E, 0xD5, 0x9F, 0x4F, 0x0F, 0x2E, 0xA9, 0xB0, 0x6D, 0x1D, 0x5E,
    0x71, 0xEE, 0xD1, 0x3D, 0x85, 0x3C, 0xFA, 0x2D, 0x20, 0x51, 0x64, 0x92, 0x9F, 0xE3, 0x9A, 0xFB,
    0x7A, 0x2E, 0xF1, 0x38, 0x92, 0xC3, 0x7D, 0x1E, 0x2A, 0xF6, 0x53, 0xE6, 0xA9, 0x04, 0x86, 0x67,
    0xF3, 0xEA, 0x6A, 0xDB, 0xD5, 0xC4, 0x9B, 0xAC, 0xB2, 0xEB, 0x21, 0x72, 0xBE, 0xE5, 0xE0, 0xC7,
    0x7A, 0x15, 0x2B, 0x31, 0x93, 0x52, 0x9B, 0x89, 0x9C, 0x17, 0x50, 0xAF, 0xB9, 0x1A, 0xD1, 0xF8,
    0x43, 0xAB, 0xA1, 0x9D, 0x16, 0xB4, 0x24, 0xBA, 0xE3, 0x55, 0x0B, 0xA8, 0xD4, 0xAE, 0xDE, 0x34,
    0xF2, 0xF1, 0x78, 0xDA, 0xCA, 0x61, 0xDC, 0x48, 0x34, 0x45, 0xB2, 0xD2, 0xDD, 0xD7, 0x5A, 0x8D,
    0x81, 0xD3, 0x27, 0x71, 0x08, 0x39, 0x7E, 0xCC, 0x5D, 0x07, 0x84, 0xDF, 0xFE, 0x26, 0x7E, 0x28,
    0x99, 0xF2, 0x28, 0x19, 0x40, 0xAD, 0xF4, 0x98, 0x22, 0xBB, 0x52, 0xFE, 0x51, 0x1F, 0x0F, 0x27,
    0x5F, 0x3B, 0xF2, 0xBC, 0xE2, 0x02, 0xD9, 0x22, 0x4B, 0x96, 0x52, 0xC9, 0x23, 0xA4, 0xAC, 0xE2,
    0xE0, 0xCE, 0xD1, 0x43, 0xA3, 0xCC, 0x5C, 0x5D, 0x5D, 0xA6, 0x53, 0xEE, 0x13, 0xA1, 0x79, 0x5B,
    0xBF, 0xFC, 0x54, 0x8F, 0x17, 0x4F, 0xFE, 0x14, 0x4F, 0x41, 0x5E, 0x1E, 0xEA, 0x9A, 0x49, 0x61,
    0x98, 0xA6, 0x95, 0x92, 0x74, 0x1F, 0x4A, 0xA8, 0x24, 0xD5, 0x1E, 0xE6, 0x43, 0xC2, 0xE3, 0x7F,
    0x33, 0x6B, 0xA9, 0x48, 0x26, 0x25, 0x95, 0x16, 0xA8, 0x24, 0x14, 0xDE, 0xA8, 0xC5, 0x57, 0x95,
    0x76, 0xA5, 0x9E, 0x59, 0x8E, 0x6B, 0x0C, 0x53, 0xA9, 0xEB, 0x51, 0xC2, 0x96, 0x7A, 0x7D, 0xAE,
    0x17, 0x26, 0x1A, 0x5C, 0x05, 0xD3, 0xA6, 0x88, 0x78, 0xEA, 0x25, 0x52, 0xD5, 0x83, 0xC6, 0x32,
    0x19, 0xF7, 0xE4, 0xED, 0xB2, 0x93, 0x1C, 0x94, 0xD5, 0x49, 0x84, 0x55, 0x49, 0x2B, 0x44, 0x63,
    0x40, 0xA6, 0x53, 0xA0, 0x1C, 0x0E, 0x15, 0xCE, 0x50, 0xEF, 0x1A, 0xAD, 0xD3, 0xA3, 0x03, 0x86,
    0xC6, 0x5E, 0x0D, 0x7C, 0x91, 0xCF, 0x6D, 0x07, 0x14, 0x5E, 0xE1, 0xBC, 0xF8, 0xE5, 0xF3, 0x09,
    0xA2, 0x61, 0xDA, 0x53, 0xC4, 0x26, 0x81, 0x81, 0x60, 0x93, 0x63, 0x23, 0xEE, 0xF3, 0x87, 0xB7,
    0x77, 0x45, 0xFC, 0xBC, 0x76, 0x38, 0x2F, 0x73, 0xFE, 0xCE, 0x7E, 0xF5, 0xDC, 0xF3, 0xA2, 0xDB,
    0xA2, 0x68, 0xA4, 0xDF, 0x85, 0x77, 0x5E, 0x38, 0xDC, 0x75, 0x0A, 0x75, 0x4A, 0xD4, 0xA3, 0x66,
    0xFF, 0x2B, 0xEB, 0x95, 0x95, 0xE4, 0x60, 0xB3, 0xE4, 0x08, 0xC8, 0x9B, 0xAE, 0xBE, 0x60, 0xB8,
    0x4F, 0x62, 0xE8, 0xC2, 0x25, 0x90, 0x94, 0xC4, 0x49, 0x89, 0x3D, 0x5A, 0x64, 0x0A, 0x46, 0x6F,
    0x04, 0xCD, 0x8B, 0xC5, 0xF0, 0xD8, 0x6D, 0x94, 0x5D, 0x00, 0x90, 0xFA, 0x8D, 0xD8, 0x07, 0x95,
    0xF0, 0xEF, 0x9E, 0xC2, 0x74, 0x24, 0x9E, 0x50, 0x7F, 0x37, 0xAF, 0xC6, 0x62, 0xCD, 0x92, 0x74,
    0x10, 0xDC, 0x04, 0xB3, 0x50, 0x9D, 0x57, 0xE3, 0x97, 0x17, 0x5F, 0x27, 0x45, 0x71, 0x41, 0x43,
    0x06, 0xF1, 0x1C, 0x82, 0x87, 0x26, 0x5D, 0x9B, 0x41, 0x17, 0x1E, 0xD4, 0x93, 0xC1, 0x0C, 0xC3,
    0x0E, 0xD7, 0xB4, 0xFC, 0x4A, 0x8E, 0x4D, 0x71, 0x5D, 0x50, 0xB7, 0x62, 0x8C, 0xE4, 0xFB, 0x50,
    0x8B, 0xE4, 0xF2, 0xC5, 0x95, 0xE2, 0x2C, 0x9B, 0x46, 0xE3, 0xA1, 0x57, 0xF0, 0xBD, 0xB1, 0x13,
    0x04, 0xBC, 0xD8, 0xCB, 0xA8, 0xFC, 0x51, 0xF6, 0x28, 0x77, 0x22, 0x3F, 0x56, 0xC6, 0x23, 0xE2,
    0x21, 0x50, 0x8E, 0xE8, 0xA8, 0x6E, 0x30, 0x3B, 0xBD, 0xF9, 0xE0, 0x47, 0x7F, 0xAB, 0xC1, 0x78,
    0x9C, 0x14, 0x29, 0xC5, 0x6A, 0x83, 0x96, 0xDC, 0x20, 0xE5, 0x31, 0xCB, 0x88, 0xA6, 0x7E, 0xAF,
    0x67, 0x59, 0x66, 0x60, 0xB9, 0x61, 0x62, 0x32, 0xF4, 0xA5, 0xCB, 0xC7, 0x8B, 0x70, 0x80, 0x66,
    0xC4, 0x13, 0x32, 0xB7, 0x64, 0x8A, 0xE1, 0x14, 0x79, 0x84, 0x38, 0x74, 0x34, 0xE7, 0x51, 0xFF,
    0xF9, 0x83, 0x4B, 0x5D, 0x7D, 0x28, 0x19, 0x96, 0x8F, 0x85, 0xDC, 0xFC, 0x2D, 0x01, 0x00, 0xAA,
    0x22, 0x51, 0x1E, 0x40, 0xCA, 0x7D, 0x24, 0x25, 0xF7, 0xA1, 0xC6, 0x3A, 0x8D, 0xB4, 0x58, 0x2B,
    0x08, 0x9D, 0x46, 0x18, 0xA7, 0x3F, 0xF7, 0xDC, 0xA3, 0x0A, 0x33, 0x0B, 0xE0, 0x88, 0xEA, 0x36,
    0xB3, 0xAC, 0xC1, 0xEB, 0xA5, 0x58, 0xCB, 0x3D, 0x23, 0x1F, 0x80, 0x48, 0xB9, 0xD6, 0x29, 0xF0,
    0xF4, 0xEA, 0x04, 0xBD, 0xD6, 0xA2, 0x6D, 0x20, 0xB5, 0x1A, 0x06, 0x16, 0xAD, 0x20, 0x92, 0x91,
    0x04, 0xAC, 0x3D, 0xE0, 0xD2, 0x2F, 0xB8, 0xA7, 0x35, 0xD1, 0xAA, 0x3D, 0xF8, 0x9C, 0xEE, 0x7A,
    0x0A, 0x97, 0xC5, 0x55, 0x1F, 0x9D, 0xB6, 0x99, 0xD9, 0x4E, 0x8F, 0x36, 0xF9, 0xD1, 0x26, 0x41,
    0x32, 0xF9, 0x1A, 0x5C, 0xFD, 0xC3, 0x45, 0x29, 0x92, 0x6C, 0x5C, 0x91, 0x6E, 0x39, 0xAF, 0x55,
    0x29, 0x05, 0x9C, 0x29, 0x45, 0x57, 0xE2, 0xA0, 0x4E, 0x0E, 0x0A, 0x2D, 0xAA, 0x90, 0xB6, 0x52,
    0x58, 0x79, 0xEA, 0x0F, 0x82, 0x01, 0x04, 0xE3, 0xDE, 0x52, 0xD8, 0x93, 0xA2, 0x05, 0x83, 0x43,
    0xE0, 0x94, 0x6B, 0xA9, 0x67, 0x92, 0x6A, 0x59, 0xD4, 0x81, 0x89, 0x84, 0x30, 0x6E, 0x41, 0x92,
    0x7D, 0x29, 0xD0, 0x20, 0x78, 0xBA, 0x2F, 0xD1, 0x1F, 0x88, 0x29, 0xF5, 0xBD, 0x0A, 0x94, 0x97,
    0x0A, 0x54, 0x05, 0x90, 0x47, 0xC9, 0x1E, 0x4C, 0xF9, 0x44, 0xB6, 0x40, 0x8C, 0xEC, 0x64, 0x30,
    0xAA, 0x04, 0x90, 0xB2, 0xDF, 0x44, 0x54, 0x79, 0xB0, 0x47, 0xA2, 0x13, 0xC0, 0x23, 0xA3, 0x64,
    0x34, 0xB3, 0x17, 0xAA, 0x5D, 0xA9, 0x77, 0x37, 0x12, 0xE8, 0x61, 0xA0, 0x49, 0xE6, 0x37, 0xB6,
    0xDA, 0x32, 0xAC, 0xBE, 0x7C, 0xB3, 0x56, 0x6F, 0x7C, 0xF1, 0x26, 0xED, 0x7C, 0xCE, 0x70, 0x61,
    0xF6, 0x14, 0x68, 0x19, 0x28, 0xF3, 0x16, 0x66, 0xE1, 0xFE, 0x2F, 0xF0, 0x21, 0xFB, 0xC1, 0x6E,
    0x4A, 0x0E, 0x2B, 0xF0, 0xBE, 0xE6, 0x5E, 0xF7, 0x22, 0xDF, 0xF5, 0x20, 0xC2, 0x5D, 0x6A, 0xCA,
    0x54, 0x8E, 0x22, 0xD6, 0xE5, 0x28, 0x46, 0xBD, 0x1E, 0x45, 0xA0, 0xEB, 0x41, 0x82, 0x40, 0x37,
    0x88, 0x64, 0xBB, 0x9E, 0x91, 0x21, 0x88, 0xC2, 0x09, 0x6B, 0x52, 0xD2, 0xB1, 0x12, 0xFF, 0xC3,
    0x4A, 0xA5, 0xEC, 0xFA, 0x89, 0x34, 0x65, 0xBA, 0x19, 0x00, 0xEB, 0xC8, 0xA5, 0x45, 0x7C, 0x2B,
    0xDE, 0x0B, 0x72, 0x54, 0xFB, 0x70, 0xB1, 0x95, 0xA0, 0xFF, 0xC9, 0x1A, 0xB2, 0xBB, 0xED, 0xD2,
    0x8C, 0xAF, 0xCC, 0x28, 0x0D, 0xA2, 0xC9, 0x1C, 0x6F, 0x2D, 0xBF, 0x80, 0xB8, 0x47, 0x6B, 0xC8,
    0xDE, 0x68, 0xBE, 0x21, 0xAC, 0x76, 0x5F, 0x17, 0x2F, 0x38, 0x69, 0x89, 0xB1, 0xF5, 0x89, 0xCF,
    0x0B, 0x87, 0x7B, 0x5D, 0x5C, 0x13, 0x0A, 0x0C, 0x3B, 0x9A, 0xEA, 0x4C, 0x6A, 0x30, 0x44, 0xD5,
    0x62, 0xD1, 0xA6, 0x2F, 0xB3, 0x42, 0xFF, 0x22, 0xE2, 0x2E, 0xBE, 0x8B, 0x7B, 0xFA, 0xD2, 0x6F,
    0x91, 0xE8, 0x24, 0xBE, 0x6C, 0xF3, 0xDB, 0x27, 0xBD, 0xFE, 0x9F, 0xEB, 0xFB, 0x1B, 0xC6, 0xF4,
    0x35, 0xA2, 0x3C, 0x5B, 0xA5, 0x7D, 0xDA, 0xD9, 0x26, 0x1A, 0x9D, 0x56, 0x38, 0x6C, 0x2F, 0x6D,
    0x04, 0x4C, 0x41, 0xC3, 0x19, 0x2E, 0xBD, 0x2F, 0xAB, 0xBC, 0xC9, 0xBA, 0xBA, 0x88, 0x87, 0x3D,
    0x18, 0xF6, 0x57, 0x8D, 0x79, 0x4B, 0xB5, 0xA6, 0xDB, 0x54, 0xD5, 0x41, 0x8A, 0x6F, 0x17, 0x42,
    0x8A, 0xE5, 0x1C, 0x52, 0xC4, 0x4A, 0x8A, 0x54, 0x49, 0x61, 0x9D, 0x90, 0xE2, 0x48, 0x48, 0x11,
    0x0C, 0x42, 0x8A, 0xA8, 0x13, 0x52, 0xA4, 0x8D, 0x90, 0x22, 0x57, 0x52, 0xEC, 0x29, 0x29, 0x46,
    0x21, 0x45, 0xD4, 0x0B, 0x29, 0x92, 0x46, 0x48, 0x91, 0x15, 0x42, 0x8A, 0x1D, 0x25, 0xC5, 0x24,
    0xA4, 0x78, 0x2A, 0x1E, 0x9B, 0x81, 0x13, 0x49, 0x81, 0x3B, 0x9F, 0x21, 0x45, 0xA8, 0xA4, 0x88,
    0xB4, 0x88, 0x90, 0xFE, 0x54, 0x48, 0x91, 0x6F, 0x3C, 0xDE, 0x5A, 0x7C, 0xF6, 0xE5, 0x8C, 0xD0,
    0x17, 0x63, 0x4D, 0x5D, 0xAD, 0x7B, 0x7D, 0xA7, 0xAA, 0xF7, 0xE7, 0x96, 0xD0, 0x9C, 0x54, 0x10,
    0x36, 0x73, 0x40, 0xAF, 0x59, 0x6A, 0x06, 0x20, 0x5E, 0x8F, 0xF3, 0x8E, 0x0F, 0x76, 0xF6, 0x7C,
    0xBC, 0x73, 0xE4, 0xA3, 0x9D, 0x69, 0x7B, 0xAE, 0xA4, 0x87, 0x49, 0x58, 0x38, 0xA8, 0x75, 0x0E,
    0x7B, 0x0D, 0x1E, 0xA2, 0xAD, 0x99, 0x02, 0x44, 0x5F, 0x4C, 0x09, 0xE2, 0x6E, 0x25, 0x65, 0x80,
    0x1C, 0xB1, 0xBA, 0x93, 0x25, 0x25, 0x3D, 0xF6, 0x19, 0x70, 0xCE, 0x0A, 0x0D, 0x8F, 0xAC, 0x2F,
    0xF5, 0xED, 0xFB, 0x98, 0x49, 0x36, 0x9A, 0x9C, 0xC6, 0xCD, 0xA9, 0x7B, 0xEA, 0xE3, 0x5E, 0x5F,
    0x2B, 0xD2, 0xC6, 0x8A, 0x13, 0xD5, 0xFB, 0xB5, 0x4C, 0x58, 0x7B, 0x97, 0xE8, 0x6B, 0x0C, 0x6B,
    0xF7, 0x96, 0xDF, 0x1E, 0x7E, 0xE9, 0xE8, 0x13, 0x7B, 0x3A, 0x64, 0x6B, 0xCD, 0x44, 0xF3, 0xBB,
    0xC0, 0x69, 0xB9, 0x25, 0x1E, 0x75, 0x0B, 0x0D, 0xAE, 0x64, 0x7A, 0x19, 0xE9, 0xB3, 0x56, 0x9F,
    0xD3, 0x41, 0xAB, 0xD1, 0xD9, 0xA0, 0x8D, 0x52, 0xE9, 0x90, 0x8E, 0x5A, 0x32, 0x8C, 0x3B, 0xF3,
    0xA9, 0xAF, 0x17, 0x59, 0xBF, 0x24, 0x3B, 0x04, 0xE4, 0xAD, 0xC6, 0x24, 0xC5, 0x71, 0x33, 0x99,
    0xC9, 0x3B, 0x1F, 0xE3, 0x9B, 0x33, 0x49, 0xB9, 0x97, 0x35, 0xD7, 0x94, 0x6E, 0x64, 0x2B, 0x4A,
    0xE9, 0x06, 0x06, 0xBF, 0xB8, 0x5E, 0xDA, 0x39, 0x26, 0x89, 0x80, 0xA3, 0x41, 0x28, 0xC2, 0x8D,
    0x35, 0x66, 0x36, 0x5A, 0x8A, 0xB0, 0x7A, 0xCF, 0xFB, 0x02, 0xAE, 0xB8, 0x3B, 0x3B, 0x09, 0x8F,
    0xF2, 0x59, 0x77, 0x49, 0xE7, 0x4C, 0x92, 0xDC, 0x65, 0x47, 0xE3, 0xC3, 0x23, 0x95, 0xF2, 0x5E,
    0xC1, 0x6B, 0x4F, 0x54, 0x2D, 0x2A, 0xFD, 0xAD, 0x3A, 0xCE, 0xCE, 0x4F, 0x55, 0x2D, 0x72, 0x99,
    0xAE, 0x39, 0xF7, 0x3B, 0x4D, 0xBF, 0x26, 0x65, 0xE6, 0x74, 0x9C, 0x9A, 0xAF, 0xB9, 0xB9, 0x4F,
    0xCE, 0x3D, 0x39, 0x4C, 0xFD, 0xF4, 0xAE, 0x2F, 0xFD, 0xB6, 0x3A, 0xA9, 0x3F, 0x2C, 0x17, 0x61,
    0xAE, 0xF0, 0xC9, 0x35, 0xF4, 0x34, 0x91, 0xA6, 0x5C, 0x80, 0x45, 0x6A, 0xC0, 0xC4, 0xBF, 0x21,
    0x2C, 0x3E, 0x0F, 0x8B, 0x35, 0x0D, 0x93, 0x4A, 0xF0, 0x22, 0x50, 0xB1, 0x6D, 0x54, 0xDA, 0x66,
    0x42, 0xAE, 0xE9, 0xCB, 0xCC, 0x56, 0x7D, 0x58, 0xB9, 0x1C, 0xBC, 0x75, 0x0C, 0x83, 0xC2, 0xA5,
    0x29, 0xBB, 0xCF, 0xD9, 0x37, 0x49, 0x3B, 0xF7, 0x29, 0x7D, 0x5A, 0xE5, 0x1B, 0xBE, 0x62, 0xF7,
    0xB1, 0x10, 0x09, 0xB7, 0x29, 0x07, 0x95, 0x81, 0xDC, 0x67, 0xA5, 0xB9, 0xFA, 0x74, 0x3F, 0x77,
    0x22, 0x26, 0xB5, 0xEB, 0x12, 0x4D, 0xEA, 0x5A, 0xC9, 0x4A, 0xEE, 0xB9, 0xFF, 0xF2, 0xE5, 0x86,
    0x0F, 0x75, 0xBF, 0xC0, 0xFD, 0x70, 0x51, 0xB2, 0x7E, 0xDD, 0xE9, 0xEC, 0xF7, 0x0F, 0x5C, 0x2C,
    0x80, 0xA4, 0x2E, 0x92, 0xFB, 0x67, 0x8B, 0xF6, 0x0A, 0x02, 0x2D, 0xD9, 0x38, 0xC4, 0x6D, 0x25,
    0x0B, 0x5A, 0x73, 0x4A, 0xB9, 0x17, 0x5B, 0x20, 0x87, 0x7D, 0x29, 0x9A, 0xD4, 0x83, 0x13, 0x5F,
    0xEF, 0xFA, 0xCD, 0x5C, 0xD5, 0xD4, 0xA4, 0xCE, 0xFD, 0x8F, 0xA4, 0xBC, 0xEC, 0x4F, 0x90, 0xBC,
    0x49, 0xDA, 0x20, 0xD7, 0x1A, 0xBB, 0xE7, 0xF5, 0xC6, 0xDC, 0xAD, 0x5E, 0x61, 0xF5, 0x9F, 0xDE,
    0x3B, 0x7C, 0xD5, 0xD7, 0xEC, 0xED, 0xBA, 0x97, 0xB9, 0x8A, 0xB9, 0x5E, 0xEF, 0x0B, 0xCB, 0x5A,
    0x53, 0xD5, 0xB2, 0xB4, 0x2F, 0xA9, 0x9E, 0x89, 0xB3, 0x77, 0x97, 0x5B, 0xAD, 0x38, 0xED, 0x06,
    0x82, 0x72, 0xC8, 0x3E, 0xCF, 0x81, 0xB0, 0xB0, 0x4D, 0xAA, 0x92, 0x77, 0x91, 0x90, 0xBB, 0x4C,
    0xDF, 0x70, 0x00, 0x30, 0x34, 0x22, 0xC2, 0xBF, 0x00, 0x25, 0x9D, 0xC9, 0x03, 0x44, 0x04, 0x18,
    0xF1, 0x25, 0xFB, 0x50, 0x65, 0x44, 0x70, 0x53, 0xF6, 0x2C, 0x11, 0xD8, 0x21, 0xAA, 0xF9, 0x53,
    0x8A, 0x93, 0x33, 0x77, 0xDF, 0x2E, 0xD0, 0x9E, 0x21, 0x67, 0x4B, 0x54, 0x95, 0x2C, 0xC7, 0x42,
    0xAD, 0xB9, 0xA1, 0xD6, 0x9A, 0x6A, 0xA9, 0x35, 0xCD, 0x5B, 0x31, 0xD0, 0xA5, 0x81, 0x56, 0x99,
    0xA4, 0x89, 0x8C, 0xD5, 0xCA, 0xCA, 0x2D, 0x46, 0x8C, 0x13, 0xEB, 0x80, 0x49, 0x4B, 0x8B, 0x78,
    0x89, 0xA0, 0xCD, 0xC7, 0xB8, 0xF1, 0x5A, 0x13, 0xCA, 0x9E, 0x4B, 0xC4, 0x6E, 0x62, 0x93, 0x54,
    0xBB, 0xC3, 0xB9, 0xC6, 0xFF, 0xB9, 0x42, 0xAB, 0x19, 0x81, 0xA6, 0x07, 0xC9, 0x14, 0xEB, 0x38,
    0x1D, 0xEF, 0xBA, 0x9A, 0x4B, 0x26, 0xB7, 0xFF, 0xA1, 0xC2, 0x2B, 0x86, 0x5C, 0x74, 0x31, 0x0F,
    0xB5, 0x48, 0xC2, 0xF1, 0xF5, 0x40, 0x0C, 0xD4, 0xE3, 0x5E, 0xA4, 0xA5, 0xDD, 0xD4, 0x4E, 0x2F,
    0x0F, 0xFC, 0xBB, 0x4F, 0xB0, 0xAA, 0x74, 0xEE, 0x37, 0x35, 0x9B, 0xF7, 0xDD, 0xE1, 0x33, 0x57,
    0x73, 0x51, 0x18, 0x6B, 0xDC, 0x82, 0x15, 0x3D, 0x98, 0x4D, 0xC0, 0x01, 0x4B, 0x92, 0x2C, 0x09,
    0x1F, 0x08, 0x28, 0xD2, 0x39, 0x65, 0x1B, 0x25, 0x56, 0x05, 0x34, 0x09, 0xCC, 0x21, 0x4B, 0x4D,
    0xA9, 0xAB, 0xA5, 0xF1, 0x3E, 0xA3, 0x6C, 0x01, 0x9A, 0x9C, 0x56, 0x5C, 0xA1, 0x32, 0x1E, 0x2E,
    0x99, 0x6B, 0x9D, 0x25, 0xA0, 0x28, 0x00, 0xDD, 0x7B, 0x08, 0x2E, 0x1A, 0xC0, 0x07, 0xD7, 0x92,
    0x34, 0x80, 0x30, 0x82, 0xE7, 0xAE, 0x68, 0xA8, 0x6B, 0x37, 0x4B, 0x71, 0x28, 0x11, 0xBA, 0xE5,
    0x0B, 0x13, 0x0B, 0x56, 0xBB, 0xD8, 0xE3, 0x5F, 0x76, 0xF0, 0xA4, 0xAE, 0xC9, 0x26, 0x69, 0xF0,
    0x07, 0x22, 0x69, 0x07, 0x4A, 0xBC, 0xB2, 0x5D, 0xA4, 0x1C, 0xB5, 0xDA, 0xB8, 0x0E, 0xFD, 0x7A,
    0x04, 0xDB, 0x12, 0xF0, 0x94, 0x98, 0x7E, 0x23, 0xC7, 0xEA, 0x1F, 0x2F, 0xFE, 0xF1, 0x02, 0xA9,
    0x00, 0x26, 0xD5, 0x5A, 0x98, 0xCF, 0xA6, 0x0D, 0xBB, 0x16, 0x6F, 0x88, 0xE2, 0x43, 0xAA, 0xB7,
    0xD4, 0xF3, 0x25, 0x27, 0xDD, 0x2A, 0xE8, 0x97, 0xDD, 0xC9, 0x82, 0xFE, 0x49, 0xF3, 0x7A, 0xFD,
    0x34, 0xF4, 0x13, 0x30, 0xCB, 0x09, 0x7D, 0x3E, 0x25, 0x70, 0x8F, 0x8C, 0xD1, 0xEA, 0x3E, 0x9F,
    0x20, 0x47, 0x76, 0xD1, 0xB0, 0x8B, 0x3D, 0xFF, 0xB8, 0xEA, 0x22, 0xE8, 0x8B, 0xD3, 0xD0, 0x5F,
    0xDF, 0x8E, 0x0D, 0x4E, 0x98, 0xD1, 0x6A, 0x63, 0x46, 0xCF, 0x46, 0x7E, 0x04, 0x4C, 0x21, 0x53,
    0xD0, 0x04, 0x36, 0x23, 0xC0, 0x19, 0x81, 0xCE, 0x08, 0x78, 0x46, 0xE0, 0x33, 0x02, 0xA0, 0x11,
    0x08, 0x37, 0x7D, 0xFE, 0x5C, 0x40, 0x40, 0xF3, 0xB5, 0x2C, 0x3D, 0x16, 0x38, 0x15, 0x50, 0xA5,
    0xB3, 0x82, 0xEA, 0x61, 0x3D, 0x06, 0xB6, 0xF0, 0x71, 0x3C, 0x83, 0xF8, 0xC0, 0x25, 0x3D, 0xC2,
    0xF7, 0x50, 0x7A, 0xE4, 0x8E, 0x9E, 0x07, 0xF9, 0xE2, 0x2E, 0x1C, 0xB4, 0x8D, 0x23, 0x1D, 0xB1,
    0xA4, 0x84, 0xD0, 0xE7, 0x76, 0x73, 0xFC, 0x95, 0x00, 0xAA, 0x25, 0x82, 0x01, 0x10, 0x14, 0x43,
    0x04, 0xA5, 0x6B, 0xA3, 0x96, 0x84, 0x30, 0xCD, 0x21, 0x03, 0x31, 0xDA, 0x07, 0xED, 0x59, 0x4E,
    0x9D, 0x7F, 0x4C, 0x47, 0x4B, 0x14, 0xDA, 0x97, 0xAC, 0xFD, 0xC8, 0xB0, 0x00, 0xF5, 0xF8, 0x45,
    0x44, 0xAC, 0x48, 0xDB, 0x45, 0xEB, 0xEB, 0x41, 0xE2, 0x5F, 0x3E, 0x06, 0xC3, 0x52, 0x33, 0xEB,
    0xB2, 0xDF, 0x3B, 0xC6, 0x0E, 0xCB, 0x4B, 0xFB, 0xDF, 0xA1, 0xC4, 0x77, 0x95, 0xC4, 0xC8, 0xB1,
    0x36, 0x45, 0xAF, 0xED, 0xD0, 0xD2, 0xFD, 0x97, 0x4D, 0xBE, 0xB2, 0x3E, 0x99, 0xB5, 0xF9, 0x59,
    0xBB, 0x9F, 0xF9, 0x19, 0xBF, 0x08, 0x84, 0x07, 0x29, 0x14, 0xC8, 0x2D, 0x79, 0x12, 0x34, 0x3A,
    0x5A, 0xA8, 0xB1, 0xB6, 0xB2, 0x55, 0xDA, 0x7C, 0x7F, 0x6B, 0x5F, 0x37, 0x77, 0x83, 0x94, 0x97,
    0x5F, 0xC3, 0x47, 0x92, 0x0A, 0x11, 0x88, 0x46, 0xCA, 0xC9, 0x5A, 0xFD, 0x3F, 0x1F, 0x0E, 0x86,
    0x43, 0x52, 0xE5, 0xE7, 0x67, 0xF9, 0x1B, 0x48, 0x13, 0x0D, 0xE4, 0x80, 0xEB, 0x2A, 0x93, 0xE1,
    0x1E, 0x7C, 0x1E, 0xA1, 0x6C, 0x6D, 0x6F, 0x5B, 0xDB, 0xE9, 0x63, 0x18, 0xC7, 0xAF, 0xBF, 0xC4,
    0x3D, 0x4D, 0x50, 0xF9, 0x16, 0xBB, 0xAF, 0xD0, 0x3E, 0xFC, 0x74, 0xF2, 0xF7, 0x59, 0xC3, 0xF5,
    0x92, 0xE7, 0x44, 0x0B, 0x53, 0xA9, 0xA8, 0x63, 0x40, 0x16, 0x18, 0xCD, 0xCB, 0xA4, 0x97, 0xA8,
    0xFE, 0xED, 0xA2, 0xBB, 0x91, 0xEC, 0x81, 0x66, 0xFD, 0x9F, 0x91, 0x37, 0x02, 0x6C, 0x18, 0x44,
    0xF5, 0x02, 0x15, 0xE8, 0x1E, 0x79, 0xED, 0xAC, 0xE4, 0x31, 0x27, 0xD8, 0x50, 0xA9, 0xCB, 0x0C,
    0x04, 0xB1, 0xEC, 0xFD, 0x48, 0xBF, 0xD0, 0x93, 0x41, 0x76, 0x90, 0xF7, 0xA8, 0xFF, 0x06, 0x12,
    0xAA, 0x1F, 0x3A, 0xD1, 0xF9, 0xC1, 0x9B, 0xD5, 0x8B, 0x23, 0x84, 0xF8, 0xFC, 0x08, 0x01, 0x34,
    0xBB, 0x3E, 0xB3, 0xB3, 0x03, 0x71, 0xF0, 0x6B, 0xEE, 0x37, 0x70, 0x1D, 0x81, 0x7B, 0x7C, 0x8B,
    0x3E, 0x6B, 0x8E, 0x78, 0x3C, 0x86, 0xDC, 0x9A, 0x61, 0xF9, 0x29, 0x62, 0xB3, 0x7B, 0x23, 0x6F,
    0xFA, 0x32, 0xED, 0xB1, 0x4F, 0x36, 0xE2, 0xBA, 0x11, 0xDA, 0xC5, 0xF7, 0xD6, 0x03, 0x60, 0x95,
    0x5E, 0x15, 0xE0, 0x7C, 0xFE, 0x9C, 0x78, 0x94, 0x59, 0xCA, 0x5A, 0x23, 0xD4, 0x21, 0x14, 0x96,
    0xFC, 0xC9, 0x91, 0x6D, 0x21, 0x5B, 0xBD, 0x7C, 0x10, 0x6A, 0xA1, 0xFF, 0xA9, 0x7B, 0xDC, 0x31,
    0xA4, 0xFA, 0x68, 0xFE, 0x52, 0xB0, 0x36, 0xE6, 0xAA, 0x6C, 0x9B, 0xB6, 0xAC, 0x76, 0x91, 0xC2,
    0xC7, 0xB4, 0x95, 0x3A, 0x17, 0xBD, 0xAD, 0xFA, 0xB7, 0x2D, 0xDA, 0x42, 0x76, 0x98, 0xDD, 0x30,
    0xFF, 0x39, 0x5C, 0x4E, 0xD3, 0xD6, 0xEF, 0x70, 0x6A, 0x1C, 0xAF, 0x79, 0xA6, 0xD5, 0xCA, 0xB7,
    0x6F, 0xCB, 0xB9, 0x54, 0xD0, 0xEA, 0x46, 0xAC, 0x6E, 0xEB, 0xE8, 0x76, 0x4F, 0xFD, 0xEE, 0x28,
    0xFE, 0x43, 0x7B, 0xB7, 0x77, 0x2E, 0x15, 0xB4, 0x7F, 0x7A, 0x64, 0xFB, 0x3C, 0xA1, 0x95, 0xDE,
    0x06, 0x6D, 0x74, 0x88, 0x16, 0x6E, 0x7F, 0x45, 0x33, 0x8F, 0x11, 0xEF, 0x4E, 0x97, 0x0F, 0x5A,
    0x49, 0xB9, 0xA4, 0x96, 0x22, 0x0F, 0x3C, 0xCA, 0xD1, 0xD9, 0x34, 0x6C, 0xFB, 0xE1, 0x20, 0x3E,
    0xEA, 0x73, 0xFA, 0xE7, 0x4F, 0x5A, 0x45, 0xFD, 0x2A, 0xAB, 0x3C, 0xD7, 0xDD, 0x61, 0xE1, 0x5B,
    0xE9, 0xD5, 0x3A, 0xD1, 0x95, 0xD2, 0xFD, 0x25, 0x34, 0x27, 0x6D, 0xC6, 0x58, 0xB8, 0xB1, 0xAE,
    0x03, 0x4E, 0x13, 0xC3, 0xD1, 0xB0, 0x77, 0x1D, 0xD2, 0xF2, 0xFF, 0xC6, 0xB8, 0xA4, 0x3F, 0xC0,
    0x09, 0xB3, 0x05, 0x16, 0xD9, 0x8C, 0xAB, 0xF8, 0xD0, 0x28, 0x4E, 0xCB, 0x78, 0x1A, 0xD0, 0xA2,
    0xBD, 0x64, 0xBC, 0x3C, 0x92, 0x12, 0x35, 0x3B, 0xD8, 0x3E, 0x16, 0x0B, 0x22, 0x9B, 0xAC, 0x3F,
    0x67, 0xBE, 0xAD, 0x85, 0xE9, 0x2F, 0x6F, 0x6F, 0xCE, 0xF9, 0x4A, 0xAB, 0xE4, 0x9F, 0xBE, 0x24,
    0xE4, 0x8B, 0xD1, 0x77, 0x4F, 0x23, 0xDF, 0xB2, 0x57, 0x9D, 0xD6, 0x8E, 0xDE, 0x38, 0xF2, 0x0E,
    0xB9, 0x8A, 0x4F, 0x9A, 0xBA, 0xE4, 0xA4, 0xA9, 0x4B, 0x57, 0x53, 0xB7, 0xB1, 0x73, 0x8C, 0xD9,
    0xE5, 0xF9, 0x21, 0x38, 0x7E, 0x3B, 0x30, 0x6C, 0x67, 0x0E, 0x40, 0xBF, 0x9D, 0xF2, 0xB9, 0xB8,
    0xE5, 0xA8, 0x14, 0xEF, 0x2D, 0x0E, 0xBC, 0xA1, 0x0F, 0x9F, 0xCD, 0x45, 0x49, 0xB3, 0x7C, 0x11,
    0x4E, 0xE7, 0x35, 0x4D, 0x3D, 0x6F, 0x68, 0xD7, 0xA4, 0x99, 0xD6, 0xD0, 0x4A, 0x4A, 0xE4, 0xDE,
    0x1C, 0xC5, 0x6A, 0xF3, 0x11, 0xD0, 0x3B, 0x2B, 0x0F, 0x2E, 0x09, 0xB4, 0xF7, 0x59, 0x57, 0x0C,
    0x5D, 0xE0, 0xB4, 0x45, 0xA9, 0x80, 0xCA, 0x4A, 0xBF, 0xD2, 0xF9, 0x0D, 0x4A, 0xCF, 0x5D, 0x12,
    0xCE, 0x94, 0x35, 0xB5, 0x68, 0x34, 0x6E, 0x3F, 0x34, 0x76, 0x16, 0x70, 0xB6, 0xD8, 0x86, 0x8C,
    0x22, 0x24, 0xCE, 0x0F, 0x19, 0xC7, 0x2C, 0xD2, 0x45, 0x99, 0x69, 0xB8, 0x13, 0xF9, 0x3E, 0x8A,
    0x45, 0xC3, 0x97, 0x59, 0x25, 0x4E, 0xEB, 0xBB, 0x81, 0xEC, 0x94, 0x35, 0xA1, 0xB4, 0x94, 0xB4,
    0xA2, 0xD4, 0x50, 0x3A, 0x69, 0x53, 0xD0, 0x46, 0x5F, 0x04, 0xC0, 0x9A, 0x16, 0xDC, 0x56, 0xF1,
    0x14, 0x58, 0xEC, 0x1F, 0x7B, 0x0D, 0x21, 0x1A, 0xAD, 0x48, 0x6E, 0x37, 0x71, 0x26, 0xBE, 0xDF,
    0x77, 0xD8, 0xEE, 0x04, 0xF0, 0xB0, 0xEB, 0x19, 0xF1, 0xD6, 0xAE, 0xF9, 0xCE, 0xA1, 0x2F, 0xBF,
    0x68, 0x2B, 0x90, 0xBB, 0xE3, 0x63, 0x93, 0x71, 0x13, 0x71, 0x05, 0x6E, 0xBB, 0xE5, 0xA8, 0xDB,
    0x50, 0x47, 0x43, 0x87, 0xB5, 0xE5, 0xE8, 0x07, 0x62, 0x10, 0xBE, 0x81, 0xB3, 0x62, 0x67, 0x61,
    0x65, 0x93, 0xE5, 0x3F, 0x99, 0x64, 0x2F, 0x2D, 0x19, 0x24, 0x6D, 0xA8, 0xFA, 0xD6, 0x6A, 0x66,
    0xAE, 0x99, 0xF7, 0x9A, 0x7F, 0x67, 0x92, 0x1D, 0xE5, 0x9A, 0x79, 0x8F, 0xB4, 0x30, 0xF8, 0x17,
    0xB7, 0xAA, 0x65, 0x0F, 0x8E, 0x42, 0xD1, 0x4A, 0xEE, 0xDC, 0x89, 0xE1, 0x5E, 0xEA, 0xD1, 0x6F,
    0x8B, 0x45, 0x0E, 0x89, 0xB7, 0x7F, 0xCE, 0x38, 0xD9, 0xEA, 0x6E, 0x52, 0x55, 0xD6, 0x47, 0xAB,
    0x7D, 0x8F, 0x93, 0x74, 0x9E, 0x58, 0x41, 0x4B, 0x1B, 0x31, 0xA4, 0x3B, 0x43, 0x22, 0x59, 0x3E,
    0x62, 0x2B, 0x86, 0x4A, 0xA2, 0xA0, 0x5A, 0xFF, 0xB3, 0x17, 0xF5, 0x9A, 0x6C, 0x73, 0x3B, 0x3D,
    0xC1, 0x6D, 0x1F, 0xDC, 0x06, 0x9F, 0xCE, 0xED, 0x48, 0xB9, 0x1D, 0x2B, 0xB7, 0xA5, 0x7C, 0xED,
    0xFA, 0x4C, 0xB9, 0x6D, 0x95, 0x35, 0x12, 0x7E, 0xD9, 0x3F, 0x7C, 0x56, 0x6E, 0x27, 0xE7, 0x70,
    0x3B, 0x38, 0x71, 0xC6, 0xC5, 0xDC, 0xFE, 0x3F, 0xED, 0x5D, 0x3D, 0x90, 0xE4, 0xC6, 0x75, 0x6E,
    0x00, 0xE4, 0xA2, 0xBC, 0xA8, 0x32, 0x1C, 0x48, 0x65, 0xF9, 0x2E, 0x00, 0x03, 0x05, 0x32, 0x19,
    0x20, 0xB6, 0x4A, 0x3C, 0x4C, 0xC9, 0xE5, 0x52, 0xC0, 0x40, 0x4C, 0xAE, 0x1C, 0x28, 0x60, 0xA2,
    0xC8, 0x0A, 0x36, 0x57, 0x91, 0x07, 0x48, 0x0C, 0x15, 0x68, 0x1D, 0x38, 0xF6, 0x05, 0x0C, 0xA8,
    0xA5, 0x5D, 0xEB, 0x90, 0xC1, 0xDD, 0x01, 0xA4, 0x02, 0x07, 0x0A, 0x0C, 0xD9, 0xA5, 0xD8, 0xA0,
    0x79, 0x81, 0x8B, 0x74, 0xD5, 0x81, 0x22, 0x64, 0xE2, 0x8E, 0x00, 0xDA, 0xEF, 0x7D, 0xEF, 0x35,
    0x06, 0x33, 0x3B, 0xB3, 0x77, 0x47, 0x52, 0xDC, 0xDB, 0x3B, 0x4F, 0xED, 0xA2, 0x31, 0xB3, 0x18,
    0xE0, 0xF5, 0xFB, 0x5E, 0xBF, 0x7E, 0x7F, 0xDD, 0x6B, 0x8C, 0xF1, 0x4F, 0x4E, 0x6E, 0x1A, 0x7A,
    0x05, 0xD6, 0xB6, 0xDA, 0x36, 0xE6, 0xBC, 0x57, 0xD6, 0x4B, 0x9B, 0x0F, 0xD2, 0x5A, 0x69, 0x7D,
    0x6D, 0xC3, 0x7B, 0xD2, 0xC6, 0xFF, 0x36, 0xA2, 0x4D, 0x7E, 0x28, 0x6D, 0x16, 0x4F, 0x68, 0x6F,
    0xC7, 0x16, 0x6D, 0x2F, 0x6D, 0xD0, 0x46, 0x68, 0xC3, 0x46, 0xDA, 0xB8, 0x0A, 0xED, 0x8A, 0xDA,
    0x74, 0x15, 0xDA, 0x82, 0xBF, 0x46, 0x04, 0x71, 0x3B, 0x5D, 0xFF, 0x5B, 0x5B, 0x19, 0xE3, 0x59,
    0x7A, 0x55, 0xA0, 0x12, 0x6D, 0xD4, 0xD0, 0x83, 0x2B, 0xFE, 0x1A, 0xB5, 0x35, 0x7F, 0x8D, 0x2E,
    0x21, 0xFA, 0x73, 0x23, 0x2D, 0x3F, 0x93, 0xFA, 0xE5, 0x4F, 0xFC, 0xBE, 0x33, 0x47, 0xF4, 0xD9,
    0xA9, 0x9D, 0x56, 0x25, 0x7D, 0x46, 0x37, 0x58, 0x59, 0x6D, 0x8D, 0x39, 0x39, 0x79, 0x9B, 0x2F,
    0xB5, 0x3D, 0x9E, 0xD1, 0xED, 0xEC, 0xF9, 0xD1, 0xF4, 0x83, 0x1A, 0x4F, 0xAE, 0x4C, 0x62, 0x4F,
    0xE9, 0x98, 0x77, 0x01, 0x1D, 0x6D, 0x4D, 0x24, 0xE2, 0x67, 0x45, 0x7D, 0x08, 0xAD, 0xA1, 0x9E,
    0xD2, 0x49, 0x32, 0x1A, 0xEA, 0x62, 0x36, 0xF0, 0x5B, 0xE2, 0x59, 0x3C, 0xD2, 0xE5, 0x26, 0x19,
    0xF8, 0x48, 0x1F, 0xE6, 0xAD, 0x1E, 0xCB, 0x9E, 0x8E, 0x4C, 0x5B, 0xD6, 0x05, 0x25, 0xFF, 0x29,
    0xA6, 0x8B, 0x13, 0x7B, 0x3B, 0x9B, 0xBA, 0xC8, 0x76, 0xA9, 0x6D, 0x3C, 0x5B, 0x44, 0x60, 0x9D,
    0x5F, 0x98, 0x1F, 0x83, 0x65, 0x8D, 0x01, 0x7D, 0x7E, 0x1F, 0x02, 0x31, 0xA2, 0xB7, 0x06, 0x7D,
    0x25, 0x38, 0x47, 0x2C, 0xEF, 0xCD, 0x33, 0x88, 0x60, 0x67, 0x5E, 0xA6, 0x4B, 0x47, 0x6F, 0x00,
    0x27, 0x98, 0x33, 0x19, 0xF8, 0x22, 0xCC, 0x7B, 0xE2, 0xD0, 0x7C, 0x4A, 0x51, 0xA0, 0xD7, 0x1D,
    0xE9, 0x8F, 0x08, 0x27, 0x11, 0x5E, 0xA9, 0xD4, 0x15, 0xDA, 0x5F, 0xD7, 0xBA, 0xCF, 0xAD, 0x9C,
    0xA4, 0xDA, 0x86, 0xD3, 0xEA, 0x22, 0xD1, 0x11, 0xF6, 0x0A, 0xB1, 0x32, 0xEC, 0x80, 0x43, 0x70,
    0xF6, 0x68, 0xFF, 0x09, 0x83, 0x0F, 0x6F, 0x52, 0xD1, 0x18, 0x81, 0xF4, 0x41, 0x20, 0x70, 0xE3,
    0x30, 0x97, 0xD1, 0x29, 0x9F, 0x05, 0xDD, 0xFE, 0x71, 0x79, 0x64, 0x8F, 0xF1, 0x65, 0x56, 0x42,
    0xA6, 0x9C, 0x4A, 0xFA, 0x06, 0x81, 0xC7, 0xF8, 0x26, 0xDC, 0xCB, 0x95, 0xC9, 0x7B, 0x7A, 0x02,
    0x80, 0x08, 0x26, 0x3C, 0x2B, 0xB8, 0x6B, 0x04, 0x5E, 0xA3, 0xD2, 0x90, 0x48, 0x93, 0xAA, 0x88,
    0x8D, 0x4B, 0x09, 0xD3, 0xA6, 0xEC, 0xF7, 0x37, 0x7A, 0x49, 0x36, 0xCC, 0x5F, 0xF7, 0xE5, 0x9E,
    0xD1, 0x8A, 0x08, 0xA8, 0x59, 0x1C, 0x7C, 0x6B, 0x4F, 0xF9, 0xB6, 0xB9, 0xCC, 0x17, 0x7E, 0x39,
    0xAD, 0x54, 0x6E, 0xAB, 0xB9, 0xE7, 0xD2, 0xF1, 0xAC, 0x5E, 0xF3, 0xF0, 0x4C, 0xAF, 0x53, 0xFE,
    0x9A, 0x8F, 0xB9, 0x26, 0x99, 0x58, 0xDF, 0xE6, 0x0D, 0x61, 0xE1, 0xD9, 0x8A, 0x50, 0xA3, 0x3E,
    0xC6, 0x1D, 0x8F, 0xDB, 0xB8, 0x61, 0x28, 0x9F, 0xA7, 0xAB, 0x87, 0x35, 0x59, 0x32, 0x6E, 0xF2,
    0x6E, 0x71, 0x6C, 0xD7, 0xE7, 0x59, 0x67, 0x3C, 0x5C, 0x19, 0x82, 0x6B, 0x29, 0x93, 0xF4, 0x31,
    0xA4, 0x16, 0x5C, 0xBD, 0x2A, 0xDC, 0xD2, 0xC1, 0x40, 0x5C, 0xAB, 0xCC, 0xAC, 0x28, 0x8C, 0x7D,
    0x85, 0x6F, 0x14, 0xF4, 0x3E, 0x5F, 0x19, 0xD7, 0xE6, 0xD6, 0x53, 0x89, 0x14, 0x80, 0x8A, 0x98,
    0xF1, 0x29, 0x7F, 0x5E, 0xBE, 0xD9, 0x1B, 0x7F, 0x34, 0x23, 0x69, 0x0E, 0x73, 0x6D, 0x1B, 0x21,
    0x00, 0x04, 0x7C, 0x18, 0x1E, 0xA0, 0x03, 0x70, 0x80, 0x0D, 0xA0, 0x01, 0x32, 0xA0, 0x02, 0xB8,
    0x00, 0x04, 0x39, 0xB4, 0xEE, 0x0C, 0x90, 0x00, 0x11, 0x00, 0x02, 0x3C, 0x04, 0x0E, 0x45, 0xC3,
    0x9B, 0x96, 0x98, 0x44, 0x6E, 0x0C, 0xE1, 0x9D, 0x68, 0x31, 0xA6, 0xF0, 0x61, 0xAF, 0x4B, 0x3D,
    0x7A, 0x26, 0xD7, 0xFF, 0x50, 0xD0, 0xA9, 0xB4, 0xE7, 0xDE, 0x68, 0x2E, 0x04, 0x13, 0xAF, 0x33,
    0x69, 0x81, 0xE9, 0x14, 0xBC, 0xC8, 0x5F, 0x91, 0x11, 0x2D, 0xA6, 0x61, 0xB2, 0xC1, 0xB4, 0xA7,
    0x0D, 0x8C, 0xA0, 0xC5, 0xAC, 0x37, 0x40, 0xE4, 0x6C, 0xD2, 0xCD, 0x53, 0x54, 0x2A, 0x13, 0xEB,
    0xF8, 0x84, 0xA9, 0xB2, 0x81, 0x55, 0x15, 0x7F, 0x49, 0x67, 0xD6, 0xEC, 0xFD, 0x49, 0xF9, 0x27,
    0x8C, 0x88, 0xD5, 0x9E, 0x0F, 0x75, 0x7E, 0xF5, 0x4E, 0x76, 0x01, 0x96, 0xD0, 0x54, 0x7B, 0x17,
    0x9D, 0xD4, 0x79, 0xDC, 0x8E, 0x3F, 0xB2, 0x2A, 0x2E, 0x25, 0x4C, 0xAA, 0x56, 0xA0, 0xA0, 0x0F,
    0x01, 0x10, 0xB5, 0x3C, 0x44, 0xD9, 0x3A, 0xE0, 0x3B, 0xB3, 0xD5, 0x00, 0x18, 0xCF, 0xFC, 0x16,
    0x68, 0x19, 0x5B, 0xBE, 0x8E, 0xB1, 0xE7, 0x96, 0xEF, 0xC1, 0xDF, 0xE7, 0x36, 0xA6, 0xCF, 0x78,
    0xDA, 0x85, 0x78, 0x8C, 0xC2, 0x68, 0x66, 0x13, 0x83, 0xC6, 0x8C, 0xE2, 0xE7, 0x53, 0xEB, 0x31,
    0x3D, 0x90, 0x1B, 0xEA, 0x2F, 0x4D, 0xDF, 0x10, 0x43, 0x4B, 0xF3, 0x39, 0x7D, 0xF5, 0xCF, 0xED,
    0x83, 0x92, 0x59, 0x5F, 0x2A, 0xF9, 0xDC, 0xBC, 0x65, 0xB4, 0xFF, 0x43, 0x34, 0x48, 0x1B, 0x83,
    0xAF, 0xE5, 0x90, 0x34, 0xC2, 0x7D, 0x99, 0xE5, 0xF3, 0x2E, 0x17, 0xC1, 0x69, 0x6F, 0x69, 0xAB,
    0x06, 0x19, 0xDA, 0xA3, 0xFB, 0xE0, 0x1F, 0x9B, 0x22, 0x35, 0xF8, 0x54, 0x82, 0x8F, 0x62, 0x8E,
    0x10, 0x4D, 0x35, 0x86, 0xAD, 0x58, 0x25, 0x98, 0xFF, 0x30, 0x6E, 0xC5, 0x2C, 0x31, 0x6A, 0x98,
    0x18, 0x35, 0x4D, 0x8C, 0x1A, 0x27, 0xE0, 0x6A, 0xAA, 0x2D, 0x44, 0x81, 0x70, 0xCF, 0xB5, 0x85,
    0xFC, 0xB2, 0x99, 0xD2, 0x43, 0x06, 0xD8, 0x50, 0x31, 0x6A, 0xAA, 0x18, 0x35, 0x56, 0xF8, 0x39,
    0x6C, 0xAE, 0xF0, 0xF3, 0x8B, 0x70, 0xFA, 0x63, 0xE2, 0xF7, 0x8E, 0xFD, 0x88, 0x7A, 0x56, 0xF9,
    0x6C, 0x89, 0x85, 0xEB, 0xF6, 0xEB, 0xC5, 0x6F, 0xD1, 0xF0, 0x0D, 0xE6, 0x21, 0x12, 0x0A, 0x28,
    0xDA, 0x1C, 0x9C, 0xD8, 0x07, 0x00, 0x14, 0x80, 0x5D, 0xF9, 0x7B, 0xFE, 0xCC, 0x97, 0x3F, 0x25,
    0x62, 0xE5, 0xE6, 0x3D, 0x34, 0xAB, 0x60, 0x46, 0xBF, 0x0C, 0x15, 0xC1, 0xC4, 0x48, 0x11, 0xFD,
    0x20, 0x7F, 0x40, 0xA3, 0x70, 0xB1, 0x75, 0x38, 0x0A, 0x58, 0xC3, 0x8C, 0x55, 0x29, 0x50, 0x51,
    0xC3, 0x08, 0x89, 0x3D, 0xE9, 0x70, 0x02, 0x4C, 0x7F, 0xE6, 0x50, 0x52, 0x90, 0xD6, 0x26, 0xFF,
    0xDF, 0xC1, 0xC9, 0xA4, 0xCE, 0x0D, 0x8B, 0x66, 0xCF, 0x60, 0x24, 0x66, 0xA5, 0xD2, 0x18, 0x7B,
    0xFF, 0x7A, 0xDE, 0xE0, 0xF9, 0x3C, 0xD2, 0xE9, 0xC1, 0x51, 0x2D, 0xF8, 0x55, 0xAE, 0xF1, 0x64,
    0x8C, 0xFB, 0x62, 0xC7, 0x88, 0x29, 0xE6, 0x8C, 0xD1, 0xC0, 0x7E, 0x74, 0x52, 0x08, 0x93, 0x30,
    0xB5, 0xA0, 0x51, 0x1D, 0xEB, 0x1A, 0xD5, 0x18, 0xA2, 0xDA, 0xD2, 0x71, 0x43, 0x73, 0x52, 0xF3,
    0x86, 0xB0, 0x5D, 0x78, 0xC0, 0x0E, 0x16, 0xAB, 0x6D, 0x32, 0x1B, 0xEC, 0x1F, 0xAE, 0x1F, 0x75,
    0x82, 0x19, 0xEC, 0x7F, 0xD1, 0xA3, 0x70, 0xA5, 0x59, 0x47, 0xED, 0x74, 0xA4, 0xAF, 0x6E, 0x4F,
    0x61, 0x03, 0xF1, 0x27, 0xE5, 0x29, 0x2C, 0x1D, 0xA2, 0x91, 0x18, 0x19, 0x0F, 0xD4, 0xC5, 0x74,
    0x20, 0x21, 0xCB, 0x26, 0x4B, 0x46, 0x3D, 0xDF, 0x24, 0x27, 0x5F, 0x63, 0xEF, 0x14, 0xB6, 0xDA,
    0x63, 0x56, 0xDC, 0x34, 0xDF, 0x92, 0x99, 0xEC, 0x75, 0x7E, 0x37, 0xC2, 0xAA, 0x53, 0xCF, 0xD0,
    0x39, 0x1D, 0xD1, 0x5E, 0xB3, 0x62, 0x1B, 0x82, 0xF1, 0x5C, 0x08, 0xE2, 0x87, 0x41, 0xF0, 0xBB,
    0xEB, 0xAB, 0xAF, 0x11, 0x02, 0xBF, 0xA5, 0x3E, 0xD3, 0x0C, 0xD6, 0x33, 0x0E, 0x3C, 0xE8, 0xF0,
    0xD8, 0xFB, 0xE6, 0xF1, 0xC0, 0x98, 0x04, 0x8C, 0x9C, 0xC0, 0xA0, 0xC9, 0x2C, 0xEB, 0x8F, 0xBE,
    0x0C, 0x18, 0x6A, 0xC0, 0x45, 0xAE, 0xD3, 0xAB, 0x65, 0xDF, 0xD5, 0x35, 0xEA, 0xCD, 0x53, 0x39,
    0x1E, 0xFC, 0xC1, 0xDD, 0x19, 0x07, 0xD8, 0x35, 0x78, 0x42, 0xD8, 0x5F, 0xC8, 0xC8, 0x78, 0x28,
    0x37, 0xAB, 0x35, 0x37, 0x1B, 0x73, 0x58, 0x3C, 0x84, 0x9B, 0x56, 0x8C, 0x55, 0xE5, 0xE6, 0x09,
    0xF3, 0xF6, 0x5C, 0x6E, 0x0E, 0xDB, 0xDC, 0xBC, 0xB5, 0xC1, 0xCD, 0xFE, 0x21, 0xDC, 0x34, 0xDE,
    0x6D, 0x91, 0xA4, 0x66, 0x19, 0x55, 0x28, 0xCD, 0xC2, 0xC7, 0x36, 0x6A, 0x19, 0x95, 0xD2, 0x66,
    0x22, 0x6C, 0xA2, 0x83, 0xBF, 0x2E, 0x26, 0x8B, 0x0F, 0xC9, 0x57, 0x27, 0xCC, 0xB5, 0xAC, 0x72,
    0x0E, 0x71, 0x3A, 0x35, 0xCC, 0x19, 0xCC, 0x4D, 0x85, 0xB8, 0xC6, 0xE8, 0xC3, 0x20, 0x96, 0x76,
    0x29, 0x42, 0x91, 0xDD, 0x6B, 0x17, 0x31, 0x11, 0x65, 0xE4, 0xC1, 0xDB, 0x4F, 0x99, 0x9A, 0x92,
    0xAE, 0x8B, 0x8F, 0x21, 0x2E, 0x46, 0xA6, 0x46, 0xD6, 0x6A, 0x67, 0xE0, 0xEE, 0xEA, 0x0E, 0x4B,
    0x9B, 0xED, 0x0A, 0x02, 0xD0, 0x00, 0x41, 0x03, 0xA5, 0x65, 0xA0, 0xB5, 0x0C, 0xD4, 0x96, 0x81,
    0xDE, 0x12, 0x18, 0x05, 0xC7, 0x73, 0x2D, 0xED, 0xD5, 0xE3, 0x04, 0x0D, 0x1A, 0x09, 0x1A, 0x74,
    0x08, 0x09, 0xC9, 0x28, 0x6F, 0xCC, 0xED, 0xBD, 0x3E, 0xD1, 0x4F, 0x60, 0xA0, 0x45, 0x62, 0xE0,
    0x94, 0xD3, 0x29, 0x7D, 0x9F, 0x4C, 0x21, 0x9F, 0x38, 0x41, 0xCF, 0x64, 0x46, 0x31, 0xE7, 0xD8,
    0xAC, 0x60, 0x8D, 0x5D, 0x00, 0x93, 0x6F, 0xEF, 0xF6, 0x89, 0xB2, 0x0D, 0xBE, 0x93, 0x35, 0x72,
    0x78, 0x72, 0xF2, 0x16, 0x7D, 0x3B, 0x26, 0x7A, 0x4B, 0x34, 0x1D, 0x5B, 0x91, 0xF9, 0x04, 0x63,
    0x92, 0x2E, 0xC3, 0xBB, 0x1E, 0x0F, 0x58, 0x5B, 0x31, 0x7C, 0x17, 0x7E, 0xB8, 0x55, 0x63, 0xB0,
    0x62, 0xD9, 0xF0, 0x2D, 0x39, 0x6B, 0x35, 0x7C, 0x22, 0x7E, 0xB2, 0x57, 0xC2, 0x91, 0x9B, 0x09,
    0xD0, 0xB1, 0x64, 0xCB, 0x0A, 0x9D, 0x86, 0x6C, 0x27, 0x4D, 0xC0, 0xBC, 0xBC, 0xC2, 0x33, 0xAE,
    0xC8, 0xA9, 0x7C, 0x05, 0x31, 0xB1, 0xF2, 0xBE, 0x85, 0xB9, 0x6A, 0x3F, 0x61, 0xF3, 0xE8, 0x81,
    0xAD, 0x58, 0x4A, 0xAB, 0xBC, 0xE1, 0x51, 0x68, 0x32, 0x7A, 0x43, 0xEE, 0x1F, 0x37, 0xE1, 0x88,
    0x86, 0x2C, 0x75, 0x16, 0x60, 0x6A, 0x98, 0x88, 0x08, 0x08, 0xD2, 0x25, 0xA1, 0x85, 0xB0, 0xDA,
    0x51, 0x86, 0x75, 0x83, 0xA0, 0xC1, 0xAF, 0x16, 0x6A, 0x20, 0x15, 0xDF, 0x26, 0xBB, 0xAB, 0x54,
    0x82, 0xEA, 0x54, 0xBE, 0x10, 0x0B, 0xC7, 0x53, 0xF4, 0xC8, 0xB7, 0x7F, 0x73, 0xC4, 0xE6, 0x6B,
    0x67, 0x20, 0x1C, 0x0D, 0x53, 0x83, 0x81, 0x49, 0x7F, 0xA3, 0xC6, 0xB3, 0x90, 0x06, 0x16, 0xBD,
    0xC4, 0x9E, 0x30, 0xFA, 0xA1, 0x30, 0x82, 0x3C, 0x5A, 0xB9, 0xB7, 0xE9, 0x59, 0x3E, 0x58, 0x6B,
    0xBD, 0x0C, 0xE6, 0x7B, 0xE2, 0xC9, 0x89, 0xA5, 0x93, 0xE8, 0xB0, 0x9A, 0xCC, 0x23, 0x48, 0x41,
    0xB1, 0x5F, 0x0A, 0xF2, 0x1A, 0x52, 0x70, 0xCD, 0x8D, 0xCC, 0x27, 0x44, 0x0A, 0x82, 0x1A, 0x99,
    0x87, 0xA0, 0x43, 0x6C, 0xD7, 0xD7, 0xBC, 0x83, 0xC6, 0x7D, 0xD3, 0xAD, 0xE9, 0xFB, 0x2B, 0x93,
    0x82, 0x90, 0x55, 0xF4, 0x2C, 0x05, 0x3A, 0x26, 0x89, 0x34, 0x7E, 0xB8, 0x7F, 0xFF, 0x55, 0x23,
    0xC1, 0xBA, 0xA5, 0x14, 0xC8, 0x87, 0x99, 0x64, 0xB2, 0x08, 0xF7, 0x69, 0x3D, 0xEE, 0x8E, 0xA0,
    0xD5, 0x82, 0xC9, 0xFB, 0x11, 0x47, 0x96, 0x3B, 0x81, 0x7F, 0x9F, 0x14, 0x8C, 0x22, 0x05, 0xDD,
    0x0E, 0x29, 0xD0, 0x98, 0x95, 0x86, 0xA7, 0x22, 0x87, 0x4F, 0xB1, 0x30, 0x72, 0xFC, 0xE1, 0xA1,
    0x31, 0xAB, 0x4B, 0xAD, 0x12, 0xB4, 0x7F, 0x9B, 0x13, 0x44, 0xB2, 0x31, 0x4F, 0x84, 0x9D, 0x79,
    0x16, 0x54, 0xC2, 0xA5, 0x86, 0x71, 0xE3, 0x55, 0x0A, 0xD3, 0x44, 0xAA, 0x5D, 0x5C, 0xB6, 0x5F,
    0xE6, 0x73, 0xE2, 0xCA, 0x5D, 0x1B, 0x29, 0x83, 0x57, 0x0B, 0xD3, 0x4B, 0xCD, 0xFC, 0x50, 0xE8,
    0x3F, 0x7C, 0xEB, 0x99, 0x80, 0xDF, 0x0D, 0x78, 0x67, 0xB8, 0x18, 0xF5, 0xB8, 0xA0, 0xAD, 0x12,
    0x51, 0x4D, 0xC1, 0x10, 0x29, 0xFF, 0x1A, 0x71, 0x44, 0xCD, 0x95, 0x95, 0xA4, 0x73, 0x77, 0xD9,
    0x74, 0x7D, 0xCA, 0xF6, 0x0A, 0x1F, 0x32, 0xB5, 0xEB, 0xE8, 0x4E, 0xA3, 0x06, 0x37, 0x61, 0x06,
    0x73, 0x90, 0x0A, 0x27, 0xF8, 0x73, 0x23, 0x27, 0x1E, 0xB3, 0x48, 0xB0, 0xAE, 0xCD, 0x1C, 0xD2,
    0x99, 0x63, 0x39, 0x73, 0x20, 0x0E, 0x3E, 0xD0, 0xA9, 0x55, 0x5B, 0xCF, 0x5A, 0x15, 0x5E, 0xEB,
    0x7C, 0x94, 0xD9, 0x59, 0x61, 0xF1, 0xC5, 0x01, 0x96, 0x5E, 0xAA, 0xF1, 0x1C, 0x09, 0xEE, 0xB8,
    0x20, 0x33, 0xE2, 0x52, 0xD9, 0xE0, 0x42, 0xCC, 0x3D, 0x62, 0x3B, 0x72, 0x10, 0x02, 0x3B, 0xC3,
    0x23, 0x81, 0x35, 0xEF, 0xF1, 0xA9, 0x9D, 0x0A, 0xB6, 0x02, 0x6B, 0x68, 0x61, 0x3E, 0x88, 0x91,
    0xE9, 0x44, 0x45, 0xC4, 0x1F, 0xFA, 0xDA, 0x9F, 0x40, 0x16, 0x62, 0x74, 0x69, 0xCD, 0x0A, 0x3E,
    0xE7, 0xCC, 0xF7, 0xE2, 0xE5, 0x03, 0x06, 0x5F, 0xA6, 0x1F, 0x19, 0x3F, 0x32, 0x98, 0x44, 0xF9,
    0x88, 0x8D, 0x2A, 0xEE, 0x86, 0x0B, 0xBA, 0x46, 0x08, 0xEA, 0x70, 0x04, 0x2F, 0xFF, 0x5F, 0x9E,
    0xBD, 0xCA, 0xCF, 0xDE, 0x24, 0x6E, 0x59, 0xCB, 0x3C, 0xB3, 0x03, 0x8E, 0x1D, 0x31, 0xD1, 0xB3,
    0xAD, 0xCF, 0xB1, 0x2E, 0x1A, 0xC2, 0x55, 0xA0, 0x3F, 0x9A, 0x75, 0x0C, 0xF9, 0x47, 0x83, 0x46,
    0xF1, 0xFC, 0x33, 0xF1, 0x0F, 0xC7, 0xFA, 0x26, 0x89, 0x20, 0x3D, 0x97, 0xF2, 0xD1, 0x12, 0x6B,
    0x42, 0x3B, 0x20, 0x18, 0x7C, 0xFC, 0x05, 0x61, 0xB5, 0xF2, 0xAA, 0xDD, 0x49, 0x75, 0x89, 0x60,
    0xDD, 0x05, 0xD0, 0x34, 0x87, 0xED, 0xC4, 0xBF, 0x38, 0x2C, 0x27, 0xF6, 0x18, 0x5D, 0x3C, 0x9C,
    0xA7, 0xDC, 0xAC, 0x63, 0xC7, 0x2D, 0xFF, 0x3D, 0xFF, 0xB9, 0xFC, 0xFC, 0x4D, 0xEE, 0xFB, 0xC4,
    0x9D, 0x66, 0x80, 0x08, 0x9A, 0xCE, 0x5F, 0x00, 0xB4, 0x44, 0x27, 0x44, 0x40, 0x6F, 0x1B, 0xA0,
    0x69, 0xFD, 0x23, 0x00, 0x01, 0x9A, 0xE7, 0x17, 0x00, 0xF5, 0x0A, 0x10, 0x69, 0xB2, 0x03, 0x0E,
    0x3D, 0xB6, 0xF1, 0x8A, 0x38, 0x39, 0xA4, 0x20, 0x94, 0xC3, 0x9A, 0xBF, 0xE6, 0x40, 0x5D, 0x8C,
    0xAE, 0xFF, 0x89, 0xD1, 0xF1, 0xBC, 0x31, 0x5A, 0xA1, 0x4A, 0x3A, 0x04, 0x5D, 0xD7, 0x21, 0x4A,
    0x09, 0x23, 0xDB, 0xF5, 0x51, 0x5C, 0x2F, 0xF1, 0xBC, 0xC4, 0xF1, 0x0A, 0xF4, 0x58, 0xCC, 0x96,
    0x44, 0x84, 0x63, 0xBC, 0x10, 0xE6, 0xE4, 0x8C, 0x30, 0x67, 0x8B, 0xA3, 0x3E, 0xAA, 0x33, 0x92,
    0x97, 0x17, 0x38, 0x10, 0x46, 0xAD, 0x21, 0x3B, 0x7C, 0xFF, 0xF2, 0x38, 0x25, 0x2F, 0x7D, 0xA4,
    0xEE, 0x0E, 0x44, 0x66, 0x7B, 0xCD, 0x2B, 0x8B, 0x65, 0x07, 0x22, 0x22, 0x3A, 0xA2, 0x1E, 0x1E,
    0x72, 0x2F, 0xF9, 0x7E, 0x59, 0x27, 0xDE, 0x91, 0x93, 0x45, 0x88, 0x61, 0x0D, 0xED, 0xE8, 0x2F,
    0xA2, 0xFA, 0x21, 0x22, 0xF9, 0x2B, 0x90, 0x1C, 0xD9, 0x9F, 0x33, 0xB3, 0x56, 0x01, 0x33, 0xA0,
    0xE4, 0xB8, 0x34, 0x57, 0x15, 0xF9, 0x2C, 0xE4, 0xAE, 0xAE, 0xE8, 0x0C, 0xCF, 0x84, 0x65, 0xE0,
    0x18, 0x7A, 0x51, 0x3A, 0xB1, 0xC7, 0x01, 0xCC, 0x52, 0x35, 0xA6, 0x22, 0xEE, 0x12, 0x64, 0x2B,
    0x65, 0xD3, 0x22, 0xA4, 0x32, 0x39, 0x16, 0x2D, 0x52, 0x5F, 0xC3, 0x7C, 0xE3, 0x4E, 0x99, 0x03,
    0xDE, 0x94, 0x3A, 0x98, 0x2A, 0xF3, 0xE2, 0xC9, 0x49, 0x66, 0xA7, 0xDC, 0xAE, 0x63, 0x80, 0x34,
    0x3F, 0x92, 0x6E, 0x38, 0xE5, 0x08, 0xB7, 0x8C, 0xF5, 0x85, 0x10, 0x8D, 0x3C, 0xB2, 0xE9, 0xF6,
    0x74, 0x5F, 0x92, 0x17, 0x1A, 0x14, 0x1C, 0x58, 0xA7, 0x9F, 0xFE, 0x85, 0x9C, 0x87, 0x73, 0xCD,
    0xAA, 0xC5, 0x3B, 0x36, 0xDF, 0xE1, 0xE0, 0xDB, 0x2D, 0xE3, 0x8D, 0x9C, 0xF2, 0x86, 0x01, 0x9A,
    0x21, 0x2F, 0x70, 0xDF, 0x3C, 0x99, 0x4C, 0xC8, 0x68, 0x1A, 0x4F, 0x8B, 0x74, 0x15, 0x93, 0xA4,
    0x87, 0x1C, 0xB3, 0x2D, 0x37, 0xAD, 0x02, 0x36, 0x19, 0x58, 0x5F, 0x9E, 0xAA, 0x8E, 0x09, 0x80,
    0xBA, 0x4C, 0x79, 0xB1, 0xC4, 0xCD, 0x91, 0xD1, 0x20, 0xE6, 0xCC, 0xFA, 0x23, 0x13, 0x63, 0x04,
    0xBF, 0xFC, 0x5C, 0xE2, 0x11, 0x4D, 0x88, 0x1D, 0x9C, 0x7B, 0x38, 0xF5, 0x4F, 0x46, 0xD7, 0x91,
    0xE1, 0x84, 0xFB, 0x06, 0xD3, 0x26, 0x6E, 0xE0, 0xCB, 0xF2, 0x01, 0x6F, 0x99, 0x8A, 0x48, 0x48,
    0x39, 0x56, 0xCB, 0x26, 0x72, 0xC9, 0x0E, 0xED, 0xFC, 0x22, 0x62, 0xF9, 0xF8, 0xA3, 0xA8, 0xD8,
    0x31, 0x8A, 0x3E, 0x26, 0x99, 0xB3, 0xAC, 0x7C, 0x70, 0x2D, 0x1B, 0x0A, 0x4C, 0x15, 0x9B, 0x32,
    0x99, 0xFB, 0xAD, 0xD9, 0x68, 0xAA, 0x11, 0x84, 0xD0, 0x00, 0xD2, 0xE8, 0x2C, 0x90, 0x35, 0x43,
    0xA0, 0x66, 0x77, 0xC4, 0x53, 0x9F, 0x0C, 0xC6, 0x7F, 0xD9, 0x61, 0xC6, 0xBD, 0xC8, 0x79, 0x6C,
    0x71, 0x4F, 0x54, 0xD5, 0x8D, 0x44, 0x64, 0x2F, 0x0F, 0x16, 0x3D, 0x4B, 0xBD, 0x12, 0x55, 0x0B,
    0x1D, 0x54, 0x2D, 0x4E, 0x24, 0xE5, 0x55, 0x48, 0x2F, 0xD1, 0x21, 0x1F, 0x89, 0x49, 0x55, 0xC8,
    0xB1, 0x55, 0x9D, 0x8C, 0x13, 0xEE, 0x75, 0x32, 0xA9, 0x66, 0x4E, 0x47, 0xED, 0x78, 0x36, 0x2C,
    0x4F, 0x92, 0x49, 0xA7, 0x4B, 0x24, 0x8B, 0x7A, 0xE5, 0x86, 0xE6, 0xED, 0x94, 0xB5, 0xF3, 0xC9,
    0x9A, 0xC0, 0x4E, 0x08, 0xF4, 0xAC, 0x9E, 0x30, 0x97, 0x40, 0x20, 0x77, 0x09, 0x27, 0x92, 0x6C,
    0x2B, 0x9C, 0x84, 0xAD, 0x8C, 0xD9, 0xC8, 0xBB, 0xCF, 0x27, 0xA9, 0x53, 0x61, 0x9A, 0x1C, 0x93,
    0x54, 0x1B, 0x53, 0x7F, 0xAA, 0xDF, 0x8E, 0x9C, 0x96, 0x8B, 0xD4, 0xEA, 0x4F, 0x6B, 0x76, 0xCE,
    0x88, 0x49, 0x44, 0x33, 0x0F, 0xCD, 0x89, 0xA9, 0x93, 0x23, 0x73, 0xBF, 0x70, 0x66, 0xF4, 0x5A,
    0x0D, 0x24, 0x96, 0x0D, 0xA7, 0xC4, 0x76, 0x04, 0xDC, 0x55, 0xDB, 0x32, 0x5D, 0xB6, 0x65, 0x75,
    0x60, 0x1B, 0x56, 0x08, 0x96, 0x0B, 0xCF, 0x68, 0x82, 0x26, 0xA2, 0x88, 0x9D, 0x31, 0x92, 0xFA,
    0x31, 0xA3, 0x52, 0x20, 0x0D, 0xBE, 0xA2, 0xBB, 0x12, 0x2F, 0x89, 0x0D, 0x74, 0x19, 0x67, 0x41,
    0x2D, 0xA2, 0x94, 0x13, 0x0A, 0xB5, 0x46, 0xA4, 0x03, 0xD9, 0x99, 0x79, 0x81, 0x2E, 0x63, 0xA0,
    0x07, 0x56, 0x16, 0x74, 0x59, 0x34, 0x69, 0x88, 0x6E, 0x63, 0x36, 0x85, 0xB5, 0x0F, 0x70, 0x03,
    0xAD, 0x3A, 0x22, 0xD6, 0x1C, 0x96, 0x82, 0x4E, 0xB7, 0xF6, 0xC7, 0xF5, 0x22, 0x7A, 0x70, 0x6B,
    0xE6, 0xBF, 0x99, 0xEC, 0xD7, 0x83, 0x94, 0x5C, 0x4C, 0x52, 0x8F, 0x95, 0xED, 0xF3, 0xCE, 0xC3,
    0x39, 0x72, 0x30, 0x2E, 0x62, 0x5F, 0x32, 0x21, 0xEF, 0x88, 0x63, 0xAF, 0xF9, 0x5F, 0x76, 0x8B,
    0x04, 0xF2, 0xDC, 0x34, 0x66, 0x36, 0x02, 0x5C, 0xFC, 0x35, 0xD8, 0x88, 0xBF, 0x86, 0x1B, 0x25,
    0x2F, 0xD1, 0xAE, 0x1C, 0x89, 0x7B, 0xF8, 0xB8, 0xE3, 0xE1, 0xE7, 0xD0, 0x30, 0x3F, 0x75, 0xF9,
    0x1C, 0xB9, 0xD7, 0x4F, 0x6D, 0xEF, 0xF4, 0xFC, 0xBA, 0x78, 0xC2, 0x91, 0x1B, 0xE0, 0xEB, 0xF1,
    0xE7, 0x18, 0xD7, 0xEF, 0x8D, 0x70, 0x09, 0xB9, 0x70, 0xE2, 0xA6, 0x39, 0xDC, 0x76, 0x1C, 0xF1,
    0x7D, 0xC9, 0x8D, 0x9F, 0xE2, 0x28, 0x4F, 0x09, 0xD0, 0x0B, 0x78, 0x6B, 0xEA, 0x26, 0x9D, 0xB5,
    0xD1, 0x93, 0xE1, 0x8C, 0x71, 0xB3, 0x28, 0x8C, 0x38, 0x83, 0xFC, 0x12, 0xFF, 0xFD, 0x76, 0xD4,
    0xFA, 0x21, 0xB8, 0xE5, 0x77, 0xB5, 0x22, 0x14, 0x85, 0x1C, 0xF7, 0x67, 0x65, 0x98, 0x11, 0xB4,
    0x62, 0x8F, 0x0F, 0x50, 0x22, 0x10, 0x1C, 0x62, 0x42, 0xA4, 0x29, 0xF3, 0x58, 0x3D, 0x2B, 0x38,
    0xB9, 0xD4, 0x8E, 0xC2, 0x4C, 0x8D, 0x7F, 0xD5, 0x89, 0x3E, 0xFD, 0x8E, 0xA0, 0xF8, 0xBE, 0x16,
    0x06, 0xFE, 0x72, 0x14, 0x36, 0x97, 0xDA, 0x6D, 0xAB, 0x1D, 0xBF, 0x07, 0x0A, 0x63, 0xFB, 0x0A,
    0xC8, 0x48, 0x26, 0x64, 0xC2, 0x09, 0x4C, 0x61, 0x33, 0xC7, 0xAB, 0x55, 0x67, 0x58, 0x55, 0xA4,
    0xA5, 0xEA, 0xD2, 0x7C, 0x12, 0x44, 0x33, 0x2B, 0x96, 0x77, 0x42, 0x37, 0x60, 0x75, 0x11, 0x13,
    0x78, 0xA2, 0x2D, 0x7A, 0x51, 0xAD, 0xF9, 0xAE, 0x1C, 0x9A, 0xCB, 0x1B, 0xC4, 0xFA, 0xC7, 0x44,
    0x0D, 0xB2, 0xD4, 0x55, 0x60, 0xEA, 0x75, 0x2E, 0x74, 0xFD, 0xE3, 0x2F, 0xEC, 0x5E, 0x59, 0x2E,
    0xBF, 0x8C, 0x2D, 0x97, 0x5F, 0x32, 0x3E, 0x65, 0xEB, 0x23, 0x12, 0xC1, 0x61, 0x20, 0xDB, 0x24,
    0x48, 0xBD, 0x97, 0xCC, 0x40, 0x66, 0x94, 0x6F, 0x7F, 0xD3, 0x33, 0xB3, 0xB8, 0x8F, 0x01, 0x46,
    0x5A, 0x00, 0x46, 0x85, 0xF6, 0x17, 0xF4, 0xE0, 0xC8, 0x42, 0x17, 0x83, 0x45, 0xF1, 0xC4, 0xFA,
    0x8C, 0x15, 0x55, 0x0F, 0x2D, 0x31, 0x42, 0x45, 0x71, 0x4A, 0x92, 0xA7, 0x41, 0xA9, 0xB5, 0xD9,
    0xE8, 0xB0, 0x2F, 0x81, 0x00, 0xA9, 0x1B, 0x40, 0x67, 0xC5, 0x6A, 0x97, 0x64, 0xD1, 0x8D, 0x75,
    0x27, 0x49, 0xA7, 0x11, 0xCD, 0x74, 0x24, 0xF3, 0xE7, 0xAA, 0xED, 0x58, 0x4B, 0x72, 0x41, 0x02,
    0x34, 0x1B, 0x0B, 0x44, 0x13, 0x63, 0xD6, 0xCE, 0x38, 0x07, 0x56, 0x71, 0x09, 0x91, 0xFD, 0x57,
    0xD0, 0xFC, 0x8F, 0x42, 0xF3, 0xB8, 0xA6, 0xF9, 0x37, 0x98, 0xBF, 0xA5, 0x32, 0xE2, 0x21, 0x34,
    0x27, 0x0B, 0x9A, 0x75, 0x60, 0xBA, 0xCC, 0xC2, 0x64, 0x16, 0xC5, 0xA4, 0x5A, 0x20, 0x2B, 0x9F,
    0x79, 0x37, 0x77, 0x07, 0x0A, 0xCC, 0xEC, 0x7B, 0xA8, 0xF3, 0x31, 0x97, 0x41, 0xB5, 0x67, 0x75,
    0xD0, 0xF9, 0xC9, 0x9F, 0x62, 0xA1, 0x1B, 0x76, 0x2A, 0x9F, 0xB3, 0xC9, 0x9F, 0xE7, 0x65, 0x74,
    0xA5, 0xD2, 0x5C, 0x13, 0xE5, 0xF3, 0x86, 0x8C, 0x5C, 0x99, 0xF0, 0xFC, 0x01, 0xC9, 0x9F, 0xD7,
    0x7A, 0x49, 0xFE, 0x74, 0xEB, 0x44, 0x9E, 0x77, 0x52, 0xE8, 0x53, 0x71, 0x5F, 0x84, 0x8F, 0x51,
    0x2A, 0x6B, 0xCF, 0x94, 0xC9, 0xB2, 0x5C, 0xE9, 0x14, 0x96, 0xEF, 0xA8, 0x6D, 0xDB, 0x34, 0x60,
    0x8C, 0xD4, 0xC5, 0x9C, 0x35, 0x60, 0x96, 0x56, 0xCC, 0x86, 0xA1, 0xB4, 0x36, 0x60, 0xB6, 0x2A,
    0xE7, 0xD4, 0x07, 0xFE, 0x06, 0x2B, 0x8E, 0x81, 0xF9, 0x4D, 0x77, 0x3E, 0x98, 0x56, 0x97, 0x9E,
    0xF5, 0x9B, 0xAF, 0x17, 0x8F, 0x37, 0x42, 0x7F, 0x22, 0x6E, 0xE3, 0x32, 0xF4, 0xA7, 0x71, 0x97,
    0x83, 0x95, 0x71, 0xD1, 0x36, 0x56, 0xF7, 0xE1, 0x96, 0x33, 0x38, 0xBB, 0x04, 0xEA, 0x16, 0xA0,
    0x14, 0x68, 0xE1, 0x12, 0x38, 0xB7, 0x60, 0x61, 0x11, 0x33, 0x4C, 0xFE, 0x96, 0x5F, 0x29, 0xBF,
    0xEF, 0x91, 0x2F, 0xC9, 0x71, 0x4B, 0xBA, 0xCF, 0xD1, 0xDD, 0x99, 0xD4, 0x60, 0x92, 0xD8, 0x22,
    0xC7, 0xD2, 0x38, 0x24, 0xC4, 0x16, 0xFC, 0xB5, 0x39, 0x66, 0xD6, 0x8A, 0x2A, 0x17, 0x73, 0x30,
    0x17, 0x45, 0x0E, 0xC5, 0xD9, 0xC2, 0xCA, 0xA7, 0x31, 0xDD, 0x3E, 0x89, 0x78, 0x90, 0x74, 0x87,
    0x23, 0x49, 0x37, 0xA9, 0xE7, 0x7C, 0x88, 0xB9, 0x56, 0x3D, 0xE5, 0xB4, 0x65, 0xC6, 0xDF, 0x7D,
    0xFD, 0xB2, 0x4A, 0xF7, 0x1D, 0xD0, 0x36, 0xD7, 0x59, 0xC1, 0x79, 0x8C, 0xA4, 0xFE, 0x2F, 0x14,
    0x0F, 0x8A, 0x45, 0x6C, 0x2F, 0x37, 0x0F, 0xBF, 0x0C, 0x37, 0xBF, 0x8C, 0xAE, 0x28, 0x49, 0xEE,
    0x7E, 0xCE, 0x84, 0xBF, 0x69, 0xEB, 0xD0, 0xFE, 0x35, 0x39, 0x1C, 0x3C, 0x11, 0x11, 0x9D, 0xD3,
    0xA3, 0x71, 0xF3, 0xDB, 0x5F, 0x0D, 0x37, 0x9F, 0x13, 0x6E, 0xBE, 0x6E, 0xDC, 0x9C, 0xE3, 0xD6,
    0x65, 0x05, 0x30, 0x49, 0x89, 0x9B, 0xCD, 0x42, 0x36, 0xA5, 0x32, 0xD5, 0x17, 0x33, 0x23, 0xD4,
    0x2B, 0x5E, 0xFB, 0x4A, 0x74, 0xC5, 0xE3, 0x0D, 0xF6, 0x17, 0xC8, 0x85, 0x68, 0x91, 0x19, 0xCF,
    0xA4, 0xC6, 0x17, 0x93, 0xA0, 0x95, 0x8F, 0xFE, 0xEA, 0x71, 0x06, 0x7B, 0x32, 0x6D, 0x2D, 0x56,
    0x42, 0x58, 0x49, 0xB8, 0xA3, 0x7E, 0x50, 0xE0, 0xF2, 0x6B, 0xB1, 0x73, 0x55, 0xAE, 0xEC, 0xAD,
    0x1F, 0x42, 0x30, 0xA6, 0x26, 0x46, 0x0D, 0x72, 0x02, 0x14, 0x50, 0x0E, 0x8A, 0xD2, 0xE4, 0x46,
    0x57, 0x4F, 0x21, 0xA5, 0xC1, 0x76, 0x14, 0xB2, 0x1C, 0x0F, 0xF4, 0xC4, 0xEB, 0xB8, 0x5E, 0x84,
    0x8D, 0xA1, 0x96, 0xAB, 0x28, 0x57, 0x5C, 0x23, 0x9C, 0x4B, 0x1A, 0x38, 0x68, 0xD9, 0x55, 0x81,
    0x8A, 0x24, 0x8A, 0x59, 0x15, 0x85, 0xEC, 0x01, 0xDD, 0x40, 0x7A, 0x84, 0x44, 0xFE, 0x36, 0x32,
    0x26, 0xD4, 0x5B, 0x38, 0x8C, 0x05, 0x21, 0x0B, 0x87, 0x91, 0x0D, 0x0C, 0xC8, 0x04, 0x31, 0xE9,
    0x3E, 0x53, 0x91, 0xBA, 0x14, 0x72, 0xA6, 0x65, 0xF9, 0x7C, 0x2F, 0x84, 0x20, 0x18, 0x27, 0x54,
    0xEB, 0x73, 0x9D, 0x8C, 0x18, 0x8C, 0xA3, 0x8A, 0xEB, 0x91, 0x95, 0x64, 0x85, 0x14, 0xB5, 0x95,
    0x95, 0x0B, 0x38, 0x39, 0xDF, 0xA7, 0x99, 0xED, 0x6F, 0x29, 0x5A, 0xCE, 0xC0, 0xA7, 0x92, 0x3F,
    0xF0, 0xB6, 0xEC, 0x44, 0x7A, 0xE6, 0x55, 0xB6, 0x84, 0x1B, 0x32, 0xF7, 0x5E, 0xB2, 0x1F, 0x02,
    0x8D, 0x7B, 0x3F, 0xE0, 0x60, 0x2E, 0x19, 0xA7, 0x74, 0xDE, 0x23, 0xDC, 0xDA, 0x62, 0x48, 0x37,
    0x9B, 0x41, 0x57, 0x1E, 0xCF, 0xFB, 0xE2, 0xE1, 0x09, 0xDC, 0x79, 0xF1, 0xE8, 0xC5, 0xA9, 0x4F,
    0xC7, 0xE7, 0x60, 0x02, 0x8D, 0xEC, 0xFD, 0x91, 0x47, 0xD9, 0x22, 0x8A, 0xF1, 0x4C, 0x02, 0x74,
    0xE6, 0xE5, 0xBB, 0xCA, 0xEC, 0xC0, 0xF9, 0xF3, 0x73, 0x85, 0x58, 0xEC, 0xA6, 0x6D, 0xB7, 0x9A,
    0x4A, 0x8A, 0x10, 0xF8, 0xF5, 0xAD, 0x27, 0x02, 0xC1, 0xCD, 0xC4, 0xCC, 0xBA, 0x13, 0xD2, 0x03,
    0x19, 0xA1, 0x42, 0xBB, 0x23, 0x3C, 0xAE, 0xA4, 0x74, 0x82, 0x26, 0xF3, 0x48, 0x57, 0x4F, 0xF5,
    0xB2, 0x64, 0x88, 0x73, 0x3F, 0x3A, 0xC6, 0xAD, 0x53, 0x03, 0xB3, 0x63, 0xFA, 0xE2, 0xF1, 0xFF,
    0x8F, 0x71, 0x27, 0x42, 0xB7, 0x11, 0xA5, 0xC9, 0x56, 0x6C, 0xEB, 0x24, 0xFF, 0x3E, 0x61, 0xDA,
    0xEF, 0xE7, 0xD9, 0x61, 0x1B, 0x96, 0x0B, 0x96, 0x90, 0x3B, 0xB3, 0x74, 0xA8, 0x08, 0x07, 0xEE,
    0x64, 0xFE, 0xC4, 0xD9, 0xA0, 0x5A, 0x2F, 0x87, 0x93, 0x1F, 0xDA, 0x1E, 0x15, 0xEE, 0x37, 0x62,
    0xDB, 0x71, 0x56, 0xF5, 0x80, 0x3C, 0xB6, 0x3F, 0x20, 0xF8, 0xC7, 0xE9, 0xBB, 0xDF, 0x12, 0x57,
    0xFE, 0x92, 0xD3, 0xAD, 0x3A, 0x75, 0x96, 0xA3, 0x8B, 0x14, 0x0C, 0x2E, 0x58, 0xD0, 0xB9, 0x78,
    0x41, 0x2B, 0x21, 0x03, 0x0F, 0x69, 0x3D, 0x79, 0xAC, 0x0B, 0x1C, 0x54, 0x81, 0x06, 0x2B, 0x8A,
    0x39, 0x88, 0x10, 0xBA, 0xC0, 0x45, 0xE4, 0x62, 0x17, 0x73, 0x4C, 0x21, 0x5E, 0x9F, 0x78, 0x62,
    0x12, 0x44, 0x98, 0x7A, 0x51, 0x85, 0xE6, 0xEC, 0x03, 0x9E, 0xAE, 0x2E, 0x89, 0x4C, 0xB6, 0x5F,
    0xB1, 0x5A, 0xD3, 0x8A, 0x00, 0xAC, 0x1E, 0xDD, 0xA8, 0xCB, 0x5C, 0x2F, 0x67, 0x9A, 0xE7, 0xEE,
    0x44, 0x1D, 0xBD, 0x9F, 0xEA, 0x1A, 0xE6, 0x79, 0x11, 0xB3, 0xC9, 0xEF, 0x3E, 0xAE, 0xD0, 0xD6,
    0x0F, 0x11, 0xDA, 0x69, 0x5B, 0x68, 0x67, 0x89, 0x95, 0x68, 0xF3, 0x46, 0xC0, 0xB9, 0x3D, 0x3F,
    0xE4, 0x18, 0xAE, 0x13, 0x75, 0x7F, 0x5A, 0x0E, 0x2E, 0x5F, 0x60, 0x22, 0xB7, 0xC6, 0x0E, 0xEF,
    0x34, 0xF7, 0xE5, 0x96, 0xD8, 0xEF, 0x7A, 0x79, 0xA5, 0xB3, 0x11, 0x91, 0x3F, 0x9C, 0xCA, 0xC9,
    0x88, 0xA9, 0x5C, 0x30, 0x8D, 0x6C, 0x50, 0xE7, 0x92, 0x71, 0x65, 0x0A, 0xCA, 0x56, 0xE2, 0xC3,
    0x1D, 0x9E, 0x9E, 0xCB, 0xD2, 0xDF, 0xBC, 0x87, 0xAD, 0x94, 0xF7, 0xA9, 0x64, 0x92, 0x61, 0x92,
    0x96, 0x1D, 0x8C, 0x5F, 0x1A, 0x32, 0x3D, 0xFA, 0x50, 0x62, 0x5D, 0x7B, 0xC3, 0x0D, 0xDD, 0x93,
    0x63, 0x83, 0x6C, 0xEB, 0xA2, 0x98, 0x61, 0xC5, 0x97, 0xC8, 0xEA, 0x59, 0xE5, 0x09, 0x4A, 0x28,
    0x11, 0xD2, 0x35, 0x92, 0x53, 0xA5, 0xAF, 0x4E, 0xA5, 0xAE, 0x94, 0x62, 0x16, 0x1C, 0x58, 0x89,
    0xA0, 0xA1, 0xD2, 0x5F, 0x0A, 0xB2, 0xFC, 0xFD, 0x8B, 0xE6, 0x25, 0x1F, 0xDD, 0x72, 0xE9, 0x6B,
    0x89, 0xFA, 0x14, 0x82, 0xC0, 0xE7, 0xC0, 0x36, 0x3F, 0x9C, 0xEC, 0x93, 0xD8, 0x22, 0x4A, 0x8C,
    0x58, 0x31, 0x86, 0x50, 0xC1, 0x95, 0x98, 0x74, 0xEC, 0x41, 0x1D, 0xAF, 0xA3, 0x40, 0xAC, 0xD8,
    0x6A, 0xAC, 0x58, 0x96, 0x63, 0x64, 0x1D, 0x7E, 0x7A, 0xA6, 0x32, 0x1D, 0x7C, 0x04, 0x5E, 0x4E,
    0xA7, 0x99, 0x90, 0x54, 0x81, 0x68, 0x51, 0xFD, 0xEF, 0x75, 0x06, 0xF3, 0xC7, 0x28, 0x45, 0x2C,
    0x5A, 0xB8, 0x96, 0xA9, 0x83, 0xB7, 0x7F, 0xB9, 0xFC, 0xA5, 0x46, 0xA7, 0x83, 0x5E, 0x70, 0x0B,
    0xE2, 0xBB, 0xB9, 0xBA, 0x36, 0xDC, 0xBB, 0x20, 0xFE, 0x22, 0x91, 0xA2, 0xBB, 0xC5, 0x03, 0xA2,
    0x76, 0x29, 0xAA, 0xA6, 0x5B, 0x84, 0xBF, 0xB2, 0x02, 0xAA, 0x63, 0x42, 0x20, 0xC2, 0xEF, 0xA2,
    0xFA, 0xA9, 0x44, 0x2A, 0x98, 0xB8, 0xEB, 0x31, 0x7A, 0x9E, 0x34, 0xDC, 0xF1, 0xAC, 0x60, 0x5A,
    0x46, 0xEE, 0xF6, 0x8E, 0x5E, 0x5F, 0x2C, 0x52, 0x1E, 0x5C, 0x44, 0xE6, 0x5C, 0x62, 0xDD, 0x19,
    0xD7, 0x96, 0x7D, 0xF4, 0x8E, 0xAC, 0xF2, 0x64, 0xDE, 0x96, 0x98, 0x16, 0x39, 0x82, 0x72, 0x03,
    0x6E, 0x26, 0x77, 0xFE, 0x0D, 0x70, 0x82, 0x67, 0xD1, 0x37, 0xD6, 0x89, 0x36, 0xFC, 0x45, 0xFC,
    0x7F, 0xB7, 0x7C, 0x4C, 0x4B, 0x53, 0x06, 0xE7, 0xBD, 0x66, 0x08, 0x0E, 0x23, 0x8A, 0x84, 0x90,
    0x2B, 0x23, 0x92, 0x4D, 0xAC, 0x7A, 0xB4, 0xEA, 0x4D, 0xCD, 0xC3, 0x72, 0x3E, 0x53, 0x5B, 0xA0,
    0x9B, 0xCF, 0x5C, 0xCE, 0x8D, 0xBF, 0xA1, 0x41, 0x8A, 0x6C, 0x10, 0x47, 0xB4, 0x91, 0x69, 0xBB,
    0xA2, 0x09, 0xD4, 0x80, 0x6B, 0x98, 0x7B, 0x81, 0x57, 0xC1, 0x11, 0x72, 0x86, 0xCC, 0xFE, 0xC3,
    0x75, 0x56, 0x15, 0xF9, 0xDC, 0xDD, 0x03, 0xEB, 0xEA, 0x6A, 0x98, 0x29, 0x3E, 0xDF, 0x9B, 0xFD,
    0xF3, 0x94, 0xC9, 0x23, 0x44, 0xEE, 0xDB, 0x7B, 0x16, 0xA0, 0xF0, 0x24, 0x45, 0x93, 0x2F, 0xE1,
    0xD2, 0x49, 0xF9, 0x10, 0x2C, 0x2B, 0x41, 0x87, 0xC1, 0x4A, 0x24, 0x4D, 0x36, 0x09, 0x0D, 0x05,
    0x51, 0x07, 0x98, 0xEE, 0xB1, 0x03, 0xDD, 0xA3, 0x4E, 0x06, 0xEB, 0x0E, 0x22, 0x14, 0x75, 0x08,
    0x5E, 0x12, 0xC8, 0x90, 0x78, 0x3C, 0x17, 0xB9, 0xBB, 0x4F, 0x38, 0x35, 0xF0, 0x02, 0xB0, 0x23,
    0x52, 0xFF, 0x05, 0xF0, 0xD1, 0x84, 0xD8, 0x02, 0xC1, 0x72, 0x2A, 0x6B, 0x80, 0x98, 0x4A, 0xDD,
    0x1B, 0x93, 0x7C, 0xD7, 0xEC, 0xDA, 0xB1, 0x40, 0x33, 0x49, 0xCD, 0xA2, 0x0A, 0x50, 0xCB, 0x3C,
    0xFD, 0xE3, 0x7D, 0x6B, 0x46, 0xDD, 0x92, 0x43, 0x5E, 0x71, 0xC8, 0x83, 0xAB, 0x43, 0xF6, 0x51,
    0xD7, 0xC7, 0xD9, 0xD6, 0x21, 0xA2, 0x20, 0x94, 0x82, 0x00, 0x09, 0x14, 0xF6, 0x73, 0x68, 0xC5,
    0xFA, 0xE2, 0x92, 0xA6, 0x22, 0x46, 0x2E, 0xFC, 0x23, 0xFE, 0x9A, 0xD6, 0x47, 0x6B, 0xA1, 0x5E,
    0x8C, 0xC0, 0x3A, 0x12, 0x26, 0x9C, 0xB6, 0x1F, 0xC1, 0x70, 0x4E, 0x97, 0xB4, 0x92, 0x2D, 0xE9,
    0x10, 0x26, 0x70, 0xA5, 0x90, 0x92, 0x7B, 0xCD, 0x26, 0xD8, 0x7E, 0xC4, 0x9F, 0x23, 0x6B, 0x6F,
    0xD2, 0xEC, 0x4C, 0x52, 0xDB, 0x86, 0xB6, 0x45, 0x58, 0xE3, 0xC8, 0xA5, 0x64, 0x8D, 0x64, 0xBB,
    0x0B, 0x2D, 0x59, 0x44, 0xFA, 0x7F, 0x73, 0x15, 0x3C, 0xA1, 0x4A, 0x6C, 0xFB, 0xC0, 0x4E, 0x2F,
    0xD9, 0xFF, 0xB8, 0x67, 0x3D, 0xFB, 0x9F, 0x01, 0xD9, 0x9A, 0xFF, 0xE3, 0x4F, 0x6C, 0x7A, 0x10,
    0x8F, 0x5B, 0xEF, 0xD5, 0x40, 0xE0, 0x77, 0xD1, 0xB8, 0xBD, 0x31, 0xB8, 0x64, 0x47, 0xD4, 0x68,
    0x1D, 0x93, 0xBA, 0xEC, 0xDC, 0xDC, 0x91, 0x80, 0xD1, 0x0C, 0x8C, 0x73, 0x5E, 0xB5, 0x72, 0x4A,
    0xCD, 0xC4, 0x1B, 0x8B, 0x5C, 0x93, 0xCF, 0x05, 0x5E, 0x24, 0x93, 0x53, 0x62, 0x1B, 0xBF, 0x1C,
    0xAF, 0x21, 0x73, 0xD2, 0x66, 0x24, 0xBC, 0x53, 0x95, 0x36, 0xBC, 0x50, 0x94, 0x06, 0x22, 0x3D,
    0xFB, 0x9B, 0x06, 0x84, 0x6C, 0x95, 0x40, 0x9D, 0x97, 0x1F, 0xF6, 0x9C, 0xA5, 0x7F, 0x4E, 0x96,
    0xF0, 0x0B, 0x65, 0x8E, 0x64, 0xA1, 0x38, 0x5B, 0xBA, 0x9E, 0xAE, 0xDC, 0xB1, 0x91, 0xD6, 0xA5,
    0x37, 0x0B, 0xDB, 0x22, 0x39, 0x77, 0xE5, 0xCE, 0x7E, 0xB8, 0xBB, 0x47, 0x87, 0xDB, 0x47, 0xB5,
    0x71, 0x21, 0x0B, 0xAC, 0x7F, 0x96, 0x8F, 0x02, 0xF7, 0xF1, 0x06, 0xDC, 0xC5, 0x06, 0xDC, 0xF5,
    0x06, 0xDC, 0xED, 0x2E, 0xB8, 0xC7, 0xF3, 0xE1, 0x4E, 0x57, 0x7E, 0x6F, 0xE2, 0x9A, 0x86, 0x4B,
    0xD8, 0x95, 0x85, 0x04, 0x25, 0x65, 0xC1, 0x72, 0xD9, 0x5C, 0xC8, 0xE0, 0x99, 0xA5, 0x41, 0xE5,
    0x40, 0x90, 0x5E, 0x63, 0xA9, 0x2B, 0xBE, 0xCF, 0x2C, 0x28, 0x62, 0x08, 0x3C, 0x8C, 0x8E, 0xC8,
    0x7E, 0xCC, 0x62, 0x07, 0x86, 0x64, 0xF8, 0xC9, 0x1B, 0x3E, 0x52, 0x87, 0xD2, 0x42, 0xBB, 0x25,
    0x37, 0xCF, 0x87, 0x35, 0xC0, 0xA9, 0x96, 0x1B, 0xD8, 0x79, 0x61, 0x12, 0x2A, 0x9D, 0x0C, 0x6A,
    0x81, 0xE6, 0xF8, 0x05, 0xF1, 0x31, 0xAA, 0x51, 0xF8, 0xC0, 0x96, 0x00, 0xDF, 0x98, 0x68, 0x23,
    0xE5, 0x4D, 0x96, 0x18, 0xF1, 0x9C, 0x97, 0x9D, 0x4D, 0x9C, 0xFF, 0x8A, 0x89, 0x84, 0x06, 0x19,
    0x45, 0xBA, 0xDB, 0x4B, 0xAA, 0xA1, 0x25, 0xC4, 0x2B, 0xF3, 0xA2, 0xAC, 0x59, 0x12, 0x57, 0x15,
    0xB7, 0x3F, 0x63, 0x19, 0x78, 0xE5, 0x7D, 0x09, 0x35, 0xB3, 0x53, 0xF6, 0xC0, 0xC2, 0xF3, 0xCE,
    0x5A, 0x2C, 0x8E, 0xC2, 0x31, 0xE6, 0xE3, 0x2A, 0x66, 0xC8, 0x64, 0x90, 0x2C, 0xEA, 0xA7, 0x13,
    0x90, 0xAC, 0x51, 0xE4, 0x14, 0x8F, 0xE5, 0xC1, 0x92, 0x14, 0xA8, 0x8B, 0xAE, 0x98, 0xA9, 0xBC,
    0x2E, 0xA5, 0x20, 0x32, 0x02, 0x2C, 0xA9, 0x2A, 0x11, 0xC1, 0xE7, 0xEE, 0x7A, 0x6E, 0x1F, 0x0B,
    0x89, 0xD6, 0xE2, 0x46, 0x12, 0xA9, 0x8E, 0xBB, 0x12, 0xC3, 0x87, 0x33, 0x35, 0xA3, 0x2B, 0x19,
    0x3F, 0x1F, 0x85, 0x66, 0x8D, 0x02, 0xBB, 0x63, 0x33, 0x0A, 0x35, 0x1F, 0xBF, 0xF9, 0xA5, 0x50,
    0x08, 0x1F, 0x01, 0x85, 0x64, 0x07, 0x0A, 0x10, 0x46, 0xB0, 0x84, 0x2B, 0x1C, 0xFC, 0x91, 0xC4,
    0x29, 0x6E, 0xC9, 0x97, 0x48, 0x0B, 0xAF, 0xDB, 0xE6, 0x7E, 0x8A, 0x3A, 0xA7, 0x07, 0x5C, 0xA1,
    0x4A, 0xAC, 0xA7, 0x47, 0x24, 0x7C, 0x88, 0x79, 0xDE, 0x3F, 0x5C, 0x05, 0x92, 0x70, 0x18, 0x1D,
    0xD3, 0xC1, 0x73, 0x61, 0x39, 0xDD, 0xDE, 0x5B, 0xB1, 0xD1, 0xC6, 0xFC, 0x06, 0xBB, 0xC1, 0x6D,
    0x30, 0x1B, 0xBC, 0x06, 0xAB, 0x95, 0xD3, 0x4F, 0x3E, 0xCB, 0xDE, 0x5D, 0x3B, 0xFE, 0x9A, 0x9E,
    0x97, 0x31, 0xA8, 0xA1, 0xC0, 0x06, 0x3E, 0x7F, 0xA5, 0x81, 0x10, 0xA7, 0xC5, 0xBF, 0x36, 0x06,
    0x86, 0x28, 0xC4, 0xE8, 0x5C, 0x68, 0xDC, 0xB3, 0x8E, 0x58, 0xD6, 0xE5, 0xC1, 0xE9, 0xC0, 0x9A,
    0xA8, 0x9B, 0x4B, 0x71, 0x32, 0x54, 0x08, 0xA6, 0x05, 0xCF, 0x05, 0x71, 0xC3, 0xE5, 0xB3, 0xD1,
    0x67, 0xB2, 0x63, 0xCB, 0x30, 0x17, 0xC9, 0x6C, 0xD7, 0x20, 0x5C, 0x02, 0xE5, 0x22, 0x3B, 0x9D,
    0xF8, 0xB2, 0x74, 0xD1, 0xA2, 0x2A, 0x44, 0xD6, 0x2D, 0x64, 0x76, 0x61, 0x0C, 0xEE, 0x50, 0x2E,
    0xF5, 0xB6, 0x72, 0x49, 0x44, 0xB9, 0xF0, 0xFD, 0x09, 0xA3, 0x47, 0x52, 0x2E, 0x80, 0xEA, 0x31,
    0x94, 0x4B, 0x0C, 0x8B, 0xBB, 0x91, 0xA6, 0x4E, 0xA6, 0x53, 0x32, 0x6D, 0xAA, 0xB4, 0x22, 0xF5,
    0x98, 0x54, 0x29, 0xC2, 0x3B, 0x55, 0x86, 0xA6, 0x78, 0x99, 0xCD, 0xEA, 0x78, 0xF5, 0x1D, 0x76,
    0x1E, 0x0E, 0xBF, 0x9E, 0x4A, 0xAD, 0x65, 0x6A, 0x38, 0xD5, 0xC8, 0x90, 0x1D, 0xD6, 0x8D, 0x09,
    0xAB, 0xE5, 0xA2, 0xE5, 0x78, 0x58, 0xAE, 0x21, 0x73, 0x29, 0x77, 0xBC, 0x0B, 0x4E, 0xB5, 0x76,
    0xA8, 0x5B, 0x3C, 0x87, 0x0C, 0x08, 0x66, 0xA1, 0xD1, 0xFD, 0xD8, 0xB0, 0x34, 0x96, 0xBD, 0x30,
    0x12, 0x8D, 0xE9, 0xA0, 0x9C, 0x7E, 0xB5, 0x59, 0x71, 0x7B, 0x7E, 0x7A, 0xDD, 0x15, 0x9C, 0xCA,
    0xEF, 0x6F, 0x6B, 0xF6, 0x5B, 0x3C, 0xF5, 0x33, 0xCC, 0xF7, 0x98, 0x25, 0x85, 0xCC, 0xE2, 0x6C,
    0xFE, 0x20, 0xCF, 0xDE, 0x9A, 0xEF, 0x96, 0x0D, 0x44, 0x52, 0x96, 0xF8, 0x49, 0xD4, 0x99, 0x6C,
    0x1F, 0x18, 0x45, 0xE9, 0x7B, 0x12, 0x0D, 0xFD, 0x5C, 0x26, 0x24, 0xB7, 0x89, 0x64, 0x25, 0x5B,
    0xCD, 0xAC, 0xB6, 0x75, 0xFD, 0x79, 0x30, 0x66, 0xBB, 0x60, 0xFC, 0x06, 0xC3, 0xF8, 0xFC, 0xD9,
    0x62, 0xB7, 0xFE, 0x61, 0x30, 0x9E, 0x9F, 0xE1, 0xAF, 0xF6, 0x66, 0xF8, 0xC5, 0x64, 0x23, 0x0F,
    0xEF, 0xBF, 0xCF, 0xC2, 0xA8, 0xF1, 0xCA, 0xB4, 0xD1, 0x10, 0xF5, 0xAB, 0x5C, 0xCD, 0xD4, 0x72,
    0x31, 0xD0, 0x27, 0x37, 0xB5, 0xAE, 0x8A, 0x59, 0x77, 0x95, 0xCD, 0xA4, 0x92, 0x47, 0xEC, 0x4F,
    0xEC, 0x47, 0xC7, 0x8B, 0xD4, 0xFC, 0x63, 0xE5, 0xE7, 0x17, 0xFB, 0x36, 0xC9, 0x12, 0x8C, 0xE7,
    0x78, 0x5C, 0xDC, 0xD1, 0x9D, 0x7D, 0x0E, 0x9C, 0x45, 0xBF, 0x9B, 0x9B, 0x8E, 0x8D, 0xD5, 0x35,
    0xE1, 0xE6, 0x1B, 0x8F, 0xCC, 0x4D, 0x56, 0x11, 0x93, 0x2C, 0xD2, 0x18, 0x65, 0x53, 0x95, 0xB7,
    0xFF, 0x58, 0xDC, 0x7C, 0x59, 0xA2, 0xCB, 0xAC, 0x7F, 0x38, 0x4F, 0x44, 0xE2, 0x75, 0x20, 0x8B,
    0x14, 0xFA, 0x2B, 0xF6, 0xC1, 0x5B, 0x4E, 0x82, 0x9D, 0x14, 0x23, 0xAE, 0x20, 0x6B, 0x4B, 0x8A,
    0x68, 0xAB, 0x04, 0x9D, 0x99, 0x38, 0xFF, 0x4E, 0x1E, 0xD7, 0xDA, 0x15, 0x9C, 0x08, 0xF7, 0x44,
    0xB7, 0xE6, 0xC5, 0xA1, 0x90, 0xDD, 0xA5, 0x5A, 0xD8, 0x39, 0x9A, 0x05, 0x21, 0xC9, 0xF7, 0x45,
    0x64, 0xFE, 0xC2, 0x1C, 0x55, 0xFB, 0x17, 0x6B, 0xF2, 0x9A, 0x9D, 0x58, 0xB6, 0x04, 0x40, 0x0B,
    0xFD, 0x96, 0xCB, 0x02, 0x7B, 0x98, 0x96, 0xB2, 0x64, 0x57, 0x58, 0xF5, 0x86, 0xF2, 0xEA, 0x96,
    0xB2, 0x67, 0x58, 0xB6, 0x05, 0xAF, 0x22, 0x86, 0x30, 0x78, 0x9D, 0xF4, 0xC3, 0x6F, 0xB5, 0xA2,
    0x7C, 0xD1, 0x72, 0x14, 0x84, 0x33, 0x04, 0x1C, 0x03, 0x09, 0x6B, 0x11, 0x0F, 0x36, 0xA0, 0x18,
    0x33, 0x4E, 0x0F, 0x30, 0x68, 0x71, 0x21, 0x6D, 0xB2, 0xD2, 0xAA, 0x73, 0x05, 0xF3, 0x86, 0x62,
    0x3B, 0xE8, 0x24, 0x8E, 0x99, 0x8E, 0x74, 0xB6, 0xD4, 0x4C, 0xEA, 0x8A, 0xDD, 0xAB, 0x2E, 0x08,
    0x90, 0xDE, 0x8D, 0xA4, 0xDA, 0xB8, 0x98, 0xEB, 0xD9, 0xB8, 0x6F, 0x51, 0x71, 0xD6, 0xB3, 0x93,
    0x52, 0x4F, 0x52, 0xDA, 0x25, 0x7B, 0x1E, 0x5C, 0xC4, 0x1D, 0x68, 0x1D, 0xF7, 0x7A, 0xFD, 0x4D,
    0xB4, 0xB5, 0x40, 0x6A, 0x72, 0x95, 0xDD, 0x67, 0x82, 0xEE, 0x39, 0x82, 0xEE, 0x24, 0xCE, 0x59,
    0xC7, 0xB5, 0x8F, 0xBC, 0xA9, 0x12, 0x47, 0xDF, 0x63, 0xDE, 0x0E, 0x69, 0xBA, 0x95, 0xA3, 0xE8,
    0x1B, 0x75, 0xDF, 0x15, 0x97, 0x7E, 0x8F, 0xB2, 0x7A, 0x20, 0xB6, 0x6E, 0x57, 0x04, 0x5D, 0x3A,
    0x76, 0x72, 0x56, 0xCD, 0x3C, 0x0B, 0xA8, 0x3D, 0x7C, 0xCB, 0xDA, 0x8B, 0x46, 0x2A, 0xAA, 0xBC,
    0x56, 0x66, 0x3F, 0xA9, 0x20, 0x0B, 0xBA, 0xC4, 0x6D, 0x1A, 0xA2, 0x8B, 0x46, 0x35, 0x1F, 0x94,
    0x36, 0xE6, 0x19, 0x44, 0xD0, 0x93, 0xE4, 0xC4, 0x88, 0x62, 0x0C, 0xBB, 0x28, 0x50, 0xDE, 0xBD,
    0x2D, 0xD1, 0x45, 0xA3, 0x39, 0xA3, 0xE4, 0x76, 0xAA, 0x9D, 0xB4, 0x48, 0xB0, 0x96, 0x94, 0x7E,
    0x50, 0x25, 0x9B, 0xEF, 0xA7, 0x69, 0xE3, 0xFA, 0xDD, 0x28, 0x3F, 0xBD, 0xE3, 0xD3, 0x7F, 0x6B,
    0x5D, 0x9B, 0x95, 0x63, 0x6E, 0xBC, 0x05, 0xFF, 0xB7, 0x0B, 0xF8, 0xD8, 0xC3, 0x24, 0x2C, 0xCB,
    0xB5, 0xBD, 0xBD, 0x9D, 0x87, 0xBA, 0x70, 0xBC, 0x93, 0x2E, 0x97, 0xB0, 0x49, 0x2D, 0x33, 0xBB,
    0xFD, 0xBE, 0x6C, 0xE6, 0x3A, 0xCA, 0xB2, 0xFE, 0xB0, 0x95, 0x6D, 0x17, 0xE2, 0x22, 0x7B, 0x16,
    0x47, 0x2F, 0x7D, 0xC2, 0xE3, 0x34, 0x1C, 0xD9, 0x24, 0x8C, 0x5B, 0x2C, 0xCC, 0xAA, 0xB8, 0xB8,
    0xAA, 0xE4, 0x8C, 0x9B, 0xD7, 0x6F, 0x2E, 0x56, 0xBE, 0x60, 0x34, 0x9F, 0x5E, 0x1D, 0xEA, 0xD6,
    0x35, 0x6D, 0xAF, 0x69, 0x70, 0x6D, 0xB1, 0xF5, 0xFE, 0x41, 0xA5, 0x76, 0xA9, 0xB4, 0x07, 0x72,
    0xBB, 0x8B, 0x1F, 0x6B, 0xF5, 0xBC, 0x8D, 0x95, 0x74, 0x69, 0xD7, 0x86, 0xD3, 0xFF, 0x6C, 0xD6,
    0x1B, 0x4E, 0xAB, 0xB2, 0xB0, 0x73, 0x04, 0x30, 0x58, 0x97, 0x76, 0xC7, 0x6B, 0x6B, 0x20, 0xFB,
    0x70, 0xF6, 0xE2, 0xCB, 0x95, 0x9B, 0x56, 0xFC, 0x61, 0x0E, 0x85, 0xFA, 0xC7, 0x7B, 0xAB, 0x26,
    0x25, 0x4F, 0x59, 0x19, 0x4E, 0x4D, 0xD9, 0x82, 0x2C, 0xEF, 0xC2, 0x1B, 0xB1, 0xCA, 0x97, 0xCB,
    0x42, 0xB8, 0x12, 0x3B, 0x6D, 0x24, 0x71, 0x36, 0x81, 0xED, 0x2E, 0xA5, 0x97, 0xAD, 0x70, 0xCA,
    0x86, 0x7F, 0x2E, 0x9E, 0x02, 0xAB, 0xB7, 0xDB, 0x22, 0x53, 0x39, 0xB1, 0x7B, 0x90, 0x53, 0xBA,
    0x91, 0x8F, 0x05, 0x82, 0xB5, 0xF7, 0x39, 0xF1, 0xBA, 0x95, 0xCD, 0x34, 0x3F, 0x25, 0xDB, 0xBE,
    0x91, 0x35, 0x36, 0x1F, 0xDA, 0x0A, 0xE5, 0x30, 0xE4, 0xDF, 0xBC, 0x4F, 0x5E, 0x4D, 0x81, 0xD3,
    0xE4, 0x67, 0xC4, 0x37, 0x71, 0xF2, 0x32, 0xBA, 0xFE, 0x86, 0x9C, 0xDE, 0x20, 0x3E, 0x48, 0x48,
    0x84, 0x9C, 0x31, 0xFB, 0x81, 0xAC, 0x68, 0xFA, 0x84, 0x50, 0xF8, 0x2F, 0xC9, 0xFF, 0x7D, 0xDA,
    0x1A, 0xFB, 0xA9, 0x44, 0x59, 0x3E, 0x6B, 0x4C, 0xF9, 0x79, 0xED, 0xF6, 0x68, 0xD0, 0x7D, 0x1A,
    0x58, 0x3D, 0xE7, 0x22, 0x09, 0xB9, 0x75, 0xFA, 0x18, 0xB9, 0x86, 0xC5, 0x86, 0x1C, 0x0B, 0x5F,
    0x29, 0x13, 0xFE, 0xF2, 0xFE, 0x14, 0xE9, 0xCC, 0x75, 0x8D, 0x44, 0xFB, 0xBA, 0xEF, 0xAA, 0x06,
    0x69, 0x88, 0x4B, 0x93, 0xB2, 0x3F, 0xD3, 0xCA, 0xCB, 0xB8, 0xD8, 0xA1, 0x25, 0x39, 0x68, 0x1D,
    0x36, 0x44, 0x04, 0xC9, 0x61, 0xDC, 0xE7, 0x9C, 0x2A, 0xAC, 0x92, 0x01, 0xD9, 0xDC, 0x2A, 0x1C,
    0xB0, 0xDF, 0x79, 0x15, 0x0C, 0xC8, 0xEB, 0x54, 0x7E, 0xCF, 0x61, 0x2E, 0x6A, 0x3B, 0xDF, 0x16,
    0xD7, 0xCA, 0x2A, 0xE0, 0x50, 0xD9, 0xF7, 0xCA, 0x3A, 0x68, 0xA8, 0x7D, 0xB7, 0xAC, 0x43, 0x12,
    0xE3, 0xA2, 0x2D, 0xEB, 0xB8, 0xF0, 0xED, 0xCF, 0xA9, 0x4D, 0x88, 0xA8, 0x37, 0xEB, 0xB2, 0xBE,
    0x46, 0xED, 0x2F, 0xAA, 0xB2, 0xBE, 0x45, 0xED, 0x2F, 0x57, 0xE5, 0x07, 0xBC, 0xF0, 0xF0, 0xD4,
    0x94, 0x1F, 0x36, 0xD8, 0x75, 0x3E, 0xBF, 0x57, 0x81, 0x78, 0xE6, 0x00, 0x67, 0x07, 0x38, 0x14,
    0xE5, 0x69, 0xE2, 0xDC, 0x93, 0xF8, 0xCC, 0xF2, 0x25, 0xE2, 0xE6, 0x8B, 0xA8, 0x69, 0x67, 0x93,
    0xDF, 0x4B, 0x9C, 0xBA, 0x28, 0x45, 0x8E, 0x91, 0x1F, 0xB9, 0xE9, 0x16, 0x0E, 0x6C, 0xCA, 0x55,
    0xCE, 0xEB, 0x09, 0x6D, 0x91, 0xF3, 0xB2, 0x1B, 0x04, 0x8E, 0x38, 0x6F, 0xE5, 0x0F, 0xA8, 0x35,
    0x0A, 0x3A, 0x68, 0x22, 0x96, 0x04, 0xD9, 0xB6, 0x0C, 0x81, 0x33, 0x71, 0xF4, 0x6F, 0x03, 0x03,
    0x4F, 0xCA, 0xAD, 0x51, 0xD1, 0x9F, 0x8E, 0x90, 0x93, 0x64, 0x4C, 0x10, 0x79, 0x99, 0xAE, 0x09,
    0x45, 0xB7, 0x16, 0x4B, 0xFF, 0x82, 0xAD, 0x28, 0xCE, 0x43, 0x0B, 0xFC, 0x65, 0xDA, 0xBE, 0x22,
    0x7E, 0x6B, 0x2A, 0x7E, 0x62, 0xB6, 0xDE, 0xB1, 0x53, 0x4B, 0xD5, 0x73, 0x8D, 0x6F, 0x4A, 0xAD,
    0xD8, 0x00, 0x25, 0x93, 0xD4, 0x08, 0x71, 0x66, 0xD0, 0x8B, 0x5B, 0x75, 0x91, 0x03, 0xAF, 0xE9,
    0xE5, 0xA8, 0x61, 0xC4, 0x35, 0x09, 0xD8, 0x8E, 0x80, 0x77, 0x65, 0x4D, 0xC4, 0x93, 0x0D, 0x74,
    0x0F, 0xD5, 0x49, 0x68, 0x1A, 0x85, 0x42, 0xD1, 0xBE, 0x1E, 0x2A, 0x0E, 0x2A, 0x5F, 0x87, 0x09,
    0x96, 0xA5, 0x35, 0x91, 0x0E, 0x8F, 0x15, 0xA4, 0x2F, 0x95, 0x14, 0xC1, 0xEB, 0xB2, 0xA3, 0x99,
    0x6C, 0x23, 0xF7, 0xD9, 0x72, 0x1B, 0xB9, 0xCD, 0x7D, 0x9B, 0x35, 0x39, 0xA7, 0x5B, 0xF4, 0x68,
    0x0D, 0x75, 0xB6, 0x5C, 0x04, 0xA2, 0xBB, 0xB8, 0x20, 0xEB, 0x70, 0xED, 0x54, 0x23, 0x83, 0xB2,
    0xEC, 0xCB, 0xED, 0x1D, 0x13, 0x57, 0x48, 0x41, 0xA4, 0x0D, 0x62, 0x1F, 0x59, 0x8B, 0xD1, 0x90,
    0x35, 0x52, 0xC2, 0x51, 0xEC, 0x2B, 0xD7, 0xB8, 0xF4, 0xF0, 0xCF, 0x11, 0x8F, 0xD5, 0x22, 0x9C,
    0x97, 0x09, 0xDE, 0xB2, 0xBB, 0x82, 0xCE, 0x4B, 0xDE, 0xD9, 0xAC, 0x39, 0x4F, 0x61, 0x58, 0xAE,
    0x6C, 0xF9, 0x7E, 0x81, 0x3D, 0x79, 0x87, 0xC6, 0x5C, 0xD8, 0x41, 0x7F, 0x53, 0x8F, 0x63, 0x29,
    0x40, 0x60, 0x02, 0xA8, 0xE1, 0x74, 0x1E, 0xA9, 0x0B, 0x51, 0x29, 0x12, 0x56, 0x75, 0xFB, 0xCF,
    0x09, 0x89, 0x06, 0xF5, 0x24, 0xBA, 0xF9, 0xC3, 0xD6, 0x15, 0xAA, 0xC6, 0x50, 0x9E, 0xE6, 0xAE,
    0x08, 0xDD, 0x15, 0x05, 0xEB, 0x7D, 0xBE, 0x22, 0xD3, 0x0D, 0x7A, 0x65, 0x28, 0xDF, 0xA1, 0x2B,
    0x6A, 0x5E, 0x53, 0x1E, 0xDB, 0xDF, 0x5D, 0x7F, 0x8D, 0x97, 0xAC, 0x81, 0x4C, 0x34, 0xFD, 0x9A,
    0x41, 0x12, 0x53, 0x2D, 0x9B, 0x39, 0x76, 0x2E, 0x62, 0x74, 0xB8, 0x3D, 0xD0, 0x51, 0x25, 0xE1,
    0x21, 0xA2, 0x14, 0x4C, 0x27, 0xF4, 0x1C, 0x42, 0x8C, 0x40, 0x0C, 0x6B, 0xE0, 0x8B, 0x9D, 0x84,
    0x3D, 0xBD, 0xA5, 0x68, 0x5A, 0xD4, 0xF9, 0x7A, 0x5A, 0x3D, 0x57, 0x19, 0xB7, 0x55, 0xA8, 0xEC,
    0x02, 0x9E, 0xAB, 0x8E, 0x37, 0xEF, 0xE2, 0x8F, 0x3D, 0x63, 0x47, 0x56, 0x08, 0x57, 0x51, 0xF0,
    0xE2, 0xE5, 0x93, 0x53, 0x44, 0xDD, 0xB0, 0xA3, 0xCB, 0xFC, 0x3F, 0x51, 0x56, 0x1B, 0xF1, 0xAA,
    0x1D, 0x62, 0x60, 0xF6, 0x6E, 0xD6, 0x76, 0xB9, 0x91, 0x92, 0x1D, 0x28, 0xE7, 0x1D, 0x47, 0x17,
    0xDB, 0x8E, 0x76, 0xDB, 0x08, 0x01, 0x20, 0xE0, 0x03, 0x78, 0x80, 0x0E, 0xC0, 0x51, 0x6C, 0x32,
    0xB7, 0x47, 0x0D, 0x80, 0x09, 0x64, 0x5B, 0xC8, 0x95, 0xA2, 0x22, 0x05, 0x52, 0x84, 0x09, 0x20,
    0x01, 0x22, 0x00, 0x04, 0x78, 0x00, 0x0E, 0x87, 0x86, 0xEE, 0x54, 0x9E, 0x9B, 0x9C, 0x41, 0xD1,
    0x7D, 0xCA, 0x13, 0x27, 0x56, 0x8D, 0x74, 0xBA, 0xDA, 0xA8, 0x84, 0x7F, 0x4A, 0xC0, 0x20, 0x7D,
    0x5D, 0xB2, 0xD9, 0x05, 0x43, 0xCE, 0xA6, 0xED, 0xEC, 0x11, 0x4A, 0x39, 0xC3, 0x95, 0xB7, 0x9F,
    0xB4, 0x61, 0xA3, 0xFF, 0x05, 0x40, 0xC2, 0x4A, 0xA1, 0x86, 0x6D, 0xC7, 0x48, 0xA2, 0xD4, 0xA1,
    0x84, 0xA8, 0x83, 0x79, 0x2F, 0xD4, 0x33, 0xCB, 0x98, 0x9A, 0xC5, 0xE2, 0xFB, 0x9D, 0xB1, 0xE2,
    0xE0, 0x9C, 0x04, 0xCA, 0xE6, 0x6A, 0xB0, 0xDD, 0xDB, 0xC6, 0x2E, 0x36, 0x01, 0xDF, 0xBD, 0x86,
    0x6A, 0x0F, 0x0D, 0xFA, 0xD4, 0xE5, 0x73, 0xE4, 0xCE, 0x2F, 0xBA, 0x7D, 0xA1, 0x8B, 0xC5, 0xAE,
    0x61, 0xFF, 0x07, 0xED, 0x5C, 0xBF, 0xB3, 0xE4, 0xC6, 0x71, 0x1E, 0x00, 0xE2, 0x5B, 0x9B, 0x08,
    0xA0, 0x40, 0x2A, 0x97, 0x79, 0x55, 0x86, 0x02, 0x05, 0x92, 0x58, 0x65, 0xC4, 0x56, 0x15, 0x0F,
    0x2B, 0xA9, 0x5C, 0x0C, 0x14, 0x98, 0x09, 0xED, 0x80, 0x81, 0x12, 0x05, 0x2E, 0x2A, 0x78, 0x7F,
    0x80, 0x7D, 0xDC, 0xB5, 0x15, 0x28, 0x50, 0xA0, 0x4B, 0x14, 0x8B, 0x01, 0x03, 0xF3, 0x29, 0x78,
    0x89, 0x03, 0x07, 0x77, 0x04, 0xC4, 0xC0, 0x0E, 0x14, 0x78, 0xCB, 0x0A, 0x1D, 0x78, 0x65, 0xAB,
    0xCA, 0x36, 0xE9, 0x32, 0x61, 0x17, 0x68, 0xE3, 0x4E, 0x00, 0xC6, 0xFD, 0xF5, 0xD7, 0x33, 0xC0,
    0xBE, 0xF7, 0xEE, 0x48, 0xFD, 0xB0, 0x78, 0xFC, 0xB1, 0xF5, 0x1E, 0x06, 0xBB, 0x8B, 0x1D, 0xCC,
    0x74, 0xF7, 0xF4, 0x8F, 0xAF, 0x7B, 0xE0, 0x9C, 0xBE, 0x76, 0xCE, 0x5E, 0x7E, 0xEF, 0x5C, 0xD2,
    0xCC, 0xDB, 0xC4, 0xB7, 0xCE, 0x95, 0xDE, 0xF7, 0x0E, 0x27, 0x7E, 0x6E, 0x66, 0xD7, 0xEC, 0xDD,
    0xC6, 0xEF, 0x73, 0xBF, 0xAF, 0xB7, 0xAE, 0x9C, 0x5C, 0xEA, 0xDB, 0xDB, 0xF2, 0xC3, 0x5E, 0xBE,
    0x3D, 0x0E, 0x38, 0x38, 0xD7, 0xFC, 0xFC, 0xE0, 0x32, 0x5C, 0x2F, 0x57, 0xCB, 0xB5, 0x5B, 0xF9,
    0x5A, 0xBE, 0x29, 0xBC, 0xE3, 0x49, 0x39, 0xDB, 0x49, 0x35, 0xC9, 0x49, 0x23, 0x27, 0xF5, 0x88,
    0x13, 0xE9, 0x62, 0x87, 0x13, 0xDF, 0xF3, 0x6B, 0xE7, 0x3B, 0x7E, 0x9D, 0x84, 0x93, 0xD4, 0x1F,
    0x78, 0x1D, 0x7B, 0x1F, 0xAE, 0xF6, 0x8E, 0x7E, 0x4A, 0x74, 0x51, 0xC9, 0xA1, 0x96, 0xEB, 0xF4,
    0x63, 0x0C, 0x09, 0x43, 0xDE, 0x60, 0x52, 0xD2, 0xD9, 0xDC, 0x4C, 0x9C, 0xAC, 0xD7, 0x6F, 0x9C,
    0x3B, 0xF3, 0x0F, 0x5C, 0x7C, 0x3D, 0xB5, 0xD5, 0xA6, 0xE2, 0x57, 0x75, 0x17, 0x9B, 0xF3, 0x79,
    0x2B, 0xCD, 0x46, 0x7E, 0x54, 0x1C, 0x5D, 0x35, 0x37, 0x63, 0xD1, 0xBA, 0xA6, 0x2B, 0xE6, 0x62,
    0x2B, 0x24, 0xD8, 0xF8, 0x3B, 0x18, 0x4B, 0x26, 0x3D, 0xCA, 0x2D, 0x33, 0xB9, 0x93, 0x90, 0x06,
    0x8D, 0x8C, 0x04, 0x8D, 0x8C, 0x0C, 0xB7, 0xAF, 0x07, 0x1D, 0xB1, 0x50, 0x2B, 0xF7, 0x4A, 0xB4,
    0x82, 0x8D, 0x5C, 0x8C, 0xC6, 0x86, 0x8D, 0x91, 0xCB, 0x95, 0x18, 0x5D, 0x35, 0xA6, 0x98, 0x6A,
    0xE1, 0x2F, 0x41, 0xB4, 0x14, 0x8C, 0xC0, 0xE0, 0xE6, 0xED, 0x32, 0xE0, 0xD1, 0xDA, 0xCC, 0xBB,
    0xDA, 0xFB, 0xAE, 0xF0, 0x5F, 0x5B, 0x9D, 0x24, 0x1E, 0x3D, 0x3B, 0x4F, 0x62, 0xD6, 0x6E, 0xE2,
    0xC9, 0xED, 0x64, 0x90, 0xAF, 0xA4, 0xFF, 0x3B, 0x9B, 0x23, 0xA9, 0xFA, 0x86, 0x0C, 0x4B, 0xA9,
    0xEA, 0x7F, 0x66, 0xE4, 0x1D, 0xB5, 0x4F, 0x21, 0xD9, 0xE0, 0x48, 0xE7, 0x04, 0xF7, 0xC6, 0xB8,
    0xD3, 0xCE, 0x28, 0x9B, 0xC5, 0x13, 0x50, 0x0B, 0x7C, 0xDD, 0xE0, 0x04, 0x7C, 0xDD, 0x1C, 0x8C,
    0x0D, 0x79, 0x6B, 0x8C, 0x29, 0xF4, 0x04, 0xAC, 0xDA, 0xDB, 0x49, 0xB9, 0x35, 0x41, 0xA8, 0x9D,
    0x7D, 0xF2, 0x8A, 0xB3, 0x8B, 0x75, 0x52, 0x95, 0x77, 0x1B, 0x9D, 0x6F, 0xE1, 0x1F, 0x62, 0x8C,
    0x4A, 0x00, 0xCF, 0xA9, 0xDF, 0xC2, 0x38, 0xE3, 0xEB, 0xB3, 0xD6, 0x36, 0x7B, 0x13, 0xDF, 0x36,
    0xB4, 0x8D, 0x3F, 0x88, 0x0C, 0xA3, 0x6D, 0x85, 0x92, 0xF5, 0xFE, 0xD2, 0xB7, 0x32, 0xBB, 0x1A,
    0xDC, 0x90, 0xC9, 0x3D, 0x47, 0xB9, 0xF8, 0x4A, 0x8F, 0x09, 0xE6, 0xFE, 0x07, 0x7B, 0xCC, 0x2F,
    0x47, 0xD7, 0x32, 0x2B, 0x15, 0xA9, 0x62, 0xC6, 0x9F, 0xB4, 0x93, 0x32, 0x09, 0xE2, 0x55, 0x99,
    0x84, 0xA9, 0xD4, 0xCA, 0x41, 0x65, 0x15, 0xFC, 0xD2, 0xB6, 0x4F, 0x94, 0x47, 0xBB, 0x3E, 0xD3,
    0xB6, 0xE9, 0x8B, 0x1D, 0xA8, 0xB4, 0x9B, 0xEF, 0xED, 0x86, 0xCF, 0x41, 0xE8, 0xFA, 0x1D, 0xBE,
    0xA8, 0x65, 0x10, 0x98, 0x53, 0x3E, 0xB9, 0x7C, 0x76, 0xEB, 0x97, 0x8C, 0xAD, 0x5B, 0xBD, 0x2D,
    0xDB, 0xF2, 0xB0, 0x7A, 0x5B, 0x74, 0xCD, 0x8A, 0xF7, 0x6E, 0xF3, 0xF3, 0x93, 0x1F, 0x67, 0x3A,
    0x86, 0xF8, 0x4A, 0x4D, 0xC0, 0xC3, 0xEB, 0x62, 0xEF, 0xDE, 0xEB, 0x25, 0x6B, 0x5D, 0x29, 0xEB,
    0xF1, 0x02, 0x0B, 0x48, 0x71, 0x7B, 0xEB, 0xFC, 0xF4, 0x92, 0xC8, 0x4F, 0xE2, 0xBF, 0xFF, 0x22,
    0x04, 0x0B, 0x32, 0xDB, 0x8C, 0x2E, 0x1D, 0xE5, 0x13, 0xDC, 0xB8, 0xE9, 0x44, 0x34, 0x21, 0x15,
    0x99, 0xDE, 0x58, 0xAE, 0xC4, 0x62, 0xC0, 0xB1, 0xE5, 0x5B, 0xD1, 0x1A, 0x22, 0x2A, 0xB5, 0xD7,
    0x75, 0x78, 0x14, 0xA2, 0xB7, 0x1B, 0x59, 0x44, 0x93, 0xE3, 0xD2, 0xDE, 0xE0, 0x32, 0x92, 0x0F,
    0x52, 0xAF, 0x52, 0xB8, 0xD1, 0x9E, 0xB2, 0xF0, 0x96, 0x3D, 0xC5, 0xB7, 0xDA, 0x93, 0xAE, 0x2C,
    0xFD, 0x6D, 0xA3, 0x62, 0x93, 0xCB, 0x80, 0xF1, 0x36, 0xF5, 0x26, 0x3C, 0xF8, 0x68, 0x6F, 0x3D,
    0xE9, 0xDB, 0x42, 0xAE, 0x60, 0x4F, 0xCA, 0x5C, 0x7C, 0xC4, 0x9E, 0x94, 0xC7, 0xA5, 0x0F, 0x3D,
    0xA9, 0x24, 0xD7, 0x53, 0xE8, 0x49, 0x39, 0xBE, 0x1B, 0xB5, 0x27, 0x88, 0x35, 0xDE, 0xEA, 0x1C,
    0xF7, 0x2A, 0xDC, 0x22, 0x07, 0x99, 0xCC, 0x02, 0x3D, 0x95, 0x7B, 0x5B, 0xDD, 0x7B, 0xE7, 0xB1,
    0xA6, 0xB7, 0x7A, 0xA1, 0xA8, 0x43, 0xED, 0xA9, 0xC1, 0xFC, 0xDE, 0xFD, 0x96, 0x87, 0xD4, 0xBD,
    0xFB, 0xE2, 0x4B, 0xB8, 0x1D, 0xC9, 0x5C, 0xA0, 0x99, 0x49, 0xED, 0xD7, 0x1C, 0xDF, 0x4E, 0x2B,
    0xE6, 0xDC, 0x77, 0xC5, 0xC2, 0xD0, 0x7A, 0xBB, 0xDB, 0x47, 0x76, 0x95, 0xFF, 0x30, 0x2F, 0xCC,
    0x2A, 0x74, 0xB8, 0x64, 0x95, 0xDC, 0xE2, 0x10, 0x19, 0x25, 0xB7, 0xDD, 0x47, 0x36, 0x05, 0x4D,
    0xDF, 0x51, 0xD0, 0xC3, 0x1B, 0x21, 0x15, 0x3A, 0x3D, 0x06, 0x06, 0xA1, 0xD3, 0x83, 0xB2, 0x07,
    0xEB, 0xE6, 0xAD, 0x4B, 0x23, 0xBD, 0x2E, 0xA2, 0xC2, 0x94, 0x86, 0xFC, 0xDF, 0x51, 0x5A, 0x41,
    0x5F, 0xC8, 0x1B, 0xAE, 0x09, 0x63, 0xCB, 0xA7, 0x55, 0xE3, 0x04, 0xA6, 0x18, 0x17, 0xC9, 0x92,
    0x9C, 0xA3, 0x25, 0x43, 0x74, 0x48, 0x81, 0x1D, 0x6A, 0x08, 0xC0, 0x8C, 0xCA, 0x54, 0x17, 0x75,
    0xE3, 0xA4, 0x14, 0x26, 0xE5, 0x65, 0x3E, 0xB9, 0x4E, 0xA7, 0x1E, 0xD5, 0x42, 0x08, 0xDB, 0x44,
    0xB3, 0x04, 0x26, 0x8C, 0xAE, 0xD8, 0xC2, 0x54, 0x94, 0x60, 0x81, 0x68, 0x56, 0xF4, 0x22, 0xAA,
    0x5F, 0x97, 0xC4, 0xCE, 0xFD, 0x8E, 0x7F, 0xD8, 0x28, 0xF9, 0xDF, 0xBA, 0x98, 0xD7, 0xC4, 0x9F,
    0xD6, 0xA4, 0x1F, 0x29, 0x2E, 0x23, 0x94, 0xDA, 0x1B, 0x76, 0x9A, 0x0D, 0x1B, 0x5D, 0x61, 0x72,
    0xF3, 0x64, 0xA6, 0x8D, 0x80, 0xDE, 0x6A, 0x74, 0x20, 0x6A, 0x05, 0x6B, 0x52, 0x56, 0x68, 0xEC,
    0xAA, 0x21, 0x10, 0x75, 0x45, 0x5F, 0xBE, 0xCE, 0x1F, 0xF8, 0x63, 0xA2, 0x6B, 0x2A, 0x03, 0x7D,
    0x53, 0xE5, 0x7B, 0xE9, 0xA1, 0x9D, 0xE6, 0x0B, 0xE9, 0x1C, 0xEA, 0xA3, 0x95, 0x95, 0xE3, 0x45,
    0x9D, 0x1C, 0x84, 0xAA, 0x1B, 0xB9, 0xE4, 0x98, 0xA9, 0x0D, 0xCB, 0xC5, 0xD8, 0xB4, 0xA2, 0xA6,
    0x44, 0x63, 0x25, 0xAA, 0xA6, 0x66, 0x55, 0xCA, 0x20, 0x8E, 0x10, 0x4C, 0x79, 0x29, 0x96, 0x11,
    0x04, 0x98, 0x69, 0x3A, 0x65, 0x80, 0xE5, 0xC4, 0x45, 0x03, 0x1B, 0x33, 0xB9, 0x60, 0x75, 0x40,
    0x45, 0xBC, 0x15, 0x05, 0x05, 0x7A, 0x83, 0x67, 0x72, 0x8A, 0x95, 0x2C, 0xBF, 0xFA, 0x9B, 0x5D,
    0x87, 0x45, 0x8D, 0x5F, 0xF5, 0x75, 0x9F, 0x35, 0x30, 0x59, 0xDB, 0xB4, 0xAB, 0xC7, 0xA2, 0x1E,
    0x3E, 0x2D, 0xBC, 0xDA, 0x74, 0xA5, 0xBF, 0x5F, 0xCF, 0xFD, 0x6E, 0xBE, 0xB8, 0xEC, 0x72, 0xDF,
    0x57, 0xFE, 0x88, 0xF9, 0xC8, 0xAC, 0xF6, 0x9B, 0x59, 0xC9, 0x78, 0x80, 0x74, 0xAA, 0x69, 0x16,
    0xC2, 0x55, 0x6A, 0xBA, 0xF4, 0xD4, 0x51, 0xA6, 0x77, 0x60, 0x7E, 0x33, 0x84, 0x75, 0xA5, 0x14,
    0x23, 0x35, 0x8D, 0x4C, 0xBB, 0xE5, 0x14, 0x36, 0x3F, 0xE1, 0xFA, 0xC5, 0x07, 0x29, 0xAD, 0x01,
    0x4F, 0x75, 0x19, 0xE3, 0x3B, 0x15, 0x2D, 0xB9, 0xEC, 0x60, 0x76, 0x8B, 0x97, 0xD1, 0xEA, 0xEB,
    0x77, 0x2A, 0x6E, 0x8B, 0x04, 0xDA, 0x77, 0x3C, 0xA5, 0x28, 0xCE, 0xCE, 0x4C, 0x1C, 0x95, 0x3D,
    0xBF, 0x03, 0x89, 0x9E, 0x5A, 0x1C, 0x8C, 0x8A, 0x0E, 0x0C, 0x4E, 0x6F, 0xD3, 0x85, 0xC1, 0x40,
    0xEF, 0x70, 0x12, 0x90, 0x00, 0xB3, 0x0C, 0x32, 0x3A, 0x51, 0x8C, 0xB5, 0xBA, 0x2D, 0xEF, 0xBE,
    0xF8, 0x8D, 0x41, 0x2F, 0x53, 0x59, 0xEB, 0x75, 0x3E, 0xAA, 0x52, 0xBB, 0x1B, 0xA5, 0x23, 0xCC,
    0xD5, 0x85, 0xE1, 0x5E, 0x3B, 0x5D, 0x96, 0x2C, 0x87, 0xA0, 0xAF, 0xB7, 0x4D, 0x4D, 0xA9, 0xFA,
    0x8E, 0xAA, 0xBE, 0xF9, 0xD9, 0x89, 0x75, 0x89, 0x9F, 0xCB, 0x2D, 0xC8, 0x9F, 0x54, 0xEE, 0x4B,
    0xF6, 0xE0, 0x8C, 0xDC, 0x51, 0x2A, 0x92, 0x39, 0xB0, 0x37, 0x4D, 0x77, 0x7D, 0x8C, 0x7A, 0xE6,
    0x65, 0x48, 0x1C, 0x2C, 0xEE, 0x48, 0xBE, 0x34, 0x42, 0x4A, 0xB2, 0x45, 0x5D, 0x03, 0x3D, 0xCB,
    0x7D, 0x60, 0x0A, 0x3E, 0x23, 0x4F, 0x40, 0x6D, 0xB2, 0xA4, 0x9C, 0xC2, 0x8C, 0xB0, 0xCA, 0x57,
    0x67, 0x73, 0x10, 0x09, 0xB2, 0xA3, 0x1E, 0x02, 0x37, 0x74, 0xA5, 0x29, 0x33, 0x30, 0x34, 0xF2,
    0x02, 0x03, 0x22, 0x2B, 0x30, 0x20, 0x72, 0x02, 0x03, 0x52, 0x46, 0x24, 0xAA, 0xC4, 0xC0, 0x07,
    0x0C, 0x8D, 0x6C, 0xC0, 0xD0, 0xC8, 0x85, 0x2C, 0x92, 0x6B, 0xE3, 0x83, 0x79, 0xCD, 0xFD, 0x75,
    0x62, 0x17, 0x51, 0x6D, 0x56, 0xC1, 0xED, 0xA2, 0x98, 0xE2, 0xF5, 0x67, 0x91, 0x69, 0x4D, 0xEC,
    0x4E, 0xBF, 0xCC, 0x65, 0x6D, 0x27, 0x62, 0xE7, 0x85, 0xB2, 0xEA, 0xFD, 0x8D, 0x6A, 0x18, 0x6A,
    0x6B, 0x86, 0xE0, 0x0B, 0xA6, 0x43, 0x24, 0xB4, 0x0F, 0xCD, 0x46, 0xCD, 0xC1, 0x71, 0x23, 0x3F,
    0x95, 0x19, 0x9C, 0xC9, 0xEA, 0xC1, 0xF0, 0xEB, 0x51, 0xC9, 0x5A, 0x0F, 0xF4, 0x2D, 0xD9, 0xEC,
    0xD4, 0x89, 0x41, 0x0F, 0xB9, 0x8F, 0x6A, 0x1D, 0xFE, 0x28, 0x7A, 0x38, 0x80, 0x82, 0xA0, 0x41,
    0xC5, 0x1E, 0x2A, 0xEB, 0x61, 0x0C, 0x3D, 0xE0, 0xA7, 0xDA, 0x80, 0x9A, 0x9F, 0xC9, 0xD5, 0x22,
    0x8E, 0xE8, 0xA1, 0x14, 0x7F, 0x57, 0x7A, 0x38, 0x9B, 0xB7, 0xE4, 0x41, 0x98, 0x79, 0x6D, 0x0D,
    0x67, 0xBF, 0xEB, 0x57, 0xE3, 0xA6, 0x18, 0xA4, 0x97, 0xB6, 0xDC, 0xA6, 0x95, 0x2B, 0x52, 0x7A,
    0x95, 0xFC, 0x9F, 0x98, 0x73, 0x31, 0x2E, 0x6F, 0x54, 0xEE, 0x0A, 0x28, 0x6C, 0xCA, 0x90, 0xFA,
    0x92, 0xA4, 0x3C, 0x04, 0x4A, 0xEC, 0x2D, 0xDF, 0x40, 0xE2, 0xC4, 0xDA, 0xEA, 0x1A, 0x74, 0x0F,
    0xF9, 0x46, 0x97, 0x40, 0xD2, 0x43, 0xA2, 0xF7, 0x1C, 0x58, 0xDA, 0xC1, 0xC8, 0x6D, 0xF9, 0x26,
    0xEB, 0x84, 0x0D, 0x95, 0x8D, 0x35, 0x13, 0x15, 0x06, 0x87, 0x53, 0x47, 0x9C, 0x1D, 0xA5, 0x9F,
    0xDB, 0xD4, 0x2F, 0xE2, 0xB2, 0xCA, 0x1D, 0x5E, 0xB1, 0x49, 0x40, 0xCB, 0xEE, 0xEF, 0xDB, 0x9B,
    0xA2, 0x55, 0xA3, 0x46, 0x41, 0x2F, 0xF6, 0xD2, 0x8E, 0x36, 0x49, 0xB9, 0x9F, 0xEF, 0x06, 0x13,
    0x77, 0xB9, 0xDF, 0xEE, 0x41, 0x6F, 0x12, 0x8F, 0xFB, 0xF9, 0xF0, 0xA6, 0xC6, 0x64, 0x3B, 0x93,
    0xFB, 0xDB, 0x90, 0xA8, 0xCE, 0x44, 0xFF, 0x0E, 0xC4, 0x23, 0x4C, 0xF4, 0x9E, 0x53, 0xE3, 0xC5,
    0x37, 0x13, 0x95, 0x9B, 0xBE, 0x39, 0xC7, 0x9D, 0xBD, 0xCD, 0xBA, 0xD1, 0x70, 0xC8, 0x66, 0xAD,
    0x31, 0x4C, 0xBD, 0x0F, 0xEC, 0x70, 0x6B, 0xDE, 0x5C, 0x91, 0xCF, 0xA0, 0x48, 0x6F, 0xD0, 0x37,
    0x27, 0xBA, 0x25, 0xAC, 0x4A, 0xBE, 0xBE, 0xBC, 0xF6, 0x40, 0xEA, 0xB5, 0x43, 0x59, 0x3D, 0x38,
    0x75, 0x1D, 0xD7, 0xBE, 0xC9, 0x10, 0x38, 0x7D, 0xD8, 0x8D, 0x81, 0xCF, 0x87, 0x66, 0x8C, 0x5C,
    0x06, 0xF5, 0x8D, 0xC7, 0x70, 0x6F, 0x8D, 0xC3, 0x41, 0x73, 0x15, 0x3C, 0x25, 0x77, 0x6B, 0x38,
    0x9C, 0xE4, 0x2D, 0x6E, 0x6F, 0x9C, 0xAD, 0xE0, 0x90, 0x74, 0x35, 0xF8, 0xAA, 0x1E, 0x48, 0x07,
    0x87, 0x9C, 0x6E, 0x23, 0xE4, 0xF5, 0xB6, 0x7E, 0x6A, 0x1C, 0x85, 0x88, 0x1B, 0x3F, 0x21, 0xE6,
    0xC6, 0x4D, 0x88, 0xBA, 0xF1, 0x12, 0xE2, 0x2E, 0xC1, 0x08, 0x38, 0x09, 0x59, 0x37, 0x3E, 0xEA,
    0x29, 0x0C, 0x3A, 0xE3, 0xB3, 0x1A, 0xD2, 0xDB, 0xA9, 0xF8, 0x1B, 0x07, 0x41, 0x66, 0xE3, 0x1F,
    0x44, 0xCB, 0xB8, 0x87, 0x53, 0xE3, 0x9D, 0xCC, 0x32, 0x70, 0x4E, 0x06, 0x1D, 0xF8, 0x06, 0xA5,
    0x6F, 0x5C, 0x5B, 0xC8, 0x99, 0xF8, 0xC3, 0xE2, 0xB5, 0xB7, 0x37, 0x2A, 0xFF, 0xBD, 0xBB, 0xA6,
    0x99, 0x6C, 0x19, 0xE0, 0xF5, 0x7B, 0x8B, 0xEB, 0x5F, 0x2D, 0xDD, 0xDE, 0x5A, 0x85, 0x07, 0x49,
    0x64, 0xE4, 0xA2, 0xE4, 0x8A, 0xD8, 0x6B, 0x71, 0x83, 0xE2, 0x4B, 0x87, 0x1B, 0x63, 0x04, 0x11,
    0xE5, 0x5B, 0x50, 0x65, 0x93, 0x53, 0xA3, 0xBF, 0xC5, 0xD9, 0xB3, 0xFE, 0x5F, 0x64, 0x65, 0x42,
    0x41, 0x25, 0xFE, 0x9D, 0xE7, 0xA9, 0x5A, 0x84, 0xD9, 0xA6, 0xA6, 0xC4, 0x93, 0x50, 0xBD, 0xD5,
    0xC3, 0xC4, 0xA8, 0x23, 0xA2, 0x31, 0x42, 0x46, 0xC2, 0xC0, 0xD5, 0x81, 0x9B, 0x86, 0xB3, 0x3D,
    0xC6, 0xA6, 0x9E, 0xA7, 0xC4, 0x63, 0x4A, 0x95, 0x5C, 0x23, 0xB1, 0x84, 0x4B, 0x41, 0xFE, 0x74,
    0x51, 0x68, 0x54, 0x86, 0x9F, 0x97, 0x53, 0x88, 0xB4, 0x25, 0x32, 0x2B, 0x47, 0x9D, 0x5A, 0xA5,
    0x31, 0x9A, 0xEA, 0x30, 0x39, 0x9B, 0x3E, 0xA5, 0xFE, 0x3D, 0x24, 0x72, 0x02, 0x4B, 0xD5, 0x2F,
    0x1F, 0x70, 0x26, 0xB7, 0x16, 0x87, 0xB8, 0x9C, 0xAE, 0xEB, 0xF4, 0x65, 0x01, 0xD5, 0x91, 0x04,
    0x37, 0xD8, 0xC0, 0xC8, 0x29, 0xD3, 0x75, 0x8B, 0xBA, 0x5B, 0x07, 0x5F, 0x22, 0xE3, 0x8D, 0x7E,
    0x35, 0x64, 0x23, 0xF9, 0x50, 0x98, 0x7A, 0x6F, 0x5A, 0x17, 0x3D, 0x21, 0x7A, 0x70, 0xFA, 0x7A,
    0xE6, 0xB5, 0x9B, 0x63, 0xB3, 0x30, 0x96, 0x9D, 0x8D, 0x8E, 0x1E, 0xAA, 0xDC, 0x88, 0xED, 0xE6,
    0x1D, 0xB6, 0xC5, 0xDF, 0xB3, 0x9F, 0xF2, 0x8F, 0xD8, 0xD6, 0x66, 0xB5, 0xEE, 0x9B, 0x1D, 0x1B,
    0xD8, 0x66, 0x1D, 0x19, 0xBD, 0x39, 0xB2, 0x2D, 0x5A, 0x8A, 0x45, 0xB5, 0xA5, 0x9A, 0xAA, 0x4D,
    0xE4, 0xE6, 0x17, 0xFF, 0x84, 0x71, 0x99, 0x87, 0xEA, 0x55, 0x7F, 0x55, 0x9D, 0xA9, 0x23, 0xA7,
    0x5F, 0xB4, 0x54, 0x85, 0xB2, 0x68, 0x54, 0x3F, 0xEE, 0xCC, 0x7B, 0x99, 0xCD, 0x05, 0x9A, 0x19,
    0xD2, 0x61, 0x1D, 0x5C, 0xFA, 0x79, 0xDB, 0xA8, 0xF4, 0xFB, 0xAD, 0xB7, 0x16, 0xF0, 0x42, 0x89,
    0xD0, 0xCD, 0xA9, 0x7F, 0xF5, 0x77, 0xEA, 0xF7, 0x53, 0xE9, 0x2A, 0x71, 0x37, 0xFE, 0x2A, 0x15,
    0xCE, 0xE7, 0xE7, 0x0F, 0x3A, 0x8A, 0x96, 0x0E, 0x33, 0x7D, 0x65, 0xA7, 0x6E, 0xB2, 0xFE, 0x6D,
    0xD5, 0x39, 0x36, 0xBF, 0x98, 0x2E, 0x31, 0xBD, 0x61, 0xA1, 0x9F, 0x84, 0xF1, 0x80, 0x5B, 0x46,
    0x73, 0x7F, 0x77, 0x9D, 0x1D, 0xC5, 0xD5, 0x81, 0xBF, 0x0B, 0xEC, 0x05, 0xAE, 0xAE, 0x7A, 0xB9,
    0x8E, 0x0E, 0x2E, 0x7D, 0x5B, 0x71, 0x6B, 0x11, 0xA7, 0x8B, 0x4B, 0x2E, 0x13, 0x4C, 0xC7, 0x54,
    0x75, 0x6F, 0xAE, 0x91, 0x7E, 0xA3, 0x11, 0x89, 0xD2, 0x8A, 0x61, 0xD5, 0xD3, 0x7F, 0x75, 0x3D,
    0xA8, 0x1E, 0x9C, 0xF9, 0x58, 0xC1, 0xFB, 0x1D, 0x16, 0x99, 0xF2, 0xCB, 0x91, 0x26, 0xC6, 0x0C,
    0x68, 0x8C, 0x75, 0xC3, 0xEA, 0x27, 0x83, 0xA8, 0x9D, 0xC9, 0x44, 0x1E, 0xA9, 0x05, 0x28, 0xC8,
    0x14, 0xE2, 0x7A, 0x75, 0xB4, 0x5B, 0xF5, 0x2E, 0x04, 0xD7, 0xE7, 0xDE, 0xDF, 0x55, 0x57, 0xF4,
    0xA0, 0x5E, 0x68, 0x0B, 0x2D, 0x96, 0x1F, 0xEB, 0xFD, 0x6E, 0x5F, 0xFE, 0x33, 0x88, 0xD6, 0xAB,
    0x1E, 0x4B, 0x2E, 0x16, 0x23, 0xD0, 0xC8, 0xFB, 0x46, 0x2E, 0x04, 0xB9, 0x37, 0x1A, 0xE3, 0x6D,
    0x95, 0x33, 0xB9, 0xB7, 0xF8, 0x6D, 0x56, 0x84, 0x44, 0xC1, 0x37, 0x0D, 0xD4, 0x46, 0x4A, 0x2B,
    0xD4, 0xBC, 0xAA, 0x7A, 0xFC, 0x0F, 0x9F, 0x03, 0xFA, 0xE1, 0x00, 0x7B, 0x10, 0xF2, 0x48, 0x7B,
    0x8D, 0x8C, 0xDD, 0x94, 0xE8, 0xDB, 0xE6, 0xEB, 0xC3, 0xCA, 0xC6, 0x94, 0xD4, 0x4C, 0xC5, 0xFC,
    0x48, 0xA8, 0x02, 0xF8, 0xA4, 0x33, 0x74, 0xD2, 0xB0, 0x49, 0x43, 0x26, 0x89, 0x4B, 0x1E, 0x88,
    0x4A, 0x76, 0xC4, 0x24, 0x3B, 0x62, 0x86, 0xBD, 0x21, 0x86, 0x86, 0x46, 0x1A, 0x16, 0x69, 0x48,
    0xA4, 0xE1, 0x90, 0x86, 0x42, 0x5A, 0xFC, 0x41, 0x04, 0xF2, 0x68, 0xF8, 0xA3, 0xA1, 0x8F, 0x86,
    0x3D, 0x1A, 0xF2, 0x68, 0xB8, 0xA3, 0xC1, 0x77, 0xE6, 0x77, 0x6D, 0xA8, 0xCB, 0x02, 0xDE, 0xB8,
    0x53, 0x72, 0x47, 0xAC, 0x51, 0x0C, 0x97, 0x0C, 0xE7, 0x0D, 0x4A, 0xFD, 0x77, 0x46, 0x6A, 0xD5,
    0xC7, 0x4A, 0xFD, 0x16, 0x1F, 0xE3, 0x1A, 0x60, 0x8F, 0x4E, 0xA1, 0x47, 0xA7, 0xC8, 0x23, 0x81,
    0xC7, 0x2D, 0x71, 0x47, 0x2A, 0x43, 0xA2, 0x8E, 0x04, 0x1D, 0xE9, 0xDC, 0x11, 0x72, 0x24, 0xE2,
    0x48, 0xC0, 0x91, 0x78, 0x23, 0xE1, 0x46, 0xA2, 0x8D, 0x04, 0x1B, 0x89, 0x35, 0x1A, 0xD4, 0x68,
    0x48, 0x63, 0x7E, 0xD0, 0xF5, 0xEC, 0xB2, 0x9E, 0xE1, 0x6F, 0x32, 0x19, 0x3E, 0x1A, 0xE2, 0x8C,
    0xDD, 0x7C, 0x55, 0x5D, 0xDE, 0xA4, 0xBF, 0x14, 0x95, 0xF4, 0xB1, 0x25, 0x38, 0x79, 0x08, 0xD8,
    0xA4, 0x41, 0x93, 0xB6, 0x08, 0xEE, 0xD8, 0x32, 0xB8, 0xB7, 0xC0, 0x91, 0x4B, 0x4B, 0x54, 0x32,
    0x80, 0x92, 0x01, 0x93, 0x0C, 0x90, 0x64, 0x68, 0x03, 0x20, 0x19, 0xF0, 0xC8, 0x00, 0x47, 0x06,
    0x34, 0x32, 0x80, 0x91, 0x01, 0x8B, 0x0C, 0x50, 0x64, 0x40, 0x22, 0x03, 0x10, 0x19, 0x70, 0xC8,
    0x00, 0x43, 0x46, 0x14, 0x32, 0x80, 0x90, 0x89, 0x70, 0x53, 0xFA, 0x99, 0x55, 0x8E, 0xEB, 0xEF,
    0x0E, 0xFA, 0x9B, 0x43, 0x34, 0xAA, 0x67, 0xAF, 0x9F, 0xD2, 0x81, 0x98, 0x24, 0x11, 0x49, 0xE2,
    0x91, 0x44, 0x23, 0x29, 0x31, 0xB4, 0x7C, 0xFC, 0xA3, 0xC5, 0xA3, 0xB5, 0x23, 0x02, 0x49, 0x31,
    0x23, 0xFA, 0x48, 0xEC, 0x91, 0xC8, 0x23, 0x71, 0x47, 0xA2, 0x8E, 0xC4, 0x1C, 0x89, 0x38, 0x12,
    0x6F, 0x24, 0xDA, 0x18, 0xB1, 0x46, 0xC3, 0x36, 0x62, 0x7B, 0x71, 0x71, 0xA2, 0xB1, 0xD2, 0x4E,
    0x11, 0x5E, 0x97, 0x8D, 0xE4, 0xF6, 0x66, 0xCC, 0xD9, 0x0E, 0xAA, 0xF0, 0xE4, 0xFB, 0xEC, 0xF8,
    0x31, 0xE4, 0x32, 0x96, 0xB0, 0x72, 0x0F, 0x34, 0x7C, 0xF9, 0xE2, 0xF5, 0x1B, 0x67, 0x3F, 0x60,
    0xC8, 0xE9, 0x04, 0xFB, 0x90, 0xCD, 0x19, 0xFC, 0xC0, 0x49, 0xAD, 0xFE, 0x90, 0xF4, 0x4F, 0x0A,
    0xF7, 0xDD, 0x99, 0x71, 0xBB, 0x30, 0x3F, 0xC2, 0xD6, 0x72, 0xC4, 0x06, 0x6C, 0x2D, 0xDB, 0x88,
    0x3F, 0x91, 0x86, 0x9B, 0xA5, 0x01, 0x09, 0x17, 0x90, 0x81, 0x40, 0x91, 0x92, 0xA4, 0x3C, 0x2E,
    0x64, 0xDC, 0x99, 0x38, 0x7C, 0x38, 0x64, 0xE2, 0x9B, 0xEE, 0x77, 0x0D, 0x61, 0x36, 0x9F, 0xF1,
    0xEB, 0x9D, 0x45, 0x05, 0xED, 0x49, 0x4C, 0x90, 0xBE, 0xF6, 0x89, 0x4C, 0x3C, 0x46, 0x26, 0x3E,
    0xEF, 0x9E, 0xDE, 0xE2, 0xB7, 0x60, 0x7E, 0xF9, 0x26, 0x7E, 0x53, 0xBC, 0xD3, 0x45, 0x27, 0x2E,
    0xF5, 0x8F, 0xD2, 0x16, 0x98, 0xCC, 0xF4, 0x44, 0x4A, 0x46, 0xFA, 0x7A, 0x88, 0x66, 0xAE, 0xA4,
    0xD8, 0x2A, 0x0B, 0x7D, 0xF2, 0x63, 0x30, 0x1A, 0x9F, 0x48, 0xC6, 0x63, 0x3C, 0x04, 0xFA, 0x49,
    0x0C, 0xF8, 0xEA, 0x76, 0x51, 0x16, 0xCC, 0xF5, 0xA5, 0x64, 0xF7, 0xBD, 0x0F, 0x85, 0xB6, 0xC8,
    0x19, 0x3D, 0xC0, 0xC5, 0xBE, 0x44, 0x3E, 0x4F, 0x98, 0x90, 0x59, 0xF8, 0xC2, 0x54, 0x67, 0xEF,
    0x98, 0x7D, 0x7F, 0xD9, 0xF7, 0xEA, 0x9D, 0x23, 0x74, 0x94, 0x60, 0xF3, 0xD0, 0x74, 0x42, 0x67,
    0x7F, 0xC4, 0xAD, 0xDA, 0xA6, 0x93, 0xD0, 0x1B, 0x08, 0x80, 0x7C, 0x20, 0x23, 0x93, 0xAF, 0xE4,
    0xEE, 0x33, 0x00, 0x4A, 0x98, 0xD7, 0x33, 0xDC, 0x62, 0xE5, 0xA1, 0x24, 0x9E, 0xE8, 0x46, 0x72,
    0x71, 0x71, 0x63, 0x6C, 0x1C, 0xA4, 0x2A, 0xEF, 0x29, 0x65, 0xF9, 0x50, 0xB0, 0xED, 0x19, 0x6A,
    0x67, 0xC7, 0xCD, 0xE1, 0x63, 0x14, 0x52, 0xD7, 0xE1, 0x28, 0x3F, 0xF8, 0xD2, 0xC5, 0xC5, 0x8D,
    0x33, 0xBF, 0xA3, 0xD2, 0xE6, 0x13, 0xED, 0x4C, 0xBB, 0xA4, 0xFB, 0x7A, 0xCF, 0x0D, 0x4F, 0x46,
    0xA8, 0xBD, 0xF8, 0xA5, 0x89, 0x49, 0x41, 0xEA, 0xFD, 0xCD, 0xE1, 0x45, 0xD6, 0x9F, 0x3A, 0x34,
    0x57, 0xDB, 0x93, 0x84, 0xFA, 0x47, 0x9E, 0xFB, 0xE4, 0x38, 0xDD, 0xD4, 0xE6, 0x24, 0x7F, 0xBC,
    0x8A, 0x9D, 0xC7, 0x95, 0x07, 0xC3, 0xE3, 0x7C, 0x15, 0xF1, 0xFB, 0xA0, 0xB9, 0x7F, 0x22, 0xBB,
    0x14, 0x66, 0x73, 0xC3, 0x67, 0xF7, 0xFE, 0x5E, 0x65, 0x28, 0x5B, 0x38, 0x39, 0x3D, 0xF3, 0xFE,
    0xAD, 0x1F, 0xB2, 0x8B, 0xEC, 0x5F, 0x85, 0x23, 0xA4, 0x50, 0xFE, 0x63, 0xA1, 0xDD, 0x7D, 0x5E,
    0x0B, 0x7E, 0xAA, 0x2E, 0x76, 0xAF, 0xE0, 0x94, 0x52, 0x30, 0x46, 0xAC, 0x35, 0xEB, 0x22, 0x66,
    0x98, 0x1F, 0x22, 0x68, 0x58, 0xEE, 0x23, 0x6A, 0x58, 0xBB, 0x7A, 0xB6, 0x90, 0x6A, 0x44, 0xD4,
    0x30, 0x9A, 0x8E, 0x6F, 0xEC, 0x54, 0x4C, 0x4E, 0xC0, 0x10, 0x8B, 0x36, 0x9E, 0xD6, 0x3E, 0x14,
    0x24, 0x59, 0xFA, 0x54, 0x7F, 0x35, 0x5F, 0xFC, 0xD0, 0x4E, 0x37, 0x5D, 0xC4, 0x83, 0x0B, 0x16,
    0x58, 0x6D, 0x5A, 0xF5, 0x36, 0x37, 0x06, 0x99, 0x37, 0xC4, 0x86, 0xCA, 0x56, 0x85, 0x44, 0x51,
    0xCF, 0x3D, 0x20, 0x5A, 0x99, 0xF0, 0x8B, 0x7F, 0x8C, 0xC4, 0x13, 0xB4, 0x30, 0xC9, 0xD0, 0xA8,
    0x7D, 0x0D, 0x14, 0x79, 0xFA, 0x82, 0x58, 0x4F, 0x69, 0x56, 0xAB, 0xF2, 0xFE, 0x71, 0x64, 0x3D,
    0x7F, 0xA0, 0x36, 0x40, 0x44, 0x43, 0x8C, 0x10, 0xB8, 0x77, 0xF9, 0x73, 0xDF, 0x80, 0xDF, 0xA9,
    0xE2, 0xAA, 0x32, 0x5C, 0x2F, 0x4B, 0x40, 0x44, 0x44, 0xF4, 0x7C, 0x3E, 0xE7, 0xC0, 0x25, 0xB6,
    0x05, 0xB0, 0xD7, 0x0D, 0x04, 0xA4, 0x84, 0x15, 0x49, 0x7C, 0xA7, 0xF9, 0x2F, 0x31, 0x62, 0xCA,
    0x7F, 0x4F, 0x3C, 0x02, 0xC0, 0x94, 0x25, 0xA6, 0x4D, 0x64, 0xB4, 0x6D, 0xD8, 0xAA, 0x37, 0xB0,
    0x15, 0xC1, 0xF9, 0x9E, 0x78, 0x06, 0xAD, 0x88, 0x4E, 0x8E, 0x6C, 0xB8, 0x08, 0x4F, 0x26, 0x66,
    0x77, 0x0F, 0xDC, 0xAA, 0xD1, 0x3C, 0x19, 0x0A, 0x0B, 0x94, 0x64, 0xDF, 0x52, 0xEB, 0x9B, 0x73,
    0x59, 0x34, 0xF3, 0xA5, 0x90, 0x37, 0x43, 0xB2, 0xBD, 0x53, 0xC3, 0x2F, 0xCD, 0x8E, 0x29, 0x37,
    0xCD, 0x1C, 0xEE, 0x95, 0xB8, 0x9F, 0xB7, 0x24, 0x4D, 0x48, 0xFA, 0x95, 0x7E, 0x0D, 0xCD, 0x1A,
    0x87, 0x45, 0x5F, 0x08, 0xC9, 0x5E, 0x93, 0x5F, 0x0B, 0x11, 0x87, 0x46, 0x9B, 0x1E, 0x90, 0xD0,
    0x6E, 0x0E, 0xF5, 0x6C, 0xD2, 0x5C, 0x34, 0xF3, 0xAB, 0x72, 0x09, 0xB8, 0x2A, 0x1F, 0x68, 0xC3,
    0xF2, 0xAB, 0xD2, 0x5B, 0xA5, 0x45, 0x8B, 0x85, 0x9D, 0xFA, 0x19, 0xF0, 0x1A, 0xE4, 0x84, 0x55,
    0x77, 0xC1, 0xF6, 0xB9, 0x33, 0x9E, 0x54, 0x5A, 0x47, 0xF4, 0xC0, 0xAB, 0x1F, 0xE3, 0xFF, 0x0B,
    0x99, 0xCF, 0x87, 0xBE, 0x45, 0xA6, 0xB6, 0xDD, 0x1D, 0x91, 0x6A, 0xD5, 0xF2, 0xB4, 0x6C, 0xD6,
    0x46, 0xC2, 0x11, 0x34, 0xB9, 0xC8, 0xDD, 0x51, 0x1B, 0x2D, 0x32, 0x1A, 0xB5, 0x8E, 0x2F, 0x9B,
    0x75, 0xA9, 0xA7, 0x56, 0x54, 0xD2, 0xA8, 0xB4, 0x25, 0xF3, 0xEB, 0x2B, 0x37, 0xCE, 0xBC, 0xBA,
    0xFA, 0x67, 0x41, 0x22, 0xEF, 0x52, 0x1C, 0xA6, 0x85, 0x8E, 0xE7, 0x3A, 0x4E, 0xB9, 0xDD, 0x4B,
    0x00, 0x8B, 0x74, 0x18, 0xAE, 0x3E, 0x42, 0x9A, 0x5C, 0x7D, 0x28, 0x50, 0xC7, 0x50, 0x1F, 0x9E,
    0xFE, 0xA1, 0x7F, 0x1D, 0x2E, 0x00, 0x56, 0x72, 0xE9, 0x2F, 0xBC, 0xBA, 0x62, 0xC4, 0x8A, 0xCE,
    0x83, 0xAF, 0x4C, 0x04, 0xCC, 0x20, 0x30, 0xC3, 0xC0, 0x0C, 0x04, 0x0B, 0x61, 0x47, 0xFE, 0x18,
    0x31, 0xBC, 0xC2, 0xDB, 0x46, 0x0B, 0x54, 0x44, 0x35, 0xDD, 0xC8, 0xDB, 0x56, 0x79, 0xFB, 0x07,
    0xEF, 0x93, 0xB7, 0x06, 0x9A, 0x3E, 0x8E, 0xB7, 0xF8, 0x7E, 0x37, 0xC4, 0x2A, 0x0A, 0xB9, 0xCF,
    0x2F, 0xC2, 0xDB, 0x8C, 0x19, 0x81, 0x74, 0x64, 0x42, 0xC0, 0x33, 0x00, 0xDF, 0x71, 0x70, 0x56,
    0x40, 0xF2, 0xF4, 0x6B, 0xBF, 0x6E, 0x29, 0xD8, 0x8C, 0xEA, 0x85, 0x9A, 0x14, 0x04, 0x97, 0x6A,
    0x47, 0x87, 0xF5, 0xC1, 0x0B, 0xA6, 0x57, 0xD6, 0x52, 0xC0, 0x0F, 0x6B, 0xAA, 0xA5, 0x4A, 0x4B,
    0x93, 0xD6, 0x52, 0xD0, 0x4A, 0x5F, 0x09, 0xA4, 0xA0, 0xEC, 0x4D, 0x0A, 0xD8, 0x1C, 0xB4, 0x7E,
    0x54, 0x9A, 0xC4, 0xAB, 0x23, 0x98, 0x4F, 0x94, 0x82, 0xFE, 0x06, 0x29, 0x28, 0xF6, 0x34, 0x45,
    0xF9, 0x31, 0xA7, 0xA7, 0x36, 0xD0, 0x3B, 0x4E, 0x67, 0x4B, 0x8A, 0x04, 0x03, 0xD6, 0x98, 0x65,
    0xFA, 0xD2, 0xDD, 0x9B, 0x15, 0xFD, 0x50, 0x6B, 0x3E, 0x0A, 0xBE, 0x2A, 0xD3, 0x8C, 0x5A, 0x1C,
    0x24, 0xBF, 0xCA, 0xAD, 0xB8, 0xA4, 0xB0, 0x92, 0x34, 0x85, 0x9C, 0xA5, 0x65, 0x99, 0xC3, 0x51,
    0x7D, 0x03, 0x31, 0xB8, 0xA5, 0x81, 0xED, 0x6F, 0xD0, 0x30, 0xBE, 0x69, 0x06, 0xF2, 0x7B, 0x13,
    0x4D, 0x64, 0x63, 0x55, 0x22, 0xDE, 0x60, 0xF7, 0x77, 0xAC, 0x98, 0xE1, 0xEB, 0x2A, 0xA9, 0xE5,
    0xCC, 0xBA, 0xA4, 0x6A, 0xCA, 0xAC, 0x58, 0x89, 0x48, 0x3B, 0xD6, 0xBD, 0x55, 0x09, 0x52, 0x87,
    0x0D, 0x44, 0x4A, 0x61, 0xF9, 0x3C, 0x4B, 0x5D, 0x4B, 0xE9, 0x00, 0x80, 0x7C, 0x21, 0xEC, 0x00,
    0x24, 0x8F, 0x12, 0x3E, 0xA5, 0xAD, 0xC2, 0xCF, 0xD5, 0x16, 0x16, 0xB9, 0x38, 0x60, 0xF0, 0x79,
    0xB7, 0xD3, 0x45, 0xEC, 0x17, 0x17, 0x85, 0xAB, 0xE5, 0xE5, 0xBB, 0x31, 0xE5, 0x84, 0x51, 0xA5,
    0xD4, 0xE2, 0xE5, 0x2A, 0x41, 0x50, 0x5C, 0x4B, 0x10, 0x84, 0x34, 0x01, 0x6A, 0x13, 0x6A, 0x71,
    0x60, 0xA0, 0x7F, 0x91, 0x6D, 0x13, 0xBF, 0x5C, 0x05, 0x79, 0xA3, 0x05, 0xBD, 0x20, 0x8A, 0xF8,
    0xED, 0x20, 0xD4, 0x9B, 0x5A, 0x3E, 0xF6, 0xE3, 0x01, 0x44, 0x69, 0x34, 0xC4, 0x82, 0x38, 0x64,
    0x4A, 0x90, 0x8D, 0xFF, 0xAE, 0x2A, 0xDD, 0x4C, 0x53, 0x73, 0x9A, 0xC2, 0x9E, 0xB5, 0x24, 0x6B,
    0x42, 0x68, 0x21, 0x4E, 0x80, 0x58, 0x07, 0x84, 0x1C, 0xAA, 0xEC, 0x0B, 0x3D, 0xAA, 0x42, 0xFA,
    0x50, 0x23, 0xF8, 0x3B, 0x95, 0xCF, 0xD4, 0x5C, 0xC5, 0xDE, 0xAA, 0x33, 0x6F, 0x6A, 0xE6, 0xBF,
    0xA6, 0x0C, 0xF1, 0x6D, 0x73, 0xFC, 0x8D, 0x03, 0xFA, 0xFE, 0x2A, 0xA0, 0x4F, 0x6D, 0xCF, 0x19,
    0xCC, 0xCB, 0x34, 0xA8, 0x8E, 0x32, 0x7E, 0xE2, 0xFF, 0x73, 0x59, 0x7E, 0x56, 0xC9, 0xE6, 0x18,
    0x7E, 0x25, 0xDE, 0x6A, 0x34, 0x7D, 0xF7, 0x91, 0xCC, 0xCD, 0xFC, 0x8A, 0x9C, 0x65, 0xD4, 0xA2,
    0xAE, 0x5E, 0xF2, 0xA8, 0x88, 0xE5, 0xC3, 0xC8, 0xFD, 0x62, 0x8F, 0xEB, 0xF2, 0x23, 0x26, 0x9F,
    0x0D, 0xD0, 0x45, 0x29, 0xB5, 0x21, 0x75, 0x51, 0x73, 0xA3, 0x30, 0xE4, 0x5A, 0x55, 0x59, 0xC4,
    0xE3, 0xE8, 0x58, 0x5D, 0x2A, 0x26, 0xA6, 0xDA, 0xA3, 0xBC, 0x62, 0x02, 0xA0, 0x03, 0x2C, 0xE6,
    0x0B, 0x9A, 0x07, 0x76, 0x5A, 0x6A, 0x69, 0x71, 0x08, 0xCD, 0x51, 0xFD, 0xEF, 0x8B, 0xB7, 0xF2,
    0x32, 0xEF, 0x55, 0x2E, 0xE5, 0x7B, 0x11, 0x5B, 0x6B, 0x9F, 0xD2, 0x63, 0xAD, 0xC7, 0x46, 0x0B,
    0x53, 0x35, 0x5B, 0xB9, 0x6D, 0xB4, 0xBC, 0x66, 0xA7, 0x35, 0x91, 0x95, 0x7F, 0x5B, 0xEB, 0x70,
    0xCC, 0x86, 0xA9, 0x8D, 0xAD, 0xB6, 0x88, 0x1F, 0x8B, 0x43, 0x05, 0x1B, 0xD9, 0xE3, 0x8B, 0xCC,
    0x6A, 0xE0, 0x94, 0xF5, 0x17, 0x57, 0x0C, 0x0E, 0x7E, 0x3C, 0xE8, 0xBC, 0xD4, 0x37, 0xF0, 0xBD,
    0x1E, 0x8F, 0x18, 0xBD, 0x98, 0x96, 0x4A, 0x43, 0xAB, 0xE7, 0x34, 0xE4, 0xFC, 0x82, 0x66, 0x85,
    0xC2, 0x8C, 0xFA, 0xD5, 0x8C, 0xEE, 0xD2, 0xC9, 0xDF, 0x86, 0x02, 0x9E, 0x50, 0x70, 0x5C, 0x2D,
    0x55, 0x87, 0xE6, 0xFC, 0x30, 0x84, 0x5C, 0x1F, 0xE5, 0xF3, 0x33, 0xAD, 0x53, 0xAF, 0xB4, 0x0E,
    0xA2, 0xD6, 0x62, 0x2E, 0x31, 0xB6, 0x98, 0x60, 0x87, 0xA2, 0x83, 0xCA, 0x37, 0xAA, 0x8D, 0x75,
    0x12, 0x5C, 0x87, 0x12, 0x91, 0xC0, 0xBC, 0x56, 0x2D, 0x8C, 0x6B, 0xF1, 0xDF, 0x5E, 0x3B, 0xD3,
    0x6A, 0x28, 0xDE, 0xFD, 0x5A, 0x61, 0x78, 0x63, 0x55, 0x58, 0x20, 0xED, 0xA5, 0xA5, 0x24, 0x49,
    0xEC, 0x6D, 0x8C, 0x18, 0xF3, 0x47, 0x18, 0x98, 0x72, 0xBC, 0x96, 0x87, 0x1E, 0x96, 0x1A, 0xB1,
    0x93, 0x94, 0xF7, 0x31, 0x1E, 0x93, 0xF7, 0x48, 0x79, 0x2F, 0x37, 0xD1, 0x2E, 0xBF, 0xAC, 0x1D,
    0xD4, 0xAC, 0xB4, 0x7A, 0xF0, 0x49, 0xE5, 0xFA, 0x93, 0x5A, 0xB9, 0x1E, 0x98, 0x62, 0x75, 0x43,
    0x71, 0xFB, 0xC6, 0x52, 0x9F, 0xEE, 0x42, 0xFD, 0x60, 0x33, 0xAE, 0x2A, 0x6D, 0x3E, 0xA9, 0x4F,
    0xFF, 0x05, 0xEA, 0xD3, 0x63, 0x05, 0xD7, 0x52, 0xF6, 0xB7, 0x10, 0x73, 0x9D, 0x92, 0xDF, 0x2D,
    0xD5, 0x7F, 0xCD, 0x4D, 0x65, 0xC7, 0x1F, 0xB7, 0xFA, 0xF4, 0xA5, 0x80, 0xCE, 0x88, 0x14, 0x76,
    0x19, 0x51, 0xD1, 0x0F, 0x86, 0xEB, 0xBC, 0xEF, 0x20, 0xF4, 0x37, 0x0C, 0x30, 0xFC, 0x6A, 0x41,
    0x68, 0x1C, 0x81, 0x21, 0x58, 0xF4, 0x5E, 0x12, 0xBF, 0xF6, 0x7A, 0x9E, 0xDE, 0x3E, 0x99, 0x50,
    0x44, 0x41, 0x8A, 0x57, 0x9E, 0x55, 0xE7, 0x7F, 0x78, 0x0E, 0x47, 0xA7, 0xD7, 0xA0, 0xE2, 0x91,
    0x41, 0xE8, 0x23, 0xA1, 0x08, 0x04, 0x8F, 0x55, 0xD8, 0x59, 0xA7, 0x01, 0x64, 0x28, 0xBF, 0x9E,
    0x98, 0x80, 0x0A, 0xE5, 0x53, 0x61, 0x75, 0x60, 0xED, 0x84, 0x73, 0xAD, 0x98, 0x3F, 0xC6, 0x8A,
    0xFA, 0x50, 0xC6, 0x99, 0x98, 0x4E, 0x0A, 0xE5, 0xD0, 0x01, 0xB8, 0x8B, 0xFA, 0xDF, 0xCE, 0x4D,
    0x16, 0x08, 0x02, 0xFB, 0xAF, 0x58, 0x34, 0x85, 0x57, 0xAA, 0xE7, 0xB9, 0xBF, 0xB8, 0xB8, 0x44,
    0x12, 0xE7, 0x10, 0x14, 0xD1, 0xA2, 0x94, 0x4A, 0x5B, 0x58, 0x10, 0xB5, 0x6A, 0x5A, 0xF6, 0x2A,
    0x28, 0xB0, 0xE6, 0x62, 0x21, 0x56, 0xDC, 0xAD, 0x80, 0x62, 0xD9, 0x29, 0xD8, 0x82, 0xC1, 0xC0,
    0xB5, 0x45, 0x7C, 0x74, 0x8A, 0x72, 0x8D, 0x06, 0xDA, 0xBA, 0x45, 0x6D, 0xD4, 0x8D, 0x97, 0x5A,
    0x2D, 0x86, 0x80, 0xF7, 0x60, 0x35, 0x63, 0x99, 0x19, 0x54, 0x45, 0xAD, 0x8D, 0x86, 0x50, 0x5D,
    0xE7, 0x0F, 0x30, 0x57, 0x61, 0xAC, 0xAA, 0xD0, 0xB9, 0x7A, 0x5B, 0xF5, 0xEA, 0x7C, 0x5F, 0x6F,
    0x92, 0x5B, 0xBD, 0x6C, 0xC1, 0x1A, 0x74, 0x35, 0x30, 0x70, 0x14, 0x20, 0xAA, 0x41, 0x8F, 0x96,
    0x54, 0xA1, 0xB1, 0x82, 0xEC, 0xA4, 0x92, 0x6C, 0x60, 0x4E, 0x49, 0x2B, 0xC9, 0xBA, 0x85, 0xEE,
    0x6A, 0xD3, 0xB9, 0x07, 0x21, 0x53, 0x8F, 0x9E, 0xC5, 0x65, 0xA0, 0x79, 0x39, 0x90, 0xC6, 0x2A,
    0x92, 0x00, 0xAE, 0xF7, 0xAA, 0xF3, 0x33, 0xA2, 0x18, 0xDB, 0xC2, 0xF6, 0x87, 0xEE, 0x18, 0xC8,
    0x73, 0xB5, 0x17, 0x9E, 0xF9, 0xCD, 0xD2, 0xD6, 0x48, 0x40, 0x77, 0x03, 0xB4, 0x1B, 0x33, 0x06,
    0xC3, 0x49, 0x3D, 0x75, 0x62, 0x6E, 0x7E, 0x45, 0x29, 0x0D, 0x01, 0x85, 0xD5, 0xD8, 0xB9, 0xC5,
    0x2B, 0xC2, 0xAD, 0xE7, 0x93, 0xFA, 0x01, 0x15, 0x9C, 0xB0, 0xCC, 0xEA, 0x50, 0xEE, 0x1B, 0xB2,
    0xAA, 0x2E, 0xB9, 0xFB, 0x28, 0x68, 0x9B, 0xE5, 0xD5, 0xB1, 0xB8, 0x3A, 0x96, 0x56, 0xC7, 0xC2,
    0xEA, 0x55, 0x59, 0xB5, 0x15, 0xCD, 0xC7, 0x82, 0xF9, 0x58, 0x2C, 0x1F, 0x0B, 0xE5, 0x63, 0x91,
    0x7C, 0x2C, 0x90, 0x8F, 0xC5, 0xF1, 0xB1, 0x30, 0x3E, 0x16, 0xC5, 0x87, 0x12, 0xEA, 0x58, 0x40,
    0x1D, 0x0B, 0xE1, 0x63, 0xF1, 0x74, 0x2C, 0x80, 0x8F, 0xC5, 0xEF, 0xB1, 0x6C, 0x3A, 0x16, 0x4D,
    0xC7, 0x92, 0xE9, 0x58, 0x30, 0x1D, 0xCB, 0xA5, 0x63, 0xB1, 0x74, 0x2C, 0x95, 0x5E, 0x76, 0x08,
    0xF5, 0x4B, 0x6A, 0x27, 0xE3, 0xEA, 0x6C, 0x48, 0x92, 0xED, 0x0D, 0x55, 0xCA, 0xAC, 0x50, 0x66,
    0x75, 0xB2, 0x55, 0x26, 0x6B, 0x55, 0x32, 0x2B, 0x92, 0x59, 0x8D, 0xCC, 0x4A, 0x64, 0x56, 0x21,
    0x67, 0xA7, 0x39, 0xD4, 0xE2, 0x34, 0x87, 0x5A, 0x86, 0x1C, 0xEA, 0x3A, 0x8D, 0x5A, 0x4D, 0x9F,
    0x62, 0x75, 0x31, 0x2B, 0x8B, 0x59, 0x55, 0x7C, 0xB2, 0x71, 0x24, 0x48, 0x8D, 0x05, 0x88, 0x89,
    0xF1, 0xDB, 0x0C, 0x4C, 0x40, 0xDD, 0x96, 0x91, 0x87, 0xCB, 0x28, 0x32, 0xD9, 0xCC, 0x59, 0x66,
    0x87, 0xDB, 0x6C, 0xDB, 0xDF, 0x3F, 0x69, 0xD3, 0x77, 0xEF, 0x99, 0x18, 0x59, 0xC1, 0x8E, 0xB5,
    0x61, 0x33, 0x68, 0x61, 0x69, 0xAC, 0xEA, 0x07, 0xB6, 0x65, 0xC3, 0x44, 0x71, 0x2A, 0x26, 0xA6,
    0x82, 0x0A, 0xAB, 0xED, 0xB3, 0xB8, 0xC3, 0xD2, 0x57, 0x65, 0xCB, 0xB6, 0xDE, 0xD2, 0x07, 0x6F,
    0x56, 0xE9, 0xAB, 0xFD, 0x92, 0xB6, 0xDA, 0x58, 0x5B, 0x98, 0xC2, 0xAB, 0x6C, 0x1B, 0xD0, 0x2F,
    0x9C, 0xB6, 0x0A, 0x75, 0xCF, 0x56, 0xA8, 0xDA, 0xC6, 0x15, 0xC2, 0x54, 0x2E, 0xCD, 0xC1, 0x17,
    0x75, 0xE4, 0xAF, 0x2F, 0xD1, 0x5F, 0x41, 0x6C, 0xF2, 0xAB, 0x94, 0xAF, 0xE5, 0xC8, 0x4F, 0x0A,
    0xDB, 0xFB, 0xDD, 0xC6, 0x5F, 0x3D, 0x29, 0xA9, 0xAD, 0x75, 0x3D, 0xFF, 0xAA, 0xC6, 0xB5, 0x5A,
    0x39, 0x6B, 0x8B, 0x54, 0x2C, 0x30, 0x78, 0xB6, 0x7C, 0x9F, 0xDE, 0xFD, 0x24, 0xF7, 0xF5, 0x6B,
    0xC8, 0x7D, 0xAD, 0x74, 0xB8, 0xDD, 0xCA, 0x3E, 0x2F, 0xFA, 0x53, 0x9D, 0x7C, 0xFF, 0xC3, 0x9D,
    0x0B, 0x0B, 0xC9, 0x14, 0xE3, 0xD9, 0xAE, 0x8B, 0xCF, 0x79, 0x08, 0xC8, 0xCF, 0x35, 0x3D, 0x64,
    0x95, 0x3A, 0x39, 0x91, 0xDA, 0x6F, 0x6C, 0x55, 0x92, 0xE6, 0x1B, 0xF0, 0xBC, 0x0D, 0xF1, 0xBC,
    0x82, 0x78, 0x5E, 0xCD, 0x2D, 0x1E, 0xF7, 0x14, 0xCF, 0x4B, 0x7A, 0xC5, 0xF3, 0xB2, 0xA3, 0xE2,
    0x79, 0x45, 0xAB, 0x78, 0x5E, 0x45, 0x3C, 0xEF, 0x0E, 0xF1, 0xBC, 0x41, 0xF1, 0x3C, 0x04, 0x13,
    0x5D, 0x33, 0xE4, 0xAD, 0xE2, 0x79, 0xE5, 0x56, 0xF1, 0xBC, 0xDB, 0xC4, 0xF3, 0x74, 0x5B, 0xC7,
    0xEE, 0xA1, 0x46, 0x82, 0x28, 0x1F, 0x87, 0xF6, 0x85, 0x73, 0x77, 0x15, 0xCF, 0x4B, 0x89, 0xE7,
    0x65, 0x94, 0xA0, 0xE2, 0x6F, 0x15, 0xCF, 0xAB, 0xAE, 0xEC, 0x7E, 0x22, 0x9F, 0x4D, 0xB5, 0x0C,
    0x0B, 0x87, 0x8D, 0xBF, 0xC9, 0x0B, 0x26, 0xA5, 0xEE, 0x16, 0x9E, 0x07, 0x90, 0x98, 0x1B, 0x76,
    0x09, 0x48, 0x61, 0xC4, 0xA2, 0x6D, 0xBA, 0x0D, 0xCC, 0x87, 0xD8, 0xC4, 0x03, 0x82, 0x4C, 0x6C,
    0xCE, 0xDB, 0xDE, 0x07, 0x93, 0x61, 0x53, 0x0B, 0x9F, 0xFD, 0x14, 0x1B, 0xE6, 0x8A, 0x1F, 0xF9,
    0x43, 0x39, 0xD5, 0x62, 0x62, 0xCA, 0x49, 0x58, 0xD2, 0x96, 0x33, 0x88, 0x51, 0xE2, 0x32, 0xC4,
    0xEF, 0x05, 0x35, 0x8A, 0x6E, 0xFD, 0xD3, 0x0D, 0x30, 0x6F, 0x6B, 0x60, 0xAA, 0x16, 0xFC, 0x1F,
    0xE1, 0x42, 0x70, 0xD0, 0x5F, 0x0C, 0x2B, 0x6D, 0x2A, 0x07, 0xEA, 0x8C, 0xDC, 0x0A, 0x77, 0xBF,
    0x66, 0x61, 0x4B, 0xEB, 0x6D, 0xEB, 0x15, 0xE7, 0x90, 0x75, 0xF9, 0xE1, 0xB1, 0x5A, 0xE1, 0x23,
    0x59, 0xF1, 0x50, 0x1F, 0xD1, 0x4B, 0xD5, 0xED, 0x34, 0xBE, 0xA8, 0xB0, 0x2B, 0x78, 0xD2, 0x3A,
    0xA0, 0x46, 0x81, 0xCD, 0x6A, 0xFF, 0xCA, 0x93, 0xB4, 0x85, 0x44, 0xF9, 0x19, 0xB4, 0xDE, 0xDE,
    0x54, 0xDE, 0x81, 0x16, 0x98, 0x39, 0x30, 0x09, 0xA6, 0xB5, 0x3D, 0xDB, 0x27, 0xAF, 0x7E, 0x8C,
    0xEA, 0x56, 0x52, 0xDB, 0xD7, 0x72, 0x74, 0xC1, 0x73, 0xD4, 0xC2, 0xC8, 0xA4, 0x87, 0x3D, 0x12,
    0x4A, 0x7C, 0xE1, 0x89, 0xDA, 0x08, 0xE4, 0xC9, 0x44, 0xFF, 0x6D, 0x6F, 0x0B, 0x51, 0xF3, 0x1D,
    0x9D, 0xAE, 0xC3, 0x4D, 0xCF, 0xBD, 0x90, 0x63, 0xD6, 0x3D, 0xCE, 0x3A, 0x77, 0x44, 0xC4, 0x10,
    0xC9, 0x3C, 0x78, 0x71, 0xC7, 0x3D, 0xCB, 0xD0, 0xC1, 0xD8, 0xC2, 0xCB, 0x9A, 0x47, 0xA8, 0x5E,
    0x36, 0xB6, 0x23, 0x3C, 0x0D, 0x08, 0x45, 0xBB, 0xDA, 0x1E, 0x98, 0xF9, 0xB7, 0x2E, 0xF6, 0xF4,
    0xC4, 0x5A, 0xA2, 0x11, 0x71, 0x87, 0x7B, 0x6C, 0x66, 0xB7, 0x00, 0xB4, 0x61, 0xCB, 0x78, 0xBD,
    0xEC, 0xE4, 0xBD, 0xC3, 0x90, 0x66, 0xD4, 0x31, 0x24, 0x44, 0x07, 0xB3, 0x41, 0x77, 0x4C, 0x9F,
    0xF7, 0x44, 0xA0, 0xBA, 0xB0, 0x63, 0x3D, 0xF3, 0x70, 0xBE, 0xFD, 0xB7, 0xB1, 0x97, 0x0E, 0xFA,
    0xA7, 0x3C, 0xEE, 0xC4, 0x1C, 0xF7, 0xA5, 0x84, 0xDA, 0x57, 0x26, 0x7C, 0x6B, 0x86, 0x4E, 0x46,
    0xA4, 0x31, 0xA3, 0xB8, 0xF0, 0x88, 0x88, 0x72, 0x0F, 0x2D, 0x2A, 0xAA, 0x54, 0x88, 0x58, 0xF7,
    0x05, 0x68, 0x8E, 0x64, 0xA9, 0x58, 0xBE, 0x73, 0x2D, 0xFB, 0xEC, 0x51, 0xDE, 0xB3, 0x25, 0x52,
    0x75, 0x52, 0x4D, 0x98, 0xE8, 0x33, 0x74, 0xB6, 0x62, 0x44, 0x2A, 0x99, 0xE2, 0xDB, 0xB3, 0xE5,
    0x56, 0x6E, 0x71, 0x09, 0x6D, 0xA6, 0xF5, 0x82, 0xE2, 0x7A, 0x4A, 0x07, 0x5D, 0x4E, 0x19, 0x57,
    0xD3, 0xD9, 0xDE, 0xBD, 0xFA, 0x51, 0xE2, 0x82, 0xAD, 0x97, 0x52, 0xC3, 0x23, 0xBC, 0x9F, 0xD2,
    0xC1, 0x25, 0x9D, 0xFC, 0x58, 0x42, 0xC6, 0x3F, 0x7D, 0xDF, 0x5C, 0x98, 0xC8, 0x85, 0x46, 0xB8,
    0x20, 0x66, 0xAD, 0x9E, 0xFD, 0x2F, 0xCD, 0x85, 0x44, 0x25, 0xA2, 0x79, 0x13, 0xAE, 0xD7, 0x51,
    0xA2, 0xE8, 0xA2, 0xAB, 0x64, 0x79, 0x8E, 0xE0, 0xC1, 0xFD, 0xEB, 0x1B, 0x49, 0x75, 0x4B, 0x1C,
    0x51, 0x17, 0x1F, 0x9E, 0xA1, 0xC0, 0x00, 0xCF, 0x87, 0x83, 0x12, 0x5B, 0x49, 0x9D, 0x52, 0xDF,
    0xB4, 0xE6, 0x35, 0xAB, 0x7A, 0x8A, 0x30, 0x08, 0x0F, 0xEA, 0xA0, 0x2A, 0x61, 0xAB, 0x31, 0x10,
    0x35, 0x22, 0x1C, 0xF6, 0xFC, 0x88, 0xDE, 0xC0, 0x0C, 0x8D, 0xCA, 0x95, 0x3F, 0x75, 0xA7, 0xD5,
    0x0B, 0xB5, 0x78, 0x10, 0x63, 0xD9, 0xB9, 0x64, 0x46, 0x48, 0xB6, 0xC3, 0x46, 0xD9, 0xB2, 0xAD,
    0x4F, 0x83, 0xC9, 0xDE, 0xA2, 0xD8, 0x67, 0xE3, 0xD0, 0x14, 0xCF, 0xD2, 0x40, 0xE5, 0xCA, 0xF8,
    0x34, 0x49, 0xA2, 0x6E, 0x64, 0x1E, 0xC7, 0x57, 0xC4, 0xF1, 0x71, 0x90, 0x7A, 0x98, 0x7F, 0x0B,
    0x84, 0x98, 0xEC, 0x89, 0x2D, 0xA9, 0x3D, 0x9F, 0x6A, 0x6B, 0x4A, 0x50, 0x75, 0xE0, 0x1B, 0x50,
    0x81, 0xD0, 0x80, 0xC2, 0xDA, 0x3F, 0x7F, 0x32, 0x89, 0xE8, 0xF2, 0x07, 0xBA, 0x87, 0x55, 0x44,
    0xA1, 0x15, 0x13, 0x76, 0xCC, 0xDB, 0xAC, 0x7B, 0xCA, 0xFC, 0xA8, 0xFF, 0xB7, 0xCD, 0x83, 0x89,
    0x7F, 0x9E, 0x9B, 0x06, 0xDF, 0xA4, 0xFE, 0x3D, 0x2A, 0x6E, 0xA3, 0x32, 0x87, 0x28, 0x89, 0x86,
    0xF4, 0x7E, 0xDA, 0xBF, 0x47, 0x85, 0xE0, 0x87, 0x39, 0x4F, 0x2D, 0x53, 0x47, 0x95, 0xAF, 0x3A,
    0x3F, 0x45, 0x07, 0xC0, 0x33, 0x1B, 0x35, 0x31, 0x3D, 0x69, 0x94, 0x58, 0xBB, 0xF1, 0x89, 0xDA,
    0x43, 0xA8, 0x1E, 0x80, 0xD2, 0xBA, 0x25, 0x44, 0xA6, 0xAA, 0x74, 0x62, 0xFD, 0x4D, 0x97, 0xF0,
    0x71, 0x0C, 0x5A, 0x7C, 0x9C, 0xEE, 0xDD, 0x37, 0x3F, 0x5A, 0x15, 0x05, 0xA9, 0x55, 0xE4, 0xD0,
    0xB5, 0x51, 0x1E, 0x41, 0x25, 0xAA, 0xBA, 0xBE, 0xA6, 0xAF, 0x3F, 0x70, 0x4E, 0x51, 0xB0, 0x4C,
    0xB2, 0x4C, 0xB4, 0x44, 0x41, 0xAA, 0x6C, 0x25, 0x14, 0xAE, 0x1B, 0xA4, 0xEB, 0xCA, 0x13, 0xC4,
    0x62, 0xFE, 0x75, 0x7A, 0x49, 0x39, 0xD2, 0xF3, 0x29, 0x7E, 0x7D, 0xC8, 0xDF, 0x34, 0xB1, 0x81,
    0x8A, 0x6A, 0x06, 0x65, 0xA1, 0x3D, 0x30, 0x43, 0x9D, 0x8C, 0x36, 0x55, 0x4C, 0x77, 0xCF, 0x34,
    0xDD, 0x5F, 0xEC, 0x26, 0x1A, 0xD5, 0xBB, 0x11, 0xFD, 0x2F, 0xBC, 0xFA, 0xA7, 0xA8, 0xBD, 0x82,
    0xFB, 0x3F, 0xD1, 0xFB, 0x24, 0x68, 0x8D, 0xC2, 0xAB, 0x2E, 0xC2, 0xD9, 0xC8, 0x93, 0x8C, 0xAC,
    0xBA, 0x9A, 0x14, 0x26, 0xAB, 0x3C, 0x94, 0xD8, 0xAB, 0x12, 0xB0, 0x8A, 0x1A, 0x93, 0x78, 0xAE,
    0x53, 0x93, 0x7A, 0xDE, 0x6D, 0xE6, 0x02, 0x03, 0x41, 0x94, 0xD5, 0xFC, 0xE5, 0x0C, 0xB7, 0xAE,
    0xD9, 0xBA, 0xBC, 0xAB, 0xC4, 0xB5, 0xED, 0xF3, 0xF5, 0xA3, 0x2F, 0xFC, 0xB1, 0x12, 0x67, 0xF0,
    0xA7, 0x7E, 0x7E, 0xD6, 0xFF, 0xE4, 0x1D, 0x9F, 0xF8, 0x7F, 0xC2, 0x46, 0x86, 0xFF, 0x48, 0x67,
    0xC0, 0x8A, 0x42, 0xD7, 0x2E, 0x79, 0x21, 0x8B, 0x8F, 0x24, 0xB2, 0x6C, 0xF0, 0xF6, 0x11, 0xE6,
    0x60, 0x3C, 0x55, 0xB7, 0x43, 0xB0, 0xB6, 0x21, 0x43, 0x47, 0xD9, 0x31, 0xE1, 0x31, 0xE9, 0xA1,
    0xF8, 0x40, 0x7E, 0x00, 0xD5, 0xA4, 0xAF, 0x5E, 0x13, 0xA0, 0xF7, 0xE0, 0x42, 0xF7, 0xFE, 0xB9,
    0x90, 0x29, 0xE2, 0xBF, 0x2F, 0x54, 0x69, 0xBF, 0xE5, 0x07, 0x72, 0x61, 0x7F, 0xC2, 0x85, 0xF6,
    0x84, 0x0B, 0xC7, 0x13, 0x2E, 0xF4, 0x37, 0x71, 0x61, 0x7E, 0x2C, 0x17, 0x9C, 0x16, 0x14, 0x3A,
    0xAF, 0xCF, 0x0C, 0x02, 0x84, 0x8D, 0x3A, 0xB4, 0x62, 0x2B, 0xFE, 0xD7, 0x33, 0xD0, 0x0D, 0x1F,
    0x00, 0x17, 0x8A, 0x81, 0x0F, 0x82, 0xCC, 0xC7, 0x92, 0xBB, 0x98, 0x66, 0x0B, 0xC4, 0x9B, 0xAF,
    0x9A, 0x2F, 0xD7, 0x36, 0x86, 0x89, 0x3D, 0x2E, 0x5D, 0xF8, 0x51, 0xDF, 0xE6, 0xC4, 0xC8, 0x40,
    0x4C, 0xB3, 0xAA, 0xC0, 0x1F, 0x69, 0x12, 0xEA, 0x80, 0xFC, 0x4A, 0xDE, 0xA1, 0xB6, 0x27, 0x19,
    0xAE, 0x6C, 0xC4, 0xF8, 0xC0, 0xB7, 0x3D, 0x6E, 0x62, 0x20, 0x6E, 0xC5, 0xA6, 0xB4, 0x4D, 0x12,
    0x39, 0x1C, 0x89, 0xB8, 0x33, 0x9E, 0xC9, 0xDB, 0x44, 0xDB, 0xC4, 0xB9, 0x17, 0x3E, 0x4E, 0xDB,
    0x19, 0xD7, 0x66, 0x6B, 0x67, 0x11, 0xF9, 0x10, 0xD4, 0x8E, 0x38, 0x78, 0x9F, 0x79, 0xA2, 0xB8,
    0xA9, 0xC3, 0x4E, 0x54, 0x39, 0x49, 0x68, 0x82, 0x78, 0x47, 0x8D, 0x80, 0xAC, 0xDC, 0x1D, 0xC2,
    0x1E, 0x9C, 0x34, 0x62, 0xF6, 0x0E, 0x38, 0x7E, 0x36, 0xAC, 0x6C, 0x42, 0x28, 0xF6, 0xF4, 0x0E,
    0xCF, 0x27, 0x9C, 0x12, 0x8C, 0x58, 0xCD, 0x3A, 0xB7, 0x6A, 0xDB, 0xD9, 0x19, 0xD9, 0xF4, 0xA9,
    0x34, 0x88, 0x1A, 0x3C, 0x3A, 0x16, 0xAD, 0x23, 0x03, 0xDB, 0xCC, 0x18, 0x36, 0x02, 0xAA, 0x19,
    0x30, 0x7E, 0xA9, 0x43, 0xC8, 0x48, 0xD3, 0x67, 0x4F, 0x9E, 0x56, 0x4A, 0x4D, 0xB2, 0x60, 0xCC,
    0xD7, 0xB7, 0x0D, 0xDF, 0x33, 0x97, 0xE7, 0x81, 0x6A, 0x70, 0xD1, 0xC8, 0x0F, 0x3D, 0xF6, 0xCB,
    0xD5, 0xE2, 0xD6, 0xB8, 0x12, 0x87, 0xE2, 0x28, 0x3E, 0xC0, 0x6F, 0xB3, 0x5A, 0x89, 0x39, 0x6A,
    0x4D, 0xA1, 0x97, 0x7E, 0x0C, 0x55, 0x79, 0x95, 0xD0, 0x1B, 0xD4, 0xAF, 0x5B, 0x44, 0xD7, 0x2D,
    0x32, 0xF4, 0xD2, 0x0F, 0xBB, 0xA8, 0x00, 0x51, 0xE7, 0xB0, 0xF9, 0xE6, 0x55, 0x2D, 0xB2, 0xAC,
    0x93, 0x6E, 0x43, 0x4E, 0x6D, 0x0A, 0xA5, 0x78, 0x0A, 0x05, 0x13, 0x35, 0x3F, 0xB2, 0x39, 0x94,
    0xF3, 0xA5, 0xD8, 0x83, 0xB6, 0x6A, 0x25, 0x88, 0x28, 0xB5, 0xD8, 0x06, 0x0F, 0x6B, 0xD2, 0x66,
    0xFF, 0x1C, 0x84, 0xB4, 0xD8, 0x7E, 0x06, 0x32, 0xFA, 0xD4, 0x69, 0x8C, 0xBB, 0x7A, 0x66, 0xD8,
    0xB0, 0x86, 0xDF, 0xFD, 0xFA, 0xC9, 0x67, 0x8F, 0x8F, 0xB3, 0xDB, 0x25, 0xFD, 0x13, 0x1E, 0x55,
    0x75, 0x52, 0x4C, 0x71, 0xE6, 0xFD, 0xBF, 0xB9, 0xF0, 0xB0, 0xC1, 0xD0, 0x5C, 0x79, 0x59, 0x79,
    0x7D, 0xD5, 0xAD, 0x31, 0x7E, 0x96, 0x44, 0x86, 0xFD, 0xEF, 0xC3, 0x69, 0x02, 0xF6, 0x39, 0xF2,
    0x05, 0xF1, 0x18, 0xA2, 0x44, 0x61, 0xB1, 0xDC, 0x67, 0x14, 0xF6, 0x0C, 0xCF, 0xF8, 0x87, 0xAF,
    0x85, 0xE4, 0x3F, 0x13, 0xFF, 0xA1, 0x06, 0x69, 0xAF, 0x8B, 0x39, 0xBF, 0x12, 0xEC, 0x68, 0xA9,
    0x56, 0xF8, 0x9F, 0x51, 0x24, 0xF3, 0xCE, 0x1E, 0x0F, 0x7A, 0x4B, 0x9A, 0xC5, 0xC5, 0x80, 0x22,
    0x85, 0xC3, 0x85, 0x78, 0x06, 0x92, 0xF1, 0xCA, 0x32, 0xA0, 0x66, 0xDE, 0xD3, 0xC0, 0xAB, 0xFF,
    0x3A, 0x23, 0xDB, 0x2B, 0x84, 0xCA, 0x35, 0xB2, 0xD2, 0xFB, 0xE6, 0x7C, 0x34, 0x52, 0xCE, 0x67,
    0xBC, 0x65, 0x6C, 0xC4, 0x45, 0xC8, 0x02, 0xC9, 0xD6, 0x09, 0x69, 0x2E, 0x03, 0xC2, 0x28, 0x67,
    0xCC, 0x1C, 0xD6, 0x14, 0xF4, 0xFA, 0x3B, 0x4A, 0xE9, 0x4F, 0x07, 0xD6, 0x58, 0x05, 0xFE, 0x6E,
    0xBC, 0x0A, 0x5B, 0xAC, 0x76, 0x4D, 0x18, 0x3C, 0xBD, 0x7E, 0xF0, 0x65, 0x16, 0xAA, 0xD7, 0x56,
    0xBB, 0x1B, 0x52, 0x5E, 0x71, 0xAE, 0x9F, 0xDD, 0xF2, 0xF6, 0x90, 0x3C, 0x75, 0x3A, 0x99, 0x40,
    0xAF, 0xAF, 0x24, 0xB7, 0xCE, 0x6C, 0x35, 0xAA, 0xAF, 0x8A, 0xDA, 0xFB, 0x8D, 0xBA, 0x7B, 0xB9,
    0x7A, 0xB2, 0x45, 0xB7, 0x1C, 0x91, 0x5E, 0x3A, 0xAE, 0x12, 0x88, 0xFB, 0x98, 0x71, 0xD7, 0xDA,
    0x95, 0x33, 0x3E, 0x00, 0x15, 0x42, 0x93, 0xCC, 0x98, 0x7A, 0x7A, 0x97, 0x09, 0x11, 0xE6, 0x42,
    0x09, 0xD0, 0xAC, 0x1F, 0xAD, 0xB3, 0x7E, 0xC0, 0x0E, 0xE7, 0xAA, 0x64, 0x48, 0xF9, 0x90, 0x38,
    0xBD, 0x49, 0x43, 0xE5, 0xD3, 0xE3, 0x30, 0x6F, 0xC3, 0x14, 0x6E, 0xBF, 0xB0, 0x64, 0x51, 0x76,
    0x96, 0xBB, 0xB3, 0x92, 0xE2, 0x64, 0x2E, 0x42, 0xF5, 0x48, 0x73, 0x70, 0x27, 0x8F, 0x80, 0x8A,
    0xCF, 0x80, 0x5A, 0xF6, 0x7F, 0xDC, 0x10, 0xF3, 0x6B, 0xC8, 0xBF, 0x94, 0xAA, 0xC4, 0x3A, 0x15,
    0xF3, 0xE6, 0x56, 0x15, 0x2A, 0xB1, 0x3C, 0x45, 0xEB, 0x24, 0x0E, 0x5C, 0x59, 0x06, 0x07, 0x1C,
    0x16, 0xC7, 0x28, 0x9E, 0x6C, 0x88, 0x5F, 0xBC, 0x75, 0x71, 0x49, 0x0C, 0xC3, 0xD2, 0x64, 0x21,
    0x75, 0x16, 0x6A, 0x50, 0x62, 0x01, 0x4A, 0xAC, 0x3E, 0x89, 0xA5, 0x27, 0x4B, 0x0C, 0x1F, 0x03,
    0x79, 0x56, 0x9C, 0xF4, 0xB6, 0xE4, 0x9B, 0x7E, 0x5D, 0x4E, 0xE3, 0x7B, 0xD2, 0x12, 0x98, 0xC2,
    0xA5, 0x17, 0xC9, 0x06, 0xAE, 0xA0, 0xB0, 0x02, 0x0E, 0xC4, 0x17, 0x44, 0xAF, 0x00, 0x0C, 0xDB,
    0x74, 0x00, 0xF5, 0xB3, 0xB1, 0xD6, 0x69, 0xB0, 0x78, 0x76, 0xBA, 0x52, 0xD6, 0xF6, 0xCB, 0xEE,
    0x82, 0x80, 0xAF, 0x3F, 0x00, 0xA4, 0xD8, 0xFD, 0x0F, 0xF4, 0x6D, 0xF3, 0xBF, 0xDF, 0x16, 0x3A,
    0x79, 0x0F, 0x6A, 0xF9, 0x51, 0x8F, 0x28, 0x74, 0x4B, 0xA0, 0x85, 0xC5, 0xBC, 0x1D, 0x52, 0x2B,
    0x17, 0x68, 0x23, 0xD4, 0xAC, 0x16, 0xCE, 0x3D, 0xAA, 0x68, 0x00, 0x47, 0xA4, 0xF8, 0x3E, 0x55,
    0xE1, 0xE8, 0x35, 0x48, 0x1B, 0x75, 0x17, 0xC4, 0xDD, 0xFF, 0x03, 0x7D, 0x56, 0xBF, 0x6F, 0xDD,
    0xC6, 0x1D, 0xFF, 0x92, 0x74, 0x4C, 0x3B, 0x44, 0x75, 0x19, 0x34, 0x34, 0x76, 0xEA, 0xCB, 0x90,
    0xC1, 0x70, 0xAC, 0x72, 0xF1, 0xE0, 0xE1, 0xE9, 0xDD, 0x15, 0x1A, 0x3B, 0xD4, 0x73, 0x97, 0x0A,
    0x68, 0x87, 0xC0, 0x1D, 0xDC, 0x02, 0x1E, 0xD4, 0x42, 0x12, 0xD9, 0x7A, 0xC8, 0xAA, 0x3F, 0xC1,
    0x83, 0x06, 0xEB, 0x2D, 0xD1, 0x10, 0xA0, 0x0A, 0xF0, 0x24, 0x9E, 0xE3, 0xC1, 0x28, 0x3A, 0xF8,
    0x5C, 0x77, 0xEF, 0x15, 0xF5, 0x52, 0x07, 0x68, 0xAF, 0x05, 0x07, 0x3A, 0x21, 0xDF, 0xF5, 0xF3,
    0x3D, 0x3E, 0xC9, 0x72, 0x8A, 0xF4, 0xE1, 0x78, 0xE4, 0x23, 0xEF, 0xBE, 0x3F, 0x3F, 0xDF, 0xCF,
    0xF7, 0xAA, 0x96, 0xCA, 0x8E, 0x8A, 0x9E, 0xD2, 0x05, 0x51, 0xA3, 0x49, 0x1A, 0xAA, 0x3A, 0x0A,
    0x2E, 0x0B, 0x1A, 0x2F, 0x4B, 0x4B, 0xBB, 0x44, 0x24, 0xF0, 0x4D, 0x05, 0xA2, 0x10, 0xEA, 0x6C,
    0x28, 0x8D, 0xF0, 0x85, 0x53, 0x75, 0xEA, 0xD3, 0x81, 0xAE, 0x17, 0xC1, 0x76, 0x65, 0x08, 0xAD,
    0x0A, 0xC1, 0x1F, 0xCB, 0x60, 0xF6, 0x93, 0x13, 0xBA, 0x31, 0x3B, 0xA8, 0xC2, 0xA2, 0x09, 0x43,
    0x7C, 0x18, 0x9A, 0xD0, 0xCF, 0x49, 0xD2, 0x0E, 0x4D, 0x49, 0xFD, 0x08, 0x32, 0x43, 0x47, 0x22,
    0x38, 0x28, 0xD4, 0x04, 0x39, 0x5D, 0xD5, 0x37, 0x7D, 0xD5, 0x4A, 0x2B, 0xEB, 0xC2, 0x2A, 0x5B,
    0x7A, 0xE5, 0x94, 0x57, 0x56, 0x39, 0x59, 0x8B, 0x3A, 0xD9, 0x27, 0x19, 0xA0, 0xDA, 0x4C, 0x4A,
    0xC3, 0xA6, 0x95, 0x75, 0xB2, 0xA0, 0xAC, 0xA5, 0xDC, 0xF0, 0x48, 0x1E, 0x41, 0x50, 0x5D, 0x06,
    0x3B, 0xCD, 0xDC, 0x24, 0xF1, 0xEB, 0xA9, 0x57, 0xFF, 0x72, 0x22, 0x18, 0x76, 0xA5, 0x7A, 0x1E,
    0x34, 0x85, 0x0D, 0xAC, 0x1E, 0x0A, 0xF8, 0x07, 0xF9, 0xD8, 0xAF, 0x34, 0x6C, 0xE8, 0x09, 0x53,
    0xE1, 0xCB, 0x5A, 0x19, 0xF1, 0xB7, 0x40, 0x45, 0xE8, 0x29, 0x0B, 0x9E, 0xD2, 0x00, 0xF1, 0xA4,
    0xF0, 0x6D, 0x17, 0xA6, 0xCE, 0xB1, 0x4C, 0xFE, 0xDE, 0xCB, 0x0D, 0x5F, 0x66, 0x5E, 0xE5, 0x4E,
    0xE5, 0x76, 0x5A, 0x98, 0x1D, 0x61, 0x9A, 0x2F, 0x83, 0x56, 0x2E, 0x18, 0xD1, 0x2A, 0x9B, 0xF5,
    0xC2, 0xD3, 0x90, 0x75, 0xD8, 0x85, 0xD5, 0x1A, 0x31, 0x32, 0x50, 0x6C, 0xE2, 0x7D, 0xB5, 0x4C,
    0x20, 0x4A, 0xD4, 0x0A, 0x42, 0xE5, 0x37, 0x03, 0xD4, 0xB4, 0x94, 0x84, 0x1A, 0x31, 0xDE, 0xCB,
    0x43, 0x2B, 0x43, 0xAF, 0xF4, 0xC9, 0x9C, 0xD4, 0x26, 0xBD, 0x4F, 0x49, 0xCD, 0xAE, 0x05, 0x9D,
    0x79, 0x12, 0xD1, 0x4B, 0x65, 0x49, 0xB5, 0xA4, 0x7A, 0x1E, 0x65, 0x8F, 0x20, 0x11, 0x9D, 0xC0,
    0xBE, 0x3A, 0x0B, 0x06, 0x83, 0x30, 0xA0, 0x40, 0xD5, 0x50, 0x4B, 0x03, 0x5D, 0x6D, 0xF9, 0xF1,
    0x23, 0xA2, 0xBC, 0x95, 0xBD, 0xEA, 0x11, 0x4D, 0xDF, 0xD4, 0xC7, 0x70, 0x41, 0x91, 0xB4, 0xB9,
    0xA7, 0x3B, 0x67, 0x7B, 0xD3, 0xEF, 0xDE, 0x0B, 0x75, 0x12, 0x8A, 0x06, 0xAC, 0x84, 0x07, 0x9A,
    0xED, 0x38, 0x87, 0x02, 0xE9, 0x22, 0x0A, 0x3E, 0xA2, 0xCF, 0xEF, 0xB6, 0x8D, 0x0F, 0x3E, 0x71,
    0xA9, 0x4D, 0xEA, 0xCB, 0x24, 0xE8, 0x1A, 0xEC, 0x53, 0xFD, 0x84, 0x26, 0xF8, 0x88, 0x64, 0xAB,
    0x30, 0x54, 0x08, 0x27, 0x87, 0xB8, 0xA3, 0xA4, 0xA3, 0xB4, 0x25, 0x38, 0x85, 0x91, 0xBB, 0x64,
    0x40, 0x94, 0x75, 0xCE, 0x86, 0x68, 0x6A, 0x08, 0x02, 0xD3, 0x9E, 0x1D, 0xFD, 0x0D, 0x04, 0x6F,
    0x16, 0x5E, 0x7A, 0x05, 0x21, 0xEB, 0x30, 0x47, 0x9A, 0xBC, 0x26, 0xA8, 0x48, 0x6C, 0x6A, 0xAB,
    0x45, 0x33, 0xDC, 0x3D, 0x68, 0x16, 0x61, 0xC8, 0xEB, 0x42, 0x0B, 0x28, 0xA4, 0x4D, 0x22, 0x4F,
    0x1F, 0x7F, 0xCD, 0x70, 0xAC, 0x02, 0x65, 0x86, 0x47, 0xAA, 0xA1, 0xBC, 0x06, 0x4A, 0x14, 0x02,
    0x9C, 0xEC, 0x51, 0xE6, 0x28, 0xB3, 0x0C, 0x90, 0xC2, 0x20, 0x03, 0xC8, 0xCC, 0x14, 0x18, 0x1A,
    0xD8, 0x8D, 0x29, 0x54, 0x6C, 0x23, 0xB9, 0x73, 0x3A, 0xBE, 0xD0, 0xC0, 0x72, 0xE9, 0x8A, 0x56,
    0xF5, 0x2A, 0x3E, 0x09, 0x53, 0x30, 0xEA, 0xBC, 0xF2, 0x8C, 0xC1, 0xD2, 0x03, 0x7F, 0xF6, 0xFF,
    0x20, 0xAC, 0xE8, 0x45, 0x2B, 0x51, 0x06, 0xBB, 0xEC, 0x2D, 0x42, 0x78, 0xC4, 0x01, 0xE5, 0x10,
    0xC3, 0x29, 0x68, 0x2A, 0xED, 0x6F, 0x83, 0x69, 0x02, 0x35, 0x2F, 0xE1, 0xAB, 0xCE, 0x11, 0x5F,
    0x1B, 0x23, 0x3F, 0x8E, 0xAF, 0x0D, 0x4A, 0xE5, 0x62, 0xD0, 0x0C, 0x38, 0x86, 0xDC, 0x08, 0xB8,
    0x2B, 0xB3, 0xD9, 0x23, 0xD4, 0x52, 0x8F, 0x5A, 0xEA, 0xA6, 0x08, 0xDE, 0x36, 0x7C, 0xFD, 0x1C,
    0x17, 0x7C, 0xBE, 0xB3, 0xFA, 0x4E, 0x52, 0xDF, 0x5E, 0xC9, 0xCC, 0xED, 0x32, 0x87, 0xA7, 0x81,
    0xE4, 0x8B, 0x0E, 0xBB, 0x50, 0x3F, 0xBA, 0xAA, 0xE5, 0x9F, 0x17, 0x30, 0xB3, 0xA3, 0x1C, 0x55,
    0xC5, 0x00, 0x61, 0xDC, 0x50, 0x84, 0x35, 0xDE, 0xB7, 0x8D, 0x56, 0xA6, 0x34, 0x30, 0xD8, 0x02,
    0xF6, 0xC0, 0xA3, 0xD4, 0x65, 0x5D, 0x61, 0x7D, 0x8F, 0xF5, 0xFE, 0x3B, 0x30, 0x89, 0x2A, 0xBB,
    0x0E, 0x69, 0x73, 0x01, 0x4B, 0xB8, 0xB2, 0xD7, 0x51, 0xE6, 0x9F, 0x80, 0x1E, 0x6E, 0xCC, 0x66,
    0xC4, 0xDA, 0x51, 0xDE, 0x08, 0xF9, 0x6C, 0xA6, 0xAB, 0x10, 0x82, 0x6E, 0x30, 0x01, 0xE0, 0x58,
    0x27, 0x78, 0x7A, 0x17, 0x1F, 0xF6, 0x88, 0x7F, 0x70, 0x88, 0xF3, 0x12, 0x38, 0x33, 0xE0, 0x0E,
    0x3A, 0xD1, 0xEF, 0x67, 0xC1, 0xED, 0x60, 0x55, 0x2F, 0x59, 0x32, 0x0C, 0xB8, 0x4E, 0x55, 0x0D,
    0x49, 0xE0, 0x09, 0xC6, 0x4E, 0xE8, 0x59, 0x2A, 0xB6, 0xF3, 0x7A, 0x6C, 0xAB, 0xC6, 0x1B, 0x44,
    0x7D, 0x9F, 0x28, 0x81, 0x57, 0x62, 0x80, 0xB5, 0x96, 0x0A, 0x26, 0x2B, 0x17, 0x6F, 0x15, 0xAA,
    0x43, 0x45, 0x74, 0x2E, 0x7F, 0x9A, 0xA7, 0xD4, 0xF3, 0x9C, 0x5B, 0x9E, 0x05, 0xEF, 0x07, 0x01,
    0xF1, 0x6F, 0x1A, 0xE7, 0x39, 0x4F, 0x49, 0xCB, 0x73, 0x76, 0x7E, 0x61, 0xCD, 0x73, 0x19, 0x97,
    0xEC, 0xC4, 0xB9, 0x3F, 0xB7, 0xD0, 0xF1, 0x5C, 0x8C, 0xB2, 0xE2, 0x42, 0x75, 0x6E, 0x61, 0x77,
    0x4E, 0xA9, 0x3B, 0xA7, 0x54, 0xBF, 0x59, 0x38, 0x7F, 0xB3, 0x30, 0xFB, 0x1F, 0xEB, 0x46, 0xA5,
    0xD7, 0xE8, 0xCD, 0x0F, 0xE5, 0x65, 0x84, 0xCB, 0x7C, 0xEA, 0x33, 0x57, 0xDA, 0x4A, 0x1F, 0xD1,
    0x4D, 0xA2, 0xC9, 0x84, 0x68, 0x6B, 0x9D, 0xA8, 0x55, 0xAF, 0x3E, 0x6B, 0x11, 0x1C, 0xDF, 0x8C,
    0x41, 0x5F, 0xE0, 0x1A, 0x7E, 0x40, 0x74, 0x73, 0xB9, 0x66, 0xA2, 0xC6, 0xC4, 0xB5, 0x69, 0xBB,
    0x4B, 0x72, 0x11, 0xF4, 0x44, 0x6E, 0xD4, 0xF7, 0x57, 0xB2, 0xFA, 0xC3, 0x4B, 0x29, 0x5D, 0xBE,
    0x54, 0xEE, 0x8A, 0xAE, 0x70, 0x65, 0xBB, 0x7D, 0xF4, 0xDE, 0x7B, 0xB4, 0x9A, 0x75, 0xC2, 0x4A,
    0x2D, 0xE1, 0x95, 0x30, 0xB9, 0xCD, 0x6C, 0x61, 0xAB, 0xFA, 0x0B, 0xF0, 0x6E, 0x08, 0xB6, 0xE4,
    0xE8, 0xC7, 0x2C, 0x46, 0x9B, 0xCE, 0x52, 0x4E, 0x31, 0xE5, 0x8D, 0x67, 0xE2, 0x10, 0x00, 0x1A,
    0x67, 0x05, 0x4E, 0xE8, 0xB7, 0x7A, 0x47, 0x64, 0x0D, 0x46, 0x12, 0xC0, 0x33, 0x97, 0x4B, 0x24,
    0xED, 0xE0, 0xCF, 0x2F, 0x80, 0xA4, 0xC2, 0xCA, 0xB6, 0xEC, 0x8A, 0x36, 0xF1, 0x29, 0x30, 0xBC,
    0x0A, 0xE1, 0xFB, 0x1C, 0x18, 0x24, 0xB4, 0xDC, 0x18, 0x4E, 0xA8, 0x7A, 0xF2, 0x1A, 0xF2, 0x9F,
    0xFE, 0x07, 0xE0, 0xFA, 0xD3, 0x63, 0x54, 0xEF, 0x4F, 0x40, 0x69, 0xF4, 0x2E, 0x07, 0xAA, 0x53,
    0x2D, 0xFA, 0x83, 0xAF, 0x5E, 0xAB, 0x85, 0x6C, 0x61, 0xDA, 0xFE, 0xA9, 0xAB, 0x60, 0x14, 0x8F,
    0x22, 0xF4, 0x87, 0xB8, 0xEE, 0x10, 0xED, 0x95, 0xA7, 0xB8, 0x33, 0x37, 0xCE, 0x1C, 0xB8, 0x8B,
    0xA7, 0xD1, 0x76, 0xC6, 0x15, 0x54, 0x81, 0xDE, 0xC1, 0xED, 0x6E, 0x5A, 0xD8, 0xDD, 0xC2, 0x1C,
    0x0B, 0x33, 0x17, 0xF5, 0x8D, 0x83, 0x6A, 0x68, 0x7A, 0xA4, 0xBE, 0x43, 0xE2, 0x1F, 0x12, 0x5D,
    0x38, 0x45, 0x4F, 0x73, 0x5C, 0xA0, 0x64, 0x7A, 0x49, 0x1C, 0x70, 0xE2, 0x42, 0xA5, 0x75, 0x01,
    0x5A, 0xBF, 0x2F, 0x9B, 0x7A, 0x89, 0xAC, 0x0B, 0x67, 0x99, 0xE6, 0x1E, 0xB4, 0x9C, 0x06, 0x7E,
    0x77, 0x14, 0xBF, 0x08, 0xD4, 0xDB, 0x9E, 0xE2, 0x5A, 0xE1, 0x3E, 0x88, 0xBD, 0xD3, 0x14, 0x7B,
    0x3F, 0xA1, 0x33, 0x68, 0x09, 0x06, 0x8F, 0x64, 0x78, 0x48, 0x77, 0xFA, 0xAE, 0xD1, 0x57, 0xB2,
    0xD0, 0x4E, 0xBF, 0x5D, 0x35, 0x34, 0xCA, 0xE6, 0xE8, 0xF6, 0xDF, 0xEE, 0xC0, 0x28, 0x82, 0xB4,
    0xFE, 0x95, 0x78, 0x85, 0xC0, 0x0C, 0xE8, 0xB7, 0x2B, 0x64, 0x93, 0x44, 0x8F, 0xB8, 0xF2, 0x79,
    0x27, 0x17, 0x99, 0xCB, 0x5D, 0x61, 0x0B, 0x23, 0xCC, 0xDD, 0xFD, 0x74, 0x56, 0x5F, 0x39, 0xA8,
    0x5A, 0x10, 0x87, 0x1C, 0x96, 0xB7, 0xAD, 0xB8, 0x72, 0x0D, 0xB7, 0xD5, 0x78, 0x5B, 0x99, 0x1C,
    0xD2, 0xDA, 0x2A, 0x89, 0x89, 0xC7, 0x8B, 0xF4, 0x8F, 0xF4, 0x73, 0x28, 0x1F, 0xA9, 0x17, 0x30,
    0x25, 0xFA, 0x90, 0x08, 0xD8, 0xA3, 0x2D, 0xDA, 0xE2, 0xDB, 0xAD, 0xB5, 0xD3, 0xED, 0xB7, 0x31,
    0x7F, 0xB0, 0xB6, 0x35, 0xE1, 0x3F, 0x6B, 0x5B, 0x5C, 0xA0, 0x97, 0xD6, 0xB6, 0x2E, 0xF1, 0x86,
    0xB5, 0xE5, 0x86, 0x78, 0xBB, 0x05, 0x3F, 0x20, 0xEC, 0x8D, 0x4C, 0x5A, 0x59, 0x3D, 0xE4, 0xAF,
    0xAC, 0x0F, 0xC2, 0x2E, 0x4F, 0x36, 0xE9, 0x54, 0xE6, 0x6E, 0x34, 0xF7, 0xF8, 0x6D, 0x73, 0x2D,
    0xAA, 0x4A, 0xD9, 0xBC, 0xCF, 0x7B, 0x65, 0x3B, 0xB2, 0x94, 0x3C, 0x14, 0x4E, 0xB9, 0xDD, 0xC8,
    0xF3, 0x95, 0x56, 0xBA, 0x88, 0x9C, 0x91, 0x83, 0x21, 0xE5, 0x57, 0x43, 0x6C, 0xF0, 0x73, 0x2E,
    0x38, 0xEE, 0x69, 0xE1, 0xDC, 0x35, 0x56, 0xF2, 0x07, 0xDF, 0xA3, 0x52, 0x45, 0x50, 0x7B, 0x3E,
    0x16, 0x95, 0x15, 0xBF, 0x89, 0xE5, 0xCA, 0x55, 0x7A, 0x75, 0x20, 0xE5, 0x78, 0xE0, 0x81, 0x2A,
    0x7E, 0x09, 0xEB, 0x71, 0xAC, 0x90, 0xAF, 0xB9, 0x75, 0x62, 0xE0, 0x01, 0x7F, 0xF1, 0x72, 0x0F,
    0x70, 0x1D, 0x48, 0x68, 0xF5, 0xB2, 0xAC, 0x61, 0x98, 0x61, 0xE3, 0xD4, 0xCB, 0x2F, 0xFC, 0x40,
    0xBE, 0xDD, 0x4B, 0xDD, 0xF6, 0x45, 0x10, 0xB2, 0x40, 0x75, 0x13, 0xAE, 0xD2, 0x29, 0xB3, 0x8E,
    0x43, 0x0A, 0x9A, 0xE9, 0xC0, 0xCD, 0x28, 0xA2, 0xE0, 0xC2, 0x16, 0xDD, 0xBC, 0x4F, 0xE5, 0xAF,
    0xD1, 0xB7, 0x5D, 0xD3, 0xD1, 0xAD, 0xBF, 0xD6, 0xE9, 0x8B, 0x3A, 0x7D, 0x3E, 0x52, 0xCC, 0x31,
    0xC3, 0xC7, 0x4C, 0xE4, 0x03, 0xBB, 0x25, 0x12, 0xC7, 0x17, 0x2A, 0x9C, 0xCB, 0xD5, 0x14, 0xED,
    0x02, 0x49, 0x59, 0xA3, 0xE9, 0x81, 0x1A, 0xAA, 0x1E, 0x4D, 0x75, 0x8B, 0x36, 0xB7, 0x47, 0xF0,
    0xE9, 0x91, 0x88, 0x76, 0x49, 0x30, 0xF3, 0xA0, 0x27, 0xE5, 0x70, 0x22, 0x41, 0x68, 0x92, 0xB0,
    0x98, 0x05, 0xC6, 0x2A, 0xD7, 0x0C, 0xEB, 0x4E, 0x3E, 0x0B, 0xE8, 0x5B, 0x68, 0x96, 0x23, 0x30,
    0x4F, 0x69, 0x2C, 0xDA, 0x85, 0xBE, 0x9D, 0xE1, 0xE8, 0x46, 0xF7, 0x1C, 0x1F, 0x08, 0x67, 0xE0,
    0x7F, 0x8A, 0x64, 0xC1, 0x1B, 0xE8, 0x5E, 0xF8, 0xC7, 0x92, 0x27, 0x66, 0x8F, 0x22, 0x87, 0xF7,
    0xE3, 0x7C, 0xFE, 0x4D, 0x24, 0xF5, 0x9E, 0x2E, 0x1E, 0xB0, 0xD4, 0x2B, 0x2C, 0x84, 0xC5, 0x4D,
    0x91, 0x20, 0x7E, 0x82, 0x78, 0xF4, 0x5D, 0xAE, 0x51, 0xCF, 0xC4, 0x99, 0x44, 0xFE, 0x67, 0x07,
    0x2E, 0x36, 0xAF, 0xA3, 0x39, 0x3F, 0x1D, 0x9B, 0xCB, 0x3D, 0x7C, 0xC0, 0x03, 0x6F, 0x0A, 0x9C,
    0x8B, 0xD7, 0x9A, 0xAE, 0x86, 0x7A, 0x2C, 0xB6, 0x12, 0xE0, 0x8E, 0x3C, 0xDB, 0x8E, 0xBC, 0x3A,
    0xF2, 0xF8, 0xD8, 0x19, 0x28, 0xD2, 0xC1, 0xCC, 0x47, 0x5B, 0xBA, 0x68, 0x4B, 0x64, 0xE3, 0x6C,
    0x2C, 0xA8, 0x25, 0xFB, 0x26, 0xE1, 0x30, 0x7F, 0xE2, 0xC5, 0x86, 0x2B, 0x33, 0x3B, 0xCD, 0xED,
    0x7A, 0x61, 0xD6, 0x85, 0x99, 0x7E, 0x6C, 0xE4, 0xA7, 0x2D, 0xEA, 0x31, 0x7F, 0x6A, 0x44, 0x6E,
    0x7E, 0x28, 0xB5, 0xEA, 0x38, 0x46, 0x28, 0xFD, 0x32, 0x27, 0x1C, 0x33, 0xD3, 0xBA, 0xE0, 0xD3,
    0x0B, 0x4E, 0x31, 0x02, 0x7C, 0x3A, 0x9E, 0x26, 0x71, 0xA6, 0x31, 0xEF, 0x30, 0x13, 0x88, 0x1F,
    0xD7, 0xD3, 0xDC, 0x6C, 0xE7, 0x66, 0x5E, 0x98, 0x5E, 0x60, 0xE8, 0xED, 0x75, 0x92, 0x2F, 0xF1,
    0xB9, 0x15, 0x8F, 0xBD, 0xE0, 0xC3, 0xA6, 0x2B, 0x73, 0x5B, 0x0A, 0xA3, 0x7E, 0xF9, 0x17, 0xF9,
    0xE0, 0x54, 0x4F, 0x66, 0xCA, 0xA8, 0xE1, 0x4C, 0x4F, 0x8E, 0x16, 0x92, 0xC5, 0x13, 0x16, 0xB5,
    0x49, 0xF0, 0xD1, 0x4C, 0xA6, 0xB1, 0xB7, 0xCC, 0x7C, 0x8A, 0xB3, 0x09, 0x77, 0x22, 0xF4, 0x18,
    0x3E, 0x04, 0x3D, 0xB3, 0xE2, 0xEF, 0x5E, 0x3C, 0x59, 0xAA, 0xC0, 0x49, 0x16, 0x2B, 0xB7, 0xF3,
    0xD8, 0xD7, 0xC0, 0x9A, 0xD5, 0xCF, 0x9E, 0xB5, 0xF2, 0xAB, 0x57, 0x6D, 0xF9, 0xA9, 0x6B, 0x55,
    0xF1, 0xD8, 0x4F, 0x61, 0xCC, 0x8E, 0x78, 0x80, 0xF6, 0xBF, 0xE1, 0xE6, 0x32, 0xED, 0xD4, 0x33,
    0x23, 0xFE, 0x60, 0xC5, 0x97, 0x86, 0x0F, 0x53, 0xB1, 0x57, 0x8D, 0xF6, 0x5C, 0x1F, 0xE3, 0x26,
    0x74, 0xE3, 0xCB, 0x73, 0x47, 0x2B, 0xA6, 0x26, 0xF5, 0x3B, 0x07, 0xA7, 0x0A, 0x73, 0x98, 0x9B,
    0x87, 0xD9, 0x73, 0x93, 0xBD, 0xD0, 0xD9, 0x3F, 0x29, 0xED, 0xF8, 0x74, 0x26, 0xEC, 0x51, 0xF6,
    0x6F, 0x9B, 0x7C, 0x13, 0xB3, 0x82, 0x53, 0x61, 0x45, 0xD7, 0xA4, 0x3E, 0x12, 0xEE, 0xBF, 0xED,
    0x7D, 0x3F, 0xB0, 0xE5, 0xE6, 0x75, 0x1F, 0xEE, 0xBD, 0xDA, 0x87, 0x48, 0xD7, 0x0A, 0x38, 0x19,
    0x8A, 0xB4, 0xBD, 0x19, 0x83, 0x85, 0x32, 0xA3, 0xC4, 0x11, 0x51, 0x65, 0x26, 0x05, 0x77, 0x01,
    0x92, 0x33, 0x56, 0xA1, 0x82, 0x5B, 0xE8, 0xED, 0x16, 0x5B, 0x6C, 0xCA, 0x8C, 0x93, 0xCC, 0x6B,
    0x52, 0xB8, 0xE0, 0x2E, 0x20, 0x71, 0x12, 0x17, 0x2A, 0xB4, 0x85, 0x29, 0x15, 0x9E, 0x89, 0x55,
    0x24, 0x85, 0xE5, 0x42, 0x2E, 0x54, 0xB0, 0x58, 0x12, 0x20, 0x39, 0x13, 0x15, 0x2A, 0x78, 0x29,
    0x99, 0x66, 0xA1, 0x99, 0x08, 0xB6, 0x76, 0x2D, 0x7B, 0x3C, 0x13, 0x22, 0x22, 0x56, 0xC4, 0x23,
    0x01, 0x7C, 0x39, 0xE7, 0xF7, 0x3B, 0x1F, 0x80, 0xFB, 0xDE, 0xDB, 0x5D, 0x52, 0xA2, 0xFE, 0x50,
    0xD6, 0xA3, 0x74, 0xF1, 0xED, 0xFB, 0x73, 0xEF, 0xF7, 0xE7, 0x7C, 0xE7, 0xEF, 0xEF, 0x9C, 0x13,
    0x04, 0x41, 0xD9, 0x04, 0xFA, 0x95, 0xB6, 0x78, 0x44, 0x3D, 0x1E, 0x9B, 0x01, 0x8F, 0xC0, 0xF1,
    0x91, 0x66, 0x78, 0x1C, 0xF0, 0xB1, 0xF8, 0xDA, 0x3A, 0xF9, 0xEA, 0x83, 0x88, 0x8F, 0x20, 0x1F,
    0xBF, 0xF1, 0xCD, 0x4E, 0x7E, 0xBD, 0x0F, 0x36, 0x7C, 0xAC, 0x5A, 0x3C, 0xD6, 0xF2, 0x19, 0x79,
    0x87, 0x47, 0xC9, 0xCF, 0x71, 0xCD, 0xDE, 0xA3, 0xD6, 0xD7, 0x95, 0xBB, 0x73, 0x78, 0x29, 0x08,
    0xD6, 0xF2, 0x5E, 0xF2, 0xED, 0x8D, 0x7F, 0x54, 0xFA, 0xB3, 0xD0, 0x15, 0xFC, 0xBC, 0x8C, 0x0F,
    0x4E, 0x76, 0xEF, 0x11, 0x8F, 0xF2, 0xFF, 0x2C, 0x48, 0x64, 0xEA, 0x09, 0x3E, 0x35, 0x48, 0xF9,
    0x18, 0xE5, 0x9D, 0xC7, 0x6F, 0xFC, 0xC5, 0x10, 0xA4, 0x9C, 0xA6, 0x3D, 0xE4, 0xEB, 0xA5, 0xE0,
    0x06, 0x3E, 0xF7, 0x49, 0x7D, 0xDB, 0xB5, 0xFB, 0x92, 0x7E, 0xC8, 0xDA, 0x3D, 0x85, 0x0F, 0x79,
    0x51, 0xFE, 0x3B, 0xFB, 0xEB, 0xA3, 0xBC, 0x68, 0x4C, 0xDA, 0xED, 0xF8, 0xA8, 0xE2, 0x3B, 0xD7,
    0xDC, 0x61, 0x5E, 0x25, 0x99, 0xBC, 0x4D, 0x5C, 0xA5, 0x41, 0x3C, 0x04, 0x51, 0x71, 0x21, 0x48,
    0xE4, 0xF7, 0xB2, 0x67, 0xF5, 0x6D, 0xA2, 0x80, 0xEF, 0x16, 0x60, 0x29, 0xFA, 0xE5, 0x97, 0xF2,
    0x13, 0x0C, 0xF4, 0x5D, 0x32, 0x3E, 0x6A, 0xF9, 0xC0, 0xDB, 0xA1, 0xCC, 0x7E, 0xED, 0x76, 0x81,
    0xEB, 0xB0, 0x86, 0xBC, 0xC7, 0x43, 0xB7, 0x46, 0x96, 0x22, 0x8F, 0x50, 0x7E, 0x5B, 0x1E, 0x5B,
    0x3E, 0x74, 0x0D, 0xF6, 0xC8, 0x5B, 0x2C, 0x45, 0xFE, 0x3C, 0x19, 0xF5, 0x1D, 0xCE, 0x39, 0x77,
    0x29, 0x76, 0x59, 0xEC, 0x5C, 0x27, 0xB3, 0x4E, 0x9C, 0x6B, 0xB9, 0x17, 0xF2, 0x33, 0xDB, 0x9A,
    0x6C, 0x41, 0xAE, 0x29, 0x77, 0xB4, 0xC4, 0xAF, 0xAC, 0x48, 0xBB, 0xAB, 0x9B, 0xF7, 0x3D, 0xB8,
    0x8E, 0x07, 0xC7, 0xA3, 0xDA, 0xD8, 0xA3, 0x99, 0x1E, 0xB2, 0xDA, 0x4D, 0x8D, 0xD5, 0xAE, 0xB2,
    0x7B, 0x1D, 0xDC, 0x8E, 0xF3, 0xC1, 0xC3, 0x4E, 0xEC, 0x83, 0x1D, 0x9C, 0x7C, 0x25, 0x9C, 0xAC,
    0xED, 0x31, 0x1F, 0x8F, 0xB8, 0xF1, 0x0B, 0xFA, 0x0F, 0x12, 0x69, 0x8A, 0xB9, 0xEA, 0xD7, 0x91,
    0xBB, 0xC9, 0x45, 0xE8, 0xDF, 0x94, 0xC7, 0x47, 0xF2, 0xEE, 0xB2, 0xAD, 0xBA, 0xB3, 0x91, 0xEE,
    0x99, 0x6C, 0x70, 0x27, 0xB3, 0xCA, 0xF4, 0x46, 0xCB, 0x1E, 0xAC, 0x38, 0xCD, 0xFD, 0x19, 0x45,
    0xB6, 0x6D, 0xEE, 0xF0, 0x50, 0x3F, 0x9C, 0xA7, 0xA7, 0x0F, 0xFD, 0x20, 0x9B, 0xCA, 0xFD, 0x1E,
    0x36, 0x69, 0xBF, 0x12, 0x99, 0x40, 0x21, 0x13, 0xAA, 0x82, 0xA8, 0x92, 0x0F, 0xEA, 0x82, 0x92,
    0xB4, 0x30, 0xF2, 0xBD, 0x95, 0x40, 0x56, 0xE5, 0x88, 0x4F, 0x3C, 0x70, 0xC7, 0x3A, 0x69, 0xA1,
    0x39, 0xF9, 0xC5, 0xAF, 0xCA, 0x46, 0x6E, 0x7B, 0x65, 0x39, 0x71, 0x1B, 0x24, 0x9D, 0x1E, 0x5F,
    0xDC, 0xE8, 0x6B, 0xB4, 0x33, 0x3E, 0xC4, 0x8D, 0x48, 0x1D, 0x3F, 0xAD, 0xC6, 0x87, 0x0D, 0x5C,
    0x3C, 0xAE, 0x28, 0x4E, 0x22, 0xC7, 0xFE, 0x6C, 0xF1, 0x71, 0x2B, 0xE7, 0xE6, 0x99, 0xC9, 0xBE,
    0x6F, 0x6B, 0xF9, 0x9C, 0x2C, 0xD1, 0x57, 0x7D, 0x63, 0x7D, 0x6D, 0x95, 0xAB, 0xC9, 0x7E, 0x47,
    0x4A, 0x01, 0x6F, 0x94, 0x0D, 0xEE, 0x9C, 0xBC, 0xDB, 0x79, 0x77, 0xDB, 0x6F, 0x6B, 0xA4, 0x5B,
    0x7E, 0xAE, 0x74, 0x7F, 0x62, 0x2B, 0xC6, 0x34, 0xF0, 0x02, 0xEA, 0x27, 0xC9, 0x37, 0xD3, 0x4B,
    0x1D, 0x70, 0x97, 0x41, 0x03, 0xD8, 0x68, 0xBC, 0x60, 0xAF, 0x71, 0xF6, 0x38, 0xF9, 0x68, 0x7A,
    0xC1, 0x99, 0x27, 0x7B, 0x6F, 0x7C, 0xE0, 0xC6, 0x4B, 0x7A, 0xC4, 0x0D, 0x5F, 0xF4, 0xFA, 0x2A,
    0xDB, 0x11, 0x56, 0x34, 0xBF, 0x3E, 0xA5, 0xAF, 0x37, 0x82, 0xFE, 0x1E, 0xBC, 0x68, 0x08, 0x38,
    0x6F, 0x9B, 0xB8, 0x9D, 0x95, 0xED, 0x60, 0x3F, 0x5F, 0x5D, 0xDE, 0x5C, 0xD2, 0xB0, 0xBD, 0xD6,
    0x81, 0xAD, 0xC0, 0xC8, 0x98, 0xC4, 0xC2, 0x57, 0x52, 0x0C, 0x49, 0x98, 0x14, 0x1C, 0x2D, 0x5E,
    0x49, 0xBE, 0xC9, 0xC9, 0x8F, 0xC2, 0x72, 0x6C, 0x29, 0xB6, 0x20, 0xA3, 0x04, 0xFE, 0xEB, 0x11,
    0xFC, 0x3C, 0x70, 0x27, 0xA7, 0xB2, 0x9C, 0xC4, 0x7A, 0x31, 0x89, 0xD3, 0x53, 0x59, 0x4E, 0x22,
    0x1A, 0xEF, 0x33, 0x15, 0x5B, 0x75, 0x8E, 0x8F, 0x2A, 0x9B, 0xFB, 0x7C, 0xE0, 0x59, 0x1F, 0x35,
    0xBF, 0x7D, 0xA2, 0x6F, 0xF6, 0x29, 0x9E, 0x0D, 0x7E, 0xC5, 0x18, 0x21, 0xAE, 0x0D, 0xA9, 0x0E,
    0xBC, 0x75, 0x24, 0x53, 0xF8, 0xC6, 0x37, 0x8D, 0x51, 0xF5, 0xFE, 0xA6, 0xCB, 0xC8, 0x2E, 0x7B,
    0xD0, 0xF9, 0xFB, 0x2E, 0x22, 0xC2, 0xAE, 0xBC, 0x30, 0x9B, 0x79, 0x64, 0x6F, 0x1D, 0xD6, 0x41,
    0x7E, 0x4C, 0xD6, 0xB1, 0xD3, 0x3B, 0x83, 0x75, 0x57, 0x7A, 0xB3, 0x5A, 0x1B, 0x35, 0xB9, 0xBE,
    0x4F, 0x5C, 0xC8, 0x32, 0xF0, 0x29, 0x89, 0x2E, 0x05, 0x1B, 0x94, 0xEA, 0xFE, 0x61, 0x15, 0x37,
    0x74, 0x49, 0x58, 0xD5, 0xE0, 0x47, 0x2B, 0xE5, 0xC0, 0x45, 0xA8, 0x97, 0xB0, 0xD3, 0xFD, 0xD4,
    0xDF, 0x8B, 0x1A, 0x9D, 0xA8, 0xFE, 0x6D, 0x8E, 0x91, 0xFC, 0x2F, 0x97, 0x6D, 0x91, 0xC5, 0xCB,
    0x5C, 0x4B, 0xF9, 0x05, 0x99, 0x7C, 0x29, 0x57, 0x5B, 0x79, 0xF5, 0x78, 0x55, 0xB6, 0x2D, 0xC7,
    0x3D, 0xD1, 0xF5, 0xC6, 0x75, 0x20, 0x0C, 0xDA, 0x73, 0xA5, 0x3E, 0xC1, 0x11, 0x2B, 0x2D, 0xF2,
    0xB0, 0x95, 0x1E, 0xED, 0xC0, 0x95, 0x26, 0xDD, 0x74, 0xB3, 0x79, 0x0E, 0x2A, 0x29, 0xC9, 0xA3,
    0x54, 0x4A, 0x92, 0x8D, 0x0A, 0x8D, 0x1A, 0x83, 0x77, 0x8D, 0x67, 0x5D, 0x8B, 0xD1, 0xDD, 0xC3,
    0xAB, 0x20, 0xF1, 0x15, 0xB6, 0x5E, 0xF9, 0xE2, 0x9A, 0x23, 0x99, 0xA6, 0xFE, 0x4E, 0xE4, 0x42,
    0x57, 0x73, 0x34, 0xEA, 0xE7, 0x85, 0x9C, 0x7E, 0x8E, 0xC5, 0xEA, 0x7A, 0x20, 0x7B, 0xF0, 0xD1,
    0xB3, 0xF8, 0xF1, 0x12, 0xA8, 0xD3, 0x91, 0x9E, 0x94, 0x4C, 0x22, 0xE7, 0x49, 0xC9, 0x47, 0xBB,
    0xD6, 0xA6, 0xAC, 0x73, 0xC5, 0x94, 0x1B, 0xD9, 0x3F, 0x5D, 0xD6, 0x55, 0x77, 0x47, 0x36, 0x45,
    0x97, 0xEA, 0x70, 0x32, 0x32, 0xAA, 0x65, 0xF0, 0x6E, 0xE6, 0x85, 0xAC, 0x3D, 0xAB, 0xC0, 0xC4,
    0x6C, 0x60, 0x72, 0x36, 0x30, 0x41, 0x1B, 0x98, 0xA4, 0x0D, 0x26, 0x51, 0xEB, 0x49, 0x61, 0xA2,
    0x31, 0x93, 0xB6, 0xB2, 0xF2, 0x12, 0xDF, 0xE1, 0x52, 0xBD, 0xC0, 0x55, 0x89, 0xBB, 0xD6, 0xCD,
    0xD4, 0xDD, 0xD3, 0x5F, 0x80, 0xCC, 0xB5, 0x67, 0x8A, 0x67, 0x81, 0x7F, 0xAB, 0xB4, 0xD4, 0xA7,
    0xEE, 0x82, 0xBE, 0xA5, 0xAE, 0x97, 0x67, 0xC5, 0x27, 0x44, 0xAF, 0xBC, 0x5F, 0x32, 0xE2, 0x48,
    0x54, 0xF8, 0xAE, 0x85, 0x61, 0xAB, 0xF4, 0x15, 0x8D, 0xA4, 0xD0, 0x1B, 0xBC, 0x21, 0x19, 0xCE,
    0x53, 0x34, 0xBD, 0x71, 0xC5, 0xA3, 0x09, 0x36, 0x46, 0xE2, 0x91, 0xCD, 0x38, 0xE1, 0xB7, 0x83,
    0x7F, 0x7D, 0x0F, 0xAE, 0x25, 0xD4, 0x02, 0x49, 0x8C, 0xA7, 0x52, 0x0A, 0xD8, 0xB0, 0xD0, 0x09,
    0xDE, 0x48, 0x55, 0x85, 0x96, 0xCF, 0x78, 0xC7, 0xFD, 0xC8, 0x33, 0xEC, 0xC7, 0xAA, 0x27, 0x4D,
    0x84, 0x76, 0x97, 0x63, 0x52, 0x46, 0x5D, 0x72, 0x32, 0x7F, 0xE7, 0x28, 0x94, 0x39, 0xDB, 0x8D,
    0x6D, 0xD7, 0xC6, 0xBD, 0x6A, 0xB7, 0xFB, 0x4B, 0xA0, 0xB8, 0xAD, 0x68, 0x7C, 0x0D, 0xEF, 0x39,
    0x84, 0xAB, 0xD2, 0x7C, 0xCF, 0x27, 0xB8, 0xA7, 0xEC, 0x07, 0x24, 0x89, 0x4A, 0x0B, 0x5C, 0x2A,
    0x9D, 0x6A, 0xC5, 0x69, 0xC9, 0x1B, 0x28, 0x97, 0x53, 0x71, 0x07, 0x32, 0x97, 0x8B, 0xA0, 0x27,
    0x1F, 0x9C, 0x1F, 0x28, 0x6E, 0x79, 0xFB, 0xA7, 0x7D, 0x91, 0xB9, 0xD7, 0x36, 0x88, 0x1B, 0x1B,
    0x84, 0x76, 0xBA, 0xC1, 0x6A, 0xE2, 0xE9, 0x9F, 0xB9, 0xA7, 0xAA, 0xD9, 0x6F, 0x4D, 0x67, 0xE9,
    0x27, 0xE9, 0x34, 0x4B, 0xA8, 0x49, 0x4A, 0x4D, 0x02, 0x65, 0x92, 0x56, 0xA5, 0x49, 0xAC, 0x8D,
    0x33, 0xA9, 0x15, 0x79, 0xC9, 0x95, 0x7A, 0xE9, 0x35, 0x9A, 0x04, 0xDB, 0xFC, 0x44, 0x6F, 0x9F,
    0x10, 0x51, 0xFC, 0x5D, 0x13, 0x62, 0xF9, 0xD3, 0x1C, 0xBC, 0xDC, 0x9B, 0x44, 0xFB, 0x72, 0x63,
    0x52, 0xED, 0xA8, 0x32, 0xC9, 0xE6, 0xBC, 0x60, 0xEB, 0xFC, 0xA0, 0x26, 0xC7, 0x8C, 0x79, 0xE9,
    0x40, 0x4D, 0xB3, 0xB4, 0x9B, 0x26, 0x98, 0x9B, 0xD4, 0x7B, 0xC4, 0x4B, 0x3E, 0x2F, 0xFD, 0x6A,
    0x6C, 0x63, 0xA0, 0x0A, 0xD7, 0x43, 0xFA, 0xD7, 0x45, 0xF0, 0x47, 0xBA, 0x94, 0x6A, 0xA5, 0xB3,
    0x2D, 0xAB, 0x10, 0x74, 0x70, 0xAC, 0x2A, 0x86, 0x1C, 0xCE, 0x40, 0xA5, 0xE2, 0xE6, 0x3D, 0x54,
    0x74, 0x61, 0x9A, 0xF2, 0x96, 0x9D, 0xF2, 0xE7, 0xDC, 0xB5, 0x47, 0xEE, 0x6E, 0xF0, 0xA8, 0xBB,
    0xA9, 0x8A, 0xCA, 0x06, 0xBC, 0x50, 0xD9, 0xDF, 0x46, 0xD6, 0xBC, 0x6D, 0x40, 0xEF, 0xC2, 0x51,
    0xB1, 0x2F, 0x19, 0x36, 0x4C, 0x29, 0x49, 0x26, 0xC9, 0xF9, 0xAA, 0x66, 0x28, 0x8B, 0x00, 0xB5,
    0xC5, 0x4E, 0x7F, 0x51, 0x16, 0x9A, 0x52, 0x26, 0x3A, 0x2A, 0x56, 0x3D, 0xCF, 0xBD, 0x25, 0xE1,
    0x99, 0x8A, 0xC8, 0xC3, 0xB7, 0x2B, 0x83, 0x5F, 0x7C, 0x28, 0x34, 0x9D, 0x86, 0x6C, 0x90, 0x9C,
    0x8F, 0x12, 0xC5, 0x2B, 0x54, 0xDB, 0x76, 0x3E, 0xF5, 0x58, 0x59, 0x0A, 0xEF, 0x87, 0x0C, 0x70,
    0xEA, 0x72, 0x2B, 0x79, 0xE2, 0x38, 0x5A, 0xDD, 0x4B, 0xDC, 0xC1, 0x89, 0xA3, 0xEA, 0xA9, 0x63,
    0xA0, 0x5A, 0x2B, 0xDE, 0xBF, 0x6C, 0x8C, 0xB1, 0x4E, 0x3C, 0xD4, 0x0F, 0x56, 0xE0, 0x93, 0x05,
    0x59, 0x07, 0x8E, 0x56, 0xBF, 0x8D, 0xA3, 0x25, 0x23, 0x35, 0x59, 0x68, 0x83, 0x8C, 0x27, 0xAA,
    0x3F, 0x8F, 0x07, 0x93, 0xBF, 0x89, 0xDD, 0x18, 0x1E, 0xAD, 0xFE, 0x1C, 0x03, 0x3D, 0xF1, 0x7C,
    0x9A, 0x60, 0xBB, 0x98, 0xA0, 0x1A, 0x24, 0xDF, 0xD0, 0xFB, 0x96, 0x3A, 0x63, 0x8C, 0xD3, 0x40,
    0xE7, 0x61, 0x8B, 0x0F, 0xE6, 0x8B, 0xE3, 0xCD, 0xCD, 0xDC, 0x1F, 0xEB, 0x75, 0x3F, 0xB8, 0xE5,
    0x07, 0x2F, 0x4C, 0x47, 0x1E, 0xDB, 0x5D, 0x32, 0x55, 0x55, 0xB4, 0x7B, 0x7B, 0x3B, 0x3E, 0xD7,
    0xEF, 0x71, 0x8F, 0x37, 0xDF, 0x37, 0xE5, 0xF5, 0xDB, 0xA6, 0x87, 0x7F, 0x8E, 0xCF, 0xD4, 0x2C,
    0x8A, 0x17, 0xED, 0x06, 0x77, 0x7C, 0xAE, 0x1B, 0xD3, 0x0B, 0x6A, 0x3E, 0xA3, 0x8A, 0xF2, 0x29,
    0xCE, 0xF8, 0x4C, 0xBF, 0xF1, 0x17, 0xD8, 0xE0, 0x92, 0x0C, 0xD9, 0x33, 0x66, 0x25, 0x1B, 0x5D,
    0xB2, 0x48, 0x72, 0x32, 0x5A, 0x52, 0x98, 0x12, 0x35, 0x9E, 0xA9, 0xF1, 0x76, 0xFD, 0x6C, 0x39,
    0xCD, 0x47, 0xDD, 0x5F, 0xE9, 0x9D, 0xC8, 0x52, 0x1A, 0x6A, 0x55, 0x4A, 0xE6, 0x52, 0xD1, 0x62,
    0x69, 0x29, 0x48, 0xD4, 0x2A, 0x19, 0x0F, 0x8F, 0x68, 0xA3, 0x88, 0x7E, 0x0B, 0x6E, 0xA4, 0x8F,
    0x2E, 0xD0, 0xBB, 0x21, 0x7B, 0x1E, 0x56, 0x0F, 0xB0, 0x58, 0xA0, 0x84, 0xAF, 0x21, 0x9B, 0xE4,
    0x98, 0xFF, 0xDA, 0x51, 0x54, 0xE8, 0x8E, 0xC9, 0x59, 0xEB, 0x51, 0xCA, 0x01, 0xF3, 0x01, 0xBE,
    0x47, 0x6D, 0xC0, 0x3F, 0xE4, 0x84, 0x71, 0xEC, 0x50, 0xA2, 0xF5, 0xC3, 0x73, 0x5C, 0xEB, 0x95,
    0x7E, 0x86, 0x1B, 0xAE, 0xD9, 0x71, 0x8E, 0x3C, 0x5E, 0xD3, 0x09, 0x94, 0xA7, 0x47, 0x66, 0x24,
    0xE6, 0xEE, 0x9B, 0xFA, 0xB9, 0x69, 0x8F, 0x4B, 0x22, 0x7F, 0xEF, 0x1F, 0x2D, 0x26, 0xAF, 0x0F,
    0x99, 0x3C, 0xDE, 0xAD, 0xE1, 0x9B, 0x72, 0xEF, 0x5D, 0xAD, 0x64, 0x27, 0x76, 0x72, 0x69, 0xF2,
    0xBE, 0x20, 0x63, 0x6F, 0x31, 0xF9, 0x84, 0x93, 0xD7, 0x5F, 0x09, 0x55, 0xA1, 0xD1, 0x3D, 0xF3,
    0x24, 0xBC, 0x78, 0xC8, 0xE4, 0xF5, 0x67, 0xF2, 0xDB, 0x5B, 0xF9, 0x7B, 0x21, 0xDD, 0x98, 0x84,
    0xAB, 0x54, 0x52, 0x0E, 0x57, 0x64, 0x27, 0x12, 0xCA, 0x6C, 0x9D, 0xFC, 0xF1, 0x47, 0xDE, 0x56,
    0xA4, 0x82, 0xD4, 0x7B, 0xFD, 0x08, 0x32, 0xEE, 0xDD, 0x6F, 0x94, 0xCE, 0x74, 0x4A, 0xFE, 0xED,
    0xB6, 0x32, 0x3D, 0x43, 0xA8, 0x93, 0x6A, 0xB2, 0xE8, 0x24, 0xD4, 0x38, 0x92, 0xCC, 0x2B, 0x69,
    0x93, 0xB6, 0xE6, 0x95, 0xB5, 0xEB, 0x7E, 0x19, 0xB7, 0xBC, 0xAA, 0xD6, 0xDB, 0x52, 0x56, 0xAD,
    0x57, 0xA5, 0x1B, 0x5B, 0x95, 0x0C, 0xCC, 0x80, 0xD8, 0x79, 0x95, 0xBD, 0xF2, 0x06, 0x44, 0x61,
    0xFA, 0x75, 0xEA, 0xD7, 0x77, 0xC3, 0xAF, 0xD0, 0x4B, 0x8B, 0x75, 0x67, 0x03, 0xE5, 0xBE, 0xAA,
    0xCE, 0xAC, 0xAE, 0xDD, 0x39, 0x3C, 0x2C, 0x8F, 0x2F, 0xC9, 0xBB, 0x3B, 0xDE, 0x88, 0x2D, 0x07,
    0xC2, 0xC2, 0x07, 0x13, 0xB5, 0x11, 0x26, 0x99, 0xEC, 0x02, 0x2A, 0x06, 0x91, 0x6A, 0x5D, 0x7E,
    0x10, 0xD8, 0x1A, 0x2F, 0x72, 0x90, 0x05, 0x4F, 0x70, 0x10, 0x04, 0x9F, 0xC6, 0xE0, 0x13, 0x1F,
    0x75, 0x8F, 0x96, 0xEC, 0xCB, 0x2B, 0x32, 0x0A, 0x1D, 0xEE, 0xB0, 0x7B, 0x4E, 0xC6, 0x10, 0x53,
    0x2B, 0x37, 0xAC, 0x8E, 0xDC, 0xED, 0x15, 0x28, 0x3B, 0x6E, 0x70, 0xB9, 0xF1, 0xF1, 0x21, 0x54,
    0xFE, 0x15, 0xF6, 0x5F, 0xB6, 0x5B, 0x3E, 0x70, 0xD3, 0x79, 0x9B, 0x65, 0x50, 0x73, 0x9C, 0x07,
    0x23, 0xF7, 0xC5, 0x5C, 0x80, 0x49, 0x26, 0x9F, 0x6F, 0x1C, 0x36, 0xAA, 0xD2, 0x3E, 0x34, 0xAE,
    0x1D, 0xED, 0xF2, 0x2E, 0x36, 0xC6, 0x9D, 0xDE, 0x2D, 0x8F, 0xF3, 0x6A, 0x12, 0xC4, 0x64, 0x8C,
    0x9E, 0x26, 0xB9, 0x3D, 0x1B, 0xF7, 0xBA, 0x28, 0xCB, 0xE6, 0x72, 0x14, 0x03, 0x77, 0x47, 0xF5,
    0x56, 0x54, 0x06, 0xA1, 0x29, 0x23, 0xF0, 0xB2, 0x37, 0xDE, 0xA4, 0x7F, 0xAA, 0xAC, 0x80, 0x64,
    0x22, 0x72, 0xDB, 0x98, 0x95, 0xFE, 0x69, 0x01, 0x8E, 0x45, 0x9D, 0x40, 0x97, 0x12, 0x62, 0x73,
    0xCB, 0x9E, 0xF7, 0x7E, 0xA7, 0x7F, 0xDA, 0xEA, 0x5D, 0x07, 0xCF, 0x39, 0xEF, 0x6A, 0xA8, 0x4E,
    0xAA, 0x3D, 0xA4, 0xFA, 0x1E, 0xB2, 0x67, 0xB0, 0x6B, 0x8E, 0xF5, 0xBC, 0x3B, 0xF9, 0xB9, 0xBE,
    0xE9, 0x79, 0xF7, 0xF7, 0x3C, 0x32, 0xE1, 0x1A, 0xEE, 0xAB, 0xAA, 0xD8, 0x77, 0xCA, 0xEA, 0x72,
    0x18, 0x6A, 0xE9, 0x4E, 0x05, 0x4C, 0x5C, 0xED, 0x5B, 0x9A, 0xED, 0x74, 0xE4, 0x90, 0x22, 0x31,
    0x3C, 0x0A, 0xF4, 0x5B, 0x7C, 0xEA, 0x68, 0x9C, 0xF5, 0x42, 0xE3, 0x03, 0x7B, 0x36, 0x78, 0x13,
    0x42, 0x36, 0x88, 0x9A, 0x2B, 0xAB, 0x4C, 0x6B, 0xBD, 0x5D, 0xA9, 0xDE, 0x1F, 0xDD, 0x06, 0x99,
    0x78, 0xEC, 0x9E, 0x2F, 0x7B, 0x10, 0xFC, 0x4E, 0x3D, 0x40, 0xFF, 0xF0, 0x4F, 0x54, 0x29, 0x5C,
    0x7C, 0x3D, 0x1B, 0xAC, 0x41, 0x5C, 0xEB, 0x01, 0x02, 0x0F, 0xA6, 0x47, 0x62, 0x54, 0xF5, 0xD5,
    0xDE, 0x93, 0x9A, 0xFD, 0x51, 0x32, 0x06, 0xF7, 0xFF, 0xFA, 0x27, 0xB8, 0x99, 0xBF, 0xB6, 0xD6,
    0x17, 0x3D, 0x32, 0x99, 0x57, 0x30, 0xBD, 0x3F, 0x66, 0x47, 0x86, 0x66, 0x9C, 0x76, 0xF2, 0xCB,
    0xD8, 0xAE, 0x2A, 0x47, 0x37, 0xCE, 0xD2, 0x98, 0x00, 0xD2, 0x41, 0x6F, 0x8E, 0x18, 0x13, 0x95,
    0x5E, 0x66, 0x46, 0x0B, 0x99, 0x49, 0xC6, 0x2F, 0x82, 0xCC, 0xFC, 0x5C, 0xC1, 0x42, 0x66, 0xD6,
    0x64, 0x9C, 0x76, 0xE1, 0x07, 0x93, 0x99, 0x2B, 0x2F, 0x2A, 0x37, 0x9D, 0x0D, 0x22, 0x2F, 0x2A,
    0x73, 0x13, 0x95, 0xEA, 0x7B, 0x81, 0x30, 0x28, 0xBD, 0xF6, 0x2D, 0x1C, 0x6A, 0x95, 0x8B, 0x82,
    0xA8, 0x8E, 0x17, 0x50, 0xAA, 0xFA, 0x5D, 0xE8, 0xF1, 0xD3, 0x7F, 0xD7, 0x4A, 0x0F, 0xF8, 0x5D,
    0x73, 0xBA, 0x65, 0x7A, 0xA0, 0x2A, 0x97, 0xDC, 0x1D, 0xA8, 0x04, 0xAA, 0x49, 0xE1, 0x23, 0x52,
    0x38, 0xE7, 0xB1, 0x0B, 0x17, 0x95, 0x6C, 0xDF, 0xC2, 0xF2, 0xAF, 0x0B, 0x19, 0x47, 0xAF, 0x61,
    0xF8, 0xA2, 0x2C, 0x2D, 0x7E, 0x06, 0x7B, 0xD1, 0xCB, 0x89, 0xA4, 0x31, 0xC5, 0xB1, 0xAC, 0xFC,
    0x3A, 0xF7, 0xA3, 0x93, 0x61, 0x8F, 0x8D, 0x58, 0xB5, 0xA2, 0xC7, 0xB5, 0x14, 0xD3, 0x4D, 0x3A,
    0x6C, 0x6A, 0xEC, 0xCA, 0xA6, 0x49, 0x86, 0x6D, 0x85, 0x7D, 0x91, 0xE1, 0x18, 0x15, 0xD8, 0x90,
    0xB0, 0x8E, 0xC7, 0x84, 0x7B, 0xB3, 0xDD, 0xC5, 0xEE, 0x06, 0x77, 0x67, 0x5B, 0x45, 0xAE, 0xA7,
    0x4E, 0x11, 0xC9, 0xB0, 0xE5, 0x0E, 0x45, 0xC2, 0x95, 0x4D, 0xE5, 0x8E, 0xB3, 0xAD, 0xDB, 0x71,
    0x98, 0xA8, 0x93, 0x99, 0xFB, 0x94, 0xCA, 0x7E, 0xD9, 0x51, 0xCA, 0x70, 0x24, 0x85, 0x88, 0x21,
    0xB8, 0xE9, 0xB9, 0x49, 0xA2, 0x3A, 0x6F, 0xD4, 0x69, 0x01, 0x16, 0xDF, 0x6E, 0xE4, 0x52, 0xF9,
    0x8D, 0xE2, 0xED, 0xB6, 0x6B, 0xDE, 0x9D, 0x30, 0xA9, 0xF2, 0xE9, 0xF2, 0xEC, 0x99, 0x2E, 0x4B,
    0x93, 0x6A, 0xF6, 0xFC, 0x52, 0xD3, 0x6F, 0x4C, 0x23, 0x72, 0x35, 0x4F, 0x57, 0x85, 0xFD, 0x15,
    0x9D, 0xEE, 0xDA, 0x1B, 0x35, 0x1B, 0x73, 0x4D, 0xCD, 0xB6, 0xD5, 0x64, 0x52, 0x6D, 0xA9, 0x5E,
    0x53, 0xF0, 0x4F, 0x1E, 0x62, 0xD0, 0xA1, 0x29, 0xD9, 0x27, 0x4C, 0xAA, 0xF4, 0xF4, 0x04, 0xBB,
    0xE9, 0x9A, 0x67, 0xB8, 0x0C, 0xB9, 0x12, 0x83, 0xDE, 0x86, 0xDC, 0x91, 0xEC, 0x8E, 0xE0, 0x7B,
    0x8F, 0xE9, 0x36, 0xD4, 0x80, 0x41, 0xC0, 0x80, 0x01, 0xDC, 0x63, 0xF0, 0x67, 0x71, 0x79, 0x25,
    0xB4, 0x18, 0xAC, 0x26, 0x27, 0x3B, 0xCA, 0x7B, 0xEC, 0x76, 0xDE, 0x63, 0x7B, 0xF5, 0x01, 0xA3,
    0x38, 0x06, 0x3D, 0xF6, 0x60, 0xAA, 0x65, 0x87, 0x68, 0x80, 0x6B, 0x71, 0x67, 0x85, 0xC9, 0x0C,
    0x90, 0xD3, 0xFA, 0x10, 0xC1, 0xCB, 0x07, 0xC4, 0xB7, 0x2C, 0x55, 0xFF, 0x20, 0x1A, 0xBD, 0xD5,
    0xB8, 0x65, 0x8C, 0x42, 0x7E, 0x0C, 0x05, 0xD2, 0x1D, 0x1F, 0xED, 0x05, 0x0C, 0x8E, 0xA7, 0x50,
    0xCD, 0x64, 0xFA, 0xE0, 0x47, 0xB9, 0x13, 0xEB, 0x71, 0x38, 0xCB, 0xB0, 0x3C, 0x61, 0x02, 0xD7,
    0x4B, 0x13, 0xD8, 0x9D, 0x36, 0x81, 0x6B, 0x6F, 0x02, 0x9B, 0xE5, 0xBB, 0xC6, 0x95, 0xCB, 0xFC,
    0x31, 0x05, 0x67, 0x99, 0xC0, 0x5B, 0x6F, 0x02, 0x4F, 0xA7, 0x33, 0x59, 0xBE, 0xFB, 0x26, 0x70,
    0x77, 0xA6, 0x09, 0x9C, 0xDB, 0x04, 0xF5, 0xBC, 0x1E, 0x75, 0x03, 0xCF, 0xAB, 0x34, 0x13, 0xB8,
    0x26, 0xB5, 0x6C, 0x69, 0x36, 0x99, 0x6F, 0x55, 0x34, 0xCF, 0x92, 0x4C, 0x6F, 0xE3, 0xEA, 0xD9,
    0x5C, 0xEA, 0xBC, 0xB9, 0x54, 0xD2, 0x5C, 0x32, 0xBA, 0xB4, 0x07, 0x69, 0x72, 0x85, 0xC7, 0x4E,
    0xD5, 0x1F, 0xD9, 0xE0, 0x2D, 0x7D, 0xA3, 0x6A, 0xE8, 0x98, 0xD5, 0x24, 0x57, 0x62, 0x84, 0x80,
    0x79, 0xFE, 0xB4, 0xCA, 0x49, 0x9D, 0xFC, 0x6C, 0x8B, 0x03, 0x77, 0x44, 0x97, 0xF0, 0xFE, 0xA2,
    0x53, 0xC1, 0x03, 0xA3, 0x53, 0xD9, 0xBD, 0xA2, 0x53, 0xCB, 0x28, 0x93, 0x49, 0xF0, 0x9F, 0x2A,
    0x3A, 0xB5, 0x66, 0x74, 0x6A, 0x7B, 0xFF, 0xE8, 0xD4, 0x3D, 0x62, 0xA2, 0x32, 0x0D, 0x8D, 0x89,
    0xAA, 0xF5, 0x5B, 0x5C, 0x84, 0xF5, 0x9B, 0x3D, 0xAB, 0x3B, 0x12, 0x67, 0x27, 0x6C, 0xB0, 0x7B,
    0x44, 0x48, 0x3F, 0x44, 0x3B, 0x10, 0xF7, 0xCE, 0xC7, 0x77, 0x8C, 0xF5, 0x47, 0xDC, 0xF9, 0x8F,
    0xB6, 0xA7, 0x0B, 0x04, 0xB4, 0xF3, 0x03, 0xBE, 0xD5, 0xA3, 0x8E, 0xB1, 0x8F, 0x60, 0x65, 0x1F,
    0x11, 0x5C, 0x86, 0x3E, 0x2D, 0xA7, 0x65, 0xB6, 0x79, 0xEC, 0xF9, 0x6A, 0x39, 0x6C, 0xDC, 0x17,
    0x71, 0xB1, 0xEB, 0x8D, 0xCB, 0xA0, 0x27, 0x14, 0xA2, 0x81, 0xAB, 0x97, 0xDD, 0xD1, 0x89, 0xA1,
    0xB4, 0x01, 0xFF, 0x45, 0x26, 0x0B, 0x15, 0x42, 0x94, 0xED, 0x15, 0xBE, 0x19, 0x0F, 0x18, 0xB4,
    0xEA, 0x34, 0x92, 0x81, 0x4C, 0x54, 0x1D, 0xF1, 0x18, 0x30, 0x1A, 0x40, 0xAD, 0x5F, 0xDE, 0x44,
    0x7E, 0x59, 0xB4, 0xFB, 0x14, 0x91, 0x03, 0x11, 0xD1, 0x2A, 0x15, 0x07, 0x21, 0xE1, 0x15, 0x38,
    0x93, 0x6C, 0xA5, 0x88, 0x28, 0xF9, 0xF4, 0x3B, 0xEE, 0x6E, 0xE9, 0xBC, 0xB5, 0xD3, 0xE2, 0x92,
    0x70, 0xA6, 0xD3, 0xE9, 0x06, 0xC1, 0x35, 0x88, 0x63, 0x4A, 0x07, 0x3F, 0x18, 0x27, 0x15, 0x74,
    0xE3, 0x74, 0x6E, 0xAE, 0x0B, 0xE5, 0xFA, 0x88, 0x54, 0xBA, 0xB9, 0x82, 0x3E, 0x26, 0xBF, 0x58,
    0x66, 0x3C, 0x7E, 0xB2, 0x9C, 0x02, 0xA7, 0x24, 0xC7, 0x1B, 0x31, 0x70, 0xB5, 0xC3, 0x01, 0xC9,
    0x59, 0xF0, 0x06, 0xB8, 0x77, 0x5A, 0xB3, 0xBA, 0xB8, 0xA7, 0xB9, 0x79, 0xA3, 0x53, 0x17, 0x2C,
    0xAF, 0x86, 0xFF, 0xFE, 0xCA, 0xB6, 0x3C, 0x7C, 0x9B, 0xBF, 0x1F, 0xBF, 0xC2, 0x1D, 0xCF, 0x19,
    0xAB, 0x11, 0x6D, 0x05, 0x2A, 0x6E, 0xD8, 0xF0, 0xEA, 0xAB, 0xD5, 0x33, 0xD2, 0x2F, 0x97, 0xC0,
    0xA8, 0xD4, 0x37, 0x2C, 0xC4, 0x5E, 0xBA, 0x29, 0xA2, 0xF7, 0xB6, 0x7C, 0x28, 0x85, 0xAD, 0x30,
    0x34, 0x0A, 0xDD, 0x7B, 0xB9, 0x31, 0xC7, 0x0F, 0xEA, 0xC6, 0x5C, 0xF2, 0xF0, 0xF5, 0x19, 0x6E,
    0xCC, 0xEA, 0xBE, 0x6E, 0xCC, 0xCD, 0xEC, 0xC6, 0x34, 0x9F, 0xC3, 0xBE, 0x1B, 0x73, 0xB8, 0xBF,
    0x1B, 0x33, 0x59, 0x4A, 0x1B, 0xCC, 0xB4, 0x1C, 0x0E, 0x0F, 0xDD, 0xDD, 0xCC, 0xD4, 0x4D, 0xF3,
    0x19, 0x39, 0x4F, 0xBE, 0x0B, 0xCF, 0x7F, 0xEA, 0x07, 0x49, 0xE1, 0x07, 0xDE, 0xA5, 0x99, 0x04,
    0xF7, 0x1C, 0xFC, 0x8E, 0x9E, 0x8F, 0xDB, 0x29, 0x85, 0x0B, 0x3D, 0xBD, 0xAE, 0x4F, 0x15, 0x19,
    0xD7, 0xE4, 0x6A, 0xAF, 0x65, 0xB9, 0x6A, 0xE1, 0x7A, 0x89, 0xE5, 0x05, 0x96, 0x5F, 0xAB, 0x17,
    0x57, 0x5E, 0x5A, 0x6D, 0x6D, 0x7D, 0x7E, 0x79, 0xFE, 0xB9, 0xB5, 0x78, 0x90, 0xA8, 0xD3, 0x07,
    0xF4, 0xA3, 0x19, 0xDD, 0x7A, 0x0B, 0x5D, 0xCE, 0xD4, 0xF9, 0xF8, 0x4E, 0x1D, 0x2C, 0x78, 0xD6,
    0x44, 0xCF, 0xF3, 0x93, 0x6B, 0x33, 0xF6, 0xE5, 0x79, 0x38, 0x95, 0x31, 0xC8, 0x9A, 0xC1, 0xD3,
    0xB8, 0x3D, 0x64, 0x51, 0xAF, 0x79, 0x4D, 0xCC, 0xD9, 0x58, 0x09, 0xE3, 0xAA, 0x3B, 0x96, 0xC7,
    0x4D, 0x9A, 0x21, 0x6E, 0x37, 0x69, 0x3C, 0x86, 0x20, 0x31, 0xFD, 0x9F, 0x01, 0x2D, 0x78, 0x3B,
    0x2D, 0x98, 0xA5, 0x2F, 0xBA, 0x20, 0xAF, 0x9E, 0xF9, 0xA0, 0xD6, 0x34, 0x36, 0x12, 0x8A, 0xA9,
    0xF3, 0xE0, 0x25, 0x31, 0x8D, 0x5C, 0x5F, 0x92, 0x7E, 0x8E, 0xDD, 0xA7, 0xFB, 0x63, 0xA3, 0xA8,
    0xC2, 0x7F, 0x1C, 0xBE, 0x81, 0x8F, 0x33, 0x2A, 0xB2, 0x8F, 0xF0, 0x9F, 0xB9, 0x1C, 0x43, 0x84,
    0xDA, 0x67, 0x82, 0xC6, 0xEC, 0x33, 0x49, 0x5D, 0xFB, 0xCB, 0x9A, 0xC6, 0x42, 0x5A, 0x57, 0xDC,
    0x1B, 0x87, 0x62, 0xF1, 0x7B, 0xEA, 0x72, 0xA6, 0xD4, 0x4D, 0xE3, 0xDF, 0xEC, 0xE1, 0x7D, 0xF6,
    0xB0, 0x5B, 0xEC, 0xE1, 0xF1, 0xA5, 0xC5, 0x1E, 0x36, 0x8B, 0x3D, 0x6C, 0x16, 0x71, 0xA2, 0x85,
    0x6F, 0x21, 0xD9, 0xCD, 0xE3, 0xA8, 0x7A, 0x1F, 0xE3, 0x62, 0x31, 0x5E, 0x20, 0xE3, 0x3E, 0x41,
    0x8D, 0xA2, 0xE7, 0x43, 0x66, 0x14, 0xDF, 0x41, 0x2C, 0x02, 0xAE, 0x33, 0xB5, 0x5A, 0x30, 0xCB,
    0x8B, 0x3C, 0x83, 0x67, 0xEF, 0xAF, 0x2E, 0x4C, 0x0E, 0xFB, 0x8A, 0x0E, 0x7B, 0xFA, 0xBC, 0x53,
    0xB8, 0xFA, 0x0A, 0xDD, 0x9D, 0x70, 0xE1, 0xB0, 0x0F, 0xEE, 0xE9, 0xB0, 0xD7, 0xDF, 0x4C, 0x7A,
    0xEF, 0x25, 0xC8, 0xBB, 0xD9, 0x6F, 0x2F, 0x7A, 0x5A, 0x81, 0xAD, 0x19, 0xC0, 0x75, 0xC6, 0x62,
    0xBA, 0xAB, 0xF8, 0xD0, 0xC8, 0x0F, 0x8B, 0x80, 0x74, 0xA5, 0x5C, 0xC8, 0x14, 0x2E, 0x72, 0x00,
    0x3A, 0x68, 0x69, 0x9A, 0xF5, 0x93, 0xFE, 0x82, 0xB5, 0x51, 0x87, 0xC1, 0xFA, 0xA8, 0xC7, 0x60,
    0x71, 0x8B, 0x21, 0xB5, 0x4C, 0x2C, 0x12, 0xA7, 0xBB, 0x22, 0x37, 0x85, 0x51, 0x89, 0xE8, 0x04,
    0x86, 0x34, 0x23, 0xB0, 0x69, 0x32, 0x54, 0x67, 0x41, 0x17, 0xF8, 0x80, 0x45, 0x49, 0x71, 0xA8,
    0x2E, 0x40, 0xEF, 0x52, 0xD8, 0xDA, 0x10, 0x9B, 0xF0, 0xA4, 0x61, 0x87, 0xE4, 0x7F, 0x64, 0x60,
    0xD8, 0x13, 0x33, 0x2A, 0x35, 0x90, 0x31, 0x2D, 0xC2, 0x0C, 0x1F, 0x6E, 0x8C, 0xEA, 0xCC, 0x22,
    0xC3, 0x87, 0x6B, 0xEE, 0xE5, 0x23, 0x0A, 0x62, 0xD9, 0xA0, 0xD0, 0x07, 0x37, 0xC6, 0x9B, 0xC6,
    0xD5, 0xB6, 0x93, 0x26, 0xD6, 0x53, 0x3D, 0xBB, 0xB9, 0xD4, 0x46, 0xDF, 0xBF, 0x6E, 0x88, 0x53,
    0xE6, 0xE2, 0x6D, 0xE1, 0xDE, 0x76, 0xE2, 0x82, 0xF5, 0xFA, 0x90, 0xBD, 0xC3, 0xD7, 0xC9, 0x45,
    0x9A, 0x5A, 0x73, 0x76, 0x74, 0x26, 0xD9, 0x8B, 0xCE, 0x94, 0x88, 0xCE, 0x24, 0xCE, 0xAC, 0x62,
    0x59, 0x00, 0xFD, 0x9C, 0xB7, 0x67, 0x67, 0x8D, 0x7A, 0x3A, 0x19, 0x4B, 0xD2, 0x8D, 0x16, 0x4D,
    0x47, 0xE5, 0x63, 0x4A, 0xAF, 0x7D, 0x5C, 0xCD, 0x5A, 0x69, 0xB1, 0xE0, 0xF5, 0xA1, 0x57, 0x5C,
    0x2B, 0xAA, 0x64, 0xF6, 0x90, 0x9F, 0x9D, 0x3B, 0xBC, 0x76, 0x96, 0x46, 0x1F, 0xBB, 0x13, 0x56,
    0x85, 0xFA, 0xEF, 0x14, 0xF9, 0xB7, 0xA3, 0x56, 0x5A, 0x43, 0xBA, 0xC3, 0xFB, 0x99, 0xE9, 0x3C,
    0xF4, 0x17, 0x63, 0x77, 0x19, 0x81, 0x34, 0xF3, 0x29, 0x1D, 0xB9, 0xAF, 0x4F, 0xE2, 0x84, 0xA6,
    0x22, 0x76, 0x3F, 0xC1, 0xDE, 0x29, 0x07, 0x5C, 0x33, 0x4E, 0x04, 0xBD, 0x6F, 0x24, 0x85, 0xA9,
    0xDB, 0x96, 0x08, 0x10, 0x1D, 0x96, 0xA6, 0x3A, 0xE4, 0xDD, 0x0A, 0xBA, 0x1B, 0x62, 0x66, 0x1B,
    0x13, 0xAA, 0xD0, 0xE8, 0x32, 0xC8, 0x59, 0x19, 0xEA, 0xB4, 0x39, 0xAC, 0xD5, 0x0A, 0x59, 0x03,
    0xE3, 0x88, 0x4D, 0x5C, 0xC3, 0xE8, 0xC7, 0xB9, 0x6F, 0xA0, 0x82, 0xBC, 0x51, 0x62, 0x88, 0x37,
    0xE4, 0xB0, 0xD2, 0x6D, 0x2A, 0x3B, 0xEE, 0x0F, 0xD5, 0x4E, 0xEC, 0xDF, 0x16, 0x4A, 0xA5, 0xBF,
    0xA7, 0x3A, 0xD4, 0x49, 0x1A, 0x59, 0x2B, 0xB5, 0xC8, 0x3F, 0x61, 0xE7, 0xB7, 0x81, 0x21, 0x56,
    0x02, 0x33, 0x00, 0xE3, 0x91, 0xDA, 0x0F, 0x01, 0x94, 0x7A, 0xBB, 0xD4, 0x9C, 0xB4, 0x05, 0xC3,
    0x1B, 0x96, 0x63, 0xF7, 0xE1, 0x10, 0x3B, 0xA0, 0xCE, 0x4C, 0x55, 0x74, 0x34, 0xEF, 0x3B, 0x54,
    0x82, 0x77, 0x81, 0x50, 0x4A, 0xA0, 0x26, 0x43, 0xFF, 0xC7, 0x79, 0x18, 0xCE, 0x05, 0xE7, 0xD0,
    0x93, 0xC1, 0xFB, 0xA7, 0x4E, 0x4C, 0x9F, 0x1E, 0xFE, 0xE6, 0x95, 0x33, 0x9A, 0xDE, 0xE3, 0xCA,
    0x9C, 0x7A, 0x54, 0xE4, 0xFD, 0x33, 0x76, 0x57, 0x78, 0x9F, 0xC6, 0x8D, 0xB9, 0xE4, 0x41, 0x35,
    0xA2, 0x38, 0x9B, 0x76, 0x56, 0x9B, 0x5D, 0x5D, 0x11, 0x1A, 0x27, 0xA4, 0x3D, 0xD2, 0x86, 0xC3,
    0xB4, 0x1C, 0x14, 0x6D, 0xD9, 0xBB, 0x16, 0x3E, 0x9A, 0xD4, 0xED, 0xA0, 0x49, 0xA6, 0xC7, 0x01,
    0x51, 0x46, 0x62, 0x16, 0x3E, 0x4D, 0x04, 0x9F, 0xFA, 0x44, 0xAF, 0x2A, 0xDB, 0x68, 0x55, 0xF1,
    0x72, 0xF5, 0x1A, 0x6E, 0x85, 0xB5, 0x02, 0x9E, 0xB2, 0x8D, 0xC6, 0x07, 0x14, 0x08, 0x18, 0x69,
    0xF8, 0x8F, 0xD1, 0x3F, 0xD3, 0xF0, 0x53, 0x98, 0x03, 0x29, 0xE2, 0x1C, 0x84, 0xFE, 0xE4, 0x70,
    0xF3, 0xAB, 0x85, 0xAD, 0x9C, 0x72, 0xF3, 0x03, 0xDD, 0x98, 0xF8, 0x5A, 0xFF, 0x70, 0xEC, 0xC6,
    0x58, 0x7D, 0xC4, 0x5D, 0xA4, 0xA6, 0x75, 0xB1, 0x36, 0x53, 0x07, 0x1A, 0xF2, 0x7F, 0x6A, 0xB0,
    0x62, 0x78, 0xDB, 0xA0, 0x9B, 0x31, 0x6A, 0x40, 0x46, 0xA1, 0xD7, 0x0C, 0xA7, 0xC0, 0xF8, 0x0A,
    0x54, 0xF7, 0x20, 0xAC, 0xD5, 0xDB, 0xB1, 0x7D, 0x15, 0x13, 0xFF, 0xCA, 0xB1, 0x7C, 0x62, 0x5C,
    0x56, 0x0A, 0xB6, 0xC2, 0x89, 0xA6, 0xB8, 0xDA, 0xB2, 0xF2, 0x10, 0xE6, 0x4C, 0x08, 0xB3, 0x45,
    0xBE, 0x43, 0x04, 0x53, 0x0E, 0xA3, 0xC3, 0x5E, 0x21, 0x1D, 0x53, 0x78, 0x2A, 0xE5, 0x55, 0x6F,
    0x4B, 0xAB, 0xB4, 0x1D, 0xF5, 0x2B, 0x90, 0xDE, 0x55, 0x68, 0xE8, 0x30, 0x11, 0xCF, 0x13, 0x82,
    0x79, 0x5E, 0xD9, 0xD3, 0x9A, 0x82, 0x69, 0x50, 0xF3, 0x3C, 0xC5, 0x11, 0xA8, 0x87, 0x40, 0x36,
    0x4A, 0x3F, 0x5D, 0xB6, 0x48, 0xBD, 0x34, 0x23, 0xAC, 0xA1, 0xE1, 0x40, 0x85, 0xAE, 0x67, 0x19,
    0xC7, 0x7A, 0xA3, 0xAE, 0xE8, 0x36, 0x77, 0x66, 0x1C, 0xF1, 0x56, 0x11, 0x3F, 0xA5, 0xDB, 0xD8,
    0xDB, 0x96, 0xE6, 0x2D, 0x10, 0x9E, 0x3B, 0x88, 0x8D, 0x0C, 0x41, 0x17, 0x9C, 0xF3, 0x6D, 0xDA,
    0xAA, 0x2B, 0x39, 0xAC, 0x6A, 0xBD, 0x93, 0xBB, 0xB7, 0xF2, 0x6A, 0x45, 0x6D, 0x3A, 0x33, 0xB8,
    0x8B, 0x02, 0xDB, 0xCE, 0xE3, 0xA2, 0x1D, 0xDB, 0x77, 0xC0, 0x4F, 0x4F, 0x42, 0x2F, 0x9B, 0xE0,
    0x93, 0xFA, 0xBD, 0xEB, 0x42, 0x30, 0x57, 0xA0, 0x06, 0xD5, 0x6A, 0xCC, 0x83, 0xDC, 0x6F, 0x93,
    0x29, 0xC8, 0x5F, 0x7E, 0xE2, 0xF2, 0x84, 0x34, 0x9B, 0x5C, 0x1B, 0x14, 0x4A, 0x1B, 0x73, 0x50,
    0xCF, 0xC0, 0x3F, 0xDC, 0xFE, 0xF2, 0xEF, 0xA0, 0x58, 0x43, 0x0A, 0xC9, 0x16, 0xED, 0x02, 0x35,
    0x65, 0x76, 0x70, 0x63, 0xEC, 0x42, 0x0D, 0x22, 0xED, 0x22, 0x7D, 0xAD, 0x62, 0xD8, 0xD6, 0x54,
    0x40, 0x08, 0x6E, 0xE6, 0x61, 0x11, 0x5E, 0x36, 0x91, 0x56, 0x84, 0x3D, 0x49, 0x60, 0x6F, 0x2A,
    0xBA, 0x75, 0x0C, 0x70, 0x34, 0x5F, 0x5B, 0x1C, 0x8D, 0xB3, 0xA3, 0x29, 0xF8, 0x9D, 0x68, 0x90,
    0xF5, 0xE3, 0x5C, 0xF4, 0x5E, 0xAC, 0x95, 0x70, 0xE5, 0x73, 0xE3, 0x01, 0xEF, 0x17, 0x89, 0xE5,
    0xD9, 0x26, 0x83, 0x10, 0xBB, 0xF2, 0x70, 0x3D, 0x95, 0x9B, 0x0B, 0x84, 0xEA, 0xF4, 0xA2, 0xF7,
    0x7A, 0xA5, 0x13, 0x0D, 0xAB, 0xD0, 0xDD, 0xC9, 0x8B, 0x00, 0x67, 0x88, 0xD3, 0x3F, 0x4F, 0x0E,
    0x52, 0xAA, 0xB1, 0x56, 0xE1, 0x72, 0x0C, 0xEB, 0xBB, 0x65, 0xA3, 0x48, 0xD9, 0x1F, 0xB9, 0x4D,
    0x95, 0x0A, 0x1F, 0x0C, 0xCA, 0xC2, 0xAD, 0xB3, 0x44, 0x0C, 0x51, 0x31, 0xE6, 0x95, 0xFF, 0x0A,
    0xE5, 0x6F, 0xC6, 0xE0, 0x5B, 0x3A, 0x8A, 0x46, 0xE6, 0x05, 0xC8, 0x68, 0xD8, 0xF6, 0x36, 0xEA,
    0x89, 0xC1, 0x8E, 0x27, 0x50, 0x7D, 0xEC, 0x23, 0xCE, 0x41, 0x72, 0x9C, 0x0F, 0x14, 0x7C, 0x49,
    0x93, 0xB6, 0x90, 0xE0, 0xB2, 0x0F, 0xF2, 0x1F, 0x47, 0xBB, 0x1C, 0xA3, 0x24, 0x28, 0xAB, 0xB2,
    0x49, 0x3A, 0xD8, 0x9D, 0x99, 0xAB, 0xE3, 0x7E, 0x55, 0x95, 0x4F, 0xCA, 0x5E, 0xED, 0x64, 0xF1,
    0x55, 0xF9, 0xFD, 0x1E, 0x24, 0x2A, 0x5B, 0xAC, 0xD7, 0xAF, 0x82, 0xA1, 0xCC, 0x65, 0xE4, 0xB7,
    0x67, 0xBA, 0xCA, 0xD6, 0xB2, 0xAD, 0xBB, 0xB0, 0xD7, 0x13, 0xEB, 0x14, 0x39, 0x00, 0xF6, 0xF4,
    0x50, 0x40, 0x91, 0x2A, 0xB4, 0x10, 0x82, 0xF7, 0xD5, 0x4A, 0x1A, 0xF2, 0x17, 0xE7, 0xE0, 0x72,
    0xDC, 0x98, 0xC1, 0x78, 0x0E, 0x0E, 0x32, 0x7D, 0xD1, 0x3B, 0x50, 0x50, 0xB3, 0xB8, 0x93, 0xF7,
    0x9E, 0x93, 0x1E, 0xD3, 0x8B, 0xA1, 0xF1, 0x13, 0x79, 0xDD, 0x9D, 0x77, 0x4A, 0xBE, 0x0B, 0x3E,
    0x53, 0xD1, 0xD1, 0x05, 0x86, 0x93, 0x01, 0x85, 0x40, 0x19, 0x6D, 0x6A, 0x19, 0xEF, 0x94, 0x9C,
    0x9E, 0x90, 0x01, 0xAF, 0x09, 0xC5, 0xB3, 0xFA, 0xF4, 0x7A, 0xE0, 0x21, 0xF4, 0x1E, 0x6D, 0x95,
    0x0B, 0xB9, 0x97, 0xD2, 0xFE, 0xB1, 0xC4, 0x75, 0x29, 0xB8, 0x4D, 0x2C, 0x8B, 0x19, 0xB3, 0x83,
    0x71, 0x52, 0x2E, 0x3F, 0x1B, 0x6C, 0x32, 0x8D, 0xFE, 0x46, 0xB0, 0xBE, 0x1F, 0xD7, 0xD7, 0x02,
    0x4C, 0xDB, 0xF0, 0xD0, 0x2A, 0x73, 0x0F, 0xFE, 0xE7, 0x7E, 0x80, 0xEB, 0x97, 0x3B, 0xF3, 0x44,
    0xA5, 0x68, 0x9B, 0xEA, 0x77, 0xDA, 0x47, 0xF5, 0x36, 0xDD, 0x94, 0x4B, 0xB4, 0xE9, 0xE1, 0x98,
    0x84, 0xB8, 0x8F, 0xD5, 0x3B, 0x59, 0xDC, 0xD0, 0x73, 0x78, 0x12, 0xC2, 0xF2, 0x73, 0xAD, 0x57,
    0xAC, 0xF8, 0x1A, 0x8D, 0x7A, 0x56, 0xD1, 0x00, 0x4D, 0xA4, 0x07, 0x8E, 0xB3, 0xA7, 0xDE, 0x4F,
    0x8D, 0x1F, 0x92, 0xAA, 0x55, 0xA6, 0x24, 0x2C, 0xB1, 0x54, 0xE7, 0x8C, 0x72, 0x51, 0xA7, 0x4A,
    0x04, 0xB5, 0x9B, 0x61, 0x7A, 0x04, 0xC9, 0x1B, 0x0C, 0x34, 0x51, 0x13, 0x8F, 0xCD, 0x5B, 0x4B,
    0xCC, 0xF9, 0x45, 0xFD, 0xFB, 0x20, 0xB8, 0x40, 0x1B, 0xFF, 0x59, 0xF2, 0x99, 0x5B, 0x64, 0x51,
    0x1D, 0xE8, 0x68, 0x05, 0x09, 0x13, 0x6C, 0x1A, 0x48, 0x61, 0x45, 0x04, 0x15, 0x1A, 0xF8, 0xC6,
    0x23, 0x57, 0x71, 0xA3, 0x41, 0x65, 0x58, 0x3A, 0x2A, 0x73, 0xBE, 0xAF, 0xAC, 0x4C, 0x51, 0x93,
    0xF0, 0x7B, 0x0E, 0x50, 0x72, 0x72, 0x80, 0xC5, 0x61, 0xA4, 0xAB, 0xBE, 0x01, 0xA5, 0x4C, 0x6E,
    0xFE, 0x11, 0xFC, 0xC0, 0xF0, 0x44, 0x2A, 0xCA, 0x17, 0xEA, 0xD8, 0x8E, 0x88, 0xF6, 0x44, 0x76,
    0x0B, 0x71, 0x9A, 0x8B, 0xAE, 0xDE, 0xBE, 0xA6, 0x44, 0x7B, 0xA1, 0x6C, 0xE2, 0xAF, 0xE8, 0x62,
    0x9E, 0x2D, 0x9B, 0x14, 0xA0, 0xA7, 0x5B, 0x79, 0xF3, 0x22, 0xE2, 0x33, 0x5D, 0xDA, 0x76, 0x10,
    0xDA, 0x6D, 0xFA, 0x1E, 0xAE, 0xD6, 0xA6, 0x11, 0xC1, 0xA9, 0xAB, 0x0B, 0x9B, 0x44, 0x28, 0x5C,
    0x81, 0x48, 0x22, 0x47, 0x33, 0x5D, 0x61, 0xAE, 0xE1, 0x74, 0x98, 0x45, 0x45, 0x04, 0xDF, 0xB2,
    0x4C, 0x3A, 0xD2, 0x4B, 0x73, 0x53, 0xF1, 0xBD, 0x8D, 0x7A, 0x73, 0x54, 0x69, 0x52, 0xE7, 0x46,
    0x25, 0x53, 0x0F, 0x45, 0x71, 0x11, 0xD5, 0x52, 0xA5, 0x3F, 0x69, 0xA9, 0x7E, 0x54, 0xAF, 0xA3,
    0xD0, 0xD2, 0x4C, 0x4E, 0xEB, 0x99, 0x9C, 0x0A, 0x4F, 0x4E, 0x19, 0x68, 0x49, 0x5D, 0x5E, 0x5B,
    0xE8, 0x1F, 0x91, 0x3B, 0xBC, 0x36, 0x78, 0x8A, 0x1A, 0x94, 0x9C, 0x92, 0x7E, 0x16, 0x22, 0x54,
    0x3F, 0x53, 0x55, 0x45, 0x1E, 0x12, 0x39, 0x22, 0xE4, 0xA4, 0x12, 0xCD, 0xD5, 0xEA, 0xF7, 0x19,
    0x33, 0xF2, 0x49, 0xDD, 0xB7, 0xD6, 0x93, 0x45, 0xDE, 0xA8, 0xAA, 0xE8, 0x29, 0x19, 0xC8, 0xE7,
    0x89, 0x4B, 0xEF, 0xE0, 0x77, 0xDE, 0x25, 0xC3, 0xC4, 0xA5, 0xE7, 0xD7, 0x10, 0x1C, 0x7B, 0xC9,
    0xAB, 0x63, 0xCE, 0xA4, 0xD5, 0x7F, 0x96, 0x3B, 0x70, 0xE9, 0x6C, 0xE6, 0xD2, 0x50, 0x98, 0x76,
    0xB1, 0xD2, 0xF9, 0x4E, 0xD6, 0xF2, 0xA8, 0xFB, 0x9E, 0xD3, 0x8F, 0xFB, 0xC1, 0xE7, 0x75, 0xD5,
    0x03, 0x22, 0x19, 0x2D, 0xE6, 0xD0, 0x50, 0x58, 0x6C, 0x80, 0xB2, 0xC6, 0xF2, 0xE7, 0x3B, 0x65,
    0xB7, 0x09, 0xFF, 0x3B, 0xB1, 0xFC, 0x04, 0x6B, 0xE7, 0x04, 0x92, 0xE1, 0x61, 0xAC, 0xBD, 0xC7,
    0xDA, 0x1B, 0xF8, 0xBC, 0x84, 0xBD, 0xC9, 0x65, 0x93, 0x4B, 0xDA, 0x27, 0xB2, 0xED, 0x79, 0x57,
    0xAA, 0xCB, 0xF2, 0xB8, 0x51, 0xE5, 0xED, 0x1D, 0x5D, 0x4F, 0x02, 0xE5, 0x26, 0x1D, 0x4C, 0x63,
    0x94, 0xD7, 0x1C, 0x3E, 0xCD, 0xB2, 0xB1, 0xC8, 0x81, 0xBE, 0x22, 0xDE, 0xA3, 0x48, 0x61, 0x6A,
    0x4A, 0x4A, 0xC6, 0x08, 0x13, 0xD8, 0xEE, 0x85, 0xD0, 0x94, 0x62, 0xD5, 0x3D, 0xEE, 0xC0, 0x3E,
    0x27, 0xA1, 0x42, 0x59, 0x25, 0xD0, 0x7E, 0x98, 0x71, 0x76, 0x8C, 0x07, 0x1A, 0x23, 0x27, 0xD0,
    0x1E, 0x40, 0xEF, 0x92, 0xCA, 0xA1, 0x59, 0x36, 0xB3, 0x5C, 0x1B, 0x8F, 0x54, 0x04, 0x86, 0xCA,
    0xD5, 0x37, 0xA3, 0x30, 0xE4, 0xCD, 0xA0, 0x1F, 0xD7, 0xD2, 0xD8, 0x3F, 0x9D, 0x16, 0x71, 0xE6,
    0x8B, 0x7C, 0xFE, 0xAA, 0xF2, 0x72, 0xAD, 0xCC, 0x66, 0xB9, 0x26, 0x47, 0x73, 0x1E, 0xFA, 0x0F,
    0x4E, 0x47, 0x2F, 0x1B, 0x0E, 0xE8, 0xF3, 0x4E, 0xC9, 0x40, 0xCE, 0xE8, 0x7F, 0x5C, 0xD3, 0x81,
    0xF0, 0x8B, 0x17, 0x40, 0x18, 0x72, 0x52, 0x0D, 0xD4, 0x42, 0x61, 0x47, 0x15, 0xF1, 0x61, 0xB4,
    0x26, 0x81, 0x23, 0x33, 0x2F, 0x31, 0xCF, 0x48, 0xFF, 0x89, 0x63, 0xD2, 0x53, 0xEB, 0xA9, 0x17,
    0x81, 0x13, 0x76, 0x76, 0x7C, 0x69, 0x6B, 0x67, 0x97, 0x43, 0x7F, 0x4E, 0xC1, 0x85, 0x48, 0xC3,
    0xBA, 0xF7, 0x64, 0x4A, 0xED, 0x7F, 0xC8, 0x31, 0xC8, 0x5D, 0x53, 0x36, 0x64, 0x50, 0x15, 0xC3,
    0x6E, 0x5B, 0xFD, 0x2C, 0xD1, 0xE4, 0x34, 0xEA, 0x29, 0xBF, 0xA1, 0xCE, 0xB8, 0x12, 0x69, 0x00,
    0x31, 0xDE, 0x6E, 0xDB, 0xD8, 0xAB, 0x6A, 0xAE, 0xC4, 0xE9, 0xC3, 0x24, 0x8B, 0x60, 0x51, 0x08,
    0xEB, 0x94, 0x19, 0x27, 0x10, 0x61, 0x17, 0x91, 0x37, 0x71, 0x0B, 0x21, 0x06, 0x3D, 0x0E, 0xF7,
    0xB7, 0x50, 0x93, 0xDE, 0x06, 0x36, 0xF1, 0x3D, 0xA4, 0x2D, 0xB8, 0x39, 0x46, 0xC2, 0xD3, 0x23,
    0x1E, 0x99, 0x80, 0x29, 0x3A, 0x36, 0xE2, 0x09, 0x65, 0xF9, 0x10, 0x30, 0xCA, 0xE9, 0x22, 0xED,
    0x81, 0x7F, 0x19, 0xDD, 0x9E, 0x04, 0xCB, 0xD1, 0x60, 0x8E, 0x3F, 0x9A, 0x81, 0xF1, 0x90, 0xEF,
    0x28, 0xE0, 0x63, 0x42, 0xF9, 0x6B, 0xBE, 0xA7, 0x8A, 0xD7, 0x85, 0x57, 0x74, 0xBD, 0xEF, 0x37,
    0xCC, 0xFF, 0xD1, 0x5D, 0xED, 0x02, 0x03, 0x74, 0x29, 0x15, 0x1C, 0x41, 0x85, 0x2E, 0x45, 0x6A,
    0x7C, 0x49, 0x79, 0xA0, 0xAA, 0xC6, 0x70, 0xEE, 0xCB, 0xBE, 0xE3, 0xD4, 0x62, 0x25, 0x6A, 0xAA,
    0xA8, 0xC2, 0x08, 0xE1, 0x17, 0x10, 0xE5, 0x81, 0x7A, 0x7B, 0xA3, 0x5A, 0x7C, 0xAB, 0x1C, 0x0A,
    0x94, 0x2F, 0xCF, 0x0E, 0x58, 0xC2, 0x4A, 0x9F, 0x6A, 0x18, 0x80, 0xFE, 0x35, 0x52, 0x20, 0x52,
    0xA3, 0xC2, 0xED, 0x97, 0x6F, 0xEA, 0x89, 0x8E, 0x5B, 0xFC, 0x50, 0x1D, 0x36, 0x77, 0x4C, 0x8F,
    0x07, 0x1F, 0x2E, 0xBF, 0xE6, 0x68, 0xB2, 0x5B, 0x3C, 0xC6, 0xC7, 0xC7, 0x0C, 0x6F, 0xB6, 0xCA,
    0x62, 0x43, 0xD2, 0x25, 0x06, 0x0A, 0x60, 0x26, 0x5A, 0xFC, 0x37, 0x5C, 0x65, 0x34, 0xB9, 0xFA,
    0x6F, 0x7B, 0x61, 0x9C, 0xA9, 0xFD, 0x90, 0xE3, 0xB6, 0x09, 0xED, 0x56, 0xD1, 0x5D, 0xBA, 0xF1,
    0x61, 0x1A, 0x35, 0x39, 0xBD, 0x02, 0x78, 0xCF, 0xF2, 0x3D, 0xEA, 0xAE, 0xF4, 0xBB, 0x26, 0xDE,
    0x9E, 0xDE, 0x87, 0x89, 0x15, 0x8B, 0xD0, 0x0A, 0x9D, 0xFE, 0xEB, 0x8E, 0x31, 0xF7, 0x06, 0xFE,
    0xDC, 0xB8, 0xA2, 0xA7, 0x4F, 0x4D, 0x8A, 0xE0, 0x40, 0x75, 0xC6, 0x4B, 0x04, 0x3F, 0x82, 0x36,
    0x23, 0xB8, 0x16, 0x3F, 0x7C, 0xF5, 0x20, 0x39, 0x5B, 0x3D, 0x78, 0x16, 0xEA, 0x41, 0x0F, 0xF5,
    0xA0, 0x13, 0xF5, 0x20, 0x3C, 0xFE, 0xD6, 0x64, 0x49, 0x01, 0xE3, 0x47, 0x63, 0x5B, 0xD6, 0x5A,
    0x4D, 0xDA, 0x8C, 0x25, 0x77, 0x01, 0x17, 0x8E, 0x2D, 0x5E, 0xA9, 0x9A, 0x0E, 0xE3, 0xCE, 0x81,
    0xC1, 0x5E, 0xC3, 0x9D, 0xA5, 0x1B, 0x2C, 0xB4, 0xCB, 0xAB, 0x53, 0x8A, 0x40, 0x2A, 0xDE, 0x96,
    0x31, 0x43, 0x0F, 0x47, 0xFC, 0x07, 0x16, 0x55, 0x56, 0x3F, 0xC0, 0xA8, 0x9B, 0xF5, 0x87, 0x37,
    0xE9, 0x6E, 0xB3, 0xD7, 0xDD, 0x02, 0xA8, 0x55, 0x33, 0xD9, 0x02, 0x20, 0x18, 0xA8, 0xEA, 0x10,
    0x01, 0xBA, 0x57, 0x4A, 0x4D, 0x50, 0x48, 0x65, 0x70, 0x1E, 0xFF, 0xA4, 0x00, 0xC2, 0xA6, 0x65,
    0x6B, 0xE3, 0xA8, 0x19, 0x5F, 0x69, 0x84, 0x86, 0x86, 0x50, 0x0B, 0xB6, 0xD3, 0x3C, 0xB1, 0x7B,
    0x9C, 0x30, 0x67, 0x1B, 0x63, 0xAA, 0x9C, 0x30, 0xA5, 0x52, 0x8E, 0x28, 0x8C, 0x6E, 0x29, 0x2D,
    0x2F, 0xB1, 0xEF, 0xBA, 0x0D, 0x38, 0xFA, 0xC6, 0x75, 0xCA, 0x3C, 0xD2, 0x21, 0xCE, 0xFB, 0xC7,
    0xC1, 0x55, 0x46, 0xD9, 0xDE, 0x72, 0x10, 0x59, 0xDF, 0xA7, 0xAE, 0xCD, 0x55, 0xF5, 0x6A, 0x62,
    0xB5, 0x16, 0x0A, 0x91, 0x9E, 0xC2, 0x7B, 0xB7, 0xC3, 0xAF, 0xEC, 0xE4, 0x1F, 0xB3, 0xC9, 0xBF,
    0xDB, 0x9E, 0x9A, 0x7C, 0x63, 0x93, 0xBF, 0xEB, 0xFD, 0xB6, 0x9B, 0xFA, 0x84, 0xC7, 0x76, 0xEB,
    0x23, 0x2E, 0x3E, 0xDE, 0x15, 0xD8, 0xBD, 0x53, 0xAE, 0x6F, 0x7F, 0xE3, 0x53, 0x05, 0x36, 0x3E,
    0xF2, 0xB8, 0xA9, 0xE8, 0x63, 0xAF, 0x52, 0xBC, 0x3C, 0x7F, 0xD9, 0x65, 0x37, 0x82, 0xA8, 0x13,
    0x95, 0x4F, 0xC4, 0x7F, 0xAF, 0xDA, 0xDC, 0x25, 0x5C, 0xF2, 0x94, 0x71, 0x91, 0x91, 0xCE, 0x86,
    0xD0, 0x3D, 0xAF, 0x0A, 0xAE, 0x5A, 0x63, 0x9A, 0x20, 0xA5, 0x84, 0x3F, 0xF2, 0x45, 0xA5, 0x2E,
    0x96, 0x0E, 0x13, 0x3D, 0x74, 0x7F, 0xAD, 0x1B, 0xAC, 0x4C, 0x44, 0xFD, 0x6C, 0x08, 0x82, 0xA6,
    0x7A, 0xCF, 0x76, 0xB8, 0xD2, 0xE7, 0x75, 0xC6, 0xE7, 0x0D, 0xDE, 0xC2, 0xFD, 0x0E, 0x98, 0xA4,
    0x05, 0xDF, 0x48, 0x11, 0xF2, 0x09, 0x27, 0x0F, 0x37, 0x5D, 0x8C, 0x10, 0x5C, 0x3A, 0x07, 0x91,
    0x15, 0x8D, 0x62, 0xDA, 0xEA, 0x8E, 0xEB, 0xFE, 0x52, 0x42, 0xA5, 0xBD, 0xA9, 0x30, 0xBD, 0xD7,
    0xA8, 0xBC, 0x4E, 0x45, 0xCD, 0x22, 0x6F, 0x29, 0xB4, 0x94, 0x4B, 0x3E, 0xB6, 0x15, 0xF5, 0x46,
    0x51, 0xE6, 0x88, 0x41, 0x8A, 0xB2, 0x1E, 0xFC, 0xBE, 0xEC, 0xCF, 0x81, 0x02, 0xD0, 0x6B, 0x8B,
    0xD8, 0x9E, 0xA7, 0xE5, 0x54, 0xD9, 0x8B, 0x4D, 0x30, 0x33, 0x84, 0xA3, 0xCD, 0x47, 0xA3, 0xE6,
    0x32, 0x93, 0x56, 0x66, 0x90, 0xF7, 0x38, 0xFD, 0x78, 0x9A, 0x80, 0x9F, 0x52, 0xDE, 0x29, 0x0B,
    0x6F, 0xF4, 0x13, 0x55, 0xA7, 0x1D, 0xCD, 0x14, 0xDD, 0xEA, 0x4B, 0xE9, 0x54, 0x39, 0xFB, 0x9A,
    0xAC, 0x57, 0x28, 0x64, 0xE7, 0x0D, 0xB7, 0x52, 0x0D, 0x37, 0x60, 0x2A, 0x73, 0x0B, 0x4D, 0x44,
    0x16, 0x45, 0x6C, 0x83, 0x73, 0x87, 0x93, 0x13, 0x40, 0xEE, 0xE8, 0xC7, 0x75, 0x72, 0x6A, 0xB8,
    0x65, 0x4E, 0x45, 0xA9, 0x53, 0x76, 0x5C, 0xDE, 0x29, 0x6B, 0xC2, 0xA0, 0xE0, 0x0A, 0x50, 0x95,
    0xF5, 0xC0, 0xF8, 0x5C, 0x0E, 0xCD, 0x40, 0xA4, 0xC9, 0x9F, 0x2A, 0xB5, 0xEF, 0xA2, 0x81, 0x37,
    0xC0, 0x4B, 0x07, 0x15, 0x19, 0xAA, 0xBF, 0xA9, 0xAB, 0x4B, 0x9E, 0x4F, 0x41, 0x0E, 0x85, 0xEE,
    0x69, 0x28, 0x4B, 0x54, 0x87, 0xE6, 0x67, 0xE4, 0xAE, 0xA9, 0xE6, 0x59, 0x8B, 0x25, 0xEC, 0x32,
    0x99, 0x4A, 0xAC, 0xCF, 0xB5, 0x3A, 0x05, 0xE0, 0x4E, 0x11, 0xF5, 0x92, 0xFC, 0x32, 0xD5, 0x44,
    0x02, 0xA5, 0x8B, 0x56, 0x7F, 0xD8, 0x42, 0x3E, 0xDD, 0x55, 0x25, 0x0C, 0x11, 0x09, 0xAC, 0xE4,
    0x80, 0x8C, 0xE7, 0x48, 0xE3, 0xDE, 0x21, 0x6C, 0xE7, 0xC4, 0x3D, 0xAF, 0x49, 0x68, 0x08, 0x39,
    0x53, 0x51, 0x70, 0xD3, 0xFF, 0x6A, 0x88, 0xB4, 0x9D, 0xBC, 0x91, 0x8A, 0x54, 0x00, 0x66, 0xF1,
    0x57, 0x85, 0xE1, 0xED, 0xB6, 0xB2, 0x3A, 0xF5, 0x0A, 0x23, 0xCF, 0x6D, 0xD0, 0x57, 0xC2, 0x77,
    0xE0, 0xCE, 0x84, 0xDB, 0xED, 0xE3, 0x89, 0x0A, 0xBF, 0xB1, 0xD4, 0x79, 0x76, 0xB1, 0x02, 0x19,
    0x6F, 0x1A, 0xC3, 0x43, 0x38, 0x04, 0x22, 0x2C, 0x82, 0xBB, 0xDD, 0x92, 0xE4, 0x19, 0x94, 0x5C,
    0x7C, 0xFD, 0xA2, 0xFC, 0x15, 0xC2, 0xF2, 0x5F, 0x0C, 0x36, 0xC3, 0x5A, 0x26, 0x3E, 0x6E, 0xE4,
    0x65, 0xD8, 0x8C, 0xFA, 0xBD, 0xFE, 0x6C, 0x28, 0xE7, 0x2F, 0x68, 0x56, 0x1B, 0x47, 0xDF, 0x01,
    0x24, 0x53, 0x39, 0x4C, 0xFA, 0xD4, 0x2A, 0x1F, 0x0E, 0x19, 0xF3, 0x61, 0x06, 0xE0, 0xA9, 0xE4,
    0x53, 0xB5, 0xCC, 0x5D, 0xAD, 0x5E, 0x2A, 0xD5, 0x4E, 0x85, 0x68, 0x5E, 0x83, 0x11, 0xF1, 0x7F,
    0x43, 0x95, 0xB0, 0x3D, 0xE4, 0x6C, 0xE3, 0x7D, 0x4D, 0x19, 0xCC, 0x07, 0xF3, 0xF3, 0x46, 0xFB,
    0xD2, 0x96, 0xFC, 0x96, 0xB7, 0x3D, 0x39, 0x65, 0x3A, 0x99, 0xAA, 0x09, 0xAA, 0x29, 0x3D, 0xC9,
    0xCC, 0xC9, 0xBE, 0xCB, 0x0C, 0x5B, 0x82, 0x33, 0xC1, 0x41, 0xB1, 0x98, 0x23, 0xC6, 0x72, 0x9A,
    0x39, 0xBF, 0x9E, 0x6A, 0x39, 0x96, 0x41, 0x7E, 0xA0, 0xBF, 0xAB, 0xA4, 0x01, 0x1D, 0xEF, 0x77,
    0x4E, 0x20, 0x69, 0x7F, 0x41, 0x2E, 0x3E, 0x9C, 0xC2, 0x3D, 0xCC, 0x8A, 0x5E, 0x0D, 0xC0, 0x9B,
    0x0B, 0xB3, 0xC2, 0xC2, 0xA7, 0xEA, 0xD0, 0x3B, 0xCC, 0xCE, 0x3E, 0xE8, 0x21, 0x58, 0x2B, 0x4F,
    0xDD, 0x9E, 0x34, 0x2B, 0x18, 0x60, 0x88, 0xA1, 0x8F, 0x0A, 0x53, 0x59, 0x09, 0x7B, 0x11, 0x9B,
    0x49, 0x14, 0x66, 0xD9, 0xB3, 0x6D, 0x61, 0xD9, 0x53, 0x2D, 0x7C, 0x79, 0x99, 0xD9, 0x3C, 0x89,
    0xA1, 0xF0, 0xBD, 0xBE, 0xA0, 0x16, 0x85, 0xAE, 0x3C, 0x55, 0xBC, 0x7D, 0x2A, 0x7C, 0x24, 0x4B,
    0x85, 0xD3, 0xC8, 0xAE, 0x5E, 0x1B, 0xE8, 0x37, 0x26, 0x02, 0x69, 0x5B, 0x5B, 0x3E, 0x0D, 0x1D,
    0xD0, 0xF1, 0x6E, 0xE9, 0xBD, 0x91, 0xFF, 0x9D, 0xF7, 0x5A, 0xD9, 0x64, 0x59, 0xCF, 0x16, 0xE5,
    0xE0, 0x4D, 0xD7, 0x89, 0x06, 0xE0, 0x87, 0x11, 0xA6, 0x2E, 0xFC, 0x7C, 0xDD, 0xC6, 0xC5, 0xB6,
    0x4F, 0x77, 0x51, 0x9F, 0xD7, 0x51, 0x5F, 0xD6, 0xDB, 0x3E, 0xDF, 0x6D, 0x9A, 0x24, 0x3B, 0xE9,
    0x20, 0xD2, 0xFF, 0x9F, 0x27, 0x5E, 0x0C, 0xFF, 0xDF, 0x80, 0x9D, 0x20, 0xA5, 0x06, 0xAA, 0x2F,
    0x50, 0x8A, 0x23, 0xD5, 0x5E, 0x55, 0x79, 0x13, 0xC3, 0x1B, 0xAB, 0xE9, 0x87, 0xFF, 0xF7, 0x8F,
    0xA9, 0xB5, 0x0E, 0x8D, 0x72, 0x4D, 0x7F, 0x55, 0x99, 0x4D, 0xA2, 0x63, 0x7E, 0x51, 0x8A, 0x3B,
    0x8D, 0xC8, 0x5E, 0x3B, 0x67, 0x17, 0x6A, 0x95, 0x4F, 0xB6, 0x60, 0xD2, 0xFB, 0x17, 0xD8, 0x97,
    0xE9, 0x2C, 0x0F, 0xF6, 0x12, 0xF0, 0xE9, 0x99, 0x59, 0xC8, 0x29, 0xFF, 0x39, 0x16, 0x6B, 0xF6,
    0xBA, 0x3B, 0xA8, 0x81, 0xE8, 0xE9, 0x61, 0xFF, 0x8D, 0x1B, 0x63, 0x7C, 0x8F, 0x20, 0x14, 0x84,
    0xA3, 0xBB, 0xED, 0x81, 0x3A, 0xFD, 0xDE, 0x40, 0xFD, 0x47, 0x9D, 0xC5, 0x7B, 0xAD, 0x5E, 0x4A,
    0x4C, 0xAF, 0x11, 0xBC, 0x98, 0x1C, 0x5C, 0xF4, 0x61, 0xBD, 0x0B, 0x76, 0xF1, 0xD4, 0x97, 0x44,
    0x00, 0xEE, 0xAD, 0x95, 0x79, 0x46, 0x45, 0xEE, 0xBE, 0xA1, 0x2B, 0x5D, 0xB5, 0x3E, 0xC0, 0xD7,
    0x6C, 0x2C, 0x87, 0xA9, 0x86, 0xD4, 0xCF, 0xE0, 0x57, 0xC2, 0x00, 0x9E, 0x25, 0x0D, 0x0A, 0x40,
    0x15, 0x47, 0x76, 0xB6, 0xB9, 0xA0, 0xF5, 0x1E, 0x21, 0x31, 0x38, 0xED, 0x0C, 0x47, 0xA5, 0x84,
    0x03, 0x77, 0x65, 0x42, 0x19, 0xA1, 0xE7, 0x8A, 0x6D, 0x79, 0xD4, 0x9E, 0x6B, 0xB7, 0x33, 0xBA,
    0xAD, 0xFC, 0xD3, 0x54, 0x8D, 0xC2, 0x80, 0x8F, 0x5E, 0xE5, 0x78, 0xFE, 0x9A, 0x3B, 0xBC, 0xE4,
    0x61, 0x98, 0x99, 0xCF, 0xB3, 0x81, 0x3E, 0xBD, 0x72, 0xDE, 0x00, 0xEB, 0xA8, 0xF1, 0xE5, 0xBD,
    0xD9, 0xC0, 0x5D, 0xEA, 0x9F, 0x88, 0x0C, 0x94, 0x6D, 0x0A, 0x88, 0x95, 0xAB, 0x11, 0xB3, 0xB8,
    0x02, 0x11, 0x0B, 0x95, 0x83, 0x77, 0xE5, 0xDE, 0xBC, 0xD4, 0x27, 0x17, 0x1A, 0xB0, 0x19, 0x98,
    0xE6, 0xE3, 0xC3, 0x89, 0x97, 0x96, 0xCD, 0xEA, 0x92, 0x1E, 0x3F, 0x76, 0xE0, 0xBB, 0xCA, 0x72,
    0xDC, 0xF7, 0xE9, 0x90, 0x09, 0xF5, 0x75, 0xC9, 0x4B, 0xEB, 0x8D, 0xF1, 0x52, 0x59, 0x43, 0x31,
    0x5B, 0x2E, 0x6E, 0xC1, 0x4B, 0x1F, 0xE4, 0x8A, 0x89, 0xF7, 0x5D, 0x31, 0x1A, 0xE2, 0xFF, 0xF3,
    0x79, 0xA6, 0x39, 0xCB, 0x09, 0x14, 0x53, 0xD5, 0x1C, 0x1A, 0xD4, 0xBF, 0x7B, 0x82, 0xC6, 0x7F,
    0xC9, 0x8E, 0x50, 0x9F, 0x7F, 0x02, 0x45, 0x99, 0x86, 0x7A, 0xD2, 0xCC, 0x48, 0x3C, 0x4B, 0x44,
    0xFE, 0xCC, 0xAF, 0x92, 0xEB, 0x78, 0x4A, 0xEC, 0x44, 0xBE, 0x47, 0x29, 0x2C, 0x57, 0x0E, 0x5B,
    0xDD, 0x1D, 0x41, 0xF9, 0x6E, 0x3F, 0x39, 0x27, 0xB6, 0x63, 0x76, 0x66, 0x56, 0xC7, 0x47, 0xCF,
    0xA9, 0xF2, 0xCB, 0xDB, 0xED, 0xA7, 0xFF, 0x3B, 0x84, 0x50, 0x35, 0x61, 0xD6, 0x8C, 0x9C, 0x97,
    0xB5, 0x30, 0x86, 0x39, 0xB9, 0x9F, 0xC0, 0x97, 0x28, 0x30, 0x2E, 0xAF, 0x9B, 0xA9, 0xEE, 0x42,
    0x20, 0x37, 0x14, 0xA9, 0xE1, 0x10, 0x94, 0x4C, 0x5C, 0xF0, 0xEF, 0x1C, 0x36, 0x59, 0xE9, 0x4F,
    0xB1, 0x96, 0x03, 0xF4, 0x07, 0x5A, 0x21, 0x2B, 0x2B, 0xFD, 0x33, 0x2E, 0x47, 0x44, 0xA9, 0xA8,
    0xDB, 0x96, 0x22, 0x46, 0x15, 0xD6, 0x1E, 0x0C, 0x5B, 0x47, 0xAD, 0x1F, 0x6D, 0x1B, 0x3F, 0x52,
    0x14, 0xA4, 0xEA, 0xD6, 0x0E, 0xD9, 0x7E, 0xEA, 0xB9, 0x75, 0xC0, 0xB6, 0xAA, 0xC5, 0xE1, 0x50,
    0xDB, 0x29, 0x1A, 0x37, 0xEF, 0x39, 0x28, 0x8C, 0xA2, 0x03, 0xBE, 0xE9, 0x9E, 0x22, 0x18, 0x25,
    0xFA, 0xB6, 0xFB, 0x1C, 0x31, 0x22, 0x69, 0xE8, 0x9E, 0x21, 0xD4, 0xF5, 0x7A, 0xE8, 0x8E, 0x58,
    0x60, 0xA4, 0x27, 0x3F, 0x0A, 0x90, 0x89, 0x40, 0xFF, 0x8E, 0xB2, 0xCD, 0xC6, 0x4C, 0x4D, 0x43,
    0xBE, 0xD1, 0x2C, 0xC6, 0x68, 0xB0, 0x9B, 0x2F, 0x9A, 0x51, 0xAC, 0x3E, 0xF3, 0x92, 0xCE, 0xC2,
    0x46, 0x5D, 0xEA, 0xA2, 0xA8, 0xB5, 0xEA, 0xBE, 0xD2, 0x94, 0x1A, 0xD9, 0x56, 0xF9, 0xDD, 0x50,
    0x34, 0xB2, 0x2A, 0x9C, 0x9F, 0x72, 0xFD, 0xCB, 0x4A, 0x14, 0x5B, 0x59, 0x0C, 0x9E, 0xB2, 0x14,
    0x11, 0xD2, 0xA3, 0x62, 0x05, 0xE5, 0xE9, 0x34, 0x9D, 0x24, 0x57, 0x45, 0xF4, 0x45, 0x8D, 0xD8,
    0x26, 0x58, 0x4C, 0x5A, 0x97, 0x0E, 0x09, 0xA8, 0x7F, 0xF3, 0x63, 0xA7, 0xB9, 0xBF, 0xE9, 0x8F,
    0xBE, 0xEB, 0x22, 0x44, 0xFE, 0x9F, 0x74, 0xB9, 0x05, 0xE5, 0x29, 0xE0, 0x88, 0xA1, 0x4D, 0x1B,
    0xDE, 0xFC, 0xB4, 0x5A, 0x39, 0x8F, 0xAE, 0xE7, 0x43, 0x17, 0x7A, 0x2E, 0x07, 0xAE, 0xD8, 0x30,
    0x38, 0x87, 0xB9, 0x2A, 0x4A, 0x21, 0x91, 0x8D, 0x5B, 0xE2, 0x1A, 0xA3, 0x5D, 0xD9, 0xCA, 0xB4,
    0x34, 0x9F, 0x43, 0x68, 0x3A, 0x56, 0x5B, 0xA2, 0x58, 0x26, 0x39, 0x66, 0xC1, 0x19, 0x99, 0xB9,
    0x39, 0xF0, 0x2B, 0x45, 0xEC, 0x16, 0x28, 0xA5, 0xCC, 0x10, 0x2B, 0x0B, 0xFC, 0x8A, 0x01, 0x57,
    0x78, 0xA0, 0x20, 0x1C, 0x42, 0x30, 0x15, 0x45, 0xE1, 0x44, 0x4D, 0x37, 0xE4, 0x16, 0x51, 0x4A,
    0x34, 0xE8, 0x2C, 0xD9, 0xA7, 0x86, 0xDE, 0xF5, 0xA8, 0xFB, 0x21, 0x3D, 0x90, 0xEE, 0xAD, 0xA7,
    0x09, 0x09, 0x1D, 0xD6, 0x7C, 0x76, 0x26, 0xF2, 0x1A, 0xD3, 0x0C, 0xEA, 0xD9, 0xCA, 0x7E, 0x3E,
    0x63, 0x21, 0x14, 0x67, 0xCA, 0x94, 0xD3, 0x24, 0x63, 0x24, 0x24, 0xB5, 0xBC, 0x4D, 0xB0, 0xEF,
    0xF1, 0x8C, 0x07, 0x7A, 0x34, 0x62, 0xF3, 0x6C, 0x90, 0x42, 0xD3, 0x8E, 0x30, 0x82, 0x52, 0xA3,
    0x24, 0x8A, 0xCC, 0xDA, 0xA9, 0x6E, 0xA2, 0xDB, 0x5A, 0x36, 0x06, 0xAD, 0x89, 0x21, 0xEB, 0x7F,
    0x1F, 0x75, 0x35, 0x1C, 0x8A, 0x91, 0xE8, 0x6E, 0x03, 0xFE, 0x9A, 0xCB, 0xBA, 0x0A, 0x00, 0x60,
    0x19, 0x3F, 0x81, 0x5C, 0xDB, 0x3A, 0xA2, 0xA9, 0x79, 0x7D, 0x90, 0x9F, 0xA9, 0x36, 0x6B, 0x0B,
    0xEC, 0xEF, 0x0A, 0x76, 0x9F, 0x21, 0x32, 0x77, 0x1E, 0x8C, 0xB9, 0x9E, 0xA8, 0x51, 0x97, 0x65,
    0xE8, 0x1C, 0x4B, 0x3B, 0xB1, 0x94, 0xAB, 0x69, 0xB8, 0x75, 0x87, 0x47, 0x2C, 0xFB, 0x04, 0xDF,
    0x98, 0xF7, 0x67, 0xBA, 0x29, 0x45, 0x4E, 0x65, 0xBA, 0x0D, 0x55, 0x1E, 0xDA, 0xD0, 0x52, 0xA5,
    0x2D, 0x8C, 0xBE, 0x18, 0x02, 0xDA, 0x93, 0x05, 0x2C, 0xAE, 0x52, 0x05, 0xAB, 0xCA, 0x72, 0xE1,
    0x6A, 0x30, 0x12, 0xD7, 0x22, 0xE8, 0x25, 0x76, 0x13, 0xD2, 0x1D, 0x72, 0xAC, 0xBD, 0x34, 0x92,
    0xEA, 0x0C, 0x5D, 0xC6, 0x04, 0x95, 0x58, 0xE9, 0xE5, 0x68, 0x84, 0xA5, 0x2E, 0xF3, 0xDD, 0x3D,
    0xA2, 0x1B, 0x70, 0xD7, 0x4C, 0xDD, 0x4A, 0x25, 0x9A, 0xDE, 0x82, 0x44, 0xCD, 0x5D, 0x31, 0x53,
    0x54, 0x05, 0xAF, 0xB4, 0x84, 0x53, 0xC6, 0x08, 0x3C, 0x68, 0xCC, 0xC0, 0x61, 0xA4, 0xD9, 0xD0,
    0x96, 0x2C, 0x0B, 0x76, 0x77, 0x85, 0x94, 0xA3, 0xD1, 0x80, 0x67, 0xFE, 0x39, 0x18, 0xFA, 0x0C,
    0x4E, 0xE2, 0xB5, 0x09, 0xFC, 0x08, 0x52, 0x7F, 0x14, 0x6B, 0x97, 0x7E, 0x60, 0x78, 0x92, 0x51,
    0x68, 0x4A, 0x05, 0x7C, 0x62, 0x52, 0x26, 0xB2, 0xD4, 0xD7, 0xE4, 0x64, 0x91, 0x01, 0xEE, 0xCB,
    0xEA, 0x1D, 0x2B, 0x32, 0xF0, 0xB6, 0xC1, 0xDC, 0x5F, 0x25, 0x87, 0x88, 0x9F, 0x33, 0x4F, 0xAD,
    0x79, 0xBD, 0x5F, 0xF4, 0x99, 0xD3, 0x7C, 0xAE, 0x8F, 0x2F, 0xE3, 0x40, 0x2D, 0xCB, 0x13, 0x1A,
    0x0F, 0x1C, 0xA1, 0xCF, 0xB4, 0xBC, 0xBE, 0x71, 0x03, 0xBD, 0x67, 0xE0, 0x73, 0xD5, 0x09, 0x6B,
    0x69, 0x11, 0xDD, 0x53, 0x0F, 0xB7, 0x30, 0x9C, 0x74, 0xA7, 0xCF, 0xB8, 0xCA, 0x2B, 0x26, 0x09,
    0x97, 0x78, 0xBE, 0xA4, 0xE2, 0x72, 0xD0, 0x6C, 0x0B, 0x79, 0x8E, 0x8A, 0x35, 0x70, 0x4F, 0x96,
    0xEE, 0x66, 0xE9, 0x5E, 0x76, 0x1B, 0x54, 0xAD, 0xF9, 0x92, 0x66, 0x0A, 0x37, 0x8B, 0xAC, 0x0F,
    0xB7, 0x44, 0x8B, 0x97, 0x98, 0xFB, 0xEA, 0xC7, 0x94, 0x05, 0x7F, 0x4B, 0x22, 0x7A, 0x99, 0x59,
    0x6B, 0x19, 0xE6, 0x99, 0x92, 0x03, 0xE4, 0x7C, 0x13, 0x22, 0x2B, 0xD7, 0x6F, 0x8F, 0x3A, 0xB7,
    0xF0, 0x7B, 0x83, 0x4E, 0x29, 0x7A, 0x15, 0xE9, 0x62, 0x49, 0xA8, 0xD7, 0x26, 0xB8, 0xB8, 0x55,
    0x85, 0x31, 0xE8, 0x23, 0x7D, 0xAC, 0xBB, 0xA8, 0x95, 0x0F, 0x3C, 0x3F, 0x44, 0xC2, 0x27, 0x6F,
    0xA6, 0x63, 0xFC, 0xFF, 0x34, 0x53, 0x71, 0x4C, 0xFE, 0x56, 0xD7, 0x1E, 0x1B, 0x13, 0x61, 0x75,
    0xB2, 0xC6, 0xCC, 0x44, 0x42, 0xC7, 0xE9, 0xF5, 0x26, 0x24, 0x9B, 0xD0, 0x22, 0xFD, 0xF4, 0x1B,
    0x1E, 0x17, 0x2E, 0xEF, 0x4F, 0xAC, 0xB8, 0xC6, 0x5A, 0x5B, 0x5A, 0x07, 0x5A, 0xEE, 0xA0, 0x99,
    0x8C, 0xD0, 0x48, 0xD5, 0x50, 0x9A, 0x0B, 0x71, 0x51, 0x36, 0x26, 0xE8, 0x52, 0x1C, 0xB4, 0xB0,
    0x86, 0xC3, 0xC3, 0x97, 0x0E, 0xCB, 0x76, 0xBA, 0x3B, 0xAE, 0x9B, 0xB2, 0x91, 0x9C, 0xE1, 0xB6,
    0xC2, 0x1F, 0x8E, 0x40, 0x53, 0xAB, 0x3A, 0xF6, 0xEA, 0x90, 0xF4, 0xA4, 0x8B, 0xE4, 0x73, 0xCA,
    0x2B, 0x60, 0x1E, 0xDD, 0xD8, 0x62, 0xA8, 0x3F, 0x91, 0xC5, 0x46, 0x64, 0x68, 0xBA, 0xE0, 0x88,
    0x02, 0x70, 0xD3, 0xC4, 0xAD, 0x55, 0xBD, 0xDB, 0xEE, 0x62, 0x0D, 0x6B, 0xE8, 0x22, 0xE2, 0x2A,
    0x69, 0x0C, 0x10, 0x9B, 0x16, 0xA9, 0x30, 0xA4, 0xE2, 0x51, 0x77, 0xFC, 0x07, 0x4E, 0x4E, 0xF7,
    0x9A, 0xBB, 0x2D, 0x77, 0xE7, 0x2B, 0xAE, 0xC9, 0x2B, 0x02, 0x7E, 0x9F, 0x71, 0x75, 0x29, 0xC3,
    0x0E, 0x77, 0x07, 0x06, 0x19, 0xB2, 0x83, 0x06, 0xB5, 0x62, 0x14, 0x8C, 0x34, 0xDA, 0x06, 0x80,
    0x2E, 0x15, 0x95, 0xF6, 0x8E, 0xE3, 0xE2, 0xC3, 0x57, 0x01, 0x6F, 0x13, 0x5E, 0xFE, 0x9C, 0xD5,
    0x4C, 0x4A, 0x36, 0x66, 0xEF, 0x5D, 0xA7, 0xE1, 0xB7, 0x77, 0x8B, 0xF4, 0x36, 0xBB, 0x20, 0xFC,
    0x51, 0xEF, 0x00, 0x5F, 0x89, 0xBE, 0x0D, 0x4D, 0x58, 0x6E, 0xE1, 0xE7, 0x3B, 0x55, 0xE9, 0x87,
    0xE0, 0x62, 0x04, 0xB7, 0x62, 0x1F, 0xDC, 0x8A, 0x1A, 0x68, 0x1D, 0xAB, 0x2E, 0x6E, 0x60, 0x05,
    0x88, 0x99, 0xD9, 0x00, 0xB7, 0x19, 0x77, 0x49, 0x9D, 0x2B, 0x78, 0xA9, 0xEC, 0xD3, 0xEF, 0xC9,
    0x5B, 0xE7, 0x8D, 0x0C, 0x5E, 0x5D, 0x24, 0xC8, 0x35, 0x7E, 0x50, 0xDB, 0xFE, 0xE7, 0x95, 0x9D,
    0x54, 0x6E, 0x0E, 0x79, 0xAA, 0xA7, 0x0A, 0x0C, 0x64, 0xA6, 0x65, 0x67, 0xA9, 0xE9, 0x91, 0xCF,
    0x4B, 0x0F, 0x47, 0x4B, 0x4A, 0xDF, 0xB8, 0xA7, 0x7D, 0xC9, 0xA4, 0xD7, 0x76, 0x3E, 0x17, 0xD8,
    0x27, 0x3B, 0x78, 0xB1, 0x6E, 0x1C, 0x31, 0x1D, 0xD2, 0xC6, 0x48, 0x25, 0x6D, 0x72, 0x52, 0x47,
    0xDE, 0xA4, 0x24, 0x88, 0xB2, 0x4E, 0x01, 0x3B, 0x94, 0x8F, 0x4F, 0x5A, 0x32, 0x0D, 0x75, 0xDF,
    0xC1, 0x97, 0x5D, 0xA9, 0xD3, 0x4C, 0xF1, 0x66, 0x45, 0x8C, 0xA4, 0x85, 0x35, 0x62, 0xE8, 0xB0,
    0xAD, 0x34, 0x4E, 0x15, 0xBB, 0xE2, 0xAA, 0xFB, 0xAB, 0xAD, 0xBB, 0x54, 0xAA, 0x1A, 0x22, 0xDA,
    0x44, 0xA3, 0xA9, 0xF7, 0x9A, 0x80, 0x54, 0x07, 0x53, 0x29, 0x8F, 0xC8, 0x16, 0xAC, 0xA5, 0xF8,
    0xF2, 0x8A, 0x96, 0xAA, 0x33, 0x96, 0xCE, 0x52, 0x4F, 0x3B, 0x2A, 0x91, 0x32, 0xA3, 0x82, 0x60,
    0x9A, 0xC1, 0x38, 0x76, 0x4B, 0x1F, 0xC8, 0x5C, 0x09, 0x0A, 0xD4, 0xFC, 0xC7, 0x2E, 0x86, 0xEF,
    0x21, 0x74, 0x11, 0x08, 0x72, 0x3B, 0x2A, 0x44, 0x47, 0xA1, 0x3A, 0xA1, 0x42, 0xB8, 0xDA, 0xA8,
    0x57, 0x08, 0x4C, 0xD9, 0xC4, 0xBD, 0xBA, 0x7C, 0x64, 0x55, 0xFA, 0x14, 0x21, 0x98, 0x0F, 0xCA,
    0x40, 0x47, 0x39, 0x81, 0x97, 0xC5, 0x3E, 0xB9, 0x8D, 0x7A, 0x4F, 0x0D, 0x2F, 0x20, 0xD2, 0x59,
    0x06, 0xDE, 0xC0, 0x92, 0xF8, 0x1E, 0x5C, 0xC1, 0xF2, 0xEE, 0xE1, 0xE1, 0x95, 0x8E, 0x77, 0x50,
    0xED, 0x60, 0x9D, 0xA8, 0xDE, 0x23, 0x9D, 0x40, 0x6A, 0x15, 0x4E, 0x44, 0xD1, 0x09, 0x3C, 0x15,
    0xCA, 0x07, 0xAD, 0x3B, 0xBB, 0x87, 0xB2, 0x57, 0x5B, 0x7F, 0x11, 0x75, 0x4B, 0x0B, 0xEF, 0x8E,
    0xCA, 0xEB, 0x97, 0x26, 0x9D, 0x33, 0xBD, 0x4B, 0xC6, 0x2E, 0xB4, 0x70, 0x78, 0x0D, 0xEB, 0xF5,
    0x97, 0x51, 0xDF, 0xC2, 0xDF, 0x46, 0x67, 0x95, 0xAC, 0x42, 0xF7, 0xF9, 0x31, 0xF1, 0xF7, 0xB1,
    0xDF, 0x0E, 0x91, 0x5D, 0xC8, 0xB4, 0xD3, 0x7F, 0x71, 0x5A, 0x79, 0xC3, 0xF5, 0x43, 0xB2, 0xEE,
    0x62, 0x8C, 0x53, 0x58, 0x5F, 0x49, 0xB7, 0xB1, 0x4B, 0x29, 0x36, 0xB6, 0x02, 0xA0, 0x70, 0x2B,
    0xB5, 0x6A, 0xE0, 0xC6, 0xAE, 0xA5, 0xBA, 0x98, 0xD6, 0x76, 0x2F, 0x35, 0xDA, 0x28, 0x7F, 0x84,
    0x8B, 0x29, 0x96, 0xC5, 0xDD, 0x95, 0xDD, 0xCC, 0x4A, 0x36, 0x49, 0xD4, 0x15, 0x99, 0xD4, 0x35,
    0xF8, 0x14, 0xE5, 0x83, 0x62, 0xD6, 0x04, 0x73, 0xFA, 0x33, 0x53, 0x62, 0x2A, 0xC8, 0x36, 0x4D,
    0x1F, 0x51, 0xD7, 0xB1, 0x4E, 0x72, 0x8D, 0xF9, 0xC0, 0xC5, 0xDF, 0x60, 0x53, 0x64, 0x03, 0x12,
    0xFA, 0x60, 0xE4, 0xFB, 0x96, 0xDA, 0x11, 0x94, 0x6F, 0xF7, 0x9E, 0x4B, 0x71, 0x3F, 0x9D, 0xA1,
    0x39, 0xC3, 0x69, 0x57, 0x44, 0xDA, 0x5D, 0x75, 0xCF, 0x0C, 0x56, 0xC3, 0xAD, 0x8F, 0xFA, 0x04,
    0x50, 0x86, 0xA4, 0x8B, 0xFB, 0xB8, 0x83, 0xE6, 0xD2, 0x24, 0x5D, 0x84, 0xAB, 0x2A, 0xA4, 0xDD,
    0x21, 0x98, 0xAD, 0x8E, 0xA9, 0x16, 0x20, 0x35, 0x79, 0xEF, 0x5C, 0xBD, 0xF8, 0x72, 0x5B, 0x35,
    0x7E, 0x2E, 0xB4, 0xAB, 0xD7, 0x55, 0x36, 0x5A, 0xE4, 0x79, 0xDE, 0xB8, 0x9B, 0x1A, 0xC8, 0x2C,
    0x15, 0x61, 0x0B, 0x91, 0x2F, 0x96, 0x95, 0x32, 0xC5, 0x06, 0xA5, 0xC6, 0x60, 0x8B, 0x31, 0x42,
    0x77, 0x60, 0xDE, 0x30, 0x78, 0xA1, 0xB5, 0xC8, 0x23, 0xDD, 0x03, 0x74, 0x02, 0x28, 0x00, 0x4E,
    0x68, 0x09, 0xAB, 0x56, 0x83, 0x6B, 0x01, 0x26, 0x20, 0x80, 0x00, 0x6C, 0x1C, 0xCB, 0x3D, 0x2C,
    0x81, 0xB6, 0x25, 0xB9, 0x90, 0xDC, 0x8F, 0xC6, 0x19, 0x7F, 0x6C, 0xD5, 0x46, 0x7C, 0x88, 0xEE,
    0x4C, 0xE7, 0x26, 0x21, 0xCA, 0x10, 0x68, 0x8F, 0xA8, 0x2A, 0x5C, 0x92, 0x95, 0xC1, 0x37, 0x72,
    0x3C, 0xE7, 0xE6, 0xE4, 0x85, 0xBD, 0x1E, 0x89, 0xED, 0x2C, 0x56, 0x17, 0xCB, 0xC0, 0xB0, 0xDE,
    0x82, 0xFC, 0xD5, 0xA7, 0x50, 0xDF, 0x05, 0x25, 0xA9, 0x44, 0x96, 0x20, 0x09, 0x7E, 0xE0, 0x31,
    0x5C, 0xBB, 0x93, 0xF9, 0x74, 0xAA, 0x92, 0xC8, 0x1D, 0x14, 0x39, 0x3C, 0x56, 0x17, 0x6A, 0xAE,
    0x6E, 0x12, 0x91, 0xC1, 0xF0, 0xBD, 0x23, 0xD0, 0x1B, 0x67, 0x4B, 0x2B, 0x4A, 0x63, 0xC5, 0xAB,
    0x43, 0x52, 0x32, 0x93, 0x8F, 0x28, 0x69, 0xB9, 0x20, 0xFA, 0x93, 0xAC, 0x0C, 0xE6, 0xE2, 0x35,
    0x9F, 0xCB, 0x16, 0x1E, 0x41, 0x79, 0xA4, 0x60, 0x7A, 0x57, 0xE7, 0xC1, 0x0C, 0xBB, 0x62, 0x2E,
    0x9A, 0x94, 0x67, 0xAB, 0x52, 0x5D, 0x47, 0x47, 0x56, 0x95, 0x47, 0xE9, 0x03, 0x35, 0x39, 0x1E,
    0x0E, 0xFE, 0xB9, 0x0A, 0x6C, 0x91, 0x1D, 0xEE, 0x69, 0x0D, 0x01, 0xBC, 0xEC, 0xF4, 0x8C, 0x87,
    0xD8, 0x55, 0xD7, 0xDC, 0x9D, 0xD0, 0xDD, 0x3E, 0x19, 0xF2, 0x1B, 0x7D, 0xC8, 0x6F, 0x30, 0x7F,
    0xA3, 0x66, 0xCC, 0x8D, 0x1E, 0x14, 0xE1, 0x8D, 0x4D, 0x8B, 0x40, 0x75, 0x06, 0x8D, 0x50, 0x6C,
    0x6A, 0x6F, 0x10, 0x88, 0x98, 0x41, 0x8C, 0x9D, 0xF2, 0xEA, 0x1C, 0x9A, 0xB8, 0x9A, 0x69, 0x10,
    0x79, 0xA1, 0xBB, 0x29, 0xD4, 0xD5, 0xFB, 0xCA, 0x20, 0xB5, 0x61, 0x07, 0x8F, 0x0D, 0xB6, 0xFC,
    0x57, 0xC1, 0x5E, 0x82, 0xD1, 0x72, 0x60, 0x26, 0x7F, 0xE8, 0x82, 0x60, 0x19, 0x0F, 0x9F, 0xB2,
    0x8E, 0x3C, 0x32, 0x7F, 0x31, 0x90, 0xAF, 0xFF, 0xE8, 0xCB, 0x31, 0x2E, 0x1E, 0xE6, 0xF8, 0x58,
    0x77, 0xCB, 0xE0, 0xA0, 0x3D, 0x28, 0x6C, 0x60, 0x6E, 0x6A, 0xA2, 0x79, 0xF3, 0xA2, 0xEA, 0x1B,
    0xD1, 0xDF, 0xAA, 0x2B, 0x6E, 0x17, 0x7F, 0xCF, 0x55, 0xFF, 0x42, 0x98, 0xE8, 0xEB, 0x30, 0xD4,
    0xD3, 0x2A, 0x01, 0xBC, 0xA0, 0xDA, 0x6A, 0x99, 0xA8, 0xBC, 0xDA, 0xA8, 0xA9, 0x51, 0x16, 0x9B,
    0x5A, 0xF6, 0x52, 0x2C, 0x76, 0x7B, 0xEC, 0xB6, 0x72, 0xB7, 0x82, 0x4D, 0x15, 0xE9, 0x23, 0xAC,
    0xA2, 0x71, 0x3D, 0x06, 0xDB, 0x42, 0x2C, 0x54, 0x05, 0xF4, 0x01, 0x5B, 0xF9, 0xB8, 0x56, 0x30,
    0xEC, 0x83, 0x67, 0xE5, 0xF1, 0xF9, 0x7E, 0xAD, 0x26, 0xC3, 0x5B, 0xFD, 0xD1, 0x8E, 0x09, 0xE5,
    0xA8, 0x0D, 0x00, 0xEF, 0xE1, 0x81, 0xA3, 0x36, 0x6A, 0x55, 0x6F, 0xED, 0x61, 0x7E, 0x48, 0xCB,
    0x68, 0x31, 0xD7, 0x23, 0x49, 0xCA, 0xDC, 0x3E, 0xEB, 0xBD, 0x7C, 0x53, 0x5F, 0x9A, 0xD5, 0xD2,
    0xC3, 0xDD, 0x9D, 0x23, 0xF0, 0x13, 0x6C, 0x73, 0xDC, 0x81, 0x1A, 0xF3, 0x86, 0x78, 0x6F, 0xD8,
    0x27, 0x84, 0xB9, 0xB5, 0xD8, 0xF3, 0xBC, 0x63, 0x42, 0x78, 0x17, 0x8F, 0xA5, 0x56, 0x1E, 0x4C,
    0xE0, 0xD3, 0xEB, 0x98, 0x62, 0xD3, 0xE6, 0xC3, 0x0A, 0x0F, 0x31, 0x0C, 0xDE, 0x75, 0x4D, 0x49,
    0xF4, 0x78, 0x09, 0x7D, 0x6E, 0xC7, 0x47, 0x45, 0x30, 0xBC, 0xC2, 0x9A, 0x0D, 0x8B, 0x6D, 0xFE,
    0x37, 0x03, 0x60, 0x05, 0xC0, 0x60, 0xA8, 0xAB, 0x43, 0xFE, 0xF4, 0x2E, 0x80, 0x26, 0x96, 0xD3,
    0x7E, 0x60, 0xE4, 0x01, 0xCB, 0x81, 0xDA, 0x6B, 0x32, 0xE8, 0xA5, 0x2B, 0x6B, 0xA0, 0x42, 0xF5,
    0xBA, 0x85, 0x1E, 0xF2, 0xAD, 0xD6, 0xE7, 0x00, 0x8E, 0x3A, 0x0E, 0x8A, 0xF8, 0x82, 0x1D, 0xA9,
    0xC0, 0x5E, 0xD5, 0x46, 0x0E, 0xFE, 0x6C, 0x09, 0xA5, 0xF6, 0x80, 0x29, 0xC5, 0x9E, 0x01, 0xDE,
    0x2C, 0xFB, 0x98, 0x40, 0x3D, 0x8F, 0xDC, 0xD5, 0x71, 0xE2, 0x43, 0xB0, 0x03, 0x72, 0x55, 0x1F,
    0x0E, 0xB4, 0x38, 0xA6, 0x96, 0x92, 0x52, 0x5B, 0xEA, 0x2E, 0xB8, 0x00, 0x2A, 0x6C, 0x3A, 0xD6,
    0x9B, 0xDA, 0x0C, 0xBF, 0xC7, 0xEC, 0x3C, 0xAB, 0xCE, 0x18, 0x59, 0x8E, 0xA2, 0xBA, 0xDE, 0xE1,
    0xA8, 0xB3, 0x43, 0x7A, 0xD1, 0xF2, 0x40, 0xAC, 0xAE, 0xC6, 0xDA, 0x0A, 0xA3, 0x6E, 0xCC, 0xCD,
    0x49, 0x9F, 0x4C, 0xD9, 0xD2, 0xE5, 0x92, 0xB7, 0x29, 0x8F, 0xBA, 0x65, 0x05, 0xA3, 0xB4, 0xBB,
    0x65, 0x4F, 0x92, 0x6F, 0xFA, 0xAE, 0xF9, 0xA2, 0xDF, 0xAB, 0xCD, 0xE7, 0x58, 0x99, 0x5E, 0x9F,
    0x2D, 0xF5, 0xFB, 0xC9, 0x8A, 0xB1, 0xEA, 0xC9, 0xBE, 0x66, 0x23, 0x20, 0x88, 0xA5, 0x3A, 0x9A,
    0x75, 0xEA, 0xE7, 0xB1, 0x76, 0xA4, 0xE8, 0x27, 0x5F, 0xCA, 0x94, 0x84, 0x2E, 0x92, 0x92, 0x00,
    0x38, 0xDD, 0xAD, 0x40, 0x34, 0xF5, 0x86, 0x7E, 0x78, 0x14, 0xE7, 0x2B, 0x1B, 0x38, 0xBC, 0xF2,
    0x26, 0xCE, 0xA8, 0xB7, 0x90, 0x79, 0x5D, 0xE7, 0x83, 0x9C, 0xBE, 0x65, 0x79, 0xA9, 0x77, 0xAD,
    0x32, 0x2C, 0xD3, 0x4E, 0x3D, 0x58, 0x66, 0x99, 0x2B, 0x62, 0x73, 0xDC, 0x0E, 0x71, 0x4B, 0xA2,
    0x25, 0xE0, 0x38, 0x70, 0x4F, 0x5B, 0x3E, 0x78, 0x65, 0xBF, 0x57, 0x93, 0xEF, 0x6D, 0x9A, 0xED,
    0xEE, 0xDE, 0x55, 0x5E, 0x7E, 0x5D, 0x8F, 0x4C, 0x2E, 0x3F, 0x0D, 0xB2, 0x2E, 0x45, 0xF5, 0xA1,
    0x3E, 0x82, 0x94, 0x18, 0x99, 0x81, 0x9D, 0x67, 0x14, 0xB2, 0x55, 0x7A, 0x8F, 0x6D, 0xF9, 0x55,
    0x3C, 0x71, 0xE1, 0x4B, 0xDD, 0xFE, 0xB9, 0xF9, 0x20, 0xD1, 0x1B, 0xBE, 0x1A, 0xAA, 0xC9, 0x21,
    0x5B, 0x43, 0x37, 0x81, 0xB3, 0xE8, 0xEC, 0xCE, 0x26, 0x9C, 0xD9, 0x46, 0x2C, 0x5C, 0x35, 0xAB,
    0x18, 0xCD, 0x7A, 0x15, 0x9E, 0x71, 0xA6, 0xCD, 0xBE, 0xAC, 0x15, 0x6D, 0x5B, 0xA6, 0x56, 0x55,
    0xC8, 0x9D, 0x48, 0xC6, 0xC0, 0x30, 0xFD, 0x5B, 0xAB, 0x61, 0x51, 0xC9, 0x47, 0x84, 0x6A, 0xCB,
    0x60, 0xAC, 0xFE, 0xBA, 0x1C, 0x0A, 0x76, 0x05, 0x05, 0x86, 0x99, 0x3D, 0x85, 0x1A, 0x45, 0x9E,
    0x9B, 0x29, 0x3A, 0xAD, 0xB0, 0xDC, 0x1E, 0x8D, 0xFC, 0x43, 0x3F, 0xD6, 0x92, 0x5A, 0xEA, 0x8A,
    0x2C, 0x99, 0xCE, 0x23, 0x8C, 0xC9, 0x27, 0xE0, 0xC9, 0xF8, 0x8B, 0x60, 0x35, 0x2C, 0xD3, 0xF8,
    0x1C, 0x13, 0x6F, 0xD4, 0xDA, 0x71, 0xDF, 0xA9, 0x02, 0x32, 0x2E, 0xF9, 0xF7, 0x0F, 0x32, 0x93,
    0xBC, 0xB4, 0xE6, 0xD6, 0x00, 0x67, 0x22, 0x41, 0x26, 0xB0, 0x7C, 0x1F, 0xDA, 0xC2, 0x96, 0xF0,
    0x93, 0x2F, 0x32, 0x1A, 0xD3, 0x45, 0xB6, 0x62, 0x39, 0x0F, 0xAD, 0x40, 0xFA, 0x7E, 0x29, 0xD2,
    0xC0, 0xAB, 0x11, 0x66, 0x34, 0x4D, 0xC9, 0x8D, 0xCF, 0x1F, 0x0D, 0x8B, 0x38, 0xDD, 0xF4, 0x2B,
    0x56, 0xA7, 0x43, 0x59, 0xB1, 0xE6, 0xE4, 0xE0, 0x4D, 0xB7, 0x40, 0xD3, 0xA8, 0xDE, 0x20, 0x9A,
    0x50, 0xD9, 0x9C, 0x67, 0x48, 0x4B, 0xD5, 0x6D, 0x20, 0x64, 0x33, 0x20, 0x21, 0x90, 0x80, 0x80,
    0xA8, 0xF6, 0xA8, 0xB4, 0x95, 0xB3, 0x30, 0x08, 0xC4, 0x8D, 0x39, 0x01, 0x71, 0xC7, 0x2C, 0x0F,
    0xBF, 0x0E, 0x7C, 0x81, 0x5E, 0xD9, 0x24, 0x8D, 0x2C, 0x21, 0xC5, 0xA4, 0x59, 0x37, 0xC8, 0x1B,
    0x53, 0xAD, 0x76, 0x53, 0x4F, 0xAC, 0x7B, 0x5B, 0x79, 0x18, 0x66, 0x17, 0xA3, 0x9C, 0xB1, 0x86,
    0x70, 0xBA, 0x34, 0x98, 0x54, 0x91, 0x5B, 0x18, 0x42, 0x19, 0x51, 0x7F, 0x09, 0x50, 0x3E, 0x28,
    0xDA, 0xB4, 0x1D, 0xAF, 0x0D, 0x84, 0x5F, 0x5B, 0x71, 0x71, 0x26, 0xBC, 0xC1, 0x09, 0x16, 0xCE,
    0x01, 0xCB, 0xCD, 0x8C, 0x3C, 0xD8, 0xCE, 0x59, 0xA4, 0x8B, 0x70, 0x6D, 0x3E, 0x6D, 0xDB, 0x7A,
    0xFE, 0xAB, 0xD8, 0xEF, 0xF1, 0xC7, 0x2F, 0xBB, 0xDD, 0x14, 0x0E, 0x1A, 0x67, 0xD8, 0xC2, 0x54,
    0xC5, 0xD4, 0xD4, 0x10, 0x18, 0x4F, 0x2C, 0x78, 0x70, 0xD3, 0x32, 0x2A, 0x06, 0x5F, 0xFD, 0x17,
    0xA6, 0xE2, 0x9F, 0x0D, 0xA8, 0xDA, 0x3B, 0x84, 0x50, 0xC1, 0xD3, 0xD6, 0xEC, 0x9A, 0x3A, 0x98,
    0x72, 0xC4, 0x22, 0x0A, 0x72, 0xFA, 0x5A, 0x83, 0x29, 0x25, 0x14, 0xFE, 0x3E, 0x4B, 0x78, 0xF7,
    0xC5, 0x4B, 0xFC, 0x33, 0xB7, 0xFC, 0xF7, 0xD2, 0x4A, 0x98, 0xF8, 0xF4, 0x7C, 0x7A, 0x5A, 0xBA,
    0x29, 0x4F, 0x18, 0xDF, 0x77, 0x2C, 0x56, 0xED, 0x93, 0x71, 0xF5, 0xB3, 0x7C, 0xA2, 0x79, 0xE4,
    0xB6, 0x75, 0x82, 0x9B, 0xF2, 0xD6, 0x31, 0x71, 0x3A, 0xCE, 0xD7, 0x1F, 0x62, 0x5A, 0x88, 0xD7,
    0x5F, 0xBC, 0xE6, 0xE2, 0xEB, 0xCC, 0x19, 0xC2, 0x8F, 0xBE, 0x74, 0xCD, 0xBE, 0x09, 0x58, 0x47,
    0x20, 0x79, 0xF7, 0x3D, 0x58, 0xAC, 0x88, 0x85, 0x14, 0x01, 0x80, 0x11, 0x01, 0xF3, 0xC7, 0x5C,
    0xAD, 0x7E, 0x16, 0x57, 0x73, 0xF9, 0xCC, 0x95, 0x03, 0xDE, 0xBE, 0x86, 0xF7, 0x6E, 0x87, 0x64,
    0xA4, 0x0A, 0xAF, 0x45, 0x8E, 0x48, 0x58, 0x0E, 0x05, 0x83, 0x26, 0x09, 0x53, 0xA7, 0xA2, 0x71,
    0xA0, 0xE3, 0x03, 0xE9, 0x70, 0xA0, 0x70, 0x4E, 0x61, 0x35, 0xDD, 0x8D, 0xD2, 0x9F, 0xD0, 0xC6,
    0x4F, 0x5D, 0x95, 0xF6, 0x61, 0xAA, 0x03, 0x6E, 0x64, 0x71, 0x71, 0xE5, 0x47, 0xB7, 0x0E, 0x3E,
    0xEF, 0x49, 0x25, 0xAE, 0x4E, 0x27, 0x18, 0xCF, 0xDF, 0x0B, 0x27, 0x82, 0x89, 0x82, 0xD3, 0x35,
    0x4D, 0x4F, 0x85, 0xB6, 0x0E, 0x90, 0x77, 0x78, 0x1B, 0x13, 0x85, 0x61, 0xAE, 0x47, 0xF0, 0x35,
    0xB9, 0x27, 0x77, 0xCA, 0x0A, 0xA9, 0x5F, 0x4F, 0x8A, 0x82, 0x83, 0x52, 0xFA, 0x6E, 0xED, 0x94,
    0xF0, 0xD4, 0x87, 0xBA, 0xD2, 0x70, 0xC4, 0x1A, 0x7C, 0xFC, 0x45, 0xE1, 0xB2, 0x4A, 0xF4, 0x59,
    0xF0, 0x31, 0x59, 0xF7, 0x0C, 0x6A, 0x9D, 0x60, 0xAD, 0xCE, 0x7B, 0x36, 0x63, 0xE7, 0x0B, 0x3D,
    0xC7, 0xA3, 0x1F, 0x25, 0x63, 0x3E, 0x15, 0x59, 0xF5, 0x15, 0xAA, 0xD3, 0xC1, 0xB3, 0xEB, 0xBC,
    0xF7, 0xFC, 0xB9, 0xEC, 0xA6, 0xBA, 0xD5, 0xAD, 0x8D, 0xD6, 0x0E, 0xA4, 0xFA, 0x49, 0x28, 0x81,
    0x3A, 0xBA, 0x88, 0x58, 0x0A, 0x4E, 0x0C, 0x86, 0x54, 0x32, 0x42, 0xF8, 0x96, 0xCA, 0x01, 0x8A,
    0xC4, 0x89, 0x9E, 0xD9, 0xC2, 0xCE, 0x7D, 0x8E, 0x34, 0x5F, 0x3A, 0x55, 0x2A, 0x99, 0x74, 0x7B,
    0x53, 0x26, 0x67, 0x07, 0x72, 0x34, 0x55, 0x5B, 0xEE, 0xBC, 0x49, 0x60, 0x3F, 0x8A, 0x7C, 0x99,
    0x8D, 0xF8, 0x29, 0xBB, 0x6A, 0x17, 0xBD, 0xD7, 0xF6, 0x42, 0xF8, 0xB2, 0x97, 0xA2, 0x9E, 0x9D,
    0x4D, 0x83, 0x70, 0xB7, 0x80, 0x07, 0xE2, 0xEB, 0x71, 0xBF, 0xF7, 0xFF, 0xE1, 0x5E, 0xCA, 0x85,
    0x6C, 0xC0, 0x01, 0x21, 0x6D, 0x9A, 0xC0, 0xA7, 0x06, 0xE0, 0x5D, 0x57, 0xB8, 0x37, 0xE1, 0xCE,
    0x4F, 0x5F, 0x16, 0xD5, 0x5F, 0xC3, 0x76, 0x32, 0xA0, 0x49, 0x98, 0x8A, 0x50, 0x2E, 0x77, 0x22,
    0x43, 0x3E, 0x23, 0xFF, 0x95, 0x75, 0x62, 0xC5, 0x0E, 0x6B, 0x1A, 0xC1, 0xA4, 0x5F, 0xAA, 0xEE,
    0x79, 0xEB, 0x07, 0x8D, 0x69, 0xF1, 0x1C, 0xAC, 0xFD, 0x80, 0x44, 0x4D, 0x43, 0x48, 0x06, 0x9B,
    0xCA, 0x48, 0x7B, 0xBB, 0x33, 0x75, 0x3A, 0x01, 0x04, 0x28, 0x72, 0x97, 0xDD, 0x78, 0x85, 0x19,
    0x27, 0x6D, 0xC9, 0xFA, 0x37, 0x63, 0xB6, 0xB5, 0x8D, 0x3A, 0x77, 0xC8, 0xA0, 0xC0, 0xD4, 0x0E,
    0xC2, 0xCC, 0x30, 0x7E, 0xEF, 0xF7, 0xD6, 0xF5, 0x67, 0x39, 0xFA, 0xAD, 0x55, 0xF5, 0x2F, 0x83,
    0x07, 0x7E, 0xFD, 0x26, 0x1E, 0xB8, 0x88, 0x07, 0x4E, 0xF9, 0xD0, 0xD3, 0x86, 0x46, 0x97, 0xEF,
    0xFE, 0x17, 0x7D, 0x7E, 0x32, 0xA8, 0x7E, 0xEB, 0x8C, 0xA8, 0xF5, 0x47, 0x25, 0x7E, 0xB8, 0xA8,
    0xF6, 0x84, 0xAA, 0x15, 0x77, 0x73, 0x68, 0x52, 0x19, 0xA1, 0x09, 0x4C, 0xDF, 0x6E, 0x01, 0x2D,
    0xD3, 0xE4, 0xE8, 0x81, 0xB0, 0xA2, 0x9B, 0x73, 0x99, 0xA7, 0xB3, 0xB3, 0xC1, 0x4F, 0x95, 0x9A,
    0x0A, 0x8C, 0xB5, 0x9C, 0xF9, 0xC8, 0xF7, 0x4B, 0x30, 0x8D, 0x4B, 0xB5, 0x39, 0xF2, 0xBD, 0x4F,
    0x9C, 0xF3, 0xD5, 0xC0, 0xA7, 0x4E, 0x21, 0xF7, 0xFA, 0x44, 0x7B, 0x57, 0xBB, 0x73, 0xED, 0x82,
    0xAB, 0xE4, 0x1E, 0x00, 0x6E, 0x50, 0xFC, 0x31, 0xA3, 0x26, 0x14, 0x1F, 0x2B, 0x48, 0x73, 0x97,
    0xC8, 0x26, 0x15, 0x91, 0x7A, 0x11, 0xA3, 0x56, 0x5D, 0x23, 0xBB, 0xE8, 0x04, 0x72, 0xA9, 0xF3,
    0xEF, 0xCB, 0x97, 0x66, 0x1A, 0x75, 0x53, 0x66, 0x8B, 0xCB, 0x2E, 0x29, 0xC7, 0xB2, 0xA4, 0xB0,
    0xE0, 0xE8, 0x24, 0xE4, 0x36, 0xD8, 0xEB, 0x25, 0x32, 0x7A, 0x6D, 0x39, 0x9E, 0x3E, 0xC9, 0x2B,
    0x10, 0x95, 0xF7, 0x5B, 0x44, 0x9A, 0xB3, 0xA5, 0x45, 0x76, 0xD5, 0x00, 0x09, 0xDD, 0x4B, 0x7E,
    0xC7, 0xB6, 0x2C, 0xDD, 0xA0, 0x17, 0xE5, 0x2D, 0xD5, 0x81, 0x5E, 0x19, 0x3F, 0x26, 0x14, 0xF2,
    0x44, 0xAC, 0xB7, 0x23, 0xAD, 0x01, 0x36, 0xE9, 0x7C, 0xE9, 0x25, 0x28, 0x2E, 0xD8, 0xD2, 0x54,
    0xD9, 0xF8, 0x0D, 0x55, 0x16, 0xFB, 0xE0, 0x2F, 0xA9, 0xA6, 0xD0, 0xDE, 0x59, 0x16, 0x60, 0x7F,
    0x58, 0xBD, 0x2A, 0xAB, 0xC3, 0xCB, 0x43, 0xCC, 0x16, 0x10, 0xAD, 0x5E, 0xBD, 0xC7, 0xA9, 0xC8,
    0x14, 0xB2, 0xA6, 0x06, 0xDF, 0x13, 0x25, 0x20, 0x1F, 0xB3, 0x5E, 0x44, 0xEA, 0xAD, 0xB8, 0x48,
    0x8B, 0x97, 0x44, 0xDC, 0x3D, 0x11, 0xC4, 0xC1, 0x4A, 0xF4, 0xE8, 0x78, 0x17, 0xED, 0x36, 0x55,
    0x9C, 0xBD, 0x10, 0xA8, 0xDD, 0x8F, 0x5A, 0x68, 0xB2, 0xD7, 0xC9, 0x57, 0xE5, 0xDC, 0x6E, 0x28,
    0xFF, 0x78, 0x51, 0xDE, 0xC8, 0xF8, 0xFD, 0x42, 0x32, 0xE6, 0xDD, 0x42, 0x6D, 0x75, 0xB3, 0xAE,
    0xB6, 0x8B, 0xA7, 0x5F, 0xDA, 0x14, 0xB3, 0x9C, 0x5D, 0xC9, 0x7F, 0xA7, 0xBF, 0x1E, 0xE6, 0xE3,
    0xA1, 0xD9, 0x3F, 0xB2, 0xA5, 0xFA, 0xD4, 0x4C, 0x2D, 0x68, 0x1E, 0xA7, 0x60, 0xBE, 0xA0, 0xF5,
    0xE8, 0x9F, 0x60, 0xE9, 0xE0, 0xFF, 0x2A, 0xFF, 0xFD, 0x5C, 0xBE, 0x1E, 0x9E, 0x07, 0xE1, 0xEC,
    0xF6, 0xAA, 0x62, 0x5F, 0xBB, 0x44, 0xE6, 0x75, 0x21, 0xE8, 0xBC, 0x80, 0x7A, 0xC1, 0xA6, 0x33,
    0xCD, 0xEB, 0xE7, 0x36, 0xA1, 0x0F, 0xB8, 0x3F, 0x7F, 0xA4, 0x79, 0xC3, 0x0F, 0xF3, 0x8F, 0x1F,
    0xC2, 0x1F, 0x9F, 0xF8, 0x7A, 0x5F, 0xE7, 0x18, 0x2D, 0xCE, 0x71, 0x33, 0x17, 0x5D, 0xD9, 0x2C,
    0x2C, 0x9D, 0x70, 0x61, 0xFB, 0x6F, 0xEF, 0x51, 0xAF, 0x25, 0x5E, 0xD4, 0x6B, 0x99, 0x0A, 0x32,
    0x7D, 0x7D, 0x6A, 0x6E, 0x16, 0xE8, 0xBC, 0xA7, 0x4A, 0xF3, 0x3D, 0xC7, 0x8F, 0xB3, 0x7A, 0x27,
    0xA5, 0x6E, 0x36, 0x95, 0xA2, 0xB7, 0x66, 0x33, 0xC5, 0x5C, 0x1F, 0x89, 0x36, 0x80, 0x5B, 0x7C,
    0xE8, 0xBF, 0xE7, 0xC4, 0xB2, 0x0F, 0x63, 0xF7, 0xA7, 0x9D, 0xFB, 0xB4, 0x07, 0x27, 0xF2, 0xE3,
    0x53, 0x6F, 0x1D, 0xA3, 0x62, 0x80, 0x1F, 0xCB, 0xE0, 0xC8, 0xD7, 0xA2, 0x2A, 0xC5, 0x9C, 0x2C,
    0xEE, 0xA9, 0x4E, 0xFE, 0xAC, 0x5F, 0x9F, 0x9C, 0x99, 0x0E, 0xDD, 0x23, 0x41, 0xD4, 0x2C, 0x9C,
    0xD0, 0xDD, 0x64, 0x84, 0x9A, 0xEF, 0x16, 0x3B, 0xA3, 0x5C, 0x45, 0xF4, 0xAD, 0x2D, 0xCA, 0x02,
    0x20, 0x83, 0xD6, 0x78, 0x09, 0x15, 0xE3, 0x55, 0xBB, 0x38, 0xA3, 0xBF, 0x3C, 0x59, 0x37, 0x6B,
    0xFA, 0x20, 0xD3, 0xB8, 0x17, 0xE3, 0xEB, 0x7B, 0x35, 0x82, 0x97, 0x5F, 0xF8, 0xE3, 0x4F, 0xB4,
    0xC8, 0x1D, 0x62, 0xC9, 0xD5, 0xCA, 0x7C, 0x28, 0x56, 0x12, 0xBC, 0x37, 0x37, 0x70, 0xE8, 0x26,
    0x8C, 0x85, 0xD7, 0xF3, 0xCF, 0xDD, 0x63, 0xD3, 0x14, 0xDD, 0x01, 0x58, 0x47, 0x42, 0xA6, 0xD6,
    0xA0, 0x6B, 0x0A, 0xDB, 0xDD, 0xA8, 0x84, 0x72, 0xED, 0xA9, 0xAA, 0xA1, 0x8D, 0x2F, 0x5C, 0x66,
    0x05, 0x94, 0x62, 0x1F, 0x9C, 0xCE, 0x0D, 0xBE, 0xBA, 0xB2, 0xA0, 0x68, 0x15, 0xBE, 0x63, 0x45,
    0x93, 0xE2, 0x6F, 0x1B, 0x8A, 0xF8, 0x86, 0xD5, 0x04, 0x7E, 0xB2, 0x33, 0x33, 0x2E, 0xAC, 0x6D,
    0x10, 0x17, 0xAC, 0x4B, 0x39, 0xDE, 0xB0, 0xAA, 0xA1, 0xAE, 0x33, 0xEC, 0xAC, 0x95, 0xF0, 0xD0,
    0x14, 0x5F, 0x1B, 0x8C, 0xC1, 0x54, 0xF9, 0x69, 0x32, 0xE7, 0x6C, 0x5E, 0x36, 0x50, 0xB4, 0xC6,
    0x55, 0x77, 0xFC, 0x05, 0x60, 0x35, 0x1C, 0xCB, 0xB9, 0x21, 0x5A, 0x30, 0xA5, 0xCD, 0x4C, 0x4D,
    0x4C, 0xEA, 0x93, 0x77, 0x6C, 0xBA, 0x54, 0xD3, 0x09, 0xB9, 0x93, 0x1E, 0x87, 0x85, 0x01, 0x7D,
    0x20, 0xC3, 0x46, 0x55, 0x9E, 0xCD, 0x4E, 0x9B, 0x81, 0x89, 0xFA, 0x11, 0x8E, 0xAB, 0x97, 0x20,
    0xB4, 0x5B, 0x2B, 0x7F, 0xBB, 0xCF, 0x1F, 0x2C, 0xC7, 0x4D, 0x34, 0x91, 0x12, 0x4E, 0xAA, 0xAB,
    0x0B, 0x5C, 0x1C, 0xC0, 0x3C, 0x33, 0x2E, 0xFA, 0x04, 0x66, 0x3E, 0xF6, 0xB8, 0xB8, 0x25, 0x60,
    0x3E, 0x07, 0x6E, 0xD6, 0x69, 0xE6, 0xA6, 0xA2, 0xB8, 0xF3, 0x56, 0x0B, 0x1B, 0x96, 0x5D, 0xA4,
    0xE0, 0xF9, 0xF1, 0x56, 0xDE, 0x3D, 0x96, 0x6B, 0x45, 0x55, 0x39, 0xE3, 0x4A, 0x14, 0xD8, 0xED,
    0xC0, 0xE2, 0x01, 0x9E, 0xBB, 0xD0, 0x80, 0x23, 0xE7, 0xA0, 0x48, 0xC2, 0x0A, 0xD7, 0xAC, 0x1A,
    0x8C, 0xBD, 0x3A, 0xF8, 0xFA, 0x94, 0x32, 0x9B, 0x2C, 0x6A, 0x85, 0x2F, 0x7A, 0x53, 0xA5, 0x50,
    0x4F, 0x52, 0x1A, 0x9E, 0xEF, 0xAB, 0x19, 0xD6, 0x1B, 0x81, 0xAF, 0xDE, 0xB9, 0x65, 0xE5, 0x13,
    0xB7, 0x62, 0x71, 0x68, 0x4B, 0x63, 0x1E, 0x0C, 0xB9, 0x93, 0xE0, 0x35, 0xED, 0xFD, 0xEB, 0x54,
    0xE2, 0x04, 0xD6, 0x3B, 0xDA, 0x2B, 0xAC, 0xDD, 0xDD, 0x6B, 0x6E, 0x57, 0x22, 0x8C, 0xE8, 0x58,
    0x79, 0x34, 0x3D, 0x01, 0xB6, 0x6E, 0x2C, 0x28, 0x87, 0x19, 0xE6, 0xB0, 0xBE, 0xEE, 0x0D, 0xB6,
    0x7E, 0x9E, 0x55, 0xF9, 0x0B, 0x9D, 0x98, 0x3A, 0xD6, 0xCA, 0xFD, 0x04, 0xA9, 0x88, 0x59, 0x52,
    0x08, 0x14, 0xE9, 0x7C, 0xBB, 0xD0, 0xBD, 0xA1, 0xF3, 0xF0, 0x09, 0x52, 0x28, 0x9A, 0x52, 0xD0,
    0x06, 0x81, 0x7F, 0x61, 0x38, 0x82, 0x6F, 0xB2, 0x0B, 0x59, 0xA0, 0xC7, 0x2A, 0xF2, 0xF8, 0x8B,
    0x64, 0xC5, 0x77, 0x7D, 0xB7, 0xC1, 0x86, 0xB7, 0x47, 0xEF, 0xD6, 0x77, 0xD6, 0xA8, 0xC7, 0xF3,
    0xE5, 0xE7, 0x90, 0x16, 0xF3, 0xDC, 0x6B, 0x00, 0xB0, 0xC3, 0x04, 0x8C, 0x7C, 0xC4, 0xD8, 0xB1,
    0xE8, 0xE7, 0xE1, 0xB3, 0x3C, 0xA0, 0x0B, 0x86, 0x72, 0xE2, 0xE1, 0x7C, 0xFC, 0x9E, 0x35, 0x9B,
    0x5A, 0x16, 0xA7, 0x1C, 0x98, 0xE6, 0xBC, 0x80, 0xBC, 0xE8, 0x53, 0x54, 0x40, 0xE1, 0x19, 0x2A,
    0x0E, 0x8F, 0x34, 0x8F, 0x4D, 0xD4, 0xB3, 0x17, 0xB4, 0x7C, 0xF5, 0x50, 0xC3, 0xBB, 0x55, 0x45,
    0x9E, 0x20, 0x89, 0x76, 0x4B, 0x06, 0x5F, 0x21, 0x64, 0x04, 0xDC, 0x08, 0xD1, 0x07, 0x46, 0xCA,
    0x92, 0xCE, 0x12, 0x87, 0x89, 0x3C, 0x72, 0x75, 0x83, 0x08, 0xD3, 0x4F, 0x90, 0xB1, 0x94, 0xAB,
    0x77, 0xE7, 0x58, 0xFB, 0x4D, 0x20, 0xA6, 0xB7, 0x41, 0x47, 0x0D, 0xCD, 0x78, 0x20, 0x7A, 0xAC,
    0xD9, 0xEB, 0x8B, 0x66, 0x11, 0x56, 0x52, 0xA0, 0x43, 0x17, 0x2E, 0xD7, 0xCD, 0x75, 0x39, 0x71,
    0x2F, 0x6F, 0x9A, 0x88, 0xE5, 0x8D, 0xAE, 0x96, 0xF7, 0xD9, 0xC4, 0xA5, 0xB0, 0xF2, 0xD8, 0x72,
    0x73, 0xAD, 0xA6, 0xB6, 0x3B, 0x86, 0xC1, 0x68, 0x9A, 0x72, 0xD9, 0x9C, 0xAE, 0x68, 0x65, 0x32,
    0xF1, 0xCC, 0x32, 0xA7, 0x9B, 0xBD, 0x12, 0x52, 0xDB, 0x7D, 0x0F, 0xF0, 0x7E, 0x0D, 0xDA, 0x21,
    0x98, 0x2F, 0xCF, 0xFD, 0xCB, 0x69, 0xF9, 0xA3, 0xC9, 0x02, 0x03, 0x99, 0x79, 0x80, 0xD9, 0x5C,
    0xA9, 0x07, 0xE9, 0xA5, 0x8D, 0x67, 0x60, 0x51, 0xAD, 0xAB, 0xD9, 0x21, 0xF5, 0x6F, 0xED, 0xDE,
    0xFD, 0x46, 0x61, 0x29, 0x2A, 0xF7, 0xCB, 0x25, 0xD8, 0x9E, 0xA1, 0x85, 0xC7, 0x67, 0x65, 0x2A,
    0x74, 0x7B, 0x99, 0x0A, 0xDC, 0xBE, 0x86, 0xDB, 0x87, 0x92, 0x6B, 0x87, 0x7A, 0xB3, 0xD4, 0x0F,
    0x45, 0xD8, 0x44, 0xC4, 0xEA, 0x57, 0x40, 0xCD, 0x01, 0x3C, 0xA7, 0xDB, 0xB7, 0xCA, 0xCE, 0xDC,
    0xBE, 0xD5, 0x15, 0xF7, 0xC6, 0xA5, 0x45, 0x27, 0x09, 0xE7, 0xEB, 0x9B, 0x7D, 0x28, 0xDB, 0x77,
    0x9A, 0xB2, 0x01, 0xB5, 0x40, 0xE5, 0x86, 0x73, 0x6E, 0xB8, 0x0C, 0x36, 0x02, 0x5A, 0xBD, 0xC5,
    0x17, 0x99, 0xFD, 0x0B, 0x73, 0x2A, 0xC6, 0xA7, 0xDC, 0x9D, 0x4B, 0x0C, 0xB4, 0x63, 0x5E, 0x9B,
    0x07, 0x1B, 0x31, 0xF3, 0xF6, 0xFD, 0x34, 0xBB, 0xB4, 0xBB, 0x0F, 0x91, 0xFD, 0x37, 0x13, 0xE7,
    0xA3, 0x2D, 0xA2, 0x66, 0xB5, 0xAD, 0x7E, 0xAE, 0x91, 0x37, 0xB2, 0x3B, 0x1C, 0xAB, 0xE4, 0x26,
    0x3D, 0x4B, 0x8F, 0xF5, 0xDE, 0xA3, 0xB9, 0x66, 0xDD, 0xAB, 0x35, 0xCB, 0x5E, 0xE9, 0x03, 0xFE,
    0xA8, 0x9D, 0xEE, 0x92, 0xC6, 0x2F, 0x1D, 0xDA, 0xC0, 0xE9, 0x5C, 0xB7, 0x7B, 0x95, 0xCE, 0xD4,
    0xA8, 0x7D, 0xDC, 0xFA, 0xDD, 0x41, 0x11, 0x58, 0xB9, 0x80, 0xF5, 0x98, 0xD1, 0x76, 0x4F, 0xD6,
    0x55, 0xD2, 0xCD, 0x68, 0x80, 0x89, 0x63, 0xF3, 0xBB, 0xF4, 0x60, 0x7C, 0x8F, 0xBA, 0xBB, 0x57,
    0x35, 0x7F, 0x7D, 0xD3, 0x2A, 0xC8, 0x53, 0x8D, 0xEE, 0x75, 0x73, 0x8A, 0x14, 0xE5, 0x6F, 0x8C,
    0xD3, 0x5E, 0x46, 0x42, 0x46, 0xDE, 0x82, 0x8B, 0x20, 0x87, 0x01, 0x32, 0x0E, 0x52, 0x0E, 0x39,
    0x0C, 0x48, 0xC3, 0x80, 0x4B, 0xBC, 0x6C, 0xF6, 0xE8, 0x72, 0xAD, 0xF8, 0x93, 0xA4, 0x40, 0xCC,
    0x5A, 0xBD, 0x48, 0x9A, 0x66, 0x9F, 0x6A, 0x2A, 0x49, 0xAC, 0xB7, 0xC7, 0x7C, 0xFB, 0x65, 0x01,
    0x40, 0xEB, 0x01, 0x22, 0x23, 0xE0, 0xD5, 0x5A, 0xA5, 0x0A, 0x05, 0x80, 0xAF, 0x09, 0xCB, 0x56,
    0xD6, 0xBD, 0xD9, 0xF5, 0xE0, 0x3F, 0xEA, 0x64, 0x5F, 0x67, 0xD7, 0xD5, 0x57, 0xBE, 0xDD, 0xFD,
    0x36, 0x35, 0x33, 0x91, 0x99, 0xA6, 0xB9, 0x27, 0xEA, 0xC6, 0xB8, 0xE8, 0x2B, 0x25, 0xCA, 0xF8,
    0x96, 0xD7, 0x1C, 0xE2, 0xDE, 0xAB, 0x7B, 0xA1, 0x02, 0x71, 0x6A, 0xAF, 0x63, 0xA4, 0xAD, 0xD7,
    0x2A, 0x56, 0x5D, 0xDA, 0xE4, 0xC1, 0x5E, 0x29, 0x33, 0xD3, 0x04, 0x9C, 0x9B, 0x4A, 0x92, 0xDE,
    0x75, 0x7F, 0x67, 0x0C, 0x48, 0x4E, 0x63, 0x6A, 0x26, 0x12, 0x6B, 0xFE, 0xDF, 0x44, 0xF8, 0x2B,
    0xF6, 0x0A, 0x82, 0x03, 0x61, 0xC5, 0xE2, 0x89, 0xB0, 0x73, 0xD7, 0x74, 0x5B, 0xF8, 0xF4, 0x5B,
    0xDF, 0x65, 0xB2, 0x20, 0x3A, 0x8A, 0x45, 0x73, 0x43, 0x67, 0x94, 0x95, 0xF7, 0x2C, 0x3E, 0x54,
    0x33, 0xF5, 0x4B, 0xB7, 0x83, 0x0D, 0xAD, 0x58, 0xF2, 0x56, 0x15, 0xB9, 0x94, 0x85, 0x7C, 0x7D,
    0x72, 0xBE, 0xD9, 0x0E, 0x0B, 0xDB, 0xC3, 0x2D, 0x6D, 0x9E, 0xE0, 0xC1, 0x7A, 0xED, 0x72, 0x7C,
    0xE1, 0x84, 0x8E, 0xAB, 0x7E, 0xC7, 0x58, 0x14, 0xDB, 0xB2, 0x26, 0x77, 0x07, 0x72, 0xAB, 0x67,
    0xBE, 0xB2, 0x3A, 0x81, 0xFF, 0x54, 0x26, 0xAB, 0x05, 0xD7, 0xD2, 0x46, 0xD3, 0xE3, 0xD4, 0x7E,
    0x72, 0x45, 0x5A, 0x47, 0xB2, 0x01, 0xC1, 0x1A, 0x7E, 0xC4, 0x9D, 0xFC, 0x05, 0x1B, 0x25, 0x54,
    0x65, 0x95, 0xD6, 0x16, 0xD4, 0x94, 0xB1, 0x18, 0x0E, 0x97, 0x38, 0xD6, 0xFF, 0x7C, 0x61, 0x5B,
    0xF7, 0xC5, 0x69, 0xEC, 0xBD, 0xFA, 0xBE, 0xDE, 0x7D, 0x66, 0x67, 0xF1, 0x94, 0xDB, 0x4C, 0xE3,
    0x8D, 0x8D, 0xCF, 0xCB, 0xAE, 0x69, 0x06, 0x27, 0x2C, 0x28, 0x21, 0x80, 0x90, 0x28, 0x1A, 0xC5,
    0xA5, 0x36, 0x5B, 0x0D, 0x0E, 0xAD, 0xAA, 0x40, 0x27, 0x13, 0xA1, 0xF8, 0x62, 0xA5, 0x75, 0xB8,
    0xB2, 0xA8, 0x0B, 0x0C, 0xF6, 0xDD, 0xA9, 0xA6, 0x9E, 0x12, 0x55, 0x54, 0xE8, 0x72, 0x0F, 0xDC,
    0x72, 0x0F, 0xE3, 0x7B, 0xEC, 0xE1, 0x8D, 0xC5, 0x78, 0x11, 0xF1, 0x5A, 0xCF, 0x2A, 0xE8, 0xC7,
    0xB6, 0xFD, 0x22, 0x3F, 0xA7, 0x5D, 0x8C, 0xEB, 0x93, 0x47, 0x07, 0x1D, 0x85, 0xB5, 0x12, 0xE3,
    0xF1, 0x32, 0x33, 0x6D, 0x54, 0x9B, 0x42, 0x4D, 0x95, 0x92, 0xAE, 0x4E, 0xD4, 0x1F, 0x3D, 0x28,
    0x7C, 0x3D, 0x94, 0xB9, 0xC5, 0xAA, 0xD2, 0xD1, 0xEA, 0xB0, 0x44, 0x54, 0x51, 0x15, 0xAD, 0xD0,
    0xE2, 0x68, 0x65, 0x3F, 0xB3, 0xED, 0xD0, 0x43, 0x9B, 0x56, 0x8C, 0x43, 0x12, 0x26, 0x81, 0x12,
    0xBF, 0x0E, 0x29, 0x29, 0xE8, 0x27, 0x89, 0x50, 0x97, 0x02, 0xCC, 0x2E, 0xBB, 0xCE, 0x97, 0xDA,
    0x2B, 0x09, 0x89, 0x60, 0xB7, 0x6A, 0xAA, 0xA4, 0x0C, 0xFC, 0x25, 0xF3, 0xEB, 0x43, 0xE8, 0xC7,
    0x93, 0x32, 0xA8, 0x35, 0xCC, 0x96, 0xF7, 0x9A, 0xB5, 0xAD, 0x54, 0x87, 0xBA, 0xA3, 0x2D, 0x18,
    0x32, 0x4D, 0x15, 0x51, 0x64, 0x18, 0x00, 0x3D, 0x0F, 0x53, 0x11, 0x94, 0x45, 0x9E, 0xBB, 0x82,
    0xEA, 0x46, 0xE8, 0xE3, 0x3A, 0x78, 0xB9, 0xBD, 0x42, 0x69, 0x0F, 0x91, 0xA2, 0x06, 0x55, 0x93,
    0x97, 0x0C, 0xF4, 0xA2, 0x1C, 0xA5, 0x43, 0xEF, 0x1A, 0xA7, 0x2C, 0x54, 0xD5, 0x2D, 0x48, 0x5D,
    0x5A, 0x59, 0xF8, 0xF8, 0xD1, 0xBF, 0x7C, 0x6D, 0xF0, 0x7E, 0xB6, 0x72, 0x67, 0x66, 0x95, 0x52,
    0xB1, 0x5A, 0x55, 0x2B, 0xC3, 0x1B, 0xA2, 0xF0, 0xB8, 0x46, 0xFE, 0x5E, 0x67, 0xAC, 0x34, 0x55,
    0xAB, 0x5D, 0xEE, 0xFB, 0x2D, 0x6A, 0x1C, 0xE0, 0x20, 0xDA, 0x63, 0xC5, 0x30, 0x60, 0x5B, 0x96,
    0x73, 0xAB, 0x62, 0xBB, 0xD4, 0xD7, 0xF9, 0xFC, 0x52, 0x6B, 0x22, 0xA1, 0x5B, 0x64, 0x40, 0x04,
    0x9A, 0xC6, 0x5D, 0xE0, 0x69, 0xFD, 0x38, 0x46, 0xD6, 0xA0, 0x88, 0x07, 0xBA, 0xC0, 0x12, 0xF6,
    0x27, 0x43, 0x1C, 0xAC, 0x0B, 0xA6, 0xB6, 0x67, 0xD0, 0xA7, 0x2D, 0x69, 0x15, 0x28, 0x30, 0x74,
    0x19, 0xCA, 0xA0, 0x83, 0x44, 0xA8, 0x85, 0xAD, 0x1E, 0xE2, 0x81, 0x5A, 0x48, 0xE9, 0x9D, 0xC1,
    0x46, 0x6D, 0xA1, 0xAF, 0x49, 0x60, 0x0E, 0x8F, 0xB5, 0x51, 0x9E, 0x67, 0x85, 0xEB, 0x66, 0xFF,
    0xB9, 0xA9, 0xD1, 0x03, 0x26, 0x6E, 0x14, 0x51, 0x58, 0xF6, 0xE7, 0x94, 0x67, 0x69, 0x51, 0x9F,
    0xB0, 0xD6, 0xD7, 0x38, 0xFB, 0x96, 0x50, 0xD9, 0x05, 0x04, 0x0A, 0xE0, 0xB9, 0x7B, 0x15, 0xF8,
    0x85, 0x1F, 0x54, 0x9E, 0xDA, 0x36, 0x58, 0x72, 0xE8, 0xBE, 0x39, 0x12, 0x1E, 0xAA, 0x0A, 0x31,
    0x7B, 0x40, 0xAC, 0xD9, 0xE7, 0x55, 0x4D, 0xD1, 0xC1, 0xD2, 0x0E, 0x58, 0xBD, 0x23, 0xA5, 0x5A,
    0xEA, 0x14, 0x56, 0x6E, 0x02, 0x96, 0x76, 0x8F, 0x65, 0x34, 0x15, 0x33, 0xA9, 0x01, 0xB3, 0xFA,
    0x39, 0x8A, 0x59, 0x52, 0x46, 0xE7, 0x61, 0x48, 0xA8, 0x50, 0x7F, 0x30, 0x18, 0x38, 0x4E, 0x51,
    0xE5, 0x40, 0x8F, 0xB2, 0x43, 0x8B, 0xE8, 0xB0, 0x80, 0x46, 0x68, 0xDF, 0x13, 0x48, 0x0C, 0x45,
    0xE1, 0xD0, 0x9E, 0x7A, 0xBB, 0x22, 0xCB, 0x73, 0x3F, 0xAC, 0x28, 0x28, 0xDC, 0x9B, 0x2F, 0x9B,
    0x5E, 0xF9, 0x9D, 0xE7, 0x4C, 0xE8, 0xBF, 0xF6, 0x0C, 0x51, 0x1F, 0xEE, 0x2B, 0xA5, 0xCF, 0x79,
    0x18, 0xA7, 0xE4, 0x07, 0x2B, 0x4B, 0x9A, 0x7B, 0x17, 0xFD, 0x05, 0x2A, 0x3A, 0xD1, 0xF8, 0x04,
    0x9D, 0xC6, 0xD1, 0xF0, 0x6C, 0x6A, 0xE5, 0xEB, 0x5E, 0x48, 0x2C, 0x77, 0xEB, 0x5B, 0x74, 0x47,
    0x27, 0x96, 0xD8, 0x40, 0x58, 0x41, 0x41, 0x5B, 0xC8, 0x9A, 0x4A, 0x31, 0xBB, 0x21, 0x78, 0x44,
    0xCE, 0x18, 0xF7, 0x06, 0x0E, 0x61, 0x25, 0x23, 0xA0, 0x14, 0x58, 0xC5, 0x13, 0x02, 0x5F, 0xCF,
    0x69, 0x2B, 0x97, 0x03, 0xFA, 0x8C, 0x16, 0x0F, 0x08, 0x6E, 0x68, 0xD3, 0xDE, 0x1F, 0x7F, 0xB1,
    0xDD, 0xCA, 0x05, 0xF9, 0xE1, 0xAB, 0xD0, 0x4F, 0xDF, 0xFC, 0x0A, 0x6A, 0xBE, 0x7C, 0xA7, 0xE4,
    0x7A, 0x08, 0x78, 0x05, 0xAD, 0x6D, 0xC8, 0x4D, 0x43, 0x77, 0xC4, 0x68, 0xEF, 0x67, 0x19, 0x90,
    0x7E, 0x42, 0xD5, 0x49, 0x5D, 0x03, 0xE0, 0xC8, 0x0F, 0xA5, 0x8C, 0x84, 0x58, 0xB5, 0xD7, 0xD8,
    0xD9, 0xDC, 0x77, 0x84, 0xB2, 0x12, 0x58, 0xA0, 0xCD, 0x02, 0x63, 0xA8, 0x55, 0xF0, 0x53, 0x34,
    0x7B, 0x37, 0x4A, 0x95, 0xAA, 0xD7, 0xC1, 0x58, 0xE5, 0x06, 0x5F, 0xC2, 0x22, 0x74, 0xBB, 0x45,
    0x8B, 0x7B, 0x92, 0x37, 0xAA, 0xDA, 0xD0, 0x0E, 0xAD, 0xB6, 0xE6, 0xC2, 0xB1, 0x1B, 0x55, 0xD8,
    0x8D, 0x7A, 0xEA, 0xFE, 0x37, 0xCA, 0x6A, 0xEB, 0xC6, 0x83, 0xDD, 0xA8, 0xFE, 0xC4, 0x8D, 0xEA,
    0xEC, 0x46, 0xB5, 0x76, 0xA3, 0x1A, 0xBB, 0x51, 0x8D, 0xDD, 0xA8, 0x06, 0x7D, 0x8E, 0xB4, 0x1B,
    0x40, 0x44, 0x2C, 0x72, 0x65, 0x37, 0xAA, 0x40, 0xE9, 0x21, 0x18, 0x21, 0x4C, 0xBD, 0x5E, 0xBB,
    0x93, 0x4D, 0xA1, 0x99, 0xD9, 0xC4, 0x18, 0xED, 0xB9, 0x7C, 0xF8, 0xC2, 0x6C, 0x7E, 0x77, 0x68,
    0x35, 0xAE, 0xF7, 0x08, 0x70, 0x44, 0xCD, 0x01, 0xC1, 0x3D, 0xAA, 0xA7, 0x7B, 0xB4, 0xF2, 0xF7,
    0x08, 0x42, 0xFE, 0x07, 0xC5, 0xE2, 0x1E, 0x21, 0xAA, 0x7D, 0xCD, 0x9D, 0x79, 0x8F, 0x70, 0x83,
    0xF4, 0x1E, 0xB5, 0x8B, 0x7B, 0x84, 0xEA, 0x6F, 0xBC, 0x47, 0x2B, 0x8D, 0xFE, 0xE9, 0xB4, 0x42,
    0xDF, 0x3F, 0x59, 0x6E, 0x44, 0x24, 0x46, 0x78, 0xA1, 0xDE, 0xCE, 0x58, 0xCB, 0xB1, 0xE9, 0x8D,
    0x48, 0x60, 0x1C, 0x56, 0x9F, 0xD1, 0x3A, 0xD1, 0x3D, 0xFC, 0x53, 0x17, 0x74, 0x70, 0xC1, 0x63,
    0x5D, 0x7C, 0x98, 0xC2, 0x98, 0x83, 0xCC, 0x7E, 0x67, 0x96, 0x97, 0xD5, 0xA3, 0x76, 0xCD, 0x4B,
    0x5E, 0x42, 0x8F, 0x93, 0xA8, 0x36, 0xFC, 0xDF, 0x9B, 0x53, 0x4F, 0x78, 0x67, 0xA8, 0x2A, 0xD6,
    0x07, 0xB2, 0x7A, 0x68, 0x64, 0xEC, 0xAC, 0x5F, 0x3C, 0xE5, 0x08, 0x79, 0xE4, 0x00, 0x71, 0x1A,
    0x05, 0x31, 0x02, 0xA1, 0x01, 0xE8, 0x79, 0x23, 0xD8, 0x2F, 0x78, 0x30, 0x2C, 0x21, 0x21, 0x56,
    0xB2, 0x19, 0xE7, 0xB1, 0x45, 0xBA, 0xE2, 0x9E, 0x47, 0xA1, 0x2D, 0xDA, 0xEE, 0x1C, 0xA1, 0xE7,
    0x5A, 0x5C, 0x24, 0xDA, 0x3F, 0x48, 0x8B, 0xEF, 0x75, 0xE1, 0xEE, 0xB3, 0xA2, 0xE4, 0x00, 0xB3,
    0x21, 0x22, 0xC7, 0x23, 0xA5, 0xCA, 0xC6, 0x8C, 0x94, 0x77, 0x0C, 0xCA, 0x68, 0x35, 0x94, 0x8C,
    0xCC, 0x56, 0xB2, 0x18, 0x32, 0xFA, 0x97, 0xBD, 0xA3, 0xC4, 0x11, 0x40, 0x5C, 0xB0, 0xFF, 0x90,
    0xCB, 0xAC, 0x34, 0x35, 0xC9, 0x6A, 0x6B, 0xEB, 0xC1, 0x72, 0x76, 0x58, 0x0D, 0x3A, 0x59, 0xA8,
    0x95, 0x6C, 0xD7, 0xE4, 0xA7, 0xF4, 0xE7, 0x4D, 0x05, 0xD1, 0xD7, 0xDE, 0x9F, 0xE7, 0xAB, 0xBA,
    0xCC, 0xA9, 0xEF, 0x56, 0x04, 0xFD, 0x8D, 0xC3, 0xAB, 0xBC, 0xD9, 0xA6, 0x30, 0x6D, 0x7D, 0x9F,
    0xAA, 0xE8, 0x74, 0x17, 0x20, 0xDF, 0xDA, 0xCB, 0x27, 0x92, 0xEC, 0x77, 0x01, 0xDA, 0x6F, 0x07,
    0xF4, 0x40, 0x7F, 0x5E, 0xE6, 0xFD, 0x79, 0x95, 0xF7, 0xE7, 0x55, 0x27, 0x35, 0xD3, 0x49, 0xA5,
    0xCA, 0x4F, 0x29, 0x53, 0xE9, 0x29, 0x55, 0xF4, 0xC2, 0x42, 0x09, 0x8D, 0xC9, 0x6C, 0x12, 0xD6,
    0x94, 0x7A, 0xC4, 0x32, 0xA6, 0x50, 0x44, 0x25, 0x60, 0xB9, 0x12, 0x6C, 0x8A, 0x63, 0x75, 0x67,
    0x6E, 0x8F, 0x21, 0xDD, 0xB9, 0x47, 0xCF, 0x5F, 0xB1, 0x12, 0x26, 0xD0, 0xF0, 0xAC, 0x7E, 0x06,
    0xEC, 0x45, 0x16, 0x1A, 0xB2, 0x72, 0x4E, 0x56, 0x64, 0xC8, 0x42, 0xC2, 0x53, 0x03, 0x6F, 0xBD,
    0x5F, 0xDF, 0x24, 0x66, 0x1F, 0x51, 0xF0, 0x95, 0x37, 0x11, 0x6C, 0xB2, 0x2F, 0x9E, 0x01, 0xF7,
    0xA5, 0xE4, 0x7D, 0x28, 0x6E, 0x7C, 0xDE, 0x2D, 0x4C, 0xB2, 0x2A, 0xF0, 0x68, 0x1F, 0x23, 0x06,
    0x16, 0x96, 0x56, 0x6A, 0x00, 0xDF, 0x54, 0x72, 0x38, 0xBE, 0x66, 0x8D, 0xDF, 0x50, 0xA9, 0xC6,
    0xF6, 0xDB, 0x77, 0x7B, 0x75, 0xF5, 0xBA, 0x31, 0x92, 0x10, 0xEB, 0x6D, 0xA2, 0x89, 0x4B, 0x33,
    0x51, 0xCC, 0x54, 0x31, 0x93, 0xC5, 0x4C, 0x17, 0x53, 0x19, 0xB4, 0x05, 0x65, 0xCC, 0xA4, 0x31,
    0xD3, 0xC6, 0x4C, 0x1C, 0x33, 0x75, 0xCC, 0xE4, 0x31, 0x15, 0x66, 0x58, 0x10, 0xC8, 0x4C, 0x21,
    0x33, 0x89, 0x4C, 0x34, 0x32, 0x13, 0xC9, 0x4C, 0x25, 0x0B, 0x32, 0xB1, 0x3C, 0x86, 0x36, 0x61,
    0x81, 0xE9, 0x06, 0x27, 0x7C, 0xF7, 0x5A, 0xC3, 0x23, 0x0E, 0x01, 0xEE, 0x96, 0x3D, 0xA8, 0x59,
    0x7E, 0x79, 0xB3, 0x63, 0x59, 0xC1, 0x75, 0xE1, 0xFB, 0x3B, 0x59, 0xCB, 0x29, 0x66, 0x2D, 0x54,
    0x81, 0x3F, 0x69, 0x66, 0x2C, 0x64, 0xD3, 0x21, 0xCF, 0x4F, 0x9E, 0xB6, 0x3F, 0x6E, 0x7F, 0xDE,
    0x3C, 0xE9, 0x73, 0xF6, 0x64, 0x9A, 0x06, 0x35, 0xC3, 0x86, 0xC1, 0x42, 0x6B, 0x0B, 0x43, 0x21,
    0x33, 0x75, 0x4B, 0x50, 0x57, 0xE2, 0xE1, 0xA1, 0x9B, 0x1D, 0x1E, 0x66, 0x28, 0x4E, 0xCD, 0x45,
    0x16, 0xED, 0x45, 0x96, 0xBD, 0xE6, 0xA7, 0xCE, 0x22, 0x74, 0x31, 0x98, 0xDB, 0x8A, 0xC5, 0x76,
    0x32, 0xEF, 0x6A, 0x30, 0x00, 0x0D, 0xDB, 0x6F, 0x3C, 0xEC, 0xD5, 0xF8, 0xC8, 0x77, 0x90, 0xCD,
    0x7C, 0x59, 0x74, 0x26, 0xB8, 0xAE, 0x7C, 0xC2, 0x8A, 0x95, 0xE2, 0x5F, 0x50, 0x31, 0xAA, 0xAD,
    0x4F, 0x5D, 0xEA, 0xD9, 0x2A, 0xA1, 0xF0, 0xED, 0xA3, 0xFC, 0x10, 0xE8, 0xC6, 0xCA, 0xF7, 0x47,
    0xD1, 0x21, 0xD6, 0xC3, 0x96, 0x20, 0x8E, 0x5E, 0x8A, 0x2D, 0x9B, 0x85, 0xC8, 0x69, 0x2A, 0xB3,
    0xF6, 0xFD, 0x43, 0xB4, 0x3C, 0x3E, 0x5B, 0x83, 0x66, 0xF1, 0x1C, 0x59, 0x5B, 0xF4, 0x46, 0xF4,
    0x08, 0x9F, 0x5B, 0x53, 0x78, 0x7D, 0xDD, 0x4F, 0xFD, 0x77, 0xAC, 0x93, 0x10, 0x57, 0x3A, 0x61,
    0xED, 0x37, 0x62, 0x73, 0x7B, 0xF3, 0x69, 0x32, 0xC5, 0xD5, 0x50, 0x3A, 0x9E, 0xF6, 0xBF, 0x9A,
    0x9E, 0x8F, 0xB8, 0xBB, 0x87, 0x20, 0x30, 0xE4, 0xB8, 0x83, 0x4B, 0x7A, 0x67, 0x9B, 0xAF, 0x31,
    0xE5, 0xFD, 0x1C, 0xE6, 0x31, 0x2A, 0x7C, 0xB1, 0x29, 0xE8, 0x17, 0x2C, 0x81, 0xC5, 0xF2, 0x8C,
    0x70, 0x7B, 0x38, 0xE2, 0x00, 0x99, 0xF4, 0x0E, 0xE7, 0x07, 0x5C, 0x1F, 0xDE, 0xC7, 0xEF, 0x4B,
    0x39, 0xF8, 0x8A, 0x28, 0xBE, 0xAA, 0x68, 0x0E, 0xAB, 0x2D, 0xED, 0x58, 0x1B, 0xC7, 0x47, 0x1C,
    0x27, 0xB4, 0x92, 0xAE, 0xF7, 0x20, 0xA3, 0xD1, 0x06, 0xEF, 0x48, 0xC0, 0x0C, 0x0E, 0xD8, 0xAD,
    0x95, 0xF5, 0xAB, 0xBD, 0xCB, 0x1D, 0x8A, 0x27, 0xA9, 0xDA, 0x19, 0x22, 0xA2, 0xB0, 0x6F, 0xF3,
    0x72, 0x1D, 0x5F, 0x5E, 0xD6, 0xD1, 0x89, 0xAD, 0xFF, 0x60, 0xDE, 0xB0, 0x50, 0x8C, 0x9A, 0x07,
    0x7F, 0x86, 0x6A, 0xA4, 0xD1, 0xB8, 0x45, 0xB9, 0xEF, 0xA4, 0x67, 0x89, 0x35, 0x75, 0x8D, 0x03,
    0x86, 0xD7, 0xB0, 0x62, 0x39, 0xAA, 0x1E, 0xAA, 0xFB, 0x42, 0x33, 0x94, 0xF3, 0x9E, 0xD5, 0x4D,
    0xF3, 0x8E, 0x85, 0x43, 0xCA, 0x8E, 0x7D, 0x51, 0xF1, 0x04, 0x56, 0x8F, 0x78, 0x56, 0xFC, 0x1B,
    0x2B, 0x54, 0xB9, 0x58, 0xE3, 0xEF, 0x5F, 0xA1, 0x9F, 0x0B, 0xC0, 0x24, 0x00, 0x62, 0xD8, 0x39,
    0x39, 0x25, 0x46, 0xEF, 0x98, 0xFC, 0x4F, 0x0F, 0xEC, 0x8D, 0x6F, 0x21, 0x39, 0xC0, 0xC7, 0x7C,
    0x88, 0x4F, 0xF4, 0xA5, 0x57, 0xB5, 0x6A, 0xDA, 0x78, 0xB9, 0xB0, 0x44, 0x03, 0xCD, 0xE6, 0x42,
    0x8A, 0x48, 0x29, 0x67, 0x22, 0x73, 0x3B, 0x6A, 0x63, 0x24, 0x60, 0x69, 0x5A, 0x91, 0xBC, 0x6A,
    0xCA, 0x51, 0x9F, 0xAB, 0x37, 0x47, 0x5F, 0x1B, 0xBE, 0xC6, 0x78, 0x4D, 0x5B, 0xBC, 0xCA, 0x7F,
    0x49, 0x5B, 0x8A, 0x7E, 0x14, 0x1F, 0x2B, 0x58, 0x5F, 0x79, 0x78, 0x28, 0x33, 0xEC, 0xA0, 0xB5,
    0x1C, 0xFF, 0x67, 0xF9, 0xD8, 0x7F, 0x24, 0x95, 0x1D, 0xD5, 0xEF, 0x07, 0x75, 0x92, 0x3F, 0x18,
    0x75, 0x32, 0x7E, 0xC8, 0xA8, 0x93, 0x4D, 0x06, 0xCB, 0x2F, 0x52, 0x5D, 0xA7, 0x55, 0x7C, 0x82,
    0x2F, 0x36, 0x6C, 0x69, 0xB1, 0x07, 0xEE, 0xDD, 0xA5, 0x58, 0x25, 0x5A, 0xDD, 0x23, 0x00, 0x0D,
    0x3A, 0xCA, 0xC7, 0xEF, 0xB0, 0x69, 0x6E, 0x62, 0x28, 0xA2, 0xCE, 0xDF, 0xD2, 0xB3, 0xE0, 0x26,
    0xFD, 0x04, 0x37, 0xA9, 0xE5, 0x02, 0x9C, 0x33, 0xF7, 0x73, 0x7F, 0x3F, 0xB8, 0x49, 0x6A, 0x76,
    0xEC, 0x06, 0xC1, 0x30, 0x6D, 0xFF, 0xF6, 0x92, 0x15, 0xB8, 0x45, 0x71, 0x49, 0xC4, 0xF3, 0x20,
    0x18, 0x21, 0x24, 0x11, 0xB2, 0x53, 0x5F, 0xC9, 0xEA, 0x6B, 0xBD, 0xEF, 0xCE, 0x5E, 0x16, 0xBE,
    0x59, 0x5A, 0x6D, 0x3D, 0xD3, 0xE2, 0xBB, 0x57, 0xDD, 0xF3, 0x79, 0x95, 0x14, 0xA8, 0x9F, 0xC1,
    0x66, 0x69, 0x62, 0xBD, 0xA1, 0x67, 0xDA, 0x75, 0xF6, 0x4C, 0x7B, 0x58, 0xF7, 0xFA, 0xDC, 0xA9,
    0xBD, 0x4E, 0xF7, 0xF0, 0x36, 0x67, 0xF5, 0xC5, 0xD8, 0x8F, 0x22, 0xAC, 0x4F, 0x38, 0x78, 0xAB,
    0x07, 0x44, 0x11, 0x56, 0x27, 0x9B, 0xA5, 0x59, 0x05, 0x1F, 0x7E, 0xEC, 0x76, 0x2F, 0xD1, 0xC7,
    0x62, 0x9A, 0xFE, 0x51, 0x2F, 0x83, 0x22, 0x78, 0x68, 0xCD, 0x81, 0x8E, 0x46, 0x54, 0xA3, 0xB1,
    0x9E, 0x51, 0x44, 0xE6, 0xDB, 0xCE, 0xFD, 0x31, 0x0A, 0xB8, 0xBD, 0xF5, 0x39, 0xF7, 0x7F, 0x22,
    0x2D, 0xE7, 0x35, 0xA0, 0xA6, 0x61, 0xC6, 0x12, 0x87, 0xA8, 0x06, 0xD7, 0x6C, 0xDC, 0x0E, 0xB8,
    0xB0, 0xDD, 0xA2, 0xD2, 0x2C, 0x9B, 0x11, 0x58, 0xA5, 0x59, 0x56, 0x46, 0x88, 0x7D, 0x76, 0x15,
    0x41, 0x6E, 0x56, 0x47, 0x71, 0xDC, 0xAF, 0x34, 0xDB, 0x59, 0xB2, 0x55, 0x7E, 0xA2, 0xE4, 0xAC,
    0xA2, 0xA2, 0x1F, 0xB3, 0x7F, 0xBA, 0x8E, 0x1C, 0x8E, 0x95, 0x93, 0x4B, 0x95, 0x12, 0xDE, 0xAD,
    0xB5, 0x6E, 0x4E, 0x46, 0x70, 0xB7, 0xF5, 0x09, 0x00, 0x73, 0x96, 0x57, 0x7B, 0x29, 0xB3, 0xDE,
    0xB0, 0xE2, 0xBE, 0xA9, 0x81, 0x98, 0xCB, 0xFB, 0xCA, 0x0F, 0x73, 0xD7, 0xC6, 0xEE, 0x8E, 0x76,
    0x9A, 0x43, 0x37, 0x2A, 0xF6, 0x1A, 0xDA, 0xD0, 0x5D, 0x1E, 0xD6, 0x10, 0x1C, 0xD6, 0x69, 0x4E,
    0x03, 0xF7, 0x72, 0xB8, 0x37, 0xA8, 0x82, 0x58, 0xA7, 0x39, 0x9A, 0x81, 0xC8, 0xD7, 0x88, 0x07,
    0x38, 0x13, 0xA2, 0x31, 0xE5, 0xD1, 0xDD, 0xE2, 0xB1, 0x9A, 0x75, 0x52, 0x7F, 0xA0, 0x23, 0xDF,
    0x6F, 0x93, 0xC7, 0xD6, 0x05, 0x73, 0x9F, 0xC2, 0x4C, 0x53, 0xFB, 0xD1, 0xBE, 0xE1, 0xBC, 0x2F,
    0x77, 0xB9, 0xA2, 0x22, 0x9A, 0x16, 0xA8, 0xA4, 0x57, 0x04, 0x4C, 0xF6, 0x60, 0xAA, 0x87, 0xBC,
    0x5E, 0x84, 0x31, 0x7A, 0x0B, 0x77, 0x08, 0x4D, 0x51, 0x74, 0x0B, 0xD3, 0x56, 0x2F, 0x0A, 0xFD,
    0xD3, 0x69, 0xAB, 0xCB, 0x4B, 0xBA, 0x1B, 0x48, 0xCF, 0x25, 0x58, 0x8A, 0x30, 0xC2, 0x6A, 0xDF,
    0x1C, 0xDD, 0x8B, 0x03, 0x9F, 0x51, 0x3A, 0x99, 0x2E, 0x13, 0xC4, 0x5F, 0x7C, 0xF8, 0xA5, 0x0E,
    0x7E, 0x5E, 0x1B, 0x1E, 0xED, 0x6D, 0xF8, 0xB3, 0xDC, 0xCD, 0xC5, 0x86, 0x9F, 0x63, 0x8C, 0x29,
    0x66, 0xB8, 0x34, 0x99, 0x22, 0x41, 0x1F, 0x8D, 0x0D, 0x3F, 0x77, 0x6D, 0x3C, 0x5C, 0x84, 0xD6,
    0xDD, 0x07, 0xD9, 0x70, 0x98, 0xF8, 0x1B, 0x88, 0x20, 0x82, 0x3E, 0x95, 0x89, 0xAC, 0x58, 0x74,
    0x24, 0x03, 0xA8, 0x45, 0x0D, 0x60, 0x5A, 0x93, 0xD5, 0x9A, 0x69, 0xC9, 0xBB, 0x2D, 0x3B, 0xF1,
    0xB1, 0xA8, 0x9A, 0x1C, 0x04, 0xED, 0x0D, 0xF7, 0x6E, 0x6B, 0x09, 0x2C, 0xB5, 0x81, 0x72, 0x0A,
    0x73, 0x2D, 0x7B, 0x00, 0x57, 0x36, 0x81, 0x75, 0xA8, 0x41, 0xED, 0xAC, 0x70, 0x04, 0x2B, 0x07,
    0xBD, 0xEC, 0x5B, 0x09, 0x53, 0xBB, 0x18, 0x28, 0x78, 0x36, 0x2D, 0x8D, 0xD9, 0x68, 0xC7, 0x37,
    0x12, 0x61, 0x02, 0x78, 0x9E, 0xE3, 0x16, 0xB0, 0x13, 0x5F, 0xAB, 0x75, 0xA6, 0xD1, 0x01, 0x97,
    0xCF, 0xFE, 0xFD, 0x79, 0x1F, 0x4F, 0x79, 0x1D, 0x67, 0xEF, 0xA3, 0x56, 0xE1, 0xDD, 0x00, 0x42,
    0x2B, 0xD4, 0x7C, 0x24, 0x5A, 0xC9, 0x6D, 0x24, 0x8E, 0xE3, 0x4E, 0xC2, 0x7D, 0xFB, 0x5D, 0x64,
    0xA4, 0xFC, 0xA8, 0x9E, 0x70, 0x1B, 0x2C, 0x21, 0x61, 0x4E, 0xB6, 0x61, 0x5E, 0x38, 0xCA, 0xAB,
    0xAD, 0x80, 0x6E, 0x09, 0x7F, 0x08, 0xE3, 0x02, 0xD6, 0x7B, 0x0A, 0x96, 0x0F, 0xDF, 0x89, 0xF0,
    0xD9, 0x7C, 0xCC, 0x58, 0x23, 0xBB, 0xAC, 0x7C, 0x3E, 0x14, 0x7D, 0x1B, 0xF4, 0x0F, 0xA6, 0x0B,
    0x71, 0xAA, 0x97, 0xEB, 0x63, 0x21, 0x13, 0x1A, 0xFA, 0x29, 0x39, 0x5E, 0x51, 0x4F, 0x10, 0x50,
    0x7D, 0xEE, 0xFB, 0x7A, 0xEA, 0x2D, 0x12, 0x69, 0x95, 0x0F, 0x57, 0x5B, 0xB5, 0x74, 0x92, 0x42,
    0x1B, 0x5E, 0xEA, 0xED, 0x49, 0x54, 0x47, 0x42, 0x90, 0xED, 0xA2, 0xC2, 0x0C, 0xD0, 0x7B, 0x58,
    0x7B, 0x00, 0x20, 0x85, 0x33, 0x78, 0x58, 0xFD, 0xCB, 0x19, 0x95, 0xB8, 0x29, 0x2D, 0x64, 0x65,
    0xD1, 0x44, 0x93, 0x4D, 0x91, 0xEF, 0x18, 0xCB, 0xBB, 0x8E, 0x51, 0x3C, 0xF8, 0x50, 0x77, 0x32,
    0xF5, 0xC7, 0x9A, 0xDB, 0x63, 0x4D, 0x6D, 0x63, 0x49, 0x88, 0xEC, 0xF2, 0xDC, 0x7A, 0x66, 0x81,
    0xA8, 0x71, 0x3C, 0x78, 0x39, 0x98, 0x4C, 0x23, 0xDF, 0x8F, 0x87, 0x23, 0xCA, 0xC5, 0xBC, 0x0B,
    0x7C, 0x27, 0xC4, 0xE3, 0xC3, 0xC3, 0x2B, 0xAC, 0xF9, 0xE6, 0xCC, 0x78, 0xCC, 0xA7, 0x91, 0xAF,
    0x8A, 0x75, 0x46, 0x76, 0xCA, 0x1C, 0x1A, 0xE9, 0xCF, 0x18, 0x75, 0x67, 0x8C, 0x5A, 0x6B, 0x70,
    0x66, 0xF5, 0x68, 0x15, 0xE8, 0x11, 0xFF, 0xC8, 0xBD, 0x89, 0x3A, 0xB4, 0x4F, 0xBB, 0x57, 0x50,
    0x14, 0x4E, 0x73, 0x9B, 0x64, 0xE9, 0x17, 0x42, 0xF7, 0xA4, 0xA6, 0x50, 0x7D, 0x46, 0x54, 0xC4,
    0xAF, 0xA3, 0x56, 0x09, 0x0D, 0x37, 0xAC, 0x19, 0xFD, 0x08, 0x46, 0x2B, 0x1D, 0x30, 0x70, 0x91,
    0x49, 0xCF, 0x25, 0xA2, 0xB7, 0xCA, 0xCE, 0x7A, 0x1D, 0x55, 0xF4, 0xDB, 0xB1, 0x6B, 0x13, 0x2B,
    0x7D, 0xC8, 0xA1, 0xBD, 0x8D, 0xA7, 0xFB, 0xE6, 0xAB, 0xEE, 0x75, 0x14, 0x07, 0x5A, 0xB3, 0xF7,
    0x8E, 0x86, 0x8D, 0x2A, 0xD1, 0xBA, 0x8A, 0x20, 0x7F, 0xAB, 0xDA, 0x47, 0x28, 0x79, 0x04, 0xA0,
    0x47, 0x93, 0xE5, 0x7B, 0x30, 0xA5, 0x73, 0xA1, 0x2F, 0xB0, 0xD0, 0x2F, 0x0B, 0x2D, 0x80, 0x9A,
    0x4A, 0x4D, 0x97, 0x76, 0x8E, 0x8F, 0xF1, 0x9A, 0xBB, 0xAB, 0x99, 0xC6, 0xD6, 0x75, 0x31, 0x64,
    0x37, 0x76, 0xB3, 0xDD, 0xF4, 0xE1, 0x5D, 0x13, 0x93, 0x87, 0x42, 0x95, 0x4E, 0x95, 0xCA, 0x03,
    0x03, 0x06, 0x5C, 0x6B, 0xE2, 0xBC, 0x93, 0x33, 0x06, 0x94, 0xC7, 0x20, 0x1D, 0xEE, 0x3D, 0x56,
    0xC6, 0x79, 0xFA, 0x7D, 0x8B, 0x3D, 0x0B, 0xF8, 0xD3, 0x9C, 0x13, 0x66, 0x7C, 0xC9, 0xC7, 0x51,
    0xA6, 0x3E, 0xB7, 0x53, 0x76, 0x70, 0xD4, 0x2C, 0x93, 0x97, 0x0C, 0xC2, 0x15, 0xEE, 0xC1, 0x3F,
    0xB6, 0xD3, 0xA3, 0x84, 0xBB, 0xC6, 0x81, 0x67, 0x5F, 0x83, 0x81, 0x86, 0x4A, 0xA5, 0x55, 0xB8,
    0x68, 0xAC, 0x64, 0x5D, 0x83, 0xA6, 0x6A, 0x94, 0xCE, 0x2A, 0x0A, 0xA9, 0x95, 0x86, 0x12, 0x97,
    0x4E, 0x0F, 0x12, 0x35, 0x52, 0xFE, 0x30, 0x4B, 0x4F, 0x33, 0x62, 0xA6, 0xB6, 0xF7, 0x9F, 0x06,
    0xCF, 0x20, 0x6A, 0x0D, 0xDD, 0xDD, 0xC6, 0x6E, 0x8E, 0x88, 0x90, 0x23, 0x91, 0x1F, 0x6D, 0x67,
    0xB4, 0x65, 0x56, 0x56, 0x5E, 0x55, 0x31, 0xBC, 0x28, 0x95, 0x94, 0x9F, 0xB5, 0x73, 0x66, 0xC3,
    0xCE, 0x99, 0xAB, 0x86, 0x09, 0x4D, 0xEB, 0x9A, 0x9D, 0x33, 0x37, 0x3B, 0x76, 0xCE, 0x7C, 0xBA,
    0x62, 0xE7, 0xCC, 0x1F, 0xFD, 0x6F, 0xF6, 0x69, 0x3B, 0xD5, 0x39, 0x73, 0x47, 0xD6, 0x1D, 0x79,
    0x64, 0xA8, 0x29, 0xB0, 0xBF, 0x67, 0x27, 0xF9, 0xB8, 0x3D, 0x2F, 0xD8, 0xF3, 0x09, 0x0F, 0xF0,
    0xDD, 0xFA, 0x92, 0xAB, 0xFE, 0xC4, 0x97, 0x9D, 0x33, 0x3F, 0x48, 0xC9, 0xF3, 0xCF, 0x22, 0x35,
    0xFF, 0xB3, 0x28, 0x79, 0xFE, 0x04, 0xBC, 0x25, 0xD7, 0xA7, 0x92, 0xE7, 0x21, 0xA7, 0x59, 0xB2,
    0xB0, 0x10, 0x6A, 0xE2, 0x04, 0x28, 0x82, 0xB2, 0xFA, 0x1B, 0x5F, 0x4F, 0x01, 0xBC, 0xEE, 0x3D,
    0x22, 0xDE, 0x0B, 0xC3, 0x6B, 0xEE, 0x93, 0x13, 0xEB, 0xF0, 0xDC, 0xB7, 0xA9, 0xDD, 0xEA, 0x44,
    0xC3, 0xE3, 0x97, 0x15, 0x52, 0xB0, 0x71, 0x6F, 0x39, 0x5F, 0x63, 0x46, 0xA7, 0xD2, 0xAD, 0x1D,
    0xDB, 0x4E, 0x96, 0x1D, 0x19, 0x02, 0x2F, 0x0C, 0x93, 0xFC, 0x50, 0xB0, 0xCF, 0x2E, 0x4C, 0x3F,
    0xF5, 0x25, 0xE3, 0xC3, 0xBA, 0x92, 0xAD, 0x58, 0x1F, 0x0B, 0x10, 0x30, 0x8F, 0xCE, 0xD0, 0xD3,
    0x36, 0x2F, 0x96, 0xD3, 0x92, 0x26, 0x6E, 0x44, 0xC3, 0x15, 0xDF, 0xF8, 0xFE, 0xE8, 0x64, 0xA4,
    0xE0, 0x0C, 0x05, 0xCD, 0x93, 0xE9, 0x16, 0xB7, 0x56, 0x6F, 0x41, 0xFE, 0x63, 0xBD, 0x9B, 0xE5,
    0x3B, 0xCF, 0x01, 0xDB, 0x02, 0xE4, 0x59, 0x8F, 0x46, 0xDB, 0x2D, 0x1C, 0x19, 0x0D, 0xDC, 0x17,
    0x3B, 0x5F, 0xA8, 0x6F, 0xC2, 0x24, 0xEE, 0x15, 0xEA, 0x8B, 0x4E, 0x61, 0x12, 0xBD, 0xBE, 0xFF,
    0x31, 0xBC, 0xBA, 0x54, 0xDD, 0x1C, 0x3D, 0xB2, 0xD7, 0x6E, 0x2E, 0xF2, 0x02, 0x7D, 0x9B, 0xE0,
    0x64, 0xBC, 0xCA, 0x98, 0x79, 0xCD, 0x7A, 0x46, 0x2C, 0x21, 0xC2, 0x6C, 0xF9, 0xC6, 0x27, 0x00,
    0x7E, 0x42, 0x7B, 0x84, 0xA1, 0x20, 0x01, 0x3D, 0x59, 0xF9, 0x93, 0x08, 0x1B, 0x67, 0xF9, 0xD3,
    0x8C, 0x43, 0xE6, 0x6F, 0xBA, 0x37, 0x8E, 0xD8, 0xD7, 0x0B, 0xE4, 0x85, 0x3E, 0xC5, 0xD9, 0x42,
    0x1F, 0x99, 0x9F, 0xC1, 0x89, 0xA7, 0xFF, 0xBE, 0x27, 0x56, 0xEF, 0x10, 0xDA, 0x29, 0x0C, 0x1E,
    0x06, 0x22, 0xEE, 0xA9, 0x1B, 0xB3, 0xB8, 0x36, 0x47, 0x42, 0x35, 0x63, 0x70, 0xBC, 0xED, 0x4E,
    0xC8, 0x82, 0x55, 0xAF, 0x08, 0xB5, 0x7C, 0x6F, 0x10, 0xB7, 0xD1, 0x78, 0x4E, 0x0C, 0xDB, 0xAD,
    0x4B, 0x0B, 0x2D, 0xF1, 0x55, 0x2A, 0x22, 0x63, 0x70, 0x5A, 0xF3, 0xAB, 0x77, 0x9F, 0xD7, 0xC4,
    0xCF, 0xFC, 0x2D, 0xAD, 0x28, 0x1C, 0xFB, 0x2E, 0x95, 0x63, 0xB1, 0xAF, 0x4A, 0x27, 0x93, 0x9A,
    0x81, 0x3B, 0xBC, 0x56, 0x17, 0x5D, 0x15, 0x57, 0xBE, 0xB5, 0x61, 0x89, 0x7B, 0x14, 0xDA, 0xC7,
    0xFF, 0x92, 0x76, 0x35, 0x78, 0xFF, 0xBB, 0xFA, 0xD0, 0x59, 0xBB, 0xEA, 0x2E, 0x1D, 0xF9, 0x5D,
    0x2D, 0x16, 0xCC, 0x61, 0xE5, 0xD3, 0xDD, 0xD2, 0x61, 0x3F, 0x2F, 0xDC, 0x27, 0xB4, 0xF9, 0xD4,
    0x4A, 0x2F, 0x02, 0x7D, 0xD3, 0x52, 0x8F, 0xA9, 0xFF, 0xC4, 0x04, 0xAD, 0xF9, 0xA5, 0x9C, 0x4A,
    0x64, 0x6A, 0x37, 0x8E, 0x64, 0x98, 0x3D, 0xF4, 0x64, 0xFC, 0xAB, 0x66, 0x66, 0xFF, 0xEB, 0x7A,
    0x02, 0x2C, 0x12, 0x23, 0x80, 0x6A, 0xF0, 0xDA, 0x1B, 0x90, 0x6C, 0xE8, 0x64, 0xF5, 0xE8, 0x7A,
    0xAA, 0x37, 0x54, 0x2D, 0x4B, 0x10, 0x87, 0xF4, 0x3C, 0x67, 0x8B, 0x70, 0xCB, 0x12, 0x8A, 0xB6,
    0xDF, 0x84, 0x66, 0xF1, 0xC6, 0xAD, 0xE1, 0x0B, 0x4B, 0xC6, 0x7C, 0x5D, 0x75, 0x46, 0xF6, 0x56,
    0x16, 0x4C, 0x59, 0x08, 0x69, 0x31, 0xE5, 0x0F, 0x06, 0x79, 0xB5, 0x9D, 0xD0, 0x3F, 0x79, 0x9D,
    0x2E, 0x92, 0xEF, 0xFB, 0x05, 0x9A, 0x7C, 0x91, 0x7B, 0xFD, 0xE7, 0xF7, 0x07, 0xDD, 0x87, 0xF4,
    0xE4, 0xA2, 0xCA, 0xF4, 0x96, 0x09, 0x92, 0xE8, 0xD0, 0xBE, 0x72, 0xC3, 0xEA, 0x48, 0x2B, 0x4D,
    0xA1, 0x45, 0x7A, 0x03, 0xE2, 0x22, 0xB1, 0x00, 0x17, 0xCA, 0x26, 0x84, 0x6B, 0x28, 0x23, 0xA6,
    0xFB, 0xA3, 0x27, 0x86, 0x51, 0xC8, 0x0D, 0x38, 0x15, 0x4C, 0x02, 0xA9, 0xA4, 0xF6, 0x04, 0x55,
    0xA5, 0x7D, 0xE8, 0x89, 0x6A, 0x97, 0x77, 0x3E, 0x75, 0x35, 0xBD, 0x5B, 0x1E, 0x9B, 0xBB, 0x80,
    0x58, 0xAC, 0x7A, 0x81, 0x0B, 0x32, 0x47, 0x8A, 0x88, 0xE0, 0xDA, 0xF4, 0x8F, 0xC8, 0x3D, 0x35,
    0xE1, 0xB2, 0x50, 0xB3, 0xDE, 0xDC, 0x40, 0x65, 0x6F, 0x9D, 0x4E, 0x61, 0x3B, 0xD1, 0x99, 0x49,
    0xB6, 0xC2, 0x96, 0x3C, 0xBC, 0x1C, 0x56, 0x38, 0x12, 0x56, 0x04, 0x84, 0x5E, 0x45, 0xF4, 0x0C,
    0x5C, 0x2A, 0x70, 0x23, 0x2B, 0xFC, 0x82, 0x3D, 0xE9, 0xCF, 0xBB, 0x1A, 0x06, 0x29, 0x1B, 0x17,
    0x16, 0xF0, 0xFC, 0x94, 0xC8, 0x48, 0x27, 0x20, 0xE1, 0xBC, 0x3B, 0x75, 0x70, 0x85, 0x3F, 0x38,
    0x39, 0xB6, 0xDD, 0xC9, 0x43, 0xCB, 0xEB, 0xE4, 0xD4, 0x81, 0x45, 0xD3, 0x71, 0xDD, 0xE7, 0xB0,
    0x7E, 0xFD, 0x9A, 0xED, 0xDD, 0x0F, 0x9C, 0x13, 0x9F, 0x00, 0xE7, 0x10, 0x48, 0x56, 0xAF, 0x0C,
    0xD0, 0xBE, 0xB1, 0xAE, 0x2A, 0xE0, 0x3F, 0x6B, 0xE0, 0x9B, 0x70, 0x23, 0x6F, 0xF1, 0xF9, 0xA7,
    0x1E, 0x4A, 0x80, 0x53, 0xDE, 0x9A, 0x4E, 0xA5, 0x8E, 0xEE, 0x61, 0x99, 0xBC, 0x3E, 0xD2, 0xA6,
    0x32, 0xD0, 0x26, 0x51, 0x9B, 0x34, 0x12, 0x56, 0xD6, 0x23, 0x15, 0x4F, 0x03, 0x6E, 0x7A, 0xE4,
    0xA6, 0x29, 0x07, 0xB8, 0xC0, 0xFA, 0x24, 0x38, 0x87, 0x91, 0x50, 0x2F, 0xC7, 0xA2, 0x65, 0xBD,
    0x8D, 0xC4, 0xF8, 0x29, 0x75, 0x11, 0x0F, 0xE1, 0xD4, 0x60, 0x05, 0x29, 0xCF, 0x40, 0x9C, 0x88,
    0x8A, 0x05, 0x13, 0x8C, 0xF3, 0xC1, 0x20, 0x9D, 0x8B, 0x27, 0x41, 0x3A, 0xAF, 0x31, 0x2C, 0x76,
    0x1C, 0x18, 0xA0, 0x5B, 0xF4, 0x05, 0xC4, 0x7B, 0x74, 0x65, 0x53, 0xC3, 0xB0, 0xA9, 0xE1, 0x0A,
    0xBD, 0x84, 0xFC, 0x11, 0x5F, 0x53, 0x82, 0xFF, 0xBB, 0x93, 0x4A, 0x8C, 0xB0, 0x49, 0x8D, 0x26,
    0xD5, 0xAA, 0xF6, 0x47, 0x08, 0xD4, 0xC5, 0xA8, 0xDF, 0x13, 0x0D, 0x2C, 0xF2, 0x83, 0x69, 0xE7,
    0x63, 0xE6, 0x01, 0x33, 0x6E, 0xB4, 0xA7, 0x5A, 0xF3, 0x47, 0x6F, 0x5C, 0x43, 0x15, 0xA5, 0xC8,
    0x30, 0x92, 0x51, 0x66, 0xA1, 0x46, 0xAF, 0x18, 0xD9, 0xF3, 0x82, 0xE9, 0x7F, 0xCF, 0x9A, 0x16,
    0x7F, 0xCB, 0xF0, 0xCE, 0xD6, 0x18, 0x76, 0x65, 0x8D, 0x62, 0x37, 0x0D, 0x75, 0xC1, 0x8D, 0x55,
    0x2D, 0xDD, 0x5A, 0xC2, 0x6C, 0x54, 0x18, 0x3E, 0xC4, 0xD7, 0x7C, 0xB3, 0x58, 0xC9, 0x75, 0x53,
    0x84, 0x7B, 0x33, 0xB1, 0x51, 0xA2, 0x27, 0xF8, 0xED, 0x90, 0xDD, 0xC0, 0x9F, 0x15, 0xD5, 0x1F,
    0x66, 0x94, 0xBA, 0x91, 0xF0, 0x54, 0x21, 0x70, 0x08, 0xBC, 0x05, 0x00, 0xAA, 0xB5, 0x4F, 0xA8,
    0x58, 0xA6, 0x04, 0xF5, 0xFB, 0xAE, 0x8E, 0xB0, 0xD9, 0x17, 0x92, 0x13, 0x4F, 0x2B, 0x96, 0xB5,
    0x32, 0xCE, 0xBB, 0x7F, 0x20, 0x73, 0x43, 0x59, 0xDC, 0x01, 0x65, 0x30, 0x36, 0xCC, 0xD7, 0xDE,
    0x92, 0x7D, 0x45, 0x19, 0x2E, 0x57, 0xBC, 0xD7, 0x40, 0xF0, 0x09, 0x6E, 0xC3, 0x2D, 0xAE, 0xBE,
    0xA3, 0x24, 0x62, 0x35, 0x76, 0x0F, 0xE6, 0x65, 0xDB, 0x17, 0x6E, 0xC4, 0xA7, 0x23, 0x74, 0x12,
    0xB8, 0x95, 0xAA, 0x4D, 0x15, 0xA0, 0x14, 0xCD, 0x9B, 0x05, 0x8C, 0x26, 0x57, 0x21, 0x46, 0x29,
    0xEC, 0x62, 0xE7, 0x0B, 0x4D, 0x4F, 0x41, 0xED, 0x7E, 0x51, 0x2F, 0xC1, 0x7B, 0x6A, 0xCC, 0xA8,
    0x33, 0x67, 0xAE, 0xD5, 0xFE, 0xF8, 0x37, 0xD9, 0xD9, 0xD0, 0x86, 0xF1, 0x14, 0xB4, 0xA1, 0x39,
    0x05, 0x6D, 0xA8, 0x3F, 0x08, 0xB4, 0xC1, 0x79, 0xD0, 0xD2, 0x04, 0x6D, 0xD0, 0xD2, 0x7D, 0x0F,
    0x86, 0x36, 0xF8, 0x56, 0xEE, 0x0B, 0x44, 0xC3, 0x07, 0x80, 0x36, 0x60, 0x82, 0x7A, 0x9F, 0x79,
    0xCF, 0xDD, 0x5C, 0x0F, 0x77, 0x0A, 0x59, 0x9A, 0xE9, 0xBC, 0x2D, 0x4C, 0xEB, 0x4A, 0x2B, 0x8B,
    0x01, 0xA5, 0x95, 0x27, 0x68, 0x5F, 0x5A, 0x57, 0xBB, 0x82, 0x58, 0x6E, 0xA3, 0x2F, 0xEE, 0x70,
    0xE4, 0x2B, 0x70, 0x68, 0xD4, 0x90, 0x10, 0x87, 0x47, 0x7C, 0x66, 0x06, 0xDA, 0x6B, 0xEC, 0xA0,
    0x3A, 0x5A, 0xE3, 0x61, 0xB6, 0xD3, 0x5B, 0xCD, 0xED, 0x94, 0x54, 0x5D, 0x63, 0xBC, 0x9B, 0xD1,
    0xEE, 0xB9, 0x73, 0x12, 0x2D, 0xB6, 0x71, 0x6E, 0x52, 0xC5, 0xF6, 0x54, 0x89, 0xEF, 0xAA, 0x8B,
    0x30, 0xA5, 0xD5, 0x30, 0x99, 0xEC, 0xF7, 0xD2, 0x63, 0x4A, 0x37, 0xF0, 0xA3, 0xB2, 0xF7, 0x64,
    0x54, 0x03, 0x23, 0x71, 0xCC, 0xEA, 0x34, 0xB8, 0x6B, 0xE5, 0xBB, 0x3F, 0x5B, 0x8A, 0xDA, 0x47,
    0x01, 0xD2, 0xF2, 0xF3, 0x4C, 0x51, 0x5B, 0x40, 0x5A, 0xF2, 0xD3, 0x90, 0x96, 0x1D, 0xB7, 0xA8,
    0x32, 0x48, 0x8B, 0x6D, 0x8F, 0xB5, 0xCD, 0xD8, 0x78, 0x03, 0xB7, 0x98, 0x21, 0x2D, 0xD8, 0x22,
    0x8F, 0x65, 0xB9, 0x1F, 0xA4, 0x85, 0x08, 0x07, 0x03, 0x38, 0x00, 0xDF, 0x30, 0x12, 0xDE, 0x70,
    0xE6, 0x7D, 0xAF, 0x97, 0x1A, 0x3E, 0xC1, 0xBE, 0x96, 0x79, 0xE9, 0x57, 0xF5, 0xE7, 0xC1, 0x47,
    0xDD, 0x73, 0x65, 0x61, 0x42, 0xE3, 0x66, 0xE6, 0xB0, 0x7B, 0x69, 0x02, 0x2B, 0x2C, 0x1C, 0x93,
    0xED, 0x94, 0xD0, 0x1B, 0xBC, 0x7F, 0xCF, 0x55, 0xB6, 0xE7, 0xB9, 0x1A, 0x99, 0x9E, 0xF5, 0x07,
    0x8E, 0x08, 0x3D, 0xD5, 0x32, 0x50, 0x58, 0xB4, 0xBC, 0x79, 0x2F, 0xCF, 0x15, 0x28, 0x94, 0x08,
    0x80, 0xD2, 0xEA, 0x94, 0xA0, 0x68, 0xD3, 0x9C, 0x0D, 0x4C, 0x7B, 0x86, 0x92, 0x87, 0x07, 0xC7,
    0xF8, 0x22, 0x15, 0x4D, 0xFA, 0xDC, 0xE2, 0xC9, 0x22, 0x4A, 0x30, 0x32, 0xB8, 0x11, 0x3A, 0x3A,
    0xFD, 0x09, 0x5D, 0xEA, 0x21, 0x18, 0x52, 0x89, 0x73, 0xD3, 0x77, 0x1C, 0xD5, 0xD7, 0x09, 0xFC,
    0xB8, 0x16, 0xAF, 0x49, 0xA1, 0xA6, 0x74, 0xF2, 0xB1, 0xD7, 0x75, 0x5E, 0x2B, 0x2D, 0x7B, 0xDC,
    0xA3, 0xC8, 0x71, 0x23, 0x7C, 0x09, 0xBE, 0x1E, 0xAD, 0x7F, 0xCC, 0x1A, 0xC8, 0x9B, 0xBA, 0x6C,
    0xB6, 0xAF, 0xA3, 0xBC, 0xCE, 0xAE, 0x6C, 0x22, 0x38, 0xE0, 0xB7, 0xA2, 0x1E, 0x26, 0x2C, 0x1C,
    0x54, 0xE5, 0xCD, 0x0D, 0x7A, 0xB3, 0x45, 0x45, 0xED, 0x59, 0x44, 0xA8, 0x48, 0xEF, 0x76, 0x90,
    0xCE, 0x71, 0x96, 0xBE, 0x87, 0xDA, 0x8D, 0x0A, 0xDC, 0xB3, 0x16, 0xEE, 0xA9, 0x7A, 0xAC, 0x30,
    0xBA, 0xA8, 0x71, 0x12, 0x9C, 0xE9, 0x0D, 0x55, 0xA4, 0xA0, 0x8E, 0xBC, 0x68, 0xE1, 0x4B, 0x08,
    0x74, 0xE2, 0x5E, 0x1E, 0x75, 0x97, 0xA2, 0xF6, 0xC0, 0x8D, 0x87, 0x0A, 0x85, 0x88, 0x6A, 0x44,
    0x69, 0xB4, 0x00, 0xBB, 0x76, 0x62, 0x3B, 0xC3, 0x1B, 0x3D, 0x97, 0xE1, 0x99, 0x2E, 0xF6, 0x1C,
    0xBA, 0x5C, 0x64, 0x78, 0xCF, 0xD5, 0xAE, 0xF2, 0x6C, 0x79, 0xBB, 0x57, 0xF4, 0x39, 0xED, 0x88,
    0x5E, 0x00, 0xF8, 0xEF, 0xC8, 0x59, 0x64, 0x21, 0x44, 0x7D, 0x4C, 0x20, 0x74, 0x76, 0x00, 0x2E,
    0x6A, 0x52, 0xEE, 0xFA, 0x1D, 0x5D, 0xEA, 0xE3, 0x65, 0x8D, 0xAA, 0xC9, 0xC1, 0x85, 0xB2, 0x8E,
    0xBE, 0xA3, 0x83, 0x67, 0x65, 0x8F, 0x9E, 0xD1, 0x41, 0x27, 0xBA, 0x34, 0x96, 0xD9, 0xA6, 0x8D,
    0xF6, 0x93, 0x92, 0x6D, 0x4E, 0x7F, 0xD2, 0x6A, 0x80, 0x65, 0x53, 0xCB, 0xFE, 0xA0, 0xF8, 0x51,
    0x95, 0xD0, 0xC6, 0x89, 0x64, 0xA0, 0x6A, 0xC2, 0x63, 0xB1, 0x42, 0x6F, 0x64, 0xF0, 0x42, 0x8A,
    0x4C, 0xBF, 0x4E, 0x0D, 0x14, 0xB1, 0xD6, 0xF3, 0xE1, 0x8F, 0x34, 0x5D, 0x50, 0xE3, 0x1D, 0x1D,
    0xA3, 0x78, 0x89, 0x30, 0xEB, 0x42, 0xAD, 0xC9, 0xD0, 0x35, 0x27, 0xD3, 0xDB, 0xEF, 0xC3, 0xC8,
    0xBC, 0xCE, 0xB3, 0xF2, 0x1B, 0xE7, 0x03, 0x3C, 0xC8, 0x44, 0xFD, 0x55, 0xB3, 0x99, 0x45, 0x3B,
    0xFC, 0xB7, 0xA6, 0x8A, 0x3D, 0x61, 0x01, 0x79, 0xF6, 0xD9, 0x1C, 0xC8, 0xB4, 0x43, 0xE7, 0x01,
    0x57, 0x46, 0x11, 0xBF, 0x7B, 0xE9, 0x1E, 0x66, 0x56, 0x3A, 0x95, 0x1F, 0xB2, 0x23, 0xB7, 0x8A,
    0x9E, 0xF6, 0xDC, 0xBC, 0x65, 0xDE, 0xFC, 0xD7, 0xF8, 0x46, 0xF1, 0x33, 0x86, 0xFC, 0x30, 0xDE,
    0xF3, 0xA2, 0xB1, 0x22, 0xE6, 0x55, 0xCB, 0x49, 0x32, 0x48, 0x12, 0xD6, 0x56, 0xB1, 0x95, 0xFD,
    0x71, 0x82, 0xD8, 0x50, 0x40, 0xA9, 0x69, 0xAB, 0x2F, 0x1D, 0x5E, 0xA1, 0x29, 0xE0, 0xDC, 0x1E,
    0xB6, 0xAD, 0xB6, 0xF2, 0x5B, 0xF4, 0x34, 0xEB, 0x31, 0xB1, 0x0F, 0x8F, 0x79, 0x44, 0x5F, 0x62,
    0x69, 0x0D, 0xB5, 0xC5, 0x57, 0x40, 0xC8, 0x5E, 0xD2, 0x2D, 0x02, 0x24, 0x48, 0x65, 0x85, 0xE3,
    0x33, 0x9B, 0xC0, 0x95, 0x21, 0x02, 0x34, 0x11, 0x02, 0x36, 0x17, 0x74, 0x51, 0x4F, 0x76, 0x53,
    0xB0, 0x92, 0x0D, 0x29, 0x4F, 0xB6, 0xFB, 0x56, 0x9D, 0x65, 0xFC, 0xDC, 0xCE, 0x70, 0xF0, 0xB1,
    0x70, 0x7C, 0xB1, 0xDD, 0x10, 0xD5, 0xF2, 0xDD, 0xA3, 0x66, 0xAF, 0x3D, 0xAD, 0x8A, 0x7E, 0x91,
    0x40, 0xDC, 0xCD, 0x95, 0x30, 0x89, 0x2E, 0xD0, 0x6C, 0x68, 0x56, 0x70, 0xF5, 0x89, 0xD2, 0x69,
    0x1B, 0x96, 0xFA, 0xA3, 0x38, 0xED, 0x1F, 0x8B, 0xD1, 0xAB, 0x71, 0xAB, 0xD8, 0xC0, 0x5A, 0x33,
    0xDC, 0x68, 0xBB, 0x5B, 0x49, 0xC4, 0xA8, 0x63, 0xA8, 0x31, 0xEA, 0xB6, 0x7B, 0xCF, 0xB0, 0x9E,
    0xEF, 0xF1, 0x3F, 0x9D, 0x13, 0x5D, 0xB7, 0xCA, 0xC7, 0xC2, 0x5E, 0x8D, 0xFA, 0x6D, 0x1F, 0xF2,
    0xB5, 0x9F, 0x77, 0xEB, 0x1E, 0x5F, 0xBF, 0xE4, 0xB3, 0x34, 0x4C, 0xE5, 0xC9, 0xE1, 0xFA, 0x3D,
    0xF7, 0xFC, 0x15, 0xCB, 0xB7, 0x78, 0x53, 0x16, 0x67, 0x81, 0xB3, 0x2F, 0x3B, 0x0F, 0xB7, 0x4D,
    0x74, 0xEF, 0x29, 0x9F, 0xAF, 0xEB, 0x90, 0x27, 0xD6, 0xC5, 0xE3, 0xC4, 0xC9, 0x7D, 0x9D, 0x31,
    0xED, 0x9D, 0x3B, 0x95, 0x4A, 0xCB, 0xD2, 0xA9, 0xAA, 0xA3, 0xF6, 0x6B, 0xFB, 0x82, 0x09, 0x82,
    0xDC, 0x37, 0xE2, 0x42, 0x1A, 0x80, 0x11, 0x51, 0x30, 0xD5, 0x42, 0xA9, 0xA6, 0x61, 0x3A, 0xF9,
    0xA1, 0xE0, 0x93, 0xB2, 0x02, 0xF0, 0xC7, 0x8C, 0x8B, 0x52, 0x80, 0x78, 0xB3, 0x20, 0xA2, 0x4E,
    0x1B, 0xF2, 0x48, 0x11, 0xFE, 0xA9, 0xA0, 0x60, 0x00, 0xB6, 0x59, 0xE1, 0x40, 0xA1, 0x03, 0x15,
    0x7A, 0xA6, 0xA2, 0x34, 0x1D, 0x5E, 0x46, 0xE3, 0xDE, 0xC6, 0x2B, 0xB8, 0x2A, 0xBB, 0xA6, 0x1D,
    0x11, 0xE3, 0x90, 0xAD, 0x01, 0x35, 0xEA, 0xA4, 0x5A, 0xD3, 0x55, 0xA7, 0x5E, 0xD4, 0x5C, 0xEC,
    0x3E, 0xCD, 0xCE, 0x84, 0xAE, 0xA8, 0xD9, 0x02, 0xDA, 0x21, 0x72, 0x3B, 0x52, 0x01, 0x89, 0x06,
    0x56, 0x57, 0x06, 0x6A, 0x91, 0xAD, 0x44, 0xF4, 0xE0, 0xAE, 0x02, 0xC0, 0x87, 0x92, 0x7F, 0x00,
    0xF2, 0xC8, 0xDB, 0xF2, 0xF8, 0x02, 0x3B, 0x40, 0x3C, 0x89, 0x30, 0x6B, 0x57, 0x6F, 0xA9, 0x7F,
    0x55, 0x8E, 0xF1, 0x2B, 0xEA, 0x61, 0x95, 0x83, 0xDC, 0xAA, 0x8F, 0x35, 0x56, 0x28, 0x12, 0xBA,
    0x76, 0xB5, 0xD0, 0x2A, 0x56, 0xD0, 0x42, 0x17, 0xA5, 0x7A, 0x6E, 0x69, 0x15, 0x68, 0x45, 0x77,
    0x3D, 0x4E, 0x85, 0xF7, 0x59, 0xA8, 0x6B, 0x6B, 0x2A, 0x33, 0xA6, 0xBC, 0xF0, 0xA4, 0x1F, 0xB9,
    0x79, 0x66, 0xE9, 0x8B, 0xBD, 0x54, 0xDD, 0xE1, 0x50, 0x8B, 0x4E, 0x6A, 0xAA, 0xEE, 0x8E, 0x8D,
    0x4C, 0x16, 0xA9, 0xBA, 0x90, 0x68, 0xF7, 0x47, 0x72, 0xBD, 0x71, 0x68, 0xF6, 0x43, 0x45, 0xEB,
    0xA1, 0x7A, 0x40, 0x42, 0xF3, 0x29, 0xE4, 0xDE, 0x75, 0x4A, 0x9D, 0x1E, 0x73, 0x58, 0x31, 0x48,
    0x04, 0x6C, 0xCC, 0xDD, 0xC3, 0x23, 0x2B, 0x62, 0x8F, 0x4B, 0xE8, 0x26, 0x79, 0xFA, 0x42, 0xF0,
    0x49, 0xFD, 0x8D, 0xCF, 0xEA, 0xDA, 0x6F, 0x05, 0x9B, 0x71, 0xDD, 0xC0, 0xDE, 0xB6, 0x76, 0xC3,
    0x27, 0xD7, 0x7C, 0xFE, 0x24, 0x02, 0xAF, 0x97, 0x0D, 0x45, 0xF9, 0xFC, 0xA4, 0xDF, 0x8E, 0x28,
    0xAD, 0x8F, 0x1E, 0xD4, 0xEA, 0xD5, 0x1C, 0x8E, 0x1C, 0xDD, 0x42, 0xB9, 0xA6, 0xBD, 0x9D, 0x44,
    0xE0, 0xC9, 0xA4, 0x10, 0xD1, 0x16, 0x55, 0x20, 0xCB, 0x99, 0x1B, 0xB1, 0x82, 0x9E, 0x7B, 0xDE,
    0x82, 0x53, 0x37, 0xE7, 0x88, 0x89, 0x05, 0x50, 0xF2, 0x9B, 0x50, 0x03, 0x3A, 0x66, 0x0B, 0xEE,
    0x26, 0x4F, 0x7F, 0x7C, 0xA2, 0x13, 0xF4, 0xD2, 0x8B, 0xB5, 0x7C, 0x1C, 0x94, 0x2C, 0x12, 0x68,
    0x80, 0x98, 0xFF, 0x75, 0xE4, 0x98, 0xB9, 0x3A, 0x7A, 0x7D, 0x3F, 0x26, 0xDE, 0x18, 0xC1, 0x35,
    0x60, 0xC7, 0x2C, 0xAA, 0xA6, 0xE7, 0x03, 0x13, 0x04, 0xB5, 0xBC, 0xCC, 0x54, 0xD7, 0x65, 0xC4,
    0xEE, 0x8A, 0xC1, 0xB8, 0x87, 0x85, 0x85, 0x3C, 0xF5, 0x73, 0x5D, 0x1F, 0x5F, 0x15, 0xD6, 0xA4,
    0xF0, 0xDE, 0x8D, 0x19, 0xAC, 0xFB, 0x10, 0xC4, 0x73, 0x84, 0xEA, 0xE3, 0x60, 0x9A, 0xD0, 0xED,
    0xD0, 0xC5, 0xDB, 0xD5, 0x5A, 0xF1, 0xA0, 0xD2, 0xDA, 0xFA, 0x85, 0xF6, 0xE9, 0xD1, 0xEB, 0xA2,
    0xD0, 0xD7, 0x58, 0x66, 0x74, 0x5C, 0xEE, 0x58, 0x2E, 0x93, 0x31, 0x0A, 0xD1, 0x46, 0x01, 0xB9,
    0x49, 0x6B, 0x34, 0x30, 0x4B, 0xD1, 0xA7, 0x21, 0x48, 0x77, 0xF8, 0x57, 0x5C, 0x44, 0xD5, 0x03,
    0x6A, 0xD6, 0x7C, 0x94, 0x37, 0x39, 0xD6, 0xA5, 0x63, 0xA9, 0x58, 0x76, 0xBA, 0x4B, 0x6B, 0x5D,
    0x72, 0x71, 0xE6, 0x42, 0x7F, 0x71, 0x27, 0x42, 0x23, 0x60, 0x52, 0xBA, 0xCB, 0x2A, 0x9F, 0x0E,
    0x01, 0x20, 0x1E, 0x3F, 0x2E, 0xE6, 0xEF, 0xDF, 0x08, 0x92, 0xF7, 0x5D, 0x8D, 0xE8, 0x37, 0x01,
    0x8F, 0x0F, 0x25, 0xE0, 0x61, 0xF7, 0x66, 0xBE, 0x3A, 0xF3, 0xED, 0x99, 0x2F, 0xD0, 0xFB, 0xBB,
    0x43, 0xBF, 0xDE, 0x61, 0x0E, 0x5E, 0x33, 0xDB, 0x25, 0xEE, 0x10, 0x77, 0xE7, 0xFE, 0x3B, 0x73,
    0xDE, 0xFD, 0x3D, 0x79, 0x80, 0xA2, 0x90, 0xBE, 0x4A, 0x0F, 0x12, 0xF5, 0x2D, 0x45, 0xE9, 0xEE,
    0x50, 0x9D, 0xA7, 0xDA, 0xAF, 0x02, 0xD4, 0x2E, 0x52, 0xC4, 0xE1, 0xA8, 0xBD, 0x3D, 0x65, 0x9F,
    0x7F, 0xEA, 0x68, 0x9C, 0xCB, 0xA5, 0xF8, 0x5E, 0x17, 0xCD, 0xF2, 0x35, 0x84, 0x7C, 0x8D, 0xB5,
    0x5E, 0x74, 0x93, 0xC2, 0x55, 0x97, 0x22, 0x2B, 0x84, 0x6D, 0xBA, 0x62, 0xF7, 0x7C, 0xD9, 0xFB,
    0x8E, 0x52, 0x47, 0x70, 0x65, 0x6F, 0x77, 0xA2, 0x35, 0x25, 0x8D, 0xDA, 0x9A, 0x7A, 0x8D, 0xE5,
    0x45, 0xA5, 0xF3, 0x3D, 0xCA, 0xA6, 0xFB, 0x6E, 0xBE, 0x99, 0xD6, 0x97, 0xDD, 0x69, 0x7F, 0xEE,
    0xDA, 0xF7, 0xE7, 0x76, 0xDA, 0x9F, 0xDB, 0x7A, 0xB9, 0x30, 0x61, 0x6A, 0x4B, 0x44, 0x9C, 0xFC,
    0xC5, 0xB9, 0xA3, 0x31, 0x98, 0xAA, 0x7E, 0x54, 0xE7, 0x10, 0x2D, 0x47, 0xBE, 0x21, 0x52, 0xD8,
    0x95, 0xC0, 0xCB, 0x3B, 0xDA, 0x97, 0x50, 0xAF, 0xCF, 0x81, 0xA5, 0xC9, 0xB8, 0xC9, 0xDF, 0x02,
    0x38, 0x19, 0x0E, 0x5B, 0xCB, 0x76, 0xAB, 0x62, 0x96, 0x00, 0xA0, 0x76, 0x11, 0x48, 0xED, 0xCF,
    0x98, 0xA3, 0x3E, 0xB7, 0x7B, 0x8D, 0x25, 0x61, 0x37, 0x6F, 0xF3, 0x52, 0xEA, 0xBE, 0xFD, 0x85,
    0x27, 0x98, 0xBD, 0xA4, 0xFA, 0x49, 0xED, 0x60, 0xE8, 0x69, 0xBD, 0x48, 0xAD, 0xD7, 0x84, 0x41,
    0xC5, 0x04, 0x99, 0xAA, 0x9C, 0xB8, 0xCB, 0x06, 0x93, 0x29, 0x74, 0xDF, 0x6E, 0x5B, 0x58, 0x8A,
    0xD9, 0xF6, 0x9D, 0x15, 0x11, 0x62, 0x83, 0x2E, 0x3D, 0xCD, 0xCC, 0x66, 0x78, 0x01, 0x41, 0x05,
    0x3F, 0xC3, 0x97, 0xE6, 0x19, 0x92, 0xDB, 0x30, 0xB2, 0xC0, 0xB8, 0x84, 0xB3, 0x66, 0x25, 0xDD,
    0xAC, 0xCD, 0x44, 0x6E, 0x86, 0xE7, 0x85, 0x96, 0x09, 0xB6, 0x7C, 0xD5, 0x6C, 0xFD, 0x2D, 0x8A,
    0x9A, 0xAA, 0x62, 0x5F, 0x01, 0x08, 0x8E, 0x44, 0xDF, 0x14, 0x7E, 0xE8, 0x04, 0xED, 0xE4, 0xCC,
    0x69, 0x5D, 0xFA, 0xCA, 0x65, 0xA5, 0x37, 0x9D, 0x27, 0x08, 0xE8, 0xA2, 0x17, 0x46, 0x70, 0x8F,
    0x43, 0x57, 0x54, 0x9F, 0x03, 0x1C, 0xA5, 0x07, 0x23, 0x51, 0xCE, 0x42, 0x7C, 0xAF, 0xF2, 0xAC,
    0x74, 0x38, 0xE9, 0xAB, 0x9D, 0x6C, 0xFE, 0xB2, 0xF3, 0x29, 0xD2, 0xE6, 0x54, 0x88, 0xBC, 0x63,
    0x21, 0xF5, 0xCE, 0x85, 0xD1, 0xBC, 0xCA, 0x9B, 0x9F, 0x90, 0x78, 0x76, 0xF1, 0x77, 0xCD, 0xC7,
    0x00, 0x20, 0x85, 0x96, 0x65, 0xEF, 0xCD, 0xE1, 0xF0, 0xE5, 0xC6, 0x9C, 0x0E, 0x47, 0x95, 0x15,
    0x3E, 0x9B, 0xEA, 0x57, 0x77, 0x7E, 0x50, 0x9B, 0x13, 0x82, 0x4E, 0x4C, 0x7A, 0x11, 0x93, 0x53,
    0x13, 0x54, 0x85, 0xF9, 0xC0, 0x87, 0x3B, 0xD4, 0x09, 0x0E, 0x47, 0xB8, 0xD2, 0x5F, 0xCA, 0x83,
    0xE0, 0xA6, 0x38, 0x56, 0xBD, 0x74, 0x67, 0xD9, 0x62, 0xBF, 0xF0, 0xA2, 0x63, 0x2D, 0x8A, 0x8E,
    0xED, 0xB4, 0xE8, 0xD8, 0x68, 0x72, 0xEB, 0x45, 0x83, 0x6D, 0xAE, 0x7C, 0xC6, 0xD9, 0xDA, 0x06,
    0xA3, 0x0D, 0xD0, 0x2A, 0xFD, 0x37, 0x87, 0x7B, 0xE2, 0x70, 0x5F, 0x54, 0x20, 0xFC, 0x5A, 0xFB,
    0xAD, 0x60, 0xCB, 0xE4, 0xCE, 0x73, 0x07, 0xEF, 0xB7, 0x59, 0xBF, 0xEC, 0xE3, 0xA6, 0xA7, 0x40,
    0x5D, 0x05, 0xC8, 0x64, 0xE7, 0x83, 0x8E, 0x03, 0xFF, 0xB3, 0xFB, 0x7D, 0xDD, 0xA3, 0xAD, 0x0B,
    0x7C, 0xFD, 0xFD, 0x5E, 0x5B, 0x97, 0x1D, 0xDB, 0xBA, 0xA0, 0xBE, 0x1A, 0x38, 0xCD, 0xA2, 0xAD,
    0x0B, 0x1E, 0xD8, 0xF0, 0xB2, 0xC3, 0x76, 0x97, 0x2D, 0x4C, 0x4F, 0xB4, 0x75, 0xD1, 0x3F, 0xF7,
    0x6D, 0x5D, 0x58, 0x04, 0xDE, 0xB7, 0x75, 0x41, 0xDB, 0xBC, 0x65, 0x5B, 0x97, 0xF8, 0x83, 0xB5,
    0x75, 0xC1, 0xB9, 0x90, 0xA6, 0xB5, 0x5E, 0x8C, 0xE6, 0x1E, 0xEA, 0x78, 0xD5, 0x05, 0xFD, 0x7D,
    0x9D, 0x24, 0xD9, 0x99, 0xCD, 0x60, 0xAA, 0xB9, 0x19, 0x8C, 0x5B, 0x34, 0x83, 0xE9, 0xD1, 0x32,
    0xB2, 0x47, 0xF2, 0x5B, 0x87, 0xF9, 0xB6, 0xC6, 0xFF, 0x59, 0x60, 0x45, 0xCB, 0xB1, 0x35, 0x8B,
    0x66, 0x30, 0x2D, 0x9B, 0xC1, 0xAC, 0xCE, 0x6C, 0x06, 0xF3, 0xE1, 0x6E, 0x38, 0xBB, 0x0C, 0x4E,
    0x7D, 0x74, 0x0E, 0x0F, 0x0F, 0x7F, 0xCE, 0x1B, 0xFE, 0x01, 0xB7, 0x6E, 0x38, 0xBC, 0x32, 0xF5,
    0xD1, 0x41, 0xC0, 0xEF, 0x67, 0xDB, 0xBA, 0x5F, 0x21, 0x52, 0xFF, 0x85, 0xEF, 0xFC, 0x2F, 0x84,
    0xD4, 0x3F, 0xE4, 0xF3, 0x32, 0x05, 0x18, 0x76, 0xA7, 0x56, 0x15, 0x87, 0xF1, 0x90, 0x57, 0xF8,
    0x57, 0x92, 0xC5, 0xC5, 0x83, 0x4C, 0x05, 0xA8, 0x53, 0x06, 0x00, 0x54, 0x1D, 0xB9, 0x86, 0x4F,
    0x24, 0xED, 0x02, 0xEB, 0xC1, 0xA4, 0x5A, 0x0D, 0xC2, 0xA2, 0x95, 0x8F, 0x17, 0x6E, 0xF7, 0xCA,
    0x05, 0x86, 0x3E, 0xA4, 0x58, 0x05, 0x3E, 0xB5, 0xDA, 0x2A, 0xAC, 0x9F, 0x3B, 0xBC, 0xB6, 0x57,
    0x87, 0xED, 0x5E, 0x35, 0xC6, 0x55, 0x69, 0xD6, 0x5A, 0x8B, 0x74, 0x51, 0xA5, 0x74, 0xEE, 0xA6,
    0x6C, 0x1B, 0xA3, 0x11, 0x5F, 0x14, 0xB1, 0x50, 0x0D, 0x70, 0x02, 0x23, 0x1D, 0xB9, 0xAF, 0x4F,
    0xD6, 0x13, 0x4C, 0x02, 0x33, 0xBD, 0x93, 0xE6, 0xDE, 0xF6, 0xC0, 0x64, 0x7A, 0x6F, 0x44, 0x79,
    0x2E, 0x54, 0x79, 0xDE, 0x79, 0xE5, 0xB9, 0x54, 0xE5, 0x79, 0x4E, 0xCF, 0x2C, 0x5B, 0x56, 0xC7,
    0xC1, 0xCB, 0xB9, 0xC3, 0x29, 0x18, 0x23, 0xC4, 0xFB, 0x71, 0x14, 0xE8, 0xD2, 0x23, 0x75, 0x2A,
    0x18, 0x5C, 0xA6, 0xAD, 0xFB, 0xEE, 0x94, 0x00, 0xB8, 0x64, 0xBE, 0xDD, 0x4B, 0xC4, 0xB0, 0x4A,
    0xEC, 0xAC, 0x54, 0x99, 0xCB, 0xEE, 0x25, 0xD4, 0x1C, 0x22, 0x4C, 0x1A, 0x57, 0x76, 0xED, 0x91,
    0xBB, 0xAB, 0xB9, 0x64, 0x5B, 0x74, 0x3D, 0x62, 0xF3, 0xA3, 0x0E, 0x86, 0xE5, 0x96, 0xB1, 0x7F,
    0xCB, 0x25, 0x4B, 0x99, 0x4B, 0x56, 0xD2, 0x17, 0x6F, 0xB9, 0x64, 0x20, 0x87, 0x01, 0x10, 0x9A,
    0xD8, 0x45, 0xCC, 0xBB, 0x4A, 0x0D, 0xB5, 0xC5, 0xC3, 0xE9, 0xA9, 0xA1, 0x10, 0xBB, 0xEF, 0x51,
    0xE1, 0xD5, 0xB2, 0xC8, 0x04, 0x7E, 0xF1, 0x21, 0x86, 0x07, 0xAC, 0x1C, 0xA5, 0x55, 0x61, 0xB0,
    0x7C, 0x28, 0x4B, 0x93, 0xDA, 0x4E, 0xEA, 0xD8, 0xC6, 0x99, 0x99, 0x44, 0x0C, 0xD1, 0x9C, 0x6F,
    0x7E, 0xE2, 0x4B, 0x83, 0x04, 0x6B, 0x5D, 0x0B, 0x9A, 0xD2, 0xAD, 0x4A, 0x60, 0x2C, 0x58, 0xB1,
    0x84, 0x44, 0x31, 0x4E, 0x8F, 0x2D, 0x1D, 0xD7, 0x6A, 0xAB, 0xB0, 0xC7, 0xCF, 0xAA, 0x63, 0xFB,
    0x4D, 0x6E, 0x3F, 0xE2, 0x50, 0xAE, 0xC6, 0x0A, 0x1D, 0x1B, 0x1C, 0x95, 0x6C, 0x70, 0x94, 0x37,
    0xF0, 0x6C, 0xA7, 0x2D, 0x4D, 0xCE, 0x77, 0x9A, 0x05, 0x6A, 0x3F, 0xDE, 0x4B, 0x36, 0xB6, 0xFA,
    0x62, 0xE6, 0x4E, 0x30, 0xB8, 0x91, 0xC5, 0x29, 0xDD, 0x84, 0x36, 0x80, 0x2D, 0x2B, 0x2F, 0xFF,
    0x8A, 0xE8, 0x13, 0x56, 0xD8, 0x92, 0x37, 0xBC, 0xB9, 0x67, 0x8F, 0x9B, 0x81, 0x6E, 0x97, 0xCE,
    0xAE, 0xE0, 0x03, 0x2F, 0xDD, 0x47, 0xFD, 0xDC, 0x6D, 0x81, 0xC2, 0x63, 0x76, 0xF4, 0x2C, 0x01,
    0xDE, 0xC2, 0x7F, 0xA5, 0x73, 0x14, 0xF4, 0xD7, 0x9F, 0x0A, 0x7C, 0xA7, 0xAF, 0xF2, 0x15, 0xC6,
    0xB4, 0xF1, 0x27, 0x9B, 0x2E, 0xB2, 0x6A, 0xA6, 0xB8, 0xFD, 0xD9, 0xF5, 0x5F, 0x53, 0x2A, 0x08,
    0xE2, 0x36, 0xA7, 0x1D, 0xBD, 0xE3, 0xCE, 0xBA, 0xA7, 0xE8, 0xDC, 0x1B, 0xB8, 0xA9, 0x61, 0x63,
    0xFD, 0x80, 0x8B, 0xF4, 0x3E, 0x77, 0xC1, 0xA8, 0xC2, 0x93, 0xC5, 0x44, 0x17, 0x9E, 0x30, 0x3C,
    0x49, 0x4C, 0x4F, 0xA3, 0x0D, 0x4F, 0x1C, 0x9E, 0x3A, 0x3C, 0x79, 0x4C, 0xF4, 0xE1, 0x09, 0xC4,
    0x53, 0x88, 0x27, 0x11, 0x4F, 0x23, 0x9E, 0x48, 0x3C, 0x95, 0x2C, 0xBA, 0xBC, 0x15, 0x7B, 0xF9,
    0x00, 0xBE, 0x1E, 0x61, 0x78, 0x02, 0xC5, 0xEF, 0xA1, 0x0D, 0x2E, 0x58, 0x92, 0x0B, 0xE9, 0xC5,
    0x13, 0x8C, 0xA7, 0x98, 0x05, 0xC9, 0x78, 0xF9, 0xE4, 0x7D, 0x7B, 0xB9, 0x79, 0xFB, 0x8C, 0x79,
    0xC8, 0xF5, 0xB9, 0x1F, 0xF7, 0xF8, 0x10, 0x52, 0xA9, 0x02, 0xA6, 0x52, 0x05, 0x53, 0x6F, 0x28,
    0xA6, 0x52, 0xF1, 0xA9, 0x3F, 0x67, 0x2A, 0x55, 0x7D, 0xC0, 0x6E, 0xDF, 0xA7, 0x52, 0xA9, 0x6E,
    0x4E, 0xE5, 0xD8, 0xEB, 0x60, 0x11, 0x41, 0x5A, 0x94, 0x23, 0xF1, 0xCF, 0x62, 0x01, 0xF5, 0x9B,
    0x94, 0x00, 0xDF, 0x0E, 0x74, 0x3F, 0x95, 0x6A, 0x0E, 0xC5, 0x8E, 0x5E, 0xE7, 0xA4, 0xCA, 0x79,
    0x5F, 0x8D, 0xF3, 0x83, 0x24, 0x60, 0x59, 0x6F, 0xD4, 0xD4, 0x83, 0xFA, 0x14, 0x52, 0xE4, 0x13,
    0xB0, 0x36, 0x6E, 0xD4, 0x45, 0xFD, 0xE1, 0xCD, 0x45, 0xE3, 0x5A, 0xE2, 0x85, 0xA6, 0x86, 0xB6,
    0xC5, 0x94, 0x0F, 0xCC, 0x10, 0xBF, 0x25, 0x60, 0xBD, 0xEF, 0xF2, 0xB8, 0xCD, 0x03, 0x8A, 0x08,
    0xCF, 0x35, 0x98, 0xB3, 0x07, 0x21, 0xB3, 0x3E, 0x94, 0x22, 0xC2, 0x53, 0x53, 0x52, 0x6B, 0x80,
    0x65, 0x4A, 0xD3, 0x89, 0x47, 0xB1, 0xCC, 0x4B, 0xF9, 0x84, 0xE5, 0xE8, 0xA0, 0x3C, 0xB3, 0x12,
    0x9F, 0x06, 0x60, 0x4B, 0x80, 0xE8, 0x84, 0xDB, 0x28, 0xA2, 0x88, 0xFA, 0x36, 0xA6, 0xF6, 0xF8,
    0xA2, 0xB8, 0xDB, 0x9C, 0x53, 0xB8, 0x04, 0x4C, 0xCE, 0xA5, 0x38, 0x57, 0xB6, 0xD5, 0xB3, 0x47,
    0xD0, 0x57, 0x63, 0xDA, 0x91, 0x50, 0x82, 0xB9, 0x4F, 0xCC, 0x85, 0x45, 0xFD, 0xA8, 0x7E, 0x86,
    0xD6, 0x20, 0x96, 0xC0, 0xDA, 0x51, 0xA9, 0x01, 0x31, 0xAA, 0x60, 0xD9, 0x26, 0x6E, 0x11, 0xD2,
    0xDF, 0x76, 0xE1, 0x94, 0x33, 0xD0, 0x4F, 0xD5, 0x46, 0x3D, 0x12, 0x02, 0x71, 0xEC, 0xFB, 0x86,
    0xFF, 0xF7, 0xBD, 0x37, 0x56, 0xD5, 0x3A, 0xF2, 0xC3, 0x42, 0x3D, 0x38, 0x72, 0xD9, 0xF5, 0x56,
    0x9A, 0xFF, 0x86, 0xAB, 0x49, 0xA7, 0xA4, 0xE3, 0x45, 0xD6, 0x31, 0x0F, 0x8C, 0x4E, 0xC6, 0xB2,
    0x9D, 0x8E, 0xDA, 0x12, 0xE8, 0xA7, 0x61, 0x6C, 0x4E, 0xCA, 0x63, 0x53, 0x9B, 0x57, 0x70, 0x21,
    0xE3, 0x6D, 0xD6, 0xEE, 0xAF, 0x1D, 0x83, 0x58, 0x01, 0x83, 0x18, 0xD8, 0x70, 0x56, 0xA2, 0xC1,
    0x9B, 0x33, 0x84, 0x81, 0x37, 0x67, 0x04, 0xC3, 0x4A, 0x07, 0xE8, 0xBF, 0xFC, 0xE7, 0x44, 0xEE,
    0x49, 0x5F, 0xB4, 0x3A, 0x72, 0x24, 0x4F, 0xA0, 0xEE, 0x38, 0x73, 0xAD, 0x5C, 0x3F, 0x4C, 0x8B,
    0xC8, 0x7B, 0x3F, 0x5C, 0x59, 0xA1, 0xE5, 0x03, 0x37, 0x5C, 0x73, 0x2F, 0xC3, 0x2F, 0xAB, 0x06,
    0xCD, 0xC0, 0x38, 0x9E, 0x42, 0xBE, 0x6F, 0xFA, 0x5B, 0x1E, 0xDC, 0x30, 0x50, 0x94, 0x76, 0xDE,
    0xC2, 0x02, 0xFC, 0x93, 0xD1, 0x21, 0x3A, 0x85, 0x1E, 0xF4, 0x85, 0xA3, 0x4D, 0xD5, 0x91, 0x84,
    0x94, 0xEA, 0x9D, 0x36, 0xC7, 0xD4, 0xE4, 0x4E, 0x0F, 0x84, 0xF5, 0x2E, 0x6E, 0x94, 0x29, 0x62,
    0xB6, 0x5F, 0x60, 0xB0, 0xC2, 0xC0, 0xCA, 0x15, 0x1D, 0x07, 0x96, 0x21, 0x8D, 0xF2, 0xEF, 0xA3,
    0x58, 0x15, 0xC4, 0xFB, 0x96, 0x9D, 0xF5, 0x4B, 0xB6, 0x72, 0x45, 0x69, 0xEF, 0x1D, 0x46, 0xF4,
    0x1A, 0xA5, 0x1D, 0x81, 0xC0, 0x79, 0x4B, 0x0C, 0x87, 0x6B, 0xD2, 0xFE, 0xB1, 0xAD, 0x58, 0x12,
    0x55, 0xAA, 0x29, 0x93, 0xB2, 0x60, 0x85, 0x5D, 0xFE, 0xBE, 0x9C, 0xFC, 0xC1, 0x98, 0x7D, 0xA4,
    0xCB, 0x8B, 0xCF, 0xC5, 0x56, 0x96, 0x99, 0xC8, 0xFF, 0x2C, 0x36, 0x2D, 0xA0, 0x58, 0x2A, 0x03,
    0x53, 0x91, 0xC9, 0x9F, 0x53, 0x3D, 0x72, 0xDA, 0xA4, 0xBD, 0xCF, 0x40, 0x26, 0xAC, 0xB4, 0xB5,
    0xFC, 0xB3, 0x55, 0x88, 0xE4, 0xFF, 0x9D, 0x19, 0xA4, 0x4C, 0x55, 0xFB, 0xB5, 0xA8, 0x16, 0x71,
    0xD7, 0xAA, 0x44, 0x38, 0x7B, 0x7A, 0x2E, 0x76, 0x61, 0xC2, 0xA0, 0xED, 0x81, 0x6D, 0x9F, 0x34,
    0x08, 0xF2, 0x14, 0xF1, 0x34, 0x0D, 0x05, 0xEF, 0x7B, 0x66, 0x95, 0x88, 0xEC, 0xE7, 0x5C, 0x25,
    0x62, 0x37, 0x57, 0x89, 0x20, 0x9A, 0x76, 0x3B, 0x57, 0x8C, 0x78, 0x18, 0xDB, 0xBC, 0xF7, 0x31,
    0xF5, 0x87, 0x72, 0x6E, 0xED, 0x4B, 0x76, 0x6E, 0x46, 0xE9, 0xDC, 0x86, 0xC3, 0x1C, 0xD7, 0x67,
    0x65, 0x8A, 0xCC, 0xDA, 0x2B, 0x34, 0xA7, 0xCE, 0xED, 0x1D, 0x4B, 0x11, 0x7F, 0xDD, 0xCE, 0x2D,
    0x3B, 0x75, 0x6E, 0xE3, 0x4F, 0x51, 0xE5, 0xE3, 0xCC, 0xFD, 0x4F, 0xFD, 0xFE, 0xAF, 0xDD, 0x2B,
    0x70, 0x67, 0xFD, 0xB0, 0x31, 0x20, 0x71, 0x70, 0x58, 0xBA, 0xE7, 0x33, 0xC3, 0xBB, 0x19, 0xDA,
    0xCD, 0x32, 0x23, 0x28, 0x0D, 0x70, 0x55, 0x50, 0x65, 0x21, 0x7A, 0x05, 0xFB, 0x0F, 0x1E, 0x3E,
    0x9E, 0x5D, 0xA5, 0xE3, 0xFF, 0x03, 0xED, 0x5C, 0x3F, 0x8C, 0xE4, 0x56, 0x19, 0x7F, 0xB6, 0x73,
    0x6B, 0xB4, 0x46, 0x72, 0x8A, 0x50, 0xDC, 0x9E, 0xC0, 0x14, 0x14, 0x97, 0x14, 0xE7, 0x26, 0x65,
    0x6E, 0x6D, 0x08, 0x52, 0x8A, 0x14, 0xB9, 0x82, 0x13, 0x65, 0x0E, 0x89, 0x82, 0x54, 0xDB, 0x50,
    0x50, 0x24, 0x67, 0x43, 0x8A, 0x14, 0x48, 0x64, 0x0B, 0xFA, 0x5C, 0x71, 0x05, 0x49, 0x73, 0x4D,
    0xCA, 0xBD, 0xF3, 0x00, 0x42, 0x11, 0x4A, 0x81, 0x11, 0x42, 0x08, 0x51, 0x64, 0x22, 0xAE, 0x40,
    0x50, 0x64, 0x84, 0x1C, 0x98, 0xC0, 0x8C, 0x1F, 0xDF, 0xF7, 0xFD, 0xBE, 0xF7, 0xC6, 0x9E, 0x9D,
    0x4D, 0x88, 0x40, 0xB7, 0xBB, 0x73, 0x3B, 0xBA, 0xF3, 0x9B, 0xDD, 0xF1, 0xDA, 0xEF, 0x7D, 0xBF,
    0xDF, 0xFB, 0xFE, 0x7B, 0x8C, 0x31, 0xA6, 0x98, 0x1B, 0x79, 0x55, 0x0B, 0x8C, 0x16, 0x63, 0xA8,
    0x63, 0xFC, 0x11, 0xC6, 0xF4, 0x37, 0x4B, 0x19, 0xB3, 0x97, 0x30, 0x16, 0x69, 0x2F, 0xE3, 0xFD,
    0xD4, 0xCA, 0x38, 0xC7, 0x18, 0xCD, 0x12, 0x19, 0xE3, 0x29, 0xC6, 0x74, 0x12, 0xDB, 0x92, 0xC6,
    0xBC, 0x8C, 0x6D, 0xCD, 0x7F, 0x66, 0x22, 0x19, 0xFB, 0x9B, 0xDF, 0xB6, 0x13, 0x63, 0x02, 0x4B,
    0x2F, 0x1A, 0x23, 0x1D, 0x93, 0x29, 0xDD, 0x78, 0xC2, 0x7F, 0x46, 0x63, 0xCB, 0x7F, 0x46, 0xA7,
    0x4C, 0x69, 0x72, 0x06, 0x23, 0xDF, 0xD3, 0xCE, 0x4C, 0xD8, 0xF3, 0xCF, 0x9D, 0x39, 0xA0, 0xDF,
    0xDD, 0xB3, 0x7D, 0xD9, 0xD0, 0xEF, 0xE8, 0x02, 0xA5, 0xD5, 0xD1, 0x1C, 0x7B, 0xC5, 0x1D, 0xC6,
    0x0C, 0xB3, 0x37, 0xC5, 0xFA, 0xA8, 0xAB, 0xA7, 0x09, 0xC8, 0xEB, 0xA0, 0x7F, 0xA1, 0x95, 0x59,
    0x4D, 0x4C, 0x66, 0xEF, 0xD1, 0xB1, 0xEA, 0x22, 0x3A, 0xDA, 0x96, 0xA6, 0x2F, 0xFF, 0x4A, 0x5A,
    0x5F, 0x6C, 0x0D, 0x49, 0x81, 0xDE, 0xD0, 0x55, 0x69, 0xF9, 0x74, 0x0D, 0xFA, 0x91, 0xE4, 0x99,
    0x2E, 0xE9, 0x74, 0x93, 0x2D, 0xF8, 0x48, 0xBF, 0xAC, 0x66, 0x7A, 0x6C, 0xE6, 0x74, 0xE4, 0x79,
    0x17, 0x5D, 0xD4, 0xF0, 0x47, 0x29, 0x9D, 0x9C, 0xD9, 0xFB, 0x45, 0xDF, 0x25, 0xB6, 0xCB, 0xED,
    0x34, 0xB0, 0x75, 0xD2, 0x8F, 0x27, 0x1E, 0xC8, 0x04, 0x55, 0x98, 0xB2, 0x32, 0x77, 0x14, 0x94,
    0x14, 0x3C, 0x13, 0xDE, 0xD5, 0xF5, 0x59, 0x5D, 0x8F, 0x48, 0xD9, 0x98, 0xE7, 0xF2, 0x89, 0x8C,
    0x4F, 0x66, 0x18, 0x4D, 0x8E, 0xDF, 0x9B, 0x46, 0xE5, 0xA2, 0x17, 0x88, 0xF5, 0xE3, 0x44, 0xC7,
    0x60, 0x4D, 0x7E, 0x5B, 0xCA, 0x92, 0x57, 0x64, 0x36, 0x7C, 0x0D, 0x12, 0xE8, 0x8C, 0x8F, 0x2F,
    0xF0, 0x31, 0x88, 0x66, 0x32, 0x3D, 0x39, 0x42, 0x82, 0x58, 0x87, 0xB0, 0x28, 0x98, 0xAD, 0xB3,
    0xEB, 0x0C, 0xB0, 0xE5, 0x67, 0x18, 0x22, 0xC5, 0x29, 0x69, 0x45, 0xAE, 0x7D, 0xA6, 0x6C, 0x78,
    0x0A, 0xA8, 0x15, 0x13, 0x9C, 0x94, 0xE2, 0xE3, 0x36, 0x92, 0x05, 0x5D, 0x36, 0xE6, 0xAE, 0xD9,
    0xF4, 0xDA, 0x5A, 0xDD, 0xF0, 0x0C, 0xD6, 0x83, 0x69, 0x8A, 0x10, 0x22, 0xFB, 0x62, 0x2D, 0x2C,
    0xF8, 0xB5, 0xAC, 0xE0, 0x2D, 0xD1, 0x03, 0x4B, 0x51, 0x1B, 0xF1, 0x2C, 0xE0, 0x75, 0xEE, 0x94,
    0xE6, 0xEA, 0x71, 0x11, 0x09, 0xF4, 0x8A, 0xBD, 0x82, 0xAF, 0xE8, 0x03, 0x7E, 0x03, 0xFC, 0x0D,
    0x08, 0xA0, 0x0C, 0x50, 0x0A, 0x28, 0x07, 0x94, 0x04, 0xCA, 0x02, 0xA5, 0x81, 0xF2, 0x40, 0x89,
    0xA0, 0x4C, 0x50, 0x2A, 0x28, 0x17, 0x94, 0x0C, 0x06, 0x6C, 0x30, 0x9E, 0x0E, 0x81, 0xA2, 0x65,
    0x96, 0x0E, 0xC6, 0x4B, 0xDF, 0x02, 0x4E, 0x2F, 0x03, 0x8F, 0xA0, 0x82, 0x18, 0x82, 0x1E, 0xDC,
    0x8E, 0xBB, 0x04, 0x4C, 0xAF, 0xBD, 0x3E, 0x31, 0x8F, 0x0F, 0x1F, 0x1E, 0x60, 0x8E, 0x98, 0xF1,
    0x0F, 0x6F, 0xF2, 0x84, 0xDE, 0x97, 0xFB, 0x1E, 0xF0, 0xD5, 0x4D, 0xF3, 0x12, 0xC9, 0x26, 0x5C,
    0xF0, 0xC6, 0xA2, 0x5D, 0x73, 0x7F, 0xA3, 0x5C, 0x4E, 0x7F, 0xFF, 0xE7, 0xAD, 0xAA, 0x75, 0xD5,
    0x4D, 0xDF, 0xD1, 0x31, 0x94, 0x71, 0xE7, 0xED, 0x74, 0x02, 0xEB, 0xF0, 0x65, 0xE0, 0x67, 0xBF,
    0x09, 0xDB, 0x02, 0xFC, 0x93, 0x99, 0x6A, 0xBA, 0x32, 0xE8, 0x1E, 0x2B, 0x3D, 0x00, 0x6B, 0x9F,
    0xCB, 0xEA, 0xAE, 0x1E, 0xC9, 0x1C, 0xE5, 0x18, 0x92, 0x18, 0x62, 0x51, 0x08, 0xA9, 0x7D, 0x9F,
    0x67, 0xF4, 0x01, 0x9F, 0xD8, 0xB3, 0x36, 0x88, 0x3B, 0xDE, 0x5E, 0xBB, 0xB5, 0xF9, 0xDE, 0x19,
    0xE3, 0xC0, 0x5E, 0x79, 0x09, 0xD8, 0x74, 0xD7, 0x80, 0x0D, 0xC0, 0x89, 0xDA, 0x46, 0x96, 0x17,
    0x94, 0x3B, 0x87, 0xA3, 0xF9, 0x2A, 0x36, 0x64, 0x1B, 0x14, 0xD3, 0x0A, 0xB6, 0x61, 0xA1, 0xB6,
    0x61, 0x0A, 0x1B, 0xB8, 0x57, 0x3E, 0x56, 0xB6, 0x61, 0xF7, 0x30, 0x28, 0xD9, 0x2B, 0x4C, 0xE9,
    0x48, 0xBF, 0x61, 0x63, 0x9F, 0xF3, 0xC4, 0xCB, 0xF0, 0xCE, 0xCA, 0x97, 0x54, 0x07, 0x6C, 0x72,
    0x4E, 0x98, 0x91, 0x28, 0xC2, 0xB9, 0x1A, 0xBF, 0x4A, 0x66, 0x4E, 0x82, 0x80, 0xD2, 0x88, 0xE7,
    0xD0, 0xFE, 0x59, 0x1B, 0xCA, 0xEE, 0xDF, 0x33, 0xE6, 0xBB, 0x8F, 0x97, 0x37, 0x30, 0x7A, 0x85,
    0x6A, 0x35, 0x9D, 0xD4, 0x52, 0x3D, 0x29, 0xF5, 0x3F, 0x8F, 0x3D, 0x2D, 0x31, 0xF5, 0x8E, 0x0D,
    0xE2, 0x43, 0xDA, 0x17, 0x3A, 0xDE, 0x47, 0xCC, 0x06, 0x72, 0xC3, 0x5E, 0x3B, 0x7B, 0xBE, 0xE2,
    0x30, 0xB2, 0x88, 0x47, 0x31, 0xC5, 0x86, 0xC8, 0xC2, 0x24, 0x6A, 0x4A, 0x5C, 0x04, 0x51, 0xE8,
    0xEF, 0x71, 0x42, 0x70, 0x78, 0x78, 0x07, 0x86, 0x06, 0xA6, 0xC6, 0xD8, 0x06, 0xE7, 0x35, 0x2A,
    0xB7, 0xEC, 0xD3, 0x5D, 0x8A, 0x6D, 0x65, 0x15, 0xE8, 0xA1, 0x3B, 0x4B, 0x62, 0xAE, 0xEB, 0x7C,
    0xB8, 0x75, 0xEB, 0x6B, 0x62, 0x64, 0xF8, 0xD3, 0xEA, 0xDE, 0x4C, 0x38, 0xC3, 0xF2, 0x4A, 0x96,
    0xE6, 0x4C, 0x7A, 0x16, 0x45, 0x39, 0x06, 0xDF, 0xC5, 0x87, 0x0A, 0x76, 0x70, 0x78, 0x03, 0xE8,
    0x77, 0x91, 0xA2, 0x6F, 0x2F, 0xD0, 0x97, 0x0B, 0x78, 0xEF, 0x42, 0x05, 0x23, 0xEB, 0xBC, 0xF5,
    0x94, 0xA0, 0x1F, 0x08, 0xFA, 0xF6, 0xEC, 0xA3, 0x1F, 0xF4, 0x4E, 0xC7, 0x01, 0xCD, 0x30, 0x75,
    0x74, 0x58, 0xD3, 0x01, 0xED, 0x1D, 0x04, 0xC6, 0xD1, 0x85, 0x0E, 0x18, 0xE8, 0x80, 0xA6, 0x14,
    0x33, 0x2B, 0xB2, 0x78, 0x7D, 0xB2, 0xDA, 0x3E, 0xFB, 0x7C, 0xB8, 0xFB, 0xFD, 0xAB, 0x6B, 0x9A,
    0x20, 0x3F, 0xD3, 0x5C, 0xD8, 0xAD, 0x2F, 0x29, 0x56, 0xB9, 0xEE, 0xF4, 0x25, 0x30, 0xAF, 0x00,
    0xDE, 0x8D, 0xB1, 0x7F, 0x19, 0x4E, 0x8D, 0x70, 0x21, 0xE8, 0xA2, 0xE9, 0x88, 0x13, 0x95, 0xDA,
    0xCF, 0xC7, 0x93, 0x13, 0xA1, 0xF8, 0x97, 0xD9, 0x32, 0xAD, 0x79, 0xEF, 0xF3, 0x54, 0x8E, 0x24,
    0x25, 0x79, 0x23, 0x58, 0xF9, 0x97, 0xEF, 0x9A, 0x1F, 0x88, 0x96, 0xE8, 0xD6, 0x98, 0x11, 0x9F,
    0x4D, 0x66, 0x84, 0x35, 0xFC, 0x45, 0xC2, 0xB9, 0x83, 0xE7, 0x80, 0x68, 0x92, 0x64, 0xD8, 0x5E,
    0x68, 0x81, 0x63, 0xAF, 0x44, 0x43, 0xEC, 0xFC, 0x84, 0x0C, 0x74, 0xAA, 0x19, 0xE8, 0x4E, 0x1C,
    0x86, 0xA5, 0x24, 0x73, 0x1A, 0xB5, 0x15, 0x2C, 0xCF, 0x75, 0x37, 0xEE, 0xCC, 0xF9, 0x95, 0xC9,
    0x7C, 0xB5, 0x3C, 0x2C, 0x0E, 0x4B, 0x83, 0x39, 0xCC, 0x58, 0xBE, 0x33, 0x62, 0xB4, 0x0C, 0xC6,
    0x7E, 0x72, 0xB3, 0x9A, 0x4A, 0xCE, 0x8B, 0xC3, 0xCE, 0x66, 0x26, 0x89, 0x4B, 0xFA, 0x80, 0x15,
    0x25, 0x06, 0x91, 0xB6, 0x01, 0x08, 0x06, 0x98, 0x38, 0xA7, 0x9B, 0x86, 0xBF, 0xBE, 0x53, 0xB3,
    0x0F, 0x0B, 0xC8, 0x30, 0x28, 0x0D, 0xDC, 0xD0, 0x0F, 0xF3, 0xFE, 0x2A, 0x74, 0x95, 0x35, 0x0F,
    0xE4, 0x9E, 0xB3, 0x02, 0x43, 0xDE, 0x8D, 0x85, 0x4D, 0x77, 0x25, 0xDF, 0x2D, 0xB4, 0x1F, 0xDF,
    0x3C, 0xE8, 0x48, 0xF0, 0x56, 0x91, 0x94, 0xD9, 0xAE, 0x39, 0xD0, 0xFD, 0x20, 0x00, 0xA0, 0x49,
    0xE8, 0x50, 0x0F, 0xA3, 0x88, 0x2B, 0x7D, 0xC9, 0xA1, 0xF8, 0xD4, 0x64, 0x3D, 0x49, 0xB1, 0x9A,
    0x16, 0x0B, 0x92, 0x58, 0xBE, 0x88, 0xAC, 0xC9, 0x17, 0xA4, 0xE9, 0x8B, 0x2E, 0x5D, 0xD0, 0xAA,
    0xF3, 0x05, 0xFD, 0x75, 0xD1, 0x93, 0x3E, 0x20, 0x9D, 0x40, 0xA7, 0x11, 0x91, 0x78, 0x3A, 0x92,
    0xFD, 0x33, 0x78, 0x57, 0xD0, 0xEC, 0x78, 0xC2, 0x71, 0x99, 0xF5, 0x26, 0xA7, 0xB5, 0xFE, 0xAD,
    0x67, 0xCE, 0xD2, 0xD4, 0xAF, 0x68, 0xAA, 0x5F, 0x5F, 0x6C, 0x74, 0x64, 0x4A, 0x31, 0xE8, 0x5C,
    0xAF, 0xCC, 0x78, 0xF0, 0xB6, 0x4A, 0xA6, 0x06, 0x12, 0x22, 0xD1, 0xAF, 0x80, 0x70, 0x4F, 0x20,
    0xEC, 0x57, 0xD7, 0xC5, 0x54, 0xC3, 0x55, 0xA8, 0x06, 0xD7, 0x21, 0x18, 0x90, 0xFA, 0x7C, 0xA3,
    0x19, 0xDC, 0x75, 0x15, 0x13, 0x29, 0x97, 0xA0, 0x56, 0x22, 0x9E, 0xAE, 0x54, 0x49, 0x1A, 0x57,
    0x37, 0x92, 0xE2, 0x88, 0xAB, 0x90, 0x98, 0x47, 0x0D, 0x6C, 0x5E, 0x87, 0xE2, 0x4C, 0x74, 0x09,
    0x43, 0x69, 0x97, 0x59, 0x09, 0x2D, 0xC5, 0x73, 0xFA, 0xAD, 0x65, 0x81, 0xA4, 0xB5, 0xA8, 0xCC,
    0x1D, 0x5F, 0xBD, 0xDA, 0x16, 0x80, 0x9A, 0xC3, 0x5C, 0xD6, 0xDA, 0xCB, 0xDD, 0x16, 0xB2, 0x1C,
    0x92, 0xD9, 0xB5, 0xA0, 0x69, 0x37, 0xEA, 0x40, 0x06, 0x05, 0xA8, 0x00, 0x16, 0xC1, 0xC5, 0x08,
    0x30, 0x46, 0x90, 0x31, 0x02, 0x8D, 0x11, 0x6C, 0x8C, 0x80, 0x63, 0x04, 0x1D, 0xC0, 0x03, 0x7C,
    0x00, 0x0B, 0x10, 0xD2, 0xF7, 0x82, 0x11, 0x40, 0x32, 0x82, 0x12, 0x60, 0x52, 0x9C, 0x86, 0x3B,
    0xF0, 0x19, 0x33, 0x2A, 0xAF, 0x21, 0x8A, 0x8E, 0xEC, 0x1B, 0x2D, 0x52, 0x0A, 0xBF, 0x82, 0x58,
    0x3E, 0x80, 0x2E, 0xE9, 0x11, 0x24, 0x46, 0x1D, 0x32, 0xF5, 0x3B, 0x35, 0x57, 0x62, 0xCC, 0x09,
    0x10, 0x7A, 0x0C, 0x1D, 0x88, 0x0E, 0x45, 0x07, 0xA3, 0xC3, 0xD1, 0x8D, 0x8A, 0xA4, 0x83, 0xD2,
    0x61, 0xE9, 0xC0, 0x74, 0x68, 0x3A, 0x38, 0x1D, 0x9E, 0xC7, 0x12, 0x1D, 0x2E, 0x51, 0xE8, 0x4A,
    0xA7, 0xF9, 0x9A, 0xC1, 0x52, 0x58, 0x1D, 0xAE, 0x0E, 0x58, 0x45, 0xD6, 0x41, 0xEB, 0xB0, 0x1D,
    0xEB, 0xD2, 0x57, 0x56, 0xF5, 0x0A, 0x0E, 0x1D, 0x12, 0xCB, 0x01, 0x46, 0x66, 0x7F, 0xCA, 0x97,
    0x39, 0xE0, 0x35, 0x2C, 0x38, 0x82, 0x4E, 0xA6, 0x2C, 0xC7, 0xDD, 0xF2, 0x58, 0x66, 0xED, 0x74,
    0xF1, 0xAE, 0xCC, 0x30, 0x44, 0x4E, 0x7F, 0x7E, 0x53, 0xE2, 0xFE, 0x3F, 0x40, 0xBC, 0x2F, 0x43,
    0xEA, 0xD5, 0x8F, 0x45, 0xD1, 0x2C, 0xC3, 0x85, 0xB8, 0x22, 0xE6, 0xF6, 0x09, 0xBE, 0xCF, 0xB9,
    0xDE, 0xA7, 0xF2, 0xD7, 0xB2, 0xB2, 0x3C, 0xB8, 0x49, 0x37, 0x7C, 0xD3, 0x4A, 0x8D, 0x89, 0xE7,
    0x9A, 0x4D, 0xE9, 0xCF, 0x22, 0x59, 0xC6, 0x62, 0xE3, 0x76, 0x7D, 0x54, 0xC6, 0x51, 0xDD, 0xAE,
    0x0C, 0xB3, 0xF8, 0xC2, 0x73, 0xF8, 0xED, 0xAB, 0x0C, 0xCE, 0x3B, 0xCF, 0xCF, 0x64, 0x1B, 0xBC,
    0x57, 0x0B, 0x10, 0x1F, 0x0A, 0x6E, 0x6F, 0xF0, 0xF9, 0xA1, 0x24, 0xF1, 0x36, 0xE2, 0x76, 0xDE,
    0xFD, 0x18, 0x14, 0x88, 0x0B, 0x91, 0xCA, 0xB3, 0xF3, 0x55, 0x71, 0x7B, 0xB5, 0x0D, 0x73, 0xFB,
    0x13, 0x09, 0x40, 0x26, 0xEC, 0x07, 0xC8, 0x36, 0x9C, 0x9D, 0xC9, 0x6D, 0x68, 0x76, 0x24, 0xA6,
    0x22, 0x5F, 0x53, 0xB4, 0x5F, 0x03, 0xAF, 0xBB, 0xCB, 0x45, 0x60, 0x37, 0x82, 0x61, 0xF5, 0x02,
    0x1E, 0x3F, 0x89, 0xB4, 0x1D, 0xA8, 0xE1, 0x46, 0xB4, 0x30, 0x1D, 0x96, 0x72, 0x2D, 0xF3, 0xF4,
    0x76, 0x41, 0x8D, 0xBA, 0x50, 0x33, 0xCF, 0x44, 0x6E, 0x3D, 0x47, 0xE6, 0xEC, 0x2D, 0x8C, 0xEA,
    0x41, 0x88, 0x90, 0x72, 0x91, 0xCE, 0x39, 0x00, 0xDC, 0x80, 0xC3, 0x21, 0x86, 0x44, 0x3E, 0x33,
    0xD9, 0xDF, 0x17, 0x70, 0x5C, 0x7B, 0xE4, 0xB6, 0x59, 0x2D, 0x53, 0x50, 0xBD, 0xBB, 0x6D, 0x1B,
    0xF7, 0x73, 0x06, 0x20, 0x12, 0xF4, 0x66, 0xD2, 0x95, 0x40, 0x0B, 0x08, 0x2C, 0xE1, 0x1A, 0xCF,
    0x09, 0x56, 0xF2, 0xF3, 0x8F, 0x4E, 0x4B, 0x17, 0x7F, 0x56, 0xA0, 0x22, 0x71, 0x8A, 0x44, 0x29,
    0x32, 0xF1, 0x6B, 0x8C, 0x0C, 0xE2, 0x13, 0x89, 0x4E, 0xAA, 0x52, 0x97, 0x27, 0x01, 0x49, 0xD4,
    0x0E, 0x63, 0x92, 0x8C, 0xEF, 0x94, 0x0B, 0xC9, 0x24, 0x3F, 0x25, 0xC9, 0x29, 0x29, 0x8A, 0x5B,
    0x77, 0x10, 0x3C, 0x05, 0xCD, 0x10, 0x37, 0x76, 0x77, 0x17, 0x51, 0x25, 0x92, 0xBF, 0xB5, 0x0E,
    0xBF, 0xAC, 0x77, 0xD8, 0xE5, 0x0B, 0x87, 0x9B, 0x1C, 0x70, 0xE1, 0x4E, 0x0A, 0xAE, 0xDC, 0x2A,
    0x60, 0x0F, 0x19, 0xAB, 0xD6, 0x80, 0x02, 0xBB, 0xF4, 0xD3, 0xC2, 0xD0, 0x6E, 0x9B, 0x59, 0x53,
    0x3E, 0x60, 0x0B, 0x19, 0xCF, 0xB9, 0x0C, 0x40, 0x8C, 0xBE, 0xE6, 0x96, 0x6F, 0xDB, 0xC6, 0x4E,
    0x28, 0x50, 0x8F, 0x25, 0x38, 0xA7, 0xC8, 0x9C, 0x76, 0x61, 0x2A, 0xF1, 0x39, 0x45, 0xE3, 0x64,
    0xA7, 0xE8, 0x86, 0x74, 0x27, 0x8A, 0xB7, 0x49, 0xAC, 0xF4, 0x8F, 0xEE, 0xD5, 0xCC, 0xBF, 0x5A,
    0xD9, 0xAE, 0xB0, 0x2D, 0x87, 0xDC, 0x8F, 0x7E, 0xA5, 0xC1, 0xA6, 0x95, 0x8E, 0xC9, 0xA8, 0xD7,
    0xAC, 0x55, 0xA5, 0x80, 0x84, 0x7C, 0xE4, 0x1F, 0xB9, 0xBC, 0x94, 0x5A, 0xDC, 0x2E, 0x9A, 0x0F,
    0x94, 0xCF, 0x92, 0xFE, 0x2F, 0xCC, 0x2E, 0x3B, 0xF8, 0x7C, 0x33, 0x36, 0x4A, 0xCC, 0x27, 0x5E,
    0x8C, 0x6C, 0xD1, 0x29, 0xF7, 0xD2, 0x48, 0x22, 0x95, 0xD7, 0x11, 0xC9, 0xFF, 0x5A, 0x16, 0x11,
    0x4B, 0x67, 0x0D, 0xFF, 0xFF, 0x11, 0x6F, 0xC2, 0x32, 0x62, 0x51, 0x34, 0xAB, 0x28, 0x28, 0x9B,
    0xE2, 0x92, 0x5C, 0x03, 0xE7, 0x25, 0xA0, 0xE2, 0x19, 0x34, 0xAC, 0x7E, 0x34, 0x98, 0x20, 0x94,
    0x9A, 0x5E, 0xB6, 0x4D, 0x42, 0x17, 0x25, 0x01, 0xB0, 0xC0, 0x98, 0xC9, 0xBC, 0xED, 0xA6, 0x3C,
    0x0B, 0x91, 0x5B, 0xD3, 0x89, 0xD0, 0x2A, 0x64, 0x97, 0xAA, 0xB9, 0x88, 0xAB, 0x9A, 0xCB, 0x7E,
    0x6E, 0xE6, 0x22, 0xA8, 0xA6, 0x93, 0x30, 0xCC, 0x76, 0x22, 0x31, 0x3B, 0xE3, 0x9B, 0x12, 0x04,
    0x8D, 0x38, 0xC1, 0x2D, 0xDF, 0x9E, 0xAE, 0xC4, 0x3F, 0xD1, 0x95, 0xF8, 0x14, 0x24, 0x60, 0x14,
    0x6A, 0x51, 0x97, 0x56, 0x16, 0x4B, 0x53, 0xE1, 0x7B, 0x05, 0x34, 0x31, 0x01, 0x16, 0x79, 0xB4,
    0x1D, 0xFB, 0xC9, 0x71, 0xB7, 0x71, 0xAC, 0x01, 0x92, 0x8D, 0x1A, 0xE0, 0x80, 0x17, 0x1B, 0x23,
    0x84, 0xE8, 0x89, 0x95, 0xB4, 0x22, 0xE2, 0x58, 0xC8, 0xC4, 0xE3, 0x99, 0x10, 0xF7, 0xE8, 0xBE,
    0x24, 0x50, 0x5A, 0x7A, 0xA4, 0x1A, 0xBC, 0xE6, 0xFD, 0x4B, 0xC7, 0xB9, 0x4C, 0x95, 0x3B, 0x8C,
    0x44, 0x41, 0xCA, 0x31, 0x93, 0x54, 0x11, 0x93, 0xB3, 0x93, 0x7F, 0x73, 0x9E, 0x72, 0xBE, 0x60,
    0x64, 0x52, 0x7B, 0xAF, 0x17, 0xBB, 0xC0, 0x62, 0xCD, 0xFB, 0xF5, 0xE4, 0x57, 0x36, 0x5D, 0x69,
    0x7A, 0xE8, 0x6C, 0xD9, 0x3F, 0xBE, 0x77, 0x45, 0xD3, 0x13, 0x89, 0x4B, 0x4F, 0x4C, 0x46, 0xE9,
    0x09, 0x80, 0xAA, 0x59, 0x0A, 0xF4, 0xAD, 0x84, 0xFD, 0xB0, 0x16, 0xA5, 0xE9, 0x89, 0x70, 0x98,
    0x86, 0x3E, 0xDF, 0x48, 0xBF, 0xB2, 0x52, 0xEB, 0xA9, 0x18, 0xA1, 0x34, 0x19, 0xF4, 0x25, 0x6A,
    0xF3, 0xCA, 0xC4, 0x97, 0x72, 0xD1, 0x97, 0xB8, 0xA9, 0x3B, 0xF1, 0xB4, 0x09, 0xA0, 0xD1, 0x30,
    0x02, 0xBD, 0xE0, 0x9D, 0x48, 0xED, 0xF6, 0x9B, 0xC8, 0x6F, 0xD8, 0x3F, 0xE2, 0xA4, 0x37, 0x61,
    0xD5, 0x17, 0xD0, 0x0D, 0x1B, 0x23, 0x86, 0xE3, 0xD0, 0x3A, 0x6C, 0x15, 0x5C, 0x87, 0xAE, 0x83,
    0xD7, 0xE1, 0xAB, 0x00, 0x1B, 0x45, 0xD8, 0x28, 0xC4, 0x46, 0x31, 0x36, 0x0A, 0xB2, 0x51, 0x94,
    0x8D, 0xC2, 0x6C, 0x14, 0x67, 0xA3, 0x40, 0x1B, 0x45, 0xDA, 0x28, 0xD4, 0x46, 0xB1, 0x36, 0x0A,
    0xB6, 0x51, 0xB4, 0x1D, 0xDC, 0x0E, 0x6F, 0x07, 0xB8, 0x43, 0xDC, 0x43, 0xEE, 0x30, 0x1F, 0x6D,
    0xEF, 0xBD, 0x72, 0x20, 0x35, 0x29, 0x16, 0x86, 0xF6, 0x3D, 0xC9, 0xFD, 0xDA, 0xDF, 0x8B, 0xC4,
    0xFE, 0x04, 0xC7, 0x35, 0x54, 0xC7, 0xF5, 0x01, 0x68, 0x7F, 0x79, 0x53, 0x52, 0xB8, 0x34, 0x0E,
    0x7B, 0x05, 0x1F, 0xE8, 0x2B, 0xFC, 0x8A, 0xBF, 0x01, 0x01, 0x0C, 0x18, 0x60, 0x40, 0x01, 0x03,
    0x0E, 0x18, 0x90, 0xC0, 0x80, 0x05, 0x4A, 0x03, 0xE5, 0x81, 0x12, 0x41, 0x99, 0xA0, 0x54, 0x50,
    0x2E, 0x28, 0x19, 0x1C, 0x1B, 0x3C, 0x1D, 0x1E, 0x8C, 0xBA, 0x08, 0xD0, 0x70, 0xE7, 0x3A, 0xEE,
    0xB4, 0xE5, 0x0E, 0x3D, 0x77, 0x8E, 0x09, 0x44, 0x84, 0xA3, 0xCF, 0x20, 0xC1, 0xB9, 0xDC, 0xDF,
    0xC5, 0xA0, 0x1F, 0x3B, 0x99, 0x70, 0xF2, 0x20, 0xFC, 0xB3, 0x2C, 0xFF, 0x65, 0xD9, 0xEB, 0xC5,
    0x7B, 0x6C, 0x72, 0x25, 0xFF, 0x4F, 0xFB, 0xBD, 0x3A, 0x21, 0xE7, 0x7F, 0xCA, 0x3B, 0x5B, 0x13,
    0x8E, 0xE8, 0xA0, 0x73, 0x2D, 0x74, 0x0A, 0x57, 0xA0, 0x6D, 0xB5, 0x68, 0xAE, 0x7E, 0x5F, 0x96,
    0xFC, 0x91, 0x70, 0xDD, 0x8A, 0x1A, 0x8B, 0xE6, 0xA1, 0xC2, 0x7B, 0x7F, 0xAB, 0x70, 0xE5, 0x77,
    0x0F, 0x45, 0x83, 0x89, 0xFE, 0xFA, 0xA2, 0xF4, 0x7D, 0xA0, 0xFB, 0x83, 0xF7, 0x72, 0x64, 0x7F,
    0xD9, 0xF2, 0x4E, 0xFE, 0x5D, 0xE9, 0x22, 0x50, 0x09, 0x40, 0xE9, 0x7F, 0xBF, 0x31, 0xFC, 0x3C,
    0x65, 0x8C, 0xB3, 0x76, 0x87, 0xDF, 0x54, 0xD2, 0x11, 0x67, 0x24, 0x86, 0xE3, 0x9E, 0x38, 0x59,
    0xDA, 0xB0, 0x29, 0xCE, 0x75, 0x12, 0x69, 0x27, 0xD4, 0x63, 0x02, 0x35, 0x52, 0x0F, 0x79, 0x9F,
    0x48, 0x7C, 0xC5, 0x73, 0xC2, 0x5C, 0x86, 0x69, 0x87, 0x48, 0xB3, 0xAB, 0xAD, 0x39, 0x17, 0x80,
    0xFB, 0x1C, 0x09, 0x60, 0x44, 0xF0, 0x6B, 0x5F, 0x14, 0x18, 0x17, 0xE1, 0x36, 0x2B, 0xE4, 0xCF,
    0xEF, 0x5A, 0x87, 0x0A, 0xED, 0x54, 0xDC, 0x18, 0x81, 0xF6, 0xF5, 0xB9, 0x7C, 0xBC, 0x94, 0xAC,
    0xE1, 0xFE, 0x99, 0xF3, 0xC4, 0xFE, 0x4B, 0x57, 0xDC, 0x77, 0x3F, 0x22, 0x18, 0x5C, 0xE5, 0x69,
    0xF8, 0x7C, 0x8D, 0xE2, 0x23, 0xF7, 0x49, 0xBA, 0xB1, 0x18, 0xE3, 0x2D, 0x96, 0x04, 0xF6, 0x44,
    0x8B, 0x00, 0x4F, 0x48, 0xD0, 0x8C, 0x24, 0x33, 0xCC, 0xD4, 0x68, 0x6A, 0x25, 0x47, 0x51, 0x82,
    0x1E, 0x93, 0x7D, 0xF5, 0xD8, 0xA6, 0x73, 0x75, 0xD9, 0xFE, 0xDD, 0xAA, 0xCF, 0xD6, 0x1B, 0xEF,
    0xB4, 0x79, 0xAF, 0xCD, 0xBB, 0x6D, 0xDE, 0x6F, 0xF3, 0x8E, 0x9B, 0xF7, 0xDC, 0xBC, 0xEB, 0xA6,
    0xBE, 0x9B, 0xBE, 0x11, 0xE7, 0xD0, 0x79, 0x6F, 0xDE, 0x7D, 0x5B, 0x5D, 0xDD, 0x39, 0x70, 0xDE,
    0x83, 0xF3, 0x2E, 0x1C, 0x48, 0x54, 0x9B, 0x81, 0x13, 0xC7, 0x44, 0x82, 0x25, 0x1C, 0x50, 0x49,
    0x13, 0x46, 0x4E, 0x2D, 0x6A, 0xC6, 0x47, 0x9B, 0x61, 0x8C, 0xB6, 0x99, 0x6B, 0xB9, 0xB5, 0x98,
    0xF9, 0x81, 0x38, 0x42, 0x03, 0x91, 0x64, 0x9A, 0xCD, 0x84, 0x25, 0x24, 0x5E, 0xA6, 0x49, 0x5A,
    0x0B, 0x4F, 0x6E, 0x83, 0x28, 0xDD, 0xA3, 0x74, 0xD9, 0x5C, 0x05, 0x88, 0x73, 0x7B, 0xBA, 0x39,
    0x7C, 0x2A, 0xA7, 0x72, 0x39, 0x00, 0xD7, 0xB7, 0xE0, 0xC2, 0xB1, 0x0B, 0x3A, 0x0C, 0xE9, 0xA0,
    0x5A, 0x55, 0x9B, 0xC1, 0x4C, 0x85, 0x8F, 0xB3, 0xD9, 0xA8, 0x95, 0xF8, 0xE8, 0x7C, 0xD0, 0xC1,
    0x05, 0xEA, 0x3E, 0x54, 0xF7, 0xBD, 0x04, 0x3E, 0x5C, 0x5F, 0x05, 0xEC, 0x03, 0xF5, 0x50, 0xE8,
    0xC9, 0xA1, 0xA7, 0x93, 0x63, 0x4A, 0xE4, 0xB9, 0x73, 0x78, 0xA1, 0x38, 0x10, 0xF6, 0xBB, 0x74,
    0x2E, 0x02, 0x7F, 0x17, 0xF9, 0x6B, 0xE8, 0xEF, 0xFD, 0xEE, 0xC9, 0xAA, 0x91, 0x9B, 0x03, 0xFF,
    0x00, 0x43, 0xD6, 0x9E, 0xCC, 0x22, 0x82, 0x45, 0x58, 0x34, 0x01, 0x8B, 0x4A, 0x61, 0xD1, 0x6B,
    0x60, 0xD1, 0xF4, 0x91, 0xB2, 0xA8, 0x29, 0xF7, 0x74, 0x6B, 0x74, 0xFB, 0xCA, 0x26, 0xED, 0xF4,
    0x4A, 0x91, 0xEE, 0xA7, 0x73, 0x63, 0x4D, 0x7A, 0x3F, 0xAD, 0x0D, 0x29, 0x17, 0x4A, 0x65, 0x44,
    0x95, 0xFC, 0x61, 0x5A, 0xA3, 0x75, 0x6D, 0xD5, 0x13, 0xA2, 0x52, 0x4C, 0xEB, 0x83, 0xA9, 0x3E,
    0xC4, 0x7B, 0x3E, 0xE8, 0x70, 0x81, 0xE7, 0x46, 0xB3, 0xE9, 0x68, 0xAF, 0xE7, 0xBA, 0xA2, 0x17,
    0x5F, 0xA8, 0x1D, 0x14, 0x52, 0xDC, 0xEB, 0x12, 0xDE, 0xE7, 0xD3, 0xF3, 0x02, 0xB9, 0x8F, 0x1E,
    0xE7, 0xC3, 0x32, 0x59, 0xD1, 0x0F, 0x9D, 0x4F, 0xD4, 0xEE, 0x0B, 0xF2, 0x9B, 0x53, 0x54, 0x9E,
    0x64, 0x0C, 0x38, 0xD7, 0x5F, 0xA1, 0x5A, 0x27, 0xC9, 0x14, 0x1E, 0xF7, 0xB5, 0xEA, 0xF1, 0x9A,
    0xA2, 0x75, 0xA4, 0x60, 0x2D, 0x86, 0x63, 0x2D, 0x8D, 0xEB, 0x12, 0x08, 0x74, 0x70, 0x75, 0xD9,
    0x67, 0x91, 0xB2, 0xC4, 0x60, 0x64, 0x9E, 0xC4, 0x53, 0xD0, 0x24, 0x6E, 0x31, 0x19, 0x8E, 0xF3,
    0x18, 0x65, 0xB6, 0xD3, 0xDC, 0xAE, 0x2A, 0x6D, 0xBC, 0xCC, 0x29, 0xA5, 0x41, 0xA1, 0x6D, 0xAC,
    0xB7, 0x95, 0x0D, 0x42, 0x06, 0x8B, 0x2E, 0xB2, 0xD4, 0xFE, 0x4B, 0x20, 0x0B, 0x5D, 0x5F, 0xE8,
    0x15, 0xFB, 0x70, 0x23, 0xE6, 0xEE, 0x81, 0x1B, 0xD7, 0x60, 0xE3, 0xFA, 0x61, 0x5D, 0x7F, 0x2C,
    0x9C, 0x77, 0x2E, 0x20, 0xD1, 0xF6, 0x68, 0xEC, 0x24, 0x94, 0x32, 0x52, 0xA4, 0x95, 0xA4, 0x1A,
    0x31, 0x4E, 0x2C, 0xFD, 0x9E, 0x89, 0xAF, 0x2A, 0xA1, 0xB0, 0x84, 0xDA, 0x92, 0x2B, 0x2F, 0x69,
    0x85, 0x69, 0xC1, 0x53, 0x67, 0xC4, 0xE8, 0xD8, 0x71, 0x91, 0x87, 0x3B, 0x47, 0xB9, 0xE0, 0x94,
    0x92, 0xCF, 0x5F, 0xF5, 0x47, 0x95, 0x94, 0x9D, 0xA4, 0xF2, 0x34, 0xE1, 0xE2, 0xD3, 0xF2, 0x58,
    0x0F, 0xAA, 0x74, 0xB7, 0x68, 0xC1, 0x13, 0xDF, 0x40, 0x00, 0x97, 0xD1, 0x7D, 0xBB, 0xC0, 0xCE,
    0x9D, 0x71, 0xAF, 0x6B, 0xA3, 0x7E, 0xE4, 0xBB, 0x15, 0x98, 0xF0, 0x64, 0x31, 0x56, 0x00, 0x6A,
    0xD1, 0xBC, 0x4F, 0xE9, 0x1E, 0x3B, 0x48, 0x1D, 0xCB, 0x47, 0x6D, 0xC3, 0x5B, 0xCB, 0x0B, 0xF8,
    0x59, 0x89, 0x16, 0x00, 0x24, 0x8F, 0x26, 0x12, 0x79, 0x02, 0xE6, 0x1F, 0x8E, 0x95, 0x88, 0x10,
    0x7D, 0x66, 0xF0, 0xBC, 0xC3, 0xB5, 0x26, 0xC0, 0xD3, 0xE7, 0x89, 0xEB, 0x24, 0xF3, 0x0C, 0xF6,
    0x25, 0xBA, 0xD0, 0x75, 0x48, 0x3B, 0xA6, 0x38, 0x0F, 0x78, 0xED, 0xB5, 0x58, 0x05, 0x20, 0x80,
    0xF9, 0xF9, 0xC1, 0x1B, 0x00, 0xCE, 0x31, 0x15, 0x10, 0x5F, 0x2A, 0xE4, 0xC1, 0x5C, 0x31, 0x8F,
    0xA7, 0x00, 0xFD, 0x01, 0xDD, 0x0D, 0x4F, 0xE6, 0x3F, 0x5C, 0xC1, 0xEE, 0x71, 0xF7, 0xC0, 0x7B,
    0xE4, 0x3D, 0xE4, 0x78, 0x33, 0x35, 0x2B, 0xF0, 0x3D, 0xFA, 0x1E, 0x7E, 0x8F, 0xBF, 0x27, 0x80,
    0x67, 0x80, 0xA7, 0x80, 0xE7, 0x80, 0x27, 0x81, 0x67, 0x81, 0xA7, 0xC1, 0x8A, 0x07, 0x43, 0x05,
    0xA1, 0x89, 0x87, 0xD5, 0x53, 0xBB, 0xDD, 0x28, 0x18, 0x0F, 0x17, 0x03, 0xFF, 0x59, 0x45, 0xEA,
    0xAA, 0xB3, 0x8C, 0x3D, 0x33, 0xC0, 0x71, 0xA0, 0xAA, 0xC1, 0x82, 0xA2, 0x04, 0x0F, 0xF6, 0x61,
    0x9C, 0xBE, 0x2E, 0xCA, 0x3D, 0xB1, 0x6F, 0xB5, 0x60, 0xC3, 0x27, 0x46, 0xF9, 0x60, 0x94, 0x11,
    0x46, 0x39, 0xE1, 0xD3, 0x2A, 0xCA, 0x0B, 0x59, 0x8C, 0xE8, 0x28, 0x70, 0xC3, 0x28, 0x3B, 0x8C,
    0xF2, 0xC3, 0x28, 0x43, 0x8C, 0x72, 0x84, 0x2D, 0x1F, 0xB3, 0x44, 0x1E, 0x7E, 0x92, 0x9E, 0xF6,
    0x15, 0x53, 0x5C, 0x8F, 0xE1, 0x4A, 0xC3, 0x84, 0xD6, 0xF3, 0xD8, 0x99, 0xC2, 0xCC, 0x19, 0xBE,
    0x78, 0x76, 0xC1, 0x95, 0x63, 0x5C, 0x49, 0x7D, 0xE3, 0x87, 0xF3, 0x13, 0x94, 0x0F, 0xC5, 0x64,
    0xAC, 0x54, 0xF9, 0x89, 0x93, 0xF3, 0xCC, 0x15, 0x6F, 0x55, 0xBC, 0x59, 0xF1, 0x76, 0x85, 0x0C,
    0x8B, 0xBE, 0xF1, 0x96, 0xC5, 0xFB, 0x96, 0xCE, 0xB6, 0x98, 0xD4, 0x7D, 0xD7, 0x41, 0xEA, 0x88,
    0xE5, 0xCC, 0x8C, 0x34, 0x0D, 0x3D, 0xEE, 0x2A, 0xC7, 0x05, 0xF9, 0x9A, 0xF9, 0x74, 0x4D, 0x73,
    0x6A, 0x82, 0xBC, 0x11, 0x5A, 0xC5, 0xF7, 0xCA, 0x25, 0xF7, 0xE0, 0x30, 0xAF, 0xE6, 0xB2, 0x9A,
    0x23, 0xB7, 0x75, 0x4F, 0xA2, 0x59, 0xE1, 0x68, 0x66, 0x40, 0xB3, 0xEB, 0x4A, 0xB3, 0x4E, 0x69,
    0x56, 0x83, 0x66, 0x0F, 0x3F, 0x1F, 0xCD, 0xE6, 0xFF, 0x1F, 0x9A, 0x55, 0xF5, 0xAE, 0x6A, 0xA2,
    0x2E, 0xD7, 0x9D, 0x85, 0x47, 0xDF, 0x38, 0x4E, 0x05, 0x4B, 0xB2, 0x6F, 0xA8, 0x57, 0x7E, 0xD9,
    0x1C, 0x4C, 0x2E, 0x54, 0xD2, 0x31, 0x2E, 0x55, 0x12, 0xA7, 0x4A, 0xA0, 0x0A, 0x31, 0xC8, 0x63,
    0x0B, 0x5E, 0x7E, 0x69, 0x79, 0x30, 0x35, 0x4F, 0xAC, 0x45, 0x33, 0x9F, 0xA9, 0x92, 0xCC, 0xA7,
    0xAA, 0xA4, 0xF9, 0xA9, 0xA8, 0xA4, 0x0B, 0xB0, 0x37, 0xBD, 0x9A, 0x51, 0x25, 0x6C, 0x95, 0xDB,
    0xF2, 0x69, 0xD1, 0xD5, 0x23, 0x4A, 0x78, 0x7D, 0x69, 0xCD, 0xE4, 0x9F, 0x4B, 0xBD, 0xB1, 0xB1,
    0x9C, 0xE4, 0xCA, 0x01, 0xEE, 0x21, 0x2C, 0x74, 0xCC, 0x0D, 0x4A, 0x4A, 0xC6, 0x3D, 0x34, 0x09,
    0x85, 0x92, 0x63, 0x48, 0xE7, 0x23, 0x37, 0x4F, 0x05, 0x7A, 0xBC, 0xE1, 0xA3, 0xB2, 0xB4, 0x41,
    0xEC, 0xBC, 0xB1, 0xB6, 0xA6, 0x69, 0x71, 0x61, 0x2A, 0xE2, 0xB0, 0xBE, 0xE5, 0xBF, 0xE4, 0x21,
    0xEA, 0x84, 0x66, 0xAC, 0xBA, 0x89, 0x76, 0x29, 0x7A, 0x5C, 0x0B, 0x64, 0x3F, 0xEE, 0xCB, 0xB2,
    0xA5, 0xDD, 0xA4, 0x58, 0x08, 0x93, 0xF2, 0xA5, 0x70, 0x24, 0x93, 0x47, 0x8E, 0x48, 0x6E, 0xFB,
    0x98, 0xF0, 0x11, 0xD6, 0x31, 0x03, 0x80, 0xED, 0xA8, 0x1D, 0xB6, 0x1E, 0x38, 0xAB, 0x89, 0x2B,
    0x08, 0x0F, 0x83, 0x80, 0x5C, 0x86, 0x3D, 0x6B, 0xFF, 0x22, 0x3F, 0x88, 0x02, 0x28, 0x9C, 0x1E,
    0x75, 0x01, 0x82, 0x76, 0xE9, 0xC7, 0xDA, 0x0E, 0x6A, 0x47, 0xF9, 0xE3, 0xE4, 0x98, 0x86, 0xE5,
    0x27, 0x44, 0xC9, 0xEC, 0x44, 0x34, 0xA4, 0x9C, 0x11, 0x5A, 0x0A, 0xC6, 0x79, 0xAF, 0x5D, 0x87,
    0x22, 0x7B, 0xBE, 0x7D, 0x8F, 0x39, 0x2D, 0x31, 0x43, 0x84, 0x7E, 0x81, 0xE4, 0x75, 0x26, 0x91,
    0xB4, 0x4B, 0xB6, 0xB2, 0x5D, 0xEC, 0x34, 0xC5, 0x63, 0x34, 0xB2, 0xEC, 0x66, 0x56, 0xA0, 0xFC,
    0x25, 0xCB, 0x2E, 0x3E, 0x96, 0x19, 0x16, 0xFF, 0xC4, 0x17, 0x26, 0x61, 0xD9, 0x99, 0x2B, 0x99,
    0x62, 0x7E, 0xC3, 0xA4, 0x85, 0xF3, 0xB6, 0xE0, 0x7C, 0x05, 0xA3, 0x33, 0x84, 0x48, 0xFB, 0xF7,
    0xF4, 0x9B, 0x43, 0x96, 0xB8, 0xE0, 0xE1, 0x36, 0xC0, 0x38, 0x7C, 0xE9, 0x17, 0x10, 0x5A, 0x7D,
    0x26, 0x78, 0x36, 0xCC, 0x66, 0x69, 0x76, 0xEB, 0x7F, 0xC5, 0x8F, 0x06, 0x56, 0x81, 0xA4, 0x37,
    0x23, 0xE0, 0x87, 0xC7, 0xA0, 0xA6, 0xE9, 0x08, 0xBF, 0x57, 0x91, 0x0A, 0x03, 0x7E, 0xFF, 0x38,
    0x19, 0xBF, 0xF4, 0x64, 0xFC, 0x8C, 0x95, 0x38, 0x35, 0x5E, 0x20, 0x99, 0x38, 0xCB, 0xAC, 0xE0,
    0x47, 0x8A, 0x96, 0xF1, 0xA3, 0xBF, 0xB8, 0x62, 0x5D, 0xF7, 0xE1, 0x1E, 0x96, 0x86, 0x8C, 0x97,
    0x3E, 0xC2, 0x1C, 0x7E, 0x88, 0x4D, 0x5E, 0x2E, 0x87, 0x96, 0x42, 0xBF, 0x9A, 0x52, 0xD9, 0xAD,
    0x25, 0x63, 0x34, 0x8D, 0x98, 0xA7, 0xB6, 0x67, 0x6B, 0xEB, 0x73, 0xC1, 0xEE, 0xFB, 0xA6, 0x6E,
    0xE3, 0x42, 0xCF, 0xEA, 0xB2, 0x8B, 0x61, 0xCB, 0x9B, 0x26, 0x03, 0x74, 0xA3, 0xAB, 0x7B, 0x7E,
    0x69, 0x8B, 0xF7, 0xBB, 0x90, 0xE0, 0x16, 0x4C, 0x36, 0x9E, 0xF4, 0xFE, 0xC5, 0x0C, 0x8F, 0xB2,
    0x30, 0x04, 0x73, 0xF9, 0x92, 0x90, 0x60, 0x26, 0x42, 0x0F, 0x0E, 0x83, 0xE5, 0xB6, 0x69, 0x7D,
    0xF2, 0xF9, 0x72, 0x14, 0x82, 0xAE, 0xAF, 0x0A, 0x18, 0x19, 0x8A, 0x40, 0x5A, 0x02, 0xBA, 0x7A,
    0xBC, 0x00, 0xB4, 0x75, 0x2C, 0xF8, 0x0F, 0xBD, 0x59, 0xBF, 0x8F, 0xDC, 0xC6, 0x15, 0x7E, 0x4B,
    0x3A, 0x26, 0x1C, 0xC6, 0xA0, 0x0A, 0x03, 0x09, 0xFC, 0x8B, 0x2E, 0x93, 0x8B, 0x63, 0xB6, 0x09,
    0x60, 0xDD, 0x10, 0x76, 0xE1, 0x22, 0x8D, 0x6A, 0xBB, 0x48, 0x0A, 0x57, 0x49, 0x21, 0x97, 0x46,
    0xA0, 0x13, 0xE9, 0xB8, 0x48, 0xE1, 0x46, 0x41, 0xFE, 0x01, 0x15, 0x29, 0xE2, 0x75, 0xA1, 0xC6,
    0x40, 0x0C, 0x44, 0x3A, 0x52, 0x72, 0xA1, 0x96, 0x4E, 0xE3, 0xD2, 0x4C, 0x9C, 0x26, 0x71, 0x71,
    0x74, 0x42, 0x01, 0x94, 0x35, 0xE4, 0xE4, 0xFB, 0xDE, 0x70, 0xB9, 0x7B, 0xA7, 0x3B, 0xC1, 0x0E,
    0xCE, 0xD9, 0xE3, 0x3D, 0xCE, 0x92, 0x33, 0x6F, 0xDE, 0xBC, 0x9F, 0xDF, 0xCC, 0x5E, 0xEA, 0x1E,
    0xF5, 0xB9, 0x20, 0xF9, 0xCB, 0x61, 0x9D, 0x24, 0x12, 0x5A, 0x59, 0xF5, 0xA4, 0x89, 0x93, 0x97,
    0xFF, 0x53, 0x5F, 0xE8, 0x72, 0xE9, 0xE4, 0x1C, 0x2E, 0x7C, 0x5A, 0x91, 0xB7, 0x45, 0x9E, 0x93,
    0xCA, 0xE5, 0xCE, 0x95, 0xDD, 0xF3, 0xD2, 0xBD, 0x2D, 0x5D, 0x7B, 0x3E, 0xEC, 0xFD, 0x0C, 0x41,
    0x2D, 0x71, 0x2E, 0x3F, 0x11, 0x29, 0x5C, 0x59, 0xB9, 0xFA, 0xC5, 0xB0, 0x8E, 0x5F, 0xAD, 0x83,
    0x8F, 0x6B, 0x09, 0xCF, 0xE7, 0x32, 0xCE, 0x1A, 0x37, 0x14, 0xAE, 0xAF, 0x5C, 0xB7, 0xDB, 0xFE,
    0xD5, 0x7A, 0xBD, 0x7E, 0xBF, 0x72, 0xCE, 0x8D, 0x8E, 0x64, 0x0F, 0x5F, 0xD7, 0x62, 0xD8, 0x86,
    0x24, 0xA4, 0xFA, 0x84, 0x9F, 0x3F, 0xE9, 0x53, 0x7E, 0x6C, 0xB1, 0x69, 0x0D, 0x8F, 0x7E, 0xBB,
    0x2F, 0xFB, 0xFF, 0xE7, 0x2B, 0xA3, 0x00, 0x14, 0xC5, 0x52, 0xB2, 0x3F, 0xAA, 0x6A, 0xB9, 0xC4,
    0xEB, 0x5C, 0x62, 0x47, 0xA1, 0x5A, 0x59, 0xE5, 0x52, 0x48, 0x30, 0x49, 0xD2, 0x48, 0x56, 0x8A,
    0x81, 0xCA, 0x4B, 0xA9, 0x5A, 0x71, 0x9D, 0x54, 0xBD, 0x98, 0x4E, 0xD2, 0x46, 0x56, 0x83, 0x44,
    0x4E, 0x62, 0x97, 0x47, 0xAE, 0x0C, 0x5D, 0x2E, 0x0E, 0x9D, 0x44, 0x6E, 0x49, 0x30, 0x48, 0xD6,
    0xCA, 0x55, 0x91, 0x4B, 0x22, 0x2B, 0x2B, 0xA1, 0x43, 0x37, 0xF6, 0x09, 0x1C, 0x58, 0xE4, 0x0F,
    0xF7, 0x09, 0x86, 0x64, 0xCC, 0x46, 0x63, 0xCD, 0x60, 0x6A, 0x83, 0xA9, 0xD2, 0x3C, 0x69, 0x83,
    0x5E, 0x5E, 0x80, 0x0C, 0x01, 0x59, 0x52, 0x8E, 0x70, 0x84, 0x24, 0x2A, 0x8B, 0xC9, 0xD1, 0xA5,
    0xA0, 0x3C, 0xE0, 0x55, 0xB5, 0xAE, 0x81, 0x4C, 0x2A, 0x15, 0x88, 0xE9, 0x0A, 0x4A, 0x96, 0xD6,
    0x90, 0x2D, 0xA0, 0x74, 0x2A, 0xDF, 0xCF, 0x29, 0xC0, 0x7B, 0x2E, 0x0F, 0xDD, 0xAB, 0x10, 0xD1,
    0x79, 0x39, 0x0F, 0x29, 0x85, 0xC5, 0xDC, 0x98, 0x29, 0x6B, 0xB3, 0x06, 0xB2, 0x1C, 0x52, 0x9A,
    0x6B, 0xD0, 0xC5, 0xA8, 0x52, 0xA3, 0x73, 0xE8, 0x7E, 0xC7, 0xA5, 0xDD, 0x75, 0xE5, 0xCA, 0xDD,
    0xA1, 0xF4, 0x9C, 0x53, 0x67, 0xBF, 0x8A, 0xD1, 0x2B, 0x0B, 0x0D, 0xA4, 0x2D, 0xD6, 0x61, 0xF2,
    0x22, 0x97, 0x0B, 0x5C, 0x4B, 0xD4, 0x07, 0x36, 0xB5, 0xF1, 0x64, 0x6C, 0x3A, 0x15, 0xD6, 0x8C,
    0x55, 0x67, 0x86, 0xAA, 0x34, 0xCD, 0x21, 0x86, 0x1D, 0x48, 0x06, 0x9A, 0x94, 0x49, 0x1B, 0xF7,
    0x61, 0x87, 0xB1, 0xBF, 0x94, 0xA7, 0x20, 0x4A, 0x83, 0x19, 0x8B, 0x5A, 0x54, 0xC3, 0xAA, 0xC1,
    0x99, 0x1C, 0x90, 0xDC, 0x14, 0x79, 0x42, 0x3E, 0x5A, 0x95, 0xE9, 0xE4, 0x5C, 0x4D, 0xBB, 0xD5,
    0xB4, 0x5B, 0xF9, 0xA3, 0x57, 0xBA, 0xA7, 0x73, 0x09, 0x19, 0x15, 0x49, 0x0F, 0x92, 0x0E, 0x20,
    0x86, 0x24, 0xE3, 0x33, 0xD3, 0x92, 0x90, 0xB1, 0x21, 0x63, 0x43, 0xC6, 0xD0, 0x9B, 0xD0, 0x8E,
    0x94, 0x7D, 0x87, 0xFB, 0x4C, 0x38, 0x54, 0xC8, 0xC9, 0x47, 0x1A, 0xC9, 0x8A, 0x4C, 0x02, 0x32,
    0x59, 0x95, 0xEA, 0x22, 0x2B, 0xA7, 0x74, 0x52, 0x3A, 0x2A, 0xB5, 0x4A, 0x39, 0x6E, 0xEF, 0x52,
    0xF7, 0x46, 0xAE, 0x31, 0xE1, 0x29, 0x16, 0xF1, 0xC5, 0x17, 0xA0, 0x97, 0xA2, 0xE6, 0x3B, 0x94,
    0x92, 0xCC, 0xBC, 0x70, 0xF4, 0x1E, 0xB6, 0x29, 0x99, 0x24, 0xB9, 0x52, 0xE5, 0xFF, 0xA4, 0xD2,
    0xE7, 0x94, 0x5E, 0x54, 0x7A, 0xA8, 0x41, 0xAF, 0xD3, 0x86, 0x4A, 0x83, 0xED, 0xB4, 0x2F, 0xFD,
    0xBE, 0xFB, 0x75, 0x79, 0xCA, 0x84, 0x17, 0xC2, 0x66, 0x85, 0xD7, 0x71, 0xA3, 0x8C, 0x95, 0xA6,
    0x4A, 0x55, 0x1F, 0xB2, 0xA7, 0x6B, 0xA9, 0xAE, 0x45, 0x6E, 0x48, 0xDC, 0x98, 0xB9, 0x09, 0x63,
    0x37, 0x17, 0xDA, 0x78, 0x62, 0x13, 0xD7, 0xAD, 0x5C, 0x49, 0xC1, 0x3E, 0x62, 0x57, 0x0C, 0xA8,
    0xA0, 0x9E, 0x8A, 0xF6, 0x77, 0x03, 0xFE, 0x27, 0xFC, 0xB7, 0x52, 0x41, 0x0F, 0x08, 0x05, 0x7A,
    0xB4, 0x7C, 0x28, 0xFE, 0x93, 0x36, 0x45, 0x07, 0x47, 0xEC, 0xAB, 0x2E, 0xAB, 0x31, 0x69, 0x25,
    0x45, 0x17, 0xB8, 0xBA, 0xEA, 0x43, 0x57, 0x3B, 0x92, 0xAA, 0x0B, 0x5D, 0x89, 0x85, 0x4F, 0x12,
    0xB7, 0x92, 0x42, 0xFA, 0xDC, 0xF4, 0xE8, 0x23, 0xB0, 0x2A, 0x18, 0x63, 0xD6, 0x06, 0xDF, 0xFD,
    0xBD, 0xD3, 0x68, 0x23, 0x17, 0x84, 0x5F, 0x81, 0xFE, 0x88, 0x0F, 0xFE, 0x0D, 0x49, 0x8B, 0xCC,
    0x07, 0x3F, 0x38, 0xAF, 0xB4, 0xBA, 0x5C, 0x70, 0x2B, 0xB0, 0x3D, 0xAF, 0x54, 0xBA, 0x5C, 0x85,
    0x6B, 0x4E, 0xBD, 0xCE, 0x47, 0xE8, 0x4B, 0xE2, 0xB9, 0xBD, 0x25, 0xB2, 0x7B, 0x9D, 0x1B, 0xFF,
    0xEB, 0x33, 0x7F, 0x91, 0x63, 0xD7, 0x39, 0xF2, 0x97, 0x68, 0x9A, 0x23, 0x59, 0xBC, 0xDC, 0x71,
    0x3D, 0x47, 0xDB, 0x11, 0x72, 0x99, 0x86, 0x87, 0x84, 0x63, 0x34, 0xC8, 0xBE, 0xEF, 0x12, 0x0F,
    0xE1, 0x20, 0xD6, 0xB7, 0x93, 0x2E, 0xB4, 0x1A, 0x7D, 0x8C, 0xA7, 0x36, 0x1C, 0xC2, 0xD6, 0xB7,
    0x4D, 0x13, 0x0D, 0x49, 0x3D, 0xB7, 0xEB, 0xB8, 0xCF, 0xF2, 0x4D, 0x3B, 0xE9, 0x66, 0x36, 0x48,
    0x39, 0x49, 0x8B, 0x44, 0x85, 0x81, 0x03, 0x9E, 0x67, 0x77, 0x50, 0xE7, 0xEA, 0x15, 0xC2, 0xC8,
    0xD4, 0xC5, 0x6B, 0x7F, 0x1F, 0x93, 0x36, 0x42, 0x36, 0xCE, 0x3E, 0x99, 0x92, 0xBB, 0x43, 0xD2,
    0x25, 0xF0, 0xE7, 0xC4, 0xF5, 0x59, 0xD2, 0xC5, 0x9D, 0x81, 0x4F, 0x22, 0x3C, 0xAE, 0x66, 0xC8,
    0x62, 0x45, 0x9D, 0x72, 0x46, 0xCB, 0x39, 0xAA, 0x9C, 0xED, 0xA0, 0xE3, 0x1C, 0x4E, 0x90, 0x50,
    0x25, 0x6A, 0x8A, 0x52, 0xDB, 0x90, 0x24, 0xA9, 0xAB, 0x32, 0xF9, 0x72, 0xD2, 0x7C, 0x64, 0x10,
    0x33, 0xE9, 0x27, 0x93, 0xA6, 0xA5, 0x03, 0xB4, 0xCD, 0x9D, 0x49, 0xA3, 0x68, 0x60, 0xFB, 0x9D,
    0x09, 0xD1, 0x41, 0x7D, 0x14, 0xA5, 0x93, 0x29, 0xB0, 0x1A, 0xC9, 0xE6, 0x8E, 0x15, 0x17, 0x61,
    0xA1, 0x88, 0x99, 0x94, 0x79, 0x9E, 0x06, 0x41, 0x2E, 0x0B, 0xA0, 0xBA, 0x98, 0x29, 0x61, 0x57,
    0x87, 0x27, 0xF4, 0xE8, 0x75, 0x19, 0x2F, 0xBA, 0x54, 0x7D, 0xDA, 0xAD, 0x3E, 0x55, 0xA7, 0xFD,
    0x56, 0xA7, 0x27, 0xF5, 0xEA, 0x75, 0x1B, 0x2D, 0xBA, 0x3D, 0xA9, 0xDF, 0x93, 0x3A, 0x3E, 0xA9,
    0x67, 0xAF, 0xEB, 0x74, 0xD1, 0xB5, 0x14, 0xED, 0x31, 0x7D, 0x87, 0x6E, 0x9C, 0x75, 0x9E, 0xAA,
    0xCE, 0x93, 0xAE, 0x92, 0x5D, 0xBD, 0xE3, 0x5D, 0xBE, 0xAB, 0x7B, 0xE8, 0xA8, 0xA4, 0xFE, 0xD3,
    0x59, 0xFF, 0xCE, 0xE7, 0xF8, 0x8D, 0x0D, 0xFE, 0xE6, 0xF5, 0xBA, 0xD8, 0xE1, 0xAF, 0xA3, 0xD6,
    0x95, 0xC5, 0x16, 0x1F, 0x5B, 0xD5, 0xF5, 0x62, 0x0F, 0x7E, 0x97, 0x1D, 0x9B, 0xBC, 0x6B, 0x59,
    0x1F, 0xB7, 0x76, 0x79, 0xCD, 0x6A, 0xAA, 0x5F, 0x6C, 0x13, 0x5A, 0x60, 0xC7, 0x1D, 0xFB, 0x40,
    0x95, 0xFD, 0xAE, 0x8D, 0x82, 0x91, 0x6E, 0xB0, 0x63, 0x27, 0xE6, 0xE7, 0x5D, 0x5B, 0xB1, 0x54,
    0x85, 0xAC, 0xAA, 0x30, 0x9A, 0xC4, 0xC0, 0xA1, 0x03, 0xD4, 0x8D, 0x32, 0x2A, 0xA8, 0xDA, 0x1E,
    0x69, 0xEC, 0xB3, 0xC3, 0x3B, 0xAE, 0x09, 0x1D, 0x92, 0x67, 0x34, 0xA1, 0x67, 0x6C, 0x43, 0x20,
    0x91, 0x21, 0x42, 0xEF, 0x2E, 0x62, 0xCD, 0xA5, 0x39, 0xE1, 0xBF, 0x18, 0x00, 0x33, 0x18, 0x4E,
    0xB7, 0x8F, 0xE2, 0xEA, 0x87, 0xB9, 0x4E, 0x07, 0xBA, 0x86, 0x43, 0x57, 0xAE, 0xE6, 0xE0, 0xC0,
    0xE5, 0x1C, 0x4E, 0x3C, 0x03, 0x06, 0x58, 0x01, 0x59, 0xC0, 0xE6, 0x64, 0x12, 0x75, 0xCA, 0x06,
    0x19, 0x99, 0x8C, 0xC0, 0x8F, 0xAC, 0x12, 0x48, 0x32, 0x98, 0x21, 0x1D, 0x92, 0x21, 0xB6, 0x11,
    0x56, 0x19, 0x58, 0x54, 0x1D, 0x2B, 0x37, 0xCD, 0x90, 0x31, 0x09, 0x5B, 0xBC, 0xB1, 0x78, 0x37,
    0x82, 0xFB, 0x88, 0xF7, 0x23, 0x1C, 0x66, 0x84, 0xB7, 0x12, 0x3A, 0x1C, 0xA2, 0xDF, 0x55, 0x94,
    0xD5, 0x7D, 0xF6, 0x4D, 0xA0, 0x53, 0x74, 0x85, 0xF1, 0x39, 0x02, 0x78, 0x84, 0x83, 0xFC, 0x92,
    0x46, 0x54, 0x36, 0x0E, 0x45, 0x5D, 0xE5, 0x68, 0xE8, 0x9D, 0x0C, 0x60, 0x0E, 0xE5, 0x01, 0x45,
    0x90, 0x8D, 0x61, 0x81, 0xDE, 0x97, 0x14, 0x8A, 0x83, 0x7F, 0xA3, 0x3C, 0x88, 0x81, 0xFE, 0x2B,
    0xFC, 0x8F, 0x13, 0xFA, 0x17, 0x12, 0xF6, 0xA6, 0x8C, 0x3B, 0x2C, 0xA4, 0x49, 0xDA, 0xAC, 0x8E,
    0x3A, 0x93, 0x63, 0x5D, 0xAB, 0xEB, 0x12, 0xA9, 0x46, 0xAB, 0x3C, 0x50, 0x2D, 0xA3, 0x9E, 0xC0,
    0xEF, 0xAA, 0x9A, 0x70, 0x03, 0xE8, 0x00, 0x1A, 0x87, 0x0A, 0xC3, 0x5E, 0x4B, 0x29, 0x00, 0xC0,
    0x9B, 0x44, 0x43, 0x84, 0x1D, 0x44, 0x57, 0x35, 0xA1, 0x59, 0xDA, 0x4B, 0xA2, 0xC6, 0xC9, 0x7A,
    0x8E, 0x71, 0x39, 0x4A, 0x2F, 0x34, 0xA5, 0xEA, 0xDE, 0x14, 0xE2, 0xE7, 0x88, 0xFF, 0x80, 0x9A,
    0x4B, 0x60, 0x40, 0xB8, 0x6A, 0x8B, 0x9B, 0x69, 0xE2, 0x21, 0x22, 0xC4, 0x0A, 0xA6, 0x95, 0x7A,
    0x0A, 0x9C, 0x0F, 0x93, 0xD1, 0xBE, 0xC4, 0x38, 0x91, 0x55, 0x10, 0xB1, 0x72, 0x30, 0x25, 0xF2,
    0x42, 0xF1, 0x59, 0xC7, 0x92, 0x99, 0xBA, 0x12, 0x75, 0xB3, 0x83, 0x8D, 0x0B, 0x94, 0x4E, 0x0C,
    0x2F, 0x7A, 0x7D, 0x68, 0xE8, 0xFE, 0x9F, 0xB5, 0x2C, 0xDF, 0x2E, 0x1A, 0x34, 0x6E, 0x15, 0x7D,
    0x24, 0x9D, 0xFA, 0x34, 0x04, 0xA5, 0xAF, 0x39, 0xE6, 0x44, 0xBC, 0x0A, 0x46, 0x08, 0x95, 0x70,
    0x38, 0x5C, 0xB5, 0x86, 0x2C, 0x59, 0x63, 0x72, 0xDC, 0xE2, 0xEE, 0x49, 0xCA, 0x89, 0xBD, 0xC3,
    0x8C, 0x57, 0x12, 0x17, 0xC2, 0x2F, 0x53, 0x50, 0x30, 0x98, 0x48, 0x33, 0x18, 0x26, 0x57, 0x4A,
    0x14, 0x15, 0x93, 0x76, 0xF4, 0x55, 0xD3, 0x41, 0x07, 0xD0, 0x17, 0x29, 0xF2, 0x65, 0xAF, 0xB4,
    0x23, 0x26, 0xA0, 0x31, 0x2A, 0x05, 0x16, 0x8E, 0x6A, 0x46, 0xCE, 0x62, 0x96, 0xB3, 0xC2, 0x2C,
    0x60, 0x55, 0x45, 0x03, 0xE9, 0xAA, 0x9B, 0x91, 0xCC, 0x36, 0xD5, 0x74, 0x8C, 0xA7, 0x79, 0x2A,
    0x40, 0x8D, 0x7C, 0x43, 0x75, 0xDA, 0xB8, 0x65, 0xC6, 0x93, 0x1B, 0xEE, 0x1F, 0x90, 0x12, 0x05,
    0xD9, 0xB8, 0x1B, 0xD8, 0x89, 0x00, 0x0B, 0x0C, 0xD9, 0xA7, 0xCE, 0xD8, 0xC7, 0xDF, 0x9B, 0x32,
    0x8B, 0x28, 0x22, 0xB1, 0x24, 0x70, 0x51, 0x70, 0x04, 0x82, 0x88, 0xBF, 0x64, 0xC6, 0x63, 0xAC,
    0xC5, 0xC0, 0x28, 0x18, 0x5C, 0xCE, 0xC8, 0x50, 0xD3, 0x94, 0x27, 0xA5, 0x3C, 0xF4, 0x51, 0xC8,
    0xC9, 0x64, 0x1A, 0xB8, 0x76, 0x26, 0x88, 0x18, 0xF1, 0xA8, 0x66, 0x6F, 0xB3, 0x63, 0x19, 0x48,
    0xFA, 0xC1, 0xA7, 0x42, 0x8F, 0x1C, 0xE1, 0x34, 0x59, 0xA9, 0xCB, 0x91, 0xE4, 0x3E, 0x06, 0x01,
    0x25, 0x05, 0x6E, 0x5A, 0xBB, 0x51, 0x93, 0xAF, 0x73, 0x0A, 0x1B, 0x2B, 0xE7, 0xF7, 0x16, 0xF2,
    0xFA, 0xFA, 0x12, 0x6F, 0x97, 0xB9, 0x24, 0xA1, 0x98, 0xD8, 0x7A, 0x60, 0x8E, 0x7F, 0x8A, 0xBC,
    0x01, 0x58, 0x7E, 0x5F, 0xDF, 0x35, 0x3E, 0xA1, 0x46, 0x73, 0xE2, 0x5C, 0x0D, 0x1B, 0x5C, 0xF8,
    0x12, 0xC9, 0xCB, 0x32, 0xC3, 0x31, 0x05, 0xA9, 0x01, 0x53, 0x7D, 0xC8, 0x39, 0x34, 0xC9, 0x2B,
    0x88, 0xCC, 0x16, 0xD8, 0x78, 0x73, 0xE9, 0xE6, 0x7D, 0x86, 0xDD, 0xD4, 0x6D, 0x7E, 0xC1, 0x6E,
    0x54, 0xC3, 0xC5, 0x08, 0xC3, 0x6E, 0x32, 0xA3, 0xF7, 0xB0, 0x10, 0xB8, 0xF5, 0xE4, 0x76, 0x85,
    0xDC, 0x2E, 0x92, 0x5B, 0x46, 0x6E, 0x49, 0x7E, 0x71, 0xE6, 0x0F, 0x68, 0xBF, 0x29, 0x04, 0x73,
    0xD2, 0x6F, 0xE6, 0x06, 0xD2, 0xAC, 0x4F, 0xFB, 0x91, 0x35, 0xA2, 0xAD, 0xC8, 0xED, 0x47, 0x8D,
    0xD7, 0xED, 0x58, 0xF9, 0x92, 0x11, 0x71, 0x3F, 0x45, 0x74, 0xE8, 0xDC, 0xBF, 0xAE, 0x7B, 0x07,
    0x74, 0xBE, 0x4B, 0xD2, 0xFF, 0x79, 0xF4, 0x5E, 0x91, 0xDF, 0x73, 0x33, 0xC7, 0xBE, 0xF0, 0x8D,
    0xB0, 0x4F, 0xFD, 0x5C, 0x51, 0xFF, 0x84, 0x07, 0xC3, 0x8F, 0x43, 0xCA, 0x41, 0x82, 0x1C, 0xF9,
    0xFA, 0x7B, 0x58, 0x55, 0x54, 0x03, 0x1E, 0x67, 0x88, 0xE1, 0xA4, 0x63, 0xEC, 0x7E, 0x8C, 0x94,
    0x68, 0x6F, 0xC6, 0x79, 0xF5, 0x79, 0xFB, 0x62, 0x30, 0x7D, 0x58, 0x95, 0xF1, 0x83, 0xBB, 0xA3,
    0x64, 0x84, 0x74, 0xCE, 0x4D, 0x7B, 0x37, 0x9C, 0xBB, 0xBD, 0xAE, 0x14, 0xE8, 0xE6, 0x28, 0x3B,
    0xF0, 0xCE, 0x7B, 0x47, 0x00, 0x98, 0xEF, 0x55, 0xE5, 0x4B, 0xE1, 0xA7, 0x93, 0x0C, 0x09, 0x4A,
    0x53, 0xF4, 0x89, 0x93, 0x3C, 0x43, 0xB6, 0x88, 0x1B, 0x18, 0xD9, 0x40, 0x2F, 0x49, 0xF3, 0x43,
    0xA6, 0x85, 0xC6, 0x43, 0x68, 0x16, 0x0A, 0x5D, 0xE5, 0x8A, 0x8B, 0x99, 0x32, 0x37, 0xEA, 0x26,
    0x19, 0x7B, 0x59, 0xEE, 0x93, 0xBD, 0xF5, 0x64, 0xE3, 0x6E, 0xE2, 0x0B, 0xA2, 0x6E, 0x36, 0x7C,
    0x6D, 0x0D, 0xB5, 0x4B, 0xDC, 0x6E, 0xBB, 0x78, 0xE5, 0x1D, 0x6E, 0xB7, 0x12, 0xBE, 0x86, 0x7B,
    0xEC, 0x9E, 0xAA, 0xBF, 0x6A, 0xB6, 0x11, 0xD5, 0x92, 0x9A, 0xF3, 0xF8, 0x14, 0xE5, 0xB2, 0x5B,
    0xDA, 0x9D, 0x22, 0x3A, 0x7D, 0x0A, 0xBA, 0x3A, 0x8A, 0xD2, 0x8A, 0x24, 0xA0, 0xBC, 0x0C, 0x7D,
    0xD6, 0x22, 0x9A, 0x28, 0x27, 0xE1, 0xDC, 0x4E, 0x0D, 0x44, 0x42, 0x9F, 0x49, 0x39, 0x73, 0x66,
    0x37, 0xC4, 0xD8, 0xCD, 0x3E, 0xAB, 0xE0, 0x4C, 0x15, 0xDD, 0x98, 0xCA, 0x14, 0xF7, 0x15, 0x5C,
    0xDD, 0x87, 0x8F, 0x46, 0x53, 0xBD, 0x70, 0x3F, 0x36, 0xC5, 0x09, 0xEE, 0xC9, 0xB8, 0x4C, 0xC1,
    0x67, 0xD8, 0x81, 0x90, 0x8C, 0x0B, 0x4C, 0xA1, 0x9F, 0x44, 0xB4, 0x20, 0x06, 0x6E, 0xF8, 0x84,
    0x5E, 0xD4, 0xB3, 0x98, 0x9D, 0x25, 0x6A, 0xB1, 0x2C, 0x9C, 0x2A, 0x58, 0xAB, 0x47, 0x52, 0x54,
    0x0D, 0xF7, 0x60, 0x87, 0xFB, 0x31, 0x51, 0xE3, 0x2D, 0xF7, 0x45, 0x1B, 0xCA, 0x98, 0x05, 0xA8,
    0xD2, 0x85, 0xBB, 0x05, 0x27, 0xFD, 0xD8, 0x5D, 0xE3, 0x42, 0xAE, 0x51, 0xEE, 0xD1, 0x93, 0x04,
    0xF9, 0x2B, 0x4F, 0x5D, 0x85, 0xC2, 0x60, 0xA1, 0x0A, 0x83, 0xB4, 0x57, 0x9B, 0x3E, 0x00, 0xA4,
    0xE6, 0xC6, 0xC8, 0x60, 0xA7, 0xD3, 0x16, 0xDC, 0xEE, 0x64, 0x2D, 0x5A, 0x06, 0xA4, 0x79, 0x1C,
    0xE0, 0xB2, 0x89, 0x9A, 0xE0, 0xA4, 0x1A, 0x37, 0x2B, 0xDF, 0xAE, 0x77, 0x59, 0xE0, 0x9C, 0xBB,
    0x30, 0x20, 0xE3, 0x73, 0x25, 0x1A, 0x7A, 0xD5, 0xE2, 0xB4, 0xD5, 0xE2, 0x04, 0x4A, 0x6E, 0x2D,
    0x69, 0xE2, 0xA9, 0x85, 0x9C, 0xF2, 0x51, 0x87, 0x53, 0xB2, 0xA3, 0x65, 0xA7, 0x91, 0x7C, 0x8C,
    0x6C, 0xD5, 0xAF, 0x55, 0x2A, 0xEA, 0x37, 0xDA, 0xC0, 0xDB, 0x80, 0x6A, 0x48, 0x27, 0xAF, 0x89,
    0x0C, 0x50, 0x8F, 0x2A, 0x80, 0x81, 0x54, 0x0B, 0x90, 0xDE, 0xCC, 0xBB, 0x3E, 0xA3, 0x1A, 0x40,
    0x22, 0xA7, 0x12, 0x74, 0xFF, 0x8E, 0xD5, 0xEB, 0xD9, 0x00, 0x14, 0xA0, 0x29, 0x01, 0xB6, 0xE0,
    0x5E, 0x94, 0x46, 0x60, 0x76, 0xC6, 0x3E, 0x51, 0xBC, 0x89, 0x4A, 0x22, 0x66, 0x29, 0x06, 0x1F,
    0x26, 0xEC, 0x63, 0xFD, 0x92, 0x35, 0x87, 0x1E, 0xCE, 0x1B, 0xF4, 0x9B, 0x73, 0xDA, 0x3C, 0x65,
    0x8D, 0x0C, 0xC9, 0xC4, 0x79, 0x8D, 0x6E, 0xEE, 0x5C, 0x58, 0x61, 0xFD, 0xDA, 0xA8, 0x64, 0xAE,
    0x4C, 0xC1, 0x3E, 0x3A, 0x3C, 0x43, 0x85, 0xA7, 0xC0, 0x56, 0xF4, 0xD7, 0x74, 0x8A, 0xDD, 0x91,
    0xD6, 0xD0, 0x74, 0xA2, 0x11, 0x32, 0x16, 0x26, 0x62, 0xBF, 0x01, 0xC8, 0x41, 0xCF, 0x64, 0x50,
    0x2B, 0xF5, 0x1E, 0xF9, 0xBB, 0x7A, 0x9E, 0x87, 0x03, 0x0C, 0x96, 0x62, 0x36, 0x2F, 0xE5, 0xE6,
    0x64, 0xD5, 0xBC, 0x16, 0x47, 0x3F, 0x6C, 0x58, 0x59, 0xC5, 0x8C, 0x3E, 0xBE, 0x75, 0x07, 0x6F,
    0xE7, 0x98, 0x1E, 0x7C, 0x6E, 0x40, 0xFE, 0xDE, 0x45, 0xF2, 0x3B, 0x75, 0xD6, 0x9F, 0x51, 0x40,
    0x18, 0x75, 0x67, 0xAC, 0x29, 0x9E, 0xEF, 0x89, 0xDE, 0x87, 0xD9, 0xC3, 0x5B, 0xD1, 0x92, 0xFB,
    0xB3, 0x5C, 0x56, 0x6F, 0x6A, 0xB1, 0x2B, 0x16, 0xA2, 0x5F, 0x79, 0xE8, 0xD2, 0xB3, 0x64, 0xA1,
    0x0A, 0x4F, 0x7F, 0xE8, 0x36, 0xE9, 0x45, 0x73, 0xD4, 0xB6, 0xB8, 0x6A, 0xB2, 0xCA, 0x96, 0x23,
    0x96, 0xED, 0x39, 0xCB, 0xAD, 0x25, 0x37, 0xD9, 0x4D, 0x55, 0x0B, 0xFA, 0x4D, 0xA6, 0x0B, 0xCF,
    0x62, 0xF7, 0xDD, 0x5C, 0xFC, 0x31, 0x9C, 0x2F, 0x95, 0xD1, 0xFD, 0xCB, 0x50, 0x75, 0xD0, 0xA3,
    0x82, 0xC0, 0x98, 0x29, 0x53, 0x38, 0x69, 0x79, 0x06, 0xF5, 0x6F, 0xB5, 0xE7, 0xA4, 0xD4, 0x2A,
    0x6D, 0x49, 0x73, 0xBA, 0x43, 0x2A, 0xDF, 0x02, 0x65, 0x5A, 0xEA, 0x15, 0x11, 0xF5, 0x74, 0x1E,
    0x4F, 0xE7, 0x0F, 0x0F, 0x16, 0xCB, 0x88, 0x8B, 0x29, 0x21, 0x0D, 0xA1, 0x36, 0x68, 0x3D, 0xD3,
    0xE2, 0x0C, 0xBA, 0xDB, 0x07, 0x2B, 0xB9, 0x71, 0x4F, 0x3C, 0x07, 0xCF, 0x8D, 0x16, 0xBA, 0xA6,
    0x58, 0x03, 0x70, 0xD7, 0xC6, 0xCC, 0x9A, 0xA0, 0xCE, 0xD3, 0x5C, 0x69, 0x79, 0x06, 0xF5, 0x6F,
    0xE5, 0xFB, 0xD3, 0x0D, 0x8C, 0xF2, 0x1C, 0x3C, 0x37, 0xB8, 0x01, 0x2B, 0x1C, 0x50, 0x51, 0xD8,
    0x14, 0xF4, 0x21, 0x98, 0x30, 0xB1, 0x07, 0x41, 0x19, 0xB8, 0x2B, 0x97, 0xE1, 0xE2, 0x0F, 0x5C,
    0xFD, 0xF4, 0x07, 0x48, 0xCA, 0x2C, 0xA2, 0x00, 0xC6, 0x48, 0x7D, 0xE9, 0x2B, 0x9F, 0xBB, 0xFC,
    0xB1, 0xB0, 0xC5, 0xF7, 0xA8, 0xDD, 0x27, 0x34, 0x7D, 0x56, 0xF1, 0xE9, 0x0C, 0x1A, 0x00, 0xBF,
    0x5D, 0x1D, 0x6E, 0xAE, 0xA5, 0x0C, 0x9D, 0xFA, 0xE1, 0x3E, 0xC4, 0xD2, 0x3F, 0xAB, 0x81, 0x71,
    0x02, 0x8E, 0xF0, 0x9D, 0x2B, 0xEA, 0xDD, 0xD0, 0x6A, 0xA4, 0x87, 0x1D, 0xC4, 0x50, 0xD7, 0x3C,
    0x94, 0x60, 0xCC, 0xBB, 0xE9, 0x03, 0x58, 0x35, 0x9A, 0x34, 0xEF, 0x27, 0x5A, 0x7D, 0xE6, 0xC3,
    0xBE, 0xF2, 0x70, 0x5B, 0x02, 0xBF, 0xA5, 0xCF, 0x3C, 0xC3, 0x3C, 0x1F, 0xD7, 0xBC, 0x72, 0x1B,
    0x59, 0x66, 0xC9, 0x36, 0x72, 0xCE, 0x52, 0x7B, 0xF0, 0xA0, 0x21, 0x2D, 0x91, 0xD2, 0xA4, 0xD6,
    0x7A, 0xD5, 0x59, 0x22, 0x8A, 0xA1, 0xCF, 0xB8, 0x4D, 0xFC, 0x37, 0xC3, 0x33, 0xF3, 0x76, 0x9E,
    0xD6, 0xB9, 0x14, 0x0F, 0x98, 0xFC, 0xCD, 0xBB, 0x9F, 0x21, 0x6C, 0x7E, 0x1A, 0xDF, 0xD5, 0x84,
    0x7B, 0x5B, 0x6B, 0x5D, 0xFD, 0x91, 0x42, 0xB2, 0x17, 0x40, 0x9F, 0xD9, 0x59, 0xE9, 0x6F, 0xE8,
    0x8F, 0x3C, 0x91, 0xF5, 0x56, 0xF4, 0x66, 0x84, 0x1D, 0xAF, 0x04, 0x04, 0xA9, 0x6F, 0x33, 0xE1,
    0xD0, 0x92, 0x42, 0x4C, 0x44, 0xFF, 0xD2, 0xF9, 0xEE, 0x1D, 0xF1, 0x78, 0x01, 0xD6, 0x64, 0x58,
    0xB6, 0x5A, 0x00, 0x5B, 0x1D, 0xD6, 0x3E, 0xBB, 0x1C, 0x5F, 0xAA, 0x01, 0xB2, 0x26, 0x2D, 0xAB,
    0x2E, 0xCB, 0x81, 0xCB, 0x61, 0xA6, 0xAB, 0x48, 0xC3, 0xB7, 0x20, 0x83, 0xF5, 0xB1, 0xCD, 0xD0,
    0x66, 0x50, 0x13, 0x5A, 0x32, 0xA4, 0x69, 0x00, 0x02, 0xCE, 0xCC, 0xEF, 0x81, 0x35, 0x53, 0x1D,
    0xCC, 0xB9, 0xC0, 0xFA, 0xC4, 0xAC, 0xDD, 0xBB, 0xA2, 0x8C, 0x1A, 0xD7, 0x24, 0xB7, 0x5D, 0xCB,
    0xFF, 0xB4, 0x44, 0x49, 0x04, 0x38, 0xC7, 0xDE, 0x2D, 0xE8, 0x62, 0xD7, 0x04, 0x5D, 0x7A, 0xD4,
    0x87, 0x9D, 0x09, 0xA6, 0xA8, 0x35, 0x52, 0x1C, 0x35, 0xD8, 0x10, 0xBA, 0xF2, 0x60, 0x3E, 0x0E,
    0x7D, 0xFD, 0xFD, 0x7C, 0x46, 0xD7, 0x93, 0x47, 0x9B, 0x0A, 0x2F, 0x0D, 0x60, 0xF5, 0xE5, 0xC1,
    0x1F, 0xD7, 0x82, 0x78, 0x4C, 0x94, 0xCD, 0xA7, 0x20, 0x71, 0xF9, 0x03, 0x9F, 0xFD, 0x73, 0x0F,
    0xBC, 0x72, 0xFB, 0x98, 0x04, 0xAD, 0xBD, 0x28, 0x71, 0x3F, 0x54, 0x79, 0x68, 0xEF, 0x33, 0x11,
    0xFF, 0x85, 0x1A, 0xA1, 0x86, 0xBE, 0x70, 0x37, 0x3A, 0xE6, 0xC2, 0xCE, 0x1C, 0x39, 0x54, 0x1D,
    0x3E, 0x93, 0xEA, 0x01, 0x7F, 0x45, 0xBA, 0x37, 0xF9, 0x11, 0x41, 0x3B, 0x5C, 0xF4, 0x5C, 0x66,
    0x20, 0xC7, 0xFC, 0x7B, 0x0C, 0x88, 0x2C, 0xB8, 0x24, 0xF6, 0x45, 0x48, 0x61, 0xA0, 0x39, 0xFE,
    0x5E, 0xD1, 0x4A, 0xDC, 0x9E, 0x92, 0xCA, 0xCF, 0x62, 0x15, 0xB8, 0xDB, 0xAE, 0xA9, 0xBA, 0xA2,
    0x0F, 0xDD, 0x6F, 0xB1, 0xE5, 0x6F, 0x79, 0xC0, 0x8A, 0xCD, 0xB5, 0xEE, 0xFE, 0xC7, 0x70, 0x5A,
    0xB9, 0x9C, 0xFB, 0x7F, 0x6C, 0xFC, 0xF1, 0x2C, 0x4F, 0x7A, 0x6C, 0xFD, 0xC7, 0x15, 0xCF, 0x00,
    0xB0, 0xF9, 0xC7, 0x8E, 0xDE, 0x6F, 0xFF, 0x79, 0xF6, 0xE3, 0x0F, 0x00, 0x60, 0x0A, 0x7F, 0x04,
    0x00, 0x65, 0xF9, 0x43, 0x80, 0x48, 0x0B, 0xAF, 0x47, 0x38, 0xA9, 0x5F, 0x58, 0x36, 0xEE, 0xDE,
    0xE6, 0x87, 0xF1, 0xCE, 0x61, 0x91, 0x1E, 0x83, 0x0D, 0xBA, 0x18, 0xD4, 0xCA, 0xE2, 0xD8, 0x8D,
    0xFB, 0x77, 0x14, 0xB9, 0xB9, 0xCB, 0x43, 0x0B, 0xFD, 0x9A, 0x13, 0x9D, 0x98, 0xC1, 0xEE, 0xDE,
    0xF4, 0xE1, 0xC3, 0x33, 0x7C, 0xC3, 0x35, 0x9C, 0xB2, 0x94, 0xE9, 0x91, 0x4B, 0x49, 0x5B, 0x33,
    0x14, 0xF8, 0x33, 0x7D, 0xDA, 0x3E, 0x3A, 0x6D, 0x1C, 0xEF, 0xF9, 0xBF, 0xC9, 0x75, 0xB6, 0x94,
    0xDF, 0x4C, 0xE1, 0xA7, 0x7E, 0xBE, 0xAE, 0x48, 0xFC, 0x41, 0x67, 0x84, 0xAB, 0x1D, 0xD0, 0xB9,
    0xEA, 0x03, 0x75, 0x3B, 0xB6, 0xFD, 0xF3, 0xF9, 0x17, 0x96, 0x87, 0xE8, 0x7A, 0x5D, 0xAD, 0xD7,
    0x5A, 0xD6, 0xDD, 0x4C, 0xCF, 0xEA, 0xF9, 0x68, 0xFE, 0x19, 0x92, 0x10, 0x7F, 0xF8, 0x42, 0x2A,
    0x5A, 0xF6, 0xF5, 0xA7, 0x3D, 0x3B, 0xFE, 0x34, 0x01, 0xD4, 0xE4, 0xB9, 0x96, 0xE9, 0xF9, 0x6B,
    0xDA, 0xB6, 0xED, 0x7F, 0x2B, 0xD9, 0xFD, 0xBE, 0xFB, 0xED, 0xD4, 0x03, 0xFB, 0x73, 0x3F, 0x62,
    0x7F, 0x4B, 0x8E, 0x5D, 0xE7, 0xC8, 0x7F, 0x6F, 0x5D, 0x1A, 0x57, 0xA7, 0xC8, 0x00, 0x28, 0x50,
    0xA3, 0x9E, 0x08, 0x9C, 0xEF, 0x4F, 0x27, 0xA2, 0x07, 0xF9, 0x1D, 0x5D, 0x2C, 0xE2, 0xA6, 0x07,
    0x29, 0x32, 0xC7, 0x8C, 0x7B, 0x5F, 0x95, 0xE7, 0xC5, 0x1F, 0x95, 0x02, 0x9C, 0x9F, 0x8F, 0xF9,
    0x2B, 0x7E, 0x9A, 0xE4, 0x68, 0x9F, 0xA3, 0xFC, 0x85, 0x5E, 0xDF, 0x9E, 0x7D, 0xFF, 0x0B, 0x6D,
    0x56, 0x3D, 0x8F, 0x1D, 0x35, 0x14, 0xBD, 0x33, 0x86, 0x1D, 0x21, 0x17, 0x4E, 0x41, 0x11, 0xB1,
    0x85, 0x1B, 0xBA, 0x48, 0x71, 0x93, 0x22, 0x45, 0x12, 0x8F, 0xC4, 0x1F, 0xC8, 0x9F, 0xA0, 0xA0,
    0xDA, 0x86, 0x82, 0x62, 0x91, 0x9D, 0x20, 0xD1, 0x92, 0x9F, 0x40, 0x41, 0x2A, 0x8A, 0xD0, 0xB3,
    0xC4, 0x16, 0x94, 0x34, 0x96, 0x90, 0xA8, 0xA7, 0x48, 0x45, 0x82, 0xDE, 0x20, 0x46, 0xCA, 0xEC,
    0xAE, 0x67, 0xCC, 0xB9, 0x9E, 0xB7, 0x1F, 0x09, 0xFB, 0x66, 0xEE, 0xBC, 0x79, 0x9E, 0xF1, 0xBD,
    0xD7, 0xF7, 0x9E, 0x73, 0xFC, 0xA8, 0xF9, 0x81, 0xC8, 0x94, 0x9E, 0x56, 0x1D, 0x45, 0x56, 0x49,
    0x8E, 0x6A, 0x50, 0xA3, 0x1A, 0x75, 0x52, 0x83, 0x89, 0x6A, 0xB0, 0x51, 0x27, 0xEB, 0x4D, 0xB4,
    0xBD, 0x8D, 0xAE, 0xB7, 0xDE, 0xF6, 0x81, 0x6C, 0xBF, 0x92, 0x79, 0x9A, 0x49, 0xBD, 0x1E, 0xA8,
    0x5D, 0x7B, 0x6A, 0x67, 0x91, 0xDB, 0x89, 0xF0, 0x71, 0xD3, 0x11, 0xE6, 0xAA, 0x41, 0x27, 0xCC,
    0x88, 0xD6, 0xBB, 0x1E, 0xC7, 0x1B, 0x3D, 0x10, 0xE9, 0x84, 0xA7, 0x91, 0xA8, 0x44, 0x12, 0x30,
    0xE5, 0x3C, 0x3D, 0x74, 0x3D, 0x4D, 0x81, 0xC4, 0x50, 0x48, 0xFA, 0x95, 0xEE, 0xD2, 0x4A, 0xAE,
    0x94, 0x31, 0xC0, 0x48, 0x64, 0x22, 0x31, 0x13, 0xBD, 0x80, 0xFB, 0x52, 0x3C, 0x2C, 0x35, 0xA5,
    0x44, 0xC1, 0x86, 0xA3, 0xF3, 0x4D, 0x2F, 0x11, 0x4F, 0x95, 0x57, 0xA4, 0x7F, 0x5C, 0x71, 0x57,
    0x38, 0x7A, 0x0F, 0xF3, 0xC7, 0xF8, 0xCE, 0x14, 0xE0, 0x6D, 0x25, 0xFB, 0x7A, 0x26, 0x89, 0xE9,
    0xD4, 0x3C, 0xE7, 0x55, 0xC6, 0x66, 0x51, 0xA9, 0x1B, 0x55, 0x54, 0xE9, 0x23, 0x32, 0xC8, 0xC6,
    0x7E, 0xFB, 0x18, 0x31, 0xF1, 0xF6, 0x93, 0x15, 0x1E, 0x42, 0xB5, 0xB5, 0x5A, 0xA1, 0x97, 0xCD,
    0x42, 0x0E, 0x39, 0x98, 0xDD, 0x40, 0x1D, 0xD2, 0x50, 0xC8, 0x4B, 0x97, 0x32, 0x18, 0xE4, 0xF2,
    0x80, 0x94, 0xBF, 0x4F, 0x86, 0x6E, 0xD1, 0xD7, 0x88, 0x8B, 0x3C, 0xC5, 0x48, 0x24, 0xB1, 0x44,
    0x8D, 0x58, 0x16, 0x43, 0x27, 0x08, 0xB9, 0x1F, 0x56, 0x88, 0x63, 0x30, 0x4C, 0xCD, 0xE7, 0x78,
    0x56, 0x12, 0xAD, 0x72, 0x14, 0x59, 0x4C, 0x9B, 0x75, 0xA3, 0x28, 0x2A, 0x51, 0xC1, 0x1A, 0xDC,
    0x42, 0xED, 0x79, 0xF1, 0x3A, 0x05, 0xAE, 0xF8, 0x60, 0x49, 0xB3, 0xE1, 0x1E, 0x3D, 0x38, 0x5B,
    0xA9, 0x2D, 0x28, 0xE3, 0x87, 0xCF, 0x88, 0x42, 0xA1, 0x76, 0xD1, 0x11, 0xEB, 0x40, 0x8F, 0xEA,
    0xC1, 0xDD, 0xDA, 0x7E, 0x8D, 0x6E, 0x10, 0x65, 0x97, 0xE8, 0x8B, 0xBA, 0x3A, 0x44, 0x75, 0x74,
    0x9B, 0x16, 0x7A, 0xD0, 0xCE, 0x64, 0x5F, 0x24, 0x92, 0x5C, 0x2A, 0x7D, 0x93, 0xF5, 0x70, 0x5B,
    0x12, 0xDB, 0x4D, 0xCF, 0xD1, 0x97, 0xC4, 0x56, 0x7B, 0x7C, 0xED, 0xFE, 0xFA, 0xE7, 0x9D, 0xF1,
    0x13, 0x92, 0x13, 0xD9, 0x88, 0x42, 0xA2, 0x93, 0x72, 0xC4, 0x52, 0xB8, 0xDE, 0x18, 0x40, 0x8F,
    0x02, 0xCE, 0xDA, 0xB0, 0x50, 0x4F, 0x8C, 0xD8, 0x9E, 0x1F, 0xA1, 0x0C, 0xDD, 0x58, 0xCB, 0xF6,
    0x69, 0xF5, 0x71, 0xBF, 0x96, 0x52, 0x47, 0x9E, 0xDF, 0x4D, 0x0C, 0x07, 0xF8, 0x7A, 0xEF, 0xEC,
    0x66, 0x0E, 0xA4, 0x46, 0x32, 0x89, 0x97, 0x5B, 0x78, 0x0C, 0xBF, 0xE0, 0x13, 0xB0, 0xD6, 0xD9,
    0xA4, 0xC3, 0x65, 0x87, 0x0A, 0x77, 0xA8, 0xB4, 0x9C, 0xBA, 0x59, 0x8E, 0x92, 0xF1, 0xC9, 0x18,
    0x07, 0x46, 0x19, 0xA5, 0x7C, 0xA0, 0xBE, 0xAB, 0xF5, 0x72, 0xA6, 0xC3, 0x53, 0x64, 0x14, 0x7A,
    0x91, 0x75, 0x94, 0x8C, 0x92, 0x41, 0x25, 0x83, 0xB7, 0x2E, 0x38, 0x00, 0xFC, 0x47, 0xA0, 0x1F,
    0xE6, 0x7C, 0xA0, 0x50, 0x71, 0xE2, 0x9A, 0x4C, 0xF6, 0xB3, 0x89, 0x34, 0x8A, 0xDE, 0x71, 0x75,
    0x51, 0x6D, 0x99, 0xC9, 0x65, 0xF1, 0x36, 0x8B, 0xDF, 0x66, 0x4E, 0x1C, 0xE9, 0xE3, 0x44, 0x56,
    0x6A, 0x60, 0x1A, 0xA0, 0x0E, 0xFB, 0x52, 0xF8, 0x3B, 0xE5, 0xD4, 0x96, 0x85, 0x3A, 0x20, 0xD4,
    0xEE, 0x46, 0x2A, 0x58, 0xCD, 0x82, 0x05, 0x9C, 0xC0, 0x3E, 0xC6, 0x44, 0x9E, 0x53, 0x61, 0xEA,
    0x08, 0x1C, 0xDB, 0x00, 0x66, 0xE9, 0x31, 0x2A, 0x34, 0xC8, 0xD4, 0x56, 0x20, 0x5A, 0x10, 0x82,
    0x8D, 0x34, 0x62, 0x97, 0x90, 0x40, 0xE1, 0x51, 0x4C, 0x6A, 0x6C, 0x46, 0x9E, 0xCB, 0xC4, 0x03,
    0xD1, 0xEE, 0x60, 0xAE, 0x83, 0x35, 0xA0, 0x39, 0x07, 0x86, 0x1D, 0xC3, 0x16, 0x18, 0x03, 0xDE,
    0xBD, 0x46, 0xCA, 0x05, 0xC0, 0xE2, 0x34, 0xC9, 0xC0, 0xC2, 0x80, 0x77, 0xB1, 0x9E, 0x1D, 0xFC,
    0x22, 0xFE, 0x03, 0xCC, 0x19, 0xAD, 0x17, 0xC9, 0xF5, 0x8A, 0xE9, 0x5F, 0x4A, 0x86, 0xC1, 0x21,
    0x62, 0x82, 0x24, 0x40, 0x23, 0x93, 0xCB, 0x03, 0x01, 0x58, 0x14, 0xC8, 0x5B, 0xAA, 0x0D, 0x0D,
    0x8E, 0x36, 0x51, 0x12, 0x88, 0x28, 0x00, 0xC5, 0x0E, 0x53, 0xD4, 0x5F, 0xA5, 0x6F, 0xAA, 0x10,
    0x70, 0x1E, 0x26, 0xDE, 0xC5, 0xB7, 0xA5, 0x4D, 0x56, 0xCC, 0x79, 0xA6, 0x03, 0xCE, 0xE3, 0x60,
    0x5F, 0x8F, 0x05, 0xE4, 0x98, 0x3B, 0x48, 0x52, 0xC3, 0xA5, 0x23, 0xFD, 0xE7, 0xF7, 0x88, 0x0D,
    0x52, 0x0F, 0x81, 0x85, 0x08, 0x73, 0x58, 0x60, 0xF8, 0x1B, 0x57, 0x9E, 0xFF, 0x64, 0x81, 0x24,
    0x4D, 0x20, 0x8A, 0xA7, 0xEB, 0xB5, 0x01, 0x59, 0xFB, 0x2F, 0xE9, 0x11, 0x3D, 0xAE, 0xAC, 0x9C,
    0xF6, 0x64, 0x8D, 0x57, 0x64, 0xFD, 0xE5, 0x8A, 0xAC, 0x95, 0xC3, 0x71, 0x1B, 0xA6, 0xC3, 0x8B,
    0x9A, 0xCA, 0xB1, 0x9B, 0xBB, 0xCD, 0xB2, 0x02, 0xC1, 0x8C, 0x6F, 0x20, 0x1A, 0x14, 0x50, 0xB7,
    0xB7, 0xC5, 0x1B, 0x1F, 0xA2, 0x23, 0x9B, 0x90, 0x41, 0x62, 0x78, 0x70, 0x3E, 0x06, 0x35, 0x3D,
    0x60, 0x2E, 0x98, 0x19, 0xF9, 0x04, 0x80, 0x54, 0x33, 0x9C, 0x22, 0xAE, 0x00, 0x1D, 0x1B, 0xC3,
    0xCF, 0x26, 0x75, 0x56, 0x62, 0xBB, 0xDA, 0x3D, 0x59, 0xC1, 0x06, 0xD4, 0xF4, 0x1E, 0x20, 0x75,
    0x02, 0x26, 0xB8, 0x80, 0xF2, 0x9F, 0xDE, 0x4C, 0xD8, 0x4B, 0xB2, 0x9A, 0xFE, 0x66, 0x42, 0xD3,
    0xB5, 0x77, 0x58, 0x1E, 0x51, 0x07, 0xB6, 0xF7, 0x49, 0x7B, 0x35, 0xFE, 0x01, 0x21, 0x2C, 0x93,
    0xD6, 0xEF, 0x49, 0x3B, 0x71, 0xD1, 0x99, 0x56, 0x91, 0xC7, 0x2E, 0x79, 0xCB, 0x67, 0x5F, 0x49,
    0xEB, 0xF9, 0xD1, 0x46, 0x4F, 0x46, 0xE7, 0x57, 0xD5, 0xE1, 0x2D, 0xA2, 0x63, 0x62, 0x42, 0xE3,
    0x01, 0x20, 0x88, 0x65, 0xFC, 0x9F, 0xB7, 0x97, 0xA4, 0xDD, 0x54, 0xC1, 0x31, 0x6F, 0xDB, 0x8D,
    0xB7, 0x9E, 0xC5, 0x94, 0x3F, 0xE6, 0x6C, 0x68, 0xD7, 0x80, 0xDE, 0x73, 0xA5, 0x40, 0x51, 0xBF,
    0x6D, 0x3F, 0x40, 0x6B, 0xBF, 0x09, 0x35, 0x8E, 0x16, 0x77, 0xE0, 0x9C, 0x7B, 0x53, 0x7E, 0x82,
    0x54, 0x3E, 0x43, 0xAD, 0x9B, 0x75, 0x95, 0x43, 0xD0, 0x31, 0x60, 0x8B, 0x72, 0xDD, 0x8C, 0xC5,
    0x97, 0xE7, 0x8C, 0xD2, 0xC2, 0x32, 0x73, 0xCF, 0x9C, 0x8F, 0x07, 0xA0, 0x00, 0xB7, 0x64, 0x2D,
    0x08, 0xC7, 0x9C, 0x66, 0xD7, 0x26, 0x86, 0xDE, 0x80, 0x0A, 0x4C, 0x07, 0x8B, 0x9D, 0x88, 0x43,
    0xE0, 0x8A, 0x94, 0x18, 0x85, 0xAC, 0xFD, 0x02, 0x91, 0xDA, 0xD2, 0x9F, 0x92, 0xFD, 0x06, 0x25,
    0xFF, 0x1D, 0x9B, 0xC1, 0xDF, 0x60, 0x27, 0x52, 0xAD, 0x2C, 0x05, 0x14, 0x1E, 0x81, 0x02, 0x23,
    0xD4, 0x27, 0x95, 0xDE, 0x78, 0x37, 0x00, 0x0E, 0x23, 0xB3, 0x48, 0x30, 0xB5, 0x6A, 0x5B, 0xB9,
    0xBD, 0xB0, 0x4F, 0x82, 0x6F, 0xB1, 0x9F, 0xA9, 0xC9, 0x61, 0xE5, 0xBC, 0x93, 0x6E, 0xEA, 0x61,
    0xA1, 0x1E, 0x12, 0x2E, 0x64, 0xD9, 0x8C, 0x73, 0x86, 0x90, 0x70, 0x4B, 0x50, 0x99, 0xA3, 0x28,
    0xCE, 0xA0, 0x62, 0xAB, 0x62, 0xF8, 0x8D, 0x72, 0xBE, 0x52, 0xB0, 0x0A, 0x24, 0xE8, 0x57, 0xDD,
    0x6D, 0xEB, 0x8E, 0x6B, 0x17, 0xD7, 0xCB, 0xE9, 0x1D, 0x3F, 0x17, 0x2C, 0xCD, 0x06, 0xE2, 0x62,
    0xB2, 0x98, 0x55, 0xEC, 0xA6, 0xBB, 0x68, 0x1B, 0x7A, 0xF0, 0xEF, 0x80, 0x7D, 0x0D, 0xCA, 0x54,
    0xA0, 0x60, 0x7F, 0x64, 0x32, 0xBF, 0x2E, 0xFB, 0x2A, 0x04, 0x50, 0x4B, 0x8F, 0xA6, 0xBE, 0x2F,
    0xA6, 0x6E, 0x92, 0xEF, 0xEC, 0xEB, 0x80, 0x78, 0xD5, 0xBF, 0x30, 0x43, 0x1F, 0xA1, 0xB2, 0xCE,
    0x1F, 0xE6, 0xF2, 0x4F, 0x01, 0x35, 0xBE, 0x3B, 0xD7, 0x83, 0x58, 0x25, 0xD3, 0x04, 0x8A, 0x8B,
    0xDD, 0x76, 0xE6, 0xDD, 0x89, 0xFF, 0x55, 0x00, 0xF6, 0x23, 0x6B, 0x29, 0xDF, 0x59, 0xCF, 0x9E,
    0x40, 0x13, 0x78, 0x73, 0xBE, 0xB6, 0x37, 0x33, 0xA5, 0xF5, 0xC0, 0xDE, 0x88, 0x45, 0x9B, 0x58,
    0xB5, 0x49, 0x2C, 0x7C, 0xC9, 0x75, 0x07, 0x50, 0xAC, 0xA3, 0x2C, 0xA3, 0x70, 0x46, 0x9C, 0x0B,
    0xB1, 0x13, 0xE2, 0x1E, 0xE2, 0xA2, 0x39, 0x6B, 0x68, 0xB8, 0x5A, 0xF4, 0x20, 0xF3, 0xCF, 0x33,
    0xAD, 0x4F, 0x73, 0x53, 0x9A, 0xDC, 0x2E, 0x0D, 0x96, 0xDD, 0x62, 0x19, 0x6D, 0xC6, 0x36, 0xC0,
    0x1C, 0x1E, 0xB7, 0x3F, 0x39, 0x48, 0x08, 0x30, 0xD0, 0xBB, 0x89, 0x2E, 0x36, 0xCB, 0xBA, 0x61,
    0xBE, 0x02, 0xC0, 0x19, 0x84, 0x61, 0x16, 0x67, 0xAB, 0x4A, 0x4E, 0xA5, 0x87, 0x6A, 0x82, 0x78,
    0xF5, 0x0D, 0x36, 0x60, 0x3D, 0xDF, 0x6E, 0xF3, 0x31, 0xE5, 0x97, 0xCD, 0x0C, 0x6C, 0x48, 0xA0,
    0xE9, 0x36, 0x03, 0xFE, 0x60, 0x86, 0xF0, 0xA5, 0xA3, 0x33, 0xBF, 0x57, 0xF9, 0x0B, 0xA1, 0xBF,
    0xE4, 0x0E, 0xF3, 0x65, 0x47, 0xF0, 0xF3, 0x1F, 0x9D, 0x59, 0x31, 0xB3, 0xDD, 0xD4, 0x11, 0x3E,
    0x57, 0x02, 0x5F, 0xC6, 0x9A, 0x89, 0x28, 0xC8, 0x24, 0x01, 0x06, 0xFD, 0x00, 0x63, 0xD4, 0x52,
    0x98, 0x27, 0x41, 0xE3, 0x99, 0x64, 0x32, 0x34, 0x31, 0x69, 0xF2, 0x03, 0x32, 0xA4, 0x78, 0x14,
    0x29, 0x28, 0x0C, 0x52, 0xA0, 0xA0, 0x60, 0x26, 0x38, 0x33, 0xA1, 0xC6, 0x05, 0x05, 0xBE, 0x2E,
    0x5E, 0x0A, 0x17, 0xCE, 0xC4, 0x46, 0x82, 0x57, 0xB8, 0xA0, 0x88, 0x0C, 0x05, 0x85, 0x0B, 0x04,
    0x76, 0x91, 0x38, 0x85, 0x65, 0x10, 0x13, 0xBD, 0x67, 0x49, 0x9B, 0xEF, 0xDB, 0x3D, 0xBA, 0xEF,
    0x39, 0xC9, 0xA4, 0x88, 0xC6, 0x3E, 0x7B, 0xEE, 0xBD, 0x92, 0xCE, 0xEE, 0x9E, 0xDD, 0x6F, 0xBF,
    0x3D, 0xCF, 0xB9, 0x54, 0x2E, 0x38, 0xE7, 0xD6, 0x22, 0x03, 0x44, 0x2A, 0xD5, 0x08, 0x21, 0x6D,
    0x04, 0x11, 0x48, 0xB9, 0xEE, 0xF9, 0x93, 0x0B, 0x72, 0xE7, 0xE2, 0xC9, 0xF1, 0x4A, 0x46, 0x15,
    0xE9, 0x80, 0x27, 0xA4, 0xCF, 0x7A, 0x8A, 0x2E, 0xEB, 0x5C, 0xD1, 0x85, 0x2A, 0x5A, 0x15, 0x55,
    0x13, 0xB6, 0x59, 0xEF, 0xA4, 0xD1, 0x07, 0xA4, 0xC6, 0xE3, 0xF2, 0x22, 0x05, 0x6F, 0x17, 0xBC,
    0xA2, 0x12, 0x5D, 0xF0, 0xC4, 0x65, 0xB9, 0xFB, 0x21, 0x5E, 0x17, 0x8A, 0xBE, 0xD5, 0x8B, 0xF5,
    0xAC, 0x22, 0x9A, 0x5C, 0x5C, 0xEA, 0xC2, 0x29, 0xD7, 0x1F, 0x5D, 0xC6, 0x3B, 0x70, 0x99, 0xD0,
    0x9B, 0x82, 0x9B, 0xAD, 0x3E, 0xB8, 0xDF, 0xE8, 0x13, 0x6F, 0xD7, 0x14, 0x71, 0x84, 0xFB, 0xDD,
    0x89, 0x4A, 0xF0, 0x34, 0x57, 0xC2, 0x42, 0x91, 0x4C, 0x15, 0x1E, 0xC8, 0xE6, 0xAB, 0x05, 0x1E,
    0x97, 0xBE, 0xFB, 0x0B, 0xAC, 0x92, 0x9B, 0xED, 0x77, 0x02, 0x95, 0xF6, 0x3F, 0xBF, 0x3D, 0x42,
    0xC1, 0xF5, 0xFE, 0x7E, 0x0B, 0x11, 0x9D, 0xC5, 0x4B, 0xD2, 0x29, 0x8E, 0xF1, 0x92, 0x6C, 0x7C,
    0x2E, 0x76, 0x14, 0x67, 0x9E, 0x53, 0x71, 0xFE, 0x0C, 0xC5, 0x70, 0xE5, 0x75, 0x15, 0x5D, 0x4F,
    0x31, 0x7F, 0xDD, 0x51, 0xC8, 0xA7, 0x8D, 0x8A, 0xFD, 0xDA, 0xE5, 0x2E, 0x91, 0xB3, 0x65, 0x50,
    0xE3, 0x65, 0xEF, 0xB9, 0xB8, 0xA6, 0xB6, 0xAB, 0x0A, 0x6F, 0x83, 0xD2, 0x74, 0x62, 0x21, 0x42,
    0xA5, 0xFB, 0x99, 0x96, 0xAF, 0xBA, 0xCE, 0xEC, 0xE8, 0xFE, 0xD3, 0x0E, 0x5C, 0xBB, 0xBA, 0x3B,
    0x91, 0xFA, 0xCC, 0x55, 0x73, 0x25, 0x74, 0x61, 0x19, 0x0B, 0x96, 0x98, 0x30, 0xCB, 0x5D, 0x31,
    0xA8, 0xD7, 0xA4, 0x73, 0xE1, 0x88, 0x59, 0xED, 0x56, 0x39, 0xEF, 0x50, 0x37, 0x98, 0x37, 0x13,
    0x81, 0x4D, 0x3D, 0x2D, 0x92, 0x0C, 0x3E, 0x1C, 0x43, 0xBE, 0xAC, 0x18, 0x03, 0x79, 0x9B, 0x22,
    0x94, 0xB0, 0x75, 0xD5, 0x10, 0x52, 0x31, 0x08, 0x5D, 0x66, 0x58, 0x9B, 0x88, 0x18, 0x12, 0xC5,
    0x18, 0xAB, 0x99, 0x5E, 0xCC, 0x49, 0x17, 0xD2, 0xBE, 0x0F, 0x3A, 0xF8, 0x07, 0x7A, 0x7D, 0x5D,
    0x31, 0x50, 0x4C, 0x3F, 0x6F, 0x58, 0x50, 0xCD, 0xB6, 0x3C, 0xAE, 0x12, 0xB7, 0xE2, 0x82, 0xF1,
    0xD5, 0xC1, 0x2B, 0xD4, 0xA7, 0xE8, 0x5D, 0x41, 0xD1, 0x71, 0x37, 0x5D, 0xD5, 0xB9, 0x1D, 0x8D,
    0x37, 0xF7, 0x06, 0x85, 0x1A, 0xBF, 0x12, 0x35, 0x3E, 0x30, 0x11, 0x9A, 0x2D, 0x5B, 0x71, 0xF7,
    0x92, 0x45, 0xEB, 0x64, 0x6E, 0x99, 0x8E, 0xEC, 0x8C, 0x2D, 0x6A, 0x92, 0x69, 0x59, 0xFC, 0x48,
    0x9C, 0xAC, 0xE6, 0x0D, 0xBF, 0xCD, 0x7A, 0xBD, 0xA5, 0x50, 0x5F, 0xD3, 0x67, 0x1A, 0xF2, 0xF3,
    0x45, 0xD3, 0xBD, 0xB3, 0x68, 0x69, 0xCD, 0xF3, 0x6A, 0x44, 0xAC, 0x1F, 0x8B, 0x59, 0x7A, 0xAA,
    0x95, 0xA9, 0xAF, 0x13, 0x1D, 0xE1, 0x0D, 0x84, 0x69, 0xDC, 0x30, 0x4A, 0xA9, 0xD1, 0x74, 0x14,
    0xB8, 0xE1, 0xEC, 0x2C, 0x42, 0x7B, 0x1D, 0x3B, 0x17, 0x5C, 0x96, 0xCD, 0x45, 0x1F, 0xDD, 0x88,
    0xF8, 0xCD, 0x05, 0xD5, 0xAB, 0xD1, 0x11, 0x46, 0xAA, 0xD3, 0x5D, 0xA4, 0xBA, 0x25, 0xEA, 0x82,
    0x9D, 0x73, 0xAA, 0x9F, 0xDC, 0x59, 0xD7, 0x9A, 0x30, 0x4D, 0xA6, 0x4E, 0xCC, 0xDE, 0xDF, 0x45,
    0x2C, 0x3F, 0x01, 0xDD, 0x2E, 0xF8, 0xF0, 0x78, 0xC3, 0x4B, 0x37, 0x78, 0x19, 0x74, 0x7E, 0xB2,
    0x6E, 0xFC, 0x24, 0x66, 0x34, 0x4B, 0xF7, 0xD4, 0x94, 0xEE, 0xF6, 0x9C, 0x88, 0x14, 0x48, 0x9D,
    0x53, 0x72, 0x5B, 0x34, 0x95, 0x56, 0x72, 0xEF, 0xAC, 0xCC, 0x0C, 0x28, 0x99, 0x42, 0x19, 0x22,
    0xC9, 0x57, 0x32, 0x84, 0xD2, 0x61, 0x12, 0x48, 0x17, 0x4A, 0x13, 0x09, 0x14, 0x6F, 0xD6, 0x52,
    0xC7, 0x9C, 0x40, 0x9F, 0x1C, 0x8E, 0xC6, 0x76, 0xE0, 0x7B, 0x4C, 0xF8, 0x51, 0xE8, 0x73, 0xFB,
    0x98, 0x32, 0x8F, 0xF8, 0x11, 0x91, 0x86, 0x8F, 0x8C, 0xB7, 0x81, 0x1F, 0x2B, 0x9B, 0x8C, 0x2B,
    0x86, 0x1E, 0xD4, 0x40, 0xD8, 0x0D, 0x9C, 0x64, 0x63, 0xC4, 0xC9, 0xF0, 0x78, 0x36, 0x24, 0x70,
    0x57, 0x26, 0x43, 0xD1, 0x67, 0xBC, 0x41, 0xDA, 0xAA, 0xBB, 0x86, 0xE8, 0x50, 0x8F, 0x2E, 0xC6,
    0x85, 0x5B, 0xE3, 0x96, 0xF4, 0x88, 0x4B, 0x3F, 0xF9, 0xC9, 0xE2, 0x08, 0xBE, 0xC6, 0xD1, 0xB9,
    0x29, 0x43, 0x92, 0x13, 0xC7, 0x20, 0xD1, 0xE0, 0xD5, 0xEC, 0x69, 0x75, 0x82, 0xD8, 0xAD, 0xD5,
    0xC5, 0xA5, 0x3A, 0xC8, 0x1D, 0x62, 0x23, 0x38, 0x59, 0xF5, 0xD8, 0xF0, 0xA4, 0xA4, 0x23, 0xB1,
    0x7A, 0x92, 0xC3, 0x3F, 0x76, 0x69, 0x90, 0xDB, 0x64, 0xEF, 0x70, 0x4F, 0x36, 0xD5, 0x25, 0xFA,
    0x18, 0xC6, 0xBE, 0x89, 0x3D, 0xDD, 0xBB, 0xBB, 0x27, 0x77, 0xE5, 0x23, 0x06, 0xA4, 0xE1, 0xDB,
    0x76, 0xC2, 0x57, 0x48, 0xA7, 0xD0, 0x8A, 0x5C, 0x3D, 0xA0, 0x16, 0x29, 0xB3, 0x48, 0x73, 0x89,
    0xDA, 0xD2, 0xA4, 0x1D, 0x06, 0x5A, 0x67, 0xDB, 0x19, 0x69, 0xFC, 0x5D, 0x63, 0xB4, 0x70, 0x07,
    0x27, 0x9F, 0x08, 0xBB, 0xFC, 0x9A, 0x93, 0x8A, 0x37, 0x56, 0x35, 0x55, 0xC7, 0x37, 0x59, 0x69,
    0x41, 0x3A, 0x97, 0x4B, 0xD0, 0x9B, 0xAF, 0x8A, 0x69, 0x97, 0x39, 0xC7, 0xB4, 0x5D, 0x5B, 0x1E,
    0x15, 0x43, 0x60, 0x91, 0x0D, 0xEF, 0x5A, 0xE0, 0x57, 0xCB, 0x04, 0xE3, 0xB1, 0x49, 0x4C, 0x9B,
    0xDB, 0x95, 0x74, 0x09, 0x97, 0x6E, 0xF0, 0x94, 0xC2, 0x6E, 0x8D, 0x7F, 0x0A, 0xBC, 0x88, 0x83,
    0x77, 0x44, 0x23, 0xA0, 0x90, 0x4A, 0x66, 0x45, 0xF4, 0xA1, 0x92, 0x49, 0x6D, 0xBE, 0xC0, 0xBA,
    0x11, 0xCB, 0xE6, 0x8F, 0x2E, 0x1E, 0x7C, 0x62, 0x72, 0x92, 0x70, 0x17, 0x93, 0x9E, 0xB0, 0xCA,
    0x49, 0x47, 0xBD, 0xE8, 0x89, 0x65, 0x92, 0x6D, 0x27, 0x2D, 0x71, 0xC7, 0xBE, 0x39, 0x25, 0x02,
    0x80, 0x4C, 0xE7, 0xAB, 0x19, 0x33, 0x09, 0x2F, 0x1B, 0x0A, 0x9D, 0x04, 0x80, 0x44, 0x82, 0x8A,
    0xCF, 0x81, 0xD4, 0xA3, 0xAA, 0x1A, 0x00, 0xB3, 0x7D, 0x44, 0x54, 0xBD, 0x37, 0x9C, 0x20, 0x13,
    0x2E, 0x49, 0x2D, 0x5D, 0xF0, 0xF0, 0x94, 0xF7, 0xC3, 0x5C, 0x4C, 0xB5, 0x02, 0xC2, 0x60, 0xF8,
    0x3D, 0x99, 0xAB, 0x89, 0x6E, 0x87, 0xB1, 0x59, 0x17, 0xCD, 0x66, 0x74, 0x8E, 0x9A, 0x36, 0xD1,
    0xEC, 0x6C, 0xC2, 0x46, 0x84, 0x48, 0x7F, 0xF9, 0x07, 0x5E, 0xA0, 0xAF, 0x8B, 0xB4, 0x1A, 0xA9,
    0xE2, 0xB1, 0x6A, 0x53, 0x50, 0x8D, 0x58, 0x68, 0x77, 0xCA, 0x2D, 0x89, 0x67, 0xFA, 0x22, 0x12,
    0xC5, 0x6D, 0xA4, 0x16, 0xC3, 0xAA, 0x46, 0x1A, 0xA8, 0x8E, 0x09, 0xDE, 0x41, 0x58, 0x66, 0xF8,
    0x61, 0x0B, 0x38, 0x6D, 0x02, 0x56, 0x54, 0x6C, 0x1A, 0xBE, 0x88, 0x3A, 0x7A, 0x43, 0xB7, 0x0D,
    0x51, 0x8C, 0x29, 0x9C, 0x20, 0x03, 0xCB, 0x21, 0x36, 0x67, 0x40, 0x2C, 0x45, 0xB2, 0x92, 0x12,
    0xC0, 0xD5, 0x25, 0xF2, 0x29, 0x57, 0x27, 0xE6, 0x04, 0x55, 0xCD, 0xC2, 0xBE, 0x66, 0x0C, 0x22,
    0xAE, 0x33, 0x66, 0x36, 0x6E, 0x06, 0xBC, 0x14, 0x78, 0x5C, 0x4B, 0x61, 0xEB, 0x82, 0xD9, 0xDC,
    0x5E, 0x60, 0x3A, 0xDA, 0x94, 0x75, 0xA4, 0xD7, 0x29, 0x55, 0x59, 0x63, 0x5F, 0x52, 0x96, 0x95,
    0xCE, 0x45, 0x8D, 0xEE, 0xDE, 0x1A, 0x4F, 0x2B, 0xA2, 0xA0, 0x36, 0x63, 0xCA, 0xC2, 0x8C, 0xF4,
    0x4E, 0x60, 0x3A, 0xA2, 0xE4, 0x87, 0xBB, 0xF3, 0xB9, 0xA2, 0x98, 0xCE, 0x7D, 0xFC, 0x0B, 0x97,
    0xF9, 0x6C, 0x81, 0x3A, 0xDB, 0x29, 0x43, 0x63, 0x5E, 0x0D, 0xC9, 0xA8, 0x79, 0x1C, 0x4B, 0xD8,
    0x25, 0x93, 0xA6, 0x23, 0xEA, 0x53, 0x1B, 0x4F, 0x9A, 0x87, 0xB1, 0xC4, 0x75, 0x3C, 0x33, 0x01,
    0xE1, 0xAD, 0xA4, 0x8C, 0xE7, 0x54, 0xB1, 0x51, 0x32, 0xFC, 0xB2, 0x63, 0xD3, 0x37, 0xF1, 0xFF,
    0xBA, 0xA2, 0x00, 0xDE, 0xB8, 0xD6, 0xC2, 0x03, 0x31, 0xA8, 0x6A, 0x3A, 0xED, 0x54, 0x61, 0xC5,
    0xE0, 0xD6, 0xA7, 0x91, 0x56, 0xC6, 0xF0, 0xA8, 0xA2, 0x84, 0x96, 0x1D, 0x44, 0xE4, 0x40, 0xAB,
    0x07, 0xDC, 0x37, 0x03, 0xF0, 0x72, 0xF2, 0x92, 0x9E, 0xF2, 0x70, 0x53, 0x8D, 0x94, 0x0D, 0x5E,
    0x68, 0x32, 0xF0, 0x72, 0x25, 0x2F, 0x79, 0xF9, 0xD6, 0x71, 0x29, 0x9F, 0xFC, 0x9F, 0xB2, 0x76,
    0x81, 0x97, 0x50, 0xE7, 0xBF, 0x4A, 0x94, 0x18, 0xC8, 0xBB, 0x1B, 0xD8, 0x0A, 0x29, 0xCC, 0x7C,
    0x95, 0x73, 0x6E, 0x59, 0x3F, 0x1E, 0x13, 0x24, 0x04, 0x3E, 0xCD, 0x8D, 0x6D, 0x35, 0x5B, 0x71,
    0x62, 0x23, 0x87, 0x9A, 0x1D, 0x1A, 0xB3, 0x4F, 0xFE, 0x81, 0xDF, 0x05, 0xF6, 0x53, 0x62, 0x95,
    0xA8, 0x40, 0x94, 0x10, 0x5A, 0x1A, 0xF3, 0x51, 0x49, 0x82, 0x01, 0x60, 0xC7, 0x3F, 0xA2, 0x39,
    0x43, 0x38, 0x51, 0x80, 0xF7, 0xF0, 0xEE, 0xC1, 0xDD, 0x10, 0xDD, 0x19, 0x9E, 0x6B, 0x4D, 0x2F,
    0x4C, 0x30, 0xF2, 0x8B, 0x6E, 0xC5, 0x7D, 0xC9, 0xFA, 0xB0, 0xD2, 0xB8, 0x8A, 0xB3, 0xE1, 0x71,
    0x2C, 0x77, 0x9D, 0x10, 0x18, 0x49, 0x0F, 0xA0, 0x87, 0x03, 0xCB, 0x68, 0x76, 0xFF, 0x76, 0x3D,
    0xB9, 0xD9, 0x6C, 0x3E, 0xB2, 0xEC, 0x1E, 0xB7, 0x82, 0x84, 0x88, 0x46, 0xAF, 0xB5, 0x58, 0xA7,
    0x33, 0x17, 0x40, 0x71, 0x1C, 0xE9, 0x41, 0x68, 0xC6, 0x82, 0xDC, 0x93, 0x28, 0xFE, 0xA0, 0x04,
    0x41, 0xDD, 0x16, 0xFC, 0x58, 0x79, 0x88, 0x8D, 0x27, 0xE5, 0x70, 0xC3, 0xEC, 0x6B, 0xB6, 0x0C,
    0x23, 0xD3, 0x77, 0xD9, 0x78, 0x4A, 0xEE, 0x5E, 0x5C, 0xB8, 0x86, 0x85, 0xC8, 0x32, 0x96, 0xDB,
    0xFB, 0xF9, 0xEC, 0xF3, 0xA4, 0x90, 0xAB, 0x81, 0x8F, 0xED, 0x75, 0x9A, 0xD7, 0xFC, 0xA5, 0x3A,
    0xD0, 0xFA, 0x23, 0x43, 0x86, 0xA8, 0x4F, 0xC9, 0x8E, 0xB5, 0x04, 0x11, 0x19, 0x4B, 0x45, 0x87,
    0x68, 0x34, 0xCA, 0x13, 0xB7, 0x06, 0xB6, 0x59, 0xAE, 0x9B, 0xB1, 0x1A, 0xF5, 0xB5, 0x6D, 0xD4,
    0xE9, 0x22, 0x4D, 0x6A, 0xCB, 0xD7, 0x93, 0x85, 0xE8, 0x8D, 0xD1, 0x68, 0xC3, 0x3D, 0xD9, 0x5C,
    0xF2, 0x85, 0x65, 0x32, 0x72, 0xA5, 0x19, 0x05, 0x76, 0x67, 0x45, 0x40, 0xB7, 0x0E, 0xDB, 0xB2,
    0x56, 0xE3, 0x92, 0xC9, 0x92, 0x20, 0x45, 0x14, 0x1B, 0x7F, 0xD3, 0xED, 0xA0, 0x54, 0x8A, 0x8F,
    0x30, 0x29, 0x66, 0xAB, 0x02, 0x19, 0x33, 0x00, 0x37, 0x25, 0x78, 0xC1, 0x2E, 0x70, 0x15, 0x48,
    0xCB, 0x7C, 0x68, 0x58, 0xA3, 0x35, 0x2E, 0x70, 0xAF, 0xAD, 0xD7, 0x9A, 0x00, 0x40, 0xB2, 0xDE,
    0xD5, 0x69, 0x0D, 0x28, 0x4B, 0x6A, 0xE6, 0x26, 0x40, 0xC1, 0x44, 0xF9, 0x02, 0xD1, 0x3E, 0xCE,
    0x9F, 0x00, 0x44, 0xAC, 0x1E, 0xD5, 0x05, 0x77, 0x75, 0x27, 0x8C, 0xAF, 0x67, 0x96, 0x8E, 0x85,
    0xCF, 0xDA, 0xDE, 0x72, 0xAF, 0xFB, 0x35, 0x0C, 0x9D, 0xE4, 0x01, 0xBE, 0x0D, 0x7F, 0xE7, 0x49,
    0xA4, 0x1C, 0xD8, 0x2D, 0xEA, 0xF3, 0x4A, 0x45, 0x62, 0x7E, 0x8E, 0xDF, 0x51, 0x8B, 0x1F, 0x89,
    0x24, 0x7F, 0x88, 0xE6, 0x72, 0x3C, 0x21, 0xF2, 0x37, 0xDB, 0xF2, 0xF1, 0x48, 0xFC, 0xDB, 0x95,
    0xE4, 0xDB, 0x69, 0xB1, 0x9D, 0x05, 0xD3, 0x76, 0x1A, 0x2D, 0x7C, 0xC3, 0xFD, 0x46, 0xC4, 0xDF,
    0xFB, 0x94, 0xD2, 0x39, 0xBD, 0xB2, 0x0B, 0xB2, 0xEF, 0xC3, 0xF5, 0xB7, 0x88, 0xBB, 0xA5, 0xE0,
    0x20, 0x59, 0x0B, 0xCF, 0xB9, 0x10, 0xCD, 0x99, 0xA7, 0x2A, 0x6C, 0x5E, 0xFC, 0x73, 0x08, 0xD0,
    0xC4, 0xBF, 0x99, 0x34, 0xC9, 0x2B, 0x86, 0x14, 0xDA, 0x4E, 0xFB, 0xA5, 0xC9, 0x22, 0xF6, 0x2F,
    0xD3, 0xEA, 0x68, 0x0A, 0xC7, 0x6C, 0xA7, 0xCD, 0xD2, 0x89, 0xF9, 0xE9, 0xAB, 0xB9, 0x31, 0xE7,
    0x14, 0x8C, 0xAA, 0xB7, 0x58, 0xCD, 0x34, 0x10, 0x35, 0x78, 0xB3, 0xBE, 0xDA, 0x17, 0x8B, 0xE6,
    0xAA, 0x43, 0x27, 0x96, 0x47, 0x0F, 0xD8, 0x34, 0xDC, 0x64, 0xE5, 0xE0, 0xCE, 0x04, 0xA8, 0x1C,
    0x98, 0x5E, 0x8F, 0x88, 0xF0, 0x21, 0xA6, 0xF9, 0x35, 0x04, 0x2D, 0x63, 0xE8, 0x45, 0x71, 0xD7,
    0x12, 0x39, 0x14, 0x94, 0xD3, 0x7D, 0x62, 0xF9, 0x0D, 0xEC, 0x81, 0x95, 0x92, 0x03, 0xF0, 0x19,
    0x84, 0xDB, 0x62, 0xFF, 0xD6, 0x8C, 0xA3, 0x26, 0xD1, 0x1A, 0xC5, 0xED, 0xD4, 0xB3, 0x6F, 0xE7,
    0x0B, 0xBE, 0x73, 0xC7, 0xC9, 0xB8, 0xDB, 0xF2, 0x7F, 0xBD, 0x36, 0xFE, 0xAD, 0xE9, 0x81, 0xF3,
    0x34, 0x0D, 0xCA, 0x03, 0x6C, 0x91, 0x43, 0x71, 0x47, 0x52, 0xC1, 0x64, 0x49, 0xFA, 0xA3, 0x31,
    0xB5, 0x6F, 0x06, 0xFE, 0x9A, 0x8C, 0xCC, 0xB0, 0x78, 0x4C, 0xD8, 0x77, 0x4E, 0x69, 0xCD, 0x1D,
    0xC9, 0x14, 0x36, 0x2A, 0xDD, 0xA8, 0x51, 0xE3, 0x0B, 0x8A, 0xAD, 0x94, 0xF8, 0x44, 0x3A, 0x26,
    0x35, 0x91, 0x33, 0x6B, 0xF8, 0x6B, 0xF1, 0x2D, 0xA3, 0x75, 0xA1, 0x7D, 0xFF, 0x94, 0x7C, 0xFD,
    0x9D, 0xEC, 0x83, 0x04, 0xDC, 0x84, 0x3B, 0x9A, 0xA4, 0xFE, 0x18, 0x3B, 0x91, 0xE5, 0x67, 0xB8,
    0x35, 0xEE, 0x71, 0x6F, 0x00, 0x8D, 0x4B, 0x75, 0xAF, 0xC5, 0xC6, 0x9C, 0xEC, 0x06, 0x04, 0x82,
    0xFD, 0x03, 0xD9, 0x25, 0x11, 0x41, 0xD7, 0xBD, 0xA3, 0x81, 0xAC, 0x8C, 0x2D, 0x5D, 0x08, 0x1B,
    0x89, 0x8B, 0xB3, 0xD6, 0x8B, 0xB7, 0xBE, 0x2A, 0xF3, 0x65, 0x39, 0xCC, 0xB5, 0x4B, 0xA6, 0xED,
    0x56, 0x3F, 0x95, 0x98, 0xA9, 0xAE, 0x00, 0x09, 0x4A, 0xE3, 0xA6, 0xB3, 0xA7, 0xA6, 0xB3, 0x5B,
    0x21, 0x2B, 0xF7, 0xE4, 0xEF, 0xBE, 0x45, 0x2C, 0x09, 0x4C, 0x79, 0x21, 0xC7, 0x88, 0x61, 0xEC,
    0x69, 0x53, 0x42, 0x86, 0xC6, 0xF5, 0x7D, 0x1C, 0xA7, 0x3E, 0xAA, 0xB2, 0xF1, 0x61, 0xE9, 0x6B,
    0x09, 0x41, 0xC2, 0x36, 0xA8, 0xF7, 0x4D, 0xA9, 0x5C, 0xF4, 0x45, 0xD3, 0x78, 0xA3, 0x97, 0xBC,
    0xAE, 0xE8, 0xF8, 0x68, 0x6F, 0x2D, 0x1C, 0x8D, 0x75, 0xE9, 0xA1, 0xE9, 0xFE, 0x16, 0x4B, 0x4D,
    0x34, 0x87, 0x9F, 0x13, 0xFA, 0x86, 0xB0, 0x86, 0xA8, 0xBA, 0x75, 0x5D, 0xA1, 0x42, 0xD4, 0xEB,
    0xBA, 0x60, 0xD1, 0x89, 0xCA, 0x1D, 0xED, 0x24, 0x72, 0x4D, 0xEB, 0xD8, 0x54, 0x4B, 0x4C, 0xA3,
    0x67, 0x4C, 0x9C, 0x36, 0xF8, 0xD8, 0xD9, 0x6C, 0x3E, 0x24, 0xEB, 0x20, 0xF9, 0x1C, 0xD8, 0xBD,
    0xF5, 0x10, 0x57, 0x01, 0x69, 0x10, 0x57, 0x08, 0x72, 0x83, 0xEB, 0x32, 0xB6, 0x16, 0xAE, 0xD3,
    0xBA, 0xB4, 0x22, 0x9F, 0x4F, 0xA7, 0xA0, 0xC5, 0xAA, 0xA0, 0x1E, 0x0D, 0xD9, 0x8D, 0xEC, 0x7F,
    0xA2, 0xE5, 0x47, 0xBE, 0x64, 0xE4, 0xA5, 0xEA, 0x6A, 0x3A, 0x51, 0x99, 0x65, 0x6C, 0x99, 0x1F,
    0x6F, 0x43, 0xD6, 0xFB, 0xA2, 0x58, 0xD2, 0xCE, 0x64, 0xE0, 0xE5, 0xFA, 0x9E, 0xC9, 0xF8, 0xAF,
    0xFE, 0x9C, 0xE4, 0x65, 0x93, 0x99, 0x6F, 0x4B, 0xAF, 0x79, 0x98, 0x1A, 0x4C, 0x86, 0x5D, 0x24,
    0xE6, 0x39, 0x75, 0xDE, 0x22, 0xCF, 0x15, 0xE7, 0x7E, 0x29, 0xEF, 0xF3, 0xE0, 0x41, 0xD3, 0x36,
    0xD8, 0xC8, 0xE6, 0xB2, 0xDC, 0x2D, 0x43, 0xFB, 0xBD, 0x5E, 0xA4, 0x8B, 0x5A, 0xAB, 0x46, 0x71,
    0xAD, 0xB1, 0x40, 0x1E, 0xB6, 0xD2, 0x4E, 0xD5, 0x99, 0x9C, 0xAD, 0xC0, 0x90, 0xE0, 0xB1, 0xFC,
    0xB2, 0x7B, 0xD8, 0x03, 0x5D, 0xA8, 0x6C, 0xA9, 0xDC, 0x2F, 0x99, 0x13, 0x2F, 0x35, 0xC1, 0x0A,
    0x45, 0xD6, 0x40, 0x66, 0x6E, 0x24, 0x56, 0x26, 0x69, 0x47, 0x35, 0xE5, 0x39, 0x00, 0xBA, 0x53,
    0x3D, 0x0E, 0xB8, 0xEA, 0x3B, 0x5D, 0xE6, 0xB9, 0x95, 0x81, 0xCE, 0x17, 0x85, 0x93, 0x9B, 0x8D,
    0xC8, 0xE1, 0x05, 0x05, 0xDF, 0x1A, 0x85, 0x1B, 0x61, 0xB1, 0x29, 0x8D, 0xF5, 0xD5, 0x99, 0x8F,
    0xE0, 0xCA, 0x57, 0x5C, 0x5F, 0xD3, 0x1A, 0xC3, 0x76, 0x43, 0xCB, 0x71, 0x0B, 0x1F, 0xA1, 0x09,
    0x9E, 0x2C, 0x30, 0x0B, 0x73, 0x82, 0xEA, 0x09, 0xA1, 0x0D, 0x87, 0xC7, 0x0F, 0x18, 0xBC, 0xD2,
    0xF8, 0xDE, 0xB8, 0x7C, 0xD0, 0x3C, 0x7C, 0x56, 0x32, 0x58, 0x6C, 0xEA, 0x59, 0xC9, 0xBB, 0xEF,
    0x91, 0xB5, 0xCC, 0xF1, 0xCF, 0xF4, 0xAC, 0x24, 0xB6, 0xB3, 0x92, 0x38, 0x54, 0x52, 0xFF, 0x4C,
    0x78, 0x87, 0xA9, 0x72, 0xDA, 0x8A, 0xC8, 0x0B, 0x56, 0x44, 0xCE, 0x58, 0x5E, 0xE8, 0x41, 0xCF,
    0xE4, 0x5E, 0xB7, 0x1D, 0xBF, 0x62, 0x42, 0x4F, 0x08, 0x06, 0x2F, 0x56, 0x26, 0x82, 0xD6, 0x44,
    0xA3, 0xB7, 0x84, 0x4A, 0x29, 0xBC, 0x98, 0xD6, 0x65, 0xC0, 0x77, 0x46, 0x65, 0x44, 0x1E, 0xF5,
    0x55, 0x5E, 0x68, 0x4E, 0xEC, 0x4D, 0x47, 0xE7, 0x0D, 0x41, 0x65, 0x24, 0xEE, 0xB4, 0x19, 0xF4,
    0xC2, 0x52, 0x3F, 0xE8, 0xA1, 0x78, 0xD2, 0xA3, 0x90, 0x78, 0xD4, 0xAD, 0x06, 0x6D, 0x66, 0x78,
    0xA6, 0x83, 0x52, 0x92, 0x6C, 0x58, 0x5B, 0x43, 0x41, 0x33, 0xBD, 0x00, 0xB7, 0xD9, 0x13, 0xB4,
    0xA5, 0x55, 0xAB, 0x55, 0x02, 0xD5, 0x5A, 0xCF, 0xF2, 0x1A, 0x45, 0x63, 0x54, 0xEB, 0x41, 0x2B,
    0x44, 0xA6, 0xD5, 0xA1, 0xA4, 0xC0, 0x9B, 0x0A, 0xDD, 0xEF, 0x9C, 0x48, 0x86, 0x17, 0x56, 0xAD,
    0x0A, 0x2E, 0x4E, 0x1D, 0xEA, 0x23, 0x1D, 0x26, 0xAF, 0x43, 0x40, 0x1D, 0x12, 0xD3, 0x28, 0x45,
    0x4B, 0xA9, 0xB5, 0xC5, 0x31, 0x94, 0x00, 0xE9, 0x06, 0xD6, 0x91, 0x26, 0xBD, 0xEE, 0xFA, 0x1A,
    0xA4, 0xA5, 0xE5, 0x96, 0xCA, 0xD2, 0xC3, 0xA0, 0xD5, 0xE0, 0xF1, 0x60, 0xEB, 0xD2, 0x56, 0xC7,
    0x5C, 0x41, 0xD4, 0xF7, 0x4E, 0x4E, 0xC1, 0xCA, 0x73, 0x84, 0xD4, 0x9F, 0xED, 0x18, 0xF4, 0xFB,
    0xC3, 0x99, 0x41, 0xF7, 0x68, 0x52, 0xBE, 0x34, 0x5B, 0xF7, 0x67, 0x4B, 0xBA, 0xE8, 0xCB, 0x5B,
    0x5F, 0x08, 0xE1, 0xE0, 0x1B, 0x71, 0xAF, 0xF7, 0xF7, 0xBF, 0x9D, 0xDD, 0x95, 0xEE, 0xFE, 0xED,
    0xD1, 0xFD, 0xF9, 0xFE, 0x37, 0xB7, 0x06, 0xF7, 0xE6, 0x37, 0x5F, 0x40, 0x91, 0xF4, 0xC1, 0x3D,
    0x25, 0xB4, 0x84, 0xB1, 0xF0, 0xD6, 0x3D, 0xBC, 0x78, 0xFD, 0xD9, 0x7B, 0x70, 0x66, 0xF4, 0xEE,
    0xCB, 0x8C, 0xAA, 0x9F, 0x9E, 0xF4, 0xE7, 0x36, 0xD2, 0xDB, 0x18, 0x80, 0x83, 0x6E, 0x2E, 0xDA,
    0xCE, 0x9C, 0xE0, 0xFC, 0x82, 0x46, 0x7C, 0xA3, 0x63, 0x9D, 0x34, 0x45, 0x97, 0xD6, 0x29, 0x7C,
    0x47, 0xEE, 0x03, 0x6F, 0x03, 0xBB, 0x30, 0xE6, 0xE7, 0xC1, 0x10, 0x93, 0x85, 0x2D, 0x86, 0x7E,
    0x3C, 0x62, 0x94, 0xEB, 0x45, 0xE3, 0x2D, 0x75, 0x31, 0x84, 0xB0, 0x73, 0x2B, 0xAB, 0x9C, 0xE9,
    0xB8, 0x45, 0xE1, 0x93, 0x8A, 0xD8, 0x89, 0x78, 0x84, 0xF2, 0x94, 0x5D, 0x0C, 0x12, 0xCA, 0xD5,
    0x2B, 0x72, 0x70, 0x2E, 0x5F, 0x80, 0xDA, 0x60, 0x9B, 0x60, 0x7E, 0x12, 0x49, 0x78, 0x49, 0xD3,
    0x74, 0xE2, 0x7C, 0xFE, 0x68, 0x0B, 0x5C, 0xEA, 0x42, 0xA3, 0x86, 0xBB, 0x4A, 0xF9, 0xD5, 0x9B,
    0xD5, 0xCC, 0xD4, 0xA9, 0x6C, 0x59, 0x4F, 0xD4, 0x8C, 0x54, 0xE5, 0xAA, 0x66, 0xAD, 0x2A, 0x37,
    0xBE, 0xA7, 0x5A, 0x5E, 0xB0, 0x32, 0xEC, 0x5B, 0x98, 0x9D, 0xDD, 0x54, 0x6F, 0x8F, 0xCD, 0x4C,
    0xE9, 0x65, 0x6B, 0x35, 0x55, 0xAB, 0xE6, 0x84, 0xC6, 0x22, 0xEB, 0xB0, 0xDC, 0xD2, 0x28, 0xA5,
    0x79, 0x2B, 0xBF, 0xB1, 0xF9, 0xD3, 0x44, 0x63, 0xF4, 0xA2, 0xC1, 0x03, 0x41, 0xB0, 0x04, 0x67,
    0xB5, 0xC5, 0xB1, 0x85, 0x8B, 0xC9, 0x91, 0x9C, 0x20, 0x0B, 0xF2, 0xE8, 0x1E, 0x92, 0xA0, 0x7C,
    0x2C, 0xE9, 0x79, 0x10, 0x82, 0x62, 0x9B, 0xD5, 0x0C, 0x2A, 0x3F, 0x96, 0x1A, 0x63, 0x88, 0xAB,
    0xC6, 0x55, 0xDA, 0xCA, 0x8C, 0x30, 0xF4, 0x10, 0x15, 0xAC, 0x52, 0xE4, 0xC4, 0x78, 0x40, 0x1F,
    0xE6, 0xBA, 0xA0, 0x1E, 0xD9, 0xEE, 0x51, 0xB5, 0xF3, 0x7A, 0x72, 0x76, 0x7D, 0x75, 0x28, 0x76,
    0xA7, 0x30, 0x43, 0x17, 0x00, 0x6B, 0x18, 0xD3, 0xE8, 0x9D, 0x91, 0xD6, 0x68, 0x58, 0x31, 0x86,
    0x68, 0x0B, 0x4B, 0x8E, 0xD1, 0xAF, 0x9E, 0x5D, 0xD7, 0xD8, 0xC1, 0xEB, 0x31, 0x3B, 0x8C, 0x19,
    0x4D, 0x70, 0xFA, 0x15, 0x2B, 0xC1, 0xC7, 0x31, 0x28, 0x48, 0x38, 0x3D, 0x72, 0x72, 0xD9, 0xD8,
    0x1D, 0x4D, 0xED, 0x1F, 0xA3, 0x87, 0x7D, 0x8D, 0xE8, 0x4E, 0xF0, 0xC8, 0x9A, 0xA7, 0x3A, 0xDD,
    0xD4, 0x56, 0x3D, 0x66, 0xA7, 0xE3, 0xEA, 0xA5, 0x3B, 0x16, 0x73, 0x56, 0x6D, 0x57, 0xFD, 0xF1,
    0x93, 0x3D, 0x7F, 0x06, 0x16, 0xB6, 0x9E, 0xED, 0xDA, 0x71, 0x16, 0x37, 0x11, 0xC9, 0x76, 0x8F,
    0xE7, 0xAD, 0x53, 0xFC, 0x29, 0x39, 0x7B, 0x17, 0x97, 0x64, 0x0B, 0x75, 0x9C, 0xB3, 0x05, 0x2B,
    0x93, 0x3C, 0xEB, 0xE0, 0xBA, 0xD4, 0x51, 0x40, 0x81, 0xAC, 0x03, 0xBE, 0xEF, 0xE0, 0x36, 0xA0,
    0xFA, 0x1B, 0x70, 0x19, 0x92, 0xF4, 0x3C, 0x91, 0x63, 0x74, 0xD7, 0x0C, 0x32, 0x46, 0x83, 0x8C,
    0x81, 0x1C, 0xA6, 0x5F, 0xF5, 0x44, 0x8E, 0x2E, 0xE8, 0x88, 0x1C, 0x5D, 0xD8, 0x29, 0x72, 0x84,
    0x2D, 0x1B, 0xD4, 0x56, 0x85, 0x34, 0xEB, 0x86, 0x67, 0x75, 0xB1, 0x75, 0xA5, 0x0B, 0xE1, 0x90,
    0x03, 0x6B, 0x32, 0x3A, 0xE5, 0xEA, 0x3C, 0x88, 0x61, 0x7B, 0xE9, 0x45, 0xAB, 0xC7, 0xD5, 0xEC,
    0x33, 0x6A, 0x7F, 0xDA, 0xC2, 0x74, 0xE1, 0x9D, 0xAC, 0x40, 0x4A, 0x57, 0x79, 0xD8, 0x02, 0xC3,
    0x5E, 0xC2, 0xA6, 0x68, 0xD8, 0x37, 0x9A, 0x9F, 0x3C, 0x14, 0x03, 0xD2, 0xE9, 0x16, 0x1E, 0x3F,
    0xF4, 0x8D, 0xB6, 0x87, 0xBE, 0xB3, 0x1D, 0xFA, 0x5E, 0xDA, 0x76, 0xC2, 0xCE, 0xE3, 0x8C, 0x3F,
    0xE9, 0x3A, 0x65, 0x87, 0xBE, 0xD6, 0xF5, 0x2D, 0x58, 0x8C, 0xEB, 0xE9, 0xD7, 0x38, 0x3E, 0xFB,
    0x27, 0x8E, 0xCF, 0xB7, 0x47, 0x63, 0xE5, 0x8D, 0x6A, 0xD5, 0xD9, 0x3C, 0xD7, 0xFD, 0x96, 0xA7,
    0x7C, 0xF3, 0xED, 0x0F, 0x40, 0xEA, 0xC7, 0x2F, 0x5E, 0x06, 0x11, 0xF9, 0xFE, 0x06, 0xA8, 0x67,
    0x75, 0xFF, 0xC6, 0xC9, 0xDC, 0xC9, 0x37, 0x9F, 0x31, 0xA6, 0xF7, 0x7F, 0xCF, 0x40, 0xDB, 0xFF,
    0x39, 0x0D, 0x79, 0xEB, 0xB1, 0xFF, 0xD5, 0x57, 0x96, 0x47, 0xC7, 0xDE, 0x76, 0x3C, 0x65, 0x54,
    0xD9, 0xAC, 0xB2, 0x9F, 0xDD, 0xEE, 0xC1, 0xC2, 0x17, 0x53, 0xED, 0x45, 0x32, 0x25, 0x0C, 0xD9,
    0xC2, 0xBD, 0x9E, 0x51, 0xA2, 0x72, 0x3A, 0xD1, 0x2A, 0x42, 0xAA, 0xE4, 0xCE, 0x9C, 0x5E, 0x5C,
    0x91, 0xA8, 0xE7, 0x56, 0xF2, 0xBD, 0x9E, 0x1D, 0xB6, 0xD9, 0xB0, 0x54, 0x05, 0x44, 0xC7, 0x32,
    0x32, 0x44, 0xB4, 0x8F, 0x4E, 0xF5, 0x78, 0x3B, 0xE3, 0x21, 0x0A, 0x0B, 0xC1, 0x5A, 0xF6, 0xAC,
    0xD0, 0xF4, 0xCB, 0x79, 0x7B, 0x3C, 0xF2, 0x58, 0x20, 0xD6, 0x3F, 0xEB, 0xF0, 0x8F, 0x3B, 0x0D,
    0x39, 0x3E, 0xB2, 0x0D, 0x3A, 0x73, 0xEC, 0xFC, 0x88, 0xEF, 0x0B, 0xC6, 0x1F, 0x3E, 0xD2, 0x02,
    0x3D, 0x48, 0xFE, 0x11, 0xBA, 0xC6, 0x51, 0x13, 0xAB, 0xB3, 0x13, 0x17, 0xB8, 0x40, 0xFF, 0x80,
    0x13, 0xEA, 0x1F, 0x4F, 0xEC, 0xAF, 0x1F, 0xC1, 0x8B, 0xB0, 0xF7, 0x5F, 0xB3, 0xFF, 0xFF, 0xC7,
    0xFE, 0xFF, 0x8F, 0xFA, 0xFF, 0x5F, 0xEA, 0xFF, 0x7F, 0x00, 0x00, 0xAD, 0x96, 0x3F, 0x72, 0x9B,
    0x50, 0x10, 0xC6, 0x17, 0x91, 0x98, 0x42, 0x05, 0xAD, 0xC7, 0x2E, 0x68, 0x52, 0xA9, 0xE1, 0x06,
    0x79, 0xDC, 0xC8, 0x47, 0x10, 0x47, 0xF0, 0x11, 0x5C, 0x66, 0x46, 0x45, 0x8E, 0x80, 0x8E, 0xE0,
    0x23, 0x50, 0xB8, 0x72, 0x63, 0x0A, 0x32, 0x43, 0x64, 0x60, 0xB3, 0x7F, 0x79, 0x4F, 0x4A, 0xCA,
    0x30, 0xF2, 0xF0, 0xBD, 0x91, 0x1E, 0xEC, 0xFE, 0xBE, 0xDD, 0x7D, 0x06, 0x00, 0x78, 0xC4, 0xE6,
    0x11, 0x9F, 0x49, 0x64, 0x88, 0xBF, 0x10, 0x27, 0x52, 0x05, 0x76, 0x88, 0x1F, 0x33, 0xA9, 0x72,
    0xD9, 0xE3, 0x5A, 0xB0, 0xAA, 0xE7, 0x1C, 0xE7, 0x9C, 0xBF, 0x0D, 0x23, 0x84, 0x29, 0x6B, 0x48,
    0x75, 0x03, 0x1C, 0x47, 0xE0, 0x0B, 0x07, 0x5E, 0xD0, 0xF5, 0x80, 0x7C, 0xF1, 0xCF, 0x3A, 0x51,
    0xFC, 0xF5, 0x09, 0xDF, 0x3B, 0xBC, 0xBC, 0x90, 0xDA, 0xE1, 0x99, 0x3E, 0xFC, 0xBB, 0x3C, 0x51,
    0x6D, 0xAE, 0xAA, 0xC0, 0x86, 0x16, 0xAC, 0xF6, 0xC8, 0x0B, 0x56, 0x25, 0xF2, 0xC2, 0x54, 0x69,
    0x6A, 0xE5, 0x0F, 0x5F, 0xD5, 0xE2, 0xAA, 0x9E, 0x79, 0xC1, 0x57, 0x98, 0x79, 0x21, 0x6A, 0xE2,
    0x85, 0xAB, 0x49, 0xD4, 0x71, 0x74, 0xF5, 0x8F, 0xE0, 0x01, 0x7B, 0x5E, 0x08, 0x8B, 0x57, 0x5E,
    0x88, 0x3A, 0xF3, 0xE2, 0x26, 0xF8, 0xD6, 0x02, 0x2D, 0x90, 0x16, 0x1A, 0xE8, 0x02, 0xFB, 0x2D,
    0x14, 0x0D, 0xE0, 0x80, 0xC3, 0x41, 0x1F, 0x17, 0xB0, 0x0D, 0xBA, 0x21, 0xBC, 0xF9, 0xFB, 0xF9,
    0xBA, 0xC3, 0x55, 0x36, 0x13, 0xAB, 0x5E, 0x9E, 0xFB, 0x29, 0xE8, 0x28, 0x4F, 0x54, 0xE6, 0x1A,
    0x22, 0x13, 0xE7, 0xDD, 0x47, 0x8D, 0xD2, 0x62, 0xA4, 0xDD, 0x28, 0xFB, 0x84, 0xF4, 0xAB, 0x70,
    0x3E, 0x71, 0x80, 0x1E, 0x28, 0x61, 0xCD, 0xF5, 0xAE, 0xE1, 0x12, 0x52, 0xA1, 0xBA, 0x37, 0xA6,
    0x65, 0xBC, 0x0B, 0x59, 0xE7, 0x4A, 0x20, 0x85, 0xA5, 0x27, 0xE2, 0x44, 0x9D, 0xA7, 0xD3, 0x74,
    0x96, 0x04, 0x2F, 0xCC, 0xDF, 0x24, 0xAC, 0xC0, 0x71, 0x53, 0x4C, 0x15, 0xFD, 0x31, 0xB6, 0x82,
    0xF2, 0xCB, 0x14, 0x1A, 0x18, 0x3C, 0x30, 0x74, 0xCC, 0x0E, 0x8C, 0x9C, 0x73, 0x33, 0x6A, 0x60,
    0xCC, 0xC0, 0x88, 0x25, 0xBC, 0xDE, 0x9E, 0x8C, 0xD7, 0x6A, 0xBC, 0x96, 0x1B, 0x5E, 0xB3, 0xF1,
    0x9A, 0x95, 0x97, 0x04, 0x88, 0x6A, 0x35, 0xF1, 0x1A, 0xD8, 0x68, 0xDA, 0x3D, 0xF0, 0x4B, 0x88,
    0xD7, 0x33, 0xF3, 0xE3, 0xC0, 0xF8, 0x9E, 0x9B, 0xD5, 0x14, 0xA0, 0xC4, 0x2A, 0xF5, 0x78, 0x16,
    0x5E, 0x12, 0x73, 0x69, 0x55, 0xB9, 0x71, 0x5B, 0xF5, 0xCE, 0x55, 0x88, 0xFA, 0x7A, 0xE1, 0x17,
    0xAC, 0x16, 0xE9, 0xDD, 0xCE, 0x4D, 0xEE, 0x47, 0x0B, 0x8B, 0x79, 0x2D, 0xF7, 0x12, 0x56, 0x6D,
    0xBC, 0x4A, 0xD2, 0xFC, 0xEE, 0x1D, 0xFE, 0x57, 0x5E, 0xD4, 0xDB, 0x56, 0x62, 0xD4, 0xDC, 0x23,
    0xE7, 0xED, 0xDD, 0xFD, 0x89, 0xDE, 0xDE, 0xD8, 0x74, 0xDE, 0xDF, 0x8B, 0xE2, 0x92, 0x06, 0x87,
    0xEF, 0xED, 0x55, 0x93, 0x24, 0x5D, 0xA2, 0x3D, 0x2E, 0x0F, 0xEB, 0x4C, 0xF6, 0x56, 0x7D, 0x97,
    0x13, 0x03, 0xDC, 0x31, 0xC8, 0x73, 0x66, 0x35, 0x18, 0xCB, 0xB1, 0xF5, 0x8A, 0xD4, 0x4E, 0x97,
    0xC4, 0xB4, 0xD5, 0x13, 0xAE, 0x45, 0x2C, 0x4D, 0xA7, 0xEC, 0x05, 0xAA, 0xED, 0x2E, 0x8C, 0xB5,
    0xDF, 0x15, 0xB3, 0x94, 0x67, 0x15, 0x2B, 0x34, 0x29, 0xD6, 0x30, 0x6F, 0x75, 0xEA, 0xE8, 0x79,
    0x65, 0xF4, 0xBB, 0x68, 0x00, 0xAD, 0xDC, 0x03, 0x5A, 0x99, 0x0D, 0xD6, 0xF8, 0x96, 0x0F, 0x5C,
    0x4F, 0xAB, 0xA4, 0xF7, 0x93, 0xE6, 0xDF, 0x42, 0x49, 0xDB, 0x3F, 0xE9, 0x7F, 0xB6, 0xA7, 0x9E,
    0x6E, 0x1C, 0x9A, 0x9E, 0x20, 0x5A, 0x84, 0x10, 0x3D, 0x5A, 0x21, 0x9A, 0xB4, 0x40, 0x74, 0x49,
    0x5E, 0x10, 0x62, 0x5A, 0x9E, 0xD7, 0x1C, 0x8D, 0x12, 0x27, 0xD5, 0xA9, 0x41, 0x2C, 0x54, 0xAB,
    0xA4, 0x01, 0xCC, 0xAB, 0x17, 0x89, 0xCE, 0x92, 0xB3, 0x01, 0x74, 0xDE, 0x45, 0xDD, 0x7A, 0x43,
    0x98, 0x5F, 0x5A, 0x90, 0x6A, 0x98, 0x42, 0x50, 0x9B, 0xB4, 0x40, 0xDD, 0xBD, 0x66, 0xF3, 0x4C,
    0x07, 0xB7, 0x9A, 0xA6, 0x5A, 0x5D, 0xD3, 0x31, 0xAE, 0x46, 0xE9, 0xF8, 0xD6, 0x3C, 0x74, 0x80,
    0xA7, 0x5A, 0x9D, 0xAB, 0x93, 0x14, 0xEB, 0xF5, 0x7E, 0x4B, 0xB1, 0x92, 0xE6, 0x77, 0xF3, 0x46,
    0x88, 0xEE, 0xB5, 0xE9, 0xDC, 0xBE, 0xF2, 0x2F, 0x35, 0x30, 0x75, 0x30, 0xB5, 0x30, 0xF1, 0x30,
    0x35, 0x31, 0x75, 0xF1, 0xD6, 0x46, 0xCA, 0xEF, 0xB7, 0xB5, 0x09, 0xEA, 0x5B, 0x0B, 0xB2, 0x6F,
    0xB0, 0x73, 0x4B, 0x27, 0xFE, 0x76, 0x2E, 0x70, 0x4A, 0x93, 0xA7, 0x37, 0x5E, 0x9D, 0x45, 0x38,
    0xDC, 0xE9, 0xE9, 0x89, 0x7D, 0x40, 0x4B, 0xE9, 0x20, 0x67, 0xE7, 0xCE, 0xF3, 0xD9, 0x4E, 0x4E,
    0x6F, 0xA6, 0x98, 0xD2, 0x76, 0x80, 0x46, 0x23, 0xDC, 0x05, 0x75, 0x24, 0x19, 0x56, 0xF1, 0xEC,
    0xDC, 0x8E, 0xCE, 0x90, 0x06, 0x38, 0x43, 0x32, 0xB1, 0xA4, 0x53, 0x96, 0x4C, 0xC9, 0x57, 0xF8,
    0xB3, 0x11, 0xB1, 0x77, 0xFE, 0x19, 0xFF, 0xFF, 0x90, 0xD2, 0x86, 0xAB, 0xC1, 0xB5, 0x4D, 0x2E,
    0x3F, 0xAC, 0xB7, 0xD9, 0x05, 0x29, 0x5B, 0xF8, 0x6B, 0x7C, 0xD1, 0xC4, 0x36, 0xAA, 0x76, 0x40,
    0xD2, 0x23, 0x2F, 0x32, 0xB8, 0xD8, 0xAE, 0x5A, 0x3B, 0x62, 0xB0, 0x81, 0x18, 0x7A, 0x17, 0xAF,
    0x50, 0xCE, 0x26, 0x38, 0xFA, 0xAC, 0xC3, 0xFE, 0x2B, 0xD2, 0xB6, 0x9A, 0xCA, 0xBF, 0x64, 0x41,
    0x0F, 0x19, 0x1E, 0xF0, 0xF2, 0x83, 0x0A, 0x85, 0xF8, 0x53, 0x08, 0x39, 0x42, 0x35, 0x98, 0x28,
    0xA5, 0x86, 0xA8, 0x2E, 0xBE, 0x48, 0x4A, 0xB9, 0x9F, 0x10, 0x19, 0x67, 0x2B, 0x9C, 0x3B, 0xF9,
    0x9E, 0xE2, 0xAD, 0xE8, 0x59, 0x05, 0x8B, 0x1D, 0x3A, 0xF0, 0x1A, 0x1B, 0x05, 0x4E, 0x3F, 0x60,
    0xCE, 0xFB, 0x96, 0x2A, 0x8F, 0xD3, 0x0E, 0xD4, 0x56, 0x22, 0x8E, 0x24, 0x5A, 0x11, 0x43, 0x2E,
    0x73, 0xAD, 0x09, 0xD8, 0xB1, 0x29, 0x1F, 0xE7, 0x92, 0x2D, 0xCF, 0xA9, 0xEB, 0xB3, 0x8E, 0x87,
    0x76, 0xD7, 0xC3, 0x1F, 0x4D, 0x90, 0x31, 0x0E, 0x83, 0x30, 0x0C, 0x45, 0x1D, 0x18, 0x32, 0x74,
    0xE0, 0x08, 0xB9, 0x42, 0x87, 0xEE, 0xB0, 0x75, 0xEC, 0x91, 0x72, 0x34, 0x72, 0x04, 0x8E, 0xD0,
    0xAD, 0x2B, 0x03, 0x63, 0xC2, 0xEF, 0xB7, 0x4D, 0x24, 0x2C, 0xA1, 0x3C, 0x59, 0x8F, 0x2F, 0xDB,
    0x22, 0xB7, 0x7A, 0x75, 0x68, 0xD7, 0x3B, 0x62, 0x71, 0x98, 0xB0, 0x39, 0x64, 0x1C, 0xF6, 0x06,
    0xC0, 0xA5, 0x08, 0xB8, 0x94, 0xBE, 0x92, 0x4D, 0xCA, 0x6C, 0xAA, 0x14, 0x9A, 0x34, 0x4B, 0x8A,
    0x35, 0x40, 0x56, 0x4A, 0xE9, 0x1C, 0x60, 0x52, 0xC6, 0x0F, 0x32, 0x1F, 0x9A, 0x02, 0x76, 0x9A,
    0xA5, 0x9C, 0xB2, 0x62, 0x49, 0x84, 0x2A, 0xC0, 0x36, 0x13, 0x8E, 0x91, 0x9F, 0xC2, 0xC6, 0xF6,
    0x3E, 0xA9, 0xBB, 0x02, 0x85, 0x5D, 0xE8, 0x0F, 0x42, 0x0F, 0x0F, 0xF5, 0x85, 0xD2, 0x87, 0x8A,
    0x0E, 0xAA, 0x55, 0x74, 0x74, 0xCB, 0x66, 0xE1, 0x8C, 0xAA, 0x50, 0xE2, 0x1C, 0xBB, 0x6D, 0x43,
    0x28, 0xB6, 0x5F, 0x1D, 0xE0, 0x7B, 0xE1, 0x5D, 0x1D, 0x66, 0x57, 0x34, 0xA9, 0xF4, 0x23, 0xF4,
    0xB3, 0xD4, 0x0E, 0xCF, 0xFB, 0xD5, 0xE4, 0x0F,
};

static const EpdGlyph notoserif_18_bolditalicGlyphs[] = {
    { 0, 0, 0, 0, 0, 0, 0 }, // U+0000
    { 0, 0, 156, 0, 0, 0, 0 }, // U+000D
    { 0, 0, 156, 0, 0, 0, 0 }, // U+0020
    { 13, 27, 237, 2, 27, 88, 0 }, // !
    { 16, 11, 305, 5, 27, 44, 88 }, // "
    { 21, 27, 335, 1, 27, 142, 132 }, // #
    { 21, 33, 335, 0, 29, 174, 274 }, // $
    { 31, 27, 538, 2, 27, 210, 448 }, // %
    { 29, 27, 481, 1, 27, 196, 658 }, // &
    { 8, 11, 174, 5, 27, 22, 854 }, // '
    { 17, 36, 240, 1, 30, 153, 876 }, // (
    { 17, 36, 240, -2, 30, 153, 1029 }, // )
    { 17, 16, 371, 5, 29, 68, 1182 }, // *
    { 17, 17, 335, 2, 23, 73, 1250 }, // +
    { 9, 12, 182, -1, 6, 27, 1323 }, // ,
    { 11, 4, 186, 0, 12, 11, 1350 }, // -
    { 7, 6, 182, 1, 6, 11, 1361 }, // .
    { 20, 34, 173, -4, 29, 170, 1372 }, // /
    { 21, 27, 335, 1, 27, 142, 1542 }, // 0
    { 18, 27, 310, 0, 27, 122, 1684 }, // 1
    { 23, 27, 335, -1, 27, 156, 1806 }, // 2
    { 22, 27, 335, -1, 27, 149, 1962 }, // 3
    { 21, 27, 335, 0, 27, 142, 2111 }, // 4
    { 22, 27, 335, 0, 27, 149, 2253 }, // 5
    { 22, 27, 335, 1, 27, 149, 2402 }, // 6
    { 22, 27, 335, 2, 27, 149, 2551 }, // 7
    { 22, 27, 335, 0, 27, 149, 2700 }, // 8
    { 20, 27, 335, 1, 27, 135, 2849 }, // 9
    { 11, 21, 215, 1, 21, 58, 2984 }, // :
    { 13, 27, 215, -1, 21, 88, 3042 }, // ;
    { 17, 20, 335, 2, 24, 85, 3130 }, // <
    { 17, 10, 335, 2, 19, 43, 3215 }, // =
    { 17, 20, 335, 2, 24, 85, 3258 }, // >
    { 18, 27, 321, 3, 27, 122, 3343 }, // ?
    { 32, 32, 553, 1, 27, 256, 3465 }, // @
    { 29, 27, 452, -2, 27, 196, 3721 }, // A
    { 27, 27, 403, -1, 27, 183, 3917 }, // B
    { 25, 27, 401, 2, 27, 169, 4100 }, // C
    { 30, 27, 461, -1, 27, 203, 4269 }, // D
    { 27, 27, 380, -1, 27, 183, 4472 }, // E
    { 27, 27, 373, -1, 27, 183, 4655 }, // F
    { 27, 27, 478, 2, 27, 183, 4838 }, // G
    { 35, 27, 491, -1, 27, 237, 5021 }, // H
    { 19, 27, 241, -1, 27, 129, 5258 }, // I
    { 24, 36, 241, -6, 27, 216, 5387 }, // J
    { 32, 27, 445, -1, 27, 216, 5603 }, // K
    { 25, 27, 392, -1, 27, 169, 5819 }, // L
    { 40, 27, 571, -1, 27, 270, 5988 }, // M
    { 34, 27, 473, -1, 27, 230, 6258 }, // N
    { 27, 27, 475, 2, 27, 183, 6488 }, // O
    { 27, 27, 398, -1, 27, 183, 6671 }, // P
    { 27, 36, 472, 2, 27, 243, 6854 }, // Q
    { 27, 27, 424, -1, 27, 183, 7097 }, // R
    { 23, 27, 352, 0, 27, 156, 7280 }, // S
    { 26, 27, 392, 2, 27, 176, 7436 }, // T
    { 29, 27, 448, 3, 27, 196, 7612 }, // U
    { 27, 27, 419, 3, 27, 183, 7808 }, // V
    { 41, 27, 640, 3, 27, 277, 7991 }, // W
    { 32, 27, 439, -2, 27, 216, 8268 }, // X
    { 27, 27, 416, 3, 27, 183, 8484 }, // Y
    { 28, 27, 400, -1, 27, 189, 8667 }, // Z
    { 19, 35, 248, 0, 29, 167, 8856 }, // [
    { 5, 34, 173, 4, 29, 43, 9023 }, // <backslash>
    { 18, 35, 248, -2, 29, 158, 9066 }, // ]
    { 19, 18, 335, 1, 28, 86, 9224 }, // ^
    { 19, 3, 275, -4, -2, 15, 9310 }, // _
    { 9, 6, 200, 5, 29, 14, 9325 }, // `
    { 23, 21, 399, 1, 21, 121, 9339 }, // a
    { 22, 29, 374, 0, 29, 160, 9460 }, // b
    { 19, 21, 317, 1, 21, 100, 9620 }, // c
    { 24, 29, 399, 1, 29, 174, 9720 }, // d
    { 19, 21, 321, 1, 21, 100, 9894 }, // e
    { 28, 38, 242, -6, 29, 266, 9994 }, // f
    { 27, 32, 348, -3, 23, 216, 10260 }, // g
    { 24, 29, 394, 0, 29, 174, 10476 }, // h
    { 11, 29, 212, 2, 29, 80, 10650 }, // i
    { 19, 38, 203, -6, 29, 181, 10730 }, // j
    { 24, 29, 358, 0, 29, 174, 10911 }, // k
    { 12, 29, 212, 1, 29, 87, 11085 }, // l
    { 35, 21, 581, 1, 21, 184, 11172 }, // m
    { 24, 21, 403, 1, 21, 126, 11356 }, // n
    { 21, 21, 371, 1, 21, 111, 11482 }, // o
    { 24, 30, 374, -2, 21, 180, 11593 }, // p
    { 22, 30, 379, 1, 21, 165, 11773 }, // q
    { 20, 21, 331, 1, 21, 105, 11938 }, // r
    { 19, 21, 308, 0, 21, 100, 12043 }, // s
    { 14, 26, 250, 2, 26, 91, 12143 }, // t
    { 23, 21, 404, 2, 21, 121, 12234 }, // u
    { 21, 22, 352, 0, 21, 116, 12355 }, // v
    { 31, 22, 525, 1, 21, 171, 12471 }, // w
    { 24, 21, 362, -1, 21, 126, 12642 }, // x
    { 28, 30, 352, -7, 21, 210, 12768 }, // y
    { 20, 21, 335, 0, 21, 105, 12978 }, // z
    { 19, 35, 265, 1, 29, 167, 13083 }, // {
    { 3, 38, 335, 9, 29, 29, 13250 }, // |
    { 20, 35, 265, -3, 29, 175, 13279 }, // }
    { 19, 7, 335, 1, 17, 34, 13454 }, // ~
    { 0, 0, 156, 0, 0, 0, 0 }, // U+00A0
    { 12, 28, 237, 0, 21, 84, 0 }, // U+00A1
    { 20, 27, 335, 2, 27, 135, 84 }, // U+00A2
    { 23, 27, 335, -1, 27, 156, 219 }, // U+00A3
    { 17, 18, 335, 3, 23, 77, 375 }, // U+00A4
    { 24, 27, 335, 1, 27, 162, 452 }, // U+00A5
    { 3, 38, 335, 9, 29, 29, 614 }, // U+00A6
    { 21, 35, 326, 0, 29, 184, 643 }, // U+00A7
    { 14, 5, 346, 6, 29, 18, 827 }, // U+00A8
    { 28, 29, 507, 2, 29, 203, 845 }, // U+00A9
    { 16, 13, 259, 2, 27, 52, 1048 }, // U+00AA
    { 18, 16, 332, 2, 19, 72, 1100 }, // U+00AB
    { 17, 10, 335, 2, 15, 43, 1172 }, // U+00AC
    { 11, 4, 186, 0, 12, 11, 1215 }, // U+00AD
    { 28, 29, 507, 2, 29, 203, 1226 }, // U+00AE
    { 19, 3, 275, 3, 32, 15, 1429 }, // U+00AF
    { 13, 12, 240, 4, 28, 39, 1444 }, // U+00B0
    { 17, 22, 335, 2, 22, 94, 1483 }, // U+00B1
    { 15, 17, 240, 2, 31, 64, 1577 }, // U+00B2
    { 15, 17, 240, 2, 31, 64, 1641 }, // U+00B3
    { 11, 6, 195, 4, 29, 17, 1705 }, // U+00B4
    { 26, 30, 406, -1, 21, 195, 1722 }, // U+00B5
    { 21, 34, 376, 2, 29, 179, 1917 }, // U+00B6
    { 7, 6, 182, 3, 17, 11, 2096 }, // U+00B7
    { 11, 10, 200, 0, 1, 28, 2107 }, // U+00B8
    { 12, 16, 240, 3, 31, 48, 2135 }, // U+00B9
    { 15, 13, 244, 2, 27, 49, 2183 }, // U+00BA
    { 19, 16, 332, 0, 19, 76, 2232 }, // U+00BB
    { 30, 28, 529, 2, 28, 210, 2308 }, // U+00BC
    { 30, 28, 529, 2, 28, 210, 2518 }, // U+00BD
    { 31, 28, 529, 1, 28, 217, 2728 }, // U+00BE
    { 17, 28, 321, 0, 21, 119, 2945 }, // U+00BF
    { 29, 36, 452, -2, 36, 261, 3064 }, // U+00C0
    { 29, 36, 452, -2, 36, 261, 3325 }, // U+00C1
    { 29, 36, 452, -2, 36, 261, 3586 }, // U+00C2
    { 29, 36, 452, -2, 36, 261, 3847 }, // U+00C3
    { 29, 35, 452, -2, 35, 254, 4108 }, // U+00C4
    { 29, 34, 452, -2, 34, 247, 4362 }, // U+00C5
    { 41, 27, 596, -2, 27, 277, 4609 }, // U+00C6
    { 25, 36, 401, 2, 27, 225, 4886 }, // U+00C7
    { 27, 36, 380, -1, 36, 243, 5111 }, // U+00C8
    { 27, 36, 380, -1, 36, 243, 5354 }, // U+00C9
    { 27, 36, 380, -1, 36, 243, 5597 }, // U+00CA
    { 27, 35, 380, -1, 35, 237, 5840 }, // U+00CB
    { 19, 36, 241, -1, 36, 171, 6077 }, // U+00CC
    { 21, 36, 241, -1, 36, 189, 6248 }, // U+00CD
    { 20, 36, 241, -1, 36, 180, 6437 }, // U+00CE
    { 20, 35, 241, -1, 35, 175, 6617 }, // U+00CF
    { 30, 27, 461, -1, 27, 203, 6792 }, // U+00D0
    { 34, 36, 473, -1, 36, 306, 6995 }, // U+00D1
    { 27, 36, 475, 2, 36, 243, 7301 }, // U+00D2
    { 27, 36, 475, 2, 36, 243, 7544 }, // U+00D3
    { 27, 36, 475, 2, 36, 243, 7787 }, // U+00D4
    { 27, 36, 475, 2, 36, 243, 8030 }, // U+00D5
    { 27, 36, 475, 2, 36, 243, 8273 }, // U+00D6
    { 15, 16, 335, 3, 22, 60, 8516 }, // U+00D7
    { 27, 30, 475, 2, 29, 203, 8576 }, // U+00D8
    { 29, 36, 448, 3, 36, 261, 8779 }, // U+00D9
    { 29, 36, 448, 3, 36, 261, 9040 }, // U+00DA
    { 29, 36, 448, 3, 36, 261, 9301 }, // U+00DB
    { 29, 36, 448, 3, 36, 261, 9562 }, // U+00DC
    { 27, 36, 416, 3, 36, 243, 9823 }, // U+00DD
    { 25, 27, 383, -1, 27, 169, 10066 }, // U+00DE
    { 31, 38, 417, -6, 29, 295, 10235 }, // U+00DF
    { 23, 29, 399, 1, 29, 167, 10530 }, // U+00E0
    { 23, 29, 399, 1, 29, 167, 10697 }, // U+00E1
    { 23, 29, 399, 1, 29, 167, 10864 }, // U+00E2
    { 23, 29, 399, 1, 29, 167, 11031 }, // U+00E3
    { 23, 29, 399, 1, 29, 167, 11198 }, // U+00E4
    { 23, 32, 399, 1, 32, 184, 11365 }, // U+00E5
    { 32, 21, 528, 1, 21, 168, 11549 }, // U+00E6
    { 19, 30, 317, 1, 21, 143, 11717 }, // U+00E7
    { 19, 29, 321, 1, 29, 138, 11860 }, // U+00E8
    { 21, 29, 321, 1, 29, 153, 11998 }, // U+00E9
    { 20, 29, 321, 1, 29, 145, 12151 }, // U+00EA
    { 19, 29, 321, 1, 29, 138, 12296 }, // U+00EB
    { 11, 29, 212, 2, 29, 80, 12434 }, // U+00EC
    { 15, 29, 212, 2, 29, 109, 12514 }, // U+00ED
    { 14, 29, 212, 1, 29, 102, 12623 }, // U+00EE
    { 14, 29, 212, 1, 29, 102, 12725 }, // U+00EF
    { 21, 30, 369, 1, 30, 158, 12827 }, // U+00F0
    { 24, 29, 403, 1, 29, 174, 12985 }, // U+00F1
    { 21, 29, 371, 1, 29, 153, 13159 }, // U+00F2
    { 22, 29, 371, 1, 29, 160, 13312 }, // U+00F3
    { 21, 29, 371, 1, 29, 153, 13472 }, // U+00F4
    { 22, 29, 371, 1, 29, 160, 13625 }, // U+00F5
    { 21, 29, 371, 1, 29, 153, 13785 }, // U+00F6
    { 17, 19, 335, 2, 23, 81, 13938 }, // U+00F7
    { 23, 25, 371, 0, 23, 144, 14019 }, // U+00F8
    { 23, 29, 404, 2, 29, 167, 14163 }, // U+00F9
    { 23, 29, 404, 2, 29, 167, 14330 }, // U+00FA
    { 23, 29, 404, 2, 29, 167, 14497 }, // U+00FB
    { 23, 29, 404, 2, 29, 167, 14664 }, // U+00FC
    { 28, 38, 352, -7, 29, 266, 14831 }, // U+00FD
    { 24, 38, 374, -2, 29, 228, 15097 }, // U+00FE
    { 28, 38, 352, -7, 29, 266, 15325 }, // U+00FF
    { 29, 33, 452, -2, 33, 240, 0 }, // U+0100
    { 23, 27, 399, 1, 27, 156, 240 }, // U+0101
    { 29, 36, 452, -2, 36, 261, 396 }, // U+0102
    { 23, 29, 399, 1, 29, 167, 657 }, // U+0103
    { 29, 36, 452, -2, 27, 261, 824 }, // U+0104
    { 23, 30, 399, 1, 21, 173, 1085 }, // U+0105
    { 26, 36, 401, 2, 36, 234, 1258 }, // U+0106
    { 22, 29, 317, 1, 29, 160, 1492 }, // U+0107
    { 25, 36, 401, 2, 36, 225, 1652 }, // U+0108
    { 20, 29, 317, 1, 29, 145, 1877 }, // U+0109
    { 25, 37, 401, 2, 37, 232, 2022 }, // U+010A
    { 19, 29, 317, 1, 29, 138, 2254 }, // U+010B
    { 25, 36, 401, 2, 36, 225, 2392 }, // U+010C
    { 21, 29, 317, 1, 29, 153, 2617 }, // U+010D
    { 30, 36, 461, -1, 36, 270, 2770 }, // U+010E
    { 32, 29, 399, 1, 29, 232, 3040 }, // U+010F
    { 30, 27, 461, -1, 27, 203, 3272 }, // U+0110
    { 26, 29, 398, 1, 29, 189, 3475 }, // U+0111
    { 27, 33, 380, -1, 33, 223, 3664 }, // U+0112
    { 19, 27, 321, 1, 27, 129, 3887 }, // U+0113
    { 27, 36, 380, -1, 36, 243, 4016 }, // U+0114
    { 20, 29, 321, 1, 29, 145, 4259 }, // U+0115
    { 27, 36, 380, -1, 36, 243, 4404 }, // U+0116
    { 19, 29, 321, 1, 29, 138, 4647 }, // U+0117
    { 27, 36, 380, -1, 27, 243, 4785 }, // U+0118
    { 19, 29, 321, 1, 21, 138, 5028 }, // U+0119
    { 27, 36, 380, -1, 36, 243, 5166 }, // U+011A
    { 21, 29, 321, 1, 29, 153, 5409 }, // U+011B
    { 27, 36, 478, 2, 36, 243, 5562 }, // U+011C
    { 27, 38, 348, -3, 29, 257, 5805 }, // U+011D
    { 27, 36, 478, 2, 36, 243, 6062 }, // U+011E
    { 27, 38, 348, -3, 29, 257, 6305 }, // U+011F
    { 27, 37, 478, 2, 37, 250, 6562 }, // U+0120
    { 27, 38, 348, -3, 29, 257, 6812 }, // U+0121
    { 27, 35, 478, 2, 27, 237, 7069 }, // U+0122
    { 27, 38, 348, -3, 29, 257, 7306 }, // U+0123
    { 35, 36, 491, -1, 36, 315, 7563 }, // U+0124
    { 24, 38, 394, 0, 38, 228, 7878 }, // U+0125
    { 35, 27, 491, -1, 27, 237, 8106 }, // U+0126
    { 24, 29, 394, 0, 29, 174, 8343 }, // U+0127
    { 21, 36, 241, -1, 36, 189, 8517 }, // U+0128
    { 16, 29, 212, 0, 29, 116, 8706 }, // U+0129
    { 19, 33, 241, -1, 33, 157, 8822 }, // U+012A
    { 12, 27, 212, 2, 27, 81, 8979 }, // U+012B
    { 20, 36, 241, -1, 36, 180, 9060 }, // U+012C
    { 14, 29, 212, 2, 29, 102, 9240 }, // U+012D
    { 19, 36, 241, -1, 27, 171, 9342 }, // U+012E
    { 13, 38, 212, 0, 29, 124, 9513 }, // U+012F
    { 19, 36, 241, -1, 36, 171, 9637 }, // U+0130
    { 11, 21, 212, 2, 21, 58, 9808 }, // U+0131
    { 34, 36, 481, -1, 27, 306, 9866 }, // U+0132
    { 24, 38, 415, 2, 29, 228, 10172 }, // U+0133
    { 25, 45, 241, -6, 36, 282, 10400 }, // U+0134
    { 21, 38, 203, -6, 29, 200, 10682 }, // U+0135
    { 32, 36, 445, -1, 27, 288, 10882 }, // U+0136
    { 24, 38, 358, 0, 29, 228, 11170 }, // U+0137
    { 24, 21, 358, 0, 21, 126, 11398 }, // U+0138
    { 25, 36, 392, -1, 36, 225, 11524 }, // U+0139
    { 18, 38, 212, 1, 38, 171, 11749 }, // U+013A
    { 25, 36, 392, -1, 27, 225, 11920 }, // U+013B
    { 14, 37, 212, -1, 29, 130, 12145 }, // U+013C
    { 27, 27, 392, -1, 27, 183, 12275 }, // U+013D
    { 20, 29, 212, 1, 29, 145, 12458 }, // U+013E
    { 25, 27, 392, -1, 27, 169, 12603 }, // U+013F
    { 18, 29, 278, 1, 29, 131, 12772 }, // U+0140
    { 25, 27, 392, -1, 27, 169, 12903 }, // U+0141
    { 15, 29, 212, -1, 29, 109, 13072 }, // U+0142
    { 34, 36, 473, -1, 36, 306, 13181 }, // U+0143
    { 24, 29, 403, 1, 29, 174, 13487 }, // U+0144
    { 34, 36, 473, -1, 27, 306, 13661 }, // U+0145
    { 24, 29, 403, 1, 21, 174, 13967 }, // U+0146
    { 34, 36, 473, -1, 36, 306, 14141 }, // U+0147
    { 24, 29, 403, 1, 29, 174, 14447 }, // U+0148
    { 33, 27, 527, 0, 27, 223, 14621 }, // U+0149
    { 34, 36, 458, -1, 27, 306, 14844 }, // U+014A
    { 22, 30, 391, 1, 21, 165, 15150 }, // U+014B
    { 27, 33, 475, 2, 33, 223, 15315 }, // U+014C
    { 21, 27, 371, 1, 27, 142, 15538 }, // U+014D
    { 27, 36, 475, 2, 36, 243, 15680 }, // U+014E
    { 21, 29, 371, 1, 29, 153, 15923 }, // U+014F
    { 28, 36, 475, 2, 36, 252, 16076 }, // U+0150
    { 24, 29, 371, 1, 29, 174, 16328 }, // U+0151
    { 37, 27, 595, 2, 27, 250, 16502 }, // U+0152
    { 33, 21, 541, 1, 21, 174, 16752 }, // U+0153
    { 27, 36, 424, -1, 36, 243, 16926 }, // U+0154
    { 20, 29, 331, 1, 29, 145, 17169 }, // U+0155
    { 27, 36, 424, -1, 27, 243, 17314 }, // U+0156
    { 22, 30, 331, -1, 21, 165, 17557 }, // U+0157
    { 27, 36, 424, -1, 36, 243, 17722 }, // U+0158
    { 20, 29, 331, 1, 29, 145, 17965 }, // U+0159
    { 24, 36, 352, 0, 36, 216, 18110 }, // U+015A
    { 21, 29, 308, 0, 29, 153, 18326 }, // U+015B
    { 23, 36, 352, 0, 36, 207, 18479 }, // U+015C
    { 19, 29, 308, 0, 29, 138, 18686 }, // U+015D
    { 23, 36, 352, 0, 27, 207, 18824 }, // U+015E
    { 19, 30, 308, 0, 21, 143, 19031 }, // U+015F
    { 23, 36, 352, 0, 36, 207, 19174 }, // U+0160
    { 21, 29, 308, 0, 29, 153, 19381 }, // U+0161
    { 26, 36, 392, 2, 27, 234, 19534 }, // U+0162
    { 16, 35, 250, 0, 26, 140, 19768 }, // U+0163
    { 26, 36, 392, 2, 36, 234, 19908 }, // U+0164
    { 19, 29, 250, 2, 29, 138, 20142 }, // U+0165
    { 26, 27, 392, 2, 27, 176, 20280 }, // U+0166
    { 15, 26, 250, 1, 26, 98, 20456 }, // U+0167
    { 29, 36, 448, 3, 36, 261, 20554 }, // U+0168
    { 23, 29, 404, 2, 29, 167, 20815 }, // U+0169
    { 29, 33, 448, 3, 33, 240, 20982 }, // U+016A
    { 23, 27, 404, 2, 27, 156, 21222 }, // U+016B
    { 29, 36, 448, 3, 36, 261, 21378 }, // U+016C
    { 23, 29, 404, 2, 29, 167, 21639 }, // U+016D
    { 29, 38, 448, 3, 38, 276, 21806 }, // U+016E
    { 23, 32, 404, 2, 32, 184, 22082 }, // U+016F
    { 29, 36, 448, 3, 36, 261, 22266 }, // U+0170
    { 24, 29, 404, 2, 29, 174, 22527 }, // U+0171
    { 29, 36, 448, 3, 27, 261, 22701 }, // U+0172
    { 23, 30, 404, 2, 21, 173, 22962 }, // U+0173
    { 41, 36, 640, 3, 36, 369, 23135 }, // U+0174
    { 31, 30, 525, 1, 29, 233, 23504 }, // U+0175
    { 27, 36, 416, 3, 36, 243, 23737 }, // U+0176
    { 28, 38, 352, -7, 29, 266, 23980 }, // U+0177
    { 27, 35, 416, 3, 35, 237, 24246 }, // U+0178
    { 28, 36, 400, -1, 36, 252, 24483 }, // U+0179
    { 21, 29, 335, 0, 29, 153, 24735 }, // U+017A
    { 28, 36, 400, -1, 36, 252, 24888 }, // U+017B
    { 20, 29, 335, 0, 29, 145, 25140 }, // U+017C
    { 28, 36, 400, -1, 36, 252, 25285 }, // U+017D
    { 21, 29, 335, 0, 29, 153, 25537 }, // U+017E
    { 28, 38, 242, -6, 29, 266, 25690 }, // U+017F
    { 33, 29, 506, 2, 29, 240, 0 }, // U+01A0
    { 27, 25, 402, 1, 25, 169, 240 }, // U+01A1
    { 33, 29, 512, 3, 29, 240, 409 }, // U+01AF
    { 30, 25, 467, 2, 25, 188, 649 }, // U+01B0
    { 57, 36, 860, -1, 36, 513, 837 }, // U+01C4
    { 50, 29, 796, -1, 29, 363, 1350 }, // U+01C5
    { 44, 29, 734, 1, 29, 319, 1713 }, // U+01C6
    { 44, 36, 633, -1, 27, 396, 2032 }, // U+01C7
    { 38, 38, 595, -1, 29, 361, 2428 }, // U+01C8
    { 25, 38, 415, 1, 29, 238, 2789 }, // U+01C9
    { 49, 36, 713, -1, 27, 441, 3027 }, // U+01CA
    { 43, 38, 676, -1, 29, 409, 3468 }, // U+01CB
    { 37, 38, 606, 1, 29, 352, 3877 }, // U+01CC
    { 29, 36, 452, -2, 36, 261, 4229 }, // U+01CD
    { 23, 29, 399, 1, 29, 167, 4490 }, // U+01CE
    { 21, 36, 241, -1, 36, 189, 4657 }, // U+01CF
    { 14, 29, 212, 2, 29, 102, 4846 }, // U+01D0
    { 27, 36, 475, 2, 36, 243, 4948 }, // U+01D1
    { 22, 29, 371, 1, 29, 160, 5191 }, // U+01D2
    { 29, 36, 448, 3, 36, 261, 5351 }, // U+01D3
    { 23, 29, 404, 2, 29, 167, 5612 }, // U+01D4
    { 29, 39, 448, 3, 39, 283, 5779 }, // U+01D5
    { 23, 33, 404, 2, 33, 190, 6062 }, // U+01D6
    { 29, 41, 448, 3, 41, 298, 6252 }, // U+01D7
    { 23, 34, 404, 2, 34, 196, 6550 }, // U+01D8
    { 29, 41, 448, 3, 41, 298, 6746 }, // U+01D9
    { 23, 35, 404, 2, 35, 202, 7044 }, // U+01DA
    { 29, 41, 448, 3, 41, 298, 7246 }, // U+01DB
    { 23, 34, 404, 2, 34, 196, 7544 }, // U+01DC
    { 19, 21, 337, 1, 21, 100, 7740 }, // U+01DD
    { 29, 39, 452, -2, 39, 283, 7840 }, // U+01DE
    { 23, 33, 399, 1, 33, 190, 8123 }, // U+01DF
    { 29, 39, 452, -2, 39, 283, 8313 }, // U+01E0
    { 23, 33, 399, 1, 33, 190, 8596 }, // U+01E1
    { 41, 33, 596, -2, 33, 339, 8786 }, // U+01E2
    { 32, 27, 528, 1, 27, 216, 9125 }, // U+01E3
    { 27, 27, 478, 2, 27, 183, 9341 }, // U+01E4
    { 27, 32, 348, -3, 23, 216, 9524 }, // U+01E5
    { 27, 36, 478, 2, 36, 243, 9740 }, // U+01E6
    { 27, 38, 348, -3, 29, 257, 9983 }, // U+01E7
    { 32, 36, 445, -1, 36, 288, 10240 }, // U+01E8
    { 24, 37, 358, 0, 37, 222, 10528 }, // U+01E9
    { 27, 36, 475, 2, 27, 243, 10750 }, // U+01EA
    { 21, 30, 371, 1, 21, 158, 10993 }, // U+01EB
    { 27, 42, 475, 2, 33, 284, 11151 }, // U+01EC
    { 21, 36, 371, 1, 27, 189, 11435 }, // U+01ED
    { 24, 36, 364, 0, 36, 216, 11624 }, // U+01EE
    { 23, 38, 335, -2, 29, 219, 11840 }, // U+01EF
    { 23, 38, 203, -6, 29, 219, 12059 }, // U+01F0
    { 57, 27, 860, -1, 27, 385, 12278 }, // U+01F1
    { 50, 27, 796, -1, 27, 338, 12663 }, // U+01F2
    { 44, 29, 734, 1, 29, 319, 13001 }, // U+01F3
    { 27, 36, 478, 2, 36, 243, 13320 }, // U+01F4
    { 27, 38, 348, -3, 29, 257, 13563 }, // U+01F5
    { 45, 27, 683, -1, 27, 304, 13820 }, // U+01F6
    { 32, 36, 449, -3, 27, 288, 14124 }, // U+01F7
    { 34, 36, 473, -1, 36, 306, 14412 }, // U+01F8
    { 24, 29, 403, 1, 29, 174, 14718 }, // U+01F9
    { 29, 38, 452, -2, 38, 276, 14892 }, // U+01FA
    { 24, 39, 399, 1, 39, 234, 15168 }, // U+01FB
    { 41, 36, 596, -2, 36, 369, 15402 }, // U+01FC
    { 32, 29, 528, 1, 29, 232, 15771 }, // U+01FD
    { 27, 37, 475, 2, 36, 250, 16003 }, // U+01FE
    { 23, 31, 371, 0, 29, 179, 16253 }, // U+01FF
    { 29, 36, 452, -2, 36, 261, 16432 }, // U+0200
    { 23, 29, 399, 1, 29, 167, 16693 }, // U+0201
    { 29, 35, 452, -2, 35, 254, 16860 }, // U+0202
    { 23, 29, 399, 1, 29, 167, 17114 }, // U+0203
    { 27, 36, 380, -1, 36, 243, 17281 }, // U+0204
    { 19, 29, 321, 1, 29, 138, 17524 }, // U+0205
    { 27, 35, 380, -1, 35, 237, 17662 }, // U+0206
    { 20, 29, 321, 1, 29, 145, 17899 }, // U+0207
    { 19, 36, 241, -1, 36, 171, 18044 }, // U+0208
    { 17, 29, 212, -3, 29, 124, 18215 }, // U+0209
    { 20, 36, 241, -1, 36, 180, 18339 }, // U+020A
    { 14, 29, 212, 2, 29, 102, 18519 }, // U+020B
    { 27, 37, 475, 2, 37, 250, 18621 }, // U+020C
    { 21, 29, 371, 1, 29, 153, 18871 }, // U+020D
    { 27, 36, 475, 2, 36, 243, 19024 }, // U+020E
    { 21, 29, 371, 1, 29, 153, 19267 }, // U+020F
    { 27, 36, 424, -1, 36, 243, 19420 }, // U+0210
    { 20, 29, 331, 1, 29, 145, 19663 }, // U+0211
    { 27, 35, 424, -1, 35, 237, 19808 }, // U+0212
    { 20, 29, 331, 1, 29, 145, 20045 }, // U+0213
    { 29, 37, 448, 3, 37, 269, 20190 }, // U+0214
    { 23, 29, 404, 2, 29, 167, 20459 }, // U+0215
    { 29, 36, 448, 3, 36, 261, 20626 }, // U+0216
    { 23, 29, 404, 2, 29, 167, 20887 }, // U+0217
    { 23, 35, 352, 0, 27, 202, 21054 }, // U+0218
    { 19, 29, 308, 0, 21, 138, 21256 }, // U+0219
    { 26, 36, 392, 2, 27, 234, 21394 }, // U+021A
    { 15, 34, 250, 1, 26, 128, 21628 }, // U+021B
    { 26, 35, 368, -2, 27, 228, 21756 }, // U+021C
    { 22, 31, 305, -4, 21, 171, 21984 }, // U+021D
    { 35, 36, 491, -1, 36, 315, 22155 }, // U+021E
    { 24, 37, 394, 0, 37, 222, 22470 }, // U+021F
    { 9, 6, 0, -18, 29, 14, 0 }, // U+0300
    { 11, 6, 0, -12, 29, 17, 14 }, // U+0301
    { 15, 6, 0, -5, 29, 23, 31 }, // U+0302
    { 16, 6, 0, -18, 29, 24, 54 }, // U+0303
    { 12, 3, 0, -3, 26, 9, 78 }, // U+0304
    { 12, 3, 0, -2, 32, 9, 87 }, // U+0305
    { 13, 6, 0, -3, 29, 20, 96 }, // U+0306
    { 7, 6, 0, 0, 30, 11, 116 }, // U+0307
    { 14, 5, 0, -4, 29, 18, 127 }, // U+0308
    { 10, 10, 0, -14, 33, 25, 145 }, // U+0309
    { 10, 9, 0, -2, 32, 23, 170 }, // U+030A
    { 17, 6, 0, -5, 29, 26, 193 }, // U+030B
    { 15, 6, 0, -3, 29, 23, 219 }, // U+030C
    { 5, 7, 0, 1, 30, 9, 242 }, // U+030D
    { 11, 7, 0, -2, 30, 20, 251 }, // U+030E
    { 16, 6, 0, -17, 29, 24, 271 }, // U+030F
    { 13, 10, 0, -3, 34, 33, 295 }, // U+0310
    { 12, 6, 0, -3, 29, 18, 328 }, // U+0311
    { 10, 12, 0, -2, 28, 30, 346 }, // U+0312
    { 10, 12, 0, -3, 28, 30, 376 }, // U+0313
    { 7, 12, 0, -1, 27, 21, 406 }, // U+0314
    { 10, 12, 0, -3, 28, 30, 427 }, // U+0315
    { 10, 6, 0, -8, -3, 15, 457 }, // U+0316
    { 11, 6, 0, -9, -3, 17, 472 }, // U+0317
    { 7, 8, 0, -5, -1, 14, 489 }, // U+0318
    { 8, 8, 0, -6, -1, 16, 503 }, // U+0319
    { 12, 10, 224, 3, 29, 30, 519 }, // U+031A
    { 9, 9, 0, -3, 30, 21, 549 }, // U+031B
    { 7, 9, 0, -6, 0, 16, 570 }, // U+031C
    { 8, 6, 0, -7, -2, 12, 586 }, // U+031D
    { 8, 7, 0, -6, -1, 14, 598 }, // U+031E
    { 9, 8, 0, -7, -1, 18, 612 }, // U+031F
    { 10, 3, 0, -8, -3, 8, 630 }, // U+0320
    { 10, 10, 0, -10, 2, 25, 638 }, // U+0321
    { 8, 9, 0, -4, 1, 18, 663 }, // U+0322
    { 8, 5, 0, -18, -3, 10, 681 }, // U+0323
    { 15, 5, 0, -10, -2, 19, 691 }, // U+0324
    { 10, 9, 0, -8, -1, 23, 710 }, // U+0325
    { 8, 6, 0, -7, -2, 12, 733 }, // U+0326
    { 10, 10, 0, -7, 1, 25, 745 }, // U+0327
    { 10, 9, 0, -8, 0, 23, 770 }, // U+0328
    { 5, 7, 0, -5, -1, 9, 793 }, // U+0329
    { 15, 7, 0, -10, -2, 27, 802 }, // U+032A
    { 14, 5, 0, -9, -2, 18, 829 }, // U+032B
    { 14, 6, 0, -9, -2, 21, 847 }, // U+032C
    { 14, 6, 0, -10, -2, 21, 868 }, // U+032D
    { 13, 6, 0, -9, -2, 20, 889 }, // U+032E
    { 12, 6, 0, -9, -2, 18, 909 }, // U+032F
    { 16, 6, 0, -11, -2, 24, 927 }, // U+0330
    { 13, 3, 0, -9, -3, 10, 951 }, // U+0331
    { 17, 3, 0, -19, -4, 13, 961 }, // U+0332
    { 19, 7, 0, -20, -1, 34, 974 }, // U+0333
    { 16, 6, 0, -8, 14, 24, 1008 }, // U+0334
    { 16, 3, 0, -8, 13, 12, 1032 }, // U+0335
    { 26, 3, 0, -13, 13, 20, 1044 }, // U+0336
    { 16, 10, 0, -8, 16, 40, 1064 }, // U+0337
    { 23, 34, 0, -11, 30, 196, 1104 }, // U+0338
    { 6, 9, 0, -5, 0, 14, 1300 }, // U+0339
    { 15, 6, 0, -10, -3, 23, 1314 }, // U+033A
    { 16, 7, 0, -11, -2, 28, 1337 }, // U+033B
    { 13, 5, 0, -9, -2, 17, 1365 }, // U+033C
    { 8, 7, 0, -1, 29, 14, 1382 }, // U+033D
    { 7, 12, 0, 0, 34, 21, 1396 }, // U+033E
    { 18, 7, 0, -4, 36, 32, 1417 }, // U+033F
    { 9, 6, 0, -3, 29, 14, 1449 }, // U+0340
    { 11, 6, 0, -1, 29, 17, 1463 }, // U+0341
    { 16, 6, 0, -5, 29, 24, 1480 }, // U+0342
    { 7, 8, 0, 1, 31, 14, 1504 }, // U+0343
    { 17, 8, 0, -5, 30, 34, 1518 }, // U+0344
    { 8, 7, 0, -2, -2, 14, 1552 }, // U+0345
    { 15, 7, 0, -4, 30, 27, 1566 }, // U+0346
    { 18, 7, 0, -11, -1, 32, 1593 }, // U+0347
    { 11, 7, 0, -8, -1, 20, 1625 }, // U+0348
    { 8, 7, 0, -5, -3, 14, 1645 }, // U+0349
    { 17, 10, 0, -5, 31, 43, 1659 }, // U+034A
    { 17, 16, 0, -5, 38, 68, 1702 }, // U+034B
    { 16, 13, 0, -5, 36, 52, 1770 }, // U+034C
    { 12, 8, 0, -9, -1, 24, 1822 }, // U+034D
    { 8, 9, 0, -7, 0, 18, 1846 }, // U+034E
    { 28, 28, 0, -14, 28, 196, 1864 }, // U+034F
    { 7, 8, 0, -1, 30, 14, 2060 }, // U+0350
    { 6, 9, 0, 0, 32, 14, 2074 }, // U+0351
    { 13, 10, 0, -3, 33, 33, 2088 }, // U+0352
    { 9, 9, 0, -7, -1, 21, 2121 }, // U+0353
    { 9, 8, 0, -7, -1, 18, 2142 }, // U+0354
    { 9, 8, 0, -7, -1, 18, 2160 }, // U+0355
    { 15, 8, 0, -10, -1, 30, 2178 }, // U+0356
    { 7, 9, 0, -1, 32, 16, 2208 }, // U+0357
    { 8, 6, 0, 5, 30, 12, 2224 }, // U+0358
    { 10, 10, 0, -5, 0, 25, 2236 }, // U+0359
    { 14, 8, 0, -10, -1, 28, 2261 }, // U+035A
    { 8, 8, 0, -1, 31, 16, 2289 }, // U+035B
    { 29, 7, 0, -17, -1, 51, 2305 }, // U+035C
    { 30, 7, 0, -11, 30, 53, 2356 }, // U+035D
    { 24, 3, 0, -9, 26, 18, 2409 }, // U+035E
    { 24, 3, 0, -15, -3, 18, 2427 }, // U+035F
    { 33, 6, 0, -13, 29, 50, 2445 }, // U+0360
    { 32, 7, 0, -13, 33, 56, 2495 }, // U+0361
    { 23, 8, 0, -15, -1, 46, 2551 }, // U+0362
    { 11, 9, 0, -2, 33, 25, 2597 }, // U+0363
    { 10, 9, 0, -1, 33, 23, 2622 }, // U+0364
    { 6, 13, 0, 1, 36, 20, 2645 }, // U+0365
    { 10, 9, 0, -1, 33, 23, 2665 }, // U+0366
    { 12, 8, 0, -2, 32, 24, 2688 }, // U+0367
    { 10, 9, 0, -1, 33, 23, 2712 }, // U+0368
    { 11, 12, 0, -2, 36, 33, 2735 }, // U+0369
    { 11, 13, 0, -2, 36, 36, 2768 }, // U+036A
    { 16, 9, 0, -4, 33, 36, 2804 }, // U+036B
    { 10, 9, 0, -1, 32, 23, 2840 }, // U+036C
    { 7, 12, 0, 1, 35, 21, 2863 }, // U+036D
    { 11, 9, 0, -2, 32, 25, 2884 }, // U+036E
    { 11, 8, 0, -2, 32, 22, 2909 }, // U+036F
    { 28, 36, 392, -2, 36, 252, 0 }, // U+0400
    { 28, 35, 392, -2, 35, 245, 252 }, // U+0401
    { 28, 27, 494, 2, 27, 189, 497 }, // U+0402
    { 27, 36, 355, -2, 36, 243, 686 }, // U+0403
    { 25, 27, 395, 1, 27, 169, 929 }, // U+0404
    { 23, 27, 352, -1, 27, 156, 1098 }, // U+0405
    { 20, 27, 240, -2, 27, 135, 1254 }, // U+0406
    { 21, 35, 240, -2, 35, 184, 1389 }, // U+0407
    { 23, 36, 237, -5, 27, 207, 1573 }, // U+0408
    { 37, 27, 584, -2, 27, 250, 1780 }, // U+0409
    { 40, 27, 620, -2, 27, 270, 2030 }, // U+040A
    { 29, 27, 533, 2, 27, 196, 2300 }, // U+040B
    { 32, 36, 438, -2, 36, 288, 2496 }, // U+040C
    { 36, 36, 491, -2, 36, 324, 2784 }, // U+040D
    { 27, 37, 420, 3, 37, 250, 3108 }, // U+040E
    { 35, 34, 483, -2, 27, 298, 3358 }, // U+040F
    { 30, 27, 449, -3, 27, 203, 3656 }, // U+0410
    { 27, 27, 383, -2, 27, 183, 3859 }, // U+0411
    { 27, 27, 405, -2, 27, 183, 4042 }, // U+0412
    { 27, 27, 355, -2, 27, 183, 4225 }, // U+0413
    { 36, 35, 462, -4, 27, 315, 4408 }, // U+0414
    { 28, 27, 392, -2, 27, 189, 4723 }, // U+0415
    { 45, 27, 621, -3, 27, 304, 4912 }, // U+0416
    { 24, 27, 373, -1, 27, 162, 5216 }, // U+0417
    { 36, 27, 495, -2, 27, 243, 5378 }, // U+0418
    { 36, 37, 495, -2, 37, 333, 5621 }, // U+0419
    { 32, 27, 438, -2, 27, 216, 5954 }, // U+041A
    { 33, 27, 449, -2, 27, 223, 6170 }, // U+041B
    { 41, 27, 581, -2, 27, 277, 6393 }, // U+041C
    { 35, 27, 489, -2, 27, 237, 6670 }, // U+041D
    { 28, 27, 460, 1, 27, 189, 6907 }, // U+041E
    { 35, 27, 483, -2, 27, 237, 7096 }, // U+041F
    { 27, 27, 383, -2, 27, 183, 7333 }, // U+0420
    { 25, 27, 395, 1, 27, 169, 7516 }, // U+0421
    { 26, 27, 397, 2, 27, 176, 7685 }, // U+0422
    { 27, 27, 420, 3, 27, 183, 7861 }, // U+0423
    { 33, 29, 566, 2, 28, 240, 8044 }, // U+0424
    { 32, 27, 439, -2, 27, 216, 8284 }, // U+0425
    { 35, 35, 486, -2, 27, 307, 8500 }, // U+0426
    { 29, 27, 470, 3, 27, 196, 8807 }, // U+0427
    { 48, 27, 684, -2, 27, 324, 9003 }, // U+0428
    { 48, 35, 687, -2, 27, 420, 9327 }, // U+0429
    { 25, 27, 443, 2, 27, 169, 9747 }, // U+042A
    { 41, 27, 586, -2, 27, 277, 9916 }, // U+042B
    { 25, 27, 383, -2, 27, 169, 10193 }, // U+042C
    { 25, 27, 395, -1, 27, 169, 10362 }, // U+042D
    { 42, 27, 647, -2, 27, 284, 10531 }, // U+042E
    { 32, 27, 424, -3, 27, 216, 10815 }, // U+042F
    { 23, 21, 375, 0, 21, 121, 11031 }, // U+0430
    { 23, 30, 365, 1, 30, 173, 11152 }, // U+0431
    { 21, 21, 342, 0, 21, 111, 11325 }, // U+0432
    { 18, 21, 288, 0, 21, 95, 11436 }, // U+0433
    { 22, 30, 360, 0, 30, 165, 11531 }, // U+0434
    { 20, 21, 319, 0, 21, 105, 11696 }, // U+0435
    { 40, 21, 615, -1, 21, 210, 11801 }, // U+0436
    { 18, 21, 307, 0, 21, 95, 12011 }, // U+0437
    { 23, 21, 388, 1, 21, 121, 12106 }, // U+0438
    { 23, 31, 388, 1, 31, 179, 12227 }, // U+0439
    { 23, 21, 368, 1, 21, 121, 12406 }, // U+043A
    { 25, 21, 369, -2, 21, 132, 12527 }, // U+043B
    { 34, 21, 519, -2, 21, 179, 12659 }, // U+043C
    { 23, 21, 389, 1, 21, 121, 12838 }, // U+043D
    { 22, 21, 360, 0, 21, 116, 12959 }, // U+043E
    { 24, 21, 390, 1, 21, 126, 13075 }, // U+043F
    { 24, 30, 373, -1, 21, 180, 13201 }, // U+0440
    { 20, 21, 312, 0, 21, 105, 13381 }, // U+0441
    { 35, 21, 569, 1, 21, 184, 13486 }, // U+0442
    { 23, 30, 348, -1, 21, 173, 13670 }, // U+0443
    { 31, 39, 499, 0, 30, 303, 13843 }, // U+0444
    { 25, 21, 357, -2, 21, 132, 14146 }, // U+0445
    { 23, 30, 390, 1, 21, 173, 14278 }, // U+0446
    { 22, 21, 368, 1, 21, 116, 14451 }, // U+0447
    { 35, 21, 571, 1, 21, 184, 14567 }, // U+0448
    { 35, 30, 573, 1, 21, 263, 14751 }, // U+0449
    { 20, 21, 354, 1, 21, 105, 15014 }, // U+044A
    { 31, 21, 516, 1, 21, 163, 15119 }, // U+044B
    { 20, 21, 347, 1, 21, 105, 15282 }, // U+044C
    { 19, 21, 315, 0, 21, 100, 15387 }, // U+044D
    { 31, 21, 518, 1, 21, 163, 15487 }, // U+044E
    { 24, 21, 377, -1, 21, 126, 15650 }, // U+044F
    { 20, 30, 319, 0, 30, 150, 15776 }, // U+0450
    { 20, 30, 319, 0, 30, 150, 15926 }, // U+0451
    { 21, 39, 372, 1, 30, 205, 16076 }, // U+0452
    { 20, 30, 288, 0, 30, 150, 16281 }, // U+0453
    { 20, 21, 312, 0, 21, 105, 16431 }, // U+0454
    { 18, 21, 288, -1, 21, 95, 16536 }, // U+0455
    { 12, 30, 197, 1, 30, 90, 16631 }, // U+0456
    { 14, 30, 197, 1, 30, 105, 16721 }, // U+0457
    { 18, 39, 189, -5, 30, 176, 16826 }, // U+0458
    { 33, 21, 512, -2, 21, 174, 17002 }, // U+0459
    { 31, 21, 533, 1, 21, 163, 17176 }, // U+045A
    { 24, 30, 390, 1, 30, 180, 17339 }, // U+045B
    { 23, 30, 368, 1, 30, 173, 17519 }, // U+045C
    { 23, 30, 388, 1, 30, 173, 17692 }, // U+045D
    { 23, 40, 348, -1, 31, 230, 17865 }, // U+045E
    { 23, 30, 388, 1, 21, 173, 18095 }, // U+045F
    { 37, 27, 614, 2, 27, 250, 18268 }, // U+0460
    { 31, 21, 493, 0, 21, 163, 18518 }, // U+0461
    { 25, 27, 427, 0, 27, 169, 18681 }, // U+0462
    { 32, 21, 536, 1, 21, 168, 18850 }, // U+0463
    { 42, 27, 619, -1, 27, 284, 19018 }, // U+0464
    { 31, 21, 503, 1, 21, 163, 19302 }, // U+0465
    { 31, 27, 476, -2, 27, 210, 19465 }, // U+0466
    { 27, 21, 388, -3, 21, 142, 19675 }, // U+0467
    { 44, 27, 698, -1, 27, 297, 19817 }, // U+0468
    { 34, 21, 572, 1, 21, 179, 20114 }, // U+0469
    { 35, 27, 539, -2, 27, 237, 20293 }, // U+046A
    { 31, 21, 470, -3, 21, 163, 20530 }, // U+046B
    { 48, 27, 770, -1, 27, 324, 20693 }, // U+046C
    { 38, 21, 650, 1, 21, 200, 21017 }, // U+046D
    { 24, 42, 364, -1, 33, 252, 21217 }, // U+046E
    { 21, 34, 309, -2, 26, 179, 21469 }, // U+046F
    { 36, 27, 586, 4, 27, 243, 21648 }, // U+0470
    { 26, 39, 433, 2, 30, 254, 21891 }, // U+0471
    { 27, 27, 475, 2, 27, 183, 22145 }, // U+0472
    { 21, 21, 371, 1, 21, 111, 22328 }, // U+0473
    { 29, 27, 446, 3, 27, 196, 22439 }, // U+0474
    { 26, 21, 378, 0, 21, 137, 22635 }, // U+0475
    { 29, 36, 446, 3, 36, 261, 22772 }, // U+0476
    { 26, 30, 378, 0, 30, 195, 23033 }, // U+0477
    { 47, 36, 782, 2, 27, 423, 23228 }, // U+0478
    { 41, 30, 671, 1, 21, 308, 23651 }, // U+0479
    { 29, 32, 499, 2, 30, 232, 23959 }, // U+047A
    { 22, 25, 389, 1, 23, 138, 24191 }, // U+047B
    { 40, 41, 686, 2, 41, 410, 24329 }, // U+047C
    { 34, 36, 578, 1, 36, 306, 24739 }, // U+047D
    { 37, 35, 614, 2, 35, 324, 25045 }, // U+047E
    { 31, 27, 493, 0, 27, 210, 25369 }, // U+047F
    { 25, 36, 401, 2, 27, 225, 25579 }, // U+0480
    { 19, 30, 317, 1, 21, 143, 25804 }, // U+0481
    { 20, 26, 365, 1, 25, 130, 25947 }, // U+0482
    { 16, 7, 0, -6, 29, 28, 26077 }, // U+0483
    { 15, 6, 0, -5, 30, 23, 26105 }, // U+0484
    { 5, 7, 0, 1, 30, 9, 26128 }, // U+0485
    { 6, 7, 0, 0, 30, 11, 26137 }, // U+0486
    { 17, 5, 0, -4, 34, 22, 26148 }, // U+0487
    { 48, 43, 0, -24, 32, 516, 26170 }, // U+0488
    { 46, 46, 0, -23, 34, 529, 26686 }, // U+0489
    { 35, 45, 503, -1, 37, 394, 27215 }, // U+048A
    { 23, 39, 404, 2, 31, 225, 27609 }, // U+048B
    { 24, 29, 398, -1, 29, 174, 27834 }, // U+048C
    { 20, 25, 357, 1, 25, 125, 28008 }, // U+048D
    { 27, 27, 398, -1, 27, 183, 28133 }, // U+048E
    { 24, 30, 374, -2, 21, 180, 28316 }, // U+048F
    { 26, 33, 325, -1, 33, 215, 28496 }, // U+0490
    { 19, 26, 289, 1, 26, 124, 28711 }, // U+0491
    { 27, 27, 355, -1, 27, 183, 28835 }, // U+0492
    { 20, 21, 305, 0, 21, 105, 29018 }, // U+0493
    { 27, 36, 431, -1, 27, 243, 29123 }, // U+0494
    { 20, 30, 359, 1, 21, 150, 29366 }, // U+0495
    { 45, 35, 637, -3, 27, 394, 29516 }, // U+0496
    { 45, 30, 706, 0, 21, 338, 29910 }, // U+0497
    { 23, 36, 368, 0, 27, 207, 30248 }, // U+0498
    { 19, 29, 312, 0, 21, 138, 30455 }, // U+0499
    { 31, 35, 454, -1, 27, 272, 30593 }, // U+049A
    { 24, 30, 363, 0, 21, 180, 30865 }, // U+049B
    { 33, 27, 467, -1, 27, 223, 31045 }, // U+049C
    { 26, 21, 395, 0, 21, 137, 31268 }, // U+049D
    { 31, 27, 446, -1, 27, 210, 31405 }, // U+049E
    { 24, 30, 363, 0, 30, 180, 31615 }, // U+049F
    { 33, 27, 512, 2, 27, 223, 31795 }, // U+04A0
    { 29, 21, 442, 0, 21, 153, 32018 }, // U+04A1
    { 35, 35, 491, -1, 27, 307, 32171 }, // U+04A2
    { 25, 30, 410, 1, 21, 188, 32478 }, // U+04A3
    { 40, 27, 560, -1, 27, 270, 32666 }, // U+04A4
    { 31, 21, 491, 1, 21, 163, 32936 }, // U+04A5
    { 41, 36, 676, -1, 27, 369, 33099 }, // U+04A6
    { 31, 30, 549, 1, 21, 233, 33468 }, // U+04A7
    { 29, 28, 505, 2, 27, 203, 33701 }, // U+04A8
    { 24, 22, 410, 1, 21, 132, 33904 }, // U+04A9
    { 25, 35, 401, 2, 27, 219, 34036 }, // U+04AA
    { 19, 29, 317, 1, 21, 138, 34255 }, // U+04AB
    { 26, 35, 392, 2, 27, 228, 34393 }, // U+04AC
    { 35, 29, 581, 1, 21, 254, 34621 }, // U+04AD
    { 27, 27, 416, 3, 27, 183, 34875 }, // U+04AE
    { 21, 30, 352, 0, 21, 158, 35058 }, // U+04AF
    { 27, 27, 416, 3, 27, 183, 35216 }, // U+04B0
    { 21, 30, 352, 0, 21, 158, 35399 }, // U+04B1
    { 32, 35, 451, -2, 27, 280, 35557 }, // U+04B2
    { 24, 30, 362, -1, 21, 180, 35837 }, // U+04B3
    { 38, 35, 590, 2, 27, 333, 36017 }, // U+04B4
    { 30, 30, 479, 0, 21, 225, 36350 }, // U+04B5
    { 28, 35, 453, 3, 27, 245, 36575 }, // U+04B6
    { 23, 30, 392, 1, 21, 173, 36820 }, // U+04B7
    { 29, 27, 470, 3, 27, 196, 36993 }, // U+04B8
    { 22, 21, 368, 1, 21, 116, 37189 }, // U+04B9
    { 28, 27, 467, -1, 27, 189, 37305 }, // U+04BA
    { 24, 30, 394, 0, 30, 180, 37494 }, // U+04BB
    { 30, 27, 493, 1, 27, 203, 37674 }, // U+04BC
    { 24, 21, 400, 1, 21, 126, 37877 }, // U+04BD
    { 30, 35, 493, 1, 27, 263, 38003 }, // U+04BE
    { 24, 29, 400, 1, 21, 174, 38266 }, // U+04BF
    { 19, 27, 241, -1, 27, 129, 38440 }, // U+04C0
    { 45, 37, 621, -3, 37, 417, 38569 }, // U+04C1
    { 40, 31, 615, -1, 31, 310, 38986 }, // U+04C2
    { 31, 36, 437, -1, 27, 279, 39296 }, // U+04C3
    { 24, 30, 370, 0, 21, 180, 39575 }, // U+04C4
    { 32, 35, 444, -2, 27, 280, 39755 }, // U+04C5
    { 26, 29, 410, 0, 21, 189, 40035 }, // U+04C6
    { 35, 36, 491, -1, 27, 315, 40224 }, // U+04C7
    { 23, 30, 400, 1, 21, 173, 40539 }, // U+04C8
    { 35, 35, 503, -1, 27, 307, 40712 }, // U+04C9
    { 25, 29, 410, 1, 21, 182, 41019 }, // U+04CA
    { 28, 35, 453, 3, 27, 245, 41201 }, // U+04CB
    { 22, 29, 392, 1, 21, 160, 41446 }, // U+04CC
    { 40, 35, 583, -1, 27, 350, 41606 }, // U+04CD
    { 35, 29, 568, 0, 21, 254, 41956 }, // U+04CE
    { 19, 27, 241, -1, 27, 129, 42210 }, // U+04CF
    { 29, 37, 452, -2, 37, 269, 42339 }, // U+04D0
    { 23, 31, 399, 1, 31, 179, 42608 }, // U+04D1
    { 29, 35, 452, -2, 35, 254, 42787 }, // U+04D2
    { 23, 30, 399, 1, 30, 173, 43041 }, // U+04D3
    { 41, 27, 596, -2, 27, 277, 43214 }, // U+04D4
    { 32, 21, 528, 1, 21, 168, 43491 }, // U+04D5
    { 27, 37, 380, -1, 37, 250, 43659 }, // U+04D6
    { 19, 31, 321, 1, 31, 148, 43909 }, // U+04D7
    { 25, 27, 421, 1, 27, 169, 44057 }, // U+04D8
    { 19, 21, 337, 1, 21, 100, 44226 }, // U+04D9
    { 25, 36, 421, 1, 36, 225, 44326 }, // U+04DA
    { 19, 30, 337, 1, 30, 143, 44551 }, // U+04DB
    { 45, 35, 621, -3, 35, 394, 44694 }, // U+04DC
    { 40, 30, 615, -1, 30, 300, 45088 }, // U+04DD
    { 24, 36, 373, -1, 36, 216, 45388 }, // U+04DE
    { 19, 30, 307, 0, 30, 143, 45604 }, // U+04DF
    { 24, 27, 364, 0, 27, 162, 45747 }, // U+04E0
    { 23, 30, 335, -2, 21, 173, 45909 }, // U+04E1
    { 36, 33, 495, -2, 33, 297, 46082 }, // U+04E2
    { 23, 27, 404, 2, 27, 156, 46379 }, // U+04E3
    { 36, 35, 495, -2, 35, 315, 46535 }, // U+04E4
    { 23, 30, 404, 2, 30, 173, 46850 }, // U+04E5
    { 27, 36, 475, 2, 36, 243, 47023 }, // U+04E6
    { 21, 30, 371, 1, 30, 158, 47266 }, // U+04E7
    { 27, 27, 475, 2, 27, 183, 47424 }, // U+04E8
    { 21, 21, 371, 1, 21, 111, 47607 }, // U+04E9
    { 27, 36, 475, 2, 36, 243, 47718 }, // U+04EA
    { 21, 30, 371, 1, 30, 158, 47961 }, // U+04EB
    { 25, 36, 395, -1, 36, 225, 48119 }, // U+04EC
    { 19, 30, 315, 0, 30, 143, 48344 }, // U+04ED
    { 27, 33, 420, 3, 33, 223, 48487 }, // U+04EE
    { 28, 36, 352, -7, 27, 252, 48710 }, // U+04EF
    { 27, 36, 420, 3, 36, 243, 48962 }, // U+04F0
    { 28, 38, 352, -7, 29, 266, 49205 }, // U+04F1
    { 27, 36, 420, 3, 36, 243, 49471 }, // U+04F2
    { 30, 39, 352, -7, 30, 293, 49714 }, // U+04F3
    { 29, 35, 470, 3, 35, 254, 50007 }, // U+04F4
    { 22, 30, 368, 1, 30, 165, 50261 }, // U+04F5
    { 27, 35, 355, -1, 27, 237, 50426 }, // U+04F6
    { 21, 30, 305, -1, 21, 158, 50663 }, // U+04F7
    { 41, 35, 586, -2, 35, 359, 50821 }, // U+04F8
    { 31, 30, 516, 1, 30, 233, 51180 }, // U+04F9
    { 27, 34, 355, -1, 27, 230, 51413 }, // U+04FA
    { 20, 28, 305, 0, 21, 140, 51643 }, // U+04FB
    { 32, 34, 445, -2, 27, 272, 51783 }, // U+04FC
    { 24, 28, 362, -1, 21, 168, 52055 }, // U+04FD
    { 32, 27, 439, -2, 27, 216, 52223 }, // U+04FE
    { 24, 21, 362, -1, 21, 126, 52439 }, // U+04FF
    { 29, 35, 452, -2, 27, 254, 0 }, // U+1EA0
    { 23, 29, 399, 1, 21, 167, 254 }, // U+1EA1
    { 29, 39, 452, -2, 39, 283, 421 }, // U+1EA2
    { 23, 33, 399, 1, 33, 190, 704 }, // U+1EA3
    { 32, 38, 452, -2, 38, 304, 894 }, // U+1EA4
    { 25, 32, 399, 1, 32, 200, 1198 }, // U+1EA5
    { 29, 38, 452, -2, 38, 276, 1398 }, // U+1EA6
    { 23, 32, 399, 1, 32, 184, 1674 }, // U+1EA7
    { 31, 39, 452, -2, 39, 303, 1858 }, // U+1EA8
    { 23, 34, 399, 1, 34, 196, 2161 }, // U+1EA9
    { 29, 41, 452, -2, 41, 298, 2357 }, // U+1EAA
    { 23, 35, 399, 1, 35, 202, 2655 }, // U+1EAB
    { 29, 44, 452, -2, 36, 319, 2857 }, // U+1EAC
    { 23, 37, 399, 1, 29, 213, 3176 }, // U+1EAD
    { 29, 39, 452, -2, 39, 283, 3389 }, // U+1EAE
    { 23, 33, 399, 1, 33, 190, 3672 }, // U+1EAF
    { 29, 39, 452, -2, 39, 283, 3862 }, // U+1EB0
    { 23, 33, 399, 1, 33, 190, 4145 }, // U+1EB1
    { 29, 40, 452, -2, 40, 290, 4335 }, // U+1EB2
    { 23, 34, 399, 1, 34, 196, 4625 }, // U+1EB3
    { 29, 41, 452, -2, 41, 298, 4821 }, // U+1EB4
    { 23, 35, 399, 1, 35, 202, 5119 }, // U+1EB5
    { 29, 43, 452, -2, 36, 312, 5321 }, // U+1EB6
    { 23, 36, 399, 1, 29, 207, 5633 }, // U+1EB7
    { 27, 34, 380, -1, 27, 230, 5840 }, // U+1EB8
    { 19, 28, 321, 1, 21, 133, 6070 }, // U+1EB9
    { 27, 39, 380, -1, 39, 264, 6203 }, // U+1EBA
    { 19, 33, 321, 1, 33, 157, 6467 }, // U+1EBB
    { 27, 36, 380, -1, 36, 243, 6624 }, // U+1EBC
    { 21, 29, 321, 1, 29, 153, 6867 }, // U+1EBD
    { 29, 38, 380, -1, 38, 276, 7020 }, // U+1EBE
    { 24, 32, 321, 1, 32, 192, 7296 }, // U+1EBF
    { 27, 38, 380, -1, 38, 257, 7488 }, // U+1EC0
    { 20, 32, 321, 1, 32, 160, 7745 }, // U+1EC1
    { 28, 39, 380, -1, 39, 273, 7905 }, // U+1EC2
    { 23, 34, 321, 1, 34, 196, 8178 }, // U+1EC3
    { 27, 41, 380, -1, 41, 277, 8374 }, // U+1EC4
    { 21, 35, 321, 1, 35, 184, 8651 }, // U+1EC5
    { 27, 43, 380, -1, 36, 291, 8835 }, // U+1EC6
    { 20, 36, 321, 1, 29, 180, 9126 }, // U+1EC7
    { 19, 39, 241, -1, 39, 186, 9306 }, // U+1EC8
    { 12, 33, 212, 2, 33, 99, 9492 }, // U+1EC9
    { 19, 34, 241, -1, 27, 162, 9591 }, // U+1ECA
    { 13, 36, 212, 0, 29, 117, 9753 }, // U+1ECB
    { 27, 34, 475, 2, 27, 230, 9870 }, // U+1ECC
    { 21, 28, 371, 1, 21, 147, 10100 }, // U+1ECD
    { 27, 39, 475, 2, 39, 264, 10247 }, // U+1ECE
    { 21, 33, 371, 1, 33, 174, 10511 }, // U+1ECF
    { 29, 38, 475, 2, 38, 276, 10685 }, // U+1ED0
    { 25, 32, 371, 1, 32, 200, 10961 }, // U+1ED1
    { 27, 38, 475, 2, 38, 257, 11161 }, // U+1ED2
    { 21, 32, 371, 1, 32, 168, 11418 }, // U+1ED3
    { 27, 40, 475, 2, 40, 270, 11586 }, // U+1ED4
    { 24, 34, 371, 1, 34, 204, 11856 }, // U+1ED5
    { 27, 41, 475, 2, 41, 277, 12060 }, // U+1ED6
    { 22, 35, 371, 1, 35, 193, 12337 }, // U+1ED7
    { 27, 43, 475, 2, 36, 291, 12530 }, // U+1ED8
    { 21, 36, 371, 1, 29, 189, 12821 }, // U+1ED9
    { 33, 36, 506, 2, 36, 297, 13010 }, // U+1EDA
    { 27, 29, 402, 1, 29, 196, 13307 }, // U+1EDB
    { 33, 36, 506, 2, 36, 297, 13503 }, // U+1EDC
    { 27, 29, 402, 1, 29, 196, 13800 }, // U+1EDD
    { 33, 39, 506, 2, 39, 322, 13996 }, // U+1EDE
    { 27, 33, 402, 1, 33, 223, 14318 }, // U+1EDF
    { 33, 36, 506, 2, 36, 297, 14541 }, // U+1EE0
    { 27, 29, 402, 1, 29, 196, 14838 }, // U+1EE1
    { 33, 36, 506, 2, 29, 297, 15034 }, // U+1EE2
    { 27, 32, 402, 1, 25, 216, 15331 }, // U+1EE3
    { 29, 34, 448, 3, 27, 247, 15547 }, // U+1EE4
    { 23, 28, 404, 2, 21, 161, 15794 }, // U+1EE5
    { 29, 39, 448, 3, 39, 283, 15955 }, // U+1EE6
    { 23, 33, 404, 2, 33, 190, 16238 }, // U+1EE7
    { 33, 36, 512, 3, 36, 297, 16428 }, // U+1EE8
    { 30, 29, 467, 2, 29, 218, 16725 }, // U+1EE9
    { 33, 36, 512, 3, 36, 297, 16943 }, // U+1EEA
    { 30, 29, 467, 2, 29, 218, 17240 }, // U+1EEB
    { 33, 39, 512, 3, 39, 322, 17458 }, // U+1EEC
    { 30, 33, 467, 2, 33, 248, 17780 }, // U+1EED
    { 33, 36, 512, 3, 36, 297, 18028 }, // U+1EEE
    { 30, 29, 467, 2, 29, 218, 18325 }, // U+1EEF
    { 33, 36, 512, 3, 29, 297, 18543 }, // U+1EF0
    { 30, 32, 467, 2, 25, 240, 18840 }, // U+1EF1
    { 27, 36, 416, 3, 36, 243, 19080 }, // U+1EF2
    { 28, 38, 352, -7, 29, 266, 19323 }, // U+1EF3
    { 27, 34, 416, 3, 27, 230, 19589 }, // U+1EF4
    { 28, 30, 352, -7, 21, 210, 19819 }, // U+1EF5
    { 27, 39, 416, 3, 39, 264, 20029 }, // U+1EF6
    { 28, 41, 352, -7, 32, 287, 20293 }, // U+1EF7
    { 27, 36, 416, 3, 36, 243, 20580 }, // U+1EF8
    { 28, 38, 352, -7, 29, 266, 20823 }, // U+1EF9
    { 0, 0, 300, 0, 0, 0, 0 }, // U+2000
    { 0, 0, 600, 0, 0, 0, 0 }, // U+2001
    { 0, 0, 300, 0, 0, 0, 0 }, // U+2002
    { 0, 0, 600, 0, 0, 0, 0 }, // U+2003
    { 0, 0, 200, 0, 0, 0, 0 }, // U+2004
    { 0, 0, 150, 0, 0, 0, 0 }, // U+2005
    { 0, 0, 100, 0, 0, 0, 0 }, // U+2006
    { 0, 0, 335, 0, 0, 0, 0 }, // U+2007
    { 0, 0, 182, 0, 0, 0, 0 }, // U+2008
    { 0, 0, 100, 0, 0, 0, 0 }, // U+2009
    { 0, 0, 60, 0, 0, 0, 0 }, // U+200A
    { 0, 0, 0, 0, 0, 0, 0 }, // U+200B
    { 2, 30, 0, -1, 25, 15, 0 }, // U+200C
    { 10, 32, 0, -5, 27, 80, 15 }, // U+200D
    { 9, 33, 0, -1, 28, 75, 95 }, // U+200E
    { 9, 33, 0, -8, 28, 75, 170 }, // U+200F
    { 11, 4, 186, 0, 12, 11, 245 }, // U+2010
    { 11, 4, 186, 0, 12, 11, 256 }, // U+2011
    { 20, 3, 335, 1, 15, 15, 267 }, // U+2012
    { 21, 3, 300, -1, 12, 16, 282 }, // U+2013
    { 40, 3, 600, -1, 12, 30, 298 }, // U+2014
    { 40, 3, 600, -1, 12, 30, 328 }, // U+2015
    { 12, 38, 335, 5, 29, 114, 358 }, // U+2016
    { 20, 7, 247, -4, -1, 35, 472 }, // U+2017
    { 9, 12, 168, 4, 28, 27, 507 }, // U+2018
    { 9, 12, 168, 3, 27, 27, 534 }, // U+2019
    { 9, 12, 168, -1, 6, 27, 561 }, // U+201A
    { 8, 12, 168, 4, 27, 24, 588 }, // U+201B
    { 17, 12, 293, 4, 28, 51, 612 }, // U+201C
    { 17, 12, 293, 3, 27, 51, 663 }, // U+201D
    { 17, 12, 293, -1, 6, 51, 714 }, // U+201E
    { 16, 12, 293, 4, 27, 48, 765 }, // U+201F
    { 18, 34, 287, 2, 29, 153, 813 }, // U+2020
    { 21, 34, 287, -1, 29, 179, 966 }, // U+2021
    { 12, 12, 240, 2, 20, 36, 1145 }, // U+2022
    { 13, 13, 300, 5, 20, 43, 1181 }, // U+2023
    { 7, 6, 182, 3, 17, 11, 1224 }, // U+2024
    { 18, 6, 353, 3, 17, 27, 1235 }, // U+2025
    { 30, 6, 549, 1, 6, 45, 1262 }, // U+2026
    { 8, 6, 182, 2, 14, 12, 1307 }, // U+2027
    { 0, 0, 360, 0, 0, 0, 1319 }, // U+2028
    { 0, 0, 360, 0, 0, 0, 1319 }, // U+2029
    { 9, 29, 0, -1, 24, 66, 1319 }, // U+202A
    { 9, 29, 0, -8, 24, 66, 1385 }, // U+202B
    { 10, 32, 0, -5, 26, 80, 1451 }, // U+202C
    { 10, 32, 0, -5, 27, 80, 1531 }, // U+202D
    { 10, 32, 0, -5, 27, 80, 1611 }, // U+202E
    { 0, 0, 100, 0, 0, 0, 1691 }, // U+202F
    { 46, 27, 781, 2, 27, 311, 1691 }, // U+2030
    { 61, 27, 1023, 2, 27, 412, 2002 }, // U+2031
    { 9, 11, 174, 4, 27, 25, 2414 }, // U+2032
    { 18, 11, 311, 4, 27, 50, 2439 }, // U+2033
    { 27, 11, 448, 4, 27, 75, 2489 }, // U+2034
    { 8, 11, 174, 5, 27, 22, 2564 }, // U+2035
    { 16, 11, 311, 5, 27, 44, 2586 }, // U+2036
    { 25, 11, 448, 5, 27, 69, 2630 }, // U+2037
    { 15, 11, 264, -1, 2, 42, 2699 }, // U+2038
    { 11, 16, 212, 2, 19, 44, 2741 }, // U+2039
    { 11, 16, 212, 0, 19, 44, 2785 }, // U+203A
    { 27, 27, 491, 2, 27, 183, 2829 }, // U+203B
    { 22, 27, 377, 2, 27, 149, 3012 }, // U+203C
    { 20, 27, 347, 3, 27, 135, 3161 }, // U+203D
    { 19, 3, 275, 3, 32, 15, 3296 }, // U+203E
    { 29, 7, 0, -26, -1, 51, 3311 }, // U+203F
    { 31, 7, 0, -24, 33, 55, 3362 }, // U+2040
    { 18, 27, 270, -2, 27, 122, 3417 }, // U+2041
    { 36, 31, 600, 0, 30, 279, 3539 }, // U+2042
    { 12, 6, 217, 1, 17, 18, 3818 }, // U+2043
    { 23, 27, 37, -10, 27, 156, 3836 }, // U+2044
    { 19, 35, 248, 0, 29, 167, 3992 }, // U+2045
    { 18, 35, 248, -2, 29, 158, 4159 }, // U+2046
    { 38, 27, 639, 3, 27, 257, 4317 }, // U+2047
    { 29, 27, 506, 3, 27, 196, 4574 }, // U+2048
    { 31, 27, 505, 2, 27, 210, 4770 }, // U+2049
    { 19, 29, 366, 1, 22, 138, 4980 }, // U+204A
    { 21, 34, 376, 4, 29, 179, 5118 }, // U+204B
    { 21, 14, 370, 1, 21, 74, 5297 }, // U+204C
    { 21, 14, 370, 1, 21, 74, 5371 }, // U+204D
    { 18, 16, 301, 1, 21, 72, 5445 }, // U+204E
    { 10, 27, 215, 2, 21, 68, 5517 }, // U+204F
    { 26, 27, 462, 2, 27, 176, 5585 }, // U+2050
    { 21, 33, 301, -1, 30, 174, 5761 }, // U+2051
    { 14, 27, 263, 2, 27, 95, 5935 }, // U+2052
    { 19, 7, 335, 1, 17, 34, 6030 }, // U+2053
    { 30, 8, 0, -11, 0, 60, 6064 }, // U+2054
    { 18, 17, 324, 1, 22, 77, 6124 }, // U+2055
    { 20, 21, 378, 1, 21, 105, 6201 }, // U+2056
    { 35, 11, 584, 4, 27, 97, 6306 }, // U+2057
    { 25, 21, 458, 2, 21, 132, 6403 }, // U+2058
    { 25, 21, 458, 2, 21, 132, 6535 }, // U+2059
    { 7, 27, 182, 2, 27, 48, 6667 }, // U+205A
    { 25, 27, 458, 2, 27, 169, 6715 }, // U+205B
    { 21, 21, 418, 3, 21, 111, 6884 }, // U+205C
    { 7, 27, 182, 3, 27, 48, 6995 }, // U+205D
    { 7, 27, 182, 2, 27, 48, 7043 }, // U+205E
    { 0, 0, 133, 0, 0, 0, 7091 }, // U+205F
    { 0, 0, 360, 0, 0, 0, 7091 }, // U+2060
    { 0, 0, 360, 0, 0, 0, 7091 }, // U+2061
    { 0, 0, 360, 0, 0, 0, 7091 }, // U+2062
    { 0, 0, 360, 0, 0, 0, 7091 }, // U+2063
    { 0, 0, 360, 0, 0, 0, 7091 }, // U+2064
    { 0, 0, 360, 0, 0, 0, 7091 }, // U+2066
    { 0, 0, 360, 0, 0, 0, 7091 }, // U+2067
    { 0, 0, 360, 0, 0, 0, 7091 }, // U+2068
    { 0, 0, 360, 0, 0, 0, 7091 }, // U+2069
    { 10, 32, 0, -5, 27, 80, 7091 }, // U+206A
    { 10, 32, 0, -5, 27, 80, 7171 }, // U+206B
    { 10, 32, 0, -5, 27, 80, 7251 }, // U+206C
    { 10, 32, 0, -5, 27, 80, 7331 }, // U+206D
    { 10, 32, 0, -5, 27, 80, 7411 }, // U+206E
    { 10, 32, 0, -5, 27, 80, 7491 }, // U+206F
    { 14, 17, 240, 3, 31, 60, 0 }, // U+2070
    { 8, 17, 138, 3, 28, 34, 60 }, // U+2071
    { 15, 16, 240, 2, 31, 60, 94 }, // U+2074
    { 14, 16, 240, 3, 30, 56, 154 }, // U+2075
    { 14, 17, 240, 4, 31, 60, 210 }, // U+2076
    { 14, 16, 240, 4, 31, 56, 270 }, // U+2077
    { 15, 17, 240, 2, 31, 64, 326 }, // U+2078
    { 14, 17, 240, 3, 31, 60, 390 }, // U+2079
    { 14, 13, 240, 3, 28, 46, 450 }, // U+207A
    { 14, 3, 240, 3, 23, 11, 496 }, // U+207B
    { 14, 8, 240, 3, 26, 28, 507 }, // U+207C
    { 12, 23, 150, 4, 34, 69, 535 }, // U+207D
    { 12, 23, 150, -1, 34, 69, 604 }, // U+207E
    { 16, 12, 262, 2, 23, 48, 673 }, // U+207F
    { 14, 17, 240, 0, 13, 60, 721 }, // U+2080
    { 12, 17, 240, -1, 13, 51, 781 }, // U+2081
    { 15, 17, 240, -2, 13, 64, 832 }, // U+2082
    { 15, 17, 240, -1, 13, 64, 896 }, // U+2083
    { 15, 17, 240, -2, 13, 64, 960 }, // U+2084
    { 15, 17, 240, -1, 13, 64, 1024 }, // U+2085
    { 14, 17, 240, 0, 13, 60, 1088 }, // U+2086
    { 14, 17, 240, 1, 13, 60, 1148 }, // U+2087
    { 15, 17, 240, -1, 13, 64, 1208 }, // U+2088
    { 14, 17, 240, 0, 13, 60, 1272 }, // U+2089
    { 14, 13, 240, 0, 10, 46, 1332 }, // U+208A
    { 14, 3, 240, 0, 6, 11, 1378 }, // U+208B
    { 14, 9, 240, 0, 9, 32, 1389 }, // U+208C
    { 12, 24, 150, 1, 16, 72, 1421 }, // U+208D
    { 11, 24, 150, -4, 16, 66, 1493 }, // U+208E
    { 15, 13, 259, -1, 9, 49, 1559 }, // U+2090
    { 12, 13, 209, -1, 9, 39, 1608 }, // U+2091
    { 14, 13, 241, -1, 9, 46, 1647 }, // U+2092
    { 16, 13, 236, -3, 9, 52, 1693 }, // U+2093
    { 13, 13, 219, -2, 9, 43, 1745 }, // U+2094
    { 16, 18, 256, -2, 14, 72, 1788 }, // U+2095
    { 16, 18, 233, -2, 14, 72, 1860 }, // U+2096
    { 8, 18, 138, -1, 14, 36, 1932 }, // U+2097
    { 24, 13, 378, -2, 9, 78, 1968 }, // U+2098
    { 17, 13, 262, -2, 9, 56, 2046 }, // U+2099
    { 16, 18, 243, -3, 9, 72, 2102 }, // U+209A
    { 12, 13, 200, -2, 9, 39, 2174 }, // U+209B
    { 10, 16, 163, -1, 12, 40, 2213 }, // U+209C
    { 27, 27, 462, 1, 27, 183, 0 }, // U+20A0
    { 25, 32, 401, 1, 29, 200, 183 }, // U+20A1
    { 25, 27, 401, 2, 27, 169, 383 }, // U+20A2
    { 25, 27, 335, -1, 27, 169, 552 }, // U+20A3
    { 23, 27, 335, -1, 27, 156, 721 }, // U+20A4
    { 35, 31, 581, 1, 26, 272, 877 }, // U+20A5
    { 34, 27, 473, -1, 27, 230, 1149 }, // U+20A6
    { 36, 27, 551, -2, 27, 243, 1379 }, // U+20A7
    { 44, 27, 697, -1, 27, 297, 1622 }, // U+20A8
    { 43, 27, 640, 1, 27, 291, 1919 }, // U+20A9
    { 29, 23, 535, 3, 23, 167, 2210 }, // U+20AA
    { 26, 34, 398, 1, 29, 221, 2377 }, // U+20AB
    { 23, 27, 335, 0, 27, 156, 2598 }, // U+20AC
    { 32, 27, 445, -1, 27, 216, 2754 }, // U+20AD
    { 26, 27, 392, 2, 27, 176, 2970 }, // U+20AE
    { 41, 40, 664, -1, 32, 410, 3146 }, // U+20AF
    { 23, 36, 382, -2, 27, 207, 3556 }, // U+20B0
    { 29, 27, 406, -1, 27, 196, 3763 }, // U+20B1
    { 27, 31, 478, 2, 29, 210, 3959 }, // U+20B2
    { 31, 27, 452, -2, 27, 210, 4169 }, // U+20B3
    { 26, 27, 369, -1, 27, 176, 4379 }, // U+20B4
    { 25, 31, 401, 2, 29, 194, 4555 }, // U+20B5
    { 25, 27, 358, 0, 27, 169, 4749 }, // U+20B6
    { 23, 32, 335, 0, 27, 184, 4918 }, // U+20B7
    { 23, 27, 335, 1, 27, 156, 5102 }, // U+20B8
    { 21, 27, 335, 2, 27, 142, 5258 }, // U+20B9
    { 21, 27, 335, -1, 27, 142, 5400 }, // U+20BA
    { 22, 27, 392, 3, 27, 149, 5542 }, // U+20BB
    { 26, 26, 472, 1, 26, 169, 5691 }, // U+20BC
    { 26, 27, 354, -1, 27, 176, 5860 }, // U+20BD
    { 23, 31, 335, 0, 31, 179, 6036 }, // U+20BE
    { 24, 35, 335, -2, 31, 210, 6215 }, // U+20BF
    { 11, 4, 186, 0, 12, 11, 0 }, // U+2212
    { 40, 38, 437, -6, 29, 380, 0 }, // U+FB00
    { 32, 38, 412, -6, 29, 304, 380 }, // U+FB01
    { 32, 38, 426, -6, 29, 304, 684 }, // U+FB02
    { 44, 38, 607, -6, 29, 418, 988 }, // U+FB03
    { 45, 38, 622, -6, 29, 428, 1406 }, // U+FB04
    { 35, 38, 454, -6, 29, 333, 1834 }, // U+FB05
    { 36, 29, 559, 0, 29, 261, 2167 }, // U+FB06
    { 35, 36, 600, 1, 29, 315, 0 }, // U+FFFD
};

static const EpdUnicodeInterval notoserif_18_bolditalicIntervals[] = {
    { 0x0, 0x0, 0x0 },
    { 0xD, 0xD, 0x1 },
    { 0x20, 0x7E, 0x2 },
    { 0xA0, 0xFF, 0x61 },
    { 0x100, 0x17F, 0xC1 },
    { 0x1A0, 0x1A1, 0x141 },
    { 0x1AF, 0x1B0, 0x143 },
    { 0x1C4, 0x21F, 0x145 },
    { 0x300, 0x36F, 0x1A1 },
    { 0x400, 0x4FF, 0x211 },
    { 0x1EA0, 0x1EF9, 0x311 },
    { 0x2000, 0x2064, 0x36B },
    { 0x2066, 0x206F, 0x3D0 },
    { 0x2070, 0x2071, 0x3DA },
    { 0x2074, 0x208E, 0x3DC },
    { 0x2090, 0x209C, 0x3F7 },
    { 0x20A0, 0x20BF, 0x404 },
    { 0x2212, 0x2212, 0x424 },
    { 0xFB00, 0xFB06, 0x425 },
    { 0xFFFD, 0xFFFD, 0x42C },
};

static const EpdFontGroup notoserif_18_bolditalicGroups[] = {
    { 0, 5979, 14294, 97, 0 },
    { 5979, 4989, 16601, 96, 97 },
    { 10968, 6555, 27423, 128, 193 },
    { 17523, 6408, 23930, 96, 321 },
    { 23931, 1876, 3210, 112, 417 },
    { 25807, 18231, 54858, 256, 529 },
    { 44038, 3825, 22414, 90, 785 },
    { 47863, 3144, 8347, 111, 875 },
    { 51007, 1321, 2416, 42, 986 },
    { 52328, 3268, 6808, 32, 1028 },
    { 55596, 15, 12, 1, 1060 },
    { 55611, 857, 2465, 7, 1061 },
    { 56468, 164, 324, 1, 1068 },
};

static const EpdKernClassEntry notoserif_18_bolditalicKernLeftClasses[] = {
    { 0x0022, 1 }, // "
    { 0x0026, 2 }, // &
    { 0x0027, 1 }, // '
    { 0x0028, 3 }, // (
    { 0x002A, 4 }, // *
    { 0x002C, 5 }, // ,
    { 0x002D, 6 }, // -
    { 0x002E, 5 }, // .
    { 0x0041, 7 }, // A
    { 0x0042, 8 }, // B
    { 0x0043, 9 }, // C
    { 0x0044, 10 }, // D
    { 0x0045, 11 }, // E
    { 0x0046, 12 }, // F
    { 0x0047, 13 }, // G
    { 0x004A, 14 }, // J
    { 0x004B, 15 }, // K
    { 0x004C, 16 }, // L
    { 0x004E, 17 }, // N
    { 0x004F, 10 }, // O
    { 0x0050, 18 }, // P
    { 0x0051, 10 }, // Q
    { 0x0052, 19 }, // R
    { 0x0053, 20 }, // S
    { 0x0054, 21 }, // T
    { 0x0055, 22 }, // U
    { 0x0056, 23 }, // V
    { 0x0057, 24 }, // W
    { 0x0058, 25 }, // X
    { 0x0059, 26 }, // Y
    { 0x005B, 3 }, // [
    { 0x005F, 27 }, // _
    { 0x0061, 28 }, // a
    { 0x0062, 29 }, // b
    { 0x0063, 30 }, // c
    { 0x0065, 30 }, // e
    { 0x0066, 31 }, // f
    { 0x0068, 28 }, // h
    { 0x006B, 32 }, // k
    { 0x006D, 28 }, // m
    { 0x006E, 28 }, // n
    { 0x006F, 29 }, // o
    { 0x0070, 29 }, // p
    { 0x0071, 33 }, // q
    { 0x0072, 34 }, // r
    { 0x0073, 35 }, // s
    { 0x0076, 36 }, // v
    { 0x0077, 37 }, // w
    { 0x0079, 38 }, // y
    { 0x007A, 39 }, // z
    { 0x007B, 3 }, // {
    { 0x00A1, 40 }, // U+00A1
    { 0x00AB, 41 }, // U+00AB
    { 0x00BF, 42 }, // U+00BF
    { 0x00C0, 43 }, // U+00C0
    { 0x00C1, 43 }, // U+00C1
    { 0x00C2, 43 }, // U+00C2
    { 0x00C3, 43 }, // U+00C3
    { 0x00C4, 43 }, // U+00C4
    { 0x00C5, 43 }, // U+00C5
    { 0x00C6, 11 }, // U+00C6
    { 0x00C7, 9 }, // U+00C7
    { 0x00C8, 11 }, // U+00C8
    { 0x00C9, 11 }, // U+00C9
    { 0x00CA, 11 }, // U+00CA
    { 0x00CB, 11 }, // U+00CB
    { 0x00D0, 10 }, // U+00D0
    { 0x00D1, 17 }, // U+00D1
    { 0x00D2, 10 }, // U+00D2
    { 0x00D3, 10 }, // U+00D3
    { 0x00D4, 10 }, // U+00D4
    { 0x00D5, 10 }, // U+00D5
    { 0x00D6, 10 }, // U+00D6
    { 0x00D8, 10 }, // U+00D8
    { 0x00D9, 22 }, // U+00D9
    { 0x00DA, 22 }, // U+00DA
    { 0x00DB, 22 }, // U+00DB
    { 0x00DC, 22 }, // U+00DC
    { 0x00DD, 26 }, // U+00DD
    { 0x00DE, 10 }, // U+00DE
    { 0x00DF, 35 }, // U+00DF
    { 0x00E0, 28 }, // U+00E0
    { 0x00E1, 28 }, // U+00E1
    { 0x00E2, 28 }, // U+00E2
    { 0x00E3, 28 }, // U+00E3
    { 0x00E4, 28 }, // U+00E4
    { 0x00E5, 28 }, // U+00E5
    { 0x00E6, 30 }, // U+00E6
    { 0x00E7, 30 }, // U+00E7
    { 0x00E8, 30 }, // U+00E8
    { 0x00E9, 30 }, // U+00E9
    { 0x00EA, 30 }, // U+00EA
    { 0x00EB, 30 }, // U+00EB
    { 0x00F0, 29 }, // U+00F0
    { 0x00F1, 28 }, // U+00F1
    { 0x00F2, 29 }, // U+00F2
    { 0x00F3, 29 }, // U+00F3
    { 0x00F4, 29 }, // U+00F4
    { 0x00F5, 29 }, // U+00F5
    { 0x00F6, 29 }, // U+00F6
    { 0x00F8, 29 }, // U+00F8
    { 0x00F9, 28 }, // U+00F9
    { 0x00FA, 28 }, // U+00FA
    { 0x00FB, 28 }, // U+00FB
    { 0x00FC, 28 }, // U+00FC
    { 0x00FD, 38 }, // U+00FD
    { 0x00FE, 29 }, // U+00FE
    { 0x00FF, 38 }, // U+00FF
    { 0x0100, 7 }, // U+0100
    { 0x0101, 28 }, // U+0101
    { 0x0102, 43 }, // U+0102
    { 0x0103, 28 }, // U+0103
    { 0x0104, 43 }, // U+0104
    { 0x0105, 28 }, // U+0105
    { 0x0106, 9 }, // U+0106
    { 0x0107, 30 }, // U+0107
    { 0x0108, 9 }, // U+0108
    { 0x0109, 30 }, // U+0109
    { 0x010A, 9 }, // U+010A
    { 0x010B, 30 }, // U+010B
    { 0x010C, 9 }, // U+010C
    { 0x010D, 30 }, // U+010D
    { 0x010E, 10 }, // U+010E
    { 0x010F, 44 }, // U+010F
    { 0x0110, 10 }, // U+0110
    { 0x0112, 11 }, // U+0112
    { 0x0113, 30 }, // U+0113
    { 0x0114, 11 }, // U+0114
    { 0x0115, 30 }, // U+0115
    { 0x0116, 11 }, // U+0116
    { 0x0117, 30 }, // U+0117
    { 0x0118, 11 }, // U+0118
    { 0x0119, 30 }, // U+0119
    { 0x011A, 11 }, // U+011A
    { 0x011B, 30 }, // U+011B
    { 0x011C, 13 }, // U+011C
    { 0x011E, 13 }, // U+011E
    { 0x0120, 13 }, // U+0120
    { 0x0122, 13 }, // U+0122
    { 0x0125, 28 }, // U+0125
    { 0x0127, 28 }, // U+0127
    { 0x0132, 14 }, // U+0132
    { 0x0134, 14 }, // U+0134
    { 0x0136, 15 }, // U+0136
    { 0x0137, 32 }, // U+0137
    { 0x0138, 32 }, // U+0138
    { 0x0139, 16 }, // U+0139
    { 0x013B, 16 }, // U+013B
    { 0x013D, 45 }, // U+013D
    { 0x013E, 44 }, // U+013E
    { 0x0141, 16 }, // U+0141
    { 0x0143, 17 }, // U+0143
    { 0x0144, 28 }, // U+0144
    { 0x0145, 17 }, // U+0145
    { 0x0146, 28 }, // U+0146
    { 0x0147, 17 }, // U+0147
    { 0x0148, 28 }, // U+0148
    { 0x0149, 28 }, // U+0149
    { 0x014A, 14 }, // U+014A
    { 0x014B, 28 }, // U+014B
    { 0x014C, 10 }, // U+014C
    { 0x014D, 29 }, // U+014D
    { 0x014E, 10 }, // U+014E
    { 0x014F, 29 }, // U+014F
    { 0x0150, 10 }, // U+0150
    { 0x0151, 29 }, // U+0151
    { 0x0152, 11 }, // U+0152
    { 0x0153, 30 }, // U+0153
    { 0x0154, 19 }, // U+0154
    { 0x0155, 34 }, // U+0155
    { 0x0156, 19 }, // U+0156
    { 0x0157, 34 }, // U+0157
    { 0x0158, 19 }, // U+0158
    { 0x0159, 34 }, // U+0159
    { 0x015A, 20 }, // U+015A
    { 0x015B, 35 }, // U+015B
    { 0x015C, 20 }, // U+015C
    { 0x015D, 35 }, // U+015D
    { 0x015E, 20 }, // U+015E
    { 0x015F, 35 }, // U+015F
    { 0x0160, 20 }, // U+0160
    { 0x0161, 35 }, // U+0161
    { 0x0162, 21 }, // U+0162
    { 0x0164, 21 }, // U+0164
    { 0x0166, 21 }, // U+0166
    { 0x0168, 22 }, // U+0168
    { 0x0169, 28 }, // U+0169
    { 0x016A, 22 }, // U+016A
    { 0x016B, 28 }, // U+016B
    { 0x016C, 22 }, // U+016C
    { 0x016D, 28 }, // U+016D
    { 0x016E, 22 }, // U+016E
    { 0x016F, 28 }, // U+016F
    { 0x0170, 22 }, // U+0170
    { 0x0171, 28 }, // U+0171
    { 0x0172, 22 }, // U+0172
    { 0x0173, 28 }, // U+0173
    { 0x0174, 24 }, // U+0174
    { 0x0175, 37 }, // U+0175
    { 0x0176, 26 }, // U+0176
    { 0x0177, 38 }, // U+0177
    { 0x0178, 26 }, // U+0178
    { 0x017A, 39 }, // U+017A
    { 0x017C, 39 }, // U+017C
    { 0x017E, 39 }, // U+017E
    { 0x01A0, 46 }, // U+01A0
    { 0x01A1, 47 }, // U+01A1
    { 0x01AF, 48 }, // U+01AF
    { 0x01B0, 49 }, // U+01B0
    { 0x01FA, 7 }, // U+01FA
    { 0x01FB, 28 }, // U+01FB
    { 0x01FC, 11 }, // U+01FC
    { 0x01FD, 30 }, // U+01FD
    { 0x01FE, 10 }, // U+01FE
    { 0x01FF, 29 }, // U+01FF
    { 0x0218, 20 }, // U+0218
    { 0x0219, 35 }, // U+0219
    { 0x021A, 21 }, // U+021A
    { 0x0400, 50 }, // U+0400
    { 0x0401, 50 }, // U+0401
    { 0x0402, 51 }, // U+0402
    { 0x0403, 52 }, // U+0403
    { 0x0404, 53 }, // U+0404
    { 0x0405, 54 }, // U+0405
    { 0x0406, 55 }, // U+0406
    { 0x0407, 55 }, // U+0407
    { 0x0408, 56 }, // U+0408
    { 0x0409, 57 }, // U+0409
    { 0x040A, 57 }, // U+040A
    { 0x040B, 58 }, // U+040B
    { 0x040C, 59 }, // U+040C
    { 0x040D, 55 }, // U+040D
    { 0x040E, 60 }, // U+040E
    { 0x040F, 55 }, // U+040F
    { 0x0410, 61 }, // U+0410
    { 0x0411, 62 }, // U+0411
    { 0x0412, 63 }, // U+0412
    { 0x0413, 52 }, // U+0413
    { 0x0414, 64 }, // U+0414
    { 0x0415, 50 }, // U+0415
    { 0x0416, 59 }, // U+0416
    { 0x0417, 63 }, // U+0417
    { 0x0418, 55 }, // U+0418
    { 0x0419, 55 }, // U+0419
    { 0x041A, 59 }, // U+041A
    { 0x041B, 55 }, // U+041B
    { 0x041C, 55 }, // U+041C
    { 0x041D, 55 }, // U+041D
    { 0x041E, 65 }, // U+041E
    { 0x041F, 55 }, // U+041F
    { 0x0420, 66 }, // U+0420
    { 0x0421, 53 }, // U+0421
    { 0x0422, 52 }, // U+0422
    { 0x0423, 60 }, // U+0423
    { 0x0424, 67 }, // U+0424
    { 0x0425, 68 }, // U+0425
    { 0x0426, 64 }, // U+0426
    { 0x0427, 55 }, // U+0427
    { 0x0428, 55 }, // U+0428
    { 0x0429, 64 }, // U+0429
    { 0x042A, 57 }, // U+042A
    { 0x042B, 55 }, // U+042B
    { 0x042C, 57 }, // U+042C
    { 0x042D, 65 }, // U+042D
    { 0x042E, 65 }, // U+042E
    { 0x042F, 55 }, // U+042F
    { 0x0430, 69 }, // U+0430
    { 0x0431, 70 }, // U+0431
    { 0x0432, 71 }, // U+0432
    { 0x0433, 72 }, // U+0433
    { 0x0434, 73 }, // U+0434
    { 0x0435, 74 }, // U+0435
    { 0x0436, 75 }, // U+0436
    { 0x0437, 71 }, // U+0437
    { 0x0438, 69 }, // U+0438
    { 0x0439, 69 }, // U+0439
    { 0x043A, 76 }, // U+043A
    { 0x043B, 69 }, // U+043B
    { 0x043C, 69 }, // U+043C
    { 0x043D, 69 }, // U+043D
    { 0x043E, 77 }, // U+043E
    { 0x043F, 78 }, // U+043F
    { 0x0440, 77 }, // U+0440
    { 0x0441, 79 }, // U+0441
    { 0x0442, 78 }, // U+0442
    { 0x0443, 80 }, // U+0443
    { 0x0444, 77 }, // U+0444
    { 0x0445, 76 }, // U+0445
    { 0x0446, 81 }, // U+0446
    { 0x0447, 69 }, // U+0447
    { 0x0448, 69 }, // U+0448
    { 0x0449, 81 }, // U+0449
    { 0x044A, 82 }, // U+044A
    { 0x044B, 69 }, // U+044B
    { 0x044C, 82 }, // U+044C
    { 0x044D, 77 }, // U+044D
    { 0x044E, 77 }, // U+044E
    { 0x044F, 69 }, // U+044F
    { 0x0450, 74 }, // U+0450
    { 0x0451, 74 }, // U+0451
    { 0x0452, 83 }, // U+0452
    { 0x0453, 72 }, // U+0453
    { 0x0454, 79 }, // U+0454
    { 0x0455, 84 }, // U+0455
    { 0x0456, 69 }, // U+0456
    { 0x0457, 85 }, // U+0457
    { 0x0458, 86 }, // U+0458
    { 0x0459, 82 }, // U+0459
    { 0x045A, 82 }, // U+045A
    { 0x045B, 78 }, // U+045B
    { 0x045C, 76 }, // U+045C
    { 0x045D, 69 }, // U+045D
    { 0x045E, 80 }, // U+045E
    { 0x045F, 69 }, // U+045F
    { 0x0460, 65 }, // U+0460
    { 0x0461, 87 }, // U+0461
    { 0x0462, 57 }, // U+0462
    { 0x0464, 53 }, // U+0464
    { 0x0465, 72 }, // U+0465
    { 0x0466, 61 }, // U+0466
    { 0x0468, 61 }, // U+0468
    { 0x046A, 88 }, // U+046A
    { 0x046C, 88 }, // U+046C
    { 0x046E, 63 }, // U+046E
    { 0x046F, 72 }, // U+046F
    { 0x0470, 89 }, // U+0470
    { 0x0471, 90 }, // U+0471
    { 0x0472, 65 }, // U+0472
    { 0x0473, 71 }, // U+0473
    { 0x0474, 60 }, // U+0474
    { 0x0475, 90 }, // U+0475
    { 0x0476, 60 }, // U+0476
    { 0x0477, 90 }, // U+0477
    { 0x0478, 91 }, // U+0478
    { 0x0479, 80 }, // U+0479
    { 0x047A, 65 }, // U+047A
    { 0x047B, 71 }, // U+047B
    { 0x047C, 65 }, // U+047C
    { 0x047D, 71 }, // U+047D
    { 0x047E, 65 }, // U+047E
    { 0x047F, 87 }, // U+047F
    { 0x0480, 53 }, // U+0480
    { 0x0481, 72 }, // U+0481
    { 0x048A, 64 }, // U+048A
    { 0x048B, 81 }, // U+048B
    { 0x048C, 57 }, // U+048C
    { 0x048E, 66 }, // U+048E
    { 0x048F, 71 }, // U+048F
    { 0x0490, 92 }, // U+0490
    { 0x0491, 93 }, // U+0491
    { 0x0492, 92 }, // U+0492
    { 0x0493, 93 }, // U+0493
    { 0x0494, 58 }, // U+0494
    { 0x0496, 59 }, // U+0496
    { 0x0497, 79 }, // U+0497
    { 0x0498, 63 }, // U+0498
    { 0x0499, 72 }, // U+0499
    { 0x049A, 59 }, // U+049A
    { 0x049B, 79 }, // U+049B
    { 0x049C, 59 }, // U+049C
    { 0x049D, 79 }, // U+049D
    { 0x049E, 59 }, // U+049E
    { 0x049F, 79 }, // U+049F
    { 0x04A0, 59 }, // U+04A0
    { 0x04A1, 79 }, // U+04A1
    { 0x04A2, 64 }, // U+04A2
    { 0x04A3, 81 }, // U+04A3
    { 0x04A4, 92 }, // U+04A4
    { 0x04A6, 58 }, // U+04A6
    { 0x04AA, 53 }, // U+04AA
    { 0x04AB, 72 }, // U+04AB
    { 0x04AC, 92 }, // U+04AC
    { 0x04AD, 81 }, // U+04AD
    { 0x04AE, 89 }, // U+04AE
    { 0x04AF, 90 }, // U+04AF
    { 0x04B0, 89 }, // U+04B0
    { 0x04B1, 90 }, // U+04B1
    { 0x04B2, 68 }, // U+04B2
    { 0x04B3, 76 }, // U+04B3
    { 0x04B4, 64 }, // U+04B4
    { 0x04B5, 81 }, // U+04B5
    { 0x04B6, 64 }, // U+04B6
    { 0x04B7, 81 }, // U+04B7
    { 0x04B8, 55 }, // U+04B8
    { 0x04B9, 69 }, // U+04B9
    { 0x04BA, 58 }, // U+04BA
    { 0x04BB, 82 }, // U+04BB
    { 0x04BC, 94 }, // U+04BC
    { 0x04BD, 74 }, // U+04BD
    { 0x04BE, 94 }, // U+04BE
    { 0x04BF, 74 }, // U+04BF
    { 0x04C1, 59 }, // U+04C1
    { 0x04C2, 79 }, // U+04C2
    { 0x04C3, 58 }, // U+04C3
    { 0x04C5, 64 }, // U+04C5
    { 0x04C6, 81 }, // U+04C6
    { 0x04C7, 56 }, // U+04C7
    { 0x04C9, 64 }, // U+04C9
    { 0x04CA, 81 }, // U+04CA
    { 0x04CC, 81 }, // U+04CC
    { 0x04CD, 64 }, // U+04CD
    { 0x04CE, 81 }, // U+04CE
    { 0x04D0, 61 }, // U+04D0
    { 0x04D1, 81 }, // U+04D1
    { 0x04D2, 61 }, // U+04D2
    { 0x04D3, 81 }, // U+04D3
    { 0x04D4, 50 }, // U+04D4
    { 0x04D5, 74 }, // U+04D5
    { 0x04D6, 50 }, // U+04D6
    { 0x04D7, 74 }, // U+04D7
    { 0x04D8, 65 }, // U+04D8
    { 0x04D9, 71 }, // U+04D9
    { 0x04DA, 65 }, // U+04DA
    { 0x04DB, 71 }, // U+04DB
    { 0x04DC, 59 }, // U+04DC
    { 0x04DD, 79 }, // U+04DD
    { 0x04DE, 63 }, // U+04DE
    { 0x04DF, 71 }, // U+04DF
    { 0x04E0, 63 }, // U+04E0
    { 0x04E1, 95 }, // U+04E1
    { 0x04E2, 55 }, // U+04E2
    { 0x04E3, 81 }, // U+04E3
    { 0x04E4, 55 }, // U+04E4
    { 0x04E5, 81 }, // U+04E5
    { 0x04E6, 65 }, // U+04E6
    { 0x04E7, 71 }, // U+04E7
    { 0x04E8, 65 }, // U+04E8
    { 0x04E9, 71 }, // U+04E9
    { 0x04EA, 65 }, // U+04EA
    { 0x04EB, 71 }, // U+04EB
    { 0x04EC, 65 }, // U+04EC
    { 0x04ED, 77 }, // U+04ED
    { 0x04EE, 60 }, // U+04EE
    { 0x04EF, 80 }, // U+04EF
    { 0x04F0, 60 }, // U+04F0
    { 0x04F1, 80 }, // U+04F1
    { 0x04F2, 60 }, // U+04F2
    { 0x04F3, 80 }, // U+04F3
    { 0x04F4, 55 }, // U+04F4
    { 0x04F5, 69 }, // U+04F5
    { 0x04F6, 92 }, // U+04F6
    { 0x04F7, 93 }, // U+04F7
    { 0x04F8, 55 }, // U+04F8
    { 0x04F9, 69 }, // U+04F9
    { 0x04FA, 92 }, // U+04FA
    { 0x04FB, 93 }, // U+04FB
    { 0x04FC, 68 }, // U+04FC
    { 0x04FD, 76 }, // U+04FD
    { 0x04FE, 68 }, // U+04FE
    { 0x04FF, 96 }, // U+04FF
    { 0x1EA0, 43 }, // U+1EA0
    { 0x1EA1, 28 }, // U+1EA1
    { 0x1EA2, 43 }, // U+1EA2
    { 0x1EA3, 28 }, // U+1EA3
    { 0x1EA4, 43 }, // U+1EA4
    { 0x1EA5, 28 }, // U+1EA5
    { 0x1EA6, 43 }, // U+1EA6
    { 0x1EA7, 28 }, // U+1EA7
    { 0x1EA8, 43 }, // U+1EA8
    { 0x1EA9, 28 }, // U+1EA9
    { 0x1EAA, 43 }, // U+1EAA
    { 0x1EAB, 28 }, // U+1EAB
    { 0x1EAC, 43 }, // U+1EAC
    { 0x1EAD, 28 }, // U+1EAD
    { 0x1EAE, 43 }, // U+1EAE
    { 0x1EAF, 28 }, // U+1EAF
    { 0x1EB0, 43 }, // U+1EB0
    { 0x1EB1, 28 }, // U+1EB1
    { 0x1EB2, 43 }, // U+1EB2
    { 0x1EB3, 28 }, // U+1EB3
    { 0x1EB4, 43 }, // U+1EB4
    { 0x1EB5, 28 }, // U+1EB5
    { 0x1EB6, 43 }, // U+1EB6
    { 0x1EB7, 28 }, // U+1EB7
    { 0x1EB8, 11 }, // U+1EB8
    { 0x1EB9, 30 }, // U+1EB9
    { 0x1EBA, 11 }, // U+1EBA
    { 0x1EBB, 30 }, // U+1EBB
    { 0x1EBC, 11 }, // U+1EBC
    { 0x1EBD, 30 }, // U+1EBD
    { 0x1EBE, 11 }, // U+1EBE
    { 0x1EBF, 30 }, // U+1EBF
    { 0x1EC0, 11 }, // U+1EC0
    { 0x1EC1, 30 }, // U+1EC1
    { 0x1EC2, 11 }, // U+1EC2
    { 0x1EC3, 30 }, // U+1EC3
    { 0x1EC4, 11 }, // U+1EC4
    { 0x1EC5, 30 }, // U+1EC5
    { 0x1EC6, 11 }, // U+1EC6
    { 0x1EC7, 30 }, // U+1EC7
    { 0x1ECC, 10 }, // U+1ECC
    { 0x1ECD, 29 }, // U+1ECD
    { 0x1ECE, 10 }, // U+1ECE
    { 0x1ECF, 29 }, // U+1ECF
    { 0x1ED0, 10 }, // U+1ED0
    { 0x1ED1, 29 }, // U+1ED1
    { 0x1ED2, 10 }, // U+1ED2
    { 0x1ED3, 29 }, // U+1ED3
    { 0x1ED4, 10 }, // U+1ED4
    { 0x1ED5, 29 }, // U+1ED5
    { 0x1ED6, 10 }, // U+1ED6
    { 0x1ED7, 29 }, // U+1ED7
    { 0x1ED8, 10 }, // U+1ED8
    { 0x1ED9, 97 }, // U+1ED9
    { 0x1EDA, 46 }, // U+1EDA
    { 0x1EDB, 47 }, // U+1EDB
    { 0x1EDC, 46 }, // U+1EDC
    { 0x1EDD, 47 }, // U+1EDD
    { 0x1EDE, 46 }, // U+1EDE
    { 0x1EDF, 47 }, // U+1EDF
    { 0x1EE0, 46 }, // U+1EE0
    { 0x1EE1, 47 }, // U+1EE1
    { 0x1EE2, 46 }, // U+1EE2
    { 0x1EE3, 47 }, // U+1EE3
    { 0x1EE4, 22 }, // U+1EE4
    { 0x1EE5, 28 }, // U+1EE5
    { 0x1EE6, 22 }, // U+1EE6
    { 0x1EE7, 28 }, // U+1EE7
    { 0x1EE8, 48 }, // U+1EE8
    { 0x1EE9, 49 }, // U+1EE9
    { 0x1EEA, 48 }, // U+1EEA
    { 0x1EEB, 49 }, // U+1EEB
    { 0x1EEC, 48 }, // U+1EEC
    { 0x1EED, 49 }, // U+1EED
    { 0x1EEE, 48 }, // U+1EEE
    { 0x1EEF, 49 }, // U+1EEF
    { 0x1EF0, 48 }, // U+1EF0
    { 0x1EF1, 49 }, // U+1EF1
    { 0x1EF2, 26 }, // U+1EF2
    { 0x1EF3, 38 }, // U+1EF3
    { 0x1EF4, 26 }, // U+1EF4
    { 0x1EF5, 38 }, // U+1EF5
    { 0x1EF6, 26 }, // U+1EF6
    { 0x1EF7, 38 }, // U+1EF7
    { 0x1EF8, 26 }, // U+1EF8
    { 0x1EF9, 38 }, // U+1EF9
    { 0x2013, 6 }, // U+2013
    { 0x2014, 6 }, // U+2014
    { 0x2015, 6 }, // U+2015
    { 0x2018, 98 }, // U+2018
    { 0x2019, 99 }, // U+2019
    { 0x201A, 5 }, // U+201A
    { 0x201C, 98 }, // U+201C
    { 0x201D, 99 }, // U+201D
    { 0x201E, 5 }, // U+201E
    { 0x2039, 41 }, // U+2039
    { 0x207D, 100 }, // U+207D
    { 0x208D, 101 }, // U+208D
    { 0x2090, 102 }, // U+2090
    { 0x2092, 103 }, // U+2092
    { 0xFB00, 31 }, // U+FB00
};

static const EpdKernClassEntry notoserif_18_bolditalicKernRightClasses[] = {
    { 0x0022, 1 }, // "
    { 0x0026, 2 }, // &
    { 0x0027, 1 }, // '
    { 0x0029, 3 }, // )
    { 0x002A, 4 }, // *
    { 0x002C, 5 }, // ,
    { 0x002D, 6 }, // -
    { 0x002E, 7 }, // .
    { 0x003A, 8 }, // :
    { 0x003B, 8 }, // ;
    { 0x003F, 9 }, // ?
    { 0x0041, 10 }, // A
    { 0x0042, 11 }, // B
    { 0x0043, 12 }, // C
    { 0x0044, 11 }, // D
    { 0x0045, 11 }, // E
    { 0x0046, 11 }, // F
    { 0x0047, 12 }, // G
    { 0x0048, 11 }, // H
    { 0x0049, 11 }, // I
    { 0x004A, 11 }, // J
    { 0x004B, 11 }, // K
    { 0x004C, 11 }, // L
    { 0x004D, 11 }, // M
    { 0x004E, 11 }, // N
    { 0x004F, 12 }, // O
    { 0x0050, 11 }, // P
    { 0x0051, 12 }, // Q
    { 0x0052, 11 }, // R
    { 0x0053, 13 }, // S
    { 0x0054, 14 }, // T
    { 0x0055, 15 }, // U
    { 0x0056, 16 }, // V
    { 0x0057, 17 }, // W
    { 0x0058, 18 }, // X
    { 0x0059, 19 }, // Y
    { 0x005A, 20 }, // Z
    { 0x005C, 21 }, // <backslash>
    { 0x005D, 3 }, // ]
    { 0x005F, 22 }, // _
    { 0x0061, 23 }, // a
    { 0x0062, 24 }, // b
    { 0x0063, 25 }, // c
    { 0x0064, 25 }, // d
    { 0x0065, 25 }, // e
    { 0x0067, 26 }, // g
    { 0x0068, 24 }, // h
    { 0x0069, 27 }, // i
    { 0x006B, 24 }, // k
    { 0x006C, 28 }, // l
    { 0x006D, 29 }, // m
    { 0x006E, 29 }, // n
    { 0x006F, 25 }, // o
    { 0x0070, 29 }, // p
    { 0x0071, 25 }, // q
    { 0x0072, 29 }, // r
    { 0x0073, 30 }, // s
    { 0x0074, 31 }, // t
    { 0x0075, 32 }, // u
    { 0x0076, 33 }, // v
    { 0x0077, 34 }, // w
    { 0x0078, 35 }, // x
    { 0x0079, 36 }, // y
    { 0x007A, 37 }, // z
    { 0x007D, 3 }, // }
    { 0x00A9, 38 }, // U+00A9
    { 0x00AE, 38 }, // U+00AE
    { 0x00BB, 39 }, // U+00BB
    { 0x00C0, 10 }, // U+00C0
    { 0x00C1, 10 }, // U+00C1
    { 0x00C2, 10 }, // U+00C2
    { 0x00C3, 10 }, // U+00C3
    { 0x00C4, 10 }, // U+00C4
    { 0x00C5, 10 }, // U+00C5
    { 0x00C6, 40 }, // U+00C6
    { 0x00C7, 12 }, // U+00C7
    { 0x00C8, 11 }, // U+00C8
    { 0x00C9, 11 }, // U+00C9
    { 0x00CA, 11 }, // U+00CA
    { 0x00CB, 11 }, // U+00CB
    { 0x00CC, 11 }, // U+00CC
    { 0x00CD, 11 }, // U+00CD
    { 0x00CE, 11 }, // U+00CE
    { 0x00CF, 11 }, // U+00CF
    { 0x00D0, 11 }, // U+00D0
    { 0x00D1, 11 }, // U+00D1
    { 0x00D2, 12 }, // U+00D2
    { 0x00D3, 12 }, // U+00D3
    { 0x00D4, 12 }, // U+00D4
    { 0x00D5, 12 }, // U+00D5
    { 0x00D6, 12 }, // U+00D6
    { 0x00D8, 12 }, // U+00D8
    { 0x00D9, 15 }, // U+00D9
    { 0x00DA, 15 }, // U+00DA
    { 0x00DB, 15 }, // U+00DB
    { 0x00DC, 15 }, // U+00DC
    { 0x00DD, 19 }, // U+00DD
    { 0x00DE, 11 }, // U+00DE
    { 0x00E0, 23 }, // U+00E0
    { 0x00E1, 23 }, // U+00E1
    { 0x00E2, 23 }, // U+00E2
    { 0x00E3, 23 }, // U+00E3
    { 0x00E4, 23 }, // U+00E4
    { 0x00E5, 23 }, // U+00E5
    { 0x00E6, 23 }, // U+00E6
    { 0x00E7, 25 }, // U+00E7
    { 0x00E8, 25 }, // U+00E8
    { 0x00E9, 25 }, // U+00E9
    { 0x00EA, 25 }, // U+00EA
    { 0x00EB, 25 }, // U+00EB
    { 0x00EC, 27 }, // U+00EC
    { 0x00ED, 27 }, // U+00ED
    { 0x00EE, 27 }, // U+00EE
    { 0x00EF, 27 }, // U+00EF
    { 0x00F0, 25 }, // U+00F0
    { 0x00F1, 29 }, // U+00F1
    { 0x00F2, 25 }, // U+00F2
    { 0x00F3, 25 }, // U+00F3
    { 0x00F4, 25 }, // U+00F4
    { 0x00F5, 25 }, // U+00F5
    { 0x00F6, 25 }, // U+00F6
    { 0x00F8, 25 }, // U+00F8
    { 0x00F9, 32 }, // U+00F9
    { 0x00FA, 32 }, // U+00FA
    { 0x00FB, 32 }, // U+00FB
    { 0x00FC, 32 }, // U+00FC
    { 0x00FD, 36 }, // U+00FD
    { 0x00FE, 24 }, // U+00FE
    { 0x00FF, 36 }, // U+00FF
    { 0x0100, 10 }, // U+0100
    { 0x0101, 23 }, // U+0101
    { 0x0102, 10 }, // U+0102
    { 0x0103, 23 }, // U+0103
    { 0x0104, 10 }, // U+0104
    { 0x0105, 23 }, // U+0105
    { 0x0106, 12 }, // U+0106
    { 0x0107, 25 }, // U+0107
    { 0x0108, 12 }, // U+0108
    { 0x0109, 25 }, // U+0109
    { 0x010A, 12 }, // U+010A
    { 0x010B, 25 }, // U+010B
    { 0x010C, 12 }, // U+010C
    { 0x010D, 25 }, // U+010D
    { 0x010E, 11 }, // U+010E
    { 0x010F, 25 }, // U+010F
    { 0x0110, 11 }, // U+0110
    { 0x0111, 25 }, // U+0111
    { 0x0112, 11 }, // U+0112
    { 0x0113, 25 }, // U+0113
    { 0x0114, 11 }, // U+0114
    { 0x0115, 25 }, // U+0115
    { 0x0116, 11 }, // U+0116
    { 0x0117, 25 }, // U+0117
    { 0x0118, 11 }, // U+0118
    { 0x0119, 25 }, // U+0119
    { 0x011A, 11 }, // U+011A
    { 0x011B, 25 }, // U+011B
    { 0x011C, 12 }, // U+011C
    { 0x011D, 25 }, // U+011D
    { 0x011E, 12 }, // U+011E
    { 0x011F, 25 }, // U+011F
    { 0x0120, 12 }, // U+0120
    { 0x0121, 25 }, // U+0121
    { 0x0122, 12 }, // U+0122
    { 0x0123, 25 }, // U+0123
    { 0x0124, 11 }, // U+0124
    { 0x0125, 24 }, // U+0125
    { 0x0126, 11 }, // U+0126
    { 0x0127, 24 }, // U+0127
    { 0x0128, 11 }, // U+0128
    { 0x0129, 27 }, // U+0129
    { 0x012A, 11 }, // U+012A
    { 0x012B, 27 }, // U+012B
    { 0x012C, 11 }, // U+012C
    { 0x012D, 27 }, // U+012D
    { 0x012E, 11 }, // U+012E
    { 0x012F, 27 }, // U+012F
    { 0x0130, 11 }, // U+0130
    { 0x0132, 11 }, // U+0132
    { 0x0133, 27 }, // U+0133
    { 0x0134, 11 }, // U+0134
    { 0x0136, 11 }, // U+0136
    { 0x0137, 24 }, // U+0137
    { 0x0138, 29 }, // U+0138
    { 0x0139, 11 }, // U+0139
    { 0x013A, 28 }, // U+013A
    { 0x013B, 11 }, // U+013B
    { 0x013C, 28 }, // U+013C
    { 0x013D, 11 }, // U+013D
    { 0x013E, 28 }, // U+013E
    { 0x013F, 11 }, // U+013F
    { 0x0140, 28 }, // U+0140
    { 0x0141, 11 }, // U+0141
    { 0x0142, 28 }, // U+0142
    { 0x0143, 11 }, // U+0143
    { 0x0144, 29 }, // U+0144
    { 0x0145, 11 }, // U+0145
    { 0x0146, 29 }, // U+0146
    { 0x0147, 11 }, // U+0147
    { 0x0148, 29 }, // U+0148
    { 0x0149, 41 }, // U+0149
    { 0x014A, 11 }, // U+014A
    { 0x014B, 29 }, // U+014B
    { 0x014C, 12 }, // U+014C
    { 0x014D, 25 }, // U+014D
    { 0x014E, 12 }, // U+014E
    { 0x014F, 25 }, // U+014F
    { 0x0150, 12 }, // U+0150
    { 0x0151, 25 }, // U+0151
    { 0x0152, 12 }, // U+0152
    { 0x0153, 25 }, // U+0153
    { 0x0154, 11 }, // U+0154
    { 0x0155, 29 }, // U+0155
    { 0x0156, 11 }, // U+0156
    { 0x0157, 29 }, // U+0157
    { 0x0158, 11 }, // U+0158
    { 0x0159, 29 }, // U+0159
    { 0x015A, 13 }, // U+015A
    { 0x015B, 30 }, // U+015B
    { 0x015C, 13 }, // U+015C
    { 0x015D, 30 }, // U+015D
    { 0x015E, 13 }, // U+015E
    { 0x015F, 30 }, // U+015F
    { 0x0160, 13 }, // U+0160
    { 0x0161, 30 }, // U+0161
    { 0x0163, 31 }, // U+0163
    { 0x0165, 31 }, // U+0165
    { 0x0167, 31 }, // U+0167
    { 0x0168, 15 }, // U+0168
    { 0x0169, 32 }, // U+0169
    { 0x016A, 15 }, // U+016A
    { 0x016B, 32 }, // U+016B
    { 0x016C, 15 }, // U+016C
    { 0x016D, 32 }, // U+016D
    { 0x016E, 15 }, // U+016E
    { 0x016F, 32 }, // U+016F
    { 0x0170, 15 }, // U+0170
    { 0x0171, 32 }, // U+0171
    { 0x0172, 15 }, // U+0172
    { 0x0173, 32 }, // U+0173
    { 0x0174, 17 }, // U+0174
    { 0x0175, 34 }, // U+0175
    { 0x0176, 19 }, // U+0176
    { 0x0177, 36 }, // U+0177
    { 0x0178, 19 }, // U+0178
    { 0x0179, 20 }, // U+0179
    { 0x017A, 37 }, // U+017A
    { 0x017B, 20 }, // U+017B
    { 0x017C, 37 }, // U+017C
    { 0x017D, 20 }, // U+017D
    { 0x017E, 37 }, // U+017E
    { 0x01A0, 12 }, // U+01A0
    { 0x01A1, 25 }, // U+01A1
    { 0x01AF, 15 }, // U+01AF
    { 0x01B0, 32 }, // U+01B0
    { 0x01FA, 10 }, // U+01FA
    { 0x01FB, 23 }, // U+01FB
    { 0x01FC, 40 }, // U+01FC
    { 0x01FD, 23 }, // U+01FD
    { 0x01FE, 12 }, // U+01FE
    { 0x01FF, 25 }, // U+01FF
    { 0x0218, 13 }, // U+0218
    { 0x0219, 30 }, // U+0219
    { 0x021B, 31 }, // U+021B
    { 0x021E, 11 }, // U+021E
    { 0x0400, 42 }, // U+0400
    { 0x0401, 42 }, // U+0401
    { 0x0402, 43 }, // U+0402
    { 0x0403, 42 }, // U+0403
    { 0x0404, 44 }, // U+0404
    { 0x0405, 45 }, // U+0405
    { 0x0406, 42 }, // U+0406
    { 0x0407, 42 }, // U+0407
    { 0x0408, 46 }, // U+0408
    { 0x0409, 47 }, // U+0409
    { 0x040A, 42 }, // U+040A
    { 0x040B, 43 }, // U+040B
    { 0x040C, 42 }, // U+040C
    { 0x040D, 42 }, // U+040D
    { 0x040E, 48 }, // U+040E
    { 0x040F, 42 }, // U+040F
    { 0x0410, 49 }, // U+0410
    { 0x0411, 42 }, // U+0411
    { 0x0412, 42 }, // U+0412
    { 0x0413, 42 }, // U+0413
    { 0x0414, 50 }, // U+0414
    { 0x0415, 42 }, // U+0415
    { 0x0416, 51 }, // U+0416
    { 0x0417, 52 }, // U+0417
    { 0x0418, 42 }, // U+0418
    { 0x0419, 42 }, // U+0419
    { 0x041A, 42 }, // U+041A
    { 0x041B, 47 }, // U+041B
    { 0x041C, 42 }, // U+041C
    { 0x041D, 42 }, // U+041D
    { 0x041E, 44 }, // U+041E
    { 0x041F, 42 }, // U+041F
    { 0x0420, 42 }, // U+0420
    { 0x0421, 44 }, // U+0421
    { 0x0422, 43 }, // U+0422
    { 0x0423, 48 }, // U+0423
    { 0x0424, 53 }, // U+0424
    { 0x0425, 54 }, // U+0425
    { 0x0426, 42 }, // U+0426
    { 0x0427, 55 }, // U+0427
    { 0x0428, 42 }, // U+0428
    { 0x0429, 42 }, // U+0429
    { 0x042A, 43 }, // U+042A
    { 0x042B, 42 }, // U+042B
    { 0x042C, 42 }, // U+042C
    { 0x042D, 52 }, // U+042D
    { 0x042E, 42 }, // U+042E
    { 0x042F, 56 }, // U+042F
    { 0x0430, 57 }, // U+0430
    { 0x0431, 58 }, // U+0431
    { 0x0432, 57 }, // U+0432
    { 0x0433, 59 }, // U+0433
    { 0x0434, 60 }, // U+0434
    { 0x0435, 57 }, // U+0435
    { 0x0436, 61 }, // U+0436
    { 0x0437, 62 }, // U+0437
    { 0x0438, 63 }, // U+0438
    { 0x0439, 63 }, // U+0439
    { 0x043A, 64 }, // U+043A
    { 0x043B, 65 }, // U+043B
    { 0x043C, 65 }, // U+043C
    { 0x043D, 64 }, // U+043D
    { 0x043E, 57 }, // U+043E
    { 0x043F, 64 }, // U+043F
    { 0x0440, 66 }, // U+0440
    { 0x0441, 57 }, // U+0441
    { 0x0442, 64 }, // U+0442
    { 0x0443, 67 }, // U+0443
    { 0x0444, 57 }, // U+0444
    { 0x0445, 68 }, // U+0445
    { 0x0446, 63 }, // U+0446
    { 0x0447, 69 }, // U+0447
    { 0x0448, 63 }, // U+0448
    { 0x0449, 63 }, // U+0449
    { 0x044A, 70 }, // U+044A
    { 0x044B, 63 }, // U+044B
    { 0x044C, 63 }, // U+044C
    { 0x044D, 61 }, // U+044D
    { 0x044E, 64 }, // U+044E
    { 0x044F, 71 }, // U+044F
    { 0x0450, 57 }, // U+0450
    { 0x0451, 57 }, // U+0451
    { 0x0452, 72 }, // U+0452
    { 0x0453, 59 }, // U+0453
    { 0x0454, 57 }, // U+0454
    { 0x0455, 73 }, // U+0455
    { 0x0456, 74 }, // U+0456
    { 0x0457, 75 }, // U+0457
    { 0x0458, 76 }, // U+0458
    { 0x0459, 65 }, // U+0459
    { 0x045A, 64 }, // U+045A
    { 0x045B, 72 }, // U+045B
    { 0x045C, 64 }, // U+045C
    { 0x045D, 63 }, // U+045D
    { 0x045E, 67 }, // U+045E
    { 0x045F, 63 }, // U+045F
    { 0x0460, 77 }, // U+0460
    { 0x0461, 78 }, // U+0461
    { 0x0466, 49 }, // U+0466
    { 0x046A, 79 }, // U+046A
    { 0x046E, 52 }, // U+046E
    { 0x0470, 80 }, // U+0470
    { 0x0471, 63 }, // U+0471
    { 0x0472, 77 }, // U+0472
    { 0x0473, 81 }, // U+0473
    { 0x0474, 80 }, // U+0474
    { 0x0475, 82 }, // U+0475
    { 0x0476, 80 }, // U+0476
    { 0x0477, 82 }, // U+0477
    { 0x0478, 77 }, // U+0478
    { 0x0479, 81 }, // U+0479
    { 0x047A, 77 }, // U+047A
    { 0x047B, 81 }, // U+047B
    { 0x047C, 77 }, // U+047C
    { 0x047D, 81 }, // U+047D
    { 0x047E, 77 }, // U+047E
    { 0x047F, 78 }, // U+047F
    { 0x0480, 77 }, // U+0480
    { 0x0481, 81 }, // U+0481
    { 0x048B, 63 }, // U+048B
    { 0x048F, 66 }, // U+048F
    { 0x0496, 51 }, // U+0496
    { 0x0497, 61 }, // U+0497
    { 0x0498, 52 }, // U+0498
    { 0x0499, 61 }, // U+0499
    { 0x049F, 72 }, // U+049F
    { 0x04A0, 83 }, // U+04A0
    { 0x04A1, 70 }, // U+04A1
    { 0x04A8, 77 }, // U+04A8
    { 0x04A9, 81 }, // U+04A9
    { 0x04AA, 77 }, // U+04AA
    { 0x04AB, 81 }, // U+04AB
    { 0x04AC, 83 }, // U+04AC
    { 0x04AE, 80 }, // U+04AE
    { 0x04AF, 82 }, // U+04AF
    { 0x04B0, 80 }, // U+04B0
    { 0x04B1, 82 }, // U+04B1
    { 0x04B2, 54 }, // U+04B2
    { 0x04B3, 68 }, // U+04B3
    { 0x04B4, 83 }, // U+04B4
    { 0x04B5, 70 }, // U+04B5
    { 0x04B6, 55 }, // U+04B6
    { 0x04B7, 69 }, // U+04B7
    { 0x04B8, 55 }, // U+04B8
    { 0x04B9, 69 }, // U+04B9
    { 0x04C1, 51 }, // U+04C1
    { 0x04C2, 61 }, // U+04C2
    { 0x04C5, 50 }, // U+04C5
    { 0x04C6, 65 }, // U+04C6
    { 0x04CB, 55 }, // U+04CB
    { 0x04CC, 69 }, // U+04CC
    { 0x04CE, 84 }, // U+04CE
    { 0x04D0, 49 }, // U+04D0
    { 0x04D1, 81 }, // U+04D1
    { 0x04D2, 49 }, // U+04D2
    { 0x04D3, 81 }, // U+04D3
    { 0x04D4, 85 }, // U+04D4
    { 0x04D5, 81 }, // U+04D5
    { 0x04D7, 81 }, // U+04D7
    { 0x04D9, 81 }, // U+04D9
    { 0x04DB, 81 }, // U+04DB
    { 0x04DC, 51 }, // U+04DC
    { 0x04DD, 61 }, // U+04DD
    { 0x04DE, 52 }, // U+04DE
    { 0x04DF, 61 }, // U+04DF
    { 0x04E0, 52 }, // U+04E0
    { 0x04E2, 42 }, // U+04E2
    { 0x04E3, 63 }, // U+04E3
    { 0x04E4, 42 }, // U+04E4
    { 0x04E5, 63 }, // U+04E5
    { 0x04E6, 77 }, // U+04E6
    { 0x04E7, 81 }, // U+04E7
    { 0x04E8, 77 }, // U+04E8
    { 0x04E9, 81 }, // U+04E9
    { 0x04EA, 77 }, // U+04EA
    { 0x04EB, 81 }, // U+04EB
    { 0x04EC, 52 }, // U+04EC
    { 0x04ED, 61 }, // U+04ED
    { 0x04EE, 48 }, // U+04EE
    { 0x04EF, 67 }, // U+04EF
    { 0x04F0, 48 }, // U+04F0
    { 0x04F1, 67 }, // U+04F1
    { 0x04F2, 48 }, // U+04F2
    { 0x04F3, 67 }, // U+04F3
    { 0x04F4, 55 }, // U+04F4
    { 0x04F5, 69 }, // U+04F5
    { 0x04F8, 42 }, // U+04F8
    { 0x04F9, 63 }, // U+04F9
    { 0x04FC, 54 }, // U+04FC
    { 0x04FD, 68 }, // U+04FD
    { 0x04FE, 54 }, // U+04FE
    { 0x1EA0, 10 }, // U+1EA0
    { 0x1EA1, 23 }, // U+1EA1
    { 0x1EA2, 10 }, // U+1EA2
    { 0x1EA3, 23 }, // U+1EA3
    { 0x1EA4, 10 }, // U+1EA4
    { 0x1EA5, 23 }, // U+1EA5
    { 0x1EA6, 10 }, // U+1EA6
    { 0x1EA7, 23 }, // U+1EA7
    { 0x1EA8, 10 }, // U+1EA8
    { 0x1EA9, 23 }, // U+1EA9
    { 0x1EAA, 10 }, // U+1EAA
    { 0x1EAB, 23 }, // U+1EAB
    { 0x1EAC, 10 }, // U+1EAC
    { 0x1EAD, 23 }, // U+1EAD
    { 0x1EAE, 10 }, // U+1EAE
    { 0x1EAF, 23 }, // U+1EAF
    { 0x1EB0, 10 }, // U+1EB0
    { 0x1EB1, 23 }, // U+1EB1
    { 0x1EB2, 10 }, // U+1EB2
    { 0x1EB3, 23 }, // U+1EB3
    { 0x1EB4, 10 }, // U+1EB4
    { 0x1EB5, 23 }, // U+1EB5
    { 0x1EB6, 10 }, // U+1EB6
    { 0x1EB7, 23 }, // U+1EB7
    { 0x1EB8, 11 }, // U+1EB8
    { 0x1EB9, 25 }, // U+1EB9
    { 0x1EBA, 11 }, // U+1EBA
    { 0x1EBB, 25 }, // U+1EBB
    { 0x1EBC, 11 }, // U+1EBC
    { 0x1EBD, 25 }, // U+1EBD
    { 0x1EBE, 11 }, // U+1EBE
    { 0x1EBF, 25 }, // U+1EBF
    { 0x1EC0, 11 }, // U+1EC0
    { 0x1EC1, 25 }, // U+1EC1
    { 0x1EC2, 11 }, // U+1EC2
    { 0x1EC3, 25 }, // U+1EC3
    { 0x1EC4, 11 }, // U+1EC4
    { 0x1EC5, 25 }, // U+1EC5
    { 0x1EC6, 11 }, // U+1EC6
    { 0x1EC7, 25 }, // U+1EC7
    { 0x1EC9, 86 }, // U+1EC9
    { 0x1ECB, 86 }, // U+1ECB
    { 0x1ECC, 12 }, // U+1ECC
    { 0x1ECD, 25 }, // U+1ECD
    { 0x1ECE, 12 }, // U+1ECE
    { 0x1ECF, 25 }, // U+1ECF
    { 0x1ED0, 12 }, // U+1ED0
    { 0x1ED1, 25 }, // U+1ED1
    { 0x1ED2, 12 }, // U+1ED2
    { 0x1ED3, 25 }, // U+1ED3
    { 0x1ED4, 12 }, // U+1ED4
    { 0x1ED5, 25 }, // U+1ED5
    { 0x1ED6, 12 }, // U+1ED6
    { 0x1ED7, 25 }, // U+1ED7
    { 0x1ED8, 12 }, // U+1ED8
    { 0x1ED9, 25 }, // U+1ED9
    { 0x1EDA, 12 }, // U+1EDA
    { 0x1EDB, 25 }, // U+1EDB
    { 0x1EDC, 12 }, // U+1EDC
    { 0x1EDD, 25 }, // U+1EDD
    { 0x1EDE, 12 }, // U+1EDE
    { 0x1EDF, 25 }, // U+1EDF
    { 0x1EE0, 12 }, // U+1EE0
    { 0x1EE1, 25 }, // U+1EE1
    { 0x1EE2, 12 }, // U+1EE2
    { 0x1EE3, 25 }, // U+1EE3
    { 0x1EE4, 15 }, // U+1EE4
    { 0x1EE5, 32 }, // U+1EE5
    { 0x1EE6, 15 }, // U+1EE6
    { 0x1EE7, 32 }, // U+1EE7
    { 0x1EE8, 15 }, // U+1EE8
    { 0x1EE9, 32 }, // U+1EE9
    { 0x1EEA, 15 }, // U+1EEA
    { 0x1EEB, 32 }, // U+1EEB
    { 0x1EEC, 15 }, // U+1EEC
    { 0x1EED, 32 }, // U+1EED
    { 0x1EEE, 15 }, // U+1EEE
    { 0x1EEF, 32 }, // U+1EEF
    { 0x1EF0, 15 }, // U+1EF0
    { 0x1EF1, 32 }, // U+1EF1
    { 0x1EF2, 19 }, // U+1EF2
    { 0x1EF3, 36 }, // U+1EF3
    { 0x1EF4, 19 }, // U+1EF4
    { 0x1EF5, 36 }, // U+1EF5
    { 0x1EF6, 19 }, // U+1EF6
    { 0x1EF7, 36 }, // U+1EF7
    { 0x1EF8, 19 }, // U+1EF8
    { 0x1EF9, 36 }, // U+1EF9
    { 0x2013, 6 }, // U+2013
    { 0x2014, 6 }, // U+2014
    { 0x2015, 6 }, // U+2015
    { 0x2018, 87 }, // U+2018
    { 0x2019, 4 }, // U+2019
    { 0x201A, 88 }, // U+201A
    { 0x201C, 87 }, // U+201C
    { 0x201D, 4 }, // U+201D
    { 0x201E, 88 }, // U+201E
    { 0x2026, 88 }, // U+2026
    { 0x203A, 39 }, // U+203A
    { 0x207E, 89 }, // U+207E
    { 0x208E, 90 }, // U+208E
};

static const int8_t notoserif_18_bolditalicKernMatrix[] = {
       0,    0,    0,    0,    0,    0,    0,    0,    0,  -48,    0,    0,    0,    0,    0,    0,    0,    0,    0,    0,    0,    0,    0,    0,    0,  -24,   12,    0,    0,    0,    0,    0,    0,    0,    0,    0,    0,    0,    0,  -72,    0,    0,    0,    0,    0,    0,    0,    0,  -48,  -48,    0,    0,    0,    0,    0,    0,    0,    0,    0,    0,    0,    0,    0,    0,  -36,    0,    0,    0,    0,    0,    0,    0,    0,    0,    0,    0,    0,    0,    0,    0,    0,    0,    0,    0,  -72,    0,    0,    0,    0,    0,
       0,    0,    0,    0,    0,    0,    0,    0,    0,    0,    0,    0,    0,  -24,   -6,  -30,  -24,    0,  -27,    0,    0,    0,    0,    0,    0,    0,    0,    0,    0,    0,    0,    0,    0,    0,    0,    0,    0,    0,    0,    0,    0,    0,    0,    0,    0,    0,    0,    0,    0,    0,    0,    0,    0,    0,    0,    0,    0,    0,    0,    0,    0,    0,    0,    0,    0,    0,    0,    0,    0,    0,    0,    0,    0,    0,    0,    0,    0,    0,    0,    0,    0,    0,    0,    0,    0,    0,    0,    0,    0,    0,
       0,    0,    0,    0,    0,    0,    0,    0,    0,    0,    0,    0,    0,    0,    0,    0,    0,    0,    0,    0,    0,    0,    0,    0,    0,    0,    0,    0,    0,    0,    0,    0,    0,    0,    0,    0,    0,    0,    0,    0,    0,    0,    0,  -12,    0,   18,  -12,   12,    0,    6,    0,    0,  -12,    0,    0,    0,    0,    0,    0,    0,    0,    0,    0,    0,  -12,    0,    0,    0,   -6,    0,    0,    0,    0,    0,   18,   24,    0,    0,    0,    0,    0,    0,    0,    0,    0,    0,    0,    0,    0,    0,
       0,  -12,    0,    0,  -72,    0,  -72,    0,    0,  -30,    0,    0,    0,    0,    0,    0,    0,    0,    0,    0,    0,    0,    0,    0,    0,    0,    0,    0,    0,    0,    0,    0,    0,    0,    0,    0,    0,    0,    0,  -48,    0,    0,    0,    0,    0,    0,    0,  -12,  -30,  -42,    0,    0,    0,    0,    0,    0,    0,    0,    0,    0,    0,    0,    0,    0,  -30,    0,    0,    0,    0,    0,    0,    0,    0,    0,    0,    0,    0,    0,    0,    0,  -30,    0,    0,    0,  -48,    0,    0,  -72,    0,    0,
       0,    0,    0,    0,    0,    0,    0,    0,    0,    0,    0,  -12,    0,  -42,   -6,  -54,  -48,    0,  -42,    0,    0,    0,    0,    0,    0,    0,    0,    0,    0,    0,    0,    0,  -30,  -12,    0,  -12,    0,    0,    0,    0,    0,    0,  -36,  -12,    0,    0,    6,  -12,    0,   12,    0,    0,  -18,    0,  -78,    0,    0,    0,    0,    0,    0,    0,    0,    0,    0,    0,  -12,    0,  -42,  -42,    0,    0,    0,    0,    0,    0,  -12,    0,    0,    0,    0,    0,  -42,    0,    0,    0,    0,    0,    0,    0,
       0,    0,    0,    0,    0,    0,    0,    0,    0,    0,    0,    0,    0,    0,    0,    0,    0,    0,    0,    0,    0,    0,    0,    0,    0,    0,    0,    0,    0,    0,    0,    0,    0,    0,    0,    0,    0,    0,    0,    0,    0,    0,  -24,    0,    0,    0,    0,  -12,   -6,   -6,    0,    0,    0,   -6,  -24,    0,    0,    0,    0,    0,    0,    0,    0,    0,    0,    0,    0,  -12,    0,    0,    0,    0,    0,    0,    0,    0,    0,    0,    0,    0,    0,    0,    0,    0,    0,    0,    0,    0,    0,    0,
     -48,  -12,    0,  -42,    0,    0,    0,    0,    0,    0,    0,  -12,    0,  -36,  -12,  -48,  -42,    0,  -42,    0,    0,    0,    0,    0,  -12,  -12,    0,    0,    0,    0,    0,  -12,  -36,  -18,    0,  -30,    0,  -30,    0,    0,  -30,    0,    0,    0,    0,    0,    0,    0,    0,    0,    0,    0,    0,    0,    0,    0,    0,    0,    0,    0,    0,    0,    0,    0,    0,    0,    0,    0,    0,    0,    0,    0,    0,    0,    0,    0,    0,    0,    0,    0,    0,    0,    0,    0,    0,    0,  -54,    0,    0,    0,
       0,    0,    0,  -12,    0,    0,    0,    0,    0,  -12,    0,    0,    0,  -12,    0,  -24,  -18,  -12,  -24,  -12,    0,    0,    0,    0,    0,    0,    0,    0,    0,    0,    0,    0,    0,   -6,    0,  -12,    0,    0,    0,  -18,    0,    0,    0,    0,    0,    0,    0,    0,    0,    0,    0,    0,    0,    0,    0,    0,    0,    0,    0,    0,    0,    0,    0,    0,    0,    0,    0,    0,    0,    0,    0,    0,    0,    0,    0,    0,    0,    0,    0,    0,    0,    0,    0,    0,    0,    0,    0,    0,    0,    0,
       0,  -12,    0,    0,    0,    0,    0,    0,    0,    0,    0,    0,    0,    0,    0,    0,    0,    0,    0,    0,    0,    0,    0,    0,    0,    0,    0,    0,    0,    0,    0,    0,    0,    0,    0,    0,    0,    0,    0,    0,    0,    0,    0,    0,    0,    0,    0,    0,    0,    0,    0,    0,    0,    0,    0,    0,    0,    0,    0,    0,    0,    0,    0,    0,    0,    0,    0,    0,    0,    0,    0,    0,    0,    0,    0,    0,    0,    0,    0,    0,    0,    0,    0,    0,    0,    0,    0,    0,    0,    0,
     -18,    0,    0,    0,  -12,    0,  -24,    0,    0,  -12,    0,    0,    0,  -12,    0,  -12,  -12,  -12,  -18,    0,    0,    0,    0,    0,    0,    0,    0,    0,    0,    0,    0,    0,    0,    0,    0,    0,    0,    0,    0,  -30,    0,    0,    0,    0,    0,    0,    0,    0,    0,    0,    0,    0,    0,    0,    0,    0,    0,    0,    0,    0,    0,    0,    0,    0,    0,    0,    0,    0,    0,    0,    0,    0,    0,    0,    0,    0,    0,    0,    0,    0,    0,    0,    0,    0,    0,    0,    0,  -12,    0,    0,
       0,    0,    0,    0,    0,    0,    0,    0,    0,    0,    0,    0,    0,    0,    0,  -12,  -12,    0,  -12,    0,    0,    0,    0,    0,    0,    0,    0,    0,    0,    0,    0,    0,    0,    0,    0,    0,    0,    0,    0,    0,    0,    0,    0,    0,    0,    0,    0,    0,    0,    0,    0,    0,    0,    0,    0,    0,    0,    0,    0,    0,    0,    0,    0,    0,    0,    0,    0,    0,    0,    0,    0,    0,    0,    0,    0,    0,    0,    0,    0,    0,    0,    0,    0,    0,    0,    0,    0,    0,    0,    0,
       0,  -24,    0,    0,  -48,    0,  -48,    0,    0,  -42,    0,    0,    0,    0,    0,    0,    0,    0,    0,    0,    0,    0,  -24,    0,  -24,  -24,    0,    0,    0,    0,    0,    0,    0,    0,    0,    0,    0,    0,    0,  -66,    0,    0,    0,    0,    0,    0,    0,    0,    0,    0,    0,    0,    0,    0,    0,    0,    0,    0,    0,    0,    0,    0,    0,    0,    0,    0,    0,    0,    0,    0,    0,    0,    0,    0,    0,    0,    0,    0,    0,    0,    0,    0,    0,    0,    0,    0,    0,  -48,    0,    0,
       0,    0,    0,    0,    0,    0,    0,    0,    0,    0,    0,    0,    0,  -12,    0,  -12,  -12,    0,  -12,    0,    0,    0,    0,    0,    0,    0,    0,    0,    0,    0,    0,    0,    0,    0,    0,    0,    0,    0,    0,  -12,    0,    0,    0,    0,    0,    0,    0,    0,    0,    0,    0,    0,    0,    0,    0,    0,    0,    0,    0,    0,    0,    0,    0,    0,    0,    0,    0,    0,    0,    0,    0,    0,    0,    0,    0,    0,    0,    0,    0,    0,    0,    0,    0,    0,    0,    0,    0,    0,    0,    0,
       0,    0,    0,    0,  -12,    0,  -12,    0,    0,  -12,    0,    0,    0,    0,    0,    0,    0,    0,    0,    0,    0,    0,    0,    0,    0,    0,    0,    0,    0,    0,    0,    0,    0,    0,    0,    0,    0,    0,    0,    0,    0,    0,    0,    0,    0,    0,    0,    0,    0,    0,    0,    0,    0,    0,    0,    0,    0,    0,    0,    0,    0,    0,    0,    0,    0,    0,    0,    0,    0,    0,    0,    0,    0,    0,    0,    0,    0,    0,    0,    0,    0,    0,    0,    0,    0,    0,    0,  -12,    0,    0,
       0,  -12,    0,    0,    0,    0,    0,    0,    0,    0,    0,  -12,    0,    0,    0,    0,    0,    0,    0,    0,    0,    0,    0,    0,  -12,  -12,    0,    0,    0,    0,    0,  -12,    0,  -18,    0,  -18,    0,    0,    0,    0,    0,    0,    0,    0,    0,    0,    0,    0,    0,    0,    0,    0,    0,    0,    0,    0,    0,    0,    0,    0,    0,    0,    0,    0,    0,    0,    0,    0,    0,    0,    0,    0,    0,    0,    0,    0,    0,    0,    0,    0,    0,    0,    0,    0,    0,    0,    0,    0,    0,    0,
     -36,    0,    0,  -48,    0,    0,    0,    0,    0,    0,    0,    0,    0,  -42,  -12,  -48,  -30,    0,  -36,    0,    0,    0,    0,    0,    0,    0,    0,    0,    0,    0,    0,    0,  -18,    0,    0,    0,    0,    0,    0,    0,    0,    0,    0,    0,    0,    0,    0,    0,    0,    0,    0,    0,    0,    0,    0,    0,    0,    0,    0,    0,    0,    0,    0,    0,    0,    0,    0,    0,    0,    0,    0,    0,    0,    0,    0,    0,    0,    0,    0,    0,    0,    0,    0,    0,    0,    0,  -54,    0,    0,    0,
       0,  -12,    0,    0,  -12,    0,  -12,    0,    0,    0,    0,    0,    0,    0,    0,    0,    0,    0,    0,    0,    0,    0,    0,    0,    0,    0,    0,    0,    0,    0,    0,    0,    0,    0,    0,    0,    0,    0,    0,    0,    0,    0,    0,    0,    0,    0,    0,    0,    0,    0,    0,    0,    0,    0,    0,    0,    0,    0,    0,    0,    0,    0,    0,    0,    0,    0,    0,    0,    0,    0,    0,    0,    0,    0,    0,    0,    0,    0,    0,    0,    0,    0,    0,    0,    0,    0,    0,  -12,    0,    0,
       0,  -12,    0,    0,  -72,    0,  -72,    0,    0,  -30,    0,    0,    0,    0,    0,    0,    0,    0,    0,    0,    0,    0,    0,    0,    0,    0,    0,    0,    0,    0,    0,    0,    0,    0,    0,    0,    0,    0,    0,  -48,    0,    0,    0,    0,    0,    0,    0,    0,    0,    0,    0,    0,    0,    0,    0,    0,    0,    0,    0,    0,    0,    0,    0,    0,    0,    0,    0,    0,    0,    0,    0,    0,    0,    0,    0,    0,    0,    0,    0,    0,    0,    0,    0,    0,    0,    0,    0,  -72,    0,    0,
       0,  -12,    0,  -12,    0,    0,    0,    0,    0,    0,    0,  -12,    0,  -12,   -6,  -18,  -18,    0,  -18,    0,    0,    0,    0,    0,    0,    0,    0,    0,    0,    0,    0,    0,    0,  -12,    0,  -12,    0,    0,    0,    0,    0,    0,    0,    0,    0,    0,    0,    0,    0,    0,    0,    0,    0,    0,    0,    0,    0,    0,    0,    0,    0,    0,    0,    0,    0,    0,    0,    0,    0,    0,    0,    0,    0,    0,    0,    0,    0,    0,    0,    0,    0,    0,    0,    0,    0,    0,    0,    0,    0,    0,
       0,    0,    0,    0,    0,    0,    0,    0,    0,  -12,    0,    0,    0,  -12,    0,  -12,  -12,  -12,  -12,    0,    0,    0,    0,    0,    0,    0,    0,    0,    0,    0,    0,    0,    0,   -6,    0,  -12,    0,    0,    0,  -12,    0,    0,    0,    0,    0,    0,    0,    0,    0,    0,    0,    0,    0,    0,    0,    0,    0,    0,    0,    0,    0,    0,    0,    0,    0,    0,    0,    0,    0,    0,    0,    0,    0,    0,    0,    0,    0,    0,    0,    0,    0,    0,    0,    0,    0,    0,    0,    0,    0,    0,
       0,  -12,    0,    0,  -54,    0,  -54,    0,    0,  -36,    0,  -12,    0,    0,    0,    0,    0,    0,    0,    0,    0,    0,  -18,    0,  -18,  -18,    0,    0,    0,    0,    0,    0,    0,    0,    0,    0,    0,    0,    0,  -48,   30,    0,    0,    0,    0,    0,    0,    0,    0,    0,    0,    0,    0,    0,    0,    0,    0,    0,    0,    0,    0,    0,    0,    0,    0,    0,    0,    0,    0,    0,    0,    0,    0,    0,    0,    0,    0,    0,    0,    0,    0,    0,    0,    0,    0,    0,    0,  -54,    0,    0,
       0,  -12,    0,    0,  -12,    0,  -12,    0,    0,  -12,    0,    0,    0,    0,    0,    0,    0,    0,    0,    0,    0,    0,    0,    0,    0,    0,    0,    0,    0,    0,    0,    0,    0,    0,    0,    0,    0,    0,    0,  -12,    0,    0,    0,    0,    0,    0,    0,    0,    0,    0,    0,    0,    0,    0,    0,    0,    0,    0,    0,    0,    0,    0,    0,    0,    0,    0,    0,    0,    0,    0,    0,    0,    0,    0,    0,    0,    0,    0,    0,    0,    0,    0,    0,    0,    0,    0,    0,  -12,    0,    0,
       0,  -18,    0,    0,  -66,    0,  -66,    0,    0,  -48,    0,  -12,    0,    0,    0,    0,    0,    0,    0,    0,    0,    0,  -36,    0,  -36,  -36,    0,    0,    0,  -24,    0,    0,    0,    0,    0,    0,    0,    0,    0,  -78,    0,    0,    0,    0,    0,    0,    0,    0,    0,    0,    0,    0,    0,    0,    0,    0,    0,    0,    0,    0,    0,    0,    0,    0,    0,    0,    0,    0,    0,    0,    0,    0,    0,    0,    0,    0,    0,    0,    0,    0,    0,    0,    0,    0,    0,    0,    0,  -66,    0,    0,
       0,  -18,    0,    0,  -54,    0,  -54,    0,    0,  -36,    0,  -12,    0,    0,    0,    0,    0,    0,    0,    0,    0,    0,  -30,    0,  -36,  -36,    0,    0,    0,  -18,    0,    0,    0,    0,  -12,    0,    0,    0,    0,  -78,    0,    0,    0,    0,    0,    0,    0,    0,    0,    0,    0,    0,    0,    0,    0,    0,    0,    0,    0,    0,    0,    0,    0,    0,    0,    0,    0,    0,    0,    0,    0,    0,    0,    0,    0,    0,    0,    0,    0,    0,    0,    0,    0,    0,    0,    0,    0,  -54,    0,    0,
       0,    0,    0,    0,    0,    0,    0,    0,    0,    0,    0,  -12,   -6,    0,    0,    0,    0,    0,    0,    0,    0,    0,    0,    0,   -6,   -6,    0,    0,    0,    0,    0,    0,    0,  -18,    0,  -30,    0,  -24,    0,    0,    0,    0,    0,    0,    0,    0,    0,    0,    0,    0,    0,    0,    0,    0,    0,    0,    0,    0,    0,    0,    0,    0,    0,    0,    0,    0,    0,    0,    0,    0,    0,    0,    0,    0,    0,    0,    0,    0,    0,    0,    0,    0,    0,    0,    0,    0,    0,    0,    0,    0,
       0,  -18,    0,    0,  -48,    0,  -48,    0,    0,  -42,    0,  -18,  -12,    0,    0,    0,    0,    0,    0,    0,    0,    0,  -36,    0,  -42,  -42,    0,    0,    0,  -36,    0,    0,    0,    0,   -6,    0,   -6,    0,    0,  -54,    0,    0,    0,    0,    0,    0,    0,    0,    0,    0,    0,    0,    0,    0,    0,    0,    0,    0,    0,    0,    0,    0,    0,    0,    0,    0,    0,    0,    0,    0,    0,    0,    0,    0,    0,    0,    0,    0,    0,    0,    0,    0,    0,    0,    0,    0,    0,  -48,    0,    0,
       0,    0,    0,    0,    0,    0,    0,    0,    0,    0,    0,    0,    0,    0,    0,    0,    0,    0,    0,    0,    0,    0,    0,    0,    0,    0,    0,    0,    0,    0,    0,    0,    0,    0,    0,    0,    0,    0,    0,    0,    0,    0,  -24,  -12,    0,   36,    0,  -18,    0,   30,    0,    0,  -24,    0,  -66,    0,  -12,  -12,    0,  -12,    0,    0,    0,    0,    0,    0,   24,    0,  -48,  -12,    0,    0,    0,    0,    0,   36,    0,    0,    0,    0,    0,    0,    0,    0,    0,    0,    0,    0,    0,    0,
     -24,    0,    0,    0,    0,    0,    0,    0,    0,    0,    0,    0,    0,  -12,    0,  -30,  -24,    0,  -30,    0,    0,    0,    0,    0,    0,    0,    0,    0,    0,    0,    0,    0,    0,    0,    0,  -12,    0,    0,    0,    0,    0,    0,    0,    0,    0,    0,    0,    0,    0,    0,    0,    0,    0,    0,    0,    0,    0,    0,    0,    0,    0,    0,    0,    0,    0,    0,    0,    0,    0,    0,    0,    0,    0,    0,    0,    0,    0,    0,    0,    0,    0,    0,    0,    0,    0,    0,  -24,    0,    0,    0,
       0,    0,    0,    0,    0,    0,    0,    0,    0,    0,    0,    0,    0,  -18,    0,  -36,  -36,    0,  -42,    0,    0,    0,    0,    0,    0,    0,    0,    0,    0,    0,    0,    0,    0,    0,    0,  -12,    0,    0,    0,    0,    0,    0,    0,    0,    0,    0,    0,    0,    0,    0,    0,    0,    0,    0,    0,    0,    0,    0,    0,    0,    0,    0,    0,    0,    0,    0,    0,    0,    0,    0,    0,    0,    0,    0,    0,    0,    0,    0,    0,    0,    0,    0,    0,    0,    0,    0,    0,    0,    0,    0,
       0,    0,    0,    0,    0,    0,    0,    0,    0,    0,    0,    0,    0,    0,    0,  -30,  -30,    0,  -42,    0,    0,    0,    0,    0,    0,    0,    0,    0,    0,    0,    0,    0,    0,    0,    0,    0,    0,    0,    0,    0,    0,    0,    0,    0,    0,    0,    0,    0,    0,    0,    0,    0,    0,    0,    0,    0,    0,    0,    0,    0,    0,    0,    0,    0,    0,    0,    0,    0,    0,    0,    0,    0,    0,    0,    0,    0,    0,    0,    0,    0,    0,    0,    0,    0,    0,    0,    0,    0,    0,    0,
      48,    0,   54,   48,    0,    0,    0,    0,    0,    0,    0,    0,    0,    0,    0,    0,    0,    0,    0,    0,   60,    0,    0,    0,    0,    0,    0,    0,    0,    0,    0,    0,    0,    0,    0,    0,    0,    0,    0,    0,    0,    0,    0,    0,    0,    0,    0,    0,    0,    0,    0,    0,    0,    0,    0,    0,    0,    0,    0,    0,    0,    0,    0,    0,    0,    0,    0,    0,    0,    0,    0,    0,    0,    0,    0,    0,    0,    0,    0,    0,    0,    0,    0,    0,    0,    0,   36,    0,    0,    0,
       0,    0,    0,    0,    0,    0,    0,    0,    0,    0,    0,    0,    0,    0,    0,    0,    0,    0,    0,    0,    0,    0,    0,    0,  -12,  -12,    0,    0,    0,    0,    0,    0,    0,    0,    0,    0,    0,    0,    0,    0,    0,    0,    0,    0,    0,    0,    0,    0,    0,    0,    0,    0,    0,    0,    0,    0,    0,    0,    0,    0,    0,    0,    0,    0,    0,    0,    0,    0,    0,    0,    0,    0,    0,    0,    0,    0,    0,    0,    0,    0,    0,    0,    0,    0,    0,    0,    0,    0,    0,    0,
       0,    0,    0,    0,    0,    0,    0,    0,    0,    0,    0,    0,    0,    0,    0,    0,  -24,    0,  -12,    0,    0,    0,    0,    0,    0,    0,    0,    0,    0,    0,    0,    0,    0,    0,    0,    0,    0,    0,    0,    0,    0,    0,    0,    0,    0,    0,    0,    0,    0,    0,    0,    0,    0,    0,    0,    0,    0,    0,    0,    0,    0,    0,    0,    0,    0,    0,    0,    0,    0,    0,    0,    0,    0,    0,    0,    0,    0,    0,    0,    0,    0,    0,    0,    0,    0,    0,    0,    0,    0,    0,
       0,    0,    0,   18, -126,    0, -126,    0,    0,    0,    0,    0,    0,    0,    0,  -18,  -24,  -30,  -18,    0,    0,    0,  -12,    0,  -12,  -12,    0,    0,    0,    0,    0,    0,    0,    0,    0,    0,    0,    0,    0,    0,    0,    0,    0,    0,    0,    0,    0,    0,    0,    0,    0,    0,    0,    0,    0,    0,    0,    0,    0,    0,    0,    0,    0,    0,    0,    0,    0,    0,    0,    0,    0,    0,    0,    0,    0,    0,    0,    0,    0,    0,    0,    0,    0,    0,    0,    0,    0, -126,    0,    0,
     -12,    0,    0,    0,    0,    0,    0,    0,    0,    0,    0,    0,    0,    0,    0,  -18,  -18,    0,  -30,    0,    0,    0,    0,    0,    0,    0,    0,    0,    0,    0,    0,    0,    0,    0,    0,    0,    0,    0,    0,    0,    0,    0,    0,    0,    0,    0,    0,    0,    0,    0,    0,    0,    0,    0,    0,    0,    0,    0,    0,    0,    0,    0,    0,    0,    0,    0,    0,    0,    0,    0,    0,    0,    0,    0,    0,    0,    0,    0,    0,    0,    0,    0,    0,    0,    0,    0,    0,    0,    0,    0,
       0,    0,    0,    0,  -30,    0,  -42,    0,    0,    0,    0,    0,    0,    0,    0,  -18,  -12,    0,  -18,    0,    0,    0,    0,    0,    0,    0,    0,    0,    0,    0,    0,    0,    0,    0,    0,    0,    0,    0,    0,    0,    0,    0,    0,    0,    0,    0,    0,    0,    0,    0,    0,    0,    0,    0,    0,    0,    0,    0,    0,    0,    0,    0,    0,    0,    0,    0,    0,    0,    0,    0,    0,    0,    0,    0,    0,    0,    0,    0,    0,    0,    0,    0,    0,    0,    0,    0,    0,  -42,    0,    0,
       0,    0,    0,    0,  -42,    0,  -42,    0,    0,    0,    0,    0,    0,    0,    0,  -12,  -12,    0,  -18,    0,    0,    0,    0,    0,    0,    0,    0,    0,    0,    0,    0,    0,    0,    0,    0,    0,    0,    0,    0,    0,    0,    0,    0,    0,    0,    0,    0,    0,    0,    0,    0,    0,    0,    0,    0,    0,    0,    0,    0,    0,    0,    0,    0,    0,    0,    0,    0,    0,    0,    0,    0,    0,    0,    0,    0,    0,    0,    0,    0,    0,    0,    0,    0,    0,    0,    0,    0,  -42,    0,    0,
       0,    0,    0,    0,  -54,    0,  -54,    0,    0,    0,    0,    0,    0,    0,    0,    0,  -12,    0,    0,    0,    0,    0,    0,    0,    0,    0,    0,    0,    0,    0,    0,    0,    0,    0,    0,    0,    0,    0,    0,    0,    0,    0,    0,    0,    0,    0,    0,    0,    0,    0,    0,    0,    0,    0,    0,    0,    0,    0,    0,    0,    0,    0,    0,    0,    0,    0,    0,    0,    0,    0,    0,    0,    0,    0,    0,    0,    0,    0,    0,    0,    0,    0,    0,    0,    0,    0,    0,  -54,    0,    0,
       0,    0,    0,  -12,    0,    0,    0,    0,    0,    0,    0,    0,    0,    0,    0,  -24,  -18,    0,  -18,    0,    0,    0,    0,    0,    0,    0,    0,    0,    0,    0,    0,    0,    0,    0,    0,    0,    0,    0,    0,    0,    0,    0,    0,    0,    0,    0,    0,    0,    0,    0,    0,    0,    0,    0,    0,    0,    0,    0,    0,    0,    0,    0,    0,    0,    0,    0,    0,    0,    0,    0,    0,    0,    0,    0,    0,    0,    0,    0,    0,    0,    0,    0,    0,    0,    0,    0,  -12,    0,    0,    0,
       0,    0,    0,    0,    0,    0,    0,    0,    0,    0,    0,    0,    0,  -12,   -6,  -30,    0,    0,  -36,    0,    0,    0,    0,    0,    0,    0,    0,    0,    0,    0,    0,    0,    0,    0,    0,    0,    0,    0,    0,    0,    0,    0,    0,    0,    0,    0,    0,    0,    0,    0,    0,    0,    0,    0,    0,    0,    0,    0,    0,    0,    0,    0,    0,    0,    0,    0,    0,    0,    0,    0,    0,    0,    0,    0,    0,    0,    0,    0,    0,    0,    0,    0,    0,    0,    0,    0,    0,    0,    0,    0,
       0,    0,    0,    0,    0,    0,    0,    0,    0,    0,    0,    0,    0,    0,    0,    0,    0,    0,    0,    0,    0,    0,    0,    0,    0,    0,    0,    0,    0,    0,    0,    0,    0,    0,    0,    0,    0,    0,    0,    0,    0,    0,  -30,    0,    0,    0,    0,  -24,  -12,    0,    0,    0,   -6,    0,  -24,    0,    0,    0,    0,    0,    0,    0,    0,    0,    0,    0,    0,    0,    0,    0,    0,    0,    0,    0,    0,    0,    0,    0,    0,    0,    0,    0,    0,    0,    0,    0,    0,    0,    0,    0,
       0,    0,    0,    0,    0,    0,    0,    0,    0,    0,    0,    0,    0,  -18,   -6,  -30,  -30,    0,  -30,    0,    0,    0,    0,    0,    0,    0,    0,    0,    0,    0,    0,    0,    0,    0,    0,    0,    0,    0,    0,    0,    0,    0,    0,    0,    0,    0,    0,    0,    0,    0,    0,    0,    0,    0,    0,    0,    0,    0,    0,    0,    0,    0,    0,    0,    0,    0,    0,    0,    0,    0,    0,    0,    0,    0,    0,    0,    0,    0,    0,    0,    0,    0,    0,    0,    0,    0,    0,    0,    0,    0,
     -48,  -12,    0,  -42,    0,    0,    0,    0,    0,    0,    0,  -12,    0,  -36,  -12,  -48,  -42,    0,  -42,    0,    0,    0,    0,    0,  -12,  -12,    0,    0,    0,    0,    0,  -12,  -30,  -18,    0,  -30,    0,  -30,    0,    0,  -30,    0,    0,    0,    0,    0,    0,    0,    0,    0,    0,    0,    0,    0,    0,    0,    0,    0,    0,    0,    0,    0,    0,    0,    0,    0,    0,    0,    0,    0,    0,    0,    0,    0,    0,    0,    0,    0,    0,    0,    0,    0,    0,    0,    0,    0,  -54,    0,    0,    0,
      18,    0,   42,   24,    0,    0,    0,    0,   18,    0,   30,    0,    0,   42,   42,   54,   42,   42,   60,   48,    0,    0,    0,   54,    0,    0,    0,   54,    0,    0,    0,    0,    0,    0,    0,    0,    0,    0,    0,    0,    0,    0,    0,    0,    0,    0,    0,    0,    0,    0,    0,    0,    0,    0,    0,    0,    0,    0,    0,    0,    0,    0,    0,    0,    0,    0,    0,    0,    0,    0,    0,    0,    0,    0,    0,    0,    0,    0,    0,    0,    0,    0,    0,    0,    0,    0,   18,    0,    0,    0,
       0,    0,    0,  -18,    0,    0,    0,    0,    0,    0,    0,    0,    0,  -18,    0,  -30,    0,    0,    0,    0,    0,    0,    0,    0,    0,    0,    0,    0,    0,    0,    0,    0,    0,    0,    0,    0,    0,    0,    0,    0,    0,    0,    0,    0,    0,    0,    0,    0,    0,    0,    0,    0,    0,    0,    0,    0,    0,    0,    0,    0,    0,    0,    0,    0,    0,    0,    0,    0,    0,    0,    0,    0,    0,    0,    0,    0,    0,    0,    0,    0,    0,    0,    0,    0,    0,    0,    0,    0,    0,    0,
       0,    0,    0,    0,  -18,    0,  -18,    0,    0,  -24,    0,    0,    0,   12,    0,   12,   12,    0,   12,    0,    0,    0,  -12,    0,  -12,  -12,    0,    0,    0,  -12,  -12,    0,    0,  -12,  -12,  -12,    0,    0,    0,    0,    0,    0,    0,    0,    0,    0,    0,    0,    0,    0,    0,    0,    0,    0,    0,    0,    0,    0,    0,    0,    0,    0,    0,    0,    0,    0,    0,    0,    0,    0,    0,    0,    0,    0,    0,    0,    0,    0,    0,    0,    0,    0,    0,    0,    0,    0,    0,  -18,    0,    0,
       0,    0,    0,   12,   -6,    0,   -6,    0,    0,    0,    0,    0,    0,    0,    0,    0,    0,    0,    0,    0,    0,    0,    0,    0,    0,    0,    6,    0,   12,    0,   18,   12,    0,   18,    0,   18,    0,    0,    0,    0,    0,    0,    0,    0,    0,    0,    0,    0,    0,    0,    0,    0,    0,    0,    0,    0,    0,    0,    0,    0,    0,    0,    0,    0,    0,    0,    0,    0,    0,    0,    0,    0,    0,    0,    0,    0,    0,    0,    0,    0,    0,    0,    0,    0,    0,    6,    0,   -6,    0,    0,
       0,    0,    0,    0,  -18,    0,  -18,    0,    0,  -36,    0,  -12,    0,    0,    6,   18,    0,    0,   18,    0,    0,    0,  -30,    6,  -36,  -36,    0,    0,  -18,  -36,  -12,  -18,    0,  -12,    0,  -12,  -18,    0,    0,    0,    0,    0,    0,    0,    0,    0,    0,    0,    0,    0,    0,    0,    0,    0,    0,    0,    0,    0,    0,    0,    0,    0,    0,    0,    0,    0,    0,    0,    0,    0,    0,    0,    0,    0,    0,    0,    0,    0,    0,    0,    0,    0,    0,    0,    0,    0,    0,  -18,    0,    0,
       0,    0,    0,   12,    0,    0,    0,    0,    0,    0,    0,    0,    0,    0,    0,    0,    0,    0,    0,    0,    0,    0,    0,    0,    0,    0,    6,    0,   12,    0,    0,    0,    0,    0,    0,    0,    0,    0,    0,    0,    0,    0,    0,    0,    0,    0,    0,    0,    0,    0,    0,    0,    0,    0,    0,    0,    0,    0,    0,    0,    0,    0,    0,    0,    0,    0,    0,    0,    0,    0,    0,    0,    0,    0,    0,    0,    0,    0,    0,    0,    0,    0,    0,    0,    0,    6,    0,    0,    0,    0,
       0,    0,    0,    0,    0,    0,    0,    0,    0,    0,    0,    0,    0,    0,    0,    0,    0,    0,    0,    0,    0,    0,    0,    0,    0,    0,    0,    0,    0,    0,    0,    0,    0,    0,    0,    0,    0,    0,    0,    0,    0,    0,  -12,    0,    0,    0,    0,  -12,    0,    0,    0,    0,   -9,    0,    0,    0,    0,    0,    0,    0,    0,    0,    0,    0,  -12,    0,    0,    0,    0,  -12,  -12,    0,    0,    0,    0,    0,    0,    0,    0,    0,    0,    0,    0,  -12,    0,    0,    0,    0,    0,    0,
    -102,    0,  -12,  -48,    0,    0,    0,   -6,    0,    0,    0,    0,    0,    0,    0,    0,    0,    0,    0,    0,    0,   -6,    0,    0,    0,    0,    0,    0,    0,    0,    0,    0,    0,    0,    0,    0,    0,    0,    0,    0,    0,    0,  -48,    0,    0,   -9,    0, -108,   -6,   -6,   -6,    0,  -12,  -12,  -36,   -6,    0,    0,    0,    0,    0,    0,    0,    0,   -9,    0,   -6,   -6,  -18,    0,    0,    0,    0,    0,    0,    0,    0,    0,    0,    0,    0,    0,  -42,    0,    0,    0,  -90,    0,    0,    0,
       0,    0,    0,   18,  -36,  -24,  -36,  -18,    0,    0,    0,    0,    0,    0,    0,    0,    0,    0,    0,    0,    0,  -24,    0,    0,    0,    0,    0,    0,    0,    0,    0,    0,    0,    0,    0,    0,    0,    0,  -30,    0,    0,    0,    0,  -12,   -6,    0,  -18,    0,  -36,  -24,    0,    0,  -15,    0,    0,   -9,  -18,    0,   -6,  -18,    0,    0,   12,    0,  -36,    0,   24,    0,    6,    0,  -18,    0,   -9,   12,   12,    0,    0,    0,    0,    0,    0,    0,    0,    0,    0,    0,    0,  -36,    0,    0,
       0,    0,    0,    0,    0,    0,    0,    0,    0,    0,    0,    0,    0,    0,    0,    0,    0,    0,    0,    0,    0,    0,    0,    0,    0,    0,    0,    0,    0,    0,    0,    0,    0,    0,    0,    0,    0,    0,    0,    0,    0,    0,    0,    0,    0,    0,    0,   -6,    0,    0,    0,    0,   -6,    0,    0,    0,    0,    0,    0,    0,    0,    0,    0,    0,   -6,    0,    0,   -6,    0,    0,    0,    0,    0,    0,    0,    0,    0,    0,    0,    0,    0,    0,    0,    0,    0,    0,    0,    0,    0,    0,
       0,    0,    0,    0,    0,    0,    0,    0,    0,    0,    0,    0,    0,    0,    0,    0,    0,    0,    0,    0,    0,    0,    0,    0,    0,    0,    0,    0,    0,    0,    0,    0,    0,    0,    0,    0,    0,    0,    0,    0,    0,    0,   -6,    0,    0,    0,    0,   -6,   -6,   -6,    0,    0,  -15,   -6,  -18,    0,    0,    0,    0,    0,    0,    0,    0,    0,    0,    0,    0,    0,    0,    0,    0,    0,    0,    0,    0,    0,    0,    0,  -12,    0,    0,    0,  -12,    0,    0,    0,    0,    0,    0,    0,
       0,    0,    0,    0,    0,    0,    0,    0,    0,    0,    0,    0,    0,    0,    0,    0,    0,    0,    0,    0,    0,    0,    0,    0,    0,    0,    0,    0,    0,    0,    0,    0,    0,    0,    0,    0,    0,    0,    0,    0,    0,    0,    0,    0,    0,    0,    0,    0,    0,    0,    0,    0,   -6,    0,    0,    0,    0,    0,    0,    0,    0,    0,    0,    0,  -12,    0,    0,    0,    0,    0,    0,    0,    0,    0,    0,    0,    0,    0,    0,    0,    0,    0,    0,    0,    0,    0,    0,    0,    0,    0,
       0,    0,    0,    0,    0,    0,    0,    0,    0,    0,    0,    0,    0,    0,    0,    0,    0,    0,    0,    0,    0,    0,    0,    0,    0,    0,    0,    0,    0,    0,    0,    0,    0,    0,    0,    0,    0,    0,    0,    0,    0,    0,    0,    0,    0,    0,  -12,    0,  -12,   -9,    0,    0,  -12,    0,    0,    0,    0,    0,    0,    0,    0,    0,   18,    0,  -12,    0,    0,    0,    0,    0,    0,    0,    0,   18,   18,    0,    0,    0,    0,    0,    0,    0,    0,    0,    0,    0,    0,    0,    0,    0,
     -60,    0,  -12,  -30,    0,    0,    0,   -6,    0,    0,    0,    0,    0,    0,    0,    0,    0,    0,    0,    0,    0,   -6,    0,    0,    0,    0,    0,    0,    0,    0,    0,    0,    0,    0,    0,    0,    0,    0,    0,    0,    0,    0,  -48,    0,    0,   -9,    0,  -54,   -6,   -6,   -6,    0,  -12,  -12,  -36,   -6,    0,    0,    0,    0,    0,    0,    0,    0,   -9,    0,   -6,   -6,  -18,    0,    0,    0,    0,    0,    0,    0,    0,    0,    0,    0,    0,    0,  -24,    0,    0,    0,  -54,    0,    0,    0,
     -72,    0,  -24,  -42,    0,  -12,    0,  -12,    0,    0,    0,    0,    0,    0,    0,    0,    0,    0,    0,    0,    0,    0,    0,    0,    0,    0,    0,    0,    0,    0,    0,    0,    0,    0,    0,    0,    0,    0,  -30,    0,    0,    0,  -54,  -36,  -24,  -18,    0,  -84,    0,    0,    0,  -24,  -48,    0,  -78,    0,  -12,    0,   -6,  -12,    0,   -6,  -12,    0,  -12,    0,  -24,    0,  -30,    0,    0,    0,    0,  -12,  -12,  -12,   -6,  -12,    0,  -30,    0,  -18,  -42,    0,    0,    0,  -60,    0,    0,    0,
       0,    0,    0,    0,    0,  -12,    0,    0,    0,    0,    0,    0,    0,    0,    0,    0,    0,    0,    0,    0,    0,    0,    0,    0,    0,    0,    0,    0,    0,    0,    0,    0,    0,    0,    0,    0,    0,    0,  -18,    0,    0,    0,    0,  -18,   -6,    0,    6,    0,    0,   12,    0,   -6,  -30,    0,  -12,    0,  -12,   -6,    0,  -12,    0,    0,   -6,    0,    0,    0,   -6,    0,  -18,  -18,    0,    0,    0,   -6,    3,    0,   -6,    0,    0,    0,  -12,    0,    0,  -18,    0,    0,  -12,    0,    0,    0,
       0,    0,    6,   24,  -66,  -12,  -66,  -12,    0,    0,    0,    0,    0,    0,    0,    0,    0,    0,    0,    0,   12,  -48,    0,    0,    0,    0,    0,    0,    0,    0,    0,    0,    0,    0,    0,    0,    0,    0,  -24,    0,    0,    0,    0,  -30,   -6,    0,  -36,    0,  -84,  -48,    0,    0,  -36,    0,    0,  -24,  -30,    0,  -18,  -48,  -24,   -6,   -6,  -12,  -72,    0,    0,   -6,    0,    0,  -12,    0,  -24,   -6,   18,    0,    0,    0,    0,    0,  -24,    0,    0,    0,    0,    0,    0,  -66,    0,    0,
     -48,    0,    0,  -42,    0,   -6,    0,    0,    0,    0,    0,    0,    0,    0,    0,    0,    0,    0,    0,    0,    0,    0,    0,    0,    0,    0,    0,    0,    0,    0,    0,    0,    0,    0,    0,    0,    0,    0,  -12,    0,    0,    0,  -36,  -18,   -6,    0,    0,  -48,    0,    9,    0,   -6,  -30,    0,  -72,    0,  -18,  -12,    0,  -18,    0,    0,  -12,    0,   -6,    0,  -36,    0,  -42,  -24,    0,    0,   -6,  -12,  -12,    0,  -12,    0,    0,    0,    0,    0,  -36,  -24,    0,    0,  -54,    0,    0,    0,
       0,    0,    0,   -6,    0,    0,    0,  -12,    0,    0,    0,    0,    0,    0,    0,    0,    0,    0,    0,    0,    0,   -6,    0,    0,    0,    0,    0,    0,    0,    0,    0,    0,    0,    0,    0,    0,    0,    0,    0,    0,    0,    0,  -15,    0,   -6,  -18,    0,  -18,   -6,  -12,   -6,    0,  -12,   -6,  -24,   -6,    0,    0,    0,    0,    0,    0,    0,    0,  -12,   -6,   -9,  -15,  -12,   -6,  -12,    0,    0,    0,    0,    0,    0,    0,    0,    0,    0,    0,    0,    0,    0,    0,  -12,    0,    0,    0,
       0,    0,    0,   -6,    0,    0,    0,  -12,    0,    0,    0,    0,    0,    0,    0,    0,    0,    0,    0,    0,    0,   -6,    0,    0,    0,    0,    0,    0,    0,    0,    0,    0,    0,    0,    0,    0,    0,    0,    0,    0,    0,    0,  -21,    0,   -6,    0,    0,  -30,   -6,   -9,   -9,    0,   -6,   -6,  -30,    0,    0,    0,    0,    0,    0,    0,    0,    0,  -12,    0,    0,   -6,    0,  -12,   -6,    0,    0,    0,    0,    0,    0,    0,  -12,    0,    0,    0,  -12,  -12,  -18,    0,  -12,    0,    0,    0,
       0,    0,    6,    0,    0,    0,    0,    0,    0,    0,    0,    0,    0,    0,    0,    0,    0,    0,    0,    0,    0,   18,    0,    0,    0,    0,    0,    0,    0,    0,    0,    0,    0,    0,    0,    0,    0,    0,    0,    0,    0,    0,    0,   -6,    0,   12,    0,    0,    0,    0,    0,    0,  -12,    0,    0,    0,   -9,    0,   -6,   -9,    0,   -6,   -6,    0,   -6,    0,    0,    0,    0,   -6,   -6,    0,    0,   -6,    6,   12,    0,    0,    0,    0,    0,    0,    0,    0,    0,    0,    0,    0,    0,    0,
       0,    0,  -12,    0,  -12,    0,  -12,  -12,    0,    0,    0,    0,    0,    0,    0,    0,    0,    0,    0,    0,    0,  -12,    0,    0,    0,    0,    0,    0,    0,    0,    0,    0,    0,    0,    0,    0,    0,    0,    0,    0,    0,    0,  -12,    0,    0,   -9,   -9,  -45,  -12,  -21,  -12,    0,    0,  -12,   -6,   -6,    0,    0,    0,    0,    0,    0,    0,    0,  -24,    0,    0,   -6,    0,    0,    0,    0,    0,    0,    0,    0,    0,    0,  -12,    0,    0,    0,  -12,    0,    0,    0,    0,  -12,    0,    0,
       0,    0,  -12,    0,  -72,    0,  -72,  -12,    0,    0,    0,    0,    0,    0,    0,    0,    0,    0,    0,    0,    0,  -24,    0,    0,    0,    0,    0,    0,    0,    0,    0,    0,    0,    0,    0,    0,    0,    0,   -6,    0,    0,    0,    0,    0,    0,    0,  -30,  -12,  -30,  -42,  -24,   -9,    0,  -24,  -15,   -6,    0,    0,    0,    0,    0,    0,    0,    0,  -30,    0,   18,   -6,    0,    0,   -6,    0,    0,    0,    0,    0,    0,    0,    0,    0,    0,    0,    0,    0,    0,    0,    0,  -72,    0,    0,
       0,    0,  -12,   -6,  -18,    0,  -18,  -18,    0,    0,    0,    0,    0,    0,    0,    0,    0,    0,    0,    0,    0,  -24,    0,    0,    0,    0,    0,    0,    0,    0,    0,    0,    0,    0,    0,    0,    0,    0,   -6,    0,    0,   -6,  -24,    0,  -12,  -12,  -18,  -54,  -18,  -30,  -24,  -12,    0,  -24,  -18,  -18,    0,    0,    0,    0,    0,    0,    0,    0,  -24,    0,    0,  -12,    0,    0,   -3,    0,    0,    0,    0,    0,    0,    0,  -12,    0,    0,    0,    0,    0,    0,    0,  -18,  -18,    0,    0,
       0,    0,    0,    0,    0,  -12,    0,    0,    0,    0,    0,    0,    0,    0,    0,    0,    0,    0,    0,    0,    0,    0,    0,    0,    0,    0,    0,    0,    0,    0,    0,    0,    0,    0,    0,    0,    0,    0,  -12,    0,    0,    0,    0,  -12,   -6,    0,    0,    0,    0,    0,    0,    0,  -24,    0,  -12,    0,   -9,    0,   -6,   -9,    0,    0,   -3,    0,   -6,    0,   -6,    0,   -9,  -24,    0,    0,    0,   -3,   12,    0,  -12,    0,    0,    0,    0,    0,    0,  -18,    0,    0,    0,    0,    0,    0,
       0,    0,    0,    0,    0,    0,    0,    0,    0,    0,    0,    0,    0,    0,    0,    0,    0,    0,    0,    0,    0,    0,    0,    0,    0,    0,    0,    0,    0,    0,    0,    0,    0,    0,    0,    0,    0,    0,    0,    0,    0,   15,  -12,    0,    0,    0,   30,  -24,   27,   30,   36,    0,    0,   24,  -30,   30,    0,    0,    0,    0,    6,    0,    0,    0,   18,    0,    0,    9,   -6,   -9,    3,    0,    0,    0,    0,    0,    0,    0,    0,    0,    0,    0,    0,    0,    0,    0,    0,    0,    0,    0,
       0,    0,    0,    0,  -12,    0,  -12,    0,    0,    0,    0,    0,    0,    0,    0,    0,    0,    0,    0,    0,    0,  -12,    0,    0,    0,    0,    0,    0,    0,    0,    0,    0,    0,    0,    0,    0,    0,    0,    0,    0,    0,    0,  -24,    0,    0,    0,    0,  -60,  -12,    0,   -6,    0,    0,   -9,  -21,    0,    0,    0,    0,    0,   -6,   -6,    0,    0,  -12,    0,   -9,  -21,   -9,   -3,   -6,    0,    0,    0,    0,   -6,    0,    0,    0,    0,    0,    0,    0,    0,    0,    0,    0,  -12,    0,    0,
       0,    0,    0,   -6,   -6,    0,   -6,    0,    0,    0,    0,    0,    0,    0,    0,    0,    0,    0,    0,    0,    0,    0,    0,    0,    0,    0,    0,    0,    0,    0,    0,    0,    0,    0,    0,    0,    0,    0,    0,    0,    0,    0,  -18,    0,    0,    0,    0,  -36,    0,    0,    0,    0,    0,    0,  -30,    0,    0,    0,    0,    0,    0,    0,   -9,    0,   -9,    0,   -6,   -9,   -9,    0,    0,    0,    0,   -9,   -9,    0,    0,    0,    0,    0,    0,    0,  -12,    0,    0,    0,    0,   -6,    0,    0,
       0,    0,    0,   12,  -12,    0,  -12,    0,    0,    0,    0,    0,    0,    0,    0,    0,    0,    0,    0,    0,    0,    0,    0,    0,    0,    0,    0,    0,    0,    0,    0,    0,    0,    0,    0,    0,    0,    0,    0,    0,    0,    0,   -6,    0,    0,    0,    0,  -24,    0,    0,    0,    0,    0,    0,  -12,    0,    0,    0,    0,    0,    0,    0,    0,    0,  -18,    0,    0,   -6,    0,    0,   -6,    0,    0,    0,    0,    0,    0,    0,    0,    0,    0,    0,  -12,    0,    0,    0,    0,  -12,    0,    0,
       0,    0,    0,    0,  -12,    0,  -12,    0,    0,    0,    0,    0,    0,    0,    0,    0,    0,    0,    0,    0,    0,  -12,    0,    0,    0,    0,    0,    0,    0,    0,    0,    0,    0,    0,    0,    0,    0,    0,    0,    0,    0,    0,    0,    0,    0,    0,    0,  -30,  -12,    0,   -6,    0,    0,   -6,   -9,    0,    0,    0,    0,    0,    0,    0,    0,    0,  -18,    0,    0,   -9,    0,    0,   -9,    0,    0,    0,    0,    0,    0,    0,    0,    0,    0,    0,    0,    0,    0,    0,    0,  -12,    0,    0,
       0,    0,    0,    0,    0,    0,    0,    0,    0,    0,    0,    0,    0,    0,    0,    0,    0,    0,    0,    0,    0,    0,    0,    0,    0,    0,    0,    0,    0,    0,    0,    0,    0,    0,    0,    0,    0,    0,    0,    0,    0,    0,   -6,    0,    0,    0,    0,  -24,    0,    0,    0,    0,    0,    0,  -12,    0,    0,    0,    0,    0,    0,    0,    0,    0,   -6,    0,    0,   -6,    0,    0,    0,    0,    0,    0,    0,    0,    0,    0,    0,    0,    0,    0,    0,    0,    0,    0,    0,    0,    0,    0,
       0,    0,    0,    0,    0,    0,    0,    0,    0,    0,    0,    0,    0,    0,    0,    0,    0,    0,    0,    0,    0,    0,    0,    0,    0,    0,    0,    0,    0,    0,    0,    0,    0,    0,    0,    0,    0,    0,    0,    0,    0,    0,   -6,    0,    0,    0,    0,  -24,    0,    0,    0,    0,    0,    0,   -9,    3,   -6,    0,    0,   -6,    0,    0,    0,    0,   -6,    0,   12,   -3,    0,    0,    0,    0,    0,    0,    0,    0,    0,    0,    0,    0,  -12,    0,    0,    0,    0,    0,    0,    0,    0,    0,
       0,    0,    0,    0,    0,  -18,    0,    0,    0,    0,    0,    0,    0,    0,    0,    0,    0,    0,    0,    0,    0,    0,    0,    0,    0,    0,    0,    0,    0,    0,    0,    0,    0,    0,    0,    0,    0,    0,    0,    0,    0,    0,   -9,   -6,    0,    0,    6,  -30,    0,   12,    0,   -6,   -6,    0,  -30,    0,  -12,   -3,   -6,  -12,    0,    0,    0,    0,    0,    0,    0,    0,    0,    0,    0,    0,    0,    0,    0,    0,    0,    0,    0,    0,    0,    0,    0,    0,    0,    0,    0,    0,    0,    0,
       0,    0,    0,    0,  -12,    0,  -12,    0,    0,    0,    0,    0,    0,    0,    0,    0,    0,    0,    0,    0,    0,  -12,    0,    0,    0,    0,    0,    0,    0,    0,    0,    0,    0,    0,    0,    0,    0,    0,    0,    0,    0,    0,  -24,    0,    0,    0,    0,  -42,  -12,    0,   -6,    0,    0,   -9,  -21,    0,    0,    0,    0,    0,   -6,   -6,    0,    0,  -12,    0,   -9,  -21,   -9,   -3,   -6,    0,    0,    0,    0,   -6,    0,    0,    0,    0,    0,    0,    0,    0,    0,    0,    0,  -12,    0,    0,
       0,    0,    0,   18,    0,    0,    0,    0,    0,    0,    0,    0,    0,    0,    0,    0,    0,    0,    0,    0,    0,    0,    0,    0,    0,    0,    0,    0,    0,    0,    0,    0,    0,    0,    0,    0,    0,    0,    0,    0,    0,   24,  -24,    0,    0,    0,   30,  -18,   30,   33,   36,    0,    0,   27,  -36,   30,    0,    0,    0,    0,   15,    3,    0,    0,   21,    0,   -6,    9,  -12,    0,    9,    0,    0,    0,    0,    0,    0,    0,    0,    0,    0,    0,    0,    0,    0,    0,  -18,    0,    0,    0,
       0,    0,    0,    0,    0,    0,    0,    0,    0,    0,    0,    0,    0,    0,    0,    0,    0,    0,    0,    0,    0,    0,    0,    0,    0,    0,    0,    0,    0,    0,    0,    0,    0,    0,    0,    0,    0,    0,    0,    0,    0,    0,   -6,    0,    0,    0,    0,  -24,    0,    0,    0,    0,    0,    0,   -9,    3,   -6,    0,    0,   -6,    0,    0,    0,    0,   -6,    0,    0,   -3,    0,    0,    0,    0,    0,    0,    0,    0,    0,    0,    0,    0,  -12,    0,    0,    0,    0,    0,    0,    0,    0,    0,
       0,    0,   -6,    0,  -12,    0,  -12,    0,    0,    0,    0,    0,    0,    0,    0,    0,    0,    0,    0,    0,    0,  -12,    0,    0,    0,    0,    0,    0,    0,    0,    0,    0,    0,    0,    0,    0,    0,    0,    0,    0,    0,    0,   -6,    0,    0,    0,   -9,  -18,  -12,  -12,   -6,  -12,    0,   -6,  -18,    0,    0,    0,   -6,    0,  -12,   -6,    0,    0,  -42,    0,    0,  -21,    0,    0,   -6,    0,    0,    0,    0,    0,    0,    0,    0,    0,    0,    0,    0,    0,    0,    0,    0,  -12,    0,    0,
       0,    0,   24,  -12,    0,    0,    0,    0,    0,    0,    0,    0,    0,    0,    0,    0,    0,    0,    0,    0,    0,   48,    0,    0,    0,    0,    0,    0,    0,    0,    0,    0,    0,    0,    0,    0,    0,    0,    9,    0,    0,   24,  -12,    0,    0,   36,   33,   -9,   36,   36,   42,    0,   -6,   36,  -30,   39,    0,    0,    0,    0,   15,    6,    0,    0,   24,    0,    0,   15,   -6,   -9,   12,    0,   12,    0,    0,   18,    0,    0,    0,    0,    0,    0,    0,    0,    0,    0,  -12,    0,    0,    0,
     -42,    0,    0,  -36,    0,    0,    0,    0,    0,    0,    0,    0,    0,    0,    0,    0,    0,    0,    0,    0,    0,    0,    0,    0,    0,    0,    0,    0,    0,    0,    0,    0,    0,    0,    0,    0,    0,    0,    0,    0,    0,    0,  -42,    0,    0,    0,    6,  -42,    0,    0,    0,    0,   -6,    0,  -66,    0,    0,    0,    0,    0,    0,    0,   -6,    0,    0,    0,  -21,    0,  -27,  -30,   -6,    0,    0,   -6,   -6,    0,    0,    0,    0,    0,    0,    0,    0,    0,    0,    0,  -36,    0,    0,    0,
       0,    0,    0,    0,    0,    0,    0,    0,    0,    0,    0,    0,    0,    0,    0,    0,    0,    0,    0,    0,    0,    0,    0,    0,    0,    0,    0,    0,    0,    0,    0,    0,    0,    0,    0,    0,    0,    0,    0,    0,    0,    0,  -12,    0,    0,    0,    0,  -60,    0,    0,    0,    0,    0,    0,  -33,    0,    0,    0,    0,    0,    0,    0,    0,    0,  -18,    0,    0,    0,   -6,    0,    0,    0,    0,    0,    0,    0,    0,    0,    0,    0,    0,    0,    0,    0,    0,    0,  -12,    0,    0,    0,
       0,    0,    0,    0,  -12,    0,  -12,    0,    0,    0,    0,    0,    0,    0,    0,    0,    0,    0,    0,    0,    0,    0,    0,    0,    0,    0,    0,    0,    0,    0,    0,    0,    0,    0,    0,    0,    0,    0,    0,    0,    0,    0,  -12,    0,    0,    0,    0,  -36,    0,    0,    0,    0,    0,    0,  -30,    0,    0,    0,    0,    0,    0,    0,    0,    0,    0,    0,    0,   -9,    0,    0,    0,    0,    0,    0,    0,    0,    0,    0,    0,    0,    0,    0,    0,    0,    0,    0,    0,  -12,    0,    0,
       0,    0,    0,    0,    0,    0,    0,    0,    0,    0,    0,    0,    0,    0,    0,    0,    0,    0,    0,    0,    0,    0,    0,    0,    0,    0,    0,    0,    0,    0,    0,    0,    0,    0,    0,    0,    0,    0,    0,    0,    0,   15,  -15,    0,    0,    0,   30,  -18,   27,   30,   36,    0,    0,   24,  -31,   30,    0,    0,    0,    0,    6,    0,    0,    0,   18,    0,    0,    9,   -6,   -9,    3,    6,    0,    0,    0,    0,    0,    0,    0,    0,    0,    0,    0,    0,    0,    0,    0,    0,    0,    0,
       0,    0,    0,    0,    0,    0,    0,    0,    0,    0,    0,    0,    0,    0,    0,    0,    0,    0,    0,    0,    0,    0,    0,    0,    0,    0,    0,    0,    0,    0,    0,    0,    0,    0,    0,    0,    0,    0,    0,    0,    0,    0,    0,    0,    0,    0,    0,    0,    0,    0,    0,    0,    0,    0,  -12,    0,    0,    0,    0,    0,    0,    0,    0,    0,  -30,    0,    0,    0,    0,    0,  -12,    0,    0,    0,    0,    0,    0,    0,    0,    0,    0,    0,    0,    0,    0,    0,    0,    0,    0,    0,
       0,    0,    0,    0,    0,    0,    0,    0,    0,    0,    0,    0,    0,    0,    0,    0,    0,    0,    0,    0,    0,    0,    0,    0,    0,    0,    0,    0,    0,    0,    0,    0,    0,    0,    0,    0,    0,    0,    0,    0,    0,    0,    0,    0,    0,    0,    0,    0,    0,    0,    0,    0,    0,    0,    0,    0,    0,    0,    0,    0,    0,    0,    0,    0,  -24,    0,    0,    0,    0,    0,    0,    0,    0,    0,    0,    0,    0,    0,    0,    0,    0,    0,    0,    0,    0,    0,    0,    0,    0,    0,
       0,    0,    0,    0,    0,    0,    0,    0,    0,    0,    0,    0,    0,    0,    0,    0,    0,    0,    0,    0,    0,    0,    0,    0,    0,    0,    0,    0,    0,    0,    0,    0,    0,    0,    0,    0,    0,    0,    0,    0,    0,    0,    0,    0,    0,    0,    0,    0,    0,    0,    0,    0,    0,    0,  -12,    0,    0,    0,    0,    0,    0,    0,    0,    0,    0,    0,    0,    0,    0,  -18,    0,    0,    0,    0,    0,    0,    0,    0,    0,    0,    0,    0,    0,  -18,    0,    0,    0,    0,    0,    0,
       0,    0,    0,    0,    0,    0,    0,    0,    0,    0,    0,    0,    0,    0,    0,    0,    0,    0,    0,    0,    0,    0,    0,    0,    0,    0,    0,    0,    0,    0,    0,    0,    0,    0,    0,    0,    0,    0,    0,    0,    0,    0,    0,    0,    0,    0,    0,    0,    0,  -36,    0,    0,    0,    0,    0,    0,    0,    0,    0,    0,    0,    0,    0,    0,  -42,    0,    0,    0,    0,    0,    0,    0,    0,    0,    0,    0,    0,    0,    0,    0,    0,    0,    0,    0,    0,    0,    0,    0,    0,    0,
       0,    0,    0,    0,    0,    0,    0,    0,    0,    0,    0,    0,    0,    0,    0,    0,    0,    0,    0,    0,    0,    0,    0,    0,    0,    0,    0,    0,    0,    0,    0,    0,    0,    0,    0,    0,    0,    0,    0,    0,    0,    0,    0,    0,    0,    0,    0,    0,    0,    0,    0,    0,    0,    0,    0,    0,    0,    0,    0,    0,    0,    0,    0,    0,  -42,    0,    0,    0,    0,    0,    0,    0,    0,    0,    0,    0,    0,    0,    0,    0,    0,    0,    0,    0,    0,    0,    0,    0,    0,    0,
       0,    0,    0,    0,  -54,    0,  -54,    0,    0,    0,    0,    0,    0,    0,    0,    0,    0,    0,    0,    0,    0,    0,    0,    0,    0,    0,    0,    0,    0,    0,    0,    0,    0,    0,    0,    0,    0,    0,    0,    0,    0,    0,    0,    0,    0,    0,    0,    0,    0,    0,    0,    0,    0,    0,    0,    0,    0,    0,    0,    0,    0,    0,    0,    0,    0,    0,    0,    0,    0,    0,    0,    0,    0,    0,    0,    0,    0,    0,    0,    0,    0,    0,    0,    0,    0,    0,    0,  -54,    0,    0,
       0,    0,    0,    0,  -42,    0,  -42,    0,    0,    0,    0,    0,    0,    0,    0,    0,    0,    0,    0,    0,    0,    0,    0,    0,    0,    0,    0,    0,    0,    0,    0,    0,    0,    0,    0,    0,    0,    0,    0,    0,    0,    0,    0,  -12,    0,    0,    0,    0,  -36,  -36,    0,    0,    0,    0,    0,    0,    0,    0,    0,    0,    0,    0,    0,    0,  -36,    0,    0,    0,    0,    0,    0,    0,    0,    0,    0,    0,  -12,    0,    0,    0,  -12,    0,    0,    0,    0,    0,    0,  -42,    0,    0,
       0,    0,    0,   18,  -42,    0,  -42,    0,    0,    0,    0,    0,    0,    0,    0,    0,    0,    0,    0,    0,    0,    0,    0,    0,    0,    0,    0,    0,    0,    0,    0,    0,    0,    0,    0,    0,    0,    0,    0,    0,    0,    0,    0,    0,    0,    0,    0,    0,  -36,  -24,    0,    0,    0,    0,    0,    0,    0,    0,    0,    0,    0,    0,    0,    0,  -36,    0,    0,    0,    0,    0,    0,    0,    0,    0,    0,    0,    0,    0,    0,    0,  -24,    0,    0,    0,    0,    0,    0,  -42,    0,    0,
       0,    0,    0,    0,    0,    0,    0,    0,    0,    0,    0,    0,    0,    0,    0,    0,    0,    0,    0,    0,    0,    0,    0,    0,    0,    0,    0,    0,    0,    0,    0,    0,    0,    0,    0,    0,    0,    0,    0,    0,    0,    0,    0,    0,    0,    0,    0,  -12,    0,  -30,    0,    0,    0,    0,    0,    0,    0,    0,    0,    0,    0,    0,    0,    0,  -24,    0,    0,    0,    0,    0,    0,    0,    0,    0,    0,    0,    0,    0,  -12,    0,    0,    0,    0,    0,    0,    0,    0,    0,    0,    0,
       0,    0,    0,  -12,    0,    0,    0,    0,    0,    0,    0,    0,    0,    0,    0,    0,    0,    0,    0,    0,    0,    0,    0,    0,    0,    0,    0,    0,    0,    0,    0,    0,    0,    0,    0,    0,    0,    0,    0,    0,    0,    0,    0,    0,    0,    0,    0,    0,    0,    0,    0,    0,    0,    0,    0,    0,    0,    0,    0,    0,    0,    0,    0,    0,    0,    0,    0,    0,    0,    0,    0,    0,    0,    0,    0,    0,    0,    0,    0,    0,    0,    0,    0,    0,    0,    0,  -12,    0,    0,    0,
       0,    0,    0,    0,    0,    0,    0,    0,    0,    0,    0,    0,    0,    0,    0,    0,    0,    0,    0,    0,    0,    0,    0,    0,    0,    0,    0,    0,    0,    0,    0,    0,    0,    0,    0,    0,    0,    0,    0,    0,    0,    0,    0,    0,    0,    0,    0,    0,    0,    0,    0,    0,    0,    0,    0,    0,    0,    0,    0,    0,    0,    0,    0,    0,    0,    0,    0,    0,    0,    0,    0,    0,    0,    0,    0,    0,    0,    0,    0,    0,  -12,    0,    0,    0,    0,    0,    0,    0,    0,    0,
       0,    0,    0,    0,    0,    0,    0,    0,    0,    0,    0,    0,    0,    0,    0,    0,    0,    0,    0,    0,    0,    0,    0,    0,    0,    0,    0,    0,    0,    0,    0,    0,    0,    0,    0,  -12,    0,    0,    0,    0,    0,    0,    0,    0,    0,    0,    0,    0,    0,    0,    0,    0,    0,    0,    0,    0,    0,    0,    0,    0,    0,    0,    0,    0,    0,    0,    0,    0,    0,    0,    0,    0,    0,    0,    0,    0,    0,    0,    0,    0,    0,    0,    0,    0,    0,    0,    0,    0,    0,    0,
       0,    0,    0,    0,    0,    0,    0,    0,    0,  -42,    0,    0,    0,    0,    0,    0,    0,    0,    0,    0,    0,    0,    0,    0,    0,    0,    6,    0,    0,    0,    0,    0,    0,    0,    0,   12,    0,    0,    0,  -84,    0,    0,    0,    0,    0,    0,  -18,    0,  -42,  -36,    0,    0,    0,    0,    0,    0,    0,    0,    0,    0,    0,    0,   12,    0,  -18,    0,   42,    0,   24,    0,    0,   18,    0,   24,   24,   18,    0,    0,    0,    0,  -24,    0,    0,    0,  -84,    0,    0,    0,    0,    0,
       0,    0,    0,    0,    0,    0,    0,    0,    0,  -54,    0,    0,    0,    0,    0,    0,    0,    0,    0,    0,    0,    0,   -6,    0,   -6,   -6,    0,    0,    0,  -30,    0,    0,    0,    0,    0,    0,    0,    0,    0,  -84,    0,    0,    0,    0,    0,    0,  -24,   12,  -42,  -36,    0,    0,    0,    0,    0,    0,   -6,    0,    0,   -6,    0,    0,   24,   24,  -12,   24,   30,    0,   36,   30,    0,   30,    0,   24,   24,   12,    0,    0,    0,    0,    0,    0,    0,    0,  -84,    0,    0,    0,    0,    0,
       0,    0,    0,    0,    0,    0,    0,    0,    0,    0,    0,    0,    0,    0,    0,    0,    0,    0,    0,    0,    0,    0,    0,    0,    0,    0,    0,    0,    0,    0,    0,    0,    0,    0,    0,    0,    0,    0,    0,    0,    0,    0,    0,    0,    0,    0,    0,    0,    0,    0,    0,    0,    0,    0,    0,    0,    0,    0,    0,    0,    0,    0,    0,    0,    0,    0,    0,    0,    0,    0,    0,    0,    0,    0,    0,    0,    0,    0,    0,    0,    0,    0,    0,    0,    0,    0,    0,    0,   42,    0,
       0,    0,    0,    0,    0,    0,    0,    0,    0,    0,    0,    0,    0,    0,    0,    0,    0,    0,    0,    0,    0,    0,    0,    0,    0,    0,    0,    0,    0,    0,    0,    0,    0,    0,    0,    0,    0,    0,    0,    0,    0,    0,    0,    0,    0,    0,    0,    0,    0,    0,    0,    0,    0,    0,    0,    0,    0,    0,    0,    0,    0,    0,    0,    0,    0,    0,    0,    0,    0,    0,    0,    0,    0,    0,    0,    0,    0,    0,    0,    0,    0,    0,    0,    0,    0,    0,    0,    0,    0,   48,
     -18,    0,    0,    0,    0,    0,    0,    0,    0,    0,    0,    0,    0,    0,    0,    0,    0,    0,    0,    0,    0,    0,    0,    0,    0,    0,    0,    0,    0,    0,    0,    0,    0,    0,    0,   -9,    0,    0,    0,    0,    0,    0,    0,    0,    0,    0,    0,    0,    0,    0,    0,    0,    0,    0,    0,    0,    0,    0,    0,    0,    0,    0,    0,    0,    0,    0,    0,    0,    0,    0,    0,    0,    0,    0,    0,    0,    0,    0,    0,    0,    0,    0,    0,    0,    0,    0,    0,    0,    0,    0,
       0,    0,    0,    0,    0,    0,    0,    0,    0,    0,    0,    0,    0,    0,    0,    0,    0,    0,    0,    0,    0,    0,    0,    0,    0,    0,    0,    0,    0,    0,    0,    0,    0,    0,    0,   -9,    0,    0,    0,    0,    0,    0,    0,    0,    0,    0,    0,    0,    0,    0,    0,    0,    0,    0,    0,    0,    0,    0,    0,    0,    0,    0,    0,    0,    0,    0,    0,    0,    0,    0,    0,    0,    0,    0,    0,    0,    0,    0,    0,    0,    0,    0,    0,    0,    0,    0,    0,    0,    0,    0,
};

static const EpdLigaturePair notoserif_18_bolditalicLigaturePairs[] = {
    { 0x00660066, 0xFB00 }, // f f -> U+FB00
    { 0x00660069, 0xFB01 }, // f i -> U+FB01
    { 0x0066006C, 0xFB02 }, // f l -> U+FB02
    { 0xFB000069, 0xFB03 }, // U+FB00 i -> U+FB03
    { 0xFB00006C, 0xFB04 }, // U+FB00 l -> U+FB04
};

static const EpdFontData notoserif_18_bolditalic = {
    notoserif_18_bolditalicBitmaps,
    notoserif_18_bolditalicGlyphs,
    notoserif_18_bolditalicIntervals,
    20,
    51,
    41,
    -11,
    true,
    notoserif_18_bolditalicGroups,
    13,
    nullptr,
    notoserif_18_bolditalicKernLeftClasses,
    notoserif_18_bolditalicKernRightClasses,
    notoserif_18_bolditalicKernMatrix,
    551,
    557,
    103,
    90,
    notoserif_18_bolditalicLigaturePairs,
    5,
};
