/**
 * generated by fontconvert.py
 * name: opendyslexic_8_regular
 * size: 8
 * mode: 2-bit  compressed: true
 * Command used: fontconvert.py opendyslexic_8_regular 8 ../builtinFonts/source/OpenDyslexic/OpenDyslexic-Regular.otf --2bit --compress --force-autohint
 */
#pragma once
#include "EpdFontData.h"

static const uint8_t opendyslexic_8_regularBitmaps[17337] = {
    0x85, 0x57, 0x31, 0x6C, 0x1C, 0xC7, 0x15, 0x7D, 0xBB, 0x2B, 0x73, 0x13, 0x6D, 0x78, 0xCB, 0xC2,
    0x55, 0x24, 0xDE, 0xAA, 0x70, 0xA1, 0x28, 0xBC, 0x5B, 0x16, 0x42, 0x40, 0x1B, 0x77, 0xB7, 0x03,
    0xA4, 0x34, 0x92, 0xA8, 0x48, 0xAA, 0x14, 0xAA, 0x2D, 0x27, 0x10, 0x0B, 0x16, 0x44, 0xB2, 0xE2,
    0x0D, 0xA0, 0xC2, 0x85, 0x1B, 0x76, 0x69, 0x55, 0xA8, 0xA0, 0xA8, 0xC0, 0xBC, 0x00, 0x02, 0x22,
    0xC0, 0x67, 0xDE, 0x38, 0x8D, 0x90, 0x28, 0x41, 0x36, 0x29, 0xE2, 0x22, 0x88, 0xBD, 0x92, 0x1C,
    0x18, 0x90, 0x80, 0x70, 0x24, 0x1D, 0xA0, 0x35, 0xBD, 0x77, 0x93, 0x37, 0x73, 0x47, 0x4A, 0x32,
    0xE4, 0x64, 0xE7, 0xFF, 0x25, 0x77, 0x77, 0x66, 0xFE, 0xCC, 0xFF, 0xEF, 0xBF, 0xF9, 0xE7, 0x23,
    0x44, 0x34, 0x6F, 0xF1, 0x0B, 0x2D, 0x02, 0xD0, 0x46, 0xE6, 0x5A, 0xDD, 0xAD, 0xBA, 0xBA, 0x63,
    0x1B, 0x4E, 0x87, 0x7C, 0xBF, 0x62, 0x3F, 0x76, 0x62, 0xDE, 0xD6, 0x1A, 0x40, 0x66, 0x8C, 0x11,
    0xE7, 0xF6, 0xF7, 0x76, 0x81, 0x8D, 0x65, 0xCC, 0x6F, 0xB7, 0x5A, 0xBC, 0x0D, 0x56, 0x80, 0x3E,
    0xBF, 0xE2, 0xD2, 0xE1, 0xFE, 0x0D, 0x80, 0xC3, 0xE1, 0x1D, 0xDF, 0x66, 0xD7, 0x5B, 0xCA, 0xA9,
    0x67, 0xC6, 0x88, 0xCC, 0xE7, 0x88, 0x7F, 0xA5, 0xD0, 0xE4, 0x73, 0x42, 0x8D, 0x8D, 0x42, 0xC8,
    0xF7, 0xE8, 0x4F, 0xD9, 0xC7, 0x48, 0xAA, 0x3A, 0x41, 0x4D, 0x8D, 0x91, 0x7D, 0x33, 0xC5, 0x65,
    0xF6, 0x3F, 0x1A, 0x0F, 0x5C, 0x00, 0x54, 0xDB, 0x97, 0x1F, 0x5E, 0x85, 0xFA, 0x13, 0xD4, 0x9F,
    0xF1, 0xE1, 0x0E, 0xDA, 0xEB, 0xC0, 0x23, 0xE9, 0xFD, 0xA7, 0x0C, 0xD6, 0x57, 0xA3, 0xD5, 0xD5,
    0xC5, 0x76, 0xB9, 0x12, 0xC9, 0xD7, 0x69, 0xFE, 0x02, 0xD2, 0x1A, 0x9B, 0x0D, 0xAC, 0xC7, 0xD8,
    0x5C, 0x46, 0xFB, 0x36, 0xA2, 0x12, 0x69, 0x89, 0x2B, 0xF9, 0x6B, 0x55, 0x1C, 0x57, 0xC1, 0xA4,
    0xF6, 0xEA, 0xFE, 0xCD, 0x3A, 0x35, 0x7F, 0xF4, 0xBF, 0x44, 0x35, 0xD6, 0x5A, 0x03, 0x81, 0x08,
    0xD1, 0xC0, 0x69, 0x74, 0x70, 0x1E, 0xEB, 0x18, 0x40, 0xA3, 0x9C, 0x37, 0xCD, 0xA7, 0x01, 0x36,
    0xB0, 0xC6, 0x6F, 0x2D, 0xE7, 0xBA, 0x50, 0x2E, 0xF1, 0xE9, 0x34, 0xFB, 0x87, 0x1C, 0x17, 0x28,
    0x5F, 0x79, 0x05, 0x8A, 0xE3, 0x01, 0xA5, 0x57, 0xF8, 0x7C, 0x17, 0xC8, 0x50, 0x58, 0x97, 0xB7,
    0x38, 0x0E, 0xDC, 0xC1, 0xC7, 0x58, 0xFB, 0x2B, 0xA2, 0x31, 0xC2, 0x31, 0x5A, 0x77, 0xC5, 0x99,
    0x8F, 0xED, 0x4B, 0xDB, 0xCF, 0x57, 0x37, 0x1F, 0x1A, 0x33, 0xFB, 0x2F, 0x91, 0x89, 0x48, 0x18,
    0x96, 0x2E, 0x76, 0x77, 0x4C, 0xBD, 0xD2, 0xED, 0x01, 0x02, 0x1E, 0xFB, 0x49, 0x1A, 0x42, 0x00,
    0x1A, 0xA4, 0x55, 0x2C, 0x82, 0xD6, 0x41, 0xE7, 0xAF, 0x81, 0xCB, 0xE5, 0xEA, 0xB8, 0x48, 0x1A,
    0xE6, 0x2A, 0x7C, 0x85, 0xC0, 0xF5, 0x65, 0x04, 0x63, 0xD7, 0x77, 0xD9, 0x75, 0xEC, 0xB8, 0x8E,
    0xC2, 0x85, 0x84, 0xCE, 0x68, 0x0F, 0x71, 0xBE, 0x81, 0xDF, 0xBD, 0x87, 0x27, 0x77, 0x70, 0xFF,
    0x0E, 0xEE, 0xBD, 0x2F, 0x74, 0x04, 0x1D, 0xE3, 0x76, 0x8A, 0x6C, 0x6A, 0x9D, 0xC7, 0x3E, 0xAF,
    0x11, 0x18, 0xEF, 0x1E, 0x43, 0x67, 0xD6, 0x2E, 0xFE, 0xD4, 0xD4, 0xA6, 0x3E, 0x55, 0xA1, 0xB7,
    0x87, 0xA5, 0x50, 0x38, 0x5B, 0x12, 0x91, 0x40, 0x02, 0x6C, 0xC1, 0xAF, 0x11, 0x6B, 0xA4, 0x05,
    0x11, 0xA3, 0x28, 0xB3, 0x30, 0x2C, 0x35, 0x61, 0x17, 0x4E, 0x39, 0x89, 0xA0, 0x86, 0xBF, 0xCF,
    0x4D, 0xB8, 0x81, 0xA1, 0x4C, 0x8D, 0xC8, 0x0C, 0x52, 0x22, 0xE0, 0x84, 0xDB, 0x10, 0x17, 0xC9,
    0x0E, 0x7F, 0x41, 0xF8, 0x23, 0xC4, 0x8B, 0xE8, 0x2C, 0xDA, 0x79, 0xCE, 0x8D, 0x24, 0x38, 0x03,
    0x25, 0xE1, 0x23, 0x7A, 0x37, 0xEC, 0x9E, 0x67, 0x92, 0x55, 0x38, 0xB7, 0x07, 0xE7, 0x18, 0xB9,
    0x14, 0xC9, 0x8C, 0xB3, 0x4D, 0xDD, 0x6C, 0xEF, 0x10, 0x6A, 0x74, 0xFB, 0xDC, 0x35, 0x8F, 0x2F,
    0xC0, 0x4C, 0x50, 0x25, 0xD0, 0xA1, 0x28, 0x03, 0x39, 0x08, 0xE4, 0x9B, 0x89, 0x48, 0xA7, 0x36,
    0x0E, 0xBB, 0x37, 0x08, 0xB3, 0x06, 0x5D, 0xB4, 0x42, 0xDB, 0x1D, 0xE4, 0xB8, 0x8D, 0x31, 0xC6,
    0x9E, 0x0E, 0x34, 0xD7, 0x1E, 0x4F, 0xD1, 0x8A, 0xC4, 0x5A, 0x20, 0x3B, 0x81, 0x5C, 0x66, 0xD0,
    0xB9, 0xB9, 0x0F, 0xD0, 0x8D, 0x44, 0x27, 0x50, 0x9B, 0x81, 0xEA, 0x84, 0x2A, 0xDD, 0x43, 0x58,
    0x1D, 0x81, 0x2D, 0xB5, 0xEE, 0x2B, 0x23, 0x51, 0x86, 0x52, 0x87, 0x72, 0x33, 0xE6, 0xE6, 0xA4,
    0xF7, 0x1B, 0x1B, 0x8A, 0xA5, 0xC4, 0xFA, 0x94, 0x8B, 0x6D, 0xF5, 0x7A, 0xCE, 0xFF, 0xFC, 0x1B,
    0x73, 0x37, 0xE9, 0x51, 0x8A, 0xE0, 0x79, 0xD4, 0x9D, 0x27, 0x72, 0x84, 0x1A, 0x23, 0x41, 0xA8,
    0x64, 0x02, 0x59, 0xC1, 0x1C, 0xD9, 0x46, 0x32, 0x01, 0x7E, 0xC9, 0xCF, 0xE7, 0x76, 0x46, 0x53,
    0x3C, 0xFF, 0xBB, 0xC9, 0xC1, 0xDB, 0xF0, 0xF9, 0x91, 0x5E, 0xF7, 0x2B, 0x9C, 0xAA, 0x16, 0xCC,
    0x36, 0xD3, 0xE6, 0x4B, 0x37, 0xEF, 0xC2, 0x36, 0xB2, 0x09, 0x36, 0x92, 0x23, 0x8F, 0x5B, 0xA7,
    0x0B, 0x0B, 0x8B, 0x16, 0xBC, 0x0A, 0x41, 0x89, 0x40, 0xCD, 0xC5, 0x73, 0xFD, 0xFD, 0xD9, 0x63,
    0x01, 0xBB, 0x2F, 0xF4, 0x47, 0xCC, 0xE3, 0x80, 0x30, 0xE6, 0xB6, 0xC2, 0x6B, 0xEB, 0x8D, 0xEF,
    0xAC, 0xAF, 0x2E, 0xBF, 0xBE, 0xBA, 0xDA, 0x7A, 0x63, 0x75, 0xBD, 0xD5, 0xD4, 0x65, 0x12, 0xDD,
    0x54, 0xB1, 0x3C, 0x69, 0x91, 0x82, 0x80, 0x14, 0x80, 0x11, 0x75, 0x61, 0x66, 0x98, 0x7B, 0x61,
    0x78, 0xA8, 0x7D, 0x22, 0xEE, 0xF7, 0x12, 0x78, 0x40, 0x13, 0x7F, 0x2F, 0x38, 0xBB, 0xB5, 0xA9,
    0xB9, 0x8A, 0x5B, 0x5C, 0x46, 0x87, 0x0C, 0x50, 0x23, 0x65, 0x08, 0x7A, 0x3F, 0xBB, 0xCC, 0x5D,
    0xC7, 0x18, 0x22, 0x96, 0xA6, 0xC2, 0xE1, 0x1E, 0xE8, 0x46, 0xC6, 0x8A, 0xFE, 0x64, 0xE8, 0xEC,
    0xA3, 0xCF, 0x91, 0x05, 0x53, 0xCB, 0x4A, 0x50, 0x1A, 0x53, 0x18, 0xA3, 0x38, 0xD0, 0x7A, 0xBF,
    0x5F, 0xFB, 0xD3, 0x9D, 0xA8, 0x40, 0x2C, 0xAC, 0xD9, 0xAE, 0x83, 0x51, 0xC7, 0xFD, 0xC3, 0x15,
    0x64, 0xC5, 0xB7, 0x52, 0x53, 0xD3, 0x4E, 0x48, 0x53, 0x7B, 0xD7, 0x39, 0x39, 0xC8, 0x2E, 0x28,
    0x2F, 0x72, 0x22, 0xDF, 0xE6, 0x78, 0x4D, 0xCD, 0xA9, 0x5D, 0x6A, 0x6F, 0xAE, 0x7D, 0x7E, 0x9B,
    0xB2, 0xDF, 0x84, 0x5A, 0x51, 0x4B, 0x58, 0x53, 0x24, 0xC1, 0xC3, 0x5D, 0x7E, 0x7D, 0x2E, 0x87,
    0xD7, 0x41, 0xFA, 0x7A, 0xF1, 0x0D, 0xFB, 0x38, 0x91, 0x66, 0x72, 0x78, 0x63, 0xC6, 0x06, 0x66,
    0x6C, 0xC6, 0x25, 0x5E, 0x6E, 0x3E, 0x87, 0x25, 0x0F, 0x77, 0x60, 0xF1, 0x90, 0x5B, 0x32, 0xA5,
    0x12, 0xB7, 0x36, 0x8B, 0x61, 0xA1, 0xA7, 0x7D, 0x23, 0xD9, 0x43, 0xD6, 0x04, 0x67, 0x5F, 0x34,
    0x09, 0xFC, 0x29, 0x12, 0xAA, 0xCF, 0xD0, 0x6A, 0x74, 0x5E, 0x29, 0x86, 0x99, 0xE9, 0x64, 0x8C,
    0xFC, 0x58, 0x36, 0xD7, 0x66, 0x57, 0x87, 0x57, 0x9E, 0xE7, 0x28, 0xFF, 0x57, 0x0B, 0x8A, 0x7E,
    0xD1, 0x57, 0x5B, 0x58, 0x0E, 0xD4, 0x72, 0x2C, 0x5B, 0x09, 0x5A, 0x5D, 0xB4, 0x72, 0xF4, 0x88,
    0xC3, 0x12, 0x99, 0xB2, 0x50, 0xCC, 0x34, 0xBA, 0x35, 0xF2, 0x11, 0xF2, 0x4C, 0xE5, 0x89, 0x1E,
    0x46, 0xD5, 0x8B, 0xBB, 0xFF, 0x26, 0x39, 0xF2, 0x8A, 0x60, 0x0A, 0x49, 0xEE, 0x44, 0x19, 0x4E,
    0xC7, 0x6C, 0x55, 0x46, 0x8D, 0xD4, 0x33, 0xF5, 0x95, 0x7A, 0x7A, 0xEF, 0x99, 0x7A, 0xF2, 0xE4,
    0x0B, 0xF5, 0xF8, 0xD9, 0x27, 0x85, 0x36, 0x77, 0x0A, 0x3D, 0x7A, 0xAF, 0xD0, 0xD9, 0xDB, 0xA5,
    0xCE, 0xA2, 0x52, 0x7F, 0x97, 0xEA, 0x50, 0xB6, 0xDC, 0xC3, 0x72, 0x46, 0x91, 0xAD, 0x4C, 0xB5,
    0xB6, 0xCA, 0x56, 0xAE, 0xBB, 0xF9, 0xB8, 0x9B, 0xE7, 0xDD, 0x61, 0xB7, 0x3B, 0x4C, 0xBA, 0xC3,
    0xF8, 0xA3, 0x3A, 0x9C, 0xD4, 0x96, 0xDD, 0x27, 0x1E, 0x59, 0x23, 0x7A, 0x58, 0x31, 0xC7, 0xAE,
    0x58, 0x98, 0xD1, 0xC1, 0x91, 0x20, 0xEC, 0xA4, 0x66, 0x0E, 0x10, 0x82, 0xEE, 0x2F, 0x0F, 0x24,
    0xB1, 0x8F, 0xCB, 0x82, 0x07, 0x98, 0x73, 0xB0, 0x05, 0xA3, 0x37, 0x2A, 0x6C, 0x48, 0x0F, 0x47,
    0xB0, 0xE8, 0x23, 0xE8, 0x88, 0xD8, 0x50, 0xB2, 0x03, 0xB1, 0xA0, 0xF1, 0x0A, 0x01, 0x0D, 0x85,
    0x8F, 0x18, 0x2B, 0x47, 0x20, 0x0D, 0x1E, 0x13, 0x11, 0x39, 0x27, 0x14, 0x47, 0x86, 0x66, 0xC6,
    0x42, 0x39, 0x58, 0x78, 0x5B, 0x5C, 0x89, 0xCC, 0x3C, 0x92, 0x64, 0x39, 0x2A, 0x0F, 0x45, 0x9B,
    0x22, 0x8A, 0xF8, 0x3A, 0x1C, 0xA2, 0x6C, 0x30, 0xCF, 0x50, 0x92, 0x44, 0x52, 0x6B, 0x8D, 0xAB,
    0xE0, 0x7D, 0x9C, 0x62, 0x1C, 0x53, 0xC4, 0x38, 0x96, 0xE3, 0x58, 0x51, 0x30, 0x1A, 0xBB, 0x43,
    0x33, 0x2E, 0x2C, 0x23, 0xCE, 0x95, 0x19, 0x16, 0x4F, 0x05, 0x27, 0x25, 0xBC, 0x4F, 0xB9, 0x49,
    0xF9, 0x26, 0x53, 0x27, 0x38, 0x39, 0x0F, 0x53, 0xEE, 0x70, 0xC2, 0xC3, 0x74, 0xDB, 0x65, 0x26,
    0x77, 0x7B, 0x69, 0x6B, 0x77, 0x9E, 0x23, 0xFF, 0x4F, 0x4A, 0x74, 0xBE, 0x49, 0x34, 0x72, 0x8D,
    0x61, 0xE5, 0xD5, 0x23, 0x53, 0xF5, 0xCD, 0x38, 0x31, 0x85, 0xC3, 0x71, 0xA0, 0x72, 0x44, 0x92,
    0x2E, 0x17, 0x5D, 0x2E, 0xCD, 0x92, 0x5A, 0xCC, 0xD4, 0x8A, 0x25, 0xDF, 0xAA, 0x1A, 0xA1, 0x1A,
    0x23, 0xB8, 0xAF, 0xE1, 0x3F, 0xD5, 0xDC, 0xBC, 0x45, 0x06, 0x47, 0xB1, 0x0A, 0xB0, 0x5E, 0x64,
    0x0E, 0xF8, 0xC5, 0x6D, 0xB8, 0x19, 0x78, 0xA3, 0xFD, 0x48, 0x31, 0x29, 0x63, 0xD9, 0xF6, 0x75,
    0x2C, 0xD2, 0x80, 0x04, 0x9E, 0x44, 0x75, 0x8A, 0xF8, 0x27, 0xFB, 0x3D, 0xC4, 0x97, 0xD3, 0x2E,
    0x49, 0x3E, 0x1E, 0x22, 0x9C, 0xC4, 0x9C, 0xB7, 0x26, 0x61, 0x05, 0x55, 0xC0, 0xD9, 0xC7, 0x81,
    0x76, 0x11, 0x6F, 0x92, 0xE4, 0x22, 0x91, 0x3B, 0xBA, 0xF1, 0xEF, 0xD3, 0xD4, 0x57, 0x6A, 0x46,
    0x47, 0x47, 0xB4, 0x44, 0xB3, 0xFE, 0xD3, 0x12, 0xE1, 0xDF, 0xE8, 0x4B, 0x2E, 0x2D, 0x13, 0x5B,
    0x3C, 0xC1, 0x52, 0x12, 0x53, 0x87, 0x07, 0x41, 0x17, 0xE3, 0xC4, 0xD3, 0xF1, 0xD5, 0x22, 0xBC,
    0xA3, 0x82, 0x03, 0xE1, 0xD3, 0xA7, 0x64, 0x80, 0xA1, 0x93, 0x7A, 0x2E, 0x5E, 0xCD, 0x48, 0x1A,
    0xC2, 0xC6, 0x39, 0x9C, 0x4A, 0x16, 0x0E, 0x18, 0x00, 0x1E, 0x81, 0x36, 0x5B, 0x30, 0x82, 0x23,
    0x66, 0x4B, 0xA5, 0x49, 0x69, 0xE3, 0x6C, 0x13, 0xC1, 0xD2, 0x8A, 0xB1, 0x2A, 0x12, 0xDD, 0xBC,
    0x76, 0x1A, 0xB6, 0xAD, 0x1C, 0xB7, 0xCE, 0x2B, 0x5A, 0xCE, 0xB6, 0x25, 0xED, 0x68, 0x81, 0x6D,
    0x5C, 0xC3, 0x2A, 0x8F, 0xB5, 0x15, 0x8E, 0x5A, 0xB4, 0x85, 0x08, 0xD1, 0x35, 0x2F, 0x3F, 0x94,
    0x3D, 0xDC, 0x8D, 0xB8, 0x29, 0x82, 0x59, 0x93, 0xC7, 0x4D, 0xBD, 0xA2, 0x15, 0x41, 0xF1, 0x2E,
    0xB3, 0xDD, 0x23, 0x32, 0x97, 0xCB, 0x33, 0x6F, 0x5C, 0xDA, 0xBD, 0x3E, 0x62, 0xB9, 0x41, 0x87,
    0x79, 0x16, 0x25, 0xE1, 0x33, 0x91, 0x5C, 0x14, 0x9D, 0x50, 0x9C, 0x0F, 0xE4, 0xBA, 0x93, 0xCD,
    0xC8, 0x1E, 0xE8, 0xA9, 0x51, 0xD1, 0xBF, 0xD5, 0x06, 0x2B, 0xC0, 0x23, 0xE1, 0x09, 0xFB, 0x56,
    0x85, 0xEC, 0x40, 0x74, 0x7D, 0x46, 0xAC, 0x20, 0x62, 0x78, 0xEF, 0x06, 0x05, 0x3B, 0x27, 0xC6,
    0x6E, 0x3D, 0xD2, 0xBD, 0x6B, 0xB7, 0x5C, 0x31, 0xA5, 0xD9, 0x86, 0xC8, 0xC6, 0x51, 0x65, 0xCF,
    0x99, 0x17, 0x24, 0xBC, 0xAF, 0xDA, 0x23, 0xB5, 0x11, 0xAB, 0x41, 0xA4, 0xCA, 0x48, 0xE9, 0xC8,
    0xC2, 0xBC, 0xEF, 0x2A, 0x88, 0xE8, 0xA9, 0x0A, 0x59, 0xB9, 0xFD, 0x16, 0x1B, 0x0B, 0x18, 0xFC,
    0xDC, 0xF2, 0x48, 0xE9, 0xB2, 0xEE, 0x8A, 0x67, 0x6B, 0x81, 0x70, 0x82, 0xA8, 0x68, 0xCA, 0xB3,
    0x38, 0x4B, 0x1C, 0xED, 0xCB, 0x15, 0xBC, 0xDC, 0xA2, 0x7F, 0xF4, 0xA6, 0x83, 0x76, 0xD9, 0x28,
    0xD8, 0xCA, 0x76, 0x7F, 0x9A, 0x4D, 0xA3, 0x4F, 0xD1, 0x3A, 0x33, 0xEC, 0x57, 0x69, 0x79, 0xDA,
    0xD5, 0x1B, 0xB3, 0x1A, 0x8A, 0xD2, 0xE2, 0xF9, 0x7C, 0x20, 0x7B, 0x44, 0x9D, 0xFF, 0xB2, 0x10,
    0x8C, 0x94, 0xE1, 0x47, 0xAC, 0x37, 0xEC, 0x95, 0xDB, 0x8B, 0x0C, 0xAD, 0xBD, 0xB1, 0x4B, 0xA6,
    0x57, 0x90, 0xA8, 0x57, 0x86, 0xE5, 0x48, 0xBD, 0xF3, 0x75, 0x0A, 0xBC, 0x5F, 0xE0, 0x0B, 0x09,
    0xE3, 0xA0, 0x43, 0x24, 0x1D, 0x48, 0x3C, 0x28, 0x71, 0xAF, 0x42, 0xB9, 0x8F, 0xF5, 0xF5, 0xC1,
    0x60, 0xA0, 0x4B, 0x77, 0x4D, 0xCD, 0xE2, 0x7E, 0x54, 0x26, 0x07, 0x1F, 0xDC, 0x4A, 0x7C, 0x7D,
    0xB6, 0xED, 0x95, 0x2B, 0x2D, 0xAF, 0x58, 0xE9, 0x58, 0xE5, 0x6A, 0xB8, 0x9C, 0x63, 0xFD, 0x1E,
    0x21, 0xBB, 0x87, 0x5E, 0xC8, 0x72, 0x44, 0x7E, 0x4D, 0xF2, 0x40, 0xB2, 0x76, 0xE8, 0x71, 0x66,
    0xD6, 0x74, 0x81, 0xAD, 0x79, 0x34, 0x25, 0x22, 0x0D, 0xD8, 0x42, 0x84, 0x9F, 0x08, 0xF4, 0xE6,
    0x23, 0x95, 0x08, 0x92, 0xCD, 0xA0, 0x81, 0x41, 0xCC, 0xD2, 0x45, 0x6A, 0x66, 0x70, 0xD3, 0xA8,
    0x95, 0xAD, 0x79, 0xF2, 0x6F, 0x3A, 0xB1, 0xD5, 0xE2, 0x03, 0xF9, 0xE6, 0xAF, 0xE5, 0x7A, 0x22,
    0x8A, 0x58, 0xA8, 0x18, 0x2A, 0x81, 0x4A, 0xB1, 0xD1, 0xB7, 0x01, 0x88, 0x3E, 0x71, 0x05, 0x29,
    0x67, 0x74, 0xE5, 0xE2, 0x0F, 0xCA, 0x4C, 0x77, 0x39, 0x76, 0xCD, 0xB5, 0x4D, 0xE2, 0x76, 0x88,
    0xA8, 0x6A, 0xEF, 0xAC, 0x91, 0x01, 0x92, 0x82, 0xB9, 0x10, 0x7F, 0x3B, 0xE9, 0x4F, 0x53, 0xE6,
    0xC3, 0x02, 0x6B, 0xC1, 0x06, 0x99, 0xEC, 0xF2, 0xF5, 0x06, 0x8E, 0x1A, 0x0B, 0xEB, 0x71, 0x3C,
    0x76, 0xC1, 0x72, 0x4D, 0x37, 0x74, 0xD3, 0x4C, 0x47, 0xD3, 0xF4, 0x53, 0x16, 0xE4, 0x1D, 0xE8,
    0x65, 0x14, 0xB1, 0xAF, 0xA2, 0x1F, 0xCA, 0xE0, 0x2E, 0x82, 0xCF, 0xE0, 0x4D, 0x5C, 0xC2, 0xB1,
    0xF2, 0x22, 0x86, 0x3B, 0x44, 0xAE, 0x4D, 0xFA, 0x56, 0x93, 0x89, 0x9F, 0xFD, 0x18, 0xF1, 0xE8,
    0x5F, 0x8E, 0xCE, 0xA3, 0x67, 0xE4, 0x86, 0xC7, 0x35, 0x49, 0xA0, 0x42, 0xCC, 0xC8, 0x5C, 0x55,
    0xFE, 0x67, 0x47, 0x99, 0x3C, 0x41, 0x70, 0x80, 0xE8, 0xAE, 0x4C, 0x82, 0xA2, 0xEB, 0xEB, 0x0D,
    0xAF, 0xA0, 0x87, 0x9B, 0x81, 0x8A, 0x43, 0x19, 0xBE, 0x2F, 0xAC, 0x81, 0x59, 0xCE, 0x5F, 0x71,
    0x27, 0xF4, 0x10, 0x0B, 0xB3, 0x53, 0x50, 0xD8, 0x5F, 0x2D, 0x27, 0x6F, 0x2A, 0x5B, 0x6D, 0xF4,
    0xAC, 0x79, 0xD2, 0x0D, 0x49, 0xD9, 0x16, 0x6A, 0xBB, 0xE4, 0x56, 0xE9, 0xD7, 0xE1, 0xE7, 0xCF,
    0x7F, 0x6D, 0x6D, 0xE2, 0x17, 0x2F, 0xEE, 0xEF, 0x5A, 0x30, 0x0F, 0xF3, 0xF1, 0xC5, 0x1F, 0x39,
    0xCF, 0x53, 0x55, 0xD1, 0x4C, 0x35, 0xFB, 0x1D, 0xC0, 0x5F, 0x0F, 0xEA, 0xFB, 0x2A, 0xC3, 0xD2,
    0x99, 0xE1, 0xEA, 0x3F, 0x07, 0x7F, 0x28, 0xFE, 0x0B, 0xAD, 0x57, 0x41, 0x6C, 0x1C, 0x49, 0x15,
    0x7D, 0xDD, 0xED, 0x6C, 0x27, 0x69, 0x7B, 0xCA, 0x87, 0x45, 0x5A, 0xA4, 0xD8, 0x1D, 0xA4, 0x45,
    0x8A, 0xCC, 0xD8, 0x63, 0x81, 0x0F, 0xA3, 0xA5, 0x7B, 0xBA, 0x56, 0x1C, 0xB8, 0x70, 0xC8, 0x81,
    0x88, 0x43, 0x24, 0xC2, 0x81, 0xCB, 0xA2, 0x45, 0x99, 0x83, 0x85, 0x4C, 0x18, 0xC7, 0x85, 0x72,
    0xD8, 0x03, 0x7B, 0xB0, 0xC4, 0x0D, 0x09, 0xE1, 0xC3, 0x4A, 0x84, 0x6C, 0xA4, 0x0C, 0xC2, 0xD2,
    0xE6, 0xE0, 0x64, 0x0A, 0x38, 0xB0, 0x12, 0x12, 0x34, 0x48, 0x1C, 0x90, 0x10, 0xD4, 0xAE, 0x17,
    0xAD, 0x08, 0x12, 0x69, 0xB1, 0x83, 0x98, 0x24, 0xF6, 0x14, 0xAF, 0x6A, 0xC6, 0x6B, 0x7B, 0x93,
    0xB0, 0x4E, 0xB2, 0xF5, 0x7F, 0xF5, 0xF4, 0x74, 0xFF, 0xFF, 0xEB, 0x57, 0xD5, 0xFF, 0xAF, 0x7E,
    0x17, 0x28, 0x48, 0x0B, 0x00, 0x12, 0x88, 0x03, 0x94, 0x8C, 0x29, 0x46, 0x88, 0x50, 0x3B, 0x4A,
    0xAB, 0xC2, 0xFC, 0x42, 0x7D, 0xA0, 0xB6, 0xD9, 0x3F, 0x50, 0xBD, 0xF5, 0x62, 0x10, 0x0F, 0x22,
    0x15, 0x4A, 0xAA, 0x62, 0x1A, 0xF1, 0x10, 0x8D, 0x2F, 0xAB, 0x0C, 0x38, 0x03, 0x9C, 0x02, 0xA6,
    0x80, 0x1A, 0xA8, 0x8C, 0xC2, 0xE2, 0x73, 0x77, 0x10, 0x69, 0xC4, 0x0A, 0x0D, 0x60, 0xF8, 0x55,
    0x58, 0x5B, 0x9E, 0x3E, 0x86, 0xCB, 0x77, 0x51, 0xDC, 0x46, 0x7D, 0x06, 0xCD, 0x1A, 0xB2, 0x59,
    0x14, 0xB7, 0xD0, 0xBB, 0x2B, 0x4F, 0x87, 0x38, 0x8B, 0xB3, 0xCD, 0x48, 0xCF, 0x26, 0x32, 0xF9,
    0x36, 0xA2, 0x01, 0x82, 0x0A, 0x27, 0xEF, 0xA1, 0x61, 0x01, 0xE3, 0xF8, 0xE0, 0x3D, 0x45, 0x8D,
    0x6B, 0x1C, 0xDE, 0xFF, 0x9A, 0xB3, 0xE1, 0x3D, 0x24, 0x6F, 0xCA, 0xC9, 0x40, 0x4E, 0x72, 0x36,
    0xEB, 0x48, 0x86, 0x58, 0xF8, 0x9A, 0x6A, 0x86, 0x3A, 0x8F, 0x74, 0x6A, 0x55, 0xD0, 0x03, 0x84,
    0x7A, 0x3E, 0x55, 0x6B, 0x56, 0xAE, 0x0D, 0x9C, 0xD7, 0xF5, 0x1A, 0xF2, 0x14, 0xAD, 0x06, 0xD2,
    0xF2, 0xBB, 0x9B, 0xF7, 0x4E, 0x55, 0x93, 0xF7, 0x4F, 0x5D, 0xDA, 0x4C, 0xCB, 0x59, 0xB5, 0xA8,
    0x4F, 0xEB, 0xCF, 0xE8, 0x42, 0xC3, 0xB7, 0x5F, 0xCA, 0xF8, 0x35, 0x39, 0x53, 0x47, 0x73, 0x19,
    0xAD, 0x0C, 0xE2, 0x27, 0x88, 0x5E, 0x03, 0x5E, 0xE6, 0x8B, 0xB5, 0x7F, 0x7C, 0xEA, 0xEB, 0x9C,
    0x26, 0xE9, 0xDA, 0x55, 0xBB, 0x73, 0x4C, 0x16, 0x55, 0x6F, 0xF0, 0xE7, 0xBF, 0xFC, 0xFE, 0x2B,
    0xAF, 0xBF, 0x9D, 0x99, 0x93, 0x6A, 0x6E, 0xBD, 0x57, 0xB9, 0x67, 0x9B, 0x2B, 0x55, 0x66, 0xEA,
    0xDD, 0x66, 0xAB, 0x4A, 0x4B, 0xB7, 0x8E, 0x6F, 0xDE, 0xB1, 0xD6, 0xFD, 0x02, 0xDF, 0xBA, 0x6A,
    0x87, 0xAF, 0x20, 0x22, 0x4D, 0x61, 0x05, 0x3D, 0xBC, 0x12, 0xD5, 0xC3, 0x68, 0x17, 0x13, 0x4B,
    0xED, 0x6E, 0x06, 0x43, 0xCE, 0xF7, 0xB8, 0x05, 0x53, 0x04, 0xA6, 0xB0, 0x8E, 0x3F, 0xBF, 0x6B,
    0x16, 0x01, 0x72, 0xA3, 0xD6, 0xAB, 0x59, 0x52, 0xAF, 0xD6, 0xA8, 0xA5, 0xA4, 0x46, 0xAD, 0x20,
    0xAD, 0xF9, 0xA7, 0xF5, 0xBC, 0x35, 0x7D, 0xFA, 0xC5, 0xB9, 0x4E, 0x7B, 0x91, 0x6D, 0x67, 0x01,
    0x4A, 0x69, 0xBD, 0xAE, 0x8A, 0xD1, 0x7C, 0x54, 0xD7, 0xD4, 0x33, 0x51, 0x5B, 0xC8, 0x57, 0xFA,
    0x1B, 0xA5, 0x94, 0x13, 0x7C, 0xD6, 0x71, 0xCB, 0x81, 0x17, 0xD8, 0x97, 0xD8, 0xBF, 0xC1, 0xAE,
    0x51, 0x0F, 0x15, 0x6E, 0x73, 0xAA, 0xF6, 0x77, 0x11, 0xF7, 0x94, 0x7B, 0xD9, 0x4C, 0x24, 0xBA,
    0x5F, 0x90, 0x81, 0xF9, 0xE9, 0x7A, 0xA4, 0x6D, 0x15, 0xAB, 0x48, 0x09, 0x6E, 0xED, 0x04, 0x42,
    0xB5, 0x6F, 0x63, 0x62, 0x6C, 0x67, 0x91, 0x7D, 0x03, 0xF5, 0x40, 0xE3, 0xF6, 0x95, 0x1F, 0x49,
    0xFB, 0xDB, 0xCF, 0x6E, 0x70, 0x96, 0x8B, 0xC8, 0xD8, 0x97, 0xB9, 0x7B, 0x15, 0x97, 0xA0, 0x14,
    0x32, 0x56, 0xC5, 0x86, 0x40, 0x51, 0x1D, 0xA3, 0x6E, 0x43, 0x01, 0x73, 0x15, 0x6F, 0x16, 0x43,
    0x3C, 0x67, 0x4E, 0x40, 0x68, 0xEE, 0x63, 0x77, 0x89, 0xFF, 0xDB, 0x98, 0x33, 0x25, 0x8A, 0xEF,
    0xEB, 0x12, 0xD1, 0xCB, 0x25, 0x92, 0xD0, 0x60, 0xEA, 0xB8, 0x41, 0x36, 0xD3, 0x47, 0xBB, 0xD8,
    0x71, 0xD6, 0x38, 0x4C, 0x05, 0xC9, 0x01, 0xFB, 0xE0, 0x8D, 0x63, 0x1F, 0x95, 0xE3, 0xFB, 0xCA,
    0xC5, 0x51, 0x5C, 0x22, 0x05, 0xC7, 0x47, 0x13, 0xF4, 0x00, 0x6D, 0x7F, 0xCD, 0x39, 0x05, 0x8B,
    0xE0, 0x0D, 0x04, 0x2E, 0x8E, 0x37, 0xD9, 0xE7, 0xB1, 0xDF, 0x5C, 0x5A, 0xB8, 0x35, 0x5B, 0xE3,
    0xCB, 0xB7, 0xE8, 0xDD, 0xB6, 0x46, 0xF0, 0x47, 0xFA, 0xA0, 0x0D, 0x3B, 0x2D, 0xCA, 0x4D, 0x66,
    0x0A, 0x43, 0xC2, 0xEE, 0x30, 0x2C, 0x87, 0x68, 0x9D, 0xBB, 0xC8, 0x45, 0x10, 0xD8, 0x62, 0x9C,
    0x71, 0x53, 0x81, 0x93, 0xF0, 0x99, 0x80, 0x09, 0x3C, 0xDC, 0x9E, 0xC5, 0x36, 0x13, 0x0C, 0xDF,
    0x03, 0x02, 0xA5, 0x3E, 0x19, 0x7B, 0x2B, 0x8C, 0xA6, 0x7F, 0xB1, 0xFF, 0xAA, 0xDC, 0xB7, 0x27,
    0xDC, 0x8E, 0xD0, 0x96, 0xCB, 0x82, 0x97, 0xD8, 0x7F, 0xCE, 0x44, 0xAB, 0xB8, 0x90, 0x66, 0x93,
    0x78, 0xB0, 0x42, 0x9B, 0x19, 0x53, 0x7A, 0x9E, 0xF6, 0xAC, 0xEF, 0x8D, 0x73, 0x17, 0x64, 0x8E,
    0x44, 0x77, 0x10, 0x73, 0x63, 0x2B, 0x44, 0x7F, 0x60, 0x7F, 0xA7, 0xFA, 0x64, 0xFC, 0x4B, 0xE5,
    0xC8, 0x87, 0x82, 0x7A, 0xC7, 0xF0, 0x68, 0x1F, 0x2F, 0xB1, 0x77, 0xC7, 0x3E, 0x96, 0xCB, 0xB4,
    0xD9, 0x44, 0xA4, 0xEA, 0x48, 0xE4, 0x8C, 0xF7, 0x2F, 0xB5, 0x56, 0x2E, 0x9C, 0x3B, 0xAF, 0x72,
    0xFA, 0xD7, 0x41, 0x54, 0x22, 0xB4, 0x96, 0x1E, 0x0E, 0xAF, 0x11, 0x27, 0x76, 0x68, 0xA6, 0xB6,
    0xE5, 0xF6, 0xDE, 0x85, 0x70, 0xE6, 0x2E, 0x9B, 0xAD, 0x6B, 0x34, 0x45, 0xF0, 0x0A, 0x99, 0x7E,
    0x34, 0xD6, 0x22, 0xA2, 0x68, 0xBA, 0xEF, 0x4C, 0xD1, 0x3F, 0xEA, 0xE6, 0x84, 0xB6, 0x6A, 0xCB,
    0x5D, 0x9C, 0x27, 0xC9, 0x2E, 0x7A, 0xBB, 0xD1, 0x60, 0x22, 0xD1, 0x10, 0xD2, 0x01, 0x5D, 0xCB,
    0x33, 0x35, 0x0A, 0x89, 0xE2, 0xBD, 0x63, 0xA9, 0xDD, 0x15, 0x76, 0x37, 0xB6, 0x14, 0xBB, 0x47,
    0x44, 0x75, 0x0E, 0xC4, 0x86, 0xAE, 0x3C, 0xEF, 0x27, 0x11, 0xEE, 0xAD, 0x3B, 0x9D, 0xBC, 0x7F,
    0x6D, 0x0C, 0x6F, 0x23, 0xBE, 0xFF, 0x06, 0x6C, 0xFF, 0xD0, 0x13, 0xCA, 0x78, 0x56, 0x2E, 0xBE,
    0xBB, 0x40, 0x89, 0x40, 0x1F, 0x8A, 0xAC, 0x27, 0x32, 0x42, 0x1C, 0xA2, 0x23, 0x93, 0x67, 0x30,
    0x3D, 0xF1, 0xC4, 0xBA, 0xC4, 0xCF, 0x2C, 0x45, 0xDE, 0x78, 0x9A, 0x71, 0xA7, 0x99, 0x68, 0x89,
    0x1C, 0x29, 0x3A, 0x20, 0x39, 0x44, 0x7A, 0x44, 0xB1, 0xA7, 0x89, 0xC9, 0x33, 0x4B, 0x5E, 0x6C,
    0xA5, 0x39, 0x6A, 0x19, 0x5B, 0xA7, 0xD3, 0x89, 0x08, 0x10, 0x2F, 0x6E, 0x4C, 0x4F, 0x7F, 0xBC,
    0x85, 0xE5, 0xE6, 0xCD, 0xCE, 0x56, 0xE7, 0x28, 0x63, 0x25, 0x96, 0xE1, 0xC0, 0x08, 0x4C, 0x78,
    0x58, 0x24, 0x48, 0x15, 0xCF, 0x3F, 0x9D, 0x20, 0x32, 0xEC, 0x95, 0xDD, 0x09, 0xAB, 0x1B, 0x57,
    0xC3, 0xCA, 0xDD, 0xF3, 0x5D, 0x95, 0x58, 0x6B, 0xD8, 0xA9, 0x63, 0xA9, 0xF3, 0x1E, 0x5C, 0x16,
    0x31, 0x89, 0xC6, 0x39, 0x94, 0xA4, 0x10, 0x0D, 0x25, 0x1A, 0x5A, 0x34, 0x8C, 0x68, 0x55, 0x22,
    0xBF, 0x29, 0xF2, 0x8E, 0xC8, 0x5B, 0x69, 0x9E, 0xA6, 0xB9, 0xB8, 0x90, 0xC7, 0x77, 0x57, 0x23,
    0xBB, 0x1A, 0xD8, 0x55, 0xD8, 0xC0, 0x69, 0xAC, 0xB0, 0x7F, 0x7A, 0xE4, 0x62, 0xD0, 0x53, 0x48,
    0xEE, 0x0C, 0x18, 0x45, 0xAB, 0x2E, 0x21, 0x88, 0x4A, 0x89, 0x64, 0x82, 0x28, 0x86, 0xAB, 0x62,
    0xB2, 0xF8, 0xDF, 0x3E, 0x9F, 0xDD, 0xC6, 0x45, 0xB9, 0xC6, 0xC1, 0x0B, 0xA6, 0x8B, 0x4B, 0x9B,
    0xA0, 0x47, 0x43, 0x01, 0xFC, 0xB1, 0xEB, 0x4E, 0x5F, 0xCC, 0x3C, 0x8C, 0x3A, 0xCF, 0x64, 0xDB,
    0x45, 0x08, 0xB3, 0x01, 0x6F, 0x49, 0x84, 0x72, 0xFD, 0xD9, 0xED, 0x4D, 0x33, 0x9D, 0xFB, 0x8C,
    0xDD, 0xB7, 0xD9, 0x7F, 0xAD, 0x9E, 0xD9, 0x9E, 0x83, 0x91, 0xC8, 0x43, 0x4F, 0xFF, 0x99, 0x6D,
    0x65, 0xCB, 0xC2, 0xC4, 0x5A, 0x54, 0x1E, 0x0C, 0x08, 0xB4, 0x7E, 0x4B, 0xE5, 0x1E, 0xE6, 0xEC,
    0x9D, 0x12, 0x2B, 0xFE, 0xEA, 0x01, 0x20, 0x70, 0x75, 0x88, 0xAB, 0x73, 0x80, 0x8B, 0xFF, 0xA4,
    0x78, 0x78, 0xDF, 0xC2, 0x63, 0x86, 0x72, 0x2A, 0x3D, 0xED, 0x54, 0xFE, 0xCD, 0x39, 0x67, 0xD1,
    0x3B, 0x94, 0xCC, 0x12, 0xC2, 0x1E, 0x9A, 0x42, 0xBA, 0xFB, 0xC2, 0x25, 0x46, 0xBE, 0xEA, 0x40,
    0xA0, 0x31, 0x48, 0x78, 0x25, 0x56, 0x69, 0x0F, 0x35, 0x6A, 0x0C, 0x38, 0x48, 0x7B, 0xFD, 0x31,
    0x7C, 0x02, 0xB7, 0xFC, 0xD5, 0x17, 0x30, 0xA1, 0x1F, 0x3A, 0xF2, 0x43, 0x0B, 0x0F, 0x02, 0xA9,
    0xF7, 0xF1, 0xF4, 0x08, 0x1D, 0xB9, 0x4D, 0x7C, 0xF5, 0xCD, 0xF1, 0xD6, 0xF3, 0xBC, 0x7C, 0x1C,
    0x57, 0xE8, 0x54, 0xD8, 0x1A, 0x04, 0x3B, 0x3D, 0x3B, 0x58, 0xB3, 0xFD, 0xD4, 0xFA, 0x18, 0x9E,
    0x74, 0xC7, 0xB9, 0x3B, 0x24, 0xCF, 0x1E, 0x0A, 0xA1, 0x27, 0xB6, 0xC3, 0x0C, 0xED, 0x23, 0xFA,
    0x31, 0xA6, 0x42, 0xF9, 0x74, 0x16, 0x52, 0xD6, 0x6F, 0x51, 0xD9, 0x88, 0xCB, 0xA7, 0x74, 0x60,
    0xCA, 0x97, 0xA4, 0x4D, 0xEF, 0xC9, 0x81, 0xB6, 0x89, 0x2C, 0x43, 0x27, 0x47, 0x3F, 0x0D, 0x2A,
    0x71, 0xA5, 0x8C, 0x7F, 0xA3, 0xA3, 0xBB, 0x32, 0xE4, 0x72, 0x0F, 0xC1, 0x63, 0xC7, 0xF1, 0xCE,
    0x98, 0x03, 0x57, 0x63, 0x18, 0x0C, 0xE5, 0x03, 0x63, 0xB6, 0xCC, 0xBC, 0xA9, 0xB1, 0x6F, 0x3D,
    0xA8, 0x86, 0xD2, 0xF8, 0xE7, 0xA9, 0xC1, 0xE5, 0x2D, 0x54, 0x93, 0xA8, 0x4E, 0xF8, 0x6A, 0xAD,
    0x84, 0xD1, 0xAC, 0x49, 0x61, 0x3A, 0x30, 0x0D, 0x98, 0x58, 0x99, 0x48, 0xBD, 0x7F, 0x03, 0xEF,
    0xEF, 0xBA, 0x0C, 0x62, 0x14, 0x05, 0x1B, 0x1E, 0x89, 0xFE, 0x2B, 0xD3, 0x0B, 0x32, 0x8B, 0xE5,
    0x52, 0xA4, 0xDA, 0x9E, 0x97, 0x19, 0x2E, 0x3D, 0xDD, 0x20, 0xA4, 0xFC, 0x5D, 0xBB, 0x02, 0xAF,
    0xED, 0x21, 0x53, 0xEE, 0xF9, 0x7B, 0x16, 0xC9, 0x03, 0x39, 0x2B, 0x0E, 0xA9, 0xAC, 0x08, 0x5D,
    0xD8, 0x3D, 0x15, 0xA6, 0x40, 0x17, 0xC7, 0x4F, 0xF8, 0x70, 0xFC, 0xA1, 0x14, 0x56, 0xCE, 0x27,
    0xB2, 0x49, 0xB3, 0x23, 0xC9, 0x64, 0x5F, 0x32, 0xBE, 0x82, 0xDA, 0x36, 0x26, 0x17, 0x7C, 0xF4,
    0x0C, 0x95, 0x38, 0xAF, 0x67, 0x22, 0x5D, 0x0F, 0x75, 0xD3, 0x73, 0x16, 0x97, 0x0D, 0x5B, 0x8A,
    0xA1, 0x09, 0x07, 0x66, 0x5E, 0x60, 0x41, 0xA0, 0x95, 0x3E, 0xDA, 0xE1, 0x83, 0x36, 0x03, 0xEE,
    0xF1, 0x75, 0x57, 0xB2, 0x8F, 0xC2, 0xE5, 0xFF, 0x0B, 0xE3, 0x4B, 0xC4, 0xD6, 0x07, 0x97, 0xBA,
    0xB3, 0xA2, 0x3C, 0xD5, 0x8C, 0xFE, 0x74, 0x7D, 0x29, 0xBA, 0xF3, 0x33, 0x8A, 0x80, 0x32, 0x4C,
    0xC3, 0xFB, 0xAF, 0x16, 0xD6, 0xEE, 0x24, 0xDB, 0x77, 0x07, 0x49, 0xD5, 0xDA, 0xD8, 0x64, 0x82,
    0xB1, 0xC2, 0x23, 0xDD, 0x42, 0xD1, 0x4F, 0x06, 0x21, 0x03, 0x3E, 0xAA, 0xA2, 0x92, 0xE8, 0x16,
    0x73, 0x2D, 0xD7, 0xF7, 0x37, 0x94, 0x07, 0x59, 0xE3, 0x3A, 0x96, 0x9F, 0x43, 0xF7, 0xBC, 0x3B,
    0x68, 0x8C, 0x4F, 0xCD, 0xD5, 0xC0, 0x7D, 0x83, 0xC4, 0xBB, 0xBE, 0x64, 0xDE, 0x70, 0xC7, 0xE5,
    0xFE, 0x8A, 0x1E, 0x51, 0x91, 0x79, 0xA4, 0x91, 0xB4, 0x71, 0xE6, 0xF8, 0x51, 0x55, 0xE6, 0x67,
    0x91, 0x93, 0x17, 0x8E, 0x2A, 0xDF, 0x1C, 0x83, 0xCB, 0xFE, 0xB9, 0x14, 0xEB, 0x3D, 0x0A, 0xA6,
    0xEA, 0x99, 0x7B, 0xE7, 0xCF, 0xBE, 0x8E, 0x6B, 0xAC, 0x59, 0xCB, 0xA5, 0x25, 0x57, 0xB7, 0x3F,
    0x4A, 0x3E, 0x63, 0x19, 0x25, 0x64, 0x2E, 0xE4, 0x87, 0xF9, 0x7A, 0x90, 0x83, 0xEA, 0x10, 0x3B,
    0x38, 0xE3, 0x9A, 0x07, 0x6E, 0xD9, 0x31, 0x77, 0x27, 0x90, 0xBA, 0xF1, 0x1F, 0xBD, 0xB2, 0xA0,
    0x2A, 0x42, 0x13, 0xD1, 0x32, 0xC1, 0xCD, 0x05, 0xB0, 0xC2, 0x4E, 0x58, 0xAB, 0x5C, 0xA9, 0x6D,
    0x8F, 0x22, 0xE6, 0x3B, 0xFD, 0xB5, 0x5B, 0x1D, 0xB1, 0x99, 0x8C, 0xA8, 0xEF, 0xE9, 0x23, 0x75,
    0x8C, 0x83, 0xBE, 0x3E, 0x5A, 0xB7, 0xD1, 0x4E, 0x50, 0x45, 0x92, 0xF1, 0x4F, 0xAE, 0x62, 0x79,
    0xF9, 0x06, 0x8A, 0xA1, 0x7B, 0xE5, 0x62, 0x9B, 0x9B, 0xA1, 0x47, 0x75, 0xF7, 0xA1, 0xF6, 0x11,
    0xC5, 0x8A, 0x9C, 0x10, 0x9F, 0xC7, 0x8A, 0xAE, 0x5E, 0xE9, 0xE2, 0xCC, 0x0B, 0x47, 0x95, 0x9F,
    0x9D, 0xC4, 0x17, 0x5F, 0xC7, 0xE2, 0xCD, 0xA3, 0xCA, 0xF3, 0x5B, 0x34, 0x3F, 0x50, 0xD3, 0x7C,
    0xAC, 0xBC, 0xAB, 0xC0, 0xB8, 0x92, 0xFD, 0xB1, 0xF0, 0xDC, 0xB5, 0xF5, 0xB5, 0x51, 0x45, 0x78,
    0xE8, 0xF9, 0xBA, 0x9F, 0xAA, 0xE6, 0x7E, 0x21, 0x92, 0xEE, 0x7C, 0x4E, 0xDC, 0x09, 0x1D, 0xF2,
    0xBC, 0xE9, 0xA9, 0x53, 0x2F, 0xE9, 0x6C, 0xA9, 0x6C, 0xB6, 0x4D, 0xB3, 0x6B, 0xF2, 0x77, 0xCB,
    0xD4, 0x6A, 0x61, 0x15, 0x3F, 0x03, 0x29, 0xCB, 0xF8, 0x4E, 0xFC, 0xC2, 0xD6, 0xFC, 0x61, 0x9E,
    0xF9, 0x18, 0xF6, 0x88, 0xCA, 0xE2, 0xC9, 0x9F, 0x49, 0x65, 0xAD, 0xAC, 0x19, 0x4F, 0x55, 0xAD,
    0x9A, 0xB5, 0xC3, 0xDE, 0xB0, 0xF1, 0x57, 0xC6, 0x2B, 0x3F, 0x2F, 0xA3, 0x0F, 0x17, 0xF6, 0x51,
    0x32, 0x91, 0x14, 0x7A, 0xA9, 0x2D, 0x1F, 0xF3, 0x76, 0x39, 0xBB, 0x99, 0x0D, 0xB2, 0xC7, 0xDA,
    0x9F, 0xF0, 0x5F, 0xF9, 0x8B, 0x7E, 0x8E, 0x0F, 0xB5, 0xE5, 0xA0, 0xCC, 0x42, 0x3D, 0x1B, 0x69,
    0x11, 0xAB, 0xF8, 0x07, 0x32, 0xFA, 0x1B, 0x82, 0x11, 0xA4, 0xAE, 0xFA, 0x2F, 0xC4, 0x2D, 0x3C,
    0xD7, 0x47, 0x61, 0x5C, 0x59, 0xEC, 0xA0, 0xB3, 0x0F, 0x2B, 0xB7, 0x35, 0x3F, 0xDE, 0x17, 0x49,
    0x6D, 0xB3, 0xF1, 0xAE, 0xB6, 0x72, 0x00, 0x33, 0x26, 0x11, 0x4B, 0x91, 0xA8, 0x54, 0xA8, 0xA7,
    0x1B, 0xE0, 0x7F, 0xAD, 0x58, 0x4F, 0x6C, 0x1C, 0x57, 0x19, 0xFF, 0x66, 0xC6, 0xF1, 0x24, 0x9E,
    0xD8, 0x63, 0x89, 0x1C, 0x20, 0xB5, 0x77, 0x72, 0xF0, 0x21, 0x2D, 0xB1, 0xC7, 0x07, 0xAB, 0x32,
    0x74, 0x77, 0x67, 0xB8, 0x72, 0x80, 0x1E, 0x88, 0x38, 0x80, 0xD4, 0x1C, 0xB8, 0xD0, 0x8B, 0x57,
    0xC8, 0xA8, 0x16, 0xDA, 0x64, 0x9F, 0xC8, 0x81, 0x43, 0x11, 0xCA, 0x85, 0x33, 0x39, 0x44, 0x22,
    0x75, 0x53, 0x65, 0x25, 0x2C, 0x11, 0xA1, 0x8D, 0xF7, 0x89, 0x1C, 0x7A, 0xE1, 0x30, 0x14, 0x89,
    0x03, 0x12, 0xE5, 0x35, 0x0D, 0xA4, 0x0A, 0xA8, 0x99, 0xAA, 0x23, 0xB2, 0x32, 0xB3, 0xFB, 0xF8,
    0x7D, 0x6F, 0x76, 0xBD, 0xBB, 0xAE, 0xED, 0xC4, 0xAE, 0xE7, 0x7D, 0x6F, 0x92, 0x1D, 0xCF, 0xFB,
    0xFE, 0xCD, 0xF7, 0x7E, 0xDF, 0xF7, 0x3D, 0x47, 0xA7, 0x64, 0x6F, 0xDE, 0xA4, 0xDD, 0x6B, 0x09,
    0x33, 0xC2, 0x6C, 0xC4, 0x44, 0xBF, 0x17, 0x44, 0x1F, 0x4B, 0xB2, 0x3E, 0x48, 0xC8, 0x91, 0x0A,
    0x33, 0x25, 0x37, 0xDE, 0x22, 0x9F, 0xCA, 0xE4, 0xEB, 0x9C, 0x42, 0xDD, 0xA3, 0xEA, 0xE5, 0x35,
    0xAA, 0xE3, 0x49, 0x8B, 0x7C, 0x11, 0x6A, 0x7A, 0x65, 0x93, 0x79, 0xB8, 0xCF, 0xE2, 0xE0, 0x8D,
    0xB8, 0xEC, 0xC6, 0x2B, 0x8E, 0xA8, 0x19, 0xDA, 0xF0, 0x64, 0xA4, 0x65, 0xA8, 0xA5, 0xF7, 0x4F,
    0x49, 0xF1, 0x04, 0x51, 0x32, 0x47, 0xF4, 0xB3, 0x2D, 0xA2, 0x20, 0xA1, 0xB1, 0xCB, 0x83, 0x48,
    0x5F, 0x16, 0xCF, 0xCB, 0x29, 0xD1, 0x6A, 0x93, 0x68, 0x6B, 0x83, 0x28, 0x2D, 0x93, 0xA5, 0x16,
    0xC9, 0x96, 0x33, 0x50, 0xC3, 0x27, 0x57, 0xEB, 0xD8, 0xD3, 0x5A, 0xF8, 0x97, 0xBF, 0x2F, 0x03,
    0x72, 0x92, 0x2A, 0xD9, 0xE9, 0xE4, 0x2D, 0x5A, 0x71, 0x69, 0xE9, 0x3E, 0xB9, 0x59, 0x9F, 0xD9,
    0x40, 0x0F, 0x31, 0xD0, 0x43, 0x8E, 0xE9, 0x51, 0xEA, 0x9B, 0x1A, 0xB1, 0xA9, 0x90, 0xF9, 0x39,
    0x4C, 0xFD, 0x48, 0x91, 0x9D, 0xA4, 0x85, 0xA9, 0xF2, 0x1E, 0x79, 0x31, 0x4C, 0xBD, 0x7C, 0x95,
    0x02, 0x98, 0x1A, 0x69, 0x4D, 0x15, 0xF2, 0xE3, 0x96, 0x51, 0xF0, 0x34, 0x16, 0x5E, 0xC0, 0xFC,
    0x26, 0x66, 0xF0, 0x3C, 0xA3, 0xFF, 0x25, 0x69, 0x8A, 0x68, 0x46, 0x80, 0x27, 0x4D, 0x12, 0x4D,
    0x13, 0xC1, 0xFC, 0x73, 0xE3, 0x96, 0xBF, 0xD4, 0x21, 0x9D, 0x3B, 0xD9, 0x84, 0x2F, 0x98, 0x5F,
    0x05, 0xE6, 0x0F, 0xE8, 0x1A, 0x54, 0x14, 0x14, 0xED, 0xDC, 0x09, 0x74, 0xEE, 0xE9, 0xDC, 0x86,
    0xEB, 0x4F, 0xC1, 0x83, 0x96, 0xB4, 0x85, 0x55, 0x38, 0x2D, 0xAD, 0xDE, 0xDC, 0xA2, 0x94, 0x14,
    0x66, 0x8A, 0x4F, 0x11, 0x65, 0x5E, 0x87, 0x2E, 0xF1, 0x42, 0xEB, 0xE7, 0xFD, 0x57, 0x8E, 0x21,
    0xC1, 0x89, 0x3D, 0x79, 0xB1, 0x36, 0x3B, 0x71, 0x30, 0xFF, 0x8A, 0xA1, 0x2F, 0x61, 0x84, 0x23,
    0x5D, 0x8C, 0x83, 0x4C, 0xB0, 0x63, 0x49, 0xBF, 0x35, 0x8B, 0x27, 0x46, 0x44, 0x58, 0xAF, 0x53,
    0x23, 0xB7, 0x7B, 0xB7, 0xBD, 0x04, 0xDF, 0x82, 0xC3, 0x75, 0x57, 0x4A, 0xC5, 0x7C, 0xCE, 0x28,
    0x39, 0x1D, 0xEA, 0x1C, 0xF1, 0xE9, 0x42, 0xC4, 0xDD, 0x5B, 0xCB, 0x17, 0xA7, 0x95, 0x23, 0x0F,
    0xF6, 0xD3, 0x59, 0x7C, 0x18, 0x07, 0x01, 0x86, 0x07, 0x44, 0xF1, 0x50, 0x8C, 0xEE, 0x60, 0x6A,
    0x41, 0xEA, 0x0D, 0x45, 0xCA, 0xE6, 0x35, 0x39, 0x66, 0x1D, 0xB3, 0x82, 0x59, 0xED, 0xCF, 0x06,
    0xFE, 0xD6, 0xC3, 0x7B, 0x5D, 0x4C, 0x98, 0xAE, 0x15, 0x21, 0x50, 0x08, 0x61, 0x4A, 0xF6, 0x03,
    0x43, 0xEF, 0x83, 0xDC, 0x87, 0x72, 0xA9, 0x2D, 0xD7, 0x7D, 0xD9, 0xF4, 0xA4, 0xF2, 0x64, 0xEA,
    0xC9, 0xCC, 0x97, 0x0D, 0xCD, 0xC1, 0xE1, 0x7D, 0x2E, 0x3D, 0x7D, 0x83, 0xE0, 0x10, 0xF2, 0xAC,
    0x36, 0x79, 0x14, 0x08, 0x0F, 0x41, 0xE2, 0x91, 0xA3, 0x30, 0x53, 0xF8, 0x29, 0xBD, 0x7B, 0xDB,
    0x4E, 0xF9, 0xFF, 0xF8, 0x5B, 0x8A, 0x90, 0x57, 0x98, 0x58, 0xA3, 0xB1, 0xE6, 0x51, 0x21, 0x48,
    0xC2, 0xE5, 0x4C, 0xB6, 0x3C, 0x5C, 0xD0, 0x2B, 0xEF, 0x20, 0x84, 0x07, 0xD6, 0xE9, 0x78, 0x67,
    0x13, 0xFA, 0x0F, 0x69, 0xE7, 0x16, 0xE9, 0x6C, 0xEC, 0x09, 0xDE, 0x31, 0x24, 0xA2, 0x1E, 0x61,
    0xED, 0xEE, 0xE5, 0x2A, 0x0A, 0xEF, 0xD0, 0xFA, 0x24, 0x35, 0x7F, 0xC0, 0xEF, 0x28, 0xE3, 0xBA,
    0xAB, 0x16, 0x33, 0x77, 0xBB, 0xB4, 0xEC, 0xD0, 0xC5, 0x29, 0xF2, 0x73, 0xB2, 0x6E, 0xEC, 0xCA,
    0x12, 0x3B, 0x9B, 0xF1, 0x5E, 0x59, 0xF9, 0x1E, 0x59, 0x02, 0x66, 0x81, 0x66, 0x2D, 0xDE, 0xC4,
    0x58, 0x6E, 0xDF, 0x18, 0x0B, 0xAC, 0xC9, 0xD4, 0x08, 0x75, 0xF7, 0x17, 0x6A, 0x03, 0xA0, 0x14,
    0xD3, 0x31, 0xAC, 0xB3, 0x12, 0x5E, 0x6E, 0xAB, 0x31, 0x71, 0x87, 0xDB, 0x78, 0x34, 0xFE, 0x31,
    0x39, 0x64, 0x74, 0x7B, 0xFD, 0x50, 0x2B, 0x10, 0x37, 0x82, 0x6C, 0xBC, 0x7C, 0x83, 0xAC, 0x94,
    0x16, 0x4E, 0x93, 0xB7, 0xCE, 0x8A, 0xED, 0xC6, 0xE4, 0x91, 0x84, 0x62, 0xD7, 0x4E, 0x2D, 0x8C,
    0x2D, 0x7F, 0x11, 0xBB, 0x18, 0x98, 0x0C, 0x22, 0xFE, 0x19, 0x48, 0x48, 0xB3, 0x66, 0x85, 0x0D,
    0x11, 0xC1, 0x93, 0xDB, 0x88, 0x76, 0x42, 0xF4, 0x03, 0x8C, 0x31, 0xB3, 0xFE, 0x76, 0x49, 0xB1,
    0x17, 0x53, 0x5B, 0x0B, 0xBC, 0x21, 0x72, 0x9A, 0x41, 0xCE, 0x28, 0x81, 0x53, 0xCF, 0xA0, 0xA5,
    0x8D, 0xF0, 0xB4, 0xA4, 0xAB, 0xE6, 0x16, 0x98, 0x8F, 0xF7, 0xD7, 0x6A, 0xAF, 0xB9, 0xA4, 0x66,
    0x12, 0x0C, 0xB5, 0xD4, 0xE8, 0x45, 0x3D, 0xEF, 0x43, 0x5A, 0xBC, 0xD0, 0x6A, 0x74, 0x42, 0x45,
    0x72, 0x99, 0xE8, 0x0F, 0x50, 0x25, 0x14, 0x63, 0xBA, 0x3E, 0x57, 0xB2, 0x75, 0xB0, 0xE4, 0x59,
    0x6B, 0xC5, 0x2D, 0xBD, 0x37, 0x48, 0x04, 0xDE, 0xC3, 0x2F, 0x48, 0x7F, 0x42, 0xD3, 0x0B, 0xF5,
    0x46, 0x67, 0x4D, 0x61, 0x71, 0x01, 0xE0, 0x21, 0x1D, 0x4D, 0xFA, 0x21, 0x76, 0xDB, 0x89, 0x93,
    0x14, 0xC1, 0x78, 0x98, 0xDD, 0x5F, 0x46, 0xC2, 0xD8, 0x15, 0xC6, 0x85, 0xF6, 0xFC, 0xE5, 0x2A,
    0x05, 0x33, 0x2B, 0xB5, 0x53, 0x5B, 0x41, 0x8B, 0xE4, 0x79, 0x5A, 0xF0, 0x67, 0x6E, 0x91, 0xFD,
    0x36, 0x30, 0x36, 0x36, 0xC2, 0xCB, 0xFB, 0x92, 0xD6, 0x79, 0x41, 0x19, 0xD5, 0x77, 0x09, 0xA8,
    0xEA, 0xC5, 0xB4, 0x98, 0xD0, 0x95, 0x0B, 0xE4, 0x52, 0x9F, 0xBC, 0x82, 0x1A, 0xC2, 0xFF, 0x9F,
    0xF2, 0x45, 0xEA, 0x53, 0x73, 0x9C, 0xD2, 0x80, 0x52, 0x24, 0x71, 0xB1, 0x77, 0x22, 0xBD, 0xAA,
    0x70, 0xF3, 0x2E, 0x12, 0xBC, 0x2F, 0x7D, 0x20, 0xC1, 0xEE, 0xE4, 0xDF, 0x23, 0xD3, 0xC2, 0x2E,
    0x11, 0x14, 0x76, 0xE9, 0x2B, 0x02, 0xAB, 0xC8, 0xF9, 0x8D, 0x72, 0x76, 0x3A, 0x4E, 0x52, 0x76,
    0xE4, 0x25, 0x47, 0xEC, 0x12, 0x7E, 0x32, 0xCD, 0x5E, 0x68, 0x2D, 0xFF, 0x6D, 0xF9, 0x8F, 0xFD,
    0x22, 0xC3, 0xFF, 0xE2, 0x88, 0xCD, 0x10, 0x3C, 0x36, 0x96, 0x3F, 0xED, 0xBF, 0x39, 0xB3, 0x3B,
    0x8A, 0xB7, 0x02, 0x8C, 0x37, 0x6F, 0x01, 0xB2, 0x8A, 0x3D, 0x24, 0x9C, 0xF1, 0x21, 0x8B, 0xE1,
    0x9A, 0x71, 0x7E, 0x13, 0x1F, 0x6A, 0x10, 0xC8, 0x6A, 0x8C, 0xB0, 0xAD, 0x47, 0x69, 0x63, 0xB5,
    0xB8, 0xCA, 0xE5, 0x72, 0x1D, 0xD7, 0x05, 0x99, 0x9F, 0xAB, 0x54, 0x11, 0x0C, 0x97, 0x70, 0xE1,
    0x59, 0xA5, 0x52, 0xB9, 0x22, 0xBB, 0xE7, 0x56, 0x36, 0xEE, 0x31, 0xA7, 0x91, 0x97, 0xF9, 0x6D,
    0xF3, 0x7F, 0x5E, 0x55, 0xDF, 0x20, 0xB5, 0xBA, 0x1F, 0x95, 0x47, 0xA8, 0x6E, 0xE8, 0x2A, 0x54,
    0x40, 0x3C, 0x68, 0xC9, 0xD4, 0xEB, 0x57, 0x6D, 0x01, 0xDD, 0xA7, 0x60, 0x17, 0x23, 0x56, 0x61,
    0xF2, 0xDE, 0x59, 0xDF, 0x67, 0x92, 0x99, 0xC8, 0xBD, 0x36, 0x40, 0x03, 0xB5, 0x40, 0x71, 0x39,
    0x72, 0xE6, 0xE6, 0xC2, 0x02, 0xA4, 0x1C, 0x32, 0x9C, 0xA4, 0x91, 0x34, 0xE4, 0x35, 0x76, 0x87,
    0x9D, 0x91, 0x37, 0x47, 0x13, 0xF6, 0x3E, 0x9E, 0xDA, 0xEB, 0x38, 0xC5, 0xC0, 0xD5, 0x96, 0xF4,
    0x63, 0xA2, 0x79, 0x47, 0xCE, 0xFB, 0x62, 0x31, 0xA0, 0xC5, 0x0A, 0x2D, 0xD6, 0xA9, 0x9A, 0x51,
    0xA4, 0x28, 0x92, 0x48, 0xFB, 0x14, 0xA5, 0x54, 0xC9, 0xA9, 0xDE, 0xA6, 0x7A, 0x24, 0xEB, 0x41,
    0xDA, 0x32, 0x8A, 0x39, 0xA9, 0x49, 0x0D, 0x09, 0x97, 0x5E, 0x9E, 0xDC, 0xCB, 0xFB, 0x61, 0x42,
    0x8F, 0x05, 0x21, 0x2B, 0xE2, 0xDB, 0x02, 0x80, 0x9F, 0x0A, 0xFA, 0x58, 0xD1, 0x47, 0x1D, 0x52,
    0xDB, 0xC3, 0xED, 0x05, 0xF7, 0x84, 0x66, 0x83, 0x55, 0xCD, 0xF6, 0x5A, 0x69, 0xAE, 0x24, 0xAF,
    0xCA, 0xD7, 0xF0, 0xAB, 0x41, 0x6F, 0xC9, 0x9F, 0xA4, 0xCD, 0x1C, 0x3B, 0x08, 0x08, 0x76, 0x73,
    0x04, 0x6B, 0xD5, 0x0B, 0xD0, 0x00, 0xAB, 0xE3, 0x53, 0xD3, 0x73, 0xAB, 0x58, 0x53, 0xAB, 0x35,
    0x9B, 0xCD, 0x54, 0x99, 0xAB, 0xA7, 0x8F, 0xC4, 0x61, 0x58, 0x3D, 0x27, 0x5C, 0x9B, 0x32, 0xC5,
    0x8C, 0x69, 0x73, 0x18, 0x97, 0xCC, 0x28, 0xE3, 0x53, 0x0E, 0x47, 0x24, 0x22, 0x53, 0x74, 0xF9,
    0x82, 0x23, 0x7B, 0xC9, 0x54, 0x34, 0x03, 0x9A, 0x33, 0x74, 0xC9, 0xD0, 0x41, 0xE2, 0x6A, 0x35,
    0xA3, 0x6C, 0x93, 0x9A, 0xA6, 0x98, 0x1A, 0x0E, 0x8D, 0x31, 0x5C, 0x32, 0x4F, 0x0A, 0x35, 0x52,
    0x74, 0x98, 0xE6, 0x35, 0xAA, 0x11, 0xB3, 0x69, 0xA6, 0x69, 0xAA, 0xB2, 0x21, 0xA3, 0x1E, 0x99,
    0x4A, 0x65, 0x92, 0x6F, 0x9C, 0x94, 0xB8, 0xBC, 0x83, 0x8B, 0xD8, 0xB5, 0x8C, 0xAB, 0x0F, 0x59,
    0xFD, 0xC7, 0x6C, 0xF7, 0xA7, 0xFC, 0xDC, 0x6C, 0x4C, 0x83, 0xF5, 0x8C, 0x9D, 0xC4, 0x7B, 0xD8,
    0xE2, 0x9B, 0x41, 0x3F, 0x8F, 0x6F, 0x3E, 0xDF, 0xAA, 0xAC, 0xFB, 0x4F, 0xF9, 0xF6, 0x19, 0x6E,
    0x36, 0xF3, 0x70, 0x84, 0x81, 0x05, 0x5C, 0xDC, 0x0C, 0x98, 0x82, 0x7E, 0x04, 0xC4, 0x7C, 0x43,
    0x08, 0x75, 0x7F, 0x8B, 0x3D, 0xBA, 0x4D, 0xDE, 0xAF, 0xE8, 0xE2, 0x4C, 0xF1, 0x44, 0x91, 0x8F,
    0x5D, 0x6C, 0x5E, 0x9B, 0x1E, 0x2D, 0x50, 0xE7, 0xAB, 0x34, 0x1F, 0x81, 0xC4, 0x62, 0x24, 0x17,
    0xAF, 0xA9, 0xC5, 0x7A, 0x5A, 0xA9, 0x67, 0x95, 0x7A, 0xBD, 0xD2, 0xAA, 0x54, 0x5A, 0x41, 0xA5,
    0xE5, 0xDF, 0xCF, 0xDD, 0x6E, 0xEE, 0x74, 0x73, 0xAB, 0xCB, 0xAB, 0xE6, 0x78, 0xD3, 0xD1, 0xCA,
    0x30, 0xDA, 0x5E, 0xCE, 0x29, 0xBA, 0x4B, 0x55, 0x37, 0x2E, 0x33, 0x88, 0x8D, 0x51, 0x9D, 0xB5,
    0x3D, 0x0A, 0xFF, 0xC2, 0x35, 0x39, 0xFB, 0x06, 0x78, 0x83, 0x22, 0xF6, 0x79, 0xCC, 0xF9, 0x1D,
    0x7B, 0x64, 0xC3, 0x70, 0x11, 0xF0, 0x81, 0xE4, 0xC4, 0x32, 0x77, 0x1C, 0x03, 0x27, 0x2C, 0x72,
    0xBE, 0x6D, 0x14, 0x58, 0x7E, 0x61, 0x03, 0x4F, 0x19, 0x59, 0x5B, 0xC3, 0xF2, 0xF1, 0x84, 0xDD,
    0x02, 0xC4, 0x72, 0x3A, 0x8C, 0x19, 0x0B, 0x87, 0xF3, 0x94, 0x80, 0x33, 0xEE, 0x58, 0x5E, 0x36,
    0xED, 0xB1, 0xAB, 0xB3, 0x61, 0x03, 0xD2, 0x16, 0xE4, 0x3D, 0xE9, 0x00, 0x11, 0xAE, 0x72, 0x23,
    0x0C, 0x5D, 0xBD, 0x18, 0xDD, 0xA2, 0x80, 0xDF, 0x04, 0x1C, 0x67, 0xFE, 0x05, 0xB4, 0xC5, 0xDB,
    0xB4, 0x16, 0x37, 0x50, 0xA8, 0x73, 0xDE, 0xE6, 0x76, 0xD9, 0x6A, 0x03, 0xA2, 0xC6, 0x4B, 0x69,
    0x2F, 0xA3, 0xEA, 0x36, 0xD5, 0x3C, 0x4A, 0x9D, 0x58, 0x61, 0x25, 0xC8, 0xC3, 0x1A, 0x7E, 0x0D,
    0x7F, 0x72, 0xE0, 0x36, 0x5B, 0x00, 0x57, 0x80, 0xD7, 0xF4, 0x35, 0x3A, 0x11, 0x05, 0x8A, 0xFA,
    0xBA, 0xF4, 0xDE, 0xB0, 0x49, 0x7E, 0x11, 0x4D, 0x80, 0xDB, 0xC2, 0x15, 0x25, 0x3A, 0x4F, 0x3F,
    0x3A, 0x11, 0x2D, 0xAC, 0xF8, 0x94, 0x47, 0xE5, 0xB2, 0x95, 0x8E, 0x55, 0x5C, 0x5D, 0xF2, 0xEF,
    0x8A, 0x39, 0x5B, 0x96, 0x29, 0xE9, 0x27, 0x30, 0x3B, 0x09, 0xB8, 0x08, 0x10, 0xF8, 0x93, 0xD5,
    0x7E, 0xAA, 0x53, 0xEF, 0x89, 0xDE, 0xBC, 0x11, 0x72, 0xC3, 0x0E, 0x89, 0x02, 0x22, 0x01, 0x75,
    0x69, 0xFF, 0xF6, 0x04, 0xB0, 0xE1, 0xEB, 0xE2, 0x67, 0xC6, 0xB7, 0x6D, 0xD4, 0x4E, 0xDC, 0xB4,
    0x03, 0xBE, 0x75, 0xD1, 0x37, 0xE9, 0xB4, 0xE0, 0xF2, 0x28, 0x14, 0xD5, 0xF7, 0x76, 0x9A, 0x35,
    0x57, 0xCE, 0xA5, 0xCE, 0xD3, 0x5C, 0x39, 0xBF, 0xFE, 0x1E, 0x0C, 0xA6, 0xD4, 0x4D, 0xA8, 0xA1,
    0x7B, 0x77, 0xA2, 0x6E, 0x3B, 0xF7, 0xB2, 0xF0, 0x11, 0x97, 0x46, 0xD0, 0xD5, 0xB4, 0x58, 0xFD,
    0x1A, 0x5C, 0xD1, 0x4E, 0x8B, 0xD4, 0x0C, 0xA1, 0x3B, 0x53, 0x3E, 0xA9, 0x90, 0xB8, 0xF3, 0xCB,
    0xF8, 0x9E, 0x85, 0x94, 0xF9, 0xA0, 0x38, 0xF3, 0x05, 0xBA, 0x2E, 0x90, 0x83, 0x9E, 0xFF, 0xAC,
    0x41, 0x86, 0x57, 0x55, 0x94, 0x56, 0x76, 0x31, 0x78, 0x03, 0x29, 0xB4, 0x75, 0x34, 0x56, 0xC3,
    0xFA, 0xDD, 0x6C, 0x4B, 0x4E, 0x65, 0x82, 0x11, 0x69, 0xFA, 0x9E, 0x9F, 0xA3, 0x7C, 0xE9, 0x17,
    0x2B, 0x25, 0x80, 0xF9, 0xB0, 0x8A, 0x0D, 0x31, 0x18, 0xDA, 0xEB, 0x84, 0x66, 0x60, 0x6E, 0x85,
    0x97, 0xDA, 0xE2, 0x38, 0x76, 0x5C, 0x59, 0x9E, 0x97, 0x5E, 0xCC, 0x1D, 0xF4, 0xBE, 0xE2, 0xDC,
    0x3E, 0x44, 0x33, 0x42, 0xEC, 0x39, 0xD2, 0xA0, 0x76, 0x66, 0x76, 0x0E, 0xA3, 0x6F, 0xD0, 0x2F,
    0xB3, 0x03, 0x3E, 0xE0, 0xE9, 0xC5, 0xA8, 0x62, 0x91, 0x9D, 0x5F, 0x62, 0x94, 0x6F, 0xE0, 0x49,
    0x24, 0x27, 0xA8, 0x21, 0xF1, 0x9D, 0x10, 0x2A, 0x5D, 0x5A, 0xD3, 0xFD, 0xCD, 0x3F, 0x8B, 0x1D,
    0xD0, 0xA4, 0x7E, 0x6B, 0xE6, 0x75, 0x96, 0x6E, 0xAF, 0xC2, 0xA0, 0x20, 0xE1, 0x48, 0x39, 0x13,
    0x34, 0x7A, 0x61, 0xC7, 0xB8, 0x97, 0x73, 0xC3, 0xBF, 0x11, 0x3F, 0xDF, 0x92, 0x27, 0x27, 0x39,
    0x71, 0xD2, 0x99, 0xAF, 0x9E, 0x9B, 0x38, 0x40, 0xEA, 0x7E, 0xDC, 0xE3, 0xE7, 0x71, 0xEF, 0x81,
    0xBB, 0x2A, 0x52, 0xC5, 0x60, 0xC1, 0xD2, 0x3E, 0xFC, 0x75, 0x98, 0xA3, 0x90, 0xE8, 0x00, 0x35,
    0x33, 0x8B, 0x2B, 0x8A, 0xBF, 0xC4, 0x45, 0x55, 0x3F, 0x71, 0xB2, 0xBE, 0x9D, 0x3B, 0xE3, 0xAE,
    0xA3, 0xAE, 0x8A, 0xC7, 0x3D, 0x6B, 0xDD, 0x27, 0xBF, 0xB4, 0xC6, 0x36, 0x62, 0xCB, 0xBE, 0x79,
    0x6D, 0x73, 0x78, 0x7E, 0x73, 0x38, 0x21, 0x1C, 0x27, 0x25, 0x6F, 0xC9, 0x33, 0x26, 0x6B, 0x4F,
    0x21, 0x3C, 0xDA, 0x9D, 0xB5, 0x5B, 0x63, 0x85, 0x74, 0xC7, 0x87, 0x56, 0xD6, 0x96, 0xAD, 0xD8,
    0xAC, 0x07, 0x31, 0x60, 0x83, 0xCF, 0x90, 0xCC, 0x75, 0x34, 0x61, 0xD3, 0x34, 0x6D, 0x4F, 0x4F,
    0xCD, 0xEF, 0x2B, 0x02, 0x2D, 0x4A, 0xF7, 0xC9, 0xF6, 0x3B, 0xCC, 0x79, 0x84, 0x7C, 0x2D, 0xA7,
    0x7A, 0xA2, 0x9F, 0x0C, 0x47, 0x09, 0xBB, 0x9B, 0x4B, 0xF7, 0x28, 0xFF, 0xFA, 0x27, 0x8E, 0x78,
    0xF7, 0x13, 0x9D, 0xF7, 0x0B, 0xFA, 0xDC, 0xC9, 0xED, 0x07, 0xE4, 0xFC, 0x8E, 0x9C, 0xD2, 0xD0,
    0xE3, 0x8A, 0xCA, 0x07, 0x51, 0x4A, 0xF5, 0x94, 0x5A, 0x1D, 0x2B, 0x6F, 0x6B, 0x78, 0x2E, 0x0B,
    0x34, 0xD7, 0x1B, 0xA5, 0xB3, 0xAF, 0xFD, 0x72, 0xD9, 0x54, 0xEF, 0x57, 0xBC, 0x2B, 0x5E, 0xAD,
    0x3F, 0xD6, 0xFD, 0x86, 0x8E, 0x74, 0xF0, 0x38, 0xD4, 0xC9, 0xF9, 0xCD, 0x1B, 0xC7, 0xE3, 0x7C,
    0x7E, 0xE4, 0x28, 0x67, 0xC5, 0xE1, 0xE3, 0xCD, 0xD5, 0x01, 0x71, 0xFE, 0x72, 0xD1, 0x4C, 0x89,
    0x50, 0x0B, 0xEF, 0x99, 0x40, 0x57, 0x37, 0x8D, 0x36, 0xFC, 0xDD, 0xB8, 0x28, 0x07, 0x8A, 0xEB,
    0xA0, 0x26, 0xCF, 0x10, 0x1A, 0xBB, 0x56, 0x77, 0x5C, 0xDC, 0xB2, 0x43, 0x4B, 0xE3, 0x19, 0xA3,
    0x36, 0x38, 0xE3, 0x04, 0xAD, 0x1B, 0xDA, 0xF0, 0x44, 0x43, 0xB3, 0xDC, 0xE0, 0xBF, 0x82, 0x81,
    0x13, 0x76, 0xFF, 0x89, 0xE8, 0x3F, 0x44, 0xEB, 0xC7, 0x77, 0x20, 0x1A, 0x8A, 0xE6, 0xD9, 0x65,
    0x4F, 0x59, 0x26, 0x4A, 0x4D, 0xF7, 0x6A, 0x46, 0x3A, 0x93, 0x96, 0x74, 0xAF, 0xDD, 0x0B, 0x3F,
    0x44, 0x22, 0xC1, 0x77, 0x5F, 0x04, 0xC8, 0x8D, 0xA7, 0x33, 0x70, 0x7C, 0xEE, 0x84, 0x48, 0x73,
    0x0A, 0x08, 0xA1, 0x04, 0xA9, 0x08, 0x42, 0x74, 0xDB, 0x3A, 0xE9, 0xB7, 0x32, 0x8C, 0x6E, 0x1B,
    0x00, 0xB4, 0xD7, 0x77, 0x79, 0x4E, 0x63, 0x15, 0xCF, 0x99, 0x91, 0xE9, 0xF3, 0xB4, 0x38, 0xF1,
    0x28, 0xF2, 0x30, 0xED, 0xAE, 0x3A, 0xA2, 0x95, 0x28, 0x71, 0xCF, 0x12, 0x99, 0x43, 0xD0, 0x9A,
    0x37, 0x1C, 0x1B, 0xFD, 0x28, 0xA1, 0xD3, 0x28, 0x4A, 0xBF, 0xC1, 0xD5, 0x29, 0xFB, 0xC0, 0x24,
    0xCC, 0x29, 0xDE, 0x35, 0x13, 0x83, 0x63, 0xDD, 0x2D, 0x00, 0x5F, 0x72, 0x8F, 0x35, 0xAE, 0xF3,
    0x8D, 0xF7, 0xA2, 0x44, 0x3D, 0xEF, 0x8B, 0x25, 0x3B, 0xF5, 0xE3, 0xD0, 0xE9, 0xA0, 0xC4, 0xF7,
    0xF2, 0x90, 0xFC, 0xEF, 0x6E, 0x57, 0xC9, 0x5F, 0x0B, 0x2B, 0xD0, 0xD3, 0x6F, 0x91, 0xDB, 0xF5,
    0x73, 0x72, 0x73, 0xB7, 0x83, 0x6A, 0xC8, 0x41, 0xA9, 0x91, 0xA1, 0x4F, 0x32, 0x10, 0xC3, 0xE7,
    0xFF, 0x6F, 0xC5, 0x64, 0x89, 0x61, 0xFD, 0xB5, 0x81, 0xAC, 0x5E, 0x2E, 0x8E, 0xC2, 0x69, 0xB1,
    0xE4, 0x53, 0x29, 0xFA, 0x0E, 0xF9, 0xED, 0xBF, 0x9B, 0x6C, 0xEE, 0x3D, 0x03, 0x9B, 0xCF, 0x72,
    0x48, 0xEE, 0x98, 0x32, 0xB6, 0x45, 0xF6, 0x2F, 0xC8, 0x1A, 0x74, 0x42, 0x5B, 0x48, 0xF2, 0x54,
    0xAF, 0x50, 0x16, 0x58, 0xA9, 0x7F, 0x3D, 0x71, 0xDF, 0x97, 0xCE, 0xD3, 0xD8, 0xD6, 0xA6, 0xD7,
    0x6A, 0x19, 0x1A, 0xEC, 0x44, 0x7C, 0x03, 0x76, 0x35, 0x0A, 0x88, 0x1F, 0x0E, 0x6D, 0xC3, 0xB5,
    0x6E, 0x25, 0x65, 0x5B, 0x96, 0x1C, 0xE9, 0xBB, 0xC2, 0x7D, 0x3B, 0x76, 0xFE, 0x41, 0x56, 0xB1,
    0xFC, 0xAA, 0x39, 0xE7, 0x68, 0xD1, 0x64, 0xD1, 0x00, 0xC6, 0xE4, 0x5E, 0x97, 0xDE, 0xF5, 0xC4,
    0x7B, 0x90, 0x1C, 0x47, 0xF4, 0x54, 0x3F, 0x89, 0x5D, 0x1A, 0x4F, 0x62, 0x01, 0xEA, 0x16, 0x5F,
    0x1B, 0x20, 0xC5, 0xC4, 0x0E, 0x42, 0xE9, 0xC8, 0x75, 0x3F, 0x37, 0x9C, 0xD4, 0x2E, 0xDA, 0x5F,
    0xB8, 0x90, 0x02, 0xE0, 0x7A, 0x43, 0x72, 0x5F, 0xC3, 0x87, 0xC1, 0x9A, 0x67, 0x4C, 0x17, 0x4D,
    0xD9, 0xDB, 0x1C, 0x72, 0x63, 0x14, 0x7A, 0xD7, 0xF4, 0x66, 0x55, 0x96, 0xEB, 0x98, 0x52, 0x05,
    0x9A, 0x47, 0x9B, 0x88, 0x3D, 0x61, 0xD2, 0x18, 0xCF, 0xAB, 0x27, 0x24, 0x3F, 0x35, 0xED, 0x50,
    0xF6, 0x42, 0xC2, 0xF9, 0x8B, 0x59, 0xC0, 0x64, 0x23, 0xFC, 0xE2, 0xC9, 0x28, 0x70, 0x66, 0x92,
    0x9C, 0x3B, 0x46, 0x87, 0xD9, 0x2F, 0xE8, 0x80, 0x84, 0xD6, 0xE1, 0x36, 0xC3, 0x37, 0xCD, 0x45,
    0xC4, 0xA9, 0x49, 0x04, 0x71, 0x35, 0xDE, 0xDB, 0x50, 0x0E, 0xC6, 0xFF, 0x01, 0xC5, 0x57, 0x3D,
    0x8C, 0x1C, 0x45, 0x16, 0x7E, 0xDD, 0xB5, 0x76, 0x63, 0x17, 0x3B, 0xED, 0x00, 0x04, 0xE2, 0x76,
    0xDD, 0x0E, 0x1C, 0x00, 0x62, 0xB6, 0x37, 0xD8, 0x60, 0x85, 0x66, 0xA6, 0x1B, 0x5D, 0x78, 0x89,
    0x03, 0x1C, 0xDD, 0x49, 0x76, 0x8C, 0xEE, 0xB4, 0x1B, 0x38, 0xB0, 0xD0, 0x78, 0xA7, 0x44, 0x42,
    0x40, 0xC0, 0x66, 0x24, 0x27, 0xE4, 0x80, 0xC0, 0x0C, 0x96, 0x76, 0x02, 0x24, 0xAC, 0xD3, 0xDA,
    0x53, 0x3A, 0x67, 0x97, 0xD0, 0x9C, 0x74, 0x90, 0x99, 0xF2, 0x71, 0x77, 0xC1, 0x5E, 0x40, 0xE9,
    0xAE, 0x25, 0x8F, 0x60, 0x66, 0x8A, 0xEF, 0x55, 0xCD, 0x78, 0x3D, 0xC6, 0x86, 0xF5, 0x61, 0xE9,
    0xBA, 0xDF, 0x7B, 0x35, 0x3F, 0x55, 0xF5, 0x5E, 0xBF, 0x7A, 0x3F, 0x5F, 0x13, 0xD1, 0x7A, 0x34,
    0xAC, 0xD6, 0xE5, 0xC1, 0xF8, 0x62, 0x4E, 0x3D, 0xDD, 0xA2, 0xB4, 0xFC, 0x94, 0xA4, 0xB2, 0x94,
    0x80, 0x85, 0x32, 0x60, 0x1E, 0x6B, 0x92, 0xE5, 0x2D, 0xDA, 0x2A, 0x7B, 0xCE, 0x51, 0xE1, 0xA6,
    0x94, 0xBA, 0x31, 0x61, 0x1D, 0x11, 0x9D, 0x91, 0xF5, 0x7A, 0xE7, 0xE6, 0xD5, 0x6D, 0xAC, 0x11,
    0xA5, 0xC1, 0x6C, 0x90, 0xC4, 0x3C, 0x2A, 0x26, 0x24, 0x6B, 0xF2, 0x57, 0x4C, 0x94, 0x18, 0x9A,
    0x18, 0xB2, 0x86, 0xCC, 0x8F, 0xC9, 0x82, 0x22, 0x33, 0x12, 0x66, 0xE8, 0xAA, 0x9E, 0xD3, 0x99,
    0x2B, 0xFD, 0xAA, 0xF5, 0x6A, 0x79, 0xBD, 0x4A, 0x2B, 0x93, 0x92, 0x69, 0x30, 0x59, 0xD0, 0x69,
    0x82, 0xF2, 0xE1, 0x94, 0xF2, 0x3B, 0x61, 0xE7, 0x53, 0x4B, 0x61, 0x5C, 0xD9, 0x08, 0x63, 0x52,
    0xCD, 0x34, 0x6A, 0x7A, 0xF8, 0x72, 0x23, 0xA2, 0xC8, 0x39, 0xEB, 0x9C, 0xC2, 0x17, 0x67, 0xCD,
    0x05, 0xC3, 0x0B, 0xAC, 0x89, 0x2D, 0x46, 0xE8, 0xA1, 0x31, 0xC6, 0x02, 0x8F, 0xDC, 0xE5, 0xD9,
    0x64, 0xA8, 0x4D, 0x24, 0xC6, 0x18, 0x3B, 0x44, 0xD2, 0x86, 0x31, 0xAF, 0x30, 0xF6, 0x88, 0x86,
    0x8A, 0x4C, 0x3C, 0xA5, 0x68, 0xCA, 0x5B, 0x4D, 0x28, 0x19, 0xF3, 0x38, 0x82, 0x5B, 0x9C, 0x01,
    0xF1, 0x68, 0x61, 0x28, 0x8F, 0xDE, 0x05, 0xF1, 0x1B, 0x8A, 0xD5, 0xD3, 0x9F, 0xC8, 0x6B, 0x6F,
    0x51, 0x50, 0x4E, 0x41, 0x37, 0x05, 0xD5, 0xC4, 0x9A, 0x05, 0x0C, 0x83, 0xE2, 0xB8, 0x6F, 0xBD,
    0x3E, 0x51, 0xF9, 0x21, 0x2D, 0xBD, 0xD6, 0x8E, 0x57, 0x4A, 0x23, 0xAF, 0x53, 0xD8, 0xA0, 0x52,
    0x53, 0xD0, 0x58, 0xB1, 0xC2, 0x0C, 0x1F, 0xE9, 0xC4, 0x71, 0x68, 0xBC, 0x7D, 0x9D, 0xBD, 0x60,
    0x59, 0x9C, 0x9A, 0xF9, 0x83, 0x45, 0xF2, 0xAF, 0xCF, 0x9D, 0x5E, 0x1B, 0xFE, 0xE5, 0x13, 0x7D,
    0x29, 0xD5, 0x69, 0x39, 0x90, 0xBA, 0x4D, 0x46, 0xEA, 0x9A, 0xAC, 0xBC, 0x6D, 0xA8, 0x4E, 0x3F,
    0x57, 0xD4, 0x73, 0xDF, 0x9E, 0xC7, 0x21, 0x3B, 0x57, 0xCA, 0xFF, 0xC2, 0x5C, 0xE3, 0x2D, 0xF3,
    0x3C, 0x38, 0x0A, 0x63, 0xDD, 0x7D, 0xC6, 0x32, 0x66, 0x58, 0xF1, 0x02, 0xB8, 0x87, 0xBF, 0x7B,
    0xB0, 0x61, 0x07, 0x7B, 0xF1, 0x83, 0x09, 0x13, 0x78, 0xBE, 0x7F, 0xAC, 0x1F, 0xC7, 0xCE, 0xCD,
    0x59, 0x60, 0x3D, 0xB3, 0x04, 0x23, 0x4E, 0xA2, 0x8F, 0x68, 0x1B, 0xDE, 0x01, 0xAB, 0x81, 0xE7,
    0xB9, 0x42, 0x89, 0xFD, 0x1E, 0xCD, 0x53, 0xB0, 0x03, 0xC3, 0xAB, 0x33, 0xCE, 0xB1, 0xE5, 0x84,
    0xE8, 0xF8, 0x2E, 0x3E, 0xAF, 0x0A, 0xD5, 0xA1, 0xA6, 0x50, 0x85, 0x17, 0x8A, 0x85, 0x6E, 0x0B,
    0xB5, 0x53, 0x41, 0x5C, 0xB1, 0x10, 0xDD, 0x9A, 0x45, 0x17, 0x62, 0xBF, 0xCD, 0x22, 0x63, 0x91,
    0xDE, 0x14, 0x6A, 0x2C, 0x27, 0x10, 0x82, 0x45, 0x0C, 0x81, 0xBD, 0x24, 0xE2, 0x38, 0x76, 0x5E,
    0xB0, 0xF7, 0x47, 0x41, 0x5D, 0xC6, 0x22, 0x57, 0x29, 0xD9, 0x5C, 0xA7, 0x91, 0xCD, 0x4D, 0x1A,
    0xD7, 0x1D, 0x9B, 0x11, 0xB5, 0x6F, 0xB0, 0x68, 0x65, 0xB4, 0xDB, 0x6E, 0xE6, 0x64, 0xDA, 0xA9,
    0x17, 0x5B, 0x10, 0x09, 0xA2, 0xF1, 0x8A, 0x60, 0x11, 0xB1, 0xF0, 0xC1, 0x39, 0xF3, 0xDA, 0xA1,
    0x88, 0x59, 0xE4, 0x1C, 0xFF, 0x1C, 0x62, 0x21, 0x0B, 0xF0, 0x4D, 0x18, 0xE6, 0x57, 0x10, 0x60,
    0xF9, 0x1E, 0x22, 0x28, 0x79, 0x43, 0xB5, 0xC4, 0x3B, 0xFA, 0x51, 0xDC, 0x05, 0x87, 0x20, 0x99,
    0x3B, 0x39, 0x01, 0xEF, 0x29, 0x1F, 0xE5, 0xB8, 0x22, 0x42, 0x20, 0x7D, 0x81, 0x9F, 0x0A, 0x7C,
    0x79, 0xF6, 0xA1, 0xEC, 0x5A, 0xA3, 0xF0, 0x7B, 0x0F, 0x8F, 0xFB, 0x19, 0xF4, 0x7F, 0xA3, 0x29,
    0xFA, 0x6B, 0x85, 0x5D, 0x70, 0xC4, 0x88, 0xC2, 0x04, 0x55, 0x25, 0x45, 0xDC, 0x73, 0xDD, 0xC8,
    0x11, 0xA8, 0x9D, 0xF3, 0x5B, 0x08, 0xF6, 0x94, 0xF6, 0x71, 0x68, 0xCF, 0x9C, 0x20, 0xF1, 0x29,
    0xD1, 0x2C, 0x73, 0x29, 0xB9, 0x57, 0x66, 0x17, 0xCA, 0x56, 0x52, 0x6E, 0x08, 0xB5, 0xED, 0xE9,
    0xB2, 0xD4, 0x85, 0xD3, 0xB9, 0xD3, 0xF2, 0x9F, 0xFA, 0xCC, 0xD9, 0x86, 0x16, 0xE5, 0x5C, 0x6B,
    0xA2, 0xC4, 0xE2, 0xAD, 0xC3, 0x9D, 0xF8, 0xFB, 0xE2, 0x8B, 0xAB, 0x83, 0x44, 0x47, 0x7E, 0xF6,
    0xE1, 0x9C, 0x44, 0xCF, 0xEF, 0x58, 0xE1, 0xC4, 0x3F, 0x2B, 0x83, 0xF1, 0x4B, 0x87, 0xCF, 0x12,
    0x21, 0xBB, 0xE5, 0xC1, 0x08, 0x71, 0x71, 0x85, 0x4D, 0x26, 0x14, 0xC4, 0xF2, 0xA8, 0x05, 0x11,
    0x05, 0x69, 0xF9, 0x65, 0x76, 0x7A, 0xB4, 0x58, 0x81, 0x50, 0x0A, 0x3B, 0xB7, 0x68, 0x5B, 0x52,
    0xA8, 0x92, 0x5C, 0x28, 0x93, 0x72, 0x67, 0x8F, 0x8A, 0x29, 0xFF, 0xB5, 0x44, 0x65, 0x92, 0x50,
    0x84, 0x43, 0xDA, 0x3E, 0x5C, 0x62, 0xA8, 0xF5, 0x38, 0xB2, 0xD4, 0xB5, 0xB4, 0x3F, 0x8A, 0xC6,
    0x43, 0x37, 0xEA, 0xB9, 0x3A, 0x73, 0x95, 0xAF, 0x85, 0x2F, 0x6F, 0xCB, 0xFB, 0xCE, 0xA9, 0x1A,
    0x55, 0xC3, 0xF8, 0xDB, 0x36, 0xEC, 0x69, 0x37, 0x1D, 0x4E, 0xF3, 0x3B, 0x27, 0xFB, 0xCA, 0x17,
    0x08, 0xBE, 0x32, 0xA1, 0x33, 0x51, 0xE5, 0xF3, 0x82, 0xF9, 0xA4, 0xCA, 0x86, 0xE3, 0xB7, 0xAE,
    0xF1, 0xBA, 0x4B, 0xAD, 0x1B, 0xAD, 0x51, 0xEB, 0x71, 0x0A, 0xE9, 0x18, 0xD1, 0x32, 0xD7, 0x3B,
    0xBA, 0x7C, 0xF8, 0x5C, 0xBF, 0x50, 0x33, 0xED, 0x92, 0x8E, 0x67, 0xA7, 0xFA, 0x73, 0xFA, 0xE1,
    0x57, 0xF1, 0x1B, 0x2E, 0x98, 0x1C, 0xBA, 0x21, 0x4E, 0x13, 0x9D, 0x4B, 0xA6, 0xFF, 0x4D, 0xF9,
    0x52, 0x44, 0x27, 0x57, 0x88, 0xAB, 0xF6, 0x3C, 0x5C, 0x5B, 0x0D, 0x6A, 0x67, 0x4C, 0xE1, 0x42,
    0xD0, 0x82, 0x36, 0xE7, 0xD4, 0x02, 0x25, 0xAA, 0x70, 0x2A, 0x77, 0x4A, 0xDE, 0x53, 0xC7, 0xB8,
    0xA2, 0x7B, 0x7B, 0x96, 0x9E, 0x82, 0x31, 0x32, 0x64, 0xF8, 0x9B, 0x4F, 0x6C, 0x46, 0x8E, 0x6E,
    0x32, 0xA1, 0x73, 0x3D, 0x5F, 0xA2, 0x84, 0xEA, 0x7F, 0xA2, 0x6E, 0x7D, 0x50, 0x6E, 0x27, 0xF4,
    0xCA, 0x1F, 0x48, 0xA2, 0xDC, 0x3A, 0x8B, 0xFE, 0x73, 0x75, 0x56, 0x41, 0x10, 0xEC, 0x5F, 0x80,
    0xEF, 0xDA, 0xA7, 0x92, 0xEB, 0xB9, 0xA3, 0x97, 0xFA, 0x0F, 0xD8, 0x9B, 0xFF, 0x7C, 0xC6, 0x47,
    0xFD, 0x5D, 0xEE, 0x8A, 0x8B, 0xE5, 0x66, 0x75, 0x66, 0x46, 0xE7, 0xE9, 0x95, 0x21, 0xC0, 0x8E,
    0x97, 0xFA, 0xE5, 0x61, 0x11, 0x30, 0x7C, 0xCC, 0xB1, 0x3D, 0x52, 0x55, 0x62, 0xB0, 0x43, 0xAF,
    0x7E, 0xBC, 0x68, 0xCB, 0xAF, 0x33, 0x25, 0xBF, 0x7F, 0x7B, 0x70, 0x3A, 0xAD, 0x56, 0x36, 0xC5,
    0xDF, 0xAE, 0x6F, 0x88, 0x83, 0x8F, 0xB1, 0x8C, 0xB0, 0x0E, 0x15, 0xE3, 0xBB, 0xDF, 0xA3, 0xC3,
    0x8E, 0xE5, 0x37, 0xDF, 0xA2, 0xCC, 0x38, 0x15, 0x4D, 0xFB, 0x9A, 0x0B, 0x35, 0x47, 0x42, 0x5A,
    0x1E, 0x76, 0x26, 0x37, 0x7E, 0xBE, 0xDC, 0xBB, 0x96, 0x8D, 0x71, 0x4C, 0x37, 0xF0, 0xDF, 0x20,
    0xA9, 0x23, 0x2B, 0x80, 0x2D, 0x18, 0xBF, 0x50, 0x36, 0x2D, 0xE5, 0x57, 0x65, 0x07, 0x6D, 0xB6,
    0x28, 0x4D, 0x56, 0x7E, 0xED, 0xC6, 0x55, 0x46, 0x06, 0x28, 0x8E, 0x2B, 0x12, 0xC9, 0xAF, 0xB9,
    0xB1, 0x9D, 0xB9, 0x89, 0x4C, 0xA5, 0x2D, 0x13, 0x8A, 0xF7, 0xDD, 0x59, 0xF1, 0x5E, 0x5E, 0x34,
    0x34, 0x06, 0x48, 0xC9, 0x0E, 0xAE, 0x79, 0x67, 0x32, 0xF6, 0x41, 0x31, 0xA6, 0x3A, 0xB4, 0x6D,
    0xB2, 0xD1, 0x39, 0xB2, 0xB1, 0x43, 0xBD, 0xCB, 0xD4, 0x98, 0x1A, 0x70, 0xEC, 0x69, 0x5F, 0xEF,
    0x32, 0x70, 0xEC, 0xFE, 0x81, 0xA2, 0xB3, 0x7C, 0x56, 0x98, 0x79, 0xB1, 0x93, 0x5F, 0x76, 0xA6,
    0x83, 0x35, 0xD3, 0xF0, 0xB9, 0xB8, 0xD6, 0x9B, 0x16, 0x53, 0x79, 0x87, 0x9A, 0x67, 0xF6, 0x7B,
    0xA3, 0xDC, 0x9C, 0x10, 0x14, 0xFF, 0xD1, 0x6F, 0xEA, 0x73, 0x71, 0x55, 0xE8, 0xD5, 0x54, 0x35,
    0x33, 0x6A, 0xB6, 0xA9, 0xD9, 0xA5, 0x4E, 0x4D, 0x85, 0xA1, 0x02, 0xAE, 0xA9, 0xA8, 0xB0, 0xD4,
    0x1E, 0x53, 0x77, 0x48, 0xDD, 0x42, 0x77, 0x33, 0xBB, 0x2F, 0x47, 0x67, 0x57, 0xE8, 0xE4, 0xC0,
    0xB7, 0xA4, 0xF9, 0x01, 0xC1, 0x91, 0x0B, 0xF4, 0x5E, 0x29, 0x3E, 0x64, 0xB4, 0x06, 0x54, 0x24,
    0x46, 0x24, 0x6E, 0x91, 0x78, 0x5F, 0x89, 0x77, 0x8D, 0x78, 0x67, 0x74, 0xC4, 0x6A, 0xAE, 0xB8,
    0x9A, 0xE3, 0x4C, 0x7C, 0x5C, 0x48, 0x5F, 0xCD, 0x19, 0x49, 0x5C, 0x04, 0xF3, 0xC3, 0xED, 0x3F,
    0xAA, 0x8A, 0x3F, 0x8C, 0x75, 0x2F, 0xFA, 0xB9, 0x98, 0xFA, 0x1C, 0x45, 0x48, 0x20, 0xE1, 0xEA,
    0x27, 0xED, 0x29, 0x47, 0xB2, 0x02, 0x3D, 0xE3, 0xC1, 0x58, 0x3B, 0xBA, 0x51, 0x00, 0x86, 0xE2,
    0xFA, 0xE1, 0x11, 0xBC, 0xDA, 0x87, 0x2A, 0xCD, 0x6E, 0x4D, 0x15, 0x1F, 0xFE, 0xC8, 0x7B, 0xCF,
    0xF9, 0x30, 0x44, 0x61, 0x89, 0x19, 0x9D, 0xA5, 0x17, 0x2A, 0x0E, 0x71, 0xA0, 0x98, 0x37, 0x7F,
    0xE9, 0xF2, 0xFF, 0x17, 0x00, 0xF7, 0xC8, 0x9B, 0x02, 0xF2, 0xA6, 0x27, 0x46, 0xDE, 0xCA, 0xAB,
    0x2B, 0x02, 0xF2, 0x1E, 0x2F, 0x20, 0xEF, 0x2A, 0x20, 0xEF, 0x03, 0x35, 0x47, 0xDE, 0xF7, 0x51,
    0xF6, 0x43, 0xE2, 0x91, 0xA0, 0x3B, 0x79, 0x1C, 0xE8, 0xBE, 0xC7, 0x96, 0x46, 0x1C, 0xE3, 0xA1,
    0xC6, 0x3F, 0xCD, 0x74, 0x05, 0xBE, 0xB8, 0x4A, 0xD5, 0xBC, 0x79, 0xFE, 0x54, 0xBA, 0x32, 0xA6,
    0x6C, 0x93, 0xB7, 0x83, 0xB3, 0xB5, 0x43, 0xAB, 0x05, 0x48, 0x35, 0x0B, 0xDD, 0xDC, 0x31, 0xCD,
    0xAE, 0x6D, 0x03, 0x08, 0x03, 0x06, 0x03, 0x04, 0x03, 0x02, 0x03, 0x00, 0x8F, 0x93, 0x09, 0xC0,
    0xEF, 0x38, 0x9A, 0x70, 0x96, 0xD6, 0x1C, 0x6D, 0xE1, 0x02, 0xF2, 0x2C, 0xF6, 0x80, 0x3B, 0xCB,
    0x56, 0x68, 0x43, 0x0F, 0x50, 0x17, 0x89, 0xEB, 0xE1, 0x66, 0x19, 0x9E, 0xF3, 0xD8, 0x1C, 0x20,
    0xE0, 0xFB, 0xEB, 0xF8, 0x7D, 0x5D, 0x87, 0xCF, 0x0F, 0x5E, 0x1E, 0xAF, 0xE3, 0x37, 0x54, 0x0A,
    0x7A, 0x5B, 0x87, 0x57, 0x0E, 0x6B, 0x29, 0xAA, 0x2E, 0x21, 0x10, 0x37, 0x91, 0x44, 0xAF, 0x21,
    0xB1, 0x56, 0xF9, 0xDC, 0xF1, 0xCC, 0xAE, 0x5C, 0x3B, 0xFF, 0x5B, 0xD5, 0x06, 0x8E, 0xED, 0x72,
    0xDF, 0x7D, 0x0D, 0x7D, 0xD1, 0xBF, 0x1F, 0x9C, 0x63, 0x02, 0x1E, 0x17, 0xBF, 0x23, 0xF1, 0x2C,
    0x45, 0xF5, 0xD1, 0x6A, 0x3C, 0x67, 0xB1, 0x0F, 0x21, 0xC6, 0xF5, 0xA4, 0x53, 0x7F, 0xB8, 0x4D,
    0x3E, 0xA7, 0xF2, 0xB2, 0x87, 0xC7, 0x76, 0xD6, 0x37, 0x28, 0xA0, 0x67, 0xDA, 0xFA, 0x37, 0xA6,
    0xC7, 0xDF, 0x31, 0xF8, 0xC7, 0x3E, 0x8A, 0x8D, 0x1F, 0xE2, 0xF7, 0x26, 0xFD, 0x07, 0x5D, 0xBB,
    0x25, 0xEE, 0x62, 0x66, 0x4B, 0xA2, 0x33, 0xD1, 0x26, 0xBF, 0xDF, 0x51, 0xAB, 0xF0, 0x3E, 0xBF,
    0xC2, 0x3D, 0x3D, 0x1F, 0xC9, 0x8A, 0x63, 0xCA, 0x69, 0x1F, 0xC3, 0xCA, 0x4B, 0x76, 0xCD, 0xB0,
    0x9E, 0x75, 0x38, 0xA2, 0x9B, 0x5E, 0xFA, 0xE0, 0x0E, 0xC1, 0x2C, 0xBC, 0xEA, 0x80, 0x26, 0x82,
    0xDF, 0xCE, 0xDE, 0xF7, 0xDB, 0xA9, 0x8A, 0x2A, 0x4D, 0x7F, 0xD6, 0xF1, 0x6D, 0xC5, 0xFE, 0x4E,
    0xBC, 0xC7, 0x1B, 0x84, 0xA0, 0x4E, 0x87, 0x6A, 0xE5, 0x75, 0xDD, 0xDA, 0xA8, 0x36, 0xB7, 0xCD,
    0xE6, 0xC0, 0xB4, 0xFF, 0x5E, 0x65, 0x4E, 0xA7, 0x4E, 0xE1, 0x95, 0x08, 0xE7, 0x93, 0x94, 0x3C,
    0x31, 0xE5, 0xB9, 0xDC, 0x74, 0x81, 0xB4, 0xD6, 0xC3, 0x86, 0x30, 0x24, 0x41, 0x20, 0xA6, 0x6C,
    0x26, 0xCD, 0x98, 0xCD, 0x9C, 0x96, 0x08, 0x34, 0x18, 0xF5, 0x2B, 0x36, 0xB7, 0xA7, 0xF8, 0xA4,
    0x96, 0xF0, 0xD6, 0x97, 0xE3, 0x30, 0x7A, 0xC8, 0x9D, 0x2D, 0xB7, 0xBB, 0x78, 0xA0, 0xC5, 0xAC,
    0x8B, 0x77, 0x67, 0xE5, 0x0D, 0x4B, 0xE5, 0x68, 0xED, 0xDA, 0x26, 0x82, 0x2F, 0xAB, 0xE2, 0x09,
    0xA5, 0x27, 0xB2, 0xDE, 0x34, 0x1F, 0xCD, 0x42, 0xDF, 0x0A, 0x2B, 0x8C, 0xA8, 0xA4, 0x06, 0xEE,
    0x7E, 0x6B, 0xA7, 0xCF, 0xF6, 0x1C, 0x85, 0xC2, 0xD5, 0xF6, 0x5A, 0x40, 0x37, 0x42, 0xC2, 0x1C,
    0xA7, 0x93, 0x78, 0xAC, 0x61, 0xBD, 0xF5, 0x51, 0x83, 0xE6, 0x77, 0x4A, 0x69, 0x9D, 0xD6, 0xC1,
    0x9B, 0xA2, 0xE2, 0x37, 0x09, 0xA9, 0xCA, 0x53, 0xB4, 0x31, 0xE0, 0x17, 0x6D, 0x11, 0xC2, 0x64,
    0x4E, 0x32, 0x50, 0x4F, 0xA5, 0xDF, 0x9B, 0x54, 0xD9, 0x94, 0x06, 0x8B, 0x84, 0x97, 0x3A, 0xFB,
    0x03, 0x4D, 0x90, 0xBD, 0x4E, 0xC3, 0x30, 0x14, 0x85, 0x8F, 0xA1, 0xFC, 0x29, 0x11, 0x18, 0xF1,
    0xB3, 0x20, 0x94, 0x08, 0x18, 0x50, 0x54, 0xC0, 0x43, 0x87, 0x0E, 0xA4, 0xDC, 0x47, 0x80, 0x81,
    0x3D, 0x33, 0x53, 0x06, 0x06, 0x84, 0x0A, 0xF5, 0x23, 0x74, 0xE0, 0x01, 0x3A, 0x96, 0x4C, 0x1E,
    0x18, 0x2B, 0x6A, 0x58, 0x58, 0xBD, 0xB3, 0x54, 0x88, 0x8D, 0xA5, 0x43, 0x25, 0x10, 0x2A, 0x18,
    0x1B, 0x14, 0xE0, 0x58, 0x96, 0x75, 0x7D, 0xED, 0x73, 0x3E, 0xBB, 0x8A, 0x80, 0x58, 0xBB, 0x52,
    0xCB, 0x15, 0xC3, 0x8C, 0x5C, 0x1F, 0xC4, 0x5B, 0x3C, 0xEE, 0x89, 0x47, 0x75, 0x6F, 0x92, 0xEB,
    0x96, 0x4D, 0x8A, 0x4E, 0xCB, 0x8E, 0xA8, 0xA2, 0xC3, 0xF3, 0x9B, 0xC8, 0x54, 0xD3, 0x46, 0x75,
    0x1E, 0x69, 0x84, 0xC6, 0x1E, 0x96, 0x2F, 0xA7, 0x67, 0x71, 0xF1, 0xF2, 0x72, 0xC1, 0xCC, 0x0C,
    0x05, 0xB4, 0x83, 0x15, 0x1C, 0x82, 0x57, 0xB6, 0xF3, 0x40, 0x4F, 0x52, 0x15, 0x43, 0x67, 0x9B,
    0x82, 0xB5, 0xA7, 0x31, 0xEE, 0x35, 0xD3, 0x46, 0x24, 0x23, 0x8A, 0xB0, 0x8B, 0xF4, 0xA7, 0x0C,
    0xC3, 0x66, 0xA8, 0xF5, 0x48, 0xBF, 0x5F, 0x1D, 0x9F, 0xA1, 0x8E, 0x7A, 0x18, 0xD6, 0x38, 0xD7,
    0x3A, 0xE3, 0xA7, 0x63, 0x74, 0xC7, 0x82, 0x87, 0x68, 0x21, 0x44, 0xD2, 0xED, 0x7F, 0xFE, 0x8F,
    0xF4, 0x69, 0x7F, 0x46, 0x3C, 0xDE, 0x4A, 0x9A, 0x71, 0xFB, 0xB9, 0x89, 0x5C, 0x39, 0x15, 0xD2,
    0xEA, 0x27, 0x7D, 0x44, 0x25, 0x02, 0x73, 0x00, 0xEB, 0x26, 0xFB, 0x7B, 0x4D, 0xBB, 0x3F, 0x4C,
    0x3A, 0xFD, 0x51, 0x59, 0x17, 0x5D, 0x3B, 0x26, 0xA1, 0xCC, 0x11, 0xBD, 0x6A, 0xAB, 0x01, 0xAB,
    0xBD, 0xAC, 0xAE, 0x50, 0x3A, 0xD8, 0x14, 0x9B, 0x62, 0x49, 0xAC, 0x3A, 0x84, 0x0D, 0x94, 0xE7,
    0xA1, 0x63, 0x02, 0x07, 0x72, 0xA0, 0x03, 0x18, 0x38, 0xFD, 0x82, 0x95, 0xD9, 0x1E, 0xD8, 0x37,
    0xFC, 0x9A, 0xE7, 0xEA, 0x9B, 0x4B, 0xA9, 0x13, 0x6A, 0xC9, 0x49, 0x37, 0x5C, 0x43, 0x42, 0x2E,
    0x66, 0xB7, 0xE2, 0x41, 0x3D, 0x98, 0x39, 0xE7, 0x3E, 0x8B, 0x52, 0x75, 0xB0, 0xC3, 0xE5, 0x4E,
    0xF4, 0x89, 0x61, 0x1A, 0xDC, 0x0D, 0xF6, 0x59, 0x5F, 0xBA, 0x1F, 0x84, 0x9F, 0x11, 0x51, 0xC3,
    0x98, 0x5C, 0x99, 0x2C, 0x92, 0x53, 0xC0, 0x81, 0x31, 0xA7, 0xEF, 0x26, 0xDB, 0xF3, 0x6E, 0x7C,
    0x01, 0xFB, 0xEC, 0xFB, 0xBA, 0x10, 0x04, 0x50, 0x0D, 0x13, 0x72, 0xA1, 0xB8, 0x05, 0xB3, 0xCF,
    0xC0, 0x31, 0x21, 0xB0, 0x1F, 0xD8, 0xC1, 0x1A, 0x65, 0x3E, 0xF8, 0x47, 0x54, 0x14, 0xC5, 0x9B,
    0xB5, 0xAE, 0x01, 0x64, 0x7E, 0xE3, 0x0B, 0xAD, 0x5A, 0x51, 0x8C, 0xDC, 0xC6, 0x79, 0xFE, 0xC9,
    0x91, 0xC4, 0xD6, 0xD4, 0x91, 0x2A, 0x6A, 0xC3, 0x6D, 0x7C, 0x77, 0xCC, 0x83, 0xD1, 0x26, 0xC0,
    0xEE, 0xAD, 0xD0, 0x5E, 0x6D, 0x1A, 0xE6, 0xDE, 0xB2, 0x31, 0x50, 0x3D, 0x18, 0x48, 0x0F, 0x81,
    0x8D, 0x3C, 0xB8, 0xB1, 0xFD, 0x90, 0x87, 0x16, 0x90, 0xAA, 0x6D, 0x7B, 0x29, 0x0E, 0xE9, 0x9E,
    0x96, 0x89, 0x1F, 0xFC, 0x60, 0xA0, 0x76, 0x0B, 0x14, 0x7D, 0x09, 0x10, 0x03, 0xF5, 0x83, 0x61,
    0x3B, 0xF0, 0x06, 0x5E, 0xC4, 0xD7, 0xF8, 0xA4, 0x9D, 0x5A, 0x0F, 0x7E, 0x08, 0x10, 0xD3, 0x4A,
    0xD3, 0x3E, 0x18, 0x85, 0x47, 0x3A, 0xA9, 0x2A, 0x6A, 0xC7, 0xA2, 0x24, 0x16, 0xA2, 0x24, 0xEE,
    0x4E, 0xBF, 0x9F, 0xE4, 0xDE, 0xEE, 0xDD, 0x49, 0xE7, 0xB3, 0x5B, 0xF2, 0x1F, 0xDE, 0xEE, 0x72,
    0x38, 0x9C, 0xF9, 0xE7, 0xFF, 0xBF, 0xFF, 0xFB, 0x67, 0xEE, 0x5E, 0x72, 0xC9, 0x8C, 0x09, 0x87,
    0xD6, 0x97, 0x9E, 0x54, 0x54, 0x9E, 0x7A, 0x54, 0xFD, 0x2D, 0x8E, 0xC5, 0x59, 0xBF, 0x56, 0xD6,
    0x18, 0xDF, 0xDF, 0x59, 0xA3, 0xA1, 0x35, 0x91, 0x4F, 0xBB, 0xCB, 0xD2, 0x08, 0xE5, 0x98, 0xA4,
    0xC0, 0x50, 0xF8, 0x9E, 0xD0, 0x62, 0x55, 0x7C, 0x1B, 0xDF, 0xDD, 0x88, 0x42, 0x43, 0x8A, 0xC8,
    0xA2, 0xF1, 0xA1, 0x87, 0x97, 0x9E, 0x98, 0xBC, 0x63, 0xFA, 0x34, 0x47, 0xE4, 0x1E, 0x93, 0x68,
    0xA2, 0x4D, 0xCF, 0xF6, 0x50, 0x31, 0x67, 0x49, 0x88, 0xE5, 0xB4, 0x91, 0x76, 0x75, 0xDA, 0xD2,
    0xCA, 0xD2, 0x21, 0xDD, 0xB7, 0x4C, 0xA6, 0x4E, 0xC9, 0xBE, 0xD5, 0x27, 0x34, 0x4F, 0x1E, 0x55,
    0xE5, 0x5F, 0x89, 0x5C, 0xFD, 0x12, 0xEE, 0xE5, 0x44, 0xF7, 0xA3, 0xB3, 0xD4, 0xC5, 0xDD, 0x96,
    0x3C, 0x40, 0x5D, 0x89, 0xCE, 0x87, 0x5D, 0x3D, 0xA4, 0x93, 0xB8, 0xCF, 0xC7, 0xAA, 0x5F, 0x1D,
    0x41, 0x10, 0x74, 0x3A, 0x9D, 0xFA, 0x5C, 0x73, 0x61, 0x69, 0xA1, 0xEC, 0x9F, 0xB1, 0xBB, 0x63,
    0x09, 0x9F, 0x46, 0x71, 0x92, 0xDA, 0xEB, 0x14, 0x71, 0x57, 0x76, 0xE5, 0x29, 0x12, 0x3A, 0x23,
    0x12, 0x91, 0x7F, 0x87, 0x4B, 0x2B, 0xE3, 0x4F, 0x1E, 0x59, 0x91, 0x6F, 0x85, 0xB8, 0x88, 0xE2,
    0x12, 0xD9, 0xF8, 0x2D, 0x74, 0xC3, 0x96, 0xA6, 0x16, 0xA1, 0x8A, 0x32, 0xE5, 0xAE, 0x82, 0x39,
    0x88, 0x2F, 0x7D, 0xF3, 0x97, 0x29, 0x3E, 0x07, 0x28, 0xB5, 0xAA, 0x6C, 0x28, 0x28, 0x03, 0x25,
    0xEE, 0x62, 0x82, 0xB8, 0x50, 0x40, 0x93, 0xC2, 0x93, 0xD3, 0x7A, 0x3C, 0xA2, 0xA6, 0xC9, 0x13,
    0xB4, 0xA3, 0x98, 0x55, 0x11, 0x92, 0x66, 0x09, 0x73, 0x46, 0x6D, 0xA2, 0xE5, 0x6A, 0x9A, 0xE6,
    0x84, 0x9C, 0x73, 0xA3, 0xBA, 0x47, 0xF5, 0x26, 0xD5, 0x3B, 0xB4, 0x94, 0x52, 0x4B, 0x41, 0x99,
    0xD4, 0x8A, 0xA9, 0x95, 0x50, 0x33, 0xA7, 0xCE, 0x80, 0x3A, 0x2D, 0xD9, 0xF1, 0x92, 0x0D, 0x3B,
    0x3B, 0x48, 0x18, 0x0F, 0x41, 0x3B, 0xE5, 0x51, 0xCC, 0x59, 0x9A, 0x98, 0x59, 0x22, 0xB2, 0xC4,
    0xCE, 0x12, 0x77, 0x3D, 0x5D, 0xE8, 0xA4, 0xCD, 0x4E, 0xDA, 0xE9, 0xA4, 0x69, 0xE7, 0x66, 0xD2,
    0xB9, 0x1D, 0x77, 0xB4, 0x5C, 0xD3, 0xE1, 0x9A, 0xA6, 0xB5, 0x83, 0x46, 0xE8, 0x0A, 0x69, 0x5D,
    0x09, 0x8D, 0x61, 0xF5, 0xF8, 0x11, 0x5A, 0xF6, 0x0D, 0x55, 0x33, 0x63, 0xFC, 0x6E, 0x1F, 0x93,
    0xE2, 0x67, 0x91, 0xF8, 0x28, 0x34, 0x30, 0x30, 0xC8, 0x29, 0xA2, 0x35, 0xA2, 0x0D, 0x3A, 0x94,
    0x15, 0xFD, 0x09, 0x69, 0xD9, 0x08, 0xA1, 0x84, 0x3D, 0xE4, 0xD6, 0xEB, 0x52, 0x6B, 0x68, 0x90,
    0x2A, 0xC1, 0x00, 0x79, 0xA6, 0x5B, 0x6C, 0x1F, 0x21, 0xD1, 0xDB, 0xB0, 0x91, 0x4D, 0x49, 0xC6,
    0xB9, 0x98, 0x84, 0x54, 0x28, 0x09, 0x59, 0x21, 0x0C, 0x0B, 0xDA, 0x73, 0x61, 0x48, 0x0D, 0x3D,
    0xA2, 0xA5, 0x27, 0x4F, 0x52, 0x07, 0xBF, 0x6C, 0xC0, 0xDC, 0xC6, 0x3E, 0x01, 0xAF, 0x50, 0xEA,
    0xB8, 0x72, 0x94, 0xAD, 0x5C, 0x75, 0x52, 0x0F, 0xF5, 0x45, 0x58, 0xA4, 0x3A, 0x41, 0xCA, 0x25,
    0x65, 0x17, 0x32, 0x47, 0xFC, 0xCB, 0x3C, 0x8C, 0x22, 0x54, 0x56, 0x04, 0xFB, 0xC3, 0xD4, 0xC0,
    0x2C, 0xF4, 0xF0, 0x6E, 0xD6, 0x23, 0x74, 0x22, 0xA2, 0xDE, 0x1D, 0xC5, 0x0E, 0x7B, 0x1E, 0xF5,
    0x06, 0x7A, 0xD8, 0xD5, 0xB9, 0x4F, 0xB5, 0xA0, 0x98, 0xDA, 0xBB, 0xBB, 0xAA, 0x2D, 0x55, 0x87,
    0x44, 0xAC, 0x32, 0x4C, 0xC9, 0x79, 0x4C, 0x46, 0xB6, 0x09, 0xEF, 0x5F, 0xFB, 0x58, 0x12, 0x86,
    0x83, 0x21, 0xBB, 0xB0, 0x09, 0xB2, 0x73, 0xBE, 0xB0, 0xCA, 0x1B, 0x85, 0xAB, 0x40, 0x45, 0x86,
    0xD6, 0x18, 0xFC, 0xAD, 0x1B, 0x39, 0x79, 0xD7, 0x53, 0x18, 0xE2, 0xD9, 0x74, 0x10, 0x9D, 0x54,
    0x4F, 0x74, 0x68, 0x86, 0x1C, 0xAA, 0x79, 0x69, 0xA1, 0x04, 0x9B, 0xDC, 0x4B, 0xA7, 0x74, 0x3E,
    0x50, 0x9F, 0x6B, 0x92, 0x7D, 0x9B, 0x6A, 0x0E, 0xB9, 0x39, 0x99, 0x2F, 0x4D, 0xDB, 0x48, 0x92,
    0x98, 0x49, 0x22, 0x92, 0xC4, 0x4E, 0x52, 0x27, 0x49, 0xE7, 0xD2, 0x34, 0x48, 0xB3, 0x95, 0x34,
    0x4B, 0xB2, 0x9B, 0x2A, 0x1B, 0xC9, 0x4C, 0xCB, 0x5C, 0x87, 0xB9, 0xA6, 0xFC, 0x73, 0x19, 0xE3,
    0x36, 0x3D, 0x86, 0x13, 0xB1, 0x88, 0xC5, 0xA6, 0x9E, 0x4B, 0xBD, 0x25, 0x02, 0xC0, 0x50, 0x46,
    0x9D, 0x9C, 0xF2, 0x5F, 0x19, 0x9F, 0x5C, 0x31, 0x3F, 0xF9, 0x58, 0xBC, 0xB1, 0xF9, 0x42, 0x6D,
    0xF3, 0xFD, 0xDA, 0x85, 0x51, 0xED, 0xFC, 0xB0, 0xA6, 0xF2, 0x9A, 0x5A, 0xAF, 0x29, 0x62, 0x49,
    0x28, 0xB8, 0xA3, 0x68, 0x9D, 0x97, 0x02, 0xCD, 0x6C, 0x89, 0x31, 0x88, 0xC8, 0xFE, 0xBB, 0x94,
    0xEA, 0xD4, 0x04, 0x1A, 0xE2, 0x55, 0xD0, 0x18, 0x9B, 0x14, 0xE6, 0x37, 0xE2, 0x92, 0x90, 0x08,
    0x81, 0x5D, 0xE1, 0x69, 0x3A, 0x19, 0xB2, 0xB7, 0xB6, 0x60, 0x60, 0x6C, 0x68, 0xC6, 0xE0, 0x25,
    0xCC, 0x5E, 0xA4, 0xC4, 0x67, 0x8B, 0xBE, 0x48, 0xCA, 0x23, 0xFE, 0x5C, 0xDA, 0x38, 0x5B, 0x17,
    0xEC, 0xAA, 0x82, 0xCA, 0x1D, 0x42, 0xC6, 0x32, 0x75, 0x73, 0x73, 0xF4, 0xAA, 0x1D, 0x93, 0x1B,
    0xB2, 0xE9, 0x37, 0x0B, 0x64, 0x08, 0x8A, 0x0F, 0xF0, 0x82, 0x56, 0xFC, 0x6B, 0x0D, 0x9D, 0xA3,
    0x0B, 0x16, 0x7A, 0x31, 0x78, 0x05, 0x7D, 0xE2, 0x6E, 0x05, 0xB4, 0x1F, 0x39, 0x42, 0xA1, 0x0F,
    0x14, 0x12, 0xD2, 0x01, 0x82, 0x1D, 0x0B, 0xC5, 0xCF, 0x42, 0xF1, 0x11, 0xB1, 0xA7, 0x8E, 0x0A,
    0x37, 0xED, 0x14, 0x9E, 0x9A, 0x56, 0x9E, 0xFA, 0x80, 0xBE, 0xB8, 0xE6, 0x9F, 0x48, 0x7C, 0x57,
    0xF9, 0x36, 0xAE, 0xEB, 0xFE, 0x9F, 0xB7, 0x74, 0x6E, 0x6B, 0x0E, 0x1A, 0xD3, 0x02, 0xBF, 0xA3,
    0x79, 0xA8, 0xCF, 0x0E, 0x3B, 0x85, 0x37, 0x9A, 0x17, 0xE0, 0xB4, 0xB7, 0x65, 0xE9, 0xAD, 0x63,
    0xAF, 0x85, 0xB5, 0x9A, 0xD7, 0x15, 0x59, 0x1F, 0xA4, 0xE4, 0xCA, 0x1C, 0xAD, 0x9F, 0x02, 0x32,
    0x34, 0xC2, 0xCA, 0xF5, 0xEE, 0x2E, 0x80, 0x50, 0x06, 0x03, 0x80, 0x1E, 0x30, 0x0F, 0x0A, 0xB4,
    0x27, 0x67, 0xE2, 0xF6, 0x1B, 0x5D, 0xED, 0x7D, 0x88, 0xF9, 0xC2, 0xA9, 0xEE, 0xAD, 0x29, 0x7F,
    0x2F, 0x29, 0x67, 0x1E, 0xD5, 0x08, 0x5F, 0xF6, 0x55, 0x74, 0x81, 0x01, 0xEC, 0x80, 0x36, 0x46,
    0xE1, 0xA2, 0x1C, 0xE4, 0x71, 0x88, 0x68, 0x4A, 0x74, 0x24, 0xBE, 0x07, 0xEB, 0x5D, 0x11, 0xD1,
    0x22, 0xA2, 0x84, 0xF8, 0x5E, 0xCA, 0xC6, 0xAC, 0x23, 0x60, 0x56, 0xA2, 0xCA, 0xD2, 0x1B, 0x17,
    0x28, 0xAE, 0x07, 0x37, 0xEF, 0x01, 0x68, 0x7A, 0x6A, 0x06, 0xF7, 0x1C, 0x4A, 0x2F, 0xAD, 0x51,
    0x8A, 0x59, 0x4C, 0x71, 0x2F, 0x9B, 0x02, 0x07, 0xA5, 0x3A, 0x6A, 0x4E, 0xCD, 0x28, 0xE7, 0xD2,
    0x1A, 0x7A, 0xAD, 0xCA, 0x38, 0x1B, 0x50, 0xEF, 0x41, 0xC6, 0x7C, 0xBF, 0x0A, 0xB4, 0xC5, 0x8C,
    0xAE, 0x19, 0x19, 0xE2, 0x6C, 0x43, 0x27, 0x88, 0xB3, 0xEA, 0x01, 0x3C, 0xFC, 0xCF, 0xC7, 0x49,
    0xA1, 0xE5, 0x0B, 0xD2, 0x02, 0x4A, 0x8A, 0x70, 0x33, 0x12, 0xE1, 0x8D, 0x08, 0x26, 0x88, 0xBF,
    0x9B, 0xD2, 0x0A, 0x37, 0x13, 0x8F, 0xCE, 0xC3, 0x5C, 0x14, 0x1A, 0x50, 0x0D, 0x74, 0x6B, 0xC0,
    0xBE, 0x07, 0x1F, 0x73, 0x0A, 0x37, 0x73, 0xA3, 0x9E, 0xA5, 0x13, 0x83, 0x9B, 0x4B, 0xDC, 0x3F,
    0x4C, 0x5C, 0x23, 0xF1, 0x8C, 0xA4, 0x61, 0x24, 0xAD, 0x42, 0xA0, 0x01, 0xEB, 0x46, 0xE8, 0x3D,
    0x13, 0x06, 0x56, 0x88, 0xE1, 0xB6, 0x0B, 0x59, 0xB5, 0x65, 0x4B, 0x23, 0x5E, 0x4B, 0xFB, 0x92,
    0x64, 0x9C, 0xB8, 0x2F, 0x12, 0x3A, 0x84, 0xB2, 0xC0, 0x4E, 0xFC, 0x23, 0xF4, 0x28, 0x1C, 0xE6,
    0x98, 0x6C, 0x1A, 0x71, 0x40, 0x10, 0x85, 0x0F, 0xDE, 0x31, 0xE9, 0xEA, 0xD0, 0xBC, 0x49, 0x3A,
    0x56, 0x7D, 0xE5, 0xAB, 0x15, 0xFC, 0x5D, 0xE5, 0xB1, 0xAA, 0x3A, 0x50, 0x39, 0xD5, 0xD9, 0x1D,
    0x78, 0x06, 0x7A, 0xFF, 0x5C, 0x21, 0x8F, 0x55, 0x62, 0x8B, 0xC8, 0x15, 0xD1, 0x82, 0x88, 0x06,
    0x3A, 0x59, 0x21, 0xB5, 0x48, 0xB1, 0xA5, 0xA8, 0x3E, 0x4B, 0x6D, 0x8B, 0x7E, 0xF2, 0x26, 0xDD,
    0x7A, 0x2D, 0x54, 0x85, 0x2F, 0x9D, 0xFA, 0x23, 0xB8, 0x2B, 0x59, 0x43, 0xB2, 0x1F, 0x7B, 0x4E,
    0x8A, 0xB3, 0xCF, 0x47, 0xC6, 0xE6, 0x8B, 0x44, 0x37, 0x7E, 0x04, 0xBB, 0x84, 0xFE, 0x1A, 0xA8,
    0xE1, 0xA2, 0x20, 0x7C, 0x03, 0x8F, 0x49, 0xDC, 0xBE, 0x12, 0xB9, 0x1F, 0x7E, 0xA4, 0x5A, 0x2F,
    0xFC, 0x22, 0x6D, 0xA8, 0xDF, 0xE8, 0xD3, 0x8A, 0x1B, 0x63, 0xCC, 0x3E, 0x2D, 0xB6, 0x92, 0x93,
    0xB1, 0x72, 0x23, 0xE5, 0x45, 0xEA, 0xE1, 0x48, 0xBD, 0x15, 0x9D, 0xFF, 0x45, 0xB4, 0x79, 0x36,
    0xBA, 0x2C, 0xA2, 0x4F, 0x45, 0x94, 0x8B, 0x28, 0x83, 0x21, 0x1C, 0x21, 0x17, 0xFD, 0x0C, 0x59,
    0x01, 0x5C, 0xB3, 0x51, 0xD4, 0xBC, 0x5E, 0xD4, 0x7C, 0x2E, 0xFA, 0x78, 0x5C, 0x33, 0x85, 0x99,
    0x04, 0xB4, 0xD8, 0xA3, 0xEF, 0xC4, 0xF4, 0x37, 0x92, 0xBA, 0x50, 0x3F, 0x24, 0xA2, 0xB7, 0x12,
    0xBA, 0x0A, 0xE6, 0xD4, 0x05, 0xE0, 0x3A, 0x35, 0xA7, 0x36, 0x53, 0x9C, 0xB3, 0xB5, 0x5A, 0xAD,
    0x03, 0x2D, 0xA6, 0x66, 0x9C, 0x0B, 0x95, 0x5B, 0x6A, 0xE4, 0xAA, 0x2B, 0x4E, 0x72, 0xF9, 0x44,
    0xB2, 0x99, 0x27, 0x9B, 0x19, 0x02, 0x45, 0xA2, 0xAE, 0x26, 0xCA, 0x48, 0x77, 0xC4, 0xCF, 0xFF,
    0xF9, 0x26, 0xC7, 0x4F, 0x48, 0x62, 0x56, 0x62, 0xA7, 0xD4, 0xAC, 0x53, 0xDB, 0x2E, 0x42, 0x5B,
    0x81, 0x48, 0xA9, 0x0D, 0x2C, 0xA3, 0x16, 0x14, 0x93, 0x72, 0x58, 0xB2, 0x77, 0x9E, 0xB3, 0x67,
    0xC8, 0x3B, 0x27, 0x11, 0x1A, 0x9D, 0x89, 0x65, 0x24, 0x9E, 0x8E, 0x17, 0xB4, 0xAC, 0x9D, 0xAA,
    0xD0, 0x64, 0xB5, 0x10, 0x3B, 0x69, 0x1E, 0xE9, 0x6D, 0xD1, 0xAE, 0xD3, 0xD4, 0x4A, 0x6D, 0x58,
    0xA4, 0x3C, 0x72, 0x3E, 0x9C, 0x44, 0xF0, 0xED, 0xB2, 0x02, 0x63, 0x30, 0xE5, 0xBC, 0x90, 0xAE,
    0x15, 0x59, 0x2F, 0xDC, 0x01, 0x80, 0xEE, 0x1F, 0x03, 0x10, 0xAC, 0x1D, 0x70, 0xF3, 0x88, 0x7F,
    0xBC, 0xE7, 0x3B, 0xC0, 0x20, 0xE5, 0xBB, 0xA9, 0xEF, 0x0D, 0xF4, 0x68, 0x27, 0x0C, 0xDD, 0x4B,
    0x00, 0xB5, 0x39, 0x2B, 0xB4, 0x1D, 0x12, 0x6F, 0x90, 0x91, 0x32, 0xB1, 0x11, 0x39, 0xB9, 0x4F,
    0xD3, 0x82, 0x1B, 0x76, 0xC0, 0x12, 0x1C, 0xBA, 0xA3, 0x94, 0x6A, 0x62, 0x3F, 0xB6, 0x78, 0xE6,
    0x54, 0x75, 0x5C, 0x53, 0xA7, 0x2A, 0xCB, 0xBB, 0x1B, 0x96, 0xDC, 0x3A, 0xB3, 0xC1, 0x58, 0xB2,
    0x6F, 0xFC, 0x70, 0x69, 0x52, 0x0A, 0x96, 0xBB, 0x0B, 0x40, 0x16, 0x59, 0xF0, 0x41, 0xBF, 0x84,
    0x71, 0x6D, 0x89, 0x86, 0x7F, 0x1C, 0xF7, 0xD5, 0x8C, 0xAF, 0xE6, 0xFC, 0x5B, 0x79, 0xF1, 0x75,
    0x9A, 0xCC, 0xCC, 0xA8, 0xB9, 0xDB, 0xB9, 0xBE, 0xD8, 0x50, 0xDF, 0xE6, 0x90, 0xEF, 0x0A, 0x8D,
    0x17, 0xB8, 0xCB, 0xF5, 0x6E, 0xDE, 0x50, 0xEA, 0x0C, 0x5D, 0xF8, 0x37, 0xB9, 0x19, 0xAA, 0xCB,
    0xD4, 0x83, 0x68, 0xEA, 0x7D, 0x1C, 0x26, 0x97, 0xCF, 0xA9, 0x4D, 0x2D, 0xD5, 0x00, 0x0E, 0x65,
    0x3F, 0xEE, 0xD8, 0x8E, 0x6D, 0x3D, 0x2E, 0xB4, 0xFD, 0x82, 0x63, 0x07, 0x76, 0xC7, 0x3E, 0x80,
    0xB9, 0x0C, 0x8B, 0xB4, 0xE3, 0xC8, 0x16, 0xF5, 0xA7, 0xBD, 0xBD, 0xCA, 0xB7, 0xAB, 0x6A, 0x6C,
    0x60, 0xF3, 0xD4, 0x16, 0xC4, 0xC8, 0x52, 0x4C, 0x33, 0xAA, 0xAD, 0x1D, 0xE2, 0x6A, 0x60, 0x2C,
    0x46, 0x44, 0x66, 0x44, 0x8D, 0x21, 0xFD, 0x66, 0x39, 0xE4, 0x1F, 0x2A, 0xD0, 0x6D, 0xA1, 0x30,
    0x31, 0x81, 0x88, 0x6A, 0x63, 0xC1, 0xE7, 0x25, 0x21, 0xBB, 0x04, 0x56, 0x09, 0x46, 0x0F, 0xE6,
    0x0D, 0xD4, 0x9D, 0xA1, 0x03, 0xCC, 0x9B, 0xEE, 0x00, 0x09, 0xB6, 0x7A, 0xA4, 0xF3, 0xF2, 0x01,
    0x2D, 0x63, 0x7C, 0xBE, 0x79, 0xA2, 0x9B, 0x7B, 0xA9, 0x9D, 0xD7, 0x61, 0x0B, 0x4B, 0xE4, 0x29,
    0x73, 0x48, 0xEE, 0xAF, 0x3F, 0xD3, 0x1D, 0x35, 0xB2, 0xCE, 0xC6, 0x06, 0x0C, 0x84, 0x8F, 0x55,
    0x24, 0x0D, 0x9D, 0x1A, 0x48, 0xA2, 0x4B, 0x4D, 0x2F, 0xAC, 0xBA, 0xBD, 0xDD, 0x2E, 0xF1, 0x56,
    0xD8, 0xCD, 0x96, 0x94, 0x09, 0x44, 0x55, 0x6F, 0xD7, 0x69, 0x28, 0x2B, 0x1E, 0xC8, 0x3F, 0x63,
    0x6A, 0x76, 0xD8, 0x29, 0xC4, 0x4D, 0x0F, 0x3B, 0xF5, 0xC3, 0x8E, 0x33, 0xEB, 0xCC, 0xD7, 0xDC,
    0xE1, 0xAA, 0x9B, 0xF2, 0x83, 0xFE, 0x44, 0xE0, 0x66, 0xCA, 0x5F, 0x51, 0xBE, 0xAF, 0xFC, 0xBE,
    0x6A, 0xA9, 0x4A, 0x29, 0xF9, 0xB4, 0x52, 0xD2, 0x3B, 0x29, 0x05, 0x64, 0x3F, 0x20, 0xF4, 0x18,
    0x74, 0xAF, 0x30, 0xD5, 0xF2, 0xD8, 0x1B, 0x46, 0x0E, 0x94, 0xF4, 0x5E, 0x8D, 0xC7, 0xB9, 0x27,
    0x76, 0x39, 0x00, 0x08, 0x01, 0xD0, 0x26, 0x7A, 0x85, 0xA6, 0x8F, 0x55, 0x4A, 0x90, 0x21, 0xCE,
    0x8B, 0xD8, 0x7D, 0x4C, 0x5A, 0xEF, 0x49, 0xF1, 0x61, 0x64, 0xC0, 0x96, 0x51, 0xAD, 0x5B, 0xB0,
    0xFA, 0xD3, 0x74, 0x7F, 0xCE, 0x64, 0x0E, 0x7E, 0xAA, 0x6A, 0xD3, 0xE7, 0xA5, 0xE3, 0x70, 0x4F,
    0x4C, 0xDE, 0x41, 0xBA, 0x67, 0x9C, 0x13, 0x3A, 0xC4, 0xE2, 0x72, 0xBA, 0x17, 0xBA, 0x5F, 0x63,
    0x5C, 0x71, 0x0D, 0x65, 0x73, 0x72, 0x18, 0x03, 0xDB, 0x89, 0xAA, 0x0A, 0x0E, 0x55, 0x95, 0xDD,
    0x82, 0xF3, 0x22, 0xE6, 0x39, 0x14, 0x3B, 0x86, 0x72, 0x81, 0x50, 0x3A, 0x16, 0x45, 0xCD, 0x16,
    0x3C, 0xB6, 0x11, 0x35, 0x22, 0x5B, 0xAE, 0x91, 0x71, 0x15, 0x4A, 0x86, 0x02, 0x38, 0xB9, 0xB4,
    0xBE, 0x5E, 0x23, 0xC7, 0x01, 0xED, 0x75, 0x6C, 0x0A, 0x1C, 0x2B, 0xF4, 0x1D, 0x21, 0xD7, 0x51,
    0x10, 0x9B, 0xEA, 0x76, 0xE4, 0x02, 0x19, 0xD6, 0xE9, 0x9E, 0x21, 0xFD, 0xD6, 0x26, 0x2D, 0x5E,
    0x08, 0x8F, 0x9E, 0x8F, 0xDA, 0x4A, 0xDA, 0xCA, 0xA9, 0xAF, 0xCE, 0xF8, 0xF3, 0xDF, 0xF2, 0x07,
    0xE0, 0x52, 0x99, 0x1B, 0x75, 0xE6, 0x69, 0x1E, 0xAD, 0x04, 0x64, 0x97, 0x52, 0x27, 0xC7, 0x0B,
    0xEB, 0x60, 0x5A, 0x08, 0xEA, 0xD0, 0xAF, 0xF7, 0x35, 0xF9, 0xC8, 0x05, 0xF9, 0x3B, 0x9A, 0x9C,
    0xA7, 0x68, 0x16, 0xD1, 0xDE, 0x94, 0xA5, 0x60, 0x86, 0x1A, 0x6F, 0x86, 0xAE, 0x26, 0x33, 0xDB,
    0x52, 0xDE, 0x21, 0xB6, 0xB1, 0x16, 0x77, 0x98, 0xC9, 0x3A, 0x02, 0x78, 0x9F, 0x09, 0x4C, 0x87,
    0xEC, 0x88, 0xF9, 0x52, 0x08, 0x2A, 0xE7, 0x71, 0x12, 0xBC, 0xC0, 0x63, 0x05, 0xAD, 0xC3, 0xBB,
    0xE1, 0x45, 0x20, 0x46, 0x64, 0x49, 0x8C, 0x49, 0x5C, 0x80, 0xE1, 0x99, 0xD7, 0x71, 0x31, 0x34,
    0x4F, 0xA2, 0xE6, 0xC5, 0x00, 0xCD, 0xE1, 0x75, 0x30, 0x36, 0x80, 0x67, 0x97, 0x0D, 0xD5, 0x16,
    0x92, 0x59, 0x87, 0x15, 0xD6, 0x6C, 0x9A, 0x03, 0x5B, 0x9F, 0xE3, 0x5E, 0x5B, 0x39, 0x89, 0x94,
    0x44, 0x52, 0x98, 0x6D, 0x95, 0x71, 0x1C, 0x04, 0x8E, 0x4E, 0xAD, 0x24, 0x6C, 0x3F, 0x11, 0xA9,
    0x6B, 0x00, 0xB3, 0x5D, 0xBF, 0x43, 0x73, 0x5B, 0x08, 0x5B, 0x22, 0xE5, 0x76, 0xDE, 0x57, 0xC9,
    0x20, 0xE9, 0x81, 0x33, 0xEB, 0xE2, 0x5A, 0x9E, 0x65, 0xE5, 0x69, 0xE7, 0xBA, 0x9D, 0xD1, 0x4D,
    0x8F, 0x12, 0x0B, 0xA1, 0x47, 0xC6, 0x85, 0x70, 0x84, 0x5C, 0x22, 0x3D, 0x46, 0xB3, 0xF0, 0xAA,
    0x54, 0x51, 0x2C, 0x37, 0x31, 0xAD, 0xF8, 0x19, 0x99, 0xD0, 0x06, 0x5C, 0x50, 0xA5, 0x9C, 0x09,
    0x31, 0x92, 0x5C, 0x2E, 0x32, 0xA1, 0x88, 0xED, 0x67, 0x9C, 0x04, 0x55, 0x99, 0x50, 0xC8, 0x99,
    0x50, 0xCC, 0x99, 0x50, 0xCA, 0x99, 0xD0, 0xA8, 0xC8, 0x84, 0xA2, 0xD6, 0xD9, 0xAC, 0xCB, 0x7A,
    0x33, 0xE5, 0xF8, 0x62, 0x20, 0x38, 0xCC, 0x92, 0xF8, 0x5B, 0x9F, 0xCC, 0x9F, 0xF7, 0x4A, 0x85,
    0x76, 0x65, 0x39, 0x43, 0xF8, 0x0C, 0xD7, 0x23, 0xF7, 0xCA, 0x1A, 0x35, 0x1A, 0x8D, 0x02, 0x79,
    0x50, 0x9F, 0x4E, 0x5E, 0x7C, 0xA2, 0x5E, 0x50, 0xCB, 0x79, 0x2F, 0x43, 0x68, 0x9A, 0x4A, 0xA4,
    0xE0, 0x2C, 0x51, 0x23, 0x9E, 0x22, 0x08, 0x2B, 0xDD, 0xA4, 0x1B, 0x7D, 0x19, 0xF3, 0xF8, 0x25,
    0xCC, 0xF0, 0x9C, 0x85, 0xD4, 0x27, 0x9C, 0xA4, 0x3E, 0xC9, 0x1E, 0xA9, 0xCF, 0xB0, 0x34, 0xFB,
    0xC5, 0xF6, 0xA2, 0x7A, 0x48, 0x3E, 0x1A, 0x2E, 0xC1, 0xAF, 0xBA, 0xD1, 0x5F, 0xA9, 0x1F, 0xE7,
    0xBD, 0x01, 0x89, 0x62, 0x59, 0x06, 0x3E, 0xBC, 0x08, 0xC3, 0x79, 0xE8, 0xBD, 0x88, 0x1E, 0x7A,
    0x9F, 0xE8, 0xAF, 0xFF, 0x83, 0xE8, 0xBB, 0xB0, 0x92, 0x2E, 0x2C, 0xED, 0x1D, 0x3C, 0xFD, 0xF6,
    0xFB, 0x21, 0xBD, 0xFD, 0x9E, 0xA2, 0x1B, 0x67, 0x33, 0x4A, 0x11, 0x43, 0x1F, 0x14, 0xE1, 0x83,
    0x0E, 0xFD, 0xEE, 0x0F, 0xE8, 0xE1, 0x75, 0x7A, 0x34, 0x61, 0x79, 0xF8, 0x47, 0xF4, 0xF0, 0x8B,
    0xE1, 0x8A, 0x15, 0xA3, 0x5F, 0xFA, 0xFD, 0x71, 0xBF, 0x36, 0xA8, 0xB9, 0xD5, 0x2F, 0x39, 0xEE,
    0x97, 0x2E, 0xFB, 0xA5, 0x90, 0x92, 0x01, 0xD8, 0xDF, 0x7C, 0x19, 0x93, 0xCA, 0xCC, 0x97, 0x65,
    0xBE, 0xF0, 0x07, 0xA4, 0x46, 0x31, 0x90, 0x97, 0xEC, 0x75, 0xB2, 0x97, 0xC8, 0x76, 0x23, 0xDB,
    0x02, 0x8F, 0xB4, 0x23, 0x9D, 0xC3, 0x98, 0x83, 0x25, 0x14, 0x58, 0x71, 0x80, 0x59, 0x6B, 0x32,
    0xAB, 0x92, 0xE5, 0x7A, 0x4E, 0x51, 0x30, 0x19, 0xEF, 0xA0, 0xCB, 0xEB, 0x88, 0xF2, 0xEB, 0x48,
    0x07, 0xB2, 0x46, 0x4C, 0x99, 0x9B, 0xEA, 0xB3, 0xD2, 0x78, 0x8F, 0x8C, 0x9F, 0x93, 0xF9, 0x09,
    0x99, 0x29, 0x99, 0x45, 0xD4, 0x16, 0x6F, 0x92, 0x78, 0x51, 0x8A, 0xE7, 0x92, 0xCF, 0x93, 0xC5,
    0x75, 0xCB, 0x6E, 0x2E, 0x1F, 0x04, 0x8D, 0xAC, 0x4E, 0x3D, 0xD2, 0xA3, 0x4B, 0x4F, 0xE3, 0x93,
    0xCB, 0x13, 0x8A, 0xD1, 0xEA, 0xB0, 0xBA, 0x04, 0xFC, 0xF5, 0x2E, 0x17, 0xCD, 0xC4, 0x7A, 0x72,
    0xE1, 0x14, 0x7A, 0xE7, 0x45, 0xB9, 0xF9, 0x36, 0x12, 0x31, 0x62, 0xB9, 0xF4, 0xF4, 0x16, 0xA7,
    0x88, 0x38, 0xD3, 0xBB, 0x43, 0xB9, 0xA2, 0x94, 0x48, 0x3B, 0xF0, 0x80, 0x79, 0x7C, 0x77, 0xA7,
    0xCA, 0x19, 0x94, 0x8C, 0xD7, 0x81, 0x90, 0xEF, 0xEC, 0x51, 0x06, 0xC8, 0x7E, 0x3E, 0xE0, 0x19,
    0x59, 0x45, 0x09, 0x26, 0x05, 0xA8, 0x63, 0x0B, 0xC5, 0xA1, 0xCA, 0x46, 0xE1, 0xE0, 0xC6, 0x8B,
    0x0D, 0x2B, 0x80, 0x8A, 0x9E, 0xF8, 0x7B, 0xD5, 0xBB, 0x07, 0xD9, 0xC6, 0x61, 0x94, 0x59, 0x64,
    0x1C, 0x35, 0x33, 0x4E, 0xE6, 0x6C, 0xD9, 0xF7, 0x1A, 0xE1, 0xD2, 0x1F, 0x8F, 0x4E, 0x78, 0x5A,
    0x8F, 0x4C, 0x5D, 0x20, 0x0C, 0x1D, 0xC2, 0x74, 0xCD, 0xE3, 0x59, 0x1F, 0x21, 0xBF, 0x3D, 0x07,
    0xEC, 0x5F, 0x04, 0x89, 0x69, 0xA3, 0xF4, 0x10, 0xBD, 0x7A, 0x70, 0xEB, 0xEF, 0x28, 0x6A, 0xB6,
    0x90, 0x6C, 0xE9, 0x51, 0xB5, 0xEC, 0xC6, 0x69, 0xAA, 0x31, 0x7A, 0xD5, 0xDA, 0x47, 0x9A, 0x6A,
    0xF0, 0xF2, 0xDA, 0x32, 0x59, 0x0C, 0x63, 0x3B, 0x08, 0xE3, 0x11, 0x26, 0x8C, 0x74, 0x54, 0x28,
    0xD6, 0xF8, 0x10, 0xB2, 0xAF, 0x4C, 0x36, 0xAF, 0x90, 0x05, 0x5A, 0xFB, 0x46, 0x91, 0x1D, 0xEE,
    0x16, 0xCE, 0x17, 0x09, 0xB0, 0x1B, 0x04, 0xD4, 0x69, 0x52, 0x8A, 0x3C, 0xC6, 0x7D, 0x2E, 0xE6,
    0x38, 0x76, 0x25, 0x34, 0x4B, 0xBE, 0xB9, 0x51, 0x48, 0x5E, 0x89, 0x91, 0xD3, 0xBD, 0x46, 0x88,
    0xD4, 0x78, 0x0E, 0x21, 0xD1, 0x82, 0x75, 0x23, 0xA4, 0x90, 0xF8, 0x01, 0x99, 0xB8, 0x95, 0x6D,
    0x4B, 0xD1, 0xFB, 0x6C, 0xE7, 0xFD, 0x26, 0x25, 0x9E, 0xA9, 0x10, 0x1B, 0xED, 0x62, 0xB9, 0x0B,
    0xF1, 0x13, 0xCC, 0xC5, 0xD5, 0x48, 0x6E, 0x24, 0x65, 0xBC, 0x54, 0x61, 0x14, 0xB2, 0x8A, 0x08,
    0x6E, 0x85, 0x75, 0xC0, 0x08, 0x00, 0x7A, 0x86, 0xEC, 0x3F, 0x21, 0xB1, 0xC1, 0x00, 0x5D, 0x71,
    0xCF, 0xB2, 0xCD, 0xE5, 0x7D, 0x27, 0xD1, 0x02, 0x41, 0xC1, 0x1E, 0x27, 0xD1, 0x30, 0xFB, 0x33,
    0xEC, 0xC5, 0x85, 0x32, 0x48, 0xCD, 0x1A, 0x08, 0xE4, 0xA1, 0xF8, 0x3A, 0x19, 0x9F, 0xB0, 0xA9,
    0xA2, 0x0B, 0xE6, 0xAF, 0xC8, 0x7A, 0x91, 0x5C, 0x4B, 0xD6, 0x39, 0x1E, 0x1C, 0x2D, 0xD6, 0xA0,
    0x6C, 0x28, 0xE7, 0x33, 0xCA, 0x2F, 0x9F, 0x0A, 0xD9, 0x2C, 0x2A, 0xD3, 0xD8, 0x2A, 0xDD, 0x6B,
    0x52, 0x7C, 0x7F, 0x97, 0x7C, 0x7C, 0xB1, 0x58, 0x3C, 0x2D, 0x83, 0xC1, 0x91, 0x7E, 0xB1, 0x8C,
    0xD3, 0x1E, 0xCB, 0x51, 0x5E, 0x3A, 0x8D, 0x3C, 0x1D, 0x6D, 0xCF, 0x9A, 0xDF, 0x60, 0xE1, 0x0C,
    0x11, 0x64, 0xFA, 0x65, 0x9C, 0xCF, 0xFA, 0xED, 0xF5, 0x46, 0x86, 0x06, 0xF8, 0x6C, 0x91, 0x05,
    0xDE, 0xB9, 0x7D, 0x05, 0xE5, 0xC2, 0x63, 0xD1, 0xF5, 0xE7, 0xA3, 0x77, 0x7E, 0x18, 0xB5, 0x74,
    0xE4, 0x6D, 0x56, 0xD9, 0xA0, 0x81, 0x5B, 0x3D, 0x3E, 0xFF, 0xAB, 0x37, 0x4C, 0xBA, 0xC9, 0xE1,
    0xDE, 0xE1, 0xDE, 0x81, 0xDE, 0xEE, 0x8C, 0x03, 0xBD, 0xBB, 0x39, 0x47, 0xC9, 0x3D, 0xEC, 0x46,
    0x71, 0x21, 0xE5, 0xD2, 0xC2, 0x2C, 0x55, 0x52, 0x2B, 0x65, 0x04, 0x74, 0x88, 0x5A, 0x60, 0x5B,
    0xE6, 0x76, 0x11, 0x12, 0xA4, 0x8C, 0xD7, 0x2F, 0x69, 0xE1, 0x29, 0xA2, 0x36, 0x72, 0x2C, 0x45,
    0x31, 0x78, 0xBD, 0xEA, 0x6A, 0x9D, 0x70, 0x70, 0x31, 0x60, 0xD6, 0x05, 0x53, 0x1C, 0x62, 0x22,
    0x39, 0x1A, 0x35, 0x50, 0x0E, 0x8D, 0x42, 0xF2, 0x22, 0x5A, 0x79, 0x99, 0xE2, 0xA3, 0x7F, 0x21,
    0xBF, 0x82, 0x94, 0x85, 0x07, 0x2E, 0x19, 0xE7, 0x78, 0x9D, 0x11, 0xA9, 0x37, 0xB3, 0x85, 0xF9,
    0x63, 0xEC, 0xA9, 0xDC, 0xE2, 0x4B, 0x77, 0x6D, 0x71, 0x30, 0x6E, 0x91, 0x83, 0x5D, 0x35, 0x19,
    0x8D, 0x90, 0x7E, 0x12, 0x53, 0xDC, 0xFE, 0x4B, 0xB9, 0xD2, 0x02, 0x97, 0xFE, 0x87, 0x65, 0x6E,
    0x59, 0x8D, 0x5B, 0x3E, 0x4C, 0x60, 0x80, 0x3B, 0x56, 0xCC, 0xC9, 0xE1, 0x86, 0x6D, 0x26, 0x90,
    0x4C, 0xF5, 0x76, 0x90, 0x3D, 0x5B, 0xF6, 0x3C, 0x84, 0xDD, 0x5E, 0x13, 0xAF, 0xED, 0xB1, 0x53,
    0xFC, 0x18, 0x6F, 0x6F, 0xBE, 0xC5, 0x6F, 0x62, 0xDA, 0xE1, 0xF2, 0xAB, 0x2D, 0x76, 0xFC, 0xE2,
    0xC2, 0xF3, 0x89, 0x81, 0x2A, 0x0E, 0xBB, 0x19, 0x12, 0x81, 0x21, 0xC2, 0xEE, 0xD5, 0xBC, 0x1B,
    0xB5, 0xDE, 0x45, 0xE6, 0x41, 0xF7, 0x1E, 0x24, 0xA6, 0xD9, 0xE4, 0x9D, 0x46, 0xF5, 0x74, 0x1B,
    0xA5, 0xB4, 0xBE, 0x8F, 0x74, 0xF4, 0xDC, 0xBB, 0x31, 0x5D, 0x43, 0x3C, 0xFB, 0x2E, 0xE2, 0x19,
    0x92, 0x02, 0x72, 0xB3, 0x12, 0xB9, 0xC0, 0x85, 0x31, 0x56, 0x32, 0x6F, 0x5F, 0x91, 0xF6, 0xE6,
    0x66, 0xDA, 0x38, 0x7B, 0x7E, 0xB8, 0x58, 0x2F, 0x88, 0x6E, 0x9F, 0x16, 0x13, 0xFA, 0x03, 0x70,
    0xDD, 0x88, 0x81, 0x1E, 0xC1, 0x64, 0x7D, 0x8D, 0xFA, 0x36, 0xF5, 0x45, 0x98, 0x16, 0x39, 0x35,
    0xA7, 0x6F, 0x88, 0x40, 0x67, 0xD8, 0xDD, 0x8F, 0xC6, 0xBF, 0x27, 0x7F, 0x3F, 0x7C, 0x18, 0x11,
    0xFB, 0x54, 0xD4, 0xEE, 0xF5, 0x16, 0x01, 0x5F, 0x7D, 0xD6, 0xCC, 0x3E, 0x16, 0x19, 0x07, 0x4B,
    0xDC, 0x44, 0x09, 0x63, 0x1D, 0x17, 0x44, 0xB4, 0xC6, 0x32, 0x33, 0x96, 0x59, 0xF0, 0xA4, 0x1A,
    0x75, 0x1A, 0x05, 0x3D, 0x9D, 0xA7, 0x7D, 0x87, 0xA7, 0x6E, 0x11, 0x9E, 0x5A, 0x64, 0x0E, 0x38,
    0x67, 0x3A, 0xF4, 0xCA, 0x5D, 0x82, 0x94, 0x8D, 0xE0, 0xFF, 0x04, 0xC7, 0xA0, 0xBD, 0x0A, 0x07,
    0xA5, 0x71, 0xE1, 0x60, 0x34, 0x5D, 0xA0, 0x41, 0xDE, 0x3F, 0xA0, 0x62, 0x08, 0x45, 0x0C, 0xE8,
    0xD0, 0xF2, 0xC1, 0x5D, 0x39, 0xEF, 0xF6, 0x70, 0xC5, 0x61, 0xD3, 0x2D, 0x58, 0xC8, 0x01, 0xE8,
    0x93, 0xD7, 0xB1, 0xB6, 0x1C, 0x17, 0xD4, 0x32, 0x70, 0x77, 0xFB, 0xEE, 0x44, 0x76, 0xE6, 0xCB,
    0xA2, 0x60, 0x46, 0xC8, 0xBB, 0x23, 0xD8, 0x83, 0xD4, 0x60, 0x00, 0x3A, 0x44, 0x91, 0x03, 0x79,
    0x43, 0xDE, 0x96, 0xD7, 0xCF, 0xDF, 0x90, 0xD7, 0xAE, 0x5D, 0x96, 0x57, 0x6F, 0xFC, 0x7B, 0x9C,
    0xE8, 0xF7, 0xE2, 0x64, 0xF0, 0x7C, 0x9C, 0xB4, 0x1E, 0x57, 0x49, 0xCB, 0x56, 0xC9, 0x97, 0x50,
    0x0A, 0x23, 0x60, 0x2C, 0x66, 0xF8, 0x64, 0xFC, 0x62, 0x0F, 0x30, 0x93, 0x54, 0xC8, 0x1C, 0xCC,
    0xD8, 0x95, 0x9F, 0x7A, 0xF2, 0xCA, 0x82, 0xBC, 0xFC, 0x53, 0xB9, 0x79, 0x2D, 0xBE, 0x70, 0x2D,
    0x3E, 0xBF, 0x19, 0x2B, 0x8E, 0x1A, 0xBD, 0x42, 0x78, 0x9F, 0x40, 0x4D, 0x1D, 0xC8, 0x49, 0x60,
    0x10, 0x68, 0xC4, 0x8B, 0x27, 0xE6, 0x67, 0x50, 0x91, 0xE3, 0x02, 0x3C, 0xF1, 0x3B, 0x4A, 0x80,
    0xA7, 0x7C, 0xBC, 0xA4, 0xDF, 0x07, 0x0A, 0xAF, 0x22, 0x5F, 0x0A, 0x90, 0xFF, 0xD6, 0xE1, 0xA5,
    0x1E, 0x59, 0x88, 0x2C, 0x2E, 0x62, 0xB9, 0xFB, 0xE4, 0x53, 0xB2, 0x01, 0xCF, 0x00, 0x29, 0x55,
    0xBB, 0x37, 0x3E, 0xD8, 0xA4, 0x6F, 0x47, 0xDE, 0x33, 0x32, 0xB0, 0xC0, 0xC4, 0x65, 0x9B, 0x25,
    0x5E, 0xB5, 0xE3, 0x96, 0x8E, 0x1B, 0xC8, 0x59, 0xFE, 0x53, 0x89, 0x7F, 0x51, 0x24, 0xDE, 0x55,
    0x64, 0x9D, 0x53, 0x93, 0x47, 0x7E, 0xBB, 0xDA, 0xCD, 0xE0, 0xC2, 0xBB, 0x19, 0xD7, 0xCB, 0xDD,
    0x0C, 0xF3, 0x8E, 0xBB, 0x19, 0xC3, 0x6D, 0xBB, 0x19, 0xAE, 0x1D, 0x7A, 0x98, 0x13, 0xB7, 0xCA,
    0x02, 0x3E, 0x63, 0x35, 0xCE, 0xE4, 0xFD, 0x01, 0xC1, 0x28, 0x5E, 0x6C, 0x1E, 0xB8, 0x70, 0x6C,
    0xA6, 0x7E, 0x25, 0x4F, 0xA3, 0x3E, 0xB2, 0x73, 0x4A, 0x70, 0x31, 0x41, 0xB9, 0xF1, 0xE6, 0x25,
    0x86, 0x81, 0x16, 0x3B, 0xBB, 0x66, 0xB7, 0xC7, 0xB3, 0x4D, 0x20, 0x62, 0xB2, 0xC1, 0x17, 0xE3,
    0x9F, 0xBC, 0xC8, 0xD5, 0xFD, 0x76, 0xDD, 0x96, 0xB3, 0xBE, 0xF8, 0xEF, 0xBC, 0x2D, 0x5E, 0x7B,
    0xB5, 0x2D, 0x42, 0xC2, 0xEB, 0x70, 0xFB, 0xD6, 0x71, 0x54, 0xCF, 0xED, 0xCD, 0x2B, 0xD9, 0xF2,
    0xC1, 0xF6, 0x4C, 0x6B, 0xC3, 0x56, 0xE5, 0xCE, 0x64, 0x42, 0xE3, 0x53, 0x8F, 0xAA, 0xBF, 0xC5,
    0x01, 0x84, 0x00, 0x40, 0x00, 0x1F, 0x76, 0xC2, 0x43, 0xB2, 0xD7, 0x6A, 0x03, 0xA0, 0xA5, 0x0B,
    0x3C, 0x3C, 0x59, 0xCC, 0xA1, 0x88, 0x5E, 0x7B, 0x3D, 0xFC, 0xE9, 0x3F, 0x86, 0xA8, 0xFC, 0xD5,
    0x13, 0xCC, 0x49, 0x77, 0xDE, 0x7D, 0x73, 0x72, 0x17, 0x8C, 0x66, 0x25, 0xA0, 0xF5, 0x80, 0xB2,
    0x0E, 0xED, 0x38, 0xF6, 0xD3, 0xE6, 0x13, 0xDD, 0xC9, 0xDD, 0xC1, 0xEB, 0x7C, 0xD7, 0x9F, 0xE3,
    0xF5, 0x43, 0xB0, 0x8A, 0x3F, 0xFD, 0x2A, 0xD4, 0xC5, 0x8B, 0x3A, 0x9E, 0x37, 0xBE, 0x4C, 0x41,
    0xEA, 0xFF, 0xDB, 0x9E, 0x0E, 0xAD, 0xC2, 0x9B, 0xD1, 0x7F, 0xDA, 0xD8, 0x3E, 0x80, 0xCF, 0xBB,
    0xAA, 0x59, 0xE7, 0xC5, 0x0F, 0x6A, 0x36, 0xAA, 0xC7, 0x1F, 0xC8, 0xE8, 0x3E, 0x74, 0x59, 0xF0,
    0xD8, 0x80, 0x03, 0x50, 0x31, 0xA3, 0xA8, 0xA8, 0xD8, 0xD3, 0x23, 0xCF, 0x20, 0xD8, 0x12, 0xA2,
    0x32, 0xA6, 0x2A, 0xF0, 0xC2, 0xB5, 0x46, 0xB8, 0xA5, 0x32, 0xA4, 0x3E, 0x88, 0x5A, 0x6E, 0x5C,
    0x78, 0xA8, 0xCF, 0xCB, 0x74, 0xC8, 0x20, 0x4E, 0x22, 0xBF, 0x19, 0x15, 0x60, 0x52, 0x67, 0xEF,
    0x15, 0xC8, 0xAA, 0x38, 0xC0, 0x55, 0x08, 0xE3, 0x9C, 0xE4, 0x21, 0x5A, 0xD9, 0x54, 0x9D, 0x7E,
    0x51, 0x27, 0x1D, 0xD7, 0xB1, 0x91, 0x6C, 0x73, 0x9D, 0x42, 0x27, 0x3C, 0xE5, 0x5F, 0x60, 0x6B,
    0x72, 0xEB, 0xA9, 0xBD, 0x57, 0x3C, 0x02, 0x07, 0x23, 0xA2, 0xB5, 0xC6, 0x17, 0x79, 0x45, 0x30,
    0x47, 0xC1, 0x02, 0x12, 0xA5, 0x7D, 0xBD, 0x88, 0xDD, 0xDF, 0x7A, 0x17, 0xC8, 0x76, 0x36, 0x99,
    0x80, 0xD0, 0xFF, 0x61, 0xBF, 0x29, 0x98, 0xDF, 0xD6, 0xF1, 0xBD, 0xD7, 0x75, 0xCB, 0x75, 0x07,
    0x4F, 0xC7, 0x4D, 0x33, 0x69, 0xD3, 0x7A, 0x8F, 0xE1, 0x8E, 0xA3, 0x13, 0xAE, 0xF8, 0xBC, 0x6A,
    0x64, 0xF0, 0x6B, 0x57, 0xC7, 0xA8, 0x83, 0xCA, 0x8F, 0xCC, 0xB1, 0xDF, 0xA1, 0x9D, 0x72, 0x4B,
    0x2B, 0xB1, 0x26, 0xED, 0xCC, 0x5B, 0x91, 0x67, 0xCB, 0x86, 0x2B, 0xA7, 0x4D, 0x6F, 0x9F, 0x2D,
    0x07, 0x75, 0xEA, 0x40, 0x5B, 0x4B, 0x53, 0x36, 0xBB, 0xE7, 0xBB, 0x82, 0x1A, 0x05, 0x4D, 0xF6,
    0xAC, 0xE9, 0x17, 0xED, 0x67, 0xEF, 0xA3, 0xEF, 0xF7, 0x57, 0xB3, 0x75, 0xB6, 0xCE, 0xDD, 0x6B,
    0xA1, 0xAE, 0x8E, 0xC6, 0xFB, 0xD4, 0xA1, 0x6F, 0x8C, 0x77, 0xBF, 0xAC, 0xC8, 0xDA, 0x73, 0xF7,
    0xCB, 0x1B, 0x3F, 0xB5, 0x75, 0xEC, 0x7F, 0xE1, 0xDA, 0x61, 0x98, 0x0E, 0x1B, 0x63, 0x98, 0xFE,
    0x32, 0x45, 0xE5, 0xAE, 0x9B, 0x5B, 0xED, 0xBA, 0x91, 0x79, 0xF7, 0xF7, 0xCE, 0xDB, 0x54, 0x3C,
    0x1B, 0x7E, 0xB1, 0x57, 0x1B, 0xB1, 0x15, 0xDA, 0x61, 0x1D, 0x41, 0xE6, 0xDB, 0x5B, 0x4F, 0x1F,
    0xC0, 0xC8, 0x9D, 0xCA, 0xD0, 0xD8, 0xC8, 0xCC, 0x0F, 0x00, 0x45, 0xD7, 0x50, 0x6E, 0xC8, 0xC9,
    0x32, 0x08, 0x27, 0x8E, 0x5E, 0x49, 0x22, 0x8C, 0xD3, 0x25, 0x2B, 0x73, 0x99, 0x86, 0x82, 0x2F,
    0x97, 0xED, 0xBD, 0xB2, 0x13, 0x3C, 0x69, 0x8E, 0x51, 0x00, 0xED, 0x5A, 0x6C, 0xB4, 0x30, 0x75,
    0xE3, 0xC2, 0xDD, 0xDB, 0x3C, 0x38, 0x9C, 0xB4, 0x19, 0xD4, 0x3A, 0xCD, 0x72, 0x8E, 0xEF, 0xBE,
    0x9F, 0xB7, 0xE0, 0x51, 0xAB, 0xC1, 0x52, 0x1E, 0x8E, 0x33, 0x11, 0x77, 0x81, 0xAC, 0x4F, 0x27,
    0x6B, 0x86, 0x9A, 0x73, 0x7A, 0xDA, 0x5B, 0x46, 0x5B, 0xEB, 0x8B, 0xF1, 0xCE, 0xFF, 0x14, 0xE1,
    0xAC, 0x08, 0xC6, 0x40, 0x2E, 0x42, 0x99, 0xFB, 0xF8, 0x36, 0x23, 0xA7, 0x2F, 0xB2, 0x8D, 0xE7,
    0x58, 0x1C, 0xA2, 0xB7, 0xE6, 0xBE, 0xE0, 0xEB, 0x7B, 0xAD, 0xE8, 0xEF, 0x7F, 0xFB, 0x14, 0x28,
    0x71, 0x8E, 0x33, 0xBF, 0x21, 0xE6, 0xB9, 0x9B, 0x9E, 0x2A, 0xD0, 0xDE, 0xCB, 0x78, 0x6D, 0x6B,
    0x51, 0xD0, 0x2C, 0x54, 0x33, 0x4B, 0xA2, 0xCF, 0xAB, 0x28, 0xE0, 0xBB, 0x88, 0xAC, 0x6E, 0x40,
    0x00, 0xFC, 0x55, 0x78, 0x95, 0xF9, 0xF2, 0xFF, 0x02, 0xB5, 0x58, 0xCF, 0x6B, 0x23, 0x47, 0x16,
    0xFE, 0xBA, 0x5B, 0x9E, 0x56, 0xD2, 0xB2, 0xDA, 0x21, 0x73, 0xF0, 0x26, 0x8E, 0xE4, 0x43, 0x0E,
    0x86, 0xB5, 0x47, 0x3A, 0x4C, 0xB2, 0x22, 0xA3, 0xB1, 0xEA, 0x10, 0x58, 0x48, 0x72, 0x18, 0x02,
    0xC3, 0x1E, 0xB2, 0x30, 0x3E, 0xEC, 0x31, 0x10, 0xC3, 0xEA, 0x60, 0x36, 0x9A, 0xB8, 0x49, 0x8E,
    0x99, 0xC3, 0x40, 0xC8, 0x69, 0x2F, 0x86, 0xE4, 0x90, 0x2C, 0xF9, 0xA1, 0x24, 0x82, 0x0C, 0xAC,
    0x67, 0x5C, 0xBB, 0x73, 0xC8, 0x25, 0x90, 0x66, 0xFF, 0x80, 0xDD, 0x86, 0x10, 0x16, 0xC2, 0xB2,
    0xDB, 0x07, 0x41, 0x84, 0x63, 0xAB, 0xF7, 0x7B, 0xD5, 0x6D, 0x59, 0x92, 0x3D, 0x23, 0x79, 0xE4,
    0x94, 0xEA, 0xD9, 0x52, 0x75, 0x55, 0xBD, 0xAF, 0x5E, 0x7D, 0xEF, 0xD5, 0xAB, 0xC6, 0x25, 0x00,
    0x0D, 0xCA, 0xB6, 0x02, 0xBE, 0x0E, 0x80, 0xEF, 0x35, 0xAC, 0x7F, 0x84, 0x70, 0x74, 0x44, 0x89,
    0xE1, 0xAA, 0x0E, 0x7C, 0xD4, 0xE1, 0x27, 0x07, 0xA8, 0x24, 0x7D, 0xAC, 0x5F, 0x7F, 0x03, 0x2D,
    0xB6, 0xEC, 0xC2, 0x67, 0xE7, 0xA1, 0xB2, 0x46, 0x59, 0xCF, 0x04, 0x70, 0x7F, 0x52, 0xE5, 0x1B,
    0xAA, 0xEE, 0xAA, 0xCB, 0x4E, 0xB0, 0x69, 0xEA, 0x96, 0xA7, 0x1B, 0x89, 0xAE, 0x24, 0xDA, 0xFB,
    0x41, 0xA7, 0x23, 0xEC, 0x10, 0x36, 0x95, 0x44, 0xC0, 0x1C, 0x7F, 0x55, 0xD8, 0xFA, 0x04, 0xC5,
    0xE6, 0x77, 0x0B, 0xA3, 0xC5, 0x97, 0xE7, 0xC4, 0xD7, 0xA0, 0xCA, 0x17, 0xD8, 0xE7, 0x8B, 0x10,
    0x88, 0x63, 0x58, 0x51, 0x1B, 0xB6, 0xDE, 0x22, 0xCE, 0x3A, 0xDC, 0x60, 0x95, 0x18, 0xFB, 0x94,
    0x04, 0xE5, 0xEB, 0x37, 0xD4, 0x3A, 0xBC, 0xE0, 0x2A, 0x3C, 0x6D, 0xC5, 0xB0, 0x3B, 0xC0, 0xB5,
    0x6C, 0xA6, 0x09, 0xB8, 0x44, 0xB1, 0x4B, 0x29, 0x52, 0x9E, 0xC9, 0x86, 0x2C, 0x51, 0xDE, 0x24,
    0xA6, 0x60, 0x68, 0xBD, 0x33, 0x19, 0x6D, 0x01, 0xD8, 0x01, 0x42, 0x58, 0x99, 0x1D, 0xF8, 0xD5,
    0x69, 0x23, 0xFF, 0x98, 0x7C, 0xB5, 0xDE, 0x53, 0x7E, 0xA2, 0xD6, 0x3C, 0x55, 0x73, 0x82, 0xE6,
    0x09, 0x7C, 0x4D, 0xF6, 0x28, 0x11, 0xE3, 0xDC, 0xCB, 0xD4, 0x5B, 0xE2, 0xF0, 0x8D, 0xEA, 0x31,
    0x26, 0x8F, 0x53, 0xFB, 0x6C, 0x2B, 0xD3, 0x38, 0x6B, 0x34, 0x6A, 0x2D, 0x06, 0x9A, 0x5C, 0x7A,
    0x5C, 0xA3, 0xD4, 0x61, 0x85, 0x6B, 0xC4, 0xE6, 0xC3, 0xA1, 0x81, 0xBC, 0x24, 0x09, 0xFC, 0xF7,
    0x5F, 0xD3, 0x65, 0xB6, 0x54, 0xB8, 0x03, 0xB4, 0x4E, 0x9D, 0x83, 0x95, 0x59, 0xF4, 0x15, 0x20,
    0xB8, 0x2D, 0x13, 0xFE, 0xEA, 0x32, 0x92, 0xAE, 0x1D, 0x76, 0x9C, 0xA0, 0xE6, 0xAA, 0x9A, 0x8B,
    0x9A, 0x1B, 0xEC, 0x3A, 0xC9, 0x81, 0xCD, 0x45, 0xDD, 0xFB, 0xBD, 0xD9, 0x33, 0x31, 0xC1, 0x93,
    0x94, 0xC7, 0x86, 0x4C, 0xB5, 0xCD, 0x45, 0xFC, 0x4D, 0x9F, 0x8F, 0xA9, 0xB8, 0xA4, 0xA7, 0xB4,
    0x30, 0x22, 0x82, 0x1D, 0xE3, 0xF1, 0x25, 0xE4, 0x2C, 0xD9, 0x4A, 0xEF, 0x67, 0x55, 0xF2, 0x47,
    0x37, 0xD1, 0x1F, 0xDA, 0xC4, 0x2D, 0x1A, 0xE5, 0xBF, 0x94, 0xBF, 0x87, 0x29, 0x82, 0xB9, 0x8C,
    0x41, 0xCF, 0x11, 0x55, 0xB0, 0x3C, 0xC6, 0x28, 0x9D, 0x31, 0x2A, 0xCA, 0x18, 0xD5, 0x19, 0x62,
    0xD4, 0x9A, 0x61, 0x93, 0x48, 0x85, 0x8C, 0x12, 0x36, 0xB5, 0xE0, 0x6A, 0xCB, 0x86, 0x77, 0x1F,
    0xF3, 0x1F, 0xA0, 0xB0, 0x66, 0xA6, 0xDA, 0x81, 0xD5, 0x85, 0x3B, 0x8F, 0xFC, 0xAB, 0x70, 0xFB,
    0x81, 0xEF, 0xEA, 0x25, 0x8E, 0xB6, 0x75, 0xCD, 0xD4, 0xBA, 0x1B, 0x56, 0x92, 0xD0, 0xEF, 0x47,
    0x76, 0x2F, 0x3A, 0x7F, 0x26, 0x9D, 0xEE, 0x7E, 0xE4, 0x15, 0xF9, 0xB4, 0x58, 0x98, 0xCC, 0xA7,
    0x71, 0x3F, 0x24, 0x13, 0xB9, 0x7C, 0xC0, 0x09, 0x46, 0x7D, 0x50, 0xE5, 0x00, 0xCD, 0xF9, 0xFE,
    0xD4, 0x49, 0xE9, 0x35, 0x5C, 0x86, 0x69, 0x57, 0x27, 0xE5, 0x6A, 0x6D, 0xA0, 0xB3, 0x95, 0x52,
    0x2E, 0x5A, 0xE3, 0x74, 0x45, 0x43, 0x3B, 0x37, 0x49, 0x94, 0xA1, 0xDD, 0xF5, 0xDF, 0x09, 0xED,
    0xC2, 0x75, 0xD9, 0x51, 0x6E, 0x52, 0xDB, 0x78, 0xC2, 0xD0, 0x5A, 0xAA, 0x0E, 0x2E, 0x7D, 0x0A,
    0xB7, 0x3B, 0xE6, 0xB0, 0xC1, 0xD1, 0x5E, 0xEB, 0x91, 0x05, 0xD4, 0x90, 0xF2, 0x16, 0xEA, 0x17,
    0x45, 0xCA, 0x78, 0xE0, 0xE8, 0xE3, 0x28, 0xE2, 0x1F, 0xE0, 0xB2, 0x8B, 0xCA, 0xDD, 0xA9, 0x61,
    0x7A, 0x1C, 0xFC, 0xB8, 0xC0, 0x09, 0xD2, 0x00, 0xF7, 0x0B, 0x1B, 0xD6, 0xBA, 0x26, 0x10, 0x73,
    0xAB, 0x10, 0xFB, 0x44, 0x03, 0xE3, 0x48, 0x59, 0xB0, 0x04, 0x7A, 0xE9, 0xC8, 0xC2, 0x13, 0x70,
    0x8F, 0xBB, 0x92, 0xC1, 0xCC, 0xF8, 0xA5, 0xD9, 0xF6, 0x56, 0x98, 0xBA, 0xD0, 0x83, 0x02, 0xF5,
    0x6F, 0x8E, 0x02, 0x35, 0x01, 0x48, 0xA0, 0x0E, 0x9B, 0xC4, 0x5B, 0x23, 0xB7, 0x56, 0x19, 0x7F,
    0x0E, 0x53, 0xD7, 0xBA, 0x7E, 0x03, 0x15, 0xEE, 0x1F, 0x83, 0xB5, 0x2E, 0x15, 0x70, 0xE5, 0x16,
    0xAA, 0x77, 0x1E, 0x89, 0x09, 0xF4, 0x1A, 0x31, 0x65, 0xB8, 0x74, 0xFE, 0x1C, 0x3D, 0x31, 0x4F,
    0x2A, 0x17, 0x3E, 0x14, 0x3B, 0x5E, 0x9A, 0x9E, 0x02, 0xA6, 0x38, 0x61, 0x56, 0xA9, 0x69, 0xFF,
    0x2F, 0xB2, 0x35, 0x83, 0xBA, 0xFF, 0x21, 0xA3, 0xED, 0x48, 0x0B, 0xFB, 0x98, 0x2A, 0xCE, 0x41,
    0xAF, 0x94, 0x81, 0x11, 0xDC, 0x08, 0x95, 0x4F, 0xD0, 0xBC, 0x80, 0xF6, 0x6B, 0xD2, 0x41, 0xC2,
    0x16, 0x70, 0xD3, 0x42, 0x23, 0x81, 0x7B, 0x98, 0x21, 0xB1, 0x8C, 0x43, 0xDB, 0x66, 0xE3, 0x1D,
    0x3E, 0xAE, 0x1A, 0xDE, 0x1D, 0x95, 0x33, 0xA9, 0x96, 0xC0, 0x40, 0x63, 0x2D, 0x8F, 0xCC, 0x20,
    0x8B, 0x7D, 0x28, 0x0C, 0x2B, 0x0F, 0xFF, 0x15, 0x14, 0x6E, 0xA1, 0x50, 0x1B, 0x28, 0xC5, 0xFE,
    0xC7, 0xD2, 0x67, 0x50, 0xF7, 0x77, 0x90, 0xC4, 0x23, 0x2D, 0xEC, 0x63, 0xAA, 0xF2, 0x0B, 0xF0,
    0x6E, 0x61, 0xA1, 0x67, 0x8E, 0xCA, 0x81, 0xED, 0x23, 0x34, 0x1E, 0xB6, 0x70, 0x25, 0x71, 0xCF,
    0x0E, 0xE0, 0x28, 0xDA, 0x8A, 0xF0, 0x0A, 0x2B, 0x58, 0xC8, 0x9D, 0x79, 0xBD, 0xA2, 0x52, 0xED,
    0xD8, 0x5A, 0x7B, 0x5F, 0xEA, 0x95, 0xC5, 0x69, 0xD7, 0x6B, 0xA2, 0x10, 0xD5, 0x5A, 0xBF, 0xE5,
    0x03, 0x2A, 0xCE, 0x34, 0x9B, 0x79, 0x41, 0xE5, 0xA2, 0x62, 0x44, 0x88, 0x40, 0x20, 0x9C, 0x68,
    0x97, 0xFE, 0xA9, 0x04, 0x3C, 0xEB, 0x4B, 0x39, 0x58, 0xAF, 0xF3, 0x58, 0xE0, 0xB2, 0x86, 0xAC,
    0xFF, 0x16, 0xEC, 0x7D, 0xED, 0xAA, 0x0D, 0x6F, 0xAE, 0xED, 0x27, 0xDD, 0xA2, 0x71, 0x3A, 0x37,
    0x5C, 0x70, 0x68, 0xCD, 0x6D, 0x86, 0x52, 0x65, 0x98, 0x1E, 0xF0, 0x0B, 0xA3, 0x2A, 0x09, 0xB3,
    0xB4, 0x92, 0x59, 0xF1, 0x6C, 0x76, 0x98, 0x33, 0x8E, 0x6C, 0x2B, 0x09, 0x57, 0x2F, 0x0A, 0xA3,
    0x9C, 0x26, 0x0A, 0xF9, 0x69, 0x0D, 0xE2, 0x15, 0x50, 0xFC, 0x16, 0x85, 0xAD, 0x34, 0x60, 0xC8,
    0x70, 0xB7, 0x89, 0x7C, 0xFE, 0xCC, 0x4C, 0x18, 0x27, 0x52, 0x3A, 0xD5, 0x26, 0x96, 0x0A, 0x53,
    0xC1, 0x98, 0x8D, 0x09, 0xC7, 0x4E, 0x47, 0xBD, 0x3C, 0x24, 0xBD, 0x4D, 0x2C, 0x4E, 0x6D, 0x81,
    0x31, 0x4F, 0x6C, 0x7D, 0x9A, 0x93, 0x5D, 0xD8, 0xAA, 0xA5, 0xA5, 0xCE, 0xD2, 0x6A, 0xB5, 0x2E,
    0xF6, 0x5F, 0x92, 0x9C, 0xC0, 0x34, 0xB5, 0xA4, 0x8C, 0x3D, 0xE7, 0x93, 0x56, 0x99, 0x11, 0x32,
    0x0D, 0xB3, 0xC5, 0xC1, 0xA7, 0x3C, 0xF8, 0x48, 0x02, 0xD1, 0xE0, 0xC7, 0xDA, 0x63, 0xB6, 0xF4,
    0x63, 0x8F, 0x7D, 0x6F, 0x4A, 0xB6, 0x80, 0x0E, 0x3C, 0xC5, 0xEC, 0x21, 0x88, 0x19, 0x6F, 0xE9,
    0xC2, 0xE6, 0x7F, 0x97, 0x6D, 0xF7, 0xF0, 0x86, 0xDA, 0xA6, 0x6D, 0x1B, 0x26, 0x55, 0x3E, 0xE0,
    0xB8, 0xF0, 0xD4, 0x1C, 0xC2, 0xEB, 0x62, 0xFD, 0x1E, 0x36, 0x3D, 0xC4, 0x8E, 0x8A, 0x38, 0x9C,
    0xD5, 0xE3, 0x40, 0x34, 0xFA, 0xF2, 0x68, 0x50, 0xEC, 0xF0, 0xC8, 0x42, 0xB9, 0x2C, 0x8F, 0x71,
    0xB2, 0x84, 0x2B, 0x77, 0xDC, 0x69, 0x26, 0x6C, 0x83, 0x08, 0x76, 0x7B, 0xE4, 0x18, 0xC3, 0x44,
    0x88, 0x02, 0xE0, 0x2A, 0xE5, 0x6B, 0x61, 0xF1, 0xED, 0x61, 0x20, 0xF3, 0x04, 0x52, 0x20, 0x90,
    0xD5, 0xB3, 0x19, 0x69, 0xC1, 0xD6, 0x55, 0xB7, 0x1D, 0xAD, 0x2C, 0xAA, 0x29, 0x21, 0x5C, 0x34,
    0x7B, 0xA6, 0xE0, 0xDE, 0xE7, 0x70, 0x8F, 0xFE, 0xFC, 0x6C, 0x96, 0x27, 0x3F, 0xCD, 0xC8, 0x76,
    0xEF, 0xF3, 0xC0, 0x8E, 0xDD, 0x90, 0x59, 0x05, 0x87, 0xA0, 0x43, 0x1F, 0xDE, 0xA2, 0xD4, 0xE8,
    0xCE, 0x35, 0xF9, 0xCF, 0x9C, 0xA6, 0xE3, 0x45, 0x17, 0xBA, 0x3C, 0x92, 0x62, 0x66, 0xEC, 0x11,
    0x19, 0xA6, 0xF1, 0xF4, 0x21, 0x78, 0xA4, 0xB3, 0xBB, 0xFD, 0x67, 0x93, 0xFE, 0xEF, 0x6C, 0x1C,
    0x5B, 0xA3, 0x12, 0x62, 0xBF, 0x67, 0xE9, 0x55, 0x47, 0xCF, 0x3B, 0x41, 0xD1, 0xD1, 0xAC, 0x6B,
    0x16, 0xB1, 0x27, 0x3D, 0x79, 0xC4, 0x9C, 0x11, 0xF8, 0x8C, 0x22, 0xFC, 0xBD, 0x98, 0xEE, 0xF4,
    0x5F, 0x4F, 0x18, 0xE6, 0xD1, 0x76, 0x88, 0x24, 0xFC, 0x75, 0x20, 0x61, 0x62, 0xCE, 0x84, 0x89,
    0x36, 0x0A, 0x85, 0xA9, 0x37, 0xA9, 0xCD, 0x50, 0xF5, 0x1F, 0xCA, 0x37, 0x59, 0x7C, 0xCB, 0x67,
    0x19, 0xF1, 0x1F, 0xF9, 0x9B, 0x31, 0x6F, 0x16, 0x5C, 0xB9, 0x3C, 0x2A, 0x05, 0x3C, 0xCF, 0x94,
    0xA2, 0x63, 0x96, 0xA8, 0x24, 0x83, 0x2B, 0xB6, 0xF1, 0x6C, 0x7E, 0x56, 0xFE, 0x9C, 0x9B, 0x93,
    0x49, 0x78, 0x6A, 0x63, 0xF8, 0x98, 0x99, 0xC6, 0xED, 0x24, 0x2A, 0x99, 0xC0, 0x64, 0x7C, 0xCD,
    0xCB, 0x6E, 0xAB, 0xB9, 0x11, 0xDF, 0xA8, 0x52, 0x65, 0xD5, 0xFB, 0xF1, 0x60, 0xA3, 0x82, 0x6D,
    0x5E, 0x65, 0x7C, 0xDE, 0x22, 0xBC, 0x60, 0x6A, 0xA8, 0x9B, 0xE6, 0x82, 0xAA, 0xC5, 0x66, 0x43,
    0x65, 0xD9, 0xEB, 0x56, 0xD7, 0xEF, 0xEE, 0x6C, 0x72, 0xA2, 0x31, 0x70, 0x87, 0x06, 0x9C, 0x24,
    0xC7, 0xE6, 0x82, 0x7A, 0x7E, 0x48, 0xC6, 0xD2, 0x6E, 0xFA, 0xE0, 0x04, 0x0C, 0x12, 0x10, 0xAF,
    0xA8, 0x34, 0xC7, 0xCE, 0x8F, 0xE0, 0x58, 0x9E, 0xC9, 0x22, 0x0F, 0x8C, 0x42, 0x93, 0x8C, 0x72,
    0x5A, 0x02, 0x3D, 0xA3, 0x51, 0x4E, 0x26, 0xCA, 0x93, 0x61, 0xCC, 0xCA, 0x88, 0x53, 0x5F, 0xF2,
    0x4C, 0x56, 0x3A, 0x76, 0x48, 0x44, 0xA8, 0x3F, 0xA8, 0xC6, 0x68, 0xC5, 0xD8, 0xED, 0x59, 0x07,
    0x7B, 0x49, 0x6F, 0x3B, 0xE9, 0x96, 0x93, 0x23, 0xA5, 0x9C, 0xA7, 0x07, 0xAB, 0x87, 0xB0, 0x18,
    0x16, 0x23, 0xF3, 0x89, 0x8B, 0x71, 0x29, 0xE9, 0xEF, 0xF5, 0x2B, 0xFF, 0x94, 0x8B, 0xAA, 0xAB,
    0x79, 0xB7, 0xBA, 0x03, 0xEB, 0x13, 0x60, 0xD1, 0xE4, 0xA9, 0x47, 0xE5, 0xAC, 0xCA, 0x5C, 0xCD,
    0x0B, 0x5A, 0x90, 0xDE, 0x7A, 0x4F, 0x55, 0xB6, 0x82, 0xEC, 0xBE, 0x9A, 0xD1, 0xD1, 0x36, 0x29,
    0xC0, 0x61, 0x24, 0x17, 0x9C, 0xE8, 0x64, 0x8D, 0x59, 0xAD, 0xA8, 0xE7, 0x44, 0x7B, 0x49, 0xB8,
    0x9D, 0xE8, 0x72, 0xA2, 0xD2, 0x04, 0x86, 0x7E, 0x25, 0x1E, 0x7C, 0xCC, 0xA2, 0x6A, 0x38, 0x5F,
    0x0D, 0xFD, 0x30, 0xF2, 0x11, 0x15, 0xA5, 0xF2, 0xB2, 0x19, 0x97, 0x40, 0xEB, 0xEF, 0xF5, 0x41,
    0xB5, 0x73, 0xA9, 0x0F, 0x64, 0xF6, 0x74, 0x1E, 0x41, 0x69, 0x7A, 0x66, 0x1C, 0xDD, 0xB1, 0x27,
    0xA8, 0xA3, 0x22, 0xFB, 0x23, 0x1E, 0x55, 0x33, 0x2D, 0xD3, 0xD5, 0xE6, 0xB6, 0x1B, 0x0C, 0x5E,
    0x22, 0x2C, 0x3F, 0x5C, 0xA9, 0x7D, 0x1F, 0xCE, 0x57, 0x70, 0x4A, 0x8F, 0xBE, 0xC6, 0x51, 0xA7,
    0x58, 0xDE, 0xF0, 0xAA, 0x1B, 0x5E, 0xB8, 0xE9, 0x29, 0x86, 0xD2, 0xB4, 0x36, 0x7D, 0x08, 0x33,
    0x13, 0x94, 0xFF, 0x3D, 0xC3, 0xF6, 0x41, 0x92, 0x3C, 0x79, 0xA5, 0x18, 0x4F, 0x61, 0x49, 0xF3,
    0x1E, 0xC5, 0x35, 0x97, 0x7F, 0x79, 0xA1, 0x12, 0x9B, 0x93, 0xD7, 0x94, 0x0E, 0xEA, 0x75, 0xB4,
    0xAE, 0xA2, 0x5B, 0xB6, 0x62, 0xFF, 0x9D, 0xD0, 0xFD, 0x46, 0x3B, 0xFF, 0x53, 0x76, 0x02, 0xF4,
    0x81, 0x5D, 0x53, 0x0F, 0xB2, 0x6A, 0x1D, 0x48, 0x84, 0xA7, 0x07, 0xE1, 0x0F, 0xC7, 0xD4, 0x6E,
    0x5A, 0x61, 0xDD, 0xD6, 0x25, 0x5E, 0x59, 0xDD, 0xC0, 0x7D, 0x57, 0x39, 0xFF, 0x82, 0x95, 0x8E,
    0xBD, 0x69, 0x0E, 0xFA, 0x5D, 0x5C, 0xE8, 0xA2, 0xC1, 0xEB, 0x92, 0x3A, 0x9B, 0xA2, 0xF1, 0xD2,
    0x31, 0xAC, 0xEB, 0x4E, 0xA9, 0xAE, 0xDE, 0x50, 0x3C, 0x2E, 0x57, 0xA4, 0xE5, 0x33, 0x13, 0x7C,
    0x17, 0x86, 0x67, 0x3A, 0x0B, 0x8C, 0x6B, 0xE6, 0x6F, 0xC1, 0x78, 0xF3, 0xC2, 0x08, 0xA2, 0xE9,
    0x17, 0x6E, 0x45, 0xDA, 0xB9, 0xA3, 0x1D, 0x4F, 0x0D, 0x61, 0x28, 0xD5, 0x51, 0xBF, 0x84, 0x3B,
    0x3E, 0x62, 0xFF, 0xED, 0x48, 0x30, 0x24, 0xDA, 0x92, 0xBB, 0x16, 0x70, 0xF7, 0x04, 0x8C, 0xC1,
    0x3B, 0xBE, 0x75, 0xE4, 0x87, 0x8E, 0xD6, 0x4D, 0x03, 0xE0, 0x99, 0x01, 0x80, 0xEF, 0x1E, 0x08,
    0xE0, 0xFF, 0x95, 0x52, 0x31, 0x6F, 0x13, 0x31, 0x18, 0x7D, 0x77, 0x26, 0x58, 0xE0, 0x36, 0xAE,
    0x98, 0x13, 0x1D, 0x62, 0x42, 0x22, 0x69, 0x3A, 0x74, 0xC8, 0xD0, 0xBB, 0x33, 0xEA, 0x88, 0xC4,
    0x0F, 0x60, 0x81, 0x0D, 0xC1, 0xD4, 0xE1, 0x86, 0x0E, 0x11, 0xB5, 0x60, 0x46, 0xCA, 0x8C, 0x90,
    0xDA, 0xA1, 0x03, 0xCA, 0x94, 0xA1, 0x13, 0x8A, 0x54, 0x6F, 0x0C, 0x0C, 0xDC, 0xC8, 0xD0, 0xE1,
    0x24, 0x86, 0x0E, 0x0C, 0xDC, 0x90, 0x4A, 0x19, 0x2E, 0x35, 0x9F, 0x7D, 0x21, 0x8D, 0x4A, 0x85,
    0x84, 0xFD, 0x7D, 0x96, 0xCF, 0xFE, 0xFC, 0xFC, 0xEE, 0x3D, 0x8F, 0x3E, 0xD9, 0x6A, 0xE4, 0x92,
    0x06, 0x5B, 0xBD, 0x1E, 0x1D, 0x9F, 0xBA, 0x71, 0x34, 0xC2, 0xA9, 0xB5, 0x56, 0x5D, 0xCD, 0x8A,
    0xF1, 0xBF, 0x3A, 0x95, 0x51, 0x11, 0x7C, 0xAB, 0xE7, 0xD5, 0x64, 0x10, 0x27, 0x52, 0x47, 0x2A,
    0x42, 0x0F, 0x09, 0x22, 0x3F, 0xDB, 0x44, 0x0C, 0xBF, 0x51, 0x55, 0x93, 0xC9, 0x60, 0x10, 0xC7,
    0x49, 0x22, 0x0F, 0x55, 0xF4, 0x1C, 0x11, 0x55, 0x6D, 0x22, 0x89, 0x57, 0xEB, 0x96, 0x25, 0x0E,
    0xB4, 0xB8, 0x1E, 0x8D, 0x0B, 0xA4, 0xD6, 0xFC, 0xBD, 0x7E, 0x43, 0xBC, 0x00, 0x36, 0xF0, 0x1F,
    0x20, 0x17, 0xE8, 0xD9, 0x9B, 0x41, 0xB8, 0x35, 0xC2, 0x1A, 0xE9, 0x23, 0xB2, 0x39, 0x45, 0xCF,
    0x16, 0xA9, 0x2D, 0x29, 0x0E, 0x6C, 0x89, 0x7C, 0x7E, 0x59, 0xA0, 0x13, 0x27, 0x2E, 0x42, 0xB3,
    0x1F, 0x33, 0x33, 0x48, 0x58, 0x3E, 0x19, 0xD2, 0x71, 0x9D, 0x05, 0xEA, 0x8C, 0xE1, 0xEC, 0x0E,
    0xAA, 0x35, 0x64, 0xDB, 0x1E, 0xCF, 0x20, 0xD4, 0x60, 0xC0, 0xDD, 0x0D, 0xD5, 0xFA, 0xB6, 0xD5,
    0xFF, 0x35, 0xDE, 0xFB, 0x4C, 0x95, 0xB8, 0x12, 0xED, 0x9A, 0x36, 0xAE, 0xB1, 0xDD, 0xB7, 0x5A,
    0xF0, 0x5D, 0xBD, 0xDE, 0x14, 0x78, 0xD8, 0x5A, 0xAB, 0x15, 0x47, 0x07, 0x5D, 0x48, 0x30, 0xE5,
    0xE6, 0x5B, 0x47, 0xFD, 0x71, 0xBB, 0x2F, 0x16, 0x5B, 0x9D, 0xD6, 0x3A, 0xBA, 0x6D, 0x09, 0x29,
    0xB8, 0xA2, 0xB3, 0xC6, 0x63, 0xA8, 0xA6, 0xE9, 0x67, 0x50, 0x81, 0x11, 0xAA, 0x83, 0x1D, 0x44,
    0xE0, 0x3A, 0xD0, 0x80, 0x42, 0x8E, 0x7D, 0x34, 0x09, 0x29, 0xC6, 0x09, 0x86, 0xFE, 0xFC, 0x09,
    0x20, 0xF4, 0x34, 0x02, 0xCB, 0x67, 0x31, 0x82, 0x29, 0x66, 0xC0, 0x84, 0x95, 0x40, 0x2A, 0x08,
    0x8A, 0xF8, 0xA1, 0xCB, 0x2F, 0xB9, 0x8A, 0xC3, 0x4A, 0xE8, 0x98, 0xCD, 0xA5, 0x81, 0xB4, 0xC4,
    0x22, 0x3D, 0xA4, 0x5D, 0x2B, 0x4A, 0x84, 0x15, 0xAB, 0x20, 0xA6, 0xB8, 0x44, 0xAF, 0x28, 0x0F,
    0x34, 0x02, 0x3A, 0xEA, 0x87, 0x10, 0x1C, 0x62, 0xD1, 0xE5, 0x4A, 0x17, 0xB4, 0xBF, 0x89, 0xD4,
    0xF7, 0xDA, 0xB2, 0x46, 0x89, 0xDE, 0x1C, 0x19, 0xC1, 0x9E, 0x6B, 0xFC, 0x30, 0x3E, 0x34, 0x7E,
    0x2A, 0x90, 0x47, 0x15, 0xD8, 0x14, 0xAC, 0xF8, 0x13, 0x9E, 0x32, 0xCB, 0xC1, 0x29, 0x0A, 0xD0,
    0xF5, 0xEE, 0x61, 0xAB, 0x5B, 0x79, 0x2B, 0x2D, 0x1B, 0x5E, 0x9B, 0xFB, 0x60, 0xAF, 0xDC, 0x3F,
    0x85, 0x2F, 0x49, 0x27, 0xE2, 0x60, 0x1E, 0x3C, 0xFB, 0x2E, 0x1E, 0x17, 0x8F, 0x3E, 0x7C, 0xBC,
    0x07, 0xED, 0xEF, 0x3B, 0xF2, 0xB6, 0x28, 0x62, 0x87, 0x75, 0xA0, 0x05, 0x90, 0x55, 0x63, 0xB7,
    0xC6, 0xB4, 0x5B, 0x6B, 0x3A, 0xAD, 0xD1, 0x07, 0x6E, 0x0F, 0x83, 0x63, 0xA4, 0x73, 0xFA, 0xDB,
    0x2C, 0x6A, 0x73, 0x03, 0xAE, 0x82, 0xDC, 0xD5, 0x14, 0xF5, 0xE0, 0x3F, 0xC9, 0x11, 0x43, 0xC6,
    0x08, 0x15, 0xCC, 0xF0, 0xC6, 0x11, 0x9C, 0xB9, 0x85, 0x72, 0x65, 0x08, 0x9C, 0xE8, 0xBE, 0x85,
    0x86, 0xAE, 0xA9, 0x37, 0x72, 0x4C, 0x09, 0x9E, 0x44, 0x9C, 0x03, 0x7B, 0x11, 0x99, 0xCA, 0xDF,
    0x29, 0xB0, 0x45, 0xF2, 0x5D, 0x05, 0xC9, 0x15, 0x62, 0xAE, 0xC2, 0x29, 0x59, 0x9A, 0x53, 0x92,
    0x8D, 0x75, 0xF2, 0x05, 0x58, 0x44, 0x70, 0x11, 0x7D, 0xF7, 0x68, 0x3F, 0xD5, 0x4B, 0xB0, 0x8C,
    0x8C, 0x26, 0x66, 0x82, 0x28, 0xD6, 0xE9, 0xE6, 0x4E, 0x74, 0x7A, 0x3C, 0x44, 0x51, 0x12, 0x43,
    0x49, 0x14, 0x96, 0x49, 0xEC, 0x02, 0x67, 0x07, 0x71, 0x4B, 0x99, 0xCB, 0x7C, 0x61, 0x0A, 0xB5,
    0xA1, 0xD3, 0x24, 0xA8, 0x5F, 0xB0, 0x53, 0x4B, 0x3C, 0x81, 0x7C, 0x0A, 0xF9, 0xDE, 0x6B, 0x56,
    0x4B, 0x94, 0x79, 0xE5, 0xC8, 0xEB, 0x73, 0x1D, 0x7C, 0x31, 0xE1, 0x57, 0xE3, 0x24, 0x54, 0xCE,
    0x61, 0xE9, 0x85, 0x6C, 0xFB, 0xC2, 0x6D, 0x0F, 0xF7, 0x1B, 0x5D, 0x8E, 0x31, 0x4A, 0x04, 0x41,
    0x10, 0x45, 0x7F, 0x77, 0xB1, 0x0C, 0xCC, 0xE8, 0x8E, 0x81, 0x2B, 0x82, 0xE2, 0x04, 0x6E, 0xA0,
    0xAB, 0x30, 0x35, 0xBA, 0x0B, 0xB2, 0xEC, 0xD2, 0x75, 0x14, 0x43, 0xC3, 0x39, 0x80, 0x0B, 0xC5,
    0x9C, 0xC0, 0xDB, 0x98, 0x16, 0x62, 0x60, 0xE8, 0x31, 0x0C, 0x3D, 0x81, 0x5A, 0x3D, 0x89, 0x22,
    0xD5, 0x41, 0xFF, 0xFE, 0x5D, 0xFF, 0xBF, 0x19, 0x54, 0xDF, 0xF4, 0xD5, 0x9E, 0xB5, 0x45, 0x44,
    0x89, 0x73, 0x24, 0x25, 0x10, 0xD6, 0xC2, 0x58, 0x03, 0x7A, 0x64, 0x09, 0x97, 0xFA, 0xF1, 0x32,
    0x6C, 0x17, 0x1A, 0x34, 0x0A, 0x09, 0xA1, 0xC2, 0x4C, 0xD8, 0x6A, 0xB0, 0xB1, 0x35, 0xF2, 0x30,
    0x0C, 0x29, 0xEE, 0x70, 0x80, 0xF6, 0x0B, 0xA9, 0x92, 0x0D, 0xD9, 0xBF, 0xF3, 0x48, 0x36, 0x91,
    0xC3, 0x27, 0xBE, 0xBF, 0xE1, 0x5B, 0xE6, 0xFE, 0xEE, 0xB3, 0x7D, 0xAF, 0xB4, 0xEF, 0xD9, 0xEF,
    0xDF, 0x57, 0x12, 0x2C, 0x18, 0x69, 0x8D, 0x2D, 0x92, 0x9D, 0x8C, 0xAA, 0x41, 0x30, 0xAF, 0x95,
    0x80, 0x5C, 0xE5, 0x40, 0xE6, 0xA5, 0x92, 0x81, 0x32, 0xD2, 0xE8, 0xA1, 0x94, 0xF9, 0xA8, 0x3A,
    0x5B, 0x39, 0xC2, 0x2F, 0x5A, 0xE1, 0x1B, 0x0B, 0x87, 0x5B, 0x79, 0x62, 0xA7, 0x9D, 0x7B, 0x67,
    0x60, 0x61, 0x59, 0x6A, 0xE3, 0xC9, 0xAD, 0x00, 0xD1, 0xD3, 0x0A, 0xEC, 0x63, 0x0F, 0xC7, 0xC8,
    0x19, 0x7F, 0x67, 0x89, 0x0B, 0x9C, 0xBA, 0x37, 0xF5, 0x94, 0x42, 0xC8, 0xE0, 0x2F, 0x59, 0x97,
    0x4E, 0x42, 0x12, 0xBD, 0x25, 0x18, 0xC6, 0xC9, 0x9C, 0x51, 0x49, 0x73, 0x56, 0xED, 0xFF, 0xAF,
    0xB1, 0xC1, 0x0F, 0x75, 0x93, 0x3F, 0x68, 0x14, 0x41, 0x14, 0xC6, 0xBF, 0xDD, 0x49, 0x5C, 0x61,
    0x72, 0x3B, 0x16, 0x0A, 0x01, 0xC3, 0x6D, 0x1B, 0x30, 0x70, 0x4D, 0x8A, 0x2B, 0xEE, 0xDC, 0xC5,
    0xF4, 0x92, 0x42, 0xB0, 0x4C, 0xEA, 0x88, 0x90, 0xC2, 0x22, 0x8A, 0x71, 0x47, 0x2C, 0x6D, 0x6C,
    0xEC, 0x53, 0xA4, 0xD0, 0x0D, 0x18, 0x05, 0x21, 0x41, 0x8F, 0xDC, 0x62, 0x0A, 0x4B, 0x17, 0xD2,
    0xCB, 0x60, 0x6C, 0xBC, 0xC2, 0x0C, 0x64, 0x21, 0x67, 0xDC, 0xBB, 0xE7, 0x9B, 0xBB, 0x80, 0x11,
    0x75, 0xE6, 0xFB, 0xED, 0xCC, 0x0E, 0xF3, 0xE7, 0xED, 0x37, 0x6F, 0x31, 0x39, 0x81, 0x70, 0x06,
    0xB5, 0x59, 0xCC, 0xCC, 0xA3, 0x51, 0x79, 0xC3, 0x7E, 0x50, 0x1A, 0x65, 0x8B, 0xFA, 0x9B, 0xBC,
    0xFD, 0x25, 0x6F, 0x1D, 0xE8, 0xF6, 0x7E, 0x92, 0x7E, 0x44, 0xFC, 0x14, 0xF1, 0xE7, 0x8B, 0x31,
    0x55, 0x11, 0x55, 0x8A, 0xAA, 0xB0, 0xDB, 0xE7, 0xE9, 0x73, 0xAB, 0x68, 0xBE, 0xC6, 0xA5, 0x45,
    0xB8, 0x72, 0xB5, 0x0F, 0xAA, 0x44, 0x39, 0xA1, 0x34, 0x22, 0xA0, 0x0D, 0xB4, 0x58, 0xA2, 0xD3,
    0x12, 0x5F, 0xD7, 0x45, 0x1E, 0x2F, 0xE8, 0xF8, 0xA7, 0x5B, 0x2B, 0xA9, 0xF2, 0xA9, 0xC2, 0x04,
    0xC6, 0xC5, 0xA3, 0x44, 0xF5, 0x4C, 0x1D, 0x98, 0x01, 0x6A, 0x40, 0x4C, 0xF9, 0xB5, 0x4C, 0x0B,
    0x3D, 0xEA, 0xF4, 0xB4, 0x5F, 0x40, 0x14, 0x88, 0x34, 0x1E, 0x3D, 0x47, 0x4A, 0xA5, 0x97, 0x08,
    0x2D, 0xF3, 0x40, 0x4B, 0xC3, 0xD8, 0x40, 0xAB, 0x52, 0x6A, 0xD5, 0x61, 0xD6, 0x99, 0x25, 0xA9,
    0x89, 0xA8, 0xDA, 0xDE, 0x3A, 0x7A, 0xA1, 0x16, 0x3E, 0x25, 0xD1, 0x8D, 0xA3, 0x24, 0x4A, 0xE8,
    0x8C, 0x34, 0x91, 0xA4, 0xE5, 0x96, 0x95, 0x58, 0xDB, 0xCE, 0xF6, 0x78, 0x9E, 0x44, 0x47, 0x52,
    0x29, 0xA9, 0x90, 0x09, 0xFE, 0x16, 0x69, 0xE0, 0xD4, 0x02, 0xE6, 0x1E, 0xD3, 0x3C, 0x63, 0xD7,
    0xEF, 0x93, 0x95, 0x9B, 0x54, 0x4C, 0x81, 0x6C, 0x0D, 0xE5, 0x9A, 0x2C, 0x6C, 0xCB, 0xAF, 0x6C,
    0x0B, 0x75, 0xDB, 0x9A, 0xAC, 0xDB, 0xB6, 0x1A, 0xD8, 0xB6, 0xEC, 0xCF, 0xA3, 0x36, 0x8F, 0x29,
    0x76, 0x93, 0x35, 0x33, 0x3D, 0xCB, 0x67, 0xBD, 0xDA, 0x7B, 0x57, 0x7B, 0x34, 0x5F, 0x7B, 0xBF,
    0x1A, 0x9E, 0xAC, 0xCA, 0x43, 0x2B, 0x0F, 0x6C, 0xB0, 0x6F, 0x82, 0x0F, 0x46, 0x3C, 0x2E, 0x9C,
    0x05, 0xF4, 0x8C, 0x19, 0x08, 0x6D, 0x23, 0xA1, 0x4D, 0xB0, 0xA0, 0x8D, 0x78, 0xA2, 0xCD, 0xE1,
    0x39, 0x0C, 0x8F, 0x5B, 0xA6, 0x13, 0x68, 0xD3, 0xE0, 0xD0, 0x2E, 0xB8, 0xF0, 0xB8, 0x88, 0x91,
    0xC8, 0xE2, 0xF6, 0xA2, 0x7F, 0x08, 0xD5, 0xC5, 0x9C, 0x42, 0x4B, 0xA1, 0x29, 0xD1, 0x8E, 0x10,
    0x11, 0x82, 0x13, 0x64, 0x19, 0x88, 0x46, 0x93, 0x27, 0x17, 0x91, 0x5A, 0xEF, 0xC7, 0xB2, 0xB3,
    0x34, 0x47, 0x3C, 0xC4, 0xB5, 0x1E, 0xD8, 0xE7, 0x74, 0x80, 0x3B, 0xDF, 0xDC, 0x88, 0x30, 0xF0,
    0x79, 0x2B, 0x56, 0xC3, 0xA6, 0x44, 0x0F, 0xF6, 0x32, 0xCC, 0xC1, 0xA9, 0x51, 0x20, 0x4D, 0x44,
    0x05, 0xFF, 0x6E, 0xC1, 0x7D, 0xAF, 0x82, 0xE8, 0x8C, 0xAF, 0xF6, 0x4C, 0x3E, 0xF1, 0xCA, 0xDE,
    0x00, 0x7E, 0xAE, 0xF8, 0x2C, 0x2A, 0x45, 0x1E, 0x24, 0x5B, 0xBD, 0xED, 0x4D, 0xC1, 0x07, 0x0B,
    0xEA, 0x43, 0xB0, 0x8F, 0xFF, 0x03, 0x53, 0xBF, 0xB9, 0x40, 0x25, 0xA2, 0xEF, 0x2F, 0x70, 0x9D,
    0xFB, 0x0F, 0x99, 0x5D, 0xA6, 0x64, 0xAC, 0xA3, 0x96, 0xC0, 0x2A, 0x4A, 0xCA, 0x70, 0x49, 0x57,
    0x61, 0x88, 0xBD, 0xB0, 0xCE, 0x19, 0x32, 0x44, 0x83, 0x71, 0xEB, 0x10, 0x62, 0xCC, 0x24, 0x10,
    0xB0, 0x3B, 0x01, 0x7F, 0x06, 0xBC, 0x3E, 0x46, 0x21, 0x32, 0x1C, 0x97, 0xCD, 0xB2, 0x6C, 0xC3,
    0x19, 0xE1, 0x5A, 0xF7, 0xEE, 0x6C, 0x21, 0x3D, 0xCD, 0x79, 0x55, 0xB1, 0x59, 0x04, 0xBF, 0x3B,
    0x38, 0xCB, 0x49, 0xC1, 0x09, 0x18, 0xD9, 0xD8, 0xEC, 0xE8, 0x63, 0x7D, 0xC8, 0xF5, 0x58, 0xEF,
    0xE8, 0xD8, 0xC8, 0xCA, 0xD3, 0x5D, 0xA2, 0x95, 0xEC, 0xE5, 0x4A, 0x96, 0xB1, 0x43, 0xE7, 0x3D,
    0xF8, 0xA7, 0xAE, 0xDC, 0xEA, 0x0E, 0xFD, 0x1C, 0x85, 0x7B, 0x76, 0x93, 0x2E, 0x9B, 0xEC, 0x15,
    0x9E, 0xE5, 0x5A, 0x8E, 0x83, 0x0D, 0x2F, 0x43, 0x95, 0x48, 0x35, 0x86, 0x80, 0x7A, 0xEB, 0x7C,
    0x1E, 0x0A, 0x7D, 0x53, 0x22, 0x5C, 0x87, 0x32, 0xA3, 0x40, 0x9A, 0x4E, 0xFC, 0x87, 0x04, 0x94,
    0xAB, 0xFB, 0x46, 0x35, 0x4D, 0xD8, 0xDC, 0xA8, 0x35, 0x97, 0x47, 0xDA, 0x18, 0x8B, 0x47, 0xE0,
    0x0C, 0x38, 0xED, 0x72, 0x86, 0x06, 0x09, 0x38, 0x57, 0x18, 0x6E, 0x25, 0x7F, 0xD8, 0x00, 0xE9,
    0xE9, 0x22, 0x7C, 0xDE, 0xCC, 0x41, 0x94, 0x63, 0xEB, 0x54, 0xFF, 0x71, 0x01, 0xBF, 0x00, 0x6D,
    0x90, 0x3D, 0x4E, 0xC3, 0x40, 0x10, 0x46, 0x9F, 0xBD, 0x85, 0x25, 0x9C, 0xD8, 0x69, 0xE8, 0x12,
    0x94, 0x92, 0xC2, 0x28, 0x4B, 0x84, 0x14, 0x17, 0x88, 0xEC, 0x11, 0x38, 0x8A, 0x8B, 0x48, 0x14,
    0x14, 0xF8, 0x04, 0x70, 0x05, 0x8E, 0x90, 0x8E, 0x82, 0x22, 0x86, 0x14, 0xA9, 0x88, 0x7C, 0x01,
    0xA4, 0x1C, 0xC1, 0x45, 0x8A, 0x88, 0x9F, 0x2C, 0xB3, 0x1B, 0x05, 0x29, 0x52, 0xC6, 0x33, 0xB6,
    0xB5, 0x33, 0xDF, 0xDB, 0x4F, 0x03, 0x50, 0xA3, 0x4A, 0x52, 0xC8, 0xE0, 0xC1, 0xAE, 0xAF, 0x21,
    0xC1, 0x9D, 0x04, 0x15, 0x2E, 0xFA, 0xF0, 0x43, 0xF4, 0x6A, 0x7A, 0xC3, 0x7A, 0xA2, 0x0B, 0x34,
    0x07, 0x29, 0x91, 0x7B, 0x41, 0x64, 0x08, 0xEA, 0x99, 0x6D, 0xE4, 0xED, 0xC4, 0x89, 0xC7, 0xED,
    0xE2, 0x50, 0x22, 0x90, 0xB3, 0x61, 0xAD, 0xBE, 0x1D, 0xD6, 0xC1, 0x31, 0x28, 0x53, 0xD0, 0xE6,
    0x5C, 0x9E, 0x13, 0x71, 0x60, 0x4D, 0x2E, 0xDF, 0xB6, 0xE8, 0x15, 0xC5, 0x9E, 0x21, 0x26, 0xA3,
    0x35, 0xDD, 0x25, 0xC5, 0xBB, 0x41, 0x8C, 0xED, 0xB3, 0x98, 0x9B, 0xEE, 0x87, 0x6B, 0xB1, 0x73,
    0x7B, 0xCA, 0x78, 0xCB, 0x0D, 0x8C, 0x4A, 0xF4, 0x0A, 0x9D, 0xA3, 0x13, 0x3A, 0xCA, 0xF8, 0x0E,
    0x03, 0x2B, 0x05, 0x2F, 0x84, 0x73, 0x62, 0x45, 0x26, 0xFC, 0xC0, 0x89, 0x3A, 0x30, 0x09, 0xE9,
    0x29, 0x77, 0x18, 0x2E, 0xE0, 0x0B, 0x41, 0x8C, 0x7F, 0x3D, 0x30, 0xE0, 0x36, 0xE5, 0x39, 0xA3,
    0x98, 0x72, 0x59, 0x33, 0x32, 0x0E, 0x2E, 0x57, 0xE0, 0x8D, 0xCB, 0x8A, 0x84, 0x9D, 0x38, 0xF2,
    0xB6, 0xF0, 0x9B, 0x48, 0xED, 0x36, 0x2A, 0x09, 0x2B, 0xD7, 0xA5, 0x2F, 0x35, 0xAD, 0x09, 0x9B,
    0x35, 0x71, 0xF1, 0xC9, 0x85, 0x5E, 0x98, 0x2B, 0xFD, 0x56, 0xA1, 0xA5, 0x7D, 0xAC, 0xC4, 0x8C,
    0xF2, 0x50, 0xA6, 0x33, 0xBB, 0x41, 0x76, 0x40, 0xE6, 0x56, 0x1A, 0xFA, 0x95, 0x4A, 0xB7, 0x7F,
    0x5C, 0xA8, 0x75, 0x55, 0x65, 0x7A, 0x5E, 0xC6, 0x7A, 0x89, 0x6A, 0x44, 0xD8, 0xAC, 0x76, 0x97,
    0x9B, 0x8E, 0xD0, 0x72, 0x81, 0x76, 0xC5, 0x64, 0x2C, 0x2E, 0x6D, 0x29, 0x36, 0x57, 0xB9, 0x18,
    0x4C, 0xAD, 0x25, 0x2A, 0x7B, 0xF2, 0x97, 0xFB, 0x39, 0xB7, 0x84, 0x0D, 0xD1, 0x13, 0x83, 0x64,
    0x75, 0xD7, 0x9A, 0xA8, 0x16, 0xFF, 0x79, 0xDF, 0x9A, 0x0C, 0x92, 0x3A, 0x7A, 0x74, 0x03, 0x32,
    0xF6, 0x07, 0x7D, 0x92, 0xBD, 0x6E, 0x13, 0x41, 0x14, 0x85, 0xBF, 0xDD, 0x49, 0x58, 0x85, 0x91,
    0xBD, 0x14, 0x04, 0x21, 0x45, 0x89, 0x9B, 0x14, 0x14, 0x09, 0x6E, 0x52, 0xA4, 0xF0, 0xCF, 0xBE,
    0x01, 0x29, 0x78, 0x80, 0xBC, 0x01, 0x8D, 0x0B, 0x84, 0x2C, 0xBC, 0xBC, 0x01, 0x8F, 0x90, 0x82,
    0x8A, 0x26, 0x5B, 0x20, 0xE1, 0x06, 0x79, 0x24, 0x5E, 0x60, 0x11, 0x3D, 0x0A, 0x12, 0xA9, 0xD2,
    0x4C, 0x61, 0x09, 0xA3, 0x64, 0x33, 0x39, 0xB3, 0x49, 0xE8, 0x60, 0x74, 0xCF, 0x9D, 0xBF, 0xFB,
    0x73, 0xE6, 0x68, 0x00, 0xF2, 0x82, 0xD4, 0xC1, 0x9D, 0xD9, 0x9F, 0x6E, 0xF8, 0xDC, 0x7D, 0xB2,
    0x65, 0x95, 0x15, 0x3E, 0x63, 0x9E, 0x33, 0x6E, 0xC8, 0x97, 0xFC, 0x1D, 0x5B, 0x7F, 0x4C, 0x41,
    0x38, 0xFD, 0x41, 0xEA, 0xCD, 0x8A, 0xCC, 0x25, 0x4B, 0x6C, 0x99, 0xAD, 0xC8, 0xD9, 0x1E, 0xC8,
    0x55, 0x72, 0xA9, 0x93, 0x7B, 0xC1, 0x14, 0xBB, 0x42, 0x21, 0xD7, 0xA7, 0x4B, 0x4C, 0x08, 0x9E,
    0x6E, 0x08, 0x35, 0x07, 0x5B, 0xD7, 0xF0, 0xE8, 0xBE, 0xDA, 0x10, 0x16, 0x70, 0x59, 0xA4, 0xDF,
    0x9D, 0xF9, 0x5A, 0x67, 0xEF, 0x7C, 0x8E, 0xEF, 0x31, 0x1F, 0x32, 0x98, 0x32, 0x5A, 0x84, 0xD0,
    0x9A, 0xDF, 0x31, 0x65, 0xE7, 0xDF, 0xB6, 0x91, 0x16, 0xB2, 0xFF, 0x04, 0x28, 0x5D, 0x45, 0x42,
    0x73, 0xC2, 0x2E, 0x1D, 0x44, 0xDF, 0xE1, 0x4C, 0xB1, 0xCD, 0x84, 0xD0, 0x84, 0x86, 0xB5, 0x99,
    0x18, 0x91, 0x04, 0x87, 0x91, 0x02, 0xBA, 0xC6, 0x46, 0x59, 0x84, 0x1D, 0x61, 0x5F, 0x18, 0x08,
    0x53, 0xB1, 0x5E, 0xC1, 0x6B, 0x49, 0x31, 0xF6, 0xD0, 0x3B, 0x53, 0x48, 0xAD, 0xF9, 0xDB, 0x15,
    0x6F, 0x3F, 0x5F, 0x70, 0xD6, 0x4B, 0x4A, 0xD7, 0xC1, 0xB9, 0x2E, 0xCE, 0xBF, 0xBA, 0x28, 0x67,
    0xBF, 0x83, 0xEE, 0x1A, 0x25, 0x5A, 0x45, 0x0E, 0xF5, 0xE0, 0x89, 0xD6, 0x95, 0xE0, 0xEF, 0xA0,
    0xE3, 0xA4, 0xBE, 0x45, 0xD4, 0x3F, 0xC2, 0xDC, 0xA3, 0x84, 0xAC, 0x60, 0x5D, 0x1C, 0xC6, 0x01,
    0xFA, 0x2A, 0xF3, 0x40, 0x7D, 0xF7, 0x47, 0xA3, 0xA8, 0x99, 0x26, 0x5B, 0xB2, 0x77, 0x72, 0x7C,
    0x78, 0x58, 0x61, 0xEB, 0xC8, 0xB5, 0x3E, 0x1E, 0x4C, 0xAA, 0xDD, 0x76, 0xDD, 0x8A, 0xEB, 0x48,
    0x4B, 0x0C, 0x3C, 0x3C, 0x9A, 0x49, 0xF7, 0x83, 0xD8, 0x38, 0x39, 0x8F, 0xEB, 0x0C, 0xBA, 0xB0,
    0x47, 0x3C, 0x6B, 0x47, 0x32, 0xD7, 0x1B, 0x6A, 0x12, 0xB5, 0xE8, 0x2B, 0xFD, 0x8B, 0x8E, 0x66,
    0xBF, 0xD4, 0x2E, 0xC8, 0xD9, 0x2B, 0xED, 0x9E, 0xB2, 0x49, 0xA4, 0xF1, 0x01, 0xD6, 0x3F, 0xB2,
    0x76, 0xFB, 0x61, 0x48, 0x25, 0x05, 0x7D, 0xD1, 0x4C, 0xE3, 0x13, 0xC7, 0xFA, 0x16, 0x41, 0x39,
    0xEF, 0xE9, 0x2B, 0xED, 0x59, 0x5B, 0xF8, 0x31, 0x4F, 0x16, 0x0D, 0x6F, 0x5E, 0xC2, 0x0D, 0x75,
    0x8F, 0x4D, 0x0A, 0xC2, 0x30, 0x10, 0x85, 0x5F, 0x2C, 0x74, 0x13, 0x6A, 0xF7, 0x52, 0xEB, 0xB6,
    0x8B, 0x60, 0xB7, 0x2E, 0x6C, 0xCF, 0xE0, 0x31, 0xDC, 0x79, 0x04, 0x5B, 0xBD, 0x8C, 0x20, 0x78,
    0x83, 0x96, 0x1C, 0x61, 0xD4, 0x0B, 0x74, 0x29, 0x9E, 0x40, 0xC4, 0x12, 0x67, 0x5A, 0x04, 0xF1,
    0x07, 0xDE, 0xFB, 0x08, 0x33, 0x99, 0xC9, 0x8B, 0xA6, 0x2A, 0x2E, 0x2F, 0x66, 0x50, 0x24, 0x83,
    0xC2, 0xB9, 0xB6, 0xDE, 0xF3, 0xD9, 0xFE, 0x14, 0x3C, 0xF2, 0xB7, 0x4D, 0x78, 0x6E, 0x0C, 0x90,
    0x00, 0xEE, 0x64, 0xEB, 0x4D, 0xD7, 0xF2, 0xDE, 0x45, 0xBD, 0x34, 0x35, 0x71, 0x41, 0x09, 0x28,
    0x51, 0xE4, 0x8E, 0xB6, 0x2E, 0xAD, 0x51, 0xDF, 0x3B, 0x1F, 0x2C, 0x00, 0x99, 0x5F, 0x2C, 0xF3,
    0x90, 0xDA, 0x5C, 0x5E, 0xE1, 0x1C, 0xE0, 0x20, 0x46, 0x92, 0xC8, 0x25, 0xF6, 0xFC, 0xC3, 0xD9,
    0xCB, 0x9A, 0xAA, 0x21, 0x38, 0x7E, 0x00, 0xFE, 0x40, 0x20, 0xA3, 0x63, 0x99, 0x8D, 0xC0, 0xC3,
    0x11, 0xD7, 0x6C, 0x07, 0xF3, 0x0F, 0xA9, 0xED, 0xC0, 0x09, 0x16, 0x6C, 0x50, 0x0F, 0xDD, 0x4E,
    0x1C, 0xA6, 0xBB, 0xD1, 0x15, 0x33, 0x28, 0x42, 0x26, 0x48, 0x49, 0x49, 0x83, 0x81, 0x95, 0x40,
    0x4B, 0xED, 0xA0, 0xEE, 0x58, 0xDF, 0xE0, 0xF0, 0x04,
};

static const EpdGlyph opendyslexic_8_regularGlyphs[] = {
    { 0, 0, 226, 0, 0, 0, 0 }, // U+0020
    { 5, 18, 90, 0, 18, 23, 0 }, // !
    { 8, 5, 145, 1, 15, 10, 23 }, // "
    { 17, 16, 304, 1, 14, 68, 33 }, // #
    { 13, 18, 323, 3, 16, 59, 101 }, // $
    { 10, 15, 264, 4, 14, 38, 160 }, // %
    { 12, 15, 257, 2, 15, 45, 198 }, // &
    { 3, 5, 72, 1, 13, 4, 243 }, // '
    { 5, 24, 117, 2, 18, 30, 247 }, // (
    { 6, 24, 117, 0, 18, 36, 277 }, // )
    { 9, 8, 169, 1, 13, 18, 313 }, // *
    { 8, 8, 165, 1, 9, 16, 331 }, // +
    { 5, 5, 86, 0, 2, 7, 347 }, // ,
    { 7, 2, 160, 1, 6, 4, 354 }, // -
    { 4, 3, 70, 0, 3, 3, 358 }, // .
    { 10, 28, 155, 0, 19, 70, 361 }, // /
    { 9, 13, 177, 1, 13, 30, 431 }, // 0
    { 7, 13, 155, 1, 13, 23, 461 }, // 1
    { 9, 13, 170, 1, 13, 30, 484 }, // 2
    { 9, 14, 171, 1, 14, 32, 514 }, // 3
    { 9, 13, 177, 0, 13, 30, 546 }, // 4
    { 9, 13, 169, 1, 13, 30, 576 }, // 5
    { 9, 14, 177, 1, 14, 32, 606 }, // 6
    { 8, 13, 168, 1, 13, 26, 638 }, // 7
    { 10, 14, 182, 1, 14, 35, 664 }, // 8
    { 9, 14, 177, 1, 14, 32, 699 }, // 9
    { 4, 11, 72, 0, 11, 11, 731 }, // :
    { 5, 12, 86, 0, 10, 15, 742 }, // ;
    { 12, 11, 215, 0, 11, 33, 757 }, // <
    { 8, 6, 162, 1, 8, 12, 790 }, // =
    { 11, 11, 215, 1, 11, 31, 802 }, // >
    { 9, 19, 153, 0, 19, 43, 833 }, // ?
    { 15, 16, 317, 2, 14, 60, 876 }, // @
    { 13, 15, 303, 3, 15, 49, 936 }, // A
    { 10, 15, 260, 3, 15, 38, 985 }, // B
    { 12, 16, 268, 2, 16, 48, 1023 }, // C
    { 13, 15, 290, 3, 15, 49, 1071 }, // D
    { 9, 15, 247, 3, 15, 34, 1120 }, // E
    { 8, 15, 229, 4, 15, 30, 1154 }, // F
    { 13, 15, 306, 3, 15, 49, 1184 }, // G
    { 11, 15, 286, 3, 15, 42, 1233 }, // H
    { 4, 15, 122, 2, 15, 15, 1275 }, // I
    { 6, 19, 201, 3, 15, 29, 1290 }, // J
    { 12, 15, 273, 3, 15, 45, 1319 }, // K
    { 9, 15, 242, 3, 15, 34, 1364 }, // L
    { 14, 15, 331, 4, 15, 53, 1398 }, // M
    { 12, 15, 287, 3, 15, 45, 1451 }, // N
    { 13, 15, 305, 3, 15, 49, 1496 }, // O
    { 9, 15, 245, 3, 15, 34, 1545 }, // P
    { 14, 17, 270, 2, 15, 60, 1579 }, // Q
    { 10, 15, 260, 4, 15, 38, 1639 }, // R
    { 13, 16, 300, 3, 15, 52, 1677 }, // S
    { 12, 15, 287, 3, 15, 45, 1729 }, // T
    { 11, 16, 281, 3, 15, 44, 1774 }, // U
    { 14, 15, 309, 3, 15, 53, 1818 }, // V
    { 18, 15, 380, 3, 15, 68, 1871 }, // W
    { 13, 15, 303, 3, 15, 49, 1939 }, // X
    { 12, 15, 283, 3, 15, 45, 1988 }, // Y
    { 13, 15, 301, 3, 15, 49, 2033 }, // Z
    { 6, 24, 126, 1, 18, 36, 2082 }, // [
    { 6, 18, 126, 1, 14, 27, 2118 }, // <backslash>
    { 6, 24, 126, 1, 18, 36, 2145 }, // ]
    { 7, 4, 148, 1, 17, 7, 2181 }, // ^
    { 11, 2, 212, 1, -1, 6, 2188 }, // _
    { 6, 3, 109, 0, 13, 5, 2194 }, // `
    { 10, 11, 219, 2, 11, 28, 2199 }, // a
    { 10, 15, 229, 2, 15, 38, 2227 }, // b
    { 8, 10, 199, 3, 10, 20, 2265 }, // c
    { 9, 15, 225, 3, 15, 34, 2285 }, // d
    { 9, 10, 221, 3, 10, 23, 2319 }, // e
    { 6, 14, 168, 3, 14, 21, 2342 }, // f
    { 8, 14, 215, 3, 10, 28, 2363 }, // g
    { 9, 15, 219, 2, 15, 34, 2391 }, // h
    { 4, 15, 121, 2, 15, 15, 2425 }, // i
    { 7, 19, 172, 3, 15, 34, 2440 }, // j
    { 9, 14, 218, 3, 14, 32, 2474 }, // k
    { 4, 14, 144, 2, 14, 14, 2506 }, // l
    { 15, 10, 312, 2, 10, 38, 2520 }, // m
    { 9, 10, 217, 2, 10, 23, 2558 }, // n
    { 9, 10, 221, 3, 10, 23, 2581 }, // o
    { 10, 14, 218, 1, 10, 35, 2604 }, // p
    { 11, 15, 253, 3, 11, 42, 2639 }, // q
    { 6, 10, 176, 2, 10, 15, 2681 }, // r
    { 8, 10, 206, 2, 10, 20, 2696 }, // s
    { 7, 14, 190, 2, 14, 25, 2716 }, // t
    { 8, 10, 213, 3, 10, 20, 2741 }, // u
    { 11, 10, 240, 2, 10, 28, 2761 }, // v
    { 13, 10, 277, 2, 10, 33, 2789 }, // w
    { 11, 10, 238, 2, 10, 28, 2822 }, // x
    { 10, 14, 224, 2, 10, 35, 2850 }, // y
    { 10, 10, 218, 2, 10, 25, 2885 }, // z
    { 7, 16, 150, 1, 13, 28, 2910 }, // {
    { 2, 15, 68, 2, 12, 8, 2938 }, // |
    { 7, 16, 150, 1, 13, 28, 2946 }, // }
    { 6, 4, 125, 1, 14, 6, 2974 }, // ~
    { 0, 0, 226, 0, 0, 0, 0 }, // U+00A0
    { 5, 18, 90, 0, 13, 23, 0 }, // U+00A1
    { 8, 15, 199, 3, 13, 30, 23 }, // U+00A2
    { 10, 17, 184, 1, 17, 43, 53 }, // U+00A3
    { 9, 9, 179, 1, 11, 21, 96 }, // U+00A4
    { 10, 15, 204, 1, 13, 38, 117 }, // U+00A5
    { 2, 15, 68, 1, 12, 8, 155 }, // U+00A6
    { 9, 16, 224, 3, 14, 36, 163 }, // U+00A7
    { 9, 3, 142, 0, 14, 7, 199 }, // U+00A8
    { 7, 7, 144, 1, 16, 13, 206 }, // U+00A9
    { 6, 6, 112, 1, 12, 9, 219 }, // U+00AA
    { 9, 9, 171, 1, 9, 21, 228 }, // U+00AB
    { 8, 6, 163, 1, 7, 12, 249 }, // U+00AC
    { 7, 2, 147, 1, 6, 4, 261 }, // U+00AD
    { 7, 8, 144, 1, 20, 14, 265 }, // U+00AE
    { 7, 2, 137, 1, 13, 4, 279 }, // U+00AF
    { 7, 8, 144, 1, 14, 14, 283 }, // U+00B0
    { 8, 9, 165, 1, 9, 18, 297 }, // U+00B1
    { 5, 6, 78, 0, 14, 8, 315 }, // U+00B2
    { 4, 7, 85, 1, 14, 7, 323 }, // U+00B3
    { 3, 4, 77, 1, 14, 3, 330 }, // U+00B4
    { 10, 12, 213, 1, 10, 30, 333 }, // U+00B5
    { 8, 14, 164, 1, 12, 28, 363 }, // U+00B6
    { 4, 3, 70, 0, 7, 3, 391 }, // U+00B7
    { 4, 5, 87, 1, 1, 5, 394 }, // U+00B8
    { 3, 6, 76, 1, 14, 5, 399 }, // U+00B9
    { 5, 6, 112, 2, 12, 8, 404 }, // U+00BA
    { 8, 9, 171, 1, 9, 18, 412 }, // U+00BB
    { 14, 17, 294, 3, 15, 60, 430 }, // U+00BC
    { 15, 17, 294, 3, 16, 64, 490 }, // U+00BD
    { 15, 17, 294, 1, 15, 64, 554 }, // U+00BE
    { 9, 19, 153, 0, 10, 43, 618 }, // U+00BF
    { 13, 20, 303, 3, 20, 65, 661 }, // U+00C0
    { 13, 23, 303, 3, 23, 75, 726 }, // U+00C1
    { 13, 20, 303, 3, 20, 65, 801 }, // U+00C2
    { 14, 20, 303, 3, 20, 70, 866 }, // U+00C3
    { 13, 20, 303, 3, 20, 65, 936 }, // U+00C4
    { 14, 21, 303, 3, 21, 74, 1001 }, // U+00C5
    { 19, 15, 387, 3, 15, 72, 1075 }, // U+00C6
    { 12, 20, 268, 2, 16, 60, 1147 }, // U+00C7
    { 9, 20, 247, 3, 20, 45, 1207 }, // U+00C8
    { 9, 23, 247, 3, 23, 52, 1252 }, // U+00C9
    { 9, 20, 247, 3, 20, 45, 1304 }, // U+00CA
    { 9, 20, 247, 3, 20, 45, 1349 }, // U+00CB
    { 6, 21, 122, 0, 21, 32, 1394 }, // U+00CC
    { 4, 24, 122, 2, 24, 24, 1426 }, // U+00CD
    { 7, 21, 122, 0, 21, 37, 1450 }, // U+00CE
    { 8, 21, 122, 0, 21, 42, 1487 }, // U+00CF
    { 15, 15, 290, 1, 15, 57, 1529 }, // U+00D0
    { 12, 19, 287, 3, 19, 57, 1586 }, // U+00D1
    { 13, 19, 305, 3, 19, 62, 1643 }, // U+00D2
    { 13, 23, 305, 3, 23, 75, 1705 }, // U+00D3
    { 13, 20, 305, 3, 20, 65, 1780 }, // U+00D4
    { 13, 20, 305, 3, 20, 65, 1845 }, // U+00D5
    { 13, 19, 305, 3, 19, 62, 1910 }, // U+00D6
    { 8, 5, 157, 1, 7, 10, 1972 }, // U+00D7
    { 22, 31, 317, -1, 23, 171, 1982 }, // U+00D8
    { 11, 21, 281, 3, 20, 58, 2153 }, // U+00D9
    { 11, 24, 281, 3, 23, 66, 2211 }, // U+00DA
    { 11, 22, 281, 3, 21, 61, 2277 }, // U+00DB
    { 11, 21, 281, 3, 20, 58, 2338 }, // U+00DC
    { 12, 23, 283, 3, 23, 69, 2396 }, // U+00DD
    { 8, 14, 149, 1, 14, 28, 2465 }, // U+00DE
    { 9, 14, 182, 2, 14, 32, 2493 }, // U+00DF
    { 10, 14, 219, 2, 14, 35, 2525 }, // U+00E0
    { 10, 17, 219, 2, 17, 43, 2560 }, // U+00E1
    { 10, 14, 219, 2, 14, 35, 2603 }, // U+00E2
    { 10, 14, 219, 2, 14, 35, 2638 }, // U+00E3
    { 10, 14, 219, 2, 14, 35, 2673 }, // U+00E4
    { 10, 15, 219, 2, 15, 38, 2708 }, // U+00E5
    { 16, 10, 327, 2, 10, 40, 2746 }, // U+00E6
    { 8, 14, 199, 3, 10, 28, 2786 }, // U+00E7
    { 9, 16, 221, 3, 16, 36, 2814 }, // U+00E8
    { 9, 19, 221, 3, 19, 43, 2850 }, // U+00E9
    { 9, 17, 221, 3, 17, 39, 2893 }, // U+00EA
    { 9, 16, 221, 3, 16, 36, 2932 }, // U+00EB
    { 6, 14, 121, 0, 14, 21, 2968 }, // U+00EC
    { 4, 18, 121, 2, 18, 18, 2989 }, // U+00ED
    { 8, 15, 121, 0, 15, 30, 3007 }, // U+00EE
    { 9, 15, 121, -1, 15, 34, 3037 }, // U+00EF
    { 12, 14, 223, 1, 14, 42, 3071 }, // U+00F0
    { 8, 15, 217, 3, 15, 30, 3113 }, // U+00F1
    { 9, 16, 221, 3, 16, 36, 3143 }, // U+00F2
    { 9, 19, 221, 3, 19, 43, 3179 }, // U+00F3
    { 9, 16, 221, 3, 16, 36, 3222 }, // U+00F4
    { 9, 16, 221, 3, 16, 36, 3258 }, // U+00F5
    { 9, 16, 221, 3, 16, 36, 3294 }, // U+00F6
    { 11, 11, 204, 1, 11, 31, 3330 }, // U+00F7
    { 10, 28, 221, 2, 19, 70, 3361 }, // U+00F8
    { 8, 15, 213, 3, 15, 30, 3431 }, // U+00F9
    { 8, 18, 213, 3, 18, 36, 3461 }, // U+00FA
    { 8, 15, 213, 3, 15, 30, 3497 }, // U+00FB
    { 8, 15, 213, 3, 15, 30, 3527 }, // U+00FC
    { 10, 24, 224, 2, 20, 60, 3557 }, // U+00FD
    { 6, 17, 149, 1, 14, 26, 3617 }, // U+00FE
    { 10, 21, 224, 2, 17, 53, 3643 }, // U+00FF
    { 13, 19, 303, 3, 19, 62, 0 }, // U+0100
    { 10, 13, 219, 2, 13, 33, 62 }, // U+0101
    { 15, 22, 303, 2, 22, 83, 95 }, // U+0102
    { 10, 16, 219, 2, 16, 40, 178 }, // U+0103
    { 13, 19, 303, 3, 15, 62, 218 }, // U+0104
    { 10, 14, 219, 2, 11, 35, 280 }, // U+0105
    { 12, 24, 268, 2, 23, 72, 315 }, // U+0106
    { 8, 16, 199, 3, 16, 32, 387 }, // U+0107
    { 12, 22, 268, 2, 21, 66, 419 }, // U+0108
    { 8, 15, 199, 3, 15, 30, 485 }, // U+0109
    { 12, 23, 268, 2, 22, 69, 515 }, // U+010A
    { 8, 15, 199, 3, 15, 30, 584 }, // U+010B
    { 12, 23, 268, 2, 23, 69, 614 }, // U+010C
    { 8, 16, 199, 3, 16, 32, 683 }, // U+010D
    { 13, 21, 290, 3, 21, 69, 715 }, // U+010E
    { 12, 15, 225, 3, 15, 45, 784 }, // U+010F
    { 15, 15, 290, 1, 15, 57, 829 }, // U+0110
    { 11, 15, 225, 3, 15, 42, 886 }, // U+0111
    { 9, 19, 247, 3, 19, 43, 928 }, // U+0112
    { 9, 15, 221, 3, 15, 34, 971 }, // U+0113
    { 10, 21, 247, 3, 21, 53, 1005 }, // U+0114
    { 9, 18, 221, 3, 18, 41, 1058 }, // U+0115
    { 9, 20, 247, 3, 20, 45, 1099 }, // U+0116
    { 9, 17, 221, 3, 17, 39, 1144 }, // U+0117
    { 9, 19, 247, 3, 15, 43, 1183 }, // U+0118
    { 9, 14, 221, 3, 10, 32, 1226 }, // U+0119
    { 9, 21, 247, 3, 21, 48, 1258 }, // U+011A
    { 9, 18, 221, 3, 18, 41, 1306 }, // U+011B
    { 13, 20, 306, 3, 20, 65, 1347 }, // U+011C
    { 8, 19, 215, 3, 15, 38, 1412 }, // U+011D
    { 13, 21, 306, 3, 21, 69, 1450 }, // U+011E
    { 8, 21, 215, 3, 17, 42, 1519 }, // U+011F
    { 13, 21, 306, 3, 21, 69, 1561 }, // U+0120
    { 8, 19, 215, 3, 15, 38, 1630 }, // U+0121
    { 13, 23, 306, 3, 15, 75, 1668 }, // U+0122
    { 8, 21, 215, 3, 17, 42, 1743 }, // U+0123
    { 11, 20, 286, 3, 20, 55, 1785 }, // U+0124
    { 10, 19, 219, 1, 19, 48, 1840 }, // U+0125
    { 14, 15, 286, 1, 15, 53, 1888 }, // U+0126
    { 11, 15, 219, 0, 15, 42, 1941 }, // U+0127
    { 6, 22, 122, 1, 22, 33, 1983 }, // U+0128
    { 6, 15, 121, 1, 15, 23, 2016 }, // U+0129
    { 8, 20, 122, 0, 20, 40, 2039 }, // U+012A
    { 9, 14, 121, -1, 14, 32, 2079 }, // U+012B
    { 4, 19, 160, 4, 15, 19, 2111 }, // U+012E
    { 4, 19, 121, 2, 15, 19, 2130 }, // U+012F
    { 4, 22, 122, 2, 22, 22, 2149 }, // U+0130
    { 4, 10, 121, 2, 10, 10, 2171 }, // U+0131
    { 10, 19, 244, 2, 15, 48, 2181 }, // U+0132
    { 13, 20, 121, 2, 15, 65, 2229 }, // U+0133
    { 7, 23, 201, 3, 19, 41, 2294 }, // U+0134
    { 9, 19, 172, 3, 15, 43, 2335 }, // U+0135
    { 12, 21, 273, 3, 15, 63, 2378 }, // U+0136
    { 9, 22, 218, 3, 14, 50, 2441 }, // U+0137
    { 8, 9, 171, 2, 9, 18, 2491 }, // U+0138
    { 9, 21, 242, 3, 21, 48, 2509 }, // U+0139
    { 4, 21, 144, 2, 21, 21, 2557 }, // U+013A
    { 9, 23, 242, 3, 15, 52, 2578 }, // U+013B
    { 5, 21, 144, 1, 14, 27, 2630 }, // U+013C
    { 9, 15, 242, 3, 15, 34, 2657 }, // U+013D
    { 6, 15, 144, 2, 15, 23, 2691 }, // U+013E
    { 9, 15, 242, 3, 15, 34, 2714 }, // U+013F
    { 7, 14, 144, 2, 14, 25, 2748 }, // U+0140
    { 17, 24, 242, -4, 19, 102, 2773 }, // U+0141
    { 11, 14, 144, -3, 14, 39, 2875 }, // U+0142
    { 12, 21, 287, 3, 21, 63, 2914 }, // U+0143
    { 9, 17, 217, 2, 17, 39, 2977 }, // U+0144
    { 12, 21, 287, 3, 15, 63, 3016 }, // U+0145
    { 9, 16, 217, 2, 10, 36, 3079 }, // U+0146
    { 12, 21, 287, 3, 21, 63, 3115 }, // U+0147
    { 9, 17, 217, 2, 17, 39, 3178 }, // U+0148
    { 9, 18, 178, 1, 18, 41, 3217 }, // U+0149
    { 12, 18, 287, 3, 15, 54, 3258 }, // U+014A
    { 9, 13, 217, 2, 10, 30, 3312 }, // U+014B
    { 13, 19, 305, 3, 19, 62, 3342 }, // U+014C
    { 9, 15, 221, 3, 15, 34, 3404 }, // U+014D
    { 13, 21, 305, 3, 21, 69, 3438 }, // U+014E
    { 9, 18, 221, 3, 18, 41, 3507 }, // U+014F
    { 13, 20, 305, 3, 20, 65, 3548 }, // U+0150
    { 12, 17, 221, 2, 17, 51, 3613 }, // U+0151
    { 19, 15, 321, 3, 15, 72, 3664 }, // U+0152
    { 16, 10, 285, 3, 10, 40, 3736 }, // U+0153
    { 10, 21, 260, 4, 21, 53, 3776 }, // U+0154
    { 6, 15, 176, 2, 15, 23, 3829 }, // U+0155
    { 10, 23, 260, 4, 15, 58, 3852 }, // U+0156
    { 7, 19, 176, 1, 10, 34, 3910 }, // U+0157
    { 10, 21, 260, 4, 21, 53, 3944 }, // U+0158
    { 7, 15, 176, 1, 15, 27, 3997 }, // U+0159
    { 13, 23, 300, 3, 22, 75, 4024 }, // U+015A
    { 8, 17, 206, 2, 17, 34, 4099 }, // U+015B
    { 13, 22, 300, 3, 21, 72, 4133 }, // U+015C
    { 8, 15, 206, 2, 15, 30, 4205 }, // U+015D
    { 13, 19, 300, 3, 15, 62, 4235 }, // U+015E
    { 8, 14, 206, 2, 10, 28, 4297 }, // U+015F
    { 13, 23, 300, 3, 22, 75, 4325 }, // U+0160
    { 8, 16, 206, 2, 16, 32, 4400 }, // U+0161
    { 12, 19, 287, 3, 15, 57, 4432 }, // U+0162
    { 7, 17, 190, 2, 14, 30, 4489 }, // U+0163
    { 12, 21, 287, 3, 21, 63, 4519 }, // U+0164
    { 8, 15, 190, 2, 15, 30, 4582 }, // U+0165
    { 12, 15, 287, 3, 15, 45, 4612 }, // U+0166
    { 8, 14, 190, 2, 14, 28, 4657 }, // U+0167
    { 11, 22, 281, 3, 21, 61, 4685 }, // U+0168
    { 8, 15, 213, 2, 15, 30, 4746 }, // U+0169
    { 11, 20, 281, 3, 19, 55, 4776 }, // U+016A
    { 9, 14, 213, 2, 14, 32, 4831 }, // U+016B
    { 11, 23, 281, 3, 22, 64, 4863 }, // U+016C
    { 9, 16, 213, 2, 16, 36, 4927 }, // U+016D
    { 11, 24, 281, 3, 23, 66, 4963 }, // U+016E
    { 8, 17, 213, 3, 17, 34, 5029 }, // U+016F
    { 13, 22, 281, 3, 21, 72, 5063 }, // U+0170
    { 13, 15, 213, 1, 15, 49, 5135 }, // U+0171
    { 11, 19, 281, 3, 15, 53, 5184 }, // U+0172
    { 8, 14, 213, 2, 10, 28, 5237 }, // U+0173
    { 18, 20, 380, 3, 20, 90, 5265 }, // U+0174
    { 13, 16, 277, 2, 16, 52, 5355 }, // U+0175
    { 12, 21, 283, 3, 21, 63, 5407 }, // U+0176
    { 10, 21, 224, 2, 17, 53, 5470 }, // U+0177
    { 12, 20, 283, 3, 20, 60, 5523 }, // U+0178
    { 13, 21, 301, 3, 21, 69, 5583 }, // U+0179
    { 10, 16, 218, 2, 16, 40, 5652 }, // U+017A
    { 13, 20, 301, 3, 20, 65, 5692 }, // U+017B
    { 10, 15, 218, 2, 15, 38, 5757 }, // U+017C
    { 13, 21, 301, 3, 21, 69, 5795 }, // U+017D
    { 10, 16, 218, 2, 16, 40, 5864 }, // U+017E
    { 5, 14, 139, 3, 14, 18, 5904 }, // U+017F
    { 14, 16, 305, 3, 16, 56, 0 }, // U+01A0
    { 10, 11, 221, 3, 11, 28, 56 }, // U+01A1
    { 12, 19, 281, 3, 18, 57, 84 }, // U+01AF
    { 10, 11, 213, 3, 11, 28, 141 }, // U+01B0
    { 31, 21, 592, 3, 21, 163, 169 }, // U+01C4
    { 27, 16, 508, 3, 16, 108, 332 }, // U+01C5
    { 18, 16, 359, 3, 16, 72, 440 }, // U+01C6
    { 14, 21, 409, 5, 15, 74, 512 }, // U+01C7
    { 14, 19, 283, 2, 15, 67, 586 }, // U+01C8
    { 13, 19, 258, 2, 14, 62, 653 }, // U+01C9
    { 17, 19, 390, 3, 15, 81, 715 }, // U+01CA
    { 19, 22, 381, 3, 15, 105, 796 }, // U+01CB
    { 14, 20, 270, 1, 13, 70, 901 }, // U+01CC
    { 13, 22, 303, 3, 22, 72, 971 }, // U+01CD
    { 10, 15, 219, 2, 15, 38, 1043 }, // U+01CE
    { 7, 22, 122, 0, 22, 39, 1081 }, // U+01CF
    { 8, 16, 121, 0, 16, 32, 1120 }, // U+01D0
    { 13, 21, 305, 3, 21, 69, 1152 }, // U+01D1
    { 9, 18, 221, 3, 18, 41, 1221 }, // U+01D2
    { 11, 23, 281, 3, 22, 64, 1262 }, // U+01D3
    { 8, 17, 213, 3, 17, 34, 1326 }, // U+01D4
    { 11, 25, 281, 3, 24, 69, 1360 }, // U+01D5
    { 8, 19, 213, 3, 19, 38, 1429 }, // U+01D6
    { 11, 28, 281, 3, 27, 77, 1467 }, // U+01D7
    { 8, 22, 213, 3, 22, 44, 1544 }, // U+01D8
    { 11, 27, 281, 3, 26, 75, 1588 }, // U+01D9
    { 9, 21, 213, 2, 21, 48, 1663 }, // U+01DA
    { 11, 26, 281, 3, 25, 72, 1711 }, // U+01DB
    { 9, 19, 213, 2, 19, 43, 1783 }, // U+01DC
    { 9, 10, 221, 3, 10, 23, 1826 }, // U+01DD
    { 13, 23, 303, 3, 23, 75, 1849 }, // U+01DE
    { 10, 17, 219, 2, 17, 43, 1924 }, // U+01DF
    { 13, 26, 303, 3, 26, 85, 1967 }, // U+01E0
    { 10, 20, 219, 2, 20, 50, 2052 }, // U+01E1
    { 16, 15, 327, 2, 15, 60, 2102 }, // U+01E3
    { 16, 15, 306, 1, 15, 60, 2162 }, // U+01E4
    { 11, 14, 215, 3, 10, 39, 2222 }, // U+01E5
    { 13, 22, 306, 3, 22, 72, 2261 }, // U+01E6
    { 8, 21, 215, 3, 17, 42, 2333 }, // U+01E7
    { 12, 20, 273, 3, 20, 60, 2375 }, // U+01E8
    { 12, 20, 218, 0, 20, 60, 2435 }, // U+01E9
    { 13, 19, 305, 3, 15, 62, 2495 }, // U+01EA
    { 9, 14, 221, 3, 10, 32, 2557 }, // U+01EB
    { 13, 23, 305, 3, 19, 75, 2589 }, // U+01EC
    { 9, 19, 221, 3, 15, 43, 2664 }, // U+01ED
    { 10, 21, 194, 1, 17, 53, 2707 }, // U+01EE
    { 10, 21, 194, 1, 17, 53, 2760 }, // U+01EF
    { 31, 15, 592, 3, 15, 117, 2813 }, // U+01F1
    { 27, 15, 508, 3, 15, 102, 2930 }, // U+01F2
    { 18, 15, 336, 2, 15, 68, 3032 }, // U+01F3
    { 13, 22, 306, 3, 22, 72, 3100 }, // U+01F4
    { 8, 21, 215, 3, 17, 42, 3172 }, // U+01F5
    { 12, 19, 287, 3, 19, 57, 3214 }, // U+01F8
    { 9, 15, 217, 2, 15, 34, 3271 }, // U+01F9
    { 14, 27, 303, 3, 27, 95, 3305 }, // U+01FA
    { 10, 21, 219, 2, 21, 53, 3400 }, // U+01FB
    { 22, 31, 313, -2, 23, 171, 3453 }, // U+01FE
    { 10, 28, 221, 2, 19, 70, 3624 }, // U+01FF
    { 13, 23, 300, 3, 15, 75, 3694 }, // U+0218
    { 8, 18, 206, 2, 10, 36, 3769 }, // U+0219
    { 12, 22, 287, 3, 15, 66, 3805 }, // U+021A
    { 7, 21, 190, 2, 14, 37, 3871 }, // U+021B
    { 10, 20, 219, 1, 20, 50, 3908 }, // U+021F
    { 6, 3, 0, 0, 13, 5, 0 }, // U+0300
    { 3, 4, 0, 1, 14, 3, 5 }, // U+0301
    { 7, 4, 0, 1, 1, 7, 8 }, // U+0302
    { 6, 4, 0, 1, 14, 6, 15 }, // U+0303
    { 8, 2, 0, 1, 12, 4, 21 }, // U+0304
    { 11, 2, 0, 1, 16, 6, 25 }, // U+0305
    { 7, 4, 0, 1, 13, 7, 31 }, // U+0306
    { 4, 3, 0, 0, 14, 3, 38 }, // U+0307
    { 9, 3, 0, 0, 14, 7, 41 }, // U+0308
    { 4, 5, 0, 0, 13, 5, 48 }, // U+0309
    { 4, 4, 0, 1, 14, 4, 53 }, // U+030A
    { 13, 3, 0, 0, 13, 10, 57 }, // U+030B
    { 7, 4, 0, 1, 14, 7, 67 }, // U+030C
    { 13, 3, 0, -4, 14, 10, 74 }, // U+030F
    { 4, 5, 0, 1, 13, 5, 84 }, // U+0312
    { 5, 5, 0, 0, 13, 7, 89 }, // U+0313
    { 4, 5, 0, 1, 13, 5, 96 }, // U+0314
    { 3, 4, 0, 1, 0, 3, 101 }, // U+0318
    { 3, 4, 0, 1, 0, 3, 104 }, // U+0319
    { 7, 4, 0, 1, 14, 7, 107 }, // U+031A
    { 3, 4, 0, 0, 11, 3, 114 }, // U+031B
    { 2, 4, 0, 1, -1, 2, 117 }, // U+031C
    { 3, 4, 0, 1, 2, 3, 119 }, // U+031D
    { 3, 4, 0, 1, 0, 3, 122 }, // U+031E
    { 5, 3, 0, 1, -2, 4, 125 }, // U+031F
    { 8, 2, 0, 1, -2, 4, 129 }, // U+0320
    { 4, 3, 0, 0, 1, 3, 133 }, // U+0323
    { 9, 3, 0, 0, 0, 7, 136 }, // U+0324
    { 4, 4, 0, 1, 14, 4, 143 }, // U+0325
    { 5, 5, 0, 0, 2, 7, 147 }, // U+0326
    { 4, 5, 0, 1, 1, 5, 154 }, // U+0327
    { 4, 5, 0, 1, 0, 5, 159 }, // U+0328
    { 2, 5, 0, 1, -1, 3, 164 }, // U+0329
    { 5, 4, 0, 1, 0, 5, 167 }, // U+032A
    { 7, 4, 0, 1, 0, 7, 172 }, // U+032C
    { 7, 4, 0, 1, 0, 7, 179 }, // U+032D
    { 6, 4, 0, 1, 14, 6, 186 }, // U+0330
    { 7, 2, 0, 1, 13, 4, 192 }, // U+0331
    { 7, 2, 0, 1, -1, 4, 196 }, // U+0332
    { 6, 4, 0, 1, 14, 6, 200 }, // U+0334
    { 7, 2, 0, 1, 6, 4, 206 }, // U+0335
    { 2, 4, 0, 1, -1, 2, 210 }, // U+0339
    { 5, 4, 0, 1, 0, 5, 212 }, // U+033A
    { 5, 4, 0, 1, 0, 5, 217 }, // U+033B
    { 6, 5, 0, 0, 1, 8, 222 }, // U+033C
    { 5, 3, 0, 1, 12, 4, 230 }, // U+033D
    { 6, 4, 0, 1, 14, 6, 234 }, // U+0342
    { 2, 4, 0, 1, 15, 2, 240 }, // U+0343
    { 9, 8, 0, 0, 19, 18, 242 }, // U+0344
    { 5, 4, 0, 1, 14, 5, 260 }, // U+0346
    { 8, 6, 0, 1, 0, 12, 265 }, // U+0347
    { 6, 5, 0, 1, 1, 8, 277 }, // U+0348
    { 5, 4, 0, 1, -1, 5, 285 }, // U+0349
    { 6, 11, 0, 1, 17, 17, 290 }, // U+034A
    { 14, 8, 0, 0, 16, 28, 307 }, // U+034B
    { 10, 8, 0, 2, 9, 20, 335 }, // U+034C
    { 9, 4, 0, 1, -1, 9, 355 }, // U+034D
    { 3, 3, 0, 1, 3, 3, 364 }, // U+034E
    { 14, 4, 0, 1, 1, 14, 367 }, // U+035C
    { 14, 5, 0, 1, 15, 18, 381 }, // U+0361
    { 16, 5, 0, 1, -1, 20, 399 }, // U+0362
    { 8, 18, 168, 1, 18, 36, 0 }, // U+0400
    { 8, 17, 168, 1, 17, 34, 36 }, // U+0401
    { 14, 14, 272, 1, 14, 49, 70 }, // U+0402
    { 8, 21, 175, 1, 21, 42, 119 }, // U+0403
    { 11, 13, 246, 2, 13, 36, 161 }, // U+0404
    { 13, 17, 300, 3, 16, 56, 197 }, // U+0405
    { 4, 15, 122, 2, 15, 15, 253 }, // U+0406
    { 8, 21, 122, -1, 21, 42, 268 }, // U+0407
    { 6, 19, 201, 3, 15, 29, 310 }, // U+0408
    { 17, 13, 310, 1, 13, 56, 339 }, // U+0409
    { 15, 13, 298, 2, 13, 49, 395 }, // U+040A
    { 13, 15, 287, 3, 15, 49, 444 }, // U+040B
    { 12, 21, 273, 3, 21, 63, 493 }, // U+040C
    { 12, 20, 287, 4, 20, 60, 556 }, // U+040D
    { 10, 21, 185, 1, 20, 53, 616 }, // U+040E
    { 9, 17, 189, 1, 13, 39, 669 }, // U+040F
    { 13, 15, 303, 3, 15, 49, 708 }, // U+0410
    { 8, 13, 175, 2, 13, 26, 757 }, // U+0411
    { 9, 13, 183, 1, 13, 30, 783 }, // U+0412
    { 8, 13, 175, 1, 13, 26, 813 }, // U+0413
    { 12, 16, 223, 1, 13, 48, 839 }, // U+0414
    { 8, 13, 168, 1, 13, 26, 887 }, // U+0415
    { 18, 15, 380, 3, 15, 68, 913 }, // U+0416
    { 8, 13, 171, 1, 13, 26, 981 }, // U+0417
    { 12, 15, 287, 4, 15, 45, 1007 }, // U+0418
    { 11, 21, 287, 4, 21, 58, 1052 }, // U+0419
    { 12, 15, 273, 3, 15, 45, 1110 }, // U+041A
    { 10, 14, 199, 1, 13, 35, 1155 }, // U+041B
    { 11, 13, 226, 1, 13, 36, 1190 }, // U+041C
    { 11, 15, 286, 3, 15, 42, 1226 }, // U+041D
    { 13, 15, 305, 3, 15, 49, 1268 }, // U+041E
    { 9, 13, 181, 1, 13, 30, 1317 }, // U+041F
    { 9, 15, 245, 3, 15, 34, 1347 }, // U+0420
    { 12, 16, 268, 2, 16, 48, 1381 }, // U+0421
    { 12, 15, 287, 3, 15, 45, 1429 }, // U+0422
    { 10, 15, 185, 1, 14, 38, 1474 }, // U+0423
    { 12, 13, 233, 1, 13, 39, 1512 }, // U+0424
    { 13, 15, 303, 3, 15, 49, 1551 }, // U+0425
    { 10, 16, 192, 1, 13, 40, 1600 }, // U+0426
    { 8, 13, 177, 1, 13, 26, 1640 }, // U+0427
    { 11, 13, 216, 1, 13, 36, 1666 }, // U+0428
    { 13, 16, 241, 1, 13, 52, 1702 }, // U+0429
    { 11, 13, 177, -1, 13, 36, 1754 }, // U+042A
    { 15, 13, 300, 2, 13, 49, 1790 }, // U+042B
    { 8, 13, 177, 2, 13, 26, 1839 }, // U+042C
    { 11, 13, 246, 2, 13, 36, 1865 }, // U+042D
    { 13, 13, 267, 2, 13, 43, 1901 }, // U+042E
    { 10, 15, 260, 2, 15, 38, 1944 }, // U+042F
    { 10, 11, 219, 2, 11, 28, 1982 }, // U+0430
    { 10, 15, 187, 0, 15, 38, 2010 }, // U+0431
    { 8, 11, 196, 2, 11, 22, 2048 }, // U+0432
    { 7, 10, 159, 1, 10, 18, 2070 }, // U+0433
    { 11, 12, 204, 1, 10, 33, 2088 }, // U+0434
    { 9, 10, 221, 3, 10, 23, 2121 }, // U+0435
    { 15, 12, 319, 2, 12, 45, 2144 }, // U+0436
    { 7, 9, 119, 0, 9, 16, 2189 }, // U+0437
    { 9, 10, 179, 1, 10, 23, 2205 }, // U+0438
    { 9, 14, 179, 1, 14, 32, 2228 }, // U+0439
    { 9, 10, 211, 2, 10, 23, 2260 }, // U+043A
    { 7, 10, 136, 1, 9, 18, 2283 }, // U+043B
    { 11, 11, 248, 3, 11, 31, 2301 }, // U+043C
    { 9, 11, 243, 3, 11, 25, 2332 }, // U+043D
    { 9, 10, 177, 1, 10, 23, 2357 }, // U+043E
    { 8, 10, 177, 1, 10, 20, 2380 }, // U+043F
    { 10, 14, 218, 1, 10, 35, 2400 }, // U+0440
    { 8, 10, 199, 3, 10, 20, 2435 }, // U+0441
    { 10, 10, 182, 1, 10, 25, 2455 }, // U+0442
    { 10, 14, 224, 2, 10, 35, 2480 }, // U+0443
    { 12, 14, 233, 1, 10, 42, 2515 }, // U+0444
    { 10, 10, 189, 1, 10, 25, 2557 }, // U+0445
    { 9, 13, 190, 1, 10, 30, 2582 }, // U+0446
    { 6, 9, 121, 1, 9, 14, 2612 }, // U+0447
    { 11, 10, 216, 1, 10, 28, 2626 }, // U+0448
    { 13, 14, 238, 1, 10, 46, 2654 }, // U+0449
    { 11, 10, 200, 1, 10, 28, 2700 }, // U+044A
    { 11, 10, 218, 2, 10, 28, 2728 }, // U+044B
    { 8, 10, 162, 1, 10, 20, 2756 }, // U+044C
    { 8, 10, 172, 1, 10, 20, 2776 }, // U+044D
    { 10, 10, 214, 2, 10, 25, 2796 }, // U+044E
    { 8, 10, 166, 1, 10, 20, 2821 }, // U+044F
    { 9, 17, 221, 3, 17, 39, 2841 }, // U+0450
    { 9, 13, 177, 1, 13, 30, 2880 }, // U+0451
    { 12, 18, 219, 0, 15, 54, 2910 }, // U+0452
    { 7, 15, 159, 1, 15, 27, 2964 }, // U+0453
    { 8, 9, 171, 2, 9, 18, 2991 }, // U+0454
    { 8, 10, 206, 2, 10, 20, 3009 }, // U+0455
    { 4, 15, 121, 2, 15, 15, 3029 }, // U+0456
    { 9, 15, 121, -1, 15, 34, 3044 }, // U+0457
    { 7, 19, 172, 3, 15, 34, 3078 }, // U+0458
    { 12, 10, 213, 1, 9, 30, 3112 }, // U+0459
    { 11, 9, 206, 1, 9, 25, 3142 }, // U+045A
    { 11, 15, 219, 0, 15, 42, 3167 }, // U+045B
    { 9, 16, 211, 2, 16, 36, 3209 }, // U+045C
    { 9, 15, 179, 1, 15, 34, 3245 }, // U+045D
    { 10, 22, 224, 2, 18, 55, 3279 }, // U+045E
    { 7, 12, 138, 1, 9, 21, 3334 }, // U+045F
    { 10, 14, 222, 2, 13, 35, 3355 }, // U+0462
    { 10, 14, 193, 1, 13, 35, 3390 }, // U+0463
    { 14, 12, 270, 2, 12, 42, 3425 }, // U+046A
    { 10, 9, 189, 1, 9, 23, 3467 }, // U+046B
    { 12, 16, 284, 2, 16, 48, 3490 }, // U+0472
    { 9, 12, 221, 2, 12, 27, 3538 }, // U+0473
    { 17, 20, 309, 3, 20, 85, 3565 }, // U+0474
    { 11, 13, 216, 2, 13, 36, 3650 }, // U+0475
    { 6, 5, 0, 1, 16, 8, 3686 }, // U+0486
    { 8, 15, 175, 1, 15, 30, 3694 }, // U+0490
    { 7, 12, 159, 1, 12, 21, 3724 }, // U+0491
    { 10, 13, 175, 1, 13, 33, 3745 }, // U+0492
    { 7, 9, 120, 1, 9, 16, 3778 }, // U+0493
    { 9, 14, 181, 1, 14, 32, 3794 }, // U+0494
    { 6, 9, 114, 1, 9, 14, 3826 }, // U+0495
    { 19, 18, 343, 2, 15, 86, 3840 }, // U+0496
    { 13, 12, 235, 1, 10, 39, 3926 }, // U+0497
    { 8, 15, 192, 2, 13, 30, 3965 }, // U+0498
    { 7, 13, 119, 1, 9, 23, 3995 }, // U+0499
    { 12, 17, 237, 2, 15, 51, 4018 }, // U+049A
    { 8, 11, 163, 1, 10, 22, 4069 }, // U+049B
    { 13, 13, 259, 2, 13, 43, 4091 }, // U+049C
    { 10, 9, 192, 1, 9, 23, 4134 }, // U+049D
    { 12, 15, 273, 3, 15, 45, 4157 }, // U+049E
    { 11, 14, 218, 1, 14, 39, 4202 }, // U+049F
    { 15, 15, 273, -1, 15, 57, 4241 }, // U+04A0
    { 11, 10, 186, -1, 10, 28, 4298 }, // U+04A1
    { 12, 17, 248, 2, 15, 51, 4326 }, // U+04A2
    { 8, 13, 172, 2, 11, 26, 4377 }, // U+04A3
    { 17, 15, 286, 3, 15, 64, 4403 }, // U+04A4
    { 12, 10, 197, 2, 10, 30, 4467 }, // U+04A5
    { 16, 14, 314, 2, 14, 56, 4497 }, // U+04A6
    { 15, 16, 283, 1, 12, 60, 4553 }, // U+04A7
    { 16, 16, 316, 2, 15, 64, 4613 }, // U+04A8
    { 13, 12, 249, 2, 11, 39, 4677 }, // U+04A9
    { 12, 19, 268, 2, 16, 57, 4716 }, // U+04AA
    { 8, 13, 199, 3, 10, 26, 4773 }, // U+04AB
    { 12, 17, 250, 2, 15, 51, 4799 }, // U+04AC
    { 9, 11, 172, 1, 10, 25, 4850 }, // U+04AD
    { 12, 15, 283, 3, 15, 45, 4875 }, // U+04AE
    { 10, 13, 177, 0, 9, 33, 4920 }, // U+04AF
    { 12, 15, 283, 3, 15, 45, 4953 }, // U+04B0
    { 9, 13, 177, 1, 9, 30, 4998 }, // U+04B1
    { 14, 17, 265, 2, 15, 60, 5028 }, // U+04B2
    { 10, 12, 182, 0, 10, 30, 5088 }, // U+04B3
    { 14, 15, 284, 2, 12, 53, 5118 }, // U+04B4
    { 11, 12, 204, 1, 9, 33, 5171 }, // U+04B5
    { 11, 16, 222, 1, 12, 44, 5204 }, // U+04B6
    { 8, 12, 159, 1, 9, 24, 5248 }, // U+04B7
    { 9, 13, 194, 1, 13, 30, 5272 }, // U+04B8
    { 6, 9, 133, 1, 9, 14, 5302 }, // U+04B9
    { 9, 14, 202, 2, 14, 32, 5316 }, // U+04BA
    { 9, 15, 219, 2, 15, 34, 5348 }, // U+04BB
    { 15, 13, 259, 1, 13, 49, 5382 }, // U+04BC
    { 11, 10, 186, 0, 10, 28, 5431 }, // U+04BD
    { 15, 15, 291, 2, 13, 57, 5459 }, // U+04BE
    { 11, 12, 210, 1, 10, 33, 5516 }, // U+04BF
    { 4, 15, 122, 2, 15, 15, 5549 }, // U+04C0
    { 19, 21, 380, 3, 21, 100, 5564 }, // U+04C1
    { 16, 19, 319, 2, 19, 76, 5664 }, // U+04C2
    { 9, 17, 209, 2, 13, 39, 5740 }, // U+04C3
    { 7, 12, 143, 1, 9, 21, 5779 }, // U+04C4
    { 12, 16, 199, 1, 13, 48, 5800 }, // U+04C5
    { 9, 11, 136, 1, 9, 25, 5848 }, // U+04C6
    { 12, 19, 286, 3, 15, 57, 5873 }, // U+04C7
    { 8, 14, 197, 2, 11, 28, 5930 }, // U+04C8
    { 13, 20, 286, 3, 15, 65, 5958 }, // U+04C9
    { 9, 15, 197, 2, 11, 34, 6023 }, // U+04CA
    { 9, 16, 180, 0, 13, 36, 6057 }, // U+04CB
    { 6, 11, 134, 1, 9, 17, 6093 }, // U+04CC
    { 15, 20, 331, 4, 15, 75, 6110 }, // U+04CD
    { 11, 14, 225, 2, 10, 39, 6185 }, // U+04CE
    { 2, 12, 76, 1, 12, 6, 6224 }, // U+04CF
    { 14, 21, 303, 2, 21, 74, 6230 }, // U+04D0
    { 10, 17, 219, 2, 17, 43, 6304 }, // U+04D1
    { 13, 20, 303, 3, 20, 65, 6347 }, // U+04D2
    { 10, 15, 219, 2, 15, 38, 6412 }, // U+04D3
    { 19, 15, 387, 3, 15, 72, 6450 }, // U+04D4
    { 16, 10, 327, 2, 10, 40, 6522 }, // U+04D5
    { 8, 19, 168, 1, 19, 38, 6562 }, // U+04D6
    { 9, 18, 221, 3, 18, 41, 6600 }, // U+04D7
    { 9, 10, 221, 3, 10, 23, 6641 }, // U+04D8
    { 9, 10, 221, 3, 10, 23, 6664 }, // U+04D9
    { 9, 18, 221, 3, 18, 41, 6687 }, // U+04DA
    { 9, 12, 221, 3, 10, 27, 6728 }, // U+04DB
    { 18, 20, 352, 3, 20, 90, 6755 }, // U+04DC
    { 15, 18, 319, 2, 18, 68, 6845 }, // U+04DD
    { 9, 18, 171, 0, 18, 41, 6913 }, // U+04DE
    { 9, 14, 119, 0, 14, 32, 6954 }, // U+04DF
    { 9, 12, 156, 1, 12, 27, 6986 }, // U+04E0
    { 9, 13, 156, 1, 9, 30, 7013 }, // U+04E1
    { 12, 18, 287, 4, 18, 54, 7043 }, // U+04E2
    { 9, 13, 179, 1, 13, 30, 7097 }, // U+04E3
    { 12, 20, 287, 4, 20, 60, 7127 }, // U+04E4
    { 9, 15, 179, 1, 15, 34, 7187 }, // U+04E5
    { 13, 20, 305, 3, 20, 65, 7221 }, // U+04E6
    { 9, 15, 177, 1, 15, 34, 7286 }, // U+04E7
    { 12, 14, 286, 3, 14, 42, 7320 }, // U+04E8
    { 9, 10, 221, 3, 10, 23, 7362 }, // U+04E9
    { 12, 20, 286, 3, 20, 60, 7385 }, // U+04EA
    { 9, 16, 221, 3, 16, 36, 7445 }, // U+04EB
    { 11, 19, 246, 2, 19, 53, 7481 }, // U+04EC
    { 8, 14, 172, 1, 14, 28, 7534 }, // U+04ED
    { 10, 18, 185, 1, 17, 45, 7562 }, // U+04EE
    { 10, 20, 224, 2, 16, 50, 7607 }, // U+04EF
    { 10, 20, 185, 1, 19, 50, 7657 }, // U+04F0
    { 10, 21, 224, 2, 17, 53, 7707 }, // U+04F1
    { 13, 20, 185, 0, 19, 65, 7760 }, // U+04F2
    { 13, 21, 224, 1, 17, 69, 7825 }, // U+04F3
    { 8, 18, 177, 1, 18, 36, 7894 }, // U+04F4
    { 9, 14, 121, -1, 14, 32, 7930 }, // U+04F5
    { 9, 15, 175, 1, 13, 34, 7962 }, // U+04F6
    { 6, 11, 121, 1, 9, 17, 7996 }, // U+04F7
    { 15, 19, 300, 2, 19, 72, 8013 }, // U+04F8
    { 11, 16, 218, 2, 16, 44, 8085 }, // U+04F9
    { 16, 17, 303, 3, 15, 68, 8129 }, // U+04FC
    { 11, 11, 209, 2, 10, 31, 8197 }, // U+04FD
    { 13, 21, 303, 3, 15, 69, 0 }, // U+1EA0
    { 10, 16, 219, 2, 11, 40, 69 }, // U+1EA1
    { 14, 23, 303, 3, 23, 81, 109 }, // U+1EA2
    { 10, 15, 219, 2, 15, 38, 190 }, // U+1EA3
    { 13, 25, 303, 3, 25, 82, 228 }, // U+1EA4
    { 11, 20, 219, 2, 20, 55, 310 }, // U+1EA5
    { 14, 22, 303, 2, 22, 77, 365 }, // U+1EA6
    { 12, 17, 219, 0, 17, 51, 442 }, // U+1EA7
    { 13, 25, 303, 3, 25, 82, 493 }, // U+1EA8
    { 10, 18, 219, 2, 18, 45, 575 }, // U+1EA9
    { 14, 24, 303, 3, 24, 84, 620 }, // U+1EAA
    { 10, 19, 219, 2, 19, 48, 704 }, // U+1EAB
    { 13, 26, 303, 3, 20, 85, 752 }, // U+1EAC
    { 10, 19, 219, 2, 14, 48, 837 }, // U+1EAD
    { 15, 28, 303, 2, 28, 105, 885 }, // U+1EAE
    { 10, 22, 219, 2, 22, 55, 990 }, // U+1EAF
    { 15, 26, 303, 2, 26, 98, 1045 }, // U+1EB0
    { 10, 21, 219, 2, 21, 53, 1143 }, // U+1EB1
    { 15, 28, 303, 2, 28, 105, 1196 }, // U+1EB2
    { 10, 24, 219, 2, 24, 60, 1301 }, // U+1EB3
    { 14, 27, 303, 2, 27, 95, 1361 }, // U+1EB4
    { 10, 21, 219, 2, 21, 53, 1456 }, // U+1EB5
    { 15, 28, 303, 2, 22, 105, 1509 }, // U+1EB6
    { 10, 21, 219, 2, 16, 53, 1614 }, // U+1EB7
    { 9, 19, 247, 3, 15, 43, 1667 }, // U+1EB8
    { 9, 15, 221, 3, 10, 34, 1710 }, // U+1EB9
    { 9, 22, 247, 3, 22, 50, 1744 }, // U+1EBA
    { 9, 18, 221, 3, 18, 41, 1794 }, // U+1EBB
    { 9, 21, 247, 3, 21, 48, 1835 }, // U+1EBC
    { 9, 17, 221, 3, 17, 39, 1883 }, // U+1EBD
    { 10, 24, 247, 3, 24, 60, 1922 }, // U+1EBE
    { 10, 18, 221, 3, 18, 45, 1982 }, // U+1EBF
    { 13, 21, 247, -1, 21, 69, 2027 }, // U+1EC0
    { 11, 18, 221, 1, 18, 50, 2096 }, // U+1EC1
    { 10, 24, 247, 3, 24, 60, 2146 }, // U+1EC2
    { 9, 21, 221, 3, 21, 48, 2206 }, // U+1EC3
    { 9, 24, 247, 3, 24, 54, 2254 }, // U+1EC4
    { 9, 21, 221, 3, 21, 48, 2308 }, // U+1EC5
    { 9, 24, 247, 3, 20, 54, 2356 }, // U+1EC6
    { 9, 22, 221, 3, 17, 50, 2410 }, // U+1EC7
    { 4, 22, 122, 2, 22, 22, 2460 }, // U+1EC8
    { 4, 17, 121, 2, 17, 17, 2482 }, // U+1EC9
    { 4, 19, 122, 2, 15, 19, 2499 }, // U+1ECA
    { 5, 19, 121, 1, 15, 24, 2518 }, // U+1ECB
    { 13, 20, 305, 3, 15, 65, 2542 }, // U+1ECC
    { 9, 16, 221, 3, 10, 36, 2607 }, // U+1ECD
    { 13, 22, 305, 3, 22, 72, 2643 }, // U+1ECE
    { 9, 19, 221, 3, 19, 43, 2715 }, // U+1ECF
    { 16, 20, 305, 3, 20, 80, 2758 }, // U+1ED0
    { 11, 17, 221, 3, 17, 47, 2838 }, // U+1ED1
    { 15, 21, 305, 1, 21, 79, 2885 }, // U+1ED2
    { 12, 18, 221, 0, 18, 54, 2964 }, // U+1ED3
    { 13, 23, 305, 3, 23, 75, 3018 }, // U+1ED4
    { 9, 20, 221, 3, 20, 45, 3093 }, // U+1ED5
    { 13, 23, 305, 3, 23, 75, 3138 }, // U+1ED6
    { 9, 21, 221, 3, 21, 48, 3213 }, // U+1ED7
    { 13, 25, 305, 3, 20, 82, 3261 }, // U+1ED8
    { 9, 21, 221, 3, 16, 48, 3343 }, // U+1ED9
    { 14, 22, 305, 3, 22, 77, 3391 }, // U+1EDA
    { 10, 18, 221, 3, 18, 45, 3468 }, // U+1EDB
    { 14, 21, 305, 3, 21, 74, 3513 }, // U+1EDC
    { 10, 16, 221, 3, 16, 40, 3587 }, // U+1EDD
    { 14, 22, 305, 3, 22, 77, 3627 }, // U+1EDE
    { 10, 19, 221, 3, 19, 48, 3704 }, // U+1EDF
    { 14, 21, 305, 3, 21, 74, 3752 }, // U+1EE0
    { 10, 17, 221, 3, 17, 43, 3826 }, // U+1EE1
    { 14, 21, 305, 3, 16, 74, 3869 }, // U+1EE2
    { 10, 17, 221, 3, 11, 43, 3943 }, // U+1EE3
    { 11, 20, 281, 3, 15, 55, 3986 }, // U+1EE4
    { 8, 14, 213, 3, 10, 28, 4041 }, // U+1EE5
    { 11, 23, 281, 3, 22, 64, 4069 }, // U+1EE6
    { 8, 16, 213, 3, 16, 32, 4133 }, // U+1EE7
    { 12, 23, 281, 3, 22, 69, 4165 }, // U+1EE8
    { 10, 17, 213, 3, 17, 43, 4234 }, // U+1EE9
    { 12, 22, 281, 3, 21, 66, 4277 }, // U+1EEA
    { 10, 15, 213, 3, 15, 38, 4343 }, // U+1EEB
    { 12, 23, 281, 3, 22, 69, 4381 }, // U+1EEC
    { 10, 16, 213, 3, 16, 40, 4450 }, // U+1EED
    { 12, 22, 281, 3, 21, 66, 4490 }, // U+1EEE
    { 10, 15, 213, 2, 15, 38, 4556 }, // U+1EEF
    { 12, 23, 281, 3, 18, 69, 4594 }, // U+1EF0
    { 10, 15, 213, 3, 11, 38, 4663 }, // U+1EF1
    { 12, 20, 283, 3, 20, 60, 4701 }, // U+1EF2
    { 10, 20, 224, 2, 16, 50, 4761 }, // U+1EF3
    { 12, 23, 283, 3, 15, 69, 4811 }, // U+1EF4
    { 12, 15, 224, 2, 10, 45, 4880 }, // U+1EF5
    { 12, 22, 283, 3, 22, 66, 4925 }, // U+1EF6
    { 10, 23, 224, 2, 19, 58, 4991 }, // U+1EF7
    { 12, 21, 283, 3, 21, 63, 5049 }, // U+1EF8
    { 10, 22, 224, 2, 18, 55, 5112 }, // U+1EF9
    { 0, 0, 219, 0, 0, 0, 0 }, // U+2000
    { 0, 0, 352, 0, 0, 0, 0 }, // U+2001
    { 0, 0, 219, 0, 0, 0, 0 }, // U+2002
    { 0, 0, 352, 0, 0, 0, 0 }, // U+2003
    { 0, 0, 174, 0, 0, 0, 0 }, // U+2004
    { 0, 0, 152, 0, 0, 0, 0 }, // U+2005
    { 0, 0, 130, 0, 0, 0, 0 }, // U+2006
    { 0, 0, 177, 0, 0, 0, 0 }, // U+2007
    { 0, 0, 70, 0, 0, 0, 0 }, // U+2008
    { 0, 0, 139, 0, 0, 0, 0 }, // U+2009
    { 0, 0, 124, 0, 0, 0, 0 }, // U+200A
    { 0, 0, 85, 0, 0, 0, 0 }, // U+200B
    { 0, 0, 0, 0, 0, 0, 0 }, // U+200C
    { 0, 0, 0, 0, 0, 0, 0 }, // U+200D
    { 0, 0, 0, 0, 0, 0, 0 }, // U+200E
    { 0, 0, 0, 0, 0, 0, 0 }, // U+200F
    { 7, 2, 147, 1, 6, 4, 0 }, // U+2010
    { 7, 2, 147, 1, 6, 4, 4 }, // U+2011
    { 11, 2, 200, 1, 6, 6, 8 }, // U+2012
    { 11, 2, 212, 1, 6, 6, 14 }, // U+2013
    { 17, 2, 301, 1, 6, 9, 20 }, // U+2014
    { 17, 2, 301, 1, 6, 9, 29 }, // U+2015
    { 6, 15, 145, 2, 12, 23, 38 }, // U+2016
    { 12, 6, 209, 1, -1, 18, 61 }, // U+2017
    { 4, 5, 88, 1, 15, 5, 79 }, // U+2018
    { 5, 5, 88, 0, 15, 7, 84 }, // U+2019
    { 5, 5, 86, 0, 2, 7, 91 }, // U+201A
    { 4, 5, 88, 1, 15, 5, 98 }, // U+201B
    { 8, 5, 151, 1, 15, 10, 103 }, // U+201C
    { 9, 5, 151, 0, 15, 12, 113 }, // U+201D
    { 5, 5, 86, 0, 2, 7, 125 }, // U+201E
    { 8, 5, 151, 1, 15, 10, 132 }, // U+201F
    { 10, 23, 155, 0, 18, 58, 142 }, // U+2020
    { 10, 23, 160, 0, 18, 58, 200 }, // U+2021
    { 11, 10, 136, -1, 12, 28, 258 }, // U+2022
    { 4, 6, 105, 1, 8, 6, 286 }, // U+2023
    { 4, 3, 70, 0, 3, 3, 292 }, // U+2024
    { 4, 3, 70, 0, 3, 3, 295 }, // U+2025
    { 15, 3, 252, 0, 3, 12, 298 }, // U+2026
    { 2, 2, 68, 1, 6, 1, 310 }, // U+2027
    { 0, 0, 337, 0, 0, 0, 311 }, // U+202F
    { 10, 15, 294, 4, 13, 38, 311 }, // U+2030
    { 5, 5, 86, 0, 15, 7, 349 }, // U+2032
    { 9, 5, 149, 0, 15, 12, 356 }, // U+2033
    { 14, 6, 226, 0, 15, 21, 368 }, // U+2034
    { 5, 6, 90, 0, 15, 8, 389 }, // U+2035
    { 8, 6, 136, 0, 15, 12, 397 }, // U+2036
    { 14, 6, 226, 0, 15, 21, 409 }, // U+2037
    { 7, 3, 148, 1, 14, 6, 430 }, // U+2038
    { 5, 9, 111, 1, 9, 12, 436 }, // U+2039
    { 5, 9, 111, 1, 9, 12, 448 }, // U+203A
    { 18, 18, 355, 3, 16, 81, 460 }, // U+203B
    { 5, 18, 90, 0, 18, 23, 541 }, // U+203C
    { 10, 22, 200, 1, 21, 55, 564 }, // U+203D
    { 7, 2, 147, 1, 14, 4, 619 }, // U+203E
    { 7, 4, 148, 1, 12, 7, 623 }, // U+203F
    { 12, 12, 213, 1, 16, 36, 630 }, // U+2042
    { 10, 14, 294, 4, 13, 35, 666 }, // U+2044
    { 18, 19, 337, 1, 19, 86, 701 }, // U+2047
    { 13, 19, 264, 1, 19, 62, 787 }, // U+2048
    { 13, 20, 215, 0, 19, 65, 849 }, // U+2049
    { 10, 28, 198, 1, 19, 70, 914 }, // U+2052
    { 0, 0, 1286, 0, 0, 0, 984 }, // U+205F
    { 5, 6, 84, 1, 14, 8, 0 }, // U+2070
    { 5, 6, 86, 0, 14, 8, 8 }, // U+2074
    { 5, 6, 85, 0, 14, 8, 16 }, // U+2075
    { 4, 6, 86, 1, 14, 6, 24 }, // U+2076
    { 5, 6, 89, 0, 14, 8, 30 }, // U+2077
    { 6, 6, 89, 0, 14, 9, 38 }, // U+2078
    { 4, 6, 89, 1, 14, 6, 47 }, // U+2079
    { 9, 10, 217, 2, 10, 23, 53 }, // U+207F
    { 6, 9, 120, 0, 9, 14, 76 }, // U+2080
    { 4, 7, 81, 1, 4, 7, 90 }, // U+2081
    { 6, 7, 87, 0, 4, 11, 97 }, // U+2082
    { 5, 7, 86, 0, 4, 9, 108 }, // U+2083
    { 6, 7, 88, 0, 4, 11, 117 }, // U+2084
    { 5, 7, 81, 0, 4, 9, 128 }, // U+2085
    { 5, 7, 88, 0, 4, 9, 137 }, // U+2086
    { 5, 7, 87, 0, 4, 9, 146 }, // U+2087
    { 6, 7, 90, 0, 4, 11, 155 }, // U+2088
    { 5, 7, 89, 0, 4, 9, 166 }, // U+2089
    { 6, 23, 117, 1, 17, 35, 175 }, // U+208D
    { 5, 23, 117, 0, 17, 29, 210 }, // U+208E
    { 12, 23, 268, 2, 19, 69, 0 }, // U+20A1
    { 12, 17, 268, 3, 16, 51, 69 }, // U+20A2
    { 11, 17, 184, 0, 17, 47, 120 }, // U+20A4
    { 15, 15, 287, 2, 15, 57, 167 }, // U+20A6
    { 12, 15, 245, 1, 15, 45, 224 }, // U+20A7
    { 16, 15, 304, 3, 15, 60, 269 }, // U+20A8
    { 12, 15, 229, 1, 15, 45, 329 }, // U+20A9
    { 13, 15, 285, 3, 14, 49, 374 }, // U+20AA
    { 10, 14, 181, 1, 14, 35, 423 }, // U+20AB
    { 10, 16, 199, 1, 15, 40, 458 }, // U+20AC
    { 12, 15, 287, 3, 15, 45, 498 }, // U+20AE
    { 15, 15, 172, 0, 15, 57, 543 }, // U+20B1
    { 13, 21, 306, 3, 18, 69, 600 }, // U+20B2
    { 14, 16, 246, 1, 15, 56, 669 }, // U+20B4
    { 8, 14, 199, 3, 13, 28, 725 }, // U+20B5
    { 12, 15, 287, 3, 15, 45, 753 }, // U+20B8
    { 8, 13, 161, 1, 13, 26, 798 }, // U+20B9
    { 9, 13, 184, 1, 12, 30, 824 }, // U+20BA
    { 11, 13, 166, 0, 13, 36, 854 }, // U+20BC
    { 13, 15, 245, 0, 15, 49, 890 }, // U+20BD
    { 11, 11, 202, 1, 10, 31, 0 }, // U+2190
    { 11, 10, 203, 1, 10, 28, 31 }, // U+2191
    { 11, 11, 202, 1, 10, 31, 59 }, // U+2192
    { 11, 11, 203, 1, 11, 31, 90 }, // U+2193
    { 13, 9, 237, 1, 9, 30, 121 }, // U+2194
    { 9, 14, 175, 1, 14, 32, 151 }, // U+2195
    { 9, 9, 170, 1, 9, 21, 183 }, // U+2196
    { 9, 9, 170, 1, 9, 21, 204 }, // U+2197
    { 9, 9, 170, 1, 9, 21, 225 }, // U+2198
    { 9, 9, 170, 1, 9, 21, 246 }, // U+2199
    { 12, 11, 227, 1, 10, 33, 267 }, // U+21D0
    { 14, 12, 243, 1, 12, 42, 300 }, // U+21D1
    { 12, 11, 227, 1, 10, 33, 342 }, // U+21D2
    { 14, 12, 243, 1, 12, 42, 375 }, // U+21D3
    { 14, 11, 259, 1, 10, 39, 417 }, // U+21D4
    { 11, 14, 207, 1, 9, 39, 456 }, // U+21D5
    { 10, 15, 184, 1, 14, 38, 0 }, // U+2202
    { 17, 16, 305, 1, 15, 68, 38 }, // U+2205
    { 12, 13, 229, 1, 13, 39, 106 }, // U+2206
    { 10, 12, 197, 1, 12, 30, 145 }, // U+220F
    { 10, 12, 197, 1, 12, 30, 175 }, // U+2210
    { 8, 12, 160, 1, 12, 24, 205 }, // U+2211
    { 8, 3, 162, 1, 6, 6, 229 }, // U+2212
    { 14, 14, 248, 1, 13, 49, 235 }, // U+221A
    { 13, 8, 244, 1, 10, 26, 284 }, // U+221E
    { 14, 19, 229, 0, 15, 67, 310 }, // U+222B
    { 4, 10, 72, 0, 10, 10, 377 }, // U+2236
    { 10, 9, 207, 1, 9, 23, 387 }, // U+2248
    { 11, 14, 294, 4, 13, 39, 410 }, // U+2260
    { 13, 13, 230, 1, 12, 43, 449 }, // U+2264
    { 13, 13, 230, 1, 12, 43, 492 }, // U+2265
    { 12, 14, 264, 2, 14, 42, 0 }, // U+FB00
    { 10, 15, 233, 2, 15, 38, 42 }, // U+FB01
    { 12, 14, 266, 2, 14, 42, 80 }, // U+FB02
    { 16, 15, 342, 2, 15, 60, 122 }, // U+FB03
    { 18, 14, 363, 2, 14, 63, 182 }, // U+FB04
    { 17, 13, 327, 2, 13, 56, 245 }, // U+FB06
};

static const EpdUnicodeInterval opendyslexic_8_regularIntervals[] = {
    { 0x20, 0x7E, 0x0 },
    { 0xA0, 0xFF, 0x5F },
    { 0x100, 0x12B, 0xBF },
    { 0x12E, 0x17F, 0xEB },
    { 0x1A0, 0x1A1, 0x13D },
    { 0x1AF, 0x1B0, 0x13F },
    { 0x1C4, 0x1E1, 0x141 },
    { 0x1E3, 0x1EF, 0x15F },
    { 0x1F1, 0x1F5, 0x16C },
    { 0x1F8, 0x1FB, 0x171 },
    { 0x1FE, 0x1FF, 0x175 },
    { 0x218, 0x21B, 0x177 },
    { 0x21F, 0x21F, 0x17B },
    { 0x300, 0x30C, 0x17C },
    { 0x30F, 0x30F, 0x189 },
    { 0x312, 0x314, 0x18A },
    { 0x318, 0x320, 0x18D },
    { 0x323, 0x32A, 0x196 },
    { 0x32C, 0x32D, 0x19E },
    { 0x330, 0x332, 0x1A0 },
    { 0x334, 0x335, 0x1A3 },
    { 0x339, 0x33D, 0x1A5 },
    { 0x342, 0x344, 0x1AA },
    { 0x346, 0x34E, 0x1AD },
    { 0x35C, 0x35C, 0x1B6 },
    { 0x361, 0x362, 0x1B7 },
    { 0x400, 0x45F, 0x1B9 },
    { 0x462, 0x463, 0x219 },
    { 0x46A, 0x46B, 0x21B },
    { 0x472, 0x475, 0x21D },
    { 0x486, 0x486, 0x221 },
    { 0x490, 0x4F9, 0x222 },
    { 0x4FC, 0x4FD, 0x28C },
    { 0x1EA0, 0x1EF9, 0x28E },
    { 0x2000, 0x2027, 0x2E8 },
    { 0x202F, 0x2030, 0x310 },
    { 0x2032, 0x203F, 0x312 },
    { 0x2042, 0x2042, 0x320 },
    { 0x2044, 0x2044, 0x321 },
    { 0x2047, 0x2049, 0x322 },
    { 0x2052, 0x2052, 0x325 },
    { 0x205F, 0x205F, 0x326 },
    { 0x2070, 0x2070, 0x327 },
    { 0x2074, 0x2079, 0x328 },
    { 0x207F, 0x2089, 0x32E },
    { 0x208D, 0x208E, 0x339 },
    { 0x20A1, 0x20A2, 0x33B },
    { 0x20A4, 0x20A4, 0x33D },
    { 0x20A6, 0x20AC, 0x33E },
    { 0x20AE, 0x20AE, 0x345 },
    { 0x20B1, 0x20B2, 0x346 },
    { 0x20B4, 0x20B5, 0x348 },
    { 0x20B8, 0x20BA, 0x34A },
    { 0x20BC, 0x20BD, 0x34D },
    { 0x2190, 0x2199, 0x34F },
    { 0x21D0, 0x21D5, 0x359 },
    { 0x2202, 0x2202, 0x35F },
    { 0x2205, 0x2206, 0x360 },
    { 0x220F, 0x2212, 0x362 },
    { 0x221A, 0x221A, 0x366 },
    { 0x221E, 0x221E, 0x367 },
    { 0x222B, 0x222B, 0x368 },
    { 0x2236, 0x2236, 0x369 },
    { 0x2248, 0x2248, 0x36A },
    { 0x2260, 0x2260, 0x36B },
    { 0x2264, 0x2265, 0x36C },
    { 0xFB00, 0xFB04, 0x36E },
    { 0xFB06, 0xFB06, 0x373 },
};

static const EpdFontGroup opendyslexic_8_regularGroups[] = {
    { 0, 2073, 3525, 95, 0 },
    { 2073, 1930, 4316, 96, 95 },
    { 4003, 2586, 6823, 126, 191 },
    { 6589, 1828, 4449, 63, 317 },
    { 8417, 374, 511, 61, 380 },
    { 8791, 4290, 9298, 213, 441 },
    { 13081, 1801, 5976, 90, 654 },
    { 14882, 632, 1158, 63, 744 },
    { 15514, 233, 331, 20, 807 },
    { 15747, 668, 1021, 20, 827 },
    { 16415, 339, 563, 16, 847 },
    { 16754, 397, 613, 15, 863 },
    { 17151, 186, 324, 6, 878 },
};

static const EpdKernClassEntry opendyslexic_8_regularKernLeftClasses[] = {
    { 0x0021, 1 }, // !
    { 0x0022, 1 }, // "
    { 0x0023, 1 }, // #
    { 0x0027, 1 }, // '
    { 0x0028, 1 }, // (
    { 0x0029, 1 }, // )
    { 0x002A, 1 }, // *
    { 0x002C, 1 }, // ,
    { 0x002D, 1 }, // -
    { 0x002E, 1 }, // .
    { 0x002F, 1 }, // /
    { 0x003A, 1 }, // :
    { 0x003B, 1 }, // ;
    { 0x003F, 1 }, // ?
    { 0x005B, 1 }, // [
    { 0x005C, 1 }, // <backslash>
    { 0x005D, 1 }, // ]
    { 0x005F, 1 }, // _
    { 0x007B, 1 }, // {
    { 0x007D, 1 }, // }
    { 0x00A1, 1 }, // U+00A1
    { 0x00AB, 1 }, // U+00AB
    { 0x00AD, 1 }, // U+00AD
    { 0x00B7, 1 }, // U+00B7
    { 0x00BB, 1 }, // U+00BB
    { 0x00BF, 1 }, // U+00BF
    { 0x2010, 1 }, // U+2010
    { 0x2011, 1 }, // U+2011
    { 0x2012, 1 }, // U+2012
    { 0x2013, 1 }, // U+2013
    { 0x2014, 1 }, // U+2014
    { 0x2015, 1 }, // U+2015
    { 0x2016, 1 }, // U+2016
    { 0x2017, 1 }, // U+2017
    { 0x2018, 1 }, // U+2018
    { 0x2019, 1 }, // U+2019
    { 0x201A, 1 }, // U+201A
    { 0x201B, 1 }, // U+201B
    { 0x201C, 1 }, // U+201C
    { 0x201D, 1 }, // U+201D
    { 0x201E, 1 }, // U+201E
    { 0x201F, 1 }, // U+201F
    { 0x2022, 1 }, // U+2022
    { 0x2023, 1 }, // U+2023
    { 0x2024, 1 }, // U+2024
    { 0x2025, 1 }, // U+2025
    { 0x2026, 1 }, // U+2026
    { 0x2027, 1 }, // U+2027
    { 0x2034, 1 }, // U+2034
    { 0x2035, 1 }, // U+2035
    { 0x2036, 1 }, // U+2036
    { 0x2037, 1 }, // U+2037
    { 0x2038, 1 }, // U+2038
    { 0x2039, 1 }, // U+2039
    { 0x203A, 1 }, // U+203A
    { 0x203B, 1 }, // U+203B
    { 0x203C, 1 }, // U+203C
    { 0x203D, 1 }, // U+203D
    { 0x203E, 1 }, // U+203E
    { 0x203F, 1 }, // U+203F
    { 0x2042, 1 }, // U+2042
    { 0x2047, 1 }, // U+2047
    { 0x2048, 1 }, // U+2048
    { 0x2049, 1 }, // U+2049
    { 0x208D, 1 }, // U+208D
    { 0x208E, 1 }, // U+208E
};

static const EpdKernClassEntry opendyslexic_8_regularKernRightClasses[] = {
    { 0x0020, 1 }, // U+0020
};

static const int8_t opendyslexic_8_regularKernMatrix[] = {
      43,
};

static const EpdFontData opendyslexic_8_regular = {
    opendyslexic_8_regularBitmaps,
    opendyslexic_8_regularGlyphs,
    opendyslexic_8_regularIntervals,
    68,
    30,
    22,
    -9,
    true,
    opendyslexic_8_regularGroups,
    13,
    nullptr,
    opendyslexic_8_regularKernLeftClasses,
    opendyslexic_8_regularKernRightClasses,
    opendyslexic_8_regularKernMatrix,
    66,
    1,
    1,
    1,
    nullptr,
    0,
};
